event_type,avg_CAR20,avg_CAR60
guidance_initial,0.021979578463531,0.03186506448525813
guidance_upward_revision,0.018086055215368383,0.024262687535832793
