2026-04-16 15:58:08 | INFO | earnings_surprise_project | Pipeline start | RUN_MODE=test | period=20190101-20231231
2026-04-16 15:58:08 | WARNING | earnings_surprise_project | Tushare unavailable: [Errno 13] Permission denied: 'C:\\Users\\12510\\tk.csv'
2026-04-16 15:58:09 | INFO | earnings_surprise_project | Akshare client initialized.
2026-04-16 15:58:09 | ERROR | earnings_surprise_project | Akshare stock universe failed: HTTPSConnectionPool(host='query.sse.com.cn', port=443): Max retries exceeded with url: /sseQuery/commonQuery.do?STOCK_TYPE=1&REG_PROVINCE=&CSRC_CODE=&STOCK_CODE=&sqlId=COMMON_SSE_CP_GPJCTPZ_GPLB_GP_L&COMPANY_STATUS=2%2C4%2C5%2C7%2C8&type=inParams&isPagination=true&pageHelp.cacheSize=1&pageHelp.beginPage=1&pageHelp.pageSize=10000&pageHelp.pageNo=1&pageHelp.endPage=1 (Caused by NewConnectionError('<urllib3.connection.HTTPSConnection object at 0x0000017847D80D70>: Failed to establish a new connection: [WinError 10013] 以一种访问权限不允许的方式做了一个访问套接字的尝试。'))
2026-04-16 15:58:09 | ERROR | earnings_surprise_project | No data source available for stock universe.
2026-04-16 15:58:09 | WARNING | earnings_surprise_project | Akshare market fallback failed: HTTPSConnectionPool(host='push2his.eastmoney.com', port=443): Max retries exceeded with url: /api/qt/stock/kline/get?secid=1.000300&fields1=f1%2Cf2%2Cf3%2Cf4%2Cf5&fields2=f51%2Cf52%2Cf53%2Cf54%2Cf55%2Cf56%2Cf57%2Cf58&klt=101&fqt=0&beg=19900101&end=20500101 (Caused by NewConnectionError('<urllib3.connection.HTTPSConnection object at 0x000001784779B750>: Failed to establish a new connection: [WinError 10013] 以一种访问权限不允许的方式做了一个访问套接字的尝试。'))
2026-04-16 15:58:09 | ERROR | earnings_surprise_project | Market index collection failed.
2026-04-16 15:58:09 | INFO | earnings_surprise_project | stocks rows=0 cols=6
2026-04-16 15:58:09 | INFO | earnings_surprise_project | earnings_raw rows=0 cols=0
2026-04-16 15:58:09 | INFO | earnings_surprise_project | prices_raw rows=0 cols=0
2026-04-16 15:58:09 | INFO | earnings_surprise_project | market_raw rows=0 cols=4
2026-04-16 15:58:09 | INFO | earnings_surprise_project | daily_basic_raw rows=0 cols=0
2026-04-16 15:58:09 | INFO | earnings_surprise_project | cross_check rows=0 cols=0
2026-04-16 15:58:09 | INFO | earnings_surprise_project | events_with_es rows=0 cols=0
2026-04-16 15:58:09 | INFO | earnings_surprise_project | event_level rows=0 cols=0
2026-04-16 15:58:09 | INFO | earnings_surprise_project | event_paths rows=0 cols=0
2026-04-16 15:58:13 | INFO | earnings_surprise_project | descriptive_table rows=0 cols=0
2026-04-16 15:58:13 | INFO | earnings_surprise_project | regression_table rows=0 cols=0
2026-04-16 15:58:13 | INFO | earnings_surprise_project | Pipeline complete.
2026-04-16 15:58:35 | INFO | earnings_surprise_project | Pipeline start | RUN_MODE=test | period=20190101-20231231
2026-04-16 15:58:35 | INFO | earnings_surprise_project | Tushare client initialized.
2026-04-16 15:58:36 | INFO | earnings_surprise_project | Akshare client initialized.
2026-04-16 15:58:36 | INFO | earnings_surprise_project | Stock universe from Tushare: 30 rows
2026-04-16 15:58:46 | INFO | earnings_surprise_project | Earnings records collected: 922 rows
2026-04-16 15:59:00 | INFO | earnings_surprise_project | Stock daily prices collected: 35924 rows
2026-04-16 15:59:00 | INFO | earnings_surprise_project | Market index from Tushare: 1214 rows
2026-04-16 15:59:11 | INFO | earnings_surprise_project | Daily basic data collected: 35924 rows
2026-04-16 15:59:15 | WARNING | earnings_surprise_project | Cross-check failed for 000006.SZ: ('Connection aborted.', RemoteDisconnected('Remote end closed connection without response'))
2026-04-16 15:59:16 | WARNING | earnings_surprise_project | Cross-check failed for 000007.SZ: ('Connection aborted.', RemoteDisconnected('Remote end closed connection without response'))
2026-04-16 15:59:16 | INFO | earnings_surprise_project | Cross-check rows: 3629
2026-04-16 15:59:16 | INFO | earnings_surprise_project | stocks rows=30 cols=6
2026-04-16 15:59:16 | INFO | earnings_surprise_project | earnings_raw rows=922 cols=7
2026-04-16 15:59:16 | INFO | earnings_surprise_project | prices_raw rows=35924 cols=9
2026-04-16 15:59:16 | INFO | earnings_surprise_project | market_raw rows=1214 cols=4
2026-04-16 15:59:16 | INFO | earnings_surprise_project | daily_basic_raw rows=35924 cols=5
2026-04-16 15:59:16 | INFO | earnings_surprise_project | cross_check rows=3629 cols=6
2026-04-16 15:59:16 | INFO | earnings_surprise_project | events_with_es rows=447 cols=11
2026-04-16 15:59:22 | INFO | earnings_surprise_project | Final event-level rows: 417
2026-04-16 15:59:22 | INFO | earnings_surprise_project | event_level rows=417 cols=17
2026-04-16 15:59:22 | INFO | earnings_surprise_project | event_paths rows=25020 cols=5
2026-04-16 15:59:23 | INFO | earnings_surprise_project | descriptive_table rows=7 cols=9
2026-04-16 15:59:23 | INFO | earnings_surprise_project | regression_table rows=15 cols=7
2026-04-16 15:59:25 | INFO | earnings_surprise_project | Pipeline complete.
2026-04-16 16:06:15 | INFO | earnings_surprise_project | Pipeline start | RUN_MODE=test | period=20190101-20260416
2026-04-16 16:06:15 | INFO | earnings_surprise_project | Tushare client initialized.
2026-04-16 16:06:15 | INFO | earnings_surprise_project | Akshare client initialized.
2026-04-16 16:06:16 | INFO | earnings_surprise_project | Stock universe from Tushare: 120 rows
2026-04-16 16:07:05 | INFO | earnings_surprise_project | Earnings records collected: 4923 rows
2026-04-16 16:08:00 | INFO | earnings_surprise_project | Stock daily prices collected: 211013 rows
2026-04-16 16:08:01 | INFO | earnings_surprise_project | Market index from Tushare: 1766 rows
2026-04-16 16:08:54 | INFO | earnings_surprise_project | Daily basic data collected: 211013 rows
2026-04-16 16:08:56 | WARNING | earnings_surprise_project | Cross-check failed for 000001.SZ: ('Connection aborted.', RemoteDisconnected('Remote end closed connection without response'))
2026-04-16 16:08:58 | WARNING | earnings_surprise_project | Cross-check failed for 000002.SZ: ('Connection aborted.', RemoteDisconnected('Remote end closed connection without response'))
2026-04-16 16:08:59 | WARNING | earnings_surprise_project | Cross-check failed for 000004.SZ: ('Connection aborted.', RemoteDisconnected('Remote end closed connection without response'))
2026-04-16 16:09:01 | WARNING | earnings_surprise_project | Cross-check failed for 000006.SZ: ('Connection aborted.', RemoteDisconnected('Remote end closed connection without response'))
2026-04-16 16:09:03 | WARNING | earnings_surprise_project | Cross-check failed for 000007.SZ: ('Connection aborted.', RemoteDisconnected('Remote end closed connection without response'))
2026-04-16 16:09:04 | INFO | earnings_surprise_project | stocks rows=120 cols=6
2026-04-16 16:09:04 | INFO | earnings_surprise_project | earnings_raw rows=4923 cols=7
2026-04-16 16:09:04 | INFO | earnings_surprise_project | prices_raw rows=211013 cols=9
2026-04-16 16:09:04 | INFO | earnings_surprise_project | market_raw rows=1766 cols=4
2026-04-16 16:09:04 | INFO | earnings_surprise_project | daily_basic_raw rows=211013 cols=5
2026-04-16 16:09:04 | INFO | earnings_surprise_project | cross_check rows=0 cols=0
2026-04-16 16:09:04 | INFO | earnings_surprise_project | events_with_es rows=2714 cols=15
2026-04-16 16:10:05 | INFO | earnings_surprise_project | Final event-level rows: 2660
2026-04-16 16:10:05 | INFO | earnings_surprise_project | Selected spec=small_mid_esw, signal=earnings_surprise_w, score=0.000, n=1328
2026-04-16 16:10:06 | INFO | earnings_surprise_project | event_level rows=1328 cols=25
2026-04-16 16:10:06 | INFO | earnings_surprise_project | event_level_raw rows=2660 cols=17
2026-04-16 16:10:06 | INFO | earnings_surprise_project | event_paths rows=79680 cols=5
2026-04-16 16:10:06 | INFO | earnings_surprise_project | spec_table rows=6 cols=5
2026-04-16 16:10:06 | INFO | earnings_surprise_project | descriptive_table rows=7 cols=9
2026-04-16 16:10:06 | INFO | earnings_surprise_project | regression_table rows=15 cols=8
2026-04-16 16:10:07 | INFO | earnings_surprise_project | Pipeline complete.
2026-04-16 16:11:48 | INFO | earnings_surprise_project | Pipeline start | RUN_MODE=full | period=20140101-20260416
2026-04-16 16:11:48 | INFO | earnings_surprise_project | Tushare client initialized.
2026-04-16 16:11:48 | INFO | earnings_surprise_project | Akshare client initialized.
2026-04-16 16:11:49 | INFO | earnings_surprise_project | Stock universe from Tushare: 800 rows
2026-04-16 16:16:10 | INFO | earnings_surprise_project | Earnings records collected: 45677 rows
2026-04-16 16:23:14 | INFO | earnings_surprise_project | Stock daily prices collected: 2065023 rows
2026-04-16 16:23:15 | INFO | earnings_surprise_project | Market index from Tushare: 2986 rows
2026-04-16 16:29:19 | INFO | earnings_surprise_project | Daily basic data collected: 2065023 rows
2026-04-16 16:29:21 | WARNING | earnings_surprise_project | Cross-check failed for 000001.SZ: ('Connection aborted.', RemoteDisconnected('Remote end closed connection without response'))
2026-04-16 16:29:22 | WARNING | earnings_surprise_project | Cross-check failed for 000002.SZ: ('Connection aborted.', RemoteDisconnected('Remote end closed connection without response'))
2026-04-16 16:29:24 | WARNING | earnings_surprise_project | Cross-check failed for 000004.SZ: ('Connection aborted.', RemoteDisconnected('Remote end closed connection without response'))
2026-04-16 16:29:25 | WARNING | earnings_surprise_project | Cross-check failed for 000006.SZ: ('Connection aborted.', RemoteDisconnected('Remote end closed connection without response'))
2026-04-16 16:29:27 | WARNING | earnings_surprise_project | Cross-check failed for 000007.SZ: ('Connection aborted.', RemoteDisconnected('Remote end closed connection without response'))
2026-04-16 16:29:40 | INFO | earnings_surprise_project | stocks rows=800 cols=6
2026-04-16 16:29:40 | INFO | earnings_surprise_project | earnings_raw rows=45677 cols=7
2026-04-16 16:29:40 | INFO | earnings_surprise_project | prices_raw rows=2065023 cols=9
2026-04-16 16:29:40 | INFO | earnings_surprise_project | market_raw rows=2986 cols=4
2026-04-16 16:29:40 | INFO | earnings_surprise_project | daily_basic_raw rows=2065023 cols=5
2026-04-16 16:29:40 | INFO | earnings_surprise_project | cross_check rows=0 cols=0
2026-04-16 16:29:41 | INFO | earnings_surprise_project | events_with_es rows=29478 cols=15
2026-04-16 16:42:14 | INFO | earnings_surprise_project | Pipeline start | RUN_MODE=full | period=20140101-20260416
2026-04-16 16:42:14 | INFO | earnings_surprise_project | Tushare client initialized.
2026-04-16 16:42:14 | INFO | earnings_surprise_project | Akshare client initialized.
2026-04-16 16:42:15 | INFO | earnings_surprise_project | Stock universe from Tushare: 300 rows
2026-04-16 16:43:58 | INFO | earnings_surprise_project | Earnings records collected: 18578 rows
2026-04-16 16:46:47 | INFO | earnings_surprise_project | Stock daily prices collected: 858497 rows
2026-04-16 16:46:48 | INFO | earnings_surprise_project | Market index from Tushare: 2986 rows
2026-04-16 16:49:05 | INFO | earnings_surprise_project | Daily basic data collected: 858497 rows
2026-04-16 16:49:06 | WARNING | earnings_surprise_project | Cross-check failed for 000001.SZ: ('Connection aborted.', RemoteDisconnected('Remote end closed connection without response'))
2026-04-16 16:49:08 | WARNING | earnings_surprise_project | Cross-check failed for 000002.SZ: ('Connection aborted.', RemoteDisconnected('Remote end closed connection without response'))
2026-04-16 16:49:09 | WARNING | earnings_surprise_project | Cross-check failed for 000004.SZ: ('Connection aborted.', RemoteDisconnected('Remote end closed connection without response'))
2026-04-16 16:49:11 | WARNING | earnings_surprise_project | Cross-check failed for 000006.SZ: ('Connection aborted.', RemoteDisconnected('Remote end closed connection without response'))
2026-04-16 16:49:12 | WARNING | earnings_surprise_project | Cross-check failed for 000007.SZ: ('Connection aborted.', RemoteDisconnected('Remote end closed connection without response'))
2026-04-16 16:49:18 | INFO | earnings_surprise_project | stocks rows=300 cols=6
2026-04-16 16:49:18 | INFO | earnings_surprise_project | earnings_raw rows=18578 cols=7
2026-04-16 16:49:18 | INFO | earnings_surprise_project | prices_raw rows=858497 cols=9
2026-04-16 16:49:18 | INFO | earnings_surprise_project | market_raw rows=2986 cols=4
2026-04-16 16:49:18 | INFO | earnings_surprise_project | daily_basic_raw rows=858497 cols=5
2026-04-16 16:49:18 | INFO | earnings_surprise_project | cross_check rows=0 cols=0
2026-04-16 16:49:18 | INFO | earnings_surprise_project | events_with_es rows=12311 cols=15
2026-04-16 16:56:29 | INFO | earnings_surprise_project | Pipeline start | RUN_MODE=test | period=20190101-20260416
2026-04-16 16:56:30 | INFO | earnings_surprise_project | Tushare client initialized.
2026-04-16 16:56:30 | INFO | earnings_surprise_project | Akshare client initialized.
2026-04-16 16:56:31 | INFO | earnings_surprise_project | Stock universe from Tushare: 120 rows
2026-04-16 16:56:36 | INFO | earnings_surprise_project | Earnings records collected: 4923 rows
2026-04-16 16:56:44 | INFO | earnings_surprise_project | Stock daily prices collected: 211013 rows
2026-04-16 16:56:44 | INFO | earnings_surprise_project | Market index from Tushare: 1766 rows
2026-04-16 16:56:51 | INFO | earnings_surprise_project | Daily basic data collected: 211013 rows
2026-04-16 16:56:53 | INFO | earnings_surprise_project | stocks rows=120 cols=6
2026-04-16 16:56:53 | INFO | earnings_surprise_project | earnings_raw rows=4923 cols=7
2026-04-16 16:56:53 | INFO | earnings_surprise_project | prices_raw rows=211013 cols=9
2026-04-16 16:56:53 | INFO | earnings_surprise_project | market_raw rows=1766 cols=4
2026-04-16 16:56:53 | INFO | earnings_surprise_project | daily_basic_raw rows=211013 cols=5
2026-04-16 16:56:53 | INFO | earnings_surprise_project | cross_check rows=0 cols=0
2026-04-16 16:56:53 | INFO | earnings_surprise_project | events_with_es rows=2714 cols=15
2026-04-16 16:57:59 | INFO | earnings_surprise_project | Final event-level rows: 2660
2026-04-16 16:58:01 | INFO | earnings_surprise_project | Selected spec=small_mid_esw, signal=earnings_surprise_w, score=0.000, n=1328
2026-04-16 16:58:01 | INFO | earnings_surprise_project | event_level rows=1328 cols=25
2026-04-16 16:58:01 | INFO | earnings_surprise_project | event_level_raw rows=2660 cols=17
2026-04-16 16:58:01 | INFO | earnings_surprise_project | event_paths rows=79680 cols=5
2026-04-16 16:58:01 | INFO | earnings_surprise_project | spec_table rows=6 cols=5
2026-04-16 16:58:01 | INFO | earnings_surprise_project | descriptive_table rows=7 cols=9
2026-04-16 16:58:01 | INFO | earnings_surprise_project | regression_table rows=15 cols=8
2026-04-16 16:58:02 | INFO | earnings_surprise_project | Pipeline complete.
2026-04-16 16:58:07 | INFO | earnings_surprise_project | Pipeline start | RUN_MODE=test | period=20190101-20260416
2026-04-16 16:58:07 | INFO | earnings_surprise_project | Tushare client initialized.
2026-04-16 16:58:08 | INFO | earnings_surprise_project | Akshare client initialized.
2026-04-16 16:58:10 | INFO | earnings_surprise_project | Stock universe from Tushare: 120 rows
2026-04-16 16:58:10 | INFO | earnings_surprise_project | Earnings records collected: 4923 rows
2026-04-16 16:58:10 | INFO | earnings_surprise_project | Stock daily prices collected: 211013 rows
2026-04-16 16:58:10 | INFO | earnings_surprise_project | Daily basic data collected: 211013 rows
2026-04-16 16:58:12 | INFO | earnings_surprise_project | stocks rows=120 cols=6
2026-04-16 16:58:12 | INFO | earnings_surprise_project | earnings_raw rows=4923 cols=7
2026-04-16 16:58:12 | INFO | earnings_surprise_project | prices_raw rows=211013 cols=9
2026-04-16 16:58:12 | INFO | earnings_surprise_project | market_raw rows=1766 cols=4
2026-04-16 16:58:12 | INFO | earnings_surprise_project | daily_basic_raw rows=211013 cols=5
2026-04-16 16:58:12 | INFO | earnings_surprise_project | cross_check rows=0 cols=0
2026-04-16 16:58:12 | INFO | earnings_surprise_project | events_with_es rows=2714 cols=15
2026-04-16 16:58:33 | WARNING | earnings_surprise_project | Event-level dataset is empty after event-study filtering.
2026-04-16 16:58:33 | INFO | earnings_surprise_project | event_level rows=0 cols=0
2026-04-16 16:58:33 | INFO | earnings_surprise_project | event_level_raw rows=0 cols=0
2026-04-16 16:58:33 | INFO | earnings_surprise_project | event_paths rows=0 cols=0
2026-04-16 16:58:33 | INFO | earnings_surprise_project | spec_table rows=0 cols=0
2026-04-16 16:58:33 | INFO | earnings_surprise_project | descriptive_table rows=0 cols=0
2026-04-16 16:58:33 | INFO | earnings_surprise_project | regression_table rows=0 cols=0
2026-04-16 16:58:33 | INFO | earnings_surprise_project | Pipeline complete.
2026-04-16 16:59:03 | INFO | earnings_surprise_project | Pipeline start | RUN_MODE=test | period=20190101-20260416
2026-04-16 16:59:03 | INFO | earnings_surprise_project | Tushare client initialized.
2026-04-16 16:59:04 | INFO | earnings_surprise_project | Akshare client initialized.
2026-04-16 16:59:04 | INFO | earnings_surprise_project | Stock universe from Tushare: 120 rows
2026-04-16 16:59:04 | INFO | earnings_surprise_project | Earnings records collected: 4923 rows
2026-04-16 16:59:05 | INFO | earnings_surprise_project | Stock daily prices collected: 211013 rows
2026-04-16 16:59:05 | INFO | earnings_surprise_project | Daily basic data collected: 211013 rows
2026-04-16 16:59:06 | INFO | earnings_surprise_project | stocks rows=120 cols=6
2026-04-16 16:59:06 | INFO | earnings_surprise_project | earnings_raw rows=4923 cols=7
2026-04-16 16:59:06 | INFO | earnings_surprise_project | prices_raw rows=211013 cols=9
2026-04-16 16:59:06 | INFO | earnings_surprise_project | market_raw rows=1766 cols=4
2026-04-16 16:59:06 | INFO | earnings_surprise_project | daily_basic_raw rows=211013 cols=5
2026-04-16 16:59:06 | INFO | earnings_surprise_project | cross_check rows=0 cols=0
2026-04-16 16:59:06 | INFO | earnings_surprise_project | events_with_es rows=2714 cols=15
2026-04-16 16:59:51 | INFO | earnings_surprise_project | Final event-level rows: 2660
2026-04-16 16:59:52 | INFO | earnings_surprise_project | Selected spec=small_mid_rank, signal=es_rank_q, score=-0.380, n=1332
2026-04-16 16:59:52 | INFO | earnings_surprise_project | event_level rows=1332 cols=25
2026-04-16 16:59:52 | INFO | earnings_surprise_project | event_level_raw rows=2660 cols=17
2026-04-16 16:59:52 | INFO | earnings_surprise_project | event_paths rows=79920 cols=5
2026-04-16 16:59:52 | INFO | earnings_surprise_project | spec_table rows=6 cols=5
2026-04-16 16:59:52 | INFO | earnings_surprise_project | descriptive_table rows=7 cols=9
2026-04-16 16:59:52 | INFO | earnings_surprise_project | regression_table rows=15 cols=8
2026-04-16 16:59:53 | INFO | earnings_surprise_project | Pipeline complete.
2026-04-16 17:03:34 | INFO | earnings_surprise_project | Final event-level rows: 12198
2026-04-16 17:03:36 | INFO | earnings_surprise_project | Selected spec=all_sample_rank, signal=es_rank_q, score=5.449, n=12198
2026-04-16 17:03:38 | INFO | earnings_surprise_project | event_level rows=12198 cols=25
2026-04-16 17:03:38 | INFO | earnings_surprise_project | event_level_raw rows=12198 cols=17
2026-04-16 17:03:38 | INFO | earnings_surprise_project | event_paths rows=731880 cols=5
2026-04-16 17:03:38 | INFO | earnings_surprise_project | spec_table rows=6 cols=5
2026-04-16 17:03:39 | INFO | earnings_surprise_project | descriptive_table rows=7 cols=9
2026-04-16 17:03:39 | INFO | earnings_surprise_project | regression_table rows=15 cols=8
2026-04-16 17:03:40 | INFO | earnings_surprise_project | Pipeline complete.
2026-04-16 17:13:07 | INFO | earnings_surprise_project | Guidance-design pipeline start | RUN_MODE=test | period=20200101-20260416
2026-04-16 17:13:07 | INFO | earnings_surprise_project | Tushare client initialized.
2026-04-16 17:13:08 | INFO | earnings_surprise_project | Akshare client initialized.
2026-04-16 17:13:08 | INFO | earnings_surprise_project | Stock universe from Tushare: 120 rows
2026-04-16 17:13:13 | INFO | earnings_surprise_project | Guidance rows collected: 2015
2026-04-16 17:13:13 | INFO | earnings_surprise_project | Stock daily prices collected: 211013 rows
2026-04-16 17:13:14 | INFO | earnings_surprise_project | Market index from Tushare: 1522 rows
2026-04-16 17:13:14 | INFO | earnings_surprise_project | Daily basic data collected: 211013 rows
2026-04-16 17:13:16 | INFO | earnings_surprise_project | Guidance events constructed: 1158 rows
2026-04-16 17:13:31 | INFO | earnings_surprise_project | Core outputs saved.
2026-04-16 17:13:31 | INFO | earnings_surprise_project | Guidance-design pipeline complete.
2026-04-16 17:14:12 | INFO | earnings_surprise_project | Guidance-design pipeline start | RUN_MODE=test | period=20200101-20260416
2026-04-16 17:14:13 | INFO | earnings_surprise_project | Tushare client initialized.
2026-04-16 17:14:13 | INFO | earnings_surprise_project | Akshare client initialized.
2026-04-16 17:14:14 | INFO | earnings_surprise_project | Stock universe from Tushare: 120 rows
2026-04-16 17:14:14 | INFO | earnings_surprise_project | Guidance rows collected: 2015
2026-04-16 17:14:14 | INFO | earnings_surprise_project | Stock daily prices collected: 211013 rows
2026-04-16 17:14:15 | INFO | earnings_surprise_project | Daily basic data collected: 211013 rows
2026-04-16 17:14:17 | INFO | earnings_surprise_project | Guidance events constructed: 1158 rows
2026-04-16 17:14:32 | INFO | earnings_surprise_project | Core outputs saved.
2026-04-16 17:14:32 | INFO | earnings_surprise_project | Guidance-design pipeline complete.
2026-04-16 17:19:57 | INFO | earnings_surprise_project | Guidance-design pipeline start | RUN_MODE=test | period=20200101-20260416
2026-04-16 17:19:57 | INFO | earnings_surprise_project | Tushare client initialized.
2026-04-16 17:19:57 | INFO | earnings_surprise_project | Akshare client initialized.
2026-04-16 17:19:58 | INFO | earnings_surprise_project | Stock universe from Tushare: 120 rows
2026-04-16 17:19:58 | INFO | earnings_surprise_project | Guidance rows collected: 2015
2026-04-16 17:19:59 | INFO | earnings_surprise_project | Stock daily prices collected: 211013 rows
2026-04-16 17:19:59 | INFO | earnings_surprise_project | Daily basic data collected: 211013 rows
2026-04-16 17:20:01 | INFO | earnings_surprise_project | Guidance events constructed: 1158 rows
2026-04-16 17:20:18 | INFO | earnings_surprise_project | Core outputs saved.
2026-04-16 17:20:18 | INFO | earnings_surprise_project | Guidance-design pipeline complete.
2026-04-16 17:26:48 | INFO | earnings_surprise_project | Guidance-design pipeline start | RUN_MODE=test | period=20200101-20260416
2026-04-16 17:26:48 | INFO | earnings_surprise_project | Tushare client initialized.
2026-04-16 17:26:48 | INFO | earnings_surprise_project | Akshare client initialized.
2026-04-16 17:26:49 | INFO | earnings_surprise_project | Stock universe from Tushare: 120 rows
2026-04-16 17:26:50 | INFO | earnings_surprise_project | Guidance rows collected: 2015
2026-04-16 17:26:50 | INFO | earnings_surprise_project | Stock daily prices collected: 211013 rows
2026-04-16 17:26:50 | INFO | earnings_surprise_project | Daily basic data collected: 211013 rows
2026-04-16 17:26:53 | INFO | earnings_surprise_project | Guidance events constructed: 1158 rows
2026-04-16 17:27:10 | INFO | earnings_surprise_project | Core outputs saved.
2026-04-16 17:27:10 | INFO | earnings_surprise_project | Guidance-design pipeline complete.
2026-04-16 17:27:47 | INFO | earnings_surprise_project | Guidance-design pipeline start | RUN_MODE=test | period=20200101-20260416
2026-04-16 17:27:47 | INFO | earnings_surprise_project | Tushare client initialized.
2026-04-16 17:27:48 | INFO | earnings_surprise_project | Akshare client initialized.
2026-04-16 17:27:48 | INFO | earnings_surprise_project | Stock universe from Tushare: 120 rows
2026-04-16 17:27:49 | INFO | earnings_surprise_project | Guidance rows collected: 2015
2026-04-16 17:27:49 | INFO | earnings_surprise_project | Stock daily prices collected: 211013 rows
2026-04-16 17:27:50 | INFO | earnings_surprise_project | Daily basic data collected: 211013 rows
2026-04-16 17:27:52 | INFO | earnings_surprise_project | Guidance events constructed: 1158 rows
2026-04-16 17:28:09 | INFO | earnings_surprise_project | Core outputs saved.
2026-04-16 17:28:09 | INFO | earnings_surprise_project | Guidance-design pipeline complete.
2026-04-16 17:33:20 | INFO | earnings_surprise_project | Guidance-design pipeline start | RUN_MODE=test | period=20200101-20260416
2026-04-16 17:33:20 | INFO | earnings_surprise_project | Tushare client initialized.
2026-04-16 17:33:20 | INFO | earnings_surprise_project | Akshare client initialized.
2026-04-16 17:33:21 | INFO | earnings_surprise_project | Stock universe from Tushare: 120 rows
2026-04-16 17:33:21 | INFO | earnings_surprise_project | Guidance rows collected: 2015
2026-04-16 17:33:22 | INFO | earnings_surprise_project | Stock daily prices collected: 211013 rows
2026-04-16 17:33:22 | INFO | earnings_surprise_project | Daily basic data collected: 211013 rows
2026-04-16 17:33:24 | INFO | earnings_surprise_project | Guidance events constructed: 1158 rows
2026-04-16 17:33:39 | INFO | earnings_surprise_project | Core outputs saved.
2026-04-16 17:33:39 | INFO | earnings_surprise_project | Guidance-design pipeline complete.
2026-04-16 17:39:13 | INFO | earnings_surprise_project | Guidance-design pipeline start | RUN_MODE=test | period=20200101-20260416
2026-04-16 17:39:14 | INFO | earnings_surprise_project | Tushare client initialized.
2026-04-16 17:39:14 | INFO | earnings_surprise_project | Akshare client initialized.
2026-04-16 17:39:15 | INFO | earnings_surprise_project | Stock universe from Tushare: 800 rows
2026-04-16 17:39:23 | WARNING | earnings_surprise_project | forecast 000856.SZ failed after retries: 抱歉，您每分钟最多访问该接口200次，权限的具体详情访问：https://tushare.pro/document/1?doc_id=108。
2026-04-16 17:39:23 | WARNING | earnings_surprise_project | forecast 000859.SZ failed after retries: 抱歉，您每分钟最多访问该接口200次，权限的具体详情访问：https://tushare.pro/document/1?doc_id=108。
2026-04-16 17:39:23 | WARNING | earnings_surprise_project | forecast 000839.SZ failed after retries: 抱歉，您每分钟最多访问该接口200次，权限的具体详情访问：https://tushare.pro/document/1?doc_id=108。
2026-04-16 17:39:23 | WARNING | earnings_surprise_project | forecast 000858.SZ failed after retries: 抱歉，您每分钟最多访问该接口200次，权限的具体详情访问：https://tushare.pro/document/1?doc_id=108。
2026-04-16 17:39:23 | WARNING | earnings_surprise_project | forecast 000860.SZ failed after retries: 抱歉，您每分钟最多访问该接口200次，权限的具体详情访问：https://tushare.pro/document/1?doc_id=108。
2026-04-16 17:39:23 | WARNING | earnings_surprise_project | forecast 000862.SZ failed after retries: 抱歉，您每分钟最多访问该接口200次，权限的具体详情访问：https://tushare.pro/document/1?doc_id=108。
2026-04-16 17:39:23 | WARNING | earnings_surprise_project | forecast 000869.SZ failed after retries: 抱歉，您每分钟最多访问该接口200次，权限的具体详情访问：https://tushare.pro/document/1?doc_id=108。
2026-04-16 17:39:23 | WARNING | earnings_surprise_project | forecast 000868.SZ failed after retries: 抱歉，您每分钟最多访问该接口200次，权限的具体详情访问：https://tushare.pro/document/1?doc_id=108。
2026-04-16 17:39:23 | WARNING | earnings_surprise_project | forecast 000863.SZ failed after retries: 抱歉，您每分钟最多访问该接口200次，权限的具体详情访问：https://tushare.pro/document/1?doc_id=108。
2026-04-16 17:39:23 | WARNING | earnings_surprise_project | forecast 000875.SZ failed after retries: 抱歉，您每分钟最多访问该接口200次，权限的具体详情访问：https://tushare.pro/document/1?doc_id=108。
2026-04-16 17:39:23 | WARNING | earnings_surprise_project | forecast 000876.SZ failed after retries: 抱歉，您每分钟最多访问该接口200次，权限的具体详情访问：https://tushare.pro/document/1?doc_id=108。
2026-04-16 17:39:23 | WARNING | earnings_surprise_project | forecast 000877.SZ failed after retries: 抱歉，您每分钟最多访问该接口200次，权限的具体详情访问：https://tushare.pro/document/1?doc_id=108。
2026-04-16 17:39:26 | WARNING | earnings_surprise_project | forecast 000881.SZ failed after retries: 抱歉，您每分钟最多访问该接口200次，权限的具体详情访问：https://tushare.pro/document/1?doc_id=108。
2026-04-16 17:39:26 | WARNING | earnings_surprise_project | forecast 000882.SZ failed after retries: 抱歉，您每分钟最多访问该接口200次，权限的具体详情访问：https://tushare.pro/document/1?doc_id=108。
2026-04-16 17:39:26 | WARNING | earnings_surprise_project | forecast 000878.SZ failed after retries: 抱歉，您每分钟最多访问该接口200次，权限的具体详情访问：https://tushare.pro/document/1?doc_id=108。
2026-04-16 17:39:26 | WARNING | earnings_surprise_project | forecast 000880.SZ failed after retries: 抱歉，您每分钟最多访问该接口200次，权限的具体详情访问：https://tushare.pro/document/1?doc_id=108。
2026-04-16 17:39:26 | WARNING | earnings_surprise_project | forecast 000883.SZ failed after retries: 抱歉，您每分钟最多访问该接口200次，权限的具体详情访问：https://tushare.pro/document/1?doc_id=108。
2026-04-16 17:39:26 | WARNING | earnings_surprise_project | forecast 000885.SZ failed after retries: 抱歉，您每分钟最多访问该接口200次，权限的具体详情访问：https://tushare.pro/document/1?doc_id=108。
2026-04-16 17:39:26 | WARNING | earnings_surprise_project | forecast 000887.SZ failed after retries: 抱歉，您每分钟最多访问该接口200次，权限的具体详情访问：https://tushare.pro/document/1?doc_id=108。
2026-04-16 17:39:26 | WARNING | earnings_surprise_project | forecast 000886.SZ failed after retries: 抱歉，您每分钟最多访问该接口200次，权限的具体详情访问：https://tushare.pro/document/1?doc_id=108。
2026-04-16 17:39:26 | WARNING | earnings_surprise_project | forecast 000888.SZ failed after retries: 抱歉，您每分钟最多访问该接口200次，权限的具体详情访问：https://tushare.pro/document/1?doc_id=108。
2026-04-16 17:39:26 | WARNING | earnings_surprise_project | forecast 000889.SZ failed after retries: 抱歉，您每分钟最多访问该接口200次，权限的具体详情访问：https://tushare.pro/document/1?doc_id=108。
2026-04-16 17:39:26 | WARNING | earnings_surprise_project | forecast 000892.SZ failed after retries: 抱歉，您每分钟最多访问该接口200次，权限的具体详情访问：https://tushare.pro/document/1?doc_id=108。
2026-04-16 17:39:26 | WARNING | earnings_surprise_project | forecast 000890.SZ failed after retries: 抱歉，您每分钟最多访问该接口200次，权限的具体详情访问：https://tushare.pro/document/1?doc_id=108。
2026-04-16 17:39:30 | WARNING | earnings_surprise_project | forecast 000899.SZ failed after retries: 抱歉，您每分钟最多访问该接口200次，权限的具体详情访问：https://tushare.pro/document/1?doc_id=108。
2026-04-16 17:39:30 | WARNING | earnings_surprise_project | forecast 000897.SZ failed after retries: 抱歉，您每分钟最多访问该接口200次，权限的具体详情访问：https://tushare.pro/document/1?doc_id=108。
2026-04-16 17:39:30 | WARNING | earnings_surprise_project | forecast 000901.SZ failed after retries: 抱歉，您每分钟最多访问该接口200次，权限的具体详情访问：https://tushare.pro/document/1?doc_id=108。
2026-04-16 17:39:30 | WARNING | earnings_surprise_project | forecast 000900.SZ failed after retries: 抱歉，您每分钟最多访问该接口200次，权限的具体详情访问：https://tushare.pro/document/1?doc_id=108。
2026-04-16 17:39:30 | WARNING | earnings_surprise_project | forecast 000895.SZ failed after retries: 抱歉，您每分钟最多访问该接口200次，权限的具体详情访问：https://tushare.pro/document/1?doc_id=108。
2026-04-16 17:39:30 | WARNING | earnings_surprise_project | forecast 000905.SZ failed after retries: 抱歉，您每分钟最多访问该接口200次，权限的具体详情访问：https://tushare.pro/document/1?doc_id=108。
2026-04-16 17:39:30 | WARNING | earnings_surprise_project | forecast 000902.SZ failed after retries: 抱歉，您每分钟最多访问该接口200次，权限的具体详情访问：https://tushare.pro/document/1?doc_id=108。
2026-04-16 17:39:30 | WARNING | earnings_surprise_project | forecast 000906.SZ failed after retries: 抱歉，您每分钟最多访问该接口200次，权限的具体详情访问：https://tushare.pro/document/1?doc_id=108。
2026-04-16 17:39:30 | WARNING | earnings_surprise_project | forecast 000898.SZ failed after retries: 抱歉，您每分钟最多访问该接口200次，权限的具体详情访问：https://tushare.pro/document/1?doc_id=108。
2026-04-16 17:39:30 | WARNING | earnings_surprise_project | forecast 000903.SZ failed after retries: 抱歉，您每分钟最多访问该接口200次，权限的具体详情访问：https://tushare.pro/document/1?doc_id=108。
2026-04-16 17:39:30 | WARNING | earnings_surprise_project | forecast 000908.SZ failed after retries: 抱歉，您每分钟最多访问该接口200次，权限的具体详情访问：https://tushare.pro/document/1?doc_id=108。
2026-04-16 17:39:30 | WARNING | earnings_surprise_project | forecast 000893.SZ failed after retries: 抱歉，您每分钟最多访问该接口200次，权限的具体详情访问：https://tushare.pro/document/1?doc_id=108。
2026-04-16 17:39:33 | WARNING | earnings_surprise_project | forecast 000913.SZ failed after retries: 抱歉，您每分钟最多访问该接口200次，权限的具体详情访问：https://tushare.pro/document/1?doc_id=108。
2026-04-16 17:39:33 | WARNING | earnings_surprise_project | forecast 000911.SZ failed after retries: 抱歉，您每分钟最多访问该接口200次，权限的具体详情访问：https://tushare.pro/document/1?doc_id=108。
2026-04-16 17:39:33 | WARNING | earnings_surprise_project | forecast 000909.SZ failed after retries: 抱歉，您每分钟最多访问该接口200次，权限的具体详情访问：https://tushare.pro/document/1?doc_id=108。
2026-04-16 17:39:33 | WARNING | earnings_surprise_project | forecast 000912.SZ failed after retries: 抱歉，您每分钟最多访问该接口200次，权限的具体详情访问：https://tushare.pro/document/1?doc_id=108。
2026-04-16 17:39:33 | WARNING | earnings_surprise_project | forecast 000910.SZ failed after retries: 抱歉，您每分钟最多访问该接口200次，权限的具体详情访问：https://tushare.pro/document/1?doc_id=108。
2026-04-16 17:39:33 | WARNING | earnings_surprise_project | forecast 000921.SZ failed after retries: 抱歉，您每分钟最多访问该接口200次，权限的具体详情访问：https://tushare.pro/document/1?doc_id=108。
2026-04-16 17:39:33 | WARNING | earnings_surprise_project | forecast 000923.SZ failed after retries: 抱歉，您每分钟最多访问该接口200次，权限的具体详情访问：https://tushare.pro/document/1?doc_id=108。
2026-04-16 17:39:33 | WARNING | earnings_surprise_project | forecast 000915.SZ failed after retries: 抱歉，您每分钟最多访问该接口200次，权限的具体详情访问：https://tushare.pro/document/1?doc_id=108。
2026-04-16 17:39:33 | WARNING | earnings_surprise_project | forecast 000917.SZ failed after retries: 抱歉，您每分钟最多访问该接口200次，权限的具体详情访问：https://tushare.pro/document/1?doc_id=108。
2026-04-16 17:39:33 | WARNING | earnings_surprise_project | forecast 000922.SZ failed after retries: 抱歉，您每分钟最多访问该接口200次，权限的具体详情访问：https://tushare.pro/document/1?doc_id=108。
2026-04-16 17:39:33 | WARNING | earnings_surprise_project | forecast 000919.SZ failed after retries: 抱歉，您每分钟最多访问该接口200次，权限的具体详情访问：https://tushare.pro/document/1?doc_id=108。
2026-04-16 17:39:33 | WARNING | earnings_surprise_project | forecast 000920.SZ failed after retries: 抱歉，您每分钟最多访问该接口200次，权限的具体详情访问：https://tushare.pro/document/1?doc_id=108。
2026-04-16 17:39:36 | WARNING | earnings_surprise_project | forecast 000929.SZ failed after retries: 抱歉，您每分钟最多访问该接口200次，权限的具体详情访问：https://tushare.pro/document/1?doc_id=108。
2026-04-16 17:39:36 | WARNING | earnings_surprise_project | forecast 000925.SZ failed after retries: 抱歉，您每分钟最多访问该接口200次，权限的具体详情访问：https://tushare.pro/document/1?doc_id=108。
2026-04-16 17:39:36 | WARNING | earnings_surprise_project | forecast 000928.SZ failed after retries: 抱歉，您每分钟最多访问该接口200次，权限的具体详情访问：https://tushare.pro/document/1?doc_id=108。
2026-04-16 17:39:36 | WARNING | earnings_surprise_project | forecast 000926.SZ failed after retries: 抱歉，您每分钟最多访问该接口200次，权限的具体详情访问：https://tushare.pro/document/1?doc_id=108。
2026-04-16 17:39:36 | WARNING | earnings_surprise_project | forecast 000927.SZ failed after retries: 抱歉，您每分钟最多访问该接口200次，权限的具体详情访问：https://tushare.pro/document/1?doc_id=108。
2026-04-16 17:39:36 | WARNING | earnings_surprise_project | forecast 000931.SZ failed after retries: 抱歉，您每分钟最多访问该接口200次，权限的具体详情访问：https://tushare.pro/document/1?doc_id=108。
2026-04-16 17:39:36 | WARNING | earnings_surprise_project | forecast 000935.SZ failed after retries: 抱歉，您每分钟最多访问该接口200次，权限的具体详情访问：https://tushare.pro/document/1?doc_id=108。
2026-04-16 17:39:36 | WARNING | earnings_surprise_project | forecast 000936.SZ failed after retries: 抱歉，您每分钟最多访问该接口200次，权限的具体详情访问：https://tushare.pro/document/1?doc_id=108。
2026-04-16 17:39:36 | WARNING | earnings_surprise_project | forecast 000932.SZ failed after retries: 抱歉，您每分钟最多访问该接口200次，权限的具体详情访问：https://tushare.pro/document/1?doc_id=108。
2026-04-16 17:39:36 | WARNING | earnings_surprise_project | forecast 000937.SZ failed after retries: 抱歉，您每分钟最多访问该接口200次，权限的具体详情访问：https://tushare.pro/document/1?doc_id=108。
2026-04-16 17:39:36 | WARNING | earnings_surprise_project | forecast 000933.SZ failed after retries: 抱歉，您每分钟最多访问该接口200次，权限的具体详情访问：https://tushare.pro/document/1?doc_id=108。
2026-04-16 17:39:36 | WARNING | earnings_surprise_project | forecast 000930.SZ failed after retries: 抱歉，您每分钟最多访问该接口200次，权限的具体详情访问：https://tushare.pro/document/1?doc_id=108。
2026-04-16 17:39:39 | WARNING | earnings_surprise_project | forecast 000949.SZ failed after retries: 抱歉，您每分钟最多访问该接口200次，权限的具体详情访问：https://tushare.pro/document/1?doc_id=108。
2026-04-16 17:39:39 | WARNING | earnings_surprise_project | forecast 000948.SZ failed after retries: 抱歉，您每分钟最多访问该接口200次，权限的具体详情访问：https://tushare.pro/document/1?doc_id=108。
2026-04-16 17:39:39 | WARNING | earnings_surprise_project | forecast 000938.SZ failed after retries: 抱歉，您每分钟最多访问该接口200次，权限的具体详情访问：https://tushare.pro/document/1?doc_id=108。
2026-04-16 17:39:40 | WARNING | earnings_surprise_project | forecast 000951.SZ failed after retries: 抱歉，您每分钟最多访问该接口200次，权限的具体详情访问：https://tushare.pro/document/1?doc_id=108。
2026-04-16 17:39:40 | WARNING | earnings_surprise_project | forecast 000950.SZ failed after retries: 抱歉，您每分钟最多访问该接口200次，权限的具体详情访问：https://tushare.pro/document/1?doc_id=108。
2026-04-16 17:39:40 | WARNING | earnings_surprise_project | forecast 000955.SZ failed after retries: 抱歉，您每分钟最多访问该接口200次，权限的具体详情访问：https://tushare.pro/document/1?doc_id=108。
2026-04-16 17:39:40 | WARNING | earnings_surprise_project | forecast 000953.SZ failed after retries: 抱歉，您每分钟最多访问该接口200次，权限的具体详情访问：https://tushare.pro/document/1?doc_id=108。
2026-04-16 17:39:40 | WARNING | earnings_surprise_project | forecast 000952.SZ failed after retries: 抱歉，您每分钟最多访问该接口200次，权限的具体详情访问：https://tushare.pro/document/1?doc_id=108。
2026-04-16 17:39:40 | WARNING | earnings_surprise_project | forecast 000957.SZ failed after retries: 抱歉，您每分钟最多访问该接口200次，权限的具体详情访问：https://tushare.pro/document/1?doc_id=108。
2026-04-16 17:39:40 | WARNING | earnings_surprise_project | forecast 000959.SZ failed after retries: 抱歉，您每分钟最多访问该接口200次，权限的具体详情访问：https://tushare.pro/document/1?doc_id=108。
2026-04-16 17:39:40 | WARNING | earnings_surprise_project | forecast 000958.SZ failed after retries: 抱歉，您每分钟最多访问该接口200次，权限的具体详情访问：https://tushare.pro/document/1?doc_id=108。
2026-04-16 17:39:40 | WARNING | earnings_surprise_project | forecast 000960.SZ failed after retries: 抱歉，您每分钟最多访问该接口200次，权限的具体详情访问：https://tushare.pro/document/1?doc_id=108。
2026-04-16 17:39:43 | WARNING | earnings_surprise_project | forecast 000962.SZ failed after retries: 抱歉，您每分钟最多访问该接口200次，权限的具体详情访问：https://tushare.pro/document/1?doc_id=108。
2026-04-16 17:39:43 | WARNING | earnings_surprise_project | forecast 000965.SZ failed after retries: 抱歉，您每分钟最多访问该接口200次，权限的具体详情访问：https://tushare.pro/document/1?doc_id=108。
2026-04-16 17:39:43 | WARNING | earnings_surprise_project | forecast 000963.SZ failed after retries: 抱歉，您每分钟最多访问该接口200次，权限的具体详情访问：https://tushare.pro/document/1?doc_id=108。
2026-04-16 17:39:43 | WARNING | earnings_surprise_project | forecast 000967.SZ failed after retries: 抱歉，您每分钟最多访问该接口200次，权限的具体详情访问：https://tushare.pro/document/1?doc_id=108。
2026-04-16 17:39:43 | WARNING | earnings_surprise_project | forecast 000966.SZ failed after retries: 抱歉，您每分钟最多访问该接口200次，权限的具体详情访问：https://tushare.pro/document/1?doc_id=108。
2026-04-16 17:39:43 | WARNING | earnings_surprise_project | forecast 000970.SZ failed after retries: 抱歉，您每分钟最多访问该接口200次，权限的具体详情访问：https://tushare.pro/document/1?doc_id=108。
2026-04-16 17:39:43 | WARNING | earnings_surprise_project | forecast 000968.SZ failed after retries: 抱歉，您每分钟最多访问该接口200次，权限的具体详情访问：https://tushare.pro/document/1?doc_id=108。
2026-04-16 17:39:43 | WARNING | earnings_surprise_project | forecast 000969.SZ failed after retries: 抱歉，您每分钟最多访问该接口200次，权限的具体详情访问：https://tushare.pro/document/1?doc_id=108。
2026-04-16 17:39:43 | WARNING | earnings_surprise_project | forecast 000972.SZ failed after retries: 抱歉，您每分钟最多访问该接口200次，权限的具体详情访问：https://tushare.pro/document/1?doc_id=108。
2026-04-16 17:39:43 | WARNING | earnings_surprise_project | forecast 000973.SZ failed after retries: 抱歉，您每分钟最多访问该接口200次，权限的具体详情访问：https://tushare.pro/document/1?doc_id=108。
2026-04-16 17:39:43 | WARNING | earnings_surprise_project | forecast 000975.SZ failed after retries: 抱歉，您每分钟最多访问该接口200次，权限的具体详情访问：https://tushare.pro/document/1?doc_id=108。
2026-04-16 17:39:43 | WARNING | earnings_surprise_project | forecast 000977.SZ failed after retries: 抱歉，您每分钟最多访问该接口200次，权限的具体详情访问：https://tushare.pro/document/1?doc_id=108。
2026-04-16 17:39:46 | WARNING | earnings_surprise_project | forecast 000978.SZ failed after retries: 抱歉，您每分钟最多访问该接口200次，权限的具体详情访问：https://tushare.pro/document/1?doc_id=108。
2026-04-16 17:39:46 | WARNING | earnings_surprise_project | forecast 000980.SZ failed after retries: 抱歉，您每分钟最多访问该接口200次，权限的具体详情访问：https://tushare.pro/document/1?doc_id=108。
2026-04-16 17:39:46 | WARNING | earnings_surprise_project | forecast 000981.SZ failed after retries: 抱歉，您每分钟最多访问该接口200次，权限的具体详情访问：https://tushare.pro/document/1?doc_id=108。
2026-04-16 17:39:46 | WARNING | earnings_surprise_project | forecast 000983.SZ failed after retries: 抱歉，您每分钟最多访问该接口200次，权限的具体详情访问：https://tushare.pro/document/1?doc_id=108。
2026-04-16 17:39:46 | WARNING | earnings_surprise_project | forecast 000985.SZ failed after retries: 抱歉，您每分钟最多访问该接口200次，权限的具体详情访问：https://tushare.pro/document/1?doc_id=108。
2026-04-16 17:39:46 | WARNING | earnings_surprise_project | forecast 000987.SZ failed after retries: 抱歉，您每分钟最多访问该接口200次，权限的具体详情访问：https://tushare.pro/document/1?doc_id=108。
2026-04-16 17:39:46 | WARNING | earnings_surprise_project | forecast 000988.SZ failed after retries: 抱歉，您每分钟最多访问该接口200次，权限的具体详情访问：https://tushare.pro/document/1?doc_id=108。
2026-04-16 17:39:46 | WARNING | earnings_surprise_project | forecast 000989.SZ failed after retries: 抱歉，您每分钟最多访问该接口200次，权限的具体详情访问：https://tushare.pro/document/1?doc_id=108。
2026-04-16 17:39:46 | WARNING | earnings_surprise_project | forecast 000990.SZ failed after retries: 抱歉，您每分钟最多访问该接口200次，权限的具体详情访问：https://tushare.pro/document/1?doc_id=108。
2026-04-16 17:39:46 | WARNING | earnings_surprise_project | forecast 000993.SZ failed after retries: 抱歉，您每分钟最多访问该接口200次，权限的具体详情访问：https://tushare.pro/document/1?doc_id=108。
2026-04-16 17:39:46 | WARNING | earnings_surprise_project | forecast 000995.SZ failed after retries: 抱歉，您每分钟最多访问该接口200次，权限的具体详情访问：https://tushare.pro/document/1?doc_id=108。
2026-04-16 17:39:46 | WARNING | earnings_surprise_project | forecast 000997.SZ failed after retries: 抱歉，您每分钟最多访问该接口200次，权限的具体详情访问：https://tushare.pro/document/1?doc_id=108。
2026-04-16 17:39:49 | WARNING | earnings_surprise_project | forecast 000998.SZ failed after retries: 抱歉，您每分钟最多访问该接口200次，权限的具体详情访问：https://tushare.pro/document/1?doc_id=108。
2026-04-16 17:39:49 | WARNING | earnings_surprise_project | forecast 000999.SZ failed after retries: 抱歉，您每分钟最多访问该接口200次，权限的具体详情访问：https://tushare.pro/document/1?doc_id=108。
2026-04-16 17:39:49 | WARNING | earnings_surprise_project | forecast 001203.SZ failed after retries: 抱歉，您每分钟最多访问该接口200次，权限的具体详情访问：https://tushare.pro/document/1?doc_id=108。
2026-04-16 17:39:49 | WARNING | earnings_surprise_project | forecast 001202.SZ failed after retries: 抱歉，您每分钟最多访问该接口200次，权限的具体详情访问：https://tushare.pro/document/1?doc_id=108。
2026-04-16 17:39:49 | WARNING | earnings_surprise_project | forecast 001201.SZ failed after retries: 抱歉，您每分钟最多访问该接口200次，权限的具体详情访问：https://tushare.pro/document/1?doc_id=108。
2026-04-16 17:39:49 | WARNING | earnings_surprise_project | forecast 001208.SZ failed after retries: 抱歉，您每分钟最多访问该接口200次，权限的具体详情访问：https://tushare.pro/document/1?doc_id=108。
2026-04-16 17:39:49 | WARNING | earnings_surprise_project | forecast 001206.SZ failed after retries: 抱歉，您每分钟最多访问该接口200次，权限的具体详情访问：https://tushare.pro/document/1?doc_id=108。
2026-04-16 17:39:49 | WARNING | earnings_surprise_project | forecast 001207.SZ failed after retries: 抱歉，您每分钟最多访问该接口200次，权限的具体详情访问：https://tushare.pro/document/1?doc_id=108。
2026-04-16 17:39:50 | WARNING | earnings_surprise_project | forecast 001205.SZ failed after retries: 抱歉，您每分钟最多访问该接口200次，权限的具体详情访问：https://tushare.pro/document/1?doc_id=108。
2026-04-16 17:39:50 | WARNING | earnings_surprise_project | forecast 001209.SZ failed after retries: 抱歉，您每分钟最多访问该接口200次，权限的具体详情访问：https://tushare.pro/document/1?doc_id=108。
2026-04-16 17:39:50 | WARNING | earnings_surprise_project | forecast 001211.SZ failed after retries: 抱歉，您每分钟最多访问该接口200次，权限的具体详情访问：https://tushare.pro/document/1?doc_id=108。
2026-04-16 17:39:50 | WARNING | earnings_surprise_project | forecast 001210.SZ failed after retries: 抱歉，您每分钟最多访问该接口200次，权限的具体详情访问：https://tushare.pro/document/1?doc_id=108。
2026-04-16 17:39:52 | WARNING | earnings_surprise_project | forecast 001212.SZ failed after retries: 抱歉，您每分钟最多访问该接口200次，权限的具体详情访问：https://tushare.pro/document/1?doc_id=108。
2026-04-16 17:39:53 | WARNING | earnings_surprise_project | forecast 001213.SZ failed after retries: 抱歉，您每分钟最多访问该接口200次，权限的具体详情访问：https://tushare.pro/document/1?doc_id=108。
2026-04-16 17:39:53 | WARNING | earnings_surprise_project | forecast 001215.SZ failed after retries: 抱歉，您每分钟最多访问该接口200次，权限的具体详情访问：https://tushare.pro/document/1?doc_id=108。
2026-04-16 17:39:53 | WARNING | earnings_surprise_project | forecast 001221.SZ failed after retries: 抱歉，您每分钟最多访问该接口200次，权限的具体详情访问：https://tushare.pro/document/1?doc_id=108。
2026-04-16 17:39:53 | WARNING | earnings_surprise_project | forecast 001220.SZ failed after retries: 抱歉，您每分钟最多访问该接口200次，权限的具体详情访问：https://tushare.pro/document/1?doc_id=108。
2026-04-16 17:39:53 | WARNING | earnings_surprise_project | forecast 001217.SZ failed after retries: 抱歉，您每分钟最多访问该接口200次，权限的具体详情访问：https://tushare.pro/document/1?doc_id=108。
2026-04-16 17:39:53 | WARNING | earnings_surprise_project | forecast 001216.SZ failed after retries: 抱歉，您每分钟最多访问该接口200次，权限的具体详情访问：https://tushare.pro/document/1?doc_id=108。
2026-04-16 17:39:53 | WARNING | earnings_surprise_project | forecast 001219.SZ failed after retries: 抱歉，您每分钟最多访问该接口200次，权限的具体详情访问：https://tushare.pro/document/1?doc_id=108。
2026-04-16 17:39:53 | WARNING | earnings_surprise_project | forecast 001218.SZ failed after retries: 抱歉，您每分钟最多访问该接口200次，权限的具体详情访问：https://tushare.pro/document/1?doc_id=108。
2026-04-16 17:39:53 | WARNING | earnings_surprise_project | forecast 001222.SZ failed after retries: 抱歉，您每分钟最多访问该接口200次，权限的具体详情访问：https://tushare.pro/document/1?doc_id=108。
2026-04-16 17:39:53 | WARNING | earnings_surprise_project | forecast 001225.SZ failed after retries: 抱歉，您每分钟最多访问该接口200次，权限的具体详情访问：https://tushare.pro/document/1?doc_id=108。
2026-04-16 17:39:53 | WARNING | earnings_surprise_project | forecast 001223.SZ failed after retries: 抱歉，您每分钟最多访问该接口200次，权限的具体详情访问：https://tushare.pro/document/1?doc_id=108。
2026-04-16 17:39:56 | WARNING | earnings_surprise_project | forecast 001226.SZ failed after retries: 抱歉，您每分钟最多访问该接口200次，权限的具体详情访问：https://tushare.pro/document/1?doc_id=108。
2026-04-16 17:39:56 | WARNING | earnings_surprise_project | forecast 001227.SZ failed after retries: 抱歉，您每分钟最多访问该接口200次，权限的具体详情访问：https://tushare.pro/document/1?doc_id=108。
2026-04-16 17:39:56 | WARNING | earnings_surprise_project | forecast 001228.SZ failed after retries: 抱歉，您每分钟最多访问该接口200次，权限的具体详情访问：https://tushare.pro/document/1?doc_id=108。
2026-04-16 17:39:56 | WARNING | earnings_surprise_project | forecast 001236.SZ failed after retries: 抱歉，您每分钟最多访问该接口200次，权限的具体详情访问：https://tushare.pro/document/1?doc_id=108。
2026-04-16 17:39:56 | WARNING | earnings_surprise_project | forecast 001231.SZ failed after retries: 抱歉，您每分钟最多访问该接口200次，权限的具体详情访问：https://tushare.pro/document/1?doc_id=108。
2026-04-16 17:39:56 | WARNING | earnings_surprise_project | forecast 001233.SZ failed after retries: 抱歉，您每分钟最多访问该接口200次，权限的具体详情访问：https://tushare.pro/document/1?doc_id=108。
2026-04-16 17:39:56 | WARNING | earnings_surprise_project | forecast 001229.SZ failed after retries: 抱歉，您每分钟最多访问该接口200次，权限的具体详情访问：https://tushare.pro/document/1?doc_id=108。
2026-04-16 17:39:56 | WARNING | earnings_surprise_project | forecast 001230.SZ failed after retries: 抱歉，您每分钟最多访问该接口200次，权限的具体详情访问：https://tushare.pro/document/1?doc_id=108。
2026-04-16 17:39:56 | WARNING | earnings_surprise_project | forecast 001234.SZ failed after retries: 抱歉，您每分钟最多访问该接口200次，权限的具体详情访问：https://tushare.pro/document/1?doc_id=108。
2026-04-16 17:39:56 | WARNING | earnings_surprise_project | forecast 001239.SZ failed after retries: 抱歉，您每分钟最多访问该接口200次，权限的具体详情访问：https://tushare.pro/document/1?doc_id=108。
2026-04-16 17:39:56 | WARNING | earnings_surprise_project | forecast 001238.SZ failed after retries: 抱歉，您每分钟最多访问该接口200次，权限的具体详情访问：https://tushare.pro/document/1?doc_id=108。
2026-04-16 17:39:56 | WARNING | earnings_surprise_project | forecast 001255.SZ failed after retries: 抱歉，您每分钟最多访问该接口200次，权限的具体详情访问：https://tushare.pro/document/1?doc_id=108。
2026-04-16 17:39:59 | WARNING | earnings_surprise_project | forecast 001256.SZ failed after retries: 抱歉，您每分钟最多访问该接口200次，权限的具体详情访问：https://tushare.pro/document/1?doc_id=108。
2026-04-16 17:39:59 | WARNING | earnings_surprise_project | forecast 001257.SZ failed after retries: 抱歉，您每分钟最多访问该接口200次，权限的具体详情访问：https://tushare.pro/document/1?doc_id=108。
2026-04-16 17:39:59 | WARNING | earnings_surprise_project | forecast 001259.SZ failed after retries: 抱歉，您每分钟最多访问该接口200次，权限的具体详情访问：https://tushare.pro/document/1?doc_id=108。
2026-04-16 17:39:59 | WARNING | earnings_surprise_project | forecast 001267.SZ failed after retries: 抱歉，您每分钟最多访问该接口200次，权限的具体详情访问：https://tushare.pro/document/1?doc_id=108。
2026-04-16 17:39:59 | WARNING | earnings_surprise_project | forecast 001268.SZ failed after retries: 抱歉，您每分钟最多访问该接口200次，权限的具体详情访问：https://tushare.pro/document/1?doc_id=108。
2026-04-16 17:39:59 | WARNING | earnings_surprise_project | forecast 001260.SZ failed after retries: 抱歉，您每分钟最多访问该接口200次，权限的具体详情访问：https://tushare.pro/document/1?doc_id=108。
2026-04-16 17:39:59 | WARNING | earnings_surprise_project | forecast 001266.SZ failed after retries: 抱歉，您每分钟最多访问该接口200次，权限的具体详情访问：https://tushare.pro/document/1?doc_id=108。
2026-04-16 17:39:59 | WARNING | earnings_surprise_project | forecast 001269.SZ failed after retries: 抱歉，您每分钟最多访问该接口200次，权限的具体详情访问：https://tushare.pro/document/1?doc_id=108。
2026-04-16 17:39:59 | WARNING | earnings_surprise_project | forecast 001258.SZ failed after retries: 抱歉，您每分钟最多访问该接口200次，权限的具体详情访问：https://tushare.pro/document/1?doc_id=108。
2026-04-16 17:40:00 | WARNING | earnings_surprise_project | forecast 001270.SZ failed after retries: 抱歉，您每分钟最多访问该接口200次，权限的具体详情访问：https://tushare.pro/document/1?doc_id=108。
2026-04-16 17:40:00 | WARNING | earnings_surprise_project | forecast 001278.SZ failed after retries: 抱歉，您每分钟最多访问该接口200次，权限的具体详情访问：https://tushare.pro/document/1?doc_id=108。
2026-04-16 17:40:00 | WARNING | earnings_surprise_project | forecast 001277.SZ failed after retries: 抱歉，您每分钟最多访问该接口200次，权限的具体详情访问：https://tushare.pro/document/1?doc_id=108。
2026-04-16 17:40:03 | WARNING | earnings_surprise_project | forecast 001279.SZ failed after retries: 抱歉，您每分钟最多访问该接口200次，权限的具体详情访问：https://tushare.pro/document/1?doc_id=108。
2026-04-16 17:40:03 | WARNING | earnings_surprise_project | forecast 001280.SZ failed after retries: 抱歉，您每分钟最多访问该接口200次，权限的具体详情访问：https://tushare.pro/document/1?doc_id=108。
2026-04-16 17:40:03 | WARNING | earnings_surprise_project | forecast 001286.SZ failed after retries: 抱歉，您每分钟最多访问该接口200次，权限的具体详情访问：https://tushare.pro/document/1?doc_id=108。
2026-04-16 17:40:03 | WARNING | earnings_surprise_project | forecast 001282.SZ failed after retries: 抱歉，您每分钟最多访问该接口200次，权限的具体详情访问：https://tushare.pro/document/1?doc_id=108。
2026-04-16 17:40:03 | WARNING | earnings_surprise_project | forecast 001283.SZ failed after retries: 抱歉，您每分钟最多访问该接口200次，权限的具体详情访问：https://tushare.pro/document/1?doc_id=108。
2026-04-16 17:40:03 | WARNING | earnings_surprise_project | forecast 001285.SZ failed after retries: 抱歉，您每分钟最多访问该接口200次，权限的具体详情访问：https://tushare.pro/document/1?doc_id=108。
2026-04-16 17:40:03 | WARNING | earnings_surprise_project | forecast 001287.SZ failed after retries: 抱歉，您每分钟最多访问该接口200次，权限的具体详情访问：https://tushare.pro/document/1?doc_id=108。
2026-04-16 17:40:03 | WARNING | earnings_surprise_project | forecast 001289.SZ failed after retries: 抱歉，您每分钟最多访问该接口200次，权限的具体详情访问：https://tushare.pro/document/1?doc_id=108。
2026-04-16 17:40:03 | WARNING | earnings_surprise_project | forecast 001288.SZ failed after retries: 抱歉，您每分钟最多访问该接口200次，权限的具体详情访问：https://tushare.pro/document/1?doc_id=108。
2026-04-16 17:40:03 | WARNING | earnings_surprise_project | forecast 001298.SZ failed after retries: 抱歉，您每分钟最多访问该接口200次，权限的具体详情访问：https://tushare.pro/document/1?doc_id=108。
2026-04-16 17:40:03 | WARNING | earnings_surprise_project | forecast 001296.SZ failed after retries: 抱歉，您每分钟最多访问该接口200次，权限的具体详情访问：https://tushare.pro/document/1?doc_id=108。
2026-04-16 17:40:03 | WARNING | earnings_surprise_project | forecast 001299.SZ failed after retries: 抱歉，您每分钟最多访问该接口200次，权限的具体详情访问：https://tushare.pro/document/1?doc_id=108。
2026-04-16 17:40:06 | WARNING | earnings_surprise_project | forecast 001301.SZ failed after retries: 抱歉，您每分钟最多访问该接口200次，权限的具体详情访问：https://tushare.pro/document/1?doc_id=108。
2026-04-16 17:40:06 | WARNING | earnings_surprise_project | forecast 001300.SZ failed after retries: 抱歉，您每分钟最多访问该接口200次，权限的具体详情访问：https://tushare.pro/document/1?doc_id=108。
2026-04-16 17:40:06 | WARNING | earnings_surprise_project | forecast 001306.SZ failed after retries: 抱歉，您每分钟最多访问该接口200次，权限的具体详情访问：https://tushare.pro/document/1?doc_id=108。
2026-04-16 17:40:06 | WARNING | earnings_surprise_project | forecast 001311.SZ failed after retries: 抱歉，您每分钟最多访问该接口200次，权限的具体详情访问：https://tushare.pro/document/1?doc_id=108。
2026-04-16 17:40:06 | WARNING | earnings_surprise_project | forecast 001308.SZ failed after retries: 抱歉，您每分钟最多访问该接口200次，权限的具体详情访问：https://tushare.pro/document/1?doc_id=108。
2026-04-16 17:40:06 | WARNING | earnings_surprise_project | forecast 001309.SZ failed after retries: 抱歉，您每分钟最多访问该接口200次，权限的具体详情访问：https://tushare.pro/document/1?doc_id=108。
2026-04-16 17:40:06 | WARNING | earnings_surprise_project | forecast 001316.SZ failed after retries: 抱歉，您每分钟最多访问该接口200次，权限的具体详情访问：https://tushare.pro/document/1?doc_id=108。
2026-04-16 17:40:06 | WARNING | earnings_surprise_project | forecast 001313.SZ failed after retries: 抱歉，您每分钟最多访问该接口200次，权限的具体详情访问：https://tushare.pro/document/1?doc_id=108。
2026-04-16 17:40:06 | WARNING | earnings_surprise_project | forecast 001314.SZ failed after retries: 抱歉，您每分钟最多访问该接口200次，权限的具体详情访问：https://tushare.pro/document/1?doc_id=108。
2026-04-16 17:40:07 | WARNING | earnings_surprise_project | forecast 001319.SZ failed after retries: 抱歉，您每分钟最多访问该接口200次，权限的具体详情访问：https://tushare.pro/document/1?doc_id=108。
2026-04-16 17:40:07 | WARNING | earnings_surprise_project | forecast 001317.SZ failed after retries: 抱歉，您每分钟最多访问该接口200次，权限的具体详情访问：https://tushare.pro/document/1?doc_id=108。
2026-04-16 17:40:07 | WARNING | earnings_surprise_project | forecast 001318.SZ failed after retries: 抱歉，您每分钟最多访问该接口200次，权限的具体详情访问：https://tushare.pro/document/1?doc_id=108。
2026-04-16 17:40:09 | WARNING | earnings_surprise_project | forecast 001323.SZ failed after retries: 抱歉，您每分钟最多访问该接口200次，权限的具体详情访问：https://tushare.pro/document/1?doc_id=108。
2026-04-16 17:40:09 | WARNING | earnings_surprise_project | forecast 001322.SZ failed after retries: 抱歉，您每分钟最多访问该接口200次，权限的具体详情访问：https://tushare.pro/document/1?doc_id=108。
2026-04-16 17:40:09 | WARNING | earnings_surprise_project | forecast 001324.SZ failed after retries: 抱歉，您每分钟最多访问该接口200次，权限的具体详情访问：https://tushare.pro/document/1?doc_id=108。
2026-04-16 17:40:10 | WARNING | earnings_surprise_project | forecast 001330.SZ failed after retries: 抱歉，您每分钟最多访问该接口200次，权限的具体详情访问：https://tushare.pro/document/1?doc_id=108。
2026-04-16 17:40:10 | WARNING | earnings_surprise_project | forecast 001326.SZ failed after retries: 抱歉，您每分钟最多访问该接口200次，权限的具体详情访问：https://tushare.pro/document/1?doc_id=108。
2026-04-16 17:40:10 | WARNING | earnings_surprise_project | forecast 001328.SZ failed after retries: 抱歉，您每分钟最多访问该接口200次，权限的具体详情访问：https://tushare.pro/document/1?doc_id=108。
2026-04-16 17:40:10 | WARNING | earnings_surprise_project | forecast 001331.SZ failed after retries: 抱歉，您每分钟最多访问该接口200次，权限的具体详情访问：https://tushare.pro/document/1?doc_id=108。
2026-04-16 17:40:10 | WARNING | earnings_surprise_project | forecast 001325.SZ failed after retries: 抱歉，您每分钟最多访问该接口200次，权限的具体详情访问：https://tushare.pro/document/1?doc_id=108。
2026-04-16 17:40:10 | WARNING | earnings_surprise_project | forecast 001332.SZ failed after retries: 抱歉，您每分钟最多访问该接口200次，权限的具体详情访问：https://tushare.pro/document/1?doc_id=108。
2026-04-16 17:40:10 | WARNING | earnings_surprise_project | forecast 001333.SZ failed after retries: 抱歉，您每分钟最多访问该接口200次，权限的具体详情访问：https://tushare.pro/document/1?doc_id=108。
2026-04-16 17:40:10 | WARNING | earnings_surprise_project | forecast 001336.SZ failed after retries: 抱歉，您每分钟最多访问该接口200次，权限的具体详情访问：https://tushare.pro/document/1?doc_id=108。
2026-04-16 17:40:10 | WARNING | earnings_surprise_project | forecast 001335.SZ failed after retries: 抱歉，您每分钟最多访问该接口200次，权限的具体详情访问：https://tushare.pro/document/1?doc_id=108。
2026-04-16 17:40:13 | WARNING | earnings_surprise_project | forecast 001337.SZ failed after retries: 抱歉，您每分钟最多访问该接口200次，权限的具体详情访问：https://tushare.pro/document/1?doc_id=108。
2026-04-16 17:40:13 | WARNING | earnings_surprise_project | forecast 001338.SZ failed after retries: 抱歉，您每分钟最多访问该接口200次，权限的具体详情访问：https://tushare.pro/document/1?doc_id=108。
2026-04-16 17:40:13 | WARNING | earnings_surprise_project | forecast 001339.SZ failed after retries: 抱歉，您每分钟最多访问该接口200次，权限的具体详情访问：https://tushare.pro/document/1?doc_id=108。
2026-04-16 17:40:13 | WARNING | earnings_surprise_project | forecast 001356.SZ failed after retries: 抱歉，您每分钟最多访问该接口200次，权限的具体详情访问：https://tushare.pro/document/1?doc_id=108。
2026-04-16 17:40:13 | WARNING | earnings_surprise_project | forecast 001367.SZ failed after retries: 抱歉，您每分钟最多访问该接口200次，权限的具体详情访问：https://tushare.pro/document/1?doc_id=108。
2026-04-16 17:40:13 | WARNING | earnings_surprise_project | forecast 001358.SZ failed after retries: 抱歉，您每分钟最多访问该接口200次，权限的具体详情访问：https://tushare.pro/document/1?doc_id=108。
2026-04-16 17:40:13 | WARNING | earnings_surprise_project | forecast 001359.SZ failed after retries: 抱歉，您每分钟最多访问该接口200次，权限的具体详情访问：https://tushare.pro/document/1?doc_id=108。
2026-04-16 17:40:13 | WARNING | earnings_surprise_project | forecast 001366.SZ failed after retries: 抱歉，您每分钟最多访问该接口200次，权限的具体详情访问：https://tushare.pro/document/1?doc_id=108。
2026-04-16 17:40:13 | WARNING | earnings_surprise_project | forecast 001360.SZ failed after retries: 抱歉，您每分钟最多访问该接口200次，权限的具体详情访问：https://tushare.pro/document/1?doc_id=108。
2026-04-16 17:40:13 | WARNING | earnings_surprise_project | forecast 001368.SZ failed after retries: 抱歉，您每分钟最多访问该接口200次，权限的具体详情访问：https://tushare.pro/document/1?doc_id=108。
2026-04-16 17:40:13 | WARNING | earnings_surprise_project | forecast 001369.SZ failed after retries: 抱歉，您每分钟最多访问该接口200次，权限的具体详情访问：https://tushare.pro/document/1?doc_id=108。
2026-04-16 17:40:13 | WARNING | earnings_surprise_project | forecast 001373.SZ failed after retries: 抱歉，您每分钟最多访问该接口200次，权限的具体详情访问：https://tushare.pro/document/1?doc_id=108。
2026-04-16 17:40:24 | WARNING | earnings_surprise_project | forecast 002196.SZ failed after retries: 抱歉，您每分钟最多访问该接口200次，权限的具体详情访问：https://tushare.pro/document/1?doc_id=108。
2026-04-16 17:40:24 | WARNING | earnings_surprise_project | forecast 002193.SZ failed after retries: 抱歉，您每分钟最多访问该接口200次，权限的具体详情访问：https://tushare.pro/document/1?doc_id=108。
2026-04-16 17:40:24 | WARNING | earnings_surprise_project | forecast 002195.SZ failed after retries: 抱歉，您每分钟最多访问该接口200次，权限的具体详情访问：https://tushare.pro/document/1?doc_id=108。
2026-04-16 17:40:24 | WARNING | earnings_surprise_project | forecast 002192.SZ failed after retries: 抱歉，您每分钟最多访问该接口200次，权限的具体详情访问：https://tushare.pro/document/1?doc_id=108。
2026-04-16 17:40:25 | WARNING | earnings_surprise_project | forecast 002194.SZ failed after retries: 抱歉，您每分钟最多访问该接口200次，权限的具体详情访问：https://tushare.pro/document/1?doc_id=108。
2026-04-16 17:40:25 | WARNING | earnings_surprise_project | forecast 002197.SZ failed after retries: 抱歉，您每分钟最多访问该接口200次，权限的具体详情访问：https://tushare.pro/document/1?doc_id=108。
2026-04-16 17:40:25 | WARNING | earnings_surprise_project | forecast 002199.SZ failed after retries: 抱歉，您每分钟最多访问该接口200次，权限的具体详情访问：https://tushare.pro/document/1?doc_id=108。
2026-04-16 17:40:25 | WARNING | earnings_surprise_project | forecast 002201.SZ failed after retries: 抱歉，您每分钟最多访问该接口200次，权限的具体详情访问：https://tushare.pro/document/1?doc_id=108。
2026-04-16 17:40:25 | WARNING | earnings_surprise_project | forecast 002198.SZ failed after retries: 抱歉，您每分钟最多访问该接口200次，权限的具体详情访问：https://tushare.pro/document/1?doc_id=108。
2026-04-16 17:40:25 | WARNING | earnings_surprise_project | forecast 002202.SZ failed after retries: 抱歉，您每分钟最多访问该接口200次，权限的具体详情访问：https://tushare.pro/document/1?doc_id=108。
2026-04-16 17:40:25 | WARNING | earnings_surprise_project | forecast 002203.SZ failed after retries: 抱歉，您每分钟最多访问该接口200次，权限的具体详情访问：https://tushare.pro/document/1?doc_id=108。
2026-04-16 17:40:25 | WARNING | earnings_surprise_project | forecast 002200.SZ failed after retries: 抱歉，您每分钟最多访问该接口200次，权限的具体详情访问：https://tushare.pro/document/1?doc_id=108。
2026-04-16 17:40:28 | WARNING | earnings_surprise_project | forecast 002205.SZ failed after retries: 抱歉，您每分钟最多访问该接口200次，权限的具体详情访问：https://tushare.pro/document/1?doc_id=108。
2026-04-16 17:40:28 | WARNING | earnings_surprise_project | forecast 002209.SZ failed after retries: 抱歉，您每分钟最多访问该接口200次，权限的具体详情访问：https://tushare.pro/document/1?doc_id=108。
2026-04-16 17:40:28 | WARNING | earnings_surprise_project | forecast 002207.SZ failed after retries: 抱歉，您每分钟最多访问该接口200次，权限的具体详情访问：https://tushare.pro/document/1?doc_id=108。
2026-04-16 17:40:28 | WARNING | earnings_surprise_project | forecast 002208.SZ failed after retries: 抱歉，您每分钟最多访问该接口200次，权限的具体详情访问：https://tushare.pro/document/1?doc_id=108。
2026-04-16 17:40:28 | WARNING | earnings_surprise_project | forecast 002204.SZ failed after retries: 抱歉，您每分钟最多访问该接口200次，权限的具体详情访问：https://tushare.pro/document/1?doc_id=108。
2026-04-16 17:40:28 | WARNING | earnings_surprise_project | forecast 002210.SZ failed after retries: 抱歉，您每分钟最多访问该接口200次，权限的具体详情访问：https://tushare.pro/document/1?doc_id=108。
2026-04-16 17:40:28 | WARNING | earnings_surprise_project | forecast 002206.SZ failed after retries: 抱歉，您每分钟最多访问该接口200次，权限的具体详情访问：https://tushare.pro/document/1?doc_id=108。
2026-04-16 17:40:28 | WARNING | earnings_surprise_project | forecast 002213.SZ failed after retries: 抱歉，您每分钟最多访问该接口200次，权限的具体详情访问：https://tushare.pro/document/1?doc_id=108。
2026-04-16 17:40:28 | WARNING | earnings_surprise_project | forecast 002214.SZ failed after retries: 抱歉，您每分钟最多访问该接口200次，权限的具体详情访问：https://tushare.pro/document/1?doc_id=108。
2026-04-16 17:40:28 | WARNING | earnings_surprise_project | forecast 002212.SZ failed after retries: 抱歉，您每分钟最多访问该接口200次，权限的具体详情访问：https://tushare.pro/document/1?doc_id=108。
2026-04-16 17:40:28 | WARNING | earnings_surprise_project | forecast 002215.SZ failed after retries: 抱歉，您每分钟最多访问该接口200次，权限的具体详情访问：https://tushare.pro/document/1?doc_id=108。
2026-04-16 17:40:28 | WARNING | earnings_surprise_project | forecast 002211.SZ failed after retries: 抱歉，您每分钟最多访问该接口200次，权限的具体详情访问：https://tushare.pro/document/1?doc_id=108。
2026-04-16 17:40:31 | WARNING | earnings_surprise_project | forecast 002218.SZ failed after retries: 抱歉，您每分钟最多访问该接口200次，权限的具体详情访问：https://tushare.pro/document/1?doc_id=108。
2026-04-16 17:40:31 | WARNING | earnings_surprise_project | forecast 002221.SZ failed after retries: 抱歉，您每分钟最多访问该接口200次，权限的具体详情访问：https://tushare.pro/document/1?doc_id=108。
2026-04-16 17:40:31 | WARNING | earnings_surprise_project | forecast 002216.SZ failed after retries: 抱歉，您每分钟最多访问该接口200次，权限的具体详情访问：https://tushare.pro/document/1?doc_id=108。
2026-04-16 17:40:31 | WARNING | earnings_surprise_project | forecast 002222.SZ failed after retries: 抱歉，您每分钟最多访问该接口200次，权限的具体详情访问：https://tushare.pro/document/1?doc_id=108。
2026-04-16 17:40:31 | WARNING | earnings_surprise_project | forecast 002223.SZ failed after retries: 抱歉，您每分钟最多访问该接口200次，权限的具体详情访问：https://tushare.pro/document/1?doc_id=108。
2026-04-16 17:40:31 | WARNING | earnings_surprise_project | forecast 002219.SZ failed after retries: 抱歉，您每分钟最多访问该接口200次，权限的具体详情访问：https://tushare.pro/document/1?doc_id=108。
2026-04-16 17:40:31 | WARNING | earnings_surprise_project | forecast 002217.SZ failed after retries: 抱歉，您每分钟最多访问该接口200次，权限的具体详情访问：https://tushare.pro/document/1?doc_id=108。
2026-04-16 17:40:31 | WARNING | earnings_surprise_project | forecast 002226.SZ failed after retries: 抱歉，您每分钟最多访问该接口200次，权限的具体详情访问：https://tushare.pro/document/1?doc_id=108。
2026-04-16 17:40:31 | WARNING | earnings_surprise_project | forecast 002225.SZ failed after retries: 抱歉，您每分钟最多访问该接口200次，权限的具体详情访问：https://tushare.pro/document/1?doc_id=108。
2026-04-16 17:40:31 | WARNING | earnings_surprise_project | forecast 002224.SZ failed after retries: 抱歉，您每分钟最多访问该接口200次，权限的具体详情访问：https://tushare.pro/document/1?doc_id=108。
2026-04-16 17:40:31 | WARNING | earnings_surprise_project | forecast 002227.SZ failed after retries: 抱歉，您每分钟最多访问该接口200次，权限的具体详情访问：https://tushare.pro/document/1?doc_id=108。
2026-04-16 17:40:31 | WARNING | earnings_surprise_project | forecast 002228.SZ failed after retries: 抱歉，您每分钟最多访问该接口200次，权限的具体详情访问：https://tushare.pro/document/1?doc_id=108。
2026-04-16 17:40:34 | WARNING | earnings_surprise_project | forecast 002229.SZ failed after retries: 抱歉，您每分钟最多访问该接口200次，权限的具体详情访问：https://tushare.pro/document/1?doc_id=108。
2026-04-16 17:40:34 | WARNING | earnings_surprise_project | forecast 002233.SZ failed after retries: 抱歉，您每分钟最多访问该接口200次，权限的具体详情访问：https://tushare.pro/document/1?doc_id=108。
2026-04-16 17:40:34 | WARNING | earnings_surprise_project | forecast 002235.SZ failed after retries: 抱歉，您每分钟最多访问该接口200次，权限的具体详情访问：https://tushare.pro/document/1?doc_id=108。
2026-04-16 17:40:34 | WARNING | earnings_surprise_project | forecast 002232.SZ failed after retries: 抱歉，您每分钟最多访问该接口200次，权限的具体详情访问：https://tushare.pro/document/1?doc_id=108。
2026-04-16 17:40:34 | WARNING | earnings_surprise_project | forecast 002230.SZ failed after retries: 抱歉，您每分钟最多访问该接口200次，权限的具体详情访问：https://tushare.pro/document/1?doc_id=108。
2026-04-16 17:40:34 | WARNING | earnings_surprise_project | forecast 002234.SZ failed after retries: 抱歉，您每分钟最多访问该接口200次，权限的具体详情访问：https://tushare.pro/document/1?doc_id=108。
2026-04-16 17:40:34 | WARNING | earnings_surprise_project | forecast 002236.SZ failed after retries: 抱歉，您每分钟最多访问该接口200次，权限的具体详情访问：https://tushare.pro/document/1?doc_id=108。
2026-04-16 17:40:35 | WARNING | earnings_surprise_project | forecast 002237.SZ failed after retries: 抱歉，您每分钟最多访问该接口200次，权限的具体详情访问：https://tushare.pro/document/1?doc_id=108。
2026-04-16 17:40:35 | WARNING | earnings_surprise_project | forecast 002240.SZ failed after retries: 抱歉，您每分钟最多访问该接口200次，权限的具体详情访问：https://tushare.pro/document/1?doc_id=108。
2026-04-16 17:40:35 | WARNING | earnings_surprise_project | forecast 002241.SZ failed after retries: 抱歉，您每分钟最多访问该接口200次，权限的具体详情访问：https://tushare.pro/document/1?doc_id=108。
2026-04-16 17:40:35 | WARNING | earnings_surprise_project | forecast 002238.SZ failed after retries: 抱歉，您每分钟最多访问该接口200次，权限的具体详情访问：https://tushare.pro/document/1?doc_id=108。
2026-04-16 17:40:35 | WARNING | earnings_surprise_project | forecast 002239.SZ failed after retries: 抱歉，您每分钟最多访问该接口200次，权限的具体详情访问：https://tushare.pro/document/1?doc_id=108。
2026-04-16 17:40:38 | WARNING | earnings_surprise_project | forecast 002242.SZ failed after retries: 抱歉，您每分钟最多访问该接口200次，权限的具体详情访问：https://tushare.pro/document/1?doc_id=108。
2026-04-16 17:40:38 | WARNING | earnings_surprise_project | forecast 002246.SZ failed after retries: 抱歉，您每分钟最多访问该接口200次，权限的具体详情访问：https://tushare.pro/document/1?doc_id=108。
2026-04-16 17:40:38 | WARNING | earnings_surprise_project | forecast 002245.SZ failed after retries: 抱歉，您每分钟最多访问该接口200次，权限的具体详情访问：https://tushare.pro/document/1?doc_id=108。
2026-04-16 17:40:38 | WARNING | earnings_surprise_project | forecast 002244.SZ failed after retries: 抱歉，您每分钟最多访问该接口200次，权限的具体详情访问：https://tushare.pro/document/1?doc_id=108。
2026-04-16 17:40:38 | WARNING | earnings_surprise_project | forecast 002243.SZ failed after retries: 抱歉，您每分钟最多访问该接口200次，权限的具体详情访问：https://tushare.pro/document/1?doc_id=108。
2026-04-16 17:40:38 | WARNING | earnings_surprise_project | forecast 002247.SZ failed after retries: 抱歉，您每分钟最多访问该接口200次，权限的具体详情访问：https://tushare.pro/document/1?doc_id=108。
2026-04-16 17:40:38 | WARNING | earnings_surprise_project | forecast 002248.SZ failed after retries: 抱歉，您每分钟最多访问该接口200次，权限的具体详情访问：https://tushare.pro/document/1?doc_id=108。
2026-04-16 17:40:38 | WARNING | earnings_surprise_project | forecast 002250.SZ failed after retries: 抱歉，您每分钟最多访问该接口200次，权限的具体详情访问：https://tushare.pro/document/1?doc_id=108。
2026-04-16 17:40:38 | WARNING | earnings_surprise_project | forecast 002249.SZ failed after retries: 抱歉，您每分钟最多访问该接口200次，权限的具体详情访问：https://tushare.pro/document/1?doc_id=108。
2026-04-16 17:40:38 | WARNING | earnings_surprise_project | forecast 002253.SZ failed after retries: 抱歉，您每分钟最多访问该接口200次，权限的具体详情访问：https://tushare.pro/document/1?doc_id=108。
2026-04-16 17:40:38 | WARNING | earnings_surprise_project | forecast 002252.SZ failed after retries: 抱歉，您每分钟最多访问该接口200次，权限的具体详情访问：https://tushare.pro/document/1?doc_id=108。
2026-04-16 17:40:38 | WARNING | earnings_surprise_project | forecast 002251.SZ failed after retries: 抱歉，您每分钟最多访问该接口200次，权限的具体详情访问：https://tushare.pro/document/1?doc_id=108。
2026-04-16 17:40:41 | WARNING | earnings_surprise_project | forecast 002254.SZ failed after retries: 抱歉，您每分钟最多访问该接口200次，权限的具体详情访问：https://tushare.pro/document/1?doc_id=108。
2026-04-16 17:40:41 | WARNING | earnings_surprise_project | forecast 002255.SZ failed after retries: 抱歉，您每分钟最多访问该接口200次，权限的具体详情访问：https://tushare.pro/document/1?doc_id=108。
2026-04-16 17:40:41 | WARNING | earnings_surprise_project | forecast 002261.SZ failed after retries: 抱歉，您每分钟最多访问该接口200次，权限的具体详情访问：https://tushare.pro/document/1?doc_id=108。
2026-04-16 17:40:41 | WARNING | earnings_surprise_project | forecast 002259.SZ failed after retries: 抱歉，您每分钟最多访问该接口200次，权限的具体详情访问：https://tushare.pro/document/1?doc_id=108。
2026-04-16 17:40:41 | WARNING | earnings_surprise_project | forecast 002256.SZ failed after retries: 抱歉，您每分钟最多访问该接口200次，权限的具体详情访问：https://tushare.pro/document/1?doc_id=108。
2026-04-16 17:40:41 | WARNING | earnings_surprise_project | forecast 002258.SZ failed after retries: 抱歉，您每分钟最多访问该接口200次，权限的具体详情访问：https://tushare.pro/document/1?doc_id=108。
2026-04-16 17:40:41 | WARNING | earnings_surprise_project | forecast 002262.SZ failed after retries: 抱歉，您每分钟最多访问该接口200次，权限的具体详情访问：https://tushare.pro/document/1?doc_id=108。
2026-04-16 17:40:41 | WARNING | earnings_surprise_project | forecast 002263.SZ failed after retries: 抱歉，您每分钟最多访问该接口200次，权限的具体详情访问：https://tushare.pro/document/1?doc_id=108。
2026-04-16 17:40:41 | WARNING | earnings_surprise_project | forecast 002267.SZ failed after retries: 抱歉，您每分钟最多访问该接口200次，权限的具体详情访问：https://tushare.pro/document/1?doc_id=108。
2026-04-16 17:40:41 | WARNING | earnings_surprise_project | forecast 002264.SZ failed after retries: 抱歉，您每分钟最多访问该接口200次，权限的具体详情访问：https://tushare.pro/document/1?doc_id=108。
2026-04-16 17:40:41 | WARNING | earnings_surprise_project | forecast 002265.SZ failed after retries: 抱歉，您每分钟最多访问该接口200次，权限的具体详情访问：https://tushare.pro/document/1?doc_id=108。
2026-04-16 17:40:41 | WARNING | earnings_surprise_project | forecast 002266.SZ failed after retries: 抱歉，您每分钟最多访问该接口200次，权限的具体详情访问：https://tushare.pro/document/1?doc_id=108。
2026-04-16 17:40:45 | WARNING | earnings_surprise_project | forecast 002273.SZ failed after retries: 抱歉，您每分钟最多访问该接口200次，权限的具体详情访问：https://tushare.pro/document/1?doc_id=108。
2026-04-16 17:40:45 | WARNING | earnings_surprise_project | forecast 002272.SZ failed after retries: 抱歉，您每分钟最多访问该接口200次，权限的具体详情访问：https://tushare.pro/document/1?doc_id=108。
2026-04-16 17:40:45 | WARNING | earnings_surprise_project | forecast 002277.SZ failed after retries: 抱歉，您每分钟最多访问该接口200次，权限的具体详情访问：https://tushare.pro/document/1?doc_id=108。
2026-04-16 17:40:45 | WARNING | earnings_surprise_project | forecast 002269.SZ failed after retries: 抱歉，您每分钟最多访问该接口200次，权限的具体详情访问：https://tushare.pro/document/1?doc_id=108。
2026-04-16 17:40:45 | WARNING | earnings_surprise_project | forecast 002275.SZ failed after retries: 抱歉，您每分钟最多访问该接口200次，权限的具体详情访问：https://tushare.pro/document/1?doc_id=108。
2026-04-16 17:40:45 | WARNING | earnings_surprise_project | forecast 002274.SZ failed after retries: 抱歉，您每分钟最多访问该接口200次，权限的具体详情访问：https://tushare.pro/document/1?doc_id=108。
2026-04-16 17:40:45 | WARNING | earnings_surprise_project | forecast 002276.SZ failed after retries: 抱歉，您每分钟最多访问该接口200次，权限的具体详情访问：https://tushare.pro/document/1?doc_id=108。
2026-04-16 17:40:45 | WARNING | earnings_surprise_project | forecast 002268.SZ failed after retries: 抱歉，您每分钟最多访问该接口200次，权限的具体详情访问：https://tushare.pro/document/1?doc_id=108。
2026-04-16 17:40:45 | WARNING | earnings_surprise_project | forecast 002270.SZ failed after retries: 抱歉，您每分钟最多访问该接口200次，权限的具体详情访问：https://tushare.pro/document/1?doc_id=108。
2026-04-16 17:40:45 | WARNING | earnings_surprise_project | forecast 002279.SZ failed after retries: 抱歉，您每分钟最多访问该接口200次，权限的具体详情访问：https://tushare.pro/document/1?doc_id=108。
2026-04-16 17:40:45 | WARNING | earnings_surprise_project | forecast 002271.SZ failed after retries: 抱歉，您每分钟最多访问该接口200次，权限的具体详情访问：https://tushare.pro/document/1?doc_id=108。
2026-04-16 17:40:45 | WARNING | earnings_surprise_project | forecast 002278.SZ failed after retries: 抱歉，您每分钟最多访问该接口200次，权限的具体详情访问：https://tushare.pro/document/1?doc_id=108。
2026-04-16 17:40:49 | WARNING | earnings_surprise_project | forecast 002282.SZ failed after retries: 抱歉，您每分钟最多访问该接口200次，权限的具体详情访问：https://tushare.pro/document/1?doc_id=108。
2026-04-16 17:40:49 | WARNING | earnings_surprise_project | forecast 002285.SZ failed after retries: 抱歉，您每分钟最多访问该接口200次，权限的具体详情访问：https://tushare.pro/document/1?doc_id=108。
2026-04-16 17:40:49 | WARNING | earnings_surprise_project | forecast 002283.SZ failed after retries: 抱歉，您每分钟最多访问该接口200次，权限的具体详情访问：https://tushare.pro/document/1?doc_id=108。
2026-04-16 17:40:49 | WARNING | earnings_surprise_project | forecast 002287.SZ failed after retries: 抱歉，您每分钟最多访问该接口200次，权限的具体详情访问：https://tushare.pro/document/1?doc_id=108。
2026-04-16 17:40:49 | WARNING | earnings_surprise_project | forecast 002284.SZ failed after retries: 抱歉，您每分钟最多访问该接口200次，权限的具体详情访问：https://tushare.pro/document/1?doc_id=108。
2026-04-16 17:40:49 | WARNING | earnings_surprise_project | forecast 002281.SZ failed after retries: 抱歉，您每分钟最多访问该接口200次，权限的具体详情访问：https://tushare.pro/document/1?doc_id=108。
2026-04-16 17:40:49 | WARNING | earnings_surprise_project | forecast 002286.SZ failed after retries: 抱歉，您每分钟最多访问该接口200次，权限的具体详情访问：https://tushare.pro/document/1?doc_id=108。
2026-04-16 17:40:49 | WARNING | earnings_surprise_project | forecast 002289.SZ failed after retries: 抱歉，您每分钟最多访问该接口200次，权限的具体详情访问：https://tushare.pro/document/1?doc_id=108。
2026-04-16 17:40:49 | INFO | earnings_surprise_project | Guidance rows collected: 8611
2026-04-16 17:41:12 | WARNING | earnings_surprise_project | daily 002100.SZ failed after retries: 抱歉，您每分钟最多访问该接口500次，权限的具体详情访问：https://tushare.pro/document/1?doc_id=108。
2026-04-16 17:41:12 | WARNING | earnings_surprise_project | daily 002101.SZ failed after retries: 抱歉，您每分钟最多访问该接口500次，权限的具体详情访问：https://tushare.pro/document/1?doc_id=108。
2026-04-16 17:41:12 | WARNING | earnings_surprise_project | daily 002102.SZ failed after retries: 抱歉，您每分钟最多访问该接口500次，权限的具体详情访问：https://tushare.pro/document/1?doc_id=108。
2026-04-16 17:41:12 | WARNING | earnings_surprise_project | daily 002103.SZ failed after retries: 抱歉，您每分钟最多访问该接口500次，权限的具体详情访问：https://tushare.pro/document/1?doc_id=108。
2026-04-16 17:41:12 | WARNING | earnings_surprise_project | daily 002104.SZ failed after retries: 抱歉，您每分钟最多访问该接口500次，权限的具体详情访问：https://tushare.pro/document/1?doc_id=108。
2026-04-16 17:41:12 | WARNING | earnings_surprise_project | daily 002108.SZ failed after retries: 抱歉，您每分钟最多访问该接口500次，权限的具体详情访问：https://tushare.pro/document/1?doc_id=108。
2026-04-16 17:41:12 | WARNING | earnings_surprise_project | daily 002109.SZ failed after retries: 抱歉，您每分钟最多访问该接口500次，权限的具体详情访问：https://tushare.pro/document/1?doc_id=108。
2026-04-16 17:41:12 | WARNING | earnings_surprise_project | daily 002110.SZ failed after retries: 抱歉，您每分钟最多访问该接口500次，权限的具体详情访问：https://tushare.pro/document/1?doc_id=108。
2026-04-16 17:41:12 | WARNING | earnings_surprise_project | daily 002107.SZ failed after retries: 抱歉，您每分钟最多访问该接口500次，权限的具体详情访问：https://tushare.pro/document/1?doc_id=108。
2026-04-16 17:41:12 | WARNING | earnings_surprise_project | daily 002111.SZ failed after retries: 抱歉，您每分钟最多访问该接口500次，权限的具体详情访问：https://tushare.pro/document/1?doc_id=108。
2026-04-16 17:41:12 | WARNING | earnings_surprise_project | daily 002105.SZ failed after retries: 抱歉，您每分钟最多访问该接口500次，权限的具体详情访问：https://tushare.pro/document/1?doc_id=108。
2026-04-16 17:41:12 | WARNING | earnings_surprise_project | daily 002106.SZ failed after retries: 抱歉，您每分钟最多访问该接口500次，权限的具体详情访问：https://tushare.pro/document/1?doc_id=108。
2026-04-16 17:41:17 | WARNING | earnings_surprise_project | daily 002112.SZ failed after retries: 抱歉，您每分钟最多访问该接口500次，权限的具体详情访问：https://tushare.pro/document/1?doc_id=108。
2026-04-16 17:41:17 | WARNING | earnings_surprise_project | daily 002117.SZ failed after retries: 抱歉，您每分钟最多访问该接口500次，权限的具体详情访问：https://tushare.pro/document/1?doc_id=108。
2026-04-16 17:41:17 | WARNING | earnings_surprise_project | daily 002116.SZ failed after retries: 抱歉，您每分钟最多访问该接口500次，权限的具体详情访问：https://tushare.pro/document/1?doc_id=108。
2026-04-16 17:41:17 | WARNING | earnings_surprise_project | daily 002119.SZ failed after retries: 抱歉，您每分钟最多访问该接口500次，权限的具体详情访问：https://tushare.pro/document/1?doc_id=108。
2026-04-16 17:41:17 | WARNING | earnings_surprise_project | daily 002114.SZ failed after retries: 抱歉，您每分钟最多访问该接口500次，权限的具体详情访问：https://tushare.pro/document/1?doc_id=108。
2026-04-16 17:41:17 | WARNING | earnings_surprise_project | daily 002115.SZ failed after retries: 抱歉，您每分钟最多访问该接口500次，权限的具体详情访问：https://tushare.pro/document/1?doc_id=108。
2026-04-16 17:41:17 | WARNING | earnings_surprise_project | daily 002121.SZ failed after retries: 抱歉，您每分钟最多访问该接口500次，权限的具体详情访问：https://tushare.pro/document/1?doc_id=108。
2026-04-16 17:41:17 | WARNING | earnings_surprise_project | daily 002125.SZ failed after retries: 抱歉，您每分钟最多访问该接口500次，权限的具体详情访问：https://tushare.pro/document/1?doc_id=108。
2026-04-16 17:41:17 | WARNING | earnings_surprise_project | daily 002123.SZ failed after retries: 抱歉，您每分钟最多访问该接口500次，权限的具体详情访问：https://tushare.pro/document/1?doc_id=108。
2026-04-16 17:41:17 | WARNING | earnings_surprise_project | daily 002122.SZ failed after retries: 抱歉，您每分钟最多访问该接口500次，权限的具体详情访问：https://tushare.pro/document/1?doc_id=108。
2026-04-16 17:41:17 | WARNING | earnings_surprise_project | daily 002124.SZ failed after retries: 抱歉，您每分钟最多访问该接口500次，权限的具体详情访问：https://tushare.pro/document/1?doc_id=108。
2026-04-16 17:41:17 | WARNING | earnings_surprise_project | daily 002120.SZ failed after retries: 抱歉，您每分钟最多访问该接口500次，权限的具体详情访问：https://tushare.pro/document/1?doc_id=108。
2026-04-16 17:41:18 | WARNING | earnings_surprise_project | Akshare daily fallback failed for 002112.SZ: ('Connection aborted.', RemoteDisconnected('Remote end closed connection without response'))
2026-04-16 17:41:19 | WARNING | earnings_surprise_project | Akshare daily fallback failed for 002119.SZ: ('Connection aborted.', RemoteDisconnected('Remote end closed connection without response'))
2026-04-16 17:41:19 | WARNING | earnings_surprise_project | Akshare daily fallback failed for 002124.SZ: ('Connection aborted.', RemoteDisconnected('Remote end closed connection without response'))
2026-04-16 17:41:19 | WARNING | earnings_surprise_project | Akshare daily fallback failed for 002115.SZ: ('Connection aborted.', RemoteDisconnected('Remote end closed connection without response'))
2026-04-16 17:41:19 | WARNING | earnings_surprise_project | Akshare daily fallback failed for 002114.SZ: ('Connection aborted.', RemoteDisconnected('Remote end closed connection without response'))
2026-04-16 17:41:19 | WARNING | earnings_surprise_project | Akshare daily fallback failed for 002116.SZ: ('Connection aborted.', RemoteDisconnected('Remote end closed connection without response'))
2026-04-16 17:41:19 | WARNING | earnings_surprise_project | Akshare daily fallback failed for 002125.SZ: ('Connection aborted.', RemoteDisconnected('Remote end closed connection without response'))
2026-04-16 17:41:22 | WARNING | earnings_surprise_project | daily 002126.SZ failed after retries: 抱歉，您每分钟最多访问该接口500次，权限的具体详情访问：https://tushare.pro/document/1?doc_id=108。
2026-04-16 17:41:22 | WARNING | earnings_surprise_project | daily 002131.SZ failed after retries: 抱歉，您每分钟最多访问该接口500次，权限的具体详情访问：https://tushare.pro/document/1?doc_id=108。
2026-04-16 17:41:22 | WARNING | earnings_surprise_project | daily 002129.SZ failed after retries: 抱歉，您每分钟最多访问该接口500次，权限的具体详情访问：https://tushare.pro/document/1?doc_id=108。
2026-04-16 17:41:22 | WARNING | earnings_surprise_project | daily 002127.SZ failed after retries: 抱歉，您每分钟最多访问该接口500次，权限的具体详情访问：https://tushare.pro/document/1?doc_id=108。
2026-04-16 17:41:22 | WARNING | earnings_surprise_project | daily 002128.SZ failed after retries: 抱歉，您每分钟最多访问该接口500次，权限的具体详情访问：https://tushare.pro/document/1?doc_id=108。
2026-04-16 17:41:22 | WARNING | earnings_surprise_project | daily 002130.SZ failed after retries: 抱歉，您每分钟最多访问该接口500次，权限的具体详情访问：https://tushare.pro/document/1?doc_id=108。
2026-04-16 17:41:22 | WARNING | earnings_surprise_project | daily 002132.SZ failed after retries: 抱歉，您每分钟最多访问该接口500次，权限的具体详情访问：https://tushare.pro/document/1?doc_id=108。
2026-04-16 17:41:23 | WARNING | earnings_surprise_project | daily 002136.SZ failed after retries: 抱歉，您每分钟最多访问该接口500次，权限的具体详情访问：https://tushare.pro/document/1?doc_id=108。
2026-04-16 17:41:23 | WARNING | earnings_surprise_project | daily 002135.SZ failed after retries: 抱歉，您每分钟最多访问该接口500次，权限的具体详情访问：https://tushare.pro/document/1?doc_id=108。
2026-04-16 17:41:23 | WARNING | earnings_surprise_project | daily 002133.SZ failed after retries: 抱歉，您每分钟最多访问该接口500次，权限的具体详情访问：https://tushare.pro/document/1?doc_id=108。
2026-04-16 17:41:23 | WARNING | earnings_surprise_project | daily 002137.SZ failed after retries: 抱歉，您每分钟最多访问该接口500次，权限的具体详情访问：https://tushare.pro/document/1?doc_id=108。
2026-04-16 17:41:23 | WARNING | earnings_surprise_project | daily 002134.SZ failed after retries: 抱歉，您每分钟最多访问该接口500次，权限的具体详情访问：https://tushare.pro/document/1?doc_id=108。
2026-04-16 17:41:24 | WARNING | earnings_surprise_project | Akshare daily fallback failed for 002127.SZ: ('Connection aborted.', RemoteDisconnected('Remote end closed connection without response'))
2026-04-16 17:41:24 | WARNING | earnings_surprise_project | Akshare daily fallback failed for 002126.SZ: ('Connection aborted.', RemoteDisconnected('Remote end closed connection without response'))
2026-04-16 17:41:24 | WARNING | earnings_surprise_project | Akshare daily fallback failed for 002129.SZ: ('Connection aborted.', RemoteDisconnected('Remote end closed connection without response'))
2026-04-16 17:41:24 | WARNING | earnings_surprise_project | Akshare daily fallback failed for 002130.SZ: ('Connection aborted.', RemoteDisconnected('Remote end closed connection without response'))
2026-04-16 17:41:24 | WARNING | earnings_surprise_project | Akshare daily fallback failed for 002128.SZ: ('Connection aborted.', RemoteDisconnected('Remote end closed connection without response'))
2026-04-16 17:41:24 | WARNING | earnings_surprise_project | Akshare daily fallback failed for 002131.SZ: ('Connection aborted.', RemoteDisconnected('Remote end closed connection without response'))
2026-04-16 17:41:24 | WARNING | earnings_surprise_project | Akshare daily fallback failed for 002132.SZ: ('Connection aborted.', RemoteDisconnected('Remote end closed connection without response'))
2026-04-16 17:41:24 | WARNING | earnings_surprise_project | Akshare daily fallback failed for 002136.SZ: ('Connection aborted.', RemoteDisconnected('Remote end closed connection without response'))
2026-04-16 17:41:25 | WARNING | earnings_surprise_project | Akshare daily fallback failed for 002135.SZ: ('Connection aborted.', RemoteDisconnected('Remote end closed connection without response'))
2026-04-16 17:41:25 | WARNING | earnings_surprise_project | Akshare daily fallback failed for 002133.SZ: ('Connection aborted.', RemoteDisconnected('Remote end closed connection without response'))
2026-04-16 17:41:25 | WARNING | earnings_surprise_project | Akshare daily fallback failed for 002134.SZ: ('Connection aborted.', RemoteDisconnected('Remote end closed connection without response'))
2026-04-16 17:41:25 | WARNING | earnings_surprise_project | Akshare daily fallback failed for 002137.SZ: ('Connection aborted.', RemoteDisconnected('Remote end closed connection without response'))
2026-04-16 17:41:27 | WARNING | earnings_surprise_project | daily 002138.SZ failed after retries: 抱歉，您每分钟最多访问该接口500次，权限的具体详情访问：https://tushare.pro/document/1?doc_id=108。
2026-04-16 17:41:27 | WARNING | earnings_surprise_project | daily 002141.SZ failed after retries: 抱歉，您每分钟最多访问该接口500次，权限的具体详情访问：https://tushare.pro/document/1?doc_id=108。
2026-04-16 17:41:27 | WARNING | earnings_surprise_project | daily 002140.SZ failed after retries: 抱歉，您每分钟最多访问该接口500次，权限的具体详情访问：https://tushare.pro/document/1?doc_id=108。
2026-04-16 17:41:27 | WARNING | earnings_surprise_project | daily 002139.SZ failed after retries: 抱歉，您每分钟最多访问该接口500次，权限的具体详情访问：https://tushare.pro/document/1?doc_id=108。
2026-04-16 17:41:27 | WARNING | earnings_surprise_project | daily 002142.SZ failed after retries: 抱歉，您每分钟最多访问该接口500次，权限的具体详情访问：https://tushare.pro/document/1?doc_id=108。
2026-04-16 17:41:27 | WARNING | earnings_surprise_project | daily 002144.SZ failed after retries: 抱歉，您每分钟最多访问该接口500次，权限的具体详情访问：https://tushare.pro/document/1?doc_id=108。
2026-04-16 17:41:27 | WARNING | earnings_surprise_project | daily 002145.SZ failed after retries: 抱歉，您每分钟最多访问该接口500次，权限的具体详情访问：https://tushare.pro/document/1?doc_id=108。
2026-04-16 17:41:28 | WARNING | earnings_surprise_project | daily 002148.SZ failed after retries: 抱歉，您每分钟最多访问该接口500次，权限的具体详情访问：https://tushare.pro/document/1?doc_id=108。
2026-04-16 17:41:28 | WARNING | earnings_surprise_project | daily 002146.SZ failed after retries: 抱歉，您每分钟最多访问该接口500次，权限的具体详情访问：https://tushare.pro/document/1?doc_id=108。
2026-04-16 17:41:28 | WARNING | earnings_surprise_project | daily 002149.SZ failed after retries: 抱歉，您每分钟最多访问该接口500次，权限的具体详情访问：https://tushare.pro/document/1?doc_id=108。
2026-04-16 17:41:28 | WARNING | earnings_surprise_project | daily 002150.SZ failed after retries: 抱歉，您每分钟最多访问该接口500次，权限的具体详情访问：https://tushare.pro/document/1?doc_id=108。
2026-04-16 17:41:28 | WARNING | earnings_surprise_project | daily 002151.SZ failed after retries: 抱歉，您每分钟最多访问该接口500次，权限的具体详情访问：https://tushare.pro/document/1?doc_id=108。
2026-04-16 17:41:28 | WARNING | earnings_surprise_project | Akshare daily fallback failed for 002138.SZ: ('Connection aborted.', RemoteDisconnected('Remote end closed connection without response'))
2026-04-16 17:41:29 | WARNING | earnings_surprise_project | Akshare daily fallback failed for 002141.SZ: ('Connection aborted.', RemoteDisconnected('Remote end closed connection without response'))
2026-04-16 17:41:29 | WARNING | earnings_surprise_project | Akshare daily fallback failed for 002140.SZ: ('Connection aborted.', RemoteDisconnected('Remote end closed connection without response'))
2026-04-16 17:41:29 | WARNING | earnings_surprise_project | Akshare daily fallback failed for 002144.SZ: ('Connection aborted.', RemoteDisconnected('Remote end closed connection without response'))
2026-04-16 17:41:29 | WARNING | earnings_surprise_project | Akshare daily fallback failed for 002145.SZ: ('Connection aborted.', RemoteDisconnected('Remote end closed connection without response'))
2026-04-16 17:41:29 | WARNING | earnings_surprise_project | Akshare daily fallback failed for 002139.SZ: ('Connection aborted.', RemoteDisconnected('Remote end closed connection without response'))
2026-04-16 17:41:29 | WARNING | earnings_surprise_project | Akshare daily fallback failed for 002142.SZ: ('Connection aborted.', RemoteDisconnected('Remote end closed connection without response'))
2026-04-16 17:41:30 | WARNING | earnings_surprise_project | Akshare daily fallback failed for 002148.SZ: ('Connection aborted.', RemoteDisconnected('Remote end closed connection without response'))
2026-04-16 17:41:30 | WARNING | earnings_surprise_project | Akshare daily fallback failed for 002149.SZ: ('Connection aborted.', RemoteDisconnected('Remote end closed connection without response'))
2026-04-16 17:41:30 | WARNING | earnings_surprise_project | Akshare daily fallback failed for 002151.SZ: ('Connection aborted.', RemoteDisconnected('Remote end closed connection without response'))
2026-04-16 17:41:30 | WARNING | earnings_surprise_project | Akshare daily fallback failed for 002146.SZ: ('Connection aborted.', RemoteDisconnected('Remote end closed connection without response'))
2026-04-16 17:41:30 | WARNING | earnings_surprise_project | Akshare daily fallback failed for 002150.SZ: ('Connection aborted.', RemoteDisconnected('Remote end closed connection without response'))
2026-04-16 17:41:32 | WARNING | earnings_surprise_project | daily 002152.SZ failed after retries: 抱歉，您每分钟最多访问该接口500次，权限的具体详情访问：https://tushare.pro/document/1?doc_id=108。
2026-04-16 17:41:32 | WARNING | earnings_surprise_project | daily 002153.SZ failed after retries: 抱歉，您每分钟最多访问该接口500次，权限的具体详情访问：https://tushare.pro/document/1?doc_id=108。
2026-04-16 17:41:32 | WARNING | earnings_surprise_project | daily 002156.SZ failed after retries: 抱歉，您每分钟最多访问该接口500次，权限的具体详情访问：https://tushare.pro/document/1?doc_id=108。
2026-04-16 17:41:32 | WARNING | earnings_surprise_project | daily 002154.SZ failed after retries: 抱歉，您每分钟最多访问该接口500次，权限的具体详情访问：https://tushare.pro/document/1?doc_id=108。
2026-04-16 17:41:32 | WARNING | earnings_surprise_project | daily 002157.SZ failed after retries: 抱歉，您每分钟最多访问该接口500次，权限的具体详情访问：https://tushare.pro/document/1?doc_id=108。
2026-04-16 17:41:32 | WARNING | earnings_surprise_project | daily 002155.SZ failed after retries: 抱歉，您每分钟最多访问该接口500次，权限的具体详情访问：https://tushare.pro/document/1?doc_id=108。
2026-04-16 17:41:32 | WARNING | earnings_surprise_project | daily 002158.SZ failed after retries: 抱歉，您每分钟最多访问该接口500次，权限的具体详情访问：https://tushare.pro/document/1?doc_id=108。
2026-04-16 17:41:33 | WARNING | earnings_surprise_project | daily 002159.SZ failed after retries: 抱歉，您每分钟最多访问该接口500次，权限的具体详情访问：https://tushare.pro/document/1?doc_id=108。
2026-04-16 17:41:33 | WARNING | earnings_surprise_project | daily 002160.SZ failed after retries: 抱歉，您每分钟最多访问该接口500次，权限的具体详情访问：https://tushare.pro/document/1?doc_id=108。
2026-04-16 17:41:33 | WARNING | earnings_surprise_project | daily 002162.SZ failed after retries: 抱歉，您每分钟最多访问该接口500次，权限的具体详情访问：https://tushare.pro/document/1?doc_id=108。
2026-04-16 17:41:33 | WARNING | earnings_surprise_project | daily 002163.SZ failed after retries: 抱歉，您每分钟最多访问该接口500次，权限的具体详情访问：https://tushare.pro/document/1?doc_id=108。
2026-04-16 17:41:33 | WARNING | earnings_surprise_project | daily 002161.SZ failed after retries: 抱歉，您每分钟最多访问该接口500次，权限的具体详情访问：https://tushare.pro/document/1?doc_id=108。
2026-04-16 17:41:33 | WARNING | earnings_surprise_project | Akshare daily fallback failed for 002152.SZ: ('Connection aborted.', RemoteDisconnected('Remote end closed connection without response'))
2026-04-16 17:41:34 | WARNING | earnings_surprise_project | Akshare daily fallback failed for 002156.SZ: ('Connection aborted.', RemoteDisconnected('Remote end closed connection without response'))
2026-04-16 17:41:34 | WARNING | earnings_surprise_project | Akshare daily fallback failed for 002154.SZ: ('Connection aborted.', RemoteDisconnected('Remote end closed connection without response'))
2026-04-16 17:41:34 | WARNING | earnings_surprise_project | Akshare daily fallback failed for 002158.SZ: ('Connection aborted.', RemoteDisconnected('Remote end closed connection without response'))
2026-04-16 17:41:34 | WARNING | earnings_surprise_project | Akshare daily fallback failed for 002157.SZ: ('Connection aborted.', RemoteDisconnected('Remote end closed connection without response'))
2026-04-16 17:41:34 | WARNING | earnings_surprise_project | Akshare daily fallback failed for 002155.SZ: ('Connection aborted.', RemoteDisconnected('Remote end closed connection without response'))
2026-04-16 17:41:34 | WARNING | earnings_surprise_project | Akshare daily fallback failed for 002153.SZ: ('Connection aborted.', RemoteDisconnected('Remote end closed connection without response'))
2026-04-16 17:41:35 | WARNING | earnings_surprise_project | Akshare daily fallback failed for 002159.SZ: ('Connection aborted.', RemoteDisconnected('Remote end closed connection without response'))
2026-04-16 17:41:35 | WARNING | earnings_surprise_project | Akshare daily fallback failed for 002160.SZ: ('Connection aborted.', RemoteDisconnected('Remote end closed connection without response'))
2026-04-16 17:41:35 | WARNING | earnings_surprise_project | Akshare daily fallback failed for 002161.SZ: ('Connection aborted.', RemoteDisconnected('Remote end closed connection without response'))
2026-04-16 17:41:35 | WARNING | earnings_surprise_project | Akshare daily fallback failed for 002163.SZ: ('Connection aborted.', RemoteDisconnected('Remote end closed connection without response'))
2026-04-16 17:41:35 | WARNING | earnings_surprise_project | Akshare daily fallback failed for 002162.SZ: ('Connection aborted.', RemoteDisconnected('Remote end closed connection without response'))
2026-04-16 17:41:37 | WARNING | earnings_surprise_project | daily 002164.SZ failed after retries: 抱歉，您每分钟最多访问该接口500次，权限的具体详情访问：https://tushare.pro/document/1?doc_id=108。
2026-04-16 17:41:37 | WARNING | earnings_surprise_project | daily 002166.SZ failed after retries: 抱歉，您每分钟最多访问该接口500次，权限的具体详情访问：https://tushare.pro/document/1?doc_id=108。
2026-04-16 17:41:37 | WARNING | earnings_surprise_project | daily 002165.SZ failed after retries: 抱歉，您每分钟最多访问该接口500次，权限的具体详情访问：https://tushare.pro/document/1?doc_id=108。
2026-04-16 17:41:37 | WARNING | earnings_surprise_project | daily 002167.SZ failed after retries: 抱歉，您每分钟最多访问该接口500次，权限的具体详情访问：https://tushare.pro/document/1?doc_id=108。
2026-04-16 17:41:37 | WARNING | earnings_surprise_project | daily 002169.SZ failed after retries: 抱歉，您每分钟最多访问该接口500次，权限的具体详情访问：https://tushare.pro/document/1?doc_id=108。
2026-04-16 17:41:37 | WARNING | earnings_surprise_project | daily 002168.SZ failed after retries: 抱歉，您每分钟最多访问该接口500次，权限的具体详情访问：https://tushare.pro/document/1?doc_id=108。
2026-04-16 17:41:37 | WARNING | earnings_surprise_project | daily 002170.SZ failed after retries: 抱歉，您每分钟最多访问该接口500次，权限的具体详情访问：https://tushare.pro/document/1?doc_id=108。
2026-04-16 17:41:38 | WARNING | earnings_surprise_project | daily 002173.SZ failed after retries: 抱歉，您每分钟最多访问该接口500次，权限的具体详情访问：https://tushare.pro/document/1?doc_id=108。
2026-04-16 17:41:38 | WARNING | earnings_surprise_project | daily 002171.SZ failed after retries: 抱歉，您每分钟最多访问该接口500次，权限的具体详情访问：https://tushare.pro/document/1?doc_id=108。
2026-04-16 17:41:38 | WARNING | earnings_surprise_project | daily 002172.SZ failed after retries: 抱歉，您每分钟最多访问该接口500次，权限的具体详情访问：https://tushare.pro/document/1?doc_id=108。
2026-04-16 17:41:38 | WARNING | earnings_surprise_project | daily 002174.SZ failed after retries: 抱歉，您每分钟最多访问该接口500次，权限的具体详情访问：https://tushare.pro/document/1?doc_id=108。
2026-04-16 17:41:38 | WARNING | earnings_surprise_project | daily 002175.SZ failed after retries: 抱歉，您每分钟最多访问该接口500次，权限的具体详情访问：https://tushare.pro/document/1?doc_id=108。
2026-04-16 17:41:38 | WARNING | earnings_surprise_project | Akshare daily fallback failed for 002164.SZ: ('Connection aborted.', RemoteDisconnected('Remote end closed connection without response'))
2026-04-16 17:41:39 | WARNING | earnings_surprise_project | Akshare daily fallback failed for 002165.SZ: ('Connection aborted.', RemoteDisconnected('Remote end closed connection without response'))
2026-04-16 17:41:39 | WARNING | earnings_surprise_project | Akshare daily fallback failed for 002167.SZ: ('Connection aborted.', RemoteDisconnected('Remote end closed connection without response'))
2026-04-16 17:41:39 | WARNING | earnings_surprise_project | Akshare daily fallback failed for 002166.SZ: ('Connection aborted.', RemoteDisconnected('Remote end closed connection without response'))
2026-04-16 17:41:39 | WARNING | earnings_surprise_project | Akshare daily fallback failed for 002169.SZ: ('Connection aborted.', RemoteDisconnected('Remote end closed connection without response'))
2026-04-16 17:41:39 | WARNING | earnings_surprise_project | Akshare daily fallback failed for 002168.SZ: ('Connection aborted.', RemoteDisconnected('Remote end closed connection without response'))
2026-04-16 17:41:40 | WARNING | earnings_surprise_project | Akshare daily fallback failed for 002170.SZ: ('Connection aborted.', RemoteDisconnected('Remote end closed connection without response'))
2026-04-16 17:41:40 | WARNING | earnings_surprise_project | Akshare daily fallback failed for 002171.SZ: ('Connection aborted.', RemoteDisconnected('Remote end closed connection without response'))
2026-04-16 17:41:40 | WARNING | earnings_surprise_project | Akshare daily fallback failed for 002172.SZ: ('Connection aborted.', RemoteDisconnected('Remote end closed connection without response'))
2026-04-16 17:41:40 | WARNING | earnings_surprise_project | Akshare daily fallback failed for 002175.SZ: ('Connection aborted.', RemoteDisconnected('Remote end closed connection without response'))
2026-04-16 17:41:40 | WARNING | earnings_surprise_project | Akshare daily fallback failed for 002173.SZ: ('Connection aborted.', RemoteDisconnected('Remote end closed connection without response'))
2026-04-16 17:41:40 | WARNING | earnings_surprise_project | Akshare daily fallback failed for 002174.SZ: ('Connection aborted.', RemoteDisconnected('Remote end closed connection without response'))
2026-04-16 17:41:41 | WARNING | earnings_surprise_project | daily 002176.SZ failed after retries: 抱歉，您每分钟最多访问该接口500次，权限的具体详情访问：https://tushare.pro/document/1?doc_id=108。
2026-04-16 17:41:42 | WARNING | earnings_surprise_project | daily 002178.SZ failed after retries: 抱歉，您每分钟最多访问该接口500次，权限的具体详情访问：https://tushare.pro/document/1?doc_id=108。
2026-04-16 17:41:42 | WARNING | earnings_surprise_project | daily 002179.SZ failed after retries: 抱歉，您每分钟最多访问该接口500次，权限的具体详情访问：https://tushare.pro/document/1?doc_id=108。
2026-04-16 17:41:42 | WARNING | earnings_surprise_project | daily 002177.SZ failed after retries: 抱歉，您每分钟最多访问该接口500次，权限的具体详情访问：https://tushare.pro/document/1?doc_id=108。
2026-04-16 17:41:42 | WARNING | earnings_surprise_project | daily 002180.SZ failed after retries: 抱歉，您每分钟最多访问该接口500次，权限的具体详情访问：https://tushare.pro/document/1?doc_id=108。
2026-04-16 17:41:42 | WARNING | earnings_surprise_project | daily 002181.SZ failed after retries: 抱歉，您每分钟最多访问该接口500次，权限的具体详情访问：https://tushare.pro/document/1?doc_id=108。
2026-04-16 17:41:43 | WARNING | earnings_surprise_project | daily 002183.SZ failed after retries: 抱歉，您每分钟最多访问该接口500次，权限的具体详情访问：https://tushare.pro/document/1?doc_id=108。
2026-04-16 17:41:43 | WARNING | earnings_surprise_project | daily 002182.SZ failed after retries: 抱歉，您每分钟最多访问该接口500次，权限的具体详情访问：https://tushare.pro/document/1?doc_id=108。
2026-04-16 17:41:43 | WARNING | earnings_surprise_project | daily 002184.SZ failed after retries: 抱歉，您每分钟最多访问该接口500次，权限的具体详情访问：https://tushare.pro/document/1?doc_id=108。
2026-04-16 17:41:43 | WARNING | earnings_surprise_project | Akshare daily fallback failed for 002176.SZ: ('Connection aborted.', RemoteDisconnected('Remote end closed connection without response'))
2026-04-16 17:41:43 | WARNING | earnings_surprise_project | daily 002185.SZ failed after retries: 抱歉，您每分钟最多访问该接口500次，权限的具体详情访问：https://tushare.pro/document/1?doc_id=108。
2026-04-16 17:41:43 | WARNING | earnings_surprise_project | daily 002186.SZ failed after retries: 抱歉，您每分钟最多访问该接口500次，权限的具体详情访问：https://tushare.pro/document/1?doc_id=108。
2026-04-16 17:41:43 | WARNING | earnings_surprise_project | daily 002187.SZ failed after retries: 抱歉，您每分钟最多访问该接口500次，权限的具体详情访问：https://tushare.pro/document/1?doc_id=108。
2026-04-16 17:41:44 | WARNING | earnings_surprise_project | Akshare daily fallback failed for 002178.SZ: ('Connection aborted.', RemoteDisconnected('Remote end closed connection without response'))
2026-04-16 17:41:44 | WARNING | earnings_surprise_project | Akshare daily fallback failed for 002177.SZ: ('Connection aborted.', RemoteDisconnected('Remote end closed connection without response'))
2026-04-16 17:41:44 | WARNING | earnings_surprise_project | Akshare daily fallback failed for 002181.SZ: ('Connection aborted.', RemoteDisconnected('Remote end closed connection without response'))
2026-04-16 17:41:44 | WARNING | earnings_surprise_project | Akshare daily fallback failed for 002180.SZ: ('Connection aborted.', RemoteDisconnected('Remote end closed connection without response'))
2026-04-16 17:41:44 | WARNING | earnings_surprise_project | Akshare daily fallback failed for 002179.SZ: ('Connection aborted.', RemoteDisconnected('Remote end closed connection without response'))
2026-04-16 17:41:45 | WARNING | earnings_surprise_project | Akshare daily fallback failed for 002184.SZ: ('Connection aborted.', RemoteDisconnected('Remote end closed connection without response'))
2026-04-16 17:41:45 | WARNING | earnings_surprise_project | Akshare daily fallback failed for 002185.SZ: ('Connection aborted.', RemoteDisconnected('Remote end closed connection without response'))
2026-04-16 17:41:45 | WARNING | earnings_surprise_project | Akshare daily fallback failed for 002183.SZ: ('Connection aborted.', RemoteDisconnected('Remote end closed connection without response'))
2026-04-16 17:41:45 | WARNING | earnings_surprise_project | Akshare daily fallback failed for 002182.SZ: ('Connection aborted.', RemoteDisconnected('Remote end closed connection without response'))
2026-04-16 17:41:45 | WARNING | earnings_surprise_project | Akshare daily fallback failed for 002186.SZ: ('Connection aborted.', RemoteDisconnected('Remote end closed connection without response'))
2026-04-16 17:41:45 | WARNING | earnings_surprise_project | Akshare daily fallback failed for 002187.SZ: ('Connection aborted.', RemoteDisconnected('Remote end closed connection without response'))
2026-04-16 17:41:46 | WARNING | earnings_surprise_project | daily 002188.SZ failed after retries: 抱歉，您每分钟最多访问该接口500次，权限的具体详情访问：https://tushare.pro/document/1?doc_id=108。
2026-04-16 17:41:47 | WARNING | earnings_surprise_project | daily 002189.SZ failed after retries: 抱歉，您每分钟最多访问该接口500次，权限的具体详情访问：https://tushare.pro/document/1?doc_id=108。
2026-04-16 17:41:47 | WARNING | earnings_surprise_project | daily 002190.SZ failed after retries: 抱歉，您每分钟最多访问该接口500次，权限的具体详情访问：https://tushare.pro/document/1?doc_id=108。
2026-04-16 17:41:47 | WARNING | earnings_surprise_project | daily 002192.SZ failed after retries: 抱歉，您每分钟最多访问该接口500次，权限的具体详情访问：https://tushare.pro/document/1?doc_id=108。
2026-04-16 17:41:47 | WARNING | earnings_surprise_project | daily 002191.SZ failed after retries: 抱歉，您每分钟最多访问该接口500次，权限的具体详情访问：https://tushare.pro/document/1?doc_id=108。
2026-04-16 17:41:47 | WARNING | earnings_surprise_project | daily 002193.SZ failed after retries: 抱歉，您每分钟最多访问该接口500次，权限的具体详情访问：https://tushare.pro/document/1?doc_id=108。
2026-04-16 17:41:48 | WARNING | earnings_surprise_project | daily 002195.SZ failed after retries: 抱歉，您每分钟最多访问该接口500次，权限的具体详情访问：https://tushare.pro/document/1?doc_id=108。
2026-04-16 17:41:48 | WARNING | earnings_surprise_project | daily 002194.SZ failed after retries: 抱歉，您每分钟最多访问该接口500次，权限的具体详情访问：https://tushare.pro/document/1?doc_id=108。
2026-04-16 17:41:48 | WARNING | earnings_surprise_project | daily 002196.SZ failed after retries: 抱歉，您每分钟最多访问该接口500次，权限的具体详情访问：https://tushare.pro/document/1?doc_id=108。
2026-04-16 17:41:48 | WARNING | earnings_surprise_project | daily 002197.SZ failed after retries: 抱歉，您每分钟最多访问该接口500次，权限的具体详情访问：https://tushare.pro/document/1?doc_id=108。
2026-04-16 17:41:48 | WARNING | earnings_surprise_project | daily 002198.SZ failed after retries: 抱歉，您每分钟最多访问该接口500次，权限的具体详情访问：https://tushare.pro/document/1?doc_id=108。
2026-04-16 17:41:48 | WARNING | earnings_surprise_project | Akshare daily fallback failed for 002188.SZ: ('Connection aborted.', RemoteDisconnected('Remote end closed connection without response'))
2026-04-16 17:41:48 | WARNING | earnings_surprise_project | daily 002199.SZ failed after retries: 抱歉，您每分钟最多访问该接口500次，权限的具体详情访问：https://tushare.pro/document/1?doc_id=108。
2026-04-16 17:41:48 | WARNING | earnings_surprise_project | Akshare daily fallback failed for 002189.SZ: ('Connection aborted.', RemoteDisconnected('Remote end closed connection without response'))
2026-04-16 17:41:49 | WARNING | earnings_surprise_project | Akshare daily fallback failed for 002190.SZ: ('Connection aborted.', RemoteDisconnected('Remote end closed connection without response'))
2026-04-16 17:41:49 | WARNING | earnings_surprise_project | Akshare daily fallback failed for 002192.SZ: ('Connection aborted.', RemoteDisconnected('Remote end closed connection without response'))
2026-04-16 17:41:49 | WARNING | earnings_surprise_project | Akshare daily fallback failed for 002193.SZ: ('Connection aborted.', RemoteDisconnected('Remote end closed connection without response'))
2026-04-16 17:41:49 | WARNING | earnings_surprise_project | Akshare daily fallback failed for 002191.SZ: ('Connection aborted.', RemoteDisconnected('Remote end closed connection without response'))
2026-04-16 17:41:50 | WARNING | earnings_surprise_project | Akshare daily fallback failed for 002195.SZ: ('Connection aborted.', RemoteDisconnected('Remote end closed connection without response'))
2026-04-16 17:41:50 | WARNING | earnings_surprise_project | Akshare daily fallback failed for 002197.SZ: ('Connection aborted.', RemoteDisconnected('Remote end closed connection without response'))
2026-04-16 17:41:50 | WARNING | earnings_surprise_project | Akshare daily fallback failed for 002194.SZ: ('Connection aborted.', RemoteDisconnected('Remote end closed connection without response'))
2026-04-16 17:41:50 | WARNING | earnings_surprise_project | Akshare daily fallback failed for 002196.SZ: ('Connection aborted.', RemoteDisconnected('Remote end closed connection without response'))
2026-04-16 17:41:50 | WARNING | earnings_surprise_project | Akshare daily fallback failed for 002198.SZ: ('Connection aborted.', RemoteDisconnected('Remote end closed connection without response'))
2026-04-16 17:41:50 | WARNING | earnings_surprise_project | Akshare daily fallback failed for 002199.SZ: ('Connection aborted.', RemoteDisconnected('Remote end closed connection without response'))
2026-04-16 17:41:54 | INFO | earnings_surprise_project | Stock daily prices collected: 1040358 rows
2026-04-16 17:42:04 | WARNING | earnings_surprise_project | daily_basic 000862.SZ failed after retries: 抱歉，您每分钟最多访问该接口200次，权限的具体详情访问：https://tushare.pro/document/1?doc_id=108。
2026-04-16 17:42:04 | WARNING | earnings_surprise_project | daily_basic 000859.SZ failed after retries: 抱歉，您每分钟最多访问该接口200次，权限的具体详情访问：https://tushare.pro/document/1?doc_id=108。
2026-04-16 17:42:04 | WARNING | earnings_surprise_project | daily_basic 000863.SZ failed after retries: 抱歉，您每分钟最多访问该接口200次，权限的具体详情访问：https://tushare.pro/document/1?doc_id=108。
2026-04-16 17:42:04 | WARNING | earnings_surprise_project | daily_basic 000868.SZ failed after retries: 抱歉，您每分钟最多访问该接口200次，权限的具体详情访问：https://tushare.pro/document/1?doc_id=108。
2026-04-16 17:42:04 | WARNING | earnings_surprise_project | daily_basic 000875.SZ failed after retries: 抱歉，您每分钟最多访问该接口200次，权限的具体详情访问：https://tushare.pro/document/1?doc_id=108。
2026-04-16 17:42:04 | WARNING | earnings_surprise_project | daily_basic 000869.SZ failed after retries: 抱歉，您每分钟最多访问该接口200次，权限的具体详情访问：https://tushare.pro/document/1?doc_id=108。
2026-04-16 17:42:04 | WARNING | earnings_surprise_project | daily_basic 000876.SZ failed after retries: 抱歉，您每分钟最多访问该接口200次，权限的具体详情访问：https://tushare.pro/document/1?doc_id=108。
2026-04-16 17:42:04 | WARNING | earnings_surprise_project | daily_basic 000877.SZ failed after retries: 抱歉，您每分钟最多访问该接口200次，权限的具体详情访问：https://tushare.pro/document/1?doc_id=108。
2026-04-16 17:42:04 | WARNING | earnings_surprise_project | daily_basic 000878.SZ failed after retries: 抱歉，您每分钟最多访问该接口200次，权限的具体详情访问：https://tushare.pro/document/1?doc_id=108。
2026-04-16 17:42:04 | WARNING | earnings_surprise_project | daily_basic 000882.SZ failed after retries: 抱歉，您每分钟最多访问该接口200次，权限的具体详情访问：https://tushare.pro/document/1?doc_id=108。
2026-04-16 17:42:04 | WARNING | earnings_surprise_project | daily_basic 000880.SZ failed after retries: 抱歉，您每分钟最多访问该接口200次，权限的具体详情访问：https://tushare.pro/document/1?doc_id=108。
2026-04-16 17:42:04 | WARNING | earnings_surprise_project | daily_basic 000881.SZ failed after retries: 抱歉，您每分钟最多访问该接口200次，权限的具体详情访问：https://tushare.pro/document/1?doc_id=108。
2026-04-16 17:42:07 | WARNING | earnings_surprise_project | daily_basic 000883.SZ failed after retries: 抱歉，您每分钟最多访问该接口200次，权限的具体详情访问：https://tushare.pro/document/1?doc_id=108。
2026-04-16 17:42:07 | WARNING | earnings_surprise_project | daily_basic 000886.SZ failed after retries: 抱歉，您每分钟最多访问该接口200次，权限的具体详情访问：https://tushare.pro/document/1?doc_id=108。
2026-04-16 17:42:07 | WARNING | earnings_surprise_project | daily_basic 000885.SZ failed after retries: 抱歉，您每分钟最多访问该接口200次，权限的具体详情访问：https://tushare.pro/document/1?doc_id=108。
2026-04-16 17:42:07 | WARNING | earnings_surprise_project | daily_basic 000887.SZ failed after retries: 抱歉，您每分钟最多访问该接口200次，权限的具体详情访问：https://tushare.pro/document/1?doc_id=108。
2026-04-16 17:42:07 | WARNING | earnings_surprise_project | daily_basic 000889.SZ failed after retries: 抱歉，您每分钟最多访问该接口200次，权限的具体详情访问：https://tushare.pro/document/1?doc_id=108。
2026-04-16 17:42:07 | WARNING | earnings_surprise_project | daily_basic 000888.SZ failed after retries: 抱歉，您每分钟最多访问该接口200次，权限的具体详情访问：https://tushare.pro/document/1?doc_id=108。
2026-04-16 17:42:07 | WARNING | earnings_surprise_project | daily_basic 000892.SZ failed after retries: 抱歉，您每分钟最多访问该接口200次，权限的具体详情访问：https://tushare.pro/document/1?doc_id=108。
2026-04-16 17:42:07 | WARNING | earnings_surprise_project | daily_basic 000890.SZ failed after retries: 抱歉，您每分钟最多访问该接口200次，权限的具体详情访问：https://tushare.pro/document/1?doc_id=108。
2026-04-16 17:42:08 | WARNING | earnings_surprise_project | daily_basic 000893.SZ failed after retries: 抱歉，您每分钟最多访问该接口200次，权限的具体详情访问：https://tushare.pro/document/1?doc_id=108。
2026-04-16 17:42:08 | WARNING | earnings_surprise_project | daily_basic 000895.SZ failed after retries: 抱歉，您每分钟最多访问该接口200次，权限的具体详情访问：https://tushare.pro/document/1?doc_id=108。
2026-04-16 17:42:08 | WARNING | earnings_surprise_project | daily_basic 000898.SZ failed after retries: 抱歉，您每分钟最多访问该接口200次，权限的具体详情访问：https://tushare.pro/document/1?doc_id=108。
2026-04-16 17:42:08 | WARNING | earnings_surprise_project | daily_basic 000897.SZ failed after retries: 抱歉，您每分钟最多访问该接口200次，权限的具体详情访问：https://tushare.pro/document/1?doc_id=108。
2026-04-16 17:42:10 | WARNING | earnings_surprise_project | daily_basic 000899.SZ failed after retries: 抱歉，您每分钟最多访问该接口200次，权限的具体详情访问：https://tushare.pro/document/1?doc_id=108。
2026-04-16 17:42:11 | WARNING | earnings_surprise_project | daily_basic 000900.SZ failed after retries: 抱歉，您每分钟最多访问该接口200次，权限的具体详情访问：https://tushare.pro/document/1?doc_id=108。
2026-04-16 17:42:11 | WARNING | earnings_surprise_project | daily_basic 000901.SZ failed after retries: 抱歉，您每分钟最多访问该接口200次，权限的具体详情访问：https://tushare.pro/document/1?doc_id=108。
2026-04-16 17:42:11 | WARNING | earnings_surprise_project | daily_basic 000902.SZ failed after retries: 抱歉，您每分钟最多访问该接口200次，权限的具体详情访问：https://tushare.pro/document/1?doc_id=108。
2026-04-16 17:42:11 | WARNING | earnings_surprise_project | daily_basic 000905.SZ failed after retries: 抱歉，您每分钟最多访问该接口200次，权限的具体详情访问：https://tushare.pro/document/1?doc_id=108。
2026-04-16 17:42:11 | WARNING | earnings_surprise_project | daily_basic 000906.SZ failed after retries: 抱歉，您每分钟最多访问该接口200次，权限的具体详情访问：https://tushare.pro/document/1?doc_id=108。
2026-04-16 17:42:11 | WARNING | earnings_surprise_project | daily_basic 000903.SZ failed after retries: 抱歉，您每分钟最多访问该接口200次，权限的具体详情访问：https://tushare.pro/document/1?doc_id=108。
2026-04-16 17:42:11 | WARNING | earnings_surprise_project | daily_basic 000908.SZ failed after retries: 抱歉，您每分钟最多访问该接口200次，权限的具体详情访问：https://tushare.pro/document/1?doc_id=108。
2026-04-16 17:42:11 | WARNING | earnings_surprise_project | daily_basic 000911.SZ failed after retries: 抱歉，您每分钟最多访问该接口200次，权限的具体详情访问：https://tushare.pro/document/1?doc_id=108。
2026-04-16 17:42:11 | WARNING | earnings_surprise_project | daily_basic 000909.SZ failed after retries: 抱歉，您每分钟最多访问该接口200次，权限的具体详情访问：https://tushare.pro/document/1?doc_id=108。
2026-04-16 17:42:11 | WARNING | earnings_surprise_project | daily_basic 000912.SZ failed after retries: 抱歉，您每分钟最多访问该接口200次，权限的具体详情访问：https://tushare.pro/document/1?doc_id=108。
2026-04-16 17:42:11 | WARNING | earnings_surprise_project | daily_basic 000910.SZ failed after retries: 抱歉，您每分钟最多访问该接口200次，权限的具体详情访问：https://tushare.pro/document/1?doc_id=108。
2026-04-16 17:42:14 | WARNING | earnings_surprise_project | daily_basic 000913.SZ failed after retries: 抱歉，您每分钟最多访问该接口200次，权限的具体详情访问：https://tushare.pro/document/1?doc_id=108。
2026-04-16 17:42:14 | WARNING | earnings_surprise_project | daily_basic 000915.SZ failed after retries: 抱歉，您每分钟最多访问该接口200次，权限的具体详情访问：https://tushare.pro/document/1?doc_id=108。
2026-04-16 17:42:14 | WARNING | earnings_surprise_project | daily_basic 000917.SZ failed after retries: 抱歉，您每分钟最多访问该接口200次，权限的具体详情访问：https://tushare.pro/document/1?doc_id=108。
2026-04-16 17:42:14 | WARNING | earnings_surprise_project | daily_basic 000919.SZ failed after retries: 抱歉，您每分钟最多访问该接口200次，权限的具体详情访问：https://tushare.pro/document/1?doc_id=108。
2026-04-16 17:42:14 | WARNING | earnings_surprise_project | daily_basic 000922.SZ failed after retries: 抱歉，您每分钟最多访问该接口200次，权限的具体详情访问：https://tushare.pro/document/1?doc_id=108。
2026-04-16 17:42:14 | WARNING | earnings_surprise_project | daily_basic 000920.SZ failed after retries: 抱歉，您每分钟最多访问该接口200次，权限的具体详情访问：https://tushare.pro/document/1?doc_id=108。
2026-04-16 17:42:14 | WARNING | earnings_surprise_project | daily_basic 000921.SZ failed after retries: 抱歉，您每分钟最多访问该接口200次，权限的具体详情访问：https://tushare.pro/document/1?doc_id=108。
2026-04-16 17:42:14 | WARNING | earnings_surprise_project | daily_basic 000923.SZ failed after retries: 抱歉，您每分钟最多访问该接口200次，权限的具体详情访问：https://tushare.pro/document/1?doc_id=108。
2026-04-16 17:42:14 | WARNING | earnings_surprise_project | daily_basic 000926.SZ failed after retries: 抱歉，您每分钟最多访问该接口200次，权限的具体详情访问：https://tushare.pro/document/1?doc_id=108。
2026-04-16 17:42:14 | WARNING | earnings_surprise_project | daily_basic 000927.SZ failed after retries: 抱歉，您每分钟最多访问该接口200次，权限的具体详情访问：https://tushare.pro/document/1?doc_id=108。
2026-04-16 17:42:14 | WARNING | earnings_surprise_project | daily_basic 000925.SZ failed after retries: 抱歉，您每分钟最多访问该接口200次，权限的具体详情访问：https://tushare.pro/document/1?doc_id=108。
2026-04-16 17:42:14 | WARNING | earnings_surprise_project | daily_basic 000928.SZ failed after retries: 抱歉，您每分钟最多访问该接口200次，权限的具体详情访问：https://tushare.pro/document/1?doc_id=108。
2026-04-16 17:42:17 | WARNING | earnings_surprise_project | daily_basic 000932.SZ failed after retries: 抱歉，您每分钟最多访问该接口200次，权限的具体详情访问：https://tushare.pro/document/1?doc_id=108。
2026-04-16 17:42:17 | WARNING | earnings_surprise_project | daily_basic 000929.SZ failed after retries: 抱歉，您每分钟最多访问该接口200次，权限的具体详情访问：https://tushare.pro/document/1?doc_id=108。
2026-04-16 17:42:17 | WARNING | earnings_surprise_project | daily_basic 000931.SZ failed after retries: 抱歉，您每分钟最多访问该接口200次，权限的具体详情访问：https://tushare.pro/document/1?doc_id=108。
2026-04-16 17:42:17 | WARNING | earnings_surprise_project | daily_basic 000930.SZ failed after retries: 抱歉，您每分钟最多访问该接口200次，权限的具体详情访问：https://tushare.pro/document/1?doc_id=108。
2026-04-16 17:42:17 | WARNING | earnings_surprise_project | daily_basic 000933.SZ failed after retries: 抱歉，您每分钟最多访问该接口200次，权限的具体详情访问：https://tushare.pro/document/1?doc_id=108。
2026-04-16 17:42:17 | WARNING | earnings_surprise_project | daily_basic 000936.SZ failed after retries: 抱歉，您每分钟最多访问该接口200次，权限的具体详情访问：https://tushare.pro/document/1?doc_id=108。
2026-04-16 17:42:17 | WARNING | earnings_surprise_project | daily_basic 000935.SZ failed after retries: 抱歉，您每分钟最多访问该接口200次，权限的具体详情访问：https://tushare.pro/document/1?doc_id=108。
2026-04-16 17:42:17 | WARNING | earnings_surprise_project | daily_basic 000937.SZ failed after retries: 抱歉，您每分钟最多访问该接口200次，权限的具体详情访问：https://tushare.pro/document/1?doc_id=108。
2026-04-16 17:42:17 | WARNING | earnings_surprise_project | daily_basic 000938.SZ failed after retries: 抱歉，您每分钟最多访问该接口200次，权限的具体详情访问：https://tushare.pro/document/1?doc_id=108。
2026-04-16 17:42:17 | WARNING | earnings_surprise_project | daily_basic 000948.SZ failed after retries: 抱歉，您每分钟最多访问该接口200次，权限的具体详情访问：https://tushare.pro/document/1?doc_id=108。
2026-04-16 17:42:17 | WARNING | earnings_surprise_project | daily_basic 000949.SZ failed after retries: 抱歉，您每分钟最多访问该接口200次，权限的具体详情访问：https://tushare.pro/document/1?doc_id=108。
2026-04-16 17:42:17 | WARNING | earnings_surprise_project | daily_basic 000950.SZ failed after retries: 抱歉，您每分钟最多访问该接口200次，权限的具体详情访问：https://tushare.pro/document/1?doc_id=108。
2026-04-16 17:42:20 | WARNING | earnings_surprise_project | daily_basic 000952.SZ failed after retries: 抱歉，您每分钟最多访问该接口200次，权限的具体详情访问：https://tushare.pro/document/1?doc_id=108。
2026-04-16 17:42:20 | WARNING | earnings_surprise_project | daily_basic 000951.SZ failed after retries: 抱歉，您每分钟最多访问该接口200次，权限的具体详情访问：https://tushare.pro/document/1?doc_id=108。
2026-04-16 17:42:20 | WARNING | earnings_surprise_project | daily_basic 000953.SZ failed after retries: 抱歉，您每分钟最多访问该接口200次，权限的具体详情访问：https://tushare.pro/document/1?doc_id=108。
2026-04-16 17:42:20 | WARNING | earnings_surprise_project | daily_basic 000957.SZ failed after retries: 抱歉，您每分钟最多访问该接口200次，权限的具体详情访问：https://tushare.pro/document/1?doc_id=108。
2026-04-16 17:42:20 | WARNING | earnings_surprise_project | daily_basic 000955.SZ failed after retries: 抱歉，您每分钟最多访问该接口200次，权限的具体详情访问：https://tushare.pro/document/1?doc_id=108。
2026-04-16 17:42:20 | WARNING | earnings_surprise_project | daily_basic 000958.SZ failed after retries: 抱歉，您每分钟最多访问该接口200次，权限的具体详情访问：https://tushare.pro/document/1?doc_id=108。
2026-04-16 17:42:20 | WARNING | earnings_surprise_project | daily_basic 000959.SZ failed after retries: 抱歉，您每分钟最多访问该接口200次，权限的具体详情访问：https://tushare.pro/document/1?doc_id=108。
2026-04-16 17:42:20 | WARNING | earnings_surprise_project | daily_basic 000960.SZ failed after retries: 抱歉，您每分钟最多访问该接口200次，权限的具体详情访问：https://tushare.pro/document/1?doc_id=108。
2026-04-16 17:42:21 | WARNING | earnings_surprise_project | daily_basic 000962.SZ failed after retries: 抱歉，您每分钟最多访问该接口200次，权限的具体详情访问：https://tushare.pro/document/1?doc_id=108。
2026-04-16 17:42:21 | WARNING | earnings_surprise_project | daily_basic 000966.SZ failed after retries: 抱歉，您每分钟最多访问该接口200次，权限的具体详情访问：https://tushare.pro/document/1?doc_id=108。
2026-04-16 17:42:21 | WARNING | earnings_surprise_project | daily_basic 000963.SZ failed after retries: 抱歉，您每分钟最多访问该接口200次，权限的具体详情访问：https://tushare.pro/document/1?doc_id=108。
2026-04-16 17:42:21 | WARNING | earnings_surprise_project | daily_basic 000965.SZ failed after retries: 抱歉，您每分钟最多访问该接口200次，权限的具体详情访问：https://tushare.pro/document/1?doc_id=108。
2026-04-16 17:42:24 | WARNING | earnings_surprise_project | daily_basic 000968.SZ failed after retries: 抱歉，您每分钟最多访问该接口200次，权限的具体详情访问：https://tushare.pro/document/1?doc_id=108。
2026-04-16 17:42:24 | WARNING | earnings_surprise_project | daily_basic 000969.SZ failed after retries: 抱歉，您每分钟最多访问该接口200次，权限的具体详情访问：https://tushare.pro/document/1?doc_id=108。
2026-04-16 17:42:24 | WARNING | earnings_surprise_project | daily_basic 000972.SZ failed after retries: 抱歉，您每分钟最多访问该接口200次，权限的具体详情访问：https://tushare.pro/document/1?doc_id=108。
2026-04-16 17:42:24 | WARNING | earnings_surprise_project | daily_basic 000970.SZ failed after retries: 抱歉，您每分钟最多访问该接口200次，权限的具体详情访问：https://tushare.pro/document/1?doc_id=108。
2026-04-16 17:42:24 | WARNING | earnings_surprise_project | daily_basic 000967.SZ failed after retries: 抱歉，您每分钟最多访问该接口200次，权限的具体详情访问：https://tushare.pro/document/1?doc_id=108。
2026-04-16 17:42:24 | WARNING | earnings_surprise_project | daily_basic 000973.SZ failed after retries: 抱歉，您每分钟最多访问该接口200次，权限的具体详情访问：https://tushare.pro/document/1?doc_id=108。
2026-04-16 17:42:24 | WARNING | earnings_surprise_project | daily_basic 000977.SZ failed after retries: 抱歉，您每分钟最多访问该接口200次，权限的具体详情访问：https://tushare.pro/document/1?doc_id=108。
2026-04-16 17:42:24 | WARNING | earnings_surprise_project | daily_basic 000975.SZ failed after retries: 抱歉，您每分钟最多访问该接口200次，权限的具体详情访问：https://tushare.pro/document/1?doc_id=108。
2026-04-16 17:42:24 | WARNING | earnings_surprise_project | daily_basic 000978.SZ failed after retries: 抱歉，您每分钟最多访问该接口200次，权限的具体详情访问：https://tushare.pro/document/1?doc_id=108。
2026-04-16 17:42:24 | WARNING | earnings_surprise_project | daily_basic 000980.SZ failed after retries: 抱歉，您每分钟最多访问该接口200次，权限的具体详情访问：https://tushare.pro/document/1?doc_id=108。
2026-04-16 17:42:24 | WARNING | earnings_surprise_project | daily_basic 000983.SZ failed after retries: 抱歉，您每分钟最多访问该接口200次，权限的具体详情访问：https://tushare.pro/document/1?doc_id=108。
2026-04-16 17:42:24 | WARNING | earnings_surprise_project | daily_basic 000981.SZ failed after retries: 抱歉，您每分钟最多访问该接口200次，权限的具体详情访问：https://tushare.pro/document/1?doc_id=108。
2026-04-16 17:42:27 | WARNING | earnings_surprise_project | daily_basic 000988.SZ failed after retries: 抱歉，您每分钟最多访问该接口200次，权限的具体详情访问：https://tushare.pro/document/1?doc_id=108。
2026-04-16 17:42:27 | WARNING | earnings_surprise_project | daily_basic 000990.SZ failed after retries: 抱歉，您每分钟最多访问该接口200次，权限的具体详情访问：https://tushare.pro/document/1?doc_id=108。
2026-04-16 17:42:27 | WARNING | earnings_surprise_project | daily_basic 000985.SZ failed after retries: 抱歉，您每分钟最多访问该接口200次，权限的具体详情访问：https://tushare.pro/document/1?doc_id=108。
2026-04-16 17:42:27 | WARNING | earnings_surprise_project | daily_basic 000989.SZ failed after retries: 抱歉，您每分钟最多访问该接口200次，权限的具体详情访问：https://tushare.pro/document/1?doc_id=108。
2026-04-16 17:42:27 | WARNING | earnings_surprise_project | daily_basic 000995.SZ failed after retries: 抱歉，您每分钟最多访问该接口200次，权限的具体详情访问：https://tushare.pro/document/1?doc_id=108。
2026-04-16 17:42:27 | WARNING | earnings_surprise_project | daily_basic 000987.SZ failed after retries: 抱歉，您每分钟最多访问该接口200次，权限的具体详情访问：https://tushare.pro/document/1?doc_id=108。
2026-04-16 17:42:27 | WARNING | earnings_surprise_project | daily_basic 000993.SZ failed after retries: 抱歉，您每分钟最多访问该接口200次，权限的具体详情访问：https://tushare.pro/document/1?doc_id=108。
2026-04-16 17:42:27 | WARNING | earnings_surprise_project | daily_basic 000997.SZ failed after retries: 抱歉，您每分钟最多访问该接口200次，权限的具体详情访问：https://tushare.pro/document/1?doc_id=108。
2026-04-16 17:42:27 | WARNING | earnings_surprise_project | daily_basic 000998.SZ failed after retries: 抱歉，您每分钟最多访问该接口200次，权限的具体详情访问：https://tushare.pro/document/1?doc_id=108。
2026-04-16 17:42:27 | WARNING | earnings_surprise_project | daily_basic 000999.SZ failed after retries: 抱歉，您每分钟最多访问该接口200次，权限的具体详情访问：https://tushare.pro/document/1?doc_id=108。
2026-04-16 17:42:27 | WARNING | earnings_surprise_project | daily_basic 001202.SZ failed after retries: 抱歉，您每分钟最多访问该接口200次，权限的具体详情访问：https://tushare.pro/document/1?doc_id=108。
2026-04-16 17:42:27 | WARNING | earnings_surprise_project | daily_basic 001201.SZ failed after retries: 抱歉，您每分钟最多访问该接口200次，权限的具体详情访问：https://tushare.pro/document/1?doc_id=108。
2026-04-16 17:42:30 | WARNING | earnings_surprise_project | daily_basic 001206.SZ failed after retries: 抱歉，您每分钟最多访问该接口200次，权限的具体详情访问：https://tushare.pro/document/1?doc_id=108。
2026-04-16 17:42:30 | WARNING | earnings_surprise_project | daily_basic 001205.SZ failed after retries: 抱歉，您每分钟最多访问该接口200次，权限的具体详情访问：https://tushare.pro/document/1?doc_id=108。
2026-04-16 17:42:30 | WARNING | earnings_surprise_project | daily_basic 001203.SZ failed after retries: 抱歉，您每分钟最多访问该接口200次，权限的具体详情访问：https://tushare.pro/document/1?doc_id=108。
2026-04-16 17:42:30 | WARNING | earnings_surprise_project | daily_basic 001207.SZ failed after retries: 抱歉，您每分钟最多访问该接口200次，权限的具体详情访问：https://tushare.pro/document/1?doc_id=108。
2026-04-16 17:42:30 | WARNING | earnings_surprise_project | daily_basic 001211.SZ failed after retries: 抱歉，您每分钟最多访问该接口200次，权限的具体详情访问：https://tushare.pro/document/1?doc_id=108。
2026-04-16 17:42:30 | WARNING | earnings_surprise_project | daily_basic 001212.SZ failed after retries: 抱歉，您每分钟最多访问该接口200次，权限的具体详情访问：https://tushare.pro/document/1?doc_id=108。
2026-04-16 17:42:30 | WARNING | earnings_surprise_project | daily_basic 001208.SZ failed after retries: 抱歉，您每分钟最多访问该接口200次，权限的具体详情访问：https://tushare.pro/document/1?doc_id=108。
2026-04-16 17:42:30 | WARNING | earnings_surprise_project | daily_basic 001213.SZ failed after retries: 抱歉，您每分钟最多访问该接口200次，权限的具体详情访问：https://tushare.pro/document/1?doc_id=108。
2026-04-16 17:42:30 | WARNING | earnings_surprise_project | daily_basic 001209.SZ failed after retries: 抱歉，您每分钟最多访问该接口200次，权限的具体详情访问：https://tushare.pro/document/1?doc_id=108。
2026-04-16 17:42:30 | WARNING | earnings_surprise_project | daily_basic 001210.SZ failed after retries: 抱歉，您每分钟最多访问该接口200次，权限的具体详情访问：https://tushare.pro/document/1?doc_id=108。
2026-04-16 17:42:31 | WARNING | earnings_surprise_project | daily_basic 001215.SZ failed after retries: 抱歉，您每分钟最多访问该接口200次，权限的具体详情访问：https://tushare.pro/document/1?doc_id=108。
2026-04-16 17:42:31 | WARNING | earnings_surprise_project | daily_basic 001216.SZ failed after retries: 抱歉，您每分钟最多访问该接口200次，权限的具体详情访问：https://tushare.pro/document/1?doc_id=108。
2026-04-16 17:42:34 | WARNING | earnings_surprise_project | daily_basic 001217.SZ failed after retries: 抱歉，您每分钟最多访问该接口200次，权限的具体详情访问：https://tushare.pro/document/1?doc_id=108。
2026-04-16 17:42:34 | WARNING | earnings_surprise_project | daily_basic 001219.SZ failed after retries: 抱歉，您每分钟最多访问该接口200次，权限的具体详情访问：https://tushare.pro/document/1?doc_id=108。
2026-04-16 17:42:34 | WARNING | earnings_surprise_project | daily_basic 001218.SZ failed after retries: 抱歉，您每分钟最多访问该接口200次，权限的具体详情访问：https://tushare.pro/document/1?doc_id=108。
2026-04-16 17:42:34 | WARNING | earnings_surprise_project | daily_basic 001221.SZ failed after retries: 抱歉，您每分钟最多访问该接口200次，权限的具体详情访问：https://tushare.pro/document/1?doc_id=108。
2026-04-16 17:42:34 | WARNING | earnings_surprise_project | daily_basic 001223.SZ failed after retries: 抱歉，您每分钟最多访问该接口200次，权限的具体详情访问：https://tushare.pro/document/1?doc_id=108。
2026-04-16 17:42:34 | WARNING | earnings_surprise_project | daily_basic 001222.SZ failed after retries: 抱歉，您每分钟最多访问该接口200次，权限的具体详情访问：https://tushare.pro/document/1?doc_id=108。
2026-04-16 17:42:34 | WARNING | earnings_surprise_project | daily_basic 001226.SZ failed after retries: 抱歉，您每分钟最多访问该接口200次，权限的具体详情访问：https://tushare.pro/document/1?doc_id=108。
2026-04-16 17:42:34 | WARNING | earnings_surprise_project | daily_basic 001225.SZ failed after retries: 抱歉，您每分钟最多访问该接口200次，权限的具体详情访问：https://tushare.pro/document/1?doc_id=108。
2026-04-16 17:42:34 | WARNING | earnings_surprise_project | daily_basic 001227.SZ failed after retries: 抱歉，您每分钟最多访问该接口200次，权限的具体详情访问：https://tushare.pro/document/1?doc_id=108。
2026-04-16 17:42:34 | WARNING | earnings_surprise_project | daily_basic 001220.SZ failed after retries: 抱歉，您每分钟最多访问该接口200次，权限的具体详情访问：https://tushare.pro/document/1?doc_id=108。
2026-04-16 17:42:34 | WARNING | earnings_surprise_project | daily_basic 001228.SZ failed after retries: 抱歉，您每分钟最多访问该接口200次，权限的具体详情访问：https://tushare.pro/document/1?doc_id=108。
2026-04-16 17:42:34 | WARNING | earnings_surprise_project | daily_basic 001229.SZ failed after retries: 抱歉，您每分钟最多访问该接口200次，权限的具体详情访问：https://tushare.pro/document/1?doc_id=108。
2026-04-16 17:42:37 | WARNING | earnings_surprise_project | daily_basic 001230.SZ failed after retries: 抱歉，您每分钟最多访问该接口200次，权限的具体详情访问：https://tushare.pro/document/1?doc_id=108。
2026-04-16 17:42:37 | WARNING | earnings_surprise_project | daily_basic 001231.SZ failed after retries: 抱歉，您每分钟最多访问该接口200次，权限的具体详情访问：https://tushare.pro/document/1?doc_id=108。
2026-04-16 17:42:37 | WARNING | earnings_surprise_project | daily_basic 001233.SZ failed after retries: 抱歉，您每分钟最多访问该接口200次，权限的具体详情访问：https://tushare.pro/document/1?doc_id=108。
2026-04-16 17:42:37 | WARNING | earnings_surprise_project | daily_basic 001236.SZ failed after retries: 抱歉，您每分钟最多访问该接口200次，权限的具体详情访问：https://tushare.pro/document/1?doc_id=108。
2026-04-16 17:42:37 | WARNING | earnings_surprise_project | daily_basic 001234.SZ failed after retries: 抱歉，您每分钟最多访问该接口200次，权限的具体详情访问：https://tushare.pro/document/1?doc_id=108。
2026-04-16 17:42:37 | WARNING | earnings_surprise_project | daily_basic 001238.SZ failed after retries: 抱歉，您每分钟最多访问该接口200次，权限的具体详情访问：https://tushare.pro/document/1?doc_id=108。
2026-04-16 17:42:37 | WARNING | earnings_surprise_project | daily_basic 001239.SZ failed after retries: 抱歉，您每分钟最多访问该接口200次，权限的具体详情访问：https://tushare.pro/document/1?doc_id=108。
2026-04-16 17:42:37 | WARNING | earnings_surprise_project | daily_basic 001256.SZ failed after retries: 抱歉，您每分钟最多访问该接口200次，权限的具体详情访问：https://tushare.pro/document/1?doc_id=108。
2026-04-16 17:42:37 | WARNING | earnings_surprise_project | daily_basic 001258.SZ failed after retries: 抱歉，您每分钟最多访问该接口200次，权限的具体详情访问：https://tushare.pro/document/1?doc_id=108。
2026-04-16 17:42:37 | WARNING | earnings_surprise_project | daily_basic 001255.SZ failed after retries: 抱歉，您每分钟最多访问该接口200次，权限的具体详情访问：https://tushare.pro/document/1?doc_id=108。
2026-04-16 17:42:37 | WARNING | earnings_surprise_project | daily_basic 001257.SZ failed after retries: 抱歉，您每分钟最多访问该接口200次，权限的具体详情访问：https://tushare.pro/document/1?doc_id=108。
2026-04-16 17:42:37 | WARNING | earnings_surprise_project | daily_basic 001259.SZ failed after retries: 抱歉，您每分钟最多访问该接口200次，权限的具体详情访问：https://tushare.pro/document/1?doc_id=108。
2026-04-16 17:42:40 | WARNING | earnings_surprise_project | daily_basic 001267.SZ failed after retries: 抱歉，您每分钟最多访问该接口200次，权限的具体详情访问：https://tushare.pro/document/1?doc_id=108。
2026-04-16 17:42:40 | WARNING | earnings_surprise_project | daily_basic 001266.SZ failed after retries: 抱歉，您每分钟最多访问该接口200次，权限的具体详情访问：https://tushare.pro/document/1?doc_id=108。
2026-04-16 17:42:40 | WARNING | earnings_surprise_project | daily_basic 001260.SZ failed after retries: 抱歉，您每分钟最多访问该接口200次，权限的具体详情访问：https://tushare.pro/document/1?doc_id=108。
2026-04-16 17:42:40 | WARNING | earnings_surprise_project | daily_basic 001268.SZ failed after retries: 抱歉，您每分钟最多访问该接口200次，权限的具体详情访问：https://tushare.pro/document/1?doc_id=108。
2026-04-16 17:42:41 | WARNING | earnings_surprise_project | daily_basic 001282.SZ failed after retries: 抱歉，您每分钟最多访问该接口200次，权限的具体详情访问：https://tushare.pro/document/1?doc_id=108。
2026-04-16 17:42:41 | WARNING | earnings_surprise_project | daily_basic 001269.SZ failed after retries: 抱歉，您每分钟最多访问该接口200次，权限的具体详情访问：https://tushare.pro/document/1?doc_id=108。
2026-04-16 17:42:41 | WARNING | earnings_surprise_project | daily_basic 001270.SZ failed after retries: 抱歉，您每分钟最多访问该接口200次，权限的具体详情访问：https://tushare.pro/document/1?doc_id=108。
2026-04-16 17:42:41 | WARNING | earnings_surprise_project | daily_basic 001280.SZ failed after retries: 抱歉，您每分钟最多访问该接口200次，权限的具体详情访问：https://tushare.pro/document/1?doc_id=108。
2026-04-16 17:42:41 | WARNING | earnings_surprise_project | daily_basic 001277.SZ failed after retries: 抱歉，您每分钟最多访问该接口200次，权限的具体详情访问：https://tushare.pro/document/1?doc_id=108。
2026-04-16 17:42:41 | WARNING | earnings_surprise_project | daily_basic 001278.SZ failed after retries: 抱歉，您每分钟最多访问该接口200次，权限的具体详情访问：https://tushare.pro/document/1?doc_id=108。
2026-04-16 17:42:41 | WARNING | earnings_surprise_project | daily_basic 001279.SZ failed after retries: 抱歉，您每分钟最多访问该接口200次，权限的具体详情访问：https://tushare.pro/document/1?doc_id=108。
2026-04-16 17:42:41 | WARNING | earnings_surprise_project | daily_basic 001283.SZ failed after retries: 抱歉，您每分钟最多访问该接口200次，权限的具体详情访问：https://tushare.pro/document/1?doc_id=108。
2026-04-16 17:42:44 | WARNING | earnings_surprise_project | daily_basic 001285.SZ failed after retries: 抱歉，您每分钟最多访问该接口200次，权限的具体详情访问：https://tushare.pro/document/1?doc_id=108。
2026-04-16 17:42:44 | WARNING | earnings_surprise_project | daily_basic 001288.SZ failed after retries: 抱歉，您每分钟最多访问该接口200次，权限的具体详情访问：https://tushare.pro/document/1?doc_id=108。
2026-04-16 17:42:44 | WARNING | earnings_surprise_project | daily_basic 001286.SZ failed after retries: 抱歉，您每分钟最多访问该接口200次，权限的具体详情访问：https://tushare.pro/document/1?doc_id=108。
2026-04-16 17:42:44 | WARNING | earnings_surprise_project | daily_basic 001287.SZ failed after retries: 抱歉，您每分钟最多访问该接口200次，权限的具体详情访问：https://tushare.pro/document/1?doc_id=108。
2026-04-16 17:42:44 | WARNING | earnings_surprise_project | daily_basic 001298.SZ failed after retries: 抱歉，您每分钟最多访问该接口200次，权限的具体详情访问：https://tushare.pro/document/1?doc_id=108。
2026-04-16 17:42:44 | WARNING | earnings_surprise_project | daily_basic 001306.SZ failed after retries: 抱歉，您每分钟最多访问该接口200次，权限的具体详情访问：https://tushare.pro/document/1?doc_id=108。
2026-04-16 17:42:44 | WARNING | earnings_surprise_project | daily_basic 001289.SZ failed after retries: 抱歉，您每分钟最多访问该接口200次，权限的具体详情访问：https://tushare.pro/document/1?doc_id=108。
2026-04-16 17:42:44 | WARNING | earnings_surprise_project | daily_basic 001299.SZ failed after retries: 抱歉，您每分钟最多访问该接口200次，权限的具体详情访问：https://tushare.pro/document/1?doc_id=108。
2026-04-16 17:42:44 | WARNING | earnings_surprise_project | daily_basic 001296.SZ failed after retries: 抱歉，您每分钟最多访问该接口200次，权限的具体详情访问：https://tushare.pro/document/1?doc_id=108。
2026-04-16 17:42:44 | WARNING | earnings_surprise_project | daily_basic 001301.SZ failed after retries: 抱歉，您每分钟最多访问该接口200次，权限的具体详情访问：https://tushare.pro/document/1?doc_id=108。
2026-04-16 17:42:44 | WARNING | earnings_surprise_project | daily_basic 001300.SZ failed after retries: 抱歉，您每分钟最多访问该接口200次，权限的具体详情访问：https://tushare.pro/document/1?doc_id=108。
2026-04-16 17:42:44 | WARNING | earnings_surprise_project | daily_basic 001308.SZ failed after retries: 抱歉，您每分钟最多访问该接口200次，权限的具体详情访问：https://tushare.pro/document/1?doc_id=108。
2026-04-16 17:42:47 | WARNING | earnings_surprise_project | daily_basic 001309.SZ failed after retries: 抱歉，您每分钟最多访问该接口200次，权限的具体详情访问：https://tushare.pro/document/1?doc_id=108。
2026-04-16 17:42:47 | WARNING | earnings_surprise_project | daily_basic 001314.SZ failed after retries: 抱歉，您每分钟最多访问该接口200次，权限的具体详情访问：https://tushare.pro/document/1?doc_id=108。
2026-04-16 17:42:47 | WARNING | earnings_surprise_project | daily_basic 001311.SZ failed after retries: 抱歉，您每分钟最多访问该接口200次，权限的具体详情访问：https://tushare.pro/document/1?doc_id=108。
2026-04-16 17:42:47 | WARNING | earnings_surprise_project | daily_basic 001313.SZ failed after retries: 抱歉，您每分钟最多访问该接口200次，权限的具体详情访问：https://tushare.pro/document/1?doc_id=108。
2026-04-16 17:42:47 | WARNING | earnings_surprise_project | daily_basic 001322.SZ failed after retries: 抱歉，您每分钟最多访问该接口200次，权限的具体详情访问：https://tushare.pro/document/1?doc_id=108。
2026-04-16 17:42:47 | WARNING | earnings_surprise_project | daily_basic 001317.SZ failed after retries: 抱歉，您每分钟最多访问该接口200次，权限的具体详情访问：https://tushare.pro/document/1?doc_id=108。
2026-04-16 17:42:47 | WARNING | earnings_surprise_project | daily_basic 001324.SZ failed after retries: 抱歉，您每分钟最多访问该接口200次，权限的具体详情访问：https://tushare.pro/document/1?doc_id=108。
2026-04-16 17:42:47 | WARNING | earnings_surprise_project | daily_basic 001316.SZ failed after retries: 抱歉，您每分钟最多访问该接口200次，权限的具体详情访问：https://tushare.pro/document/1?doc_id=108。
2026-04-16 17:42:47 | WARNING | earnings_surprise_project | daily_basic 001323.SZ failed after retries: 抱歉，您每分钟最多访问该接口200次，权限的具体详情访问：https://tushare.pro/document/1?doc_id=108。
2026-04-16 17:42:47 | WARNING | earnings_surprise_project | daily_basic 001318.SZ failed after retries: 抱歉，您每分钟最多访问该接口200次，权限的具体详情访问：https://tushare.pro/document/1?doc_id=108。
2026-04-16 17:42:47 | WARNING | earnings_surprise_project | daily_basic 001325.SZ failed after retries: 抱歉，您每分钟最多访问该接口200次，权限的具体详情访问：https://tushare.pro/document/1?doc_id=108。
2026-04-16 17:42:47 | WARNING | earnings_surprise_project | daily_basic 001319.SZ failed after retries: 抱歉，您每分钟最多访问该接口200次，权限的具体详情访问：https://tushare.pro/document/1?doc_id=108。
2026-04-16 17:42:50 | WARNING | earnings_surprise_project | daily_basic 001326.SZ failed after retries: 抱歉，您每分钟最多访问该接口200次，权限的具体详情访问：https://tushare.pro/document/1?doc_id=108。
2026-04-16 17:42:50 | WARNING | earnings_surprise_project | daily_basic 001331.SZ failed after retries: 抱歉，您每分钟最多访问该接口200次，权限的具体详情访问：https://tushare.pro/document/1?doc_id=108。
2026-04-16 17:42:50 | WARNING | earnings_surprise_project | daily_basic 001330.SZ failed after retries: 抱歉，您每分钟最多访问该接口200次，权限的具体详情访问：https://tushare.pro/document/1?doc_id=108。
2026-04-16 17:42:50 | WARNING | earnings_surprise_project | daily_basic 001328.SZ failed after retries: 抱歉，您每分钟最多访问该接口200次，权限的具体详情访问：https://tushare.pro/document/1?doc_id=108。
2026-04-16 17:42:50 | WARNING | earnings_surprise_project | daily_basic 001332.SZ failed after retries: 抱歉，您每分钟最多访问该接口200次，权限的具体详情访问：https://tushare.pro/document/1?doc_id=108。
2026-04-16 17:42:50 | WARNING | earnings_surprise_project | daily_basic 001333.SZ failed after retries: 抱歉，您每分钟最多访问该接口200次，权限的具体详情访问：https://tushare.pro/document/1?doc_id=108。
2026-04-16 17:42:50 | WARNING | earnings_surprise_project | daily_basic 001338.SZ failed after retries: 抱歉，您每分钟最多访问该接口200次，权限的具体详情访问：https://tushare.pro/document/1?doc_id=108。
2026-04-16 17:42:50 | WARNING | earnings_surprise_project | daily_basic 001336.SZ failed after retries: 抱歉，您每分钟最多访问该接口200次，权限的具体详情访问：https://tushare.pro/document/1?doc_id=108。
2026-04-16 17:42:50 | WARNING | earnings_surprise_project | daily_basic 001337.SZ failed after retries: 抱歉，您每分钟最多访问该接口200次，权限的具体详情访问：https://tushare.pro/document/1?doc_id=108。
2026-04-16 17:42:50 | WARNING | earnings_surprise_project | daily_basic 001356.SZ failed after retries: 抱歉，您每分钟最多访问该接口200次，权限的具体详情访问：https://tushare.pro/document/1?doc_id=108。
2026-04-16 17:42:50 | WARNING | earnings_surprise_project | daily_basic 001335.SZ failed after retries: 抱歉，您每分钟最多访问该接口200次，权限的具体详情访问：https://tushare.pro/document/1?doc_id=108。
2026-04-16 17:42:51 | WARNING | earnings_surprise_project | daily_basic 001339.SZ failed after retries: 抱歉，您每分钟最多访问该接口200次，权限的具体详情访问：https://tushare.pro/document/1?doc_id=108。
2026-04-16 17:42:53 | WARNING | earnings_surprise_project | daily_basic 001359.SZ failed after retries: 抱歉，您每分钟最多访问该接口200次，权限的具体详情访问：https://tushare.pro/document/1?doc_id=108。
2026-04-16 17:42:53 | WARNING | earnings_surprise_project | daily_basic 001358.SZ failed after retries: 抱歉，您每分钟最多访问该接口200次，权限的具体详情访问：https://tushare.pro/document/1?doc_id=108。
2026-04-16 17:42:53 | WARNING | earnings_surprise_project | daily_basic 001366.SZ failed after retries: 抱歉，您每分钟最多访问该接口200次，权限的具体详情访问：https://tushare.pro/document/1?doc_id=108。
2026-04-16 17:42:53 | WARNING | earnings_surprise_project | daily_basic 001360.SZ failed after retries: 抱歉，您每分钟最多访问该接口200次，权限的具体详情访问：https://tushare.pro/document/1?doc_id=108。
2026-04-16 17:42:54 | WARNING | earnings_surprise_project | daily_basic 001376.SZ failed after retries: 抱歉，您每分钟最多访问该接口200次，权限的具体详情访问：https://tushare.pro/document/1?doc_id=108。
2026-04-16 17:42:54 | WARNING | earnings_surprise_project | daily_basic 001367.SZ failed after retries: 抱歉，您每分钟最多访问该接口200次，权限的具体详情访问：https://tushare.pro/document/1?doc_id=108。
2026-04-16 17:42:54 | WARNING | earnings_surprise_project | daily_basic 001380.SZ failed after retries: 抱歉，您每分钟最多访问该接口200次，权限的具体详情访问：https://tushare.pro/document/1?doc_id=108。
2026-04-16 17:42:54 | WARNING | earnings_surprise_project | daily_basic 001378.SZ failed after retries: 抱歉，您每分钟最多访问该接口200次，权限的具体详情访问：https://tushare.pro/document/1?doc_id=108。
2026-04-16 17:42:54 | WARNING | earnings_surprise_project | daily_basic 001373.SZ failed after retries: 抱歉，您每分钟最多访问该接口200次，权限的具体详情访问：https://tushare.pro/document/1?doc_id=108。
2026-04-16 17:42:54 | WARNING | earnings_surprise_project | daily_basic 001369.SZ failed after retries: 抱歉，您每分钟最多访问该接口200次，权限的具体详情访问：https://tushare.pro/document/1?doc_id=108。
2026-04-16 17:42:54 | WARNING | earnings_surprise_project | daily_basic 001379.SZ failed after retries: 抱歉，您每分钟最多访问该接口200次，权限的具体详情访问：https://tushare.pro/document/1?doc_id=108。
2026-04-16 17:42:54 | WARNING | earnings_surprise_project | daily_basic 001368.SZ failed after retries: 抱歉，您每分钟最多访问该接口200次，权限的具体详情访问：https://tushare.pro/document/1?doc_id=108。
2026-04-16 17:43:05 | WARNING | earnings_surprise_project | daily_basic 002199.SZ failed after retries: 抱歉，您每分钟最多访问该接口200次，权限的具体详情访问：https://tushare.pro/document/1?doc_id=108。
2026-04-16 17:43:05 | WARNING | earnings_surprise_project | daily_basic 002195.SZ failed after retries: 抱歉，您每分钟最多访问该接口200次，权限的具体详情访问：https://tushare.pro/document/1?doc_id=108。
2026-04-16 17:43:05 | WARNING | earnings_surprise_project | daily_basic 002193.SZ failed after retries: 抱歉，您每分钟最多访问该接口200次，权限的具体详情访问：https://tushare.pro/document/1?doc_id=108。
2026-04-16 17:43:05 | WARNING | earnings_surprise_project | daily_basic 002200.SZ failed after retries: 抱歉，您每分钟最多访问该接口200次，权限的具体详情访问：https://tushare.pro/document/1?doc_id=108。
2026-04-16 17:43:05 | WARNING | earnings_surprise_project | daily_basic 002198.SZ failed after retries: 抱歉，您每分钟最多访问该接口200次，权限的具体详情访问：https://tushare.pro/document/1?doc_id=108。
2026-04-16 17:43:05 | WARNING | earnings_surprise_project | daily_basic 002201.SZ failed after retries: 抱歉，您每分钟最多访问该接口200次，权限的具体详情访问：https://tushare.pro/document/1?doc_id=108。
2026-04-16 17:43:05 | WARNING | earnings_surprise_project | daily_basic 002204.SZ failed after retries: 抱歉，您每分钟最多访问该接口200次，权限的具体详情访问：https://tushare.pro/document/1?doc_id=108。
2026-04-16 17:43:05 | WARNING | earnings_surprise_project | daily_basic 002202.SZ failed after retries: 抱歉，您每分钟最多访问该接口200次，权限的具体详情访问：https://tushare.pro/document/1?doc_id=108。
2026-04-16 17:43:05 | WARNING | earnings_surprise_project | daily_basic 002203.SZ failed after retries: 抱歉，您每分钟最多访问该接口200次，权限的具体详情访问：https://tushare.pro/document/1?doc_id=108。
2026-04-16 17:43:05 | WARNING | earnings_surprise_project | daily_basic 002207.SZ failed after retries: 抱歉，您每分钟最多访问该接口200次，权限的具体详情访问：https://tushare.pro/document/1?doc_id=108。
2026-04-16 17:43:05 | WARNING | earnings_surprise_project | daily_basic 002205.SZ failed after retries: 抱歉，您每分钟最多访问该接口200次，权限的具体详情访问：https://tushare.pro/document/1?doc_id=108。
2026-04-16 17:43:05 | WARNING | earnings_surprise_project | daily_basic 002206.SZ failed after retries: 抱歉，您每分钟最多访问该接口200次，权限的具体详情访问：https://tushare.pro/document/1?doc_id=108。
2026-04-16 17:43:08 | WARNING | earnings_surprise_project | daily_basic 002210.SZ failed after retries: 抱歉，您每分钟最多访问该接口200次，权限的具体详情访问：https://tushare.pro/document/1?doc_id=108。
2026-04-16 17:43:08 | WARNING | earnings_surprise_project | daily_basic 002209.SZ failed after retries: 抱歉，您每分钟最多访问该接口200次，权限的具体详情访问：https://tushare.pro/document/1?doc_id=108。
2026-04-16 17:43:08 | WARNING | earnings_surprise_project | daily_basic 002212.SZ failed after retries: 抱歉，您每分钟最多访问该接口200次，权限的具体详情访问：https://tushare.pro/document/1?doc_id=108。
2026-04-16 17:43:08 | WARNING | earnings_surprise_project | daily_basic 002208.SZ failed after retries: 抱歉，您每分钟最多访问该接口200次，权限的具体详情访问：https://tushare.pro/document/1?doc_id=108。
2026-04-16 17:43:08 | WARNING | earnings_surprise_project | daily_basic 002211.SZ failed after retries: 抱歉，您每分钟最多访问该接口200次，权限的具体详情访问：https://tushare.pro/document/1?doc_id=108。
2026-04-16 17:43:08 | WARNING | earnings_surprise_project | daily_basic 002213.SZ failed after retries: 抱歉，您每分钟最多访问该接口200次，权限的具体详情访问：https://tushare.pro/document/1?doc_id=108。
2026-04-16 17:43:08 | WARNING | earnings_surprise_project | daily_basic 002216.SZ failed after retries: 抱歉，您每分钟最多访问该接口200次，权限的具体详情访问：https://tushare.pro/document/1?doc_id=108。
2026-04-16 17:43:08 | WARNING | earnings_surprise_project | daily_basic 002215.SZ failed after retries: 抱歉，您每分钟最多访问该接口200次，权限的具体详情访问：https://tushare.pro/document/1?doc_id=108。
2026-04-16 17:43:08 | WARNING | earnings_surprise_project | daily_basic 002214.SZ failed after retries: 抱歉，您每分钟最多访问该接口200次，权限的具体详情访问：https://tushare.pro/document/1?doc_id=108。
2026-04-16 17:43:08 | WARNING | earnings_surprise_project | daily_basic 002217.SZ failed after retries: 抱歉，您每分钟最多访问该接口200次，权限的具体详情访问：https://tushare.pro/document/1?doc_id=108。
2026-04-16 17:43:08 | WARNING | earnings_surprise_project | daily_basic 002218.SZ failed after retries: 抱歉，您每分钟最多访问该接口200次，权限的具体详情访问：https://tushare.pro/document/1?doc_id=108。
2026-04-16 17:43:08 | WARNING | earnings_surprise_project | daily_basic 002219.SZ failed after retries: 抱歉，您每分钟最多访问该接口200次，权限的具体详情访问：https://tushare.pro/document/1?doc_id=108。
2026-04-16 17:43:11 | WARNING | earnings_surprise_project | daily_basic 002222.SZ failed after retries: 抱歉，您每分钟最多访问该接口200次，权限的具体详情访问：https://tushare.pro/document/1?doc_id=108。
2026-04-16 17:43:11 | WARNING | earnings_surprise_project | daily_basic 002221.SZ failed after retries: 抱歉，您每分钟最多访问该接口200次，权限的具体详情访问：https://tushare.pro/document/1?doc_id=108。
2026-04-16 17:43:11 | WARNING | earnings_surprise_project | daily_basic 002224.SZ failed after retries: 抱歉，您每分钟最多访问该接口200次，权限的具体详情访问：https://tushare.pro/document/1?doc_id=108。
2026-04-16 17:43:11 | WARNING | earnings_surprise_project | daily_basic 002223.SZ failed after retries: 抱歉，您每分钟最多访问该接口200次，权限的具体详情访问：https://tushare.pro/document/1?doc_id=108。
2026-04-16 17:43:11 | WARNING | earnings_surprise_project | daily_basic 002226.SZ failed after retries: 抱歉，您每分钟最多访问该接口200次，权限的具体详情访问：https://tushare.pro/document/1?doc_id=108。
2026-04-16 17:43:11 | WARNING | earnings_surprise_project | daily_basic 002225.SZ failed after retries: 抱歉，您每分钟最多访问该接口200次，权限的具体详情访问：https://tushare.pro/document/1?doc_id=108。
2026-04-16 17:43:11 | WARNING | earnings_surprise_project | daily_basic 002228.SZ failed after retries: 抱歉，您每分钟最多访问该接口200次，权限的具体详情访问：https://tushare.pro/document/1?doc_id=108。
2026-04-16 17:43:11 | WARNING | earnings_surprise_project | daily_basic 002227.SZ failed after retries: 抱歉，您每分钟最多访问该接口200次，权限的具体详情访问：https://tushare.pro/document/1?doc_id=108。
2026-04-16 17:43:12 | WARNING | earnings_surprise_project | daily_basic 002229.SZ failed after retries: 抱歉，您每分钟最多访问该接口200次，权限的具体详情访问：https://tushare.pro/document/1?doc_id=108。
2026-04-16 17:43:12 | WARNING | earnings_surprise_project | daily_basic 002230.SZ failed after retries: 抱歉，您每分钟最多访问该接口200次，权限的具体详情访问：https://tushare.pro/document/1?doc_id=108。
2026-04-16 17:43:12 | WARNING | earnings_surprise_project | daily_basic 002232.SZ failed after retries: 抱歉，您每分钟最多访问该接口200次，权限的具体详情访问：https://tushare.pro/document/1?doc_id=108。
2026-04-16 17:43:12 | WARNING | earnings_surprise_project | daily_basic 002233.SZ failed after retries: 抱歉，您每分钟最多访问该接口200次，权限的具体详情访问：https://tushare.pro/document/1?doc_id=108。
2026-04-16 17:43:14 | WARNING | earnings_surprise_project | daily_basic 002234.SZ failed after retries: 抱歉，您每分钟最多访问该接口200次，权限的具体详情访问：https://tushare.pro/document/1?doc_id=108。
2026-04-16 17:43:14 | WARNING | earnings_surprise_project | daily_basic 002235.SZ failed after retries: 抱歉，您每分钟最多访问该接口200次，权限的具体详情访问：https://tushare.pro/document/1?doc_id=108。
2026-04-16 17:43:14 | WARNING | earnings_surprise_project | daily_basic 002237.SZ failed after retries: 抱歉，您每分钟最多访问该接口200次，权限的具体详情访问：https://tushare.pro/document/1?doc_id=108。
2026-04-16 17:43:15 | WARNING | earnings_surprise_project | daily_basic 002236.SZ failed after retries: 抱歉，您每分钟最多访问该接口200次，权限的具体详情访问：https://tushare.pro/document/1?doc_id=108。
2026-04-16 17:43:15 | WARNING | earnings_surprise_project | daily_basic 002238.SZ failed after retries: 抱歉，您每分钟最多访问该接口200次，权限的具体详情访问：https://tushare.pro/document/1?doc_id=108。
2026-04-16 17:43:15 | WARNING | earnings_surprise_project | daily_basic 002239.SZ failed after retries: 抱歉，您每分钟最多访问该接口200次，权限的具体详情访问：https://tushare.pro/document/1?doc_id=108。
2026-04-16 17:43:15 | WARNING | earnings_surprise_project | daily_basic 002241.SZ failed after retries: 抱歉，您每分钟最多访问该接口200次，权限的具体详情访问：https://tushare.pro/document/1?doc_id=108。
2026-04-16 17:43:15 | WARNING | earnings_surprise_project | daily_basic 002242.SZ failed after retries: 抱歉，您每分钟最多访问该接口200次，权限的具体详情访问：https://tushare.pro/document/1?doc_id=108。
2026-04-16 17:43:15 | WARNING | earnings_surprise_project | daily_basic 002240.SZ failed after retries: 抱歉，您每分钟最多访问该接口200次，权限的具体详情访问：https://tushare.pro/document/1?doc_id=108。
2026-04-16 17:43:15 | WARNING | earnings_surprise_project | daily_basic 002243.SZ failed after retries: 抱歉，您每分钟最多访问该接口200次，权限的具体详情访问：https://tushare.pro/document/1?doc_id=108。
2026-04-16 17:43:15 | WARNING | earnings_surprise_project | daily_basic 002244.SZ failed after retries: 抱歉，您每分钟最多访问该接口200次，权限的具体详情访问：https://tushare.pro/document/1?doc_id=108。
2026-04-16 17:43:15 | WARNING | earnings_surprise_project | daily_basic 002245.SZ failed after retries: 抱歉，您每分钟最多访问该接口200次，权限的具体详情访问：https://tushare.pro/document/1?doc_id=108。
2026-04-16 17:43:18 | WARNING | earnings_surprise_project | daily_basic 002246.SZ failed after retries: 抱歉，您每分钟最多访问该接口200次，权限的具体详情访问：https://tushare.pro/document/1?doc_id=108。
2026-04-16 17:43:18 | WARNING | earnings_surprise_project | daily_basic 002248.SZ failed after retries: 抱歉，您每分钟最多访问该接口200次，权限的具体详情访问：https://tushare.pro/document/1?doc_id=108。
2026-04-16 17:43:18 | WARNING | earnings_surprise_project | daily_basic 002247.SZ failed after retries: 抱歉，您每分钟最多访问该接口200次，权限的具体详情访问：https://tushare.pro/document/1?doc_id=108。
2026-04-16 17:43:18 | WARNING | earnings_surprise_project | daily_basic 002249.SZ failed after retries: 抱歉，您每分钟最多访问该接口200次，权限的具体详情访问：https://tushare.pro/document/1?doc_id=108。
2026-04-16 17:43:18 | WARNING | earnings_surprise_project | daily_basic 002250.SZ failed after retries: 抱歉，您每分钟最多访问该接口200次，权限的具体详情访问：https://tushare.pro/document/1?doc_id=108。
2026-04-16 17:43:18 | WARNING | earnings_surprise_project | daily_basic 002251.SZ failed after retries: 抱歉，您每分钟最多访问该接口200次，权限的具体详情访问：https://tushare.pro/document/1?doc_id=108。
2026-04-16 17:43:18 | WARNING | earnings_surprise_project | daily_basic 002252.SZ failed after retries: 抱歉，您每分钟最多访问该接口200次，权限的具体详情访问：https://tushare.pro/document/1?doc_id=108。
2026-04-16 17:43:18 | WARNING | earnings_surprise_project | daily_basic 002253.SZ failed after retries: 抱歉，您每分钟最多访问该接口200次，权限的具体详情访问：https://tushare.pro/document/1?doc_id=108。
2026-04-16 17:43:18 | WARNING | earnings_surprise_project | daily_basic 002255.SZ failed after retries: 抱歉，您每分钟最多访问该接口200次，权限的具体详情访问：https://tushare.pro/document/1?doc_id=108。
2026-04-16 17:43:18 | WARNING | earnings_surprise_project | daily_basic 002254.SZ failed after retries: 抱歉，您每分钟最多访问该接口200次，权限的具体详情访问：https://tushare.pro/document/1?doc_id=108。
2026-04-16 17:43:18 | WARNING | earnings_surprise_project | daily_basic 002256.SZ failed after retries: 抱歉，您每分钟最多访问该接口200次，权限的具体详情访问：https://tushare.pro/document/1?doc_id=108。
2026-04-16 17:43:18 | WARNING | earnings_surprise_project | daily_basic 002258.SZ failed after retries: 抱歉，您每分钟最多访问该接口200次，权限的具体详情访问：https://tushare.pro/document/1?doc_id=108。
2026-04-16 17:43:21 | WARNING | earnings_surprise_project | daily_basic 002259.SZ failed after retries: 抱歉，您每分钟最多访问该接口200次，权限的具体详情访问：https://tushare.pro/document/1?doc_id=108。
2026-04-16 17:43:21 | WARNING | earnings_surprise_project | daily_basic 002261.SZ failed after retries: 抱歉，您每分钟最多访问该接口200次，权限的具体详情访问：https://tushare.pro/document/1?doc_id=108。
2026-04-16 17:43:21 | WARNING | earnings_surprise_project | daily_basic 002262.SZ failed after retries: 抱歉，您每分钟最多访问该接口200次，权限的具体详情访问：https://tushare.pro/document/1?doc_id=108。
2026-04-16 17:43:21 | WARNING | earnings_surprise_project | daily_basic 002263.SZ failed after retries: 抱歉，您每分钟最多访问该接口200次，权限的具体详情访问：https://tushare.pro/document/1?doc_id=108。
2026-04-16 17:43:21 | WARNING | earnings_surprise_project | daily_basic 002264.SZ failed after retries: 抱歉，您每分钟最多访问该接口200次，权限的具体详情访问：https://tushare.pro/document/1?doc_id=108。
2026-04-16 17:43:21 | WARNING | earnings_surprise_project | daily_basic 002265.SZ failed after retries: 抱歉，您每分钟最多访问该接口200次，权限的具体详情访问：https://tushare.pro/document/1?doc_id=108。
2026-04-16 17:43:21 | WARNING | earnings_surprise_project | daily_basic 002268.SZ failed after retries: 抱歉，您每分钟最多访问该接口200次，权限的具体详情访问：https://tushare.pro/document/1?doc_id=108。
2026-04-16 17:43:21 | WARNING | earnings_surprise_project | daily_basic 002269.SZ failed after retries: 抱歉，您每分钟最多访问该接口200次，权限的具体详情访问：https://tushare.pro/document/1?doc_id=108。
2026-04-16 17:43:21 | WARNING | earnings_surprise_project | daily_basic 002266.SZ failed after retries: 抱歉，您每分钟最多访问该接口200次，权限的具体详情访问：https://tushare.pro/document/1?doc_id=108。
2026-04-16 17:43:21 | WARNING | earnings_surprise_project | daily_basic 002267.SZ failed after retries: 抱歉，您每分钟最多访问该接口200次，权限的具体详情访问：https://tushare.pro/document/1?doc_id=108。
2026-04-16 17:43:22 | WARNING | earnings_surprise_project | daily_basic 002270.SZ failed after retries: 抱歉，您每分钟最多访问该接口200次，权限的具体详情访问：https://tushare.pro/document/1?doc_id=108。
2026-04-16 17:43:22 | WARNING | earnings_surprise_project | daily_basic 002271.SZ failed after retries: 抱歉，您每分钟最多访问该接口200次，权限的具体详情访问：https://tushare.pro/document/1?doc_id=108。
2026-04-16 17:43:24 | WARNING | earnings_surprise_project | daily_basic 002275.SZ failed after retries: 抱歉，您每分钟最多访问该接口200次，权限的具体详情访问：https://tushare.pro/document/1?doc_id=108。
2026-04-16 17:43:24 | WARNING | earnings_surprise_project | daily_basic 002273.SZ failed after retries: 抱歉，您每分钟最多访问该接口200次，权限的具体详情访问：https://tushare.pro/document/1?doc_id=108。
2026-04-16 17:43:24 | WARNING | earnings_surprise_project | daily_basic 002272.SZ failed after retries: 抱歉，您每分钟最多访问该接口200次，权限的具体详情访问：https://tushare.pro/document/1?doc_id=108。
2026-04-16 17:43:24 | WARNING | earnings_surprise_project | daily_basic 002274.SZ failed after retries: 抱歉，您每分钟最多访问该接口200次，权限的具体详情访问：https://tushare.pro/document/1?doc_id=108。
2026-04-16 17:43:24 | WARNING | earnings_surprise_project | daily_basic 002276.SZ failed after retries: 抱歉，您每分钟最多访问该接口200次，权限的具体详情访问：https://tushare.pro/document/1?doc_id=108。
2026-04-16 17:43:24 | WARNING | earnings_surprise_project | daily_basic 002277.SZ failed after retries: 抱歉，您每分钟最多访问该接口200次，权限的具体详情访问：https://tushare.pro/document/1?doc_id=108。
2026-04-16 17:43:25 | WARNING | earnings_surprise_project | daily_basic 002278.SZ failed after retries: 抱歉，您每分钟最多访问该接口200次，权限的具体详情访问：https://tushare.pro/document/1?doc_id=108。
2026-04-16 17:43:25 | WARNING | earnings_surprise_project | daily_basic 002279.SZ failed after retries: 抱歉，您每分钟最多访问该接口200次，权限的具体详情访问：https://tushare.pro/document/1?doc_id=108。
2026-04-16 17:43:25 | WARNING | earnings_surprise_project | daily_basic 002282.SZ failed after retries: 抱歉，您每分钟最多访问该接口200次，权限的具体详情访问：https://tushare.pro/document/1?doc_id=108。
2026-04-16 17:43:25 | WARNING | earnings_surprise_project | daily_basic 002281.SZ failed after retries: 抱歉，您每分钟最多访问该接口200次，权限的具体详情访问：https://tushare.pro/document/1?doc_id=108。
2026-04-16 17:43:25 | WARNING | earnings_surprise_project | daily_basic 002283.SZ failed after retries: 抱歉，您每分钟最多访问该接口200次，权限的具体详情访问：https://tushare.pro/document/1?doc_id=108。
2026-04-16 17:43:25 | WARNING | earnings_surprise_project | daily_basic 002284.SZ failed after retries: 抱歉，您每分钟最多访问该接口200次，权限的具体详情访问：https://tushare.pro/document/1?doc_id=108。
2026-04-16 17:43:28 | WARNING | earnings_surprise_project | daily_basic 002286.SZ failed after retries: 抱歉，您每分钟最多访问该接口200次，权限的具体详情访问：https://tushare.pro/document/1?doc_id=108。
2026-04-16 17:43:28 | WARNING | earnings_surprise_project | daily_basic 002287.SZ failed after retries: 抱歉，您每分钟最多访问该接口200次，权限的具体详情访问：https://tushare.pro/document/1?doc_id=108。
2026-04-16 17:43:28 | WARNING | earnings_surprise_project | daily_basic 002285.SZ failed after retries: 抱歉，您每分钟最多访问该接口200次，权限的具体详情访问：https://tushare.pro/document/1?doc_id=108。
2026-04-16 17:43:28 | WARNING | earnings_surprise_project | daily_basic 002289.SZ failed after retries: 抱歉，您每分钟最多访问该接口200次，权限的具体详情访问：https://tushare.pro/document/1?doc_id=108。
2026-04-16 17:43:28 | INFO | earnings_surprise_project | Daily basic data collected: 805417 rows
2026-04-16 17:43:40 | INFO | earnings_surprise_project | Guidance events constructed: 4832 rows
2026-04-16 17:46:53 | INFO | earnings_surprise_project | Final event-level rows: 29185
2026-04-16 17:46:56 | INFO | earnings_surprise_project | Selected spec=all_sample_rank, signal=es_rank_q, score=7.985, n=29185
2026-04-16 17:47:01 | INFO | earnings_surprise_project | event_level rows=29185 cols=25
2026-04-16 17:47:01 | INFO | earnings_surprise_project | event_level_raw rows=29185 cols=17
2026-04-16 17:47:01 | INFO | earnings_surprise_project | event_paths rows=1751100 cols=5
2026-04-16 17:47:01 | INFO | earnings_surprise_project | spec_table rows=6 cols=5
2026-04-16 17:47:02 | INFO | earnings_surprise_project | descriptive_table rows=7 cols=9
2026-04-16 17:47:02 | INFO | earnings_surprise_project | regression_table rows=15 cols=8
2026-04-16 17:47:04 | INFO | earnings_surprise_project | Pipeline complete.
2026-04-16 17:48:00 | INFO | earnings_surprise_project | Core outputs saved.
2026-04-16 17:48:01 | INFO | earnings_surprise_project | Guidance-design pipeline complete.
2026-04-16 17:49:26 | INFO | earnings_surprise_project | Guidance-design pipeline start | RUN_MODE=test | period=20200101-20260416
2026-04-16 17:49:27 | INFO | earnings_surprise_project | Tushare client initialized.
2026-04-16 17:49:27 | INFO | earnings_surprise_project | Akshare client initialized.
2026-04-16 17:49:28 | INFO | earnings_surprise_project | Stock universe from Tushare: 800 rows
2026-04-16 17:49:39 | WARNING | earnings_surprise_project | forecast 001366.SZ failed after retries: 抱歉，您每分钟最多访问该接口200次，权限的具体详情访问：https://tushare.pro/document/1?doc_id=108。
2026-04-16 17:49:39 | WARNING | earnings_surprise_project | forecast 001368.SZ failed after retries: 抱歉，您每分钟最多访问该接口200次，权限的具体详情访问：https://tushare.pro/document/1?doc_id=108。
2026-04-16 17:49:39 | WARNING | earnings_surprise_project | forecast 001373.SZ failed after retries: 抱歉，您每分钟最多访问该接口200次，权限的具体详情访问：https://tushare.pro/document/1?doc_id=108。
2026-04-16 17:49:39 | WARNING | earnings_surprise_project | forecast 002014.SZ failed after retries: 抱歉，您每分钟最多访问该接口200次，权限的具体详情访问：https://tushare.pro/document/1?doc_id=108。
2026-04-16 17:49:39 | WARNING | earnings_surprise_project | forecast 002040.SZ failed after retries: 抱歉，您每分钟最多访问该接口200次，权限的具体详情访问：https://tushare.pro/document/1?doc_id=108。
2026-04-16 17:49:39 | WARNING | earnings_surprise_project | forecast 002060.SZ failed after retries: 抱歉，您每分钟最多访问该接口200次，权限的具体详情访问：https://tushare.pro/document/1?doc_id=108。
2026-04-16 17:49:39 | WARNING | earnings_surprise_project | forecast 002062.SZ failed after retries: 抱歉，您每分钟最多访问该接口200次，权限的具体详情访问：https://tushare.pro/document/1?doc_id=108。
2026-04-16 17:49:39 | WARNING | earnings_surprise_project | forecast 002063.SZ failed after retries: 抱歉，您每分钟最多访问该接口200次，权限的具体详情访问：https://tushare.pro/document/1?doc_id=108。
2026-04-16 17:49:42 | WARNING | earnings_surprise_project | forecast 002117.SZ failed after retries: 抱歉，您每分钟最多访问该接口200次，权限的具体详情访问：https://tushare.pro/document/1?doc_id=108。
2026-04-16 17:49:42 | WARNING | earnings_surprise_project | forecast 002140.SZ failed after retries: 抱歉，您每分钟最多访问该接口200次，权限的具体详情访问：https://tushare.pro/document/1?doc_id=108。
2026-04-16 17:49:42 | WARNING | earnings_surprise_project | forecast 002142.SZ failed after retries: 抱歉，您每分钟最多访问该接口200次，权限的具体详情访问：https://tushare.pro/document/1?doc_id=108。
2026-04-16 17:49:43 | WARNING | earnings_surprise_project | forecast 002195.SZ failed after retries: 抱歉，您每分钟最多访问该接口200次，权限的具体详情访问：https://tushare.pro/document/1?doc_id=108。
2026-04-16 17:49:43 | WARNING | earnings_surprise_project | forecast 002193.SZ failed after retries: 抱歉，您每分钟最多访问该接口200次，权限的具体详情访问：https://tushare.pro/document/1?doc_id=108。
2026-04-16 17:49:43 | WARNING | earnings_surprise_project | forecast 002196.SZ failed after retries: 抱歉，您每分钟最多访问该接口200次，权限的具体详情访问：https://tushare.pro/document/1?doc_id=108。
2026-04-16 17:49:43 | WARNING | earnings_surprise_project | forecast 002194.SZ failed after retries: 抱歉，您每分钟最多访问该接口200次，权限的具体详情访问：https://tushare.pro/document/1?doc_id=108。
2026-04-16 17:49:43 | WARNING | earnings_surprise_project | forecast 002192.SZ failed after retries: 抱歉，您每分钟最多访问该接口200次，权限的具体详情访问：https://tushare.pro/document/1?doc_id=108。
2026-04-16 17:49:46 | WARNING | earnings_surprise_project | forecast 002197.SZ failed after retries: 抱歉，您每分钟最多访问该接口200次，权限的具体详情访问：https://tushare.pro/document/1?doc_id=108。
2026-04-16 17:49:46 | WARNING | earnings_surprise_project | forecast 002198.SZ failed after retries: 抱歉，您每分钟最多访问该接口200次，权限的具体详情访问：https://tushare.pro/document/1?doc_id=108。
2026-04-16 17:49:46 | WARNING | earnings_surprise_project | forecast 002199.SZ failed after retries: 抱歉，您每分钟最多访问该接口200次，权限的具体详情访问：https://tushare.pro/document/1?doc_id=108。
2026-04-16 17:49:46 | WARNING | earnings_surprise_project | forecast 002202.SZ failed after retries: 抱歉，您每分钟最多访问该接口200次，权限的具体详情访问：https://tushare.pro/document/1?doc_id=108。
2026-04-16 17:49:46 | WARNING | earnings_surprise_project | forecast 002204.SZ failed after retries: 抱歉，您每分钟最多访问该接口200次，权限的具体详情访问：https://tushare.pro/document/1?doc_id=108。
2026-04-16 17:49:46 | WARNING | earnings_surprise_project | forecast 002200.SZ failed after retries: 抱歉，您每分钟最多访问该接口200次，权限的具体详情访问：https://tushare.pro/document/1?doc_id=108。
2026-04-16 17:49:46 | WARNING | earnings_surprise_project | forecast 002203.SZ failed after retries: 抱歉，您每分钟最多访问该接口200次，权限的具体详情访问：https://tushare.pro/document/1?doc_id=108。
2026-04-16 17:49:46 | WARNING | earnings_surprise_project | forecast 002201.SZ failed after retries: 抱歉，您每分钟最多访问该接口200次，权限的具体详情访问：https://tushare.pro/document/1?doc_id=108。
2026-04-16 17:49:49 | WARNING | earnings_surprise_project | forecast 002205.SZ failed after retries: 抱歉，您每分钟最多访问该接口200次，权限的具体详情访问：https://tushare.pro/document/1?doc_id=108。
2026-04-16 17:49:49 | WARNING | earnings_surprise_project | forecast 002206.SZ failed after retries: 抱歉，您每分钟最多访问该接口200次，权限的具体详情访问：https://tushare.pro/document/1?doc_id=108。
2026-04-16 17:49:49 | WARNING | earnings_surprise_project | forecast 002207.SZ failed after retries: 抱歉，您每分钟最多访问该接口200次，权限的具体详情访问：https://tushare.pro/document/1?doc_id=108。
2026-04-16 17:49:49 | WARNING | earnings_surprise_project | forecast 002211.SZ failed after retries: 抱歉，您每分钟最多访问该接口200次，权限的具体详情访问：https://tushare.pro/document/1?doc_id=108。
2026-04-16 17:49:49 | WARNING | earnings_surprise_project | forecast 002208.SZ failed after retries: 抱歉，您每分钟最多访问该接口200次，权限的具体详情访问：https://tushare.pro/document/1?doc_id=108。
2026-04-16 17:49:49 | WARNING | earnings_surprise_project | forecast 002209.SZ failed after retries: 抱歉，您每分钟最多访问该接口200次，权限的具体详情访问：https://tushare.pro/document/1?doc_id=108。
2026-04-16 17:49:49 | WARNING | earnings_surprise_project | forecast 002212.SZ failed after retries: 抱歉，您每分钟最多访问该接口200次，权限的具体详情访问：https://tushare.pro/document/1?doc_id=108。
2026-04-16 17:49:49 | WARNING | earnings_surprise_project | forecast 002210.SZ failed after retries: 抱歉，您每分钟最多访问该接口200次，权限的具体详情访问：https://tushare.pro/document/1?doc_id=108。
2026-04-16 17:49:52 | WARNING | earnings_surprise_project | forecast 002213.SZ failed after retries: 抱歉，您每分钟最多访问该接口200次，权限的具体详情访问：https://tushare.pro/document/1?doc_id=108。
2026-04-16 17:49:52 | WARNING | earnings_surprise_project | forecast 002214.SZ failed after retries: 抱歉，您每分钟最多访问该接口200次，权限的具体详情访问：https://tushare.pro/document/1?doc_id=108。
2026-04-16 17:49:52 | WARNING | earnings_surprise_project | forecast 002215.SZ failed after retries: 抱歉，您每分钟最多访问该接口200次，权限的具体详情访问：https://tushare.pro/document/1?doc_id=108。
2026-04-16 17:49:53 | WARNING | earnings_surprise_project | forecast 002219.SZ failed after retries: 抱歉，您每分钟最多访问该接口200次，权限的具体详情访问：https://tushare.pro/document/1?doc_id=108。
2026-04-16 17:49:53 | WARNING | earnings_surprise_project | forecast 002218.SZ failed after retries: 抱歉，您每分钟最多访问该接口200次，权限的具体详情访问：https://tushare.pro/document/1?doc_id=108。
2026-04-16 17:49:53 | WARNING | earnings_surprise_project | forecast 002216.SZ failed after retries: 抱歉，您每分钟最多访问该接口200次，权限的具体详情访问：https://tushare.pro/document/1?doc_id=108。
2026-04-16 17:49:53 | WARNING | earnings_surprise_project | forecast 002221.SZ failed after retries: 抱歉，您每分钟最多访问该接口200次，权限的具体详情访问：https://tushare.pro/document/1?doc_id=108。
2026-04-16 17:49:53 | WARNING | earnings_surprise_project | forecast 002217.SZ failed after retries: 抱歉，您每分钟最多访问该接口200次，权限的具体详情访问：https://tushare.pro/document/1?doc_id=108。
2026-04-16 17:49:55 | WARNING | earnings_surprise_project | forecast 002222.SZ failed after retries: 抱歉，您每分钟最多访问该接口200次，权限的具体详情访问：https://tushare.pro/document/1?doc_id=108。
2026-04-16 17:49:56 | WARNING | earnings_surprise_project | forecast 002223.SZ failed after retries: 抱歉，您每分钟最多访问该接口200次，权限的具体详情访问：https://tushare.pro/document/1?doc_id=108。
2026-04-16 17:49:56 | WARNING | earnings_surprise_project | forecast 002225.SZ failed after retries: 抱歉，您每分钟最多访问该接口200次，权限的具体详情访问：https://tushare.pro/document/1?doc_id=108。
2026-04-16 17:49:56 | WARNING | earnings_surprise_project | forecast 002224.SZ failed after retries: 抱歉，您每分钟最多访问该接口200次，权限的具体详情访问：https://tushare.pro/document/1?doc_id=108。
2026-04-16 17:49:56 | WARNING | earnings_surprise_project | forecast 002229.SZ failed after retries: 抱歉，您每分钟最多访问该接口200次，权限的具体详情访问：https://tushare.pro/document/1?doc_id=108。
2026-04-16 17:49:56 | WARNING | earnings_surprise_project | forecast 002226.SZ failed after retries: 抱歉，您每分钟最多访问该接口200次，权限的具体详情访问：https://tushare.pro/document/1?doc_id=108。
2026-04-16 17:49:56 | WARNING | earnings_surprise_project | forecast 002228.SZ failed after retries: 抱歉，您每分钟最多访问该接口200次，权限的具体详情访问：https://tushare.pro/document/1?doc_id=108。
2026-04-16 17:49:56 | WARNING | earnings_surprise_project | forecast 002227.SZ failed after retries: 抱歉，您每分钟最多访问该接口200次，权限的具体详情访问：https://tushare.pro/document/1?doc_id=108。
2026-04-16 17:49:59 | WARNING | earnings_surprise_project | forecast 002230.SZ failed after retries: 抱歉，您每分钟最多访问该接口200次，权限的具体详情访问：https://tushare.pro/document/1?doc_id=108。
2026-04-16 17:49:59 | WARNING | earnings_surprise_project | forecast 002232.SZ failed after retries: 抱歉，您每分钟最多访问该接口200次，权限的具体详情访问：https://tushare.pro/document/1?doc_id=108。
2026-04-16 17:49:59 | WARNING | earnings_surprise_project | forecast 002233.SZ failed after retries: 抱歉，您每分钟最多访问该接口200次，权限的具体详情访问：https://tushare.pro/document/1?doc_id=108。
2026-04-16 17:49:59 | WARNING | earnings_surprise_project | forecast 002234.SZ failed after retries: 抱歉，您每分钟最多访问该接口200次，权限的具体详情访问：https://tushare.pro/document/1?doc_id=108。
2026-04-16 17:49:59 | WARNING | earnings_surprise_project | forecast 002237.SZ failed after retries: 抱歉，您每分钟最多访问该接口200次，权限的具体详情访问：https://tushare.pro/document/1?doc_id=108。
2026-04-16 17:49:59 | WARNING | earnings_surprise_project | forecast 002236.SZ failed after retries: 抱歉，您每分钟最多访问该接口200次，权限的具体详情访问：https://tushare.pro/document/1?doc_id=108。
2026-04-16 17:49:59 | WARNING | earnings_surprise_project | forecast 002235.SZ failed after retries: 抱歉，您每分钟最多访问该接口200次，权限的具体详情访问：https://tushare.pro/document/1?doc_id=108。
2026-04-16 17:49:59 | WARNING | earnings_surprise_project | forecast 002238.SZ failed after retries: 抱歉，您每分钟最多访问该接口200次，权限的具体详情访问：https://tushare.pro/document/1?doc_id=108。
2026-04-16 17:50:02 | WARNING | earnings_surprise_project | forecast 002239.SZ failed after retries: 抱歉，您每分钟最多访问该接口200次，权限的具体详情访问：https://tushare.pro/document/1?doc_id=108。
2026-04-16 17:50:02 | WARNING | earnings_surprise_project | forecast 002240.SZ failed after retries: 抱歉，您每分钟最多访问该接口200次，权限的具体详情访问：https://tushare.pro/document/1?doc_id=108。
2026-04-16 17:50:02 | WARNING | earnings_surprise_project | forecast 002243.SZ failed after retries: 抱歉，您每分钟最多访问该接口200次，权限的具体详情访问：https://tushare.pro/document/1?doc_id=108。
2026-04-16 17:50:02 | WARNING | earnings_surprise_project | forecast 002241.SZ failed after retries: 抱歉，您每分钟最多访问该接口200次，权限的具体详情访问：https://tushare.pro/document/1?doc_id=108。
2026-04-16 17:50:02 | WARNING | earnings_surprise_project | forecast 002244.SZ failed after retries: 抱歉，您每分钟最多访问该接口200次，权限的具体详情访问：https://tushare.pro/document/1?doc_id=108。
2026-04-16 17:50:02 | WARNING | earnings_surprise_project | forecast 002245.SZ failed after retries: 抱歉，您每分钟最多访问该接口200次，权限的具体详情访问：https://tushare.pro/document/1?doc_id=108。
2026-04-16 17:50:02 | WARNING | earnings_surprise_project | forecast 002242.SZ failed after retries: 抱歉，您每分钟最多访问该接口200次，权限的具体详情访问：https://tushare.pro/document/1?doc_id=108。
2026-04-16 17:50:02 | WARNING | earnings_surprise_project | forecast 002246.SZ failed after retries: 抱歉，您每分钟最多访问该接口200次，权限的具体详情访问：https://tushare.pro/document/1?doc_id=108。
2026-04-16 17:50:05 | WARNING | earnings_surprise_project | forecast 002247.SZ failed after retries: 抱歉，您每分钟最多访问该接口200次，权限的具体详情访问：https://tushare.pro/document/1?doc_id=108。
2026-04-16 17:50:05 | WARNING | earnings_surprise_project | forecast 002248.SZ failed after retries: 抱歉，您每分钟最多访问该接口200次，权限的具体详情访问：https://tushare.pro/document/1?doc_id=108。
2026-04-16 17:50:06 | WARNING | earnings_surprise_project | forecast 002249.SZ failed after retries: 抱歉，您每分钟最多访问该接口200次，权限的具体详情访问：https://tushare.pro/document/1?doc_id=108。
2026-04-16 17:50:06 | WARNING | earnings_surprise_project | forecast 002252.SZ failed after retries: 抱歉，您每分钟最多访问该接口200次，权限的具体详情访问：https://tushare.pro/document/1?doc_id=108。
2026-04-16 17:50:06 | WARNING | earnings_surprise_project | forecast 002251.SZ failed after retries: 抱歉，您每分钟最多访问该接口200次，权限的具体详情访问：https://tushare.pro/document/1?doc_id=108。
2026-04-16 17:50:06 | WARNING | earnings_surprise_project | forecast 002253.SZ failed after retries: 抱歉，您每分钟最多访问该接口200次，权限的具体详情访问：https://tushare.pro/document/1?doc_id=108。
2026-04-16 17:50:06 | WARNING | earnings_surprise_project | forecast 002250.SZ failed after retries: 抱歉，您每分钟最多访问该接口200次，权限的具体详情访问：https://tushare.pro/document/1?doc_id=108。
2026-04-16 17:50:06 | WARNING | earnings_surprise_project | forecast 002254.SZ failed after retries: 抱歉，您每分钟最多访问该接口200次，权限的具体详情访问：https://tushare.pro/document/1?doc_id=108。
2026-04-16 17:50:09 | WARNING | earnings_surprise_project | forecast 002255.SZ failed after retries: 抱歉，您每分钟最多访问该接口200次，权限的具体详情访问：https://tushare.pro/document/1?doc_id=108。
2026-04-16 17:50:09 | WARNING | earnings_surprise_project | forecast 002256.SZ failed after retries: 抱歉，您每分钟最多访问该接口200次，权限的具体详情访问：https://tushare.pro/document/1?doc_id=108。
2026-04-16 17:50:09 | WARNING | earnings_surprise_project | forecast 002258.SZ failed after retries: 抱歉，您每分钟最多访问该接口200次，权限的具体详情访问：https://tushare.pro/document/1?doc_id=108。
2026-04-16 17:50:09 | WARNING | earnings_surprise_project | forecast 002261.SZ failed after retries: 抱歉，您每分钟最多访问该接口200次，权限的具体详情访问：https://tushare.pro/document/1?doc_id=108。
2026-04-16 17:50:09 | WARNING | earnings_surprise_project | forecast 002259.SZ failed after retries: 抱歉，您每分钟最多访问该接口200次，权限的具体详情访问：https://tushare.pro/document/1?doc_id=108。
2026-04-16 17:50:09 | WARNING | earnings_surprise_project | forecast 002263.SZ failed after retries: 抱歉，您每分钟最多访问该接口200次，权限的具体详情访问：https://tushare.pro/document/1?doc_id=108。
2026-04-16 17:50:09 | WARNING | earnings_surprise_project | forecast 002262.SZ failed after retries: 抱歉，您每分钟最多访问该接口200次，权限的具体详情访问：https://tushare.pro/document/1?doc_id=108。
2026-04-16 17:50:09 | WARNING | earnings_surprise_project | forecast 002264.SZ failed after retries: 抱歉，您每分钟最多访问该接口200次，权限的具体详情访问：https://tushare.pro/document/1?doc_id=108。
2026-04-16 17:50:12 | WARNING | earnings_surprise_project | forecast 002265.SZ failed after retries: 抱歉，您每分钟最多访问该接口200次，权限的具体详情访问：https://tushare.pro/document/1?doc_id=108。
2026-04-16 17:50:12 | WARNING | earnings_surprise_project | forecast 002266.SZ failed after retries: 抱歉，您每分钟最多访问该接口200次，权限的具体详情访问：https://tushare.pro/document/1?doc_id=108。
2026-04-16 17:50:12 | WARNING | earnings_surprise_project | forecast 002269.SZ failed after retries: 抱歉，您每分钟最多访问该接口200次，权限的具体详情访问：https://tushare.pro/document/1?doc_id=108。
2026-04-16 17:50:12 | WARNING | earnings_surprise_project | forecast 002270.SZ failed after retries: 抱歉，您每分钟最多访问该接口200次，权限的具体详情访问：https://tushare.pro/document/1?doc_id=108。
2026-04-16 17:50:12 | WARNING | earnings_surprise_project | forecast 002267.SZ failed after retries: 抱歉，您每分钟最多访问该接口200次，权限的具体详情访问：https://tushare.pro/document/1?doc_id=108。
2026-04-16 17:50:12 | WARNING | earnings_surprise_project | forecast 002268.SZ failed after retries: 抱歉，您每分钟最多访问该接口200次，权限的具体详情访问：https://tushare.pro/document/1?doc_id=108。
2026-04-16 17:50:12 | WARNING | earnings_surprise_project | forecast 002271.SZ failed after retries: 抱歉，您每分钟最多访问该接口200次，权限的具体详情访问：https://tushare.pro/document/1?doc_id=108。
2026-04-16 17:50:12 | WARNING | earnings_surprise_project | forecast 002272.SZ failed after retries: 抱歉，您每分钟最多访问该接口200次，权限的具体详情访问：https://tushare.pro/document/1?doc_id=108。
2026-04-16 17:50:15 | WARNING | earnings_surprise_project | forecast 002273.SZ failed after retries: 抱歉，您每分钟最多访问该接口200次，权限的具体详情访问：https://tushare.pro/document/1?doc_id=108。
2026-04-16 17:50:15 | WARNING | earnings_surprise_project | forecast 002274.SZ failed after retries: 抱歉，您每分钟最多访问该接口200次，权限的具体详情访问：https://tushare.pro/document/1?doc_id=108。
2026-04-16 17:50:15 | WARNING | earnings_surprise_project | forecast 002277.SZ failed after retries: 抱歉，您每分钟最多访问该接口200次，权限的具体详情访问：https://tushare.pro/document/1?doc_id=108。
2026-04-16 17:50:15 | WARNING | earnings_surprise_project | forecast 002275.SZ failed after retries: 抱歉，您每分钟最多访问该接口200次，权限的具体详情访问：https://tushare.pro/document/1?doc_id=108。
2026-04-16 17:50:15 | WARNING | earnings_surprise_project | forecast 002276.SZ failed after retries: 抱歉，您每分钟最多访问该接口200次，权限的具体详情访问：https://tushare.pro/document/1?doc_id=108。
2026-04-16 17:50:15 | WARNING | earnings_surprise_project | forecast 002278.SZ failed after retries: 抱歉，您每分钟最多访问该接口200次，权限的具体详情访问：https://tushare.pro/document/1?doc_id=108。
2026-04-16 17:50:15 | WARNING | earnings_surprise_project | forecast 002279.SZ failed after retries: 抱歉，您每分钟最多访问该接口200次，权限的具体详情访问：https://tushare.pro/document/1?doc_id=108。
2026-04-16 17:50:15 | WARNING | earnings_surprise_project | forecast 002281.SZ failed after retries: 抱歉，您每分钟最多访问该接口200次，权限的具体详情访问：https://tushare.pro/document/1?doc_id=108。
2026-04-16 17:50:18 | WARNING | earnings_surprise_project | forecast 002282.SZ failed after retries: 抱歉，您每分钟最多访问该接口200次，权限的具体详情访问：https://tushare.pro/document/1?doc_id=108。
2026-04-16 17:50:18 | WARNING | earnings_surprise_project | forecast 002283.SZ failed after retries: 抱歉，您每分钟最多访问该接口200次，权限的具体详情访问：https://tushare.pro/document/1?doc_id=108。
2026-04-16 17:50:19 | WARNING | earnings_surprise_project | forecast 002285.SZ failed after retries: 抱歉，您每分钟最多访问该接口200次，权限的具体详情访问：https://tushare.pro/document/1?doc_id=108。
2026-04-16 17:50:19 | WARNING | earnings_surprise_project | forecast 002284.SZ failed after retries: 抱歉，您每分钟最多访问该接口200次，权限的具体详情访问：https://tushare.pro/document/1?doc_id=108。
2026-04-16 17:50:19 | WARNING | earnings_surprise_project | forecast 002287.SZ failed after retries: 抱歉，您每分钟最多访问该接口200次，权限的具体详情访问：https://tushare.pro/document/1?doc_id=108。
2026-04-16 17:50:19 | WARNING | earnings_surprise_project | forecast 002289.SZ failed after retries: 抱歉，您每分钟最多访问该接口200次，权限的具体详情访问：https://tushare.pro/document/1?doc_id=108。
2026-04-16 17:50:19 | WARNING | earnings_surprise_project | forecast 002286.SZ failed after retries: 抱歉，您每分钟最多访问该接口200次，权限的具体详情访问：https://tushare.pro/document/1?doc_id=108。
2026-04-16 17:50:19 | INFO | earnings_surprise_project | Guidance rows collected: 10920
2026-04-16 17:50:25 | INFO | earnings_surprise_project | Stock daily prices collected: 1160398 rows
2026-04-16 17:50:38 | WARNING | earnings_surprise_project | daily_basic 002208.SZ failed after retries: 抱歉，您每分钟最多访问该接口200次，权限的具体详情访问：https://tushare.pro/document/1?doc_id=108。
2026-04-16 17:50:38 | WARNING | earnings_surprise_project | daily_basic 002206.SZ failed after retries: 抱歉，您每分钟最多访问该接口200次，权限的具体详情访问：https://tushare.pro/document/1?doc_id=108。
2026-04-16 17:50:38 | WARNING | earnings_surprise_project | daily_basic 002211.SZ failed after retries: 抱歉，您每分钟最多访问该接口200次，权限的具体详情访问：https://tushare.pro/document/1?doc_id=108。
2026-04-16 17:50:38 | WARNING | earnings_surprise_project | daily_basic 002210.SZ failed after retries: 抱歉，您每分钟最多访问该接口200次，权限的具体详情访问：https://tushare.pro/document/1?doc_id=108。
2026-04-16 17:50:38 | WARNING | earnings_surprise_project | daily_basic 002207.SZ failed after retries: 抱歉，您每分钟最多访问该接口200次，权限的具体详情访问：https://tushare.pro/document/1?doc_id=108。
2026-04-16 17:50:38 | WARNING | earnings_surprise_project | daily_basic 002209.SZ failed after retries: 抱歉，您每分钟最多访问该接口200次，权限的具体详情访问：https://tushare.pro/document/1?doc_id=108。
2026-04-16 17:50:38 | WARNING | earnings_surprise_project | daily_basic 002205.SZ failed after retries: 抱歉，您每分钟最多访问该接口200次，权限的具体详情访问：https://tushare.pro/document/1?doc_id=108。
2026-04-16 17:50:38 | WARNING | earnings_surprise_project | daily_basic 002204.SZ failed after retries: 抱歉，您每分钟最多访问该接口200次，权限的具体详情访问：https://tushare.pro/document/1?doc_id=108。
2026-04-16 17:50:41 | WARNING | earnings_surprise_project | daily_basic 002216.SZ failed after retries: 抱歉，您每分钟最多访问该接口200次，权限的具体详情访问：https://tushare.pro/document/1?doc_id=108。
2026-04-16 17:50:41 | WARNING | earnings_surprise_project | daily_basic 002213.SZ failed after retries: 抱歉，您每分钟最多访问该接口200次，权限的具体详情访问：https://tushare.pro/document/1?doc_id=108。
2026-04-16 17:50:41 | WARNING | earnings_surprise_project | daily_basic 002215.SZ failed after retries: 抱歉，您每分钟最多访问该接口200次，权限的具体详情访问：https://tushare.pro/document/1?doc_id=108。
2026-04-16 17:50:41 | WARNING | earnings_surprise_project | daily_basic 002214.SZ failed after retries: 抱歉，您每分钟最多访问该接口200次，权限的具体详情访问：https://tushare.pro/document/1?doc_id=108。
2026-04-16 17:50:41 | WARNING | earnings_surprise_project | daily_basic 002219.SZ failed after retries: 抱歉，您每分钟最多访问该接口200次，权限的具体详情访问：https://tushare.pro/document/1?doc_id=108。
2026-04-16 17:50:41 | WARNING | earnings_surprise_project | daily_basic 002212.SZ failed after retries: 抱歉，您每分钟最多访问该接口200次，权限的具体详情访问：https://tushare.pro/document/1?doc_id=108。
2026-04-16 17:50:41 | WARNING | earnings_surprise_project | daily_basic 002217.SZ failed after retries: 抱歉，您每分钟最多访问该接口200次，权限的具体详情访问：https://tushare.pro/document/1?doc_id=108。
2026-04-16 17:50:41 | WARNING | earnings_surprise_project | daily_basic 002218.SZ failed after retries: 抱歉，您每分钟最多访问该接口200次，权限的具体详情访问：https://tushare.pro/document/1?doc_id=108。
2026-04-16 17:50:45 | WARNING | earnings_surprise_project | daily_basic 002228.SZ failed after retries: 抱歉，您每分钟最多访问该接口200次，权限的具体详情访问：https://tushare.pro/document/1?doc_id=108。
2026-04-16 17:50:45 | WARNING | earnings_surprise_project | daily_basic 002221.SZ failed after retries: 抱歉，您每分钟最多访问该接口200次，权限的具体详情访问：https://tushare.pro/document/1?doc_id=108。
2026-04-16 17:50:45 | WARNING | earnings_surprise_project | daily_basic 002222.SZ failed after retries: 抱歉，您每分钟最多访问该接口200次，权限的具体详情访问：https://tushare.pro/document/1?doc_id=108。
2026-04-16 17:50:45 | WARNING | earnings_surprise_project | daily_basic 002224.SZ failed after retries: 抱歉，您每分钟最多访问该接口200次，权限的具体详情访问：https://tushare.pro/document/1?doc_id=108。
2026-04-16 17:50:45 | WARNING | earnings_surprise_project | daily_basic 002227.SZ failed after retries: 抱歉，您每分钟最多访问该接口200次，权限的具体详情访问：https://tushare.pro/document/1?doc_id=108。
2026-04-16 17:50:45 | WARNING | earnings_surprise_project | daily_basic 002225.SZ failed after retries: 抱歉，您每分钟最多访问该接口200次，权限的具体详情访问：https://tushare.pro/document/1?doc_id=108。
2026-04-16 17:50:45 | WARNING | earnings_surprise_project | daily_basic 002223.SZ failed after retries: 抱歉，您每分钟最多访问该接口200次，权限的具体详情访问：https://tushare.pro/document/1?doc_id=108。
2026-04-16 17:50:45 | WARNING | earnings_surprise_project | daily_basic 002226.SZ failed after retries: 抱歉，您每分钟最多访问该接口200次，权限的具体详情访问：https://tushare.pro/document/1?doc_id=108。
2026-04-16 17:50:48 | WARNING | earnings_surprise_project | daily_basic 002230.SZ failed after retries: 抱歉，您每分钟最多访问该接口200次，权限的具体详情访问：https://tushare.pro/document/1?doc_id=108。
2026-04-16 17:50:48 | WARNING | earnings_surprise_project | daily_basic 002236.SZ failed after retries: 抱歉，您每分钟最多访问该接口200次，权限的具体详情访问：https://tushare.pro/document/1?doc_id=108。
2026-04-16 17:50:48 | WARNING | earnings_surprise_project | daily_basic 002233.SZ failed after retries: 抱歉，您每分钟最多访问该接口200次，权限的具体详情访问：https://tushare.pro/document/1?doc_id=108。
2026-04-16 17:50:48 | WARNING | earnings_surprise_project | daily_basic 002229.SZ failed after retries: 抱歉，您每分钟最多访问该接口200次，权限的具体详情访问：https://tushare.pro/document/1?doc_id=108。
2026-04-16 17:50:48 | WARNING | earnings_surprise_project | daily_basic 002235.SZ failed after retries: 抱歉，您每分钟最多访问该接口200次，权限的具体详情访问：https://tushare.pro/document/1?doc_id=108。
2026-04-16 17:50:48 | WARNING | earnings_surprise_project | daily_basic 002237.SZ failed after retries: 抱歉，您每分钟最多访问该接口200次，权限的具体详情访问：https://tushare.pro/document/1?doc_id=108。
2026-04-16 17:50:48 | WARNING | earnings_surprise_project | daily_basic 002232.SZ failed after retries: 抱歉，您每分钟最多访问该接口200次，权限的具体详情访问：https://tushare.pro/document/1?doc_id=108。
2026-04-16 17:50:48 | WARNING | earnings_surprise_project | daily_basic 002234.SZ failed after retries: 抱歉，您每分钟最多访问该接口200次，权限的具体详情访问：https://tushare.pro/document/1?doc_id=108。
2026-04-16 17:50:51 | WARNING | earnings_surprise_project | daily_basic 002241.SZ failed after retries: 抱歉，您每分钟最多访问该接口200次，权限的具体详情访问：https://tushare.pro/document/1?doc_id=108。
2026-04-16 17:50:51 | WARNING | earnings_surprise_project | daily_basic 002238.SZ failed after retries: 抱歉，您每分钟最多访问该接口200次，权限的具体详情访问：https://tushare.pro/document/1?doc_id=108。
2026-04-16 17:50:51 | WARNING | earnings_surprise_project | daily_basic 002244.SZ failed after retries: 抱歉，您每分钟最多访问该接口200次，权限的具体详情访问：https://tushare.pro/document/1?doc_id=108。
2026-04-16 17:50:51 | WARNING | earnings_surprise_project | daily_basic 002242.SZ failed after retries: 抱歉，您每分钟最多访问该接口200次，权限的具体详情访问：https://tushare.pro/document/1?doc_id=108。
2026-04-16 17:50:51 | WARNING | earnings_surprise_project | daily_basic 002243.SZ failed after retries: 抱歉，您每分钟最多访问该接口200次，权限的具体详情访问：https://tushare.pro/document/1?doc_id=108。
2026-04-16 17:50:51 | WARNING | earnings_surprise_project | daily_basic 002240.SZ failed after retries: 抱歉，您每分钟最多访问该接口200次，权限的具体详情访问：https://tushare.pro/document/1?doc_id=108。
2026-04-16 17:50:51 | WARNING | earnings_surprise_project | daily_basic 002239.SZ failed after retries: 抱歉，您每分钟最多访问该接口200次，权限的具体详情访问：https://tushare.pro/document/1?doc_id=108。
2026-04-16 17:50:51 | WARNING | earnings_surprise_project | daily_basic 002245.SZ failed after retries: 抱歉，您每分钟最多访问该接口200次，权限的具体详情访问：https://tushare.pro/document/1?doc_id=108。
2026-04-16 17:50:55 | WARNING | earnings_surprise_project | daily_basic 002246.SZ failed after retries: 抱歉，您每分钟最多访问该接口200次，权限的具体详情访问：https://tushare.pro/document/1?doc_id=108。
2026-04-16 17:50:55 | WARNING | earnings_surprise_project | daily_basic 002247.SZ failed after retries: 抱歉，您每分钟最多访问该接口200次，权限的具体详情访问：https://tushare.pro/document/1?doc_id=108。
2026-04-16 17:50:55 | WARNING | earnings_surprise_project | daily_basic 002248.SZ failed after retries: 抱歉，您每分钟最多访问该接口200次，权限的具体详情访问：https://tushare.pro/document/1?doc_id=108。
2026-04-16 17:50:55 | WARNING | earnings_surprise_project | daily_basic 002250.SZ failed after retries: 抱歉，您每分钟最多访问该接口200次，权限的具体详情访问：https://tushare.pro/document/1?doc_id=108。
2026-04-16 17:50:55 | WARNING | earnings_surprise_project | daily_basic 002249.SZ failed after retries: 抱歉，您每分钟最多访问该接口200次，权限的具体详情访问：https://tushare.pro/document/1?doc_id=108。
2026-04-16 17:50:55 | WARNING | earnings_surprise_project | daily_basic 002252.SZ failed after retries: 抱歉，您每分钟最多访问该接口200次，权限的具体详情访问：https://tushare.pro/document/1?doc_id=108。
2026-04-16 17:50:55 | WARNING | earnings_surprise_project | daily_basic 002253.SZ failed after retries: 抱歉，您每分钟最多访问该接口200次，权限的具体详情访问：https://tushare.pro/document/1?doc_id=108。
2026-04-16 17:50:55 | WARNING | earnings_surprise_project | daily_basic 002251.SZ failed after retries: 抱歉，您每分钟最多访问该接口200次，权限的具体详情访问：https://tushare.pro/document/1?doc_id=108。
2026-04-16 17:50:58 | WARNING | earnings_surprise_project | daily_basic 002254.SZ failed after retries: 抱歉，您每分钟最多访问该接口200次，权限的具体详情访问：https://tushare.pro/document/1?doc_id=108。
2026-04-16 17:50:58 | WARNING | earnings_surprise_project | daily_basic 002258.SZ failed after retries: 抱歉，您每分钟最多访问该接口200次，权限的具体详情访问：https://tushare.pro/document/1?doc_id=108。
2026-04-16 17:50:58 | WARNING | earnings_surprise_project | daily_basic 002256.SZ failed after retries: 抱歉，您每分钟最多访问该接口200次，权限的具体详情访问：https://tushare.pro/document/1?doc_id=108。
2026-04-16 17:50:58 | WARNING | earnings_surprise_project | daily_basic 002255.SZ failed after retries: 抱歉，您每分钟最多访问该接口200次，权限的具体详情访问：https://tushare.pro/document/1?doc_id=108。
2026-04-16 17:50:58 | WARNING | earnings_surprise_project | daily_basic 002259.SZ failed after retries: 抱歉，您每分钟最多访问该接口200次，权限的具体详情访问：https://tushare.pro/document/1?doc_id=108。
2026-04-16 17:50:58 | WARNING | earnings_surprise_project | daily_basic 002261.SZ failed after retries: 抱歉，您每分钟最多访问该接口200次，权限的具体详情访问：https://tushare.pro/document/1?doc_id=108。
2026-04-16 17:50:58 | WARNING | earnings_surprise_project | daily_basic 002262.SZ failed after retries: 抱歉，您每分钟最多访问该接口200次，权限的具体详情访问：https://tushare.pro/document/1?doc_id=108。
2026-04-16 17:50:58 | WARNING | earnings_surprise_project | daily_basic 002263.SZ failed after retries: 抱歉，您每分钟最多访问该接口200次，权限的具体详情访问：https://tushare.pro/document/1?doc_id=108。
2026-04-16 17:51:01 | WARNING | earnings_surprise_project | daily_basic 002264.SZ failed after retries: 抱歉，您每分钟最多访问该接口200次，权限的具体详情访问：https://tushare.pro/document/1?doc_id=108。
2026-04-16 17:51:01 | WARNING | earnings_surprise_project | daily_basic 002265.SZ failed after retries: 抱歉，您每分钟最多访问该接口200次，权限的具体详情访问：https://tushare.pro/document/1?doc_id=108。
2026-04-16 17:51:01 | WARNING | earnings_surprise_project | daily_basic 002266.SZ failed after retries: 抱歉，您每分钟最多访问该接口200次，权限的具体详情访问：https://tushare.pro/document/1?doc_id=108。
2026-04-16 17:51:01 | WARNING | earnings_surprise_project | daily_basic 002268.SZ failed after retries: 抱歉，您每分钟最多访问该接口200次，权限的具体详情访问：https://tushare.pro/document/1?doc_id=108。
2026-04-16 17:51:01 | WARNING | earnings_surprise_project | daily_basic 002267.SZ failed after retries: 抱歉，您每分钟最多访问该接口200次，权限的具体详情访问：https://tushare.pro/document/1?doc_id=108。
2026-04-16 17:51:01 | WARNING | earnings_surprise_project | daily_basic 002269.SZ failed after retries: 抱歉，您每分钟最多访问该接口200次，权限的具体详情访问：https://tushare.pro/document/1?doc_id=108。
2026-04-16 17:51:01 | WARNING | earnings_surprise_project | daily_basic 002271.SZ failed after retries: 抱歉，您每分钟最多访问该接口200次，权限的具体详情访问：https://tushare.pro/document/1?doc_id=108。
2026-04-16 17:51:01 | WARNING | earnings_surprise_project | daily_basic 002270.SZ failed after retries: 抱歉，您每分钟最多访问该接口200次，权限的具体详情访问：https://tushare.pro/document/1?doc_id=108。
2026-04-16 17:51:04 | WARNING | earnings_surprise_project | daily_basic 002272.SZ failed after retries: 抱歉，您每分钟最多访问该接口200次，权限的具体详情访问：https://tushare.pro/document/1?doc_id=108。
2026-04-16 17:51:04 | WARNING | earnings_surprise_project | daily_basic 002273.SZ failed after retries: 抱歉，您每分钟最多访问该接口200次，权限的具体详情访问：https://tushare.pro/document/1?doc_id=108。
2026-04-16 17:51:04 | WARNING | earnings_surprise_project | daily_basic 002274.SZ failed after retries: 抱歉，您每分钟最多访问该接口200次，权限的具体详情访问：https://tushare.pro/document/1?doc_id=108。
2026-04-16 17:51:04 | WARNING | earnings_surprise_project | daily_basic 002275.SZ failed after retries: 抱歉，您每分钟最多访问该接口200次，权限的具体详情访问：https://tushare.pro/document/1?doc_id=108。
2026-04-16 17:51:04 | WARNING | earnings_surprise_project | daily_basic 002276.SZ failed after retries: 抱歉，您每分钟最多访问该接口200次，权限的具体详情访问：https://tushare.pro/document/1?doc_id=108。
2026-04-16 17:51:05 | WARNING | earnings_surprise_project | daily_basic 002277.SZ failed after retries: 抱歉，您每分钟最多访问该接口200次，权限的具体详情访问：https://tushare.pro/document/1?doc_id=108。
2026-04-16 17:51:05 | WARNING | earnings_surprise_project | daily_basic 002278.SZ failed after retries: 抱歉，您每分钟最多访问该接口200次，权限的具体详情访问：https://tushare.pro/document/1?doc_id=108。
2026-04-16 17:51:05 | WARNING | earnings_surprise_project | daily_basic 002279.SZ failed after retries: 抱歉，您每分钟最多访问该接口200次，权限的具体详情访问：https://tushare.pro/document/1?doc_id=108。
2026-04-16 17:51:07 | WARNING | earnings_surprise_project | daily_basic 002281.SZ failed after retries: 抱歉，您每分钟最多访问该接口200次，权限的具体详情访问：https://tushare.pro/document/1?doc_id=108。
2026-04-16 17:51:08 | WARNING | earnings_surprise_project | daily_basic 002282.SZ failed after retries: 抱歉，您每分钟最多访问该接口200次，权限的具体详情访问：https://tushare.pro/document/1?doc_id=108。
2026-04-16 17:51:08 | WARNING | earnings_surprise_project | daily_basic 002284.SZ failed after retries: 抱歉，您每分钟最多访问该接口200次，权限的具体详情访问：https://tushare.pro/document/1?doc_id=108。
2026-04-16 17:51:08 | WARNING | earnings_surprise_project | daily_basic 002285.SZ failed after retries: 抱歉，您每分钟最多访问该接口200次，权限的具体详情访问：https://tushare.pro/document/1?doc_id=108。
2026-04-16 17:51:08 | WARNING | earnings_surprise_project | daily_basic 002283.SZ failed after retries: 抱歉，您每分钟最多访问该接口200次，权限的具体详情访问：https://tushare.pro/document/1?doc_id=108。
2026-04-16 17:51:08 | WARNING | earnings_surprise_project | daily_basic 002286.SZ failed after retries: 抱歉，您每分钟最多访问该接口200次，权限的具体详情访问：https://tushare.pro/document/1?doc_id=108。
2026-04-16 17:51:08 | WARNING | earnings_surprise_project | daily_basic 002287.SZ failed after retries: 抱歉，您每分钟最多访问该接口200次，权限的具体详情访问：https://tushare.pro/document/1?doc_id=108。
2026-04-16 17:51:08 | WARNING | earnings_surprise_project | daily_basic 002289.SZ failed after retries: 抱歉，您每分钟最多访问该接口200次，权限的具体详情访问：https://tushare.pro/document/1?doc_id=108。
2026-04-16 17:51:08 | INFO | earnings_surprise_project | Daily basic data collected: 1038799 rows
2026-04-16 17:51:20 | INFO | earnings_surprise_project | Guidance events constructed: 6159 rows
2026-04-16 17:56:00 | INFO | earnings_surprise_project | Core outputs saved.
2026-04-16 17:56:00 | INFO | earnings_surprise_project | Guidance-design pipeline complete.
2026-04-21 18:30:23 | INFO | earnings_surprise_project | Guidance-design pipeline start | RUN_MODE=test | period=20200101-20260416
2026-04-21 18:30:24 | INFO | earnings_surprise_project | Tushare client initialized.
2026-04-21 18:30:24 | INFO | earnings_surprise_project | Akshare client initialized.
2026-04-21 18:30:25 | INFO | earnings_surprise_project | Stock universe from Tushare: 5509 rows
2026-04-21 18:30:47 | WARNING | earnings_surprise_project | forecast 002379.SZ failed after retries: 抱歉，您访问接口(forecast)频率超限(200次/分钟)，具体频次详情：https://tushare.pro/document/1?doc_id=108。
2026-04-21 18:30:47 | WARNING | earnings_surprise_project | forecast 002380.SZ failed after retries: 抱歉，您访问接口(forecast)频率超限(200次/分钟)，具体频次详情：https://tushare.pro/document/1?doc_id=108。
2026-04-21 18:30:47 | WARNING | earnings_surprise_project | forecast 002382.SZ failed after retries: 抱歉，您访问接口(forecast)频率超限(200次/分钟)，具体频次详情：https://tushare.pro/document/1?doc_id=108。
2026-04-21 18:30:47 | WARNING | earnings_surprise_project | forecast 002383.SZ failed after retries: 抱歉，您访问接口(forecast)频率超限(200次/分钟)，具体频次详情：https://tushare.pro/document/1?doc_id=108。
2026-04-21 18:30:47 | WARNING | earnings_surprise_project | forecast 002381.SZ failed after retries: 抱歉，您访问接口(forecast)频率超限(200次/分钟)，具体频次详情：https://tushare.pro/document/1?doc_id=108。
2026-04-21 18:30:47 | WARNING | earnings_surprise_project | forecast 002384.SZ failed after retries: 抱歉，您访问接口(forecast)频率超限(200次/分钟)，具体频次详情：https://tushare.pro/document/1?doc_id=108。
2026-04-21 18:30:48 | WARNING | earnings_surprise_project | forecast 002385.SZ failed after retries: 抱歉，您访问接口(forecast)频率超限(200次/分钟)，具体频次详情：https://tushare.pro/document/1?doc_id=108。
2026-04-21 18:30:48 | WARNING | earnings_surprise_project | forecast 002386.SZ failed after retries: 抱歉，您访问接口(forecast)频率超限(200次/分钟)，具体频次详情：https://tushare.pro/document/1?doc_id=108。
2026-04-21 18:30:51 | WARNING | earnings_surprise_project | forecast 002388.SZ failed after retries: 抱歉，您访问接口(forecast)频率超限(200次/分钟)，具体频次详情：https://tushare.pro/document/1?doc_id=108。
2026-04-21 18:30:51 | WARNING | earnings_surprise_project | forecast 002387.SZ failed after retries: 抱歉，您访问接口(forecast)频率超限(200次/分钟)，具体频次详情：https://tushare.pro/document/1?doc_id=108。
2026-04-21 18:30:51 | WARNING | earnings_surprise_project | forecast 002391.SZ failed after retries: 抱歉，您访问接口(forecast)频率超限(200次/分钟)，具体频次详情：https://tushare.pro/document/1?doc_id=108。
2026-04-21 18:30:51 | WARNING | earnings_surprise_project | forecast 002389.SZ failed after retries: 抱歉，您访问接口(forecast)频率超限(200次/分钟)，具体频次详情：https://tushare.pro/document/1?doc_id=108。
2026-04-21 18:30:51 | WARNING | earnings_surprise_project | forecast 002390.SZ failed after retries: 抱歉，您访问接口(forecast)频率超限(200次/分钟)，具体频次详情：https://tushare.pro/document/1?doc_id=108。
2026-04-21 18:30:52 | WARNING | earnings_surprise_project | forecast 002392.SZ failed after retries: 抱歉，您访问接口(forecast)频率超限(200次/分钟)，具体频次详情：https://tushare.pro/document/1?doc_id=108。
2026-04-21 18:30:52 | WARNING | earnings_surprise_project | forecast 002394.SZ failed after retries: 抱歉，您访问接口(forecast)频率超限(200次/分钟)，具体频次详情：https://tushare.pro/document/1?doc_id=108。
2026-04-21 18:30:52 | WARNING | earnings_surprise_project | forecast 002393.SZ failed after retries: 抱歉，您访问接口(forecast)频率超限(200次/分钟)，具体频次详情：https://tushare.pro/document/1?doc_id=108。
2026-04-21 18:30:56 | WARNING | earnings_surprise_project | forecast 002395.SZ failed after retries: 抱歉，您访问接口(forecast)频率超限(200次/分钟)，具体频次详情：https://tushare.pro/document/1?doc_id=108。
2026-04-21 18:30:56 | WARNING | earnings_surprise_project | forecast 002396.SZ failed after retries: 抱歉，您访问接口(forecast)频率超限(200次/分钟)，具体频次详情：https://tushare.pro/document/1?doc_id=108。
2026-04-21 18:30:56 | WARNING | earnings_surprise_project | forecast 002399.SZ failed after retries: 抱歉，您访问接口(forecast)频率超限(200次/分钟)，具体频次详情：https://tushare.pro/document/1?doc_id=108。
2026-04-21 18:30:56 | WARNING | earnings_surprise_project | forecast 002398.SZ failed after retries: 抱歉，您访问接口(forecast)频率超限(200次/分钟)，具体频次详情：https://tushare.pro/document/1?doc_id=108。
2026-04-21 18:30:56 | WARNING | earnings_surprise_project | forecast 002397.SZ failed after retries: 抱歉，您访问接口(forecast)频率超限(200次/分钟)，具体频次详情：https://tushare.pro/document/1?doc_id=108。
2026-04-21 18:30:56 | WARNING | earnings_surprise_project | forecast 002400.SZ failed after retries: 抱歉，您访问接口(forecast)频率超限(200次/分钟)，具体频次详情：https://tushare.pro/document/1?doc_id=108。
2026-04-21 18:30:56 | WARNING | earnings_surprise_project | forecast 002402.SZ failed after retries: 抱歉，您访问接口(forecast)频率超限(200次/分钟)，具体频次详情：https://tushare.pro/document/1?doc_id=108。
2026-04-21 18:30:56 | WARNING | earnings_surprise_project | forecast 002401.SZ failed after retries: 抱歉，您访问接口(forecast)频率超限(200次/分钟)，具体频次详情：https://tushare.pro/document/1?doc_id=108。
2026-04-21 18:31:00 | WARNING | earnings_surprise_project | forecast 002403.SZ failed after retries: 抱歉，您访问接口(forecast)频率超限(200次/分钟)，具体频次详情：https://tushare.pro/document/1?doc_id=108。
2026-04-21 18:31:00 | WARNING | earnings_surprise_project | forecast 002406.SZ failed after retries: 抱歉，您访问接口(forecast)频率超限(200次/分钟)，具体频次详情：https://tushare.pro/document/1?doc_id=108。
2026-04-21 18:31:00 | WARNING | earnings_surprise_project | forecast 002407.SZ failed after retries: 抱歉，您访问接口(forecast)频率超限(200次/分钟)，具体频次详情：https://tushare.pro/document/1?doc_id=108。
2026-04-21 18:31:00 | WARNING | earnings_surprise_project | forecast 002404.SZ failed after retries: 抱歉，您访问接口(forecast)频率超限(200次/分钟)，具体频次详情：https://tushare.pro/document/1?doc_id=108。
2026-04-21 18:31:00 | WARNING | earnings_surprise_project | forecast 002405.SZ failed after retries: 抱歉，您访问接口(forecast)频率超限(200次/分钟)，具体频次详情：https://tushare.pro/document/1?doc_id=108。
2026-04-21 18:31:00 | WARNING | earnings_surprise_project | forecast 002408.SZ failed after retries: 抱歉，您访问接口(forecast)频率超限(200次/分钟)，具体频次详情：https://tushare.pro/document/1?doc_id=108。
2026-04-21 18:31:01 | WARNING | earnings_surprise_project | forecast 002409.SZ failed after retries: 抱歉，您访问接口(forecast)频率超限(200次/分钟)，具体频次详情：https://tushare.pro/document/1?doc_id=108。
2026-04-21 18:31:01 | WARNING | earnings_surprise_project | forecast 002410.SZ failed after retries: 抱歉，您访问接口(forecast)频率超限(200次/分钟)，具体频次详情：https://tushare.pro/document/1?doc_id=108。
2026-04-21 18:31:05 | WARNING | earnings_surprise_project | forecast 002412.SZ failed after retries: 抱歉，您访问接口(forecast)频率超限(200次/分钟)，具体频次详情：https://tushare.pro/document/1?doc_id=108。
2026-04-21 18:31:05 | WARNING | earnings_surprise_project | forecast 002415.SZ failed after retries: 抱歉，您访问接口(forecast)频率超限(200次/分钟)，具体频次详情：https://tushare.pro/document/1?doc_id=108。
2026-04-21 18:31:05 | WARNING | earnings_surprise_project | forecast 002413.SZ failed after retries: 抱歉，您访问接口(forecast)频率超限(200次/分钟)，具体频次详情：https://tushare.pro/document/1?doc_id=108。
2026-04-21 18:31:05 | WARNING | earnings_surprise_project | forecast 002414.SZ failed after retries: 抱歉，您访问接口(forecast)频率超限(200次/分钟)，具体频次详情：https://tushare.pro/document/1?doc_id=108。
2026-04-21 18:31:05 | WARNING | earnings_surprise_project | forecast 002416.SZ failed after retries: 抱歉，您访问接口(forecast)频率超限(200次/分钟)，具体频次详情：https://tushare.pro/document/1?doc_id=108。
2026-04-21 18:31:05 | WARNING | earnings_surprise_project | forecast 002418.SZ failed after retries: 抱歉，您访问接口(forecast)频率超限(200次/分钟)，具体频次详情：https://tushare.pro/document/1?doc_id=108。
2026-04-21 18:31:05 | WARNING | earnings_surprise_project | forecast 002419.SZ failed after retries: 抱歉，您访问接口(forecast)频率超限(200次/分钟)，具体频次详情：https://tushare.pro/document/1?doc_id=108。
2026-04-21 18:31:05 | WARNING | earnings_surprise_project | forecast 002420.SZ failed after retries: 抱歉，您访问接口(forecast)频率超限(200次/分钟)，具体频次详情：https://tushare.pro/document/1?doc_id=108。
2026-04-21 18:31:09 | WARNING | earnings_surprise_project | forecast 002421.SZ failed after retries: 抱歉，您访问接口(forecast)频率超限(200次/分钟)，具体频次详情：https://tushare.pro/document/1?doc_id=108。
2026-04-21 18:31:09 | WARNING | earnings_surprise_project | forecast 002425.SZ failed after retries: 抱歉，您访问接口(forecast)频率超限(200次/分钟)，具体频次详情：https://tushare.pro/document/1?doc_id=108。
2026-04-21 18:31:09 | WARNING | earnings_surprise_project | forecast 002422.SZ failed after retries: 抱歉，您访问接口(forecast)频率超限(200次/分钟)，具体频次详情：https://tushare.pro/document/1?doc_id=108。
2026-04-21 18:31:09 | WARNING | earnings_surprise_project | forecast 002423.SZ failed after retries: 抱歉，您访问接口(forecast)频率超限(200次/分钟)，具体频次详情：https://tushare.pro/document/1?doc_id=108。
2026-04-21 18:31:09 | WARNING | earnings_surprise_project | forecast 002424.SZ failed after retries: 抱歉，您访问接口(forecast)频率超限(200次/分钟)，具体频次详情：https://tushare.pro/document/1?doc_id=108。
2026-04-21 18:31:09 | WARNING | earnings_surprise_project | forecast 002426.SZ failed after retries: 抱歉，您访问接口(forecast)频率超限(200次/分钟)，具体频次详情：https://tushare.pro/document/1?doc_id=108。
2026-04-21 18:31:09 | WARNING | earnings_surprise_project | forecast 002427.SZ failed after retries: 抱歉，您访问接口(forecast)频率超限(200次/分钟)，具体频次详情：https://tushare.pro/document/1?doc_id=108。
2026-04-21 18:31:09 | WARNING | earnings_surprise_project | forecast 002428.SZ failed after retries: 抱歉，您访问接口(forecast)频率超限(200次/分钟)，具体频次详情：https://tushare.pro/document/1?doc_id=108。
2026-04-21 18:31:13 | WARNING | earnings_surprise_project | forecast 002430.SZ failed after retries: 抱歉，您访问接口(forecast)频率超限(200次/分钟)，具体频次详情：https://tushare.pro/document/1?doc_id=108。
2026-04-21 18:31:13 | WARNING | earnings_surprise_project | forecast 002432.SZ failed after retries: 抱歉，您访问接口(forecast)频率超限(200次/分钟)，具体频次详情：https://tushare.pro/document/1?doc_id=108。
2026-04-21 18:31:13 | WARNING | earnings_surprise_project | forecast 002429.SZ failed after retries: 抱歉，您访问接口(forecast)频率超限(200次/分钟)，具体频次详情：https://tushare.pro/document/1?doc_id=108。
2026-04-21 18:31:13 | WARNING | earnings_surprise_project | forecast 002431.SZ failed after retries: 抱歉，您访问接口(forecast)频率超限(200次/分钟)，具体频次详情：https://tushare.pro/document/1?doc_id=108。
2026-04-21 18:31:13 | WARNING | earnings_surprise_project | forecast 002434.SZ failed after retries: 抱歉，您访问接口(forecast)频率超限(200次/分钟)，具体频次详情：https://tushare.pro/document/1?doc_id=108。
2026-04-21 18:31:14 | WARNING | earnings_surprise_project | forecast 002436.SZ failed after retries: 抱歉，您访问接口(forecast)频率超限(200次/分钟)，具体频次详情：https://tushare.pro/document/1?doc_id=108。
2026-04-21 18:31:14 | WARNING | earnings_surprise_project | forecast 002437.SZ failed after retries: 抱歉，您访问接口(forecast)频率超限(200次/分钟)，具体频次详情：https://tushare.pro/document/1?doc_id=108。
2026-04-21 18:31:14 | WARNING | earnings_surprise_project | forecast 002438.SZ failed after retries: 抱歉，您访问接口(forecast)频率超限(200次/分钟)，具体频次详情：https://tushare.pro/document/1?doc_id=108。
2026-04-21 18:31:18 | WARNING | earnings_surprise_project | forecast 002440.SZ failed after retries: 抱歉，您访问接口(forecast)频率超限(200次/分钟)，具体频次详情：https://tushare.pro/document/1?doc_id=108。
2026-04-21 18:31:18 | WARNING | earnings_surprise_project | forecast 002439.SZ failed after retries: 抱歉，您访问接口(forecast)频率超限(200次/分钟)，具体频次详情：https://tushare.pro/document/1?doc_id=108。
2026-04-21 18:31:18 | WARNING | earnings_surprise_project | forecast 002441.SZ failed after retries: 抱歉，您访问接口(forecast)频率超限(200次/分钟)，具体频次详情：https://tushare.pro/document/1?doc_id=108。
2026-04-21 18:31:18 | WARNING | earnings_surprise_project | forecast 002443.SZ failed after retries: 抱歉，您访问接口(forecast)频率超限(200次/分钟)，具体频次详情：https://tushare.pro/document/1?doc_id=108。
2026-04-21 18:31:18 | WARNING | earnings_surprise_project | forecast 002442.SZ failed after retries: 抱歉，您访问接口(forecast)频率超限(200次/分钟)，具体频次详情：https://tushare.pro/document/1?doc_id=108。
2026-04-21 18:31:18 | WARNING | earnings_surprise_project | forecast 002445.SZ failed after retries: 抱歉，您访问接口(forecast)频率超限(200次/分钟)，具体频次详情：https://tushare.pro/document/1?doc_id=108。
2026-04-21 18:31:18 | WARNING | earnings_surprise_project | forecast 002444.SZ failed after retries: 抱歉，您访问接口(forecast)频率超限(200次/分钟)，具体频次详情：https://tushare.pro/document/1?doc_id=108。
2026-04-21 18:31:18 | WARNING | earnings_surprise_project | forecast 002446.SZ failed after retries: 抱歉，您访问接口(forecast)频率超限(200次/分钟)，具体频次详情：https://tushare.pro/document/1?doc_id=108。
2026-04-21 18:31:22 | WARNING | earnings_surprise_project | forecast 002448.SZ failed after retries: 抱歉，您访问接口(forecast)频率超限(200次/分钟)，具体频次详情：https://tushare.pro/document/1?doc_id=108。
2026-04-21 18:31:22 | WARNING | earnings_surprise_project | forecast 002451.SZ failed after retries: 抱歉，您访问接口(forecast)频率超限(200次/分钟)，具体频次详情：https://tushare.pro/document/1?doc_id=108。
2026-04-21 18:31:22 | WARNING | earnings_surprise_project | forecast 002449.SZ failed after retries: 抱歉，您访问接口(forecast)频率超限(200次/分钟)，具体频次详情：https://tushare.pro/document/1?doc_id=108。
2026-04-21 18:31:22 | WARNING | earnings_surprise_project | forecast 002452.SZ failed after retries: 抱歉，您访问接口(forecast)频率超限(200次/分钟)，具体频次详情：https://tushare.pro/document/1?doc_id=108。
2026-04-21 18:31:22 | WARNING | earnings_surprise_project | forecast 002453.SZ failed after retries: 抱歉，您访问接口(forecast)频率超限(200次/分钟)，具体频次详情：https://tushare.pro/document/1?doc_id=108。
2026-04-21 18:31:22 | WARNING | earnings_surprise_project | forecast 002455.SZ failed after retries: 抱歉，您访问接口(forecast)频率超限(200次/分钟)，具体频次详情：https://tushare.pro/document/1?doc_id=108。
2026-04-21 18:31:22 | WARNING | earnings_surprise_project | forecast 002454.SZ failed after retries: 抱歉，您访问接口(forecast)频率超限(200次/分钟)，具体频次详情：https://tushare.pro/document/1?doc_id=108。
2026-04-21 18:31:22 | WARNING | earnings_surprise_project | forecast 002456.SZ failed after retries: 抱歉，您访问接口(forecast)频率超限(200次/分钟)，具体频次详情：https://tushare.pro/document/1?doc_id=108。
2026-04-21 18:31:47 | WARNING | earnings_surprise_project | forecast 002674.SZ failed after retries: 抱歉，您访问接口(forecast)频率超限(200次/分钟)，具体频次详情：https://tushare.pro/document/1?doc_id=108。
2026-04-21 18:31:47 | WARNING | earnings_surprise_project | forecast 002672.SZ failed after retries: 抱歉，您访问接口(forecast)频率超限(200次/分钟)，具体频次详情：https://tushare.pro/document/1?doc_id=108。
2026-04-21 18:31:47 | WARNING | earnings_surprise_project | forecast 002675.SZ failed after retries: 抱歉，您访问接口(forecast)频率超限(200次/分钟)，具体频次详情：https://tushare.pro/document/1?doc_id=108。
2026-04-21 18:31:47 | WARNING | earnings_surprise_project | forecast 002676.SZ failed after retries: 抱歉，您访问接口(forecast)频率超限(200次/分钟)，具体频次详情：https://tushare.pro/document/1?doc_id=108。
2026-04-21 18:31:47 | WARNING | earnings_surprise_project | forecast 002678.SZ failed after retries: 抱歉，您访问接口(forecast)频率超限(200次/分钟)，具体频次详情：https://tushare.pro/document/1?doc_id=108。
2026-04-21 18:31:47 | WARNING | earnings_surprise_project | forecast 002677.SZ failed after retries: 抱歉，您访问接口(forecast)频率超限(200次/分钟)，具体频次详情：https://tushare.pro/document/1?doc_id=108。
2026-04-21 18:31:47 | WARNING | earnings_surprise_project | forecast 002679.SZ failed after retries: 抱歉，您访问接口(forecast)频率超限(200次/分钟)，具体频次详情：https://tushare.pro/document/1?doc_id=108。
2026-04-21 18:31:47 | WARNING | earnings_surprise_project | forecast 002681.SZ failed after retries: 抱歉，您访问接口(forecast)频率超限(200次/分钟)，具体频次详情：https://tushare.pro/document/1?doc_id=108。
2026-04-21 18:31:51 | WARNING | earnings_surprise_project | forecast 002682.SZ failed after retries: 抱歉，您访问接口(forecast)频率超限(200次/分钟)，具体频次详情：https://tushare.pro/document/1?doc_id=108。
2026-04-21 18:31:51 | WARNING | earnings_surprise_project | forecast 002685.SZ failed after retries: 抱歉，您访问接口(forecast)频率超限(200次/分钟)，具体频次详情：https://tushare.pro/document/1?doc_id=108。
2026-04-21 18:31:51 | WARNING | earnings_surprise_project | forecast 002683.SZ failed after retries: 抱歉，您访问接口(forecast)频率超限(200次/分钟)，具体频次详情：https://tushare.pro/document/1?doc_id=108。
2026-04-21 18:31:51 | WARNING | earnings_surprise_project | forecast 002687.SZ failed after retries: 抱歉，您访问接口(forecast)频率超限(200次/分钟)，具体频次详情：https://tushare.pro/document/1?doc_id=108。
2026-04-21 18:31:51 | WARNING | earnings_surprise_project | forecast 002686.SZ failed after retries: 抱歉，您访问接口(forecast)频率超限(200次/分钟)，具体频次详情：https://tushare.pro/document/1?doc_id=108。
2026-04-21 18:31:51 | WARNING | earnings_surprise_project | forecast 002688.SZ failed after retries: 抱歉，您访问接口(forecast)频率超限(200次/分钟)，具体频次详情：https://tushare.pro/document/1?doc_id=108。
2026-04-21 18:31:51 | WARNING | earnings_surprise_project | forecast 002689.SZ failed after retries: 抱歉，您访问接口(forecast)频率超限(200次/分钟)，具体频次详情：https://tushare.pro/document/1?doc_id=108。
2026-04-21 18:31:52 | WARNING | earnings_surprise_project | forecast 002690.SZ failed after retries: 抱歉，您访问接口(forecast)频率超限(200次/分钟)，具体频次详情：https://tushare.pro/document/1?doc_id=108。
2026-04-21 18:31:55 | WARNING | earnings_surprise_project | forecast 002693.SZ failed after retries: 抱歉，您访问接口(forecast)频率超限(200次/分钟)，具体频次详情：https://tushare.pro/document/1?doc_id=108。
2026-04-21 18:31:55 | WARNING | earnings_surprise_project | forecast 002691.SZ failed after retries: 抱歉，您访问接口(forecast)频率超限(200次/分钟)，具体频次详情：https://tushare.pro/document/1?doc_id=108。
2026-04-21 18:31:55 | WARNING | earnings_surprise_project | forecast 002694.SZ failed after retries: 抱歉，您访问接口(forecast)频率超限(200次/分钟)，具体频次详情：https://tushare.pro/document/1?doc_id=108。
2026-04-21 18:31:55 | WARNING | earnings_surprise_project | forecast 002695.SZ failed after retries: 抱歉，您访问接口(forecast)频率超限(200次/分钟)，具体频次详情：https://tushare.pro/document/1?doc_id=108。
2026-04-21 18:31:55 | WARNING | earnings_surprise_project | forecast 002692.SZ failed after retries: 抱歉，您访问接口(forecast)频率超限(200次/分钟)，具体频次详情：https://tushare.pro/document/1?doc_id=108。
2026-04-21 18:31:56 | WARNING | earnings_surprise_project | forecast 002696.SZ failed after retries: 抱歉，您访问接口(forecast)频率超限(200次/分钟)，具体频次详情：https://tushare.pro/document/1?doc_id=108。
2026-04-21 18:31:56 | WARNING | earnings_surprise_project | forecast 002697.SZ failed after retries: 抱歉，您访问接口(forecast)频率超限(200次/分钟)，具体频次详情：https://tushare.pro/document/1?doc_id=108。
2026-04-21 18:31:56 | WARNING | earnings_surprise_project | forecast 002698.SZ failed after retries: 抱歉，您访问接口(forecast)频率超限(200次/分钟)，具体频次详情：https://tushare.pro/document/1?doc_id=108。
2026-04-21 18:32:00 | WARNING | earnings_surprise_project | forecast 002701.SZ failed after retries: 抱歉，您访问接口(forecast)频率超限(200次/分钟)，具体频次详情：https://tushare.pro/document/1?doc_id=108。
2026-04-21 18:32:00 | WARNING | earnings_surprise_project | forecast 002700.SZ failed after retries: 抱歉，您访问接口(forecast)频率超限(200次/分钟)，具体频次详情：https://tushare.pro/document/1?doc_id=108。
2026-04-21 18:32:00 | WARNING | earnings_surprise_project | forecast 002703.SZ failed after retries: 抱歉，您访问接口(forecast)频率超限(200次/分钟)，具体频次详情：https://tushare.pro/document/1?doc_id=108。
2026-04-21 18:32:00 | WARNING | earnings_surprise_project | forecast 002702.SZ failed after retries: 抱歉，您访问接口(forecast)频率超限(200次/分钟)，具体频次详情：https://tushare.pro/document/1?doc_id=108。
2026-04-21 18:32:00 | WARNING | earnings_surprise_project | forecast 002706.SZ failed after retries: 抱歉，您访问接口(forecast)频率超限(200次/分钟)，具体频次详情：https://tushare.pro/document/1?doc_id=108。
2026-04-21 18:32:00 | WARNING | earnings_surprise_project | forecast 002705.SZ failed after retries: 抱歉，您访问接口(forecast)频率超限(200次/分钟)，具体频次详情：https://tushare.pro/document/1?doc_id=108。
2026-04-21 18:32:00 | WARNING | earnings_surprise_project | forecast 002707.SZ failed after retries: 抱歉，您访问接口(forecast)频率超限(200次/分钟)，具体频次详情：https://tushare.pro/document/1?doc_id=108。
2026-04-21 18:32:00 | WARNING | earnings_surprise_project | forecast 002708.SZ failed after retries: 抱歉，您访问接口(forecast)频率超限(200次/分钟)，具体频次详情：https://tushare.pro/document/1?doc_id=108。
2026-04-21 18:32:04 | WARNING | earnings_surprise_project | forecast 002712.SZ failed after retries: 抱歉，您访问接口(forecast)频率超限(200次/分钟)，具体频次详情：https://tushare.pro/document/1?doc_id=108。
2026-04-21 18:32:04 | WARNING | earnings_surprise_project | forecast 002709.SZ failed after retries: 抱歉，您访问接口(forecast)频率超限(200次/分钟)，具体频次详情：https://tushare.pro/document/1?doc_id=108。
2026-04-21 18:32:04 | WARNING | earnings_surprise_project | forecast 002713.SZ failed after retries: 抱歉，您访问接口(forecast)频率超限(200次/分钟)，具体频次详情：https://tushare.pro/document/1?doc_id=108。
2026-04-21 18:32:04 | WARNING | earnings_surprise_project | forecast 002714.SZ failed after retries: 抱歉，您访问接口(forecast)频率超限(200次/分钟)，具体频次详情：https://tushare.pro/document/1?doc_id=108。
2026-04-21 18:32:04 | WARNING | earnings_surprise_project | forecast 002715.SZ failed after retries: 抱歉，您访问接口(forecast)频率超限(200次/分钟)，具体频次详情：https://tushare.pro/document/1?doc_id=108。
2026-04-21 18:32:04 | WARNING | earnings_surprise_project | forecast 002716.SZ failed after retries: 抱歉，您访问接口(forecast)频率超限(200次/分钟)，具体频次详情：https://tushare.pro/document/1?doc_id=108。
2026-04-21 18:32:05 | WARNING | earnings_surprise_project | forecast 002717.SZ failed after retries: 抱歉，您访问接口(forecast)频率超限(200次/分钟)，具体频次详情：https://tushare.pro/document/1?doc_id=108。
2026-04-21 18:32:05 | WARNING | earnings_surprise_project | forecast 002718.SZ failed after retries: 抱歉，您访问接口(forecast)频率超限(200次/分钟)，具体频次详情：https://tushare.pro/document/1?doc_id=108。
2026-04-21 18:32:08 | WARNING | earnings_surprise_project | forecast 002719.SZ failed after retries: 抱歉，您访问接口(forecast)频率超限(200次/分钟)，具体频次详情：https://tushare.pro/document/1?doc_id=108。
2026-04-21 18:32:08 | WARNING | earnings_surprise_project | forecast 002721.SZ failed after retries: 抱歉，您访问接口(forecast)频率超限(200次/分钟)，具体频次详情：https://tushare.pro/document/1?doc_id=108。
2026-04-21 18:32:09 | WARNING | earnings_surprise_project | forecast 002722.SZ failed after retries: 抱歉，您访问接口(forecast)频率超限(200次/分钟)，具体频次详情：https://tushare.pro/document/1?doc_id=108。
2026-04-21 18:32:09 | WARNING | earnings_surprise_project | forecast 002724.SZ failed after retries: 抱歉，您访问接口(forecast)频率超限(200次/分钟)，具体频次详情：https://tushare.pro/document/1?doc_id=108。
2026-04-21 18:32:09 | WARNING | earnings_surprise_project | forecast 002723.SZ failed after retries: 抱歉，您访问接口(forecast)频率超限(200次/分钟)，具体频次详情：https://tushare.pro/document/1?doc_id=108。
2026-04-21 18:32:09 | WARNING | earnings_surprise_project | forecast 002725.SZ failed after retries: 抱歉，您访问接口(forecast)频率超限(200次/分钟)，具体频次详情：https://tushare.pro/document/1?doc_id=108。
2026-04-21 18:32:09 | WARNING | earnings_surprise_project | forecast 002726.SZ failed after retries: 抱歉，您访问接口(forecast)频率超限(200次/分钟)，具体频次详情：https://tushare.pro/document/1?doc_id=108。
2026-04-21 18:32:09 | WARNING | earnings_surprise_project | forecast 002727.SZ failed after retries: 抱歉，您访问接口(forecast)频率超限(200次/分钟)，具体频次详情：https://tushare.pro/document/1?doc_id=108。
2026-04-21 18:32:13 | WARNING | earnings_surprise_project | forecast 002728.SZ failed after retries: 抱歉，您访问接口(forecast)频率超限(200次/分钟)，具体频次详情：https://tushare.pro/document/1?doc_id=108。
2026-04-21 18:32:13 | WARNING | earnings_surprise_project | forecast 002731.SZ failed after retries: 抱歉，您访问接口(forecast)频率超限(200次/分钟)，具体频次详情：https://tushare.pro/document/1?doc_id=108。
2026-04-21 18:32:13 | WARNING | earnings_surprise_project | forecast 002729.SZ failed after retries: 抱歉，您访问接口(forecast)频率超限(200次/分钟)，具体频次详情：https://tushare.pro/document/1?doc_id=108。
2026-04-21 18:32:13 | WARNING | earnings_surprise_project | forecast 002732.SZ failed after retries: 抱歉，您访问接口(forecast)频率超限(200次/分钟)，具体频次详情：https://tushare.pro/document/1?doc_id=108。
2026-04-21 18:32:13 | WARNING | earnings_surprise_project | forecast 002730.SZ failed after retries: 抱歉，您访问接口(forecast)频率超限(200次/分钟)，具体频次详情：https://tushare.pro/document/1?doc_id=108。
2026-04-21 18:32:13 | WARNING | earnings_surprise_project | forecast 002733.SZ failed after retries: 抱歉，您访问接口(forecast)频率超限(200次/分钟)，具体频次详情：https://tushare.pro/document/1?doc_id=108。
2026-04-21 18:32:13 | WARNING | earnings_surprise_project | forecast 002734.SZ failed after retries: 抱歉，您访问接口(forecast)频率超限(200次/分钟)，具体频次详情：https://tushare.pro/document/1?doc_id=108。
2026-04-21 18:32:14 | WARNING | earnings_surprise_project | forecast 002735.SZ failed after retries: 抱歉，您访问接口(forecast)频率超限(200次/分钟)，具体频次详情：https://tushare.pro/document/1?doc_id=108。
2026-04-21 18:32:18 | WARNING | earnings_surprise_project | forecast 002738.SZ failed after retries: 抱歉，您访问接口(forecast)频率超限(200次/分钟)，具体频次详情：https://tushare.pro/document/1?doc_id=108。
2026-04-21 18:32:18 | WARNING | earnings_surprise_project | forecast 002736.SZ failed after retries: 抱歉，您访问接口(forecast)频率超限(200次/分钟)，具体频次详情：https://tushare.pro/document/1?doc_id=108。
2026-04-21 18:32:18 | WARNING | earnings_surprise_project | forecast 002739.SZ failed after retries: 抱歉，您访问接口(forecast)频率超限(200次/分钟)，具体频次详情：https://tushare.pro/document/1?doc_id=108。
2026-04-21 18:32:18 | WARNING | earnings_surprise_project | forecast 002737.SZ failed after retries: 抱歉，您访问接口(forecast)频率超限(200次/分钟)，具体频次详情：https://tushare.pro/document/1?doc_id=108。
2026-04-21 18:32:18 | WARNING | earnings_surprise_project | forecast 002743.SZ failed after retries: 抱歉，您访问接口(forecast)频率超限(200次/分钟)，具体频次详情：https://tushare.pro/document/1?doc_id=108。
2026-04-21 18:32:18 | WARNING | earnings_surprise_project | forecast 002741.SZ failed after retries: 抱歉，您访问接口(forecast)频率超限(200次/分钟)，具体频次详情：https://tushare.pro/document/1?doc_id=108。
2026-04-21 18:32:18 | WARNING | earnings_surprise_project | forecast 002742.SZ failed after retries: 抱歉，您访问接口(forecast)频率超限(200次/分钟)，具体频次详情：https://tushare.pro/document/1?doc_id=108。
2026-04-21 18:32:19 | WARNING | earnings_surprise_project | forecast 002745.SZ failed after retries: 抱歉，您访问接口(forecast)频率超限(200次/分钟)，具体频次详情：https://tushare.pro/document/1?doc_id=108。
2026-04-21 18:32:22 | WARNING | earnings_surprise_project | forecast 002746.SZ failed after retries: 抱歉，您访问接口(forecast)频率超限(200次/分钟)，具体频次详情：https://tushare.pro/document/1?doc_id=108。
2026-04-21 18:32:22 | WARNING | earnings_surprise_project | forecast 002747.SZ failed after retries: 抱歉，您访问接口(forecast)频率超限(200次/分钟)，具体频次详情：https://tushare.pro/document/1?doc_id=108。
2026-04-21 18:32:22 | WARNING | earnings_surprise_project | forecast 002749.SZ failed after retries: 抱歉，您访问接口(forecast)频率超限(200次/分钟)，具体频次详情：https://tushare.pro/document/1?doc_id=108。
2026-04-21 18:32:22 | WARNING | earnings_surprise_project | forecast 002748.SZ failed after retries: 抱歉，您访问接口(forecast)频率超限(200次/分钟)，具体频次详情：https://tushare.pro/document/1?doc_id=108。
2026-04-21 18:32:22 | WARNING | earnings_surprise_project | forecast 002752.SZ failed after retries: 抱歉，您访问接口(forecast)频率超限(200次/分钟)，具体频次详情：https://tushare.pro/document/1?doc_id=108。
2026-04-21 18:32:23 | WARNING | earnings_surprise_project | forecast 002755.SZ failed after retries: 抱歉，您访问接口(forecast)频率超限(200次/分钟)，具体频次详情：https://tushare.pro/document/1?doc_id=108。
2026-04-21 18:32:23 | WARNING | earnings_surprise_project | forecast 002753.SZ failed after retries: 抱歉，您访问接口(forecast)频率超限(200次/分钟)，具体频次详情：https://tushare.pro/document/1?doc_id=108。
2026-04-21 18:32:23 | WARNING | earnings_surprise_project | forecast 002756.SZ failed after retries: 抱歉，您访问接口(forecast)频率超限(200次/分钟)，具体频次详情：https://tushare.pro/document/1?doc_id=108。
2026-04-21 18:32:47 | WARNING | earnings_surprise_project | forecast 002978.SZ failed after retries: 抱歉，您访问接口(forecast)频率超限(200次/分钟)，具体频次详情：https://tushare.pro/document/1?doc_id=108。
2026-04-21 18:32:47 | WARNING | earnings_surprise_project | forecast 002980.SZ failed after retries: 抱歉，您访问接口(forecast)频率超限(200次/分钟)，具体频次详情：https://tushare.pro/document/1?doc_id=108。
2026-04-21 18:32:47 | WARNING | earnings_surprise_project | forecast 002979.SZ failed after retries: 抱歉，您访问接口(forecast)频率超限(200次/分钟)，具体频次详情：https://tushare.pro/document/1?doc_id=108。
2026-04-21 18:32:47 | WARNING | earnings_surprise_project | forecast 002981.SZ failed after retries: 抱歉，您访问接口(forecast)频率超限(200次/分钟)，具体频次详情：https://tushare.pro/document/1?doc_id=108。
2026-04-21 18:32:47 | WARNING | earnings_surprise_project | forecast 002982.SZ failed after retries: 抱歉，您访问接口(forecast)频率超限(200次/分钟)，具体频次详情：https://tushare.pro/document/1?doc_id=108。
2026-04-21 18:32:47 | WARNING | earnings_surprise_project | forecast 002983.SZ failed after retries: 抱歉，您访问接口(forecast)频率超限(200次/分钟)，具体频次详情：https://tushare.pro/document/1?doc_id=108。
2026-04-21 18:32:47 | WARNING | earnings_surprise_project | forecast 002984.SZ failed after retries: 抱歉，您访问接口(forecast)频率超限(200次/分钟)，具体频次详情：https://tushare.pro/document/1?doc_id=108。
2026-04-21 18:32:47 | WARNING | earnings_surprise_project | forecast 002985.SZ failed after retries: 抱歉，您访问接口(forecast)频率超限(200次/分钟)，具体频次详情：https://tushare.pro/document/1?doc_id=108。
2026-04-21 18:32:51 | WARNING | earnings_surprise_project | forecast 002986.SZ failed after retries: 抱歉，您访问接口(forecast)频率超限(200次/分钟)，具体频次详情：https://tushare.pro/document/1?doc_id=108。
2026-04-21 18:32:51 | WARNING | earnings_surprise_project | forecast 002987.SZ failed after retries: 抱歉，您访问接口(forecast)频率超限(200次/分钟)，具体频次详情：https://tushare.pro/document/1?doc_id=108。
2026-04-21 18:32:51 | WARNING | earnings_surprise_project | forecast 002989.SZ failed after retries: 抱歉，您访问接口(forecast)频率超限(200次/分钟)，具体频次详情：https://tushare.pro/document/1?doc_id=108。
2026-04-21 18:32:51 | WARNING | earnings_surprise_project | forecast 002992.SZ failed after retries: 抱歉，您访问接口(forecast)频率超限(200次/分钟)，具体频次详情：https://tushare.pro/document/1?doc_id=108。
2026-04-21 18:32:51 | WARNING | earnings_surprise_project | forecast 002988.SZ failed after retries: 抱歉，您访问接口(forecast)频率超限(200次/分钟)，具体频次详情：https://tushare.pro/document/1?doc_id=108。
2026-04-21 18:32:51 | WARNING | earnings_surprise_project | forecast 002991.SZ failed after retries: 抱歉，您访问接口(forecast)频率超限(200次/分钟)，具体频次详情：https://tushare.pro/document/1?doc_id=108。
2026-04-21 18:32:52 | WARNING | earnings_surprise_project | forecast 002990.SZ failed after retries: 抱歉，您访问接口(forecast)频率超限(200次/分钟)，具体频次详情：https://tushare.pro/document/1?doc_id=108。
2026-04-21 18:32:52 | WARNING | earnings_surprise_project | forecast 002993.SZ failed after retries: 抱歉，您访问接口(forecast)频率超限(200次/分钟)，具体频次详情：https://tushare.pro/document/1?doc_id=108。
2026-04-21 18:32:55 | WARNING | earnings_surprise_project | forecast 002995.SZ failed after retries: 抱歉，您访问接口(forecast)频率超限(200次/分钟)，具体频次详情：https://tushare.pro/document/1?doc_id=108。
2026-04-21 18:32:56 | WARNING | earnings_surprise_project | forecast 002996.SZ failed after retries: 抱歉，您访问接口(forecast)频率超限(200次/分钟)，具体频次详情：https://tushare.pro/document/1?doc_id=108。
2026-04-21 18:32:56 | WARNING | earnings_surprise_project | forecast 002997.SZ failed after retries: 抱歉，您访问接口(forecast)频率超限(200次/分钟)，具体频次详情：https://tushare.pro/document/1?doc_id=108。
2026-04-21 18:32:56 | WARNING | earnings_surprise_project | forecast 003000.SZ failed after retries: 抱歉，您访问接口(forecast)频率超限(200次/分钟)，具体频次详情：https://tushare.pro/document/1?doc_id=108。
2026-04-21 18:32:56 | WARNING | earnings_surprise_project | forecast 002998.SZ failed after retries: 抱歉，您访问接口(forecast)频率超限(200次/分钟)，具体频次详情：https://tushare.pro/document/1?doc_id=108。
2026-04-21 18:32:56 | WARNING | earnings_surprise_project | forecast 002999.SZ failed after retries: 抱歉，您访问接口(forecast)频率超限(200次/分钟)，具体频次详情：https://tushare.pro/document/1?doc_id=108。
2026-04-21 18:32:56 | WARNING | earnings_surprise_project | forecast 003001.SZ failed after retries: 抱歉，您访问接口(forecast)频率超限(200次/分钟)，具体频次详情：https://tushare.pro/document/1?doc_id=108。
2026-04-21 18:32:56 | WARNING | earnings_surprise_project | forecast 003002.SZ failed after retries: 抱歉，您访问接口(forecast)频率超限(200次/分钟)，具体频次详情：https://tushare.pro/document/1?doc_id=108。
2026-04-21 18:33:00 | WARNING | earnings_surprise_project | forecast 003003.SZ failed after retries: 抱歉，您访问接口(forecast)频率超限(200次/分钟)，具体频次详情：https://tushare.pro/document/1?doc_id=108。
2026-04-21 18:33:00 | WARNING | earnings_surprise_project | forecast 003004.SZ failed after retries: 抱歉，您访问接口(forecast)频率超限(200次/分钟)，具体频次详情：https://tushare.pro/document/1?doc_id=108。
2026-04-21 18:33:00 | WARNING | earnings_surprise_project | forecast 003005.SZ failed after retries: 抱歉，您访问接口(forecast)频率超限(200次/分钟)，具体频次详情：https://tushare.pro/document/1?doc_id=108。
2026-04-21 18:33:00 | WARNING | earnings_surprise_project | forecast 003007.SZ failed after retries: 抱歉，您访问接口(forecast)频率超限(200次/分钟)，具体频次详情：https://tushare.pro/document/1?doc_id=108。
2026-04-21 18:33:00 | WARNING | earnings_surprise_project | forecast 003006.SZ failed after retries: 抱歉，您访问接口(forecast)频率超限(200次/分钟)，具体频次详情：https://tushare.pro/document/1?doc_id=108。
2026-04-21 18:33:00 | WARNING | earnings_surprise_project | forecast 003008.SZ failed after retries: 抱歉，您访问接口(forecast)频率超限(200次/分钟)，具体频次详情：https://tushare.pro/document/1?doc_id=108。
2026-04-21 18:33:00 | WARNING | earnings_surprise_project | forecast 003009.SZ failed after retries: 抱歉，您访问接口(forecast)频率超限(200次/分钟)，具体频次详情：https://tushare.pro/document/1?doc_id=108。
2026-04-21 18:33:00 | WARNING | earnings_surprise_project | forecast 003010.SZ failed after retries: 抱歉，您访问接口(forecast)频率超限(200次/分钟)，具体频次详情：https://tushare.pro/document/1?doc_id=108。
2026-04-21 18:33:04 | WARNING | earnings_surprise_project | forecast 003011.SZ failed after retries: 抱歉，您访问接口(forecast)频率超限(200次/分钟)，具体频次详情：https://tushare.pro/document/1?doc_id=108。
2026-04-21 18:33:04 | WARNING | earnings_surprise_project | forecast 003012.SZ failed after retries: 抱歉，您访问接口(forecast)频率超限(200次/分钟)，具体频次详情：https://tushare.pro/document/1?doc_id=108。
2026-04-21 18:33:04 | WARNING | earnings_surprise_project | forecast 003013.SZ failed after retries: 抱歉，您访问接口(forecast)频率超限(200次/分钟)，具体频次详情：https://tushare.pro/document/1?doc_id=108。
2026-04-21 18:33:05 | WARNING | earnings_surprise_project | forecast 003015.SZ failed after retries: 抱歉，您访问接口(forecast)频率超限(200次/分钟)，具体频次详情：https://tushare.pro/document/1?doc_id=108。
2026-04-21 18:33:05 | WARNING | earnings_surprise_project | forecast 003018.SZ failed after retries: 抱歉，您访问接口(forecast)频率超限(200次/分钟)，具体频次详情：https://tushare.pro/document/1?doc_id=108。
2026-04-21 18:33:05 | WARNING | earnings_surprise_project | forecast 003017.SZ failed after retries: 抱歉，您访问接口(forecast)频率超限(200次/分钟)，具体频次详情：https://tushare.pro/document/1?doc_id=108。
2026-04-21 18:33:05 | WARNING | earnings_surprise_project | forecast 003016.SZ failed after retries: 抱歉，您访问接口(forecast)频率超限(200次/分钟)，具体频次详情：https://tushare.pro/document/1?doc_id=108。
2026-04-21 18:33:05 | WARNING | earnings_surprise_project | forecast 003019.SZ failed after retries: 抱歉，您访问接口(forecast)频率超限(200次/分钟)，具体频次详情：https://tushare.pro/document/1?doc_id=108。
2026-04-21 18:33:09 | WARNING | earnings_surprise_project | forecast 003020.SZ failed after retries: 抱歉，您访问接口(forecast)频率超限(200次/分钟)，具体频次详情：https://tushare.pro/document/1?doc_id=108。
2026-04-21 18:33:09 | WARNING | earnings_surprise_project | forecast 003021.SZ failed after retries: 抱歉，您访问接口(forecast)频率超限(200次/分钟)，具体频次详情：https://tushare.pro/document/1?doc_id=108。
2026-04-21 18:33:09 | WARNING | earnings_surprise_project | forecast 003022.SZ failed after retries: 抱歉，您访问接口(forecast)频率超限(200次/分钟)，具体频次详情：https://tushare.pro/document/1?doc_id=108。
2026-04-21 18:33:09 | WARNING | earnings_surprise_project | forecast 003023.SZ failed after retries: 抱歉，您访问接口(forecast)频率超限(200次/分钟)，具体频次详情：https://tushare.pro/document/1?doc_id=108。
2026-04-21 18:33:09 | WARNING | earnings_surprise_project | forecast 003026.SZ failed after retries: 抱歉，您访问接口(forecast)频率超限(200次/分钟)，具体频次详情：https://tushare.pro/document/1?doc_id=108。
2026-04-21 18:33:09 | WARNING | earnings_surprise_project | forecast 003025.SZ failed after retries: 抱歉，您访问接口(forecast)频率超限(200次/分钟)，具体频次详情：https://tushare.pro/document/1?doc_id=108。
2026-04-21 18:33:09 | WARNING | earnings_surprise_project | forecast 003027.SZ failed after retries: 抱歉，您访问接口(forecast)频率超限(200次/分钟)，具体频次详情：https://tushare.pro/document/1?doc_id=108。
2026-04-21 18:33:09 | WARNING | earnings_surprise_project | forecast 003028.SZ failed after retries: 抱歉，您访问接口(forecast)频率超限(200次/分钟)，具体频次详情：https://tushare.pro/document/1?doc_id=108。
2026-04-21 18:33:13 | WARNING | earnings_surprise_project | forecast 003029.SZ failed after retries: 抱歉，您访问接口(forecast)频率超限(200次/分钟)，具体频次详情：https://tushare.pro/document/1?doc_id=108。
2026-04-21 18:33:13 | WARNING | earnings_surprise_project | forecast 003030.SZ failed after retries: 抱歉，您访问接口(forecast)频率超限(200次/分钟)，具体频次详情：https://tushare.pro/document/1?doc_id=108。
2026-04-21 18:33:13 | WARNING | earnings_surprise_project | forecast 003031.SZ failed after retries: 抱歉，您访问接口(forecast)频率超限(200次/分钟)，具体频次详情：https://tushare.pro/document/1?doc_id=108。
2026-04-21 18:33:13 | WARNING | earnings_surprise_project | forecast 003036.SZ failed after retries: 抱歉，您访问接口(forecast)频率超限(200次/分钟)，具体频次详情：https://tushare.pro/document/1?doc_id=108。
2026-04-21 18:33:13 | WARNING | earnings_surprise_project | forecast 003032.SZ failed after retries: 抱歉，您访问接口(forecast)频率超限(200次/分钟)，具体频次详情：https://tushare.pro/document/1?doc_id=108。
2026-04-21 18:33:13 | WARNING | earnings_surprise_project | forecast 003033.SZ failed after retries: 抱歉，您访问接口(forecast)频率超限(200次/分钟)，具体频次详情：https://tushare.pro/document/1?doc_id=108。
2026-04-21 18:33:13 | WARNING | earnings_surprise_project | forecast 003035.SZ failed after retries: 抱歉，您访问接口(forecast)频率超限(200次/分钟)，具体频次详情：https://tushare.pro/document/1?doc_id=108。
2026-04-21 18:33:14 | WARNING | earnings_surprise_project | forecast 003037.SZ failed after retries: 抱歉，您访问接口(forecast)频率超限(200次/分钟)，具体频次详情：https://tushare.pro/document/1?doc_id=108。
2026-04-21 18:33:17 | WARNING | earnings_surprise_project | forecast 003038.SZ failed after retries: 抱歉，您访问接口(forecast)频率超限(200次/分钟)，具体频次详情：https://tushare.pro/document/1?doc_id=108。
2026-04-21 18:33:17 | WARNING | earnings_surprise_project | forecast 003039.SZ failed after retries: 抱歉，您访问接口(forecast)频率超限(200次/分钟)，具体频次详情：https://tushare.pro/document/1?doc_id=108。
2026-04-21 18:33:18 | WARNING | earnings_surprise_project | forecast 003040.SZ failed after retries: 抱歉，您访问接口(forecast)频率超限(200次/分钟)，具体频次详情：https://tushare.pro/document/1?doc_id=108。
2026-04-21 18:33:18 | WARNING | earnings_surprise_project | forecast 003043.SZ failed after retries: 抱歉，您访问接口(forecast)频率超限(200次/分钟)，具体频次详情：https://tushare.pro/document/1?doc_id=108。
2026-04-21 18:33:18 | WARNING | earnings_surprise_project | forecast 003041.SZ failed after retries: 抱歉，您访问接口(forecast)频率超限(200次/分钟)，具体频次详情：https://tushare.pro/document/1?doc_id=108。
2026-04-21 18:33:18 | WARNING | earnings_surprise_project | forecast 003816.SZ failed after retries: 抱歉，您访问接口(forecast)频率超限(200次/分钟)，具体频次详情：https://tushare.pro/document/1?doc_id=108。
2026-04-21 18:33:18 | WARNING | earnings_surprise_project | forecast 003042.SZ failed after retries: 抱歉，您访问接口(forecast)频率超限(200次/分钟)，具体频次详情：https://tushare.pro/document/1?doc_id=108。
2026-04-21 18:33:18 | WARNING | earnings_surprise_project | forecast 300001.SZ failed after retries: 抱歉，您访问接口(forecast)频率超限(200次/分钟)，具体频次详情：https://tushare.pro/document/1?doc_id=108。
2026-04-21 18:33:22 | WARNING | earnings_surprise_project | forecast 300002.SZ failed after retries: 抱歉，您访问接口(forecast)频率超限(200次/分钟)，具体频次详情：https://tushare.pro/document/1?doc_id=108。
2026-04-21 18:33:22 | WARNING | earnings_surprise_project | forecast 300003.SZ failed after retries: 抱歉，您访问接口(forecast)频率超限(200次/分钟)，具体频次详情：https://tushare.pro/document/1?doc_id=108。
2026-04-21 18:33:22 | WARNING | earnings_surprise_project | forecast 300004.SZ failed after retries: 抱歉，您访问接口(forecast)频率超限(200次/分钟)，具体频次详情：https://tushare.pro/document/1?doc_id=108。
2026-04-21 18:33:22 | WARNING | earnings_surprise_project | forecast 300005.SZ failed after retries: 抱歉，您访问接口(forecast)频率超限(200次/分钟)，具体频次详情：https://tushare.pro/document/1?doc_id=108。
2026-04-21 18:33:22 | WARNING | earnings_surprise_project | forecast 300008.SZ failed after retries: 抱歉，您访问接口(forecast)频率超限(200次/分钟)，具体频次详情：https://tushare.pro/document/1?doc_id=108。
2026-04-21 18:33:22 | WARNING | earnings_surprise_project | forecast 300007.SZ failed after retries: 抱歉，您访问接口(forecast)频率超限(200次/分钟)，具体频次详情：https://tushare.pro/document/1?doc_id=108。
2026-04-21 18:33:22 | WARNING | earnings_surprise_project | forecast 300006.SZ failed after retries: 抱歉，您访问接口(forecast)频率超限(200次/分钟)，具体频次详情：https://tushare.pro/document/1?doc_id=108。
2026-04-21 18:33:22 | WARNING | earnings_surprise_project | forecast 300009.SZ failed after retries: 抱歉，您访问接口(forecast)频率超限(200次/分钟)，具体频次详情：https://tushare.pro/document/1?doc_id=108。
2026-04-21 18:33:26 | WARNING | earnings_surprise_project | forecast 300010.SZ failed after retries: 抱歉，您访问接口(forecast)频率超限(200次/分钟)，具体频次详情：https://tushare.pro/document/1?doc_id=108。
2026-04-21 18:33:26 | WARNING | earnings_surprise_project | forecast 300011.SZ failed after retries: 抱歉，您访问接口(forecast)频率超限(200次/分钟)，具体频次详情：https://tushare.pro/document/1?doc_id=108。
2026-04-21 18:33:26 | WARNING | earnings_surprise_project | forecast 300013.SZ failed after retries: 抱歉，您访问接口(forecast)频率超限(200次/分钟)，具体频次详情：https://tushare.pro/document/1?doc_id=108。
2026-04-21 18:33:26 | WARNING | earnings_surprise_project | forecast 300012.SZ failed after retries: 抱歉，您访问接口(forecast)频率超限(200次/分钟)，具体频次详情：https://tushare.pro/document/1?doc_id=108。
2026-04-21 18:33:26 | WARNING | earnings_surprise_project | forecast 300014.SZ failed after retries: 抱歉，您访问接口(forecast)频率超限(200次/分钟)，具体频次详情：https://tushare.pro/document/1?doc_id=108。
2026-04-21 18:33:26 | WARNING | earnings_surprise_project | forecast 300015.SZ failed after retries: 抱歉，您访问接口(forecast)频率超限(200次/分钟)，具体频次详情：https://tushare.pro/document/1?doc_id=108。
2026-04-21 18:33:26 | WARNING | earnings_surprise_project | forecast 300016.SZ failed after retries: 抱歉，您访问接口(forecast)频率超限(200次/分钟)，具体频次详情：https://tushare.pro/document/1?doc_id=108。
2026-04-21 18:33:47 | WARNING | earnings_surprise_project | forecast 300236.SZ failed after retries: 抱歉，您访问接口(forecast)频率超限(200次/分钟)，具体频次详情：https://tushare.pro/document/1?doc_id=108。
2026-04-21 18:33:47 | WARNING | earnings_surprise_project | forecast 300238.SZ failed after retries: 抱歉，您访问接口(forecast)频率超限(200次/分钟)，具体频次详情：https://tushare.pro/document/1?doc_id=108。
2026-04-21 18:33:47 | WARNING | earnings_surprise_project | forecast 300237.SZ failed after retries: 抱歉，您访问接口(forecast)频率超限(200次/分钟)，具体频次详情：https://tushare.pro/document/1?doc_id=108。
2026-04-21 18:33:47 | WARNING | earnings_surprise_project | forecast 300239.SZ failed after retries: 抱歉，您访问接口(forecast)频率超限(200次/分钟)，具体频次详情：https://tushare.pro/document/1?doc_id=108。
2026-04-21 18:33:47 | WARNING | earnings_surprise_project | forecast 300235.SZ failed after retries: 抱歉，您访问接口(forecast)频率超限(200次/分钟)，具体频次详情：https://tushare.pro/document/1?doc_id=108。
2026-04-21 18:33:47 | WARNING | earnings_surprise_project | forecast 300240.SZ failed after retries: 抱歉，您访问接口(forecast)频率超限(200次/分钟)，具体频次详情：https://tushare.pro/document/1?doc_id=108。
2026-04-21 18:33:47 | WARNING | earnings_surprise_project | forecast 300241.SZ failed after retries: 抱歉，您访问接口(forecast)频率超限(200次/分钟)，具体频次详情：https://tushare.pro/document/1?doc_id=108。
2026-04-21 18:33:47 | WARNING | earnings_surprise_project | forecast 300242.SZ failed after retries: 抱歉，您访问接口(forecast)频率超限(200次/分钟)，具体频次详情：https://tushare.pro/document/1?doc_id=108。
2026-04-21 18:33:51 | WARNING | earnings_surprise_project | forecast 300243.SZ failed after retries: 抱歉，您访问接口(forecast)频率超限(200次/分钟)，具体频次详情：https://tushare.pro/document/1?doc_id=108。
2026-04-21 18:33:51 | WARNING | earnings_surprise_project | forecast 300244.SZ failed after retries: 抱歉，您访问接口(forecast)频率超限(200次/分钟)，具体频次详情：https://tushare.pro/document/1?doc_id=108。
2026-04-21 18:33:51 | WARNING | earnings_surprise_project | forecast 300247.SZ failed after retries: 抱歉，您访问接口(forecast)频率超限(200次/分钟)，具体频次详情：https://tushare.pro/document/1?doc_id=108。
2026-04-21 18:33:51 | WARNING | earnings_surprise_project | forecast 300246.SZ failed after retries: 抱歉，您访问接口(forecast)频率超限(200次/分钟)，具体频次详情：https://tushare.pro/document/1?doc_id=108。
2026-04-21 18:33:51 | WARNING | earnings_surprise_project | forecast 300245.SZ failed after retries: 抱歉，您访问接口(forecast)频率超限(200次/分钟)，具体频次详情：https://tushare.pro/document/1?doc_id=108。
2026-04-21 18:33:52 | WARNING | earnings_surprise_project | forecast 300249.SZ failed after retries: 抱歉，您访问接口(forecast)频率超限(200次/分钟)，具体频次详情：https://tushare.pro/document/1?doc_id=108。
2026-04-21 18:33:52 | WARNING | earnings_surprise_project | forecast 300248.SZ failed after retries: 抱歉，您访问接口(forecast)频率超限(200次/分钟)，具体频次详情：https://tushare.pro/document/1?doc_id=108。
2026-04-21 18:33:52 | WARNING | earnings_surprise_project | forecast 300250.SZ failed after retries: 抱歉，您访问接口(forecast)频率超限(200次/分钟)，具体频次详情：https://tushare.pro/document/1?doc_id=108。
2026-04-21 18:33:55 | WARNING | earnings_surprise_project | forecast 300251.SZ failed after retries: 抱歉，您访问接口(forecast)频率超限(200次/分钟)，具体频次详情：https://tushare.pro/document/1?doc_id=108。
2026-04-21 18:33:56 | WARNING | earnings_surprise_project | forecast 300253.SZ failed after retries: 抱歉，您访问接口(forecast)频率超限(200次/分钟)，具体频次详情：https://tushare.pro/document/1?doc_id=108。
2026-04-21 18:33:56 | WARNING | earnings_surprise_project | forecast 300252.SZ failed after retries: 抱歉，您访问接口(forecast)频率超限(200次/分钟)，具体频次详情：https://tushare.pro/document/1?doc_id=108。
2026-04-21 18:33:56 | WARNING | earnings_surprise_project | forecast 300254.SZ failed after retries: 抱歉，您访问接口(forecast)频率超限(200次/分钟)，具体频次详情：https://tushare.pro/document/1?doc_id=108。
2026-04-21 18:33:56 | WARNING | earnings_surprise_project | forecast 300255.SZ failed after retries: 抱歉，您访问接口(forecast)频率超限(200次/分钟)，具体频次详情：https://tushare.pro/document/1?doc_id=108。
2026-04-21 18:33:56 | WARNING | earnings_surprise_project | forecast 300256.SZ failed after retries: 抱歉，您访问接口(forecast)频率超限(200次/分钟)，具体频次详情：https://tushare.pro/document/1?doc_id=108。
2026-04-21 18:33:56 | WARNING | earnings_surprise_project | forecast 300257.SZ failed after retries: 抱歉，您访问接口(forecast)频率超限(200次/分钟)，具体频次详情：https://tushare.pro/document/1?doc_id=108。
2026-04-21 18:33:56 | WARNING | earnings_surprise_project | forecast 300258.SZ failed after retries: 抱歉，您访问接口(forecast)频率超限(200次/分钟)，具体频次详情：https://tushare.pro/document/1?doc_id=108。
2026-04-21 18:34:00 | WARNING | earnings_surprise_project | forecast 300259.SZ failed after retries: 抱歉，您访问接口(forecast)频率超限(200次/分钟)，具体频次详情：https://tushare.pro/document/1?doc_id=108。
2026-04-21 18:34:00 | WARNING | earnings_surprise_project | forecast 300260.SZ failed after retries: 抱歉，您访问接口(forecast)频率超限(200次/分钟)，具体频次详情：https://tushare.pro/document/1?doc_id=108。
2026-04-21 18:34:00 | WARNING | earnings_surprise_project | forecast 300261.SZ failed after retries: 抱歉，您访问接口(forecast)频率超限(200次/分钟)，具体频次详情：https://tushare.pro/document/1?doc_id=108。
2026-04-21 18:34:00 | WARNING | earnings_surprise_project | forecast 300263.SZ failed after retries: 抱歉，您访问接口(forecast)频率超限(200次/分钟)，具体频次详情：https://tushare.pro/document/1?doc_id=108。
2026-04-21 18:34:00 | WARNING | earnings_surprise_project | forecast 300265.SZ failed after retries: 抱歉，您访问接口(forecast)频率超限(200次/分钟)，具体频次详情：https://tushare.pro/document/1?doc_id=108。
2026-04-21 18:34:00 | WARNING | earnings_surprise_project | forecast 300264.SZ failed after retries: 抱歉，您访问接口(forecast)频率超限(200次/分钟)，具体频次详情：https://tushare.pro/document/1?doc_id=108。
2026-04-21 18:34:00 | WARNING | earnings_surprise_project | forecast 300266.SZ failed after retries: 抱歉，您访问接口(forecast)频率超限(200次/分钟)，具体频次详情：https://tushare.pro/document/1?doc_id=108。
2026-04-21 18:34:01 | WARNING | earnings_surprise_project | forecast 300267.SZ failed after retries: 抱歉，您访问接口(forecast)频率超限(200次/分钟)，具体频次详情：https://tushare.pro/document/1?doc_id=108。
2026-04-21 18:34:04 | WARNING | earnings_surprise_project | forecast 300268.SZ failed after retries: 抱歉，您访问接口(forecast)频率超限(200次/分钟)，具体频次详情：https://tushare.pro/document/1?doc_id=108。
2026-04-21 18:34:04 | WARNING | earnings_surprise_project | forecast 300270.SZ failed after retries: 抱歉，您访问接口(forecast)频率超限(200次/分钟)，具体频次详情：https://tushare.pro/document/1?doc_id=108。
2026-04-21 18:34:05 | WARNING | earnings_surprise_project | forecast 300269.SZ failed after retries: 抱歉，您访问接口(forecast)频率超限(200次/分钟)，具体频次详情：https://tushare.pro/document/1?doc_id=108。
2026-04-21 18:34:05 | WARNING | earnings_surprise_project | forecast 300272.SZ failed after retries: 抱歉，您访问接口(forecast)频率超限(200次/分钟)，具体频次详情：https://tushare.pro/document/1?doc_id=108。
2026-04-21 18:34:05 | WARNING | earnings_surprise_project | forecast 300275.SZ failed after retries: 抱歉，您访问接口(forecast)频率超限(200次/分钟)，具体频次详情：https://tushare.pro/document/1?doc_id=108。
2026-04-21 18:34:05 | WARNING | earnings_surprise_project | forecast 300271.SZ failed after retries: 抱歉，您访问接口(forecast)频率超限(200次/分钟)，具体频次详情：https://tushare.pro/document/1?doc_id=108。
2026-04-21 18:34:05 | WARNING | earnings_surprise_project | forecast 300274.SZ failed after retries: 抱歉，您访问接口(forecast)频率超限(200次/分钟)，具体频次详情：https://tushare.pro/document/1?doc_id=108。
2026-04-21 18:34:05 | WARNING | earnings_surprise_project | forecast 300276.SZ failed after retries: 抱歉，您访问接口(forecast)频率超限(200次/分钟)，具体频次详情：https://tushare.pro/document/1?doc_id=108。
2026-04-21 18:34:09 | WARNING | earnings_surprise_project | forecast 300277.SZ failed after retries: 抱歉，您访问接口(forecast)频率超限(200次/分钟)，具体频次详情：https://tushare.pro/document/1?doc_id=108。
2026-04-21 18:34:09 | WARNING | earnings_surprise_project | forecast 300278.SZ failed after retries: 抱歉，您访问接口(forecast)频率超限(200次/分钟)，具体频次详情：https://tushare.pro/document/1?doc_id=108。
2026-04-21 18:34:09 | WARNING | earnings_surprise_project | forecast 300279.SZ failed after retries: 抱歉，您访问接口(forecast)频率超限(200次/分钟)，具体频次详情：https://tushare.pro/document/1?doc_id=108。
2026-04-21 18:34:09 | WARNING | earnings_surprise_project | forecast 300284.SZ failed after retries: 抱歉，您访问接口(forecast)频率超限(200次/分钟)，具体频次详情：https://tushare.pro/document/1?doc_id=108。
2026-04-21 18:34:09 | WARNING | earnings_surprise_project | forecast 300283.SZ failed after retries: 抱歉，您访问接口(forecast)频率超限(200次/分钟)，具体频次详情：https://tushare.pro/document/1?doc_id=108。
2026-04-21 18:34:09 | WARNING | earnings_surprise_project | forecast 300281.SZ failed after retries: 抱歉，您访问接口(forecast)频率超限(200次/分钟)，具体频次详情：https://tushare.pro/document/1?doc_id=108。
2026-04-21 18:34:09 | WARNING | earnings_surprise_project | forecast 300285.SZ failed after retries: 抱歉，您访问接口(forecast)频率超限(200次/分钟)，具体频次详情：https://tushare.pro/document/1?doc_id=108。
2026-04-21 18:34:09 | WARNING | earnings_surprise_project | forecast 300286.SZ failed after retries: 抱歉，您访问接口(forecast)频率超限(200次/分钟)，具体频次详情：https://tushare.pro/document/1?doc_id=108。
2026-04-21 18:34:13 | WARNING | earnings_surprise_project | forecast 300287.SZ failed after retries: 抱歉，您访问接口(forecast)频率超限(200次/分钟)，具体频次详情：https://tushare.pro/document/1?doc_id=108。
2026-04-21 18:34:13 | WARNING | earnings_surprise_project | forecast 300288.SZ failed after retries: 抱歉，您访问接口(forecast)频率超限(200次/分钟)，具体频次详情：https://tushare.pro/document/1?doc_id=108。
2026-04-21 18:34:13 | WARNING | earnings_surprise_project | forecast 300289.SZ failed after retries: 抱歉，您访问接口(forecast)频率超限(200次/分钟)，具体频次详情：https://tushare.pro/document/1?doc_id=108。
2026-04-21 18:34:13 | WARNING | earnings_surprise_project | forecast 300290.SZ failed after retries: 抱歉，您访问接口(forecast)频率超限(200次/分钟)，具体频次详情：https://tushare.pro/document/1?doc_id=108。
2026-04-21 18:34:13 | WARNING | earnings_surprise_project | forecast 300291.SZ failed after retries: 抱歉，您访问接口(forecast)频率超限(200次/分钟)，具体频次详情：https://tushare.pro/document/1?doc_id=108。
2026-04-21 18:34:14 | WARNING | earnings_surprise_project | forecast 300293.SZ failed after retries: 抱歉，您访问接口(forecast)频率超限(200次/分钟)，具体频次详情：https://tushare.pro/document/1?doc_id=108。
2026-04-21 18:34:14 | WARNING | earnings_surprise_project | forecast 300292.SZ failed after retries: 抱歉，您访问接口(forecast)频率超限(200次/分钟)，具体频次详情：https://tushare.pro/document/1?doc_id=108。
2026-04-21 18:34:14 | WARNING | earnings_surprise_project | forecast 300294.SZ failed after retries: 抱歉，您访问接口(forecast)频率超限(200次/分钟)，具体频次详情：https://tushare.pro/document/1?doc_id=108。
2026-04-21 18:34:17 | WARNING | earnings_surprise_project | forecast 300295.SZ failed after retries: 抱歉，您访问接口(forecast)频率超限(200次/分钟)，具体频次详情：https://tushare.pro/document/1?doc_id=108。
2026-04-21 18:34:18 | WARNING | earnings_surprise_project | forecast 300296.SZ failed after retries: 抱歉，您访问接口(forecast)频率超限(200次/分钟)，具体频次详情：https://tushare.pro/document/1?doc_id=108。
2026-04-21 18:34:18 | WARNING | earnings_surprise_project | forecast 300298.SZ failed after retries: 抱歉，您访问接口(forecast)频率超限(200次/分钟)，具体频次详情：https://tushare.pro/document/1?doc_id=108。
2026-04-21 18:34:18 | WARNING | earnings_surprise_project | forecast 300299.SZ failed after retries: 抱歉，您访问接口(forecast)频率超限(200次/分钟)，具体频次详情：https://tushare.pro/document/1?doc_id=108。
2026-04-21 18:34:18 | WARNING | earnings_surprise_project | forecast 300300.SZ failed after retries: 抱歉，您访问接口(forecast)频率超限(200次/分钟)，具体频次详情：https://tushare.pro/document/1?doc_id=108。
2026-04-21 18:34:18 | WARNING | earnings_surprise_project | forecast 300301.SZ failed after retries: 抱歉，您访问接口(forecast)频率超限(200次/分钟)，具体频次详情：https://tushare.pro/document/1?doc_id=108。
2026-04-21 18:34:18 | WARNING | earnings_surprise_project | forecast 300302.SZ failed after retries: 抱歉，您访问接口(forecast)频率超限(200次/分钟)，具体频次详情：https://tushare.pro/document/1?doc_id=108。
2026-04-21 18:34:18 | WARNING | earnings_surprise_project | forecast 300303.SZ failed after retries: 抱歉，您访问接口(forecast)频率超限(200次/分钟)，具体频次详情：https://tushare.pro/document/1?doc_id=108。
2026-04-21 18:34:22 | WARNING | earnings_surprise_project | forecast 300304.SZ failed after retries: 抱歉，您访问接口(forecast)频率超限(200次/分钟)，具体频次详情：https://tushare.pro/document/1?doc_id=108。
2026-04-21 18:34:22 | WARNING | earnings_surprise_project | forecast 300305.SZ failed after retries: 抱歉，您访问接口(forecast)频率超限(200次/分钟)，具体频次详情：https://tushare.pro/document/1?doc_id=108。
2026-04-21 18:34:22 | WARNING | earnings_surprise_project | forecast 300306.SZ failed after retries: 抱歉，您访问接口(forecast)频率超限(200次/分钟)，具体频次详情：https://tushare.pro/document/1?doc_id=108。
2026-04-21 18:34:22 | WARNING | earnings_surprise_project | forecast 300310.SZ failed after retries: 抱歉，您访问接口(forecast)频率超限(200次/分钟)，具体频次详情：https://tushare.pro/document/1?doc_id=108。
2026-04-21 18:34:22 | WARNING | earnings_surprise_project | forecast 300307.SZ failed after retries: 抱歉，您访问接口(forecast)频率超限(200次/分钟)，具体频次详情：https://tushare.pro/document/1?doc_id=108。
2026-04-21 18:34:22 | WARNING | earnings_surprise_project | forecast 300308.SZ failed after retries: 抱歉，您访问接口(forecast)频率超限(200次/分钟)，具体频次详情：https://tushare.pro/document/1?doc_id=108。
2026-04-21 18:34:22 | WARNING | earnings_surprise_project | forecast 300311.SZ failed after retries: 抱歉，您访问接口(forecast)频率超限(200次/分钟)，具体频次详情：https://tushare.pro/document/1?doc_id=108。
2026-04-21 18:34:23 | WARNING | earnings_surprise_project | forecast 300313.SZ failed after retries: 抱歉，您访问接口(forecast)频率超限(200次/分钟)，具体频次详情：https://tushare.pro/document/1?doc_id=108。
2026-04-21 18:34:26 | WARNING | earnings_surprise_project | forecast 300314.SZ failed after retries: 抱歉，您访问接口(forecast)频率超限(200次/分钟)，具体频次详情：https://tushare.pro/document/1?doc_id=108。
2026-04-21 18:34:26 | WARNING | earnings_surprise_project | forecast 300315.SZ failed after retries: 抱歉，您访问接口(forecast)频率超限(200次/分钟)，具体频次详情：https://tushare.pro/document/1?doc_id=108。
2026-04-21 18:34:26 | WARNING | earnings_surprise_project | forecast 300316.SZ failed after retries: 抱歉，您访问接口(forecast)频率超限(200次/分钟)，具体频次详情：https://tushare.pro/document/1?doc_id=108。
2026-04-21 18:34:26 | WARNING | earnings_surprise_project | forecast 300318.SZ failed after retries: 抱歉，您访问接口(forecast)频率超限(200次/分钟)，具体频次详情：https://tushare.pro/document/1?doc_id=108。
2026-04-21 18:34:26 | WARNING | earnings_surprise_project | forecast 300317.SZ failed after retries: 抱歉，您访问接口(forecast)频率超限(200次/分钟)，具体频次详情：https://tushare.pro/document/1?doc_id=108。
2026-04-21 18:34:47 | WARNING | earnings_surprise_project | forecast 300534.SZ failed after retries: 抱歉，您访问接口(forecast)频率超限(200次/分钟)，具体频次详情：https://tushare.pro/document/1?doc_id=108。
2026-04-21 18:34:47 | WARNING | earnings_surprise_project | forecast 300535.SZ failed after retries: 抱歉，您访问接口(forecast)频率超限(200次/分钟)，具体频次详情：https://tushare.pro/document/1?doc_id=108。
2026-04-21 18:34:47 | WARNING | earnings_surprise_project | forecast 300537.SZ failed after retries: 抱歉，您访问接口(forecast)频率超限(200次/分钟)，具体频次详情：https://tushare.pro/document/1?doc_id=108。
2026-04-21 18:34:47 | WARNING | earnings_surprise_project | forecast 300536.SZ failed after retries: 抱歉，您访问接口(forecast)频率超限(200次/分钟)，具体频次详情：https://tushare.pro/document/1?doc_id=108。
2026-04-21 18:34:47 | WARNING | earnings_surprise_project | forecast 300538.SZ failed after retries: 抱歉，您访问接口(forecast)频率超限(200次/分钟)，具体频次详情：https://tushare.pro/document/1?doc_id=108。
2026-04-21 18:34:47 | WARNING | earnings_surprise_project | forecast 300540.SZ failed after retries: 抱歉，您访问接口(forecast)频率超限(200次/分钟)，具体频次详情：https://tushare.pro/document/1?doc_id=108。
2026-04-21 18:34:47 | WARNING | earnings_surprise_project | forecast 300539.SZ failed after retries: 抱歉，您访问接口(forecast)频率超限(200次/分钟)，具体频次详情：https://tushare.pro/document/1?doc_id=108。
2026-04-21 18:34:47 | WARNING | earnings_surprise_project | forecast 300541.SZ failed after retries: 抱歉，您访问接口(forecast)频率超限(200次/分钟)，具体频次详情：https://tushare.pro/document/1?doc_id=108。
2026-04-21 18:34:51 | WARNING | earnings_surprise_project | forecast 300542.SZ failed after retries: 抱歉，您访问接口(forecast)频率超限(200次/分钟)，具体频次详情：https://tushare.pro/document/1?doc_id=108。
2026-04-21 18:34:51 | WARNING | earnings_surprise_project | forecast 300547.SZ failed after retries: 抱歉，您访问接口(forecast)频率超限(200次/分钟)，具体频次详情：https://tushare.pro/document/1?doc_id=108。
2026-04-21 18:34:51 | WARNING | earnings_surprise_project | forecast 300546.SZ failed after retries: 抱歉，您访问接口(forecast)频率超限(200次/分钟)，具体频次详情：https://tushare.pro/document/1?doc_id=108。
2026-04-21 18:34:51 | WARNING | earnings_surprise_project | forecast 300545.SZ failed after retries: 抱歉，您访问接口(forecast)频率超限(200次/分钟)，具体频次详情：https://tushare.pro/document/1?doc_id=108。
2026-04-21 18:34:51 | WARNING | earnings_surprise_project | forecast 300543.SZ failed after retries: 抱歉，您访问接口(forecast)频率超限(200次/分钟)，具体频次详情：https://tushare.pro/document/1?doc_id=108。
2026-04-21 18:34:51 | WARNING | earnings_surprise_project | forecast 300549.SZ failed after retries: 抱歉，您访问接口(forecast)频率超限(200次/分钟)，具体频次详情：https://tushare.pro/document/1?doc_id=108。
2026-04-21 18:34:51 | WARNING | earnings_surprise_project | forecast 300548.SZ failed after retries: 抱歉，您访问接口(forecast)频率超限(200次/分钟)，具体频次详情：https://tushare.pro/document/1?doc_id=108。
2026-04-21 18:34:51 | WARNING | earnings_surprise_project | forecast 300550.SZ failed after retries: 抱歉，您访问接口(forecast)频率超限(200次/分钟)，具体频次详情：https://tushare.pro/document/1?doc_id=108。
2026-04-21 18:34:55 | WARNING | earnings_surprise_project | forecast 300551.SZ failed after retries: 抱歉，您访问接口(forecast)频率超限(200次/分钟)，具体频次详情：https://tushare.pro/document/1?doc_id=108。
2026-04-21 18:34:56 | WARNING | earnings_surprise_project | forecast 300553.SZ failed after retries: 抱歉，您访问接口(forecast)频率超限(200次/分钟)，具体频次详情：https://tushare.pro/document/1?doc_id=108。
2026-04-21 18:34:56 | WARNING | earnings_surprise_project | forecast 300555.SZ failed after retries: 抱歉，您访问接口(forecast)频率超限(200次/分钟)，具体频次详情：https://tushare.pro/document/1?doc_id=108。
2026-04-21 18:34:56 | WARNING | earnings_surprise_project | forecast 300552.SZ failed after retries: 抱歉，您访问接口(forecast)频率超限(200次/分钟)，具体频次详情：https://tushare.pro/document/1?doc_id=108。
2026-04-21 18:34:56 | WARNING | earnings_surprise_project | forecast 300557.SZ failed after retries: 抱歉，您访问接口(forecast)频率超限(200次/分钟)，具体频次详情：https://tushare.pro/document/1?doc_id=108。
2026-04-21 18:34:56 | WARNING | earnings_surprise_project | forecast 300556.SZ failed after retries: 抱歉，您访问接口(forecast)频率超限(200次/分钟)，具体频次详情：https://tushare.pro/document/1?doc_id=108。
2026-04-21 18:34:56 | WARNING | earnings_surprise_project | forecast 300558.SZ failed after retries: 抱歉，您访问接口(forecast)频率超限(200次/分钟)，具体频次详情：https://tushare.pro/document/1?doc_id=108。
2026-04-21 18:34:56 | WARNING | earnings_surprise_project | forecast 300554.SZ failed after retries: 抱歉，您访问接口(forecast)频率超限(200次/分钟)，具体频次详情：https://tushare.pro/document/1?doc_id=108。
2026-04-21 18:35:00 | WARNING | earnings_surprise_project | forecast 300559.SZ failed after retries: 抱歉，您访问接口(forecast)频率超限(200次/分钟)，具体频次详情：https://tushare.pro/document/1?doc_id=108。
2026-04-21 18:35:00 | WARNING | earnings_surprise_project | forecast 300560.SZ failed after retries: 抱歉，您访问接口(forecast)频率超限(200次/分钟)，具体频次详情：https://tushare.pro/document/1?doc_id=108。
2026-04-21 18:35:00 | WARNING | earnings_surprise_project | forecast 300561.SZ failed after retries: 抱歉，您访问接口(forecast)频率超限(200次/分钟)，具体频次详情：https://tushare.pro/document/1?doc_id=108。
2026-04-21 18:35:00 | WARNING | earnings_surprise_project | forecast 300562.SZ failed after retries: 抱歉，您访问接口(forecast)频率超限(200次/分钟)，具体频次详情：https://tushare.pro/document/1?doc_id=108。
2026-04-21 18:35:00 | WARNING | earnings_surprise_project | forecast 300563.SZ failed after retries: 抱歉，您访问接口(forecast)频率超限(200次/分钟)，具体频次详情：https://tushare.pro/document/1?doc_id=108。
2026-04-21 18:35:00 | WARNING | earnings_surprise_project | forecast 300564.SZ failed after retries: 抱歉，您访问接口(forecast)频率超限(200次/分钟)，具体频次详情：https://tushare.pro/document/1?doc_id=108。
2026-04-21 18:35:00 | WARNING | earnings_surprise_project | forecast 300565.SZ failed after retries: 抱歉，您访问接口(forecast)频率超限(200次/分钟)，具体频次详情：https://tushare.pro/document/1?doc_id=108。
2026-04-21 18:35:01 | WARNING | earnings_surprise_project | forecast 300566.SZ failed after retries: 抱歉，您访问接口(forecast)频率超限(200次/分钟)，具体频次详情：https://tushare.pro/document/1?doc_id=108。
2026-04-21 18:35:05 | WARNING | earnings_surprise_project | forecast 300568.SZ failed after retries: 抱歉，您访问接口(forecast)频率超限(200次/分钟)，具体频次详情：https://tushare.pro/document/1?doc_id=108。
2026-04-21 18:35:05 | WARNING | earnings_surprise_project | forecast 300567.SZ failed after retries: 抱歉，您访问接口(forecast)频率超限(200次/分钟)，具体频次详情：https://tushare.pro/document/1?doc_id=108。
2026-04-21 18:35:05 | WARNING | earnings_surprise_project | forecast 300571.SZ failed after retries: 抱歉，您访问接口(forecast)频率超限(200次/分钟)，具体频次详情：https://tushare.pro/document/1?doc_id=108。
2026-04-21 18:35:05 | WARNING | earnings_surprise_project | forecast 300570.SZ failed after retries: 抱歉，您访问接口(forecast)频率超限(200次/分钟)，具体频次详情：https://tushare.pro/document/1?doc_id=108。
2026-04-21 18:35:05 | WARNING | earnings_surprise_project | forecast 300569.SZ failed after retries: 抱歉，您访问接口(forecast)频率超限(200次/分钟)，具体频次详情：https://tushare.pro/document/1?doc_id=108。
2026-04-21 18:35:05 | WARNING | earnings_surprise_project | forecast 300573.SZ failed after retries: 抱歉，您访问接口(forecast)频率超限(200次/分钟)，具体频次详情：https://tushare.pro/document/1?doc_id=108。
2026-04-21 18:35:05 | WARNING | earnings_surprise_project | forecast 300572.SZ failed after retries: 抱歉，您访问接口(forecast)频率超限(200次/分钟)，具体频次详情：https://tushare.pro/document/1?doc_id=108。
2026-04-21 18:35:05 | WARNING | earnings_surprise_project | forecast 300575.SZ failed after retries: 抱歉，您访问接口(forecast)频率超限(200次/分钟)，具体频次详情：https://tushare.pro/document/1?doc_id=108。
2026-04-21 18:35:09 | WARNING | earnings_surprise_project | forecast 300577.SZ failed after retries: 抱歉，您访问接口(forecast)频率超限(200次/分钟)，具体频次详情：https://tushare.pro/document/1?doc_id=108。
2026-04-21 18:35:09 | WARNING | earnings_surprise_project | forecast 300578.SZ failed after retries: 抱歉，您访问接口(forecast)频率超限(200次/分钟)，具体频次详情：https://tushare.pro/document/1?doc_id=108。
2026-04-21 18:35:09 | WARNING | earnings_surprise_project | forecast 300576.SZ failed after retries: 抱歉，您访问接口(forecast)频率超限(200次/分钟)，具体频次详情：https://tushare.pro/document/1?doc_id=108。
2026-04-21 18:35:09 | WARNING | earnings_surprise_project | forecast 300580.SZ failed after retries: 抱歉，您访问接口(forecast)频率超限(200次/分钟)，具体频次详情：https://tushare.pro/document/1?doc_id=108。
2026-04-21 18:35:09 | WARNING | earnings_surprise_project | forecast 300581.SZ failed after retries: 抱歉，您访问接口(forecast)频率超限(200次/分钟)，具体频次详情：https://tushare.pro/document/1?doc_id=108。
2026-04-21 18:35:09 | WARNING | earnings_surprise_project | forecast 300582.SZ failed after retries: 抱歉，您访问接口(forecast)频率超限(200次/分钟)，具体频次详情：https://tushare.pro/document/1?doc_id=108。
2026-04-21 18:35:09 | WARNING | earnings_surprise_project | forecast 300579.SZ failed after retries: 抱歉，您访问接口(forecast)频率超限(200次/分钟)，具体频次详情：https://tushare.pro/document/1?doc_id=108。
2026-04-21 18:35:09 | WARNING | earnings_surprise_project | forecast 300583.SZ failed after retries: 抱歉，您访问接口(forecast)频率超限(200次/分钟)，具体频次详情：https://tushare.pro/document/1?doc_id=108。
2026-04-21 18:35:13 | WARNING | earnings_surprise_project | forecast 300584.SZ failed after retries: 抱歉，您访问接口(forecast)频率超限(200次/分钟)，具体频次详情：https://tushare.pro/document/1?doc_id=108。
2026-04-21 18:35:13 | WARNING | earnings_surprise_project | forecast 300585.SZ failed after retries: 抱歉，您访问接口(forecast)频率超限(200次/分钟)，具体频次详情：https://tushare.pro/document/1?doc_id=108。
2026-04-21 18:35:13 | WARNING | earnings_surprise_project | forecast 300587.SZ failed after retries: 抱歉，您访问接口(forecast)频率超限(200次/分钟)，具体频次详情：https://tushare.pro/document/1?doc_id=108。
2026-04-21 18:35:13 | WARNING | earnings_surprise_project | forecast 300586.SZ failed after retries: 抱歉，您访问接口(forecast)频率超限(200次/分钟)，具体频次详情：https://tushare.pro/document/1?doc_id=108。
2026-04-21 18:35:13 | WARNING | earnings_surprise_project | forecast 300588.SZ failed after retries: 抱歉，您访问接口(forecast)频率超限(200次/分钟)，具体频次详情：https://tushare.pro/document/1?doc_id=108。
2026-04-21 18:35:13 | WARNING | earnings_surprise_project | forecast 300589.SZ failed after retries: 抱歉，您访问接口(forecast)频率超限(200次/分钟)，具体频次详情：https://tushare.pro/document/1?doc_id=108。
2026-04-21 18:35:13 | WARNING | earnings_surprise_project | forecast 300590.SZ failed after retries: 抱歉，您访问接口(forecast)频率超限(200次/分钟)，具体频次详情：https://tushare.pro/document/1?doc_id=108。
2026-04-21 18:35:14 | WARNING | earnings_surprise_project | forecast 300591.SZ failed after retries: 抱歉，您访问接口(forecast)频率超限(200次/分钟)，具体频次详情：https://tushare.pro/document/1?doc_id=108。
2026-04-21 18:35:18 | WARNING | earnings_surprise_project | forecast 300594.SZ failed after retries: 抱歉，您访问接口(forecast)频率超限(200次/分钟)，具体频次详情：https://tushare.pro/document/1?doc_id=108。
2026-04-21 18:35:18 | WARNING | earnings_surprise_project | forecast 300597.SZ failed after retries: 抱歉，您访问接口(forecast)频率超限(200次/分钟)，具体频次详情：https://tushare.pro/document/1?doc_id=108。
2026-04-21 18:35:18 | WARNING | earnings_surprise_project | forecast 300596.SZ failed after retries: 抱歉，您访问接口(forecast)频率超限(200次/分钟)，具体频次详情：https://tushare.pro/document/1?doc_id=108。
2026-04-21 18:35:18 | WARNING | earnings_surprise_project | forecast 300595.SZ failed after retries: 抱歉，您访问接口(forecast)频率超限(200次/分钟)，具体频次详情：https://tushare.pro/document/1?doc_id=108。
2026-04-21 18:35:18 | WARNING | earnings_surprise_project | forecast 300592.SZ failed after retries: 抱歉，您访问接口(forecast)频率超限(200次/分钟)，具体频次详情：https://tushare.pro/document/1?doc_id=108。
2026-04-21 18:35:18 | WARNING | earnings_surprise_project | forecast 300593.SZ failed after retries: 抱歉，您访问接口(forecast)频率超限(200次/分钟)，具体频次详情：https://tushare.pro/document/1?doc_id=108。
2026-04-21 18:35:18 | WARNING | earnings_surprise_project | forecast 300598.SZ failed after retries: 抱歉，您访问接口(forecast)频率超限(200次/分钟)，具体频次详情：https://tushare.pro/document/1?doc_id=108。
2026-04-21 18:35:18 | WARNING | earnings_surprise_project | forecast 300599.SZ failed after retries: 抱歉，您访问接口(forecast)频率超限(200次/分钟)，具体频次详情：https://tushare.pro/document/1?doc_id=108。
2026-04-21 18:35:22 | WARNING | earnings_surprise_project | forecast 300600.SZ failed after retries: 抱歉，您访问接口(forecast)频率超限(200次/分钟)，具体频次详情：https://tushare.pro/document/1?doc_id=108。
2026-04-21 18:35:22 | WARNING | earnings_surprise_project | forecast 300604.SZ failed after retries: 抱歉，您访问接口(forecast)频率超限(200次/分钟)，具体频次详情：https://tushare.pro/document/1?doc_id=108。
2026-04-21 18:35:22 | WARNING | earnings_surprise_project | forecast 300601.SZ failed after retries: 抱歉，您访问接口(forecast)频率超限(200次/分钟)，具体频次详情：https://tushare.pro/document/1?doc_id=108。
2026-04-21 18:35:22 | WARNING | earnings_surprise_project | forecast 300603.SZ failed after retries: 抱歉，您访问接口(forecast)频率超限(200次/分钟)，具体频次详情：https://tushare.pro/document/1?doc_id=108。
2026-04-21 18:35:22 | WARNING | earnings_surprise_project | forecast 300602.SZ failed after retries: 抱歉，您访问接口(forecast)频率超限(200次/分钟)，具体频次详情：https://tushare.pro/document/1?doc_id=108。
2026-04-21 18:35:22 | WARNING | earnings_surprise_project | forecast 300606.SZ failed after retries: 抱歉，您访问接口(forecast)频率超限(200次/分钟)，具体频次详情：https://tushare.pro/document/1?doc_id=108。
2026-04-21 18:35:22 | WARNING | earnings_surprise_project | forecast 300605.SZ failed after retries: 抱歉，您访问接口(forecast)频率超限(200次/分钟)，具体频次详情：https://tushare.pro/document/1?doc_id=108。
2026-04-21 18:35:23 | WARNING | earnings_surprise_project | forecast 300607.SZ failed after retries: 抱歉，您访问接口(forecast)频率超限(200次/分钟)，具体频次详情：https://tushare.pro/document/1?doc_id=108。
2026-04-21 18:35:26 | WARNING | earnings_surprise_project | forecast 300608.SZ failed after retries: 抱歉，您访问接口(forecast)频率超限(200次/分钟)，具体频次详情：https://tushare.pro/document/1?doc_id=108。
2026-04-21 18:35:26 | WARNING | earnings_surprise_project | forecast 300609.SZ failed after retries: 抱歉，您访问接口(forecast)频率超限(200次/分钟)，具体频次详情：https://tushare.pro/document/1?doc_id=108。
2026-04-21 18:35:26 | WARNING | earnings_surprise_project | forecast 300611.SZ failed after retries: 抱歉，您访问接口(forecast)频率超限(200次/分钟)，具体频次详情：https://tushare.pro/document/1?doc_id=108。
2026-04-21 18:35:26 | WARNING | earnings_surprise_project | forecast 300610.SZ failed after retries: 抱歉，您访问接口(forecast)频率超限(200次/分钟)，具体频次详情：https://tushare.pro/document/1?doc_id=108。
2026-04-21 18:35:27 | WARNING | earnings_surprise_project | forecast 300612.SZ failed after retries: 抱歉，您访问接口(forecast)频率超限(200次/分钟)，具体频次详情：https://tushare.pro/document/1?doc_id=108。
2026-04-21 18:35:47 | WARNING | earnings_surprise_project | forecast 300825.SZ failed after retries: 抱歉，您访问接口(forecast)频率超限(200次/分钟)，具体频次详情：https://tushare.pro/document/1?doc_id=108。
2026-04-21 18:35:47 | WARNING | earnings_surprise_project | forecast 300826.SZ failed after retries: 抱歉，您访问接口(forecast)频率超限(200次/分钟)，具体频次详情：https://tushare.pro/document/1?doc_id=108。
2026-04-21 18:35:47 | WARNING | earnings_surprise_project | forecast 300827.SZ failed after retries: 抱歉，您访问接口(forecast)频率超限(200次/分钟)，具体频次详情：https://tushare.pro/document/1?doc_id=108。
2026-04-21 18:35:47 | WARNING | earnings_surprise_project | forecast 300828.SZ failed after retries: 抱歉，您访问接口(forecast)频率超限(200次/分钟)，具体频次详情：https://tushare.pro/document/1?doc_id=108。
2026-04-21 18:35:47 | WARNING | earnings_surprise_project | forecast 300829.SZ failed after retries: 抱歉，您访问接口(forecast)频率超限(200次/分钟)，具体频次详情：https://tushare.pro/document/1?doc_id=108。
2026-04-21 18:35:47 | WARNING | earnings_surprise_project | forecast 300830.SZ failed after retries: 抱歉，您访问接口(forecast)频率超限(200次/分钟)，具体频次详情：https://tushare.pro/document/1?doc_id=108。
2026-04-21 18:35:47 | WARNING | earnings_surprise_project | forecast 300831.SZ failed after retries: 抱歉，您访问接口(forecast)频率超限(200次/分钟)，具体频次详情：https://tushare.pro/document/1?doc_id=108。
2026-04-21 18:35:47 | WARNING | earnings_surprise_project | forecast 300832.SZ failed after retries: 抱歉，您访问接口(forecast)频率超限(200次/分钟)，具体频次详情：https://tushare.pro/document/1?doc_id=108。
2026-04-21 18:35:51 | WARNING | earnings_surprise_project | forecast 300833.SZ failed after retries: 抱歉，您访问接口(forecast)频率超限(200次/分钟)，具体频次详情：https://tushare.pro/document/1?doc_id=108。
2026-04-21 18:35:51 | WARNING | earnings_surprise_project | forecast 300834.SZ failed after retries: 抱歉，您访问接口(forecast)频率超限(200次/分钟)，具体频次详情：https://tushare.pro/document/1?doc_id=108。
2026-04-21 18:35:51 | WARNING | earnings_surprise_project | forecast 300835.SZ failed after retries: 抱歉，您访问接口(forecast)频率超限(200次/分钟)，具体频次详情：https://tushare.pro/document/1?doc_id=108。
2026-04-21 18:35:51 | WARNING | earnings_surprise_project | forecast 300836.SZ failed after retries: 抱歉，您访问接口(forecast)频率超限(200次/分钟)，具体频次详情：https://tushare.pro/document/1?doc_id=108。
2026-04-21 18:35:52 | WARNING | earnings_surprise_project | forecast 300838.SZ failed after retries: 抱歉，您访问接口(forecast)频率超限(200次/分钟)，具体频次详情：https://tushare.pro/document/1?doc_id=108。
2026-04-21 18:35:52 | WARNING | earnings_surprise_project | forecast 300839.SZ failed after retries: 抱歉，您访问接口(forecast)频率超限(200次/分钟)，具体频次详情：https://tushare.pro/document/1?doc_id=108。
2026-04-21 18:35:52 | WARNING | earnings_surprise_project | forecast 300840.SZ failed after retries: 抱歉，您访问接口(forecast)频率超限(200次/分钟)，具体频次详情：https://tushare.pro/document/1?doc_id=108。
2026-04-21 18:35:52 | WARNING | earnings_surprise_project | forecast 300837.SZ failed after retries: 抱歉，您访问接口(forecast)频率超限(200次/分钟)，具体频次详情：https://tushare.pro/document/1?doc_id=108。
2026-04-21 18:35:55 | WARNING | earnings_surprise_project | forecast 300841.SZ failed after retries: 抱歉，您访问接口(forecast)频率超限(200次/分钟)，具体频次详情：https://tushare.pro/document/1?doc_id=108。
2026-04-21 18:35:56 | WARNING | earnings_surprise_project | forecast 300842.SZ failed after retries: 抱歉，您访问接口(forecast)频率超限(200次/分钟)，具体频次详情：https://tushare.pro/document/1?doc_id=108。
2026-04-21 18:35:56 | WARNING | earnings_surprise_project | forecast 300843.SZ failed after retries: 抱歉，您访问接口(forecast)频率超限(200次/分钟)，具体频次详情：https://tushare.pro/document/1?doc_id=108。
2026-04-21 18:35:56 | WARNING | earnings_surprise_project | forecast 300844.SZ failed after retries: 抱歉，您访问接口(forecast)频率超限(200次/分钟)，具体频次详情：https://tushare.pro/document/1?doc_id=108。
2026-04-21 18:35:56 | WARNING | earnings_surprise_project | forecast 300845.SZ failed after retries: 抱歉，您访问接口(forecast)频率超限(200次/分钟)，具体频次详情：https://tushare.pro/document/1?doc_id=108。
2026-04-21 18:35:56 | WARNING | earnings_surprise_project | forecast 300847.SZ failed after retries: 抱歉，您访问接口(forecast)频率超限(200次/分钟)，具体频次详情：https://tushare.pro/document/1?doc_id=108。
2026-04-21 18:35:56 | WARNING | earnings_surprise_project | forecast 300848.SZ failed after retries: 抱歉，您访问接口(forecast)频率超限(200次/分钟)，具体频次详情：https://tushare.pro/document/1?doc_id=108。
2026-04-21 18:35:56 | WARNING | earnings_surprise_project | forecast 300846.SZ failed after retries: 抱歉，您访问接口(forecast)频率超限(200次/分钟)，具体频次详情：https://tushare.pro/document/1?doc_id=108。
2026-04-21 18:36:00 | WARNING | earnings_surprise_project | forecast 300849.SZ failed after retries: 抱歉，您访问接口(forecast)频率超限(200次/分钟)，具体频次详情：https://tushare.pro/document/1?doc_id=108。
2026-04-21 18:36:00 | WARNING | earnings_surprise_project | forecast 300850.SZ failed after retries: 抱歉，您访问接口(forecast)频率超限(200次/分钟)，具体频次详情：https://tushare.pro/document/1?doc_id=108。
2026-04-21 18:36:00 | WARNING | earnings_surprise_project | forecast 300852.SZ failed after retries: 抱歉，您访问接口(forecast)频率超限(200次/分钟)，具体频次详情：https://tushare.pro/document/1?doc_id=108。
2026-04-21 18:36:00 | WARNING | earnings_surprise_project | forecast 300851.SZ failed after retries: 抱歉，您访问接口(forecast)频率超限(200次/分钟)，具体频次详情：https://tushare.pro/document/1?doc_id=108。
2026-04-21 18:36:00 | WARNING | earnings_surprise_project | forecast 300853.SZ failed after retries: 抱歉，您访问接口(forecast)频率超限(200次/分钟)，具体频次详情：https://tushare.pro/document/1?doc_id=108。
2026-04-21 18:36:00 | WARNING | earnings_surprise_project | forecast 300855.SZ failed after retries: 抱歉，您访问接口(forecast)频率超限(200次/分钟)，具体频次详情：https://tushare.pro/document/1?doc_id=108。
2026-04-21 18:36:00 | WARNING | earnings_surprise_project | forecast 300856.SZ failed after retries: 抱歉，您访问接口(forecast)频率超限(200次/分钟)，具体频次详情：https://tushare.pro/document/1?doc_id=108。
2026-04-21 18:36:00 | WARNING | earnings_surprise_project | forecast 300854.SZ failed after retries: 抱歉，您访问接口(forecast)频率超限(200次/分钟)，具体频次详情：https://tushare.pro/document/1?doc_id=108。
2026-04-21 18:36:05 | WARNING | earnings_surprise_project | forecast 300857.SZ failed after retries: 抱歉，您访问接口(forecast)频率超限(200次/分钟)，具体频次详情：https://tushare.pro/document/1?doc_id=108。
2026-04-21 18:36:05 | WARNING | earnings_surprise_project | forecast 300860.SZ failed after retries: 抱歉，您访问接口(forecast)频率超限(200次/分钟)，具体频次详情：https://tushare.pro/document/1?doc_id=108。
2026-04-21 18:36:05 | WARNING | earnings_surprise_project | forecast 300858.SZ failed after retries: 抱歉，您访问接口(forecast)频率超限(200次/分钟)，具体频次详情：https://tushare.pro/document/1?doc_id=108。
2026-04-21 18:36:05 | WARNING | earnings_surprise_project | forecast 300859.SZ failed after retries: 抱歉，您访问接口(forecast)频率超限(200次/分钟)，具体频次详情：https://tushare.pro/document/1?doc_id=108。
2026-04-21 18:36:05 | WARNING | earnings_surprise_project | forecast 300862.SZ failed after retries: 抱歉，您访问接口(forecast)频率超限(200次/分钟)，具体频次详情：https://tushare.pro/document/1?doc_id=108。
2026-04-21 18:36:05 | WARNING | earnings_surprise_project | forecast 300861.SZ failed after retries: 抱歉，您访问接口(forecast)频率超限(200次/分钟)，具体频次详情：https://tushare.pro/document/1?doc_id=108。
2026-04-21 18:36:05 | WARNING | earnings_surprise_project | forecast 300863.SZ failed after retries: 抱歉，您访问接口(forecast)频率超限(200次/分钟)，具体频次详情：https://tushare.pro/document/1?doc_id=108。
2026-04-21 18:36:05 | WARNING | earnings_surprise_project | forecast 300864.SZ failed after retries: 抱歉，您访问接口(forecast)频率超限(200次/分钟)，具体频次详情：https://tushare.pro/document/1?doc_id=108。
2026-04-21 18:36:09 | WARNING | earnings_surprise_project | forecast 300865.SZ failed after retries: 抱歉，您访问接口(forecast)频率超限(200次/分钟)，具体频次详情：https://tushare.pro/document/1?doc_id=108。
2026-04-21 18:36:09 | WARNING | earnings_surprise_project | forecast 300866.SZ failed after retries: 抱歉，您访问接口(forecast)频率超限(200次/分钟)，具体频次详情：https://tushare.pro/document/1?doc_id=108。
2026-04-21 18:36:09 | WARNING | earnings_surprise_project | forecast 300867.SZ failed after retries: 抱歉，您访问接口(forecast)频率超限(200次/分钟)，具体频次详情：https://tushare.pro/document/1?doc_id=108。
2026-04-21 18:36:09 | WARNING | earnings_surprise_project | forecast 300869.SZ failed after retries: 抱歉，您访问接口(forecast)频率超限(200次/分钟)，具体频次详情：https://tushare.pro/document/1?doc_id=108。
2026-04-21 18:36:09 | WARNING | earnings_surprise_project | forecast 300870.SZ failed after retries: 抱歉，您访问接口(forecast)频率超限(200次/分钟)，具体频次详情：https://tushare.pro/document/1?doc_id=108。
2026-04-21 18:36:09 | WARNING | earnings_surprise_project | forecast 300871.SZ failed after retries: 抱歉，您访问接口(forecast)频率超限(200次/分钟)，具体频次详情：https://tushare.pro/document/1?doc_id=108。
2026-04-21 18:36:09 | WARNING | earnings_surprise_project | forecast 300868.SZ failed after retries: 抱歉，您访问接口(forecast)频率超限(200次/分钟)，具体频次详情：https://tushare.pro/document/1?doc_id=108。
2026-04-21 18:36:10 | WARNING | earnings_surprise_project | forecast 300872.SZ failed after retries: 抱歉，您访问接口(forecast)频率超限(200次/分钟)，具体频次详情：https://tushare.pro/document/1?doc_id=108。
2026-04-21 18:36:13 | WARNING | earnings_surprise_project | forecast 300873.SZ failed after retries: 抱歉，您访问接口(forecast)频率超限(200次/分钟)，具体频次详情：https://tushare.pro/document/1?doc_id=108。
2026-04-21 18:36:13 | WARNING | earnings_surprise_project | forecast 300875.SZ failed after retries: 抱歉，您访问接口(forecast)频率超限(200次/分钟)，具体频次详情：https://tushare.pro/document/1?doc_id=108。
2026-04-21 18:36:14 | WARNING | earnings_surprise_project | forecast 300876.SZ failed after retries: 抱歉，您访问接口(forecast)频率超限(200次/分钟)，具体频次详情：https://tushare.pro/document/1?doc_id=108。
2026-04-21 18:36:14 | WARNING | earnings_surprise_project | forecast 300877.SZ failed after retries: 抱歉，您访问接口(forecast)频率超限(200次/分钟)，具体频次详情：https://tushare.pro/document/1?doc_id=108。
2026-04-21 18:36:14 | WARNING | earnings_surprise_project | forecast 300879.SZ failed after retries: 抱歉，您访问接口(forecast)频率超限(200次/分钟)，具体频次详情：https://tushare.pro/document/1?doc_id=108。
2026-04-21 18:36:14 | WARNING | earnings_surprise_project | forecast 300878.SZ failed after retries: 抱歉，您访问接口(forecast)频率超限(200次/分钟)，具体频次详情：https://tushare.pro/document/1?doc_id=108。
2026-04-21 18:36:14 | WARNING | earnings_surprise_project | forecast 300880.SZ failed after retries: 抱歉，您访问接口(forecast)频率超限(200次/分钟)，具体频次详情：https://tushare.pro/document/1?doc_id=108。
2026-04-21 18:36:14 | WARNING | earnings_surprise_project | forecast 300881.SZ failed after retries: 抱歉，您访问接口(forecast)频率超限(200次/分钟)，具体频次详情：https://tushare.pro/document/1?doc_id=108。
2026-04-21 18:36:18 | WARNING | earnings_surprise_project | forecast 300882.SZ failed after retries: 抱歉，您访问接口(forecast)频率超限(200次/分钟)，具体频次详情：https://tushare.pro/document/1?doc_id=108。
2026-04-21 18:36:18 | WARNING | earnings_surprise_project | forecast 300883.SZ failed after retries: 抱歉，您访问接口(forecast)频率超限(200次/分钟)，具体频次详情：https://tushare.pro/document/1?doc_id=108。
2026-04-21 18:36:18 | WARNING | earnings_surprise_project | forecast 300884.SZ failed after retries: 抱歉，您访问接口(forecast)频率超限(200次/分钟)，具体频次详情：https://tushare.pro/document/1?doc_id=108。
2026-04-21 18:36:18 | WARNING | earnings_surprise_project | forecast 300885.SZ failed after retries: 抱歉，您访问接口(forecast)频率超限(200次/分钟)，具体频次详情：https://tushare.pro/document/1?doc_id=108。
2026-04-21 18:36:18 | WARNING | earnings_surprise_project | forecast 300886.SZ failed after retries: 抱歉，您访问接口(forecast)频率超限(200次/分钟)，具体频次详情：https://tushare.pro/document/1?doc_id=108。
2026-04-21 18:36:18 | WARNING | earnings_surprise_project | forecast 300887.SZ failed after retries: 抱歉，您访问接口(forecast)频率超限(200次/分钟)，具体频次详情：https://tushare.pro/document/1?doc_id=108。
2026-04-21 18:36:18 | WARNING | earnings_surprise_project | forecast 300888.SZ failed after retries: 抱歉，您访问接口(forecast)频率超限(200次/分钟)，具体频次详情：https://tushare.pro/document/1?doc_id=108。
2026-04-21 18:36:18 | WARNING | earnings_surprise_project | forecast 300889.SZ failed after retries: 抱歉，您访问接口(forecast)频率超限(200次/分钟)，具体频次详情：https://tushare.pro/document/1?doc_id=108。
2026-04-21 18:36:22 | WARNING | earnings_surprise_project | forecast 300890.SZ failed after retries: 抱歉，您访问接口(forecast)频率超限(200次/分钟)，具体频次详情：https://tushare.pro/document/1?doc_id=108。
2026-04-21 18:36:22 | WARNING | earnings_surprise_project | forecast 300891.SZ failed after retries: 抱歉，您访问接口(forecast)频率超限(200次/分钟)，具体频次详情：https://tushare.pro/document/1?doc_id=108。
2026-04-21 18:36:22 | WARNING | earnings_surprise_project | forecast 300892.SZ failed after retries: 抱歉，您访问接口(forecast)频率超限(200次/分钟)，具体频次详情：https://tushare.pro/document/1?doc_id=108。
2026-04-21 18:36:22 | WARNING | earnings_surprise_project | forecast 300893.SZ failed after retries: 抱歉，您访问接口(forecast)频率超限(200次/分钟)，具体频次详情：https://tushare.pro/document/1?doc_id=108。
2026-04-21 18:36:22 | WARNING | earnings_surprise_project | forecast 300895.SZ failed after retries: 抱歉，您访问接口(forecast)频率超限(200次/分钟)，具体频次详情：https://tushare.pro/document/1?doc_id=108。
2026-04-21 18:36:22 | WARNING | earnings_surprise_project | forecast 300894.SZ failed after retries: 抱歉，您访问接口(forecast)频率超限(200次/分钟)，具体频次详情：https://tushare.pro/document/1?doc_id=108。
2026-04-21 18:36:22 | WARNING | earnings_surprise_project | forecast 300896.SZ failed after retries: 抱歉，您访问接口(forecast)频率超限(200次/分钟)，具体频次详情：https://tushare.pro/document/1?doc_id=108。
2026-04-21 18:36:22 | WARNING | earnings_surprise_project | forecast 300897.SZ failed after retries: 抱歉，您访问接口(forecast)频率超限(200次/分钟)，具体频次详情：https://tushare.pro/document/1?doc_id=108。
2026-04-21 18:36:26 | WARNING | earnings_surprise_project | forecast 300898.SZ failed after retries: 抱歉，您访问接口(forecast)频率超限(200次/分钟)，具体频次详情：https://tushare.pro/document/1?doc_id=108。
2026-04-21 18:36:26 | WARNING | earnings_surprise_project | forecast 300899.SZ failed after retries: 抱歉，您访问接口(forecast)频率超限(200次/分钟)，具体频次详情：https://tushare.pro/document/1?doc_id=108。
2026-04-21 18:36:27 | WARNING | earnings_surprise_project | forecast 300900.SZ failed after retries: 抱歉，您访问接口(forecast)频率超限(200次/分钟)，具体频次详情：https://tushare.pro/document/1?doc_id=108。
2026-04-21 18:36:27 | WARNING | earnings_surprise_project | forecast 300901.SZ failed after retries: 抱歉，您访问接口(forecast)频率超限(200次/分钟)，具体频次详情：https://tushare.pro/document/1?doc_id=108。
2026-04-21 18:36:47 | WARNING | earnings_surprise_project | forecast 301118.SZ failed after retries: 抱歉，您访问接口(forecast)频率超限(200次/分钟)，具体频次详情：https://tushare.pro/document/1?doc_id=108。
2026-04-21 18:36:47 | WARNING | earnings_surprise_project | forecast 301120.SZ failed after retries: 抱歉，您访问接口(forecast)频率超限(200次/分钟)，具体频次详情：https://tushare.pro/document/1?doc_id=108。
2026-04-21 18:36:47 | WARNING | earnings_surprise_project | forecast 301119.SZ failed after retries: 抱歉，您访问接口(forecast)频率超限(200次/分钟)，具体频次详情：https://tushare.pro/document/1?doc_id=108。
2026-04-21 18:36:47 | WARNING | earnings_surprise_project | forecast 301122.SZ failed after retries: 抱歉，您访问接口(forecast)频率超限(200次/分钟)，具体频次详情：https://tushare.pro/document/1?doc_id=108。
2026-04-21 18:36:47 | WARNING | earnings_surprise_project | forecast 301121.SZ failed after retries: 抱歉，您访问接口(forecast)频率超限(200次/分钟)，具体频次详情：https://tushare.pro/document/1?doc_id=108。
2026-04-21 18:36:47 | WARNING | earnings_surprise_project | forecast 301125.SZ failed after retries: 抱歉，您访问接口(forecast)频率超限(200次/分钟)，具体频次详情：https://tushare.pro/document/1?doc_id=108。
2026-04-21 18:36:47 | WARNING | earnings_surprise_project | forecast 301123.SZ failed after retries: 抱歉，您访问接口(forecast)频率超限(200次/分钟)，具体频次详情：https://tushare.pro/document/1?doc_id=108。
2026-04-21 18:36:47 | WARNING | earnings_surprise_project | forecast 301126.SZ failed after retries: 抱歉，您访问接口(forecast)频率超限(200次/分钟)，具体频次详情：https://tushare.pro/document/1?doc_id=108。
2026-04-21 18:36:51 | WARNING | earnings_surprise_project | forecast 301128.SZ failed after retries: 抱歉，您访问接口(forecast)频率超限(200次/分钟)，具体频次详情：https://tushare.pro/document/1?doc_id=108。
2026-04-21 18:36:51 | WARNING | earnings_surprise_project | forecast 301127.SZ failed after retries: 抱歉，您访问接口(forecast)频率超限(200次/分钟)，具体频次详情：https://tushare.pro/document/1?doc_id=108。
2026-04-21 18:36:51 | WARNING | earnings_surprise_project | forecast 301129.SZ failed after retries: 抱歉，您访问接口(forecast)频率超限(200次/分钟)，具体频次详情：https://tushare.pro/document/1?doc_id=108。
2026-04-21 18:36:51 | WARNING | earnings_surprise_project | forecast 301130.SZ failed after retries: 抱歉，您访问接口(forecast)频率超限(200次/分钟)，具体频次详情：https://tushare.pro/document/1?doc_id=108。
2026-04-21 18:36:51 | WARNING | earnings_surprise_project | forecast 301131.SZ failed after retries: 抱歉，您访问接口(forecast)频率超限(200次/分钟)，具体频次详情：https://tushare.pro/document/1?doc_id=108。
2026-04-21 18:36:52 | WARNING | earnings_surprise_project | forecast 301132.SZ failed after retries: 抱歉，您访问接口(forecast)频率超限(200次/分钟)，具体频次详情：https://tushare.pro/document/1?doc_id=108。
2026-04-21 18:36:52 | WARNING | earnings_surprise_project | forecast 301133.SZ failed after retries: 抱歉，您访问接口(forecast)频率超限(200次/分钟)，具体频次详情：https://tushare.pro/document/1?doc_id=108。
2026-04-21 18:36:52 | WARNING | earnings_surprise_project | forecast 301135.SZ failed after retries: 抱歉，您访问接口(forecast)频率超限(200次/分钟)，具体频次详情：https://tushare.pro/document/1?doc_id=108。
2026-04-21 18:36:55 | WARNING | earnings_surprise_project | forecast 301136.SZ failed after retries: 抱歉，您访问接口(forecast)频率超限(200次/分钟)，具体频次详情：https://tushare.pro/document/1?doc_id=108。
2026-04-21 18:36:56 | WARNING | earnings_surprise_project | forecast 301137.SZ failed after retries: 抱歉，您访问接口(forecast)频率超限(200次/分钟)，具体频次详情：https://tushare.pro/document/1?doc_id=108。
2026-04-21 18:36:56 | WARNING | earnings_surprise_project | forecast 301139.SZ failed after retries: 抱歉，您访问接口(forecast)频率超限(200次/分钟)，具体频次详情：https://tushare.pro/document/1?doc_id=108。
2026-04-21 18:36:56 | WARNING | earnings_surprise_project | forecast 301138.SZ failed after retries: 抱歉，您访问接口(forecast)频率超限(200次/分钟)，具体频次详情：https://tushare.pro/document/1?doc_id=108。
2026-04-21 18:36:56 | WARNING | earnings_surprise_project | forecast 301141.SZ failed after retries: 抱歉，您访问接口(forecast)频率超限(200次/分钟)，具体频次详情：https://tushare.pro/document/1?doc_id=108。
2026-04-21 18:36:56 | WARNING | earnings_surprise_project | forecast 301148.SZ failed after retries: 抱歉，您访问接口(forecast)频率超限(200次/分钟)，具体频次详情：https://tushare.pro/document/1?doc_id=108。
2026-04-21 18:36:56 | WARNING | earnings_surprise_project | forecast 301149.SZ failed after retries: 抱歉，您访问接口(forecast)频率超限(200次/分钟)，具体频次详情：https://tushare.pro/document/1?doc_id=108。
2026-04-21 18:36:56 | WARNING | earnings_surprise_project | forecast 301150.SZ failed after retries: 抱歉，您访问接口(forecast)频率超限(200次/分钟)，具体频次详情：https://tushare.pro/document/1?doc_id=108。
2026-04-21 18:37:00 | WARNING | earnings_surprise_project | forecast 301151.SZ failed after retries: 抱歉，您访问接口(forecast)频率超限(200次/分钟)，具体频次详情：https://tushare.pro/document/1?doc_id=108。
2026-04-21 18:37:00 | WARNING | earnings_surprise_project | forecast 301152.SZ failed after retries: 抱歉，您访问接口(forecast)频率超限(200次/分钟)，具体频次详情：https://tushare.pro/document/1?doc_id=108。
2026-04-21 18:37:00 | WARNING | earnings_surprise_project | forecast 301153.SZ failed after retries: 抱歉，您访问接口(forecast)频率超限(200次/分钟)，具体频次详情：https://tushare.pro/document/1?doc_id=108。
2026-04-21 18:37:00 | WARNING | earnings_surprise_project | forecast 301155.SZ failed after retries: 抱歉，您访问接口(forecast)频率超限(200次/分钟)，具体频次详情：https://tushare.pro/document/1?doc_id=108。
2026-04-21 18:37:00 | WARNING | earnings_surprise_project | forecast 301156.SZ failed after retries: 抱歉，您访问接口(forecast)频率超限(200次/分钟)，具体频次详情：https://tushare.pro/document/1?doc_id=108。
2026-04-21 18:37:00 | WARNING | earnings_surprise_project | forecast 301158.SZ failed after retries: 抱歉，您访问接口(forecast)频率超限(200次/分钟)，具体频次详情：https://tushare.pro/document/1?doc_id=108。
2026-04-21 18:37:00 | WARNING | earnings_surprise_project | forecast 301157.SZ failed after retries: 抱歉，您访问接口(forecast)频率超限(200次/分钟)，具体频次详情：https://tushare.pro/document/1?doc_id=108。
2026-04-21 18:37:01 | WARNING | earnings_surprise_project | forecast 301159.SZ failed after retries: 抱歉，您访问接口(forecast)频率超限(200次/分钟)，具体频次详情：https://tushare.pro/document/1?doc_id=108。
2026-04-21 18:37:04 | WARNING | earnings_surprise_project | forecast 301162.SZ failed after retries: 抱歉，您访问接口(forecast)频率超限(200次/分钟)，具体频次详情：https://tushare.pro/document/1?doc_id=108。
2026-04-21 18:37:05 | WARNING | earnings_surprise_project | forecast 301163.SZ failed after retries: 抱歉，您访问接口(forecast)频率超限(200次/分钟)，具体频次详情：https://tushare.pro/document/1?doc_id=108。
2026-04-21 18:37:05 | WARNING | earnings_surprise_project | forecast 301160.SZ failed after retries: 抱歉，您访问接口(forecast)频率超限(200次/分钟)，具体频次详情：https://tushare.pro/document/1?doc_id=108。
2026-04-21 18:37:05 | WARNING | earnings_surprise_project | forecast 301161.SZ failed after retries: 抱歉，您访问接口(forecast)频率超限(200次/分钟)，具体频次详情：https://tushare.pro/document/1?doc_id=108。
2026-04-21 18:37:05 | WARNING | earnings_surprise_project | forecast 301167.SZ failed after retries: 抱歉，您访问接口(forecast)频率超限(200次/分钟)，具体频次详情：https://tushare.pro/document/1?doc_id=108。
2026-04-21 18:37:05 | WARNING | earnings_surprise_project | forecast 301165.SZ failed after retries: 抱歉，您访问接口(forecast)频率超限(200次/分钟)，具体频次详情：https://tushare.pro/document/1?doc_id=108。
2026-04-21 18:37:05 | WARNING | earnings_surprise_project | forecast 301166.SZ failed after retries: 抱歉，您访问接口(forecast)频率超限(200次/分钟)，具体频次详情：https://tushare.pro/document/1?doc_id=108。
2026-04-21 18:37:05 | WARNING | earnings_surprise_project | forecast 301168.SZ failed after retries: 抱歉，您访问接口(forecast)频率超限(200次/分钟)，具体频次详情：https://tushare.pro/document/1?doc_id=108。
2026-04-21 18:37:09 | WARNING | earnings_surprise_project | forecast 301169.SZ failed after retries: 抱歉，您访问接口(forecast)频率超限(200次/分钟)，具体频次详情：https://tushare.pro/document/1?doc_id=108。
2026-04-21 18:37:09 | WARNING | earnings_surprise_project | forecast 301171.SZ failed after retries: 抱歉，您访问接口(forecast)频率超限(200次/分钟)，具体频次详情：https://tushare.pro/document/1?doc_id=108。
2026-04-21 18:37:09 | WARNING | earnings_surprise_project | forecast 301172.SZ failed after retries: 抱歉，您访问接口(forecast)频率超限(200次/分钟)，具体频次详情：https://tushare.pro/document/1?doc_id=108。
2026-04-21 18:37:09 | WARNING | earnings_surprise_project | forecast 301170.SZ failed after retries: 抱歉，您访问接口(forecast)频率超限(200次/分钟)，具体频次详情：https://tushare.pro/document/1?doc_id=108。
2026-04-21 18:37:09 | WARNING | earnings_surprise_project | forecast 301173.SZ failed after retries: 抱歉，您访问接口(forecast)频率超限(200次/分钟)，具体频次详情：https://tushare.pro/document/1?doc_id=108。
2026-04-21 18:37:09 | WARNING | earnings_surprise_project | forecast 301176.SZ failed after retries: 抱歉，您访问接口(forecast)频率超限(200次/分钟)，具体频次详情：https://tushare.pro/document/1?doc_id=108。
2026-04-21 18:37:09 | WARNING | earnings_surprise_project | forecast 301175.SZ failed after retries: 抱歉，您访问接口(forecast)频率超限(200次/分钟)，具体频次详情：https://tushare.pro/document/1?doc_id=108。
2026-04-21 18:37:09 | WARNING | earnings_surprise_project | forecast 301177.SZ failed after retries: 抱歉，您访问接口(forecast)频率超限(200次/分钟)，具体频次详情：https://tushare.pro/document/1?doc_id=108。
2026-04-21 18:37:13 | WARNING | earnings_surprise_project | forecast 301179.SZ failed after retries: 抱歉，您访问接口(forecast)频率超限(200次/分钟)，具体频次详情：https://tushare.pro/document/1?doc_id=108。
2026-04-21 18:37:13 | WARNING | earnings_surprise_project | forecast 301178.SZ failed after retries: 抱歉，您访问接口(forecast)频率超限(200次/分钟)，具体频次详情：https://tushare.pro/document/1?doc_id=108。
2026-04-21 18:37:13 | WARNING | earnings_surprise_project | forecast 301180.SZ failed after retries: 抱歉，您访问接口(forecast)频率超限(200次/分钟)，具体频次详情：https://tushare.pro/document/1?doc_id=108。
2026-04-21 18:37:13 | WARNING | earnings_surprise_project | forecast 301181.SZ failed after retries: 抱歉，您访问接口(forecast)频率超限(200次/分钟)，具体频次详情：https://tushare.pro/document/1?doc_id=108。
2026-04-21 18:37:13 | WARNING | earnings_surprise_project | forecast 301182.SZ failed after retries: 抱歉，您访问接口(forecast)频率超限(200次/分钟)，具体频次详情：https://tushare.pro/document/1?doc_id=108。
2026-04-21 18:37:13 | WARNING | earnings_surprise_project | forecast 301183.SZ failed after retries: 抱歉，您访问接口(forecast)频率超限(200次/分钟)，具体频次详情：https://tushare.pro/document/1?doc_id=108。
2026-04-21 18:37:13 | WARNING | earnings_surprise_project | forecast 301185.SZ failed after retries: 抱歉，您访问接口(forecast)频率超限(200次/分钟)，具体频次详情：https://tushare.pro/document/1?doc_id=108。
2026-04-21 18:37:14 | WARNING | earnings_surprise_project | forecast 301186.SZ failed after retries: 抱歉，您访问接口(forecast)频率超限(200次/分钟)，具体频次详情：https://tushare.pro/document/1?doc_id=108。
2026-04-21 18:37:18 | WARNING | earnings_surprise_project | forecast 301191.SZ failed after retries: 抱歉，您访问接口(forecast)频率超限(200次/分钟)，具体频次详情：https://tushare.pro/document/1?doc_id=108。
2026-04-21 18:37:18 | WARNING | earnings_surprise_project | forecast 301187.SZ failed after retries: 抱歉，您访问接口(forecast)频率超限(200次/分钟)，具体频次详情：https://tushare.pro/document/1?doc_id=108。
2026-04-21 18:37:18 | WARNING | earnings_surprise_project | forecast 301192.SZ failed after retries: 抱歉，您访问接口(forecast)频率超限(200次/分钟)，具体频次详情：https://tushare.pro/document/1?doc_id=108。
2026-04-21 18:37:18 | WARNING | earnings_surprise_project | forecast 301188.SZ failed after retries: 抱歉，您访问接口(forecast)频率超限(200次/分钟)，具体频次详情：https://tushare.pro/document/1?doc_id=108。
2026-04-21 18:37:18 | WARNING | earnings_surprise_project | forecast 301189.SZ failed after retries: 抱歉，您访问接口(forecast)频率超限(200次/分钟)，具体频次详情：https://tushare.pro/document/1?doc_id=108。
2026-04-21 18:37:18 | WARNING | earnings_surprise_project | forecast 301190.SZ failed after retries: 抱歉，您访问接口(forecast)频率超限(200次/分钟)，具体频次详情：https://tushare.pro/document/1?doc_id=108。
2026-04-21 18:37:18 | WARNING | earnings_surprise_project | forecast 301193.SZ failed after retries: 抱歉，您访问接口(forecast)频率超限(200次/分钟)，具体频次详情：https://tushare.pro/document/1?doc_id=108。
2026-04-21 18:37:18 | WARNING | earnings_surprise_project | forecast 301195.SZ failed after retries: 抱歉，您访问接口(forecast)频率超限(200次/分钟)，具体频次详情：https://tushare.pro/document/1?doc_id=108。
2026-04-21 18:37:22 | WARNING | earnings_surprise_project | forecast 301196.SZ failed after retries: 抱歉，您访问接口(forecast)频率超限(200次/分钟)，具体频次详情：https://tushare.pro/document/1?doc_id=108。
2026-04-21 18:37:22 | WARNING | earnings_surprise_project | forecast 301197.SZ failed after retries: 抱歉，您访问接口(forecast)频率超限(200次/分钟)，具体频次详情：https://tushare.pro/document/1?doc_id=108。
2026-04-21 18:37:22 | WARNING | earnings_surprise_project | forecast 301199.SZ failed after retries: 抱歉，您访问接口(forecast)频率超限(200次/分钟)，具体频次详情：https://tushare.pro/document/1?doc_id=108。
2026-04-21 18:37:22 | WARNING | earnings_surprise_project | forecast 301198.SZ failed after retries: 抱歉，您访问接口(forecast)频率超限(200次/分钟)，具体频次详情：https://tushare.pro/document/1?doc_id=108。
2026-04-21 18:37:22 | WARNING | earnings_surprise_project | forecast 301200.SZ failed after retries: 抱歉，您访问接口(forecast)频率超限(200次/分钟)，具体频次详情：https://tushare.pro/document/1?doc_id=108。
2026-04-21 18:37:22 | WARNING | earnings_surprise_project | forecast 301202.SZ failed after retries: 抱歉，您访问接口(forecast)频率超限(200次/分钟)，具体频次详情：https://tushare.pro/document/1?doc_id=108。
2026-04-21 18:37:22 | WARNING | earnings_surprise_project | forecast 301201.SZ failed after retries: 抱歉，您访问接口(forecast)频率超限(200次/分钟)，具体频次详情：https://tushare.pro/document/1?doc_id=108。
2026-04-21 18:37:22 | WARNING | earnings_surprise_project | forecast 301203.SZ failed after retries: 抱歉，您访问接口(forecast)频率超限(200次/分钟)，具体频次详情：https://tushare.pro/document/1?doc_id=108。
2026-04-21 18:37:26 | WARNING | earnings_surprise_project | forecast 301205.SZ failed after retries: 抱歉，您访问接口(forecast)频率超限(200次/分钟)，具体频次详情：https://tushare.pro/document/1?doc_id=108。
2026-04-21 18:37:26 | WARNING | earnings_surprise_project | forecast 301208.SZ failed after retries: 抱歉，您访问接口(forecast)频率超限(200次/分钟)，具体频次详情：https://tushare.pro/document/1?doc_id=108。
2026-04-21 18:37:26 | WARNING | earnings_surprise_project | forecast 301206.SZ failed after retries: 抱歉，您访问接口(forecast)频率超限(200次/分钟)，具体频次详情：https://tushare.pro/document/1?doc_id=108。
2026-04-21 18:37:26 | WARNING | earnings_surprise_project | forecast 301207.SZ failed after retries: 抱歉，您访问接口(forecast)频率超限(200次/分钟)，具体频次详情：https://tushare.pro/document/1?doc_id=108。
2026-04-21 18:37:27 | WARNING | earnings_surprise_project | forecast 301211.SZ failed after retries: 抱歉，您访问接口(forecast)频率超限(200次/分钟)，具体频次详情：https://tushare.pro/document/1?doc_id=108。
2026-04-21 18:37:27 | WARNING | earnings_surprise_project | forecast 301210.SZ failed after retries: 抱歉，您访问接口(forecast)频率超限(200次/分钟)，具体频次详情：https://tushare.pro/document/1?doc_id=108。
2026-04-21 18:37:47 | WARNING | earnings_surprise_project | forecast 301536.SZ failed after retries: 抱歉，您访问接口(forecast)频率超限(200次/分钟)，具体频次详情：https://tushare.pro/document/1?doc_id=108。
2026-04-21 18:37:47 | WARNING | earnings_surprise_project | forecast 301539.SZ failed after retries: 抱歉，您访问接口(forecast)频率超限(200次/分钟)，具体频次详情：https://tushare.pro/document/1?doc_id=108。
2026-04-21 18:37:47 | WARNING | earnings_surprise_project | forecast 301538.SZ failed after retries: 抱歉，您访问接口(forecast)频率超限(200次/分钟)，具体频次详情：https://tushare.pro/document/1?doc_id=108。
2026-04-21 18:37:47 | WARNING | earnings_surprise_project | forecast 301548.SZ failed after retries: 抱歉，您访问接口(forecast)频率超限(200次/分钟)，具体频次详情：https://tushare.pro/document/1?doc_id=108。
2026-04-21 18:37:47 | WARNING | earnings_surprise_project | forecast 301550.SZ failed after retries: 抱歉，您访问接口(forecast)频率超限(200次/分钟)，具体频次详情：https://tushare.pro/document/1?doc_id=108。
2026-04-21 18:37:47 | WARNING | earnings_surprise_project | forecast 301555.SZ failed after retries: 抱歉，您访问接口(forecast)频率超限(200次/分钟)，具体频次详情：https://tushare.pro/document/1?doc_id=108。
2026-04-21 18:37:47 | WARNING | earnings_surprise_project | forecast 301552.SZ failed after retries: 抱歉，您访问接口(forecast)频率超限(200次/分钟)，具体频次详情：https://tushare.pro/document/1?doc_id=108。
2026-04-21 18:37:48 | WARNING | earnings_surprise_project | forecast 301551.SZ failed after retries: 抱歉，您访问接口(forecast)频率超限(200次/分钟)，具体频次详情：https://tushare.pro/document/1?doc_id=108。
2026-04-21 18:37:51 | WARNING | earnings_surprise_project | forecast 301556.SZ failed after retries: 抱歉，您访问接口(forecast)频率超限(200次/分钟)，具体频次详情：https://tushare.pro/document/1?doc_id=108。
2026-04-21 18:37:51 | WARNING | earnings_surprise_project | forecast 301558.SZ failed after retries: 抱歉，您访问接口(forecast)频率超限(200次/分钟)，具体频次详情：https://tushare.pro/document/1?doc_id=108。
2026-04-21 18:37:51 | WARNING | earnings_surprise_project | forecast 301557.SZ failed after retries: 抱歉，您访问接口(forecast)频率超限(200次/分钟)，具体频次详情：https://tushare.pro/document/1?doc_id=108。
2026-04-21 18:37:51 | WARNING | earnings_surprise_project | forecast 301559.SZ failed after retries: 抱歉，您访问接口(forecast)频率超限(200次/分钟)，具体频次详情：https://tushare.pro/document/1?doc_id=108。
2026-04-21 18:37:52 | WARNING | earnings_surprise_project | forecast 301560.SZ failed after retries: 抱歉，您访问接口(forecast)频率超限(200次/分钟)，具体频次详情：https://tushare.pro/document/1?doc_id=108。
2026-04-21 18:37:52 | WARNING | earnings_surprise_project | forecast 301563.SZ failed after retries: 抱歉，您访问接口(forecast)频率超限(200次/分钟)，具体频次详情：https://tushare.pro/document/1?doc_id=108。
2026-04-21 18:37:52 | WARNING | earnings_surprise_project | forecast 301565.SZ failed after retries: 抱歉，您访问接口(forecast)频率超限(200次/分钟)，具体频次详情：https://tushare.pro/document/1?doc_id=108。
2026-04-21 18:37:52 | WARNING | earnings_surprise_project | forecast 301566.SZ failed after retries: 抱歉，您访问接口(forecast)频率超限(200次/分钟)，具体频次详情：https://tushare.pro/document/1?doc_id=108。
2026-04-21 18:37:56 | WARNING | earnings_surprise_project | forecast 301567.SZ failed after retries: 抱歉，您访问接口(forecast)频率超限(200次/分钟)，具体频次详情：https://tushare.pro/document/1?doc_id=108。
2026-04-21 18:37:56 | WARNING | earnings_surprise_project | forecast 301568.SZ failed after retries: 抱歉，您访问接口(forecast)频率超限(200次/分钟)，具体频次详情：https://tushare.pro/document/1?doc_id=108。
2026-04-21 18:37:56 | WARNING | earnings_surprise_project | forecast 301571.SZ failed after retries: 抱歉，您访问接口(forecast)频率超限(200次/分钟)，具体频次详情：https://tushare.pro/document/1?doc_id=108。
2026-04-21 18:37:56 | WARNING | earnings_surprise_project | forecast 301575.SZ failed after retries: 抱歉，您访问接口(forecast)频率超限(200次/分钟)，具体频次详情：https://tushare.pro/document/1?doc_id=108。
2026-04-21 18:37:56 | WARNING | earnings_surprise_project | forecast 301577.SZ failed after retries: 抱歉，您访问接口(forecast)频率超限(200次/分钟)，具体频次详情：https://tushare.pro/document/1?doc_id=108。
2026-04-21 18:37:56 | WARNING | earnings_surprise_project | forecast 301580.SZ failed after retries: 抱歉，您访问接口(forecast)频率超限(200次/分钟)，具体频次详情：https://tushare.pro/document/1?doc_id=108。
2026-04-21 18:37:56 | WARNING | earnings_surprise_project | forecast 301578.SZ failed after retries: 抱歉，您访问接口(forecast)频率超限(200次/分钟)，具体频次详情：https://tushare.pro/document/1?doc_id=108。
2026-04-21 18:37:56 | WARNING | earnings_surprise_project | forecast 301581.SZ failed after retries: 抱歉，您访问接口(forecast)频率超限(200次/分钟)，具体频次详情：https://tushare.pro/document/1?doc_id=108。
2026-04-21 18:38:00 | WARNING | earnings_surprise_project | forecast 301585.SZ failed after retries: 抱歉，您访问接口(forecast)频率超限(200次/分钟)，具体频次详情：https://tushare.pro/document/1?doc_id=108。
2026-04-21 18:38:00 | WARNING | earnings_surprise_project | forecast 301584.SZ failed after retries: 抱歉，您访问接口(forecast)频率超限(200次/分钟)，具体频次详情：https://tushare.pro/document/1?doc_id=108。
2026-04-21 18:38:00 | WARNING | earnings_surprise_project | forecast 301587.SZ failed after retries: 抱歉，您访问接口(forecast)频率超限(200次/分钟)，具体频次详情：https://tushare.pro/document/1?doc_id=108。
2026-04-21 18:38:00 | WARNING | earnings_surprise_project | forecast 301586.SZ failed after retries: 抱歉，您访问接口(forecast)频率超限(200次/分钟)，具体频次详情：https://tushare.pro/document/1?doc_id=108。
2026-04-21 18:38:00 | WARNING | earnings_surprise_project | forecast 301588.SZ failed after retries: 抱歉，您访问接口(forecast)频率超限(200次/分钟)，具体频次详情：https://tushare.pro/document/1?doc_id=108。
2026-04-21 18:38:00 | WARNING | earnings_surprise_project | forecast 301589.SZ failed after retries: 抱歉，您访问接口(forecast)频率超限(200次/分钟)，具体频次详情：https://tushare.pro/document/1?doc_id=108。
2026-04-21 18:38:00 | WARNING | earnings_surprise_project | forecast 301590.SZ failed after retries: 抱歉，您访问接口(forecast)频率超限(200次/分钟)，具体频次详情：https://tushare.pro/document/1?doc_id=108。
2026-04-21 18:38:01 | WARNING | earnings_surprise_project | forecast 301591.SZ failed after retries: 抱歉，您访问接口(forecast)频率超限(200次/分钟)，具体频次详情：https://tushare.pro/document/1?doc_id=108。
2026-04-21 18:38:04 | WARNING | earnings_surprise_project | forecast 301596.SZ failed after retries: 抱歉，您访问接口(forecast)频率超限(200次/分钟)，具体频次详情：https://tushare.pro/document/1?doc_id=108。
2026-04-21 18:38:05 | WARNING | earnings_surprise_project | forecast 301592.SZ failed after retries: 抱歉，您访问接口(forecast)频率超限(200次/分钟)，具体频次详情：https://tushare.pro/document/1?doc_id=108。
2026-04-21 18:38:05 | WARNING | earnings_surprise_project | forecast 301595.SZ failed after retries: 抱歉，您访问接口(forecast)频率超限(200次/分钟)，具体频次详情：https://tushare.pro/document/1?doc_id=108。
2026-04-21 18:38:05 | WARNING | earnings_surprise_project | forecast 301598.SZ failed after retries: 抱歉，您访问接口(forecast)频率超限(200次/分钟)，具体频次详情：https://tushare.pro/document/1?doc_id=108。
2026-04-21 18:38:05 | WARNING | earnings_surprise_project | forecast 301600.SZ failed after retries: 抱歉，您访问接口(forecast)频率超限(200次/分钟)，具体频次详情：https://tushare.pro/document/1?doc_id=108。
2026-04-21 18:38:05 | WARNING | earnings_surprise_project | forecast 301601.SZ failed after retries: 抱歉，您访问接口(forecast)频率超限(200次/分钟)，具体频次详情：https://tushare.pro/document/1?doc_id=108。
2026-04-21 18:38:05 | WARNING | earnings_surprise_project | forecast 301602.SZ failed after retries: 抱歉，您访问接口(forecast)频率超限(200次/分钟)，具体频次详情：https://tushare.pro/document/1?doc_id=108。
2026-04-21 18:38:05 | WARNING | earnings_surprise_project | forecast 301603.SZ failed after retries: 抱歉，您访问接口(forecast)频率超限(200次/分钟)，具体频次详情：https://tushare.pro/document/1?doc_id=108。
2026-04-21 18:38:09 | WARNING | earnings_surprise_project | forecast 301606.SZ failed after retries: 抱歉，您访问接口(forecast)频率超限(200次/分钟)，具体频次详情：https://tushare.pro/document/1?doc_id=108。
2026-04-21 18:38:09 | WARNING | earnings_surprise_project | forecast 301607.SZ failed after retries: 抱歉，您访问接口(forecast)频率超限(200次/分钟)，具体频次详情：https://tushare.pro/document/1?doc_id=108。
2026-04-21 18:38:09 | WARNING | earnings_surprise_project | forecast 301608.SZ failed after retries: 抱歉，您访问接口(forecast)频率超限(200次/分钟)，具体频次详情：https://tushare.pro/document/1?doc_id=108。
2026-04-21 18:38:09 | WARNING | earnings_surprise_project | forecast 301609.SZ failed after retries: 抱歉，您访问接口(forecast)频率超限(200次/分钟)，具体频次详情：https://tushare.pro/document/1?doc_id=108。
2026-04-21 18:38:09 | WARNING | earnings_surprise_project | forecast 301611.SZ failed after retries: 抱歉，您访问接口(forecast)频率超限(200次/分钟)，具体频次详情：https://tushare.pro/document/1?doc_id=108。
2026-04-21 18:38:09 | WARNING | earnings_surprise_project | forecast 301613.SZ failed after retries: 抱歉，您访问接口(forecast)频率超限(200次/分钟)，具体频次详情：https://tushare.pro/document/1?doc_id=108。
2026-04-21 18:38:09 | WARNING | earnings_surprise_project | forecast 301616.SZ failed after retries: 抱歉，您访问接口(forecast)频率超限(200次/分钟)，具体频次详情：https://tushare.pro/document/1?doc_id=108。
2026-04-21 18:38:09 | WARNING | earnings_surprise_project | forecast 301617.SZ failed after retries: 抱歉，您访问接口(forecast)频率超限(200次/分钟)，具体频次详情：https://tushare.pro/document/1?doc_id=108。
2026-04-21 18:38:13 | WARNING | earnings_surprise_project | forecast 301618.SZ failed after retries: 抱歉，您访问接口(forecast)频率超限(200次/分钟)，具体频次详情：https://tushare.pro/document/1?doc_id=108。
2026-04-21 18:38:13 | WARNING | earnings_surprise_project | forecast 301626.SZ failed after retries: 抱歉，您访问接口(forecast)频率超限(200次/分钟)，具体频次详情：https://tushare.pro/document/1?doc_id=108。
2026-04-21 18:38:13 | WARNING | earnings_surprise_project | forecast 301622.SZ failed after retries: 抱歉，您访问接口(forecast)频率超限(200次/分钟)，具体频次详情：https://tushare.pro/document/1?doc_id=108。
2026-04-21 18:38:13 | WARNING | earnings_surprise_project | forecast 301628.SZ failed after retries: 抱歉，您访问接口(forecast)频率超限(200次/分钟)，具体频次详情：https://tushare.pro/document/1?doc_id=108。
2026-04-21 18:38:13 | WARNING | earnings_surprise_project | forecast 301629.SZ failed after retries: 抱歉，您访问接口(forecast)频率超限(200次/分钟)，具体频次详情：https://tushare.pro/document/1?doc_id=108。
2026-04-21 18:38:13 | WARNING | earnings_surprise_project | forecast 301630.SZ failed after retries: 抱歉，您访问接口(forecast)频率超限(200次/分钟)，具体频次详情：https://tushare.pro/document/1?doc_id=108。
2026-04-21 18:38:14 | WARNING | earnings_surprise_project | forecast 301631.SZ failed after retries: 抱歉，您访问接口(forecast)频率超限(200次/分钟)，具体频次详情：https://tushare.pro/document/1?doc_id=108。
2026-04-21 18:38:14 | WARNING | earnings_surprise_project | forecast 301632.SZ failed after retries: 抱歉，您访问接口(forecast)频率超限(200次/分钟)，具体频次详情：https://tushare.pro/document/1?doc_id=108。
2026-04-21 18:38:18 | WARNING | earnings_surprise_project | forecast 301633.SZ failed after retries: 抱歉，您访问接口(forecast)频率超限(200次/分钟)，具体频次详情：https://tushare.pro/document/1?doc_id=108。
2026-04-21 18:38:18 | WARNING | earnings_surprise_project | forecast 301636.SZ failed after retries: 抱歉，您访问接口(forecast)频率超限(200次/分钟)，具体频次详情：https://tushare.pro/document/1?doc_id=108。
2026-04-21 18:38:18 | WARNING | earnings_surprise_project | forecast 301638.SZ failed after retries: 抱歉，您访问接口(forecast)频率超限(200次/分钟)，具体频次详情：https://tushare.pro/document/1?doc_id=108。
2026-04-21 18:38:18 | WARNING | earnings_surprise_project | forecast 301658.SZ failed after retries: 抱歉，您访问接口(forecast)频率超限(200次/分钟)，具体频次详情：https://tushare.pro/document/1?doc_id=108。
2026-04-21 18:38:18 | WARNING | earnings_surprise_project | forecast 301656.SZ failed after retries: 抱歉，您访问接口(forecast)频率超限(200次/分钟)，具体频次详情：https://tushare.pro/document/1?doc_id=108。
2026-04-21 18:38:18 | WARNING | earnings_surprise_project | forecast 301662.SZ failed after retries: 抱歉，您访问接口(forecast)频率超限(200次/分钟)，具体频次详情：https://tushare.pro/document/1?doc_id=108。
2026-04-21 18:38:18 | WARNING | earnings_surprise_project | forecast 301665.SZ failed after retries: 抱歉，您访问接口(forecast)频率超限(200次/分钟)，具体频次详情：https://tushare.pro/document/1?doc_id=108。
2026-04-21 18:38:18 | WARNING | earnings_surprise_project | forecast 301666.SZ failed after retries: 抱歉，您访问接口(forecast)频率超限(200次/分钟)，具体频次详情：https://tushare.pro/document/1?doc_id=108。
2026-04-21 18:38:22 | WARNING | earnings_surprise_project | forecast 301680.SZ failed after retries: 抱歉，您访问接口(forecast)频率超限(200次/分钟)，具体频次详情：https://tushare.pro/document/1?doc_id=108。
2026-04-21 18:38:22 | WARNING | earnings_surprise_project | forecast 301668.SZ failed after retries: 抱歉，您访问接口(forecast)频率超限(200次/分钟)，具体频次详情：https://tushare.pro/document/1?doc_id=108。
2026-04-21 18:38:22 | WARNING | earnings_surprise_project | forecast 301667.SZ failed after retries: 抱歉，您访问接口(forecast)频率超限(200次/分钟)，具体频次详情：https://tushare.pro/document/1?doc_id=108。
2026-04-21 18:38:22 | WARNING | earnings_surprise_project | forecast 301678.SZ failed after retries: 抱歉，您访问接口(forecast)频率超限(200次/分钟)，具体频次详情：https://tushare.pro/document/1?doc_id=108。
2026-04-21 18:38:22 | WARNING | earnings_surprise_project | forecast 301683.SZ failed after retries: 抱歉，您访问接口(forecast)频率超限(200次/分钟)，具体频次详情：https://tushare.pro/document/1?doc_id=108。
2026-04-21 18:38:22 | WARNING | earnings_surprise_project | forecast 301682.SZ failed after retries: 抱歉，您访问接口(forecast)频率超限(200次/分钟)，具体频次详情：https://tushare.pro/document/1?doc_id=108。
2026-04-21 18:38:22 | WARNING | earnings_surprise_project | forecast 301687.SZ failed after retries: 抱歉，您访问接口(forecast)频率超限(200次/分钟)，具体频次详情：https://tushare.pro/document/1?doc_id=108。
2026-04-21 18:38:22 | WARNING | earnings_surprise_project | forecast 301696.SZ failed after retries: 抱歉，您访问接口(forecast)频率超限(200次/分钟)，具体频次详情：https://tushare.pro/document/1?doc_id=108。
2026-04-21 18:38:26 | WARNING | earnings_surprise_project | forecast 600000.SH failed after retries: 抱歉，您访问接口(forecast)频率超限(200次/分钟)，具体频次详情：https://tushare.pro/document/1?doc_id=108。
2026-04-21 18:38:26 | WARNING | earnings_surprise_project | forecast 600004.SH failed after retries: 抱歉，您访问接口(forecast)频率超限(200次/分钟)，具体频次详情：https://tushare.pro/document/1?doc_id=108。
2026-04-21 18:38:26 | WARNING | earnings_surprise_project | forecast 600006.SH failed after retries: 抱歉，您访问接口(forecast)频率超限(200次/分钟)，具体频次详情：https://tushare.pro/document/1?doc_id=108。
2026-04-21 18:38:26 | WARNING | earnings_surprise_project | forecast 302132.SZ failed after retries: 抱歉，您访问接口(forecast)频率超限(200次/分钟)，具体频次详情：https://tushare.pro/document/1?doc_id=108。
2026-04-21 18:38:26 | WARNING | earnings_surprise_project | forecast 600008.SH failed after retries: 抱歉，您访问接口(forecast)频率超限(200次/分钟)，具体频次详情：https://tushare.pro/document/1?doc_id=108。
2026-04-21 18:38:26 | WARNING | earnings_surprise_project | forecast 600007.SH failed after retries: 抱歉，您访问接口(forecast)频率超限(200次/分钟)，具体频次详情：https://tushare.pro/document/1?doc_id=108。
2026-04-21 18:38:47 | WARNING | earnings_surprise_project | forecast 600276.SH failed after retries: 抱歉，您访问接口(forecast)频率超限(200次/分钟)，具体频次详情：https://tushare.pro/document/1?doc_id=108。
2026-04-21 18:38:47 | WARNING | earnings_surprise_project | forecast 600279.SH failed after retries: 抱歉，您访问接口(forecast)频率超限(200次/分钟)，具体频次详情：https://tushare.pro/document/1?doc_id=108。
2026-04-21 18:38:47 | WARNING | earnings_surprise_project | forecast 600278.SH failed after retries: 抱歉，您访问接口(forecast)频率超限(200次/分钟)，具体频次详情：https://tushare.pro/document/1?doc_id=108。
2026-04-21 18:38:47 | WARNING | earnings_surprise_project | forecast 600280.SH failed after retries: 抱歉，您访问接口(forecast)频率超限(200次/分钟)，具体频次详情：https://tushare.pro/document/1?doc_id=108。
2026-04-21 18:38:47 | WARNING | earnings_surprise_project | forecast 600281.SH failed after retries: 抱歉，您访问接口(forecast)频率超限(200次/分钟)，具体频次详情：https://tushare.pro/document/1?doc_id=108。
2026-04-21 18:38:47 | WARNING | earnings_surprise_project | forecast 600282.SH failed after retries: 抱歉，您访问接口(forecast)频率超限(200次/分钟)，具体频次详情：https://tushare.pro/document/1?doc_id=108。
2026-04-21 18:38:47 | WARNING | earnings_surprise_project | forecast 600283.SH failed after retries: 抱歉，您访问接口(forecast)频率超限(200次/分钟)，具体频次详情：https://tushare.pro/document/1?doc_id=108。
2026-04-21 18:38:47 | WARNING | earnings_surprise_project | forecast 600284.SH failed after retries: 抱歉，您访问接口(forecast)频率超限(200次/分钟)，具体频次详情：https://tushare.pro/document/1?doc_id=108。
2026-04-21 18:38:51 | WARNING | earnings_surprise_project | forecast 600285.SH failed after retries: 抱歉，您访问接口(forecast)频率超限(200次/分钟)，具体频次详情：https://tushare.pro/document/1?doc_id=108。
2026-04-21 18:38:51 | WARNING | earnings_surprise_project | forecast 600287.SH failed after retries: 抱歉，您访问接口(forecast)频率超限(200次/分钟)，具体频次详情：https://tushare.pro/document/1?doc_id=108。
2026-04-21 18:38:51 | WARNING | earnings_surprise_project | forecast 600288.SH failed after retries: 抱歉，您访问接口(forecast)频率超限(200次/分钟)，具体频次详情：https://tushare.pro/document/1?doc_id=108。
2026-04-21 18:38:51 | WARNING | earnings_surprise_project | forecast 600289.SH failed after retries: 抱歉，您访问接口(forecast)频率超限(200次/分钟)，具体频次详情：https://tushare.pro/document/1?doc_id=108。
2026-04-21 18:38:51 | WARNING | earnings_surprise_project | forecast 600292.SH failed after retries: 抱歉，您访问接口(forecast)频率超限(200次/分钟)，具体频次详情：https://tushare.pro/document/1?doc_id=108。
2026-04-21 18:38:51 | WARNING | earnings_surprise_project | forecast 600293.SH failed after retries: 抱歉，您访问接口(forecast)频率超限(200次/分钟)，具体频次详情：https://tushare.pro/document/1?doc_id=108。
2026-04-21 18:38:52 | WARNING | earnings_surprise_project | forecast 600295.SH failed after retries: 抱歉，您访问接口(forecast)频率超限(200次/分钟)，具体频次详情：https://tushare.pro/document/1?doc_id=108。
2026-04-21 18:38:52 | WARNING | earnings_surprise_project | forecast 600298.SH failed after retries: 抱歉，您访问接口(forecast)频率超限(200次/分钟)，具体频次详情：https://tushare.pro/document/1?doc_id=108。
2026-04-21 18:38:55 | WARNING | earnings_surprise_project | forecast 600299.SH failed after retries: 抱歉，您访问接口(forecast)频率超限(200次/分钟)，具体频次详情：https://tushare.pro/document/1?doc_id=108。
2026-04-21 18:38:56 | WARNING | earnings_surprise_project | forecast 600300.SH failed after retries: 抱歉，您访问接口(forecast)频率超限(200次/分钟)，具体频次详情：https://tushare.pro/document/1?doc_id=108。
2026-04-21 18:38:56 | WARNING | earnings_surprise_project | forecast 600301.SH failed after retries: 抱歉，您访问接口(forecast)频率超限(200次/分钟)，具体频次详情：https://tushare.pro/document/1?doc_id=108。
2026-04-21 18:38:56 | WARNING | earnings_surprise_project | forecast 600305.SH failed after retries: 抱歉，您访问接口(forecast)频率超限(200次/分钟)，具体频次详情：https://tushare.pro/document/1?doc_id=108。
2026-04-21 18:38:56 | WARNING | earnings_surprise_project | forecast 600302.SH failed after retries: 抱歉，您访问接口(forecast)频率超限(200次/分钟)，具体频次详情：https://tushare.pro/document/1?doc_id=108。
2026-04-21 18:38:56 | WARNING | earnings_surprise_project | forecast 600303.SH failed after retries: 抱歉，您访问接口(forecast)频率超限(200次/分钟)，具体频次详情：https://tushare.pro/document/1?doc_id=108。
2026-04-21 18:38:56 | WARNING | earnings_surprise_project | forecast 600307.SH failed after retries: 抱歉，您访问接口(forecast)频率超限(200次/分钟)，具体频次详情：https://tushare.pro/document/1?doc_id=108。
2026-04-21 18:38:56 | WARNING | earnings_surprise_project | forecast 600308.SH failed after retries: 抱歉，您访问接口(forecast)频率超限(200次/分钟)，具体频次详情：https://tushare.pro/document/1?doc_id=108。
2026-04-21 18:39:00 | WARNING | earnings_surprise_project | forecast 600310.SH failed after retries: 抱歉，您访问接口(forecast)频率超限(200次/分钟)，具体频次详情：https://tushare.pro/document/1?doc_id=108。
2026-04-21 18:39:00 | WARNING | earnings_surprise_project | forecast 600309.SH failed after retries: 抱歉，您访问接口(forecast)频率超限(200次/分钟)，具体频次详情：https://tushare.pro/document/1?doc_id=108。
2026-04-21 18:39:00 | WARNING | earnings_surprise_project | forecast 600312.SH failed after retries: 抱歉，您访问接口(forecast)频率超限(200次/分钟)，具体频次详情：https://tushare.pro/document/1?doc_id=108。
2026-04-21 18:39:00 | WARNING | earnings_surprise_project | forecast 600315.SH failed after retries: 抱歉，您访问接口(forecast)频率超限(200次/分钟)，具体频次详情：https://tushare.pro/document/1?doc_id=108。
2026-04-21 18:39:00 | WARNING | earnings_surprise_project | forecast 600313.SH failed after retries: 抱歉，您访问接口(forecast)频率超限(200次/分钟)，具体频次详情：https://tushare.pro/document/1?doc_id=108。
2026-04-21 18:39:00 | WARNING | earnings_surprise_project | forecast 600318.SH failed after retries: 抱歉，您访问接口(forecast)频率超限(200次/分钟)，具体频次详情：https://tushare.pro/document/1?doc_id=108。
2026-04-21 18:39:00 | WARNING | earnings_surprise_project | forecast 600316.SH failed after retries: 抱歉，您访问接口(forecast)频率超限(200次/分钟)，具体频次详情：https://tushare.pro/document/1?doc_id=108。
2026-04-21 18:39:00 | WARNING | earnings_surprise_project | forecast 600319.SH failed after retries: 抱歉，您访问接口(forecast)频率超限(200次/分钟)，具体频次详情：https://tushare.pro/document/1?doc_id=108。
2026-04-21 18:39:04 | WARNING | earnings_surprise_project | forecast 600320.SH failed after retries: 抱歉，您访问接口(forecast)频率超限(200次/分钟)，具体频次详情：https://tushare.pro/document/1?doc_id=108。
2026-04-21 18:39:04 | WARNING | earnings_surprise_project | forecast 600322.SH failed after retries: 抱歉，您访问接口(forecast)频率超限(200次/分钟)，具体频次详情：https://tushare.pro/document/1?doc_id=108。
2026-04-21 18:39:04 | WARNING | earnings_surprise_project | forecast 600325.SH failed after retries: 抱歉，您访问接口(forecast)频率超限(200次/分钟)，具体频次详情：https://tushare.pro/document/1?doc_id=108。
2026-04-21 18:39:04 | WARNING | earnings_surprise_project | forecast 600323.SH failed after retries: 抱歉，您访问接口(forecast)频率超限(200次/分钟)，具体频次详情：https://tushare.pro/document/1?doc_id=108。
2026-04-21 18:39:04 | WARNING | earnings_surprise_project | forecast 600326.SH failed after retries: 抱歉，您访问接口(forecast)频率超限(200次/分钟)，具体频次详情：https://tushare.pro/document/1?doc_id=108。
2026-04-21 18:39:05 | WARNING | earnings_surprise_project | forecast 600327.SH failed after retries: 抱歉，您访问接口(forecast)频率超限(200次/分钟)，具体频次详情：https://tushare.pro/document/1?doc_id=108。
2026-04-21 18:39:05 | WARNING | earnings_surprise_project | forecast 600328.SH failed after retries: 抱歉，您访问接口(forecast)频率超限(200次/分钟)，具体频次详情：https://tushare.pro/document/1?doc_id=108。
2026-04-21 18:39:05 | WARNING | earnings_surprise_project | forecast 600329.SH failed after retries: 抱歉，您访问接口(forecast)频率超限(200次/分钟)，具体频次详情：https://tushare.pro/document/1?doc_id=108。
2026-04-21 18:39:09 | WARNING | earnings_surprise_project | forecast 600330.SH failed after retries: 抱歉，您访问接口(forecast)频率超限(200次/分钟)，具体频次详情：https://tushare.pro/document/1?doc_id=108。
2026-04-21 18:39:09 | WARNING | earnings_surprise_project | forecast 600331.SH failed after retries: 抱歉，您访问接口(forecast)频率超限(200次/分钟)，具体频次详情：https://tushare.pro/document/1?doc_id=108。
2026-04-21 18:39:09 | WARNING | earnings_surprise_project | forecast 600335.SH failed after retries: 抱歉，您访问接口(forecast)频率超限(200次/分钟)，具体频次详情：https://tushare.pro/document/1?doc_id=108。
2026-04-21 18:39:09 | WARNING | earnings_surprise_project | forecast 600333.SH failed after retries: 抱歉，您访问接口(forecast)频率超限(200次/分钟)，具体频次详情：https://tushare.pro/document/1?doc_id=108。
2026-04-21 18:39:09 | WARNING | earnings_surprise_project | forecast 600332.SH failed after retries: 抱歉，您访问接口(forecast)频率超限(200次/分钟)，具体频次详情：https://tushare.pro/document/1?doc_id=108。
2026-04-21 18:39:09 | WARNING | earnings_surprise_project | forecast 600336.SH failed after retries: 抱歉，您访问接口(forecast)频率超限(200次/分钟)，具体频次详情：https://tushare.pro/document/1?doc_id=108。
2026-04-21 18:39:09 | WARNING | earnings_surprise_project | forecast 600337.SH failed after retries: 抱歉，您访问接口(forecast)频率超限(200次/分钟)，具体频次详情：https://tushare.pro/document/1?doc_id=108。
2026-04-21 18:39:09 | WARNING | earnings_surprise_project | forecast 600338.SH failed after retries: 抱歉，您访问接口(forecast)频率超限(200次/分钟)，具体频次详情：https://tushare.pro/document/1?doc_id=108。
2026-04-21 18:39:13 | WARNING | earnings_surprise_project | forecast 600340.SH failed after retries: 抱歉，您访问接口(forecast)频率超限(200次/分钟)，具体频次详情：https://tushare.pro/document/1?doc_id=108。
2026-04-21 18:39:13 | WARNING | earnings_surprise_project | forecast 600339.SH failed after retries: 抱歉，您访问接口(forecast)频率超限(200次/分钟)，具体频次详情：https://tushare.pro/document/1?doc_id=108。
2026-04-21 18:39:13 | WARNING | earnings_surprise_project | forecast 600343.SH failed after retries: 抱歉，您访问接口(forecast)频率超限(200次/分钟)，具体频次详情：https://tushare.pro/document/1?doc_id=108。
2026-04-21 18:39:13 | WARNING | earnings_surprise_project | forecast 600345.SH failed after retries: 抱歉，您访问接口(forecast)频率超限(200次/分钟)，具体频次详情：https://tushare.pro/document/1?doc_id=108。
2026-04-21 18:39:13 | WARNING | earnings_surprise_project | forecast 600346.SH failed after retries: 抱歉，您访问接口(forecast)频率超限(200次/分钟)，具体频次详情：https://tushare.pro/document/1?doc_id=108。
2026-04-21 18:39:13 | WARNING | earnings_surprise_project | forecast 600348.SH failed after retries: 抱歉，您访问接口(forecast)频率超限(200次/分钟)，具体频次详情：https://tushare.pro/document/1?doc_id=108。
2026-04-21 18:39:13 | WARNING | earnings_surprise_project | forecast 600350.SH failed after retries: 抱歉，您访问接口(forecast)频率超限(200次/分钟)，具体频次详情：https://tushare.pro/document/1?doc_id=108。
2026-04-21 18:39:14 | WARNING | earnings_surprise_project | forecast 600351.SH failed after retries: 抱歉，您访问接口(forecast)频率超限(200次/分钟)，具体频次详情：https://tushare.pro/document/1?doc_id=108。
2026-04-21 18:39:17 | WARNING | earnings_surprise_project | forecast 600352.SH failed after retries: 抱歉，您访问接口(forecast)频率超限(200次/分钟)，具体频次详情：https://tushare.pro/document/1?doc_id=108。
2026-04-21 18:39:17 | WARNING | earnings_surprise_project | forecast 600353.SH failed after retries: 抱歉，您访问接口(forecast)频率超限(200次/分钟)，具体频次详情：https://tushare.pro/document/1?doc_id=108。
2026-04-21 18:39:17 | WARNING | earnings_surprise_project | forecast 600355.SH failed after retries: 抱歉，您访问接口(forecast)频率超限(200次/分钟)，具体频次详情：https://tushare.pro/document/1?doc_id=108。
2026-04-21 18:39:18 | WARNING | earnings_surprise_project | forecast 600358.SH failed after retries: 抱歉，您访问接口(forecast)频率超限(200次/分钟)，具体频次详情：https://tushare.pro/document/1?doc_id=108。
2026-04-21 18:39:18 | WARNING | earnings_surprise_project | forecast 600354.SH failed after retries: 抱歉，您访问接口(forecast)频率超限(200次/分钟)，具体频次详情：https://tushare.pro/document/1?doc_id=108。
2026-04-21 18:39:18 | WARNING | earnings_surprise_project | forecast 600356.SH failed after retries: 抱歉，您访问接口(forecast)频率超限(200次/分钟)，具体频次详情：https://tushare.pro/document/1?doc_id=108。
2026-04-21 18:39:18 | WARNING | earnings_surprise_project | forecast 600359.SH failed after retries: 抱歉，您访问接口(forecast)频率超限(200次/分钟)，具体频次详情：https://tushare.pro/document/1?doc_id=108。
2026-04-21 18:39:18 | WARNING | earnings_surprise_project | forecast 600360.SH failed after retries: 抱歉，您访问接口(forecast)频率超限(200次/分钟)，具体频次详情：https://tushare.pro/document/1?doc_id=108。
2026-04-21 18:39:22 | WARNING | earnings_surprise_project | forecast 600361.SH failed after retries: 抱歉，您访问接口(forecast)频率超限(200次/分钟)，具体频次详情：https://tushare.pro/document/1?doc_id=108。
2026-04-21 18:39:22 | WARNING | earnings_surprise_project | forecast 600365.SH failed after retries: 抱歉，您访问接口(forecast)频率超限(200次/分钟)，具体频次详情：https://tushare.pro/document/1?doc_id=108。
2026-04-21 18:39:22 | WARNING | earnings_surprise_project | forecast 600362.SH failed after retries: 抱歉，您访问接口(forecast)频率超限(200次/分钟)，具体频次详情：https://tushare.pro/document/1?doc_id=108。
2026-04-21 18:39:22 | WARNING | earnings_surprise_project | forecast 600363.SH failed after retries: 抱歉，您访问接口(forecast)频率超限(200次/分钟)，具体频次详情：https://tushare.pro/document/1?doc_id=108。
2026-04-21 18:39:22 | WARNING | earnings_surprise_project | forecast 600366.SH failed after retries: 抱歉，您访问接口(forecast)频率超限(200次/分钟)，具体频次详情：https://tushare.pro/document/1?doc_id=108。
2026-04-21 18:39:22 | WARNING | earnings_surprise_project | forecast 600367.SH failed after retries: 抱歉，您访问接口(forecast)频率超限(200次/分钟)，具体频次详情：https://tushare.pro/document/1?doc_id=108。
2026-04-21 18:39:22 | WARNING | earnings_surprise_project | forecast 600369.SH failed after retries: 抱歉，您访问接口(forecast)频率超限(200次/分钟)，具体频次详情：https://tushare.pro/document/1?doc_id=108。
2026-04-21 18:39:22 | WARNING | earnings_surprise_project | forecast 600368.SH failed after retries: 抱歉，您访问接口(forecast)频率超限(200次/分钟)，具体频次详情：https://tushare.pro/document/1?doc_id=108。
2026-04-21 18:39:26 | WARNING | earnings_surprise_project | forecast 600370.SH failed after retries: 抱歉，您访问接口(forecast)频率超限(200次/分钟)，具体频次详情：https://tushare.pro/document/1?doc_id=108。
2026-04-21 18:39:26 | WARNING | earnings_surprise_project | forecast 600371.SH failed after retries: 抱歉，您访问接口(forecast)频率超限(200次/分钟)，具体频次详情：https://tushare.pro/document/1?doc_id=108。
2026-04-21 18:39:26 | WARNING | earnings_surprise_project | forecast 600375.SH failed after retries: 抱歉，您访问接口(forecast)频率超限(200次/分钟)，具体频次详情：https://tushare.pro/document/1?doc_id=108。
2026-04-21 18:39:26 | WARNING | earnings_surprise_project | forecast 600373.SH failed after retries: 抱歉，您访问接口(forecast)频率超限(200次/分钟)，具体频次详情：https://tushare.pro/document/1?doc_id=108。
2026-04-21 18:39:26 | WARNING | earnings_surprise_project | forecast 600372.SH failed after retries: 抱歉，您访问接口(forecast)频率超限(200次/分钟)，具体频次详情：https://tushare.pro/document/1?doc_id=108。
2026-04-21 18:39:26 | WARNING | earnings_surprise_project | forecast 600376.SH failed after retries: 抱歉，您访问接口(forecast)频率超限(200次/分钟)，具体频次详情：https://tushare.pro/document/1?doc_id=108。
2026-04-21 18:39:27 | WARNING | earnings_surprise_project | forecast 600377.SH failed after retries: 抱歉，您访问接口(forecast)频率超限(200次/分钟)，具体频次详情：https://tushare.pro/document/1?doc_id=108。
2026-04-21 18:39:27 | WARNING | earnings_surprise_project | forecast 600378.SH failed after retries: 抱歉，您访问接口(forecast)频率超限(200次/分钟)，具体频次详情：https://tushare.pro/document/1?doc_id=108。
2026-04-21 18:39:47 | WARNING | earnings_surprise_project | forecast 600645.SH failed after retries: 抱歉，您访问接口(forecast)频率超限(200次/分钟)，具体频次详情：https://tushare.pro/document/1?doc_id=108。
2026-04-21 18:39:47 | WARNING | earnings_surprise_project | forecast 600649.SH failed after retries: 抱歉，您访问接口(forecast)频率超限(200次/分钟)，具体频次详情：https://tushare.pro/document/1?doc_id=108。
2026-04-21 18:39:47 | WARNING | earnings_surprise_project | forecast 600648.SH failed after retries: 抱歉，您访问接口(forecast)频率超限(200次/分钟)，具体频次详情：https://tushare.pro/document/1?doc_id=108。
2026-04-21 18:39:47 | WARNING | earnings_surprise_project | forecast 600653.SH failed after retries: 抱歉，您访问接口(forecast)频率超限(200次/分钟)，具体频次详情：https://tushare.pro/document/1?doc_id=108。
2026-04-21 18:39:47 | WARNING | earnings_surprise_project | forecast 600651.SH failed after retries: 抱歉，您访问接口(forecast)频率超限(200次/分钟)，具体频次详情：https://tushare.pro/document/1?doc_id=108。
2026-04-21 18:39:47 | WARNING | earnings_surprise_project | forecast 600650.SH failed after retries: 抱歉，您访问接口(forecast)频率超限(200次/分钟)，具体频次详情：https://tushare.pro/document/1?doc_id=108。
2026-04-21 18:39:48 | WARNING | earnings_surprise_project | forecast 600654.SH failed after retries: 抱歉，您访问接口(forecast)频率超限(200次/分钟)，具体频次详情：https://tushare.pro/document/1?doc_id=108。
2026-04-21 18:39:48 | WARNING | earnings_surprise_project | forecast 600655.SH failed after retries: 抱歉，您访问接口(forecast)频率超限(200次/分钟)，具体频次详情：https://tushare.pro/document/1?doc_id=108。
2026-04-21 18:39:51 | WARNING | earnings_surprise_project | forecast 600657.SH failed after retries: 抱歉，您访问接口(forecast)频率超限(200次/分钟)，具体频次详情：https://tushare.pro/document/1?doc_id=108。
2026-04-21 18:39:52 | WARNING | earnings_surprise_project | forecast 600658.SH failed after retries: 抱歉，您访问接口(forecast)频率超限(200次/分钟)，具体频次详情：https://tushare.pro/document/1?doc_id=108。
2026-04-21 18:39:52 | WARNING | earnings_surprise_project | forecast 600660.SH failed after retries: 抱歉，您访问接口(forecast)频率超限(200次/分钟)，具体频次详情：https://tushare.pro/document/1?doc_id=108。
2026-04-21 18:39:52 | WARNING | earnings_surprise_project | forecast 600661.SH failed after retries: 抱歉，您访问接口(forecast)频率超限(200次/分钟)，具体频次详情：https://tushare.pro/document/1?doc_id=108。
2026-04-21 18:39:52 | WARNING | earnings_surprise_project | forecast 600662.SH failed after retries: 抱歉，您访问接口(forecast)频率超限(200次/分钟)，具体频次详情：https://tushare.pro/document/1?doc_id=108。
2026-04-21 18:39:52 | WARNING | earnings_surprise_project | forecast 600663.SH failed after retries: 抱歉，您访问接口(forecast)频率超限(200次/分钟)，具体频次详情：https://tushare.pro/document/1?doc_id=108。
2026-04-21 18:39:52 | WARNING | earnings_surprise_project | forecast 600664.SH failed after retries: 抱歉，您访问接口(forecast)频率超限(200次/分钟)，具体频次详情：https://tushare.pro/document/1?doc_id=108。
2026-04-21 18:39:52 | WARNING | earnings_surprise_project | forecast 600665.SH failed after retries: 抱歉，您访问接口(forecast)频率超限(200次/分钟)，具体频次详情：https://tushare.pro/document/1?doc_id=108。
2026-04-21 18:39:56 | WARNING | earnings_surprise_project | forecast 600666.SH failed after retries: 抱歉，您访问接口(forecast)频率超限(200次/分钟)，具体频次详情：https://tushare.pro/document/1?doc_id=108。
2026-04-21 18:39:56 | WARNING | earnings_surprise_project | forecast 600668.SH failed after retries: 抱歉，您访问接口(forecast)频率超限(200次/分钟)，具体频次详情：https://tushare.pro/document/1?doc_id=108。
2026-04-21 18:39:56 | WARNING | earnings_surprise_project | forecast 600667.SH failed after retries: 抱歉，您访问接口(forecast)频率超限(200次/分钟)，具体频次详情：https://tushare.pro/document/1?doc_id=108。
2026-04-21 18:39:56 | WARNING | earnings_surprise_project | forecast 600673.SH failed after retries: 抱歉，您访问接口(forecast)频率超限(200次/分钟)，具体频次详情：https://tushare.pro/document/1?doc_id=108。
2026-04-21 18:39:56 | WARNING | earnings_surprise_project | forecast 600671.SH failed after retries: 抱歉，您访问接口(forecast)频率超限(200次/分钟)，具体频次详情：https://tushare.pro/document/1?doc_id=108。
2026-04-21 18:39:56 | WARNING | earnings_surprise_project | forecast 600675.SH failed after retries: 抱歉，您访问接口(forecast)频率超限(200次/分钟)，具体频次详情：https://tushare.pro/document/1?doc_id=108。
2026-04-21 18:39:56 | WARNING | earnings_surprise_project | forecast 600674.SH failed after retries: 抱歉，您访问接口(forecast)频率超限(200次/分钟)，具体频次详情：https://tushare.pro/document/1?doc_id=108。
2026-04-21 18:39:57 | WARNING | earnings_surprise_project | forecast 600676.SH failed after retries: 抱歉，您访问接口(forecast)频率超限(200次/分钟)，具体频次详情：https://tushare.pro/document/1?doc_id=108。
2026-04-21 18:40:00 | WARNING | earnings_surprise_project | forecast 600678.SH failed after retries: 抱歉，您访问接口(forecast)频率超限(200次/分钟)，具体频次详情：https://tushare.pro/document/1?doc_id=108。
2026-04-21 18:40:00 | WARNING | earnings_surprise_project | forecast 600679.SH failed after retries: 抱歉，您访问接口(forecast)频率超限(200次/分钟)，具体频次详情：https://tushare.pro/document/1?doc_id=108。
2026-04-21 18:40:00 | WARNING | earnings_surprise_project | forecast 600681.SH failed after retries: 抱歉，您访问接口(forecast)频率超限(200次/分钟)，具体频次详情：https://tushare.pro/document/1?doc_id=108。
2026-04-21 18:40:01 | WARNING | earnings_surprise_project | forecast 600685.SH failed after retries: 抱歉，您访问接口(forecast)频率超限(200次/分钟)，具体频次详情：https://tushare.pro/document/1?doc_id=108。
2026-04-21 18:40:01 | WARNING | earnings_surprise_project | forecast 600682.SH failed after retries: 抱歉，您访问接口(forecast)频率超限(200次/分钟)，具体频次详情：https://tushare.pro/document/1?doc_id=108。
2026-04-21 18:40:01 | WARNING | earnings_surprise_project | forecast 600683.SH failed after retries: 抱歉，您访问接口(forecast)频率超限(200次/分钟)，具体频次详情：https://tushare.pro/document/1?doc_id=108。
2026-04-21 18:40:01 | WARNING | earnings_surprise_project | forecast 600684.SH failed after retries: 抱歉，您访问接口(forecast)频率超限(200次/分钟)，具体频次详情：https://tushare.pro/document/1?doc_id=108。
2026-04-21 18:40:01 | WARNING | earnings_surprise_project | forecast 600686.SH failed after retries: 抱歉，您访问接口(forecast)频率超限(200次/分钟)，具体频次详情：https://tushare.pro/document/1?doc_id=108。
2026-04-21 18:40:04 | WARNING | earnings_surprise_project | forecast 600688.SH failed after retries: 抱歉，您访问接口(forecast)频率超限(200次/分钟)，具体频次详情：https://tushare.pro/document/1?doc_id=108。
2026-04-21 18:40:05 | WARNING | earnings_surprise_project | forecast 600689.SH failed after retries: 抱歉，您访问接口(forecast)频率超限(200次/分钟)，具体频次详情：https://tushare.pro/document/1?doc_id=108。
2026-04-21 18:40:05 | WARNING | earnings_surprise_project | forecast 600690.SH failed after retries: 抱歉，您访问接口(forecast)频率超限(200次/分钟)，具体频次详情：https://tushare.pro/document/1?doc_id=108。
2026-04-21 18:40:05 | WARNING | earnings_surprise_project | forecast 600691.SH failed after retries: 抱歉，您访问接口(forecast)频率超限(200次/分钟)，具体频次详情：https://tushare.pro/document/1?doc_id=108。
2026-04-21 18:40:05 | WARNING | earnings_surprise_project | forecast 600692.SH failed after retries: 抱歉，您访问接口(forecast)频率超限(200次/分钟)，具体频次详情：https://tushare.pro/document/1?doc_id=108。
2026-04-21 18:40:05 | WARNING | earnings_surprise_project | forecast 600693.SH failed after retries: 抱歉，您访问接口(forecast)频率超限(200次/分钟)，具体频次详情：https://tushare.pro/document/1?doc_id=108。
2026-04-21 18:40:05 | WARNING | earnings_surprise_project | forecast 600694.SH failed after retries: 抱歉，您访问接口(forecast)频率超限(200次/分钟)，具体频次详情：https://tushare.pro/document/1?doc_id=108。
2026-04-21 18:40:05 | WARNING | earnings_surprise_project | forecast 600696.SH failed after retries: 抱歉，您访问接口(forecast)频率超限(200次/分钟)，具体频次详情：https://tushare.pro/document/1?doc_id=108。
2026-04-21 18:40:08 | WARNING | earnings_surprise_project | forecast 600697.SH failed after retries: 抱歉，您访问接口(forecast)频率超限(200次/分钟)，具体频次详情：https://tushare.pro/document/1?doc_id=108。
2026-04-21 18:40:09 | WARNING | earnings_surprise_project | forecast 600698.SH failed after retries: 抱歉，您访问接口(forecast)频率超限(200次/分钟)，具体频次详情：https://tushare.pro/document/1?doc_id=108。
2026-04-21 18:40:09 | WARNING | earnings_surprise_project | forecast 600699.SH failed after retries: 抱歉，您访问接口(forecast)频率超限(200次/分钟)，具体频次详情：https://tushare.pro/document/1?doc_id=108。
2026-04-21 18:40:09 | WARNING | earnings_surprise_project | forecast 600702.SH failed after retries: 抱歉，您访问接口(forecast)频率超限(200次/分钟)，具体频次详情：https://tushare.pro/document/1?doc_id=108。
2026-04-21 18:40:09 | WARNING | earnings_surprise_project | forecast 600703.SH failed after retries: 抱歉，您访问接口(forecast)频率超限(200次/分钟)，具体频次详情：https://tushare.pro/document/1?doc_id=108。
2026-04-21 18:40:09 | WARNING | earnings_surprise_project | forecast 600704.SH failed after retries: 抱歉，您访问接口(forecast)频率超限(200次/分钟)，具体频次详情：https://tushare.pro/document/1?doc_id=108。
2026-04-21 18:40:10 | WARNING | earnings_surprise_project | forecast 600707.SH failed after retries: 抱歉，您访问接口(forecast)频率超限(200次/分钟)，具体频次详情：https://tushare.pro/document/1?doc_id=108。
2026-04-21 18:40:10 | WARNING | earnings_surprise_project | forecast 600706.SH failed after retries: 抱歉，您访问接口(forecast)频率超限(200次/分钟)，具体频次详情：https://tushare.pro/document/1?doc_id=108。
2026-04-21 18:40:13 | WARNING | earnings_surprise_project | forecast 600708.SH failed after retries: 抱歉，您访问接口(forecast)频率超限(200次/分钟)，具体频次详情：https://tushare.pro/document/1?doc_id=108。
2026-04-21 18:40:13 | WARNING | earnings_surprise_project | forecast 600710.SH failed after retries: 抱歉，您访问接口(forecast)频率超限(200次/分钟)，具体频次详情：https://tushare.pro/document/1?doc_id=108。
2026-04-21 18:40:14 | WARNING | earnings_surprise_project | forecast 600712.SH failed after retries: 抱歉，您访问接口(forecast)频率超限(200次/分钟)，具体频次详情：https://tushare.pro/document/1?doc_id=108。
2026-04-21 18:40:14 | WARNING | earnings_surprise_project | forecast 600711.SH failed after retries: 抱歉，您访问接口(forecast)频率超限(200次/分钟)，具体频次详情：https://tushare.pro/document/1?doc_id=108。
2026-04-21 18:40:14 | WARNING | earnings_surprise_project | forecast 600713.SH failed after retries: 抱歉，您访问接口(forecast)频率超限(200次/分钟)，具体频次详情：https://tushare.pro/document/1?doc_id=108。
2026-04-21 18:40:14 | WARNING | earnings_surprise_project | forecast 600714.SH failed after retries: 抱歉，您访问接口(forecast)频率超限(200次/分钟)，具体频次详情：https://tushare.pro/document/1?doc_id=108。
2026-04-21 18:40:14 | WARNING | earnings_surprise_project | forecast 600716.SH failed after retries: 抱歉，您访问接口(forecast)频率超限(200次/分钟)，具体频次详情：https://tushare.pro/document/1?doc_id=108。
2026-04-21 18:40:14 | WARNING | earnings_surprise_project | forecast 600715.SH failed after retries: 抱歉，您访问接口(forecast)频率超限(200次/分钟)，具体频次详情：https://tushare.pro/document/1?doc_id=108。
2026-04-21 18:40:17 | WARNING | earnings_surprise_project | forecast 600717.SH failed after retries: 抱歉，您访问接口(forecast)频率超限(200次/分钟)，具体频次详情：https://tushare.pro/document/1?doc_id=108。
2026-04-21 18:40:18 | WARNING | earnings_surprise_project | forecast 600721.SH failed after retries: 抱歉，您访问接口(forecast)频率超限(200次/分钟)，具体频次详情：https://tushare.pro/document/1?doc_id=108。
2026-04-21 18:40:18 | WARNING | earnings_surprise_project | forecast 600718.SH failed after retries: 抱歉，您访问接口(forecast)频率超限(200次/分钟)，具体频次详情：https://tushare.pro/document/1?doc_id=108。
2026-04-21 18:40:18 | WARNING | earnings_surprise_project | forecast 600720.SH failed after retries: 抱歉，您访问接口(forecast)频率超限(200次/分钟)，具体频次详情：https://tushare.pro/document/1?doc_id=108。
2026-04-21 18:40:19 | WARNING | earnings_surprise_project | forecast 600725.SH failed after retries: 抱歉，您访问接口(forecast)频率超限(200次/分钟)，具体频次详情：https://tushare.pro/document/1?doc_id=108。
2026-04-21 18:40:19 | WARNING | earnings_surprise_project | forecast 600724.SH failed after retries: 抱歉，您访问接口(forecast)频率超限(200次/分钟)，具体频次详情：https://tushare.pro/document/1?doc_id=108。
2026-04-21 18:40:20 | WARNING | earnings_surprise_project | forecast 600719.SH failed after retries: 抱歉，您访问接口(forecast)频率超限(200次/分钟)，具体频次详情：https://tushare.pro/document/1?doc_id=108。
2026-04-21 18:40:20 | WARNING | earnings_surprise_project | forecast 600722.SH failed after retries: 抱歉，您访问接口(forecast)频率超限(200次/分钟)，具体频次详情：https://tushare.pro/document/1?doc_id=108。
2026-04-21 18:40:23 | WARNING | earnings_surprise_project | forecast 600729.SH failed after retries: 抱歉，您访问接口(forecast)频率超限(200次/分钟)，具体频次详情：https://tushare.pro/document/1?doc_id=108。
2026-04-21 18:40:23 | WARNING | earnings_surprise_project | forecast 600727.SH failed after retries: 抱歉，您访问接口(forecast)频率超限(200次/分钟)，具体频次详情：https://tushare.pro/document/1?doc_id=108。
2026-04-21 18:40:23 | WARNING | earnings_surprise_project | forecast 600728.SH failed after retries: 抱歉，您访问接口(forecast)频率超限(200次/分钟)，具体频次详情：https://tushare.pro/document/1?doc_id=108。
2026-04-21 18:40:23 | WARNING | earnings_surprise_project | forecast 600726.SH failed after retries: 抱歉，您访问接口(forecast)频率超限(200次/分钟)，具体频次详情：https://tushare.pro/document/1?doc_id=108。
2026-04-21 18:40:24 | WARNING | earnings_surprise_project | forecast 600730.SH failed after retries: 抱歉，您访问接口(forecast)频率超限(200次/分钟)，具体频次详情：https://tushare.pro/document/1?doc_id=108。
2026-04-21 18:40:24 | WARNING | earnings_surprise_project | forecast 600733.SH failed after retries: 抱歉，您访问接口(forecast)频率超限(200次/分钟)，具体频次详情：https://tushare.pro/document/1?doc_id=108。
2026-04-21 18:40:24 | WARNING | earnings_surprise_project | forecast 600731.SH failed after retries: 抱歉，您访问接口(forecast)频率超限(200次/分钟)，具体频次详情：https://tushare.pro/document/1?doc_id=108。
2026-04-21 18:40:24 | WARNING | earnings_surprise_project | forecast 600732.SH failed after retries: 抱歉，您访问接口(forecast)频率超限(200次/分钟)，具体频次详情：https://tushare.pro/document/1?doc_id=108。
2026-04-21 18:40:48 | WARNING | earnings_surprise_project | forecast 601003.SH failed after retries: 抱歉，您访问接口(forecast)频率超限(200次/分钟)，具体频次详情：https://tushare.pro/document/1?doc_id=108。
2026-04-21 18:40:48 | WARNING | earnings_surprise_project | forecast 601005.SH failed after retries: 抱歉，您访问接口(forecast)频率超限(200次/分钟)，具体频次详情：https://tushare.pro/document/1?doc_id=108。
2026-04-21 18:40:48 | WARNING | earnings_surprise_project | forecast 601006.SH failed after retries: 抱歉，您访问接口(forecast)频率超限(200次/分钟)，具体频次详情：https://tushare.pro/document/1?doc_id=108。
2026-04-21 18:40:48 | WARNING | earnings_surprise_project | forecast 601007.SH failed after retries: 抱歉，您访问接口(forecast)频率超限(200次/分钟)，具体频次详情：https://tushare.pro/document/1?doc_id=108。
2026-04-21 18:40:48 | WARNING | earnings_surprise_project | forecast 601008.SH failed after retries: 抱歉，您访问接口(forecast)频率超限(200次/分钟)，具体频次详情：https://tushare.pro/document/1?doc_id=108。
2026-04-21 18:40:48 | WARNING | earnings_surprise_project | forecast 601011.SH failed after retries: 抱歉，您访问接口(forecast)频率超限(200次/分钟)，具体频次详情：https://tushare.pro/document/1?doc_id=108。
2026-04-21 18:40:48 | WARNING | earnings_surprise_project | forecast 601010.SH failed after retries: 抱歉，您访问接口(forecast)频率超限(200次/分钟)，具体频次详情：https://tushare.pro/document/1?doc_id=108。
2026-04-21 18:40:48 | WARNING | earnings_surprise_project | forecast 601009.SH failed after retries: 抱歉，您访问接口(forecast)频率超限(200次/分钟)，具体频次详情：https://tushare.pro/document/1?doc_id=108。
2026-04-21 18:40:52 | WARNING | earnings_surprise_project | forecast 601012.SH failed after retries: 抱歉，您访问接口(forecast)频率超限(200次/分钟)，具体频次详情：https://tushare.pro/document/1?doc_id=108。
2026-04-21 18:40:52 | WARNING | earnings_surprise_project | forecast 601015.SH failed after retries: 抱歉，您访问接口(forecast)频率超限(200次/分钟)，具体频次详情：https://tushare.pro/document/1?doc_id=108。
2026-04-21 18:40:52 | WARNING | earnings_surprise_project | forecast 601016.SH failed after retries: 抱歉，您访问接口(forecast)频率超限(200次/分钟)，具体频次详情：https://tushare.pro/document/1?doc_id=108。
2026-04-21 18:40:52 | WARNING | earnings_surprise_project | forecast 601019.SH failed after retries: 抱歉，您访问接口(forecast)频率超限(200次/分钟)，具体频次详情：https://tushare.pro/document/1?doc_id=108。
2026-04-21 18:40:53 | WARNING | earnings_surprise_project | forecast 601018.SH failed after retries: 抱歉，您访问接口(forecast)频率超限(200次/分钟)，具体频次详情：https://tushare.pro/document/1?doc_id=108。
2026-04-21 18:40:53 | WARNING | earnings_surprise_project | forecast 601020.SH failed after retries: 抱歉，您访问接口(forecast)频率超限(200次/分钟)，具体频次详情：https://tushare.pro/document/1?doc_id=108。
2026-04-21 18:40:53 | WARNING | earnings_surprise_project | forecast 601021.SH failed after retries: 抱歉，您访问接口(forecast)频率超限(200次/分钟)，具体频次详情：https://tushare.pro/document/1?doc_id=108。
2026-04-21 18:40:53 | WARNING | earnings_surprise_project | forecast 601022.SH failed after retries: 抱歉，您访问接口(forecast)频率超限(200次/分钟)，具体频次详情：https://tushare.pro/document/1?doc_id=108。
2026-04-21 18:40:56 | WARNING | earnings_surprise_project | forecast 601026.SH failed after retries: 抱歉，您访问接口(forecast)频率超限(200次/分钟)，具体频次详情：https://tushare.pro/document/1?doc_id=108。
2026-04-21 18:40:57 | WARNING | earnings_surprise_project | forecast 601033.SH failed after retries: 抱歉，您访问接口(forecast)频率超限(200次/分钟)，具体频次详情：https://tushare.pro/document/1?doc_id=108。
2026-04-21 18:40:57 | WARNING | earnings_surprise_project | forecast 601038.SH failed after retries: 抱歉，您访问接口(forecast)频率超限(200次/分钟)，具体频次详情：https://tushare.pro/document/1?doc_id=108。
2026-04-21 18:40:57 | WARNING | earnings_surprise_project | forecast 601058.SH failed after retries: 抱歉，您访问接口(forecast)频率超限(200次/分钟)，具体频次详情：https://tushare.pro/document/1?doc_id=108。
2026-04-21 18:40:57 | WARNING | earnings_surprise_project | forecast 601061.SH failed after retries: 抱歉，您访问接口(forecast)频率超限(200次/分钟)，具体频次详情：https://tushare.pro/document/1?doc_id=108。
2026-04-21 18:40:57 | WARNING | earnings_surprise_project | forecast 601059.SH failed after retries: 抱歉，您访问接口(forecast)频率超限(200次/分钟)，具体频次详情：https://tushare.pro/document/1?doc_id=108。
2026-04-21 18:40:57 | WARNING | earnings_surprise_project | forecast 601065.SH failed after retries: 抱歉，您访问接口(forecast)频率超限(200次/分钟)，具体频次详情：https://tushare.pro/document/1?doc_id=108。
2026-04-21 18:40:57 | WARNING | earnings_surprise_project | forecast 601066.SH failed after retries: 抱歉，您访问接口(forecast)频率超限(200次/分钟)，具体频次详情：https://tushare.pro/document/1?doc_id=108。
2026-04-21 18:41:01 | WARNING | earnings_surprise_project | forecast 601069.SH failed after retries: 抱歉，您访问接口(forecast)频率超限(200次/分钟)，具体频次详情：https://tushare.pro/document/1?doc_id=108。
2026-04-21 18:41:01 | WARNING | earnings_surprise_project | forecast 601068.SH failed after retries: 抱歉，您访问接口(forecast)频率超限(200次/分钟)，具体频次详情：https://tushare.pro/document/1?doc_id=108。
2026-04-21 18:41:01 | WARNING | earnings_surprise_project | forecast 601077.SH failed after retries: 抱歉，您访问接口(forecast)频率超限(200次/分钟)，具体频次详情：https://tushare.pro/document/1?doc_id=108。
2026-04-21 18:41:01 | WARNING | earnings_surprise_project | forecast 601083.SH failed after retries: 抱歉，您访问接口(forecast)频率超限(200次/分钟)，具体频次详情：https://tushare.pro/document/1?doc_id=108。
2026-04-21 18:41:01 | WARNING | earnings_surprise_project | forecast 601089.SH failed after retries: 抱歉，您访问接口(forecast)频率超限(200次/分钟)，具体频次详情：https://tushare.pro/document/1?doc_id=108。
2026-04-21 18:41:01 | WARNING | earnings_surprise_project | forecast 601086.SH failed after retries: 抱歉，您访问接口(forecast)频率超限(200次/分钟)，具体频次详情：https://tushare.pro/document/1?doc_id=108。
2026-04-21 18:41:01 | WARNING | earnings_surprise_project | forecast 601088.SH failed after retries: 抱歉，您访问接口(forecast)频率超限(200次/分钟)，具体频次详情：https://tushare.pro/document/1?doc_id=108。
2026-04-21 18:41:02 | WARNING | earnings_surprise_project | forecast 601096.SH failed after retries: 抱歉，您访问接口(forecast)频率超限(200次/分钟)，具体频次详情：https://tushare.pro/document/1?doc_id=108。
2026-04-21 18:41:05 | WARNING | earnings_surprise_project | forecast 601098.SH failed after retries: 抱歉，您访问接口(forecast)频率超限(200次/分钟)，具体频次详情：https://tushare.pro/document/1?doc_id=108。
2026-04-21 18:41:05 | WARNING | earnings_surprise_project | forecast 601099.SH failed after retries: 抱歉，您访问接口(forecast)频率超限(200次/分钟)，具体频次详情：https://tushare.pro/document/1?doc_id=108。
2026-04-21 18:41:05 | WARNING | earnings_surprise_project | forecast 601100.SH failed after retries: 抱歉，您访问接口(forecast)频率超限(200次/分钟)，具体频次详情：https://tushare.pro/document/1?doc_id=108。
2026-04-21 18:41:06 | WARNING | earnings_surprise_project | forecast 601101.SH failed after retries: 抱歉，您访问接口(forecast)频率超限(200次/分钟)，具体频次详情：https://tushare.pro/document/1?doc_id=108。
2026-04-21 18:41:06 | WARNING | earnings_surprise_project | forecast 601106.SH failed after retries: 抱歉，您访问接口(forecast)频率超限(200次/分钟)，具体频次详情：https://tushare.pro/document/1?doc_id=108。
2026-04-21 18:41:06 | WARNING | earnings_surprise_project | forecast 601107.SH failed after retries: 抱歉，您访问接口(forecast)频率超限(200次/分钟)，具体频次详情：https://tushare.pro/document/1?doc_id=108。
2026-04-21 18:41:06 | WARNING | earnings_surprise_project | forecast 601108.SH failed after retries: 抱歉，您访问接口(forecast)频率超限(200次/分钟)，具体频次详情：https://tushare.pro/document/1?doc_id=108。
2026-04-21 18:41:06 | WARNING | earnings_surprise_project | forecast 601111.SH failed after retries: 抱歉，您访问接口(forecast)频率超限(200次/分钟)，具体频次详情：https://tushare.pro/document/1?doc_id=108。
2026-04-21 18:41:10 | WARNING | earnings_surprise_project | forecast 601112.SH failed after retries: 抱歉，您访问接口(forecast)频率超限(200次/分钟)，具体频次详情：https://tushare.pro/document/1?doc_id=108。
2026-04-21 18:41:10 | WARNING | earnings_surprise_project | forecast 601116.SH failed after retries: 抱歉，您访问接口(forecast)频率超限(200次/分钟)，具体频次详情：https://tushare.pro/document/1?doc_id=108。
2026-04-21 18:41:10 | WARNING | earnings_surprise_project | forecast 601113.SH failed after retries: 抱歉，您访问接口(forecast)频率超限(200次/分钟)，具体频次详情：https://tushare.pro/document/1?doc_id=108。
2026-04-21 18:41:10 | WARNING | earnings_surprise_project | forecast 601117.SH failed after retries: 抱歉，您访问接口(forecast)频率超限(200次/分钟)，具体频次详情：https://tushare.pro/document/1?doc_id=108。
2026-04-21 18:41:10 | WARNING | earnings_surprise_project | forecast 601118.SH failed after retries: 抱歉，您访问接口(forecast)频率超限(200次/分钟)，具体频次详情：https://tushare.pro/document/1?doc_id=108。
2026-04-21 18:41:10 | WARNING | earnings_surprise_project | forecast 601121.SH failed after retries: 抱歉，您访问接口(forecast)频率超限(200次/分钟)，具体频次详情：https://tushare.pro/document/1?doc_id=108。
2026-04-21 18:41:10 | WARNING | earnings_surprise_project | forecast 601126.SH failed after retries: 抱歉，您访问接口(forecast)频率超限(200次/分钟)，具体频次详情：https://tushare.pro/document/1?doc_id=108。
2026-04-21 18:41:11 | WARNING | earnings_surprise_project | forecast 601127.SH failed after retries: 抱歉，您访问接口(forecast)频率超限(200次/分钟)，具体频次详情：https://tushare.pro/document/1?doc_id=108。
2026-04-21 18:41:14 | WARNING | earnings_surprise_project | forecast 601133.SH failed after retries: 抱歉，您访问接口(forecast)频率超限(200次/分钟)，具体频次详情：https://tushare.pro/document/1?doc_id=108。
2026-04-21 18:41:14 | WARNING | earnings_surprise_project | forecast 601128.SH failed after retries: 抱歉，您访问接口(forecast)频率超限(200次/分钟)，具体频次详情：https://tushare.pro/document/1?doc_id=108。
2026-04-21 18:41:14 | WARNING | earnings_surprise_project | forecast 601136.SH failed after retries: 抱歉，您访问接口(forecast)频率超限(200次/分钟)，具体频次详情：https://tushare.pro/document/1?doc_id=108。
2026-04-21 18:41:14 | WARNING | earnings_surprise_project | forecast 601138.SH failed after retries: 抱歉，您访问接口(forecast)频率超限(200次/分钟)，具体频次详情：https://tushare.pro/document/1?doc_id=108。
2026-04-21 18:41:15 | WARNING | earnings_surprise_project | forecast 601137.SH failed after retries: 抱歉，您访问接口(forecast)频率超限(200次/分钟)，具体频次详情：https://tushare.pro/document/1?doc_id=108。
2026-04-21 18:41:15 | WARNING | earnings_surprise_project | forecast 601139.SH failed after retries: 抱歉，您访问接口(forecast)频率超限(200次/分钟)，具体频次详情：https://tushare.pro/document/1?doc_id=108。
2026-04-21 18:41:15 | WARNING | earnings_surprise_project | forecast 601155.SH failed after retries: 抱歉，您访问接口(forecast)频率超限(200次/分钟)，具体频次详情：https://tushare.pro/document/1?doc_id=108。
2026-04-21 18:41:15 | WARNING | earnings_surprise_project | forecast 601156.SH failed after retries: 抱歉，您访问接口(forecast)频率超限(200次/分钟)，具体频次详情：https://tushare.pro/document/1?doc_id=108。
2026-04-21 18:41:18 | WARNING | earnings_surprise_project | forecast 601158.SH failed after retries: 抱歉，您访问接口(forecast)频率超限(200次/分钟)，具体频次详情：https://tushare.pro/document/1?doc_id=108。
2026-04-21 18:41:19 | WARNING | earnings_surprise_project | forecast 601162.SH failed after retries: 抱歉，您访问接口(forecast)频率超限(200次/分钟)，具体频次详情：https://tushare.pro/document/1?doc_id=108。
2026-04-21 18:41:19 | WARNING | earnings_surprise_project | forecast 601166.SH failed after retries: 抱歉，您访问接口(forecast)频率超限(200次/分钟)，具体频次详情：https://tushare.pro/document/1?doc_id=108。
2026-04-21 18:41:19 | WARNING | earnings_surprise_project | forecast 601163.SH failed after retries: 抱歉，您访问接口(forecast)频率超限(200次/分钟)，具体频次详情：https://tushare.pro/document/1?doc_id=108。
2026-04-21 18:41:19 | WARNING | earnings_surprise_project | forecast 601168.SH failed after retries: 抱歉，您访问接口(forecast)频率超限(200次/分钟)，具体频次详情：https://tushare.pro/document/1?doc_id=108。
2026-04-21 18:41:19 | WARNING | earnings_surprise_project | forecast 601177.SH failed after retries: 抱歉，您访问接口(forecast)频率超限(200次/分钟)，具体频次详情：https://tushare.pro/document/1?doc_id=108。
2026-04-21 18:41:19 | WARNING | earnings_surprise_project | forecast 601169.SH failed after retries: 抱歉，您访问接口(forecast)频率超限(200次/分钟)，具体频次详情：https://tushare.pro/document/1?doc_id=108。
2026-04-21 18:41:20 | WARNING | earnings_surprise_project | forecast 601179.SH failed after retries: 抱歉，您访问接口(forecast)频率超限(200次/分钟)，具体频次详情：https://tushare.pro/document/1?doc_id=108。
2026-04-21 18:41:23 | WARNING | earnings_surprise_project | forecast 601187.SH failed after retries: 抱歉，您访问接口(forecast)频率超限(200次/分钟)，具体频次详情：https://tushare.pro/document/1?doc_id=108。
2026-04-21 18:41:23 | WARNING | earnings_surprise_project | forecast 601188.SH failed after retries: 抱歉，您访问接口(forecast)频率超限(200次/分钟)，具体频次详情：https://tushare.pro/document/1?doc_id=108。
2026-04-21 18:41:23 | WARNING | earnings_surprise_project | forecast 601186.SH failed after retries: 抱歉，您访问接口(forecast)频率超限(200次/分钟)，具体频次详情：https://tushare.pro/document/1?doc_id=108。
2026-04-21 18:41:23 | WARNING | earnings_surprise_project | forecast 601198.SH failed after retries: 抱歉，您访问接口(forecast)频率超限(200次/分钟)，具体频次详情：https://tushare.pro/document/1?doc_id=108。
2026-04-21 18:41:23 | WARNING | earnings_surprise_project | forecast 601199.SH failed after retries: 抱歉，您访问接口(forecast)频率超限(200次/分钟)，具体频次详情：https://tushare.pro/document/1?doc_id=108。
2026-04-21 18:41:24 | WARNING | earnings_surprise_project | forecast 601208.SH failed after retries: 抱歉，您访问接口(forecast)频率超限(200次/分钟)，具体频次详情：https://tushare.pro/document/1?doc_id=108。
2026-04-21 18:41:24 | WARNING | earnings_surprise_project | forecast 601200.SH failed after retries: 抱歉，您访问接口(forecast)频率超限(200次/分钟)，具体频次详情：https://tushare.pro/document/1?doc_id=108。
2026-04-21 18:41:24 | WARNING | earnings_surprise_project | forecast 601211.SH failed after retries: 抱歉，您访问接口(forecast)频率超限(200次/分钟)，具体频次详情：https://tushare.pro/document/1?doc_id=108。
2026-04-21 18:41:50 | WARNING | earnings_surprise_project | forecast 603051.SH failed after retries: 抱歉，您访问接口(forecast)频率超限(200次/分钟)，具体频次详情：https://tushare.pro/document/1?doc_id=108。
2026-04-21 18:41:51 | WARNING | earnings_surprise_project | forecast 603059.SH failed after retries: 抱歉，您访问接口(forecast)频率超限(200次/分钟)，具体频次详情：https://tushare.pro/document/1?doc_id=108。
2026-04-21 18:41:51 | WARNING | earnings_surprise_project | forecast 603061.SH failed after retries: 抱歉，您访问接口(forecast)频率超限(200次/分钟)，具体频次详情：https://tushare.pro/document/1?doc_id=108。
2026-04-21 18:41:51 | WARNING | earnings_surprise_project | forecast 603060.SH failed after retries: 抱歉，您访问接口(forecast)频率超限(200次/分钟)，具体频次详情：https://tushare.pro/document/1?doc_id=108。
2026-04-21 18:41:51 | WARNING | earnings_surprise_project | forecast 603063.SH failed after retries: 抱歉，您访问接口(forecast)频率超限(200次/分钟)，具体频次详情：https://tushare.pro/document/1?doc_id=108。
2026-04-21 18:41:51 | WARNING | earnings_surprise_project | forecast 603065.SH failed after retries: 抱歉，您访问接口(forecast)频率超限(200次/分钟)，具体频次详情：https://tushare.pro/document/1?doc_id=108。
2026-04-21 18:41:51 | WARNING | earnings_surprise_project | forecast 603066.SH failed after retries: 抱歉，您访问接口(forecast)频率超限(200次/分钟)，具体频次详情：https://tushare.pro/document/1?doc_id=108。
2026-04-21 18:41:51 | WARNING | earnings_surprise_project | forecast 603062.SH failed after retries: 抱歉，您访问接口(forecast)频率超限(200次/分钟)，具体频次详情：https://tushare.pro/document/1?doc_id=108。
2026-04-21 18:41:55 | WARNING | earnings_surprise_project | forecast 603067.SH failed after retries: 抱歉，您访问接口(forecast)频率超限(200次/分钟)，具体频次详情：https://tushare.pro/document/1?doc_id=108。
2026-04-21 18:41:55 | WARNING | earnings_surprise_project | forecast 603068.SH failed after retries: 抱歉，您访问接口(forecast)频率超限(200次/分钟)，具体频次详情：https://tushare.pro/document/1?doc_id=108。
2026-04-21 18:41:55 | WARNING | earnings_surprise_project | forecast 603070.SH failed after retries: 抱歉，您访问接口(forecast)频率超限(200次/分钟)，具体频次详情：https://tushare.pro/document/1?doc_id=108。
2026-04-21 18:41:55 | WARNING | earnings_surprise_project | forecast 603069.SH failed after retries: 抱歉，您访问接口(forecast)频率超限(200次/分钟)，具体频次详情：https://tushare.pro/document/1?doc_id=108。
2026-04-21 18:41:55 | WARNING | earnings_surprise_project | forecast 603075.SH failed after retries: 抱歉，您访问接口(forecast)频率超限(200次/分钟)，具体频次详情：https://tushare.pro/document/1?doc_id=108。
2026-04-21 18:41:55 | WARNING | earnings_surprise_project | forecast 603071.SH failed after retries: 抱歉，您访问接口(forecast)频率超限(200次/分钟)，具体频次详情：https://tushare.pro/document/1?doc_id=108。
2026-04-21 18:41:55 | WARNING | earnings_surprise_project | forecast 603073.SH failed after retries: 抱歉，您访问接口(forecast)频率超限(200次/分钟)，具体频次详情：https://tushare.pro/document/1?doc_id=108。
2026-04-21 18:41:55 | WARNING | earnings_surprise_project | forecast 603072.SH failed after retries: 抱歉，您访问接口(forecast)频率超限(200次/分钟)，具体频次详情：https://tushare.pro/document/1?doc_id=108。
2026-04-21 18:41:59 | WARNING | earnings_surprise_project | forecast 603076.SH failed after retries: 抱歉，您访问接口(forecast)频率超限(200次/分钟)，具体频次详情：https://tushare.pro/document/1?doc_id=108。
2026-04-21 18:42:00 | WARNING | earnings_surprise_project | forecast 603077.SH failed after retries: 抱歉，您访问接口(forecast)频率超限(200次/分钟)，具体频次详情：https://tushare.pro/document/1?doc_id=108。
2026-04-21 18:42:00 | WARNING | earnings_surprise_project | forecast 603078.SH failed after retries: 抱歉，您访问接口(forecast)频率超限(200次/分钟)，具体频次详情：https://tushare.pro/document/1?doc_id=108。
2026-04-21 18:42:00 | WARNING | earnings_surprise_project | forecast 603079.SH failed after retries: 抱歉，您访问接口(forecast)频率超限(200次/分钟)，具体频次详情：https://tushare.pro/document/1?doc_id=108。
2026-04-21 18:42:00 | WARNING | earnings_surprise_project | forecast 603080.SH failed after retries: 抱歉，您访问接口(forecast)频率超限(200次/分钟)，具体频次详情：https://tushare.pro/document/1?doc_id=108。
2026-04-21 18:42:00 | WARNING | earnings_surprise_project | forecast 603081.SH failed after retries: 抱歉，您访问接口(forecast)频率超限(200次/分钟)，具体频次详情：https://tushare.pro/document/1?doc_id=108。
2026-04-21 18:42:00 | WARNING | earnings_surprise_project | forecast 603082.SH failed after retries: 抱歉，您访问接口(forecast)频率超限(200次/分钟)，具体频次详情：https://tushare.pro/document/1?doc_id=108。
2026-04-21 18:42:00 | WARNING | earnings_surprise_project | forecast 603083.SH failed after retries: 抱歉，您访问接口(forecast)频率超限(200次/分钟)，具体频次详情：https://tushare.pro/document/1?doc_id=108。
2026-04-21 18:42:04 | WARNING | earnings_surprise_project | forecast 603085.SH failed after retries: 抱歉，您访问接口(forecast)频率超限(200次/分钟)，具体频次详情：https://tushare.pro/document/1?doc_id=108。
2026-04-21 18:42:04 | WARNING | earnings_surprise_project | forecast 603086.SH failed after retries: 抱歉，您访问接口(forecast)频率超限(200次/分钟)，具体频次详情：https://tushare.pro/document/1?doc_id=108。
2026-04-21 18:42:04 | WARNING | earnings_surprise_project | forecast 603088.SH failed after retries: 抱歉，您访问接口(forecast)频率超限(200次/分钟)，具体频次详情：https://tushare.pro/document/1?doc_id=108。
2026-04-21 18:42:04 | WARNING | earnings_surprise_project | forecast 603087.SH failed after retries: 抱歉，您访问接口(forecast)频率超限(200次/分钟)，具体频次详情：https://tushare.pro/document/1?doc_id=108。
2026-04-21 18:42:04 | WARNING | earnings_surprise_project | forecast 603091.SH failed after retries: 抱歉，您访问接口(forecast)频率超限(200次/分钟)，具体频次详情：https://tushare.pro/document/1?doc_id=108。
2026-04-21 18:42:04 | WARNING | earnings_surprise_project | forecast 603092.SH failed after retries: 抱歉，您访问接口(forecast)频率超限(200次/分钟)，具体频次详情：https://tushare.pro/document/1?doc_id=108。
2026-04-21 18:42:05 | WARNING | earnings_surprise_project | forecast 603090.SH failed after retries: 抱歉，您访问接口(forecast)频率超限(200次/分钟)，具体频次详情：https://tushare.pro/document/1?doc_id=108。
2026-04-21 18:42:05 | WARNING | earnings_surprise_project | forecast 603089.SH failed after retries: 抱歉，您访问接口(forecast)频率超限(200次/分钟)，具体频次详情：https://tushare.pro/document/1?doc_id=108。
2026-04-21 18:42:08 | WARNING | earnings_surprise_project | forecast 603093.SH failed after retries: 抱歉，您访问接口(forecast)频率超限(200次/分钟)，具体频次详情：https://tushare.pro/document/1?doc_id=108。
2026-04-21 18:42:08 | WARNING | earnings_surprise_project | forecast 603095.SH failed after retries: 抱歉，您访问接口(forecast)频率超限(200次/分钟)，具体频次详情：https://tushare.pro/document/1?doc_id=108。
2026-04-21 18:42:09 | WARNING | earnings_surprise_project | forecast 603096.SH failed after retries: 抱歉，您访问接口(forecast)频率超限(200次/分钟)，具体频次详情：https://tushare.pro/document/1?doc_id=108。
2026-04-21 18:42:09 | WARNING | earnings_surprise_project | forecast 603098.SH failed after retries: 抱歉，您访问接口(forecast)频率超限(200次/分钟)，具体频次详情：https://tushare.pro/document/1?doc_id=108。
2026-04-21 18:42:09 | WARNING | earnings_surprise_project | forecast 603097.SH failed after retries: 抱歉，您访问接口(forecast)频率超限(200次/分钟)，具体频次详情：https://tushare.pro/document/1?doc_id=108。
2026-04-21 18:42:09 | WARNING | earnings_surprise_project | forecast 603099.SH failed after retries: 抱歉，您访问接口(forecast)频率超限(200次/分钟)，具体频次详情：https://tushare.pro/document/1?doc_id=108。
2026-04-21 18:42:09 | WARNING | earnings_surprise_project | forecast 603100.SH failed after retries: 抱歉，您访问接口(forecast)频率超限(200次/分钟)，具体频次详情：https://tushare.pro/document/1?doc_id=108。
2026-04-21 18:42:09 | WARNING | earnings_surprise_project | forecast 603101.SH failed after retries: 抱歉，您访问接口(forecast)频率超限(200次/分钟)，具体频次详情：https://tushare.pro/document/1?doc_id=108。
2026-04-21 18:42:13 | WARNING | earnings_surprise_project | forecast 603102.SH failed after retries: 抱歉，您访问接口(forecast)频率超限(200次/分钟)，具体频次详情：https://tushare.pro/document/1?doc_id=108。
2026-04-21 18:42:13 | WARNING | earnings_surprise_project | forecast 603103.SH failed after retries: 抱歉，您访问接口(forecast)频率超限(200次/分钟)，具体频次详情：https://tushare.pro/document/1?doc_id=108。
2026-04-21 18:42:13 | WARNING | earnings_surprise_project | forecast 603105.SH failed after retries: 抱歉，您访问接口(forecast)频率超限(200次/分钟)，具体频次详情：https://tushare.pro/document/1?doc_id=108。
2026-04-21 18:42:13 | WARNING | earnings_surprise_project | forecast 603106.SH failed after retries: 抱歉，您访问接口(forecast)频率超限(200次/分钟)，具体频次详情：https://tushare.pro/document/1?doc_id=108。
2026-04-21 18:42:13 | WARNING | earnings_surprise_project | forecast 603107.SH failed after retries: 抱歉，您访问接口(forecast)频率超限(200次/分钟)，具体频次详情：https://tushare.pro/document/1?doc_id=108。
2026-04-21 18:42:13 | WARNING | earnings_surprise_project | forecast 603108.SH failed after retries: 抱歉，您访问接口(forecast)频率超限(200次/分钟)，具体频次详情：https://tushare.pro/document/1?doc_id=108。
2026-04-21 18:42:13 | WARNING | earnings_surprise_project | forecast 603109.SH failed after retries: 抱歉，您访问接口(forecast)频率超限(200次/分钟)，具体频次详情：https://tushare.pro/document/1?doc_id=108。
2026-04-21 18:42:13 | WARNING | earnings_surprise_project | forecast 603110.SH failed after retries: 抱歉，您访问接口(forecast)频率超限(200次/分钟)，具体频次详情：https://tushare.pro/document/1?doc_id=108。
2026-04-21 18:42:17 | WARNING | earnings_surprise_project | forecast 603111.SH failed after retries: 抱歉，您访问接口(forecast)频率超限(200次/分钟)，具体频次详情：https://tushare.pro/document/1?doc_id=108。
2026-04-21 18:42:17 | WARNING | earnings_surprise_project | forecast 603112.SH failed after retries: 抱歉，您访问接口(forecast)频率超限(200次/分钟)，具体频次详情：https://tushare.pro/document/1?doc_id=108。
2026-04-21 18:42:17 | WARNING | earnings_surprise_project | forecast 603113.SH failed after retries: 抱歉，您访问接口(forecast)频率超限(200次/分钟)，具体频次详情：https://tushare.pro/document/1?doc_id=108。
2026-04-21 18:42:17 | WARNING | earnings_surprise_project | forecast 603115.SH failed after retries: 抱歉，您访问接口(forecast)频率超限(200次/分钟)，具体频次详情：https://tushare.pro/document/1?doc_id=108。
2026-04-21 18:42:18 | WARNING | earnings_surprise_project | forecast 603119.SH failed after retries: 抱歉，您访问接口(forecast)频率超限(200次/分钟)，具体频次详情：https://tushare.pro/document/1?doc_id=108。
2026-04-21 18:42:18 | WARNING | earnings_surprise_project | forecast 603117.SH failed after retries: 抱歉，您访问接口(forecast)频率超限(200次/分钟)，具体频次详情：https://tushare.pro/document/1?doc_id=108。
2026-04-21 18:42:18 | WARNING | earnings_surprise_project | forecast 603116.SH failed after retries: 抱歉，您访问接口(forecast)频率超限(200次/分钟)，具体频次详情：https://tushare.pro/document/1?doc_id=108。
2026-04-21 18:42:18 | WARNING | earnings_surprise_project | forecast 603118.SH failed after retries: 抱歉，您访问接口(forecast)频率超限(200次/分钟)，具体频次详情：https://tushare.pro/document/1?doc_id=108。
2026-04-21 18:42:21 | WARNING | earnings_surprise_project | forecast 603120.SH failed after retries: 抱歉，您访问接口(forecast)频率超限(200次/分钟)，具体频次详情：https://tushare.pro/document/1?doc_id=108。
2026-04-21 18:42:21 | WARNING | earnings_surprise_project | forecast 603121.SH failed after retries: 抱歉，您访问接口(forecast)频率超限(200次/分钟)，具体频次详情：https://tushare.pro/document/1?doc_id=108。
2026-04-21 18:42:22 | WARNING | earnings_surprise_project | forecast 603122.SH failed after retries: 抱歉，您访问接口(forecast)频率超限(200次/分钟)，具体频次详情：https://tushare.pro/document/1?doc_id=108。
2026-04-21 18:42:22 | WARNING | earnings_surprise_project | forecast 603123.SH failed after retries: 抱歉，您访问接口(forecast)频率超限(200次/分钟)，具体频次详情：https://tushare.pro/document/1?doc_id=108。
2026-04-21 18:42:22 | WARNING | earnings_surprise_project | forecast 603125.SH failed after retries: 抱歉，您访问接口(forecast)频率超限(200次/分钟)，具体频次详情：https://tushare.pro/document/1?doc_id=108。
2026-04-21 18:42:22 | WARNING | earnings_surprise_project | forecast 603124.SH failed after retries: 抱歉，您访问接口(forecast)频率超限(200次/分钟)，具体频次详情：https://tushare.pro/document/1?doc_id=108。
2026-04-21 18:42:22 | WARNING | earnings_surprise_project | forecast 603127.SH failed after retries: 抱歉，您访问接口(forecast)频率超限(200次/分钟)，具体频次详情：https://tushare.pro/document/1?doc_id=108。
2026-04-21 18:42:22 | WARNING | earnings_surprise_project | forecast 603126.SH failed after retries: 抱歉，您访问接口(forecast)频率超限(200次/分钟)，具体频次详情：https://tushare.pro/document/1?doc_id=108。
2026-04-21 18:42:26 | WARNING | earnings_surprise_project | forecast 603128.SH failed after retries: 抱歉，您访问接口(forecast)频率超限(200次/分钟)，具体频次详情：https://tushare.pro/document/1?doc_id=108。
2026-04-21 18:42:26 | WARNING | earnings_surprise_project | forecast 603129.SH failed after retries: 抱歉，您访问接口(forecast)频率超限(200次/分钟)，具体频次详情：https://tushare.pro/document/1?doc_id=108。
2026-04-21 18:42:26 | WARNING | earnings_surprise_project | forecast 603130.SH failed after retries: 抱歉，您访问接口(forecast)频率超限(200次/分钟)，具体频次详情：https://tushare.pro/document/1?doc_id=108。
2026-04-21 18:42:26 | WARNING | earnings_surprise_project | forecast 603131.SH failed after retries: 抱歉，您访问接口(forecast)频率超限(200次/分钟)，具体频次详情：https://tushare.pro/document/1?doc_id=108。
2026-04-21 18:42:26 | WARNING | earnings_surprise_project | forecast 603132.SH failed after retries: 抱歉，您访问接口(forecast)频率超限(200次/分钟)，具体频次详情：https://tushare.pro/document/1?doc_id=108。
2026-04-21 18:42:26 | WARNING | earnings_surprise_project | forecast 603135.SH failed after retries: 抱歉，您访问接口(forecast)频率超限(200次/分钟)，具体频次详情：https://tushare.pro/document/1?doc_id=108。
2026-04-21 18:42:26 | WARNING | earnings_surprise_project | forecast 603136.SH failed after retries: 抱歉，您访问接口(forecast)频率超限(200次/分钟)，具体频次详情：https://tushare.pro/document/1?doc_id=108。
2026-04-21 18:42:27 | WARNING | earnings_surprise_project | forecast 603137.SH failed after retries: 抱歉，您访问接口(forecast)频率超限(200次/分钟)，具体频次详情：https://tushare.pro/document/1?doc_id=108。
2026-04-21 18:42:30 | WARNING | earnings_surprise_project | forecast 603138.SH failed after retries: 抱歉，您访问接口(forecast)频率超限(200次/分钟)，具体频次详情：https://tushare.pro/document/1?doc_id=108。
2026-04-21 18:42:30 | WARNING | earnings_surprise_project | forecast 603139.SH failed after retries: 抱歉，您访问接口(forecast)频率超限(200次/分钟)，具体频次详情：https://tushare.pro/document/1?doc_id=108。
2026-04-21 18:42:50 | WARNING | earnings_surprise_project | forecast 603406.SH failed after retries: 抱歉，您访问接口(forecast)频率超限(200次/分钟)，具体频次详情：https://tushare.pro/document/1?doc_id=108。
2026-04-21 18:42:50 | WARNING | earnings_surprise_project | forecast 603402.SH failed after retries: 抱歉，您访问接口(forecast)频率超限(200次/分钟)，具体频次详情：https://tushare.pro/document/1?doc_id=108。
2026-04-21 18:42:50 | WARNING | earnings_surprise_project | forecast 603408.SH failed after retries: 抱歉，您访问接口(forecast)频率超限(200次/分钟)，具体频次详情：https://tushare.pro/document/1?doc_id=108。
2026-04-21 18:42:51 | WARNING | earnings_surprise_project | forecast 603409.SH failed after retries: 抱歉，您访问接口(forecast)频率超限(200次/分钟)，具体频次详情：https://tushare.pro/document/1?doc_id=108。
2026-04-21 18:42:51 | WARNING | earnings_surprise_project | forecast 603416.SH failed after retries: 抱歉，您访问接口(forecast)频率超限(200次/分钟)，具体频次详情：https://tushare.pro/document/1?doc_id=108。
2026-04-21 18:42:51 | WARNING | earnings_surprise_project | forecast 603418.SH failed after retries: 抱歉，您访问接口(forecast)频率超限(200次/分钟)，具体频次详情：https://tushare.pro/document/1?doc_id=108。
2026-04-21 18:42:51 | WARNING | earnings_surprise_project | forecast 603421.SH failed after retries: 抱歉，您访问接口(forecast)频率超限(200次/分钟)，具体频次详情：https://tushare.pro/document/1?doc_id=108。
2026-04-21 18:42:51 | WARNING | earnings_surprise_project | forecast 603429.SH failed after retries: 抱歉，您访问接口(forecast)频率超限(200次/分钟)，具体频次详情：https://tushare.pro/document/1?doc_id=108。
2026-04-21 18:42:55 | WARNING | earnings_surprise_project | forecast 603456.SH failed after retries: 抱歉，您访问接口(forecast)频率超限(200次/分钟)，具体频次详情：https://tushare.pro/document/1?doc_id=108。
2026-04-21 18:42:55 | WARNING | earnings_surprise_project | forecast 603439.SH failed after retries: 抱歉，您访问接口(forecast)频率超限(200次/分钟)，具体频次详情：https://tushare.pro/document/1?doc_id=108。
2026-04-21 18:42:55 | WARNING | earnings_surprise_project | forecast 603444.SH failed after retries: 抱歉，您访问接口(forecast)频率超限(200次/分钟)，具体频次详情：https://tushare.pro/document/1?doc_id=108。
2026-04-21 18:42:55 | WARNING | earnings_surprise_project | forecast 603458.SH failed after retries: 抱歉，您访问接口(forecast)频率超限(200次/分钟)，具体频次详情：https://tushare.pro/document/1?doc_id=108。
2026-04-21 18:42:55 | WARNING | earnings_surprise_project | forecast 603459.SH failed after retries: 抱歉，您访问接口(forecast)频率超限(200次/分钟)，具体频次详情：https://tushare.pro/document/1?doc_id=108。
2026-04-21 18:42:55 | WARNING | earnings_surprise_project | forecast 603466.SH failed after retries: 抱歉，您访问接口(forecast)频率超限(200次/分钟)，具体频次详情：https://tushare.pro/document/1?doc_id=108。
2026-04-21 18:42:55 | WARNING | earnings_surprise_project | forecast 603486.SH failed after retries: 抱歉，您访问接口(forecast)频率超限(200次/分钟)，具体频次详情：https://tushare.pro/document/1?doc_id=108。
2026-04-21 18:42:55 | WARNING | earnings_surprise_project | forecast 603477.SH failed after retries: 抱歉，您访问接口(forecast)频率超限(200次/分钟)，具体频次详情：https://tushare.pro/document/1?doc_id=108。
2026-04-21 18:42:59 | WARNING | earnings_surprise_project | forecast 603488.SH failed after retries: 抱歉，您访问接口(forecast)频率超限(200次/分钟)，具体频次详情：https://tushare.pro/document/1?doc_id=108。
2026-04-21 18:42:59 | WARNING | earnings_surprise_project | forecast 603489.SH failed after retries: 抱歉，您访问接口(forecast)频率超限(200次/分钟)，具体频次详情：https://tushare.pro/document/1?doc_id=108。
2026-04-21 18:42:59 | WARNING | earnings_surprise_project | forecast 603496.SH failed after retries: 抱歉，您访问接口(forecast)频率超限(200次/分钟)，具体频次详情：https://tushare.pro/document/1?doc_id=108。
2026-04-21 18:42:59 | WARNING | earnings_surprise_project | forecast 603500.SH failed after retries: 抱歉，您访问接口(forecast)频率超限(200次/分钟)，具体频次详情：https://tushare.pro/document/1?doc_id=108。
2026-04-21 18:42:59 | WARNING | earnings_surprise_project | forecast 603499.SH failed after retries: 抱歉，您访问接口(forecast)频率超限(200次/分钟)，具体频次详情：https://tushare.pro/document/1?doc_id=108。
2026-04-21 18:42:59 | WARNING | earnings_surprise_project | forecast 603501.SH failed after retries: 抱歉，您访问接口(forecast)频率超限(200次/分钟)，具体频次详情：https://tushare.pro/document/1?doc_id=108。
2026-04-21 18:43:00 | WARNING | earnings_surprise_project | forecast 603506.SH failed after retries: 抱歉，您访问接口(forecast)频率超限(200次/分钟)，具体频次详情：https://tushare.pro/document/1?doc_id=108。
2026-04-21 18:43:00 | WARNING | earnings_surprise_project | forecast 603505.SH failed after retries: 抱歉，您访问接口(forecast)频率超限(200次/分钟)，具体频次详情：https://tushare.pro/document/1?doc_id=108。
2026-04-21 18:43:03 | WARNING | earnings_surprise_project | forecast 603508.SH failed after retries: 抱歉，您访问接口(forecast)频率超限(200次/分钟)，具体频次详情：https://tushare.pro/document/1?doc_id=108。
2026-04-21 18:43:03 | WARNING | earnings_surprise_project | forecast 603507.SH failed after retries: 抱歉，您访问接口(forecast)频率超限(200次/分钟)，具体频次详情：https://tushare.pro/document/1?doc_id=108。
2026-04-21 18:43:04 | WARNING | earnings_surprise_project | forecast 603511.SH failed after retries: 抱歉，您访问接口(forecast)频率超限(200次/分钟)，具体频次详情：https://tushare.pro/document/1?doc_id=108。
2026-04-21 18:43:04 | WARNING | earnings_surprise_project | forecast 603515.SH failed after retries: 抱歉，您访问接口(forecast)频率超限(200次/分钟)，具体频次详情：https://tushare.pro/document/1?doc_id=108。
2026-04-21 18:43:04 | WARNING | earnings_surprise_project | forecast 603516.SH failed after retries: 抱歉，您访问接口(forecast)频率超限(200次/分钟)，具体频次详情：https://tushare.pro/document/1?doc_id=108。
2026-04-21 18:43:04 | WARNING | earnings_surprise_project | forecast 603518.SH failed after retries: 抱歉，您访问接口(forecast)频率超限(200次/分钟)，具体频次详情：https://tushare.pro/document/1?doc_id=108。
2026-04-21 18:43:04 | WARNING | earnings_surprise_project | forecast 603517.SH failed after retries: 抱歉，您访问接口(forecast)频率超限(200次/分钟)，具体频次详情：https://tushare.pro/document/1?doc_id=108。
2026-04-21 18:43:04 | WARNING | earnings_surprise_project | forecast 603519.SH failed after retries: 抱歉，您访问接口(forecast)频率超限(200次/分钟)，具体频次详情：https://tushare.pro/document/1?doc_id=108。
2026-04-21 18:43:08 | WARNING | earnings_surprise_project | forecast 603527.SH failed after retries: 抱歉，您访问接口(forecast)频率超限(200次/分钟)，具体频次详情：https://tushare.pro/document/1?doc_id=108。
2026-04-21 18:43:08 | WARNING | earnings_surprise_project | forecast 603520.SH failed after retries: 抱歉，您访问接口(forecast)频率超限(200次/分钟)，具体频次详情：https://tushare.pro/document/1?doc_id=108。
2026-04-21 18:43:08 | WARNING | earnings_surprise_project | forecast 603528.SH failed after retries: 抱歉，您访问接口(forecast)频率超限(200次/分钟)，具体频次详情：https://tushare.pro/document/1?doc_id=108。
2026-04-21 18:43:08 | WARNING | earnings_surprise_project | forecast 603529.SH failed after retries: 抱歉，您访问接口(forecast)频率超限(200次/分钟)，具体频次详情：https://tushare.pro/document/1?doc_id=108。
2026-04-21 18:43:08 | WARNING | earnings_surprise_project | forecast 603535.SH failed after retries: 抱歉，您访问接口(forecast)频率超限(200次/分钟)，具体频次详情：https://tushare.pro/document/1?doc_id=108。
2026-04-21 18:43:08 | WARNING | earnings_surprise_project | forecast 603533.SH failed after retries: 抱歉，您访问接口(forecast)频率超限(200次/分钟)，具体频次详情：https://tushare.pro/document/1?doc_id=108。
2026-04-21 18:43:08 | WARNING | earnings_surprise_project | forecast 603530.SH failed after retries: 抱歉，您访问接口(forecast)频率超限(200次/分钟)，具体频次详情：https://tushare.pro/document/1?doc_id=108。
2026-04-21 18:43:08 | WARNING | earnings_surprise_project | forecast 603536.SH failed after retries: 抱歉，您访问接口(forecast)频率超限(200次/分钟)，具体频次详情：https://tushare.pro/document/1?doc_id=108。
2026-04-21 18:43:12 | WARNING | earnings_surprise_project | forecast 603551.SH failed after retries: 抱歉，您访问接口(forecast)频率超限(200次/分钟)，具体频次详情：https://tushare.pro/document/1?doc_id=108。
2026-04-21 18:43:12 | WARNING | earnings_surprise_project | forecast 603538.SH failed after retries: 抱歉，您访问接口(forecast)频率超限(200次/分钟)，具体频次详情：https://tushare.pro/document/1?doc_id=108。
2026-04-21 18:43:12 | WARNING | earnings_surprise_project | forecast 603556.SH failed after retries: 抱歉，您访问接口(forecast)频率超限(200次/分钟)，具体频次详情：https://tushare.pro/document/1?doc_id=108。
2026-04-21 18:43:12 | WARNING | earnings_surprise_project | forecast 603557.SH failed after retries: 抱歉，您访问接口(forecast)频率超限(200次/分钟)，具体频次详情：https://tushare.pro/document/1?doc_id=108。
2026-04-21 18:43:12 | WARNING | earnings_surprise_project | forecast 603558.SH failed after retries: 抱歉，您访问接口(forecast)频率超限(200次/分钟)，具体频次详情：https://tushare.pro/document/1?doc_id=108。
2026-04-21 18:43:12 | WARNING | earnings_surprise_project | forecast 603565.SH failed after retries: 抱歉，您访问接口(forecast)频率超限(200次/分钟)，具体频次详情：https://tushare.pro/document/1?doc_id=108。
2026-04-21 18:43:13 | WARNING | earnings_surprise_project | forecast 603559.SH failed after retries: 抱歉，您访问接口(forecast)频率超限(200次/分钟)，具体频次详情：https://tushare.pro/document/1?doc_id=108。
2026-04-21 18:43:13 | WARNING | earnings_surprise_project | forecast 603566.SH failed after retries: 抱歉，您访问接口(forecast)频率超限(200次/分钟)，具体频次详情：https://tushare.pro/document/1?doc_id=108。
2026-04-21 18:43:16 | WARNING | earnings_surprise_project | forecast 603567.SH failed after retries: 抱歉，您访问接口(forecast)频率超限(200次/分钟)，具体频次详情：https://tushare.pro/document/1?doc_id=108。
2026-04-21 18:43:17 | WARNING | earnings_surprise_project | forecast 603569.SH failed after retries: 抱歉，您访问接口(forecast)频率超限(200次/分钟)，具体频次详情：https://tushare.pro/document/1?doc_id=108。
2026-04-21 18:43:17 | WARNING | earnings_surprise_project | forecast 603577.SH failed after retries: 抱歉，您访问接口(forecast)频率超限(200次/分钟)，具体频次详情：https://tushare.pro/document/1?doc_id=108。
2026-04-21 18:43:17 | WARNING | earnings_surprise_project | forecast 603578.SH failed after retries: 抱歉，您访问接口(forecast)频率超限(200次/分钟)，具体频次详情：https://tushare.pro/document/1?doc_id=108。
2026-04-21 18:43:17 | WARNING | earnings_surprise_project | forecast 603568.SH failed after retries: 抱歉，您访问接口(forecast)频率超限(200次/分钟)，具体频次详情：https://tushare.pro/document/1?doc_id=108。
2026-04-21 18:43:17 | WARNING | earnings_surprise_project | forecast 603580.SH failed after retries: 抱歉，您访问接口(forecast)频率超限(200次/分钟)，具体频次详情：https://tushare.pro/document/1?doc_id=108。
2026-04-21 18:43:17 | WARNING | earnings_surprise_project | forecast 603579.SH failed after retries: 抱歉，您访问接口(forecast)频率超限(200次/分钟)，具体频次详情：https://tushare.pro/document/1?doc_id=108。
2026-04-21 18:43:17 | WARNING | earnings_surprise_project | forecast 603583.SH failed after retries: 抱歉，您访问接口(forecast)频率超限(200次/分钟)，具体频次详情：https://tushare.pro/document/1?doc_id=108。
2026-04-21 18:43:21 | WARNING | earnings_surprise_project | forecast 603585.SH failed after retries: 抱歉，您访问接口(forecast)频率超限(200次/分钟)，具体频次详情：https://tushare.pro/document/1?doc_id=108。
2026-04-21 18:43:21 | WARNING | earnings_surprise_project | forecast 603587.SH failed after retries: 抱歉，您访问接口(forecast)频率超限(200次/分钟)，具体频次详情：https://tushare.pro/document/1?doc_id=108。
2026-04-21 18:43:21 | WARNING | earnings_surprise_project | forecast 603589.SH failed after retries: 抱歉，您访问接口(forecast)频率超限(200次/分钟)，具体频次详情：https://tushare.pro/document/1?doc_id=108。
2026-04-21 18:43:21 | WARNING | earnings_surprise_project | forecast 603586.SH failed after retries: 抱歉，您访问接口(forecast)频率超限(200次/分钟)，具体频次详情：https://tushare.pro/document/1?doc_id=108。
2026-04-21 18:43:21 | WARNING | earnings_surprise_project | forecast 603588.SH failed after retries: 抱歉，您访问接口(forecast)频率超限(200次/分钟)，具体频次详情：https://tushare.pro/document/1?doc_id=108。
2026-04-21 18:43:21 | WARNING | earnings_surprise_project | forecast 603595.SH failed after retries: 抱歉，您访问接口(forecast)频率超限(200次/分钟)，具体频次详情：https://tushare.pro/document/1?doc_id=108。
2026-04-21 18:43:21 | WARNING | earnings_surprise_project | forecast 603590.SH failed after retries: 抱歉，您访问接口(forecast)频率超限(200次/分钟)，具体频次详情：https://tushare.pro/document/1?doc_id=108。
2026-04-21 18:43:21 | WARNING | earnings_surprise_project | forecast 603596.SH failed after retries: 抱歉，您访问接口(forecast)频率超限(200次/分钟)，具体频次详情：https://tushare.pro/document/1?doc_id=108。
2026-04-21 18:43:25 | WARNING | earnings_surprise_project | forecast 603598.SH failed after retries: 抱歉，您访问接口(forecast)频率超限(200次/分钟)，具体频次详情：https://tushare.pro/document/1?doc_id=108。
2026-04-21 18:43:25 | WARNING | earnings_surprise_project | forecast 603600.SH failed after retries: 抱歉，您访问接口(forecast)频率超限(200次/分钟)，具体频次详情：https://tushare.pro/document/1?doc_id=108。
2026-04-21 18:43:25 | WARNING | earnings_surprise_project | forecast 603599.SH failed after retries: 抱歉，您访问接口(forecast)频率超限(200次/分钟)，具体频次详情：https://tushare.pro/document/1?doc_id=108。
2026-04-21 18:43:25 | WARNING | earnings_surprise_project | forecast 603602.SH failed after retries: 抱歉，您访问接口(forecast)频率超限(200次/分钟)，具体频次详情：https://tushare.pro/document/1?doc_id=108。
2026-04-21 18:43:25 | WARNING | earnings_surprise_project | forecast 603601.SH failed after retries: 抱歉，您访问接口(forecast)频率超限(200次/分钟)，具体频次详情：https://tushare.pro/document/1?doc_id=108。
2026-04-21 18:43:25 | WARNING | earnings_surprise_project | forecast 603606.SH failed after retries: 抱歉，您访问接口(forecast)频率超限(200次/分钟)，具体频次详情：https://tushare.pro/document/1?doc_id=108。
2026-04-21 18:43:25 | WARNING | earnings_surprise_project | forecast 603605.SH failed after retries: 抱歉，您访问接口(forecast)频率超限(200次/分钟)，具体频次详情：https://tushare.pro/document/1?doc_id=108。
2026-04-21 18:43:25 | WARNING | earnings_surprise_project | forecast 603607.SH failed after retries: 抱歉，您访问接口(forecast)频率超限(200次/分钟)，具体频次详情：https://tushare.pro/document/1?doc_id=108。
2026-04-21 18:43:28 | WARNING | earnings_surprise_project | forecast 603608.SH failed after retries: 抱歉，您访问接口(forecast)频率超限(200次/分钟)，具体频次详情：https://tushare.pro/document/1?doc_id=108。
2026-04-21 18:43:28 | WARNING | earnings_surprise_project | forecast 603611.SH failed after retries: 抱歉，您访问接口(forecast)频率超限(200次/分钟)，具体频次详情：https://tushare.pro/document/1?doc_id=108。
2026-04-21 18:43:28 | WARNING | earnings_surprise_project | forecast 603609.SH failed after retries: 抱歉，您访问接口(forecast)频率超限(200次/分钟)，具体频次详情：https://tushare.pro/document/1?doc_id=108。
2026-04-21 18:43:28 | WARNING | earnings_surprise_project | forecast 603610.SH failed after retries: 抱歉，您访问接口(forecast)频率超限(200次/分钟)，具体频次详情：https://tushare.pro/document/1?doc_id=108。
2026-04-21 18:43:28 | WARNING | earnings_surprise_project | forecast 603612.SH failed after retries: 抱歉，您访问接口(forecast)频率超限(200次/分钟)，具体频次详情：https://tushare.pro/document/1?doc_id=108。
2026-04-21 18:43:29 | WARNING | earnings_surprise_project | forecast 603615.SH failed after retries: 抱歉，您访问接口(forecast)频率超限(200次/分钟)，具体频次详情：https://tushare.pro/document/1?doc_id=108。
2026-04-21 18:43:29 | WARNING | earnings_surprise_project | forecast 603613.SH failed after retries: 抱歉，您访问接口(forecast)频率超限(200次/分钟)，具体频次详情：https://tushare.pro/document/1?doc_id=108。
2026-04-21 18:43:29 | WARNING | earnings_surprise_project | forecast 603616.SH failed after retries: 抱歉，您访问接口(forecast)频率超限(200次/分钟)，具体频次详情：https://tushare.pro/document/1?doc_id=108。
2026-04-21 18:43:42 | WARNING | earnings_surprise_project | forecast 603990.SH failed after retries: 抱歉，您访问接口(forecast)频率超限(200次/分钟)，具体频次详情：https://tushare.pro/document/1?doc_id=108。
2026-04-21 18:43:42 | WARNING | earnings_surprise_project | forecast 603991.SH failed after retries: 抱歉，您访问接口(forecast)频率超限(200次/分钟)，具体频次详情：https://tushare.pro/document/1?doc_id=108。
2026-04-21 18:43:42 | WARNING | earnings_surprise_project | forecast 603992.SH failed after retries: 抱歉，您访问接口(forecast)频率超限(200次/分钟)，具体频次详情：https://tushare.pro/document/1?doc_id=108。
2026-04-21 18:43:42 | WARNING | earnings_surprise_project | forecast 603995.SH failed after retries: 抱歉，您访问接口(forecast)频率超限(200次/分钟)，具体频次详情：https://tushare.pro/document/1?doc_id=108。
2026-04-21 18:43:42 | WARNING | earnings_surprise_project | forecast 603993.SH failed after retries: 抱歉，您访问接口(forecast)频率超限(200次/分钟)，具体频次详情：https://tushare.pro/document/1?doc_id=108。
2026-04-21 18:43:42 | WARNING | earnings_surprise_project | forecast 603999.SH failed after retries: 抱歉，您访问接口(forecast)频率超限(200次/分钟)，具体频次详情：https://tushare.pro/document/1?doc_id=108。
2026-04-21 18:43:42 | WARNING | earnings_surprise_project | forecast 603997.SH failed after retries: 抱歉，您访问接口(forecast)频率超限(200次/分钟)，具体频次详情：https://tushare.pro/document/1?doc_id=108。
2026-04-21 18:43:42 | WARNING | earnings_surprise_project | forecast 603998.SH failed after retries: 抱歉，您访问接口(forecast)频率超限(200次/分钟)，具体频次详情：https://tushare.pro/document/1?doc_id=108。
2026-04-21 18:43:45 | WARNING | earnings_surprise_project | forecast 605003.SH failed after retries: 抱歉，您访问接口(forecast)频率超限(200次/分钟)，具体频次详情：https://tushare.pro/document/1?doc_id=108。
2026-04-21 18:43:45 | WARNING | earnings_surprise_project | forecast 605001.SH failed after retries: 抱歉，您访问接口(forecast)频率超限(200次/分钟)，具体频次详情：https://tushare.pro/document/1?doc_id=108。
2026-04-21 18:43:45 | WARNING | earnings_surprise_project | forecast 605005.SH failed after retries: 抱歉，您访问接口(forecast)频率超限(200次/分钟)，具体频次详情：https://tushare.pro/document/1?doc_id=108。
2026-04-21 18:43:45 | WARNING | earnings_surprise_project | forecast 605006.SH failed after retries: 抱歉，您访问接口(forecast)频率超限(200次/分钟)，具体频次详情：https://tushare.pro/document/1?doc_id=108。
2026-04-21 18:43:45 | WARNING | earnings_surprise_project | forecast 605007.SH failed after retries: 抱歉，您访问接口(forecast)频率超限(200次/分钟)，具体频次详情：https://tushare.pro/document/1?doc_id=108。
2026-04-21 18:43:45 | WARNING | earnings_surprise_project | forecast 605008.SH failed after retries: 抱歉，您访问接口(forecast)频率超限(200次/分钟)，具体频次详情：https://tushare.pro/document/1?doc_id=108。
2026-04-21 18:43:45 | WARNING | earnings_surprise_project | forecast 605011.SH failed after retries: 抱歉，您访问接口(forecast)频率超限(200次/分钟)，具体频次详情：https://tushare.pro/document/1?doc_id=108。
2026-04-21 18:43:45 | WARNING | earnings_surprise_project | forecast 605009.SH failed after retries: 抱歉，您访问接口(forecast)频率超限(200次/分钟)，具体频次详情：https://tushare.pro/document/1?doc_id=108。
2026-04-21 18:43:48 | WARNING | earnings_surprise_project | forecast 605018.SH failed after retries: 抱歉，您访问接口(forecast)频率超限(200次/分钟)，具体频次详情：https://tushare.pro/document/1?doc_id=108。
2026-04-21 18:43:48 | WARNING | earnings_surprise_project | forecast 605020.SH failed after retries: 抱歉，您访问接口(forecast)频率超限(200次/分钟)，具体频次详情：https://tushare.pro/document/1?doc_id=108。
2026-04-21 18:43:48 | WARNING | earnings_surprise_project | forecast 605016.SH failed after retries: 抱歉，您访问接口(forecast)频率超限(200次/分钟)，具体频次详情：https://tushare.pro/document/1?doc_id=108。
2026-04-21 18:43:48 | WARNING | earnings_surprise_project | forecast 605028.SH failed after retries: 抱歉，您访问接口(forecast)频率超限(200次/分钟)，具体频次详情：https://tushare.pro/document/1?doc_id=108。
2026-04-21 18:43:48 | WARNING | earnings_surprise_project | forecast 605033.SH failed after retries: 抱歉，您访问接口(forecast)频率超限(200次/分钟)，具体频次详情：https://tushare.pro/document/1?doc_id=108。
2026-04-21 18:43:48 | WARNING | earnings_surprise_project | forecast 605050.SH failed after retries: 抱歉，您访问接口(forecast)频率超限(200次/分钟)，具体频次详情：https://tushare.pro/document/1?doc_id=108。
2026-04-21 18:43:48 | WARNING | earnings_surprise_project | forecast 605055.SH failed after retries: 抱歉，您访问接口(forecast)频率超限(200次/分钟)，具体频次详情：https://tushare.pro/document/1?doc_id=108。
2026-04-21 18:43:48 | WARNING | earnings_surprise_project | forecast 605056.SH failed after retries: 抱歉，您访问接口(forecast)频率超限(200次/分钟)，具体频次详情：https://tushare.pro/document/1?doc_id=108。
2026-04-21 18:43:51 | WARNING | earnings_surprise_project | forecast 605060.SH failed after retries: 抱歉，您访问接口(forecast)频率超限(200次/分钟)，具体频次详情：https://tushare.pro/document/1?doc_id=108。
2026-04-21 18:43:51 | WARNING | earnings_surprise_project | forecast 605058.SH failed after retries: 抱歉，您访问接口(forecast)频率超限(200次/分钟)，具体频次详情：https://tushare.pro/document/1?doc_id=108。
2026-04-21 18:43:52 | WARNING | earnings_surprise_project | forecast 605066.SH failed after retries: 抱歉，您访问接口(forecast)频率超限(200次/分钟)，具体频次详情：https://tushare.pro/document/1?doc_id=108。
2026-04-21 18:43:52 | WARNING | earnings_surprise_project | forecast 605068.SH failed after retries: 抱歉，您访问接口(forecast)频率超限(200次/分钟)，具体频次详情：https://tushare.pro/document/1?doc_id=108。
2026-04-21 18:43:52 | WARNING | earnings_surprise_project | forecast 605069.SH failed after retries: 抱歉，您访问接口(forecast)频率超限(200次/分钟)，具体频次详情：https://tushare.pro/document/1?doc_id=108。
2026-04-21 18:43:52 | WARNING | earnings_surprise_project | forecast 605081.SH failed after retries: 抱歉，您访问接口(forecast)频率超限(200次/分钟)，具体频次详情：https://tushare.pro/document/1?doc_id=108。
2026-04-21 18:43:52 | WARNING | earnings_surprise_project | forecast 605080.SH failed after retries: 抱歉，您访问接口(forecast)频率超限(200次/分钟)，具体频次详情：https://tushare.pro/document/1?doc_id=108。
2026-04-21 18:43:52 | WARNING | earnings_surprise_project | forecast 605077.SH failed after retries: 抱歉，您访问接口(forecast)频率超限(200次/分钟)，具体频次详情：https://tushare.pro/document/1?doc_id=108。
2026-04-21 18:43:55 | WARNING | earnings_surprise_project | forecast 605090.SH failed after retries: 抱歉，您访问接口(forecast)频率超限(200次/分钟)，具体频次详情：https://tushare.pro/document/1?doc_id=108。
2026-04-21 18:43:55 | WARNING | earnings_surprise_project | forecast 605088.SH failed after retries: 抱歉，您访问接口(forecast)频率超限(200次/分钟)，具体频次详情：https://tushare.pro/document/1?doc_id=108。
2026-04-21 18:43:55 | WARNING | earnings_surprise_project | forecast 605086.SH failed after retries: 抱歉，您访问接口(forecast)频率超限(200次/分钟)，具体频次详情：https://tushare.pro/document/1?doc_id=108。
2026-04-21 18:43:55 | WARNING | earnings_surprise_project | forecast 605089.SH failed after retries: 抱歉，您访问接口(forecast)频率超限(200次/分钟)，具体频次详情：https://tushare.pro/document/1?doc_id=108。
2026-04-21 18:43:55 | WARNING | earnings_surprise_project | forecast 605098.SH failed after retries: 抱歉，您访问接口(forecast)频率超限(200次/分钟)，具体频次详情：https://tushare.pro/document/1?doc_id=108。
2026-04-21 18:43:55 | WARNING | earnings_surprise_project | forecast 605099.SH failed after retries: 抱歉，您访问接口(forecast)频率超限(200次/分钟)，具体频次详情：https://tushare.pro/document/1?doc_id=108。
2026-04-21 18:43:55 | WARNING | earnings_surprise_project | forecast 605108.SH failed after retries: 抱歉，您访问接口(forecast)频率超限(200次/分钟)，具体频次详情：https://tushare.pro/document/1?doc_id=108。
2026-04-21 18:43:55 | WARNING | earnings_surprise_project | forecast 605100.SH failed after retries: 抱歉，您访问接口(forecast)频率超限(200次/分钟)，具体频次详情：https://tushare.pro/document/1?doc_id=108。
2026-04-21 18:43:58 | WARNING | earnings_surprise_project | forecast 605116.SH failed after retries: 抱歉，您访问接口(forecast)频率超限(200次/分钟)，具体频次详情：https://tushare.pro/document/1?doc_id=108。
2026-04-21 18:43:58 | WARNING | earnings_surprise_project | forecast 605117.SH failed after retries: 抱歉，您访问接口(forecast)频率超限(200次/分钟)，具体频次详情：https://tushare.pro/document/1?doc_id=108。
2026-04-21 18:43:58 | WARNING | earnings_surprise_project | forecast 605111.SH failed after retries: 抱歉，您访问接口(forecast)频率超限(200次/分钟)，具体频次详情：https://tushare.pro/document/1?doc_id=108。
2026-04-21 18:43:58 | WARNING | earnings_surprise_project | forecast 605122.SH failed after retries: 抱歉，您访问接口(forecast)频率超限(200次/分钟)，具体频次详情：https://tushare.pro/document/1?doc_id=108。
2026-04-21 18:43:58 | WARNING | earnings_surprise_project | forecast 605118.SH failed after retries: 抱歉，您访问接口(forecast)频率超限(200次/分钟)，具体频次详情：https://tushare.pro/document/1?doc_id=108。
2026-04-21 18:43:58 | WARNING | earnings_surprise_project | forecast 605123.SH failed after retries: 抱歉，您访问接口(forecast)频率超限(200次/分钟)，具体频次详情：https://tushare.pro/document/1?doc_id=108。
2026-04-21 18:43:58 | WARNING | earnings_surprise_project | forecast 605128.SH failed after retries: 抱歉，您访问接口(forecast)频率超限(200次/分钟)，具体频次详情：https://tushare.pro/document/1?doc_id=108。
2026-04-21 18:43:58 | WARNING | earnings_surprise_project | forecast 605133.SH failed after retries: 抱歉，您访问接口(forecast)频率超限(200次/分钟)，具体频次详情：https://tushare.pro/document/1?doc_id=108。
2026-04-21 18:44:01 | WARNING | earnings_surprise_project | forecast 605151.SH failed after retries: 抱歉，您访问接口(forecast)频率超限(200次/分钟)，具体频次详情：https://tushare.pro/document/1?doc_id=108。
2026-04-21 18:44:01 | WARNING | earnings_surprise_project | forecast 605138.SH failed after retries: 抱歉，您访问接口(forecast)频率超限(200次/分钟)，具体频次详情：https://tushare.pro/document/1?doc_id=108。
2026-04-21 18:44:01 | WARNING | earnings_surprise_project | forecast 605136.SH failed after retries: 抱歉，您访问接口(forecast)频率超限(200次/分钟)，具体频次详情：https://tushare.pro/document/1?doc_id=108。
2026-04-21 18:44:01 | WARNING | earnings_surprise_project | forecast 605158.SH failed after retries: 抱歉，您访问接口(forecast)频率超限(200次/分钟)，具体频次详情：https://tushare.pro/document/1?doc_id=108。
2026-04-21 18:44:01 | WARNING | earnings_surprise_project | forecast 605155.SH failed after retries: 抱歉，您访问接口(forecast)频率超限(200次/分钟)，具体频次详情：https://tushare.pro/document/1?doc_id=108。
2026-04-21 18:44:02 | WARNING | earnings_surprise_project | forecast 605162.SH failed after retries: 抱歉，您访问接口(forecast)频率超限(200次/分钟)，具体频次详情：https://tushare.pro/document/1?doc_id=108。
2026-04-21 18:44:02 | WARNING | earnings_surprise_project | forecast 605167.SH failed after retries: 抱歉，您访问接口(forecast)频率超限(200次/分钟)，具体频次详情：https://tushare.pro/document/1?doc_id=108。
2026-04-21 18:44:02 | WARNING | earnings_surprise_project | forecast 605166.SH failed after retries: 抱歉，您访问接口(forecast)频率超限(200次/分钟)，具体频次详情：https://tushare.pro/document/1?doc_id=108。
2026-04-21 18:44:05 | WARNING | earnings_surprise_project | forecast 605177.SH failed after retries: 抱歉，您访问接口(forecast)频率超限(200次/分钟)，具体频次详情：https://tushare.pro/document/1?doc_id=108。
2026-04-21 18:44:05 | WARNING | earnings_surprise_project | forecast 605169.SH failed after retries: 抱歉，您访问接口(forecast)频率超限(200次/分钟)，具体频次详情：https://tushare.pro/document/1?doc_id=108。
2026-04-21 18:44:05 | WARNING | earnings_surprise_project | forecast 605168.SH failed after retries: 抱歉，您访问接口(forecast)频率超限(200次/分钟)，具体频次详情：https://tushare.pro/document/1?doc_id=108。
2026-04-21 18:44:05 | WARNING | earnings_surprise_project | forecast 605178.SH failed after retries: 抱歉，您访问接口(forecast)频率超限(200次/分钟)，具体频次详情：https://tushare.pro/document/1?doc_id=108。
2026-04-21 18:44:05 | WARNING | earnings_surprise_project | forecast 605179.SH failed after retries: 抱歉，您访问接口(forecast)频率超限(200次/分钟)，具体频次详情：https://tushare.pro/document/1?doc_id=108。
2026-04-21 18:44:05 | WARNING | earnings_surprise_project | forecast 605183.SH failed after retries: 抱歉，您访问接口(forecast)频率超限(200次/分钟)，具体频次详情：https://tushare.pro/document/1?doc_id=108。
2026-04-21 18:44:05 | WARNING | earnings_surprise_project | forecast 605180.SH failed after retries: 抱歉，您访问接口(forecast)频率超限(200次/分钟)，具体频次详情：https://tushare.pro/document/1?doc_id=108。
2026-04-21 18:44:05 | WARNING | earnings_surprise_project | forecast 605186.SH failed after retries: 抱歉，您访问接口(forecast)频率超限(200次/分钟)，具体频次详情：https://tushare.pro/document/1?doc_id=108。
2026-04-21 18:44:08 | WARNING | earnings_surprise_project | forecast 605189.SH failed after retries: 抱歉，您访问接口(forecast)频率超限(200次/分钟)，具体频次详情：https://tushare.pro/document/1?doc_id=108。
2026-04-21 18:44:08 | WARNING | earnings_surprise_project | forecast 605188.SH failed after retries: 抱歉，您访问接口(forecast)频率超限(200次/分钟)，具体频次详情：https://tushare.pro/document/1?doc_id=108。
2026-04-21 18:44:08 | WARNING | earnings_surprise_project | forecast 605196.SH failed after retries: 抱歉，您访问接口(forecast)频率超限(200次/分钟)，具体频次详情：https://tushare.pro/document/1?doc_id=108。
2026-04-21 18:44:08 | WARNING | earnings_surprise_project | forecast 605199.SH failed after retries: 抱歉，您访问接口(forecast)频率超限(200次/分钟)，具体频次详情：https://tushare.pro/document/1?doc_id=108。
2026-04-21 18:44:08 | WARNING | earnings_surprise_project | forecast 605198.SH failed after retries: 抱歉，您访问接口(forecast)频率超限(200次/分钟)，具体频次详情：https://tushare.pro/document/1?doc_id=108。
2026-04-21 18:44:08 | WARNING | earnings_surprise_project | forecast 605218.SH failed after retries: 抱歉，您访问接口(forecast)频率超限(200次/分钟)，具体频次详情：https://tushare.pro/document/1?doc_id=108。
2026-04-21 18:44:08 | WARNING | earnings_surprise_project | forecast 605208.SH failed after retries: 抱歉，您访问接口(forecast)频率超限(200次/分钟)，具体频次详情：https://tushare.pro/document/1?doc_id=108。
2026-04-21 18:44:08 | WARNING | earnings_surprise_project | forecast 605222.SH failed after retries: 抱歉，您访问接口(forecast)频率超限(200次/分钟)，具体频次详情：https://tushare.pro/document/1?doc_id=108。
2026-04-21 18:44:11 | WARNING | earnings_surprise_project | forecast 605228.SH failed after retries: 抱歉，您访问接口(forecast)频率超限(200次/分钟)，具体频次详情：https://tushare.pro/document/1?doc_id=108。
2026-04-21 18:44:11 | WARNING | earnings_surprise_project | forecast 605255.SH failed after retries: 抱歉，您访问接口(forecast)频率超限(200次/分钟)，具体频次详情：https://tushare.pro/document/1?doc_id=108。
2026-04-21 18:44:11 | WARNING | earnings_surprise_project | forecast 605258.SH failed after retries: 抱歉，您访问接口(forecast)频率超限(200次/分钟)，具体频次详情：https://tushare.pro/document/1?doc_id=108。
2026-04-21 18:44:11 | WARNING | earnings_surprise_project | forecast 605259.SH failed after retries: 抱歉，您访问接口(forecast)频率超限(200次/分钟)，具体频次详情：https://tushare.pro/document/1?doc_id=108。
2026-04-21 18:44:11 | WARNING | earnings_surprise_project | forecast 605266.SH failed after retries: 抱歉，您访问接口(forecast)频率超限(200次/分钟)，具体频次详情：https://tushare.pro/document/1?doc_id=108。
2026-04-21 18:44:11 | WARNING | earnings_surprise_project | forecast 605268.SH failed after retries: 抱歉，您访问接口(forecast)频率超限(200次/分钟)，具体频次详情：https://tushare.pro/document/1?doc_id=108。
2026-04-21 18:44:11 | WARNING | earnings_surprise_project | forecast 605277.SH failed after retries: 抱歉，您访问接口(forecast)频率超限(200次/分钟)，具体频次详情：https://tushare.pro/document/1?doc_id=108。
2026-04-21 18:44:11 | WARNING | earnings_surprise_project | forecast 605286.SH failed after retries: 抱歉，您访问接口(forecast)频率超限(200次/分钟)，具体频次详情：https://tushare.pro/document/1?doc_id=108。
2026-04-21 18:44:14 | WARNING | earnings_surprise_project | forecast 605287.SH failed after retries: 抱歉，您访问接口(forecast)频率超限(200次/分钟)，具体频次详情：https://tushare.pro/document/1?doc_id=108。
2026-04-21 18:44:14 | WARNING | earnings_surprise_project | forecast 605288.SH failed after retries: 抱歉，您访问接口(forecast)频率超限(200次/分钟)，具体频次详情：https://tushare.pro/document/1?doc_id=108。
2026-04-21 18:44:14 | WARNING | earnings_surprise_project | forecast 605289.SH failed after retries: 抱歉，您访问接口(forecast)频率超限(200次/分钟)，具体频次详情：https://tushare.pro/document/1?doc_id=108。
2026-04-21 18:44:14 | WARNING | earnings_surprise_project | forecast 605296.SH failed after retries: 抱歉，您访问接口(forecast)频率超限(200次/分钟)，具体频次详情：https://tushare.pro/document/1?doc_id=108。
2026-04-21 18:44:15 | WARNING | earnings_surprise_project | forecast 605298.SH failed after retries: 抱歉，您访问接口(forecast)频率超限(200次/分钟)，具体频次详情：https://tushare.pro/document/1?doc_id=108。
2026-04-21 18:44:15 | WARNING | earnings_surprise_project | forecast 605299.SH failed after retries: 抱歉，您访问接口(forecast)频率超限(200次/分钟)，具体频次详情：https://tushare.pro/document/1?doc_id=108。
2026-04-21 18:44:15 | WARNING | earnings_surprise_project | forecast 605300.SH failed after retries: 抱歉，您访问接口(forecast)频率超限(200次/分钟)，具体频次详情：https://tushare.pro/document/1?doc_id=108。
2026-04-21 18:44:15 | WARNING | earnings_surprise_project | forecast 605303.SH failed after retries: 抱歉，您访问接口(forecast)频率超限(200次/分钟)，具体频次详情：https://tushare.pro/document/1?doc_id=108。
2026-04-21 18:44:18 | WARNING | earnings_surprise_project | forecast 605305.SH failed after retries: 抱歉，您访问接口(forecast)频率超限(200次/分钟)，具体频次详情：https://tushare.pro/document/1?doc_id=108。
2026-04-21 18:44:18 | WARNING | earnings_surprise_project | forecast 605318.SH failed after retries: 抱歉，您访问接口(forecast)频率超限(200次/分钟)，具体频次详情：https://tushare.pro/document/1?doc_id=108。
2026-04-21 18:44:18 | WARNING | earnings_surprise_project | forecast 605319.SH failed after retries: 抱歉，您访问接口(forecast)频率超限(200次/分钟)，具体频次详情：https://tushare.pro/document/1?doc_id=108。
2026-04-21 18:44:18 | WARNING | earnings_surprise_project | forecast 605333.SH failed after retries: 抱歉，您访问接口(forecast)频率超限(200次/分钟)，具体频次详情：https://tushare.pro/document/1?doc_id=108。
2026-04-21 18:44:18 | WARNING | earnings_surprise_project | forecast 605337.SH failed after retries: 抱歉，您访问接口(forecast)频率超限(200次/分钟)，具体频次详情：https://tushare.pro/document/1?doc_id=108。
2026-04-21 18:44:18 | WARNING | earnings_surprise_project | forecast 605336.SH failed after retries: 抱歉，您访问接口(forecast)频率超限(200次/分钟)，具体频次详情：https://tushare.pro/document/1?doc_id=108。
2026-04-21 18:44:18 | WARNING | earnings_surprise_project | forecast 605338.SH failed after retries: 抱歉，您访问接口(forecast)频率超限(200次/分钟)，具体频次详情：https://tushare.pro/document/1?doc_id=108。
2026-04-21 18:44:18 | WARNING | earnings_surprise_project | forecast 605339.SH failed after retries: 抱歉，您访问接口(forecast)频率超限(200次/分钟)，具体频次详情：https://tushare.pro/document/1?doc_id=108。
2026-04-21 18:44:21 | WARNING | earnings_surprise_project | forecast 605358.SH failed after retries: 抱歉，您访问接口(forecast)频率超限(200次/分钟)，具体频次详情：https://tushare.pro/document/1?doc_id=108。
2026-04-21 18:44:21 | WARNING | earnings_surprise_project | forecast 605365.SH failed after retries: 抱歉，您访问接口(forecast)频率超限(200次/分钟)，具体频次详情：https://tushare.pro/document/1?doc_id=108。
2026-04-21 18:44:21 | WARNING | earnings_surprise_project | forecast 605366.SH failed after retries: 抱歉，您访问接口(forecast)频率超限(200次/分钟)，具体频次详情：https://tushare.pro/document/1?doc_id=108。
2026-04-21 18:44:21 | WARNING | earnings_surprise_project | forecast 605368.SH failed after retries: 抱歉，您访问接口(forecast)频率超限(200次/分钟)，具体频次详情：https://tushare.pro/document/1?doc_id=108。
2026-04-21 18:44:21 | WARNING | earnings_surprise_project | forecast 605369.SH failed after retries: 抱歉，您访问接口(forecast)频率超限(200次/分钟)，具体频次详情：https://tushare.pro/document/1?doc_id=108。
2026-04-21 18:44:21 | WARNING | earnings_surprise_project | forecast 605376.SH failed after retries: 抱歉，您访问接口(forecast)频率超限(200次/分钟)，具体频次详情：https://tushare.pro/document/1?doc_id=108。
2026-04-21 18:44:21 | WARNING | earnings_surprise_project | forecast 605377.SH failed after retries: 抱歉，您访问接口(forecast)频率超限(200次/分钟)，具体频次详情：https://tushare.pro/document/1?doc_id=108。
2026-04-21 18:44:21 | WARNING | earnings_surprise_project | forecast 605378.SH failed after retries: 抱歉，您访问接口(forecast)频率超限(200次/分钟)，具体频次详情：https://tushare.pro/document/1?doc_id=108。
2026-04-21 18:44:24 | WARNING | earnings_surprise_project | forecast 605389.SH failed after retries: 抱歉，您访问接口(forecast)频率超限(200次/分钟)，具体频次详情：https://tushare.pro/document/1?doc_id=108。
2026-04-21 18:44:24 | WARNING | earnings_surprise_project | forecast 605388.SH failed after retries: 抱歉，您访问接口(forecast)频率超限(200次/分钟)，具体频次详情：https://tushare.pro/document/1?doc_id=108。
2026-04-21 18:44:24 | WARNING | earnings_surprise_project | forecast 605398.SH failed after retries: 抱歉，您访问接口(forecast)频率超限(200次/分钟)，具体频次详情：https://tushare.pro/document/1?doc_id=108。
2026-04-21 18:44:24 | WARNING | earnings_surprise_project | forecast 605399.SH failed after retries: 抱歉，您访问接口(forecast)频率超限(200次/分钟)，具体频次详情：https://tushare.pro/document/1?doc_id=108。
2026-04-21 18:44:24 | WARNING | earnings_surprise_project | forecast 605499.SH failed after retries: 抱歉，您访问接口(forecast)频率超限(200次/分钟)，具体频次详情：https://tushare.pro/document/1?doc_id=108。
2026-04-21 18:44:24 | WARNING | earnings_surprise_project | forecast 605488.SH failed after retries: 抱歉，您访问接口(forecast)频率超限(200次/分钟)，具体频次详情：https://tushare.pro/document/1?doc_id=108。
2026-04-21 18:44:24 | WARNING | earnings_surprise_project | forecast 605507.SH failed after retries: 抱歉，您访问接口(forecast)频率超限(200次/分钟)，具体频次详情：https://tushare.pro/document/1?doc_id=108。
2026-04-21 18:44:24 | WARNING | earnings_surprise_project | forecast 605500.SH failed after retries: 抱歉，您访问接口(forecast)频率超限(200次/分钟)，具体频次详情：https://tushare.pro/document/1?doc_id=108。
2026-04-21 18:44:27 | WARNING | earnings_surprise_project | forecast 605555.SH failed after retries: 抱歉，您访问接口(forecast)频率超限(200次/分钟)，具体频次详情：https://tushare.pro/document/1?doc_id=108。
2026-04-21 18:44:27 | WARNING | earnings_surprise_project | forecast 605566.SH failed after retries: 抱歉，您访问接口(forecast)频率超限(200次/分钟)，具体频次详情：https://tushare.pro/document/1?doc_id=108。
2026-04-21 18:44:27 | WARNING | earnings_surprise_project | forecast 605567.SH failed after retries: 抱歉，您访问接口(forecast)频率超限(200次/分钟)，具体频次详情：https://tushare.pro/document/1?doc_id=108。
2026-04-21 18:44:27 | WARNING | earnings_surprise_project | forecast 605577.SH failed after retries: 抱歉，您访问接口(forecast)频率超限(200次/分钟)，具体频次详情：https://tushare.pro/document/1?doc_id=108。
2026-04-21 18:44:27 | WARNING | earnings_surprise_project | forecast 605580.SH failed after retries: 抱歉，您访问接口(forecast)频率超限(200次/分钟)，具体频次详情：https://tushare.pro/document/1?doc_id=108。
2026-04-21 18:44:28 | WARNING | earnings_surprise_project | forecast 605588.SH failed after retries: 抱歉，您访问接口(forecast)频率超限(200次/分钟)，具体频次详情：https://tushare.pro/document/1?doc_id=108。
2026-04-21 18:44:28 | WARNING | earnings_surprise_project | forecast 605589.SH failed after retries: 抱歉，您访问接口(forecast)频率超限(200次/分钟)，具体频次详情：https://tushare.pro/document/1?doc_id=108。
2026-04-21 18:44:28 | WARNING | earnings_surprise_project | forecast 605598.SH failed after retries: 抱歉，您访问接口(forecast)频率超限(200次/分钟)，具体频次详情：https://tushare.pro/document/1?doc_id=108。
2026-04-21 18:44:31 | WARNING | earnings_surprise_project | forecast 605599.SH failed after retries: 抱歉，您访问接口(forecast)频率超限(200次/分钟)，具体频次详情：https://tushare.pro/document/1?doc_id=108。
2026-04-21 18:44:31 | WARNING | earnings_surprise_project | forecast 688001.SH failed after retries: 抱歉，您访问接口(forecast)频率超限(200次/分钟)，具体频次详情：https://tushare.pro/document/1?doc_id=108。
2026-04-21 18:44:31 | WARNING | earnings_surprise_project | forecast 688002.SH failed after retries: 抱歉，您访问接口(forecast)频率超限(200次/分钟)，具体频次详情：https://tushare.pro/document/1?doc_id=108。
2026-04-21 18:44:31 | WARNING | earnings_surprise_project | forecast 688004.SH failed after retries: 抱歉，您访问接口(forecast)频率超限(200次/分钟)，具体频次详情：https://tushare.pro/document/1?doc_id=108。
2026-04-21 18:44:31 | WARNING | earnings_surprise_project | forecast 688003.SH failed after retries: 抱歉，您访问接口(forecast)频率超限(200次/分钟)，具体频次详情：https://tushare.pro/document/1?doc_id=108。
2026-04-21 18:44:31 | WARNING | earnings_surprise_project | forecast 688005.SH failed after retries: 抱歉，您访问接口(forecast)频率超限(200次/分钟)，具体频次详情：https://tushare.pro/document/1?doc_id=108。
2026-04-21 18:44:31 | WARNING | earnings_surprise_project | forecast 688006.SH failed after retries: 抱歉，您访问接口(forecast)频率超限(200次/分钟)，具体频次详情：https://tushare.pro/document/1?doc_id=108。
2026-04-21 18:44:31 | WARNING | earnings_surprise_project | forecast 688007.SH failed after retries: 抱歉，您访问接口(forecast)频率超限(200次/分钟)，具体频次详情：https://tushare.pro/document/1?doc_id=108。
2026-04-21 18:44:42 | WARNING | earnings_surprise_project | forecast 688236.SH failed after retries: 抱歉，您访问接口(forecast)频率超限(200次/分钟)，具体频次详情：https://tushare.pro/document/1?doc_id=108。
2026-04-21 18:44:42 | WARNING | earnings_surprise_project | forecast 688237.SH failed after retries: 抱歉，您访问接口(forecast)频率超限(200次/分钟)，具体频次详情：https://tushare.pro/document/1?doc_id=108。
2026-04-21 18:44:42 | WARNING | earnings_surprise_project | forecast 688238.SH failed after retries: 抱歉，您访问接口(forecast)频率超限(200次/分钟)，具体频次详情：https://tushare.pro/document/1?doc_id=108。
2026-04-21 18:44:42 | WARNING | earnings_surprise_project | forecast 688235.SH failed after retries: 抱歉，您访问接口(forecast)频率超限(200次/分钟)，具体频次详情：https://tushare.pro/document/1?doc_id=108。
2026-04-21 18:44:42 | WARNING | earnings_surprise_project | forecast 688239.SH failed after retries: 抱歉，您访问接口(forecast)频率超限(200次/分钟)，具体频次详情：https://tushare.pro/document/1?doc_id=108。
2026-04-21 18:44:42 | WARNING | earnings_surprise_project | forecast 688244.SH failed after retries: 抱歉，您访问接口(forecast)频率超限(200次/分钟)，具体频次详情：https://tushare.pro/document/1?doc_id=108。
2026-04-21 18:44:42 | WARNING | earnings_surprise_project | forecast 688246.SH failed after retries: 抱歉，您访问接口(forecast)频率超限(200次/分钟)，具体频次详情：https://tushare.pro/document/1?doc_id=108。
2026-04-21 18:44:43 | WARNING | earnings_surprise_project | forecast 688247.SH failed after retries: 抱歉，您访问接口(forecast)频率超限(200次/分钟)，具体频次详情：https://tushare.pro/document/1?doc_id=108。
2026-04-21 18:44:45 | WARNING | earnings_surprise_project | forecast 688248.SH failed after retries: 抱歉，您访问接口(forecast)频率超限(200次/分钟)，具体频次详情：https://tushare.pro/document/1?doc_id=108。
2026-04-21 18:44:45 | WARNING | earnings_surprise_project | forecast 688252.SH failed after retries: 抱歉，您访问接口(forecast)频率超限(200次/分钟)，具体频次详情：https://tushare.pro/document/1?doc_id=108。
2026-04-21 18:44:46 | WARNING | earnings_surprise_project | forecast 688249.SH failed after retries: 抱歉，您访问接口(forecast)频率超限(200次/分钟)，具体频次详情：https://tushare.pro/document/1?doc_id=108。
2026-04-21 18:44:46 | WARNING | earnings_surprise_project | forecast 688251.SH failed after retries: 抱歉，您访问接口(forecast)频率超限(200次/分钟)，具体频次详情：https://tushare.pro/document/1?doc_id=108。
2026-04-21 18:44:46 | WARNING | earnings_surprise_project | forecast 688253.SH failed after retries: 抱歉，您访问接口(forecast)频率超限(200次/分钟)，具体频次详情：https://tushare.pro/document/1?doc_id=108。
2026-04-21 18:44:46 | WARNING | earnings_surprise_project | forecast 688255.SH failed after retries: 抱歉，您访问接口(forecast)频率超限(200次/分钟)，具体频次详情：https://tushare.pro/document/1?doc_id=108。
2026-04-21 18:44:46 | WARNING | earnings_surprise_project | forecast 688256.SH failed after retries: 抱歉，您访问接口(forecast)频率超限(200次/分钟)，具体频次详情：https://tushare.pro/document/1?doc_id=108。
2026-04-21 18:44:46 | WARNING | earnings_surprise_project | forecast 688257.SH failed after retries: 抱歉，您访问接口(forecast)频率超限(200次/分钟)，具体频次详情：https://tushare.pro/document/1?doc_id=108。
2026-04-21 18:44:49 | WARNING | earnings_surprise_project | forecast 688258.SH failed after retries: 抱歉，您访问接口(forecast)频率超限(200次/分钟)，具体频次详情：https://tushare.pro/document/1?doc_id=108。
2026-04-21 18:44:49 | WARNING | earnings_surprise_project | forecast 688259.SH failed after retries: 抱歉，您访问接口(forecast)频率超限(200次/分钟)，具体频次详情：https://tushare.pro/document/1?doc_id=108。
2026-04-21 18:44:49 | WARNING | earnings_surprise_project | forecast 688260.SH failed after retries: 抱歉，您访问接口(forecast)频率超限(200次/分钟)，具体频次详情：https://tushare.pro/document/1?doc_id=108。
2026-04-21 18:44:49 | WARNING | earnings_surprise_project | forecast 688261.SH failed after retries: 抱歉，您访问接口(forecast)频率超限(200次/分钟)，具体频次详情：https://tushare.pro/document/1?doc_id=108。
2026-04-21 18:44:49 | WARNING | earnings_surprise_project | forecast 688262.SH failed after retries: 抱歉，您访问接口(forecast)频率超限(200次/分钟)，具体频次详情：https://tushare.pro/document/1?doc_id=108。
2026-04-21 18:44:49 | WARNING | earnings_surprise_project | forecast 688265.SH failed after retries: 抱歉，您访问接口(forecast)频率超限(200次/分钟)，具体频次详情：https://tushare.pro/document/1?doc_id=108。
2026-04-21 18:44:49 | WARNING | earnings_surprise_project | forecast 688266.SH failed after retries: 抱歉，您访问接口(forecast)频率超限(200次/分钟)，具体频次详情：https://tushare.pro/document/1?doc_id=108。
2026-04-21 18:44:49 | WARNING | earnings_surprise_project | forecast 688267.SH failed after retries: 抱歉，您访问接口(forecast)频率超限(200次/分钟)，具体频次详情：https://tushare.pro/document/1?doc_id=108。
2026-04-21 18:44:52 | WARNING | earnings_surprise_project | forecast 688272.SH failed after retries: 抱歉，您访问接口(forecast)频率超限(200次/分钟)，具体频次详情：https://tushare.pro/document/1?doc_id=108。
2026-04-21 18:44:52 | WARNING | earnings_surprise_project | forecast 688271.SH failed after retries: 抱歉，您访问接口(forecast)频率超限(200次/分钟)，具体频次详情：https://tushare.pro/document/1?doc_id=108。
2026-04-21 18:44:52 | WARNING | earnings_surprise_project | forecast 688270.SH failed after retries: 抱歉，您访问接口(forecast)频率超限(200次/分钟)，具体频次详情：https://tushare.pro/document/1?doc_id=108。
2026-04-21 18:44:52 | WARNING | earnings_surprise_project | forecast 688268.SH failed after retries: 抱歉，您访问接口(forecast)频率超限(200次/分钟)，具体频次详情：https://tushare.pro/document/1?doc_id=108。
2026-04-21 18:44:52 | WARNING | earnings_surprise_project | forecast 688269.SH failed after retries: 抱歉，您访问接口(forecast)频率超限(200次/分钟)，具体频次详情：https://tushare.pro/document/1?doc_id=108。
2026-04-21 18:44:52 | WARNING | earnings_surprise_project | forecast 688273.SH failed after retries: 抱歉，您访问接口(forecast)频率超限(200次/分钟)，具体频次详情：https://tushare.pro/document/1?doc_id=108。
2026-04-21 18:44:52 | WARNING | earnings_surprise_project | forecast 688275.SH failed after retries: 抱歉，您访问接口(forecast)频率超限(200次/分钟)，具体频次详情：https://tushare.pro/document/1?doc_id=108。
2026-04-21 18:44:52 | WARNING | earnings_surprise_project | forecast 688276.SH failed after retries: 抱歉，您访问接口(forecast)频率超限(200次/分钟)，具体频次详情：https://tushare.pro/document/1?doc_id=108。
2026-04-21 18:44:55 | WARNING | earnings_surprise_project | forecast 688277.SH failed after retries: 抱歉，您访问接口(forecast)频率超限(200次/分钟)，具体频次详情：https://tushare.pro/document/1?doc_id=108。
2026-04-21 18:44:55 | WARNING | earnings_surprise_project | forecast 688281.SH failed after retries: 抱歉，您访问接口(forecast)频率超限(200次/分钟)，具体频次详情：https://tushare.pro/document/1?doc_id=108。
2026-04-21 18:44:55 | WARNING | earnings_surprise_project | forecast 688279.SH failed after retries: 抱歉，您访问接口(forecast)频率超限(200次/分钟)，具体频次详情：https://tushare.pro/document/1?doc_id=108。
2026-04-21 18:44:55 | WARNING | earnings_surprise_project | forecast 688278.SH failed after retries: 抱歉，您访问接口(forecast)频率超限(200次/分钟)，具体频次详情：https://tushare.pro/document/1?doc_id=108。
2026-04-21 18:44:55 | WARNING | earnings_surprise_project | forecast 688280.SH failed after retries: 抱歉，您访问接口(forecast)频率超限(200次/分钟)，具体频次详情：https://tushare.pro/document/1?doc_id=108。
2026-04-21 18:44:55 | WARNING | earnings_surprise_project | forecast 688282.SH failed after retries: 抱歉，您访问接口(forecast)频率超限(200次/分钟)，具体频次详情：https://tushare.pro/document/1?doc_id=108。
2026-04-21 18:44:55 | WARNING | earnings_surprise_project | forecast 688283.SH failed after retries: 抱歉，您访问接口(forecast)频率超限(200次/分钟)，具体频次详情：https://tushare.pro/document/1?doc_id=108。
2026-04-21 18:44:55 | WARNING | earnings_surprise_project | forecast 688285.SH failed after retries: 抱歉，您访问接口(forecast)频率超限(200次/分钟)，具体频次详情：https://tushare.pro/document/1?doc_id=108。
2026-04-21 18:44:58 | WARNING | earnings_surprise_project | forecast 688287.SH failed after retries: 抱歉，您访问接口(forecast)频率超限(200次/分钟)，具体频次详情：https://tushare.pro/document/1?doc_id=108。
2026-04-21 18:44:58 | WARNING | earnings_surprise_project | forecast 688286.SH failed after retries: 抱歉，您访问接口(forecast)频率超限(200次/分钟)，具体频次详情：https://tushare.pro/document/1?doc_id=108。
2026-04-21 18:44:59 | WARNING | earnings_surprise_project | forecast 688288.SH failed after retries: 抱歉，您访问接口(forecast)频率超限(200次/分钟)，具体频次详情：https://tushare.pro/document/1?doc_id=108。
2026-04-21 18:44:59 | WARNING | earnings_surprise_project | forecast 688289.SH failed after retries: 抱歉，您访问接口(forecast)频率超限(200次/分钟)，具体频次详情：https://tushare.pro/document/1?doc_id=108。
2026-04-21 18:44:59 | WARNING | earnings_surprise_project | forecast 688290.SH failed after retries: 抱歉，您访问接口(forecast)频率超限(200次/分钟)，具体频次详情：https://tushare.pro/document/1?doc_id=108。
2026-04-21 18:44:59 | WARNING | earnings_surprise_project | forecast 688291.SH failed after retries: 抱歉，您访问接口(forecast)频率超限(200次/分钟)，具体频次详情：https://tushare.pro/document/1?doc_id=108。
2026-04-21 18:44:59 | WARNING | earnings_surprise_project | forecast 688292.SH failed after retries: 抱歉，您访问接口(forecast)频率超限(200次/分钟)，具体频次详情：https://tushare.pro/document/1?doc_id=108。
2026-04-21 18:44:59 | WARNING | earnings_surprise_project | forecast 688293.SH failed after retries: 抱歉，您访问接口(forecast)频率超限(200次/分钟)，具体频次详情：https://tushare.pro/document/1?doc_id=108。
2026-04-21 18:45:02 | WARNING | earnings_surprise_project | forecast 688296.SH failed after retries: 抱歉，您访问接口(forecast)频率超限(200次/分钟)，具体频次详情：https://tushare.pro/document/1?doc_id=108。
2026-04-21 18:45:02 | WARNING | earnings_surprise_project | forecast 688295.SH failed after retries: 抱歉，您访问接口(forecast)频率超限(200次/分钟)，具体频次详情：https://tushare.pro/document/1?doc_id=108。
2026-04-21 18:45:02 | WARNING | earnings_surprise_project | forecast 688297.SH failed after retries: 抱歉，您访问接口(forecast)频率超限(200次/分钟)，具体频次详情：https://tushare.pro/document/1?doc_id=108。
2026-04-21 18:45:02 | WARNING | earnings_surprise_project | forecast 688298.SH failed after retries: 抱歉，您访问接口(forecast)频率超限(200次/分钟)，具体频次详情：https://tushare.pro/document/1?doc_id=108。
2026-04-21 18:45:02 | WARNING | earnings_surprise_project | forecast 688299.SH failed after retries: 抱歉，您访问接口(forecast)频率超限(200次/分钟)，具体频次详情：https://tushare.pro/document/1?doc_id=108。
2026-04-21 18:45:02 | WARNING | earnings_surprise_project | forecast 688301.SH failed after retries: 抱歉，您访问接口(forecast)频率超限(200次/分钟)，具体频次详情：https://tushare.pro/document/1?doc_id=108。
2026-04-21 18:45:02 | WARNING | earnings_surprise_project | forecast 688300.SH failed after retries: 抱歉，您访问接口(forecast)频率超限(200次/分钟)，具体频次详情：https://tushare.pro/document/1?doc_id=108。
2026-04-21 18:45:02 | WARNING | earnings_surprise_project | forecast 688302.SH failed after retries: 抱歉，您访问接口(forecast)频率超限(200次/分钟)，具体频次详情：https://tushare.pro/document/1?doc_id=108。
2026-04-21 18:45:05 | WARNING | earnings_surprise_project | forecast 688305.SH failed after retries: 抱歉，您访问接口(forecast)频率超限(200次/分钟)，具体频次详情：https://tushare.pro/document/1?doc_id=108。
2026-04-21 18:45:05 | WARNING | earnings_surprise_project | forecast 688303.SH failed after retries: 抱歉，您访问接口(forecast)频率超限(200次/分钟)，具体频次详情：https://tushare.pro/document/1?doc_id=108。
2026-04-21 18:45:05 | WARNING | earnings_surprise_project | forecast 688306.SH failed after retries: 抱歉，您访问接口(forecast)频率超限(200次/分钟)，具体频次详情：https://tushare.pro/document/1?doc_id=108。
2026-04-21 18:45:05 | WARNING | earnings_surprise_project | forecast 688307.SH failed after retries: 抱歉，您访问接口(forecast)频率超限(200次/分钟)，具体频次详情：https://tushare.pro/document/1?doc_id=108。
2026-04-21 18:45:05 | WARNING | earnings_surprise_project | forecast 688308.SH failed after retries: 抱歉，您访问接口(forecast)频率超限(200次/分钟)，具体频次详情：https://tushare.pro/document/1?doc_id=108。
2026-04-21 18:45:05 | WARNING | earnings_surprise_project | forecast 688310.SH failed after retries: 抱歉，您访问接口(forecast)频率超限(200次/分钟)，具体频次详情：https://tushare.pro/document/1?doc_id=108。
2026-04-21 18:45:05 | WARNING | earnings_surprise_project | forecast 688309.SH failed after retries: 抱歉，您访问接口(forecast)频率超限(200次/分钟)，具体频次详情：https://tushare.pro/document/1?doc_id=108。
2026-04-21 18:45:05 | WARNING | earnings_surprise_project | forecast 688311.SH failed after retries: 抱歉，您访问接口(forecast)频率超限(200次/分钟)，具体频次详情：https://tushare.pro/document/1?doc_id=108。
2026-04-21 18:45:08 | WARNING | earnings_surprise_project | forecast 688312.SH failed after retries: 抱歉，您访问接口(forecast)频率超限(200次/分钟)，具体频次详情：https://tushare.pro/document/1?doc_id=108。
2026-04-21 18:45:08 | WARNING | earnings_surprise_project | forecast 688313.SH failed after retries: 抱歉，您访问接口(forecast)频率超限(200次/分钟)，具体频次详情：https://tushare.pro/document/1?doc_id=108。
2026-04-21 18:45:08 | WARNING | earnings_surprise_project | forecast 688314.SH failed after retries: 抱歉，您访问接口(forecast)频率超限(200次/分钟)，具体频次详情：https://tushare.pro/document/1?doc_id=108。
2026-04-21 18:45:08 | WARNING | earnings_surprise_project | forecast 688315.SH failed after retries: 抱歉，您访问接口(forecast)频率超限(200次/分钟)，具体频次详情：https://tushare.pro/document/1?doc_id=108。
2026-04-21 18:45:08 | WARNING | earnings_surprise_project | forecast 688317.SH failed after retries: 抱歉，您访问接口(forecast)频率超限(200次/分钟)，具体频次详情：https://tushare.pro/document/1?doc_id=108。
2026-04-21 18:45:08 | WARNING | earnings_surprise_project | forecast 688316.SH failed after retries: 抱歉，您访问接口(forecast)频率超限(200次/分钟)，具体频次详情：https://tushare.pro/document/1?doc_id=108。
2026-04-21 18:45:08 | WARNING | earnings_surprise_project | forecast 688318.SH failed after retries: 抱歉，您访问接口(forecast)频率超限(200次/分钟)，具体频次详情：https://tushare.pro/document/1?doc_id=108。
2026-04-21 18:45:09 | WARNING | earnings_surprise_project | forecast 688319.SH failed after retries: 抱歉，您访问接口(forecast)频率超限(200次/分钟)，具体频次详情：https://tushare.pro/document/1?doc_id=108。
2026-04-21 18:45:11 | WARNING | earnings_surprise_project | forecast 688321.SH failed after retries: 抱歉，您访问接口(forecast)频率超限(200次/分钟)，具体频次详情：https://tushare.pro/document/1?doc_id=108。
2026-04-21 18:45:12 | WARNING | earnings_surprise_project | forecast 688320.SH failed after retries: 抱歉，您访问接口(forecast)频率超限(200次/分钟)，具体频次详情：https://tushare.pro/document/1?doc_id=108。
2026-04-21 18:45:12 | WARNING | earnings_surprise_project | forecast 688322.SH failed after retries: 抱歉，您访问接口(forecast)频率超限(200次/分钟)，具体频次详情：https://tushare.pro/document/1?doc_id=108。
2026-04-21 18:45:12 | WARNING | earnings_surprise_project | forecast 688323.SH failed after retries: 抱歉，您访问接口(forecast)频率超限(200次/分钟)，具体频次详情：https://tushare.pro/document/1?doc_id=108。
2026-04-21 18:45:12 | WARNING | earnings_surprise_project | forecast 688325.SH failed after retries: 抱歉，您访问接口(forecast)频率超限(200次/分钟)，具体频次详情：https://tushare.pro/document/1?doc_id=108。
2026-04-21 18:45:12 | WARNING | earnings_surprise_project | forecast 688327.SH failed after retries: 抱歉，您访问接口(forecast)频率超限(200次/分钟)，具体频次详情：https://tushare.pro/document/1?doc_id=108。
2026-04-21 18:45:12 | WARNING | earnings_surprise_project | forecast 688326.SH failed after retries: 抱歉，您访问接口(forecast)频率超限(200次/分钟)，具体频次详情：https://tushare.pro/document/1?doc_id=108。
2026-04-21 18:45:12 | WARNING | earnings_surprise_project | forecast 688328.SH failed after retries: 抱歉，您访问接口(forecast)频率超限(200次/分钟)，具体频次详情：https://tushare.pro/document/1?doc_id=108。
2026-04-21 18:45:15 | WARNING | earnings_surprise_project | forecast 688329.SH failed after retries: 抱歉，您访问接口(forecast)频率超限(200次/分钟)，具体频次详情：https://tushare.pro/document/1?doc_id=108。
2026-04-21 18:45:15 | WARNING | earnings_surprise_project | forecast 688330.SH failed after retries: 抱歉，您访问接口(forecast)频率超限(200次/分钟)，具体频次详情：https://tushare.pro/document/1?doc_id=108。
2026-04-21 18:45:15 | WARNING | earnings_surprise_project | forecast 688331.SH failed after retries: 抱歉，您访问接口(forecast)频率超限(200次/分钟)，具体频次详情：https://tushare.pro/document/1?doc_id=108。
2026-04-21 18:45:15 | WARNING | earnings_surprise_project | forecast 688332.SH failed after retries: 抱歉，您访问接口(forecast)频率超限(200次/分钟)，具体频次详情：https://tushare.pro/document/1?doc_id=108。
2026-04-21 18:45:15 | WARNING | earnings_surprise_project | forecast 688333.SH failed after retries: 抱歉，您访问接口(forecast)频率超限(200次/分钟)，具体频次详情：https://tushare.pro/document/1?doc_id=108。
2026-04-21 18:45:15 | WARNING | earnings_surprise_project | forecast 688335.SH failed after retries: 抱歉，您访问接口(forecast)频率超限(200次/分钟)，具体频次详情：https://tushare.pro/document/1?doc_id=108。
2026-04-21 18:45:15 | WARNING | earnings_surprise_project | forecast 688334.SH failed after retries: 抱歉，您访问接口(forecast)频率超限(200次/分钟)，具体频次详情：https://tushare.pro/document/1?doc_id=108。
2026-04-21 18:45:15 | WARNING | earnings_surprise_project | forecast 688336.SH failed after retries: 抱歉，您访问接口(forecast)频率超限(200次/分钟)，具体频次详情：https://tushare.pro/document/1?doc_id=108。
2026-04-21 18:45:18 | WARNING | earnings_surprise_project | forecast 688337.SH failed after retries: 抱歉，您访问接口(forecast)频率超限(200次/分钟)，具体频次详情：https://tushare.pro/document/1?doc_id=108。
2026-04-21 18:45:18 | WARNING | earnings_surprise_project | forecast 688338.SH failed after retries: 抱歉，您访问接口(forecast)频率超限(200次/分钟)，具体频次详情：https://tushare.pro/document/1?doc_id=108。
2026-04-21 18:45:18 | WARNING | earnings_surprise_project | forecast 688339.SH failed after retries: 抱歉，您访问接口(forecast)频率超限(200次/分钟)，具体频次详情：https://tushare.pro/document/1?doc_id=108。
2026-04-21 18:45:18 | WARNING | earnings_surprise_project | forecast 688343.SH failed after retries: 抱歉，您访问接口(forecast)频率超限(200次/分钟)，具体频次详情：https://tushare.pro/document/1?doc_id=108。
2026-04-21 18:45:18 | WARNING | earnings_surprise_project | forecast 688345.SH failed after retries: 抱歉，您访问接口(forecast)频率超限(200次/分钟)，具体频次详情：https://tushare.pro/document/1?doc_id=108。
2026-04-21 18:45:18 | WARNING | earnings_surprise_project | forecast 688348.SH failed after retries: 抱歉，您访问接口(forecast)频率超限(200次/分钟)，具体频次详情：https://tushare.pro/document/1?doc_id=108。
2026-04-21 18:45:18 | WARNING | earnings_surprise_project | forecast 688347.SH failed after retries: 抱歉，您访问接口(forecast)频率超限(200次/分钟)，具体频次详情：https://tushare.pro/document/1?doc_id=108。
2026-04-21 18:45:18 | WARNING | earnings_surprise_project | forecast 688349.SH failed after retries: 抱歉，您访问接口(forecast)频率超限(200次/分钟)，具体频次详情：https://tushare.pro/document/1?doc_id=108。
2026-04-21 18:45:21 | WARNING | earnings_surprise_project | forecast 688350.SH failed after retries: 抱歉，您访问接口(forecast)频率超限(200次/分钟)，具体频次详情：https://tushare.pro/document/1?doc_id=108。
2026-04-21 18:45:21 | WARNING | earnings_surprise_project | forecast 688351.SH failed after retries: 抱歉，您访问接口(forecast)频率超限(200次/分钟)，具体频次详情：https://tushare.pro/document/1?doc_id=108。
2026-04-21 18:45:21 | WARNING | earnings_surprise_project | forecast 688352.SH failed after retries: 抱歉，您访问接口(forecast)频率超限(200次/分钟)，具体频次详情：https://tushare.pro/document/1?doc_id=108。
2026-04-21 18:45:21 | WARNING | earnings_surprise_project | forecast 688353.SH failed after retries: 抱歉，您访问接口(forecast)频率超限(200次/分钟)，具体频次详情：https://tushare.pro/document/1?doc_id=108。
2026-04-21 18:45:21 | WARNING | earnings_surprise_project | forecast 688355.SH failed after retries: 抱歉，您访问接口(forecast)频率超限(200次/分钟)，具体频次详情：https://tushare.pro/document/1?doc_id=108。
2026-04-21 18:45:21 | WARNING | earnings_surprise_project | forecast 688356.SH failed after retries: 抱歉，您访问接口(forecast)频率超限(200次/分钟)，具体频次详情：https://tushare.pro/document/1?doc_id=108。
2026-04-21 18:45:21 | WARNING | earnings_surprise_project | forecast 688357.SH failed after retries: 抱歉，您访问接口(forecast)频率超限(200次/分钟)，具体频次详情：https://tushare.pro/document/1?doc_id=108。
2026-04-21 18:45:21 | WARNING | earnings_surprise_project | forecast 688358.SH failed after retries: 抱歉，您访问接口(forecast)频率超限(200次/分钟)，具体频次详情：https://tushare.pro/document/1?doc_id=108。
2026-04-21 18:45:24 | WARNING | earnings_surprise_project | forecast 688359.SH failed after retries: 抱歉，您访问接口(forecast)频率超限(200次/分钟)，具体频次详情：https://tushare.pro/document/1?doc_id=108。
2026-04-21 18:45:24 | WARNING | earnings_surprise_project | forecast 688360.SH failed after retries: 抱歉，您访问接口(forecast)频率超限(200次/分钟)，具体频次详情：https://tushare.pro/document/1?doc_id=108。
2026-04-21 18:45:25 | WARNING | earnings_surprise_project | forecast 688362.SH failed after retries: 抱歉，您访问接口(forecast)频率超限(200次/分钟)，具体频次详情：https://tushare.pro/document/1?doc_id=108。
2026-04-21 18:45:25 | WARNING | earnings_surprise_project | forecast 688361.SH failed after retries: 抱歉，您访问接口(forecast)频率超限(200次/分钟)，具体频次详情：https://tushare.pro/document/1?doc_id=108。
2026-04-21 18:45:25 | WARNING | earnings_surprise_project | forecast 688363.SH failed after retries: 抱歉，您访问接口(forecast)频率超限(200次/分钟)，具体频次详情：https://tushare.pro/document/1?doc_id=108。
2026-04-21 18:45:25 | WARNING | earnings_surprise_project | forecast 688366.SH failed after retries: 抱歉，您访问接口(forecast)频率超限(200次/分钟)，具体频次详情：https://tushare.pro/document/1?doc_id=108。
2026-04-21 18:45:25 | WARNING | earnings_surprise_project | forecast 688365.SH failed after retries: 抱歉，您访问接口(forecast)频率超限(200次/分钟)，具体频次详情：https://tushare.pro/document/1?doc_id=108。
2026-04-21 18:45:25 | WARNING | earnings_surprise_project | forecast 688367.SH failed after retries: 抱歉，您访问接口(forecast)频率超限(200次/分钟)，具体频次详情：https://tushare.pro/document/1?doc_id=108。
2026-04-21 18:45:28 | WARNING | earnings_surprise_project | forecast 688369.SH failed after retries: 抱歉，您访问接口(forecast)频率超限(200次/分钟)，具体频次详情：https://tushare.pro/document/1?doc_id=108。
2026-04-21 18:45:28 | WARNING | earnings_surprise_project | forecast 688368.SH failed after retries: 抱歉，您访问接口(forecast)频率超限(200次/分钟)，具体频次详情：https://tushare.pro/document/1?doc_id=108。
2026-04-21 18:45:28 | WARNING | earnings_surprise_project | forecast 688370.SH failed after retries: 抱歉，您访问接口(forecast)频率超限(200次/分钟)，具体频次详情：https://tushare.pro/document/1?doc_id=108。
2026-04-21 18:45:28 | WARNING | earnings_surprise_project | forecast 688371.SH failed after retries: 抱歉，您访问接口(forecast)频率超限(200次/分钟)，具体频次详情：https://tushare.pro/document/1?doc_id=108。
2026-04-21 18:45:28 | WARNING | earnings_surprise_project | forecast 688373.SH failed after retries: 抱歉，您访问接口(forecast)频率超限(200次/分钟)，具体频次详情：https://tushare.pro/document/1?doc_id=108。
2026-04-21 18:45:28 | WARNING | earnings_surprise_project | forecast 688372.SH failed after retries: 抱歉，您访问接口(forecast)频率超限(200次/分钟)，具体频次详情：https://tushare.pro/document/1?doc_id=108。
2026-04-21 18:45:28 | WARNING | earnings_surprise_project | forecast 688375.SH failed after retries: 抱歉，您访问接口(forecast)频率超限(200次/分钟)，具体频次详情：https://tushare.pro/document/1?doc_id=108。
2026-04-21 18:45:28 | WARNING | earnings_surprise_project | forecast 688376.SH failed after retries: 抱歉，您访问接口(forecast)频率超限(200次/分钟)，具体频次详情：https://tushare.pro/document/1?doc_id=108。
2026-04-21 18:45:31 | WARNING | earnings_surprise_project | forecast 688377.SH failed after retries: 抱歉，您访问接口(forecast)频率超限(200次/分钟)，具体频次详情：https://tushare.pro/document/1?doc_id=108。
2026-04-21 18:45:31 | WARNING | earnings_surprise_project | forecast 688378.SH failed after retries: 抱歉，您访问接口(forecast)频率超限(200次/分钟)，具体频次详情：https://tushare.pro/document/1?doc_id=108。
2026-04-21 18:45:31 | WARNING | earnings_surprise_project | forecast 688379.SH failed after retries: 抱歉，您访问接口(forecast)频率超限(200次/分钟)，具体频次详情：https://tushare.pro/document/1?doc_id=108。
2026-04-21 18:45:31 | WARNING | earnings_surprise_project | forecast 688380.SH failed after retries: 抱歉，您访问接口(forecast)频率超限(200次/分钟)，具体频次详情：https://tushare.pro/document/1?doc_id=108。
2026-04-21 18:45:31 | WARNING | earnings_surprise_project | forecast 688381.SH failed after retries: 抱歉，您访问接口(forecast)频率超限(200次/分钟)，具体频次详情：https://tushare.pro/document/1?doc_id=108。
2026-04-21 18:45:31 | WARNING | earnings_surprise_project | forecast 688383.SH failed after retries: 抱歉，您访问接口(forecast)频率超限(200次/分钟)，具体频次详情：https://tushare.pro/document/1?doc_id=108。
2026-04-21 18:45:31 | WARNING | earnings_surprise_project | forecast 688382.SH failed after retries: 抱歉，您访问接口(forecast)频率超限(200次/分钟)，具体频次详情：https://tushare.pro/document/1?doc_id=108。
2026-04-21 18:45:31 | WARNING | earnings_surprise_project | forecast 688385.SH failed after retries: 抱歉，您访问接口(forecast)频率超限(200次/分钟)，具体频次详情：https://tushare.pro/document/1?doc_id=108。
2026-04-21 18:45:42 | WARNING | earnings_surprise_project | forecast 688690.SH failed after retries: 抱歉，您访问接口(forecast)频率超限(200次/分钟)，具体频次详情：https://tushare.pro/document/1?doc_id=108。
2026-04-21 18:45:43 | WARNING | earnings_surprise_project | forecast 688691.SH failed after retries: 抱歉，您访问接口(forecast)频率超限(200次/分钟)，具体频次详情：https://tushare.pro/document/1?doc_id=108。
2026-04-21 18:45:43 | WARNING | earnings_surprise_project | forecast 688693.SH failed after retries: 抱歉，您访问接口(forecast)频率超限(200次/分钟)，具体频次详情：https://tushare.pro/document/1?doc_id=108。
2026-04-21 18:45:43 | WARNING | earnings_surprise_project | forecast 688692.SH failed after retries: 抱歉，您访问接口(forecast)频率超限(200次/分钟)，具体频次详情：https://tushare.pro/document/1?doc_id=108。
2026-04-21 18:45:43 | WARNING | earnings_surprise_project | forecast 688698.SH failed after retries: 抱歉，您访问接口(forecast)频率超限(200次/分钟)，具体频次详情：https://tushare.pro/document/1?doc_id=108。
2026-04-21 18:45:43 | WARNING | earnings_surprise_project | forecast 688697.SH failed after retries: 抱歉，您访问接口(forecast)频率超限(200次/分钟)，具体频次详情：https://tushare.pro/document/1?doc_id=108。
2026-04-21 18:45:43 | WARNING | earnings_surprise_project | forecast 688695.SH failed after retries: 抱歉，您访问接口(forecast)频率超限(200次/分钟)，具体频次详情：https://tushare.pro/document/1?doc_id=108。
2026-04-21 18:45:43 | WARNING | earnings_surprise_project | forecast 688696.SH failed after retries: 抱歉，您访问接口(forecast)频率超限(200次/分钟)，具体频次详情：https://tushare.pro/document/1?doc_id=108。
2026-04-21 18:45:46 | WARNING | earnings_surprise_project | forecast 688699.SH failed after retries: 抱歉，您访问接口(forecast)频率超限(200次/分钟)，具体频次详情：https://tushare.pro/document/1?doc_id=108。
2026-04-21 18:45:46 | WARNING | earnings_surprise_project | forecast 688700.SH failed after retries: 抱歉，您访问接口(forecast)频率超限(200次/分钟)，具体频次详情：https://tushare.pro/document/1?doc_id=108。
2026-04-21 18:45:46 | WARNING | earnings_surprise_project | forecast 688707.SH failed after retries: 抱歉，您访问接口(forecast)频率超限(200次/分钟)，具体频次详情：https://tushare.pro/document/1?doc_id=108。
2026-04-21 18:45:46 | WARNING | earnings_surprise_project | forecast 688702.SH failed after retries: 抱歉，您访问接口(forecast)频率超限(200次/分钟)，具体频次详情：https://tushare.pro/document/1?doc_id=108。
2026-04-21 18:45:46 | WARNING | earnings_surprise_project | forecast 688701.SH failed after retries: 抱歉，您访问接口(forecast)频率超限(200次/分钟)，具体频次详情：https://tushare.pro/document/1?doc_id=108。
2026-04-21 18:45:46 | WARNING | earnings_surprise_project | forecast 688709.SH failed after retries: 抱歉，您访问接口(forecast)频率超限(200次/分钟)，具体频次详情：https://tushare.pro/document/1?doc_id=108。
2026-04-21 18:45:46 | WARNING | earnings_surprise_project | forecast 688708.SH failed after retries: 抱歉，您访问接口(forecast)频率超限(200次/分钟)，具体频次详情：https://tushare.pro/document/1?doc_id=108。
2026-04-21 18:45:46 | WARNING | earnings_surprise_project | forecast 688710.SH failed after retries: 抱歉，您访问接口(forecast)频率超限(200次/分钟)，具体频次详情：https://tushare.pro/document/1?doc_id=108。
2026-04-21 18:45:49 | WARNING | earnings_surprise_project | forecast 688711.SH failed after retries: 抱歉，您访问接口(forecast)频率超限(200次/分钟)，具体频次详情：https://tushare.pro/document/1?doc_id=108。
2026-04-21 18:45:49 | WARNING | earnings_surprise_project | forecast 688712.SH failed after retries: 抱歉，您访问接口(forecast)频率超限(200次/分钟)，具体频次详情：https://tushare.pro/document/1?doc_id=108。
2026-04-21 18:45:49 | WARNING | earnings_surprise_project | forecast 688716.SH failed after retries: 抱歉，您访问接口(forecast)频率超限(200次/分钟)，具体频次详情：https://tushare.pro/document/1?doc_id=108。
2026-04-21 18:45:49 | WARNING | earnings_surprise_project | forecast 688717.SH failed after retries: 抱歉，您访问接口(forecast)频率超限(200次/分钟)，具体频次详情：https://tushare.pro/document/1?doc_id=108。
2026-04-21 18:45:49 | WARNING | earnings_surprise_project | forecast 688718.SH failed after retries: 抱歉，您访问接口(forecast)频率超限(200次/分钟)，具体频次详情：https://tushare.pro/document/1?doc_id=108。
2026-04-21 18:45:49 | WARNING | earnings_surprise_project | forecast 688721.SH failed after retries: 抱歉，您访问接口(forecast)频率超限(200次/分钟)，具体频次详情：https://tushare.pro/document/1?doc_id=108。
2026-04-21 18:45:49 | WARNING | earnings_surprise_project | forecast 688719.SH failed after retries: 抱歉，您访问接口(forecast)频率超限(200次/分钟)，具体频次详情：https://tushare.pro/document/1?doc_id=108。
2026-04-21 18:45:49 | WARNING | earnings_surprise_project | forecast 688720.SH failed after retries: 抱歉，您访问接口(forecast)频率超限(200次/分钟)，具体频次详情：https://tushare.pro/document/1?doc_id=108。
2026-04-21 18:45:52 | WARNING | earnings_surprise_project | forecast 688722.SH failed after retries: 抱歉，您访问接口(forecast)频率超限(200次/分钟)，具体频次详情：https://tushare.pro/document/1?doc_id=108。
2026-04-21 18:45:52 | WARNING | earnings_surprise_project | forecast 688726.SH failed after retries: 抱歉，您访问接口(forecast)频率超限(200次/分钟)，具体频次详情：https://tushare.pro/document/1?doc_id=108。
2026-04-21 18:45:52 | WARNING | earnings_surprise_project | forecast 688727.SH failed after retries: 抱歉，您访问接口(forecast)频率超限(200次/分钟)，具体频次详情：https://tushare.pro/document/1?doc_id=108。
2026-04-21 18:45:52 | WARNING | earnings_surprise_project | forecast 688728.SH failed after retries: 抱歉，您访问接口(forecast)频率超限(200次/分钟)，具体频次详情：https://tushare.pro/document/1?doc_id=108。
2026-04-21 18:45:52 | WARNING | earnings_surprise_project | forecast 688729.SH failed after retries: 抱歉，您访问接口(forecast)频率超限(200次/分钟)，具体频次详情：https://tushare.pro/document/1?doc_id=108。
2026-04-21 18:45:53 | WARNING | earnings_surprise_project | forecast 688737.SH failed after retries: 抱歉，您访问接口(forecast)频率超限(200次/分钟)，具体频次详情：https://tushare.pro/document/1?doc_id=108。
2026-04-21 18:45:53 | WARNING | earnings_surprise_project | forecast 688733.SH failed after retries: 抱歉，您访问接口(forecast)频率超限(200次/分钟)，具体频次详情：https://tushare.pro/document/1?doc_id=108。
2026-04-21 18:45:53 | WARNING | earnings_surprise_project | forecast 688739.SH failed after retries: 抱歉，您访问接口(forecast)频率超限(200次/分钟)，具体频次详情：https://tushare.pro/document/1?doc_id=108。
2026-04-21 18:45:55 | WARNING | earnings_surprise_project | forecast 688750.SH failed after retries: 抱歉，您访问接口(forecast)频率超限(200次/分钟)，具体频次详情：https://tushare.pro/document/1?doc_id=108。
2026-04-21 18:45:56 | WARNING | earnings_surprise_project | forecast 688755.SH failed after retries: 抱歉，您访问接口(forecast)频率超限(200次/分钟)，具体频次详情：https://tushare.pro/document/1?doc_id=108。
2026-04-21 18:45:56 | WARNING | earnings_surprise_project | forecast 688757.SH failed after retries: 抱歉，您访问接口(forecast)频率超限(200次/分钟)，具体频次详情：https://tushare.pro/document/1?doc_id=108。
2026-04-21 18:45:56 | WARNING | earnings_surprise_project | forecast 688758.SH failed after retries: 抱歉，您访问接口(forecast)频率超限(200次/分钟)，具体频次详情：https://tushare.pro/document/1?doc_id=108。
2026-04-21 18:45:56 | WARNING | earnings_surprise_project | forecast 688759.SH failed after retries: 抱歉，您访问接口(forecast)频率超限(200次/分钟)，具体频次详情：https://tushare.pro/document/1?doc_id=108。
2026-04-21 18:45:56 | WARNING | earnings_surprise_project | forecast 688766.SH failed after retries: 抱歉，您访问接口(forecast)频率超限(200次/分钟)，具体频次详情：https://tushare.pro/document/1?doc_id=108。
2026-04-21 18:45:56 | WARNING | earnings_surprise_project | forecast 688765.SH failed after retries: 抱歉，您访问接口(forecast)频率超限(200次/分钟)，具体频次详情：https://tushare.pro/document/1?doc_id=108。
2026-04-21 18:45:56 | WARNING | earnings_surprise_project | forecast 688767.SH failed after retries: 抱歉，您访问接口(forecast)频率超限(200次/分钟)，具体频次详情：https://tushare.pro/document/1?doc_id=108。
2026-04-21 18:45:59 | WARNING | earnings_surprise_project | forecast 688768.SH failed after retries: 抱歉，您访问接口(forecast)频率超限(200次/分钟)，具体频次详情：https://tushare.pro/document/1?doc_id=108。
2026-04-21 18:45:59 | WARNING | earnings_surprise_project | forecast 688772.SH failed after retries: 抱歉，您访问接口(forecast)频率超限(200次/分钟)，具体频次详情：https://tushare.pro/document/1?doc_id=108。
2026-04-21 18:45:59 | WARNING | earnings_surprise_project | forecast 688776.SH failed after retries: 抱歉，您访问接口(forecast)频率超限(200次/分钟)，具体频次详情：https://tushare.pro/document/1?doc_id=108。
2026-04-21 18:45:59 | WARNING | earnings_surprise_project | forecast 688775.SH failed after retries: 抱歉，您访问接口(forecast)频率超限(200次/分钟)，具体频次详情：https://tushare.pro/document/1?doc_id=108。
2026-04-21 18:45:59 | WARNING | earnings_surprise_project | forecast 688777.SH failed after retries: 抱歉，您访问接口(forecast)频率超限(200次/分钟)，具体频次详情：https://tushare.pro/document/1?doc_id=108。
2026-04-21 18:45:59 | WARNING | earnings_surprise_project | forecast 688778.SH failed after retries: 抱歉，您访问接口(forecast)频率超限(200次/分钟)，具体频次详情：https://tushare.pro/document/1?doc_id=108。
2026-04-21 18:45:59 | WARNING | earnings_surprise_project | forecast 688779.SH failed after retries: 抱歉，您访问接口(forecast)频率超限(200次/分钟)，具体频次详情：https://tushare.pro/document/1?doc_id=108。
2026-04-21 18:45:59 | WARNING | earnings_surprise_project | forecast 688781.SH failed after retries: 抱歉，您访问接口(forecast)频率超限(200次/分钟)，具体频次详情：https://tushare.pro/document/1?doc_id=108。
2026-04-21 18:46:02 | WARNING | earnings_surprise_project | forecast 688783.SH failed after retries: 抱歉，您访问接口(forecast)频率超限(200次/分钟)，具体频次详情：https://tushare.pro/document/1?doc_id=108。
2026-04-21 18:46:02 | WARNING | earnings_surprise_project | forecast 688785.SH failed after retries: 抱歉，您访问接口(forecast)频率超限(200次/分钟)，具体频次详情：https://tushare.pro/document/1?doc_id=108。
2026-04-21 18:46:02 | WARNING | earnings_surprise_project | forecast 688786.SH failed after retries: 抱歉，您访问接口(forecast)频率超限(200次/分钟)，具体频次详情：https://tushare.pro/document/1?doc_id=108。
2026-04-21 18:46:02 | WARNING | earnings_surprise_project | forecast 688787.SH failed after retries: 抱歉，您访问接口(forecast)频率超限(200次/分钟)，具体频次详情：https://tushare.pro/document/1?doc_id=108。
2026-04-21 18:46:02 | WARNING | earnings_surprise_project | forecast 688788.SH failed after retries: 抱歉，您访问接口(forecast)频率超限(200次/分钟)，具体频次详情：https://tushare.pro/document/1?doc_id=108。
2026-04-21 18:46:02 | WARNING | earnings_surprise_project | forecast 688789.SH failed after retries: 抱歉，您访问接口(forecast)频率超限(200次/分钟)，具体频次详情：https://tushare.pro/document/1?doc_id=108。
2026-04-21 18:46:02 | WARNING | earnings_surprise_project | forecast 688793.SH failed after retries: 抱歉，您访问接口(forecast)频率超限(200次/分钟)，具体频次详情：https://tushare.pro/document/1?doc_id=108。
2026-04-21 18:46:02 | WARNING | earnings_surprise_project | forecast 688790.SH failed after retries: 抱歉，您访问接口(forecast)频率超限(200次/分钟)，具体频次详情：https://tushare.pro/document/1?doc_id=108。
2026-04-21 18:46:05 | WARNING | earnings_surprise_project | forecast 688795.SH failed after retries: 抱歉，您访问接口(forecast)频率超限(200次/分钟)，具体频次详情：https://tushare.pro/document/1?doc_id=108。
2026-04-21 18:46:05 | WARNING | earnings_surprise_project | forecast 688796.SH failed after retries: 抱歉，您访问接口(forecast)频率超限(200次/分钟)，具体频次详情：https://tushare.pro/document/1?doc_id=108。
2026-04-21 18:46:05 | WARNING | earnings_surprise_project | forecast 688798.SH failed after retries: 抱歉，您访问接口(forecast)频率超限(200次/分钟)，具体频次详情：https://tushare.pro/document/1?doc_id=108。
2026-04-21 18:46:05 | WARNING | earnings_surprise_project | forecast 688799.SH failed after retries: 抱歉，您访问接口(forecast)频率超限(200次/分钟)，具体频次详情：https://tushare.pro/document/1?doc_id=108。
2026-04-21 18:46:05 | WARNING | earnings_surprise_project | forecast 688800.SH failed after retries: 抱歉，您访问接口(forecast)频率超限(200次/分钟)，具体频次详情：https://tushare.pro/document/1?doc_id=108。
2026-04-21 18:46:05 | WARNING | earnings_surprise_project | forecast 688802.SH failed after retries: 抱歉，您访问接口(forecast)频率超限(200次/分钟)，具体频次详情：https://tushare.pro/document/1?doc_id=108。
2026-04-21 18:46:06 | WARNING | earnings_surprise_project | forecast 688805.SH failed after retries: 抱歉，您访问接口(forecast)频率超限(200次/分钟)，具体频次详情：https://tushare.pro/document/1?doc_id=108。
2026-04-21 18:46:06 | WARNING | earnings_surprise_project | forecast 688807.SH failed after retries: 抱歉，您访问接口(forecast)频率超限(200次/分钟)，具体频次详情：https://tushare.pro/document/1?doc_id=108。
2026-04-21 18:46:08 | WARNING | earnings_surprise_project | forecast 688809.SH failed after retries: 抱歉，您访问接口(forecast)频率超限(200次/分钟)，具体频次详情：https://tushare.pro/document/1?doc_id=108。
2026-04-21 18:46:09 | WARNING | earnings_surprise_project | forecast 688811.SH failed after retries: 抱歉，您访问接口(forecast)频率超限(200次/分钟)，具体频次详情：https://tushare.pro/document/1?doc_id=108。
2026-04-21 18:46:09 | WARNING | earnings_surprise_project | forecast 688813.SH failed after retries: 抱歉，您访问接口(forecast)频率超限(200次/分钟)，具体频次详情：https://tushare.pro/document/1?doc_id=108。
2026-04-21 18:46:09 | WARNING | earnings_surprise_project | forecast 688816.SH failed after retries: 抱歉，您访问接口(forecast)频率超限(200次/分钟)，具体频次详情：https://tushare.pro/document/1?doc_id=108。
2026-04-21 18:46:09 | WARNING | earnings_surprise_project | forecast 688818.SH failed after retries: 抱歉，您访问接口(forecast)频率超限(200次/分钟)，具体频次详情：https://tushare.pro/document/1?doc_id=108。
2026-04-21 18:46:09 | WARNING | earnings_surprise_project | forecast 688819.SH failed after retries: 抱歉，您访问接口(forecast)频率超限(200次/分钟)，具体频次详情：https://tushare.pro/document/1?doc_id=108。
2026-04-21 18:46:09 | WARNING | earnings_surprise_project | forecast 688820.SH failed after retries: 抱歉，您访问接口(forecast)频率超限(200次/分钟)，具体频次详情：https://tushare.pro/document/1?doc_id=108。
2026-04-21 18:46:09 | WARNING | earnings_surprise_project | forecast 688981.SH failed after retries: 抱歉，您访问接口(forecast)频率超限(200次/分钟)，具体频次详情：https://tushare.pro/document/1?doc_id=108。
2026-04-21 18:46:12 | WARNING | earnings_surprise_project | forecast 920000.BJ failed after retries: 抱歉，您访问接口(forecast)频率超限(200次/分钟)，具体频次详情：https://tushare.pro/document/1?doc_id=108。
2026-04-21 18:46:12 | WARNING | earnings_surprise_project | forecast 689009.SH failed after retries: 抱歉，您访问接口(forecast)频率超限(200次/分钟)，具体频次详情：https://tushare.pro/document/1?doc_id=108。
2026-04-21 18:46:12 | WARNING | earnings_surprise_project | forecast 920005.BJ failed after retries: 抱歉，您访问接口(forecast)频率超限(200次/分钟)，具体频次详情：https://tushare.pro/document/1?doc_id=108。
2026-04-21 18:46:12 | WARNING | earnings_surprise_project | forecast 920002.BJ failed after retries: 抱歉，您访问接口(forecast)频率超限(200次/分钟)，具体频次详情：https://tushare.pro/document/1?doc_id=108。
2026-04-21 18:46:12 | WARNING | earnings_surprise_project | forecast 920003.BJ failed after retries: 抱歉，您访问接口(forecast)频率超限(200次/分钟)，具体频次详情：https://tushare.pro/document/1?doc_id=108。
2026-04-21 18:46:12 | WARNING | earnings_surprise_project | forecast 920001.BJ failed after retries: 抱歉，您访问接口(forecast)频率超限(200次/分钟)，具体频次详情：https://tushare.pro/document/1?doc_id=108。
2026-04-21 18:46:12 | WARNING | earnings_surprise_project | forecast 920006.BJ failed after retries: 抱歉，您访问接口(forecast)频率超限(200次/分钟)，具体频次详情：https://tushare.pro/document/1?doc_id=108。
2026-04-21 18:46:12 | WARNING | earnings_surprise_project | forecast 920007.BJ failed after retries: 抱歉，您访问接口(forecast)频率超限(200次/分钟)，具体频次详情：https://tushare.pro/document/1?doc_id=108。
2026-04-21 18:46:15 | WARNING | earnings_surprise_project | forecast 920009.BJ failed after retries: 抱歉，您访问接口(forecast)频率超限(200次/分钟)，具体频次详情：https://tushare.pro/document/1?doc_id=108。
2026-04-21 18:46:15 | WARNING | earnings_surprise_project | forecast 920014.BJ failed after retries: 抱歉，您访问接口(forecast)频率超限(200次/分钟)，具体频次详情：https://tushare.pro/document/1?doc_id=108。
2026-04-21 18:46:15 | WARNING | earnings_surprise_project | forecast 920010.BJ failed after retries: 抱歉，您访问接口(forecast)频率超限(200次/分钟)，具体频次详情：https://tushare.pro/document/1?doc_id=108。
2026-04-21 18:46:15 | WARNING | earnings_surprise_project | forecast 920015.BJ failed after retries: 抱歉，您访问接口(forecast)频率超限(200次/分钟)，具体频次详情：https://tushare.pro/document/1?doc_id=108。
2026-04-21 18:46:15 | WARNING | earnings_surprise_project | forecast 920011.BJ failed after retries: 抱歉，您访问接口(forecast)频率超限(200次/分钟)，具体频次详情：https://tushare.pro/document/1?doc_id=108。
2026-04-21 18:46:15 | WARNING | earnings_surprise_project | forecast 920012.BJ failed after retries: 抱歉，您访问接口(forecast)频率超限(200次/分钟)，具体频次详情：https://tushare.pro/document/1?doc_id=108。
2026-04-21 18:46:15 | WARNING | earnings_surprise_project | forecast 920008.BJ failed after retries: 抱歉，您访问接口(forecast)频率超限(200次/分钟)，具体频次详情：https://tushare.pro/document/1?doc_id=108。
2026-04-21 18:46:15 | WARNING | earnings_surprise_project | forecast 920016.BJ failed after retries: 抱歉，您访问接口(forecast)频率超限(200次/分钟)，具体频次详情：https://tushare.pro/document/1?doc_id=108。
2026-04-21 18:46:18 | WARNING | earnings_surprise_project | forecast 920019.BJ failed after retries: 抱歉，您访问接口(forecast)频率超限(200次/分钟)，具体频次详情：https://tushare.pro/document/1?doc_id=108。
2026-04-21 18:46:18 | WARNING | earnings_surprise_project | forecast 920018.BJ failed after retries: 抱歉，您访问接口(forecast)频率超限(200次/分钟)，具体频次详情：https://tushare.pro/document/1?doc_id=108。
2026-04-21 18:46:18 | WARNING | earnings_surprise_project | forecast 920017.BJ failed after retries: 抱歉，您访问接口(forecast)频率超限(200次/分钟)，具体频次详情：https://tushare.pro/document/1?doc_id=108。
2026-04-21 18:46:18 | WARNING | earnings_surprise_project | forecast 920020.BJ failed after retries: 抱歉，您访问接口(forecast)频率超限(200次/分钟)，具体频次详情：https://tushare.pro/document/1?doc_id=108。
2026-04-21 18:46:19 | WARNING | earnings_surprise_project | forecast 920022.BJ failed after retries: 抱歉，您访问接口(forecast)频率超限(200次/分钟)，具体频次详情：https://tushare.pro/document/1?doc_id=108。
2026-04-21 18:46:19 | WARNING | earnings_surprise_project | forecast 920021.BJ failed after retries: 抱歉，您访问接口(forecast)频率超限(200次/分钟)，具体频次详情：https://tushare.pro/document/1?doc_id=108。
2026-04-21 18:46:19 | WARNING | earnings_surprise_project | forecast 920026.BJ failed after retries: 抱歉，您访问接口(forecast)频率超限(200次/分钟)，具体频次详情：https://tushare.pro/document/1?doc_id=108。
2026-04-21 18:46:19 | WARNING | earnings_surprise_project | forecast 920023.BJ failed after retries: 抱歉，您访问接口(forecast)频率超限(200次/分钟)，具体频次详情：https://tushare.pro/document/1?doc_id=108。
2026-04-21 18:46:22 | WARNING | earnings_surprise_project | forecast 920027.BJ failed after retries: 抱歉，您访问接口(forecast)频率超限(200次/分钟)，具体频次详情：https://tushare.pro/document/1?doc_id=108。
2026-04-21 18:46:22 | WARNING | earnings_surprise_project | forecast 920028.BJ failed after retries: 抱歉，您访问接口(forecast)频率超限(200次/分钟)，具体频次详情：https://tushare.pro/document/1?doc_id=108。
2026-04-21 18:46:22 | WARNING | earnings_surprise_project | forecast 920029.BJ failed after retries: 抱歉，您访问接口(forecast)频率超限(200次/分钟)，具体频次详情：https://tushare.pro/document/1?doc_id=108。
2026-04-21 18:46:22 | WARNING | earnings_surprise_project | forecast 920030.BJ failed after retries: 抱歉，您访问接口(forecast)频率超限(200次/分钟)，具体频次详情：https://tushare.pro/document/1?doc_id=108。
2026-04-21 18:46:22 | WARNING | earnings_surprise_project | forecast 920035.BJ failed after retries: 抱歉，您访问接口(forecast)频率超限(200次/分钟)，具体频次详情：https://tushare.pro/document/1?doc_id=108。
2026-04-21 18:46:22 | WARNING | earnings_surprise_project | forecast 920033.BJ failed after retries: 抱歉，您访问接口(forecast)频率超限(200次/分钟)，具体频次详情：https://tushare.pro/document/1?doc_id=108。
2026-04-21 18:46:22 | WARNING | earnings_surprise_project | forecast 920036.BJ failed after retries: 抱歉，您访问接口(forecast)频率超限(200次/分钟)，具体频次详情：https://tushare.pro/document/1?doc_id=108。
2026-04-21 18:46:22 | WARNING | earnings_surprise_project | forecast 920037.BJ failed after retries: 抱歉，您访问接口(forecast)频率超限(200次/分钟)，具体频次详情：https://tushare.pro/document/1?doc_id=108。
2026-04-21 18:46:25 | WARNING | earnings_surprise_project | forecast 920045.BJ failed after retries: 抱歉，您访问接口(forecast)频率超限(200次/分钟)，具体频次详情：https://tushare.pro/document/1?doc_id=108。
2026-04-21 18:46:25 | WARNING | earnings_surprise_project | forecast 920046.BJ failed after retries: 抱歉，您访问接口(forecast)频率超限(200次/分钟)，具体频次详情：https://tushare.pro/document/1?doc_id=108。
2026-04-21 18:46:25 | WARNING | earnings_surprise_project | forecast 920039.BJ failed after retries: 抱歉，您访问接口(forecast)频率超限(200次/分钟)，具体频次详情：https://tushare.pro/document/1?doc_id=108。
2026-04-21 18:46:25 | WARNING | earnings_surprise_project | forecast 920047.BJ failed after retries: 抱歉，您访问接口(forecast)频率超限(200次/分钟)，具体频次详情：https://tushare.pro/document/1?doc_id=108。
2026-04-21 18:46:25 | WARNING | earnings_surprise_project | forecast 920050.BJ failed after retries: 抱歉，您访问接口(forecast)频率超限(200次/分钟)，具体频次详情：https://tushare.pro/document/1?doc_id=108。
2026-04-21 18:46:25 | WARNING | earnings_surprise_project | forecast 920055.BJ failed after retries: 抱歉，您访问接口(forecast)频率超限(200次/分钟)，具体频次详情：https://tushare.pro/document/1?doc_id=108。
2026-04-21 18:46:25 | WARNING | earnings_surprise_project | forecast 920056.BJ failed after retries: 抱歉，您访问接口(forecast)频率超限(200次/分钟)，具体频次详情：https://tushare.pro/document/1?doc_id=108。
2026-04-21 18:46:25 | WARNING | earnings_surprise_project | forecast 920057.BJ failed after retries: 抱歉，您访问接口(forecast)频率超限(200次/分钟)，具体频次详情：https://tushare.pro/document/1?doc_id=108。
2026-04-21 18:46:28 | WARNING | earnings_surprise_project | forecast 920061.BJ failed after retries: 抱歉，您访问接口(forecast)频率超限(200次/分钟)，具体频次详情：https://tushare.pro/document/1?doc_id=108。
2026-04-21 18:46:28 | WARNING | earnings_surprise_project | forecast 920060.BJ failed after retries: 抱歉，您访问接口(forecast)频率超限(200次/分钟)，具体频次详情：https://tushare.pro/document/1?doc_id=108。
2026-04-21 18:46:28 | WARNING | earnings_surprise_project | forecast 920058.BJ failed after retries: 抱歉，您访问接口(forecast)频率超限(200次/分钟)，具体频次详情：https://tushare.pro/document/1?doc_id=108。
2026-04-21 18:46:28 | WARNING | earnings_surprise_project | forecast 920066.BJ failed after retries: 抱歉，您访问接口(forecast)频率超限(200次/分钟)，具体频次详情：https://tushare.pro/document/1?doc_id=108。
2026-04-21 18:46:28 | WARNING | earnings_surprise_project | forecast 920062.BJ failed after retries: 抱歉，您访问接口(forecast)频率超限(200次/分钟)，具体频次详情：https://tushare.pro/document/1?doc_id=108。
2026-04-21 18:46:28 | WARNING | earnings_surprise_project | forecast 920068.BJ failed after retries: 抱歉，您访问接口(forecast)频率超限(200次/分钟)，具体频次详情：https://tushare.pro/document/1?doc_id=108。
2026-04-21 18:46:28 | WARNING | earnings_surprise_project | forecast 920069.BJ failed after retries: 抱歉，您访问接口(forecast)频率超限(200次/分钟)，具体频次详情：https://tushare.pro/document/1?doc_id=108。
2026-04-21 18:46:28 | WARNING | earnings_surprise_project | forecast 920075.BJ failed after retries: 抱歉，您访问接口(forecast)频率超限(200次/分钟)，具体频次详情：https://tushare.pro/document/1?doc_id=108。
2026-04-21 18:46:31 | WARNING | earnings_surprise_project | forecast 920078.BJ failed after retries: 抱歉，您访问接口(forecast)频率超限(200次/分钟)，具体频次详情：https://tushare.pro/document/1?doc_id=108。
2026-04-21 18:46:31 | WARNING | earnings_surprise_project | forecast 920076.BJ failed after retries: 抱歉，您访问接口(forecast)频率超限(200次/分钟)，具体频次详情：https://tushare.pro/document/1?doc_id=108。
2026-04-21 18:46:31 | WARNING | earnings_surprise_project | forecast 920077.BJ failed after retries: 抱歉，您访问接口(forecast)频率超限(200次/分钟)，具体频次详情：https://tushare.pro/document/1?doc_id=108。
2026-04-21 18:46:31 | WARNING | earnings_surprise_project | forecast 920080.BJ failed after retries: 抱歉，您访问接口(forecast)频率超限(200次/分钟)，具体频次详情：https://tushare.pro/document/1?doc_id=108。
2026-04-21 18:46:31 | WARNING | earnings_surprise_project | forecast 920082.BJ failed after retries: 抱歉，您访问接口(forecast)频率超限(200次/分钟)，具体频次详情：https://tushare.pro/document/1?doc_id=108。
2026-04-21 18:46:31 | WARNING | earnings_surprise_project | forecast 920086.BJ failed after retries: 抱歉，您访问接口(forecast)频率超限(200次/分钟)，具体频次详情：https://tushare.pro/document/1?doc_id=108。
2026-04-21 18:46:32 | WARNING | earnings_surprise_project | forecast 920087.BJ failed after retries: 抱歉，您访问接口(forecast)频率超限(200次/分钟)，具体频次详情：https://tushare.pro/document/1?doc_id=108。
2026-04-21 18:46:32 | WARNING | earnings_surprise_project | forecast 920088.BJ failed after retries: 抱歉，您访问接口(forecast)频率超限(200次/分钟)，具体频次详情：https://tushare.pro/document/1?doc_id=108。
2026-04-21 18:46:43 | WARNING | earnings_surprise_project | forecast 920790.BJ failed after retries: 抱歉，您访问接口(forecast)频率超限(200次/分钟)，具体频次详情：https://tushare.pro/document/1?doc_id=108。
2026-04-21 18:46:43 | WARNING | earnings_surprise_project | forecast 920799.BJ failed after retries: 抱歉，您访问接口(forecast)频率超限(200次/分钟)，具体频次详情：https://tushare.pro/document/1?doc_id=108。
2026-04-21 18:46:43 | WARNING | earnings_surprise_project | forecast 920802.BJ failed after retries: 抱歉，您访问接口(forecast)频率超限(200次/分钟)，具体频次详情：https://tushare.pro/document/1?doc_id=108。
2026-04-21 18:46:43 | WARNING | earnings_surprise_project | forecast 920806.BJ failed after retries: 抱歉，您访问接口(forecast)频率超限(200次/分钟)，具体频次详情：https://tushare.pro/document/1?doc_id=108。
2026-04-21 18:46:43 | WARNING | earnings_surprise_project | forecast 920807.BJ failed after retries: 抱歉，您访问接口(forecast)频率超限(200次/分钟)，具体频次详情：https://tushare.pro/document/1?doc_id=108。
2026-04-21 18:46:43 | WARNING | earnings_surprise_project | forecast 920809.BJ failed after retries: 抱歉，您访问接口(forecast)频率超限(200次/分钟)，具体频次详情：https://tushare.pro/document/1?doc_id=108。
2026-04-21 18:46:43 | WARNING | earnings_surprise_project | forecast 920808.BJ failed after retries: 抱歉，您访问接口(forecast)频率超限(200次/分钟)，具体频次详情：https://tushare.pro/document/1?doc_id=108。
2026-04-21 18:46:43 | WARNING | earnings_surprise_project | forecast 920810.BJ failed after retries: 抱歉，您访问接口(forecast)频率超限(200次/分钟)，具体频次详情：https://tushare.pro/document/1?doc_id=108。
2026-04-21 18:46:46 | WARNING | earnings_surprise_project | forecast 920819.BJ failed after retries: 抱歉，您访问接口(forecast)频率超限(200次/分钟)，具体频次详情：https://tushare.pro/document/1?doc_id=108。
2026-04-21 18:46:46 | WARNING | earnings_surprise_project | forecast 920832.BJ failed after retries: 抱歉，您访问接口(forecast)频率超限(200次/分钟)，具体频次详情：https://tushare.pro/document/1?doc_id=108。
2026-04-21 18:46:46 | WARNING | earnings_surprise_project | forecast 920834.BJ failed after retries: 抱歉，您访问接口(forecast)频率超限(200次/分钟)，具体频次详情：https://tushare.pro/document/1?doc_id=108。
2026-04-21 18:46:46 | WARNING | earnings_surprise_project | forecast 920826.BJ failed after retries: 抱歉，您访问接口(forecast)频率超限(200次/分钟)，具体频次详情：https://tushare.pro/document/1?doc_id=108。
2026-04-21 18:46:46 | WARNING | earnings_surprise_project | forecast 920833.BJ failed after retries: 抱歉，您访问接口(forecast)频率超限(200次/分钟)，具体频次详情：https://tushare.pro/document/1?doc_id=108。
2026-04-21 18:46:46 | WARNING | earnings_surprise_project | forecast 920837.BJ failed after retries: 抱歉，您访问接口(forecast)频率超限(200次/分钟)，具体频次详情：https://tushare.pro/document/1?doc_id=108。
2026-04-21 18:46:46 | WARNING | earnings_surprise_project | forecast 920821.BJ failed after retries: 抱歉，您访问接口(forecast)频率超限(200次/分钟)，具体频次详情：https://tushare.pro/document/1?doc_id=108。
2026-04-21 18:46:46 | WARNING | earnings_surprise_project | forecast 920839.BJ failed after retries: 抱歉，您访问接口(forecast)频率超限(200次/分钟)，具体频次详情：https://tushare.pro/document/1?doc_id=108。
2026-04-21 18:46:49 | WARNING | earnings_surprise_project | forecast 920855.BJ failed after retries: 抱歉，您访问接口(forecast)频率超限(200次/分钟)，具体频次详情：https://tushare.pro/document/1?doc_id=108。
2026-04-21 18:46:49 | WARNING | earnings_surprise_project | forecast 920856.BJ failed after retries: 抱歉，您访问接口(forecast)频率超限(200次/分钟)，具体频次详情：https://tushare.pro/document/1?doc_id=108。
2026-04-21 18:46:49 | WARNING | earnings_surprise_project | forecast 920857.BJ failed after retries: 抱歉，您访问接口(forecast)频率超限(200次/分钟)，具体频次详情：https://tushare.pro/document/1?doc_id=108。
2026-04-21 18:46:49 | WARNING | earnings_surprise_project | forecast 920870.BJ failed after retries: 抱歉，您访问接口(forecast)频率超限(200次/分钟)，具体频次详情：https://tushare.pro/document/1?doc_id=108。
2026-04-21 18:46:49 | WARNING | earnings_surprise_project | forecast 920873.BJ failed after retries: 抱歉，您访问接口(forecast)频率超限(200次/分钟)，具体频次详情：https://tushare.pro/document/1?doc_id=108。
2026-04-21 18:46:49 | WARNING | earnings_surprise_project | forecast 920866.BJ failed after retries: 抱歉，您访问接口(forecast)频率超限(200次/分钟)，具体频次详情：https://tushare.pro/document/1?doc_id=108。
2026-04-21 18:46:49 | WARNING | earnings_surprise_project | forecast 920871.BJ failed after retries: 抱歉，您访问接口(forecast)频率超限(200次/分钟)，具体频次详情：https://tushare.pro/document/1?doc_id=108。
2026-04-21 18:46:50 | WARNING | earnings_surprise_project | forecast 920876.BJ failed after retries: 抱歉，您访问接口(forecast)频率超限(200次/分钟)，具体频次详情：https://tushare.pro/document/1?doc_id=108。
2026-04-21 18:46:53 | WARNING | earnings_surprise_project | forecast 920879.BJ failed after retries: 抱歉，您访问接口(forecast)频率超限(200次/分钟)，具体频次详情：https://tushare.pro/document/1?doc_id=108。
2026-04-21 18:46:53 | WARNING | earnings_surprise_project | forecast 920885.BJ failed after retries: 抱歉，您访问接口(forecast)频率超限(200次/分钟)，具体频次详情：https://tushare.pro/document/1?doc_id=108。
2026-04-21 18:46:53 | WARNING | earnings_surprise_project | forecast 920892.BJ failed after retries: 抱歉，您访问接口(forecast)频率超限(200次/分钟)，具体频次详情：https://tushare.pro/document/1?doc_id=108。
2026-04-21 18:46:53 | WARNING | earnings_surprise_project | forecast 920895.BJ failed after retries: 抱歉，您访问接口(forecast)频率超限(200次/分钟)，具体频次详情：https://tushare.pro/document/1?doc_id=108。
2026-04-21 18:46:53 | WARNING | earnings_surprise_project | forecast 920906.BJ failed after retries: 抱歉，您访问接口(forecast)频率超限(200次/分钟)，具体频次详情：https://tushare.pro/document/1?doc_id=108。
2026-04-21 18:46:53 | WARNING | earnings_surprise_project | forecast 920896.BJ failed after retries: 抱歉，您访问接口(forecast)频率超限(200次/分钟)，具体频次详情：https://tushare.pro/document/1?doc_id=108。
2026-04-21 18:46:53 | WARNING | earnings_surprise_project | forecast 920914.BJ failed after retries: 抱歉，您访问接口(forecast)频率超限(200次/分钟)，具体频次详情：https://tushare.pro/document/1?doc_id=108。
2026-04-21 18:46:53 | WARNING | earnings_surprise_project | forecast 920924.BJ failed after retries: 抱歉，您访问接口(forecast)频率超限(200次/分钟)，具体频次详情：https://tushare.pro/document/1?doc_id=108。
2026-04-21 18:46:56 | WARNING | earnings_surprise_project | forecast 920925.BJ failed after retries: 抱歉，您访问接口(forecast)频率超限(200次/分钟)，具体频次详情：https://tushare.pro/document/1?doc_id=108。
2026-04-21 18:46:56 | WARNING | earnings_surprise_project | forecast 920926.BJ failed after retries: 抱歉，您访问接口(forecast)频率超限(200次/分钟)，具体频次详情：https://tushare.pro/document/1?doc_id=108。
2026-04-21 18:46:56 | WARNING | earnings_surprise_project | forecast 920931.BJ failed after retries: 抱歉，您访问接口(forecast)频率超限(200次/分钟)，具体频次详情：https://tushare.pro/document/1?doc_id=108。
2026-04-21 18:46:56 | WARNING | earnings_surprise_project | forecast 920932.BJ failed after retries: 抱歉，您访问接口(forecast)频率超限(200次/分钟)，具体频次详情：https://tushare.pro/document/1?doc_id=108。
2026-04-21 18:46:56 | WARNING | earnings_surprise_project | forecast 920942.BJ failed after retries: 抱歉，您访问接口(forecast)频率超限(200次/分钟)，具体频次详情：https://tushare.pro/document/1?doc_id=108。
2026-04-21 18:46:56 | WARNING | earnings_surprise_project | forecast 920946.BJ failed after retries: 抱歉，您访问接口(forecast)频率超限(200次/分钟)，具体频次详情：https://tushare.pro/document/1?doc_id=108。
2026-04-21 18:46:56 | WARNING | earnings_surprise_project | forecast 920943.BJ failed after retries: 抱歉，您访问接口(forecast)频率超限(200次/分钟)，具体频次详情：https://tushare.pro/document/1?doc_id=108。
2026-04-21 18:46:56 | WARNING | earnings_surprise_project | forecast 920950.BJ failed after retries: 抱歉，您访问接口(forecast)频率超限(200次/分钟)，具体频次详情：https://tushare.pro/document/1?doc_id=108。
2026-04-21 18:46:59 | WARNING | earnings_surprise_project | forecast 920953.BJ failed after retries: 抱歉，您访问接口(forecast)频率超限(200次/分钟)，具体频次详情：https://tushare.pro/document/1?doc_id=108。
2026-04-21 18:46:59 | WARNING | earnings_surprise_project | forecast 920964.BJ failed after retries: 抱歉，您访问接口(forecast)频率超限(200次/分钟)，具体频次详情：https://tushare.pro/document/1?doc_id=108。
2026-04-21 18:46:59 | WARNING | earnings_surprise_project | forecast 920957.BJ failed after retries: 抱歉，您访问接口(forecast)频率超限(200次/分钟)，具体频次详情：https://tushare.pro/document/1?doc_id=108。
2026-04-21 18:46:59 | WARNING | earnings_surprise_project | forecast 920961.BJ failed after retries: 抱歉，您访问接口(forecast)频率超限(200次/分钟)，具体频次详情：https://tushare.pro/document/1?doc_id=108。
2026-04-21 18:46:59 | WARNING | earnings_surprise_project | forecast 920970.BJ failed after retries: 抱歉，您访问接口(forecast)频率超限(200次/分钟)，具体频次详情：https://tushare.pro/document/1?doc_id=108。
2026-04-21 18:46:59 | WARNING | earnings_surprise_project | forecast 920971.BJ failed after retries: 抱歉，您访问接口(forecast)频率超限(200次/分钟)，具体频次详情：https://tushare.pro/document/1?doc_id=108。
2026-04-21 18:46:59 | WARNING | earnings_surprise_project | forecast 920974.BJ failed after retries: 抱歉，您访问接口(forecast)频率超限(200次/分钟)，具体频次详情：https://tushare.pro/document/1?doc_id=108。
2026-04-21 18:46:59 | WARNING | earnings_surprise_project | forecast 920976.BJ failed after retries: 抱歉，您访问接口(forecast)频率超限(200次/分钟)，具体频次详情：https://tushare.pro/document/1?doc_id=108。
2026-04-21 18:47:02 | WARNING | earnings_surprise_project | forecast 920981.BJ failed after retries: 抱歉，您访问接口(forecast)频率超限(200次/分钟)，具体频次详情：https://tushare.pro/document/1?doc_id=108。
2026-04-21 18:47:02 | WARNING | earnings_surprise_project | forecast 920978.BJ failed after retries: 抱歉，您访问接口(forecast)频率超限(200次/分钟)，具体频次详情：https://tushare.pro/document/1?doc_id=108。
2026-04-21 18:47:02 | WARNING | earnings_surprise_project | forecast 920982.BJ failed after retries: 抱歉，您访问接口(forecast)频率超限(200次/分钟)，具体频次详情：https://tushare.pro/document/1?doc_id=108。
2026-04-21 18:47:02 | WARNING | earnings_surprise_project | forecast 920992.BJ failed after retries: 抱歉，您访问接口(forecast)频率超限(200次/分钟)，具体频次详情：https://tushare.pro/document/1?doc_id=108。
2026-04-21 18:47:02 | WARNING | earnings_surprise_project | forecast 920985.BJ failed after retries: 抱歉，您访问接口(forecast)频率超限(200次/分钟)，具体频次详情：https://tushare.pro/document/1?doc_id=108。
2026-04-21 18:47:03 | INFO | earnings_surprise_project | Guidance rows collected: 46247
2026-04-21 18:47:35 | WARNING | earnings_surprise_project | daily 002837.SZ failed after retries: 抱歉，您访问接口(daily)频率超限(500次/分钟)，具体频次详情：https://tushare.pro/document/1?doc_id=108。
2026-04-21 18:47:35 | WARNING | earnings_surprise_project | daily 002838.SZ failed after retries: 抱歉，您访问接口(daily)频率超限(500次/分钟)，具体频次详情：https://tushare.pro/document/1?doc_id=108。
2026-04-21 18:47:35 | WARNING | earnings_surprise_project | daily 002841.SZ failed after retries: 抱歉，您访问接口(daily)频率超限(500次/分钟)，具体频次详情：https://tushare.pro/document/1?doc_id=108。
2026-04-21 18:47:35 | WARNING | earnings_surprise_project | daily 002842.SZ failed after retries: 抱歉，您访问接口(daily)频率超限(500次/分钟)，具体频次详情：https://tushare.pro/document/1?doc_id=108。
2026-04-21 18:47:35 | WARNING | earnings_surprise_project | daily 002839.SZ failed after retries: 抱歉，您访问接口(daily)频率超限(500次/分钟)，具体频次详情：https://tushare.pro/document/1?doc_id=108。
2026-04-21 18:47:35 | WARNING | earnings_surprise_project | daily 002840.SZ failed after retries: 抱歉，您访问接口(daily)频率超限(500次/分钟)，具体频次详情：https://tushare.pro/document/1?doc_id=108。
2026-04-21 18:47:35 | WARNING | earnings_surprise_project | daily 002843.SZ failed after retries: 抱歉，您访问接口(daily)频率超限(500次/分钟)，具体频次详情：https://tushare.pro/document/1?doc_id=108。
2026-04-21 18:47:35 | WARNING | earnings_surprise_project | daily 002845.SZ failed after retries: 抱歉，您访问接口(daily)频率超限(500次/分钟)，具体频次详情：https://tushare.pro/document/1?doc_id=108。
2026-04-21 18:47:39 | WARNING | earnings_surprise_project | daily 002846.SZ failed after retries: 抱歉，您访问接口(daily)频率超限(500次/分钟)，具体频次详情：https://tushare.pro/document/1?doc_id=108。
2026-04-21 18:47:39 | WARNING | earnings_surprise_project | daily 002847.SZ failed after retries: 抱歉，您访问接口(daily)频率超限(500次/分钟)，具体频次详情：https://tushare.pro/document/1?doc_id=108。
2026-04-21 18:47:39 | WARNING | earnings_surprise_project | daily 002849.SZ failed after retries: 抱歉，您访问接口(daily)频率超限(500次/分钟)，具体频次详情：https://tushare.pro/document/1?doc_id=108。
2026-04-21 18:47:39 | WARNING | earnings_surprise_project | daily 002848.SZ failed after retries: 抱歉，您访问接口(daily)频率超限(500次/分钟)，具体频次详情：https://tushare.pro/document/1?doc_id=108。
2026-04-21 18:47:39 | WARNING | earnings_surprise_project | daily 002850.SZ failed after retries: 抱歉，您访问接口(daily)频率超限(500次/分钟)，具体频次详情：https://tushare.pro/document/1?doc_id=108。
2026-04-21 18:47:39 | WARNING | earnings_surprise_project | daily 002851.SZ failed after retries: 抱歉，您访问接口(daily)频率超限(500次/分钟)，具体频次详情：https://tushare.pro/document/1?doc_id=108。
2026-04-21 18:47:39 | WARNING | earnings_surprise_project | daily 002853.SZ failed after retries: 抱歉，您访问接口(daily)频率超限(500次/分钟)，具体频次详情：https://tushare.pro/document/1?doc_id=108。
2026-04-21 18:47:39 | WARNING | earnings_surprise_project | daily 002852.SZ failed after retries: 抱歉，您访问接口(daily)频率超限(500次/分钟)，具体频次详情：https://tushare.pro/document/1?doc_id=108。
2026-04-21 18:47:40 | WARNING | earnings_surprise_project | Akshare daily fallback failed for 002847.SZ: ('Connection aborted.', RemoteDisconnected('Remote end closed connection without response'))
2026-04-21 18:47:40 | WARNING | earnings_surprise_project | Akshare daily fallback failed for 002851.SZ: ('Connection aborted.', RemoteDisconnected('Remote end closed connection without response'))
2026-04-21 18:47:40 | WARNING | earnings_surprise_project | Akshare daily fallback failed for 002850.SZ: ('Connection aborted.', RemoteDisconnected('Remote end closed connection without response'))
2026-04-21 18:47:40 | WARNING | earnings_surprise_project | Akshare daily fallback failed for 002852.SZ: ('Connection aborted.', RemoteDisconnected('Remote end closed connection without response'))
2026-04-21 18:47:40 | WARNING | earnings_surprise_project | Akshare daily fallback failed for 002853.SZ: ('Connection aborted.', RemoteDisconnected('Remote end closed connection without response'))
2026-04-21 18:47:43 | WARNING | earnings_surprise_project | daily 002855.SZ failed after retries: 抱歉，您访问接口(daily)频率超限(500次/分钟)，具体频次详情：https://tushare.pro/document/1?doc_id=108。
2026-04-21 18:47:43 | WARNING | earnings_surprise_project | daily 002856.SZ failed after retries: 抱歉，您访问接口(daily)频率超限(500次/分钟)，具体频次详情：https://tushare.pro/document/1?doc_id=108。
2026-04-21 18:47:43 | WARNING | earnings_surprise_project | daily 002857.SZ failed after retries: 抱歉，您访问接口(daily)频率超限(500次/分钟)，具体频次详情：https://tushare.pro/document/1?doc_id=108。
2026-04-21 18:47:43 | WARNING | earnings_surprise_project | daily 002858.SZ failed after retries: 抱歉，您访问接口(daily)频率超限(500次/分钟)，具体频次详情：https://tushare.pro/document/1?doc_id=108。
2026-04-21 18:47:43 | WARNING | earnings_surprise_project | daily 002859.SZ failed after retries: 抱歉，您访问接口(daily)频率超限(500次/分钟)，具体频次详情：https://tushare.pro/document/1?doc_id=108。
2026-04-21 18:47:43 | WARNING | earnings_surprise_project | daily 002860.SZ failed after retries: 抱歉，您访问接口(daily)频率超限(500次/分钟)，具体频次详情：https://tushare.pro/document/1?doc_id=108。
2026-04-21 18:47:43 | WARNING | earnings_surprise_project | daily 002861.SZ failed after retries: 抱歉，您访问接口(daily)频率超限(500次/分钟)，具体频次详情：https://tushare.pro/document/1?doc_id=108。
2026-04-21 18:47:43 | WARNING | earnings_surprise_project | Akshare daily fallback failed for 002855.SZ: ('Connection aborted.', RemoteDisconnected('Remote end closed connection without response'))
2026-04-21 18:47:43 | WARNING | earnings_surprise_project | daily 002862.SZ failed after retries: 抱歉，您访问接口(daily)频率超限(500次/分钟)，具体频次详情：https://tushare.pro/document/1?doc_id=108。
2026-04-21 18:47:44 | WARNING | earnings_surprise_project | Akshare daily fallback failed for 002856.SZ: ('Connection aborted.', RemoteDisconnected('Remote end closed connection without response'))
2026-04-21 18:47:44 | WARNING | earnings_surprise_project | Akshare daily fallback failed for 002857.SZ: ('Connection aborted.', RemoteDisconnected('Remote end closed connection without response'))
2026-04-21 18:47:44 | WARNING | earnings_surprise_project | Akshare daily fallback failed for 002859.SZ: ('Connection aborted.', RemoteDisconnected('Remote end closed connection without response'))
2026-04-21 18:47:44 | WARNING | earnings_surprise_project | Akshare daily fallback failed for 002860.SZ: ('Connection aborted.', RemoteDisconnected('Remote end closed connection without response'))
2026-04-21 18:47:44 | WARNING | earnings_surprise_project | Akshare daily fallback failed for 002858.SZ: ('Connection aborted.', RemoteDisconnected('Remote end closed connection without response'))
2026-04-21 18:47:44 | WARNING | earnings_surprise_project | Akshare daily fallback failed for 002861.SZ: ('Connection aborted.', RemoteDisconnected('Remote end closed connection without response'))
2026-04-21 18:47:44 | WARNING | earnings_surprise_project | Akshare daily fallback failed for 002862.SZ: ('Connection aborted.', RemoteDisconnected('Remote end closed connection without response'))
2026-04-21 18:47:46 | WARNING | earnings_surprise_project | daily 002863.SZ failed after retries: 抱歉，您访问接口(daily)频率超限(500次/分钟)，具体频次详情：https://tushare.pro/document/1?doc_id=108。
2026-04-21 18:47:47 | WARNING | earnings_surprise_project | daily 002865.SZ failed after retries: 抱歉，您访问接口(daily)频率超限(500次/分钟)，具体频次详情：https://tushare.pro/document/1?doc_id=108。
2026-04-21 18:47:47 | WARNING | earnings_surprise_project | daily 002864.SZ failed after retries: 抱歉，您访问接口(daily)频率超限(500次/分钟)，具体频次详情：https://tushare.pro/document/1?doc_id=108。
2026-04-21 18:47:47 | WARNING | earnings_surprise_project | daily 002866.SZ failed after retries: 抱歉，您访问接口(daily)频率超限(500次/分钟)，具体频次详情：https://tushare.pro/document/1?doc_id=108。
2026-04-21 18:47:47 | WARNING | earnings_surprise_project | Akshare daily fallback failed for 002863.SZ: ('Connection aborted.', RemoteDisconnected('Remote end closed connection without response'))
2026-04-21 18:47:47 | WARNING | earnings_surprise_project | daily 002868.SZ failed after retries: 抱歉，您访问接口(daily)频率超限(500次/分钟)，具体频次详情：https://tushare.pro/document/1?doc_id=108。
2026-04-21 18:47:47 | WARNING | earnings_surprise_project | daily 002867.SZ failed after retries: 抱歉，您访问接口(daily)频率超限(500次/分钟)，具体频次详情：https://tushare.pro/document/1?doc_id=108。
2026-04-21 18:47:47 | WARNING | earnings_surprise_project | daily 002869.SZ failed after retries: 抱歉，您访问接口(daily)频率超限(500次/分钟)，具体频次详情：https://tushare.pro/document/1?doc_id=108。
2026-04-21 18:47:47 | WARNING | earnings_surprise_project | daily 002870.SZ failed after retries: 抱歉，您访问接口(daily)频率超限(500次/分钟)，具体频次详情：https://tushare.pro/document/1?doc_id=108。
2026-04-21 18:47:48 | WARNING | earnings_surprise_project | Akshare daily fallback failed for 002865.SZ: ('Connection aborted.', RemoteDisconnected('Remote end closed connection without response'))
2026-04-21 18:47:48 | WARNING | earnings_surprise_project | Akshare daily fallback failed for 002864.SZ: ('Connection aborted.', RemoteDisconnected('Remote end closed connection without response'))
2026-04-21 18:47:48 | WARNING | earnings_surprise_project | Akshare daily fallback failed for 002866.SZ: ('Connection aborted.', RemoteDisconnected('Remote end closed connection without response'))
2026-04-21 18:47:48 | WARNING | earnings_surprise_project | Akshare daily fallback failed for 002868.SZ: ('Connection aborted.', RemoteDisconnected('Remote end closed connection without response'))
2026-04-21 18:47:48 | WARNING | earnings_surprise_project | Akshare daily fallback failed for 002867.SZ: ('Connection aborted.', RemoteDisconnected('Remote end closed connection without response'))
2026-04-21 18:47:48 | WARNING | earnings_surprise_project | Akshare daily fallback failed for 002869.SZ: ('Connection aborted.', RemoteDisconnected('Remote end closed connection without response'))
2026-04-21 18:47:48 | WARNING | earnings_surprise_project | Akshare daily fallback failed for 002870.SZ: ('Connection aborted.', RemoteDisconnected('Remote end closed connection without response'))
2026-04-21 18:47:50 | WARNING | earnings_surprise_project | daily 002871.SZ failed after retries: 抱歉，您访问接口(daily)频率超限(500次/分钟)，具体频次详情：https://tushare.pro/document/1?doc_id=108。
2026-04-21 18:47:51 | WARNING | earnings_surprise_project | Akshare daily fallback failed for 002871.SZ: ('Connection aborted.', RemoteDisconnected('Remote end closed connection without response'))
2026-04-21 18:47:51 | WARNING | earnings_surprise_project | daily 002872.SZ failed after retries: 抱歉，您访问接口(daily)频率超限(500次/分钟)，具体频次详情：https://tushare.pro/document/1?doc_id=108。
2026-04-21 18:47:51 | WARNING | earnings_surprise_project | daily 002875.SZ failed after retries: 抱歉，您访问接口(daily)频率超限(500次/分钟)，具体频次详情：https://tushare.pro/document/1?doc_id=108。
2026-04-21 18:47:51 | WARNING | earnings_surprise_project | daily 002873.SZ failed after retries: 抱歉，您访问接口(daily)频率超限(500次/分钟)，具体频次详情：https://tushare.pro/document/1?doc_id=108。
2026-04-21 18:47:51 | WARNING | earnings_surprise_project | daily 002876.SZ failed after retries: 抱歉，您访问接口(daily)频率超限(500次/分钟)，具体频次详情：https://tushare.pro/document/1?doc_id=108。
2026-04-21 18:47:51 | WARNING | earnings_surprise_project | daily 002878.SZ failed after retries: 抱歉，您访问接口(daily)频率超限(500次/分钟)，具体频次详情：https://tushare.pro/document/1?doc_id=108。
2026-04-21 18:47:51 | WARNING | earnings_surprise_project | daily 002877.SZ failed after retries: 抱歉，您访问接口(daily)频率超限(500次/分钟)，具体频次详情：https://tushare.pro/document/1?doc_id=108。
2026-04-21 18:47:51 | WARNING | earnings_surprise_project | daily 002879.SZ failed after retries: 抱歉，您访问接口(daily)频率超限(500次/分钟)，具体频次详情：https://tushare.pro/document/1?doc_id=108。
2026-04-21 18:47:51 | WARNING | earnings_surprise_project | Akshare daily fallback failed for 002872.SZ: ('Connection aborted.', RemoteDisconnected('Remote end closed connection without response'))
2026-04-21 18:47:52 | WARNING | earnings_surprise_project | Akshare daily fallback failed for 002875.SZ: ('Connection aborted.', RemoteDisconnected('Remote end closed connection without response'))
2026-04-21 18:47:52 | WARNING | earnings_surprise_project | Akshare daily fallback failed for 002873.SZ: ('Connection aborted.', RemoteDisconnected('Remote end closed connection without response'))
2026-04-21 18:47:52 | WARNING | earnings_surprise_project | Akshare daily fallback failed for 002876.SZ: ('Connection aborted.', RemoteDisconnected('Remote end closed connection without response'))
2026-04-21 18:47:52 | WARNING | earnings_surprise_project | Akshare daily fallback failed for 002877.SZ: ('Connection aborted.', RemoteDisconnected('Remote end closed connection without response'))
2026-04-21 18:47:52 | WARNING | earnings_surprise_project | Akshare daily fallback failed for 002878.SZ: ('Connection aborted.', RemoteDisconnected('Remote end closed connection without response'))
2026-04-21 18:47:52 | WARNING | earnings_surprise_project | Akshare daily fallback failed for 002879.SZ: ('Connection aborted.', RemoteDisconnected('Remote end closed connection without response'))
2026-04-21 18:47:54 | WARNING | earnings_surprise_project | daily 002880.SZ failed after retries: 抱歉，您访问接口(daily)频率超限(500次/分钟)，具体频次详情：https://tushare.pro/document/1?doc_id=108。
2026-04-21 18:47:55 | WARNING | earnings_surprise_project | daily 002881.SZ failed after retries: 抱歉，您访问接口(daily)频率超限(500次/分钟)，具体频次详情：https://tushare.pro/document/1?doc_id=108。
2026-04-21 18:47:55 | WARNING | earnings_surprise_project | daily 002882.SZ failed after retries: 抱歉，您访问接口(daily)频率超限(500次/分钟)，具体频次详情：https://tushare.pro/document/1?doc_id=108。
2026-04-21 18:47:55 | WARNING | earnings_surprise_project | daily 002883.SZ failed after retries: 抱歉，您访问接口(daily)频率超限(500次/分钟)，具体频次详情：https://tushare.pro/document/1?doc_id=108。
2026-04-21 18:47:55 | WARNING | earnings_surprise_project | daily 002886.SZ failed after retries: 抱歉，您访问接口(daily)频率超限(500次/分钟)，具体频次详情：https://tushare.pro/document/1?doc_id=108。
2026-04-21 18:47:55 | WARNING | earnings_surprise_project | daily 002884.SZ failed after retries: 抱歉，您访问接口(daily)频率超限(500次/分钟)，具体频次详情：https://tushare.pro/document/1?doc_id=108。
2026-04-21 18:47:55 | WARNING | earnings_surprise_project | daily 002885.SZ failed after retries: 抱歉，您访问接口(daily)频率超限(500次/分钟)，具体频次详情：https://tushare.pro/document/1?doc_id=108。
2026-04-21 18:47:55 | WARNING | earnings_surprise_project | daily 002887.SZ failed after retries: 抱歉，您访问接口(daily)频率超限(500次/分钟)，具体频次详情：https://tushare.pro/document/1?doc_id=108。
2026-04-21 18:47:55 | WARNING | earnings_surprise_project | Akshare daily fallback failed for 002881.SZ: ('Connection aborted.', RemoteDisconnected('Remote end closed connection without response'))
2026-04-21 18:47:55 | WARNING | earnings_surprise_project | Akshare daily fallback failed for 002882.SZ: ('Connection aborted.', RemoteDisconnected('Remote end closed connection without response'))
2026-04-21 18:47:56 | WARNING | earnings_surprise_project | Akshare daily fallback failed for 002883.SZ: ('Connection aborted.', RemoteDisconnected('Remote end closed connection without response'))
2026-04-21 18:47:56 | WARNING | earnings_surprise_project | Akshare daily fallback failed for 002880.SZ: ('Connection aborted.', RemoteDisconnected('Remote end closed connection without response'))
2026-04-21 18:47:56 | WARNING | earnings_surprise_project | Akshare daily fallback failed for 002886.SZ: ('Connection aborted.', RemoteDisconnected('Remote end closed connection without response'))
2026-04-21 18:47:56 | WARNING | earnings_surprise_project | Akshare daily fallback failed for 002885.SZ: ('Connection aborted.', RemoteDisconnected('Remote end closed connection without response'))
2026-04-21 18:47:56 | WARNING | earnings_surprise_project | Akshare daily fallback failed for 002884.SZ: ('Connection aborted.', RemoteDisconnected('Remote end closed connection without response'))
2026-04-21 18:47:56 | WARNING | earnings_surprise_project | Akshare daily fallback failed for 002887.SZ: ('Connection aborted.', RemoteDisconnected('Remote end closed connection without response'))
2026-04-21 18:47:59 | WARNING | earnings_surprise_project | daily 002888.SZ failed after retries: 抱歉，您访问接口(daily)频率超限(500次/分钟)，具体频次详情：https://tushare.pro/document/1?doc_id=108。
2026-04-21 18:47:59 | WARNING | earnings_surprise_project | daily 002890.SZ failed after retries: 抱歉，您访问接口(daily)频率超限(500次/分钟)，具体频次详情：https://tushare.pro/document/1?doc_id=108。
2026-04-21 18:47:59 | WARNING | earnings_surprise_project | daily 002889.SZ failed after retries: 抱歉，您访问接口(daily)频率超限(500次/分钟)，具体频次详情：https://tushare.pro/document/1?doc_id=108。
2026-04-21 18:47:59 | WARNING | earnings_surprise_project | daily 002896.SZ failed after retries: 抱歉，您访问接口(daily)频率超限(500次/分钟)，具体频次详情：https://tushare.pro/document/1?doc_id=108。
2026-04-21 18:47:59 | WARNING | earnings_surprise_project | daily 002893.SZ failed after retries: 抱歉，您访问接口(daily)频率超限(500次/分钟)，具体频次详情：https://tushare.pro/document/1?doc_id=108。
2026-04-21 18:47:59 | WARNING | earnings_surprise_project | daily 002895.SZ failed after retries: 抱歉，您访问接口(daily)频率超限(500次/分钟)，具体频次详情：https://tushare.pro/document/1?doc_id=108。
2026-04-21 18:47:59 | WARNING | earnings_surprise_project | daily 002891.SZ failed after retries: 抱歉，您访问接口(daily)频率超限(500次/分钟)，具体频次详情：https://tushare.pro/document/1?doc_id=108。
2026-04-21 18:47:59 | WARNING | earnings_surprise_project | daily 002892.SZ failed after retries: 抱歉，您访问接口(daily)频率超限(500次/分钟)，具体频次详情：https://tushare.pro/document/1?doc_id=108。
2026-04-21 18:47:59 | WARNING | earnings_surprise_project | Akshare daily fallback failed for 002888.SZ: ('Connection aborted.', RemoteDisconnected('Remote end closed connection without response'))
2026-04-21 18:47:59 | WARNING | earnings_surprise_project | Akshare daily fallback failed for 002889.SZ: ('Connection aborted.', RemoteDisconnected('Remote end closed connection without response'))
2026-04-21 18:48:00 | WARNING | earnings_surprise_project | Akshare daily fallback failed for 002893.SZ: ('Connection aborted.', RemoteDisconnected('Remote end closed connection without response'))
2026-04-21 18:48:00 | WARNING | earnings_surprise_project | Akshare daily fallback failed for 002891.SZ: ('Connection aborted.', RemoteDisconnected('Remote end closed connection without response'))
2026-04-21 18:48:00 | WARNING | earnings_surprise_project | Akshare daily fallback failed for 002895.SZ: ('Connection aborted.', RemoteDisconnected('Remote end closed connection without response'))
2026-04-21 18:48:00 | WARNING | earnings_surprise_project | Akshare daily fallback failed for 002896.SZ: ('Connection aborted.', RemoteDisconnected('Remote end closed connection without response'))
2026-04-21 18:48:00 | WARNING | earnings_surprise_project | Akshare daily fallback failed for 002892.SZ: ('Connection aborted.', RemoteDisconnected('Remote end closed connection without response'))
2026-04-21 18:48:00 | WARNING | earnings_surprise_project | Akshare daily fallback failed for 002890.SZ: ('Connection aborted.', RemoteDisconnected('Remote end closed connection without response'))
2026-04-21 18:48:03 | WARNING | earnings_surprise_project | daily 002897.SZ failed after retries: 抱歉，您访问接口(daily)频率超限(500次/分钟)，具体频次详情：https://tushare.pro/document/1?doc_id=108。
2026-04-21 18:48:03 | WARNING | earnings_surprise_project | daily 002898.SZ failed after retries: 抱歉，您访问接口(daily)频率超限(500次/分钟)，具体频次详情：https://tushare.pro/document/1?doc_id=108。
2026-04-21 18:48:03 | WARNING | earnings_surprise_project | daily 002901.SZ failed after retries: 抱歉，您访问接口(daily)频率超限(500次/分钟)，具体频次详情：https://tushare.pro/document/1?doc_id=108。
2026-04-21 18:48:03 | WARNING | earnings_surprise_project | daily 002899.SZ failed after retries: 抱歉，您访问接口(daily)频率超限(500次/分钟)，具体频次详情：https://tushare.pro/document/1?doc_id=108。
2026-04-21 18:48:03 | WARNING | earnings_surprise_project | daily 002900.SZ failed after retries: 抱歉，您访问接口(daily)频率超限(500次/分钟)，具体频次详情：https://tushare.pro/document/1?doc_id=108。
2026-04-21 18:48:03 | WARNING | earnings_surprise_project | daily 002902.SZ failed after retries: 抱歉，您访问接口(daily)频率超限(500次/分钟)，具体频次详情：https://tushare.pro/document/1?doc_id=108。
2026-04-21 18:48:03 | WARNING | earnings_surprise_project | daily 002903.SZ failed after retries: 抱歉，您访问接口(daily)频率超限(500次/分钟)，具体频次详情：https://tushare.pro/document/1?doc_id=108。
2026-04-21 18:48:03 | WARNING | earnings_surprise_project | Akshare daily fallback failed for 002897.SZ: ('Connection aborted.', RemoteDisconnected('Remote end closed connection without response'))
2026-04-21 18:48:03 | WARNING | earnings_surprise_project | Akshare daily fallback failed for 002898.SZ: ('Connection aborted.', RemoteDisconnected('Remote end closed connection without response'))
2026-04-21 18:48:04 | WARNING | earnings_surprise_project | Akshare daily fallback failed for 002901.SZ: ('Connection aborted.', RemoteDisconnected('Remote end closed connection without response'))
2026-04-21 18:48:04 | WARNING | earnings_surprise_project | Akshare daily fallback failed for 002899.SZ: ('Connection aborted.', RemoteDisconnected('Remote end closed connection without response'))
2026-04-21 18:48:04 | WARNING | earnings_surprise_project | Akshare daily fallback failed for 002900.SZ: ('Connection aborted.', RemoteDisconnected('Remote end closed connection without response'))
2026-04-21 18:48:04 | WARNING | earnings_surprise_project | Akshare daily fallback failed for 002902.SZ: ('Connection aborted.', RemoteDisconnected('Remote end closed connection without response'))
2026-04-21 18:48:04 | WARNING | earnings_surprise_project | Akshare daily fallback failed for 002903.SZ: ('Connection aborted.', RemoteDisconnected('Remote end closed connection without response'))
2026-04-21 18:48:04 | WARNING | earnings_surprise_project | daily 002905.SZ failed after retries: 抱歉，您访问接口(daily)频率超限(500次/分钟)，具体频次详情：https://tushare.pro/document/1?doc_id=108。
2026-04-21 18:48:04 | WARNING | earnings_surprise_project | Akshare daily fallback failed for 002905.SZ: ('Connection aborted.', RemoteDisconnected('Remote end closed connection without response'))
2026-04-21 18:48:35 | WARNING | earnings_surprise_project | daily 300410.SZ failed after retries: 抱歉，您访问接口(daily)频率超限(500次/分钟)，具体频次详情：https://tushare.pro/document/1?doc_id=108。
2026-04-21 18:48:35 | WARNING | earnings_surprise_project | daily 300409.SZ failed after retries: 抱歉，您访问接口(daily)频率超限(500次/分钟)，具体频次详情：https://tushare.pro/document/1?doc_id=108。
2026-04-21 18:48:35 | WARNING | earnings_surprise_project | daily 300411.SZ failed after retries: 抱歉，您访问接口(daily)频率超限(500次/分钟)，具体频次详情：https://tushare.pro/document/1?doc_id=108。
2026-04-21 18:48:35 | WARNING | earnings_surprise_project | daily 300412.SZ failed after retries: 抱歉，您访问接口(daily)频率超限(500次/分钟)，具体频次详情：https://tushare.pro/document/1?doc_id=108。
2026-04-21 18:48:35 | WARNING | earnings_surprise_project | daily 300414.SZ failed after retries: 抱歉，您访问接口(daily)频率超限(500次/分钟)，具体频次详情：https://tushare.pro/document/1?doc_id=108。
2026-04-21 18:48:35 | WARNING | earnings_surprise_project | daily 300413.SZ failed after retries: 抱歉，您访问接口(daily)频率超限(500次/分钟)，具体频次详情：https://tushare.pro/document/1?doc_id=108。
2026-04-21 18:48:35 | WARNING | earnings_surprise_project | daily 300415.SZ failed after retries: 抱歉，您访问接口(daily)频率超限(500次/分钟)，具体频次详情：https://tushare.pro/document/1?doc_id=108。
2026-04-21 18:48:35 | WARNING | earnings_surprise_project | daily 300416.SZ failed after retries: 抱歉，您访问接口(daily)频率超限(500次/分钟)，具体频次详情：https://tushare.pro/document/1?doc_id=108。
2026-04-21 18:48:36 | WARNING | earnings_surprise_project | Akshare daily fallback failed for 300415.SZ: ('Connection aborted.', RemoteDisconnected('Remote end closed connection without response'))
2026-04-21 18:48:36 | WARNING | earnings_surprise_project | Akshare daily fallback failed for 300416.SZ: ('Connection aborted.', RemoteDisconnected('Remote end closed connection without response'))
2026-04-21 18:48:36 | WARNING | earnings_surprise_project | Akshare daily fallback failed for 300410.SZ: ('Connection aborted.', RemoteDisconnected('Remote end closed connection without response'))
2026-04-21 18:48:36 | WARNING | earnings_surprise_project | Akshare daily fallback failed for 300409.SZ: ('Connection aborted.', RemoteDisconnected('Remote end closed connection without response'))
2026-04-21 18:48:36 | WARNING | earnings_surprise_project | Akshare daily fallback failed for 300414.SZ: ('Connection aborted.', RemoteDisconnected('Remote end closed connection without response'))
2026-04-21 18:48:36 | WARNING | earnings_surprise_project | Akshare daily fallback failed for 300413.SZ: ('Connection aborted.', RemoteDisconnected('Remote end closed connection without response'))
2026-04-21 18:48:36 | WARNING | earnings_surprise_project | Akshare daily fallback failed for 300411.SZ: ('Connection aborted.', RemoteDisconnected('Remote end closed connection without response'))
2026-04-21 18:48:36 | WARNING | earnings_surprise_project | Akshare daily fallback failed for 300412.SZ: ('Connection aborted.', RemoteDisconnected('Remote end closed connection without response'))
2026-04-21 18:48:39 | WARNING | earnings_surprise_project | daily 300417.SZ failed after retries: 抱歉，您访问接口(daily)频率超限(500次/分钟)，具体频次详情：https://tushare.pro/document/1?doc_id=108。
2026-04-21 18:48:39 | WARNING | earnings_surprise_project | daily 300422.SZ failed after retries: 抱歉，您访问接口(daily)频率超限(500次/分钟)，具体频次详情：https://tushare.pro/document/1?doc_id=108。
2026-04-21 18:48:39 | WARNING | earnings_surprise_project | daily 300423.SZ failed after retries: 抱歉，您访问接口(daily)频率超限(500次/分钟)，具体频次详情：https://tushare.pro/document/1?doc_id=108。
2026-04-21 18:48:39 | WARNING | earnings_surprise_project | daily 300420.SZ failed after retries: 抱歉，您访问接口(daily)频率超限(500次/分钟)，具体频次详情：https://tushare.pro/document/1?doc_id=108。
2026-04-21 18:48:39 | WARNING | earnings_surprise_project | daily 300418.SZ failed after retries: 抱歉，您访问接口(daily)频率超限(500次/分钟)，具体频次详情：https://tushare.pro/document/1?doc_id=108。
2026-04-21 18:48:39 | WARNING | earnings_surprise_project | daily 300424.SZ failed after retries: 抱歉，您访问接口(daily)频率超限(500次/分钟)，具体频次详情：https://tushare.pro/document/1?doc_id=108。
2026-04-21 18:48:39 | WARNING | earnings_surprise_project | daily 300421.SZ failed after retries: 抱歉，您访问接口(daily)频率超限(500次/分钟)，具体频次详情：https://tushare.pro/document/1?doc_id=108。
2026-04-21 18:48:39 | WARNING | earnings_surprise_project | daily 300419.SZ failed after retries: 抱歉，您访问接口(daily)频率超限(500次/分钟)，具体频次详情：https://tushare.pro/document/1?doc_id=108。
2026-04-21 18:48:40 | WARNING | earnings_surprise_project | Akshare daily fallback failed for 300420.SZ: ('Connection aborted.', RemoteDisconnected('Remote end closed connection without response'))
2026-04-21 18:48:40 | WARNING | earnings_surprise_project | Akshare daily fallback failed for 300417.SZ: ('Connection aborted.', RemoteDisconnected('Remote end closed connection without response'))
2026-04-21 18:48:40 | WARNING | earnings_surprise_project | Akshare daily fallback failed for 300418.SZ: ('Connection aborted.', RemoteDisconnected('Remote end closed connection without response'))
2026-04-21 18:48:40 | WARNING | earnings_surprise_project | Akshare daily fallback failed for 300423.SZ: ('Connection aborted.', RemoteDisconnected('Remote end closed connection without response'))
2026-04-21 18:48:40 | WARNING | earnings_surprise_project | Akshare daily fallback failed for 300422.SZ: ('Connection aborted.', RemoteDisconnected('Remote end closed connection without response'))
2026-04-21 18:48:40 | WARNING | earnings_surprise_project | Akshare daily fallback failed for 300424.SZ: ('Connection aborted.', RemoteDisconnected('Remote end closed connection without response'))
2026-04-21 18:48:40 | WARNING | earnings_surprise_project | Akshare daily fallback failed for 300419.SZ: ('Connection aborted.', RemoteDisconnected('Remote end closed connection without response'))
2026-04-21 18:48:40 | WARNING | earnings_surprise_project | Akshare daily fallback failed for 300421.SZ: ('Connection aborted.', RemoteDisconnected('Remote end closed connection without response'))
2026-04-21 18:48:43 | WARNING | earnings_surprise_project | daily 300427.SZ failed after retries: 抱歉，您访问接口(daily)频率超限(500次/分钟)，具体频次详情：https://tushare.pro/document/1?doc_id=108。
2026-04-21 18:48:43 | WARNING | earnings_surprise_project | daily 300430.SZ failed after retries: 抱歉，您访问接口(daily)频率超限(500次/分钟)，具体频次详情：https://tushare.pro/document/1?doc_id=108。
2026-04-21 18:48:43 | WARNING | earnings_surprise_project | daily 300425.SZ failed after retries: 抱歉，您访问接口(daily)频率超限(500次/分钟)，具体频次详情：https://tushare.pro/document/1?doc_id=108。
2026-04-21 18:48:43 | WARNING | earnings_surprise_project | daily 300426.SZ failed after retries: 抱歉，您访问接口(daily)频率超限(500次/分钟)，具体频次详情：https://tushare.pro/document/1?doc_id=108。
2026-04-21 18:48:43 | WARNING | earnings_surprise_project | daily 300428.SZ failed after retries: 抱歉，您访问接口(daily)频率超限(500次/分钟)，具体频次详情：https://tushare.pro/document/1?doc_id=108。
2026-04-21 18:48:43 | WARNING | earnings_surprise_project | daily 300429.SZ failed after retries: 抱歉，您访问接口(daily)频率超限(500次/分钟)，具体频次详情：https://tushare.pro/document/1?doc_id=108。
2026-04-21 18:48:43 | WARNING | earnings_surprise_project | daily 300432.SZ failed after retries: 抱歉，您访问接口(daily)频率超限(500次/分钟)，具体频次详情：https://tushare.pro/document/1?doc_id=108。
2026-04-21 18:48:43 | WARNING | earnings_surprise_project | daily 300433.SZ failed after retries: 抱歉，您访问接口(daily)频率超限(500次/分钟)，具体频次详情：https://tushare.pro/document/1?doc_id=108。
2026-04-21 18:48:44 | WARNING | earnings_surprise_project | Akshare daily fallback failed for 300427.SZ: ('Connection aborted.', RemoteDisconnected('Remote end closed connection without response'))
2026-04-21 18:48:44 | WARNING | earnings_surprise_project | Akshare daily fallback failed for 300425.SZ: ('Connection aborted.', RemoteDisconnected('Remote end closed connection without response'))
2026-04-21 18:48:44 | WARNING | earnings_surprise_project | Akshare daily fallback failed for 300428.SZ: ('Connection aborted.', RemoteDisconnected('Remote end closed connection without response'))
2026-04-21 18:48:44 | WARNING | earnings_surprise_project | Akshare daily fallback failed for 300430.SZ: ('Connection aborted.', RemoteDisconnected('Remote end closed connection without response'))
2026-04-21 18:48:44 | WARNING | earnings_surprise_project | Akshare daily fallback failed for 300426.SZ: ('Connection aborted.', RemoteDisconnected('Remote end closed connection without response'))
2026-04-21 18:48:44 | WARNING | earnings_surprise_project | Akshare daily fallback failed for 300429.SZ: ('Connection aborted.', RemoteDisconnected('Remote end closed connection without response'))
2026-04-21 18:48:44 | WARNING | earnings_surprise_project | Akshare daily fallback failed for 300433.SZ: ('Connection aborted.', RemoteDisconnected('Remote end closed connection without response'))
2026-04-21 18:48:44 | WARNING | earnings_surprise_project | Akshare daily fallback failed for 300432.SZ: ('Connection aborted.', RemoteDisconnected('Remote end closed connection without response'))
2026-04-21 18:48:47 | WARNING | earnings_surprise_project | daily 300434.SZ failed after retries: 抱歉，您访问接口(daily)频率超限(500次/分钟)，具体频次详情：https://tushare.pro/document/1?doc_id=108。
2026-04-21 18:48:47 | WARNING | earnings_surprise_project | daily 300435.SZ failed after retries: 抱歉，您访问接口(daily)频率超限(500次/分钟)，具体频次详情：https://tushare.pro/document/1?doc_id=108。
2026-04-21 18:48:47 | WARNING | earnings_surprise_project | daily 300436.SZ failed after retries: 抱歉，您访问接口(daily)频率超限(500次/分钟)，具体频次详情：https://tushare.pro/document/1?doc_id=108。
2026-04-21 18:48:47 | WARNING | earnings_surprise_project | daily 300438.SZ failed after retries: 抱歉，您访问接口(daily)频率超限(500次/分钟)，具体频次详情：https://tushare.pro/document/1?doc_id=108。
2026-04-21 18:48:47 | WARNING | earnings_surprise_project | daily 300437.SZ failed after retries: 抱歉，您访问接口(daily)频率超限(500次/分钟)，具体频次详情：https://tushare.pro/document/1?doc_id=108。
2026-04-21 18:48:47 | WARNING | earnings_surprise_project | daily 300439.SZ failed after retries: 抱歉，您访问接口(daily)频率超限(500次/分钟)，具体频次详情：https://tushare.pro/document/1?doc_id=108。
2026-04-21 18:48:47 | WARNING | earnings_surprise_project | daily 300441.SZ failed after retries: 抱歉，您访问接口(daily)频率超限(500次/分钟)，具体频次详情：https://tushare.pro/document/1?doc_id=108。
2026-04-21 18:48:47 | WARNING | earnings_surprise_project | daily 300440.SZ failed after retries: 抱歉，您访问接口(daily)频率超限(500次/分钟)，具体频次详情：https://tushare.pro/document/1?doc_id=108。
2026-04-21 18:48:48 | WARNING | earnings_surprise_project | Akshare daily fallback failed for 300434.SZ: ('Connection aborted.', RemoteDisconnected('Remote end closed connection without response'))
2026-04-21 18:48:48 | WARNING | earnings_surprise_project | Akshare daily fallback failed for 300436.SZ: ('Connection aborted.', RemoteDisconnected('Remote end closed connection without response'))
2026-04-21 18:48:48 | WARNING | earnings_surprise_project | Akshare daily fallback failed for 300435.SZ: ('Connection aborted.', RemoteDisconnected('Remote end closed connection without response'))
2026-04-21 18:48:48 | WARNING | earnings_surprise_project | Akshare daily fallback failed for 300437.SZ: ('Connection aborted.', RemoteDisconnected('Remote end closed connection without response'))
2026-04-21 18:48:48 | WARNING | earnings_surprise_project | Akshare daily fallback failed for 300438.SZ: ('Connection aborted.', RemoteDisconnected('Remote end closed connection without response'))
2026-04-21 18:48:48 | WARNING | earnings_surprise_project | Akshare daily fallback failed for 300439.SZ: ('Connection aborted.', RemoteDisconnected('Remote end closed connection without response'))
2026-04-21 18:48:48 | WARNING | earnings_surprise_project | Akshare daily fallback failed for 300441.SZ: ('Connection aborted.', RemoteDisconnected('Remote end closed connection without response'))
2026-04-21 18:48:48 | WARNING | earnings_surprise_project | Akshare daily fallback failed for 300440.SZ: ('Connection aborted.', RemoteDisconnected('Remote end closed connection without response'))
2026-04-21 18:48:51 | WARNING | earnings_surprise_project | daily 300442.SZ failed after retries: 抱歉，您访问接口(daily)频率超限(500次/分钟)，具体频次详情：https://tushare.pro/document/1?doc_id=108。
2026-04-21 18:48:51 | WARNING | earnings_surprise_project | daily 300443.SZ failed after retries: 抱歉，您访问接口(daily)频率超限(500次/分钟)，具体频次详情：https://tushare.pro/document/1?doc_id=108。
2026-04-21 18:48:51 | WARNING | earnings_surprise_project | daily 300444.SZ failed after retries: 抱歉，您访问接口(daily)频率超限(500次/分钟)，具体频次详情：https://tushare.pro/document/1?doc_id=108。
2026-04-21 18:48:51 | WARNING | earnings_surprise_project | daily 300448.SZ failed after retries: 抱歉，您访问接口(daily)频率超限(500次/分钟)，具体频次详情：https://tushare.pro/document/1?doc_id=108。
2026-04-21 18:48:51 | WARNING | earnings_surprise_project | daily 300449.SZ failed after retries: 抱歉，您访问接口(daily)频率超限(500次/分钟)，具体频次详情：https://tushare.pro/document/1?doc_id=108。
2026-04-21 18:48:51 | WARNING | earnings_surprise_project | daily 300445.SZ failed after retries: 抱歉，您访问接口(daily)频率超限(500次/分钟)，具体频次详情：https://tushare.pro/document/1?doc_id=108。
2026-04-21 18:48:51 | WARNING | earnings_surprise_project | daily 300447.SZ failed after retries: 抱歉，您访问接口(daily)频率超限(500次/分钟)，具体频次详情：https://tushare.pro/document/1?doc_id=108。
2026-04-21 18:48:51 | WARNING | earnings_surprise_project | daily 300446.SZ failed after retries: 抱歉，您访问接口(daily)频率超限(500次/分钟)，具体频次详情：https://tushare.pro/document/1?doc_id=108。
2026-04-21 18:48:52 | WARNING | earnings_surprise_project | Akshare daily fallback failed for 300443.SZ: ('Connection aborted.', RemoteDisconnected('Remote end closed connection without response'))
2026-04-21 18:48:52 | WARNING | earnings_surprise_project | Akshare daily fallback failed for 300442.SZ: ('Connection aborted.', RemoteDisconnected('Remote end closed connection without response'))
2026-04-21 18:48:52 | WARNING | earnings_surprise_project | Akshare daily fallback failed for 300444.SZ: ('Connection aborted.', RemoteDisconnected('Remote end closed connection without response'))
2026-04-21 18:48:52 | WARNING | earnings_surprise_project | Akshare daily fallback failed for 300448.SZ: ('Connection aborted.', RemoteDisconnected('Remote end closed connection without response'))
2026-04-21 18:48:52 | WARNING | earnings_surprise_project | Akshare daily fallback failed for 300447.SZ: ('Connection aborted.', RemoteDisconnected('Remote end closed connection without response'))
2026-04-21 18:48:52 | WARNING | earnings_surprise_project | Akshare daily fallback failed for 300449.SZ: ('Connection aborted.', RemoteDisconnected('Remote end closed connection without response'))
2026-04-21 18:48:52 | WARNING | earnings_surprise_project | Akshare daily fallback failed for 300445.SZ: ('Connection aborted.', RemoteDisconnected('Remote end closed connection without response'))
2026-04-21 18:48:52 | WARNING | earnings_surprise_project | Akshare daily fallback failed for 300446.SZ: ('Connection aborted.', RemoteDisconnected('Remote end closed connection without response'))
2026-04-21 18:48:55 | WARNING | earnings_surprise_project | daily 300456.SZ failed after retries: 抱歉，您访问接口(daily)频率超限(500次/分钟)，具体频次详情：https://tushare.pro/document/1?doc_id=108。
2026-04-21 18:48:55 | WARNING | earnings_surprise_project | daily 300451.SZ failed after retries: 抱歉，您访问接口(daily)频率超限(500次/分钟)，具体频次详情：https://tushare.pro/document/1?doc_id=108。
2026-04-21 18:48:55 | WARNING | earnings_surprise_project | daily 300455.SZ failed after retries: 抱歉，您访问接口(daily)频率超限(500次/分钟)，具体频次详情：https://tushare.pro/document/1?doc_id=108。
2026-04-21 18:48:55 | WARNING | earnings_surprise_project | daily 300452.SZ failed after retries: 抱歉，您访问接口(daily)频率超限(500次/分钟)，具体频次详情：https://tushare.pro/document/1?doc_id=108。
2026-04-21 18:48:55 | WARNING | earnings_surprise_project | daily 300453.SZ failed after retries: 抱歉，您访问接口(daily)频率超限(500次/分钟)，具体频次详情：https://tushare.pro/document/1?doc_id=108。
2026-04-21 18:48:55 | WARNING | earnings_surprise_project | daily 300454.SZ failed after retries: 抱歉，您访问接口(daily)频率超限(500次/分钟)，具体频次详情：https://tushare.pro/document/1?doc_id=108。
2026-04-21 18:48:55 | WARNING | earnings_surprise_project | daily 300450.SZ failed after retries: 抱歉，您访问接口(daily)频率超限(500次/分钟)，具体频次详情：https://tushare.pro/document/1?doc_id=108。
2026-04-21 18:48:55 | WARNING | earnings_surprise_project | daily 300457.SZ failed after retries: 抱歉，您访问接口(daily)频率超限(500次/分钟)，具体频次详情：https://tushare.pro/document/1?doc_id=108。
2026-04-21 18:48:56 | WARNING | earnings_surprise_project | Akshare daily fallback failed for 300455.SZ: ('Connection aborted.', RemoteDisconnected('Remote end closed connection without response'))
2026-04-21 18:48:56 | WARNING | earnings_surprise_project | Akshare daily fallback failed for 300456.SZ: ('Connection aborted.', RemoteDisconnected('Remote end closed connection without response'))
2026-04-21 18:48:56 | WARNING | earnings_surprise_project | Akshare daily fallback failed for 300451.SZ: ('Connection aborted.', RemoteDisconnected('Remote end closed connection without response'))
2026-04-21 18:48:56 | WARNING | earnings_surprise_project | Akshare daily fallback failed for 300452.SZ: ('Connection aborted.', RemoteDisconnected('Remote end closed connection without response'))
2026-04-21 18:48:56 | WARNING | earnings_surprise_project | Akshare daily fallback failed for 300453.SZ: ('Connection aborted.', RemoteDisconnected('Remote end closed connection without response'))
2026-04-21 18:48:56 | WARNING | earnings_surprise_project | Akshare daily fallback failed for 300457.SZ: ('Connection aborted.', RemoteDisconnected('Remote end closed connection without response'))
2026-04-21 18:48:56 | WARNING | earnings_surprise_project | Akshare daily fallback failed for 300450.SZ: ('Connection aborted.', RemoteDisconnected('Remote end closed connection without response'))
2026-04-21 18:48:56 | WARNING | earnings_surprise_project | Akshare daily fallback failed for 300454.SZ: ('Connection aborted.', RemoteDisconnected('Remote end closed connection without response'))
2026-04-21 18:48:59 | WARNING | earnings_surprise_project | daily 300458.SZ failed after retries: 抱歉，您访问接口(daily)频率超限(500次/分钟)，具体频次详情：https://tushare.pro/document/1?doc_id=108。
2026-04-21 18:48:59 | WARNING | earnings_surprise_project | daily 300459.SZ failed after retries: 抱歉，您访问接口(daily)频率超限(500次/分钟)，具体频次详情：https://tushare.pro/document/1?doc_id=108。
2026-04-21 18:48:59 | WARNING | earnings_surprise_project | daily 300460.SZ failed after retries: 抱歉，您访问接口(daily)频率超限(500次/分钟)，具体频次详情：https://tushare.pro/document/1?doc_id=108。
2026-04-21 18:48:59 | WARNING | earnings_surprise_project | daily 300462.SZ failed after retries: 抱歉，您访问接口(daily)频率超限(500次/分钟)，具体频次详情：https://tushare.pro/document/1?doc_id=108。
2026-04-21 18:48:59 | WARNING | earnings_surprise_project | daily 300461.SZ failed after retries: 抱歉，您访问接口(daily)频率超限(500次/分钟)，具体频次详情：https://tushare.pro/document/1?doc_id=108。
2026-04-21 18:48:59 | WARNING | earnings_surprise_project | daily 300463.SZ failed after retries: 抱歉，您访问接口(daily)频率超限(500次/分钟)，具体频次详情：https://tushare.pro/document/1?doc_id=108。
2026-04-21 18:48:59 | WARNING | earnings_surprise_project | daily 300464.SZ failed after retries: 抱歉，您访问接口(daily)频率超限(500次/分钟)，具体频次详情：https://tushare.pro/document/1?doc_id=108。
2026-04-21 18:48:59 | WARNING | earnings_surprise_project | daily 300465.SZ failed after retries: 抱歉，您访问接口(daily)频率超限(500次/分钟)，具体频次详情：https://tushare.pro/document/1?doc_id=108。
2026-04-21 18:49:00 | WARNING | earnings_surprise_project | Akshare daily fallback failed for 300458.SZ: ('Connection aborted.', RemoteDisconnected('Remote end closed connection without response'))
2026-04-21 18:49:00 | WARNING | earnings_surprise_project | Akshare daily fallback failed for 300459.SZ: ('Connection aborted.', RemoteDisconnected('Remote end closed connection without response'))
2026-04-21 18:49:00 | WARNING | earnings_surprise_project | Akshare daily fallback failed for 300462.SZ: ('Connection aborted.', RemoteDisconnected('Remote end closed connection without response'))
2026-04-21 18:49:00 | WARNING | earnings_surprise_project | Akshare daily fallback failed for 300460.SZ: ('Connection aborted.', RemoteDisconnected('Remote end closed connection without response'))
2026-04-21 18:49:00 | WARNING | earnings_surprise_project | Akshare daily fallback failed for 300463.SZ: ('Connection aborted.', RemoteDisconnected('Remote end closed connection without response'))
2026-04-21 18:49:00 | WARNING | earnings_surprise_project | Akshare daily fallback failed for 300461.SZ: ('Connection aborted.', RemoteDisconnected('Remote end closed connection without response'))
2026-04-21 18:49:00 | WARNING | earnings_surprise_project | Akshare daily fallback failed for 300464.SZ: ('Connection aborted.', RemoteDisconnected('Remote end closed connection without response'))
2026-04-21 18:49:00 | WARNING | earnings_surprise_project | Akshare daily fallback failed for 300465.SZ: ('Connection aborted.', RemoteDisconnected('Remote end closed connection without response'))
2026-04-21 18:49:03 | WARNING | earnings_surprise_project | daily 300466.SZ failed after retries: 抱歉，您访问接口(daily)频率超限(500次/分钟)，具体频次详情：https://tushare.pro/document/1?doc_id=108。
2026-04-21 18:49:03 | WARNING | earnings_surprise_project | daily 300470.SZ failed after retries: 抱歉，您访问接口(daily)频率超限(500次/分钟)，具体频次详情：https://tushare.pro/document/1?doc_id=108。
2026-04-21 18:49:03 | WARNING | earnings_surprise_project | daily 300471.SZ failed after retries: 抱歉，您访问接口(daily)频率超限(500次/分钟)，具体频次详情：https://tushare.pro/document/1?doc_id=108。
2026-04-21 18:49:03 | WARNING | earnings_surprise_project | daily 300468.SZ failed after retries: 抱歉，您访问接口(daily)频率超限(500次/分钟)，具体频次详情：https://tushare.pro/document/1?doc_id=108。
2026-04-21 18:49:03 | WARNING | earnings_surprise_project | daily 300467.SZ failed after retries: 抱歉，您访问接口(daily)频率超限(500次/分钟)，具体频次详情：https://tushare.pro/document/1?doc_id=108。
2026-04-21 18:49:03 | WARNING | earnings_surprise_project | daily 300469.SZ failed after retries: 抱歉，您访问接口(daily)频率超限(500次/分钟)，具体频次详情：https://tushare.pro/document/1?doc_id=108。
2026-04-21 18:49:03 | WARNING | earnings_surprise_project | daily 300473.SZ failed after retries: 抱歉，您访问接口(daily)频率超限(500次/分钟)，具体频次详情：https://tushare.pro/document/1?doc_id=108。
2026-04-21 18:49:03 | WARNING | earnings_surprise_project | daily 300472.SZ failed after retries: 抱歉，您访问接口(daily)频率超限(500次/分钟)，具体频次详情：https://tushare.pro/document/1?doc_id=108。
2026-04-21 18:49:04 | WARNING | earnings_surprise_project | Akshare daily fallback failed for 300466.SZ: ('Connection aborted.', RemoteDisconnected('Remote end closed connection without response'))
2026-04-21 18:49:04 | WARNING | earnings_surprise_project | Akshare daily fallback failed for 300470.SZ: ('Connection aborted.', RemoteDisconnected('Remote end closed connection without response'))
2026-04-21 18:49:04 | WARNING | earnings_surprise_project | Akshare daily fallback failed for 300468.SZ: ('Connection aborted.', RemoteDisconnected('Remote end closed connection without response'))
2026-04-21 18:49:04 | WARNING | earnings_surprise_project | Akshare daily fallback failed for 300467.SZ: ('Connection aborted.', RemoteDisconnected('Remote end closed connection without response'))
2026-04-21 18:49:04 | WARNING | earnings_surprise_project | Akshare daily fallback failed for 300469.SZ: ('Connection aborted.', RemoteDisconnected('Remote end closed connection without response'))
2026-04-21 18:49:04 | WARNING | earnings_surprise_project | Akshare daily fallback failed for 300471.SZ: ('Connection aborted.', RemoteDisconnected('Remote end closed connection without response'))
2026-04-21 18:49:04 | WARNING | earnings_surprise_project | Akshare daily fallback failed for 300473.SZ: ('Connection aborted.', RemoteDisconnected('Remote end closed connection without response'))
2026-04-21 18:49:04 | WARNING | earnings_surprise_project | Akshare daily fallback failed for 300472.SZ: ('Connection aborted.', RemoteDisconnected('Remote end closed connection without response'))
2026-04-21 18:49:34 | WARNING | earnings_surprise_project | daily 300999.SZ failed after retries: 抱歉，您访问接口(daily)频率超限(500次/分钟)，具体频次详情：https://tushare.pro/document/1?doc_id=108。
2026-04-21 18:49:35 | WARNING | earnings_surprise_project | daily 301000.SZ failed after retries: 抱歉，您访问接口(daily)频率超限(500次/分钟)，具体频次详情：https://tushare.pro/document/1?doc_id=108。
2026-04-21 18:49:35 | WARNING | earnings_surprise_project | daily 300998.SZ failed after retries: 抱歉，您访问接口(daily)频率超限(500次/分钟)，具体频次详情：https://tushare.pro/document/1?doc_id=108。
2026-04-21 18:49:35 | WARNING | earnings_surprise_project | daily 301001.SZ failed after retries: 抱歉，您访问接口(daily)频率超限(500次/分钟)，具体频次详情：https://tushare.pro/document/1?doc_id=108。
2026-04-21 18:49:35 | WARNING | earnings_surprise_project | daily 301002.SZ failed after retries: 抱歉，您访问接口(daily)频率超限(500次/分钟)，具体频次详情：https://tushare.pro/document/1?doc_id=108。
2026-04-21 18:49:35 | WARNING | earnings_surprise_project | daily 301004.SZ failed after retries: 抱歉，您访问接口(daily)频率超限(500次/分钟)，具体频次详情：https://tushare.pro/document/1?doc_id=108。
2026-04-21 18:49:35 | WARNING | earnings_surprise_project | daily 301003.SZ failed after retries: 抱歉，您访问接口(daily)频率超限(500次/分钟)，具体频次详情：https://tushare.pro/document/1?doc_id=108。
2026-04-21 18:49:35 | WARNING | earnings_surprise_project | daily 301005.SZ failed after retries: 抱歉，您访问接口(daily)频率超限(500次/分钟)，具体频次详情：https://tushare.pro/document/1?doc_id=108。
2026-04-21 18:49:36 | WARNING | earnings_surprise_project | Akshare daily fallback failed for 301002.SZ: ('Connection aborted.', RemoteDisconnected('Remote end closed connection without response'))
2026-04-21 18:49:36 | WARNING | earnings_surprise_project | Akshare daily fallback failed for 301001.SZ: ('Connection aborted.', RemoteDisconnected('Remote end closed connection without response'))
2026-04-21 18:49:36 | WARNING | earnings_surprise_project | Akshare daily fallback failed for 301000.SZ: ('Connection aborted.', RemoteDisconnected('Remote end closed connection without response'))
2026-04-21 18:49:36 | WARNING | earnings_surprise_project | Akshare daily fallback failed for 300998.SZ: ('Connection aborted.', RemoteDisconnected('Remote end closed connection without response'))
2026-04-21 18:49:36 | WARNING | earnings_surprise_project | Akshare daily fallback failed for 300999.SZ: ('Connection aborted.', RemoteDisconnected('Remote end closed connection without response'))
2026-04-21 18:49:36 | WARNING | earnings_surprise_project | Akshare daily fallback failed for 301003.SZ: ('Connection aborted.', RemoteDisconnected('Remote end closed connection without response'))
2026-04-21 18:49:36 | WARNING | earnings_surprise_project | Akshare daily fallback failed for 301005.SZ: ('Connection aborted.', RemoteDisconnected('Remote end closed connection without response'))
2026-04-21 18:49:36 | WARNING | earnings_surprise_project | Akshare daily fallback failed for 301004.SZ: ('Connection aborted.', RemoteDisconnected('Remote end closed connection without response'))
2026-04-21 18:49:39 | WARNING | earnings_surprise_project | daily 301006.SZ failed after retries: 抱歉，您访问接口(daily)频率超限(500次/分钟)，具体频次详情：https://tushare.pro/document/1?doc_id=108。
2026-04-21 18:49:39 | WARNING | earnings_surprise_project | daily 301007.SZ failed after retries: 抱歉，您访问接口(daily)频率超限(500次/分钟)，具体频次详情：https://tushare.pro/document/1?doc_id=108。
2026-04-21 18:49:39 | WARNING | earnings_surprise_project | daily 301009.SZ failed after retries: 抱歉，您访问接口(daily)频率超限(500次/分钟)，具体频次详情：https://tushare.pro/document/1?doc_id=108。
2026-04-21 18:49:39 | WARNING | earnings_surprise_project | daily 301008.SZ failed after retries: 抱歉，您访问接口(daily)频率超限(500次/分钟)，具体频次详情：https://tushare.pro/document/1?doc_id=108。
2026-04-21 18:49:39 | WARNING | earnings_surprise_project | daily 301010.SZ failed after retries: 抱歉，您访问接口(daily)频率超限(500次/分钟)，具体频次详情：https://tushare.pro/document/1?doc_id=108。
2026-04-21 18:49:39 | WARNING | earnings_surprise_project | daily 301012.SZ failed after retries: 抱歉，您访问接口(daily)频率超限(500次/分钟)，具体频次详情：https://tushare.pro/document/1?doc_id=108。
2026-04-21 18:49:39 | WARNING | earnings_surprise_project | daily 301011.SZ failed after retries: 抱歉，您访问接口(daily)频率超限(500次/分钟)，具体频次详情：https://tushare.pro/document/1?doc_id=108。
2026-04-21 18:49:39 | WARNING | earnings_surprise_project | daily 301013.SZ failed after retries: 抱歉，您访问接口(daily)频率超限(500次/分钟)，具体频次详情：https://tushare.pro/document/1?doc_id=108。
2026-04-21 18:49:39 | WARNING | earnings_surprise_project | Akshare daily fallback failed for 301007.SZ: ('Connection aborted.', RemoteDisconnected('Remote end closed connection without response'))
2026-04-21 18:49:39 | WARNING | earnings_surprise_project | Akshare daily fallback failed for 301006.SZ: ('Connection aborted.', RemoteDisconnected('Remote end closed connection without response'))
2026-04-21 18:49:40 | WARNING | earnings_surprise_project | Akshare daily fallback failed for 301009.SZ: ('Connection aborted.', RemoteDisconnected('Remote end closed connection without response'))
2026-04-21 18:49:40 | WARNING | earnings_surprise_project | Akshare daily fallback failed for 301008.SZ: ('Connection aborted.', RemoteDisconnected('Remote end closed connection without response'))
2026-04-21 18:49:40 | WARNING | earnings_surprise_project | Akshare daily fallback failed for 301010.SZ: ('Connection aborted.', RemoteDisconnected('Remote end closed connection without response'))
2026-04-21 18:49:40 | WARNING | earnings_surprise_project | Akshare daily fallback failed for 301011.SZ: ('Connection aborted.', RemoteDisconnected('Remote end closed connection without response'))
2026-04-21 18:49:40 | WARNING | earnings_surprise_project | Akshare daily fallback failed for 301012.SZ: ('Connection aborted.', RemoteDisconnected('Remote end closed connection without response'))
2026-04-21 18:49:40 | WARNING | earnings_surprise_project | Akshare daily fallback failed for 301013.SZ: ('Connection aborted.', RemoteDisconnected('Remote end closed connection without response'))
2026-04-21 18:49:43 | WARNING | earnings_surprise_project | daily 301015.SZ failed after retries: 抱歉，您访问接口(daily)频率超限(500次/分钟)，具体频次详情：https://tushare.pro/document/1?doc_id=108。
2026-04-21 18:49:43 | WARNING | earnings_surprise_project | daily 301016.SZ failed after retries: 抱歉，您访问接口(daily)频率超限(500次/分钟)，具体频次详情：https://tushare.pro/document/1?doc_id=108。
2026-04-21 18:49:43 | WARNING | earnings_surprise_project | daily 301017.SZ failed after retries: 抱歉，您访问接口(daily)频率超限(500次/分钟)，具体频次详情：https://tushare.pro/document/1?doc_id=108。
2026-04-21 18:49:43 | WARNING | earnings_surprise_project | daily 301018.SZ failed after retries: 抱歉，您访问接口(daily)频率超限(500次/分钟)，具体频次详情：https://tushare.pro/document/1?doc_id=108。
2026-04-21 18:49:43 | WARNING | earnings_surprise_project | daily 301019.SZ failed after retries: 抱歉，您访问接口(daily)频率超限(500次/分钟)，具体频次详情：https://tushare.pro/document/1?doc_id=108。
2026-04-21 18:49:43 | WARNING | earnings_surprise_project | daily 301020.SZ failed after retries: 抱歉，您访问接口(daily)频率超限(500次/分钟)，具体频次详情：https://tushare.pro/document/1?doc_id=108。
2026-04-21 18:49:43 | WARNING | earnings_surprise_project | daily 301021.SZ failed after retries: 抱歉，您访问接口(daily)频率超限(500次/分钟)，具体频次详情：https://tushare.pro/document/1?doc_id=108。
2026-04-21 18:49:43 | WARNING | earnings_surprise_project | daily 301022.SZ failed after retries: 抱歉，您访问接口(daily)频率超限(500次/分钟)，具体频次详情：https://tushare.pro/document/1?doc_id=108。
2026-04-21 18:49:43 | WARNING | earnings_surprise_project | Akshare daily fallback failed for 301015.SZ: ('Connection aborted.', RemoteDisconnected('Remote end closed connection without response'))
2026-04-21 18:49:43 | WARNING | earnings_surprise_project | Akshare daily fallback failed for 301016.SZ: ('Connection aborted.', RemoteDisconnected('Remote end closed connection without response'))
2026-04-21 18:49:43 | WARNING | earnings_surprise_project | Akshare daily fallback failed for 301017.SZ: ('Connection aborted.', RemoteDisconnected('Remote end closed connection without response'))
2026-04-21 18:49:44 | WARNING | earnings_surprise_project | Akshare daily fallback failed for 301018.SZ: ('Connection aborted.', RemoteDisconnected('Remote end closed connection without response'))
2026-04-21 18:49:44 | WARNING | earnings_surprise_project | Akshare daily fallback failed for 301019.SZ: ('Connection aborted.', RemoteDisconnected('Remote end closed connection without response'))
2026-04-21 18:49:44 | WARNING | earnings_surprise_project | Akshare daily fallback failed for 301021.SZ: ('Connection aborted.', RemoteDisconnected('Remote end closed connection without response'))
2026-04-21 18:49:44 | WARNING | earnings_surprise_project | Akshare daily fallback failed for 301022.SZ: ('Connection aborted.', RemoteDisconnected('Remote end closed connection without response'))
2026-04-21 18:49:44 | WARNING | earnings_surprise_project | Akshare daily fallback failed for 301020.SZ: ('Connection aborted.', RemoteDisconnected('Remote end closed connection without response'))
2026-04-21 18:49:47 | WARNING | earnings_surprise_project | daily 301023.SZ failed after retries: 抱歉，您访问接口(daily)频率超限(500次/分钟)，具体频次详情：https://tushare.pro/document/1?doc_id=108。
2026-04-21 18:49:47 | WARNING | earnings_surprise_project | daily 301024.SZ failed after retries: 抱歉，您访问接口(daily)频率超限(500次/分钟)，具体频次详情：https://tushare.pro/document/1?doc_id=108。
2026-04-21 18:49:47 | WARNING | earnings_surprise_project | daily 301025.SZ failed after retries: 抱歉，您访问接口(daily)频率超限(500次/分钟)，具体频次详情：https://tushare.pro/document/1?doc_id=108。
2026-04-21 18:49:47 | WARNING | earnings_surprise_project | daily 301026.SZ failed after retries: 抱歉，您访问接口(daily)频率超限(500次/分钟)，具体频次详情：https://tushare.pro/document/1?doc_id=108。
2026-04-21 18:49:47 | WARNING | earnings_surprise_project | daily 301027.SZ failed after retries: 抱歉，您访问接口(daily)频率超限(500次/分钟)，具体频次详情：https://tushare.pro/document/1?doc_id=108。
2026-04-21 18:49:47 | WARNING | earnings_surprise_project | daily 301028.SZ failed after retries: 抱歉，您访问接口(daily)频率超限(500次/分钟)，具体频次详情：https://tushare.pro/document/1?doc_id=108。
2026-04-21 18:49:47 | WARNING | earnings_surprise_project | daily 301030.SZ failed after retries: 抱歉，您访问接口(daily)频率超限(500次/分钟)，具体频次详情：https://tushare.pro/document/1?doc_id=108。
2026-04-21 18:49:47 | WARNING | earnings_surprise_project | daily 301029.SZ failed after retries: 抱歉，您访问接口(daily)频率超限(500次/分钟)，具体频次详情：https://tushare.pro/document/1?doc_id=108。
2026-04-21 18:49:47 | WARNING | earnings_surprise_project | Akshare daily fallback failed for 301023.SZ: ('Connection aborted.', RemoteDisconnected('Remote end closed connection without response'))
2026-04-21 18:49:47 | WARNING | earnings_surprise_project | Akshare daily fallback failed for 301024.SZ: ('Connection aborted.', RemoteDisconnected('Remote end closed connection without response'))
2026-04-21 18:49:47 | WARNING | earnings_surprise_project | Akshare daily fallback failed for 301025.SZ: ('Connection aborted.', RemoteDisconnected('Remote end closed connection without response'))
2026-04-21 18:49:47 | WARNING | earnings_surprise_project | Akshare daily fallback failed for 301026.SZ: ('Connection aborted.', RemoteDisconnected('Remote end closed connection without response'))
2026-04-21 18:49:48 | WARNING | earnings_surprise_project | Akshare daily fallback failed for 301027.SZ: ('Connection aborted.', RemoteDisconnected('Remote end closed connection without response'))
2026-04-21 18:49:48 | WARNING | earnings_surprise_project | Akshare daily fallback failed for 301028.SZ: ('Connection aborted.', RemoteDisconnected('Remote end closed connection without response'))
2026-04-21 18:49:48 | WARNING | earnings_surprise_project | Akshare daily fallback failed for 301029.SZ: ('Connection aborted.', RemoteDisconnected('Remote end closed connection without response'))
2026-04-21 18:49:48 | WARNING | earnings_surprise_project | Akshare daily fallback failed for 301030.SZ: ('Connection aborted.', RemoteDisconnected('Remote end closed connection without response'))
2026-04-21 18:49:50 | WARNING | earnings_surprise_project | daily 301031.SZ failed after retries: 抱歉，您访问接口(daily)频率超限(500次/分钟)，具体频次详情：https://tushare.pro/document/1?doc_id=108。
2026-04-21 18:49:51 | WARNING | earnings_surprise_project | daily 301032.SZ failed after retries: 抱歉，您访问接口(daily)频率超限(500次/分钟)，具体频次详情：https://tushare.pro/document/1?doc_id=108。
2026-04-21 18:49:51 | WARNING | earnings_surprise_project | daily 301035.SZ failed after retries: 抱歉，您访问接口(daily)频率超限(500次/分钟)，具体频次详情：https://tushare.pro/document/1?doc_id=108。
2026-04-21 18:49:51 | WARNING | earnings_surprise_project | daily 301033.SZ failed after retries: 抱歉，您访问接口(daily)频率超限(500次/分钟)，具体频次详情：https://tushare.pro/document/1?doc_id=108。
2026-04-21 18:49:51 | WARNING | earnings_surprise_project | daily 301036.SZ failed after retries: 抱歉，您访问接口(daily)频率超限(500次/分钟)，具体频次详情：https://tushare.pro/document/1?doc_id=108。
2026-04-21 18:49:51 | WARNING | earnings_surprise_project | daily 301037.SZ failed after retries: 抱歉，您访问接口(daily)频率超限(500次/分钟)，具体频次详情：https://tushare.pro/document/1?doc_id=108。
2026-04-21 18:49:51 | WARNING | earnings_surprise_project | daily 301038.SZ failed after retries: 抱歉，您访问接口(daily)频率超限(500次/分钟)，具体频次详情：https://tushare.pro/document/1?doc_id=108。
2026-04-21 18:49:51 | WARNING | earnings_surprise_project | daily 301039.SZ failed after retries: 抱歉，您访问接口(daily)频率超限(500次/分钟)，具体频次详情：https://tushare.pro/document/1?doc_id=108。
2026-04-21 18:49:51 | WARNING | earnings_surprise_project | Akshare daily fallback failed for 301031.SZ: ('Connection aborted.', RemoteDisconnected('Remote end closed connection without response'))
2026-04-21 18:49:51 | WARNING | earnings_surprise_project | Akshare daily fallback failed for 301032.SZ: ('Connection aborted.', RemoteDisconnected('Remote end closed connection without response'))
2026-04-21 18:49:51 | WARNING | earnings_surprise_project | Akshare daily fallback failed for 301033.SZ: ('Connection aborted.', RemoteDisconnected('Remote end closed connection without response'))
2026-04-21 18:49:51 | WARNING | earnings_surprise_project | Akshare daily fallback failed for 301035.SZ: ('Connection aborted.', RemoteDisconnected('Remote end closed connection without response'))
2026-04-21 18:49:52 | WARNING | earnings_surprise_project | Akshare daily fallback failed for 301036.SZ: ('Connection aborted.', RemoteDisconnected('Remote end closed connection without response'))
2026-04-21 18:49:52 | WARNING | earnings_surprise_project | Akshare daily fallback failed for 301037.SZ: ('Connection aborted.', RemoteDisconnected('Remote end closed connection without response'))
2026-04-21 18:49:52 | WARNING | earnings_surprise_project | Akshare daily fallback failed for 301038.SZ: ('Connection aborted.', RemoteDisconnected('Remote end closed connection without response'))
2026-04-21 18:49:52 | WARNING | earnings_surprise_project | Akshare daily fallback failed for 301039.SZ: ('Connection aborted.', RemoteDisconnected('Remote end closed connection without response'))
2026-04-21 18:49:54 | WARNING | earnings_surprise_project | daily 301040.SZ failed after retries: 抱歉，您访问接口(daily)频率超限(500次/分钟)，具体频次详情：https://tushare.pro/document/1?doc_id=108。
2026-04-21 18:49:54 | WARNING | earnings_surprise_project | daily 301041.SZ failed after retries: 抱歉，您访问接口(daily)频率超限(500次/分钟)，具体频次详情：https://tushare.pro/document/1?doc_id=108。
2026-04-21 18:49:54 | WARNING | earnings_surprise_project | daily 301042.SZ failed after retries: 抱歉，您访问接口(daily)频率超限(500次/分钟)，具体频次详情：https://tushare.pro/document/1?doc_id=108。
2026-04-21 18:49:55 | WARNING | earnings_surprise_project | daily 301043.SZ failed after retries: 抱歉，您访问接口(daily)频率超限(500次/分钟)，具体频次详情：https://tushare.pro/document/1?doc_id=108。
2026-04-21 18:49:55 | WARNING | earnings_surprise_project | daily 301045.SZ failed after retries: 抱歉，您访问接口(daily)频率超限(500次/分钟)，具体频次详情：https://tushare.pro/document/1?doc_id=108。
2026-04-21 18:49:55 | WARNING | earnings_surprise_project | daily 301046.SZ failed after retries: 抱歉，您访问接口(daily)频率超限(500次/分钟)，具体频次详情：https://tushare.pro/document/1?doc_id=108。
2026-04-21 18:49:55 | WARNING | earnings_surprise_project | daily 301047.SZ failed after retries: 抱歉，您访问接口(daily)频率超限(500次/分钟)，具体频次详情：https://tushare.pro/document/1?doc_id=108。
2026-04-21 18:49:55 | WARNING | earnings_surprise_project | Akshare daily fallback failed for 301040.SZ: ('Connection aborted.', RemoteDisconnected('Remote end closed connection without response'))
2026-04-21 18:49:55 | WARNING | earnings_surprise_project | daily 301048.SZ failed after retries: 抱歉，您访问接口(daily)频率超限(500次/分钟)，具体频次详情：https://tushare.pro/document/1?doc_id=108。
2026-04-21 18:49:55 | WARNING | earnings_surprise_project | Akshare daily fallback failed for 301041.SZ: ('Connection aborted.', RemoteDisconnected('Remote end closed connection without response'))
2026-04-21 18:49:55 | WARNING | earnings_surprise_project | Akshare daily fallback failed for 301042.SZ: ('Connection aborted.', RemoteDisconnected('Remote end closed connection without response'))
2026-04-21 18:49:55 | WARNING | earnings_surprise_project | Akshare daily fallback failed for 301043.SZ: ('Connection aborted.', RemoteDisconnected('Remote end closed connection without response'))
2026-04-21 18:49:55 | WARNING | earnings_surprise_project | Akshare daily fallback failed for 301045.SZ: ('Connection aborted.', RemoteDisconnected('Remote end closed connection without response'))
2026-04-21 18:49:56 | WARNING | earnings_surprise_project | Akshare daily fallback failed for 301047.SZ: ('Connection aborted.', RemoteDisconnected('Remote end closed connection without response'))
2026-04-21 18:49:56 | WARNING | earnings_surprise_project | Akshare daily fallback failed for 301046.SZ: ('Connection aborted.', RemoteDisconnected('Remote end closed connection without response'))
2026-04-21 18:49:56 | WARNING | earnings_surprise_project | Akshare daily fallback failed for 301048.SZ: ('Connection aborted.', RemoteDisconnected('Remote end closed connection without response'))
2026-04-21 18:49:58 | WARNING | earnings_surprise_project | daily 301049.SZ failed after retries: 抱歉，您访问接口(daily)频率超限(500次/分钟)，具体频次详情：https://tushare.pro/document/1?doc_id=108。
2026-04-21 18:49:58 | WARNING | earnings_surprise_project | daily 301050.SZ failed after retries: 抱歉，您访问接口(daily)频率超限(500次/分钟)，具体频次详情：https://tushare.pro/document/1?doc_id=108。
2026-04-21 18:49:58 | WARNING | earnings_surprise_project | daily 301051.SZ failed after retries: 抱歉，您访问接口(daily)频率超限(500次/分钟)，具体频次详情：https://tushare.pro/document/1?doc_id=108。
2026-04-21 18:49:58 | WARNING | earnings_surprise_project | daily 301052.SZ failed after retries: 抱歉，您访问接口(daily)频率超限(500次/分钟)，具体频次详情：https://tushare.pro/document/1?doc_id=108。
2026-04-21 18:49:59 | WARNING | earnings_surprise_project | daily 301056.SZ failed after retries: 抱歉，您访问接口(daily)频率超限(500次/分钟)，具体频次详情：https://tushare.pro/document/1?doc_id=108。
2026-04-21 18:49:59 | WARNING | earnings_surprise_project | Akshare daily fallback failed for 301049.SZ: ('Connection aborted.', RemoteDisconnected('Remote end closed connection without response'))
2026-04-21 18:49:59 | WARNING | earnings_surprise_project | daily 301053.SZ failed after retries: 抱歉，您访问接口(daily)频率超限(500次/分钟)，具体频次详情：https://tushare.pro/document/1?doc_id=108。
2026-04-21 18:49:59 | WARNING | earnings_surprise_project | daily 301057.SZ failed after retries: 抱歉，您访问接口(daily)频率超限(500次/分钟)，具体频次详情：https://tushare.pro/document/1?doc_id=108。
2026-04-21 18:49:59 | WARNING | earnings_surprise_project | daily 301055.SZ failed after retries: 抱歉，您访问接口(daily)频率超限(500次/分钟)，具体频次详情：https://tushare.pro/document/1?doc_id=108。
2026-04-21 18:49:59 | WARNING | earnings_surprise_project | Akshare daily fallback failed for 301051.SZ: ('Connection aborted.', RemoteDisconnected('Remote end closed connection without response'))
2026-04-21 18:49:59 | WARNING | earnings_surprise_project | Akshare daily fallback failed for 301050.SZ: ('Connection aborted.', RemoteDisconnected('Remote end closed connection without response'))
2026-04-21 18:49:59 | WARNING | earnings_surprise_project | Akshare daily fallback failed for 301052.SZ: ('Connection aborted.', RemoteDisconnected('Remote end closed connection without response'))
2026-04-21 18:50:00 | WARNING | earnings_surprise_project | Akshare daily fallback failed for 301056.SZ: ('Connection aborted.', RemoteDisconnected('Remote end closed connection without response'))
2026-04-21 18:50:00 | WARNING | earnings_surprise_project | Akshare daily fallback failed for 301053.SZ: ('Connection aborted.', RemoteDisconnected('Remote end closed connection without response'))
2026-04-21 18:50:00 | WARNING | earnings_surprise_project | Akshare daily fallback failed for 301057.SZ: ('Connection aborted.', RemoteDisconnected('Remote end closed connection without response'))
2026-04-21 18:50:00 | WARNING | earnings_surprise_project | Akshare daily fallback failed for 301055.SZ: ('Connection aborted.', RemoteDisconnected('Remote end closed connection without response'))
2026-04-21 18:50:02 | WARNING | earnings_surprise_project | daily 301058.SZ failed after retries: 抱歉，您访问接口(daily)频率超限(500次/分钟)，具体频次详情：https://tushare.pro/document/1?doc_id=108。
2026-04-21 18:50:02 | WARNING | earnings_surprise_project | daily 301060.SZ failed after retries: 抱歉，您访问接口(daily)频率超限(500次/分钟)，具体频次详情：https://tushare.pro/document/1?doc_id=108。
2026-04-21 18:50:02 | WARNING | earnings_surprise_project | daily 301059.SZ failed after retries: 抱歉，您访问接口(daily)频率超限(500次/分钟)，具体频次详情：https://tushare.pro/document/1?doc_id=108。
2026-04-21 18:50:02 | WARNING | earnings_surprise_project | daily 301061.SZ failed after retries: 抱歉，您访问接口(daily)频率超限(500次/分钟)，具体频次详情：https://tushare.pro/document/1?doc_id=108。
2026-04-21 18:50:03 | WARNING | earnings_surprise_project | Akshare daily fallback failed for 301058.SZ: ('Connection aborted.', RemoteDisconnected('Remote end closed connection without response'))
2026-04-21 18:50:03 | WARNING | earnings_surprise_project | daily 301062.SZ failed after retries: 抱歉，您访问接口(daily)频率超限(500次/分钟)，具体频次详情：https://tushare.pro/document/1?doc_id=108。
2026-04-21 18:50:03 | WARNING | earnings_surprise_project | daily 301063.SZ failed after retries: 抱歉，您访问接口(daily)频率超限(500次/分钟)，具体频次详情：https://tushare.pro/document/1?doc_id=108。
2026-04-21 18:50:03 | WARNING | earnings_surprise_project | Akshare daily fallback failed for 301060.SZ: ('Connection aborted.', RemoteDisconnected('Remote end closed connection without response'))
2026-04-21 18:50:03 | WARNING | earnings_surprise_project | Akshare daily fallback failed for 301059.SZ: ('Connection aborted.', RemoteDisconnected('Remote end closed connection without response'))
2026-04-21 18:50:03 | WARNING | earnings_surprise_project | daily 301066.SZ failed after retries: 抱歉，您访问接口(daily)频率超限(500次/分钟)，具体频次详情：https://tushare.pro/document/1?doc_id=108。
2026-04-21 18:50:03 | WARNING | earnings_surprise_project | daily 301065.SZ failed after retries: 抱歉，您访问接口(daily)频率超限(500次/分钟)，具体频次详情：https://tushare.pro/document/1?doc_id=108。
2026-04-21 18:50:03 | WARNING | earnings_surprise_project | Akshare daily fallback failed for 301061.SZ: ('Connection aborted.', RemoteDisconnected('Remote end closed connection without response'))
2026-04-21 18:50:03 | WARNING | earnings_surprise_project | Akshare daily fallback failed for 301062.SZ: ('Connection aborted.', RemoteDisconnected('Remote end closed connection without response'))
2026-04-21 18:50:03 | WARNING | earnings_surprise_project | Akshare daily fallback failed for 301063.SZ: ('Connection aborted.', RemoteDisconnected('Remote end closed connection without response'))
2026-04-21 18:50:04 | WARNING | earnings_surprise_project | Akshare daily fallback failed for 301066.SZ: ('Connection aborted.', RemoteDisconnected('Remote end closed connection without response'))
2026-04-21 18:50:04 | WARNING | earnings_surprise_project | Akshare daily fallback failed for 301065.SZ: ('Connection aborted.', RemoteDisconnected('Remote end closed connection without response'))
2026-04-21 18:50:22 | WARNING | earnings_surprise_project | Akshare daily fallback failed for 301513.SZ: ('Connection aborted.', RemoteDisconnected('Remote end closed connection without response'))
2026-04-21 18:50:33 | WARNING | earnings_surprise_project | daily 600141.SH failed after retries: 抱歉，您访问接口(daily)频率超限(500次/分钟)，具体频次详情：https://tushare.pro/document/1?doc_id=108。
2026-04-21 18:50:33 | WARNING | earnings_surprise_project | daily 600138.SH failed after retries: 抱歉，您访问接口(daily)频率超限(500次/分钟)，具体频次详情：https://tushare.pro/document/1?doc_id=108。
2026-04-21 18:50:33 | WARNING | earnings_surprise_project | daily 600143.SH failed after retries: 抱歉，您访问接口(daily)频率超限(500次/分钟)，具体频次详情：https://tushare.pro/document/1?doc_id=108。
2026-04-21 18:50:33 | WARNING | earnings_surprise_project | daily 600149.SH failed after retries: 抱歉，您访问接口(daily)频率超限(500次/分钟)，具体频次详情：https://tushare.pro/document/1?doc_id=108。
2026-04-21 18:50:34 | WARNING | earnings_surprise_project | daily 600150.SH failed after retries: 抱歉，您访问接口(daily)频率超限(500次/分钟)，具体频次详情：https://tushare.pro/document/1?doc_id=108。
2026-04-21 18:50:34 | WARNING | earnings_surprise_project | daily 600148.SH failed after retries: 抱歉，您访问接口(daily)频率超限(500次/分钟)，具体频次详情：https://tushare.pro/document/1?doc_id=108。
2026-04-21 18:50:34 | WARNING | earnings_surprise_project | daily 600151.SH failed after retries: 抱歉，您访问接口(daily)频率超限(500次/分钟)，具体频次详情：https://tushare.pro/document/1?doc_id=108。
2026-04-21 18:50:34 | WARNING | earnings_surprise_project | daily 600152.SH failed after retries: 抱歉，您访问接口(daily)频率超限(500次/分钟)，具体频次详情：https://tushare.pro/document/1?doc_id=108。
2026-04-21 18:50:34 | WARNING | earnings_surprise_project | Akshare daily fallback failed for 600138.SH: ('Connection aborted.', RemoteDisconnected('Remote end closed connection without response'))
2026-04-21 18:50:34 | WARNING | earnings_surprise_project | Akshare daily fallback failed for 600141.SH: ('Connection aborted.', RemoteDisconnected('Remote end closed connection without response'))
2026-04-21 18:50:34 | WARNING | earnings_surprise_project | Akshare daily fallback failed for 600143.SH: ('Connection aborted.', RemoteDisconnected('Remote end closed connection without response'))
2026-04-21 18:50:34 | WARNING | earnings_surprise_project | Akshare daily fallback failed for 600150.SH: ('Connection aborted.', RemoteDisconnected('Remote end closed connection without response'))
2026-04-21 18:50:34 | WARNING | earnings_surprise_project | Akshare daily fallback failed for 600149.SH: ('Connection aborted.', RemoteDisconnected('Remote end closed connection without response'))
2026-04-21 18:50:34 | WARNING | earnings_surprise_project | Akshare daily fallback failed for 600148.SH: ('Connection aborted.', RemoteDisconnected('Remote end closed connection without response'))
2026-04-21 18:50:34 | WARNING | earnings_surprise_project | Akshare daily fallback failed for 600151.SH: ('Connection aborted.', RemoteDisconnected('Remote end closed connection without response'))
2026-04-21 18:50:34 | WARNING | earnings_surprise_project | Akshare daily fallback failed for 600152.SH: ('Connection aborted.', RemoteDisconnected('Remote end closed connection without response'))
2026-04-21 18:50:37 | WARNING | earnings_surprise_project | daily 600153.SH failed after retries: 抱歉，您访问接口(daily)频率超限(500次/分钟)，具体频次详情：https://tushare.pro/document/1?doc_id=108。
2026-04-21 18:50:37 | WARNING | earnings_surprise_project | daily 600156.SH failed after retries: 抱歉，您访问接口(daily)频率超限(500次/分钟)，具体频次详情：https://tushare.pro/document/1?doc_id=108。
2026-04-21 18:50:37 | WARNING | earnings_surprise_project | daily 600155.SH failed after retries: 抱歉，您访问接口(daily)频率超限(500次/分钟)，具体频次详情：https://tushare.pro/document/1?doc_id=108。
2026-04-21 18:50:38 | WARNING | earnings_surprise_project | daily 600158.SH failed after retries: 抱歉，您访问接口(daily)频率超限(500次/分钟)，具体频次详情：https://tushare.pro/document/1?doc_id=108。
2026-04-21 18:50:38 | WARNING | earnings_surprise_project | daily 600157.SH failed after retries: 抱歉，您访问接口(daily)频率超限(500次/分钟)，具体频次详情：https://tushare.pro/document/1?doc_id=108。
2026-04-21 18:50:38 | WARNING | earnings_surprise_project | daily 600159.SH failed after retries: 抱歉，您访问接口(daily)频率超限(500次/分钟)，具体频次详情：https://tushare.pro/document/1?doc_id=108。
2026-04-21 18:50:38 | WARNING | earnings_surprise_project | daily 600160.SH failed after retries: 抱歉，您访问接口(daily)频率超限(500次/分钟)，具体频次详情：https://tushare.pro/document/1?doc_id=108。
2026-04-21 18:50:38 | WARNING | earnings_surprise_project | daily 600161.SH failed after retries: 抱歉，您访问接口(daily)频率超限(500次/分钟)，具体频次详情：https://tushare.pro/document/1?doc_id=108。
2026-04-21 18:50:38 | WARNING | earnings_surprise_project | Akshare daily fallback failed for 600159.SH: ('Connection aborted.', RemoteDisconnected('Remote end closed connection without response'))
2026-04-21 18:50:38 | WARNING | earnings_surprise_project | Akshare daily fallback failed for 600155.SH: ('Connection aborted.', RemoteDisconnected('Remote end closed connection without response'))
2026-04-21 18:50:38 | WARNING | earnings_surprise_project | Akshare daily fallback failed for 600160.SH: ('Connection aborted.', RemoteDisconnected('Remote end closed connection without response'))
2026-04-21 18:50:38 | WARNING | earnings_surprise_project | Akshare daily fallback failed for 600157.SH: ('Connection aborted.', RemoteDisconnected('Remote end closed connection without response'))
2026-04-21 18:50:38 | WARNING | earnings_surprise_project | Akshare daily fallback failed for 600161.SH: ('Connection aborted.', RemoteDisconnected('Remote end closed connection without response'))
2026-04-21 18:50:38 | WARNING | earnings_surprise_project | Akshare daily fallback failed for 600158.SH: ('Connection aborted.', RemoteDisconnected('Remote end closed connection without response'))
2026-04-21 18:50:38 | WARNING | earnings_surprise_project | Akshare daily fallback failed for 600153.SH: ('Connection aborted.', RemoteDisconnected('Remote end closed connection without response'))
2026-04-21 18:50:38 | WARNING | earnings_surprise_project | Akshare daily fallback failed for 600156.SH: ('Connection aborted.', RemoteDisconnected('Remote end closed connection without response'))
2026-04-21 18:50:42 | WARNING | earnings_surprise_project | daily 600162.SH failed after retries: 抱歉，您访问接口(daily)频率超限(500次/分钟)，具体频次详情：https://tushare.pro/document/1?doc_id=108。
2026-04-21 18:50:42 | WARNING | earnings_surprise_project | daily 600163.SH failed after retries: 抱歉，您访问接口(daily)频率超限(500次/分钟)，具体频次详情：https://tushare.pro/document/1?doc_id=108。
2026-04-21 18:50:42 | WARNING | earnings_surprise_project | daily 600166.SH failed after retries: 抱歉，您访问接口(daily)频率超限(500次/分钟)，具体频次详情：https://tushare.pro/document/1?doc_id=108。
2026-04-21 18:50:42 | WARNING | earnings_surprise_project | daily 600169.SH failed after retries: 抱歉，您访问接口(daily)频率超限(500次/分钟)，具体频次详情：https://tushare.pro/document/1?doc_id=108。
2026-04-21 18:50:42 | WARNING | earnings_surprise_project | daily 600165.SH failed after retries: 抱歉，您访问接口(daily)频率超限(500次/分钟)，具体频次详情：https://tushare.pro/document/1?doc_id=108。
2026-04-21 18:50:42 | WARNING | earnings_surprise_project | daily 600170.SH failed after retries: 抱歉，您访问接口(daily)频率超限(500次/分钟)，具体频次详情：https://tushare.pro/document/1?doc_id=108。
2026-04-21 18:50:42 | WARNING | earnings_surprise_project | daily 600168.SH failed after retries: 抱歉，您访问接口(daily)频率超限(500次/分钟)，具体频次详情：https://tushare.pro/document/1?doc_id=108。
2026-04-21 18:50:42 | WARNING | earnings_surprise_project | daily 600167.SH failed after retries: 抱歉，您访问接口(daily)频率超限(500次/分钟)，具体频次详情：https://tushare.pro/document/1?doc_id=108。
2026-04-21 18:50:42 | WARNING | earnings_surprise_project | Akshare daily fallback failed for 600162.SH: ('Connection aborted.', RemoteDisconnected('Remote end closed connection without response'))
2026-04-21 18:50:42 | WARNING | earnings_surprise_project | Akshare daily fallback failed for 600168.SH: ('Connection aborted.', RemoteDisconnected('Remote end closed connection without response'))
2026-04-21 18:50:42 | WARNING | earnings_surprise_project | Akshare daily fallback failed for 600166.SH: ('Connection aborted.', RemoteDisconnected('Remote end closed connection without response'))
2026-04-21 18:50:42 | WARNING | earnings_surprise_project | Akshare daily fallback failed for 600165.SH: ('Connection aborted.', RemoteDisconnected('Remote end closed connection without response'))
2026-04-21 18:50:42 | WARNING | earnings_surprise_project | Akshare daily fallback failed for 600163.SH: ('Connection aborted.', RemoteDisconnected('Remote end closed connection without response'))
2026-04-21 18:50:42 | WARNING | earnings_surprise_project | Akshare daily fallback failed for 600170.SH: ('Connection aborted.', RemoteDisconnected('Remote end closed connection without response'))
2026-04-21 18:50:43 | WARNING | earnings_surprise_project | Akshare daily fallback failed for 600169.SH: ('Connection aborted.', RemoteDisconnected('Remote end closed connection without response'))
2026-04-21 18:50:43 | WARNING | earnings_surprise_project | Akshare daily fallback failed for 600167.SH: ('Connection aborted.', RemoteDisconnected('Remote end closed connection without response'))
2026-04-21 18:50:46 | WARNING | earnings_surprise_project | daily 600171.SH failed after retries: 抱歉，您访问接口(daily)频率超限(500次/分钟)，具体频次详情：https://tushare.pro/document/1?doc_id=108。
2026-04-21 18:50:46 | WARNING | earnings_surprise_project | daily 600176.SH failed after retries: 抱歉，您访问接口(daily)频率超限(500次/分钟)，具体频次详情：https://tushare.pro/document/1?doc_id=108。
2026-04-21 18:50:46 | WARNING | earnings_surprise_project | daily 600172.SH failed after retries: 抱歉，您访问接口(daily)频率超限(500次/分钟)，具体频次详情：https://tushare.pro/document/1?doc_id=108。
2026-04-21 18:50:46 | WARNING | earnings_surprise_project | daily 600177.SH failed after retries: 抱歉，您访问接口(daily)频率超限(500次/分钟)，具体频次详情：https://tushare.pro/document/1?doc_id=108。
2026-04-21 18:50:46 | WARNING | earnings_surprise_project | daily 600178.SH failed after retries: 抱歉，您访问接口(daily)频率超限(500次/分钟)，具体频次详情：https://tushare.pro/document/1?doc_id=108。
2026-04-21 18:50:46 | WARNING | earnings_surprise_project | daily 600173.SH failed after retries: 抱歉，您访问接口(daily)频率超限(500次/分钟)，具体频次详情：https://tushare.pro/document/1?doc_id=108。
2026-04-21 18:50:46 | WARNING | earnings_surprise_project | daily 600180.SH failed after retries: 抱歉，您访问接口(daily)频率超限(500次/分钟)，具体频次详情：https://tushare.pro/document/1?doc_id=108。
2026-04-21 18:50:46 | WARNING | earnings_surprise_project | daily 600179.SH failed after retries: 抱歉，您访问接口(daily)频率超限(500次/分钟)，具体频次详情：https://tushare.pro/document/1?doc_id=108。
2026-04-21 18:50:46 | WARNING | earnings_surprise_project | Akshare daily fallback failed for 600171.SH: ('Connection aborted.', RemoteDisconnected('Remote end closed connection without response'))
2026-04-21 18:50:46 | WARNING | earnings_surprise_project | Akshare daily fallback failed for 600176.SH: ('Connection aborted.', RemoteDisconnected('Remote end closed connection without response'))
2026-04-21 18:50:46 | WARNING | earnings_surprise_project | Akshare daily fallback failed for 600177.SH: ('Connection aborted.', RemoteDisconnected('Remote end closed connection without response'))
2026-04-21 18:50:46 | WARNING | earnings_surprise_project | Akshare daily fallback failed for 600172.SH: ('Connection aborted.', RemoteDisconnected('Remote end closed connection without response'))
2026-04-21 18:50:46 | WARNING | earnings_surprise_project | Akshare daily fallback failed for 600178.SH: ('Connection aborted.', RemoteDisconnected('Remote end closed connection without response'))
2026-04-21 18:50:46 | WARNING | earnings_surprise_project | Akshare daily fallback failed for 600173.SH: ('Connection aborted.', RemoteDisconnected('Remote end closed connection without response'))
2026-04-21 18:50:47 | WARNING | earnings_surprise_project | Akshare daily fallback failed for 600179.SH: ('Connection aborted.', RemoteDisconnected('Remote end closed connection without response'))
2026-04-21 18:50:47 | WARNING | earnings_surprise_project | Akshare daily fallback failed for 600180.SH: ('Connection aborted.', RemoteDisconnected('Remote end closed connection without response'))
2026-04-21 18:50:50 | WARNING | earnings_surprise_project | daily 600182.SH failed after retries: 抱歉，您访问接口(daily)频率超限(500次/分钟)，具体频次详情：https://tushare.pro/document/1?doc_id=108。
2026-04-21 18:50:50 | WARNING | earnings_surprise_project | daily 600183.SH failed after retries: 抱歉，您访问接口(daily)频率超限(500次/分钟)，具体频次详情：https://tushare.pro/document/1?doc_id=108。
2026-04-21 18:50:50 | WARNING | earnings_surprise_project | daily 600186.SH failed after retries: 抱歉，您访问接口(daily)频率超限(500次/分钟)，具体频次详情：https://tushare.pro/document/1?doc_id=108。
2026-04-21 18:50:50 | WARNING | earnings_surprise_project | daily 600185.SH failed after retries: 抱歉，您访问接口(daily)频率超限(500次/分钟)，具体频次详情：https://tushare.pro/document/1?doc_id=108。
2026-04-21 18:50:50 | WARNING | earnings_surprise_project | daily 600184.SH failed after retries: 抱歉，您访问接口(daily)频率超限(500次/分钟)，具体频次详情：https://tushare.pro/document/1?doc_id=108。
2026-04-21 18:50:50 | WARNING | earnings_surprise_project | daily 600187.SH failed after retries: 抱歉，您访问接口(daily)频率超限(500次/分钟)，具体频次详情：https://tushare.pro/document/1?doc_id=108。
2026-04-21 18:50:50 | WARNING | earnings_surprise_project | daily 600188.SH failed after retries: 抱歉，您访问接口(daily)频率超限(500次/分钟)，具体频次详情：https://tushare.pro/document/1?doc_id=108。
2026-04-21 18:50:50 | WARNING | earnings_surprise_project | daily 600189.SH failed after retries: 抱歉，您访问接口(daily)频率超限(500次/分钟)，具体频次详情：https://tushare.pro/document/1?doc_id=108。
2026-04-21 18:50:50 | WARNING | earnings_surprise_project | Akshare daily fallback failed for 600182.SH: ('Connection aborted.', RemoteDisconnected('Remote end closed connection without response'))
2026-04-21 18:50:50 | WARNING | earnings_surprise_project | Akshare daily fallback failed for 600183.SH: ('Connection aborted.', RemoteDisconnected('Remote end closed connection without response'))
2026-04-21 18:50:50 | WARNING | earnings_surprise_project | Akshare daily fallback failed for 600185.SH: ('Connection aborted.', RemoteDisconnected('Remote end closed connection without response'))
2026-04-21 18:50:50 | WARNING | earnings_surprise_project | Akshare daily fallback failed for 600186.SH: ('Connection aborted.', RemoteDisconnected('Remote end closed connection without response'))
2026-04-21 18:50:50 | WARNING | earnings_surprise_project | Akshare daily fallback failed for 600184.SH: ('Connection aborted.', RemoteDisconnected('Remote end closed connection without response'))
2026-04-21 18:50:51 | WARNING | earnings_surprise_project | Akshare daily fallback failed for 600187.SH: ('Connection aborted.', RemoteDisconnected('Remote end closed connection without response'))
2026-04-21 18:50:51 | WARNING | earnings_surprise_project | Akshare daily fallback failed for 600188.SH: ('Connection aborted.', RemoteDisconnected('Remote end closed connection without response'))
2026-04-21 18:50:51 | WARNING | earnings_surprise_project | Akshare daily fallback failed for 600189.SH: ('Connection aborted.', RemoteDisconnected('Remote end closed connection without response'))
2026-04-21 18:50:53 | WARNING | earnings_surprise_project | daily 600191.SH failed after retries: 抱歉，您访问接口(daily)频率超限(500次/分钟)，具体频次详情：https://tushare.pro/document/1?doc_id=108。
2026-04-21 18:50:54 | WARNING | earnings_surprise_project | daily 600192.SH failed after retries: 抱歉，您访问接口(daily)频率超限(500次/分钟)，具体频次详情：https://tushare.pro/document/1?doc_id=108。
2026-04-21 18:50:54 | WARNING | earnings_surprise_project | daily 600195.SH failed after retries: 抱歉，您访问接口(daily)频率超限(500次/分钟)，具体频次详情：https://tushare.pro/document/1?doc_id=108。
2026-04-21 18:50:54 | WARNING | earnings_surprise_project | daily 600193.SH failed after retries: 抱歉，您访问接口(daily)频率超限(500次/分钟)，具体频次详情：https://tushare.pro/document/1?doc_id=108。
2026-04-21 18:50:54 | WARNING | earnings_surprise_project | daily 600196.SH failed after retries: 抱歉，您访问接口(daily)频率超限(500次/分钟)，具体频次详情：https://tushare.pro/document/1?doc_id=108。
2026-04-21 18:50:54 | WARNING | earnings_surprise_project | daily 600197.SH failed after retries: 抱歉，您访问接口(daily)频率超限(500次/分钟)，具体频次详情：https://tushare.pro/document/1?doc_id=108。
2026-04-21 18:50:54 | WARNING | earnings_surprise_project | daily 600198.SH failed after retries: 抱歉，您访问接口(daily)频率超限(500次/分钟)，具体频次详情：https://tushare.pro/document/1?doc_id=108。
2026-04-21 18:50:54 | WARNING | earnings_surprise_project | daily 600199.SH failed after retries: 抱歉，您访问接口(daily)频率超限(500次/分钟)，具体频次详情：https://tushare.pro/document/1?doc_id=108。
2026-04-21 18:50:54 | WARNING | earnings_surprise_project | Akshare daily fallback failed for 600191.SH: ('Connection aborted.', RemoteDisconnected('Remote end closed connection without response'))
2026-04-21 18:50:54 | WARNING | earnings_surprise_project | Akshare daily fallback failed for 600192.SH: ('Connection aborted.', RemoteDisconnected('Remote end closed connection without response'))
2026-04-21 18:50:54 | WARNING | earnings_surprise_project | Akshare daily fallback failed for 600193.SH: ('Connection aborted.', RemoteDisconnected('Remote end closed connection without response'))
2026-04-21 18:50:54 | WARNING | earnings_surprise_project | Akshare daily fallback failed for 600195.SH: ('Connection aborted.', RemoteDisconnected('Remote end closed connection without response'))
2026-04-21 18:50:54 | WARNING | earnings_surprise_project | Akshare daily fallback failed for 600196.SH: ('Connection aborted.', RemoteDisconnected('Remote end closed connection without response'))
2026-04-21 18:50:54 | WARNING | earnings_surprise_project | Akshare daily fallback failed for 600198.SH: ('Connection aborted.', RemoteDisconnected('Remote end closed connection without response'))
2026-04-21 18:50:54 | WARNING | earnings_surprise_project | Akshare daily fallback failed for 600197.SH: ('Connection aborted.', RemoteDisconnected('Remote end closed connection without response'))
2026-04-21 18:50:55 | WARNING | earnings_surprise_project | Akshare daily fallback failed for 600199.SH: ('Connection aborted.', RemoteDisconnected('Remote end closed connection without response'))
2026-04-21 18:50:57 | WARNING | earnings_surprise_project | daily 600201.SH failed after retries: 抱歉，您访问接口(daily)频率超限(500次/分钟)，具体频次详情：https://tushare.pro/document/1?doc_id=108。
2026-04-21 18:50:58 | WARNING | earnings_surprise_project | daily 600202.SH failed after retries: 抱歉，您访问接口(daily)频率超限(500次/分钟)，具体频次详情：https://tushare.pro/document/1?doc_id=108。
2026-04-21 18:50:58 | WARNING | earnings_surprise_project | daily 600206.SH failed after retries: 抱歉，您访问接口(daily)频率超限(500次/分钟)，具体频次详情：https://tushare.pro/document/1?doc_id=108。
2026-04-21 18:50:58 | WARNING | earnings_surprise_project | daily 600203.SH failed after retries: 抱歉，您访问接口(daily)频率超限(500次/分钟)，具体频次详情：https://tushare.pro/document/1?doc_id=108。
2026-04-21 18:50:58 | WARNING | earnings_surprise_project | daily 600207.SH failed after retries: 抱歉，您访问接口(daily)频率超限(500次/分钟)，具体频次详情：https://tushare.pro/document/1?doc_id=108。
2026-04-21 18:50:58 | WARNING | earnings_surprise_project | daily 600210.SH failed after retries: 抱歉，您访问接口(daily)频率超限(500次/分钟)，具体频次详情：https://tushare.pro/document/1?doc_id=108。
2026-04-21 18:50:58 | WARNING | earnings_surprise_project | daily 600208.SH failed after retries: 抱歉，您访问接口(daily)频率超限(500次/分钟)，具体频次详情：https://tushare.pro/document/1?doc_id=108。
2026-04-21 18:50:58 | WARNING | earnings_surprise_project | daily 600211.SH failed after retries: 抱歉，您访问接口(daily)频率超限(500次/分钟)，具体频次详情：https://tushare.pro/document/1?doc_id=108。
2026-04-21 18:50:58 | WARNING | earnings_surprise_project | Akshare daily fallback failed for 600201.SH: ('Connection aborted.', RemoteDisconnected('Remote end closed connection without response'))
2026-04-21 18:50:58 | WARNING | earnings_surprise_project | Akshare daily fallback failed for 600202.SH: ('Connection aborted.', RemoteDisconnected('Remote end closed connection without response'))
2026-04-21 18:50:58 | WARNING | earnings_surprise_project | Akshare daily fallback failed for 600206.SH: ('Connection aborted.', RemoteDisconnected('Remote end closed connection without response'))
2026-04-21 18:50:58 | WARNING | earnings_surprise_project | Akshare daily fallback failed for 600203.SH: ('Connection aborted.', RemoteDisconnected('Remote end closed connection without response'))
2026-04-21 18:50:58 | WARNING | earnings_surprise_project | Akshare daily fallback failed for 600207.SH: ('Connection aborted.', RemoteDisconnected('Remote end closed connection without response'))
2026-04-21 18:50:58 | WARNING | earnings_surprise_project | Akshare daily fallback failed for 600210.SH: ('Connection aborted.', RemoteDisconnected('Remote end closed connection without response'))
2026-04-21 18:50:58 | WARNING | earnings_surprise_project | Akshare daily fallback failed for 600211.SH: ('Connection aborted.', RemoteDisconnected('Remote end closed connection without response'))
2026-04-21 18:50:58 | WARNING | earnings_surprise_project | Akshare daily fallback failed for 600208.SH: ('Connection aborted.', RemoteDisconnected('Remote end closed connection without response'))
2026-04-21 18:51:01 | WARNING | earnings_surprise_project | daily 600212.SH failed after retries: 抱歉，您访问接口(daily)频率超限(500次/分钟)，具体频次详情：https://tushare.pro/document/1?doc_id=108。
2026-04-21 18:51:01 | WARNING | earnings_surprise_project | daily 600215.SH failed after retries: 抱歉，您访问接口(daily)频率超限(500次/分钟)，具体频次详情：https://tushare.pro/document/1?doc_id=108。
2026-04-21 18:51:02 | WARNING | earnings_surprise_project | Akshare daily fallback failed for 600212.SH: ('Connection aborted.', RemoteDisconnected('Remote end closed connection without response'))
2026-04-21 18:51:02 | WARNING | earnings_surprise_project | daily 600216.SH failed after retries: 抱歉，您访问接口(daily)频率超限(500次/分钟)，具体频次详情：https://tushare.pro/document/1?doc_id=108。
2026-04-21 18:51:02 | WARNING | earnings_surprise_project | daily 600218.SH failed after retries: 抱歉，您访问接口(daily)频率超限(500次/分钟)，具体频次详情：https://tushare.pro/document/1?doc_id=108。
2026-04-21 18:51:02 | WARNING | earnings_surprise_project | daily 600221.SH failed after retries: 抱歉，您访问接口(daily)频率超限(500次/分钟)，具体频次详情：https://tushare.pro/document/1?doc_id=108。
2026-04-21 18:51:02 | WARNING | earnings_surprise_project | daily 600217.SH failed after retries: 抱歉，您访问接口(daily)频率超限(500次/分钟)，具体频次详情：https://tushare.pro/document/1?doc_id=108。
2026-04-21 18:51:02 | WARNING | earnings_surprise_project | daily 600219.SH failed after retries: 抱歉，您访问接口(daily)频率超限(500次/分钟)，具体频次详情：https://tushare.pro/document/1?doc_id=108。
2026-04-21 18:51:02 | WARNING | earnings_surprise_project | daily 600222.SH failed after retries: 抱歉，您访问接口(daily)频率超限(500次/分钟)，具体频次详情：https://tushare.pro/document/1?doc_id=108。
2026-04-21 18:51:02 | WARNING | earnings_surprise_project | Akshare daily fallback failed for 600215.SH: ('Connection aborted.', RemoteDisconnected('Remote end closed connection without response'))
2026-04-21 18:51:02 | WARNING | earnings_surprise_project | Akshare daily fallback failed for 600216.SH: ('Connection aborted.', RemoteDisconnected('Remote end closed connection without response'))
2026-04-21 18:51:02 | WARNING | earnings_surprise_project | Akshare daily fallback failed for 600218.SH: ('Connection aborted.', RemoteDisconnected('Remote end closed connection without response'))
2026-04-21 18:51:02 | WARNING | earnings_surprise_project | Akshare daily fallback failed for 600217.SH: ('Connection aborted.', RemoteDisconnected('Remote end closed connection without response'))
2026-04-21 18:51:02 | WARNING | earnings_surprise_project | Akshare daily fallback failed for 600221.SH: ('Connection aborted.', RemoteDisconnected('Remote end closed connection without response'))
2026-04-21 18:51:02 | WARNING | earnings_surprise_project | Akshare daily fallback failed for 600222.SH: ('Connection aborted.', RemoteDisconnected('Remote end closed connection without response'))
2026-04-21 18:51:02 | WARNING | earnings_surprise_project | Akshare daily fallback failed for 600219.SH: ('Connection aborted.', RemoteDisconnected('Remote end closed connection without response'))
2026-04-21 18:51:05 | WARNING | earnings_surprise_project | daily 600223.SH failed after retries: 抱歉，您访问接口(daily)频率超限(500次/分钟)，具体频次详情：https://tushare.pro/document/1?doc_id=108。
2026-04-21 18:51:05 | WARNING | earnings_surprise_project | daily 600226.SH failed after retries: 抱歉，您访问接口(daily)频率超限(500次/分钟)，具体频次详情：https://tushare.pro/document/1?doc_id=108。
2026-04-21 18:51:05 | WARNING | earnings_surprise_project | daily 600227.SH failed after retries: 抱歉，您访问接口(daily)频率超限(500次/分钟)，具体频次详情：https://tushare.pro/document/1?doc_id=108。
2026-04-21 18:51:05 | WARNING | earnings_surprise_project | daily 600228.SH failed after retries: 抱歉，您访问接口(daily)频率超限(500次/分钟)，具体频次详情：https://tushare.pro/document/1?doc_id=108。
2026-04-21 18:51:05 | WARNING | earnings_surprise_project | daily 600229.SH failed after retries: 抱歉，您访问接口(daily)频率超限(500次/分钟)，具体频次详情：https://tushare.pro/document/1?doc_id=108。
2026-04-21 18:51:06 | WARNING | earnings_surprise_project | daily 600231.SH failed after retries: 抱歉，您访问接口(daily)频率超限(500次/分钟)，具体频次详情：https://tushare.pro/document/1?doc_id=108。
2026-04-21 18:51:06 | WARNING | earnings_surprise_project | daily 600232.SH failed after retries: 抱歉，您访问接口(daily)频率超限(500次/分钟)，具体频次详情：https://tushare.pro/document/1?doc_id=108。
2026-04-21 18:51:06 | WARNING | earnings_surprise_project | daily 600230.SH failed after retries: 抱歉，您访问接口(daily)频率超限(500次/分钟)，具体频次详情：https://tushare.pro/document/1?doc_id=108。
2026-04-21 18:51:06 | WARNING | earnings_surprise_project | Akshare daily fallback failed for 600223.SH: ('Connection aborted.', RemoteDisconnected('Remote end closed connection without response'))
2026-04-21 18:51:06 | WARNING | earnings_surprise_project | Akshare daily fallback failed for 600226.SH: ('Connection aborted.', RemoteDisconnected('Remote end closed connection without response'))
2026-04-21 18:51:06 | WARNING | earnings_surprise_project | Akshare daily fallback failed for 600227.SH: ('Connection aborted.', RemoteDisconnected('Remote end closed connection without response'))
2026-04-21 18:51:06 | WARNING | earnings_surprise_project | Akshare daily fallback failed for 600229.SH: ('Connection aborted.', RemoteDisconnected('Remote end closed connection without response'))
2026-04-21 18:51:06 | WARNING | earnings_surprise_project | Akshare daily fallback failed for 600231.SH: ('Connection aborted.', RemoteDisconnected('Remote end closed connection without response'))
2026-04-21 18:51:06 | WARNING | earnings_surprise_project | Akshare daily fallback failed for 600228.SH: ('Connection aborted.', RemoteDisconnected('Remote end closed connection without response'))
2026-04-21 18:51:06 | WARNING | earnings_surprise_project | Akshare daily fallback failed for 600230.SH: ('Connection aborted.', RemoteDisconnected('Remote end closed connection without response'))
2026-04-21 18:51:07 | WARNING | earnings_surprise_project | Akshare daily fallback failed for 600232.SH: ('Connection aborted.', RemoteDisconnected('Remote end closed connection without response'))
2026-04-21 18:51:35 | WARNING | earnings_surprise_project | daily 600877.SH failed after retries: 抱歉，您访问接口(daily)频率超限(500次/分钟)，具体频次详情：https://tushare.pro/document/1?doc_id=108。
2026-04-21 18:51:35 | WARNING | earnings_surprise_project | daily 600876.SH failed after retries: 抱歉，您访问接口(daily)频率超限(500次/分钟)，具体频次详情：https://tushare.pro/document/1?doc_id=108。
2026-04-21 18:51:35 | WARNING | earnings_surprise_project | daily 600879.SH failed after retries: 抱歉，您访问接口(daily)频率超限(500次/分钟)，具体频次详情：https://tushare.pro/document/1?doc_id=108。
2026-04-21 18:51:35 | WARNING | earnings_surprise_project | daily 600880.SH failed after retries: 抱歉，您访问接口(daily)频率超限(500次/分钟)，具体频次详情：https://tushare.pro/document/1?doc_id=108。
2026-04-21 18:51:35 | WARNING | earnings_surprise_project | daily 600881.SH failed after retries: 抱歉，您访问接口(daily)频率超限(500次/分钟)，具体频次详情：https://tushare.pro/document/1?doc_id=108。
2026-04-21 18:51:35 | WARNING | earnings_surprise_project | daily 600882.SH failed after retries: 抱歉，您访问接口(daily)频率超限(500次/分钟)，具体频次详情：https://tushare.pro/document/1?doc_id=108。
2026-04-21 18:51:35 | WARNING | earnings_surprise_project | daily 600883.SH failed after retries: 抱歉，您访问接口(daily)频率超限(500次/分钟)，具体频次详情：https://tushare.pro/document/1?doc_id=108。
2026-04-21 18:51:35 | WARNING | earnings_surprise_project | daily 600884.SH failed after retries: 抱歉，您访问接口(daily)频率超限(500次/分钟)，具体频次详情：https://tushare.pro/document/1?doc_id=108。
2026-04-21 18:51:36 | WARNING | earnings_surprise_project | Akshare daily fallback failed for 600879.SH: ('Connection aborted.', RemoteDisconnected('Remote end closed connection without response'))
2026-04-21 18:51:36 | WARNING | earnings_surprise_project | Akshare daily fallback failed for 600876.SH: ('Connection aborted.', RemoteDisconnected('Remote end closed connection without response'))
2026-04-21 18:51:36 | WARNING | earnings_surprise_project | Akshare daily fallback failed for 600877.SH: ('Connection aborted.', RemoteDisconnected('Remote end closed connection without response'))
2026-04-21 18:51:36 | WARNING | earnings_surprise_project | Akshare daily fallback failed for 600880.SH: ('Connection aborted.', RemoteDisconnected('Remote end closed connection without response'))
2026-04-21 18:51:36 | WARNING | earnings_surprise_project | Akshare daily fallback failed for 600882.SH: ('Connection aborted.', RemoteDisconnected('Remote end closed connection without response'))
2026-04-21 18:51:36 | WARNING | earnings_surprise_project | Akshare daily fallback failed for 600884.SH: ('Connection aborted.', RemoteDisconnected('Remote end closed connection without response'))
2026-04-21 18:51:36 | WARNING | earnings_surprise_project | Akshare daily fallback failed for 600881.SH: ('Connection aborted.', RemoteDisconnected('Remote end closed connection without response'))
2026-04-21 18:51:36 | WARNING | earnings_surprise_project | Akshare daily fallback failed for 600883.SH: ('Connection aborted.', RemoteDisconnected('Remote end closed connection without response'))
2026-04-21 18:51:39 | WARNING | earnings_surprise_project | daily 600885.SH failed after retries: 抱歉，您访问接口(daily)频率超限(500次/分钟)，具体频次详情：https://tushare.pro/document/1?doc_id=108。
2026-04-21 18:51:39 | WARNING | earnings_surprise_project | daily 600886.SH failed after retries: 抱歉，您访问接口(daily)频率超限(500次/分钟)，具体频次详情：https://tushare.pro/document/1?doc_id=108。
2026-04-21 18:51:39 | WARNING | earnings_surprise_project | daily 600887.SH failed after retries: 抱歉，您访问接口(daily)频率超限(500次/分钟)，具体频次详情：https://tushare.pro/document/1?doc_id=108。
2026-04-21 18:51:40 | WARNING | earnings_surprise_project | daily 600888.SH failed after retries: 抱歉，您访问接口(daily)频率超限(500次/分钟)，具体频次详情：https://tushare.pro/document/1?doc_id=108。
2026-04-21 18:51:40 | WARNING | earnings_surprise_project | daily 600889.SH failed after retries: 抱歉，您访问接口(daily)频率超限(500次/分钟)，具体频次详情：https://tushare.pro/document/1?doc_id=108。
2026-04-21 18:51:40 | WARNING | earnings_surprise_project | daily 600894.SH failed after retries: 抱歉，您访问接口(daily)频率超限(500次/分钟)，具体频次详情：https://tushare.pro/document/1?doc_id=108。
2026-04-21 18:51:40 | WARNING | earnings_surprise_project | daily 600892.SH failed after retries: 抱歉，您访问接口(daily)频率超限(500次/分钟)，具体频次详情：https://tushare.pro/document/1?doc_id=108。
2026-04-21 18:51:40 | WARNING | earnings_surprise_project | daily 600893.SH failed after retries: 抱歉，您访问接口(daily)频率超限(500次/分钟)，具体频次详情：https://tushare.pro/document/1?doc_id=108。
2026-04-21 18:51:40 | WARNING | earnings_surprise_project | Akshare daily fallback failed for 600885.SH: ('Connection aborted.', RemoteDisconnected('Remote end closed connection without response'))
2026-04-21 18:51:40 | WARNING | earnings_surprise_project | Akshare daily fallback failed for 600886.SH: ('Connection aborted.', RemoteDisconnected('Remote end closed connection without response'))
2026-04-21 18:51:40 | WARNING | earnings_surprise_project | Akshare daily fallback failed for 600887.SH: ('Connection aborted.', RemoteDisconnected('Remote end closed connection without response'))
2026-04-21 18:51:40 | WARNING | earnings_surprise_project | Akshare daily fallback failed for 600888.SH: ('Connection aborted.', RemoteDisconnected('Remote end closed connection without response'))
2026-04-21 18:51:40 | WARNING | earnings_surprise_project | Akshare daily fallback failed for 600892.SH: ('Connection aborted.', RemoteDisconnected('Remote end closed connection without response'))
2026-04-21 18:51:40 | WARNING | earnings_surprise_project | Akshare daily fallback failed for 600889.SH: ('Connection aborted.', RemoteDisconnected('Remote end closed connection without response'))
2026-04-21 18:51:40 | WARNING | earnings_surprise_project | Akshare daily fallback failed for 600893.SH: ('Connection aborted.', RemoteDisconnected('Remote end closed connection without response'))
2026-04-21 18:51:40 | WARNING | earnings_surprise_project | Akshare daily fallback failed for 600894.SH: ('Connection aborted.', RemoteDisconnected('Remote end closed connection without response'))
2026-04-21 18:51:43 | WARNING | earnings_surprise_project | daily 600895.SH failed after retries: 抱歉，您访问接口(daily)频率超限(500次/分钟)，具体频次详情：https://tushare.pro/document/1?doc_id=108。
2026-04-21 18:51:43 | WARNING | earnings_surprise_project | daily 600897.SH failed after retries: 抱歉，您访问接口(daily)频率超限(500次/分钟)，具体频次详情：https://tushare.pro/document/1?doc_id=108。
2026-04-21 18:51:43 | WARNING | earnings_surprise_project | daily 600900.SH failed after retries: 抱歉，您访问接口(daily)频率超限(500次/分钟)，具体频次详情：https://tushare.pro/document/1?doc_id=108。
2026-04-21 18:51:43 | WARNING | earnings_surprise_project | daily 600905.SH failed after retries: 抱歉，您访问接口(daily)频率超限(500次/分钟)，具体频次详情：https://tushare.pro/document/1?doc_id=108。
2026-04-21 18:51:44 | WARNING | earnings_surprise_project | daily 600906.SH failed after retries: 抱歉，您访问接口(daily)频率超限(500次/分钟)，具体频次详情：https://tushare.pro/document/1?doc_id=108。
2026-04-21 18:51:48 | INFO | earnings_surprise_project | Guidance-design pipeline start | RUN_MODE=test | period=20200101-20260416
2026-04-21 18:51:48 | INFO | earnings_surprise_project | Tushare client initialized.
2026-04-21 18:51:49 | INFO | earnings_surprise_project | Akshare client initialized.
2026-04-21 18:51:49 | INFO | earnings_surprise_project | Stock universe from Tushare: 300 rows
2026-04-21 18:52:38 | INFO | earnings_surprise_project | Guidance rows collected: 5162
2026-04-21 18:52:39 | INFO | earnings_surprise_project | Stock daily prices collected: 483541 rows
2026-04-21 18:52:39 | INFO | earnings_surprise_project | Daily basic data collected: 483541 rows
2026-04-21 18:53:28 | INFO | earnings_surprise_project | Guidance-design pipeline start | RUN_MODE=test | period=20200101-20260421
2026-04-21 18:53:29 | INFO | earnings_surprise_project | Tushare client initialized.
2026-04-21 18:53:29 | INFO | earnings_surprise_project | Akshare client initialized.
2026-04-21 18:53:29 | INFO | earnings_surprise_project | Stock universe from Tushare: 300 rows
2026-04-21 18:54:18 | INFO | earnings_surprise_project | Guidance rows collected: 5162
2026-04-21 18:54:19 | INFO | earnings_surprise_project | Stock daily prices collected: 483541 rows
2026-04-21 18:54:19 | INFO | earnings_surprise_project | Market index from Tushare: 1525 rows
2026-04-21 18:54:20 | INFO | earnings_surprise_project | Daily basic data collected: 483541 rows
2026-04-21 18:54:26 | INFO | earnings_surprise_project | Guidance events constructed: 2858 rows
2026-04-21 18:56:55 | INFO | earnings_surprise_project | Core outputs saved for baseline.
2026-04-21 18:56:56 | INFO | earnings_surprise_project | Core outputs saved for improved.
2026-04-21 18:56:56 | INFO | earnings_surprise_project | Guidance-design pipeline complete.
2026-04-21 18:59:10 | INFO | earnings_surprise_project | Guidance-design pipeline start | RUN_MODE=test | period=20200101-20260421
2026-04-21 18:59:10 | INFO | earnings_surprise_project | Tushare client initialized.
2026-04-21 18:59:10 | INFO | earnings_surprise_project | Akshare client initialized.
2026-04-21 18:59:11 | INFO | earnings_surprise_project | Stock universe from Tushare: 300 rows
2026-04-21 19:00:00 | INFO | earnings_surprise_project | Guidance rows collected: 5162
2026-04-21 19:00:00 | INFO | earnings_surprise_project | Stock daily prices collected: 483541 rows
2026-04-21 19:00:01 | INFO | earnings_surprise_project | Daily basic data collected: 483541 rows
2026-04-21 19:00:07 | INFO | earnings_surprise_project | Guidance events constructed: 2858 rows
2026-04-21 19:02:38 | INFO | earnings_surprise_project | Core outputs saved for baseline.
2026-04-21 19:02:39 | INFO | earnings_surprise_project | Core outputs saved for improved.
2026-04-21 19:02:39 | INFO | earnings_surprise_project | Guidance-design pipeline complete.
2026-04-21 19:43:49 | INFO | earnings_surprise_project | Guidance-design pipeline start | RUN_MODE=test | period=20200101-20260421
2026-04-21 19:43:49 | INFO | earnings_surprise_project | Tushare client initialized.
2026-04-21 19:43:49 | INFO | earnings_surprise_project | Akshare client initialized.
2026-04-21 19:43:50 | INFO | earnings_surprise_project | Stock universe from Tushare: 300 rows
2026-04-21 19:44:39 | INFO | earnings_surprise_project | Guidance rows collected: 5162
2026-04-21 19:44:39 | INFO | earnings_surprise_project | Stock daily prices collected: 483541 rows
2026-04-21 19:44:40 | INFO | earnings_surprise_project | Daily basic data collected: 483541 rows
2026-04-21 19:44:45 | INFO | earnings_surprise_project | Guidance events constructed: 2858 rows
2026-04-21 19:46:51 | INFO | earnings_surprise_project | Core outputs saved for baseline.
2026-04-21 19:46:52 | INFO | earnings_surprise_project | Core outputs saved for improved.
2026-04-21 19:46:52 | INFO | earnings_surprise_project | Guidance-design pipeline complete.
2026-04-21 21:01:40 | INFO | earnings_surprise_project | Pipeline start | framework=both | RUN_MODE=test | period=20200101-20260421
2026-04-21 21:01:40 | INFO | earnings_surprise_project | Tushare client initialized.
2026-04-21 21:01:40 | INFO | earnings_surprise_project | Akshare client initialized.
2026-04-21 21:01:41 | INFO | earnings_surprise_project | Stock universe from Tushare: 120 rows
2026-04-21 21:01:41 | INFO | earnings_surprise_project | Stock daily prices collected: 211013 rows
2026-04-21 21:01:41 | INFO | earnings_surprise_project | Daily basic data collected: 211013 rows
2026-04-21 21:02:03 | INFO | earnings_surprise_project | Forecast rows collected: 60446
2026-04-21 21:02:15 | INFO | earnings_surprise_project | Express rows collected: 9490
2026-04-21 21:02:22 | INFO | earnings_surprise_project | Fina indicator rows collected: 4575
2026-04-21 21:03:32 | INFO | earnings_surprise_project | report_rc rows collected: 379424
2026-04-21 21:18:11 | INFO | earnings_surprise_project | Guidance events constructed: 35615 rows
2026-04-21 21:18:27 | INFO | earnings_surprise_project | Core outputs saved for legacy_guidance.
2026-04-21 21:18:27 | INFO | earnings_surprise_project | Pipeline complete.
2026-04-21 21:19:49 | INFO | earnings_surprise_project | Pipeline start | framework=both | RUN_MODE=test | period=20200101-20260421
2026-04-21 21:19:49 | INFO | earnings_surprise_project | Tushare client initialized.
2026-04-21 21:19:50 | INFO | earnings_surprise_project | Akshare client initialized.
2026-04-21 21:19:50 | INFO | earnings_surprise_project | Stock universe from Tushare: 120 rows
2026-04-21 21:19:50 | INFO | earnings_surprise_project | Stock daily prices collected: 211013 rows
2026-04-21 21:19:50 | INFO | earnings_surprise_project | Daily basic data collected: 211013 rows
2026-04-21 21:19:51 | INFO | earnings_surprise_project | Forecast rows collected: 1957
2026-04-21 21:19:51 | INFO | earnings_surprise_project | Express rows collected: 146
2026-04-21 21:19:51 | INFO | earnings_surprise_project | Fina indicator rows collected: 4575
2026-04-21 21:19:54 | INFO | earnings_surprise_project | report_rc rows collected: 379424
2026-04-21 21:21:53 | INFO | earnings_surprise_project | Guidance events constructed: 1103 rows
2026-04-21 21:22:08 | INFO | earnings_surprise_project | Core outputs saved for legacy_guidance.
2026-04-21 21:22:08 | INFO | earnings_surprise_project | Pipeline complete.
2026-04-21 21:54:34 | INFO | earnings_surprise_project | Pipeline start | framework=both | RUN_MODE=test | period=20200101-20260421
2026-04-21 21:54:34 | INFO | earnings_surprise_project | Tushare client initialized.
2026-04-21 21:54:34 | INFO | earnings_surprise_project | Akshare client initialized.
2026-04-21 21:54:35 | INFO | earnings_surprise_project | Stock universe from Tushare: 120 rows
2026-04-21 21:54:41 | INFO | earnings_surprise_project | Stock daily prices collected: 182434 rows
2026-04-21 21:54:42 | INFO | earnings_surprise_project | Market index from Tushare: 1525 rows
2026-04-21 21:54:52 | INFO | earnings_surprise_project | Daily basic data collected: 182434 rows
2026-04-21 21:55:13 | INFO | earnings_surprise_project | Forecast rows collected: 1957
2026-04-21 21:55:26 | INFO | earnings_surprise_project | Express rows collected: 146
2026-04-21 21:55:32 | INFO | earnings_surprise_project | Fina indicator rows collected: 4575
2026-04-21 21:56:40 | INFO | earnings_surprise_project | report_rc rows collected: 379424
2026-04-21 22:08:32 | INFO | earnings_surprise_project | Pipeline start | framework=both | RUN_MODE=test | period=20200101-20260421
2026-04-21 22:08:32 | INFO | earnings_surprise_project | Tushare client initialized.
2026-04-21 22:08:32 | INFO | earnings_surprise_project | Akshare client initialized.
2026-04-21 22:08:32 | INFO | earnings_surprise_project | Stock universe from Tushare: 120 rows
2026-04-21 22:08:33 | INFO | earnings_surprise_project | Stock daily prices collected: 182434 rows
2026-04-21 22:08:33 | INFO | earnings_surprise_project | Daily basic data collected: 182434 rows
2026-04-21 22:08:34 | INFO | earnings_surprise_project | Forecast rows collected: 1957
2026-04-21 22:08:34 | INFO | earnings_surprise_project | Express rows collected: 146
2026-04-21 22:08:34 | INFO | earnings_surprise_project | Fina indicator rows collected: 4575
2026-04-21 22:08:36 | INFO | earnings_surprise_project | report_rc rows collected: 379424
2026-04-21 22:11:37 | INFO | earnings_surprise_project | Guidance events constructed: 1103 rows
2026-04-21 22:11:51 | INFO | earnings_surprise_project | Core outputs saved for legacy_guidance.
2026-04-21 22:11:51 | INFO | earnings_surprise_project | Pipeline complete.
2026-04-21 23:03:03 | INFO | earnings_surprise_project | Pipeline start | framework=tushare_first | RUN_MODE=test | period=20200101-20260421
2026-04-21 23:03:03 | WARNING | earnings_surprise_project | TUSHARE_TOKEN is not set; Tushare client not initialized.
2026-04-21 23:03:03 | INFO | earnings_surprise_project | Akshare client initialized.
2026-04-21 23:03:35 | INFO | earnings_surprise_project | Stock universe from Akshare: 120 rows
2026-04-21 23:03:35 | INFO | earnings_surprise_project | Stock daily prices collected: 182434 rows
2026-04-21 23:03:36 | INFO | earnings_surprise_project | Core outputs saved (empty) for legacy_guidance.
2026-04-21 23:03:36 | INFO | earnings_surprise_project | Pipeline complete.
2026-04-21 23:06:19 | INFO | earnings_surprise_project | Pipeline start | framework=both | RUN_MODE=test | period=20200101-20260421
2026-04-21 23:06:19 | INFO | earnings_surprise_project | Tushare client initialized.
2026-04-21 23:06:19 | INFO | earnings_surprise_project | Akshare client initialized.
2026-04-21 23:06:19 | INFO | earnings_surprise_project | Stock universe from Tushare: 120 rows
2026-04-21 23:06:19 | INFO | earnings_surprise_project | Stock daily prices collected: 182434 rows
2026-04-21 23:06:19 | INFO | earnings_surprise_project | Daily basic data collected: 182434 rows
2026-04-21 23:06:20 | INFO | earnings_surprise_project | Forecast rows collected: 1957
2026-04-21 23:06:20 | INFO | earnings_surprise_project | Express rows collected: 146
2026-04-21 23:06:20 | INFO | earnings_surprise_project | Fina indicator rows collected: 4575
2026-04-21 23:06:22 | INFO | earnings_surprise_project | report_rc rows collected: 379424
2026-04-21 23:11:03 | INFO | earnings_surprise_project | Guidance events constructed: 1103 rows
2026-04-21 23:11:14 | INFO | earnings_surprise_project | Core outputs saved for legacy_guidance.
2026-04-21 23:11:14 | INFO | earnings_surprise_project | Pipeline complete.
2026-04-21 23:23:08 | INFO | earnings_surprise_project | Pipeline start | framework=both | RUN_MODE=test | period=20200101-20260421
2026-04-21 23:23:09 | INFO | earnings_surprise_project | Tushare client initialized.
2026-04-21 23:23:09 | INFO | earnings_surprise_project | Akshare client initialized.
2026-04-21 23:23:09 | INFO | earnings_surprise_project | Stock universe from Tushare: 120 rows
2026-04-21 23:23:09 | INFO | earnings_surprise_project | Stock daily prices collected: 182434 rows
2026-04-21 23:23:09 | INFO | earnings_surprise_project | Daily basic data collected: 182434 rows
2026-04-21 23:23:10 | INFO | earnings_surprise_project | Forecast rows collected: 1957
2026-04-21 23:23:10 | INFO | earnings_surprise_project | Express rows collected: 146
2026-04-21 23:23:10 | INFO | earnings_surprise_project | Fina indicator rows collected: 4575
2026-04-21 23:23:12 | INFO | earnings_surprise_project | report_rc rows collected: 379424
2026-04-21 23:30:07 | INFO | earnings_surprise_project | Guidance events constructed: 1103 rows
2026-04-21 23:30:18 | INFO | earnings_surprise_project | Core outputs saved for legacy_guidance.
2026-04-21 23:30:18 | INFO | earnings_surprise_project | Pipeline complete.
2026-04-22 11:05:21 | INFO | earnings_surprise_project | Pipeline start | framework=tushare_first | RUN_MODE=test | period=20200101-20260421
2026-04-22 11:05:21 | WARNING | earnings_surprise_project | TUSHARE_TOKEN is not set; Tushare client not initialized.
2026-04-22 11:05:22 | INFO | earnings_surprise_project | Akshare client initialized.
2026-04-22 11:05:41 | INFO | earnings_surprise_project | Stock universe from Akshare: 120 rows
2026-04-22 11:05:41 | INFO | earnings_surprise_project | Stock daily prices collected: 182434 rows
2026-04-22 11:06:08 | INFO | earnings_surprise_project | Pipeline start | framework=tushare_first | RUN_MODE=test | period=20200101-20260421
2026-04-22 11:06:08 | WARNING | earnings_surprise_project | TUSHARE_TOKEN is not set; Tushare client not initialized.
2026-04-22 11:06:08 | INFO | earnings_surprise_project | Akshare client initialized.
2026-04-22 11:06:26 | INFO | earnings_surprise_project | Stock universe from Akshare: 120 rows
2026-04-22 11:06:27 | INFO | earnings_surprise_project | Stock daily prices collected: 182434 rows
2026-04-22 11:06:28 | INFO | earnings_surprise_project | Core outputs saved (empty) for legacy_guidance.
2026-04-22 11:06:28 | INFO | earnings_surprise_project | Pipeline complete.
