ts_code,trade_date,open,high,low,close,vol,amount
600519.SH,20260416,1467.45,1477.41,1460.0,1462.84,24512.84,3597294.838
600519.SH,20260415,1444.98,1470.79,1442.0,1467.5,34553.48,5049317.187
600519.SH,20260414,1442.6,1448.6,1435.0,1446.9,24232.61,3492544.23
600519.SH,20260413,1444.0,1446.5,1433.0,1443.31,25213.64,3629675.49
600519.SH,20260410,1459.14,1459.71,1441.1,1453.96,28865.56,4187181.529
600519.SH,20260409,1465.02,1465.02,1447.5,1460.49,20704.76,3012278.579
600519.SH,20260408,1460.0,1469.08,1452.13,1465.02,33836.1,4947937.007
600519.SH,20260407,1460.05,1470.0,1435.05,1440.02,24152.18,3507471.653
600519.SH,20260403,1459.54,1469.96,1455.0,1460.0,20193.73,2953993.081
600519.SH,20260402,1459.44,1464.88,1452.1,1459.88,21064.37,3071809.846
600519.SH,20260401,1464.49,1469.99,1452.88,1459.44,29125.14,4256185.472
600519.SH,20260331,1468.0,1479.93,1448.41,1450.0,61690.66,9015486.797
600519.SH,20260330,1407.0,1431.0,1402.52,1420.0,28684.59,4060684.934
600519.SH,20260327,1400.0,1426.0,1396.66,1416.02,30087.11,4257499.781
600519.SH,20260326,1409.0,1413.9,1400.3,1401.18,23092.89,3243387.502
600519.SH,20260325,1410.11,1417.87,1401.01,1410.27,26093.46,3677905.549
600519.SH,20260324,1416.0,1417.59,1400.18,1407.33,28561.79,4017694.387
600519.SH,20260323,1433.33,1435.0,1400.03,1408.07,47255.89,6669708.665
600519.SH,20260320,1452.96,1462.5,1439.0,1445.0,26132.34,3782818.26
600519.SH,20260319,1472.96,1473.0,1446.0,1452.87,30318.59,4404953.481
600519.SH,20260318,1489.0,1496.5,1463.15,1468.8,35551.0,5239992.522
600519.SH,20260317,1468.0,1498.07,1461.19,1485.0,49453.61,7347310.632
600519.SH,20260316,1420.0,1466.0,1420.0,1460.18,60086.35,8711525.836
600519.SH,20260313,1392.48,1417.62,1392.0,1413.64,33607.83,4738808.558
600519.SH,20260312,1395.0,1403.95,1391.01,1392.0,27586.46,3850521.717
600519.SH,20260311,1402.99,1405.99,1398.02,1400.0,24456.73,3425363.892
600519.SH,20260310,1404.9,1409.49,1398.0,1401.88,24625.92,3457808.916
600519.SH,20260309,1390.0,1404.9,1383.2,1397.0,37441.62,5220095.639
600519.SH,20260306,1395.0,1407.5,1388.0,1402.0,29154.15,4072328.833
600519.SH,20260305,1406.0,1412.96,1395.0,1399.04,30505.24,4276226.062
600519.SH,20260304,1415.0,1423.0,1392.09,1401.18,48014.43,6743267.103
600519.SH,20260303,1440.1,1452.87,1422.13,1426.19,45890.86,6565381.648
600519.SH,20260302,1450.0,1457.0,1436.66,1440.11,35453.86,5115063.511
600519.SH,20260227,1466.99,1476.21,1455.02,1455.02,32160.16,4697692.477
600519.SH,20260226,1486.6,1489.49,1464.67,1466.21,32958.01,4855471.43
600519.SH,20260225,1470.0,1509.66,1467.88,1491.66,36880.67,5490316.149
600519.SH,20260224,1521.0,1524.4,1463.6,1466.8,41912.53,6198840.572
600519.SH,20260213,1486.6,1507.8,1470.58,1485.3,41679.01,6216379.203
600519.SH,20260212,1500.2,1502.82,1473.36,1486.6,46245.82,6874370.113
600519.SH,20260211,1504.8,1514.0,1496.0,1504.33,30928.46,4648360.03
600519.SH,20260210,1524.97,1524.97,1496.5,1504.8,39575.96,5953269.321
600519.SH,20260209,1518.0,1542.88,1513.49,1524.96,51168.46,7809067.705
600519.SH,20260206,1555.0,1568.0,1505.88,1515.01,78965.38,12019878.669
600519.SH,20260205,1520.0,1565.0,1515.0,1555.0,91622.74,14183456.476
600519.SH,20260204,1485.0,1533.27,1474.0,1525.0,109122.93,16444345.98
600519.SH,20260203,1445.0,1476.81,1443.03,1474.92,86320.66,12628439.703
600519.SH,20260202,1425.0,1458.58,1411.62,1427.0,85724.27,12312646.443
600519.SH,20260130,1435.0,1435.0,1401.0,1401.0,94479.74,13366329.414
600519.SH,20260129,1335.0,1445.0,1329.06,1437.72,189534.4,26305591.086
600519.SH,20260128,1343.04,1346.71,1322.01,1323.69,76218.01,10135019.524
600519.SH,20260127,1344.98,1353.7,1338.0,1343.01,48415.96,6514513.216
600519.SH,20260126,1340.51,1355.0,1325.12,1342.0,80166.06,10751225.525
600519.SH,20260123,1340.1,1348.0,1332.47,1337.0,61948.9,8301311.489
600519.SH,20260122,1352.01,1361.76,1337.48,1340.06,59010.89,7962441.434
600519.SH,20260121,1373.56,1374.4,1350.0,1351.06,64516.25,8775880.803
600519.SH,20260120,1379.5,1381.58,1372.05,1373.55,36484.43,5021900.765
600519.SH,20260119,1381.9,1387.49,1375.0,1376.0,42286.4,5833745.442
600519.SH,20260116,1395.0,1397.5,1380.0,1382.0,55120.68,7643061.998
600519.SH,20260115,1396.02,1402.83,1388.58,1388.89,40907.14,5698739.671
600519.SH,20260114,1411.0,1422.25,1396.18,1398.01,51757.97,7285041.159
600519.SH,20260113,1426.79,1429.52,1408.99,1411.0,39168.66,5555633.779
600519.SH,20260112,1419.1,1431.0,1417.1,1423.23,36082.66,5135636.033
600519.SH,20260109,1417.0,1428.6,1416.01,1419.1,29847.74,4243865.418
600519.SH,20260108,1423.33,1423.36,1408.14,1412.3,29134.54,4117925.041
600519.SH,20260107,1432.88,1435.0,1420.2,1423.36,29683.8,4234255.286
600519.SH,20260106,1432.55,1436.97,1416.53,1428.01,39586.18,5649710.153
600519.SH,20260105,1385.0,1431.88,1385.0,1426.0,70949.42,10018086.372
600519.SH,20251231,1390.0,1394.0,1377.17,1377.18,34765.63,4799456.452
600519.SH,20251230,1401.0,1401.9,1386.0,1389.72,33791.94,4702489.813
600519.SH,20251229,1414.13,1414.13,1401.0,1402.0,26308.1,3694660.107
600519.SH,20251226,1414.17,1419.14,1410.0,1414.13,17802.99,2520605.635
600519.SH,20251225,1405.0,1419.48,1401.38,1414.17,23386.21,3299572.096
600519.SH,20251224,1404.99,1406.36,1400.0,1400.9,25186.69,3533253.565
600519.SH,20251223,1408.26,1412.93,1397.19,1407.86,24506.81,3445377.032
600519.SH,20251222,1410.0,1414.14,1406.58,1408.26,20425.65,2881636.856
600519.SH,20251219,1410.0,1412.45,1401.01,1410.0,26508.68,3733028.357
600519.SH,20251218,1433.5,1438.88,1426.11,1431.0,17829.95,2551177.659
600519.SH,20251217,1425.0,1439.94,1417.68,1433.1,31382.49,4489482.138
600519.SH,20251216,1426.2,1428.78,1415.0,1422.0,23963.67,3403139.194
600519.SH,20251215,1439.59,1439.99,1425.57,1426.0,33358.79,4774362.06
600519.SH,20251212,1418.0,1425.0,1413.57,1420.65,37159.19,5273563.274
600519.SH,20251211,1406.66,1411.99,1401.55,1411.99,22385.01,3149974.074
600519.SH,20251210,1400.0,1402.8,1383.18,1402.8,33133.47,4625906.139
600519.SH,20251209,1418.23,1421.0,1400.05,1401.01,42634.43,5995722.121
600519.SH,20251208,1429.2,1436.67,1418.0,1418.22,33602.8,4789155.77
600519.SH,20251205,1423.98,1433.09,1419.5,1430.01,25401.66,3622681.597
600519.SH,20251204,1429.1,1432.5,1418.38,1423.98,29075.39,4134921.902
600519.SH,20251203,1435.81,1435.97,1428.0,1429.1,23572.79,3370080.066
600519.SH,20251202,1448.0,1451.92,1435.02,1436.03,25047.26,3607543.825
600519.SH,20251201,1451.0,1462.27,1442.0,1448.0,27333.42,3961994.999
600519.SH,20251128,1446.5,1455.5,1443.0,1450.5,23211.21,3366696.622
600519.SH,20251127,1449.5,1450.0,1439.04,1447.3,22286.89,3216797.187
600519.SH,20251126,1448.88,1453.49,1443.58,1449.15,20306.16,2938818.095
600519.SH,20251125,1458.0,1458.0,1444.5,1444.65,28440.69,4119930.011
600519.SH,20251124,1467.0,1471.0,1451.13,1452.0,33607.44,4901903.705
600519.SH,20251121,1470.5,1480.0,1456.0,1466.6,42607.2,6259873.433
600519.SH,20251120,1472.0,1479.9,1465.03,1467.11,24002.32,3531653.943
600519.SH,20251119,1474.0,1479.53,1469.96,1471.01,22045.37,3249449.214
600519.SH,20251118,1470.7,1486.07,1469.0,1476.0,34204.78,5055675.474
600519.SH,20251117,1454.0,1473.0,1445.79,1471.0,34462.21,5035780.027
600519.SH,20251114,1470.0,1478.95,1456.3,1456.6,27473.06,4031007.106
600519.SH,20251113,1462.12,1473.58,1458.0,1470.38,31179.23,4569178.269
600519.SH,20251112,1459.98,1478.36,1459.21,1465.15,32992.1,4849073.051
600519.SH,20251111,1462.0,1462.18,1447.0,1458.99,26691.56,3882776.772
600519.SH,20251110,1435.0,1463.69,1434.98,1462.3,49451.54,7181246.441
600519.SH,20251107,1435.11,1439.78,1431.11,1433.33,18861.39,2704995.856
600519.SH,20251106,1430.0,1441.45,1429.99,1435.13,38347.82,5505960.415
600519.SH,20251105,1425.89,1430.99,1420.01,1420.08,34475.27,4908475.373
600519.SH,20251104,1435.1,1435.78,1423.78,1429.0,26565.72,3793892.903
600519.SH,20251103,1431.0,1448.0,1420.1,1435.0,34547.66,4945310.83
600519.SH,20251031,1422.0,1435.98,1420.11,1430.01,35693.77,5109623.861
600519.SH,20251030,1421.81,1436.63,1421.81,1426.74,47456.1,6768821.311
600519.SH,20251029,1440.02,1446.55,1430.04,1431.9,33937.11,4868780.319
600519.SH,20251028,1442.0,1451.2,1441.1,1445.0,27124.33,3923817.14
600519.SH,20251027,1440.0,1452.49,1435.99,1440.41,37102.39,5352667.152
600519.SH,20251024,1467.95,1478.88,1449.34,1450.0,38225.83,5578603.148
600519.SH,20251023,1455.0,1468.8,1447.2,1467.98,29322.35,4274652.09
600519.SH,20251022,1462.08,1465.73,1456.0,1458.7,18194.92,2657486.636
600519.SH,20251021,1459.0,1469.94,1455.5,1462.26,25442.67,3727984.13
600519.SH,20251020,1455.0,1469.5,1454.88,1457.93,25949.88,3793283.759
600519.SH,20251017,1483.1,1488.0,1454.03,1455.0,38085.89,5594724.9
600519.SH,20251016,1461.92,1484.95,1458.88,1484.91,45730.15,6749162.949
600519.SH,20251015,1450.98,1463.0,1445.08,1462.0,42785.4,6233407.482
600519.SH,20251014,1429.99,1464.0,1429.99,1451.02,66672.33,9639484.605
600519.SH,20251013,1415.7,1422.85,1415.12,1419.2,46068.8,6533147.458
600519.SH,20251010,1437.6,1439.94,1427.5,1430.0,36001.44,5157459.262
600519.SH,20251009,1436.0,1439.38,1420.0,1436.78,54918.12,7845448.947
600519.SH,20250930,1460.0,1460.76,1440.0,1443.99,39363.62,5687474.876
600519.SH,20250929,1439.38,1469.99,1435.0,1460.86,53684.03,7798434.586
600519.SH,20250926,1441.18,1447.11,1428.01,1435.0,45120.71,6480889.597
600519.SH,20250925,1442.83,1445.21,1436.0,1439.0,33869.73,4873274.661
600519.SH,20250924,1434.07,1456.78,1434.07,1442.0,30743.5,4443052.872
600519.SH,20250923,1450.5,1457.5,1440.0,1447.42,38663.0,5588384.388
600519.SH,20250922,1465.09,1467.97,1450.01,1453.35,34947.08,5085057.536
600519.SH,20250919,1467.99,1475.5,1457.01,1467.97,32636.62,4784528.851
600519.SH,20250918,1492.0,1497.8,1463.5,1467.96,49721.25,7347477.479
600519.SH,20250917,1499.99,1510.28,1490.01,1493.0,30330.54,4534770.634
600519.SH,20250916,1515.1,1520.99,1496.21,1499.98,32717.89,4928374.478
600519.SH,20250915,1515.87,1517.48,1501.5,1515.1,25827.03,3901929.718
600519.SH,20250912,1526.0,1538.02,1510.53,1516.0,33722.09,5132184.935
600519.SH,20250911,1522.01,1526.02,1508.5,1523.5,37238.96,5642778.456
600519.SH,20250910,1506.66,1529.95,1496.0,1522.01,49663.31,7541460.049
600519.SH,20250909,1505.0,1509.95,1493.42,1505.0,35742.77,5366650.005
600519.SH,20250908,1483.0,1506.44,1477.5,1501.23,51382.98,7682065.696
600519.SH,20250905,1471.0,1486.97,1464.0,1483.0,37388.48,5519312.163
600519.SH,20250904,1472.0,1479.3,1460.47,1472.66,47746.76,7017084.75
600519.SH,20250903,1491.0,1503.5,1466.0,1480.55,45045.03,6656011.145
600519.SH,20250902,1478.66,1509.0,1478.0,1491.3,56688.37,8470012.816
600519.SH,20250901,1482.2,1488.0,1465.7,1476.1,45123.38,6658918.555
600519.SH,20250829,1453.0,1482.58,1452.0,1480.0,62256.48,9159701.454
600519.SH,20250828,1447.97,1456.1,1438.77,1446.1,39281.77,5683673.273
600519.SH,20250827,1481.88,1484.93,1448.0,1448.0,56006.09,8184169.113
600519.SH,20250826,1490.32,1494.23,1480.01,1481.61,39602.13,5883917.0
600519.SH,20250825,1470.01,1496.0,1466.0,1490.33,65324.55,9676719.498
600519.SH,20250822,1448.88,1464.0,1444.77,1463.95,44970.58,6544867.368
600519.SH,20250821,1453.45,1454.99,1443.65,1448.25,30890.57,4470441.662
600519.SH,20250820,1438.0,1452.8,1430.02,1450.0,45804.66,6623095.725
600519.SH,20250819,1433.5,1446.66,1432.0,1438.0,46371.86,6678541.001
600519.SH,20250818,1426.99,1436.64,1423.1,1428.5,47377.98,6773477.871
600519.SH,20250815,1426.01,1428.66,1420.22,1422.08,47581.65,6772436.997
600519.SH,20250814,1420.94,1447.51,1420.94,1426.99,48129.3,6897535.33
600519.SH,20250813,1425.0,1433.68,1420.0,1420.05,65527.54,9325460.101
600519.SH,20250812,1449.0,1465.07,1436.0,1437.04,42019.23,6095342.036
600519.SH,20250811,1423.5,1451.99,1423.0,1445.0,47159.07,6794034.09
600519.SH,20250808,1423.05,1426.5,1418.0,1420.97,18655.28,2651478.118
600519.SH,20250807,1423.88,1427.7,1420.06,1422.35,28001.34,3988765.795
600519.SH,20250806,1429.0,1429.0,1419.3,1423.88,23699.28,3372334.94
600519.SH,20250805,1421.0,1429.94,1417.11,1427.74,25342.27,3607931.488
600519.SH,20250804,1415.0,1419.8,1414.0,1419.0,18687.95,2647105.74
600519.SH,20250801,1421.87,1425.96,1414.0,1417.0,29635.59,4200850.79
600519.SH,20250731,1443.0,1444.87,1418.0,1421.67,51797.51,7386302.758
600519.SH,20250730,1444.0,1457.16,1437.0,1449.44,31867.71,4612883.04
600519.SH,20250729,1439.6,1448.79,1435.01,1439.0,26304.08,3785848.102
600519.SH,20250728,1453.0,1454.99,1436.3,1438.66,38586.32,5560966.386
600519.SH,20250725,1491.4,1491.4,1453.0,1455.0,41911.26,6140078.741
600519.SH,20250724,1476.0,1499.0,1475.0,1491.5,38803.64,5786337.377
600519.SH,20250723,1469.0,1495.0,1468.95,1475.5,45044.84,6676301.462
600519.SH,20250722,1444.0,1466.6,1440.68,1464.98,42118.98,6127636.851
600519.SH,20250721,1436.99,1446.8,1435.0,1443.0,26203.31,3779891.829
600519.SH,20250718,1420.0,1437.81,1416.38,1437.0,41823.41,5984949.774
600519.SH,20250717,1413.98,1423.01,1412.88,1416.35,23105.54,3273100.406
600519.SH,20250716,1410.01,1417.49,1409.95,1411.03,21286.05,3006882.579
600519.SH,20250715,1420.98,1422.93,1408.32,1411.0,35405.78,5005150.165
600519.SH,20250714,1430.0,1434.98,1421.6,1423.6,27780.94,3961736.006
600519.SH,20250711,1423.16,1458.0,1423.16,1427.0,57243.35,8239010.39
600519.SH,20250710,1418.97,1436.18,1410.4,1426.5,38725.03,5503329.754
600519.SH,20250709,1415.0,1429.97,1414.17,1418.88,27745.32,3950810.723
600519.SH,20250708,1410.71,1420.0,1410.7,1416.11,18673.7,2643302.691
600519.SH,20250707,1422.28,1423.5,1410.01,1410.7,23854.67,3370562.659
600519.SH,20250704,1415.7,1431.89,1410.01,1422.22,28766.91,4086547.268
600519.SH,20250703,1412.0,1422.69,1408.0,1415.6,24412.67,3456733.002
600519.SH,20250702,1409.5,1414.8,1400.0,1409.6,26218.25,3689246.316
600519.SH,20250701,1409.0,1411.94,1403.31,1405.1,19878.19,2794423.203
600519.SH,20250630,1403.5,1413.23,1402.0,1409.52,30457.3,4287373.691
600519.SH,20250627,1420.01,1423.0,1403.09,1403.09,38249.73,5404312.675
600519.SH,20250626,1415.0,1428.0,1410.08,1420.0,34860.25,4955829.982
600519.SH,20250625,1439.11,1449.2,1420.51,1435.86,41050.07,5869292.227
600519.SH,20250624,1423.35,1451.68,1423.35,1437.2,36311.51,5229183.514
600519.SH,20250623,1420.0,1433.0,1405.18,1420.0,26723.31,3794012.343
600519.SH,20250620,1423.58,1441.14,1420.2,1428.66,34815.81,4990683.314
600519.SH,20250619,1426.0,1433.67,1417.18,1426.0,24500.72,3490268.568
600519.SH,20250618,1440.0,1443.44,1421.01,1425.0,30760.99,4404131.364
600519.SH,20250617,1420.0,1427.0,1412.18,1427.0,27231.51,3868364.671
600519.SH,20250616,1401.2,1425.04,1401.18,1422.29,42887.87,6060448.438
600519.SH,20250613,1444.41,1449.97,1425.06,1426.95,59113.25,8466515.559
600519.SH,20250612,1480.0,1483.87,1454.1,1459.0,49903.61,7306800.8
600519.SH,20250611,1476.8,1494.0,1476.1,1480.0,30892.82,4585522.755
600519.SH,20250610,1486.0,1492.0,1474.8,1475.01,30492.2,4511934.584
600519.SH,20250609,1505.02,1508.7,1485.68,1486.11,44958.67,6723839.138
600519.SH,20250606,1513.8,1518.97,1503.0,1506.39,25023.07,3777727.616
600519.SH,20250605,1514.0,1516.0,1502.2,1514.0,23213.66,3504925.524
600519.SH,20250604,1510.5,1523.0,1509.22,1509.96,23008.09,3480363.797
600519.SH,20250603,1508.01,1519.0,1505.02,1509.0,28979.18,4377892.799
600519.SH,20250530,1540.15,1545.0,1515.24,1522.0,31239.18,4764875.947
600519.SH,20250529,1540.0,1555.0,1532.0,1540.0,21859.58,3375465.796
600519.SH,20250528,1543.99,1546.46,1533.0,1537.0,16265.68,2504624.605
600519.SH,20250527,1551.0,1558.6,1543.51,1543.9,17752.13,2748945.675
600519.SH,20250526,1570.0,1574.63,1545.0,1550.5,27086.53,4212944.43
600519.SH,20250523,1575.2,1587.9,1571.66,1572.6,21537.0,3399424.961
600519.SH,20250522,1580.99,1584.99,1570.1,1580.0,15090.24,2381236.586
600519.SH,20250521,1585.0,1595.94,1580.97,1580.97,19794.64,3143941.416
600519.SH,20250520,1580.0,1594.8,1575.1,1586.0,19521.53,3095742.637
600519.SH,20250519,1596.0,1600.0,1573.88,1578.98,38062.83,6021950.01
600519.SH,20250516,1633.99,1636.99,1614.13,1614.13,22935.22,3714508.659
600519.SH,20250515,1634.8,1643.59,1624.13,1632.01,24732.85,4043402.636
600519.SH,20250514,1590.0,1645.0,1588.18,1634.99,39460.12,6394735.058
600519.SH,20250513,1608.92,1608.92,1585.11,1590.3,21258.29,3386617.848
600519.SH,20250512,1598.0,1618.93,1596.61,1604.5,24735.33,3967785.8
600519.SH,20250509,1578.99,1597.45,1575.05,1591.18,23671.9,3757574.546
600519.SH,20250508,1553.0,1592.78,1549.83,1578.19,33481.06,5265446.444
600519.SH,20250507,1570.0,1570.0,1550.2,1555.0,27462.21,4275142.569
600519.SH,20250506,1559.0,1559.0,1544.33,1550.2,18300.26,2838614.215
600519.SH,20250430,1549.99,1566.66,1546.3,1547.0,25754.25,4005439.429
600519.SH,20250429,1550.0,1552.54,1532.02,1544.0,18921.8,2917422.938
600519.SH,20250428,1552.0,1555.0,1546.6,1550.0,14659.72,2274252.465
600519.SH,20250425,1557.1,1561.2,1550.0,1550.0,14764.9,2295029.705
600519.SH,20250424,1552.0,1560.68,1548.98,1552.25,14871.81,2313372.072
600519.SH,20250423,1559.0,1559.22,1545.0,1552.0,18668.76,2895468.892
600519.SH,20250422,1550.0,1556.3,1543.21,1548.8,18432.14,2857525.967
600519.SH,20250421,1565.5,1565.5,1551.0,1551.0,18057.03,2808158.177
600519.SH,20250418,1566.0,1575.0,1556.0,1565.94,20298.48,3179974.34
600519.SH,20250417,1554.0,1576.5,1549.99,1570.0,23846.05,3733924.973
600519.SH,20250416,1552.0,1576.0,1537.0,1559.17,31156.05,4834880.596
600519.SH,20250415,1552.0,1565.0,1545.0,1558.0,21489.28,3339942.729
600519.SH,20250414,1560.97,1566.0,1551.53,1551.99,21711.44,3379425.64
600519.SH,20250411,1579.97,1579.97,1545.0,1568.98,32634.23,5087359.924
600519.SH,20250410,1550.99,1555.0,1528.0,1549.0,38620.21,5963650.791
600519.SH,20250409,1525.02,1556.8,1520.55,1541.04,55630.04,8562928.225
600519.SH,20250408,1513.0,1545.0,1495.0,1545.0,73876.49,11226977.557
600519.SH,20250407,1520.01,1536.85,1462.0,1500.0,101952.67,15314738.235
600519.SH,20250403,1530.0,1586.0,1529.01,1568.88,35480.5,5557442.052
600519.SH,20250402,1558.0,1567.8,1545.5,1549.02,21674.01,3371883.024
600519.SH,20250401,1564.0,1569.89,1552.21,1556.02,18556.44,2893739.955
600519.SH,20250331,1580.98,1586.96,1560.06,1561.0,21084.94,3311857.714
600519.SH,20250328,1590.93,1593.0,1576.0,1585.21,16227.89,2569470.015
600519.SH,20250327,1576.0,1598.25,1573.38,1589.0,17955.63,2848889.21
600519.SH,20250326,1572.77,1582.58,1571.0,1576.0,14323.56,2257639.75
600519.SH,20250325,1588.0,1592.8,1566.66,1575.5,17674.38,2783286.813
600519.SH,20250324,1570.0,1589.66,1562.38,1583.0,25565.85,4032223.482
600519.SH,20250321,1599.0,1612.2,1568.83,1573.75,33614.3,5324973.19
600519.SH,20250320,1635.71,1637.6,1595.07,1604.0,36736.77,5903879.207
600519.SH,20250319,1624.29,1648.0,1623.0,1635.71,27389.55,4477128.77
600519.SH,20250318,1645.04,1652.0,1621.7,1624.0,31613.45,5153210.436
600519.SH,20250317,1657.0,1657.99,1626.88,1637.86,54689.13,8985138.902
600519.SH,20250314,1547.66,1628.01,1541.0,1628.01,92913.15,14882842.708
600519.SH,20250313,1544.0,1555.5,1530.88,1537.77,25724.39,3966369.271
600519.SH,20250312,1546.96,1549.68,1526.35,1542.58,29603.96,4552923.644
600519.SH,20250311,1517.0,1548.68,1512.0,1548.68,39775.6,6094007.854
600519.SH,20250310,1519.81,1526.88,1506.14,1522.9,31369.07,4758789.26
600519.SH,20250307,1503.0,1528.36,1503.0,1521.0,37991.35,5760608.729
600519.SH,20250306,1474.0,1510.2,1472.08,1505.98,42167.64,6297117.4
600519.SH,20250305,1472.0,1474.0,1460.1,1466.37,24605.22,3606932.152
600519.SH,20250304,1485.0,1486.0,1465.21,1470.11,25211.21,3710675.863
600519.SH,20250303,1502.6,1520.99,1481.5,1487.02,31595.66,4736679.903
600519.SH,20250228,1485.5,1528.38,1482.0,1500.79,56128.95,8475738.166
600519.SH,20250227,1460.02,1489.9,1454.0,1485.56,49762.17,7368002.361
600519.SH,20250226,1455.45,1464.96,1445.0,1460.01,26366.09,3835949.041
600519.SH,20250225,1470.01,1473.39,1452.0,1454.0,28387.43,4142814.459
600519.SH,20250224,1488.0,1499.52,1474.0,1479.07,34743.73,5157907.322
600519.SH,20250221,1480.0,1496.73,1473.01,1488.21,36417.83,5418169.587
600519.SH,20250220,1483.0,1491.97,1473.39,1474.0,23749.73,3513552.984
600519.SH,20250219,1475.05,1494.44,1464.9,1491.0,32393.31,4803378.441
600519.SH,20250218,1470.0,1492.99,1462.08,1475.0,27799.92,4113845.397
600519.SH,20250217,1481.0,1494.98,1467.1,1471.62,32470.59,4804663.813
600519.SH,20250214,1465.06,1477.0,1458.22,1475.0,27099.92,3978694.098
600519.SH,20250213,1443.02,1475.25,1434.51,1465.06,43385.36,6335985.851
600519.SH,20250212,1418.0,1445.0,1416.88,1443.0,25475.79,3644170.477
600519.SH,20250211,1434.95,1435.96,1415.9,1418.0,23572.83,3348668.867
600519.SH,20250210,1438.0,1440.0,1427.09,1431.51,20839.79,2988101.756
600519.SH,20250207,1413.68,1442.68,1403.41,1436.0,37242.07,5310850.624
600519.SH,20250206,1400.01,1421.99,1400.01,1412.84,27355.82,3859568.163
600519.SH,20250205,1440.0,1443.0,1402.21,1403.8,40756.52,5753730.034
600519.SH,20250127,1437.0,1443.97,1427.02,1434.99,29356.46,4213534.543
600519.SH,20250124,1442.0,1447.79,1430.31,1436.0,31360.34,4515322.685
600519.SH,20250123,1449.97,1468.0,1438.0,1443.0,27125.04,3932700.85
600519.SH,20250122,1463.27,1467.95,1438.0,1441.0,28293.84,4088101.682
600519.SH,20250121,1481.0,1482.0,1465.0,1468.15,16856.04,2481821.229
600519.SH,20250120,1461.0,1489.79,1460.0,1474.8,31409.75,4647626.351
600519.SH,20250117,1446.39,1461.0,1446.38,1454.75,18308.94,2663227.309
600519.SH,20250116,1474.0,1482.66,1442.0,1446.38,26342.13,3840411.437
600519.SH,20250115,1467.0,1474.6,1460.01,1471.27,18399.34,2701518.712
600519.SH,20250114,1444.95,1478.68,1442.0,1472.5,30956.57,4535651.504
600519.SH,20250113,1425.0,1444.44,1422.01,1443.98,21082.51,3030806.87
600519.SH,20250110,1447.1,1451.95,1436.0,1436.0,21871.95,3154677.598
600519.SH,20250109,1448.99,1464.58,1432.98,1444.0,29705.65,4295852.736
600519.SH,20250108,1440.0,1451.82,1426.66,1442.5,35258.21,5071821.246
600519.SH,20250107,1444.66,1451.89,1439.0,1440.2,24221.18,3494634.227
600519.SH,20250106,1453.0,1462.66,1432.8,1440.0,44255.12,6392479.712
600519.SH,20250103,1494.5,1494.99,1467.01,1475.0,32628.36,4836610.288
600519.SH,20250102,1524.0,1524.49,1480.0,1488.0,50028.7,7490883.773
600519.SH,20241231,1525.4,1545.0,1522.01,1524.0,39354.45,6033540.366
600519.SH,20241230,1533.97,1543.96,1525.0,1525.0,25129.82,3849542.646
600519.SH,20241227,1528.9,1536.0,1519.5,1528.97,20759.32,3170191.445
600519.SH,20241226,1534.0,1538.78,1523.0,1527.79,18286.51,2798840.003
600519.SH,20241225,1538.8,1538.8,1526.1,1530.0,17123.39,2621061.878
600519.SH,20241224,1525.0,1544.0,1521.59,1538.82,22104.92,3394160.299
600519.SH,20241223,1523.0,1538.0,1517.0,1526.45,21602.69,3300971.424
600519.SH,20241220,1531.13,1541.8,1520.02,1522.0,28157.74,4307425.535
600519.SH,20241219,1565.14,1567.93,1550.33,1551.01,24809.32,3862602.665
600519.SH,20241218,1557.97,1577.0,1547.1,1571.5,41162.26,6440801.971
600519.SH,20241217,1525.99,1569.0,1521.01,1558.0,54171.63,8398945.449
600519.SH,20241216,1521.0,1529.0,1510.71,1527.2,32537.1,4945298.799
600519.SH,20241213,1550.01,1554.99,1518.88,1519.0,49511.97,7580908.315
600519.SH,20241212,1532.02,1566.0,1529.0,1565.8,41936.52,6510547.81
600519.SH,20241211,1540.0,1555.0,1530.98,1535.6,29671.12,4569662.604
600519.SH,20241210,1570.0,1579.73,1545.18,1546.59,60312.1,9421340.719
600519.SH,20241209,1522.02,1529.72,1513.2,1518.8,19799.86,3008173.586
600519.SH,20241206,1513.0,1538.9,1508.07,1521.01,32039.69,4883148.6
600519.SH,20241205,1510.86,1517.86,1510.0,1511.0,16141.47,2441318.387
600519.SH,20241204,1520.07,1523.66,1510.0,1520.0,23923.89,3626565.544
600519.SH,20241203,1524.0,1528.9,1516.08,1526.74,24806.62,3777197.199
600519.SH,20241202,1526.0,1529.99,1515.1,1525.0,26819.54,4086609.952
600519.SH,20241129,1517.0,1555.0,1513.21,1525.74,36088.1,5534035.503
600519.SH,20241128,1522.0,1524.99,1502.0,1518.0,23952.03,3627662.382
600519.SH,20241127,1509.0,1522.15,1505.0,1519.05,25934.17,3927607.772
600519.SH,20241126,1498.57,1518.88,1488.88,1509.0,25744.79,3876885.984
600519.SH,20241125,1511.0,1532.0,1496.67,1498.57,33185.56,5011136.234
600519.SH,20241122,1541.15,1547.77,1507.82,1507.82,33436.11,5107288.992
600519.SH,20241121,1543.87,1548.99,1532.0,1545.13,18261.79,2810933.515
600519.SH,20241120,1543.0,1553.97,1531.3,1544.81,21344.55,3292675.257
600519.SH,20241119,1565.0,1569.37,1525.0,1541.92,33266.43,5138831.155
600519.SH,20241118,1562.0,1575.99,1555.0,1559.0,27092.19,4237197.499
600519.SH,20241115,1569.0,1583.8,1553.0,1559.0,33761.12,5295326.892
600519.SH,20241114,1570.0,1594.45,1565.65,1573.8,29248.14,4617144.097
600519.SH,20241113,1568.0,1586.66,1561.28,1578.5,29125.26,4594445.032
600519.SH,20241112,1589.0,1623.0,1573.95,1577.2,49222.66,7844798.676
600519.SH,20241111,1590.0,1609.95,1567.19,1598.01,43853.65,6957095.385
600519.SH,20241108,1660.89,1667.11,1601.01,1609.97,60771.2,9885645.907
600519.SH,20241107,1562.46,1653.5,1562.3,1649.14,74738.72,12074951.757
600519.SH,20241106,1575.0,1588.99,1561.22,1571.0,37631.43,5916917.616
600519.SH,20241105,1540.0,1577.7,1536.01,1576.99,45640.47,7134443.464
600519.SH,20241104,1544.93,1550.0,1528.06,1548.2,29092.92,4481761.764
600519.SH,20241101,1521.0,1545.13,1520.8,1533.75,32283.92,4954302.212
600519.SH,20241031,1532.15,1540.0,1520.0,1527.79,29957.35,4575545.18
600519.SH,20241030,1525.0,1551.19,1523.41,1532.0,32005.74,4913175.983
600519.SH,20241029,1560.0,1580.0,1530.0,1531.62,41165.78,6368105.233
600519.SH,20241028,1560.0,1565.0,1522.23,1565.0,39121.4,6064453.668
600519.SH,20241025,1547.0,1574.79,1546.01,1558.85,27745.08,4328271.351
600519.SH,20241024,1561.0,1575.0,1545.01,1552.2,23922.8,3723973.209
600519.SH,20241023,1544.11,1576.95,1532.0,1567.5,40088.46,6259600.035
600519.SH,20241022,1526.56,1560.18,1524.2,1543.0,36269.13,5607826.492
600519.SH,20241021,1541.21,1549.97,1521.21,1528.8,42007.9,6433918.335
600519.SH,20241018,1493.0,1567.84,1478.96,1541.0,68619.3,10418043.492
600519.SH,20241017,1537.0,1537.66,1493.41,1494.6,39459.55,5964778.958
600519.SH,20241016,1540.88,1549.8,1510.0,1522.5,46664.4,7140169.692
600519.SH,20241015,1599.0,1600.99,1553.01,1554.25,43571.43,6884141.869
600519.SH,20241014,1613.0,1620.63,1581.17,1601.99,44812.02,7181350.822
600519.SH,20241011,1615.4,1639.96,1590.0,1604.99,41914.71,6764982.707
600519.SH,20241010,1622.26,1668.08,1591.0,1640.0,74603.42,12198964.035
600519.SH,20241009,1700.0,1700.0,1590.0,1595.15,120196.84,19708432.734
600519.SH,20241008,1910.0,1910.0,1680.18,1723.0,194709.47,35114075.007
600519.SH,20240930,1692.0,1759.88,1652.0,1748.0,157293.41,26982747.037
600519.SH,20240927,1600.0,1629.2,1565.36,1629.2,87921.67,14050260.569
600519.SH,20240926,1399.96,1529.87,1396.0,1529.0,97278.06,14269262.657
600519.SH,20240925,1400.05,1427.0,1396.71,1399.0,73953.8,10420109.655
600519.SH,20240924,1285.09,1373.0,1265.09,1372.6,100412.81,13297277.523
600519.SH,20240923,1268.0,1293.5,1260.66,1261.54,45549.69,5809791.682
600519.SH,20240920,1261.5,1273.9,1250.03,1263.92,39981.84,5038507.835
600519.SH,20240919,1262.0,1292.88,1245.83,1261.0,59988.21,7623739.997
600519.SH,20240918,1300.0,1300.01,1266.66,1266.9,46185.31,5895948.011
600519.SH,20240913,1331.0,1332.0,1297.3,1304.13,56005.11,7329376.917
600519.SH,20240912,1380.0,1385.0,1334.91,1335.06,47948.31,6482445.0
600519.SH,20240911,1375.6,1385.88,1365.0,1380.0,20995.77,2892932.794
600519.SH,20240910,1370.02,1393.0,1370.02,1378.0,19802.84,2737295.644
600519.SH,20240909,1380.01,1393.71,1370.08,1375.0,28637.55,3950086.825
600519.SH,20240906,1405.0,1406.0,1398.0,1398.0,10321.04,1445537.257
600519.SH,20240905,1400.5,1407.0,1397.0,1404.88,14502.95,2033680.839
600519.SH,20240904,1402.0,1419.19,1399.74,1400.0,14211.09,1995221.417
600519.SH,20240903,1398.0,1414.98,1393.02,1410.0,17887.6,2516125.842
600519.SH,20240902,1430.0,1438.0,1395.0,1395.0,34134.59,4801049.927
600519.SH,20240830,1413.0,1458.07,1405.0,1443.19,38739.23,5576118.649
600519.SH,20240829,1380.0,1418.0,1380.0,1413.3,27471.61,3864270.621
600519.SH,20240828,1404.07,1406.0,1375.0,1389.0,31663.51,4388025.875
600519.SH,20240827,1412.0,1413.0,1401.11,1404.07,13657.4,1920770.57
600519.SH,20240826,1417.0,1423.86,1403.15,1412.0,15628.41,2207595.461
600519.SH,20240823,1408.0,1423.5,1406.12,1414.99,15320.46,2166499.202
600519.SH,20240822,1416.0,1420.0,1400.01,1410.05,19527.29,2750868.073
600519.SH,20240821,1420.0,1427.98,1415.69,1417.58,15091.65,2144746.551
600519.SH,20240820,1429.9,1429.93,1414.0,1422.72,18591.38,2644814.344
600519.SH,20240819,1432.0,1458.88,1425.0,1425.44,20432.79,2942106.435
600519.SH,20240816,1426.79,1435.92,1417.01,1431.2,16454.7,2349825.846
600519.SH,20240815,1405.03,1435.99,1403.95,1426.89,23038.97,3275699.572
600519.SH,20240814,1423.01,1424.9,1412.02,1413.3,13414.31,1898377.426
600519.SH,20240813,1433.0,1435.0,1412.01,1423.01,16308.43,2317037.756
600519.SH,20240812,1430.0,1443.0,1426.58,1436.1,13632.03,1956573.438
600519.SH,20240809,1460.03,1469.0,1436.8,1436.8,30138.49,4368705.515
600519.SH,20240808,1411.0,1448.18,1409.0,1430.69,25130.82,3592705.43
600519.SH,20240807,1405.5,1421.99,1398.3,1415.5,20622.21,2910580.747
600519.SH,20240806,1422.0,1424.0,1394.01,1404.7,27444.33,3860735.014
600519.SH,20240805,1388.88,1426.0,1385.52,1410.01,37736.07,5327127.147
600519.SH,20240802,1373.6,1396.97,1373.6,1385.45,21927.69,3041726.372
600519.SH,20240801,1418.0,1420.0,1384.7,1386.16,32038.1,4470988.088
600519.SH,20240731,1373.1,1427.27,1373.1,1421.28,43272.32,6098149.721
600519.SH,20240730,1385.98,1390.27,1361.3,1379.99,51779.04,7103491.566
600519.SH,20240729,1415.0,1421.99,1398.0,1398.02,30869.07,4342610.1
600519.SH,20240726,1430.49,1437.72,1410.9,1422.19,32353.79,4594928.574
600519.SH,20240725,1440.02,1448.0,1420.01,1430.49,28346.56,4054086.714
600519.SH,20240724,1450.2,1463.7,1435.0,1440.02,24122.55,3490200.973
600519.SH,20240723,1499.0,1501.0,1455.0,1455.0,30943.96,4555460.198
600519.SH,20240722,1525.03,1529.98,1491.65,1499.0,28543.21,4300813.31
600519.SH,20240719,1490.81,1529.18,1484.01,1525.62,38942.91,5888615.145
600519.SH,20240718,1499.5,1515.0,1492.53,1497.51,28870.39,4337214.601
600519.SH,20240717,1476.1,1503.0,1470.02,1501.4,34311.01,5115680.654
600519.SH,20240716,1476.0,1482.0,1465.05,1476.0,20316.44,2998367.128
600519.SH,20240715,1470.0,1488.0,1470.0,1474.9,19176.26,2835374.73
600519.SH,20240712,1473.01,1486.4,1465.45,1478.82,23386.34,3451132.648
600519.SH,20240711,1449.97,1469.0,1440.21,1462.09,29020.14,4236960.596
600519.SH,20240710,1439.25,1465.88,1435.0,1437.59,23763.22,3436693.365
600519.SH,20240709,1420.0,1454.89,1410.1,1438.03,33620.71,4807957.927
600519.SH,20240708,1443.0,1457.77,1419.14,1420.0,39527.05,5657951.348
600519.SH,20240705,1479.0,1493.18,1450.0,1453.0,38829.38,5664477.336
600519.SH,20240704,1505.0,1512.0,1481.13,1485.74,24379.73,3637968.895
600519.SH,20240703,1499.0,1513.01,1488.02,1500.0,31573.26,4740808.13
600519.SH,20240702,1433.0,1498.0,1433.0,1490.7,51852.98,7659166.816
600519.SH,20240701,1468.88,1472.99,1428.0,1440.38,32161.38,4636689.118
600519.SH,20240628,1480.0,1494.49,1464.0,1467.39,38582.02,5699649.047
600519.SH,20240627,1492.0,1493.97,1468.0,1490.49,32821.78,4857959.457
600519.SH,20240626,1480.0,1501.07,1477.8,1489.22,29569.77,4414601.922
600519.SH,20240625,1477.0,1502.99,1477.0,1486.65,42097.95,6273919.386
600519.SH,20240624,1423.0,1488.99,1414.01,1476.55,63839.93,9319362.39
600519.SH,20240621,1500.5,1504.98,1470.22,1471.0,43319.97,6418543.742
600519.SH,20240620,1500.0,1516.01,1498.0,1500.1,24710.68,3715924.984
600519.SH,20240619,1497.99,1504.0,1482.1,1501.0,41261.53,6167728.416
600519.SH,20240618,1530.89,1554.54,1516.68,1521.5,41258.25,6317590.943
600519.SH,20240617,1532.29,1548.77,1511.01,1541.5,48318.16,7400883.243
600519.SH,20240614,1555.0,1563.96,1520.46,1555.0,59514.16,9177637.168
600519.SH,20240613,1576.77,1576.89,1553.15,1555.01,36185.97,5654938.942
600519.SH,20240612,1570.0,1590.0,1570.0,1571.68,33170.5,5230086.503
600519.SH,20240611,1602.99,1605.0,1567.0,1569.0,70246.76,11090577.61
600519.SH,20240607,1646.13,1646.18,1619.01,1619.18,33524.55,5453120.695
600519.SH,20240606,1643.66,1651.99,1635.91,1639.81,25610.05,4205700.983
600519.SH,20240605,1652.0,1658.68,1643.03,1644.0,19055.57,3140824.328
600519.SH,20240604,1640.5,1656.0,1636.55,1653.2,20841.08,3432497.303
600519.SH,20240603,1650.0,1650.92,1635.11,1639.39,30261.05,4966041.477
600519.SH,20240531,1650.5,1663.5,1648.45,1648.45,21856.65,3617654.788
600519.SH,20240530,1675.0,1675.38,1649.0,1649.0,32207.92,5333306.808
600519.SH,20240529,1666.0,1680.0,1665.0,1674.0,19651.28,3289173.345
600519.SH,20240528,1670.4,1675.17,1663.0,1664.64,23520.87,3923020.375
600519.SH,20240527,1678.0,1687.45,1668.01,1670.12,25097.91,4199001.866
600519.SH,20240524,1693.0,1695.0,1677.0,1677.08,20216.63,3401323.915
600519.SH,20240523,1700.0,1706.38,1690.08,1692.01,18884.97,3199923.32
600519.SH,20240522,1703.0,1709.96,1691.0,1697.71,20285.68,3443977.767
600519.SH,20240521,1708.0,1709.73,1698.16,1705.0,16293.39,2776847.499
600519.SH,20240520,1717.99,1732.99,1708.11,1709.0,31425.72,5401389.335
600519.SH,20240517,1700.01,1716.58,1700.0,1715.0,28923.88,4936920.634
600519.SH,20240516,1705.0,1709.88,1690.0,1704.5,29679.54,5048754.769
600519.SH,20240515,1702.58,1708.0,1698.59,1700.0,15738.76,2677203.002
600519.SH,20240514,1705.99,1713.27,1700.01,1701.98,21274.17,3623282.672
600519.SH,20240513,1732.02,1732.66,1701.22,1706.0,37662.12,6435415.674
600519.SH,20240510,1761.1,1767.88,1733.99,1738.98,26206.61,4571398.242
600519.SH,20240509,1758.0,1764.98,1750.0,1756.0,22387.34,3929804.849
600519.SH,20240508,1769.69,1769.97,1755.67,1763.97,14769.09,2603293.863
600519.SH,20240507,1765.79,1777.8,1756.68,1770.0,24924.52,4413196.426
600519.SH,20240506,1733.97,1765.0,1727.0,1760.2,59909.49,10504351.712
600519.SH,20240430,1705.01,1729.88,1705.0,1705.0,30759.89,5273902.374
600519.SH,20240429,1696.95,1728.0,1693.82,1704.0,41332.23,7072096.59
600519.SH,20240426,1694.0,1714.0,1693.98,1709.43,30995.92,5290248.521
600519.SH,20240425,1690.33,1695.6,1682.25,1693.04,14476.48,2447183.879
600519.SH,20240424,1696.98,1699.91,1683.33,1693.6,17086.43,2893555.635
600519.SH,20240423,1675.0,1695.0,1675.0,1692.28,24979.95,4217855.279
600519.SH,20240422,1654.0,1678.88,1645.0,1675.06,29951.39,5001684.635
600519.SH,20240419,1660.78,1668.5,1641.28,1646.64,23499.92,3879233.242
600519.SH,20240418,1659.01,1682.98,1658.18,1670.78,26568.41,4445487.745
600519.SH,20240417,1668.0,1675.2,1658.0,1667.0,24819.11,4130322.018
600519.SH,20240416,1665.49,1679.56,1659.0,1670.0,26266.23,4382796.962
600519.SH,20240415,1635.01,1675.61,1634.98,1672.98,35817.71,5960815.532
600519.SH,20240412,1651.0,1664.0,1634.03,1634.03,26744.33,4403968.129
600519.SH,20240411,1640.11,1650.0,1634.69,1648.0,22766.24,3736417.595
600519.SH,20240410,1662.27,1664.99,1645.0,1647.98,27630.5,4562853.88
600519.SH,20240409,1660.67,1673.0,1658.45,1662.22,25589.82,4256226.333
600519.SH,20240408,1695.0,1696.0,1662.6,1666.66,59166.59,9907355.766
600519.SH,20240403,1734.0,1739.44,1710.02,1715.11,29045.8,5002390.042
600519.SH,20240402,1722.0,1724.99,1705.05,1713.99,25449.25,4360973.684
600519.SH,20240401,1709.99,1734.0,1708.7,1721.33,27131.37,4679371.035
600519.SH,20240329,1701.64,1710.99,1698.1,1702.9,13456.55,2290584.417
600519.SH,20240328,1695.0,1718.0,1693.2,1701.64,24642.18,4201857.059
600519.SH,20240327,1705.0,1712.0,1699.0,1701.0,18112.58,3087792.98
600519.SH,20240326,1687.46,1712.8,1687.46,1709.29,28069.07,4782899.074
600519.SH,20240325,1698.54,1698.77,1680.58,1689.01,24472.85,4131446.237
600519.SH,20240322,1705.03,1708.99,1688.0,1701.35,25456.14,4318592.818
600519.SH,20240321,1708.1,1719.0,1704.5,1709.0,16595.97,2839332.631
600519.SH,20240320,1703.36,1713.68,1700.23,1709.6,15249.25,2604543.856
600519.SH,20240319,1703.0,1719.94,1693.11,1708.02,23947.53,4093701.261
600519.SH,20240318,1715.0,1719.85,1699.0,1708.26,26055.01,4446059.13
600519.SH,20240315,1712.5,1732.4,1712.0,1717.49,17833.58,3066692.399
600519.SH,20240314,1719.0,1734.84,1711.5,1716.63,19404.79,3338768.308
600519.SH,20240313,1739.97,1748.0,1720.1,1727.45,26499.54,4588879.42
600519.SH,20240312,1693.94,1749.1,1690.5,1745.0,54226.54,9393309.052
600519.SH,20240311,1675.0,1698.88,1673.18,1694.49,29895.09,5048394.347
600519.SH,20240308,1680.56,1686.68,1670.05,1671.43,22156.23,3710678.522
600519.SH,20240307,1680.0,1689.8,1678.0,1683.63,21599.12,3633934.774
600519.SH,20240306,1691.0,1695.0,1678.02,1680.55,22142.48,3725582.802
600519.SH,20240305,1670.81,1697.0,1666.68,1695.1,36238.37,6102136.582
600519.SH,20240304,1679.0,1680.99,1670.05,1676.3,26484.77,4434401.015
600519.SH,20240301,1690.0,1694.97,1676.68,1685.06,26867.96,4526845.398
600519.SH,20240229,1681.55,1696.5,1679.2,1695.0,24758.33,4184917.973
600519.SH,20240228,1688.92,1696.57,1674.01,1681.55,31867.31,5371312.847
600519.SH,20240227,1683.0,1692.92,1678.0,1689.5,22079.85,3718478.358
600519.SH,20240226,1708.0,1708.74,1685.02,1694.98,27318.32,4625594.409
600519.SH,20240223,1711.11,1724.38,1700.02,1714.09,27305.89,4670706.95
600519.SH,20240222,1707.5,1723.01,1700.53,1718.38,22793.61,3905984.695
600519.SH,20240221,1666.02,1731.0,1662.0,1717.66,46154.07,7868784.082
600519.SH,20240220,1697.36,1697.36,1656.56,1670.0,34470.07,5755266.893
600519.SH,20240219,1737.87,1737.93,1688.0,1695.43,36977.44,6288277.98
600519.SH,20240208,1720.01,1725.0,1685.0,1706.0,46756.54,7953438.044
600519.SH,20240207,1681.03,1714.59,1661.61,1710.99,52601.07,8899606.867
600519.SH,20240206,1630.01,1685.48,1626.1,1676.0,52472.04,8740646.588
600519.SH,20240205,1596.0,1637.44,1595.25,1630.01,53130.36,8590683.071
600519.SH,20240202,1615.0,1627.78,1581.0,1596.0,39382.02,6336691.194
600519.SH,20240201,1605.5,1623.89,1601.0,1610.03,26485.15,4272298.576
600519.SH,20240131,1613.0,1619.97,1598.13,1604.91,29649.12,4770104.891
600519.SH,20240130,1649.98,1649.98,1610.0,1613.0,30866.33,5010784.454
600519.SH,20240129,1640.3,1660.58,1640.29,1650.0,31420.68,5189014.946
600519.SH,20240126,1630.36,1644.1,1623.0,1637.32,26954.75,4402111.882
600519.SH,20240125,1626.82,1641.0,1622.0,1638.0,31205.8,5094508.165
600519.SH,20240124,1629.0,1633.84,1603.56,1626.0,33216.35,5373603.703
600519.SH,20240123,1632.01,1639.95,1609.0,1619.0,34834.9,5659457.115
600519.SH,20240122,1629.0,1643.0,1618.88,1642.0,46945.89,7678297.836
600519.SH,20240119,1608.87,1638.01,1600.88,1635.0,46378.43,7550144.389
600519.SH,20240118,1574.0,1612.8,1555.55,1610.87,60439.81,9566349.514
600519.SH,20240117,1630.0,1635.48,1577.0,1577.0,51632.76,8251735.591
600519.SH,20240116,1638.5,1647.0,1624.94,1639.43,25903.14,4236042.96
600519.SH,20240115,1635.0,1654.97,1634.45,1640.0,17854.03,2931202.343
600519.SH,20240112,1639.97,1651.26,1639.4,1643.06,11603.24,1908084.612
600519.SH,20240111,1640.1,1657.94,1638.06,1646.57,16440.55,2708764.5
600519.SH,20240110,1641.1,1659.46,1638.0,1641.5,17350.67,2856120.718
600519.SH,20240109,1641.01,1652.32,1635.07,1641.0,24412.04,4009826.496
600519.SH,20240108,1661.0,1662.0,1640.01,1643.99,25586.2,4211918.629
600519.SH,20240105,1661.33,1678.66,1652.11,1663.36,20242.86,3373155.627
600519.SH,20240104,1693.0,1693.0,1662.93,1669.0,21551.07,3603970.147
600519.SH,20240103,1681.11,1695.22,1676.33,1694.0,20229.29,3411400.667
600519.SH,20240102,1715.0,1718.19,1678.1,1685.01,32156.44,5440082.548
600519.SH,20231229,1720.0,1749.58,1720.0,1726.0,27538.68,4768857.531
600519.SH,20231228,1670.99,1727.99,1667.06,1724.99,38338.06,6537401.38
600519.SH,20231227,1668.0,1677.15,1661.0,1667.06,16055.5,2679221.365
600519.SH,20231226,1672.5,1674.9,1657.5,1670.0,14771.26,2457177.339
600519.SH,20231225,1671.0,1678.6,1668.0,1672.0,12471.06,2086014.39
600519.SH,20231222,1669.7,1679.1,1658.01,1670.65,21666.84,3613238.325
600519.SH,20231221,1640.01,1672.32,1640.01,1670.0,29011.68,4827827.888
600519.SH,20231220,1658.0,1660.0,1643.0,1649.79,23092.03,3816133.219
600519.SH,20231219,1665.0,1679.87,1645.09,1675.0,22206.76,3706057.587
600519.SH,20231218,1640.0,1663.33,1635.0,1662.0,19897.34,3292194.757
600519.SH,20231215,1648.23,1677.77,1644.01,1645.0,37092.51,6140791.726
600519.SH,20231214,1665.96,1669.87,1635.02,1635.9,40672.15,6703240.107
600519.SH,20231213,1705.22,1705.72,1657.08,1660.0,38788.7,6480807.5
600519.SH,20231212,1687.6,1709.99,1684.0,1709.99,21010.66,3564305.866
600519.SH,20231211,1690.0,1704.0,1657.0,1698.0,36830.98,6172810.248
600519.SH,20231208,1700.0,1708.84,1692.22,1704.92,26288.01,4474160.126
600519.SH,20231207,1704.0,1709.08,1687.3,1700.0,25041.5,4249170.906
600519.SH,20231206,1702.63,1719.47,1701.13,1703.0,23851.29,4078003.022
600519.SH,20231205,1748.78,1748.88,1708.02,1709.0,29903.01,5168983.317
600519.SH,20231204,1760.28,1761.83,1745.28,1750.71,18440.47,3233102.118
600519.SH,20231201,1789.31,1789.7,1748.0,1760.28,33051.31,5830850.111
600519.SH,20231130,1776.72,1794.76,1771.08,1791.5,21353.42,3817513.545
600519.SH,20231129,1768.0,1776.0,1758.0,1774.71,17149.33,3034175.614
600519.SH,20231128,1761.0,1773.88,1758.0,1769.04,14519.76,2562905.659
600519.SH,20231127,1773.3,1773.3,1755.0,1763.0,16260.74,2865075.217
600519.SH,20231124,1789.0,1789.0,1775.0,1777.0,13085.4,2329345.658
600519.SH,20231123,1778.3,1788.0,1771.0,1786.0,11549.64,2055272.193
600519.SH,20231122,1783.3,1794.35,1780.54,1781.51,12664.57,2263460.167
600519.SH,20231121,1783.42,1798.0,1770.1,1790.0,30098.45,5383107.81
600519.SH,20231120,1755.0,1769.5,1736.66,1762.5,18608.04,3265514.01
600519.SH,20231117,1752.0,1759.0,1737.9,1753.42,21713.63,3793781.119
600519.SH,20231116,1774.0,1776.0,1760.05,1760.05,12557.57,2215937.273
600519.SH,20231115,1779.0,1782.89,1767.0,1772.93,18434.86,3271230.275
600519.SH,20231114,1764.0,1774.99,1760.01,1765.27,12816.75,2263963.957
600519.SH,20231113,1772.28,1784.88,1756.98,1764.0,18369.95,3244573.621
600519.SH,20231110,1780.55,1788.0,1773.1,1775.84,16465.57,2928380.668
600519.SH,20231109,1790.11,1799.0,1783.0,1794.11,12800.48,2291996.819
600519.SH,20231108,1784.05,1803.8,1782.87,1798.34,14545.67,2610041.959
600519.SH,20231107,1805.0,1810.0,1784.08,1791.17,19581.59,3511590.028
600519.SH,20231106,1820.0,1823.79,1801.12,1812.0,25523.92,4624102.375
600519.SH,20231103,1780.0,1814.89,1774.0,1811.24,30176.0,5433116.881
600519.SH,20231102,1795.0,1795.0,1776.06,1779.5,27907.64,4982090.753
600519.SH,20231101,1850.0,1850.0,1773.79,1780.99,93143.08,16747292.689
600519.SH,20231031,1680.0,1690.0,1667.85,1684.58,19858.77,3335804.699
600519.SH,20231030,1669.0,1688.88,1669.0,1681.0,24086.42,4050573.178
600519.SH,20231027,1664.0,1691.88,1660.6,1676.71,34262.39,5754795.486
600519.SH,20231026,1667.0,1688.0,1662.01,1672.23,22386.35,3741418.874
600519.SH,20231025,1670.11,1698.0,1667.02,1677.5,36178.98,6075417.064
600519.SH,20231024,1648.0,1653.36,1621.21,1642.95,29861.46,4894807.617
600519.SH,20231023,1629.97,1660.0,1621.6,1643.98,25234.23,4138279.588
600519.SH,20231020,1630.0,1655.0,1616.25,1645.0,45376.01,7421390.806
600519.SH,20231019,1700.0,1700.03,1626.03,1630.0,73492.37,12146921.769
600519.SH,20231018,1718.8,1742.0,1717.18,1728.0,20317.5,3511987.514
600519.SH,20231017,1739.0,1739.44,1716.0,1726.0,14945.23,2577312.288
600519.SH,20231016,1750.98,1756.0,1722.45,1729.9,20789.65,3603604.61
600519.SH,20231013,1770.88,1778.01,1738.19,1751.0,25027.88,4387687.934
600519.SH,20231012,1797.9,1798.23,1777.2,1786.0,14865.07,2657095.942
600519.SH,20231011,1784.65,1784.65,1768.0,1778.5,21944.86,3896568.648
600519.SH,20231010,1782.89,1798.98,1768.0,1770.0,20283.92,3615557.182
600519.SH,20231009,1796.94,1796.94,1764.9,1777.0,29762.68,5279950.406
600519.SH,20230928,1824.98,1824.98,1797.8,1798.55,20537.84,3704812.96
600519.SH,20230927,1815.0,1833.5,1802.8,1814.0,20879.94,3791876.119
600519.SH,20230926,1828.0,1834.88,1813.1,1816.0,15761.96,2870852.363
600519.SH,20230925,1847.5,1848.0,1826.59,1832.38,13979.13,2565773.541
600519.SH,20230922,1805.63,1849.96,1792.41,1849.0,34390.46,6287832.575
600519.SH,20230921,1818.01,1822.0,1798.39,1798.39,19489.19,3521486.755
600519.SH,20230920,1822.0,1830.0,1818.05,1824.0,12501.78,2281583.949
600519.SH,20230919,1822.2,1829.0,1808.0,1826.94,14989.5,2727858.953
600519.SH,20230918,1776.31,1829.5,1773.0,1829.2,32558.92,5905121.0
600519.SH,20230915,1819.0,1819.78,1781.3,1781.99,28431.46,5105749.077
600519.SH,20230914,1822.53,1826.98,1806.0,1818.69,17504.59,3180447.848
600519.SH,20230913,1829.92,1829.92,1800.05,1819.91,19501.43,3540583.633
600519.SH,20230912,1826.6,1826.98,1816.02,1819.96,12168.01,2214514.112
600519.SH,20230911,1808.0,1840.0,1808.0,1822.17,15926.0,2902617.736
600519.SH,20230908,1834.94,1834.94,1814.95,1818.5,12211.78,2224338.144
600519.SH,20230907,1852.6,1856.89,1831.19,1838.0,16981.57,3128587.116
600519.SH,20230906,1858.0,1866.66,1849.01,1861.0,11121.43,2067605.99
600519.SH,20230905,1868.0,1868.0,1856.8,1858.7,15658.74,2915625.961
600519.SH,20230904,1862.6,1879.94,1853.53,1866.0,23871.0,4453823.216
600519.SH,20230901,1852.83,1865.47,1846.03,1851.05,13145.19,2438622.738
600519.SH,20230831,1860.0,1860.0,1841.01,1847.0,14820.22,2738445.519
600519.SH,20230830,1867.9,1868.0,1843.66,1856.0,19811.81,3672570.26
600519.SH,20230829,1828.0,1869.08,1828.0,1851.33,28950.28,5371260.173
600519.SH,20230828,1898.58,1898.58,1831.88,1834.97,41052.13,7633221.012
600519.SH,20230825,1808.79,1837.77,1806.01,1824.98,18830.86,3433296.756
600519.SH,20230824,1779.62,1828.0,1775.0,1816.3,26055.09,4703417.6
600519.SH,20230823,1797.0,1800.0,1770.08,1774.0,19912.22,3556178.584
600519.SH,20230822,1800.99,1802.56,1771.02,1788.0,26650.36,4763131.152
600519.SH,20230821,1793.0,1813.99,1790.07,1791.0,18911.81,3405415.645
600519.SH,20230818,1831.99,1834.99,1802.59,1802.59,17023.34,3084761.577
600519.SH,20230817,1806.08,1834.0,1801.55,1828.05,17290.37,3141408.018
600519.SH,20230816,1807.58,1823.35,1806.0,1820.0,13184.31,2396261.791
600519.SH,20230815,1809.0,1818.0,1801.01,1812.98,14817.99,2682125.119
600519.SH,20230814,1810.0,1824.98,1796.0,1803.0,23731.19,4285362.053
600519.SH,20230811,1885.0,1885.4,1833.88,1834.0,26786.49,4959166.751
600519.SH,20230810,1882.0,1889.0,1862.3,1875.0,18436.19,3454219.14
600519.SH,20230809,1890.0,1905.0,1882.96,1890.28,18523.46,3506306.394
600519.SH,20230808,1880.03,1893.71,1864.08,1890.0,17736.18,3333559.505
600519.SH,20230807,1880.95,1898.0,1871.03,1887.93,23892.45,4491893.14
600519.SH,20230804,1887.82,1906.52,1882.0,1893.47,24573.64,4655813.751
600519.SH,20230803,1870.0,1890.0,1850.5,1878.47,21543.47,4031087.705
600519.SH,20230802,1883.4,1890.0,1866.8,1880.0,18508.72,3478674.239
600519.SH,20230801,1878.01,1906.95,1877.89,1889.0,19230.62,3635857.283
600519.SH,20230731,1908.0,1935.0,1874.0,1880.58,45378.61,8615279.839
600519.SH,20230728,1832.0,1900.0,1828.01,1897.0,39017.92,7330314.112
600519.SH,20230727,1836.0,1854.79,1828.7,1838.03,20340.43,3749635.29
600519.SH,20230726,1828.55,1835.99,1815.08,1828.55,19611.45,3580171.484
600519.SH,20230725,1800.0,1828.88,1799.99,1828.55,43086.46,7837450.019
600519.SH,20230724,1750.52,1771.15,1750.52,1771.15,19713.37,3476648.177
600519.SH,20230721,1731.88,1772.5,1726.0,1771.3,39377.4,6931535.726
600519.SH,20230720,1727.99,1748.98,1722.0,1724.0,16692.65,2897176.49
600519.SH,20230719,1715.01,1728.0,1713.8,1723.0,12483.22,2147704.435
600519.SH,20230718,1733.58,1734.51,1721.0,1722.8,14737.65,2544005.063
600519.SH,20230717,1751.0,1751.0,1726.6,1729.97,14336.48,2482069.846
600519.SH,20230714,1756.0,1758.5,1741.2,1753.0,18550.3,3245530.255
600519.SH,20230713,1721.99,1745.41,1719.01,1738.4,25806.54,4479772.5
600519.SH,20230712,1713.04,1723.0,1711.33,1713.8,13284.67,2280785.351
600519.SH,20230711,1710.0,1715.17,1702.1,1710.0,12582.7,2151079.27
600519.SH,20230710,1705.0,1714.96,1700.0,1700.9,13477.41,2298241.728
600519.SH,20230707,1701.0,1708.99,1690.0,1690.03,15167.42,2571458.553
600519.SH,20230706,1709.16,1733.0,1700.0,1702.98,15140.62,2589459.002
600519.SH,20230705,1730.0,1731.97,1700.0,1715.38,14745.39,2523960.725
600519.SH,20230704,1724.2,1734.44,1718.08,1730.6,12472.38,2155553.635
600519.SH,20230703,1699.0,1725.28,1692.0,1724.1,19139.09,3286737.792
600519.SH,20230630,1700.0,1708.99,1686.48,1691.0,20458.69,3472586.73
600519.SH,20230629,1731.0,1734.99,1713.01,1713.71,14231.16,2446524.134
600519.SH,20230628,1713.18,1734.0,1711.0,1728.38,18573.56,3199294.221
600519.SH,20230627,1709.99,1719.7,1700.09,1711.05,15174.46,2598138.744
600519.SH,20230626,1720.11,1730.0,1695.0,1709.0,23992.68,4098619.51
600519.SH,20230621,1740.0,1756.6,1735.0,1735.83,17720.61,3088635.934
600519.SH,20230620,1740.0,1765.0,1735.0,1743.46,20946.74,3659824.529
600519.SH,20230619,1790.0,1797.95,1738.0,1744.0,31699.92,5584248.725
600519.SH,20230616,1757.0,1800.0,1750.1,1797.69,37917.89,6742301.361
600519.SH,20230615,1730.34,1755.65,1723.0,1755.0,25222.57,4395900.802
600519.SH,20230614,1719.0,1734.24,1706.21,1726.88,31505.8,5438040.356
600519.SH,20230613,1693.88,1704.61,1685.0,1699.0,14662.54,2485398.902
600519.SH,20230612,1666.02,1708.0,1661.52,1696.0,27029.44,4562308.599
600519.SH,20230609,1671.99,1677.97,1666.0,1666.0,17580.41,2938014.322
600519.SH,20230608,1655.83,1675.0,1650.01,1668.0,14702.72,2441569.677
600519.SH,20230607,1672.99,1678.8,1650.0,1650.9,17889.64,2971782.064
600519.SH,20230606,1670.0,1684.0,1651.55,1666.99,19913.92,3326778.183
600519.SH,20230605,1666.16,1682.88,1663.0,1665.0,16200.5,2704294.313
600519.SH,20230602,1645.0,1673.15,1636.11,1670.6,25058.02,4163116.244
600519.SH,20230601,1618.0,1674.99,1618.0,1635.92,28645.25,4708722.933
600519.SH,20230531,1661.01,1665.72,1626.67,1628.9,36956.97,6053737.281
600519.SH,20230530,1689.0,1698.89,1658.56,1668.29,26453.4,4424706.688
600519.SH,20230529,1697.0,1698.35,1678.0,1689.0,17771.41,2998147.159
600519.SH,20230526,1702.0,1705.0,1675.01,1690.56,18291.1,3090691.546
600519.SH,20230525,1705.99,1710.0,1690.0,1701.0,22465.6,3814504.093
600519.SH,20230524,1732.33,1733.55,1710.11,1710.9,18479.27,3182416.491
600519.SH,20230523,1753.99,1754.0,1724.55,1724.55,16894.21,2934118.394
600519.SH,20230522,1690.01,1752.0,1690.0,1746.0,41284.32,7165754.129
600519.SH,20230519,1671.0,1704.33,1655.55,1699.5,26741.16,4504022.549
600519.SH,20230518,1704.99,1705.4,1690.0,1691.0,19219.28,3260170.684
600519.SH,20230517,1708.0,1713.0,1699.01,1701.0,16776.91,2858697.942
600519.SH,20230516,1713.99,1719.99,1697.0,1703.29,22223.77,3785811.907
600519.SH,20230515,1702.0,1717.0,1691.2,1716.3,25740.18,4384647.977
600519.SH,20230512,1715.0,1729.88,1705.01,1706.4,19460.45,3335038.59
600519.SH,20230511,1731.0,1735.0,1715.0,1717.07,15246.12,2623835.905
600519.SH,20230510,1715.19,1736.0,1715.0,1725.0,20772.6,3588550.877
600519.SH,20230509,1715.0,1739.98,1707.07,1722.0,29377.96,5057346.564
600519.SH,20230508,1768.32,1769.0,1717.17,1720.52,33171.26,5742915.994
600519.SH,20230505,1766.0,1766.0,1736.39,1750.0,20714.21,3621305.973
600519.SH,20230504,1769.0,1777.67,1736.0,1749.9,27466.42,4818999.65
600519.SH,20230428,1763.01,1782.77,1753.97,1760.52,26224.64,4636084.177
600519.SH,20230427,1748.0,1770.0,1730.0,1757.92,25605.04,4489906.864
600519.SH,20230426,1744.0,1761.0,1720.0,1743.91,27891.6,4861477.657
600519.SH,20230425,1706.0,1735.98,1702.0,1730.38,20582.51,3534989.917
600519.SH,20230424,1721.0,1722.0,1701.0,1705.0,20230.91,3456728.718
600519.SH,20230421,1746.0,1748.08,1721.28,1725.47,18517.87,3210937.222
600519.SH,20230420,1760.11,1765.0,1729.0,1741.88,19885.37,3468366.835
600519.SH,20230419,1762.0,1765.5,1750.0,1759.0,14600.56,2568632.845
600519.SH,20230418,1753.0,1769.0,1746.02,1758.0,18313.89,3220107.647
600519.SH,20230417,1740.0,1753.0,1728.0,1753.0,30467.23,5303401.395
600519.SH,20230414,1726.0,1733.0,1704.8,1713.42,21231.62,3646526.766
600519.SH,20230413,1690.0,1723.59,1684.01,1723.0,29542.68,5049310.126
600519.SH,20230412,1747.26,1750.0,1692.82,1694.1,51104.92,8732657.376
600519.SH,20230411,1793.0,1793.0,1744.0,1745.5,29209.19,5138854.627
600519.SH,20230410,1790.88,1790.88,1744.0,1771.7,29418.22,5171150.567
600519.SH,20230407,1795.0,1806.01,1788.34,1790.99,13524.68,2428160.574
600519.SH,20230406,1805.0,1815.9,1788.22,1796.96,14874.22,2676251.956
600519.SH,20230404,1812.0,1815.17,1787.0,1814.59,20066.26,3614275.263
600519.SH,20230403,1825.0,1827.77,1800.08,1802.07,21417.43,3875811.673
600519.SH,20230331,1825.0,1848.0,1819.0,1820.0,27446.33,5024790.356
600519.SH,20230330,1793.0,1805.0,1779.0,1800.0,19257.01,3453573.052
600519.SH,20230329,1799.0,1800.0,1785.07,1790.0,15392.99,2761909.333
600519.SH,20230328,1770.0,1790.0,1765.02,1781.8,17261.35,3073113.077
600519.SH,20230327,1778.6,1778.6,1756.0,1767.79,15295.55,2700755.933
600519.SH,20230324,1769.08,1783.6,1766.0,1778.62,12769.96,2269649.179
600519.SH,20230323,1766.0,1791.11,1765.01,1774.86,17355.66,3082821.551
600519.SH,20230322,1780.0,1793.0,1765.55,1773.35,15330.26,2727648.674
600519.SH,20230321,1735.0,1785.85,1723.97,1775.0,31141.82,5491052.284
600519.SH,20230320,1751.0,1755.0,1728.0,1729.6,20490.93,3557872.017
600519.SH,20230317,1770.0,1775.89,1736.0,1742.0,27022.91,4744249.369
600519.SH,20230316,1740.0,1770.0,1739.01,1751.99,17646.24,3096791.142
600519.SH,20230315,1778.37,1784.88,1750.12,1750.92,19212.53,3392698.49
600519.SH,20230314,1763.78,1779.88,1738.5,1766.0,23704.92,4177289.027
600519.SH,20230313,1751.0,1775.0,1749.0,1762.0,20560.43,3626476.291
600519.SH,20230310,1751.57,1781.0,1750.0,1750.0,21160.82,3725139.075
600519.SH,20230309,1768.0,1785.0,1740.0,1770.02,27611.5,4881442.71
600519.SH,20230308,1780.02,1785.94,1761.12,1770.42,22763.7,4035787.172
600519.SH,20230307,1805.98,1816.6,1788.0,1788.3,22785.39,4101302.456
600519.SH,20230306,1818.18,1818.5,1796.77,1807.14,20645.86,3730079.522
600519.SH,20230303,1839.77,1841.61,1802.48,1818.04,16198.06,2946842.659
600519.SH,20230302,1829.0,1838.99,1821.1,1828.0,13144.19,2405292.304
600519.SH,20230301,1813.0,1848.0,1803.23,1838.53,24458.1,4475592.195
600519.SH,20230228,1819.0,1822.01,1783.3,1813.74,23951.81,4314877.096
600519.SH,20230227,1778.5,1815.0,1775.02,1810.41,22064.89,3978128.676
600519.SH,20230224,1810.11,1810.19,1782.18,1788.0,24634.61,4415621.498
600519.SH,20230223,1840.0,1848.8,1805.25,1818.0,21880.97,3983991.208
600519.SH,20230222,1855.01,1863.9,1831.8,1836.0,21869.16,4031016.045
600519.SH,20230221,1874.0,1874.0,1851.0,1867.0,18750.52,3491633.51
600519.SH,20230220,1821.0,1878.8,1817.2,1875.0,29668.69,5488800.056
600519.SH,20230217,1850.16,1873.0,1820.05,1820.78,26442.83,4880328.952
600519.SH,20230216,1841.34,1887.0,1828.0,1861.82,33245.95,6196915.13
600519.SH,20230215,1843.78,1855.3,1835.81,1841.0,18176.91,3351422.211
600519.SH,20230214,1856.46,1857.4,1835.0,1843.79,19565.76,3601769.574
600519.SH,20230213,1810.0,1874.5,1810.0,1856.35,38146.7,7058382.498
600519.SH,20230210,1810.1,1818.49,1801.05,1810.0,17984.51,3253859.317
600519.SH,20230209,1778.0,1829.75,1775.01,1818.0,29753.66,5401399.088
600519.SH,20230208,1800.01,1805.97,1775.0,1784.0,16675.77,2980574.806
600519.SH,20230207,1808.08,1808.8,1787.73,1797.0,24321.71,4373671.735
600519.SH,20230206,1780.0,1795.0,1760.0,1795.0,42660.95,7595739.044
600519.SH,20230203,1820.0,1826.0,1795.68,1818.0,34944.9,6324635.031
600519.SH,20230202,1848.38,1859.0,1826.0,1836.11,29758.86,5465509.51
600519.SH,20230201,1854.98,1859.0,1811.4,1844.97,33973.89,6244678.925
600519.SH,20230131,1896.5,1899.95,1833.07,1845.76,32990.68,6128311.548
600519.SH,20230130,1909.0,1909.0,1880.0,1888.0,35922.55,6799756.571
600519.SH,20230120,1889.19,1898.25,1858.0,1860.01,25608.75,4807356.071
600519.SH,20230119,1892.5,1892.52,1866.0,1880.21,23438.89,4401994.437
600519.SH,20230118,1914.0,1925.3,1890.0,1893.0,21062.93,4008665.438
600519.SH,20230117,1913.16,1923.0,1895.0,1908.0,21299.23,4068321.409
600519.SH,20230116,1886.0,1935.0,1881.0,1912.9,36848.26,7059982.64
600519.SH,20230113,1844.18,1888.0,1840.0,1887.0,31939.65,5969876.222
600519.SH,20230112,1848.0,1856.0,1833.0,1834.0,17193.17,3162637.136
600519.SH,20230111,1856.0,1860.0,1836.84,1844.95,22720.31,4201487.773
600519.SH,20230110,1839.06,1864.5,1830.5,1854.45,22731.73,4204783.734
600519.SH,20230109,1835.0,1849.98,1807.82,1841.2,30977.23,5684181.147
600519.SH,20230106,1806.12,1811.9,1787.0,1803.77,24903.75,4480838.898
600519.SH,20230105,1737.0,1801.0,1733.0,1801.0,47942.85,8541587.089
600519.SH,20230104,1730.0,1738.7,1716.0,1725.01,20415.75,3523582.306
600519.SH,20230103,1731.2,1738.43,1706.01,1730.01,26033.8,4487760.231
600519.SH,20221230,1736.0,1752.99,1727.0,1727.0,25333.12,4409544.297
600519.SH,20221229,1717.0,1726.99,1701.05,1719.0,22417.8,3844499.655
600519.SH,20221228,1745.88,1747.0,1708.01,1733.0,21437.9,3699948.995
600519.SH,20221227,1738.0,1747.15,1725.5,1733.0,17905.05,3109270.166
600519.SH,20221226,1771.0,1771.0,1735.02,1742.06,21383.8,3749121.03
600519.SH,20221223,1752.4,1782.0,1745.0,1771.0,17319.21,3063608.409
600519.SH,20221222,1756.7,1783.0,1745.0,1768.0,23175.34,4093861.57
600519.SH,20221221,1724.0,1739.0,1717.65,1739.0,22816.14,3948926.227
600519.SH,20221220,1765.33,1765.33,1682.45,1715.0,46198.4,7944120.661
600519.SH,20221219,1798.8,1798.8,1760.17,1773.0,24987.1,4447236.356
600519.SH,20221216,1773.25,1791.0,1743.0,1786.87,33302.66,5901587.128
600519.SH,20221215,1805.0,1816.0,1780.0,1786.99,30634.44,5497063.39
600519.SH,20221214,1743.0,1780.8,1743.0,1770.87,29098.4,5141262.368
600519.SH,20221213,1737.0,1760.69,1730.0,1750.0,21385.46,3735089.152
600519.SH,20221212,1715.86,1766.0,1715.0,1739.02,34755.17,6063957.619
600519.SH,20221209,1692.0,1730.0,1682.0,1730.0,39215.26,6716944.493
600519.SH,20221208,1682.0,1695.0,1665.0,1687.02,19729.56,3323420.877
600519.SH,20221207,1677.81,1720.0,1670.03,1684.0,35526.26,6012253.045
600519.SH,20221206,1655.0,1726.9,1652.0,1688.0,44147.48,7477917.194
600519.SH,20221205,1668.0,1679.0,1649.0,1664.9,36127.46,6018521.304
600519.SH,20221202,1635.0,1652.99,1621.2,1633.88,23883.9,3910860.618
600519.SH,20221201,1660.0,1680.0,1630.79,1630.8,51357.68,8480772.923
600519.SH,20221130,1587.12,1604.0,1585.0,1599.0,31497.3,5019450.678
600519.SH,20221129,1569.56,1600.0,1551.0,1599.0,73420.13,11587859.176
600519.SH,20221128,1484.78,1515.0,1451.0,1509.88,47723.21,7040991.068
600519.SH,20221125,1520.51,1532.0,1510.0,1522.01,18621.04,2833988.373
600519.SH,20221124,1559.0,1568.88,1513.98,1519.99,27687.38,4241974.248
600519.SH,20221123,1528.0,1557.0,1521.04,1549.0,22177.46,3428793.052
600519.SH,20221122,1517.44,1559.74,1516.11,1539.95,29900.62,4582790.131
600519.SH,20221121,1541.35,1541.35,1498.53,1519.98,39096.0,5917086.07
600519.SH,20221118,1576.0,1584.0,1556.0,1567.13,23608.71,3703793.426
600519.SH,20221117,1590.5,1596.3,1552.88,1567.0,30579.88,4793001.162
600519.SH,20221116,1581.0,1598.0,1568.0,1585.25,26847.76,4250886.805
600519.SH,20221115,1532.0,1598.97,1521.0,1588.0,56317.6,8858377.894
600519.SH,20221114,1543.5,1563.53,1528.0,1533.0,57370.15,8858049.581
600519.SH,20221111,1528.0,1544.45,1494.98,1528.15,73947.15,11252112.275
600519.SH,20221110,1444.0,1485.0,1435.15,1475.0,37719.67,5518325.849
600519.SH,20221109,1483.95,1488.88,1450.0,1459.9,36090.16,5276777.53
600519.SH,20221108,1508.0,1517.99,1468.96,1484.88,39324.91,5842320.995
600519.SH,20221107,1494.05,1518.48,1486.59,1507.11,42698.35,6414049.133
600519.SH,20221104,1437.96,1527.77,1437.96,1516.57,80007.95,11996968.945
600519.SH,20221103,1443.57,1462.5,1428.1,1439.5,45159.7,6509550.787
600519.SH,20221102,1460.0,1506.0,1436.0,1471.96,79777.15,11717204.099
600519.SH,20221101,1359.0,1469.4,1359.0,1462.01,118766.48,16859775.304
600519.SH,20221031,1350.0,1382.01,1333.0,1350.0,71846.65,9758303.071
600519.SH,20221028,1390.77,1406.0,1358.71,1360.0,93142.75,12823821.843
600519.SH,20221027,1480.0,1487.98,1383.85,1401.0,107105.9,15258551.283
600519.SH,20221026,1488.8,1514.99,1460.0,1464.08,81780.83,12120993.864
600519.SH,20221025,1479.42,1515.0,1472.0,1479.75,81361.56,12136909.034
600519.SH,20221024,1570.0,1589.0,1488.01,1501.28,132098.04,20217576.174
600519.SH,20221021,1640.0,1647.8,1610.0,1624.0,38907.4,6317945.876
600519.SH,20221020,1621.0,1668.43,1611.0,1643.5,42778.07,7020555.512
600519.SH,20221019,1701.98,1701.98,1648.0,1648.0,60120.93,9997656.284
600519.SH,20221018,1725.0,1730.0,1701.0,1705.83,28082.77,4800689.502
600519.SH,20221017,1726.0,1727.99,1697.8,1718.5,33549.51,5740146.639
600519.SH,20221014,1710.0,1755.0,1701.94,1737.61,46519.7,8045032.623
600519.SH,20221013,1720.46,1735.0,1697.0,1699.99,63969.27,10919727.537
600519.SH,20221012,1773.66,1779.0,1708.0,1760.0,48195.0,8372252.823
600519.SH,20221011,1789.0,1806.0,1760.0,1779.99,32047.19,5712249.507
600519.SH,20221010,1890.0,1891.0,1780.2,1786.0,48584.13,8865386.496
600519.SH,20220930,1898.62,1901.99,1866.0,1872.5,21289.08,4000917.951
600519.SH,20220929,1897.98,1902.18,1871.13,1880.35,21589.66,4075515.187
600519.SH,20220928,1880.5,1899.4,1874.01,1883.0,21445.97,4042506.33
600519.SH,20220927,1868.86,1897.0,1851.11,1888.0,28820.19,5422668.135
600519.SH,20220926,1820.0,1888.0,1819.98,1863.0,35134.92,6566771.227
600519.SH,20220923,1820.81,1855.0,1820.81,1834.43,28287.69,5191904.76
600519.SH,20220922,1840.0,1841.02,1816.85,1820.81,22704.29,4147900.996
600519.SH,20220921,1876.67,1883.0,1848.0,1848.0,20994.54,3904096.421
600519.SH,20220920,1869.98,1884.6,1858.55,1878.0,14116.3,2645281.859
600519.SH,20220919,1855.0,1888.59,1852.88,1871.64,18583.51,3479680.771
600519.SH,20220916,1871.8,1885.6,1855.11,1859.0,24121.27,4501527.357
600519.SH,20220915,1870.0,1893.12,1869.96,1880.0,20810.21,3917954.256
600519.SH,20220914,1864.01,1880.0,1863.0,1869.0,16041.57,3002693.247
600519.SH,20220913,1880.0,1888.38,1858.23,1879.0,28693.09,5387987.148
600519.SH,20220909,1825.0,1852.0,1816.0,1844.79,27089.86,4991679.523
600519.SH,20220908,1820.0,1832.0,1815.0,1815.0,16590.57,3026766.448
600519.SH,20220907,1835.03,1837.66,1811.01,1818.01,28306.16,5151537.33
600519.SH,20220906,1835.36,1848.2,1825.0,1845.0,20830.04,3832086.313
600519.SH,20220905,1862.64,1869.0,1820.0,1835.0,36821.87,6764549.173
600519.SH,20220902,1889.94,1892.96,1866.17,1875.0,19391.32,3635162.804
600519.SH,20220901,1912.15,1916.0,1880.89,1880.89,26845.08,5088658.955
600519.SH,20220831,1860.1,1925.56,1860.01,1924.0,44691.51,8518225.337
600519.SH,20220830,1882.35,1885.0,1854.2,1870.0,18235.39,3400091.358
600519.SH,20220829,1883.0,1899.97,1874.0,1878.82,13569.62,2555981.192
600519.SH,20220826,1900.0,1912.0,1886.0,1898.0,23141.95,4397161.135
600519.SH,20220825,1859.0,1888.0,1854.2,1885.0,21925.34,4107597.895
600519.SH,20220824,1869.99,1875.23,1851.0,1854.2,18727.61,3486382.969
600519.SH,20220823,1898.6,1898.6,1867.0,1870.01,23756.36,4452538.978
600519.SH,20220822,1885.01,1907.0,1881.38,1893.98,15426.67,2925285.473
600519.SH,20220819,1898.0,1908.35,1888.0,1895.01,13544.17,2572000.762
600519.SH,20220818,1908.0,1913.08,1881.07,1895.5,23167.77,4384060.205
600519.SH,20220817,1930.0,1930.0,1895.0,1918.0,18360.63,3508295.541
600519.SH,20220816,1923.94,1933.79,1916.0,1917.84,14835.84,2854189.586
600519.SH,20220815,1920.46,1939.5,1915.55,1919.89,19323.14,3717178.491
600519.SH,20220812,1906.9,1930.0,1900.0,1928.0,20259.83,3882570.566
600519.SH,20220811,1886.0,1907.0,1878.01,1906.9,26061.49,4940834.195
600519.SH,20220810,1909.98,1918.0,1864.58,1876.0,27926.62,5259452.686
600519.SH,20220809,1911.53,1918.99,1905.0,1910.0,13874.61,2651800.008
600519.SH,20220808,1915.15,1932.88,1907.51,1911.53,16799.01,3220702.892
600519.SH,20220805,1927.8,1935.0,1904.9,1923.96,20085.84,3857406.327
600519.SH,20220804,1890.0,1923.1,1880.13,1916.01,30357.14,5797110.733
600519.SH,20220803,1889.99,1904.0,1877.0,1885.0,24598.42,4642442.196
600519.SH,20220802,1880.0,1887.98,1858.01,1879.98,28220.88,5284516.568
600519.SH,20220801,1890.01,1908.0,1881.18,1890.3,21037.41,3988198.59
600519.SH,20220729,1895.1,1918.99,1878.1,1898.44,37032.36,7028415.881
600519.SH,20220728,1921.1,1938.0,1892.66,1898.0,34869.86,6669448.409
600519.SH,20220727,1942.0,1948.0,1917.0,1919.6,21489.87,4149807.166
600519.SH,20220726,1952.99,1964.97,1947.02,1950.21,20685.1,4041100.077
600519.SH,20220725,1949.51,1952.3,1931.0,1944.65,16912.44,3285451.347
600519.SH,20220722,1949.22,1962.0,1935.0,1947.0,25113.57,4894378.605
600519.SH,20220721,1943.1,1955.9,1934.51,1939.0,14061.37,2735503.093
600519.SH,20220720,1958.75,1970.0,1945.0,1950.1,18704.61,3659970.961
600519.SH,20220719,1945.0,1951.65,1926.0,1943.1,21956.03,4250852.886
600519.SH,20220718,1952.36,1959.0,1922.0,1951.66,24220.72,4701936.868
600519.SH,20220715,1945.11,1999.68,1944.51,1949.5,33416.23,6588730.699
600519.SH,20220714,1960.0,1976.8,1941.0,1953.0,20527.24,4014985.518
600519.SH,20220713,1945.0,1972.0,1940.67,1958.89,19853.77,3893406.034
600519.SH,20220712,1965.0,1972.8,1930.06,1948.41,23446.86,4562731.381
600519.SH,20220711,1990.2,1994.77,1950.5,1963.6,23949.21,4709248.31
600519.SH,20220708,2005.0,2014.89,1996.16,1999.0,15643.89,3134903.462
600519.SH,20220707,2005.0,2009.35,1985.01,1990.0,20931.77,4179088.24
600519.SH,20220706,2032.0,2039.0,1986.0,2002.0,32751.66,6566374.982
600519.SH,20220705,2025.28,2054.45,2010.0,2033.01,26329.4,5345189.852
600519.SH,20220704,2020.01,2024.29,2001.01,2018.0,25075.89,5042804.258
600519.SH,20220701,2055.0,2067.77,2015.21,2029.05,21596.45,4385555.299
600519.SH,20220630,2000.0,2077.0,1999.99,2045.0,38982.43,7984019.438
600519.SH,20220629,2028.0,2042.0,2011.01,2030.0,30360.12,6142508.408
600519.SH,20220628,2019.74,2041.0,2001.0,2036.0,25245.71,5112298.787
600519.SH,20220627,2019.94,2049.94,2000.3,2010.55,40115.17,8124448.9
600519.SH,20220624,1970.0,2020.0,1965.0,2009.01,39634.65,7921199.792
600519.SH,20220623,1942.7,1965.04,1940.0,1957.1,26843.52,5239860.443
600519.SH,20220622,1955.0,1958.0,1932.0,1936.0,19646.65,3813775.294
600519.SH,20220621,1949.0,1966.99,1928.0,1945.74,23717.02,4617805.127
600519.SH,20220620,1950.0,1970.0,1930.0,1942.02,34974.78,6802792.459
600519.SH,20220617,1878.09,1952.0,1878.09,1951.0,50541.61,9749530.916
600519.SH,20220616,1894.59,1907.63,1875.33,1877.0,26886.7,5087605.391
600519.SH,20220615,1870.0,1905.0,1862.99,1875.1,33663.62,6354869.1
600519.SH,20220614,1834.0,1875.42,1832.0,1871.0,29416.23,5467949.348
600519.SH,20220613,1890.0,1892.0,1848.08,1856.0,36755.18,6847248.995
600519.SH,20220610,1845.01,1907.0,1835.0,1900.6,47344.62,8882462.598
600519.SH,20220609,1872.0,1888.35,1849.0,1853.0,26329.02,4897066.622
600519.SH,20220608,1825.0,1882.0,1825.0,1865.6,44353.81,8236953.846
600519.SH,20220607,1784.14,1825.0,1770.31,1817.9,35048.59,6356031.009
600519.SH,20220606,1790.0,1795.0,1758.0,1788.0,36741.26,6535329.352
600519.SH,20220602,1787.97,1795.8,1780.0,1786.0,16914.73,3019718.032
600519.SH,20220601,1802.0,1814.78,1779.0,1788.25,21760.01,3897858.999
600519.SH,20220531,1774.77,1814.9,1766.98,1804.03,40750.82,7329201.058
600519.SH,20220530,1766.0,1790.55,1766.0,1778.41,34465.69,6135631.304
600519.SH,20220527,1759.99,1780.0,1753.01,1755.16,25119.58,4436904.896
600519.SH,20220526,1761.0,1761.0,1730.0,1742.8,28053.44,4888109.192
600519.SH,20220525,1765.27,1772.0,1747.0,1755.51,22388.69,3929477.102
600519.SH,20220524,1786.0,1787.0,1755.5,1760.0,27342.22,4824599.922
600519.SH,20220523,1800.0,1803.89,1772.0,1781.0,22157.13,3950856.594
600519.SH,20220520,1759.99,1801.15,1752.0,1800.01,41949.6,7493460.272
600519.SH,20220519,1745.0,1757.0,1739.0,1756.0,19776.26,3459059.182
600519.SH,20220518,1773.66,1773.92,1743.02,1761.0,24850.44,4362486.907
600519.SH,20220517,1769.88,1775.0,1755.0,1768.0,20144.74,3557048.801
600519.SH,20220516,1797.0,1797.0,1742.67,1758.0,27765.31,4881208.653
600519.SH,20220513,1780.0,1797.94,1766.0,1778.24,20730.52,3690141.231
600519.SH,20220512,1753.0,1778.0,1750.0,1762.67,22038.23,3888480.084
600519.SH,20220511,1755.0,1788.48,1752.0,1768.0,30312.67,5372950.033
600519.SH,20220510,1720.0,1784.96,1705.01,1766.19,40119.19,7018451.097
600519.SH,20220509,1780.0,1780.0,1738.0,1752.0,30351.82,5324616.273
600519.SH,20220506,1814.99,1819.0,1781.0,1793.0,28596.18,5138176.68
600519.SH,20220505,1830.0,1870.0,1828.98,1837.0,33660.94,6235017.58
600519.SH,20220429,1836.0,1849.0,1810.98,1828.38,34885.27,6384066.537
600519.SH,20220428,1793.0,1845.0,1786.5,1835.0,44010.06,8038681.95
600519.SH,20220427,1767.12,1810.0,1767.12,1794.92,57402.44,10289893.014
600519.SH,20220426,1703.33,1748.98,1700.0,1732.48,44563.96,7692845.226
600519.SH,20220425,1750.0,1776.5,1702.0,1708.0,53658.02,9352986.852
600519.SH,20220422,1763.0,1787.88,1760.18,1773.0,27899.75,4955360.846
600519.SH,20220421,1790.2,1806.0,1770.0,1779.98,28952.61,5160788.004
600519.SH,20220420,1801.69,1820.0,1768.68,1797.0,24155.72,4342043.328
600519.SH,20220419,1800.0,1832.99,1775.5,1790.3,24204.76,4359851.98
600519.SH,20220418,1781.13,1798.0,1768.0,1790.82,19793.15,3525102.977
600519.SH,20220415,1802.2,1818.0,1795.89,1805.99,21041.13,3800797.635
600519.SH,20220414,1788.0,1835.9,1780.2,1809.0,37649.86,6834657.201
600519.SH,20220413,1767.0,1795.0,1751.08,1769.0,31147.66,5534915.753
600519.SH,20220412,1729.0,1787.97,1708.0,1782.0,41629.56,7284546.261
600519.SH,20220411,1770.0,1770.0,1706.03,1720.0,43863.59,7568782.591
600519.SH,20220408,1768.0,1788.7,1766.54,1784.0,22941.32,4081618.543
600519.SH,20220407,1758.0,1785.0,1750.1,1765.0,20195.71,3568182.341
600519.SH,20220406,1753.0,1788.73,1753.0,1765.0,27819.77,4910792.426
600519.SH,20220401,1729.94,1793.0,1721.69,1780.01,44861.91,7936957.252
600519.SH,20220331,1720.0,1738.6,1708.8,1719.0,25173.86,4338022.922
600519.SH,20220330,1698.0,1730.1,1695.0,1730.1,42433.43,7276379.091
600519.SH,20220329,1661.5,1691.5,1661.5,1667.0,25934.98,4343365.464
600519.SH,20220328,1625.0,1664.8,1604.0,1660.8,57541.64,9392008.017
600519.SH,20220325,1712.0,1734.0,1685.0,1690.0,29708.66,5054831.352
600519.SH,20220324,1738.0,1740.0,1717.35,1720.93,25815.32,4457504.43
600519.SH,20220323,1705.0,1770.0,1697.0,1752.19,58067.39,10096341.448
600519.SH,20220322,1723.88,1723.88,1686.33,1695.0,21054.04,3578291.198
600519.SH,20220321,1724.0,1725.65,1695.01,1704.3,27877.16,4763083.283
600519.SH,20220318,1718.0,1745.0,1692.28,1707.79,38348.68,6564085.394
600519.SH,20220317,1720.0,1755.0,1711.66,1720.15,68351.96,11843531.813
600519.SH,20220316,1634.0,1683.9,1593.0,1674.95,77592.81,12753010.156
600519.SH,20220315,1650.0,1685.0,1603.0,1603.0,89055.87,14567142.622
600519.SH,20220314,1730.0,1750.0,1700.0,1700.0,49006.61,8416841.92
600519.SH,20220311,1766.0,1777.0,1718.08,1769.01,47726.77,8335618.341
600519.SH,20220310,1808.0,1821.0,1791.0,1794.43,36461.78,6587438.866
600519.SH,20220309,1764.1,1805.0,1721.11,1779.18,56434.42,10018590.069
600519.SH,20220308,1759.98,1786.66,1732.0,1753.2,57215.46,10087484.369
600519.SH,20220307,1760.2,1768.0,1703.8,1707.0,49155.81,8487507.372
600519.SH,20220304,1772.0,1792.89,1755.1,1780.5,31047.03,5509157.654
600519.SH,20220303,1845.8,1850.25,1794.0,1800.0,31546.93,5703580.558
600519.SH,20220302,1840.0,1850.99,1825.0,1844.88,20074.48,3690612.341
600519.SH,20220301,1802.0,1863.57,1802.0,1858.48,47379.3,8721229.267
600519.SH,20220228,1787.06,1797.0,1767.0,1790.4,28923.03,5158148.387
600519.SH,20220225,1775.0,1808.28,1775.0,1799.06,38979.13,6999524.161
600519.SH,20220224,1808.0,1813.99,1748.1,1764.11,65359.25,11578557.075
600519.SH,20220223,1811.41,1834.0,1800.08,1827.01,28111.61,5118197.82
600519.SH,20220222,1860.01,1861.0,1800.02,1807.87,52298.81,9473992.638
600519.SH,20220221,1900.0,1906.9,1868.95,1876.99,20815.73,3920377.358
600519.SH,20220218,1877.63,1907.98,1865.66,1907.0,19385.49,3670339.742
600519.SH,20220217,1900.61,1911.48,1881.0,1886.99,18213.66,3450265.032
600519.SH,20220216,1900.0,1907.0,1888.0,1892.55,14586.85,2769034.316
600519.SH,20220215,1868.8,1911.0,1859.0,1890.62,27105.86,5131842.112
600519.SH,20220214,1840.0,1877.0,1837.31,1868.67,20195.87,3762313.349
600519.SH,20220211,1857.0,1900.79,1841.0,1849.97,33746.49,6296909.575
600519.SH,20220210,1900.0,1905.9,1857.39,1873.0,23031.83,4315456.868
600519.SH,20220209,1839.09,1908.0,1826.97,1895.98,33884.79,6346699.784
600519.SH,20220208,1868.88,1872.87,1790.0,1839.0,41713.06,7585130.459
600519.SH,20220207,1900.99,1913.56,1850.0,1867.96,35150.42,6601799.703
600519.SH,20220128,1955.0,1968.0,1880.01,1887.0,41020.11,7889492.895
600519.SH,20220127,2001.01,2010.82,1952.0,1965.0,42665.16,8450329.058
600519.SH,20220126,1942.04,1969.0,1919.0,1955.0,23905.13,4655706.528
600519.SH,20220125,1943.0,1966.0,1931.0,1943.0,25510.12,4971078.498
600519.SH,20220124,1955.0,1984.0,1931.44,1950.2,23985.8,4685441.775
600519.SH,20220121,1960.0,1993.49,1951.01,1984.99,30812.58,6091427.695
600519.SH,20220120,1916.0,1979.99,1916.0,1969.52,34013.91,6665294.954
600519.SH,20220119,1919.0,1919.0,1888.88,1912.0,26370.94,5026993.463
600519.SH,20220118,1861.68,1908.85,1852.0,1892.27,31215.77,5906705.861
600519.SH,20220117,1868.0,1878.3,1835.34,1861.61,27353.82,5074077.665
600519.SH,20220114,1877.39,1893.0,1863.0,1867.0,29321.64,5506186.026
600519.SH,20220113,1964.82,1967.99,1865.56,1877.39,56747.35,10781720.544
600519.SH,20220112,1948.0,1978.8,1948.0,1967.0,27474.1,5384359.628
600519.SH,20220111,1948.0,1965.0,1931.17,1940.55,22276.64,4332180.604
600519.SH,20220110,1928.01,1977.0,1917.55,1966.0,29626.7,5792738.145
600519.SH,20220107,1975.0,1988.88,1939.32,1942.0,29816.69,5831695.311
600519.SH,20220106,2022.01,2036.0,1938.51,1982.22,51794.75,10226933.847
600519.SH,20220105,2045.0,2065.0,2018.0,2024.0,28395.51,5774992.117
600519.SH,20220104,2055.0,2068.95,2014.0,2051.23,33842.62,6913653.122
600519.SH,20211231,2070.0,2072.98,2028.0,2050.0,29664.91,6061415.344
600519.SH,20211230,2041.0,2088.98,2028.0,2075.0,35261.36,7272866.657
600519.SH,20211229,2150.0,2154.25,2041.0,2041.0,54049.02,11195625.154
600519.SH,20211228,2133.0,2155.5,2116.6,2138.18,27650.7,5901940.633
600519.SH,20211227,2168.0,2168.0,2112.0,2131.82,37555.9,8020677.686
600519.SH,20211224,2148.88,2216.96,2148.88,2194.09,56129.59,12295953.4
600519.SH,20211223,2053.0,2120.0,2025.0,2120.0,39098.54,8126298.013
600519.SH,20211222,2040.0,2063.0,2040.0,2048.0,17430.79,3570928.372
600519.SH,20211221,2045.0,2069.13,2012.83,2038.2,26285.89,5354186.59
600519.SH,20211220,2050.7,2085.66,2041.0,2058.96,32257.69,6654596.508
600519.SH,20211217,2100.5,2108.0,2036.0,2050.7,48403.18,9988869.785
600519.SH,20211216,2115.0,2144.05,2086.23,2118.99,37211.36,7865499.278
600519.SH,20211215,2142.15,2164.95,2125.02,2135.0,30078.27,6444715.086
600519.SH,20211214,2118.2,2167.9,2100.0,2150.0,40449.41,8673733.691
600519.SH,20211213,2154.0,2180.0,2118.0,2118.2,65806.56,14139012.29
600519.SH,20211210,2060.0,2095.78,2056.0,2090.0,43148.22,8944582.265
600519.SH,20211209,2054.94,2116.92,2045.0,2086.55,64239.18,13404724.467
600519.SH,20211208,1964.88,2045.0,1950.0,2043.0,61048.07,12285101.988
600519.SH,20211207,1980.74,1987.87,1946.73,1955.87,36979.89,7286659.622
600519.SH,20211206,1983.0,1990.0,1950.0,1967.3,31063.88,6122543.819
600519.SH,20211203,1932.0,1988.62,1931.05,1971.88,35818.39,7045848.18
600519.SH,20211202,1940.0,1942.15,1919.6,1934.0,20421.82,3939731.543
600519.SH,20211201,1950.0,1959.95,1919.02,1932.99,26254.4,5071457.098
600519.SH,20211130,1985.4,1989.9,1927.5,1930.77,36924.87,7192172.533
600519.SH,20211129,1960.0,1990.0,1951.08,1985.0,42399.34,8372476.083
600519.SH,20211126,1964.83,1967.0,1925.0,1941.01,32655.57,6337346.211
600519.SH,20211125,1953.0,1986.2,1946.25,1956.03,39752.88,7803035.266
600519.SH,20211124,1900.0,1966.0,1897.0,1941.0,54512.35,10555736.753
600519.SH,20211123,1852.0,1917.0,1852.0,1896.43,45782.2,8676297.616
600519.SH,20211122,1849.0,1909.0,1848.0,1854.27,42572.68,7994018.41
600519.SH,20211119,1794.19,1849.0,1788.2,1828.41,31155.59,5699883.8
600519.SH,20211118,1781.22,1807.0,1770.0,1792.0,19520.89,3485674.964
600519.SH,20211117,1805.0,1820.5,1790.01,1795.0,24505.46,4411450.908
600519.SH,20211116,1768.0,1818.0,1765.0,1808.0,33526.24,6033536.262
600519.SH,20211115,1773.68,1784.0,1750.0,1761.14,24947.35,4410975.373
600519.SH,20211112,1778.0,1785.05,1766.66,1773.78,17606.63,3124400.972
600519.SH,20211111,1752.93,1769.6,1741.5,1769.6,22651.87,3987243.285
600519.SH,20211110,1790.01,1795.0,1735.0,1753.99,35348.77,6204803.25
600519.SH,20211109,1819.98,1827.87,1782.0,1790.01,27351.92,4915170.028
600519.SH,20211108,1820.0,1830.8,1802.05,1820.1,17705.72,3220439.334
600519.SH,20211105,1804.21,1844.99,1804.21,1819.94,27077.23,4956331.383
600519.SH,20211104,1777.94,1816.0,1769.42,1804.2,31130.43,5592211.731
600519.SH,20211103,1800.0,1809.98,1761.19,1765.0,27829.31,4958314.535
600519.SH,20211102,1796.7,1844.22,1788.0,1804.64,32500.24,5875341.369
600519.SH,20211101,1780.0,1826.3,1760.0,1803.0,41689.98,7486936.394
600519.SH,20211029,1825.0,1848.0,1813.0,1826.08,28775.86,5266898.95
600519.SH,20211028,1825.2,1843.78,1802.0,1825.49,29490.93,5383196.101
600519.SH,20211027,1852.3,1858.3,1800.1,1819.0,34647.29,6302270.905
600519.SH,20211026,1864.03,1878.99,1844.0,1861.05,21130.26,3934223.714
600519.SH,20211025,1880.0,1885.01,1858.0,1873.03,32461.33,6076219.948
600519.SH,20211022,1855.0,1921.01,1854.0,1901.0,35962.6,6794850.056
600519.SH,20211021,1841.1,1860.0,1829.0,1844.0,23018.7,4238584.294
600519.SH,20211020,1833.0,1849.8,1806.01,1841.0,28663.39,5246404.615
600519.SH,20211019,1800.0,1838.8,1799.88,1812.18,40314.56,7330114.082
600519.SH,20211018,1888.0,1888.0,1787.0,1800.0,69652.02,12651498.607
600519.SH,20211015,1890.1,1929.99,1890.1,1916.97,28560.78,5452953.879
600519.SH,20211014,1928.93,1941.8,1896.0,1911.0,26622.55,5097602.232
600519.SH,20211013,1870.0,1949.95,1862.0,1929.9,50142.61,9625769.127
600519.SH,20211012,1866.0,1877.0,1842.42,1870.99,30606.42,5688160.837
600519.SH,20211011,1839.51,1889.9,1831.01,1867.12,37675.57,7040475.327
600519.SH,20211008,1822.42,1878.0,1807.23,1839.6,47451.96,8780381.118
600519.SH,20210930,1818.18,1850.22,1803.4,1830.0,40539.29,7411735.79
600519.SH,20210929,1809.0,1845.01,1785.9,1820.0,43290.65,7870151.768
600519.SH,20210928,1848.0,1860.0,1795.0,1822.06,49221.05,8973408.813
600519.SH,20210927,1750.0,1863.4,1750.0,1855.0,126868.92,23270689.695
600519.SH,20210924,1628.0,1719.98,1628.0,1694.0,69536.6,11756596.091
600519.SH,20210923,1638.0,1655.88,1625.08,1635.0,30341.81,4964210.091
600519.SH,20210922,1658.83,1688.0,1635.0,1637.69,31743.0,5227723.003
600519.SH,20210917,1620.0,1705.6,1620.0,1686.0,55130.25,9242101.552
600519.SH,20210916,1603.0,1644.0,1585.0,1638.07,45968.02,7458455.126
600519.SH,20210915,1650.0,1660.0,1610.0,1615.74,41570.05,6781755.393
600519.SH,20210914,1659.0,1683.0,1653.0,1657.0,33760.61,5638962.654
600519.SH,20210913,1665.0,1684.0,1640.1,1654.0,27720.02,4605031.711
600519.SH,20210910,1634.08,1668.8,1633.0,1662.58,33388.11,5528034.093
600519.SH,20210909,1626.0,1645.0,1624.01,1634.08,19950.13,3257785.762
600519.SH,20210908,1660.0,1671.18,1628.08,1633.1,33063.67,5428265.636
600519.SH,20210907,1661.03,1684.48,1651.0,1669.0,31211.22,5204051.657
600519.SH,20210906,1649.0,1708.16,1626.15,1670.67,55338.06,9306030.671
600519.SH,20210903,1610.02,1659.79,1582.0,1658.22,52835.18,8631165.696
600519.SH,20210902,1632.99,1643.0,1600.89,1618.8,42836.79,6939707.277
600519.SH,20210901,1559.0,1634.99,1531.1,1622.01,77316.1,12370243.405
600519.SH,20210831,1589.8,1616.35,1555.1,1558.0,43677.09,6888080.927
600519.SH,20210830,1605.0,1613.0,1545.95,1586.0,51587.7,8098190.333
600519.SH,20210827,1589.0,1625.0,1584.1,1596.03,36095.45,5791426.192
600519.SH,20210826,1664.99,1664.99,1594.72,1595.0,54020.37,8722233.201
600519.SH,20210825,1647.64,1680.87,1643.0,1665.02,54238.9,9037626.406
600519.SH,20210824,1575.0,1642.55,1565.77,1625.18,72594.47,11703813.764
600519.SH,20210823,1537.88,1599.0,1536.77,1570.19,71597.2,11218832.883
600519.SH,20210820,1555.17,1597.55,1525.5,1548.0,114544.54,17825198.286
600519.SH,20210819,1622.22,1643.2,1600.0,1619.97,41291.95,6682355.678
600519.SH,20210818,1624.66,1642.99,1600.0,1620.0,59970.26,9701556.273
600519.SH,20210817,1700.0,1700.0,1628.88,1635.0,61200.77,10140291.982
600519.SH,20210816,1696.0,1713.6,1685.08,1699.2,28056.97,4773049.794
600519.SH,20210813,1690.0,1713.0,1679.0,1700.04,37904.52,6418412.544
600519.SH,20210812,1732.0,1749.0,1686.19,1690.0,47550.97,8130692.626
600519.SH,20210811,1780.01,1785.01,1750.01,1750.5,38662.59,6821292.779
600519.SH,20210810,1700.0,1802.88,1675.0,1799.0,83285.05,14549496.463
600519.SH,20210809,1651.0,1709.0,1650.0,1693.8,47697.75,8028155.49
600519.SH,20210806,1689.0,1694.01,1646.6,1671.0,45686.1,7616109.615
600519.SH,20210805,1692.88,1745.0,1676.36,1699.0,48059.69,8177369.851
600519.SH,20210804,1734.06,1760.0,1718.0,1724.0,38175.49,6614683.378
600519.SH,20210803,1730.0,1768.99,1688.8,1749.3,54374.75,9447823.227
600519.SH,20210802,1664.0,1755.98,1620.72,1755.0,97400.65,16515259.089
600519.SH,20210730,1725.0,1725.0,1657.76,1678.99,77735.89,13109725.032
600519.SH,20210729,1810.01,1823.0,1734.34,1749.79,63863.85,11299569.857
600519.SH,20210728,1703.0,1788.2,1682.12,1768.9,85368.84,14792470.948
600519.SH,20210727,1803.0,1810.0,1703.0,1712.89,86576.99,15230805.685
600519.SH,20210726,1879.0,1879.0,1780.0,1804.11,98619.48,17894360.803
600519.SH,20210723,1937.82,1937.82,1895.09,1900.0,47585.47,9057761.876
600519.SH,20210722,1960.0,1973.9,1938.96,1940.01,39090.47,7619076.855
600519.SH,20210721,1989.0,2006.0,1962.01,1969.0,29780.13,5902656.221
600519.SH,20210720,1975.0,1988.93,1961.41,1980.0,23475.21,4639300.956
600519.SH,20210719,1955.89,1986.0,1941.0,1975.0,30052.34,5900348.21
600519.SH,20210716,1980.0,1996.6,1950.0,1955.9,35407.64,6958296.859
600519.SH,20210715,1955.02,2013.0,1950.6,1997.99,42190.05,8391506.229
600519.SH,20210714,1974.0,1974.5,1945.0,1962.0,30770.69,6011814.88
600519.SH,20210713,1968.0,2005.5,1965.0,1982.9,29924.71,5946287.259
600519.SH,20210712,1975.55,1998.78,1940.5,1961.0,39010.24,7658786.228
600519.SH,20210709,1964.52,1985.91,1945.0,1972.11,30907.9,6072340.993
600519.SH,20210708,2000.1,2004.0,1968.0,1985.0,35516.69,7027713.78
600519.SH,20210707,2010.0,2028.88,1999.01,2004.0,28122.12,5658210.73
600519.SH,20210706,1995.0,2014.0,1960.01,2012.9,35282.51,7015883.091
600519.SH,20210705,2000.0,2019.88,1985.0,1994.0,34420.95,6872797.768
600519.SH,20210702,2075.0,2075.0,2011.5,2013.0,46275.31,9388640.194
600519.SH,20210701,2059.97,2110.0,2031.6,2105.0,33701.24,6970730.878
600519.SH,20210630,2065.0,2074.0,2046.3,2056.7,21915.66,4511484.217
600519.SH,20210629,2108.0,2115.0,2051.0,2062.0,33030.63,6835635.172
600519.SH,20210628,2100.0,2118.0,2073.0,2103.01,27452.42,5750241.214
600519.SH,20210625,2049.96,2109.0,2042.6,2092.0,35875.43,7459680.452
600519.SH,20210624,2040.01,2080.0,2021.0,2068.05,31473.7,6452557.073
600519.SH,20210623,2080.0,2083.0,2034.15,2038.0,37079.01,7596735.684
600519.SH,20210622,2092.0,2098.0,2053.89,2074.97,33228.18,6900830.616
600519.SH,20210621,2085.0,2099.69,2050.0,2081.64,35488.26,7367986.471
600519.SH,20210618,2147.0,2156.5,2065.0,2090.94,54028.21,11329180.836
600519.SH,20210617,2155.65,2188.0,2144.36,2156.91,21067.53,4558702.643
600519.SH,20210616,2192.0,2195.0,2148.0,2158.0,27593.15,5978924.528
600519.SH,20210615,2195.1,2208.88,2148.0,2193.0,29361.3,6412821.567
600519.SH,20210611,2239.0,2244.0,2178.81,2178.81,33970.66,7513797.036
600519.SH,20210610,2195.0,2251.37,2190.08,2238.48,25566.63,5707338.424
600519.SH,20210609,2192.0,2214.0,2160.11,2199.5,25502.35,5591378.817
600519.SH,20210608,2260.0,2279.99,2161.15,2191.0,47313.63,10479943.156
600519.SH,20210607,2265.0,2279.0,2240.01,2271.0,25466.27,5756592.694
600519.SH,20210604,2215.0,2288.0,2214.04,2251.5,31422.19,7058715.115
600519.SH,20210603,2220.0,2260.34,2210.08,2222.22,23450.31,5242453.019
600519.SH,20210602,2250.0,2264.0,2208.18,2222.0,22862.77,5088908.384
600519.SH,20210601,2222.0,2248.95,2206.0,2240.95,30616.34,6832594.466
600519.SH,20210531,2215.5,2218.35,2172.0,2218.0,31739.0,6960864.26
600519.SH,20210528,2240.97,2250.0,2205.51,2230.0,25807.31,5741331.986
600519.SH,20210527,2211.02,2320.0,2201.1,2245.0,45373.38,10240368.98
600519.SH,20210526,2207.98,2241.8,2193.08,2220.0,38604.2,8558038.174
600519.SH,20210525,2085.0,2200.1,2085.0,2194.5,67756.95,14636718.75
600519.SH,20210524,2051.0,2080.06,2031.0,2071.29,32548.08,6705879.397
600519.SH,20210521,2055.08,2079.88,2037.02,2042.1,24248.23,4976601.458
600519.SH,20210520,2074.0,2074.1,2045.36,2058.88,21857.16,4500663.211
600519.SH,20210519,2059.0,2074.81,2040.0,2049.0,22409.72,4606452.358
600519.SH,20210518,2065.0,2077.0,2045.06,2059.31,17504.28,3595891.742
600519.SH,20210517,2025.1,2085.2,2025.1,2057.96,44524.0,9178509.985
600519.SH,20210514,1982.0,2030.5,1976.0,2009.85,35611.29,7150302.044
600519.SH,20210513,1965.75,1985.05,1953.0,1971.5,25077.51,4934954.969
600519.SH,20210512,1949.08,1999.0,1949.0,1984.0,32698.87,6473203.286
600519.SH,20210511,1876.0,1966.0,1873.3,1959.0,42494.12,8209251.914
600519.SH,20210510,1900.0,1909.0,1866.01,1879.03,46003.18,8677753.608
600519.SH,20210507,1965.0,1967.98,1901.0,1903.0,52493.39,10101703.446
600519.SH,20210506,2000.0,2006.84,1953.0,1959.0,53546.14,10584968.907
600519.SH,20210430,2026.0,2036.0,2003.71,2006.78,38401.37,7723747.038
600519.SH,20210429,2047.04,2049.94,2014.0,2026.36,41283.78,8370431.228
600519.SH,20210428,2010.0,2047.5,2003.0,2042.0,81342.95,16463574.637
600519.SH,20210427,2087.08,2095.25,2065.09,2094.44,22107.85,4607779.002
600519.SH,20210426,2132.0,2135.0,2073.6,2077.82,34045.11,7160836.874
600519.SH,20210423,2055.97,2119.88,2052.5,2108.94,33462.77,7002695.288
600519.SH,20210422,2089.9,2099.0,2051.5,2055.5,26850.02,5539295.656
600519.SH,20210421,2076.0,2097.8,2065.1,2080.0,26149.75,5446145.952
600519.SH,20210420,2071.1,2129.0,2070.0,2094.8,28290.37,5949669.953
600519.SH,20210419,2055.0,2098.36,2033.0,2088.0,31753.91,6610577.917
600519.SH,20210416,2025.08,2068.0,2012.0,2054.98,30293.7,6183895.054
600519.SH,20210415,2030.9,2046.9,1990.0,2015.6,34366.21,6903769.49
600519.SH,20210414,2035.0,2048.0,2016.0,2047.0,24114.65,4908790.023
600519.SH,20210413,2020.0,2049.8,2009.0,2021.0,28992.15,5883787.293
600519.SH,20210412,2011.0,2030.0,1991.7,2008.89,31943.07,6409917.318
600519.SH,20210409,2042.0,2054.0,2005.01,2020.0,28808.86,5832453.812
600519.SH,20210408,2047.03,2079.0,2044.0,2070.0,28547.62,5893307.514
600519.SH,20210407,2104.06,2117.3,2050.0,2061.0,40200.97,8317799.925
600519.SH,20210406,2161.0,2161.98,2102.3,2126.03,32741.77,6967525.037
600519.SH,20210402,2056.0,2165.0,2056.0,2162.0,52027.57,10981752.658
600519.SH,20210401,2021.0,2046.8,2001.22,2044.5,26587.63,5379775.87
600519.SH,20210331,2045.1,2046.02,2000.0,2009.0,37154.41,7489086.233
600519.SH,20210330,2040.0,2086.0,2035.08,2056.05,32626.97,6717493.35
600519.SH,20210329,2043.2,2096.35,2026.15,2034.1,56992.2,11740129.413
600519.SH,20210326,1985.0,2022.0,1958.0,2013.0,50016.42,9987629.444
600519.SH,20210325,1970.01,1988.88,1946.8,1971.0,31575.23,6216733.244
600519.SH,20210324,1981.0,2013.0,1981.0,1989.0,29357.39,5857848.16
600519.SH,20210323,1998.88,2008.8,1970.0,1996.0,27446.19,5459520.703
600519.SH,20210322,2000.1,2026.09,1955.55,1989.99,36914.07,7323391.311
600519.SH,20210319,2035.0,2043.0,1992.23,2010.0,35780.77,7211521.835
600519.SH,20210318,2035.0,2086.36,2035.0,2069.7,33864.88,6997030.294
600519.SH,20210317,2000.0,2050.0,1976.01,2030.36,31374.91,6352656.523
600519.SH,20210316,1974.93,2019.99,1965.0,2010.5,34648.5,6918600.717
600519.SH,20210315,2050.0,2069.8,1951.15,1975.45,62484.87,12459955.712
600519.SH,20210312,2070.0,2077.0,2002.01,2026.0,40322.51,8181594.631
600519.SH,20210311,1975.0,2079.99,1961.48,2048.0,56768.97,11521736.384
600519.SH,20210310,1977.0,1999.87,1967.0,1970.01,51171.74,10136910.284
600519.SH,20210309,1955.0,2000.0,1900.18,1936.99,82265.81,16100769.579
600519.SH,20210308,2074.96,2085.0,1960.0,1960.0,63099.59,12724245.99
600519.SH,20210305,2000.0,2095.0,1988.0,2060.11,63779.2,13100315.985
600519.SH,20210304,2095.0,2096.0,2010.1,2033.0,65088.29,13297304.316
600519.SH,20210303,2040.0,2149.77,2033.0,2140.0,54215.46,11366685.429
600519.SH,20210302,2180.0,2180.0,2033.0,2058.0,70764.5,14796698.646
600519.SH,20210301,2179.0,2179.0,2120.0,2158.0,44916.26,9686945.529
600519.SH,20210226,2100.0,2179.95,2067.3,2122.78,66525.06,14097015.494
600519.SH,20210225,2209.0,2224.5,2121.21,2150.0,59726.43,12982145.755
600519.SH,20210224,2307.99,2318.0,2160.5,2189.0,82115.78,18195034.445
600519.SH,20210223,2265.14,2344.89,2265.0,2307.0,57454.6,13316110.795
600519.SH,20210222,2455.0,2455.0,2278.22,2288.02,78935.47,18498777.223
600519.SH,20210219,2451.16,2496.66,2381.6,2460.0,59385.46,14525164.525
600519.SH,20210218,2587.98,2627.88,2465.0,2471.0,65912.32,16704135.269
600519.SH,20210210,2485.0,2601.2,2485.0,2601.0,61370.57,15675929.714
600519.SH,20210209,2368.8,2456.43,2350.0,2456.43,33296.55,7972930.045
600519.SH,20210208,2337.0,2378.88,2313.0,2368.8,35785.73,8420758.625
600519.SH,20210205,2325.0,2364.6,2291.0,2313.0,39729.06,9253566.205
600519.SH,20210204,2191.0,2330.0,2191.0,2320.85,63851.01,14596930.188
600519.SH,20210203,2150.0,2198.27,2140.0,2189.91,38714.15,8384049.314
600519.SH,20210202,2112.22,2149.99,2102.1,2145.0,34582.25,7372233.582
600519.SH,20210201,2130.0,2160.0,2095.0,2109.32,29340.59,6219639.111
600519.SH,20210129,2101.19,2149.48,2090.22,2116.18,33701.33,7166179.277
600519.SH,20210128,2080.0,2109.66,2060.02,2088.0,35128.64,7337084.455
600519.SH,20210127,2141.89,2141.89,2085.0,2089.0,37120.17,7809446.387
600519.SH,20210126,2185.0,2187.0,2125.11,2141.89,31747.46,6820173.362
600519.SH,20210125,2083.0,2179.5,2083.0,2175.0,55957.16,12029474.558
600519.SH,20210122,2069.0,2100.0,2060.1,2079.95,29247.61,6090260.364
600519.SH,20210121,2048.0,2090.02,2041.0,2070.0,38310.17,7953455.967
600519.SH,20210120,2008.0,2055.49,1982.5,2040.63,45082.42,9126453.277
600519.SH,20210119,2073.11,2096.3,2006.85,2009.41,46345.19,9479278.513
600519.SH,20210118,2061.06,2091.48,2040.27,2063.0,39144.04,8076715.79
600519.SH,20210115,2115.0,2134.35,2029.0,2082.0,59509.39,12372103.227
600519.SH,20210114,2156.0,2163.0,2116.11,2134.0,36152.2,7722089.684
600519.SH,20210113,2164.0,2173.33,2135.0,2164.0,34389.93,7418330.854
600519.SH,20210112,2088.0,2160.9,2085.0,2160.9,41058.59,8800558.288
600519.SH,20210111,2090.0,2150.5,2058.6,2099.73,51079.9,10768565.415
600519.SH,20210108,2142.0,2150.88,2063.02,2090.0,53861.64,11345202.869
600519.SH,20210107,2097.0,2140.0,2075.0,2140.0,37931.39,7991178.754
600519.SH,20210106,2064.8,2125.0,2036.03,2100.0,47410.2,9882593.867
600519.SH,20210105,1990.0,2059.45,1982.46,2059.45,52116.05,10592557.37
600519.SH,20210104,1999.98,2004.99,1983.81,1997.0,43514.0,8686920.261
600519.SH,20201231,1941.0,1998.98,1939.0,1998.0,38860.07,7682300.728
600519.SH,20201230,1870.0,1933.0,1869.99,1933.0,34452.1,6604461.376
600519.SH,20201229,1873.0,1886.8,1855.0,1867.0,22867.59,4275994.834
600519.SH,20201228,1826.6,1888.8,1826.05,1873.0,30080.37,5616528.738
600519.SH,20201225,1802.99,1847.0,1800.0,1830.0,23088.05,4218997.634
600519.SH,20201224,1818.0,1858.88,1795.02,1830.34,37857.14,6921989.374
600519.SH,20201223,1897.99,1906.2,1821.02,1841.65,47706.09,8901002.262
600519.SH,20201222,1849.97,1898.99,1842.51,1881.0,40650.6,7618583.444
600519.SH,20201221,1840.0,1851.23,1837.6,1842.5,30696.72,5663526.809
600519.SH,20201218,1851.81,1869.01,1841.08,1845.0,27076.98,5020968.993
600519.SH,20201217,1845.5,1868.0,1840.0,1865.51,36030.64,6683421.886
600519.SH,20201216,1830.5,1845.67,1820.21,1840.0,32150.16,5901298.275
600519.SH,20201215,1833.5,1837.22,1805.0,1816.01,29604.97,5383582.284
600519.SH,20201214,1827.77,1829.98,1815.0,1829.0,33052.0,6026813.428
600519.SH,20201211,1834.78,1837.32,1804.81,1820.0,30775.79,5595359.665
600519.SH,20201210,1840.0,1849.77,1828.0,1832.9,32653.54,6009239.911
600519.SH,20201209,1865.95,1866.0,1839.0,1840.0,31152.12,5766037.609
600519.SH,20201208,1815.0,1875.0,1813.0,1850.0,61454.0,11333352.154
600519.SH,20201207,1802.7,1840.39,1800.55,1812.4,58331.33,10617305.104
600519.SH,20201204,1752.0,1800.1,1752.0,1793.11,62491.19,11176048.847
600519.SH,20201203,1738.01,1755.66,1732.1,1749.0,29505.78,5147357.781
600519.SH,20201202,1746.0,1749.0,1731.0,1738.01,23571.69,4101369.306
600519.SH,20201201,1726.0,1738.99,1720.01,1737.0,28196.2,4891829.153
600519.SH,20201130,1735.0,1738.9,1713.91,1713.91,31940.07,5520322.173
600519.SH,20201127,1732.66,1740.03,1718.0,1737.9,21568.61,3737697.985
600519.SH,20201126,1726.0,1739.99,1725.18,1734.39,23228.3,4027749.313
600519.SH,20201125,1761.5,1768.88,1724.0,1726.88,28226.32,4910540.741
600519.SH,20201124,1769.99,1782.5,1751.47,1763.5,32465.36,5736960.168
600519.SH,20201123,1771.01,1809.9,1771.01,1790.21,66637.24,11926870.595
600519.SH,20201120,1720.0,1736.0,1712.65,1719.96,21874.66,3771894.859
600519.SH,20201119,1684.5,1725.0,1680.6,1720.19,27815.76,4767508.753
600519.SH,20201118,1715.0,1720.53,1683.16,1693.65,35178.95,5973146.815
600519.SH,20201117,1740.0,1742.35,1701.07,1715.8,25224.03,4355288.047
600519.SH,20201116,1711.0,1730.05,1697.26,1730.05,30613.49,5247897.161
600519.SH,20201113,1724.0,1728.88,1691.0,1705.0,28155.48,4791276.459
600519.SH,20201112,1730.01,1750.0,1722.27,1734.79,23473.09,4071729.792
600519.SH,20201111,1745.0,1777.5,1731.0,1731.35,34850.73,6122365.404
600519.SH,20201110,1752.92,1764.48,1736.0,1745.0,30189.44,5287968.173
600519.SH,20201109,1701.38,1750.68,1700.62,1742.57,41469.7,7198679.683
600519.SH,20201106,1730.55,1731.59,1690.0,1700.62,23051.53,3932702.367
600519.SH,20201105,1717.0,1732.48,1712.1,1721.9,23524.14,4053043.271
600519.SH,20201104,1700.0,1704.0,1685.0,1699.58,16443.71,2788396.253
600519.SH,20201103,1684.99,1705.9,1675.5,1695.0,23497.49,3976621.208
600519.SH,20201102,1675.0,1695.0,1672.0,1674.01,21066.43,3544422.245
600519.SH,20201030,1678.0,1696.0,1665.0,1670.02,26055.45,4379602.068
600519.SH,20201029,1654.84,1708.0,1647.0,1676.0,39373.76,6633168.613
600519.SH,20201028,1626.0,1677.0,1625.08,1664.81,34636.53,5739452.181
600519.SH,20201027,1643.0,1644.0,1616.12,1625.0,43944.4,7156688.307
600519.SH,20201026,1619.0,1662.92,1600.0,1643.0,66015.29,10821908.227
600519.SH,20201023,1740.78,1747.59,1714.0,1715.33,19291.69,3339987.454
600519.SH,20201022,1730.0,1745.0,1715.51,1742.5,22480.87,3897729.793
600519.SH,20201021,1734.1,1742.15,1723.0,1733.33,18901.37,3275357.44
600519.SH,20201020,1699.99,1734.97,1695.0,1734.0,27734.93,4787807.536
600519.SH,20201019,1725.0,1733.98,1691.9,1699.0,19226.32,3284383.415
600519.SH,20201016,1725.0,1734.58,1703.0,1712.0,17377.38,2991246.892
600519.SH,20201015,1721.13,1735.0,1721.0,1725.0,16204.36,2801250.556
600519.SH,20201014,1740.0,1746.98,1726.0,1729.0,20481.39,3554316.589
600519.SH,20201013,1750.62,1750.62,1735.0,1739.0,22943.89,3995560.518
600519.SH,20201012,1700.0,1750.61,1700.0,1750.61,43729.04,7597987.786
600519.SH,20201009,1692.0,1706.42,1688.0,1696.0,34239.88,5817280.605
600519.SH,20200930,1660.0,1691.9,1660.0,1668.5,27087.81,4536012.54
600519.SH,20200929,1669.33,1669.4,1652.3,1652.3,17430.78,2895081.366
600519.SH,20200928,1635.19,1668.5,1635.19,1661.0,24232.22,4019640.15
600519.SH,20200925,1630.0,1650.0,1625.0,1635.11,22582.96,3700843.486
600519.SH,20200924,1635.97,1658.88,1626.8,1629.32,30050.78,4915392.273
600519.SH,20200923,1635.0,1666.01,1621.02,1649.98,35725.52,5878691.069
600519.SH,20200922,1650.0,1686.98,1650.0,1665.69,23265.47,3890070.212
600519.SH,20200921,1692.76,1692.76,1666.66,1666.8,22444.07,3756765.108
600519.SH,20200918,1665.0,1695.0,1635.01,1695.0,47201.4,7853673.241
600519.SH,20200917,1700.0,1700.0,1658.0,1670.52,63679.85,10683350.187
600519.SH,20200916,1760.0,1764.81,1719.0,1725.1,22515.98,3916457.762
600519.SH,20200915,1769.99,1769.99,1747.75,1760.0,20820.87,3654872.009
600519.SH,20200914,1745.0,1769.0,1730.58,1766.0,31056.01,5448188.995
600519.SH,20200911,1688.0,1736.0,1688.0,1733.0,31088.0,5339883.408
600519.SH,20200910,1703.74,1720.0,1700.0,1705.8,24778.33,4236694.402
600519.SH,20200909,1699.67,1711.0,1680.04,1688.0,25963.55,4401806.095
600519.SH,20200908,1732.0,1737.8,1677.07,1711.4,34472.38,5865962.724
600519.SH,20200907,1760.0,1777.99,1703.97,1723.5,31112.02,5446354.619
600519.SH,20200904,1766.0,1776.99,1746.0,1770.0,30857.96,5433479.408
600519.SH,20200903,1795.0,1812.0,1779.7,1793.0,30437.35,5471333.88
600519.SH,20200902,1825.0,1828.0,1770.0,1795.0,32009.29,5746351.923
600519.SH,20200901,1792.0,1802.0,1775.01,1801.98,31639.92,5661594.315
600519.SH,20200831,1770.58,1816.0,1770.58,1786.5,47810.36,8608932.57
600519.SH,20200828,1731.0,1764.0,1721.5,1757.0,42299.62,7389242.302
600519.SH,20200827,1731.99,1733.98,1705.0,1731.0,22635.53,3896759.446
600519.SH,20200826,1734.0,1745.0,1715.02,1727.0,26215.73,4530374.186
600519.SH,20200825,1704.8,1746.78,1698.63,1727.0,41872.49,7227309.774
600519.SH,20200824,1700.0,1708.0,1691.01,1696.35,30933.44,5260286.523
600519.SH,20200821,1673.0,1698.0,1671.0,1676.0,25082.41,4217048.42
600519.SH,20200820,1674.0,1679.0,1656.0,1664.0,22382.33,3727183.935
600519.SH,20200819,1700.0,1717.0,1682.99,1687.0,26914.98,4578143.762
600519.SH,20200818,1697.38,1720.0,1691.0,1705.0,30422.81,5192751.797
600519.SH,20200817,1674.0,1704.35,1670.0,1690.0,43572.01,7363610.867
600519.SH,20200814,1639.9,1665.7,1631.0,1661.0,37653.18,6230475.427
600519.SH,20200813,1630.0,1638.88,1609.0,1635.0,20541.34,3341652.186
600519.SH,20200812,1633.0,1641.0,1605.25,1626.95,27933.92,4529267.493
600519.SH,20200811,1640.0,1666.43,1640.0,1642.51,35818.18,5936904.876
600519.SH,20200810,1627.97,1644.96,1608.11,1633.99,23623.54,3857721.122
600519.SH,20200807,1644.77,1649.67,1598.5,1631.0,34242.05,5560065.753
600519.SH,20200806,1670.0,1674.03,1630.0,1637.96,32648.78,5372942.645
600519.SH,20200805,1662.09,1673.09,1643.31,1668.0,25521.69,4236612.469
600519.SH,20200804,1675.0,1682.99,1660.0,1669.99,31940.51,5337185.768
600519.SH,20200803,1686.88,1696.58,1660.0,1668.0,34661.14,5790041.422
600519.SH,20200731,1685.0,1705.0,1646.0,1678.18,40684.74,6846747.33
600519.SH,20200730,1671.2,1700.59,1670.5,1680.0,38373.04,6486855.475
600519.SH,20200729,1690.0,1690.0,1633.0,1672.0,50748.43,8411789.967
600519.SH,20200728,1630.0,1680.0,1630.0,1670.0,54911.52,9133721.867
600519.SH,20200727,1616.01,1629.8,1600.0,1622.55,38788.17,6279664.444
600519.SH,20200724,1654.85,1666.0,1585.0,1595.3,78752.01,12705941.887
600519.SH,20200723,1672.0,1691.0,1650.0,1676.0,34320.52,5739050.333
600519.SH,20200722,1658.0,1710.0,1658.0,1678.08,39201.21,6637265.372
600519.SH,20200721,1646.64,1702.8,1630.99,1668.0,41969.5,7026353.151
600519.SH,20200720,1652.5,1663.99,1588.88,1636.96,45280.33,7363822.989
600519.SH,20200717,1620.0,1672.59,1620.0,1648.05,65902.06,10863420.089
600519.SH,20200716,1729.91,1729.91,1600.0,1614.0,102242.19,16901373.196
600519.SH,20200715,1744.88,1782.6,1744.71,1752.53,40712.94,7176560.649
600519.SH,20200714,1781.99,1782.03,1748.4,1762.0,46093.51,8135834.91
600519.SH,20200713,1714.68,1787.0,1714.68,1781.99,60727.16,10679460.274
600519.SH,20200710,1689.0,1736.6,1688.94,1713.85,37100.44,6352507.468
600519.SH,20200709,1691.0,1712.0,1682.0,1706.0,35033.24,5951732.803
600519.SH,20200708,1680.0,1719.0,1660.0,1681.34,53169.98,8963189.092
600519.SH,20200707,1603.09,1744.82,1601.0,1688.0,66663.93,11219852.098
600519.SH,20200706,1538.0,1616.0,1531.81,1600.0,51821.96,8228068.998
600519.SH,20200703,1550.0,1552.5,1516.88,1541.79,35125.81,5395637.032
600519.SH,20200702,1499.0,1550.9,1495.0,1544.0,45883.72,7014289.615
600519.SH,20200701,1468.0,1506.1,1464.02,1494.27,38682.49,5759640.251
600519.SH,20200630,1463.12,1468.98,1455.12,1462.88,22446.14,3281641.199
600519.SH,20200629,1448.0,1466.0,1437.01,1463.17,28080.61,4064048.236
600519.SH,20200624,1463.6,1465.71,1445.0,1460.01,25138.99,3663537.115
600519.SH,20200623,1435.0,1482.0,1433.52,1474.5,33934.26,4963194.685
600519.SH,20200622,1435.1,1443.89,1433.2,1439.0,23247.0,3343536.637
600519.SH,20200619,1420.0,1445.2,1415.1,1439.84,38958.33,5603232.657
600519.SH,20200618,1404.9,1413.2,1400.1,1413.0,21010.41,2956800.081
600519.SH,20200617,1411.86,1411.9,1395.02,1405.0,19453.07,2730097.12
600519.SH,20200616,1398.5,1414.0,1393.13,1403.88,29206.64,4099718.932
600519.SH,20200615,1402.0,1411.6,1381.0,1383.0,34615.41,4819512.189
600519.SH,20200612,1387.17,1416.37,1383.31,1416.37,28427.42,3992323.389
600519.SH,20200611,1411.01,1417.99,1396.99,1400.46,30711.71,4314846.228
600519.SH,20200610,1425.0,1433.33,1417.0,1423.66,22700.74,3234843.851
600519.SH,20200609,1408.0,1425.0,1400.68,1416.55,22611.91,3199849.66
600519.SH,20200608,1425.0,1435.0,1402.01,1406.1,29300.45,4145298.455
600519.SH,20200605,1405.25,1428.88,1401.08,1425.0,18347.06,2597524.609
600519.SH,20200604,1396.0,1411.0,1396.0,1407.99,18037.41,2534459.742
600519.SH,20200603,1415.0,1417.5,1395.77,1399.3,23557.36,3308382.799
600519.SH,20200602,1416.01,1427.9,1406.66,1410.71,25960.1,3679210.598
600519.SH,20200601,1381.0,1420.1,1381.0,1419.5,35479.76,4986178.912
600519.SH,20200529,1332.1,1369.98,1332.1,1366.6,30444.35,4144247.222
600519.SH,20200528,1337.97,1346.94,1321.13,1344.0,26485.91,3536546.893
600519.SH,20200527,1359.0,1360.0,1333.0,1338.0,26777.41,3596654.307
600519.SH,20200526,1369.88,1369.95,1355.0,1358.0,22470.19,3056188.321
600519.SH,20200525,1330.0,1366.58,1321.0,1362.9,31561.0,4260387.678
600519.SH,20200522,1366.0,1366.1,1322.88,1328.2,34427.46,4608696.074
600519.SH,20200521,1355.0,1371.96,1352.86,1366.1,23051.58,3147105.462
600519.SH,20200520,1346.11,1359.18,1336.81,1351.0,21183.4,2859455.106
600519.SH,20200519,1364.0,1364.0,1338.0,1346.11,24787.46,3342210.487
600519.SH,20200518,1306.0,1351.5,1305.13,1346.21,34362.11,4587989.708
600519.SH,20200515,1329.0,1333.5,1301.88,1313.0,26398.08,3469736.812
600519.SH,20200514,1330.0,1334.88,1325.11,1326.59,18574.92,2467976.357
600519.SH,20200513,1333.0,1337.99,1322.88,1335.95,22014.31,2931464.95
600519.SH,20200512,1318.0,1334.99,1316.0,1333.0,19721.81,2621824.685
600519.SH,20200511,1320.0,1335.0,1313.67,1323.01,23671.19,3135990.964
600519.SH,20200508,1317.0,1338.0,1308.51,1314.61,29078.68,3839218.026
600519.SH,20200507,1299.4,1314.99,1293.0,1312.0,27934.74,3647628.296
600519.SH,20200506,1251.0,1300.0,1250.0,1300.0,35834.81,4598589.768
600519.SH,20200430,1271.0,1285.01,1258.88,1265.7,24660.87,3134408.881
600519.SH,20200429,1277.8,1288.1,1258.0,1274.9,23444.06,2976724.957
600519.SH,20200428,1285.31,1299.94,1271.88,1279.13,34661.9,4458549.425
600519.SH,20200427,1257.0,1278.17,1250.96,1276.0,25903.91,3284513.346
600519.SH,20200424,1248.0,1259.89,1235.18,1250.56,19122.4,2390444.036
600519.SH,20200423,1250.0,1265.68,1247.77,1252.26,26898.51,3377042.463
600519.SH,20200422,1206.0,1249.5,1202.22,1244.5,44034.73,5430377.598
600519.SH,20200421,1221.02,1223.99,1193.0,1200.0,29224.22,3517018.487
600519.SH,20200420,1221.0,1231.5,1216.8,1227.3,24238.64,2963483.323
600519.SH,20200417,1210.0,1234.56,1205.01,1226.0,38245.69,4676618.151
600519.SH,20200416,1192.97,1197.1,1184.1,1197.1,21727.74,2588431.844
600519.SH,20200415,1192.0,1203.99,1187.1,1189.6,29332.29,3501318.26
600519.SH,20200414,1176.0,1191.55,1166.0,1185.1,36799.55,4340858.665
600519.SH,20200413,1165.0,1169.98,1148.5,1162.3,15981.47,1854563.731
600519.SH,20200410,1157.88,1181.5,1153.5,1165.0,27804.34,3252600.672
600519.SH,20200409,1166.0,1169.0,1147.96,1158.5,22816.97,2640230.492
600519.SH,20200408,1152.0,1166.31,1152.0,1159.76,24224.42,2809422.1
600519.SH,20200407,1161.95,1166.5,1148.89,1159.95,43488.0,5041525.481
600519.SH,20200403,1139.03,1147.96,1131.98,1139.79,27617.61,3148421.866
600519.SH,20200402,1104.0,1145.0,1103.88,1145.0,45205.61,5095167.594
600519.SH,20200401,1117.0,1129.0,1103.0,1103.0,33205.35,3700184.247
600519.SH,20200331,1082.0,1115.0,1081.8,1111.0,47984.37,5293170.703
600519.SH,20200330,1060.25,1077.0,1057.0,1072.0,30687.41,3279823.025
600519.SH,20200327,1085.0,1092.0,1075.01,1075.5,36261.12,3931759.353
600519.SH,20200326,1073.33,1091.2,1062.0,1064.92,30048.56,3231754.298
600519.SH,20200325,1087.98,1091.36,1074.2,1080.1,37048.66,4015061.222
600519.SH,20200324,1043.0,1058.88,1035.0,1056.0,46650.96,4900364.144
600519.SH,20200323,1000.0,1035.28,991.52,1019.0,48472.1,4918121.944
600519.SH,20200320,1011.0,1043.0,1011.0,1035.28,60139.19,6169094.444
600519.SH,20200319,993.99,1015.0,960.1,996.0,102265.07,10075880.47
600519.SH,20200318,1040.0,1060.0,1007.99,1007.99,73459.88,7582762.547
600519.SH,20200317,1055.0,1078.0,1011.12,1045.1,79359.12,8277472.787
600519.SH,20200316,1103.98,1107.95,1062.0,1067.0,51232.54,5548946.745
600519.SH,20200313,1090.0,1128.98,1080.0,1112.03,75885.31,8348496.48
600519.SH,20200312,1141.22,1153.0,1125.1,1138.5,36630.63,4172606.105
600519.SH,20200311,1155.5,1169.58,1141.0,1158.52,35547.57,4124607.952
600519.SH,20200310,1113.0,1168.0,1113.0,1156.0,58062.93,6635936.156
600519.SH,20200309,1135.0,1135.0,1111.31,1114.01,43404.09,4865288.5
600519.SH,20200306,1163.0,1176.0,1151.98,1155.5,30641.0,3553622.358
600519.SH,20200305,1136.31,1174.99,1130.56,1171.0,62426.45,7210485.104
600519.SH,20200304,1125.0,1139.0,1116.24,1128.92,53792.99,6080149.243
600519.SH,20200303,1098.0,1118.88,1098.0,1113.0,50250.15,5585227.657
600519.SH,20200302,1050.11,1096.55,1050.01,1086.01,47663.04,5154329.159
600519.SH,20200228,1070.3,1082.0,1049.97,1057.0,49946.57,5307929.213
600519.SH,20200227,1076.0,1094.99,1076.0,1087.39,34498.29,3758783.81
600519.SH,20200226,1062.0,1084.0,1055.0,1073.7,43560.97,4663278.433
600519.SH,20200225,1078.0,1082.09,1067.88,1074.81,38385.62,4127432.13
600519.SH,20200224,1105.5,1110.0,1085.5,1087.18,38650.36,4221857.466
600519.SH,20200221,1111.46,1123.54,1110.01,1112.88,28940.08,3225337.16
600519.SH,20200220,1096.7,1124.0,1095.41,1118.0,46802.62,5220660.94
600519.SH,20200219,1085.0,1101.5,1078.0,1096.5,37051.47,4052365.602
600519.SH,20200218,1090.01,1096.88,1083.0,1084.0,26664.96,2897729.692
600519.SH,20200217,1082.5,1096.19,1082.4,1093.82,27028.22,2946182.657
600519.SH,20200214,1090.45,1093.51,1083.11,1088.0,23287.6,2534568.401
600519.SH,20200213,1098.0,1113.89,1088.01,1091.0,30357.36,3335277.425
600519.SH,20200212,1089.0,1098.79,1085.88,1097.27,28125.43,3072293.973
600519.SH,20200211,1063.0,1099.68,1062.8,1098.0,47917.93,5222918.915
600519.SH,20200210,1062.0,1074.6,1057.2,1066.49,30533.42,3251908.506
600519.SH,20200207,1070.01,1077.0,1061.02,1076.0,31278.71,3348894.576
600519.SH,20200206,1059.43,1075.0,1052.02,1071.0,47171.21,5011246.407
600519.SH,20200205,1050.0,1054.0,1033.03,1049.99,47418.24,4956355.235
600519.SH,20200204,1015.0,1057.0,1011.01,1038.01,62624.18,6490469.043
600519.SH,20200203,985.0,1010.68,980.0,1003.92,123442.88,12314991.759
600519.SH,20200123,1076.0,1076.0,1037.0,1052.8,53468.43,5638945.742
600519.SH,20200122,1070.0,1084.0,1055.38,1075.51,36200.04,3875275.065
600519.SH,20200121,1081.0,1087.0,1072.3,1075.3,32874.05,3542441.308
600519.SH,20200120,1111.86,1111.86,1082.0,1091.0,35391.3,3858246.844
600519.SH,20200117,1110.0,1112.78,1101.01,1107.5,23472.75,2599645.144
600519.SH,20200116,1118.87,1118.87,1102.58,1107.0,23191.65,2571593.141
600519.SH,20200115,1109.01,1121.6,1105.0,1112.13,26029.11,2895603.674
600519.SH,20200114,1124.2,1124.89,1103.0,1107.4,35144.65,3916300.79
600519.SH,20200113,1112.5,1129.2,1112.0,1124.27,38515.75,4325687.959
600519.SH,20200110,1109.0,1115.99,1102.5,1112.5,35975.87,3993457.118
600519.SH,20200109,1094.0,1105.39,1090.0,1102.7,37405.87,4110949.814
600519.SH,20200108,1085.05,1095.5,1082.58,1088.14,25008.25,2720371.915
600519.SH,20200107,1077.5,1099.0,1076.4,1094.53,47853.59,5220697.068
600519.SH,20200106,1070.86,1092.9,1067.3,1077.99,63414.78,6853917.601
600519.SH,20200103,1117.0,1117.0,1076.9,1078.56,130318.78,14266380.596
600519.SH,20200102,1128.0,1145.06,1116.0,1130.0,148099.16,16696837.095
