ts_code,trade_date,close,turnover_rate,turnover_rate_f,pe,pe_ttm,pb,ps,ps_ttm,total_mv,circ_mv
000166.SZ,20260421,4.7,0.2501,0.5807,12.3788,12.3788,1.0546,4.8519,4.8519,11768773.9432,10591688.4385
000166.SZ,20260420,4.74,0.2311,0.5365,12.4841,12.4841,1.0635,4.8932,4.8932,11868933.7214,10681830.4678
000166.SZ,20260417,4.74,0.261,0.6059,12.4841,12.4841,1.0635,4.8932,4.8932,11868933.7214,10681830.4678
000166.SZ,20260416,4.75,0.3114,0.723,12.5105,12.5105,1.0658,4.9035,4.9035,11893973.666,10704365.9751
000166.SZ,20260415,4.75,0.2402,0.5576,12.5105,12.5105,1.0658,4.9035,4.9035,11893973.666,10704365.9751
000166.SZ,20260414,4.77,0.2497,0.5798,12.5631,12.5631,1.0703,4.9241,4.9241,11944053.5551,10749436.9897
000166.SZ,20260413,4.75,0.367,0.8522,12.5105,12.5105,1.0658,4.9035,4.9035,11893973.666,10704365.9751
000166.SZ,20260410,4.72,0.6448,1.4971,12.4314,12.4314,1.0591,4.8725,4.8725,11818853.8323,10636759.4532
000166.SZ,20260409,4.64,0.3333,0.7739,12.2207,12.2207,1.0411,4.7899,4.7899,11618534.2758,10456475.3946
000166.SZ,20260408,4.74,0.4383,1.0177,12.4841,12.4841,1.0635,4.8932,4.8932,11868933.7214,10681830.4678
000166.SZ,20260407,4.62,0.244,0.5665,12.1681,12.1681,1.0366,4.7693,4.7693,11568454.3867,10411404.38
000166.SZ,20260403,4.64,0.2226,0.5169,12.2207,12.2207,1.0411,4.7899,4.7899,11618534.2758,10456475.3946
000166.SZ,20260402,4.67,0.318,0.7384,12.2998,12.2998,1.0478,4.8209,4.8209,11693654.1095,10524081.9166
000166.SZ,20260401,4.74,0.2936,0.6817,12.4841,12.4841,1.0635,4.8932,4.8932,11868933.7214,10681830.4678
000166.SZ,20260331,4.68,0.3294,0.7648,12.3261,12.3261,1.0501,4.8312,4.8312,11718694.0541,10546617.4239
000166.SZ,20260330,4.7,0.3425,0.7953,12.3788,12.3788,1.0546,4.8519,4.8519,11768773.9432,10591688.4385
000166.SZ,20260327,4.73,0.2645,0.7386,22.7301,12.6309,1.0736,4.7883,4.423,11843893.7769,10659294.9605
000166.SZ,20260326,4.69,0.2739,0.7646,22.5379,12.5241,1.0646,4.7478,4.3856,11743733.9986,10569152.9312
000166.SZ,20260325,4.77,0.335,0.9353,22.9223,12.7377,1.0827,4.8288,4.4604,11944053.5551,10749436.9897
000166.SZ,20260324,4.73,0.3377,0.9428,22.7301,12.6309,1.0736,4.7883,4.423,11843893.7769,10659294.9605
000166.SZ,20260323,4.67,0.5901,1.6476,22.4418,12.4707,1.06,4.7276,4.3669,11693654.1095,10524081.9166
000166.SZ,20260320,4.89,0.338,0.9436,23.499,13.0581,1.11,4.9503,4.5726,12244532.8898,11019863.0775
000166.SZ,20260319,4.93,0.4449,1.2423,23.6912,13.1649,1.119,4.9908,4.61,12344692.6681,11110005.1068
000166.SZ,20260318,4.95,0.32,0.8934,23.7873,13.2184,1.1236,5.011,4.6287,12394772.5572,11155076.1214
000166.SZ,20260317,4.98,0.4645,1.297,23.9315,13.2985,1.1304,5.0414,4.6567,12469892.3909,11222682.6434
000166.SZ,20260316,4.95,0.2921,0.8156,23.7873,13.2184,1.1236,5.011,4.6287,12394772.5572,11155076.1214
000166.SZ,20260313,4.93,0.3442,0.9611,23.6912,13.1649,1.119,4.9908,4.61,12344692.6681,11110005.1068
000166.SZ,20260312,4.96,0.4257,1.1886,23.8354,13.2451,1.1258,5.0211,4.638,12419812.5018,11177611.6287
000166.SZ,20260311,4.9,0.2905,0.8111,23.5471,13.0848,1.1122,4.9604,4.5819,12269572.8344,11042398.5848
000166.SZ,20260310,4.88,0.2572,0.718,23.4509,13.0314,1.1077,4.9402,4.5632,12219492.9453,10997327.5702
000166.SZ,20260309,4.85,0.3645,1.0176,23.3068,12.9513,1.1009,4.9098,4.5352,12144373.1116,10929721.0483
000166.SZ,20260306,4.9,0.2998,0.837,23.5471,13.0848,1.1122,4.9604,4.5819,12269572.8344,11042398.5848
000166.SZ,20260305,4.84,0.2754,0.769,23.2587,12.9246,1.0986,4.8997,4.5258,12119333.167,10907185.5409
000166.SZ,20260304,4.81,0.6081,1.6978,23.1146,12.8445,1.0918,4.8693,4.4978,12044213.3334,10839579.019
000166.SZ,20260303,4.95,0.5477,1.5291,23.7873,13.2184,1.1236,5.011,4.6287,12394772.5572,11155076.1214
000166.SZ,20260302,4.97,0.4717,1.3169,23.8834,13.2718,1.1281,5.0313,4.6474,12444852.4463,11200147.1361
000166.SZ,20260227,5.01,0.3729,1.0412,24.0757,13.3786,1.1372,5.0718,4.6848,12545012.2246,11290289.1653
000166.SZ,20260226,5.0,0.394,1.0999,24.0276,13.3519,1.1349,5.0616,4.6754,12519972.28,11267753.658
000166.SZ,20260225,5.04,0.4847,1.3532,24.2198,13.4587,1.144,5.1021,4.7128,12620132.0582,11357895.6873
000166.SZ,20260224,5.01,0.3419,0.9547,24.0757,13.3786,1.1372,5.0718,4.6848,12545012.2246,11290289.1653
000166.SZ,20260213,5.02,0.3397,0.9484,24.1237,13.4053,1.1395,5.0819,4.6941,12570052.1691,11312824.6726
000166.SZ,20260212,5.06,0.2902,0.8102,24.3159,13.5121,1.1485,5.1224,4.7315,12670211.9474,11402966.7019
000166.SZ,20260211,5.09,0.2311,0.6453,24.4601,13.5922,1.1553,5.1527,4.7596,12745331.781,11470573.2238
000166.SZ,20260210,5.1,0.2785,0.7775,24.5082,13.6189,1.1576,5.1629,4.7689,12770371.7256,11493108.7312
000166.SZ,20260209,5.11,0.3218,0.8984,24.5562,13.6456,1.1599,5.173,4.7783,12795411.6702,11515644.2385
000166.SZ,20260206,5.07,0.3294,0.9197,24.364,13.5388,1.1508,5.1325,4.7409,12695251.8919,11425502.2092
000166.SZ,20260205,5.1,0.4268,1.1916,24.5082,13.6189,1.1576,5.1629,4.7689,12770371.7256,11493108.7312
000166.SZ,20260204,5.08,0.4992,1.3938,24.412,13.5655,1.1531,5.1426,4.7502,12720291.8365,11448037.7165
000166.SZ,20260203,5.02,0.5735,1.6012,24.1237,13.4053,1.1395,5.0819,4.6941,12570052.1691,11312824.6726
000166.SZ,20260202,5.03,0.6266,1.7495,24.1718,13.432,1.1417,5.092,4.7035,12595092.1137,11335360.1799
000166.SZ,20260130,5.07,0.6476,1.808,24.364,13.5388,1.1508,5.1325,4.7409,12695251.8919,11425502.2092
000166.SZ,20260129,5.17,0.9331,2.6053,24.8445,13.8058,1.1735,5.2337,4.8344,12945651.3375,11650857.2824
000166.SZ,20260128,5.11,0.7663,2.1395,24.5562,13.6456,1.1599,5.173,4.7783,12795411.6702,11515644.2385
000166.SZ,20260127,5.07,0.5871,1.6392,24.364,13.5388,1.1508,5.1325,4.7409,12695251.8919,11425502.2092
000166.SZ,20260126,5.13,0.7011,1.9575,24.6523,13.699,1.1644,5.1932,4.797,12845491.5593,11560715.2531
000166.SZ,20260123,5.1,0.5505,1.537,24.5082,13.6189,1.1576,5.1629,4.7689,12770371.7256,11493108.7312
000166.SZ,20260122,5.12,0.3712,1.0365,24.6043,13.6723,1.1622,5.1831,4.7876,12820451.6147,11538179.7458
000166.SZ,20260121,5.12,0.4551,1.2706,24.6043,13.6723,1.1622,5.1831,4.7876,12820451.6147,11538179.7458
000166.SZ,20260120,5.17,0.489,1.3652,24.8445,13.8058,1.1735,5.2337,4.8344,12945651.3375,11650857.2824
000166.SZ,20260119,5.14,0.6977,1.948,24.7004,13.7257,1.1667,5.2034,4.8064,12870531.5038,11583250.7604
000166.SZ,20260116,5.18,0.4916,1.3726,24.8926,13.8325,1.1758,5.2439,4.8438,12970691.2821,11673392.7897
000166.SZ,20260115,5.25,0.5884,1.6429,25.229,14.0195,1.1917,5.3147,4.9092,13145970.894,11831141.3409
000166.SZ,20260114,5.34,0.688,1.9208,25.6615,14.2598,1.2121,5.4058,4.9934,13371330.395,12033960.9067
000166.SZ,20260113,5.37,0.537,1.4992,25.8056,14.3399,1.2189,5.4362,5.0214,13446450.2287,12101567.4287
000166.SZ,20260112,5.43,0.6938,1.9371,26.094,14.5001,1.2325,5.4969,5.0775,13596689.8961,12236780.4726
000166.SZ,20260109,5.35,0.5187,1.4483,25.7095,14.2865,1.2144,5.4159,5.0027,13396370.3396,12056496.4141
000166.SZ,20260108,5.32,0.6979,1.9485,25.5654,14.2064,1.2076,5.3856,4.9747,13321250.5059,11988889.8921
000166.SZ,20260107,5.43,0.5265,1.47,26.094,14.5001,1.2325,5.4969,5.0775,13596689.8961,12236780.4726
000166.SZ,20260106,5.49,1.032,2.8814,26.3823,14.6604,1.2461,5.5577,5.1336,13746929.5634,12371993.5165
000166.SZ,20260105,5.29,0.5413,1.5112,25.4212,14.1263,1.2007,5.3552,4.9466,13246130.6722,11921283.3702
000166.SZ,20251231,5.27,0.3081,0.8603,25.3251,14.0729,1.1962,5.335,4.9279,13196050.7831,11876212.3555
000166.SZ,20251230,5.28,0.2798,0.7813,25.3732,14.0996,1.1985,5.3451,4.9373,13221090.7277,11898747.8628
000166.SZ,20251229,5.3,0.3118,0.8704,25.4693,14.153,1.203,5.3653,4.956,13271170.6168,11943818.8775
000166.SZ,20251226,5.32,0.4038,1.1273,25.5654,14.2064,1.2076,5.3856,4.9747,13321250.5059,11988889.8921
000166.SZ,20251225,5.3,0.3174,0.8861,25.4693,14.153,1.203,5.3653,4.956,13271170.6168,11943818.8775
000166.SZ,20251224,5.27,0.2878,0.8036,25.3251,14.0729,1.1962,5.335,4.9279,13196050.7831,11876212.3555
000166.SZ,20251223,5.24,0.2595,0.7246,25.1809,13.9928,1.18,5.3046,4.8999,13120930.9494,11808605.8336
000166.SZ,20251222,5.27,0.2671,0.7456,25.3251,14.0729,1.1868,5.335,4.9279,13196050.7831,11876212.3555
000166.SZ,20251219,5.28,0.3278,0.9151,25.3732,14.0996,1.189,5.3451,4.9373,13221090.7277,11898747.8628
000166.SZ,20251218,5.28,0.3769,1.0523,25.3732,14.0996,1.189,5.3451,4.9373,13221090.7277,11898747.8628
000166.SZ,20251217,5.3,0.495,1.382,25.4693,14.153,1.1935,5.3653,4.956,13271170.6168,11943818.8775
000166.SZ,20251216,5.21,0.2991,0.8351,25.0368,13.9127,1.1733,5.2742,4.8718,13045811.1158,11740999.3116
000166.SZ,20251215,5.25,0.3612,1.0083,25.229,14.0195,1.1823,5.3147,4.9092,13145970.894,11831141.3409
000166.SZ,20251212,5.23,0.3695,1.0316,25.1329,13.9661,1.1778,5.2945,4.8905,13095891.0049,11786070.3263
000166.SZ,20251211,5.19,0.3104,0.8665,24.9407,13.8592,1.1688,5.254,4.8531,12995731.2266,11695928.297
000166.SZ,20251210,5.24,0.3261,0.9106,25.1809,13.9928,1.18,5.3046,4.8999,13120930.9494,11808605.8336
000166.SZ,20251209,5.24,0.4464,1.2462,25.1809,13.9928,1.18,5.3046,4.8999,13120930.9494,11808605.8336
000166.SZ,20251208,5.27,0.7385,2.0617,25.3251,14.0729,1.1868,5.335,4.9279,13196050.7831,11876212.3555
000166.SZ,20251205,5.19,0.5148,1.4374,24.9407,13.8592,1.1688,5.254,4.8531,12995731.2266,11695928.297
000166.SZ,20251204,5.09,0.2517,0.7028,24.4601,13.5922,1.1462,5.1527,4.7596,12745331.781,11470573.2238
000166.SZ,20251203,5.06,0.3247,0.9065,24.3159,13.5121,1.1395,5.1224,4.7315,12670211.9474,11402966.7019
000166.SZ,20251202,5.12,0.288,0.8042,24.6043,13.6723,1.153,5.1831,4.7876,12820451.6147,11538179.7458
000166.SZ,20251201,5.18,0.275,0.7678,24.8926,13.8325,1.1665,5.2439,4.8438,12970691.2821,11673392.7897
000166.SZ,20251128,5.15,0.244,0.6812,24.7484,13.7524,1.1598,5.2135,4.8157,12895571.4484,11605786.2677
000166.SZ,20251127,5.14,0.2464,0.688,24.7004,13.7257,1.1575,5.2034,4.8064,12870531.5038,11583250.7604
000166.SZ,20251126,5.14,0.2878,0.8036,24.7004,13.7257,1.1575,5.2034,4.8064,12870531.5038,11583250.7604
000166.SZ,20251125,5.14,0.2916,0.8141,24.7004,13.7257,1.1575,5.2034,4.8064,12870531.5038,11583250.7604
000166.SZ,20251124,5.14,0.4578,1.2782,24.7004,13.7257,1.1575,5.2034,4.8064,12870531.5038,11583250.7604
000166.SZ,20251121,5.17,0.5724,1.598,24.8445,13.8058,1.1643,5.2337,4.8344,12945651.3375,11650857.2824
000166.SZ,20251120,5.35,0.757,2.1135,25.7095,14.2865,1.2048,5.4159,5.0027,13396370.3396,12056496.4141
000166.SZ,20251119,5.32,0.268,0.7482,25.5654,14.2064,1.198,5.3856,4.9747,13321250.5059,11988889.8921
000166.SZ,20251118,5.32,0.2981,0.8322,25.5654,14.2064,1.198,5.3856,4.9747,13321250.5059,11988889.8921
000166.SZ,20251117,5.35,0.3851,1.0752,25.7095,14.2865,1.2048,5.4159,5.0027,13396370.3396,12056496.4141
000166.SZ,20251114,5.42,0.292,0.8152,26.0459,14.4734,1.2206,5.4868,5.0682,13571649.9515,12214244.9653
000166.SZ,20251113,5.46,0.3877,1.0824,26.2381,14.5802,1.2296,5.5273,5.1056,13671809.7298,12304386.9945
000166.SZ,20251112,5.42,0.4117,1.1495,26.0459,14.4734,1.2206,5.4868,5.0682,13571649.9515,12214244.9653
000166.SZ,20251111,5.47,0.3562,0.9944,26.2862,14.607,1.2318,5.5374,5.1149,13696849.6743,12326922.5019
000166.SZ,20251110,5.53,0.3951,1.1031,26.5745,14.7672,1.2453,5.5982,5.171,13847089.3417,12462135.5457
000166.SZ,20251107,5.47,0.2919,0.815,26.2862,14.607,1.2318,5.5374,5.1149,13696849.6743,12326922.5019
000166.SZ,20251106,5.51,0.4596,1.2833,26.4784,14.7138,1.2408,5.5779,5.1523,13797009.4526,12417064.5311
000166.SZ,20251105,5.45,0.2607,0.728,26.1901,14.5535,1.2273,5.5172,5.0962,13646769.7852,12281851.4872
000166.SZ,20251104,5.46,0.3179,0.8875,26.2381,14.5802,1.2296,5.5273,5.1056,13671809.7298,12304386.9945
000166.SZ,20251103,5.47,0.4139,1.1555,26.2862,14.607,1.2318,5.5374,5.1149,13696849.6743,12326922.5019
000166.SZ,20251031,5.47,0.7062,1.9716,26.2862,14.607,1.2318,5.5374,5.1149,13696849.6743,12326922.5019
000166.SZ,20251030,5.45,0.5051,1.4455,26.1901,18.5248,1.2581,5.5172,5.3403,13646769.7852,12281851.4872
000166.SZ,20251029,5.55,0.5349,1.531,26.6706,18.8647,1.2812,5.6184,5.4382,13897169.2308,12507206.5604
000166.SZ,20251028,5.46,0.3942,1.1283,26.2381,18.5588,1.2604,5.5273,5.3501,13671809.7298,12304386.9945
000166.SZ,20251027,5.52,0.6066,1.7359,26.5265,18.7627,1.2742,5.588,5.4088,13822049.3971,12439600.0384
000166.SZ,20251024,5.46,0.4017,1.1496,26.2381,18.5588,1.2604,5.5273,5.3501,13671809.7298,12304386.9945
000166.SZ,20251023,5.43,0.3681,1.0536,26.094,18.4568,1.2535,5.4969,5.3207,13596689.8961,12236780.4726
000166.SZ,20251022,5.37,0.2661,0.7615,25.8056,18.2529,1.2396,5.4362,5.2619,13446450.2287,12101567.4287
000166.SZ,20251021,5.37,0.4491,1.2852,25.8056,18.2529,1.2396,5.4362,5.2619,13446450.2287,12101567.4287
000166.SZ,20251020,5.32,0.376,1.0762,25.5654,18.0829,1.2281,5.3856,5.2129,13321250.5059,11988889.8921
000166.SZ,20251017,5.34,0.5071,1.4512,25.6615,18.1509,1.2327,5.4058,5.2325,13371330.395,12033960.9067
000166.SZ,20251016,5.45,0.474,1.3565,26.1901,18.5248,1.2581,5.5172,5.3403,13646769.7852,12281851.4872
000166.SZ,20251015,5.44,0.5237,1.4989,26.142,18.4908,1.2558,5.5071,5.3305,13621729.8406,12259315.9799
000166.SZ,20251014,5.38,0.5747,1.6446,25.8537,18.2869,1.2419,5.4463,5.2717,13471490.1733,12124102.936
000166.SZ,20251013,5.36,0.5794,1.6582,25.7576,18.2189,1.2373,5.4261,5.2521,13421410.2842,12079031.9214
000166.SZ,20251010,5.42,0.6624,1.8957,26.0459,18.4228,1.2511,5.4868,5.3109,13571649.9515,12214244.9653
000166.SZ,20251009,5.41,0.5745,1.6442,25.9979,18.3888,1.2488,5.4767,5.3011,13546610.007,12191709.458
000166.SZ,20250930,5.33,0.5014,1.4351,25.6134,18.1169,1.2304,5.3957,5.2227,13346290.4505,12011425.3994
000166.SZ,20250929,5.35,0.9452,2.7051,25.7095,18.1849,1.235,5.4159,5.2423,13396370.3396,12056496.4141
000166.SZ,20250926,5.17,0.2855,0.817,24.8445,17.5731,1.1934,5.2337,5.0659,12945651.3375,11650857.2824
000166.SZ,20250925,5.17,0.2839,0.8124,24.8445,17.5731,1.1934,5.2337,5.0659,12945651.3375,11650857.2824
000166.SZ,20250924,5.2,0.3459,0.9899,24.9887,17.675,1.2004,5.2641,5.0953,13020771.1712,11718463.8043
000166.SZ,20250923,5.15,0.4163,1.1915,24.7484,17.5051,1.1888,5.2135,5.0463,12895571.4484,11605786.2677
000166.SZ,20250922,5.19,0.3234,0.9256,24.9407,17.641,1.1981,5.254,5.0855,12995731.2266,11695928.297
000166.SZ,20250919,5.15,0.363,1.039,24.7484,17.5051,1.1888,5.2135,5.0463,12895571.4484,11605786.2677
000166.SZ,20250918,5.2,0.6418,1.8368,24.9887,17.675,1.2004,5.2641,5.0953,13020771.1712,11718463.8043
000166.SZ,20250917,5.36,0.4288,1.2273,25.7576,18.2189,1.2373,5.4261,5.2521,13421410.2842,12079031.9214
000166.SZ,20250916,5.31,0.4031,1.1535,25.5173,18.0489,1.2258,5.3755,5.2031,13296210.5614,11966354.3848
000166.SZ,20250915,5.3,0.3427,0.9807,25.4693,18.0149,1.2234,5.3653,5.1933,13271170.6168,11943818.8775
000166.SZ,20250912,5.3,0.4625,1.3237,25.4693,18.0149,1.2234,5.3653,5.1933,13271170.6168,11943818.8775
000166.SZ,20250911,5.38,0.6101,1.7461,25.8537,18.2869,1.2419,5.4463,5.2717,13471490.1733,12124102.936
000166.SZ,20250910,5.24,0.3562,1.0194,25.1809,17.811,1.2096,5.3046,5.1345,13120930.9494,11808605.8336
000166.SZ,20250909,5.25,0.4887,1.3986,25.229,17.845,1.2119,5.3147,5.1443,13145970.894,11831141.3409
000166.SZ,20250908,5.27,0.4879,1.3962,25.3251,17.913,1.2165,5.335,5.1639,13196050.7831,11876212.3555
000166.SZ,20250905,5.28,0.4888,1.3988,25.3732,17.947,1.2188,5.3451,5.1737,13221090.7277,11898747.8628
000166.SZ,20250904,5.26,0.5756,1.6474,25.277,17.879,1.2142,5.3248,5.1541,13171010.8386,11853676.8482
000166.SZ,20250903,5.24,0.6067,1.7362,25.1809,17.811,1.2096,5.3046,5.1345,13120930.9494,11808605.8336
000166.SZ,20250902,5.38,0.7218,2.0657,25.8537,18.2869,1.2419,5.4463,5.2717,13471490.1733,12124102.936
000166.SZ,20250901,5.42,0.853,2.4413,26.0459,18.4228,1.2511,5.4868,5.3109,13571649.9515,12214244.9653
000166.SZ,20250829,5.46,1.2679,3.6287,26.2381,23.5706,1.2964,5.5273,5.5726,13671809.7298,12304386.9945
000166.SZ,20250828,5.54,0.6855,1.9619,26.6226,23.9159,1.3154,5.6083,5.6542,13872129.2862,12484671.0531
000166.SZ,20250827,5.48,0.8169,2.338,26.3343,23.6569,1.3012,5.5476,5.593,13721889.6189,12349458.0092
000166.SZ,20250826,5.68,0.4637,1.3271,27.2954,24.5203,1.3487,5.75,5.7971,14222688.5101,12800168.1555
000166.SZ,20250825,5.73,0.8004,2.2906,27.5356,24.7361,1.3605,5.8006,5.8481,14347888.2329,12912845.6921
000166.SZ,20250822,5.69,0.781,2.2352,27.3434,24.5635,1.351,5.7601,5.8073,14247728.4546,12822703.6628
000166.SZ,20250821,5.55,0.479,1.3707,26.6706,23.9591,1.3178,5.6184,5.6644,13897169.2308,12507206.5604
000166.SZ,20250820,5.57,0.6045,1.73,26.7668,24.0454,1.3226,5.6387,5.6848,13947249.1199,12552277.575
000166.SZ,20250819,5.51,0.5276,1.51,26.4784,23.7864,1.3083,5.5779,5.6236,13797009.4526,12417064.5311
000166.SZ,20250818,5.58,0.8668,2.4808,26.8148,24.0886,1.3249,5.6488,5.695,13972289.0645,12574813.0823
000166.SZ,20250815,5.54,0.8857,2.535,26.6226,23.9159,1.3154,5.6083,5.6542,13872129.2862,12484671.0531
000166.SZ,20250814,5.4,0.5936,1.6988,25.9498,23.3115,1.2822,5.4666,5.5113,13521570.0624,12169173.9506
000166.SZ,20250813,5.41,0.5635,1.6126,25.9979,23.3547,1.2846,5.4767,5.5215,13546610.007,12191709.458
000166.SZ,20250812,5.41,0.2994,0.8569,25.9979,23.3547,1.2707,5.4767,5.5215,13546610.007,12191709.458
000166.SZ,20250811,5.39,0.377,1.0791,25.9018,23.2684,1.266,5.4564,5.5011,13496530.1178,12146638.4433
000166.SZ,20250808,5.36,0.2412,0.6902,25.7576,23.1389,1.2589,5.4261,5.4705,13421410.2842,12079031.9214
000166.SZ,20250807,5.38,0.3236,0.9261,25.8537,23.2252,1.2636,5.4463,5.4909,13471490.1733,12124102.936
000166.SZ,20250806,5.34,0.2393,0.685,25.6615,23.0525,1.2542,5.4058,5.4501,13371330.395,12033960.9067
000166.SZ,20250805,5.34,0.3189,0.9127,25.6615,23.0525,1.2542,5.4058,5.4501,13371330.395,12033960.9067
000166.SZ,20250804,5.27,0.3081,0.8818,25.3251,22.7503,1.2378,5.335,5.3786,13196050.7831,11876212.3555
000166.SZ,20250801,5.27,0.3262,0.9334,25.3251,22.7503,1.2378,5.335,5.3786,13196050.7831,11876212.3555
000166.SZ,20250731,5.3,0.4176,1.1952,25.4693,22.8798,1.2448,5.3653,5.4093,13271170.6168,11943818.8775
000166.SZ,20250730,5.42,0.3413,0.9767,26.0459,23.3979,1.273,5.4868,5.5317,13571649.9515,12214244.9653
000166.SZ,20250729,5.46,0.4336,1.2409,26.2381,23.5706,1.2824,5.5273,5.5726,13671809.7298,12304386.9945
000166.SZ,20250728,5.46,0.4214,1.2061,26.2381,23.5706,1.2824,5.5273,5.5726,13671809.7298,12304386.9945
000166.SZ,20250725,5.44,0.4155,1.189,26.142,23.4842,1.2777,5.5071,5.5522,13621729.8406,12259315.9799
000166.SZ,20250724,5.48,0.622,1.78,26.3343,23.6569,1.2871,5.5476,5.593,13721889.6189,12349458.0092
000166.SZ,20250723,5.36,0.5426,1.5529,25.7576,23.1389,1.2589,5.4261,5.4705,13421410.2842,12079031.9214
000166.SZ,20250722,5.38,0.3732,1.0681,25.8537,23.2252,1.2636,5.4463,5.4909,13471490.1733,12124102.936
000166.SZ,20250721,5.35,0.4393,1.2571,25.7095,23.0957,1.2566,5.4159,5.4603,13396370.3396,12056496.4141
000166.SZ,20250718,5.25,0.283,0.8098,25.229,22.664,1.2331,5.3147,5.3582,13145970.894,11831141.3409
000166.SZ,20250717,5.23,0.2806,0.8032,25.1329,22.5777,1.2284,5.2945,5.3378,13095891.0049,11786070.3263
000166.SZ,20250716,5.18,0.4022,1.151,24.8926,22.3618,1.2167,5.2439,5.2868,12970691.2821,11673392.7897
000166.SZ,20250715,5.21,0.4285,1.2263,25.0368,22.4913,1.2237,5.2742,5.3174,13045811.1158,11740999.3116
000166.SZ,20250714,5.22,0.4234,1.2117,25.0848,22.5345,1.2261,5.2843,5.3276,13070851.0603,11763534.819
000166.SZ,20250711,5.28,0.9579,2.7415,25.3732,22.7935,1.2402,5.3451,5.3889,13221090.7277,11898747.8628
000166.SZ,20250710,5.12,0.3756,1.0748,24.6043,22.1028,1.2026,5.1831,5.2256,12820451.6147,11538179.7458
000166.SZ,20250709,5.06,0.3261,0.9332,24.3159,21.8438,1.1885,5.1224,5.1643,12670211.9474,11402966.7019
000166.SZ,20250708,5.06,0.33,0.9445,24.3159,21.8438,1.1885,5.1224,5.1643,12670211.9474,11402966.7019
000166.SZ,20250707,5.02,0.2022,0.5788,24.1237,21.6711,1.1791,5.0819,5.1235,12570052.1691,11312824.6726
000166.SZ,20250704,5.03,0.3527,1.0093,24.1718,21.7143,1.1814,5.092,5.1337,12595092.1137,11335360.1799
000166.SZ,20250703,5.02,0.2717,0.7777,24.1237,21.6711,1.1791,5.0819,5.1235,12570052.1691,11312824.6726
000166.SZ,20250702,4.99,0.2439,0.698,23.9795,21.5416,1.172,5.0515,5.0929,12494932.3354,11245218.1507
000166.SZ,20250701,4.99,0.275,0.7869,23.9795,21.5416,1.172,5.0515,5.0929,12494932.3354,11245218.1507
000166.SZ,20250630,5.02,0.3711,1.0619,24.1237,21.6711,1.1791,5.0819,5.1235,12570052.1691,11312824.6726
000166.SZ,20250627,5.07,0.7154,2.0474,24.364,21.8869,1.1908,5.1325,5.1745,12695251.8919,11425502.2092
000166.SZ,20250626,5.06,0.5979,1.7112,24.3159,21.8438,1.1885,5.1224,5.1643,12670211.9474,11402966.7019
000166.SZ,20250625,5.09,0.9612,2.7509,24.4601,21.9733,1.1955,5.1527,5.1949,12745331.781,11470573.2238
000166.SZ,20250624,4.93,0.5422,1.5518,23.6912,21.2826,1.1579,4.9908,5.0316,12344692.6681,11110005.1068
000166.SZ,20250623,4.86,0.3407,0.9752,23.3548,20.9804,1.1415,4.9199,4.9602,12169413.0562,10952256.5556
000166.SZ,20250620,4.78,0.2656,0.7603,22.9704,20.635,1.1227,4.8389,4.8785,11969093.4997,10771972.497
000166.SZ,20250619,4.78,0.3037,0.8692,22.9704,20.635,1.1227,4.8389,4.8785,11969093.4997,10771972.497
000166.SZ,20250618,4.83,0.2865,0.8199,23.2107,20.8509,1.1345,4.8895,4.9296,12094293.2225,10884650.0336
000166.SZ,20250617,4.9,0.2515,0.7198,23.5471,21.1531,1.1509,4.9604,5.001,12269572.8344,11042398.5848
000166.SZ,20250616,4.88,0.2367,0.6774,23.4509,21.0667,1.1462,4.9402,4.9806,12219492.9453,10997327.5702
000166.SZ,20250613,4.85,0.3008,0.8609,23.3068,20.9372,1.1392,4.9098,4.95,12144373.1116,10929721.0483
000166.SZ,20250612,4.88,0.2507,0.7176,23.4509,21.0667,1.1462,4.9402,4.9806,12219492.9453,10997327.5702
000166.SZ,20250611,4.9,0.4583,1.3117,23.5471,21.1531,1.1509,4.9604,5.001,12269572.8344,11042398.5848
000166.SZ,20250610,4.83,0.2979,0.8525,23.2107,20.8509,1.1345,4.8895,4.9296,12094293.2225,10884650.0336
000166.SZ,20250609,4.88,0.4041,1.1565,23.4509,21.0667,1.1462,4.9402,4.9806,12219492.9453,10997327.5702
000166.SZ,20250606,4.8,0.2089,0.5979,23.0665,20.7214,1.1274,4.8592,4.899,12019173.3888,10817043.5117
000166.SZ,20250605,4.86,0.2992,0.8564,23.3548,20.9804,1.1415,4.9199,4.9602,12169413.0562,10952256.5556
000166.SZ,20250604,4.83,0.3173,0.908,23.2107,20.8509,1.1345,4.8895,4.9296,12094293.2225,10884650.0336
000166.SZ,20250603,4.79,0.3292,0.9422,23.0184,20.6782,1.1251,4.849,4.8888,11994133.4442,10794508.0044
000166.SZ,20250530,4.73,0.2612,0.7474,22.7301,20.4192,1.111,4.7883,4.8275,11843893.7769,10659294.9605
000166.SZ,20250529,4.71,0.2037,0.5829,22.634,20.3328,1.1063,4.7681,4.8071,11793813.8878,10614223.9458
000166.SZ,20250528,4.67,0.1438,0.4115,22.4418,20.1602,1.0969,4.7276,4.7663,11693654.1095,10524081.9166
000166.SZ,20250527,4.69,0.158,0.4523,22.5379,20.2465,1.1016,4.7478,4.7867,11743733.9986,10569152.9312
000166.SZ,20250526,4.67,0.159,0.455,22.4418,20.1602,1.0969,4.7276,4.7663,11693654.1095,10524081.9166
000166.SZ,20250523,4.69,0.236,0.6755,22.5379,20.2465,1.1016,4.7478,4.7867,11743733.9986,10569152.9312
000166.SZ,20250522,4.74,0.1759,0.5034,22.7782,20.4624,1.1133,4.7984,4.8377,11868933.7214,10681830.4678
000166.SZ,20250521,4.78,0.1808,0.5175,22.9704,20.635,1.1227,4.8389,4.8785,11969093.4997,10771972.497
000166.SZ,20250520,4.77,0.1973,0.5647,22.9223,20.5919,1.1204,4.8288,4.8683,11944053.5551,10749436.9897
000166.SZ,20250519,4.76,0.1895,0.5424,22.8743,20.5487,1.118,4.8187,4.8581,11919013.6106,10726901.4824
000166.SZ,20250516,4.75,0.3188,0.9125,22.8262,20.5055,1.1157,4.8086,4.8479,11893973.666,10704365.9751
000166.SZ,20250515,4.84,0.2978,0.8522,23.2587,20.8941,1.1368,4.8997,4.9398,12119333.167,10907185.5409
000166.SZ,20250514,4.92,0.5547,1.5876,23.6432,21.2394,1.1556,4.9806,5.0214,12319652.7235,11087469.5995
000166.SZ,20250513,4.8,0.2048,0.5862,23.0665,20.7214,1.1274,4.8592,4.899,12019173.3888,10817043.5117
000166.SZ,20250512,4.81,0.2827,0.809,23.1146,20.7645,1.1298,4.8693,4.9092,12044213.3334,10839579.019
000166.SZ,20250509,4.74,0.1977,0.5659,22.7782,20.4624,1.1133,4.7984,4.8377,11868933.7214,10681830.4678
000166.SZ,20250508,4.78,0.2272,0.6504,22.9704,20.635,1.1227,4.8389,4.8785,11969093.4997,10771972.497
000166.SZ,20250507,4.77,0.3683,1.054,22.9223,20.5919,1.1204,4.8288,4.8683,11944053.5551,10749436.9897
000166.SZ,20250506,4.76,0.3018,0.8638,22.8743,20.5487,1.118,4.8187,4.8581,11919013.6106,10726901.4824
000166.SZ,20250430,4.72,0.1894,0.4397,22.6821,20.376,1.1086,4.7782,4.8173,11818853.8323,10636759.4532
000166.SZ,20250429,4.69,0.2008,0.4663,22.5379,22.5379,1.1208,4.7478,4.7478,11743733.9986,10569152.9312
000166.SZ,20250428,4.72,0.2123,0.4929,22.6821,22.6821,1.1279,4.7782,4.7782,11818853.8323,10636759.4532
000166.SZ,20250425,4.74,0.2179,0.5059,22.7782,22.7782,1.1327,4.7984,4.7984,11868933.7214,10681830.4678
000166.SZ,20250424,4.72,0.1916,0.4448,22.6821,22.6821,1.1279,4.7782,4.7782,11818853.8323,10636759.4532
000166.SZ,20250423,4.71,0.2262,0.5252,22.634,22.634,1.1255,4.7681,4.7681,11793813.8878,10614223.9458
000166.SZ,20250422,4.73,0.1884,0.4374,22.7301,22.7301,1.1303,4.7883,4.7883,11843893.7769,10659294.9605
000166.SZ,20250421,4.73,0.1658,0.385,22.7301,22.7301,1.1303,4.7883,4.7883,11843893.7769,10659294.9605
000166.SZ,20250418,4.73,0.2043,0.4744,22.7301,22.7301,1.1303,4.7883,4.7883,11843893.7769,10659294.9605
000166.SZ,20250417,4.69,0.2094,0.4862,22.5379,22.5379,1.1208,4.7478,4.7478,11743733.9986,10569152.9312
000166.SZ,20250416,4.68,0.2685,0.6235,22.4898,22.4898,1.1184,4.7377,4.7377,11718694.0541,10546617.4239
000166.SZ,20250415,4.69,0.1987,0.4614,22.5379,22.5379,1.1208,4.7478,4.7478,11743733.9986,10569152.9312
000166.SZ,20250414,4.71,0.2333,0.5416,22.634,22.634,1.1255,4.7681,4.7681,11793813.8878,10614223.9458
000166.SZ,20250411,4.69,0.2722,0.6321,22.5379,22.5379,1.1208,4.7478,4.7478,11743733.9986,10569152.9312
000166.SZ,20250410,4.72,0.4059,0.9424,22.6821,22.6821,1.1279,4.7782,4.7782,11818853.8323,10636759.4532
000166.SZ,20250409,4.63,0.5228,1.2138,22.2496,22.2496,1.1064,4.6871,4.6871,11593494.3313,10433939.8873
000166.SZ,20250408,4.58,0.6006,1.3946,22.0093,22.0093,1.0945,4.6365,4.6365,11468294.6085,10321262.3507
000166.SZ,20250407,4.47,0.774,1.7972,21.4807,21.4807,1.0682,4.5251,4.5251,11192855.2183,10073371.7703
000166.SZ,20250403,4.96,0.31,0.7198,23.8354,23.8354,1.1853,5.0211,5.0211,12419812.5018,11177611.6287
000166.SZ,20250402,4.95,0.2464,0.572,23.7873,23.7873,1.1829,5.011,5.011,12394772.5572,11155076.1214
000166.SZ,20250401,4.93,0.3043,0.7064,23.6912,23.6912,1.1781,4.9908,4.9908,12344692.6681,11110005.1068
000166.SZ,20250331,4.93,0.4248,0.9863,23.6912,23.6912,1.1781,4.9908,4.9908,12344692.6681,11110005.1068
000166.SZ,20250328,5.09,0.3152,0.7319,27.6691,31.0195,1.2414,5.9279,5.6211,12745331.781,11470573.2238
000166.SZ,20250327,5.07,0.2632,0.6112,27.5604,30.8976,1.2365,5.9046,5.599,12695251.8919,11425502.2092
000166.SZ,20250326,5.05,0.2207,0.5125,27.4517,30.7757,1.2317,5.8813,5.5769,12645172.0028,11380431.1946
000166.SZ,20250325,5.01,0.2215,0.5142,27.2342,30.532,1.2219,5.8347,5.5327,12545012.2246,11290289.1653
000166.SZ,20250324,5.01,0.3162,0.7341,27.2342,30.532,1.2219,5.8347,5.5327,12545012.2246,11290289.1653
000166.SZ,20250321,5.03,0.3196,0.7422,27.3429,30.6539,1.2268,5.858,5.5548,12595092.1137,11335360.1799
000166.SZ,20250320,5.11,0.2093,0.486,27.7778,31.1414,1.2463,5.9512,5.6432,12795411.6702,11515644.2385
000166.SZ,20250319,5.14,0.229,0.5316,27.9409,31.3242,1.2536,5.9861,5.6763,12870531.5038,11583250.7604
000166.SZ,20250318,5.14,0.2518,0.5846,27.9409,31.3242,1.2536,5.9861,5.6763,12870531.5038,11583250.7604
000166.SZ,20250317,5.14,0.3216,0.7467,27.9409,31.3242,1.2536,5.9861,5.6763,12870531.5038,11583250.7604
000166.SZ,20250314,5.17,0.6215,1.443,28.104,31.507,1.2609,6.021,5.7094,12945651.3375,11650857.2824
000166.SZ,20250313,5.04,0.2695,0.6257,27.3973,30.7148,1.2292,5.8696,5.5659,12620132.0582,11357895.6873
000166.SZ,20250312,5.06,0.3624,0.8415,27.506,30.8367,1.2341,5.8929,5.588,12670211.9474,11402966.7019
000166.SZ,20250311,5.05,0.3172,0.7364,27.4517,30.7757,1.2317,5.8813,5.5769,12645172.0028,11380431.1946
000166.SZ,20250310,5.04,0.2762,0.6412,27.3973,30.7148,1.2292,5.8696,5.5659,12620132.0582,11357895.6873
000166.SZ,20250307,5.08,0.4009,0.9308,27.6147,30.9586,1.239,5.9162,5.61,12720291.8365,11448037.7165
000166.SZ,20250306,5.2,0.5094,1.1829,28.2671,31.6899,1.2682,6.056,5.7426,13020771.1712,11718463.8043
000166.SZ,20250305,5.12,0.2759,0.6406,27.8322,31.2023,1.2487,5.9628,5.6542,12820451.6147,11538179.7458
000166.SZ,20250304,5.11,0.3025,0.7025,27.7778,31.1414,1.2463,5.9512,5.6432,12795411.6702,11515644.2385
000166.SZ,20250303,5.07,0.4045,0.9393,27.5604,30.8976,1.2365,5.9046,5.599,12695251.8919,11425502.2092
000166.SZ,20250228,5.1,0.5662,1.3147,27.7235,31.0805,1.2439,5.9395,5.6321,12770371.7256,11493108.7312
000166.SZ,20250227,5.27,0.6218,1.4438,28.6476,32.1165,1.2853,6.1375,5.8199,13196050.7831,11876212.3555
000166.SZ,20250226,5.24,0.4384,1.0179,28.4845,31.9336,1.278,6.1026,5.7867,13120930.9494,11808605.8336
000166.SZ,20250225,5.15,0.2601,0.6038,27.9953,31.3852,1.256,5.9978,5.6874,12895571.4484,11605786.2677
000166.SZ,20250224,5.18,0.3247,0.8405,28.1583,31.568,1.2634,6.0327,5.7205,12970691.2821,11673392.7897
000166.SZ,20250221,5.22,0.4972,1.2868,28.3758,31.8118,1.2731,6.0793,5.7647,13070851.0603,11763534.819
000166.SZ,20250220,5.13,0.2629,0.6804,27.8865,31.2633,1.2512,5.9745,5.6653,12845491.5593,11560715.2531
000166.SZ,20250219,5.17,0.3373,0.8731,28.104,31.507,1.2609,6.021,5.7094,12945651.3375,11650857.2824
000166.SZ,20250218,5.12,0.3381,0.875,27.8322,31.2023,1.2487,5.9628,5.6542,12820451.6147,11538179.7458
000166.SZ,20250217,5.23,0.5556,1.438,28.4301,31.8727,1.2756,6.0909,5.7757,13095891.0049,11786070.3263
000166.SZ,20250214,5.17,0.2296,0.5941,28.104,31.507,1.2609,6.021,5.7094,12945651.3375,11650857.2824
000166.SZ,20250213,5.16,0.357,0.924,28.0496,31.4461,1.2585,6.0094,5.6984,12920611.393,11628321.7751
000166.SZ,20250212,5.19,0.3051,0.7898,28.2127,31.6289,1.2658,6.0443,5.7315,12995731.2266,11695928.297
000166.SZ,20250211,5.13,0.256,0.6625,27.8865,31.2633,1.2512,5.9745,5.6653,12845491.5593,11560715.2531
000166.SZ,20250210,5.18,0.3002,0.7771,28.1583,31.568,1.2634,6.0327,5.7205,12970691.2821,11673392.7897
000166.SZ,20250207,5.15,0.5785,1.4974,27.9953,31.3852,1.256,5.9978,5.6874,12895571.4484,11605786.2677
000166.SZ,20250206,5.06,0.4499,1.1646,27.506,30.8367,1.2341,5.8929,5.588,12670211.9474,11402966.7019
000166.SZ,20250205,5.03,0.2719,0.7038,27.3429,30.6539,1.2268,5.858,5.5548,12595092.1137,11335360.1799
000166.SZ,20250127,5.01,0.2991,0.7741,27.2342,30.532,1.2219,5.8347,5.5327,12545012.2246,11290289.1653
000166.SZ,20250124,5.09,0.3565,0.9226,27.6691,31.0195,1.2414,5.9279,5.6211,12745331.781,11470573.2238
000166.SZ,20250123,5.11,0.4088,1.058,27.7778,31.1414,1.2463,5.9512,5.6432,12795411.6702,11515644.2385
000166.SZ,20250122,5.07,0.2416,0.6254,27.5604,30.8976,1.2365,5.9046,5.599,12695251.8919,11425502.2092
000166.SZ,20250121,5.08,0.208,0.5382,27.6147,30.9586,1.239,5.9162,5.61,12720291.8365,11448037.7165
000166.SZ,20250120,5.07,0.2411,0.6241,27.5604,30.8976,1.2365,5.9046,5.599,12695251.8919,11425502.2092
000166.SZ,20250117,5.07,0.2137,0.5531,27.5604,30.8976,1.2365,5.9046,5.599,12695251.8919,11425502.2092
000166.SZ,20250116,5.06,0.2875,0.7442,27.506,30.8367,1.2341,5.8929,5.588,12670211.9474,11402966.7019
000166.SZ,20250115,5.1,0.4013,1.0386,27.7235,31.0805,1.2439,5.9395,5.6321,12770371.7256,11493108.7312
000166.SZ,20250114,5.04,0.4385,1.135,27.3973,30.7148,1.2292,5.8696,5.5659,12620132.0582,11357895.6873
000166.SZ,20250113,4.92,0.2669,0.6909,26.745,29.9835,1.2,5.7299,5.4334,12319652.7235,11087469.5995
000166.SZ,20250110,4.87,0.2556,0.6616,26.4732,29.6788,1.1878,5.6717,5.3781,12194453.0007,10974792.0629
000166.SZ,20250109,4.92,0.2759,0.714,26.745,29.9835,1.2,5.7299,5.4334,12319652.7235,11087469.5995
000166.SZ,20250108,5.01,0.3803,0.9844,27.2342,30.532,1.2219,5.8347,5.5327,12545012.2246,11290289.1653
000166.SZ,20250107,5.03,0.2822,0.7305,27.3429,30.6539,1.2268,5.858,5.5548,12595092.1137,11335360.1799
000166.SZ,20250106,4.98,0.3442,0.891,27.0711,30.3492,1.2146,5.7998,5.4996,12469892.3909,11222682.6434
000166.SZ,20250103,4.97,0.4268,1.1048,27.0168,30.2882,1.2121,5.7881,5.4886,12444852.4463,11200147.1361
000166.SZ,20250102,5.06,0.757,1.9593,27.506,30.8367,1.2341,5.8929,5.588,12670211.9474,11402966.7019
000166.SZ,20241231,5.35,0.5408,1.3997,29.0825,32.604,1.3048,6.2307,5.9082,13396370.3396,12056496.4141
000166.SZ,20241230,5.59,0.4888,1.2652,30.3871,34.0666,1.3634,6.5102,6.1733,13997329.009,12597348.5896
000166.SZ,20241227,5.53,0.7859,2.0341,30.0609,33.701,1.3487,6.4403,6.107,13847089.3417,12462135.5457
000166.SZ,20241226,5.43,0.3109,0.8047,29.5173,33.0915,1.3243,6.3238,5.9966,13596689.8961,12236780.4726
000166.SZ,20241225,5.49,0.3224,0.8344,29.8435,33.4572,1.339,6.3937,6.0628,13746929.5634,12371993.5165
000166.SZ,20241224,5.49,0.5157,1.3348,29.8435,33.4572,1.339,6.3937,6.0628,13746929.5634,12371993.5165
000166.SZ,20241223,5.36,0.3142,0.8133,29.1368,32.6649,1.3073,6.2423,5.9193,13421410.2842,12079031.9214
000166.SZ,20241220,5.41,0.3002,0.777,29.4086,32.9697,1.3195,6.3006,5.9745,13546610.007,12191709.458
000166.SZ,20241219,5.37,0.3186,0.8247,29.1912,32.7259,1.3097,6.254,5.9303,13446450.2287,12101567.4287
000166.SZ,20241218,5.38,0.3679,0.9523,29.2455,32.7868,1.3121,6.2656,5.9413,13471490.1733,12124102.936
000166.SZ,20241217,5.37,0.3267,0.8456,29.1912,32.7259,1.3043,6.254,5.9303,13446450.2287,12101567.4287
000166.SZ,20241216,5.38,0.3384,0.8759,29.2455,32.7868,1.3067,6.2656,5.9413,13471490.1733,12124102.936
000166.SZ,20241213,5.44,0.5648,1.4619,29.5717,33.1525,1.3213,6.3355,6.0076,13621729.8406,12259315.9799
000166.SZ,20241212,5.58,0.4781,1.2374,30.3327,34.0057,1.3553,6.4985,6.1622,13972289.0645,12574813.0823
000166.SZ,20241211,5.51,0.3797,0.9827,29.9522,33.5791,1.3383,6.417,6.0849,13797009.4526,12417064.5311
000166.SZ,20241210,5.48,0.6704,1.7352,29.7891,33.3963,1.331,6.3821,6.0518,13721889.6189,12349458.0092
000166.SZ,20241209,5.45,0.3832,0.9918,29.6261,33.2134,1.3237,6.3471,6.0187,13646769.7852,12281851.4872
000166.SZ,20241206,5.52,0.5045,1.3058,30.0066,33.64,1.3407,6.4287,6.096,13822049.3971,12439600.0384
000166.SZ,20241205,5.43,0.3428,0.8873,29.5173,33.0915,1.3189,6.3238,5.9966,13596689.8961,12236780.4726
000166.SZ,20241204,5.38,0.3325,0.8606,29.2455,32.7868,1.3067,6.2656,5.9413,13471490.1733,12124102.936
000166.SZ,20241203,5.44,0.3924,1.0156,29.5717,33.1525,1.3213,6.3355,6.0076,13621729.8406,12259315.9799
000166.SZ,20241202,5.44,0.492,1.2734,29.5717,33.1525,1.3213,6.3355,6.0076,13621729.8406,12259315.9799
000166.SZ,20241129,5.36,0.6371,1.649,29.1368,32.6649,1.3019,6.2423,5.9193,13421410.2842,12079031.9214
000166.SZ,20241128,5.31,0.3044,0.7878,28.865,32.3602,1.2897,6.1841,5.864,13296210.5614,11966354.3848
000166.SZ,20241127,5.35,0.3624,0.9381,29.0825,32.604,1.2994,6.2307,5.9082,13396370.3396,12056496.4141
000166.SZ,20241126,5.27,0.2867,0.7421,28.6476,32.1165,1.28,6.1375,5.8199,13196050.7831,11876212.3555
000166.SZ,20241125,5.27,0.3877,1.0034,28.6476,32.1165,1.28,6.1375,5.8199,13196050.7831,11876212.3555
000166.SZ,20241122,5.28,0.4941,1.2788,28.7019,32.1774,1.2824,6.1492,5.8309,13221090.7277,11898747.8628
000166.SZ,20241121,5.52,0.3783,0.9792,30.0066,33.64,1.3407,6.4287,6.096,13822049.3971,12439600.0384
000166.SZ,20241120,5.49,0.3561,0.9216,29.8435,33.4572,1.3334,6.3937,6.0628,13746929.5634,12371993.5165
000166.SZ,20241119,5.51,0.4484,1.1605,29.9522,33.5791,1.3383,6.417,6.0849,13797009.4526,12417064.5311
000166.SZ,20241118,5.44,0.6006,1.5545,29.5717,33.1525,1.3213,6.3355,6.0076,13621729.8406,12259315.9799
000166.SZ,20241115,5.44,0.6893,1.784,29.5717,33.1525,1.3213,6.3355,6.0076,13621729.8406,12259315.9799
000166.SZ,20241114,5.66,0.5928,1.5344,30.7676,34.4932,1.3747,6.5917,6.2506,14172608.621,12755097.1409
000166.SZ,20241113,5.69,0.5827,1.5082,30.9307,34.676,1.382,6.6266,6.2837,14247728.4546,12822703.6628
000166.SZ,20241112,5.68,0.7216,1.8677,30.8763,34.6151,1.3796,6.615,6.2727,14222688.5101,12800168.1555
000166.SZ,20241111,5.8,0.8414,2.1778,31.5286,35.3464,1.4087,6.7548,6.4052,14523167.8448,13070594.2433
000166.SZ,20241108,5.85,1.1752,3.0418,31.8004,35.6511,1.4209,6.813,6.4604,14648367.5676,13183271.7799
000166.SZ,20241107,5.99,1.4771,3.8231,32.5615,36.5043,1.4549,6.976,6.615,14998926.7914,13498768.8823
000166.SZ,20241106,5.66,1.2824,3.3192,30.7676,34.4932,1.3747,6.5917,6.2506,14172608.621,12755097.1409
000166.SZ,20241105,5.69,1.294,3.3493,30.9307,34.676,1.382,6.6266,6.2837,14247728.4546,12822703.6628
000166.SZ,20241104,5.51,0.9404,2.4341,29.9522,33.5791,1.3383,6.417,6.0849,13797009.4526,12417064.5311
000166.SZ,20241101,5.29,0.772,1.998,28.7563,32.2384,1.2849,6.1608,5.842,13246130.6722,11921283.3702
000166.SZ,20241031,5.33,1.0104,2.6152,28.9737,32.4821,1.2946,6.2074,5.8861,13346290.4505,12011425.3994
000166.SZ,20241030,5.23,0.4866,1.2593,28.4301,43.8477,1.2858,6.0909,6.5033,13095891.0049,11786070.3263
000166.SZ,20241029,5.23,0.6887,1.7825,28.4301,43.8477,1.2858,6.0909,6.5033,13095891.0049,11786070.3263
000166.SZ,20241028,5.32,0.5108,1.322,28.9194,44.6022,1.3079,6.1957,6.6153,13321250.5059,11988889.8921
000166.SZ,20241025,5.3,0.6306,1.6322,28.8107,44.4345,1.303,6.1724,6.5904,13271170.6168,11943818.8775
000166.SZ,20241024,5.26,0.5318,1.3764,28.5932,44.0992,1.2932,6.1259,6.5406,13171010.8386,11853676.8482
000166.SZ,20241023,5.29,0.8839,2.2877,28.7563,44.3507,1.3005,6.1608,6.578,13246130.6722,11921283.3702
000166.SZ,20241022,5.28,0.63,1.6305,28.7019,44.2669,1.2981,6.1492,6.5655,13221090.7277,11898747.8628
000166.SZ,20241021,5.25,0.9689,2.5077,28.5389,44.0154,1.2907,6.1142,6.5282,13145970.894,11831141.3409
000166.SZ,20241018,5.35,1.5708,4.0657,29.0825,44.8537,1.3153,6.2307,6.6526,13396370.3396,12056496.4141
000166.SZ,20241017,5.1,0.8314,2.152,27.7235,42.7578,1.2538,5.9395,6.3417,12770371.7256,11493108.7312
000166.SZ,20241016,5.13,0.7111,1.8405,27.8865,43.0093,1.2612,5.9745,6.379,12845491.5593,11560715.2531
000166.SZ,20241015,5.14,0.7418,1.9199,27.9409,43.0931,1.2637,5.9861,6.3914,12870531.5038,11583250.7604
000166.SZ,20241014,5.32,1.1351,2.938,28.9194,44.6022,1.3079,6.1957,6.6153,13321250.5059,11988889.8921
000166.SZ,20241011,5.35,1.1528,2.9836,29.0825,44.8537,1.3153,6.2307,6.6526,13396370.3396,12056496.4141
000166.SZ,20241010,5.5,1.7754,4.5953,29.8979,46.1113,1.3522,6.4054,6.8391,13771969.508,12394529.0238
000166.SZ,20241009,5.67,3.4827,9.0143,30.822,47.5366,1.394,6.6034,7.0505,14197648.5655,12777632.6482
000166.SZ,20241008,6.29,0.5982,1.5483,34.1923,52.7346,1.5464,7.3254,7.8214,15750125.1282,14174834.1018
000166.SZ,20240930,5.72,2.1925,5.6747,31.0938,47.9558,1.4063,6.6616,7.1126,14322848.2883,12890310.1848
000166.SZ,20240927,5.2,1.2492,3.2332,28.2671,43.5962,1.2784,6.056,6.466,13020771.1712,11718463.8043
000166.SZ,20240926,4.84,0.7477,1.9352,26.3101,40.578,1.1899,5.6367,6.0184,12119333.167,10907185.5409
000166.SZ,20240925,4.65,0.7586,1.9633,25.2773,38.985,1.1432,5.4154,5.7821,11643574.2204,10479010.9019
000166.SZ,20240924,4.52,0.6357,1.6453,24.5706,37.8951,1.1112,5.264,5.6205,11318054.9411,10186049.3068
000166.SZ,20240923,4.24,0.1981,0.5128,23.0485,35.5476,1.0424,4.938,5.2723,10616936.4934,9555055.102
000166.SZ,20240920,4.24,0.259,0.6705,23.0485,35.5476,1.0424,4.938,5.2723,10616936.4934,9555055.102
000166.SZ,20240919,4.23,0.2472,0.6398,22.9942,35.4638,1.0399,4.9263,5.2599,10591896.5489,9532519.5947
000166.SZ,20240918,4.2,0.1896,0.4906,22.8311,35.2123,1.0326,4.8914,5.2226,10516776.7152,9464913.0727
000166.SZ,20240913,4.23,0.1724,0.4463,22.9942,35.4638,1.0399,4.9263,5.2599,10591896.5489,9532519.5947
000166.SZ,20240912,4.23,0.1544,0.3996,22.9942,35.4638,1.0399,4.9263,5.2599,10591896.5489,9532519.5947
000166.SZ,20240911,4.25,0.1785,0.4619,23.1029,35.6315,1.0449,4.9496,5.2847,10641976.438,9577590.6093
000166.SZ,20240910,4.31,0.2202,0.5699,23.429,36.1345,1.0596,5.0195,5.3594,10792216.1054,9712803.6532
000166.SZ,20240909,4.35,0.2706,0.7003,23.6465,36.4699,1.0694,5.0661,5.4091,10892375.8836,9802945.6825
000166.SZ,20240906,4.41,0.4566,1.1819,23.9726,36.9729,1.0842,5.1359,5.4837,11042615.551,9938158.7264
000166.SZ,20240905,4.31,0.1879,0.4864,23.429,36.1345,1.0596,5.0195,5.3594,10792216.1054,9712803.6532
000166.SZ,20240904,4.3,0.2717,0.7032,23.3747,36.0507,1.0572,5.0078,5.3469,10767176.1608,9690268.1459
000166.SZ,20240903,4.27,0.385,0.9965,23.2116,35.7992,1.0498,4.9729,5.3096,10692056.3271,9622661.6239
000166.SZ,20240902,4.2,0.6133,1.5873,22.8311,35.2123,1.0326,4.8914,5.2226,10516776.7152,9464913.0727
000166.SZ,20240830,4.52,0.3524,0.912,24.5706,28.4162,1.1245,5.264,5.2849,11318054.9411,10186049.3068
000166.SZ,20240829,4.47,0.2134,0.5523,24.2988,28.1018,1.112,5.2058,5.2264,11192855.2183,10073371.7703
000166.SZ,20240828,4.47,0.1539,0.3984,24.2988,28.1018,1.112,5.2058,5.2264,11192855.2183,10073371.7703
000166.SZ,20240827,4.5,0.1402,0.3629,24.4619,28.2904,1.1195,5.2408,5.2615,11267975.052,10140978.2922
000166.SZ,20240826,4.53,0.2018,0.5222,24.625,28.479,1.1269,5.2757,5.2966,11343094.8857,10208584.8141
000166.SZ,20240823,4.55,0.1878,0.486,24.7337,28.6048,1.1319,5.299,5.32,11393174.7748,10253655.8288
000166.SZ,20240822,4.5,0.197,0.5099,24.4619,28.2904,1.1195,5.2408,5.2615,11267975.052,10140978.2922
000166.SZ,20240821,4.55,0.2147,0.5557,24.7337,28.6048,1.1319,5.299,5.32,11393174.7748,10253655.8288
000166.SZ,20240820,4.53,0.2219,0.5743,24.625,28.479,1.1269,5.2757,5.2966,11343094.8857,10208584.8141
000166.SZ,20240819,4.63,0.1957,0.5066,25.1686,29.1077,1.136,5.3922,5.4135,11593494.3313,10433939.8873
000166.SZ,20240816,4.62,0.228,0.5902,25.1142,29.0449,1.1335,5.3805,5.4018,11568454.3867,10411404.38
000166.SZ,20240815,4.6,0.2999,0.7762,25.0055,28.9191,1.1286,5.3572,5.3784,11518374.4976,10366333.3654
000166.SZ,20240814,4.62,0.1844,0.4772,25.1142,29.0449,1.1335,5.3805,5.4018,11568454.3867,10411404.38
000166.SZ,20240813,4.63,0.1779,0.4605,25.1686,29.1077,1.136,5.3922,5.4135,11593494.3313,10433939.8873
000166.SZ,20240812,4.58,0.1316,0.3406,24.8968,28.7934,1.1237,5.3339,5.355,11468294.6085,10321262.3507
000166.SZ,20240809,4.58,0.1638,0.4238,24.8968,28.7934,1.1237,5.3339,5.355,11468294.6085,10321262.3507
000166.SZ,20240808,4.59,0.2265,0.5864,24.9511,28.8562,1.1262,5.3456,5.3667,11493334.553,10343797.858
000166.SZ,20240807,4.55,0.1772,0.4586,24.7337,28.6048,1.1164,5.299,5.32,11393174.7748,10253655.8288
000166.SZ,20240806,4.52,0.2012,0.5208,24.5706,28.4162,1.109,5.264,5.2849,11318054.9411,10186049.3068
000166.SZ,20240805,4.54,0.2768,0.7164,24.6793,28.5419,1.1139,5.2873,5.3083,11368134.8302,10231120.3215
000166.SZ,20240802,4.57,0.2745,0.7105,24.8424,28.7305,1.1213,5.3223,5.3433,11443254.6639,10298726.8434
000166.SZ,20240801,4.63,0.5135,1.3291,25.1686,29.1077,1.136,5.3922,5.4135,11593494.3313,10433939.8873
000166.SZ,20240731,4.58,0.5668,1.4671,24.8968,28.7934,1.1237,5.3339,5.355,11468294.6085,10321262.3507
000166.SZ,20240730,4.42,0.2071,0.5361,24.027,27.7875,1.0845,5.1476,5.168,11067655.4955,9960694.2337
000166.SZ,20240729,4.4,0.2273,0.5884,23.9183,27.6618,1.0796,5.1243,5.1446,11017575.6064,9915623.219
000166.SZ,20240726,4.36,0.2436,0.6304,23.7008,27.4103,1.0697,5.0777,5.0978,10917415.8282,9825481.1898
000166.SZ,20240725,4.31,0.2071,0.5361,23.429,27.096,1.0575,5.0195,5.0393,10792216.1054,9712803.6532
000166.SZ,20240724,4.3,0.1874,0.485,23.3747,27.0331,1.055,5.0078,5.0277,10767176.1608,9690268.1459
000166.SZ,20240723,4.33,0.2344,0.6066,23.5378,27.2217,1.0624,5.0428,5.0627,10842295.9945,9757874.6678
000166.SZ,20240722,4.36,0.2398,0.6207,23.7008,27.4103,1.0697,5.0777,5.0978,10917415.8282,9825481.1898
000166.SZ,20240719,4.38,0.2494,0.6455,23.8096,27.536,1.0747,5.101,5.1212,10967495.7173,9870552.2044
000166.SZ,20240718,4.34,0.237,0.6134,23.5921,27.2846,1.0648,5.0544,5.0744,10867335.939,9780410.1751
000166.SZ,20240717,4.32,0.2003,0.5185,23.4834,27.1588,1.0599,5.0311,5.051,10817256.0499,9735339.1605
000166.SZ,20240716,4.31,0.2116,0.5478,23.429,27.096,1.0575,5.0195,5.0393,10792216.1054,9712803.6532
000166.SZ,20240715,4.29,0.1424,0.3685,23.3203,26.9702,1.0526,4.9962,5.016,10742136.2162,9667732.6386
000166.SZ,20240712,4.28,0.1667,0.4313,23.266,26.9074,1.0501,4.9845,5.0043,10717096.2717,9645197.1312
000166.SZ,20240711,4.29,0.2501,0.6474,23.3203,26.9702,1.0526,4.9962,5.016,10742136.2162,9667732.6386
000166.SZ,20240710,4.26,0.2364,0.6119,23.1572,26.7816,1.0452,4.9612,4.9809,10667016.3826,9600126.1166
000166.SZ,20240709,4.22,0.2681,0.694,22.9398,26.5301,1.0354,4.9147,4.9341,10566856.6043,9509984.0874
000166.SZ,20240708,4.19,0.2247,0.5817,22.7767,26.3415,1.028,4.8797,4.899,10491736.7706,9442377.5654
000166.SZ,20240705,4.26,0.2507,0.649,23.1572,26.7816,1.0452,4.9612,4.9809,10667016.3826,9600126.1166
000166.SZ,20240704,4.28,0.1924,0.4979,23.266,26.9074,1.0501,4.9845,5.0043,10717096.2717,9645197.1312
000166.SZ,20240703,4.33,0.1519,0.3932,23.5378,27.2217,1.0624,5.0428,5.0627,10842295.9945,9757874.6678
000166.SZ,20240702,4.35,0.2693,0.6971,23.6465,27.3474,1.0673,5.0661,5.0861,10892375.8836,9802945.6825
000166.SZ,20240701,4.32,0.2474,0.6404,23.4834,27.1588,1.0599,5.0311,5.051,10817256.0499,9735339.1605
000166.SZ,20240628,4.31,0.3818,0.9881,23.429,27.096,1.0575,5.0195,5.0393,10792216.1054,9712803.6532
000166.SZ,20240627,4.4,0.2056,0.5321,23.9183,27.6618,1.0796,5.1243,5.1446,11017575.6064,9915623.219
000166.SZ,20240626,4.41,0.2472,0.6398,23.9726,27.7246,1.082,5.1359,5.1563,11042615.551,9938158.7264
000166.SZ,20240625,4.33,0.2584,0.6689,23.5378,27.2217,1.0624,5.0428,5.0627,10842295.9945,9757874.6678
000166.SZ,20240624,4.4,0.2166,0.5605,23.9183,27.6618,1.0796,5.1243,5.1446,11017575.6064,9915623.219
000166.SZ,20240621,4.47,0.2588,0.6699,24.2988,28.1018,1.0967,5.2058,5.2264,11192855.2183,10073371.7703
000166.SZ,20240620,4.5,0.1786,0.4621,24.4619,28.2904,1.1041,5.2408,5.2615,11267975.052,10140978.2922
000166.SZ,20240619,4.54,0.1971,0.51,24.6793,28.5419,1.1139,5.2873,5.3083,11368134.8302,10231120.3215
000166.SZ,20240618,4.54,0.2367,0.6127,24.6793,28.5419,1.1139,5.2873,5.3083,11368134.8302,10231120.3215
000166.SZ,20240617,4.55,0.3914,1.013,24.7337,28.6048,1.1164,5.299,5.32,11393174.7748,10253655.8288
000166.SZ,20240614,4.5,0.5189,1.3431,24.4619,28.2904,1.1041,5.2408,5.2615,11267975.052,10140978.2922
000166.SZ,20240613,4.45,0.2067,0.5349,24.1901,27.9761,1.0918,5.1825,5.203,11142775.3292,10028300.7556
000166.SZ,20240612,4.43,0.186,0.4815,24.0814,27.8504,1.0869,5.1592,5.1796,11092695.4401,9983229.741
000166.SZ,20240611,4.45,0.2038,0.5274,24.1901,27.9761,1.0918,5.1825,5.203,11142775.3292,10028300.7556
000166.SZ,20240607,4.49,0.2619,0.6779,24.4075,28.2276,1.1016,5.2291,5.2498,11242935.1074,10118442.7849
000166.SZ,20240606,4.47,0.2545,0.6588,24.2988,28.1018,1.0967,5.2058,5.2264,11192855.2183,10073371.7703
000166.SZ,20240605,4.49,0.2893,0.7487,24.4075,28.2276,1.1016,5.2291,5.2498,11242935.1074,10118442.7849
000166.SZ,20240604,4.48,0.3422,0.8858,24.3532,28.1647,1.0992,5.2175,5.2381,11217895.1629,10095907.2776
000166.SZ,20240603,4.56,0.2529,0.6546,24.788,28.6676,1.1188,5.3106,5.3316,11418214.7194,10276191.3361
000166.SZ,20240531,4.55,0.216,0.5591,24.7337,28.6048,1.1164,5.299,5.32,11393174.7748,10253655.8288
000166.SZ,20240530,4.55,0.1703,0.4409,24.7337,28.6048,1.1164,5.299,5.32,11393174.7748,10253655.8288
000166.SZ,20240529,4.56,0.1696,0.4389,24.788,28.6676,1.1188,5.3106,5.3316,11418214.7194,10276191.3361
000166.SZ,20240528,4.55,0.1843,0.4769,24.7337,28.6048,1.1164,5.299,5.32,11393174.7748,10253655.8288
000166.SZ,20240527,4.6,0.2476,0.6409,25.0055,28.9191,1.1286,5.3572,5.3784,11518374.4976,10366333.3654
000166.SZ,20240524,4.54,0.2,0.5176,24.6793,28.5419,1.1139,5.2873,5.3083,11368134.8302,10231120.3215
000166.SZ,20240523,4.59,0.2646,0.6849,24.9511,28.8562,1.1262,5.3456,5.3667,11493334.553,10343797.858
000166.SZ,20240522,4.64,0.2061,0.5335,25.2229,29.1706,1.1384,5.4038,5.4252,11618534.2758,10456475.3946
000166.SZ,20240521,4.64,0.2294,0.5938,25.2229,29.1706,1.1384,5.4038,5.4252,11618534.2758,10456475.3946
000166.SZ,20240520,4.65,0.3083,0.7981,25.2773,29.2335,1.1409,5.4154,5.4369,11643574.2204,10479010.9019
000166.SZ,20240517,4.66,0.2537,0.6565,25.3316,29.2963,1.1434,5.4271,5.4486,11668614.165,10501546.4093
000166.SZ,20240516,4.6,0.2347,0.6074,25.0055,28.9191,1.1286,5.3572,5.3784,11518374.4976,10366333.3654
000166.SZ,20240515,4.61,0.3061,0.7923,25.0598,28.982,1.1311,5.3689,5.3901,11543414.4422,10388868.8727
000166.SZ,20240514,4.71,0.2736,0.7082,25.6034,29.6107,1.1556,5.4853,5.507,11793813.8878,10614223.9458
000166.SZ,20240513,4.7,0.317,0.8205,25.5491,29.5478,1.1532,5.4737,5.4953,11768773.9432,10591688.4385
000166.SZ,20240510,4.69,0.3005,0.7777,25.4947,29.4849,1.1507,5.462,5.4836,11743733.9986,10569152.9312
000166.SZ,20240509,4.64,0.2684,0.6946,25.2229,29.1706,1.1384,5.4038,5.4252,11618534.2758,10456475.3946
000166.SZ,20240508,4.61,0.3036,0.7857,25.0598,28.982,1.1311,5.3689,5.3901,11543414.4422,10388868.8727
000166.SZ,20240507,4.67,0.3409,0.8823,25.386,29.3592,1.1458,5.4387,5.4603,11693654.1095,10524081.9166
000166.SZ,20240506,4.68,0.4672,1.2092,25.4404,29.4221,1.1483,5.4504,5.472,11718694.0541,10546617.4239
000166.SZ,20240430,4.7,0.4291,1.1093,25.5491,29.5478,1.1532,5.4737,5.4953,11768773.9432,10591688.4385
000166.SZ,20240429,4.78,0.7804,2.0172,25.984,25.984,1.1952,5.5668,5.5668,11969093.4997,10771972.497
000166.SZ,20240426,4.8,0.922,2.3834,26.0927,26.0927,1.2002,5.5901,5.5901,12019173.3888,10817043.5117
000166.SZ,20240425,4.58,0.2246,0.5805,24.8968,24.8968,1.1452,5.3339,5.3339,11468294.6085,10321262.3507
000166.SZ,20240424,4.55,0.2124,0.549,24.7337,24.7337,1.1377,5.299,5.299,11393174.7748,10253655.8288
000166.SZ,20240423,4.56,0.2106,0.5444,24.788,24.788,1.1402,5.3106,5.3106,11418214.7194,10276191.3361
000166.SZ,20240422,4.57,0.278,0.7187,24.8424,24.8424,1.1427,5.3223,5.3223,11443254.6639,10298726.8434
000166.SZ,20240419,4.56,0.3918,1.0127,24.788,24.788,1.1402,5.3106,5.3106,11418214.7194,10276191.3361
000166.SZ,20240418,4.54,0.452,1.1684,24.6793,24.6793,1.1352,5.2873,5.2873,11368134.8302,10231120.3215
000166.SZ,20240417,4.46,0.378,0.977,24.2444,24.2444,1.1152,5.1942,5.1942,11167815.2738,10050836.2629
000166.SZ,20240416,4.44,0.352,0.9099,24.1357,24.1357,1.1102,5.1709,5.1709,11117735.3846,10005765.2483
000166.SZ,20240415,4.47,0.3624,0.9367,24.2988,24.2988,1.1177,5.2058,5.2058,11192855.2183,10073371.7703
000166.SZ,20240412,4.35,0.235,0.6074,23.6465,23.6465,1.0877,5.0661,5.0661,10892375.8836,9802945.6825
000166.SZ,20240411,4.43,0.2379,0.6149,24.0814,24.0814,1.1077,5.1592,5.1592,11092695.4401,9983229.741
000166.SZ,20240410,4.44,0.2499,0.646,24.1357,24.1357,1.1102,5.1709,5.1709,11117735.3846,10005765.2483
000166.SZ,20240409,4.46,0.2351,0.6078,24.2444,24.2444,1.1152,5.1942,5.1942,11167815.2738,10050836.2629
000166.SZ,20240408,4.49,0.2956,0.7642,24.4075,24.4075,1.1227,5.2291,5.2291,11242935.1074,10118442.7849
000166.SZ,20240403,4.53,0.2011,0.5198,24.625,24.625,1.1327,5.2757,5.2757,11343094.8857,10208584.8141
000166.SZ,20240402,4.51,0.3252,0.8407,24.5162,24.5162,1.1277,5.2524,5.2524,11293014.9966,10163513.7995
000166.SZ,20240401,4.53,0.3129,0.8087,24.625,24.625,1.1327,5.2757,5.2757,11343094.8857,10208584.8141
000166.SZ,20240329,4.46,0.2664,0.6885,24.2444,24.2444,1.1152,5.1942,5.1942,11167815.2738,10050836.2629
000166.SZ,20240328,4.42,0.3177,0.8221,39.6823,38.7329,1.1108,5.3701,5.8759,11067655.4955,9960694.2337
000166.SZ,20240327,4.45,0.2236,0.5787,39.9516,38.9958,1.1184,5.4066,5.9158,11142775.3292,10028300.7556
000166.SZ,20240326,4.47,0.2184,0.5652,40.1312,39.171,1.1234,5.4309,5.9424,11192855.2183,10073371.7703
000166.SZ,20240325,4.45,0.2956,0.7649,39.9516,38.9958,1.1184,5.4066,5.9158,11142775.3292,10028300.7556
000166.SZ,20240322,4.5,0.2663,0.6891,40.4005,39.4339,1.1309,5.4673,5.9822,11267975.052,10140978.2922
000166.SZ,20240321,4.57,0.2718,0.7033,41.029,40.0473,1.1485,5.5524,6.0753,11443254.6639,10298726.8434
000166.SZ,20240320,4.56,0.2169,0.5614,40.9392,39.9597,1.146,5.5402,6.062,11418214.7194,10276191.3361
000166.SZ,20240319,4.57,0.2751,0.7119,41.029,40.0473,1.1485,5.5524,6.0753,11443254.6639,10298726.8434
000166.SZ,20240318,4.6,0.4448,1.1511,41.2983,40.3102,1.1561,5.5888,6.1152,11518374.4976,10366333.3654
000166.SZ,20240315,4.51,0.2869,0.7424,40.4903,39.5215,1.1334,5.4795,5.9955,11293014.9966,10163513.7995
000166.SZ,20240314,4.49,0.2443,0.6321,40.3107,39.3463,1.1284,5.4552,5.9689,11242935.1074,10118442.7849
000166.SZ,20240313,4.52,0.2132,0.5517,40.5801,39.6092,1.1359,5.4916,6.0088,11318054.9411,10186049.3068
000166.SZ,20240312,4.58,0.2999,0.7761,41.1187,40.135,1.151,5.5645,6.0886,11468294.6085,10321262.3507
000166.SZ,20240311,4.57,0.3978,1.0294,41.029,40.0473,1.1485,5.5524,6.0753,11443254.6639,10298726.8434
000166.SZ,20240308,4.48,0.1875,0.4852,40.2209,39.2586,1.1259,5.443,5.9556,11217895.1629,10095907.2776
000166.SZ,20240307,4.48,0.2898,0.7499,40.2209,39.2586,1.1259,5.443,5.9556,11217895.1629,10095907.2776
000166.SZ,20240306,4.52,0.277,0.7168,40.5801,39.6092,1.1359,5.4916,6.0088,11318054.9411,10186049.3068
000166.SZ,20240305,4.51,0.2876,0.7441,40.4903,39.5215,1.1334,5.4795,5.9955,11293014.9966,10163513.7995
000166.SZ,20240304,4.52,0.3347,0.8662,40.5801,39.6092,1.1359,5.4916,6.0088,11318054.9411,10186049.3068
000166.SZ,20240301,4.56,0.363,0.9393,40.9392,39.9597,1.146,5.5402,6.062,11418214.7194,10276191.3361
000166.SZ,20240229,4.58,0.3965,1.0261,41.1187,40.135,1.151,5.5645,6.0886,11468294.6085,10321262.3507
000166.SZ,20240228,4.52,0.5599,1.449,40.5801,39.6092,1.1359,5.4916,6.0088,11318054.9411,10186049.3068
000166.SZ,20240227,4.57,0.363,0.9393,41.029,40.0473,1.1485,5.5524,6.0753,11443254.6639,10298726.8434
000166.SZ,20240226,4.51,0.3467,0.8972,40.4903,39.5215,1.1334,5.4795,5.9955,11293014.9966,10163513.7995
000166.SZ,20240223,4.54,0.3126,0.8089,40.7596,39.7844,1.141,5.5159,6.0354,11368134.8302,10231120.3215
000166.SZ,20240222,4.55,0.333,0.8617,40.8494,39.8721,1.1435,5.5281,6.0487,11393174.7748,10253655.8288
000166.SZ,20240221,4.5,0.4528,1.1718,40.4005,39.4339,1.1309,5.4673,5.9822,11267975.052,10140978.2922
000166.SZ,20240220,4.46,0.3961,1.0251,40.0414,39.0834,1.1209,5.4187,5.9291,11167815.2738,10050836.2629
000166.SZ,20240219,4.4,0.5392,1.3953,39.5027,38.5576,1.1058,5.3458,5.8493,11017575.6064,9915623.219
000166.SZ,20240208,4.48,0.7097,1.8365,40.2209,39.2586,1.1259,5.443,5.9556,11217895.1629,10095907.2776
000166.SZ,20240207,4.53,0.6697,1.7331,40.6698,39.6968,1.1385,5.5038,6.0221,11343094.8857,10208584.8141
000166.SZ,20240206,4.5,0.6032,1.561,40.4005,39.4339,1.1309,5.4673,5.9822,11267975.052,10140978.2922
000166.SZ,20240205,4.29,0.5087,1.3165,38.5151,37.5937,1.0781,5.2122,5.7031,10742136.2162,9667732.6386
000166.SZ,20240202,4.33,0.4235,1.0959,38.8743,37.9442,1.0882,5.2608,5.7562,10842295.9945,9757874.6678
000166.SZ,20240201,4.35,0.332,0.8592,39.0538,38.1194,1.0932,5.2851,5.7828,10892375.8836,9802945.6825
000166.SZ,20240131,4.37,0.3211,0.831,39.2334,38.2947,1.0982,5.3094,5.8094,10942455.7727,9848016.6971
000166.SZ,20240130,4.41,0.2868,0.7422,39.5925,38.6452,1.1083,5.358,5.8626,11042615.551,9938158.7264
000166.SZ,20240129,4.47,0.4244,1.0982,40.1312,39.171,1.1234,5.4309,5.9424,11192855.2183,10073371.7703
000166.SZ,20240126,4.44,0.4581,1.1856,39.8618,38.9081,1.1158,5.3944,5.9025,11117735.3846,10005765.2483
000166.SZ,20240125,4.43,0.5166,1.3368,39.7721,38.8205,1.1133,5.3823,5.8892,11092695.4401,9983229.741
000166.SZ,20240124,4.32,0.4381,1.1338,38.7845,37.8566,1.0857,5.2486,5.7429,10817256.0499,9735339.1605
000166.SZ,20240123,4.18,0.2801,0.7248,37.5276,36.6297,1.0505,5.0785,5.5568,10466696.8261,9419842.0581
000166.SZ,20240122,4.13,0.4228,1.0941,37.0787,36.1916,1.0379,5.0178,5.4904,10341497.1033,9307164.5215
000166.SZ,20240119,4.17,0.2124,0.5497,37.4378,36.5421,1.048,5.0664,5.5435,10441656.8815,9397306.5508
000166.SZ,20240118,4.2,0.3428,0.8871,37.7071,36.805,1.0555,5.1028,5.5834,10516776.7152,9464913.0727
000166.SZ,20240117,4.19,0.177,0.4581,37.6174,36.7174,1.053,5.0907,5.5701,10491736.7706,9442377.5654
000166.SZ,20240116,4.24,0.2315,0.599,38.0663,37.1555,1.0656,5.1514,5.6366,10616936.4934,9555055.102
000166.SZ,20240115,4.2,0.2037,0.527,37.7071,36.805,1.0555,5.1028,5.5834,10516776.7152,9464913.0727
000166.SZ,20240112,4.24,0.1978,0.5119,38.0663,37.1555,1.0656,5.1514,5.6366,10616936.4934,9555055.102
000166.SZ,20240111,4.24,0.2091,0.5412,38.0663,37.1555,1.0656,5.1514,5.6366,10616936.4934,9555055.102
000166.SZ,20240110,4.23,0.1583,0.4097,37.9765,37.0679,1.0631,5.1393,5.6233,10591896.5489,9532519.5947
000166.SZ,20240109,4.24,0.1963,0.5079,38.0663,37.1555,1.0656,5.1514,5.6366,10616936.4934,9555055.102
000166.SZ,20240108,4.26,0.2723,0.7047,38.2458,37.3308,1.0706,5.1757,5.6632,10667016.3826,9600126.1166
000166.SZ,20240105,4.37,0.3195,0.8267,39.2334,38.2947,1.0982,5.3094,5.8094,10942455.7727,9848016.6971
000166.SZ,20240104,4.34,0.1838,0.4757,38.964,38.0318,1.0907,5.2729,5.7695,10867335.939,9780410.1751
000166.SZ,20240103,4.38,0.1732,0.4482,39.3232,38.3823,1.1008,5.3215,5.8227,10967495.7173,9870552.2044
000166.SZ,20240102,4.37,0.2515,0.6508,39.2334,38.2947,1.0982,5.3094,5.8094,10942455.7727,9848016.6971
000166.SZ,20231229,4.44,0.2261,0.5851,39.8618,38.9081,1.1158,5.3944,5.9025,11117735.3846,10005765.2483
000166.SZ,20231228,4.46,0.284,0.7349,40.0414,39.0834,1.1209,5.4187,5.9291,11167815.2738,10050836.2629
000166.SZ,20231227,4.4,0.1626,0.4208,39.5027,38.5576,1.1058,5.3458,5.8493,11017575.6064,9915623.219
000166.SZ,20231226,4.36,0.1356,0.3509,39.1436,38.2071,1.0957,5.2972,5.7961,10917415.8282,9825481.1898
000166.SZ,20231225,4.41,0.1493,0.3864,39.5925,38.6452,1.1083,5.358,5.8626,11042615.551,9938158.7264
000166.SZ,20231222,4.39,0.3484,0.9016,39.4129,38.47,1.1033,5.3337,5.836,10992535.6618,9893087.7117
000166.SZ,20231221,4.34,0.2302,0.5957,38.964,38.0318,1.0907,5.2729,5.7695,10867335.939,9780410.1751
000166.SZ,20231220,4.36,0.2372,0.6138,39.1436,38.2071,1.0957,5.2972,5.7961,10917415.8282,9825481.1898
000166.SZ,20231219,4.46,0.1828,0.473,40.0414,39.0834,1.1209,5.4187,5.9291,11167815.2738,10050836.2629
000166.SZ,20231218,4.47,0.2195,0.5679,40.1312,39.171,1.1234,5.4309,5.9424,11192855.2183,10073371.7703
000166.SZ,20231215,4.48,0.1968,0.5094,40.2209,39.2586,1.1259,5.443,5.9556,11217895.1629,10095907.2776
000166.SZ,20231214,4.52,0.152,0.3935,40.5801,39.6092,1.1359,5.4916,6.0088,11318054.9411,10186049.3068
000166.SZ,20231213,4.54,0.1862,0.4818,40.7596,39.7844,1.141,5.5159,6.0354,11368134.8302,10231120.3215
000166.SZ,20231212,4.58,0.1952,0.5051,41.1187,40.135,1.151,5.5645,6.0886,11468294.6085,10321262.3507
000166.SZ,20231211,4.58,0.3498,0.9052,41.1187,40.135,1.151,5.5645,6.0886,11468294.6085,10321262.3507
000166.SZ,20231208,4.52,0.2551,0.6602,40.5801,39.6092,1.1359,5.4916,6.0088,11318054.9411,10186049.3068
000166.SZ,20231207,4.55,0.2986,0.7728,40.8494,39.8721,1.1435,5.5281,6.0487,11393174.7748,10253655.8288
000166.SZ,20231206,4.47,0.2117,0.5478,40.1312,39.171,1.1234,5.4309,5.9424,11192855.2183,10073371.7703
000166.SZ,20231205,4.5,0.3162,0.8184,40.4005,39.4339,1.1309,5.4673,5.9822,11267975.052,10140978.2922
000166.SZ,20231204,4.6,0.2644,0.6842,41.2983,40.3102,1.1561,5.5888,6.1152,11518374.4976,10366333.3654
000166.SZ,20231201,4.58,0.278,0.7195,41.1187,40.135,1.151,5.5645,6.0886,11468294.6085,10321262.3507
000166.SZ,20231130,4.51,0.1998,0.517,40.4903,39.5215,1.1334,5.4795,5.9955,11293014.9966,10163513.7995
000166.SZ,20231129,4.49,0.2398,0.6204,40.3107,39.3463,1.1284,5.4552,5.9689,11242935.1074,10118442.7849
000166.SZ,20231128,4.55,0.2031,0.5257,40.8494,39.8721,1.1435,5.5281,6.0487,11393174.7748,10253655.8288
000166.SZ,20231127,4.56,0.3241,0.8388,40.9392,39.9597,1.146,5.5402,6.062,11418214.7194,10276191.3361
000166.SZ,20231124,4.56,0.2835,0.7337,40.9392,39.9597,1.146,5.5402,6.062,11418214.7194,10276191.3361
000166.SZ,20231123,4.54,0.1713,0.4434,40.7596,39.7844,1.141,5.5159,6.0354,11368134.8302,10231120.3215
000166.SZ,20231122,4.53,0.1715,0.4437,40.6698,39.6968,1.1385,5.5038,6.0221,11343094.8857,10208584.8141
000166.SZ,20231121,4.57,0.2578,0.6671,41.029,40.0473,1.1485,5.5524,6.0753,11443254.6639,10298726.8434
000166.SZ,20231120,4.57,0.278,0.7193,41.029,40.0473,1.1485,5.5524,6.0753,11443254.6639,10298726.8434
000166.SZ,20231117,4.62,0.2352,0.6087,41.4779,40.4855,1.1611,5.6131,6.1418,11568454.3867,10411404.38
000166.SZ,20231116,4.6,0.2948,0.763,41.2983,40.3102,1.1561,5.5888,6.1152,11518374.4976,10366333.3654
000166.SZ,20231115,4.63,0.5762,1.4911,41.5676,40.5731,1.1636,5.6253,6.1551,11593494.3313,10433939.8873
000166.SZ,20231114,4.61,0.8159,2.1113,41.3881,40.3979,1.1586,5.601,6.1285,11543414.4422,10388868.8727
000166.SZ,20231113,4.5,0.2442,0.632,40.4005,39.4339,1.1309,5.4673,5.9822,11267975.052,10140978.2922
000166.SZ,20231110,4.53,0.2273,0.5882,40.6698,39.6968,1.1385,5.5038,6.0221,11343094.8857,10208584.8141
000166.SZ,20231109,4.51,0.2273,0.5881,40.4903,39.5215,1.1334,5.4795,5.9955,11293014.9966,10163513.7995
000166.SZ,20231108,4.53,0.4422,1.1444,40.6698,39.6968,1.1385,5.5038,6.0221,11343094.8857,10208584.8141
000166.SZ,20231107,4.59,0.4761,1.2321,41.2085,40.2226,1.1535,5.5767,6.1019,11493334.553,10343797.858
000166.SZ,20231106,4.54,0.662,1.7131,40.7596,39.7844,1.141,5.5159,6.0354,11368134.8302,10231120.3215
000166.SZ,20231103,4.38,0.1777,0.4037,39.3232,38.3823,1.1008,5.3215,5.8227,10967495.7173,9870552.2044
000166.SZ,20231102,4.35,0.1872,0.4254,39.0538,38.1194,1.0932,5.2851,5.7828,10892375.8836,9802945.6825
000166.SZ,20231101,4.37,0.2375,0.5396,39.2334,38.2947,1.0982,5.3094,5.8094,10942455.7727,9848016.6971
000166.SZ,20231031,4.39,0.1681,0.4351,39.4129,38.47,1.1033,5.3337,5.836,10992535.6618,9893087.7117
000166.SZ,20231030,4.39,0.2261,0.5853,39.4129,34.6221,1.111,5.3337,5.488,10992535.6618,9893087.7117
000166.SZ,20231027,4.43,0.265,0.6859,39.7721,34.9376,1.1211,5.3823,5.538,11092695.4401,9983229.741
000166.SZ,20231026,4.39,0.1976,0.4488,39.4129,34.6221,1.111,5.3337,5.488,10992535.6618,9893087.7117
000166.SZ,20231025,4.37,0.3099,0.7041,39.2334,34.4644,1.1059,5.3094,5.463,10942455.7727,9848016.6971
000166.SZ,20231024,4.35,0.3402,0.7729,39.0538,34.3066,1.1009,5.2851,5.438,10892375.8836,9802945.6825
000166.SZ,20231023,4.2,0.3122,0.7092,37.7071,33.1236,1.0629,5.1028,5.2504,10516776.7152,9464913.0727
000166.SZ,20231020,4.33,0.2156,0.4898,38.8743,34.1489,1.0958,5.2608,5.413,10842295.9945,9757874.6678
000166.SZ,20231019,4.34,0.2855,0.6486,38.964,34.2278,1.0984,5.2729,5.4255,10867335.939,9780410.1751
000166.SZ,20231018,4.38,0.2884,0.6551,39.3232,34.5432,1.1085,5.3215,5.4755,10967495.7173,9870552.2044
000166.SZ,20231017,4.43,0.3877,0.8808,39.7721,34.9376,1.1211,5.3823,5.538,11092695.4401,9983229.741
000166.SZ,20231016,4.39,0.2976,0.6762,39.4129,34.6221,1.111,5.3337,5.488,10992535.6618,9893087.7117
000166.SZ,20231013,4.38,0.2337,0.5309,39.3232,34.5432,1.1085,5.3215,5.4755,10967495.7173,9870552.2044
000166.SZ,20231012,4.39,0.3365,0.7644,39.4129,34.6221,1.111,5.3337,5.488,10992535.6618,9893087.7117
000166.SZ,20231011,4.31,0.2368,0.5379,38.6947,33.9912,1.0908,5.2365,5.388,10792216.1054,9712803.6532
000166.SZ,20231010,4.31,0.288,0.6542,38.6947,33.9912,1.0908,5.2365,5.388,10792216.1054,9712803.6532
000166.SZ,20231009,4.37,0.4057,0.9216,39.2334,34.4644,1.1059,5.3094,5.463,10942455.7727,9848016.6971
000166.SZ,20230928,4.33,0.2485,0.5646,38.8743,34.1489,1.0958,5.2608,5.413,10842295.9945,9757874.6678
000166.SZ,20230927,4.34,0.2033,0.4619,38.964,34.2278,1.0984,5.2729,5.4255,10867335.939,9780410.1751
000166.SZ,20230926,4.35,0.1683,0.3824,39.0538,34.3066,1.1009,5.2851,5.438,10892375.8836,9802945.6825
000166.SZ,20230925,4.36,0.244,0.5542,39.1436,34.3855,1.1034,5.2972,5.4505,10917415.8282,9825481.1898
000166.SZ,20230922,4.41,0.5185,1.178,39.5925,34.7798,1.1161,5.358,5.513,11042615.551,9938158.7264
000166.SZ,20230921,4.3,0.2567,0.5832,38.6049,33.9123,1.0882,5.2243,5.3755,10767176.1608,9690268.1459
000166.SZ,20230920,4.35,0.1736,0.3944,39.0538,34.3066,1.1009,5.2851,5.438,10892375.8836,9802945.6825
000166.SZ,20230919,4.35,0.2662,0.6048,39.0538,34.3066,1.1009,5.2851,5.438,10892375.8836,9802945.6825
000166.SZ,20230918,4.36,0.1943,0.4415,39.1436,34.3855,1.1034,5.2972,5.4505,10917415.8282,9825481.1898
000166.SZ,20230915,4.35,0.3233,0.7345,39.0538,34.3066,1.1009,5.2851,5.438,10892375.8836,9802945.6825
000166.SZ,20230914,4.35,0.2568,0.5834,39.0538,34.3066,1.1009,5.2851,5.438,10892375.8836,9802945.6825
000166.SZ,20230913,4.32,0.2642,0.6001,38.7845,34.07,1.0933,5.2486,5.4005,10817256.0499,9735339.1605
000166.SZ,20230912,4.36,0.1803,0.4097,39.1436,34.3855,1.1034,5.2972,5.4505,10917415.8282,9825481.1898
000166.SZ,20230911,4.38,0.3652,0.8297,39.3232,34.5432,1.1085,5.3215,5.4755,10967495.7173,9870552.2044
000166.SZ,20230908,4.33,0.2043,0.4642,38.8743,34.1489,1.0958,5.2608,5.413,10842295.9945,9757874.6678
000166.SZ,20230907,4.32,0.2634,0.5984,38.7845,34.07,1.0933,5.2486,5.4005,10817256.0499,9735339.1605
000166.SZ,20230906,4.36,0.2542,0.5775,39.1436,34.3855,1.1034,5.2972,5.4505,10917415.8282,9825481.1898
000166.SZ,20230905,4.36,0.3961,0.8999,39.1436,34.3855,1.1034,5.2972,5.4505,10917415.8282,9825481.1898
000166.SZ,20230904,4.43,0.4035,0.9166,39.7721,34.9376,1.1211,5.3823,5.538,11092695.4401,9983229.741
000166.SZ,20230901,4.37,0.3273,0.7436,39.2334,34.4644,1.1059,5.3094,5.463,10942455.7727,9848016.6971
000166.SZ,20230831,4.36,0.4062,0.9415,39.1436,34.3855,1.1286,5.2972,5.4505,10917415.8282,9825481.1898
000166.SZ,20230830,4.44,0.5842,1.3541,39.8618,29.8138,1.1493,5.3944,5.1604,11117735.3846,10005765.2483
000166.SZ,20230829,4.56,1.0016,2.3217,40.9392,30.6195,1.1804,5.5402,5.2998,11418214.7194,10276191.3361
000166.SZ,20230828,4.67,1.5869,3.6784,41.9267,31.3582,1.2088,5.6739,5.4277,11693654.1095,10524081.9166
000166.SZ,20230825,4.65,0.3408,0.7899,41.7472,31.2239,1.2036,5.6496,5.4044,11643574.2204,10479010.9019
000166.SZ,20230824,4.61,0.3151,0.7304,41.3881,30.9553,1.1933,5.601,5.3579,11543414.4422,10388868.8727
000166.SZ,20230823,4.59,0.4064,0.9419,41.2085,30.821,1.1881,5.5767,5.3347,11493334.553,10343797.858
000166.SZ,20230822,4.69,0.4634,1.0742,42.1063,31.4925,1.214,5.6982,5.4509,11743733.9986,10569152.9312
000166.SZ,20230821,4.64,0.47,1.0894,41.6574,31.1567,1.2011,5.6374,5.3928,11618534.2758,10456475.3946
000166.SZ,20230818,4.82,0.3253,0.754,43.2734,32.3654,1.2477,5.8561,5.602,12069253.2779,10862114.5263
000166.SZ,20230817,4.9,0.4424,1.0254,43.9917,32.9026,1.2684,5.9533,5.695,12269572.8344,11042398.5848
000166.SZ,20230816,4.93,0.4071,0.9437,44.261,33.104,1.2761,5.9898,5.7299,12344692.6681,11110005.1068
000166.SZ,20230815,4.88,0.3865,0.8959,43.8121,32.7683,1.2632,5.929,5.6717,12219492.9453,10997327.5702
000166.SZ,20230814,4.83,0.4935,1.1439,43.3632,32.4325,1.2502,5.8683,5.6136,12094293.2225,10884650.0336
000166.SZ,20230811,4.93,0.5756,1.3342,44.261,33.104,1.2761,5.9898,5.7299,12344692.6681,11110005.1068
000166.SZ,20230810,5.13,0.4387,1.0169,46.0566,34.447,1.3177,6.2328,5.9623,12845491.5593,11560715.2531
000166.SZ,20230809,5.08,0.4035,0.9354,45.6077,34.1112,1.3048,6.172,5.9042,12720291.8365,11448037.7165
000166.SZ,20230808,5.11,0.7422,1.7205,45.877,34.3127,1.3125,6.2085,5.9391,12795411.6702,11515644.2385
000166.SZ,20230807,5.11,0.6328,1.4668,45.877,34.3127,1.3125,6.2085,5.9391,12795411.6702,11515644.2385
000166.SZ,20230804,5.16,1.4007,3.2468,46.3259,34.6484,1.3254,6.2692,5.9972,12920611.393,11628321.7751
000166.SZ,20230803,5.1,0.6526,1.5126,45.7872,34.2455,1.31,6.1963,5.9274,12770371.7256,11493108.7312
000166.SZ,20230802,4.99,0.4344,1.0068,44.7997,33.5069,1.2817,6.0627,5.7996,12494932.3354,11245218.1507
000166.SZ,20230801,5.0,0.7363,1.7067,44.8894,33.5741,1.2843,6.0748,5.8112,12519972.28,11267753.658
000166.SZ,20230731,5.04,0.98,2.2716,45.2486,33.8426,1.2945,6.1234,5.8577,12620132.0582,11357895.6873
000166.SZ,20230728,5.09,1.0491,2.4318,45.6975,34.1784,1.3074,6.1842,5.9158,12745331.781,11470573.2238
000166.SZ,20230727,4.8,0.1911,0.443,43.0939,32.2311,1.2329,5.8318,5.5788,12019173.3888,10817043.5117
000166.SZ,20230726,4.83,0.2878,0.6672,43.3632,32.4325,1.2406,5.8683,5.6136,12094293.2225,10884650.0336
000166.SZ,20230725,4.86,0.6788,1.5735,43.6325,32.634,1.2483,5.9047,5.6485,12169413.0562,10952256.5556
000166.SZ,20230724,4.65,0.1823,0.4226,41.7472,31.2239,1.1944,5.6496,5.4044,11643574.2204,10479010.9019
000166.SZ,20230721,4.66,0.1096,0.254,41.837,31.291,1.1969,5.6617,5.4161,11668614.165,10501546.4093
000166.SZ,20230720,4.65,0.1282,0.2972,41.7472,31.2239,1.1944,5.6496,5.4044,11643574.2204,10479010.9019
000166.SZ,20230719,4.68,0.1923,0.4457,42.0165,31.4253,1.2021,5.686,5.4393,11718694.0541,10546617.4239
000166.SZ,20230718,4.67,0.1049,0.2431,41.9267,31.3582,1.1995,5.6739,5.4277,11693654.1095,10524081.9166
000166.SZ,20230717,4.69,0.1133,0.2626,42.1063,31.4925,1.2046,5.6982,5.4509,11743733.9986,10569152.9312
000166.SZ,20230714,4.7,0.1212,0.281,42.1961,31.5596,1.2072,5.7103,5.4625,11768773.9432,10591688.4385
000166.SZ,20230713,4.7,0.1861,0.4314,42.1961,31.5596,1.2072,5.7103,5.4625,11768773.9432,10591688.4385
000166.SZ,20230712,4.64,0.1215,0.2816,41.6574,31.1567,1.1918,5.6374,5.3928,11618534.2758,10456475.3946
000166.SZ,20230711,4.66,0.1185,0.2747,41.837,31.291,1.1969,5.6617,5.4161,11668614.165,10501546.4093
000166.SZ,20230710,4.69,0.2208,0.5118,42.1063,31.4925,1.2046,5.6982,5.4509,11743733.9986,10569152.9312
000166.SZ,20230707,4.61,0.1064,0.2465,41.3881,30.9553,1.1841,5.601,5.3579,11543414.4422,10388868.8727
000166.SZ,20230706,4.55,0.1134,0.2629,40.8494,30.5524,1.1687,5.5281,5.2882,11393174.7748,10253655.8288
000166.SZ,20230705,4.56,0.1191,0.2761,40.9392,30.6195,1.1713,5.5402,5.2998,11418214.7194,10276191.3361
000166.SZ,20230704,4.61,0.119,0.2759,41.3881,30.9553,1.1841,5.601,5.3579,11543414.4422,10388868.8727
000166.SZ,20230703,4.65,0.1645,0.3813,41.7472,31.2239,1.1944,5.6496,5.4044,11643574.2204,10479010.9019
000166.SZ,20230630,4.62,0.1888,0.4376,41.4779,31.0224,1.1867,5.6131,5.3696,11568454.3867,10411404.38
000166.SZ,20230629,4.54,0.1493,0.3461,40.7596,30.4852,1.1661,5.5159,5.2766,11368134.8302,10231120.3215
000166.SZ,20230628,4.49,0.1626,0.3768,40.3107,30.1495,1.1533,5.4552,5.2185,11242935.1074,10118442.7849
000166.SZ,20230627,4.47,0.1135,0.2631,40.1312,30.0152,1.1481,5.4309,5.1952,11192855.2183,10073371.7703
000166.SZ,20230626,4.43,0.2492,0.5777,39.7721,29.7466,1.1379,5.3823,5.1487,11092695.4401,9983229.741
000166.SZ,20230621,4.54,0.1503,0.3485,40.7596,30.4852,1.1661,5.5159,5.2766,11368134.8302,10231120.3215
000166.SZ,20230620,4.6,0.1497,0.347,41.2983,30.8881,1.1815,5.5888,5.3463,11518374.4976,10366333.3654
000166.SZ,20230619,4.61,0.1385,0.3211,41.3881,30.9553,1.1841,5.601,5.3579,11543414.4422,10388868.8727
000166.SZ,20230616,4.64,0.2373,0.55,41.6574,31.1567,1.1918,5.6374,5.3928,11618534.2758,10456475.3946
000166.SZ,20230615,4.58,0.2168,0.5026,41.1187,30.7538,1.1764,5.5645,5.3231,11468294.6085,10321262.3507
000166.SZ,20230614,4.51,0.1554,0.3602,40.4903,30.2838,1.1584,5.4795,5.2417,11293014.9966,10163513.7995
000166.SZ,20230613,4.5,0.121,0.2804,40.4005,30.2166,1.1558,5.4673,5.2301,11267975.052,10140978.2922
000166.SZ,20230612,4.49,0.201,0.4658,40.3107,30.1495,1.1533,5.4552,5.2185,11242935.1074,10118442.7849
000166.SZ,20230609,4.58,0.1563,0.3624,41.1187,30.7538,1.1764,5.5645,5.3231,11468294.6085,10321262.3507
000166.SZ,20230608,4.62,0.1655,0.3837,41.4779,31.0224,1.1867,5.6131,5.3696,11568454.3867,10411404.38
000166.SZ,20230607,4.55,0.1519,0.3521,40.8494,30.5524,1.1687,5.5281,5.2882,11393174.7748,10253655.8288
000166.SZ,20230606,4.54,0.2287,0.5301,40.7596,30.4852,1.1661,5.5159,5.2766,11368134.8302,10231120.3215
000166.SZ,20230605,4.63,0.1726,0.4001,41.5676,31.0896,1.1892,5.6253,5.3812,11593494.3313,10433939.8873
000166.SZ,20230602,4.69,0.1822,0.4223,42.1063,31.4925,1.2046,5.6982,5.4509,11743733.9986,10569152.9312
000166.SZ,20230601,4.67,0.2289,0.5305,41.9267,31.3582,1.1995,5.6739,5.4277,11693654.1095,10524081.9166
000166.SZ,20230531,4.72,0.2014,0.4667,42.3756,31.6939,1.2124,5.7346,5.4858,11818853.8323,10636759.4532
000166.SZ,20230530,4.72,0.1946,0.4512,42.3756,31.6939,1.2124,5.7346,5.4858,11818853.8323,10636759.4532
000166.SZ,20230529,4.72,0.237,0.5493,42.3756,31.6939,1.2124,5.7346,5.4858,11818853.8323,10636759.4532
000166.SZ,20230526,4.74,0.2645,0.6132,42.5552,31.8282,1.2175,5.7589,5.509,11868933.7214,10681830.4678
000166.SZ,20230525,4.68,0.2917,0.6762,42.0165,31.4253,1.2021,5.686,5.4393,11718694.0541,10546617.4239
000166.SZ,20230524,4.62,0.4063,0.9418,41.4779,31.0224,1.1867,5.6131,5.3696,11568454.3867,10411404.38
000166.SZ,20230523,4.6,0.268,0.6213,41.2983,30.8881,1.1815,5.5888,5.3463,11518374.4976,10366333.3654
000166.SZ,20230522,4.7,0.1976,0.4579,42.1961,31.5596,1.2072,5.7103,5.4625,11768773.9432,10591688.4385
000166.SZ,20230519,4.7,0.2441,0.5659,42.1961,31.5596,1.2072,5.7103,5.4625,11768773.9432,10591688.4385
000166.SZ,20230518,4.72,0.2591,0.6007,42.3756,31.6939,1.2124,5.7346,5.4858,11818853.8323,10636759.4532
000166.SZ,20230517,4.76,0.2972,0.6889,42.7348,31.9625,1.2226,5.7832,5.5323,11919013.6106,10726901.4824
000166.SZ,20230516,4.74,0.3586,0.8313,42.5552,31.8282,1.2175,5.7589,5.509,11868933.7214,10681830.4678
000166.SZ,20230515,4.76,0.7071,1.639,42.7348,31.9625,1.2226,5.7832,5.5323,11919013.6106,10726901.4824
000166.SZ,20230512,4.76,0.3805,0.882,42.7348,31.9625,1.2226,5.7832,5.5323,11919013.6106,10726901.4824
000166.SZ,20230511,4.79,0.55,1.2749,43.0041,32.1639,1.2303,5.8197,5.5671,11994133.4442,10794508.0044
000166.SZ,20230510,4.76,1.039,2.4084,42.7348,31.9625,1.2226,5.7832,5.5323,11919013.6106,10726901.4824
000166.SZ,20230509,4.89,1.7197,3.9863,43.9019,32.8354,1.256,5.9412,5.6834,12244532.8898,11019863.0775
000166.SZ,20230508,4.89,0.9948,2.3058,43.9019,32.8354,1.256,5.9412,5.6834,12244532.8898,11019863.0775
000166.SZ,20230505,4.81,1.0223,2.3696,43.1837,32.2982,1.2355,5.844,5.5904,12044213.3334,10839579.019
000166.SZ,20230504,4.67,0.6761,1.5671,41.9267,31.3582,1.1995,5.6739,5.4277,11693654.1095,10524081.9166
000166.SZ,20230428,4.52,0.4766,1.1048,40.5801,30.3509,1.161,5.4916,5.2533,11318054.9411,10186049.3068
000166.SZ,20230427,4.46,0.4594,1.0649,40.0414,29.9481,1.1456,5.4187,5.1836,11167815.2738,10050836.2629
000166.SZ,20230426,4.38,0.3341,0.7743,39.3232,29.4109,1.125,5.3215,5.0906,10967495.7173,9870552.2044
000166.SZ,20230425,4.39,0.3509,0.8134,39.4129,29.478,1.1276,5.3337,5.1022,10992535.6618,9893087.7117
000166.SZ,20230424,4.34,0.3519,0.8157,38.964,29.1423,1.1147,5.2729,5.0441,10867335.939,9780410.1751
000166.SZ,20230421,4.4,0.5047,1.1698,39.5027,29.5452,1.1302,5.3458,5.1139,11017575.6064,9915623.219
000166.SZ,20230420,4.52,0.4224,0.979,40.5801,30.3509,1.161,5.4916,5.2533,11318054.9411,10186049.3068
000166.SZ,20230419,4.5,0.5305,1.2296,40.4005,30.2166,1.1558,5.4673,5.2301,11267975.052,10140978.2922
000166.SZ,20230418,4.49,0.5999,1.3906,40.3107,30.1495,1.1533,5.4552,5.2185,11242935.1074,10118442.7849
000166.SZ,20230417,4.5,1.2739,2.9529,40.4005,30.2166,1.1558,5.4673,5.2301,11267975.052,10140978.2922
000166.SZ,20230414,4.24,0.165,0.3825,38.0663,38.0663,1.117,5.1514,5.1514,10616936.4934,9555055.102
000166.SZ,20230413,4.23,0.1818,0.4215,37.9765,37.9765,1.1144,5.1393,5.1393,10591896.5489,9532519.5947
000166.SZ,20230412,4.27,0.2118,0.491,38.3356,38.3356,1.1249,5.1879,5.1879,10692056.3271,9622661.6239
000166.SZ,20230411,4.25,0.3162,0.7329,38.156,38.156,1.1197,5.1636,5.1636,10641976.438,9577590.6093
000166.SZ,20230410,4.22,0.2123,0.492,37.8867,37.8867,1.1118,5.1271,5.1271,10566856.6043,9509984.0874
000166.SZ,20230407,4.24,0.2018,0.4678,38.0663,38.0663,1.117,5.1514,5.1514,10616936.4934,9555055.102
000166.SZ,20230406,4.23,0.1742,0.4038,37.9765,37.9765,1.1144,5.1393,5.1393,10591896.5489,9532519.5947
000166.SZ,20230404,4.25,0.2773,0.6428,38.156,38.156,1.1197,5.1636,5.1636,10641976.438,9577590.6093
000166.SZ,20230403,4.24,0.3902,0.9044,38.0663,38.0663,1.117,5.1514,5.1514,10616936.4934,9555055.102
000166.SZ,20230331,4.17,0.1458,0.3313,37.4378,37.4378,1.0986,5.0664,5.0664,10441656.8815,9397306.5508
000166.SZ,20230330,4.2,0.1838,0.4177,11.19,16.7787,1.0852,3.0655,3.828,10516776.7152,9464913.0727
000166.SZ,20230329,4.18,0.1269,0.2882,11.1367,16.6988,1.08,3.0509,3.8098,10466696.8261,9419842.0581
000166.SZ,20230328,4.2,0.1302,0.2957,11.19,16.7787,1.0852,3.0655,3.828,10516776.7152,9464913.0727
000166.SZ,20230327,4.21,0.1658,0.3766,11.2166,16.8187,1.0878,3.0728,3.8371,10541816.6598,9487448.58
000166.SZ,20230324,4.22,0.1747,0.3969,11.2433,16.8586,1.0903,3.08,3.8463,10566856.6043,9509984.0874
000166.SZ,20230323,4.23,0.2074,0.4712,11.2699,16.8986,1.0929,3.0873,3.8554,10591896.5489,9532519.5947
000166.SZ,20230322,4.18,0.1584,0.3598,11.1367,16.6988,1.08,3.0509,3.8098,10466696.8261,9419842.0581
000166.SZ,20230321,4.17,0.1333,0.3029,11.1101,16.6589,1.0774,3.0436,3.8007,10441656.8815,9397306.5508
000166.SZ,20230320,4.13,0.2092,0.4752,11.0035,16.4991,1.0671,3.0144,3.7642,10341497.1033,9307164.5215
000166.SZ,20230317,4.16,0.2393,0.5437,11.0834,16.6189,1.0748,3.0363,3.7916,10416616.937,9374771.0435
000166.SZ,20230316,4.12,0.1226,0.2786,10.9769,16.4591,1.0645,3.0071,3.7551,10316457.1587,9284629.0142
000166.SZ,20230315,4.15,0.13,0.2954,11.0568,16.579,1.0723,3.029,3.7825,10391576.9924,9352235.5361
000166.SZ,20230314,4.11,0.1807,0.4106,10.9502,16.4192,1.0619,2.9998,3.746,10291417.2142,9262093.5069
000166.SZ,20230313,4.15,0.1943,0.4414,11.0568,16.579,1.0723,3.029,3.7825,10391576.9924,9352235.5361
000166.SZ,20230310,4.14,0.1858,0.4222,11.0301,16.539,1.0697,3.0217,3.7733,10366537.0478,9329700.0288
000166.SZ,20230309,4.18,0.1332,0.3025,11.1367,16.6988,1.08,3.0509,3.8098,10466696.8261,9419842.0581
000166.SZ,20230308,4.2,0.1643,0.3732,11.19,16.7787,1.0852,3.0655,3.828,10516776.7152,9464913.0727
000166.SZ,20230307,4.21,0.2916,0.6625,11.2166,16.8187,1.0878,3.0728,3.8371,10541816.6598,9487448.58
000166.SZ,20230306,4.24,0.2185,0.4963,11.2966,16.9385,1.0955,3.0946,3.8645,10616936.4934,9555055.102
000166.SZ,20230303,4.28,0.2652,0.6024,11.4031,17.0983,1.1059,3.1238,3.9009,10717096.2717,9645197.1312
000166.SZ,20230302,4.25,0.2429,0.5518,11.3232,16.9785,1.0981,3.1019,3.8736,10641976.438,9577590.6093
000166.SZ,20230301,4.25,0.273,0.6203,11.3232,16.9785,1.0981,3.1019,3.8736,10641976.438,9577590.6093
000166.SZ,20230228,4.22,0.1655,0.3759,11.2433,16.8586,1.0903,3.08,3.8463,10566856.6043,9509984.0874
000166.SZ,20230227,4.18,0.1406,0.3194,11.1367,16.6988,1.08,3.0509,3.8098,10466696.8261,9419842.0581
000166.SZ,20230224,4.22,0.1672,0.3798,11.2433,16.8586,1.0903,3.08,3.8463,10566856.6043,9509984.0874
000166.SZ,20230223,4.24,0.2385,0.5418,11.2966,16.9385,1.0955,3.0946,3.8645,10616936.4934,9555055.102
000166.SZ,20230222,4.22,0.1882,0.4275,11.2433,16.8586,1.0903,3.08,3.8463,10566856.6043,9509984.0874
000166.SZ,20230221,4.24,0.2472,0.5615,11.2966,16.9385,1.0955,3.0946,3.8645,10616936.4934,9555055.102
000166.SZ,20230220,4.23,0.3981,0.9045,11.2699,16.8986,1.0929,3.0873,3.8554,10591896.5489,9532519.5947
000166.SZ,20230217,4.11,0.2065,0.4691,10.9502,16.4192,1.0619,2.9998,3.746,10291417.2142,9262093.5069
000166.SZ,20230216,4.15,0.3511,0.7975,11.0568,16.579,1.0723,3.029,3.7825,10391576.9924,9352235.5361
000166.SZ,20230215,4.18,0.1316,0.299,11.1367,16.6988,1.08,3.0509,3.8098,10466696.8261,9419842.0581
000166.SZ,20230214,4.2,0.1468,0.3336,11.19,16.7787,1.0852,3.0655,3.828,10516776.7152,9464913.0727
000166.SZ,20230213,4.2,0.1674,0.3803,11.19,16.7787,1.0852,3.0655,3.828,10516776.7152,9464913.0727
000166.SZ,20230210,4.17,0.139,0.3157,11.1101,16.6589,1.0774,3.0436,3.8007,10441656.8815,9397306.5508
000166.SZ,20230209,4.19,0.1746,0.3967,11.1634,16.7388,1.0826,3.0582,3.8189,10491736.7706,9442377.5654
000166.SZ,20230208,4.14,0.18,0.4089,11.0301,16.539,1.0697,3.0217,3.7733,10366537.0478,9329700.0288
000166.SZ,20230207,4.18,0.2004,0.4554,11.1367,16.6988,1.08,3.0509,3.8098,10466696.8261,9419842.0581
000166.SZ,20230206,4.18,0.1752,0.398,11.1367,16.6988,1.08,3.0509,3.8098,10466696.8261,9419842.0581
000166.SZ,20230203,4.2,0.3382,0.7683,11.19,16.7787,1.0852,3.0655,3.828,10516776.7152,9464913.0727
000166.SZ,20230202,4.24,0.7112,1.6156,11.2966,16.9385,1.0955,3.0946,3.8645,10616936.4934,9555055.102
000166.SZ,20230201,4.23,0.2992,0.6796,11.2699,16.8986,1.0929,3.0873,3.8554,10591896.5489,9532519.5947
000166.SZ,20230131,4.15,0.2477,0.5626,11.0568,16.579,1.0723,3.029,3.7825,10391576.9924,9352235.5361
000166.SZ,20230130,4.18,0.3145,0.7145,11.1367,16.6988,1.08,3.0509,3.8098,10466696.8261,9419842.0581
000166.SZ,20230120,4.21,0.3273,0.7435,11.2166,16.8187,1.0878,3.0728,3.8371,10541816.6598,9487448.58
000166.SZ,20230119,4.24,0.3218,0.7312,11.2966,16.9385,1.0955,3.0946,3.8645,10616936.4934,9555055.102
000166.SZ,20230118,4.18,0.2344,0.5324,11.1367,16.6988,1.08,3.0509,3.8098,10466696.8261,9419842.0581
000166.SZ,20230117,4.18,0.3515,0.7985,11.1367,16.6988,1.08,3.0509,3.8098,10466696.8261,9419842.0581
000166.SZ,20230116,4.15,0.6703,1.5228,11.0568,16.579,1.0723,3.029,3.7825,10391576.9924,9352235.5361
000166.SZ,20230113,4.07,0.2475,0.5623,10.8436,16.2594,1.0516,2.9706,3.7095,10191257.4359,9171951.4776
000166.SZ,20230112,4.02,0.1481,0.3364,10.7104,16.0596,1.0387,2.9341,3.664,10066057.7131,9059273.941
000166.SZ,20230111,4.01,0.1143,0.2596,10.6838,16.0197,1.0361,2.9268,3.6549,10041017.7686,9036738.4337
000166.SZ,20230110,4.02,0.165,0.3748,10.7104,16.0596,1.0387,2.9341,3.664,10066057.7131,9059273.941
000166.SZ,20230109,4.03,0.1977,0.4492,10.7371,16.0996,1.0413,2.9414,3.6731,10091097.6577,9081809.4483
000166.SZ,20230106,4.01,0.1454,0.3303,10.6838,16.0197,1.0361,2.9268,3.6549,10041017.7686,9036738.4337
000166.SZ,20230105,4.02,0.1808,0.4107,10.7104,16.0596,1.0387,2.9341,3.664,10066057.7131,9059273.941
000166.SZ,20230104,3.99,0.1465,0.3329,10.6305,15.9398,1.0309,2.9122,3.6366,9990937.8794,8991667.4191
000166.SZ,20230103,3.98,0.2063,0.4687,10.6039,15.8998,1.0283,2.9049,3.6275,9965897.9349,8969131.9118
000166.SZ,20221230,3.98,0.1368,0.3109,10.6039,15.8998,1.0283,2.9049,3.6275,9965897.9349,8969131.9118
000166.SZ,20221229,3.97,0.1275,0.2896,10.5772,15.8599,1.0258,2.8976,3.6184,9940857.9903,8946596.4045
000166.SZ,20221228,3.99,0.0883,0.2005,10.6305,15.9398,1.0309,2.9122,3.6366,9990937.8794,8991667.4191
000166.SZ,20221227,3.99,0.0919,0.2089,10.6305,15.9398,1.0309,2.9122,3.6366,9990937.8794,8991667.4191
000166.SZ,20221226,3.96,0.1069,0.2428,10.5506,15.8199,1.0232,2.8903,3.6093,9915818.0458,8924060.8971
000166.SZ,20221223,3.96,0.0847,0.1925,10.5506,15.8199,1.0232,2.8903,3.6093,9915818.0458,8924060.8971
000166.SZ,20221222,3.95,0.1104,0.2507,10.5239,15.78,1.0206,2.883,3.6002,9890778.1012,8901525.3898
000166.SZ,20221221,3.96,0.089,0.2023,10.5506,15.8199,1.0232,2.8903,3.6093,9915818.0458,8924060.8971
000166.SZ,20221220,3.98,0.1499,0.3406,10.6039,15.8998,1.0283,2.9049,3.6275,9965897.9349,8969131.9118
000166.SZ,20221219,4.0,0.2386,0.542,10.6571,15.9797,1.0335,2.9195,3.6457,10015977.824,9014202.9264
000166.SZ,20221216,4.1,0.1432,0.3254,10.9236,16.3792,1.0593,2.9925,3.7369,10266377.2696,9239557.9996
000166.SZ,20221215,4.08,0.1228,0.2791,10.8703,16.2993,1.0542,2.9779,3.7187,10216297.3805,9194486.9849
000166.SZ,20221214,4.1,0.1571,0.3569,10.9236,16.3792,1.0593,2.9925,3.7369,10266377.2696,9239557.9996
000166.SZ,20221213,4.1,0.1414,0.3213,10.9236,16.3792,1.0593,2.9925,3.7369,10266377.2696,9239557.9996
000166.SZ,20221212,4.09,0.2671,0.6067,10.8969,16.3393,1.0568,2.9852,3.7278,10241337.325,9217022.4922
000166.SZ,20221209,4.18,0.2813,0.6391,11.1367,16.6988,1.08,3.0509,3.8098,10466696.8261,9419842.0581
000166.SZ,20221208,4.15,0.1629,0.3701,11.0568,16.579,1.0723,3.029,3.7825,10391576.9924,9352235.5361
000166.SZ,20221207,4.17,0.2573,0.5846,11.1101,16.6589,1.0774,3.0436,3.8007,10441656.8815,9397306.5508
000166.SZ,20221206,4.19,0.257,0.5839,11.1634,16.7388,1.0826,3.0582,3.8189,10491736.7706,9442377.5654
000166.SZ,20221205,4.21,0.4107,0.9329,11.2166,16.8187,1.0878,3.0728,3.8371,10541816.6598,9487448.58
000166.SZ,20221202,4.12,0.2071,0.4706,10.9769,16.4591,1.0645,3.0071,3.7551,10316457.1587,9284629.0142
000166.SZ,20221201,4.13,0.3984,0.9051,11.0035,16.4991,1.0671,3.0144,3.7642,10341497.1033,9307164.5215
000166.SZ,20221130,4.13,0.2463,0.5595,11.0035,16.4991,1.0671,3.0144,3.7642,10341497.1033,9307164.5215
000166.SZ,20221129,4.15,0.3806,0.8647,11.0568,16.579,1.0723,3.029,3.7825,10391576.9924,9352235.5361
000166.SZ,20221128,4.05,0.1998,0.4539,10.7904,16.1795,1.0464,2.956,3.6913,10141177.5468,9126880.463
000166.SZ,20221125,4.1,0.2031,0.4614,10.9236,16.3792,1.0593,2.9925,3.7369,10266377.2696,9239557.9996
000166.SZ,20221124,4.07,0.1575,0.3579,10.8436,16.2594,1.0516,2.9706,3.7095,10191257.4359,9171951.4776
000166.SZ,20221123,4.1,0.1811,0.4114,10.9236,16.3792,1.0593,2.9925,3.7369,10266377.2696,9239557.9996
000166.SZ,20221122,4.08,0.1979,0.4497,10.8703,16.2993,1.0542,2.9779,3.7187,10216297.3805,9194486.9849
000166.SZ,20221121,4.06,0.1535,0.3488,10.817,16.2194,1.049,2.9633,3.7004,10166217.4914,9149415.9703
000166.SZ,20221118,4.08,0.1917,0.4355,10.8703,16.2993,1.0542,2.9779,3.7187,10216297.3805,9194486.9849
000166.SZ,20221117,4.14,0.2203,0.5004,11.0301,16.539,1.0697,3.0217,3.7733,10366537.0478,9329700.0288
000166.SZ,20221116,4.12,0.2516,0.5716,10.9769,16.4591,1.0645,3.0071,3.7551,10316457.1587,9284629.0142
000166.SZ,20221115,4.18,0.5425,1.2325,11.1367,16.6988,1.08,3.0509,3.8098,10466696.8261,9419842.0581
000166.SZ,20221114,4.08,0.3297,0.749,10.8703,16.2993,1.0542,2.9779,3.7187,10216297.3805,9194486.9849
000166.SZ,20221111,4.07,0.3375,0.7668,10.8436,16.2594,1.0516,2.9706,3.7095,10191257.4359,9171951.4776
000166.SZ,20221110,4.01,0.123,0.2794,10.6838,16.0197,1.0361,2.9268,3.6549,10041017.7686,9036738.4337
000166.SZ,20221109,4.0,0.1056,0.24,10.6571,15.9797,1.0335,2.9195,3.6457,10015977.824,9014202.9264
000166.SZ,20221108,4.02,0.1371,0.3114,10.7104,16.0596,1.0387,2.9341,3.664,10066057.7131,9059273.941
000166.SZ,20221107,4.05,0.2136,0.4853,10.7904,16.1795,1.0464,2.956,3.6913,10141177.5468,9126880.463
000166.SZ,20221104,4.03,0.2564,0.5826,10.7371,16.0996,1.0413,2.9414,3.6731,10091097.6577,9081809.4483
000166.SZ,20221103,3.97,0.1079,0.2451,10.5772,15.8599,1.0258,2.8976,3.6184,9940857.9903,8946596.4045
000166.SZ,20221102,3.99,0.1702,0.3867,10.6305,15.9398,1.0309,2.9122,3.6366,9990937.8794,8991667.4191
000166.SZ,20221101,3.98,0.2167,0.4924,10.6039,15.8998,1.0283,2.9049,3.6275,9965897.9349,8969131.9118
000166.SZ,20221031,3.89,0.1799,0.4087,10.3641,15.5403,1.0051,2.8392,3.5455,9740538.4338,8766312.3459
000166.SZ,20221028,3.88,0.2149,0.4517,10.3374,11.7917,1.0127,2.8319,3.1293,9715498.4893,8743776.8386
000166.SZ,20221027,3.94,0.1427,0.2999,10.4973,11.9741,1.0284,2.8757,3.1777,9865738.1566,8878989.8825
000166.SZ,20221026,3.94,0.1787,0.3757,10.4973,11.9741,1.0284,2.8757,3.1777,9865738.1566,8878989.8825
000166.SZ,20221025,3.93,0.1779,0.3739,10.4706,11.9437,1.0258,2.8684,3.1696,9840698.2121,8856454.3752
000166.SZ,20221024,3.91,0.2302,0.4838,10.4174,11.8829,1.0206,2.8538,3.1535,9790618.323,8811383.3606
000166.SZ,20221021,3.96,0.2049,0.4308,10.5506,12.0348,1.0336,2.8903,3.1938,9915818.0458,8924060.8971
000166.SZ,20221020,3.95,0.1352,0.2842,10.5239,12.0045,1.031,2.883,3.1857,9890778.1012,8901525.3898
000166.SZ,20221019,3.92,0.0988,0.2078,10.444,11.9133,1.0232,2.8611,3.1616,9815658.2675,8833918.8679
000166.SZ,20221018,3.95,0.1385,0.2911,10.5239,12.0045,1.031,2.883,3.1857,9890778.1012,8901525.3898
000166.SZ,20221017,3.97,0.1372,0.2884,10.5772,12.0652,1.0362,2.8976,3.2019,9940857.9903,8946596.4045
000166.SZ,20221014,3.97,0.1676,0.3522,10.5772,12.0652,1.0362,2.8976,3.2019,9940857.9903,8946596.4045
000166.SZ,20221013,3.96,0.1497,0.3148,10.5506,12.0348,1.0336,2.8903,3.1938,9915818.0458,8924060.8971
000166.SZ,20221012,3.94,0.1912,0.4018,10.4973,11.9741,1.0284,2.8757,3.1777,9865738.1566,8878989.8825
000166.SZ,20221011,3.88,0.1508,0.317,10.3374,11.7917,1.0127,2.8319,3.1293,9715498.4893,8743776.8386
000166.SZ,20221010,3.82,0.156,0.328,10.1776,11.6094,0.9971,2.7881,3.0809,9565258.8219,8608563.7947
000166.SZ,20220930,3.86,0.1477,0.3104,10.2841,11.7309,1.0075,2.8173,3.1132,9665418.6002,8698705.824
000166.SZ,20220929,3.85,0.2365,0.4972,10.2575,11.7005,1.0049,2.81,3.1051,9640378.6556,8676170.3167
000166.SZ,20220928,3.91,0.134,0.2816,10.4174,11.8829,1.0206,2.8538,3.1535,9790618.323,8811383.3606
000166.SZ,20220927,3.95,0.1287,0.2706,10.5239,12.0045,1.031,2.883,3.1857,9890778.1012,8901525.3898
000166.SZ,20220926,3.92,0.203,0.4268,10.444,11.9133,1.0232,2.8611,3.1616,9815658.2675,8833918.8679
000166.SZ,20220923,4.02,0.177,0.372,10.7104,12.2172,1.0493,2.9341,3.2422,10066057.7131,9059273.941
000166.SZ,20220922,4.01,0.1261,0.2651,10.6838,12.1868,1.0467,2.9268,3.2341,10041017.7686,9036738.4337
000166.SZ,20220921,4.0,0.191,0.4014,10.6571,12.1564,1.0441,2.9195,3.2261,10015977.824,9014202.9264
000166.SZ,20220920,4.01,0.132,0.2774,10.6838,12.1868,1.0467,2.9268,3.2341,10041017.7686,9036738.4337
000166.SZ,20220919,4.0,0.1782,0.3746,10.6571,12.1564,1.0441,2.9195,3.2261,10015977.824,9014202.9264
000166.SZ,20220916,4.01,0.4449,0.9351,10.6838,12.1868,1.0467,2.9268,3.2341,10041017.7686,9036738.4337
000166.SZ,20220915,4.18,0.2416,0.5078,11.1367,12.7035,1.091,3.0509,3.3712,10466696.8261,9419842.0581
000166.SZ,20220914,4.2,0.2187,0.4597,11.19,12.7642,1.0963,3.0655,3.3874,10516776.7152,9464913.0727
000166.SZ,20220913,4.25,0.2193,0.461,11.3232,12.9162,1.1093,3.1019,3.4277,10641976.438,9577590.6093
000166.SZ,20220909,4.27,0.2805,0.5897,11.3765,12.977,1.1145,3.1165,3.4438,10692056.3271,9622661.6239
000166.SZ,20220908,4.23,0.1522,0.3199,11.2699,12.8554,1.1041,3.0873,3.4116,10591896.5489,9532519.5947
000166.SZ,20220907,4.24,0.1682,0.3535,11.2966,12.8858,1.1067,3.0946,3.4196,10616936.4934,9555055.102
000166.SZ,20220906,4.26,0.2866,0.6025,11.3499,12.9466,1.1119,3.1092,3.4358,10667016.3826,9600126.1166
000166.SZ,20220905,4.24,0.2549,0.5358,11.2966,12.8858,1.1067,3.0946,3.4196,10616936.4934,9555055.102
000166.SZ,20220902,4.16,0.2162,0.4544,11.0834,12.6427,1.0858,3.0363,3.3551,10416616.937,9374771.0435
000166.SZ,20220901,4.2,0.2726,0.573,11.19,12.7642,1.0963,3.0655,3.3874,10516776.7152,9464913.0727
000166.SZ,20220831,4.18,0.3403,0.7154,11.1367,12.7035,1.091,3.0509,3.3712,10466696.8261,9419842.0581
000166.SZ,20220830,4.15,0.1871,0.4252,11.0568,12.9278,1.1103,3.029,3.4085,10391576.9924,9352235.5361
000166.SZ,20220829,4.14,0.1681,0.3819,11.0301,12.8967,1.1076,3.0217,3.4003,10366537.0478,9329700.0288
000166.SZ,20220826,4.17,0.1672,0.3799,11.1101,12.9901,1.1156,3.0436,3.4249,10441656.8815,9397306.5508
000166.SZ,20220825,4.2,0.2353,0.5347,11.19,13.0836,1.1237,3.0655,3.4496,10516776.7152,9464913.0727
000166.SZ,20220824,4.14,0.28,0.6362,11.0301,12.8967,1.1076,3.0217,3.4003,10366537.0478,9329700.0288
000166.SZ,20220823,4.18,0.2191,0.4978,11.1367,13.0213,1.1183,3.0509,3.4332,10466696.8261,9419842.0581
000166.SZ,20220822,4.17,0.1639,0.3724,11.1101,12.9901,1.1156,3.0436,3.4249,10441656.8815,9397306.5508
000166.SZ,20220819,4.19,0.1798,0.4084,11.1634,13.0524,1.121,3.0582,3.4414,10491736.7706,9442377.5654
000166.SZ,20220818,4.18,0.1726,0.3922,11.1367,13.0213,1.1183,3.0509,3.4332,10466696.8261,9419842.0581
000166.SZ,20220817,4.24,0.285,0.6475,11.2966,13.2082,1.1344,3.0946,3.4824,10616936.4934,9555055.102
000166.SZ,20220816,4.18,0.1559,0.3541,11.1367,13.0213,1.1183,3.0509,3.4332,10466696.8261,9419842.0581
000166.SZ,20220815,4.16,0.1923,0.4369,11.0834,12.959,1.113,3.0363,3.4167,10416616.937,9374771.0435
000166.SZ,20220812,4.19,0.3535,0.8031,11.1634,13.0524,1.121,3.0582,3.4414,10491736.7706,9442377.5654
000166.SZ,20220811,4.18,0.4926,1.1191,11.1367,13.0213,1.1183,3.0509,3.4332,10466696.8261,9419842.0581
000166.SZ,20220810,4.04,0.142,0.3226,10.7637,12.5851,1.0809,2.9487,3.3182,10116137.6022,9104344.9557
000166.SZ,20220809,4.04,0.1209,0.2746,10.7637,12.5851,1.0809,2.9487,3.3182,10116137.6022,9104344.9557
000166.SZ,20220808,4.07,0.1553,0.3529,10.8436,12.6786,1.0889,2.9706,3.3428,10191257.4359,9171951.4776
000166.SZ,20220805,4.02,0.2164,0.4915,10.7104,12.5228,1.0755,2.9341,3.3017,10066057.7131,9059273.941
000166.SZ,20220804,4.04,0.127,0.2885,10.7637,12.5851,1.0527,2.9487,3.3182,10116137.6022,9104344.9557
000166.SZ,20220803,4.02,0.1582,0.3594,10.7104,12.5228,1.0475,2.9341,3.3017,10066057.7131,9059273.941
000166.SZ,20220802,4.02,0.3285,0.7462,10.7104,12.5228,1.0475,2.9341,3.3017,10066057.7131,9059273.941
000166.SZ,20220801,4.1,0.1397,0.3173,10.9236,12.7721,1.0683,2.9925,3.3674,10266377.2696,9239557.9996
000166.SZ,20220729,4.13,0.1625,0.3691,11.0035,12.8655,1.0762,3.0144,3.3921,10341497.1033,9307164.5215
000166.SZ,20220728,4.16,0.1703,0.3869,11.0834,12.959,1.084,3.0363,3.4167,10416616.937,9374771.0435
000166.SZ,20220727,4.13,0.1165,0.2648,11.0035,12.8655,1.0762,3.0144,3.3921,10341497.1033,9307164.5215
000166.SZ,20220726,4.15,0.0971,0.2207,11.0568,12.9278,1.0814,3.029,3.4085,10391576.9924,9352235.5361
000166.SZ,20220725,4.12,0.0883,0.2006,10.9769,12.8344,1.0735,3.0071,3.3839,10316457.1587,9284629.0142
000166.SZ,20220722,4.15,0.1526,0.3467,11.0568,12.9278,1.0814,3.029,3.4085,10391576.9924,9352235.5361
000166.SZ,20220721,4.14,0.1654,0.3758,11.0301,12.8967,1.0788,3.0217,3.4003,10366537.0478,9329700.0288
000166.SZ,20220720,4.15,0.1139,0.2587,11.0568,12.9278,1.0814,3.029,3.4085,10391576.9924,9352235.5361
000166.SZ,20220719,4.13,0.1713,0.3892,11.0035,12.8655,1.0762,3.0144,3.3921,10341497.1033,9307164.5215
000166.SZ,20220718,4.1,0.1755,0.3986,10.9236,12.7721,1.0683,2.9925,3.3674,10266377.2696,9239557.9996
000166.SZ,20220715,4.04,0.2527,0.574,10.7637,12.5851,1.0527,2.9487,3.3182,10116137.6022,9104344.9557
000166.SZ,20220714,4.17,0.1177,0.2675,11.1101,12.9901,1.0866,3.0436,3.4249,10441656.8815,9397306.5508
000166.SZ,20220713,4.17,0.1497,0.34,11.1101,12.9901,1.0866,3.0436,3.4249,10441656.8815,9397306.5508
000166.SZ,20220712,4.17,0.1981,0.4502,11.1101,12.9901,1.0866,3.0436,3.4249,10441656.8815,9397306.5508
000166.SZ,20220711,4.14,0.156,0.3545,11.0301,12.8967,1.0788,3.0217,3.4003,10366537.0478,9329700.0288
000166.SZ,20220708,4.17,0.143,0.3248,11.1101,12.9901,1.0866,3.0436,3.4249,10441656.8815,9397306.5508
000166.SZ,20220707,4.16,0.1382,0.3139,11.0834,12.959,1.084,3.0363,3.4167,10416616.937,9374771.0435
000166.SZ,20220706,4.17,0.1949,0.4429,11.1101,12.9901,1.0866,3.0436,3.4249,10441656.8815,9397306.5508
000166.SZ,20220705,4.2,0.2352,0.5344,11.19,13.0836,1.0944,3.0655,3.4496,10516776.7152,9464913.0727
000166.SZ,20220704,4.24,0.2339,0.5314,11.2966,13.2082,1.1048,3.0946,3.4824,10616936.4934,9555055.102
000166.SZ,20220701,4.24,0.2255,0.5123,11.2966,13.2082,1.1048,3.0946,3.4824,10616936.4934,9555055.102
000166.SZ,20220630,4.29,0.2431,0.5523,11.4298,13.3639,1.1178,3.1311,3.5235,10742136.2162,9667732.6386
000166.SZ,20220629,4.26,0.3482,0.7912,11.3499,13.2705,1.11,3.1092,3.4989,10667016.3826,9600126.1166
000166.SZ,20220628,4.31,0.2985,0.6782,11.4831,13.4262,1.1231,3.1457,3.5399,10792216.1054,9712803.6532
000166.SZ,20220627,4.24,0.2869,0.6517,11.2966,13.2082,1.1048,3.0946,3.4824,10616936.4934,9555055.102
000166.SZ,20220624,4.26,0.2834,0.6438,11.3499,13.2705,1.11,3.1092,3.4989,10667016.3826,9600126.1166
000166.SZ,20220623,4.29,0.4056,0.9215,11.4298,13.3639,1.1178,3.1311,3.5235,10742136.2162,9667732.6386
000166.SZ,20220622,4.19,0.3912,0.8888,11.1634,13.0524,1.0918,3.0582,3.4414,10491736.7706,9442377.5654
000166.SZ,20220621,4.28,0.2961,0.6728,11.4031,13.3328,1.1152,3.1238,3.5153,10717096.2717,9645197.1312
000166.SZ,20220620,4.27,0.2962,0.6729,11.3765,13.3016,1.1126,3.1165,3.5071,10692056.3271,9622661.6239
000166.SZ,20220617,4.31,0.4738,1.0763,11.4831,13.4262,1.1231,3.1457,3.5399,10792216.1054,9712803.6532
000166.SZ,20220616,4.32,0.7657,1.7395,11.5097,13.4574,1.1257,3.153,3.5481,10817256.0499,9735339.1605
000166.SZ,20220615,4.46,1.4728,3.346,11.8827,13.8935,1.1621,3.2552,3.6631,11167815.2738,10050836.2629
000166.SZ,20220614,4.36,0.8156,1.853,11.6163,13.582,1.1361,3.1822,3.581,10917415.8282,9825481.1898
000166.SZ,20220613,4.16,0.5437,1.2353,11.0834,12.959,1.084,3.0363,3.4167,10416616.937,9374771.0435
000166.SZ,20220610,4.18,0.8963,2.0361,11.1367,13.0213,1.0892,3.0509,3.4332,10466696.8261,9419842.0581
000166.SZ,20220609,4.11,0.6196,1.4075,10.9502,12.8032,1.0709,2.9998,3.3757,10291417.2142,9262093.5069
000166.SZ,20220608,4.14,0.4695,1.0666,11.0301,12.8967,1.0788,3.0217,3.4003,10366537.0478,9329700.0288
000166.SZ,20220607,4.08,0.3661,0.8317,10.8703,12.7098,1.0631,2.9779,3.351,10216297.3805,9194486.9849
000166.SZ,20220606,4.11,0.3142,0.7139,10.9502,12.8032,1.0709,2.9998,3.3757,10291417.2142,9262093.5069
000166.SZ,20220602,4.05,0.1821,0.4138,10.7904,12.6163,1.0553,2.956,3.3264,10141177.5468,9126880.463
000166.SZ,20220601,4.03,0.1367,0.3105,10.7371,12.554,1.0501,2.9414,3.31,10091097.6577,9081809.4483
000166.SZ,20220531,4.05,0.2184,0.4961,10.7904,12.6163,1.0553,2.956,3.3264,10141177.5468,9126880.463
000166.SZ,20220530,4.02,0.1485,0.3373,10.7104,12.5228,1.0475,2.9341,3.3017,10066057.7131,9059273.941
000166.SZ,20220527,4.04,0.1847,0.4196,10.7637,12.5851,1.0527,2.9487,3.3182,10116137.6022,9104344.9557
000166.SZ,20220526,4.06,0.2594,0.5893,10.817,12.6475,1.0579,2.9633,3.3346,10166217.4914,9149415.9703
000166.SZ,20220525,4.0,0.1438,0.3268,10.6571,12.4605,1.0423,2.9195,3.2853,10015977.824,9014202.9264
000166.SZ,20220524,3.97,0.2525,0.5736,10.5772,12.3671,1.0345,2.8976,3.2607,9940857.9903,8946596.4045
000166.SZ,20220523,4.05,0.1985,0.451,10.7904,12.6163,1.0553,2.956,3.3264,10141177.5468,9126880.463
000166.SZ,20220520,4.04,0.2361,0.5363,10.7637,12.5851,1.0527,2.9487,3.3182,10116137.6022,9104344.9557
000166.SZ,20220519,4.0,0.1352,0.3071,10.6571,12.4605,1.0423,2.9195,3.2853,10015977.824,9014202.9264
000166.SZ,20220518,4.01,0.1577,0.3583,10.6838,12.4917,1.0449,2.9268,3.2935,10041017.7686,9036738.4337
000166.SZ,20220517,3.99,0.1353,0.3075,10.6305,12.4294,1.0397,2.9122,3.2771,9990937.8794,8991667.4191
000166.SZ,20220516,3.99,0.1749,0.3974,10.6305,12.4294,1.0397,2.9122,3.2771,9990937.8794,8991667.4191
000166.SZ,20220513,4.0,0.1719,0.3906,10.6571,12.4605,1.0423,2.9195,3.2853,10015977.824,9014202.9264
000166.SZ,20220512,3.98,0.1835,0.4168,10.6039,12.3982,1.0371,2.9049,3.2689,9965897.9349,8969131.9118
000166.SZ,20220511,3.98,0.2888,0.656,10.6039,12.3982,1.0371,2.9049,3.2689,9965897.9349,8969131.9118
000166.SZ,20220510,3.99,0.2065,0.4692,10.6305,12.4294,1.0397,2.9122,3.2771,9990937.8794,8991667.4191
000166.SZ,20220509,3.96,0.1298,0.2948,10.5506,12.3359,1.0319,2.8903,3.2525,9915818.0458,8924060.8971
000166.SZ,20220506,3.93,0.2077,0.4719,10.4706,12.2425,1.024,2.8684,3.2278,9840698.2121,8856454.3752
000166.SZ,20220505,4.03,0.3068,0.697,10.7371,12.554,1.0501,2.9414,3.31,10091097.6577,9081809.4483
000166.SZ,20220429,4.09,0.3516,0.7988,10.8969,10.8969,1.0755,2.9852,2.9852,10241337.325,9217022.4922
000166.SZ,20220428,3.96,0.2547,0.5786,10.5506,10.5506,1.0413,2.8903,2.8903,9915818.0458,8924060.8971
000166.SZ,20220427,4.03,0.2875,0.6532,10.7371,10.7371,1.0597,2.9414,2.9414,10091097.6577,9081809.4483
000166.SZ,20220426,3.97,0.3994,0.9074,10.5772,10.5772,1.044,2.8976,2.8976,9940857.9903,8946596.4045
000166.SZ,20220425,4.15,0.4432,1.0068,11.0568,11.0568,1.0913,3.029,3.029,10391576.9924,9352235.5361
000166.SZ,20220422,4.31,0.2125,0.4827,11.4831,11.4831,1.1334,3.1457,3.1457,10792216.1054,9712803.6532
000166.SZ,20220421,4.28,0.2955,0.6712,11.4031,11.4031,1.1255,3.1238,3.1238,10717096.2717,9645197.1312
000166.SZ,20220420,4.3,0.1903,0.4324,11.4564,11.4564,1.1307,3.1384,3.1384,10767176.1608,9690268.1459
000166.SZ,20220419,4.34,0.1715,0.3895,11.563,11.563,1.1413,3.1676,3.1676,10867335.939,9780410.1751
000166.SZ,20220418,4.33,0.2309,0.5246,11.5364,11.5364,1.1386,3.1603,3.1603,10842295.9945,9757874.6678
000166.SZ,20220415,4.39,0.2487,0.5649,11.6962,11.6962,1.1544,3.2041,3.2041,10992535.6618,9893087.7117
000166.SZ,20220414,4.45,0.2843,0.646,11.8561,11.8561,1.1702,3.2479,3.2479,11142775.3292,10028300.7556
000166.SZ,20220413,4.42,0.2699,0.6132,11.7761,11.7761,1.1623,3.226,3.226,11067655.4955,9960694.2337
000166.SZ,20220412,4.47,0.352,0.7996,11.9094,11.9094,1.1754,3.2625,3.2625,11192855.2183,10073371.7703
000166.SZ,20220411,4.36,0.2571,0.584,11.6163,11.6163,1.1465,3.1822,3.1822,10917415.8282,9825481.1898
000166.SZ,20220408,4.44,0.2631,0.5978,11.8294,11.8294,1.1676,3.2406,3.2406,11117735.3846,10005765.2483
000166.SZ,20220407,4.38,0.3171,0.7203,11.6696,11.6696,1.1518,3.1968,3.1968,10967495.7173,9870552.2044
000166.SZ,20220406,4.48,0.3558,0.8082,11.936,11.936,1.1781,3.2698,3.2698,11217895.1629,10095907.2776
000166.SZ,20220401,4.44,0.3193,0.7254,11.8294,11.8294,1.1676,3.2406,3.2406,11117735.3846,10005765.2483
000166.SZ,20220331,4.38,0.2741,0.6227,11.6696,11.6696,1.1518,3.1968,3.1968,10967495.7173,9870552.2044
000166.SZ,20220330,4.41,0.3619,0.7606,14.2189,12.7711,1.184,3.7548,3.3645,11042615.551,9938158.7264
000166.SZ,20220329,4.32,0.1531,0.3218,13.9287,12.5105,1.1599,3.6782,3.2958,10817256.0499,9735339.1605
000166.SZ,20220328,4.31,0.1836,0.386,13.8964,12.4815,1.1572,3.6697,3.2882,10792216.1054,9712803.6532
000166.SZ,20220325,4.28,0.202,0.4246,13.7997,12.3946,1.1491,3.6441,3.2653,10717096.2717,9645197.1312
000166.SZ,20220324,4.3,0.2154,0.4528,13.8642,12.4526,1.1545,3.6612,3.2806,10767176.1608,9690268.1459
000166.SZ,20220323,4.35,0.1671,0.3513,14.0254,12.5974,1.1679,3.7037,3.3187,10892375.8836,9802945.6825
000166.SZ,20220322,4.36,0.2571,0.5405,14.0576,12.6263,1.1706,3.7122,3.3264,10917415.8282,9825481.1898
000166.SZ,20220321,4.34,0.2876,0.6046,13.9932,12.5684,1.1653,3.6952,3.3111,10867335.939,9780410.1751
000166.SZ,20220318,4.39,0.2855,0.6,14.1544,12.7132,1.1787,3.7378,3.3492,10992535.6618,9893087.7117
000166.SZ,20220317,4.38,0.5088,1.0694,14.1221,12.6842,1.176,3.7293,3.3416,10967495.7173,9870552.2044
000166.SZ,20220316,4.44,0.5066,1.0648,14.3156,12.858,1.1921,3.7804,3.3874,11117735.3846,10005765.2483
000166.SZ,20220315,4.24,0.3451,0.7255,13.6707,12.2788,1.1384,3.6101,3.2348,10616936.4934,9555055.102
000166.SZ,20220314,4.37,0.2747,0.5773,14.0899,12.6553,1.1733,3.7208,3.334,10942455.7727,9848016.6971
000166.SZ,20220311,4.42,0.3798,0.7983,14.2511,12.8001,1.1867,3.7633,3.3721,11067655.4955,9960694.2337
000166.SZ,20220310,4.33,0.2267,0.4766,13.9609,12.5394,1.1626,3.6867,3.3035,10842295.9945,9757874.6678
000166.SZ,20220309,4.34,0.3943,0.8287,13.9932,12.5684,1.1653,3.6952,3.3111,10867335.939,9780410.1751
000166.SZ,20220308,4.45,0.2463,0.5178,14.3478,12.8869,1.1948,3.7889,3.395,11142775.3292,10028300.7556
000166.SZ,20220307,4.54,0.2142,0.4501,14.638,13.1476,1.219,3.8655,3.4637,11368134.8302,10231120.3215
000166.SZ,20220304,4.61,0.1701,0.3576,14.8637,13.3503,1.2377,3.9251,3.5171,11543414.4422,10388868.8727
000166.SZ,20220303,4.66,0.1918,0.4031,15.0249,13.4951,1.2512,3.9677,3.5552,11668614.165,10501546.4093
000166.SZ,20220302,4.66,0.2152,0.4523,15.0249,13.4951,1.2512,3.9677,3.5552,11668614.165,10501546.4093
000166.SZ,20220301,4.62,0.1676,0.3524,14.8959,13.3793,1.2404,3.9336,3.5247,11568454.3867,10411404.38
000166.SZ,20220228,4.58,0.165,0.3468,14.767,13.2634,1.2297,3.8996,3.4942,11468294.6085,10321262.3507
000166.SZ,20220225,4.62,0.1791,0.3765,14.8959,13.3793,1.2404,3.9336,3.5247,11568454.3867,10411404.38
000166.SZ,20220224,4.59,0.3868,0.8129,14.7992,13.2924,1.2324,3.9081,3.5018,11493334.553,10343797.858
000166.SZ,20220223,4.74,0.1815,0.3814,15.2829,13.7268,1.2727,4.0358,3.6163,11868933.7214,10681830.4678
000166.SZ,20220222,4.73,0.205,0.4309,15.2506,13.6978,1.27,4.0273,3.6086,11843893.7769,10659294.9605
000166.SZ,20220221,4.8,0.1895,0.3983,15.4763,13.9005,1.2888,4.0869,3.662,12019173.3888,10817043.5117
000166.SZ,20220218,4.75,0.1505,0.3163,15.3151,13.7557,1.2753,4.0443,3.6239,11893973.666,10704365.9751
000166.SZ,20220217,4.73,0.175,0.3678,15.2506,13.6978,1.27,4.0273,3.6086,11843893.7769,10659294.9605
000166.SZ,20220216,4.75,0.1843,0.3875,15.3151,13.7557,1.2753,4.0443,3.6239,11893973.666,10704365.9751
000166.SZ,20220215,4.76,0.1668,0.3505,15.3473,13.7847,1.278,4.0528,3.6315,11919013.6106,10726901.4824
000166.SZ,20220214,4.74,0.3127,0.6573,15.2829,13.7268,1.2727,4.0358,3.6163,11868933.7214,10681830.4678
000166.SZ,20220211,4.87,0.2662,0.5596,15.702,14.1032,1.3076,4.1465,3.7155,12194453.0007,10974792.0629
000166.SZ,20220210,4.86,0.1732,0.3641,15.6698,14.0743,1.3049,4.138,3.7078,12169413.0562,10952256.5556
000166.SZ,20220209,4.86,0.1968,0.4137,15.6698,14.0743,1.3049,4.138,3.7078,12169413.0562,10952256.5556
000166.SZ,20220208,4.87,0.3089,0.6492,15.702,14.1032,1.3076,4.1465,3.7155,12194453.0007,10974792.0629
000166.SZ,20220207,4.78,0.2973,0.6248,15.4118,13.8426,1.2834,4.0698,3.6468,11969093.4997,10771972.497
000166.SZ,20220128,4.67,0.2286,0.4804,15.0572,13.5241,1.2539,3.9762,3.5629,11693654.1095,10524081.9166
000166.SZ,20220127,4.71,0.2585,0.5434,15.1861,13.6399,1.2646,4.0102,3.5934,11793813.8878,10614223.9458
000166.SZ,20220126,4.84,0.2419,0.5085,15.6053,14.0164,1.2995,4.1209,3.6926,12119333.167,10907185.5409
000166.SZ,20220125,4.78,0.363,0.7631,15.4118,13.8426,1.2834,4.0698,3.6468,11969093.4997,10771972.497
000166.SZ,20220124,5.0,0.1795,0.3773,16.1212,14.4797,1.3425,4.2572,3.8146,12519972.28,11267753.658
000166.SZ,20220121,5.03,0.2677,0.5626,16.2179,14.5666,1.3505,4.2827,3.8375,12595092.1137,11335360.1799
000166.SZ,20220120,5.08,0.4051,0.8516,16.3791,14.7114,1.3639,4.3253,3.8757,12720291.8365,11448037.7165
000166.SZ,20220119,5.04,0.2185,0.4592,16.2501,14.5956,1.3532,4.2912,3.8451,12620132.0582,11357895.6873
000166.SZ,20220118,5.07,0.231,0.4856,16.3469,14.6824,1.3613,4.3168,3.868,12695251.8919,11425502.2092
000166.SZ,20220117,5.03,0.189,0.3973,16.2179,14.5666,1.3505,4.2827,3.8375,12595092.1137,11335360.1799
000166.SZ,20220114,5.03,0.3317,0.6972,16.2179,14.5666,1.3505,4.2827,3.8375,12595092.1137,11335360.1799
000166.SZ,20220113,5.14,0.2957,0.6216,16.5725,14.8851,1.38,4.3764,3.9214,12870531.5038,11583250.7604
000166.SZ,20220112,5.13,0.239,0.5025,16.5403,14.8562,1.3774,4.3679,3.9138,12845491.5593,11560715.2531
000166.SZ,20220111,5.12,0.2402,0.5048,16.5081,14.8272,1.3747,4.3593,3.9062,12820451.6147,11538179.7458
000166.SZ,20220110,5.11,0.1723,0.3622,16.4758,14.7983,1.372,4.3508,3.8986,12795411.6702,11515644.2385
000166.SZ,20220107,5.08,0.2088,0.4389,16.3791,14.7114,1.3639,4.3253,3.8757,12720291.8365,11448037.7165
000166.SZ,20220106,5.08,0.2878,0.6049,16.3791,14.7114,1.3639,4.3253,3.8757,12720291.8365,11448037.7165
000166.SZ,20220105,5.12,0.2476,0.5204,16.5081,14.8272,1.3747,4.3593,3.9062,12820451.6147,11538179.7458
000166.SZ,20220104,5.13,0.3172,0.6667,16.5403,14.8562,1.3774,4.3679,3.9138,12845491.5593,11560715.2531
000166.SZ,20211231,5.12,0.2212,0.465,16.5081,14.8272,1.3747,4.3593,3.9062,12820451.6147,11538179.7458
000166.SZ,20211230,5.11,0.2613,0.5492,16.4758,14.7983,1.372,4.3508,3.8986,12795411.6702,11515644.2385
000166.SZ,20211229,5.08,0.1837,0.3861,16.3791,14.7114,1.3639,4.3253,3.8757,12720291.8365,11448037.7165
000166.SZ,20211228,5.11,0.205,0.431,16.4758,14.7983,1.372,4.3508,3.8986,12795411.6702,11515644.2385
000166.SZ,20211227,5.08,0.1746,0.3671,16.3791,14.7114,1.3639,4.3253,3.8757,12720291.8365,11448037.7165
000166.SZ,20211224,5.06,0.2078,0.4368,16.3146,14.6535,1.3586,4.3082,3.8604,12670211.9474,11402966.7019
000166.SZ,20211223,5.1,0.2319,0.4875,16.4436,14.7693,1.3693,4.3423,3.8909,12770371.7256,11493108.7312
000166.SZ,20211222,5.12,0.1869,0.3928,16.5081,14.8272,1.3747,4.3593,3.9062,12820451.6147,11538179.7458
000166.SZ,20211221,5.15,0.2874,0.604,16.6048,14.9141,1.3827,4.3849,3.9291,12895571.4484,11605786.2677
000166.SZ,20211220,5.09,0.3342,0.7025,16.4113,14.7403,1.3666,4.3338,3.8833,12745331.781,11470573.2238
000166.SZ,20211217,5.18,0.3652,0.7677,16.7015,15.001,1.3908,4.4104,3.952,12970691.2821,11673392.7897
000166.SZ,20211216,5.2,0.3561,0.7484,16.766,15.0589,1.3962,4.4275,3.9672,13020771.1712,11718463.8043
000166.SZ,20211215,5.18,0.3228,0.6785,16.7015,15.001,1.3908,4.4104,3.952,12970691.2821,11673392.7897
000166.SZ,20211214,5.18,0.4165,0.8754,16.7015,15.001,1.3908,4.4104,3.952,12970691.2821,11673392.7897
000166.SZ,20211213,5.28,0.754,1.5849,17.0239,15.2906,1.4176,4.4956,4.0283,13221090.7277,11898747.8628
000166.SZ,20211210,5.32,0.7277,1.5297,17.1529,15.4064,1.4284,4.5296,4.0588,13321250.5059,11988889.8921
000166.SZ,20211209,5.29,0.7966,1.6745,17.0562,15.3195,1.4203,4.5041,4.0359,13246130.6722,11921283.3702
000166.SZ,20211208,5.21,0.4195,0.8818,16.7982,15.0879,1.3988,4.436,3.9748,13045811.1158,11740999.3116
000166.SZ,20211207,5.16,0.3998,0.8403,16.637,14.9431,1.3854,4.3934,3.9367,12920611.393,11628321.7751
000166.SZ,20211206,5.17,0.7637,1.6052,16.6693,14.972,1.3881,4.4019,3.9443,12945651.3375,11650857.2824
000166.SZ,20211203,5.13,0.3443,0.7237,16.5403,14.8562,1.3774,4.3679,3.9138,12845491.5593,11560715.2531
000166.SZ,20211202,5.14,0.3994,0.8395,16.5725,14.8851,1.38,4.3764,3.9214,12870531.5038,11583250.7604
000166.SZ,20211201,5.11,0.3285,0.6906,16.4758,14.7983,1.372,4.3508,3.8986,12795411.6702,11515644.2385
000166.SZ,20211130,5.05,0.4108,0.8635,16.2824,14.6245,1.3559,4.2997,3.8528,12645172.0028,11380431.1946
000166.SZ,20211129,5.02,0.3059,0.643,16.1856,14.5376,1.3478,4.2742,3.8299,12570052.1691,11312824.6726
000166.SZ,20211126,5.07,0.2574,0.5411,16.3469,14.6824,1.3613,4.3168,3.868,12695251.8919,11425502.2092
000166.SZ,20211125,5.08,0.3739,0.7858,16.3791,14.7114,1.3639,4.3253,3.8757,12720291.8365,11448037.7165
000166.SZ,20211124,5.16,0.314,0.6599,16.637,14.9431,1.3854,4.3934,3.9367,12920611.393,11628321.7751
000166.SZ,20211123,5.16,0.4658,0.9791,16.637,14.9431,1.3854,4.3934,3.9367,12920611.393,11628321.7751
000166.SZ,20211122,5.14,0.4584,0.9635,16.5725,14.8851,1.38,4.3764,3.9214,12870531.5038,11583250.7604
000166.SZ,20211119,5.18,0.5375,1.1298,16.7015,15.001,1.3908,4.4104,3.952,12970691.2821,11673392.7897
000166.SZ,20211118,5.09,0.4089,0.8594,16.4113,14.7403,1.3666,4.3338,3.8833,12745331.781,11470573.2238
000166.SZ,20211117,5.16,0.4033,0.8478,16.637,14.9431,1.3854,4.3934,3.9367,12920611.393,11628321.7751
000166.SZ,20211116,5.18,0.7912,1.6631,16.7015,15.001,1.3908,4.4104,3.952,12970691.2821,11673392.7897
000166.SZ,20211115,5.38,0.9703,2.0396,17.3464,15.5802,1.4445,4.5807,4.1045,13471490.1733,12124102.936
000166.SZ,20211112,5.63,0.9118,1.9166,18.1524,16.3042,1.5116,4.7936,4.2953,14097488.7873,12687490.6189
000166.SZ,20211111,5.76,1.1782,2.4765,18.5716,16.6806,1.5465,4.9043,4.3945,14423008.0666,12980452.214
000166.SZ,20211110,5.65,0.8201,1.7238,18.2169,16.3621,1.517,4.8106,4.3105,14147568.6764,12732561.6335
000166.SZ,20211109,5.62,1.2036,2.5299,18.1202,16.2752,1.5089,4.7851,4.2876,14072448.8427,12664955.1116
000166.SZ,20211108,5.39,0.4621,0.9712,17.3786,15.6091,1.4472,4.5892,4.1122,13496530.1178,12146638.4433
000166.SZ,20211105,5.35,0.5637,1.185,17.2496,15.4933,1.4364,4.5552,4.0817,13396370.3396,12056496.4141
000166.SZ,20211104,5.33,0.5032,1.0576,17.1852,15.4354,1.4311,4.5381,4.0664,13346290.4505,12011425.3994
000166.SZ,20211103,5.32,0.433,0.9101,17.1529,15.4064,1.4284,4.5296,4.0588,13321250.5059,11988889.8921
000166.SZ,20211102,5.35,0.7939,1.6688,17.2496,15.4933,1.4364,4.5552,4.0817,13396370.3396,12056496.4141
000166.SZ,20211101,5.35,1.0997,2.3115,17.2496,15.4933,1.4364,4.5552,4.0817,13396370.3396,12056496.4141
000166.SZ,20211029,5.13,0.6611,1.502,16.5403,15.5659,1.4636,4.3679,4.0014,12845491.5593,11560715.2531
000166.SZ,20211028,5.17,0.4308,0.9788,16.6693,15.6873,1.475,4.4019,4.0326,12945651.3375,11650857.2824
000166.SZ,20211027,5.21,0.5855,1.3302,16.7982,15.8087,1.4864,4.436,4.0638,13045811.1158,11740999.3116
000166.SZ,20211026,5.39,0.455,1.0337,17.3786,16.3548,1.5378,4.5892,4.2042,13496530.1178,12146638.4433
000166.SZ,20211025,5.53,0.7864,1.7866,17.83,16.7796,1.5777,4.7084,4.3135,13847089.3417,12462135.5457
000166.SZ,20211022,5.43,0.5189,1.1789,17.5076,16.4762,1.5492,4.6233,4.2354,13596689.8961,12236780.4726
000166.SZ,20211021,5.49,0.8539,1.9398,17.701,16.6583,1.5663,4.6744,4.2823,13746929.5634,12371993.5165
000166.SZ,20211020,5.41,0.4451,1.0113,17.4431,16.4155,1.5435,4.6063,4.2198,13546610.007,12191709.458
000166.SZ,20211019,5.39,0.5368,1.2194,17.3786,16.3548,1.5378,4.5892,4.2042,13496530.1178,12146638.4433
000166.SZ,20211018,5.39,0.4993,1.1342,17.3786,16.3548,1.5378,4.5892,4.2042,13496530.1178,12146638.4433
000166.SZ,20211015,5.27,0.501,1.1381,16.9917,15.9907,1.5036,4.4871,4.1106,13196050.7831,11876212.3555
000166.SZ,20211014,5.34,0.3401,0.7727,17.2174,16.2031,1.5235,4.5467,4.1652,13371330.395,12033960.9067
000166.SZ,20211013,5.4,0.4812,1.0932,17.4108,16.3852,1.5407,4.5977,4.212,13521570.0624,12169173.9506
000166.SZ,20211012,5.38,0.7178,1.6308,17.3464,16.3245,1.5349,4.5807,4.1964,13471490.1733,12124102.936
000166.SZ,20211011,5.37,0.672,1.5268,17.3141,16.2942,1.5321,4.5722,4.1886,13446450.2287,12101567.4287
000166.SZ,20211008,5.51,0.6529,1.4832,17.7655,16.719,1.572,4.6914,4.2979,13797009.4526,12417064.5311
000166.SZ,20210930,5.5,0.7386,1.6779,17.7333,16.6886,1.5692,4.6829,4.2901,13771969.508,12394529.0238
000166.SZ,20210929,5.49,0.8123,1.8455,17.701,16.6583,1.5663,4.6744,4.2823,13746929.5634,12371993.5165
000166.SZ,20210928,5.59,0.8361,1.8995,18.0235,16.9617,1.5949,4.7595,4.3603,13997329.009,12597348.5896
000166.SZ,20210927,5.6,1.2047,2.7368,18.0557,16.992,1.5977,4.768,4.3681,14022368.9536,12619884.097
000166.SZ,20210924,5.77,1.3146,2.9865,18.6038,17.5079,1.6462,4.9128,4.5007,14448048.0111,13002987.7213
000166.SZ,20210923,6.04,1.427,3.2419,19.4744,18.3271,1.7232,5.1427,4.7113,15124126.5142,13611446.4189
000166.SZ,20210922,5.93,1.0356,2.3527,19.1197,17.9934,1.6919,5.049,4.6255,14848687.1241,13363555.8384
000166.SZ,20210917,5.96,1.4889,3.3825,19.2164,18.0844,1.7004,5.0745,4.6489,14923806.9578,13431162.3603
000166.SZ,20210916,6.07,1.8894,4.2925,19.5711,18.4182,1.7318,5.1682,4.7347,15199246.3479,13679052.9408
000166.SZ,20210915,5.99,1.7953,4.0786,19.3131,18.1754,1.709,5.1001,4.6723,14998926.7914,13498768.8823
000166.SZ,20210914,6.15,2.1529,4.891,19.829,18.6609,1.7546,5.2363,4.7971,15399565.9044,13859336.9993
000166.SZ,20210913,6.55,2.1735,4.9378,21.1187,19.8746,1.8688,5.5769,5.1091,16401163.6868,14760757.292
000166.SZ,20210910,6.44,3.404,7.7333,20.7641,19.5408,1.8374,5.4832,5.0233,16125724.2966,14512866.7115
000166.SZ,20210909,6.15,2.5747,5.8492,19.829,18.6609,1.7546,5.2363,4.7971,15399565.9044,13859336.9993
000166.SZ,20210908,5.83,2.5144,5.7123,18.7973,17.6899,1.6633,4.9639,4.5475,14598287.6785,13138200.7652
000166.SZ,20210907,6.07,4.2069,9.5573,19.5711,18.4182,1.7318,5.1682,4.7347,15199246.3479,13679052.9408
000166.SZ,20210906,5.87,3.5442,8.0518,18.9262,17.8113,1.6747,4.9979,4.5787,14698447.4567,13228342.7945
000166.SZ,20210903,5.34,3.2579,7.4014,17.2174,16.2031,1.5235,4.5467,4.1652,13371330.395,12033960.9067
000166.SZ,20210902,4.87,0.6431,1.461,15.702,14.777,1.3894,4.1465,3.7986,12194453.0007,10974792.0629
000166.SZ,20210901,4.8,0.7418,1.6853,15.4763,14.5646,1.3695,4.0869,3.744,12019173.3888,10817043.5117
000166.SZ,20210831,4.7,0.4026,0.9147,15.1539,14.2612,1.3409,4.0017,3.666,11768773.9432,10591688.4385
000166.SZ,20210830,4.62,0.2763,0.6276,14.8959,14.0184,1.3181,3.9336,3.6036,11568454.3867,10411404.38
000166.SZ,20210827,4.64,0.2395,0.5442,14.9604,14.1517,1.3197,3.9506,3.8266,11618534.2758,10456475.3946
000166.SZ,20210826,4.66,0.3073,0.6981,15.0249,14.2127,1.3254,3.9677,3.8431,11668614.165,10501546.4093
000166.SZ,20210825,4.67,0.3438,0.7811,15.0572,14.2432,1.3282,3.9762,3.8513,11693654.1095,10524081.9166
000166.SZ,20210824,4.72,0.5811,1.3201,15.2184,14.3957,1.3424,4.0188,3.8926,11818853.8323,10636759.4532
000166.SZ,20210823,4.63,0.2601,0.5909,14.9282,14.1212,1.3169,3.9421,3.8183,11593494.3313,10433939.8873
000166.SZ,20210820,4.65,0.3739,0.8495,14.9927,14.1822,1.3225,3.9592,3.8348,11643574.2204,10479010.9019
000166.SZ,20210819,4.64,0.6819,1.5491,14.9604,14.1517,1.3197,3.9506,3.8266,11618534.2758,10456475.3946
000166.SZ,20210818,4.67,0.9973,2.2657,15.0572,14.2432,1.3282,3.9762,3.8513,11693654.1095,10524081.9166
000166.SZ,20210817,4.44,0.4523,1.0276,14.3156,13.5417,1.2628,3.7804,3.6617,11117735.3846,10005765.2483
000166.SZ,20210816,4.43,0.221,0.502,14.2833,13.5112,1.26,3.7718,3.6534,11092695.4401,9983229.741
000166.SZ,20210813,4.4,0.1638,0.3722,14.1866,13.4197,1.2514,3.7463,3.6287,11017575.6064,9915623.219
000166.SZ,20210812,4.39,0.1265,0.2874,14.1544,13.3892,1.2486,3.7378,3.6204,10992535.6618,9893087.7117
000166.SZ,20210811,4.4,0.1865,0.4236,14.1866,13.4197,1.2514,3.7463,3.6287,11017575.6064,9915623.219
000166.SZ,20210810,4.42,0.2002,0.4547,14.2511,13.4807,1.2571,3.7633,3.6452,11067655.4955,9960694.2337
000166.SZ,20210809,4.4,0.2047,0.4649,14.1866,13.4197,1.2514,3.7463,3.6287,11017575.6064,9915623.219
000166.SZ,20210806,4.33,0.1531,0.3478,13.9609,13.2062,1.2315,3.6867,3.5709,10842295.9945,9757874.6678
000166.SZ,20210805,4.35,0.1703,0.3869,14.0254,13.2672,1.2372,3.7037,3.5874,10892375.8836,9802945.6825
000166.SZ,20210804,4.4,0.1346,0.3058,14.1866,13.4197,1.2514,3.7463,3.6287,11017575.6064,9915623.219
000166.SZ,20210803,4.41,0.2683,0.6094,14.2189,13.4502,1.2543,3.7548,3.6369,11042615.551,9938158.7264
000166.SZ,20210802,4.38,0.3181,0.7226,14.1221,13.3587,1.2457,3.7293,3.6122,10967495.7173,9870552.2044
000166.SZ,20210730,4.29,0.198,0.4499,13.832,13.0842,1.2201,3.6526,3.5379,10742136.2162,9667732.6386
000166.SZ,20210729,4.3,0.2191,0.4978,13.8642,13.1147,1.223,3.6612,3.5462,10767176.1608,9690268.1459
000166.SZ,20210728,4.28,0.2978,0.6765,13.7997,13.0537,1.2173,3.6441,3.5297,10717096.2717,9645197.1312
000166.SZ,20210727,4.37,0.2432,0.5526,14.0899,13.3282,1.2429,3.7208,3.6039,10942455.7727,9848016.6971
000166.SZ,20210726,4.43,0.2526,0.5739,14.2833,13.5112,1.26,3.7718,3.6534,11092695.4401,9983229.741
000166.SZ,20210723,4.49,0.4404,1.0006,14.4768,13.6942,1.277,3.8229,3.7029,11242935.1074,10118442.7849
000166.SZ,20210722,4.51,0.2151,0.4886,14.5413,13.7552,1.2472,3.84,3.7194,11293014.9966,10163513.7995
000166.SZ,20210721,4.49,0.1808,0.4107,14.4768,13.6942,1.2417,3.8229,3.7029,11242935.1074,10118442.7849
000166.SZ,20210720,4.45,0.1255,0.2851,14.3478,13.5722,1.2307,3.7889,3.6699,11142775.3292,10028300.7556
000166.SZ,20210719,4.46,0.1517,0.3446,14.3801,13.6027,1.2334,3.7974,3.6781,11167815.2738,10050836.2629
000166.SZ,20210716,4.47,0.198,0.4498,14.4123,13.6332,1.2362,3.8059,3.6864,11192855.2183,10073371.7703
000166.SZ,20210715,4.46,0.1505,0.342,14.3801,13.6027,1.2334,3.7974,3.6781,11167815.2738,10050836.2629
000166.SZ,20210714,4.45,0.1959,0.445,14.3478,13.5722,1.2307,3.7889,3.6699,11142775.3292,10028300.7556
000166.SZ,20210713,4.5,0.1612,0.3662,14.509,13.7247,1.2445,3.8314,3.7111,11267975.052,10140978.2922
000166.SZ,20210712,4.5,0.3023,0.6869,14.509,13.7247,1.2445,3.8314,3.7111,11267975.052,10140978.2922
000166.SZ,20210709,4.5,0.1521,0.3455,14.509,13.7247,1.2445,3.8314,3.7111,11267975.052,10140978.2922
000166.SZ,20210708,4.49,0.171,0.3885,14.4768,13.6942,1.2417,3.8229,3.7029,11242935.1074,10118442.7849
000166.SZ,20210707,4.51,0.1883,0.4279,14.5413,13.7552,1.2472,3.84,3.7194,11293014.9966,10163513.7995
000166.SZ,20210706,4.52,0.174,0.3953,14.5735,13.7857,1.25,3.8485,3.7276,11318054.9411,10186049.3068
000166.SZ,20210705,4.51,0.193,0.4385,14.5413,13.7552,1.2472,3.84,3.7194,11293014.9966,10163513.7995
000166.SZ,20210702,4.55,0.2442,0.5547,14.6703,13.8772,1.2583,3.874,3.7524,11393174.7748,10253655.8288
000166.SZ,20210701,4.63,0.2218,0.5039,14.9282,14.1212,1.2804,3.9421,3.8183,11593494.3313,10433939.8873
000166.SZ,20210630,4.68,0.1628,0.3697,15.0894,14.2737,1.2943,3.9847,3.8596,11718694.0541,10546617.4239
000166.SZ,20210629,4.67,0.2025,0.4601,15.0572,14.2432,1.2915,3.9762,3.8513,11693654.1095,10524081.9166
000166.SZ,20210628,4.71,0.1837,0.4174,15.1861,14.3652,1.3026,4.0102,3.8843,11793813.8878,10614223.9458
000166.SZ,20210625,4.75,0.4491,1.0202,15.3151,14.4872,1.3136,4.0443,3.9173,11893973.666,10704365.9751
000166.SZ,20210624,4.67,0.2332,0.5298,15.0572,14.2432,1.2915,3.9762,3.8513,11693654.1095,10524081.9166
000166.SZ,20210623,4.64,0.1892,0.4297,14.9604,14.1517,1.2832,3.9506,3.8266,11618534.2758,10456475.3946
000166.SZ,20210622,4.63,0.1651,0.375,14.9282,14.1212,1.2804,3.9421,3.8183,11593494.3313,10433939.8873
000166.SZ,20210621,4.62,0.1883,0.4278,14.8959,14.0907,1.2777,3.9336,3.8101,11568454.3867,10411404.38
000166.SZ,20210618,4.63,0.184,0.418,14.9282,14.1212,1.2804,3.9421,3.8183,11593494.3313,10433939.8873
000166.SZ,20210617,4.62,0.2077,0.4718,14.8959,14.0907,1.2777,3.9336,3.8101,11568454.3867,10411404.38
000166.SZ,20210616,4.61,0.1593,0.3619,14.8637,14.0602,1.2749,3.9251,3.8018,11543414.4422,10388868.8727
000166.SZ,20210615,4.58,0.1892,0.4298,14.767,13.9687,1.2666,3.8996,3.7771,11468294.6085,10321262.3507
000166.SZ,20210611,4.65,0.2736,0.6217,14.9927,14.1822,1.286,3.9592,3.8348,11643574.2204,10479010.9019
000166.SZ,20210610,4.69,0.2121,0.4818,15.1216,14.3042,1.297,3.9932,3.8678,11743733.9986,10569152.9312
000166.SZ,20210609,4.7,0.1707,0.3879,15.1539,14.3347,1.2998,4.0017,3.8761,11768773.9432,10591688.4385
000166.SZ,20210608,4.71,0.2167,0.4922,15.1861,14.3652,1.3026,4.0102,3.8843,11793813.8878,10614223.9458
000166.SZ,20210607,4.7,0.1996,0.4534,15.1539,14.3347,1.2998,4.0017,3.8761,11768773.9432,10591688.4385
000166.SZ,20210604,4.73,0.3468,0.7879,15.2506,14.4262,1.3081,4.0273,3.9008,11843893.7769,10659294.9605
000166.SZ,20210603,4.66,0.2841,0.6454,15.0249,14.2127,1.2887,3.9677,3.8431,11668614.165,10501546.4093
000166.SZ,20210602,4.7,0.2415,0.5486,15.1539,14.3347,1.2998,4.0017,3.8761,11768773.9432,10591688.4385
000166.SZ,20210601,4.74,0.3054,0.6939,15.2829,14.4567,1.3109,4.0358,3.9091,11868933.7214,10681830.4678
000166.SZ,20210531,4.79,0.2683,0.6095,15.4441,14.6092,1.3247,4.0784,3.9503,11994133.4442,10794508.0044
000166.SZ,20210528,4.8,0.432,0.9814,15.4763,14.6397,1.3274,4.0869,3.9585,12019173.3888,10817043.5117
000166.SZ,20210527,4.79,0.3794,0.8619,15.4441,14.6092,1.3247,4.0784,3.9503,11994133.4442,10794508.0044
000166.SZ,20210526,4.77,0.5013,1.1389,15.3796,14.5482,1.3192,4.0613,3.9338,11944053.5551,10749436.9897
000166.SZ,20210525,4.79,0.6034,1.3708,15.4441,14.6092,1.3247,4.0784,3.9503,11994133.4442,10794508.0044
000166.SZ,20210524,4.68,0.2864,0.6507,15.0894,14.2737,1.2943,3.9847,3.8596,11718694.0541,10546617.4239
000166.SZ,20210521,4.62,0.1722,0.3911,14.8959,14.0907,1.2777,3.9336,3.8101,11568454.3867,10411404.38
000166.SZ,20210520,4.66,0.2747,0.624,15.0249,14.2127,1.2887,3.9677,3.8431,11668614.165,10501546.4093
000166.SZ,20210519,4.62,0.1696,0.3852,14.8959,14.0907,1.2777,3.9336,3.8101,11568454.3867,10411404.38
000166.SZ,20210518,4.66,0.2756,0.6261,15.0249,14.2127,1.2887,3.9677,3.8431,11668614.165,10501546.4093
000166.SZ,20210517,4.67,0.4651,1.0567,15.0572,14.2432,1.2915,3.9762,3.8513,11693654.1095,10524081.9166
000166.SZ,20210514,4.82,0.7379,1.6763,15.5408,14.7007,1.333,4.1039,3.975,12069253.2779,10862114.5263
000166.SZ,20210513,4.62,0.1783,0.4051,14.8959,14.0907,1.2777,3.9336,3.8101,11568454.3867,10411404.38
000166.SZ,20210512,4.62,0.1413,0.3211,14.8959,14.0907,1.2777,3.9336,3.8101,11568454.3867,10411404.38
000166.SZ,20210511,4.6,0.2485,0.5647,14.8315,14.0297,1.2721,3.9166,3.7936,11518374.4976,10366333.3654
000166.SZ,20210510,4.53,0.1467,0.3332,14.6058,13.8162,1.2528,3.857,3.7359,11343094.8857,10208584.8141
000166.SZ,20210507,4.51,0.1798,0.4085,14.5413,13.7552,1.2472,3.84,3.7194,11293014.9966,10163513.7995
000166.SZ,20210506,4.53,0.1667,0.3788,14.6058,13.8162,1.2528,3.857,3.7359,11343094.8857,10208584.8141
000166.SZ,20210430,4.52,0.1911,0.4342,14.5735,13.7857,1.25,3.8485,3.7276,11318054.9411,10186049.3068
000166.SZ,20210429,4.56,0.2398,0.504,14.7025,14.7025,1.2907,3.8825,3.8825,11418214.7194,10276191.3361
000166.SZ,20210428,4.47,0.1235,0.2597,14.4123,14.4123,1.2652,3.8059,3.8059,11192855.2183,10073371.7703
000166.SZ,20210427,4.51,0.1413,0.297,14.5413,14.5413,1.2766,3.84,3.84,11293014.9966,10163513.7995
000166.SZ,20210426,4.52,0.1783,0.3748,14.5735,14.5735,1.2794,3.8485,3.8485,11318054.9411,10186049.3068
000166.SZ,20210423,4.56,0.098,0.2061,14.7025,14.7025,1.2907,3.8825,3.8825,11418214.7194,10276191.3361
000166.SZ,20210422,4.58,0.1101,0.2313,14.767,14.767,1.2964,3.8996,3.8996,11468294.6085,10321262.3507
000166.SZ,20210421,4.57,0.103,0.2165,14.7347,14.7347,1.2935,3.891,3.891,11443254.6639,10298726.8434
000166.SZ,20210420,4.6,0.1835,0.3858,14.8315,14.8315,1.302,3.9166,3.9166,11518374.4976,10366333.3654
000166.SZ,20210419,4.63,0.2173,0.4569,14.9282,14.9282,1.3105,3.9421,3.9421,11593494.3313,10433939.8873
000166.SZ,20210416,4.57,0.1536,0.3228,14.7347,14.7347,1.2935,3.891,3.891,11443254.6639,10298726.8434
000166.SZ,20210415,4.55,0.1086,0.2283,14.6703,14.6703,1.2879,3.874,3.874,11393174.7748,10253655.8288
000166.SZ,20210414,4.58,0.1317,0.2769,14.767,14.767,1.2964,3.8996,3.8996,11468294.6085,10321262.3507
000166.SZ,20210413,4.57,0.1792,0.3767,14.7347,14.7347,1.2935,3.891,3.891,11443254.6639,10298726.8434
000166.SZ,20210412,4.61,0.1523,0.3202,14.8637,14.8637,1.3049,3.9251,3.9251,11543414.4422,10388868.8727
000166.SZ,20210409,4.64,0.1402,0.2948,14.9604,14.9604,1.3134,3.9506,3.9506,11618534.2758,10456475.3946
000166.SZ,20210408,4.66,0.2381,0.5005,15.0249,15.0249,1.319,3.9677,3.9677,11668614.165,10501546.4093
000166.SZ,20210407,4.65,0.1838,0.3863,14.9927,14.9927,1.3162,3.9592,3.9592,11643574.2204,10479010.9019
000166.SZ,20210406,4.63,0.1273,0.2675,14.9282,14.9282,1.3105,3.9421,3.9421,11593494.3313,10433939.8873
000166.SZ,20210402,4.64,0.1206,0.2535,14.9604,14.9604,1.3134,3.9506,3.9506,11618534.2758,10456475.3946
000166.SZ,20210401,4.65,0.1277,0.2685,14.9927,14.9927,1.3162,3.9592,3.9592,11643574.2204,10479010.9019
000166.SZ,20210331,4.64,0.1927,0.405,14.9604,14.9604,1.3134,3.9506,3.9506,11618534.2758,10456475.3946
000166.SZ,20210330,4.71,0.1238,0.2869,20.5631,15.7086,1.3514,4.7955,3.9776,11793813.8878,10614223.9458
000166.SZ,20210329,4.7,0.1957,0.4537,20.5195,15.6753,1.3485,4.7853,3.9691,11768773.9432,10591688.4385
000166.SZ,20210326,4.72,0.1362,0.3157,20.6068,15.742,1.3543,4.8057,3.986,11818853.8323,10636759.4532
000166.SZ,20210325,4.72,0.2178,0.5048,20.6068,15.742,1.3543,4.8057,3.986,11818853.8323,10636759.4532
000166.SZ,20210324,4.71,0.3251,0.7535,20.5631,15.7086,1.3514,4.7955,3.9776,11793813.8878,10614223.9458
000166.SZ,20210323,4.69,0.2187,0.5068,20.4758,15.6419,1.3457,4.7752,3.9607,11743733.9986,10569152.9312
000166.SZ,20210322,4.66,0.2007,0.4651,20.3449,15.5419,1.3371,4.7446,3.9353,11668614.165,10501546.4093
000166.SZ,20210319,4.6,0.2056,0.4766,20.0829,15.3418,1.3198,4.6835,3.8847,11518374.4976,10366333.3654
000166.SZ,20210318,4.66,0.2166,0.502,20.3449,15.5419,1.3371,4.7446,3.9353,11668614.165,10501546.4093
000166.SZ,20210317,4.7,0.1516,0.3513,20.5195,15.6753,1.3485,4.7853,3.9691,11768773.9432,10591688.4385
000166.SZ,20210316,4.71,0.1526,0.3538,20.5631,15.7086,1.3514,4.7955,3.9776,11793813.8878,10614223.9458
000166.SZ,20210315,4.68,0.175,0.4057,20.4322,15.6086,1.3428,4.765,3.9522,11718694.0541,10546617.4239
000166.SZ,20210312,4.71,0.2645,0.6131,20.5631,15.7086,1.3514,4.7955,3.9776,11793813.8878,10614223.9458
000166.SZ,20210311,4.7,0.1909,0.4426,20.5195,15.6753,1.3485,4.7853,3.9691,11768773.9432,10591688.4385
000166.SZ,20210310,4.66,0.2366,0.5483,20.3449,15.5419,1.3371,4.7446,3.9353,11668614.165,10501546.4093
000166.SZ,20210309,4.71,0.3066,0.7106,20.5631,15.7086,1.3514,4.7955,3.9776,11793813.8878,10614223.9458
000166.SZ,20210308,4.79,0.2777,0.6436,20.9124,15.9754,1.3744,4.877,4.0451,11994133.4442,10794508.0044
000166.SZ,20210305,4.82,0.2953,0.6845,21.0434,16.0755,1.383,4.9075,4.0705,12069253.2779,10862114.5263
000166.SZ,20210304,4.74,0.1746,0.4046,20.6941,15.8087,1.36,4.8261,4.0029,11868933.7214,10681830.4678
000166.SZ,20210303,4.79,0.1874,0.4343,20.9124,15.9754,1.3744,4.877,4.0451,11994133.4442,10794508.0044
000166.SZ,20210302,4.74,0.2063,0.4782,20.6941,15.8087,1.36,4.8261,4.0029,11868933.7214,10681830.4678
000166.SZ,20210301,4.79,0.3344,0.7751,20.9124,15.9754,1.3744,4.877,4.0451,11994133.4442,10794508.0044
000166.SZ,20210226,4.8,0.2641,0.6121,20.9561,16.0088,1.3772,4.8872,4.0536,12019173.3888,10817043.5117
000166.SZ,20210225,4.85,0.2745,0.6362,21.1744,16.1756,1.3916,4.9381,4.0958,12144373.1116,10929721.0483
000166.SZ,20210224,4.82,0.2652,0.6147,21.0434,16.0755,1.383,4.9075,4.0705,12069253.2779,10862114.5263
000166.SZ,20210223,4.78,0.2154,0.4993,20.8688,15.9421,1.3715,4.8668,4.0367,11969093.4997,10771972.497
000166.SZ,20210222,4.8,0.3793,0.8791,20.9561,16.0088,1.3772,4.8872,4.0536,12019173.3888,10817043.5117
000166.SZ,20210219,4.83,0.3136,0.7268,21.0871,16.1089,1.3858,4.9177,4.0789,12094293.2225,10884650.0336
000166.SZ,20210218,4.73,0.2804,0.6499,20.6505,15.7753,1.3571,4.8159,3.9945,11843893.7769,10659294.9605
000166.SZ,20210210,4.68,0.1502,0.3482,20.4322,15.6086,1.3428,4.765,3.9522,11718694.0541,10546617.4239
000166.SZ,20210209,4.7,0.2355,0.5459,20.5195,15.6753,1.3485,4.7853,3.9691,11768773.9432,10591688.4385
000166.SZ,20210208,4.63,0.1443,0.3344,20.2139,15.4418,1.3284,4.7141,3.91,11593494.3313,10433939.8873
000166.SZ,20210205,4.62,0.1884,0.4366,20.1702,15.4085,1.3256,4.7039,3.9016,11568454.3867,10411404.38
000166.SZ,20210204,4.61,0.3109,0.7207,20.1266,15.3751,1.3227,4.6937,3.8931,11543414.4422,10388868.8727
000166.SZ,20210203,4.73,0.2417,0.5603,20.6505,15.7753,1.3571,4.8159,3.9945,11843893.7769,10659294.9605
000166.SZ,20210202,4.71,0.1784,0.4134,20.5631,15.7086,1.3514,4.7955,3.9776,11793813.8878,10614223.9458
000166.SZ,20210201,4.69,0.1669,0.3869,20.4758,15.6419,1.3457,4.7752,3.9607,11743733.9986,10569152.9312
000166.SZ,20210129,4.68,0.2499,0.5791,20.4322,15.6086,1.3428,4.765,3.9522,11718694.0541,10546617.4239
000166.SZ,20210128,4.7,0.3019,0.6999,20.5195,15.6753,1.3485,4.7853,3.9691,11768773.9432,10591688.4385
000166.SZ,20210127,4.77,0.1914,0.4438,20.8251,15.9087,1.3686,4.8566,4.0282,11944053.5551,10749436.9897
000166.SZ,20210126,4.73,0.3114,0.7218,20.6505,15.7753,1.3571,4.8159,3.9945,11843893.7769,10659294.9605
000166.SZ,20210125,4.81,0.6132,1.4213,20.9997,16.0421,1.3801,4.8973,4.062,12044213.3334,10839579.019
000166.SZ,20210122,4.98,0.5077,1.1768,21.7419,16.6091,1.4289,5.0704,4.2056,12469892.3909,11222682.6434
000166.SZ,20210121,5.09,0.5111,1.1847,22.2222,16.976,1.4604,5.1824,4.2985,12745331.781,11470573.2238
000166.SZ,20210120,5.1,0.4329,1.0034,22.2658,17.0093,1.4633,5.1926,4.3069,12770371.7256,11493108.7312
000166.SZ,20210119,5.14,0.4354,1.0091,22.4405,17.1428,1.4748,5.2333,4.3407,12870531.5038,11583250.7604
000166.SZ,20210118,5.11,0.2977,0.6901,22.3095,17.0427,1.4662,5.2028,4.3154,12795411.6702,11515644.2385
000166.SZ,20210115,5.12,0.3559,0.8249,22.3531,17.076,1.469,5.213,4.3238,12820451.6147,11538179.7458
000166.SZ,20210114,5.13,0.3826,0.8869,22.3968,17.1094,1.4719,5.2231,4.3322,12845491.5593,11560715.2531
000166.SZ,20210113,5.18,0.5463,1.2664,22.6151,17.2762,1.4863,5.2741,4.3745,12970691.2821,11673392.7897
000166.SZ,20210112,5.3,0.769,1.7826,23.139,17.6764,1.5207,5.3962,4.4758,13271170.6168,11943818.8775
000166.SZ,20210111,5.1,0.3704,0.8585,22.2658,17.0093,1.4633,5.1926,4.3069,12770371.7256,11493108.7312
000166.SZ,20210108,5.25,0.3982,0.9229,22.9207,17.5096,1.5063,5.3453,4.4336,13145970.894,11831141.3409
000166.SZ,20210107,5.22,0.4205,0.9747,22.7897,17.4096,1.4977,5.3148,4.4083,13070851.0603,11763534.819
000166.SZ,20210106,5.2,0.3477,0.8059,22.7024,17.3429,1.492,5.2944,4.3914,13020771.1712,11718463.8043
000166.SZ,20210105,5.25,0.4179,0.9687,22.9207,17.5096,1.5063,5.3453,4.4336,13145970.894,11831141.3409
000166.SZ,20210104,5.27,0.5163,1.1967,23.008,17.5763,1.5121,5.3657,4.4505,13196050.7831,11876212.3555
000166.SZ,20201231,5.28,0.6194,1.4358,23.0517,17.6097,1.5149,5.3759,4.4589,13221090.7277,11898747.8628
000166.SZ,20201230,5.15,0.3109,0.7206,22.4841,17.1761,1.4776,5.2435,4.3491,12895571.4484,11605786.2677
000166.SZ,20201229,5.11,0.3029,0.7021,22.3095,17.0427,1.4662,5.2028,4.3154,12795411.6702,11515644.2385
000166.SZ,20201228,5.08,0.2474,0.5734,22.1785,16.9426,1.4576,5.1722,4.29,12720291.8365,11448037.7165
000166.SZ,20201225,5.08,0.2173,0.5038,22.1785,16.9426,1.4576,5.1722,4.29,12720291.8365,11448037.7165
000166.SZ,20201224,5.03,0.1735,0.4021,21.9602,16.7759,1.4432,5.1213,4.2478,12595092.1137,11335360.1799
000166.SZ,20201223,5.06,0.2184,0.5063,22.0912,16.8759,1.4518,5.1519,4.2731,12670211.9474,11402966.7019
000166.SZ,20201222,5.02,0.2704,0.6268,21.9166,16.7425,1.4403,5.1111,4.2394,12570052.1691,11312824.6726
000166.SZ,20201221,5.14,0.2169,0.5029,22.4405,17.1428,1.4748,5.2333,4.3407,12870531.5038,11583250.7604
000166.SZ,20201218,5.09,0.2451,0.568,22.2222,16.976,1.4604,5.1824,4.2985,12745331.781,11470573.2238
000166.SZ,20201217,5.15,0.3201,0.742,22.4841,17.1761,1.4776,5.2435,4.3491,12895571.4484,11605786.2677
000166.SZ,20201216,5.04,0.1914,0.4436,22.0039,16.8092,1.4461,5.1315,4.2562,12620132.0582,11357895.6873
000166.SZ,20201215,5.09,0.1803,0.418,22.2222,16.976,1.4604,5.1824,4.2985,12745331.781,11470573.2238
000166.SZ,20201214,5.08,0.2053,0.4759,22.1785,16.9426,1.4576,5.1722,4.29,12720291.8365,11448037.7165
000166.SZ,20201211,5.09,0.3467,0.8036,22.2222,16.976,1.4604,5.1824,4.2985,12745331.781,11470573.2238
000166.SZ,20201210,5.15,0.2914,0.6755,22.4841,17.1761,1.4776,5.2435,4.3491,12895571.4484,11605786.2677
000166.SZ,20201209,5.17,0.3278,0.7598,22.5714,17.2428,1.4834,5.2639,4.366,12945651.3375,11650857.2824
000166.SZ,20201208,5.33,0.249,0.5772,23.27,17.7764,1.5293,5.4268,4.5011,13346290.4505,12011425.3994
000166.SZ,20201207,5.34,0.3063,0.7101,23.3136,17.8098,1.5322,5.437,4.5096,13371330.395,12033960.9067
000166.SZ,20201204,5.43,0.4163,0.9649,23.7066,18.11,1.558,5.5286,4.5856,13596689.8961,12236780.4726
000166.SZ,20201203,5.53,0.551,1.2772,24.1431,18.4435,1.5867,5.6304,4.67,13847089.3417,12462135.5457
000166.SZ,20201202,5.51,0.6083,1.4101,24.0558,18.3768,1.5809,5.61,4.6532,13797009.4526,12417064.5311
000166.SZ,20201201,5.54,0.6844,1.5865,24.1868,18.4768,1.5895,5.6406,4.6785,13872129.2862,12484671.0531
000166.SZ,20201130,5.4,0.7476,1.733,23.5756,18.0099,1.5494,5.498,4.5603,13521570.0624,12169173.9506
000166.SZ,20201127,5.39,0.3185,0.7384,23.5319,17.9765,1.5465,5.4879,4.5518,13496530.1178,12146638.4433
000166.SZ,20201126,5.3,0.2024,0.4691,23.139,17.6764,1.5207,5.3962,4.4758,13271170.6168,11943818.8775
000166.SZ,20201125,5.28,0.319,0.7394,23.0517,17.6097,1.5149,5.3759,4.4589,13221090.7277,11898747.8628
000166.SZ,20201124,5.36,0.2866,0.6644,23.401,17.8765,1.5379,5.4573,4.5265,13421410.2842,12079031.9214
000166.SZ,20201123,5.4,0.6062,1.4051,23.5756,18.0099,1.5494,5.498,4.5603,13521570.0624,12169173.9506
000166.SZ,20201120,5.3,0.2009,0.4656,23.139,17.6764,1.5207,5.3962,4.4758,13271170.6168,11943818.8775
000166.SZ,20201119,5.29,0.2606,0.604,23.0953,17.643,1.5178,5.386,4.4674,13246130.6722,11921283.3702
000166.SZ,20201118,5.23,0.2566,0.5947,22.8334,17.4429,1.5006,5.325,4.4167,13095891.0049,11786070.3263
000166.SZ,20201117,5.21,0.1998,0.4632,22.7461,17.3762,1.4949,5.3046,4.3998,13045811.1158,11740999.3116
000166.SZ,20201116,5.21,0.2138,0.4955,22.7461,17.3762,1.4949,5.3046,4.3998,13045811.1158,11740999.3116
000166.SZ,20201113,5.15,0.1951,0.4521,22.4841,17.1761,1.4776,5.2435,4.3491,12895571.4484,11605786.2677
000166.SZ,20201112,5.18,0.1929,0.4471,22.6151,17.2762,1.4863,5.2741,4.3745,12970691.2821,11673392.7897
000166.SZ,20201111,5.22,0.2769,0.6419,22.7897,17.4096,1.4977,5.3148,4.4083,13070851.0603,11763534.819
000166.SZ,20201110,5.3,0.3386,0.7849,23.139,17.6764,1.5207,5.3962,4.4758,13271170.6168,11943818.8775
000166.SZ,20201109,5.38,0.568,1.3165,23.4883,17.9432,1.5436,5.4777,4.5434,13471490.1733,12124102.936
000166.SZ,20201106,5.24,0.2986,0.692,22.877,17.4763,1.5035,5.3351,4.4251,13120930.9494,11808605.8336
000166.SZ,20201105,5.25,0.2721,0.6307,22.9207,17.5096,1.5063,5.3453,4.4336,13145970.894,11831141.3409
000166.SZ,20201104,5.18,0.2109,0.4889,22.6151,17.2762,1.4863,5.2741,4.3745,12970691.2821,11673392.7897
000166.SZ,20201103,5.23,0.3159,0.7322,22.8334,17.4429,1.5006,5.325,4.4167,13095891.0049,11786070.3263
000166.SZ,20201102,5.11,0.2963,0.6732,22.3095,17.0427,1.4662,5.2028,4.3154,12795411.6702,11515644.2385
000166.SZ,20201030,5.04,0.3044,0.6916,22.0039,19.2126,1.5273,5.1315,4.5899,12620132.0582,11357895.6873
000166.SZ,20201029,5.2,0.2212,0.5024,22.7024,19.8226,1.5758,5.2944,4.7356,13020771.1712,11718463.8043
000166.SZ,20201028,5.18,0.1731,0.3933,22.6151,19.7463,1.5697,5.2741,4.7174,12970691.2821,11673392.7897
000166.SZ,20201027,5.15,0.1873,0.4256,22.4841,19.632,1.5606,5.2435,4.6901,12895571.4484,11605786.2677
000166.SZ,20201026,5.19,0.2801,0.6363,22.6588,19.7845,1.5728,5.2842,4.7265,12995731.2266,11695928.297
000166.SZ,20201023,5.31,0.1972,0.4479,23.1827,20.2419,1.6091,5.4064,4.8358,13296210.5614,11966354.3848
000166.SZ,20201022,5.36,0.191,0.4339,23.401,20.4325,1.6243,5.4573,4.8813,13421410.2842,12079031.9214
000166.SZ,20201021,5.34,0.1671,0.3796,23.3136,20.3563,1.6182,5.437,4.8631,13371330.395,12033960.9067
000166.SZ,20201020,5.37,0.2327,0.5288,23.4446,20.4706,1.6273,5.4675,4.8904,13446450.2287,12101567.4287
000166.SZ,20201019,5.4,0.3496,0.7942,23.5756,20.585,1.6364,5.498,4.9178,13521570.0624,12169173.9506
000166.SZ,20201016,5.45,0.3122,0.7092,23.7939,20.7756,1.6515,5.549,4.9633,13646769.7852,12281851.4872
000166.SZ,20201015,5.44,0.215,0.4883,23.7502,20.7375,1.6485,5.5388,4.9542,13621729.8406,12259315.9799
000166.SZ,20201014,5.44,0.2507,0.5696,23.7502,20.7375,1.6485,5.5388,4.9542,13621729.8406,12259315.9799
000166.SZ,20201013,5.51,0.3392,0.7707,24.0558,21.0043,1.6697,5.61,5.0179,13797009.4526,12417064.5311
000166.SZ,20201012,5.58,0.5629,1.2789,24.3614,21.2711,1.6909,5.6813,5.0817,13972289.0645,12574813.0823
000166.SZ,20201009,5.41,0.2392,0.5434,23.6192,20.6231,1.6394,5.5082,4.9269,13546610.007,12191709.458
000166.SZ,20200930,5.31,0.2732,0.6206,23.1827,20.2419,1.6091,5.4064,4.8358,13296210.5614,11966354.3848
000166.SZ,20200929,5.43,0.2688,0.6107,23.7066,20.6993,1.6455,5.5286,4.9451,13596689.8961,12236780.4726
000166.SZ,20200928,5.44,0.355,0.8064,23.7502,20.7375,1.6485,5.5388,4.9542,13621729.8406,12259315.9799
000166.SZ,20200925,5.39,0.3159,0.7177,23.5319,20.5469,1.6334,5.4879,4.9087,13496530.1178,12146638.4433
000166.SZ,20200924,5.3,0.2564,0.5825,23.139,20.2038,1.6061,5.3962,4.8267,13271170.6168,11943818.8775
000166.SZ,20200923,5.36,0.2715,0.6168,23.401,20.4325,1.6243,5.4573,4.8813,13421410.2842,12079031.9214
000166.SZ,20200922,5.4,0.5408,1.2286,23.5756,20.585,1.6364,5.498,4.9178,13521570.0624,12169173.9506
000166.SZ,20200921,5.38,0.5763,1.3093,23.4883,20.5087,1.6303,5.4777,4.8995,13471490.1733,12124102.936
000166.SZ,20200918,5.42,0.5379,1.2219,23.6629,20.6612,1.6425,5.5184,4.936,13571649.9515,12214244.9653
000166.SZ,20200917,5.19,0.2673,0.6072,22.6588,19.7845,1.5728,5.2842,4.7265,12995731.2266,11695928.297
000166.SZ,20200916,5.24,0.2278,0.5175,22.877,19.9751,1.5879,5.3351,4.7721,13120930.9494,11808605.8336
000166.SZ,20200915,5.26,0.2028,0.4606,22.9644,20.0513,1.594,5.3555,4.7903,13171010.8386,11853676.8482
000166.SZ,20200914,5.27,0.1933,0.4393,23.008,20.0894,1.597,5.3657,4.7994,13196050.7831,11876212.3555
000166.SZ,20200911,5.27,0.2591,0.5886,23.008,20.0894,1.597,5.3657,4.7994,13196050.7831,11876212.3555
000166.SZ,20200910,5.28,0.4236,0.9624,23.0517,20.1275,1.6,5.3759,4.8085,13221090.7277,11898747.8628
000166.SZ,20200909,5.46,0.337,0.7655,23.8375,20.8137,1.6546,5.5591,4.9724,13671809.7298,12304386.9945
000166.SZ,20200908,5.51,0.3422,0.7774,24.0558,21.0043,1.6697,5.61,5.0179,13797009.4526,12417064.5311
000166.SZ,20200907,5.43,0.4941,1.1225,23.7066,20.6993,1.6455,5.5286,4.9451,13596689.8961,12236780.4726
000166.SZ,20200904,5.56,0.4101,0.9317,24.2741,21.1949,1.6849,5.661,5.0635,13922209.1754,12529742.0677
000166.SZ,20200903,5.64,0.4032,0.9161,24.6234,21.4999,1.7091,5.7424,5.1363,14122528.7318,12710026.1262
000166.SZ,20200902,5.68,0.4421,1.0045,24.798,21.6523,1.7212,5.7831,5.1728,14222688.5101,12800168.1555
000166.SZ,20200901,5.68,0.3786,0.8602,24.798,21.6523,1.7212,5.7831,5.1728,14222688.5101,12800168.1555
000166.SZ,20200831,5.64,0.6644,1.5401,24.6234,21.4999,1.7091,5.7424,5.1363,14122528.7318,12710026.1262
000166.SZ,20200828,5.74,0.5264,1.2201,25.06,24.5248,1.7345,5.8442,5.3563,14372928.1774,12935381.1994
000166.SZ,20200827,5.58,0.265,0.6142,24.3614,23.8412,1.6862,5.6813,5.207,13972289.0645,12574813.0823
000166.SZ,20200826,5.53,0.5396,1.2508,24.1431,23.6276,1.6711,5.6304,5.1604,13847089.3417,12462135.5457
000166.SZ,20200825,5.7,0.4414,1.0231,24.8853,24.3539,1.7224,5.8035,5.319,14272768.3992,12845239.1701
000166.SZ,20200824,5.69,0.3264,0.7565,24.8417,24.3112,1.7194,5.7933,5.3097,14247728.4546,12822703.6628
000166.SZ,20200821,5.72,0.3932,0.9115,24.9727,24.4394,1.7285,5.8239,5.3377,14322848.2883,12890310.1848
000166.SZ,20200820,5.66,0.5342,1.2383,24.7107,24.183,1.7104,5.7628,5.2817,14172608.621,12755097.1409
000166.SZ,20200819,5.85,0.655,1.5182,25.5402,24.9948,1.726,5.9562,5.459,14648367.5676,13183271.7799
000166.SZ,20200818,5.88,0.5547,1.2859,25.6712,25.123,1.7349,5.9868,5.487,14723487.4013,13250878.3018
000166.SZ,20200817,5.92,1.133,2.6263,25.8458,25.2939,1.7467,6.0275,5.5243,14823647.1795,13341020.3311
000166.SZ,20200814,5.68,0.4227,0.9798,24.798,24.2685,1.6759,5.7831,5.3003,14222688.5101,12800168.1555
000166.SZ,20200813,5.57,0.3715,0.8611,24.3178,23.7985,1.6434,5.6711,5.1977,13947249.1199,12552277.575
000166.SZ,20200812,5.54,0.4751,1.1012,24.1868,23.6703,1.6346,5.6406,5.1697,13872129.2862,12484671.0531
000166.SZ,20200811,5.58,0.6263,1.4517,24.3614,23.8412,1.6464,5.6813,5.207,13972289.0645,12574813.0823
000166.SZ,20200810,5.68,0.6412,1.4862,24.798,24.2685,1.6759,5.7831,5.3003,14222688.5101,12800168.1555
000166.SZ,20200807,5.65,0.9992,2.316,24.667,24.1403,1.667,5.7526,5.2723,14147568.6764,12732561.6335
000166.SZ,20200806,5.88,1.033,2.3944,25.6712,25.123,1.7349,5.9868,5.487,14723487.4013,13250878.3018
000166.SZ,20200805,5.8,0.5493,1.2733,25.3219,24.7812,1.7113,5.9053,5.4123,14523167.8448,13070594.2433
000166.SZ,20200804,5.87,0.7046,1.6332,25.6275,25.0803,1.732,5.9766,5.4776,14698447.4567,13228342.7945
000166.SZ,20200803,5.91,0.9558,2.2156,25.8022,25.2512,1.7438,6.0173,5.515,14798607.235,13318484.8238
000166.SZ,20200731,5.83,0.7978,1.8491,25.4529,24.9094,1.7201,5.9359,5.4403,14598287.6785,13138200.7652
000166.SZ,20200730,5.77,0.6495,1.5056,25.1909,24.653,1.7024,5.8748,5.3843,14448048.0111,13002356.9963
000166.SZ,20200729,5.81,1.0105,2.3424,25.3656,24.8239,1.7142,5.9155,5.4216,14548207.7894,13092494.6531
000166.SZ,20200728,5.64,0.5903,1.3683,24.6234,24.0976,1.6641,5.7424,5.263,14122528.7318,12709409.6116
000166.SZ,20200727,5.66,0.9249,2.144,24.7107,24.183,1.67,5.7628,5.2817,14172608.621,12754478.44
000166.SZ,20200724,5.49,1.0759,2.494,23.9685,23.4567,1.6198,5.5897,5.123,13746929.5634,12371393.3985
000166.SZ,20200723,5.78,1.2324,2.8569,25.2346,24.6957,1.7054,5.8849,5.3936,14473087.9557,13024891.4105
000166.SZ,20200722,5.81,1.3076,3.0311,25.3656,24.8239,1.7142,5.9155,5.4216,14548207.7894,13092494.6531
000166.SZ,20200721,5.78,0.9016,2.0899,25.2346,24.6957,1.7054,5.8849,5.3936,14473087.9557,13024891.4105
000166.SZ,20200720,5.86,1.2751,2.9557,25.5839,25.0375,1.729,5.9664,5.4683,14673407.5122,13205166.7241
000166.SZ,20200717,5.56,1.3838,3.2078,24.2741,23.7558,1.6405,5.661,5.1884,13922209.1754,12529134.298
000166.SZ,20200716,5.79,1.5283,3.5427,25.2783,24.7385,1.7083,5.8951,5.403,14498127.9002,13047425.8247
000166.SZ,20200715,6.09,1.4311,3.3175,26.588,26.0202,1.7969,6.2006,5.6829,15249326.237,13723458.2508
000166.SZ,20200714,6.3,1.497,3.4703,27.5048,26.9175,1.8588,6.4144,5.8789,15775165.0728,14196680.9492
000166.SZ,20200713,6.28,1.8664,4.3266,27.4175,26.832,1.8529,6.394,5.8602,15725085.1837,14151612.1207
000166.SZ,20200710,6.17,2.0498,4.7517,26.9373,26.3621,1.8205,6.282,5.7576,15449645.7935,13903733.5645
000166.SZ,20200709,6.52,2.2121,5.1277,28.4653,27.8575,1.9237,6.6384,6.0842,16326043.8531,14692438.0617
000166.SZ,20200708,6.7,2.7078,6.2768,29.2512,28.6265,1.9768,6.8216,6.2522,16776762.8552,15098057.5174
000166.SZ,20200707,6.36,3.0379,7.0421,27.7668,27.1739,1.8765,6.4755,5.9349,15925404.7402,14331887.4344
000166.SZ,20200706,6.53,2.6748,6.2003,28.509,27.9002,1.9267,6.6486,6.0935,16351083.7977,14714972.4759
000166.SZ,20200703,5.94,2.2077,5.1176,25.9331,25.3794,1.7526,6.0479,5.543,14873727.0686,13385442.0378
000166.SZ,20200702,5.4,1.3328,3.0897,23.5756,23.0721,1.5933,5.498,5.039,13521570.0624,12168583.6707
000166.SZ,20200701,5.11,0.847,1.9635,22.3095,21.8331,1.5077,5.2028,4.7684,12795411.6702,11515085.6588
000166.SZ,20200630,5.05,0.8274,1.9179,22.0475,21.5767,1.49,5.1417,4.7124,12645172.0028,11379879.1735
000166.SZ,20200629,4.81,0.574,1.3305,20.9997,20.5513,1.4192,4.8973,4.4885,12044213.3334,10839053.2326
000166.SZ,20200624,4.84,0.5282,1.2243,21.1307,20.6795,1.428,4.9279,4.5165,12119333.167,10906656.4752
000166.SZ,20200623,4.87,0.8255,1.9135,21.2617,20.8077,1.4369,4.9584,4.5445,12194453.0007,10974259.7178
000166.SZ,20200622,4.91,1.5733,3.647,21.4363,20.9786,1.4487,4.9991,4.5818,12294612.779,11064397.3747
000166.SZ,20200619,4.6,0.6094,1.4127,20.0829,19.654,1.3572,4.6835,4.2925,11518374.4976,10365830.5343
000166.SZ,20200618,4.46,0.1774,0.4113,19.4717,19.0559,1.3159,4.541,4.1619,11167815.2738,10050348.7354
000166.SZ,20200617,4.43,0.1663,0.3856,19.3407,18.9277,1.3071,4.5104,4.1339,11092695.4401,9982745.4928
000166.SZ,20200616,4.41,0.1317,0.3053,19.2534,18.8422,1.3012,4.4901,4.1152,11042615.551,9937676.6644
000166.SZ,20200615,4.37,0.1818,0.4214,19.0788,18.6713,1.2894,4.4493,4.0779,10942455.7727,9847539.0076
000166.SZ,20200612,4.4,0.2036,0.4719,19.2097,18.7995,1.2982,4.4799,4.1059,11017575.6064,9915142.2502
000166.SZ,20200611,4.43,0.199,0.4613,19.3407,18.9277,1.3071,4.5104,4.1339,11092695.4401,9982745.4928
000166.SZ,20200610,4.45,0.1392,0.3226,19.428,19.0132,1.313,4.5308,4.1525,11142775.3292,10027814.3212
000166.SZ,20200609,4.51,0.2251,0.5218,19.69,19.2695,1.3307,4.5919,4.2085,11293014.9966,10163020.8065
000166.SZ,20200608,4.46,0.1244,0.2883,19.4717,19.0559,1.3159,4.541,4.1619,11167815.2738,10050348.7354
000166.SZ,20200605,4.49,0.1485,0.3442,19.6027,19.1841,1.3248,4.5715,4.1899,11242935.1074,10117951.978
000166.SZ,20200604,4.45,0.1166,0.2703,19.428,19.0132,1.313,4.5308,4.1525,11142775.3292,10027814.3212
000166.SZ,20200603,4.46,0.1471,0.3411,19.4717,19.0559,1.3159,4.541,4.1619,11167815.2738,10050348.7354
000166.SZ,20200602,4.51,0.1853,0.4296,19.69,19.2695,1.3307,4.5919,4.2085,11293014.9966,10163020.8065
000166.SZ,20200601,4.51,0.3502,0.8118,19.69,19.2695,1.3307,4.5919,4.2085,11293014.9966,10163020.8065
000166.SZ,20200529,4.32,0.1093,0.2534,18.8605,18.4577,1.2746,4.3984,4.0312,10817256.0499,9734866.9366
000166.SZ,20200528,4.37,0.1281,0.297,19.0788,18.6713,1.2894,4.4493,4.0779,10942455.7727,9847539.0076
000166.SZ,20200527,4.33,0.145,0.3362,18.9041,18.5004,1.2776,4.4086,4.0406,10842295.9945,9757401.3508
000166.SZ,20200526,4.44,0.1269,0.2943,19.3844,18.9704,1.31,4.5206,4.1432,11117735.3846,10005279.907
000166.SZ,20200525,4.45,0.105,0.2435,19.428,19.0132,1.313,4.5308,4.1525,11142775.3292,10027814.3212
000166.SZ,20200522,4.44,0.1474,0.3416,19.3844,18.9704,1.31,4.5206,4.1432,11117735.3846,10005279.907
000166.SZ,20200521,4.48,0.1089,0.2524,19.559,19.1413,1.3218,4.5613,4.1805,11217895.1629,10095417.5638
000166.SZ,20200520,4.48,0.1305,0.3024,19.559,19.1413,1.3218,4.5613,4.1805,11217895.1629,10095417.5638
000166.SZ,20200519,4.48,0.1201,0.2785,19.559,19.1413,1.3218,4.5613,4.1805,11217895.1629,10095417.5638
000166.SZ,20200518,4.46,0.0964,0.2235,19.4717,19.0559,1.3159,4.541,4.1619,11167815.2738,10050348.7354
000166.SZ,20200515,4.46,0.1029,0.2386,19.4717,19.0559,1.3159,4.541,4.1619,11167815.2738,10050348.7354
000166.SZ,20200514,4.48,0.0965,0.2238,19.559,19.1413,1.3218,4.5613,4.1805,11217895.1629,10095417.5638
000166.SZ,20200513,4.53,0.162,0.3756,19.7773,19.355,1.3366,4.6122,4.2272,11343094.8857,10208089.6349
000166.SZ,20200512,4.5,0.2312,0.5359,19.6463,19.2268,1.3277,4.5817,4.1992,11267975.052,10140486.3923
000166.SZ,20200511,4.49,0.1857,0.4305,19.6027,19.1841,1.3248,4.5715,4.1899,11242935.1074,10117951.978
000166.SZ,20200508,4.48,0.2343,0.5431,19.559,19.1413,1.3218,4.5613,4.1805,11217895.1629,10095417.5638
000166.SZ,20200507,4.42,0.1814,0.4205,19.2971,18.885,1.3041,4.5003,4.1246,11067655.4955,9960211.0786
000166.SZ,20200506,4.44,0.279,0.6469,19.3844,18.9704,1.31,4.5206,4.1432,11117735.3846,10005279.907
000166.SZ,20200430,4.37,0.2196,0.509,19.0788,18.6713,1.2894,4.4493,4.0779,10942455.7727,9847539.0076
000166.SZ,20200429,4.28,0.1003,0.2326,18.6858,18.6858,1.288,4.3577,4.3577,10717096.2717,9644729.2797
000166.SZ,20200428,4.27,0.1884,0.4367,18.6422,18.6422,1.285,4.3475,4.3475,10692056.3271,9622194.8655
000166.SZ,20200427,4.25,0.1156,0.2679,18.5549,18.5549,1.279,4.3272,4.3272,10641976.438,9577126.0371
000166.SZ,20200424,4.27,0.114,0.2642,18.6422,18.6422,1.285,4.3475,4.3475,10692056.3271,9622194.8655
000166.SZ,20200423,4.32,0.0885,0.2051,18.8605,18.8605,1.3001,4.3984,4.3984,10817256.0499,9734866.9366
000166.SZ,20200422,4.35,0.0966,0.2239,18.9914,18.9914,1.3091,4.429,4.429,10892375.8836,9802470.1792
000166.SZ,20200421,4.35,0.1495,0.3466,18.9914,18.9914,1.3091,4.429,4.429,10892375.8836,9802470.1792
000166.SZ,20200420,4.41,0.1065,0.2468,19.2534,19.2534,1.3271,4.4901,4.4901,11042615.551,9937676.6644
000166.SZ,20200417,4.41,0.1477,0.3424,19.2534,19.2534,1.3271,4.4901,4.4901,11042615.551,9937676.6644
000166.SZ,20200416,4.41,0.1793,0.4156,19.2534,19.2534,1.3271,4.4901,4.4901,11042615.551,9937676.6644
000166.SZ,20200415,4.4,0.1583,0.3669,19.2097,19.2097,1.3241,4.4799,4.4799,11017575.6064,9915142.2502
000166.SZ,20200414,4.45,0.2016,0.4674,19.428,19.428,1.3392,4.5308,4.5308,11142775.3292,10027814.3212
000166.SZ,20200413,4.37,0.1048,0.243,19.0788,19.0788,1.3151,4.4493,4.4493,10942455.7727,9847539.0076
000166.SZ,20200410,4.4,0.1397,0.3238,19.2097,19.2097,1.3241,4.4799,4.4799,11017575.6064,9915142.2502
000166.SZ,20200409,4.43,0.195,0.452,19.3407,19.3407,1.3332,4.5104,4.5104,11092695.4401,9982745.4928
000166.SZ,20200408,4.43,0.1393,0.3228,19.3407,19.3407,1.3332,4.5104,4.5104,11092695.4401,9982745.4928
000166.SZ,20200407,4.46,0.2395,0.5551,19.4717,19.4717,1.3422,4.541,4.541,11167815.2738,10050348.7354
000166.SZ,20200403,4.39,0.124,0.2876,19.1661,19.1661,1.3211,4.4697,4.4697,10992535.6618,9892607.836
000166.SZ,20200402,4.44,0.1446,0.3352,19.3844,19.3844,1.3362,4.5206,4.5206,11117735.3846,10005279.907
000166.SZ,20200401,4.38,0.1459,0.3383,19.1224,19.1224,1.3181,4.4595,4.4595,10967495.7173,9870073.4218
000166.SZ,20200331,4.41,0.1367,0.3169,19.2534,19.2534,1.3271,4.4901,4.4901,11042615.551,9937676.6644
000166.SZ,20200330,4.41,0.1517,0.3517,19.2534,19.2534,1.3271,4.4901,4.4901,11042615.551,9937676.6644
000166.SZ,20200327,4.46,0.1681,0.3897,26.8445,19.9235,1.3613,7.31,5.0006,11167815.2738,10050348.7354
000166.SZ,20200326,4.45,0.1413,0.3275,26.7843,19.8788,1.3582,7.2936,4.9894,11142775.3292,10027814.3212
000166.SZ,20200325,4.52,0.2404,0.5573,27.2056,20.1915,1.3796,7.4084,5.0679,11318054.9411,10185555.2207
000166.SZ,20200324,4.47,0.2417,0.5604,26.9047,19.9681,1.3643,7.3264,5.0118,11192855.2183,10072883.1496
000166.SZ,20200323,4.42,0.2439,0.5653,26.6037,19.7448,1.3491,7.2445,4.9558,11067655.4955,9960211.0786
000166.SZ,20200320,4.54,0.3939,0.913,27.326,20.2808,1.3857,7.4411,5.0903,11368134.8302,10230624.0491
000166.SZ,20200319,4.39,0.3057,0.7087,26.4232,19.6108,1.3399,7.1953,4.9221,10992535.6618,9892607.836
000166.SZ,20200318,4.38,0.2483,0.5756,26.363,19.5661,1.3369,7.1789,4.9109,10967495.7173,9870073.4218
000166.SZ,20200317,4.48,0.2837,0.6577,26.9649,20.0128,1.3674,7.3428,5.023,11217895.1629,10095417.5638
000166.SZ,20200316,4.47,0.3065,0.7105,26.9047,19.9681,1.3643,7.3264,5.0118,11192855.2183,10072883.1496
000166.SZ,20200313,4.62,0.3682,0.8534,27.8075,20.6382,1.4101,7.5723,5.18,11568454.3867,10410899.3627
000166.SZ,20200312,4.67,0.3416,0.7919,28.1085,20.8616,1.4254,7.6542,5.2361,11693654.1095,10523571.4337
000166.SZ,20200311,4.79,0.3349,0.7764,28.8307,21.3976,1.462,7.8509,5.3706,11994133.4442,10793984.4042
000166.SZ,20200310,4.9,0.5035,1.1672,29.4928,21.889,1.4956,8.0312,5.4939,12269572.8344,11041862.9605
000166.SZ,20200309,4.79,0.4194,0.9723,28.8307,21.3976,1.462,7.8509,5.3706,11994133.4442,10793984.4042
000166.SZ,20200306,4.9,0.4137,0.959,29.4928,21.889,1.4956,8.0312,5.4939,12269572.8344,11041862.9605
000166.SZ,20200305,5.0,0.8469,1.9632,30.0947,22.3357,1.5261,8.1951,5.6061,12519972.28,11267207.1025
000166.SZ,20200304,4.92,0.4631,1.0736,29.6132,21.9784,1.5017,8.064,5.5164,12319652.7235,11086931.7889
000166.SZ,20200303,4.87,0.4731,1.0967,29.3123,21.755,1.4864,7.982,5.4603,12194453.0007,10974259.7178
000166.SZ,20200302,4.86,0.4533,1.0509,29.2521,21.7103,1.4834,7.9656,5.4491,12169413.0562,10951725.3036
000166.SZ,20200228,4.68,0.423,0.9805,28.1687,20.9062,1.4284,7.6706,5.2473,11718694.0541,10546105.8479
000166.SZ,20200227,4.87,0.367,0.8508,29.3123,21.755,1.4864,7.982,5.4603,12194453.0007,10974259.7178
000166.SZ,20200226,4.88,0.5311,1.2311,29.3724,21.7997,1.4895,7.9984,5.4715,12219492.9453,10996794.132
000166.SZ,20200225,4.99,0.6007,1.3925,30.0345,22.2911,1.5231,8.1787,5.5948,12494932.3354,11244672.6883
000166.SZ,20200224,4.89,0.3477,0.8061,29.4326,21.8443,1.4925,8.0148,5.4827,12244532.8898,11019328.5462
000166.SZ,20200221,4.91,0.525,1.2171,29.553,21.9337,1.4986,8.0476,5.5051,12294612.779,11064397.3747
000166.SZ,20200220,4.94,0.5765,1.3364,29.7336,22.0677,1.5078,8.0967,5.5388,12369732.6126,11132000.6173
000166.SZ,20200219,4.7,0.2751,0.6376,28.289,20.9956,1.4345,7.7034,5.2697,11768773.9432,10591174.6764
000166.SZ,20200218,4.7,0.268,0.6212,28.289,20.9956,1.4345,7.7034,5.2697,11768773.9432,10591174.6764
000166.SZ,20200217,4.7,0.4217,0.9775,28.289,20.9956,1.4345,7.7034,5.2697,11768773.9432,10591174.6764
000166.SZ,20200214,4.5,0.2353,0.5456,27.0852,20.1022,1.3735,7.3756,5.0454,11267975.052,10140486.3923
000166.SZ,20200213,4.46,0.194,0.4497,26.8445,19.9235,1.3613,7.31,5.0006,11167815.2738,10050348.7354
000166.SZ,20200212,4.54,0.2394,0.5549,27.326,20.2808,1.3857,7.4411,5.0903,11368134.8302,10230624.0491
000166.SZ,20200211,4.49,0.2111,0.4894,27.0251,20.0575,1.3705,7.3592,5.0342,11242935.1074,10117951.978
000166.SZ,20200210,4.48,0.2075,0.481,26.9649,20.0128,1.3674,7.3428,5.023,11217895.1629,10095417.5638
000166.SZ,20200207,4.45,0.2404,0.5573,26.7843,19.8788,1.3582,7.2936,4.9894,11142775.3292,10027814.3212
000166.SZ,20200206,4.47,0.338,0.7836,26.9047,19.9681,1.3643,7.3264,5.0118,11192855.2183,10072883.1496
000166.SZ,20200205,4.38,0.2997,0.6948,26.363,19.5661,1.3369,7.1789,4.9109,10967495.7173,9870073.4218
000166.SZ,20200204,4.33,0.4324,1.0023,26.062,19.3427,1.3216,7.0969,4.8548,10842295.9945,9757401.3508
000166.SZ,20200203,4.34,0.1436,0.333,26.1222,19.3874,1.3247,7.1133,4.8661,10867335.939,9779935.765
000166.SZ,20200123,4.82,0.3077,0.7133,29.0113,21.5316,1.4712,7.9001,5.4042,12069253.2779,10861587.6468
000166.SZ,20200122,5.0,0.2443,0.5663,30.0947,22.3357,1.5261,8.1951,5.6061,12519972.28,11267207.1025
000166.SZ,20200121,5.0,0.2138,0.4955,30.0947,22.3357,1.5261,8.1951,5.6061,12519972.28,11267207.1025
000166.SZ,20200120,5.07,0.1976,0.458,30.516,22.6484,1.5475,8.3098,5.6845,12695251.8919,11424948.0019
000166.SZ,20200117,5.03,0.194,0.4496,30.2753,22.4697,1.5353,8.2443,5.6397,12595092.1137,11334810.3451
000166.SZ,20200116,5.01,0.1596,0.3701,30.1549,22.3804,1.5292,8.2115,5.6173,12545012.2246,11289741.5167
000166.SZ,20200115,5.02,0.1822,0.4223,30.2151,22.4251,1.5322,8.2279,5.6285,12570052.1691,11312275.9309
000166.SZ,20200114,5.06,0.2071,0.4802,30.4559,22.6038,1.5444,8.2934,5.6733,12670211.9474,11402413.5877
000166.SZ,20200113,5.08,0.2748,0.6371,30.5762,22.6931,1.5505,8.3262,5.6957,12720291.8365,11447482.4161
000166.SZ,20200110,5.05,0.3068,0.7113,30.3957,22.5591,1.5414,8.277,5.6621,12645172.0028,11379879.1735
000166.SZ,20200109,5.07,0.2696,0.6251,30.516,22.6484,1.5475,8.3098,5.6845,12695251.8919,11424948.0019
000166.SZ,20200108,5.04,0.3763,0.8724,30.3355,22.5144,1.5383,8.2606,5.6509,12620132.0582,11357344.7593
000166.SZ,20200107,5.16,0.3207,0.7435,31.0578,23.0505,1.575,8.4573,5.7854,12920611.393,11627757.7298
000166.SZ,20200106,5.12,0.41,0.9505,30.817,22.8718,1.5627,8.3918,5.7406,12820451.6147,11537620.073
000166.SZ,20200103,5.16,0.3291,0.763,31.0578,23.0505,1.575,8.4573,5.7854,12920611.393,11627757.7298
000166.SZ,20200102,5.15,0.5436,1.26,30.9976,23.0058,1.5719,8.4409,5.7742,12895571.4484,11605223.3156
