ts_code,trade_date,close,turnover_rate,turnover_rate_f,pe,pe_ttm,pb,ps,ps_ttm,total_mv,circ_mv
000407.SZ,20260421,4.71,1.8275,2.4459,26.6102,26.6102,1.3573,0.9952,0.9952,414519.873,412489.9129
000407.SZ,20260420,4.71,2.1912,2.9326,26.6102,26.6102,1.3573,0.9952,0.9952,414519.873,412489.9129
000407.SZ,20260417,4.64,1.5148,2.0273,26.2147,26.2147,1.3371,0.9804,0.9804,408359.2804,406359.4896
000407.SZ,20260416,4.63,1.9723,2.6396,26.1582,26.1582,1.3342,0.9783,0.9783,407479.1957,405483.7148
000407.SZ,20260415,4.59,1.8433,2.467,25.9322,25.9322,1.3227,0.9699,0.9699,403958.8571,401980.6158
000407.SZ,20260414,4.67,2.0508,2.7447,26.3842,26.3842,1.3458,0.9868,0.9868,410999.5344,408986.8139
000407.SZ,20260413,4.71,2.047,2.7396,26.6102,26.6102,1.3573,0.9952,0.9952,414519.873,412489.9129
000407.SZ,20260410,4.64,1.6447,2.2012,26.2147,26.2147,1.3371,0.9804,0.9804,408359.2804,406359.4896
000407.SZ,20260409,4.6,1.7893,2.3947,25.9887,25.9887,1.3256,0.972,0.972,404838.9418,402856.3905
000407.SZ,20260408,4.67,2.8202,3.7745,26.3842,26.3842,1.3458,0.9868,0.9868,410999.5344,408986.8139
000407.SZ,20260407,4.6,2.4439,3.2708,25.9887,25.9887,1.3256,0.972,0.972,404838.9418,402856.3905
000407.SZ,20260403,4.46,3.0159,4.0363,25.1978,25.1978,1.2852,0.9424,0.9424,392517.7566,390595.5439
000407.SZ,20260402,4.7,2.225,2.9779,26.5537,26.5537,1.3544,0.9931,0.9931,413639.7883,411614.1381
000407.SZ,20260401,4.71,1.9144,2.5622,26.6102,26.6102,1.3573,0.9952,0.9952,414519.873,412489.9129
000407.SZ,20260331,4.72,3.0919,4.1382,26.6667,26.6667,1.3602,0.9973,0.9973,415399.9576,413365.6877
000407.SZ,20260330,4.85,3.1176,4.1725,27.4011,27.4011,1.3976,1.0248,1.0248,426841.0582,424750.7596
000407.SZ,20260327,4.94,3.8973,5.2161,27.9096,27.9096,1.4236,1.0438,1.0438,434761.8201,432632.7324
000407.SZ,20260326,4.84,3.8,5.0858,27.3447,27.3447,1.3947,1.0227,1.0227,425960.9735,423874.9848
000407.SZ,20260325,4.87,3.7292,4.9911,27.5141,27.5141,1.4034,1.029,1.029,428601.2275,426502.3091
000407.SZ,20260324,4.8,3.6027,4.8217,36.0316,33.1089,1.3928,0.9997,1.0396,422440.6349,420375.4618
000407.SZ,20260323,4.69,5.3552,7.1672,35.2059,32.3501,1.3609,0.9768,1.0158,412759.7037,410741.8574
000407.SZ,20260320,5.01,6.9314,9.2767,37.608,34.5574,1.4538,1.0434,1.0851,440922.4127,438766.8882
000407.SZ,20260319,5.25,11.9457,15.9877,39.4096,36.2128,1.5234,1.0934,1.1371,462044.4444,459785.6613
000407.SZ,20260318,4.98,4.0515,5.4224,37.3828,34.3505,1.4451,1.0372,1.0786,438282.1587,436139.5416
000407.SZ,20260317,5.05,2.984,3.9937,37.9083,34.8333,1.4654,1.0517,1.0938,444442.7513,442270.0171
000407.SZ,20260316,5.04,3.4894,4.6701,37.8332,34.7643,1.4625,1.0496,1.0916,443562.6666,441394.2348
000407.SZ,20260313,5.09,5.4756,7.3283,38.2086,35.1092,1.477,1.0601,1.1024,447963.0899,445773.1459
000407.SZ,20260312,5.19,6.9377,9.2851,38.9592,35.799,1.506,1.0809,1.1241,456763.9365,454530.968
000407.SZ,20260311,5.14,5.9028,7.9001,38.5839,35.4541,1.4915,1.0705,1.1132,452363.5132,450152.057
000407.SZ,20260310,5.17,7.6523,10.2416,38.8091,35.661,1.5002,1.0767,1.1197,455003.7672,452779.4036
000407.SZ,20260309,5.31,12.6671,16.9532,39.86,36.6267,1.5408,1.1059,1.1501,467324.9523,465040.3546
000407.SZ,20260306,5.31,9.0244,12.0779,39.86,36.6267,1.5408,1.1059,1.1501,467324.9523,465040.3546
000407.SZ,20260305,5.41,14.807,19.8171,40.6107,37.3165,1.5698,1.1267,1.1717,476125.7989,473798.1767
000407.SZ,20260304,5.63,22.1701,29.6716,42.2621,38.8339,1.6337,1.1725,1.2194,495487.6613,493065.3854
000407.SZ,20260303,5.86,3.2537,4.3546,43.9886,40.4204,1.7004,1.2204,1.2692,515729.6084,513208.3762
000407.SZ,20260302,5.33,12.6607,16.9446,40.0101,36.7646,1.5466,1.11,1.1544,469085.1216,466791.919
000407.SZ,20260227,5.21,4.1075,5.4973,39.1093,35.9369,1.5118,1.0851,1.1284,458524.1058,456282.5325
000407.SZ,20260226,5.15,4.6546,6.2295,38.659,35.5231,1.4944,1.0726,1.1154,453243.5978,451027.8392
000407.SZ,20260225,5.22,6.7788,9.0725,39.1844,36.0059,1.5147,1.0871,1.1306,459404.1904,457158.3147
000407.SZ,20260224,5.2,9.7969,13.1118,39.0343,35.8679,1.5089,1.083,1.1262,457644.0211,455406.7502
000407.SZ,20260213,4.91,3.2622,4.366,36.8574,33.8676,1.4248,1.0226,1.0634,432121.5661,430009.0661
000407.SZ,20260212,4.92,4.8736,6.5226,36.9324,33.9366,1.4277,1.0247,1.0656,433001.6508,430884.8483
000407.SZ,20260211,5.03,3.2837,4.3948,37.7582,34.6953,1.4596,1.0476,1.0894,442682.582,440518.4526
000407.SZ,20260210,5.09,4.4339,5.9341,38.2086,35.1092,1.477,1.0601,1.1024,447963.0899,445773.1459
000407.SZ,20260209,5.15,5.2305,7.0003,38.659,35.5231,1.4879,1.0726,1.1154,453243.5978,451027.8392
000407.SZ,20260206,5.09,5.1121,6.8418,38.2086,35.1092,1.4706,1.0601,1.1024,447963.0899,445773.1459
000407.SZ,20260205,5.04,4.4448,5.9488,37.8332,34.7643,1.4561,1.0496,1.0916,443562.6666,441394.2348
000407.SZ,20260204,5.12,5.7258,7.6633,38.4338,35.3161,1.4793,1.0663,1.1089,450603.3439,448400.4925
000407.SZ,20260203,5.0,6.8965,9.23,37.533,34.4884,1.4446,1.0413,1.0829,440042.328,437891.106
000407.SZ,20260202,5.02,8.005,10.7136,37.6831,34.6264,1.4504,1.0455,1.0873,441802.4973,439642.6704
000407.SZ,20260130,5.29,12.4083,16.6068,39.7099,36.4887,1.5284,1.1017,1.1457,465564.783,463288.7901
000407.SZ,20260129,5.58,19.4037,25.9692,41.8868,38.4891,1.6122,1.1621,1.2085,491087.238,488686.4743
000407.SZ,20260128,5.4,11.8154,15.8133,40.5356,37.2475,1.5602,1.1246,1.1696,475245.7142,472922.3945
000407.SZ,20260127,5.36,13.7109,18.3502,40.2353,36.9716,1.5486,1.1163,1.1609,471725.3756,469419.2656
000407.SZ,20260126,5.49,22.0738,29.5427,41.2112,37.8683,1.5862,1.1434,1.1891,483166.4761,480804.4344
000407.SZ,20260123,5.35,24.2381,32.4393,40.1603,36.9026,1.5457,1.1142,1.1587,470845.291,468543.4834
000407.SZ,20260122,5.32,14.6548,19.6135,39.9351,36.6957,1.537,1.108,1.1522,468205.037,465916.1368
000407.SZ,20260121,4.84,5.3573,7.17,36.3319,33.3848,1.3984,1.008,1.0483,425960.9735,423878.5906
000407.SZ,20260120,4.85,8.0006,10.7077,36.407,33.4538,1.4013,1.0101,1.0504,426841.0582,424754.3728
000407.SZ,20260119,4.89,4.5578,6.1,36.7072,33.7297,1.4128,1.0184,1.0591,430361.3968,428257.5017
000407.SZ,20260116,4.78,7.6906,10.2928,35.8815,32.9709,1.381,0.9955,1.0353,420680.4656,418623.8973
000407.SZ,20260115,4.94,10.0052,13.3906,37.0826,34.0745,1.4273,1.0288,1.0699,434761.8201,432636.4127
000407.SZ,20260114,5.13,11.8177,15.8164,38.5088,35.3851,1.4821,1.0684,1.1111,451483.4285,449276.2748
000407.SZ,20260113,5.05,11.6941,15.651,37.9083,34.8333,1.459,1.0517,1.0938,444442.7513,442270.0171
000407.SZ,20260112,5.03,6.7579,9.0445,37.7582,34.6953,1.4533,1.0476,1.0894,442682.582,440518.4526
000407.SZ,20260109,5.05,7.7156,10.3263,37.9083,34.8333,1.459,1.0517,1.0938,444442.7513,442270.0171
000407.SZ,20260108,4.94,4.9339,6.6034,37.0826,34.0745,1.4273,1.0288,1.0699,434761.8201,432636.4127
000407.SZ,20260107,4.93,6.4159,8.5868,37.0075,34.0056,1.4244,1.0267,1.0678,433881.7354,431760.6305
000407.SZ,20260106,5.03,6.7446,9.0267,37.7582,34.6953,1.4533,1.0476,1.0894,442682.582,440518.4526
000407.SZ,20260105,4.95,6.2563,8.3731,37.1576,34.1435,1.4301,1.0309,1.0721,435641.9047,433512.1949
000407.SZ,20251231,5.02,8.3105,11.1225,37.6831,34.6264,1.4504,1.0455,1.0873,441802.4973,439642.6704
000407.SZ,20251230,5.18,12.0385,16.1118,38.8841,35.73,1.4966,1.0788,1.1219,455883.8518,453655.1858
000407.SZ,20251229,5.34,17.4408,23.3421,40.0852,36.8336,1.5428,1.1121,1.1566,469965.2063,467667.7012
000407.SZ,20251226,5.21,19.2264,25.7319,39.1093,35.9369,1.5053,1.0851,1.1284,458524.1058,456282.5325
000407.SZ,20251225,5.01,13.2121,17.6826,37.608,34.5574,1.4475,1.0434,1.0851,440922.4127,438766.8882
000407.SZ,20251224,5.07,18.0538,24.1625,38.0584,34.9712,1.4648,1.0559,1.0981,446202.9206,444021.5815
000407.SZ,20251223,4.83,15.0977,20.2061,36.2568,33.3158,1.3955,1.0059,1.0461,425080.8888,423002.8084
000407.SZ,20251222,5.09,13.9983,18.7347,38.2086,35.1092,1.4706,1.0601,1.1024,447963.0899,445773.1459
000407.SZ,20251219,4.63,5.7867,7.7447,34.7555,31.9363,1.3377,0.9643,1.0028,407479.1957,405487.1642
000407.SZ,20251218,4.51,4.109,5.4993,33.8547,31.1085,1.303,0.9393,0.9768,396918.1799,394977.7776
000407.SZ,20251217,4.53,5.1588,6.9043,34.0049,31.2465,1.3088,0.9434,0.9811,398678.3492,396729.342
000407.SZ,20251216,4.5,6.925,9.2681,33.7797,31.0396,1.3001,0.9372,0.9746,396038.0952,394101.9954
000407.SZ,20251215,4.69,5.2528,7.0302,35.2059,32.3501,1.355,0.9768,1.0158,412759.7037,410741.8574
000407.SZ,20251212,4.68,6.6243,8.8658,35.1309,32.2811,1.3521,0.9747,1.0136,411879.619,409866.0752
000407.SZ,20251211,4.63,8.5452,11.4365,34.7555,31.9363,1.3377,0.9643,1.0028,407479.1957,405487.1642
000407.SZ,20251210,4.87,5.2153,6.98,36.5571,33.5917,1.407,1.0142,1.0548,428601.2275,426505.9372
000407.SZ,20251209,4.89,7.3648,9.8567,36.7072,33.7297,1.4128,1.0184,1.0591,430361.3968,428257.5017
000407.SZ,20251208,5.06,9.8347,13.1624,37.9834,34.9023,1.4619,1.0538,1.0959,445322.8359,443145.7993
000407.SZ,20251205,5.02,9.958,13.3275,37.6831,34.6264,1.4504,1.0455,1.0873,441802.4973,439642.6704
000407.SZ,20251204,4.89,15.0593,20.1549,36.7072,33.7297,1.4128,1.0184,1.0591,430361.3968,428257.5017
000407.SZ,20251203,5.28,21.0289,28.1442,39.6348,36.4198,1.5255,1.0996,1.1436,464684.6984,462413.0079
000407.SZ,20251202,5.09,15.5645,20.8309,38.2086,35.1092,1.4706,1.0601,1.1024,447963.0899,445773.1459
000407.SZ,20251201,4.92,11.345,15.1837,36.9324,33.9366,1.4215,1.0247,1.0656,433001.6508,430884.8483
000407.SZ,20251128,5.03,10.7364,14.3692,37.7582,34.6953,1.4533,1.0476,1.0894,442682.582,440518.4526
000407.SZ,20251127,4.99,13.3827,17.911,37.4579,34.4194,1.4417,1.0392,1.0808,439162.2433,437015.3238
000407.SZ,20251126,5.15,21.2975,28.5038,38.659,35.5231,1.4879,1.0726,1.1154,453243.5978,451027.8392
000407.SZ,20251125,4.85,14.3512,19.2071,36.407,33.4538,1.4013,1.0101,1.0504,426841.0582,424754.3728
000407.SZ,20251124,4.83,15.2528,20.4138,36.2568,33.3158,1.3955,1.0059,1.0461,425080.8888,423002.8084
000407.SZ,20251121,5.37,15.5088,20.7563,40.3104,37.0405,1.5515,1.1184,1.1631,472605.4603,470295.0478
000407.SZ,20251120,5.97,33.3105,44.5816,44.8144,41.1792,1.7248,1.2433,1.293,525410.5396,522841.9806
000407.SZ,20251119,6.03,9.2429,12.3704,45.2648,41.593,1.7422,1.2558,1.306,530691.0476,528096.6738
000407.SZ,20251118,6.7,32.5184,43.5214,50.2942,46.2145,1.9357,1.3954,1.4511,589656.7195,586774.082
000407.SZ,20251117,6.09,0.9673,1.2946,45.7151,42.0069,1.7595,1.2683,1.319,535971.5555,533351.3671
000407.SZ,20251114,5.54,1.2319,1.6487,41.5865,38.2132,1.6006,1.1538,1.1999,487566.8994,485183.3454
000407.SZ,20251113,5.04,0.9306,1.2455,37.8332,34.7643,1.4561,1.0496,1.0916,443562.6666,441394.2348
000407.SZ,20251112,4.58,0.5287,0.7076,34.3802,31.5914,1.3232,0.9538,0.992,403078.7724,401108.2531
000407.SZ,20251111,4.16,1.0061,1.3465,31.2274,28.6944,1.2019,0.8664,0.901,366115.2169,364325.4002
000407.SZ,20251027,3.78,2.7122,3.4892,28.3749,26.9106,1.1035,0.7872,0.794,332672.0,331045.6761
000407.SZ,20251024,3.73,3.0006,3.8602,27.9996,26.5546,1.0889,0.7768,0.7835,328271.5767,326666.7651
000407.SZ,20251023,3.82,2.8858,3.7125,28.6752,27.1953,1.1151,0.7956,0.8024,336192.3386,334548.805
000407.SZ,20251022,3.8,4.1385,5.3242,28.5251,27.0529,1.1093,0.7914,0.7982,334432.1693,332797.2406
000407.SZ,20251021,3.86,6.5374,8.4103,28.9754,27.4801,1.1268,0.8039,0.8108,339712.6772,338051.9338
000407.SZ,20251020,3.79,6.446,8.2927,28.45,26.9818,1.1064,0.7893,0.7961,333552.0846,331921.4583
000407.SZ,20251017,3.7,3.8057,4.8959,27.7744,26.341,1.0801,0.7706,0.7772,325631.3227,324039.4184
000407.SZ,20251016,3.67,2.7532,3.5419,27.5492,26.1274,1.0713,0.7643,0.7709,322991.0688,321412.0718
000407.SZ,20251015,3.71,3.2518,4.1835,27.8495,26.4122,1.083,0.7727,0.7793,326511.4074,324915.2007
000407.SZ,20251014,3.69,3.8927,5.008,27.6993,26.2698,1.0772,0.7685,0.7751,324751.2381,323163.6362
000407.SZ,20251013,3.61,2.2774,2.9298,27.0988,25.7003,1.0538,0.7518,0.7583,317710.5608,316157.3785
000407.SZ,20251010,3.65,3.7429,4.8152,27.3991,25.9851,1.0655,0.7602,0.7667,321230.8994,319660.5074
000407.SZ,20251009,3.56,1.593,2.0494,26.7235,25.3443,1.0392,0.7414,0.7478,313310.1375,311778.4675
000407.SZ,20250930,3.49,1.0205,1.3128,26.198,24.846,1.0188,0.7268,0.7331,307149.5449,305647.992
000407.SZ,20250929,3.51,1.6246,2.09,26.3481,24.9884,1.0246,0.731,0.7373,308909.7143,307399.5564
000407.SZ,20250926,3.46,1.4361,1.8475,25.9728,24.6324,1.01,0.7206,0.7268,304509.291,303020.6454
000407.SZ,20250925,3.45,1.4826,1.9074,25.8977,24.5612,1.0071,0.7185,0.7247,303629.2063,302144.8631
000407.SZ,20250924,3.5,1.8225,2.3446,26.2731,24.9172,1.0217,0.7289,0.7352,308029.6296,306523.7742
000407.SZ,20250923,3.48,2.3655,3.0432,26.1229,24.7748,1.0159,0.7248,0.731,306269.4603,304772.2098
000407.SZ,20250922,3.53,1.9887,2.5585,26.4983,25.1308,1.0305,0.7352,0.7415,310669.8836,309151.1208
000407.SZ,20250919,3.58,3.2704,4.2073,26.8736,25.4867,1.0451,0.7456,0.752,315070.3068,313530.0319
000407.SZ,20250918,3.68,5.1103,6.5744,27.6243,26.1986,1.0743,0.7664,0.773,323871.1534,322287.854
000407.SZ,20250917,3.7,2.7248,3.5054,27.7744,26.341,1.0801,0.7706,0.7772,325631.3227,324039.4184
000407.SZ,20250916,3.69,2.746,3.5326,27.6993,26.2698,1.0772,0.7685,0.7751,324751.2381,323163.6362
000407.SZ,20250915,3.67,3.4694,4.4633,27.5492,26.1274,1.0713,0.7643,0.7709,322991.0688,321412.0718
000407.SZ,20250912,3.7,3.561,4.5812,27.7744,26.341,1.0801,0.7706,0.7772,325631.3227,324039.4184
000407.SZ,20250911,3.71,4.41,5.6735,27.8495,26.4122,1.083,0.7727,0.7793,326511.4074,324915.2007
000407.SZ,20250910,3.74,3.3699,4.3353,28.0747,26.6258,1.0918,0.7789,0.7856,329151.6613,327542.5473
000407.SZ,20250909,3.71,4.9633,6.3853,27.8495,26.4122,1.083,0.7727,0.7793,326511.4074,324915.2007
000407.SZ,20250908,3.8,6.9471,8.9373,28.5251,27.0529,1.1093,0.7914,0.7982,334432.1693,332797.2406
000407.SZ,20250905,3.74,7.6252,10.9758,28.0747,26.6258,1.0918,0.7789,0.7856,329151.6613,327542.5473
000407.SZ,20250904,3.76,9.5794,13.7888,28.2248,26.7682,1.0976,0.7831,0.7898,330911.8307,329294.1117
000407.SZ,20250903,3.83,17.6828,25.453,28.7502,27.2665,1.1181,0.7976,0.8045,337072.4232,335424.5872
000407.SZ,20250902,4.07,16.0684,23.1291,30.5518,28.9751,1.1881,0.8476,0.8549,358194.455,356443.3603
000407.SZ,20250901,3.7,3.3038,4.7556,27.7744,26.341,1.0801,0.7706,0.7772,325631.3227,324039.4184
000407.SZ,20250829,3.63,2.4481,3.5238,27.2489,25.8427,1.0597,0.756,0.7625,319470.7301,317908.943
000407.SZ,20250828,3.67,4.5235,6.5113,27.5492,26.1274,1.0713,0.7643,0.7709,322991.0688,321412.0718
000407.SZ,20250827,3.61,3.8262,5.5075,27.0988,25.7003,1.0538,0.7518,0.7583,317710.5608,316157.3785
000407.SZ,20250826,3.68,4.6283,6.6621,27.6243,26.1986,1.0743,0.7664,0.773,323871.1534,322287.854
000407.SZ,20250825,3.61,2.5771,3.7095,27.0988,25.7003,1.0538,0.7518,0.7583,317710.5608,316157.3785
000407.SZ,20250822,3.61,2.3221,3.3424,27.0988,25.7003,1.0538,0.7518,0.7583,317710.5608,316157.3785
000407.SZ,20250821,3.63,1.776,2.5564,27.2489,25.8427,1.0597,0.756,0.7625,319470.7301,317908.943
000407.SZ,20250820,3.64,3.0773,4.4295,27.324,25.9139,1.0626,0.7581,0.7646,320350.8148,318784.7252
000407.SZ,20250819,3.57,1.9628,2.8254,26.7985,25.1886,1.0649,0.7435,0.7557,314190.2222,312646.9437
000407.SZ,20250818,3.5,2.2265,3.2049,26.2731,24.6947,1.044,0.7289,0.7409,308029.6296,306516.6115
000407.SZ,20250815,3.51,1.5277,2.199,26.3481,24.7652,1.047,0.731,0.743,308909.7143,307392.3732
000407.SZ,20250814,3.51,1.7935,2.5817,26.3481,24.7652,1.047,0.731,0.743,308909.7143,307392.3732
000407.SZ,20250813,3.58,1.4536,2.0923,26.8736,25.2591,1.0679,0.7456,0.7578,315070.3068,313522.7054
000407.SZ,20250812,3.61,1.9985,2.8767,27.0988,25.4708,1.0768,0.7518,0.7642,317710.5608,316149.9907
000407.SZ,20250811,3.58,1.5599,2.2453,26.8736,25.2591,1.0679,0.7456,0.7578,315070.3068,313522.7054
000407.SZ,20250808,3.58,1.9616,2.8237,26.8736,25.2591,1.0679,0.7456,0.7578,315070.3068,313522.7054
000407.SZ,20250807,3.54,1.5163,2.1826,26.5733,24.9769,1.056,0.7373,0.7493,311549.9682,310019.6584
000407.SZ,20250806,3.52,1.3752,1.9795,26.4232,24.8358,1.05,0.7331,0.7451,309789.7989,308268.1349
000407.SZ,20250805,3.52,2.0392,2.9353,26.4232,24.8358,1.05,0.7331,0.7451,309789.7989,308268.1349
000407.SZ,20250804,3.5,2.4328,3.5018,26.2731,24.6947,1.044,0.7289,0.7409,308029.6296,306516.6115
000407.SZ,20250801,3.44,1.1176,1.6087,25.8227,24.2713,1.0261,0.7164,0.7282,302749.1217,301262.041
000407.SZ,20250731,3.4,1.6728,2.4079,25.5224,23.9891,1.0142,0.7081,0.7197,299228.783,297758.994
000407.SZ,20250730,3.49,1.5899,2.2886,26.198,24.6241,1.041,0.7268,0.7388,307149.5449,305640.8497
000407.SZ,20250729,3.48,1.7894,2.5758,26.1229,24.5536,1.0381,0.7248,0.7366,306269.4603,304765.088
000407.SZ,20250728,3.52,1.2681,1.8253,26.4232,24.8358,1.05,0.7331,0.7451,309789.7989,308268.1349
000407.SZ,20250725,3.52,1.2684,1.8257,26.4232,24.8358,1.05,0.7331,0.7451,309789.7989,308268.1349
000407.SZ,20250724,3.53,1.2437,1.7903,26.4983,24.9063,1.053,0.7352,0.7472,310669.8836,309143.8967
000407.SZ,20250723,3.51,1.5847,2.2811,26.3481,24.7652,1.047,0.731,0.743,308909.7143,307392.3732
000407.SZ,20250722,3.55,1.7553,2.5266,26.6484,25.0475,1.0589,0.7393,0.7515,312430.0529,310895.4202
000407.SZ,20250721,3.53,2.1062,3.0317,26.4983,24.9063,1.053,0.7352,0.7472,310669.8836,309143.8967
000407.SZ,20250718,3.45,0.8577,1.2347,25.8977,24.3419,1.0291,0.7185,0.7303,303629.2063,302137.8027
000407.SZ,20250717,3.44,1.2775,1.8389,25.8227,24.2713,1.0261,0.7164,0.7282,302749.1217,301262.041
000407.SZ,20250716,3.47,0.9476,1.3641,26.0479,24.483,1.0351,0.7227,0.7345,305389.3756,303889.3262
000407.SZ,20250715,3.47,1.9949,2.8715,26.0479,24.483,1.0351,0.7227,0.7345,305389.3756,303889.3262
000407.SZ,20250714,3.54,2.0244,2.9139,26.5733,24.9769,1.056,0.7373,0.7493,311549.9682,310019.6584
000407.SZ,20250711,3.49,1.6674,2.4001,26.198,24.6241,1.041,0.7268,0.7388,307149.5449,305640.8497
000407.SZ,20250710,3.5,1.905,2.7421,26.2731,24.6947,1.044,0.7289,0.7409,308029.6296,306516.6115
000407.SZ,20250709,3.47,1.7206,2.4766,26.0479,24.483,1.0351,0.7227,0.7345,305389.3756,303889.3262
000407.SZ,20250708,3.47,2.7815,4.0038,26.0479,24.483,1.0351,0.7227,0.7345,305389.3756,303889.3262
000407.SZ,20250707,3.41,1.9427,2.7964,25.5975,24.0597,1.0172,0.7102,0.7218,300108.8677,298634.7557
000407.SZ,20250704,3.41,1.4935,2.1498,25.5975,24.0597,1.0046,0.7102,0.7218,300108.8677,298634.7557
000407.SZ,20250703,3.43,1.2032,1.732,25.7476,24.2008,1.0105,0.7143,0.7261,301869.037,300386.2792
000407.SZ,20250702,3.43,1.7239,2.4814,25.7476,24.2008,1.0105,0.7143,0.7261,301869.037,300386.2792
000407.SZ,20250701,3.4,1.4412,2.0745,25.5224,23.9891,1.0016,0.7081,0.7197,299228.783,297758.994
000407.SZ,20250630,3.4,1.5418,2.2194,25.5224,23.9891,1.0016,0.7081,0.7197,299228.783,297758.994
000407.SZ,20250627,3.39,2.0503,2.9513,25.4473,23.9186,0.9987,0.706,0.7176,298348.6984,296883.2322
000407.SZ,20250626,3.41,2.9096,4.1882,25.5975,24.0597,1.0046,0.7102,0.7218,300108.8677,298634.7557
000407.SZ,20250625,3.41,3.8688,5.5689,25.5975,24.0597,1.0046,0.7102,0.7218,300108.8677,298634.7557
000407.SZ,20250624,3.39,5.8376,8.4028,25.4473,23.9186,0.9987,0.706,0.7176,298348.6984,296883.2322
000407.SZ,20250623,3.61,4.817,6.9338,27.0988,25.4708,1.0635,0.7518,0.7642,317710.5608,316149.9907
000407.SZ,20250620,3.58,5.7018,8.2074,26.8736,25.2591,1.0547,0.7456,0.7578,315070.3068,313522.7054
000407.SZ,20250619,3.68,9.7373,14.0161,27.6243,25.9647,1.0841,0.7664,0.779,323871.1534,322280.3229
000407.SZ,20250618,3.56,6.3642,9.1608,26.7235,25.118,1.0488,0.7414,0.7536,313310.1375,311771.1819
000407.SZ,20250617,3.6,9.1497,13.1704,27.0237,25.4002,1.0606,0.7497,0.762,316830.4762,315274.2289
000407.SZ,20250616,3.42,3.0273,4.3575,25.6725,24.1302,1.0075,0.7123,0.7239,300988.9524,299510.5175
000407.SZ,20250613,3.39,3.2433,4.6685,25.4473,23.9186,0.9987,0.706,0.7176,298348.6984,296883.2322
000407.SZ,20250612,3.37,1.0248,1.4752,25.2972,23.7774,0.9928,0.7018,0.7134,296588.5291,295131.7087
000407.SZ,20250611,3.38,1.0431,1.5015,25.3723,23.848,0.9958,0.7039,0.7155,297468.6137,296007.4705
000407.SZ,20250610,3.36,1.2813,1.8443,25.2222,23.7069,0.9899,0.6998,0.7112,295708.4444,294255.947
000407.SZ,20250609,3.38,1.2458,1.7933,25.3723,23.848,0.9958,0.7039,0.7155,297468.6137,296007.4705
000407.SZ,20250606,3.37,1.1912,1.7147,25.2972,23.7774,0.9928,0.7018,0.7134,296588.5291,295131.7087
000407.SZ,20250605,3.34,1.1564,1.6646,25.072,23.5658,0.984,0.6956,0.707,293948.2751,292504.4235
000407.SZ,20250604,3.36,1.2854,1.8503,25.2222,23.7069,0.9899,0.6998,0.7112,295708.4444,294255.947
000407.SZ,20250603,3.32,0.8777,1.2634,24.9219,23.4247,0.9781,0.6914,0.7028,292188.1058,290752.9
000407.SZ,20250530,3.33,1.0971,1.5792,24.997,23.4952,0.981,0.6935,0.7049,293068.1904,291628.6618
000407.SZ,20250529,3.35,1.2193,1.755,25.1471,23.6363,0.9869,0.6977,0.7091,294828.3598,293380.1852
000407.SZ,20250528,3.32,0.7951,1.1445,24.9219,23.4247,0.9781,0.6914,0.7028,292188.1058,290752.9
000407.SZ,20250527,3.33,0.7654,1.1017,24.997,23.4952,0.981,0.6935,0.7049,293068.1904,291628.6618
000407.SZ,20250526,3.3,1.0636,1.531,24.7718,23.2836,0.9722,0.6873,0.6985,290427.9365,289001.3765
000407.SZ,20250523,3.26,1.1814,1.7005,24.4715,23.0013,0.9604,0.6789,0.6901,286907.5979,285498.3295
000407.SZ,20250522,3.29,1.111,1.5993,24.6967,23.213,0.9692,0.6852,0.6964,289547.8518,288125.6148
000407.SZ,20250521,3.36,0.8682,1.2497,25.2222,23.7069,0.9899,0.6998,0.7112,295708.4444,294255.947
000407.SZ,20250520,3.36,0.9477,1.3642,25.2222,23.7069,0.9899,0.6998,0.7112,295708.4444,294255.947
000407.SZ,20250519,3.36,1.7196,2.4752,25.2222,23.7069,0.9899,0.6998,0.7112,295708.4444,294255.947
000407.SZ,20250516,3.31,1.0351,1.49,24.8468,23.3541,0.9751,0.6894,0.7007,291308.0211,289877.1383
000407.SZ,20250515,3.31,1.1363,1.6356,24.8468,23.3541,0.9751,0.6894,0.7007,291308.0211,289877.1383
000407.SZ,20250514,3.32,0.9896,1.4244,24.9219,23.4247,0.9781,0.6914,0.7028,292188.1058,290752.9
000407.SZ,20250513,3.33,1.0037,1.4448,24.997,23.4952,0.981,0.6935,0.7049,293068.1904,291628.6618
000407.SZ,20250512,3.32,1.3832,1.9909,24.9219,23.4247,0.9781,0.6914,0.7028,292188.1058,290752.9
000407.SZ,20250509,3.34,1.3448,1.9357,25.072,23.5658,0.984,0.6956,0.707,293948.2751,292504.4235
000407.SZ,20250508,3.34,1.204,1.733,25.072,23.5658,0.984,0.6956,0.707,293948.2751,292504.4235
000407.SZ,20250507,3.33,1.4722,2.1192,24.997,23.4952,0.981,0.6935,0.7049,293068.1904,291628.6618
000407.SZ,20250506,3.29,1.269,1.8266,24.6967,23.213,0.9692,0.6852,0.6964,289547.8518,288125.6148
000407.SZ,20250430,3.25,1.2314,1.7725,24.3964,22.9308,0.9575,0.6769,0.688,286027.5132,284622.5678
000407.SZ,20250429,3.28,1.268,1.8252,24.6216,23.1424,0.9663,0.6831,0.6943,288667.7672,287249.853
000407.SZ,20250428,3.26,1.4005,2.0159,24.4715,23.0013,0.9604,0.6789,0.6901,286907.5979,285498.3295
000407.SZ,20250425,3.28,1.2194,1.7552,24.6216,24.6216,0.9759,0.6831,0.6831,288667.7672,287249.853
000407.SZ,20250424,3.24,1.3128,1.8896,24.3214,24.3214,0.964,0.6748,0.6748,285147.4285,283746.806
000407.SZ,20250423,3.21,0.8391,1.2079,24.0962,24.0962,0.9551,0.6685,0.6685,282507.1746,281119.5208
000407.SZ,20250422,3.21,1.2484,1.797,24.0962,24.0962,0.9551,0.6685,0.6685,282507.1746,281119.5208
000407.SZ,20250421,3.15,0.9892,1.4238,23.6458,23.6458,0.9372,0.656,0.656,277226.6666,275864.9503
000407.SZ,20250418,3.13,0.7153,1.0296,23.4956,23.4956,0.9312,0.6519,0.6519,275466.4973,274113.4268
000407.SZ,20250417,3.14,1.1433,1.6458,23.5707,23.5707,0.9342,0.6539,0.6539,276346.582,274989.1886
000407.SZ,20250416,3.11,1.2035,1.7324,23.3455,23.3455,0.9253,0.6477,0.6477,273706.328,272361.9033
000407.SZ,20250415,3.14,1.042,1.4998,23.5707,23.5707,0.9342,0.6539,0.6539,276346.582,274989.1886
000407.SZ,20250414,3.1,1.1744,1.6905,23.2704,23.2704,0.9223,0.6456,0.6456,272826.2434,271486.1416
000407.SZ,20250411,3.04,1.2992,1.8702,22.82,22.82,0.9045,0.6331,0.6331,267545.7354,266231.5711
000407.SZ,20250410,3.05,1.9016,2.7373,22.8951,22.8951,0.9074,0.6352,0.6352,268425.8201,267107.3328
000407.SZ,20250409,2.98,2.1107,3.0383,22.3696,22.3696,0.8866,0.6206,0.6206,262265.2275,260977.0006
000407.SZ,20250408,2.96,2.2792,3.2808,22.2195,22.2195,0.8807,0.6165,0.6165,260505.0582,259225.4771
000407.SZ,20250407,2.98,2.8301,4.0738,22.3696,22.3696,0.8866,0.6206,0.6206,262265.2275,260977.0006
000407.SZ,20250403,3.31,1.5833,2.279,24.8468,24.8468,0.9848,0.6894,0.6894,291308.0211,289877.1383
000407.SZ,20250402,3.26,1.3458,1.9371,24.4715,24.4715,0.9699,0.6789,0.6789,286907.5979,285498.3295
000407.SZ,20250401,3.31,1.6524,2.3786,24.8468,24.8468,0.9848,0.6894,0.6894,291308.0211,289877.1383
000407.SZ,20250331,3.23,1.3537,1.9485,24.2463,24.2463,0.961,0.6727,0.6727,284267.3439,282871.0443
000407.SZ,20250328,3.3,1.5939,2.2942,24.7718,24.7718,0.9818,0.6873,0.6873,290427.9365,289001.3765
000407.SZ,20250327,3.37,1.4682,2.1134,25.2972,25.2972,1.0027,0.7018,0.7018,296588.5291,295131.7087
000407.SZ,20250326,3.41,1.466,2.1102,25.5975,25.5975,1.0146,0.7102,0.7102,300108.8677,298634.7557
000407.SZ,20250325,3.39,1.9833,2.8549,25.4473,25.4473,1.0086,0.706,0.706,298348.6984,296883.2322
000407.SZ,20250324,3.35,2.9103,4.1891,25.1471,25.1471,0.9967,0.6977,0.6977,294828.3598,293380.1852
000407.SZ,20250321,3.45,2.1263,3.0606,19.7942,18.8396,1.0293,0.6492,0.6569,303629.2063,302139.5049
000407.SZ,20250320,3.43,1.3765,1.9813,19.6795,18.7304,1.0234,0.6454,0.6531,301869.037,300387.9716
000407.SZ,20250319,3.41,0.9565,1.3768,19.5647,18.6212,1.0174,0.6416,0.6493,300108.8677,298636.4382
000407.SZ,20250318,3.42,1.4308,2.0595,19.6221,18.6758,1.0204,0.6435,0.6512,300988.9524,299512.2049
000407.SZ,20250317,3.42,1.8007,2.5919,19.6221,18.6758,1.0204,0.6435,0.6512,300988.9524,299512.2049
000407.SZ,20250314,3.36,1.6256,2.34,19.2778,18.3481,1.0025,0.6322,0.6398,295708.4444,294257.6048
000407.SZ,20250313,3.31,1.2188,1.7543,18.991,18.0751,0.9876,0.6228,0.6302,291308.0211,289878.7714
000407.SZ,20250312,3.3,1.0668,1.5356,18.9336,18.0205,0.9846,0.6209,0.6283,290427.9365,289003.0047
000407.SZ,20250311,3.28,1.0564,1.5206,18.8188,17.9113,0.9786,0.6172,0.6245,288667.7672,287251.4714
000407.SZ,20250310,3.25,1.3578,1.9544,18.6467,17.7474,0.9697,0.6115,0.6188,286027.5132,284624.1713
000407.SZ,20250307,3.21,0.9381,1.3504,18.4172,17.529,0.9577,0.604,0.6112,282507.1746,281121.1046
000407.SZ,20250306,3.23,0.9237,1.3296,18.532,17.6382,0.9637,0.6078,0.615,284267.3439,282872.638
000407.SZ,20250305,3.21,0.9493,1.3665,18.4172,17.529,0.9577,0.604,0.6112,282507.1746,281121.1046
000407.SZ,20250304,3.25,0.5961,0.858,18.6467,17.7474,0.9697,0.6115,0.6188,286027.5132,284624.1713
000407.SZ,20250303,3.23,0.8932,1.2857,18.532,17.6382,0.9637,0.6078,0.615,284267.3439,282872.638
000407.SZ,20250228,3.21,1.132,1.6295,18.4172,17.529,0.9577,0.604,0.6112,282507.1746,281121.1046
000407.SZ,20250227,3.25,1.0736,1.5453,18.6467,17.7474,0.9697,0.6115,0.6188,286027.5132,284624.1713
000407.SZ,20250226,3.26,1.241,1.7863,18.7041,17.802,0.9727,0.6134,0.6207,286907.5979,285499.938
000407.SZ,20250225,3.21,0.7975,1.148,18.4172,17.529,0.9577,0.604,0.6112,282507.1746,281121.1046
000407.SZ,20250224,3.23,1.1577,1.6665,18.532,17.6382,0.9637,0.6078,0.615,284267.3439,282872.638
000407.SZ,20250221,3.2,1.0933,1.5737,18.3598,17.4744,0.9548,0.6021,0.6093,281627.0899,280245.3379
000407.SZ,20250220,3.24,0.7433,1.07,18.5893,17.6928,0.9667,0.6097,0.6169,285147.4285,283748.4046
000407.SZ,20250219,3.23,0.9531,1.372,18.532,17.6382,0.9637,0.6078,0.615,284267.3439,282872.638
000407.SZ,20250218,3.2,1.7465,2.5139,18.3598,17.4744,0.9548,0.6021,0.6093,281627.0899,280245.3379
000407.SZ,20250217,3.31,1.45,2.0872,18.991,18.0751,0.9876,0.6228,0.6302,291308.0211,289878.7714
000407.SZ,20250214,3.26,1.0397,1.4966,18.7041,17.802,0.9727,0.6134,0.6207,286907.5979,285499.938
000407.SZ,20250213,3.3,0.9606,1.3827,18.9336,18.0205,0.9846,0.6209,0.6283,290427.9365,289003.0047
000407.SZ,20250212,3.33,1.0113,1.4557,19.1057,18.1843,0.9935,0.6266,0.6341,293068.1904,291630.3048
000407.SZ,20250211,3.33,0.9613,1.3838,19.1057,18.1843,0.9935,0.6266,0.6341,293068.1904,291630.3048
000407.SZ,20250210,3.34,1.4015,2.0174,19.1631,18.2389,0.9965,0.6285,0.636,293948.2751,292506.0715
000407.SZ,20250207,3.28,1.6761,2.4127,18.8188,17.9113,0.9786,0.6172,0.6245,288667.7672,287251.4714
000407.SZ,20250206,3.26,1.3763,1.9811,18.7041,17.802,0.9727,0.6134,0.6207,286907.5979,285499.938
000407.SZ,20250205,3.26,0.9265,1.3337,18.7041,17.802,0.9727,0.6134,0.6207,286907.5979,285499.938
000407.SZ,20250127,3.28,1.3805,1.9871,18.8188,17.9113,0.9786,0.6172,0.6245,288667.7672,287251.4714
000407.SZ,20250124,3.24,1.0329,1.4868,18.5893,17.6928,0.9667,0.6097,0.6169,285147.4285,283748.4046
000407.SZ,20250123,3.25,1.033,1.4869,18.6467,17.7474,0.9697,0.6115,0.6188,286027.5132,284624.1713
000407.SZ,20250122,3.24,0.84,1.2091,18.5893,17.6928,0.9667,0.6097,0.6169,285147.4285,283748.4046
000407.SZ,20250121,3.25,0.9832,1.4152,18.6467,17.7474,0.9697,0.6115,0.6188,286027.5132,284624.1713
000407.SZ,20250120,3.3,1.0902,1.5693,18.9336,18.0205,0.9846,0.6209,0.6283,290427.9365,289003.0047
000407.SZ,20250117,3.25,0.7662,1.1029,18.6467,17.7474,0.9697,0.6115,0.6188,286027.5132,284624.1713
000407.SZ,20250116,3.26,1.0343,1.4888,18.7041,17.802,0.9727,0.6134,0.6207,286907.5979,285499.938
000407.SZ,20250115,3.22,0.9058,1.3038,18.4746,17.5836,0.9607,0.6059,0.6131,283387.2592,281996.8713
000407.SZ,20250114,3.23,1.2775,1.8388,18.532,17.6382,0.9637,0.6078,0.615,284267.3439,282872.638
000407.SZ,20250113,3.13,1.0607,1.5268,17.9582,17.0921,0.9339,0.589,0.596,275466.4973,274114.9712
000407.SZ,20250110,3.08,1.0528,1.5154,17.6714,16.8191,0.919,0.5796,0.5865,271066.074,269736.1377
000407.SZ,20250109,3.17,1.0775,1.5509,18.1877,17.3106,0.9458,0.5965,0.6036,278986.836,277618.0379
000407.SZ,20250108,3.21,1.1713,1.6861,18.4172,17.529,0.9577,0.604,0.6112,282507.1746,281121.1046
000407.SZ,20250107,3.23,1.2125,1.7453,18.532,17.6382,0.9637,0.6078,0.615,284267.3439,282872.638
000407.SZ,20250106,3.18,1.3588,1.9559,18.2451,17.3652,0.9488,0.5984,0.6055,279866.9206,278493.8046
000407.SZ,20250103,3.18,2.0293,2.9211,18.2451,17.3652,0.9488,0.5984,0.6055,279866.9206,278493.8046
000407.SZ,20250102,3.29,2.568,3.6965,18.8762,17.9659,0.9816,0.6191,0.6264,289547.8518,288127.238
000407.SZ,20241231,3.42,3.0345,4.368,19.6221,18.6758,1.0204,0.6435,0.6512,300988.9524,299512.2049
000407.SZ,20241230,3.41,1.7449,2.5117,19.5647,18.6212,1.0174,0.6416,0.6493,300108.8677,298636.4382
000407.SZ,20241227,3.43,1.8503,2.6634,19.6795,18.7304,1.0234,0.6454,0.6531,301869.037,300387.9716
000407.SZ,20241226,3.32,1.1056,1.5914,19.0483,18.1297,0.9906,0.6247,0.6321,292188.1058,290754.5381
000407.SZ,20241225,3.29,1.6565,2.3845,18.8762,17.9659,0.9816,0.6191,0.6264,289547.8518,288127.238
000407.SZ,20241224,3.37,1.3358,1.9227,19.3352,18.4027,1.0055,0.6341,0.6417,296588.5291,295133.3715
000407.SZ,20241223,3.35,1.8659,2.6858,19.2205,18.2935,0.9995,0.6304,0.6379,294828.3598,293381.8381
000407.SZ,20241220,3.48,1.4862,2.1393,19.9663,19.0034,1.0383,0.6548,0.6626,306269.4603,304766.805
000407.SZ,20241219,3.48,2.0872,3.0044,19.9663,19.0034,1.0383,0.6548,0.6626,306269.4603,304766.805
000407.SZ,20241218,3.52,2.5513,3.6724,20.1958,19.2218,1.0502,0.6623,0.6702,309789.7989,308269.8717
000407.SZ,20241217,3.51,3.5857,5.1613,20.1385,19.1672,1.0472,0.6605,0.6683,308909.7143,307394.105
000407.SZ,20241216,3.71,2.4664,3.5502,21.2859,20.2594,1.1069,0.6981,0.7064,326511.4074,324909.4387
000407.SZ,20241213,3.72,4.4303,6.3771,21.3433,20.314,1.1099,0.7,0.7083,327391.492,325785.2053
000407.SZ,20241212,3.89,6.2758,9.0336,22.3187,21.2423,1.1606,0.732,0.7407,342352.9312,340673.2389
000407.SZ,20241211,3.75,3.2734,4.7119,21.5154,20.4778,1.1189,0.7056,0.714,330031.746,328412.5054
000407.SZ,20241210,3.64,3.8309,5.5143,20.8843,19.8771,1.086,0.6849,0.6931,320350.8148,318779.0719
000407.SZ,20241209,3.7,4.4245,6.3687,21.2286,20.2048,1.1039,0.6962,0.7045,325631.3227,324033.672
000407.SZ,20241206,3.68,7.9936,11.5062,21.1138,20.0956,1.098,0.6925,0.7007,323871.1534,322282.1386
000407.SZ,20241205,3.49,1.3816,1.9887,20.0237,19.058,1.0413,0.6567,0.6645,307149.5449,305642.5717
000407.SZ,20241204,3.47,2.5642,3.691,19.909,18.9488,1.0353,0.6529,0.6607,305389.3756,303891.0383
000407.SZ,20241203,3.54,2.6328,3.7897,20.3106,19.331,1.0562,0.6661,0.674,311549.9682,310021.4051
000407.SZ,20241202,3.55,3.5233,5.0716,20.368,19.3857,1.0592,0.668,0.6759,312430.0529,310897.1718
000407.SZ,20241129,3.45,2.6682,3.8406,19.7942,18.8396,1.0293,0.6492,0.6569,303629.2063,302139.5049
000407.SZ,20241128,3.45,3.2443,4.6699,19.7942,18.8396,1.0293,0.6492,0.6569,303629.2063,302139.5049
000407.SZ,20241127,3.38,1.9176,2.7602,19.3926,18.4573,1.0085,0.636,0.6436,297468.6137,296009.1382
000407.SZ,20241126,3.38,1.8914,2.7225,19.3926,18.4573,1.0085,0.636,0.6436,297468.6137,296009.1382
000407.SZ,20241125,3.44,2.8609,4.118,19.7368,18.785,1.0264,0.6473,0.655,302749.1217,301263.7383
000407.SZ,20241122,3.34,3.5126,5.0562,19.1631,18.2389,0.9965,0.6285,0.636,293948.2751,292506.0715
000407.SZ,20241121,3.4,2.2377,3.221,19.5073,18.5665,1.0144,0.6398,0.6474,299228.783,297760.6715
000407.SZ,20241120,3.36,2.2381,3.2215,19.2778,18.3481,1.0025,0.6322,0.6398,295708.4444,294257.6048
000407.SZ,20241119,3.3,2.0371,2.9323,18.9336,18.0205,0.9846,0.6209,0.6283,290427.9365,289003.0047
000407.SZ,20241118,3.28,2.1579,3.1061,18.8188,17.9113,0.9786,0.6172,0.6245,288667.7672,287251.4714
000407.SZ,20241115,3.25,1.4038,2.0206,18.6467,17.7474,0.9697,0.6115,0.6188,286027.5132,284624.1713
000407.SZ,20241114,3.26,1.7041,2.4529,18.7041,17.802,0.9727,0.6134,0.6207,286907.5979,285499.938
000407.SZ,20241113,3.34,1.9628,2.8253,19.1631,18.2389,0.9965,0.6285,0.636,293948.2751,292506.0715
000407.SZ,20241112,3.4,2.9001,4.1744,19.5073,18.5665,1.0144,0.6398,0.6474,299228.783,297760.6715
000407.SZ,20241111,3.43,3.1138,4.4821,19.6795,18.7304,1.0234,0.6454,0.6531,301869.037,300387.9716
000407.SZ,20241108,3.37,2.8831,4.15,19.3352,18.4027,1.0055,0.6341,0.6417,296588.5291,295133.3715
000407.SZ,20241107,3.42,4.0211,5.7881,19.6221,18.6758,1.0204,0.6435,0.6512,300988.9524,299512.2049
000407.SZ,20241106,3.3,2.7116,3.9031,18.9336,18.0205,0.9846,0.6209,0.6283,290427.9365,289003.0047
000407.SZ,20241105,3.26,2.3866,3.4353,18.7041,17.802,0.9727,0.6134,0.6207,286907.5979,285499.938
000407.SZ,20241104,3.22,1.3228,1.904,18.4746,17.5836,0.9607,0.6059,0.6131,283387.2592,281996.8713
000407.SZ,20241101,3.19,1.9323,2.7814,18.3025,17.4198,0.9518,0.6002,0.6074,280747.0053,279369.5712
000407.SZ,20241031,3.24,2.0528,2.9549,18.5893,17.6928,0.9667,0.6097,0.6169,285147.4285,283748.4046
000407.SZ,20241030,3.19,1.482,2.1332,18.3025,17.4198,0.9518,0.6002,0.6074,280747.0053,279369.5712
000407.SZ,20241029,3.17,2.3595,3.3963,18.1877,17.3106,0.9458,0.5965,0.6036,278986.836,277618.0379
000407.SZ,20241028,3.25,2.6069,3.7525,18.6467,17.7474,0.9697,0.6115,0.6188,286027.5132,284624.1713
000407.SZ,20241025,3.17,2.221,3.197,18.1877,18.0919,0.9549,0.5965,0.6116,278986.836,277618.0379
000407.SZ,20241024,3.1,1.5025,2.1628,17.7861,17.6924,0.9338,0.5833,0.5981,272826.2434,271487.6711
000407.SZ,20241023,3.06,1.9964,2.8737,17.5566,17.4641,0.9217,0.5758,0.5904,269305.9047,267984.6044
000407.SZ,20241022,3.06,1.6545,2.3815,17.5566,17.4641,0.9217,0.5758,0.5904,269305.9047,267984.6044
000407.SZ,20241021,3.01,1.9347,2.7849,17.2697,17.1788,0.9067,0.5664,0.5808,264905.4815,263605.771
000407.SZ,20241018,3.04,1.967,2.8314,17.4419,17.35,0.9157,0.572,0.5866,267545.7354,266233.071
000407.SZ,20241017,2.99,1.5957,2.2969,17.155,17.0646,0.9007,0.5626,0.5769,263145.3121,261854.2376
000407.SZ,20241016,3.04,1.3325,1.9181,17.4419,17.35,0.9157,0.572,0.5866,267545.7354,266233.071
000407.SZ,20241015,3.01,1.1496,1.6547,17.2697,17.1788,0.9067,0.5664,0.5808,264905.4815,263605.771
000407.SZ,20241014,3.06,1.6583,2.387,17.5566,17.4641,0.9217,0.5758,0.5904,269305.9047,267984.6044
000407.SZ,20241011,3.0,2.117,3.0472,17.2124,17.1217,0.9037,0.5645,0.5788,264025.3968,262730.0043
000407.SZ,20241010,3.1,2.499,3.5971,17.7861,17.6924,0.9338,0.5833,0.5981,272826.2434,271487.6711
000407.SZ,20241009,3.05,3.4488,4.9642,17.4992,17.4071,0.9187,0.5739,0.5885,268425.8201,267108.8377
000407.SZ,20241008,3.36,5.2803,7.6006,19.2778,19.1763,1.0121,0.6322,0.6483,295708.4444,294257.6048
000407.SZ,20240930,3.19,4.4655,6.4278,18.3025,18.2061,0.9609,0.6002,0.6155,280747.0053,279369.5712
000407.SZ,20240927,2.96,2.9564,4.2556,16.9829,16.8934,0.8916,0.557,0.5711,260505.0582,259226.9376
000407.SZ,20240926,2.88,1.8743,2.6979,16.5239,16.4368,0.8675,0.5419,0.5557,253464.3809,252220.8041
000407.SZ,20240925,2.79,2.0943,3.0146,16.0075,15.9232,0.8404,0.525,0.5383,245543.619,244338.904
000407.SZ,20240924,2.75,1.9812,2.8518,15.778,15.6949,0.8284,0.5175,0.5306,242023.2804,240835.8373
000407.SZ,20240923,2.68,0.6109,0.8793,15.3764,15.2954,0.8073,0.5043,0.5171,235862.6878,234705.4705
000407.SZ,20240920,2.69,0.9269,1.3342,15.4337,15.3525,0.8103,0.5062,0.519,236742.7725,235581.2372
000407.SZ,20240919,2.73,0.9609,1.3832,15.6632,15.5808,0.8223,0.5137,0.5267,240263.1111,239084.3039
000407.SZ,20240918,2.65,0.7819,1.1255,15.2042,15.1242,0.7982,0.4986,0.5113,233222.4338,232078.1705
000407.SZ,20240913,2.7,0.7958,1.1455,15.4911,15.4095,0.8133,0.508,0.521,237622.8571,236457.0039
000407.SZ,20240912,2.68,0.515,0.7413,15.3764,15.2954,0.8073,0.5043,0.5171,235862.6878,234705.4705
000407.SZ,20240911,2.65,0.6921,0.9962,15.2042,15.1242,0.7982,0.4986,0.5113,233222.4338,232078.1705
000407.SZ,20240910,2.69,0.5297,0.7624,15.4337,15.3525,0.8103,0.5062,0.519,236742.7725,235581.2372
000407.SZ,20240909,2.68,0.6222,0.8955,15.3764,15.2954,0.8073,0.5043,0.5171,235862.6878,234705.4705
000407.SZ,20240906,2.67,0.6066,0.8732,15.319,15.2383,0.8043,0.5024,0.5152,234982.6032,233829.7038
000407.SZ,20240905,2.69,0.5481,0.789,15.4337,15.3525,0.8103,0.5062,0.519,236742.7725,235581.2372
000407.SZ,20240904,2.68,0.6606,0.9509,15.3764,15.2954,0.8073,0.5043,0.5171,235862.6878,234705.4705
000407.SZ,20240903,2.72,0.795,1.1443,15.6059,15.5237,0.8193,0.5118,0.5248,239383.0264,238208.5372
000407.SZ,20240902,2.73,1.3404,1.9295,15.6632,15.5808,0.8223,0.5137,0.5267,240263.1111,239084.3039
000407.SZ,20240830,2.72,1.2365,1.7798,15.6059,15.5237,0.8193,0.5118,0.5248,239383.0264,238208.5372
000407.SZ,20240829,2.69,0.8214,1.1824,15.4337,15.3525,0.8103,0.5062,0.519,236742.7725,235581.2372
000407.SZ,20240828,2.68,0.9742,1.4023,15.3764,15.2954,0.8073,0.5043,0.5171,235862.6878,234705.4705
000407.SZ,20240827,2.62,0.8186,1.1784,15.0321,14.953,0.7892,0.493,0.5055,230582.1799,229450.8704
000407.SZ,20240826,2.66,1.1694,1.6833,15.2616,15.1812,0.8012,0.5005,0.5132,234102.5185,232953.9371
000407.SZ,20240823,2.58,0.5655,0.8139,14.8026,14.7247,0.7772,0.4855,0.4978,227061.8412,225947.8037
000407.SZ,20240822,2.6,0.558,0.8033,14.9174,14.8388,0.7832,0.4892,0.5017,228822.0106,227699.3371
000407.SZ,20240821,2.64,0.6072,0.874,15.1469,15.0671,0.7952,0.4968,0.5094,232342.3492,231202.4038
000407.SZ,20240820,2.67,0.8596,1.2373,15.319,15.2383,0.8043,0.5024,0.5152,234982.6032,233829.7038
000407.SZ,20240819,2.7,1.7294,2.4894,15.4911,15.4095,0.8133,0.508,0.521,237622.8571,236457.0039
000407.SZ,20240816,2.65,0.4777,0.6877,15.2042,15.4834,0.8162,0.4986,0.5039,233222.4338,232078.3642
000407.SZ,20240815,2.68,0.409,0.5887,15.3764,15.6586,0.8255,0.5043,0.5096,235862.6878,234705.6664
000407.SZ,20240814,2.66,0.4884,0.703,15.2616,15.5418,0.8193,0.5005,0.5058,234102.5185,232954.1316
000407.SZ,20240813,2.67,0.6985,1.0055,15.319,15.6002,0.8224,0.5024,0.5077,234982.6032,233829.899
000407.SZ,20240812,2.63,0.4948,0.7122,15.0895,15.3665,0.8101,0.4949,0.5001,231462.2645,230326.8294
000407.SZ,20240809,2.64,0.5315,0.765,15.1469,15.4249,0.8132,0.4968,0.502,232342.3492,231202.5968
000407.SZ,20240808,2.65,0.5516,0.794,15.2042,15.4834,0.8162,0.4986,0.5039,233222.4338,232078.3642
000407.SZ,20240807,2.64,0.3637,0.5236,15.1469,15.4249,0.8132,0.4968,0.502,232342.3492,231202.5968
000407.SZ,20240806,2.65,0.5541,0.7975,15.2042,15.4834,0.8162,0.4986,0.5039,233222.4338,232078.3642
000407.SZ,20240805,2.6,0.8227,1.1842,14.9174,15.1912,0.8008,0.4892,0.4944,228822.0106,227699.5271
000407.SZ,20240802,2.64,0.651,0.937,15.1469,15.4249,0.8132,0.4968,0.502,232342.3492,231202.5968
000407.SZ,20240801,2.67,0.7829,1.1269,15.319,15.6002,0.8224,0.5024,0.5077,234982.6032,233829.899
000407.SZ,20240731,2.68,1.0434,1.5019,15.3764,15.6586,0.8255,0.5043,0.5096,235862.6878,234705.6664
000407.SZ,20240730,2.62,0.7242,1.0424,15.0321,15.3081,0.807,0.493,0.4982,230582.1799,229451.0619
000407.SZ,20240729,2.57,0.6223,0.8957,14.7453,15.0159,0.7916,0.4836,0.4887,226181.7566,225072.2249
000407.SZ,20240726,2.54,0.5643,0.8122,14.5731,14.8407,0.7824,0.4779,0.483,223541.5026,222444.9226
000407.SZ,20240725,2.52,0.6899,0.993,14.4584,14.7238,0.7762,0.4742,0.4792,221781.3333,220693.3878
000407.SZ,20240724,2.54,0.8865,1.276,14.5731,14.8407,0.7693,0.4779,0.483,223541.5026,222444.9226
000407.SZ,20240723,2.6,0.8636,1.243,14.9174,15.1912,0.7875,0.4892,0.4944,228822.0106,227699.5271
000407.SZ,20240722,2.58,0.4976,0.7162,14.8026,15.0744,0.7814,0.4855,0.4906,227061.8412,225947.9923
000407.SZ,20240719,2.58,0.4384,0.631,14.8026,15.0744,0.7814,0.4855,0.4906,227061.8412,225947.9923
000407.SZ,20240718,2.59,0.6661,0.9588,14.86,15.1328,0.7845,0.4874,0.4925,227941.9259,226823.7597
000407.SZ,20240717,2.59,0.7754,1.1161,14.86,15.1328,0.7845,0.4874,0.4925,227941.9259,226823.7597
000407.SZ,20240716,2.57,0.5984,0.8613,14.7453,15.0159,0.7784,0.4836,0.4887,226181.7566,225072.2249
000407.SZ,20240715,2.59,0.8064,1.1607,14.86,15.1328,0.7845,0.4874,0.4925,227941.9259,226823.7597
000407.SZ,20240712,2.65,0.6806,0.9796,15.2042,15.4834,0.8026,0.4986,0.5039,233222.4338,232078.3642
000407.SZ,20240711,2.66,1.1579,1.6666,15.2616,15.5418,0.8057,0.5005,0.5058,234102.5185,232954.1316
000407.SZ,20240710,2.54,0.5891,0.848,14.5731,14.8407,0.7693,0.4779,0.483,223541.5026,222444.9226
000407.SZ,20240709,2.61,0.7894,1.1363,14.9747,15.2496,0.7905,0.4911,0.4963,229702.0952,228575.2945
000407.SZ,20240708,2.61,0.7348,1.0576,14.9747,15.2496,0.7905,0.4911,0.4963,229702.0952,228575.2945
000407.SZ,20240705,2.66,0.4826,0.6946,15.2616,15.5418,0.8057,0.5005,0.5058,234102.5185,232954.1316
000407.SZ,20240704,2.63,0.7559,1.088,15.0895,15.3665,0.7966,0.4949,0.5001,231462.2645,230326.8294
000407.SZ,20240703,2.7,0.7675,1.1047,15.4911,15.7755,0.8178,0.508,0.5134,237622.8571,236457.2012
000407.SZ,20240702,2.71,1.2429,1.789,15.5485,15.8339,0.8208,0.5099,0.5153,238502.9418,237332.9687
000407.SZ,20240701,2.65,0.6763,0.9734,15.2042,15.4834,0.8026,0.4986,0.5039,233222.4338,232078.3642
000407.SZ,20240628,2.61,0.6816,0.9811,14.9747,15.2496,0.7905,0.4911,0.4963,229702.0952,228575.2945
000407.SZ,20240627,2.6,0.695,1.0004,14.9174,15.1912,0.7875,0.4892,0.4944,228822.0106,227699.5271
000407.SZ,20240626,2.64,0.7182,1.0338,15.1469,15.4249,0.7996,0.4968,0.502,232342.3492,231202.5968
000407.SZ,20240625,2.59,0.7864,1.132,14.86,15.1328,0.7845,0.4874,0.4925,227941.9259,226823.7597
000407.SZ,20240624,2.54,1.0368,1.4923,14.5731,14.8407,0.7693,0.4779,0.483,223541.5026,222444.9226
000407.SZ,20240621,2.64,0.5418,0.7798,15.1469,15.4249,0.7996,0.4968,0.502,232342.3492,231202.5968
000407.SZ,20240620,2.63,0.6745,0.9709,15.0895,15.3665,0.7966,0.4949,0.5001,231462.2645,230326.8294
000407.SZ,20240619,2.69,0.5207,0.7496,15.4337,15.7171,0.8148,0.5062,0.5115,236742.7725,235581.4338
000407.SZ,20240618,2.7,0.6466,0.9308,15.4911,15.7755,0.8178,0.508,0.5134,237622.8571,236457.2012
000407.SZ,20240617,2.67,0.7348,1.0577,15.319,15.6002,0.8087,0.5024,0.5077,234982.6032,233829.899
000407.SZ,20240614,2.73,0.5464,0.7865,15.6632,15.9508,0.8269,0.5137,0.5191,240263.1111,239084.5035
000407.SZ,20240613,2.72,0.5121,0.7371,15.6059,15.8924,0.8238,0.5118,0.5172,239383.0264,238208.7361
000407.SZ,20240612,2.77,0.5966,0.8588,15.8927,16.1845,0.839,0.5212,0.5267,243783.4497,242587.5731
000407.SZ,20240611,2.75,0.8504,1.2241,15.778,16.0676,0.8329,0.5175,0.5229,242023.2804,240836.0383
000407.SZ,20240607,2.79,1.0377,1.4938,16.0075,16.3013,0.845,0.525,0.5305,245543.619,244339.1079
000407.SZ,20240606,2.68,1.2887,1.8551,15.3764,15.6586,0.8117,0.5043,0.5096,235862.6878,234705.6664
000407.SZ,20240605,2.77,1.0169,1.4638,15.8927,16.1845,0.839,0.5212,0.5267,243783.4497,242587.5731
000407.SZ,20240604,2.87,1.0311,1.4842,16.4665,16.7688,0.8693,0.54,0.5457,252584.2963,251345.2472
000407.SZ,20240603,2.91,1.0302,1.4829,16.696,17.0025,0.8814,0.5476,0.5533,256104.6349,254848.3169
000407.SZ,20240531,3.01,0.4601,0.6623,17.2697,17.5868,0.9117,0.5664,0.5724,264905.4815,263605.991
000407.SZ,20240530,3.01,0.7334,1.0557,17.2697,17.5868,0.9117,0.5664,0.5724,264905.4815,263605.991
000407.SZ,20240529,3.05,0.5954,0.857,17.4992,17.8205,0.9238,0.5739,0.58,268425.8201,267109.0607
000407.SZ,20240528,3.06,0.5546,0.7984,17.5566,17.8789,0.9268,0.5758,0.5819,269305.9047,267984.8281
000407.SZ,20240527,3.07,0.7441,1.0711,17.614,17.9373,0.9298,0.5777,0.5838,270185.9894,268860.5955
000407.SZ,20240524,3.07,0.9492,1.3663,17.614,17.9373,0.9298,0.5777,0.5838,270185.9894,268860.5955
000407.SZ,20240523,3.06,1.2945,1.8634,17.5566,17.8789,0.9268,0.5758,0.5819,269305.9047,267984.8281
000407.SZ,20240522,3.16,0.7125,1.0256,18.1303,18.4632,0.9571,0.5946,0.6009,278106.7513,276742.5022
000407.SZ,20240521,3.16,1.0926,1.5728,18.1303,18.4632,0.9571,0.5946,0.6009,278106.7513,276742.5022
000407.SZ,20240520,3.22,1.3622,1.9609,18.4746,18.8137,0.9753,0.6059,0.6123,283387.2592,281997.1067
000407.SZ,20240517,3.19,1.0595,1.525,18.3025,18.6385,0.9662,0.6002,0.6066,280747.0053,279369.8044
000407.SZ,20240516,3.17,0.8487,1.2216,18.1877,18.5216,0.9601,0.5965,0.6028,278986.836,277618.2696
000407.SZ,20240515,3.17,1.101,1.5847,18.1877,18.5216,0.9601,0.5965,0.6028,278986.836,277618.2696
000407.SZ,20240514,3.21,1.143,1.6453,18.4172,18.7553,0.9723,0.604,0.6104,282507.1746,281121.3393
000407.SZ,20240513,3.21,1.9349,2.7851,18.4172,18.7553,0.9723,0.604,0.6104,282507.1746,281121.3393
000407.SZ,20240510,3.19,1.3336,1.9197,18.3025,18.6385,0.9662,0.6002,0.6066,280747.0053,279369.8044
000407.SZ,20240509,3.16,0.9455,1.3609,18.1303,18.4632,0.9571,0.5946,0.6009,278106.7513,276742.5022
000407.SZ,20240508,3.13,1.0551,1.5187,17.9582,18.2879,0.948,0.589,0.5952,275466.4973,274115.2
000407.SZ,20240507,3.15,1.0681,1.5375,18.073,18.4047,0.9541,0.5927,0.599,277226.6666,275866.7348
000407.SZ,20240506,3.19,1.5471,2.227,18.3025,18.6385,0.9662,0.6002,0.6066,280747.0053,279369.8044
000407.SZ,20240430,3.11,1.6559,2.3836,17.8435,18.171,0.942,0.5852,0.5914,273706.328,272363.6651
000407.SZ,20240429,3.09,1.7808,2.5634,17.7287,18.0542,0.9359,0.5814,0.5876,271946.1587,270612.1303
000407.SZ,20240426,3.01,2.047,2.9464,17.2697,17.5868,0.9117,0.5664,0.5724,264905.4815,263605.991
000407.SZ,20240425,3.05,1.8732,2.6964,17.4992,17.8205,0.9238,0.5739,0.58,268425.8201,267109.0607
000407.SZ,20240424,3.09,0.8879,1.2781,17.7287,17.7287,0.943,0.5814,0.5814,271946.1587,270612.1303
000407.SZ,20240423,3.06,1.1698,1.6838,17.5566,17.5566,0.9338,0.5758,0.5758,269305.9047,267984.8281
000407.SZ,20240422,3.03,1.4251,2.0514,17.3845,17.3845,0.9247,0.5701,0.5701,266665.6508,265357.5258
000407.SZ,20240419,3.14,1.2998,1.871,18.0156,18.0156,0.9582,0.5908,0.5908,276346.582,274990.9674
000407.SZ,20240418,3.07,1.2824,1.8458,17.614,17.614,0.9369,0.5777,0.5777,270185.9894,268860.5955
000407.SZ,20240417,3.14,2.087,3.004,18.0156,18.0156,0.9582,0.5908,0.5908,276346.582,274990.9674
000407.SZ,20240416,2.96,2.562,3.6878,16.9829,16.9829,0.9033,0.557,0.557,260505.0582,259227.154
000407.SZ,20240415,3.23,2.0032,2.8834,18.532,18.532,0.9857,0.6078,0.6078,284267.3439,282872.8741
000407.SZ,20240412,3.32,0.9779,1.4077,19.0483,19.0483,1.0132,0.6247,0.6247,292188.1058,290754.7808
000407.SZ,20240411,3.34,0.9771,1.4064,19.1631,19.1631,1.0193,0.6285,0.6285,293948.2751,292506.3156
000407.SZ,20240410,3.31,1.1365,1.6359,18.991,18.991,1.0101,0.6228,0.6228,291308.0211,289879.0134
000407.SZ,20240409,3.33,0.9772,1.4067,19.1057,19.1057,1.0162,0.6266,0.6266,293068.1904,291630.5482
000407.SZ,20240408,3.31,1.2037,1.7327,18.991,18.991,1.0101,0.6228,0.6228,291308.0211,289879.0134
000407.SZ,20240403,3.35,1.296,1.8655,19.2205,19.2205,1.0223,0.6304,0.6304,294828.3598,293382.083
000407.SZ,20240402,3.33,1.4795,2.1296,19.1057,19.1057,1.0162,0.6266,0.6266,293068.1904,291630.5482
000407.SZ,20240401,3.27,1.3535,1.9482,18.7615,18.7615,0.9979,0.6153,0.6153,287787.6825,286375.9437
000407.SZ,20240329,3.19,1.5163,2.1826,18.3025,18.3025,0.9735,0.6002,0.6002,280747.0053,279369.8044
000407.SZ,20240328,3.12,1.6186,2.3298,17.9008,17.9008,0.9521,0.5871,0.5871,274586.4127,273239.4325
000407.SZ,20240327,3.13,1.684,2.424,17.9582,17.9582,0.9552,0.589,0.589,275466.4973,274115.2
000407.SZ,20240326,3.15,1.7601,2.5335,18.073,18.073,0.9613,0.5927,0.5927,277226.6666,275866.7348
000407.SZ,20240325,3.18,3.4309,4.9385,18.2451,18.2451,0.9704,0.5984,0.5984,279866.9206,278494.037
000407.SZ,20240322,3.14,0.9378,1.35,18.2148,24.6348,0.9807,0.5949,0.6135,276346.582,274990.9674
000407.SZ,20240321,3.17,1.0074,1.4501,18.3888,24.8702,0.9901,0.6006,0.6193,278986.836,277618.2696
000407.SZ,20240320,3.17,1.0915,1.5712,18.3888,24.8702,0.9901,0.6006,0.6193,278986.836,277618.2696
000407.SZ,20240319,3.13,1.0818,1.5572,18.1568,24.5563,0.9776,0.593,0.6115,275466.4973,274115.2
000407.SZ,20240318,3.15,0.9354,1.3464,18.2728,24.7133,0.9838,0.5968,0.6154,277226.6666,275866.7348
000407.SZ,20240315,3.11,0.9063,1.3045,18.0407,24.3994,0.9713,0.5892,0.6076,273706.328,272363.6651
000407.SZ,20240314,3.06,1.0344,1.489,17.7507,24.0072,0.9557,0.5797,0.5978,269305.9047,267984.8281
000407.SZ,20240313,3.06,0.9158,1.3182,17.7507,24.0072,0.9557,0.5797,0.5978,269305.9047,267984.8281
000407.SZ,20240312,3.07,1.1342,1.6325,17.8087,24.0856,0.9589,0.5816,0.5998,270185.9894,268860.5955
000407.SZ,20240311,3.04,1.0715,1.5424,17.6347,23.8503,0.9495,0.576,0.5939,267545.7354,266233.2932
000407.SZ,20240308,3.01,0.625,0.8997,17.4606,23.6149,0.9401,0.5703,0.5881,264905.4815,263605.991
000407.SZ,20240307,2.98,1.0616,1.5281,17.2866,23.3795,0.9307,0.5646,0.5822,262265.2275,260978.6888
000407.SZ,20240306,2.99,1.0963,1.5781,17.3446,23.458,0.9339,0.5665,0.5842,263145.3121,261854.4562
000407.SZ,20240305,2.94,0.8859,1.2752,17.0546,23.0657,0.9182,0.557,0.5744,258744.8889,257475.6191
000407.SZ,20240304,3.01,0.9066,1.305,17.4606,23.6149,0.9401,0.5703,0.5881,264905.4815,263605.991
000407.SZ,20240301,3.04,1.0537,1.5167,17.6347,23.8503,0.9495,0.576,0.5939,267545.7354,266233.2932
000407.SZ,20240229,3.02,1.5286,2.2004,17.5187,23.6933,0.9432,0.5722,0.59,265785.5661,264481.7584
000407.SZ,20240228,2.93,2.4031,3.459,16.9966,22.9873,0.9151,0.5551,0.5724,257864.8042,256599.8517
000407.SZ,20240227,3.11,1.507,2.1693,18.0407,24.3994,0.9713,0.5892,0.6076,273706.328,272363.6651
000407.SZ,20240226,3.02,1.9591,2.82,17.5187,23.6933,0.9432,0.5722,0.59,265785.5661,264481.7584
000407.SZ,20240223,2.98,1.7469,2.5146,17.2866,23.3795,0.9307,0.5646,0.5822,262265.2275,260978.6888
000407.SZ,20240222,2.92,1.3732,1.9766,16.9386,22.9088,0.912,0.5532,0.5705,256984.7196,255724.0843
000407.SZ,20240221,2.88,1.962,2.8242,16.7065,22.595,0.8995,0.5456,0.5627,253464.3809,252221.0147
000407.SZ,20240220,2.84,1.5415,2.2189,16.4745,22.2812,0.887,0.5381,0.5548,249944.0423,248717.945
000407.SZ,20240219,2.84,2.1622,3.1124,16.4745,22.2812,0.887,0.5381,0.5548,249944.0423,248717.945
000407.SZ,20240208,2.78,2.6154,3.7647,16.1264,21.8104,0.8683,0.5267,0.5431,244663.5344,243463.3405
000407.SZ,20240207,2.59,2.9746,4.2818,15.0243,20.3198,0.8089,0.4907,0.506,227941.9259,226823.7597
000407.SZ,20240206,2.73,2.2497,3.2382,15.8364,21.4182,0.8527,0.5172,0.5334,240263.1111,239084.5035
000407.SZ,20240205,2.7,2.4025,3.4582,15.6624,21.1828,0.8433,0.5115,0.5275,237622.8571,236457.2012
000407.SZ,20240202,3.0,1.8784,2.7039,17.4026,23.5364,0.937,0.5684,0.5861,264025.3968,262730.2236
000407.SZ,20240201,3.14,1.81,2.6053,18.2148,24.6348,0.9807,0.5949,0.6135,276346.582,274990.9674
000407.SZ,20240131,3.26,1.4898,2.1444,18.9109,25.5763,1.0182,0.6176,0.6369,286907.5979,285500.1763
000407.SZ,20240130,3.39,1.4238,2.0494,19.665,26.5962,1.0588,0.6423,0.6623,298348.6984,296885.1527
000407.SZ,20240129,3.48,1.3275,1.9108,20.1871,27.3023,1.0869,0.6593,0.6799,306269.4603,304767.0594
000407.SZ,20240126,3.54,1.5555,2.239,20.5351,27.773,1.1056,0.6707,0.6916,311549.9682,310021.6638
000407.SZ,20240125,3.46,1.3935,2.0058,20.071,27.1454,1.0807,0.6555,0.676,304509.291,303015.5246
000407.SZ,20240124,3.34,1.3544,1.9496,19.3749,26.2039,1.0432,0.6328,0.6525,293948.2751,292506.3156
000407.SZ,20240123,3.27,1.6102,2.3178,18.9689,25.6547,1.0213,0.6195,0.6389,287787.6825,286375.9437
000407.SZ,20240122,3.29,1.8818,2.7088,19.0849,25.8116,1.0276,0.6233,0.6428,289547.8518,288127.4785
000407.SZ,20240119,3.52,0.9635,1.3868,20.4191,27.6161,1.0994,0.6669,0.6877,309789.7989,308270.129
000407.SZ,20240118,3.57,1.6483,2.3726,20.7091,28.0084,1.115,0.6764,0.6975,314190.2222,312648.9661
000407.SZ,20240117,3.65,0.8493,1.2225,21.1732,28.636,1.14,0.6915,0.7131,321230.8994,319655.1054
000407.SZ,20240116,3.71,1.0768,1.55,21.5213,29.1067,1.1587,0.7029,0.7248,326511.4074,324909.7099
000407.SZ,20240115,3.75,0.8669,1.2479,21.7533,29.4205,1.1712,0.7105,0.7326,330031.746,328412.7795
000407.SZ,20240112,3.72,0.7758,1.1167,21.5793,29.1852,1.1619,0.7048,0.7268,327391.492,325785.4773
000407.SZ,20240111,3.71,0.7054,1.0153,21.5213,29.1067,1.1587,0.7029,0.7248,326511.4074,324909.7099
000407.SZ,20240110,3.7,0.8463,1.2182,21.4633,29.0283,1.1556,0.701,0.7229,325631.3227,324033.9424
000407.SZ,20240109,3.73,0.8896,1.2805,21.6373,29.2636,1.165,0.7067,0.7287,328271.5767,326661.2447
000407.SZ,20240108,3.69,1.146,1.6495,21.4052,28.9498,1.1525,0.6991,0.7209,324751.2381,323158.175
000407.SZ,20240105,3.73,1.1133,1.6026,21.6373,29.2636,1.165,0.7067,0.7287,328271.5767,326661.2447
000407.SZ,20240104,3.8,1.2034,1.7322,22.0433,29.8128,1.1869,0.7199,0.7424,334432.1693,332791.6166
000407.SZ,20240103,3.76,1.5221,2.191,21.8113,29.499,1.1744,0.7124,0.7346,330911.8307,329288.5469
000407.SZ,20240102,3.75,2.1791,3.1367,21.7533,29.4205,1.1712,0.7105,0.7326,330031.746,328412.7795
000407.SZ,20231229,3.62,0.7067,1.0172,20.9992,28.4006,1.1306,0.6858,0.7072,318590.6455,317027.8031
000407.SZ,20231228,3.61,0.8555,1.2314,20.9412,28.3222,1.1275,0.6839,0.7053,317710.5608,316152.0357
000407.SZ,20231227,3.58,0.5833,0.8396,20.7671,28.0868,1.1181,0.6783,0.6994,315070.3068,313524.7335
000407.SZ,20231226,3.55,0.8832,1.2713,20.5931,27.8514,1.1088,0.6726,0.6936,312430.0529,310897.4313
000407.SZ,20231225,3.58,0.7842,1.1288,20.7671,28.0868,1.1181,0.6783,0.6994,315070.3068,313524.7335
000407.SZ,20231222,3.66,1.1945,1.7194,21.2312,28.7145,1.1431,0.6934,0.7151,322110.9841,320530.8728
000407.SZ,20231221,3.71,1.3497,1.9428,21.5213,29.1067,1.1587,0.7029,0.7248,326511.4074,324909.7099
000407.SZ,20231220,3.71,1.1787,1.6967,21.5213,29.1067,1.1587,0.7029,0.7248,326511.4074,324909.7099
000407.SZ,20231219,3.74,1.1111,1.5993,21.6953,29.3421,1.1681,0.7086,0.7307,329151.6613,327537.0121
000407.SZ,20231218,3.76,1.3966,2.0102,21.8113,29.499,1.1744,0.7124,0.7346,330911.8307,329288.5469
000407.SZ,20231215,3.83,1.8229,2.6239,22.2174,30.0482,1.1962,0.7256,0.7483,337072.4232,335418.9188
000407.SZ,20231214,3.81,1.8396,2.648,22.1013,29.8913,1.19,0.7218,0.7444,335312.2539,333667.384
000407.SZ,20231213,3.78,1.4214,2.0459,21.9273,29.6559,1.1806,0.7162,0.7385,332672.0,331040.0817
000407.SZ,20231212,3.78,1.4774,2.1266,21.9273,29.6559,1.1806,0.7162,0.7385,332672.0,331040.0817
000407.SZ,20231211,3.73,1.4132,2.0342,21.6373,29.2636,1.165,0.7067,0.7287,328271.5767,326661.2447
000407.SZ,20231208,3.7,1.4823,2.1336,21.4633,29.0283,1.1556,0.701,0.7229,325631.3227,324033.9424
000407.SZ,20231207,3.72,0.7662,1.1029,21.5793,29.1852,1.1619,0.7048,0.7268,327391.492,325785.4773
000407.SZ,20231206,3.74,0.7507,1.0806,21.6953,29.3421,1.1681,0.7086,0.7307,329151.6613,327537.0121
000407.SZ,20231205,3.72,1.0413,1.4988,21.5793,29.1852,1.1619,0.7048,0.7268,327391.492,325785.4773
000407.SZ,20231204,3.77,1.1493,1.6543,21.8693,29.5775,1.1775,0.7143,0.7365,331791.9153,330164.3143
000407.SZ,20231201,3.75,0.7375,1.0616,21.7533,29.4205,1.1712,0.7105,0.7326,330031.746,328412.7795
000407.SZ,20231130,3.74,0.8991,1.2942,21.6953,29.3421,1.1681,0.7086,0.7307,329151.6613,327537.0121
000407.SZ,20231129,3.73,0.7185,1.0342,21.6373,29.2636,1.165,0.7067,0.7287,328271.5767,326661.2447
000407.SZ,20231128,3.77,0.7839,1.1284,21.8693,29.5775,1.1775,0.7143,0.7365,331791.9153,330164.3143
000407.SZ,20231127,3.75,0.8519,1.2263,21.7533,29.4205,1.1712,0.7105,0.7326,330031.746,328412.7795
000407.SZ,20231124,3.75,0.7877,1.1338,21.7533,29.4205,1.1712,0.7105,0.7326,330031.746,328412.7795
000407.SZ,20231123,3.75,0.6868,0.9886,21.7533,29.4205,1.1712,0.7105,0.7326,330031.746,328412.7795
000407.SZ,20231122,3.72,0.5182,0.7458,21.5793,29.1852,1.1619,0.7048,0.7268,327391.492,325785.4773
000407.SZ,20231121,3.75,0.733,1.0551,21.7533,29.4205,1.1712,0.7105,0.7326,330031.746,328412.7795
000407.SZ,20231120,3.76,0.7224,1.0398,21.8113,29.499,1.1744,0.7124,0.7346,330911.8307,329288.5469
000407.SZ,20231117,3.74,0.6624,0.9535,21.6953,29.3421,1.1681,0.7086,0.7307,329151.6613,327537.0121
000407.SZ,20231116,3.74,0.7491,1.0783,21.6953,29.3421,1.1681,0.7086,0.7307,329151.6613,327537.0121
000407.SZ,20231115,3.75,0.6797,0.9784,21.7533,29.4205,1.1712,0.7105,0.7326,330031.746,328412.7795
000407.SZ,20231114,3.75,1.0047,1.4462,21.7533,29.4205,1.1712,0.7105,0.7326,330031.746,328412.7795
000407.SZ,20231113,3.77,1.6917,2.4351,21.8693,29.5775,1.1775,0.7143,0.7365,331791.9153,330164.3143
000407.SZ,20231110,3.72,1.456,2.0958,21.5793,29.1852,1.1619,0.7048,0.7268,327391.492,325785.4773
000407.SZ,20231109,3.66,0.6693,0.9634,21.2312,28.7145,1.1431,0.6934,0.7151,322110.9841,320530.8728
000407.SZ,20231108,3.68,0.7508,1.0807,21.3472,28.8714,1.1494,0.6972,0.719,323871.1534,322282.4076
000407.SZ,20231107,3.71,1.4623,2.1048,21.5213,29.1067,1.1587,0.7029,0.7248,326511.4074,324909.7099
000407.SZ,20231106,3.66,0.8939,1.2866,21.2312,28.7145,1.1431,0.6934,0.7151,322110.9841,320530.8728
000407.SZ,20231103,3.63,0.8134,1.1709,21.0572,28.4791,1.1338,0.6877,0.7092,319470.7301,317903.5706
000407.SZ,20231102,3.63,0.912,1.3128,21.0572,28.4791,1.1338,0.6877,0.7092,319470.7301,317903.5706
000407.SZ,20231101,3.63,0.7224,1.0398,21.0572,28.4791,1.1338,0.6877,0.7092,319470.7301,317903.5706
000407.SZ,20231031,3.62,0.7067,1.0173,20.9992,28.4006,1.1306,0.6858,0.7072,318590.6455,317027.8031
000407.SZ,20231030,3.65,1.0943,1.5751,21.1732,28.636,1.14,0.6915,0.7131,321230.8994,319655.1054
000407.SZ,20231027,3.67,0.9755,1.3055,21.2892,22.6334,1.1554,0.6953,0.6843,322991.0688,321406.6402
000407.SZ,20231026,3.64,0.895,1.1978,21.1152,22.4484,1.146,0.6896,0.6788,320350.8148,318779.338
000407.SZ,20231025,3.63,1.2116,1.6216,21.0572,22.3867,1.1428,0.6877,0.6769,319470.7301,317903.5706
000407.SZ,20231024,3.54,1.3663,1.8285,20.5351,21.8317,1.1145,0.6707,0.6601,311549.9682,310021.6638
000407.SZ,20231023,3.41,0.917,1.2273,19.781,21.0299,1.0736,0.6461,0.6359,300108.8677,298636.6875
000407.SZ,20231020,3.53,1.0062,1.3466,20.4771,21.77,1.1113,0.6688,0.6582,310669.8836,309145.8964
000407.SZ,20231019,3.52,1.041,1.3932,20.4191,21.7083,1.1082,0.6669,0.6564,309789.7989,308270.129
000407.SZ,20231018,3.56,1.2546,1.6791,20.6511,21.955,1.1208,0.6745,0.6638,313310.1375,311773.1987
000407.SZ,20231017,3.66,0.9457,1.2657,21.2312,22.5717,1.1523,0.6934,0.6825,322110.9841,320530.8728
000407.SZ,20231016,3.69,2.2868,3.0606,21.4052,22.7567,1.1617,0.6991,0.6881,324751.2381,323158.175
000407.SZ,20231013,3.61,0.9883,1.3227,20.9412,22.2634,1.1365,0.6839,0.6732,317710.5608,316152.0357
000407.SZ,20231012,3.65,1.003,1.3424,21.1732,22.5101,1.1491,0.6915,0.6806,321230.8994,319655.1054
000407.SZ,20231011,3.63,2.0376,2.727,21.0572,22.3867,1.1428,0.6877,0.6769,319470.7301,317903.5706
000407.SZ,20231010,3.73,1.2322,1.6492,21.6373,23.0034,1.1743,0.7067,0.6955,328271.5767,326661.2447
000407.SZ,20231009,3.71,1.1342,1.518,21.5213,22.8801,1.168,0.7029,0.6918,326511.4074,324909.7099
000407.SZ,20230928,3.75,0.9111,1.2194,21.7533,23.1268,1.1806,0.7105,0.6993,330031.746,328412.7795
000407.SZ,20230927,3.7,0.7049,0.9434,21.4633,22.8184,1.1649,0.701,0.6899,325631.3227,324033.9424
000407.SZ,20230926,3.7,0.5642,0.7551,21.4633,22.8184,1.1649,0.701,0.6899,325631.3227,324033.9424
000407.SZ,20230925,3.7,0.731,0.9783,21.4633,22.8184,1.1649,0.701,0.6899,325631.3227,324033.9424
000407.SZ,20230922,3.72,1.0445,1.3979,21.5793,22.9418,1.1712,0.7048,0.6937,327391.492,325785.4773
000407.SZ,20230921,3.69,1.0621,1.4215,21.4052,22.7567,1.1617,0.6991,0.6881,324751.2381,323158.175
000407.SZ,20230920,3.75,1.0762,1.4404,21.7533,23.1268,1.1806,0.7105,0.6993,330031.746,328412.7795
000407.SZ,20230919,3.75,0.9508,1.2726,21.7533,23.1268,1.1806,0.7105,0.6993,330031.746,328412.7795
000407.SZ,20230918,3.75,1.0604,1.4192,21.7533,23.1268,1.1806,0.7105,0.6993,330031.746,328412.7795
000407.SZ,20230915,3.71,0.7033,0.9413,21.5213,22.8801,1.168,0.7029,0.6918,326511.4074,324909.7099
000407.SZ,20230914,3.71,0.8912,1.1927,21.5213,22.8801,1.168,0.7029,0.6918,326511.4074,324909.7099
000407.SZ,20230913,3.71,1.0171,1.3612,21.5213,22.8801,1.168,0.7029,0.6918,326511.4074,324909.7099
000407.SZ,20230912,3.72,0.5187,0.6942,21.5793,22.9418,1.1712,0.7048,0.6937,327391.492,325785.4773
000407.SZ,20230911,3.72,0.8545,1.1437,21.5793,22.9418,1.1712,0.7048,0.6937,327391.492,325785.4773
000407.SZ,20230908,3.68,0.511,0.6839,21.3472,22.6951,1.1586,0.6972,0.6862,323871.1534,322282.4076
000407.SZ,20230907,3.69,0.9973,1.3348,21.4052,22.7567,1.1617,0.6991,0.6881,324751.2381,323158.175
000407.SZ,20230906,3.74,0.6197,0.8293,21.6953,23.0651,1.1775,0.7086,0.6974,329151.6613,327537.0121
000407.SZ,20230905,3.75,0.8637,1.156,21.7533,23.1268,1.1806,0.7105,0.6993,330031.746,328412.7795
000407.SZ,20230904,3.78,1.7322,2.3183,21.9273,23.3118,1.1901,0.7162,0.7049,332672.0,331040.0817
000407.SZ,20230901,3.72,0.9276,1.2415,21.5793,22.9418,1.1712,0.7048,0.6937,327391.492,325785.4773
000407.SZ,20230831,3.7,0.8363,1.1192,21.4633,22.8184,1.1649,0.701,0.6899,325631.3227,324033.9424
000407.SZ,20230830,3.7,1.163,1.5566,21.4633,22.8184,1.1649,0.701,0.6899,325631.3227,324033.9424
000407.SZ,20230829,3.75,1.2763,1.7081,21.7533,23.1268,1.1806,0.7105,0.6993,330031.746,328412.7795
000407.SZ,20230828,3.71,2.3517,3.1474,21.5213,22.8801,1.168,0.7029,0.6918,326511.4074,324909.7099
000407.SZ,20230825,3.63,1.483,1.9848,21.0572,22.3867,1.1428,0.6877,0.6769,319470.7301,317903.5706
000407.SZ,20230824,3.59,0.9944,1.3309,20.8252,22.14,1.1302,0.6802,0.6694,315950.3915,314400.5009
000407.SZ,20230823,3.63,0.9298,1.2444,21.0572,22.3867,1.1428,0.6877,0.6769,319470.7301,317903.5706
000407.SZ,20230822,3.67,1.7194,2.3012,21.2892,22.6334,1.1554,0.6953,0.6843,322991.0688,321406.6402
000407.SZ,20230821,3.74,1.2968,1.7356,21.6953,23.0651,1.1775,0.7086,0.6974,329151.6613,327537.0121
000407.SZ,20230818,3.69,1.2325,1.6496,21.4052,22.6183,1.1875,0.6991,0.6819,324751.2381,323158.175
000407.SZ,20230817,3.68,0.9665,1.2936,21.3472,22.557,1.1842,0.6972,0.68,323871.1534,322282.4076
000407.SZ,20230816,3.65,0.6736,0.9016,21.1732,22.3731,1.1746,0.6915,0.6745,321230.8994,319655.1054
000407.SZ,20230815,3.67,0.7542,1.0094,21.2892,22.4957,1.181,0.6953,0.6782,322991.0688,321406.6402
000407.SZ,20230814,3.7,1.2278,1.6433,21.4633,22.6796,1.1907,0.701,0.6837,325631.3227,324033.9424
000407.SZ,20230811,3.68,2.3485,3.1431,21.3472,22.557,1.1842,0.6972,0.68,323871.1534,322282.4076
000407.SZ,20230810,3.83,2.9199,3.9079,22.2174,23.4764,1.2325,0.7256,0.7077,337072.4232,335418.9188
000407.SZ,20230809,3.69,0.6644,0.8892,21.4052,22.6183,1.1875,0.6991,0.6819,324751.2381,323158.175
000407.SZ,20230808,3.73,0.7834,1.0485,21.6373,22.8634,1.2003,0.7067,0.6893,328271.5767,326661.2447
000407.SZ,20230807,3.75,1.1121,1.4885,21.7533,22.986,1.2068,0.7105,0.693,330031.746,328412.7795
000407.SZ,20230804,3.79,0.7651,1.024,21.9853,23.2312,1.2196,0.7181,0.7004,333552.0846,331915.8491
000407.SZ,20230803,3.82,0.7006,0.9376,22.1594,23.4151,1.2293,0.7237,0.7059,336192.3386,334543.1514
000407.SZ,20230802,3.83,0.9214,1.2332,22.2174,23.4764,1.2325,0.7256,0.7077,337072.4232,335418.9188
000407.SZ,20230801,3.83,0.8669,1.1603,22.2174,23.4764,1.2325,0.7256,0.7077,337072.4232,335418.9188
000407.SZ,20230731,3.81,0.7622,1.0201,22.1013,23.3538,1.2261,0.7218,0.704,335312.2539,333667.384
000407.SZ,20230728,3.77,0.7336,0.9818,21.8693,23.1086,1.2132,0.7143,0.6967,331791.9153,330164.3143
000407.SZ,20230727,3.75,0.6631,0.8875,21.7533,22.986,1.2068,0.7105,0.693,330031.746,328412.7795
000407.SZ,20230726,3.76,0.6478,0.867,21.8113,23.0473,1.21,0.7124,0.6948,330911.8307,329288.5469
000407.SZ,20230725,3.73,0.604,0.8083,21.6373,22.8634,1.2003,0.7067,0.6893,328271.5767,326661.2447
000407.SZ,20230724,3.7,0.4264,0.5706,21.4633,22.6796,1.1907,0.701,0.6837,325631.3227,324033.9424
000407.SZ,20230721,3.72,0.7774,1.0404,21.5793,22.8021,1.1971,0.7048,0.6874,327391.492,325785.4773
000407.SZ,20230720,3.7,0.8567,1.1466,21.4633,22.6796,1.1907,0.701,0.6837,325631.3227,324033.9424
000407.SZ,20230719,3.73,0.5709,0.7641,21.6373,22.8634,1.2003,0.7067,0.6893,328271.5767,326661.2447
000407.SZ,20230718,3.71,0.531,0.7107,21.5213,22.7408,1.1939,0.7029,0.6856,326511.4074,324909.7099
000407.SZ,20230717,3.71,0.6203,0.8302,21.5213,22.7408,1.1939,0.7029,0.6856,326511.4074,324909.7099
000407.SZ,20230714,3.71,0.5078,0.6796,21.5213,22.7408,1.1939,0.7029,0.6856,326511.4074,324909.7099
000407.SZ,20230713,3.7,0.6234,0.8344,21.4633,22.6796,1.1831,0.701,0.6837,325631.3227,324033.9424
000407.SZ,20230712,3.68,0.5517,0.7384,21.3472,22.557,1.1767,0.6972,0.68,323871.1534,322282.4076
000407.SZ,20230711,3.71,0.5018,0.6716,21.5213,22.7408,1.1863,0.7029,0.6856,326511.4074,324909.7099
000407.SZ,20230710,3.7,0.5725,0.7663,21.4633,22.6796,1.1831,0.701,0.6837,325631.3227,324033.9424
000407.SZ,20230707,3.67,0.5014,0.6711,21.2892,22.4957,1.1735,0.6953,0.6782,322991.0688,321406.6402
000407.SZ,20230706,3.65,0.4657,0.6232,21.1732,22.3731,1.1671,0.6915,0.6745,321230.8994,319655.1054
000407.SZ,20230705,3.67,0.3921,0.5248,21.2892,22.4957,1.1735,0.6953,0.6782,322991.0688,321406.6402
000407.SZ,20230704,3.67,0.537,0.7187,21.2892,22.4957,1.1735,0.6953,0.6782,322991.0688,321406.6402
000407.SZ,20230703,3.66,0.6421,0.8593,21.2312,22.4344,1.1703,0.6934,0.6763,322110.9841,320530.8728
000407.SZ,20230630,3.65,0.4931,0.6599,21.1732,22.3731,1.1671,0.6915,0.6745,321230.8994,319655.1054
000407.SZ,20230629,3.63,0.529,0.7081,21.0572,22.2505,1.1607,0.6877,0.6708,319470.7301,317903.5706
000407.SZ,20230628,3.64,0.6984,0.9347,21.1152,22.3118,1.1639,0.6896,0.6726,320350.8148,318779.338
000407.SZ,20230627,3.62,0.8851,1.1846,20.9992,22.1892,1.1575,0.6858,0.6689,318590.6455,317027.8031
000407.SZ,20230626,3.55,0.9194,1.2305,20.5931,21.7601,1.1351,0.6726,0.656,312430.0529,310897.4313
000407.SZ,20230621,3.53,0.501,0.6705,20.4771,21.6375,1.1287,0.6688,0.6523,310669.8836,309145.8964
000407.SZ,20230620,3.57,0.5487,0.7344,20.7091,21.8827,1.1415,0.6764,0.6597,314190.2222,312648.9661
000407.SZ,20230619,3.6,0.5213,0.6977,20.8832,22.0666,1.1511,0.6821,0.6652,316830.4762,315276.2683
000407.SZ,20230616,3.63,0.6933,0.9279,21.0572,22.2505,1.1607,0.6877,0.6708,319470.7301,317903.5706
000407.SZ,20230615,3.59,0.5237,0.7008,20.8252,22.0053,1.1479,0.6802,0.6634,315950.3915,314400.5009
000407.SZ,20230614,3.58,0.4378,0.5859,20.7671,21.944,1.1447,0.6783,0.6615,315070.3068,313524.7335
000407.SZ,20230613,3.59,0.6528,0.8737,20.8252,22.0053,1.1479,0.6802,0.6634,315950.3915,314400.5009
000407.SZ,20230612,3.6,0.9158,1.2257,20.8832,22.0666,1.1511,0.6821,0.6652,316830.4762,315276.2683
000407.SZ,20230609,3.58,0.5362,0.7176,20.7671,21.944,1.1447,0.6783,0.6615,315070.3068,313524.7335
000407.SZ,20230608,3.6,0.6233,0.8342,20.8832,22.0666,1.1511,0.6821,0.6652,316830.4762,315276.2683
000407.SZ,20230607,3.6,0.7175,0.9602,20.8832,22.0666,1.1511,0.6821,0.6652,316830.4762,315276.2683
000407.SZ,20230606,3.62,0.8789,1.1763,20.9992,22.1892,1.1575,0.6858,0.6689,318590.6455,317027.8031
000407.SZ,20230605,3.7,0.6516,0.872,21.4633,22.6796,1.1831,0.701,0.6837,325631.3227,324033.9424
000407.SZ,20230602,3.71,0.5178,0.693,21.5213,22.7408,1.1863,0.7029,0.6856,326511.4074,324909.7099
000407.SZ,20230601,3.7,0.706,0.9449,21.4633,22.6796,1.1831,0.701,0.6837,325631.3227,324033.9424
000407.SZ,20230531,3.74,0.7206,0.9644,21.6953,22.9247,1.1959,0.7086,0.6911,329151.6613,327537.0121
000407.SZ,20230530,3.81,0.5357,0.7169,22.1013,23.3538,1.2182,0.7218,0.704,335312.2539,333667.384
000407.SZ,20230529,3.82,0.7094,0.9494,22.1594,23.4151,1.2214,0.7237,0.7059,336192.3386,334543.1514
000407.SZ,20230526,3.81,1.0245,1.3711,22.1013,23.3538,1.2182,0.7218,0.704,335312.2539,333667.384
000407.SZ,20230525,3.83,1.3574,1.8167,22.2174,23.4764,1.2246,0.7256,0.7077,337072.4232,335418.9188
000407.SZ,20230524,3.76,0.585,0.7829,21.8113,23.0473,1.2022,0.7124,0.6948,330911.8307,329288.5469
000407.SZ,20230523,3.77,0.7525,1.0071,21.8693,23.1086,1.2054,0.7143,0.6967,331791.9153,330164.3143
000407.SZ,20230522,3.85,0.6535,0.8746,22.3334,23.599,1.231,0.7294,0.7114,338832.5926,337170.4536
000407.SZ,20230519,3.81,0.6158,0.8241,22.1013,23.3538,1.2182,0.7218,0.704,335312.2539,333667.384
000407.SZ,20230518,3.85,0.5129,0.6865,22.3334,23.599,1.231,0.7294,0.7114,338832.5926,337170.4536
000407.SZ,20230517,3.85,0.8534,1.1422,22.3334,23.599,1.231,0.7294,0.7114,338832.5926,337170.4536
000407.SZ,20230516,3.81,0.7083,0.948,22.1013,23.3538,1.2182,0.7218,0.704,335312.2539,333667.384
000407.SZ,20230515,3.82,0.6737,0.9017,22.1594,23.4151,1.2214,0.7237,0.7059,336192.3386,334543.1514
000407.SZ,20230512,3.81,0.6402,0.8568,22.1013,23.3538,1.2182,0.7218,0.704,335312.2539,333667.384
000407.SZ,20230511,3.83,0.7708,1.0316,22.2174,23.4764,1.2246,0.7256,0.7077,337072.4232,335418.9188
000407.SZ,20230510,3.77,0.4768,0.6382,21.8693,23.1086,1.2054,0.7143,0.6967,331791.9153,330164.3143
000407.SZ,20230509,3.77,0.8093,1.0831,21.8693,23.1086,1.2054,0.7143,0.6967,331791.9153,330164.3143
000407.SZ,20230508,3.8,0.7101,0.9504,22.0433,23.2925,1.215,0.7199,0.7022,334432.1693,332791.6166
000407.SZ,20230505,3.78,0.5612,0.7511,21.9273,23.1699,1.2086,0.7162,0.6985,332672.0,331040.0817
000407.SZ,20230504,3.77,1.0979,1.4694,21.8693,23.1086,1.2054,0.7143,0.6967,331791.9153,330164.3143
000407.SZ,20230428,3.72,0.7766,1.0394,21.5793,21.5793,1.2004,0.7048,0.7048,327391.492,325785.4773
000407.SZ,20230427,3.68,0.5439,0.728,21.3472,21.3472,1.1875,0.6972,0.6972,323871.1534,322282.4076
000407.SZ,20230426,3.68,0.6764,0.9052,21.3472,21.3472,1.1875,0.6972,0.6972,323871.1534,322282.4076
000407.SZ,20230425,3.64,0.8853,1.1849,21.1152,21.1152,1.1746,0.6896,0.6896,320350.8148,318779.338
000407.SZ,20230424,3.7,0.8701,1.1645,21.4633,21.4633,1.1939,0.701,0.701,325631.3227,324033.9424
000407.SZ,20230421,3.68,0.9771,1.3077,21.3472,21.3472,1.1875,0.6972,0.6972,323871.1534,322282.4076
000407.SZ,20230420,3.77,0.5983,0.8008,21.8693,21.8693,1.2165,0.7143,0.7143,331791.9153,330164.3143
000407.SZ,20230419,3.79,0.7592,1.0161,21.9853,21.9853,1.223,0.7181,0.7181,333552.0846,331915.8491
000407.SZ,20230418,3.8,0.8551,1.1445,22.0433,22.0433,1.2262,0.7199,0.7199,334432.1693,332791.6166
000407.SZ,20230417,3.85,1.1793,1.5783,22.3334,22.3334,1.2423,0.7294,0.7294,338832.5926,337170.4536
000407.SZ,20230414,3.8,0.6892,0.9224,22.0433,22.0433,1.2262,0.7199,0.7199,334432.1693,332791.6166
000407.SZ,20230413,3.77,0.7768,1.0396,21.8693,21.8693,1.2165,0.7143,0.7143,331791.9153,330164.3143
000407.SZ,20230412,3.76,0.6909,0.9247,21.8113,21.8113,1.2133,0.7124,0.7124,330911.8307,329288.5469
000407.SZ,20230411,3.71,0.8028,1.0744,21.5213,21.5213,1.1972,0.7029,0.7029,326511.4074,324909.7099
000407.SZ,20230410,3.74,1.0633,1.4231,21.6953,21.6953,1.2068,0.7086,0.7086,329151.6613,327537.0121
000407.SZ,20230407,3.8,0.7612,1.0188,22.0433,22.0433,1.2262,0.7199,0.7199,334432.1693,332791.6166
000407.SZ,20230406,3.74,0.7903,1.0577,21.6953,21.6953,1.2068,0.7086,0.7086,329151.6613,327537.0121
000407.SZ,20230404,3.78,0.9972,1.3346,21.9273,21.9273,1.2197,0.7162,0.7162,332672.0,331040.0817
000407.SZ,20230403,3.81,1.0741,1.4376,22.1013,22.1013,1.2294,0.7218,0.7218,335312.2539,333667.384
000407.SZ,20230331,3.77,0.8931,1.1953,21.8693,21.8693,1.2165,0.7143,0.7143,331791.9153,330164.3143
000407.SZ,20230330,3.75,1.1854,1.5865,21.7533,21.7533,1.2101,0.7105,0.7105,330031.746,328412.7795
000407.SZ,20230329,3.79,1.5798,2.1143,21.9853,21.9853,1.223,0.7181,0.7181,333552.0846,331915.8491
000407.SZ,20230328,3.87,1.1117,1.4878,22.4494,22.4494,1.2488,0.7332,0.7332,340592.7619,338921.9884
000407.SZ,20230327,3.87,1.4217,1.9027,22.4494,22.4494,1.2488,0.7332,0.7332,340592.7619,338921.9884
000407.SZ,20230324,3.94,1.2222,1.6357,22.8555,22.8555,1.2714,0.7465,0.7465,346753.3545,345052.3603
000407.SZ,20230323,3.98,1.0389,1.3904,23.0875,23.0875,1.2843,0.754,0.754,350273.6931,348555.43
000407.SZ,20230322,4.02,0.9546,1.2776,23.3195,23.3195,1.2972,0.7616,0.7616,353794.0317,352058.4996
000407.SZ,20230321,4.01,1.0385,1.3899,23.2615,23.2615,1.294,0.7597,0.7597,352913.9471,351182.7322
000407.SZ,20230320,4.0,1.3849,1.8535,23.2035,23.2035,1.2907,0.7578,0.7578,352033.8624,350306.9648
000407.SZ,20230317,3.98,0.8145,1.0901,31.8335,55.8113,1.2831,0.7702,0.7403,350273.6931,348555.43
000407.SZ,20230316,3.96,0.9387,1.2563,31.6735,55.5308,1.2766,0.7664,0.7366,348513.5238,346803.8952
000407.SZ,20230315,4.03,0.8468,1.1333,32.2334,56.5124,1.2992,0.7799,0.7496,354674.1164,352934.267
000407.SZ,20230314,3.96,0.8335,1.1155,31.6735,55.5308,1.2766,0.7664,0.7366,348513.5238,346803.8952
000407.SZ,20230313,4.01,0.9133,1.2224,32.0734,56.232,1.2927,0.776,0.7459,352913.9471,351182.7322
000407.SZ,20230310,4.03,0.8792,1.1766,32.2334,56.5124,1.2992,0.7799,0.7496,354674.1164,352934.267
000407.SZ,20230309,4.08,0.6113,0.8181,32.6333,57.2136,1.3153,0.7896,0.7589,359074.5396,357313.1041
000407.SZ,20230308,4.09,0.9045,1.2105,32.7133,57.3538,1.3185,0.7915,0.7608,359954.6243,358188.8715
000407.SZ,20230307,4.1,1.9629,2.6271,32.7933,57.494,1.3217,0.7935,0.7626,360834.709,359064.6389
000407.SZ,20230306,4.11,0.9949,1.3316,32.8733,57.6343,1.325,0.7954,0.7645,361714.7936,359940.4063
000407.SZ,20230303,4.1,0.9241,1.2368,32.7933,57.494,1.3217,0.7935,0.7626,360834.709,359064.6389
000407.SZ,20230302,4.09,1.1004,1.4728,32.7133,57.3538,1.3185,0.7915,0.7608,359954.6243,358188.8715
000407.SZ,20230301,4.09,0.7795,1.0432,32.7133,57.3538,1.3185,0.7915,0.7608,359954.6243,358188.8715
000407.SZ,20230228,4.07,0.6832,0.9144,32.5533,57.0734,1.3121,0.7877,0.757,358194.455,356437.3367
000407.SZ,20230227,4.02,0.8118,1.0864,32.1534,56.3722,1.296,0.778,0.7477,353794.0317,352058.4996
000407.SZ,20230224,4.07,0.6629,0.8871,32.5533,57.0734,1.3121,0.7877,0.757,358194.455,356437.3367
000407.SZ,20230223,4.07,0.6836,0.9148,32.5533,57.0734,1.3121,0.7877,0.757,358194.455,356437.3367
000407.SZ,20230222,4.07,0.6838,0.9152,32.5533,57.0734,1.3121,0.7877,0.757,358194.455,356437.3367
000407.SZ,20230221,4.09,1.1426,1.5292,32.7133,57.3538,1.3185,0.7915,0.7608,359954.6243,358188.8715
000407.SZ,20230220,4.06,0.9236,1.2361,32.4734,56.9331,1.3088,0.7857,0.7552,357314.3703,355561.5693
000407.SZ,20230217,4.04,1.7837,2.3873,32.3134,56.6527,1.3024,0.7818,0.7515,355554.201,353810.0344
000407.SZ,20230216,4.01,2.0199,2.7034,32.0734,56.232,1.2927,0.776,0.7459,352913.9471,351182.7322
000407.SZ,20230215,4.11,0.9348,1.2511,32.8733,57.6343,1.325,0.7954,0.7645,361714.7936,359940.4063
000407.SZ,20230214,4.12,0.8783,1.1755,32.9533,57.7745,1.3282,0.7973,0.7663,362594.8783,360816.1737
000407.SZ,20230213,4.13,1.3953,1.8674,33.0332,57.9147,1.3314,0.7993,0.7682,363474.9629,361691.9412
000407.SZ,20230210,4.1,0.9961,1.3331,32.7933,57.494,1.3217,0.7935,0.7626,360834.709,359064.6389
000407.SZ,20230209,4.11,1.0306,1.3794,32.8733,57.6343,1.325,0.7954,0.7645,361714.7936,359940.4063
000407.SZ,20230208,4.08,1.042,1.3945,32.6333,57.2136,1.3153,0.7896,0.7589,359074.5396,357313.1041
000407.SZ,20230207,4.11,1.1477,1.5361,32.8733,57.6343,1.325,0.7954,0.7645,361714.7936,359940.4063
000407.SZ,20230206,4.08,1.0576,1.4155,32.6333,57.2136,1.3153,0.7896,0.7589,359074.5396,357313.1041
000407.SZ,20230203,4.05,1.5674,2.0977,32.3934,56.7929,1.3056,0.7838,0.7533,356434.2857,354685.8019
000407.SZ,20230202,4.09,1.1549,1.5457,32.7133,57.3538,1.3185,0.7915,0.7608,359954.6243,358188.8715
000407.SZ,20230201,4.11,1.6562,2.2166,32.8733,57.6343,1.325,0.7954,0.7645,361714.7936,359940.4063
000407.SZ,20230131,4.05,1.2654,1.6935,32.3934,56.7929,1.3056,0.7838,0.7533,356434.2857,354685.8019
000407.SZ,20230130,4.03,1.2003,1.6064,32.2334,56.5124,1.2992,0.7799,0.7496,354674.1164,352934.267
000407.SZ,20230120,4.01,1.183,1.5833,32.0734,56.232,1.2927,0.776,0.7459,352913.9471,351182.7322
000407.SZ,20230119,3.95,0.7916,1.0595,31.5935,55.3906,1.2734,0.7644,0.7347,347633.4391,345928.1277
000407.SZ,20230118,3.95,0.9025,1.2078,31.5935,55.3906,1.2734,0.7644,0.7347,347633.4391,345928.1277
000407.SZ,20230117,3.92,0.6227,0.8334,31.3536,54.9699,1.2637,0.7586,0.7291,344993.1852,343300.8255
000407.SZ,20230116,3.94,0.8441,1.1297,31.5136,55.2504,1.2702,0.7625,0.7329,346753.3545,345052.3603
000407.SZ,20230113,3.91,0.753,1.0078,31.2736,54.8297,1.2605,0.7567,0.7273,344113.1005,342425.0581
000407.SZ,20230112,3.87,0.8569,1.1468,30.9537,54.2688,1.2476,0.7489,0.7198,340592.7619,338921.9884
000407.SZ,20230111,3.9,1.0139,1.3569,31.1936,54.6895,1.2573,0.7548,0.7254,343233.0158,341549.2907
000407.SZ,20230110,3.89,1.0196,1.3646,31.1136,54.5492,1.254,0.7528,0.7236,342352.9312,340673.5233
000407.SZ,20230109,3.92,0.9326,1.2482,31.3536,54.9699,1.2637,0.7586,0.7291,344993.1852,343300.8255
000407.SZ,20230106,3.93,1.1688,1.5643,31.4336,55.1101,1.2669,0.7606,0.731,345873.2698,344176.5929
000407.SZ,20230105,3.93,1.4169,1.8963,31.4336,55.1101,1.2669,0.7606,0.731,345873.2698,344176.5929
000407.SZ,20230104,3.94,0.9557,1.279,31.5136,55.2504,1.2702,0.7625,0.7329,346753.3545,345052.3603
000407.SZ,20230103,3.92,1.1977,1.603,31.3536,54.9699,1.2637,0.7586,0.7291,344993.1852,343300.8255
000407.SZ,20221230,3.85,0.8748,1.1707,30.7937,53.9883,1.2412,0.7451,0.7161,338832.5926,337170.4536
000407.SZ,20221229,3.82,0.878,1.1751,30.5538,53.5676,1.2315,0.7393,0.7105,336192.3386,334543.1514
000407.SZ,20221228,3.86,0.9616,1.287,30.8737,54.1285,1.2444,0.747,0.718,339712.6772,338046.221
000407.SZ,20221227,3.91,1.046,1.4,31.2736,54.8297,1.2605,0.7567,0.7273,344113.1005,342425.0581
000407.SZ,20221226,3.87,0.9159,1.2258,30.9537,54.2688,1.2476,0.7489,0.7198,340592.7619,338921.9884
000407.SZ,20221223,3.83,0.9906,1.3258,30.6337,53.7079,1.2347,0.7412,0.7124,337072.4232,335418.9188
000407.SZ,20221222,3.84,1.3945,1.8664,30.7137,53.8481,1.2379,0.7431,0.7143,337952.5079,336294.6862
000407.SZ,20221221,3.92,1.2785,1.7111,31.3536,54.9699,1.2637,0.7586,0.7291,344993.1852,343300.8255
000407.SZ,20221220,4.01,1.1091,1.4844,32.0734,56.232,1.2927,0.776,0.7459,352913.9471,351182.7322
000407.SZ,20221219,3.98,1.6151,2.1616,31.8335,55.8113,1.2831,0.7702,0.7403,350273.6931,348555.43
000407.SZ,20221216,4.06,1.4765,1.9761,32.4734,56.9331,1.3088,0.7857,0.7552,357314.3703,355561.5693
000407.SZ,20221215,4.12,1.3633,1.8246,32.9533,57.7745,1.3282,0.7973,0.7663,362594.8783,360816.1737
000407.SZ,20221214,4.18,1.8243,2.4416,33.4332,58.6159,1.3475,0.8089,0.7775,367875.3862,366070.7782
000407.SZ,20221213,4.16,1.5712,2.1028,33.2732,58.3354,1.3411,0.8051,0.7738,366115.2169,364319.2434
000407.SZ,20221212,4.17,1.824,2.4412,33.3532,58.4757,1.3443,0.807,0.7756,366995.3016,365195.0108
000407.SZ,20221209,4.16,3.5057,4.6919,33.2732,58.3354,1.3411,0.8051,0.7738,366115.2169,364319.2434
000407.SZ,20221208,4.28,2.44,3.2656,34.233,60.0182,1.3798,0.8283,0.7961,376676.2328,374828.4523
000407.SZ,20221207,4.27,2.116,2.8319,34.153,59.8779,1.3765,0.8264,0.7942,375796.1481,373952.6849
000407.SZ,20221206,4.25,3.2203,4.31,33.993,59.5975,1.3701,0.8225,0.7905,374035.9788,372201.1501
000407.SZ,20221205,4.33,3.314,4.4354,34.6329,60.7193,1.3959,0.838,0.8054,381076.656,379207.2894
000407.SZ,20221202,4.3,3.3183,4.4412,34.393,60.2986,1.3862,0.8322,0.7998,378436.4021,376579.9872
000407.SZ,20221201,4.34,6.3612,8.5136,34.7129,60.8596,1.3991,0.8399,0.8073,381956.7407,380083.0568
000407.SZ,20221130,4.43,11.6705,15.6194,35.4328,62.1216,1.4281,0.8573,0.824,389877.5026,387964.9635
000407.SZ,20221129,4.23,3.4381,4.6014,33.8331,59.317,1.3637,0.8186,0.7868,372275.8095,370449.6153
000407.SZ,20221128,4.24,4.9805,6.6658,33.9131,59.4573,1.3669,0.8206,0.7887,373155.8941,371325.3827
000407.SZ,20221125,4.16,3.0482,4.0796,33.2732,58.3354,1.3411,0.8051,0.7738,366115.2169,364319.2434
000407.SZ,20221124,4.12,3.5686,4.7761,32.9533,57.7745,1.3282,0.7973,0.7663,362594.8783,360816.1737
000407.SZ,20221123,4.08,2.1587,2.8892,32.6333,57.2136,1.3153,0.7896,0.7589,359074.5396,357313.1041
000407.SZ,20221122,4.06,2.0618,2.7594,32.4734,56.9331,1.3088,0.7857,0.7552,357314.3703,355561.5693
000407.SZ,20221121,4.07,1.8129,2.4264,32.5533,57.0734,1.3121,0.7877,0.757,358194.455,356437.3367
000407.SZ,20221118,4.06,2.7913,3.7358,32.4734,56.9331,1.3088,0.7857,0.7552,357314.3703,355561.5693
000407.SZ,20221117,4.13,4.0351,5.4004,33.0332,57.9147,1.3314,0.7993,0.7682,363474.9629,361691.9412
000407.SZ,20221116,4.2,6.9748,9.3348,33.5931,58.8963,1.354,0.8128,0.7812,369635.5555,367822.313
000407.SZ,20221115,4.09,2.5024,3.3491,32.7133,57.3538,1.3185,0.7915,0.7608,359954.6243,358188.8715
000407.SZ,20221114,4.04,3.0354,4.0625,32.3134,56.6527,1.3024,0.7818,0.7515,355554.201,353810.0344
000407.SZ,20221111,4.08,4.2386,5.6729,32.6333,57.2136,1.3153,0.7896,0.7589,359074.5396,357313.1041
000407.SZ,20221110,4.08,3.2957,4.4109,32.6333,57.2136,1.3153,0.7896,0.7589,359074.5396,357313.1041
000407.SZ,20221109,4.05,2.4198,3.2386,32.3934,56.7929,1.3056,0.7838,0.7533,356434.2857,354685.8019
000407.SZ,20221108,4.07,3.129,4.1877,32.5533,57.0734,1.3121,0.7877,0.757,358194.455,356437.3367
000407.SZ,20221107,4.09,4.5056,6.0302,32.7133,57.3538,1.3185,0.7915,0.7608,359954.6243,358188.8715
000407.SZ,20221104,4.04,4.6961,6.2852,32.3134,56.6527,1.3024,0.7818,0.7515,355554.201,353810.0344
000407.SZ,20221103,3.94,3.1638,4.2343,31.5136,55.2504,1.2702,0.7625,0.7329,346753.3545,345052.3603
000407.SZ,20221102,3.98,3.5782,4.789,31.8335,55.8113,1.2831,0.7702,0.7403,350273.6931,348555.43
000407.SZ,20221101,3.99,3.4298,4.5903,31.9135,55.9515,1.2863,0.7722,0.7422,351153.7777,349431.1974
000407.SZ,20221031,3.92,3.2468,4.3455,31.3536,54.9699,1.2637,0.7586,0.7291,344993.1852,343300.8255
000407.SZ,20221028,3.88,5.8694,7.8554,31.0337,54.409,1.2508,0.7509,0.7217,341472.8465,339797.7559
000407.SZ,20221027,4.09,5.5148,7.3808,32.7133,57.3538,1.3185,0.7915,0.7608,359954.6243,358188.8715
000407.SZ,20221026,4.25,5.6195,7.521,33.993,158.8699,1.3971,0.8225,0.7896,374035.9788,372201.1501
000407.SZ,20221025,4.17,6.9029,9.2386,33.3532,155.8794,1.3708,0.807,0.7748,366995.3016,365195.0108
000407.SZ,20221024,4.27,9.2418,12.3689,34.153,159.6175,1.4037,0.8264,0.7933,375796.1481,373952.6849
000407.SZ,20221021,4.56,10.3791,13.8911,36.4725,170.458,1.499,0.8825,0.8472,401318.6031,399349.9399
000407.SZ,20221020,4.83,12.6166,16.8856,38.6321,180.551,1.5878,0.9347,0.8974,425080.8888,422995.66
000407.SZ,20221019,4.83,21.6516,28.9779,38.6321,180.551,1.5878,0.9347,0.8974,425080.8888,422995.66
000407.SZ,20221018,5.31,23.8812,31.9619,42.4713,198.4939,1.7456,1.0276,0.9866,467324.9523,465032.4958
000407.SZ,20221017,4.83,13.1578,17.6099,38.6321,180.551,1.5878,0.9347,0.8974,425080.8888,422995.66
000407.SZ,20221014,4.9,19.4217,25.9935,39.192,183.1676,1.6108,0.9483,0.9104,431241.4814,429126.0319
000407.SZ,20221013,4.96,20.1655,26.9888,39.6719,185.4105,1.6305,0.9599,0.9215,436521.9894,434380.6364
000407.SZ,20221012,4.94,23.2442,31.1093,39.5119,184.6629,1.624,0.956,0.9178,434761.8201,432629.1015
000407.SZ,20221011,4.68,22.4608,30.0608,37.4323,174.9438,1.5385,0.9057,0.8695,411879.619,409859.1488
000407.SZ,20221010,4.9,30.6832,41.0655,39.192,183.1676,1.6108,0.9483,0.9104,431241.4814,429126.0319
000407.SZ,20220930,4.87,22.3715,29.9414,38.952,182.0462,1.6009,0.9425,0.9048,428601.2275,426498.7296
000407.SZ,20220929,4.43,8.3202,11.1355,35.4328,165.5985,1.4563,0.8573,0.8231,389877.5026,387964.9635
000407.SZ,20220928,4.03,4.1498,5.554,32.2334,150.646,1.3248,0.7799,0.7488,354674.1164,352934.267
000407.SZ,20220927,3.93,2.0069,2.686,31.4336,146.9079,1.2919,0.7606,0.7302,345873.2698,344176.5929
000407.SZ,20220926,3.94,2.2258,2.979,31.5136,147.2817,1.2952,0.7625,0.732,346753.3545,345052.3603
000407.SZ,20220923,4.16,2.4632,3.2966,33.2732,155.5056,1.3675,0.8051,0.7729,366115.2169,364319.2434
000407.SZ,20220922,4.27,3.971,5.3147,34.153,159.6175,1.4037,0.8264,0.7933,375796.1481,373952.6849
000407.SZ,20220921,4.15,2.714,3.6323,33.1932,155.1318,1.3643,0.8031,0.7711,365235.1322,363443.476
000407.SZ,20220920,4.05,3.3888,4.5355,32.3934,151.3937,1.3314,0.7838,0.7525,356434.2857,354685.8019
000407.SZ,20220919,3.85,1.7087,2.2868,30.7937,143.9174,1.2656,0.7451,0.7153,338832.5926,337170.4536
000407.SZ,20220916,3.87,3.5823,4.7944,30.9537,144.6651,1.2722,0.7489,0.719,340592.7619,338921.9884
000407.SZ,20220915,4.14,3.9139,5.2382,33.1132,154.758,1.361,0.8012,0.7692,364355.0476,362567.7086
000407.SZ,20220914,4.23,4.7489,6.3557,33.8331,158.1223,1.3906,0.8186,0.7859,372275.8095,370449.6153
000407.SZ,20220913,4.28,3.496,4.6789,34.233,159.9913,1.407,0.8283,0.7952,376676.2328,374828.4523
000407.SZ,20220909,4.2,2.8337,3.7925,33.5931,157.0008,1.3807,0.8128,0.7803,369635.5555,367822.313
000407.SZ,20220908,4.23,3.456,4.6254,33.8331,158.1223,1.3906,0.8186,0.7859,372275.8095,370449.6153
000407.SZ,20220907,4.35,5.6663,7.5836,34.7929,162.608,1.43,0.8418,0.8082,382836.8254,380958.8242
000407.SZ,20220906,4.44,10.9671,14.678,35.5127,165.9723,1.4596,0.8593,0.8249,390757.5873,388840.7309
000407.SZ,20220905,4.49,6.0001,8.0303,35.9127,167.8414,1.476,0.8689,0.8342,395158.0105,393219.568
000407.SZ,20220902,4.08,1.419,1.8991,32.6333,152.5151,1.3412,0.7896,0.758,359074.5396,357313.1041
000407.SZ,20220901,4.06,1.5912,2.1296,32.4734,151.7675,1.3347,0.7857,0.7543,357314.3703,355561.5693
000407.SZ,20220831,4.05,2.4869,3.3283,32.3934,151.3937,1.3314,0.7838,0.7525,356434.2857,354685.8019
000407.SZ,20220830,4.24,3.2074,4.2926,33.9131,158.4961,1.3938,0.8206,0.7878,373155.8941,371325.3827
000407.SZ,20220829,4.36,4.5997,6.1561,34.8729,162.9818,1.4333,0.8438,0.8101,383716.91,381834.5916
000407.SZ,20220826,4.21,2.403,3.2161,33.6731,157.3746,1.384,0.8147,0.7822,370515.6402,368698.0805
000407.SZ,20220825,4.27,3.2883,4.4009,34.153,159.6175,1.4037,0.8264,0.7933,375796.1481,373952.6849
000407.SZ,20220824,4.17,2.8595,3.8271,33.3532,155.8794,1.3708,0.807,0.7748,366995.3016,365195.0108
000407.SZ,20220823,4.3,3.8091,5.098,34.393,160.7389,1.4136,0.8322,0.7989,378436.4021,376579.9872
000407.SZ,20220822,4.17,2.6013,3.4816,33.3532,155.8794,1.3708,0.807,0.7748,366995.3016,365195.0108
000407.SZ,20220819,4.09,3.2233,4.3139,32.7133,152.8889,1.3445,0.7915,0.7599,359954.6243,358188.8715
000407.SZ,20220818,4.03,1.1472,1.5354,32.2334,,1.356,0.7799,0.7858,354674.1164,352909.5865
000407.SZ,20220817,4.09,1.4135,1.8918,32.7133,,1.3762,0.7915,0.7975,359954.6243,358163.8235
000407.SZ,20220816,4.02,1.0138,1.3569,32.1534,,1.3526,0.778,0.7839,353794.0317,352033.8803
000407.SZ,20220815,4.04,1.2742,1.7054,32.3134,,1.3593,0.7818,0.7878,355554.201,353785.2927
000407.SZ,20220812,4.02,1.4508,1.9417,32.1534,,1.3526,0.778,0.7839,353794.0317,352033.8803
000407.SZ,20220811,3.96,1.2829,1.717,31.6735,,1.3324,0.7664,0.7722,348513.5238,346779.6433
000407.SZ,20220810,3.91,1.0922,1.4619,31.2736,,1.3156,0.7567,0.7624,344113.1005,342401.1125
000407.SZ,20220809,3.92,1.7355,2.3227,31.3536,,1.319,0.7586,0.7644,344993.1852,343276.8186
000407.SZ,20220808,3.81,1.1255,1.5064,30.4738,,1.2819,0.7373,0.7429,335312.2539,333644.0508
000407.SZ,20220805,3.84,1.3217,1.7689,30.7137,,1.292,0.7431,0.7488,337952.5079,336271.1693
000407.SZ,20220804,3.87,1.9155,2.5637,30.9537,,1.3021,0.7489,0.7546,340592.7619,338898.2878
000407.SZ,20220803,3.79,3.6375,4.8684,30.3138,,1.2752,0.7335,0.739,333552.0846,331892.6384
000407.SZ,20220802,3.91,4.9182,6.5825,31.2736,,1.3156,0.7567,0.7624,344113.1005,342401.1125
000407.SZ,20220801,3.98,1.3566,1.8157,31.8335,,1.3391,0.7702,0.7761,350273.6931,348531.0557
000407.SZ,20220729,3.96,1.5741,2.1067,31.6735,,1.3324,0.7664,0.7722,348513.5238,346779.6433
000407.SZ,20220728,4.03,2.9309,3.9227,32.2334,,1.356,0.7799,0.7858,354674.1164,352909.5865
000407.SZ,20220727,3.99,3.3881,4.5346,31.9135,,1.3425,0.7722,0.778,351153.7777,349406.7618
000407.SZ,20220726,3.87,1.1081,1.483,30.9537,,1.3021,0.7489,0.7546,340592.7619,338898.2878
000407.SZ,20220725,3.83,1.0674,1.4287,30.6337,,1.2887,0.7412,0.7468,337072.4232,335395.4631
000407.SZ,20220722,3.82,1.6338,2.1867,30.5538,,1.2853,0.7393,0.7449,336192.3386,334519.7569
000407.SZ,20220721,3.74,0.6785,0.9081,29.9139,,1.2584,0.7238,0.7293,329151.6613,327514.1076
000407.SZ,20220720,3.77,0.7177,0.9605,30.1538,,1.2685,0.7296,0.7351,331791.9153,330141.2261
000407.SZ,20220719,3.75,0.9798,1.3113,29.9939,,1.2618,0.7257,0.7312,330031.746,328389.8138
000407.SZ,20220718,3.76,1.5866,2.1235,30.0738,,1.2651,0.7277,0.7332,330911.8307,329265.5199
000407.SZ,20220715,3.61,0.6945,0.9295,28.8741,,1.2146,0.6986,0.7039,317710.5608,316129.9274
000407.SZ,20220714,3.71,0.7541,1.0093,29.6739,,1.2338,0.718,0.7234,326511.4074,324886.9891
000407.SZ,20220713,3.76,0.5279,0.7065,30.0738,,1.2504,0.7277,0.7332,330911.8307,329265.5199
000407.SZ,20220712,3.72,0.6113,0.8182,29.7539,,1.2371,0.7199,0.7254,327391.492,325762.6952
000407.SZ,20220711,3.78,0.7208,0.9647,30.2338,,1.257,0.7315,0.7371,332672.0,331016.9323
000407.SZ,20220708,3.76,1.0422,1.3949,30.0738,,1.2504,0.7277,0.7332,330911.8307,329265.5199
000407.SZ,20220707,3.72,0.8549,1.1442,29.7539,,1.2371,0.7199,0.7254,327391.492,325762.6952
000407.SZ,20220706,3.69,0.6976,0.9337,29.514,,1.2271,0.7141,0.7195,324751.2381,323135.5767
000407.SZ,20220705,3.76,0.7159,0.9582,30.0738,,1.2504,0.7277,0.7332,330911.8307,329265.5199
000407.SZ,20220704,3.74,0.5878,0.7867,29.9139,,1.2437,0.7238,0.7293,329151.6613,327514.1076
000407.SZ,20220701,3.7,0.4886,0.6539,29.5939,,1.2304,0.716,0.7215,325631.3227,324011.2829
000407.SZ,20220630,3.72,0.7299,0.9769,29.7539,,1.2371,0.7199,0.7254,327391.492,325762.6952
000407.SZ,20220629,3.72,0.8559,1.1455,29.7539,,1.2371,0.7199,0.7254,327391.492,325762.6952
000407.SZ,20220628,3.75,1.2342,1.6519,29.9939,,1.2471,0.7257,0.7312,330031.746,328389.8138
000407.SZ,20220627,3.66,0.7378,0.9874,29.274,,1.2171,0.7083,0.7137,322110.9841,320508.4582
000407.SZ,20220624,3.66,0.6789,0.9087,29.274,,1.2171,0.7083,0.7137,322110.9841,320508.4582
000407.SZ,20220623,3.68,0.5992,0.802,29.434,,1.2238,0.7122,0.7176,323871.1534,322259.8706
000407.SZ,20220622,3.65,0.7427,0.994,29.194,,1.2138,0.7064,0.7117,321230.8994,319632.7521
000407.SZ,20220621,3.72,0.7926,1.0608,29.7539,,1.2371,0.7199,0.7254,327391.492,325762.6952
000407.SZ,20220620,3.75,0.7436,0.9953,29.9939,,1.2471,0.7257,0.7312,330031.746,328389.8138
000407.SZ,20220617,3.75,0.9498,1.2712,29.9939,,1.2471,0.7257,0.7312,330031.746,328389.8138
000407.SZ,20220616,3.76,1.1178,1.4961,30.0738,,1.2504,0.7277,0.7332,330911.8307,329265.5199
000407.SZ,20220615,3.82,2.013,2.6942,30.5538,,1.2703,0.7393,0.7449,336192.3386,334519.7569
000407.SZ,20220614,3.92,2.2066,2.9533,31.3536,,1.3036,0.7586,0.7644,344993.1852,343276.8186
000407.SZ,20220613,3.82,1.7423,2.3319,30.5538,,1.2703,0.7393,0.7449,336192.3386,334519.7569
000407.SZ,20220610,3.89,1.7123,2.2917,31.1136,,1.2936,0.7528,0.7585,342352.9312,340649.7001
000407.SZ,20220609,3.79,1.4286,1.9121,30.3138,,1.2604,0.7335,0.739,333552.0846,331892.6384
000407.SZ,20220608,3.8,1.4966,2.0031,30.3938,,1.2637,0.7354,0.741,334432.1693,332768.3446
000407.SZ,20220607,3.73,0.7322,0.98,29.8339,,1.2404,0.7219,0.7273,328271.5767,326638.4014
000407.SZ,20220606,3.74,0.7156,0.9578,29.9139,,1.2437,0.7238,0.7293,329151.6613,327514.1076
000407.SZ,20220602,3.71,0.8264,1.106,29.6739,,1.2338,0.718,0.7234,326511.4074,324886.9891
000407.SZ,20220601,3.69,0.9436,1.2629,29.514,,1.2271,0.7141,0.7195,324751.2381,323135.5767
000407.SZ,20220531,3.67,0.7655,1.0245,29.354,,1.2205,0.7102,0.7156,322991.0688,321384.1644
000407.SZ,20220530,3.67,0.8541,1.1432,29.354,,1.2205,0.7102,0.7156,322991.0688,321384.1644
000407.SZ,20220527,3.63,0.9647,1.2912,29.0341,,1.2072,0.7025,0.7078,319470.7301,317881.3397
000407.SZ,20220526,3.59,0.5388,0.7211,28.7141,,1.1939,0.6948,0.7,315950.3915,314378.515
000407.SZ,20220525,3.6,0.8,1.0707,28.7941,,1.1972,0.6967,0.702,316830.4762,315254.2212
000407.SZ,20220524,3.51,1.1798,1.5791,28.0743,,1.1673,0.6793,0.6844,308909.7143,307372.8657
000407.SZ,20220523,3.61,0.6238,0.8349,28.8741,,1.2005,0.6986,0.7039,317710.5608,316129.9274
000407.SZ,20220520,3.59,0.8294,1.1101,28.7141,,1.1939,0.6948,0.7,315950.3915,314378.515
000407.SZ,20220519,3.57,0.777,1.0399,28.5542,,1.1872,0.6909,0.6961,314190.2222,312627.1027
000407.SZ,20220518,3.56,0.7509,1.005,28.4742,,1.1839,0.689,0.6942,313310.1375,311751.3965
000407.SZ,20220517,3.58,0.8505,1.1383,28.6341,,1.1905,0.6928,0.6981,315070.3068,313502.8089
000407.SZ,20220516,3.57,0.5388,0.7211,28.5542,,1.1872,0.6909,0.6961,314190.2222,312627.1027
000407.SZ,20220513,3.56,0.5661,0.7577,28.4742,,1.1839,0.689,0.6942,313310.1375,311751.3965
000407.SZ,20220512,3.53,0.8605,1.1517,28.2342,,1.1739,0.6831,0.6883,310669.8836,309124.278
000407.SZ,20220511,3.55,1.3225,1.7701,28.3942,,1.1806,0.687,0.6922,312430.0529,310875.6904
000407.SZ,20220510,3.62,1.7473,2.3386,28.9541,,1.2038,0.7006,0.7059,318590.6455,317005.6335
000407.SZ,20220509,3.51,1.3638,1.8253,28.0743,,1.1673,0.6793,0.6844,308909.7143,307372.8657
000407.SZ,20220506,3.4,0.6818,0.9125,27.1944,,1.1307,0.658,0.663,299228.783,297740.0978
000407.SZ,20220505,3.46,0.7767,1.0395,27.6743,,1.1506,0.6696,0.6747,304509.291,302994.3348
000407.SZ,20220429,3.42,0.9514,1.2733,27.3544,27.3544,1.1517,0.6619,0.6619,300988.9524,299491.5101
000407.SZ,20220428,3.34,0.8202,1.0977,26.7145,26.7145,1.1248,0.6464,0.6464,293948.2751,292485.8608
000407.SZ,20220427,3.45,1.2017,1.6084,27.5944,27.5944,1.1618,0.6677,0.6677,303629.2063,302118.6287
000407.SZ,20220426,3.33,0.8089,1.0826,26.6346,26.6346,1.1214,0.6444,0.6444,293068.1904,291610.1546
000407.SZ,20220425,3.29,1.5291,2.0465,26.3146,26.3146,1.108,0.6367,0.6367,289547.8518,288107.3299
000407.SZ,20220422,3.61,1.0791,1.4443,28.8741,28.8741,1.2157,0.6986,0.6986,317710.5608,316129.9274
000407.SZ,20220421,3.61,1.8863,2.5246,28.8741,28.8741,1.2157,0.6986,0.6986,317710.5608,316129.9274
000407.SZ,20220420,3.84,0.9382,1.2557,30.7137,30.7137,1.2932,0.7431,0.7431,337952.5079,336271.1693
000407.SZ,20220419,3.93,1.6057,2.1491,31.4336,31.4336,1.3235,0.7606,0.7606,345873.2698,344152.5248
000407.SZ,20220418,3.81,1.0035,1.3431,30.4738,30.4738,1.2831,0.7373,0.7373,335312.2539,333644.0508
000407.SZ,20220415,3.85,1.1217,1.5012,30.7937,30.7937,1.2965,0.7451,0.7451,338832.5926,337146.8755
000407.SZ,20220414,3.92,1.0358,1.3863,31.3536,31.3536,1.3201,0.7586,0.7586,344993.1852,343276.8186
000407.SZ,20220413,3.93,1.1113,1.4874,31.4336,31.4336,1.3235,0.7606,0.7606,345873.2698,344152.5248
000407.SZ,20220412,3.93,1.0198,1.3649,31.4336,31.4336,1.3235,0.7606,0.7606,345873.2698,344152.5248
000407.SZ,20220411,3.84,0.911,1.2193,30.7137,30.7137,1.2932,0.7431,0.7431,337952.5079,336271.1693
000407.SZ,20220408,3.92,0.7688,1.029,31.3536,31.3536,1.3201,0.7586,0.7586,344993.1852,343276.8186
000407.SZ,20220407,3.91,1.0468,1.401,31.2736,31.2736,1.3168,0.7567,0.7567,344113.1005,342401.1125
000407.SZ,20220406,3.97,1.4222,1.9035,31.7535,31.7535,1.337,0.7683,0.7683,349393.6084,347655.3495
000407.SZ,20220401,3.89,0.8722,1.1673,31.1136,31.1136,1.31,0.7528,0.7528,342352.9312,340649.7001
000407.SZ,20220331,3.87,0.9488,1.2699,30.9537,30.9537,1.3033,0.7489,0.7489,340592.7619,338898.2878
000407.SZ,20220330,3.88,0.8781,1.1752,31.0337,31.0337,1.3066,0.7509,0.7509,341472.8465,339773.994
000407.SZ,20220329,3.85,1.0295,1.3779,30.7937,30.7937,1.2965,0.7451,0.7451,338832.5926,337146.8755
000407.SZ,20220328,3.91,1.0791,1.4443,31.2736,31.2736,1.3168,0.7567,0.7567,344113.1005,342401.1125
000407.SZ,20220325,3.9,1.396,1.8684,31.1936,31.1936,1.3134,0.7548,0.7548,343233.0158,341525.4063
000407.SZ,20220324,3.93,1.7614,2.3574,31.4336,31.4336,1.3235,0.7606,0.7606,345873.2698,344152.5248
000407.SZ,20220323,3.94,1.3008,1.741,31.5136,31.5136,1.3269,0.7625,0.7625,346753.3545,345028.231
000407.SZ,20220322,3.96,1.6999,2.2752,31.6735,31.6735,1.3336,0.7664,0.7664,348513.5238,346779.6433
000407.SZ,20220321,3.94,1.9206,2.5705,31.5136,31.5136,1.3269,0.7625,0.7625,346753.3545,345028.231
000407.SZ,20220318,3.96,1.6682,2.1539,24.4889,17.065,1.3248,0.7582,0.7078,348513.5238,346794.5567
000407.SZ,20220317,3.88,2.021,2.6095,23.9942,16.7202,1.298,0.7429,0.6935,341472.8465,339788.606
000407.SZ,20220316,3.86,2.3473,3.0308,23.8705,16.634,1.2914,0.7391,0.6899,339712.6772,338037.1184
000407.SZ,20220315,3.74,3.5944,4.6411,23.1284,16.1169,1.2512,0.7161,0.6685,329151.6613,327528.1924
000407.SZ,20220314,4.04,2.0965,2.7069,24.9836,17.4097,1.3516,0.7736,0.7221,355554.201,353800.5073
000407.SZ,20220311,4.19,3.1472,4.0636,25.9113,18.0561,1.4018,0.8023,0.7489,368755.4709,366936.6648
000407.SZ,20220310,4.15,3.5484,4.5816,25.6639,17.8838,1.3884,0.7946,0.7418,365235.1322,363433.6895
000407.SZ,20220309,4.17,5.0355,6.5017,25.7876,17.9699,1.3951,0.7984,0.7454,366995.3016,365185.1771
000407.SZ,20220308,4.34,6.6524,8.5895,26.8389,18.7025,1.4519,0.831,0.7757,381956.7407,380072.8222
000407.SZ,20220307,4.62,9.0264,11.6548,28.5704,19.9091,1.5456,0.8846,0.8258,406599.1111,404593.6495
000407.SZ,20220304,4.63,11.805,15.2425,28.6322,19.9522,1.549,0.8865,0.8276,407479.1957,405469.3933
000407.SZ,20220303,4.99,16.4905,21.2923,30.8585,21.5036,1.6694,0.9555,0.8919,439162.2433,436996.1712
000407.SZ,20220302,4.54,8.8891,11.4775,28.0757,19.5644,1.5188,0.8693,0.8115,399558.4338,397587.6988
000407.SZ,20220301,4.3,1.4325,1.8496,26.5915,18.5302,1.4386,0.8233,0.7686,378436.4021,376569.8469
000407.SZ,20220228,4.23,1.4718,1.9004,26.1586,18.2285,1.4151,0.8099,0.7561,372275.8095,370439.6401
000407.SZ,20220225,4.24,1.9036,2.4579,26.2205,18.2716,1.4185,0.8119,0.7579,373155.8941,371315.3839
000407.SZ,20220224,4.33,4.1881,5.4076,26.777,18.6594,1.4486,0.8291,0.774,381076.656,379197.0784
000407.SZ,20220223,4.24,0.8544,1.1031,26.2205,18.2716,1.4185,0.8119,0.7579,373155.8941,371315.3839
000407.SZ,20220222,4.28,1.5749,2.0334,26.4678,18.444,1.4319,0.8195,0.765,376676.2328,374818.3592
000407.SZ,20220221,4.22,0.8183,1.0566,26.0968,18.1854,1.4118,0.808,0.7543,371395.7248,369563.8963
000407.SZ,20220218,4.18,0.6955,0.8981,25.8494,18.013,1.3984,0.8004,0.7471,367875.3862,366060.9209
000407.SZ,20220217,4.14,0.6964,0.8992,25.6021,17.8407,1.385,0.7927,0.74,364355.0476,362557.9456
000407.SZ,20220216,4.16,0.5659,0.7306,25.7257,17.9268,1.3917,0.7965,0.7436,366115.2169,364309.4333
000407.SZ,20220215,4.12,0.6434,0.8307,25.4784,17.7545,1.3783,0.7889,0.7364,362594.8783,360806.458
000407.SZ,20220214,4.16,0.6677,0.8621,25.7257,17.9268,1.3917,0.7965,0.7436,366115.2169,364309.4333
000407.SZ,20220211,4.15,0.7547,0.9745,25.6639,17.8838,1.3884,0.7946,0.7418,365235.1322,363433.6895
000407.SZ,20220210,4.2,0.6892,0.8898,25.9731,18.0992,1.4051,0.8042,0.7507,369635.5555,367812.4086
000407.SZ,20220209,4.18,0.9282,1.1984,25.8494,18.013,1.3984,0.8004,0.7471,367875.3862,366060.9209
000407.SZ,20220208,4.21,1.4513,1.8738,26.0349,18.1423,1.4084,0.8061,0.7525,370515.6402,368688.1524
000407.SZ,20220207,4.08,0.9125,1.1782,25.231,17.5821,1.365,0.7812,0.7293,359074.5396,357303.4826
000407.SZ,20220128,3.97,0.7115,0.9187,24.5508,17.1081,1.3282,0.7602,0.7096,349393.6084,347670.3005
000407.SZ,20220127,3.9,0.7075,0.9135,24.1179,16.8064,1.3047,0.7467,0.6971,343233.0158,341540.0937
000407.SZ,20220126,3.99,0.6014,0.7765,24.6744,17.1943,1.3348,0.764,0.7132,351153.7777,349421.7882
000407.SZ,20220125,3.93,1.2862,1.6607,24.3034,16.9357,1.3148,0.7525,0.7025,345873.2698,344167.3252
000407.SZ,20220124,4.12,0.8734,1.1277,25.4784,17.7545,1.3783,0.7889,0.7364,362594.8783,360806.458
000407.SZ,20220121,4.15,0.8782,1.1339,25.6639,17.8838,1.3884,0.7946,0.7418,365235.1322,363433.6895
000407.SZ,20220120,4.19,1.3899,1.7946,25.9113,18.0561,1.4018,0.8023,0.7489,368755.4709,366936.6648
000407.SZ,20220119,4.3,0.8604,1.111,26.5915,18.5302,1.4386,0.8233,0.7686,378436.4021,376569.8469
000407.SZ,20220118,4.29,1.3496,1.7426,26.5297,18.4871,1.4352,0.8214,0.7668,377556.3174,375694.1031
000407.SZ,20220117,4.36,1.0505,1.3564,26.9625,18.7887,1.4586,0.8348,0.7793,383716.91,381824.3099
000407.SZ,20220114,4.34,2.3649,3.0535,26.8389,18.7025,1.4519,0.831,0.7757,381956.7407,380072.8222
000407.SZ,20220113,4.51,1.4038,1.8125,27.8902,19.4351,1.5088,0.8635,0.8061,396918.1799,394960.4673
000407.SZ,20220112,4.56,1.4282,1.8441,28.1994,19.6506,1.5255,0.8731,0.8151,401318.6031,399339.1865
000407.SZ,20220111,4.57,2.3058,2.9772,28.2612,19.6937,1.5289,0.875,0.8169,402198.6878,400214.9303
000407.SZ,20220110,4.62,2.603,3.3609,28.5704,19.9091,1.5456,0.8846,0.8258,406599.1111,404593.6495
000407.SZ,20220107,4.53,2.7558,3.5582,28.0138,19.5213,1.5155,0.8674,0.8097,398678.3492,396711.955
000407.SZ,20220106,4.53,1.9185,2.4771,28.0138,19.5213,1.5155,0.8674,0.8097,398678.3492,396711.955
000407.SZ,20220105,4.47,1.7067,2.2036,27.6428,19.2627,1.4954,0.8559,0.799,393397.8412,391457.492
000407.SZ,20220104,4.51,2.1293,2.7493,27.8902,19.4351,1.5088,0.8635,0.8061,396918.1799,394960.4673
000407.SZ,20211231,4.44,1.2364,1.5964,27.4573,19.1335,1.4854,0.8501,0.7936,390757.5873,388830.2605
000407.SZ,20211230,4.43,1.3124,1.6945,27.3954,19.0904,1.482,0.8482,0.7918,389877.5026,387954.5167
000407.SZ,20211229,4.48,0.9448,1.2199,27.7046,19.3058,1.4988,0.8578,0.8008,394277.9259,392333.2358
000407.SZ,20211228,4.47,1.6786,2.1673,27.6428,19.2627,1.4954,0.8559,0.799,393397.8412,391457.492
000407.SZ,20211227,4.55,2.2438,2.8972,28.1375,19.6075,1.5222,0.8712,0.8133,400438.5185,398463.4427
000407.SZ,20211224,4.41,1.9675,2.5404,27.2718,19.0042,1.4754,0.8444,0.7883,388117.3333,386203.029
000407.SZ,20211223,4.48,2.2665,2.9265,27.7046,19.3058,1.4988,0.8578,0.8008,394277.9259,392333.2358
000407.SZ,20211222,4.53,3.8581,4.9815,28.0138,19.5213,1.5155,0.8674,0.8097,398678.3492,396711.955
000407.SZ,20211221,4.39,1.395,1.8013,27.1481,18.918,1.4687,0.8406,0.7847,386357.164,384451.5414
000407.SZ,20211220,4.34,1.3953,1.8016,26.8389,18.7025,1.4519,0.831,0.7757,381956.7407,380072.8222
000407.SZ,20211217,4.37,1.637,2.1137,27.0244,18.8318,1.462,0.8367,0.7811,384596.9947,382700.0537
000407.SZ,20211216,4.39,2.2661,2.9259,27.1481,18.918,1.4687,0.8406,0.7847,386357.164,384451.5414
000407.SZ,20211215,4.35,3.3677,4.3483,26.9007,18.7456,1.4553,0.8329,0.7775,382836.8254,380948.5661
000407.SZ,20211214,4.17,0.6321,0.8162,25.7876,17.9699,1.3951,0.7984,0.7454,366995.3016,365185.1771
000407.SZ,20211213,4.21,0.8346,1.0776,26.0349,18.1423,1.4084,0.8061,0.7525,370515.6402,368688.1524
000407.SZ,20211210,4.19,0.7806,1.0079,25.9113,18.0561,1.4018,0.8023,0.7489,368755.4709,366936.6648
000407.SZ,20211209,4.22,0.8706,1.1241,26.0968,18.1854,1.4118,0.808,0.7543,371395.7248,369563.8963
000407.SZ,20211208,4.22,0.7853,1.014,26.0968,18.1854,1.4118,0.808,0.7543,371395.7248,369563.8963
000407.SZ,20211207,4.22,0.9477,1.2237,26.0968,18.1854,1.4118,0.808,0.7543,371395.7248,369563.8963
000407.SZ,20211206,4.24,1.1834,1.528,26.2205,18.2716,1.4185,0.8119,0.7579,373155.8941,371315.3839
000407.SZ,20211203,4.27,1.2007,1.5503,26.406,18.4009,1.4285,0.8176,0.7632,375796.1481,373942.6154
000407.SZ,20211202,4.25,1.0992,1.4192,26.2823,18.3147,1.4218,0.8138,0.7597,374035.9788,372191.1278
000407.SZ,20211201,4.24,1.2402,1.6013,26.2205,18.2716,1.4185,0.8119,0.7579,373155.8941,371315.3839
000407.SZ,20211130,4.15,0.8026,1.0364,25.6639,17.8838,1.3884,0.7946,0.7418,365235.1322,363433.6895
000407.SZ,20211129,4.14,0.8224,1.0618,25.6021,17.8407,1.385,0.7927,0.74,364355.0476,362557.9456
000407.SZ,20211126,4.21,1.0652,1.3754,26.0349,18.1423,1.4084,0.8061,0.7525,370515.6402,368688.1524
000407.SZ,20211125,4.26,0.9849,1.2717,26.3441,18.3578,1.4252,0.8157,0.7614,374916.0635,373066.8716
000407.SZ,20211124,4.29,1.6224,2.0948,26.5297,18.4871,1.4352,0.8214,0.7668,377556.3174,375694.1031
000407.SZ,20211123,4.24,0.9839,1.2705,26.2205,18.2716,1.4185,0.8119,0.7579,373155.8941,371315.3839
000407.SZ,20211122,4.27,0.9088,1.1734,26.406,18.4009,1.4285,0.8176,0.7632,375796.1481,373942.6154
000407.SZ,20211119,4.26,0.9912,1.2799,26.3441,18.3578,1.4252,0.8157,0.7614,374916.0635,373066.8716
000407.SZ,20211118,4.23,1.2319,1.5907,26.1586,18.2285,1.4151,0.8099,0.7561,372275.8095,370439.6401
000407.SZ,20211117,4.27,1.5985,2.0639,26.406,18.4009,1.4285,0.8176,0.7632,375796.1481,373942.6154
000407.SZ,20211116,4.24,1.4991,1.9356,26.2205,18.2716,1.4185,0.8119,0.7579,373155.8941,371315.3839
000407.SZ,20211115,4.21,1.3627,1.7595,26.0349,18.1423,1.4084,0.8061,0.7525,370515.6402,368688.1524
000407.SZ,20211112,4.12,0.828,1.0691,25.4784,17.7545,1.3783,0.7889,0.7364,362594.8783,360806.458
000407.SZ,20211111,4.13,0.9484,1.2245,25.5402,17.7976,1.3817,0.7908,0.7382,363474.9629,361682.2018
000407.SZ,20211110,4.13,1.2148,1.5685,25.5402,17.7976,1.3817,0.7908,0.7382,363474.9629,361682.2018
000407.SZ,20211109,4.15,0.8111,1.0472,25.6639,17.8838,1.3884,0.7946,0.7418,365235.1322,363433.6895
000407.SZ,20211108,4.17,1.0962,1.4154,25.7876,17.9699,1.3951,0.7984,0.7454,366995.3016,365185.1771
000407.SZ,20211105,4.12,2.0191,2.607,25.4784,17.7545,1.3783,0.7889,0.7364,362594.8783,360806.458
000407.SZ,20211104,4.21,1.4069,1.8165,26.0349,18.1423,1.4084,0.8061,0.7525,370515.6402,368688.1524
000407.SZ,20211103,4.23,1.0814,1.3962,26.1586,18.2285,1.4151,0.8099,0.7561,372275.8095,370439.6401
000407.SZ,20211102,4.18,1.9143,2.4718,25.8494,18.013,1.3984,0.8004,0.7471,367875.3862,366060.9209
000407.SZ,20211101,4.37,1.4614,1.8869,27.0244,18.8318,1.462,0.8367,0.7811,384596.9947,382700.0537
000407.SZ,20211029,4.36,2.1156,2.7316,26.9625,18.7887,1.4586,0.8348,0.7793,383716.91,381824.3099
000407.SZ,20211028,4.3,4.2383,5.4724,26.5915,18.5302,1.4386,0.8233,0.7686,378436.4021,376569.8469
000407.SZ,20211027,4.7,4.9609,6.4054,29.0651,20.2539,1.5724,0.8999,0.8401,413639.7883,411599.6001
000407.SZ,20211026,4.77,6.7026,8.6542,29.498,20.5555,1.5958,0.9133,0.8526,419800.3809,417729.8069
000407.SZ,20211025,4.54,1.773,2.4673,28.0757,19.5644,1.5188,0.8693,0.8115,399558.4338,397587.6988
000407.SZ,20211022,4.41,1.7222,2.302,27.2718,16.1012,1.4816,0.8444,0.82,388117.3333,386203.029
000407.SZ,20211021,4.6,1.8685,2.4976,28.4467,16.7949,1.5455,0.8808,0.8554,404838.9418,402842.1618
000407.SZ,20211020,4.66,1.7849,2.3858,28.8178,17.014,1.5656,0.8923,0.8665,410119.4497,408096.6248
000407.SZ,20211019,4.72,2.7261,3.6439,29.1888,17.233,1.5858,0.9038,0.8777,415399.9576,413351.0878
000407.SZ,20211018,4.61,2.2569,3.0167,28.5086,16.8314,1.5488,0.8827,0.8572,405719.0264,403717.9056
000407.SZ,20211015,4.43,2.4415,3.2635,27.3954,16.1742,1.4884,0.8482,0.8238,389877.5026,387954.5167
000407.SZ,20211014,4.54,1.5544,2.0777,28.0757,16.5759,1.5253,0.8693,0.8442,399558.4338,397587.6988
000407.SZ,20211013,4.54,3.0003,4.0104,28.0757,16.5759,1.5253,0.8693,0.8442,399558.4338,397587.6988
000407.SZ,20211012,4.78,5.4961,7.3464,29.5599,17.4521,1.606,0.9152,0.8888,420680.4656,418605.5507
000407.SZ,20211011,5.13,5.2507,7.0185,31.7243,18.73,1.7235,0.9823,0.9539,451483.4285,449256.5848
000407.SZ,20211008,5.4,6.1477,8.2174,33.394,19.7158,1.8143,1.034,1.0041,475245.7142,472901.6682
000407.SZ,20210930,5.3,5.716,7.6403,32.7756,19.3507,1.7807,1.0148,0.9855,466444.8677,464144.2299
000407.SZ,20210929,5.18,7.6495,10.2248,32.0335,18.9125,1.7403,0.9918,0.9632,455883.8518,453635.3039
000407.SZ,20210928,5.28,5.037,6.7328,32.6519,19.2776,1.7739,1.011,0.9818,464684.6984,462392.7422
000407.SZ,20210927,4.8,3.6337,4.857,29.6835,17.5251,1.6127,0.9191,0.8926,422440.6349,420357.0384
000407.SZ,20210924,4.84,4.013,5.364,29.9309,17.6712,1.6261,0.9267,0.9,425960.9735,423860.0137
000407.SZ,20210923,5.11,2.5169,3.3643,31.6006,18.657,1.7168,0.9784,0.9502,449723.2592,447505.0971
000407.SZ,20210922,5.18,2.8423,3.7992,32.0335,18.9125,1.7403,0.9918,0.9632,455883.8518,453635.3039
000407.SZ,20210917,5.02,2.7684,3.7004,31.044,18.3284,1.6866,0.9612,0.9335,441802.4973,439623.4027
000407.SZ,20210916,5.06,2.9752,3.9769,31.2914,18.4744,1.7,0.9689,0.9409,445322.8359,443126.378
000407.SZ,20210915,5.06,1.787,2.3887,31.2914,18.4744,1.7,0.9689,0.9409,445322.8359,443126.378
000407.SZ,20210914,4.99,2.4167,3.2303,30.8585,18.2188,1.6765,0.9555,0.9279,439162.2433,436996.1712
000407.SZ,20210913,5.1,2.7348,3.6555,31.5388,18.6204,1.7135,0.9765,0.9483,448843.1746,446629.3533
000407.SZ,20210910,5.0,3.3663,4.4996,30.9204,18.2553,1.6799,0.9574,0.9298,440042.328,437871.915
000407.SZ,20210909,5.22,5.1306,6.8578,32.2808,19.0586,1.7538,0.9995,0.9707,459404.1904,457138.2793
000407.SZ,20210908,4.94,2.0489,2.7387,30.5493,18.0363,1.6597,0.9459,0.9186,434761.8201,432617.452
000407.SZ,20210907,4.87,2.4879,3.3255,30.1164,17.7807,1.6362,0.9325,0.9056,428601.2275,426487.2452
000407.SZ,20210906,4.82,2.245,3.0009,29.8072,17.5981,1.6194,0.9229,0.8963,424200.8042,422108.5261
000407.SZ,20210903,4.7,2.1399,2.8603,29.0651,17.16,1.5791,0.8999,0.874,413639.7883,411599.6001
000407.SZ,20210902,4.67,1.5784,2.1098,28.8796,17.0505,1.569,0.8942,0.8684,410999.5344,408972.3686
000407.SZ,20210901,4.58,1.6591,2.2177,28.323,16.7219,1.5388,0.877,0.8517,403078.7724,401090.6741
000407.SZ,20210831,4.66,1.3996,1.8708,28.8178,17.014,1.5656,0.8923,0.8665,410119.4497,408096.6248
000407.SZ,20210830,4.68,1.6899,2.2589,28.9415,17.087,1.5724,0.8961,0.8702,411879.619,409848.1124
000407.SZ,20210827,4.68,1.9405,2.5938,28.9415,17.087,1.5724,0.8961,0.8702,411879.619,409848.1124
000407.SZ,20210826,4.66,2.545,3.4018,28.8178,17.014,1.5656,0.8923,0.8665,410119.4497,408096.6248
000407.SZ,20210825,4.77,3.3006,4.4118,29.498,15.3041,1.6186,0.9133,0.8564,419800.3809,417729.8069
000407.SZ,20210824,4.7,4.5555,6.0891,29.0651,15.0795,1.5948,0.8999,0.8438,413639.7883,411599.6001
000407.SZ,20210823,4.39,1.6449,2.1987,27.1481,14.0849,1.4896,0.8406,0.7881,386357.164,384451.5414
000407.SZ,20210820,4.31,0.8665,1.1582,26.6533,13.8282,1.4625,0.8253,0.7738,379316.4867,377445.5907
000407.SZ,20210819,4.32,1.1567,1.5461,26.7152,13.8603,1.4659,0.8272,0.7756,380196.5714,378321.3346
000407.SZ,20210818,4.29,1.3294,1.777,26.5297,13.764,1.4557,0.8214,0.7702,377556.3174,375694.1031
000407.SZ,20210817,4.15,1.3419,1.7937,25.6639,13.3149,1.4082,0.7946,0.7451,365235.1322,363433.6895
000407.SZ,20210816,4.21,0.9448,1.2629,26.0349,13.5074,1.4286,0.8061,0.7558,370515.6402,368688.1524
000407.SZ,20210813,4.16,0.7516,1.0046,25.7257,13.3469,1.4116,0.7965,0.7468,366115.2169,364309.4333
000407.SZ,20210812,4.15,1.1805,1.5779,25.6639,13.3149,1.4082,0.7946,0.7451,365235.1322,363433.6895
000407.SZ,20210811,4.12,0.7151,0.9558,25.4784,13.2186,1.398,0.7889,0.7397,362594.8783,360806.458
000407.SZ,20210810,4.1,0.6786,0.9071,25.3547,13.1544,1.3912,0.785,0.7361,360834.709,359054.9703
000407.SZ,20210809,4.11,0.9736,1.3014,25.4165,13.1865,1.3946,0.787,0.7379,361714.7936,359930.7141
000407.SZ,20210806,3.99,0.5844,0.7812,24.6744,12.8015,1.3539,0.764,0.7163,351153.7777,349421.7882
000407.SZ,20210805,4.0,0.6038,0.8071,24.7363,12.8336,1.3573,0.7659,0.7181,352033.8624,350297.532
000407.SZ,20210804,3.96,0.4064,0.5432,24.4889,12.7053,1.3437,0.7582,0.7109,348513.5238,346794.5567
000407.SZ,20210803,3.97,0.4673,0.6246,24.5508,12.7374,1.3471,0.7602,0.7127,349393.6084,347670.3005
000407.SZ,20210802,3.96,0.5473,0.7315,24.4889,12.7053,1.3437,0.7582,0.7109,348513.5238,346794.5567
000407.SZ,20210730,3.9,0.3812,0.5096,24.1179,12.5128,1.3234,0.7467,0.7002,343233.0158,341540.0937
000407.SZ,20210729,3.88,0.5394,0.721,23.9942,12.4486,1.3166,0.7429,0.6966,341472.8465,339788.606
000407.SZ,20210728,3.85,0.7676,1.026,23.8087,12.3523,1.3064,0.7372,0.6912,338832.5926,337161.3746
000407.SZ,20210727,3.97,0.5587,0.7469,24.5508,12.7374,1.3471,0.7602,0.7127,349393.6084,347670.3005
000407.SZ,20210726,4.0,0.6851,0.9158,24.7363,12.8336,1.3573,0.7659,0.7181,352033.8624,350297.532
000407.SZ,20210723,4.05,0.7309,0.9769,25.0455,12.994,1.3743,0.7755,0.7271,356434.2857,354676.2512
000407.SZ,20210722,4.11,0.7476,0.9994,25.4165,13.1865,1.3946,0.787,0.7379,361714.7936,359930.7141
000407.SZ,20210721,4.09,0.7026,0.9392,25.2928,13.1224,1.3878,0.7831,0.7343,359954.6243,358179.2265
000407.SZ,20210720,4.11,0.5822,0.7782,25.4165,13.1865,1.3946,0.787,0.7379,361714.7936,359930.7141
000407.SZ,20210719,4.08,0.7892,1.0549,25.231,13.0903,1.3845,0.7812,0.7325,359074.5396,357303.4826
000407.SZ,20210716,4.13,1.5806,2.1127,25.5402,13.2507,1.4014,0.7908,0.7415,363474.9629,361682.2018
000407.SZ,20210715,4.21,2.9351,3.9233,26.0349,13.5074,1.4286,0.8061,0.7558,370515.6402,368688.1524
000407.SZ,20210714,4.11,0.9802,1.3103,25.4165,13.1865,1.3946,0.787,0.7379,361714.7936,359930.7141
000407.SZ,20210713,4.08,0.7261,0.9705,25.231,13.0903,1.3845,0.7812,0.7325,359074.5396,357303.4826
000407.SZ,20210712,4.03,0.8558,1.1439,24.9218,12.9299,1.3675,0.7716,0.7235,354674.1164,352924.7635
000407.SZ,20210709,4.04,0.5846,0.7814,24.9836,12.9619,1.3709,0.7736,0.7253,355554.201,353800.5073
000407.SZ,20210708,4.01,0.7683,1.027,24.7981,12.8657,1.3607,0.7678,0.7199,352913.9471,351173.2758
000407.SZ,20210707,4.05,0.4915,0.657,25.0455,12.994,1.3743,0.7755,0.7271,356434.2857,354676.2512
000407.SZ,20210706,4.07,0.7436,0.994,25.1692,13.0582,1.3811,0.7793,0.7307,358194.455,356427.7388
000407.SZ,20210705,4.02,0.5886,0.7868,24.86,12.8978,1.3641,0.7697,0.7217,353794.0317,352049.0197
000407.SZ,20210702,4.05,0.9557,1.2774,25.0455,12.994,1.3743,0.7755,0.7271,356434.2857,354676.2512
000407.SZ,20210701,4.01,0.9982,1.3343,24.7981,12.8657,1.3607,0.7678,0.7199,352913.9471,351173.2758
000407.SZ,20210630,4.06,0.673,0.8995,25.1073,13.0261,1.3777,0.7774,0.7289,357314.3703,355551.995
000407.SZ,20210629,4.08,0.7022,0.9386,25.231,13.0903,1.3751,0.7812,0.7325,359074.5396,357303.4826
000407.SZ,20210628,4.22,0.5456,0.7293,26.0968,13.5395,1.4223,0.808,0.7576,371395.7248,369563.8963
000407.SZ,20210625,4.24,0.5112,0.6832,26.2205,13.6036,1.429,0.8119,0.7612,373155.8941,371315.3839
000407.SZ,20210624,4.21,0.5422,0.7247,26.0349,13.5074,1.4189,0.8061,0.7558,370515.6402,368688.1524
000407.SZ,20210623,4.23,0.6293,0.8411,26.1586,13.5715,1.4257,0.8099,0.7594,372275.8095,370439.6401
000407.SZ,20210622,4.26,0.7769,1.0384,26.3441,13.6678,1.4358,0.8157,0.7648,374916.0635,373066.8716
000407.SZ,20210621,4.27,0.5568,0.7443,26.406,13.6999,1.4392,0.8176,0.7666,375796.1481,373942.6154
000407.SZ,20210618,4.21,0.6908,0.9234,26.0349,13.5074,1.4189,0.8061,0.7558,370515.6402,368688.1524
000407.SZ,20210617,4.2,0.5757,0.7695,25.9731,13.4753,1.4156,0.8042,0.754,369635.5555,367812.4086
000407.SZ,20210616,4.19,0.9081,1.2138,25.9113,13.4432,1.4122,0.8023,0.7522,368755.4709,366936.6648
000407.SZ,20210615,4.22,1.314,1.7564,26.0968,13.5395,1.4223,0.808,0.7576,371395.7248,369563.8963
000407.SZ,20210611,4.41,1.1125,1.487,27.2718,14.149,1.4863,0.8444,0.7917,388117.3333,386203.029
000407.SZ,20210610,4.43,0.9104,1.2169,27.3954,14.2132,1.4931,0.8482,0.7953,389877.5026,387954.5167
000407.SZ,20210609,4.45,1.6544,2.2114,27.5191,14.2774,1.4998,0.8521,0.7989,391637.6719,389706.0044
000407.SZ,20210608,4.35,0.8116,1.0848,26.9007,13.9565,1.4661,0.8329,0.781,382836.8254,380948.5661
000407.SZ,20210607,4.39,1.0059,1.3445,27.1481,14.0849,1.4796,0.8406,0.7881,386357.164,384451.5414
000407.SZ,20210604,4.35,0.724,0.9677,26.9007,13.9565,1.4661,0.8329,0.781,382836.8254,380948.5661
000407.SZ,20210603,4.38,1.5058,2.0128,27.0862,14.0528,1.4762,0.8387,0.7863,385477.0793,383575.7975
000407.SZ,20210602,4.3,0.893,1.1937,26.5915,13.7961,1.4493,0.8233,0.772,378436.4021,376569.8469
000407.SZ,20210601,4.27,0.771,1.0306,26.406,13.6999,1.4392,0.8176,0.7666,375796.1481,373942.6154
000407.SZ,20210531,4.28,0.68,0.9089,26.4678,13.732,1.4425,0.8195,0.7684,376676.2328,374818.3592
000407.SZ,20210528,4.27,0.9093,1.2154,26.406,13.6999,1.4392,0.8176,0.7666,375796.1481,373942.6154
000407.SZ,20210527,4.26,0.7931,1.0601,26.3441,13.6678,1.4358,0.8157,0.7648,374916.0635,373066.8716
000407.SZ,20210526,4.25,0.7484,1.0003,26.2823,13.6357,1.4324,0.8138,0.763,374035.9788,372191.1278
000407.SZ,20210525,4.27,0.8778,1.1733,26.406,13.6999,1.4392,0.8176,0.7666,375796.1481,373942.6154
000407.SZ,20210524,4.29,0.7926,1.0594,26.5297,13.764,1.4459,0.8214,0.7702,377556.3174,375694.1031
000407.SZ,20210521,4.27,0.7807,1.0435,26.406,13.6999,1.4392,0.8176,0.7666,375796.1481,373942.6154
000407.SZ,20210520,4.25,0.8082,1.0802,26.2823,13.6357,1.4324,0.8138,0.763,374035.9788,372191.1278
000407.SZ,20210519,4.24,1.359,1.8166,26.2205,13.6036,1.429,0.8119,0.7612,373155.8941,371315.3839
000407.SZ,20210518,4.36,1.2789,1.7095,26.9625,13.9886,1.4695,0.8348,0.7828,383716.91,381824.3099
000407.SZ,20210517,4.28,2.194,2.9326,26.4678,13.732,1.4425,0.8195,0.7684,376676.2328,374818.3592
000407.SZ,20210514,4.5,1.7491,2.338,27.8283,14.4378,1.5167,0.8616,0.8079,396038.0952,394084.7235
000407.SZ,20210513,4.44,1.6661,2.227,27.4573,14.2453,1.4965,0.8501,0.7971,390757.5873,388830.2605
000407.SZ,20210512,4.53,1.6975,2.2689,28.0138,14.5341,1.5268,0.8674,0.8133,398678.3492,396711.955
000407.SZ,20210511,4.55,1.9944,2.6659,28.1375,14.5982,1.5335,0.8712,0.8169,400438.5185,398463.4427
000407.SZ,20210510,4.53,2.0227,2.7037,28.0138,14.5341,1.5268,0.8674,0.8133,398678.3492,396711.955
000407.SZ,20210507,4.55,2.6699,3.5688,28.1375,14.5982,1.5335,0.8712,0.8169,400438.5185,398463.4427
000407.SZ,20210506,4.34,1.4305,1.9122,26.8389,13.9245,1.4628,0.831,0.7792,381956.7407,380072.8222
000407.SZ,20210430,4.42,1.5856,2.1194,27.3336,14.1811,1.4897,0.8463,0.7935,388997.418,387078.7729
000407.SZ,20210429,4.41,1.6622,2.2218,27.2718,14.149,1.4863,0.8444,0.7917,388117.3333,386203.029
000407.SZ,20210428,4.38,1.9712,2.6348,27.0862,14.0528,1.4762,0.8387,0.7863,385477.0793,383575.7975
000407.SZ,20210427,4.21,0.7585,1.0138,27.7691,26.2668,1.5083,0.6928,0.8061,370515.6402,368688.1524
000407.SZ,20210426,4.3,0.9554,1.277,28.3627,26.8283,1.5406,0.7076,0.8233,378436.4021,376569.8469
000407.SZ,20210423,4.34,0.8113,1.0844,28.6266,27.0779,1.5549,0.7142,0.831,381956.7407,380072.8222
000407.SZ,20210422,4.38,1.112,1.4864,28.8904,27.3274,1.5692,0.7207,0.8387,385477.0793,383575.7975
000407.SZ,20210421,4.28,0.7816,1.0448,28.2308,26.7035,1.5334,0.7043,0.8195,376676.2328,374818.3592
000407.SZ,20210420,4.35,1.2987,1.7359,28.6925,27.1402,1.5585,0.7158,0.8329,382836.8254,380948.5661
000407.SZ,20210419,4.29,1.2832,1.7153,28.2968,26.7659,1.537,0.7059,0.8214,377556.3174,375694.1031
000407.SZ,20210416,4.3,2.2937,3.0659,28.3627,26.8283,1.5406,0.7076,0.8233,378436.4021,376569.8469
000407.SZ,20210415,4.12,0.8232,1.1003,27.1755,25.7052,1.4761,0.678,0.7889,362594.8783,360806.458
000407.SZ,20210414,4.08,0.5547,0.7415,26.9116,24.8434,1.4615,0.6714,0.8449,359074.5396,357303.4826
000407.SZ,20210413,4.08,0.7945,1.0619,26.9116,24.8434,1.4615,0.6714,0.8449,359074.5396,357303.4826
000407.SZ,20210412,4.18,0.6242,0.8344,27.5712,25.4523,1.4973,0.6878,0.8656,367875.3862,366060.9209
000407.SZ,20210409,4.22,0.6441,0.8609,27.8351,25.6958,1.5117,0.6944,0.8739,371395.7248,369563.8963
000407.SZ,20210408,4.22,0.9668,1.2922,27.8351,25.6958,1.5117,0.6944,0.8739,371395.7248,369563.8963
000407.SZ,20210407,4.28,0.8789,1.1748,28.2308,26.0612,1.5332,0.7043,0.8863,376676.2328,374818.3592
000407.SZ,20210406,4.27,1.2169,1.6266,28.1649,26.0003,1.5296,0.7026,0.8842,375796.1481,373942.6154
000407.SZ,20210402,4.19,0.9566,1.2786,27.6372,25.5132,1.5009,0.6895,0.8676,368755.4709,366936.6648
000407.SZ,20210401,4.24,1.5147,2.0246,27.967,25.8176,1.5188,0.6977,0.878,373155.8941,371315.3839
000407.SZ,20210331,4.16,1.1243,1.5028,27.4393,25.3305,1.4902,0.6845,0.8614,366115.2169,364309.4333
000407.SZ,20210330,4.22,1.8605,2.4869,27.8351,25.6958,1.5117,0.6944,0.8739,371395.7248,369563.8963
000407.SZ,20210329,4.15,0.9247,1.236,27.3733,25.2696,1.4866,0.6829,0.8594,365235.1322,363433.6895
000407.SZ,20210326,4.08,0.7983,1.0671,26.9116,24.8434,1.4615,0.6714,0.8449,359074.5396,357303.4826
000407.SZ,20210325,4.05,0.6654,0.8894,26.7137,24.6607,1.4508,0.6664,0.8387,356434.2857,354676.2512
000407.SZ,20210324,4.06,0.8496,1.1357,26.7797,24.7216,1.4544,0.6681,0.8407,357314.3703,355551.995
000407.SZ,20210323,4.03,0.9828,1.3137,26.5818,24.5389,1.4436,0.6632,0.8345,354674.1164,352924.7635
000407.SZ,20210322,4.0,0.6148,0.8218,26.3839,24.3562,1.4329,0.6582,0.8283,352033.8624,350297.532
000407.SZ,20210319,3.91,0.4166,0.5569,25.7903,23.8082,1.4006,0.6434,0.8097,344113.1005,342415.8375
000407.SZ,20210318,3.94,0.3248,0.4341,25.9882,23.9909,1.4114,0.6483,0.8159,346753.3545,345043.069
000407.SZ,20210317,3.95,0.3191,0.4266,26.0541,24.0518,1.415,0.65,0.8179,347633.4391,345918.8129
000407.SZ,20210316,3.98,0.3675,0.4912,26.252,24.2345,1.4257,0.6549,0.8242,350273.6931,348546.0443
000407.SZ,20210315,3.94,0.3478,0.4649,25.9882,23.9909,1.4114,0.6483,0.8159,346753.3545,345043.069
000407.SZ,20210312,3.94,0.4469,0.5974,25.9882,23.9909,1.4114,0.6483,0.8159,346753.3545,345043.069
000407.SZ,20210311,3.89,0.3383,0.4522,25.6584,23.6864,1.3935,0.6401,0.8055,342352.9312,340664.3499
000407.SZ,20210310,3.85,0.6251,0.8355,25.3945,23.4429,1.3791,0.6335,0.7972,338832.5926,337161.3746
000407.SZ,20210309,3.93,0.92,1.2298,25.9222,23.93,1.4078,0.6467,0.8138,345873.2698,344167.3252
000407.SZ,20210308,4.13,0.8382,1.1204,27.2414,25.1478,1.4794,0.6796,0.8552,363474.9629,361682.2018
000407.SZ,20210305,4.15,0.7715,1.0313,27.3733,25.2696,1.4866,0.6829,0.8594,365235.1322,363433.6895
000407.SZ,20210304,4.08,0.5918,0.791,26.9116,24.8434,1.4615,0.6714,0.8449,359074.5396,357303.4826
000407.SZ,20210303,4.04,0.4929,0.6588,26.6478,24.5998,1.4472,0.6648,0.8366,355554.201,353800.5073
000407.SZ,20210302,4.0,0.4574,0.6114,26.3839,24.3562,1.4329,0.6582,0.8283,352033.8624,350297.532
000407.SZ,20210301,4.06,0.4233,0.5658,26.7797,24.7216,1.4544,0.6681,0.8407,357314.3703,355551.995
000407.SZ,20210226,4.03,0.5408,0.7228,26.5818,24.5389,1.4436,0.6632,0.8345,354674.1164,352924.7635
000407.SZ,20210225,4.06,0.6286,0.8403,26.7797,24.7216,1.4544,0.6681,0.8407,357314.3703,355551.995
000407.SZ,20210224,4.14,0.7717,1.0315,27.3074,25.2087,1.483,0.6813,0.8573,364355.0476,362557.9456
000407.SZ,20210223,4.25,0.7667,1.0249,28.0329,25.8785,1.5224,0.6994,0.8801,374035.9788,372191.1278
000407.SZ,20210222,4.3,1.256,1.6789,28.3627,26.183,1.5403,0.7076,0.8904,378436.4021,376569.8469
000407.SZ,20210219,4.19,0.7441,0.9946,27.6372,25.5132,1.5009,0.6895,0.8676,368755.4709,366936.6648
000407.SZ,20210218,4.14,0.8187,1.0944,27.3074,25.2087,1.483,0.6813,0.8573,364355.0476,362557.9456
000407.SZ,20210210,4.07,0.7049,0.9422,26.8457,24.7825,1.4579,0.6697,0.8428,358194.455,356427.7388
000407.SZ,20210209,4.08,0.398,0.532,26.9116,24.8434,1.4615,0.6714,0.8449,359074.5396,357303.4826
000407.SZ,20210208,4.09,0.6086,0.8135,26.9776,24.9043,1.4651,0.673,0.8469,359954.6243,358179.2265
000407.SZ,20210205,4.08,0.7028,0.9394,26.9116,24.8434,1.4615,0.6714,0.8449,359074.5396,357303.4826
000407.SZ,20210204,4.11,0.8718,1.1653,27.1095,25.026,1.4723,0.6763,0.8511,361714.7936,359930.7141
000407.SZ,20210203,4.09,0.5943,0.7944,26.9776,24.9043,1.4651,0.673,0.8469,359954.6243,358179.2265
000407.SZ,20210202,4.15,0.832,1.1121,27.3733,25.2696,1.4866,0.6829,0.8594,365235.1322,363433.6895
000407.SZ,20210201,4.11,1.3245,1.7705,27.1095,25.026,1.4723,0.6763,0.8511,361714.7936,359930.7141
000407.SZ,20210129,3.92,0.7584,1.0137,25.8563,23.8691,1.4042,0.6451,0.8117,344993.1852,343291.5814
000407.SZ,20210128,3.93,0.9731,1.3007,25.9222,23.93,1.4078,0.6467,0.8138,345873.2698,344167.3252
000407.SZ,20210127,3.8,0.4475,0.5981,25.0647,23.1384,1.3612,0.6253,0.7869,334432.1693,332782.6554
000407.SZ,20210126,3.81,0.4512,0.6031,25.1307,23.1993,1.3648,0.627,0.789,335312.2539,333658.3992
000407.SZ,20210125,3.86,0.6671,0.8917,25.4605,23.5038,1.3827,0.6352,0.7993,339712.6772,338037.1184
000407.SZ,20210122,3.88,0.4773,0.638,25.5924,23.6256,1.3899,0.6385,0.8035,341472.8465,339788.606
000407.SZ,20210121,3.83,0.3649,0.4877,25.2626,23.3211,1.372,0.6302,0.7931,337072.4232,335409.8869
000407.SZ,20210120,3.82,0.6213,0.8305,25.1967,23.2602,1.3684,0.6286,0.791,336192.3386,334534.1431
000407.SZ,20210119,3.9,0.5711,0.7634,25.7243,23.7473,1.397,0.6418,0.8076,343233.0158,341540.0937
000407.SZ,20210118,3.93,0.4797,0.6412,25.9222,23.93,1.4078,0.6467,0.8138,345873.2698,344167.3252
000407.SZ,20210115,3.94,0.5548,0.7415,25.9882,23.9909,1.4114,0.6483,0.8159,346753.3545,345043.069
000407.SZ,20210114,3.92,0.5789,0.7738,25.8563,23.8691,1.4042,0.6451,0.8117,344993.1852,343291.5814
000407.SZ,20210113,3.98,0.8605,1.1501,26.252,24.2345,1.4257,0.6549,0.8242,350273.6931,348546.0443
000407.SZ,20210112,4.09,1.424,1.9034,26.9776,24.9043,1.4651,0.673,0.8469,359954.6243,358179.2265
000407.SZ,20210111,4.04,3.0328,4.0539,26.6478,24.5998,1.4472,0.6648,0.8366,355554.201,353800.5073
000407.SZ,20210108,3.88,1.2213,1.6324,25.5924,23.6256,1.3899,0.6385,0.8035,341472.8465,339788.606
000407.SZ,20210107,3.82,1.3269,1.7736,25.1967,23.2602,1.3684,0.6286,0.791,336192.3386,334534.1431
000407.SZ,20210106,4.06,0.7093,0.9481,26.7797,24.7216,1.4544,0.6681,0.8407,357314.3703,355551.995
000407.SZ,20210105,4.04,1.1467,1.5328,26.6478,24.5998,1.4472,0.6648,0.8366,355554.201,353800.5073
000407.SZ,20210104,4.17,0.918,1.227,27.5053,25.3914,1.4938,0.6862,0.8635,366995.3016,365185.1771
000407.SZ,20201231,4.25,1.1235,1.5017,28.0329,25.8785,1.5224,0.6994,0.8801,374035.9788,372191.1278
000407.SZ,20201230,4.26,1.4958,1.9994,28.0989,25.9394,1.526,0.701,0.8821,374916.0635,373066.8716
000407.SZ,20201229,4.38,1.9543,2.6123,28.8904,26.6701,1.569,0.7207,0.907,385477.0793,383575.7975
000407.SZ,20201228,4.46,1.9598,2.6196,29.4181,27.1572,1.5976,0.7339,0.9236,392517.7566,390581.7482
000407.SZ,20201225,4.42,2.4889,3.3268,29.1543,26.9136,1.5833,0.7273,0.9153,388997.418,387078.7729
000407.SZ,20201224,4.24,1.2865,1.7197,27.967,25.8176,1.5188,0.6977,0.878,373155.8941,371315.3839
000407.SZ,20201223,4.08,0.5005,0.6691,26.9116,24.8434,1.4615,0.6714,0.8449,359074.5396,357303.4826
000407.SZ,20201222,4.07,0.6652,0.8891,26.8457,24.7825,1.4579,0.6697,0.8428,358194.455,356427.7388
000407.SZ,20201221,4.13,0.8173,1.0925,27.2414,25.1478,1.4794,0.6796,0.8552,363474.9629,361682.2018
000407.SZ,20201218,4.24,1.0879,1.4542,27.967,25.8176,1.5188,0.6977,0.878,373155.8941,371315.3839
000407.SZ,20201217,4.13,0.6121,0.8182,27.2414,25.1478,1.4794,0.6796,0.8552,363474.9629,361682.2018
000407.SZ,20201216,4.05,0.9779,1.3072,26.7137,24.6607,1.4508,0.6664,0.8387,356434.2857,354676.2512
000407.SZ,20201215,4.18,1.3233,1.7688,27.5712,25.4523,1.4973,0.6878,0.8656,367875.3862,366060.9209
000407.SZ,20201214,4.27,0.5899,0.7885,28.1649,26.0003,1.5296,0.7026,0.8842,375796.1481,373942.6154
000407.SZ,20201211,4.28,0.7057,0.9433,28.2308,26.0612,1.5332,0.7043,0.8863,376676.2328,374818.3592
000407.SZ,20201210,4.34,0.9934,1.3279,28.6266,26.4265,1.5547,0.7142,0.8987,381956.7407,380072.8222
000407.SZ,20201209,4.49,0.7499,1.0023,29.616,27.3399,1.6084,0.7389,0.9298,395158.0105,393208.9797
000407.SZ,20201208,4.56,0.7569,1.0117,30.0777,27.7661,1.6335,0.7504,0.9443,401318.6031,399339.1865
000407.SZ,20201207,4.68,0.9981,1.3342,30.8692,28.4968,1.6765,0.7701,0.9691,411879.619,409848.1124
000407.SZ,20201204,4.75,0.9933,1.3277,31.3309,28.923,1.7015,0.7816,0.9836,418040.2116,415978.3193
000407.SZ,20201203,4.8,2.2113,2.9558,31.6607,29.2275,1.7194,0.7899,0.994,422440.6349,420357.0384
000407.SZ,20201202,4.6,0.8294,1.1087,30.3415,28.0097,1.6478,0.757,0.9525,404838.9418,402842.1618
000407.SZ,20201201,4.59,1.8375,2.4561,30.2756,27.9488,1.6442,0.7553,0.9505,403958.8571,401966.418
000407.SZ,20201130,4.65,1.6803,2.246,30.6713,28.3141,1.6657,0.7652,0.9629,409239.365,407220.881
000407.SZ,20201127,4.74,1.4581,1.949,31.265,28.8621,1.6979,0.78,0.9815,417160.1269,415102.5754
000407.SZ,20201126,4.77,1.695,2.2656,31.4629,29.0448,1.7087,0.7849,0.9878,419800.3809,417729.8069
000407.SZ,20201125,4.88,2.5343,3.3876,32.1884,29.7146,1.7481,0.803,1.0105,429481.3121,427362.989
000407.SZ,20201124,4.96,2.5637,3.4268,32.7161,30.2017,1.7768,0.8162,1.0271,436521.9894,434368.9397
000407.SZ,20201123,4.86,3.6319,4.8546,32.0565,29.5928,1.7409,0.7997,1.0064,427721.1428,425611.5014
000407.SZ,20201120,4.62,1.2155,1.6247,30.4735,28.1315,1.655,0.7602,0.9567,406599.1111,404593.6495
000407.SZ,20201119,4.58,1.5801,2.1121,30.2096,27.8879,1.6406,0.7537,0.9484,403078.7724,401090.6741
000407.SZ,20201118,4.54,1.4506,1.939,29.9458,27.6443,1.6263,0.7471,0.9401,399558.4338,397587.6988
000407.SZ,20201117,4.59,2.1241,2.8392,30.2756,27.9488,1.6442,0.7553,0.9505,403958.8571,401966.418
000407.SZ,20201116,4.59,1.8878,2.5233,30.2756,27.9488,1.6442,0.7553,0.9505,403958.8571,401966.418
000407.SZ,20201113,4.47,1.2331,1.6482,29.4841,27.2181,1.6012,0.7356,0.9256,393397.8412,391457.492
000407.SZ,20201112,4.46,1.4959,1.9996,29.4181,27.1572,1.5976,0.7339,0.9236,392517.7566,390581.7482
000407.SZ,20201111,4.58,3.082,4.1196,30.2096,27.8879,1.6406,0.7537,0.9484,403078.7724,401090.6741
000407.SZ,20201110,4.47,2.8489,3.8081,29.4841,27.2181,1.6012,0.7356,0.9256,393397.8412,391457.492
000407.SZ,20201109,4.29,1.579,2.1106,28.2968,26.1221,1.5368,0.7059,0.8884,377556.3174,375694.1031
000407.SZ,20201106,4.32,1.7342,2.3181,28.4947,26.3047,1.5475,0.7109,0.8946,380196.5714,378321.3346
000407.SZ,20201105,4.42,3.0869,4.1262,29.1543,26.9136,1.5833,0.7273,0.9153,388997.418,387078.7729
000407.SZ,20201104,4.32,2.5748,3.4416,28.4947,26.3047,1.5475,0.7109,0.8946,380196.5714,378321.3346
000407.SZ,20201103,4.15,1.2301,1.6442,27.3733,25.2696,1.4866,0.6829,0.8594,365235.1322,363433.6895
000407.SZ,20201102,4.17,1.5956,2.1328,27.5053,25.3914,1.4938,0.6862,0.8635,366995.3016,365185.1771
000407.SZ,20201030,4.19,1.6213,2.1671,27.6372,25.5132,1.5009,0.6895,0.8676,368755.4709,366936.6648
000407.SZ,20201029,4.15,1.3786,1.8427,27.3733,25.2696,1.4866,0.6829,0.8594,365235.1322,363433.6895
000407.SZ,20201028,4.21,1.3781,1.8421,27.7691,25.6349,1.5081,0.6928,0.8718,370515.6402,368688.1524
000407.SZ,20201027,4.25,1.6775,2.2423,28.0329,25.8785,1.5224,0.6994,0.8801,374035.9788,372191.1278
000407.SZ,20201026,4.22,1.3409,1.7923,27.8351,25.6958,1.5117,0.6944,0.8739,371395.7248,369563.8963
000407.SZ,20201023,4.16,2.0989,2.8055,27.4393,25.3305,1.4902,0.6845,0.8614,366115.2169,364309.4333
000407.SZ,20201022,4.1,1.5323,1.9013,27.0435,28.5865,1.4643,0.6747,0.8412,360834.709,359054.9703
000407.SZ,20201021,4.21,2.6527,3.2915,27.7691,29.3535,1.5036,0.6928,0.8638,370515.6402,368688.1524
000407.SZ,20201020,4.09,1.5689,1.9467,26.9776,28.5168,1.4608,0.673,0.8391,359954.6243,358179.2265
000407.SZ,20201019,4.18,3.6664,4.5493,27.5712,29.1443,1.4929,0.6878,0.8576,367875.3862,366060.9209
000407.SZ,20201016,4.16,3.3052,4.1012,27.4393,29.0048,1.4858,0.6845,0.8535,366115.2169,364309.4333
000407.SZ,20201015,3.78,0.3547,0.4401,24.9328,26.3554,1.35,0.622,0.7755,332672.0,331031.1677
000407.SZ,20201014,3.81,0.6099,0.7568,25.1307,26.5645,1.3608,0.627,0.7817,335312.2539,333658.3992
000407.SZ,20201013,3.76,0.4352,0.54,24.8009,26.2159,1.3429,0.6187,0.7714,330911.8307,329279.6801
000407.SZ,20201012,3.82,0.6315,0.7836,25.1967,26.6343,1.3643,0.6286,0.7838,336192.3386,334534.1431
000407.SZ,20201009,3.72,0.5162,0.6405,24.5371,25.937,1.3286,0.6121,0.7632,327391.492,325776.7048
000407.SZ,20200930,3.63,0.4046,0.502,23.9434,25.3095,1.2965,0.5973,0.7448,319470.7301,317895.0103
000407.SZ,20200929,3.61,0.6687,0.8298,23.8115,25.1701,1.2893,0.594,0.7407,317710.5608,316143.5226
000407.SZ,20200928,3.58,0.368,0.4567,23.6136,24.9609,1.2786,0.5891,0.7345,315070.3068,313516.2911
000407.SZ,20200925,3.67,0.3573,0.4433,24.2073,25.5884,1.3107,0.6039,0.753,322991.0688,321397.9856
000407.SZ,20200924,3.65,0.5166,0.6409,24.0754,25.449,1.3036,0.6006,0.7489,321230.8994,319646.498
000407.SZ,20200923,3.73,0.4411,0.5474,24.603,26.0067,1.3322,0.6138,0.7653,328271.5767,326652.4486
000407.SZ,20200922,3.76,0.5458,0.6773,24.8009,26.2159,1.3429,0.6187,0.7714,330911.8307,329279.6801
000407.SZ,20200921,3.79,0.3994,0.4956,24.9988,26.4251,1.3536,0.6237,0.7776,333552.0846,331906.9116
000407.SZ,20200918,3.77,0.4717,0.5853,24.8669,26.2856,1.3465,0.6204,0.7735,331791.9153,330155.4239
000407.SZ,20200917,3.72,0.5753,0.7138,24.5371,25.937,1.3286,0.6121,0.7632,327391.492,325776.7048
000407.SZ,20200916,3.8,0.5889,0.7308,25.0647,26.4948,1.3572,0.6253,0.7796,334432.1693,332782.6554
000407.SZ,20200915,3.83,0.3971,0.4927,25.2626,26.704,1.3679,0.6302,0.7858,337072.4232,335409.8869
000407.SZ,20200914,3.85,0.6507,0.8074,25.3945,26.8434,1.375,0.6335,0.7899,338832.5926,337161.3746
000407.SZ,20200911,3.89,0.649,0.8053,25.6584,27.1223,1.3893,0.6401,0.7981,342352.9312,340664.3499
000407.SZ,20200910,3.81,1.2916,1.6027,25.1307,26.5645,1.3608,0.627,0.7817,335312.2539,333658.3992
000407.SZ,20200909,3.96,1.0335,1.2824,26.1201,27.6104,1.4143,0.6516,0.8125,348513.5238,346794.5567
000407.SZ,20200908,4.0,0.4807,0.5965,26.3839,27.8893,1.4286,0.6582,0.8207,352033.8624,350297.532
000407.SZ,20200907,3.95,0.5492,0.6815,26.0541,27.5407,1.4108,0.65,0.8104,347633.4391,345918.8129
000407.SZ,20200904,4.0,0.5956,0.7391,26.3839,27.8893,1.4286,0.6582,0.8207,352033.8624,350297.532
000407.SZ,20200903,3.99,0.4399,0.5459,26.318,27.8195,1.425,0.6566,0.8186,351153.7777,349421.7882
000407.SZ,20200902,4.02,0.671,0.8326,26.5159,28.0287,1.4358,0.6615,0.8248,353794.0317,352049.0197
000407.SZ,20200901,4.04,0.5211,0.6466,26.6478,28.1682,1.4429,0.6648,0.8289,355554.201,353800.5073
000407.SZ,20200831,4.03,0.9396,1.1659,26.5818,28.0984,1.4393,0.6632,0.8268,354674.1164,352924.7635
000407.SZ,20200828,4.08,0.6246,0.7751,26.9116,28.4471,1.4572,0.6714,0.8371,359074.5396,357303.4826
000407.SZ,20200827,4.06,0.6285,0.7798,26.7797,28.3076,1.45,0.6681,0.833,357314.3703,355551.995
000407.SZ,20200826,4.05,0.6879,0.8535,26.7137,28.2379,1.4465,0.6664,0.8309,356434.2857,354676.2512
000407.SZ,20200825,4.1,0.6647,0.8248,27.0435,28.5865,1.4643,0.6747,0.8412,360834.709,359054.9703
000407.SZ,20200824,4.14,1.2504,1.5515,27.3074,28.8654,1.4786,0.6813,0.8494,364355.0476,362557.9456
000407.SZ,20200821,4.06,0.6969,0.8647,26.7797,30.2057,1.4802,0.6681,0.7715,357314.3703,355551.995
000407.SZ,20200820,4.01,0.7929,0.9838,26.4499,29.8337,1.462,0.6599,0.762,352913.9471,351173.2758
000407.SZ,20200819,4.01,0.7708,0.9565,26.4499,29.8337,1.462,0.6599,0.762,352913.9471,351173.2758
000407.SZ,20200818,4.05,0.691,0.8574,26.7137,30.1313,1.4765,0.6664,0.7696,356434.2857,354676.2512
000407.SZ,20200817,4.04,0.6615,0.8208,26.6478,30.0569,1.4729,0.6648,0.7677,355554.201,353800.5073
000407.SZ,20200814,3.97,0.4755,0.59,26.1861,29.5361,1.4474,0.6533,0.7544,349393.6084,347670.3005
000407.SZ,20200813,3.97,0.5787,0.7181,26.1861,29.5361,1.4474,0.6533,0.7544,349393.6084,347670.3005
000407.SZ,20200812,3.9,0.9938,1.2331,25.7243,29.0154,1.4219,0.6418,0.7411,343233.0158,341540.0937
000407.SZ,20200811,3.98,1.3541,1.6802,26.252,29.6105,1.451,0.6549,0.7563,350273.6931,348546.0443
000407.SZ,20200810,4.16,1.4615,1.8134,27.4393,30.9497,1.5166,0.6845,0.7905,366115.2169,364309.4333
000407.SZ,20200807,4.02,0.7879,0.9777,26.5159,29.9081,1.4656,0.6615,0.7639,353794.0317,352049.0197
000407.SZ,20200806,4.09,0.787,0.9765,26.9776,30.4289,1.4911,0.673,0.7772,359954.6243,358179.2265
000407.SZ,20200805,4.1,0.8293,1.029,27.0435,30.5033,1.4948,0.6747,0.7791,360834.709,359054.9703
000407.SZ,20200804,4.13,0.8898,1.1041,27.2414,30.7265,1.5057,0.6796,0.7848,363474.9629,361682.2018
000407.SZ,20200803,4.18,1.4401,1.7869,27.5712,31.0985,1.5239,0.6878,0.7943,367875.3862,366060.9209
000407.SZ,20200731,4.13,1.0657,1.3223,27.2414,30.7265,1.5057,0.6796,0.7848,363474.9629,361682.2018
000407.SZ,20200730,4.09,1.1253,1.3963,26.9776,30.4289,1.4911,0.673,0.7772,359954.6243,358179.2265
000407.SZ,20200729,4.15,1.8302,2.271,27.3733,30.8753,1.513,0.6829,0.7886,365235.1322,363433.6895
000407.SZ,20200728,3.99,1.6543,2.0526,26.318,29.6849,1.4547,0.6566,0.7582,351153.7777,349421.7882
000407.SZ,20200727,4.01,2.716,3.3701,26.4499,29.8337,1.462,0.6599,0.762,352913.9471,351173.2758
000407.SZ,20200724,4.2,1.7545,2.177,27.7031,31.2473,1.5312,0.6911,0.7981,369635.5555,367812.4086
000407.SZ,20200723,4.41,1.8714,2.3221,29.0883,32.8097,1.6078,0.7257,0.838,388117.3333,386203.029
000407.SZ,20200722,4.33,1.6198,2.0099,28.5606,32.2145,1.5786,0.7125,0.8228,381076.656,379197.0784
000407.SZ,20200721,4.42,1.6093,1.9968,29.1543,32.8841,1.6114,0.7273,0.8399,388997.418,387078.7729
000407.SZ,20200720,4.57,2.0876,2.5903,30.1437,34.0,1.6661,0.752,0.8684,402198.6878,400214.9303
000407.SZ,20200717,4.41,3.1721,3.936,29.0883,32.8097,1.6078,0.7257,0.838,388117.3333,386203.029
000407.SZ,20200716,4.25,2.8503,3.5366,28.0329,31.6193,1.5495,0.6994,0.8076,374035.9788,372191.1278
000407.SZ,20200715,4.56,3.1773,3.9425,30.0777,33.9256,1.6625,0.7504,0.8665,401318.6031,399339.1865
000407.SZ,20200714,4.66,4.7041,5.837,30.7373,34.6696,1.6989,0.7668,0.8855,410119.4497,408096.6248
000407.SZ,20200713,4.45,5.6421,7.0008,29.3521,33.1073,1.6224,0.7323,0.8456,391637.6719,389706.0044
000407.SZ,20200710,4.25,7.2769,9.0293,28.0329,31.6193,1.5495,0.6994,0.8076,374035.9788,372191.1278
000407.SZ,20200709,4.06,5.2862,6.5592,26.7797,30.2057,1.4802,0.6681,0.7715,357314.3703,355551.995
000407.SZ,20200708,3.69,2.548,3.1615,24.3392,27.453,1.3453,0.6072,0.7012,324751.2381,323149.4733
000407.SZ,20200707,3.62,4.7505,5.8945,23.8775,26.9322,1.3198,0.5957,0.6879,318590.6455,317019.2665
000407.SZ,20200706,3.77,4.3622,5.4126,24.8669,28.0482,1.3745,0.6204,0.7164,331791.9153,330155.4239
000407.SZ,20200703,3.68,7.7669,9.6373,24.2732,27.3786,1.3416,0.6056,0.6993,323871.1534,322273.7294
000407.SZ,20200702,3.53,4.9799,6.1791,23.2838,26.2626,1.287,0.5809,0.6708,310669.8836,309137.572
000407.SZ,20200701,3.21,0.8064,1.0006,21.1731,23.8819,1.1703,0.5282,0.61,282507.1746,281113.7694
000407.SZ,20200630,3.21,0.5785,0.7179,21.1731,23.8819,1.1703,0.5282,0.61,282507.1746,281113.7694
000407.SZ,20200629,3.22,0.5297,0.6572,21.2391,23.9563,1.1739,0.5299,0.6119,283387.2592,281989.5133
000407.SZ,20200624,3.21,0.3101,0.3847,21.1731,23.8819,1.1703,0.5282,0.61,282507.1746,281113.7694
000407.SZ,20200623,3.21,0.41,0.5088,21.1731,23.8819,1.1703,0.5282,0.61,282507.1746,281113.7694
000407.SZ,20200622,3.25,0.3947,0.4898,21.437,24.1795,1.1849,0.5348,0.6176,286027.5132,284616.7448
000407.SZ,20200619,3.25,0.4991,0.6193,21.437,24.1795,1.1849,0.5348,0.6176,286027.5132,284616.7448
000407.SZ,20200618,3.28,0.7198,0.8931,21.6348,24.4027,1.1808,0.5397,0.6233,288667.7672,287243.9762
000407.SZ,20200617,3.26,0.429,0.5323,21.5029,24.2539,1.1736,0.5364,0.6195,286907.5979,285492.4886
000407.SZ,20200616,3.28,0.442,0.5484,21.6348,24.4027,1.1808,0.5397,0.6233,288667.7672,287243.9762
000407.SZ,20200615,3.27,0.6266,0.7775,21.5689,24.3283,1.1772,0.5381,0.6214,287787.6825,286368.2324
000407.SZ,20200612,3.27,1.04,1.2905,21.5689,24.3283,1.1772,0.5381,0.6214,287787.6825,286368.2324
000407.SZ,20200611,3.21,0.361,0.4479,21.1731,23.8819,1.1556,0.5282,0.61,282507.1746,281113.7694
000407.SZ,20200610,3.24,0.3826,0.4747,21.371,24.1051,1.1664,0.5332,0.6157,285147.4285,283741.0009
000407.SZ,20200609,3.26,0.617,0.7656,21.5029,24.2539,1.1736,0.5364,0.6195,286907.5979,285492.4886
000407.SZ,20200608,3.24,0.6413,0.7957,21.371,24.1051,1.1664,0.5332,0.6157,285147.4285,283741.0009
000407.SZ,20200605,3.22,0.4421,0.5485,21.2391,23.9563,1.1592,0.5299,0.6119,283387.2592,281989.5133
000407.SZ,20200604,3.24,0.5897,0.7317,21.371,24.1051,1.1664,0.5332,0.6157,285147.4285,283741.0009
000407.SZ,20200603,3.23,1.0654,1.3219,21.305,24.0307,1.1628,0.5315,0.6138,284267.3439,282865.2571
000407.SZ,20200602,3.26,1.9501,2.4197,21.5029,24.2539,1.1736,0.5364,0.6195,286907.5979,285492.4886
000407.SZ,20200601,3.18,0.67,0.8313,20.9752,23.6587,1.1448,0.5233,0.6043,279866.9206,278486.5379
000407.SZ,20200529,3.14,0.4399,0.5458,20.7114,23.3611,1.1304,0.5167,0.5967,276346.582,274983.5626
000407.SZ,20200528,3.1,0.691,0.8573,20.4476,23.0635,1.116,0.5101,0.5891,272826.2434,271480.5873
000407.SZ,20200527,3.14,0.5532,0.6864,20.7114,23.3611,1.1304,0.5167,0.5967,276346.582,274983.5626
000407.SZ,20200526,3.11,0.4917,0.6101,20.5135,23.1379,1.1196,0.5118,0.591,273706.328,272356.3311
000407.SZ,20200525,3.08,0.5929,0.7356,20.3156,22.9147,1.1088,0.5068,0.5853,271066.074,269729.0996
000407.SZ,20200522,3.13,0.6892,0.8551,20.6454,23.2867,1.1268,0.5151,0.5948,275466.4973,274107.8188
000407.SZ,20200521,3.2,1.0213,1.2672,21.1072,23.8075,1.152,0.5266,0.6081,281627.0899,280238.0256
000407.SZ,20200520,3.17,0.4885,0.6061,20.9093,23.5843,1.1412,0.5216,0.6024,278986.836,277610.7941
000407.SZ,20200519,3.19,0.684,0.8487,21.0412,23.7331,1.1484,0.5249,0.6062,280747.0053,279362.2818
000407.SZ,20200518,3.2,0.9374,1.1631,21.1072,23.8075,1.152,0.5266,0.6081,281627.0899,280238.0256
000407.SZ,20200515,3.16,0.6468,0.8026,20.8433,23.5099,1.1376,0.52,0.6005,278106.7513,276735.0503
000407.SZ,20200514,3.16,0.6865,0.8518,20.8433,23.5099,1.1376,0.52,0.6005,278106.7513,276735.0503
000407.SZ,20200513,3.19,0.8147,1.0109,21.0412,23.7331,1.1484,0.5249,0.6062,280747.0053,279362.2818
000407.SZ,20200512,3.24,1.3669,1.6961,21.371,24.1051,1.1664,0.5332,0.6157,285147.4285,283741.0009
000407.SZ,20200511,3.17,0.7016,0.8706,20.9093,23.5843,1.1412,0.5216,0.6024,278986.836,277610.7941
000407.SZ,20200508,3.19,0.7177,0.8905,21.0412,23.7331,1.1484,0.5249,0.6062,280747.0053,279362.2818
000407.SZ,20200507,3.19,0.715,0.8872,21.0412,23.7331,1.1484,0.5249,0.6062,280747.0053,279362.2818
000407.SZ,20200506,3.23,1.0737,1.3323,21.305,24.0307,1.1628,0.5315,0.6138,284267.3439,282865.2571
000407.SZ,20200430,3.23,0.7011,0.8699,21.305,24.0307,1.1628,0.5315,0.6138,284267.3439,282865.2571
000407.SZ,20200429,3.19,0.5243,0.6505,21.0412,23.7331,1.1484,0.5249,0.6062,280747.0053,279362.2818
000407.SZ,20200428,3.19,0.8933,1.1084,21.0412,23.7331,1.1484,0.5249,0.6062,280747.0053,279362.2818
000407.SZ,20200427,3.27,0.7277,0.9029,21.5689,21.5689,1.1882,0.5381,0.5381,287787.6825,286368.2324
000407.SZ,20200424,3.28,1.0321,1.2806,21.6348,21.6348,1.1918,0.5397,0.5397,288667.7672,287243.9762
000407.SZ,20200423,3.4,1.3679,1.6974,22.4264,22.4264,1.2355,0.5595,0.5595,299228.783,297752.9022
000407.SZ,20200422,3.44,1.8847,2.3386,22.6902,22.6902,1.25,0.5661,0.5661,302749.1217,301255.8775
000407.SZ,20200421,3.37,0.7091,0.8799,22.2285,22.2285,1.2246,0.5545,0.5545,296588.5291,295125.6707
000407.SZ,20200420,3.4,0.7591,0.9419,22.4264,22.4264,1.2355,0.5595,0.5595,299228.783,297752.9022
000407.SZ,20200417,3.4,1.1531,1.4308,22.4264,22.4264,1.2355,0.5595,0.5595,299228.783,297752.9022
000407.SZ,20200416,3.47,0.6214,0.771,22.8881,22.8881,1.2609,0.571,0.571,305389.3756,303883.109
000407.SZ,20200415,3.44,1.3907,1.7256,22.6902,22.6902,1.25,0.5661,0.5661,302749.1217,301255.8775
000407.SZ,20200414,3.53,1.3715,1.7017,23.2838,23.2838,1.2827,0.5809,0.5809,310669.8836,309137.572
000407.SZ,20200413,3.54,1.3712,1.7013,23.3498,23.3498,1.2863,0.5825,0.5825,311549.9682,310013.3158
000407.SZ,20200410,3.54,2.7056,3.3572,23.3498,23.3498,1.2863,0.5825,0.5825,311549.9682,310013.3158
000407.SZ,20200409,3.67,3.0714,3.811,24.2073,24.2073,1.3336,0.6039,0.6039,322991.0688,321397.9856
000407.SZ,20200408,3.57,1.9362,2.4025,23.5477,23.5477,1.2972,0.5875,0.5875,314190.2222,312640.5473
000407.SZ,20200407,3.66,2.8698,3.5609,24.1413,24.1413,1.3299,0.6023,0.6023,322110.9841,320522.2418
000407.SZ,20200403,3.58,2.4513,3.0416,23.6136,23.6136,1.3009,0.5891,0.5891,315070.3068,313516.2911
000407.SZ,20200402,3.69,3.4564,4.2888,24.3392,24.3392,1.3408,0.6072,0.6072,324751.2381,323149.4733
000407.SZ,20200401,3.54,1.826,2.2658,23.3498,23.3498,1.2863,0.5825,0.5825,311549.9682,310013.3158
000407.SZ,20200331,3.6,2.7779,3.4468,23.7456,23.7456,1.3081,0.5924,0.5924,316830.4762,315267.7788
000407.SZ,20200330,3.4,1.4616,1.8135,22.4264,22.4264,1.2355,0.5595,0.5595,299228.783,297752.9022
000407.SZ,20200327,3.46,1.4904,1.8493,29.6993,23.8046,1.265,0.6512,0.5523,304509.291,303007.3652
000407.SZ,20200326,3.52,2.406,2.9854,30.2144,24.2173,1.2869,0.6625,0.5619,309789.7989,308261.8282
000407.SZ,20200325,3.61,3.6948,4.5845,30.9869,24.8365,1.3198,0.6795,0.5763,317710.5608,316143.5226
000407.SZ,20200324,3.68,4.656,5.7772,31.5877,25.3181,1.3454,0.6927,0.5875,323871.1534,322273.7294
000407.SZ,20200323,3.49,4.9333,6.1213,29.9569,24.011,1.2759,0.6569,0.5571,307149.5449,305634.5967
000407.SZ,20200320,3.52,5.9712,7.4091,30.2144,24.2173,1.2869,0.6625,0.5619,309789.7989,308261.8282
000407.SZ,20200319,3.2,1.271,1.5771,27.4676,22.0158,1.1699,0.6023,0.5108,281627.0899,280238.0256
000407.SZ,20200318,3.28,1.2816,1.5902,28.1543,22.5662,1.1992,0.6174,0.5236,288667.7672,287243.9762
000407.SZ,20200317,3.34,1.6406,2.0357,28.6693,22.979,1.2211,0.6287,0.5332,293948.2751,292498.4392
000407.SZ,20200316,3.43,2.3579,2.9257,29.4418,23.5982,1.254,0.6456,0.5475,301869.037,300380.1337
000407.SZ,20200313,3.54,3.2301,4.008,30.386,24.3549,1.2942,0.6663,0.5651,311549.9682,310013.3158
000407.SZ,20200312,3.52,1.713,2.1255,30.2144,24.2173,1.2869,0.6625,0.5619,309789.7989,308261.8282
000407.SZ,20200311,3.5,2.2154,2.7489,30.0427,24.0798,1.2796,0.6588,0.5587,308029.6296,306510.3405
000407.SZ,20200310,3.48,1.833,2.2745,29.871,23.9422,1.2723,0.655,0.5555,306269.4603,304758.8528
000407.SZ,20200309,3.43,2.1655,2.6869,29.4418,23.5982,1.254,0.6456,0.5475,301869.037,300380.1337
000407.SZ,20200306,3.5,1.9686,2.4427,30.0427,24.0798,1.2796,0.6588,0.5587,308029.6296,306510.3405
000407.SZ,20200305,3.44,2.7336,3.3918,29.5277,23.667,1.2577,0.6475,0.5491,302749.1217,301255.8775
000407.SZ,20200304,3.32,1.4018,1.7393,28.4976,22.8414,1.2138,0.6249,0.53,292188.1058,290746.9516
000407.SZ,20200303,3.25,1.1163,1.3851,27.8968,22.3598,1.1882,0.6117,0.5188,286027.5132,284616.7448
000407.SZ,20200302,3.22,1.0098,1.2529,27.6393,22.1534,1.1772,0.6061,0.514,283387.2592,281989.5133
000407.SZ,20200228,3.11,1.6747,2.078,26.6951,21.3966,1.137,0.5854,0.4965,273706.328,272356.3311
000407.SZ,20200227,3.28,1.1475,1.4238,28.1543,22.5662,1.1992,0.6174,0.5236,288667.7672,287243.9762
000407.SZ,20200226,3.26,1.4412,1.7883,27.9826,22.4286,1.1919,0.6136,0.5204,286907.5979,285492.4886
000407.SZ,20200225,3.25,1.7173,2.1309,27.8968,22.3598,1.1882,0.6117,0.5188,286027.5132,284616.7448
000407.SZ,20200224,3.33,1.1053,1.3715,28.5835,22.9102,1.2175,0.6268,0.5316,293068.1904,291622.6954
000407.SZ,20200221,3.35,1.0935,1.3568,28.7551,23.0478,1.2248,0.6305,0.5348,294828.3598,293374.1831
000407.SZ,20200220,3.32,1.2602,1.5637,28.4976,22.8414,1.2138,0.6249,0.53,292188.1058,290746.9516
000407.SZ,20200219,3.27,0.9031,1.1206,28.0685,22.4974,1.1955,0.6155,0.522,287787.6825,286368.2324
000407.SZ,20200218,3.31,1.3039,1.6179,28.4118,22.7726,1.2101,0.623,0.5284,291308.0211,289871.2077
000407.SZ,20200217,3.29,1.5198,1.8858,28.2401,22.635,1.2028,0.6192,0.5252,289547.8518,288119.7201
000407.SZ,20200214,3.18,0.8637,1.0717,27.2959,21.8782,1.1626,0.5985,0.5076,279866.9206,278486.5379
000407.SZ,20200213,3.21,1.1984,1.487,27.5534,22.0846,1.1736,0.6042,0.5124,282507.1746,281113.7694
000407.SZ,20200212,3.22,0.6068,0.7529,27.6393,22.1534,1.1772,0.6061,0.514,283387.2592,281989.5133
000407.SZ,20200211,3.19,1.2363,1.534,27.3818,21.947,1.1663,0.6004,0.5092,280747.0053,279362.2818
000407.SZ,20200210,3.17,1.0953,1.359,27.2101,21.8094,1.159,0.5967,0.506,278986.836,277610.7941
000407.SZ,20200207,3.1,0.8835,1.0963,26.6092,21.3278,1.1334,0.5835,0.4949,272826.2434,271480.5873
000407.SZ,20200206,3.1,0.9888,1.2269,26.6092,21.3278,1.1334,0.5835,0.4949,272826.2434,271480.5873
000407.SZ,20200205,3.06,0.9484,1.1767,26.2659,21.0526,1.1187,0.576,0.4885,269305.9047,267977.612
000407.SZ,20200204,3.02,1.5998,1.9851,25.9225,20.7774,1.1041,0.5684,0.4821,265785.5661,264474.6367
000407.SZ,20200203,3.11,0.2768,0.3434,26.6951,21.3966,1.137,0.5854,0.4965,273706.328,272356.3311
000407.SZ,20200123,3.46,1.1377,1.4116,29.6993,23.8046,1.265,0.6512,0.5523,304509.291,303007.3652
000407.SZ,20200122,3.59,0.6063,0.7523,30.8152,24.6989,1.3125,0.6757,0.5731,315950.3915,314392.035
000407.SZ,20200121,3.58,0.6491,0.8054,30.7294,24.6301,1.3089,0.6738,0.5715,315070.3068,313516.2911
000407.SZ,20200120,3.63,0.6772,0.8403,31.1586,24.9741,1.3271,0.6832,0.5795,319470.7301,317895.0103
000407.SZ,20200117,3.62,0.642,0.7967,31.0727,24.9053,1.3235,0.6814,0.5779,318590.6455,317019.2665
000407.SZ,20200116,3.61,0.7118,0.8832,30.9869,24.8365,1.3198,0.6795,0.5763,317710.5608,316143.5226
000407.SZ,20200115,3.66,0.8739,1.0843,31.4161,25.1805,1.3381,0.6889,0.5843,322110.9841,320522.2418
000407.SZ,20200114,3.73,0.9877,1.2255,32.0169,25.6621,1.3637,0.7021,0.5954,328271.5767,326652.4486
000407.SZ,20200113,3.71,0.8171,1.0138,31.8452,25.5245,1.3564,0.6983,0.5922,326511.4074,324900.9609
000407.SZ,20200110,3.71,0.9286,1.1522,31.8452,25.5245,1.3564,0.6983,0.5922,326511.4074,324900.9609
000407.SZ,20200109,3.76,1.4543,1.8045,32.2744,25.8685,1.3747,0.7077,0.6002,330911.8307,329279.6801
000407.SZ,20200108,3.74,2.106,2.6132,32.1028,25.7309,1.3673,0.7039,0.597,329151.6613,327528.1924
000407.SZ,20200107,3.83,2.3563,2.9238,32.8753,26.3501,1.4003,0.7209,0.6114,337072.4232,335409.8869
000407.SZ,20200106,3.92,4.3016,5.3375,33.6478,26.9693,1.4332,0.7378,0.6258,344993.1852,343291.5814
000407.SZ,20200103,3.75,3.2932,4.0863,32.1886,25.7997,1.371,0.7058,0.5986,330031.746,328403.9363
000407.SZ,20200102,3.65,1.5849,1.9666,31.3302,25.1117,1.3344,0.687,0.5827,321230.8994,319646.498
