ts_code,trade_date,close,turnover_rate,turnover_rate_f,pe,pe_ttm,pb,ps,ps_ttm,total_mv,circ_mv
000533.SZ,20260421,16.4,20.8074,33.5771,111.1275,111.1275,11.6938,5.0599,5.0599,1132938.24,1123239.936
000533.SZ,20260420,15.98,19.5326,31.5198,108.2815,108.2815,11.3943,4.9303,4.9303,1103923.968,1094474.0352
000533.SZ,20260417,15.04,14.3591,23.1713,101.912,101.912,10.724,4.6403,4.6403,1038987.264,1030093.2096
000533.SZ,20260416,15.69,20.9704,33.84,106.3164,106.3164,11.1875,4.8409,4.8409,1083890.304,1074611.8656
000533.SZ,20260415,16.12,26.5687,42.874,118.4015,107.8258,11.7475,4.6025,4.7778,1113595.392,1104062.6688
000533.SZ,20260414,14.92,14.2127,22.9352,109.5875,99.7991,10.873,4.2598,4.4221,1030697.472,1021874.3808
000533.SZ,20260413,14.74,9.0007,14.5245,108.2654,98.5951,10.7418,4.2084,4.3688,1018262.784,1009546.1376
000533.SZ,20260410,14.62,11.1608,18.0103,107.384,97.7924,10.6544,4.1742,4.3332,1009972.992,1001327.3088
000533.SZ,20260409,14.54,8.4482,13.6329,106.7964,97.2573,10.5961,4.1513,4.3095,1004446.464,995848.0896
000533.SZ,20260408,14.56,8.3873,13.5346,106.9433,97.3911,10.6106,4.1571,4.3154,1005828.096,997217.8944
000533.SZ,20260407,13.84,5.5798,9.0042,101.6549,92.575,10.0859,3.9515,4.102,956089.344,947904.9216
000533.SZ,20260403,13.74,6.8422,11.0412,100.9204,91.9061,10.0131,3.9229,4.0724,949181.184,941055.8976
000533.SZ,20260402,14.12,9.4534,15.255,103.7115,94.4479,10.29,4.0314,4.185,975432.192,967082.1888
000533.SZ,20260401,14.7,11.1056,17.9212,107.9716,98.3275,10.7127,4.197,4.3569,1015499.52,1006806.528
000533.SZ,20260331,14.23,10.4417,16.8499,104.5195,95.1837,10.3702,4.0628,4.2176,983031.168,974616.1152
000533.SZ,20260330,14.91,13.7632,22.2098,109.5141,99.7322,10.8657,4.257,4.4192,1030006.656,1021189.4784
000533.SZ,20260327,15.28,15.4619,24.951,112.2317,102.2071,11.1354,4.3626,4.5288,1055566.848,1046530.8672
000533.SZ,20260326,15.53,20.2806,32.727,114.068,103.8793,11.3175,4.434,4.6029,1072837.248,1063653.4272
000533.SZ,20260325,17.25,23.032,37.1669,126.7014,115.3843,12.571,4.9251,5.1127,1191657.6,1181456.64
000533.SZ,20260324,17.06,22.7044,36.6382,125.3058,114.1134,12.4325,4.8708,5.0564,1178532.096,1168443.4944
000533.SZ,20260323,16.33,20.9838,33.8616,119.944,109.2305,11.9005,4.6624,4.8401,1128102.528,1118445.6192
000533.SZ,20260320,16.75,28.7858,46.4519,123.0289,112.0399,12.2066,4.7823,4.9645,1157116.8,1147211.52
000533.SZ,20260319,18.58,29.3313,48.1143,136.4702,124.2806,13.5402,5.3048,5.5069,1283536.128,1272548.6592
000533.SZ,20260318,19.75,36.0067,59.0645,145.0639,132.1067,14.3929,5.6389,5.8537,1364361.6,1352682.24
000533.SZ,20260317,20.53,39.6615,65.0597,150.793,137.3241,14.9613,5.8616,6.0849,1418245.248,1406104.6272
000533.SZ,20260316,18.66,29.5897,48.5381,137.0578,124.8157,13.5985,5.3277,5.5306,1289062.656,1278027.8784
000533.SZ,20260313,16.96,23.2292,38.1046,124.5713,113.4445,12.3597,4.8423,5.0268,1171623.936,1161594.4704
000533.SZ,20260312,18.84,40.0244,65.655,138.3799,126.0198,13.7297,5.379,5.584,1301497.344,1290356.1216
000533.SZ,20260311,17.87,35.6647,58.5034,131.2553,119.5315,13.0228,5.1021,5.2965,1234488.192,1223920.5888
000533.SZ,20260310,17.66,38.6597,63.4164,129.7128,118.1268,12.8698,5.0421,5.2343,1219981.056,1209537.6384
000533.SZ,20260309,16.37,7.8386,12.8582,120.2378,109.4981,11.9297,4.6738,4.8519,1130865.792,1121185.2288
000533.SZ,20260306,14.88,1.4529,2.3833,109.2937,99.5315,10.8438,4.2484,4.4103,1027934.208,1019134.7712
000533.SZ,20260305,13.53,1.1664,1.9134,99.378,90.5015,9.86,3.863,4.0102,934674.048,926672.9472
000533.SZ,20260304,12.3,8.393,13.7677,90.3436,82.274,8.9637,3.5118,3.6456,849703.68,842429.952
000533.SZ,20260303,11.18,13.8135,22.6593,82.1172,74.7824,8.1475,3.192,3.3136,772332.288,765720.8832
000533.SZ,20260302,11.39,8.3583,13.7108,83.6596,76.1871,8.3005,3.252,3.3759,786839.424,780103.8336
000533.SZ,20260227,11.68,9.6935,15.901,85.7897,78.1269,8.5118,3.3348,3.4618,806873.088,799966.0032
000533.SZ,20260226,11.82,13.7353,22.531,86.818,79.0634,8.6139,3.3748,3.5033,816544.512,809554.6368
000533.SZ,20260225,11.58,11.9259,19.5629,85.0552,77.458,8.439,3.3062,3.4322,799964.928,793116.9792
000533.SZ,20260224,11.72,15.2615,25.0346,86.0835,78.3945,8.541,3.3462,3.4737,809636.352,802705.6128
000533.SZ,20260213,11.27,17.472,28.6607,82.7782,75.3844,8.2131,3.2177,3.3403,778549.632,771885.0048
000533.SZ,20260212,12.01,12.9846,21.2996,88.2135,80.3343,8.7523,3.429,3.5596,829670.016,822567.7824
000533.SZ,20260211,10.92,15.3309,25.1485,80.2075,73.0433,7.958,3.1178,3.2366,754371.072,747913.4208
000533.SZ,20260210,11.54,17.6799,29.0016,84.7614,77.1904,8.4098,3.2948,3.4203,797201.664,790377.3696
000533.SZ,20260209,11.5,23.047,37.8056,84.4676,76.9229,8.3807,3.2834,3.4085,794438.4,787637.76
000533.SZ,20260206,11.25,27.1251,44.4953,82.6313,75.2507,8.1985,3.212,3.3344,777168.0,770515.2
000533.SZ,20260205,10.78,28.3852,46.5623,79.1792,72.1068,7.856,3.0778,3.1951,744699.648,738324.7872
000533.SZ,20260204,11.15,13.8441,22.7095,81.8968,74.5818,8.1256,3.1835,3.3048,770259.84,763666.176
000533.SZ,20260203,10.14,14.2709,23.4097,74.4784,67.8259,7.3896,2.8951,3.0054,700487.424,694491.0336
000533.SZ,20260202,9.22,2.6533,4.3524,67.721,61.6721,6.7191,2.6324,2.7327,636932.352,631480.0128
000533.SZ,20260130,8.38,4.1938,6.8794,61.5512,56.0534,6.107,2.3926,2.4838,578903.808,573948.2112
000533.SZ,20260129,8.62,4.7559,7.8014,63.314,57.6587,6.2819,2.4611,2.5549,595483.392,590385.8688
000533.SZ,20260128,8.87,5.4259,8.9005,65.1502,59.331,6.464,2.5325,2.629,612753.792,607508.4288
000533.SZ,20260127,9.11,10.9062,17.8903,66.913,60.9363,6.6389,2.601,2.7001,629333.376,623946.0864
000533.SZ,20260126,9.56,10.0512,16.4877,70.2183,63.9463,6.9669,2.7295,2.8335,660420.096,654766.6944
000533.SZ,20260123,9.55,9.8384,16.1386,70.1448,63.8794,6.9596,2.7266,2.8305,659729.28,654081.792
000533.SZ,20260122,9.5,8.9236,14.638,69.7776,63.545,6.9232,2.7124,2.8157,656275.2,650657.28
000533.SZ,20260121,9.29,8.6806,14.2394,68.2351,62.1403,6.7701,2.6524,2.7535,641768.064,636274.3296
000533.SZ,20260120,9.56,11.4464,18.7763,70.2183,63.9463,6.9669,2.7295,2.8335,660420.096,654766.6944
000533.SZ,20260119,9.71,14.6375,24.0109,71.32,64.9497,7.0762,2.7723,2.878,670782.336,665040.2304
000533.SZ,20260116,9.16,13.0893,21.4714,67.2803,61.2708,6.6754,2.6153,2.7149,632787.456,627370.5984
000533.SZ,20260115,9.28,10.8705,17.8316,68.1617,62.0734,6.7628,2.6496,2.7505,641077.248,635589.4272
000533.SZ,20260114,9.33,16.9616,27.8234,68.5289,62.4079,6.7993,2.6638,2.7653,644531.328,639013.9392
000533.SZ,20260113,9.45,18.6317,30.5629,69.4103,63.2105,6.8867,2.6981,2.8009,652821.12,647232.768
000533.SZ,20260112,9.21,11.6954,19.1849,67.6475,61.6052,6.7118,2.6296,2.7298,636241.536,630795.1104
000533.SZ,20260109,9.18,12.5612,20.605,67.4272,61.4045,6.69,2.621,2.7209,634169.088,628740.4032
000533.SZ,20260108,9.15,15.7823,25.8889,67.2068,61.2039,6.6681,2.6124,2.712,632096.64,626685.696
000533.SZ,20260107,8.87,12.5048,20.5125,65.1502,59.331,6.464,2.5325,2.629,612753.792,607508.4288
000533.SZ,20260106,8.56,5.2645,8.6357,62.8733,57.2574,6.2381,2.444,2.5371,591338.496,586276.4544
000533.SZ,20260105,8.5,5.4698,8.9725,62.4326,56.856,6.1944,2.4269,2.5193,587193.6,582167.04
000533.SZ,20251231,8.33,6.1624,10.1086,61.1839,55.7189,6.0705,2.3783,2.4689,575449.728,570523.6992
000533.SZ,20251230,8.48,5.6538,9.2744,62.2857,56.7223,6.1798,2.4211,2.5134,585811.968,580797.2352
000533.SZ,20251229,8.59,6.7347,11.0474,63.0936,57.4581,6.26,2.4525,2.546,593410.944,588331.1616
000533.SZ,20251226,8.74,10.9299,17.929,64.1954,58.4614,6.3693,2.4954,2.5905,603773.184,598604.6976
000533.SZ,20251225,8.96,11.1721,18.3263,65.8113,59.933,6.5296,2.5582,2.6557,618971.136,613672.5504
000533.SZ,20251224,8.94,13.4109,21.9989,65.6644,59.7992,6.5151,2.5525,2.6497,617589.504,612302.7456
000533.SZ,20251223,9.08,18.5513,30.4311,66.6927,60.7356,6.6171,2.5924,2.6912,627260.928,621891.3792
000533.SZ,20251222,8.67,11.0641,18.1493,63.6812,57.9932,6.3183,2.4754,2.5697,598937.472,593810.3808
000533.SZ,20251219,8.56,10.8691,17.8294,62.8733,57.2574,6.2381,2.444,2.5371,591338.496,586276.4544
000533.SZ,20251218,8.36,7.0904,11.6309,61.4043,55.9196,6.0924,2.3869,2.4778,577522.176,572578.4064
000533.SZ,20251217,8.58,10.7082,17.5654,63.0202,57.3912,6.2527,2.4497,2.543,592720.128,587646.2592
000533.SZ,20251216,8.6,12.4783,20.469,63.1671,57.5249,6.2673,2.4554,2.549,594101.76,589016.064
000533.SZ,20251215,8.95,23.1421,37.9617,65.7378,59.8661,6.5223,2.5553,2.6527,618280.32,612987.648
000533.SZ,20251212,8.72,14.4969,23.7803,64.0485,58.3276,6.3547,2.4897,2.5845,602391.552,597234.8928
000533.SZ,20251211,7.93,3.5957,5.8983,58.2459,53.0433,5.779,2.2641,2.3504,547817.088,543127.6032
000533.SZ,20251210,7.97,3.3394,5.4778,58.5397,53.3109,5.8082,2.2755,2.3622,550580.352,545867.2128
000533.SZ,20251209,8.11,4.0022,6.5652,59.568,54.2474,5.9102,2.3155,2.4037,560251.776,555455.8464
000533.SZ,20251208,8.09,5.6444,9.259,59.4211,54.1136,5.8956,2.3098,2.3978,558870.144,554086.0416
000533.SZ,20251205,8.09,5.9874,9.8215,59.4211,54.1136,5.8956,2.3098,2.3978,558870.144,554086.0416
000533.SZ,20251204,7.74,3.6868,6.0477,56.8504,51.7724,5.6406,2.2099,2.2941,534691.584,530114.4576
000533.SZ,20251203,7.88,4.3801,7.1851,57.8787,52.7089,5.7426,2.2498,2.3356,544363.008,539703.0912
000533.SZ,20251202,8.04,4.0132,6.5832,59.0539,53.7791,5.8592,2.2955,2.383,555416.064,550661.5296
000533.SZ,20251201,8.08,4.835,7.9312,59.3477,54.0467,5.8883,2.3069,2.3948,558179.328,553401.1392
000533.SZ,20251128,8.07,5.0178,8.231,59.2742,53.9798,5.881,2.3041,2.3919,557488.512,552716.2368
000533.SZ,20251127,7.92,4.7629,7.8129,58.1725,52.9765,5.7717,2.2613,2.3474,547126.272,542442.7008
000533.SZ,20251126,7.89,5.2543,8.6189,57.9521,52.7758,5.7499,2.2527,2.3385,545053.824,540387.9936
000533.SZ,20251125,8.03,5.3053,8.7027,58.9804,53.7122,5.8519,2.2927,2.38,554725.248,549976.6272
000533.SZ,20251124,7.84,5.5528,9.1087,57.5849,52.4413,5.7134,2.2384,2.3237,541599.744,536963.4816
000533.SZ,20251121,7.86,7.8804,12.9268,57.7318,52.5751,5.728,2.2441,2.3296,542981.376,538333.2864
000533.SZ,20251120,8.43,8.0257,13.1652,61.9184,56.3878,6.1434,2.4069,2.4986,582357.888,577372.7232
000533.SZ,20251119,8.65,12.5111,20.5229,63.5343,57.8594,6.3037,2.4697,2.5638,597555.84,592440.576
000533.SZ,20251118,8.91,16.361,26.8382,65.444,59.5985,6.4932,2.5439,2.6408,615517.056,610248.0384
000533.SZ,20251117,9.44,19.1255,31.373,69.3369,63.1437,6.8794,2.6952,2.7979,652130.304,646547.8656
000533.SZ,20251114,9.33,24.3567,39.9541,68.5289,62.4079,6.7993,2.6638,2.7653,644531.328,639013.9392
000533.SZ,20251113,10.37,17.1667,28.1599,76.1677,69.3644,7.5572,2.9608,3.0736,716376.192,710243.7888
000533.SZ,20251112,9.43,25.5448,41.903,69.2634,63.0768,6.8721,2.6924,2.795,651439.488,645862.9632
000533.SZ,20251111,9.91,33.1211,54.3309,72.789,66.2875,7.2219,2.8294,2.9372,684598.656,678738.2784
000533.SZ,20251110,9.94,23.4113,38.4033,73.0094,66.4881,7.2438,2.838,2.9461,686671.104,680792.9856
000533.SZ,20251107,9.04,33.7008,55.2819,66.3989,60.4681,6.5879,2.581,2.6794,624497.664,619151.7696
000533.SZ,20251106,8.73,23.0618,37.8299,64.1219,58.3945,6.362,2.4925,2.5875,603082.368,597919.7952
000533.SZ,20251105,7.94,15.9854,26.222,58.3194,53.1102,5.7863,2.267,2.3533,548507.904,543812.5056
000533.SZ,20251104,7.22,6.4598,10.5965,53.031,48.2942,5.2616,2.0614,2.1399,498769.152,494499.5328
000533.SZ,20251103,7.19,5.7441,9.4224,52.8106,48.0935,5.2397,2.0528,2.131,496696.704,492444.8256
000533.SZ,20251031,6.9,1.9024,3.1207,50.6806,46.1537,5.0284,1.97,2.0451,476663.04,472582.656
000533.SZ,20251030,6.89,4.0776,6.6888,50.6071,46.0868,5.0211,1.9672,2.0421,475972.224,471897.7536
000533.SZ,20251029,7.14,3.3747,5.5358,52.4434,47.633,5.4254,2.0386,2.0292,493242.624,489020.3136
000533.SZ,20251028,7.12,3.7799,6.2005,52.2965,47.4996,5.4102,2.0328,2.0236,491860.992,487650.5088
000533.SZ,20251027,6.99,2.7375,4.4905,51.3416,46.6323,5.3114,1.9957,1.9866,482880.384,478746.7776
000533.SZ,20251024,6.9,2.4441,4.0092,50.6806,46.0319,5.243,1.97,1.961,476663.04,472582.656
000533.SZ,20251023,6.94,2.9523,4.8429,50.9744,46.2988,5.2734,1.9815,1.9724,479426.304,475322.2656
000533.SZ,20251022,6.93,2.4795,4.0673,50.9009,46.232,5.2658,1.9786,1.9696,478735.488,474637.3632
000533.SZ,20251021,6.95,3.1313,5.1364,51.0478,46.3655,5.281,1.9843,1.9752,480117.12,476007.168
000533.SZ,20251020,6.89,4.3241,7.0932,50.6071,45.9652,5.2354,1.9672,1.9582,475972.224,471897.7536
000533.SZ,20251017,6.94,6.6952,10.9826,50.9744,46.2988,5.2734,1.9815,1.9724,479426.304,475322.2656
000533.SZ,20251016,7.46,7.7184,12.6611,54.7938,49.7678,5.6685,2.1299,2.1202,515348.736,510937.1904
000533.SZ,20251015,7.58,10.9345,17.9366,55.6752,50.5684,5.7597,2.1642,2.1543,523638.528,519156.0192
000533.SZ,20251014,7.17,5.5668,9.1317,52.6637,47.8332,5.4481,2.0471,2.0378,495315.072,491075.0208
000533.SZ,20251013,7.22,6.0796,9.9729,53.031,48.1667,5.4861,2.0614,2.052,498769.152,494499.5328
000533.SZ,20251010,7.31,8.4941,13.9335,53.692,48.7671,5.5545,2.0871,2.0776,504986.496,500663.6544
000533.SZ,20251009,7.06,4.6648,7.6521,51.8558,47.0993,5.3646,2.0157,2.0065,487716.096,483541.0944
000533.SZ,20250930,6.73,1.9885,3.2618,49.4319,44.8978,5.1138,1.9215,1.9127,464919.168,460939.3152
000533.SZ,20250929,6.67,1.9755,3.2405,48.9912,44.4975,5.0682,1.9044,1.8957,460774.272,456829.9008
000533.SZ,20250926,6.68,2.2241,3.6484,49.0647,44.5642,5.0758,1.9072,1.8985,461465.088,457514.8032
000533.SZ,20250925,6.83,2.6875,4.4085,50.1664,45.5649,5.1898,1.95,1.9411,471827.328,467788.3392
000533.SZ,20250924,6.78,2.0331,3.335,49.7992,45.2314,5.1518,1.9358,1.9269,468373.248,464363.8272
000533.SZ,20250923,6.76,3.0994,5.0841,49.6523,45.0979,5.1366,1.9301,1.9212,466991.616,462994.0224
000533.SZ,20250922,6.85,4.3548,7.1434,50.3133,45.6983,5.205,1.9558,1.9468,473208.96,469158.144
000533.SZ,20250919,7.1,5.3656,8.8016,52.1496,47.3662,5.395,2.0271,2.0179,490479.36,486280.704
000533.SZ,20250918,7.0,3.678,6.0332,51.4151,46.699,5.319,1.9986,1.9894,483571.2,479431.68
000533.SZ,20250917,7.12,2.595,4.2568,52.2965,47.4996,5.4102,2.0328,2.0236,491860.992,487650.5088
000533.SZ,20250916,7.19,3.2852,5.3889,52.8106,47.9666,5.4633,2.0528,2.0434,496696.704,492444.8256
000533.SZ,20250915,7.07,3.212,5.2688,51.9292,47.166,5.3722,2.0186,2.0093,488406.912,484225.9968
000533.SZ,20250912,7.17,4.5362,7.441,52.6637,47.8332,5.4481,2.0471,2.0378,495315.072,491075.0208
000533.SZ,20250911,7.28,6.7846,11.1293,53.4717,48.567,5.5317,2.0785,2.069,502914.048,498608.9472
000533.SZ,20250910,7.3,2.879,4.7226,53.6186,48.7004,5.5469,2.0842,2.0747,504295.68,499978.752
000533.SZ,20250909,7.37,4.9191,8.0691,54.1327,49.1674,5.6001,2.1042,2.0946,509131.392,504773.0688
000533.SZ,20250908,7.36,4.5773,7.5085,54.0593,49.1007,5.5925,2.1014,2.0918,508440.576,504088.1664
000533.SZ,20250905,7.49,8.8347,14.4921,55.0141,49.968,5.6913,2.1385,2.1287,517421.184,512991.8976
000533.SZ,20250904,7.07,4.5926,7.5336,51.9292,47.166,5.3722,2.0186,2.0093,488406.912,484225.9968
000533.SZ,20250903,6.98,3.3059,5.4229,51.2682,46.5656,5.3038,1.9929,1.9838,482189.568,478061.8752
000533.SZ,20250902,7.12,4.2151,6.9143,52.2965,47.4996,5.4102,2.0328,2.0236,491860.992,487650.5088
000533.SZ,20250901,7.32,3.8406,6.3,53.7655,48.8339,5.5621,2.0899,2.0804,505677.312,501348.5568
000533.SZ,20250829,7.26,4.1858,6.8663,53.3248,48.4336,5.5165,2.0728,2.0633,501532.416,497239.1424
000533.SZ,20250828,7.47,7.2601,11.9092,54.8672,49.8345,5.6761,2.1328,2.123,516039.552,511622.0928
000533.SZ,20250827,7.47,7.983,13.095,54.8672,49.8345,5.6761,2.1328,2.123,516039.552,511622.0928
000533.SZ,20250826,7.69,6.0475,9.9202,56.4831,51.3022,5.8433,2.1956,2.1855,531237.504,526689.9456
000533.SZ,20250825,7.66,6.4178,10.5276,56.2628,51.1021,5.8205,2.187,2.177,529165.056,524635.2384
000533.SZ,20250822,7.71,6.4038,10.5046,56.63,51.4357,5.8585,2.2013,2.1912,532619.136,528059.7504
000533.SZ,20250821,7.79,5.9833,9.8149,57.2176,51.9694,5.9193,2.2241,2.214,538145.664,533538.9696
000533.SZ,20250820,7.97,8.5337,13.9985,58.5397,53.1702,6.056,2.2755,2.2651,550580.352,545867.2128
000533.SZ,20250819,8.01,13.1391,21.553,58.8335,55.5925,6.2306,2.287,2.2555,553343.616,548606.8224
000533.SZ,20250818,7.79,8.1312,13.3382,57.2176,54.0656,6.0594,2.2241,2.1936,538145.664,533538.9696
000533.SZ,20250815,7.64,6.6093,10.8417,56.1159,53.0245,5.9427,2.1813,2.1514,527783.424,523265.4336
000533.SZ,20250814,7.43,6.6244,10.8665,54.5734,51.5671,5.7794,2.1214,2.0922,513276.288,508882.4832
000533.SZ,20250813,7.64,6.6628,10.9294,56.1159,53.0245,5.9427,2.1813,2.1514,527783.424,523265.4336
000533.SZ,20250812,7.67,10.1678,16.6791,56.3362,53.2328,5.9661,2.1899,2.1598,529855.872,525320.1408
000533.SZ,20250811,7.9,11.803,19.3614,58.0256,54.829,6.145,2.2555,2.2246,545744.64,541072.896
000533.SZ,20250808,7.75,15.6455,25.6644,56.9238,53.788,6.0283,2.2127,2.1823,535382.4,530799.36
000533.SZ,20250807,7.56,10.5589,17.3206,55.5283,52.4693,5.8805,2.1585,2.1288,522256.896,517786.2144
000533.SZ,20250806,7.57,13.0594,21.4223,55.6017,52.5387,5.8883,2.1613,2.1316,522947.712,518471.1168
000533.SZ,20250805,7.52,19.0091,31.182,55.2345,52.1917,5.8494,2.1471,2.1176,519493.632,515046.6048
000533.SZ,20250804,7.68,22.0521,36.1737,56.4097,53.3022,5.9739,2.1927,2.1626,530546.688,526005.0432
000533.SZ,20250801,6.98,6.74,11.0562,51.2682,48.4439,5.4294,1.9929,1.9655,482189.568,478061.8752
000533.SZ,20250731,6.73,2.0555,3.3718,49.4319,46.7088,5.2349,1.9215,1.8951,464919.168,460939.3152
000533.SZ,20250730,6.75,2.8023,4.5968,49.5788,46.8476,5.2505,1.9272,1.9007,466300.8,462309.12
000533.SZ,20250729,6.85,3.4028,5.5818,50.3133,47.5416,5.3283,1.9558,1.9289,473208.96,469158.144
000533.SZ,20250728,6.96,3.9246,6.4378,51.1213,48.3051,5.4138,1.9872,1.9599,480807.936,476692.0704
000533.SZ,20250725,6.91,5.9146,9.7021,50.754,47.9581,5.3749,1.9729,1.9458,477353.856,473267.5584
000533.SZ,20250724,7.11,5.8687,9.6268,52.223,49.3461,5.5305,2.03,2.0021,491170.176,486965.6064
000533.SZ,20250723,7.1,10.8746,17.8384,52.1496,49.2767,5.5227,2.0271,1.9993,490479.36,486280.704
000533.SZ,20250722,7.3,16.2058,26.5835,53.6186,50.6648,5.6783,2.0842,2.0556,504295.68,499978.752
000533.SZ,20250721,7.0,7.5367,12.363,51.4151,48.5827,5.4449,1.9986,1.9711,483571.2,479431.68
000533.SZ,20250718,6.75,3.8333,6.288,49.5788,46.8476,5.2505,1.9272,1.9007,466300.8,462309.12
000533.SZ,20250717,6.85,3.2144,5.2728,50.3133,47.5416,5.3283,1.9558,1.9289,473208.96,469158.144
000533.SZ,20250716,6.9,3.9585,6.4935,50.6806,47.8887,5.3671,1.97,1.943,476663.04,472582.656
000533.SZ,20250715,6.85,3.3006,5.4142,50.3133,47.5416,5.3283,1.9558,1.9289,473208.96,469158.144
000533.SZ,20250714,6.94,3.7283,6.1158,50.9744,48.1663,5.3983,1.9815,1.9542,479426.304,475322.2656
000533.SZ,20250711,6.91,3.2207,5.2832,50.754,47.9581,5.3749,1.9729,1.9458,477353.856,473267.5584
000533.SZ,20250710,6.9,3.6623,6.0076,50.6806,47.8887,5.3671,1.97,1.943,476663.04,472582.656
000533.SZ,20250709,6.95,5.3926,8.8458,51.0478,48.2357,5.406,1.9843,1.9571,480117.12,476007.168
000533.SZ,20250708,7.04,3.4296,5.6259,51.7089,48.8603,5.476,2.01,1.9824,486334.464,482171.2896
000533.SZ,20250707,7.04,4.3507,7.1367,51.7089,48.8603,5.476,2.01,1.9824,486334.464,482171.2896
000533.SZ,20250704,6.92,4.738,7.772,50.8275,48.0275,5.3827,1.9757,1.9486,478044.672,473952.4608
000533.SZ,20250703,7.11,6.2753,10.2939,52.223,49.3461,5.5305,2.03,2.0021,491170.176,486965.6064
000533.SZ,20250702,7.17,8.9511,14.6832,52.6637,49.7626,5.5772,2.0471,2.019,495315.072,491075.0208
000533.SZ,20250701,7.05,7.2075,11.823,51.7823,48.9297,5.4838,2.0129,1.9852,487025.28,482856.192
000533.SZ,20250630,6.97,5.3274,8.739,51.1947,48.3745,5.4216,1.99,1.9627,481498.752,477376.9728
000533.SZ,20250627,6.94,4.3306,7.1038,50.9744,48.1663,5.3983,1.9815,1.9542,479426.304,475322.2656
000533.SZ,20250626,6.88,4.7266,7.7534,50.5337,47.7498,5.3516,1.9643,1.9373,475281.408,471212.8512
000533.SZ,20250625,6.94,6.6285,10.8732,50.9744,48.1663,5.3983,1.9815,1.9542,479426.304,475322.2656
000533.SZ,20250624,6.97,8.3099,13.6313,51.1947,48.3745,5.4216,1.99,1.9627,481498.752,477376.9728
000533.SZ,20250623,6.77,5.3131,8.7154,49.7257,46.9864,5.266,1.9329,1.9064,467682.432,463678.9248
000533.SZ,20250620,6.65,6.5108,10.6801,48.8443,46.1536,5.1727,1.8987,1.8726,459392.64,455460.096
000533.SZ,20250619,6.59,8.6212,14.142,48.4036,45.7371,5.126,1.8815,1.8557,455247.744,451350.6816
000533.SZ,20250618,6.95,7.6726,12.5859,51.0478,48.2357,5.406,1.9843,1.9571,480117.12,476007.168
000533.SZ,20250617,7.14,9.2658,15.1994,52.4434,49.5543,5.5538,2.0386,2.0106,493242.624,489020.3136
000533.SZ,20250616,7.35,7.9993,13.1218,53.9858,51.0118,5.7172,2.0985,2.0697,507749.76,503403.264
000533.SZ,20250613,7.41,11.525,18.9053,54.4265,51.4283,5.7638,2.1156,2.0866,511894.656,507512.6784
000533.SZ,20250612,7.38,13.2852,21.7927,54.2062,51.22,5.7405,2.1071,2.0781,509822.208,505457.9712
000533.SZ,20250611,7.65,17.2958,28.3716,56.1893,53.0939,5.9505,2.1842,2.1542,528474.24,523950.336
000533.SZ,20250610,8.4,24.3841,39.999,61.6981,58.2992,6.5339,2.3983,2.3654,580285.44,575318.016
000533.SZ,20250609,7.98,22.7751,37.3596,58.6132,55.3843,6.2072,2.2784,2.2471,551271.168,546552.1152
000533.SZ,20250606,8.2,30.5083,50.0449,60.2291,56.9112,6.3783,2.3412,2.309,566469.12,561619.968
000533.SZ,20250605,7.83,18.3223,30.0554,57.5114,54.3432,6.0905,2.2356,2.2049,540908.928,536278.5792
000533.SZ,20250604,7.12,4.2446,6.9627,52.2965,49.4155,5.5383,2.0328,2.0049,491860.992,487650.5088
000533.SZ,20250603,6.47,5.3836,8.8311,47.5222,44.9043,5.0327,1.8473,1.8219,446957.952,443131.8528
000533.SZ,20250530,6.53,9.2346,15.1482,47.9629,45.3207,5.0793,1.8644,1.8388,451102.848,447241.2672
000533.SZ,20250529,7.02,12.8401,21.0626,51.562,48.7215,5.4605,2.0043,1.9768,484952.832,480801.4848
000533.SZ,20250528,7.14,15.8249,25.9588,52.4434,49.5543,5.5538,2.0386,2.0106,493242.624,489020.3136
000533.SZ,20250527,6.73,13.0539,21.4133,49.4319,46.7088,5.2349,1.9215,1.8951,464919.168,460939.3152
000533.SZ,20250526,6.69,13.5044,22.1522,49.1381,46.4312,5.2038,1.9101,1.8838,462155.904,458199.7056
000533.SZ,20250523,6.25,9.8024,16.0797,45.9063,43.3774,4.8615,1.7845,1.7599,431760.0,428064.0
000533.SZ,20250522,6.18,11.2192,18.4037,45.3921,42.8916,4.8071,1.7645,1.7402,426924.288,423269.6832
000533.SZ,20250521,5.97,3.9373,6.4587,43.8497,41.4341,4.6437,1.7045,1.6811,412417.152,408886.7328
000533.SZ,20250520,6.11,5.5249,9.0629,44.878,42.4058,4.7526,1.7445,1.7205,422088.576,418475.3664
000533.SZ,20250519,5.99,3.7571,6.1631,43.9966,41.5729,4.6593,1.7102,1.6867,413798.784,410256.5376
000533.SZ,20250516,5.88,3.5993,5.9041,43.1886,40.8095,4.5737,1.6788,1.6558,406199.808,402722.6112
000533.SZ,20250515,5.81,3.5127,5.7622,42.6745,40.3236,4.5193,1.6588,1.636,401364.096,397928.2944
000533.SZ,20250514,5.95,5.5322,9.075,43.7028,41.2953,4.6282,1.6988,1.6755,411035.52,407516.928
000533.SZ,20250513,5.91,2.5509,4.1845,43.409,41.0177,4.5971,1.6874,1.6642,408272.256,404777.3184
000533.SZ,20250512,5.96,2.733,4.4831,43.7762,41.3647,4.636,1.7017,1.6783,411726.336,408201.8304
000533.SZ,20250509,5.9,3.6181,5.9351,43.3355,40.9483,4.5893,1.6845,1.6614,407581.44,404092.416
000533.SZ,20250508,6.09,4.509,7.3965,44.7311,42.2669,4.7371,1.7388,1.7149,420706.944,417105.5616
000533.SZ,20250507,5.95,4.8147,7.8979,43.7028,41.2953,4.6282,1.6988,1.6755,411035.52,407516.928
000533.SZ,20250506,5.97,4.8161,7.9002,43.8497,41.4341,4.6437,1.7045,1.6811,412417.152,408886.7328
000533.SZ,20250430,5.73,4.8142,7.897,42.0869,39.7684,4.4571,1.636,1.6135,395837.568,392449.0752
000533.SZ,20250429,5.57,2.6579,4.36,40.9117,40.9117,4.4309,1.5903,1.5903,384784.512,381490.6368
000533.SZ,20250428,5.5,3.2407,5.316,40.3975,40.3975,4.3753,1.5703,1.5703,379948.8,376696.32
000533.SZ,20250425,5.61,2.6697,4.3793,41.2055,41.2055,4.4628,1.6017,1.6017,387547.776,384230.2464
000533.SZ,20250424,5.58,3.3827,5.5488,40.9851,40.9851,4.4389,1.5932,1.5932,385475.328,382175.5392
000533.SZ,20250423,5.69,4.4602,7.3165,41.7931,41.7931,4.5264,1.6246,1.6246,393074.304,389709.4656
000533.SZ,20250422,5.55,3.4259,5.6197,40.7648,40.7648,4.415,1.5846,1.5846,383402.88,380120.832
000533.SZ,20250421,5.56,3.6552,5.996,40.8382,40.8382,4.423,1.5874,1.5874,384093.696,380805.7344
000533.SZ,20250418,5.46,3.9177,6.4266,40.1037,40.1037,4.3434,1.5589,1.5589,377185.536,373956.7104
000533.SZ,20250417,5.39,3.4395,5.642,39.5896,39.5896,4.2877,1.5389,1.5389,372349.824,369162.3936
000533.SZ,20250416,5.46,5.7229,9.3878,40.1037,40.1037,4.3434,1.5589,1.5589,377185.536,373956.7104
000533.SZ,20250415,5.72,4.3066,7.0645,61.3829,45.1947,4.6666,1.9118,1.7661,395146.752,391764.1728
000533.SZ,20250414,5.64,5.4681,8.9698,60.5244,44.5626,4.6014,1.885,1.7414,389620.224,386284.9536
000533.SZ,20250411,5.43,4.895,8.0296,58.2709,42.9033,4.43,1.8148,1.6766,375113.088,371902.0032
000533.SZ,20250410,5.37,6.6402,10.8924,57.627,42.4293,4.3811,1.7948,1.658,370968.192,367792.5888
000533.SZ,20250409,5.26,8.5746,14.0656,56.4465,41.5602,4.2913,1.758,1.6241,363369.216,360258.6624
000533.SZ,20250408,5.1,8.5455,14.0179,54.7295,40.296,4.1608,1.7045,1.5747,352316.16,349300.224
000533.SZ,20250407,5.62,2.5082,4.1143,60.3098,44.4046,4.585,1.8783,1.7352,388238.592,384915.1488
000533.SZ,20250403,6.24,7.8065,12.8056,66.9632,49.3033,5.0909,2.0856,1.9267,431069.184,427379.0976
000533.SZ,20250402,6.54,8.3819,13.7495,70.1826,51.6736,5.3356,2.1858,2.0193,451793.664,447926.1696
000533.SZ,20250401,6.73,11.8358,19.4151,72.2215,53.1749,5.4906,2.2493,2.078,464919.168,460939.3152
000533.SZ,20250331,6.55,14.9586,24.5377,70.2899,51.7527,5.3438,2.1892,2.0224,452484.48,448611.072
000533.SZ,20250328,7.05,20.1015,32.974,75.6555,55.7032,5.7517,2.3563,2.1768,487025.28,482856.192
000533.SZ,20250327,6.56,10.4939,17.214,70.3972,51.8317,5.3519,2.1925,2.0255,453175.296,449295.9744
000533.SZ,20250326,6.98,9.5264,15.6268,74.9043,55.1502,5.6946,2.3329,2.1552,482189.568,478061.8752
000533.SZ,20250325,7.21,13.9961,22.9589,77.3725,56.9674,5.8822,2.4098,2.2262,498078.336,493814.6304
000533.SZ,20250324,7.07,14.0589,23.0618,75.8702,55.8613,5.768,2.363,2.1829,488406.912,484225.9968
000533.SZ,20250321,7.38,17.4424,28.6121,79.1968,58.3106,6.0209,2.4666,2.2787,509822.208,505457.9712
000533.SZ,20250320,7.14,12.7252,20.874,76.6213,56.4143,5.8251,2.3864,2.2046,493242.624,489020.3136
000533.SZ,20250319,7.15,16.5166,27.0933,76.7287,56.4934,5.8333,2.3897,2.2076,493933.44,489705.216
000533.SZ,20250318,7.06,12.3148,20.2009,75.7628,55.7823,5.7599,2.3596,2.1799,487716.096,483541.0944
000533.SZ,20250317,6.99,10.1701,16.6827,75.0116,55.2292,5.7027,2.3362,2.1582,482880.384,478746.7776
000533.SZ,20250314,6.91,10.9853,18.02,74.1531,54.5971,5.6375,2.3095,2.1335,477353.856,473267.5584
000533.SZ,20250313,6.89,21.4064,35.1145,73.9385,54.4391,5.6212,2.3028,2.1274,475972.224,471897.7536
000533.SZ,20250312,7.0,13.3601,21.9156,75.119,55.3082,5.7109,2.3396,2.1613,483571.2,479431.68
000533.SZ,20250311,6.36,3.677,6.0316,68.2509,50.2514,5.1888,2.1257,1.9637,439358.976,435597.9264
000533.SZ,20250310,6.39,3.2615,5.3501,68.5729,50.4885,5.2132,2.1357,1.973,441431.424,437652.6336
000533.SZ,20250307,6.31,7.0906,11.6312,67.7144,49.8564,5.148,2.109,1.9483,435904.896,432173.4144
000533.SZ,20250306,6.59,6.7461,11.0661,70.7191,52.0687,5.3764,2.2025,2.0347,455247.744,451350.6816
000533.SZ,20250305,6.49,5.3837,8.8312,69.646,51.2786,5.2948,2.1691,2.0039,448339.584,444501.6576
000533.SZ,20250304,6.42,4.7477,7.788,68.8948,50.7255,5.2377,2.1457,1.9822,443503.872,439707.3408
000533.SZ,20250303,6.29,7.491,12.2881,67.4998,49.6984,5.1317,2.1023,1.9421,434523.264,430803.6096
000533.SZ,20250228,6.55,7.5772,12.4294,70.2899,51.7527,5.3438,2.1892,2.0224,452484.48,448611.072
000533.SZ,20250227,6.79,8.8134,14.4573,72.8654,53.6489,5.5396,2.2694,2.0965,469064.064,465048.7296
000533.SZ,20250226,7.05,11.9968,19.6792,75.6555,55.7032,5.7517,2.3563,2.1768,487025.28,482856.192
000533.SZ,20250225,6.84,12.0466,19.7609,73.402,54.044,5.5804,2.2861,2.1119,472518.144,468473.2416
000533.SZ,20250224,7.11,17.49,28.6902,76.2994,56.1773,5.8006,2.3763,2.1953,491170.176,486965.6064
000533.SZ,20250221,7.2,23.9556,39.2961,77.2652,56.8884,5.8741,2.4064,2.2231,497387.52,493129.728
000533.SZ,20250220,6.76,14.3372,23.5183,72.5435,53.4119,5.5151,2.2594,2.0872,466991.616,462994.0224
000533.SZ,20250219,6.75,14.8974,24.4373,72.4361,53.3329,5.5069,2.256,2.0841,466300.8,462309.12
000533.SZ,20250218,6.69,27.6362,45.3337,71.7923,52.8588,5.458,2.236,2.0656,462155.904,458199.7056
000533.SZ,20250217,6.71,16.5646,27.1722,72.0069,53.0168,5.4743,2.2426,2.0718,463537.536,459569.5104
000533.SZ,20250214,6.1,11.181,18.341,65.4608,48.1971,4.9766,2.0388,1.8834,421397.76,417790.464
000533.SZ,20250213,6.33,13.8072,22.6489,67.929,50.0144,5.1643,2.1156,1.9545,437286.528,433543.2192
000533.SZ,20250212,6.63,17.3389,28.4422,71.1484,52.3848,5.409,2.2159,2.0471,458011.008,454090.2912
000533.SZ,20250211,6.5,18.0971,29.686,69.7533,51.3576,5.303,2.1725,2.0069,449030.4,445186.56
000533.SZ,20250210,6.24,11.8021,19.3598,66.9632,49.3033,5.0909,2.0856,1.9267,431069.184,427379.0976
000533.SZ,20250207,6.18,15.6988,25.7518,66.3193,48.8292,5.0419,2.0655,1.9081,426924.288,423269.6832
000533.SZ,20250206,6.3,14.8128,24.2986,67.6071,49.7774,5.1398,2.1056,1.9452,435214.08,431488.512
000533.SZ,20250205,6.06,11.306,18.5461,65.0316,47.8811,4.944,2.0254,1.8711,418634.496,415050.8544
000533.SZ,20250127,5.99,13.0469,21.4018,64.2804,47.328,4.8869,2.002,1.8495,413798.784,410256.5376
000533.SZ,20250124,6.65,23.9767,39.3308,71.363,52.5428,5.4254,2.2226,2.0533,459392.64,455460.096
000533.SZ,20250123,7.08,27.0522,44.3757,75.9775,55.9403,5.7762,2.3663,2.186,489097.728,484910.8992
000533.SZ,20250122,6.6,26.0492,42.7304,70.8265,52.1477,5.3846,2.2059,2.0378,455938.56,452035.584
000533.SZ,20250121,6.4,20.3821,33.4343,68.6802,50.5675,5.2214,2.139,1.9761,442122.24,438337.536
000533.SZ,20250120,5.94,16.9728,27.8418,63.7438,46.9329,4.8461,1.9853,1.834,410344.704,406832.0256
000533.SZ,20250117,5.74,12.8221,21.0331,61.5975,45.3527,4.6829,1.9184,1.7723,396528.384,393133.9776
000533.SZ,20250116,5.99,17.7478,29.1129,64.2804,47.328,4.8869,2.002,1.8495,413798.784,410256.5376
000533.SZ,20250115,5.89,23.5607,38.6483,63.2072,46.5379,4.8053,1.9686,1.8186,406890.624,403407.5136
000533.SZ,20250114,6.42,30.995,50.8434,68.8948,50.7255,5.2377,2.1457,1.9822,443503.872,439707.3408
000533.SZ,20250113,6.24,4.3999,7.2174,66.9632,49.3033,5.0909,2.0856,1.9267,431069.184,427379.0976
000533.SZ,20250110,6.93,24.9778,40.973,74.3678,54.7551,5.6538,2.3162,2.1397,478735.488,474637.3632
000533.SZ,20250109,7.7,41.4723,68.03,82.6309,60.839,6.282,2.5735,2.3775,531928.32,527374.848
000533.SZ,20250108,8.2,36.3917,59.696,87.9965,64.7896,6.6899,2.7406,2.5318,566469.12,561619.968
000533.SZ,20250107,7.45,33.366,54.7327,79.948,58.8637,6.078,2.49,2.3003,514657.92,510252.288
000533.SZ,20250106,6.77,42.9557,70.4635,72.6508,53.4909,5.5233,2.2627,2.0903,467682.432,463678.9248
000533.SZ,20250103,7.34,35.0546,57.5026,78.7676,57.9946,5.9883,2.4532,2.2663,507058.944,502718.3616
000533.SZ,20250102,6.67,29.259,47.9957,71.5776,52.7008,5.4417,2.2293,2.0594,460774.272,456829.9008
000533.SZ,20241231,6.06,7.6041,12.4736,65.0316,47.8811,4.944,2.0254,1.8711,418634.496,415050.8544
000533.SZ,20241230,5.51,2.6602,4.3638,59.1294,43.5354,4.4953,1.8416,1.7013,380639.616,377381.2224
000533.SZ,20241227,5.01,2.1382,3.5075,53.7637,39.5849,4.0874,1.6745,1.5469,346098.816,343136.1024
000533.SZ,20241226,4.55,2.9853,4.897,48.8273,35.9503,3.7121,1.5207,1.4049,314321.28,311630.592
000533.SZ,20241225,4.14,2.7501,4.5112,44.4275,32.7108,3.3776,1.3837,1.2783,285997.824,283549.5936
000533.SZ,20241224,4.29,2.8335,4.648,46.0372,33.896,3.5,1.4338,1.3246,296360.064,293823.1296
000533.SZ,20241223,4.19,3.335,5.4707,44.9641,33.1059,3.4184,1.4004,1.2937,289451.904,286974.1056
000533.SZ,20241220,4.49,1.8172,2.981,48.1834,35.4763,3.6631,1.5007,1.3863,310176.384,307521.1776
000533.SZ,20241219,4.49,1.9774,3.2437,48.1834,35.4763,3.6631,1.5007,1.3863,310176.384,307521.1776
000533.SZ,20241218,4.45,2.0345,3.3373,47.7542,35.1602,3.6305,1.4873,1.374,307413.12,304781.568
000533.SZ,20241217,4.39,2.8623,4.6952,47.1103,34.6861,3.5816,1.4672,1.3555,303268.224,300672.1536
000533.SZ,20241216,4.59,2.2331,3.6631,49.2566,36.2664,3.7447,1.5341,1.4172,317084.544,314370.2016
000533.SZ,20241213,4.64,2.5556,4.1922,49.7931,36.6614,3.7855,1.5508,1.4327,320538.624,317794.7136
000533.SZ,20241212,4.74,2.2847,3.7477,50.8663,37.4515,3.8671,1.5842,1.4635,327446.784,324643.7376
000533.SZ,20241211,4.75,4.2024,6.8935,50.9736,37.5306,3.8753,1.5876,1.4666,328137.6,325328.64
000533.SZ,20241210,4.62,3.3299,5.4624,49.5785,36.5034,3.7692,1.5441,1.4265,319156.992,316424.9088
000533.SZ,20241209,4.58,2.8349,4.6503,49.1493,36.1874,3.7366,1.5307,1.4141,316393.728,313685.2992
000533.SZ,20241206,4.64,2.6853,4.4049,49.7931,36.6614,3.7855,1.5508,1.4327,320538.624,317794.7136
000533.SZ,20241205,4.59,2.4665,4.046,49.2566,36.2664,3.7447,1.5341,1.4172,317084.544,314370.2016
000533.SZ,20241204,4.53,4.7613,7.8104,48.6127,35.7923,3.6958,1.514,1.3987,312939.648,310260.7872
000533.SZ,20241203,4.64,5.3749,8.8169,49.7931,36.6614,3.7855,1.5508,1.4327,320538.624,317794.7136
000533.SZ,20241202,4.76,6.5331,10.7168,51.0809,37.6096,3.8834,1.5909,1.4697,328828.416,326013.5424
000533.SZ,20241129,4.65,7.3832,12.1112,49.9005,36.7404,3.7937,1.5541,1.4357,321229.44,318479.616
000533.SZ,20241128,4.5,7.5241,12.3423,48.2908,35.5553,3.6713,1.504,1.3894,310867.2,308206.08
000533.SZ,20241127,4.46,7.0228,11.52,47.8615,35.2392,3.6387,1.4906,1.3771,308103.936,305466.4704
000533.SZ,20241126,4.48,10.2035,16.7376,48.0761,35.3972,3.655,1.4973,1.3832,309485.568,306836.2752
000533.SZ,20241125,4.36,10.7075,17.5644,46.7884,34.4491,3.5571,1.4572,1.3462,301195.776,298617.4464
000533.SZ,20241122,4.43,13.9676,22.9121,47.5396,35.0022,3.6142,1.4806,1.3678,306031.488,303411.7632
000533.SZ,20241121,4.21,1.8829,3.0887,45.1787,33.2639,3.4347,1.4071,1.2999,290833.536,288343.9104
000533.SZ,20241120,4.13,1.9474,3.1944,44.3202,32.6318,3.3694,1.3803,1.2752,285307.008,282864.6912
000533.SZ,20241119,4.1,2.2748,3.7315,43.9982,32.3948,3.345,1.3703,1.2659,283234.56,280809.984
000533.SZ,20241118,3.96,2.2809,3.7415,42.4959,31.2886,3.2307,1.3235,1.2227,273563.136,271221.3504
000533.SZ,20241115,4.03,2.3879,3.9171,43.2471,31.8417,3.2878,1.3469,1.2443,278398.848,276015.6672
000533.SZ,20241114,4.14,2.4763,4.062,44.4275,32.7108,3.3776,1.3837,1.2783,285997.824,283549.5936
000533.SZ,20241113,4.23,2.8037,4.5991,45.3933,33.4219,3.451,1.4138,1.3061,292215.168,289713.7152
000533.SZ,20241112,4.27,2.8494,4.6741,45.8226,33.738,3.4837,1.4271,1.3184,294978.432,292453.3248
000533.SZ,20241111,4.33,3.1677,5.1962,46.4664,34.2121,3.5326,1.4472,1.3369,299123.328,296562.7392
000533.SZ,20241108,4.25,4.6785,7.6744,45.6079,33.58,3.4673,1.4205,1.3122,293596.8,291083.52
000533.SZ,20241107,4.22,3.2893,5.3957,45.286,33.3429,3.4429,1.4104,1.303,291524.352,289028.8128
000533.SZ,20241106,4.08,3.7052,6.0779,43.7836,32.2368,3.3286,1.3636,1.2597,281852.928,279440.1792
000533.SZ,20241105,4.05,2.9497,4.8386,43.4617,31.9997,3.3042,1.3536,1.2505,279780.48,277385.472
000533.SZ,20241104,4.02,2.9952,4.9133,43.1397,31.7627,3.2797,1.3436,1.2412,277708.032,275330.7648
000533.SZ,20241101,3.88,3.729,6.117,41.6374,30.6565,3.1655,1.2968,1.198,268036.608,265742.1312
000533.SZ,20241031,4.05,3.8087,6.2478,43.4617,31.9997,3.3042,1.3536,1.2505,279780.48,277385.472
000533.SZ,20241030,3.97,2.6077,4.2777,42.6032,31.3676,3.2389,1.3269,1.2258,274253.952,271906.2528
000533.SZ,20241029,3.92,3.9324,6.4506,42.0666,30.9726,3.1981,1.3102,1.2103,270799.872,268481.7408
000533.SZ,20241028,4.01,6.2939,10.3243,43.0324,31.6837,3.2715,1.3402,1.2381,277017.216,274645.8624
000533.SZ,20241025,3.77,2.2488,3.6888,40.4569,34.9596,3.2299,1.26,1.1956,260437.632,258208.2048
000533.SZ,20241024,3.7,1.7675,2.8993,39.7057,34.3105,3.1699,1.2366,1.1734,255601.92,253413.888
000533.SZ,20241023,3.69,2.7807,4.5614,39.5984,34.2178,3.1613,1.2333,1.1703,254911.104,252728.9856
000533.SZ,20241022,3.7,2.8673,4.7035,39.7057,34.3105,3.1699,1.2366,1.1734,255601.92,253413.888
000533.SZ,20241021,3.66,2.8731,4.7129,39.2765,33.9396,3.1356,1.2233,1.1607,252838.656,250674.2784
000533.SZ,20241018,3.66,3.0781,5.0492,39.2765,33.9396,3.1356,1.2233,1.1607,252838.656,250674.2784
000533.SZ,20241017,3.53,1.7676,2.8995,37.8814,32.7341,3.0243,1.1798,1.1195,243858.048,241770.5472
000533.SZ,20241016,3.6,1.5165,2.4877,38.6326,33.3832,3.0842,1.2032,1.1417,248693.76,246564.864
000533.SZ,20241015,3.56,1.9849,3.256,38.2034,33.0123,3.05,1.1898,1.129,245930.496,243825.2544
000533.SZ,20241014,3.66,2.4967,4.0955,39.2765,33.9396,3.1356,1.2233,1.1607,252838.656,250674.2784
000533.SZ,20241011,3.5,2.3476,3.851,37.5595,32.4559,2.9986,1.1698,1.11,241785.6,239715.84
000533.SZ,20241010,3.66,2.8087,4.6073,39.2765,33.9396,3.1356,1.2233,1.1607,252838.656,250674.2784
000533.SZ,20241009,3.6,4.0714,6.6786,38.6326,33.3832,3.0842,1.2032,1.1417,248693.76,246564.864
000533.SZ,20241008,3.98,6.24,10.2359,42.7105,36.907,3.4098,1.3302,1.2622,274944.768,272591.1552
000533.SZ,20240930,3.81,4.834,7.9296,40.8862,35.3305,3.2642,1.2734,1.2083,263200.896,260947.8144
000533.SZ,20240927,3.47,2.8261,4.6359,37.2375,32.1777,2.9729,1.1598,1.1005,239713.152,237661.1328
000533.SZ,20240926,3.36,1.7428,2.8589,36.0571,31.1576,2.8786,1.123,1.0656,232114.176,230127.2064
000533.SZ,20240925,3.31,2.0373,3.3419,35.5205,30.694,2.8358,1.1063,1.0497,228660.096,226702.6944
000533.SZ,20240924,3.29,1.7924,2.9402,35.3059,30.5085,2.8187,1.0996,1.0434,227278.464,225332.8896
000533.SZ,20240923,3.19,0.8144,1.336,34.2328,29.5812,2.733,1.0662,1.0117,220370.304,218483.8656
000533.SZ,20240920,3.23,1.0917,1.7908,34.662,29.9521,2.7673,1.0795,1.0244,223133.568,221223.4752
000533.SZ,20240919,3.22,2.1161,3.4713,34.5547,29.8594,2.7587,1.0762,1.0212,222442.752,220538.5728
000533.SZ,20240918,3.12,1.2416,2.0367,33.4816,28.9321,2.673,1.0428,0.9895,215534.592,213689.5488
000533.SZ,20240913,3.13,1.1394,1.869,33.5889,29.0248,2.6816,1.0461,0.9927,216225.408,214374.4512
000533.SZ,20240912,3.19,1.2992,2.1312,34.2328,29.5812,2.733,1.0662,1.0117,220370.304,218483.8656
000533.SZ,20240911,3.16,0.7729,1.2679,33.9108,29.303,2.7073,1.0561,1.0022,218297.856,216429.1584
000533.SZ,20240910,3.18,1.1769,1.9305,34.1255,29.4885,2.7244,1.0628,1.0085,219679.488,217798.9632
000533.SZ,20240909,3.15,1.0415,1.7085,33.8035,29.2103,2.6987,1.0528,0.999,217607.04,215744.256
000533.SZ,20240906,3.15,1.186,1.9454,33.8035,29.2103,2.6987,1.0528,0.999,217607.04,215744.256
000533.SZ,20240905,3.2,1.2146,1.9924,34.3401,29.6739,2.7415,1.0695,1.0149,221061.12,219168.768
000533.SZ,20240904,3.18,0.9426,1.5462,34.1255,29.4885,2.7244,1.0628,1.0085,219679.488,217798.9632
000533.SZ,20240903,3.21,0.8969,1.4712,34.4474,29.7667,2.7501,1.0729,1.018,221751.936,219853.6704
000533.SZ,20240902,3.18,1.4372,2.3575,34.1255,29.4885,2.7244,1.0628,1.0085,219679.488,217798.9632
000533.SZ,20240830,3.19,1.8968,3.1114,34.2328,29.5812,2.733,1.0662,1.0117,220370.304,218483.8656
000533.SZ,20240829,3.18,1.1827,1.94,34.1255,29.4885,2.7244,1.0628,1.0085,219679.488,217798.9632
000533.SZ,20240828,3.12,1.0175,1.6691,33.4816,28.9321,2.673,1.0428,0.9895,215534.592,213689.5488
000533.SZ,20240827,3.08,1.3165,2.1596,33.0523,28.5612,2.6387,1.0294,0.9768,212771.328,210949.9392
000533.SZ,20240826,3.18,1.5004,2.4613,34.1255,29.4885,2.7244,1.0628,1.0085,219679.488,217798.9632
000533.SZ,20240823,3.07,1.4513,2.3806,32.945,28.4684,2.6302,1.0261,0.9736,212080.512,210265.0368
000533.SZ,20240822,3.14,1.6469,2.7015,33.6962,29.1175,2.6901,1.0495,0.9958,216916.224,215059.3536
000533.SZ,20240821,3.2,2.074,3.4021,34.3401,29.6739,2.7415,1.0695,1.0149,221061.12,219168.768
000533.SZ,20240820,3.16,2.928,4.8031,33.9108,29.303,2.7073,1.0561,1.0022,218297.856,216429.1584
000533.SZ,20240819,3.17,0.6691,1.0977,34.0182,32.1684,2.7741,1.0595,1.0345,218988.672,217114.0608
000533.SZ,20240816,3.17,0.713,1.1695,34.0182,32.1684,2.7741,1.0595,1.0345,218988.672,217114.0608
000533.SZ,20240815,3.19,0.9107,1.4938,34.2328,32.3714,2.7916,1.0662,1.041,220370.304,218483.8656
000533.SZ,20240814,3.19,0.6192,1.0156,34.2328,32.3714,2.7916,1.0662,1.041,220370.304,218483.8656
000533.SZ,20240813,3.2,0.7672,1.2585,34.3401,32.4729,2.8004,1.0695,1.0443,221061.12,219168.768
000533.SZ,20240812,3.14,0.8675,1.4231,33.6962,31.864,2.7479,1.0495,1.0247,216916.224,215059.3536
000533.SZ,20240809,3.18,0.7398,1.2135,34.1255,32.2699,2.7829,1.0628,1.0377,219679.488,217798.9632
000533.SZ,20240808,3.2,0.7888,1.294,34.3401,32.4729,2.8004,1.0695,1.0443,221061.12,219168.768
000533.SZ,20240807,3.21,1.0192,1.6718,34.4474,32.5744,2.8091,1.0729,1.0475,221751.936,219853.6704
000533.SZ,20240806,3.17,0.737,1.2089,34.0182,32.1684,2.7741,1.0595,1.0345,218988.672,217114.0608
000533.SZ,20240805,3.09,1.1874,1.9478,33.1597,31.3566,2.7041,1.0328,1.0084,213462.144,211634.8416
000533.SZ,20240802,3.18,1.1528,1.891,34.1255,32.2699,2.7829,1.0628,1.0377,219679.488,217798.9632
000533.SZ,20240801,3.23,1.1185,1.8348,34.662,32.7773,2.8266,1.0795,1.0541,223133.568,221223.4752
000533.SZ,20240731,3.23,1.4162,2.323,34.662,32.7773,2.8266,1.0795,1.0541,223133.568,221223.4752
000533.SZ,20240730,3.14,0.8037,1.3184,33.6962,31.864,2.7479,1.0495,1.0247,216916.224,215059.3536
000533.SZ,20240729,3.14,1.1076,1.8169,33.6962,31.864,2.7479,1.0495,1.0247,216916.224,215059.3536
000533.SZ,20240726,3.14,1.542,2.5295,33.6962,31.864,2.7479,1.0495,1.0247,216916.224,215059.3536
000533.SZ,20240725,3.05,1.0168,1.6679,32.7304,30.9507,2.6691,1.0194,0.9953,210698.88,208895.232
000533.SZ,20240724,3.02,0.899,1.4748,32.4085,30.6463,2.6428,1.0094,0.9855,208626.432,206840.5248
000533.SZ,20240723,3.05,1.0357,1.699,32.7304,30.9507,2.6691,1.0194,0.9953,210698.88,208895.232
000533.SZ,20240722,3.09,0.8718,1.4301,33.1597,31.3566,2.7041,1.0328,1.0084,213462.144,211634.8416
000533.SZ,20240719,3.07,0.7787,1.2773,32.945,31.1537,2.6866,1.0261,1.0018,212080.512,210265.0368
000533.SZ,20240718,3.07,1.1428,1.8746,32.945,31.1537,2.6866,1.0261,1.0018,212080.512,210265.0368
000533.SZ,20240717,3.07,1.0495,1.7216,32.945,31.1537,2.6866,1.0261,1.0018,212080.512,210265.0368
000533.SZ,20240716,3.14,1.0618,1.7417,33.6962,31.864,2.7479,1.0495,1.0247,216916.224,215059.3536
000533.SZ,20240715,3.16,1.0233,1.6786,33.9108,32.067,2.7654,1.0561,1.0312,218297.856,216429.1584
000533.SZ,20240712,3.24,1.2146,1.9924,34.7693,32.8788,2.8354,1.0829,1.0573,223824.384,221908.3776
000533.SZ,20240711,3.24,1.4901,2.4444,34.7693,32.8788,2.8354,1.0829,1.0573,223824.384,221908.3776
000533.SZ,20240710,3.1,1.0068,1.6515,33.267,31.4581,2.7129,1.0361,1.0116,214152.96,212319.744
000533.SZ,20240709,3.17,1.175,1.9275,34.0182,32.1684,2.7741,1.0595,1.0345,218988.672,217114.0608
000533.SZ,20240708,3.1,1.3149,2.1569,33.267,31.4581,2.7129,1.0361,1.0116,214152.96,212319.744
000533.SZ,20240705,3.22,1.1389,1.8682,34.5547,32.6758,2.8179,1.0762,1.0508,222442.752,220538.5728
000533.SZ,20240704,3.19,1.2518,2.0534,34.2328,32.3714,2.7916,1.0662,1.041,220370.304,218483.8656
000533.SZ,20240703,3.28,1.3868,2.2749,35.1986,33.2847,2.8704,1.0963,1.0704,226587.648,224647.9872
000533.SZ,20240702,3.36,1.2089,1.9831,36.0571,34.0965,2.9404,1.123,1.0965,232114.176,230127.2064
000533.SZ,20240701,3.32,1.139,1.8684,35.6279,33.6906,2.9054,1.1096,1.0834,229350.912,227387.5968
000533.SZ,20240628,3.29,1.4478,2.3749,35.3059,33.3862,2.8791,1.0996,1.0736,227278.464,225332.8896
000533.SZ,20240627,3.21,1.1211,1.8389,34.4474,32.5744,2.8091,1.0729,1.0475,221751.936,219853.6704
000533.SZ,20240626,3.28,1.1503,1.8869,35.1986,33.2847,2.8704,1.0963,1.0704,226587.648,224647.9872
000533.SZ,20240625,3.18,1.9572,3.2105,34.1255,32.2699,2.7829,1.0628,1.0377,219679.488,217798.9632
000533.SZ,20240624,3.1,2.0797,3.4116,33.267,31.4581,2.7129,1.0361,1.0116,214152.96,212319.744
000533.SZ,20240621,3.28,1.0475,1.7182,35.1986,33.2847,2.8704,1.0963,1.0704,226587.648,224647.9872
000533.SZ,20240620,3.3,1.3939,2.2866,35.4132,33.4877,2.8879,1.1029,1.0769,227969.28,226017.792
000533.SZ,20240619,3.41,1.3674,2.243,36.5937,34.6039,2.9841,1.1397,1.1128,235568.256,233551.7184
000533.SZ,20240618,3.45,1.5301,2.51,37.0229,35.0098,3.0191,1.1531,1.1258,238331.52,236291.328
000533.SZ,20240617,3.39,2.0628,3.3838,36.379,34.401,2.9666,1.133,1.1063,234186.624,232181.9136
000533.SZ,20240614,3.43,2.3342,3.829,36.8083,34.8069,3.0016,1.1464,1.1193,236949.888,234921.5232
000533.SZ,20240613,3.32,1.5333,2.5152,35.6279,33.6906,2.9054,1.1096,1.0834,229350.912,227387.5968
000533.SZ,20240612,3.35,1.8791,3.0824,35.9498,33.995,2.9316,1.1197,1.0932,231423.36,229442.304
000533.SZ,20240611,3.31,2.5351,4.1585,35.5205,33.5891,2.8966,1.1063,1.0802,228660.096,226702.6944
000533.SZ,20240607,3.31,3.1606,5.1846,35.5205,33.5891,2.8966,1.1063,1.0802,228660.096,226702.6944
000533.SZ,20240606,3.23,3.5093,5.7565,34.662,32.7773,2.8266,1.0795,1.0541,223133.568,221223.4752
000533.SZ,20240605,3.41,2.1895,3.5916,36.5937,34.6039,2.9841,1.1397,1.1128,235568.256,233551.7184
000533.SZ,20240604,3.6,2.1575,3.539,38.6326,36.532,3.1504,1.2032,1.1748,248693.76,246564.864
000533.SZ,20240603,3.65,2.5607,4.2006,39.1692,37.0394,3.1942,1.2199,1.1911,252147.84,249989.376
000533.SZ,20240531,3.79,1.5709,2.5769,40.6716,38.4601,3.3167,1.2667,1.2368,261819.264,259578.0096
000533.SZ,20240530,3.8,2.3102,3.7897,40.7789,38.5615,3.3254,1.2701,1.2401,262510.08,260262.912
000533.SZ,20240529,3.89,2.6749,4.3878,41.7447,39.4748,3.4042,1.3001,1.2694,268727.424,266427.0336
000533.SZ,20240528,3.95,3.7825,6.2047,42.3886,40.0837,3.4567,1.3202,1.289,272872.32,270536.448
000533.SZ,20240527,3.89,2.3296,3.8213,41.7447,39.4748,3.4042,1.3001,1.2694,268727.424,266427.0336
000533.SZ,20240524,3.83,2.0639,3.3856,41.1008,38.866,3.3517,1.2801,1.2499,264582.528,262317.6192
000533.SZ,20240523,3.77,1.7568,2.8818,40.4569,38.2571,3.2992,1.26,1.2303,260437.632,258208.2048
000533.SZ,20240522,3.87,1.3401,2.1983,41.5301,39.2719,3.3867,1.2934,1.2629,267345.792,265057.2288
000533.SZ,20240521,3.84,1.4966,2.455,41.2081,38.9675,3.3604,1.2834,1.2531,265273.344,263002.5216
000533.SZ,20240520,3.88,2.0994,3.4438,41.6374,39.3734,3.3954,1.2968,1.2662,268036.608,265742.1312
000533.SZ,20240517,3.87,2.4343,3.9932,41.5301,39.2719,3.3867,1.2934,1.2629,267345.792,265057.2288
000533.SZ,20240516,3.88,2.6405,4.3313,41.6374,39.3734,3.3954,1.2968,1.2662,268036.608,265742.1312
000533.SZ,20240515,3.92,4.5216,7.4171,42.0666,39.7793,3.4305,1.3102,1.2792,270799.872,268481.7408
000533.SZ,20240514,4.05,5.7764,9.4754,43.4617,41.0985,3.5442,1.3536,1.3216,279780.48,277385.472
000533.SZ,20240513,4.08,6.0803,9.9739,43.7836,41.4029,3.5705,1.3636,1.3314,281852.928,279440.1792
000533.SZ,20240510,3.91,4.3737,7.1745,41.9593,39.6778,3.4217,1.3068,1.276,270109.056,267796.8384
000533.SZ,20240509,3.82,2.6199,4.2977,40.9935,38.7645,3.3429,1.2767,1.2466,263891.712,261632.7168
000533.SZ,20240508,3.73,1.5768,2.5865,40.0277,37.8512,3.2642,1.2467,1.2172,257674.368,255468.5952
000533.SZ,20240507,3.79,1.5426,2.5304,40.6716,38.4601,3.3167,1.2667,1.2368,261819.264,259578.0096
000533.SZ,20240506,3.79,1.8981,3.1135,40.6716,38.4601,3.3167,1.2667,1.2368,261819.264,259578.0096
000533.SZ,20240430,3.73,1.9772,3.2434,40.0277,37.8512,3.2642,1.2467,1.2172,257674.368,255468.5952
000533.SZ,20240429,3.71,2.1929,3.5971,39.8131,39.8131,3.3053,1.24,1.24,256292.736,254098.7904
000533.SZ,20240426,3.55,1.6,2.6245,38.096,38.096,3.1628,1.1865,1.1865,245239.68,243140.352
000533.SZ,20240425,3.48,1.4694,2.4104,37.3449,37.3449,3.1004,1.1631,1.1631,240403.968,238346.0352
000533.SZ,20240424,3.46,1.6115,2.6435,37.1302,37.1302,3.0826,1.1564,1.1564,239022.336,236976.2304
000533.SZ,20240423,3.37,1.4223,2.333,36.1644,36.1644,3.0024,1.1263,1.1263,232804.992,230812.1088
000533.SZ,20240422,3.36,1.9234,3.1551,36.0571,36.0571,2.9935,1.123,1.123,232114.176,230127.2064
000533.SZ,20240419,3.43,2.4631,4.0405,36.8083,36.8083,3.0559,1.1464,1.1464,236949.888,234921.5232
000533.SZ,20240418,3.52,3.1942,5.2396,37.7741,37.7741,3.1361,1.1765,1.1765,243167.232,241085.6448
000533.SZ,20240417,3.5,4.5237,7.4206,37.5595,37.5595,3.1182,1.1698,1.1698,241785.6,239715.84
000533.SZ,20240416,3.31,3.2972,5.4086,35.5205,35.5205,2.949,1.1063,1.1063,228660.096,226702.6944
000533.SZ,20240415,3.68,4.4554,7.3085,80.7086,41.8568,3.3387,1.4332,1.2321,254220.288,252044.0832
000533.SZ,20240412,3.94,2.4049,3.945,86.4108,44.8141,3.5746,1.5345,1.3191,272181.504,269851.5456
000533.SZ,20240411,4.01,3.0753,5.0446,87.946,45.6103,3.6381,1.5617,1.3426,277017.216,274645.8624
000533.SZ,20240410,3.91,2.0605,3.38,85.7529,44.4729,3.5474,1.5228,1.3091,270109.056,267796.8384
000533.SZ,20240409,4.01,2.2134,3.6308,87.946,45.6103,3.6381,1.5617,1.3426,277017.216,274645.8624
000533.SZ,20240408,3.92,1.9851,3.2563,85.9722,44.5866,3.5565,1.5267,1.3124,270799.872,268481.7408
000533.SZ,20240403,4.0,2.0859,3.4216,87.7267,45.4966,3.629,1.5578,1.3392,276326.4,273960.96
000533.SZ,20240402,4.08,3.0464,4.9972,89.4813,46.4065,3.7016,1.589,1.366,281852.928,279440.1792
000533.SZ,20240401,4.01,2.5511,4.1847,87.946,45.6103,3.6381,1.5617,1.3426,277017.216,274645.8624
000533.SZ,20240329,3.96,2.4434,4.0081,86.8495,45.0416,3.5927,1.5423,1.3258,273563.136,271221.3504
000533.SZ,20240328,3.89,2.7137,4.4515,85.3142,44.2454,3.5292,1.515,1.3024,268727.424,266427.0336
000533.SZ,20240327,3.79,3.1338,5.1407,83.1211,43.108,3.4385,1.4761,1.2689,261819.264,259578.0096
000533.SZ,20240326,3.99,3.9561,6.4895,87.5074,45.3828,3.62,1.554,1.3359,275635.584,273276.0576
000533.SZ,20240325,4.06,5.2691,8.6433,89.0426,46.179,3.6835,1.5812,1.3593,280471.296,278070.3744
000533.SZ,20240322,4.0,2.5951,4.2569,87.7267,45.4966,3.629,1.5578,1.3392,276326.4,273960.96
000533.SZ,20240321,4.07,3.064,5.0261,89.2619,46.2928,3.6925,1.5851,1.3627,281162.112,278755.2768
000533.SZ,20240320,4.0,2.346,3.8484,87.7267,45.4966,3.629,1.5578,1.3392,276326.4,273960.96
000533.SZ,20240319,3.95,2.8331,4.6474,86.6301,44.9279,3.5837,1.5384,1.3225,272872.32,270536.448
000533.SZ,20240318,3.95,2.9839,4.8947,86.6301,44.9279,3.5837,1.5384,1.3225,272872.32,270536.448
000533.SZ,20240315,3.88,2.5243,4.1407,85.0949,44.1317,3.5202,1.5111,1.2991,268036.608,265742.1312
000533.SZ,20240314,3.85,3.3288,5.4605,84.437,43.7905,3.4929,1.4994,1.289,265964.16,263687.424
000533.SZ,20240313,3.85,3.1992,5.2479,84.437,43.7905,3.4929,1.4994,1.289,265964.16,263687.424
000533.SZ,20240312,3.89,4.2169,6.9173,85.3142,44.2454,3.5292,1.515,1.3024,268727.424,266427.0336
000533.SZ,20240311,3.91,5.2378,8.592,85.7529,44.4729,3.5474,1.5228,1.3091,270109.056,267796.8384
000533.SZ,20240308,3.8,4.178,6.8535,83.3404,43.2217,3.4476,1.48,1.2723,262510.08,260262.912
000533.SZ,20240307,3.78,6.0419,9.911,82.9018,42.9943,3.4294,1.4722,1.2656,261128.448,258893.1072
000533.SZ,20240306,3.78,5.7504,9.4328,82.9018,42.9943,3.4294,1.4722,1.2656,261128.448,258893.1072
000533.SZ,20240305,3.68,8.0886,13.2684,80.7086,41.8568,3.3387,1.4332,1.2321,254220.288,252044.0832
000533.SZ,20240304,3.94,9.2609,15.1914,86.4108,44.8141,3.5746,1.5345,1.3191,272181.504,269851.5456
000533.SZ,20240301,3.62,2.8494,4.674,79.3927,41.1744,3.2843,1.4099,1.212,250075.392,247934.6688
000533.SZ,20240229,3.6,3.556,5.8332,78.9541,40.9469,3.2661,1.4021,1.2053,248693.76,246564.864
000533.SZ,20240228,3.43,5.4784,8.9866,75.2257,39.0133,3.1119,1.3359,1.1484,236949.888,234921.5232
000533.SZ,20240227,3.74,3.1659,5.1933,82.0245,42.5393,3.3931,1.4566,1.2522,258365.184,256153.4976
000533.SZ,20240226,3.66,4.7562,7.802,80.27,41.6294,3.3206,1.4254,1.2254,252838.656,250674.2784
000533.SZ,20240223,3.48,3.8935,6.3868,76.3223,39.582,3.1573,1.3553,1.1651,240403.968,238346.0352
000533.SZ,20240222,3.35,3.4058,5.5868,73.4711,38.1034,3.0393,1.3047,1.1216,231423.36,229442.304
000533.SZ,20240221,3.28,4.355,7.1439,71.9359,37.3072,2.9758,1.2774,1.0982,226587.648,224647.9872
000533.SZ,20240220,3.16,3.3929,5.5657,69.3041,35.9423,2.8669,1.2307,1.058,218297.856,216429.1584
000533.SZ,20240219,3.11,5.7487,9.4301,68.2075,35.3736,2.8216,1.2112,1.0413,214843.776,213004.6464
000533.SZ,20240208,2.91,6.9446,11.3917,63.8212,33.0988,2.6401,1.1333,0.9743,201027.456,199306.5984
000533.SZ,20240207,2.66,7.725,12.6719,58.3383,30.2552,2.4133,1.036,0.8906,183757.056,182184.0384
000533.SZ,20240206,2.92,6.1174,10.0349,64.0405,33.2125,2.6492,1.1372,0.9776,201718.272,199991.5008
000533.SZ,20240205,3.03,3.364,5.5182,66.453,34.4637,2.749,1.1801,1.0145,209317.248,207525.4272
000533.SZ,20240202,3.37,3.5397,5.8064,73.9098,38.3309,3.0575,1.3125,1.1283,232804.992,230812.1088
000533.SZ,20240201,3.6,3.225,5.2902,78.9541,40.9469,3.2661,1.4021,1.2053,248693.76,246564.864
000533.SZ,20240131,3.75,2.9256,4.799,82.2438,42.653,3.4022,1.4605,1.2555,259056.0,256838.4
000533.SZ,20240130,4.03,2.2421,3.678,88.3847,45.8378,3.6563,1.5695,1.3493,278398.848,276015.6672
000533.SZ,20240129,4.19,1.9462,3.1925,91.8937,47.6577,3.8014,1.6318,1.4028,289451.904,286974.1056
000533.SZ,20240126,4.33,1.7769,2.9148,94.9642,49.25,3.9284,1.6864,1.4497,299123.328,296562.7392
000533.SZ,20240125,4.3,2.0075,3.2931,94.3062,48.9088,3.9012,1.6747,1.4397,297050.88,294508.032
000533.SZ,20240124,4.13,2.4027,3.9413,90.5778,46.9752,3.747,1.6085,1.3828,285307.008,282864.6912
000533.SZ,20240123,4.06,2.4781,4.065,89.0426,46.179,3.6835,1.5812,1.3593,280471.296,278070.3744
000533.SZ,20240122,4.16,2.0961,3.4384,91.2358,47.3164,3.7742,1.6202,1.3928,287379.456,284919.3984
000533.SZ,20240119,4.48,1.7502,2.871,98.2539,50.9562,4.0645,1.7448,1.4999,309485.568,306836.2752
000533.SZ,20240118,4.58,2.6171,4.293,100.4471,52.0936,4.1552,1.7837,1.5334,316393.728,313685.2992
000533.SZ,20240117,4.64,2.2303,3.6586,101.763,52.776,4.2097,1.8071,1.5535,320538.624,317794.7136
000533.SZ,20240116,4.71,2.0172,3.309,103.2982,53.5722,4.2732,1.8344,1.5769,325374.336,322589.0304
000533.SZ,20240115,4.66,1.1734,1.9247,102.2016,53.0035,4.2278,1.8149,1.5602,321920.256,319164.5184
000533.SZ,20240112,4.67,1.4458,2.3716,102.421,53.1172,4.2369,1.8188,1.5636,322611.072,319849.4208
000533.SZ,20240111,4.7,1.7531,2.8757,103.0789,53.4585,4.2641,1.8305,1.5736,324683.52,321904.128
000533.SZ,20240110,4.64,1.4846,2.4352,101.763,52.776,4.2097,1.8071,1.5535,320538.624,317794.7136
000533.SZ,20240109,4.65,1.8543,3.0417,101.9823,52.8898,4.2188,1.811,1.5569,321229.44,318479.616
000533.SZ,20240108,4.6,1.8337,3.008,100.8857,52.3211,4.1734,1.7915,1.5401,317775.36,315055.104
000533.SZ,20240105,4.68,2.3349,3.8302,102.6403,53.231,4.246,1.8227,1.5669,323301.888,320534.3232
000533.SZ,20240104,4.77,2.5508,4.1842,104.6141,54.2547,4.3276,1.8577,1.597,329519.232,326698.4448
000533.SZ,20240103,4.77,4.7712,7.8265,104.6141,54.2547,4.3276,1.8577,1.597,329519.232,326698.4448
000533.SZ,20240102,4.81,7.5837,12.44,105.4914,54.7096,4.3639,1.8733,1.6104,332282.496,329438.0544
000533.SZ,20231229,4.69,3.4199,5.61,102.8596,53.3447,4.255,1.8266,1.5703,323992.704,321219.2256
000533.SZ,20231228,4.49,2.2097,3.6248,98.4733,51.0699,4.0736,1.7487,1.5033,310176.384,307521.1776
000533.SZ,20231227,4.31,0.8641,1.4175,94.5255,49.0226,3.9103,1.6786,1.443,297741.696,295192.9344
000533.SZ,20231226,4.28,1.3224,2.1692,93.8676,48.6813,3.8831,1.6669,1.433,295669.248,293138.2272
000533.SZ,20231225,4.34,1.1586,1.9005,95.1835,49.3638,3.9375,1.6903,1.4531,299814.144,297247.6416
000533.SZ,20231222,4.38,1.31,2.1488,96.0608,49.8187,3.9738,1.7058,1.4665,302577.408,299987.2512
000533.SZ,20231221,4.43,1.5588,2.557,97.1573,50.3875,4.0192,1.7253,1.4832,306031.488,303411.7632
000533.SZ,20231220,4.37,1.0907,1.7892,95.8414,49.705,3.9647,1.702,1.4631,301886.592,299302.3488
000533.SZ,20231219,4.4,1.1976,1.9646,96.4994,50.0462,3.9919,1.7136,1.4732,303959.04,301357.056
000533.SZ,20231218,4.45,1.4081,2.3097,97.596,50.6149,4.0373,1.7331,1.4899,307413.12,304781.568
000533.SZ,20231215,4.48,2.0353,3.3387,98.2539,50.9562,4.0645,1.7448,1.4999,309485.568,306836.2752
000533.SZ,20231214,4.5,2.0184,3.3109,98.6926,51.1836,4.0827,1.7526,1.5066,310867.2,308206.08
000533.SZ,20231213,4.44,1.5899,2.608,97.3767,50.5012,4.0282,1.7292,1.4865,306722.304,304096.6656
000533.SZ,20231212,4.4,1.3935,2.2859,96.4994,50.0462,3.9919,1.7136,1.4732,303959.04,301357.056
000533.SZ,20231211,4.38,1.6023,2.6284,96.0608,49.8187,3.9738,1.7058,1.4665,302577.408,299987.2512
000533.SZ,20231208,4.33,1.556,2.5524,94.9642,49.25,3.9284,1.6864,1.4497,299123.328,296562.7392
000533.SZ,20231207,4.42,1.5441,2.5329,96.938,50.2737,4.0101,1.7214,1.4799,305340.672,302726.8608
000533.SZ,20231206,4.47,1.2188,1.9993,98.0346,50.8424,4.0554,1.7409,1.4966,308794.752,306151.3728
000533.SZ,20231205,4.43,1.2176,1.9974,97.1573,50.3875,4.0192,1.7253,1.4832,306031.488,303411.7632
000533.SZ,20231204,4.5,1.4401,2.3623,98.6926,51.1836,4.0827,1.7526,1.5066,310867.2,308206.08
000533.SZ,20231201,4.47,1.3583,2.2281,98.0346,50.8424,4.0554,1.7409,1.4966,308794.752,306151.3728
000533.SZ,20231130,4.51,1.371,2.2489,98.9119,51.2974,4.0917,1.7565,1.51,311558.016,308890.9824
000533.SZ,20231129,4.55,1.5019,2.4636,99.7892,51.7524,4.128,1.7721,1.5234,314321.28,311630.592
000533.SZ,20231128,4.55,1.8068,2.9639,99.7892,51.7524,4.128,1.7721,1.5234,314321.28,311630.592
000533.SZ,20231127,4.53,2.7279,4.4748,99.3505,51.5249,4.1099,1.7643,1.5167,312939.648,310260.7872
000533.SZ,20231124,4.45,1.3857,2.2731,97.596,50.6149,4.0373,1.7331,1.4899,307413.12,304781.568
000533.SZ,20231123,4.46,1.1254,1.846,97.8153,50.7287,4.0464,1.737,1.4932,308103.936,305466.4704
000533.SZ,20231122,4.45,1.9541,3.2054,97.596,50.6149,4.0373,1.7331,1.4899,307413.12,304781.568
000533.SZ,20231121,4.47,2.5966,4.2594,98.0346,50.8424,4.0554,1.7409,1.4966,308794.752,306151.3728
000533.SZ,20231120,4.56,2.7675,4.5397,100.0085,51.8661,4.1371,1.7759,1.5267,315012.096,312315.4944
000533.SZ,20231117,4.48,2.5856,4.2414,98.2539,50.9562,4.0645,1.7448,1.4999,309485.568,306836.2752
000533.SZ,20231116,4.38,1.4493,2.3775,96.0608,49.8187,3.9738,1.7058,1.4665,302577.408,299987.2512
000533.SZ,20231115,4.39,1.3093,2.1478,96.2801,49.9325,3.9829,1.7097,1.4698,303268.224,300672.1536
000533.SZ,20231114,4.38,1.5604,2.5596,96.0608,49.8187,3.9738,1.7058,1.4665,302577.408,299987.2512
000533.SZ,20231113,4.41,2.6373,4.3262,96.7187,50.16,4.001,1.7175,1.4765,304649.856,302041.9584
000533.SZ,20231110,4.29,1.0849,1.7797,94.0869,48.7951,3.8921,1.6708,1.4363,296360.064,293823.1296
000533.SZ,20231109,4.29,1.169,1.9176,94.0869,48.7951,3.8921,1.6708,1.4363,296360.064,293823.1296
000533.SZ,20231108,4.3,1.9898,3.2641,94.3062,48.9088,3.9012,1.6747,1.4397,297050.88,294508.032
000533.SZ,20231107,4.31,2.1524,3.5307,94.5255,49.0226,3.9103,1.6786,1.443,297741.696,295192.9344
000533.SZ,20231106,4.28,1.8768,3.0786,93.8676,48.6813,3.8831,1.6669,1.433,295669.248,293138.2272
000533.SZ,20231103,4.26,1.3757,2.2566,93.429,48.4538,3.8649,1.6591,1.4263,294287.616,291768.4224
000533.SZ,20231102,4.25,2.0093,3.296,93.2096,48.3401,3.8559,1.6552,1.4229,293596.8,291083.52
000533.SZ,20231101,4.29,2.9036,4.763,94.0869,48.7951,3.8921,1.6708,1.4363,296360.064,293823.1296
000533.SZ,20231031,4.22,3.3262,5.4562,92.5517,47.9989,3.8286,1.6435,1.4129,291524.352,289028.8128
000533.SZ,20231030,4.19,4.401,7.2193,91.8937,47.6577,3.8014,1.6318,1.4028,289451.904,286974.1056
000533.SZ,20231027,4.03,1.2378,2.0305,88.3847,72.7024,3.7923,1.5695,1.4517,278398.848,276015.6672
000533.SZ,20231026,4.01,1.3941,2.2868,87.946,72.3416,3.7735,1.5617,1.4445,277017.216,274645.8624
000533.SZ,20231025,3.97,1.2096,1.9842,87.0688,71.62,3.7358,1.5462,1.4301,274253.952,271906.2528
000533.SZ,20231024,3.91,1.02,1.6731,85.7529,70.5376,3.6794,1.5228,1.4085,270109.056,267796.8384
000533.SZ,20231023,3.85,1.4985,2.4581,84.437,69.4552,3.6229,1.4994,1.3869,265964.16,263687.424
000533.SZ,20231020,3.97,1.0557,1.7317,87.0688,71.62,3.7358,1.5462,1.4301,274253.952,271906.2528
000533.SZ,20231019,3.94,1.1485,1.8839,86.4108,71.0788,3.7076,1.5345,1.4193,272181.504,269851.5456
000533.SZ,20231018,3.96,0.8645,1.4182,86.8495,71.4396,3.7264,1.5423,1.4265,273563.136,271221.3504
000533.SZ,20231017,4.05,0.7843,1.2866,88.8233,73.0632,3.8111,1.5773,1.4589,279780.48,277385.472
000533.SZ,20231016,4.07,0.8869,1.4549,89.2619,73.424,3.8299,1.5851,1.4661,281162.112,278755.2768
000533.SZ,20231013,4.08,0.925,1.5173,89.4813,73.6044,3.8394,1.589,1.4697,281852.928,279440.1792
000533.SZ,20231012,4.12,1.1278,1.85,90.3585,74.3261,3.877,1.6046,1.4842,284616.192,282179.7888
000533.SZ,20231011,4.08,1.0845,1.779,89.4813,73.6044,3.8394,1.589,1.4697,281852.928,279440.1792
000533.SZ,20231010,4.1,1.1341,1.8604,89.9199,73.9653,3.8582,1.5968,1.477,283234.56,280809.984
000533.SZ,20231009,4.09,1.4269,2.3407,89.7006,73.7849,3.8488,1.5929,1.4733,282543.744,280125.0816
000533.SZ,20230928,4.06,1.1355,1.8626,89.0426,73.2436,3.8205,1.5812,1.4625,280471.296,278070.3744
000533.SZ,20230927,3.99,0.9212,1.5112,87.5074,71.9808,3.7547,1.554,1.4373,275635.584,273276.0576
000533.SZ,20230926,3.93,0.6719,1.1022,86.1915,70.8984,3.6982,1.5306,1.4157,271490.688,269166.6432
000533.SZ,20230925,3.96,0.8132,1.3339,86.8495,71.4396,3.7264,1.5423,1.4265,273563.136,271221.3504
000533.SZ,20230922,4.0,0.8234,1.3507,87.7267,72.1612,3.7641,1.5578,1.4409,276326.4,273960.96
000533.SZ,20230921,3.93,0.5208,0.8543,86.1915,70.8984,3.6982,1.5306,1.4157,271490.688,269166.6432
000533.SZ,20230920,3.93,0.7275,1.1934,86.1915,70.8984,3.6982,1.5306,1.4157,271490.688,269166.6432
000533.SZ,20230919,3.97,1.1224,1.8412,87.0688,71.62,3.7358,1.5462,1.4301,274253.952,271906.2528
000533.SZ,20230918,4.05,1.221,2.0029,88.8233,73.0632,3.8111,1.5773,1.4589,279780.48,277385.472
000533.SZ,20230915,3.96,0.7688,1.2611,86.8495,71.4396,3.7264,1.5423,1.4265,273563.136,271221.3504
000533.SZ,20230914,3.97,1.2509,2.0519,87.0688,71.62,3.7358,1.5462,1.4301,274253.952,271906.2528
000533.SZ,20230913,4.01,1.1283,1.8508,87.946,72.3416,3.7735,1.5617,1.4445,277017.216,274645.8624
000533.SZ,20230912,4.06,0.6987,1.1462,89.0426,73.2436,3.8205,1.5812,1.4625,280471.296,278070.3744
000533.SZ,20230911,4.08,1.0497,1.722,89.4813,73.6044,3.8394,1.589,1.4697,281852.928,279440.1792
000533.SZ,20230908,4.02,0.6848,1.1233,88.1654,72.522,3.7829,1.5656,1.4481,277708.032,275330.7648
000533.SZ,20230907,4.02,1.1432,1.8753,88.1654,72.522,3.7829,1.5656,1.4481,277708.032,275330.7648
000533.SZ,20230906,4.11,0.9838,1.6138,90.1392,74.1457,3.8676,1.6007,1.4806,283925.376,281494.8864
000533.SZ,20230905,4.08,0.9551,1.5666,89.4813,73.6044,3.8394,1.589,1.4697,281852.928,279440.1792
000533.SZ,20230904,4.1,1.0775,1.7675,89.9199,73.9653,3.8582,1.5968,1.477,283234.56,280809.984
000533.SZ,20230901,4.03,1.0528,1.727,88.3847,72.7024,3.7923,1.5695,1.4517,278398.848,276015.6672
000533.SZ,20230831,4.05,1.1264,1.8477,88.8233,73.0632,3.8111,1.5773,1.4589,279780.48,277385.472
000533.SZ,20230830,4.08,1.6008,2.6259,89.4813,73.6044,3.8394,1.589,1.4697,281852.928,279440.1792
000533.SZ,20230829,4.04,1.7994,2.9517,88.604,72.8828,3.8017,1.5734,1.4553,279089.664,276700.5696
000533.SZ,20230828,3.91,2.1718,3.5626,85.7529,72.3038,3.7348,1.5228,1.4923,270109.056,267796.8384
000533.SZ,20230825,3.8,1.2447,2.0418,83.3404,70.2697,3.6297,1.48,1.4503,262510.08,260262.912
000533.SZ,20230824,3.88,0.9509,1.5598,85.0949,71.7491,3.7061,1.5111,1.4808,268036.608,265742.1312
000533.SZ,20230823,3.89,1.189,1.9504,85.3142,71.934,3.7157,1.515,1.4847,268727.424,266427.0336
000533.SZ,20230822,3.96,1.5354,2.5187,86.8495,73.2284,3.7826,1.5423,1.5114,273563.136,271221.3504
000533.SZ,20230821,4.01,1.1972,1.9638,87.946,74.153,3.8303,1.5617,1.5305,277017.216,274645.8624
000533.SZ,20230818,4.0,1.5987,2.6225,87.7267,73.9681,3.8208,1.5578,1.5266,276326.4,273960.96
000533.SZ,20230817,4.04,1.7744,2.9107,88.604,74.7078,3.859,1.5734,1.5419,279089.664,276700.5696
000533.SZ,20230816,3.94,1.2047,1.9761,86.4108,72.8586,3.7634,1.5345,1.5037,272181.504,269851.5456
000533.SZ,20230815,3.99,1.205,1.9766,87.5074,73.7832,3.8112,1.554,1.5228,275635.584,273276.0576
000533.SZ,20230814,4.02,1.3077,2.1451,88.1654,74.3379,3.8399,1.5656,1.5343,277708.032,275330.7648
000533.SZ,20230811,3.99,2.2085,3.6227,87.5074,73.7832,3.8112,1.554,1.5228,275635.584,273276.0576
000533.SZ,20230810,4.08,1.026,1.6829,89.4813,75.4475,3.8972,1.589,1.5572,281852.928,279440.1792
000533.SZ,20230809,4.06,1.6862,2.7659,89.0426,75.0776,3.8781,1.5812,1.5495,280471.296,278070.3744
000533.SZ,20230808,4.13,2.3252,3.8142,90.5778,76.3721,3.9449,1.6085,1.5763,285307.008,282864.6912
000533.SZ,20230807,4.27,2.7192,4.4605,93.6483,78.9609,4.0787,1.663,1.6297,294978.432,292453.3248
000533.SZ,20230804,4.2,3.631,5.9561,92.1131,77.6665,4.0118,1.6357,1.603,290142.72,287659.008
000533.SZ,20230803,4.33,2.5973,4.2606,94.9642,80.0705,4.136,1.6864,1.6526,299123.328,296562.7392
000533.SZ,20230802,4.45,3.8231,6.2714,97.596,82.2895,4.2506,1.7331,1.6984,307413.12,304781.568
000533.SZ,20230801,4.48,6.7415,11.0586,98.2539,82.8443,4.2793,1.7448,1.7098,309485.568,306836.2752
000533.SZ,20230731,4.34,1.5652,2.5675,95.1835,80.2554,4.1455,1.6903,1.6564,299814.144,297247.6416
000533.SZ,20230728,4.3,1.7444,2.8615,94.3062,79.5157,4.1073,1.6747,1.6411,297050.88,294508.032
000533.SZ,20230727,4.33,1.9764,3.2421,94.9642,80.0705,4.136,1.6864,1.6526,299123.328,296562.7392
000533.SZ,20230726,4.31,2.0914,3.4306,94.5255,79.7006,4.1169,1.6786,1.645,297741.696,295192.9344
000533.SZ,20230725,4.37,2.3994,3.936,95.8414,80.8101,4.1742,1.702,1.6679,301886.592,299302.3488
000533.SZ,20230724,4.38,2.3298,3.8218,96.0608,80.9951,4.1837,1.7058,1.6717,302577.408,299987.2512
000533.SZ,20230721,4.34,2.2452,3.683,95.1835,80.2554,4.1455,1.6903,1.6564,299814.144,297247.6416
000533.SZ,20230720,4.43,3.2344,5.3056,97.1573,81.9197,4.2315,1.7253,1.6908,306031.488,303411.7632
000533.SZ,20230719,4.47,4.6825,7.681,98.0346,82.6593,4.2697,1.7409,1.706,308794.752,306151.3728
000533.SZ,20230718,4.42,3.9033,6.4028,96.938,81.7347,4.2219,1.7214,1.6869,305340.672,302726.8608
000533.SZ,20230717,4.31,1.4774,2.4235,94.5255,79.7006,4.1169,1.6786,1.645,297741.696,295192.9344
000533.SZ,20230714,4.24,1.1355,1.8627,92.9903,78.4062,4.05,1.6513,1.6182,292905.984,290398.6176
000533.SZ,20230713,4.31,1.2685,2.0809,94.5255,79.7006,4.1169,1.6786,1.645,297741.696,295192.9344
000533.SZ,20230712,4.3,1.348,2.2112,94.3062,79.5157,4.1073,1.6747,1.6411,297050.88,294508.032
000533.SZ,20230711,4.3,1.3511,2.2164,94.3062,79.5157,4.1073,1.6747,1.6411,297050.88,294508.032
000533.SZ,20230710,4.21,0.7357,1.2069,92.3324,77.8514,4.0213,1.6396,1.6068,290833.536,288343.9104
000533.SZ,20230707,4.23,1.0506,1.7234,92.771,78.2213,4.0405,1.6474,1.6144,292215.168,289713.7152
000533.SZ,20230706,4.28,0.9733,1.5966,93.8676,79.1459,4.0882,1.6669,1.6335,295669.248,293138.2272
000533.SZ,20230705,4.28,1.0019,1.6434,93.8676,79.1459,4.0882,1.6669,1.6335,295669.248,293138.2272
000533.SZ,20230704,4.31,1.6806,2.7569,94.5255,79.7006,4.1169,1.6786,1.645,297741.696,295192.9344
000533.SZ,20230703,4.25,1.3667,2.242,93.2096,78.5911,4.0596,1.6552,1.6221,293596.8,291083.52
000533.SZ,20230630,4.25,1.2747,2.091,93.2096,78.5911,4.0596,1.6552,1.6221,293596.8,291083.52
000533.SZ,20230629,4.24,1.5959,2.6178,92.9903,78.4062,4.05,1.6513,1.6182,292905.984,290398.6176
000533.SZ,20230628,4.18,1.242,2.0373,91.6744,77.2967,3.9927,1.628,1.5953,288761.088,286289.2032
000533.SZ,20230627,4.15,1.2019,1.9715,91.0165,76.7419,3.964,1.6163,1.5839,286688.64,284234.496
000533.SZ,20230626,4.01,1.3326,2.1859,87.946,74.153,3.8303,1.5617,1.5305,277017.216,274645.8624
000533.SZ,20230621,4.08,1.2746,2.0908,89.4813,75.4475,3.8972,1.589,1.5572,281852.928,279440.1792
000533.SZ,20230620,4.11,0.9825,1.6117,90.1392,76.0022,3.9258,1.6007,1.5686,283925.376,281494.8864
000533.SZ,20230619,4.16,1.0092,1.6555,91.2358,76.9268,3.9736,1.6202,1.5877,287379.456,284919.3984
000533.SZ,20230616,4.21,0.9722,1.5947,92.3324,77.8514,4.0213,1.6396,1.6068,290833.536,288343.9104
000533.SZ,20230615,4.19,1.1342,1.8606,91.8937,77.4816,4.0022,1.6318,1.5992,289451.904,286974.1056
000533.SZ,20230614,4.12,1.0978,1.8009,90.3585,76.1871,3.9354,1.6046,1.5724,284616.192,282179.7888
000533.SZ,20230613,4.19,1.2488,2.0486,91.8937,77.4816,4.0022,1.6318,1.5992,289451.904,286974.1056
000533.SZ,20230612,4.12,1.5986,2.6223,90.3585,76.1871,3.9354,1.6046,1.5724,284616.192,282179.7888
000533.SZ,20230609,4.04,1.8627,3.0555,88.604,74.7078,3.859,1.5734,1.5419,279089.664,276700.5696
000533.SZ,20230608,4.05,0.9818,1.6106,88.8233,74.8927,3.8685,1.5773,1.5457,279780.48,277385.472
000533.SZ,20230607,4.07,1.1229,1.842,89.2619,75.2625,3.8876,1.5851,1.5534,281162.112,278755.2768
000533.SZ,20230606,4.09,1.5833,2.5972,89.7006,75.6324,3.9067,1.5929,1.561,282543.744,280125.0816
000533.SZ,20230605,4.23,1.1831,1.9407,92.771,78.2213,4.0405,1.6474,1.6144,292215.168,289713.7152
000533.SZ,20230602,4.23,1.3331,2.1867,92.771,78.2213,4.0405,1.6474,1.6144,292215.168,289713.7152
000533.SZ,20230601,4.22,1.3025,2.1366,92.5517,78.0363,4.0309,1.6435,1.6106,291524.352,289028.8128
000533.SZ,20230531,4.26,1.2265,2.0119,93.429,78.776,4.0691,1.6591,1.6259,294287.616,291768.4224
000533.SZ,20230530,4.33,1.0382,1.7031,94.9642,80.0705,4.136,1.6864,1.6526,299123.328,296562.7392
000533.SZ,20230529,4.3,1.6149,2.6491,94.3062,79.5157,4.1073,1.6747,1.6411,297050.88,294508.032
000533.SZ,20230526,4.37,1.5769,2.5866,95.8414,80.8101,4.1742,1.702,1.6679,301886.592,299302.3488
000533.SZ,20230525,4.38,2.0029,3.2855,96.0608,80.9951,4.1837,1.7058,1.6717,302577.408,299987.2512
000533.SZ,20230524,4.32,1.4237,2.3354,94.7449,79.8855,4.1264,1.6825,1.6488,298432.512,295877.8368
000533.SZ,20230523,4.3,2.1086,3.4588,94.3062,79.5157,4.1073,1.6747,1.6411,297050.88,294508.032
000533.SZ,20230522,4.36,1.6354,2.6827,95.6221,80.6252,4.1646,1.6981,1.664,301195.776,298617.4464
000533.SZ,20230519,4.36,1.9708,3.2328,95.6221,80.6252,4.1646,1.6981,1.664,301195.776,298617.4464
000533.SZ,20230518,4.35,3.2176,5.2781,95.4028,80.4403,4.1551,1.6942,1.6602,300504.96,297932.544
000533.SZ,20230517,4.38,4.4391,7.2817,96.0608,80.9951,4.1837,1.7058,1.6717,302577.408,299987.2512
000533.SZ,20230516,4.2,2.2981,3.7698,92.1131,77.6665,4.0118,1.6357,1.603,290142.72,287659.008
000533.SZ,20230515,4.17,1.3677,2.2436,91.4551,77.1117,3.9831,1.6241,1.5915,288070.272,285604.3008
000533.SZ,20230512,4.1,1.3023,2.1363,89.9199,75.8173,3.9163,1.5968,1.5648,283234.56,280809.984
000533.SZ,20230511,4.13,1.0583,1.736,90.5778,76.3721,3.9449,1.6085,1.5763,285307.008,282864.6912
000533.SZ,20230510,4.1,1.4858,2.4373,89.9199,75.8173,3.9163,1.5968,1.5648,283234.56,280809.984
000533.SZ,20230509,4.03,1.4643,2.402,88.3847,74.5229,3.8494,1.5695,1.5381,278398.848,276015.6672
000533.SZ,20230508,4.11,1.5945,2.6155,90.1392,76.0022,3.9258,1.6007,1.5686,283925.376,281494.8864
000533.SZ,20230505,4.06,1.5207,2.4945,89.0426,75.0776,3.8781,1.5812,1.5495,280471.296,278070.3744
000533.SZ,20230504,4.12,2.2408,3.6758,90.3585,76.1871,3.9354,1.6046,1.5724,284616.192,282179.7888
000533.SZ,20230428,3.97,1.2955,2.1251,87.0688,87.0688,3.8473,1.5462,1.5462,274253.952,271906.2528
000533.SZ,20230427,3.86,1.0816,1.7742,84.6563,84.6563,3.7407,1.5033,1.5033,266654.976,264372.3264
000533.SZ,20230426,3.89,1.5407,2.5274,85.3142,85.3142,3.7697,1.515,1.515,268727.424,266427.0336
000533.SZ,20230425,3.72,1.2513,2.0525,81.5859,81.5859,3.605,1.4488,1.4488,256983.552,254783.6928
000533.SZ,20230424,3.8,1.0984,1.8018,83.3404,83.3404,3.6825,1.48,1.48,262510.08,260262.912
000533.SZ,20230421,3.83,1.2367,2.0286,83.9983,83.9983,3.7116,1.4916,1.4916,264582.528,262317.6192
000533.SZ,20230420,3.93,1.4356,2.355,86.1915,86.1915,3.8085,1.5306,1.5306,271490.688,269166.6432
000533.SZ,20230419,3.98,0.9761,1.6012,87.2881,87.2881,3.857,1.5501,1.5501,274944.768,272591.1552
000533.SZ,20230418,3.99,1.1213,1.8394,87.5074,87.5074,3.8667,1.554,1.554,275635.584,273276.0576
000533.SZ,20230417,4.02,1.3726,2.2515,88.1654,88.1654,3.8957,1.5656,1.5656,277708.032,275330.7648
000533.SZ,20230414,3.97,0.9322,1.5291,,87.0689,3.8473,1.8801,1.5462,274253.952,271906.2528
000533.SZ,20230413,3.98,1.1214,1.8395,,87.2882,3.857,1.8848,1.5501,274944.768,272591.1552
000533.SZ,20230412,4.0,0.8893,1.4588,,87.7268,3.8763,1.8943,1.5578,276326.4,273960.96
000533.SZ,20230411,3.98,1.1522,1.89,,87.2882,3.857,1.8848,1.5501,274944.768,272591.1552
000533.SZ,20230410,4.0,1.5526,2.5469,,87.7268,3.8763,1.8943,1.5578,276326.4,273960.96
000533.SZ,20230407,4.02,0.8948,1.4677,,88.1655,3.8957,1.9038,1.5656,277708.032,275330.7648
000533.SZ,20230406,4.01,0.9036,1.4823,,87.9462,3.886,1.899,1.5617,277017.216,274645.8624
000533.SZ,20230404,4.02,1.6435,2.6959,,88.1655,3.8957,1.9038,1.5656,277708.032,275330.7648
000533.SZ,20230403,4.15,1.1104,1.8214,,91.0166,4.0217,1.9653,1.6163,286688.64,284234.496
000533.SZ,20230331,4.13,0.8323,1.3652,,90.578,4.0023,1.9559,1.6085,285307.008,282864.6912
000533.SZ,20230330,4.09,0.8975,1.4722,,89.7007,3.9636,1.9369,1.5929,282543.744,280125.0816
000533.SZ,20230329,4.11,0.9687,1.589,,90.1393,3.9829,1.9464,1.6007,283925.376,281494.8864
000533.SZ,20230328,4.14,1.114,1.8274,,90.7973,4.012,1.9606,1.6124,285997.824,283549.5936
000533.SZ,20230327,4.27,1.2077,1.9811,,93.6484,4.138,2.0222,1.663,294978.432,292453.3248
000533.SZ,20230324,4.24,1.1332,1.8588,,92.9905,4.1089,2.0079,1.6513,292905.984,290398.6176
000533.SZ,20230323,4.21,0.9269,1.5204,,92.3325,4.0799,1.9937,1.6396,290833.536,288343.9104
000533.SZ,20230322,4.23,1.0187,1.671,,92.7711,4.0992,2.0032,1.6474,292215.168,289713.7152
000533.SZ,20230321,4.27,1.233,2.0226,,93.6484,4.138,2.0222,1.663,294978.432,292453.3248
000533.SZ,20230320,4.17,1.397,2.2916,,91.4552,4.0411,1.9748,1.6241,288070.272,285604.3008
000533.SZ,20230317,4.13,1.0538,1.7287,,90.578,4.0023,1.9559,1.6085,285307.008,282864.6912
000533.SZ,20230316,4.13,1.1148,1.8288,,90.578,4.0023,1.9559,1.6085,285307.008,282864.6912
000533.SZ,20230315,4.24,1.0029,1.6452,,92.9905,4.1089,2.0079,1.6513,292905.984,290398.6176
000533.SZ,20230314,4.19,1.6359,2.6835,,91.8939,4.0605,1.9843,1.6318,289451.904,286974.1056
000533.SZ,20230313,4.31,1.3217,2.168,,94.5257,4.1768,2.0411,1.6786,297741.696,295192.9344
000533.SZ,20230310,4.26,1.5846,2.5993,,248.9674,4.1906,2.0174,1.7727,294287.616,291768.4224
000533.SZ,20230309,4.37,1.5088,2.475,,255.3962,4.2988,2.0695,1.8185,301886.592,299302.3488
000533.SZ,20230308,4.4,1.7501,2.8708,,257.1495,4.3283,2.0837,1.8309,303959.04,301357.056
000533.SZ,20230307,4.31,2.1278,3.4904,,251.8896,4.2398,2.0411,1.7935,297741.696,295192.9344
000533.SZ,20230306,4.44,2.6593,4.3622,,259.4872,4.3677,2.1027,1.8476,306722.304,304096.6656
000533.SZ,20230303,4.49,1.953,3.2037,,262.4093,4.4169,2.1263,1.8684,310176.384,307521.1776
000533.SZ,20230302,4.58,3.4257,5.6194,,267.6692,4.5054,2.169,1.9059,316393.728,313685.2992
000533.SZ,20230301,4.55,1.5302,2.5101,,265.9159,4.4759,2.1548,1.8934,314321.28,311630.592
000533.SZ,20230228,4.54,2.1147,3.4689,,265.3315,4.466,2.15,1.8892,313630.464,310945.6896
000533.SZ,20230227,4.54,2.4896,4.0839,,265.3315,4.466,2.15,1.8892,313630.464,310945.6896
000533.SZ,20230224,4.5,1.732,2.8412,,262.9938,4.4267,2.1311,1.8726,310867.2,308206.08
000533.SZ,20230223,4.51,2.1588,3.5412,,263.5782,4.4365,2.1358,1.8767,311558.016,308890.9824
000533.SZ,20230222,4.53,1.972,3.2348,,264.7471,4.4562,2.1453,1.885,312939.648,310260.7872
000533.SZ,20230221,4.56,2.1711,3.5614,,266.5003,4.4857,2.1595,1.8975,315012.096,312315.4944
000533.SZ,20230220,4.54,2.2672,3.719,,265.3315,4.466,2.15,1.8892,313630.464,310945.6896
000533.SZ,20230217,4.5,4.5711,7.4982,,262.9938,4.4267,2.1311,1.8726,310867.2,308206.08
000533.SZ,20230216,4.65,7.5541,12.3915,,271.7602,4.5743,2.2021,1.935,321229.44,318479.616
000533.SZ,20230215,4.61,2.9259,4.7995,,269.4225,4.5349,2.1832,1.9183,318466.176,315740.0064
000533.SZ,20230214,4.59,2.8066,4.6039,,268.2536,4.5152,2.1737,1.91,317084.544,314370.2016
000533.SZ,20230213,4.53,2.5359,4.1599,,264.7471,4.4562,2.1453,1.885,312939.648,310260.7872
000533.SZ,20230210,4.53,3.4908,5.7263,,264.7471,4.4562,2.1453,1.885,312939.648,310260.7872
000533.SZ,20230209,4.62,4.4796,7.3483,,270.0069,4.5447,2.1879,1.9225,319156.992,316424.9088
000533.SZ,20230208,4.59,6.2293,10.2184,,268.2536,4.5152,2.1737,1.91,317084.544,314370.2016
000533.SZ,20230207,4.55,5.6027,9.1906,,265.9159,4.4759,2.1548,1.8934,314321.28,311630.592
000533.SZ,20230206,4.5,8.3914,13.7651,,262.9938,4.4267,2.1311,1.8726,310867.2,308206.08
000533.SZ,20230203,4.55,11.1074,18.2203,,265.9159,4.4759,2.1548,1.8934,314321.28,311630.592
000533.SZ,20230202,4.49,12.029,19.7321,,262.4093,4.4169,2.1263,1.8684,310176.384,307521.1776
000533.SZ,20230201,4.25,2.7596,4.5268,,248.383,4.1808,2.0127,1.7685,293596.8,291083.52
000533.SZ,20230131,4.19,2.667,4.3748,,244.8764,4.1218,1.9843,1.7436,289451.904,286974.1056
000533.SZ,20230130,4.11,2.1092,3.4599,,240.201,4.0431,1.9464,1.7103,283925.376,281494.8864
000533.SZ,20230120,4.09,1.7989,2.9509,,239.0321,4.0234,1.9369,1.702,282543.744,280125.0816
000533.SZ,20230119,4.05,3.1176,5.1141,,236.6944,3.984,1.918,1.6853,279780.48,277385.472
000533.SZ,20230118,4.16,4.9749,8.1607,,243.1231,4.0922,1.9701,1.7311,287379.456,284919.3984
000533.SZ,20230117,4.04,3.3693,5.5268,,236.11,3.9742,1.9132,1.6811,279089.664,276700.5696
000533.SZ,20230116,3.92,0.8436,1.3839,,229.0968,3.8561,1.8564,1.6312,270799.872,268481.7408
000533.SZ,20230113,3.89,0.7941,1.3026,,227.3435,3.8266,1.8422,1.6187,268727.424,266427.0336
000533.SZ,20230112,3.9,0.8339,1.3679,,227.9279,3.8365,1.8469,1.6229,269418.24,267111.936
000533.SZ,20230111,3.84,0.8515,1.3967,,224.4213,3.7775,1.8185,1.5979,265273.344,263002.5216
000533.SZ,20230110,3.91,0.9184,1.5066,,228.5124,3.8463,1.8517,1.627,270109.056,267796.8384
000533.SZ,20230109,3.95,1.2171,1.9965,,230.8501,3.8857,1.8706,1.6437,272872.32,270536.448
000533.SZ,20230106,3.93,1.5138,2.4832,,229.6812,3.866,1.8611,1.6354,271490.688,269166.6432
000533.SZ,20230105,3.91,1.2649,2.0749,,228.5124,3.8463,1.8517,1.627,270109.056,267796.8384
000533.SZ,20230104,3.87,1.0453,1.7147,,226.1746,3.807,1.8327,1.6104,267345.792,265057.2288
000533.SZ,20230103,3.87,1.3743,2.2544,,226.1746,3.807,1.8327,1.6104,267345.792,265057.2288
000533.SZ,20221230,3.78,1.1096,1.8201,,220.9148,3.7184,1.7901,1.573,261128.448,258893.1072
000533.SZ,20221229,3.68,0.7157,1.174,,215.0705,3.6201,1.7427,1.5313,254220.288,252044.0832
000533.SZ,20221228,3.76,0.7654,1.2556,,219.7459,3.6988,1.7806,1.5646,259746.816,257523.3024
000533.SZ,20221227,3.79,0.6509,1.0678,,221.4992,3.7283,1.7948,1.5771,261819.264,259578.0096
000533.SZ,20221226,3.79,1.2335,2.0234,,221.4992,3.7283,1.7948,1.5771,261819.264,259578.0096
000533.SZ,20221223,3.64,0.86,1.4106,,212.7327,3.5807,1.7238,1.5147,251457.024,249304.4736
000533.SZ,20221222,3.65,0.9096,1.492,,213.3172,3.5905,1.7285,1.5189,252147.84,249989.376
000533.SZ,20221221,3.75,0.8127,1.3331,,219.1615,3.6889,1.7759,1.5605,259056.0,256838.4
000533.SZ,20221220,3.82,0.9234,1.5147,,223.2525,3.7578,1.809,1.5896,263891.712,261632.7168
000533.SZ,20221219,3.76,0.875,1.4354,,219.7459,3.6988,1.7806,1.5646,259746.816,257523.3024
000533.SZ,20221216,3.85,1.1206,1.8381,,225.0058,3.7873,1.8233,1.6021,265964.16,263687.424
000533.SZ,20221215,3.93,0.8098,1.3283,,229.6812,3.866,1.8611,1.6354,271490.688,269166.6432
000533.SZ,20221214,3.87,1.212,1.9881,,226.1746,3.807,1.8327,1.6104,267345.792,265057.2288
000533.SZ,20221213,3.93,0.9406,1.543,,229.6812,3.866,1.8611,1.6354,271490.688,269166.6432
000533.SZ,20221212,3.96,1.2875,2.1119,,231.4345,3.8955,1.8753,1.6479,273563.136,271221.3504
000533.SZ,20221209,3.95,1.5673,2.5709,,230.8501,3.8857,1.8706,1.6437,272872.32,270536.448
000533.SZ,20221208,4.01,1.2693,2.0822,,234.3567,3.9447,1.899,1.6687,277017.216,274645.8624
000533.SZ,20221207,4.04,1.2574,2.0626,,236.11,3.9742,1.9132,1.6811,279089.664,276700.5696
000533.SZ,20221206,4.06,1.7306,2.8388,,237.2788,3.9939,1.9227,1.6895,280471.296,278070.3744
000533.SZ,20221205,4.15,1.6898,2.772,,242.5387,4.0824,1.9653,1.7269,286688.64,284234.496
000533.SZ,20221202,4.15,2.6397,4.3301,,242.5387,4.0824,1.9653,1.7269,286688.64,284234.496
000533.SZ,20221201,4.05,1.5114,2.4792,,236.6944,3.984,1.918,1.6853,279780.48,277385.472
000533.SZ,20221130,4.02,1.2694,2.0822,,234.9411,3.9545,1.9038,1.6728,277708.032,275330.7648
000533.SZ,20221129,4.04,1.443,2.367,,236.11,3.9742,1.9132,1.6811,279089.664,276700.5696
000533.SZ,20221128,3.96,1.6442,2.6971,,231.4345,3.8955,1.8753,1.6479,273563.136,271221.3504
000533.SZ,20221125,4.01,2.011,3.2988,,234.3567,3.9447,1.899,1.6687,277017.216,274645.8624
000533.SZ,20221124,4.1,2.036,3.3398,,239.6165,4.0332,1.9416,1.7061,283234.56,280809.984
000533.SZ,20221123,4.17,3.392,5.5642,,243.7076,4.1021,1.9748,1.7352,288070.272,285604.3008
000533.SZ,20221122,4.15,3.6473,5.9829,,242.5387,4.0824,1.9653,1.7269,286688.64,284234.496
000533.SZ,20221121,4.32,5.3539,8.7825,,252.474,4.2496,2.0458,1.7977,298432.512,295877.8368
000533.SZ,20221118,4.31,7.6806,12.5991,,251.8896,4.2398,2.0411,1.7935,297741.696,295192.9344
000533.SZ,20221117,4.08,1.1307,1.8547,,238.4477,4.0135,1.9322,1.6978,281852.928,279440.1792
000533.SZ,20221116,4.09,1.2057,1.9778,,239.0321,4.0234,1.9369,1.702,282543.744,280125.0816
000533.SZ,20221115,4.12,1.4947,2.4519,,240.7854,4.0529,1.9511,1.7144,284616.192,282179.7888
000533.SZ,20221114,3.99,1.4654,2.4038,,233.1878,3.925,1.8896,1.6603,275635.584,273276.0576
000533.SZ,20221111,4.08,1.6237,2.6636,,238.4477,4.0135,1.9322,1.6978,281852.928,279440.1792
000533.SZ,20221110,4.07,1.2607,2.068,,237.8633,4.0037,1.9274,1.6936,281162.112,278755.2768
000533.SZ,20221109,4.15,1.4877,2.4404,,242.5387,4.0824,1.9653,1.7269,286688.64,284234.496
000533.SZ,20221108,4.15,1.6663,2.7334,,242.5387,4.0824,1.9653,1.7269,286688.64,284234.496
000533.SZ,20221107,4.12,1.6412,2.6922,,240.7854,4.0529,1.9511,1.7144,284616.192,282179.7888
000533.SZ,20221104,4.1,1.972,3.2348,,239.6165,4.0332,1.9416,1.7061,283234.56,280809.984
000533.SZ,20221103,4.04,1.3204,2.1659,,236.11,3.9742,1.9132,1.6811,279089.664,276700.5696
000533.SZ,20221102,4.04,1.5314,2.512,,236.11,3.9742,1.9132,1.6811,279089.664,276700.5696
000533.SZ,20221101,4.02,1.8634,3.0566,,234.9411,3.9545,1.9038,1.6728,277708.032,275330.7648
000533.SZ,20221031,3.87,1.2759,2.093,,226.1746,3.807,1.8327,1.6104,267345.792,265057.2288
000533.SZ,20221028,3.82,2.0284,3.3273,,223.2525,3.7578,1.809,1.5896,263891.712,261632.7168
000533.SZ,20221027,3.99,1.8035,2.9583,,233.1878,3.925,1.8896,1.6603,275635.584,273276.0576
000533.SZ,20221026,4.07,2.5048,4.1088,,237.8633,4.0037,1.9274,1.6936,281162.112,278755.2768
000533.SZ,20221025,4.1,3.0754,5.0448,,,4.0647,1.9416,1.7805,283234.56,280809.984
000533.SZ,20221024,3.94,1.9015,3.1191,,,3.9061,1.8659,1.711,272181.504,269851.5456
000533.SZ,20221021,4.01,1.7807,2.921,,,3.9755,1.899,1.7414,277017.216,274645.8624
000533.SZ,20221020,3.95,2.0726,3.3999,,,3.916,1.8706,1.7154,272872.32,270536.448
000533.SZ,20221019,4.03,2.3141,3.796,,,3.9953,1.9085,1.7501,278398.848,276015.6672
000533.SZ,20221018,4.01,2.3417,3.8413,,,3.9755,1.899,1.7414,277017.216,274645.8624
000533.SZ,20221017,3.96,1.7263,2.8318,,,3.9259,1.8753,1.7197,273563.136,271221.3504
000533.SZ,20221014,3.93,2.1755,3.5686,,,3.8961,1.8611,1.7067,271490.688,269166.6432
000533.SZ,20221013,3.84,1.655,2.7148,,,3.8069,1.8185,1.6676,265273.344,263002.5216
000533.SZ,20221012,3.83,1.7726,2.9076,,,3.797,1.8138,1.6633,264582.528,262317.6192
000533.SZ,20221011,3.71,1.6481,2.7035,,,3.678,1.757,1.6111,256292.736,254098.7904
000533.SZ,20221010,3.6,1.3075,2.1448,,,3.569,1.7049,1.5634,248693.76,246564.864
000533.SZ,20220930,3.64,1.2637,2.0729,,,3.6086,1.7238,1.5807,251457.024,249304.4736
000533.SZ,20220929,3.65,1.6955,2.7813,,,3.6186,1.7285,1.5851,252147.84,249989.376
000533.SZ,20220928,3.71,1.8504,3.0354,,,3.678,1.757,1.6111,256292.736,254098.7904
000533.SZ,20220927,3.86,1.5504,2.5433,,,3.8267,1.828,1.6763,266654.976,264372.3264
000533.SZ,20220926,3.76,1.368,2.244,,,3.7276,1.7806,1.6329,259746.816,257523.3024
000533.SZ,20220923,3.82,1.5314,2.5121,,,3.7871,1.809,1.6589,263891.712,261632.7168
000533.SZ,20220922,3.94,1.581,2.5935,,,3.9061,1.8659,1.711,272181.504,269851.5456
000533.SZ,20220921,3.93,1.3334,2.1873,,,3.8961,1.8611,1.7067,271490.688,269166.6432
000533.SZ,20220920,3.92,2.0279,3.3265,,,3.8862,1.8564,1.7023,270799.872,268481.7408
000533.SZ,20220919,3.77,1.759,2.8854,,,3.7375,1.7854,1.6372,260437.632,258208.2048
000533.SZ,20220916,3.82,1.7824,2.9239,,,3.7871,1.809,1.6589,263891.712,261632.7168
000533.SZ,20220915,3.92,3.1213,5.1201,,,3.8862,1.8564,1.7023,270799.872,268481.7408
000533.SZ,20220914,4.05,2.0003,3.2813,,,4.0151,1.918,1.7588,279780.48,277385.472
000533.SZ,20220913,4.13,1.803,2.9576,,,4.0944,1.9559,1.7935,285307.008,282864.6912
000533.SZ,20220909,4.13,2.0976,3.4409,,,4.0944,1.9559,1.7935,285307.008,282864.6912
000533.SZ,20220908,4.19,2.934,4.8129,,,4.1539,1.9843,1.8196,289451.904,286974.1056
000533.SZ,20220907,4.31,2.9587,4.8533,,,4.2729,2.0411,1.8717,297741.696,295192.9344
000533.SZ,20220906,4.28,4.0122,6.5816,,,4.2431,2.0269,1.8587,295669.248,293138.2272
000533.SZ,20220905,4.15,3.3647,5.5193,,,4.1142,1.9653,1.8022,286688.64,284234.496
000533.SZ,20220902,4.12,2.698,4.4257,,,4.0845,1.9511,1.7892,284616.192,282179.7888
000533.SZ,20220901,4.06,3.3107,5.4307,,,4.025,1.9227,1.7631,280471.296,278070.3744
000533.SZ,20220831,4.12,5.5522,9.1077,,,4.0845,1.9511,1.7892,284616.192,282179.7888
000533.SZ,20220830,4.39,7.6738,12.588,,,4.3522,2.079,1.9064,303268.224,300672.1536
000533.SZ,20220829,4.7,5.9922,9.8295,,,4.6595,2.2258,2.0411,324683.52,321904.128
000533.SZ,20220826,4.85,7.9369,13.0194,,,4.8082,2.2968,2.1062,335045.76,332177.664
000533.SZ,20220825,4.93,10.0026,16.4079,,,4.8875,2.3347,2.141,340572.288,337656.8832
000533.SZ,20220824,5.08,17.1226,28.0874,,,5.0362,2.4057,2.2061,350934.528,347930.4192
000533.SZ,20220823,5.14,5.0829,8.3379,,,5.0957,2.4342,2.2322,355079.424,352039.8336
000533.SZ,20220822,4.67,4.383,7.1898,,,4.6298,2.2116,2.028,322611.072,319849.4208
000533.SZ,20220819,4.73,5.7165,9.3772,,,4.6893,2.24,2.0541,326755.968,323958.8352
000533.SZ,20220818,4.91,6.7844,11.129,,,4.8677,2.3252,2.1323,339190.656,336287.0784
000533.SZ,20220817,4.91,8.442,13.8481,,,4.9396,2.3252,2.2839,339190.656,336287.0784
000533.SZ,20220816,4.85,9.958,16.3348,,,4.8793,2.2968,2.256,335045.76,332177.664
000533.SZ,20220815,4.56,3.6611,6.0056,,,4.5875,2.1595,2.1211,315012.096,312315.4944
000533.SZ,20220812,4.51,6.3482,10.4135,,,4.5372,2.1358,2.0979,311558.016,308890.9824
000533.SZ,20220811,4.67,5.8888,9.6598,,,4.6982,2.2116,2.1723,322611.072,319849.4208
000533.SZ,20220810,4.74,6.5133,10.6842,,,4.7686,2.2447,2.2048,327446.784,324643.7376
000533.SZ,20220809,4.72,8.1307,13.3375,,,4.7485,2.2353,2.1955,326065.152,323273.9328
000533.SZ,20220808,4.6,6.7134,11.0125,,,4.6278,2.1784,2.1397,317775.36,315055.104
000533.SZ,20220805,4.56,9.7835,16.0486,,,4.5875,2.1595,2.1211,315012.096,312315.4944
000533.SZ,20220804,4.87,8.4679,13.8905,,,4.8994,2.3063,2.2653,336427.392,333547.4688
000533.SZ,20220803,4.71,13.4526,22.0672,,,4.7384,2.2305,2.1909,325374.336,322589.0304
000533.SZ,20220802,5.23,19.8208,32.5136,,,5.2616,2.4768,2.4328,361296.768,358203.9552
000533.SZ,20220801,5.2,4.9182,8.0676,,,5.2314,2.4626,2.4188,359224.32,356149.248
000533.SZ,20220729,4.73,13.3238,21.8561,,,4.7586,2.24,2.2002,326755.968,323958.8352
000533.SZ,20220728,4.8,13.537,22.2057,,,4.829,2.2731,2.2328,331591.68,328753.152
000533.SZ,20220727,4.74,15.3601,25.1964,,,4.7686,2.2447,2.2048,327446.784,324643.7376
000533.SZ,20220726,4.47,11.4126,18.7209,,,4.497,2.1169,2.0793,308794.752,306151.3728
000533.SZ,20220725,4.43,15.3152,25.1226,,,4.4567,2.0979,2.0606,306031.488,303411.7632
000533.SZ,20220722,4.92,27.1948,44.6097,,,4.9497,2.33,2.2886,339881.472,336971.9808
000533.SZ,20220721,4.7,6.5686,10.775,,,4.7284,2.2258,2.1862,324683.52,321904.128
000533.SZ,20220720,4.27,9.8951,16.2317,,,4.2958,2.0222,1.9862,294978.432,292453.3248
000533.SZ,20220719,4.19,16.632,27.2827,,,4.2153,1.9843,1.949,289451.904,286974.1056
000533.SZ,20220718,4.24,7.2893,11.9572,,,4.2656,2.0079,1.9723,292905.984,290398.6176
000533.SZ,20220715,3.85,8.5628,14.0462,,,3.8732,1.8233,1.7909,265964.16,263687.424
000533.SZ,20220714,4.05,10.0886,16.5491,,,4.0745,1.918,1.8839,279780.48,277385.472
000533.SZ,20220713,4.21,14.9581,24.5369,,,4.2354,1.9937,1.9583,290833.536,288343.9104
000533.SZ,20220712,4.16,20.1898,33.1188,,,4.1851,1.9701,1.9351,287379.456,284919.3984
000533.SZ,20220711,4.61,24.7464,40.5934,,,4.6378,2.1832,2.1444,318466.176,315740.0064
000533.SZ,20220708,4.19,8.0227,13.1603,,,4.2153,1.9843,1.949,289451.904,286974.1056
000533.SZ,20220707,3.81,9.1143,14.9508,,,3.833,1.8043,1.7722,263200.896,260947.8144
000533.SZ,20220706,3.76,7.1708,11.7628,,,3.7827,1.7806,1.749,259746.816,257523.3024
000533.SZ,20220705,3.63,2.3399,3.8384,,,3.6519,1.7191,1.6885,250766.208,248619.5712
000533.SZ,20220704,3.68,2.248,3.6875,,,3.7022,1.7427,1.7118,254220.288,252044.0832
000533.SZ,20220701,3.62,2.0322,3.3336,,,3.6419,1.7143,1.6839,250075.392,247934.6688
000533.SZ,20220630,3.63,1.9949,3.2724,,,3.6519,1.7191,1.6885,250766.208,248619.5712
000533.SZ,20220629,3.58,2.4889,4.0827,,,3.6016,1.6954,1.6653,247312.128,245195.0592
000533.SZ,20220628,3.7,2.3994,3.936,,,3.7223,1.7522,1.7211,255601.92,253413.888
000533.SZ,20220627,3.62,2.023,3.3185,,,3.6419,1.7143,1.6839,250075.392,247934.6688
000533.SZ,20220624,3.66,2.4233,3.9751,,,3.6821,1.7333,1.7025,252838.656,250674.2784
000533.SZ,20220623,3.65,3.1442,5.1576,,,3.672,1.7285,1.6978,252147.84,249989.376
000533.SZ,20220622,3.52,2.2712,3.7255,,,3.5413,1.667,1.6374,243167.232,241085.6448
000533.SZ,20220621,3.52,2.1423,3.5141,,,3.5413,1.667,1.6374,243167.232,241085.6448
000533.SZ,20220620,3.56,3.1218,5.1209,,,3.5815,1.6859,1.656,245930.496,243825.2544
000533.SZ,20220617,3.46,3.1919,5.236,,,3.4809,1.6386,1.6094,239022.336,236976.2304
000533.SZ,20220616,3.4,2.0932,3.4336,,,3.4205,1.6101,1.5815,234877.44,232866.816
000533.SZ,20220615,3.36,2.4263,3.9801,,,3.3803,1.5912,1.5629,232114.176,230127.2064
000533.SZ,20220614,3.42,2.1919,3.5955,,,3.4406,1.6196,1.5908,236259.072,234236.6208
000533.SZ,20220613,3.44,3.2349,5.3064,,,3.4608,1.6291,1.6001,237640.704,235606.4256
000533.SZ,20220610,3.44,3.4993,5.7402,,,3.4608,1.6291,1.6001,237640.704,235606.4256
000533.SZ,20220609,3.3,2.0577,3.3755,,,3.3199,1.5628,1.535,227969.28,226017.792
000533.SZ,20220608,3.41,2.5373,4.1622,,,3.4306,1.6149,1.5862,235568.256,233551.7184
000533.SZ,20220607,3.39,2.6632,4.3687,,,3.4105,1.6054,1.5769,234186.624,232181.9136
000533.SZ,20220606,3.44,3.0875,5.0647,,,3.4608,1.6291,1.6001,237640.704,235606.4256
000533.SZ,20220602,3.46,5.7064,9.3607,,,3.4809,1.6386,1.6094,239022.336,236976.2304
000533.SZ,20220601,3.6,6.2988,10.3323,,,3.6217,1.7049,1.6746,248693.76,246564.864
000533.SZ,20220531,3.45,3.2652,5.3561,,,3.4708,1.6338,1.6048,238331.52,236291.328
000533.SZ,20220530,3.38,1.7804,2.9205,,,3.4004,1.6007,1.5722,233495.808,231497.0112
000533.SZ,20220527,3.38,2.664,4.37,,,3.4004,1.6007,1.5722,233495.808,231497.0112
000533.SZ,20220526,3.41,4.8306,7.924,,,3.4306,1.6149,1.5862,235568.256,233551.7184
000533.SZ,20220525,3.33,1.8332,3.0071,,,3.3501,1.577,1.549,230041.728,228072.4992
000533.SZ,20220524,3.23,2.573,4.2206,,,3.2495,1.5296,1.5025,223133.568,221223.4752
000533.SZ,20220523,3.41,2.0483,3.36,,,3.4306,1.6149,1.5862,235568.256,233551.7184
000533.SZ,20220520,3.37,2.1714,3.5618,,,3.3903,1.5959,1.5676,232804.992,230812.1088
000533.SZ,20220519,3.33,2.3327,3.8265,,,3.3501,1.577,1.549,230041.728,228072.4992
000533.SZ,20220518,3.26,2.7796,4.5595,,,3.2797,1.5438,1.5164,225206.016,223278.1824
000533.SZ,20220517,3.18,1.5069,2.4719,,,3.1992,1.506,1.4792,219679.488,217798.9632
000533.SZ,20220516,3.21,1.7433,2.8597,,,3.2294,1.5202,1.4932,221751.936,219853.6704
000533.SZ,20220513,3.23,1.9043,3.1238,,,3.2495,1.5296,1.5025,223133.568,221223.4752
000533.SZ,20220512,3.19,2.1027,3.4493,,,3.2093,1.5107,1.4839,220370.304,218483.8656
000533.SZ,20220511,3.16,2.6628,4.3679,,,3.1791,1.4965,1.4699,218297.856,216429.1584
000533.SZ,20220510,3.18,2.3154,3.7982,,,3.1992,1.506,1.4792,219679.488,217798.9632
000533.SZ,20220509,3.15,2.5531,4.1881,,,3.169,1.4918,1.4652,217607.04,215744.256
000533.SZ,20220506,3.09,4.0907,6.7103,,,3.1087,1.4633,1.4373,213462.144,211634.8416
000533.SZ,20220505,3.18,3.6655,6.0128,,,3.1992,1.506,1.4792,219679.488,217798.9632
000533.SZ,20220429,2.89,2.346,3.8484,,,2.9261,1.3686,1.3686,199645.824,197936.7936
000533.SZ,20220428,2.77,2.0729,3.4004,,,2.8046,1.3118,1.3118,191356.032,189717.9648
000533.SZ,20220427,2.86,2.9237,4.796,,,2.8957,1.3544,1.3544,197573.376,195882.0864
000533.SZ,20220426,2.75,2.751,4.5127,,,2.7843,1.3023,1.3023,189974.4,188348.16
000533.SZ,20220425,2.85,3.5046,5.7488,,,2.8856,1.3497,1.3497,196882.56,195197.184
000533.SZ,20220422,3.15,2.2369,3.6694,,,3.1893,1.4918,1.4918,217607.04,215744.256
000533.SZ,20220421,3.18,3.4807,5.7096,,,3.2197,1.506,1.506,219679.488,217798.9632
000533.SZ,20220420,3.31,2.806,4.6029,,,3.3513,1.5675,1.5675,228660.096,226702.6944
000533.SZ,20220419,3.4,1.5293,2.5086,,,3.4424,1.6101,1.6101,234877.44,232866.816
000533.SZ,20220418,3.39,2.2916,3.7591,,,3.4323,1.6054,1.6054,234186.624,232181.9136
000533.SZ,20220415,3.39,2.6127,4.2859,,,3.4323,1.6054,1.6054,234186.624,232181.9136
000533.SZ,20220414,3.5,2.345,3.8467,,,3.5437,1.6575,1.6575,241785.6,239715.84
000533.SZ,20220413,3.48,3.8602,6.3322,,,3.5234,1.648,1.648,240403.968,238346.0352
000533.SZ,20220412,3.67,4.183,6.8617,,,3.7158,1.738,1.738,253529.472,251359.1808
000533.SZ,20220411,3.59,5.1293,8.4139,,,3.6348,1.7001,1.7001,248002.944,245879.9616
000533.SZ,20220408,3.79,7.7581,12.7262,,,3.8373,1.7948,1.7948,261819.264,259578.0096
000533.SZ,20220407,3.92,13.3211,21.8516,,,3.9689,1.8564,1.8564,270799.872,268481.7408
000533.SZ,20220406,4.29,20.8081,34.133,,,4.3435,2.0316,2.0316,296360.064,293823.1296
000533.SZ,20220401,4.55,11.093,18.1967,,,4.6068,2.1548,2.1548,314321.28,311630.592
000533.SZ,20220331,4.14,5.7804,9.4819,,,4.1917,1.9606,1.9606,285997.824,283549.5936
000533.SZ,20220330,3.76,2.9963,4.9151,,,3.8069,1.7806,1.7806,259746.816,257523.3024
000533.SZ,20220329,3.58,2.7037,4.4351,,,3.6247,1.6954,1.6954,247312.128,245195.0592
000533.SZ,20220328,3.66,2.1663,3.5536,29.4244,39.8178,3.6632,1.7111,1.746,252838.656,250674.2784
000533.SZ,20220325,3.7,2.4062,3.947,29.746,40.253,3.7032,1.7298,1.7651,255601.92,253413.888
000533.SZ,20220324,3.69,3.1961,5.2429,29.6656,40.1442,3.6932,1.7251,1.7603,254911.104,252728.9856
000533.SZ,20220323,3.88,3.5567,5.8342,31.1931,42.2113,3.8834,1.8139,1.8509,268036.608,265742.1312
000533.SZ,20220322,3.75,2.1502,3.5271,30.1479,40.797,3.7533,1.7531,1.7889,259056.0,256838.4
000533.SZ,20220321,3.79,3.5306,5.7914,30.4695,41.2321,3.7933,1.7718,1.808,261819.264,259578.0096
000533.SZ,20220318,3.66,2.0363,3.3402,29.4244,39.8178,3.6632,1.7111,1.746,252838.656,250674.2784
000533.SZ,20220317,3.6,3.3872,5.5563,28.942,39.1651,3.6031,1.683,1.7174,248693.76,246564.864
000533.SZ,20220316,3.54,4.1029,6.7302,28.4597,38.5123,3.5431,1.655,1.6887,244548.864,242455.4496
000533.SZ,20220315,3.34,3.063,5.0245,26.8518,36.3365,3.3429,1.5615,1.5933,230732.544,228757.4016
000533.SZ,20220314,3.59,2.4887,4.0825,28.8616,39.0563,3.5931,1.6783,1.7126,248002.944,245879.9616
000533.SZ,20220311,3.68,2.5005,4.1018,29.5852,40.0354,3.6832,1.7204,1.7555,254220.288,252044.0832
000533.SZ,20220310,3.67,2.5266,4.1446,29.5048,39.9266,3.6732,1.7157,1.7507,253529.472,251359.1808
000533.SZ,20220309,3.64,3.5837,5.8787,29.2636,39.6003,3.6432,1.7017,1.7364,251457.024,249304.4736
000533.SZ,20220308,3.61,2.9901,4.9049,29.0224,39.2739,3.6131,1.6877,1.7221,249384.576,247249.7664
000533.SZ,20220307,3.77,2.5976,4.2611,30.3087,41.0146,3.7733,1.7625,1.7984,260437.632,258208.2048
000533.SZ,20220304,3.83,2.9411,4.8245,30.7911,41.6673,3.8333,1.7905,1.8271,264582.528,262317.6192
000533.SZ,20220303,3.96,3.7021,6.0728,31.8362,43.0816,3.9634,1.8513,1.8891,273563.136,271221.3504
000533.SZ,20220302,3.97,4.8658,7.9817,31.9166,43.1904,3.9734,1.856,1.8939,274253.952,271906.2528
000533.SZ,20220301,3.89,3.9975,6.5574,31.2735,42.3201,3.8934,1.8186,1.8557,268727.424,266427.0336
000533.SZ,20220228,3.8,3.2841,5.3872,30.5499,41.3409,3.8033,1.7765,1.8128,262510.08,260262.912
000533.SZ,20220225,3.86,4.9374,8.0992,31.0323,41.9937,3.8634,1.8046,1.8414,266654.976,264372.3264
000533.SZ,20220224,3.8,8.2287,13.4982,30.5499,41.3409,3.8033,1.7765,1.8128,262510.08,260262.912
000533.SZ,20220223,3.79,4.4899,7.3651,30.4695,41.2321,3.7933,1.7718,1.808,261819.264,259578.0096
000533.SZ,20220222,3.74,8.1269,13.3311,30.0676,40.6882,3.7432,1.7485,1.7841,258365.184,256153.4976
000533.SZ,20220221,3.88,5.1349,8.4231,31.1931,42.2113,3.8834,1.8139,1.8509,268036.608,265742.1312
000533.SZ,20220218,3.53,2.4061,3.947,28.3793,38.4036,3.5331,1.6503,1.684,243858.048,241770.5472
000533.SZ,20220217,3.54,3.6315,5.9571,28.4597,38.5123,3.5431,1.655,1.6887,244548.864,242455.4496
000533.SZ,20220216,3.67,2.5582,4.1963,29.5048,39.9266,3.6732,1.7157,1.7507,253529.472,251359.1808
000533.SZ,20220215,3.6,2.3813,3.9063,28.942,39.1651,3.6031,1.683,1.7174,248693.76,246564.864
000533.SZ,20220214,3.66,2.3836,3.91,29.4244,39.8178,3.6632,1.7111,1.746,252838.656,250674.2784
000533.SZ,20220211,3.62,3.4548,5.6672,29.1028,39.3827,3.6231,1.6924,1.7269,250075.392,247934.6688
000533.SZ,20220210,3.81,3.4725,5.6962,30.6303,41.4497,3.8133,1.7812,1.8175,263200.896,260947.8144
000533.SZ,20220209,3.89,3.2908,5.3981,31.2735,42.3201,3.8934,1.8186,1.8557,268727.424,266427.0336
000533.SZ,20220208,3.85,3.4748,5.7,30.9519,41.8849,3.8533,1.7999,1.8366,265964.16,263687.424
000533.SZ,20220207,3.78,2.7453,4.5033,30.3891,41.1233,3.7833,1.7672,1.8032,261128.448,258893.1072
000533.SZ,20220128,3.68,3.2171,5.2772,29.5852,40.0354,3.6832,1.7204,1.7555,254220.288,252044.0832
000533.SZ,20220127,3.63,3.1111,5.1034,29.1832,39.4915,3.6332,1.697,1.7317,250766.208,248619.5712
000533.SZ,20220126,3.75,3.5552,5.8319,30.1479,40.797,3.7533,1.7531,1.7889,259056.0,256838.4
000533.SZ,20220125,3.68,3.8419,6.3022,29.5852,40.0354,3.6832,1.7204,1.7555,254220.288,252044.0832
000533.SZ,20220124,3.87,3.2472,5.3266,31.1127,42.1025,3.8734,1.8092,1.8462,267345.792,265057.2288
000533.SZ,20220121,3.94,3.5015,5.7438,31.6754,42.864,3.9434,1.842,1.8795,272181.504,269851.5456
000533.SZ,20220120,4.05,5.333,8.748,32.5598,44.0607,4.0535,1.8934,1.932,279780.48,277385.472
000533.SZ,20220119,4.31,4.1644,6.8312,34.65,46.8893,4.3137,2.0149,2.0561,297741.696,295192.9344
000533.SZ,20220118,4.35,6.678,10.9543,34.9716,47.3245,4.3538,2.0336,2.0751,300504.96,297932.544
000533.SZ,20220117,4.64,7.0319,11.535,37.3031,50.4795,4.644,2.1692,2.2135,320538.624,317794.7136
000533.SZ,20220114,4.48,7.4515,12.2232,36.0167,48.7388,4.4839,2.0944,2.1371,309485.568,306836.2752
000533.SZ,20220113,4.67,8.7118,14.2907,37.5442,50.8058,4.6741,2.1832,2.2278,322611.072,319849.4208
000533.SZ,20220112,4.88,12.5571,20.5983,39.2325,53.0905,4.8842,2.2814,2.328,337118.208,334232.3712
000533.SZ,20220111,4.95,19.6467,32.228,39.7953,53.852,4.9543,2.3141,2.3614,341953.92,339026.688
000533.SZ,20220110,4.68,7.8116,12.8139,37.6246,50.9146,4.6841,2.1879,2.2326,323301.888,320534.3232
000533.SZ,20220107,4.25,6.7765,11.1159,34.1677,46.2366,4.2537,1.9869,2.0274,293596.8,291083.52
000533.SZ,20220106,4.48,5.1027,8.3704,36.0167,48.7388,4.4839,2.0944,2.1371,309485.568,306836.2752
000533.SZ,20220105,4.45,7.1535,11.7344,35.7756,48.4124,4.4539,2.0804,2.1228,307413.12,304781.568
000533.SZ,20220104,4.63,8.6945,14.2622,37.2227,50.3707,4.634,2.1645,2.2087,319847.808,317109.8112
000533.SZ,20211231,4.69,11.2689,18.4853,37.705,51.0234,4.6941,2.1926,2.2373,323992.704,321219.2256
000533.SZ,20211230,4.46,7.2366,11.8707,35.856,48.5212,4.4639,2.0851,2.1276,308103.936,305466.4704
000533.SZ,20211229,4.44,8.0184,13.1532,35.6952,48.3036,4.4439,2.0757,2.1181,306722.304,304096.6656
000533.SZ,20211228,4.54,10.2765,16.8574,36.4991,49.3915,4.5439,2.1225,2.1658,313630.464,310945.6896
000533.SZ,20211227,4.49,12.8394,21.0615,36.0971,48.8476,4.4939,2.0991,2.1419,310176.384,307521.1776
000533.SZ,20211224,4.99,17.77,29.1494,40.1169,54.2872,4.9943,2.3328,2.3804,344717.184,341766.2976
000533.SZ,20211223,5.54,10.542,17.2929,44.5386,60.2707,5.5448,2.59,2.6428,382712.064,379435.9296
000533.SZ,20211222,5.04,19.5175,32.0161,40.5188,54.8311,5.0444,2.3562,2.4043,348171.264,345190.8096
000533.SZ,20211221,5.36,4.5501,7.4639,43.0915,58.3125,5.3647,2.5058,2.5569,370277.376,367107.6864
000533.SZ,20211220,5.95,23.6928,38.865,47.8347,64.7312,5.9552,2.7816,2.8384,411035.52,407516.928
000533.SZ,20211217,5.42,20.3557,33.391,43.5738,58.9652,5.4247,2.5339,2.5856,374422.272,371217.1008
000533.SZ,20211216,4.93,6.0154,9.8675,39.6345,53.6344,4.9343,2.3048,2.3518,340572.288,337656.8832
000533.SZ,20211215,4.48,12.7388,20.8964,36.0167,48.7388,4.4839,2.0944,2.1371,309485.568,306836.2752
000533.SZ,20211214,4.07,10.1048,16.5756,32.7206,44.2783,4.0735,1.9027,1.9416,281162.112,278755.2768
000533.SZ,20211213,3.7,3.891,6.3827,29.746,40.253,3.7032,1.7298,1.7651,255601.92,253413.888
000533.SZ,20211210,3.68,4.403,7.2226,29.5852,40.0354,3.6832,1.7204,1.7555,254220.288,252044.0832
000533.SZ,20211209,3.63,4.7336,7.7649,29.1832,39.4915,3.6332,1.697,1.7317,250766.208,248619.5712
000533.SZ,20211208,3.61,3.0605,5.0203,29.0224,39.2739,3.6131,1.6877,1.7221,249384.576,247249.7664
000533.SZ,20211207,3.61,5.2589,8.6265,29.0224,39.2739,3.6131,1.6877,1.7221,249384.576,247249.7664
000533.SZ,20211206,3.64,6.2446,10.2435,29.2636,39.6003,3.6432,1.7017,1.7364,251457.024,249304.4736
000533.SZ,20211203,3.76,4.5543,7.4708,30.2283,40.9058,3.7633,1.7578,1.7937,259746.816,257523.3024
000533.SZ,20211202,3.75,7.469,12.252,30.1479,40.797,3.7533,1.7531,1.7889,259056.0,256838.4
000533.SZ,20211201,3.84,6.824,11.1939,30.8715,41.7761,3.8433,1.7952,1.8318,265273.344,263002.5216
000533.SZ,20211130,3.79,9.1402,14.9934,30.4695,41.2321,3.7933,1.7718,1.808,261819.264,259578.0096
000533.SZ,20211129,3.88,11.1974,18.3679,31.1931,42.2113,3.8834,1.8139,1.8509,268036.608,265742.1312
000533.SZ,20211126,4.15,16.2037,26.5802,33.3637,45.1486,4.1536,1.9401,1.9797,286688.64,284234.496
000533.SZ,20211125,4.33,18.1801,29.8222,34.8108,47.1069,4.3338,2.0243,2.0656,299123.328,296562.7392
000533.SZ,20211124,4.17,12.1932,20.0015,33.5245,45.3662,4.1736,1.9495,1.9893,288070.272,285604.3008
000533.SZ,20211123,4.35,14.2447,23.3667,34.9716,47.3245,4.3538,2.0336,2.0751,300504.96,297932.544
000533.SZ,20211122,4.26,19.2415,31.5633,34.2481,46.3454,4.2637,1.9916,2.0322,294287.616,291768.4224
000533.SZ,20211119,3.99,12.0495,19.7657,32.0774,43.408,3.9935,1.8653,1.9034,275635.584,273276.0576
000533.SZ,20211118,3.63,13.4106,21.9984,29.1832,39.4915,3.6332,1.697,1.7317,250766.208,248619.5712
000533.SZ,20211117,3.6,10.5235,17.2625,28.942,39.1651,3.6031,1.683,1.7174,248693.76,246564.864
000533.SZ,20211116,3.27,4.397,7.2127,26.289,35.575,3.2728,1.5287,1.5599,225896.832,223963.0848
000533.SZ,20211115,3.21,3.473,5.697,25.8066,34.9222,3.2128,1.5007,1.5313,221751.936,219853.6704
000533.SZ,20211112,3.06,1.2876,2.1122,24.6007,33.2903,3.0627,1.4306,1.4597,211389.696,209580.1344
000533.SZ,20211111,3.04,1.5842,2.5987,24.4399,33.0727,3.0426,1.4212,1.4502,210008.064,208210.3296
000533.SZ,20211110,3.0,1.0775,1.7675,24.1184,32.6376,3.0026,1.4025,1.4311,207244.8,205470.72
000533.SZ,20211109,3.01,1.0027,1.6449,24.1988,32.7464,3.0126,1.4072,1.4359,207935.616,206155.6224
000533.SZ,20211108,2.98,0.653,1.0712,23.9576,32.42,2.9826,1.3932,1.4216,205863.168,204100.9152
000533.SZ,20211105,2.97,0.9221,1.5127,23.8772,32.3112,2.9726,1.3885,1.4168,205172.352,203416.0128
000533.SZ,20211104,2.98,1.2243,2.0084,23.9576,32.42,2.9826,1.3932,1.4216,205863.168,204100.9152
000533.SZ,20211103,2.92,0.834,1.368,23.4752,31.7672,2.9225,1.3651,1.393,201718.272,199991.5008
000533.SZ,20211102,2.9,1.8373,3.0138,23.3144,31.5497,2.9025,1.3558,1.3834,200336.64,198621.696
000533.SZ,20211101,3.01,1.4469,2.3734,24.1988,32.7464,3.0126,1.4072,1.4359,207935.616,206155.6224
000533.SZ,20211029,2.99,1.7221,2.8248,24.038,25.3986,2.9277,1.3978,1.3649,206553.984,204785.8176
000533.SZ,20211028,3.0,3.1978,5.2457,24.1184,25.4835,2.9375,1.4025,1.3695,207244.8,205470.72
000533.SZ,20211027,2.95,1.9863,3.2583,23.7164,25.0588,2.8885,1.3791,1.3467,203790.72,202046.208
000533.SZ,20211026,2.99,1.3584,2.2283,24.038,25.3986,2.9277,1.3978,1.3649,206553.984,204785.8176
000533.SZ,20211025,2.97,1.2578,2.0633,23.8772,25.2287,2.9081,1.3885,1.3558,205172.352,203416.0128
000533.SZ,20211022,2.89,1.8012,2.9546,23.234,24.5492,2.8298,1.3511,1.3193,199645.824,197936.7936
000533.SZ,20211021,2.96,1.2781,2.0965,23.7968,25.1438,2.8983,1.3838,1.3512,204481.536,202731.1104
000533.SZ,20211020,3.01,1.8504,3.0353,24.1988,25.5685,2.9473,1.4072,1.374,207935.616,206155.6224
000533.SZ,20211019,3.01,2.1184,3.475,24.1988,25.5685,2.9473,1.4072,1.374,207935.616,206155.6224
000533.SZ,20211018,3.04,2.5897,4.2481,24.4399,25.8233,2.9767,1.4212,1.3877,210008.064,208210.3296
000533.SZ,20211015,2.94,4.0818,6.6957,23.636,24.9739,2.8787,1.3745,1.3421,203099.904,201361.3056
000533.SZ,20211014,3.16,2.0223,3.3174,25.4047,26.8427,3.0942,1.4773,1.4425,218297.856,216429.1584
000533.SZ,20211013,3.16,3.016,4.9473,25.4047,26.8427,3.0942,1.4773,1.4425,218297.856,216429.1584
000533.SZ,20211012,3.27,4.0489,6.6416,26.289,27.7771,3.2019,1.5287,1.4927,225896.832,223963.0848
000533.SZ,20211011,3.19,4.6196,7.5778,25.6459,27.0975,3.1235,1.4913,1.4562,220370.304,218483.8656
000533.SZ,20211008,3.33,8.5001,13.9434,26.7714,28.2867,3.2606,1.5568,1.5201,230041.728,228072.4992
000533.SZ,20210930,3.5,13.2621,21.7548,28.1381,29.7308,3.4271,1.6363,1.5977,241785.6,239715.84
000533.SZ,20210929,3.58,7.6179,12.4962,28.7812,30.4104,3.5054,1.6737,1.6342,247312.128,245195.0592
000533.SZ,20210928,3.25,2.0475,3.3586,26.1282,27.6072,3.1823,1.5194,1.4836,224515.2,222593.28
000533.SZ,20210927,3.17,3.5382,5.804,25.4851,26.9276,3.104,1.482,1.4471,218988.672,217114.0608
000533.SZ,20210924,3.41,2.1736,3.5655,27.4145,28.9663,3.339,1.5942,1.5566,235568.256,233551.7184
000533.SZ,20210923,3.54,2.1303,3.4945,28.4597,30.0706,3.4662,1.655,1.616,244548.864,242455.4496
000533.SZ,20210922,3.55,3.8496,6.3148,28.5401,30.1555,3.476,1.6596,1.6205,245239.68,243140.352
000533.SZ,20210917,3.36,2.2028,3.6135,27.0126,28.5416,3.29,1.5708,1.5338,232114.176,230127.2064
000533.SZ,20210916,3.4,2.8606,4.6925,27.3341,28.8814,3.3292,1.5895,1.5521,234877.44,232866.816
000533.SZ,20210915,3.47,4.4854,7.3578,27.8969,29.476,3.3977,1.6222,1.584,239713.152,237661.1328
000533.SZ,20210914,3.26,2.6579,4.3599,26.2086,27.6921,3.1921,1.5241,1.4882,225206.016,223278.1824
000533.SZ,20210913,3.42,2.7863,4.5705,27.4949,29.0512,3.3487,1.5989,1.5612,236259.072,234236.6208
000533.SZ,20210910,3.43,4.059,6.6583,27.5753,29.1362,3.3585,1.6035,1.5658,236949.888,234921.5232
000533.SZ,20210909,3.33,2.1737,3.5656,26.7714,28.2867,3.2606,1.5568,1.5201,230041.728,228072.4992
000533.SZ,20210908,3.39,3.9123,6.4176,27.2537,28.7964,3.3194,1.5848,1.5475,234186.624,232181.9136
000533.SZ,20210907,3.28,3.5727,5.8606,26.3694,27.862,3.2117,1.5334,1.4973,226587.648,224647.9872
000533.SZ,20210906,3.36,2.4738,4.0579,27.0126,28.5416,3.29,1.5708,1.5338,232114.176,230127.2064
000533.SZ,20210903,3.25,2.0245,3.321,26.1282,27.6072,3.1823,1.5194,1.4836,224515.2,222593.28
000533.SZ,20210902,3.22,1.3235,2.171,25.887,27.3523,3.1529,1.5054,1.4699,222442.752,220538.5728
000533.SZ,20210901,3.18,2.082,3.4152,25.5655,27.0126,3.1137,1.4867,1.4516,219679.488,217798.9632
000533.SZ,20210831,3.22,2.1561,3.5368,25.887,27.3523,3.1529,1.5054,1.4699,222442.752,220538.5728
000533.SZ,20210830,3.33,3.5245,5.7815,26.7714,28.2867,3.2606,1.5568,1.5201,230041.728,228072.4992
000533.SZ,20210827,3.18,1.6174,2.6532,25.5655,24.7966,3.1413,1.4867,1.4005,219679.488,217798.9632
000533.SZ,20210826,3.22,1.6408,2.6915,25.887,25.1085,3.1808,1.5054,1.4181,222442.752,220538.5728
000533.SZ,20210825,3.23,1.7241,2.8282,25.9674,25.1865,3.1906,1.51,1.4225,223133.568,221223.4752
000533.SZ,20210824,3.2,2.9504,4.8398,25.7262,24.9526,3.161,1.496,1.4093,221061.12,219168.768
000533.SZ,20210823,3.11,1.3425,2.2023,25.0027,24.2508,3.0721,1.4539,1.3696,214843.776,213004.6464
000533.SZ,20210820,3.09,1.5682,2.5725,24.8419,24.0948,3.0524,1.4446,1.3608,213462.144,211634.8416
000533.SZ,20210819,3.06,1.6257,2.6667,24.6007,23.8609,3.0227,1.4306,1.3476,211389.696,209580.1344
000533.SZ,20210818,3.15,2.8054,4.602,25.3243,24.5627,3.1116,1.4726,1.3873,217607.04,215744.256
000533.SZ,20210817,3.03,1.8712,3.0694,24.3595,23.627,2.9931,1.4165,1.3344,209317.248,207525.4272
000533.SZ,20210816,3.09,1.7888,2.9344,24.8419,24.0948,3.0524,1.4446,1.3608,213462.144,211634.8416
000533.SZ,20210813,3.06,1.2104,1.9855,24.6007,23.8609,3.0227,1.4306,1.3476,211389.696,209580.1344
000533.SZ,20210812,3.06,2.2468,3.6856,24.6007,23.8609,3.0227,1.4306,1.3476,211389.696,209580.1344
000533.SZ,20210811,3.04,1.9568,3.2099,24.4399,23.7049,3.003,1.4212,1.3388,210008.064,208210.3296
000533.SZ,20210810,2.98,1.6699,2.7392,23.9576,23.2371,2.9437,1.3932,1.3124,205863.168,204100.9152
000533.SZ,20210809,3.0,2.41,3.9533,24.1184,23.393,2.9634,1.4025,1.3212,207244.8,205470.72
000533.SZ,20210806,2.92,2.8864,4.7347,23.4752,22.7692,2.8844,1.3651,1.286,201718.272,199991.5008
000533.SZ,20210805,2.85,0.8972,1.4717,22.9124,22.2234,2.8153,1.3324,1.2551,196882.56,195197.184
000533.SZ,20210804,2.85,0.9473,1.5539,22.9124,22.2234,2.8153,1.3324,1.2551,196882.56,195197.184
000533.SZ,20210803,2.83,1.0435,1.7118,22.7517,22.0674,2.7955,1.323,1.2463,195500.928,193827.3792
000533.SZ,20210802,2.81,0.9936,1.6298,22.5909,21.9115,2.7758,1.3137,1.2375,194119.296,192457.5744
000533.SZ,20210730,2.75,0.9764,1.6016,22.1085,21.4436,2.7165,1.2856,1.2111,189974.4,188348.16
000533.SZ,20210729,2.72,0.6832,1.1207,21.8673,21.2097,2.6869,1.2716,1.1979,187901.952,186293.4528
000533.SZ,20210728,2.68,1.2006,1.9694,21.5457,20.8978,2.6473,1.2529,1.1803,185138.688,183553.8432
000533.SZ,20210727,2.8,1.1119,1.8239,22.5105,21.8335,2.7659,1.309,1.2331,193428.48,191772.672
000533.SZ,20210726,2.78,0.7251,1.1894,22.3497,21.6775,2.7461,1.2997,1.2243,192046.848,190402.8672
000533.SZ,20210723,2.82,0.6893,1.1306,22.6713,21.9895,2.7856,1.3184,1.2419,194810.112,193142.4768
000533.SZ,20210722,2.82,0.6621,1.0862,22.6713,21.9895,2.7856,1.3184,1.2419,194810.112,193142.4768
000533.SZ,20210721,2.82,0.8423,1.3817,22.6713,21.9895,2.7856,1.3184,1.2419,194810.112,193142.4768
000533.SZ,20210720,2.84,1.0248,1.6811,22.832,22.1454,2.8054,1.3277,1.2507,196191.744,194512.2816
000533.SZ,20210719,2.78,0.8124,1.3327,22.3497,21.6775,2.7461,1.2997,1.2243,192046.848,190402.8672
000533.SZ,20210716,2.76,0.7269,1.1924,22.1889,21.5216,2.7264,1.2903,1.2155,190665.216,189033.0624
000533.SZ,20210715,2.77,1.0573,1.7344,22.2693,21.5996,2.7362,1.295,1.2199,191356.032,189717.9648
000533.SZ,20210714,2.81,0.7287,1.1953,22.5909,21.9115,2.7758,1.3137,1.2375,194119.296,192457.5744
000533.SZ,20210713,2.84,0.551,0.9039,22.832,22.1454,2.8054,1.3277,1.2507,196191.744,194512.2816
000533.SZ,20210712,2.83,0.8437,1.384,22.7517,22.0674,2.7955,1.323,1.2463,195500.928,193827.3792
000533.SZ,20210709,2.83,0.8536,1.4003,22.7517,22.0674,2.7955,1.323,1.2463,195500.928,193827.3792
000533.SZ,20210708,2.8,0.793,1.3009,22.5105,21.8335,2.7659,1.309,1.2331,193428.48,191772.672
000533.SZ,20210707,2.86,0.5657,0.9279,22.9928,22.3014,2.8252,1.3371,1.2595,197573.376,195882.0864
000533.SZ,20210706,2.84,0.6152,1.0092,22.832,22.1454,2.8054,1.3277,1.2507,196191.744,194512.2816
000533.SZ,20210705,2.84,0.5732,0.9402,22.832,22.1454,2.8054,1.3277,1.2507,196191.744,194512.2816
000533.SZ,20210702,2.79,0.896,1.4698,22.4301,21.7555,2.756,1.3043,1.2287,192737.664,191087.7696
000533.SZ,20210701,2.84,1.0574,1.7345,22.832,22.1454,2.8054,1.3277,1.2507,196191.744,194512.2816
000533.SZ,20210630,2.9,0.5075,0.8325,23.3144,22.6133,2.8647,1.3558,1.2772,200336.64,198621.696
000533.SZ,20210629,2.91,0.5202,0.8534,23.3948,22.6912,2.8745,1.3604,1.2816,201027.456,199306.5984
000533.SZ,20210628,2.94,0.7468,1.225,23.636,22.9252,2.9042,1.3745,1.2948,203099.904,201361.3056
000533.SZ,20210625,2.94,0.9148,1.5007,23.636,22.9252,2.9042,1.3745,1.2948,203099.904,201361.3056
000533.SZ,20210624,2.94,1.077,1.7667,23.636,22.9252,2.9042,1.3745,1.2948,203099.904,201361.3056
000533.SZ,20210623,2.91,0.5662,0.9288,23.3948,22.6912,2.8745,1.3604,1.2816,201027.456,199306.5984
000533.SZ,20210622,2.93,0.779,1.2779,23.5556,22.8472,2.8943,1.3698,1.2904,202409.088,200676.4032
000533.SZ,20210621,2.89,0.7949,1.3039,23.234,22.5353,2.8548,1.3511,1.2728,199645.824,197936.7936
000533.SZ,20210618,2.89,0.877,1.4387,23.234,22.5353,2.8548,1.3511,1.2728,199645.824,197936.7936
000533.SZ,20210617,2.88,0.8998,1.476,23.1536,22.4573,2.8449,1.3464,1.2684,198955.008,197251.8912
000533.SZ,20210616,2.93,0.7554,1.2391,23.5556,22.8472,2.8943,1.3698,1.2904,202409.088,200676.4032
000533.SZ,20210615,2.92,1.1185,1.8348,23.4752,22.7692,2.8844,1.3651,1.286,201718.272,199991.5008
000533.SZ,20210611,3.01,0.9081,1.4897,24.1988,23.471,2.9733,1.4072,1.3256,207935.616,206155.6224
000533.SZ,20210610,3.0,0.9942,1.6309,24.1184,23.393,2.9634,1.4025,1.3212,207244.8,205470.72
000533.SZ,20210609,3.03,1.0784,1.769,24.3595,23.627,2.9931,1.4165,1.3344,209317.248,207525.4272
000533.SZ,20210608,2.98,1.072,1.7584,23.9576,23.2371,2.9437,1.3932,1.3124,205863.168,204100.9152
000533.SZ,20210607,2.97,0.8154,1.3376,23.8772,23.1591,2.9338,1.3885,1.308,205172.352,203416.0128
000533.SZ,20210604,2.95,0.8693,1.4259,23.7164,23.0032,2.9141,1.3791,1.2992,203790.72,202046.208
000533.SZ,20210603,2.99,1.5297,2.5093,24.038,23.3151,2.9536,1.3978,1.3168,206553.984,204785.8176
000533.SZ,20210602,2.95,0.6933,1.1373,23.7164,23.0032,2.9141,1.3791,1.2992,203790.72,202046.208
000533.SZ,20210601,2.97,0.8506,1.3953,23.8772,23.1591,2.9338,1.3885,1.308,205172.352,203416.0128
000533.SZ,20210531,2.94,0.8359,1.3712,23.636,22.9252,2.9042,1.3745,1.2948,203099.904,201361.3056
000533.SZ,20210528,2.98,0.7183,1.1783,23.9576,23.2371,2.9437,1.3932,1.3124,205863.168,204100.9152
000533.SZ,20210527,2.97,0.9471,1.5537,23.8772,23.1591,2.9338,1.3885,1.308,205172.352,203416.0128
000533.SZ,20210526,2.99,1.3056,2.1417,24.038,23.3151,2.9536,1.3978,1.3168,206553.984,204785.8176
000533.SZ,20210525,2.94,1.0059,1.65,23.636,22.9252,2.9042,1.3745,1.2948,203099.904,201361.3056
000533.SZ,20210524,2.95,1.0428,1.7106,23.7164,23.0032,2.9141,1.3791,1.2992,203790.72,202046.208
000533.SZ,20210521,2.94,1.019,1.6715,23.636,22.9252,2.9042,1.3745,1.2948,203099.904,201361.3056
000533.SZ,20210520,2.91,1.5364,2.5203,23.3948,22.6912,2.8745,1.3604,1.2816,201027.456,199306.5984
000533.SZ,20210519,2.93,2.7274,4.474,23.5556,22.8472,2.8943,1.3698,1.2904,202409.088,200676.4032
000533.SZ,20210518,3.07,0.9456,1.5511,24.6811,23.9389,3.0326,1.4352,1.352,212080.512,210265.0368
000533.SZ,20210517,3.05,1.6925,2.7763,24.5203,23.7829,3.0128,1.4259,1.3432,210698.88,208895.232
000533.SZ,20210514,3.17,1.2747,2.0909,25.4851,24.7186,3.1314,1.482,1.3961,218988.672,217114.0608
000533.SZ,20210513,3.17,1.3002,2.1328,25.4851,24.7186,3.1314,1.482,1.3961,218988.672,217114.0608
000533.SZ,20210512,3.14,1.2125,1.989,25.2439,24.4847,3.1017,1.468,1.3829,216916.224,215059.3536
000533.SZ,20210511,3.13,1.0263,1.6836,25.1635,24.4067,3.0919,1.4633,1.3785,216225.408,214374.4512
000533.SZ,20210510,3.1,0.9519,1.5614,24.9223,24.1728,3.0622,1.4493,1.3652,214152.96,212319.744
000533.SZ,20210507,3.07,1.0112,1.6587,24.6811,23.9389,3.0326,1.4352,1.352,212080.512,210265.0368
000533.SZ,20210506,3.07,0.8755,1.4361,24.6811,23.9389,3.0326,1.4352,1.352,212080.512,210265.0368
000533.SZ,20210430,3.05,1.2703,2.0838,24.5203,23.7829,3.0128,1.4259,1.3432,210698.88,208895.232
000533.SZ,20210429,3.06,0.8983,1.4736,24.6007,23.8609,3.0227,1.4306,1.3476,211389.696,209580.1344
000533.SZ,20210428,3.07,1.0617,1.7415,24.6811,23.9389,3.0326,1.4352,1.352,212080.512,210265.0368
000533.SZ,20210427,3.1,1.8542,3.0416,24.9223,24.1728,3.0622,1.4493,1.3652,214152.96,212319.744
000533.SZ,20210426,3.07,1.207,1.9799,24.6811,23.9389,3.0326,1.4352,1.352,212080.512,210265.0368
000533.SZ,20210423,3.08,2.1901,3.5926,24.7615,24.0169,3.0425,1.4399,1.3564,212771.328,210949.9392
000533.SZ,20210422,3.15,1.7362,2.8481,25.3243,24.5627,3.1116,1.4726,1.3873,217607.04,215744.256
000533.SZ,20210421,3.22,1.6261,2.6674,25.887,25.1085,3.1808,1.5054,1.4181,222442.752,220538.5728
000533.SZ,20210420,3.22,2.5276,4.1463,25.887,25.1085,3.1808,1.5054,1.4181,222442.752,220538.5728
000533.SZ,20210419,3.28,2.8284,4.6396,26.3694,25.5764,3.24,1.5334,1.4445,226587.648,224647.9872
000533.SZ,20210416,3.34,3.4997,5.7408,26.8518,26.0442,3.2993,1.5615,1.4709,230732.544,228757.4016
000533.SZ,20210415,3.32,3.8973,6.3931,26.691,26.691,3.2955,1.5521,1.5521,229350.912,227387.5968
000533.SZ,20210414,3.24,2.3209,3.8072,26.0478,26.0478,3.2161,1.5147,1.5147,223824.384,221908.3776
000533.SZ,20210413,3.19,1.6866,2.7667,25.6459,25.6459,3.1664,1.4913,1.4913,220370.304,218483.8656
000533.SZ,20210412,3.19,2.7719,4.5469,25.6459,25.6459,3.1664,1.4913,1.4913,220370.304,218483.8656
000533.SZ,20210409,3.16,2.809,4.6078,25.4047,25.4047,3.1367,1.4773,1.4773,218297.856,216429.1584
000533.SZ,20210408,3.12,2.3261,3.8156,25.0831,25.0831,3.097,1.4586,1.4586,215534.592,213689.5488
000533.SZ,20210407,3.2,2.5556,4.1921,25.7262,25.7262,3.1764,1.496,1.496,221061.12,219168.768
000533.SZ,20210406,3.22,3.1842,5.2232,25.887,25.887,3.1962,1.5054,1.5054,222442.752,220538.5728
000533.SZ,20210402,3.14,1.9554,3.2075,25.2439,25.2439,3.1168,1.468,1.468,216916.224,215059.3536
000533.SZ,20210401,3.1,2.051,3.3645,24.9223,24.9223,3.0771,1.4493,1.4493,214152.96,212319.744
000533.SZ,20210331,3.16,2.6,4.2649,25.4047,25.4047,3.1367,1.4773,1.4773,218297.856,216429.1584
000533.SZ,20210330,3.1,3.1643,5.1907,24.9223,24.9223,3.0771,1.4493,1.4493,214152.96,212319.744
000533.SZ,20210329,3.19,3.9934,6.5507,753.5487,119.245,3.5407,1.6042,1.4946,220370.304,218483.8656
000533.SZ,20210326,3.1,4.4145,7.2415,732.2887,115.8807,3.4408,1.5589,1.4524,214152.96,212319.744
000533.SZ,20210325,3.0,2.7296,4.4775,708.6664,112.1426,3.3298,1.5087,1.4056,207244.8,205470.72
000533.SZ,20210324,3.05,5.4654,8.9653,720.4776,114.0117,3.3853,1.5338,1.429,210698.88,208895.232
000533.SZ,20210323,2.99,2.0169,3.3084,706.3042,111.7688,3.3187,1.5036,1.4009,206553.984,204785.8176
000533.SZ,20210322,3.04,2.5093,4.1162,718.1153,113.6378,3.3742,1.5288,1.4243,210008.064,208210.3296
000533.SZ,20210319,2.98,2.5479,4.1795,703.942,111.395,3.3076,1.4986,1.3962,205863.168,204100.9152
000533.SZ,20210318,3.0,2.8639,4.6978,708.6664,112.1426,3.3298,1.5087,1.4056,207244.8,205470.72
000533.SZ,20210317,3.03,3.5098,5.7574,715.7531,113.264,3.3631,1.5237,1.4196,209317.248,207525.4272
000533.SZ,20210316,3.07,4.6011,7.5476,725.202,114.7593,3.4075,1.5439,1.4384,212080.512,210265.0368
000533.SZ,20210315,3.02,3.9589,6.4941,713.3909,112.8902,3.352,1.5187,1.4149,208626.432,206840.5248
000533.SZ,20210312,3.02,6.7417,11.0589,713.3909,112.8902,3.352,1.5187,1.4149,208626.432,206840.5248
000533.SZ,20210311,3.1,13.8236,22.6759,732.2887,115.8807,3.4408,1.5589,1.4524,214152.96,212319.744
000533.SZ,20210310,3.31,18.3704,30.1343,781.8953,123.7307,3.6739,1.6645,1.5508,228660.096,226702.6944
000533.SZ,20210309,3.3,4.702,7.713,779.5331,123.3569,3.6628,1.6595,1.5461,227969.28,226017.792
000533.SZ,20210308,3.0,1.4485,2.3761,708.6664,112.1426,3.3298,1.5087,1.4056,207244.8,205470.72
000533.SZ,20210305,2.93,0.8478,1.3907,692.1309,109.526,3.2521,1.4735,1.3728,202409.088,200676.4032
000533.SZ,20210304,2.89,0.8191,1.3437,682.682,108.0307,3.2077,1.4533,1.354,199645.824,197936.7936
000533.SZ,20210303,2.92,1.0187,1.6711,689.7687,109.1521,3.241,1.4684,1.3681,201718.272,199991.5008
000533.SZ,20210302,2.91,1.0528,1.7269,687.4065,108.7783,3.2299,1.4634,1.3634,201027.456,199306.5984
000533.SZ,20210301,2.94,1.2899,2.116,694.4931,109.8998,3.2632,1.4785,1.3775,203099.904,201361.3056
000533.SZ,20210226,2.86,1.2744,2.0906,675.5953,106.9093,3.1744,1.4383,1.34,197573.376,195882.0864
000533.SZ,20210225,2.89,0.9531,1.5634,682.682,108.0307,3.2077,1.4533,1.354,199645.824,197936.7936
000533.SZ,20210224,2.89,1.0503,1.7228,682.682,108.0307,3.2077,1.4533,1.354,199645.824,197936.7936
000533.SZ,20210223,2.81,1.0476,1.7184,663.7842,105.0402,3.1189,1.4131,1.3165,194119.296,192457.5744
000533.SZ,20210222,2.86,1.4839,2.4341,675.5953,106.9093,3.1744,1.4383,1.34,197573.376,195882.0864
000533.SZ,20210219,2.85,0.9908,1.6254,673.2331,106.5355,3.1633,1.4332,1.3353,196882.56,195197.184
000533.SZ,20210218,2.8,0.7665,1.2573,661.422,104.6664,3.1078,1.4081,1.3119,193428.48,191772.672
000533.SZ,20210210,2.74,0.5473,0.8978,647.2487,102.4236,3.0412,1.3779,1.2838,189283.584,187663.2576
000533.SZ,20210209,2.74,0.7262,1.1912,647.2487,102.4236,3.0412,1.3779,1.2838,189283.584,187663.2576
000533.SZ,20210208,2.67,0.6327,1.0379,630.7131,99.8069,2.9635,1.3427,1.251,184447.872,182868.9408
000533.SZ,20210205,2.62,0.7413,1.216,618.902,97.9379,2.908,1.3176,1.2275,180993.792,179444.4288
000533.SZ,20210204,2.64,1.0025,1.6444,623.6265,98.6855,2.9302,1.3276,1.2369,182375.424,180814.2336
000533.SZ,20210203,2.72,0.7955,1.3049,642.5242,101.676,3.019,1.3678,1.2744,187901.952,186293.4528
000533.SZ,20210202,2.79,1.3051,2.1409,659.0598,104.2926,3.0967,1.403,1.3072,192737.664,191087.7696
000533.SZ,20210201,2.73,0.8815,1.4459,644.8865,102.0498,3.0301,1.3729,1.2791,188592.768,186978.3552
000533.SZ,20210129,2.73,1.4403,2.3626,644.8865,102.0498,3.0301,1.3729,1.2791,188592.768,186978.3552
000533.SZ,20210128,2.77,3.2108,5.2668,654.3354,103.545,3.0745,1.393,1.2978,191356.032,189717.9648
000533.SZ,20210127,2.71,0.7371,1.2091,640.162,101.3022,3.0079,1.3628,1.2697,187211.136,185608.5504
000533.SZ,20210126,2.67,0.669,1.0975,630.7131,99.8069,2.9635,1.3427,1.251,184447.872,182868.9408
000533.SZ,20210125,2.7,0.9988,1.6384,637.7998,100.9284,2.9968,1.3578,1.265,186520.32,184923.648
000533.SZ,20210122,2.78,0.8246,1.3526,656.6976,103.9188,3.0856,1.398,1.3025,192046.848,190402.8672
000533.SZ,20210121,2.8,1.482,2.431,661.422,104.6664,3.1078,1.4081,1.3119,193428.48,191772.672
000533.SZ,20210120,2.74,0.5608,0.9199,647.2487,102.4236,3.0412,1.3779,1.2838,189283.584,187663.2576
000533.SZ,20210119,2.76,0.7039,1.1546,651.9731,103.1712,3.0634,1.388,1.2931,190665.216,189033.0624
000533.SZ,20210118,2.74,0.9314,1.5279,647.2487,102.4236,3.0412,1.3779,1.2838,189283.584,187663.2576
000533.SZ,20210115,2.71,0.6274,1.0292,640.162,101.3022,3.0079,1.3628,1.2697,187211.136,185608.5504
000533.SZ,20210114,2.66,0.9313,1.5277,628.3509,99.4331,2.9524,1.3377,1.2463,183757.056,182184.0384
000533.SZ,20210113,2.65,1.0087,1.6546,625.9887,99.0593,2.9413,1.3326,1.2416,183066.24,181499.136
000533.SZ,20210112,2.72,0.744,1.2205,642.5242,101.676,3.019,1.3678,1.2744,187901.952,186293.4528
000533.SZ,20210111,2.7,1.3066,2.1434,637.7998,100.9284,2.9968,1.3578,1.265,186520.32,184923.648
000533.SZ,20210108,2.81,1.4511,2.3803,663.7842,105.0402,3.1189,1.4131,1.3165,194119.296,192457.5744
000533.SZ,20210107,2.76,2.5806,4.2332,651.9731,103.1712,3.0634,1.388,1.2931,190665.216,189033.0624
000533.SZ,20210106,2.94,1.9927,3.2688,694.4931,109.8998,3.2632,1.4785,1.3775,203099.904,201361.3056
000533.SZ,20210105,2.98,1.46,2.3949,703.942,111.395,3.3076,1.4986,1.3962,205863.168,204100.9152
000533.SZ,20210104,3.06,1.29,2.1161,722.8398,114.3855,3.3964,1.5388,1.4337,211389.696,209580.1344
000533.SZ,20201231,3.04,1.3439,2.2045,718.1153,113.6378,3.3742,1.5288,1.4243,210008.064,208210.3296
000533.SZ,20201230,2.99,1.4079,2.3094,706.3042,111.7688,3.3187,1.5036,1.4009,206553.984,204785.8176
000533.SZ,20201229,2.98,1.2145,1.9923,703.942,111.395,3.3076,1.4986,1.3962,205863.168,204100.9152
000533.SZ,20201228,3.03,1.4553,2.3872,715.7531,113.264,3.3631,1.5237,1.4196,209317.248,207525.4272
000533.SZ,20201225,3.08,1.6266,2.6682,727.5642,115.1331,3.4186,1.5489,1.443,212771.328,210949.9392
000533.SZ,20201224,3.02,1.401,2.2981,713.3909,112.8902,3.352,1.5187,1.4149,208626.432,206840.5248
000533.SZ,20201223,3.04,1.4629,2.3997,718.1153,113.6378,3.3742,1.5288,1.4243,210008.064,208210.3296
000533.SZ,20201222,2.92,1.0476,1.7184,689.7687,109.1521,3.241,1.4684,1.3681,201718.272,199991.5008
000533.SZ,20201221,3.0,0.9953,1.6327,708.6664,112.1426,3.3298,1.5087,1.4056,207244.8,205470.72
000533.SZ,20201218,2.99,1.0532,1.7277,706.3042,111.7688,3.3187,1.5036,1.4009,206553.984,204785.8176
000533.SZ,20201217,2.95,1.0517,1.7252,696.8553,110.2736,3.2743,1.4835,1.3821,203790.72,202046.208
000533.SZ,20201216,2.91,0.7637,1.2527,687.4065,108.7783,3.2299,1.4634,1.3634,201027.456,199306.5984
000533.SZ,20201215,2.98,0.4961,0.8137,703.942,111.395,3.3076,1.4986,1.3962,205863.168,204100.9152
000533.SZ,20201214,2.99,0.9238,1.5154,706.3042,111.7688,3.3187,1.5036,1.4009,206553.984,204785.8176
000533.SZ,20201211,2.92,1.3437,2.2042,689.7687,109.1521,3.241,1.4684,1.3681,201718.272,199991.5008
000533.SZ,20201210,3.0,0.7272,1.1929,708.6664,112.1426,3.3298,1.5087,1.4056,207244.8,205470.72
000533.SZ,20201209,2.99,0.9006,1.4774,706.3042,111.7688,3.3187,1.5036,1.4009,206553.984,204785.8176
000533.SZ,20201208,3.05,0.6708,1.1004,720.4776,114.0117,3.3853,1.5338,1.429,210698.88,208895.232
000533.SZ,20201207,3.04,1.068,1.752,718.1153,113.6378,3.3742,1.5288,1.4243,210008.064,208210.3296
000533.SZ,20201204,3.09,1.1768,1.9304,729.9264,115.5069,3.4297,1.5539,1.4477,213462.144,211634.8416
000533.SZ,20201203,3.13,0.9006,1.4773,739.3753,117.0021,3.4741,1.574,1.4665,216225.408,214374.4512
000533.SZ,20201202,3.15,0.9589,1.573,744.0998,117.7497,3.4963,1.5841,1.4758,217607.04,215744.256
000533.SZ,20201201,3.15,1.2218,2.0042,744.0998,117.7497,3.4963,1.5841,1.4758,217607.04,215744.256
000533.SZ,20201130,3.1,1.3873,2.2757,732.2887,115.8807,3.4408,1.5589,1.4524,214152.96,212319.744
000533.SZ,20201127,3.14,1.4816,2.4303,741.7375,117.3759,3.4852,1.5791,1.4712,216916.224,215059.3536
000533.SZ,20201126,3.16,1.2206,2.0022,746.462,118.1236,3.5074,1.5891,1.4805,218297.856,216429.1584
000533.SZ,20201125,3.12,1.365,2.2391,737.0131,116.6283,3.463,1.569,1.4618,215534.592,213689.5488
000533.SZ,20201124,3.17,1.7112,2.807,748.8242,118.4974,3.5185,1.5941,1.4852,218988.672,217114.0608
000533.SZ,20201123,3.22,1.5657,2.5683,760.6353,120.3664,3.574,1.6193,1.5086,222442.752,220538.5728
000533.SZ,20201120,3.22,1.293,2.121,760.6353,120.3664,3.574,1.6193,1.5086,222442.752,220538.5728
000533.SZ,20201119,3.2,1.4525,2.3827,755.9109,119.6188,3.5518,1.6092,1.4993,221061.12,219168.768
000533.SZ,20201118,3.19,1.8656,3.0602,753.5487,119.245,3.5407,1.6042,1.4946,220370.304,218483.8656
000533.SZ,20201117,3.24,1.8064,2.9631,765.3598,121.114,3.5962,1.6293,1.518,223824.384,221908.3776
000533.SZ,20201116,3.3,1.7923,2.94,779.5331,123.3569,3.6628,1.6595,1.5461,227969.28,226017.792
000533.SZ,20201113,3.26,1.715,2.8132,770.0842,121.8616,3.6184,1.6394,1.5274,225206.016,223278.1824
000533.SZ,20201112,3.26,2.3807,3.9053,770.0842,121.8616,3.6184,1.6394,1.5274,225206.016,223278.1824
000533.SZ,20201111,3.34,2.3196,3.805,788.982,124.8521,3.7072,1.6796,1.5649,230732.544,228757.4016
000533.SZ,20201110,3.37,3.2538,5.3375,796.0686,125.9735,3.7405,1.6947,1.5789,232804.992,230812.1088
000533.SZ,20201109,3.49,4.566,7.4899,824.4153,130.4592,3.8737,1.7551,1.6351,241094.784,239030.9376
000533.SZ,20201106,3.43,4.6719,7.6637,810.242,128.2164,3.8071,1.7249,1.607,236949.888,234921.5232
000533.SZ,20201105,3.47,6.432,10.5509,819.6909,129.7116,3.8515,1.745,1.6258,239713.152,237661.1328
000533.SZ,20201104,3.35,5.3712,8.8107,791.3442,125.2259,3.7183,1.6847,1.5695,231423.36,229442.304
000533.SZ,20201103,3.23,2.1562,3.537,762.9975,120.7402,3.5851,1.6243,1.5133,223133.568,221223.4752
000533.SZ,20201102,3.28,2.2417,3.6772,774.8086,122.6093,3.6406,1.6495,1.5368,226587.648,224647.9872
000533.SZ,20201030,3.22,2.3108,3.7905,760.6353,120.3664,3.574,1.6193,1.5086,222442.752,220538.5728
000533.SZ,20201029,3.36,3.3936,5.5668,793.7064,125.5997,3.7294,1.6897,1.5742,232114.176,230127.2064
000533.SZ,20201028,3.34,2.8693,4.7066,788.982,124.8521,3.7072,1.6796,1.5649,230732.544,228757.4016
000533.SZ,20201027,3.22,1.9241,3.1562,760.6353,120.3664,3.574,1.6193,1.5086,222442.752,220538.5728
000533.SZ,20201026,3.27,2.1533,3.5323,772.4464,122.2354,3.6295,1.6444,1.5321,225896.832,223963.0848
000533.SZ,20201023,3.28,2.9235,4.7957,774.8086,122.6093,3.6406,1.6495,1.5368,226587.648,224647.9872
000533.SZ,20201022,3.24,3.0636,5.0254,765.3598,121.114,3.5962,1.6293,1.518,223824.384,221908.3776
000533.SZ,20201021,3.26,2.3623,3.875,770.0842,121.8616,3.6184,1.6394,1.5274,225206.016,223278.1824
000533.SZ,20201020,3.31,3.1715,5.2025,781.8953,70.3153,3.6519,1.6645,1.6026,228660.096,226702.6944
000533.SZ,20201019,3.28,4.4989,7.3799,774.8086,69.678,3.6188,1.6495,1.5881,226587.648,224647.9872
000533.SZ,20201016,3.18,3.3864,5.555,751.1864,67.5537,3.5085,1.5992,1.5397,219679.488,217798.9632
000533.SZ,20201015,3.1,2.4748,4.0596,732.2887,65.8542,3.4202,1.5589,1.501,214152.96,212319.744
000533.SZ,20201014,3.09,1.8579,3.0477,729.9264,65.6418,3.4092,1.5539,1.4961,213462.144,211634.8416
000533.SZ,20201013,3.05,1.5748,2.5832,720.4776,64.792,3.3651,1.5338,1.4767,210698.88,208895.232
000533.SZ,20201012,3.05,1.5324,2.5137,720.4776,64.792,3.3651,1.5338,1.4767,210698.88,208895.232
000533.SZ,20201009,2.93,1.173,1.9242,692.1309,62.2428,3.2327,1.4735,1.4186,202409.088,200676.4032
000533.SZ,20200930,2.84,0.9416,1.5446,670.8709,60.3309,3.1334,1.4282,1.3751,196191.744,194512.2816
000533.SZ,20200929,2.84,1.062,1.742,670.8709,60.3309,3.1334,1.4282,1.3751,196191.744,194512.2816
000533.SZ,20200928,2.82,1.4866,2.4385,666.1465,59.9061,3.1113,1.4181,1.3654,194810.112,193142.4768
000533.SZ,20200925,2.9,1.594,2.6148,685.0442,61.6055,3.1996,1.4584,1.4041,200336.64,198621.696
000533.SZ,20200924,2.98,2.139,3.5088,703.942,63.305,3.2878,1.4986,1.4429,205863.168,204100.9152
000533.SZ,20200923,3.13,1.1855,1.9446,739.3753,66.4915,3.4533,1.574,1.5155,216225.408,214374.4512
000533.SZ,20200922,3.11,1.7759,2.9131,734.6509,66.0666,3.4313,1.564,1.5058,214843.776,213004.6464
000533.SZ,20200921,3.2,1.9084,3.1305,755.9109,67.9785,3.5306,1.6092,1.5494,221061.12,219168.768
000533.SZ,20200918,3.17,1.7804,2.9206,748.8242,67.3412,3.4975,1.5941,1.5348,218988.672,217114.0608
000533.SZ,20200917,3.15,1.753,2.8756,744.0998,66.9164,3.4754,1.5841,1.5252,217607.04,215744.256
000533.SZ,20200916,3.21,2.1757,3.5689,758.2731,68.191,3.5416,1.6143,1.5542,221751.936,219853.6704
000533.SZ,20200915,3.26,3.5798,5.8722,770.0842,69.2531,3.5968,1.6394,1.5784,225206.016,223278.1824
000533.SZ,20200914,3.12,2.7105,4.4463,737.0131,66.2791,3.4423,1.569,1.5106,215534.592,213689.5488
000533.SZ,20200911,3.17,2.8469,4.67,748.8242,67.3412,3.4975,1.5941,1.5348,218988.672,217114.0608
000533.SZ,20200910,3.11,4.5205,7.4152,734.6509,66.0666,3.4313,1.564,1.5058,214843.776,213004.6464
000533.SZ,20200909,3.29,6.0386,9.9056,777.1709,69.8904,3.6299,1.6545,1.5929,227278.464,225332.8896
000533.SZ,20200908,3.3,5.1476,8.444,779.5331,70.1029,3.6409,1.6595,1.5978,227969.28,226017.792
000533.SZ,20200907,3.11,1.9724,3.2355,734.6509,66.0666,3.4313,1.564,1.5058,214843.776,213004.6464
000533.SZ,20200904,3.11,1.8104,2.9697,734.6509,66.0666,3.4313,1.564,1.5058,214843.776,213004.6464
000533.SZ,20200903,3.05,1.1573,1.8984,720.4776,64.792,3.3651,1.5338,1.4767,210698.88,208895.232
000533.SZ,20200902,3.09,1.583,2.5966,729.9264,65.6418,3.4092,1.5539,1.4961,213462.144,211634.8416
000533.SZ,20200901,3.05,1.1377,1.8663,720.4776,64.792,3.3651,1.5338,1.4767,210698.88,208895.232
000533.SZ,20200831,3.04,1.5197,2.4929,718.1153,64.5796,3.354,1.5288,1.4719,210008.064,208210.3296
000533.SZ,20200828,3.1,1.5562,2.5527,732.2887,262.6002,3.4953,1.5589,1.5852,214152.96,212319.744
000533.SZ,20200827,3.06,1.0936,1.794,722.8398,259.2118,3.4502,1.5388,1.5647,211389.696,209580.1344
000533.SZ,20200826,3.01,2.0266,3.3243,711.0287,254.9763,3.3938,1.5137,1.5392,207935.616,206155.6224
000533.SZ,20200825,3.07,2.1648,3.551,725.202,260.0589,3.4615,1.5439,1.5698,212080.512,210265.0368
000533.SZ,20200824,3.11,2.1246,3.4851,734.6509,263.4473,3.5066,1.564,1.5903,214843.776,213004.6464
000533.SZ,20200821,3.18,1.6184,2.6548,751.1864,269.377,3.5855,1.5992,1.6261,219679.488,217798.9632
000533.SZ,20200820,3.16,2.0694,3.3945,746.462,267.6828,3.5629,1.5891,1.6159,218297.856,216429.1584
000533.SZ,20200819,3.22,2.6398,4.3303,760.6353,272.7654,3.6306,1.6193,1.6465,222442.752,220538.5728
000533.SZ,20200818,3.23,2.3886,3.9182,762.9975,273.6125,3.6419,1.6243,1.6517,223133.568,221223.4752
000533.SZ,20200817,3.19,1.6916,2.7749,753.5487,270.2241,3.5968,1.6042,1.6312,220370.304,218483.8656
000533.SZ,20200814,3.17,1.6063,2.635,748.8242,268.5299,3.5742,1.5941,1.621,218988.672,217114.0608
000533.SZ,20200813,3.17,2.3804,3.9048,748.8242,268.5299,3.5742,1.5941,1.621,218988.672,217114.0608
000533.SZ,20200812,3.1,2.3323,3.8258,732.2887,262.6002,3.4953,1.5589,1.5852,214152.96,212319.744
000533.SZ,20200811,3.14,2.603,4.27,741.7375,265.9886,3.5404,1.5791,1.6056,216916.224,215059.3536
000533.SZ,20200810,3.19,2.8637,4.6975,753.5487,270.2241,3.5968,1.6042,1.6312,220370.304,218483.8656
000533.SZ,20200807,3.2,3.1786,5.214,755.9109,271.0712,3.608,1.6092,1.6363,221061.12,219168.768
000533.SZ,20200806,3.17,3.1497,5.1667,748.8242,268.5299,3.5742,1.5941,1.621,218988.672,217114.0608
000533.SZ,20200805,3.24,4.5082,7.3952,765.3598,274.4596,3.6531,1.6293,1.6568,223824.384,221908.3776
000533.SZ,20200804,3.08,2.1506,3.5278,727.5642,260.906,3.4727,1.5489,1.575,212771.328,210949.9392
000533.SZ,20200803,3.12,4.2798,7.0204,737.0131,264.2944,3.5178,1.569,1.5954,215534.592,213689.5488
000533.SZ,20200731,3.0,1.7177,2.8177,708.6664,254.1292,3.3825,1.5087,1.534,207244.8,205470.72
000533.SZ,20200730,3.01,2.0053,3.2895,711.0287,254.9763,3.3938,1.5137,1.5392,207935.616,206155.6224
000533.SZ,20200729,3.04,2.1314,3.4964,718.1153,257.5176,3.4276,1.5288,1.5545,210008.064,208210.3296
000533.SZ,20200728,2.99,2.1732,3.5649,706.3042,253.2821,3.3713,1.5036,1.5289,206553.984,204785.8176
000533.SZ,20200727,2.96,1.8611,3.0529,699.2176,250.7408,3.3374,1.4885,1.5136,204481.536,202731.1104
000533.SZ,20200724,2.93,4.6888,7.6914,692.1309,248.1995,3.3036,1.4735,1.4983,202409.088,200676.4032
000533.SZ,20200723,3.12,4.9787,8.167,737.0131,264.2944,3.5178,1.569,1.5954,215534.592,213689.5488
000533.SZ,20200722,3.07,5.2094,8.5454,725.202,260.0589,3.4615,1.5439,1.5698,212080.512,210265.0368
000533.SZ,20200721,2.99,1.7068,2.7998,706.3042,253.2821,3.3713,1.5036,1.5289,206553.984,204785.8176
000533.SZ,20200720,3.01,2.5204,4.1343,711.0287,254.9763,3.3938,1.5137,1.5392,207935.616,206155.6224
000533.SZ,20200717,2.88,1.6825,2.7599,680.3198,243.964,3.2472,1.4483,1.4727,198955.008,197251.8912
000533.SZ,20200716,2.84,2.724,4.4684,670.8709,240.5757,3.2021,1.4282,1.4522,196191.744,194512.2816
000533.SZ,20200715,2.97,3.3537,5.5014,701.5798,251.5879,3.3487,1.4936,1.5187,205172.352,203416.0128
000533.SZ,20200714,2.98,2.5631,4.2045,703.942,252.435,3.36,1.4986,1.5238,205863.168,204100.9152
000533.SZ,20200713,3.04,2.6388,4.3286,718.1153,257.5176,3.4276,1.5288,1.5545,210008.064,208210.3296
000533.SZ,20200710,2.96,2.3652,3.8798,699.2176,250.7408,3.3374,1.4885,1.5136,204481.536,202731.1104
000533.SZ,20200709,3.0,2.758,4.5242,708.6664,254.1292,3.3825,1.5087,1.534,207244.8,205470.72
000533.SZ,20200708,2.94,2.3107,3.7904,694.4931,249.0466,3.3149,1.4785,1.5034,203099.904,201361.3056
000533.SZ,20200707,2.86,2.3919,3.9236,675.5953,242.2699,3.2247,1.4383,1.4625,197573.376,195882.0864
000533.SZ,20200706,2.87,2.2065,3.6194,677.9576,243.117,3.236,1.4433,1.4676,198264.192,196566.9888
000533.SZ,20200703,2.76,1.3384,2.1954,651.9731,233.7989,3.1119,1.388,1.4113,190665.216,189033.0624
000533.SZ,20200702,2.73,0.976,1.601,644.8865,231.2576,3.0781,1.3729,1.396,188592.768,186978.3552
000533.SZ,20200701,2.71,0.711,1.1662,640.162,229.5634,3.0556,1.3628,1.3858,187211.136,185608.5504
000533.SZ,20200630,2.72,0.569,0.9333,642.5242,230.4105,3.0668,1.3678,1.3909,187901.952,186293.4528
000533.SZ,20200629,2.69,0.8093,1.3276,635.4376,227.8692,3.033,1.3528,1.3755,185829.504,184238.7456
000533.SZ,20200624,2.72,0.5824,0.9553,642.5242,230.4105,3.0668,1.3678,1.3909,187901.952,186293.4528
000533.SZ,20200623,2.74,0.7757,1.2725,647.2487,232.1047,3.0894,1.3779,1.4011,189283.584,187663.2576
000533.SZ,20200622,2.74,0.7519,1.2334,647.2487,232.1047,3.0894,1.3779,1.4011,189283.584,187663.2576
000533.SZ,20200619,2.75,0.8714,1.4294,649.6109,232.9518,3.1007,1.3829,1.4062,189974.4,188348.16
000533.SZ,20200618,2.72,0.9133,1.4981,642.5242,230.4105,3.0668,1.3678,1.3909,187901.952,186293.4528
000533.SZ,20200617,2.74,1.16,1.9029,647.2487,232.1047,3.0894,1.3779,1.4011,189283.584,187663.2576
000533.SZ,20200616,2.76,0.9369,1.5368,651.9731,233.7989,3.1119,1.388,1.4113,190665.216,189033.0624
000533.SZ,20200615,2.74,0.8742,1.4341,647.2487,232.1047,3.0894,1.3779,1.4011,189283.584,187663.2576
000533.SZ,20200612,2.77,0.9427,1.5463,654.3354,234.646,3.1232,1.393,1.4164,191356.032,189717.9648
000533.SZ,20200611,2.78,0.8271,1.3568,656.6976,235.4931,3.1345,1.398,1.4216,192046.848,190402.8672
000533.SZ,20200610,2.77,0.97,1.5912,654.3354,234.646,3.1232,1.393,1.4164,191356.032,189717.9648
000533.SZ,20200609,2.83,1.6285,2.6714,668.5087,239.7286,3.1909,1.4232,1.4471,195500.928,193827.3792
000533.SZ,20200608,2.76,0.7729,1.2679,651.9731,233.7989,3.1119,1.388,1.4113,190665.216,189033.0624
000533.SZ,20200605,2.78,0.9073,1.4883,656.6976,235.4931,3.1345,1.398,1.4216,192046.848,190402.8672
000533.SZ,20200604,2.79,1.0062,1.6505,659.0598,236.3402,3.1458,1.403,1.4267,192737.664,191087.7696
000533.SZ,20200603,2.8,1.2265,2.0118,661.422,237.1873,3.157,1.4081,1.4318,193428.48,191772.672
000533.SZ,20200602,2.84,1.3319,2.1847,670.8709,240.5757,3.2021,1.4282,1.4522,196191.744,194512.2816
000533.SZ,20200601,2.83,1.283,2.1045,668.5087,239.7286,3.1909,1.4232,1.4471,195500.928,193827.3792
000533.SZ,20200529,2.79,0.9486,1.5561,659.0598,236.3402,3.1458,1.403,1.4267,192737.664,191087.7696
000533.SZ,20200528,2.76,0.9562,1.5685,651.9731,233.7989,3.1119,1.388,1.4113,190665.216,189033.0624
000533.SZ,20200527,2.72,0.8067,1.3232,642.5242,230.4105,3.0668,1.3678,1.3909,187901.952,186293.4528
000533.SZ,20200526,2.75,0.9785,1.6051,649.6109,232.9518,3.1007,1.3829,1.4062,189974.4,188348.16
000533.SZ,20200525,2.7,0.9116,1.4954,637.7998,228.7163,3.0443,1.3578,1.3806,186520.32,184923.648
000533.SZ,20200522,2.73,1.572,2.5786,644.8865,231.2576,3.0781,1.3729,1.396,188592.768,186978.3552
000533.SZ,20200521,2.8,1.0794,1.7707,661.422,237.1873,3.157,1.4081,1.4318,193428.48,191772.672
000533.SZ,20200520,2.8,2.1427,3.5149,661.422,237.1873,3.157,1.4081,1.4318,193428.48,191772.672
000533.SZ,20200519,2.87,1.8661,3.0611,677.9576,243.117,3.236,1.4433,1.4676,198264.192,196566.9888
000533.SZ,20200518,2.87,3.1029,5.0898,677.9576,243.117,3.236,1.4433,1.4676,198264.192,196566.9888
000533.SZ,20200515,2.97,5.1209,8.4002,701.5798,251.5879,3.3487,1.4936,1.5187,205172.352,203416.0128
000533.SZ,20200514,2.9,1.8645,3.0585,685.0442,245.6582,3.2698,1.4584,1.4829,200336.64,198621.696
000533.SZ,20200513,2.97,2.2794,3.739,701.5798,251.5879,3.3487,1.4936,1.5187,205172.352,203416.0128
000533.SZ,20200512,2.9,1.6979,2.7852,685.0442,245.6582,3.2698,1.4584,1.4829,200336.64,198621.696
000533.SZ,20200511,2.91,2.2834,3.7457,687.4065,246.5053,3.2811,1.4634,1.488,201027.456,199306.5984
000533.SZ,20200508,2.97,3.0002,4.9214,701.5798,251.5879,3.3487,1.4936,1.5187,205172.352,203416.0128
000533.SZ,20200507,2.98,3.3974,5.573,703.942,252.435,3.36,1.4986,1.5238,205863.168,204100.9152
000533.SZ,20200506,2.99,3.0511,5.0049,706.3042,253.2821,3.3713,1.5036,1.5289,206553.984,204785.8176
000533.SZ,20200430,2.85,2.227,3.6531,673.2331,241.4228,3.2134,1.4332,1.4573,196882.56,195197.184
000533.SZ,20200429,2.83,2.2129,3.63,668.5087,668.5087,3.1947,1.4232,1.4232,195500.928,193827.3792
000533.SZ,20200428,2.82,4.2589,6.9862,666.1465,666.1465,3.1834,1.4181,1.4181,194810.112,193142.4768
000533.SZ,20200427,2.97,5.4608,8.9577,701.5798,701.5798,3.3527,1.4936,1.4936,205172.352,203416.0128
000533.SZ,20200424,3.1,5.269,8.6431,,732.2971,3.4995,0.224,1.5589,214152.96,212319.744
000533.SZ,20200423,3.0,4.7079,7.7227,,708.6746,3.3866,0.2168,1.5087,207244.8,205470.72
000533.SZ,20200422,2.97,5.0059,8.2115,,701.5879,3.3527,0.2146,1.4936,205172.352,203416.0128
000533.SZ,20200421,2.85,2.6077,4.2775,,673.2409,3.2172,0.206,1.4332,196882.56,195197.184
000533.SZ,20200420,2.89,2.4116,3.956,,682.6899,3.2624,0.2088,1.4533,199645.824,197936.7936
000533.SZ,20200417,2.9,3.7823,6.2044,,685.0521,3.2737,0.2096,1.4584,200336.64,198621.696
000533.SZ,20200416,2.96,5.7944,9.505,,699.2256,3.3414,0.2139,1.4885,204481.536,202731.1104
000533.SZ,20200415,2.84,3.2591,5.3461,,670.8786,3.206,0.2052,1.4282,196191.744,194512.2816
000533.SZ,20200414,2.89,3.7569,6.1627,,,3.2843,0.2088,1.4266,199645.824,197936.7936
000533.SZ,20200413,2.85,2.8792,4.723,,,3.2388,0.206,1.4069,196882.56,195197.184
000533.SZ,20200410,2.85,7.2588,11.9071,,,3.2388,0.206,1.4069,196882.56,195197.184
000533.SZ,20200409,3.01,7.7103,12.6477,,,3.4207,0.2175,1.4859,207935.616,206155.6224
000533.SZ,20200408,2.74,2.4827,4.0726,,,3.1138,0.198,1.3526,189283.584,187663.2576
000533.SZ,20200407,2.67,1.4852,2.4364,,,3.0343,0.1929,1.318,184447.872,182868.9408
000533.SZ,20200403,2.61,0.9894,1.623,,,2.9661,0.1886,1.2884,180302.976,178759.5264
000533.SZ,20200402,2.63,1.2224,2.0053,,,2.9888,0.1901,1.2983,181684.608,180129.3312
000533.SZ,20200401,2.58,1.5232,2.4987,,,2.932,0.1864,1.2736,178230.528,176704.8192
000533.SZ,20200331,2.61,1.0006,1.6414,,,2.9661,0.1886,1.2884,180302.976,178759.5264
000533.SZ,20200330,2.61,1.3566,2.2253,,,2.9661,0.1886,1.2884,180302.976,178759.5264
000533.SZ,20200327,2.67,1.2906,2.1171,,,3.0343,0.1929,1.318,184447.872,182868.9408
000533.SZ,20200326,2.67,2.0009,3.2822,,,3.0343,0.1929,1.318,184447.872,182868.9408
000533.SZ,20200325,2.78,2.6004,4.2656,,,3.1593,0.2009,1.3723,192046.848,190402.8672
000533.SZ,20200324,2.72,2.6393,4.3294,,,3.0911,0.1966,1.3427,187901.952,186293.4528
000533.SZ,20200323,2.6,1.9629,3.2199,,,2.9547,0.1879,1.2835,179612.16,178074.624
000533.SZ,20200320,2.74,2.7462,4.5047,,,3.1138,0.198,1.3526,189283.584,187663.2576
000533.SZ,20200319,2.68,3.2548,5.3391,,,3.0456,0.1937,1.323,185138.688,183553.8432
000533.SZ,20200318,2.66,4.4392,7.2819,,,3.0229,0.1922,1.3131,183757.056,182184.0384
000533.SZ,20200317,2.84,4.8421,7.9429,,,3.2275,0.2052,1.4019,196191.744,194512.2816
000533.SZ,20200316,2.9,6.5714,10.7795,,,3.2956,0.2096,1.4316,200336.64,198621.696
000533.SZ,20200313,3.19,9.8998,16.2394,,,3.6252,0.2305,1.5747,220370.304,218483.8656
000533.SZ,20200312,3.13,13.7061,22.483,,,3.557,0.2262,1.5451,216225.408,214374.4512
000533.SZ,20200311,3.48,12.5568,20.5978,,,3.9548,0.2515,1.7179,240403.968,238346.0352
000533.SZ,20200310,3.16,5.5184,9.0522,,,3.5911,0.2284,1.5599,218297.856,216429.1584
000533.SZ,20200309,2.87,3.5048,5.7492,,,3.2616,0.2074,1.4167,198264.192,196566.9888
000533.SZ,20200306,2.92,3.7648,6.1756,,,3.3184,0.211,1.4414,201718.272,199991.5008
000533.SZ,20200305,2.89,4.8663,7.9826,,,3.2843,0.2088,1.4266,199645.824,197936.7936
000533.SZ,20200304,2.78,2.1633,3.5486,,,3.1593,0.2009,1.3723,192046.848,190402.8672
000533.SZ,20200303,2.7,2.4116,3.9559,,,3.0684,0.1951,1.3328,186520.32,184923.648
000533.SZ,20200302,2.7,2.0319,3.3331,,,3.0684,0.1951,1.3328,186520.32,184923.648
000533.SZ,20200228,2.59,4.038,6.6239,,,2.9434,0.1872,1.2785,178921.344,177389.7216
000533.SZ,20200227,2.85,4.5955,7.5383,,,3.2388,0.206,1.4069,196882.56,195197.184
000533.SZ,20200226,2.72,2.7858,4.5697,,,3.0911,0.1966,1.3427,187901.952,186293.4528
000533.SZ,20200225,2.66,2.7272,4.4736,,,3.0229,0.1922,1.3131,183757.056,182184.0384
000533.SZ,20200224,2.72,1.6083,2.6382,,,3.0911,0.1966,1.3427,187901.952,186293.4528
000533.SZ,20200221,2.73,1.6767,2.7505,,,3.1025,0.1973,1.3476,188592.768,186978.3552
000533.SZ,20200220,2.68,1.2735,2.0891,,,3.0456,0.1937,1.323,185138.688,183553.8432
000533.SZ,20200219,2.63,1.0676,1.7512,,,2.9888,0.1901,1.2983,181684.608,180129.3312
000533.SZ,20200218,2.64,1.0913,1.7902,,,3.0002,0.1908,1.3032,182375.424,180814.2336
000533.SZ,20200217,2.61,1.4483,2.3758,,,2.9661,0.1886,1.2884,180302.976,178759.5264
000533.SZ,20200214,2.52,0.97,1.5911,,,2.8638,0.1821,1.244,174085.632,172595.4048
000533.SZ,20200213,2.54,1.3295,2.1809,,,2.8865,0.1836,1.2538,175467.264,173965.2096
000533.SZ,20200212,2.58,1.4937,2.4502,,,2.932,0.1864,1.2736,178230.528,176704.8192
000533.SZ,20200211,2.5,1.2463,2.0445,,,2.8411,0.1807,1.2341,172704.0,171225.6
000533.SZ,20200210,2.51,1.4661,2.4049,,,2.8524,0.1814,1.239,173394.816,171910.5024
000533.SZ,20200207,2.45,1.5785,2.5893,,,2.7843,0.1771,1.2094,169249.92,167801.088
000533.SZ,20200206,2.42,2.0502,3.3631,,,2.7502,0.1749,1.1946,167177.472,165746.3808
000533.SZ,20200205,2.39,1.7168,2.8161,,,2.7161,0.1727,1.1798,165105.024,163691.6736
000533.SZ,20200204,2.33,2.7557,4.5203,,,2.6479,0.1684,1.1502,160960.128,159582.2592
000533.SZ,20200203,2.46,0.3653,0.5992,,,2.7956,0.1778,1.2144,169940.736,168485.9904
000533.SZ,20200123,2.73,1.699,2.7871,,,3.1025,0.1973,1.3476,188592.768,186978.3552
000533.SZ,20200122,2.74,1.1059,1.8142,,,3.1138,0.198,1.3526,189283.584,187663.2576
000533.SZ,20200121,2.73,0.9553,1.567,,,3.1025,0.1973,1.3476,188592.768,186978.3552
000533.SZ,20200120,2.77,1.1159,1.8304,,,3.1479,0.2002,1.3674,191356.032,189717.9648
000533.SZ,20200117,2.76,1.2532,2.0558,,,3.1365,0.1995,1.3624,190665.216,189033.0624
000533.SZ,20200116,2.78,1.2063,1.9788,,,3.1593,0.2009,1.3723,192046.848,190402.8672
000533.SZ,20200115,2.81,1.3101,2.149,,,3.1934,0.2031,1.3871,194119.296,192457.5744
000533.SZ,20200114,2.85,1.6275,2.6697,,,3.2388,0.206,1.4069,196882.56,195197.184
000533.SZ,20200113,2.89,1.3366,2.1926,,,3.2843,0.2088,1.4266,199645.824,197936.7936
000533.SZ,20200110,2.9,2.4708,4.0531,,,3.2956,0.2096,1.4316,200336.64,198621.696
000533.SZ,20200109,2.89,2.1231,3.4826,,,3.2843,0.2088,1.4266,199645.824,197936.7936
000533.SZ,20200108,2.86,2.6817,4.3991,,,3.2502,0.2067,1.4118,197573.376,195882.0864
000533.SZ,20200107,2.91,4.3586,7.1497,,,3.307,0.2103,1.4365,201027.456,199306.5984
000533.SZ,20200106,2.85,2.4061,3.947,,,3.2388,0.206,1.4069,196882.56,195197.184
000533.SZ,20200103,2.83,2.1938,3.5987,,,3.2161,0.2045,1.397,195500.928,193827.3792
000533.SZ,20200102,2.8,1.8758,3.077,,,3.182,0.2023,1.3822,193428.48,191772.672
