ts_code,trade_date,close,turnover_rate,turnover_rate_f,pe,pe_ttm,pb,ps,ps_ttm,total_mv,circ_mv
000521.SZ,20260421,5.72,0.8554,1.1943,14.3543,14.3543,0.9684,0.1937,0.1937,589116.365,500797.8084
000521.SZ,20260420,5.78,1.1649,1.6265,14.5049,14.5049,0.9785,0.1958,0.1958,595295.9073,506050.9322
000521.SZ,20260417,5.7,0.5492,0.7668,14.3041,14.3041,0.965,0.1931,0.1931,587056.5176,499046.7671
000521.SZ,20260416,5.72,0.6738,0.9408,14.3543,14.3543,0.9684,0.1937,0.1937,589116.365,500797.8084
000521.SZ,20260415,5.68,1.1622,1.6227,14.254,14.254,0.9616,0.1924,0.1924,584996.6701,497295.7258
000521.SZ,20260414,5.71,0.7976,1.1136,14.3292,14.3292,0.9667,0.1934,0.1934,588086.4413,499922.2877
000521.SZ,20260413,5.72,0.679,0.948,14.3543,14.3543,0.9684,0.1937,0.1937,589116.365,500797.8084
000521.SZ,20260410,5.75,1.0021,1.3992,14.4296,14.4296,0.9735,0.1948,0.1948,592206.1361,503424.3703
000521.SZ,20260409,5.68,0.9909,1.3835,14.254,14.254,0.9616,0.1924,0.1924,584996.6701,497295.7258
000521.SZ,20260408,5.81,1.5019,2.097,14.5802,14.5802,0.9836,0.1968,0.1968,598385.6784,508677.4942
000521.SZ,20260407,5.68,2.1449,2.9947,14.254,14.254,0.9616,0.1924,0.1924,584996.6701,497295.7258
000521.SZ,20260403,5.77,3.637,5.0781,14.4798,14.4798,0.9768,0.1954,0.1954,594265.9836,505175.4116
000521.SZ,20260402,6.29,1.1069,1.5454,9.2643,9.8568,1.0429,0.2265,0.2074,647822.0167,550739.6238
000521.SZ,20260401,6.3,1.408,1.9658,9.279,9.8724,1.0446,0.2269,0.2077,648851.9405,551615.2034
000521.SZ,20260331,6.17,0.8844,1.2348,9.0875,9.6687,1.023,0.2222,0.2034,635462.9322,540232.6675
000521.SZ,20260330,6.14,0.9506,1.3271,9.0433,9.6217,1.018,0.2211,0.2024,632373.161,537605.9284
000521.SZ,20260327,6.1,0.8612,1.2024,8.9844,9.559,1.0114,0.2197,0.2011,628253.4662,534103.6097
000521.SZ,20260326,6.13,0.8697,1.2143,9.0286,9.606,1.0164,0.2207,0.2021,631343.2373,536730.3487
000521.SZ,20260325,6.14,0.8289,1.1573,9.0433,9.6217,1.018,0.2211,0.2024,632373.161,537605.9284
000521.SZ,20260324,6.04,1.404,1.9602,8.896,9.465,1.0015,0.2175,0.1992,622073.9239,528850.1316
000521.SZ,20260323,5.81,1.6806,2.3464,8.5573,9.1046,0.9633,0.2092,0.1916,598385.6784,508711.7987
000521.SZ,20260320,6.13,0.9,1.2566,9.0286,9.606,1.0164,0.2207,0.2021,631343.2373,536730.3487
000521.SZ,20260319,6.2,1.1502,1.6059,9.1317,9.7157,1.028,0.2233,0.2044,638552.7033,542859.4066
000521.SZ,20260318,6.32,0.7968,1.1124,9.3084,9.9038,1.0479,0.2276,0.2084,650911.7879,553366.3628
000521.SZ,20260317,6.33,0.9848,1.375,9.3232,9.9194,1.0495,0.2279,0.2087,651941.7116,554241.9425
000521.SZ,20260316,6.36,0.9791,1.367,9.3674,9.9665,1.0545,0.229,0.2097,655031.4827,556868.6816
000521.SZ,20260313,6.39,1.419,1.9812,9.4115,10.0135,1.0595,0.2301,0.2107,658121.2539,559495.4206
000521.SZ,20260312,6.35,0.9933,1.3868,9.3526,9.9508,1.0529,0.2287,0.2094,654001.559,555993.1019
000521.SZ,20260311,6.36,1.7234,2.4062,9.3674,9.9665,1.0545,0.229,0.2097,655031.4827,556868.6816
000521.SZ,20260310,6.27,1.0088,1.4085,9.2348,9.8254,1.0396,0.2258,0.2067,645762.1693,548988.4644
000521.SZ,20260309,6.22,1.4225,1.986,9.1612,9.7471,1.0313,0.224,0.2051,640612.5507,544610.5659
000521.SZ,20260306,6.27,1.4886,2.0784,9.2348,9.8254,1.0396,0.2258,0.2067,645762.1693,548988.4644
000521.SZ,20260305,6.21,1.1665,1.6287,9.1464,9.7314,1.0296,0.2236,0.2048,639582.627,543734.9862
000521.SZ,20260304,6.17,1.9706,2.7513,9.0875,9.6687,1.023,0.2222,0.2034,635462.9322,540232.6675
000521.SZ,20260303,6.27,2.748,3.8368,9.2348,9.8254,1.0396,0.2258,0.2067,645762.1693,548988.4644
000521.SZ,20260302,6.41,2.8837,4.0262,9.441,10.0448,1.0628,0.2308,0.2114,660181.1013,561246.58
000521.SZ,20260227,6.59,1.2326,1.7209,9.7061,10.3269,1.0926,0.2373,0.2173,678719.7282,577007.0144
000521.SZ,20260226,6.58,1.6111,2.2494,9.6914,10.3112,1.091,0.2369,0.217,677689.8045,576131.4347
000521.SZ,20260225,6.64,1.7694,2.4704,9.7798,10.4052,1.1009,0.2391,0.2189,683869.3468,581384.9128
000521.SZ,20260224,6.61,0.7229,1.0093,9.7356,10.3582,1.096,0.238,0.2179,680779.5756,578758.1738
000521.SZ,20260213,6.54,0.7953,1.1104,9.6325,10.2485,1.0844,0.2355,0.2156,673570.1096,572629.116
000521.SZ,20260212,6.59,1.1757,1.6415,9.7061,10.3269,1.0926,0.2373,0.2173,678719.7282,577007.0144
000521.SZ,20260211,6.67,0.8495,1.186,9.8239,10.4522,1.1059,0.2402,0.2199,686959.1179,584011.6519
000521.SZ,20260210,6.69,1.1667,1.6289,9.8534,10.4836,1.1092,0.2409,0.2206,689018.9653,585762.8113
000521.SZ,20260209,6.66,0.9274,1.2949,9.8092,10.4366,1.1043,0.2398,0.2196,685929.1942,583136.0722
000521.SZ,20260206,6.63,0.8657,1.2087,9.765,10.3896,1.0993,0.2387,0.2186,682839.423,580509.3331
000521.SZ,20260205,6.63,1.2635,1.7641,9.765,10.3896,1.0993,0.2387,0.2186,682839.423,580509.3331
000521.SZ,20260204,6.62,1.4179,1.9796,9.7503,10.3739,1.0976,0.2384,0.2183,681809.4993,579633.7535
000521.SZ,20260203,6.53,1.427,1.9923,9.6177,10.2329,1.0827,0.2351,0.2153,672540.1859,571753.5363
000521.SZ,20260202,6.54,1.6433,2.2944,9.6325,10.2485,1.0844,0.2355,0.2156,673570.1096,572629.116
000521.SZ,20260130,6.65,1.685,2.3525,9.7945,10.4209,1.1026,0.2395,0.2193,684899.2705,582260.4925
000521.SZ,20260129,6.63,1.9517,2.725,9.765,10.3896,1.0993,0.2387,0.2186,682839.423,580509.3331
000521.SZ,20260128,6.64,0.9553,1.3338,9.7798,10.4052,1.1009,0.2391,0.2189,683869.3468,581384.9128
000521.SZ,20260127,6.65,1.4275,1.9931,9.7945,10.4209,1.1026,0.2395,0.2193,684899.2705,582260.4925
000521.SZ,20260126,6.75,1.4408,2.0116,9.9418,10.5776,1.1192,0.2431,0.2226,695198.5076,591016.2894
000521.SZ,20260123,6.78,1.3731,1.9172,9.986,10.6246,1.1241,0.2441,0.2236,698288.2788,593643.0285
000521.SZ,20260122,6.77,1.9947,2.7849,9.9712,10.6089,1.1225,0.2438,0.2232,697258.3551,592767.4488
000521.SZ,20260121,6.72,0.9713,1.3561,9.8976,10.5306,1.1142,0.242,0.2216,692108.7365,588389.5503
000521.SZ,20260120,6.76,1.3053,1.8224,9.9565,10.5933,1.1208,0.2434,0.2229,696228.4313,591891.8691
000521.SZ,20260119,6.71,1.0297,1.4377,9.8829,10.5149,1.1125,0.2416,0.2212,691078.8128,587513.9706
000521.SZ,20260116,6.64,0.8755,1.2224,9.7798,10.4052,1.1009,0.2391,0.2189,683869.3468,581384.9128
000521.SZ,20260115,6.65,0.9331,1.3028,9.7945,10.4209,1.1026,0.2395,0.2193,684899.2705,582260.4925
000521.SZ,20260114,6.66,1.9461,2.7172,9.8092,10.4366,1.1043,0.2398,0.2196,685929.1942,583136.0722
000521.SZ,20260113,6.71,1.7474,2.4398,9.8829,10.5149,1.1125,0.2416,0.2212,691078.8128,587513.9706
000521.SZ,20260112,6.77,1.5711,2.1935,9.9712,10.6089,1.1225,0.2438,0.2232,697258.3551,592767.4488
000521.SZ,20260109,6.68,1.3344,1.8631,9.8387,10.4679,1.1076,0.2405,0.2203,687989.0416,584887.2316
000521.SZ,20260108,6.64,0.9204,1.2851,9.7798,10.4052,1.1009,0.2391,0.2189,683869.3468,581384.9128
000521.SZ,20260107,6.62,1.0316,1.4403,9.7503,10.3739,1.0976,0.2384,0.2183,681809.4993,579633.7535
000521.SZ,20260106,6.68,1.8381,2.5663,9.8387,10.4679,1.1076,0.2405,0.2203,687989.0416,584887.2316
000521.SZ,20260105,6.58,1.093,1.526,9.6914,10.3112,1.091,0.2369,0.217,677689.8045,576131.4347
000521.SZ,20251231,6.55,1.3108,1.8301,9.6472,10.2642,1.086,0.2359,0.216,674600.0333,573504.6956
000521.SZ,20251230,6.44,0.9112,1.2722,9.4852,10.0918,1.0678,0.2319,0.2123,663270.8725,563873.3191
000521.SZ,20251229,6.5,0.7473,1.0434,9.5736,10.1858,1.0777,0.2341,0.2143,669450.4148,569126.7972
000521.SZ,20251226,6.54,0.8397,1.1723,9.6325,10.2485,1.0844,0.2355,0.2156,673570.1096,572629.116
000521.SZ,20251225,6.6,0.6861,0.958,9.7208,10.3425,1.0943,0.2377,0.2176,679749.6519,577882.5941
000521.SZ,20251224,6.55,0.5468,0.7635,9.6472,10.2642,1.086,0.2359,0.216,674600.0333,573504.6956
000521.SZ,20251223,6.51,0.6447,0.9001,9.5883,10.2015,1.0794,0.2344,0.2146,670480.3385,570002.3769
000521.SZ,20251222,6.57,0.9881,1.3796,9.6767,10.2955,1.0893,0.2366,0.2166,676659.8808,575255.855
000521.SZ,20251219,6.6,0.8951,1.2497,9.7208,10.3425,1.0943,0.2377,0.2176,679749.6519,577882.5941
000521.SZ,20251218,6.5,0.666,0.9298,9.5736,10.1858,1.0777,0.2341,0.2143,669450.4148,569126.7972
000521.SZ,20251217,6.51,0.7251,1.0124,9.5883,10.2015,1.0794,0.2344,0.2146,670480.3385,570002.3769
000521.SZ,20251216,6.49,0.8492,1.1857,9.5588,10.1702,1.0761,0.2337,0.214,668420.491,568251.2175
000521.SZ,20251215,6.56,0.4111,0.574,9.6619,10.2799,1.0877,0.2362,0.2163,675629.957,574380.2753
000521.SZ,20251212,6.56,0.6747,0.942,9.6619,10.2799,1.0877,0.2362,0.2163,675629.957,574380.2753
000521.SZ,20251211,6.55,0.7631,1.0654,9.6472,10.2642,1.086,0.2359,0.216,674600.0333,573504.6956
000521.SZ,20251210,6.64,0.8066,1.1262,9.7798,10.4052,1.1009,0.2391,0.2189,683869.3468,581384.9128
000521.SZ,20251209,6.6,1.0828,1.5118,9.7208,10.3425,1.0943,0.2377,0.2176,679749.6519,577882.5941
000521.SZ,20251208,6.67,0.8846,1.235,9.8239,10.4522,1.1059,0.2402,0.2199,686959.1179,584011.6519
000521.SZ,20251205,6.71,0.7768,1.0846,9.8829,10.5149,1.1125,0.2416,0.2212,691078.8128,587513.9706
000521.SZ,20251204,6.7,0.7181,1.0027,9.8681,10.4993,1.1109,0.2413,0.2209,690048.8891,586638.391
000521.SZ,20251203,6.8,1.0478,1.4629,10.0154,10.656,1.1275,0.2449,0.2242,700348.1262,595394.1878
000521.SZ,20251202,6.75,1.1015,1.538,9.9418,10.5776,1.1192,0.2431,0.2226,695198.5076,591016.2894
000521.SZ,20251201,6.72,0.9564,1.3353,9.8976,10.5306,1.1142,0.242,0.2216,692108.7365,588389.5503
000521.SZ,20251128,6.65,1.4458,2.0186,9.7945,10.4209,1.1026,0.2395,0.2193,684899.2705,582260.4925
000521.SZ,20251127,6.69,1.0918,1.5244,9.8534,10.4836,1.1092,0.2409,0.2206,689018.9653,585762.8113
000521.SZ,20251126,6.74,0.6459,0.9019,9.927,10.5619,1.1175,0.2427,0.2222,694168.5839,590140.7097
000521.SZ,20251125,6.77,0.8109,1.1322,9.9712,10.6089,1.1225,0.2438,0.2232,697258.3551,592767.4488
000521.SZ,20251124,6.71,0.6205,0.8663,9.8829,10.5149,1.1125,0.2416,0.2212,691078.8128,587513.9706
000521.SZ,20251121,6.67,1.6733,2.3362,9.8239,10.4522,1.1059,0.2402,0.2199,686959.1179,584011.6519
000521.SZ,20251120,6.89,0.9484,1.3242,10.148,10.797,1.1424,0.2481,0.2272,709617.4396,603274.405
000521.SZ,20251119,6.88,0.9652,1.3477,10.1332,10.7813,1.1407,0.2477,0.2268,708587.5159,602398.8253
000521.SZ,20251118,6.89,1.5474,2.1605,10.148,10.797,1.1424,0.2481,0.2272,709617.4396,603274.405
000521.SZ,20251117,6.99,1.3377,1.8677,10.2953,10.9537,1.159,0.2517,0.2305,719916.6768,612030.2019
000521.SZ,20251114,7.03,1.7445,2.4357,10.3542,11.0164,1.1656,0.2532,0.2318,724036.3716,615532.5207
000521.SZ,20251113,7.04,1.6743,2.3376,10.3689,11.0321,1.1673,0.2535,0.2321,725066.2954,616408.1004
000521.SZ,20251112,7.04,1.6618,2.3202,10.3689,11.0321,1.1673,0.2535,0.2321,725066.2954,616408.1004
000521.SZ,20251111,7.0,1.4731,2.0568,10.31,10.9694,1.1606,0.2521,0.2308,720946.6005,612905.7816
000521.SZ,20251110,7.01,1.8508,2.584,10.3247,10.985,1.1623,0.2524,0.2311,721976.5242,613781.3613
000521.SZ,20251107,6.92,1.0745,1.5002,10.1922,10.844,1.1474,0.2492,0.2282,712707.2108,605901.1441
000521.SZ,20251106,6.94,1.2363,1.7262,10.2216,10.8753,1.1507,0.2499,0.2288,714767.0582,607652.3035
000521.SZ,20251105,6.91,1.0557,1.474,10.1774,10.8283,1.1457,0.2488,0.2278,711677.2871,605025.5644
000521.SZ,20251104,6.88,1.2532,1.7497,10.1332,10.7813,1.1407,0.2477,0.2268,708587.5159,602398.8253
000521.SZ,20251103,6.92,1.8762,2.6196,10.1922,10.844,1.1474,0.2492,0.2282,712707.2108,605901.1441
000521.SZ,20251031,6.95,1.5368,2.1456,10.2363,10.891,1.1523,0.2503,0.2292,715796.9819,608527.8832
000521.SZ,20251030,6.99,1.7162,2.3962,10.2953,10.9537,1.159,0.2517,0.2305,719916.6768,612030.2019
000521.SZ,20251029,6.94,1.0524,1.4693,10.2216,10.8753,1.1507,0.2499,0.2288,714767.0582,607652.3035
000521.SZ,20251028,6.94,1.2835,1.792,10.2216,10.8753,1.1507,0.2499,0.2288,714767.0582,607652.3035
000521.SZ,20251027,6.93,1.7309,2.4167,10.2069,10.8597,1.149,0.2495,0.2285,713737.1345,606776.7238
000521.SZ,20251024,6.95,1.3749,1.9196,10.2363,10.891,1.1523,0.2503,0.2292,715796.9819,608527.8832
000521.SZ,20251023,6.98,3.6499,5.096,10.2805,10.938,1.1573,0.2513,0.2301,718886.7531,611154.6222
000521.SZ,20251022,7.18,1.2958,1.8092,10.5751,10.5426,1.1978,0.2586,0.2331,739485.2274,628666.216
000521.SZ,20251021,7.13,1.2293,1.7163,10.5015,10.4692,1.1895,0.2568,0.2315,734335.6088,624288.3175
000521.SZ,20251020,7.04,1.293,1.8052,10.3689,10.3371,1.1745,0.2535,0.2285,725066.2954,616408.1004
000521.SZ,20251017,7.04,1.1819,1.6501,10.3689,10.3371,1.1745,0.2535,0.2285,725066.2954,616408.1004
000521.SZ,20251016,7.12,1.0318,1.4406,10.4867,10.4545,1.1878,0.2564,0.2311,733305.6851,623412.7379
000521.SZ,20251015,7.2,0.9877,1.379,10.6046,10.572,1.2012,0.2593,0.2337,741545.0748,630417.3754
000521.SZ,20251014,7.13,1.4043,1.9607,10.5015,10.4692,1.1895,0.2568,0.2315,734335.6088,624288.3175
000521.SZ,20251013,7.12,1.8425,2.5725,10.4867,10.4545,1.1878,0.2564,0.2311,733305.6851,623412.7379
000521.SZ,20251010,7.21,1.8164,2.5361,10.6193,10.5867,1.2028,0.2596,0.2341,742574.9985,631292.955
000521.SZ,20251009,7.16,1.4394,2.0096,10.5456,10.5133,1.1945,0.2578,0.2324,737425.3799,626915.0566
000521.SZ,20250930,7.13,0.8534,1.1914,10.5015,10.4692,1.1895,0.2568,0.2315,734335.6088,624288.3175
000521.SZ,20250929,7.15,1.2639,1.7646,10.5309,10.4986,1.1928,0.2575,0.2321,736395.4562,626039.4769
000521.SZ,20250926,7.1,1.746,2.4378,10.4573,10.4252,1.1845,0.2557,0.2305,731245.8377,621661.5785
000521.SZ,20250925,7.12,1.455,2.0315,10.4867,10.4545,1.1878,0.2564,0.2311,733305.6851,623412.7379
000521.SZ,20250924,7.21,1.3524,1.8882,10.6193,10.5867,1.2028,0.2596,0.2341,742574.9985,631292.955
000521.SZ,20250923,7.14,1.7696,2.4706,10.5162,10.4839,1.1912,0.2571,0.2318,735365.5325,625163.8972
000521.SZ,20250922,7.18,2.4479,3.4177,10.5751,10.5426,1.1978,0.2586,0.2331,739485.2274,628666.216
000521.SZ,20250919,7.4,1.4465,2.0195,10.8991,10.8657,1.2345,0.2665,0.2402,762143.5491,647928.9691
000521.SZ,20250918,7.48,1.8643,2.6029,11.017,10.9831,1.2479,0.2694,0.2428,770382.9388,654933.6066
000521.SZ,20250917,7.59,2.3242,3.245,11.179,11.1446,1.2662,0.2733,0.2464,781712.0997,664564.9832
000521.SZ,20250916,7.49,1.6113,2.2497,11.0317,10.9978,1.2495,0.2697,0.2432,771412.8625,655809.1863
000521.SZ,20250915,7.38,1.3807,1.9277,10.8697,10.8363,1.2312,0.2658,0.2396,760083.7017,646177.8097
000521.SZ,20250912,7.38,2.277,3.1791,10.8697,10.8363,1.2312,0.2658,0.2396,760083.7017,646177.8097
000521.SZ,20250911,7.53,1.1774,1.6438,11.0906,11.0565,1.2562,0.2712,0.2445,775532.5574,659311.5051
000521.SZ,20250910,7.46,1.1551,1.6127,10.9875,10.9538,1.2445,0.2686,0.2422,768323.0914,653182.4472
000521.SZ,20250909,7.56,1.2493,1.7442,11.1348,11.1006,1.2612,0.2722,0.2454,778622.3285,661938.2441
000521.SZ,20250908,7.58,1.6684,2.3294,11.1642,11.13,1.2646,0.273,0.2461,780682.176,663689.4035
000521.SZ,20250905,7.48,1.7303,2.4158,11.017,10.9831,1.2479,0.2694,0.2428,770382.9388,654933.6066
000521.SZ,20250904,7.41,2.7599,3.8534,10.9139,10.8803,1.2362,0.2668,0.2406,763173.4728,648804.5488
000521.SZ,20250903,7.33,1.8021,2.516,10.796,10.7629,1.2229,0.264,0.238,754934.0831,641799.9113
000521.SZ,20250902,7.47,1.8298,2.5547,11.0022,10.9684,1.2462,0.269,0.2425,769353.0151,654058.0269
000521.SZ,20250901,7.56,2.3802,3.3233,11.1348,11.1006,1.2612,0.2722,0.2454,778622.3285,661938.2441
000521.SZ,20250829,7.68,5.2531,7.3343,11.3115,11.2768,1.2812,0.2766,0.2493,790981.4131,672445.2004
000521.SZ,20250828,7.66,2.3424,3.2704,11.2821,11.2474,1.2779,0.2758,0.2487,788921.5657,670694.041
000521.SZ,20250827,7.66,3.2651,4.5587,11.2821,11.2474,1.2779,0.2758,0.2487,788921.5657,670694.041
000521.SZ,20250826,7.92,2.4776,3.4593,11.665,11.6292,1.3213,0.2852,0.2571,815699.5823,693459.1129
000521.SZ,20250825,7.97,3.9603,5.5293,11.7387,11.7026,1.3296,0.287,0.2587,820849.2009,697837.0113
000521.SZ,20250822,7.9,4.4093,6.1562,11.6356,11.5998,1.3179,0.2845,0.2565,813639.7349,691707.9535
000521.SZ,20250821,8.13,7.9314,11.0737,11.9743,11.9375,1.3563,0.2928,0.2639,837327.9803,711846.2863
000521.SZ,20250820,7.67,2.9976,4.1852,11.2968,10.8898,1.3315,0.2762,0.2631,789951.4894,671569.6207
000521.SZ,20250819,7.63,4.4467,6.2084,11.2379,10.833,1.3246,0.2748,0.2618,785831.7945,668067.3019
000521.SZ,20250818,7.38,2.1037,2.9372,10.8697,10.4781,1.2812,0.2658,0.2532,760083.7017,646177.8097
000521.SZ,20250815,7.32,1.8579,2.594,10.7813,10.3929,1.2708,0.2636,0.2511,753904.1594,640924.3316
000521.SZ,20250814,7.21,1.8641,2.6026,10.6193,10.2367,1.2517,0.2596,0.2474,742574.9985,631292.955
000521.SZ,20250813,7.3,1.5635,2.183,10.7518,10.3645,1.2673,0.2629,0.2504,751844.312,639173.1722
000521.SZ,20250812,7.29,1.9673,2.7467,10.7371,10.3503,1.2656,0.2625,0.2501,750814.3882,638297.5926
000521.SZ,20250811,7.32,1.5583,2.1756,10.7813,10.3929,1.2708,0.2636,0.2511,753904.1594,640924.3316
000521.SZ,20250808,7.27,0.9796,1.3677,10.7077,10.3219,1.2621,0.2618,0.2494,748754.5408,636546.4332
000521.SZ,20250807,7.27,1.3999,1.9545,10.7077,10.3219,1.2621,0.2618,0.2494,748754.5408,636546.4332
000521.SZ,20250806,7.33,1.5393,2.1491,10.796,10.4071,1.2725,0.264,0.2515,754934.0831,641799.9113
000521.SZ,20250805,7.28,1.4321,1.9995,10.7224,10.3361,1.2638,0.2622,0.2498,749784.4645,637422.0129
000521.SZ,20250804,7.26,1.5767,2.2013,10.6929,10.3077,1.2603,0.2614,0.2491,747724.6171,635670.8535
000521.SZ,20250801,7.3,1.0785,1.5058,10.7518,10.3645,1.2673,0.2629,0.2504,751844.312,639173.1722
000521.SZ,20250731,7.26,2.1637,3.0209,10.6929,10.3077,1.2603,0.2614,0.2491,747724.6171,635670.8535
000521.SZ,20250730,7.43,1.8218,2.5435,10.9433,10.5491,1.2899,0.2676,0.2549,765233.3202,650555.7082
000521.SZ,20250729,7.45,1.8414,2.5709,10.9728,10.5775,1.2933,0.2683,0.2556,767293.1677,652306.8676
000521.SZ,20250728,7.57,1.9646,2.7429,11.1495,10.7479,1.3142,0.2726,0.2597,779652.2523,662813.8238
000521.SZ,20250725,7.63,1.592,2.2227,11.2379,10.833,1.3246,0.2748,0.2618,785831.7945,668067.3019
000521.SZ,20250724,7.61,1.6216,2.2641,11.2084,10.8047,1.3211,0.274,0.2611,783771.9471,666316.1426
000521.SZ,20250723,7.58,2.4745,3.4549,11.1642,10.7621,1.3159,0.273,0.26,780682.176,663689.4035
000521.SZ,20250722,7.59,2.7882,3.8928,11.179,10.7763,1.3176,0.2733,0.2604,781712.0997,664564.9832
000521.SZ,20250721,7.5,3.6489,5.0945,11.0464,10.6485,1.302,0.2701,0.2573,772442.7863,656684.766
000521.SZ,20250718,7.31,2.1471,2.9977,10.7666,10.3787,1.269,0.2632,0.2508,752874.2357,640048.7519
000521.SZ,20250717,7.3,1.9933,2.783,10.7518,10.3645,1.2673,0.2629,0.2504,751844.312,639173.1722
000521.SZ,20250716,7.29,1.3652,1.9061,10.7371,10.3503,1.2656,0.2625,0.2501,750814.3882,638297.5926
000521.SZ,20250715,7.27,1.8233,2.5457,10.7077,10.3219,1.2621,0.2618,0.2494,748754.5408,636546.4332
000521.SZ,20250714,7.35,2.3692,3.3078,10.8255,10.4355,1.276,0.2647,0.2522,756993.9305,643551.0707
000521.SZ,20250711,7.24,2.1465,2.9969,10.6635,10.2793,1.2569,0.2607,0.2484,745664.7697,633919.6941
000521.SZ,20250710,7.28,1.4729,2.0564,10.7224,10.3361,1.2638,0.2622,0.2498,749784.4645,637422.0129
000521.SZ,20250709,7.27,2.3201,3.2393,10.7077,10.3219,1.2621,0.2618,0.2494,748754.5408,636546.4332
000521.SZ,20250708,7.39,3.4351,4.796,10.8844,10.4923,1.2829,0.2661,0.2535,761113.6254,647053.3894
000521.SZ,20250707,7.39,5.2739,7.3633,10.8844,10.4923,1.2829,0.2661,0.2535,761113.6254,647053.3894
000521.SZ,20250704,7.15,1.7132,2.392,10.5309,10.1515,1.2412,0.2575,0.2453,736395.4562,626039.4769
000521.SZ,20250703,7.13,3.1438,4.3893,10.5015,10.1231,1.2378,0.2568,0.2446,734335.6088,624288.3945
000521.SZ,20250702,7.21,4.5261,6.3193,10.6193,10.2367,1.2517,0.2596,0.2474,742574.9985,631293.0329
000521.SZ,20250701,6.95,1.1468,1.6011,10.2363,9.8676,1.2065,0.2503,0.2384,715796.9819,608527.9582
000521.SZ,20250630,6.94,1.2509,1.7465,10.2216,9.8534,1.2048,0.2499,0.2381,714767.0582,607652.3784
000521.SZ,20250627,6.93,1.6297,2.2753,10.2069,9.8392,1.2031,0.2495,0.2377,713737.1345,606776.7986
000521.SZ,20250626,6.9,1.6503,2.3042,10.1627,9.7966,1.1978,0.2485,0.2367,710647.3634,604150.0592
000521.SZ,20250625,6.97,1.3965,1.9498,10.2658,9.896,1.21,0.251,0.2391,717856.8294,610279.1178
000521.SZ,20250624,6.94,1.4903,2.0807,10.2216,9.8534,1.2048,0.2499,0.2381,714767.0582,607652.3784
000521.SZ,20250623,6.83,0.9564,1.3353,10.0596,9.6972,1.1857,0.2459,0.2343,703437.8973,598021.0007
000521.SZ,20250620,6.83,1.0829,1.5119,10.0596,9.6972,1.1857,0.2459,0.2343,703437.8973,598021.0007
000521.SZ,20250619,6.84,1.4163,1.9774,10.0743,9.7114,1.1874,0.2463,0.2347,704467.8211,598896.5805
000521.SZ,20250618,6.96,0.9046,1.263,10.2511,9.8818,1.2083,0.2506,0.2388,716826.9056,609403.538
000521.SZ,20250617,7.01,1.1721,1.6364,10.3247,9.9528,1.2169,0.2524,0.2405,721976.5242,613781.437
000521.SZ,20250616,6.97,1.2873,1.7973,10.2658,9.896,1.21,0.251,0.2391,717856.8294,610279.1178
000521.SZ,20250613,7.0,3.1633,4.4166,10.31,9.9386,1.2152,0.2521,0.2401,720946.6005,612905.8572
000521.SZ,20250612,7.23,2.2785,3.1812,10.6487,10.2651,1.2551,0.2604,0.248,744634.8459,633044.1925
000521.SZ,20250611,7.27,3.4887,4.8709,10.7077,10.3219,1.2621,0.2618,0.2494,748754.5408,636546.5117
000521.SZ,20250610,7.71,4.6102,6.4367,11.3557,10.9466,1.2659,0.2776,0.2645,794071.1843,675072.0227
000521.SZ,20250609,7.53,1.9928,2.7823,11.0906,10.6911,1.2364,0.2712,0.2583,775532.5574,659311.5864
000521.SZ,20250606,7.49,1.608,2.2451,11.0317,10.6343,1.2298,0.2697,0.257,771412.8625,655809.2672
000521.SZ,20250605,7.39,1.3376,1.8675,10.8844,10.4923,1.2134,0.2661,0.2535,761113.6254,647053.4692
000521.SZ,20250604,7.38,1.1908,1.6626,10.8697,10.4781,1.2118,0.2658,0.2532,760083.7017,646177.8894
000521.SZ,20250603,7.33,1.7227,2.4051,10.796,10.4071,1.2035,0.264,0.2515,754934.0831,641799.9905
000521.SZ,20250530,7.43,1.1895,1.6608,10.9433,10.5491,1.22,0.2676,0.2549,765233.3202,650555.7884
000521.SZ,20250529,7.57,0.9512,1.3281,11.1495,10.7479,1.243,0.2726,0.2597,779652.2523,662813.9056
000521.SZ,20250528,7.55,1.3769,1.9223,11.1201,10.7195,1.2397,0.2719,0.259,777592.4048,661062.746
000521.SZ,20250527,7.44,1.5787,2.2042,10.958,10.5633,1.2216,0.2679,0.2552,766263.244,651431.3682
000521.SZ,20250526,7.6,0.9855,1.3759,11.1937,10.7905,1.2479,0.2737,0.2607,782742.0234,665440.645
000521.SZ,20250523,7.61,1.1969,1.6711,11.2084,10.8047,1.2495,0.274,0.2611,783771.9471,666316.2248
000521.SZ,20250522,7.73,0.9376,1.3091,11.3852,10.975,1.2692,0.2784,0.2652,796131.0317,676823.1823
000521.SZ,20250521,7.86,1.0175,1.4206,11.5766,11.1596,1.2906,0.283,0.2697,809520.04,688205.7197
000521.SZ,20250520,7.93,1.3369,1.8665,11.6797,11.259,1.3021,0.2856,0.2721,816729.506,694334.7782
000521.SZ,20250519,7.87,2.1121,2.9489,11.5914,11.1738,1.2922,0.2834,0.27,810549.9637,689081.2995
000521.SZ,20250516,7.69,1.0909,1.5232,11.3263,10.9182,1.2627,0.2769,0.2638,792011.3368,673320.8631
000521.SZ,20250515,7.63,1.2728,1.777,11.2379,10.833,1.2528,0.2748,0.2618,785831.7945,668067.3843
000521.SZ,20250514,7.78,1.2916,1.8032,11.4588,11.046,1.2774,0.2802,0.2669,801280.6503,681201.0813
000521.SZ,20250513,7.81,1.3171,1.839,11.503,11.0886,1.2824,0.2812,0.2679,804370.4214,683827.8207
000521.SZ,20250512,7.87,1.4435,2.0155,11.5914,11.1738,1.2922,0.2834,0.27,810549.9637,689081.2995
000521.SZ,20250509,7.81,2.0275,2.8307,11.503,11.0886,1.2824,0.2812,0.2679,804370.4214,683827.8207
000521.SZ,20250508,7.75,1.4511,2.026,11.4146,11.0034,1.2725,0.2791,0.2659,798190.8791,678574.3419
000521.SZ,20250507,7.69,2.1984,3.0694,11.3263,10.9182,1.2627,0.2769,0.2638,792011.3368,673320.8631
000521.SZ,20250506,7.6,1.5809,2.2072,11.1937,10.7905,1.2479,0.2737,0.2607,782742.0234,665440.645
000521.SZ,20250430,7.49,2.2355,3.1212,11.0317,10.6343,1.2298,0.2697,0.257,771412.8625,655809.2672
000521.SZ,20250429,7.65,0.9601,1.3405,11.2673,10.8614,1.2561,0.2755,0.2624,787891.642,669818.5439
000521.SZ,20250428,7.66,1.5196,2.1217,11.2821,10.8756,1.2577,0.2758,0.2628,788921.5657,670694.1237
000521.SZ,20250425,7.75,1.2362,1.726,11.4146,11.0034,1.2725,0.2791,0.2659,798190.8791,678574.3419
000521.SZ,20250424,7.71,1.7387,2.4275,11.3557,10.9466,1.2659,0.2776,0.2645,794071.1843,675072.0227
000521.SZ,20250423,7.75,1.9201,2.6808,11.4146,11.0034,1.2725,0.2791,0.2659,798190.8791,678574.3419
000521.SZ,20250422,7.81,1.7113,2.3893,11.503,11.0886,1.2824,0.2812,0.2679,804370.4214,683827.8207
000521.SZ,20250421,7.82,1.6813,2.3474,11.5177,11.5177,1.3234,0.2816,0.2816,805400.3451,684703.4005
000521.SZ,20250418,7.67,1.987,2.7743,11.2968,11.2968,1.298,0.2762,0.2762,789951.4894,671569.7035
000521.SZ,20250417,7.74,1.9893,2.7774,11.3999,11.3999,1.3099,0.2787,0.2787,797160.9554,677698.7621
000521.SZ,20250416,7.73,1.8928,2.6427,11.3852,11.3852,1.3082,0.2784,0.2784,796131.0317,676823.1823
000521.SZ,20250415,7.83,4.8428,6.7615,11.5325,11.5325,1.3251,0.282,0.282,806430.2688,685578.9803
000521.SZ,20250414,7.43,2.1091,2.9448,10.9433,10.9433,1.2574,0.2676,0.2676,765233.3202,650555.7884
000521.SZ,20250411,7.44,2.6919,3.7584,10.958,10.958,1.2591,0.2679,0.2679,766263.244,651431.3682
000521.SZ,20250410,7.53,6.3916,8.9239,11.0906,11.0906,1.2743,0.2712,0.2712,775532.5574,659311.5864
000521.SZ,20250409,7.02,3.5482,4.9539,10.3394,10.3394,1.188,0.2528,0.2528,723006.4479,614657.0168
000521.SZ,20250408,6.88,3.9502,5.5153,10.1332,10.1332,1.1643,0.2477,0.2477,708587.5159,602398.8996
000521.SZ,20250407,7.06,3.9716,5.5451,10.3984,10.3984,1.1948,0.2542,0.2542,727126.1428,618159.336
000521.SZ,20250403,7.84,5.9146,8.2579,11.5472,11.5472,1.3268,0.2823,0.2823,807460.1926,686454.5601
000521.SZ,20250402,8.28,2.0077,2.8035,11.5079,11.0363,1.4102,0.3517,0.3063,852776.836,724684.9305
000521.SZ,20250401,8.24,2.6592,3.7133,11.4523,10.9829,1.4034,0.35,0.3049,848657.1412,721184.0371
000521.SZ,20250331,8.31,3.7158,5.1889,11.5496,11.0762,1.4154,0.353,0.3074,855866.6072,727310.6005
000521.SZ,20250328,8.5,3.8743,5.4101,11.8136,11.3295,1.4477,0.361,0.3145,875435.1578,743939.8441
000521.SZ,20250327,8.41,6.1356,8.5678,11.6885,11.2095,1.4324,0.3572,0.3111,866165.8443,736062.834
000521.SZ,20250326,8.46,4.996,6.9765,11.758,11.2762,1.4409,0.3593,0.313,871315.4629,740438.9507
000521.SZ,20250325,8.3,3.3321,4.653,11.5357,11.0629,1.4137,0.3525,0.3071,854836.6835,726435.3772
000521.SZ,20250324,8.3,3.7964,5.3013,11.5357,11.0629,1.4137,0.3525,0.3071,854836.6835,726435.3772
000521.SZ,20250321,8.18,2.3446,3.274,11.3689,10.903,1.3932,0.3474,0.3026,842477.5989,715932.697
000521.SZ,20250320,8.21,2.8449,3.9726,11.4106,10.943,1.3983,0.3487,0.3037,845567.37,718558.3671
000521.SZ,20250319,8.37,4.2608,5.9498,11.633,11.1562,1.4256,0.3555,0.3097,862046.1495,732561.9406
000521.SZ,20250318,8.38,5.6725,7.9212,11.6469,11.1696,1.4273,0.3559,0.31,863076.0732,733437.1639
000521.SZ,20250317,8.19,5.6444,7.8819,11.3828,10.9163,1.3949,0.3479,0.303,843507.5226,716807.9204
000521.SZ,20250314,8.09,4.9729,6.9443,11.2438,10.783,1.3779,0.3436,0.2993,833208.2854,708055.6869
000521.SZ,20250313,7.87,2.2205,3.1008,10.938,10.4898,1.3404,0.3343,0.2912,810549.9637,688800.7733
000521.SZ,20250312,7.9,2.7046,3.7768,10.9797,10.5298,1.3455,0.3356,0.2923,813639.7349,691426.4433
000521.SZ,20250311,7.99,3.8774,5.4145,11.1048,10.6497,1.3609,0.3394,0.2956,822909.0483,699303.4535
000521.SZ,20250310,7.86,1.3816,1.9293,10.9241,10.4765,1.3387,0.3339,0.2908,809520.04,687925.55
000521.SZ,20250307,7.87,2.5915,3.6188,10.938,10.4898,1.3404,0.3343,0.2912,810549.9637,688800.7733
000521.SZ,20250306,7.96,2.7686,3.8661,11.0631,10.6097,1.3557,0.3381,0.2945,819819.2771,696677.7834
000521.SZ,20250305,7.9,2.0616,2.8789,10.9797,10.5298,1.3455,0.3356,0.2923,813639.7349,691426.4433
000521.SZ,20250304,7.93,2.9528,4.1233,11.0214,10.5698,1.3506,0.3368,0.2934,816729.506,694052.1134
000521.SZ,20250303,8.02,3.9099,5.4599,11.1465,10.6897,1.366,0.3407,0.2967,825998.8194,701929.1235
000521.SZ,20250228,8.19,6.0943,8.5102,11.3828,10.9163,1.3949,0.3479,0.303,843507.5226,716807.9204
000521.SZ,20250227,8.07,3.8384,5.36,11.216,10.7564,1.3745,0.3428,0.2986,831148.438,706305.2402
000521.SZ,20250226,7.93,2.1518,3.0048,11.0214,10.5698,1.3506,0.3368,0.2934,816729.506,694052.1134
000521.SZ,20250225,7.81,2.1181,2.9578,10.8546,10.4098,1.3302,0.3317,0.2889,804370.4214,683549.4332
000521.SZ,20250224,7.95,1.9861,2.7734,11.0492,10.5964,1.354,0.3377,0.2941,818789.3534,695802.5601
000521.SZ,20250221,7.92,2.2961,3.2063,11.0075,10.5564,1.3489,0.3364,0.293,815699.5823,693176.89
000521.SZ,20250220,7.95,1.639,2.2887,11.0492,10.5964,1.354,0.3377,0.2941,818789.3534,695802.5601
000521.SZ,20250219,7.94,2.0934,2.9232,11.0353,10.5831,1.3523,0.3373,0.2938,817759.4297,694927.3367
000521.SZ,20250218,7.92,2.6689,3.7269,11.0075,10.5564,1.3489,0.3364,0.293,815699.5823,693176.89
000521.SZ,20250217,8.15,3.3833,4.7245,11.3272,10.863,1.3881,0.3462,0.3015,839387.8277,713307.027
000521.SZ,20250214,8.27,6.1355,8.5677,11.494,11.0229,1.4085,0.3513,0.306,851746.9123,723809.7071
000521.SZ,20250213,8.05,4.5238,6.3172,11.1882,10.7297,1.3711,0.3419,0.2978,829088.5906,704554.7935
000521.SZ,20250212,7.95,2.6901,3.7565,11.0492,10.5964,1.354,0.3377,0.2941,818789.3534,695802.5601
000521.SZ,20250211,8.01,2.6081,3.642,11.1326,10.6764,1.3643,0.3402,0.2963,824968.8957,701053.9001
000521.SZ,20250210,8.01,2.4153,3.3727,11.1326,10.6764,1.3643,0.3402,0.2963,824968.8957,701053.9001
000521.SZ,20250207,7.96,3.0932,4.3194,11.0631,10.6097,1.3557,0.3381,0.2945,819819.2771,696677.7834
000521.SZ,20250206,7.91,3.1608,4.4138,10.9936,10.5431,1.3472,0.336,0.2926,814669.6586,692301.6667
000521.SZ,20250205,7.82,2.2324,3.1174,10.8685,10.4231,1.3319,0.3322,0.2893,805400.3451,684424.6566
000521.SZ,20250127,7.92,2.0282,2.8323,11.0075,10.5564,1.3489,0.3364,0.293,815699.5823,693176.89
000521.SZ,20250124,7.91,1.6324,2.2795,10.9936,10.5431,1.3472,0.336,0.2926,814669.6586,692301.6667
000521.SZ,20250123,7.88,2.0497,2.8622,10.9519,10.5031,1.3421,0.3347,0.2915,811579.8874,689675.9966
000521.SZ,20250122,7.88,2.3218,3.2422,10.9519,10.5031,1.3421,0.3347,0.2915,811579.8874,689675.9966
000521.SZ,20250121,8.09,1.9679,2.7479,11.2438,10.783,1.3779,0.3436,0.2993,833208.2854,708055.6869
000521.SZ,20250120,8.16,2.429,3.3919,11.3411,10.8763,1.3898,0.3466,0.3019,840417.7514,714182.2503
000521.SZ,20250117,8.12,2.0415,2.8508,11.2855,10.823,1.383,0.3449,0.3004,836298.0566,710681.357
000521.SZ,20250116,8.19,3.569,4.9838,11.3828,10.9163,1.3949,0.3479,0.303,843507.5226,716807.9204
000521.SZ,20250115,8.0,1.8516,2.5856,11.1187,10.6631,1.3626,0.3398,0.296,823938.972,700178.6768
000521.SZ,20250114,8.1,2.3956,3.3453,11.2577,10.7963,1.3796,0.344,0.2997,834238.2092,708930.9103
000521.SZ,20250113,7.86,2.0072,2.8028,10.9241,10.4765,1.3387,0.3339,0.2908,809520.04,687925.55
000521.SZ,20250110,8.0,3.9668,5.5393,11.1187,10.6631,1.3626,0.3398,0.296,823938.972,700178.6768
000521.SZ,20250109,8.45,3.9036,5.4511,11.7441,11.2629,1.4392,0.3589,0.3126,870285.5392,739563.7274
000521.SZ,20250108,8.63,7.2253,10.0895,11.9943,11.5028,1.4699,0.3666,0.3193,888824.166,755317.7476
000521.SZ,20250107,8.25,2.6638,3.7197,11.4662,10.9963,1.4051,0.3504,0.3052,849687.0649,722059.2605
000521.SZ,20250106,8.21,3.919,5.4725,11.4106,10.943,1.3983,0.3487,0.3037,845567.37,718558.3671
000521.SZ,20250103,7.99,3.5314,4.9313,11.1048,10.6497,1.3609,0.3394,0.2956,822909.0483,699303.4535
000521.SZ,20250102,8.05,3.056,4.2675,11.1882,10.7297,1.3711,0.3419,0.2978,829088.5906,704554.7935
000521.SZ,20241231,8.16,2.4192,3.3782,11.3411,10.8763,1.3898,0.3466,0.3019,840417.7514,714182.2503
000521.SZ,20241230,8.4,3.1457,4.3927,11.6746,11.1962,1.4307,0.3568,0.3108,865135.9206,735187.6106
000521.SZ,20241227,8.41,2.0856,2.9124,11.6885,11.2095,1.4324,0.3572,0.3111,866165.8443,736062.834
000521.SZ,20241226,8.35,1.4362,2.0056,11.6052,11.1296,1.4222,0.3547,0.3089,859986.302,730811.4939
000521.SZ,20241225,8.29,2.6524,3.7038,11.5218,11.0496,1.4119,0.3521,0.3067,853806.7597,725560.1538
000521.SZ,20241224,8.51,2.5118,3.5075,11.8275,11.3428,1.4494,0.3615,0.3148,876465.0815,744815.0674
000521.SZ,20241223,8.26,2.7949,3.9029,11.4801,11.0096,1.4068,0.3508,0.3056,850716.9886,722934.4838
000521.SZ,20241220,8.5,3.2128,4.4864,11.8136,11.3295,1.4477,0.361,0.3145,875435.1578,743939.8441
000521.SZ,20241219,8.64,1.9033,2.6578,12.0082,11.5161,1.4716,0.367,0.3197,889854.0898,756192.9709
000521.SZ,20241218,8.55,1.7626,2.4613,11.8831,11.3961,1.4562,0.3632,0.3163,880584.7763,748315.9608
000521.SZ,20241217,8.51,2.5585,3.5728,11.8275,11.3428,1.4494,0.3615,0.3148,876465.0815,744815.0674
000521.SZ,20241216,8.73,3.1577,4.4095,12.1333,11.6361,1.4869,0.3708,0.323,899123.4032,764069.9811
000521.SZ,20241213,8.98,4.4496,6.2134,12.4808,11.9693,1.5295,0.3814,0.3322,924871.4961,785950.5647
000521.SZ,20241212,9.25,6.0491,8.4471,12.856,12.3292,1.5755,0.3929,0.3422,952679.4364,809581.5951
000521.SZ,20241211,8.98,3.6944,5.1589,12.4808,11.9693,1.5295,0.3814,0.3322,924871.4961,785950.5647
000521.SZ,20241210,8.9,6.9526,9.7087,12.3696,11.8627,1.5158,0.378,0.3293,916632.1064,778948.7779
000521.SZ,20241209,8.84,2.7622,3.8571,12.2862,11.7827,1.5056,0.3755,0.3271,910452.5641,773697.4379
000521.SZ,20241206,8.91,4.3573,6.0845,12.3835,11.876,1.5175,0.3785,0.3296,917662.0301,779824.0013
000521.SZ,20241205,8.65,2.0937,2.9237,12.0221,11.5294,1.4733,0.3674,0.32,890884.0135,757068.1943
000521.SZ,20241204,8.65,3.7794,5.2776,12.0221,11.5294,1.4733,0.3674,0.32,890884.0135,757068.1943
000521.SZ,20241203,8.58,1.9871,2.7749,11.9248,11.4361,1.4613,0.3644,0.3174,883674.5475,750941.6309
000521.SZ,20241202,8.6,2.383,3.3276,11.9526,11.4628,1.4647,0.3653,0.3182,885734.3949,752692.0776
000521.SZ,20241129,8.5,2.377,3.3193,11.8136,11.3295,1.4477,0.361,0.3145,875435.1578,743939.8441
000521.SZ,20241128,8.43,2.6028,3.6346,11.7163,11.2362,1.4358,0.3581,0.3119,868225.6917,737813.2807
000521.SZ,20241127,8.52,3.0012,4.1909,11.8414,11.3562,1.4511,0.3619,0.3152,877495.0052,745690.2908
000521.SZ,20241126,8.34,2.7287,3.8103,11.5913,11.1162,1.4205,0.3542,0.3086,858956.3783,729936.2706
000521.SZ,20241125,8.55,3.7409,5.2238,11.8831,11.3961,1.4562,0.3632,0.3163,880584.7763,748315.9608
000521.SZ,20241122,8.65,5.7519,8.032,12.0221,11.5294,1.4733,0.3674,0.32,890884.0135,757068.1943
000521.SZ,20241121,8.6,2.0747,2.8972,11.9526,11.4628,1.4647,0.3653,0.3182,885734.3949,752692.0776
000521.SZ,20241120,8.65,2.2418,3.1305,12.0221,11.5294,1.4733,0.3674,0.32,890884.0135,757068.1943
000521.SZ,20241119,8.62,2.6571,3.7104,11.9804,11.4894,1.4682,0.3661,0.3189,887794.2423,754442.5243
000521.SZ,20241118,8.4,3.48,4.8596,11.6746,11.1962,1.4307,0.3568,0.3108,865135.9206,735187.6106
000521.SZ,20241115,8.65,3.0185,4.2151,12.0221,11.5294,1.4733,0.3674,0.32,890884.0135,757068.1943
000521.SZ,20241114,8.84,3.3573,4.6882,12.2862,11.7827,1.5056,0.3755,0.3271,910452.5641,773697.4379
000521.SZ,20241113,9.14,4.1107,5.7402,12.7031,12.1825,1.5567,0.3882,0.3382,941350.2755,799954.1382
000521.SZ,20241112,9.3,7.2031,10.0585,12.9255,12.3958,1.584,0.395,0.3441,957829.055,813957.7118
000521.SZ,20241111,9.47,7.5122,10.4901,13.1618,12.6224,1.6129,0.4022,0.3504,975337.7581,828836.5087
000521.SZ,20241108,9.44,10.9713,15.3204,13.1201,12.5824,1.6078,0.401,0.3493,972247.987,826210.8386
000521.SZ,20241107,8.95,5.94,8.2947,12.4391,11.9293,1.5244,0.3802,0.3311,921781.7249,783324.8947
000521.SZ,20241106,8.66,4.3041,6.0103,12.036,11.5428,1.475,0.3678,0.3204,891913.9372,757943.4176
000521.SZ,20241105,8.75,4.8076,6.7134,12.1611,11.6627,1.4903,0.3717,0.3237,901183.2506,765820.4278
000521.SZ,20241104,8.59,3.3058,4.6163,11.9387,11.4495,1.463,0.3649,0.3178,884704.4712,751816.8542
000521.SZ,20241101,8.52,5.2118,7.2779,11.8414,11.3562,1.4511,0.3619,0.3152,877495.0052,745690.2908
000521.SZ,20241031,8.85,5.717,7.9833,12.3001,11.796,1.5073,0.3759,0.3274,911482.4878,774572.6612
000521.SZ,20241030,8.74,4.922,6.8731,12.1472,11.6494,1.4886,0.3712,0.3234,900153.3269,764945.2044
000521.SZ,20241029,8.92,5.4127,7.5583,12.3974,11.8893,1.5192,0.3789,0.33,918691.9538,780699.2246
000521.SZ,20241028,9.19,5.9973,8.3747,12.7726,12.2492,1.5652,0.3903,0.34,946499.8941,804330.255
000521.SZ,20241025,8.95,4.0386,5.6396,12.4391,11.9293,1.5244,0.3802,0.3311,921781.7249,783324.8947
000521.SZ,20241024,8.93,4.6194,6.4506,12.4113,11.9026,1.521,0.3793,0.3304,919721.8775,781574.448
000521.SZ,20241023,9.1,10.1873,14.2256,12.6475,12.1292,1.5499,0.3865,0.3367,937230.5807,796453.2449
000521.SZ,20241022,9.69,9.51,13.2799,13.4675,12.506,1.6821,0.4116,0.3785,997996.0798,848091.4223
000521.SZ,20241021,9.24,7.9162,11.0543,12.8421,11.9252,1.604,0.3925,0.3609,951649.5127,808706.3717
000521.SZ,20241018,9.48,7.8065,10.901,13.1757,12.2349,1.6457,0.4027,0.3703,976367.6818,829711.732
000521.SZ,20241017,9.11,4.2835,5.9815,12.6614,11.7574,1.5815,0.3869,0.3559,938260.5044,797328.4682
000521.SZ,20241016,9.02,3.7653,5.258,12.5363,11.6413,1.5658,0.3831,0.3523,928991.1909,789451.4581
000521.SZ,20241015,8.98,5.0318,7.0264,12.4808,11.5896,1.5589,0.3814,0.3508,924871.4961,785950.5647
000521.SZ,20241014,9.41,5.8147,8.1197,13.0784,12.1446,1.6335,0.3997,0.3676,969158.2158,823585.1686
000521.SZ,20241011,9.1,5.8506,8.1699,12.6475,11.7445,1.5797,0.3865,0.3555,937230.5807,796453.2449
000521.SZ,20241010,9.6,8.8808,12.4012,13.3425,12.3898,1.6665,0.4078,0.375,988726.7664,840214.4122
000521.SZ,20241009,10.01,6.0851,8.4974,13.9123,12.9189,1.7377,0.4252,0.391,1030953.6387,876098.5693
000521.SZ,20241008,11.12,10.2217,14.2737,15.455,14.3515,1.9304,0.4723,0.4344,1145275.1711,973248.3608
000521.SZ,20240930,10.9,7.6717,10.7129,15.1492,14.0676,1.8922,0.463,0.4258,1122616.8494,953993.4471
000521.SZ,20240927,10.1,6.6547,9.2927,14.0374,13.0351,1.7533,0.429,0.3945,1040222.9522,883975.5795
000521.SZ,20240926,9.85,5.5962,7.8146,13.6899,12.7125,1.7099,0.4184,0.3848,1014474.8593,862094.9958
000521.SZ,20240925,9.33,6.3386,8.8513,12.9672,12.0413,1.6197,0.3963,0.3644,960918.8261,816583.3818
000521.SZ,20240924,9.5,5.131,7.165,13.2035,12.2607,1.6492,0.4035,0.3711,978427.5293,831462.1787
000521.SZ,20240923,9.38,4.0994,5.7245,13.0367,12.1059,1.6283,0.3984,0.3664,966068.4447,820959.4985
000521.SZ,20240920,9.62,3.1991,4.4673,13.3703,12.4156,1.67,0.4086,0.3758,990786.6138,841964.8589
000521.SZ,20240919,9.55,5.7718,8.0598,13.273,12.3253,1.6578,0.4056,0.373,983577.1478,835838.2954
000521.SZ,20240918,9.28,5.3481,7.4682,12.8977,11.9768,1.611,0.3942,0.3625,955769.2075,812207.2651
000521.SZ,20240913,8.56,2.987,4.1711,11.897,11.0476,1.486,0.3636,0.3344,881614.7,749191.1842
000521.SZ,20240912,8.8,2.8181,3.9353,12.2306,11.3573,1.5276,0.3738,0.3437,906332.8692,770196.5445
000521.SZ,20240911,8.85,4.4173,6.1683,12.3001,11.4218,1.5363,0.3759,0.3457,911482.4878,774572.6612
000521.SZ,20240910,8.52,2.2756,3.1776,11.8414,10.9959,1.479,0.3619,0.3328,877495.0052,745690.2908
000521.SZ,20240909,8.38,2.2315,3.1162,11.6469,10.8153,1.4547,0.3559,0.3273,863076.0732,733437.1639
000521.SZ,20240906,8.5,2.7055,3.778,11.8136,10.9701,1.4756,0.361,0.332,875435.1578,743939.8441
000521.SZ,20240905,8.65,3.0079,4.2002,12.0221,11.1637,1.5016,0.3674,0.3379,890884.0135,757068.1943
000521.SZ,20240904,8.62,5.2367,7.3126,11.9804,11.125,1.4964,0.3661,0.3367,887794.2423,754442.5243
000521.SZ,20240903,8.72,5.2659,7.3533,12.1194,11.2541,1.5138,0.3704,0.3406,898093.4795,763194.7577
000521.SZ,20240902,8.41,5.8095,8.1124,11.6885,10.854,1.4599,0.3572,0.3285,866165.8443,736062.834
000521.SZ,20240830,8.41,7.1773,10.0224,11.6885,10.854,1.4599,0.3572,0.3285,866165.8443,736062.834
000521.SZ,20240829,7.97,3.1049,4.3357,11.077,10.2861,1.3836,0.3385,0.3113,820849.2009,697553.0068
000521.SZ,20240828,8.01,3.1896,4.454,11.1326,10.3377,1.3905,0.3402,0.3129,824968.8957,701053.9001
000521.SZ,20240827,8.21,4.0577,5.6662,11.4106,10.5959,1.4252,0.3487,0.3207,845567.37,718558.3671
000521.SZ,20240826,8.33,7.357,10.2735,11.5774,10.7507,1.4461,0.3538,0.3254,857926.4546,729061.0472
000521.SZ,20240823,8.18,6.0271,8.4163,11.3689,10.5571,1.42,0.3474,0.3195,842477.5989,715932.697
000521.SZ,20240822,7.44,3.7794,5.2776,10.3404,9.6021,1.2916,0.316,0.2906,766263.244,651166.1694
000521.SZ,20240821,7.23,2.9071,4.0595,10.0485,9.3311,1.2551,0.3071,0.2824,744634.8459,632786.4792
000521.SZ,20240820,7.35,3.4928,4.8774,10.2153,9.4859,1.2759,0.3122,0.2871,756993.9305,643289.1593
000521.SZ,20240819,7.56,5.3949,7.5335,10.5072,9.757,1.3124,0.3211,0.2953,778622.3285,661668.8496
000521.SZ,20240816,8.0,3.4666,4.8407,11.1187,10.6447,1.4527,0.3398,0.3274,823938.972,700249.9672
000521.SZ,20240815,7.82,2.5539,3.5662,10.8685,10.4052,1.42,0.3322,0.3201,805400.3451,684494.3429
000521.SZ,20240814,7.79,1.7141,2.3935,10.8268,10.3653,1.4146,0.3309,0.3189,802310.574,681868.4056
000521.SZ,20240813,7.92,3.2933,4.5986,11.0075,10.5383,1.4382,0.3364,0.3242,815699.5823,693247.4675
000521.SZ,20240812,8.13,3.1264,4.3655,11.2994,10.8177,1.4763,0.3453,0.3328,837327.9803,711629.0292
000521.SZ,20240809,8.09,3.8429,5.366,11.2438,10.7645,1.469,0.3436,0.3311,833208.2854,708127.7793
000521.SZ,20240808,8.08,4.0513,5.657,11.2299,10.7512,1.4672,0.3432,0.3307,832178.3617,707252.4669
000521.SZ,20240807,7.99,6.0213,8.4078,11.1048,10.6314,1.4509,0.3394,0.327,822909.0483,699374.6547
000521.SZ,20240806,8.42,5.407,7.55,11.7024,11.2036,1.529,0.3576,0.3446,867195.768,737013.0905
000521.SZ,20240805,8.18,5.8101,8.1129,11.3689,10.8842,1.4854,0.3474,0.3348,842477.5989,716005.5915
000521.SZ,20240802,8.17,5.0356,7.0315,11.355,10.8709,1.4836,0.347,0.3344,841447.6752,715130.279
000521.SZ,20240801,8.32,8.417,11.7532,11.5635,11.0705,1.5108,0.3534,0.3405,856896.5309,728259.9659
000521.SZ,20240731,8.25,9.0437,12.6282,11.4662,10.9774,1.4981,0.3504,0.3377,849687.0649,722132.7787
000521.SZ,20240730,7.5,4.9381,6.8953,10.4238,9.9794,1.3619,0.3186,0.307,772442.7863,656484.3443
000521.SZ,20240729,7.78,9.3277,13.0247,10.8129,10.352,1.4127,0.3305,0.3184,801280.6503,680993.0931
000521.SZ,20240726,7.52,2.0393,2.8476,10.4516,10.0061,1.3655,0.3194,0.3078,774502.6337,658234.9692
000521.SZ,20240725,6.84,1.7187,2.3999,9.5065,9.1013,1.242,0.2905,0.28,704467.8211,598713.722
000521.SZ,20240724,6.87,1.806,2.5218,9.5482,9.1412,1.2475,0.2918,0.2812,707557.5922,601339.6593
000521.SZ,20240723,6.99,2.7344,3.8182,9.715,9.3008,1.2693,0.2969,0.2861,719916.6768,611843.4088
000521.SZ,20240722,7.27,1.8216,2.5436,10.1041,9.6734,1.3201,0.3088,0.2976,748754.5408,636352.1577
000521.SZ,20240719,7.25,1.9083,2.6646,10.0763,9.6468,1.3165,0.3079,0.2967,746694.6934,634601.5328
000521.SZ,20240718,7.48,1.9439,2.7144,10.396,9.9528,1.3583,0.3177,0.3062,770382.9388,654733.7193
000521.SZ,20240717,7.53,2.9597,4.1327,10.4655,10.0194,1.3673,0.3198,0.3082,775532.5574,659110.2816
000521.SZ,20240716,7.77,4.1044,5.7313,10.799,10.3387,1.4109,0.33,0.318,800250.7266,680117.7806
000521.SZ,20240715,7.44,2.8761,4.016,10.3404,9.8996,1.351,0.316,0.3045,766263.244,651232.4695
000521.SZ,20240712,7.63,4.505,6.2906,10.6045,10.1524,1.3855,0.3241,0.3123,785831.7945,667863.4062
000521.SZ,20240711,7.47,3.6516,5.099,10.3821,9.9395,1.3564,0.3173,0.3058,769353.0151,653858.4069
000521.SZ,20240710,7.11,1.8461,2.5778,9.8818,9.4605,1.2911,0.302,0.291,732275.7614,622347.1583
000521.SZ,20240709,7.19,2.2157,3.0939,9.9929,9.567,1.3056,0.3054,0.2943,740515.1511,629349.658
000521.SZ,20240708,7.13,1.5508,2.1655,9.9096,9.4871,1.2947,0.3028,0.2918,734335.6088,624097.7833
000521.SZ,20240705,7.39,1.7951,2.5066,10.2709,9.8331,1.3419,0.3139,0.3025,761113.6254,646855.9072
000521.SZ,20240704,7.33,1.4417,2.0131,10.1875,9.7532,1.331,0.3113,0.3,754934.0831,641604.0324
000521.SZ,20240703,7.4,1.5506,2.1652,10.2848,9.8464,1.3437,0.3143,0.3029,762143.5491,647731.2197
000521.SZ,20240702,7.55,2.2277,3.1106,10.4933,10.046,1.371,0.3207,0.309,777592.4048,660860.9065
000521.SZ,20240701,7.74,1.8366,2.5645,10.7574,10.2988,1.4055,0.3288,0.3168,797160.9554,677491.8433
000521.SZ,20240628,7.58,2.4162,3.3739,10.535,10.0859,1.3764,0.322,0.3103,780682.176,663486.8439
000521.SZ,20240627,7.6,3.3525,4.6813,10.5628,10.1125,1.3801,0.3228,0.3111,782742.0234,665237.4688
000521.SZ,20240626,7.98,2.9145,4.0697,11.0909,10.6181,1.4491,0.339,0.3266,821879.1246,698499.3423
000521.SZ,20240625,7.98,3.0962,4.3234,11.0909,10.6181,1.4491,0.339,0.3266,821879.1246,698499.3423
000521.SZ,20240624,7.82,3.082,4.3036,10.8685,10.4052,1.42,0.3322,0.3201,805400.3451,684494.3429
000521.SZ,20240621,8.05,1.8681,2.6085,11.1882,10.7113,1.4618,0.3419,0.3295,829088.5906,704626.5295
000521.SZ,20240620,8.05,3.4091,4.7602,11.1882,10.7113,1.4618,0.3419,0.3295,829088.5906,704626.5295
000521.SZ,20240619,8.27,4.3515,6.0763,11.494,11.004,1.5017,0.3513,0.3385,851746.9123,723883.4036
000521.SZ,20240618,8.66,3.9185,5.4716,12.036,11.5229,1.5725,0.3678,0.3545,891913.9372,758020.5895
000521.SZ,20240617,8.73,4.1001,5.7252,12.1333,11.6161,1.5852,0.3708,0.3573,899123.4032,764147.7767
000521.SZ,20240614,8.64,3.4237,4.7808,12.0082,11.4963,1.5689,0.367,0.3536,889854.0898,756269.9646
000521.SZ,20240613,8.48,3.4304,4.79,11.7858,11.2834,1.5398,0.3602,0.3471,873375.3103,742264.9652
000521.SZ,20240612,8.86,4.3223,6.0355,12.314,11.789,1.5257,0.3763,0.3626,912512.4115,775526.8387
000521.SZ,20240611,8.74,2.4256,3.3869,12.1472,11.6294,1.5051,0.3712,0.3577,900153.3269,765023.0892
000521.SZ,20240607,8.8,3.3626,4.6954,12.2306,11.7092,1.5154,0.3738,0.3602,906332.8692,770274.9639
000521.SZ,20240606,8.9,3.9828,5.5614,12.3696,11.8423,1.5326,0.378,0.3643,916632.1064,779028.0885
000521.SZ,20240605,8.9,4.5328,6.3294,12.3696,11.8423,1.5326,0.378,0.3643,916632.1064,779028.0885
000521.SZ,20240604,9.26,3.9556,5.5235,12.8699,12.3213,1.5946,0.3933,0.379,953709.3601,810539.337
000521.SZ,20240603,9.53,3.3708,4.7069,13.2452,12.6805,1.6411,0.4048,0.3901,981517.3004,834172.7734
000521.SZ,20240531,9.47,4.2284,5.9044,13.1618,12.6007,1.6308,0.4022,0.3876,975337.7581,828920.8987
000521.SZ,20240530,9.72,2.4324,3.3966,13.5092,12.9334,1.6738,0.4129,0.3978,1001085.851,850803.7101
000521.SZ,20240529,9.88,3.9247,5.4803,13.7316,13.1463,1.7014,0.4197,0.4044,1017564.6304,864808.7095
000521.SZ,20240528,10.05,5.5341,7.7275,13.9679,13.3725,1.7307,0.4269,0.4114,1035073.3336,879689.0213
000521.SZ,20240527,10.88,4.0615,5.6713,15.1214,14.4768,1.8736,0.4621,0.4453,1120557.0019,952339.9554
000521.SZ,20240524,10.51,2.3552,3.2886,14.6072,13.9845,1.8099,0.4464,0.4302,1082449.8245,919953.3944
000521.SZ,20240523,10.59,2.1662,3.0247,14.7184,14.091,1.8237,0.4498,0.4335,1090689.2142,926955.8941
000521.SZ,20240522,10.61,4.0835,5.7021,14.7462,14.1176,1.8271,0.4507,0.4343,1092749.0616,928706.519
000521.SZ,20240521,11.17,2.6918,3.7587,15.5245,14.8627,1.9235,0.4744,0.4572,1150424.7897,977724.0167
000521.SZ,20240520,11.12,2.9514,4.1212,15.455,14.7962,1.9149,0.4723,0.4552,1145275.1711,973347.4544
000521.SZ,20240517,11.33,2.8267,3.9471,15.7469,15.0756,1.9511,0.4812,0.4637,1166903.5691,991729.016
000521.SZ,20240516,11.6,3.7229,5.1985,16.1221,15.4349,1.9976,0.4927,0.4748,1194711.5094,1015362.4524
000521.SZ,20240515,12.25,2.8617,3.996,17.0255,16.2998,2.1095,0.5203,0.5014,1261656.5509,1072257.7623
000521.SZ,20240514,12.03,2.8602,3.9939,16.7198,16.007,2.0716,0.511,0.4924,1238998.2291,1053000.8882
000521.SZ,20240513,12.2,3.6746,5.1311,16.956,16.2332,2.1009,0.5182,0.4994,1256506.9323,1067881.2
000521.SZ,20240510,11.3,4.1155,5.7467,15.7052,15.0357,1.9459,0.48,0.4625,1163813.798,989103.0787
000521.SZ,20240509,10.72,2.8126,3.9275,14.8991,14.264,1.846,0.4553,0.4388,1104078.2225,938334.956
000521.SZ,20240508,10.33,1.9423,2.7122,14.357,13.745,1.7789,0.4388,0.4228,1063911.1976,904197.7701
000521.SZ,20240507,10.44,3.3369,4.6596,14.5099,13.8914,1.7978,0.4434,0.4273,1075240.3585,913826.2072
000521.SZ,20240506,10.81,5.8392,8.1536,15.0242,14.3837,1.8615,0.4592,0.4425,1113347.5359,946212.7682
000521.SZ,20240430,10.26,2.8152,3.9311,14.2597,13.6519,1.7668,0.4358,0.42,1056701.7316,898070.5829
000521.SZ,20240429,9.33,1.7457,2.4376,12.9672,12.4144,1.6067,0.3963,0.3819,960918.8261,816666.5242
000521.SZ,20240426,9.45,1.8807,2.6261,13.134,12.5741,1.6273,0.4014,0.3868,973277.9107,827170.2738
000521.SZ,20240425,9.35,1.496,2.089,12.995,12.441,1.6101,0.3971,0.3827,962978.6735,818417.1492
000521.SZ,20240424,9.39,2.0437,2.8537,13.0506,12.4943,1.617,0.3988,0.3843,967098.3684,821918.399
000521.SZ,20240423,9.21,3.1159,4.3508,12.8004,12.2548,1.586,0.3912,0.377,948559.7415,806162.7747
000521.SZ,20240422,9.7,4.2069,5.8743,13.4814,12.9067,1.6704,0.412,0.397,999026.0036,849053.0852
000521.SZ,20240419,10.04,2.8585,3.9914,13.954,13.954,1.7752,0.4265,0.4265,1034043.4099,878813.7088
000521.SZ,20240418,9.95,3.8768,5.4134,13.8289,13.8289,1.7593,0.4226,0.4226,1024774.0964,870935.8967
000521.SZ,20240417,9.85,4.2382,5.9181,13.6899,13.6899,1.7417,0.4184,0.4184,1014474.8593,862182.7721
000521.SZ,20240416,9.17,3.606,5.0352,12.7448,12.7448,1.6214,0.3895,0.3895,944440.0467,802661.5249
000521.SZ,20240415,9.23,3.9273,5.4839,12.8282,12.8282,1.632,0.392,0.392,950619.5889,807913.3997
000521.SZ,20240412,8.94,3.0118,4.2055,12.4252,12.4252,1.5807,0.3797,0.3797,920751.8012,782529.3383
000521.SZ,20240411,8.61,3.226,4.5046,11.9665,11.9665,1.5224,0.3657,0.3657,886764.3186,753644.0272
000521.SZ,20240410,8.26,2.3175,3.2361,11.4801,11.4801,1.4605,0.3508,0.3508,850716.9886,723008.0911
000521.SZ,20240409,8.36,3.7977,5.3029,11.6191,11.6191,1.4782,0.3551,0.3551,861016.2257,731761.2157
000521.SZ,20240408,8.41,5.3454,7.464,11.6885,11.6885,1.487,0.3572,0.3572,866165.8443,736137.778
000521.SZ,20240403,9.09,3.0578,4.2697,12.6336,12.6336,1.6073,0.3861,0.3861,936200.6569,795659.0252
000521.SZ,20240402,9.33,3.0776,4.2974,12.9672,12.9672,1.6497,0.3963,0.3963,960918.8261,816666.5242
000521.SZ,20240401,9.22,3.48,4.8593,12.8143,12.8143,1.6303,0.3916,0.3916,949589.6652,807038.0872
000521.SZ,20240329,9.29,3.1602,4.4128,39.1267,16.4649,1.7127,0.4733,0.3985,956799.1312,813165.2744
000521.SZ,20240328,9.11,3.7457,5.2304,38.3686,16.1459,1.6795,0.4641,0.3908,938260.5044,797409.6501
000521.SZ,20240327,8.75,3.3656,4.6995,36.8524,15.5078,1.6131,0.4458,0.3754,901183.2506,765898.4016
000521.SZ,20240326,8.45,2.5478,3.5576,35.5889,14.9761,1.5578,0.4305,0.3625,870285.5392,739639.0279
000521.SZ,20240325,8.73,2.5364,3.5418,36.7681,15.4724,1.6094,0.4448,0.3745,899123.4032,764147.7767
000521.SZ,20240322,8.75,2.8803,4.022,36.8524,15.5078,1.6131,0.4458,0.3754,901183.2506,765898.4016
000521.SZ,20240321,8.44,1.5331,2.1408,35.5467,14.9584,1.556,0.43,0.3621,869255.6155,738763.7154
000521.SZ,20240320,8.56,1.8624,2.6006,36.0521,15.1711,1.5781,0.4361,0.3672,881614.7,749267.4649
000521.SZ,20240319,8.65,1.9325,2.6984,36.4312,15.3306,1.5947,0.4407,0.3711,890884.0135,757145.277
000521.SZ,20240318,8.83,2.4482,3.4185,37.1893,15.6496,1.6279,0.4499,0.3788,909422.6403,772900.9013
000521.SZ,20240315,8.91,1.7812,2.4871,37.5262,15.7914,1.6426,0.4539,0.3822,917662.0301,779903.401
000521.SZ,20240314,8.93,1.5704,2.1928,37.6105,15.8269,1.6463,0.455,0.3831,919721.8775,781654.0259
000521.SZ,20240313,8.86,1.6382,2.2875,37.3157,15.7028,1.6334,0.4514,0.3801,912512.4115,775526.8387
000521.SZ,20240312,8.76,2.6145,3.6507,36.8945,15.5256,1.6149,0.4463,0.3758,902213.1743,766773.7141
000521.SZ,20240311,9.16,2.0208,2.8217,38.5792,16.2345,1.6887,0.4667,0.393,943410.1229,801786.2124
000521.SZ,20240308,9.13,2.0686,2.8885,38.4528,16.1813,1.6832,0.4652,0.3917,940320.3518,799160.2751
000521.SZ,20240307,9.15,2.5598,3.5743,38.5371,16.2168,1.6868,0.4662,0.3925,942380.1992,800910.9
000521.SZ,20240306,9.03,2.2046,3.0784,38.0316,16.0041,1.6647,0.4601,0.3874,930021.1146,790407.1505
000521.SZ,20240305,9.11,2.8787,4.0197,38.3686,16.1459,1.6795,0.4641,0.3908,938260.5044,797409.6501
000521.SZ,20240304,9.45,4.1389,5.7794,39.8006,16.7485,1.7422,0.4815,0.4054,973277.9107,827170.2738
000521.SZ,20240301,8.82,3.0029,4.1931,37.1472,15.6319,1.626,0.4494,0.3784,908392.7166,772025.5888
000521.SZ,20240229,8.46,2.586,3.611,35.631,14.9939,1.5596,0.431,0.3629,871315.4629,740514.3403
000521.SZ,20240228,8.33,3.393,4.7378,35.0835,14.7635,1.5357,0.4244,0.3574,857926.4546,729135.2783
000521.SZ,20240227,8.63,4.3969,6.1396,36.347,15.2952,1.591,0.4397,0.3702,888824.166,755394.6521
000521.SZ,20240226,8.43,4.6527,6.4969,35.5046,14.9407,1.5541,0.4295,0.3616,868225.6917,737888.4029
000521.SZ,20240223,8.43,2.7134,3.7889,35.5046,14.9407,1.5541,0.4295,0.3616,868225.6917,737888.4029
000521.SZ,20240222,8.55,2.7756,3.8757,36.01,15.1534,1.5762,0.4356,0.3668,880584.7763,748392.1524
000521.SZ,20240221,8.56,3.8059,5.3143,36.0521,15.1711,1.5781,0.4361,0.3672,881614.7,749267.4649
000521.SZ,20240220,8.78,3.8981,5.4432,36.9787,15.561,1.6186,0.4473,0.3767,904273.0218,768524.339
000521.SZ,20240219,8.11,2.8343,3.9577,34.1569,14.3736,1.4951,0.4132,0.3479,835268.1329,709878.4042
000521.SZ,20240208,8.21,4.4282,6.1833,34.5781,14.5508,1.5136,0.4183,0.3522,845567.37,718631.5288
000521.SZ,20240207,7.62,3.877,5.4136,32.0932,13.5051,1.4048,0.3882,0.3269,784801.8708,666988.0938
000521.SZ,20240206,7.33,4.6463,6.4879,30.8718,12.9911,1.3513,0.3734,0.3145,754934.0831,641604.0324
000521.SZ,20240205,6.94,3.8397,5.3616,29.2292,12.2999,1.2794,0.3536,0.2977,714767.0582,607466.8465
000521.SZ,20240202,7.02,4.6298,6.4648,29.5661,12.4417,1.2942,0.3577,0.3012,723006.4479,614469.3462
000521.SZ,20240201,7.36,2.6507,3.7013,30.9981,13.0443,1.3569,0.375,0.3157,758023.8542,644229.9698
000521.SZ,20240131,7.39,3.6707,5.1257,31.1245,13.0975,1.3624,0.3765,0.317,761113.6254,646855.9072
000521.SZ,20240130,7.68,3.0319,4.2336,32.3459,13.6115,1.4158,0.3913,0.3295,790981.4131,672239.9685
000521.SZ,20240129,7.82,5.1195,7.1486,32.9355,13.8596,1.4417,0.3984,0.3355,805400.3451,684494.3429
000521.SZ,20240126,7.62,6.4021,8.9397,32.0932,13.5051,1.4048,0.3882,0.3269,784801.8708,666988.0938
000521.SZ,20240125,7.59,5.4751,7.6452,31.9668,13.4519,1.3993,0.3867,0.3256,781712.0997,664362.1564
000521.SZ,20240124,6.9,4.2183,5.8902,29.0607,12.229,1.272,0.3515,0.296,710647.3634,603965.5967
000521.SZ,20240123,6.54,3.6157,5.0488,27.5445,11.591,1.2057,0.3332,0.2806,673570.1096,572454.3482
000521.SZ,20240122,6.56,4.1176,5.7496,27.6288,11.6265,1.2094,0.3342,0.2814,675629.957,574204.9731
000521.SZ,20240119,6.87,4.2777,5.9731,28.9344,12.1759,1.2665,0.35,0.2947,707557.5922,601339.6593
000521.SZ,20240118,6.75,3.3247,4.6424,28.429,11.9632,1.2444,0.3439,0.2896,695198.5076,590835.9098
000521.SZ,20240117,6.69,4.8242,6.7363,28.1763,11.8569,1.2333,0.3408,0.287,689018.9653,585584.0351
000521.SZ,20240116,6.52,2.4748,3.4558,27.4603,11.5556,1.202,0.3322,0.2797,671510.2622,570703.7233
000521.SZ,20240115,6.48,2.7269,3.8077,27.2918,11.4847,1.1946,0.3301,0.278,667390.5673,567202.4734
000521.SZ,20240112,6.35,2.3478,3.2783,26.7443,11.2543,1.1707,0.3235,0.2724,654001.559,555823.4115
000521.SZ,20240111,6.48,4.5903,6.4098,27.2918,11.4847,1.1946,0.3301,0.278,667390.5673,567202.4734
000521.SZ,20240110,6.27,3.1333,4.3752,26.4074,11.1125,1.1559,0.3194,0.269,645762.1693,548820.9118
000521.SZ,20240109,6.36,6.0855,8.4975,26.7864,11.272,1.1725,0.324,0.2728,655031.4827,556698.7239
000521.SZ,20240108,6.16,5.466,7.6325,25.9441,10.9175,1.1356,0.3138,0.2643,634433.0084,539192.4747
000521.SZ,20240105,6.03,3.4512,4.8191,25.3965,10.6871,1.1117,0.3072,0.2587,621044.0001,527813.4128
000521.SZ,20240104,5.94,1.7939,2.5049,25.0175,10.5276,1.0951,0.3026,0.2548,611774.6867,519935.6006
000521.SZ,20240103,5.81,1.4853,2.0739,24.47,10.2972,1.0711,0.296,0.2492,598385.6784,508556.5387
000521.SZ,20240102,5.78,2.1492,3.0011,24.3436,10.244,1.0656,0.2945,0.248,595295.9073,505930.6013
000521.SZ,20231229,5.63,1.3498,1.8848,23.7119,9.9782,1.0379,0.2868,0.2415,579847.0515,492800.9144
000521.SZ,20231228,5.58,2.5867,3.6119,23.5013,9.8896,1.0287,0.2843,0.2394,574697.433,488424.3521
000521.SZ,20231227,5.54,0.8061,1.1256,23.3328,9.8187,1.0213,0.2823,0.2377,570577.7381,484923.1023
000521.SZ,20231226,5.46,1.0279,1.4353,22.9959,9.6769,1.0066,0.2782,0.2342,562338.3484,477920.6026
000521.SZ,20231225,5.55,1.429,1.9953,23.3749,9.8364,1.0232,0.2828,0.2381,571607.6618,485798.4147
000521.SZ,20231222,5.66,1.9027,2.6568,23.8382,10.0314,1.0434,0.2884,0.2428,582936.8227,495426.8518
000521.SZ,20231221,5.66,1.1545,1.6121,23.8382,10.0314,1.0434,0.2884,0.2428,582936.8227,495426.8518
000521.SZ,20231220,5.59,1.3711,1.9145,23.5434,9.9073,1.0305,0.2848,0.2398,575727.3567,489299.6646
000521.SZ,20231219,5.66,1.1843,1.6537,23.8382,10.0314,1.0434,0.2884,0.2428,582936.8227,495426.8518
000521.SZ,20231218,5.7,1.6745,2.3382,24.0067,10.1023,1.0508,0.2904,0.2445,587056.5176,498928.1016
000521.SZ,20231215,5.76,1.2076,1.6862,24.2594,10.2086,1.0619,0.2935,0.2471,593236.0598,504179.9764
000521.SZ,20231214,5.81,1.1422,1.5949,24.47,10.2972,1.0711,0.296,0.2492,598385.6784,508556.5387
000521.SZ,20231213,5.84,0.8225,1.1486,24.5963,10.3504,1.0766,0.2975,0.2505,601475.4496,511182.4761
000521.SZ,20231212,5.91,0.9807,1.3695,24.8911,10.4744,1.0895,0.3011,0.2535,608684.9156,517309.6633
000521.SZ,20231211,5.88,1.0502,1.4664,24.7648,10.4213,1.084,0.2996,0.2523,605595.1444,514683.7259
000521.SZ,20231208,5.86,1.2795,1.7866,24.6806,10.3858,1.0803,0.2986,0.2514,603535.297,512933.101
000521.SZ,20231207,5.94,1.089,1.5207,25.0175,10.5276,1.0951,0.3026,0.2548,611774.6867,519935.6006
000521.SZ,20231206,5.98,1.4367,2.0061,25.186,10.5985,1.1024,0.3047,0.2565,615894.3816,523436.8505
000521.SZ,20231205,5.99,1.2838,1.7926,25.2281,10.6162,1.1043,0.3052,0.257,616924.3053,524312.1629
000521.SZ,20231204,6.08,1.1932,1.6662,25.6071,10.7757,1.1209,0.3098,0.2608,626193.6187,532189.9751
000521.SZ,20231201,6.11,1.2888,1.7996,25.7335,10.8289,1.1264,0.3113,0.2621,629283.3899,534815.9124
000521.SZ,20231130,6.08,1.0082,1.4078,25.6071,10.7757,1.1209,0.3098,0.2608,626193.6187,532189.9751
000521.SZ,20231129,6.12,1.2018,1.6782,25.7756,10.8466,1.1283,0.3118,0.2625,630313.3136,535691.2249
000521.SZ,20231128,6.16,1.2138,1.6949,25.9441,10.9175,1.1356,0.3138,0.2643,634433.0084,539192.4747
000521.SZ,20231127,6.18,1.439,2.0094,26.0283,10.953,1.1393,0.3149,0.2651,636492.8559,540943.0997
000521.SZ,20231124,6.22,1.3912,1.9427,26.1968,11.0239,1.1467,0.3169,0.2668,640612.5507,544444.3495
000521.SZ,20231123,6.28,1.2144,1.6957,26.4495,11.1302,1.1577,0.32,0.2694,646792.093,549696.2243
000521.SZ,20231122,6.22,1.8631,2.6016,26.1968,11.0239,1.1467,0.3169,0.2668,640612.5507,544444.3495
000521.SZ,20231121,6.3,2.71,3.7841,26.5337,11.1656,1.1614,0.321,0.2703,648851.9405,551446.8492
000521.SZ,20231120,6.4,3.444,4.8091,26.9549,11.3429,1.1799,0.3261,0.2746,659151.1776,560199.9738
000521.SZ,20231117,6.33,3.9856,5.5653,26.6601,11.2188,1.167,0.3225,0.2716,651941.7116,554072.7865
000521.SZ,20231116,6.26,5.8013,8.1007,26.3652,11.0948,1.1541,0.3189,0.2686,644732.2456,547945.5993
000521.SZ,20231115,6.35,7.8732,10.9938,26.7443,11.2543,1.1707,0.3235,0.2724,654001.559,555823.4115
000521.SZ,20231114,6.01,1.8743,2.6173,25.3123,10.6517,1.108,0.3062,0.2578,618984.1527,526062.7879
000521.SZ,20231113,6.06,1.9628,2.7408,25.5229,10.7403,1.1172,0.3087,0.26,624133.7713,530439.3502
000521.SZ,20231110,6.14,0.9705,1.3552,25.8598,10.8821,1.1319,0.3128,0.2634,632373.161,537441.8498
000521.SZ,20231109,6.12,1.2839,1.7927,25.7756,10.8466,1.1283,0.3118,0.2625,630313.3136,535691.2249
000521.SZ,20231108,6.17,1.8781,2.6225,25.9862,10.9352,1.1375,0.3143,0.2647,635462.9322,540067.7872
000521.SZ,20231107,6.12,1.8444,2.5755,25.7756,10.8466,1.1283,0.3118,0.2625,630313.3136,535691.2249
000521.SZ,20231106,6.06,2.2293,3.1129,25.5229,10.7403,1.1172,0.3087,0.26,624133.7713,530439.3502
000521.SZ,20231103,5.94,1.5527,2.1681,25.0175,10.5276,1.0951,0.3026,0.2548,611774.6867,519935.6006
000521.SZ,20231102,5.85,1.5459,2.1586,24.6384,10.3681,1.0785,0.298,0.251,602505.3733,512057.7885
000521.SZ,20231101,5.9,2.1436,2.9932,24.849,10.4567,1.0877,0.3006,0.2531,607654.9919,516434.3508
000521.SZ,20231031,5.88,1.8976,2.6497,24.7648,10.4213,1.084,0.2996,0.2523,605595.1444,514683.7259
000521.SZ,20231030,5.94,2.2069,3.0816,25.0175,10.5276,1.0951,0.3026,0.2548,611774.6867,519935.6006
000521.SZ,20231027,6.0,1.8838,2.6304,25.2702,10.634,1.1061,0.3057,0.2574,617954.229,525187.4754
000521.SZ,20231026,5.89,2.1636,3.0211,24.8069,10.439,1.0859,0.3001,0.2527,606625.0681,515559.0384
000521.SZ,20231025,5.81,2.12,2.9603,24.47,10.2972,1.0711,0.296,0.2492,598385.6784,508556.5387
000521.SZ,20231024,5.67,2.5491,3.5594,23.8803,10.0491,1.0453,0.2889,0.2432,583966.7464,496302.1643
000521.SZ,20231023,5.59,2.0367,2.844,23.5434,10.618,1.0573,0.2848,0.2523,575727.3567,489299.6646
000521.SZ,20231020,5.75,2.1327,2.978,24.2173,10.9219,1.0875,0.293,0.2595,592206.1361,503304.6639
000521.SZ,20231019,5.88,2.5006,3.4917,24.7648,11.1688,1.1121,0.2996,0.2654,605595.1444,514683.7259
000521.SZ,20231018,5.87,1.928,2.6922,24.7227,11.1498,1.1102,0.2991,0.2649,604565.2207,513808.4134
000521.SZ,20231017,5.93,3.0241,4.2227,24.9754,11.2638,1.1216,0.3021,0.2676,610744.763,519060.2882
000521.SZ,20231016,5.81,2.9762,4.1558,24.47,11.0359,1.0989,0.296,0.2622,598385.6784,508556.5387
000521.SZ,20231013,5.86,2.4579,3.4321,24.6806,11.1309,1.1083,0.2986,0.2645,603535.297,512933.101
000521.SZ,20231012,6.04,2.9332,4.0958,25.4387,11.4728,1.1424,0.3077,0.2726,622073.9239,528688.7252
000521.SZ,20231011,5.81,2.178,3.0413,24.47,11.0359,1.0989,0.296,0.2622,598385.6784,508556.5387
000521.SZ,20231010,5.9,3.9624,5.5329,24.849,11.2068,1.1159,0.3006,0.2663,607654.9919,516434.3508
000521.SZ,20231009,6.19,2.2221,3.1028,26.0704,11.7577,1.1707,0.3154,0.2794,637522.7796,541818.4121
000521.SZ,20230928,6.16,1.9309,2.6962,25.9441,11.7007,1.1651,0.3138,0.278,634433.0084,539192.4747
000521.SZ,20230927,6.12,2.0386,2.8466,25.7756,11.6247,1.1575,0.3118,0.2762,630313.3136,535691.2249
000521.SZ,20230926,6.0,1.6593,2.317,25.2702,11.3968,1.1348,0.3057,0.2708,617954.229,525187.4754
000521.SZ,20230925,6.07,1.732,2.4185,25.565,11.5297,1.148,0.3093,0.274,625163.695,531314.6626
000521.SZ,20230922,6.11,1.6948,2.3666,25.7335,11.6057,1.1556,0.3113,0.2758,629283.3899,534815.9124
000521.SZ,20230921,5.97,1.1915,1.6638,25.1438,11.3398,1.1291,0.3042,0.2694,614864.4579,522561.538
000521.SZ,20230920,6.03,1.3406,1.8719,25.3965,11.4538,1.1405,0.3072,0.2722,621044.0001,527813.4128
000521.SZ,20230919,6.01,1.144,1.5974,25.3123,11.4158,1.1367,0.3062,0.2713,618984.1527,526062.7879
000521.SZ,20230918,6.1,1.5564,2.1733,25.6914,11.5867,1.1537,0.3108,0.2753,628253.4662,533940.6
000521.SZ,20230915,6.06,1.0618,1.4826,25.5229,11.5107,1.1461,0.3087,0.2735,624133.7713,530439.3502
000521.SZ,20230914,6.08,1.1971,1.6716,25.6071,11.5487,1.1499,0.3098,0.2744,626193.6187,532189.9751
000521.SZ,20230913,6.13,1.42,1.9828,25.8177,11.6437,1.1594,0.3123,0.2767,631343.2373,536566.5374
000521.SZ,20230912,6.19,1.5043,2.1005,26.0704,11.7577,1.1707,0.3154,0.2794,637522.7796,541818.4121
000521.SZ,20230911,6.16,1.7074,2.3842,25.9441,11.7007,1.1651,0.3138,0.278,634433.0084,539192.4747
000521.SZ,20230908,6.02,1.2182,1.701,25.3544,11.4348,1.1386,0.3067,0.2717,620014.0764,526938.1003
000521.SZ,20230907,6.04,1.9389,2.7074,25.4387,11.4728,1.1424,0.3077,0.2726,622073.9239,528688.7252
000521.SZ,20230906,6.19,1.2482,1.743,26.0704,11.7577,1.1707,0.3154,0.2794,637522.7796,541818.4121
000521.SZ,20230905,6.24,1.6779,2.3429,26.281,11.8526,1.1802,0.3179,0.2816,642672.3982,546194.9744
000521.SZ,20230904,6.29,2.6805,3.7429,26.4916,11.9476,1.1896,0.3205,0.2839,647822.0167,550571.5367
000521.SZ,20230901,6.16,2.6646,3.7207,25.9441,11.7007,1.1651,0.3138,0.278,634433.0084,539192.4747
000521.SZ,20230831,6.07,1.9276,2.6916,25.565,11.5297,1.148,0.3093,0.274,625163.695,531314.6626
000521.SZ,20230830,6.16,2.162,3.0189,25.9441,11.7007,1.1651,0.3138,0.278,634433.0084,539192.4747
000521.SZ,20230829,6.1,2.3468,3.277,25.6914,11.5867,1.1537,0.3108,0.2753,628253.4662,533940.6
000521.SZ,20230828,5.98,3.0049,4.196,25.186,11.3588,1.131,0.3047,0.2699,615894.3816,523436.8505
000521.SZ,20230825,5.9,2.2155,3.0937,24.849,11.2068,1.1159,0.3006,0.2663,607654.9919,516434.3508
000521.SZ,20230824,6.05,2.016,2.8151,25.4808,11.4918,1.1443,0.3082,0.2731,623103.8476,529564.0377
000521.SZ,20230823,5.98,2.2251,3.1071,25.186,11.3588,1.131,0.3047,0.2699,615894.3816,523436.8505
000521.SZ,20230822,6.14,2.7285,3.81,25.8598,11.6627,1.1613,0.3128,0.2771,632373.161,537441.8498
000521.SZ,20230821,6.11,4.0741,5.6889,25.7335,11.6057,1.1556,0.3113,0.2758,629283.3899,534815.9124
000521.SZ,20230818,6.09,7.692,10.7322,25.6493,11.5677,1.1518,0.3103,0.2749,627223.5424,533065.2875
000521.SZ,20230817,6.5,3.4888,4.8706,27.376,18.4966,1.2865,0.3312,0.3154,669450.4148,569275.7259
000521.SZ,20230816,6.23,1.2506,1.746,26.2389,17.7283,1.2331,0.3174,0.3023,641642.4744,545628.888
000521.SZ,20230815,6.26,2.3078,3.2218,26.3652,17.8137,1.239,0.3189,0.3037,644732.2456,548256.3144
000521.SZ,20230814,6.25,2.5515,3.562,26.3231,17.7852,1.237,0.3184,0.3032,643702.3219,547380.5056
000521.SZ,20230811,6.18,3.0413,4.2457,26.0283,17.586,1.2232,0.3149,0.2998,636492.8559,541249.844
000521.SZ,20230810,6.39,2.2066,3.0805,26.9128,18.1836,1.2647,0.3256,0.31,658121.2539,559641.829
000521.SZ,20230809,6.47,2.0856,2.9115,27.2497,18.4112,1.2806,0.3296,0.3139,666360.6436,566648.2994
000521.SZ,20230808,6.62,2.4,3.3505,27.8815,18.8381,1.3103,0.3373,0.3212,681809.4993,579785.4316
000521.SZ,20230807,6.63,1.9229,2.6845,27.9236,18.8665,1.3122,0.3378,0.3217,682839.423,580661.2404
000521.SZ,20230804,6.61,1.9639,2.7417,27.8393,18.8096,1.3083,0.3368,0.3207,680779.5756,578909.6227
000521.SZ,20230803,6.59,1.895,2.6455,27.7551,18.7527,1.3043,0.3357,0.3197,678719.7282,577158.0051
000521.SZ,20230802,6.56,2.3907,3.3376,27.6288,18.6673,1.2984,0.3342,0.3183,675629.957,574530.5787
000521.SZ,20230801,6.59,2.9512,4.12,27.7551,18.7527,1.3043,0.3357,0.3197,678719.7282,577158.0051
000521.SZ,20230731,6.55,3.6663,5.1183,27.5866,18.6389,1.2964,0.3337,0.3178,674600.0333,573654.7699
000521.SZ,20230728,6.63,2.4512,3.422,27.9236,18.8665,1.3122,0.3378,0.3217,682839.423,580661.2404
000521.SZ,20230727,6.61,2.3285,3.2507,27.8393,18.8096,1.3083,0.3368,0.3207,680779.5756,578909.6227
000521.SZ,20230726,6.81,2.075,2.8968,28.6817,19.3788,1.3479,0.347,0.3304,701378.0499,596425.7989
000521.SZ,20230725,6.94,3.0319,4.2326,29.2292,19.7487,1.3736,0.3536,0.3367,714767.0582,607811.3134
000521.SZ,20230724,6.84,3.2273,4.5055,28.808,19.4641,1.3538,0.3485,0.3319,704467.8211,599053.2254
000521.SZ,20230721,7.02,2.712,3.7861,29.5661,19.9763,1.3894,0.3577,0.3406,723006.4479,614817.7839
000521.SZ,20230720,7.12,3.452,4.8192,29.9873,20.2609,1.4092,0.3627,0.3455,733305.6851,623575.872
000521.SZ,20230719,7.25,3.1633,4.4161,30.5348,20.6308,1.435,0.3694,0.3518,746694.6934,634961.3865
000521.SZ,20230718,7.24,8.3642,11.6768,30.4927,20.6024,1.433,0.3689,0.3513,745664.7697,634085.5777
000521.SZ,20230717,7.02,12.1491,16.9607,29.5661,19.9763,1.3894,0.3577,0.3406,723006.4479,614817.7839
000521.SZ,20230714,6.68,4.3638,6.0921,28.1342,19.0088,1.3221,0.3403,0.3241,687989.0416,585040.2844
000521.SZ,20230713,7.05,2.0934,2.9225,29.6925,20.0617,1.3954,0.3592,0.3421,726096.2191,617445.2103
000521.SZ,20230712,7.12,1.9154,2.674,29.9873,20.2609,1.4092,0.3627,0.3455,733305.6851,623575.872
000521.SZ,20230711,7.33,1.4485,2.0222,30.8718,20.8585,1.4508,0.3734,0.3556,754934.0831,641967.857
000521.SZ,20230710,7.29,2.549,3.5585,30.7033,20.7447,1.4429,0.3714,0.3537,750814.3882,638464.6218
000521.SZ,20230707,7.38,1.6708,2.3325,31.0823,21.0008,1.4607,0.376,0.3581,760083.7017,646346.901
000521.SZ,20230706,7.49,2.0154,2.8136,31.5456,21.3138,1.4825,0.3816,0.3634,771412.8625,655980.7979
000521.SZ,20230705,7.56,2.2652,3.1623,31.8404,21.513,1.4963,0.3852,0.3668,778622.3285,662111.4596
000521.SZ,20230704,7.58,2.8516,3.9809,31.9247,21.5699,1.5003,0.3862,0.3678,780682.176,663863.0772
000521.SZ,20230703,7.68,4.135,5.7726,32.3459,21.8545,1.5201,0.3913,0.3726,790981.4131,672621.1653
000521.SZ,20230630,7.64,7.0854,9.8915,32.1774,21.7406,1.5122,0.3892,0.3707,786861.7183,669117.9301
000521.SZ,20230629,7.57,3.0646,4.2783,31.8826,21.5414,1.4983,0.3857,0.3673,779652.2523,662987.2684
000521.SZ,20230628,7.49,3.117,4.3514,31.5456,21.3138,1.4825,0.3816,0.3634,771412.8625,655980.7979
000521.SZ,20230627,7.42,3.9558,5.5225,31.2508,21.1146,1.4686,0.378,0.36,764203.3965,649850.1363
000521.SZ,20230626,7.01,2.0852,2.911,29.524,19.9479,1.3875,0.3571,0.3401,721976.5242,613941.9751
000521.SZ,20230621,7.14,2.1946,3.0638,30.0715,20.3178,1.4132,0.3638,0.3464,735365.5325,625327.4896
000521.SZ,20230620,7.3,4.4264,6.1794,30.7454,20.7731,1.4449,0.3719,0.3542,751844.312,639340.4306
000521.SZ,20230619,7.1,2.6025,3.6333,29.9031,20.204,1.4053,0.3617,0.3445,731245.8377,621824.2544
000521.SZ,20230616,7.23,2.1974,3.0677,30.4506,20.5739,1.431,0.3684,0.3508,744634.8459,633209.7689
000521.SZ,20230615,7.41,3.4714,4.8462,31.2087,21.0861,1.441,0.3775,0.3595,763173.4728,648974.3275
000521.SZ,20230614,7.24,3.5354,4.9356,30.4927,20.6024,1.4079,0.3689,0.3513,745664.7697,634085.5777
000521.SZ,20230613,7.09,7.0538,9.8474,29.861,20.1755,1.3787,0.3612,0.344,730215.9139,620948.4456
000521.SZ,20230612,7.64,3.1055,4.3354,32.1774,21.7406,1.4857,0.3892,0.3707,786861.7183,669117.9301
000521.SZ,20230609,7.35,2.8267,3.9463,30.956,20.9154,1.4293,0.3745,0.3566,756993.9305,643719.4746
000521.SZ,20230608,7.32,1.5882,2.2172,30.8296,20.83,1.4235,0.3729,0.3552,753904.1594,641092.0482
000521.SZ,20230607,7.25,1.6323,2.2787,30.5348,20.6308,1.4098,0.3694,0.3518,746694.6934,634961.3865
000521.SZ,20230606,7.35,2.0973,2.9279,30.956,20.9154,1.4293,0.3745,0.3566,756993.9305,643719.4746
000521.SZ,20230605,7.49,2.9808,4.1613,31.5456,21.3138,1.4565,0.3816,0.3634,771412.8625,655980.7979
000521.SZ,20230602,7.45,2.4853,3.4696,31.3772,21.2,1.4487,0.3796,0.3615,767293.1677,652477.5627
000521.SZ,20230601,7.27,1.6115,2.2497,30.6191,20.6877,1.4137,0.3704,0.3527,748754.5408,636713.0041
000521.SZ,20230531,7.33,2.9041,4.0542,30.8718,20.8585,1.4254,0.3734,0.3556,754934.0831,641967.857
000521.SZ,20230530,7.34,1.93,2.6944,30.9139,20.8869,1.4273,0.374,0.3561,755964.0068,642843.6658
000521.SZ,20230529,7.33,3.0408,4.245,30.8718,20.8585,1.4254,0.3734,0.3556,754934.0831,641967.857
000521.SZ,20230526,7.16,1.4954,2.0876,30.1558,20.3747,1.3923,0.3648,0.3474,737425.3799,627079.1072
000521.SZ,20230525,7.07,1.564,2.1835,29.7767,20.1186,1.3748,0.3602,0.343,728156.0665,619196.828
000521.SZ,20230524,7.14,1.8484,2.5805,30.0715,20.3178,1.3885,0.3638,0.3464,735365.5325,625327.4896
000521.SZ,20230523,7.26,1.9632,2.7407,30.5769,20.6593,1.4118,0.3699,0.3522,747724.6171,635837.1953
000521.SZ,20230522,7.31,2.8651,3.9997,30.7875,20.8016,1.4215,0.3724,0.3547,752874.2357,640216.2394
000521.SZ,20230519,7.3,4.9004,6.8412,30.7454,20.7731,1.4196,0.3719,0.3542,751844.312,639340.4306
000521.SZ,20230518,7.03,2.2097,3.0849,29.6082,20.0048,1.3671,0.3582,0.3411,724036.3716,615693.5927
000521.SZ,20230517,6.91,1.5063,2.1029,29.1028,19.6633,1.3437,0.3521,0.3353,711677.2871,605183.887
000521.SZ,20230516,6.91,1.7949,2.5058,29.1028,19.6633,1.3437,0.3521,0.3353,711677.2871,605183.887
000521.SZ,20230515,7.07,2.5024,3.4934,29.7767,20.1186,1.3748,0.3602,0.343,728156.0665,619196.828
000521.SZ,20230512,7.14,2.5915,3.6178,30.0715,20.3178,1.3885,0.3638,0.3464,735365.5325,625327.4896
000521.SZ,20230511,7.14,2.8346,3.9573,30.0715,20.3178,1.3885,0.3638,0.3464,735365.5325,625327.4896
000521.SZ,20230510,7.33,3.5477,4.9527,30.8718,20.8585,1.4254,0.3734,0.3556,754934.0831,641967.857
000521.SZ,20230509,7.3,5.0129,6.9983,30.7454,20.7731,1.4196,0.3719,0.3542,751844.312,639340.4306
000521.SZ,20230508,7.24,4.9855,6.96,30.4927,20.6024,1.4079,0.3689,0.3513,745664.7697,634085.5777
000521.SZ,20230505,7.36,6.5595,9.1573,30.9981,20.9439,1.4312,0.375,0.3571,758023.8542,644595.2834
000521.SZ,20230504,7.63,9.0765,12.6711,32.1353,21.7122,1.4837,0.3887,0.3702,785831.7945,668242.1213
000521.SZ,20230428,7.21,6.1418,8.5743,30.3664,20.517,1.4021,0.3673,0.3498,742574.9985,631458.1513
000521.SZ,20230427,7.16,9.5854,13.3816,30.1558,20.3747,1.3923,0.3648,0.3474,737425.3799,627079.1072
000521.SZ,20230426,7.68,12.0696,16.8496,32.3459,21.8545,1.4935,0.3913,0.3726,790981.4131,672621.1653
000521.SZ,20230425,7.79,11.1216,15.5263,32.8091,22.1675,1.5149,0.3969,0.378,802310.574,682255.0622
000521.SZ,20230424,7.08,7.9714,11.1284,29.8188,20.1471,1.3768,0.3607,0.3435,729185.9902,620072.6368
000521.SZ,20230421,6.91,9.7342,13.5894,29.1028,19.6633,1.3437,0.3521,0.3353,711677.2871,605183.887
000521.SZ,20230420,7.13,15.877,22.165,30.0294,20.2894,1.3865,0.3633,0.3459,734335.6088,624451.6808
000521.SZ,20230419,6.5,14.5595,20.3257,27.376,27.376,1.2953,0.3312,0.3312,669450.4148,569275.7259
000521.SZ,20230418,6.25,18.7849,26.2246,26.3231,26.3231,1.2455,0.3184,0.3184,643702.3219,547380.5056
000521.SZ,20230417,5.79,10.7699,15.0352,24.3857,24.3857,1.1538,0.295,0.295,596325.831,507093.3004
000521.SZ,20230414,5.26,1.1306,1.5784,22.1535,22.1535,1.0482,0.268,0.268,541739.8741,460675.4335
000521.SZ,20230413,5.28,1.1013,1.5374,22.2378,22.2378,1.0522,0.269,0.269,543799.7215,462427.0512
000521.SZ,20230412,5.33,1.2767,1.7823,22.4484,22.4484,1.0621,0.2716,0.2716,548949.3401,466806.0952
000521.SZ,20230411,5.37,2.0679,2.8869,22.6168,22.6168,1.0701,0.2736,0.2736,553069.035,470309.3304
000521.SZ,20230410,5.24,3.2611,4.5527,22.0693,22.0693,1.0442,0.267,0.267,539680.0267,458923.8159
000521.SZ,20230407,5.45,1.7197,2.4007,22.9538,22.9538,1.0861,0.2777,0.2777,561308.4247,477315.8009
000521.SZ,20230406,5.52,2.002,2.7949,23.2486,23.2486,1.1,0.2812,0.2812,568517.8907,483446.4626
000521.SZ,20230404,5.62,2.6528,3.7034,23.6698,23.6698,1.1199,0.2863,0.2863,578817.1278,492204.5507
000521.SZ,20230403,5.78,4.1962,5.8581,24.3436,24.3436,1.1518,0.2945,0.2945,595295.9073,506217.4916
000521.SZ,20230331,5.42,3.2198,4.4949,22.8274,22.8274,1.0801,0.2761,0.2761,558218.6535,474688.3745
000521.SZ,20230330,5.17,1.6524,2.3069,102.5987,35.0686,1.0761,0.2953,0.2732,532470.5607,452793.1543
000521.SZ,20230329,5.18,1.9326,2.6979,102.7971,35.1364,1.0782,0.2958,0.2737,533500.4844,453668.9631
000521.SZ,20230328,5.19,1.6736,2.3364,102.9956,35.2042,1.0803,0.2964,0.2742,534530.4081,454544.7719
000521.SZ,20230327,5.11,1.598,2.2309,101.408,34.6616,1.0637,0.2918,0.27,526291.0184,447538.3014
000521.SZ,20230324,5.06,1.4333,2.0009,100.4157,34.3224,1.0532,0.289,0.2673,521141.3998,443159.2574
000521.SZ,20230323,4.96,0.9831,1.3725,98.4312,33.6441,1.0324,0.2833,0.2621,510842.1626,434401.1693
000521.SZ,20230322,4.97,0.9947,1.3887,98.6297,33.712,1.0345,0.2839,0.2626,511872.0864,435276.9781
000521.SZ,20230321,4.93,0.8543,1.1927,97.8359,33.4406,1.0262,0.2816,0.2605,507752.3915,431773.7428
000521.SZ,20230320,4.85,1.4265,1.9915,96.2483,32.898,1.0095,0.277,0.2562,499513.0018,424767.2724
000521.SZ,20230317,4.83,1.4033,1.959,95.8514,32.7623,1.0054,0.2759,0.2552,497453.1543,423015.6547
000521.SZ,20230316,4.82,1.1716,1.6356,95.6529,32.6945,1.0033,0.2753,0.2547,496423.2306,422139.8459
000521.SZ,20230315,4.91,1.1504,1.606,97.439,33.305,1.022,0.2804,0.2594,505692.5441,430022.1252
000521.SZ,20230314,4.8,1.3409,1.8719,95.256,32.5588,0.9991,0.2741,0.2536,494363.3832,420388.2283
000521.SZ,20230313,4.95,1.1203,1.564,98.2328,33.5763,1.0303,0.2827,0.2615,509812.2389,433525.3605
000521.SZ,20230310,4.91,1.3565,1.8937,97.439,33.305,1.022,0.2804,0.2594,505692.5441,430022.1252
000521.SZ,20230309,5.09,0.966,1.3485,101.0111,34.5259,1.0595,0.2907,0.2689,524231.1709,445786.6838
000521.SZ,20230308,5.12,1.1185,1.5615,101.6064,34.7294,1.0657,0.2924,0.2705,527320.9421,448414.1102
000521.SZ,20230307,5.1,1.1788,1.6457,101.2095,34.5938,1.0616,0.2913,0.2695,525261.0947,446662.4926
000521.SZ,20230306,5.17,1.3389,1.8691,102.5987,35.0686,1.0761,0.2953,0.2732,532470.5607,452793.1543
000521.SZ,20230303,5.18,1.0993,1.5347,102.7971,35.1364,1.0782,0.2958,0.2737,533500.4844,453668.9631
000521.SZ,20230302,5.18,1.0033,1.4006,102.7971,35.1364,1.0782,0.2958,0.2737,533500.4844,453668.9631
000521.SZ,20230301,5.22,1.2539,1.7505,103.5909,35.4077,1.0865,0.2981,0.2758,537620.1792,457172.1983
000521.SZ,20230228,5.23,1.4137,1.9736,103.7894,35.4756,1.0886,0.2987,0.2763,538650.1029,458048.0071
000521.SZ,20230227,5.19,1.8053,2.5203,102.9956,35.2042,1.0803,0.2964,0.2742,534530.4081,454544.7719
000521.SZ,20230224,5.15,1.5211,2.1235,102.2018,34.9329,1.072,0.2941,0.2721,530410.7132,451041.5366
000521.SZ,20230223,5.2,1.3861,1.9351,103.194,35.2721,1.0824,0.297,0.2747,535560.3318,455420.5807
000521.SZ,20230222,5.21,1.5248,2.1287,103.3925,35.3399,1.0845,0.2976,0.2753,536590.2555,456296.3895
000521.SZ,20230221,5.19,2.0923,2.9209,102.9956,35.2042,1.0803,0.2964,0.2742,534530.4081,454544.7719
000521.SZ,20230220,5.14,3.4768,4.8537,102.0033,34.8651,1.0699,0.2936,0.2716,529380.7895,450165.7278
000521.SZ,20230217,4.88,1.7671,2.467,96.8436,33.1015,1.0158,0.2787,0.2578,502602.7729,427394.6988
000521.SZ,20230216,4.83,1.809,2.5255,95.8514,32.7623,1.0054,0.2759,0.2552,497453.1543,423015.6547
000521.SZ,20230215,4.94,1.408,1.9657,98.0343,33.5085,1.0283,0.2821,0.261,508782.3152,432649.5516
000521.SZ,20230214,4.93,1.8296,2.5541,97.8359,33.4406,1.0262,0.2816,0.2605,507752.3915,431773.7428
000521.SZ,20230213,4.88,2.1164,2.9546,96.8436,33.1015,1.0158,0.2787,0.2578,502602.7729,427394.6988
000521.SZ,20230210,4.9,2.4243,3.3845,97.2405,33.2371,1.0199,0.2799,0.2589,504662.6204,429146.3164
000521.SZ,20230209,4.97,2.5589,3.5723,98.6297,33.712,1.0345,0.2839,0.2626,511872.0864,435276.9781
000521.SZ,20230208,4.89,2.3671,3.3045,97.0421,33.1693,1.0179,0.2793,0.2584,503632.6966,428270.5076
000521.SZ,20230207,4.98,2.5001,3.4903,98.8281,33.7798,1.0366,0.2844,0.2631,512902.0101,436152.7869
000521.SZ,20230206,4.91,2.3498,3.2805,97.439,33.305,1.022,0.2804,0.2594,505692.5441,430022.1252
000521.SZ,20230203,4.89,2.7349,3.818,97.0421,33.1693,1.0179,0.2793,0.2584,503632.6966,428270.5076
000521.SZ,20230202,4.84,3.7383,5.2188,96.0498,32.8301,1.0075,0.2764,0.2557,498483.0781,423891.4636
000521.SZ,20230201,4.76,2.4935,3.481,94.4622,32.2875,0.9908,0.2719,0.2515,490243.6883,416884.9931
000521.SZ,20230131,4.74,2.591,3.6172,94.0653,32.1518,0.9866,0.2707,0.2504,488183.8409,415133.3755
000521.SZ,20230130,4.66,2.4452,3.4136,92.4777,31.6092,0.97,0.2661,0.2462,479944.4512,408126.905
000521.SZ,20230120,4.59,2.0655,2.8835,91.0886,31.1344,0.9554,0.2622,0.2425,472734.9852,401996.2433
000521.SZ,20230119,4.56,2.4736,3.4532,90.4932,30.9309,0.9492,0.2604,0.2409,469645.214,399368.8169
000521.SZ,20230118,4.66,3.9708,5.5433,92.4777,31.6092,0.97,0.2661,0.2462,479944.4512,408126.905
000521.SZ,20230117,4.57,2.2314,3.1151,90.6917,30.9987,0.9512,0.261,0.2415,470675.1378,400244.6257
000521.SZ,20230116,4.53,3.1049,4.3345,89.8979,30.7274,0.9429,0.2587,0.2393,466555.4429,396741.3905
000521.SZ,20230113,4.58,3.4837,4.8633,90.8901,31.0665,0.9533,0.2616,0.242,471705.0615,401120.4345
000521.SZ,20230112,4.48,2.546,3.5543,88.9056,30.3882,0.9325,0.2559,0.2367,461405.8243,392362.3464
000521.SZ,20230111,4.45,5.2548,7.336,88.3103,30.1847,0.9263,0.2542,0.2351,458316.0532,389734.92
000521.SZ,20230110,4.35,3.622,5.0565,86.3258,29.5064,0.9055,0.2484,0.2298,448016.816,380976.8319
000521.SZ,20230109,4.37,2.768,3.8643,86.7227,29.6421,0.9096,0.2496,0.2309,450076.6635,382728.4495
000521.SZ,20230106,4.31,2.0753,2.8972,85.532,29.2351,0.8971,0.2462,0.2277,443897.1212,377473.5967
000521.SZ,20230105,4.38,2.8271,3.9467,86.9211,29.7099,0.9117,0.2502,0.2314,451106.5872,383604.2583
000521.SZ,20230104,4.39,4.8247,6.7355,87.1196,29.7778,0.9138,0.2507,0.2319,452136.5109,384480.0672
000521.SZ,20230103,4.27,2.5128,3.508,84.7382,28.9638,0.8888,0.2439,0.2256,439777.4263,373970.3614
000521.SZ,20221230,4.21,3.0344,4.2361,83.5475,28.5568,0.8763,0.2404,0.2224,433597.884,368715.5086
000521.SZ,20221229,4.18,7.3259,10.2273,82.9521,28.3533,0.8701,0.2387,0.2208,430508.1129,366088.0822
000521.SZ,20221228,4.45,6.9841,9.75,88.3103,30.1847,0.9263,0.2542,0.2351,458316.0532,389734.92
000521.SZ,20221227,4.36,4.3253,6.0382,86.5242,29.5743,0.9075,0.249,0.2304,449046.7397,381852.6407
000521.SZ,20221226,4.5,6.7163,9.3763,89.3025,30.5239,0.9367,0.257,0.2378,463465.6718,394113.9641
000521.SZ,20221223,4.34,4.6577,6.5023,86.1273,29.4386,0.9034,0.2479,0.2293,446986.8923,380101.0231
000521.SZ,20221222,4.34,3.6109,5.0409,86.1273,29.4386,0.9034,0.2479,0.2293,446986.8923,380101.0231
000521.SZ,20221221,4.37,2.3229,3.2429,86.7227,29.6421,0.9096,0.2496,0.2309,450076.6635,382728.4495
000521.SZ,20221220,4.5,4.0663,5.6768,89.3025,30.5239,0.9367,0.257,0.2378,463465.6718,394113.9641
000521.SZ,20221219,4.31,1.8678,2.6075,85.532,29.2351,0.8971,0.2462,0.2277,443897.1212,377473.5967
000521.SZ,20221216,4.43,2.0935,2.9226,87.9134,30.0491,0.9221,0.253,0.2341,456256.2057,387983.3024
000521.SZ,20221215,4.5,2.2409,3.1284,89.3025,30.5239,0.9367,0.257,0.2378,463465.6718,394113.9641
000521.SZ,20221214,4.47,2.6247,3.6643,88.7072,30.3204,0.9304,0.2553,0.2362,460375.9006,391486.5376
000521.SZ,20221213,4.62,1.6343,2.2816,91.6839,31.3379,0.9617,0.2639,0.2441,475824.7563,404623.6698
000521.SZ,20221212,4.59,2.9172,4.0725,91.0886,31.1344,0.9554,0.2622,0.2425,472734.9852,401996.2433
000521.SZ,20221209,4.76,3.8466,5.37,94.4622,32.2875,0.9908,0.2719,0.2515,490243.6883,416884.9931
000521.SZ,20221208,4.62,2.0598,2.8756,91.6839,31.3379,0.9617,0.2639,0.2441,475824.7563,404623.6698
000521.SZ,20221207,4.53,1.607,2.2434,89.8979,30.7274,0.9429,0.2587,0.2393,466555.4429,396741.3905
000521.SZ,20221206,4.59,1.7702,2.4713,91.0886,31.1344,0.9554,0.2622,0.2425,472734.9852,401996.2433
000521.SZ,20221205,4.63,2.2457,3.1351,91.8824,31.4057,0.9637,0.2644,0.2446,476854.68,405499.4786
000521.SZ,20221202,4.62,2.795,3.902,91.6839,31.3379,0.9617,0.2639,0.2441,475824.7563,404623.6698
000521.SZ,20221201,4.7,2.8978,4.0455,93.2715,31.8805,0.9783,0.2684,0.2483,484064.1461,411630.1402
000521.SZ,20221130,4.67,3.4424,4.8058,92.6762,31.677,0.9721,0.2667,0.2467,480974.3749,409002.7138
000521.SZ,20221129,4.55,2.2269,3.1089,90.2948,30.8631,0.9471,0.2599,0.2404,468615.2903,398493.0081
000521.SZ,20221128,4.48,1.8222,2.5439,88.9056,30.3882,0.9325,0.2559,0.2367,461405.8243,392362.3464
000521.SZ,20221125,4.44,1.5759,2.2001,88.1118,30.1169,0.9242,0.2536,0.2346,457286.1295,388859.1112
000521.SZ,20221124,4.46,2.7391,3.8238,88.5087,30.2526,0.9284,0.2547,0.2356,459345.9769,390610.7288
000521.SZ,20221123,4.38,1.8609,2.5979,86.9211,29.7099,0.9117,0.2502,0.2314,451106.5872,383604.2583
000521.SZ,20221122,4.43,2.8918,4.0371,87.9134,30.0491,0.9221,0.253,0.2341,456256.2057,387983.3024
000521.SZ,20221121,4.48,2.594,3.6213,88.9056,30.3882,0.9325,0.2559,0.2367,461405.8243,392362.3464
000521.SZ,20221118,4.53,3.1176,4.3522,89.8979,30.7274,0.9429,0.2587,0.2393,466555.4429,396741.3905
000521.SZ,20221117,4.58,2.5411,3.5475,90.8901,31.0665,0.9533,0.2616,0.242,471705.0615,401120.4345
000521.SZ,20221116,4.57,2.8927,4.0384,90.6917,30.9987,0.9512,0.261,0.2415,470675.1378,400244.6257
000521.SZ,20221115,4.61,4.3453,6.0662,91.4855,31.27,0.9596,0.2633,0.2436,474794.8326,403747.8609
000521.SZ,20221114,4.61,6.3617,8.8811,91.4855,31.27,0.9596,0.2633,0.2436,474794.8326,403747.8609
000521.SZ,20221111,4.51,5.7329,8.0033,89.501,30.5917,0.9388,0.2576,0.2383,464495.5955,394989.7729
000521.SZ,20221110,4.44,2.8963,4.0433,88.1118,30.1169,0.9242,0.2536,0.2346,457286.1295,388859.1112
000521.SZ,20221109,4.42,3.4268,4.7839,87.7149,29.9813,0.92,0.2524,0.2335,455226.282,387107.4936
000521.SZ,20221108,4.44,3.274,4.5707,88.1118,30.1169,0.9242,0.2536,0.2346,457286.1295,388859.1112
000521.SZ,20221107,4.47,4.2693,5.9601,88.7072,30.3204,0.9304,0.2553,0.2362,460375.9006,391486.5376
000521.SZ,20221104,4.38,5.1451,7.1827,86.9211,29.7099,0.9117,0.2502,0.2314,451106.5872,383604.2583
000521.SZ,20221103,4.32,4.8397,6.7564,85.7304,29.3029,0.8992,0.2467,0.2282,444927.0449,378349.4055
000521.SZ,20221102,4.36,6.863,9.581,86.5242,29.5743,0.9075,0.249,0.2304,449046.7397,381852.6407
000521.SZ,20221101,4.22,3.6663,5.1184,83.7459,28.6246,0.8784,0.241,0.223,434627.8077,369591.3174
000521.SZ,20221031,4.15,4.6645,6.5118,82.3568,28.1498,0.8638,0.237,0.2193,427418.3417,363460.6557
000521.SZ,20221028,4.23,5.7266,7.9946,83.9444,28.6925,0.8805,0.2416,0.2235,435657.7314,370467.1262
000521.SZ,20221027,4.23,6.4541,9.0102,83.9444,28.6925,0.8805,0.2416,0.2235,435657.7314,370467.1262
000521.SZ,20221026,4.37,9.5362,13.313,86.7227,29.6421,0.9096,0.2496,0.2309,450076.6635,382728.4495
000521.SZ,20221025,4.13,3.7424,5.2245,81.9599,28.0142,0.8597,0.2359,0.2182,425358.4943,361709.0381
000521.SZ,20221024,4.19,4.0912,5.7115,83.1506,57.4495,0.8906,0.2393,0.2313,431538.0366,366963.891
000521.SZ,20221021,4.13,4.2449,5.9261,81.9599,56.6268,0.8778,0.2359,0.228,425358.4943,361709.0381
000521.SZ,20221020,4.21,7.0035,9.7772,83.5475,57.7237,0.8948,0.2404,0.2324,433597.884,368715.5086
000521.SZ,20221019,4.38,9.2887,12.9674,86.9211,60.0546,0.931,0.2502,0.2418,451106.5872,383604.2583
000521.SZ,20221018,4.69,10.0627,14.0479,93.0731,64.305,0.9969,0.2679,0.2589,483034.2223,410754.3314
000521.SZ,20221017,4.94,14.2873,19.9457,98.0343,67.7328,1.05,0.2821,0.2727,508782.3152,432649.5516
000521.SZ,20221014,4.69,16.6768,23.2816,93.0731,64.305,0.9969,0.2679,0.2589,483034.2223,410754.3314
000521.SZ,20221013,4.85,20.7483,28.9655,96.2483,66.4988,1.0309,0.277,0.2678,499513.0018,424767.2724
000521.SZ,20221012,4.63,11.346,15.8395,91.8824,63.4824,0.9841,0.2644,0.2556,476854.68,405499.4786
000521.SZ,20221011,4.61,11.4284,15.9545,91.4855,63.2082,0.9799,0.2633,0.2545,474794.8326,403747.8609
000521.SZ,20221010,4.71,20.5121,28.6358,93.47,64.5793,1.0011,0.269,0.26,485094.0698,412505.949
000521.SZ,20220930,4.49,16.7116,23.3301,89.1041,61.5628,0.9544,0.2564,0.2479,462435.748,393238.1552
000521.SZ,20220929,4.76,21.6625,30.2418,94.4622,65.2648,1.0117,0.2719,0.2628,490243.6883,416884.9931
000521.SZ,20220928,4.33,12.7106,17.7445,85.9289,59.369,0.9203,0.2473,0.2391,445956.9686,379225.2143
000521.SZ,20220927,4.47,8.1955,11.4412,88.7072,61.2886,0.9501,0.2553,0.2468,460375.9006,391486.5376
000521.SZ,20220926,4.06,3.9913,5.5721,80.5707,55.667,0.863,0.2319,0.2242,418149.0283,355578.3765
000521.SZ,20220923,3.98,1.8969,2.6481,78.9831,54.5702,0.846,0.2273,0.2197,409909.6386,348571.906
000521.SZ,20220922,3.98,1.5064,2.1031,78.9831,54.5702,0.846,0.2273,0.2197,409909.6386,348571.906
000521.SZ,20220921,4.0,1.6162,2.2563,79.38,54.8444,0.8502,0.2285,0.2208,411969.486,350323.5236
000521.SZ,20220920,3.9,1.2137,1.6944,77.3955,53.4733,0.8289,0.2227,0.2153,401670.2489,341565.4355
000521.SZ,20220919,3.84,1.2232,1.7077,76.2048,52.6506,0.8162,0.2193,0.212,395490.7066,336310.5827
000521.SZ,20220916,3.81,1.3964,1.9495,75.6095,52.2393,0.8098,0.2176,0.2103,392400.9354,333683.1562
000521.SZ,20220915,3.95,1.5867,2.2152,78.3878,54.1588,0.8396,0.2256,0.2181,406819.8674,345944.4796
000521.SZ,20220914,4.04,1.1137,1.5548,80.1738,55.3928,0.8587,0.2307,0.223,416089.1809,353826.7588
000521.SZ,20220913,4.09,1.1284,1.5753,81.1661,56.0784,0.8693,0.2336,0.2258,421238.7994,358205.8029
000521.SZ,20220909,4.12,1.1449,1.5983,81.7614,56.4897,0.8757,0.2353,0.2275,424328.5706,360833.2293
000521.SZ,20220908,4.11,1.3671,1.9085,81.563,56.3526,0.8736,0.2347,0.2269,423298.6469,359957.4205
000521.SZ,20220907,4.2,1.5783,2.2034,83.349,57.5866,0.8927,0.2399,0.2319,432567.9603,367839.6998
000521.SZ,20220906,4.23,1.5989,2.2321,83.9444,57.9979,0.8991,0.2416,0.2335,435657.7314,370467.1262
000521.SZ,20220905,4.17,1.3322,1.8598,82.7537,57.1753,0.8863,0.2382,0.2302,429478.1892,365212.2734
000521.SZ,20220902,4.14,1.7394,2.4283,82.1583,56.7639,0.88,0.2364,0.2286,426388.418,362584.8469
000521.SZ,20220901,4.06,1.8755,2.6183,80.5707,55.667,0.863,0.2319,0.2242,418149.0283,355578.3765
000521.SZ,20220831,4.02,1.936,2.7028,79.7769,55.1186,0.8545,0.2296,0.2219,414029.3334,352075.1412
000521.SZ,20220830,4.14,2.486,3.4705,82.1583,56.7639,0.88,0.2364,0.2286,426388.418,362584.8469
000521.SZ,20220829,4.11,2.1702,3.0298,81.563,56.3526,0.8736,0.2347,0.2269,423298.6469,359957.4205
000521.SZ,20220826,4.02,1.7196,2.4007,79.7769,55.1186,0.8545,0.2296,0.2219,414029.3334,352075.1412
000521.SZ,20220825,4.05,2.3751,3.3157,80.3723,55.5299,0.8608,0.2313,0.2236,417119.1046,354702.5676
000521.SZ,20220824,4.1,3.3795,4.7179,81.3645,56.2155,0.8715,0.2342,0.2264,422268.7232,359081.6117
000521.SZ,20220823,4.32,1.7365,2.4243,85.7304,59.2319,0.9182,0.2467,0.2385,444927.0449,378349.4055
000521.SZ,20220822,4.33,2.6106,3.6446,85.9289,59.369,0.9203,0.2473,0.2391,445956.9686,379225.2143
000521.SZ,20220819,4.39,3.5372,4.9381,87.1196,60.1917,0.9331,0.2507,0.2424,452136.5109,384480.0672
000521.SZ,20220818,4.53,3.4473,4.8125,89.8979,62.1113,0.9629,0.2587,0.2501,466555.4429,396741.3905
000521.SZ,20220817,4.5,3.5297,4.9277,89.3025,89.5617,0.9676,0.257,0.2587,463465.6718,394113.9641
000521.SZ,20220816,4.57,3.8106,5.3197,90.6917,90.9549,0.9826,0.261,0.2627,470675.1378,400244.6257
000521.SZ,20220815,4.56,3.6254,5.0612,90.4932,90.7558,0.9805,0.2604,0.2621,469645.214,399368.8169
000521.SZ,20220812,4.51,4.4917,6.2705,89.501,89.7607,0.9697,0.2576,0.2593,464495.5955,394989.7729
000521.SZ,20220811,4.39,4.1723,5.8247,87.1196,87.3724,0.9439,0.2507,0.2524,452136.5109,384480.0672
000521.SZ,20220810,4.26,2.1411,2.9891,84.5397,84.7851,0.916,0.2433,0.2449,438747.5026,373094.5526
000521.SZ,20220809,4.23,2.6299,3.6714,83.9444,84.188,0.9095,0.2416,0.2432,435657.7314,370467.1262
000521.SZ,20220808,4.22,1.8298,2.5544,83.7459,83.989,0.9074,0.241,0.2426,434627.8077,369591.3174
000521.SZ,20220805,4.24,2.332,3.2555,84.1428,84.387,0.9117,0.2422,0.2437,436687.6552,371342.935
000521.SZ,20220804,4.3,2.7708,3.8682,85.3335,85.5812,0.9246,0.2456,0.2472,442867.1975,376597.7879
000521.SZ,20220803,4.16,4.3606,6.0875,82.5552,82.7948,0.8945,0.2376,0.2391,428448.2654,364336.4645
000521.SZ,20220802,4.19,4.9903,6.9666,83.1506,83.3919,0.9009,0.2393,0.2409,431538.0366,366963.891
000521.SZ,20220801,4.43,5.0017,6.9826,87.9134,88.1685,0.9525,0.253,0.2547,456256.2057,387983.3024
000521.SZ,20220729,4.4,4.9372,6.8926,87.318,87.5714,0.9461,0.2513,0.2529,453166.4346,385355.876
000521.SZ,20220728,4.37,5.016,7.0026,86.7227,86.9743,0.9396,0.2496,0.2512,450076.6635,382728.4495
000521.SZ,20220727,4.43,4.1561,5.802,87.9134,88.1685,0.9525,0.253,0.2547,456256.2057,387983.3024
000521.SZ,20220726,4.42,5.6615,7.9037,87.7149,87.9695,0.9504,0.2524,0.2541,455226.282,387107.4936
000521.SZ,20220725,4.56,6.374,8.8984,90.4932,90.7558,0.9805,0.2604,0.2621,469645.214,399368.8169
000521.SZ,20220722,4.66,8.8447,12.3476,92.4777,92.7461,1.002,0.2661,0.2679,479944.4512,408126.905
000521.SZ,20220721,4.48,7.1193,9.9389,88.9056,89.1636,0.9633,0.2559,0.2575,461405.8243,392362.3464
000521.SZ,20220720,4.62,13.8957,19.399,91.6839,91.95,0.9934,0.2639,0.2656,475824.7563,404623.6698
000521.SZ,20220719,4.71,12.5607,17.5352,93.47,93.7412,1.0127,0.269,0.2708,485094.0698,412505.949
000521.SZ,20220718,4.28,13.2034,18.4325,84.9366,85.1831,0.9203,0.2444,0.246,440807.35,374846.1703
000521.SZ,20220715,4.52,10.6757,14.9038,89.6994,89.9597,0.9719,0.2582,0.2598,465525.5192,395865.5817
000521.SZ,20220714,4.11,11.7958,16.4674,81.563,81.7997,0.8837,0.2347,0.2363,423298.6469,359957.4205
000521.SZ,20220713,4.45,9.3517,13.0554,88.3103,88.5666,0.9568,0.2542,0.2558,458316.0532,389734.92
000521.SZ,20220712,4.31,9.2667,12.9367,85.532,85.7802,0.9267,0.2462,0.2478,443897.1212,377473.5967
000521.SZ,20220711,4.2,10.2523,14.3126,83.349,83.5909,0.9031,0.2399,0.2414,432567.9603,367839.6998
000521.SZ,20220708,3.98,5.8366,8.1481,78.9831,79.2123,0.8558,0.2273,0.2288,409909.6386,348571.906
000521.SZ,20220707,3.81,2.0205,2.8208,75.6095,75.8289,0.8192,0.2176,0.219,392400.9354,333683.1562
000521.SZ,20220706,3.8,2.4797,3.4617,75.411,75.6299,0.8171,0.217,0.2185,391371.0117,332807.3474
000521.SZ,20220705,3.84,2.712,3.7861,76.2048,76.426,0.8257,0.2193,0.2208,395490.7066,336310.5827
000521.SZ,20220704,3.9,4.151,5.795,77.3955,77.6201,0.8386,0.2227,0.2242,401670.2489,341565.4355
000521.SZ,20220701,3.84,3.5452,4.9492,76.2048,76.426,0.8257,0.2193,0.2208,395490.7066,336310.5827
000521.SZ,20220630,3.78,2.5635,3.5787,75.0141,75.2318,0.8128,0.2159,0.2173,389311.1643,331055.7298
000521.SZ,20220629,3.73,2.8745,4.0129,74.0219,74.2367,0.802,0.213,0.2144,384161.5457,326676.6858
000521.SZ,20220628,3.85,3.1026,4.3314,76.4033,76.625,0.8278,0.2199,0.2213,396520.6303,337186.3915
000521.SZ,20220627,3.79,3.785,5.284,75.2126,75.4308,0.8149,0.2165,0.2179,390341.088,331931.5386
000521.SZ,20220624,3.82,7.5631,10.5584,75.8079,76.0279,0.8214,0.2182,0.2196,393430.8591,334558.965
000521.SZ,20220623,3.71,2.4691,3.4469,73.625,73.8386,0.7892,0.2119,0.2133,382101.6983,324925.0681
000521.SZ,20220622,3.62,2.463,3.4384,71.8389,72.0474,0.7701,0.2068,0.2081,372832.3848,317042.7889
000521.SZ,20220621,3.7,3.6465,5.0907,73.4265,73.6396,0.7871,0.2113,0.2127,381071.7746,324049.2593
000521.SZ,20220620,3.78,5.6278,7.8567,75.0141,75.2318,0.8041,0.2159,0.2173,389311.1643,331055.7298
000521.SZ,20220617,3.78,8.4034,11.7315,75.0141,75.2318,0.8041,0.2159,0.2173,389311.1643,331055.7298
000521.SZ,20220616,3.66,4.5841,6.3996,72.6327,72.8435,0.7786,0.209,0.2104,376952.0797,320546.0241
000521.SZ,20220615,3.72,4.4512,6.2176,73.8234,74.0377,0.7914,0.2125,0.2139,383131.622,325335.717
000521.SZ,20220614,3.74,3.9704,5.546,74.2203,74.4357,0.7956,0.2136,0.215,385191.4694,327084.8337
000521.SZ,20220613,3.71,4.8573,6.7848,73.625,73.8386,0.7892,0.2119,0.2133,382101.6983,324461.1586
000521.SZ,20220610,3.84,5.1866,7.2449,76.2048,76.426,0.8169,0.2193,0.2208,395490.7066,335830.4175
000521.SZ,20220609,3.83,6.2165,8.6834,76.0064,76.2269,0.8148,0.2187,0.2202,394460.7828,334955.8592
000521.SZ,20220608,3.96,8.3367,11.645,78.5862,78.8143,0.8424,0.2262,0.2276,407849.7911,346325.1181
000521.SZ,20220607,4.08,12.2968,17.1766,80.9676,81.2026,0.868,0.233,0.2345,420208.8757,356819.8186
000521.SZ,20220606,4.3,21.2048,29.6196,85.3335,85.5812,0.9148,0.2456,0.2472,442867.1975,376060.103
000521.SZ,20220602,4.55,4.5375,6.3381,90.2948,90.5568,0.9679,0.2599,0.2616,468615.2903,397924.0624
000521.SZ,20220601,4.14,2.6601,3.7157,82.1583,82.3967,0.8807,0.2364,0.238,426388.418,362067.1689
000521.SZ,20220531,3.76,3.466,4.8415,74.6172,74.8338,0.7999,0.2147,0.2162,387251.3168,328833.9505
000521.SZ,20220530,3.82,6.8233,9.5311,75.8079,76.0279,0.8126,0.2182,0.2196,393430.8591,334081.3008
000521.SZ,20220527,3.99,9.0379,12.6244,79.1816,79.4114,0.8488,0.2279,0.2294,410939.5623,348948.7932
000521.SZ,20220526,3.87,4.6455,6.489,76.8002,77.023,0.8233,0.221,0.2225,398580.4777,338454.0927
000521.SZ,20220525,3.77,5.2442,7.3253,74.8157,75.0328,0.802,0.2153,0.2167,388281.2406,329708.5089
000521.SZ,20220524,3.64,5.8419,8.1601,72.2358,72.4454,0.7744,0.2079,0.2093,374892.2323,318339.25
000521.SZ,20220523,3.6,2.8994,4.05,71.442,71.6493,0.7658,0.2056,0.207,370772.5374,314841.0164
000521.SZ,20220520,3.5,2.3581,3.2938,69.4575,69.6591,0.7446,0.1999,0.2012,360473.3003,306095.4327
000521.SZ,20220519,3.49,2.6118,3.6482,69.2591,69.4601,0.7424,0.1993,0.2006,359443.3765,305220.8743
000521.SZ,20220518,3.44,2.0192,2.8206,68.2668,68.4649,0.7318,0.1965,0.1978,354293.758,300848.0824
000521.SZ,20220517,3.46,2.5748,3.5966,68.6637,68.863,0.7361,0.1976,0.1989,356353.6054,302597.1991
000521.SZ,20220516,3.51,3.9725,5.5489,69.656,69.8581,0.7467,0.2005,0.2018,361503.224,306969.991
000521.SZ,20220513,3.41,3.7127,5.1861,67.6715,67.8679,0.7254,0.1948,0.196,351203.9868,298224.4072
000521.SZ,20220512,3.33,2.8199,3.9389,66.0839,66.2756,0.7084,0.1902,0.1914,342964.5971,291227.9402
000521.SZ,20220511,3.33,4.5684,6.3812,66.0839,66.2756,0.7084,0.1902,0.1914,342964.5971,291227.9402
000521.SZ,20220510,3.32,2.5013,3.4939,65.8854,66.0766,0.7063,0.1896,0.1909,341934.6734,290353.3818
000521.SZ,20220509,3.29,1.8648,2.6048,65.2901,65.4795,0.6999,0.1879,0.1891,338844.9022,287729.7067
000521.SZ,20220506,3.24,3.0033,4.1951,64.2978,64.4844,0.6893,0.185,0.1863,333695.2837,283356.9148
000521.SZ,20220505,3.42,3.2964,4.6045,67.8699,68.0669,0.7275,0.1953,0.1966,352233.9105,299098.9656
000521.SZ,20220429,3.44,3.4626,4.8367,68.2668,68.4649,0.7318,0.1965,0.1978,354293.758,300848.0824
000521.SZ,20220428,3.24,1.8225,2.5458,64.2978,64.4844,0.6893,0.185,0.1863,333695.2837,283356.9148
000521.SZ,20220427,3.29,2.94,4.1067,65.2901,65.4795,0.6999,0.1879,0.1891,338844.9022,287729.7067
000521.SZ,20220426,3.28,2.849,3.9796,65.0916,65.2805,0.6978,0.1873,0.1886,337814.9785,286855.1483
000521.SZ,20220425,3.35,4.5224,6.317,66.4808,66.6737,0.7127,0.1913,0.1926,345024.4445,292977.057
000521.SZ,20220422,3.47,2.2384,3.1266,68.8622,69.062,0.7382,0.1982,0.1995,357383.5291,303471.7575
000521.SZ,20220421,3.45,3.8293,5.3488,68.4653,68.664,0.7339,0.197,0.1983,355323.6817,301722.6408
000521.SZ,20220420,3.68,4.5332,6.3321,73.0296,73.2416,0.7829,0.2102,0.2116,379011.9271,321837.4835
000521.SZ,20220419,3.85,3.3092,4.6224,76.4033,76.4033,0.8253,0.2199,0.2199,396520.6303,336704.9759
000521.SZ,20220418,3.87,4.2349,5.9155,76.8002,76.8002,0.8296,0.221,0.221,398580.4777,338454.0927
000521.SZ,20220415,3.85,6.6906,9.3457,76.4033,76.4033,0.8253,0.2199,0.2199,396520.6303,336704.9759
000521.SZ,20220414,4.05,7.7909,10.8826,80.3723,80.3723,0.8681,0.2313,0.2313,417119.1046,354196.1435
000521.SZ,20220413,3.91,7.3843,10.3146,77.594,77.594,0.8381,0.2233,0.2233,402700.1726,341952.3262
000521.SZ,20220412,4.02,8.4876,11.8557,79.7769,79.7769,0.8617,0.2296,0.2296,414029.3334,351572.4684
000521.SZ,20220411,3.85,8.4773,11.8414,76.4033,76.4033,0.8253,0.2199,0.2199,396520.6303,336704.9759
000521.SZ,20220408,3.7,2.0188,2.8199,73.4265,73.4265,0.7931,0.2113,0.2113,381071.7746,323586.6002
000521.SZ,20220407,3.71,2.2815,3.1868,73.625,73.625,0.7953,0.2119,0.2119,382101.6983,324461.1586
000521.SZ,20220406,3.84,3.1976,4.4665,76.2048,76.2048,0.8231,0.2193,0.2193,395490.7066,335830.4175
000521.SZ,20220401,3.75,2.543,3.5522,74.4188,74.4188,0.8038,0.2142,0.2142,386221.3931,327959.3921
000521.SZ,20220331,3.71,3.8621,5.3947,73.625,73.625,0.7953,0.2119,0.2119,382101.6983,324461.1586
000521.SZ,20220330,3.62,1.5846,2.2135,,37.1904,0.7728,0.2423,0.2077,372832.3848,316590.1332
000521.SZ,20220329,3.58,1.6367,2.2861,,36.7794,0.7643,0.2396,0.2055,368712.69,313091.8997
000521.SZ,20220328,3.65,1.8494,2.5833,,37.4986,0.7792,0.2443,0.2095,375922.156,319213.8083
000521.SZ,20220325,3.68,3.1815,4.444,,37.8068,0.7856,0.2463,0.2112,379011.9271,321837.4835
000521.SZ,20220324,3.6,2.1784,3.0428,,36.9849,0.7685,0.2409,0.2066,370772.5374,314841.0164
000521.SZ,20220323,3.6,1.5356,2.145,,36.9849,0.7685,0.2409,0.2066,370772.5374,314841.0164
000521.SZ,20220322,3.67,2.821,3.9404,,37.7041,0.7835,0.2456,0.2106,377982.0034,320962.9251
000521.SZ,20220321,3.68,3.3349,4.6582,,37.8068,0.7856,0.2463,0.2112,379011.9271,321837.4835
000521.SZ,20220318,3.59,2.8268,3.9486,,36.8822,0.7664,0.2403,0.206,369742.6137,313966.4581
000521.SZ,20220317,3.5,3.1209,4.3594,,35.9576,0.7472,0.2343,0.2009,360473.3003,306095.4327
000521.SZ,20220316,3.43,2.9872,4.1727,,35.2384,0.7322,0.2296,0.1968,353263.8342,299973.524
000521.SZ,20220315,3.32,3.4474,4.8154,,34.1083,0.7087,0.2222,0.1905,341934.6734,290353.3818
000521.SZ,20220314,3.55,3.2997,4.6092,,36.4712,0.7578,0.2376,0.2037,365622.9188,310468.2245
000521.SZ,20220311,3.59,5.4451,7.6059,,36.8822,0.7664,0.2403,0.206,369742.6137,313966.4581
000521.SZ,20220310,3.51,7.4251,10.3717,,36.0603,0.7493,0.2349,0.2014,361503.224,306969.991
000521.SZ,20220309,3.41,2.9903,4.1769,,35.0329,0.728,0.2282,0.1957,351203.9868,298224.4072
000521.SZ,20220308,3.43,1.5206,2.124,,35.2384,0.7322,0.2296,0.1968,353263.8342,299973.524
000521.SZ,20220307,3.56,1.8393,2.5691,,36.574,0.76,0.2383,0.2043,366652.8425,311342.7829
000521.SZ,20220304,3.58,2.525,3.5269,,36.7794,0.7643,0.2396,0.2055,368712.69,313091.8997
000521.SZ,20220303,3.57,3.8977,5.4444,,37.1993,0.7678,0.2423,0.2078,372921.4435,312217.3413
000521.SZ,20220302,3.49,1.7694,2.4715,,36.3657,0.7506,0.2369,0.2031,364564.6605,305220.8743
000521.SZ,20220301,3.45,1.209,1.6888,,35.9489,0.742,0.2342,0.2008,360386.2689,301722.6408
000521.SZ,20220228,3.42,1.3293,1.8569,,35.6363,0.7355,0.2322,0.1991,357252.4753,299098.9656
000521.SZ,20220225,3.38,1.2806,1.7888,,35.2195,0.7269,0.2294,0.1967,353074.0838,295600.7321
000521.SZ,20220224,3.37,2.7924,3.9006,,35.1153,0.7248,0.2288,0.1962,352029.4859,294726.1737
000521.SZ,20220223,3.47,1.155,1.6133,,36.1573,0.7463,0.2356,0.202,362475.4647,303471.7575
000521.SZ,20220222,3.46,1.5284,2.135,,36.0531,0.7441,0.2349,0.2014,361430.8668,302597.1991
000521.SZ,20220221,3.52,1.823,2.5464,,36.6783,0.757,0.239,0.2049,367698.4541,307844.5494
000521.SZ,20220218,3.46,1.4113,1.9713,,36.0531,0.7441,0.2349,0.2014,361430.8668,302597.1991
000521.SZ,20220217,3.42,2.1021,2.9363,,35.6363,0.7355,0.2322,0.1991,357252.4753,299098.9656
000521.SZ,20220216,3.48,2.4987,3.4902,,36.2615,0.7484,0.2362,0.2026,363520.0626,304346.3159
000521.SZ,20220215,3.41,2.0764,2.9004,,35.5321,0.7334,0.2315,0.1985,356207.8774,298224.4072
000521.SZ,20220214,3.45,2.3911,3.34,,35.9489,0.742,0.2342,0.2008,360386.2689,301722.6408
000521.SZ,20220211,3.48,3.8029,5.312,,36.2615,0.7484,0.2362,0.2026,363520.0626,304346.3159
000521.SZ,20220210,3.45,1.1485,1.6043,,35.9489,0.742,0.2342,0.2008,360386.2689,301722.6408
000521.SZ,20220209,3.46,1.2953,1.8093,,36.0531,0.7441,0.2349,0.2014,361430.8668,302597.1991
000521.SZ,20220208,3.47,2.2912,3.2004,,36.1573,0.7463,0.2356,0.202,362475.4647,303471.7575
000521.SZ,20220207,3.37,1.7358,2.4246,,35.1153,0.7248,0.2288,0.1962,352029.4859,294726.1737
000521.SZ,20220128,3.3,1.3705,1.9144,,34.3859,0.7097,0.224,0.1921,344717.3007,288604.2651
000521.SZ,20220127,3.22,1.9298,2.6955,,33.5523,0.6925,0.2186,0.1874,336360.5177,281607.798
000521.SZ,20220126,3.31,1.5169,2.1188,,34.4901,0.7119,0.2247,0.1927,345761.8986,289478.8234
000521.SZ,20220125,3.27,2.2663,3.1656,,34.0733,0.7033,0.222,0.1903,341583.5071,285980.5899
000521.SZ,20220124,3.42,1.1258,1.5725,,35.6363,0.7355,0.2322,0.1991,357252.4753,299098.9656
000521.SZ,20220121,3.46,1.2413,1.7338,,36.0531,0.7441,0.2349,0.2014,361430.8668,302597.1991
000521.SZ,20220120,3.49,1.6777,2.3435,,36.3657,0.7506,0.2369,0.2031,364564.6605,305220.8743
000521.SZ,20220119,3.58,1.775,2.4794,,37.3035,0.7699,0.243,0.2084,373966.0414,313091.8997
000521.SZ,20220118,3.56,2.1414,2.9911,,37.0951,0.7656,0.2417,0.2072,371876.8456,311342.7829
000521.SZ,20220117,3.66,1.6712,2.3344,,38.1371,0.7871,0.2485,0.213,382322.8244,320088.3667
000521.SZ,20220114,3.6,2.4951,3.4852,,37.5119,0.7742,0.2444,0.2095,376055.2372,314841.0164
000521.SZ,20220113,3.73,1.7219,2.4052,,38.8665,0.8022,0.2532,0.2171,389635.0096,326210.2754
000521.SZ,20220112,3.72,1.5822,2.21,,38.7623,0.8001,0.2525,0.2165,388590.4117,325335.717
000521.SZ,20220111,3.72,2.295,3.2058,,38.7623,0.8001,0.2525,0.2165,388590.4117,325335.717
000521.SZ,20220110,3.71,1.6938,2.366,,38.6581,0.7979,0.2518,0.2159,387545.8139,324461.1586
000521.SZ,20220107,3.7,2.6273,3.6699,,38.5539,0.7958,0.2512,0.2154,386501.216,323586.6002
000521.SZ,20220106,3.75,2.575,3.5969,,39.0749,0.8065,0.2546,0.2183,391724.2054,327959.3921
000521.SZ,20220105,3.74,3.6705,5.1271,,38.9707,0.8044,0.2539,0.2177,390679.6075,327084.8337
000521.SZ,20220104,3.72,2.5825,3.6074,,38.7623,0.8001,0.2525,0.2165,388590.4117,325335.717
000521.SZ,20211231,3.67,3.2188,4.4962,,38.2413,0.7893,0.2491,0.2136,383367.4223,320962.9251
000521.SZ,20211230,3.62,2.4196,3.3798,,37.7203,0.7785,0.2457,0.2107,378144.4329,316590.1332
000521.SZ,20211229,3.56,1.5951,2.2281,,37.0951,0.7656,0.2417,0.2072,371876.8456,311342.7829
000521.SZ,20211228,3.56,1.1606,1.6211,,37.0951,0.7656,0.2417,0.2072,371876.8456,311342.7829
000521.SZ,20211227,3.58,1.6225,2.2663,,37.3035,0.7699,0.243,0.2084,373966.0414,313091.8997
000521.SZ,20211224,3.51,1.9189,2.6804,,36.5741,0.7549,0.2383,0.2043,366653.8562,306969.991
000521.SZ,20211223,3.56,2.2282,3.1124,,37.0951,0.7656,0.2417,0.2072,371876.8456,311342.7829
000521.SZ,20211222,3.61,2.4349,3.4012,,37.6161,0.7764,0.2451,0.2101,377099.835,315715.5748
000521.SZ,20211221,3.69,3.4751,4.8541,,38.4497,0.7936,0.2505,0.2148,385456.6181,322712.0419
000521.SZ,20211220,3.65,5.9285,8.2811,,38.0329,0.785,0.2478,0.2125,381278.2266,319213.8083
000521.SZ,20211217,3.5,1.9285,2.6938,,36.4699,0.7527,0.2376,0.2037,365609.2584,306095.4327
000521.SZ,20211216,3.56,2.2114,3.089,,37.0951,0.7656,0.2417,0.2072,371876.8456,311342.7829
000521.SZ,20211215,3.56,2.7665,3.8643,,37.0951,0.7656,0.2417,0.2072,371876.8456,311342.7829
000521.SZ,20211214,3.6,5.219,7.2901,,37.5119,0.7742,0.2444,0.2095,376055.2372,314841.0164
000521.SZ,20211213,3.52,4.7981,6.7021,,36.6783,0.757,0.239,0.2049,367698.4541,307844.5494
000521.SZ,20211210,3.59,4.9185,6.8703,,37.4077,0.7721,0.2437,0.209,375010.6393,313966.4581
000521.SZ,20211209,3.46,3.6378,5.0815,,36.0531,0.7441,0.2349,0.2014,361430.8668,302597.1991
000521.SZ,20211208,3.41,1.4538,2.0308,,35.5321,0.7334,0.2315,0.1985,356207.8774,298224.4072
000521.SZ,20211207,3.45,1.6847,2.3532,,35.9489,0.742,0.2342,0.2008,360386.2689,301722.6408
000521.SZ,20211206,3.44,2.6788,3.7419,,35.8447,0.7398,0.2335,0.2002,359341.6711,300848.0824
000521.SZ,20211203,3.46,1.8499,2.584,,36.0531,0.7441,0.2349,0.2014,361430.8668,302597.1991
000521.SZ,20211202,3.48,4.2597,5.9501,,36.2615,0.7484,0.2362,0.2026,363520.0626,304346.3159
000521.SZ,20211201,3.44,3.0911,4.3177,,35.8447,0.7398,0.2335,0.2002,359341.6711,300848.0824
000521.SZ,20211130,3.33,2.3682,3.308,,34.6985,0.7162,0.2261,0.1938,347851.0944,291227.9402
000521.SZ,20211129,3.22,1.1005,1.5372,,33.5523,0.6925,0.2186,0.1874,336360.5177,281607.798
000521.SZ,20211126,3.27,1.1506,1.6072,,34.0733,0.7033,0.222,0.1903,341583.5071,285980.5899
000521.SZ,20211125,3.32,0.932,1.3019,,34.5943,0.714,0.2254,0.1932,346806.4965,290353.3818
000521.SZ,20211124,3.35,1.0985,1.5345,,34.9069,0.7205,0.2274,0.195,349940.2901,292977.057
000521.SZ,20211123,3.34,1.1518,1.6088,,34.8027,0.7183,0.2267,0.1944,348895.6923,292102.4986
000521.SZ,20211122,3.32,1.0342,1.4447,,34.5943,0.714,0.2254,0.1932,346806.4965,290353.3818
000521.SZ,20211119,3.31,1.2335,1.723,,34.4901,0.7119,0.2247,0.1927,345761.8986,289478.8234
000521.SZ,20211118,3.27,1.1553,1.6137,,34.0733,0.7033,0.222,0.1903,341583.5071,285980.5899
000521.SZ,20211117,3.32,1.6466,2.3,,34.5943,0.714,0.2254,0.1932,346806.4965,290353.3818
000521.SZ,20211116,3.28,1.2865,1.797,,34.1775,0.7054,0.2227,0.1909,342628.105,286855.1483
000521.SZ,20211115,3.3,1.4159,1.9777,,34.3859,0.7097,0.224,0.1921,344717.3007,288604.2651
000521.SZ,20211112,3.26,0.9618,1.3434,,33.9691,0.7011,0.2213,0.1898,340538.9092,285106.0316
000521.SZ,20211111,3.26,1.2891,1.8007,,33.9691,0.7011,0.2213,0.1898,340538.9092,285106.0316
000521.SZ,20211110,3.25,1.3781,1.925,,33.8649,0.699,0.2206,0.1892,339494.3113,284231.4732
000521.SZ,20211109,3.22,0.9523,1.3302,,33.5523,0.6925,0.2186,0.1874,336360.5177,281607.798
000521.SZ,20211108,3.22,1.0017,1.3992,,33.5523,0.6925,0.2186,0.1874,336360.5177,281607.798
000521.SZ,20211105,3.21,0.9544,1.3331,,33.4481,0.6904,0.2179,0.1868,335315.9198,280733.2397
000521.SZ,20211104,3.2,0.9671,1.3508,,33.3439,0.6882,0.2172,0.1863,334271.3219,279858.6813
000521.SZ,20211103,3.17,0.7323,1.023,,33.0313,0.6818,0.2152,0.1845,331137.5283,277235.0061
000521.SZ,20211102,3.15,1.151,1.6077,,32.8229,0.6775,0.2138,0.1834,329048.3325,275485.8894
000521.SZ,20211101,3.21,1.5028,2.0992,,33.4481,0.6904,0.2179,0.1868,335315.9198,280733.2397
000521.SZ,20211029,3.17,1.3192,1.8427,,33.0313,0.6818,0.2152,0.1845,331137.5283,277235.0061
000521.SZ,20211028,3.11,1.1925,1.6658,,32.4061,0.6689,0.2111,0.181,324869.941,271987.6559
000521.SZ,20211027,3.13,1.6761,2.3412,,32.6145,0.6732,0.2125,0.1822,326959.1368,273736.7726
000521.SZ,20211026,3.19,1.3989,1.954,,33.2397,0.6861,0.2165,0.1857,333226.724,278984.1229
000521.SZ,20211025,3.22,3.1288,4.3704,,33.5523,0.6925,0.2186,0.1874,336360.5177,281607.798
000521.SZ,20211022,3.32,2.1532,3.0077,,34.5943,0.714,0.2254,0.1932,346806.4965,290353.3818
000521.SZ,20211021,3.32,1.4706,2.0542,,34.5943,0.714,0.2254,0.1932,346806.4965,290353.3818
000521.SZ,20211020,3.35,1.0926,1.5262,,34.9069,0.7205,0.2274,0.195,349940.2901,292977.057
000521.SZ,20211019,3.35,1.0574,1.477,,21.6383,0.7243,0.2274,0.1923,349940.2901,292977.057
000521.SZ,20211018,3.38,1.5932,2.2254,,21.8321,0.7308,0.2294,0.1941,353074.0838,295600.7321
000521.SZ,20211015,3.31,1.3681,1.911,,21.38,0.7157,0.2247,0.19,345761.8986,289478.8234
000521.SZ,20211014,3.38,1.0359,1.447,,21.8321,0.7308,0.2294,0.1941,353074.0838,295600.7321
000521.SZ,20211013,3.34,0.8487,1.1855,,21.5737,0.7222,0.2267,0.1918,348895.6923,292102.4986
000521.SZ,20211012,3.39,0.9755,1.3626,,21.8967,0.733,0.2301,0.1946,354118.6817,296475.2905
000521.SZ,20211011,3.42,1.4154,1.977,,22.0905,0.7395,0.2322,0.1963,357252.4753,299098.9656
000521.SZ,20211008,3.38,1.4103,1.97,,21.8321,0.7308,0.2294,0.1941,353074.0838,295600.7321
000521.SZ,20210930,3.28,0.9385,1.3109,,21.1862,0.7092,0.2227,0.1883,342628.105,286855.1483
000521.SZ,20210929,3.25,1.2313,1.7199,,20.9924,0.7027,0.2206,0.1866,339494.3113,284231.4732
000521.SZ,20210928,3.33,1.2582,1.7575,,21.5092,0.72,0.2261,0.1912,347851.0944,291227.9402
000521.SZ,20210927,3.3,2.0142,2.8136,,21.3154,0.7135,0.224,0.1895,344717.3007,288604.2651
000521.SZ,20210924,3.45,1.2523,1.7492,,22.2843,0.7459,0.2342,0.1981,360386.2689,301722.6408
000521.SZ,20210923,3.53,1.2954,1.8095,,22.801,0.7632,0.2396,0.2027,368743.052,308719.1078
000521.SZ,20210922,3.5,1.0128,1.4147,,22.6072,0.7568,0.2376,0.2009,365609.2584,306095.4327
000521.SZ,20210917,3.5,1.3269,1.8534,,22.6072,0.7568,0.2376,0.2009,365609.2584,306095.4327
000521.SZ,20210916,3.53,1.5629,2.1831,,22.801,0.7632,0.2396,0.2027,368743.052,308719.1078
000521.SZ,20210915,3.59,1.8584,2.5959,,23.1885,0.7762,0.2437,0.2061,375010.6393,313966.4581
000521.SZ,20210914,3.51,2.1079,2.9444,,22.6718,0.7589,0.2383,0.2015,366653.8562,306969.991
000521.SZ,20210913,3.63,2.1645,3.0235,,23.4469,0.7849,0.2464,0.2084,379189.0308,317464.6916
000521.SZ,20210910,3.55,2.3481,3.2799,,22.9302,0.7676,0.241,0.2038,370832.2478,310468.2245
000521.SZ,20210909,3.6,2.3876,3.3351,,23.2531,0.7784,0.2444,0.2067,376055.2372,314841.0164
000521.SZ,20210908,3.58,2.8473,3.9773,,23.124,0.7741,0.243,0.2055,373966.0414,313091.8997
000521.SZ,20210907,3.51,1.9283,2.6935,,22.6718,0.7589,0.2383,0.2015,366653.8562,306969.991
000521.SZ,20210906,3.49,1.9517,2.7261,,22.5426,0.7546,0.2369,0.2004,364564.6605,305220.8743
000521.SZ,20210903,3.44,2.0965,2.9284,,22.2197,0.7438,0.2335,0.1975,359341.6711,300848.0824
000521.SZ,20210902,3.41,1.41,1.9695,,22.0259,0.7373,0.2315,0.1958,356207.8774,298224.4072
000521.SZ,20210901,3.41,1.4437,2.0166,,22.0259,0.7373,0.2315,0.1958,356207.8774,298224.4072
000521.SZ,20210831,3.4,2.113,2.9515,,21.9613,0.7351,0.2308,0.1952,355163.2795,297349.8489
000521.SZ,20210830,3.34,1.3124,1.8333,,21.5737,0.7222,0.2267,0.1918,348895.6923,292102.4986
000521.SZ,20210827,3.38,1.3713,1.9155,,21.8321,0.7308,0.2294,0.1941,353074.0838,295600.7321
000521.SZ,20210826,3.44,1.262,1.7628,,22.2197,0.7438,0.2335,0.1975,359341.6711,300848.0824
000521.SZ,20210825,3.44,1.6176,2.2595,,22.2197,0.7438,0.2335,0.1975,359341.6711,300848.0824
000521.SZ,20210824,3.4,1.4267,1.9929,,21.9613,0.7351,0.2308,0.1952,355163.2795,297349.8489
000521.SZ,20210823,3.37,1.6112,2.2505,,21.7675,0.7287,0.2288,0.1935,352029.4859,294726.1737
000521.SZ,20210820,3.3,1.459,2.038,,21.3154,0.7135,0.224,0.1895,344717.3007,288604.2651
000521.SZ,20210819,3.32,1.5257,2.1311,,21.4446,0.7178,0.2254,0.1906,346806.4965,290353.3818
000521.SZ,20210818,3.37,1.4906,2.0821,,21.7675,0.7287,0.2288,0.1935,352029.4859,294726.1737
000521.SZ,20210817,3.36,1.7058,2.3849,,18.4982,0.731,0.2281,0.2036,350984.888,293169.618
000521.SZ,20210816,3.41,1.4199,1.9852,,18.7734,0.7418,0.2315,0.2067,356207.8774,297532.2611
000521.SZ,20210813,3.45,1.7445,2.439,,18.9937,0.7505,0.2342,0.2091,360386.2689,301022.3756
000521.SZ,20210812,3.41,1.6842,2.3547,,18.7734,0.7418,0.2315,0.2067,356207.8774,297532.2611
000521.SZ,20210811,3.39,2.1124,2.9534,,18.6633,0.7375,0.2301,0.2054,354118.6817,295787.2039
000521.SZ,20210810,3.35,1.4827,2.073,,18.4431,0.7288,0.2274,0.203,349940.2901,292297.0894
000521.SZ,20210809,3.33,1.4361,2.0078,,18.333,0.7244,0.2261,0.2018,347851.0944,290552.0321
000521.SZ,20210806,3.29,1.0287,1.4383,,18.1128,0.7157,0.2233,0.1994,343672.7028,287061.9176
000521.SZ,20210805,3.27,1.4138,1.9766,,18.0027,0.7114,0.222,0.1982,341583.5071,285316.8604
000521.SZ,20210804,3.29,2.2995,3.215,,18.1128,0.7157,0.2233,0.1994,343672.7028,287061.9176
000521.SZ,20210803,3.33,3.835,5.3618,,18.333,0.7244,0.2261,0.2018,347851.0944,290552.0321
000521.SZ,20210802,3.19,1.2158,1.6998,,17.5623,0.694,0.2165,0.1933,333226.724,278336.6314
000521.SZ,20210730,3.13,1.057,1.4779,,17.2319,0.6809,0.2125,0.1897,326959.1368,273101.4596
000521.SZ,20210729,3.12,0.8952,1.2516,,17.1769,0.6787,0.2118,0.1891,325914.5389,272228.931
000521.SZ,20210728,3.09,1.5963,2.2318,,17.0117,0.6722,0.2098,0.1873,322780.7452,269611.3451
000521.SZ,20210727,3.16,1.2734,1.7804,,17.3971,0.6874,0.2145,0.1915,330092.9304,275719.0455
000521.SZ,20210726,3.22,1.3555,1.8952,,17.7274,0.7005,0.2186,0.1951,336360.5177,280954.2173
000521.SZ,20210723,3.3,1.2082,1.6892,,18.1679,0.7179,0.224,0.2,344717.3007,287934.4463
000521.SZ,20210722,3.34,1.2048,1.6844,,18.3881,0.7266,0.2267,0.2024,348895.6923,291424.5608
000521.SZ,20210721,3.34,1.4446,2.0198,,18.3881,0.7266,0.2267,0.2024,348895.6923,291424.5608
000521.SZ,20210720,3.29,1.0405,1.4548,,18.1128,0.7157,0.2233,0.1994,343672.7028,287061.9176
000521.SZ,20210719,3.28,1.1114,1.5539,,18.0577,0.7136,0.2227,0.1988,342628.105,286189.389
000521.SZ,20210716,3.32,1.2512,1.7493,,18.278,0.7223,0.2254,0.2012,346806.4965,289679.5035
000521.SZ,20210715,3.35,1.4916,2.0854,,18.4431,0.7288,0.2274,0.203,349940.2901,292297.0894
000521.SZ,20210714,3.32,0.9145,1.2786,,18.278,0.7223,0.2254,0.2012,346806.4965,289679.5035
000521.SZ,20210713,3.35,1.4407,2.0143,,18.4431,0.7288,0.2274,0.203,349940.2901,292297.0894
000521.SZ,20210712,3.34,1.6063,2.2458,,18.3881,0.7266,0.2267,0.2024,348895.6923,291424.5608
000521.SZ,20210709,3.29,0.955,1.3352,,18.1128,0.7157,0.2233,0.1994,343672.7028,287061.9176
000521.SZ,20210708,3.27,1.5547,2.1737,,18.0027,0.7114,0.222,0.1982,341583.5071,285316.8604
000521.SZ,20210707,3.35,0.8847,1.237,,18.4431,0.7288,0.2274,0.203,349940.2901,292297.0894
000521.SZ,20210706,3.36,0.9602,1.3425,,18.4982,0.731,0.2281,0.2036,350984.888,293169.618
000521.SZ,20210705,3.36,0.8013,1.1204,,18.4982,0.731,0.2281,0.2036,350984.888,293169.618
000521.SZ,20210702,3.32,1.0283,1.4377,,18.278,0.7223,0.2254,0.2012,346806.4965,289679.5035
000521.SZ,20210701,3.36,1.2156,1.6995,,18.4982,0.731,0.2281,0.2036,350984.888,293169.618
000521.SZ,20210630,3.4,1.191,1.6652,,18.7184,0.7397,0.2308,0.2061,355163.2795,296659.7325
000521.SZ,20210629,3.4,1.6136,2.2561,,18.7184,0.7397,0.2308,0.2061,355163.2795,296659.7325
000521.SZ,20210628,3.47,1.6771,2.3448,,19.1038,0.7549,0.2356,0.2103,362475.4647,302767.4329
000521.SZ,20210625,3.51,1.3531,1.8918,,19.324,0.7636,0.2383,0.2127,366653.8562,306257.5474
000521.SZ,20210624,3.52,1.1693,1.6349,,19.379,0.7658,0.239,0.2133,367698.4541,307130.076
000521.SZ,20210623,3.53,1.6857,2.3568,,19.4341,0.7679,0.2396,0.2139,368743.052,308002.6046
000521.SZ,20210622,3.57,1.8724,2.6179,,19.6543,0.7766,0.2423,0.2164,372921.4435,311492.7191
000521.SZ,20210621,3.55,1.6314,2.281,,19.5442,0.7723,0.241,0.2151,370832.2478,309747.6619
000521.SZ,20210618,3.51,1.3521,1.8904,,19.324,0.7636,0.2383,0.2127,366653.8562,306257.5474
000521.SZ,20210617,3.49,1.4201,1.9854,,19.2139,0.7592,0.2369,0.2115,364564.6605,304512.4901
000521.SZ,20210616,3.52,1.7578,2.4576,,19.379,0.7658,0.239,0.2133,367698.4541,307130.076
000521.SZ,20210615,3.58,2.2242,3.1098,,19.7094,0.7788,0.243,0.217,373966.0414,312365.2478
000521.SZ,20210611,3.66,3.627,5.071,,20.1498,0.7962,0.2485,0.2218,382322.8244,319345.4768
000521.SZ,20210610,3.78,4.5591,6.3742,,20.8105,0.8136,0.2566,0.2291,394857.999,329815.8203
000521.SZ,20210609,3.68,2.2927,3.2055,,20.2599,0.792,0.2498,0.223,384412.0202,321090.534
000521.SZ,20210608,3.68,1.6768,2.3444,,20.2599,0.792,0.2498,0.223,384412.0202,321090.534
000521.SZ,20210607,3.68,2.6506,3.7058,,20.2599,0.792,0.2498,0.223,384412.0202,321090.534
000521.SZ,20210604,3.73,3.0207,4.2233,,20.5352,0.8028,0.2532,0.2261,389635.0096,325453.1771
000521.SZ,20210603,3.66,1.9405,2.7131,,20.1498,0.7877,0.2485,0.2218,382322.8244,319345.4768
000521.SZ,20210602,3.64,3.1795,4.4454,,20.0397,0.7834,0.2471,0.2206,380233.6287,317600.4195
000521.SZ,20210601,3.73,2.4497,3.425,,20.5352,0.8028,0.2532,0.2261,389635.0096,325453.1771
000521.SZ,20210531,3.72,3.0255,4.23,,20.4801,0.8006,0.2525,0.2254,388590.4117,324580.6485
000521.SZ,20210528,3.77,3.3477,4.6806,,20.7554,0.8114,0.2559,0.2285,393813.4011,328943.2916
000521.SZ,20210527,3.87,3.974,5.5561,,21.3059,0.8329,0.2627,0.2345,404259.3799,337668.5779
000521.SZ,20210526,3.79,2.4797,3.4669,,20.8655,0.8157,0.2573,0.2297,395902.5969,330688.3489
000521.SZ,20210525,3.78,2.3822,3.3306,,20.8105,0.8136,0.2566,0.2291,394857.999,329815.8203
000521.SZ,20210524,3.77,1.9022,2.6595,,20.7554,0.8114,0.2559,0.2285,393813.4011,328943.2916
000521.SZ,20210521,3.76,2.0818,2.0818,,20.7003,0.8093,0.2552,0.2279,392768.8033,328070.763
000521.SZ,20210520,3.76,2.3436,3.2766,,20.7003,0.8093,0.2552,0.2279,392768.8033,328070.763
000521.SZ,20210519,3.78,3.2995,4.6131,,20.8105,0.8136,0.2566,0.2291,394857.999,329815.8203
000521.SZ,20210518,3.84,2.7254,3.8104,,21.1408,0.8265,0.2607,0.2327,401125.5863,335050.992
000521.SZ,20210517,3.86,5.5869,7.8112,,21.2509,0.8308,0.262,0.2339,403214.7821,336796.0493
000521.SZ,20210514,3.96,7.7783,10.875,,21.8014,0.8523,0.2688,0.24,413660.7609,345521.3355
000521.SZ,20210513,3.8,3.4394,4.8087,,20.9206,0.8179,0.258,0.2303,396947.1948,331560.8775
000521.SZ,20210512,3.88,4.0367,5.6438,,21.361,0.8351,0.2634,0.2351,405303.9778,338541.1065
000521.SZ,20210511,3.92,5.4065,7.5589,,21.5812,0.8437,0.2661,0.2376,409482.3694,342031.221
000521.SZ,20210510,3.84,4.7764,6.678,,21.1408,0.8265,0.2607,0.2327,401125.5863,335050.992
000521.SZ,20210507,3.83,7.2561,10.145,,21.0857,0.8243,0.26,0.2321,400080.9884,334178.4634
000521.SZ,20210506,3.94,11.38,15.9106,,21.6913,0.848,0.2675,0.2388,411571.5651,343776.2783
000521.SZ,20210430,3.81,4.276,5.9784,,20.9756,0.82,0.2586,0.2309,397991.7927,332433.4061
000521.SZ,20210429,3.76,3.6674,5.1275,,20.7003,0.8093,0.2552,0.2279,392768.8033,328070.763
000521.SZ,20210428,3.73,3.9819,5.5672,,20.5352,0.8028,0.2532,0.2261,389635.0096,325453.1771
000521.SZ,20210427,3.68,4.5557,6.3694,,20.2599,0.792,0.2498,0.223,384412.0202,321090.534
000521.SZ,20210426,3.8,5.746,8.0336,,20.9206,0.8179,0.258,0.2303,396947.1948,331560.8775
000521.SZ,20210423,3.71,3.6389,5.0877,,20.4251,0.7985,0.2518,0.2248,387545.8139,323708.1199
000521.SZ,20210422,3.8,5.2984,7.4078,,20.9206,0.8179,0.258,0.2303,396947.1948,331560.8775
000521.SZ,20210421,3.86,9.2431,12.923,,21.2509,0.8308,0.262,0.2339,403214.7821,336796.0493
000521.SZ,20210420,3.76,5.5296,7.731,,20.7003,0.8093,0.2552,0.2279,392768.8033,328070.763
000521.SZ,20210419,3.73,3.8982,5.4501,,,0.8027,0.2532,0.2532,389635.0096,325453.1771
000521.SZ,20210416,3.66,3.7687,5.2691,,,0.7876,0.2485,0.2485,382322.8244,319345.4768
000521.SZ,20210415,3.57,2.6143,3.6551,,,0.7682,0.2423,0.2423,372921.4435,311492.7191
000521.SZ,20210414,3.62,1.9747,2.7609,,,0.779,0.2457,0.2457,378144.4329,315855.3623
000521.SZ,20210413,3.59,2.0343,2.8442,,,0.7726,0.2437,0.2437,375010.6393,313237.7764
000521.SZ,20210412,3.58,2.2636,3.1648,,,0.7704,0.243,0.243,373966.0414,312365.2478
000521.SZ,20210409,3.62,1.9227,2.6882,,,0.779,0.2457,0.2457,378144.4329,315855.3623
000521.SZ,20210408,3.61,2.769,3.8714,,,0.7769,0.2451,0.2451,377099.835,314982.8336
000521.SZ,20210407,3.67,2.6236,3.6682,,,0.7898,0.2491,0.2491,383367.4223,320218.0054
000521.SZ,20210406,3.63,2.6771,3.7429,,,0.7812,0.2464,0.2464,379189.0308,316727.8909
000521.SZ,20210402,3.57,4.3792,6.1227,,,0.7682,0.2423,0.2423,372921.4435,311492.7191
000521.SZ,20210401,3.71,3.2873,4.5961,,,0.7984,0.2518,0.2518,387545.8139,323708.1199
000521.SZ,20210331,3.71,2.8893,4.0397,,,0.7984,0.2518,0.2518,387545.8139,323708.1199
000521.SZ,20210330,3.69,4.6737,6.5344,68.2931,,0.7987,0.2329,0.2592,385456.6181,321963.0626
000521.SZ,20210329,3.84,6.1246,8.5629,71.0693,,0.8312,0.2423,0.2698,401125.5863,335050.992
000521.SZ,20210326,3.8,6.2405,8.7249,70.329,,0.8225,0.2398,0.267,396947.1948,331560.8775
000521.SZ,20210325,3.69,3.7721,5.2738,68.2931,,0.7987,0.2329,0.2592,385456.6181,321963.0626
000521.SZ,20210324,3.76,5.417,7.5736,69.5887,,0.8139,0.2373,0.2642,392768.8033,328070.763
000521.SZ,20210323,3.68,3.5459,4.9576,68.1081,,0.7966,0.2322,0.2585,384412.0202,321090.534
000521.SZ,20210322,3.73,3.7183,5.1987,69.0335,,0.8074,0.2354,0.262,389635.0096,325453.1771
000521.SZ,20210319,3.71,3.9362,5.5033,68.6633,,0.8031,0.2341,0.2606,387545.8139,323708.1199
000521.SZ,20210318,3.77,5.2967,7.4055,69.7738,,0.8161,0.2379,0.2649,393813.4011,328943.2916
000521.SZ,20210317,3.87,6.9165,9.6701,71.6245,,0.8377,0.2442,0.2719,404259.3799,337668.5779
000521.SZ,20210316,3.85,10.9047,15.2461,71.2544,,0.8334,0.243,0.2705,402170.1842,335923.5206
000521.SZ,20210315,3.89,6.0932,8.519,71.9947,,0.842,0.2455,0.2733,406348.5757,339413.6351
000521.SZ,20210312,3.54,4.6772,6.5393,65.517,,0.7663,0.2234,0.2487,369787.6499,308875.1333
000521.SZ,20210311,3.5,3.588,5.0165,64.7767,,0.7576,0.2209,0.2459,365609.2584,305385.0188
000521.SZ,20210310,3.45,4.5535,6.3663,63.8513,,0.7468,0.2177,0.2424,360386.2689,301022.3756
000521.SZ,20210309,3.58,5.0895,7.1157,66.2573,,0.7749,0.2259,0.2515,373966.0414,312365.2478
000521.SZ,20210308,3.68,5.6924,7.9587,68.1081,,0.7966,0.2322,0.2585,384412.0202,321090.534
000521.SZ,20210305,3.67,6.4784,9.0575,67.923,,0.7944,0.2316,0.2578,383367.4223,320218.0054
000521.SZ,20210304,3.57,5.6377,7.8822,66.0722,,0.7728,0.2253,0.2508,372921.4435,311492.7191
000521.SZ,20210303,3.69,7.1794,10.0376,68.2931,,0.7987,0.2329,0.2592,385456.6181,321963.0626
000521.SZ,20210302,3.56,4.0925,5.7218,65.8872,,0.7706,0.2247,0.2501,371876.8456,310620.1905
000521.SZ,20210301,3.54,3.6803,5.1455,65.517,,0.7663,0.2234,0.2487,369787.6499,308875.1333
000521.SZ,20210226,3.43,3.6087,5.0454,63.4812,,0.7425,0.2165,0.241,358297.0732,299277.3184
000521.SZ,20210225,3.49,3.5179,4.9184,64.5916,,0.7554,0.2202,0.2452,364564.6605,304512.4901
000521.SZ,20210224,3.56,3.6584,5.1149,65.8872,,0.7706,0.2247,0.2501,371876.8456,310620.1905
000521.SZ,20210223,3.58,3.9611,5.5381,66.2573,,0.7749,0.2259,0.2515,373966.0414,312365.2478
000521.SZ,20210222,3.71,6.0794,8.4998,68.6633,,0.8031,0.2341,0.2606,387545.8139,323708.1199
000521.SZ,20210219,3.73,7.1069,9.9363,69.0335,,0.8074,0.2354,0.262,389635.0096,325453.1771
000521.SZ,20210218,3.47,5.803,8.1133,64.2215,,0.7511,0.219,0.2438,362475.4647,302767.4329
000521.SZ,20210210,3.34,4.5615,6.3775,61.8155,,0.723,0.2108,0.2346,348895.6923,291424.5608
000521.SZ,20210209,3.33,4.5437,6.3527,61.6304,,0.7208,0.2101,0.2339,347851.0944,290552.0321
000521.SZ,20210208,3.28,6.198,8.6656,60.705,,0.71,0.207,0.2304,342628.105,286189.389
000521.SZ,20210205,3.43,7.8095,10.9187,63.4812,,0.7425,0.2165,0.241,358297.0732,299277.3184
000521.SZ,20210204,3.38,5.3332,7.4565,62.5558,,0.7316,0.2133,0.2375,353074.0838,294914.6753
000521.SZ,20210203,3.49,5.3628,7.4979,64.5916,,0.7554,0.2202,0.2452,364564.6605,304512.4901
000521.SZ,20210202,3.65,5.8092,8.122,67.5528,,0.7901,0.2303,0.2564,381278.2266,318472.9481
000521.SZ,20210201,3.67,5.8007,8.1102,67.923,,0.7944,0.2316,0.2578,383367.4223,320218.0054
000521.SZ,20210129,3.71,6.43,8.9899,68.6633,,0.8031,0.2341,0.2606,387545.8139,323708.1199
000521.SZ,20210128,3.88,5.9347,8.2974,71.8096,,0.8399,0.2448,0.2726,405303.9778,338541.1065
000521.SZ,20210127,3.92,5.3863,7.5308,72.5499,,0.8485,0.2474,0.2754,409482.3694,342031.221
000521.SZ,20210126,3.9,7.0226,9.8184,72.1797,,0.8442,0.2461,0.274,407393.1736,340286.1638
000521.SZ,20210125,4.1,7.56,10.5698,75.8813,,0.8875,0.2587,0.288,428285.1312,357736.7363
000521.SZ,20210122,4.33,8.5592,11.9669,80.138,,0.9373,0.2732,0.3042,452310.8825,377804.8946
000521.SZ,20210121,4.56,10.5446,14.7426,84.3948,,0.9871,0.2878,0.3204,476336.6337,397873.053
000521.SZ,20210120,4.35,6.0384,8.4425,80.5082,,0.9416,0.2745,0.3056,454400.0782,379549.9519
000521.SZ,20210119,4.43,8.3501,11.6745,81.9888,,0.9589,0.2796,0.3112,462756.8613,386530.1809
000521.SZ,20210118,4.58,8.9379,12.4963,84.7649,,0.9914,0.289,0.3218,478425.8295,399618.1103
000521.SZ,20210115,4.37,7.437,10.3978,80.8783,,0.9459,0.2758,0.307,456489.274,381295.0091
000521.SZ,20210114,4.4,10.949,15.3081,81.4336,,0.9524,0.2777,0.3091,459623.0676,383912.595
000521.SZ,20210113,4.84,14.7588,20.6347,89.5769,,1.0477,0.3054,0.34,505585.3744,422303.8545
000521.SZ,20210112,4.69,9.3717,13.1028,86.8008,,1.0152,0.296,0.3295,489916.4062,409215.9251
000521.SZ,20210111,4.7,13.0781,18.2848,86.9859,,1.0174,0.2966,0.3302,490961.0041,410088.4538
000521.SZ,20210108,5.21,12.2055,17.0648,96.4247,,1.1278,0.3288,0.366,544235.496,454587.4136
000521.SZ,20210107,5.57,18.2581,25.527,103.0875,,1.2057,0.3515,0.3913,581841.0197,485998.4441
000521.SZ,20210106,6.15,23.0311,32.2004,113.8219,,1.3312,0.3881,0.4321,642427.6968,536605.1044
000521.SZ,20210105,5.59,17.9418,25.0848,103.4576,,1.21,0.3528,0.3927,583930.2155,487743.5014
000521.SZ,20210104,6.07,23.9673,33.5092,112.3413,,1.3139,0.383,0.4264,634070.9138,529624.8754
000521.SZ,20201231,6.06,22.2172,31.0625,112.1562,,1.3117,0.3824,0.4257,633026.3159,528752.3468
000521.SZ,20201230,5.51,22.4256,31.3538,101.977,,1.1927,0.3477,0.3871,575573.4324,480763.2724
000521.SZ,20201229,5.61,30.1231,42.1158,103.8278,,1.2143,0.354,0.3941,586019.4112,489488.5586
000521.SZ,20201228,5.95,13.6703,19.1127,110.1204,,1.2879,0.3755,0.418,621535.7392,519154.5319
000521.SZ,20201225,5.41,29.5547,41.3212,100.1263,,1.171,0.3414,0.3801,565127.4536,472037.9861
000521.SZ,20201224,5.6,19.9008,27.8238,103.6427,,1.2122,0.3534,0.3934,584974.8134,488616.03
000521.SZ,20201223,5.09,19.9512,27.8943,94.2038,,1.1018,0.3212,0.3576,531700.3214,444117.0701
000521.SZ,20201222,4.63,15.2465,21.3165,85.6903,,1.0022,0.2922,0.3253,483648.8189,403980.7534
000521.SZ,20201221,4.21,13.9474,19.5002,77.9171,,0.9113,0.2657,0.2958,439775.7079,367334.5511
000521.SZ,20201218,4.11,12.212,17.0739,76.0663,,0.8896,0.2594,0.2887,429329.7291,358609.2649
000521.SZ,20201217,4.18,15.5696,21.7682,77.3619,,0.9048,0.2638,0.2937,436641.9143,364716.9653
000521.SZ,20201216,4.13,19.8584,27.7645,76.4365,,0.894,0.2606,0.2901,431418.9249,360354.3221
000521.SZ,20201215,4.59,20.7322,28.9863,84.95,,0.9935,0.2897,0.3225,479470.4274,400490.6389
000521.SZ,20201214,4.17,23.134,32.3442,77.1768,,0.9026,0.2631,0.293,435597.3164,363844.4366
000521.SZ,20201211,4.52,29.1315,40.7294,83.6545,,0.9784,0.2852,0.3175,472158.2422,394382.9385
000521.SZ,20201210,4.11,13.5614,18.9605,76.0663,,0.8896,0.2594,0.2887,429329.7291,358609.2649
000521.SZ,20201209,3.74,6.069,8.4853,69.2185,,0.8096,0.236,0.2627,390679.6075,326325.7058
000521.SZ,20201208,3.4,2.0984,2.9338,62.9259,,0.736,0.2146,0.2389,355163.2795,296659.7325
000521.SZ,20201207,3.49,3.6305,5.0759,64.5916,,0.7554,0.2202,0.2452,364564.6605,304512.4901
000521.SZ,20201204,3.42,2.1337,2.9832,63.2961,,0.7403,0.2158,0.2403,357252.4753,298404.7898
000521.SZ,20201203,3.43,3.09,4.3202,63.4812,,0.7425,0.2165,0.241,358297.0732,299277.3184
000521.SZ,20201202,3.36,1.6094,2.2501,62.1856,,0.7273,0.212,0.2361,350984.888,293169.618
000521.SZ,20201201,3.33,1.0759,1.5043,61.6304,,0.7208,0.2101,0.2339,347851.0944,290552.0321
000521.SZ,20201130,3.3,1.271,1.777,61.0752,,0.7143,0.2082,0.2318,344717.3007,287934.4463
000521.SZ,20201127,3.32,1.4098,1.971,61.4453,,0.7186,0.2095,0.2332,346806.4965,289679.5035
000521.SZ,20201126,3.32,1.6487,2.3051,61.4453,,0.7186,0.2095,0.2332,346806.4965,289679.5035
000521.SZ,20201125,3.35,2.0196,2.8236,62.0006,,0.7251,0.2114,0.2353,349940.2901,292297.0894
000521.SZ,20201124,3.38,2.0391,2.8509,62.5558,,0.7316,0.2133,0.2375,353074.0838,294914.6753
000521.SZ,20201123,3.42,2.8218,3.9453,63.2961,,0.7403,0.2158,0.2403,357252.4753,298404.7898
000521.SZ,20201120,3.45,4.324,6.0455,63.8513,,0.7468,0.2177,0.2424,360386.2689,301022.3756
000521.SZ,20201119,3.52,6.2729,8.7703,65.1468,,0.7619,0.2221,0.2473,367698.4541,307130.076
000521.SZ,20201118,3.35,4.4555,6.2293,62.0006,,0.7251,0.2114,0.2353,349940.2901,292297.0894
000521.SZ,20201117,3.46,6.6374,9.2799,64.0364,,0.7489,0.2183,0.2431,361430.8668,301894.9043
000521.SZ,20201116,3.5,6.1825,8.6439,64.7767,,0.7576,0.2209,0.2459,365609.2584,305385.0188
000521.SZ,20201113,3.34,3.2622,4.5609,61.8155,,0.723,0.2108,0.2346,348895.6923,291424.5608
000521.SZ,20201112,3.31,3.6296,5.0746,61.2602,,0.7165,0.2089,0.2325,345761.8986,288806.9749
000521.SZ,20201111,3.35,3.4676,4.8481,62.0006,,0.7251,0.2114,0.2353,349940.2901,292297.0894
000521.SZ,20201110,3.23,1.3965,1.9525,59.7796,,0.6992,0.2038,0.2269,337405.1156,281826.7459
000521.SZ,20201109,3.24,1.3554,1.8951,59.9647,,0.7013,0.2045,0.2276,338449.7134,282699.2745
000521.SZ,20201106,3.2,0.9318,1.3028,59.2244,,0.6927,0.2019,0.2248,334271.3219,279209.16
000521.SZ,20201105,3.18,0.8482,1.1859,58.8543,,0.6883,0.2007,0.2234,332182.1262,277464.1028
000521.SZ,20201104,3.15,0.958,1.3394,58.299,,0.6818,0.1988,0.2213,329048.3325,274846.5169
000521.SZ,20201103,3.17,1.56,2.1811,58.6692,,0.6862,0.2,0.2227,331137.5283,276591.5741
000521.SZ,20201102,3.06,1.3995,1.9566,56.6333,,0.6624,0.1931,0.215,319646.9516,266993.7593
000521.SZ,20201030,3.09,0.8608,1.2035,57.1886,,0.6689,0.195,0.2171,322780.7452,269611.3451
000521.SZ,20201029,3.15,0.8463,1.1832,58.299,,0.6818,0.1988,0.2213,329048.3325,274846.5169
000521.SZ,20201028,3.14,1.2101,1.6919,58.114,,0.6797,0.1982,0.2206,328003.7346,273973.9883
000521.SZ,20201027,3.08,0.7199,1.0065,57.0035,,0.6667,0.1944,0.2164,321736.1473,268738.8165
000521.SZ,20201026,3.1,0.9431,1.3186,57.3736,,0.671,0.1956,0.2178,323825.3431,270483.8738
000521.SZ,20201023,3.16,1.0092,1.4109,58.4841,,0.684,0.1994,0.222,330092.9304,275719.0455
000521.SZ,20201022,3.24,1.2971,1.8135,59.9647,,0.7013,0.2045,0.2276,338449.7134,282699.2745
000521.SZ,20201021,3.33,2.5283,3.5349,61.6304,,0.7208,0.2101,0.2339,347851.0944,290552.0321
000521.SZ,20201020,3.28,1.2507,1.7486,60.705,,0.71,0.207,0.2304,342628.105,286189.389
000521.SZ,20201019,3.25,0.9651,1.3493,60.1498,,0.716,0.2051,0.2388,339494.3113,283571.8031
000521.SZ,20201016,3.26,1.2239,1.7111,60.3349,,0.7182,0.2057,0.2395,340538.9092,284444.3318
000521.SZ,20201015,3.19,1.1415,1.596,59.0393,,0.7028,0.2013,0.2344,333226.724,278336.6314
000521.SZ,20201014,3.15,0.6329,0.8849,58.299,,0.694,0.1988,0.2315,329048.3325,274846.5169
000521.SZ,20201013,3.17,0.7363,1.0295,58.6692,,0.6984,0.2,0.2329,331137.5283,276591.5741
000521.SZ,20201012,3.18,0.9678,1.3531,58.8543,,0.7006,0.2007,0.2337,332182.1262,277464.1028
000521.SZ,20201009,3.11,0.7078,0.9895,57.5587,,0.6852,0.1963,0.2285,324869.941,271356.4024
000521.SZ,20200930,3.06,0.5659,0.7912,56.6333,,0.6742,0.1931,0.2249,319646.9516,266993.7593
000521.SZ,20200929,3.08,0.5307,0.742,57.0035,,0.6786,0.1944,0.2263,321736.1473,268738.8165
000521.SZ,20200928,3.07,1.0932,1.5284,56.8184,,0.6764,0.1937,0.2256,320691.5495,267866.2879
000521.SZ,20200925,3.19,1.3166,1.8408,59.0393,,0.7028,0.2013,0.2344,333226.724,278336.6314
000521.SZ,20200924,3.17,1.6231,2.2693,58.6692,,0.6984,0.2,0.2329,331137.5283,276591.5741
000521.SZ,20200923,3.16,0.4436,0.6203,58.4841,,0.6962,0.1994,0.2322,330092.9304,275719.0455
000521.SZ,20200922,3.14,0.6393,0.8938,58.114,,0.6918,0.1982,0.2307,328003.7346,273973.9883
000521.SZ,20200921,3.19,0.667,0.9326,59.0393,,0.7028,0.2013,0.2344,333226.724,278336.6314
000521.SZ,20200918,3.2,0.7243,1.0127,59.2244,,0.705,0.2019,0.2351,334271.3219,279209.16
000521.SZ,20200917,3.16,0.7987,1.1167,58.4841,,0.6962,0.1994,0.2322,330092.9304,275719.0455
000521.SZ,20200916,3.18,0.817,1.1423,58.8543,,0.7006,0.2007,0.2337,332182.1262,277464.1028
000521.SZ,20200915,3.2,0.6768,0.9463,59.2244,,0.705,0.2019,0.2351,334271.3219,279209.16
000521.SZ,20200914,3.21,0.8085,1.1304,59.4095,,0.7072,0.2026,0.2359,335315.9198,280081.6886
000521.SZ,20200911,3.22,0.8529,1.1925,59.5946,,0.7094,0.2032,0.2366,336360.5177,280954.2173
000521.SZ,20200910,3.23,1.5938,2.2283,59.7796,,0.7116,0.2038,0.2373,337405.1156,281826.7459
000521.SZ,20200909,3.35,1.5439,2.1585,62.0006,,0.7381,0.2114,0.2462,349940.2901,292297.0894
000521.SZ,20200908,3.37,1.6436,2.298,62.3707,,0.7425,0.2127,0.2476,352029.4859,294042.1466
000521.SZ,20200907,3.27,0.8598,1.2021,60.5199,,0.7204,0.2064,0.2403,341583.5071,285316.8604
000521.SZ,20200904,3.29,0.9217,1.2886,60.8901,,0.7248,0.2076,0.2418,343672.7028,287061.9176
000521.SZ,20200903,3.32,1.1207,1.5669,61.4453,,0.7314,0.2095,0.244,346806.4965,289679.5035
000521.SZ,20200902,3.36,1.2813,1.7915,62.1856,,0.7403,0.212,0.2469,350984.888,293169.618
000521.SZ,20200901,3.31,0.8501,1.1886,61.2602,,0.7292,0.2089,0.2432,345761.8986,288806.9749
000521.SZ,20200831,3.32,1.5388,2.1514,61.4453,,0.7314,0.2095,0.244,346806.4965,289679.5035
000521.SZ,20200828,3.32,1.2094,1.6908,61.4453,,0.7314,0.2095,0.244,346806.4965,289679.5035
000521.SZ,20200827,3.31,1.14,1.5938,61.2602,,0.7292,0.2089,0.2432,345761.8986,288806.9749
000521.SZ,20200826,3.26,1.4029,1.9614,60.3349,,0.7182,0.2057,0.2395,340538.9092,284444.3318
000521.SZ,20200825,3.35,1.2874,1.8,62.0006,,0.7381,0.2114,0.2462,349940.2901,292297.0894
000521.SZ,20200824,3.39,1.4031,1.9618,62.7409,,0.7469,0.2139,0.2491,354118.6817,295787.2039
000521.SZ,20200821,3.37,1.4821,2.0721,62.3707,,0.7425,0.2127,0.2476,352029.4859,294042.1466
000521.SZ,20200820,3.39,1.8884,2.6402,62.7409,,0.7469,0.2139,0.2491,354118.6817,295787.2039
000521.SZ,20200819,3.49,3.1096,4.3476,64.5916,,0.7689,0.2202,0.2564,364564.6605,304512.4901
000521.SZ,20200818,3.51,2.9612,4.1401,64.9618,,0.7733,0.2215,0.2579,366653.8562,306257.5474
000521.SZ,20200817,3.44,2.6493,3.704,63.6662,,0.7579,0.2171,0.2528,359341.6711,300149.847
000521.SZ,20200814,3.43,1.8187,2.5428,63.4812,,0.7659,0.2165,0.2452,358297.0732,299277.3184
000521.SZ,20200813,3.39,1.7688,2.473,62.7409,,0.757,0.2139,0.2423,354118.6817,295787.2039
000521.SZ,20200812,3.37,2.3813,3.3294,62.3707,,0.7525,0.2127,0.2409,352029.4859,294042.1466
000521.SZ,20200811,3.38,3.7974,5.3093,62.5558,,0.7547,0.2133,0.2416,353074.0838,294914.6753
000521.SZ,20200810,3.55,4.6135,6.4503,65.7021,,0.7927,0.224,0.2538,370832.2478,309747.6619
000521.SZ,20200807,3.43,3.4097,4.7672,63.4812,,0.7659,0.2165,0.2452,358297.0732,299277.3184
000521.SZ,20200806,3.44,3.8775,5.4212,63.6662,,0.7681,0.2171,0.2459,359341.6711,300149.847
000521.SZ,20200805,3.5,5.5213,7.7194,64.7767,,0.7815,0.2209,0.2502,365609.2584,305385.0188
000521.SZ,20200804,3.58,8.852,12.3762,66.2573,,0.7994,0.2259,0.2559,373966.0414,312365.2478
000521.SZ,20200803,3.84,9.9154,13.8629,71.0693,,0.8575,0.2423,0.2745,401125.5863,335050.992
000521.SZ,20200731,3.89,13.0479,18.2426,71.9947,,0.8686,0.2455,0.2781,406348.5757,339413.6351
000521.SZ,20200730,3.88,14.3742,20.097,71.8096,,0.8664,0.2448,0.2774,405303.9778,338541.1065
000521.SZ,20200729,3.53,9.18,12.8347,65.3319,,0.7882,0.2228,0.2524,368743.052,308002.6046
000521.SZ,20200728,3.38,7.9206,11.0754,62.5558,,0.7547,0.2133,0.2416,353074.0838,294914.6753
000521.SZ,20200727,3.47,11.0251,15.415,64.2215,,0.7748,0.219,0.2481,362475.4647,302739.2933
000521.SZ,20200724,3.15,3.6309,5.0766,58.299,,0.7034,0.1988,0.2252,329048.3325,274820.9723
000521.SZ,20200723,3.25,2.6981,3.7725,60.1498,,0.7257,0.2051,0.2323,339494.3113,283545.4476
000521.SZ,20200722,3.2,1.5414,2.1551,59.2244,,0.7146,0.2019,0.2288,334271.3219,279183.2099
000521.SZ,20200721,3.23,2.1432,2.9966,59.7796,,0.7212,0.2038,0.2309,337405.1156,281800.5525
000521.SZ,20200720,3.18,1.39,1.9434,58.8543,,0.7101,0.2007,0.2273,332182.1262,277438.3149
000521.SZ,20200717,3.09,1.2112,1.6935,57.1886,,0.69,0.195,0.2209,322780.7452,269586.2871
000521.SZ,20200716,3.1,1.8729,2.6187,57.3736,,0.6922,0.1956,0.2216,323825.3431,270458.7346
000521.SZ,20200715,3.2,1.9654,2.748,59.2244,,0.7146,0.2019,0.2288,334271.3219,279183.2099
000521.SZ,20200714,3.27,1.798,2.5139,60.5199,,0.7302,0.2064,0.2338,341583.5071,285290.3426
000521.SZ,20200713,3.28,2.0241,2.83,60.705,,0.7324,0.207,0.2345,342628.105,286162.7902
000521.SZ,20200710,3.2,1.9423,2.7156,59.2244,,0.7146,0.2019,0.2288,334271.3219,279183.2099
000521.SZ,20200709,3.25,2.2521,3.1488,60.1498,,0.7257,0.2051,0.2323,339494.3113,283545.4476
000521.SZ,20200708,3.19,2.3513,3.2876,59.0393,,0.7123,0.2013,0.228,333226.724,278310.7624
000521.SZ,20200707,3.15,2.5947,3.6279,58.299,,0.7034,0.1988,0.2252,329048.3325,274820.9723
000521.SZ,20200706,3.16,2.3748,3.3204,58.4841,,0.7056,0.1994,0.2259,330092.9304,275693.4198
000521.SZ,20200703,3.04,1.6214,2.2671,56.2632,,0.6788,0.1918,0.2173,317557.7558,265224.0494
000521.SZ,20200702,3.0,1.5319,2.1419,55.5229,,0.6699,0.1893,0.2145,313379.3643,261734.2593
000521.SZ,20200701,2.94,0.9024,1.2618,54.4124,,0.6565,0.1855,0.2102,307111.777,256499.5741
000521.SZ,20200630,2.94,0.9658,1.3504,54.4124,,0.6565,0.1855,0.2102,307111.777,256499.5741
000521.SZ,20200629,2.91,0.9937,1.3893,53.8572,,0.6498,0.1836,0.208,303977.9834,253882.2315
000521.SZ,20200624,2.95,0.9427,1.3181,54.5975,,0.6587,0.1862,0.2109,308156.3749,257372.0216
000521.SZ,20200623,2.99,0.5376,0.7517,55.3378,,0.6677,0.1887,0.2138,312334.7664,260861.8118
000521.SZ,20200622,2.99,0.6167,0.8623,55.3378,,0.6677,0.1887,0.2138,312334.7664,260861.8118
000521.SZ,20200619,3.0,2.0524,2.8696,55.5229,,0.6699,0.1893,0.2145,313379.3643,261734.2593
000521.SZ,20200618,2.98,1.1677,1.6326,55.1527,,0.6654,0.1881,0.213,311290.1685,259989.3642
000521.SZ,20200617,3.04,1.5504,2.1677,56.2632,,0.6713,0.1918,0.2173,317557.7558,265224.0494
000521.SZ,20200616,3.0,0.7438,1.0399,55.5229,,0.6625,0.1893,0.2145,313379.3643,261734.2593
000521.SZ,20200615,2.97,0.759,1.0613,54.9677,,0.6559,0.1874,0.2123,310245.5707,259116.9167
000521.SZ,20200612,2.97,1.2758,1.7838,54.9677,,0.6559,0.1874,0.2123,310245.5707,259116.9167
000521.SZ,20200611,3.0,1.4712,2.0571,55.5229,,0.6625,0.1893,0.2145,313379.3643,261734.2593
000521.SZ,20200610,3.05,2.4824,3.4708,56.4483,,0.6735,0.1925,0.218,318602.3537,266096.497
000521.SZ,20200609,3.11,2.8412,3.9725,57.5587,,0.6868,0.1963,0.2223,324869.941,271331.1821
000521.SZ,20200608,3.02,1.2212,1.7074,55.893,,0.6669,0.1906,0.2159,315468.5601,263479.1544
000521.SZ,20200605,3.03,3.0765,4.3015,56.0781,,0.6691,0.1912,0.2166,316513.1579,264351.6019
000521.SZ,20200604,3.13,3.6843,5.1514,57.9289,,0.6912,0.1975,0.2238,326959.1368,273076.0772
000521.SZ,20200603,3.05,2.3333,3.2623,56.4483,,0.6735,0.1925,0.218,318602.3537,266096.497
000521.SZ,20200602,3.07,2.521,3.5248,56.8184,,0.678,0.1937,0.2195,320691.5495,267841.392
000521.SZ,20200601,3.03,2.4904,3.482,56.0781,,0.6691,0.1912,0.2166,316513.1579,264351.6019
000521.SZ,20200529,2.98,2.4499,3.4253,55.1527,,0.6581,0.1881,0.213,311290.1685,259989.3642
000521.SZ,20200528,2.88,0.9063,1.2671,53.302,,0.636,0.1817,0.2059,300844.1897,251264.8889
000521.SZ,20200527,2.91,1.2923,1.8069,53.8572,,0.6426,0.1836,0.208,303977.9834,253882.2315
000521.SZ,20200526,2.89,0.9784,1.3679,53.487,,0.6382,0.1824,0.2066,301888.7876,252137.3365
000521.SZ,20200525,2.84,0.7633,1.0672,52.5617,,0.6272,0.1792,0.203,296665.7982,247775.0988
000521.SZ,20200522,2.88,1.3017,1.82,53.302,,0.636,0.1817,0.2059,300844.1897,251264.8889
000521.SZ,20200521,2.98,1.843,2.5768,55.1527,,0.6581,0.1881,0.213,311290.1685,259989.3642
000521.SZ,20200520,2.95,1.3174,1.842,54.5975,,0.6515,0.1862,0.2109,308156.3749,257372.0216
000521.SZ,20200519,2.98,1.7464,2.4418,55.1527,,0.6581,0.1881,0.213,311290.1685,259989.3642
000521.SZ,20200518,2.9,1.4541,2.0332,53.6721,,0.6404,0.183,0.2073,302933.3855,253009.784
000521.SZ,20200515,2.94,2.5499,3.5652,54.4124,,0.6492,0.1855,0.2102,307111.777,256499.5741
000521.SZ,20200514,2.85,0.6115,0.855,52.7467,,0.6294,0.1799,0.2037,297710.3961,248647.5463
000521.SZ,20200513,2.87,0.6233,0.8714,53.1169,,0.6338,0.1811,0.2052,299799.5918,250392.4414
000521.SZ,20200512,2.88,0.7492,1.0475,53.302,,0.636,0.1817,0.2059,300844.1897,251264.8889
000521.SZ,20200511,2.89,1.7537,2.452,53.487,,0.6382,0.1824,0.2066,301888.7876,252137.3365
000521.SZ,20200508,2.97,2.2698,3.1736,54.9677,,0.6559,0.1874,0.2123,310245.5707,259116.9167
000521.SZ,20200507,2.88,1.7448,2.4396,53.302,,0.636,0.1817,0.2059,300844.1897,251264.8889
000521.SZ,20200506,3.0,2.0422,2.8554,55.5229,,0.6625,0.1893,0.2145,313379.3643,261734.2593
000521.SZ,20200430,2.82,0.6799,0.9507,52.1915,,0.6227,0.178,0.2016,294576.6024,246030.2037
000521.SZ,20200429,2.77,0.5943,0.8309,51.2661,,0.6117,0.1748,0.198,289353.613,241667.9661
000521.SZ,20200428,2.77,1.4796,2.0687,51.2661,,0.6117,0.1748,0.198,289353.613,241667.9661
000521.SZ,20200427,2.9,1.0599,1.482,53.6721,,0.6404,0.183,0.2073,302933.3855,253009.784
000521.SZ,20200424,2.95,1.0055,1.4059,54.5975,,0.6515,0.1862,0.2109,308156.3749,257372.0216
000521.SZ,20200423,3.02,0.8982,1.2558,55.893,,0.6669,0.1906,0.2159,315468.5601,263479.1544
000521.SZ,20200422,3.01,0.8472,1.1845,55.708,,0.6647,0.1899,0.2152,314423.9622,262606.7068
000521.SZ,20200421,3.0,1.3409,1.8748,55.5229,,0.6625,0.1893,0.2145,313379.3643,261734.2593
000521.SZ,20200420,3.06,0.8024,1.1219,56.6333,,0.6757,0.1931,0.2188,319646.9516,266968.9445
000521.SZ,20200417,3.07,1.4312,2.001,56.8184,56.8184,0.6407,0.1937,0.1937,320691.5495,267841.392
000521.SZ,20200416,3.09,2.238,3.1291,57.1886,57.1886,0.6449,0.195,0.195,322780.7452,269586.2871
000521.SZ,20200415,3.16,3.4446,4.8161,58.4841,58.4841,0.6595,0.1994,0.1994,330092.9304,275693.4198
000521.SZ,20200414,3.34,0.9817,1.3726,61.8155,61.8155,0.6971,0.2108,0.2108,348895.6923,291397.4754
000521.SZ,20200413,3.28,1.4969,2.093,60.705,60.705,0.6846,0.207,0.207,342628.105,286162.7902
000521.SZ,20200410,3.36,2.9059,4.0629,62.1856,62.1856,0.7013,0.212,0.212,350984.888,293142.3704
000521.SZ,20200409,3.38,2.0872,2.9182,62.5558,62.5558,0.7055,0.2133,0.2133,353074.0838,294887.2655
000521.SZ,20200408,3.39,2.4756,3.4613,62.7409,62.7409,0.7075,0.2139,0.2139,354118.6817,295759.713
000521.SZ,20200407,3.34,2.3734,3.3184,61.8155,61.8155,0.6971,0.2108,0.2108,348895.6923,291397.4754
000521.SZ,20200403,3.27,1.9607,2.7414,60.5199,60.5199,0.6825,0.2064,0.2064,341583.5071,285290.3426
000521.SZ,20200402,3.22,1.4134,1.9762,59.5946,59.5946,0.6721,0.2032,0.2032,336360.5177,280928.105
000521.SZ,20200401,3.17,2.3435,3.2767,58.6692,58.6692,0.6616,0.2,0.2,331137.5283,276565.8673
000521.SZ,20200331,3.24,2.7816,3.8892,59.9647,59.9647,0.6762,0.2045,0.2045,338449.7134,282673.0
000521.SZ,20200330,3.27,5.9824,8.3693,60.5199,60.5199,0.6825,0.2064,0.2064,341583.5071,285290.3426
000521.SZ,20200327,3.52,7.5341,10.5357,95.1151,68.3813,0.7313,0.2102,0.2128,367698.4541,306975.8254
000521.SZ,20200326,3.37,4.4786,6.2628,91.0619,65.4673,0.7001,0.2013,0.2037,352029.4859,293894.4692
000521.SZ,20200325,3.3,2.4058,3.3642,89.1704,64.1075,0.6856,0.1971,0.1995,344717.3007,287789.8363
000521.SZ,20200324,3.2,1.7413,2.435,86.4683,62.1648,0.6648,0.1911,0.1934,334271.3219,279068.9322
000521.SZ,20200323,3.14,1.6015,2.2395,84.847,60.9992,0.6523,0.1875,0.1898,328003.7346,273836.3897
000521.SZ,20200320,3.28,1.3462,1.8825,88.63,63.719,0.6814,0.1959,0.1983,342628.105,286045.6555
000521.SZ,20200319,3.25,1.7889,2.5016,87.8194,63.1362,0.6752,0.1941,0.1964,339494.3113,283429.3842
000521.SZ,20200318,3.19,1.9822,2.772,86.1981,61.9706,0.6627,0.1905,0.1928,333226.724,278196.8417
000521.SZ,20200317,3.26,2.5419,3.5546,88.0896,63.3304,0.6773,0.1947,0.197,340538.9092,284301.4746
000521.SZ,20200316,3.29,3.1996,4.4743,88.9002,63.9132,0.6835,0.1965,0.1989,343672.7028,286917.7459
000521.SZ,20200313,3.38,3.7121,5.191,91.3321,65.6616,0.7022,0.2019,0.2043,353074.0838,294766.5596
000521.SZ,20200312,3.5,4.9155,6.8738,94.5747,67.9928,0.7271,0.209,0.2115,365609.2584,305231.6446
000521.SZ,20200311,3.69,6.1832,8.6467,99.7087,71.6838,0.7666,0.2204,0.223,385456.6181,321801.3624
000521.SZ,20200310,3.83,10.7407,15.0199,103.4917,74.4035,0.7957,0.2287,0.2315,400080.9884,334010.6282
000521.SZ,20200309,3.97,4.1512,5.8051,107.2747,77.1232,0.8248,0.2371,0.24,414705.3588,346219.894
000521.SZ,20200306,3.61,4.4566,6.2322,97.547,70.1297,0.75,0.2156,0.2182,377099.835,314824.6391
000521.SZ,20200305,3.51,3.4499,4.8244,94.8449,68.1871,0.7292,0.2096,0.2122,366653.8562,306103.735
000521.SZ,20200304,3.46,2.367,3.31,93.4938,67.2157,0.7188,0.2066,0.2091,361430.8668,301743.2829
000521.SZ,20200303,3.39,1.9016,2.6593,91.6023,65.8559,0.7043,0.2025,0.2049,354118.6817,295638.65
000521.SZ,20200302,3.37,1.8064,2.5261,91.0619,65.4673,0.7001,0.2013,0.2037,352029.4859,293894.4692
000521.SZ,20200228,3.23,1.8727,2.6187,87.2789,62.7476,0.671,0.1929,0.1952,337405.1156,281685.2034
000521.SZ,20200227,3.43,1.6261,2.274,92.6832,66.6329,0.7126,0.2049,0.2073,358297.0732,299127.0117
000521.SZ,20200226,3.41,2.5548,3.5726,92.1428,66.2444,0.7084,0.2037,0.2061,356207.8774,297382.8308
000521.SZ,20200225,3.51,3.9789,5.5641,94.8449,68.1871,0.7292,0.2096,0.2122,366653.8562,306103.735
000521.SZ,20200224,3.4,2.7811,3.8891,91.8726,66.0501,0.7063,0.2031,0.2055,355163.2795,296510.7404
000521.SZ,20200221,3.45,4.0482,5.661,93.2236,67.0215,0.7167,0.2061,0.2085,360386.2689,300871.1925
000521.SZ,20200220,3.31,1.6561,2.316,89.4406,64.3018,0.6876,0.1977,0.2001,345761.8986,288661.9267
000521.SZ,20200219,3.25,0.9483,1.326,87.8194,63.1362,0.6752,0.1941,0.1964,339494.3113,283429.3842
000521.SZ,20200218,3.26,1.306,1.8263,88.0896,63.3304,0.6773,0.1947,0.197,340538.9092,284301.4746
000521.SZ,20200217,3.25,1.2926,1.8076,87.8194,63.1362,0.6752,0.1941,0.1964,339494.3113,283429.3842
000521.SZ,20200214,3.17,0.8548,1.1953,85.6576,61.582,0.6586,0.1893,0.1916,331137.5283,276452.6609
000521.SZ,20200213,3.18,0.9481,1.3259,85.9279,61.7763,0.6606,0.1899,0.1922,332182.1262,277324.7513
000521.SZ,20200212,3.23,1.269,1.7746,87.2789,62.7476,0.671,0.1929,0.1952,337405.1156,281685.2034
000521.SZ,20200211,3.22,1.8867,2.6384,87.0087,62.5534,0.6689,0.1923,0.1946,336360.5177,280813.113
000521.SZ,20200210,3.3,1.9921,2.7857,89.1704,64.1075,0.6856,0.1971,0.1995,344717.3007,287789.8363
000521.SZ,20200207,3.26,1.6838,2.3546,88.0896,63.3304,0.6773,0.1947,0.197,340538.9092,284301.4746
000521.SZ,20200206,3.13,0.9139,1.2779,84.5768,60.805,0.6502,0.1869,0.1892,326959.1368,272964.2993
000521.SZ,20200205,3.08,1.2131,1.6964,83.2257,59.8337,0.6399,0.184,0.1862,321736.1473,268603.8472
000521.SZ,20200204,3.02,1.2815,1.792,81.6044,58.6681,0.6274,0.1804,0.1825,315468.5601,263371.3047
000521.SZ,20200203,2.98,1.2239,1.7115,80.5236,57.891,0.6191,0.178,0.1801,311290.1685,259882.9431
000521.SZ,20200123,3.31,1.2264,1.715,89.4406,64.3018,0.6876,0.1977,0.2001,345761.8986,288661.9267
000521.SZ,20200122,3.41,0.7518,1.0514,92.1428,66.2444,0.7084,0.2037,0.2061,356207.8774,297382.8308
000521.SZ,20200121,3.43,0.9372,1.3106,92.6832,66.6329,0.7126,0.2049,0.2073,358297.0732,299127.0117
000521.SZ,20200120,3.52,1.4607,2.0426,95.1151,68.3813,0.7313,0.2102,0.2128,367698.4541,306975.8254
000521.SZ,20200117,3.47,0.5715,0.7992,93.764,67.41,0.7209,0.2072,0.2097,362475.4647,302615.3733
000521.SZ,20200116,3.47,0.5263,0.736,93.764,67.41,0.7209,0.2072,0.2097,362475.4647,302615.3733
000521.SZ,20200115,3.5,0.4955,0.6929,94.5747,67.9928,0.7271,0.209,0.2115,365609.2584,305231.6446
000521.SZ,20200114,3.54,0.954,1.334,95.6555,68.7698,0.7354,0.2114,0.214,369787.6499,308720.0062
000521.SZ,20200113,3.58,1.4285,1.9976,96.7364,69.5469,0.7437,0.2138,0.2164,373966.0414,312208.3679
000521.SZ,20200110,3.54,0.7326,1.0245,95.6555,68.7698,0.7354,0.2114,0.214,369787.6499,308720.0062
000521.SZ,20200109,3.53,0.6451,0.9021,95.3853,68.5756,0.7333,0.2108,0.2134,368743.052,307847.9158
000521.SZ,20200108,3.51,1.4191,1.9845,94.8449,68.1871,0.7292,0.2096,0.2122,366653.8562,306103.735
000521.SZ,20200107,3.54,1.1738,1.6415,95.6555,68.7698,0.7354,0.2114,0.214,369787.6499,308720.0062
000521.SZ,20200106,3.49,0.8111,1.1343,94.3045,67.7985,0.725,0.2084,0.2109,364564.6605,304359.5541
000521.SZ,20200103,3.5,0.9313,1.3024,94.5747,67.9928,0.7271,0.209,0.2115,365609.2584,305231.6446
000521.SZ,20200102,3.49,1.3397,1.8735,94.3045,67.7985,0.725,0.2084,0.2109,364564.6605,304359.5541
