ts_code,trade_date,close,turnover_rate,turnover_rate_f,pe,pe_ttm,pb,ps,ps_ttm,total_mv,circ_mv
000501.SZ,20260421,8.39,0.7666,1.345,35.7577,35.7577,0.5916,1.0612,1.0612,645184.9013,644537.2227
000501.SZ,20260420,8.46,0.6209,1.0893,36.056,36.056,0.5965,1.0701,1.0701,650567.8504,649914.768
000501.SZ,20260417,8.51,0.6944,1.2183,36.2691,36.2691,0.6001,1.0764,1.0764,654412.8141,653755.8719
000501.SZ,20260416,8.6,0.7285,1.278,36.6527,36.6527,0.6064,1.0878,1.0878,661333.7487,660669.8588
000501.SZ,20260415,8.57,0.4711,0.8265,36.5249,36.5249,0.6043,1.084,1.084,659026.7705,658365.1965
000501.SZ,20260414,8.58,0.6926,1.2152,36.5675,36.5675,0.605,1.0853,1.0853,659795.7632,659133.4172
000501.SZ,20260413,8.55,0.4595,0.8062,36.4396,36.4396,0.6029,1.0815,1.0815,657488.785,656828.7549
000501.SZ,20260410,8.55,0.7755,1.3606,36.4396,36.4396,0.6029,1.0815,1.0815,657488.785,656828.7549
000501.SZ,20260409,8.43,0.5277,0.9259,35.9282,35.9282,0.5944,1.0663,1.0663,648260.8722,647610.1057
000501.SZ,20260408,8.57,0.6926,1.2152,36.5249,36.5249,0.6043,1.084,1.084,659026.7705,658365.1965
000501.SZ,20260407,8.4,0.5464,0.9586,35.8003,35.8003,0.5923,1.0625,1.0625,645953.894,645305.4434
000501.SZ,20260403,8.3,0.5791,1.0161,35.3741,35.3741,0.5853,1.0498,1.0498,638263.9667,637623.2358
000501.SZ,20260402,8.45,0.7189,1.2612,36.0134,36.0134,0.5958,1.0688,1.0688,649798.8577,649146.5473
000501.SZ,20260401,8.6,0.6367,1.1171,36.6527,36.6527,0.6064,1.0878,1.0878,661333.7487,660669.8588
000501.SZ,20260331,8.57,0.9471,1.6616,36.5249,36.5249,0.6043,1.084,1.084,659026.7705,658365.1965
000501.SZ,20260330,8.66,1.594,2.7966,36.9084,36.9084,0.6107,1.0954,1.0954,665947.705,665279.1834
000501.SZ,20260327,8.43,0.8979,1.5754,35.9282,35.9282,0.5944,1.0663,1.0663,648260.8722,647610.1057
000501.SZ,20260326,8.46,1.0983,1.9268,30.1203,29.6129,0.5981,0.9705,1.0651,650567.8504,649921.3668
000501.SZ,20260325,8.45,0.8837,1.5503,30.0847,29.5779,0.5974,0.9693,1.0639,649798.8577,649153.1383
000501.SZ,20260324,8.35,1.326,2.3263,29.7287,29.2279,0.5903,0.9578,1.0513,642108.9304,641470.8526
000501.SZ,20260323,7.98,1.6405,2.8781,28.4113,27.9328,0.5641,0.9154,1.0047,613656.1993,613046.3957
000501.SZ,20260320,8.57,0.7828,1.3734,30.5119,29.998,0.6058,0.9831,1.079,659026.7705,658371.8811
000501.SZ,20260319,8.71,0.8736,1.5326,31.0104,30.488,0.6157,0.9991,1.0966,669792.6687,669127.081
000501.SZ,20260318,8.92,0.8456,1.4836,31.758,31.2231,0.6306,1.0232,1.1231,685941.5161,685259.8809
000501.SZ,20260317,8.91,0.9249,1.6226,31.7224,31.1881,0.6299,1.0221,1.1218,685172.5233,684491.6523
000501.SZ,20260316,9.02,0.8616,1.5116,32.1141,31.5731,0.6376,1.0347,1.1356,693631.4434,692942.1665
000501.SZ,20260313,8.99,0.9191,1.6125,32.0073,31.4681,0.6355,1.0313,1.1319,691324.4652,690637.4808
000501.SZ,20260312,9.06,0.9208,1.6155,32.2565,31.7132,0.6405,1.0393,1.1407,696707.4143,696015.0808
000501.SZ,20260311,9.1,0.7759,1.3612,32.3989,31.8532,0.6433,1.0439,1.1457,699783.3852,699087.9951
000501.SZ,20260310,9.13,0.9659,1.6945,32.5057,31.9582,0.6454,1.0473,1.1495,702090.3634,701392.6808
000501.SZ,20260309,9.02,1.1586,2.0326,32.1141,31.5731,0.6376,1.0347,1.1356,693631.4434,692942.1665
000501.SZ,20260306,9.14,0.9119,1.5999,32.5413,31.9932,0.6461,1.0485,1.1508,702859.3561,702160.9093
000501.SZ,20260305,9.1,0.9389,1.6473,32.3989,31.8532,0.6433,1.0439,1.1457,699783.3852,699087.9951
000501.SZ,20260304,8.98,1.2959,2.2735,31.9717,31.4331,0.6348,1.0301,1.1306,690555.4724,689869.2523
000501.SZ,20260303,9.16,1.6754,2.9393,32.6125,32.0632,0.6475,1.0508,1.1533,704397.3416,703697.3665
000501.SZ,20260302,9.38,1.7204,3.0183,33.3958,32.8333,0.6631,1.076,1.181,721315.1817,720598.3949
000501.SZ,20260227,9.72,0.6818,1.1962,34.6063,34.0234,0.6871,1.115,1.2238,747460.9345,746718.1662
000501.SZ,20260226,9.71,0.9926,1.7414,34.5707,33.9884,0.6864,1.1138,1.2225,746691.9418,745949.9376
000501.SZ,20260225,9.75,1.1578,2.0312,34.7131,34.1284,0.6893,1.1184,1.2276,749767.9127,749022.8519
000501.SZ,20260224,9.62,1.0187,1.7872,34.2503,33.6734,0.6801,1.1035,1.2112,739771.0072,739035.8805
000501.SZ,20260213,9.53,1.2487,2.1906,33.9298,33.3583,0.6737,1.0932,1.1999,732850.0726,732121.8234
000501.SZ,20260212,9.63,1.5893,2.7883,34.2859,33.7084,0.6808,1.1047,1.2124,740540.0,739804.1091
000501.SZ,20260211,9.79,2.0658,3.6243,34.8555,34.2684,0.6921,1.123,1.2326,752843.8836,752095.7661
000501.SZ,20260210,9.99,2.2271,3.9073,35.5676,34.9685,0.7062,1.146,1.2578,768223.7383,767460.3374
000501.SZ,20260209,10.22,1.5577,2.7329,36.3865,35.7736,0.7225,1.1723,1.2867,785910.5711,785129.5945
000501.SZ,20260206,10.14,2.2382,3.9268,36.1016,35.4935,0.7168,1.1632,1.2767,779758.6292,778983.7659
000501.SZ,20260205,10.37,1.8368,3.2224,36.9205,36.2986,0.7331,1.1896,1.3056,797445.462,796653.0229
000501.SZ,20260204,10.31,1.6256,2.852,36.7069,36.0886,0.7288,1.1827,1.2981,792831.5057,792043.6515
000501.SZ,20260203,10.27,1.461,2.5633,36.5645,35.9486,0.726,1.1781,1.293,789755.5347,788970.7373
000501.SZ,20260202,10.1,2.451,4.3,35.9592,35.3535,0.714,1.1586,1.2716,776682.6583,775910.8517
000501.SZ,20260130,10.59,2.3342,4.0952,37.7038,37.0687,0.7486,1.2148,1.3333,814363.3021,813554.0514
000501.SZ,20260129,10.6,3.9105,6.8605,37.7394,37.1037,0.7493,1.2159,1.3346,815132.2949,814322.28
000501.SZ,20260128,10.52,2.0198,3.5436,37.4546,36.8237,0.7437,1.2068,1.3245,808980.353,808176.4514
000501.SZ,20260127,10.33,1.7803,3.1234,36.7781,36.1586,0.7303,1.185,1.3006,794369.4911,793580.1087
000501.SZ,20260126,10.35,4.0389,7.0858,36.8493,36.2286,0.7317,1.1873,1.3031,795907.4766,795116.5658
000501.SZ,20260123,10.83,2.1717,3.8101,38.5583,37.9088,0.7656,1.2423,1.3635,832819.1277,831991.537
000501.SZ,20260122,10.81,2.7237,4.7786,38.487,37.8388,0.7642,1.24,1.361,831281.1422,830455.0798
000501.SZ,20260121,10.75,1.9271,3.3809,38.2734,37.6287,0.7599,1.2331,1.3535,826667.1858,825845.7085
000501.SZ,20260120,10.85,2.4418,4.2839,38.6295,37.9788,0.767,1.2446,1.366,834357.1131,833527.9941
000501.SZ,20260119,11.0,3.8949,6.8333,39.1635,38.5038,0.7776,1.2618,1.3849,845892.0041,845051.4226
000501.SZ,20260116,10.5,2.4068,4.2226,37.3833,36.7537,0.7423,1.2045,1.322,807442.3676,806639.9943
000501.SZ,20260115,10.72,2.6536,4.6555,38.1666,37.5237,0.7578,1.2297,1.3497,824360.2076,823541.0228
000501.SZ,20260114,10.72,4.7828,8.391,38.1666,37.5237,0.7578,1.2297,1.3497,824360.2076,823541.0228
000501.SZ,20260113,10.85,5.5726,9.7766,38.6295,37.9788,0.767,1.2446,1.366,834357.1131,833527.9941
000501.SZ,20260112,11.11,9.131,16.0195,39.5551,38.8889,0.7854,1.2744,1.3988,854350.9241,853501.9368
000501.SZ,20260109,11.1,8.1122,14.2322,39.5195,38.8539,0.7847,1.2733,1.3975,853581.9314,852733.7083
000501.SZ,20260108,10.3,2.4883,4.3655,36.6713,36.0536,0.7281,1.1815,1.2968,792062.5129,791275.423
000501.SZ,20260107,10.38,3.6385,6.3835,36.9561,36.3336,0.7338,1.1907,1.3069,798214.4548,797421.2515
000501.SZ,20260106,10.12,2.506,4.3965,36.0304,35.4235,0.7154,1.1609,1.2741,778220.6438,777447.3088
000501.SZ,20260105,10.0,2.7086,4.7521,35.6032,35.0035,0.7069,1.1471,1.259,768992.731,768228.566
000501.SZ,20251231,10.12,2.8545,5.0079,36.0304,35.4235,0.7154,1.1609,1.2741,778220.6438,777447.3088
000501.SZ,20251230,9.95,2.6801,4.702,35.4252,34.8285,0.7034,1.1414,1.2527,765147.7673,764387.4232
000501.SZ,20251229,10.05,2.2453,3.9392,35.7812,35.1785,0.7105,1.1528,1.2653,772837.6947,772069.7088
000501.SZ,20251226,10.28,2.532,4.4421,36.6001,35.9836,0.7267,1.1792,1.2943,790524.5275,789738.9658
000501.SZ,20251225,10.32,2.4916,4.3713,36.7425,36.1236,0.7295,1.1838,1.2993,793600.4984,792811.8801
000501.SZ,20251224,10.25,2.3928,4.198,36.4933,35.8786,0.7246,1.1758,1.2905,788217.5493,787434.2802
000501.SZ,20251223,10.37,3.5456,6.2205,36.9205,36.2986,0.7331,1.1896,1.3056,797445.462,796653.0229
000501.SZ,20251222,10.46,3.7893,6.648,37.2409,36.6136,0.7394,1.1999,1.3169,804366.3966,803567.08
000501.SZ,20251219,10.57,7.2676,12.7504,37.6326,36.9987,0.7472,1.2125,1.3308,812825.3167,812017.5943
000501.SZ,20251218,10.06,3.7996,6.666,35.8168,35.2135,0.7112,1.154,1.2666,773606.6874,772837.9374
000501.SZ,20251217,9.79,2.3995,4.2097,34.8555,34.2684,0.6921,1.123,1.2326,752843.8836,752095.7661
000501.SZ,20251216,9.84,2.6714,4.6867,35.0335,34.4434,0.6956,1.1288,1.2389,756688.8473,755936.9089
000501.SZ,20251215,9.66,1.6376,2.8731,34.3927,33.8134,0.6829,1.1081,1.2162,742846.9781,742108.7948
000501.SZ,20251212,9.5,1.459,2.5596,33.823,33.2533,0.6716,1.0898,1.1961,730543.0945,729817.1377
000501.SZ,20251211,9.65,2.0711,3.6335,34.3571,33.7784,0.6822,1.107,1.215,742077.9854,741340.5662
000501.SZ,20251210,9.92,3.0431,5.3388,35.3184,34.7235,0.7013,1.1379,1.249,762840.7892,762082.7375
000501.SZ,20251209,9.76,1.9615,3.4413,34.7487,34.1634,0.69,1.1196,1.2288,750536.9055,749791.0804
000501.SZ,20251208,9.75,1.3922,2.4425,34.7131,34.1284,0.6893,1.1184,1.2276,749767.9127,749022.8519
000501.SZ,20251205,9.72,0.9925,1.7413,34.6063,34.0234,0.6871,1.115,1.2238,747460.9345,746718.1662
000501.SZ,20251204,9.62,1.2686,2.2256,34.2503,33.6734,0.6801,1.1035,1.2112,739771.0072,739035.8805
000501.SZ,20251203,9.79,1.8706,3.2819,34.8555,34.2684,0.6921,1.123,1.2326,752843.8836,752095.7661
000501.SZ,20251202,9.96,2.8785,5.0501,35.4608,34.8635,0.7041,1.1425,1.254,765916.7601,765155.6517
000501.SZ,20251201,9.85,4.1364,7.257,35.0691,34.4784,0.6963,1.1299,1.2401,757457.84,756705.1375
000501.SZ,20251128,10.17,4.5739,8.0246,36.2084,35.5985,0.7189,1.1666,1.2804,782065.6074,781288.4516
000501.SZ,20251127,9.62,1.7051,2.9915,34.2503,33.6734,0.6801,1.1035,1.2112,739771.0072,739035.8805
000501.SZ,20251126,9.6,1.8538,3.2523,34.1791,33.6033,0.6787,1.1012,1.2087,738233.0218,737499.4234
000501.SZ,20251125,9.37,0.9839,1.7261,33.3602,32.7983,0.6624,1.0748,1.1797,720546.1889,719830.1663
000501.SZ,20251124,9.3,1.1816,2.073,33.111,32.5532,0.6574,1.0668,1.1709,715163.2398,714452.5664
000501.SZ,20251121,9.33,2.0479,3.5929,33.2178,32.6582,0.6596,1.0703,1.1747,717470.218,716757.2521
000501.SZ,20251120,9.74,1.456,2.5544,34.6775,34.0934,0.6885,1.1173,1.2263,748998.92,748254.6233
000501.SZ,20251119,9.87,1.0798,1.8943,35.1403,34.5484,0.6977,1.1322,1.2427,758995.8255,758241.5946
000501.SZ,20251118,9.93,2.1786,3.8221,35.354,34.7585,0.702,1.1391,1.2502,763609.7819,762850.966
000501.SZ,20251117,10.18,1.4364,2.52,36.244,35.6335,0.7197,1.1678,1.2817,782834.6002,782056.6802
000501.SZ,20251114,10.16,2.1182,3.7162,36.1728,35.5635,0.7182,1.1655,1.2792,781296.6147,780520.2231
000501.SZ,20251113,10.17,1.9275,3.3816,36.2084,35.5985,0.7189,1.1666,1.2804,782065.6074,781288.4516
000501.SZ,20251112,10.15,2.0279,3.5578,36.1372,35.5285,0.7175,1.1643,1.2779,780527.622,779751.9945
000501.SZ,20251111,10.2,2.481,4.3527,36.3153,35.7036,0.7211,1.1701,1.2842,784372.5856,783593.1373
000501.SZ,20251110,10.24,3.5733,6.269,36.4577,35.8436,0.7239,1.1746,1.2892,787448.5565,786666.0516
000501.SZ,20251107,10.01,1.7482,3.067,35.6388,35.0385,0.7076,1.1483,1.2603,769761.7237,768996.7946
000501.SZ,20251106,9.94,1.3516,2.3712,35.3896,34.7935,0.7027,1.1402,1.2515,764378.7746,763619.1946
000501.SZ,20251105,10.0,2.565,4.5,35.6032,35.0035,0.7069,1.1471,1.259,768992.731,768228.566
000501.SZ,20251104,9.8,1.6264,2.8534,34.8911,34.3034,0.6928,1.1242,1.2338,753612.8764,752863.9947
000501.SZ,20251103,9.87,1.6326,2.8643,35.1403,34.5484,0.6977,1.1322,1.2427,758995.8255,758241.5946
000501.SZ,20251031,9.99,2.4247,4.254,35.5676,34.9685,0.7062,1.146,1.2578,768223.7383,767460.3374
000501.SZ,20251030,9.76,1.6185,2.8395,34.7487,32.9821,0.686,1.1196,1.2023,750536.9055,749791.0804
000501.SZ,20251029,9.88,1.3255,2.3254,35.1759,33.3876,0.6944,1.1333,1.2171,759764.8182,759009.8232
000501.SZ,20251028,9.9,1.7679,3.1016,35.2472,33.4552,0.6958,1.1356,1.2195,761302.8037,760546.2803
000501.SZ,20251027,9.93,2.3917,4.1959,35.354,33.5566,0.6979,1.1391,1.2232,763609.7819,762850.966
000501.SZ,20251024,10.02,1.7311,3.0371,35.6744,33.8607,0.7043,1.1494,1.2343,770530.7165,769765.0231
000501.SZ,20251023,10.16,2.7161,4.7651,36.1728,34.3338,0.7141,1.1655,1.2516,781296.6147,780520.2231
000501.SZ,20251022,10.22,3.5365,6.2045,36.3865,34.5366,0.7183,1.1723,1.259,785910.5711,785129.5945
000501.SZ,20251021,10.51,5.2141,9.1477,37.4189,35.5166,0.7337,1.2056,1.2947,808211.3603,807408.2229
000501.SZ,20251020,10.02,2.1117,3.7047,35.6744,33.8607,0.6995,1.1494,1.2343,770530.7165,769765.0231
000501.SZ,20251017,9.85,2.3446,4.1134,35.0691,33.2862,0.6876,1.1299,1.2134,757457.84,756705.1375
000501.SZ,20251016,9.9,1.7391,3.0511,35.2472,33.4552,0.6911,1.1356,1.2195,761302.8037,760546.2803
000501.SZ,20251015,9.99,2.5111,4.4055,35.5676,33.7593,0.6974,1.146,1.2306,768223.7383,767460.3374
000501.SZ,20251014,9.91,2.5619,4.4946,35.2828,33.489,0.6918,1.1368,1.2208,762071.7964,761314.5089
000501.SZ,20251013,9.73,2.0095,3.5255,34.6419,32.8807,0.6792,1.1161,1.1986,748229.9273,747486.3947
000501.SZ,20251010,9.65,1.593,2.7948,34.3571,32.6104,0.6736,1.107,1.1887,742077.9854,741340.5662
000501.SZ,20251009,9.61,2.0578,3.6102,34.2147,32.4752,0.6709,1.1024,1.1838,739002.0145,738267.6519
000501.SZ,20250930,9.72,1.5651,2.7458,34.6063,32.8469,0.6785,1.115,1.1974,747460.9345,746718.1662
000501.SZ,20250929,9.84,1.8067,3.1697,35.0335,33.2524,0.6869,1.1288,1.2121,756688.8473,755936.9089
000501.SZ,20250926,9.74,1.9235,3.3746,34.6775,32.9145,0.6799,1.1173,1.1998,748998.92,748254.6233
000501.SZ,20250925,9.85,2.2389,3.9279,35.0691,33.2862,0.6876,1.1299,1.2134,757457.84,756705.1375
000501.SZ,20250924,9.99,1.8978,3.3296,35.5676,33.7593,0.6974,1.146,1.2306,768223.7383,767460.3374
000501.SZ,20250923,9.98,2.994,5.2526,35.532,33.7255,0.6967,1.1448,1.2294,767454.7455,766692.1089
000501.SZ,20250922,10.3,1.8948,3.3243,36.6713,34.8069,0.719,1.1815,1.2688,792062.5129,791275.423
000501.SZ,20250919,10.43,3.7242,6.5337,37.1341,35.2462,0.7281,1.1964,1.2848,802059.4184,801262.3943
000501.SZ,20250918,10.56,3.2643,5.727,37.597,35.6855,0.7372,1.2113,1.3008,812056.3239,811249.3657
000501.SZ,20250917,10.9,2.5087,4.4014,38.8075,36.8345,0.7609,1.2504,1.3427,838202.0768,837369.1369
000501.SZ,20250916,11.1,2.5017,4.389,39.5195,37.5104,0.7749,1.2733,1.3674,853581.9314,852733.7083
000501.SZ,20250915,11.09,3.7553,6.5884,39.4839,37.4766,0.7742,1.2721,1.3661,852812.9387,851965.4797
000501.SZ,20250912,11.04,6.7069,11.7667,39.3059,37.3076,0.7707,1.2664,1.36,848967.975,848124.3369
000501.SZ,20250911,10.58,2.1967,3.8538,37.6682,35.7531,0.7386,1.2136,1.3033,813594.3094,812785.8228
000501.SZ,20250910,10.51,2.0998,3.6839,37.4189,35.5166,0.7337,1.2056,1.2947,808211.3603,807408.2229
000501.SZ,20250909,10.42,2.9431,5.1634,37.0985,35.2124,0.7274,1.1953,1.2836,801290.4257,800494.1658
000501.SZ,20250908,10.6,4.0495,7.1045,37.7394,35.8207,0.74,1.2159,1.3058,815132.2949,814322.28
000501.SZ,20250905,11.01,4.2624,7.4781,39.1991,37.2062,0.7686,1.263,1.3563,846660.9968,845819.6512
000501.SZ,20250904,10.96,4.2313,7.4234,39.0211,37.0373,0.7651,1.2572,1.3501,842816.0332,841978.5083
000501.SZ,20250903,10.72,2.9426,5.1625,38.1666,36.2262,0.7483,1.2297,1.3205,824360.2076,823541.0228
000501.SZ,20250902,10.99,4.2267,7.4154,39.1279,37.1386,0.7672,1.2607,1.3538,845123.0114,844283.194
000501.SZ,20250901,11.1,3.9381,6.909,39.5195,37.5104,0.7749,1.2733,1.3674,853581.9314,852733.7083
000501.SZ,20250829,10.74,3.453,6.058,38.2378,36.2938,0.7497,1.232,1.323,825898.1931,825077.4799
000501.SZ,20250828,10.9,4.2412,7.4408,38.8075,36.8345,0.7609,1.2504,1.3427,838202.0768,837369.1369
000501.SZ,20250827,11.15,4.5775,8.0308,39.6976,37.6793,0.7784,1.279,1.3735,857426.8951,856574.8511
000501.SZ,20250826,11.52,5.2799,9.2626,41.0149,40.2778,0.8074,1.3215,1.3556,885879.6261,885074.5624
000501.SZ,20250825,11.38,4.7757,8.3779,40.5164,39.7883,0.7976,1.3054,1.3391,875113.7279,874318.448
000501.SZ,20250822,11.27,4.585,8.0435,40.1248,39.4037,0.7899,1.2928,1.3261,866654.8078,865867.2152
000501.SZ,20250821,11.37,7.8604,13.7895,40.4808,39.7534,0.7969,1.3043,1.3379,874344.7351,873550.1541
000501.SZ,20250820,12.01,8.5132,14.9347,42.7594,41.991,0.8417,1.3777,1.4132,923560.2699,922720.9631
000501.SZ,20250819,12.56,12.4269,21.8005,44.7176,43.914,0.8803,1.4408,1.4779,965854.8701,964977.1271
000501.SZ,20250818,12.08,14.4158,25.2896,43.0086,42.2358,0.8466,1.3857,1.4215,928943.219,928099.0203
000501.SZ,20250815,12.1,13.829,24.2603,43.0799,42.3057,0.848,1.388,1.4238,930481.2045,929635.6081
000501.SZ,20250814,11.0,9.602,16.8448,39.1635,38.4597,0.7709,1.2618,1.2944,845892.0041,845123.2801
000501.SZ,20250813,11.77,15.2461,26.7462,41.905,41.1519,0.8249,1.3501,1.385,905104.4444,904281.9097
000501.SZ,20250812,10.98,9.6177,16.8722,39.0923,38.3898,0.7695,1.2595,1.292,844354.0186,843586.6923
000501.SZ,20250811,11.32,17.1245,30.0414,40.3028,39.5786,0.7934,1.2985,1.332,870499.7715,869708.6846
000501.SZ,20250808,11.68,4.1069,7.2048,41.5845,40.8372,0.8186,1.3398,1.3744,898183.5098,897367.2647
000501.SZ,20250807,10.62,11.2031,19.6536,37.8106,37.1311,0.7443,1.2182,1.2497,816670.2803,815928.1122
000501.SZ,20250806,9.9,2.6261,4.607,35.2472,34.6138,0.6938,1.1356,1.1649,761302.8037,760610.9521
000501.SZ,20250805,9.99,5.3723,9.4246,35.5676,34.9284,0.7002,1.146,1.1755,768223.7383,767525.5971
000501.SZ,20250804,9.43,2.7097,4.7536,33.5738,32.9705,0.6609,1.0817,1.1096,725160.1453,724501.1392
000501.SZ,20250801,9.29,1.7219,3.0208,33.0754,32.481,0.6511,1.0657,1.0932,714394.2471,713745.0247
000501.SZ,20250731,9.39,2.976,5.2207,33.4314,32.8306,0.6581,1.0771,1.1049,722084.1744,721427.9636
000501.SZ,20250730,9.71,5.1685,9.067,34.5707,33.9495,0.6805,1.1138,1.1426,746691.9418,746013.3682
000501.SZ,20250729,9.56,8.0552,14.1312,34.0366,33.425,0.67,1.0966,1.1249,735157.0508,734488.9598
000501.SZ,20250728,10.26,3.4576,6.0656,36.5289,35.8724,0.7191,1.1769,1.2073,788986.542,788269.5322
000501.SZ,20250725,9.99,2.9802,5.2281,35.5676,34.9284,0.7002,1.146,1.1755,768223.7383,767525.5971
000501.SZ,20250724,9.93,4.3611,7.6507,35.354,34.7186,0.696,1.1391,1.1685,763609.7819,762915.8338
000501.SZ,20250723,9.57,3.7219,6.5294,34.0722,33.46,0.6707,1.0978,1.1261,735926.0436,735257.2537
000501.SZ,20250722,9.53,3.6051,6.3244,33.9298,33.3201,0.6679,1.0932,1.1214,732850.0726,732184.0781
000501.SZ,20250721,9.45,4.7278,8.294,33.645,33.0404,0.6623,1.084,1.112,726698.1308,726037.727
000501.SZ,20250718,8.98,1.246,2.1859,31.9717,31.3971,0.6294,1.0301,1.0567,690555.4724,689927.9141
000501.SZ,20250717,8.94,1.807,3.1699,31.8292,31.2573,0.6266,1.0255,1.052,687479.5015,686854.7386
000501.SZ,20250716,8.95,2.1899,3.8418,31.8649,31.2922,0.6273,1.0267,1.0532,688248.4942,687623.0324
000501.SZ,20250715,8.75,1.2225,2.1446,31.1528,30.593,0.6133,1.0037,1.0296,672868.6396,672257.1546
000501.SZ,20250714,8.89,0.9498,1.6663,31.6512,31.0825,0.6231,1.0198,1.0461,683634.5379,683013.2691
000501.SZ,20250711,8.89,1.3161,2.3089,31.6512,31.0825,0.6231,1.0198,1.0461,683634.5379,683013.2691
000501.SZ,20250710,8.88,1.2712,2.2301,31.6156,31.0475,0.6224,1.0186,1.0449,682865.5451,682244.9752
000501.SZ,20250709,8.79,1.3348,2.3416,31.2952,30.7328,0.6161,1.0083,1.0343,675944.6105,675330.3302
000501.SZ,20250708,8.75,0.8651,1.5177,31.1528,30.593,0.6133,1.0037,1.0296,672868.6396,672257.1546
000501.SZ,20250707,8.72,0.9741,1.7088,31.046,30.4881,0.6111,1.0003,1.0261,670561.6614,669952.273
000501.SZ,20250704,8.67,0.778,1.3648,30.868,30.3133,0.6076,0.9945,1.0202,666716.6978,666110.8035
000501.SZ,20250703,8.67,0.817,1.4333,30.868,30.3133,0.6076,0.9945,1.0202,666716.6978,666110.8035
000501.SZ,20250702,8.68,0.911,1.5982,30.9036,30.3482,0.6083,0.9957,1.0214,667485.6905,666879.0974
000501.SZ,20250701,8.66,0.747,1.3105,30.8324,30.2783,0.6069,0.9934,1.019,665947.705,665342.5096
000501.SZ,20250630,8.66,0.8559,1.5015,30.8324,30.2783,0.6069,0.9934,1.019,665947.705,665342.5096
000501.SZ,20250627,8.64,0.9389,1.6471,30.7612,30.2084,0.6055,0.9911,1.0167,664409.7196,663805.9218
000501.SZ,20250626,8.65,1.0952,1.9213,30.7968,30.2433,0.6062,0.9923,1.0179,665178.7123,664574.2157
000501.SZ,20250625,8.62,1.4223,2.4951,30.6899,30.1384,0.6041,0.9888,1.0143,662871.7341,662269.334
000501.SZ,20250624,8.54,1.0086,1.7694,30.4051,29.8587,0.5985,0.9796,1.0049,656719.7923,656122.9829
000501.SZ,20250623,8.4,0.7183,1.2601,29.9067,29.3693,0.5887,0.9636,0.9884,645953.894,645366.8684
000501.SZ,20250620,8.36,0.6111,1.0721,29.7643,29.2294,0.5859,0.959,0.9837,642877.9231,642293.6929
000501.SZ,20250619,8.37,0.9497,1.6661,29.7999,29.2644,0.5866,0.9601,0.9849,643646.9158,643061.9868
000501.SZ,20250618,8.48,0.7812,1.3704,30.1915,29.649,0.5943,0.9727,0.9978,652105.8359,651513.2196
000501.SZ,20250617,8.55,0.9484,1.6638,30.4407,29.8937,0.5992,0.9808,1.0061,657488.785,656891.2768
000501.SZ,20250616,8.54,0.7517,1.3187,30.4051,29.8587,0.5985,0.9796,1.0049,656719.7923,656122.9829
000501.SZ,20250613,8.53,1.8308,3.2118,30.3695,29.8238,0.5978,0.9785,1.0037,655950.7995,655354.689
000501.SZ,20250612,8.78,1.2686,2.2255,31.2596,30.6979,0.6154,1.0072,1.0331,675175.6178,674562.0363
000501.SZ,20250611,8.87,1.3151,2.307,31.58,31.0125,0.6217,1.0175,1.0437,682096.5524,681476.6813
000501.SZ,20250610,8.97,1.7912,3.1423,31.9361,31.3622,0.6202,1.029,1.0555,689786.4797,689159.6202
000501.SZ,20250609,9.09,0.8194,1.4375,32.3633,31.7817,0.6285,1.0427,1.0696,699014.3925,698379.1469
000501.SZ,20250606,9.08,0.8442,1.481,32.3277,31.7468,0.6278,1.0416,1.0685,698245.3997,697610.853
000501.SZ,20250605,9.12,1.1947,2.0959,32.4701,31.8866,0.6306,1.0462,1.0732,701321.3707,700684.0286
000501.SZ,20250604,9.19,1.5223,2.6706,32.7193,32.1314,0.6354,1.0542,1.0814,706704.3198,706062.0858
000501.SZ,20250603,9.07,1.3329,2.3383,32.2921,31.7118,0.6271,1.0404,1.0673,697476.407,696842.5591
000501.SZ,20250530,9.07,1.7021,2.9859,32.2921,31.7118,0.6271,1.0404,1.0673,697476.407,696842.5591
000501.SZ,20250529,9.1,1.2614,2.2129,32.3989,31.8167,0.6292,1.0439,1.0708,699783.3852,699147.4408
000501.SZ,20250528,9.08,1.1766,2.064,32.3277,31.7468,0.6278,1.0416,1.0685,698245.3997,697610.853
000501.SZ,20250527,9.1,0.9348,1.64,32.3989,31.8167,0.6292,1.0439,1.0708,699783.3852,699147.4408
000501.SZ,20250526,9.05,0.926,1.6245,32.2209,31.6419,0.6257,1.0381,1.0649,695938.4216,695305.9714
000501.SZ,20250523,9.01,1.7582,3.0845,32.0785,31.502,0.623,1.0335,1.0602,692862.4506,692232.7958
000501.SZ,20250522,9.17,1.5703,2.7548,32.6481,32.0614,0.634,1.0519,1.079,705166.3343,704525.498
000501.SZ,20250521,9.36,1.9579,3.4348,33.3246,32.7257,0.6472,1.0737,1.1014,719777.1962,719123.082
000501.SZ,20250520,9.35,2.0753,3.6406,33.289,32.6908,0.6465,1.0725,1.1002,719008.2035,718354.7881
000501.SZ,20250519,9.35,1.7513,3.0722,33.289,32.6908,0.6465,1.0725,1.1002,719008.2035,718354.7881
000501.SZ,20250516,9.32,2.5726,4.5131,33.1822,32.5859,0.6444,1.0691,1.0967,716701.2253,716049.9064
000501.SZ,20250515,9.15,1.5108,2.6503,32.5769,31.9915,0.6326,1.0496,1.0767,703628.3489,702988.9103
000501.SZ,20250514,9.24,1.6397,2.8765,32.8973,32.3062,0.6389,1.0599,1.0873,710549.2834,709903.5553
000501.SZ,20250513,9.19,1.3286,2.3307,32.7193,32.1314,0.6354,1.0542,1.0814,706704.3198,706062.0858
000501.SZ,20250512,9.21,1.8909,3.3173,32.7905,32.2013,0.6368,1.0565,1.0837,708242.3053,707598.6736
000501.SZ,20250509,9.25,1.9422,3.4072,32.9329,32.3411,0.6396,1.0611,1.0885,711318.2762,710671.8492
000501.SZ,20250508,9.48,2.982,5.2313,33.7518,33.1453,0.6555,1.0875,1.1155,729005.109,728342.6087
000501.SZ,20250507,9.39,2.5463,4.4669,33.4314,32.8306,0.6492,1.0771,1.1049,722084.1744,721427.9636
000501.SZ,20250506,9.37,2.5441,4.4631,33.3602,32.7607,0.6478,1.0748,1.1026,720546.1889,719891.3759
000501.SZ,20250430,9.31,2.6789,4.2884,33.1466,32.5509,0.6437,1.068,1.0955,715932.2326,715281.6125
000501.SZ,20250429,9.22,2.028,3.2465,32.8261,32.8261,0.6459,1.0576,1.0576,709011.298,708366.9675
000501.SZ,20250428,9.19,2.5915,4.1485,32.7193,32.7193,0.6438,1.0542,1.0542,706704.3198,706062.0858
000501.SZ,20250425,9.41,2.3956,3.8348,33.5026,33.5026,0.6592,1.0794,1.0794,723622.1599,722964.5514
000501.SZ,20250424,9.45,3.4464,5.5171,33.645,33.645,0.662,1.084,1.084,726698.1308,726037.727
000501.SZ,20250423,9.54,5.5382,8.8656,33.9654,33.9654,0.6683,1.0943,1.0943,733619.0654,732952.372
000501.SZ,20250422,9.97,3.8924,6.231,35.4964,35.4964,0.6985,1.1437,1.1437,766685.7528,765989.0093
000501.SZ,20250421,10.13,4.571,7.3173,36.066,36.066,0.7097,1.162,1.162,778989.6365,778281.7116
000501.SZ,20250418,10.1,6.9052,11.0539,35.9592,35.9592,0.7076,1.1586,1.1586,776682.6583,775976.8299
000501.SZ,20250417,10.15,7.6823,12.2979,36.1372,36.1372,0.7111,1.1643,1.1643,780527.622,779818.2994
000501.SZ,20250416,10.02,7.5876,12.1463,35.6744,35.6744,0.702,1.1494,1.1494,770530.7165,769830.4788
000501.SZ,20250415,9.69,7.9747,12.766,34.4995,34.4995,0.6788,1.1115,1.1115,745153.9563,744476.7804
000501.SZ,20250414,10.23,8.6323,13.8187,36.4221,36.4221,0.7167,1.1735,1.1735,786679.5638,785964.6505
000501.SZ,20250411,10.23,9.0319,14.4584,36.4221,36.4221,0.7167,1.1735,1.1735,786679.5638,785964.6505
000501.SZ,20250410,10.76,12.7545,20.4175,38.309,38.309,0.7538,1.2343,1.2343,827436.1786,826684.2267
000501.SZ,20250409,10.25,13.0032,20.8156,36.4933,36.4933,0.7181,1.1758,1.1758,788217.5493,787501.2383
000501.SZ,20250408,10.09,9.4564,15.1378,35.9236,35.9236,0.7069,1.1574,1.1574,775913.6656,775208.536
000501.SZ,20250407,9.17,8.0783,12.9318,32.6481,32.6481,0.6424,1.0519,1.0519,705166.3343,704525.498
000501.SZ,20250403,9.35,4.5603,7.3002,33.289,33.289,0.655,1.0725,1.0725,719008.2035,718354.7881
000501.SZ,20250402,9.1,3.2915,5.2691,32.3989,32.3989,0.6375,1.0439,1.0439,699783.3852,699147.4408
000501.SZ,20250401,9.2,4.9583,7.9372,32.7549,32.7549,0.6445,1.0553,1.0553,707473.3125,706830.3797
000501.SZ,20250331,9.28,5.8957,9.4379,33.0398,33.0398,0.6501,1.0645,1.0645,713625.2544,712976.7308
000501.SZ,20250328,8.72,4.4733,7.161,32.0724,31.2327,0.6112,0.9343,0.9777,670561.6614,669952.273
000501.SZ,20250327,9.24,6.5466,10.4799,33.9849,33.0952,0.6477,0.99,1.036,710549.2834,709903.5553
000501.SZ,20250326,9.02,7.0741,11.3243,33.1758,32.3072,0.6322,0.9664,1.0113,693631.4434,693001.0897
000501.SZ,20250325,8.45,1.0728,1.7173,31.0793,30.2657,0.5923,0.9053,0.9474,649798.8577,649208.3379
000501.SZ,20250324,8.45,1.5143,2.4241,31.0793,30.2657,0.5923,0.9053,0.9474,649798.8577,649208.3379
000501.SZ,20250321,8.46,1.5383,2.4625,31.1161,30.3015,0.593,0.9064,0.9485,650567.8504,649976.6318
000501.SZ,20250320,8.62,1.5795,2.5285,31.7046,30.8746,0.6042,0.9235,0.9665,662871.7341,662269.334
000501.SZ,20250319,8.62,1.1459,1.8344,31.7046,30.8746,0.6042,0.9235,0.9665,662871.7341,662269.334
000501.SZ,20250318,8.71,1.7476,2.7975,32.0356,31.1969,0.6105,0.9332,0.9766,669792.6687,669183.9791
000501.SZ,20250317,8.79,2.3466,3.7564,32.3298,31.4834,0.6161,0.9418,0.9855,675944.6105,675330.3302
000501.SZ,20250314,8.85,3.5308,5.6521,32.5505,31.6984,0.6203,0.9482,0.9923,680558.5669,679940.0935
000501.SZ,20250313,8.54,1.4565,2.3316,31.4103,30.588,0.5986,0.915,0.9575,656719.7923,656122.9829
000501.SZ,20250312,8.53,1.5665,2.5077,31.3736,30.5522,0.5979,0.9139,0.9564,655950.7995,655354.689
000501.SZ,20250311,8.53,1.2768,2.044,31.3736,30.5522,0.5979,0.9139,0.9564,655950.7995,655354.689
000501.SZ,20250310,8.48,1.1165,1.7873,31.1897,30.3731,0.5944,0.9085,0.9508,652105.8359,651513.2196
000501.SZ,20250307,8.46,1.4552,2.3295,31.1161,30.3015,0.593,0.9064,0.9485,650567.8504,649976.6318
000501.SZ,20250306,8.59,2.2454,3.5945,31.5942,30.7671,0.6021,0.9203,0.9631,660564.7559,659964.4524
000501.SZ,20250305,8.48,1.9339,3.0957,31.1897,30.3731,0.5944,0.9085,0.9508,652105.8359,651513.2196
000501.SZ,20250304,8.48,1.7494,2.8004,31.1897,30.3731,0.5944,0.9085,0.9508,652105.8359,651513.2196
000501.SZ,20250303,8.57,2.4158,3.8672,31.5207,30.6955,0.6007,0.9182,0.9609,659026.7705,658427.8646
000501.SZ,20250228,8.62,3.7828,6.0555,31.7046,30.8746,0.6042,0.9235,0.9665,662871.7341,662269.334
000501.SZ,20250227,8.83,4.7916,7.6704,32.477,31.6267,0.6189,0.946,0.99,679020.5815,678403.5058
000501.SZ,20250226,8.42,1.4518,2.324,30.969,30.1582,0.5902,0.9021,0.9441,647491.8795,646903.4562
000501.SZ,20250225,8.3,1.5907,2.7905,30.5276,29.7284,0.5818,0.8893,0.9306,638263.9667,637683.9295
000501.SZ,20250224,8.41,1.4981,2.628,30.9322,30.1224,0.5895,0.901,0.9429,646722.8868,646135.1623
000501.SZ,20250221,8.41,1.6569,2.9067,30.9322,30.1224,0.5895,0.901,0.9429,646722.8868,646135.1623
000501.SZ,20250220,8.47,1.7007,2.9835,31.1529,30.3373,0.5937,0.9075,0.9497,651336.8432,650744.9257
000501.SZ,20250219,8.38,1.5608,2.7382,30.8218,30.0149,0.5874,0.8978,0.9396,644415.9086,643830.2807
000501.SZ,20250218,8.29,2.8439,4.989,30.4908,29.6926,0.5811,0.8882,0.9295,637494.974,636915.6356
000501.SZ,20250217,8.74,3.3339,5.8487,32.1459,31.3044,0.6126,0.9364,0.9799,672099.6469,671488.8607
000501.SZ,20250214,8.59,2.1252,3.7282,31.5942,30.7671,0.6021,0.9203,0.9631,660564.7559,659964.4524
000501.SZ,20250213,8.75,2.7145,4.762,32.1827,31.3402,0.6133,0.9375,0.9811,672868.6396,672257.1546
000501.SZ,20250212,8.65,1.704,2.9892,31.8149,30.982,0.6063,0.9268,0.9698,665178.7123,664574.2157
000501.SZ,20250211,8.57,1.6957,2.9748,31.5207,30.6955,0.6007,0.9182,0.9609,659026.7705,658427.8646
000501.SZ,20250210,8.6,2.7946,4.9026,31.631,30.8029,0.6028,0.9214,0.9642,661333.7487,660732.7463
000501.SZ,20250207,8.31,2.2683,3.9793,30.5644,29.7642,0.5825,0.8903,0.9317,639032.9595,638452.2234
000501.SZ,20250206,8.24,2.0545,3.6042,30.3069,29.5135,0.5776,0.8828,0.9239,633650.0103,633074.1662
000501.SZ,20250205,8.12,2.3848,4.1836,29.8656,29.0837,0.5692,0.87,0.9104,624422.0976,623854.6395
000501.SZ,20250127,8.38,1.7084,2.997,30.8218,30.0149,0.5874,0.8978,0.9396,644415.9086,643830.2807
000501.SZ,20250124,8.46,2.2597,3.9642,31.1161,30.3015,0.593,0.9064,0.9485,650567.8504,649976.6318
000501.SZ,20250123,8.4,2.7354,4.7988,30.8954,30.0866,0.5888,0.9,0.9418,645953.894,645366.8684
000501.SZ,20250122,8.56,2.4667,4.3273,31.4839,30.6597,0.6,0.9171,0.9597,658257.7777,657659.5707
000501.SZ,20250121,8.72,2.6233,4.6021,32.0724,31.2327,0.6112,0.9343,0.9777,670561.6614,669952.273
000501.SZ,20250120,8.61,2.6704,4.6846,31.6678,30.8387,0.6035,0.9225,0.9654,662102.7414,661501.0402
000501.SZ,20250117,8.6,3.1032,5.4439,31.631,30.8029,0.6028,0.9214,0.9642,661333.7487,660732.7463
000501.SZ,20250116,8.96,4.3068,7.5555,32.9551,32.0923,0.628,0.96,1.0046,689017.487,688391.3263
000501.SZ,20250115,8.68,2.3884,4.19,31.9253,31.0895,0.6084,0.93,0.9732,667485.6905,666879.0974
000501.SZ,20250114,8.67,3.2549,5.7101,31.8885,31.0536,0.6077,0.9289,0.9721,666716.6978,666110.8035
000501.SZ,20250113,8.26,2.8483,4.9967,30.3805,29.5851,0.579,0.885,0.9261,635187.9958,634610.754
000501.SZ,20250110,8.17,3.5098,6.1573,30.0495,29.2628,0.5727,0.8753,0.916,628267.0612,627696.1089
000501.SZ,20250109,8.68,3.1064,5.4495,31.9253,31.0895,0.6084,0.93,0.9732,667485.6905,666879.0974
000501.SZ,20250108,8.91,4.2381,7.435,32.7712,31.9133,0.6245,0.9546,0.999,685172.5233,684549.8569
000501.SZ,20250107,8.93,4.999,8.7697,32.8448,31.9849,0.6259,0.9568,1.0012,686710.5088,686086.4447
000501.SZ,20250106,8.92,5.0558,8.8693,32.808,31.9491,0.6252,0.9557,1.0001,685941.5161,685318.1508
000501.SZ,20250103,9.91,5.4118,9.4939,36.4492,35.495,0.6946,1.0618,1.1111,762071.7964,761379.246
000501.SZ,20250102,11.01,11.1787,19.6108,40.4951,39.4349,0.7717,1.1796,1.2344,846660.9968,845891.574
000501.SZ,20241231,10.46,9.2896,16.2967,38.4721,37.4649,0.7332,1.1207,1.1728,804366.3966,803635.41
000501.SZ,20241230,11.1,10.0629,17.6533,40.8261,39.7573,0.778,1.1892,1.2445,853581.9314,852806.219
000501.SZ,20241227,11.09,7.2066,12.6426,40.7893,39.7214,0.7773,1.1882,1.2434,852812.9387,852037.9251
000501.SZ,20241226,10.08,4.8483,8.5053,37.0745,36.1039,0.7065,1.08,1.1302,775144.6728,774440.2421
000501.SZ,20241225,9.92,5.3449,9.3765,36.486,35.5308,0.6953,1.0628,1.1122,762840.7892,762147.5399
000501.SZ,20241224,9.8,4.7472,8.328,36.0446,35.101,0.6869,1.05,1.0988,753612.8764,752928.0132
000501.SZ,20241223,9.38,4.568,8.0136,34.4999,33.5967,0.6575,1.005,1.0517,721315.1817,720659.6698
000501.SZ,20241220,9.68,4.7466,8.3269,35.6033,34.6712,0.6785,1.0371,1.0853,744384.9636,743708.4865
000501.SZ,20241219,9.68,5.9275,10.3986,35.6033,34.6712,0.6785,1.0371,1.0853,744384.9636,743708.4865
000501.SZ,20241218,10.36,9.2291,16.1905,38.1043,37.1068,0.7262,1.11,1.1616,796676.4693,795952.4711
000501.SZ,20241217,10.63,11.474,20.1288,39.0974,38.0738,0.7451,1.1389,1.1918,817439.2731,816696.4061
000501.SZ,20241216,11.81,11.9638,20.9881,43.4375,42.3003,0.8278,1.2653,1.3241,908180.4153,907355.0853
000501.SZ,20241213,10.74,11.1574,19.5734,39.502,38.4678,0.7528,1.1507,1.2042,825898.1931,825147.6389
000501.SZ,20241212,10.48,7.6367,13.397,38.5457,37.5366,0.7346,1.1228,1.175,805904.3821,805171.9978
000501.SZ,20241211,9.53,3.357,5.8892,35.0516,34.1339,0.668,1.021,1.0685,732850.0726,732184.0781
000501.SZ,20241210,9.08,2.2298,3.9117,33.3965,32.5222,0.6364,0.9728,1.0181,698245.3997,697610.853
000501.SZ,20241209,8.97,1.3655,2.3956,32.9919,32.1282,0.6287,0.961,1.0057,689786.4797,689159.6202
000501.SZ,20241206,9.15,1.5145,2.657,33.6539,32.7729,0.6414,0.9803,1.0259,703628.3489,702988.9103
000501.SZ,20241205,9.03,2.0541,3.6035,33.2126,32.3431,0.6329,0.9675,1.0124,694400.4361,693769.3836
000501.SZ,20241204,9.22,3.7504,6.5793,33.9114,33.0236,0.6463,0.9878,1.0337,709011.298,708366.9675
000501.SZ,20241203,9.17,3.4535,6.0585,33.7275,32.8445,0.6428,0.9825,1.0281,705166.3343,704525.498
000501.SZ,20241202,9.05,3.0387,5.3307,33.2861,32.4147,0.6343,0.9696,1.0147,695938.4216,695305.9714
000501.SZ,20241129,9.02,2.7414,4.8092,33.1758,32.3072,0.6322,0.9664,1.0113,693631.4434,693001.0897
000501.SZ,20241128,8.75,1.9392,3.402,32.1827,31.3402,0.6133,0.9375,0.9811,672868.6396,672257.1546
000501.SZ,20241127,8.55,1.1744,2.0603,31.4471,30.6238,0.5993,0.916,0.9586,657488.785,656891.2768
000501.SZ,20241126,8.42,0.8328,1.461,30.969,30.1582,0.5902,0.9021,0.9441,647491.8795,646903.4562
000501.SZ,20241125,8.43,0.8514,1.4936,31.0057,30.194,0.5909,0.9032,0.9452,648260.8722,647671.7501
000501.SZ,20241122,8.36,1.5827,2.7766,30.7483,29.9433,0.586,0.8957,0.9373,642877.9231,642293.6929
000501.SZ,20241121,8.61,0.8812,1.5459,31.6678,30.8387,0.6035,0.9225,0.9654,662102.7414,661501.0402
000501.SZ,20241120,8.69,1.504,2.6384,31.962,31.1253,0.6091,0.931,0.9743,668254.6832,667647.3913
000501.SZ,20241119,8.53,1.6067,2.8187,31.3736,30.5522,0.5979,0.9139,0.9564,655950.7995,655354.689
000501.SZ,20241118,8.55,3.3903,5.9476,31.4471,30.6238,0.5993,0.916,0.9586,657488.785,656891.2768
000501.SZ,20241115,8.38,1.1025,1.9342,30.8218,30.0149,0.5874,0.8978,0.9396,644415.9086,643830.2807
000501.SZ,20241114,8.59,1.4389,2.5243,31.5942,30.7671,0.6021,0.9203,0.9631,660564.7559,659964.4524
000501.SZ,20241113,8.84,1.5348,2.6925,32.5137,31.6625,0.6196,0.9471,0.9911,679789.5742,679171.7996
000501.SZ,20241112,8.78,1.6967,2.9765,32.2931,31.4476,0.6154,0.9407,0.9844,675175.6178,674562.0363
000501.SZ,20241111,8.84,1.8497,3.245,32.5137,31.6625,0.6196,0.9471,0.9911,679789.5742,679171.7996
000501.SZ,20241108,8.87,2.6621,4.6701,32.6241,31.77,0.6217,0.9503,0.9945,682096.5524,681476.6813
000501.SZ,20241107,9.09,4.7207,8.2814,33.4332,32.558,0.6371,0.9739,1.0192,699014.3925,698379.1469
000501.SZ,20241106,8.48,1.8813,3.3004,31.1897,30.3731,0.5944,0.9085,0.9508,652105.8359,651513.2196
000501.SZ,20241105,8.5,1.6443,2.8845,31.2632,30.4447,0.5958,0.9107,0.953,653643.8214,653049.8074
000501.SZ,20241104,8.4,1.1567,2.0293,30.8954,30.0866,0.5888,0.9,0.9418,645953.894,645366.8684
000501.SZ,20241101,8.29,1.5847,2.7801,30.4908,29.6926,0.5811,0.8882,0.9295,637494.974,636915.6356
000501.SZ,20241031,8.36,1.1785,2.0675,30.7483,29.9433,0.586,0.8957,0.9373,642877.9231,642293.6929
000501.SZ,20241030,8.36,1.3923,2.4425,30.7483,29.9433,0.586,0.8957,0.9373,642877.9231,642293.6929
000501.SZ,20241029,8.24,1.8731,3.2859,30.3069,29.5135,0.5724,0.8828,0.9239,633650.0103,633074.1662
000501.SZ,20241028,8.5,1.6867,2.7699,31.2632,26.6021,0.5904,0.9107,0.9212,653643.8214,653049.8074
000501.SZ,20241025,8.25,0.9822,1.613,30.3437,25.8197,0.5731,0.8839,0.8941,634419.0031,633842.4601
000501.SZ,20241024,8.16,0.7001,1.1497,30.0127,25.538,0.5668,0.8743,0.8843,627498.0685,626927.8151
000501.SZ,20241023,8.11,0.8064,1.3242,29.8288,25.3815,0.5633,0.8689,0.8789,623653.1048,623086.3456
000501.SZ,20241022,8.12,0.9903,1.6263,29.8656,25.4128,0.564,0.87,0.88,624422.0976,623854.6395
000501.SZ,20241021,8.04,1.277,2.0972,29.5713,25.1624,0.5585,0.8614,0.8713,618270.1557,617708.2884
000501.SZ,20241018,8.03,1.507,2.4749,29.5345,25.1311,0.5578,0.8603,0.8703,617501.163,616939.9945
000501.SZ,20241017,7.98,1.2952,2.127,29.3506,24.9747,0.5543,0.855,0.8648,613656.1993,613098.525
000501.SZ,20241016,8.25,1.2136,1.9929,30.3437,25.8197,0.5731,0.8839,0.8941,634419.0031,633842.4601
000501.SZ,20241015,8.09,1.2216,2.0061,29.7552,25.3189,0.5619,0.8668,0.8768,622115.1194,621549.7578
000501.SZ,20241014,8.26,1.3712,2.2517,30.3805,25.851,0.5737,0.885,0.8952,635187.9958,634610.754
000501.SZ,20241011,8.26,1.4975,2.4592,30.3805,25.851,0.5737,0.885,0.8952,635187.9958,634610.754
000501.SZ,20241010,8.38,1.9454,3.1947,30.8218,26.2265,0.5781,0.8978,0.9082,644415.9086,643830.2807
000501.SZ,20241009,8.31,3.1516,5.1756,30.5644,26.0075,0.5733,0.8903,0.9006,639032.9595,638452.2234
000501.SZ,20241008,8.99,5.0011,8.213,33.0654,28.1356,0.6202,0.9632,0.9743,691324.4652,690696.208
000501.SZ,20240930,8.74,4.0779,6.6968,32.1459,27.3532,0.603,0.9364,0.9472,672099.6469,671488.8607
000501.SZ,20240927,8.11,2.7637,4.5386,29.8288,25.3815,0.5595,0.8689,0.8789,623653.1048,623086.3456
000501.SZ,20240926,7.9,1.5592,2.5605,29.0564,24.7243,0.545,0.8464,0.8562,607504.2575,606952.1739
000501.SZ,20240925,7.5,1.495,2.4552,27.5852,23.4724,0.5174,0.8035,0.8128,576744.5483,576220.4183
000501.SZ,20240924,7.3,0.8418,1.3824,26.8496,22.8465,0.5036,0.7821,0.7911,561364.6936,560854.5404
000501.SZ,20240923,7.11,0.4573,0.751,26.1508,22.2519,0.4905,0.7618,0.7705,546753.8317,546256.9565
000501.SZ,20240920,7.2,0.8244,1.3538,26.4818,22.5335,0.4967,0.7714,0.7803,553674.7663,553171.6015
000501.SZ,20240919,7.11,0.7543,1.2388,26.1508,22.2519,0.4905,0.7618,0.7705,546753.8317,546256.9565
000501.SZ,20240918,6.9,0.3151,0.5174,25.3784,21.5946,0.476,0.7393,0.7478,530604.9844,530122.7848
000501.SZ,20240913,6.95,0.3805,0.6249,25.5623,21.7511,0.4795,0.7446,0.7532,534449.948,533964.2542
000501.SZ,20240912,6.92,0.3637,0.5974,25.4519,21.6572,0.4774,0.7414,0.75,532142.9699,531659.3726
000501.SZ,20240911,6.88,0.5195,0.8532,25.3048,21.532,0.4746,0.7371,0.7456,529066.9989,528586.197
000501.SZ,20240910,7.03,0.504,0.8277,25.8565,22.0015,0.485,0.7532,0.7619,540601.8899,540110.6054
000501.SZ,20240909,7.01,0.6055,0.9944,25.783,21.9389,0.4836,0.751,0.7597,539063.9044,538574.0176
000501.SZ,20240906,6.94,0.7474,1.2275,25.5255,21.7198,0.4788,0.7435,0.7521,533680.9553,533195.9604
000501.SZ,20240905,6.89,0.6119,1.0049,25.3416,21.5633,0.4753,0.7382,0.7467,529835.9917,529354.4909
000501.SZ,20240904,6.77,0.4165,0.684,24.9002,21.1878,0.4671,0.7253,0.7337,520608.0789,520134.9642
000501.SZ,20240903,6.8,0.5571,0.9149,25.0106,21.2817,0.4691,0.7285,0.7369,522915.0571,522439.8459
000501.SZ,20240902,6.8,0.8697,1.4282,25.0106,21.2817,0.4691,0.7285,0.7369,522915.0571,522439.8459
000501.SZ,20240830,6.9,1.5069,2.4747,25.3784,21.5946,0.4769,0.7393,0.7478,530604.9844,530122.7848
000501.SZ,20240829,6.72,1.8597,3.2624,24.7163,23.9438,0.4644,0.72,0.73,516763.1152,516293.4948
000501.SZ,20240828,6.97,2.6294,4.6127,25.6358,24.8346,0.4817,0.7468,0.7571,535987.9335,535500.842
000501.SZ,20240827,6.73,0.6118,1.0733,24.7531,23.9794,0.4651,0.721,0.7311,517532.108,517061.7886
000501.SZ,20240826,6.7,0.4052,0.7108,24.6428,23.8725,0.4631,0.7178,0.7278,515225.1298,514756.907
000501.SZ,20240823,6.64,0.4793,0.8409,24.4221,23.6587,0.4589,0.7114,0.7213,510611.1734,510147.1436
000501.SZ,20240822,6.71,0.3371,0.5914,24.6795,23.9082,0.4638,0.7189,0.7289,515994.1225,515525.2009
000501.SZ,20240821,6.81,0.3941,0.6913,25.0473,24.2645,0.4707,0.7296,0.7398,523684.0498,523208.1398
000501.SZ,20240820,6.91,0.4533,0.7952,25.4152,24.6208,0.4776,0.7403,0.7506,531373.9771,530891.0787
000501.SZ,20240819,7.02,0.3478,0.6101,25.8197,25.0127,0.4852,0.7521,0.7626,539832.8972,539342.3115
000501.SZ,20240816,7.0,0.4891,0.858,25.7462,24.9414,0.4838,0.75,0.7604,538294.9117,537805.7237
000501.SZ,20240815,7.06,0.5036,0.8835,25.9669,25.1552,0.4879,0.7564,0.7669,542908.8681,542415.487
000501.SZ,20240814,7.06,0.3404,0.5972,25.9669,25.1552,0.4879,0.7564,0.7669,542908.8681,542415.487
000501.SZ,20240813,7.12,0.451,0.7912,26.1875,25.369,0.4921,0.7628,0.7734,547522.8245,547025.2504
000501.SZ,20240812,7.14,0.582,1.021,26.2611,25.4403,0.4935,0.765,0.7756,549060.8099,548561.8382
000501.SZ,20240809,7.23,0.8457,1.4836,26.5921,25.7609,0.4997,0.7746,0.7854,555981.7445,555476.4832
000501.SZ,20240808,7.29,0.8252,1.4476,26.8128,25.9747,0.5038,0.781,0.7919,560595.7009,560086.2465
000501.SZ,20240807,7.25,0.7517,1.3188,26.6657,25.8322,0.5011,0.7768,0.7876,557519.73,557013.071
000501.SZ,20240806,7.23,0.9913,1.739,26.5921,25.7609,0.4997,0.7746,0.7854,555981.7445,555476.4832
000501.SZ,20240805,7.03,0.8041,1.411,25.8565,25.0483,0.4859,0.7532,0.7637,540601.8899,539903.6443
000501.SZ,20240802,7.08,0.6493,1.1394,26.0404,25.2265,0.4893,0.7585,0.7691,544446.8535,543743.6418
000501.SZ,20240801,7.07,0.6659,1.1686,26.0036,25.1909,0.4886,0.7575,0.768,543677.8608,542975.6423
000501.SZ,20240731,7.13,1.2007,2.107,26.2243,25.4046,0.4928,0.7639,0.7745,548291.8172,547583.6392
000501.SZ,20240730,6.86,0.4948,0.8684,25.2313,24.4426,0.4741,0.735,0.7452,527529.0135,526847.6529
000501.SZ,20240729,6.76,0.4608,0.8086,24.8634,24.0863,0.4672,0.7243,0.7343,519839.0862,519167.6579
000501.SZ,20240726,6.79,0.5115,0.8976,24.9738,24.1932,0.4693,0.7275,0.7376,522146.0643,521471.6564
000501.SZ,20240725,6.74,0.4355,0.7643,24.7899,24.015,0.4658,0.7221,0.7322,518301.1007,517631.659
000501.SZ,20240724,6.69,0.6435,1.1292,24.606,23.8369,0.4624,0.7168,0.7267,514456.137,513791.6615
000501.SZ,20240723,6.76,1.052,1.8461,24.8634,24.0863,0.4672,0.7243,0.7343,519839.0862,519167.6579
000501.SZ,20240722,6.81,2.1167,3.7144,25.0473,24.2645,0.4707,0.7296,0.7398,523684.0498,523007.6554
000501.SZ,20240719,7.37,1.6013,2.8099,27.107,26.2598,0.5094,0.7896,0.8006,566747.6427,566015.6271
000501.SZ,20240718,7.24,1.0515,1.8451,26.6289,25.7966,0.5004,0.7757,0.7865,556750.7372,556031.6337
000501.SZ,20240717,7.12,0.8342,1.4638,26.1875,25.369,0.4921,0.7628,0.7734,547522.8245,546815.6397
000501.SZ,20240716,7.06,0.6288,1.1035,25.9669,25.1552,0.4879,0.7564,0.7669,542908.8681,542207.6428
000501.SZ,20240715,7.03,1.0212,1.7921,25.8565,25.0483,0.4859,0.7532,0.7637,540601.8899,539903.6443
000501.SZ,20240712,7.25,1.3881,2.4359,26.6657,25.8322,0.5011,0.7768,0.7876,557519.73,556799.6332
000501.SZ,20240711,7.34,1.2012,2.1079,26.9967,26.1529,0.5056,0.7864,0.7973,564440.6646,563711.6286
000501.SZ,20240710,7.18,0.8288,1.4544,26.4082,25.5828,0.4945,0.7693,0.78,552136.7809,551423.6367
000501.SZ,20240709,7.22,1.1121,1.9515,26.5553,25.7253,0.4973,0.7735,0.7843,555212.7518,554495.6347
000501.SZ,20240708,7.22,1.163,2.0409,26.5553,25.7253,0.4973,0.7735,0.7843,555212.7518,554495.6347
000501.SZ,20240705,7.44,1.9661,3.4501,27.3645,26.5092,0.5124,0.7971,0.8082,572130.5919,571391.6235
000501.SZ,20240704,7.15,1.7924,3.1453,26.2979,25.4759,0.4925,0.766,0.7767,549829.8027,549119.6382
000501.SZ,20240703,7.35,2.9243,5.1316,27.0335,26.1885,0.5062,0.7875,0.7984,565209.6573,564479.6281
000501.SZ,20240702,7.2,2.1467,3.767,26.4818,25.6541,0.4959,0.7714,0.7821,553674.7663,552959.6357
000501.SZ,20240701,6.84,0.6386,1.1206,25.1577,24.3714,0.4711,0.7328,0.743,525991.028,525311.6539
000501.SZ,20240628,6.67,0.4628,0.8121,24.5324,23.7656,0.4594,0.7146,0.7246,512918.1516,512255.6625
000501.SZ,20240627,6.67,0.3341,0.5863,24.5324,23.7656,0.4594,0.7146,0.7246,512918.1516,512255.6625
000501.SZ,20240626,6.8,0.4801,0.8425,25.0106,24.2288,0.4684,0.7285,0.7387,522915.0571,522239.6559
000501.SZ,20240625,6.65,0.5783,1.0147,24.4589,23.6944,0.458,0.7125,0.7224,511380.1661,510719.6635
000501.SZ,20240624,6.56,0.7148,1.2543,24.1278,23.3737,0.4518,0.7028,0.7126,504459.2315,503807.6681
000501.SZ,20240621,6.81,0.423,0.7422,25.0473,24.2645,0.469,0.7296,0.7398,523684.0498,523007.6554
000501.SZ,20240620,6.77,0.5938,1.042,24.9002,24.1219,0.4663,0.7253,0.7354,520608.0789,519935.6574
000501.SZ,20240619,6.94,0.4944,0.8677,25.5255,24.7277,0.478,0.7435,0.7539,533680.9553,532991.6488
000501.SZ,20240618,6.96,0.5013,0.8797,25.5991,24.7989,0.4794,0.7457,0.7561,535218.9408,534527.6478
000501.SZ,20240617,6.95,0.5242,0.9199,25.5623,24.7633,0.4787,0.7446,0.755,534449.948,533759.6483
000501.SZ,20240614,7.05,0.5978,1.049,25.9301,25.1196,0.4856,0.7553,0.7658,542139.8754,541439.6433
000501.SZ,20240613,7.0,0.6103,1.071,25.7462,24.9414,0.4821,0.75,0.7604,538294.9117,537599.6458
000501.SZ,20240612,7.05,0.6533,1.1465,25.9301,25.1196,0.4856,0.7553,0.7658,542139.8754,541439.6433
000501.SZ,20240611,7.05,0.7585,1.331,25.9301,25.1196,0.4856,0.7553,0.7658,542139.8754,541439.6433
000501.SZ,20240607,7.14,0.9593,1.6834,26.2611,25.4403,0.4918,0.765,0.7756,549060.8099,548351.6387
000501.SZ,20240606,6.97,1.3987,2.4545,25.6358,24.8346,0.4801,0.7468,0.7571,535987.9335,535295.6473
000501.SZ,20240605,7.25,0.684,1.2003,26.6657,25.8322,0.4994,0.7768,0.7876,557519.73,556799.6332
000501.SZ,20240604,7.42,0.5378,0.9437,27.2909,26.4379,0.5111,0.795,0.806,570592.6064,569855.6245
000501.SZ,20240603,7.43,0.8184,1.4362,27.3277,26.4736,0.5118,0.796,0.8071,571361.5991,570623.624
000501.SZ,20240531,7.66,0.4681,0.8214,28.1737,27.2931,0.5276,0.8207,0.8321,589048.4319,588287.6124
000501.SZ,20240530,7.61,0.3526,0.6187,27.9898,27.1149,0.5241,0.8153,0.8267,585203.4683,584447.6149
000501.SZ,20240529,7.71,0.4192,0.7357,28.3576,27.4712,0.531,0.826,0.8375,592893.3956,592127.6099
000501.SZ,20240528,7.67,0.45,0.7897,28.2105,27.3287,0.5283,0.8218,0.8332,589817.4247,589055.6119
000501.SZ,20240527,7.82,0.5147,0.9032,28.7622,27.8632,0.5386,0.8378,0.8495,601352.3156,600575.6043
000501.SZ,20240524,7.77,0.4839,0.8491,28.5783,27.685,0.5352,0.8325,0.8441,597507.352,596735.6068
000501.SZ,20240523,7.86,1.0872,1.9078,28.9093,28.0057,0.5414,0.8421,0.8538,604428.2866,603647.6023
000501.SZ,20240522,8.06,0.9839,1.7266,29.6449,28.7183,0.5551,0.8635,0.8756,619808.1412,619007.5922
000501.SZ,20240521,7.97,0.6848,1.2016,29.3139,28.3976,0.5489,0.8539,0.8658,612887.2066,612095.5967
000501.SZ,20240520,7.96,0.9806,1.7207,29.2771,28.362,0.5483,0.8528,0.8647,612118.2139,611327.5972
000501.SZ,20240517,7.89,0.9143,1.6044,29.0196,28.1126,0.5434,0.8453,0.8571,606735.2648,605951.6008
000501.SZ,20240516,7.88,0.82,1.439,28.9828,28.0769,0.5427,0.8443,0.856,605966.272,605183.6013
000501.SZ,20240515,7.78,0.4999,0.8773,28.615,27.7206,0.5359,0.8335,0.8451,598276.3447,597503.6063
000501.SZ,20240514,7.86,0.7155,1.2555,28.9093,28.0057,0.5414,0.8421,0.8538,604428.2866,603647.6023
000501.SZ,20240513,7.74,0.7805,1.3697,28.4679,27.5781,0.5331,0.8293,0.8408,595200.3738,594431.6084
000501.SZ,20240510,7.79,0.8487,1.4892,28.6518,27.7563,0.5365,0.8346,0.8462,599045.3374,598271.6058
000501.SZ,20240509,7.69,0.4895,0.8591,28.284,27.4,0.5297,0.8239,0.8354,591355.4101,590591.6109
000501.SZ,20240508,7.62,0.6265,1.0994,28.0265,27.1505,0.5248,0.8164,0.8278,585972.461,585215.6144
000501.SZ,20240507,7.69,0.5463,0.9586,28.284,27.4,0.5297,0.8239,0.8354,591355.4101,590591.6109
000501.SZ,20240506,7.65,0.8729,1.5318,28.1369,27.2574,0.5269,0.8196,0.831,588279.4392,587519.6129
000501.SZ,20240430,7.61,1.1502,2.0184,27.9898,27.1149,0.5241,0.8153,0.8267,585203.4683,584447.6149
000501.SZ,20240429,7.58,0.8627,1.5139,27.8794,27.8794,0.5281,0.8121,0.8121,582896.4901,582143.6165
000501.SZ,20240426,7.38,0.5745,1.0082,27.1438,27.1438,0.5142,0.7907,0.7907,567516.6355,566783.6266
000501.SZ,20240425,7.26,0.5047,0.8857,26.7025,26.7025,0.5058,0.7778,0.7778,558288.7227,557567.6326
000501.SZ,20240424,7.18,0.403,0.7071,26.4082,26.4082,0.5003,0.7693,0.7693,552136.7809,551423.6367
000501.SZ,20240423,7.17,0.4011,0.7038,26.3714,26.3714,0.4996,0.7682,0.7682,551367.7881,550655.6372
000501.SZ,20240422,7.21,0.4577,0.8033,26.5186,26.5186,0.5023,0.7725,0.7725,554443.7591,553727.6352
000501.SZ,20240419,7.2,0.5589,0.9808,26.4818,26.4818,0.5017,0.7714,0.7714,553674.7663,552959.6357
000501.SZ,20240418,7.27,0.6129,1.0755,26.7392,26.7392,0.5065,0.7789,0.7789,559057.7154,558335.6321
000501.SZ,20240417,7.33,0.7486,1.3137,26.9599,26.9599,0.5107,0.7853,0.7853,563671.6718,562943.6291
000501.SZ,20240416,7.14,1.0769,1.8898,26.2611,26.2611,0.4975,0.765,0.765,549060.8099,548351.6387
000501.SZ,20240415,7.49,1.0254,1.7994,27.5484,27.5484,0.5219,0.8025,0.8025,575975.5555,575231.621
000501.SZ,20240412,7.68,0.5595,0.9818,28.2472,28.2472,0.5351,0.8228,0.8228,590586.4174,589823.6114
000501.SZ,20240411,7.74,0.5696,0.9995,28.4679,28.4679,0.5393,0.8293,0.8293,595200.3738,594431.6084
000501.SZ,20240410,7.76,0.7449,1.3071,28.5415,28.5415,0.5407,0.8314,0.8314,596738.3593,595967.6073
000501.SZ,20240409,7.78,0.7654,1.3432,28.615,28.615,0.5421,0.8335,0.8335,598276.3447,597503.6063
000501.SZ,20240408,7.64,0.6894,1.2098,28.1001,28.1001,0.5323,0.8185,0.8185,587510.4465,586751.6134
000501.SZ,20240403,7.79,0.9178,1.6105,28.6518,28.6518,0.5428,0.8346,0.8346,599045.3374,598271.6058
000501.SZ,20240402,7.64,0.8873,1.557,28.1001,28.1001,0.5323,0.8185,0.8185,587510.4465,586751.6134
000501.SZ,20240401,7.63,1.2015,2.1085,28.0633,28.0633,0.5316,0.8175,0.8175,586741.4538,585983.6139
000501.SZ,20240329,7.4,0.5435,0.9536,18.6756,62.2341,0.5217,0.898,0.8231,569054.6209,568374.1251
000501.SZ,20240328,7.3,0.5054,0.8868,18.4232,61.3931,0.5147,0.8858,0.812,561364.6936,560693.3937
000501.SZ,20240327,7.28,0.4542,0.797,18.3727,61.2249,0.5132,0.8834,0.8098,559826.7082,559157.2474
000501.SZ,20240326,7.37,0.576,1.0108,18.5999,61.9818,0.5196,0.8943,0.8198,566747.6427,566069.9057
000501.SZ,20240325,7.41,0.6049,1.0614,18.7008,62.3182,0.5224,0.8992,0.8242,569823.6137,569142.1982
000501.SZ,20240322,7.54,0.6477,1.1366,19.0289,63.4115,0.5316,0.915,0.8387,579820.5192,579127.1491
000501.SZ,20240321,7.63,0.6582,1.155,19.2561,64.1684,0.5379,0.9259,0.8487,586741.4538,586039.8073
000501.SZ,20240320,7.55,0.5052,0.8865,19.0542,63.4956,0.5323,0.9162,0.8398,580589.5119,579895.2222
000501.SZ,20240319,7.47,0.5151,0.9039,18.8523,62.8228,0.5266,0.9065,0.8309,574437.5701,573750.6371
000501.SZ,20240318,7.55,0.5746,1.0082,19.0542,63.4956,0.5323,0.9162,0.8398,580589.5119,579895.2222
000501.SZ,20240315,7.47,0.5862,1.0287,18.8523,62.8228,0.5266,0.9065,0.8309,574437.5701,573750.6371
000501.SZ,20240314,7.38,0.4709,0.8264,18.6251,62.0659,0.5203,0.8955,0.8209,567516.6355,566837.9788
000501.SZ,20240313,7.4,0.6534,1.1465,18.6756,62.2341,0.5217,0.898,0.8231,569054.6209,568374.1251
000501.SZ,20240312,7.48,1.1025,1.9346,18.8775,62.9069,0.5273,0.9077,0.832,575206.5628,574518.7102
000501.SZ,20240311,7.36,0.4833,0.8481,18.5746,61.8977,0.5189,0.8931,0.8187,565978.65,565301.8325
000501.SZ,20240308,7.28,0.3399,0.5965,18.3727,61.2249,0.5132,0.8834,0.8098,559826.7082,559157.2474
000501.SZ,20240307,7.29,0.5487,0.9628,18.398,61.309,0.5139,0.8846,0.8109,560595.7009,559925.3205
000501.SZ,20240306,7.31,0.3873,0.6796,18.4485,61.4772,0.5154,0.887,0.8131,562133.6864,561461.4668
000501.SZ,20240305,7.23,0.716,1.2564,18.2466,60.8044,0.5097,0.8773,0.8042,555981.7445,555316.8817
000501.SZ,20240304,7.41,0.6314,1.108,18.7008,62.3182,0.5224,0.8992,0.8242,569823.6137,569142.1982
000501.SZ,20240301,7.47,0.561,0.9843,18.8523,62.8228,0.5266,0.9065,0.8309,574437.5701,573750.6371
000501.SZ,20240229,7.52,0.8015,1.4064,18.9784,63.2433,0.5302,0.9125,0.8364,578282.5337,577591.0028
000501.SZ,20240228,7.38,1.5483,2.7168,18.6251,62.0659,0.5203,0.8955,0.8209,567516.6355,566837.9788
000501.SZ,20240227,7.64,0.9522,1.6709,19.2813,64.2525,0.5386,0.9271,0.8498,587510.4465,586807.8805
000501.SZ,20240226,7.53,0.9175,1.6099,19.0037,63.3274,0.5309,0.9137,0.8376,579051.5264,578359.0759
000501.SZ,20240223,7.57,0.7472,1.3111,19.1046,63.6638,0.5337,0.9186,0.842,582127.4974,581431.3685
000501.SZ,20240222,7.55,0.6122,1.0742,19.0542,63.4956,0.5323,0.9162,0.8398,580589.5119,579895.2222
000501.SZ,20240221,7.49,0.935,1.6405,18.9027,62.991,0.528,0.9089,0.8331,575975.5555,575286.7834
000501.SZ,20240220,7.39,0.602,1.0563,18.6504,62.15,0.521,0.8968,0.822,568285.6282,567606.0519
000501.SZ,20240219,7.41,0.9968,1.7491,18.7008,62.3182,0.5224,0.8992,0.8242,569823.6137,569142.1982
000501.SZ,20240208,7.51,1.0213,1.792,18.9532,63.1592,0.5295,0.9113,0.8353,577513.541,576822.9296
000501.SZ,20240207,7.13,0.8801,1.5442,17.9942,59.9634,0.5027,0.8652,0.7931,548291.8172,547636.1502
000501.SZ,20240206,7.05,1.0004,1.7554,17.7923,59.2906,0.497,0.8555,0.7842,542139.8754,541491.5651
000501.SZ,20240205,6.84,1.2479,2.1897,17.2623,57.5245,0.4822,0.83,0.7608,525991.028,525362.0291
000501.SZ,20240202,7.37,1.0444,1.8327,18.5999,61.9818,0.5196,0.8943,0.8198,566747.6427,566069.9057
000501.SZ,20240201,7.4,0.6492,1.1391,18.6756,62.2341,0.5217,0.898,0.8231,569054.6209,568374.1251
000501.SZ,20240131,7.57,0.7411,1.3004,19.1046,63.6638,0.5337,0.9186,0.842,582127.4974,581431.3685
000501.SZ,20240130,7.76,0.605,1.0617,19.5841,65.2617,0.5471,0.9417,0.8631,596738.3593,596024.7582
000501.SZ,20240129,7.94,0.6233,1.0937,20.0384,66.7755,0.5598,0.9635,0.8832,610580.2284,609850.0747
000501.SZ,20240126,8.11,0.7127,1.2505,20.4674,68.2052,0.5718,0.9841,0.9021,623653.1048,622907.3182
000501.SZ,20240125,8.07,0.7836,1.3749,20.3665,67.8688,0.5689,0.9793,0.8976,620577.1339,619835.0256
000501.SZ,20240124,7.89,0.6962,1.2216,19.9122,66.355,0.5562,0.9574,0.8776,606735.2648,606009.709
000501.SZ,20240123,7.7,0.3822,0.6707,19.4327,64.7571,0.5429,0.9344,0.8565,592124.4029,591416.3193
000501.SZ,20240122,7.65,1.0655,1.8696,19.3065,64.3366,0.5393,0.9283,0.8509,588279.4392,587575.9536
000501.SZ,20240119,8.05,0.4196,0.7362,20.316,67.7006,0.5675,0.9768,0.8954,619039.1485,618298.8793
000501.SZ,20240118,8.1,1.0269,1.8018,20.4422,68.1211,0.5711,0.9829,0.901,622884.1121,622139.245
000501.SZ,20240117,8.24,0.567,0.9948,20.7955,69.2985,0.5809,0.9999,0.9165,633650.0103,632892.269
000501.SZ,20240116,8.41,0.6853,1.2024,21.2246,70.7282,0.5929,1.0205,0.9354,646722.8868,645949.5124
000501.SZ,20240115,8.54,0.7502,1.3163,21.5526,71.8215,0.6021,1.0363,0.9499,656719.7923,655934.4633
000501.SZ,20240112,8.46,0.7119,1.2491,21.3507,71.1487,0.5964,1.0266,0.941,650567.8504,649789.8781
000501.SZ,20240111,8.53,1.2011,2.1076,21.5274,71.7374,0.6014,1.0351,0.9488,655950.7995,655166.3901
000501.SZ,20240110,8.59,1.9286,3.3841,21.6788,72.242,0.6056,1.0424,0.9555,660564.7559,659774.829
000501.SZ,20240109,8.41,0.8089,1.4193,21.2246,70.7282,0.5929,1.0205,0.9354,646722.8868,645949.5124
000501.SZ,20240108,8.19,0.4751,0.8336,20.6693,68.878,0.5774,0.9938,0.911,629805.0467,629051.9033
000501.SZ,20240105,8.3,0.5113,0.8971,20.947,69.8031,0.5852,1.0072,0.9232,638263.9667,637500.7079
000501.SZ,20240104,8.41,0.4287,0.7522,21.2246,70.7282,0.5929,1.0205,0.9354,646722.8868,645949.5124
000501.SZ,20240103,8.48,0.4907,0.8611,21.4012,71.3169,0.5978,1.029,0.9432,652105.8359,651326.0244
000501.SZ,20240102,8.49,0.5062,0.8882,21.4265,71.401,0.5985,1.0302,0.9443,652874.8286,652094.0976
000501.SZ,20231229,8.52,0.63,1.1054,21.5022,71.6533,0.6007,1.0339,0.9477,655181.8068,654398.317
000501.SZ,20231228,8.49,0.7603,1.334,21.4265,71.401,0.5985,1.0302,0.9443,652874.8286,652094.0976
000501.SZ,20231227,8.4,0.4033,0.7076,21.1993,70.6441,0.5922,1.0193,0.9343,645953.894,645181.4393
000501.SZ,20231226,8.35,0.2745,0.4817,21.0731,70.2236,0.5887,1.0132,0.9288,642108.9304,641341.0736
000501.SZ,20231225,8.39,0.6462,1.1339,21.1741,70.56,0.5915,1.0181,0.9332,645184.9013,644413.3661
000501.SZ,20231222,8.34,0.6843,1.2007,21.0479,70.1395,0.588,1.012,0.9277,641339.9377,640573.0004
000501.SZ,20231221,8.46,0.5811,1.0197,21.3507,71.1487,0.5964,1.0266,0.941,650567.8504,649789.8781
000501.SZ,20231220,8.45,1.1626,2.0399,21.3255,71.0646,0.5957,1.0254,0.9399,649798.8577,649021.805
000501.SZ,20231219,8.67,0.8306,1.4574,21.8807,72.9148,0.6112,1.0521,0.9644,666716.6978,665919.4141
000501.SZ,20231218,8.74,1.198,2.1021,22.0574,73.5035,0.6162,1.0606,0.9721,672099.6469,671295.9261
000501.SZ,20231215,9.02,1.3446,2.3594,22.764,75.8583,0.6359,1.0945,1.0033,693631.4434,692801.9741
000501.SZ,20231214,9.1,1.5621,2.741,22.9659,76.5311,0.6416,1.1043,1.0122,699783.3852,698946.5592
000501.SZ,20231213,9.03,1.4653,2.5712,22.7893,75.9424,0.6366,1.0958,1.0044,694400.4361,693570.0472
000501.SZ,20231212,9.07,1.1936,2.0943,22.8902,76.2788,0.6394,1.1006,1.0089,697476.407,696642.3398
000501.SZ,20231211,9.1,1.6671,2.9252,22.9659,76.5311,0.6416,1.1043,1.0122,699783.3852,698946.5592
000501.SZ,20231208,9.0,2.1592,3.7887,22.7136,75.6901,0.6345,1.0921,1.0011,692093.4579,691265.8278
000501.SZ,20231207,9.08,3.332,5.8465,22.9155,76.3629,0.6401,1.1018,1.01,698245.3997,697410.4129
000501.SZ,20231206,9.14,2.8308,4.9672,23.0669,76.8675,0.6444,1.1091,1.0166,702859.3561,702018.8518
000501.SZ,20231205,8.87,2.011,3.5287,22.3855,74.5968,0.6253,1.0763,0.9866,682096.5524,681280.877
000501.SZ,20231204,8.76,0.7774,1.3641,22.1079,73.6717,0.6176,1.063,0.9744,673637.6324,672832.0724
000501.SZ,20231201,8.84,1.7346,3.0437,22.3098,74.3445,0.6232,1.0727,0.9833,679789.5742,678976.6575
000501.SZ,20231130,8.72,0.5236,0.9187,22.0069,73.3353,0.6148,1.0581,0.9699,670561.6614,669759.7798
000501.SZ,20231129,8.64,0.6338,1.1121,21.805,72.6625,0.6091,1.0484,0.961,664409.7196,663615.1947
000501.SZ,20231128,8.77,0.8252,1.448,22.1331,73.7558,0.6183,1.0642,0.9755,674406.6251,673600.1455
000501.SZ,20231127,8.75,0.7894,1.3851,22.0826,73.5876,0.6169,1.0618,0.9733,672868.6396,672063.9993
000501.SZ,20231124,8.85,0.979,1.7178,22.335,74.4286,0.6239,1.0739,0.9844,680558.5669,679744.7307
000501.SZ,20231123,8.84,1.0358,1.8175,22.3098,74.3445,0.6232,1.0727,0.9833,679789.5742,678976.6575
000501.SZ,20231122,8.8,1.9022,3.3378,22.2088,74.0081,0.6204,1.0679,0.9788,676713.6033,675904.365
000501.SZ,20231121,8.8,1.9523,3.4257,22.2088,74.0081,0.6204,1.0679,0.9788,676713.6033,675904.365
000501.SZ,20231120,8.6,0.5876,1.0311,21.7041,72.3261,0.6063,1.0436,0.9566,661333.7487,660542.9021
000501.SZ,20231117,8.58,0.6566,1.1521,21.6536,72.1579,0.6049,1.0412,0.9544,659795.7632,659006.7558
000501.SZ,20231116,8.55,0.6875,1.2063,21.5779,71.9056,0.6028,1.0375,0.951,657488.785,656702.5364
000501.SZ,20231115,8.64,0.96,1.6845,21.805,72.6625,0.6091,1.0484,0.961,664409.7196,663615.1947
000501.SZ,20231114,8.6,1.7698,3.1054,21.7041,72.3261,0.6063,1.0436,0.9566,661333.7487,660542.9021
000501.SZ,20231113,8.47,0.6778,1.1892,21.376,71.2328,0.5971,1.0278,0.9421,651336.8432,650557.9513
000501.SZ,20231110,8.41,0.682,1.1967,21.2246,70.7282,0.5929,1.0205,0.9354,646722.8868,645949.5124
000501.SZ,20231109,8.5,0.5608,0.984,21.4517,71.4851,0.5993,1.0314,0.9455,653643.8214,652862.1707
000501.SZ,20231108,8.54,0.47,0.8246,21.5526,71.8215,0.6021,1.0363,0.9499,656719.7923,655934.4633
000501.SZ,20231107,8.56,0.688,1.2072,21.6031,71.9897,0.6035,1.0387,0.9521,658257.7777,657470.6096
000501.SZ,20231106,8.66,0.8253,1.4482,21.8555,72.8307,0.6105,1.0509,0.9632,665947.705,665151.341
000501.SZ,20231103,8.54,0.5109,0.8964,21.5526,71.8215,0.6021,1.0363,0.9499,656719.7923,655934.4633
000501.SZ,20231102,8.59,0.3008,0.5277,21.6788,72.242,0.6056,1.0424,0.9555,660564.7559,659774.829
000501.SZ,20231101,8.62,0.376,0.6598,21.7545,72.4943,0.6077,1.046,0.9588,662871.7341,662079.0484
000501.SZ,20231031,8.63,0.5618,0.9857,21.7798,72.5784,0.6084,1.0472,0.9599,663640.7269,662847.1215
000501.SZ,20231030,8.67,0.5988,1.0508,21.8807,43.3833,0.6112,1.0521,0.9968,666716.6978,665919.4141
000501.SZ,20231027,8.7,0.3943,0.6919,21.9564,43.5334,0.6133,1.0557,1.0002,669023.676,668223.6335
000501.SZ,20231026,8.57,0.3912,0.6864,21.6284,42.8829,0.6042,1.0399,0.9853,659026.7705,658238.6827
000501.SZ,20231025,8.57,0.5959,1.0455,21.6284,42.8829,0.6042,1.0399,0.9853,659026.7705,658238.6827
000501.SZ,20231024,8.47,0.6385,1.1203,21.376,42.3825,0.5971,1.0278,0.9738,651336.8432,650557.9513
000501.SZ,20231023,8.33,0.654,1.1476,21.0227,41.682,0.5872,1.0108,0.9577,640570.9449,639804.9273
000501.SZ,20231020,8.61,0.3454,0.6061,21.7293,43.083,0.607,1.0448,0.9899,662102.7414,661310.9753
000501.SZ,20231019,8.62,0.4828,0.8472,21.7545,43.1331,0.6077,1.046,0.991,662871.7341,662079.0484
000501.SZ,20231018,8.66,0.725,1.2721,21.8555,43.3332,0.6105,1.0509,0.9956,665947.705,665151.341
000501.SZ,20231017,8.9,0.332,0.5825,22.4612,44.5342,0.6274,1.08,1.0232,684403.5306,683585.0964
000501.SZ,20231016,8.92,0.6239,1.0948,22.5117,44.6342,0.6288,1.0824,1.0255,685941.5161,685121.2427
000501.SZ,20231013,9.03,0.6483,1.1376,22.7893,45.1847,0.6366,1.0958,1.0382,694400.4361,693570.0472
000501.SZ,20231012,9.2,0.3782,0.6636,23.2183,46.0353,0.6486,1.1164,1.0577,707473.3125,706627.2906
000501.SZ,20231011,9.13,0.391,0.686,23.0416,45.685,0.6436,1.1079,1.0497,702090.3634,701250.7786
000501.SZ,20231010,9.16,0.4187,0.7346,23.1174,45.8352,0.6458,1.1115,1.0531,704397.3416,703554.9981
000501.SZ,20231009,9.2,0.6691,1.1741,23.2183,46.0353,0.6486,1.1164,1.0577,707473.3125,706627.2906
000501.SZ,20230928,9.24,0.3206,0.5626,23.3193,46.2355,0.6514,1.1212,1.0623,710549.2834,709699.5832
000501.SZ,20230927,9.2,0.3167,0.5557,23.2183,46.0353,0.6486,1.1164,1.0577,707473.3125,706627.2906
000501.SZ,20230926,9.18,0.2444,0.4288,23.1678,45.9352,0.6472,1.114,1.0554,705935.3271,705091.1444
000501.SZ,20230925,9.17,0.4498,0.7893,23.1426,45.8852,0.6465,1.1127,1.0543,705166.3343,704323.0712
000501.SZ,20230922,9.27,0.5934,1.0413,23.395,46.3856,0.6535,1.1249,1.0658,712856.2616,712003.8026
000501.SZ,20230921,9.13,0.868,1.5231,23.0416,45.685,0.6436,1.1079,1.0497,702090.3634,701250.7786
000501.SZ,20230920,9.3,0.3536,0.6205,23.4707,46.5357,0.6556,1.1285,1.0692,715163.2398,714308.0221
000501.SZ,20230919,9.36,0.3697,0.6486,23.6221,46.8359,0.6599,1.1358,1.0761,719777.1962,718916.4609
000501.SZ,20230918,9.44,0.5568,0.977,23.824,47.2362,0.6655,1.1455,1.0853,725929.1381,725061.046
000501.SZ,20230915,9.39,0.5685,0.9975,23.6978,46.986,0.662,1.1394,1.0796,722084.1744,721220.6803
000501.SZ,20230914,9.26,0.5104,0.8956,23.3697,46.3355,0.6528,1.1237,1.0646,712087.2689,711235.7295
000501.SZ,20230913,9.36,0.365,0.6404,23.6221,46.8359,0.6599,1.1358,1.0761,719777.1962,718916.4609
000501.SZ,20230912,9.4,0.2927,0.5136,23.7231,47.0361,0.6627,1.1407,1.0807,722853.1671,721988.7535
000501.SZ,20230911,9.42,0.452,0.7931,23.7735,47.1362,0.6641,1.1431,1.083,724391.1526,723524.8998
000501.SZ,20230908,9.35,0.2478,0.4348,23.5969,46.7859,0.6591,1.1346,1.075,719008.2035,718148.3878
000501.SZ,20230907,9.34,0.6561,1.1512,23.5716,46.7359,0.6584,1.1334,1.0738,718239.2108,717380.3146
000501.SZ,20230906,9.38,0.5088,0.8928,23.6726,46.936,0.6613,1.1382,1.0784,721315.1817,720452.6072
000501.SZ,20230905,9.45,0.5249,0.921,23.8492,47.2863,0.6662,1.1467,1.0865,726698.1308,725829.1192
000501.SZ,20230904,9.49,0.754,1.323,23.9502,47.4864,0.669,1.1516,1.0911,729774.1017,728901.4118
000501.SZ,20230901,9.48,1.2401,2.176,23.925,47.4364,0.6683,1.1504,1.0899,729005.109,728133.3386
000501.SZ,20230831,9.25,0.6474,1.1359,23.3445,46.2855,0.6521,1.1225,1.0635,711318.2762,710467.6564
000501.SZ,20230830,9.28,0.8563,1.5025,23.4202,46.4356,0.6542,1.1261,1.0669,713625.2544,712771.8758
000501.SZ,20230829,9.35,0.8727,1.5312,23.5969,27.5754,0.6586,1.1346,1.1031,719008.2035,718148.3878
000501.SZ,20230828,9.22,1.2596,2.2102,23.2688,27.192,0.6494,1.1188,1.0878,709011.298,708163.4369
000501.SZ,20230825,9.21,0.8243,1.4464,23.2435,27.1625,0.6487,1.1176,1.0866,708242.3053,707395.3638
000501.SZ,20230824,9.34,0.4443,0.7795,23.5716,27.5459,0.6579,1.1334,1.1019,718239.2108,717380.3146
000501.SZ,20230823,9.37,0.4438,0.7788,23.6473,27.6344,0.66,1.137,1.1055,720546.1889,719684.5341
000501.SZ,20230822,9.41,0.6871,1.2056,23.7483,27.7524,0.6628,1.1419,1.1102,723622.1599,722756.8266
000501.SZ,20230821,9.44,0.5311,0.9319,23.824,27.8408,0.6649,1.1455,1.1137,725929.1381,725061.046
000501.SZ,20230818,9.53,0.8149,1.4299,24.0511,28.1063,0.6713,1.1564,1.1243,732850.0726,731973.7043
000501.SZ,20230817,9.74,0.561,0.9844,24.5811,28.7256,0.686,1.1819,1.1491,748998.92,748103.2403
000501.SZ,20230816,9.69,0.4169,0.7316,24.4549,28.5781,0.6825,1.1758,1.1432,745153.9563,744262.8746
000501.SZ,20230815,9.8,0.5088,0.8928,24.7325,28.9026,0.6903,1.1892,1.1562,753612.8764,752711.6792
000501.SZ,20230814,9.76,0.6473,1.1359,24.6316,28.7846,0.6875,1.1843,1.1515,750536.9055,749639.3866
000501.SZ,20230811,9.69,0.7802,1.3691,24.4549,28.5781,0.6825,1.1758,1.1432,745153.9563,744262.8746
000501.SZ,20230810,9.85,0.5174,0.908,24.8587,29.05,0.6938,1.1953,1.1621,757457.84,756552.0449
000501.SZ,20230809,9.88,0.6481,1.1372,24.9344,29.1385,0.6959,1.1989,1.1656,759764.8182,758856.2643
000501.SZ,20230808,9.91,1.0249,1.7984,25.0102,29.227,0.698,1.2025,1.1692,762071.7964,761160.4837
000501.SZ,20230807,9.99,0.7611,1.3355,25.2121,29.4629,0.7037,1.2123,1.1786,768223.7383,767305.0689
000501.SZ,20230804,10.08,1.0171,1.7846,25.4392,29.7283,0.71,1.2232,1.1892,775144.6728,774217.7271
000501.SZ,20230803,10.14,1.1204,1.9659,25.5906,29.9053,0.7142,1.2305,1.1963,779758.6292,778826.166
000501.SZ,20230802,10.18,1.305,2.2898,25.6916,30.0233,0.717,1.2353,1.201,782834.6002,781898.4586
000501.SZ,20230801,10.15,1.349,2.3671,25.6159,29.9348,0.7149,1.2317,1.1975,780527.622,779594.2391
000501.SZ,20230731,10.26,1.93,3.3865,25.8935,30.2592,0.7227,1.245,1.2105,788986.542,788043.0437
000501.SZ,20230728,9.99,1.0072,1.7674,25.2121,29.4629,0.7037,1.2123,1.1786,768223.7383,767305.0689
000501.SZ,20230727,9.85,0.7178,1.2595,24.8587,29.05,0.6938,1.1953,1.1621,757457.84,756552.0449
000501.SZ,20230726,9.85,0.7317,1.2838,24.8587,29.05,0.6938,1.1953,1.1621,757457.84,756552.0449
000501.SZ,20230725,9.8,0.895,1.5705,24.7325,28.9026,0.6903,1.1892,1.1562,753612.8764,752711.6792
000501.SZ,20230724,9.74,0.8118,1.4245,24.5811,28.7256,0.686,1.1819,1.1491,748998.92,748103.2403
000501.SZ,20230721,9.77,1.0346,1.8154,24.6568,28.8141,0.6882,1.1856,1.1526,751305.8982,750407.4597
000501.SZ,20230720,9.75,2.1382,3.7518,24.6064,28.7551,0.6867,1.1831,1.1503,749767.9127,748871.3135
000501.SZ,20230719,9.58,1.633,2.8653,24.1773,28.2537,0.6748,1.1625,1.1302,736695.0363,735814.07
000501.SZ,20230718,9.44,1.1285,1.9801,23.824,27.8408,0.6649,1.1455,1.1137,725929.1381,725061.046
000501.SZ,20230717,9.34,0.6816,1.196,23.5716,27.5459,0.6579,1.1334,1.1019,718239.2108,717380.3146
000501.SZ,20230714,9.34,0.9902,1.7376,23.5716,27.5459,0.6579,1.1334,1.1019,718239.2108,717380.3146
000501.SZ,20230713,9.33,3.8034,6.6737,23.5464,27.5164,0.6572,1.1322,1.1007,717470.218,716612.2415
000501.SZ,20230712,9.88,0.6477,1.1365,24.9344,29.1385,0.6959,1.1989,1.1656,759764.8182,758856.2643
000501.SZ,20230711,9.99,0.4488,0.7876,25.2121,29.4629,0.7037,1.2123,1.1786,768223.7383,767305.0689
000501.SZ,20230710,9.99,0.9867,1.7313,25.2121,29.4629,0.7037,1.2123,1.1786,768223.7383,767305.0689
000501.SZ,20230707,9.86,0.4272,0.7497,24.884,29.0795,0.6945,1.1965,1.1633,758226.8328,757320.118
000501.SZ,20230706,9.85,0.5596,0.9819,24.8587,29.05,0.6938,1.1953,1.1621,757457.84,756552.0449
000501.SZ,20230705,9.85,0.5849,1.0263,24.8587,29.05,0.6938,1.1953,1.1621,757457.84,756552.0449
000501.SZ,20230704,9.93,0.6558,1.1508,25.0606,29.286,0.6994,1.205,1.1715,763609.7819,762696.63
000501.SZ,20230703,9.99,0.8632,1.5146,25.2121,29.4629,0.7037,1.2123,1.1786,768223.7383,767305.0689
000501.SZ,20230630,9.89,0.5979,1.0491,24.9597,29.168,0.6966,1.2001,1.1668,760533.811,759624.3374
000501.SZ,20230629,9.82,0.5004,0.878,24.783,28.9615,0.6917,1.1916,1.1585,755150.8618,754247.8254
000501.SZ,20230628,9.86,0.6977,1.2243,24.884,29.0795,0.6945,1.1965,1.1633,758226.8328,757320.118
000501.SZ,20230627,9.94,0.9086,1.5944,25.0859,29.3154,0.7001,1.2062,1.1727,764378.7746,763464.7031
000501.SZ,20230626,9.75,0.8278,1.4525,24.6064,28.7551,0.6867,1.1831,1.1503,749767.9127,748871.3135
000501.SZ,20230621,9.87,0.5665,0.9941,24.9092,29.109,0.6952,1.1977,1.1644,758995.8255,758088.1912
000501.SZ,20230620,9.87,0.5631,0.9881,24.9092,29.109,0.6952,1.1977,1.1644,758995.8255,758088.1912
000501.SZ,20230619,9.92,1.0894,1.9116,25.0354,29.2565,0.6987,1.2038,1.1703,762840.7892,761928.5569
000501.SZ,20230616,10.12,0.6898,1.2104,25.5401,29.8463,0.7128,1.228,1.1939,778220.6438,777290.0197
000501.SZ,20230615,10.16,0.9574,1.68,25.6411,29.9643,0.7131,1.2329,1.1987,781296.6147,780362.3123
000501.SZ,20230614,10.16,0.8447,1.4822,25.6411,29.9643,0.7131,1.2329,1.1987,781296.6147,780362.3123
000501.SZ,20230613,10.07,0.4221,0.7406,25.414,29.6988,0.7068,1.222,1.188,774375.6801,773449.654
000501.SZ,20230612,10.06,0.5538,0.9718,25.3887,29.6694,0.7061,1.2207,1.1869,773606.6874,772681.5809
000501.SZ,20230609,10.12,0.7034,1.2343,25.5401,29.8463,0.7103,1.228,1.1939,778220.6438,777290.0197
000501.SZ,20230608,10.15,0.7035,1.2345,25.6159,29.9348,0.7124,1.2317,1.1975,780527.622,779594.2391
000501.SZ,20230607,10.15,0.7666,1.3452,25.6159,29.9348,0.7124,1.2317,1.1975,780527.622,779594.2391
000501.SZ,20230606,10.02,0.6524,1.1448,25.2878,29.5514,0.7033,1.2159,1.1821,770530.7165,769609.2883
000501.SZ,20230605,10.14,0.8445,1.4819,25.5906,29.9053,0.7117,1.2305,1.1963,779758.6292,778826.166
000501.SZ,20230602,10.13,0.771,1.3529,25.5654,29.8758,0.711,1.2292,1.1951,778989.6365,778058.0928
000501.SZ,20230601,9.97,0.5842,1.0252,25.1616,29.4039,0.6998,1.2098,1.1762,766685.7528,765768.9226
000501.SZ,20230531,9.97,0.7696,1.3504,25.1616,29.4039,0.6998,1.2098,1.1762,766685.7528,765768.9226
000501.SZ,20230530,9.88,1.068,1.8739,24.9344,29.1385,0.6935,1.1989,1.1656,759764.8182,758856.2643
000501.SZ,20230529,9.89,0.9424,1.6536,24.9597,29.168,0.6942,1.2001,1.1668,760533.811,759624.3374
000501.SZ,20230526,10.08,0.8888,1.5596,25.4392,29.7283,0.7075,1.2232,1.1892,775144.6728,774217.7271
000501.SZ,20230525,10.0,0.8247,1.447,25.2373,29.4924,0.7019,1.2135,1.1798,768992.731,768073.142
000501.SZ,20230524,10.0,0.8147,1.4296,25.2373,29.4924,0.7019,1.2135,1.1798,768992.731,768073.142
000501.SZ,20230523,10.14,0.8772,1.5392,25.5906,29.9053,0.7117,1.2305,1.1963,779758.6292,778826.166
000501.SZ,20230522,10.26,0.7645,1.3415,25.8935,30.2592,0.7201,1.245,1.2105,788986.542,788043.0437
000501.SZ,20230519,10.28,0.6693,1.1744,25.9439,30.3182,0.7215,1.2474,1.2128,790524.5275,789579.19
000501.SZ,20230518,10.39,0.6178,1.084,26.2215,30.6426,0.7293,1.2608,1.2258,798983.4475,798027.9945
000501.SZ,20230517,10.45,0.6358,1.1156,26.373,30.8196,0.7335,1.2681,1.2329,803597.4039,802636.4334
000501.SZ,20230516,10.47,1.134,1.9898,26.4234,30.8785,0.7349,1.2705,1.2352,805135.3894,804172.5797
000501.SZ,20230515,10.68,1.8609,3.2653,26.9534,31.4979,0.7496,1.296,1.26,821284.2367,820302.1157
000501.SZ,20230512,11.07,0.6747,1.1839,27.9377,32.6481,0.777,1.3433,1.306,851274.9532,850256.9682
000501.SZ,20230511,11.3,0.922,1.6178,28.5181,33.3264,0.7931,1.3712,1.3332,868961.786,867922.6505
000501.SZ,20230510,11.27,1.2222,2.1445,28.4424,33.2379,0.791,1.3676,1.3296,866654.8078,865618.431
000501.SZ,20230509,11.27,1.6006,2.8086,28.4424,33.2379,0.791,1.3676,1.3296,866654.8078,865618.431
000501.SZ,20230508,11.21,1.131,1.9845,28.291,33.061,0.7868,1.3603,1.3225,862040.8515,861009.9922
000501.SZ,20230505,11.24,1.0606,1.861,28.3667,33.1495,0.7889,1.3639,1.3261,864347.8296,863314.2116
000501.SZ,20230504,11.24,1.4394,2.5257,28.3667,33.1495,0.7889,1.3639,1.3261,864347.8296,863314.2116
000501.SZ,20230428,11.38,1.1285,1.9801,28.72,28.72,0.8093,1.3809,1.3809,875113.7279,874067.2356
000501.SZ,20230427,11.04,0.6222,1.0917,27.862,27.862,0.7852,1.3397,1.3397,848967.975,847952.7488
000501.SZ,20230426,11.09,0.6913,1.213,27.9882,27.9882,0.7887,1.3457,1.3457,852812.9387,851793.1145
000501.SZ,20230425,10.93,0.6438,1.1296,27.5844,27.5844,0.7773,1.3263,1.3263,840509.055,839503.9442
000501.SZ,20230424,11.07,0.8165,1.4327,27.9377,27.9377,0.7873,1.3433,1.3433,851274.9532,850256.9682
000501.SZ,20230421,11.04,0.9644,1.6923,27.862,27.862,0.7852,1.3397,1.3397,848967.975,847952.7488
000501.SZ,20230420,11.2,0.6553,1.1498,28.2658,28.2658,0.7965,1.3591,1.3591,861271.8587,860241.919
000501.SZ,20230419,11.33,0.5935,1.0414,28.5939,28.5939,0.8058,1.3749,1.3749,871268.7642,870226.8699
000501.SZ,20230418,11.38,0.672,1.1791,28.72,28.72,0.8093,1.3809,1.3809,875113.7279,874067.2356
000501.SZ,20230417,11.4,0.861,1.5108,28.7705,28.7705,0.8108,1.3834,1.3834,876651.7133,875603.3819
000501.SZ,20230414,11.33,1.3564,2.3801,28.5939,28.5939,0.8058,1.3749,1.3749,871268.7642,870226.8699
000501.SZ,20230413,11.55,0.9163,1.6077,29.1491,29.1491,0.8214,1.4016,1.4016,888186.6043,887124.479
000501.SZ,20230412,11.42,0.79,1.3862,28.821,28.821,0.8122,1.3858,1.3858,878189.6988,877139.5282
000501.SZ,20230411,11.41,1.0155,1.7819,28.7957,28.7957,0.8115,1.3846,1.3846,877420.7061,876371.455
000501.SZ,20230410,11.35,1.374,2.4109,28.6443,28.6443,0.8072,1.3773,1.3773,872806.7497,871763.0162
000501.SZ,20230407,11.57,0.9101,1.597,29.1995,29.1995,0.8229,1.404,1.404,889724.5898,888660.6253
000501.SZ,20230406,11.59,0.9759,1.7123,29.25,29.25,0.8243,1.4064,1.4064,891262.5752,890196.7716
000501.SZ,20230404,11.76,1.3308,2.3351,29.6791,29.6791,0.8364,1.427,1.427,904335.4517,903254.015
000501.SZ,20230403,11.88,1.3252,2.3253,29.9819,29.9819,0.8449,1.4416,1.4416,913563.3644,912470.8927
000501.SZ,20230331,11.99,1.628,2.8566,30.2595,30.2595,0.8527,1.4549,1.4549,922022.2845,920919.6973
000501.SZ,20230330,11.87,1.5939,2.7967,12.1314,17.0251,0.8365,1.2808,1.3619,912794.3717,911702.8196
000501.SZ,20230329,12.0,2.5445,4.4648,12.2643,17.2116,0.8456,1.2949,1.3768,922791.2772,921687.7704
000501.SZ,20230328,11.61,1.1145,1.9555,11.8657,16.6522,0.8182,1.2528,1.3321,892800.5607,891732.9179
000501.SZ,20230327,11.45,0.8579,1.5053,11.7021,16.4227,0.8069,1.2355,1.3137,880496.677,879443.7476
000501.SZ,20230324,11.5,0.7393,1.2971,11.7532,16.4944,0.8104,1.2409,1.3195,884341.6407,883284.1133
000501.SZ,20230323,11.48,1.1322,1.9866,11.7328,16.4657,0.809,1.2388,1.3172,882803.6552,881747.967
000501.SZ,20230322,11.63,0.6659,1.1685,11.8861,16.6809,0.8196,1.2549,1.3344,894338.5462,893269.0641
000501.SZ,20230321,11.6,0.7438,1.3051,11.8554,16.6378,0.8175,1.2517,1.3309,892031.568,890964.8447
000501.SZ,20230320,11.46,1.5542,2.7271,11.7124,16.437,0.8076,1.2366,1.3149,881265.6697,880211.8207
000501.SZ,20230317,11.8,0.9146,1.6048,12.0598,16.9247,0.8316,1.2733,1.3539,907411.4226,906326.3076
000501.SZ,20230316,11.61,1.1038,1.9368,11.8657,16.6522,0.8182,1.2528,1.3321,892800.5607,891732.9179
000501.SZ,20230315,11.64,0.8821,1.5478,11.8963,16.6952,0.8203,1.256,1.3355,895107.5389,894037.1373
000501.SZ,20230314,11.61,1.3419,2.3546,11.8657,16.6522,0.8182,1.2528,1.3321,892800.5607,891732.9179
000501.SZ,20230313,11.73,0.7341,1.2882,11.9883,16.8243,0.8266,1.2657,1.3458,902028.4735,900949.7956
000501.SZ,20230310,11.69,0.9535,1.6731,11.9474,16.7669,0.8238,1.2614,1.3413,898952.5025,897877.503
000501.SZ,20230309,11.76,1.0549,1.851,12.019,16.8673,0.8287,1.269,1.3493,904335.4517,903254.015
000501.SZ,20230308,11.96,1.502,2.6355,12.2234,17.1542,0.8428,1.2906,1.3722,919715.3063,918615.4778
000501.SZ,20230307,11.72,1.348,2.3653,11.9781,16.8099,0.8259,1.2647,1.3447,901259.4807,900181.7224
000501.SZ,20230306,11.93,1.7071,2.9954,12.1927,17.1111,0.8407,1.2873,1.3688,917408.3281,916311.2584
000501.SZ,20230303,11.77,1.234,2.1652,12.0292,16.8817,0.8294,1.2701,1.3504,905104.4444,904022.0881
000501.SZ,20230302,11.59,1.0202,1.7902,11.8452,16.6235,0.8168,1.2506,1.3298,891262.5752,890196.7716
000501.SZ,20230301,11.72,1.3589,2.3843,11.9781,16.8099,0.8259,1.2647,1.3447,901259.4807,900181.7224
000501.SZ,20230228,11.73,1.2063,2.1167,11.9883,16.8243,0.8266,1.2657,1.3458,902028.4735,900949.7956
000501.SZ,20230227,11.7,2.6314,4.6172,11.9576,16.7813,0.8245,1.2625,1.3424,899721.4953,898645.5761
000501.SZ,20230224,11.74,2.7353,4.7995,11.9985,16.8386,0.8273,1.2668,1.347,902797.4662,901717.8687
000501.SZ,20230223,11.57,4.1649,7.3081,11.8248,16.5948,0.8153,1.2485,1.3275,889724.5898,888660.6253
000501.SZ,20230222,10.98,0.5977,1.0488,11.2218,15.7486,0.7738,1.1848,1.2598,844354.0186,843344.3099
000501.SZ,20230221,11.02,0.7511,1.3179,11.2627,15.8059,0.7766,1.1891,1.2644,847429.9896,846416.6025
000501.SZ,20230220,11.03,0.7876,1.382,11.2729,15.8203,0.7773,1.1902,1.2655,848198.9823,847184.6756
000501.SZ,20230217,10.86,0.7276,1.2768,11.0991,15.5765,0.7653,1.1719,1.246,835126.1059,834127.4322
000501.SZ,20230216,10.86,1.4603,2.5623,11.0991,15.5765,0.7653,1.1719,1.246,835126.1059,834127.4322
000501.SZ,20230215,10.95,0.6915,1.2134,11.1911,15.7055,0.7717,1.1816,1.2564,842047.0404,841040.0905
000501.SZ,20230214,11.01,0.8569,1.5036,11.2524,15.7916,0.7759,1.188,1.2632,846660.9968,845648.5293
000501.SZ,20230213,10.99,1.0224,1.7939,11.232,15.7629,0.7745,1.1859,1.2609,845123.0114,844112.3831
000501.SZ,20230210,10.91,0.6236,1.0942,11.1502,15.6482,0.7688,1.1773,1.2518,838971.0695,837967.7979
000501.SZ,20230209,10.86,0.6952,1.2198,11.0991,15.5765,0.7653,1.1719,1.246,835126.1059,834127.4322
000501.SZ,20230208,10.72,0.8286,1.454,10.9561,15.3757,0.7554,1.1568,1.23,824360.2076,823374.4082
000501.SZ,20230207,10.86,0.4568,0.8015,11.0991,15.5765,0.7653,1.1719,1.246,835126.1059,834127.4322
000501.SZ,20230206,10.83,0.6411,1.125,11.0685,15.5334,0.7632,1.1686,1.2426,832819.1277,831823.2128
000501.SZ,20230203,10.92,0.6559,1.151,11.1605,15.6625,0.7695,1.1783,1.2529,839740.0623,838735.8711
000501.SZ,20230202,10.99,0.8928,1.5666,11.232,15.7629,0.7745,1.1859,1.2609,845123.0114,844112.3831
000501.SZ,20230201,10.99,0.8457,1.4839,11.232,15.7629,0.7745,1.1859,1.2609,845123.0114,844112.3831
000501.SZ,20230131,10.95,1.0225,1.7941,11.1911,15.7055,0.7717,1.1816,1.2564,842047.0404,841040.0905
000501.SZ,20230130,10.83,2.3562,4.1344,11.0685,15.5334,0.7632,1.1686,1.2426,832819.1277,831823.2128
000501.SZ,20230120,10.75,0.7916,1.3891,10.9867,15.4187,0.7576,1.16,1.2334,826667.1858,825678.6277
000501.SZ,20230119,10.72,0.9453,1.6587,10.9561,15.3757,0.7554,1.1568,1.23,824360.2076,823374.4082
000501.SZ,20230118,10.83,1.2653,2.2202,11.0685,15.5334,0.7632,1.1686,1.2426,832819.1277,831823.2128
000501.SZ,20230117,10.98,2.5824,4.5313,11.2218,15.7486,0.7738,1.1848,1.2598,844354.0186,843344.3099
000501.SZ,20230116,10.66,1.6131,2.8305,10.8947,15.2896,0.7512,1.1503,1.2231,819746.2512,818765.9694
000501.SZ,20230113,10.47,0.8448,1.4824,10.7006,15.0171,0.7378,1.1298,1.2013,805135.3894,804172.5797
000501.SZ,20230112,10.36,1.2143,2.1307,10.5881,14.8593,0.7301,1.1179,1.1887,796676.4693,795723.7751
000501.SZ,20230111,10.51,1.486,2.6074,10.7414,15.0744,0.7406,1.1341,1.2059,808211.3603,807244.8722
000501.SZ,20230110,10.77,1.4719,2.5828,11.0072,15.4474,0.759,1.1621,1.2357,828205.1713,827214.7739
000501.SZ,20230109,10.64,0.9077,1.5927,10.8743,15.2609,0.7498,1.1481,1.2208,818208.2658,817229.8231
000501.SZ,20230106,10.6,1.7541,3.0778,10.8334,15.2035,0.747,1.1438,1.2162,815132.2949,814157.5305
000501.SZ,20230105,10.95,1.3863,2.4326,11.1911,15.7055,0.7717,1.1816,1.2564,842047.0404,841040.0905
000501.SZ,20230104,11.06,1.4192,2.4902,11.3036,15.8633,0.7794,1.1934,1.269,850505.9605,849488.8951
000501.SZ,20230103,10.98,1.8897,3.3158,11.2218,15.7486,0.7738,1.1848,1.2598,844354.0186,843344.3099
000501.SZ,20221230,11.2,1.9921,3.4955,11.4466,16.0641,0.7893,1.2085,1.285,861271.8587,860241.919
000501.SZ,20221229,11.06,1.4783,2.5939,11.3036,15.8633,0.7794,1.1934,1.269,850505.9605,849488.8951
000501.SZ,20221228,10.92,0.7996,1.403,11.1605,15.6625,0.7695,1.1783,1.2529,839740.0623,838735.8711
000501.SZ,20221227,11.07,1.3244,2.324,11.3138,15.8777,0.7801,1.1945,1.2701,851274.9532,850256.9682
000501.SZ,20221226,10.86,1.0504,1.8431,11.0991,15.5765,0.7653,1.1719,1.246,835126.1059,834127.4322
000501.SZ,20221223,10.71,0.8314,1.4588,10.9458,15.3613,0.7547,1.1557,1.2288,823591.2149,822606.3351
000501.SZ,20221222,10.83,1.0728,1.8824,11.0685,15.5334,0.7632,1.1686,1.2426,832819.1277,831823.2128
000501.SZ,20221221,11.0,1.1035,1.9363,11.2422,15.7773,0.7752,1.187,1.2621,845892.0041,844880.4562
000501.SZ,20221220,10.86,0.9251,1.6233,11.0991,15.5765,0.7653,1.1719,1.246,835126.1059,834127.4322
000501.SZ,20221219,11.0,1.1835,2.0767,11.2422,15.7773,0.7752,1.187,1.2621,845892.0041,844880.4562
000501.SZ,20221216,11.15,1.1322,1.9867,11.3955,15.9924,0.7857,1.2031,1.2793,857426.8951,856401.5533
000501.SZ,20221215,11.1,1.5486,2.7173,11.3444,15.9207,0.7822,1.1978,1.2736,853581.9314,852561.1876
000501.SZ,20221214,11.23,2.1871,3.8376,11.4773,16.1071,0.7914,1.2118,1.2885,863578.8369,862546.1385
000501.SZ,20221213,11.08,1.5279,2.6809,11.324,15.892,0.7808,1.1956,1.2713,852043.9459,851025.0413
000501.SZ,20221212,10.88,1.1876,2.0839,11.1196,15.6051,0.7667,1.174,1.2483,836664.0913,835663.5785
000501.SZ,20221209,11.01,1.3467,2.3629,11.2524,15.7916,0.7759,1.188,1.2632,846660.9968,845648.5293
000501.SZ,20221208,11.11,2.4023,4.2152,11.3547,15.935,0.7829,1.1988,1.2747,854350.9241,853329.2608
000501.SZ,20221207,10.85,1.9341,3.3937,11.0889,15.5621,0.7646,1.1708,1.2449,834357.1131,833359.3591
000501.SZ,20221206,10.86,2.7748,4.8688,11.0991,15.5765,0.7653,1.1719,1.246,835126.1059,834127.4322
000501.SZ,20221205,10.68,1.6773,2.943,10.9152,15.3183,0.7526,1.1524,1.2254,821284.2367,820302.1157
000501.SZ,20221202,10.48,1.174,2.06,10.7108,15.0314,0.7385,1.1309,1.2024,805904.3821,804940.6528
000501.SZ,20221201,10.51,2.6888,4.718,10.7414,15.0744,0.7406,1.1341,1.2059,808211.3603,807244.8722
000501.SZ,20221130,10.26,1.5123,2.6536,10.4859,14.7159,0.723,1.1071,1.1772,788986.542,788043.0437
000501.SZ,20221129,10.22,1.7697,3.1052,10.4451,14.6585,0.7202,1.1028,1.1726,785910.5711,784970.7511
000501.SZ,20221128,9.9,0.7795,1.3678,10.118,14.1995,0.6977,1.0683,1.1359,761302.8037,760392.4106
000501.SZ,20221125,9.87,0.7675,1.3467,10.0873,14.1565,0.6955,1.065,1.1324,758995.8255,758088.1912
000501.SZ,20221124,9.85,0.8288,1.4542,10.0669,14.1278,0.6941,1.0629,1.1301,757457.84,756552.0449
000501.SZ,20221123,9.84,0.6674,1.1711,10.0567,14.1135,0.6934,1.0618,1.129,756688.8473,755783.9717
000501.SZ,20221122,9.92,0.7304,1.2816,10.1384,14.2282,0.6991,1.0704,1.1382,762840.7892,761928.5569
000501.SZ,20221121,9.98,0.8916,1.5645,10.1998,14.3143,0.7033,1.0769,1.1451,767454.7455,766536.9957
000501.SZ,20221118,10.15,0.8456,1.4838,10.3735,14.5581,0.7153,1.0952,1.1646,780527.622,779594.2391
000501.SZ,20221117,10.24,0.8731,1.5319,10.4655,14.6872,0.7216,1.105,1.1749,787448.5565,786506.8974
000501.SZ,20221116,10.25,0.9251,1.6233,10.4757,14.7015,0.7223,1.106,1.176,788217.5493,787274.9706
000501.SZ,20221115,10.21,0.9969,1.7492,10.4348,14.6442,0.7195,1.1017,1.1715,785141.5784,784202.678
000501.SZ,20221114,10.19,0.7951,1.3952,10.4144,14.6155,0.7181,1.0996,1.1692,783603.5929,782666.5317
000501.SZ,20221111,10.22,1.1386,1.9978,10.4451,14.6585,0.7202,1.1028,1.1726,785910.5711,784970.7511
000501.SZ,20221110,10.14,0.873,1.5318,10.3633,14.5438,0.7146,1.0942,1.1634,779758.6292,778826.166
000501.SZ,20221109,10.11,1.0169,1.7843,10.3326,14.5007,0.7125,1.0909,1.16,777451.651,776521.9466
000501.SZ,20221108,10.19,1.0656,1.8698,10.4144,14.6155,0.7181,1.0996,1.1692,783603.5929,782666.5317
000501.SZ,20221107,10.08,0.985,1.7284,10.302,14.4577,0.7103,1.0877,1.1565,775144.6728,774217.7271
000501.SZ,20221104,10.02,1.5348,2.6931,10.2406,14.3716,0.7061,1.0812,1.1497,770530.7165,769609.2883
000501.SZ,20221103,9.85,1.0118,1.7753,10.0669,14.1278,0.6941,1.0629,1.1301,757457.84,756552.0449
000501.SZ,20221102,9.86,1.6682,2.9272,10.0771,14.1422,0.6948,1.064,1.1313,758226.8328,757320.118
000501.SZ,20221101,9.6,0.8027,1.4084,9.8114,13.7692,0.6765,1.0359,1.1015,738233.0218,737350.2163
000501.SZ,20221031,9.45,0.6067,1.0646,9.6581,13.5541,0.6659,1.0197,1.0843,726698.1308,725829.1192
000501.SZ,20221028,9.47,1.3537,2.3753,9.6785,12.817,0.6713,1.0219,1.0711,728236.1163,727365.2655
000501.SZ,20221027,10.03,0.5759,1.0105,10.2509,13.5749,0.711,1.0823,1.1345,771299.7092,770377.3614
000501.SZ,20221026,10.0,0.5462,0.9584,10.2202,13.5343,0.7089,1.0791,1.1311,768992.731,768073.142
000501.SZ,20221025,9.9,0.4958,0.87,10.118,13.3989,0.7018,1.0683,1.1198,761302.8037,760392.4106
000501.SZ,20221024,9.94,0.7164,1.257,10.1589,13.4531,0.7046,1.0726,1.1243,764378.7746,763464.7031
000501.SZ,20221021,10.08,0.5781,1.0145,10.302,13.6426,0.7146,1.0877,1.1401,775144.6728,774217.7271
000501.SZ,20221020,10.12,0.4142,0.7268,10.3429,13.6967,0.7174,1.092,1.1447,778220.6438,777290.0197
000501.SZ,20221019,10.13,0.5855,1.0274,10.3531,13.7102,0.7181,1.0931,1.1458,778989.6365,778058.0928
000501.SZ,20221018,10.19,0.7411,1.3004,10.4144,13.7914,0.7224,1.0996,1.1526,783603.5929,782666.5317
000501.SZ,20221017,10.15,0.5911,1.0372,10.3735,13.7373,0.7195,1.0952,1.1481,780527.622,779594.2391
000501.SZ,20221014,10.05,0.7504,1.3167,10.2713,13.602,0.7124,1.0845,1.1367,772837.6947,771913.5077
000501.SZ,20221013,9.92,0.5589,0.9807,10.1384,13.426,0.7032,1.0704,1.122,762840.7892,761928.5569
000501.SZ,20221012,9.95,0.7252,1.2725,10.1691,13.4666,0.7053,1.0737,1.1254,765147.7673,764232.7763
000501.SZ,20221011,9.9,1.2766,2.2401,10.118,13.3989,0.7018,1.0683,1.1198,761302.8037,760392.4106
000501.SZ,20221010,10.13,0.9638,1.6911,10.3531,13.7102,0.7181,1.0931,1.1458,778989.6365,778058.0928
000501.SZ,20220930,10.28,0.8137,1.4277,10.5064,13.9132,0.7287,1.1093,1.1628,790524.5275,789579.19
000501.SZ,20220929,10.32,1.3382,2.3482,10.5473,13.9674,0.7316,1.1136,1.1673,793600.4984,792651.4825
000501.SZ,20220928,10.47,1.6673,2.9256,10.7006,14.1704,0.7422,1.1298,1.1843,805135.3894,804172.5797
000501.SZ,20220927,10.53,2.2114,3.8802,10.7619,14.2516,0.7465,1.1362,1.191,809749.3457,808781.0185
000501.SZ,20220926,9.95,1.7274,3.0311,10.1691,13.4666,0.7053,1.0737,1.1254,765147.7673,764232.7763
000501.SZ,20220923,10.45,1.17,2.053,10.6801,14.1433,0.7408,1.1276,1.182,803597.4039,802636.4334
000501.SZ,20220922,10.39,1.157,2.0301,10.6188,14.0621,0.7365,1.1211,1.1752,798983.4475,798027.9945
000501.SZ,20220921,10.6,1.1834,2.0764,10.8334,14.3463,0.7514,1.1438,1.199,815132.2949,814157.5305
000501.SZ,20220920,10.68,1.6945,2.9734,10.9152,14.4546,0.7571,1.1524,1.208,821284.2367,820302.1157
000501.SZ,20220919,10.48,1.42,2.4916,10.7108,14.1839,0.7429,1.1309,1.1854,805904.3821,804940.6528
000501.SZ,20220916,10.63,1.7315,3.0382,10.8641,14.3869,0.7536,1.147,1.2023,817439.2731,816461.7499
000501.SZ,20220915,10.76,2.2181,3.892,10.9969,14.5629,0.7628,1.1611,1.2171,827436.1786,826446.7008
000501.SZ,20220914,10.98,3.438,6.0326,11.2218,14.8606,0.7784,1.1848,1.2419,844354.0186,843344.3099
000501.SZ,20220913,10.83,1.261,2.2126,11.0685,14.6576,0.7677,1.1686,1.225,832819.1277,831823.2128
000501.SZ,20220909,10.65,0.9921,1.7409,10.8845,14.414,0.755,1.1492,1.2046,818977.2585,817997.8962
000501.SZ,20220908,10.56,1.3263,2.3273,10.7925,14.2922,0.7486,1.1395,1.1944,812056.3239,811085.238
000501.SZ,20220907,10.39,0.5048,0.8858,10.6188,14.0621,0.7365,1.1211,1.1752,798983.4475,798027.9945
000501.SZ,20220906,10.42,0.6459,1.1333,10.6495,14.1027,0.7387,1.1244,1.1786,801290.4257,800332.214
000501.SZ,20220905,10.35,0.5604,0.9834,10.5779,14.008,0.7337,1.1168,1.1707,795907.4766,794955.702
000501.SZ,20220902,10.3,0.6109,1.0719,10.5268,13.9403,0.7302,1.1114,1.165,792062.5129,791115.3363
000501.SZ,20220901,10.33,0.8944,1.5695,10.5575,13.9809,0.7323,1.1147,1.1684,794369.4911,793419.5557
000501.SZ,20220831,10.17,0.6574,1.1536,10.394,13.7644,0.7209,1.0974,1.1503,782065.6074,781130.3854
000501.SZ,20220830,10.25,0.488,0.8563,10.4757,11.9236,0.7345,1.106,1.1265,788217.5493,787274.9706
000501.SZ,20220829,10.22,0.9148,1.6053,10.4451,11.8887,0.7323,1.1028,1.1232,785910.5711,784970.7511
000501.SZ,20220826,10.38,0.4715,0.8273,10.6086,12.0748,0.7438,1.1201,1.1408,798214.4548,797259.9214
000501.SZ,20220825,10.44,0.8553,1.5007,10.6699,12.1446,0.7481,1.1265,1.1474,802828.4112,801868.3602
000501.SZ,20220824,10.26,0.8243,1.4463,10.4859,11.9352,0.7352,1.1071,1.1276,788986.542,788043.0437
000501.SZ,20220823,10.45,0.5067,0.8891,10.6801,12.1562,0.7488,1.1276,1.1485,803597.4039,802636.4334
000501.SZ,20220822,10.45,0.7966,1.3978,10.6801,12.1562,0.7488,1.1276,1.1485,803597.4039,802636.4334
000501.SZ,20220819,10.34,0.5035,0.8835,10.5677,12.0283,0.7409,1.1157,1.1364,795138.4839,794187.6288
000501.SZ,20220818,10.32,0.5682,0.997,10.5473,12.005,0.7395,1.1136,1.1342,793600.4984,792651.4825
000501.SZ,20220817,10.4,0.8605,1.5099,10.629,12.0981,0.7452,1.1222,1.143,799752.4402,798796.0677
000501.SZ,20220816,10.29,0.4729,0.8299,10.5166,11.9701,0.7374,1.1104,1.1309,791293.5202,790347.2631
000501.SZ,20220815,10.29,0.4397,0.7715,10.5166,11.9701,0.7374,1.1104,1.1309,791293.5202,790347.2631
000501.SZ,20220812,10.28,0.5723,1.0042,10.5064,11.9585,0.7366,1.1093,1.1298,790524.5275,789579.19
000501.SZ,20220811,10.27,0.576,1.0107,10.4962,11.9468,0.7359,1.1082,1.1287,789755.5347,788811.1168
000501.SZ,20220810,10.13,0.6235,1.0941,10.3531,11.784,0.7259,1.0931,1.1133,778989.6365,778058.0928
000501.SZ,20220809,10.19,0.4335,0.7606,10.4144,11.8538,0.7302,1.0996,1.1199,783603.5929,782666.5317
000501.SZ,20220808,10.22,0.4994,0.8763,10.4451,11.8887,0.7323,1.1028,1.1232,785910.5711,784970.7511
000501.SZ,20220805,10.25,0.5835,1.0239,10.4757,11.9236,0.7345,1.106,1.1265,788217.5493,787274.9706
000501.SZ,20220804,10.16,0.6046,1.0609,10.3837,11.8189,0.728,1.0963,1.1166,781296.6147,780362.3123
000501.SZ,20220803,10.07,1.2072,2.1182,10.2917,11.7142,0.7216,1.0866,1.1067,774375.6801,773449.654
000501.SZ,20220802,10.2,1.7774,3.1187,10.4246,11.8654,0.7309,1.1006,1.121,784372.5856,783434.6048
000501.SZ,20220801,10.7,0.6537,1.147,10.9356,12.447,0.7667,1.1546,1.176,822822.2222,821838.2619
000501.SZ,20220729,10.69,0.9934,1.7431,10.9254,12.4354,0.766,1.1535,1.1749,822053.2294,821070.1888
000501.SZ,20220728,10.83,0.8743,1.5341,11.0685,12.5983,0.7761,1.1686,1.1903,832819.1277,831823.2128
000501.SZ,20220727,10.84,0.8387,1.4716,11.0787,12.6099,0.7768,1.1697,1.1914,833588.1204,832591.2859
000501.SZ,20220726,10.93,0.7631,1.339,11.1707,12.7146,0.7832,1.1794,1.2012,840509.055,839503.9442
000501.SZ,20220725,10.88,0.9794,1.7185,11.1196,12.6564,0.7796,1.174,1.1958,836664.0913,835663.5785
000501.SZ,20220722,11.03,1.2806,2.2471,11.2729,12.8309,0.7904,1.1902,1.2122,848198.9823,847184.6756
000501.SZ,20220721,10.98,1.8913,3.3187,11.2218,12.7728,0.7868,1.1848,1.2067,844354.0186,843344.3099
000501.SZ,20220720,10.82,0.6687,1.1734,11.0583,12.5866,0.7753,1.1675,1.1892,832050.1349,831055.1396
000501.SZ,20220719,10.8,0.8015,1.4064,11.0378,12.5634,0.7739,1.1654,1.187,830512.1495,829518.9934
000501.SZ,20220718,10.79,1.0352,1.8164,11.0276,12.5517,0.7732,1.1643,1.1859,829743.1567,828750.9202
000501.SZ,20220715,10.63,1.5775,2.768,10.8641,12.3656,0.7617,1.147,1.1683,817439.2731,816461.7499
000501.SZ,20220714,10.93,1.4128,2.479,11.1707,12.7146,0.7832,1.1794,1.2012,840509.055,839503.9442
000501.SZ,20220713,11.2,1.6174,2.838,11.4466,13.0287,0.8026,1.2085,1.2309,861271.8587,860241.919
000501.SZ,20220712,11.25,3.2234,5.656,11.4977,13.0868,0.8062,1.2139,1.2364,865116.8224,864082.2848
000501.SZ,20220711,11.05,2.7665,4.8544,11.2933,12.8542,0.7918,1.1924,1.2144,849736.9678,848720.8219
000501.SZ,20220708,10.7,0.6505,1.1415,10.9356,12.447,0.7667,1.1546,1.176,822822.2222,821838.2619
000501.SZ,20220707,10.73,0.8562,1.5024,10.9663,12.4819,0.7689,1.1578,1.1793,825129.2004,824142.4814
000501.SZ,20220706,10.72,1.0018,1.7578,10.9561,12.4703,0.7682,1.1568,1.1782,824360.2076,823374.4082
000501.SZ,20220705,10.9,1.0311,1.8092,11.14,12.6797,0.7811,1.1762,1.198,838202.0768,837199.7248
000501.SZ,20220704,10.99,1.3847,2.4298,11.232,12.7844,0.7875,1.1859,1.2078,845123.0114,844112.3831
000501.SZ,20220701,11.12,1.4264,2.5029,11.3649,12.9356,0.7968,1.1999,1.2221,855119.9169,854097.3339
000501.SZ,20220630,11.1,2.3088,4.0512,11.3444,12.9124,0.7954,1.1978,1.2199,853581.9314,852561.1876
000501.SZ,20220629,10.82,1.3515,2.3714,11.0583,12.5866,0.7753,1.1675,1.1892,832050.1349,831055.1396
000501.SZ,20220628,10.93,1.909,3.3497,11.1707,12.7146,0.7832,1.1794,1.2012,840509.055,839503.9442
000501.SZ,20220627,10.86,3.3488,5.8761,11.0991,12.6332,0.7782,1.1719,1.1936,835126.1059,834127.4322
000501.SZ,20220624,10.44,1.2221,2.1444,10.6699,12.1446,0.7481,1.1265,1.1474,802828.4112,801868.3602
000501.SZ,20220623,10.37,0.994,1.7441,10.5984,12.0632,0.7431,1.119,1.1397,797445.462,796491.8483
000501.SZ,20220622,10.2,0.7473,1.3112,10.4246,11.8654,0.7309,1.1006,1.121,784372.5856,783434.6048
000501.SZ,20220621,10.32,0.8344,1.464,10.5473,12.005,0.7395,1.1136,1.1342,793600.4984,792651.4825
000501.SZ,20220620,10.35,0.6688,1.1735,10.5779,12.0399,0.7417,1.1168,1.1375,795907.4766,794955.702
000501.SZ,20220617,10.35,0.8758,1.5367,10.5779,12.0399,0.7417,1.1168,1.1375,795907.4766,794955.702
000501.SZ,20220616,10.38,1.0718,1.8806,10.6086,12.0748,0.7438,1.1201,1.1408,798214.4548,797259.9214
000501.SZ,20220615,10.4,1.7819,3.1267,10.629,12.0981,0.7452,1.1222,1.143,799752.4402,798796.0677
000501.SZ,20220614,10.39,1.4496,2.5436,10.6188,12.0864,0.7445,1.1211,1.1419,798983.4475,798027.9945
000501.SZ,20220613,10.34,1.4034,2.4625,10.5677,12.0283,0.7409,1.1157,1.1364,795138.4839,794187.6288
000501.SZ,20220610,10.47,1.3168,2.3106,10.7006,12.1795,0.7503,1.1298,1.1507,805135.3894,804172.5797
000501.SZ,20220609,10.41,1.8282,3.2079,10.6392,12.1097,0.746,1.1233,1.1441,800521.433,799564.1408
000501.SZ,20220608,10.72,3.5455,6.2213,10.9561,12.4703,0.7682,1.1568,1.1782,824360.2076,823374.4082
000501.SZ,20220607,10.81,5.3036,9.306,11.048,12.575,0.7746,1.1665,1.1881,831281.1422,830287.0665
000501.SZ,20220606,10.21,1.0568,1.8544,10.4348,11.877,0.7316,1.1017,1.1221,785141.5784,784202.678
000501.SZ,20220602,10.2,0.8361,1.4671,10.4246,11.8654,0.7309,1.1006,1.121,784372.5856,783434.6048
000501.SZ,20220601,10.27,1.087,1.9073,10.4962,11.9468,0.7359,1.1082,1.1287,789755.5347,788811.1168
000501.SZ,20220531,10.37,1.5182,2.664,10.5984,12.0632,0.7431,1.119,1.1397,797445.462,796491.8483
000501.SZ,20220530,10.25,1.0067,1.7664,10.4757,11.9236,0.7345,1.106,1.1265,788217.5493,787274.9706
000501.SZ,20220527,10.24,1.1509,2.0195,10.4655,11.9119,0.7338,1.105,1.1254,787448.5565,786506.8974
000501.SZ,20220526,10.26,2.154,3.7795,10.4859,11.9352,0.7352,1.1071,1.1276,788986.542,788043.0437
000501.SZ,20220525,10.22,2.4163,4.2398,10.4451,11.8887,0.7323,1.1028,1.1232,785910.5711,784970.7511
000501.SZ,20220524,9.82,1.2139,2.13,10.0362,11.4234,0.7037,1.0596,1.0793,755150.8618,754247.8254
000501.SZ,20220523,10.08,1.046,1.8354,10.302,11.7258,0.7223,1.0877,1.1078,775144.6728,774217.7271
000501.SZ,20220520,10.07,1.1153,1.9569,10.2917,11.7142,0.7216,1.0866,1.1067,774375.6801,773449.654
000501.SZ,20220519,9.97,1.0731,1.8829,10.1895,11.5979,0.7144,1.0758,1.0957,766685.7528,765768.9226
000501.SZ,20220518,10.03,1.2986,2.2786,10.2509,11.6676,0.7187,1.0823,1.1023,771299.7092,770377.3614
000501.SZ,20220517,10.07,1.4743,2.5869,10.2917,11.7142,0.7134,1.0866,1.1067,774375.6801,773449.654
000501.SZ,20220516,10.33,1.2138,2.1298,10.5575,12.0166,0.7318,1.1147,1.1353,794369.4911,793419.5557
000501.SZ,20220513,10.27,0.9413,1.6516,10.4962,11.9468,0.7276,1.1082,1.1287,789755.5347,788811.1168
000501.SZ,20220512,10.29,1.2128,2.1281,10.5166,11.9701,0.729,1.1104,1.1309,791293.5202,790347.2631
000501.SZ,20220511,10.2,2.0155,3.5366,10.4246,11.8654,0.7226,1.1006,1.121,784372.5856,783434.6048
000501.SZ,20220510,10.17,1.2922,2.2674,10.394,11.8305,0.7205,1.0974,1.1177,782065.6074,781130.3854
000501.SZ,20220509,10.15,1.3543,2.3764,10.3735,11.8072,0.7191,1.0952,1.1155,780527.622,779594.2391
000501.SZ,20220506,9.92,1.6774,2.9434,10.1384,11.5397,0.7028,1.0704,1.0902,762840.7892,761928.5569
000501.SZ,20220505,10.29,1.5981,2.8041,10.5166,11.9701,0.729,1.1104,1.1309,791293.5202,790347.2631
000501.SZ,20220429,10.28,2.7931,4.901,10.5064,11.9585,0.7283,1.1093,1.1298,790524.5275,789579.19
000501.SZ,20220428,9.84,3.2338,5.6743,10.0567,11.4466,0.6971,1.0618,1.0815,756688.8473,755783.9717
000501.SZ,20220427,9.97,5.4847,9.6238,10.1895,10.1895,0.718,1.0758,1.0758,766685.7528,765768.9226
000501.SZ,20220426,10.7,6.2017,10.882,10.9356,10.9356,0.7706,1.1546,1.1546,822822.2222,821838.2619
000501.SZ,20220425,10.06,2.4351,4.2728,10.2815,10.2815,0.7245,1.0855,1.0855,773606.6874,772681.5809
000501.SZ,20220422,11.02,2.7453,4.8171,11.2627,11.2627,0.7936,1.1891,1.1891,847429.9896,846416.6025
000501.SZ,20220421,10.67,1.6943,2.9729,10.905,10.905,0.7684,1.1514,1.1514,820515.244,819534.0425
000501.SZ,20220420,10.99,2.2527,3.9527,11.232,11.232,0.7915,1.1859,1.1859,845123.0114,844112.3831
000501.SZ,20220419,11.04,2.1435,3.7612,11.2831,11.2831,0.7951,1.1913,1.1913,848967.975,847952.7488
000501.SZ,20220418,10.83,1.5955,2.7996,11.0685,11.0685,0.78,1.1686,1.1686,832819.1277,831823.2128
000501.SZ,20220415,10.76,1.9413,3.4064,10.9969,10.9969,0.7749,1.1611,1.1611,827436.1786,826446.7008
000501.SZ,20220414,10.72,1.8288,3.209,10.9561,10.9561,0.772,1.1568,1.1568,824360.2076,823374.4082
000501.SZ,20220413,10.75,2.7498,4.825,10.9867,10.9867,0.7742,1.16,1.16,826667.1858,825678.6277
000501.SZ,20220412,11.0,3.0332,5.3224,11.2422,11.2422,0.7922,1.187,1.187,845892.0041,844880.4562
000501.SZ,20220411,10.44,1.6998,2.9826,10.6699,10.6699,0.7519,1.1265,1.1265,802828.4112,801868.3602
000501.SZ,20220408,10.4,0.7414,1.3009,10.629,10.629,0.749,1.1222,1.1222,799752.4402,798796.0677
000501.SZ,20220407,10.36,0.9988,1.7526,10.5881,10.5881,0.7461,1.1179,1.1179,796676.4693,795723.7751
000501.SZ,20220406,10.61,1.3508,2.3703,10.8436,10.8436,0.7641,1.1449,1.1449,815901.2876,814925.6037
000501.SZ,20220401,10.45,1.2465,2.1873,10.6801,10.6801,0.7526,1.1276,1.1276,803597.4039,802636.4334
000501.SZ,20220331,10.23,1.0392,1.8235,10.4553,10.4553,0.7368,1.1039,1.1039,786679.5638,785738.8243
000501.SZ,20220330,10.14,0.5456,0.9316,14.2441,8.7274,0.7534,1.0207,0.9201,779758.6292,778826.166
000501.SZ,20220329,10.01,0.5099,0.8706,14.0614,8.6155,0.7438,1.0076,0.9083,769761.7237,768841.2151
000501.SZ,20220328,10.06,0.5707,0.9745,14.1317,8.6586,0.7475,1.0126,0.9129,773606.6874,772681.5809
000501.SZ,20220325,10.03,0.6266,1.0699,14.0895,8.6327,0.7453,1.0096,0.9101,771299.7092,770377.3614
000501.SZ,20220324,9.96,0.344,0.5873,13.9912,8.5725,0.7401,1.0026,0.9038,765916.7601,765000.8494
000501.SZ,20220323,10.04,0.5044,0.8612,14.1036,8.6413,0.746,1.0106,0.911,772068.7019,771145.4346
000501.SZ,20220322,10.07,0.5654,0.9654,14.1457,8.6672,0.7482,1.0137,0.9138,774375.6801,773449.654
000501.SZ,20220321,10.05,0.4397,0.7507,14.1176,8.6499,0.7468,1.0116,0.912,772837.6947,771913.5077
000501.SZ,20220318,10.06,0.7637,1.3039,14.1317,8.6586,0.7475,1.0126,0.9129,773606.6874,772681.5809
000501.SZ,20220317,9.9,0.8014,1.3684,13.9069,8.5208,0.7356,0.9965,0.8983,761302.8037,760392.4106
000501.SZ,20220316,9.88,1.0138,1.731,13.8788,8.5036,0.7341,0.9945,0.8965,759764.8182,758856.2643
000501.SZ,20220315,9.61,1.7196,2.9361,13.4995,8.2712,0.7141,0.9674,0.872,739002.0145,738118.2895
000501.SZ,20220314,10.3,0.8281,1.4139,14.4688,8.8651,0.7653,1.0368,0.9346,792062.5129,791115.3363
000501.SZ,20220311,10.47,0.7027,1.1998,14.7076,9.0114,0.778,1.0539,0.9501,805135.3894,804172.5797
000501.SZ,20220310,10.41,0.7009,1.1968,14.6233,8.9598,0.7735,1.0479,0.9446,800521.433,799564.1408
000501.SZ,20220309,10.29,1.0973,1.8737,14.4548,8.8565,0.7646,1.0358,0.9337,791293.5202,790347.2631
000501.SZ,20220308,10.4,0.8471,1.4464,14.6093,8.9512,0.7728,1.0469,0.9437,799752.4402,798796.0677
000501.SZ,20220307,10.71,0.8274,1.4128,15.0448,9.218,0.7958,1.0781,0.9718,823591.2149,822606.3351
000501.SZ,20220304,10.79,0.7347,1.2544,15.1571,9.2869,0.8017,1.0861,0.9791,829743.1567,828750.9202
000501.SZ,20220303,11.03,1.3352,2.2798,15.4943,9.4934,0.8196,1.1103,1.0009,848198.9823,847184.6756
000501.SZ,20220302,10.7,0.5588,0.9541,15.0307,9.2094,0.7951,1.0771,0.9709,822822.2222,821838.2619
000501.SZ,20220301,10.66,0.5387,0.9199,14.9745,9.175,0.7921,1.073,0.9673,819746.2512,818765.9694
000501.SZ,20220228,10.5,0.5882,1.0043,14.7498,9.0373,0.7802,1.0569,0.9528,807442.3676,806476.7991
000501.SZ,20220225,10.56,0.6481,1.1066,14.834,9.0889,0.7847,1.063,0.9582,812056.3239,811085.238
000501.SZ,20220224,10.55,1.4531,2.481,14.82,9.0803,0.7839,1.062,0.9573,811287.3312,810317.1648
000501.SZ,20220223,10.91,0.7354,1.2557,15.3257,9.3901,0.8107,1.0982,0.99,838971.0695,837967.7979
000501.SZ,20220222,10.85,1.5029,2.5662,15.2414,9.3385,0.8062,1.0922,0.9845,834357.1131,833359.3591
000501.SZ,20220221,11.07,0.6727,1.1486,15.5505,9.5279,0.8226,1.1143,1.0045,851274.9532,850256.9682
000501.SZ,20220218,11.07,0.8173,1.3956,15.5505,9.5279,0.8226,1.1143,1.0045,851274.9532,850256.9682
000501.SZ,20220217,10.97,1.0506,1.7938,15.41,9.4418,0.8151,1.1043,0.9954,843585.0259,842576.2368
000501.SZ,20220216,11.16,1.0224,1.7457,15.6769,9.6053,0.8292,1.1234,1.0127,858195.8878,857169.6265
000501.SZ,20220215,11.12,1.7229,2.9419,15.6207,9.5709,0.8263,1.1193,1.009,855119.9169,854097.3339
000501.SZ,20220214,11.38,2.4105,4.1159,15.9859,9.7947,0.8456,1.1455,1.0326,875113.7279,874067.2356
000501.SZ,20220211,11.15,1.2958,2.2125,15.6628,9.5967,0.8285,1.1224,1.0118,857426.8951,856401.5533
000501.SZ,20220210,11.18,1.1927,2.0365,15.705,9.6225,0.8307,1.1254,1.0145,859733.8733,858705.7728
000501.SZ,20220209,11.04,1.1548,1.9719,15.5083,9.502,0.8203,1.1113,1.0018,848967.975,847952.7488
000501.SZ,20220208,11.11,1.4902,2.5445,15.6066,9.5623,0.8255,1.1183,1.0081,854350.9241,853329.2608
000501.SZ,20220207,10.86,0.9316,1.5907,15.2555,9.3471,0.8069,1.0932,0.9855,835126.1059,834127.4322
000501.SZ,20220128,10.8,1.6334,2.7889,15.1712,9.2955,0.8025,1.0871,0.98,830512.1495,829518.9934
000501.SZ,20220127,10.31,0.7353,1.2555,14.4829,8.8737,0.7661,1.0378,0.9355,792831.5057,791883.4094
000501.SZ,20220126,10.53,0.7524,1.2847,14.7919,9.0631,0.7824,1.06,0.9555,809749.3457,808781.0185
000501.SZ,20220125,10.4,1.4557,2.4855,14.6093,8.9512,0.7728,1.0469,0.9437,799752.4402,798796.0677
000501.SZ,20220124,10.74,1.3341,2.2779,15.0869,9.2438,0.798,1.0811,0.9746,825898.1931,824910.5545
000501.SZ,20220121,11.0,1.2962,2.2133,15.4521,9.4676,0.8173,1.1073,0.9982,845892.0041,844880.4562
000501.SZ,20220120,10.94,1.9031,3.2494,15.3678,9.416,0.8129,1.1012,0.9927,841278.0477,840272.0173
000501.SZ,20220119,11.05,2.0942,3.5758,15.5224,9.5106,0.8211,1.1123,1.0027,849736.9678,848720.8219
000501.SZ,20220118,10.67,1.3812,2.3584,14.9886,9.1836,0.7928,1.0741,0.9682,820515.244,819534.0425
000501.SZ,20220117,10.81,1.7233,2.9425,15.1852,9.3041,0.8032,1.0881,0.9809,831281.1422,830287.0665
000501.SZ,20220114,10.9,1.9294,3.2944,15.3117,9.3815,0.8099,1.0972,0.9891,838202.0768,837199.7248
000501.SZ,20220113,11.19,1.9195,3.2775,15.719,9.6311,0.8315,1.1264,1.0154,860502.866,859473.8459
000501.SZ,20220112,10.98,1.3296,2.2702,15.424,9.4504,0.8159,1.1053,0.9963,844354.0186,843344.3099
000501.SZ,20220111,10.85,1.0291,1.7571,15.2414,9.3385,0.8062,1.0922,0.9845,834357.1131,833359.3591
000501.SZ,20220110,10.88,1.346,2.2983,15.2836,9.3643,0.8084,1.0952,0.9873,836664.0913,835663.5785
000501.SZ,20220107,10.77,1.1532,1.9691,15.129,9.2696,0.8003,1.0841,0.9773,828205.1713,827214.7739
000501.SZ,20220106,10.95,1.6932,2.8911,15.3819,9.4246,0.8136,1.1022,0.9936,842047.0404,841040.0905
000501.SZ,20220105,10.71,1.2255,2.0926,15.0448,9.218,0.7958,1.0781,0.9718,823591.2149,822606.3351
000501.SZ,20220104,10.77,1.718,2.9334,15.129,9.2696,0.8003,1.0841,0.9773,828205.1713,827214.7739
000501.SZ,20211231,10.51,0.8012,1.368,14.7638,9.0459,0.7809,1.0579,0.9537,808211.3603,807244.8722
000501.SZ,20211230,10.49,1.1633,1.9863,14.7357,9.0287,0.7795,1.0559,0.9519,806673.3748,805708.726
000501.SZ,20211229,10.53,0.9201,1.571,14.7919,9.0631,0.7824,1.06,0.9555,809749.3457,808781.0185
000501.SZ,20211228,10.5,1.3261,2.2642,14.7498,9.0373,0.7802,1.0569,0.9528,807442.3676,806476.7991
000501.SZ,20211227,10.75,1.6442,2.8074,15.1009,9.2524,0.7988,1.0821,0.9755,826667.1858,825678.6277
000501.SZ,20211224,10.86,3.9745,6.7863,15.2555,9.3471,0.8069,1.0932,0.9855,835126.1059,834127.4322
000501.SZ,20211223,10.4,1.772,3.0256,14.6093,8.9512,0.7728,1.0469,0.9437,799752.4402,798796.0677
000501.SZ,20211222,10.28,0.9042,1.544,14.4407,8.8479,0.7639,1.0348,0.9328,790524.5275,789579.19
000501.SZ,20211221,10.35,1.656,2.8276,14.539,8.9082,0.7691,1.0418,0.9392,795907.4766,794955.702
000501.SZ,20211220,10.25,2.65,4.5247,14.3986,8.8221,0.7616,1.0318,0.9301,788217.5493,787274.9706
000501.SZ,20211217,9.97,0.692,1.1816,14.0052,8.5811,0.7408,1.0036,0.9047,766685.7528,765768.9226
000501.SZ,20211216,9.97,0.6581,1.1237,14.0052,8.5811,0.7408,1.0036,0.9047,766685.7528,765768.9226
000501.SZ,20211215,9.93,0.5852,0.9992,13.9491,8.5467,0.7378,0.9996,0.9011,763609.7819,762696.63
000501.SZ,20211214,9.93,0.7749,1.3231,13.9491,8.5467,0.7378,0.9996,0.9011,763609.7819,762696.63
000501.SZ,20211213,10.01,0.664,1.1338,14.0614,8.6155,0.7438,1.0076,0.9083,769761.7237,768841.2151
000501.SZ,20211210,10.04,0.8673,1.4808,14.1036,8.6413,0.746,1.0106,0.911,772068.7019,771145.4346
000501.SZ,20211209,10.07,0.9545,1.6298,14.1457,8.6672,0.7482,1.0137,0.9138,774375.6801,773449.654
000501.SZ,20211208,10.03,0.5684,0.9705,14.0895,8.6327,0.7453,1.0096,0.9101,771299.7092,770377.3614
000501.SZ,20211207,10.02,0.5773,0.9857,14.0755,8.6241,0.7445,1.0086,0.9092,770530.7165,769609.2883
000501.SZ,20211206,10.04,0.8927,1.5243,14.1036,8.6413,0.746,1.0106,0.911,772068.7019,771145.4346
000501.SZ,20211203,9.96,0.505,0.8623,13.9912,8.5725,0.7401,1.0026,0.9038,765916.7601,765000.8494
000501.SZ,20211202,9.95,0.4461,0.7617,13.9772,8.5639,0.7393,1.0016,0.9029,765147.7673,764232.7763
000501.SZ,20211201,9.96,0.5608,0.9576,13.9912,8.5725,0.7401,1.0026,0.9038,765916.7601,765000.8494
000501.SZ,20211130,9.83,0.6145,1.0493,13.8086,8.4606,0.7304,0.9895,0.892,755919.8546,755015.8986
000501.SZ,20211129,9.82,0.8708,1.4869,13.7945,8.452,0.7297,0.9885,0.8911,755150.8618,754247.8254
000501.SZ,20211126,9.95,0.8437,1.4405,13.9772,8.5639,0.7393,1.0016,0.9029,765147.7673,764232.7763
000501.SZ,20211125,10.08,0.4228,0.7219,14.1598,8.6758,0.749,1.0147,0.9147,775144.6728,774217.7271
000501.SZ,20211124,10.09,0.4756,0.812,14.1738,8.6844,0.7497,1.0157,0.9156,775913.6656,774985.8003
000501.SZ,20211123,10.11,0.4532,0.7738,14.2019,8.7016,0.7512,1.0177,0.9174,777451.651,776521.9466
000501.SZ,20211122,10.1,0.5905,1.0083,14.1879,8.693,0.7505,1.0167,0.9165,776682.6583,775753.8734
000501.SZ,20211119,10.14,0.685,1.1696,14.2441,8.7274,0.7534,1.0207,0.9201,779758.6292,778826.166
000501.SZ,20211118,10.02,0.5128,0.8755,14.0755,8.6241,0.7445,1.0086,0.9092,770530.7165,769609.2883
000501.SZ,20211117,10.12,0.5811,0.9922,14.216,8.7102,0.752,1.0187,0.9183,778220.6438,777290.0197
000501.SZ,20211116,10.11,0.7125,1.2165,14.2019,8.7016,0.7512,1.0177,0.9174,777451.651,776521.9466
000501.SZ,20211115,10.15,0.5017,0.8567,14.2581,8.736,0.7542,1.0217,0.921,780527.622,779594.2391
000501.SZ,20211112,10.1,0.5574,0.9517,14.1879,8.693,0.7505,1.0167,0.9165,776682.6583,775753.8734
000501.SZ,20211111,10.06,0.7614,1.3,14.1317,8.6586,0.7475,1.0126,0.9129,773606.6874,772681.5809
000501.SZ,20211110,9.97,0.5727,0.9778,14.0052,8.5811,0.7408,1.0036,0.9047,766685.7528,765768.9226
000501.SZ,20211109,9.95,0.3358,0.5733,13.9772,8.5639,0.7393,1.0016,0.9029,765147.7673,764232.7763
000501.SZ,20211108,9.93,0.4349,0.7426,13.9491,8.5467,0.7378,0.9996,0.9011,763609.7819,762696.63
000501.SZ,20211105,9.94,0.5345,0.9127,13.9631,8.5553,0.7386,1.0006,0.902,764378.7746,763464.7031
000501.SZ,20211104,10.02,0.4945,0.8444,14.0755,8.6241,0.7445,1.0086,0.9092,770530.7165,769609.2883
000501.SZ,20211103,10.03,0.6511,1.1118,14.0895,8.6327,0.7453,1.0096,0.9101,771299.7092,770377.3614
000501.SZ,20211102,9.91,1.0049,1.7158,13.921,8.5295,0.7364,0.9975,0.8992,762071.7964,761160.4837
000501.SZ,20211101,10.16,0.7091,1.2108,14.2721,8.7446,0.7549,1.0227,0.9219,781296.6147,780362.3123
000501.SZ,20211029,10.12,0.6449,1.1012,14.216,7.4677,0.759,1.0187,0.8995,778220.6438,777290.0197
000501.SZ,20211028,10.01,0.8663,1.4793,14.0614,7.3866,0.7508,1.0076,0.8897,769761.7237,768841.2151
000501.SZ,20211027,10.01,0.7413,1.2657,14.0614,7.3866,0.7508,1.0076,0.8897,769761.7237,768841.2151
000501.SZ,20211026,10.19,0.4899,0.8366,14.3143,7.5194,0.7643,1.0257,0.9057,783603.5929,782666.5317
000501.SZ,20211025,10.14,0.5375,0.9177,14.2441,7.4825,0.7605,1.0207,0.9012,779758.6292,778826.166
000501.SZ,20211022,10.19,0.7056,1.2047,14.3143,7.5194,0.7643,1.0257,0.9057,783603.5929,782666.5317
000501.SZ,20211021,10.22,0.7348,1.2547,14.3564,7.5415,0.7665,1.0288,0.9084,785910.5711,784970.7511
000501.SZ,20211020,10.25,0.9349,1.5963,14.3986,7.5637,0.7688,1.0318,0.911,788217.5493,787274.9706
000501.SZ,20211019,10.37,0.8522,1.4551,14.5671,7.6522,0.7778,1.0439,0.9217,797445.462,796491.8483
000501.SZ,20211018,10.36,1.2248,2.0913,14.5531,7.6448,0.777,1.0428,0.9208,796676.4693,795723.7751
000501.SZ,20211015,10.57,0.9207,1.5721,14.8481,7.7998,0.7928,1.064,0.9395,812825.3167,811853.3111
000501.SZ,20211014,10.8,0.9395,1.6042,15.1712,7.9695,0.81,1.0871,0.9599,830512.1495,829518.9934
000501.SZ,20211013,10.67,0.6709,1.1455,14.9886,7.8736,0.8003,1.0741,0.9484,820515.244,819534.0425
000501.SZ,20211012,10.62,1.0524,1.7969,14.9183,7.8367,0.7965,1.069,0.9439,816670.2803,815693.6768
000501.SZ,20211011,10.82,0.7503,1.2812,15.1993,7.9843,0.8115,1.0892,0.9617,832050.1349,831055.1396
000501.SZ,20211008,10.85,1.0565,1.804,15.2414,8.0064,0.8138,1.0922,0.9643,834357.1131,833359.3591
000501.SZ,20210930,10.66,1.0605,1.8108,14.9745,7.8662,0.7995,1.073,0.9475,819746.2512,818765.9694
000501.SZ,20210929,10.7,0.9196,1.5702,15.0307,7.8957,0.8025,1.0771,0.951,822822.2222,821838.2619
000501.SZ,20210928,10.91,0.6733,1.1496,15.3257,8.0507,0.8183,1.0982,0.9697,838971.0695,837967.7979
000501.SZ,20210927,10.92,1.1353,1.9385,15.3397,8.0581,0.819,1.0992,0.9706,839740.0623,838735.8711
000501.SZ,20210924,11.13,1.214,2.0729,15.6347,8.213,0.8348,1.1204,0.9892,855888.9096,854865.407
000501.SZ,20210923,11.29,1.2621,2.155,15.8595,8.3311,0.8468,1.1365,1.0035,868192.7933,867154.5773
000501.SZ,20210922,11.13,1.1509,1.9651,15.6347,8.213,0.8348,1.1204,0.9892,855888.9096,854865.407
000501.SZ,20210917,11.03,1.4693,2.5088,15.4943,8.1393,0.8273,1.1103,0.9803,848198.9823,847184.6756
000501.SZ,20210916,11.22,2.5125,4.29,15.7612,8.2795,0.8415,1.1294,0.9972,862809.8442,861778.0653
000501.SZ,20210915,11.1,1.3105,2.2377,15.5926,8.1909,0.8325,1.1173,0.9866,853581.9314,852561.1876
000501.SZ,20210914,11.26,2.245,3.8333,15.8174,8.309,0.8445,1.1334,1.0008,865885.8151,864850.3579
000501.SZ,20210913,11.29,1.7154,2.9291,15.8595,8.3311,0.8468,1.1365,1.0035,868192.7933,867154.5773
000501.SZ,20210910,11.14,1.6272,2.7784,15.6488,8.2204,0.8355,1.1214,0.9901,856657.9023,855633.4802
000501.SZ,20210909,11.32,1.7588,3.003,15.9016,8.3532,0.849,1.1395,1.0061,870499.7715,869458.7967
000501.SZ,20210908,11.19,1.7688,3.0201,15.719,8.2573,0.8393,1.1264,0.9946,860502.866,859473.8459
000501.SZ,20210907,11.07,1.6353,2.7922,15.5505,8.1688,0.8303,1.1143,0.9839,851274.9532,850256.9682
000501.SZ,20210906,10.89,1.4464,2.4697,15.2976,8.0359,0.8168,1.0962,0.9679,837433.0841,836431.6516
000501.SZ,20210903,10.87,1.3783,2.3534,15.2695,8.0212,0.8153,1.0942,0.9661,835895.0986,834895.5054
000501.SZ,20210902,10.83,2.058,3.514,15.2133,7.9917,0.8123,1.0902,0.9626,832819.1277,831823.2128
000501.SZ,20210901,10.7,1.7531,2.9934,15.0307,7.8957,0.8025,1.0771,0.951,822822.2222,821838.2619
000501.SZ,20210831,10.56,1.1806,2.0159,14.834,7.7924,0.792,1.063,0.9386,812056.3239,811085.238
000501.SZ,20210830,10.48,2.1813,3.5849,14.7217,7.7334,0.786,1.0549,0.9315,805904.3821,804940.6528
000501.SZ,20210827,10.83,1.3192,2.1673,15.2133,8.012,0.8273,1.0902,0.9973,832819.1277,831519.2385
000501.SZ,20210826,10.67,1.1563,1.8997,14.9886,7.8936,0.8151,1.0741,0.9825,820515.244,819234.5591
000501.SZ,20210825,10.69,1.4931,2.4531,15.0167,7.9084,0.8166,1.0761,0.9844,822053.2294,820770.144
000501.SZ,20210824,10.47,1.13,1.8565,14.7076,7.7456,0.7998,1.0539,0.9641,805135.3894,803878.7098
000501.SZ,20210823,10.45,1.0757,1.7674,14.6795,7.7308,0.7983,1.0519,0.9623,803597.4039,802343.1249
000501.SZ,20210820,10.38,0.9158,1.5046,14.5812,7.6791,0.7929,1.0449,0.9558,798214.4548,796968.5776
000501.SZ,20210819,10.36,1.0426,1.713,14.5531,7.6643,0.7914,1.0428,0.954,796676.4693,795432.9927
000501.SZ,20210818,10.43,0.8347,1.3713,14.6514,7.716,0.7967,1.0499,0.9604,802059.4184,800807.54
000501.SZ,20210817,10.42,1.177,1.9337,14.6374,7.7087,0.796,1.0489,0.9595,801290.4257,800039.7475
000501.SZ,20210816,10.59,0.9157,1.5044,14.8762,7.8344,0.8089,1.066,0.9752,814363.3021,813092.2194
000501.SZ,20210813,10.54,1.0424,1.7125,14.8059,7.7974,0.8051,1.061,0.9706,810518.3385,809253.2571
000501.SZ,20210812,10.66,0.9719,1.5967,14.9745,7.8862,0.8143,1.073,0.9816,819746.2512,818466.7666
000501.SZ,20210811,10.78,1.444,2.3723,15.1431,7.975,0.8235,1.0851,0.9927,828974.164,827680.2762
000501.SZ,20210810,10.62,1.3521,2.2213,14.9183,7.8566,0.8112,1.069,0.9779,816670.2803,815395.5968
000501.SZ,20210809,10.56,1.2076,1.9841,14.834,7.8122,0.8067,1.063,0.9724,812056.3239,810788.842
000501.SZ,20210806,10.48,1.0708,1.7593,14.7217,7.753,0.8005,1.0549,0.965,805904.3821,804646.5023
000501.SZ,20210805,10.49,1.5673,2.5749,14.7357,7.7604,0.8013,1.0559,0.966,806673.3748,805414.2947
000501.SZ,20210804,10.46,1.1794,1.9376,14.6936,7.7382,0.799,1.0529,0.9632,804366.3966,803110.9173
000501.SZ,20210803,10.53,1.0084,1.6568,14.7919,7.79,0.8044,1.06,0.9696,809749.3457,808485.4646
000501.SZ,20210802,10.58,1.2931,2.1245,14.8621,7.827,0.8082,1.065,0.9742,813594.3094,812324.4269
000501.SZ,20210730,10.51,1.1044,1.8145,14.7638,7.7752,0.8028,1.0579,0.9678,808211.3603,806949.8797
000501.SZ,20210729,10.53,1.1074,1.8193,14.7919,7.79,0.8044,1.06,0.9696,809749.3457,808485.4646
000501.SZ,20210728,10.48,1.8611,3.0577,14.7217,7.753,0.8005,1.0549,0.965,805904.3821,804646.5023
000501.SZ,20210727,10.68,1.926,3.1642,15.0026,7.901,0.8158,1.0751,0.9834,821284.2367,820002.3516
000501.SZ,20210726,11.08,2.0172,3.314,15.5645,8.1969,0.8464,1.1153,1.0203,852043.9459,850714.0501
000501.SZ,20210723,11.54,1.6288,2.676,16.2107,8.5372,0.8815,1.1616,1.0626,887417.6116,886032.5035
000501.SZ,20210722,11.71,1.2779,2.0995,16.4495,8.663,0.8945,1.1787,1.0783,900490.488,899084.9753
000501.SZ,20210721,11.72,1.4151,2.3249,16.4635,8.6704,0.8953,1.1797,1.0792,901259.4807,899852.7678
000501.SZ,20210720,11.79,1.1048,1.815,16.5619,8.7222,0.9006,1.1868,1.0857,906642.4298,905227.3151
000501.SZ,20210719,11.94,1.4735,2.4208,16.7726,8.8331,0.9121,1.2019,1.0995,918177.3208,916744.202
000501.SZ,20210716,11.91,1.8171,2.9854,16.7304,8.8109,0.9098,1.1989,1.0967,915870.3426,914440.8246
000501.SZ,20210715,12.06,1.8907,3.1063,16.9412,8.9219,0.9212,1.214,1.1105,927405.2336,925957.7116
000501.SZ,20210714,12.06,2.3209,3.813,16.9412,8.9219,0.9212,1.214,1.1105,927405.2336,925957.7116
000501.SZ,20210713,12.05,2.2529,3.7012,16.9271,8.9145,0.9205,1.213,1.1096,926636.2409,925189.9191
000501.SZ,20210712,12.21,3.6905,6.0631,17.1519,9.0329,0.9327,1.2291,1.1243,938940.1246,937474.5985
000501.SZ,20210709,11.87,2.5461,4.1831,16.6742,8.7814,0.9067,1.1948,1.093,912794.3717,911369.6548
000501.SZ,20210708,11.38,0.9621,1.5807,15.9859,8.4189,0.8693,1.1455,1.0479,875113.7279,873747.824
000501.SZ,20210707,11.5,1.2457,2.0466,16.1545,8.5076,0.8785,1.1576,1.059,884341.6407,882961.3336
000501.SZ,20210706,11.39,1.383,2.2721,16.0,8.4263,0.8701,1.1465,1.0488,875882.7206,874515.6165
000501.SZ,20210705,11.54,0.9444,1.5516,16.2107,8.5372,0.8815,1.1616,1.0626,887417.6116,886032.5035
000501.SZ,20210702,11.47,1.3155,2.1612,16.1124,8.4854,0.8762,1.1546,1.0562,882034.6625,880657.9562
000501.SZ,20210701,11.62,0.9877,1.6228,16.3231,8.5964,0.8876,1.1697,1.07,893569.5534,892174.8432
000501.SZ,20210630,11.7,1.22,2.0043,16.4354,8.6556,0.8937,1.1777,1.0774,899721.4953,898317.1829
000501.SZ,20210629,11.88,1.7563,2.8855,16.6883,8.7888,0.9075,1.1959,1.0939,913563.3644,912137.4472
000501.SZ,20210628,11.88,1.886,3.0985,16.6883,8.7888,0.9075,1.1959,1.0939,913563.3644,912137.4472
000501.SZ,20210625,11.7,1.1084,1.8211,16.4354,8.6556,0.8937,1.1777,1.0774,899721.4953,898317.1829
000501.SZ,20210624,11.69,0.9476,1.5568,16.4214,8.6482,0.893,1.1767,1.0765,898952.5025,897549.3904
000501.SZ,20210623,11.68,0.8471,1.3917,16.4073,8.6408,0.8922,1.1757,1.0755,898183.5098,896781.598
000501.SZ,20210622,11.71,1.0255,1.6848,16.4495,8.663,0.8945,1.1787,1.0783,900490.488,899084.9753
000501.SZ,20210621,11.73,1.1449,1.881,16.4776,8.6778,0.896,1.1808,1.0801,902028.4735,900620.5603
000501.SZ,20210618,11.72,1.1976,1.9676,16.4635,8.6704,0.8953,1.1797,1.0792,901259.4807,899852.7678
000501.SZ,20210617,11.43,1.1127,1.8281,16.0562,8.4558,0.8731,1.1506,1.0525,878958.6915,877586.7864
000501.SZ,20210616,11.5,1.1822,1.9423,16.1545,8.5076,0.8685,1.1576,1.059,884341.6407,882961.3336
000501.SZ,20210615,11.52,1.4112,2.3185,16.1826,8.5224,0.87,1.1596,1.0608,885879.6261,884496.9185
000501.SZ,20210611,11.72,1.6234,2.6671,16.4635,8.6704,0.8851,1.1797,1.0792,901259.4807,899852.7678
000501.SZ,20210610,11.85,1.4359,2.359,16.6462,8.7666,0.8949,1.1928,1.0912,911256.3862,909834.0698
000501.SZ,20210609,11.88,1.5502,2.5468,16.6883,8.7888,0.8972,1.1959,1.0939,913563.3644,912137.4472
000501.SZ,20210608,12.04,1.6976,2.789,16.9131,8.9071,0.9093,1.212,1.1087,925867.2481,924422.1267
000501.SZ,20210607,12.17,2.4002,3.9434,17.0957,9.0033,0.9191,1.225,1.1207,935864.1536,934403.4287
000501.SZ,20210604,12.56,2.6996,4.4353,17.6435,9.2918,0.9486,1.2643,1.1566,965854.8701,964347.3348
000501.SZ,20210603,12.6,3.8106,6.2605,17.6997,9.3214,0.9516,1.2683,1.1602,968930.8411,967418.5046
000501.SZ,20210602,12.35,3.4408,5.653,17.3485,9.1365,0.9327,1.2432,1.1372,949706.0228,948223.693
000501.SZ,20210601,12.13,2.5586,4.2035,17.0395,8.9737,0.9161,1.221,1.117,932788.1827,931332.2588
000501.SZ,20210531,11.98,1.6079,2.6416,16.8288,8.8627,0.9048,1.2059,1.1032,921253.2917,919815.3719
000501.SZ,20210528,12.0,2.1442,3.5226,16.8569,8.8775,0.9063,1.2079,1.105,922791.2772,921350.9568
000501.SZ,20210527,12.08,2.0311,3.3369,16.9692,8.9367,0.9123,1.216,1.1124,928943.219,927493.2965
000501.SZ,20210526,12.03,2.7973,4.5957,16.899,8.8997,0.9085,1.211,1.1078,925098.2554,923654.3342
000501.SZ,20210525,11.95,2.283,3.7507,16.7866,8.8405,0.9025,1.2029,1.1004,918946.3135,917511.9945
000501.SZ,20210524,11.72,2.0758,3.4104,16.4635,8.6704,0.8851,1.1797,1.0792,901259.4807,899852.7678
000501.SZ,20210521,11.49,2.0572,3.3798,16.1404,8.5002,0.8678,1.1566,1.058,883572.6479,882193.5411
000501.SZ,20210520,11.22,1.6917,2.7793,15.7612,8.3005,0.8474,1.1294,1.0332,862809.8442,861463.1446
000501.SZ,20210519,11.23,1.5157,2.4902,15.7752,8.3079,0.8481,1.1304,1.0341,863578.8369,862230.9371
000501.SZ,20210518,11.42,1.1946,1.9626,16.0421,8.4484,0.8625,1.1495,1.0516,878189.6988,876818.9939
000501.SZ,20210517,11.51,1.5122,2.4845,16.1685,8.515,0.8693,1.1586,1.0599,885110.6334,883729.1261
000501.SZ,20210514,11.75,2.0083,3.2995,16.5057,8.6926,0.8874,1.1828,1.082,903566.4589,902156.1452
000501.SZ,20210513,11.37,0.8526,1.4007,15.9719,8.4115,0.8587,1.1445,1.047,874344.7351,872980.0316
000501.SZ,20210512,11.45,0.7519,1.2352,16.0843,8.4706,0.8647,1.1526,1.0544,880496.677,879122.3713
000501.SZ,20210511,11.52,1.2488,2.0517,16.1826,8.5224,0.87,1.1596,1.0608,885879.6261,884496.9185
000501.SZ,20210510,11.28,1.2478,2.0501,15.8455,8.3449,0.8519,1.1355,1.0387,867423.8006,866069.8994
000501.SZ,20210507,11.19,1.5816,2.5984,15.719,8.2783,0.8451,1.1264,1.0304,860502.866,859159.7672
000501.SZ,20210506,11.33,1.8029,2.962,15.9157,8.3819,0.8557,1.1405,1.0433,871268.7642,869908.8617
000501.SZ,20210430,11.37,1.0523,1.7288,15.9719,8.4115,0.8587,1.1445,1.047,874344.7351,872980.0316
000501.SZ,20210429,11.42,1.5054,2.6423,16.0421,8.4484,0.8625,1.1495,1.0516,878189.6988,876818.9939
000501.SZ,20210428,11.36,1.1251,1.9746,15.9578,15.9578,0.881,1.1435,1.1435,873575.7424,872212.2391
000501.SZ,20210427,11.14,1.2254,2.1507,15.6488,15.6488,0.864,1.1214,1.1214,856657.9023,855320.8049
000501.SZ,20210426,11.21,1.533,2.6907,15.7471,15.7471,0.8694,1.1284,1.1284,862040.8515,860695.3521
000501.SZ,20210423,11.33,1.8215,3.197,15.9157,15.9157,0.8787,1.1405,1.1405,871268.7642,869908.8617
000501.SZ,20210422,11.5,1.5041,2.64,16.1545,16.1545,0.8919,1.1576,1.1576,884341.6407,882961.3336
000501.SZ,20210421,11.69,2.09,3.6684,16.4214,16.4214,0.9066,1.1767,1.1767,898952.5025,897549.3904
000501.SZ,20210420,11.92,2.5153,4.4147,16.7445,16.7445,0.9245,1.1999,1.1999,916639.3354,915208.6171
000501.SZ,20210419,11.99,3.3354,5.8541,16.8428,16.8428,0.9299,1.2069,1.2069,922022.2845,920583.1643
000501.SZ,20210416,12.4,2.6093,4.5798,17.4188,17.4188,0.9617,1.2482,1.2482,953550.9864,952062.6554
000501.SZ,20210415,12.09,1.7074,2.9968,16.9833,16.9833,0.9377,1.217,1.217,929712.2118,928261.089
000501.SZ,20210414,12.11,2.7321,4.7952,17.0114,17.0114,0.9392,1.219,1.219,931250.1972,929796.6739
000501.SZ,20210413,11.72,1.2425,2.1808,16.4635,16.4635,0.909,1.1797,1.1797,901259.4807,899852.7678
000501.SZ,20210412,11.99,2.0097,3.5274,16.8428,16.8428,0.9299,1.2069,1.2069,922022.2845,920583.1643
000501.SZ,20210409,12.46,2.2027,3.8661,17.503,17.503,0.9664,1.2542,1.2542,958164.9428,956669.4101
000501.SZ,20210408,12.37,1.3666,2.3986,17.3766,17.3766,0.9594,1.2452,1.2452,951244.0082,949759.278
000501.SZ,20210407,12.5,0.7851,1.378,17.5592,17.5592,0.9695,1.2583,1.2583,961240.9138,959740.58
000501.SZ,20210406,12.4,0.9277,1.6283,17.4188,17.4188,0.9617,1.2482,1.2482,953550.9864,952062.6554
000501.SZ,20210402,12.55,1.4221,2.4959,17.6295,17.6295,0.9733,1.2633,1.2633,965085.8774,963579.5423
000501.SZ,20210401,12.45,1.4925,2.6196,17.489,17.489,0.9656,1.2532,1.2532,957395.9501,955901.6177
000501.SZ,20210331,12.67,1.3017,2.2848,17.798,17.798,0.9826,1.2754,1.2754,974313.7902,972793.0519
000501.SZ,20210330,12.82,1.4047,2.4655,18.0088,18.0088,0.9943,1.2905,1.2905,985848.6811,984309.9388
000501.SZ,20210329,12.69,1.389,2.4378,7.9661,16.0237,1.0216,0.5496,1.0464,975851.7756,974358.0269
000501.SZ,20210326,12.93,1.672,2.9346,8.1168,16.3267,1.0409,0.56,1.0662,994307.6012,992785.6018
000501.SZ,20210325,12.87,2.5084,4.4025,8.0791,16.251,1.0361,0.5574,1.0613,989693.6448,988178.7081
000501.SZ,20210324,13.02,4.0028,7.0254,8.1733,16.4404,1.0481,0.5639,1.0736,1001228.5358,999695.9424
000501.SZ,20210323,12.69,3.5799,6.2832,7.9661,16.0237,1.0216,0.5496,1.0464,975851.7756,974358.0269
000501.SZ,20210322,12.15,1.2176,2.137,7.6271,15.3418,0.9781,0.5262,1.0019,934326.1682,932895.9832
000501.SZ,20210319,12.09,1.3554,2.3789,7.5895,15.2661,0.9733,0.5236,0.9969,929712.2118,928289.0894
000501.SZ,20210318,12.2,2.175,3.8174,7.6585,15.405,0.9821,0.5284,1.006,938171.1318,936735.0613
000501.SZ,20210317,12.29,2.5848,4.5367,7.715,15.5186,0.9894,0.5323,1.0134,945092.0664,943645.4019
000501.SZ,20210316,11.87,1.3809,2.4236,7.4514,14.9883,0.9556,0.5141,0.9788,912794.3717,911397.1457
000501.SZ,20210315,11.84,3.121,5.4777,7.4325,14.9504,0.9531,0.5128,0.9763,910487.3935,909093.6988
000501.SZ,20210312,11.43,0.9067,1.5913,7.1752,14.4327,0.9201,0.495,0.9425,878958.6915,877613.2582
000501.SZ,20210311,11.42,1.3689,2.4026,7.1689,14.4201,0.9193,0.4946,0.9417,878189.6988,876845.4426
000501.SZ,20210310,11.54,1.4666,2.574,7.2442,14.5716,0.929,0.4998,0.9516,887417.6116,886059.2301
000501.SZ,20210309,11.41,1.841,3.2312,7.1626,14.4074,0.9185,0.4942,0.9409,877420.7061,876077.627
000501.SZ,20210308,11.78,1.5891,2.7891,7.3949,14.8746,0.9483,0.5102,0.9714,905873.4371,904486.8051
000501.SZ,20210305,11.67,1.221,2.1429,7.3258,14.7357,0.9395,0.5054,0.9623,897414.5171,896040.8332
000501.SZ,20210304,11.55,1.4505,2.5458,7.2505,14.5842,0.9298,0.5002,0.9524,888186.6043,886827.0457
000501.SZ,20210303,11.44,1.5836,2.7794,7.1814,14.4453,0.9209,0.4955,0.9433,879727.6843,878381.0739
000501.SZ,20210302,11.22,1.0267,1.8019,7.0433,14.1675,0.9032,0.4859,0.9252,862809.8442,861489.1301
000501.SZ,20210301,11.36,1.0544,1.8507,7.1312,14.3443,0.9145,0.492,0.9367,873575.7424,872238.5489
000501.SZ,20210226,11.28,1.9274,3.3829,7.081,14.2433,0.9081,0.4885,0.9301,867423.8006,866096.0239
000501.SZ,20210225,11.24,1.0031,1.7605,7.0559,14.1928,0.9048,0.4868,0.9269,864347.8296,863024.7614
000501.SZ,20210224,11.29,1.156,2.0289,7.0873,14.2559,0.9089,0.489,0.931,868192.7933,866863.8395
000501.SZ,20210223,11.34,1.4539,2.5518,7.1187,14.319,0.9129,0.4911,0.9351,872037.757,870702.9176
000501.SZ,20210222,11.67,1.9074,3.3478,7.3258,14.7357,0.9395,0.5054,0.9623,897414.5171,896040.8332
000501.SZ,20210219,11.5,1.4333,2.5156,7.2191,14.5211,0.9258,0.498,0.9483,884341.6407,882987.9676
000501.SZ,20210218,11.24,1.4246,2.5003,7.0559,14.1928,0.9048,0.4868,0.9269,864347.8296,863024.7614
000501.SZ,20210210,10.93,1.2734,2.235,6.8613,13.8013,0.8799,0.4734,0.9013,840509.055,839222.477
000501.SZ,20210209,10.86,1.1723,2.0575,6.8173,13.7129,0.8742,0.4703,0.8955,835126.1059,833847.7677
000501.SZ,20210208,10.76,1.3135,2.3054,6.7546,13.5867,0.8662,0.466,0.8873,827436.1786,826169.6114
000501.SZ,20210205,10.43,0.9735,1.7085,6.5474,13.17,0.8396,0.4517,0.8601,802059.4184,800831.6958
000501.SZ,20210204,10.43,1.1298,1.9829,6.5474,13.17,0.8396,0.4517,0.8601,802059.4184,800831.6958
000501.SZ,20210203,10.63,1.1795,2.0702,6.673,13.4225,0.8557,0.4604,0.8765,817439.2731,816188.0083
000501.SZ,20210202,10.78,1.6124,2.8299,6.7671,13.6119,0.8678,0.4669,0.8889,828974.164,827705.2427
000501.SZ,20210201,10.8,2.6945,4.7292,6.7797,13.6372,0.8694,0.4677,0.8906,830512.1495,829240.8739
000501.SZ,20210129,10.39,1.53,2.6854,6.5223,13.1195,0.8364,0.45,0.8568,798983.4475,797760.4333
000501.SZ,20210128,10.64,1.4139,2.4816,6.6792,13.4351,0.8565,0.4608,0.8774,818208.2658,816955.8239
000501.SZ,20210127,10.73,1.5682,2.7524,6.7357,13.5488,0.8638,0.4647,0.8848,825129.2004,823866.1646
000501.SZ,20210126,11.05,1.7066,2.9954,6.9366,13.9529,0.8895,0.4786,0.9112,849736.9678,848436.2645
000501.SZ,20210125,11.53,1.6965,2.9775,7.2379,14.559,0.9282,0.4993,0.9508,886648.6188,885291.4145
000501.SZ,20210122,11.86,2.6783,4.7007,7.4451,14.9756,0.9548,0.5136,0.978,912025.379,910629.3301
000501.SZ,20210121,11.77,1.9067,3.3464,7.3886,14.862,0.9475,0.5097,0.9706,905104.4444,903718.9894
000501.SZ,20210120,11.91,3.9228,6.885,7.4765,15.0388,0.9588,0.5158,0.9821,915870.3426,914468.4082
000501.SZ,20210119,12.02,3.5362,6.2064,7.5455,15.1777,0.9676,0.5206,0.9912,924329.2627,922914.38
000501.SZ,20210118,10.93,1.465,2.5712,6.8613,13.8013,0.8799,0.4734,0.9013,840509.055,839222.477
000501.SZ,20210115,10.76,1.3413,2.3542,6.7546,13.5867,0.8662,0.466,0.8873,827436.1786,826169.6114
000501.SZ,20210114,10.56,1.1916,2.0913,6.629,13.3341,0.8501,0.4573,0.8708,812056.3239,810813.2989
000501.SZ,20210113,10.58,1.7425,3.0583,6.6416,13.3594,0.8517,0.4582,0.8724,813594.3094,812348.9302
000501.SZ,20210112,10.88,1.5956,2.8004,6.8299,13.7382,0.8759,0.4712,0.8972,836664.0913,835383.3989
000501.SZ,20210111,10.72,1.6899,2.966,6.7295,13.5362,0.863,0.4643,0.884,824360.2076,823098.3489
000501.SZ,20210108,11.12,2.7044,4.7466,6.9806,14.0412,0.8952,0.4816,0.917,855119.9169,853810.9739
000501.SZ,20210107,10.86,2.486,4.3632,6.8173,13.7129,0.8742,0.4703,0.8955,835126.1059,833847.7677
000501.SZ,20210106,11.27,2.2341,3.921,7.0747,14.2307,0.9073,0.4881,0.9293,866654.8078,865328.2082
000501.SZ,20210105,11.64,2.0635,3.6218,7.307,14.6979,0.937,0.5041,0.9598,895107.5389,893737.3863
000501.SZ,20210104,11.65,2.0004,3.5109,7.3133,14.7105,0.9378,0.5045,0.9607,895876.5316,894505.202
000501.SZ,20201231,11.65,1.8518,3.2502,7.3133,14.7105,0.9378,0.5045,0.9607,895876.5316,894505.202
000501.SZ,20201230,11.52,1.4819,2.6009,7.2316,14.5463,0.9274,0.4989,0.9499,885879.6261,884523.5988
000501.SZ,20201229,11.63,1.6626,2.9181,7.3007,14.6852,0.9362,0.5037,0.959,894338.5462,892969.5707
000501.SZ,20201228,11.61,2.3605,4.1429,7.2881,14.66,0.9346,0.5028,0.9574,892800.5607,891433.9395
000501.SZ,20201225,11.89,1.1659,2.0464,7.4639,15.0135,0.9572,0.5149,0.9804,914332.3572,912932.7769
000501.SZ,20201224,12.07,1.4917,2.6182,7.5769,15.2408,0.9717,0.5227,0.9953,928174.2263,926753.4582
000501.SZ,20201223,12.46,2.5036,4.3941,7.8217,15.7333,1.0031,0.5396,1.0275,958164.9428,956698.2675
000501.SZ,20201222,12.17,1.8335,3.218,7.6397,15.3671,0.9797,0.5271,1.0035,935864.1536,934431.6144
000501.SZ,20201221,12.22,1.2965,2.2755,7.6711,15.4302,0.9837,0.5292,1.0077,939709.1173,938270.6925
000501.SZ,20201218,12.25,1.8191,3.1928,7.6899,15.4681,0.9861,0.5305,1.0101,942016.0955,940574.1394
000501.SZ,20201217,12.44,1.1942,2.096,7.8092,15.708,1.0014,0.5388,1.0258,956626.9574,955162.6363
000501.SZ,20201216,12.35,1.0003,1.7557,7.7527,15.5944,0.9942,0.5349,1.0184,949706.0228,948252.2956
000501.SZ,20201215,12.35,1.0824,1.8998,7.7527,15.5944,0.9942,0.5349,1.0184,949706.0228,948252.2956
000501.SZ,20201214,12.35,1.6645,2.9214,7.7527,15.5944,0.9942,0.5349,1.0184,949706.0228,948252.2956
000501.SZ,20201211,12.07,2.3756,4.1694,7.5769,15.2408,0.9717,0.5227,0.9953,928174.2263,926753.4582
000501.SZ,20201210,12.78,2.4809,4.3543,8.0226,16.1373,1.0288,0.5535,1.0538,982772.7102,981268.3675
000501.SZ,20201209,12.34,1.5713,2.7579,7.7464,15.5817,0.9934,0.5344,1.0176,948937.0301,947484.48
000501.SZ,20201208,12.75,1.1421,2.0045,8.0038,16.0995,1.0264,0.5522,1.0514,980465.732,978964.9206
000501.SZ,20201207,12.82,1.2118,2.1269,8.0477,16.1878,1.032,0.5552,1.0571,985848.6811,984339.63
000501.SZ,20201204,12.83,1.1906,2.0896,8.054,16.2005,1.0328,0.5557,1.058,986617.6739,985107.4456
000501.SZ,20201203,12.91,1.7061,2.9944,8.1042,16.3015,1.0393,0.5591,1.0646,992769.6157,991249.9706
000501.SZ,20201202,12.7,0.9829,1.725,7.9724,16.0363,1.0224,0.55,1.0472,976620.7684,975125.8425
000501.SZ,20201201,12.79,1.3719,2.4079,8.0289,16.15,1.0296,0.5539,1.0547,983541.7029,982036.1831
000501.SZ,20201130,12.61,1.195,2.0974,7.9159,15.9227,1.0151,0.5461,1.0398,969699.8338,968215.5019
000501.SZ,20201127,12.75,1.1029,1.9358,8.0038,16.0995,1.0264,0.5522,1.0514,980465.732,978964.9206
000501.SZ,20201126,12.74,1.2181,2.138,7.9975,16.0868,1.0256,0.5518,1.0505,979696.7393,978197.105
000501.SZ,20201125,12.95,2.153,3.7788,8.1293,16.352,1.0425,0.5608,1.0679,995845.5866,994321.2331
000501.SZ,20201124,13.59,1.3746,2.4125,8.5311,17.1601,1.094,0.5886,1.1206,1045061.1214,1043461.433
000501.SZ,20201123,13.85,2.9293,5.1413,8.6943,17.4884,1.115,0.5998,1.1421,1065054.9324,1063424.6392
000501.SZ,20201120,14.13,1.5634,2.7439,8.8701,17.842,1.1375,0.612,1.1652,1086586.7289,1084923.4767
000501.SZ,20201119,13.98,1.7815,3.1268,8.7759,17.6526,1.1254,0.6055,1.1528,1075051.8379,1073406.2424
000501.SZ,20201118,13.82,1.0424,1.8296,8.6755,17.4505,1.1125,0.5985,1.1396,1062747.9542,1061121.1924
000501.SZ,20201117,13.78,1.48,2.5976,8.6504,17.4,1.1093,0.5968,1.1363,1059671.9833,1058049.9299
000501.SZ,20201116,13.92,3.0172,5.2956,8.7382,17.5768,1.1206,0.6029,1.1478,1070437.8816,1068799.3486
000501.SZ,20201113,13.56,1.5702,2.7558,8.5123,17.1222,1.0916,0.5873,1.1182,1042754.1432,1041157.9861
000501.SZ,20201112,13.99,1.4999,2.6325,8.7822,17.6652,1.1262,0.6059,1.1536,1075820.8307,1074174.058
000501.SZ,20201111,13.75,2.0483,3.595,8.6315,17.3622,1.1069,0.5955,1.1338,1057365.0051,1055746.483
000501.SZ,20201110,13.76,1.8126,3.1813,8.6378,17.3748,1.1077,0.5959,1.1346,1058133.9979,1056514.2986
000501.SZ,20201109,13.86,2.1409,3.7575,8.7006,17.5011,1.1158,0.6003,1.1429,1065823.9252,1064192.4549
000501.SZ,20201106,13.98,1.3349,2.3429,8.7759,17.6526,1.1254,0.6055,1.1528,1075051.8379,1073406.2424
000501.SZ,20201105,14.0,1.3841,2.4293,8.7885,17.6778,1.127,0.6063,1.1544,1076589.8234,1074941.8736
000501.SZ,20201104,13.7,1.6518,2.8991,8.6001,17.299,1.1029,0.5933,1.1297,1053520.0415,1051907.4049
000501.SZ,20201103,13.56,1.6348,2.8692,8.5123,17.1222,1.0916,0.5873,1.1182,1042754.1432,1041157.9861
000501.SZ,20201102,13.15,1.4514,2.5473,8.2549,16.6045,1.0586,0.5695,1.0843,1011225.4413,1009677.5456
000501.SZ,20201030,13.04,2.082,3.6541,8.1858,16.4656,1.0497,0.5647,1.0753,1002766.5212,1001231.5737
000501.SZ,20201029,13.57,0.8939,1.5689,8.5185,17.907,1.1211,0.5877,0.902,1043523.136,1041925.8018
000501.SZ,20201028,13.68,1.1004,1.9313,8.5876,18.0522,1.1301,0.5925,0.9093,1051982.056,1050371.7736
000501.SZ,20201027,13.65,1.0802,1.8958,8.5688,18.0126,1.1277,0.5912,0.9073,1049675.0778,1048068.3268
000501.SZ,20201026,13.63,1.1595,2.035,8.5562,17.9862,1.126,0.5903,0.906,1048137.0924,1046532.6955
000501.SZ,20201023,13.77,1.5772,2.7681,8.6441,18.1709,1.1376,0.5964,0.9153,1058902.9906,1057282.1142
000501.SZ,20201022,14.29,1.3017,2.2847,8.9705,18.8571,1.1805,0.6189,0.9498,1098890.6126,1097208.5267
000501.SZ,20201021,14.33,1.2479,2.1903,8.9956,18.9099,1.1838,0.6206,0.9525,1101966.5835,1100279.7892
000501.SZ,20201020,14.7,1.4275,2.5054,9.2279,19.3982,1.2144,0.6366,0.9771,1130419.3146,1128688.9673
000501.SZ,20201019,14.52,1.716,3.0118,9.1149,19.1606,1.1995,0.6288,0.9651,1116577.4454,1114868.286
000501.SZ,20201016,14.63,1.883,3.3049,9.1839,19.3058,1.2086,0.6336,0.9724,1125036.3655,1123314.2579
000501.SZ,20201015,14.99,1.4368,2.5217,9.4099,19.7808,1.2384,0.6492,0.9964,1152720.1038,1150955.6204
000501.SZ,20201014,15.06,2.3791,4.1757,9.4539,19.8732,1.2441,0.6522,1.001,1158103.0529,1156330.3297
000501.SZ,20201013,15.48,1.7924,3.1458,9.7175,20.4274,1.2788,0.6704,1.0289,1190400.7476,1188578.586
000501.SZ,20201012,15.5,3.0618,5.3738,9.7301,20.4538,1.2805,0.6713,1.0303,1191938.7331,1190114.2172
000501.SZ,20201009,14.96,2.0681,3.6297,9.3911,19.7413,1.2359,0.6479,0.9944,1150413.1256,1148652.1735
000501.SZ,20200930,14.8,1.6027,2.813,9.2907,19.5301,1.2227,0.641,0.9837,1138109.2419,1136367.1235
000501.SZ,20200929,15.22,2.1755,3.8182,9.5543,20.0843,1.2574,0.6592,1.0117,1170406.9366,1168615.3797
000501.SZ,20200928,14.94,1.691,2.9679,9.3785,19.7149,1.2342,0.647,0.993,1148875.1401,1147116.5423
000501.SZ,20200925,15.12,2.4326,4.2694,9.4915,19.9524,1.2491,0.6548,1.005,1162717.0093,1160937.2235
000501.SZ,20200924,15.05,1.7313,3.0387,9.4476,19.86,1.2433,0.6518,1.0004,1157334.0602,1155562.5141
000501.SZ,20200923,15.49,2.9864,5.2414,9.7238,20.4406,1.2797,0.6709,1.0296,1191169.7403,1189346.4016
000501.SZ,20200922,15.5,3.3073,5.8047,9.7301,20.4538,1.2805,0.6713,1.0303,1191938.7331,1190114.2172
000501.SZ,20200921,16.45,4.722,8.2877,10.3264,21.7075,1.359,0.7124,1.0934,1264993.0425,1263056.7015
000501.SZ,20200918,16.26,3.7542,6.589,10.2072,21.4567,1.3433,0.7042,1.0808,1250382.1806,1248468.2046
000501.SZ,20200917,16.01,1.7782,3.1209,10.0502,21.1268,1.3226,0.6934,1.0642,1231157.3623,1229272.814
000501.SZ,20200916,15.97,1.7511,3.0734,10.0251,21.0741,1.3193,0.6916,1.0615,1228081.3914,1226201.5515
000501.SZ,20200915,16.3,2.4819,4.356,10.2323,21.5095,1.3466,0.7059,1.0834,1253458.1515,1251539.4671
000501.SZ,20200914,16.3,2.4678,4.3313,10.2323,21.5095,1.3466,0.7059,1.0834,1253458.1515,1251539.4671
000501.SZ,20200911,16.0,2.0042,3.5175,10.044,21.1136,1.3218,0.6929,1.0635,1230388.3696,1228504.9984
000501.SZ,20200910,15.92,3.3341,5.8517,9.9937,21.0081,1.3152,0.6895,1.0582,1224236.4278,1222362.4734
000501.SZ,20200909,15.75,2.3129,4.0595,9.887,20.7837,1.3011,0.6821,1.0469,1211163.5513,1209309.6078
000501.SZ,20200908,16.37,2.5136,4.4117,10.2762,21.6019,1.3524,0.709,1.0881,1258841.1006,1256914.1765
000501.SZ,20200907,16.25,2.8614,5.0222,10.2009,21.4435,1.3425,0.7038,1.0801,1249613.1879,1247700.389
000501.SZ,20200904,17.14,2.406,4.2229,10.7596,22.618,1.416,0.7423,1.1393,1318053.5409,1316035.9795
000501.SZ,20200903,17.2,3.3077,5.8053,10.7973,22.6972,1.4209,0.7449,1.1433,1322667.4973,1320642.8733
000501.SZ,20200902,17.9,3.5376,6.2089,11.2367,23.6209,1.4788,0.7752,1.1898,1376496.9885,1374389.967
000501.SZ,20200901,18.62,2.5812,4.5304,11.6887,24.571,1.5382,0.8064,1.2376,1431864.4651,1429672.6919
000501.SZ,20200831,18.68,2.6567,4.6635,11.7263,24.6502,1.5432,0.809,1.2416,1436478.4215,1434279.5856
000501.SZ,20200828,19.12,2.9255,5.1349,12.0025,20.8496,1.6129,0.8281,1.0283,1470314.1017,1467951.8716
000501.SZ,20200827,19.0,3.6146,6.3445,11.9272,20.7187,1.6028,0.8229,1.0218,1461086.1889,1458738.7845
000501.SZ,20200826,19.78,4.3121,7.5687,12.4168,21.5693,1.6686,0.8566,1.0638,1521067.6219,1518623.8504
000501.SZ,20200825,21.12,2.3384,4.1045,13.258,23.0305,1.7816,0.9147,1.1358,1624112.6479,1621503.3226
000501.SZ,20200824,21.92,2.5289,4.4387,13.7602,23.9029,1.8491,0.9493,1.1788,1685632.0664,1682923.903
000501.SZ,20200821,21.87,2.6434,4.6397,13.7288,23.8484,1.8449,0.9472,1.1762,1681787.1027,1679085.1167
000501.SZ,20200820,21.88,3.6601,6.4243,13.7351,23.8593,1.8457,0.9476,1.1767,1682556.0954,1679852.8739
000501.SZ,20200819,23.3,4.3918,7.7085,14.6265,25.4077,1.9655,1.0091,1.2531,1791753.0632,1788874.4042
000501.SZ,20200818,24.9,5.9238,10.3975,15.6309,27.1525,2.1005,1.0784,1.3391,1914791.9002,1911715.565
000501.SZ,20200817,24.5,4.7381,8.3163,15.3798,26.7163,2.0668,1.0611,1.3176,1884032.191,1881005.2748
000501.SZ,20200814,23.96,5.7959,10.1731,15.0408,26.1274,2.0212,1.0377,1.2886,1842506.5835,1839546.383
000501.SZ,20200813,23.06,7.6855,13.4897,14.4759,25.146,1.9453,0.9987,1.2402,1773297.2377,1770448.23
000501.SZ,20200812,22.15,5.3103,9.3207,13.9046,24.1537,1.8685,0.9593,1.1912,1703318.8992,1700582.3198
000501.SZ,20200811,22.45,3.6579,6.4205,14.0929,24.4808,1.8938,0.9723,1.2073,1726388.6811,1723615.0375
000501.SZ,20200810,22.72,6.3779,11.1947,14.2624,24.7752,1.9166,0.984,1.2219,1747151.4848,1744344.4834
000501.SZ,20200807,24.79,5.0945,8.942,15.5619,27.0325,2.0912,1.0736,1.3332,1906332.9801,1903270.2351
000501.SZ,20200806,23.9,4.3261,7.5932,15.0032,26.062,2.0162,1.0351,1.2853,1837892.6271,1834939.8395
000501.SZ,20200805,24.49,5.9692,10.4772,15.3735,26.7054,2.0659,1.0606,1.3171,1883263.1982,1880237.5175
000501.SZ,20200804,24.13,8.1151,14.2438,15.1475,26.3128,2.0356,1.045,1.2977,1855579.4599,1852598.2563
000501.SZ,20200803,26.2,9.8731,17.3294,16.447,28.57,2.2102,1.1347,1.409,2014760.9552,2011524.0081
000501.SZ,20200731,25.07,8.4666,14.8607,15.7376,27.3378,2.1148,1.0857,1.3483,1927864.7766,1924767.4383
000501.SZ,20200730,22.79,10.4534,18.3481,14.3064,24.8516,1.9225,0.987,1.2256,1752534.4339,1749718.7841
000501.SZ,20200729,22.17,6.2034,10.8884,13.9172,24.1755,1.8702,0.9602,1.1923,1704856.8846,1702117.8343
000501.SZ,20200728,20.15,5.4748,9.6095,12.6491,21.9728,1.6998,0.8727,1.0837,1549520.353,1547030.8688
000501.SZ,20200727,19.38,6.6294,11.636,12.1657,21.1331,1.6349,0.8393,1.0422,1490307.9127,1487913.5602
000501.SZ,20200724,20.19,6.6779,11.7212,12.6742,22.0164,1.7032,0.8744,1.0858,1552596.3239,1550101.8978
000501.SZ,20200723,22.43,10.4126,18.2764,14.0804,24.459,1.8921,0.9714,1.2063,1724850.6956,1722079.523
000501.SZ,20200722,21.08,8.8767,15.5806,13.2329,22.9869,1.7783,0.9129,1.1337,1621036.6769,1618432.2935
000501.SZ,20200721,19.16,6.1108,10.7257,12.0276,20.8932,1.6163,0.8298,1.0304,1473390.0726,1471022.9006
000501.SZ,20200720,19.82,10.799,18.9547,12.442,21.6129,1.672,0.8584,1.0659,1524143.5928,1521694.8794
000501.SZ,20200717,19.94,17.7696,31.1895,12.5173,21.7438,1.6821,0.8636,1.0724,1533371.5056,1530907.9665
000501.SZ,20200716,22.03,2.813,4.9375,13.8293,24.0228,1.8584,0.9541,1.1848,1694090.9864,1691369.2328
000501.SZ,20200715,20.03,5.8614,10.2881,12.5738,21.8419,1.6897,0.8675,1.0772,1540292.4402,1537817.7818
000501.SZ,20200714,21.2,9.7694,17.1475,13.3082,23.1177,1.7884,0.9181,1.1401,1630264.5897,1627645.3806
000501.SZ,20200713,22.4,9.6728,16.978,14.0615,24.4263,1.8896,0.9701,1.2047,1722543.7174,1719776.2512
000501.SZ,20200710,24.89,6.0178,10.5625,15.6246,27.1415,2.0997,1.078,1.3386,1914022.9075,1910947.8077
000501.SZ,20200709,22.63,7.6141,13.3645,14.2059,24.6771,1.909,0.9801,1.217,1740230.5503,1737434.6681
000501.SZ,20200708,20.57,5.2076,9.1405,12.9128,22.4308,1.7352,0.8909,1.1062,1581818.0477,1579276.6735
000501.SZ,20200707,18.7,9.3286,16.3738,11.7389,20.3916,1.5775,0.8099,1.0057,1438016.407,1435706.0669
000501.SZ,20200706,18.4,4.3989,7.721,11.5506,20.0645,1.5522,0.7969,0.9895,1414946.625,1412673.3492
000501.SZ,20200703,16.73,4.4738,7.8526,10.5022,18.2434,1.4113,0.7246,0.8997,1286524.839,1284457.8876
000501.SZ,20200702,17.2,6.6556,11.682,10.7973,18.7559,1.451,0.7449,0.925,1322667.4973,1320542.4786
000501.SZ,20200701,17.25,7.1701,12.5851,10.8286,18.8104,1.4552,0.7471,0.9277,1326512.461,1324381.2649
000501.SZ,20200630,15.68,4.5336,7.9574,9.8431,17.0984,1.3227,0.6791,0.8433,1205780.6022,1203843.3758
000501.SZ,20200629,14.25,2.5036,4.3944,8.9454,15.5391,1.2021,0.6171,0.7664,1095814.6417,1094054.0884
000501.SZ,20200624,14.86,3.56,6.2486,9.3283,16.2042,1.2536,0.6436,0.7992,1142723.1983,1140887.2809
000501.SZ,20200623,14.64,2.2738,3.9911,9.1902,15.9643,1.235,0.634,0.7873,1125805.3582,1123996.6213
000501.SZ,20200622,14.69,3.8576,6.7709,9.2216,16.0189,1.2392,0.6362,0.79,1129650.3218,1127835.4076
000501.SZ,20200619,15.11,4.9394,8.6698,9.4853,16.4768,1.2746,0.6544,0.8126,1161948.0165,1160081.2123
000501.SZ,20200618,14.65,4.2004,7.3726,9.1965,15.9752,1.2358,0.6345,0.7879,1126574.3509,1124764.3786
000501.SZ,20200617,14.9,5.9614,10.4636,9.3534,16.2479,1.2569,0.6453,0.8013,1145799.1692,1143958.31
000501.SZ,20200616,13.99,3.9965,7.0148,8.7822,15.2555,1.1802,0.6059,0.7524,1075820.8307,1074092.3997
000501.SZ,20200615,14.39,6.4905,11.3923,9.0333,15.6917,1.2139,0.6232,0.7739,1106580.5399,1104802.6899
000501.SZ,20200612,13.95,4.4259,7.7684,8.7571,15.2119,1.1768,0.6042,0.7502,1072744.8597,1071021.3707
000501.SZ,20200611,13.95,5.6026,9.8337,8.7571,15.2119,1.1768,0.6042,0.7502,1072744.8597,1071021.3707
000501.SZ,20200610,13.45,5.5047,9.662,8.4432,14.6667,1.1346,0.5825,0.7233,1034295.2232,1032633.508
000501.SZ,20200609,12.51,2.1971,3.8563,7.8531,13.6417,1.0553,0.5418,0.6728,962009.9065,960464.326
000501.SZ,20200608,12.59,3.5806,6.2848,7.9033,13.7289,1.0621,0.5453,0.6771,968161.8483,966606.384
000501.SZ,20200605,12.73,5.9743,10.4862,7.9912,13.8816,1.0739,0.5513,0.6846,978927.7466,977354.9856
000501.SZ,20200604,14.04,2.5158,4.4158,8.8136,15.3101,1.1628,0.6081,0.7551,1079665.7943,1077931.186
000501.SZ,20200603,13.78,3.4151,5.9942,8.6504,15.0265,1.1413,0.5968,0.7411,1059671.9833,1057969.4974
000501.SZ,20200602,14.22,5.6888,9.9852,8.9266,15.5063,1.1777,0.6158,0.7647,1093507.6635,1091750.8166
000501.SZ,20200601,13.83,4.1527,7.2889,8.6817,15.0811,1.1454,0.599,0.7438,1063516.947,1061808.2837
000501.SZ,20200529,12.57,3.213,5.6395,7.8908,13.7071,1.0411,0.5444,0.676,966623.8629,965070.8695
000501.SZ,20200528,12.25,3.9164,6.8741,7.6899,13.3581,1.0146,0.5305,0.6588,942016.0955,940502.6374
000501.SZ,20200527,12.4,3.888,6.8243,7.7841,13.5217,1.027,0.537,0.6669,953550.9864,952018.9962
000501.SZ,20200526,12.25,3.9946,7.0113,7.6899,13.3581,1.0146,0.5305,0.6588,942016.0955,940502.6374
000501.SZ,20200525,11.78,3.5008,6.1446,7.3949,12.8456,0.9756,0.5102,0.6335,905873.4371,904418.0464
000501.SZ,20200522,11.17,2.1317,3.7417,7.0119,12.1804,0.9251,0.4838,0.6007,858964.8805,857584.8538
000501.SZ,20200521,10.93,0.8145,1.4296,6.8613,11.9187,0.9052,0.4734,0.5878,840509.055,839158.6797
000501.SZ,20200520,10.87,0.9285,1.6297,6.8236,11.8533,0.9003,0.4708,0.5846,835895.0986,834552.1362
000501.SZ,20200519,10.99,0.7817,1.372,6.8989,11.9842,0.9102,0.476,0.591,845123.0114,843765.2232
000501.SZ,20200518,11.06,0.7345,1.2893,6.9429,12.0605,0.916,0.479,0.5948,850505.9605,849139.524
000501.SZ,20200515,11.16,0.6283,1.1028,7.0057,12.1695,0.9243,0.4833,0.6002,858195.8878,856817.0966
000501.SZ,20200514,11.14,0.4582,0.8043,6.9931,12.1477,0.9226,0.4825,0.5991,856657.9023,855281.5821
000501.SZ,20200513,11.23,1.3203,2.3174,7.0496,12.2459,0.9301,0.4864,0.6039,863578.8369,862191.3974
000501.SZ,20200512,11.18,0.7429,1.304,7.0182,12.1913,0.9259,0.4842,0.6013,859733.8733,858352.6111
000501.SZ,20200511,11.19,1.0904,1.9138,7.0245,12.2022,0.9268,0.4846,0.6018,860502.866,859120.3683
000501.SZ,20200508,11.19,1.3557,2.3796,7.0245,12.2022,0.9268,0.4846,0.6018,860502.866,859120.3683
000501.SZ,20200507,11.08,0.8339,1.4637,6.9554,12.0823,0.9177,0.4799,0.5959,852043.9459,850675.0385
000501.SZ,20200506,11.09,1.0268,1.8023,6.9617,12.0932,0.9185,0.4803,0.5964,852812.9387,851442.7958
000501.SZ,20200430,11.07,1.6511,2.8981,6.9492,12.0714,0.9168,0.4794,0.5953,851274.9532,849907.2813
000501.SZ,20200429,10.84,0.4698,0.8245,7.9393,7.0351,0.8805,0.4708,0.4695,833588.1204,832248.8644
000501.SZ,20200428,10.84,0.915,1.6061,7.9393,7.0351,0.8805,0.4708,0.4695,833588.1204,832248.8644
000501.SZ,20200427,10.92,1.0129,1.7779,7.9979,7.087,0.887,0.4743,0.4729,839740.0623,838390.9225
000501.SZ,20200424,10.81,0.9918,1.7408,7.9174,7.0156,0.8781,0.4695,0.4682,831281.1422,829945.5927
000501.SZ,20200423,10.92,0.798,1.4007,7.9979,7.087,0.887,0.4743,0.4729,839740.0623,838390.9225
000501.SZ,20200422,11.02,1.0494,1.8419,8.0712,7.1519,0.8951,0.4786,0.4773,847429.9896,846068.495
000501.SZ,20200421,11.09,1.5502,2.721,8.1224,7.1973,0.9008,0.4817,0.4803,852812.9387,851442.7958
000501.SZ,20200420,11.07,1.8344,3.2198,8.1078,7.1844,0.8992,0.4808,0.4794,851274.9532,849907.2813
000501.SZ,20200417,10.96,1.4532,2.5506,8.0272,7.113,0.8902,0.476,0.4747,842816.0332,841461.9515
000501.SZ,20200416,10.92,0.7263,1.2749,7.9979,7.087,0.887,0.4743,0.4729,839740.0623,838390.9225
000501.SZ,20200415,10.98,0.8344,1.4646,8.0419,7.1259,0.8919,0.4769,0.4755,844354.0186,842997.466
000501.SZ,20200414,11.07,1.0294,1.8069,8.1078,7.1844,0.8992,0.4808,0.4794,851274.9532,849907.2813
000501.SZ,20200413,11.0,0.9895,1.7367,8.0565,7.1389,0.8935,0.4778,0.4764,845892.0041,844532.9805
000501.SZ,20200410,11.17,2.1131,3.7089,8.181,7.2493,0.9073,0.4851,0.4838,858964.8805,857584.8538
000501.SZ,20200409,10.99,1.3487,2.3673,8.0492,7.787,0.9343,0.4773,0.4788,845123.0114,843765.2232
000501.SZ,20200408,11.17,2.4225,4.252,8.181,7.9146,0.9496,0.4851,0.4866,858964.8805,857584.8538
000501.SZ,20200407,11.49,2.9228,5.1302,8.4154,8.1413,0.9768,0.499,0.5006,883572.6479,882153.086
000501.SZ,20200403,10.92,1.0443,1.8329,7.9979,7.7374,0.9284,0.4743,0.4757,839740.0623,838390.9225
000501.SZ,20200402,10.94,1.3529,2.3747,8.0126,7.7516,0.9301,0.4751,0.4766,841278.0477,839926.437
000501.SZ,20200401,11.02,1.505,2.6416,8.0712,7.8083,0.9369,0.4786,0.4801,847429.9896,846068.495
000501.SZ,20200331,11.48,1.6947,2.9746,8.4081,8.1342,0.976,0.4986,0.5001,882803.6552,881385.3287
000501.SZ,20200330,11.56,1.8933,3.3231,8.4667,8.1909,0.9828,0.5021,0.5036,888955.597,887527.3868
000501.SZ,20200327,11.46,2.4521,4.304,8.3934,8.12,0.9743,0.4977,0.4993,881265.6697,879849.8142
000501.SZ,20200326,11.13,1.6509,2.8977,8.1517,7.8862,0.9462,0.4834,0.4849,855888.9096,854513.8248
000501.SZ,20200325,11.18,2.0909,3.67,8.1884,7.9216,0.9505,0.4856,0.4871,859733.8733,858352.6111
000501.SZ,20200324,11.13,2.3324,4.0939,8.1517,7.8862,0.9462,0.4834,0.4849,855888.9096,854513.8248
000501.SZ,20200323,10.68,1.5135,2.6565,7.8222,7.5674,0.908,0.4639,0.4653,821284.2367,819964.7483
000501.SZ,20200320,11.13,2.2275,3.9098,8.1517,7.8862,0.9462,0.4834,0.4849,855888.9096,854513.8248
000501.SZ,20200319,10.8,2.3996,4.2118,7.91,7.6524,0.9182,0.4691,0.4705,830512.1495,829177.8354
000501.SZ,20200318,10.38,1.2366,2.1704,7.6024,7.3548,0.8825,0.4508,0.4522,798214.4548,796932.0307
000501.SZ,20200317,10.58,1.8118,3.1802,7.7489,7.4965,0.8995,0.4595,0.4609,813594.3094,812287.1758
000501.SZ,20200316,10.77,1.9459,3.4155,7.8881,7.6311,0.9156,0.4678,0.4692,828205.1713,826874.5636
000501.SZ,20200313,11.18,1.8522,3.251,8.1884,7.9216,0.9505,0.4856,0.4871,859733.8733,858352.6111
000501.SZ,20200312,11.35,1.7058,2.994,8.3129,8.0421,0.9649,0.493,0.4945,872806.7497,871404.4844
000501.SZ,20200311,11.32,5.1401,9.0219,8.2909,8.0208,0.9624,0.4917,0.4932,870499.7715,869101.2127
000501.SZ,20200310,12.18,7.0183,12.3186,8.9208,8.6302,1.0355,0.529,0.5306,936633.1464,935128.3366
000501.SZ,20200309,11.31,1.6089,2.824,8.2836,8.0138,0.9615,0.4912,0.4927,869730.7788,868333.4554
000501.SZ,20200306,11.7,2.4542,4.3078,8.5692,8.2901,0.9947,0.5082,0.5097,899721.4953,898275.9884
000501.SZ,20200305,11.65,2.6858,4.7141,8.5326,8.2547,0.9904,0.506,0.5075,895876.5316,894437.2021
000501.SZ,20200304,10.95,0.9612,1.6872,8.0199,7.7587,0.9309,0.4756,0.477,842047.0404,840694.1942
000501.SZ,20200303,10.75,1.3859,2.4326,7.8734,7.617,0.9139,0.4669,0.4683,826667.1858,825339.0491
000501.SZ,20200302,10.93,1.2488,2.192,8.0053,7.7445,0.9292,0.4747,0.4762,840509.055,839158.6797
000501.SZ,20200228,10.66,1.4028,2.4622,7.8075,7.5532,0.9063,0.463,0.4644,819746.2512,818429.2338
000501.SZ,20200227,11.21,0.856,1.5024,8.2103,7.9429,0.953,0.4869,0.4884,862040.8515,860655.8829
000501.SZ,20200226,11.13,0.9737,1.7091,8.1517,7.8862,0.9462,0.4834,0.4849,855888.9096,854513.8248
000501.SZ,20200225,11.25,1.5558,2.7307,8.2396,7.9712,0.9564,0.4886,0.4901,865116.8224,863726.9119
000501.SZ,20200224,11.36,1.9417,3.4081,8.3202,8.0492,0.9658,0.4934,0.4949,873575.7424,872172.2417
000501.SZ,20200221,11.7,1.7244,3.0268,8.5692,8.2901,0.9947,0.5082,0.5097,899721.4953,898275.9884
000501.SZ,20200220,11.89,2.7112,4.7587,8.7084,8.4247,1.0108,0.5164,0.518,914332.3572,912863.3762
000501.SZ,20200219,11.25,1.6268,2.8554,8.2396,7.9712,0.9564,0.4886,0.4901,865116.8224,863726.9119
000501.SZ,20200218,11.14,0.9956,1.7474,8.1591,7.8933,0.9471,0.4838,0.4853,856657.9023,855281.5821
000501.SZ,20200217,11.0,0.9933,1.7434,8.0565,7.7941,0.9352,0.4778,0.4792,845892.0041,844532.9805
000501.SZ,20200214,10.88,0.8884,1.5594,7.9686,7.7091,0.925,0.4725,0.474,836664.0913,835319.8934
000501.SZ,20200213,10.81,1.0517,1.846,7.9174,7.6595,0.919,0.4695,0.4709,831281.1422,829945.5927
000501.SZ,20200212,11.05,1.2792,2.2452,8.0931,7.8295,0.9394,0.4799,0.4814,849736.9678,848371.7668
000501.SZ,20200211,11.02,1.6634,2.9197,8.0712,7.8083,0.9369,0.4786,0.4801,847429.9896,846068.495
000501.SZ,20200210,11.19,2.7172,4.7693,8.1957,7.9287,0.9513,0.486,0.4875,860502.866,859120.3683
000501.SZ,20200207,10.75,2.2314,3.9165,7.8734,7.617,0.9139,0.4669,0.4683,826667.1858,825339.0491
000501.SZ,20200206,10.74,2.8498,5.0021,7.8661,7.6099,0.9131,0.4665,0.4679,825898.1931,824571.2919
000501.SZ,20200205,10.2,1.8061,3.17,7.4706,7.2273,0.8672,0.443,0.4444,784372.5856,783112.4001
000501.SZ,20200204,10.26,2.3673,4.1551,7.5145,7.2698,0.8723,0.4456,0.447,788986.542,787718.9436
000501.SZ,20200203,9.97,1.4744,2.5879,7.3021,7.0643,0.8476,0.433,0.4343,766685.7528,765453.9832
000501.SZ,20200123,11.08,2.6278,4.6124,8.1151,7.8508,0.942,0.4812,0.4827,852043.9459,850675.0385
000501.SZ,20200122,11.45,1.2822,2.2505,8.3861,8.113,0.9734,0.4973,0.4988,880496.677,879082.057
000501.SZ,20200121,11.67,2.3277,4.0856,8.5472,8.2688,0.9921,0.5069,0.5084,897414.5171,895972.7166
000501.SZ,20200120,12.13,2.6486,4.649,8.8842,8.5948,1.0312,0.5268,0.5284,932788.1827,931289.5503
000501.SZ,20200117,13.15,0.6853,1.2028,9.6312,9.3175,1.118,0.5711,0.5729,1011225.4413,1009600.7903
000501.SZ,20200116,13.18,0.8477,1.488,9.6532,9.3388,1.1205,0.5724,0.5742,1013532.4195,1011904.0621
000501.SZ,20200115,13.24,1.2168,2.1357,9.6971,9.3813,1.1256,0.575,0.5768,1018146.3758,1016510.6056
000501.SZ,20200114,13.22,1.125,1.9746,9.6825,9.3671,1.1239,0.5742,0.5759,1016608.3904,1014975.0911
000501.SZ,20200113,13.5,1.0026,1.7598,9.8876,9.5655,1.1477,0.5863,0.5881,1038140.1869,1036472.2943
000501.SZ,20200110,13.32,0.7023,1.2326,9.7557,9.438,1.1324,0.5785,0.5803,1024298.3177,1022652.6637
000501.SZ,20200109,13.23,1.6026,2.8129,9.6898,9.3742,1.1248,0.5746,0.5764,1017377.3831,1015742.8484
000501.SZ,20200108,13.17,2.1622,3.7952,9.6459,9.3317,1.1197,0.572,0.5738,1012763.4267,1011136.3048
000501.SZ,20200107,13.6,0.713,1.2515,9.9608,9.6363,1.1562,0.5907,0.5925,1045830.1142,1044149.8668
000501.SZ,20200106,13.52,1.1709,2.0552,9.9022,9.5797,1.1494,0.5872,0.589,1039678.1723,1038007.8088
000501.SZ,20200103,13.51,0.8183,1.4362,9.8949,9.5726,1.1486,0.5868,0.5886,1038909.1796,1037240.0515
000501.SZ,20200102,13.52,0.9846,1.7282,9.9022,9.5797,1.1494,0.5872,0.589,1039678.1723,1038007.8088
