ts_code,trade_date,close,turnover_rate,turnover_rate_f,pe,pe_ttm,pb,ps,ps_ttm,total_mv,circ_mv
000503.SZ,20260421,7.44,1.4238,1.9639,,,5.7979,20.4139,22.2719,728563.8392,728551.1912
000503.SZ,20260420,7.59,0.9607,1.3252,,,5.9148,20.8254,22.7209,743252.6262,743239.7232
000503.SZ,20260417,7.57,1.3548,1.8687,,,5.8992,20.7706,22.6611,741294.1213,741281.2523
000503.SZ,20260416,7.74,0.9086,1.2533,,,6.0317,21.237,23.17,757941.4133,757928.2553
000503.SZ,20260415,7.63,0.7956,1.0974,,,5.946,20.9352,22.8407,747169.6361,747156.6651
000503.SZ,20260414,7.68,1.4099,1.9447,,,5.9849,21.0724,22.9904,752065.8985,752052.8425
000503.SZ,20260413,7.77,0.6202,0.8555,,,6.0551,21.3193,23.2598,760879.1707,760865.9617
000503.SZ,20260410,7.8,0.8406,1.1595,,,6.0784,21.4016,23.3496,763816.9282,763803.6682
000503.SZ,20260409,7.78,1.1402,1.5727,,,6.0629,21.3468,23.2897,761858.4232,761845.1972
000503.SZ,20260408,8.01,1.416,1.9531,,,6.2421,21.9778,23.9782,784381.2301,784367.6131
000503.SZ,20260407,7.69,0.7453,1.028,,,5.9927,21.0998,23.0203,753045.151,753032.078
000503.SZ,20260403,7.76,0.8842,1.2196,,,6.0473,21.2919,23.2298,759899.9183,759886.7263
000503.SZ,20260402,7.98,0.8977,1.2383,,,6.2187,21.8955,23.8884,781443.4727,781429.9067
000503.SZ,20260401,8.07,1.0048,1.386,,,6.2888,22.1425,24.1578,790256.7449,790243.0259
000503.SZ,20260331,7.86,0.9228,1.2729,,,6.1252,21.5663,23.5292,769692.443,769679.081
000503.SZ,20260330,8.05,0.8264,1.1398,,,6.2733,22.0876,24.098,788298.24,788284.555
000503.SZ,20260327,7.99,0.8194,1.1303,,,6.2265,21.923,23.9184,782422.7251,782409.1421
000503.SZ,20260326,7.94,1.2113,1.6709,,,6.1875,21.7858,23.7687,777526.4628,777512.9648
000503.SZ,20260325,8.0,1.0472,1.4444,,,6.2343,21.9504,23.9483,783401.9776,783388.3776
000503.SZ,20260324,7.9,1.3672,1.8859,,,6.1564,21.676,23.6489,773609.4529,773596.0229
000503.SZ,20260323,7.71,2.1254,2.9317,,,6.0083,21.1547,23.0802,755003.6559,754990.5489
000503.SZ,20260320,8.2,1.4588,2.0122,,,6.3902,22.4992,24.547,802987.027,802973.087
000503.SZ,20260319,8.5,1.0173,1.4032,,,6.6239,23.3223,25.4451,832364.6012,832350.1512
000503.SZ,20260318,8.61,0.7387,1.0189,,,6.7097,23.6241,25.7743,843136.3784,843121.7414
000503.SZ,20260317,8.55,0.9552,1.3176,,,6.6629,23.4595,25.5947,837260.8636,837246.3286
000503.SZ,20260316,8.59,0.7835,1.0807,,,6.6941,23.5692,25.7145,841177.8734,841163.2704
000503.SZ,20260313,8.54,0.8811,1.2153,,,6.6551,23.4321,25.5648,836281.6111,836267.0931
000503.SZ,20260312,8.67,0.6955,0.9594,,,6.7564,23.7887,25.954,849011.8932,848997.1542
000503.SZ,20260311,8.75,0.8163,1.126,,,6.8188,24.0083,26.1934,856845.913,856831.038
000503.SZ,20260310,8.86,0.9667,1.3334,,,6.9045,24.3101,26.5227,867617.6902,867602.6282
000503.SZ,20260309,8.74,1.0629,1.4661,,,6.811,23.9808,26.1635,855866.6605,855851.8025
000503.SZ,20260306,8.78,1.0896,1.5029,,,6.8421,24.0906,26.2832,859783.6704,859768.7444
000503.SZ,20260305,8.66,1.4705,2.0284,,,6.7486,23.7613,25.924,848032.6408,848017.9188
000503.SZ,20260304,8.41,1.5047,2.0755,,,6.5538,23.0754,25.1756,823551.329,823537.032
000503.SZ,20260303,8.61,1.8984,2.6185,,,6.7097,23.6241,25.7743,843136.3784,843121.7414
000503.SZ,20260302,8.91,2.0385,2.8118,,,6.9434,24.4473,26.6724,872513.9526,872498.8056
000503.SZ,20260227,9.19,0.9734,1.3427,,,7.1617,25.2155,27.5106,899933.0218,899917.3988
000503.SZ,20260226,9.13,1.7431,2.4044,,,7.1149,25.0509,27.331,894057.5069,894041.9859
000503.SZ,20260225,9.31,1.5452,2.1314,,,7.2552,25.5448,27.8698,911684.0514,911668.2244
000503.SZ,20260224,9.27,1.5409,2.1255,,,7.224,25.435,27.7501,907767.0415,907751.2825
000503.SZ,20260213,9.34,0.9577,1.321,,,7.2785,25.6271,27.9596,914621.8088,914605.9308
000503.SZ,20260212,9.43,0.9558,1.3184,,,7.3487,25.874,28.229,923435.0811,923419.0501
000503.SZ,20260211,9.53,0.7777,1.0727,,,7.4266,26.1484,28.5284,933227.6058,933211.4048
000503.SZ,20260210,9.61,1.2006,1.656,,,7.489,26.3679,28.7679,941061.6256,941045.2886
000503.SZ,20260209,9.54,1.3901,1.9174,,,7.4344,26.1759,28.5583,934206.8583,934190.6403
000503.SZ,20260206,9.27,1.1299,1.5585,,,7.224,25.435,27.7501,907767.0415,907751.2825
000503.SZ,20260205,9.36,1.0038,1.3845,,,7.2941,25.682,28.0195,916580.3138,916564.4018
000503.SZ,20260204,9.42,1.0572,1.4582,,,7.3409,25.8466,28.1991,922455.8286,922439.8146
000503.SZ,20260203,9.45,1.2634,1.7427,,,7.3643,25.9289,28.2889,925393.586,925377.521
000503.SZ,20260202,9.25,1.7725,2.4449,,,7.2084,25.3802,27.6902,905808.5366,905792.8116
000503.SZ,20260130,9.44,1.7715,2.4435,,,7.3565,25.9015,28.259,924414.3336,924398.2856
000503.SZ,20260129,9.66,2.8004,3.8627,,,7.5279,26.5051,28.9176,945957.888,945941.466
000503.SZ,20260128,9.59,1.9731,2.7215,,,7.4734,26.313,28.708,939103.1206,939086.8176
000503.SZ,20260127,9.78,2.9006,4.0009,,,7.6214,26.8344,29.2768,957708.9176,957692.2916
000503.SZ,20260126,9.95,3.2566,4.492,,,7.7539,27.3008,29.7857,974356.2096,974339.2946
000503.SZ,20260123,10.26,3.7164,5.1262,,,7.9955,28.1514,30.7137,1004713.0363,1004695.5943
000503.SZ,20260122,9.93,2.1349,2.9448,,,7.7383,27.2459,29.7258,972397.7047,972380.8237
000503.SZ,20260121,9.94,2.3522,3.2445,,,7.7461,27.2734,29.7557,973376.9572,973360.0592
000503.SZ,20260120,9.94,2.7595,3.8064,,,7.7461,27.2734,29.7557,973376.9572,973360.0592
000503.SZ,20260119,10.0,3.5994,4.9649,,,7.7929,27.438,29.9354,979252.472,979235.472
000503.SZ,20260116,10.23,4.8192,6.6474,,,7.9721,28.0691,30.6239,1001775.2789,1001757.8879
000503.SZ,20260115,10.81,5.7029,7.8662,,,8.4241,29.6605,32.3601,1058571.9222,1058553.5452
000503.SZ,20260114,11.13,10.8796,15.0067,,,8.6735,30.5385,33.3181,1089908.0013,1089889.0803
000503.SZ,20260113,11.33,13.9454,19.2356,,,8.8293,31.0873,33.9168,1109493.0508,1109473.7898
000503.SZ,20260112,11.61,10.4676,14.4384,,,9.0475,31.8555,34.755,1136912.12,1136892.383
000503.SZ,20260109,10.55,2.9041,4.0057,,,8.2215,28.9471,31.5818,1033111.358,1033093.423
000503.SZ,20260108,9.59,3.3933,4.6805,,,7.4734,26.313,28.708,939103.1206,939086.8176
000503.SZ,20260107,9.11,1.4179,1.9557,,,7.0993,24.996,27.2711,892099.002,892083.515
000503.SZ,20260106,9.14,1.0561,1.4567,,,7.1227,25.0783,27.3609,895036.7594,895021.2214
000503.SZ,20260105,9.18,1.4877,2.0521,,,7.1539,25.1881,27.4807,898953.7693,898938.1633
000503.SZ,20251231,8.88,0.8161,1.1256,,,6.9201,24.3649,26.5826,869576.1951,869561.0991
000503.SZ,20251230,8.94,0.6899,0.9516,,,6.9668,24.5296,26.7622,875451.71,875436.512
000503.SZ,20251229,8.98,0.8648,1.1929,,,6.998,24.6393,26.882,879368.7199,879353.4539
000503.SZ,20251226,9.1,0.8933,1.2322,,,7.0915,24.9686,27.2412,891119.7495,891104.2795
000503.SZ,20251225,9.17,0.6551,0.9037,,,7.1461,25.1606,27.4507,897974.5168,897958.9278
000503.SZ,20251224,9.18,0.702,0.9683,,,7.1539,25.1881,27.4807,898953.7693,898938.1633
000503.SZ,20251223,9.13,1.2559,1.7323,,,7.1149,25.0509,27.331,894057.5069,894041.9859
000503.SZ,20251222,9.44,1.4611,2.0154,,,7.3565,25.9015,28.259,924414.3336,924398.2856
000503.SZ,20251219,9.29,1.0649,1.4688,,,7.2396,25.4899,27.8099,909725.5465,909709.7535
000503.SZ,20251218,9.31,1.6479,2.273,,,7.2552,25.5448,27.8698,911684.0514,911668.2244
000503.SZ,20251217,9.13,1.0905,1.5042,,,7.1149,25.0509,27.331,894057.5069,894041.9859
000503.SZ,20251216,9.01,1.0217,1.4093,,,7.0214,24.7216,26.9718,882306.4773,882291.1603
000503.SZ,20251215,9.08,0.834,1.1504,,,7.0759,24.9137,27.1813,889161.2446,889145.8086
000503.SZ,20251212,9.2,1.1225,1.5483,,,7.1694,25.243,27.5405,900912.2742,900896.6342
000503.SZ,20251211,9.36,1.1427,1.5762,,,7.2941,25.682,28.0195,916580.3138,916564.4018
000503.SZ,20251210,9.64,0.6512,0.8983,,,7.5123,26.4502,28.8577,943999.383,943982.995
000503.SZ,20251209,9.68,0.7373,1.0171,,,7.5435,26.56,28.9774,947916.3929,947899.9369
000503.SZ,20251208,9.76,0.9209,1.2702,,,7.6058,26.7795,29.2169,955750.4127,955733.8207
000503.SZ,20251205,9.77,0.7855,1.0834,,,7.6136,26.8069,29.2468,956729.6651,956713.0561
000503.SZ,20251204,9.71,0.9676,1.3347,,,7.5669,26.6423,29.0672,950854.1503,950837.6433
000503.SZ,20251203,9.78,1.4796,2.0409,,,7.6214,26.8344,29.2768,957708.9176,957692.2916
000503.SZ,20251202,9.96,1.3164,1.8158,,,7.7617,27.3283,29.8156,975335.4621,975318.5301
000503.SZ,20251201,9.97,0.8414,1.1605,,,7.7695,27.3557,29.8456,976314.7146,976297.7656
000503.SZ,20251128,9.99,0.8797,1.2134,,,7.7851,27.4106,29.9054,978273.2195,978256.2365
000503.SZ,20251127,9.92,1.0696,1.4753,,,7.7305,27.2185,29.6959,971418.4522,971401.5882
000503.SZ,20251126,10.01,1.3727,1.8934,,,7.8007,27.4654,29.9653,980231.7245,980214.7075
000503.SZ,20251125,10.15,1.8575,2.5621,,,7.9098,27.8496,30.3844,993941.2591,993924.0041
000503.SZ,20251124,10.03,1.6777,2.3141,,,7.8163,27.5203,30.0252,982190.2294,982173.1784
000503.SZ,20251121,9.68,1.5314,2.1124,,,7.5435,26.56,28.9774,947916.3929,947899.9369
000503.SZ,20251120,9.93,0.9421,1.2995,,,7.7383,27.2459,29.7258,972397.7047,972380.8237
000503.SZ,20251119,9.91,1.28,1.7656,,,7.7227,27.1911,29.6659,970439.1998,970422.3528
000503.SZ,20251118,10.14,1.65,2.2759,,,7.902,27.8221,30.3545,992962.0066,992944.7686
000503.SZ,20251117,10.05,1.0609,1.4633,,,7.8318,27.5752,30.085,984148.7344,984131.6494
000503.SZ,20251114,9.99,1.2616,1.7401,,,7.7851,27.4106,29.9054,978273.2195,978256.2365
000503.SZ,20251113,9.92,0.8426,1.1623,,,7.7305,27.2185,29.6959,971418.4522,971401.5882
000503.SZ,20251112,9.94,0.771,1.0635,,,7.7461,27.2734,29.7557,973376.9572,973360.0592
000503.SZ,20251111,9.99,0.8212,1.1327,,,7.7851,27.4106,29.9054,978273.2195,978256.2365
000503.SZ,20251110,10.03,0.7412,1.0223,,,7.8163,27.5203,30.0252,982190.2294,982173.1784
000503.SZ,20251107,10.02,0.7451,1.0278,,,7.8085,27.4929,29.9952,981210.9769,981193.9429
000503.SZ,20251106,10.07,1.322,1.8235,,,7.8474,27.6301,30.1449,986107.2393,986090.1203
000503.SZ,20251105,10.26,1.9201,2.6484,,,7.9955,28.1514,30.7137,1004713.0363,1004695.5943
000503.SZ,20251104,10.12,1.2689,1.7503,,,7.838,27.8257,30.3583,993088.2824,990986.2977
000503.SZ,20251103,10.08,1.321,1.8221,,,7.807,27.7157,30.2383,989163.0323,987069.3558
000503.SZ,20251031,9.94,1.5662,2.1603,,,7.6985,27.3307,29.8183,975424.6568,973360.0592
000503.SZ,20251030,9.67,1.4655,2.0214,,,7.4894,26.5884,29.0084,948929.2184,946920.7014
000503.SZ,20251029,9.87,1.0087,1.3913,,,7.4136,27.1383,30.7446,968555.4691,966505.4109
000503.SZ,20251028,9.9,0.9402,1.2968,,,7.4361,27.2208,30.838,971499.4067,969443.1173
000503.SZ,20251027,9.86,0.7736,1.0671,,,7.4061,27.1108,30.7134,967574.1566,965526.1754
000503.SZ,20251024,9.84,0.7243,0.9991,,,7.391,27.0558,30.6511,965611.5315,963567.7044
000503.SZ,20251023,9.84,0.9942,1.3713,,,7.391,27.0558,30.6511,965611.5315,963567.7044
000503.SZ,20251022,9.9,0.7143,0.9852,,,7.4361,27.2208,30.838,971499.4067,969443.1173
000503.SZ,20251021,9.9,0.6352,0.8761,,,7.4361,27.2208,30.838,971499.4067,969443.1173
000503.SZ,20251020,9.86,0.5818,0.8025,,,7.4061,27.1108,30.7134,967574.1566,965526.1754
000503.SZ,20251017,9.82,1.0792,1.4886,,,7.376,27.0008,30.5888,963648.9064,961609.2335
000503.SZ,20251016,9.99,0.9534,1.3151,,,7.5037,27.4682,31.1184,980331.2195,978256.2365
000503.SZ,20251015,10.09,1.6043,2.2129,,,7.5788,27.7432,31.4299,990144.3448,988048.5912
000503.SZ,20251014,9.93,1.063,1.4662,,,7.4586,27.3033,30.9315,974443.3443,972380.8237
000503.SZ,20251013,10.01,1.2406,1.7112,,,7.5187,27.5232,31.1807,982293.8445,980214.7075
000503.SZ,20251010,10.1,1.4362,1.9811,,,7.5863,27.7707,31.461,991125.6573,989027.8267
000503.SZ,20251009,10.25,1.4046,1.9375,,,7.699,28.1831,31.9282,1005845.3453,1003716.3588
000503.SZ,20250930,10.25,1.2277,1.6934,,,7.699,28.1831,31.9282,1005845.3453,1003716.3588
000503.SZ,20250929,10.16,1.0466,1.4399,,,7.6314,27.9357,31.6479,997013.5325,994903.2396
000503.SZ,20250926,10.2,1.0783,1.4836,,,7.6614,28.0456,31.7725,1000938.7826,998820.1814
000503.SZ,20250925,10.18,1.5222,2.0944,,,7.6464,27.9906,31.7102,998976.1576,996861.7105
000503.SZ,20250924,10.42,1.2778,1.7581,,,7.8267,28.6505,32.4578,1022527.6583,1020363.3618
000503.SZ,20250923,10.37,1.8762,2.5814,,,7.7891,28.5131,32.302,1017621.0957,1015467.1845
000503.SZ,20250922,10.54,2.0997,2.8889,,,7.9168,28.9805,32.8316,1034303.4087,1032114.1875
000503.SZ,20250919,10.68,2.8646,3.8992,,,8.022,29.3654,33.2677,1048041.7842,1045823.4841
000503.SZ,20250918,10.57,5.8076,7.9051,,,7.9394,29.063,32.925,1037247.3463,1035051.8939
000503.SZ,20250917,10.25,1.6754,2.2804,,,7.699,28.1831,31.9282,1005845.3453,1003716.3588
000503.SZ,20250916,10.08,0.9801,1.334,,,7.5713,27.7157,31.3987,989163.0323,987069.3558
000503.SZ,20250915,10.04,1.4189,1.9313,,,7.5413,27.6057,31.2741,985237.7821,983152.4139
000503.SZ,20250912,10.13,1.5104,2.0559,,,7.6089,27.8532,31.5544,994069.5949,991965.5331
000503.SZ,20250911,10.18,1.3502,1.8379,,,7.6464,27.9906,31.7102,998976.1576,996861.7105
000503.SZ,20250910,10.11,1.0946,1.4899,,,7.5938,27.7982,31.4922,992106.9699,990007.0622
000503.SZ,20250909,10.02,1.3323,1.8135,,,7.5262,27.5507,31.2118,983275.1571,981193.9429
000503.SZ,20250908,10.15,1.3975,1.9022,,,7.6239,27.9082,31.6167,996032.22,993924.0041
000503.SZ,20250905,10.2,1.5533,2.1142,,,7.6614,28.0456,31.7725,1000938.7826,998820.1814
000503.SZ,20250904,10.12,1.8588,2.5301,,,7.6014,27.8257,31.5233,993088.2824,990986.2977
000503.SZ,20250903,10.14,1.6509,2.2471,,,7.6164,27.8807,31.5856,995050.9074,992944.7686
000503.SZ,20250902,10.36,2.3976,3.2636,,,7.7816,28.4856,32.2709,1016639.7832,1014487.949
000503.SZ,20250901,10.69,2.1287,2.8975,,,8.0295,29.3929,33.2988,1049023.0967,1046802.7196
000503.SZ,20250829,10.6,2.2185,3.0198,,,7.9619,29.1455,33.0185,1040191.2839,1037989.6003
000503.SZ,20250828,10.85,3.5897,4.8861,,,8.1497,29.8329,33.7972,1064724.0972,1062470.4871
000503.SZ,20250827,10.94,2.8198,3.8382,,,7.8937,30.0803,29.8667,1073555.91,1071283.6064
000503.SZ,20250826,11.27,2.5052,3.41,,,8.1318,30.9877,30.7677,1105939.2236,1103598.3769
000503.SZ,20250825,11.18,2.4299,3.3075,,,8.0669,30.7402,30.522,1097107.4108,1094785.2577
000503.SZ,20250822,11.14,2.2816,3.1056,,,8.038,30.6302,30.4128,1093182.1606,1090868.3158
000503.SZ,20250821,10.94,1.684,2.2922,,,7.8937,30.0803,29.8667,1073555.91,1071283.6064
000503.SZ,20250820,11.07,2.1902,2.9813,,,7.9875,30.4378,30.2216,1086312.9729,1084013.6675
000503.SZ,20250819,11.13,3.008,4.0945,,,8.0308,30.6027,30.3855,1092200.8481,1089889.0803
000503.SZ,20250818,11.05,3.4191,4.654,,,7.9731,30.3828,30.167,1084350.3479,1082055.1966
000503.SZ,20250815,10.89,3.5902,4.8869,,,7.8576,29.9428,29.7302,1068649.3473,1066387.429
000503.SZ,20250814,10.47,2.0609,2.8052,,,7.5546,28.788,28.5836,1027434.221,1025259.5392
000503.SZ,20250813,10.7,1.6137,2.1966,,,7.7206,29.4204,29.2115,1050004.4092,1047781.955
000503.SZ,20250812,10.69,1.3885,1.89,,,7.7133,29.3929,29.1842,1049023.0967,1046802.7196
000503.SZ,20250811,10.75,1.5645,2.1295,,,7.7566,29.5579,29.348,1054910.9719,1052678.1324
000503.SZ,20250808,10.6,3.0889,4.2045,,,7.6484,29.1455,28.9385,1040191.2839,1037989.6003
000503.SZ,20250807,11.0,3.4587,4.7079,,,7.937,30.2453,30.0305,1079443.7852,1077159.0192
000503.SZ,20250806,10.93,1.6369,2.2281,,,7.8865,30.0528,29.8394,1072574.5975,1070304.3709
000503.SZ,20250805,10.95,2.3451,3.1921,,,7.9009,30.1078,29.894,1074537.2225,1072262.8418
000503.SZ,20250804,10.88,2.1222,2.8887,,,7.8504,29.9153,29.7029,1067668.0348,1065408.1935
000503.SZ,20250801,10.89,2.5557,3.4788,,,7.8576,29.9428,29.7302,1068649.3473,1066387.429
000503.SZ,20250731,10.65,1.6009,2.1791,,,7.6845,29.2829,29.075,1045097.8466,1042885.7777
000503.SZ,20250730,10.72,1.8503,2.5186,,,7.735,29.4754,29.2661,1051967.0343,1049740.426
000503.SZ,20250729,10.85,1.3958,1.8999,,,7.8288,29.8329,29.621,1064724.0972,1062470.4871
000503.SZ,20250728,10.84,1.91,2.5998,,,7.8216,29.8054,29.5937,1063742.7847,1061491.2516
000503.SZ,20250725,11.04,2.1882,2.9785,,,7.9659,30.3553,30.1397,1083369.0353,1081075.9611
000503.SZ,20250724,11.19,2.671,3.6357,,,8.0741,30.7677,30.5493,1098088.7233,1095764.4932
000503.SZ,20250723,10.93,2.8753,3.9138,,,7.8865,30.0528,29.8394,1072574.5975,1070304.3709
000503.SZ,20250722,10.97,3.1044,4.2256,,,7.9154,30.1628,29.9486,1076499.8476,1074221.3128
000503.SZ,20250721,10.86,1.4722,2.0039,,,7.836,29.8604,29.6483,1065705.4098,1063449.7226
000503.SZ,20250718,10.91,1.6836,2.2916,,,7.8721,29.9978,29.7848,1070611.9724,1068345.9
000503.SZ,20250717,10.86,1.9402,2.6409,,,7.836,29.8604,29.6483,1065705.4098,1063449.7226
000503.SZ,20250716,10.8,2.8419,3.8683,,,7.7927,29.6954,29.4845,1059817.5346,1057574.3098
000503.SZ,20250715,10.69,3.4426,4.686,,,7.7133,29.3929,29.1842,1049023.0967,1046802.7196
000503.SZ,20250714,10.93,4.0852,5.5606,,,7.8865,30.0528,29.8394,1072574.5975,1070304.3709
000503.SZ,20250711,10.72,2.6582,3.6183,,,7.735,29.4754,29.2661,1051967.0343,1049740.426
000503.SZ,20250710,10.38,0.9956,1.3552,,,7.4897,28.5406,28.3379,1018602.4082,1016446.4199
000503.SZ,20250709,10.38,1.1215,1.5266,,,7.4897,28.5406,28.3379,1018602.4082,1016446.4199
000503.SZ,20250708,10.44,1.3883,1.8897,,,7.5329,28.7055,28.5017,1024490.2834,1022321.8328
000503.SZ,20250707,10.32,1.0769,1.4658,,,7.4464,28.3756,28.1741,1012714.533,1010571.0071
000503.SZ,20250704,10.4,1.5579,2.1206,,,7.5041,28.5956,28.3925,1020565.0333,1018404.8909
000503.SZ,20250703,10.47,1.0873,1.48,,,7.5546,28.788,28.5836,1027434.221,1025259.5392
000503.SZ,20250702,10.4,1.5473,2.1061,,,7.5041,28.5956,28.3925,1020565.0333,1018404.8909
000503.SZ,20250701,10.63,2.2407,3.05,,,7.67,29.228,29.0204,1043135.2215,1040927.3067
000503.SZ,20250630,10.57,3.0775,4.189,,,7.6267,29.063,28.8566,1037247.3463,1035051.8939
000503.SZ,20250627,10.75,4.2826,5.8293,,,7.7566,29.5579,29.348,1054910.9719,1052678.1324
000503.SZ,20250626,10.69,5.071,6.9024,,,7.7133,29.3929,29.1842,1049023.0967,1046802.7196
000503.SZ,20250625,10.31,1.5931,2.1684,,,7.4391,28.3481,28.1468,1011733.2205,1009591.7716
000503.SZ,20250624,10.19,1.3654,1.8586,,,7.3526,28.0181,27.8192,999957.4701,997840.946
000503.SZ,20250623,9.95,0.9391,1.2783,,,7.1794,27.3582,27.164,976405.9693,974339.2946
000503.SZ,20250620,9.83,0.7196,0.9795,,,7.0928,27.0283,26.8364,964630.219,962588.469
000503.SZ,20250619,9.85,1.2257,1.6683,,,7.1072,27.0833,26.891,966592.844,964546.9399
000503.SZ,20250618,10.04,1.0397,1.4152,,,7.2443,27.6057,27.4097,985237.7821,983152.4139
000503.SZ,20250617,10.11,1.0412,1.4172,,,7.2948,27.7982,27.6008,992106.9699,990007.0622
000503.SZ,20250616,10.07,0.8471,1.153,,,7.266,27.6882,27.4916,988181.7197,986090.1203
000503.SZ,20250613,10.06,1.4309,1.9477,,,7.2588,27.6607,27.4643,987200.4072,985110.8848
000503.SZ,20250612,10.24,1.1934,1.5844,,,7.3886,28.1556,27.9557,1004864.0328,978034.1678
000503.SZ,20250611,10.2,1.7402,2.3104,,,7.3598,28.0456,27.8465,1000938.7826,974213.7218
000503.SZ,20250610,10.27,2.3511,3.1214,,,7.4103,28.2381,28.0376,1007807.9704,980899.5023
000503.SZ,20250609,10.31,1.979,2.6274,,,7.4391,28.3481,28.1468,1011733.2205,984719.9483
000503.SZ,20250606,10.31,2.0171,2.678,,,7.4391,28.3481,28.1468,1011733.2205,984719.9483
000503.SZ,20250605,10.37,3.8975,5.1744,,,7.4824,28.5131,28.3106,1017621.0957,990450.6172
000503.SZ,20250604,10.11,1.14,1.5135,,,7.2948,27.7982,27.6008,992106.9699,965617.7184
000503.SZ,20250603,10.14,0.9007,1.1958,,,7.3165,27.8807,27.6827,995050.9074,968483.0529
000503.SZ,20250530,10.14,1.2533,1.6639,,,7.3165,27.8807,27.6827,995050.9074,968483.0529
000503.SZ,20250529,10.37,1.6575,2.2006,,,7.4824,28.5131,28.3106,1017621.0957,990450.6172
000503.SZ,20250528,10.12,0.9197,1.221,,,7.3021,27.8257,27.6281,993088.2824,966572.8299
000503.SZ,20250527,10.21,0.7848,1.0419,,,7.367,28.0731,27.8738,1001920.0952,975168.8333
000503.SZ,20250526,10.22,1.2117,1.6087,,,7.3742,28.1006,27.9011,1002901.4077,976123.9448
000503.SZ,20250523,10.21,2.7892,3.703,,,7.367,28.0731,27.8738,1001920.0952,975168.8333
000503.SZ,20250522,10.15,1.3293,1.7649,,,7.3237,27.9082,27.71,996032.22,969438.1644
000503.SZ,20250521,10.41,0.9953,1.3214,,,7.5113,28.623,28.4198,1021546.3458,994271.0632
000503.SZ,20250520,10.49,1.3364,1.7742,,,7.569,28.843,28.6382,1029396.8461,1001911.9551
000503.SZ,20250519,10.49,1.1341,1.5057,,,7.569,28.843,28.6382,1029396.8461,1001911.9551
000503.SZ,20250516,10.32,1.0199,1.3541,,,7.4464,28.3756,28.1741,1012714.533,985675.0597
000503.SZ,20250515,10.36,1.4746,1.9578,,,7.4752,28.4856,28.2833,1016639.7832,989495.5057
000503.SZ,20250514,10.64,1.4817,1.9671,,,7.6773,29.2554,29.0477,1044116.534,1016238.6275
000503.SZ,20250513,10.67,1.4032,1.863,,,7.6989,29.3379,29.1296,1047060.4716,1019103.962
000503.SZ,20250512,10.57,1.2428,1.65,,,7.6267,29.063,28.8566,1037247.3463,1009552.847
000503.SZ,20250509,10.57,1.1553,1.5338,,,7.6267,29.063,28.8566,1037247.3463,1009552.847
000503.SZ,20250508,10.83,1.5211,2.0195,,,7.8144,29.7779,29.5664,1062761.4722,1034385.7458
000503.SZ,20250507,10.73,2.4241,3.2184,,,7.7422,29.5029,29.2934,1052948.3468,1024834.6309
000503.SZ,20250506,10.84,2.3436,3.1115,,,7.8216,29.8054,29.5937,1063742.7847,1035340.8573
000503.SZ,20250430,10.49,1.7956,2.3839,,,7.569,28.843,28.6382,1029396.8461,1001911.9551
000503.SZ,20250429,10.26,1.5072,2.001,,,7.4031,28.2106,28.0103,1006826.6578,979944.3908
000503.SZ,20250428,10.11,2.0748,2.7546,,,7.2948,27.7982,27.6008,992106.9699,965617.7184
000503.SZ,20250425,10.41,1.9478,2.586,,,7.5113,28.623,28.4198,1021546.3458,994271.0632
000503.SZ,20250424,10.45,1.9261,2.5572,,,7.3794,31.063,27.7612,1025471.5959,998091.5091
000503.SZ,20250423,10.48,1.6495,2.1899,,,7.4006,31.1521,27.8409,1028415.5335,1000956.8436
000503.SZ,20250422,10.4,1.2436,1.651,,,7.3441,30.9143,27.6284,1020565.0333,993315.9517
000503.SZ,20250421,10.55,1.5147,2.0109,,,7.4501,31.3602,28.0269,1035284.7213,1007642.6241
000503.SZ,20250418,10.43,0.9998,1.3274,,,7.3653,31.0035,27.7081,1023508.9709,996181.2862
000503.SZ,20250417,10.49,1.5358,2.039,,,7.4077,31.1819,27.8675,1029396.8461,1001911.9551
000503.SZ,20250416,10.42,1.9997,2.6549,,,7.3583,30.9738,27.6815,1022527.6583,995226.1747
000503.SZ,20250415,10.5,1.3729,1.8227,,,7.4148,31.2116,27.894,1030378.1586,1002867.0666
000503.SZ,20250414,10.57,2.3208,3.0812,,,7.4642,31.4197,28.08,1037247.3463,1009552.847
000503.SZ,20250411,10.39,2.4368,3.2352,,,7.3371,30.8846,27.6018,1019583.7207,992360.8402
000503.SZ,20250410,10.38,3.5966,4.7749,,,7.33,30.8549,27.5752,1018602.4082,991405.7287
000503.SZ,20250409,10.35,4.0877,5.427,,,7.3088,30.7657,27.4955,1015658.4706,988540.3942
000503.SZ,20250408,10.49,4.5356,6.0216,,,7.4077,31.1819,27.8675,1029396.8461,1001911.9551
000503.SZ,20250407,10.44,3.6623,4.8622,,,7.3724,31.0332,27.7346,1024490.2834,997136.3976
000503.SZ,20250403,11.6,5.1947,6.8967,,,8.1915,34.4814,30.8163,1138322.5371,1107929.3307
000503.SZ,20250402,11.94,7.2632,9.6429,,,8.4316,35.492,31.7195,1171687.1632,1140403.1214
000503.SZ,20250401,11.11,2.3482,3.1176,,,7.8455,33.0248,29.5145,1090238.2231,1061128.8676
000503.SZ,20250331,10.85,1.8732,2.4869,,,7.6619,32.252,28.8238,1064724.0972,1036295.9688
000503.SZ,20250328,10.98,2.3365,3.102,,,7.7537,32.6384,29.1692,1077481.1601,1048712.4182
000503.SZ,20250327,10.96,3.3677,4.471,,,7.7396,32.579,29.1161,1075518.5351,1046802.1952
000503.SZ,20250326,10.68,1.582,2.1003,,,7.5419,31.7467,28.3722,1048041.7842,1020059.0735
000503.SZ,20250325,10.69,3.2553,4.3219,,,7.5489,31.7764,28.3988,1049023.0967,1021014.1849
000503.SZ,20250324,11.12,6.0581,8.0429,,,7.8526,33.0546,29.5411,1091219.5356,1062083.9791
000503.SZ,20250321,12.12,4.5268,6.01,,,8.5587,36.0271,32.1977,1189350.7888,1157595.1283
000503.SZ,20250320,12.82,4.9294,6.5444,,,9.0531,38.1079,34.0573,1258042.666,1224452.9327
000503.SZ,20250319,12.64,3.5668,4.7354,,,8.926,37.5728,33.5791,1240379.0404,1207260.9259
000503.SZ,20250318,12.78,5.2603,6.9837,,,9.0248,37.989,33.951,1254117.4159,1220632.4868
000503.SZ,20250317,12.62,5.0844,6.7502,,,8.9118,37.5134,33.526,1238416.4154,1205350.7029
000503.SZ,20250314,13.01,8.2232,10.9174,,,9.1872,38.6727,34.562,1276687.6041,1242600.0511
000503.SZ,20250313,12.77,12.2283,16.2347,,,9.0178,37.9592,33.9244,1253136.1034,1219677.3753
000503.SZ,20250312,12.55,7.7566,10.298,,,8.8624,37.3053,33.34,1231547.2277,1198664.9225
000503.SZ,20250311,11.41,4.3618,5.7908,,,8.0574,33.9166,30.3115,1119677.599,1089782.2124
000503.SZ,20250310,11.87,5.5535,7.3729,,,8.3822,35.284,31.5335,1164817.9755,1133717.341
000503.SZ,20250307,11.61,2.4302,3.2264,,,8.1986,34.5111,30.8428,1139303.8497,1108884.4422
000503.SZ,20250306,11.97,2.5065,3.3277,,,8.4528,35.5812,31.7992,1174631.1008,1143268.4559
000503.SZ,20250305,11.75,1.9278,2.5594,,,8.2975,34.9273,31.2147,1153042.2251,1122256.0031
000503.SZ,20250304,11.89,3.2324,4.2915,,,8.3963,35.3434,31.5867,1166780.6005,1135627.564
000503.SZ,20250303,11.59,3.3744,4.48,,,8.1845,34.4517,30.7897,1137341.2246,1106974.2192
000503.SZ,20250228,11.29,2.8335,3.7618,,,7.9726,33.5599,29.9927,1107901.8486,1078320.8745
000503.SZ,20250227,11.82,2.8052,3.7243,,,8.3469,35.1353,31.4007,1159911.4128,1128941.7835
000503.SZ,20250226,12.0,3.1766,4.2173,,,8.474,35.6704,31.8789,1177575.0384,1146133.7904
000503.SZ,20250225,12.28,4.3344,5.7545,,,8.6717,36.5027,32.6227,1205051.7893,1172876.9122
000503.SZ,20250224,12.16,3.9667,5.2663,,,8.587,36.146,32.3039,1193276.0389,1161415.5743
000503.SZ,20250221,12.5,4.2834,5.6868,,,8.8271,37.1567,33.2072,1226640.665,1193889.365
000503.SZ,20250220,12.37,6.8751,9.1276,,,8.7353,36.7702,32.8618,1213883.6021,1181472.9156
000503.SZ,20250219,12.01,4.2423,5.6322,,,8.4811,35.7001,31.9055,1178556.3509,1147088.9019
000503.SZ,20250218,11.84,7.5451,10.0171,,,8.361,35.1948,31.4538,1161874.0379,1130852.0065
000503.SZ,20250217,12.78,13.2261,17.5594,,,9.0248,37.989,33.951,1254117.4159,1220632.4868
000503.SZ,20250214,12.52,8.1481,10.8177,,,8.8412,37.2161,33.2603,1228603.2901,1195799.588
000503.SZ,20250213,11.38,3.2627,4.3316,,,8.0362,33.8274,30.2318,1116733.6614,1086916.8779
000503.SZ,20250212,11.73,4.6688,6.1985,,,8.2833,34.8678,31.1616,1151079.6,1120345.7801
000503.SZ,20250211,11.4,5.3106,7.0505,,,8.0503,33.8869,30.2849,1118696.2865,1088827.1009
000503.SZ,20250210,11.98,7.7369,10.2718,,,8.4599,35.6109,31.8258,1175612.4133,1144223.5674
000503.SZ,20250207,11.5,8.4732,11.2492,,,8.1209,34.1841,30.5506,1128509.4118,1098378.2158
000503.SZ,20250206,10.83,5.3194,7.0622,,,7.6478,32.1925,28.7707,1062761.4722,1034385.7458
000503.SZ,20250205,10.65,4.4102,5.8551,,,7.5207,31.6575,28.2925,1045097.8466,1017193.739
000503.SZ,20250127,9.68,1.3548,1.7987,,,6.8357,28.7741,25.7156,949910.531,924547.9243
000503.SZ,20250124,9.76,2.2576,2.9973,,,6.8922,29.0119,25.9282,957761.0312,932188.8162
000503.SZ,20250123,9.66,2.2178,2.9444,,,6.8216,28.7147,25.6625,947947.9059,922637.7013
000503.SZ,20250122,9.85,1.3703,1.8192,,,6.9557,29.2794,26.1673,966592.844,940784.8196
000503.SZ,20250121,10.0,1.6542,2.1961,,,7.0617,29.7253,26.5657,981312.532,955111.492
000503.SZ,20250120,10.23,1.6922,2.2466,,,7.2241,30.409,27.1768,1003882.7202,977079.0563
000503.SZ,20250117,10.27,1.9568,2.5979,,,7.2523,30.5279,27.283,1007807.9704,980899.5023
000503.SZ,20250116,10.22,1.6807,2.2313,,,7.217,30.3793,27.1502,1002901.4077,976123.9448
000503.SZ,20250115,10.29,1.8151,2.4098,,,7.2665,30.5874,27.3361,1009770.5954,982809.7253
000503.SZ,20250114,10.49,2.7588,3.6627,,,7.4077,31.1819,27.8675,1029396.8461,1001911.9551
000503.SZ,20250113,9.97,1.6118,2.1399,,,7.0405,29.6362,26.486,978368.5944,952246.1575
000503.SZ,20250110,10.12,1.9673,2.6118,,,7.1464,30.082,26.8845,993088.2824,966572.8299
000503.SZ,20250109,10.16,1.6691,2.2159,,,7.1747,30.2009,26.9908,997013.5325,970393.2759
000503.SZ,20250108,10.04,1.9822,2.6317,,,7.0899,29.8442,26.672,985237.7821,958931.938
000503.SZ,20250107,10.09,1.4327,1.9021,,,7.1252,29.9929,26.8048,990144.3448,963707.4954
000503.SZ,20250106,9.96,1.9617,2.6044,,,7.0334,29.6064,26.4595,977387.2819,951291.046
000503.SZ,20250103,10.06,2.396,3.181,,,7.104,29.9037,26.7251,987200.4072,960842.161
000503.SZ,20250102,10.5,2.6102,3.4654,,,7.4148,31.2116,27.894,1030378.1586,1002867.0666
000503.SZ,20241231,10.98,2.092,2.7774,,,7.7537,32.6384,29.1692,1077481.1601,1048712.4182
000503.SZ,20241230,11.34,1.5441,2.05,,,8.0079,33.7085,30.1255,1112808.4113,1083096.4319
000503.SZ,20241227,11.37,1.8825,2.4993,,,8.0291,33.7977,30.2052,1115752.3489,1085961.7664
000503.SZ,20241226,11.34,1.9331,2.5664,,,8.0079,33.7085,30.1255,1112808.4113,1083096.4319
000503.SZ,20241225,11.45,2.7501,3.6512,,,8.0856,34.0355,30.4178,1123602.8491,1093602.6583
000503.SZ,20241224,11.87,1.519,2.0167,,,8.3822,35.284,31.5335,1164817.9755,1133717.341
000503.SZ,20241223,11.85,3.0727,4.0794,,,8.3681,35.2245,31.4804,1162855.3504,1131807.118
000503.SZ,20241220,12.51,2.0989,2.7866,,,8.8342,37.1864,33.2337,1227621.9775,1194844.4765
000503.SZ,20241219,12.34,1.6334,2.1685,,,8.7141,36.6811,32.7821,1210939.6645,1178607.5811
000503.SZ,20241218,12.27,2.8022,3.7203,,,8.6647,36.473,32.5962,1204070.4768,1171921.8007
000503.SZ,20241217,12.1,2.8452,3.7773,,,8.5446,35.9676,32.1445,1187388.1637,1155684.9053
000503.SZ,20241216,12.6,2.0482,2.7193,,,8.8977,37.4539,33.4728,1236453.7903,1203440.4799
000503.SZ,20241213,12.72,2.8963,3.8452,,,8.9824,37.8106,33.7916,1248229.5407,1214901.8178
000503.SZ,20241212,13.22,2.7261,3.6193,,,9.3355,39.2969,35.1199,1297295.1673,1262657.3924
000503.SZ,20241211,13.0,2.1379,2.8384,,,9.1802,38.6429,34.5355,1275706.2916,1241644.9396
000503.SZ,20241210,12.91,3.4868,4.6292,,,9.1166,38.3754,34.2964,1266874.4788,1233048.9362
000503.SZ,20241209,13.04,4.4637,5.9262,,,9.2084,38.7618,34.6417,1279631.5417,1245465.3856
000503.SZ,20241206,13.6,3.3084,4.3924,,,9.6039,40.4264,36.1294,1334585.0435,1298951.6291
000503.SZ,20241205,13.7,2.994,3.9749,,,9.6745,40.7237,36.3951,1344398.1688,1308502.744
000503.SZ,20241204,13.36,4.3212,5.7369,,,9.4344,39.713,35.4918,1311033.5428,1276028.9533
000503.SZ,20241203,13.95,4.624,6.139,,,9.851,41.4668,37.0592,1368930.9821,1332380.5313
000503.SZ,20241202,13.99,4.5277,6.0112,,,9.8793,41.5857,37.1655,1372856.2323,1336200.9773
000503.SZ,20241129,14.17,7.1027,9.4298,,,10.0064,42.1208,37.6437,1390519.8578,1353392.9842
000503.SZ,20241128,13.24,6.8286,9.0658,,,9.3497,39.3563,35.173,1299257.7924,1264567.6154
000503.SZ,20241127,13.86,9.1603,12.1615,,,9.7875,41.1993,36.8201,1360099.1694,1323784.5279
000503.SZ,20241126,12.6,3.8687,5.1362,,,8.8977,37.4539,33.4728,1236453.7903,1203440.4799
000503.SZ,20241125,13.09,6.8449,9.0876,,,9.2437,38.9105,34.7746,1284538.1044,1250240.943
000503.SZ,20241122,13.54,9.4295,12.5189,,,9.5615,40.2481,35.97,1328697.1683,1293220.9602
000503.SZ,20241121,14.2,15.4224,20.4754,,,10.0276,42.21,37.7234,1393463.7954,1356258.3186
000503.SZ,20241120,13.54,3.1242,4.1478,,,9.5615,40.2481,35.97,1328697.1683,1293220.9602
000503.SZ,20241119,12.31,3.5725,4.743,,,8.6929,36.5919,32.7024,1207995.7269,1175742.2467
000503.SZ,20241118,11.96,5.4677,7.2592,,,8.4458,35.5515,31.7726,1173649.7883,1142313.3444
000503.SZ,20241115,13.07,3.5456,4.7073,,,9.2296,38.851,34.7214,1282575.4793,1248330.72
000503.SZ,20241114,13.5,4.0908,5.4311,,,9.5333,40.1292,35.8637,1324771.9182,1289400.5142
000503.SZ,20241113,13.9,7.5018,9.9596,,,9.8157,41.3182,36.9264,1364024.4195,1327604.9739
000503.SZ,20241112,15.11,8.9368,11.8648,,,10.6702,44.915,40.1408,1482763.2359,1443173.4644
000503.SZ,20241111,14.95,10.2158,13.5629,,,10.5572,44.4394,39.7158,1467062.2353,1427891.6805
000503.SZ,20241108,14.22,7.925,10.5215,,,10.0417,42.2694,37.7765,1395426.4205,1358168.5416
000503.SZ,20241107,13.94,5.2767,7.0055,,,9.844,41.4371,37.0326,1367949.6696,1331425.4198
000503.SZ,20241106,13.6,6.6372,8.8118,,,9.6039,40.4264,36.1294,1334585.0435,1298951.6291
000503.SZ,20241105,13.89,7.2134,9.5768,,,9.8087,41.2885,36.8998,1363043.1069,1326649.8624
000503.SZ,20241104,13.43,4.9478,6.5689,,,9.4838,39.9211,35.6778,1317902.7305,1282714.7338
000503.SZ,20241101,13.52,9.8466,13.0727,,,9.5474,40.1886,35.9169,1326734.5433,1291310.7372
000503.SZ,20241031,14.64,10.136,13.457,,,10.3383,43.5179,38.8922,1436641.5468,1398283.2243
000503.SZ,20241030,15.0,11.0538,14.6754,,,10.5925,44.588,39.8486,1471968.798,1432667.238
000503.SZ,20241029,14.8,11.5226,15.2978,,,10.4513,43.9935,39.3173,1452342.5474,1413565.0082
000503.SZ,20241028,14.8,13.522,17.9523,,,10.4513,43.9935,39.3173,1452342.5474,1413565.0082
000503.SZ,20241025,15.98,10.0471,13.3389,,,11.7606,47.5011,42.6824,1568137.4261,1526268.1642
000503.SZ,20241024,16.01,14.4876,19.2343,,,11.7827,47.5903,42.7625,1571081.3637,1529133.4987
000503.SZ,20241023,16.72,12.9997,17.2588,,,12.3052,49.7008,44.6589,1640754.5535,1596946.4146
000503.SZ,20241022,15.2,11.3187,15.0271,,,11.1866,45.1825,40.599,1491595.0486,1451769.4678
000503.SZ,20241021,14.43,11.192,14.8588,,,10.6199,42.8936,38.5423,1416033.9837,1378225.883
000503.SZ,20241018,13.12,7.7995,10.3548,,,9.6558,38.9996,35.0433,1287482.042,1253106.2775
000503.SZ,20241017,11.93,9.1918,12.2033,,,8.78,35.4623,31.8649,1170705.8507,1139448.01
000503.SZ,20241016,11.68,8.4482,11.2162,,,8.596,34.7192,31.1971,1146173.0374,1115570.2227
000503.SZ,20241015,10.71,7.3045,9.6977,,,7.8821,31.8358,28.6063,1050985.7218,1022924.4079
000503.SZ,20241014,10.67,5.8626,7.7834,,,7.8527,31.7169,28.4994,1047060.4716,1019103.962
000503.SZ,20241011,9.7,6.1068,8.1076,,,7.1388,28.8336,25.9086,951873.156,926458.1472
000503.SZ,20241010,10.02,9.9384,13.1945,,,7.3743,29.7848,26.7633,983275.1571,957021.715
000503.SZ,20241009,11.04,11.9193,15.8245,,,8.125,32.8168,29.4877,1083369.0353,1054443.0872
000503.SZ,20241008,10.27,5.2451,6.9636,,,7.5583,30.5279,27.431,1007807.9704,980899.5023
000503.SZ,20240930,9.34,5.3045,7.0424,,,6.8738,27.7635,24.947,916545.9049,892074.1335
000503.SZ,20240927,8.49,3.8132,5.0625,,,6.2483,25.2368,22.6767,833134.3397,810889.6567
000503.SZ,20240926,7.94,2.1526,2.8578,,,5.8435,23.6019,21.2076,779162.1504,758358.5246
000503.SZ,20240925,7.8,2.6903,3.5717,,,5.7405,23.1858,20.8337,765423.775,744986.9638
000503.SZ,20240924,7.64,2.1286,2.826,,,5.6227,22.7102,20.4063,749722.7744,729705.1799
000503.SZ,20240923,7.48,2.1018,2.7904,,,5.505,22.2345,19.979,734021.7739,714423.396
000503.SZ,20240920,7.58,4.5281,6.0117,,,5.5786,22.5318,20.2461,743834.8993,723974.5109
000503.SZ,20240919,7.24,2.0933,2.7791,,,5.3283,21.5211,19.3379,710470.2732,691500.7202
000503.SZ,20240918,6.84,1.2178,1.6168,,,5.034,20.3321,18.2695,671217.7719,653296.2605
000503.SZ,20240913,6.97,1.4932,1.9825,,,5.1296,20.7186,18.6168,683974.8348,665712.7099
000503.SZ,20240912,7.04,1.4695,1.951,,,5.1811,20.9266,18.8037,690844.0225,672398.4904
000503.SZ,20240911,6.95,1.5226,2.0214,,,5.1149,20.6591,18.5634,682012.2097,663802.4869
000503.SZ,20240910,6.83,1.487,1.9742,,,5.0266,20.3024,18.2428,670236.4594,652341.149
000503.SZ,20240909,6.8,1.7096,2.2698,,,5.0045,20.2132,18.1627,667292.5218,649475.8146
000503.SZ,20240906,6.69,0.6911,0.9175,,,4.9236,19.8862,17.8689,656498.0839,638969.5881
000503.SZ,20240905,6.82,0.9701,1.2879,,,5.0192,20.2727,18.2161,669255.1468,651386.0375
000503.SZ,20240904,6.68,0.6893,0.9151,,,4.9162,19.8565,17.8422,655516.7714,638014.4767
000503.SZ,20240903,6.68,1.0449,1.3872,,,4.9162,19.8565,17.8422,655516.7714,638014.4767
000503.SZ,20240902,6.71,0.9915,1.3163,,,4.9383,19.9457,17.9223,658460.709,640879.8111
000503.SZ,20240830,6.89,1.7323,2.2999,,,5.0707,20.4808,18.4031,676124.3345,658071.818
000503.SZ,20240829,6.81,1.6682,2.2147,,,5.0119,20.2429,18.1894,668273.8343,650430.9261
000503.SZ,20240828,6.54,0.8494,1.1277,,,4.6634,19.4971,19.972,643651.1929,624642.9158
000503.SZ,20240827,6.45,0.7967,1.0577,,,4.5992,19.2288,19.6972,634793.6077,616046.9123
000503.SZ,20240826,6.58,0.8033,1.0665,,,4.6919,19.6163,20.0942,647587.8975,628463.3617
000503.SZ,20240823,6.45,0.7079,0.9399,,,4.5992,19.2288,19.6972,634793.6077,616046.9123
000503.SZ,20240822,6.43,0.9662,1.2828,,,4.585,19.1692,19.6361,632825.2554,614136.6894
000503.SZ,20240821,6.58,0.712,0.9453,,,4.6919,19.6163,20.0942,647587.8975,628463.3617
000503.SZ,20240820,6.69,1.2441,1.6517,,,4.7703,19.9443,20.4301,658413.835,638969.5881
000503.SZ,20240819,6.8,1.073,1.4246,,,4.8488,20.2722,20.766,669239.7725,649475.8146
000503.SZ,20240816,6.85,0.954,1.2665,,,4.8844,20.4213,20.9187,674160.6532,654251.372
000503.SZ,20240815,6.93,1.338,1.7764,,,4.9415,20.6598,21.163,682034.0622,661892.264
000503.SZ,20240814,6.8,0.9617,1.2768,,,4.8488,20.2722,20.766,669239.7725,649475.8146
000503.SZ,20240813,6.93,0.9485,1.2593,,,4.9415,20.6598,21.163,682034.0622,661892.264
000503.SZ,20240812,6.86,1.6158,2.1452,,,4.8916,20.4511,20.9493,675144.8293,655206.4835
000503.SZ,20240809,7.09,1.1218,1.4893,,,5.0556,21.1368,21.6517,697780.8804,677174.0478
000503.SZ,20240808,7.26,1.3316,1.7679,,,5.1768,21.6436,22.1708,714511.8747,693410.9432
000503.SZ,20240807,7.16,1.783,2.3671,,,5.1055,21.3454,21.8654,704670.1134,683859.8283
000503.SZ,20240806,7.42,2.1731,2.8851,,,5.2909,22.1206,22.6594,730258.6929,708692.7271
000503.SZ,20240805,7.21,3.2174,4.2715,,,5.1411,21.4945,22.0181,709590.9941,688635.3857
000503.SZ,20240802,7.52,3.7768,5.0143,,,5.3622,22.4187,22.9648,740100.4543,718243.842
000503.SZ,20240801,7.36,2.6794,3.5573,,,5.2481,21.9417,22.4762,724353.6361,702962.0581
000503.SZ,20240731,7.3,3.6142,4.7984,,,5.2053,21.7628,22.293,718448.5793,697231.3892
000503.SZ,20240730,7.04,2.2121,2.9368,,,5.0199,20.9877,21.499,692859.9997,672398.4904
000503.SZ,20240729,7.11,2.3326,3.0968,,,5.0698,21.1964,21.7127,699749.2327,679084.2708
000503.SZ,20240726,7.08,2.8619,3.7995,,,5.0484,21.1069,21.6211,696796.7043,676218.9363
000503.SZ,20240725,7.14,4.6682,6.1976,,,5.0912,21.2858,21.8043,702701.7611,681949.6053
000503.SZ,20240724,7.47,8.1735,10.8514,,,5.3265,22.2696,22.8121,735179.5736,713468.2845
000503.SZ,20240723,7.4,3.3053,4.3883,,,5.2766,22.0609,22.5983,728290.3406,706782.5041
000503.SZ,20240722,6.73,1.2531,1.6637,,,4.7989,20.0635,20.5523,662350.5395,642790.0341
000503.SZ,20240719,6.79,2.4454,3.2465,,,4.8417,20.2424,20.7355,668255.5963,648520.7031
000503.SZ,20240718,6.5,1.2186,1.6178,,,4.6349,19.3778,19.8499,639714.4884,620822.4698
000503.SZ,20240717,6.51,1.5927,2.1145,,,4.642,19.4077,19.8804,640698.6645,621777.5813
000503.SZ,20240716,6.35,0.8572,1.138,,,4.5279,18.9307,19.3918,624951.8464,606495.7974
000503.SZ,20240715,6.31,1.1302,1.5005,,,4.4994,18.8114,19.2697,621015.1418,602675.3515
000503.SZ,20240712,6.55,0.9945,1.3204,,,4.6705,19.5269,20.0026,644635.3691,625598.0273
000503.SZ,20240711,6.63,1.3793,1.8312,,,4.7276,19.7654,20.2469,652508.7782,633238.9192
000503.SZ,20240710,6.43,1.2304,1.6335,,,4.585,19.1692,19.6361,632825.2554,614136.6894
000503.SZ,20240709,6.47,1.813,2.407,,,4.6135,19.2884,19.7583,636761.96,617957.1353
000503.SZ,20240708,6.53,2.3167,3.0757,,,4.6563,19.4673,19.9415,642667.0168,623687.8043
000503.SZ,20240705,6.97,1.7456,2.3176,,,4.97,20.779,21.2852,685970.7668,665712.7099
000503.SZ,20240704,6.8,3.0826,4.0925,,,4.8488,20.2722,20.766,669239.7725,649475.8146
000503.SZ,20240703,6.81,0.9907,1.3153,,,4.8559,20.302,20.7966,670223.9486,650430.9261
000503.SZ,20240702,6.82,1.3745,1.8248,,,4.863,20.3318,20.8271,671208.1248,651386.0375
000503.SZ,20240701,6.71,0.9837,1.3061,,,4.7846,20.0039,20.4912,660382.1873,640879.8111
000503.SZ,20240628,6.67,1.066,1.4152,,,4.7561,19.8847,20.369,656445.4827,637059.3652
000503.SZ,20240627,6.76,1.1037,1.4653,,,4.8203,20.153,20.6439,665303.0679,645655.3686
000503.SZ,20240626,6.92,1.2954,1.7198,,,4.9343,20.63,21.1325,681049.8861,660937.1525
000503.SZ,20240625,6.6,1.3084,1.7371,,,4.7062,19.676,20.1553,649556.2498,630373.5847
000503.SZ,20240624,6.66,1.4774,1.9614,,,4.749,19.8548,20.3385,655461.3066,636104.2537
000503.SZ,20240621,6.92,0.9757,1.2954,,,4.9343,20.63,21.1325,681049.8861,660937.1525
000503.SZ,20240620,6.9,1.4895,1.9775,,,4.9201,20.5703,21.0714,679081.5338,659026.9295
000503.SZ,20240619,7.1,0.9564,1.2698,,,5.0627,21.1666,21.6822,698765.0566,678129.1593
000503.SZ,20240618,7.2,1.3913,1.8472,,,5.134,21.4647,21.9876,708606.8179,687680.2742
000503.SZ,20240617,7.1,1.5119,2.0072,,,5.0627,21.1666,21.6822,698765.0566,678129.1593
000503.SZ,20240614,7.22,2.2635,3.0051,,,5.1483,21.5243,22.0486,710575.1702,689590.4972
000503.SZ,20240613,7.31,2.1838,2.8993,,,5.2124,21.7926,22.3235,719432.7554,698186.5007
000503.SZ,20240612,7.55,1.067,1.4462,,,5.3836,22.5081,23.0564,743052.9827,678610.764
000503.SZ,20240611,7.67,1.4684,1.9904,,,5.4691,22.8659,23.4229,754863.0963,689396.6305
000503.SZ,20240607,7.47,1.4805,2.0067,,,5.3265,22.2696,22.8121,735179.5736,671420.1864
000503.SZ,20240606,7.25,2.4299,3.2935,,,5.1697,21.6138,22.1403,713527.6986,651646.0979
000503.SZ,20240605,7.7,1.2268,1.6629,,,5.4905,22.9553,23.5145,757815.6247,692093.0971
000503.SZ,20240604,7.89,1.2862,1.7434,,,5.626,23.5217,24.0947,776514.9713,709170.719
000503.SZ,20240603,7.94,2.5218,3.4182,,,5.6617,23.6708,24.2474,781435.852,713664.83
000503.SZ,20240531,8.39,2.6114,3.5395,,,5.9825,25.0123,25.6216,825723.7781,754111.8292
000503.SZ,20240530,8.0,1.7254,2.3387,,,5.7045,23.8497,24.4306,787340.9088,719057.7632
000503.SZ,20240529,8.14,2.7414,3.7158,,,5.8043,24.267,24.8582,801119.3747,731641.2741
000503.SZ,20240528,8.46,1.8558,2.5155,,,6.0325,25.221,25.8354,832613.0111,760403.5846
000503.SZ,20240527,8.73,3.396,4.6031,,,6.225,26.0259,26.6599,859185.7667,784671.7841
000503.SZ,20240524,8.87,3.4801,4.7171,,,6.3248,26.4433,27.0875,872964.2326,797255.2949
000503.SZ,20240523,8.06,1.7334,2.3495,,,5.7472,24.0285,24.6139,793245.9656,724450.6964
000503.SZ,20240522,8.53,1.9872,2.6936,,,6.0824,25.4297,26.0492,839502.244,766695.34
000503.SZ,20240521,8.24,0.9314,1.2624,,,5.8756,24.5651,25.1636,810961.1361,740629.4961
000503.SZ,20240520,8.37,1.2579,1.705,,,5.9683,24.9527,25.5606,823755.4258,752314.1847
000503.SZ,20240517,8.31,1.1348,1.5382,,,5.9255,24.7738,25.3773,817850.369,746921.2515
000503.SZ,20240516,8.17,1.0321,1.399,,,5.8257,24.3565,24.9498,804071.9031,734337.7407
000503.SZ,20240515,8.15,1.053,1.4273,,,5.8114,24.2968,24.8887,802103.5508,732540.0963
000503.SZ,20240514,8.24,1.1102,1.5048,,,5.8756,24.5651,25.1636,810961.1361,740629.4961
000503.SZ,20240513,8.17,1.3765,1.8658,,,5.8257,24.3565,24.9498,804071.9031,734337.7407
000503.SZ,20240510,8.47,1.2442,1.6865,,,6.0396,25.2508,25.8659,833597.1872,761302.4068
000503.SZ,20240509,8.7,0.9267,1.256,,,6.2036,25.9365,26.5683,856233.2383,781975.3175
000503.SZ,20240508,8.65,1.3147,1.7819,,,6.1679,25.7874,26.4156,851312.3576,777481.2065
000503.SZ,20240507,8.96,1.1708,1.5869,,,6.389,26.7116,27.3623,881821.8179,805344.6948
000503.SZ,20240506,9.1,1.3564,1.8386,,,6.4888,27.129,27.7898,895600.2838,817928.2056
000503.SZ,20240430,9.0,1.1742,1.5915,,,6.4175,26.8309,27.4845,885758.5224,808939.9836
000503.SZ,20240429,9.12,1.8137,2.4583,,,6.5031,27.1886,27.8509,897568.636,819725.85
000503.SZ,20240426,8.58,1.47,1.9924,,,6.0838,27.1449,25.024,844423.1247,771189.451
000503.SZ,20240425,8.31,1.054,1.4287,,,5.8924,26.2907,24.2365,817850.369,746921.2515
000503.SZ,20240424,8.36,0.993,1.346,,,5.9278,26.4489,24.3823,822771.2497,751415.3625
000503.SZ,20240423,8.25,1.2872,1.7448,,,5.8498,26.1009,24.0615,811945.3122,741528.3183
000503.SZ,20240422,8.09,1.2071,1.6361,,,5.7364,25.5947,23.5949,796198.494,727147.163
000503.SZ,20240419,8.04,1.3352,1.8098,,,5.7009,25.4365,23.4491,791277.6133,722653.052
000503.SZ,20240418,8.2,1.5689,2.1266,,,5.8144,25.9427,23.9157,807024.4315,737034.2073
000503.SZ,20240417,8.35,1.9301,2.6161,,,5.9208,26.4173,24.3532,821787.0736,750516.5403
000503.SZ,20240416,7.83,2.5746,3.4898,,,5.552,24.7721,22.8366,770609.9145,703777.7857
000503.SZ,20240415,8.35,3.2262,4.3729,,,5.9208,26.4173,24.3532,821787.0736,750516.5403
000503.SZ,20240412,8.97,1.0076,1.3657,,,6.3604,28.3788,26.1614,882805.994,806243.517
000503.SZ,20240411,9.11,1.0127,1.3727,,,6.4596,28.8217,26.5698,896584.4599,818827.0278
000503.SZ,20240410,9.16,1.2019,1.6291,,,6.4951,28.9799,26.7156,901505.3406,823321.1389
000503.SZ,20240409,9.4,1.218,1.6509,,,6.6653,29.7392,27.4156,925125.5678,844892.8718
000503.SZ,20240408,9.19,1.469,1.9911,,,6.5164,29.0748,26.8031,904457.869,826017.6055
000503.SZ,20240403,9.43,2.1308,2.8882,,,6.6866,29.8341,27.5031,928078.0962,847589.3384
000503.SZ,20240402,9.8,2.2325,3.026,,,6.9489,31.0047,28.5822,964492.6133,880845.7599
000503.SZ,20240401,10.18,1.8637,2.5262,,,7.2184,32.2069,29.6905,1001891.3064,915001.0037
000503.SZ,20240329,10.07,1.4694,1.9916,,,7.1404,31.8589,29.3696,991065.369,905113.9594
000503.SZ,20240328,9.9,1.5068,2.0424,,,7.0198,31.3211,28.8738,974334.3746,889833.982
000503.SZ,20240327,9.54,2.1181,2.871,,,6.7646,30.1821,27.8239,938904.0337,857476.3826
000503.SZ,20240326,10.12,1.7402,2.3587,,,7.1758,32.0171,29.5155,995986.2496,909608.0704
000503.SZ,20240325,10.27,2.1557,2.922,,,7.2822,32.4917,29.953,1010748.8917,923090.4035
000503.SZ,20240322,10.8,2.2159,3.0035,,,7.658,34.1684,31.4987,1062910.2269,970727.9803
000503.SZ,20240321,10.98,2.0921,2.8357,,,7.7856,34.7379,32.0237,1080625.3973,986906.78
000503.SZ,20240320,11.21,2.4889,3.3736,,,7.9487,35.4656,32.6945,1103261.4485,1007579.6907
000503.SZ,20240319,11.1,3.048,4.1313,,,7.8707,35.1176,32.3737,1092435.511,997692.6464
000503.SZ,20240318,11.18,3.9415,5.3425,,,7.9274,35.3707,32.607,1100308.92,1004883.2241
000503.SZ,20240315,10.5,1.441,1.9532,,,7.4453,33.2193,30.6238,1033384.9428,943763.3142
000503.SZ,20240314,10.33,2.4127,3.2702,,,7.3247,32.6815,30.1279,1016653.9485,928483.3367
000503.SZ,20240313,10.63,3.1913,4.3256,,,7.5374,33.6306,31.0029,1046179.2326,955448.0029
000503.SZ,20240312,10.38,2.5981,3.5216,,,7.3602,32.8397,30.2738,1021574.8292,932977.4478
000503.SZ,20240311,10.14,2.221,3.0105,,,7.19,32.0804,29.5738,997954.6019,911405.7149
000503.SZ,20240308,9.72,2.0211,2.7395,,,6.8922,30.7516,28.3489,956619.2042,873655.1823
000503.SZ,20240307,9.76,1.6142,2.188,,,6.9205,30.8782,28.4655,960555.9087,877250.4711
000503.SZ,20240306,10.07,1.6538,2.2416,,,7.1404,31.8589,29.3696,991065.369,905113.9594
000503.SZ,20240305,10.19,2.1795,2.9542,,,7.2254,32.2386,29.7196,1002875.4826,915899.8259
000503.SZ,20240304,10.58,2.8386,3.8476,,,7.502,33.4724,30.8571,1041258.3519,950953.8918
000503.SZ,20240301,10.39,1.8006,2.4407,,,7.3673,32.8713,30.3029,1022559.0053,933876.27
000503.SZ,20240229,10.34,1.844,2.4994,,,7.3318,32.7131,30.1571,1017638.1246,929382.1589
000503.SZ,20240228,9.9,2.7882,3.7793,,,7.0198,31.3211,28.8738,974334.3746,889833.982
000503.SZ,20240227,10.57,1.6968,2.3,,,7.4949,33.4408,30.8279,1040274.1758,950055.0696
000503.SZ,20240226,10.4,1.8682,2.5323,,,7.3744,32.903,30.3321,1023543.1814,934775.0922
000503.SZ,20240223,10.23,1.7961,2.4345,,,7.2538,32.3651,29.8363,1006812.1871,919495.1147
000503.SZ,20240222,10.12,1.9143,2.5948,,,7.1758,32.0171,29.5155,995986.2496,909608.0704
000503.SZ,20240221,9.67,1.8789,2.5468,,,6.8567,30.5934,28.203,951698.3235,869161.0713
000503.SZ,20240220,9.71,2.0769,2.8151,,,6.8851,30.72,28.3197,955635.0281,872756.3601
000503.SZ,20240219,9.47,2.5042,3.3943,,,6.7149,29.9607,27.6197,932014.8008,851184.6272
000503.SZ,20240208,9.26,3.8034,5.1553,,,6.566,29.2963,27.0072,911347.1019,832309.3609
000503.SZ,20240207,8.98,4.5824,6.2112,,,6.3675,28.4104,26.1906,883790.1701,807142.3392
000503.SZ,20240206,8.44,3.4087,4.6204,,,5.9846,26.702,24.6157,830644.6588,758605.9402
000503.SZ,20240205,8.14,3.4626,4.6933,,,5.7718,25.7529,23.7407,801119.3747,731641.2741
000503.SZ,20240202,9.03,3.0897,4.1879,,,6.4029,28.5686,26.3364,888711.0508,811636.4502
000503.SZ,20240201,9.61,1.7366,2.3538,,,6.8142,30.4036,28.028,945793.2667,863768.138
000503.SZ,20240131,9.7,2.04,2.7652,,,6.878,30.6883,28.2905,954650.8519,871857.5379
000503.SZ,20240130,10.24,1.5724,2.1313,,,7.2609,32.3968,29.8655,1007796.3633,920393.9369
000503.SZ,20240129,10.68,1.7728,2.4029,,,7.5729,33.7888,31.1487,1051100.1132,959942.1139
000503.SZ,20240126,11.16,2.2568,3.059,,,7.9132,35.3074,32.5487,1098340.5678,1003085.5797
000503.SZ,20240125,11.11,2.285,3.0972,,,7.8778,35.1492,32.4029,1093419.6871,998591.4686
000503.SZ,20240124,10.44,1.4869,2.0154,,,7.4027,33.0295,30.4488,1027479.886,938370.381
000503.SZ,20240123,10.34,1.5702,2.1283,,,7.3318,32.7131,30.1571,1017638.1246,929382.1589
000503.SZ,20240122,10.27,1.5858,2.1495,,,7.2822,32.4917,29.953,1010748.8917,923090.4035
000503.SZ,20240119,11.0,1.0325,1.3995,,,7.7998,34.8012,32.082,1082593.7496,988704.4244
000503.SZ,20240118,11.15,1.9162,2.5972,,,7.9062,35.2758,32.5195,1097356.3916,1002186.7575
000503.SZ,20240117,11.38,0.8112,1.0995,,,8.0692,36.0034,33.1903,1119992.4428,1022859.6682
000503.SZ,20240116,11.65,1.1779,1.5966,,,8.2607,36.8576,33.9778,1146565.1984,1047127.8677
000503.SZ,20240115,11.75,0.964,1.3067,,,8.3316,37.174,34.2694,1156406.9598,1056116.0897
000503.SZ,20240112,11.75,1.8781,2.5457,,,8.3316,37.174,34.2694,1156406.9598,1056116.0897
000503.SZ,20240111,11.97,1.2578,1.7049,,,8.4876,37.87,34.9111,1178058.8348,1075890.1782
000503.SZ,20240110,11.7,0.8718,1.1817,,,8.2961,37.0158,34.1236,1151486.0791,1051621.9787
000503.SZ,20240109,11.9,1.4028,1.9014,,,8.438,37.6486,34.7069,1171169.6018,1069598.4228
000503.SZ,20240108,11.89,1.567,2.124,,,8.4309,37.6169,34.6778,1170185.4257,1068699.6006
000503.SZ,20240105,12.17,1.6675,2.2602,,,8.6294,38.5028,35.4944,1197742.3575,1093866.6223
000503.SZ,20240104,12.53,1.157,1.5682,,,8.8847,39.6417,36.5444,1233172.6984,1126224.2216
000503.SZ,20240103,12.53,1.5512,2.1026,,,8.8847,39.6417,36.5444,1233172.6984,1126224.2216
000503.SZ,20240102,12.83,2.0257,2.7457,,,9.0974,40.5909,37.4193,1262697.9825,1153188.8877
000503.SZ,20231229,13.18,2.4688,3.3464,,,9.3456,41.6982,38.4401,1297144.1472,1184647.6649
000503.SZ,20231228,13.06,3.3976,4.6052,,,9.2605,41.3185,38.0901,1285334.0336,1173861.7984
000503.SZ,20231227,13.25,4.1951,5.6863,,,9.3952,41.9196,38.6443,1304033.3802,1190939.4203
000503.SZ,20231226,12.5,3.3284,4.5115,,,8.8634,39.5468,36.4569,1230220.17,1123527.755
000503.SZ,20231225,12.97,2.8268,3.8315,,,9.1967,41.0338,37.8276,1276476.4484,1165772.3986
000503.SZ,20231222,12.17,2.132,2.8898,,,8.6294,38.5028,35.4944,1197742.3575,1093866.6223
000503.SZ,20231221,12.63,1.7749,2.4058,,,8.9556,39.9581,36.836,1243014.4598,1135212.4437
000503.SZ,20231220,12.74,2.4343,3.2996,,,9.0336,40.3061,37.1568,1253840.3973,1145099.4879
000503.SZ,20231219,13.2,1.7632,2.3899,,,9.3598,41.7614,38.4984,1299112.4995,1186445.3093
000503.SZ,20231218,13.35,2.3411,3.1732,,,9.4661,42.236,38.9359,1313875.1416,1199927.6423
000503.SZ,20231215,13.65,1.9508,2.6442,,,9.6788,43.1851,39.8109,1343400.4256,1226892.3085
000503.SZ,20231214,13.85,1.8351,2.4874,,,9.8207,43.8179,40.3942,1363083.9484,1244868.7525
000503.SZ,20231213,13.9,1.7314,2.3468,,,9.8561,43.9761,40.54,1368004.829,1249362.8636
000503.SZ,20231212,14.27,1.842,2.4967,,,21.2998,41.4579,38.2186,1289669.6126,1282619.2851
000503.SZ,20231211,14.23,2.5758,3.4913,,,21.2401,41.3417,38.1115,1286054.5612,1279023.9963
000503.SZ,20231208,14.0,2.5746,3.4897,,,20.8968,40.6735,37.4955,1265268.0152,1258351.0856
000503.SZ,20231207,14.0,3.5218,4.7736,,,20.8968,40.6735,37.4955,1265268.0152,1258351.0856
000503.SZ,20231206,14.28,3.0164,4.0885,,,21.3147,41.4869,38.2454,1290573.3755,1283518.1073
000503.SZ,20231205,14.27,3.7853,5.1308,,,21.2998,41.4579,38.2186,1289669.6126,1282619.2851
000503.SZ,20231204,14.56,5.4934,7.446,,,21.7327,42.3004,38.9953,1315878.7358,1308685.129
000503.SZ,20231201,14.28,2.3964,3.2483,,,21.3147,41.4869,38.2454,1290573.3755,1283518.1073
000503.SZ,20231130,14.14,3.1345,4.2487,,,21.1057,41.0802,37.8704,1277920.6954,1270934.5965
000503.SZ,20231129,14.14,3.8744,5.2515,,,21.1057,41.0802,37.8704,1277920.6954,1270934.5965
000503.SZ,20231128,14.58,5.6023,7.5936,,,21.7625,42.3585,39.0489,1317686.2615,1310482.7734
000503.SZ,20231127,13.72,5.3334,7.2292,,,20.4788,39.86,36.7456,1239962.6549,1233184.0639
000503.SZ,20231124,13.99,6.2033,8.4083,,,20.8819,40.6444,37.4687,1264364.2523,1257452.2634
000503.SZ,20231123,14.51,5.6259,7.6256,,,21.658,42.1551,38.8614,1311359.9215,1304191.018
000503.SZ,20231122,14.63,7.8049,10.5791,,,21.8371,42.5038,39.1828,1322205.0759,1314976.8845
000503.SZ,20231121,14.41,5.5782,7.5609,,,21.5088,41.8646,38.5936,1302322.2928,1295202.796
000503.SZ,20231120,14.88,8.6163,11.6789,,,22.2103,43.2301,39.8523,1344799.1476,1337447.4396
000503.SZ,20231117,13.95,7.1791,9.7309,,,20.8222,40.5282,37.3616,1260749.2009,1253856.9746
000503.SZ,20231116,13.09,6.8389,9.2698,,,19.5385,38.0297,35.0583,1183025.5942,1176558.265
000503.SZ,20231115,13.61,12.1398,16.4548,,,20.3147,39.5404,36.451,1230021.2633,1223297.0196
000503.SZ,20231114,13.5,13.7118,18.5856,,,20.1505,39.2208,36.1564,1220079.8718,1213409.9754
000503.SZ,20231113,12.71,5.0616,6.8607,,,18.9713,36.9257,34.0405,1148682.6052,1142403.0213
000503.SZ,20231110,11.55,3.6295,4.9195,,,17.2398,33.5556,30.9338,1043846.1125,1038139.6456
000503.SZ,20231109,11.26,1.7234,2.336,,,16.807,32.7131,30.1571,1017636.9894,1012073.8017
000503.SZ,20231108,11.34,2.017,2.7339,,,16.9264,32.9455,30.3713,1024867.0923,1019264.3793
000503.SZ,20231107,11.0,1.9281,2.6135,,,16.4189,31.9577,29.4607,994139.1548,988704.4244
000503.SZ,20231106,11.32,1.6585,2.248,,,16.8965,32.8874,30.3178,1023059.5666,1017466.7349
000503.SZ,20231103,10.99,2.0968,2.8422,,,16.404,31.9287,29.434,993235.3919,987805.6022
000503.SZ,20231102,10.64,2.4988,3.387,,,15.8816,30.9118,28.4966,961603.6916,956346.8251
000503.SZ,20231101,10.54,1.1315,1.5337,,,15.7323,30.6213,28.2287,952566.0629,947358.603
000503.SZ,20231031,10.33,0.7051,0.9558,,,15.4188,30.0112,27.6663,933587.0426,928483.3367
000503.SZ,20231030,10.39,0.9821,1.3312,,,15.5084,30.1855,27.827,939009.6199,933876.27
000503.SZ,20231027,10.24,0.9637,1.3062,,,15.0395,29.7497,28.1464,925453.1768,920393.9369
000503.SZ,20231026,10.01,0.7031,0.953,,,14.7017,29.0815,27.5142,904666.6309,899721.0262
000503.SZ,20231025,10.11,0.975,1.3216,,,14.8486,29.3721,27.7891,913704.2595,908709.2482
000503.SZ,20231024,10.02,0.8954,1.2137,,,14.7164,29.1106,27.5417,905570.3937,900619.8484
000503.SZ,20231023,9.98,0.996,1.35,,,14.6577,28.9944,27.4317,901955.3423,897024.5596
000503.SZ,20231020,10.04,0.934,1.266,,,14.7458,29.1687,27.5967,907377.9195,902417.4928
000503.SZ,20231019,10.36,0.5101,0.6914,,,15.2158,30.0984,28.4762,936298.3312,931179.8033
000503.SZ,20231018,10.51,0.9153,1.2407,,,15.4361,30.5342,28.8885,949854.7743,944662.1364
000503.SZ,20231017,10.62,0.6078,0.8238,,,15.5976,30.8537,29.1909,959796.1658,954549.1806
000503.SZ,20231016,10.78,0.6175,0.837,,,15.8326,31.3186,29.6307,974256.3717,968930.3359
000503.SZ,20231013,10.83,0.8625,1.1691,,,15.9061,31.4638,29.7681,978775.186,973424.4469
000503.SZ,20231012,10.99,1.0673,1.4466,,,16.141,31.9287,30.2079,993235.3919,987805.6022
000503.SZ,20231011,10.8,0.7349,0.9961,,,15.862,31.3767,29.6856,976063.8974,970727.9803
000503.SZ,20231010,10.66,0.6148,0.8333,,,15.6564,30.9699,29.3008,963411.2173,958144.4695
000503.SZ,20231009,10.75,0.8409,1.1397,,,15.7886,31.2314,29.5482,971545.0831,966233.8693
000503.SZ,20230928,10.7,0.7588,1.0285,,,15.7151,31.0862,29.4108,967026.2688,961739.7583
000503.SZ,20230927,10.9,1.531,2.0752,,,16.0089,31.6672,29.9605,985101.5261,979716.2024
000503.SZ,20230926,10.49,0.5043,0.6835,,,15.4067,30.476,28.8336,948047.2485,942864.492
000503.SZ,20230925,10.42,0.6735,0.9128,,,15.3039,30.2727,28.6412,941720.9085,936572.7366
000503.SZ,20230922,10.6,0.615,0.8335,,,15.2809,30.8859,29.2214,960797.9962,952751.5362
000503.SZ,20230921,10.44,0.5511,0.7471,,,15.0502,30.4197,28.7803,946295.385,938370.381
000503.SZ,20230920,10.57,0.4164,0.5645,,,15.2376,30.7985,29.1387,958078.7566,950055.0696
000503.SZ,20230919,10.67,0.5558,0.7533,,,15.3818,31.0899,29.4143,967142.8887,959043.2917
000503.SZ,20230918,10.86,0.6726,0.9117,,,15.6557,31.6435,29.9381,984364.7395,976120.9135
000503.SZ,20230915,10.71,0.4363,0.5914,,,15.4395,31.2064,29.5246,970768.5415,962638.5805
000503.SZ,20230914,10.71,0.5872,0.7959,,,15.4395,31.2064,29.5246,970768.5415,962638.5805
000503.SZ,20230913,10.74,0.6969,0.9446,,,15.4827,31.2939,29.6073,973487.7811,965335.0471
000503.SZ,20230912,10.9,0.6281,0.8514,,,15.7134,31.7601,30.0484,987990.3924,979716.2024
000503.SZ,20230911,11.08,0.9421,1.2769,,,15.9728,32.2845,30.5446,1004305.83,995895.002
000503.SZ,20230908,10.78,0.954,1.2931,,,15.5404,31.4104,29.7176,977113.4339,968930.3359
000503.SZ,20230907,11.02,0.5994,0.8125,,,15.8863,32.1097,30.3792,998867.3508,990502.0688
000503.SZ,20230906,11.21,0.5891,0.7985,,,16.1602,32.6633,30.903,1016089.2017,1007579.6907
000503.SZ,20230905,11.26,0.6845,0.9278,,,16.2323,32.809,31.0408,1020621.2677,1012073.8017
000503.SZ,20230904,11.46,0.7706,1.0445,,,16.5206,33.3918,31.5921,1038749.5318,1030050.2458
000503.SZ,20230901,11.36,0.8623,1.1688,,,16.3765,33.1004,31.3165,1029685.3997,1021062.0237
000503.SZ,20230831,11.23,0.855,1.1589,,,16.1891,32.7216,30.9581,1017902.0281,1009377.3351
000503.SZ,20230830,11.32,1.3496,1.8293,,,16.3188,32.9838,31.2062,1026059.7469,1017466.7349
000503.SZ,20230829,11.05,0.979,1.327,,,15.9296,32.1971,30.4619,1001586.5904,993198.5354
000503.SZ,20230828,10.72,1.6494,2.2357,,,15.4539,31.2356,29.5522,971674.9547,963537.4027
000503.SZ,20230825,10.63,1.4853,2.0133,,,15.3241,30.9733,29.3041,963517.2359,955448.0029
000503.SZ,20230824,11.09,1.2749,1.7281,,,15.0468,32.3137,30.5634,1005212.2432,996793.8242
000503.SZ,20230823,11.43,1.4008,1.8986,,,15.5081,33.3044,31.5004,1036030.2922,1027353.7792
000503.SZ,20230822,11.73,1.6606,2.2509,,,15.9151,34.1785,32.3272,1063222.6883,1054318.4453
000503.SZ,20230821,11.18,0.6695,0.9075,,,15.1689,32.5759,30.8114,1013369.9621,1004883.2241
000503.SZ,20230818,11.23,1.1406,1.5461,,,15.2367,32.7216,30.9492,1017902.0281,1009377.3351
000503.SZ,20230817,11.56,1.0026,1.359,,,15.6845,33.6832,31.8587,1047813.6638,1039038.4678
000503.SZ,20230816,11.46,1.3956,1.8916,,,15.5488,33.3918,31.5831,1038749.5318,1030050.2458
000503.SZ,20230815,11.72,1.8765,2.5435,,,15.9015,34.1494,32.2996,1062316.2751,1053419.6231
000503.SZ,20230814,12.05,1.5563,2.1095,,,16.3493,35.1109,33.2091,1092227.9108,1083080.7558
000503.SZ,20230811,12.18,2.2145,3.0017,,,16.5257,35.4897,33.5674,1104011.2825,1094765.4445
000503.SZ,20230810,12.13,2.5544,3.4623,,,16.4578,35.344,33.4296,1099479.2165,1090271.3335
000503.SZ,20230809,12.57,4.1256,5.592,,,17.0548,36.6261,34.6422,1139361.3974,1129819.5104
000503.SZ,20230808,12.19,2.0661,2.8005,,,16.5392,35.5188,33.5949,1104917.6957,1095664.2667
000503.SZ,20230807,11.95,0.9488,1.286,,,16.2136,34.8195,32.9335,1083163.7788,1074092.5338
000503.SZ,20230804,11.99,1.7822,2.4156,,,16.2679,34.9361,33.0437,1086789.4316,1077687.8226
000503.SZ,20230803,11.8,0.9262,1.2554,,,16.0101,34.3825,32.5201,1069567.5807,1060610.2007
000503.SZ,20230802,11.8,0.6368,0.8631,,,16.0101,34.3825,32.5201,1069567.5807,1060610.2007
000503.SZ,20230801,11.73,1.2822,1.7379,,,15.9151,34.1785,32.3272,1063222.6883,1054318.4453
000503.SZ,20230731,11.98,2.0046,2.7171,,,16.2543,34.9069,33.0162,1085883.0184,1076789.0004
000503.SZ,20230728,11.73,0.9452,1.2812,,,15.9151,34.1785,32.3272,1063222.6883,1054318.4453
000503.SZ,20230727,11.65,0.5128,0.6951,,,15.8066,33.9454,32.1067,1055971.3827,1047127.8677
000503.SZ,20230726,11.64,0.6577,0.8915,,,15.793,33.9163,32.0792,1055064.9695,1046229.0455
000503.SZ,20230725,11.78,0.8423,1.1418,,,15.9829,34.3242,32.465,1067754.7543,1058812.5563
000503.SZ,20230724,11.6,0.6038,0.8184,,,15.7387,33.7997,31.9689,1051439.3166,1042633.7566
000503.SZ,20230721,11.73,0.9607,1.3022,,,15.9151,34.1785,32.3272,1063222.6883,1054318.4453
000503.SZ,20230720,11.72,1.422,1.9275,,,15.9015,34.1494,32.2996,1062316.2751,1053419.6231
000503.SZ,20230719,12.08,2.4066,3.2621,,,16.39,35.1983,33.2918,1094947.1504,1085777.2224
000503.SZ,20230718,11.61,0.5368,0.7276,,,15.7523,33.8288,31.9965,1052345.7298,1043532.5788
000503.SZ,20230717,11.68,0.5859,0.7941,,,15.8473,34.0328,32.1894,1058690.6223,1049824.3343
000503.SZ,20230714,11.6,0.7753,1.0509,,,15.7387,33.7997,31.9689,1051439.3166,1042633.7566
000503.SZ,20230713,11.56,0.8044,1.0904,,,15.6845,33.6832,31.8587,1047813.6638,1039038.4678
000503.SZ,20230712,11.33,0.9836,1.3332,,,15.3724,33.013,31.2248,1026966.1601,1018365.5571
000503.SZ,20230711,11.65,0.7898,1.0705,,,15.8066,33.9454,32.1067,1055971.3827,1047127.8677
000503.SZ,20230710,11.64,1.0715,1.4523,,,15.793,33.9163,32.0792,1055064.9695,1046229.0455
000503.SZ,20230707,11.68,1.2811,1.7365,,,15.8473,34.0328,32.1894,1058690.6223,1049824.3343
000503.SZ,20230706,11.53,1.0243,1.3884,,,15.6437,33.5957,31.776,1045094.4242,1036342.0012
000503.SZ,20230705,11.62,1.2771,1.731,,,15.7659,33.858,32.024,1053252.143,1044431.401
000503.SZ,20230704,11.7,1.1388,1.5435,,,15.8744,34.0911,32.2445,1060503.4487,1051621.9787
000503.SZ,20230703,11.9,1.6069,2.1781,,,16.1458,34.6738,32.7957,1078631.7128,1069598.4228
000503.SZ,20230630,11.99,1.1345,1.5377,,,16.2679,34.9361,33.0437,1086789.4316,1077687.8226
000503.SZ,20230629,12.1,1.7621,2.3884,,,16.4171,35.2566,33.3469,1096759.9768,1087574.8668
000503.SZ,20230628,11.73,1.4752,1.9996,,,15.9151,34.1785,32.3272,1063222.6883,1054318.4453
000503.SZ,20230627,11.92,1.0648,1.4433,,,16.1729,34.7321,32.8508,1080444.5392,1071396.0672
000503.SZ,20230626,11.85,1.5177,2.0572,,,16.0779,34.5281,32.6579,1074099.6467,1065104.3117
000503.SZ,20230621,12.2,2.2577,3.0602,,,16.5528,35.548,33.6225,1105824.1089,1096563.0889
000503.SZ,20230620,12.67,3.2445,4.3977,,,17.1905,36.9174,34.9178,1148425.5295,1138807.7325
000503.SZ,20230619,13.18,3.0073,4.0762,,,17.8824,38.4035,36.3233,1194652.6029,1184647.6649
000503.SZ,20230616,12.95,2.3993,3.2521,,,17.5704,37.7333,35.6894,1173805.0992,1163974.7542
000503.SZ,20230615,12.9,2.281,3.0918,,,17.5025,37.5876,35.5516,1169273.0332,1159480.6432
000503.SZ,20230614,12.85,3.1472,4.2658,,,17.4347,37.4419,35.4138,1164740.9671,1154986.5321
000503.SZ,20230613,12.99,2.4827,3.3652,,,17.6247,37.8498,35.7997,1177430.752,1167570.043
000503.SZ,20230612,12.87,2.1351,2.894,,,17.4618,37.5002,35.469,1166553.7935,1156784.1765
000503.SZ,20230609,12.89,2.438,3.3045,,,17.489,37.5585,35.5241,1168366.62,1158581.821
000503.SZ,20230608,13.05,3.3413,4.5289,,,17.7061,38.0247,35.965,1182869.2312,1172962.9762
000503.SZ,20230607,13.25,5.8586,7.941,,,17.9774,38.6074,36.5162,1200997.4953,1190939.4203
000503.SZ,20230606,12.57,2.9906,4.0536,,,17.0548,36.6261,34.6422,1139361.3974,1129819.5104
000503.SZ,20230605,12.62,2.3648,3.2054,,,17.1226,36.7717,34.78,1143893.4634,1134313.6214
000503.SZ,20230602,12.39,1.9401,2.6297,,,16.8106,36.1016,34.1461,1123045.9598,1113640.7108
000503.SZ,20230601,12.6,2.4366,3.3026,,,17.0955,36.7135,34.7249,1142080.637,1132515.977
000503.SZ,20230531,12.87,2.9601,4.0123,,,17.4618,37.5002,35.469,1166553.7935,1156784.1765
000503.SZ,20230530,12.8,5.0448,6.8379,,,17.3669,37.2962,35.276,1160208.9011,1150492.4211
000503.SZ,20230529,13.08,3.8658,5.2399,,,17.7468,38.1121,36.0477,1185588.4708,1175659.4428
000503.SZ,20230526,11.89,2.5099,3.402,,,16.1322,34.6447,32.7681,1077725.2996,1068699.6006
000503.SZ,20230525,11.19,1.2876,1.7452,,,15.1824,32.6051,30.839,1014276.3753,1005782.0463
000503.SZ,20230524,11.31,1.3617,1.8458,,,15.3453,32.9547,31.1697,1025153.3337,1016567.9127
000503.SZ,20230523,11.5,1.1777,1.5964,,,15.603,33.5083,31.6933,1042375.1846,1033645.5346
000503.SZ,20230522,11.81,1.4077,1.9081,,,16.0236,34.4116,32.5477,1070473.9939,1061509.0229
000503.SZ,20230519,11.82,1.7951,2.4332,,,16.0372,34.4407,32.5752,1071380.4071,1062407.8451
000503.SZ,20230518,12.05,3.2557,4.413,,,16.3493,35.1109,33.2091,1092227.9108,1083080.7558
000503.SZ,20230517,11.93,2.1818,2.9573,,,16.1865,34.7612,32.8784,1081350.9524,1072294.8894
000503.SZ,20230516,11.77,3.2234,4.3692,,,15.9694,34.295,32.4374,1066848.3411,1057913.7341
000503.SZ,20230515,12.18,4.3424,5.8858,,,16.5257,35.4897,33.5674,1104011.2825,1094765.4445
000503.SZ,20230512,12.43,5.3151,7.2043,,,16.8649,36.2181,34.2563,1126671.6126,1117235.9996
000503.SZ,20230511,12.21,4.8063,6.5146,,,16.5664,35.5771,33.65,1106730.5221,1097461.9111
000503.SZ,20230510,12.13,5.287,7.1662,,,16.4578,35.344,33.4296,1099479.2165,1090271.3335
000503.SZ,20230509,11.76,7.4733,10.1297,,,15.9558,34.2659,32.4099,1065941.9279,1057014.9119
000503.SZ,20230508,11.65,4.6773,6.3399,,,15.8066,33.9454,32.1067,1055971.3827,1047127.8677
000503.SZ,20230505,10.59,1.8155,2.4609,,,14.3684,30.8568,29.1854,959891.583,951852.714
000503.SZ,20230504,10.56,1.561,2.1159,,,14.3277,30.7694,29.1027,957172.3434,949156.2474
000503.SZ,20230428,10.73,1.4331,1.9425,,,14.5583,31.2647,29.5712,972581.3679,964436.2249
000503.SZ,20230427,10.52,1.866,2.5292,,,14.2734,30.6528,28.9925,953546.6906,945560.9586
000503.SZ,20230426,10.39,1.9764,2.6789,,,13.9292,37.2953,33.0129,941763.319,933876.27
000503.SZ,20230425,10.66,2.2177,3.006,,,14.2912,38.2645,33.8708,966236.4755,958144.4695
000503.SZ,20230424,11.03,1.9556,2.6507,,,14.7872,39.5926,35.0464,999773.764,991400.891
000503.SZ,20230421,10.9,3.3709,4.569,,,14.6129,39.126,34.6333,987990.3924,979716.2024
000503.SZ,20230420,11.46,2.159,2.9264,,,15.3637,41.1362,36.4126,1038749.5318,1030050.2458
000503.SZ,20230419,11.17,1.8315,2.4825,,,14.9749,40.0952,35.4912,1012463.5489,1003984.4019
000503.SZ,20230418,11.29,1.9778,2.6809,,,15.1358,40.5259,35.8725,1023340.5073,1014770.2683
000503.SZ,20230417,11.48,2.9904,4.0534,,,15.3905,41.2079,36.4762,1040562.3582,1031847.8902
000503.SZ,20230414,11.92,2.6183,3.549,,,15.9804,42.7873,37.8742,1080444.5392,1071396.0672
000503.SZ,20230413,11.98,4.3462,5.891,,,16.0608,43.0027,38.0649,1085883.0184,1076789.0004
000503.SZ,20230412,11.91,3.1764,4.3054,,,15.967,42.7514,37.8425,1079538.126,1070497.245
000503.SZ,20230411,11.94,4.3753,5.9305,,,16.0072,42.8591,37.9378,1082257.3656,1073193.7116
000503.SZ,20230410,12.01,7.3455,9.9565,,,16.101,43.1104,38.1602,1088602.258,1079485.467
000503.SZ,20230407,13.05,10.5381,14.2839,,,17.4953,46.8435,41.4647,1182869.2312,1172962.9762
000503.SZ,20230406,12.58,6.9708,9.4486,,,16.8652,45.1564,39.9713,1140267.8106,1130718.3326
000503.SZ,20230404,11.44,5.243,7.1066,,,15.3369,41.0644,36.3491,1036936.7054,1028252.6014
000503.SZ,20230403,11.21,2.8705,3.8908,,,15.0285,40.2388,35.6183,1016089.2017,1007579.6907
000503.SZ,20230331,10.9,2.7749,3.7612,,,14.6129,39.126,34.6333,987990.3924,979716.2024
000503.SZ,20230330,10.4,1.6747,2.27,,,13.9426,37.3312,33.0446,942669.7322,934775.0922
000503.SZ,20230329,10.71,1.737,2.3544,,,14.3582,38.444,34.0296,970768.5415,962638.5805
000503.SZ,20230328,10.78,1.3249,1.7959,,,14.452,38.6953,34.252,977113.4339,968930.3359
000503.SZ,20230327,10.97,2.4342,3.2994,,,14.7068,39.3773,34.8557,994335.2848,986007.9578
000503.SZ,20230324,11.13,4.1352,5.6051,,,14.9213,39.9516,35.3641,1008837.8961,1000389.1131
000503.SZ,20230323,11.2,3.7398,5.069,,,15.0151,40.2029,35.5865,1015182.7885,1006680.8685
000503.SZ,20230322,10.74,1.6685,2.2616,,,14.3984,38.5517,34.1249,973487.7811,965335.0471
000503.SZ,20230321,10.57,1.0081,1.3665,,,14.1705,37.9415,33.5848,958078.7566,950055.0696
000503.SZ,20230320,10.59,1.3777,1.8674,,,14.1973,38.0132,33.6483,959891.583,951852.714
000503.SZ,20230317,10.7,2.2102,2.9959,,,14.3448,38.4081,33.9978,969862.1283,961739.7583
000503.SZ,20230316,10.51,0.9927,1.3455,,,14.0901,37.7261,33.3941,952640.2774,944662.1364
000503.SZ,20230315,10.54,0.9938,1.347,,,14.1303,37.8338,33.4895,955359.517,947358.603
000503.SZ,20230314,10.54,1.3123,1.7787,,,14.1303,37.8338,33.4895,955359.517,947358.603
000503.SZ,20230313,10.53,1.1468,1.5545,,,14.1169,37.7979,33.4577,954453.1038,946459.7808
000503.SZ,20230310,10.35,0.7797,1.0568,,,13.8756,37.1518,32.8858,938137.6661,930280.9811
000503.SZ,20230309,10.39,0.5458,0.7398,,,13.9292,37.2953,33.0129,941763.319,933876.27
000503.SZ,20230308,10.44,1.0017,1.3578,,,13.9962,37.4748,33.1717,946295.385,938370.381
000503.SZ,20230307,10.18,1.0268,1.3917,,,13.6477,36.5415,32.3456,922728.6417,915001.0037
000503.SZ,20230306,10.47,0.9728,1.3185,,,14.0364,37.5825,33.2671,949014.6246,941066.8476
000503.SZ,20230303,10.43,1.0504,1.4238,,,13.9828,37.4389,33.14,945388.9718,937471.5588
000503.SZ,20230302,10.55,1.2056,1.6341,,,14.1437,37.8697,33.5212,956265.9302,948257.4252
000503.SZ,20230301,10.69,2.3579,3.196,,,14.3314,38.3722,33.9661,968955.7151,960840.9361
000503.SZ,20230228,10.31,1.2441,1.6863,,,13.8219,37.0082,32.7587,934512.0133,926685.6923
000503.SZ,20230227,10.07,1.0576,1.4335,,,13.5002,36.1467,31.9961,912758.0964,905113.9594
000503.SZ,20230224,10.34,0.9288,1.259,,,13.8622,37.1159,32.854,937231.2529,929382.1589
000503.SZ,20230223,10.34,1.1767,1.595,,,13.8622,37.1159,32.854,937231.2529,929382.1589
000503.SZ,20230222,10.41,1.7911,2.4277,,,13.956,37.3671,33.0764,943576.1454,935673.9144
000503.SZ,20230221,10.74,1.5821,2.1444,,,14.3984,38.5517,34.1249,973487.7811,965335.0471
000503.SZ,20230220,10.65,1.0564,1.4318,,,14.2778,38.2286,33.839,965330.0623,957245.6473
000503.SZ,20230217,10.49,1.1548,1.5652,,,14.0633,37.6543,33.3306,950827.451,942864.492
000503.SZ,20230216,10.72,1.8179,2.464,,,14.3716,38.4799,34.0614,971674.9547,963537.4027
000503.SZ,20230215,10.91,1.325,1.7959,,,14.6263,39.1619,34.6651,988896.8056,980615.0246
000503.SZ,20230214,10.82,1.0029,1.3593,,,14.5057,38.8388,34.3791,980739.0867,972525.6247
000503.SZ,20230213,10.87,0.9173,1.2434,,,14.5727,39.0183,34.538,985271.1527,977019.7357
000503.SZ,20230210,10.93,1.22,1.6537,,,14.6531,39.2337,34.7286,990709.632,982412.669
000503.SZ,20230209,10.83,0.9841,1.3339,,,14.5191,38.8747,34.4109,981645.4999,973424.4469
000503.SZ,20230208,10.74,1.2646,1.7141,,,14.3984,38.5517,34.1249,973487.7811,965335.0471
000503.SZ,20230207,10.85,0.7544,1.0225,,,14.5459,38.9465,34.4745,983458.3263,975222.0913
000503.SZ,20230206,10.9,1.0286,1.3942,,,14.6129,39.126,34.6333,987990.3924,979716.2024
000503.SZ,20230203,11.03,1.3786,1.8687,,,14.7872,39.5926,35.0464,999773.764,991400.891
000503.SZ,20230202,11.05,1.723,2.3354,,,14.814,39.6644,35.1099,1001586.5904,993198.5354
000503.SZ,20230201,10.88,1.6016,2.1709,,,14.5861,39.0542,34.5698,986177.566,977918.558
000503.SZ,20230131,10.52,0.7263,0.9845,,,14.1035,37.762,33.4259,953546.6906,945560.9586
000503.SZ,20230130,10.66,1.3304,1.8032,,,14.2912,38.2645,33.8708,966236.4755,958144.4695
000503.SZ,20230120,10.54,1.3661,1.8516,,,14.1303,37.8338,33.4895,955359.517,947358.603
000503.SZ,20230119,10.54,0.9652,1.3082,,,14.1303,37.8338,33.4895,955359.517,947358.603
000503.SZ,20230118,10.51,2.5366,3.4382,,,14.0901,37.7261,33.3941,952640.2774,944662.1364
000503.SZ,20230117,10.1,0.6616,0.8968,,,13.5404,36.2544,32.0914,915477.336,907810.426
000503.SZ,20230116,10.07,0.8753,1.1865,,,13.5002,36.1467,31.9961,912758.0964,905113.9594
000503.SZ,20230113,9.97,0.6921,0.9381,,,13.3661,35.7877,31.6784,903693.9644,896125.7374
000503.SZ,20230112,10.01,0.7538,1.0218,,,13.4197,35.9313,31.8055,907319.6172,899721.0262
000503.SZ,20230111,9.95,0.7849,1.0639,,,13.3393,35.7159,31.6148,901881.138,894328.093
000503.SZ,20230110,10.08,1.1457,1.553,,,13.5136,36.1826,32.0279,913664.5096,906012.7816
000503.SZ,20230109,10.0,1.6864,2.2858,,,13.4063,35.8954,31.7737,906413.204,898822.204
000503.SZ,20230106,10.01,1.0157,1.3767,,,13.4197,35.9313,31.8055,907319.6172,899721.0262
000503.SZ,20230105,10.09,1.0955,1.4849,,,13.527,36.2185,32.0597,914570.9228,906911.6038
000503.SZ,20230104,10.2,1.1486,1.5568,,,13.6745,36.6133,32.4092,924541.4681,916798.6481
000503.SZ,20230103,10.39,1.4475,1.962,,,13.9292,37.2953,33.0129,941763.319,933876.27
000503.SZ,20221230,10.16,0.8107,1.0989,,,13.6208,36.4697,32.2821,920915.8153,913203.3593
000503.SZ,20221229,10.08,0.963,1.3053,,,13.5136,36.1826,32.0279,913664.5096,906012.7816
000503.SZ,20221228,10.41,1.3598,1.8431,,,13.956,37.3671,33.0764,943576.1454,935673.9144
000503.SZ,20221227,10.31,1.3528,1.8336,,,13.8219,37.0082,32.7587,934512.0133,926685.6923
000503.SZ,20221226,10.32,0.7069,0.9581,,,13.8353,37.0441,32.7904,935418.4265,927584.5145
000503.SZ,20221223,10.33,1.0387,1.4079,,,13.8488,37.08,32.8222,936324.8397,928483.3367
000503.SZ,20221222,10.25,1.2342,1.6729,,,13.7415,36.7928,32.568,929073.5341,921292.7591
000503.SZ,20221221,10.4,1.4922,2.0226,,,13.9426,37.3312,33.0446,942669.7322,934775.0922
000503.SZ,20221220,10.7,1.2404,1.6812,,,14.3448,38.4081,33.9978,969862.1283,961739.7583
000503.SZ,20221219,10.86,1.6838,2.2824,,,14.5593,38.9824,34.5062,984364.7395,976120.9135
000503.SZ,20221216,11.29,1.7881,2.4237,,,15.1358,40.5259,35.8725,1023340.5073,1014770.2683
000503.SZ,20221215,11.22,1.5038,2.0383,,,15.0419,40.2747,35.6501,1016995.6149,1008478.5129
000503.SZ,20221214,11.04,1.882,2.551,,,14.8006,39.6285,35.0782,1000680.1772,992299.7132
000503.SZ,20221213,11.26,3.4604,4.6904,,,15.0955,40.4182,35.7772,1020621.2677,1012073.8017
000503.SZ,20221212,11.48,1.5449,2.094,,,15.3122,41.2444,36.5085,1041483.0542,1031847.8902
000503.SZ,20221209,11.42,2.0683,2.8035,,,15.2322,41.0288,36.3177,1036039.763,1026454.957
000503.SZ,20221208,11.42,2.4236,3.2851,,,15.2322,41.0288,36.3177,1036039.763,1026454.957
000503.SZ,20221207,11.81,2.3263,3.1532,,,15.7524,42.43,37.5579,1071421.1559,1061509.0229
000503.SZ,20221206,11.72,2.8678,3.8871,,,15.6323,42.1067,37.2717,1063256.2191,1053419.6231
000503.SZ,20221205,12.01,4.7091,6.3829,,,16.0191,43.1485,38.194,1089565.46,1079485.467
000503.SZ,20221202,11.46,2.4458,3.3151,,,15.2855,41.1725,36.4449,1039668.6238,1030050.2458
000503.SZ,20221201,11.35,2.7467,3.723,,,15.1388,40.7773,36.095,1029689.2565,1020163.2015
000503.SZ,20221130,10.78,1.2609,1.7091,,,14.3785,38.7295,34.2823,977977.9899,968930.3359
000503.SZ,20221129,10.88,2.0815,2.8214,,,14.5119,39.0888,34.6004,987050.142,977918.558
000503.SZ,20221128,10.51,1.5292,2.0727,,,14.0184,37.7595,33.4237,953483.1794,944662.1364
000503.SZ,20221125,10.79,1.4283,1.936,,,14.3919,38.7654,34.3141,978885.2051,969829.1581
000503.SZ,20221124,10.78,1.5607,2.1155,,,14.3785,38.7295,34.2823,977977.9899,968930.3359
000503.SZ,20221123,10.98,2.1854,2.9622,,,14.6453,39.448,34.9184,996122.294,986906.78
000503.SZ,20221122,10.9,2.7215,3.6888,,,14.5386,39.1606,34.664,988864.5724,979716.2024
000503.SZ,20221121,11.24,2.5338,3.4344,,,14.9921,40.3822,35.7452,1019709.8893,1010276.1573
000503.SZ,20221118,11.27,5.5146,7.4747,,,15.0321,40.4899,35.8406,1022431.5349,1012972.6239
000503.SZ,20221117,11.29,6.3699,8.634,,,15.0588,40.5618,35.9042,1024245.9653,1014770.2683
000503.SZ,20221116,10.57,2.853,3.8671,,,14.0984,37.975,33.6145,958926.4706,950055.0696
000503.SZ,20221115,10.93,3.4162,4.6304,,,14.5786,39.2684,34.7594,991586.218,982412.669
000503.SZ,20221114,11.04,4.6358,6.2836,,,14.7253,39.6636,35.1092,1001565.5852,992299.7132
000503.SZ,20221111,10.86,9.0366,12.2486,,,14.4852,39.0169,34.5368,985235.7115,976120.9135
000503.SZ,20221110,11.83,2.8991,3.9295,,,15.779,42.5019,37.6215,1073235.5863,1063306.6673
000503.SZ,20221109,10.75,2.8284,3.8338,,,14.3385,38.6217,34.1869,975256.3443,966233.8693
000503.SZ,20221108,10.6,2.4777,3.3584,,,14.1384,38.0828,33.7099,961648.1162,952751.5362
000503.SZ,20221107,10.44,1.395,1.8909,,,13.925,37.508,33.2011,947132.673,938370.381
000503.SZ,20221104,10.43,1.6979,2.3015,,,13.9117,37.472,33.1693,946225.4578,937471.5588
000503.SZ,20221103,10.29,1.4333,1.9427,,,13.725,36.9691,32.7241,933524.4449,924888.0479
000503.SZ,20221102,10.43,1.8918,2.5642,,,13.9117,37.472,33.1693,946225.4578,937471.5588
000503.SZ,20221101,10.39,1.7706,2.3999,,,13.8583,37.3283,33.0421,942596.597,933876.27
000503.SZ,20221031,10.28,1.6219,2.1984,,,13.7116,36.9331,32.6923,932617.2297,923989.2257
000503.SZ,20221028,10.11,2.6575,3.6021,,,13.4849,36.3224,32.1516,917194.5712,908709.2482
000503.SZ,20221027,10.74,2.8233,3.8269,,,13.5165,38.5858,34.5161,974349.1291,965335.0471
000503.SZ,20221026,10.4,2.5199,3.4156,,,13.0886,37.3643,33.4234,943503.8122,934775.0922
000503.SZ,20221025,10.08,1.5327,2.0776,,,12.6858,36.2146,32.395,914472.9256,906012.7816
000503.SZ,20221024,10.08,1.8901,2.5619,,,12.6858,36.2146,32.395,914472.9256,906012.7816
000503.SZ,20221021,10.36,1.6185,2.1937,,,13.0382,37.2206,33.2949,939874.9513,931179.8033
000503.SZ,20221020,10.2,2.0043,2.7167,,,12.8369,36.6457,32.7807,925359.5081,916798.6481
000503.SZ,20221019,10.23,2.1291,2.8859,,,12.8746,36.7535,32.8771,928081.1537,919495.1147
000503.SZ,20221018,10.44,3.1788,4.3087,,,13.1389,37.508,33.552,947132.673,938370.381
000503.SZ,20221017,10.6,5.208,7.0591,,,13.3403,38.0828,34.0662,961648.1162,952751.5362
000503.SZ,20221014,9.92,1.7749,2.4057,,,12.4845,35.6398,31.8808,899957.4824,891631.6264
000503.SZ,20221013,9.02,1.4586,1.9771,,,11.3518,32.4063,28.9884,818308.114,810737.628
000503.SZ,20221012,8.97,1.3375,1.8129,,,11.2889,32.2267,28.8277,813772.038,806243.517
000503.SZ,20221011,8.83,1.1327,1.5354,,,11.1127,31.7237,28.3778,801071.0251,793660.0061
000503.SZ,20221010,8.91,1.1897,1.6126,,,11.2134,32.0111,28.6349,808328.7468,800850.5838
000503.SZ,20220930,9.11,1.7137,2.3228,,,11.4651,32.7297,29.2776,826473.0508,818827.0278
000503.SZ,20220929,9.13,1.713,2.3219,,,11.4903,32.8015,29.3419,828287.4813,820624.6723
000503.SZ,20220928,9.1,2.2407,3.0371,,,11.4525,32.6937,29.2455,825565.8356,817928.2056
000503.SZ,20220927,9.71,2.332,3.1609,,,12.2202,34.8853,31.2059,880905.9631,872756.3601
000503.SZ,20220926,9.95,1.0778,1.4609,,,12.5222,35.7475,31.9772,902679.128,894328.093
000503.SZ,20220923,10.11,1.2331,1.6714,,,12.7236,36.3224,32.4914,917194.5712,908709.2482
000503.SZ,20220922,10.4,0.9887,1.3401,,,13.0886,37.3643,33.4234,943503.8122,934775.0922
000503.SZ,20220921,10.48,1.4369,1.9477,,,13.1892,37.6517,33.6805,950761.5338,941965.6698
000503.SZ,20220920,10.6,1.9831,2.6879,,,13.3403,38.0828,34.0662,961648.1162,952751.5362
000503.SZ,20220919,10.3,3.2889,4.4579,,,12.9627,37.005,33.1021,934431.6601,925786.8701
000503.SZ,20220916,11.16,3.3409,4.5284,,,14.045,40.0947,35.8659,1012452.1677,1003085.5797
000503.SZ,20220915,11.97,3.8998,5.2859,,,15.0644,43.0048,38.4691,1085936.5992,1075890.1782
000503.SZ,20220914,11.91,2.7561,3.7357,,,14.9889,42.7893,38.2763,1080493.308,1070497.245
000503.SZ,20220913,11.86,4.4596,6.0448,,,14.926,42.6096,38.1156,1075957.2319,1066003.1339
000503.SZ,20220909,11.66,2.3605,3.1996,,,14.6743,41.8911,37.4728,1057812.9279,1048026.6899
000503.SZ,20220908,10.6,0.9253,1.2541,,,13.3403,38.0828,34.0662,961648.1162,952751.5362
000503.SZ,20220907,10.77,1.1171,1.5142,,,13.5542,38.6936,34.6125,977070.7747,968031.5137
000503.SZ,20220906,10.85,1.281,1.7364,,,13.6549,38.981,34.8696,984328.4963,975222.0913
000503.SZ,20220905,10.65,1.3282,1.8003,,,13.4032,38.2624,34.2269,966184.1923,957245.6473
000503.SZ,20220902,10.95,1.5223,2.0634,,,13.7808,39.3403,35.191,993400.6484,984210.3134
000503.SZ,20220901,10.6,2.123,2.8776,,,13.3403,38.0828,34.0662,961648.1162,952751.5362
000503.SZ,20220831,10.83,2.2546,3.056,,,13.6297,38.9091,34.8054,982514.0659,973424.4469
000503.SZ,20220830,10.94,1.086,1.472,,,13.7682,39.3043,35.1589,992493.4332,983311.4912
000503.SZ,20220829,11.1,1.5694,2.1273,,,13.9695,39.8792,35.6731,1007008.8764,997692.6464
000503.SZ,20220826,10.9,1.6649,2.2567,,,13.7178,39.1606,35.0303,988864.5724,979716.2024
000503.SZ,20220825,11.08,2.6959,3.6541,,,13.9444,39.8073,35.6088,1005194.446,995895.002
000503.SZ,20220824,11.48,2.2865,3.0992,,,14.4478,41.2444,36.8943,1041483.0542,1031847.8902
000503.SZ,20220823,11.9,2.3986,3.2512,,,14.9763,42.7533,38.2441,1079586.0928,1069598.4228
000503.SZ,20220822,11.72,2.535,3.436,,,14.7498,42.1067,37.6656,1063256.2191,1053419.6231
000503.SZ,20220819,11.95,3.1262,4.2374,,,15.0393,42.933,38.4048,1084122.1688,1074092.5338
000503.SZ,20220818,12.2,4.0047,5.4281,,,15.3539,43.8312,39.2083,1106802.5489,1096563.0889
000503.SZ,20220817,11.8,4.7856,6.4866,,,14.8505,42.3941,37.9227,1070513.9407,1060610.2007
000503.SZ,20220816,12.07,6.5807,8.9197,,,15.1903,43.3641,38.7905,1095008.7512,1084878.4002
000503.SZ,20220815,11.47,8.8682,12.0204,,,14.4352,41.2085,36.8622,1040575.839,1030949.068
000503.SZ,20220812,10.84,4.5319,6.1427,,,13.6423,38.9451,34.8375,983421.2811,974323.2691
000503.SZ,20220811,9.85,4.0234,5.4536,,,12.3964,35.3883,31.6558,893606.9759,885339.8709
000503.SZ,20220810,8.95,0.8651,1.1726,,,11.2637,32.1548,28.7634,811957.6076,804445.8726
000503.SZ,20220809,9.07,0.9684,1.3126,,,11.1774,32.586,31.2808,822844.19,815231.739
000503.SZ,20220808,9.18,0.9142,1.2391,,,11.3129,32.9812,31.6602,832823.5573,825118.7833
000503.SZ,20220805,9.13,0.9811,1.3299,,,11.2513,32.8015,31.4877,828287.4813,820624.6723
000503.SZ,20220804,9.01,1.0196,1.382,,,11.1034,32.3704,31.0739,817400.8988,809838.8058
000503.SZ,20220803,8.83,1.5252,2.0673,,,10.8816,31.7237,30.4531,801071.0251,793660.0061
000503.SZ,20220802,8.73,1.7971,2.4358,,,10.7584,31.3644,30.1082,791998.8731,784671.7841
000503.SZ,20220801,9.1,0.9794,1.3275,,,11.2143,32.6937,31.3842,825565.8356,817928.2056
000503.SZ,20220729,9.08,0.9245,1.2531,,,11.1897,32.6219,31.3153,823751.4052,816130.5612
000503.SZ,20220728,9.12,1.1184,1.5159,,,11.239,32.7656,31.4532,827380.266,819725.85
000503.SZ,20220727,9.03,0.9665,1.31,,,11.1281,32.4422,31.1428,819215.3292,811636.4502
000503.SZ,20220726,8.95,0.795,1.0776,,,11.0295,32.1548,30.8669,811957.6076,804445.8726
000503.SZ,20220725,8.95,1.0749,1.457,,,11.0295,32.1548,30.8669,811957.6076,804445.8726
000503.SZ,20220722,9.13,1.5716,2.1303,,,11.2513,32.8015,31.4877,828287.4813,820624.6723
000503.SZ,20220721,9.31,1.5857,2.1493,,,11.4731,33.4482,32.1085,844617.3549,836803.4719
000503.SZ,20220720,9.3,2.9681,4.0231,,,11.4608,33.4123,32.074,843710.1397,835904.6497
000503.SZ,20220719,8.94,1.2197,1.6532,,,11.0172,32.1189,30.8324,811050.3924,803547.0504
000503.SZ,20220718,8.79,1.083,1.4679,,,10.8323,31.58,30.3151,797442.1643,790064.7173
000503.SZ,20220715,8.8,1.4125,1.9145,,,10.8446,31.6159,30.3496,798349.3795,790963.5395
000503.SZ,20220714,8.97,2.7185,3.6848,,,11.0541,32.2267,30.9359,813772.038,806243.517
000503.SZ,20220713,8.54,1.0014,1.3574,,,10.5242,30.6818,29.4529,774761.7842,767594.1622
000503.SZ,20220712,8.34,1.677,2.273,,,10.2778,29.9633,28.7631,756617.4801,749617.7181
000503.SZ,20220711,8.73,1.6335,2.2142,,,10.7584,31.3644,30.1082,791998.8731,784671.7841
000503.SZ,20220708,9.03,2.3173,3.1409,,,11.1281,32.4422,31.1428,819215.3292,811636.4502
000503.SZ,20220707,8.69,0.9676,1.3115,,,10.7091,31.2207,29.9702,788370.0123,781076.4953
000503.SZ,20220706,8.71,1.0751,1.4572,,,10.7337,31.2926,30.0392,790184.4427,782874.1397
000503.SZ,20220705,8.89,1.8175,2.4635,,,10.9556,31.9393,30.66,806514.3164,799052.9394
000503.SZ,20220704,9.14,1.4271,1.9344,,,11.2636,32.8374,31.5222,829194.6965,821523.4945
000503.SZ,20220701,8.88,1.3111,1.7772,,,10.9432,31.9033,30.6255,805607.1012,798154.1172
000503.SZ,20220630,8.98,1.4694,1.9917,,,11.0665,32.2626,30.9704,814679.2532,807142.3392
000503.SZ,20220629,9.01,2.3995,3.2524,,,11.1034,32.3704,31.0739,817400.8988,809838.8058
000503.SZ,20220628,9.09,1.2693,1.7205,,,11.202,32.6578,31.3498,824658.6204,817029.3834
000503.SZ,20220627,9.0,1.2628,1.7116,,,11.0911,32.3345,31.0394,816493.6836,808939.9836
000503.SZ,20220624,9.06,1.2711,1.7229,,,11.1651,32.55,31.2463,821936.9748,814332.9168
000503.SZ,20220623,9.09,1.4625,1.9823,,,11.202,32.6578,31.3498,824658.6204,817029.3834
000503.SZ,20220622,9.04,2.3262,3.1531,,,11.1404,32.4782,31.1773,820122.5444,812535.2724
000503.SZ,20220621,9.47,3.4278,4.6462,,,11.6703,34.023,32.6603,859132.7982,851184.6272
000503.SZ,20220620,9.14,2.6788,3.6309,,,11.2636,32.8374,31.5222,829194.6965,821523.4945
000503.SZ,20220617,8.77,1.5844,2.1476,,,10.8077,31.5081,30.2461,795627.7339,788267.0729
000503.SZ,20220616,8.69,1.5408,2.0884,,,10.7091,31.2207,29.9702,788370.0123,781076.4953
000503.SZ,20220615,8.5,1.4383,1.9495,,,10.4749,30.5381,29.315,771132.9234,763998.8734
000503.SZ,20220614,8.57,2.0177,2.7349,,,10.5612,30.7896,29.5564,777483.4298,770290.6288
000503.SZ,20220613,8.82,1.3957,1.8918,,,10.8693,31.6878,30.4186,800163.8099,792761.1839
000503.SZ,20220610,8.84,1.855,2.5144,,,10.8939,31.7596,30.4876,801978.2403,794558.8283
000503.SZ,20220609,8.52,1.6674,2.2601,,,10.4996,30.61,29.3839,772947.3538,765796.5178
000503.SZ,20220608,8.85,2.9415,3.9871,,,10.9063,31.7956,30.522,802885.4555,795457.6505
000503.SZ,20220607,9.07,3.1147,4.2218,,,11.1774,32.586,31.2808,822844.19,815231.739
000503.SZ,20220606,8.64,2.3062,3.1259,,,10.6475,31.0411,29.7978,783833.9363,776582.3843
000503.SZ,20220602,8.24,1.1557,1.5665,,,10.1545,29.604,28.4183,747545.3281,740629.4961
000503.SZ,20220601,8.38,1.5453,2.0946,,,10.3271,30.107,28.9011,760246.341,753213.007
000503.SZ,20220531,8.29,1.3257,1.7969,,,10.2161,29.7836,28.5907,752081.4041,745123.6071
000503.SZ,20220530,8.27,0.9901,1.342,,,10.1915,29.7118,28.5217,750266.9737,743325.9627
000503.SZ,20220527,8.29,0.9857,1.336,,,10.2161,29.7836,28.5907,752081.4041,745123.6071
000503.SZ,20220526,8.38,1.3442,1.822,,,10.3271,30.107,28.9011,760246.341,753213.007
000503.SZ,20220525,8.41,1.0871,1.4735,,,10.364,30.2148,29.0046,762967.9866,755909.4736
000503.SZ,20220524,8.37,2.2839,3.0957,,,10.3147,30.071,28.8666,759339.1257,752314.1847
000503.SZ,20220523,9.06,3.2025,4.3408,,,11.1651,32.55,31.2463,821936.9748,814332.9168
000503.SZ,20220520,8.66,1.9001,2.5755,,,10.6721,31.1129,29.8668,785648.3667,778380.0287
000503.SZ,20220519,8.47,1.3271,1.7989,,,10.438,30.4303,29.2115,768411.2778,761302.4068
000503.SZ,20220518,8.61,1.407,1.9071,,,10.6105,30.9333,29.6943,781112.2906,773885.9176
000503.SZ,20220517,8.56,0.9938,1.347,,,10.5489,30.7537,29.5219,776576.2146,769391.8066
000503.SZ,20220516,8.68,1.4489,1.9639,,,10.6968,31.1848,29.9357,787462.7971,780177.6731
000503.SZ,20220513,8.78,1.4519,1.9679,,,10.82,31.5441,30.2806,796534.9491,789165.8951
000503.SZ,20220512,8.65,1.3846,1.8768,,,10.6598,31.077,29.8323,784741.1515,777481.2065
000503.SZ,20220511,8.65,2.1754,2.9486,,,10.6598,31.077,29.8323,784741.1515,777481.2065
000503.SZ,20220510,8.68,2.9134,3.949,,,10.6968,31.1848,29.9357,787462.7971,780177.6731
000503.SZ,20220509,8.7,5.1194,6.9391,,,10.7214,31.2566,30.0047,789277.2275,781975.3175
000503.SZ,20220506,8.61,2.5718,3.4859,,,10.6105,30.9333,29.6943,781112.2906,773885.9176
000503.SZ,20220505,7.83,1.349,1.8285,,,9.6493,28.131,27.0042,710349.5047,703777.7857
000503.SZ,20220429,7.84,2.0771,2.8154,,,9.0535,34.2986,28.1669,711256.7199,704676.6079
000503.SZ,20220428,7.33,1.432,1.9409,,,8.4646,32.0674,26.3346,664988.7445,658836.6755
000503.SZ,20220427,7.57,1.8592,2.5201,,,8.7417,33.1174,27.1969,686761.9094,680408.4084
000503.SZ,20220426,7.21,2.169,2.94,,,8.326,31.5424,25.9035,654102.1621,648050.8091
000503.SZ,20220425,7.61,3.0564,4.1428,,,8.7879,33.2924,27.3406,690390.7702,684003.6972
000503.SZ,20220422,8.46,1.69,2.2907,,,9.7695,37.011,30.3944,767504.0626,760403.5846
000503.SZ,20220421,8.8,2.3952,3.2466,,,10.1621,38.4984,31.6159,798349.3795,790963.5395
000503.SZ,20220420,9.47,1.959,2.6553,,,10.9358,41.4295,34.023,859132.7982,851184.6272
000503.SZ,20220419,9.52,1.2299,1.667,,,10.9936,41.6483,34.2027,863668.8742,855678.7382
000503.SZ,20220418,9.64,1.3097,1.7752,,,11.1321,42.1732,34.6338,874555.4567,866464.6047
000503.SZ,20220415,9.81,2.2047,2.9883,,,11.3284,42.917,35.2446,889978.1151,881744.5821
000503.SZ,20220414,10.09,2.8608,3.8776,,,11.6518,44.1419,36.2505,915380.1408,906911.6038
000503.SZ,20220413,9.54,1.1709,1.5871,,,9.5557,41.7358,35.9961,865483.3046,857476.3826
000503.SZ,20220412,9.83,1.1769,1.5952,,,9.8462,43.0044,37.0903,891792.5455,883542.2265
000503.SZ,20220411,9.73,1.5593,2.1136,,,9.746,42.567,36.713,882720.3935,874554.0045
000503.SZ,20220408,10.09,1.4195,1.9241,,,10.1066,44.1419,38.0714,915380.1408,906911.6038
000503.SZ,20220407,10.29,1.5443,2.0933,,,10.3069,45.0169,38.826,933524.4449,924888.0479
000503.SZ,20220406,10.85,1.3108,1.7767,,,10.8679,47.4668,40.939,984328.4963,975222.0913
000503.SZ,20220401,10.73,1.3255,1.7967,,,10.7477,46.9418,40.4862,973441.9139,964436.2249
000503.SZ,20220331,10.61,1.9262,2.6108,,,10.6275,46.4168,40.0334,962555.3314,953650.3584
000503.SZ,20220330,10.81,1.3498,1.8296,,,10.8278,47.2918,40.7881,980699.6355,971626.8025
000503.SZ,20220329,10.75,1.4791,2.0048,,,10.7677,47.0293,40.5617,975256.3443,966233.8693
000503.SZ,20220328,10.94,1.2277,1.664,,,10.958,47.8605,41.2786,992493.4332,983311.4912
000503.SZ,20220325,11.06,1.6669,2.2594,,,11.0782,48.3855,41.7314,1003380.0156,994097.3576
000503.SZ,20220324,11.28,1.5364,2.0825,,,11.2986,49.3479,42.5615,1023338.7501,1013871.4461
000503.SZ,20220323,11.26,1.5588,2.1129,,,11.2785,49.2604,42.486,1021524.3197,1012073.8017
000503.SZ,20220322,11.29,1.6609,2.2513,,,11.3086,49.3917,42.5992,1024245.9653,1014770.2683
000503.SZ,20220321,11.35,2.1133,2.8644,,,11.3687,49.6542,42.8256,1029689.2565,1020163.2015
000503.SZ,20220318,11.21,2.8728,3.8939,,,11.2285,49.0417,42.2973,1016988.2437,1007579.6907
000503.SZ,20220317,10.79,3.0098,4.0796,,,10.8078,47.2043,40.7126,978885.2051,969829.1581
000503.SZ,20220316,10.4,2.8014,3.7971,,,10.4171,45.4981,39.2411,943503.8122,934775.0922
000503.SZ,20220315,10.29,3.3288,4.5121,,,10.3069,45.0169,38.826,933524.4449,924888.0479
000503.SZ,20220314,11.0,2.5027,3.3923,,,11.0181,48.123,41.505,997936.7244,988704.4244
000503.SZ,20220311,11.55,2.1829,2.9589,,,11.569,50.5291,43.5802,1047833.5606,1038139.6456
000503.SZ,20220310,11.59,2.2755,3.0844,,,11.6091,50.7041,43.7311,1051462.4214,1041734.9344
000503.SZ,20220309,11.23,2.8427,3.8531,,,11.2485,49.1292,42.3728,1018802.6741,1009377.3351
000503.SZ,20220308,11.38,2.8631,3.8807,,,11.3987,49.7854,42.9388,1032410.9022,1022859.6682
000503.SZ,20220307,12.05,2.3587,3.1971,,,12.0698,52.7165,45.4668,1093194.3208,1083080.7558
000503.SZ,20220304,12.42,2.9352,3.9785,,,12.4405,54.3352,46.8629,1126761.2834,1116337.1774
000503.SZ,20220303,12.84,3.793,5.1411,,,12.8611,56.1726,48.4476,1164864.3219,1154087.7099
000503.SZ,20220302,12.78,2.9985,4.0644,,,12.801,55.9102,48.2212,1159421.0307,1148694.7767
000503.SZ,20220301,12.6,2.16,2.9278,,,12.6207,55.1227,47.542,1143091.157,1132515.977
000503.SZ,20220228,12.45,2.0813,2.8211,,,12.4705,54.4665,46.9761,1129482.929,1119033.644
000503.SZ,20220225,12.57,3.6164,4.9018,,,12.5907,54.9914,47.4289,1140369.5114,1129819.5104
000503.SZ,20220224,12.8,7.1659,9.7129,,,12.8211,55.9977,48.2967,1161235.4611,1150492.4211
000503.SZ,20220223,12.65,4.3303,5.8694,,,12.6708,55.3414,47.7307,1147627.2331,1137010.0881
000503.SZ,20220222,12.66,8.6918,11.7813,,,12.6808,55.3852,47.7684,1148534.4483,1137908.9103
000503.SZ,20220221,12.19,5.8984,7.995,,,12.2101,53.329,45.995,1105895.3337,1095664.2667
000503.SZ,20220218,11.08,2.5183,3.4134,,,11.0982,48.473,41.8068,1005194.446,995895.002
000503.SZ,20220217,10.89,2.5464,3.4515,,,10.9079,47.6418,41.0899,987957.3572,978817.3802
000503.SZ,20220216,11.1,2.5925,3.5141,,,11.1183,48.5605,41.8823,1007008.8764,997692.6464
000503.SZ,20220215,11.32,3.3314,4.5155,,,11.3386,49.5229,42.7124,1026967.6109,1017466.7349
000503.SZ,20220214,11.17,5.8583,7.9405,,,11.1884,48.8667,42.1464,1013359.3829,1003984.4019
000503.SZ,20220211,11.98,10.154,13.7632,,,11.9997,52.4103,45.2027,1086843.8144,1076789.0004
000503.SZ,20220210,12.85,6.963,9.438,,,12.8712,56.2164,48.4853,1165771.5371,1154986.5321
000503.SZ,20220209,11.68,4.4014,5.9659,,,11.6992,51.0979,44.0707,1059627.3583,1049824.3343
000503.SZ,20220208,11.3,3.6058,4.8874,,,11.3186,49.4354,42.6369,1025153.1805,1015669.0905
000503.SZ,20220207,11.16,2.4941,3.3806,,,11.1784,48.823,42.1087,1012452.1677,1003085.5797
000503.SZ,20220128,11.07,2.6891,3.6449,,,11.0882,48.4292,41.7691,1004287.2308,994996.1798
000503.SZ,20220127,11.34,2.9991,4.0652,,,11.3587,49.6104,42.7878,1028782.0413,1019264.3793
000503.SZ,20220126,11.73,5.1363,6.9619,,,11.7493,51.3166,44.2594,1064163.4343,1054318.4453
000503.SZ,20220125,11.51,3.697,5.0111,,,11.529,50.3541,43.4293,1044204.6998,1034544.3568
000503.SZ,20220124,12.22,3.0417,4.1228,,,12.2401,53.4603,46.1082,1108616.9793,1098360.7333
000503.SZ,20220121,12.48,4.0579,5.5003,,,12.5006,54.5977,47.0893,1132204.5746,1121730.1106
000503.SZ,20220120,13.0,5.7581,7.8048,,,13.0214,56.8726,49.0513,1179379.7652,1168468.8652
000503.SZ,20220119,13.5,5.0108,6.7919,,,13.5222,59.06,50.9379,1224740.5254,1213409.9754
000503.SZ,20220118,13.52,7.1705,9.7192,,,13.5423,59.1475,51.0134,1226554.9558,1215207.6198
000503.SZ,20220117,14.29,6.4828,8.787,,,14.3135,62.5161,53.9187,1296410.5265,1284416.9295
000503.SZ,20220114,14.27,7.3307,9.9363,,,14.2935,62.4286,53.8433,1294596.0961,1282619.2851
000503.SZ,20220113,14.84,12.2672,16.6275,,,14.8644,64.9223,55.994,1346307.3627,1333852.1507
000503.SZ,20220112,16.21,8.2882,11.2342,,,16.2367,70.9158,61.1632,1470595.8457,1456990.7927
000503.SZ,20220111,16.5,10.6828,14.4799,,,16.5272,72.1845,62.2574,1496905.0866,1483056.6366
000503.SZ,20220110,17.41,1.0741,1.4558,,,17.4387,76.1656,65.691,1579461.6702,1564849.4572
000503.SZ,20220107,19.34,5.0979,6.9099,,,19.3718,84.609,72.9733,1754554.2045,1738322.1425
000503.SZ,20220106,21.49,10.9352,14.8221,,,21.5254,94.0148,81.0856,1949605.4734,1931568.9164
000503.SZ,20220105,19.6,9.2518,12.5404,,,19.6323,85.7464,73.9543,1778141.7998,1761691.5198
000503.SZ,20220104,18.18,8.6859,11.7733,,,18.2099,79.5342,68.5964,1649317.2409,1634058.7669
000503.SZ,20211231,16.9,8.2614,11.1979,,,16.9278,73.9344,63.7667,1533193.6948,1519009.5248
000503.SZ,20211230,16.46,6.7272,9.1183,,,16.4871,72.0095,62.1065,1493276.2258,1479461.3478
000503.SZ,20211229,14.96,7.0658,9.5773,,,14.9846,65.4473,56.4468,1357193.9452,1344638.0172
000503.SZ,20211228,14.38,5.7119,7.7422,,,14.4037,62.9099,54.2583,1304575.4634,1292506.3294
000503.SZ,20211227,14.48,6.5934,8.9369,,,14.5038,63.3473,54.6356,1313647.6154,1301494.5514
000503.SZ,20211224,14.86,7.6222,10.3315,,,14.8845,65.0098,56.0694,1348121.7931,1335649.7951
000503.SZ,20211223,13.86,10.4381,14.1483,,,13.8828,60.635,52.2963,1257400.2727,1245767.5747
000503.SZ,20211222,14.11,8.7446,11.8528,,,14.1332,61.7287,53.2395,1280080.6528,1268238.1298
000503.SZ,20211221,12.83,6.29,8.5257,,,12.8511,56.1289,48.4099,1163957.1067,1153188.8877
000503.SZ,20211220,13.4,11.4233,15.4836,,,13.4221,58.6225,50.5606,1215668.3734,1204421.7534
000503.SZ,20211217,12.6,10.7784,14.6095,,,12.6207,55.1227,47.542,1143091.157,1132515.977
000503.SZ,20211216,12.16,9.7655,13.2366,,,12.18,53.1978,45.8819,1103173.6881,1092967.8001
000503.SZ,20211215,11.05,11.5569,15.6648,,,11.0682,48.3417,41.6936,1002472.8004,993198.5354
000503.SZ,20211214,10.73,6.078,8.2384,,,10.7477,46.9418,40.4862,973441.9139,964436.2249
000503.SZ,20211213,9.75,4.3911,5.9519,,,9.7661,42.6545,36.7885,884534.8239,876351.6489
000503.SZ,20211210,9.69,4.337,5.8785,,,9.706,42.392,36.5621,879091.5327,870958.7157
000503.SZ,20211209,9.97,6.2329,8.4484,,,9.9864,43.6169,37.6186,904493.5584,896125.7374
000503.SZ,20211208,10.01,8.9108,12.0781,,,10.0265,43.7919,37.7695,908122.4192,899721.0262
000503.SZ,20211207,9.47,9.0033,12.2035,,,9.4856,41.4295,35.732,859132.7982,851184.6272
000503.SZ,20211206,10.52,9.5875,12.9953,,,10.5373,46.0231,39.6938,954390.3946,945560.9586
000503.SZ,20211203,9.56,10.7283,14.5416,,,9.5757,41.8232,36.0716,867297.735,859274.027
000503.SZ,20211202,8.95,3.4865,4.7257,,,8.9647,39.1546,33.7699,811957.6076,804445.8726
000503.SZ,20211201,8.14,3.9853,5.4019,,,8.1534,35.611,30.7137,738473.1761,731641.2741
000503.SZ,20211130,7.4,1.5123,2.0498,,,7.4122,32.3736,27.9215,671339.251,665128.431
000503.SZ,20211129,7.26,2.2858,3.0983,,,7.272,31.7612,27.3933,658638.2381,652544.9201
000503.SZ,20211126,7.11,1.0086,1.367,,,7.1217,31.1049,26.8273,645030.01,639062.587
000503.SZ,20211125,7.15,2.0549,2.7853,,,7.1618,31.2799,26.9782,648658.8709,642657.8759
000503.SZ,20211124,6.83,0.7833,1.0617,,,6.8412,29.88,25.7708,619627.9843,613895.5653
000503.SZ,20211123,6.85,0.7939,1.0761,,,6.8613,29.9675,25.8463,621442.4147,615693.2097
000503.SZ,20211122,6.91,1.132,1.5343,,,6.9214,30.23,26.0727,626885.706,621086.143
000503.SZ,20211119,6.88,1.5902,2.1555,,,6.8913,30.0987,25.9595,624164.0604,618389.6764
000503.SZ,20211118,6.81,2.4479,3.318,,,6.8212,29.7925,25.6953,617813.5539,612097.9209
000503.SZ,20211117,6.52,1.0484,1.421,,,6.5307,28.5238,24.6011,591504.313,586032.077
000503.SZ,20211116,6.51,1.634,2.2148,,,6.5207,28.4801,24.5634,590597.0978,585133.2548
000503.SZ,20211115,6.26,0.5609,0.7603,,,6.2703,27.3864,23.6201,567916.7177,562662.6997
000503.SZ,20211112,6.19,0.5316,0.7206,,,6.2002,27.0801,23.356,561566.2113,556370.9443
000503.SZ,20211111,6.21,0.6671,0.9042,,,6.2202,27.1676,23.4314,563380.6417,558168.5887
000503.SZ,20211110,6.25,1.132,1.5344,,,6.2603,27.3426,23.5824,567009.5025,561763.8775
000503.SZ,20211109,6.01,0.5484,0.7433,,,6.0199,26.2926,22.6768,545236.3376,540192.1446
000503.SZ,20211108,5.99,0.4197,0.5688,,,5.9999,26.2052,22.6013,543421.9072,538394.5002
000503.SZ,20211105,5.95,0.4866,0.6596,,,5.9598,26.0302,22.4504,539793.0464,534799.2114
000503.SZ,20211104,6.04,0.5984,0.811,,,6.0499,26.4239,22.79,547957.9832,542888.6112
000503.SZ,20211103,6.05,0.2752,0.3731,,,6.06,26.4676,22.8277,548865.1984,543787.4334
000503.SZ,20211102,6.03,0.473,0.6412,,,6.0399,26.3801,22.7523,547050.768,541989.789
000503.SZ,20211101,6.17,0.3455,0.4683,,,6.1802,26.9926,23.2805,559751.7809,554573.2999
000503.SZ,20211029,6.15,0.4509,0.6112,,,6.1601,26.9051,25.3452,557937.3505,552775.6555
000503.SZ,20211028,6.05,0.7319,0.9921,,,6.06,26.4676,24.9331,548865.1984,543787.4334
000503.SZ,20211027,6.21,0.917,1.2429,,,6.2202,27.1676,25.5925,563380.6417,558168.5887
000503.SZ,20211026,6.5,0.6128,0.8306,,,6.5107,28.4363,26.7876,589689.8826,584234.4326
000503.SZ,20211025,6.64,0.4813,0.6524,,,6.6509,29.0488,27.3646,602390.8955,596817.9435
000503.SZ,20211022,6.56,0.3892,0.5276,,,6.5708,28.6988,27.0349,595133.1738,589627.3658
000503.SZ,20211021,6.54,0.3811,0.5166,,,6.5508,28.6113,26.9525,593318.7434,587829.7214
000503.SZ,20211020,6.57,0.5967,0.8088,,,6.5808,28.7425,27.0761,596040.389,590526.188
000503.SZ,20211019,6.6,0.3611,0.4895,,,6.6109,28.8738,27.1997,598762.0346,593222.6546
000503.SZ,20211018,6.62,0.4148,0.5623,,,6.6309,28.9613,27.2822,600576.465,595020.299
000503.SZ,20211015,6.59,0.5229,0.7088,,,6.6009,28.83,27.1585,597854.8194,592323.8324
000503.SZ,20211014,6.68,0.4387,0.5946,,,6.691,29.2238,27.5294,606019.7563,600413.2323
000503.SZ,20211013,6.78,0.3941,0.5342,,,6.7912,29.6613,27.9415,615091.9083,609401.4543
000503.SZ,20211012,6.74,0.5807,0.7871,,,6.7511,29.4863,27.7767,611463.0475,605806.1655
000503.SZ,20211011,6.83,0.5389,0.7305,,,6.8412,29.88,28.1476,619627.9843,613895.5653
000503.SZ,20211008,6.89,0.9422,1.2771,,,6.9013,30.1425,28.3949,625071.2756,619288.4986
000503.SZ,20210930,6.71,0.5487,0.7437,,,6.9865,29.0834,27.3972,603109.6989,603109.6989
000503.SZ,20210929,6.52,0.703,0.9529,,,6.7886,28.2599,26.6214,586032.077,586032.077
000503.SZ,20210928,6.63,0.5046,0.684,,,6.9032,28.7367,27.0706,595919.1213,595919.1213
000503.SZ,20210927,6.62,1.1116,1.5067,,,6.8928,28.6934,27.0298,595020.299,595020.299
000503.SZ,20210924,6.81,0.8475,1.1488,,,7.0906,29.5169,27.8055,612097.9209,612097.9209
000503.SZ,20210923,6.94,0.8103,1.0983,,,7.2259,30.0803,28.3363,623782.6096,623782.6096
000503.SZ,20210922,6.9,0.898,1.2172,,,7.1843,29.907,28.173,620187.3208,620187.3208
000503.SZ,20210917,7.0,1.1334,1.5362,,,7.2884,30.3404,28.5813,629175.5428,629175.5428
000503.SZ,20210916,6.88,1.1792,1.5983,,,7.1635,29.8203,28.0913,618389.6764,618389.6764
000503.SZ,20210915,6.95,1.0963,1.4859,,,7.2363,30.1237,28.3772,624681.4318,624681.4318
000503.SZ,20210914,7.01,1.4542,1.971,,,7.2988,30.3837,28.6221,630074.365,630074.365
000503.SZ,20210913,7.26,0.9308,1.2616,,,7.5591,31.4673,29.6429,652544.9201,652544.9201
000503.SZ,20210910,7.27,1.3571,1.8394,,,7.5695,31.5107,29.6837,653443.7423,653443.7423
000503.SZ,20210909,7.45,1.3842,1.8762,,,7.7569,32.2909,30.4187,669622.542,669622.542
000503.SZ,20210908,7.35,2.1291,2.8858,,,7.6528,31.8574,30.0104,660634.3199,660634.3199
000503.SZ,20210907,7.14,0.7196,0.9754,,,7.4342,30.9472,29.1529,641759.0537,641759.0537
000503.SZ,20210906,7.11,1.0462,1.4181,,,7.4029,30.8172,29.0304,639062.587,639062.587
000503.SZ,20210903,7.14,1.0688,1.4487,,,7.4342,30.9472,29.1529,641759.0537,641759.0537
000503.SZ,20210902,7.01,0.6951,0.9421,,,7.2988,30.3837,28.6221,630074.365,630074.365
000503.SZ,20210901,7.06,0.9852,1.3354,,,7.3509,30.6005,28.8263,634568.476,634568.476
000503.SZ,20210831,6.91,0.7932,1.0751,,,7.1947,29.9503,28.2138,621086.143,621086.143
000503.SZ,20210830,6.9,0.8508,1.1532,,,7.1843,29.907,28.173,620187.3208,620187.3208
000503.SZ,20210827,7.05,0.6746,0.9144,,,7.0107,30.5571,29.1198,633669.6538,633669.6538
000503.SZ,20210826,7.11,0.7172,0.9721,,,7.0704,30.8172,29.3677,639062.587,639062.587
000503.SZ,20210825,7.08,0.6453,0.8746,,,7.0405,30.6872,29.2438,636366.1204,636366.1204
000503.SZ,20210824,7.13,0.5729,0.7766,,,7.0903,30.9039,29.4503,640860.2315,640860.2315
000503.SZ,20210823,7.2,1.2646,1.7141,,,7.1599,31.2073,29.7394,647151.9869,647151.9869
000503.SZ,20210820,6.89,0.7007,0.9498,,,6.8516,29.8636,28.459,619288.4986,619288.4986
000503.SZ,20210819,7.0,0.4359,0.5909,,,6.961,30.3404,28.9133,629175.5428,629175.5428
000503.SZ,20210818,7.08,0.5161,0.6995,,,7.0405,30.6872,29.2438,636366.1204,636366.1204
000503.SZ,20210817,7.07,0.6432,0.8718,,,7.0306,30.6438,29.2025,635467.2982,635467.2982
000503.SZ,20210816,7.27,0.6284,0.8518,,,7.2295,31.5107,30.0285,653443.7423,653443.7423
000503.SZ,20210813,7.24,0.7026,0.9523,,,7.1997,31.3806,29.9046,650747.2757,650747.2757
000503.SZ,20210812,7.3,1.2226,1.6572,,,7.2593,31.6407,30.1525,656140.2089,656140.2089
000503.SZ,20210811,7.13,1.1006,1.4918,,,7.0903,30.9039,29.4503,640860.2315,640860.2315
000503.SZ,20210810,6.99,0.5298,0.7182,,,6.951,30.2971,28.872,628276.7206,628276.7206
000503.SZ,20210809,7.04,0.646,0.8756,,,7.0008,30.5138,29.0785,632770.8316,632770.8316
000503.SZ,20210806,7.03,0.6001,0.8134,,,6.9908,30.4704,29.0372,631872.0094,631872.0094
000503.SZ,20210805,6.91,0.6058,0.8211,,,6.8715,29.9503,28.5416,621086.143,621086.143
000503.SZ,20210804,7.04,0.5755,0.78,,,7.0008,30.5138,29.0785,632770.8316,632770.8316
000503.SZ,20210803,7.04,0.9268,1.2562,,,7.0008,30.5138,29.0785,632770.8316,632770.8316
000503.SZ,20210802,6.97,0.6868,0.9309,,,6.9312,30.2104,28.7894,626479.0762,626479.0762
000503.SZ,20210730,6.85,0.6412,0.8691,,,6.8118,29.6903,28.2937,615693.2097,615693.2097
000503.SZ,20210729,6.79,0.4862,0.659,,,6.7522,29.4302,28.0459,610300.2765,610300.2765
000503.SZ,20210728,6.72,0.8085,1.0959,,,6.6826,29.1268,27.7568,604008.5211,604008.5211
000503.SZ,20210727,6.91,0.6058,0.8212,,,6.8715,29.9503,28.5416,621086.143,621086.143
000503.SZ,20210726,7.01,0.8787,1.191,,,6.9709,30.3837,28.9546,630074.365,630074.365
000503.SZ,20210723,7.12,0.7182,0.9734,,,7.0803,30.8605,29.409,639961.4092,639961.4092
000503.SZ,20210722,7.27,0.6202,0.8407,,,7.2295,31.5107,30.0285,653443.7423,653443.7423
000503.SZ,20210721,7.37,0.85,1.1521,,,7.3289,31.9441,30.4416,662431.9643,662431.9643
000503.SZ,20210720,7.32,0.4635,0.6282,,,7.2792,31.7274,30.2351,657937.8533,657937.8533
000503.SZ,20210719,7.34,0.4655,0.631,,,7.2991,31.8141,30.3177,659735.4977,659735.4977
000503.SZ,20210716,7.28,0.6572,0.8909,,,7.2394,31.554,30.0699,654342.5645,654342.5645
000503.SZ,20210715,7.32,0.7184,0.9737,,,7.2792,31.7274,30.2351,657937.8533,657937.8533
000503.SZ,20210714,7.46,1.1324,1.5349,,,7.4184,32.3342,30.8133,670521.3642,670521.3642
000503.SZ,20210713,7.7,2.098,2.8437,,,7.6571,33.3744,31.8046,692093.0971,692093.0971
000503.SZ,20210712,7.37,0.622,0.8431,,,7.3289,31.9441,30.4416,662431.9643,662431.9643
000503.SZ,20210709,7.42,1.1538,1.5639,,,7.3787,32.1608,30.6481,666926.0754,666926.0754
000503.SZ,20210708,7.11,0.7958,1.0787,,,7.0704,30.8172,29.3677,639062.587,639062.587
000503.SZ,20210707,7.27,0.4849,0.6573,,,7.2295,31.5107,30.0285,653443.7423,653443.7423
000503.SZ,20210706,7.25,0.6485,0.879,,,7.2096,31.424,29.9459,651646.0979,651646.0979
000503.SZ,20210705,7.33,0.6862,0.9301,,,7.2892,31.7707,30.2764,658836.6755,658836.6755
000503.SZ,20210702,7.41,0.5689,0.7711,,,7.3687,32.1175,30.6068,666027.2532,666027.2532
000503.SZ,20210701,7.48,1.0096,1.3684,,,7.4383,32.4209,30.8959,672319.0086,672319.0086
000503.SZ,20210630,7.41,0.6118,0.8292,,,7.3687,32.1175,30.6068,666027.2532,666027.2532
000503.SZ,20210629,7.4,0.6348,0.8605,,,7.3588,32.0741,30.5655,665128.431,665128.431
000503.SZ,20210628,7.47,0.7562,1.025,,,7.4284,32.3775,30.8546,671420.1864,671420.1864
000503.SZ,20210625,7.6,0.5955,0.8071,,,7.5576,32.941,31.3916,683104.875,683104.875
000503.SZ,20210624,7.71,0.6513,0.8829,,,7.667,33.4178,31.846,692991.9193,692991.9193
000503.SZ,20210623,7.84,0.5482,0.743,,,7.7963,33.9813,32.3829,704676.6079,704676.6079
000503.SZ,20210622,7.91,0.7748,1.0502,,,7.8659,34.2847,32.672,710968.3634,710968.3634
000503.SZ,20210621,7.78,0.6864,0.9303,,,7.7366,33.7212,32.1351,699283.6747,699283.6747
000503.SZ,20210618,7.73,0.48,0.6507,,,7.6869,33.5045,31.9286,694789.5637,694789.5637
000503.SZ,20210617,7.73,0.4374,0.5928,,,7.6869,33.5045,31.9286,694789.5637,694789.5637
000503.SZ,20210616,7.7,0.6123,0.8299,,,7.6571,33.3744,31.8046,692093.0971,692093.0971
000503.SZ,20210615,7.75,1.0778,1.4609,,,7.7068,33.5912,32.0112,696587.2081,696587.2081
000503.SZ,20210611,8.01,1.2228,1.6575,,,7.9654,34.7181,33.0851,719956.5854,719956.5854
000503.SZ,20210610,8.24,1.6639,2.2553,,,8.1941,35.715,34.0351,740629.4961,740629.4961
000503.SZ,20210609,8.03,0.5768,0.7818,,,7.9853,34.8048,33.1677,721754.2298,721754.2298
000503.SZ,20210608,8.06,0.8562,1.1606,,,8.0151,34.9348,33.2916,724450.6964,724450.6964
000503.SZ,20210607,8.1,0.8311,1.1265,,,8.0549,35.1082,33.4568,728045.9852,728045.9852
000503.SZ,20210604,8.2,1.5257,2.068,,,8.1543,35.5416,33.8699,737034.2073,737034.2073
000503.SZ,20210603,8.36,0.8424,1.1418,,,8.3134,36.2351,34.5308,751415.3625,751415.3625
000503.SZ,20210602,8.42,1.1949,1.6196,,,8.3731,36.4952,34.7786,756808.2958,756808.2958
000503.SZ,20210601,8.54,1.6462,2.2313,,,8.4924,37.0153,35.2742,767594.1622,767594.1622
000503.SZ,20210531,8.4,1.161,1.5737,,,8.3532,36.4085,34.696,755010.6514,755010.6514
000503.SZ,20210528,8.52,1.235,1.674,,,8.4725,36.9286,35.1916,765796.5178,765796.5178
000503.SZ,20210527,8.7,0.9303,1.261,,,8.6515,37.7088,35.9351,781975.3175,781975.3175
000503.SZ,20210526,8.72,1.8116,2.4555,,,8.6714,37.7955,36.0177,783772.9619,783772.9619
000503.SZ,20210525,8.49,1.2753,1.7286,,,8.4427,36.7986,35.0677,763100.0512,763100.0512
000503.SZ,20210524,8.67,1.2126,1.6436,,,8.6217,37.5788,35.8112,779278.8509,779278.8509
000503.SZ,20210521,8.52,1.0052,1.3625,,,8.4725,36.9286,35.1916,765796.5178,765796.5178
000503.SZ,20210520,8.53,0.9374,1.2706,,,8.4825,36.972,35.2329,766695.34,766695.34
000503.SZ,20210519,8.56,1.2146,1.6463,,,8.5123,37.102,35.3569,769391.8066,769391.8066
000503.SZ,20210518,8.8,1.6748,2.2701,,,8.751,38.1422,36.3482,790963.5395,790963.5395
000503.SZ,20210517,8.48,1.5444,2.0934,,,8.4327,36.7552,35.0264,762201.229,762201.229
000503.SZ,20210514,8.6,1.871,2.536,,,8.5521,37.2754,35.5221,772987.0954,772987.0954
000503.SZ,20210513,8.55,1.8866,2.5571,,,8.5024,37.0586,35.3156,768492.9844,768492.9844
000503.SZ,20210512,8.71,2.3311,3.1597,,,8.6615,37.7521,35.9764,782874.1397,782874.1397
000503.SZ,20210511,8.42,2.6912,3.6478,,,8.3731,36.4952,34.7786,756808.2958,756808.2958
000503.SZ,20210510,8.18,1.647,2.2324,,,8.1344,35.4549,33.7873,735236.5629,735236.5629
000503.SZ,20210507,7.93,0.9771,1.3244,,,7.8858,34.3713,32.7547,712766.0078,712766.0078
000503.SZ,20210506,7.95,1.3025,1.7655,,,7.9057,34.458,32.8373,714563.6522,714563.6522
000503.SZ,20210430,8.15,1.3474,1.8263,,,8.1046,35.3249,33.6634,732540.0963,732540.0963
000503.SZ,20210429,8.1,2.7176,3.6835,,,8.0549,35.1082,33.4568,728045.9852,728045.9852
000503.SZ,20210428,8.41,4.7694,6.4647,,,8.3631,36.4518,34.7373,755909.4736,755909.4736
000503.SZ,20210427,7.74,1.2318,1.6696,,,7.6969,33.5478,31.9699,695688.3859,695688.3859
000503.SZ,20210426,8.03,1.8858,2.5561,,,7.9853,34.8048,33.1677,721754.2298,721754.2298
000503.SZ,20210423,7.72,1.1448,1.5517,398.1534,,7.2194,53.412,33.4611,693890.7415,693890.7415
000503.SZ,20210422,7.85,1.1951,1.6199,404.8581,,7.341,54.3115,34.0246,705575.4301,705575.4301
000503.SZ,20210421,7.98,1.3132,1.7799,411.5627,,7.4625,55.2109,34.5881,717260.1188,717260.1188
000503.SZ,20210420,8.25,2.3115,3.1331,425.4878,,7.715,57.0789,35.7583,741528.3183,741528.3183
000503.SZ,20210419,8.01,1.5505,2.1016,413.11,,7.4906,55.4184,34.7181,719956.5854,719956.5854
000503.SZ,20210416,8.08,1.5428,2.0911,416.7202,,7.5561,55.9027,35.0215,726248.3408,726248.3408
000503.SZ,20210415,8.0,1.6188,2.1942,412.5942,,7.4812,55.3493,34.6747,719057.7632,719057.7632
000503.SZ,20210414,8.15,2.9307,3.9723,420.3304,,7.6215,56.3871,35.3249,732540.0963,732540.0963
000503.SZ,20210413,8.2,4.1913,5.6811,422.9091,4539.0032,7.0122,56.733,50.8388,737034.2073,737034.2073
000503.SZ,20210412,8.87,6.7219,9.1112,457.4638,4909.873,7.5852,61.3685,54.9927,797255.2949,797255.2949
000503.SZ,20210409,8.37,3.3155,4.494,431.6767,4633.1045,7.1576,57.9092,51.8928,752314.1847,752314.1847
000503.SZ,20210408,7.61,1.8372,2.4903,392.4802,4212.4164,6.5077,52.651,47.1809,684003.6972,684003.6972
000503.SZ,20210407,7.6,1.3055,1.7695,391.9645,4206.881,6.4991,52.5818,47.1189,683104.875,683104.875
000503.SZ,20210406,7.63,1.9652,2.6638,393.5117,4223.4872,6.5248,52.7894,47.3049,685801.3417,685801.3417
000503.SZ,20210402,7.5,2.0848,2.8258,386.8071,4151.5273,6.4136,51.8899,46.4989,674116.653,674116.653
000503.SZ,20210401,7.59,3.6727,4.9781,391.4488,4201.3457,6.4906,52.5126,47.0569,682206.0528,682206.0528
000503.SZ,20210331,7.33,2.4165,3.2754,378.0395,4057.4261,6.2682,50.7138,45.445,658836.6755,658836.6755
000503.SZ,20210330,6.66,0.6334,0.8586,343.4847,3686.5563,5.6953,46.0783,41.2911,598615.5879,598615.5879
000503.SZ,20210329,6.78,0.6398,0.8673,349.6736,3752.9807,5.7979,46.9085,42.035,609401.4543,609401.4543
000503.SZ,20210326,6.84,0.6489,0.8795,352.7681,3786.1929,5.8492,47.3236,42.407,614794.3875,614794.3875
000503.SZ,20210325,6.79,0.725,0.9827,350.1893,3758.5161,5.8064,46.9777,42.097,610300.2765,610300.2765
000503.SZ,20210324,6.78,0.5556,0.7531,349.6736,3752.9807,5.7979,46.9085,42.035,609401.4543,609401.4543
000503.SZ,20210323,6.88,0.7906,1.0716,354.831,3808.3344,5.8834,47.6004,42.655,618389.6764,618389.6764
000503.SZ,20210322,6.9,0.5403,0.7324,355.8625,3819.4052,5.9005,47.7387,42.779,620187.3208,620187.3208
000503.SZ,20210319,6.82,0.5561,0.7537,351.7366,3775.1222,5.8321,47.1852,42.283,612996.7431,612996.7431
000503.SZ,20210318,6.91,0.5529,0.7495,356.3783,3824.9405,5.9091,47.8079,42.841,621086.143,621086.143
000503.SZ,20210317,6.96,0.5511,0.747,358.957,3852.6174,5.9518,48.1539,43.151,625580.254,625580.254
000503.SZ,20210316,7.02,0.6338,0.8591,362.0514,3885.8296,6.0031,48.569,43.523,630973.1872,630973.1872
000503.SZ,20210315,6.91,0.7166,0.9713,356.3783,3824.9405,5.9091,47.8079,42.841,621086.143,621086.143
000503.SZ,20210312,6.97,0.759,1.0288,359.4727,3858.1527,5.9604,48.223,43.213,626479.0762,626479.0762
000503.SZ,20210311,6.95,0.6054,0.8205,358.4412,3847.082,5.9433,48.0847,43.089,624681.4318,624681.4318
000503.SZ,20210310,6.87,0.7362,0.9978,354.3153,3802.799,5.8749,47.5312,42.593,617490.8541,617490.8541
000503.SZ,20210309,6.98,1.1041,1.4966,359.9885,3863.6881,5.9689,48.2922,43.275,627377.8984,627377.8984
000503.SZ,20210308,7.32,0.918,1.2442,377.5237,4051.8907,6.2597,50.6446,45.383,657937.8533,657937.8533
000503.SZ,20210305,7.56,0.7682,1.0412,389.9015,4184.7396,6.4649,52.305,46.8709,679509.5862,679509.5862
000503.SZ,20210304,7.51,0.8244,1.1174,387.3228,4157.0627,6.4222,51.9591,46.5609,675015.4752,675015.4752
000503.SZ,20210303,7.62,0.6701,0.9083,392.996,4217.9518,6.5162,52.7202,47.2429,684902.5194,684902.5194
000503.SZ,20210302,7.6,1.0889,1.476,391.9645,4206.881,6.4991,52.5818,47.1189,683104.875,683104.875
000503.SZ,20210301,7.75,1.8038,2.4449,399.7006,4289.9116,6.6274,53.6196,48.0489,696587.2081,696587.2081
000503.SZ,20210226,7.23,0.9023,1.223,372.882,4002.0724,6.1827,50.0219,44.825,649848.4535,649848.4535
000503.SZ,20210225,7.45,0.9328,1.2644,384.2284,4123.8505,6.3708,51.544,46.1889,669622.542,669622.542
000503.SZ,20210224,7.59,1.1755,1.5933,391.4488,4201.3457,6.4906,52.5126,47.0569,682206.0528,682206.0528
000503.SZ,20210223,7.53,1.2531,1.6984,388.3543,4168.1335,6.4393,52.0975,46.6849,676813.1196,676813.1196
000503.SZ,20210222,7.67,2.1783,2.9526,395.5747,4245.6286,6.559,53.0661,47.5529,689396.6305,689396.6305
000503.SZ,20210219,7.28,1.4267,1.9338,375.4607,4029.7492,6.2255,50.3678,45.135,654342.5645,654342.5645
000503.SZ,20210218,6.91,1.1926,1.6165,356.3783,3824.9405,5.9091,47.8079,42.841,621086.143,621086.143
000503.SZ,20210210,6.66,0.886,1.2009,343.4847,3686.5563,5.6953,46.0783,41.2911,598615.5879,598615.5879
000503.SZ,20210209,6.78,1.0195,1.3819,349.6736,3752.9807,5.7979,46.9085,42.035,609401.4543,609401.4543
000503.SZ,20210208,6.71,0.7352,0.9966,346.0634,3714.2331,5.738,46.4242,41.601,603109.6989,603109.6989
000503.SZ,20210205,6.84,0.6556,0.8886,352.7681,3786.1929,5.8492,47.3236,42.407,614794.3875,614794.3875
000503.SZ,20210204,7.01,0.8435,1.1433,361.5357,3880.2942,5.9946,48.4998,43.461,630074.365,630074.365
000503.SZ,20210203,7.17,1.0572,1.433,369.7876,3968.8601,6.1314,49.6068,44.453,644455.5203,644455.5203
000503.SZ,20210202,7.54,2.1138,2.8652,388.87,4173.6688,6.4478,52.1667,46.7469,677711.9418,677711.9418
000503.SZ,20210201,7.08,0.8284,1.1228,365.1459,3919.0418,6.0544,48.9841,43.895,636366.1204,636366.1204
000503.SZ,20210129,7.11,1.3611,1.845,366.6931,3935.6479,6.0801,49.1917,44.081,639062.587,639062.587
000503.SZ,20210128,7.48,0.7164,0.971,385.7756,4140.4566,6.3965,51.7516,46.3749,672319.0086,672319.0086
000503.SZ,20210127,7.5,1.3651,1.8503,386.8071,4151.5273,6.4136,51.8899,46.4989,674116.653,674116.653
000503.SZ,20210126,7.42,0.6715,0.9102,382.6811,4107.2444,6.3452,51.3364,46.0029,666926.0754,666926.0754
000503.SZ,20210125,7.55,0.7832,1.0616,389.3858,4179.2042,6.4564,52.2359,46.8089,678610.764,678610.764
000503.SZ,20210122,7.77,0.8077,1.0948,400.7321,4300.9823,6.6445,53.758,48.1729,698384.8525,698384.8525
000503.SZ,20210121,7.91,0.7692,1.0426,407.9525,4378.4775,6.7642,54.7266,49.0409,710968.3634,710968.3634
000503.SZ,20210120,8.05,0.771,1.0451,415.1729,4455.9727,6.8839,55.6952,49.9089,723551.8742,723551.8742
000503.SZ,20210119,7.94,0.8195,1.1108,409.4998,4395.0836,6.7899,54.9341,49.2269,713664.83,713664.83
000503.SZ,20210118,7.88,0.6381,0.8649,406.4053,4361.8714,6.7386,54.519,48.8549,708271.8968,708271.8968
000503.SZ,20210115,7.84,0.7455,1.0105,404.3423,4339.7299,6.7044,54.2423,48.6069,704676.6079,704676.6079
000503.SZ,20210114,7.74,0.9643,1.307,399.1849,4284.3762,6.6188,53.5504,47.9869,695688.3859,695688.3859
000503.SZ,20210113,7.64,1.3556,1.8374,394.0275,4229.0225,6.5333,52.8585,47.3669,686700.1639,686700.1639
000503.SZ,20210112,7.81,1.4444,1.9578,402.7951,4323.1238,6.6787,54.0347,48.4209,701980.1413,701980.1413
000503.SZ,20210111,7.7,1.3411,1.8178,397.1219,4262.2347,6.5846,53.2737,47.7389,692093.0971,692093.0971
000503.SZ,20210108,8.08,1.0273,1.3924,416.7202,4472.5788,6.9096,55.9027,50.0949,726248.3408,726248.3408
000503.SZ,20210107,8.16,1.2062,1.6349,420.8461,4516.8617,6.978,56.4562,50.5908,733438.9185,733438.9185
000503.SZ,20210106,8.53,1.0236,1.3874,439.9286,4721.6704,7.2944,59.0161,52.8848,766695.34,766695.34
000503.SZ,20210105,8.68,1.8198,2.4666,447.6647,4804.701,7.4227,60.0539,53.8148,780177.6731,780177.6731
000503.SZ,20210104,9.13,2.3756,3.22,470.8732,5053.7926,7.8075,63.1673,56.6047,820624.6723,820624.6723
000503.SZ,20201231,8.36,1.3378,1.8133,431.161,4627.5691,7.149,57.84,51.8308,751415.3625,751415.3625
000503.SZ,20201230,8.08,0.9199,1.2469,416.7202,4472.5788,6.9096,55.9027,50.0949,726248.3408,726248.3408
000503.SZ,20201229,8.2,1.2043,1.6324,422.9091,4539.0032,7.0122,56.733,50.8388,737034.2073,737034.2073
000503.SZ,20201228,8.22,1.4095,1.9105,423.9406,4550.074,7.0293,56.8714,50.9628,738831.8517,738831.8517
000503.SZ,20201225,8.54,0.7188,0.9744,440.4443,4727.2058,7.303,59.0853,52.9468,767594.1622,767594.1622
000503.SZ,20201224,8.66,0.8178,1.1085,446.6332,4793.6302,7.4056,59.9156,53.6908,778380.0287,778380.0287
000503.SZ,20201223,8.79,0.776,1.0518,453.3379,4865.59,7.5167,60.815,54.4968,790064.7173,790064.7173
000503.SZ,20201222,8.97,0.8592,1.1646,462.6213,4965.2267,7.6707,62.0604,55.6127,806243.517,806243.517
000503.SZ,20201221,9.05,1.3651,1.8503,466.7472,5009.5097,7.7391,62.6138,56.1087,813434.0946,813434.0946
000503.SZ,20201218,8.75,1.8811,2.5497,451.2749,4843.4486,7.4825,60.5382,54.2488,786469.4285,786469.4285
000503.SZ,20201217,9.02,1.3152,1.7827,465.2,4992.9036,7.7134,62.4063,55.9227,810737.628,810737.628
000503.SZ,20201216,8.99,2.5823,3.5002,463.6528,4976.2974,7.6878,62.1987,55.7367,808041.1614,808041.1614
000503.SZ,20201215,9.82,0.6668,0.9038,506.4594,5435.7331,8.3975,67.9412,60.8826,882643.4043,882643.4043
000503.SZ,20201214,10.0,0.5927,0.8034,515.7428,5535.3698,8.5515,69.1866,61.9986,898822.204,898822.204
000503.SZ,20201211,10.22,0.9958,1.3498,527.0891,5657.1479,8.7396,70.7087,63.3625,918596.2925,918596.2925
000503.SZ,20201210,10.09,0.6479,0.8782,520.3845,5585.1881,8.6284,69.8092,62.5566,906911.6038,906911.6038
000503.SZ,20201209,10.07,0.5909,0.801,519.353,5574.1174,8.6113,69.6709,62.4326,905113.9594,905113.9594
000503.SZ,20201208,10.25,0.7812,1.0589,528.6363,5673.754,8.7653,70.9162,63.5485,921292.7591,921292.7591
000503.SZ,20201207,10.4,0.9148,1.2399,536.3725,5756.7846,8.8935,71.954,64.4785,934775.0922,934775.0922
000503.SZ,20201204,10.85,0.4669,0.6328,559.5809,6005.8762,9.2783,75.0674,67.2685,975222.0913,975222.0913
000503.SZ,20201203,10.82,0.4166,0.5646,558.0337,5989.2701,9.2527,74.8599,67.0825,972525.6247,972525.6247
000503.SZ,20201202,10.9,0.3759,0.5095,562.1596,6033.5531,9.3211,75.4134,67.5785,979716.2024,979716.2024
000503.SZ,20201201,10.92,0.481,0.652,563.1911,6044.6238,9.3382,75.5517,67.7025,981513.8468,981513.8468
000503.SZ,20201130,10.86,0.6185,0.8383,560.0966,6011.4116,9.2869,75.1366,67.3305,976120.9135,976120.9135
000503.SZ,20201127,10.7,0.627,0.8499,551.8448,5922.8457,9.1501,74.0296,66.3385,961739.7583,961739.7583
000503.SZ,20201126,10.79,0.4207,0.5703,556.4864,5972.664,9.227,74.6523,66.8965,969829.1581,969829.1581
000503.SZ,20201125,10.89,0.6133,0.8313,561.6439,6028.0177,9.3126,75.3442,67.5165,978817.3802,978817.3802
000503.SZ,20201124,11.13,0.5569,0.7548,574.0217,6160.8666,9.5178,77.0047,69.0044,1000389.1131,1000389.1131
000503.SZ,20201123,11.31,0.7653,1.0373,583.3051,6260.5032,9.6717,78.25,70.1204,1016567.9127,1016567.9127
000503.SZ,20201120,11.25,0.7856,1.0649,580.2106,6227.291,9.6204,77.8349,69.7484,1011174.9795,1011174.9795
000503.SZ,20201119,11.45,1.7048,2.3107,590.5255,6337.9984,9.7914,79.2186,70.9884,1029151.4236,1029151.4236
000503.SZ,20201118,10.81,0.5128,0.6951,557.5179,5983.7347,9.2441,74.7907,67.0205,971626.8025,971626.8025
000503.SZ,20201117,10.89,0.7059,0.9569,561.6439,6028.0177,9.3126,75.3442,67.5165,978817.3802,978817.3802
000503.SZ,20201116,11.11,0.6616,0.8967,572.9902,6149.7958,9.5007,76.8663,68.8804,998591.4686,998591.4686
000503.SZ,20201113,11.13,0.6138,0.832,574.0217,6160.8666,9.5178,77.0047,69.0044,1000389.1131,1000389.1131
000503.SZ,20201112,11.22,1.1827,1.6031,578.6634,6210.6849,9.5948,77.6273,69.5624,1008478.5129,1008478.5129
000503.SZ,20201111,10.98,1.3669,1.8528,566.2856,6077.836,9.3895,75.9669,68.0744,986906.78,986906.78
000503.SZ,20201110,10.73,0.6302,0.8541,553.392,5939.4518,9.1757,74.2372,66.5245,964436.2249,964436.2249
000503.SZ,20201109,10.84,1.065,1.4436,559.0652,6000.3409,9.2698,74.9982,67.2065,974323.2691,974323.2691
000503.SZ,20201106,10.75,1.619,2.1945,554.4235,5950.5225,9.1928,74.3756,66.6485,966233.8693,966233.8693
000503.SZ,20201105,10.17,0.396,0.5368,524.5104,5629.4711,8.6968,70.3627,63.0526,914102.1815,914102.1815
000503.SZ,20201104,10.09,0.4153,0.5629,520.3845,5585.1881,8.6284,69.8092,62.5566,906911.6038,906911.6038
000503.SZ,20201103,10.03,0.526,0.713,517.29,5551.9759,8.5771,69.3941,62.1846,901518.6706,901518.6706
000503.SZ,20201102,9.97,0.6881,0.9326,514.1955,5518.7637,8.5258,68.979,61.8126,896125.7374,896125.7374
000503.SZ,20201030,10.26,0.6515,0.8831,529.1521,5679.2894,8.7738,70.9854,63.6105,922191.5813,922191.5813
000503.SZ,20201029,10.38,0.5437,0.737,535.341,983.8262,8.4332,71.8157,67.4658,932977.4478,932977.4478
000503.SZ,20201028,10.35,0.4626,0.627,533.7938,980.9828,8.4088,71.6081,67.2709,930280.9811,930280.9811
000503.SZ,20201027,10.41,0.4817,0.6529,536.8882,986.6697,8.4576,72.0232,67.6608,935673.9144,935673.9144
000503.SZ,20201026,10.41,0.4077,0.5527,536.8882,986.6697,8.4576,72.0232,67.6608,935673.9144,935673.9144
000503.SZ,20201023,10.47,0.5326,0.7219,539.9827,992.3565,8.5063,72.4383,68.0508,941066.8476,941066.8476
000503.SZ,20201022,10.83,0.8444,1.1446,558.5494,1026.4777,8.7988,74.9291,70.3907,973424.4469,973424.4469
000503.SZ,20201021,10.57,0.3798,0.5147,545.1401,1001.8346,8.5875,73.1302,68.7008,950055.0696,950055.0696
000503.SZ,20201020,10.75,0.3167,0.4292,554.4235,1018.8952,8.7338,74.3756,69.8707,966233.8693,966233.8693
000503.SZ,20201019,10.64,0.51,0.6913,548.7503,1008.4693,8.6444,73.6145,69.1557,956346.8251,956346.8251
000503.SZ,20201016,10.8,0.6076,0.8236,557.0022,1023.6342,8.7744,74.7215,70.1957,970727.9803,970727.9803
000503.SZ,20201015,10.82,0.8888,1.2047,558.0337,1025.5299,8.7907,74.8599,70.3257,972525.6247,972525.6247
000503.SZ,20201014,11.22,0.6475,0.8776,578.6634,1063.4422,9.1156,77.6273,72.9255,1008478.5129,1008478.5129
000503.SZ,20201013,11.58,0.6153,0.834,597.2301,1097.5634,9.4081,80.118,75.2654,1040836.1122,1040836.1122
000503.SZ,20201012,11.5,0.616,0.835,593.1042,1089.9809,9.3431,79.5646,74.7454,1033645.5346,1033645.5346
000503.SZ,20201009,11.2,0.4019,0.5448,577.6319,1061.5466,9.0994,77.489,72.7955,1006680.8685,1006680.8685
000503.SZ,20200930,11.0,0.4782,0.6482,567.317,1042.5904,8.9369,76.1052,71.4956,988704.4244,988704.4244
000503.SZ,20200929,11.09,0.4802,0.6509,571.9587,1051.1207,9.01,76.7279,72.0806,996793.8242,996793.8242
000503.SZ,20200928,11.1,0.5462,0.7403,572.4745,1052.0685,9.0181,76.7971,72.1456,997692.6464,997692.6464
000503.SZ,20200925,10.87,0.5619,0.7616,560.6124,1030.2689,8.8313,75.2058,70.6506,977019.7357,977019.7357
000503.SZ,20200924,11.03,0.821,1.1128,568.8643,1045.4339,8.9613,76.3128,71.6906,991400.891,991400.891
000503.SZ,20200923,11.45,0.5905,0.8004,590.5255,1085.2419,9.3025,79.2186,74.4204,1029151.4236,1029151.4236
000503.SZ,20200922,11.52,0.6335,0.8587,594.1357,1091.8765,9.3594,79.7029,74.8754,1035443.179,1035443.179
000503.SZ,20200921,11.67,0.6517,0.8833,601.8718,1106.0937,9.4812,80.7407,75.8503,1048925.5121,1048925.5121
000503.SZ,20200918,11.57,0.4317,0.5851,596.7144,1096.6156,9.4,80.0489,75.2004,1039937.29,1039937.29
000503.SZ,20200917,11.47,0.484,0.656,591.557,1087.1375,9.3187,79.357,74.5504,1030949.068,1030949.068
000503.SZ,20200916,11.59,0.6225,0.8437,597.7459,1098.5112,9.4162,80.1872,75.3304,1041734.9344,1041734.9344
000503.SZ,20200915,11.52,0.5947,0.8061,594.1357,1091.8765,9.3594,79.7029,74.8754,1035443.179,1035443.179
000503.SZ,20200914,11.58,0.4834,0.6553,597.2301,1097.5634,9.4081,80.118,75.2654,1040836.1122,1040836.1122
000503.SZ,20200911,11.46,0.7202,0.9762,591.0412,1086.1897,9.3106,79.2878,74.4854,1030050.2458,1030050.2458
000503.SZ,20200910,11.69,0.9243,1.2529,602.9033,1107.9893,9.4975,80.8791,75.9803,1050723.1565,1050723.1565
000503.SZ,20200909,12.09,1.2394,1.6799,623.533,1145.9017,9.8225,83.6466,78.5802,1086676.0446,1086676.0446
000503.SZ,20200908,12.0,0.8228,1.1152,618.8913,1137.3714,9.7493,83.0239,77.9952,1078586.6448,1078586.6448
000503.SZ,20200907,11.82,0.6031,0.8175,609.608,1120.3108,9.6031,81.7785,76.8253,1062407.8451,1062407.8451
000503.SZ,20200904,11.87,0.7517,1.0189,612.1867,1125.0499,9.6437,82.1245,77.1502,1066901.9561,1066901.9561
000503.SZ,20200903,11.89,0.6059,0.8213,613.2182,1126.9455,9.66,82.2628,77.2802,1068699.6006,1068699.6006
000503.SZ,20200902,12.08,0.5666,0.768,623.0173,1144.9539,9.8143,83.5774,78.5152,1085777.2224,1085777.2224
000503.SZ,20200901,12.15,0.548,0.7428,626.6275,1151.5885,9.8712,84.0617,78.9701,1092068.9779,1092068.9779
000503.SZ,20200831,12.1,0.7015,0.9508,624.0488,1146.8495,9.8306,83.7157,78.6452,1087574.8668,1087574.8668
000503.SZ,20200828,12.25,0.8785,1.1908,631.7849,1161.0666,9.9524,84.7535,79.6201,1101057.1999,1101057.1999
000503.SZ,20200827,12.1,0.6397,0.867,624.0488,,9.4076,83.7157,83.5323,1087574.8668,1087574.8668
000503.SZ,20200826,12.03,1.0285,1.394,620.4386,,9.3532,83.2314,83.049,1081283.1114,1081283.1114
000503.SZ,20200825,12.56,0.6057,0.821,647.7729,,9.7653,86.8983,86.7079,1128920.6882,1128920.6882
000503.SZ,20200824,12.71,0.6861,0.93,655.5091,,9.8819,87.9361,87.7434,1142403.0213,1142403.0213
000503.SZ,20200821,12.6,0.6623,0.8977,649.8359,,9.7964,87.1751,86.984,1132515.977,1132515.977
000503.SZ,20200820,12.66,0.8735,1.184,652.9303,,9.843,87.5902,87.3982,1137908.9103,1137908.9103
000503.SZ,20200819,12.9,1.1007,1.4919,665.3082,,10.0296,89.2507,89.0551,1159480.6432,1159480.6432
000503.SZ,20200818,13.19,1.1363,1.5401,680.2647,,10.2551,91.2571,91.0571,1185546.4871,1185546.4871
000503.SZ,20200817,13.18,0.9221,1.2499,679.749,,10.2473,91.1879,90.9881,1184647.6649,1184647.6649
000503.SZ,20200814,13.08,0.8709,1.1804,674.5915,,10.1696,90.496,90.2977,1175659.4428,1175659.4428
000503.SZ,20200813,13.02,0.8595,1.165,671.4971,,10.1229,90.0809,89.8835,1170266.5096,1170266.5096
000503.SZ,20200812,13.02,1.363,1.8474,671.4971,,10.1229,90.0809,89.8835,1170266.5096,1170266.5096
000503.SZ,20200811,13.21,2.0247,2.7444,681.2962,,10.2706,91.3955,91.1952,1187344.1315,1187344.1315
000503.SZ,20200810,13.78,2.938,3.9823,710.6935,,10.7138,95.3391,95.1302,1238576.9971,1238576.9971
000503.SZ,20200807,13.25,1.3992,1.8965,683.3592,,10.3017,91.6722,91.4713,1190939.4203,1190939.4203
000503.SZ,20200806,13.6,1.6464,2.2316,701.4102,,10.5738,94.0937,93.8875,1222398.1974,1222398.1974
000503.SZ,20200805,13.57,2.1994,2.9811,699.8629,,10.5505,93.8862,93.6804,1219701.7308,1219701.7308
000503.SZ,20200804,13.5,2.5436,3.4477,696.2527,,10.4961,93.4019,93.1972,1213409.9754,1213409.9754
000503.SZ,20200803,13.18,1.4745,1.9985,679.749,,10.2473,91.1879,90.9881,1184647.6649,1184647.6649
000503.SZ,20200731,13.06,1.4631,1.9831,673.5601,,10.154,90.3577,90.1596,1173861.7984,1173861.7984
000503.SZ,20200730,13.02,1.4025,1.901,671.4971,,10.1229,90.0809,89.8835,1170266.5096,1170266.5096
000503.SZ,20200729,13.29,1.7455,2.3659,685.4221,,10.3328,91.949,91.7474,1194534.7091,1194534.7091
000503.SZ,20200728,12.88,1.2742,1.7271,664.2767,,10.0141,89.1123,88.917,1157682.9988,1157682.9988
000503.SZ,20200727,12.81,1.4023,1.9007,660.6665,,9.9596,88.628,88.4338,1151391.2433,1151391.2433
000503.SZ,20200724,12.7,2.224,3.0145,654.9933,,9.8741,87.8669,87.6744,1141504.1991,1141504.1991
000503.SZ,20200723,13.69,2.7559,3.7355,706.0519,,10.6438,94.7164,94.5088,1230487.5973,1230487.5973
000503.SZ,20200722,13.81,4.5827,6.2116,712.2408,,10.7371,95.5467,95.3373,1241273.4637,1241273.4637
000503.SZ,20200721,13.87,2.9526,4.0021,715.3352,,10.7838,95.9618,95.7515,1246666.3969,1246666.3969
000503.SZ,20200720,12.61,1.3577,1.8403,650.3516,,9.8041,87.2443,87.0531,1133414.7992,1133414.7992
000503.SZ,20200717,12.34,1.8238,2.472,636.4266,,9.5942,85.3762,85.1891,1109146.5997,1109146.5997
000503.SZ,20200716,11.95,2.1332,2.8914,616.3126,,9.291,82.678,82.4968,1074092.5338,1074092.5338
000503.SZ,20200715,12.66,2.1588,2.9262,652.9303,,9.843,87.5902,87.3982,1137908.9103,1137908.9103
000503.SZ,20200714,13.18,3.412,4.6247,679.749,,10.2473,91.1879,90.9881,1184647.6649,1184647.6649
000503.SZ,20200713,13.8,2.5448,3.4493,711.725,,10.7293,95.4775,95.2682,1240374.6415,1240374.6415
000503.SZ,20200710,13.32,3.0412,4.1221,686.9694,,10.3562,92.1565,91.9545,1197231.1757,1197231.1757
000503.SZ,20200709,13.43,3.2754,4.4396,692.6425,,10.4417,92.9176,92.7139,1207118.22,1207118.22
000503.SZ,20200708,12.93,2.3217,3.1469,666.8554,,10.0529,89.4582,89.2622,1162177.1098,1162177.1098
000503.SZ,20200707,12.74,3.0795,4.1741,657.0563,,9.9052,88.1437,87.9505,1145099.4879,1145099.4879
000503.SZ,20200706,12.89,3.3318,4.516,664.7924,,10.0218,89.1815,88.986,1158581.821,1158581.821
000503.SZ,20200703,12.49,2.6963,3.6547,644.1627,,9.7108,86.414,86.2246,1122628.9328,1122628.9328
000503.SZ,20200702,12.29,3.8676,5.2423,633.8479,,9.5553,85.0303,84.8439,1104652.4887,1104652.4887
000503.SZ,20200701,12.25,4.1231,5.5887,631.7849,,9.5242,84.7535,84.5678,1101057.1999,1101057.1999
000503.SZ,20200630,11.14,1.0368,1.4053,574.5374,,8.6612,77.0738,76.9049,1001287.9353,1001287.9353
000503.SZ,20200629,11.03,1.2442,1.6865,568.8643,,8.5757,76.3128,76.1455,991400.891,991400.891
000503.SZ,20200624,11.41,1.4182,1.9223,588.4625,,8.8711,78.9419,78.7689,1025556.1348,1025556.1348
000503.SZ,20200623,11.67,1.2986,1.7601,601.8718,,9.0733,80.7407,80.5638,1048925.5121,1048925.5121
000503.SZ,20200622,11.95,1.3503,1.8302,616.3126,,9.291,82.678,82.4968,1074092.5338,1074092.5338
000503.SZ,20200619,11.75,0.9155,1.2409,605.9978,,9.1355,81.2942,81.1161,1056116.0897,1056116.0897
000503.SZ,20200618,11.73,1.2499,1.6942,604.9663,,9.1199,81.1558,80.978,1054318.4453,1054318.4453
000503.SZ,20200617,11.91,2.2098,2.9953,614.2496,,9.2599,82.4012,82.2206,1070497.245,1070497.245
000503.SZ,20200616,11.69,1.9306,2.6169,602.9033,,9.0888,80.8791,80.7018,1050723.1565,1050723.1565
000503.SZ,20200615,11.31,1.6753,2.2708,583.3051,,8.7934,78.25,78.0785,1016567.9127,1016567.9127
000503.SZ,20200612,11.46,2.7032,3.664,591.0412,,8.91,79.2878,79.114,1030050.2458,1030050.2458
000503.SZ,20200611,11.0,1.0505,1.4238,567.317,,8.5524,76.1052,75.9384,988704.4244,988704.4244
000503.SZ,20200610,11.16,1.4474,1.9618,575.5689,,8.6768,77.2122,77.043,1003085.5797,1003085.5797
000503.SZ,20200609,11.08,1.1478,1.5558,571.443,,8.6146,76.6587,76.4907,995895.002,995895.002
000503.SZ,20200608,11.07,1.2738,1.7266,570.9272,,8.6068,76.5895,76.4217,994996.1798,994996.1798
000503.SZ,20200605,11.13,1.9824,2.6871,574.0217,,8.6535,77.0047,76.8359,1000389.1131,1000389.1131
000503.SZ,20200604,10.81,1.4408,1.953,557.5179,,8.4047,74.7907,74.6268,971626.8025,971626.8025
000503.SZ,20200603,11.03,2.6577,3.6023,568.8643,,8.5757,76.3128,76.1455,991400.891,991400.891
000503.SZ,20200602,10.93,3.2607,4.4197,563.7068,,8.498,75.6209,75.4552,982412.669,982412.669
000503.SZ,20200601,10.71,2.3711,3.2139,552.3605,,8.3269,74.0988,73.9364,962638.5805,962638.5805
000503.SZ,20200529,10.65,2.7652,3.748,549.2661,,8.2803,73.6837,73.5222,957245.6473,957245.6473
000503.SZ,20200528,9.89,0.952,1.2903,510.0696,,7.6894,68.4255,68.2756,888935.1598,888935.1598
000503.SZ,20200527,10.11,1.2876,1.7453,521.4159,,7.8604,69.9476,69.7943,908709.2482,908709.2482
000503.SZ,20200526,10.01,1.1041,1.4965,516.2585,,7.7827,69.2558,69.104,899721.0262,899721.0262
000503.SZ,20200525,10.01,2.4537,3.3258,516.2585,,7.7827,69.2558,69.104,899721.0262,899721.0262
000503.SZ,20200522,9.52,1.8551,2.5145,490.9871,,7.4017,65.8656,65.7213,855678.7382,855678.7382
000503.SZ,20200521,10.02,1.7462,2.3668,516.7743,,7.7904,69.3249,69.173,900619.8484,900619.8484
000503.SZ,20200520,10.42,0.984,1.3338,537.404,,8.1014,72.0924,71.9344,936572.7366,936572.7366
000503.SZ,20200519,10.45,1.017,1.3785,538.9512,,8.1248,72.3,72.1415,939269.2032,939269.2032
000503.SZ,20200518,10.4,1.0251,1.3895,536.3725,,8.0859,71.954,71.7963,934775.0922,934775.0922
000503.SZ,20200515,10.66,0.9697,1.3144,549.7818,,8.288,73.7529,73.5912,958144.4695,958144.4695
000503.SZ,20200514,10.75,0.7455,1.0105,554.4235,,8.358,74.3756,74.2126,966233.8693,966233.8693
000503.SZ,20200513,10.96,0.5937,0.8047,565.2541,,8.5213,75.8285,75.6623,985109.1356,985109.1356
000503.SZ,20200512,10.9,0.7564,1.0252,562.1596,,8.4746,75.4134,75.2481,979716.2024,979716.2024
000503.SZ,20200511,10.99,1.0954,1.4848,566.8013,,8.5446,76.036,75.8694,987805.6022,987805.6022
000503.SZ,20200508,11.02,0.9923,1.3449,568.3485,,8.5679,76.2436,76.0765,990502.0688,990502.0688
000503.SZ,20200507,10.94,0.9413,1.2758,564.2226,,8.5057,75.6901,75.5242,983311.4912,983311.4912
000503.SZ,20200506,11.15,1.0757,1.4581,575.0532,,8.669,77.143,76.974,1002186.7575,1002186.7575
000503.SZ,20200430,10.94,1.7204,2.3319,564.2226,,8.5057,75.6901,75.5242,983311.4912,983311.4912
000503.SZ,20200429,10.27,1.4526,1.9689,529.6678,,7.9848,71.0546,70.8989,923090.4035,923090.4035
000503.SZ,20200428,10.68,2.4295,3.293,550.8133,,8.3036,73.8913,73.7293,959942.1139,959942.1139
000503.SZ,20200427,11.62,1.5533,2.1053,599.2931,,9.0344,80.3948,80.2186,1044431.401,1044431.401
000503.SZ,20200424,12.17,1.0516,1.4254,,627.659,8.9427,114.565,84.2001,1093866.6223,1093866.6223
000503.SZ,20200423,12.33,0.8383,1.1362,,635.9108,9.0603,116.0712,85.307,1108247.7775,1108247.7775
000503.SZ,20200422,12.53,0.7125,0.9658,,646.2257,9.2072,117.9539,86.6908,1126224.2216,1126224.2216
000503.SZ,20200421,12.49,0.8125,1.1012,,644.1627,9.1778,117.5774,86.414,1122628.9328,1122628.9328
000503.SZ,20200420,12.66,0.7205,0.9766,,652.9303,9.3027,119.1777,87.5902,1137908.9103,1137908.9103
000503.SZ,20200417,12.51,1.0711,1.4518,,645.1942,9.1925,117.7656,86.5524,1124426.5772,1124426.5772
000503.SZ,20200416,12.73,0.9811,1.3298,,656.5405,9.3542,119.8367,88.0745,1144200.6657,1144200.6657
000503.SZ,20200415,12.84,0.9248,1.2535,,662.2137,9.435,120.8722,88.8356,1154087.7099,1154087.7099
000503.SZ,20200414,12.97,0.9639,1.3065,,668.9184,9.5305,122.0959,89.735,1165772.3986,1165772.3986
000503.SZ,20200413,12.8,1.0796,1.4633,,,10.8452,120.4956,112.2238,1150492.4211,1150492.4211
000503.SZ,20200410,13.28,1.5354,2.0811,,,11.2519,125.0142,116.4322,1193635.8869,1193635.8869
000503.SZ,20200409,13.35,1.4954,2.0269,,,11.3113,125.6732,117.046,1199927.6423,1199927.6423
000503.SZ,20200408,13.18,2.1808,2.956,,,11.1672,124.0728,115.5555,1184647.6649,1184647.6649
000503.SZ,20200407,12.71,1.2766,1.7304,,,10.769,119.6484,111.4348,1142403.0213,1142403.0213
000503.SZ,20200403,12.47,0.9261,1.2552,,,10.5656,117.3891,109.3306,1120831.2884,1120831.2884
000503.SZ,20200402,12.53,1.3306,1.8036,,,10.6165,117.9539,109.8566,1126224.2216,1126224.2216
000503.SZ,20200401,12.41,1.153,1.5628,,,10.5148,116.8243,108.8045,1115438.3552,1115438.3552
000503.SZ,20200331,12.56,1.191,1.6143,,,10.6419,118.2363,110.1196,1128920.6882,1128920.6882
000503.SZ,20200330,12.91,1.2772,1.7312,,,10.9385,121.5311,113.1883,1160379.4654,1160379.4654
000503.SZ,20200327,13.5,0.8763,1.1878,,,11.4383,127.0852,118.3611,1213409.9754,1213409.9754
000503.SZ,20200326,13.64,1.0646,1.4431,,,11.557,128.4031,119.5885,1225993.4863,1225993.4863
000503.SZ,20200325,13.89,1.4736,1.9973,,,11.7688,130.7566,121.7804,1248464.0414,1248464.0414
000503.SZ,20200324,13.71,1.1019,1.4936,,,11.6163,129.0621,120.2023,1232285.2417,1232285.2417
000503.SZ,20200323,13.62,1.4833,2.0105,,,11.54,128.2149,119.4132,1224195.8418,1224195.8418
000503.SZ,20200320,14.02,1.0287,1.3943,,,11.8789,131.9804,122.9202,1260148.73,1260148.73
000503.SZ,20200319,13.74,1.5894,2.1543,,,11.6417,129.3445,120.4653,1234981.7083,1234981.7083
000503.SZ,20200318,13.76,1.2708,1.7225,,,11.6586,129.5328,120.6406,1236779.3527,1236779.3527
000503.SZ,20200317,13.92,1.3863,1.8791,,,11.7942,131.039,122.0434,1251160.508,1251160.508
000503.SZ,20200316,13.96,2.1889,2.967,,,11.8281,131.4155,122.3941,1254755.7968,1254755.7968
000503.SZ,20200313,14.25,2.2911,3.1055,,,12.0738,134.1455,124.9367,1280821.6407,1280821.6407
000503.SZ,20200312,14.72,2.2164,3.0042,,,12.472,138.57,129.0574,1323066.2843,1323066.2843
000503.SZ,20200311,15.27,3.3882,4.5925,,,12.938,143.7475,133.8795,1372501.5055,1372501.5055
000503.SZ,20200310,15.29,2.2772,3.0866,,,12.955,143.9358,134.0549,1374299.1499,1374299.1499
000503.SZ,20200309,15.1,2.7859,3.7762,,,12.794,142.1472,132.3891,1357221.528,1357221.528
000503.SZ,20200306,16.0,3.2274,4.3746,,,13.5566,150.6195,140.2798,1438115.5264,1438115.5264
000503.SZ,20200305,16.06,3.2114,4.3529,,,13.6074,151.1843,140.8059,1443508.4596,1443508.4596
000503.SZ,20200304,15.93,3.2519,4.4078,,,13.4973,149.9606,139.6661,1431823.771,1431823.771
000503.SZ,20200303,16.34,5.7181,7.7505,,,13.8446,153.8202,143.2608,1468675.4813,1468675.4813
000503.SZ,20200302,14.85,1.6342,2.215,,,12.5822,139.7937,130.1972,1334750.9729,1334750.9729
000503.SZ,20200228,14.35,2.5968,3.5198,,,12.1585,135.0869,125.8135,1289809.8627,1289809.8627
000503.SZ,20200227,15.55,1.8295,2.4798,,,13.1753,146.3833,136.3344,1397668.5272,1397668.5272
000503.SZ,20200226,15.68,2.1953,2.9756,,,13.2854,147.6071,137.4742,1409353.2159,1409353.2159
000503.SZ,20200225,16.16,3.4818,4.7193,,,13.6921,152.1257,141.6826,1452496.6817,1452496.6817
000503.SZ,20200224,15.8,2.025,2.7448,,,13.3871,148.7368,138.5263,1420139.0823,1420139.0823
000503.SZ,20200221,15.76,2.3051,3.1244,,,13.3532,148.3602,138.1756,1416543.7935,1416543.7935
000503.SZ,20200220,15.91,3.5698,4.8387,,,13.4803,149.7723,139.4907,1430026.1266,1430026.1266
000503.SZ,20200219,15.31,1.7252,2.3384,,,12.9719,144.1241,134.2302,1376096.7943,1376096.7943
000503.SZ,20200218,15.6,2.0772,2.8155,,,13.2176,146.854,136.7728,1402162.6382,1402162.6382
000503.SZ,20200217,15.5,2.6719,3.6216,,,13.1329,145.9127,135.8961,1393174.4162,1393174.4162
000503.SZ,20200214,14.95,1.1205,1.5188,,,12.6669,140.7351,131.0739,1343739.195,1343739.195
000503.SZ,20200213,14.97,1.3981,1.895,,,12.6839,140.9234,131.2493,1345536.8394,1345536.8394
000503.SZ,20200212,15.3,1.2906,1.7494,,,12.9635,144.0299,134.1426,1375197.9721,1375197.9721
000503.SZ,20200211,15.17,1.4056,1.9052,,,12.8533,142.8061,133.0028,1363513.2835,1363513.2835
000503.SZ,20200210,15.4,2.2,2.982,,,13.0482,144.9713,135.0193,1384186.1942,1384186.1942
000503.SZ,20200207,15.09,1.6487,2.2348,,,12.7855,142.053,132.3014,1356322.7058,1356322.7058
000503.SZ,20200206,15.14,1.9665,2.6655,,,12.8279,142.5237,132.7398,1360816.8169,1360816.8169
000503.SZ,20200205,14.79,1.9208,2.6035,,,12.5313,139.2289,129.6711,1329358.0397,1329358.0397
000503.SZ,20200204,14.18,2.5264,3.4244,,,12.0145,133.4866,124.323,1274529.8853,1274529.8853
000503.SZ,20200203,14.72,0.2532,0.3432,,,12.472,138.57,129.0574,1323066.2843,1323066.2843
000503.SZ,20200123,16.36,1.5816,2.1437,,,13.8616,154.0085,143.4361,1470473.1257,1470473.1257
000503.SZ,20200122,17.01,1.972,2.673,,,14.4123,160.1274,149.135,1528896.569,1528896.569
000503.SZ,20200121,17.38,1.5478,2.0979,,,14.7258,163.6105,152.3789,1562152.9906,1562152.9906
000503.SZ,20200120,17.71,1.2901,1.7486,,,15.0054,166.717,155.2722,1591814.1233,1591814.1233
000503.SZ,20200117,17.62,1.2077,1.6369,,,14.9292,165.8697,154.4831,1583724.7234,1583724.7234
000503.SZ,20200116,18.0,1.7502,2.3723,,,15.2511,169.447,157.8148,1617879.9672,1617879.9672
000503.SZ,20200115,18.24,3.5309,4.7859,,,15.4545,171.7063,159.919,1639451.7001,1639451.7001
000503.SZ,20200114,17.04,1.335,1.8095,,,14.4377,160.4098,149.398,1531593.0356,1531593.0356
000503.SZ,20200113,17.23,1.4386,1.9499,,,14.5987,162.1984,151.0638,1548670.6575,1548670.6575
000503.SZ,20200110,17.34,1.4886,2.0177,,,14.6919,163.2339,152.0282,1558557.7017,1558557.7017
000503.SZ,20200109,17.68,1.7662,2.394,,,14.98,166.4346,155.0092,1589117.6567,1589117.6567
000503.SZ,20200108,17.48,1.8418,2.4965,,,14.8105,164.5518,153.2557,1571141.2126,1571141.2126
000503.SZ,20200107,18.04,2.1248,2.88,,,15.285,169.8235,158.1655,1621475.256,1621475.256
000503.SZ,20200106,17.3,1.5401,2.0876,,,14.658,162.8574,151.6775,1554962.4129,1554962.4129
000503.SZ,20200103,17.52,1.374,1.8624,,,14.8444,164.9284,153.6064,1574736.5014,1574736.5014
000503.SZ,20200102,17.6,1.4956,2.0272,,,14.9122,165.6815,154.3078,1581927.079,1581927.079
