ts_code,trade_date,close,turnover_rate,turnover_rate_f,pe,pe_ttm,pb,ps,ps_ttm,total_mv,circ_mv
000523.SZ,20260421,3.26,1.5102,2.0839,75.397,75.397,3.1183,2.8237,2.8237,598362.7183,432002.2102
000523.SZ,20260420,3.24,1.2079,1.6667,74.9345,74.9345,3.0992,2.8064,2.8064,594691.7814,429351.8899
000523.SZ,20260417,3.22,1.549,2.1375,74.4719,74.4719,3.08,2.7891,2.7891,591020.8444,426701.5696
000523.SZ,20260416,3.23,2.0957,2.8918,74.7032,74.7032,3.0896,2.7977,2.7977,592856.3129,428026.7297
000523.SZ,20260415,3.22,1.2402,1.7113,74.4719,74.4719,3.08,2.7891,2.7891,591020.8444,426701.5696
000523.SZ,20260414,3.27,1.4775,2.0387,75.6283,75.6283,3.1279,2.8324,2.8324,600198.1867,433327.3704
000523.SZ,20260413,3.28,1.5583,2.1503,75.8596,75.8596,3.1374,2.841,2.841,602033.6552,434652.5305
000523.SZ,20260410,3.24,1.6251,2.2425,74.9345,74.9345,3.0992,2.8064,2.8064,594691.7814,429351.8899
000523.SZ,20260409,3.22,1.8586,2.5646,74.4719,74.4719,3.08,2.7891,2.7891,591020.8444,426701.5696
000523.SZ,20260408,3.31,1.716,2.3679,76.5534,76.5534,3.1661,2.867,2.867,607540.0606,438628.011
000523.SZ,20260407,3.24,1.4085,1.9436,74.9345,74.9345,3.0992,2.8064,2.8064,594691.7814,429351.8899
000523.SZ,20260403,3.16,2.3631,3.2609,73.0842,73.0842,3.0226,2.7371,2.7371,580008.0337,418750.6087
000523.SZ,20260402,3.32,1.6169,2.2311,76.7847,76.7847,3.1757,2.8757,2.8757,609375.5291,439953.1711
000523.SZ,20260401,3.37,2.0809,2.8714,77.9411,77.9411,3.2235,2.919,2.919,618552.8714,446578.9719
000523.SZ,20260331,3.42,2.068,2.8536,79.0975,79.0975,3.2713,2.9623,2.9623,627730.2137,453204.7727
000523.SZ,20260330,3.5,1.8427,2.5526,12.5218,12.4322,3.3966,3.1289,3.0405,642413.9614,463806.0539
000523.SZ,20260327,3.51,1.5097,2.0914,12.5576,12.4677,3.4063,3.1378,3.0492,644249.4298,465131.2141
000523.SZ,20260326,3.44,1.5992,2.2152,12.3072,12.2191,3.3384,3.0753,2.9884,631401.1506,455855.093
000523.SZ,20260325,3.48,2.0574,2.8501,12.4503,12.3611,3.3772,3.111,3.0232,638743.0244,461155.7336
000523.SZ,20260324,3.42,2.1855,3.0275,12.2356,12.148,3.319,3.0574,2.971,627730.2137,453204.7727
000523.SZ,20260323,3.27,2.7467,3.8048,11.699,11.6152,3.1734,2.9233,2.8407,600198.1867,433327.3704
000523.SZ,20260320,3.45,2.5387,3.5167,12.3429,12.2546,3.3481,3.0842,2.9971,633236.619,457180.2531
000523.SZ,20260319,3.56,2.0329,2.816,12.7365,12.6453,3.4548,3.1825,3.0927,653426.7721,471757.0148
000523.SZ,20260318,3.67,1.7965,2.4886,13.13,13.036,3.5616,3.2809,3.1882,673616.9252,486333.7765
000523.SZ,20260317,3.64,2.3936,3.3157,13.0227,12.9295,3.5325,3.2541,3.1622,668110.5198,482358.2961
000523.SZ,20260316,3.7,1.6113,2.232,13.2374,13.1426,3.5907,3.3077,3.2143,679123.3306,490309.257
000523.SZ,20260313,3.66,1.8512,2.5644,13.0942,13.0005,3.5519,3.2719,3.1795,671781.4567,485008.6164
000523.SZ,20260312,3.67,1.5677,2.1717,13.13,13.036,3.5616,3.2809,3.1882,673616.9252,486333.7765
000523.SZ,20260311,3.73,2.6701,3.6987,13.3447,13.2492,3.6198,3.3345,3.2404,684629.736,494284.7374
000523.SZ,20260310,3.68,1.915,2.6527,13.1658,13.0716,3.5713,3.2898,3.1969,675452.3936,487658.9367
000523.SZ,20260309,3.7,2.367,3.2789,13.2374,13.1426,3.5907,3.3077,3.2143,679123.3306,490309.257
000523.SZ,20260306,3.73,2.6402,3.6573,13.3447,13.2492,3.6198,3.3345,3.2404,684629.736,494284.7374
000523.SZ,20260305,3.62,2.1775,3.0164,12.9511,12.8584,3.5131,3.2362,3.1448,664439.5829,479707.9757
000523.SZ,20260304,3.57,2.4341,3.3718,12.7723,12.6808,3.4646,3.1915,3.1014,655262.2406,473082.175
000523.SZ,20260303,3.6,4.9752,6.8918,12.8796,12.7874,3.4937,3.2183,3.1274,660768.646,477057.6554
000523.SZ,20260302,3.83,3.4251,4.7446,13.7025,13.6044,3.7169,3.4239,3.3272,702984.4206,507536.339
000523.SZ,20260227,3.9,2.7384,3.7933,13.9529,13.853,3.7848,3.4865,3.388,715832.6998,516812.4601
000523.SZ,20260226,3.88,3.4728,4.8106,13.8813,13.782,3.7654,3.4686,3.3707,712161.7629,514162.1398
000523.SZ,20260225,3.95,4.2407,5.8744,14.1318,14.0306,3.8333,3.5312,3.4315,725010.0421,523438.2608
000523.SZ,20260224,3.92,5.0245,6.9602,14.0244,13.9241,3.8042,3.5044,3.4054,719503.6367,519462.7804
000523.SZ,20260213,3.77,4.3182,5.9818,13.4878,13.3912,3.6586,3.3703,3.2751,691971.6098,499585.3781
000523.SZ,20260212,3.84,5.5179,7.6436,13.7382,13.6399,3.7266,3.4329,3.3359,704819.889,508861.4991
000523.SZ,20260211,3.89,5.454,7.555,13.9171,13.8175,3.7751,3.4776,3.3793,713997.2313,515487.2999
000523.SZ,20260210,4.02,4.9662,6.8794,14.3822,14.2793,3.9013,3.5938,3.4923,737858.3213,532714.3819
000523.SZ,20260209,4.08,7.6553,10.6044,14.5969,14.4924,3.9595,3.6474,3.5444,748871.1321,540665.3428
000523.SZ,20260206,4.07,15.1321,20.9616,14.5611,14.4569,3.9498,3.6385,3.5357,747035.6636,539340.1827
000523.SZ,20260205,4.14,18.5461,25.6908,14.8115,14.7055,4.0177,3.7011,3.5965,759883.9429,548616.3038
000523.SZ,20260204,3.9,4.1807,5.7913,13.9529,13.853,3.7848,3.4865,3.388,715832.6998,516812.4601
000523.SZ,20260203,3.81,3.574,4.9509,13.6309,13.5333,3.6975,3.406,3.3099,699313.4836,504886.0187
000523.SZ,20260202,3.77,5.1704,7.1623,13.4878,13.3912,3.6586,3.3703,3.2751,691971.6098,499585.3781
000523.SZ,20260130,4.0,6.6075,10.2223,14.3107,14.2082,3.8819,3.5759,3.4749,734187.3844,530064.0616
000523.SZ,20260129,4.15,8.5944,13.2963,14.8473,14.741,4.0274,3.71,3.6052,761719.4113,549941.4639
000523.SZ,20260128,3.98,3.407,5.2709,14.2391,14.1372,3.8624,3.558,3.4575,730516.4475,527413.7413
000523.SZ,20260127,4.02,4.8148,7.4489,14.3822,14.2793,3.9013,3.5938,3.4923,737858.3213,532714.3819
000523.SZ,20260126,4.13,5.2294,8.0904,14.7757,14.67,4.008,3.6921,3.5878,758048.4744,547291.1436
000523.SZ,20260123,4.2,7.5295,11.6487,15.0262,14.9186,4.0759,3.7547,3.6487,770896.7536,556567.2647
000523.SZ,20260122,4.16,6.7333,10.4169,14.8831,14.7765,4.0371,3.7189,3.6139,763554.8798,551266.6241
000523.SZ,20260121,4.15,14.7003,22.7424,14.8473,14.741,4.0274,3.71,3.6052,761719.4113,549941.4639
000523.SZ,20260120,4.24,9.3843,14.5183,15.1693,15.0607,4.1148,3.7904,3.6834,778238.6275,561867.9053
000523.SZ,20260119,3.85,3.4293,5.3054,13.774,13.6754,3.7363,3.4418,3.3446,706655.3575,510186.6593
000523.SZ,20260116,3.76,5.0851,7.8671,13.452,13.3557,3.6489,3.3613,3.2664,690136.1413,498260.2179
000523.SZ,20260115,3.87,3.7234,5.7604,13.8456,13.7465,3.7557,3.4597,3.362,710326.2944,512836.9796
000523.SZ,20260114,3.88,5.7452,8.8883,13.8813,13.782,3.7654,3.4686,3.3707,712161.7629,514162.1398
000523.SZ,20260113,3.92,6.7594,10.4574,14.0244,13.9241,3.8042,3.5044,3.4054,719503.6367,519462.7804
000523.SZ,20260112,3.99,7.7902,12.052,14.2749,14.1727,3.8721,3.567,3.4662,732351.9159,528738.9014
000523.SZ,20260109,3.94,10.1389,15.6856,14.096,13.9951,3.8236,3.5223,3.4228,723174.5736,522113.1007
000523.SZ,20260108,3.73,3.7686,5.8304,13.3447,13.2492,3.6198,3.3345,3.2404,684629.736,494284.7374
000523.SZ,20260107,3.7,4.7905,7.4114,13.2374,13.1426,3.5907,3.3077,3.2143,679123.3306,490309.257
000523.SZ,20260106,3.77,7.2364,11.1953,13.4878,13.3912,3.6586,3.3703,3.2751,691971.6098,499585.3781
000523.SZ,20260105,3.82,8.5782,13.2711,13.6667,13.5688,3.7072,3.415,3.3185,701148.9521,506211.1788
000523.SZ,20251231,3.77,5.0801,7.8594,13.4878,13.3912,3.6586,3.3703,3.2751,691971.6098,499585.3781
000523.SZ,20251230,3.84,6.7262,10.4059,13.7382,13.6399,3.7266,3.4329,3.3359,704819.889,508861.4991
000523.SZ,20251229,3.91,12.7908,19.7883,13.9887,13.8885,3.7945,3.4954,3.3967,717668.1683,518137.6202
000523.SZ,20251226,4.05,4.133,6.394,14.4895,14.3858,3.9304,3.6206,3.5183,743364.7267,536689.8624
000523.SZ,20251225,3.68,5.9226,9.1628,13.1658,13.0716,3.5713,3.2898,3.1969,675452.3936,487658.9367
000523.SZ,20251224,3.78,8.8805,13.7389,13.5236,13.4268,3.6684,3.3792,3.2838,693807.0783,500910.5382
000523.SZ,20251223,3.89,15.2828,23.6437,13.9171,13.8175,3.7751,3.4776,3.3793,713997.2313,515487.2999
000523.SZ,20251222,4.1,10.7044,16.5605,14.6684,14.5634,3.9789,3.6653,3.5618,752542.069,543315.6631
000523.SZ,20251219,3.73,6.626,10.251,13.3447,13.2492,3.6198,3.3345,3.2404,684629.736,494284.7374
000523.SZ,20251218,3.39,3.5118,5.4331,12.1283,12.0415,3.2899,3.0306,2.945,622223.8083,449229.2922
000523.SZ,20251217,3.33,3.0745,4.7564,11.9136,11.8283,3.2316,2.9769,2.8929,611210.9975,441278.3313
000523.SZ,20251216,3.32,3.1286,4.8402,11.8778,11.7928,3.2219,2.968,2.8842,609375.5291,439953.1711
000523.SZ,20251215,3.29,3.2511,5.0297,11.7705,11.6863,3.1928,2.9412,2.8581,603869.1237,435977.6907
000523.SZ,20251212,3.21,4.156,6.4296,11.4843,11.4021,3.1152,2.8697,2.7886,589185.376,425376.4094
000523.SZ,20251211,3.34,4.5112,6.9791,11.9494,11.8639,3.2413,2.9859,2.9015,613046.466,442603.4914
000523.SZ,20251210,3.51,3.2017,4.9533,12.5576,12.4677,3.4063,3.1378,3.0492,644249.4298,465131.2141
000523.SZ,20251209,3.55,3.7255,5.7636,12.7007,12.6098,3.4451,3.1736,3.084,651591.3037,470431.8547
000523.SZ,20251208,3.61,4.5105,6.9781,12.9154,12.8229,3.5034,3.2272,3.1361,662604.1144,478382.8156
000523.SZ,20251205,3.59,7.5874,11.7383,12.8438,12.7519,3.484,3.2094,3.1187,658933.1775,475732.4953
000523.SZ,20251204,3.46,3.5828,5.5429,12.3787,12.2901,3.3578,3.0931,3.0058,635072.0875,458505.4133
000523.SZ,20251203,3.58,4.6696,7.2242,12.808,12.7164,3.4743,3.2004,3.11,657097.709,474407.3351
000523.SZ,20251202,3.54,4.5717,7.0727,12.6649,12.5743,3.4354,3.1647,3.0753,649755.8352,469106.6945
000523.SZ,20251201,3.56,6.7829,10.4937,12.7365,12.6453,3.4548,3.1825,3.0927,653426.7721,471757.0148
000523.SZ,20251128,3.47,6.7485,10.4404,12.4145,12.3256,3.3675,3.1021,3.0145,636907.556,459830.5734
000523.SZ,20251127,3.42,11.9154,18.434,12.2356,12.148,3.319,3.0574,2.971,627730.2137,453204.7727
000523.SZ,20251126,3.55,9.3917,14.5298,12.7007,12.6098,3.4451,3.1736,3.084,651591.3037,470431.8547
000523.SZ,20251125,3.23,1.2351,1.9108,11.5559,11.4731,3.1346,2.8875,2.806,592856.3129,428026.7297
000523.SZ,20251124,3.22,1.7431,2.6967,11.5201,11.4376,3.1249,2.8786,2.7973,591020.8444,426701.5696
000523.SZ,20251121,3.22,1.9791,3.0619,11.5201,11.4376,3.1249,2.8786,2.7973,591020.8444,426701.5696
000523.SZ,20251120,3.3,1.3154,2.0351,11.8063,11.7218,3.2025,2.9501,2.8668,605704.5921,437302.8508
000523.SZ,20251119,3.35,1.594,2.466,11.9852,11.8994,3.2511,2.9948,2.9102,614881.9344,443928.6516
000523.SZ,20251118,3.37,1.8223,2.8192,12.0567,11.9704,3.2705,3.0127,2.9276,618552.8714,446578.9719
000523.SZ,20251117,3.41,1.664,2.5744,12.1998,12.1125,3.3093,3.0485,2.9624,625894.7452,451879.6125
000523.SZ,20251114,3.39,2.1273,3.291,12.1283,12.0415,3.2899,3.0306,2.945,622223.8083,449229.2922
000523.SZ,20251113,3.39,1.751,2.709,12.1283,12.0415,3.2899,3.0306,2.945,622223.8083,449229.2922
000523.SZ,20251112,3.38,2.0273,3.1364,12.0925,12.0059,3.2802,3.0216,2.9363,620388.3398,447904.1321
000523.SZ,20251111,3.38,1.5396,2.382,12.0925,12.0059,3.2802,3.0216,2.9363,620388.3398,447904.1321
000523.SZ,20251110,3.36,1.6549,2.5603,12.0209,11.9349,3.2608,3.0038,2.9189,616717.4029,445253.8117
000523.SZ,20251107,3.3,0.9702,1.501,11.8063,11.7218,3.2025,2.9501,2.8668,605704.5921,437302.8508
000523.SZ,20251106,3.29,0.8375,1.2957,11.7705,11.6863,3.1928,2.9412,2.8581,603869.1237,435977.6907
000523.SZ,20251105,3.31,1.4744,2.2811,11.8421,11.7573,3.2122,2.9591,2.8755,607540.0606,438628.011
000523.SZ,20251104,3.28,1.0669,1.6506,11.7347,11.6507,3.1831,2.9322,2.8494,602033.6552,434652.5305
000523.SZ,20251103,3.27,1.2967,2.006,11.699,11.6152,3.1734,2.9233,2.8407,600198.1867,433327.3704
000523.SZ,20251031,3.22,1.1858,1.8345,11.5201,11.4376,3.1249,2.8786,2.7973,591020.8444,426701.5696
000523.SZ,20251030,3.16,0.8323,1.2949,11.3054,11.417,3.0456,2.825,2.9916,580008.0337,418750.6087
000523.SZ,20251029,3.19,0.8691,1.3521,11.4127,11.5253,3.0746,2.8518,3.02,585514.4391,422726.0891
000523.SZ,20251028,3.22,0.7357,1.1446,11.5201,11.6337,3.1035,2.8786,3.0484,591020.8444,426701.5696
000523.SZ,20251027,3.22,1.3153,2.0464,11.5201,11.6337,3.1035,2.8786,3.0484,591020.8444,426701.5696
000523.SZ,20251024,3.23,1.5703,2.4432,11.5559,11.6699,3.1131,2.8875,3.0578,592856.3129,428026.7297
000523.SZ,20251023,3.3,1.3291,2.0678,11.8063,11.9228,3.1806,2.9501,3.1241,605704.5921,437302.8508
000523.SZ,20251022,3.25,1.2869,2.0022,11.6274,11.7421,3.1324,2.9054,3.0768,596527.2498,430677.0501
000523.SZ,20251021,3.23,1.4198,2.209,11.5559,11.6699,3.1131,2.8875,3.0578,592856.3129,428026.7297
000523.SZ,20251020,3.18,0.9215,1.4338,11.377,11.4892,3.0649,2.8428,3.0105,583678.9706,421400.929
000523.SZ,20251017,3.15,1.2997,2.0221,11.2696,11.3808,3.036,2.816,2.9821,578172.5652,417425.4485
000523.SZ,20251016,3.15,0.8631,1.3429,11.2696,11.3808,3.036,2.816,2.9821,578172.5652,417425.4485
000523.SZ,20251015,3.17,0.9719,1.5121,11.3412,11.4531,3.0553,2.8339,3.001,581843.5021,420075.7688
000523.SZ,20251014,3.15,1.1828,1.8403,11.2696,11.3808,3.036,2.816,2.9821,578172.5652,417425.4485
000523.SZ,20251013,3.14,1.146,1.783,11.2339,11.3447,3.0264,2.8071,2.9726,576337.0968,416100.2884
000523.SZ,20251010,3.19,1.1848,1.8434,11.4127,11.5253,3.0746,2.8518,3.02,585514.4391,422726.0891
000523.SZ,20251009,3.17,0.9467,1.4729,11.3412,11.4531,3.0553,2.8339,3.001,581843.5021,420075.7688
000523.SZ,20250930,3.16,0.7692,1.1967,11.3054,11.417,3.0456,2.825,2.9916,580008.0337,418750.6087
000523.SZ,20250929,3.18,0.9877,1.5367,11.377,11.4892,3.0649,2.8428,3.0105,583678.9706,421400.929
000523.SZ,20250926,3.17,0.8318,1.2942,11.3412,11.4531,3.0553,2.8339,3.001,581843.5021,420075.7688
000523.SZ,20250925,3.16,1.0467,1.6285,11.3054,11.417,3.0456,2.825,2.9916,580008.0337,418750.6087
000523.SZ,20250924,3.22,1.0152,1.5794,11.5201,11.6337,3.1035,2.8786,3.0484,591020.8444,426701.5696
000523.SZ,20250923,3.19,2.0611,3.2066,11.4127,11.5253,3.0746,2.8518,3.02,585514.4391,422726.0891
000523.SZ,20250922,3.28,1.2771,1.9869,11.7347,11.8505,3.1613,2.9322,3.1052,602033.6552,434652.5305
000523.SZ,20250919,3.29,1.778,2.7662,11.7705,11.8866,3.1709,2.9412,3.1147,603869.1237,435977.6907
000523.SZ,20250918,3.35,1.9048,2.9636,11.9852,12.1034,3.2288,2.9948,3.1715,614881.9344,443928.6516
000523.SZ,20250917,3.42,1.7777,2.7657,12.2356,12.3563,3.2962,3.0574,3.2377,627730.2137,453204.7727
000523.SZ,20250916,3.48,2.1502,3.3454,12.4503,12.5731,3.3541,3.111,3.2945,638743.0244,461155.7336
000523.SZ,20250915,3.41,1.5139,2.3553,12.1998,12.3202,3.2866,3.0485,3.2283,625894.7452,451879.6125
000523.SZ,20250912,3.41,1.49,2.3182,12.1998,12.3202,3.2866,3.0485,3.2283,625894.7452,451879.6125
000523.SZ,20250911,3.41,1.9964,3.106,12.1998,12.3202,3.2866,3.0485,3.2283,625894.7452,451879.6125
000523.SZ,20250910,3.45,2.1503,3.3455,12.3429,12.4647,3.3251,3.0842,3.2661,633236.619,457180.2531
000523.SZ,20250909,3.44,1.9107,2.9726,12.3072,12.4286,3.3155,3.0753,3.2567,631401.1506,455855.093
000523.SZ,20250908,3.43,2.8181,4.3845,12.2714,12.3925,3.3059,3.0663,3.2472,629565.6821,454529.9328
000523.SZ,20250905,3.4,3.0007,4.6686,12.1641,12.2841,3.277,3.0395,3.2188,624059.2767,450554.4524
000523.SZ,20250904,3.41,4.0962,6.373,12.1998,12.3202,3.2866,3.0485,3.2283,625894.7452,451879.6125
000523.SZ,20250903,3.3,1.6857,2.6227,11.8063,11.9228,3.1806,2.9501,3.1241,605704.5921,437302.8508
000523.SZ,20250902,3.35,2.0245,3.1497,11.9852,12.1034,3.2288,2.9948,3.1715,614881.9344,443928.6516
000523.SZ,20250901,3.31,1.3896,2.162,11.8421,11.9589,3.1902,2.9591,3.1336,607540.0606,438628.011
000523.SZ,20250829,3.27,1.3749,2.1568,11.699,11.8144,3.1517,2.9233,3.0957,600198.1867,433327.3704
000523.SZ,20250828,3.29,2.1237,3.3314,11.7705,12.0049,3.1882,2.9412,3.0216,603869.1237,435977.6907
000523.SZ,20250827,3.28,1.9,2.9806,11.7347,11.9684,3.1785,2.9322,3.0124,602033.6552,434652.5305
000523.SZ,20250826,3.37,1.9372,3.039,12.0567,12.2968,3.2657,3.0127,3.095,618552.8714,446578.9719
000523.SZ,20250825,3.35,1.8975,2.9767,11.9852,12.2239,3.2464,2.9948,3.0767,614881.9344,443928.6516
000523.SZ,20250822,3.33,1.3823,2.1684,11.9136,12.1509,3.227,2.9769,3.0583,611210.9975,441278.3313
000523.SZ,20250821,3.34,1.2722,1.9957,11.9494,12.1874,3.2367,2.9859,3.0675,613046.466,442603.4914
000523.SZ,20250820,3.35,2.0128,3.1575,11.9852,12.2239,3.2464,2.9948,3.0767,614881.9344,443928.6516
000523.SZ,20250819,3.3,1.2493,1.9598,11.8063,12.0414,3.1979,2.9501,3.0307,605704.5921,437302.8508
000523.SZ,20250818,3.29,1.3643,2.1401,11.7705,12.0049,3.1882,2.9412,3.0216,603869.1237,435977.6907
000523.SZ,20250815,3.27,1.0874,1.7057,11.699,11.932,3.1688,2.9233,3.0032,600198.1867,433327.3704
000523.SZ,20250814,3.25,1.4268,2.2383,11.6274,11.859,3.1495,2.9054,2.9848,596527.2498,430677.0501
000523.SZ,20250813,3.31,1.1437,1.7941,11.8421,12.0779,3.2076,2.9591,3.0399,607540.0606,438628.011
000523.SZ,20250812,3.32,1.132,1.7758,11.8778,12.1144,3.2173,2.968,3.0491,609375.5291,439953.1711
000523.SZ,20250811,3.34,1.2783,2.0053,11.9494,12.1874,3.2367,2.9859,3.0675,613046.466,442603.4914
000523.SZ,20250808,3.32,0.9981,1.5657,11.8778,12.1144,3.2173,2.968,3.0491,609375.5291,439953.1711
000523.SZ,20250807,3.32,1.1156,1.7501,11.8778,12.1144,3.2173,2.968,3.0491,609375.5291,439953.1711
000523.SZ,20250806,3.3,1.0438,1.6373,11.8063,12.0414,3.1979,2.9501,3.0307,605704.5921,437302.8508
000523.SZ,20250805,3.32,1.5431,2.4206,11.8778,12.1144,3.2173,2.968,3.0491,609375.5291,439953.1711
000523.SZ,20250804,3.27,0.7302,1.1455,11.699,11.932,3.1688,2.9233,3.0032,600198.1867,433327.3704
000523.SZ,20250801,3.26,0.9158,1.4366,11.6632,11.8955,3.1591,2.9144,2.994,598362.7183,432002.2102
000523.SZ,20250731,3.27,2.0317,3.1871,11.699,11.932,3.1688,2.9233,3.0032,600198.1867,433327.3704
000523.SZ,20250730,3.36,2.1873,3.4312,12.0209,12.2604,3.2561,3.0038,3.0858,616717.4029,445253.8117
000523.SZ,20250729,3.32,1.3601,2.1336,11.8778,12.1144,3.2173,2.968,3.0491,609375.5291,439953.1711
000523.SZ,20250728,3.32,1.1962,1.8764,11.8778,12.1144,3.2173,2.968,3.0491,609375.5291,439953.1711
000523.SZ,20250725,3.33,1.5328,2.4045,11.9136,12.1509,3.227,2.9769,3.0583,611210.9975,441278.3313
000523.SZ,20250724,3.38,2.4638,3.8649,12.0925,12.3333,3.2754,3.0216,3.1042,620388.3398,447904.1321
000523.SZ,20250723,3.27,1.2171,1.9093,11.699,11.932,3.1688,2.9233,3.0032,600198.1867,433327.3704
000523.SZ,20250722,3.3,1.3752,2.1573,11.8063,12.0414,3.1979,2.9501,3.0307,605704.5921,437302.8508
000523.SZ,20250721,3.29,1.3208,2.0719,11.7705,12.0049,3.1882,2.9412,3.0216,603869.1237,435977.6907
000523.SZ,20250718,3.24,0.9677,1.518,11.5916,11.8225,3.1398,2.8965,2.9756,594691.7814,429351.8899
000523.SZ,20250717,3.24,0.9743,1.5284,11.5916,11.8225,3.1398,2.8965,2.9756,594691.7814,429351.8899
000523.SZ,20250716,3.25,0.8231,1.2912,11.6274,11.859,3.1495,2.9054,2.9848,596527.2498,430677.0501
000523.SZ,20250715,3.23,2.0331,3.1893,11.5559,11.786,3.1301,2.8875,2.9664,592856.3129,428026.7297
000523.SZ,20250714,3.32,0.8656,1.3578,11.8778,12.1144,3.2173,2.968,3.0491,609375.5291,439953.1711
000523.SZ,20250711,3.31,1.1552,1.8122,11.8421,12.0779,3.2076,2.9591,3.0399,607540.0606,438628.011
000523.SZ,20250710,3.32,1.2192,1.9126,11.8778,12.1144,3.2173,2.968,3.0491,609375.5291,439953.1711
000523.SZ,20250709,3.31,1.2858,2.017,11.8421,12.0779,3.2076,2.9591,3.0399,607540.0606,438628.011
000523.SZ,20250708,3.3,0.8786,1.3783,11.8063,12.0414,3.1979,2.9501,3.0307,605704.5921,437302.8508
000523.SZ,20250707,3.27,0.8237,1.2921,11.699,11.932,3.1688,2.9233,3.0032,600198.1867,433327.3704
000523.SZ,20250704,3.27,1.0274,1.6117,11.699,11.932,3.1688,2.9233,3.0032,600198.1867,433327.3704
000523.SZ,20250703,3.3,0.8998,1.4116,11.8063,12.0414,3.1979,2.9501,3.0307,605704.5921,437302.8508
000523.SZ,20250702,3.32,1.5097,2.3683,11.8778,12.1144,3.2173,2.968,3.0491,609375.5291,439953.1711
000523.SZ,20250701,3.28,0.8935,1.4016,11.7347,11.9684,3.1785,2.9322,3.0124,602033.6552,434652.5305
000523.SZ,20250630,3.26,1.0685,1.6761,11.6632,11.8955,3.1591,2.9144,2.994,598362.7183,432002.2102
000523.SZ,20250627,3.27,1.1743,1.8422,11.699,11.932,3.1688,2.9233,3.0032,600198.1867,433327.3704
000523.SZ,20250626,3.28,1.5439,2.4219,11.7347,11.9684,3.1785,2.9322,3.0124,602033.6552,434652.5305
000523.SZ,20250625,3.3,1.5339,2.4063,11.8063,12.0414,3.1979,2.9501,3.0307,605704.5921,437302.8508
000523.SZ,20250624,3.3,2.0939,3.2847,11.8063,12.0414,3.1979,2.9501,3.0307,605704.5921,437302.8508
000523.SZ,20250623,3.25,0.9668,1.5166,11.6274,11.859,3.1495,2.9054,2.9848,596527.2498,430677.0501
000523.SZ,20250620,3.22,0.9338,1.4649,11.5201,11.7495,3.1204,2.8786,2.9573,591020.8444,426701.5696
000523.SZ,20250619,3.21,1.3341,2.0928,11.4843,11.713,3.1107,2.8697,2.9481,589185.376,425376.4094
000523.SZ,20250618,3.27,1.0529,1.6516,11.699,11.932,3.1688,2.9233,3.0032,600198.1867,433327.3704
000523.SZ,20250617,3.31,1.1873,1.8624,11.8421,12.0779,3.2076,2.9591,3.0399,607540.0606,438628.011
000523.SZ,20250616,3.32,1.0569,1.6579,11.8778,12.1144,3.2173,2.968,3.0491,609375.5291,439953.1711
000523.SZ,20250613,3.33,1.3623,2.137,11.9136,12.1509,3.227,2.9769,3.0583,611210.9975,441278.3313
000523.SZ,20250612,3.41,1.4365,2.2534,12.1998,12.4428,3.3045,3.0485,3.1318,625894.7452,451879.6125
000523.SZ,20250611,3.43,1.2824,2.0116,12.2714,12.5158,3.3239,3.0663,3.1501,629565.6821,454529.9328
000523.SZ,20250610,3.41,1.883,2.9538,12.1998,12.4428,3.3045,3.0485,3.1318,625894.7452,451879.6125
000523.SZ,20250609,3.45,1.5782,2.4757,12.3429,12.5888,3.3433,3.0842,3.1685,633236.619,457180.2531
000523.SZ,20250606,3.44,1.4912,2.3392,12.3072,12.5523,3.3336,3.0753,3.1593,631401.1506,455855.093
000523.SZ,20250605,3.48,3.2675,5.1257,12.4503,12.6982,3.3723,3.111,3.196,638743.0244,461155.7336
000523.SZ,20250604,3.59,5.4235,8.5078,12.8438,13.0996,3.4789,3.2094,3.2971,658933.1775,475732.4953
000523.SZ,20250603,3.43,1.5416,2.4183,12.2714,12.5158,3.3239,3.0663,3.1501,629565.6821,454529.9328
000523.SZ,20250530,3.38,1.7155,2.6911,12.0925,12.3333,3.2754,3.0216,3.1042,620388.3398,447904.1321
000523.SZ,20250529,3.39,1.5563,2.4414,12.1283,12.3698,3.2851,3.0306,3.1134,622223.8083,449229.2922
000523.SZ,20250528,3.38,1.8498,2.9019,12.0925,12.3333,3.2754,3.0216,3.1042,620388.3398,447904.1321
000523.SZ,20250527,3.35,2.5936,4.0685,11.9852,12.2239,3.2464,2.9948,3.0767,614881.9344,443928.6516
000523.SZ,20250526,3.28,1.1078,1.7378,11.7347,11.9684,3.1785,2.9322,3.0124,602033.6552,434652.5305
000523.SZ,20250523,3.24,1.4973,2.3488,11.5916,11.8225,3.1398,2.8965,2.9756,594691.7814,429351.8899
000523.SZ,20250522,3.32,1.5764,2.473,11.8778,12.1144,3.2173,2.968,3.0491,609375.5291,439953.1711
000523.SZ,20250521,3.44,1.5309,2.4016,12.3072,12.5523,3.3336,3.0753,3.1593,631401.1506,455855.093
000523.SZ,20250520,3.47,2.1115,3.3123,12.4145,12.6617,3.3626,3.1021,3.1869,636907.556,459830.5734
000523.SZ,20250519,3.44,2.4267,3.8068,12.3072,12.5523,3.3336,3.0753,3.1593,631401.1506,455855.093
000523.SZ,20250516,3.36,1.7981,2.8206,12.0209,12.2604,3.2561,3.0038,3.0858,616717.4029,445253.8117
000523.SZ,20250515,3.32,1.4472,2.2703,11.8778,12.1144,3.2173,2.968,3.0491,609375.5291,439953.1711
000523.SZ,20250514,3.3,1.2445,1.9522,11.8063,12.0414,3.1979,2.9501,3.0307,605704.5921,437302.8508
000523.SZ,20250513,3.31,2.0991,3.2929,11.8421,12.0779,3.2076,2.9591,3.0399,607540.0606,438628.011
000523.SZ,20250512,3.29,1.9157,3.0052,11.7705,12.0049,3.1882,2.9412,3.0216,603869.1237,435977.6907
000523.SZ,20250509,3.34,3.3061,5.1863,11.9494,12.1874,3.2367,2.9859,3.0675,613046.466,442603.4914
000523.SZ,20250508,3.27,1.4101,2.212,11.699,11.932,3.1688,2.9233,3.0032,600198.1867,433327.3704
000523.SZ,20250507,3.26,1.7124,2.6862,11.6632,11.8955,3.1591,2.9144,2.994,598362.7183,432002.2102
000523.SZ,20250506,3.22,1.5546,2.4387,11.5201,11.7495,3.1204,2.8786,2.9573,591020.8444,426701.5696
000523.SZ,20250430,3.17,1.7761,2.7861,11.3412,11.5671,3.0719,2.8339,2.9113,581843.5021,420075.7688
000523.SZ,20250429,3.15,3.4071,4.834,11.2696,11.4941,3.0525,2.816,2.893,578172.5652,417425.4485
000523.SZ,20250428,3.33,2.2818,3.2374,11.9136,11.9136,3.1809,2.9769,2.9769,611210.9975,441278.3313
000523.SZ,20250425,3.44,1.5345,2.1772,12.3072,12.3072,3.2859,3.0753,3.0753,631401.1506,455855.093
000523.SZ,20250424,3.46,1.6551,2.3483,12.3787,12.3787,3.305,3.0931,3.0931,635072.0875,458505.4133
000523.SZ,20250423,3.47,1.9452,2.7599,12.4145,12.4145,3.3146,3.1021,3.1021,636907.556,459830.5734
000523.SZ,20250422,3.52,2.067,2.9326,12.5934,12.5934,3.3623,3.1468,3.1468,646084.8983,466456.3742
000523.SZ,20250421,3.54,3.0141,4.2763,12.6649,12.6649,3.3815,3.1647,3.1647,649755.8352,469106.6945
000523.SZ,20250418,3.44,1.7831,2.5299,12.3072,12.3072,3.2859,3.0753,3.0753,631401.1506,455855.093
000523.SZ,20250417,3.47,2.5764,3.6553,12.4145,12.4145,3.3146,3.1021,3.1021,636907.556,459830.5734
000523.SZ,20250416,3.42,2.1353,3.0296,12.2356,12.2356,3.2668,3.0574,3.0574,627730.2137,453204.7727
000523.SZ,20250415,3.44,2.6258,3.7254,12.3072,12.3072,3.2859,3.0753,3.0753,631401.1506,455855.093
000523.SZ,20250414,3.39,1.9926,2.8271,12.1283,12.1283,3.2382,3.0306,3.0306,622223.8083,449229.2922
000523.SZ,20250411,3.34,2.204,3.127,11.9494,11.9494,3.1904,2.9859,2.9859,613046.466,442603.4914
000523.SZ,20250410,3.35,3.0678,4.3526,11.9852,11.9852,3.2,2.9948,2.9948,614881.9344,443928.6516
000523.SZ,20250409,3.29,3.6252,5.1434,11.7705,11.7705,3.1427,2.9412,2.9412,603869.1237,435977.6907
000523.SZ,20250408,3.22,3.4002,4.8242,11.5201,11.5201,3.0758,2.8786,2.8786,591020.8444,426701.5696
000523.SZ,20250407,3.08,3.1724,4.5009,11.0192,11.0192,2.9421,2.7534,2.7534,565324.286,408149.3274
000523.SZ,20250403,3.42,1.8212,2.5839,12.2356,12.2356,3.2668,3.0574,3.0574,627730.2137,453204.7727
000523.SZ,20250402,3.4,1.9551,2.7739,12.1641,12.1641,3.2477,3.0395,3.0395,624059.2767,450554.4524
000523.SZ,20250401,3.41,2.6998,3.8305,12.1998,12.1998,3.2573,3.0485,3.0485,625894.7452,451879.6125
000523.SZ,20250331,3.48,1.5313,2.9426,85.3559,55.0555,4.3443,2.4294,3.0654,638743.0244,624596.6828
000523.SZ,20250328,3.48,1.7817,3.4237,85.3559,55.0555,4.3443,2.4294,3.0654,638743.0244,624596.6828
000523.SZ,20250327,3.51,2.9893,5.7444,86.0918,55.5301,4.3818,2.4503,3.0919,644249.4298,629981.137
000523.SZ,20250326,3.43,1.8766,3.6061,84.1296,54.2645,4.2819,2.3945,3.0214,629565.6821,615622.5925
000523.SZ,20250325,3.41,2.9761,5.7189,83.639,53.948,4.2569,2.3805,3.0038,625894.7452,612032.9564
000523.SZ,20250324,3.55,5.1076,9.815,87.0729,56.1629,4.4317,2.4783,3.1271,651591.3037,637160.4092
000523.SZ,20250321,3.43,2.8739,5.5227,84.1296,54.2645,4.2819,2.3945,3.0214,629565.6821,615622.5925
000523.SZ,20250320,3.41,3.8909,7.4769,83.639,53.948,4.2569,2.3805,3.0038,625894.7452,612032.9564
000523.SZ,20250319,3.44,6.0988,11.7197,84.3748,54.4227,4.2944,2.4015,3.0302,631401.1506,617417.4106
000523.SZ,20250318,3.61,10.1789,19.5602,88.5445,57.1122,4.5066,2.5202,3.18,662604.1144,647929.3175
000523.SZ,20250317,3.67,3.7355,7.1782,90.0162,58.0614,4.5815,2.562,3.2328,673616.9252,658698.2258
000523.SZ,20250314,3.34,0.6502,1.2495,81.9221,52.8406,4.1695,2.3317,2.9421,613046.466,599469.23
000523.SZ,20250313,3.04,0.5546,1.0657,74.5638,48.0944,3.795,2.1222,2.6779,557982.4121,545624.6884
000523.SZ,20250312,3.06,0.7623,1.4648,75.0544,48.4109,3.82,2.1362,2.6955,561653.3491,549214.3245
000523.SZ,20250311,3.04,0.5243,1.0074,74.5638,48.0944,3.795,2.1222,2.6779,557982.4121,545624.6884
000523.SZ,20250310,3.02,0.531,1.0203,74.0733,47.778,3.7701,2.1083,2.6602,554311.4752,542035.0523
000523.SZ,20250307,3.03,0.5259,1.0107,74.3185,47.9362,3.7825,2.1153,2.669,556146.9437,543829.8704
000523.SZ,20250306,3.06,0.6434,1.2365,75.0544,48.4109,3.82,2.1362,2.6955,561653.3491,549214.3245
000523.SZ,20250305,3.05,0.7201,1.3837,74.8091,48.2527,3.8075,2.1292,2.6867,559817.8806,547419.5065
000523.SZ,20250304,3.09,0.4923,0.946,75.7902,48.8855,3.8574,2.1571,2.7219,567159.7544,554598.7787
000523.SZ,20250303,3.09,0.6787,1.3042,75.7902,48.8855,3.8574,2.1571,2.7219,567159.7544,554598.7787
000523.SZ,20250228,3.07,0.8234,1.5823,75.2996,48.5691,3.8325,2.1432,2.7043,563488.8175,551009.1426
000523.SZ,20250227,3.14,1.061,2.0389,77.0166,49.6765,3.9199,2.192,2.7659,576337.0968,563572.869
000523.SZ,20250226,3.1,0.7497,1.5929,76.0355,49.0437,3.8699,2.1641,2.7307,568995.2229,556393.5967
000523.SZ,20250225,3.05,0.6327,1.3444,74.8091,48.2527,3.8075,2.1292,2.6867,559817.8806,547419.5065
000523.SZ,20250224,3.08,1.0882,2.312,75.5449,48.7273,3.845,2.1502,2.7131,565324.286,552803.9606
000523.SZ,20250221,3.08,2.2198,4.7163,75.5449,48.7273,3.845,2.1502,2.7131,565324.286,552803.9606
000523.SZ,20250220,2.98,0.6992,1.4856,73.0922,47.1452,3.7201,2.0804,2.625,546969.6014,534855.7801
000523.SZ,20250219,2.94,0.6694,1.4223,72.1111,46.5124,3.6702,2.0524,2.5898,539627.7275,527676.5079
000523.SZ,20250218,2.94,1.0377,2.2048,72.1111,46.5124,3.6702,2.0524,2.5898,539627.7275,527676.5079
000523.SZ,20250217,3.02,0.8946,1.9008,74.0733,47.778,3.7701,2.1083,2.6602,554311.4752,542035.0523
000523.SZ,20250214,3.0,0.8111,1.7233,73.5827,47.4616,3.7451,2.0943,2.6426,550640.5383,538445.4162
000523.SZ,20250213,3.03,0.7558,1.6059,74.3185,47.9362,3.7825,2.1153,2.669,556146.9437,543829.8704
000523.SZ,20250212,3.04,0.729,1.549,74.5638,48.0944,3.795,2.1222,2.6779,557982.4121,545624.6884
000523.SZ,20250211,3.01,0.863,1.8335,73.828,47.6198,3.7576,2.1013,2.6514,552476.0068,540240.2343
000523.SZ,20250210,3.05,1.2572,2.6711,74.8091,48.2527,3.8075,2.1292,2.6867,559817.8806,547419.5065
000523.SZ,20250207,2.96,1.328,2.8216,72.6016,46.8288,3.6952,2.0664,2.6074,543298.6645,531266.144
000523.SZ,20250206,2.93,1.0728,2.2794,71.8658,46.3542,3.6577,2.0454,2.581,537792.2591,525881.6898
000523.SZ,20250205,2.93,0.769,1.6339,71.8658,46.3542,3.6577,2.0454,2.581,537792.2591,525881.6898
000523.SZ,20250127,2.94,0.9334,1.9832,72.1111,46.5124,3.6702,2.0524,2.5898,539627.7275,527676.5079
000523.SZ,20250124,2.94,0.7176,1.5247,72.1111,46.5124,3.6702,2.0524,2.5898,539627.7275,527676.5079
000523.SZ,20250123,2.9,0.9241,1.9635,71.13,45.8796,3.6203,2.0245,2.5545,532285.8537,520497.2357
000523.SZ,20250122,2.89,0.7672,1.6299,70.8847,45.7214,3.6078,2.0175,2.5457,530450.3852,518702.4176
000523.SZ,20250121,2.93,0.6784,0.9263,71.8658,46.3542,3.6577,2.0454,2.581,537792.2591,525881.6898
000523.SZ,20250120,2.96,0.8994,1.2281,72.6016,46.8288,3.6952,2.0664,2.6074,543298.6645,531266.144
000523.SZ,20250117,2.9,0.5783,0.7897,71.13,45.8796,3.6203,2.0245,2.5545,532285.8537,520497.2357
000523.SZ,20250116,2.92,0.9471,1.2933,71.6205,46.196,3.6452,2.0385,2.5722,535956.7906,524086.8718
000523.SZ,20250115,2.86,0.7405,1.0112,70.1489,45.2468,3.5703,1.9966,2.5193,524943.9798,513317.9634
000523.SZ,20250114,2.86,0.9828,1.3419,70.1489,45.2468,3.5703,1.9966,2.5193,524943.9798,513317.9634
000523.SZ,20250113,2.74,0.9103,1.243,67.2055,43.3483,3.4205,1.9128,2.4136,502918.3583,491780.1468
000523.SZ,20250110,2.74,0.8476,1.1574,67.2055,43.3483,3.4205,1.9128,2.4136,502918.3583,491780.1468
000523.SZ,20250109,2.86,0.7517,1.0264,70.1489,45.2468,3.5703,1.9966,2.5193,524943.9798,513317.9634
000523.SZ,20250108,2.88,0.9592,1.3098,70.6394,45.5632,3.5953,2.0105,2.5369,528614.9168,516907.5996
000523.SZ,20250107,2.88,0.7776,1.0618,70.6394,45.5632,3.5953,2.0105,2.5369,528614.9168,516907.5996
000523.SZ,20250106,2.85,1.0797,1.4744,69.9036,45.0885,3.5578,1.9896,2.5105,523108.5114,511523.1454
000523.SZ,20250103,2.9,1.6234,2.2168,71.13,45.8796,3.6203,2.0245,2.5545,532285.8537,520497.2357
000523.SZ,20250102,3.05,1.5014,2.0501,74.8091,48.2527,3.8075,2.1292,2.6867,559817.8806,547419.5065
000523.SZ,20241231,3.05,1.0626,1.451,74.8091,48.2527,3.8075,2.1292,2.6867,559817.8806,547419.5065
000523.SZ,20241230,3.12,1.5456,2.1105,76.526,49.3601,3.8949,2.1781,2.7483,572666.1598,559983.2328
000523.SZ,20241227,3.24,1.2602,1.7208,79.4693,51.2586,4.0447,2.2619,2.854,594691.7814,581521.0495
000523.SZ,20241226,3.21,1.0497,1.4333,78.7335,50.7839,4.0072,2.2409,2.8276,589185.376,576136.5953
000523.SZ,20241225,3.19,1.147,1.5663,78.243,50.4675,3.9823,2.227,2.81,585514.4391,572546.9592
000523.SZ,20241224,3.26,1.2786,1.7459,79.9599,51.575,4.0697,2.2758,2.8716,598362.7183,585110.6856
000523.SZ,20241223,3.22,2.3595,3.2219,78.9788,50.9421,4.0197,2.2479,2.8364,591020.8444,577931.4134
000523.SZ,20241220,3.46,3.368,4.599,84.8654,54.7391,4.3193,2.4154,3.0478,635072.0875,621007.0467
000523.SZ,20241219,3.36,1.2243,1.6718,82.4126,53.157,4.1945,2.3456,2.9597,616717.4029,603058.8661
000523.SZ,20241218,3.39,1.504,2.0537,83.1485,53.6316,4.232,2.3666,2.9862,622223.8083,608443.3203
000523.SZ,20241217,3.41,2.7079,3.6977,83.639,53.948,4.2569,2.3805,3.0038,625894.7452,612032.9564
000523.SZ,20241216,3.61,2.4988,3.4121,88.5445,57.1122,4.5066,2.5202,3.18,662604.1144,647929.3175
000523.SZ,20241213,3.56,2.3282,3.1791,87.3182,56.3211,4.4442,2.4853,3.1359,653426.7721,638955.2272
000523.SZ,20241212,3.68,2.9373,4.0108,90.2615,58.2196,4.594,2.569,3.2416,675452.3936,660493.0439
000523.SZ,20241211,3.58,2.8425,3.8814,87.8087,56.6375,4.4691,2.4992,3.1535,657097.709,642544.8633
000523.SZ,20241210,3.44,1.9076,2.6048,84.3748,54.4227,4.2944,2.4015,3.0302,631401.1506,617417.4106
000523.SZ,20241209,3.43,1.9576,2.6731,84.1296,54.2645,4.2819,2.3945,3.0214,629565.6821,615622.5925
000523.SZ,20241206,3.5,2.2783,3.111,85.8465,55.3719,4.3693,2.4434,3.0831,642413.9614,628186.3189
000523.SZ,20241205,3.37,1.2881,1.7589,82.6579,53.3152,4.207,2.3526,2.9685,618552.8714,604853.6842
000523.SZ,20241204,3.34,1.692,2.3104,81.9221,52.8406,4.1695,2.3317,2.9421,613046.466,599469.23
000523.SZ,20241203,3.37,1.5891,2.17,82.6579,53.3152,4.207,2.3526,2.9685,618552.8714,604853.6842
000523.SZ,20241202,3.37,1.8703,2.5538,82.6579,53.3152,4.207,2.3526,2.9685,618552.8714,604853.6842
000523.SZ,20241129,3.3,1.6362,2.2343,80.941,52.2078,4.1196,2.3037,2.9069,605704.5921,592289.9578
000523.SZ,20241128,3.22,1.3562,1.8519,78.9788,50.9421,4.0197,2.2479,2.8364,591020.8444,577931.4134
000523.SZ,20241127,3.17,1.166,1.5922,77.7524,50.1511,3.9573,2.213,2.7924,581843.5021,568957.3231
000523.SZ,20241126,3.17,1.063,1.4516,77.7524,50.1511,3.9573,2.213,2.7924,581843.5021,568957.3231
000523.SZ,20241125,3.14,0.994,1.3573,77.0166,49.6765,3.9199,2.192,2.7659,576337.0968,563572.869
000523.SZ,20241122,3.09,1.18,1.6112,75.7902,48.8855,3.8574,2.1571,2.7219,567159.7544,554598.7787
000523.SZ,20241121,3.22,0.9714,1.3265,78.9788,50.9421,4.0197,2.2479,2.8364,591020.8444,577931.4134
000523.SZ,20241120,3.23,1.3183,1.8001,79.2241,51.1004,4.0322,2.2549,2.8452,592856.3129,579726.2314
000523.SZ,20241119,3.16,1.2375,1.6898,77.5071,49.9929,3.9448,2.206,2.7836,580008.0337,567162.5051
000523.SZ,20241118,3.14,1.5912,2.1727,77.0166,49.6765,3.9199,2.192,2.7659,576337.0968,563572.869
000523.SZ,20241115,3.14,1.1037,1.5071,77.0166,49.6765,3.9199,2.192,2.7659,576337.0968,563572.869
000523.SZ,20241114,3.21,1.1437,1.5617,78.7335,50.7839,4.0072,2.2409,2.8276,589185.376,576136.5953
000523.SZ,20241113,3.28,1.4388,1.9647,80.4504,51.8914,4.0946,2.2898,2.8893,602033.6552,588700.3217
000523.SZ,20241112,3.36,1.801,2.4593,82.4126,53.157,4.1945,2.3456,2.9597,616717.4029,603058.8661
000523.SZ,20241111,3.4,2.782,3.7988,83.3937,53.7898,4.2444,2.3736,2.995,624059.2767,610238.1384
000523.SZ,20241108,3.44,3.8565,5.266,84.3748,54.4227,4.2944,2.4015,3.0302,631401.1506,617417.4106
000523.SZ,20241107,3.49,5.48,7.4829,85.6012,55.2137,4.3568,2.4364,3.0743,640578.4929,626391.5008
000523.SZ,20241106,3.31,2.3791,3.2486,81.1863,52.366,4.1321,2.3107,2.9157,607540.0606,594084.7759
000523.SZ,20241105,3.25,1.7638,2.4085,79.7146,51.4168,4.0572,2.2688,2.8628,596527.2498,583315.8676
000523.SZ,20241104,3.2,1.3881,1.8955,78.4882,50.6257,3.9948,2.2339,2.8188,587349.9075,574341.7773
000523.SZ,20241101,3.15,1.6996,2.3208,77.2618,49.8347,3.9323,2.199,2.7748,578172.5652,565367.687
000523.SZ,20241031,3.28,2.6131,3.5682,80.4504,51.8914,4.0946,2.2898,2.8893,602033.6552,588700.3217
000523.SZ,20241030,3.18,1.4098,1.9251,77.9977,50.3093,3.9698,2.22,2.8012,583678.9706,570752.1412
000523.SZ,20241029,3.14,2.2677,3.8309,77.0166,51.6236,3.9866,2.192,2.397,576337.0968,563572.869
000523.SZ,20241028,3.26,2.9779,5.0307,79.9599,53.5964,4.139,2.2758,2.4886,598362.7183,585110.6856
000523.SZ,20241025,3.03,1.2767,2.1568,74.3185,49.8151,3.847,2.1153,2.313,556146.9437,543829.8704
000523.SZ,20241024,2.97,0.8262,1.3957,72.8469,48.8287,3.7708,2.0734,2.2672,545134.1329,533060.962
000523.SZ,20241023,2.93,0.9157,1.547,71.8658,48.171,3.72,2.0454,2.2367,537792.2591,525881.6898
000523.SZ,20241022,2.9,1.0804,1.8252,71.13,47.6778,3.6819,2.0245,2.2138,532285.8537,520497.2357
000523.SZ,20241021,2.83,0.9097,1.5368,69.413,46.527,3.5931,1.9756,2.1604,519437.5745,507933.5093
000523.SZ,20241018,2.85,1.06,1.7906,69.9036,46.8558,3.6184,1.9896,2.1756,523108.5114,511523.1454
000523.SZ,20241017,2.81,0.715,1.2079,68.9225,46.1982,3.5677,1.9617,2.1451,515766.6375,504343.8732
000523.SZ,20241016,2.85,0.7373,1.2456,69.9036,46.8558,3.6184,1.9896,2.1756,523108.5114,511523.1454
000523.SZ,20241015,2.86,0.9574,1.6174,70.1489,47.0202,3.6311,1.9966,2.1833,524943.9798,513317.9634
000523.SZ,20241014,2.9,0.9562,1.6153,71.13,47.6778,3.6819,2.0245,2.2138,532285.8537,520497.2357
000523.SZ,20241011,2.83,1.0436,1.763,69.413,46.527,3.5931,1.9756,2.1604,519437.5745,507933.5093
000523.SZ,20241010,2.84,1.422,2.4023,69.6583,46.6914,3.6057,1.9826,2.168,521273.0429,509728.3273
000523.SZ,20241009,2.88,2.0484,3.4605,70.6394,47.349,3.6565,2.0105,2.1985,528614.9168,516907.5996
000523.SZ,20241008,3.2,3.8511,6.5059,78.4882,52.61,4.0628,2.2339,2.4428,587349.9075,574341.7773
000523.SZ,20240930,3.21,3.9304,6.6398,78.7335,52.7744,4.0755,2.2409,2.4504,589185.376,576136.5953
000523.SZ,20240927,3.0,3.3008,5.5762,73.5827,49.3219,3.8089,2.0943,2.2901,550640.5383,538445.4162
000523.SZ,20240926,2.92,1.6956,2.8644,71.6205,48.0066,3.7073,2.0385,2.2291,535956.7906,524086.8718
000523.SZ,20240925,2.65,0.9701,1.6388,64.9981,43.5677,3.3645,1.85,2.0229,486399.1422,475626.7843
000523.SZ,20240924,2.58,0.6006,1.0147,63.2811,42.4168,3.2756,1.8011,1.9695,473550.8629,463063.0579
000523.SZ,20240923,2.46,0.2384,0.4027,60.3378,40.4439,3.1233,1.7173,1.8779,451525.2414,441525.2413
000523.SZ,20240920,2.46,0.2644,0.4467,60.3378,40.4439,3.1233,1.7173,1.8779,451525.2414,441525.2413
000523.SZ,20240919,2.47,0.7092,1.1981,60.5831,40.6083,3.136,1.7243,1.8855,453360.7099,443320.0593
000523.SZ,20240918,2.39,0.3822,0.6457,58.6209,39.2931,3.0344,1.6685,1.8245,438676.9622,428961.5149
000523.SZ,20240913,2.44,0.6546,0.9685,59.8473,40.1151,3.0979,1.7034,1.8626,447854.3045,383511.8134
000523.SZ,20240912,2.42,0.2201,0.3256,59.3567,39.7863,3.0725,1.6894,1.8474,444183.3676,380368.2739
000523.SZ,20240911,2.41,0.2624,0.4239,59.1114,39.6219,3.0598,1.6824,1.8397,442347.8991,322165.9714
000523.SZ,20240910,2.46,0.4801,0.7757,60.3378,40.4439,3.1233,1.7173,1.8779,451525.2414,328849.9127
000523.SZ,20240909,2.45,0.3631,0.5866,60.0925,40.2795,3.1106,1.7104,1.8703,449689.7729,327513.1244
000523.SZ,20240906,2.47,0.3683,0.595,60.5831,40.6083,3.136,1.7243,1.8855,453360.7099,330186.701
000523.SZ,20240905,2.52,0.3132,0.506,61.8095,41.4304,3.1995,1.7592,1.9237,462538.0522,336870.6423
000523.SZ,20240904,2.49,0.4043,0.6531,61.0737,40.9372,3.1614,1.7383,1.9008,457031.6468,332860.2775
000523.SZ,20240903,2.53,0.4363,0.7048,62.0548,41.5948,3.2122,1.7662,1.9313,464373.5206,338207.4305
000523.SZ,20240902,2.53,0.5672,0.9164,62.0548,41.5948,3.2122,1.7662,1.9313,464373.5206,338207.4305
000523.SZ,20240830,2.59,0.4552,0.7354,63.5264,42.5812,3.2883,1.8081,1.9771,475386.3314,346228.1601
000523.SZ,20240829,2.56,0.2721,0.4396,62.7906,42.088,3.2503,1.7871,1.9542,469879.926,342217.7953
000523.SZ,20240828,2.55,0.3743,0.6048,62.5453,41.9236,3.2376,1.7802,1.9466,468044.4576,340881.0071
000523.SZ,20240827,2.52,0.3657,0.5908,61.8095,41.4304,3.1995,1.7592,1.9237,462538.0522,336870.6423
000523.SZ,20240826,2.55,0.3689,0.5855,62.5453,50.4532,3.2846,1.7802,1.8455,468044.4576,351083.8016
000523.SZ,20240823,2.54,0.2532,0.4018,62.3,50.2554,3.2717,1.7732,1.8383,466208.9891,349707.0024
000523.SZ,20240822,2.56,0.2145,0.3405,62.7906,50.6511,3.2975,1.7871,1.8527,469879.926,352460.6008
000523.SZ,20240821,2.58,0.287,0.4555,63.2811,51.0468,3.3233,1.8011,1.8672,473550.8629,355214.1993
000523.SZ,20240820,2.62,0.3013,0.4881,64.2622,51.8382,3.3748,1.829,1.8961,480892.7368,360721.3962
000523.SZ,20240819,2.64,0.2351,0.3808,64.7528,52.2339,3.4005,1.843,1.9106,484563.6737,363474.9946
000523.SZ,20240816,2.65,0.226,0.366,64.9981,52.4318,3.4134,1.85,1.9179,486399.1422,364851.7938
000523.SZ,20240815,2.67,0.3505,0.5677,65.4886,52.8275,3.4392,1.8639,1.9323,490070.0791,367605.3923
000523.SZ,20240814,2.64,0.2803,0.454,64.7528,52.2339,3.4005,1.843,1.9106,484563.6737,363474.9946
000523.SZ,20240813,2.66,0.3283,0.5318,65.2433,52.6296,3.4263,1.857,1.9251,488234.6106,366228.5931
000523.SZ,20240812,2.63,0.3095,0.5012,64.5075,52.0361,3.3877,1.836,1.9034,482728.2052,362098.1954
000523.SZ,20240809,2.67,0.495,0.8017,65.4886,52.8275,3.4392,1.8639,1.9323,490070.0791,367605.3923
000523.SZ,20240808,2.66,0.5154,0.8349,65.2433,52.6296,3.4263,1.857,1.9251,488234.6106,366228.5931
000523.SZ,20240807,2.62,0.2815,0.456,64.2622,51.8382,3.3748,1.829,1.8961,480892.7368,360721.3962
000523.SZ,20240806,2.65,0.4644,0.7522,64.9981,52.4318,3.4134,1.85,1.9179,486399.1422,364851.7938
000523.SZ,20240805,2.6,0.6668,1.0801,63.7717,51.4425,3.349,1.8151,1.8817,477221.7999,357967.7977
000523.SZ,20240802,2.64,0.4215,0.6827,64.7528,52.2339,3.4005,1.843,1.9106,484563.6737,363474.9946
000523.SZ,20240801,2.65,0.3789,0.6137,64.9981,52.4318,3.4134,1.85,1.9179,486399.1422,364851.7938
000523.SZ,20240731,2.66,0.5934,0.9611,65.2433,52.6296,3.4263,1.857,1.9251,488234.6106,366228.5931
000523.SZ,20240730,2.61,0.4952,0.802,64.017,51.6404,3.3619,1.8221,1.8889,479057.2683,359344.5969
000523.SZ,20240729,2.56,0.3291,0.5331,62.7906,50.6511,3.2975,1.7871,1.8527,469879.926,352460.6008
000523.SZ,20240726,2.55,0.3627,0.5874,62.5453,50.4532,3.2846,1.7802,1.8455,468044.4576,351083.8016
000523.SZ,20240725,2.52,0.3745,0.6066,61.8095,49.8597,3.246,1.7592,1.8238,462538.0522,346953.4039
000523.SZ,20240724,2.48,0.5276,0.8546,60.8284,49.0682,3.1944,1.7313,1.7948,455196.1783,341446.2071
000523.SZ,20240723,2.53,0.5225,0.8462,62.0548,50.0575,3.2589,1.7662,1.831,464373.5206,348330.2032
000523.SZ,20240722,2.59,0.411,0.6658,63.5264,51.2446,3.3361,1.8081,1.8744,475386.3314,356590.9985
000523.SZ,20240719,2.63,0.4536,0.7347,64.5075,52.0361,3.3877,1.836,1.9034,482728.2052,362098.1954
000523.SZ,20240718,2.63,0.5142,0.8329,64.5075,52.0361,3.3877,1.836,1.9034,482728.2052,362098.1954
000523.SZ,20240717,2.67,0.4797,0.777,65.4886,52.8275,3.4392,1.8639,1.9323,490070.0791,367605.3923
000523.SZ,20240716,2.67,0.483,0.7822,65.4886,52.8275,3.4392,1.8639,1.9323,490070.0791,367605.3923
000523.SZ,20240715,2.72,0.8168,1.323,66.715,53.8168,3.5036,1.8988,1.9685,499247.4214,374489.3884
000523.SZ,20240712,2.76,0.8701,1.4092,67.6961,54.6082,3.5551,1.9268,1.9975,506589.2952,379996.5853
000523.SZ,20240711,2.69,0.8819,1.4284,65.9792,53.2232,3.4649,1.8779,1.9468,493741.016,370358.9907
000523.SZ,20240710,2.66,0.4759,0.7708,65.2433,52.6296,3.4263,1.857,1.9251,488234.6106,366228.5931
000523.SZ,20240709,2.68,0.4326,0.7037,65.7339,53.0253,3.4521,1.8709,1.9396,491905.5475,368982.1915
000523.SZ,20240708,2.64,0.4256,0.6924,64.7528,52.2339,3.4005,1.843,1.9106,484563.6737,363474.9946
000523.SZ,20240705,2.68,0.4379,0.7124,65.7339,53.0253,3.4521,1.8709,1.9396,491905.5475,368982.1915
000523.SZ,20240704,2.65,0.482,0.7841,64.9981,52.4318,3.4134,1.85,1.9179,486399.1422,364851.7938
000523.SZ,20240703,2.74,0.4906,0.7981,67.2055,54.2125,3.5294,1.9128,1.983,502918.3583,377242.9868
000523.SZ,20240702,2.76,0.6822,1.1099,67.6961,54.6082,3.5551,1.9268,1.9975,506589.2952,379996.5853
000523.SZ,20240701,2.69,0.5805,0.9445,65.9792,53.2232,3.4649,1.8779,1.9468,493741.016,370358.9907
000523.SZ,20240628,2.59,0.4133,0.6723,63.5264,51.2446,3.3361,1.8081,1.8744,475386.3314,356590.9985
000523.SZ,20240627,2.6,0.5078,0.8261,63.7717,51.4425,3.349,1.8151,1.8817,477221.7999,357967.7977
000523.SZ,20240626,2.66,0.5458,0.8879,65.2433,52.6296,3.4263,1.857,1.9251,488234.6106,366228.5931
000523.SZ,20240625,2.6,0.7278,1.1841,63.7717,51.4425,3.349,1.8151,1.8817,477221.7999,357967.7977
000523.SZ,20240624,2.56,0.6193,1.0076,62.7906,50.6511,3.2975,1.7871,1.8527,469879.926,352460.6008
000523.SZ,20240621,2.66,0.4866,0.7917,65.2433,52.6296,3.4263,1.857,1.9251,488234.6106,366228.5931
000523.SZ,20240620,2.67,0.6092,0.9911,65.4886,52.8275,3.4392,1.8639,1.9323,490070.0791,367605.3923
000523.SZ,20240619,2.74,0.4599,0.7482,67.2055,54.2125,3.5294,1.9128,1.983,502918.3583,377242.9868
000523.SZ,20240618,2.78,0.4712,0.7666,68.1866,55.0039,3.5809,1.9407,2.0119,510260.2322,382750.1837
000523.SZ,20240617,2.79,0.4379,0.7125,68.4319,55.2018,3.5938,1.9477,2.0192,512095.7006,384126.9829
000523.SZ,20240614,2.82,0.4416,0.7184,69.1677,55.7953,3.6324,1.9687,2.0409,517602.106,388257.3806
000523.SZ,20240613,2.8,0.5918,0.9627,68.6772,55.3996,3.6066,1.9547,2.0264,513931.1691,385503.7822
000523.SZ,20240612,2.86,0.4443,0.7228,70.1489,56.5868,3.6839,1.9966,2.0698,524943.9798,393764.5775
000523.SZ,20240611,2.83,0.4581,0.7453,69.413,55.9932,3.6453,1.9756,2.0481,519437.5745,389634.1798
000523.SZ,20240607,2.85,0.6513,1.0596,69.9036,56.3889,3.671,1.9896,2.0626,523108.5114,392387.7783
000523.SZ,20240606,2.79,1.2197,1.9843,68.4319,55.2018,3.5938,1.9477,2.0192,512095.7006,384126.9829
000523.SZ,20240605,2.95,0.8719,1.4185,72.3563,58.3675,3.7998,2.0594,2.135,541463.196,406155.7705
000523.SZ,20240604,2.99,0.678,1.103,73.3374,59.1589,3.8514,2.0873,2.1639,548805.0698,411662.9674
000523.SZ,20240603,3.01,0.6291,1.0235,73.828,59.5546,3.8771,2.1013,2.1784,552476.0068,414416.5658
000523.SZ,20240531,3.07,0.4352,0.708,75.2996,60.7417,3.9544,2.1432,2.2218,563488.8175,422677.3612
000523.SZ,20240530,3.09,0.4138,0.6732,75.7902,61.1374,3.9802,2.1571,2.2363,567159.7544,425430.9596
000523.SZ,20240529,3.09,0.5134,0.8352,75.7902,61.1374,3.9802,2.1571,2.2363,567159.7544,425430.9596
000523.SZ,20240528,3.09,0.4486,0.7298,75.7902,61.1374,3.9802,2.1571,2.2363,567159.7544,425430.9596
000523.SZ,20240527,3.13,0.6389,1.0395,76.7713,61.9289,4.0317,2.1851,2.2652,574501.6283,430938.1565
000523.SZ,20240524,3.11,0.4003,0.6512,76.2807,61.5331,4.0059,2.1711,2.2508,570830.6914,428184.558
000523.SZ,20240523,3.14,0.6397,1.0407,77.0166,62.1267,4.0446,2.192,2.2725,576337.0968,432314.9557
000523.SZ,20240522,3.2,0.5058,0.8228,78.4882,63.3139,4.1219,2.2339,2.3159,587349.9075,440575.751
000523.SZ,20240521,3.22,0.5209,0.8475,78.9788,63.7096,4.1476,2.2479,2.3304,591020.8444,443329.3495
000523.SZ,20240520,3.25,0.6291,0.9816,79.7146,64.3031,4.1863,2.2688,2.3521,596527.2498,447459.7472
000523.SZ,20240517,3.26,0.709,1.1064,79.9599,64.501,4.1992,2.2758,2.3593,598362.7183,448836.5464
000523.SZ,20240516,3.21,0.7183,1.1208,78.7335,63.5117,4.1348,2.2409,2.3231,589185.376,441952.5503
000523.SZ,20240515,3.24,0.7638,1.1918,79.4693,64.1053,4.1734,2.2619,2.3449,594691.7814,446082.9479
000523.SZ,20240514,3.27,1.1241,1.754,80.2052,64.6988,4.212,2.2828,2.3666,600198.1867,450213.3456
000523.SZ,20240513,3.16,0.9522,1.4858,77.5071,62.5224,4.0703,2.206,2.287,580008.0337,435068.5542
000523.SZ,20240510,3.25,0.9463,1.4766,79.7146,64.3031,4.1863,2.2688,2.3521,596527.2498,447459.7472
000523.SZ,20240509,3.3,1.5347,2.3948,80.941,65.2924,4.2507,2.3037,2.3883,605704.5921,454343.7433
000523.SZ,20240508,3.25,0.7607,1.187,79.7146,64.3031,4.1863,2.2688,2.3521,596527.2498,447459.7472
000523.SZ,20240507,3.24,0.7738,1.2075,79.4693,64.1053,4.1734,2.2619,2.3449,594691.7814,446082.9479
000523.SZ,20240506,3.25,0.8133,1.2691,79.7146,64.3031,4.1863,2.2688,2.3521,596527.2498,447459.7472
000523.SZ,20240430,3.18,1.0657,1.6629,77.9977,62.9181,4.0961,2.22,2.3014,583678.9706,437822.1526
000523.SZ,20240429,3.13,0.8791,1.3718,76.7713,61.9289,4.0317,2.1851,2.2652,574501.6283,430938.1565
000523.SZ,20240426,3.08,0.7836,1.2227,75.5449,60.9396,3.9673,2.1502,2.2291,565324.286,424054.1604
000523.SZ,20240425,3.08,0.8872,1.3005,75.5449,60.9396,3.9673,2.1502,2.2291,565324.286,424054.1604
000523.SZ,20240424,3.05,0.7538,1.1049,74.8091,74.8091,3.9955,2.1292,2.1292,559817.8806,419923.7627
000523.SZ,20240423,2.98,0.6408,0.9392,73.0922,73.0922,3.9038,2.0804,2.0804,546969.6014,410286.1682
000523.SZ,20240422,2.98,0.6414,0.9401,73.0922,73.0922,3.9038,2.0804,2.0804,546969.6014,410286.1682
000523.SZ,20240419,2.97,0.698,1.0231,72.8469,72.8469,3.8907,2.0734,2.0734,545134.1329,408909.3689
000523.SZ,20240418,3.0,0.8147,1.1941,73.5827,73.5827,3.93,2.0943,2.0943,550640.5383,413039.7666
000523.SZ,20240417,3.04,1.0487,1.5371,74.5638,74.5638,3.9824,2.1222,2.1222,557982.4121,418546.9635
000523.SZ,20240416,2.87,1.7004,2.4925,70.3941,70.3941,3.7597,2.0036,2.0036,526779.4483,395141.3767
000523.SZ,20240415,3.09,1.3451,1.9717,75.7902,75.7902,4.0479,2.1571,2.1571,567159.7544,425430.9596
000523.SZ,20240412,3.18,0.6827,1.0006,77.9977,77.9977,4.1658,2.22,2.22,583678.9706,437822.1526
000523.SZ,20240411,3.22,0.8409,1.2325,78.9788,78.9788,4.2182,2.2479,2.2479,591020.8444,443329.3495
000523.SZ,20240410,3.2,1.1497,1.6852,78.4882,78.4882,4.192,2.2339,2.2339,587349.9075,440575.751
000523.SZ,20240409,3.27,1.2772,1.8721,80.2052,80.2052,4.2837,2.2828,2.2828,600198.1867,450213.3456
000523.SZ,20240408,3.3,1.7311,2.5373,80.941,80.941,4.323,2.3037,2.3037,605704.5921,454343.7433
000523.SZ,20240403,3.35,1.3402,1.9645,82.1674,82.1674,4.3885,2.3387,2.3387,614881.9344,461227.7394
000523.SZ,20240402,3.28,0.9326,1.367,80.4504,80.4504,4.2968,2.2898,2.2898,602033.6552,451590.1448
000523.SZ,20240401,3.28,0.7741,1.1346,,,4.587,2.4196,2.2659,602033.6552,451603.829
000523.SZ,20240329,3.22,0.5438,0.7971,,,4.5031,2.3753,2.2244,591020.8444,443342.7833
000523.SZ,20240328,3.16,0.7353,1.0777,,,4.4192,2.331,2.183,580008.0337,435081.7377
000523.SZ,20240327,3.16,0.8143,1.1935,,,4.4192,2.331,2.183,580008.0337,435081.7377
000523.SZ,20240326,3.24,0.857,1.2561,,,4.531,2.3901,2.2382,594691.7814,446096.4652
000523.SZ,20240325,3.24,0.9156,1.342,,,4.531,2.3901,2.2382,594691.7814,446096.4652
000523.SZ,20240322,3.26,0.9601,1.4072,,,4.559,2.4048,2.2521,598362.7183,448850.1471
000523.SZ,20240321,3.28,0.7929,1.1623,,,4.587,2.4196,2.2659,602033.6552,451603.829
000523.SZ,20240320,3.24,0.842,1.2342,,,4.531,2.3901,2.2382,594691.7814,446096.4652
000523.SZ,20240319,3.24,0.8156,1.1955,,,4.531,2.3901,2.2382,594691.7814,446096.4652
000523.SZ,20240318,3.23,0.9015,1.3214,,,4.517,2.3827,2.2313,592856.3129,444719.6243
000523.SZ,20240315,3.17,0.6543,0.959,,,4.4331,2.3384,2.1899,581843.5021,436458.5786
000523.SZ,20240314,3.14,0.8253,1.2096,,,4.3912,2.3163,2.1692,576337.0968,432328.0558
000523.SZ,20240313,3.16,1.2278,1.7996,,,4.4192,2.331,2.183,580008.0337,435081.7377
000523.SZ,20240312,3.08,1.0306,1.5105,,,4.3073,2.272,2.1277,565324.286,424067.0101
000523.SZ,20240311,3.05,0.544,0.7973,,,4.2653,2.2499,2.107,559817.8806,419936.4873
000523.SZ,20240308,3.02,0.6808,0.9978,,,4.2234,2.2278,2.0863,554311.4752,415805.9645
000523.SZ,20240307,3.05,1.1071,1.6227,,,4.2653,2.2499,2.107,559817.8806,419936.4873
000523.SZ,20240306,3.02,0.6456,0.9463,,,4.2234,2.2278,2.0863,554311.4752,415805.9645
000523.SZ,20240305,3.02,0.8842,1.2961,,,4.2234,2.2278,2.0863,554311.4752,415805.9645
000523.SZ,20240304,3.02,0.7483,1.0653,,,4.2234,2.2278,2.0863,554311.4752,415805.9645
000523.SZ,20240301,3.03,0.8232,1.1719,,,4.2374,2.2351,2.0932,556146.9437,417182.8054
000523.SZ,20240229,3.06,1.5277,2.1746,,,4.2793,2.2573,2.1139,561653.3491,421313.3283
000523.SZ,20240228,2.95,1.8045,2.5688,,,4.1255,2.1761,2.0379,541463.196,406168.0779
000523.SZ,20240227,3.07,1.2305,1.7517,,,4.2933,2.2646,2.1208,563488.8175,422690.1692
000523.SZ,20240226,3.02,1.3189,1.8774,,,4.2234,2.2278,2.0863,554311.4752,415805.9645
000523.SZ,20240223,3.03,1.3092,1.8637,,,4.2374,2.2351,2.0932,556146.9437,417182.8054
000523.SZ,20240222,3.0,1.335,1.9004,,,4.1954,2.213,2.0724,550640.5383,413052.2826
000523.SZ,20240221,2.97,1.8921,2.6934,,,4.1534,2.1909,2.0517,545134.1329,408921.7598
000523.SZ,20240220,2.94,1.763,2.5096,,,4.1115,2.1687,2.031,539627.7275,404791.2369
000523.SZ,20240219,2.85,1.0994,1.565,,,3.9856,2.1024,1.9688,523108.5114,392399.6685
000523.SZ,20240208,2.82,1.1656,1.6592,,,3.9437,2.0802,1.9481,517602.106,388269.1456
000523.SZ,20240207,2.66,1.1678,1.6623,,,3.7199,1.9622,1.8376,488234.6106,366239.6906
000523.SZ,20240206,2.74,1.3956,1.9867,,,3.8318,2.0212,1.8928,502918.3583,377254.4181
000523.SZ,20240205,2.61,1.5129,2.1536,,,3.65,1.9253,1.803,479057.2683,359355.4859
000523.SZ,20240202,2.79,1.4386,2.0478,,,3.9017,2.0581,1.9274,512095.7006,384138.6228
000523.SZ,20240201,2.83,0.9974,1.4198,,,3.9577,2.0876,1.955,519437.5745,389645.9866
000523.SZ,20240131,2.88,1.3215,1.8811,,,4.0276,2.1245,1.9895,528614.9168,396530.1913
000523.SZ,20240130,3.0,1.2473,1.7755,,,4.1954,2.213,2.0724,550640.5383,413052.2826
000523.SZ,20240129,3.05,1.5716,2.2372,,,4.2653,2.2499,2.107,559817.8806,419936.4873
000523.SZ,20240126,3.18,2.2076,3.1426,,,4.4471,2.3458,2.1968,583678.9706,437835.4196
000523.SZ,20240125,3.11,1.8947,2.6972,,,4.3492,2.2942,2.1484,570830.6914,428197.533
000523.SZ,20240124,3.02,2.1347,3.0388,,,4.2234,2.2278,2.0863,554311.4752,415805.9645
000523.SZ,20240123,2.97,2.4908,3.5457,,,4.1534,2.1909,2.0517,545134.1329,408921.7598
000523.SZ,20240122,2.82,2.1659,3.0832,,,3.9437,2.0802,1.9481,517602.106,388269.1456
000523.SZ,20240119,3.03,1.5433,2.1969,,,4.2374,2.2351,2.0932,556146.9437,417182.8054
000523.SZ,20240118,3.09,3.1813,4.5287,,,4.3213,2.2794,2.1346,567159.7544,425443.8511
000523.SZ,20240117,3.11,4.3769,6.2306,,,4.3492,2.2942,2.1484,570830.6914,428197.533
000523.SZ,20240116,3.3,7.4724,10.6372,,,4.6149,2.4343,2.2797,605704.5921,454357.5109
000523.SZ,20240115,3.28,1.7253,2.456,,,4.587,2.4196,2.2659,602033.6552,451603.829
000523.SZ,20240112,2.98,0.8219,1.17,,,4.1674,2.1983,2.0586,546969.6014,410298.6007
000523.SZ,20240111,3.02,0.7531,1.072,,,4.2234,2.2278,2.0863,554311.4752,415805.9645
000523.SZ,20240110,3.0,1.1477,1.6338,,,4.1954,2.213,2.0724,550640.5383,413052.2826
000523.SZ,20240109,2.99,1.0425,1.484,,,4.1814,2.2056,2.0655,548805.0698,411675.4417
000523.SZ,20240108,3.01,0.7586,1.0799,,,4.2094,2.2204,2.0794,552476.0068,414429.1235
000523.SZ,20240105,3.05,1.3803,1.9649,,,4.2653,2.2499,2.107,559817.8806,419936.4873
000523.SZ,20240104,3.1,0.7613,1.0837,,,4.3352,2.2868,2.1415,568995.2229,426820.692
000523.SZ,20240103,3.12,1.2726,1.8116,,,4.3632,2.3015,2.1553,572666.1598,429574.3739
000523.SZ,20240102,3.11,1.5453,2.1998,,,4.3492,2.2942,2.1484,570830.6914,428197.533
000523.SZ,20231229,3.14,2.5485,3.6278,,,4.3912,2.3163,2.1692,576337.0968,432328.0558
000523.SZ,20231228,3.1,1.3226,1.8828,,,4.3352,2.2868,2.1415,568995.2229,426820.692
000523.SZ,20231227,3.08,1.3827,1.9683,,,4.3073,2.272,2.1277,565324.286,424067.0101
000523.SZ,20231226,3.08,1.644,2.3403,,,4.3073,2.272,2.1277,565324.286,424067.0101
000523.SZ,20231225,3.16,2.5488,3.6282,,,4.4192,2.331,2.183,580008.0337,435081.7377
000523.SZ,20231222,3.28,3.2156,4.5774,,,4.587,2.4196,2.2659,602033.6552,451603.829
000523.SZ,20231221,3.3,2.1827,3.1071,,,4.6149,2.4343,2.2797,605704.5921,454357.5109
000523.SZ,20231220,3.29,2.9412,4.1869,,,4.601,2.4269,2.2728,603869.1237,452980.6699
000523.SZ,20231219,3.37,3.025,4.3062,,,4.7128,2.4859,2.328,618552.8714,463995.3975
000523.SZ,20231218,3.45,3.1324,4.4591,,,4.8247,2.545,2.3833,633236.619,475010.125
000523.SZ,20231215,3.46,3.715,5.2884,,,4.8387,2.5523,2.3902,635072.0875,476386.9659
000523.SZ,20231214,3.52,4.2046,5.9853,,,4.9226,2.5966,2.4317,646084.8983,484648.0116
000523.SZ,20231213,3.57,6.3455,9.0329,,,4.9925,2.6335,2.4662,655262.2406,491532.2163
000523.SZ,20231212,3.65,6.6667,9.4901,,,5.1044,2.6925,2.5215,669945.9883,502546.9438
000523.SZ,20231211,3.66,9.3126,13.2567,,,5.1184,2.6999,2.5284,671781.4567,503923.7848
000523.SZ,20231208,3.48,5.6284,8.0122,,,4.8667,2.5671,2.404,638743.0244,479140.6478
000523.SZ,20231207,3.33,1.1501,1.6371,,,4.6569,2.4564,2.3004,611210.9975,458488.0337
000523.SZ,20231206,3.34,1.4223,2.0247,,,4.6709,2.4638,2.3073,613046.466,459864.8746
000523.SZ,20231205,3.31,1.1053,1.5734,,,4.6289,2.4417,2.2866,607540.0606,455734.3518
000523.SZ,20231204,3.31,0.7451,1.0607,,,4.6289,2.4417,2.2866,607540.0606,455734.3518
000523.SZ,20231201,3.31,0.7781,1.1077,,,4.6289,2.4417,2.2866,607540.0606,455734.3518
000523.SZ,20231130,3.28,0.6041,0.86,,,4.587,2.4196,2.2659,602033.6552,451603.829
000523.SZ,20231129,3.28,0.5218,0.7428,,,4.587,2.4196,2.2659,602033.6552,451603.829
000523.SZ,20231128,3.3,0.7994,1.1379,,,4.6149,2.4343,2.2797,605704.5921,454357.5109
000523.SZ,20231127,3.25,0.7063,1.0054,,,4.545,2.3974,2.2451,596527.2498,447473.3062
000523.SZ,20231124,3.26,0.6465,0.9204,,,4.559,2.4048,2.2521,598362.7183,448850.1471
000523.SZ,20231123,3.26,0.6437,0.9164,,,4.559,2.4048,2.2521,598362.7183,448850.1471
000523.SZ,20231122,3.26,0.9611,1.3681,,,4.559,2.4048,2.2521,598362.7183,448850.1471
000523.SZ,20231121,3.24,0.8081,1.1503,,,4.531,2.3901,2.2382,594691.7814,446096.4652
000523.SZ,20231120,3.23,0.5701,0.8115,,,4.517,2.3827,2.2313,592856.3129,444719.6243
000523.SZ,20231117,3.21,0.5456,0.7766,,,4.4891,2.3679,2.2175,589185.376,441965.9424
000523.SZ,20231116,3.2,0.6123,0.8716,,,4.4751,2.3605,2.2106,587349.9075,440589.1014
000523.SZ,20231115,3.19,0.5772,0.8216,,,4.4611,2.3532,2.2037,585514.4391,439212.2605
000523.SZ,20231114,3.19,0.6762,0.9626,,,4.4611,2.3532,2.2037,585514.4391,439212.2605
000523.SZ,20231113,3.21,0.6491,0.924,,,4.4891,2.3679,2.2175,589185.376,441965.9424
000523.SZ,20231110,3.16,0.453,0.6449,,,4.4192,2.331,2.183,580008.0337,435081.7377
000523.SZ,20231109,3.17,0.5589,0.7957,,,4.4331,2.3384,2.1899,581843.5021,436458.5786
000523.SZ,20231108,3.19,0.539,0.7672,,,4.4611,2.3532,2.2037,585514.4391,439212.2605
000523.SZ,20231107,3.22,0.6364,0.906,,,4.5031,2.3753,2.2244,591020.8444,443342.7833
000523.SZ,20231106,3.21,0.5225,0.7437,,,4.4891,2.3679,2.2175,589185.376,441965.9424
000523.SZ,20231103,3.19,0.3721,0.5296,,,4.4611,2.3532,2.2037,585514.4391,439212.2605
000523.SZ,20231102,3.19,0.4693,0.6681,,,4.4611,2.3532,2.2037,585514.4391,439212.2605
000523.SZ,20231101,3.21,0.5888,0.8382,,,4.4891,2.3679,2.2175,589185.376,441965.9424
000523.SZ,20231031,3.2,0.524,0.5796,,,4.4751,2.3605,2.2106,587349.9075,440589.1014
000523.SZ,20231030,3.19,0.4636,0.5129,,,3.7789,2.3532,2.3308,585514.4391,439212.2605
000523.SZ,20231027,3.18,0.6322,0.6994,,,3.767,2.3458,2.3235,583678.9706,437835.4196
000523.SZ,20231026,3.12,0.3872,0.4283,,,3.6959,2.3015,2.2796,572666.1598,429574.3739
000523.SZ,20231025,3.11,0.5205,0.5758,,,3.6841,2.2942,2.2723,570830.6914,428197.533
000523.SZ,20231024,3.09,0.5316,0.5881,,,3.6604,2.2794,2.2577,567159.7544,425443.8511
000523.SZ,20231023,3.0,0.5592,0.6187,,,3.5538,2.213,2.192,550640.5383,413052.2826
000523.SZ,20231020,3.07,0.4782,0.5291,,,3.6367,2.2646,2.2431,563488.8175,422690.1692
000523.SZ,20231019,3.06,0.3677,0.4067,,,3.6249,2.2573,2.2358,561653.3491,421313.3283
000523.SZ,20231018,3.08,0.4293,0.4749,,,3.6486,2.272,2.2504,565324.286,424067.0101
000523.SZ,20231017,3.13,0.4297,0.4754,,,3.7078,2.3089,2.2869,574501.6283,430951.2148
000523.SZ,20231016,3.15,0.5305,0.5869,,,3.7315,2.3237,2.3016,578172.5652,433704.8967
000523.SZ,20231013,3.18,0.6926,0.7662,,,3.767,2.3458,2.3235,583678.9706,437835.4196
000523.SZ,20231012,3.24,0.4649,0.5143,,,3.8381,2.3901,2.3673,594691.7814,446096.4652
000523.SZ,20231011,3.22,0.408,0.4514,,,3.8144,2.3753,2.3527,591020.8444,443342.7833
000523.SZ,20231010,3.22,0.3759,0.4158,,,3.8144,2.3753,2.3527,591020.8444,443342.7833
000523.SZ,20231009,3.21,0.5629,0.6227,,,3.8026,2.3679,2.3454,589185.376,441965.9424
000523.SZ,20230928,3.21,0.4347,0.4809,,,3.8026,2.3679,2.3454,589185.376,441965.9424
000523.SZ,20230927,3.2,0.4325,0.4785,,,3.7907,2.3605,2.3381,587349.9075,440589.1014
000523.SZ,20230926,3.2,0.4147,0.4588,,,3.7907,2.3605,2.3381,587349.9075,440589.1014
000523.SZ,20230925,3.2,0.4735,0.5238,,,3.7907,2.3605,2.3381,587349.9075,440589.1014
000523.SZ,20230922,3.22,0.6398,0.7078,,,3.8144,2.3753,2.3527,591020.8444,443342.7833
000523.SZ,20230921,3.18,0.4384,0.485,,,3.767,2.3458,2.3235,583678.9706,437835.4196
000523.SZ,20230920,3.19,0.7517,0.8316,,,3.7789,2.3532,2.3308,585514.4391,439212.2605
000523.SZ,20230919,3.27,1.0178,1.126,,,3.8736,2.4122,2.3892,600198.1867,450226.988
000523.SZ,20230918,3.3,1.8519,2.0487,,,3.9092,2.4343,2.4112,605704.5921,454357.5109
000523.SZ,20230915,3.19,0.5877,0.6502,,,3.7789,2.3532,2.3308,585514.4391,439212.2605
000523.SZ,20230914,3.15,0.5448,0.6027,,,3.7315,2.3237,2.3016,578172.5652,433704.8967
000523.SZ,20230913,3.19,0.5922,0.6551,,,3.7789,2.3532,2.3308,585514.4391,439212.2605
000523.SZ,20230912,3.24,0.4204,0.4651,,,3.8381,2.3901,2.3673,594691.7814,446096.4652
000523.SZ,20230911,3.23,0.4352,0.4814,,,3.8262,2.3827,2.36,592856.3129,444719.6243
000523.SZ,20230908,3.19,0.5071,0.561,,,3.7789,2.3532,2.3308,585514.4391,439212.2605
000523.SZ,20230907,3.22,0.5676,0.6279,,,3.8144,2.3753,2.3527,591020.8444,443342.7833
000523.SZ,20230906,3.28,0.5355,0.5924,,,3.8855,2.4196,2.3965,602033.6552,451603.829
000523.SZ,20230905,3.23,0.4909,0.543,,,3.8262,2.3827,2.36,592856.3129,444719.6243
000523.SZ,20230904,3.28,0.7852,0.8686,,,3.8855,2.4196,2.3965,602033.6552,451603.829
000523.SZ,20230901,3.21,0.4599,0.5088,,,3.8026,2.3679,2.3454,589185.376,441965.9424
000523.SZ,20230831,3.2,0.7588,0.8394,,,3.7907,2.3605,2.3381,587349.9075,440589.1014
000523.SZ,20230830,3.26,0.5673,0.6276,,,3.8276,2.4048,2.4171,598362.7183,448848.4747
000523.SZ,20230829,3.3,0.7205,0.797,,,3.8746,2.4343,2.4467,605704.5921,454355.818
000523.SZ,20230828,3.24,0.9226,1.0206,,,3.8041,2.3901,2.4023,594691.7814,446094.8031
000523.SZ,20230825,3.2,0.7325,0.8104,,,3.7572,2.3605,2.3726,587349.9075,440587.4598
000523.SZ,20230824,3.22,0.4579,0.5065,,,3.7806,2.3753,2.3874,591020.8444,443341.1315
000523.SZ,20230823,3.21,0.4404,0.4872,,,3.7689,2.3679,2.38,589185.376,441964.2957
000523.SZ,20230822,3.27,1.0819,1.1969,,,3.8394,2.4122,2.4245,600198.1867,450225.3105
000523.SZ,20230821,3.32,0.5081,0.5621,,,3.8981,2.4491,2.4616,609375.5291,457109.4896
000523.SZ,20230818,3.35,0.5602,0.6197,,,3.9333,2.4712,2.4838,614881.9344,461239.997
000523.SZ,20230817,3.4,0.5205,0.5758,,,3.992,2.5081,2.5209,624059.2767,468124.1761
000523.SZ,20230816,3.38,0.6743,0.7459,,,3.9685,2.4933,2.5061,620388.3398,465370.5045
000523.SZ,20230815,3.43,0.5091,0.5632,,,4.0272,2.5302,2.5431,629565.6821,472254.6835
000523.SZ,20230814,3.45,0.7769,0.8595,,,4.0507,2.545,2.558,633236.619,475008.3551
000523.SZ,20230811,3.43,0.6496,0.7186,,,4.0272,2.5302,2.5431,629565.6821,472254.6835
000523.SZ,20230810,3.48,0.537,0.5941,,,4.0859,2.5671,2.5802,638743.0244,479138.8626
000523.SZ,20230809,3.49,0.7318,0.8096,,,4.0977,2.5745,2.5876,640578.4929,480515.6984
000523.SZ,20230808,3.54,1.0444,1.1554,,,4.1564,2.6114,2.6247,649755.8352,487399.8774
000523.SZ,20230807,3.5,0.9092,1.0058,,,4.1094,2.5818,2.595,642413.9614,481892.5342
000523.SZ,20230804,3.53,0.9785,1.0824,,,4.1446,2.604,2.6173,647920.3667,486023.0416
000523.SZ,20230803,3.55,0.8483,0.9384,,,4.1681,2.6187,2.6321,651591.3037,488776.7133
000523.SZ,20230802,3.56,1.2082,1.3366,,,4.1798,2.6261,2.6395,653426.7721,490153.5491
000523.SZ,20230801,3.59,1.3797,1.5263,,,4.2151,2.6482,2.6618,658933.1775,494284.0565
000523.SZ,20230731,3.64,2.2126,2.4477,,,4.2738,2.6851,2.6988,668110.5198,501168.2356
000523.SZ,20230728,3.55,1.6709,1.8485,,,4.1681,2.6187,2.6321,651591.3037,488776.7133
000523.SZ,20230727,3.51,2.7212,3.0103,,,4.1211,2.5892,2.6024,644249.4298,483269.37
000523.SZ,20230726,3.57,4.7874,5.2961,,,4.1916,2.6335,2.6469,655262.2406,491530.3849
000523.SZ,20230725,3.37,0.8845,0.9784,,,3.9568,2.4859,2.4986,618552.8714,463993.6686
000523.SZ,20230724,3.33,0.5531,0.6119,,,3.9098,2.4564,2.469,611210.9975,458486.3254
000523.SZ,20230721,3.36,1.144,1.2655,,,3.945,2.4786,2.4912,616717.4029,462616.8328
000523.SZ,20230720,3.28,0.57,0.6306,,,3.8511,2.4196,2.4319,602033.6552,451602.1463
000523.SZ,20230719,3.31,0.4142,0.4583,,,3.8863,2.4417,2.4542,607540.0606,455732.6538
000523.SZ,20230718,3.32,0.4873,0.5391,,,3.8981,2.4491,2.4616,609375.5291,457109.4896
000523.SZ,20230717,3.32,0.6253,0.6917,,,3.8981,2.4491,2.4616,609375.5291,457109.4896
000523.SZ,20230714,3.33,0.8076,0.8934,,,3.9098,2.4564,2.469,611210.9975,458486.3254
000523.SZ,20230713,3.39,0.7226,0.7994,,,3.9802,2.5007,2.5135,622223.8083,466747.3403
000523.SZ,20230712,3.33,0.7231,0.8,,,3.9098,2.4564,2.469,611210.9975,458486.3254
000523.SZ,20230711,3.36,0.6938,0.7676,,,3.945,2.4786,2.4912,616717.4029,462616.8328
000523.SZ,20230710,3.37,1.3978,1.5464,,,3.9568,2.4859,2.4986,618552.8714,463993.6686
000523.SZ,20230707,3.29,1.1612,1.2846,,,3.8628,2.4269,2.4393,603869.1237,452978.9821
000523.SZ,20230706,3.36,1.8192,2.0125,,,3.945,2.4786,2.4912,616717.4029,462616.8328
000523.SZ,20230705,3.25,1.1055,1.223,,,3.8159,2.3974,2.4097,596527.2498,447471.6389
000523.SZ,20230704,3.28,0.6268,0.6934,,,3.8511,2.4196,2.4319,602033.6552,451602.1463
000523.SZ,20230703,3.29,1.2977,1.4356,,,3.8628,2.4269,2.4393,603869.1237,452978.9821
000523.SZ,20230630,3.24,1.5686,1.7353,,,3.8041,2.3901,2.4023,594691.7814,446094.8031
000523.SZ,20230629,3.18,0.3572,0.3952,,,3.7337,2.3458,2.3578,583678.9706,437833.7882
000523.SZ,20230628,3.18,0.4728,0.523,,,3.7337,2.3458,2.3578,583678.9706,437833.7882
000523.SZ,20230627,3.21,0.5157,0.5705,,,3.7689,2.3679,2.38,589185.376,441964.2957
000523.SZ,20230626,3.13,0.6428,0.7111,,,3.675,2.3089,2.3207,574501.6283,430949.6092
000523.SZ,20230621,3.2,0.6388,0.7066,,,3.7572,2.3605,2.3726,587349.9075,440587.4598
000523.SZ,20230620,3.22,0.5949,0.6581,,,3.7806,2.3753,2.3874,591020.8444,443341.1315
000523.SZ,20230619,3.27,0.9684,1.0713,,,3.8394,2.4122,2.4245,600198.1867,450225.3105
000523.SZ,20230616,3.35,0.8005,0.8856,,,3.9333,2.4712,2.4838,614881.9344,461239.997
000523.SZ,20230615,3.35,1.2009,1.3285,,,3.9333,2.4712,2.4838,614881.9344,461239.997
000523.SZ,20230614,3.44,1.4113,1.5612,,,4.039,2.5376,2.5505,631401.1506,473631.5193
000523.SZ,20230613,3.37,1.0555,1.1676,,,3.9568,2.4859,2.4986,618552.8714,463993.6686
000523.SZ,20230612,3.39,1.8113,2.0038,,,3.9802,2.5007,2.5135,622223.8083,466747.3403
000523.SZ,20230609,3.33,2.8132,3.1122,,,3.9098,2.4564,2.469,611210.9975,458486.3254
000523.SZ,20230608,3.21,0.4804,0.5315,,,3.7689,2.3679,2.38,589185.376,441964.2957
000523.SZ,20230607,3.24,0.4288,0.4744,,,3.8041,2.3901,2.4023,594691.7814,446094.8031
000523.SZ,20230606,3.24,0.8466,0.9365,,,3.8041,2.3901,2.4023,594691.7814,446094.8031
000523.SZ,20230605,3.31,1.3212,1.4616,,,3.8863,2.4417,2.4542,607540.0606,455732.6538
000523.SZ,20230602,3.23,0.5253,0.5811,,,3.7924,2.3827,2.3948,592856.3129,444717.9673
000523.SZ,20230601,3.2,0.7644,0.8456,,,3.7572,2.3605,2.3726,587349.9075,440587.4598
000523.SZ,20230531,3.24,0.8619,0.9535,,,3.8041,2.3901,2.4023,594691.7814,446094.8031
000523.SZ,20230530,3.21,0.8294,0.9175,,,3.7689,2.3679,2.38,589185.376,441964.2957
000523.SZ,20230529,3.22,0.8854,0.9795,,,3.7806,2.3753,2.3874,591020.8444,443341.1315
000523.SZ,20230526,3.29,0.7928,0.877,,,3.8628,2.4269,2.4393,603869.1237,452978.9821
000523.SZ,20230525,3.27,1.5642,1.7304,,,3.8394,2.4122,2.4245,600198.1867,450225.3105
000523.SZ,20230524,3.33,1.9575,2.1655,,,3.9098,2.4564,2.469,611210.9975,458486.3254
000523.SZ,20230523,3.44,2.8053,3.1034,,,4.039,2.5376,2.5505,631401.1506,473631.5193
000523.SZ,20230522,3.43,1.606,1.7766,,,4.0272,2.5302,2.5431,629565.6821,472254.6835
000523.SZ,20230519,3.38,1.626,1.7988,,,3.9685,2.4933,2.5061,620388.3398,465370.5045
000523.SZ,20230518,3.43,2.566,2.8387,,,4.0272,2.5302,2.5431,629565.6821,472254.6835
000523.SZ,20230517,3.51,4.4056,4.8738,,,4.1211,2.5892,2.6024,644249.4298,483269.37
000523.SZ,20230516,3.68,8.1542,9.0206,,,4.3207,2.7146,2.7285,675452.3936,506675.5788
000523.SZ,20230515,3.61,0.7397,0.8183,,,4.2386,2.663,2.6766,662604.1144,497037.7281
000523.SZ,20230512,3.28,0.5399,0.5972,,,3.8511,2.4196,2.4319,602033.6552,451602.1463
000523.SZ,20230511,3.27,0.4677,0.5173,,,3.8394,2.4122,2.4245,600198.1867,450225.3105
000523.SZ,20230510,3.23,0.2886,0.3193,,,3.7924,2.3827,2.3948,592856.3129,444717.9673
000523.SZ,20230509,3.23,0.3861,0.4271,,,3.7924,2.3827,2.3948,592856.3129,444717.9673
000523.SZ,20230508,3.28,0.3945,0.4365,,,3.8511,2.4196,2.4319,602033.6552,451602.1463
000523.SZ,20230505,3.3,0.4537,0.5019,,,3.8746,2.4343,2.4467,605704.5921,454355.818
000523.SZ,20230504,3.34,1.0514,1.253,,,3.9215,2.4638,2.4764,613046.466,459863.1612
000523.SZ,20230428,3.2,0.4138,0.4932,,,3.7644,2.3605,2.3605,587349.9075,440587.4598
000523.SZ,20230427,3.13,0.2997,0.3571,,,3.6821,2.3089,2.3089,574501.6283,430949.6092
000523.SZ,20230426,3.13,0.3338,0.3978,,,3.6821,2.3089,2.3089,574501.6283,430949.6092
000523.SZ,20230425,3.09,0.427,0.5088,,,3.635,2.2794,2.2794,567159.7544,425442.2659
000523.SZ,20230424,3.13,0.4007,0.4775,,,3.6821,2.3089,2.3089,574501.6283,430949.6092
000523.SZ,20230421,3.15,0.4525,0.5393,,,3.7056,2.3237,2.3237,578172.5652,433703.2808
000523.SZ,20230420,3.17,0.4187,0.4989,,,3.7291,2.3384,2.3384,581843.5021,436456.9524
000523.SZ,20230419,3.22,0.3548,0.4228,,,3.7879,2.3753,2.3753,591020.8444,443341.1315
000523.SZ,20230418,3.24,0.3476,0.4142,,,3.8115,2.3901,2.3901,594691.7814,446094.8031
000523.SZ,20230417,3.27,0.3149,0.3753,,,3.8468,2.4122,2.4122,600198.1867,450225.3105
000523.SZ,20230414,3.28,0.3628,0.4324,,,3.8585,2.4196,2.4196,602033.6552,451602.1463
000523.SZ,20230413,3.27,0.4045,0.482,,,3.8468,2.4122,2.4122,600198.1867,450225.3105
000523.SZ,20230412,3.32,0.5704,0.6798,,,3.9056,2.4491,2.4491,609375.5291,457109.4896
000523.SZ,20230411,3.29,0.5195,0.6191,,,3.8703,2.4269,2.4269,603869.1237,452978.9821
000523.SZ,20230410,3.26,0.6264,0.7465,,,3.835,2.4048,2.4048,598362.7183,448848.4747
000523.SZ,20230407,3.32,0.664,0.7912,,,3.9056,2.4491,2.4491,609375.5291,457109.4896
000523.SZ,20230406,3.26,0.461,0.5494,,,3.835,2.4048,2.4048,598362.7183,448848.4747
000523.SZ,20230404,3.26,0.7149,0.852,,,3.835,2.4048,2.4048,598362.7183,448848.4747
000523.SZ,20230403,3.32,0.8128,0.9686,,,3.9056,2.4491,2.4491,609375.5291,457109.4896
000523.SZ,20230331,3.37,0.7807,0.9304,,,3.9644,2.4859,2.4859,618552.8714,463993.6686
000523.SZ,20230330,3.28,0.8695,1.0361,4.1365,3.9325,3.7768,2.3285,2.41,602033.6552,451602.1463
000523.SZ,20230329,3.36,0.3218,0.3835,4.2374,4.0284,3.8689,2.3853,2.4688,616717.4029,462616.8328
000523.SZ,20230328,3.34,0.4992,0.5949,4.2122,4.0044,3.8459,2.3711,2.4541,613046.466,459863.1612
000523.SZ,20230327,3.38,0.5173,0.6165,4.2626,4.0524,3.8919,2.3994,2.4835,620388.3398,465370.5045
000523.SZ,20230324,3.43,0.4687,0.5585,4.3257,4.1123,3.9495,2.4349,2.5202,629565.6821,472254.6835
000523.SZ,20230323,3.42,0.4046,0.4822,4.313,4.1003,3.938,2.4278,2.5129,627730.2137,470877.8477
000523.SZ,20230322,3.45,0.4807,0.5728,4.3509,4.1363,3.9725,2.4491,2.5349,633236.619,475008.3551
000523.SZ,20230321,3.46,0.475,0.5661,4.3635,4.1483,3.984,2.4562,2.5423,635072.0875,476385.191
000523.SZ,20230320,3.38,0.5464,0.6511,4.2626,4.0524,3.8919,2.3994,2.4835,620388.3398,465370.5045
000523.SZ,20230317,3.4,0.4985,0.5941,4.2878,4.0764,3.915,2.4136,2.4982,624059.2767,468124.1761
000523.SZ,20230316,3.38,0.6024,0.7179,4.2626,4.0524,3.8919,2.3994,2.4835,620388.3398,465370.5045
000523.SZ,20230315,3.48,0.5255,0.6262,4.3887,4.1723,4.0071,2.4704,2.557,638743.0244,479138.8626
000523.SZ,20230314,3.46,0.7667,0.9137,3.8332,3.6442,5.5712,2.1578,2.2333,557897.3664,476385.191
000523.SZ,20230313,3.45,0.776,0.9248,3.8222,3.6337,5.5551,2.1515,2.2269,556284.9462,475008.3551
000523.SZ,20230310,3.51,0.7357,0.8768,3.8886,3.6968,5.6517,2.1889,2.2656,565959.467,483269.37
000523.SZ,20230309,3.57,0.8685,1.035,3.9551,3.76,5.7483,2.2264,2.3043,575633.9878,491530.3849
000523.SZ,20230308,3.63,0.9356,1.115,4.0216,3.8232,5.8449,2.2638,2.3431,585308.5086,499791.3998
000523.SZ,20230307,3.62,1.3692,1.6317,4.0105,3.8127,5.8288,2.2575,2.3366,583696.0885,498414.5639
000523.SZ,20230306,3.76,2.1448,2.556,4.1656,3.9602,6.0543,2.3448,2.427,606269.9704,517690.2653
000523.SZ,20230303,3.61,0.5869,0.6994,3.9994,3.8022,5.8127,2.2513,2.3302,582083.6684,497037.7281
000523.SZ,20230302,3.58,0.6917,0.8243,3.9662,3.7706,5.7644,2.2326,2.3108,577246.408,492907.2207
000523.SZ,20230301,3.62,0.8257,0.984,4.0105,3.8127,5.8288,2.2575,2.3366,583696.0885,498414.5639
000523.SZ,20230228,3.56,0.5333,0.6355,3.944,3.7495,5.7322,2.2201,2.2979,574021.5677,490153.5491
000523.SZ,20230227,3.52,0.6367,0.7588,3.8997,3.7074,5.6678,2.1952,2.2721,567571.8872,484646.2058
000523.SZ,20230224,3.57,0.7119,0.8484,3.9551,3.76,5.7483,2.2264,2.3043,575633.9878,491530.3849
000523.SZ,20230223,3.6,0.6988,0.8328,3.9883,3.7916,5.7966,2.2451,2.3237,580471.2482,495660.8923
000523.SZ,20230222,3.59,0.7044,0.8395,3.9773,3.7811,5.7805,2.2388,2.3173,578858.8281,494284.0565
000523.SZ,20230221,3.63,1.1786,1.4046,4.0216,3.8232,5.8449,2.2638,2.3431,585308.5086,499791.3998
000523.SZ,20230220,3.6,1.3231,1.5767,3.9883,3.7916,5.7966,2.2451,2.3237,580471.2482,495660.8923
000523.SZ,20230217,3.57,2.6984,3.2158,3.9551,3.76,5.7483,2.2264,2.3043,575633.9878,491530.3849
000523.SZ,20230216,3.68,1.7681,2.107,4.077,3.8759,5.9254,2.295,2.3753,593370.6093,506675.5788
000523.SZ,20230215,3.79,2.2687,2.7036,4.1988,3.9917,6.1026,2.3636,2.4464,611107.2308,521820.7727
000523.SZ,20230214,3.78,2.3859,2.8433,4.1877,3.9812,6.0865,2.3573,2.4399,609494.8107,520443.9369
000523.SZ,20230213,3.8,4.6277,5.5149,4.2099,4.0023,6.1187,2.3698,2.4528,612719.6509,523197.6086
000523.SZ,20230210,3.54,1.5695,1.8704,3.9219,3.7284,5.7,2.2076,2.285,570796.7274,487399.8774
000523.SZ,20230209,3.46,0.6724,0.8014,3.8332,3.6442,5.5712,2.1578,2.2333,557897.3664,476385.191
000523.SZ,20230208,3.41,0.6252,0.7451,3.7778,3.5915,5.4907,2.1266,2.2011,549835.2657,469501.0119
000523.SZ,20230207,3.47,0.6439,0.7673,3.8443,3.6547,5.5873,2.164,2.2398,559509.7865,477762.0268
000523.SZ,20230206,3.45,0.7081,0.8438,3.8222,3.6337,5.5551,2.1515,2.2269,556284.9462,475008.3551
000523.SZ,20230203,3.47,0.7564,0.9014,3.8443,3.6547,5.5873,2.164,2.2398,559509.7865,477762.0268
000523.SZ,20230202,3.51,0.8087,0.9637,3.8886,3.6968,5.6517,2.1889,2.2656,565959.467,483269.37
000523.SZ,20230201,3.53,1.1083,1.3208,3.9108,3.7179,5.6839,2.2014,2.2785,569184.3073,486023.0416
000523.SZ,20230131,3.5,0.7816,0.9315,3.8775,3.6863,5.6356,2.1827,2.2592,564347.0469,481892.5342
000523.SZ,20230130,3.49,1.3824,1.6474,3.8665,3.6758,5.6195,2.1765,2.2527,562734.6268,480515.6984
000523.SZ,20230120,3.42,0.8309,0.9903,3.7889,3.6021,5.5068,2.1328,2.2075,551447.6858,470877.8477
000523.SZ,20230119,3.36,0.7074,0.843,3.7224,3.5389,5.4102,2.0954,2.1688,541773.165,462616.8328
000523.SZ,20230118,3.32,0.5936,0.7074,3.6781,3.4967,5.3458,2.0704,2.143,535323.4845,457109.4896
000523.SZ,20230117,3.34,1.2492,1.4887,3.7003,3.5178,5.378,2.0829,2.1559,538548.3248,459863.1612
000523.SZ,20230116,3.46,0.8727,1.04,3.8332,3.6442,5.5712,2.1578,2.2333,557897.3664,476385.191
000523.SZ,20230113,3.42,0.7889,0.9401,3.7889,3.6021,5.5068,2.1328,2.2075,551447.6858,470877.8477
000523.SZ,20230112,3.4,1.1741,1.3992,3.7668,3.581,5.4746,2.1203,2.1946,548222.8456,468124.1761
000523.SZ,20230111,3.45,1.2796,1.5249,3.8222,3.6337,5.5551,2.1515,2.2269,556284.9462,475008.3551
000523.SZ,20230110,3.51,1.649,1.9651,3.8886,3.6968,5.6517,2.1889,2.2656,565959.467,483269.37
000523.SZ,20230109,3.61,1.5466,1.8431,3.9994,3.8022,5.8127,2.2513,2.3302,582083.6684,497037.7281
000523.SZ,20230106,3.61,2.9778,3.5488,3.9994,3.8022,5.8127,2.2513,2.3302,582083.6684,497037.7281
000523.SZ,20230105,3.77,2.4847,2.9611,4.1767,3.9707,6.0704,2.3511,2.4334,607882.3905,519067.1011
000523.SZ,20230104,3.78,2.3884,2.8463,4.1877,3.9812,6.0865,2.3573,2.4399,609494.8107,520443.9369
000523.SZ,20230103,3.82,3.5617,4.2446,4.2321,4.0233,6.1509,2.3823,2.4657,615944.4912,525951.2802
000523.SZ,20221230,3.84,4.0955,4.8807,4.2542,4.0444,6.1831,2.3947,2.4786,619169.3315,528704.9518
000523.SZ,20221229,4.02,5.2314,6.2344,4.4536,4.234,6.4729,2.507,2.5948,648192.8939,553487.9964
000523.SZ,20221228,4.12,5.6033,6.6775,4.5644,4.3393,6.6339,2.5693,2.6594,664317.0952,567256.3545
000523.SZ,20221227,4.16,10.4459,12.4486,4.6087,4.3814,6.6983,2.5943,2.6852,670766.7757,572763.6978
000523.SZ,20221226,4.27,3.9178,4.6689,4.7306,4.4973,6.8754,2.6629,2.7562,688503.3972,587908.8917
000523.SZ,20221223,3.88,4.2133,5.021,4.2985,4.0865,6.2475,2.4197,2.5044,625619.012,534212.2951
000523.SZ,20221222,4.02,6.2263,7.42,4.4536,4.234,6.4729,2.507,2.5948,648192.8939,553487.9964
000523.SZ,20221221,4.18,6.5252,7.7762,4.6309,4.4025,6.7305,2.6068,2.6981,673991.616,575517.3694
000523.SZ,20221220,3.99,4.524,5.3913,4.4204,4.2024,6.4246,2.4883,2.5754,643355.6335,549357.489
000523.SZ,20221219,4.06,8.8632,10.5624,4.498,4.2761,6.5373,2.5319,2.6206,654642.5744,558995.3397
000523.SZ,20221216,4.04,7.4314,8.8562,4.4758,4.2551,6.5051,2.5195,2.6077,651417.7341,556241.668
000523.SZ,20221215,3.67,1.6358,1.9494,4.0659,3.8654,5.9093,2.2887,2.3689,591758.1892,505298.743
000523.SZ,20221214,3.79,2.2297,2.6572,4.1988,3.9917,6.1026,2.3636,2.4464,611107.2308,521820.7727
000523.SZ,20221213,3.7,1.7953,2.1395,4.0991,3.897,5.9576,2.3074,2.3883,596595.4496,509429.2504
000523.SZ,20221212,3.6,1.2773,1.5222,3.9883,3.7916,5.7966,2.2451,2.3237,580471.2482,495660.8923
000523.SZ,20221209,3.61,1.6674,1.9871,3.9994,3.8022,5.8127,2.2513,2.3302,582083.6684,497037.7281
000523.SZ,20221208,3.7,1.8409,2.1938,4.0991,3.897,5.9576,2.3074,2.3883,596595.4496,509429.2504
000523.SZ,20221207,3.76,3.587,4.2748,4.1656,3.9602,6.0543,2.3448,2.427,606269.9704,517690.2653
000523.SZ,20221206,3.9,5.5379,6.5997,4.3207,4.1076,6.2797,2.4322,2.5174,628843.8523,536965.9667
000523.SZ,20221205,3.67,2.0434,2.4352,4.0659,3.8654,5.9093,2.2887,2.3689,591758.1892,505298.743
000523.SZ,20221202,3.62,2.6493,3.1572,4.0105,3.8127,5.8288,2.2575,2.3366,583696.0885,498414.5639
000523.SZ,20221201,3.52,2.1115,2.5163,3.8997,3.7074,5.6678,2.1952,2.2721,567571.8872,484646.2058
000523.SZ,20221130,3.49,1.692,2.0164,3.8665,3.6758,5.6195,2.1765,2.2527,562734.6268,480515.6984
000523.SZ,20221129,3.46,1.6339,1.9471,3.8332,3.6442,5.5712,2.1578,2.2333,557897.3664,476385.191
000523.SZ,20221128,3.44,1.7265,2.0575,3.8111,3.6231,5.539,2.1453,2.2204,554672.5261,473631.5193
000523.SZ,20221125,3.52,2.7586,3.2875,3.8997,3.7074,5.6678,2.1952,2.2721,567571.8872,484646.2058
000523.SZ,20221124,3.65,4.3222,5.1509,4.0437,3.8443,5.8771,2.2762,2.356,588533.3489,502545.0714
000523.SZ,20221123,3.73,7.0583,8.4116,4.1324,3.9286,6.006,2.3261,2.4076,601432.71,513559.7579
000523.SZ,20221122,3.72,2.8209,3.3617,4.1213,3.918,5.9899,2.3199,2.4012,599820.2898,512182.9221
000523.SZ,20221121,3.38,1.2734,1.5175,3.7446,3.5599,5.4424,2.1079,2.1817,544998.0053,465370.5045
000523.SZ,20221118,3.48,2.3928,2.8515,3.8554,3.6652,5.6034,2.1702,2.2463,561122.2066,479138.8626
000523.SZ,20221117,3.59,2.7006,3.2184,3.9773,3.7811,5.7805,2.2388,2.3173,578858.8281,494284.0565
000523.SZ,20221116,3.26,1.0875,1.296,3.6117,3.4335,5.2492,2.033,2.1042,525648.9637,448848.4747
000523.SZ,20221115,3.18,0.2772,0.3303,3.523,3.3493,5.1204,1.9831,2.0526,512749.6026,437833.7882
000523.SZ,20221114,3.16,0.3629,0.4325,3.5009,3.3282,5.0882,1.9707,2.0397,509524.7623,435080.1166
000523.SZ,20221111,3.12,0.2854,0.3401,3.4566,3.2861,5.0237,1.9457,2.0139,503075.0818,429572.7733
000523.SZ,20221110,3.12,0.3404,0.4057,3.4566,3.2861,5.0237,1.9457,2.0139,503075.0818,429572.7733
000523.SZ,20221109,3.11,0.3153,0.3758,3.4455,3.2756,5.0076,1.9395,2.0074,501462.6617,428195.9375
000523.SZ,20221108,3.08,0.3536,0.4214,3.4122,3.244,4.9593,1.9208,1.9881,496625.4013,424065.4301
000523.SZ,20221107,3.07,0.3233,0.3853,3.4012,3.2334,4.9432,1.9145,1.9816,495012.9811,422688.5943
000523.SZ,20221104,3.04,0.4631,0.5519,3.3679,3.2018,4.8949,1.8958,1.9622,490175.7207,418558.0868
000523.SZ,20221103,3.0,0.3027,0.3608,3.3236,3.1597,4.8305,1.8709,1.9364,483726.0402,413050.7436
000523.SZ,20221102,3.0,0.4124,0.4915,3.3236,3.1597,4.8305,1.8709,1.9364,483726.0402,413050.7436
000523.SZ,20221101,2.97,0.3868,0.461,3.2904,3.1281,4.7822,1.8522,1.9171,478888.7798,408920.2362
000523.SZ,20221031,2.88,0.2605,0.3105,3.1907,3.0333,4.6373,1.7961,1.859,464376.9986,396528.7139
000523.SZ,20221028,2.91,0.4677,0.5573,3.2239,3.1547,4.6618,1.8148,1.7818,469214.259,400659.2213
000523.SZ,20221027,3.02,0.4018,0.4789,3.3458,3.2739,4.838,1.8834,1.8492,486950.8805,415804.4152
000523.SZ,20221026,2.99,0.4757,0.5669,3.3125,3.2414,4.79,1.8646,1.8308,482113.6201,411673.9078
000523.SZ,20221025,2.97,0.4195,0.5,3.2904,3.2197,4.7579,1.8522,1.8185,478888.7798,408920.2362
000523.SZ,20221024,3.03,0.4311,0.5138,3.3568,3.2848,4.854,1.8896,1.8553,488563.3006,417181.251
000523.SZ,20221021,3.1,0.2651,0.316,3.4344,3.3607,4.9662,1.9332,1.8981,499850.2415,426819.1017
000523.SZ,20221020,3.1,0.3289,0.392,3.4344,3.3607,4.9662,1.9332,1.8981,499850.2415,426819.1017
000523.SZ,20221019,3.13,0.3275,0.3903,3.4676,3.3932,5.0142,1.952,1.9165,504687.5019,430949.6092
000523.SZ,20221018,3.19,0.2792,0.3327,3.5341,3.4582,5.1104,1.9894,1.9533,514362.0227,439210.624
000523.SZ,20221017,3.19,0.424,0.5052,3.5341,3.4582,5.1104,1.9894,1.9533,514362.0227,439210.624
000523.SZ,20221014,3.14,0.3758,0.4478,3.4787,3.404,5.0303,1.9582,1.9226,506299.9221,432326.445
000523.SZ,20221013,3.11,0.3742,0.4459,3.4455,3.3715,4.9822,1.9395,1.9043,501462.6617,428195.9375
000523.SZ,20221012,3.09,0.415,0.4946,3.4233,3.3498,4.9502,1.927,1.892,498237.8214,425442.2659
000523.SZ,20221011,3.04,0.3118,0.3716,3.3679,3.2956,4.8701,1.8958,1.8614,490175.7207,418558.0868
000523.SZ,20221010,3.01,0.3384,0.4032,3.3347,3.2631,4.822,1.8771,1.843,485338.4603,414427.5794
000523.SZ,20220930,3.09,0.2508,0.2989,3.4233,3.3498,4.9502,1.927,1.892,498237.8214,425442.2659
000523.SZ,20220929,3.1,0.5524,0.6583,3.4344,3.3607,4.9662,1.9332,1.8981,499850.2415,426819.1017
000523.SZ,20220928,3.2,0.9003,1.0729,3.5452,3.4691,5.1264,1.9956,1.9594,515974.4429,440587.4598
000523.SZ,20220927,3.19,0.6289,0.7495,3.5341,3.4582,5.1104,1.9894,1.9533,514362.0227,439210.624
000523.SZ,20220926,3.06,0.372,0.4433,3.3901,3.3173,4.9021,1.9083,1.8737,493400.561,421311.7585
000523.SZ,20220923,3.22,0.2474,0.2948,3.5673,3.4908,5.1584,2.0081,1.9716,519199.2831,443341.1315
000523.SZ,20220922,3.29,0.2265,0.2699,3.6449,3.5666,5.2706,2.0517,2.0145,530486.2241,452978.9821
000523.SZ,20220921,3.29,0.3127,0.3727,3.6449,3.5666,5.2706,2.0517,2.0145,530486.2241,452978.9821
000523.SZ,20220920,3.25,0.2117,0.2523,3.6006,3.5233,5.2065,2.0268,1.99,524036.5436,447471.6389
000523.SZ,20220919,3.23,0.3097,0.369,3.5784,3.5016,5.1744,2.0143,1.9777,520811.7033,444717.9673
000523.SZ,20220916,3.24,0.3455,0.4118,3.5895,3.5124,5.1905,2.0206,1.9839,522424.1234,446094.8031
000523.SZ,20220915,3.34,0.4347,0.5181,3.7003,3.6208,5.3507,2.0829,2.0451,538548.3248,459863.1612
000523.SZ,20220914,3.4,0.3117,0.3715,3.7668,3.6859,5.4468,2.1203,2.0818,548222.8456,468124.1761
000523.SZ,20220913,3.42,0.2754,0.3282,3.7889,3.7076,5.4788,2.1328,2.0941,551447.6858,470877.8477
000523.SZ,20220909,3.4,0.3194,0.3806,3.7668,3.6859,5.4468,2.1203,2.0818,548222.8456,468124.1761
000523.SZ,20220908,3.41,0.2873,0.3424,3.7778,3.6967,5.4628,2.1266,2.088,549835.2657,469501.0119
000523.SZ,20220907,3.38,0.389,0.4636,3.7446,3.6642,5.4147,2.1079,2.0696,544998.0053,465370.5045
000523.SZ,20220906,3.43,0.7308,0.8709,3.8,3.7184,5.4948,2.139,2.1002,553060.106,472254.6835
000523.SZ,20220905,3.32,0.553,0.659,3.6781,3.5992,5.3186,2.0704,2.0328,535323.4845,457109.4896
000523.SZ,20220902,3.25,0.4312,0.5139,3.6006,3.5233,5.2065,2.0268,1.99,524036.5436,447471.6389
000523.SZ,20220901,3.25,0.5328,0.635,3.6006,3.5233,5.2065,2.0268,1.99,524036.5436,447471.6389
000523.SZ,20220831,3.33,0.3527,0.4204,3.6892,3.61,5.3346,2.0767,2.039,536935.9046,458486.3254
000523.SZ,20220830,3.39,0.3243,0.3774,3.7557,3.7036,5.32,2.1141,2.0823,546610.4254,466749.4183
000523.SZ,20220829,3.38,0.444,0.5167,3.7446,3.6926,5.3044,2.1079,2.0762,544998.0053,465372.5764
000523.SZ,20220826,3.37,0.4058,0.4723,3.7335,3.6817,5.2887,2.1016,2.07,543385.5852,463995.7345
000523.SZ,20220825,3.4,0.4434,0.5161,3.7668,3.7145,5.3357,2.1203,2.0884,548222.8456,468126.2603
000523.SZ,20220824,3.4,0.6809,0.7925,3.7668,3.7145,5.3357,2.1203,2.0884,548222.8456,468126.2603
000523.SZ,20220823,3.46,0.6176,0.7187,3.8332,3.78,5.4299,2.1578,2.1253,557897.3664,476387.3119
000523.SZ,20220822,3.4,0.3363,0.3914,3.7668,3.7145,5.3357,2.1203,2.0884,548222.8456,468126.2603
000523.SZ,20220819,3.38,0.3171,0.369,3.7446,3.6926,5.3044,2.1079,2.0762,544998.0053,465372.5764
000523.SZ,20220818,3.37,0.6607,0.7689,3.7335,3.6817,5.2887,2.1016,2.07,543385.5852,463995.7345
000523.SZ,20220817,3.44,0.4268,0.4967,3.8111,3.7582,5.3985,2.1453,2.113,554672.5261,473633.628
000523.SZ,20220816,3.47,0.4985,0.5801,3.8443,3.791,5.4456,2.164,2.1314,559509.7865,477764.1539
000523.SZ,20220815,3.42,0.4083,0.4752,3.7889,3.7363,5.3671,2.1328,2.1007,551447.6858,470879.9442
000523.SZ,20220812,3.43,0.6213,0.7231,3.8,3.7473,5.3828,2.139,2.1069,553060.106,472256.7861
000523.SZ,20220811,3.41,0.5157,0.6002,3.7778,3.7254,5.3514,2.1266,2.0946,549835.2657,469503.1022
000523.SZ,20220810,3.38,0.6849,0.7971,3.7446,3.6926,5.3044,2.1079,2.0762,544998.0053,465372.5764
000523.SZ,20220809,3.46,0.71,0.8263,3.8332,3.78,5.4299,2.1578,2.1253,557897.3664,476387.3119
000523.SZ,20220808,3.49,0.4392,0.5112,3.8665,3.8128,5.477,2.1765,2.1437,562734.6268,480517.8378
000523.SZ,20220805,3.5,0.6273,0.7301,3.8775,3.8237,5.4927,2.1827,2.1499,564347.0469,481894.6797
000523.SZ,20220804,3.53,0.6339,0.7377,3.9108,3.8565,5.5398,2.2014,2.1683,569184.3073,486025.2055
000523.SZ,20220803,3.53,1.0852,1.2629,3.9108,3.8565,5.5398,2.2014,2.1683,569184.3073,486025.2055
000523.SZ,20220802,3.69,1.0191,1.186,4.088,4.0313,5.7908,2.3012,2.2666,594983.0294,508054.6766
000523.SZ,20220801,3.84,1.1324,1.3178,4.2542,4.1952,6.0263,2.3947,2.3587,619169.3315,528707.3057
000523.SZ,20220729,3.68,0.7156,0.8328,4.077,4.0204,5.7752,2.295,2.2604,593370.6093,506677.8347
000523.SZ,20220728,3.69,0.6184,0.7197,4.088,4.0313,5.7908,2.3012,2.2666,594983.0294,508054.6766
000523.SZ,20220727,3.63,0.2528,0.2942,4.0216,3.9658,5.6967,2.2638,2.2297,585308.5086,499793.6249
000523.SZ,20220726,3.64,0.3142,0.3656,4.0326,3.9767,5.7124,2.27,2.2359,586920.9288,501170.4669
000523.SZ,20220725,3.64,0.5156,0.6,4.0326,3.9767,5.7124,2.27,2.2359,586920.9288,501170.4669
000523.SZ,20220722,3.6,0.3582,0.4168,3.9883,3.933,5.6496,2.2451,2.2113,580471.2482,495663.0991
000523.SZ,20220721,3.61,0.4505,0.5242,3.9994,3.9439,5.6653,2.2513,2.2174,582083.6684,497039.9411
000523.SZ,20220720,3.68,0.4538,0.5281,4.077,4.0204,5.7752,2.295,2.2604,593370.6093,506677.8347
000523.SZ,20220719,3.68,0.8656,1.0074,4.077,4.0204,5.7752,2.295,2.2604,593370.6093,506677.8347
000523.SZ,20220718,3.57,0.4702,0.5472,3.9551,3.9002,5.6025,2.2264,2.1929,575633.9878,491532.5733
000523.SZ,20220715,3.5,0.5551,0.646,3.8775,3.8237,5.4927,2.1827,2.1499,564347.0469,481894.6797
000523.SZ,20220714,3.55,0.8554,0.9955,3.9329,3.8784,5.5711,2.2139,2.1806,572409.1476,488778.8894
000523.SZ,20220713,3.68,0.5634,0.6557,4.077,4.0204,5.7752,2.295,2.2604,593370.6093,506677.8347
000523.SZ,20220712,3.61,0.4894,0.5695,3.9994,3.9439,5.6653,2.2513,2.2174,582083.6684,497039.9411
000523.SZ,20220711,3.66,0.3749,0.4363,4.0548,3.9985,5.7438,2.2825,2.2481,590145.769,503924.1508
000523.SZ,20220708,3.71,0.541,0.6295,4.1102,4.0532,5.8222,2.3137,2.2789,598207.8697,510808.3605
000523.SZ,20220707,3.71,0.3713,0.4321,4.1102,4.0532,5.8222,2.3137,2.2789,598207.8697,510808.3605
000523.SZ,20220706,3.7,0.7691,0.895,4.0991,4.0422,5.8065,2.3074,2.2727,596595.4496,509431.5185
000523.SZ,20220705,3.82,1.1348,1.3206,4.2321,4.1733,5.9949,2.3823,2.3464,615944.4912,525953.6218
000523.SZ,20220704,3.75,0.6666,0.7757,4.1545,4.0969,5.885,2.3386,2.3034,604657.5503,516315.7283
000523.SZ,20220701,3.8,0.6168,0.7178,4.2099,4.1515,5.9635,2.3698,2.3341,612719.6509,523199.938
000523.SZ,20220630,3.85,1.0011,1.1651,4.2653,4.2061,6.0419,2.401,2.3648,620781.7516,530084.1477
000523.SZ,20220629,3.83,0.9763,1.1361,4.2431,4.1843,6.0106,2.3885,2.3526,617556.9113,527330.4638
000523.SZ,20220628,3.92,1.1531,1.3419,4.3429,4.2826,6.1518,2.4446,2.4078,632068.6925,539722.0413
000523.SZ,20220627,3.85,0.9998,1.1636,4.2653,4.2061,6.0419,2.401,2.3648,620781.7516,530084.1477
000523.SZ,20220624,3.88,1.1591,1.3489,4.2985,4.2389,6.089,2.4197,2.3833,625619.012,534214.6735
000523.SZ,20220623,3.89,0.9131,1.0627,4.3096,4.2498,6.1047,2.4259,2.3894,627231.4321,535591.5154
000523.SZ,20220622,3.91,0.8139,0.9472,4.3318,4.2717,6.1361,2.4384,2.4017,630456.2724,538345.1993
000523.SZ,20220621,3.91,1.0822,1.2594,4.3318,4.2717,6.1361,2.4384,2.4017,630456.2724,538345.1993
000523.SZ,20220620,3.96,1.3715,1.5961,4.3872,4.3263,6.2146,2.4696,2.4324,638518.3731,545229.409
000523.SZ,20220617,4.0,1.9039,2.2157,4.4315,4.37,6.2773,2.4945,2.457,644968.0536,550736.7768
000523.SZ,20220616,4.15,1.8606,2.1654,4.5977,4.5339,6.5127,2.5881,2.5491,669154.3556,571389.4059
000523.SZ,20220615,4.23,3.4597,4.0262,4.6863,4.6213,6.6383,2.6379,2.5983,682053.7167,582404.1415
000523.SZ,20220614,4.43,3.1313,3.6441,4.9079,4.8398,6.9522,2.7627,2.7211,714302.1194,609940.9803
000523.SZ,20220613,4.39,3.9062,4.5459,4.8636,4.7961,6.8894,2.7377,2.6965,707852.4388,604433.6125
000523.SZ,20220610,4.15,1.9487,2.2679,4.5977,4.5339,6.5127,2.5881,2.5491,669154.3556,571389.4059
000523.SZ,20220609,4.19,3.1705,3.6897,4.642,4.5776,6.5755,2.613,2.5737,675604.0361,576896.7737
000523.SZ,20220608,4.62,3.8297,4.4569,5.1184,5.0473,7.2503,2.8812,2.8378,744938.1019,636100.9772
000523.SZ,20220607,4.56,5.2779,6.1423,5.0519,4.9818,7.1562,2.8437,2.801,735263.5811,627839.9256
000523.SZ,20220606,4.49,5.1181,5.9563,4.9743,4.9053,7.0463,2.8001,2.758,723976.6402,618202.032
000523.SZ,20220602,4.23,6.7137,7.8132,4.6863,4.6213,6.6383,2.6379,2.5983,682053.7167,582404.1415
000523.SZ,20220601,4.57,3.0136,3.5071,5.063,4.9927,7.1719,2.85,2.8071,736876.0012,629216.7675
000523.SZ,20220531,4.15,3.4248,3.9857,4.5977,4.5339,6.5127,2.5881,2.5491,669154.3556,571389.4059
000523.SZ,20220530,3.77,1.3184,1.5343,4.1767,4.1187,5.9164,2.3511,2.3157,607882.3905,519069.4121
000523.SZ,20220527,3.43,1.5738,1.8315,3.8,3.7473,5.3828,2.139,2.1069,553060.106,472256.7861
000523.SZ,20220526,3.63,2.8693,3.3392,4.0216,3.9658,5.6967,2.2638,2.2297,585308.5086,499793.6249
000523.SZ,20220524,3.71,0.8331,0.9695,4.1102,4.0532,5.8222,2.3137,2.2789,598207.8697,510808.3605
000523.SZ,20220523,3.86,0.921,1.0718,4.2764,4.217,6.0576,2.4072,2.371,622394.1717,531460.9896
000523.SZ,20220520,3.78,0.9099,1.0589,4.1877,4.1296,5.9321,2.3573,2.3218,609494.8107,520446.2541
000523.SZ,20220519,3.61,0.5309,0.6178,3.9994,3.9439,5.6653,2.2513,2.2174,582083.6684,497039.9411
000523.SZ,20220518,3.49,0.7806,0.9084,3.8665,3.8128,5.477,2.1765,2.1437,562734.6268,480517.8378
000523.SZ,20220517,3.61,0.7692,0.8952,3.9994,3.9439,5.6653,2.2513,2.2174,582083.6684,497039.9411
000523.SZ,20220516,3.51,0.6972,0.8113,3.8886,3.8347,5.5084,2.1889,2.156,565959.467,483271.5216
000523.SZ,20220513,3.38,0.5956,0.6931,3.7446,3.6926,5.3044,2.1079,2.0762,544998.0053,465372.5764
000523.SZ,20220512,3.29,0.609,0.7087,3.6449,3.5943,5.1631,2.0517,2.0209,530486.2241,452980.9989
000523.SZ,20220511,3.13,0.5541,0.6449,3.4676,3.4195,4.912,1.952,1.9226,504687.5019,430951.5278
000523.SZ,20220510,3.05,0.3269,0.3804,3.379,3.3321,4.7865,1.9021,1.8734,491788.1409,419936.7923
000523.SZ,20220509,3.1,0.4364,0.5078,3.4344,3.3867,4.8649,1.9332,1.9042,499850.2415,426821.002
000523.SZ,20220506,3.02,0.3667,0.4267,3.3458,3.2993,4.7394,1.8834,1.855,486950.8805,415806.2665
000523.SZ,20220505,3.15,0.3537,0.4116,3.4898,3.4414,4.9434,1.9644,1.9349,507912.3422,433705.2117
000523.SZ,20220429,3.15,0.2885,0.3521,,,,1.5168,93.3604,507912.3422,495107.464
000523.SZ,20220428,3.12,0.2876,0.351,,,,1.5024,92.4712,503075.0818,490392.1548
000523.SZ,20220427,3.05,0.245,0.299,,,,1.4687,90.3965,491788.1409,479389.7667
000523.SZ,20220426,3.0,0.2399,0.2928,,,,1.4446,88.9146,483726.0402,471530.9181
000523.SZ,20220425,3.04,0.2851,0.348,,,,1.4639,90.1002,490175.7207,477817.997
000523.SZ,20220422,3.2,0.1699,0.2074,,,,1.5409,94.8423,515974.4429,502966.3126
000523.SZ,20220421,3.21,0.5443,0.6643,,,,1.5457,95.1387,517586.863,504538.0824
000523.SZ,20220420,3.38,0.2532,0.309,,,,1.6276,100.1771,544998.0053,531258.1677
000523.SZ,20220419,3.39,0.1419,0.1732,,,,1.6324,100.4735,546610.4254,532829.9375
000523.SZ,20220418,3.39,0.1389,0.1696,,,,1.6324,100.4735,546610.4254,532829.9375
000523.SZ,20220415,3.42,0.2352,0.2871,,,,1.6469,101.3627,551447.6858,537545.2466
000523.SZ,20220414,3.44,0.2538,0.3098,,,,1.6565,101.9554,554672.5261,540688.7861
000523.SZ,20220413,3.47,0.2248,0.2744,,,,1.6709,102.8446,559509.7865,545404.0953
000523.SZ,20220412,3.53,0.6288,0.7675,,,,1.6998,104.6229,569184.3073,554834.7136
000523.SZ,20220411,3.53,0.6563,0.801,,,,1.6998,104.6229,569184.3073,554834.7136
000523.SZ,20220408,3.54,0.5579,0.6809,,,,1.7046,104.9193,570796.7274,556406.4834
000523.SZ,20220407,3.37,0.2571,0.3138,,,,1.6228,99.8808,543385.5852,529686.398
000523.SZ,20220406,3.45,0.2636,0.3217,,,,1.6613,102.2518,556284.9462,542260.5558
000523.SZ,20220401,3.44,0.1953,0.2383,,,,1.6565,101.9554,554672.5261,540688.7861
000523.SZ,20220331,3.41,0.2293,0.2798,,,,1.642,101.0663,549835.2657,535973.4769
000523.SZ,20220330,3.4,0.3361,0.4102,,,,1.6372,100.7699,548222.8456,534401.7072
000523.SZ,20220329,3.46,0.184,0.2246,,,,1.6661,102.5482,557897.3664,543832.3255
000523.SZ,20220328,3.49,0.2208,0.2695,,,,1.6806,103.4373,562734.6268,548547.6347
000523.SZ,20220325,3.41,0.3004,0.3666,,,,1.642,101.0663,549835.2657,535973.4769
000523.SZ,20220324,3.47,0.3929,0.4795,,,,1.6709,102.8446,559509.7865,545404.0953
000523.SZ,20220323,3.36,0.1562,0.1907,,,,1.618,99.5844,541773.165,528114.6283
000523.SZ,20220322,3.33,0.2455,0.2996,,,,1.6035,98.6952,536935.9046,523399.3191
000523.SZ,20220321,3.3,0.3178,0.3879,,,,1.5891,97.8061,532098.6442,518684.0099
000523.SZ,20220318,3.14,0.2051,0.2503,,,,1.512,93.064,506299.9221,493535.6943
000523.SZ,20220317,3.06,0.2237,0.273,,,,1.4735,90.6929,493400.561,480961.5365
000523.SZ,20220316,3.05,0.2412,0.2944,,,,1.4687,90.3965,491788.1409,479389.7667
000523.SZ,20220315,2.99,0.3285,0.401,,,,1.4398,88.6182,482113.6201,469959.1484
000523.SZ,20220314,3.14,0.1306,0.1594,,,,1.512,93.064,506299.9221,493535.6943
000523.SZ,20220311,3.18,0.2457,0.2999,,,,1.5313,94.2495,512749.6026,499822.7732
000523.SZ,20220310,3.17,0.2553,0.3117,,,,1.5265,93.9531,511137.1825,498251.0035
000523.SZ,20220309,3.12,0.6204,0.7572,,,,1.5024,92.4712,503075.0818,490392.1548
000523.SZ,20220308,3.26,0.2679,0.3269,,,,1.5698,96.6206,525648.9637,512396.931
000523.SZ,20220307,3.33,0.3212,0.3921,,,,1.6035,98.6952,536935.9046,523399.3191
000523.SZ,20220304,3.31,0.1724,0.2105,,,,1.5939,98.1025,533711.0644,520255.7796
000523.SZ,20220303,3.33,0.2072,0.2529,,,,1.6035,98.6952,536935.9046,523399.3191
000523.SZ,20220302,3.34,0.2653,0.3238,,,,1.6083,98.9916,538548.3248,524971.0888
000523.SZ,20220301,3.32,0.3108,0.3794,,,,1.5987,98.3989,535323.4845,521827.5494
000523.SZ,20220228,3.24,0.2801,0.3418,,,,1.5602,96.0278,522424.1234,509253.3915
000523.SZ,20220225,3.19,0.2046,0.2497,,,,1.5361,94.5459,514362.0227,501394.5429
000523.SZ,20220224,3.15,0.3443,0.4202,,,,1.5168,93.3604,507912.3422,495107.464
000523.SZ,20220223,3.19,0.2462,0.3005,,,,1.5361,94.5459,514362.0227,501394.5429
000523.SZ,20220222,3.15,0.4283,0.5228,,,,1.5168,93.3604,507912.3422,495107.464
000523.SZ,20220221,3.23,0.2636,0.3217,,,,1.5554,95.7314,520811.7033,507681.6218
000523.SZ,20220218,3.21,0.181,0.2209,,,,1.5457,95.1387,517586.863,504538.0824
000523.SZ,20220217,3.15,0.2969,0.3623,,,,1.5168,93.3604,507912.3422,495107.464
000523.SZ,20220216,3.21,0.1431,0.1747,,,,1.5457,95.1387,517586.863,504538.0824
000523.SZ,20220215,3.2,0.174,0.2123,,,,1.5409,94.8423,515974.4429,502966.3126
000523.SZ,20220214,3.17,0.7473,0.9121,,,,1.5265,93.9531,511137.1825,498251.0035
000523.SZ,20220211,3.24,0.8068,0.9848,,,,1.5602,96.0278,522424.1234,509253.3915
000523.SZ,20220210,3.41,0.3001,0.3663,,,,1.642,101.0663,549835.2657,535973.4769
000523.SZ,20220209,3.46,0.2534,0.3093,,,,1.6661,102.5482,557897.3664,543832.3255
000523.SZ,20220208,3.53,0.1736,0.2119,,,,1.6998,104.6229,569184.3073,554834.7136
000523.SZ,20220207,3.52,0.3646,0.4451,,,,1.695,104.3265,567571.8872,553262.9439
000523.SZ,20220128,3.57,0.2595,0.3167,,,,1.7191,105.8084,575633.9878,561121.7925
000523.SZ,20220127,3.53,0.2167,0.2645,,,,1.6998,104.6229,569184.3073,554834.7136
000523.SZ,20220126,3.62,0.2724,0.3325,,,,1.7432,107.2903,583696.0885,568980.6412
000523.SZ,20220125,3.52,0.2152,0.2627,,,,1.695,104.3265,567571.8872,553262.9439
000523.SZ,20220124,3.54,0.1419,0.1732,,,,1.7046,104.9193,570796.7274,556406.4834
000523.SZ,20220121,3.5,0.1666,0.2034,,,,1.6854,103.7337,564347.0469,550119.4045
000523.SZ,20220120,3.49,0.2703,0.3299,,,,1.6806,103.4373,562734.6268,548547.6347
000523.SZ,20220119,3.61,0.3433,0.419,,,,1.7383,106.9939,582083.6684,567408.8714
000523.SZ,20220118,3.53,0.4576,0.5586,,,,1.6998,104.6229,569184.3073,554834.7136
000523.SZ,20220117,3.39,0.1802,0.2199,,,,1.6324,100.4735,546610.4254,532829.9375
000523.SZ,20220114,3.34,0.2981,0.3638,,,,1.6083,98.9916,538548.3248,524971.0888
000523.SZ,20220113,3.37,0.1818,0.2219,,,,1.6228,99.8808,543385.5852,529686.398
000523.SZ,20220112,3.36,0.1245,0.1519,,,,1.618,99.5844,541773.165,528114.6283
000523.SZ,20220111,3.37,0.1414,0.1726,,,,1.6228,99.8808,543385.5852,529686.398
000523.SZ,20220110,3.38,0.122,0.1489,,,,1.6276,100.1771,544998.0053,531258.1677
000523.SZ,20220107,3.35,0.186,0.227,,,,1.6131,99.288,540160.7449,526542.8585
000523.SZ,20220106,3.43,0.1501,0.1832,,,,1.6517,101.6591,553060.106,539117.0164
000523.SZ,20220105,3.4,0.2397,0.2926,,,,1.6372,100.7699,548222.8456,534401.7072
000523.SZ,20220104,3.45,0.2698,0.3293,,,,1.6613,102.2518,556284.9462,542260.5558
000523.SZ,20211231,3.34,0.1974,0.241,,,,1.6083,98.9916,538548.3248,524971.0888
000523.SZ,20211230,3.33,0.1588,0.1938,,,,1.6035,98.6952,536935.9046,523399.3191
000523.SZ,20211229,3.35,0.278,0.3393,,,,1.6131,99.288,540160.7449,526542.8585
000523.SZ,20211228,3.32,0.5076,0.6196,,,,1.5987,98.3989,535323.4845,521827.5494
000523.SZ,20211227,3.26,0.3799,0.4637,,,,1.5698,96.6206,525648.9637,512396.931
000523.SZ,20211224,3.1,0.2844,0.3471,,,,1.4928,91.8784,499850.2415,487248.6154
000523.SZ,20211223,3.22,0.2615,0.3191,,,,1.5505,95.435,519199.2831,506109.8521
000523.SZ,20211222,3.18,0.1887,0.2303,,,,1.5313,94.2495,512749.6026,499822.7732
000523.SZ,20211221,3.15,0.1738,0.2121,,,,1.5168,93.3604,507912.3422,495107.464
000523.SZ,20211220,3.11,0.2298,0.2805,,,,1.4976,92.1748,501462.6617,488820.3851
000523.SZ,20211217,3.17,0.3294,0.4021,,,,1.5265,93.9531,511137.1825,498251.0035
000523.SZ,20211216,3.14,0.7439,0.908,,,,1.512,93.064,506299.9221,493535.6943
000523.SZ,20211215,3.2,1.0739,1.3108,,,,1.5409,94.8423,515974.4429,502966.3126
000523.SZ,20211214,3.36,0.3471,0.4237,,,,1.618,99.5844,541773.165,528114.6283
000523.SZ,20211213,3.46,0.2239,0.2732,,,,1.6661,102.5482,557897.3664,543832.3255
000523.SZ,20211210,3.51,0.175,0.2135,,,,1.6902,104.0301,565959.467,551691.1742
000523.SZ,20211209,3.51,0.2046,0.2497,,,,1.6902,104.0301,565959.467,551691.1742
000523.SZ,20211208,3.55,0.6367,1.1631,,,,0.6653,40.9486,222774.2594,222774.2594
000523.SZ,20211207,3.57,0.6741,1.2315,,,,0.669,41.1793,224029.3256,224029.3256
000523.SZ,20211206,3.55,0.9264,1.6924,,,,0.6653,40.9486,222774.2594,222774.2594
000523.SZ,20211203,3.63,1.1851,2.1651,,,,0.6803,41.8714,227794.5244,227794.5244
000523.SZ,20211202,3.66,0.9921,1.8128,,,,0.6859,42.2174,229677.1238,229624.31
000523.SZ,20211201,3.62,0.838,1.5312,,,,0.6784,41.756,227166.9913,227114.7547
000523.SZ,20211130,3.53,0.6205,1.1338,,,,0.6615,40.7179,221519.1931,221468.2552
000523.SZ,20211129,3.47,0.3863,0.7058,,,,0.6503,40.0258,217753.9944,217703.9223
000523.SZ,20211126,3.49,0.401,0.7328,,,,0.6541,40.2565,219009.0606,218958.6999
000523.SZ,20211125,3.52,0.6912,1.263,,,,0.6597,40.6025,220891.66,220840.8664
000523.SZ,20211124,3.48,0.483,0.8826,,,,0.6522,40.1411,218381.5275,218331.3111
000523.SZ,20211123,3.47,0.3776,0.69,,,,0.6503,40.0258,217753.9944,217703.9223
000523.SZ,20211122,3.51,0.75,1.3704,,,,0.6578,40.4872,220264.1269,220213.4776
000523.SZ,20211119,3.45,0.59,1.0782,,,,0.6466,39.7951,216498.9281,216449.1446
000523.SZ,20211118,3.41,0.9249,1.69,,,,0.6391,39.3337,213988.7956,213939.5893
000523.SZ,20211117,3.52,0.6215,1.1357,,,,0.6597,40.6025,220891.66,220840.8664
000523.SZ,20211116,3.48,0.8519,1.5566,,,,0.6522,40.1411,218381.5275,218331.3111
000523.SZ,20211115,3.47,1.6405,2.9976,,,,0.6503,40.0258,217753.9944,217703.9223
000523.SZ,20211112,3.65,1.8394,3.361,,,,0.684,42.1021,229049.5906,228996.9211
000523.SZ,20211111,3.65,2.1746,3.9736,,,,0.684,42.1021,229049.5906,228996.9211
000523.SZ,20211110,3.84,3.2078,5.8615,,,,0.7196,44.2937,240972.72,240917.3088
000523.SZ,20211108,3.84,1.0882,1.9884,,,,0.7196,44.2937,240972.72,240917.3088
000523.SZ,20211105,3.68,0.7291,1.3322,,,,0.6897,42.4481,230932.19,230879.0876
000523.SZ,20211104,3.52,0.5231,0.9558,,,,0.6597,40.6025,220891.66,220840.8664
000523.SZ,20211103,3.45,0.4459,0.8147,,,,0.6466,39.7951,216498.9281,216449.1446
000523.SZ,20211102,3.42,0.8932,1.6321,,,,0.6409,39.449,214616.3288,214566.9782
000523.SZ,20211101,3.59,0.4922,0.8994,,,,0.6728,41.41,225284.3919,225232.5882
000523.SZ,20211029,3.65,0.3579,0.6539,,,,0.684,42.1021,229049.5906,228996.9211
000523.SZ,20211028,3.59,0.6441,1.1769,,,,0.6728,41.41,225284.3919,225232.5882
000523.SZ,20211027,3.72,0.6268,1.1454,,,,0.6972,3.2195,233442.3225,233388.6429
000523.SZ,20211026,3.8,1.1083,2.0252,,,,0.7121,3.2888,238462.5875,238407.7535
000523.SZ,20211025,3.63,1.1193,2.0452,,,,0.6803,3.1417,227794.5244,227742.1435
000523.SZ,20211022,3.77,0.543,0.9922,,,,0.7065,3.2628,236579.9881,236525.587
000523.SZ,20211021,3.77,0.5623,1.0274,,,,0.7065,3.2628,236579.9881,236525.587
000523.SZ,20211020,3.82,0.3331,0.6087,,,,0.7159,3.3061,239717.6538,239662.5312
000523.SZ,20211019,3.85,0.4483,0.8192,,,,0.7215,3.3321,241600.2531,241544.6976
000523.SZ,20211018,3.88,0.2421,0.4423,,,,0.7271,3.358,243482.8525,243426.8641
000523.SZ,20211015,3.89,0.3031,0.5539,,,,0.729,3.3667,244110.3856,244054.2529
000523.SZ,20211014,3.91,0.4348,0.7946,,,,0.7328,3.384,245365.4519,245309.0306
000523.SZ,20211013,3.88,0.3729,0.6813,,,,0.7271,3.358,243482.8525,243426.8641
000523.SZ,20211012,3.92,0.6017,1.0995,,,,0.7346,3.3926,245992.985,245936.4194
000523.SZ,20211011,3.86,1.2529,2.2894,,,,0.7234,3.3407,242227.7863,242172.0865
000523.SZ,20211008,3.96,1.6964,3.0998,,,,0.7421,3.4273,248503.1175,248445.9747
000523.SZ,20210930,4.17,0.7103,1.2978,,,,0.7815,3.609,261681.3131,261621.14
000523.SZ,20210929,3.97,0.3205,0.5856,,,,0.744,3.4359,249130.6506,249073.3635
000523.SZ,20210928,3.99,0.3254,0.5946,,,,0.7478,3.4532,250385.7169,250328.1412
000523.SZ,20210927,3.96,0.8955,1.6364,,,,0.7421,3.4273,248503.1175,248445.9747
000523.SZ,20210924,4.11,0.4174,0.7627,,,,0.7702,3.5571,257916.1144,257856.8071
000523.SZ,20210923,4.17,0.5784,1.0569,,,,0.7815,3.609,261681.3131,261621.14
000523.SZ,20210922,4.12,0.4756,0.8691,,,,0.7721,3.5657,258543.6475,258484.1959
000523.SZ,20210917,4.17,0.9157,1.6732,,,,0.7815,3.609,261681.3131,261621.14
000523.SZ,20210916,4.22,1.6147,2.9506,,,,0.7909,3.6523,264818.9788,264758.0842
000523.SZ,20210915,4.03,0.3773,0.6894,,,,0.7553,3.4878,252895.8494,252837.6965
000523.SZ,20210914,4.0,0.4607,0.8418,,,,0.7496,3.4619,251013.25,250955.53
000523.SZ,20210913,3.98,0.9752,1.7819,,,,0.7459,3.4446,249758.1838,249700.7524
000523.SZ,20210910,4.1,0.4467,0.8163,,,,0.7684,3.5484,257288.5813,257229.4183
000523.SZ,20210909,4.14,0.9076,1.6584,,,,0.7759,3.583,259798.7138,259738.9736
000523.SZ,20210908,4.08,0.5547,1.0136,,,,0.7646,3.5311,256033.515,255974.6406
000523.SZ,20210907,4.14,0.4175,0.763,,,,0.7759,3.583,259798.7138,259738.9736
000523.SZ,20210906,4.15,0.2985,0.5454,,,,0.7777,3.5917,260426.2469,260366.3624
000523.SZ,20210903,4.12,0.3487,0.6371,,,,0.7721,3.5657,258543.6475,258484.1959
000523.SZ,20210902,4.13,0.5917,1.0811,,,,0.774,3.5744,259171.1806,259111.5847
000523.SZ,20210901,4.11,0.5796,1.0591,,,,0.7702,3.5571,257916.1144,257856.8071
000523.SZ,20210831,4.21,0.4288,0.7835,,,,0.789,3.6436,264191.4456,264130.6953
000523.SZ,20210830,4.25,0.5973,1.0914,,,,0.7965,3.6782,266701.5781,266640.2506
000523.SZ,20210827,4.15,0.5338,0.9753,,,,0.7777,3.5917,260426.2469,260366.3624
000523.SZ,20210826,4.15,0.4791,0.8755,,,,0.7855,3.7645,260426.2469,260366.3624
000523.SZ,20210825,4.12,0.9246,1.6895,,,,0.7721,3.5657,258543.6475,258484.1959
000523.SZ,20210824,4.24,0.8449,1.5438,,,,0.7946,3.6696,266074.045,266012.8618
000523.SZ,20210823,4.33,1.1279,2.0609,,,,0.8115,3.7475,271721.8431,271659.3612
000523.SZ,20210820,4.29,0.8543,1.561,,,,0.804,3.7129,269211.7106,269149.8059
000523.SZ,20210819,4.35,1.2339,2.2553,,,,0.8152,1.225,272976.9094,272824.9639
000523.SZ,20210818,4.36,1.8828,3.4413,,,,0.8171,1.2278,273604.4425,273452.1477
000523.SZ,20210817,4.15,0.9125,1.6679,,,,0.7777,1.1687,260426.2469,260281.2874
000523.SZ,20210816,4.19,0.9015,1.6477,,,,0.7852,1.18,262936.3794,262790.0227
000523.SZ,20210813,4.15,1.4314,2.6163,,,,0.7777,1.1687,260426.2469,260281.2874
000523.SZ,20210812,3.98,1.511,2.7617,,,,0.7459,1.1208,249758.1838,249619.1624
000523.SZ,20210811,3.93,0.8083,1.4773,,,,0.7365,1.1067,246620.5181,246483.2432
000523.SZ,20210810,3.98,0.8255,1.5088,,,,0.7459,1.1208,249758.1838,249619.1624
000523.SZ,20210809,4.01,0.8662,1.5833,,,,0.7515,1.1293,251640.7831,251500.7138
000523.SZ,20210806,3.91,0.7013,1.2818,,,,0.7328,1.1011,245365.4519,245228.8756
000523.SZ,20210805,3.89,0.9412,1.7202,,,,0.729,1.0955,244110.3856,243974.5079
000523.SZ,20210804,3.76,0.821,1.5007,,,,0.7047,1.0589,235952.455,235821.1182
000523.SZ,20210803,3.83,0.6839,1.25,,,,0.7178,1.0786,240345.1869,240211.405
000523.SZ,20210802,3.89,0.8344,1.5251,,,,0.729,1.0955,244110.3856,243974.5079
000523.SZ,20210730,4.02,0.792,1.4477,,,,0.7534,1.1321,252268.3163,252127.8977
000523.SZ,20210729,3.93,0.8788,1.6063,,,,0.7365,1.1067,246620.5181,246483.2432
000523.SZ,20210728,3.79,1.3517,2.4706,,,,0.7103,1.0673,237835.0544,237702.6697
000523.SZ,20210727,3.99,1.8443,3.3709,,,,0.7478,1.1236,250385.7169,250246.3462
000523.SZ,20210726,4.2,2.2075,4.0347,,,,0.7871,1.1828,263563.9125,263417.2065
000523.SZ,20210723,4.16,1.6359,2.9901,,,,0.7796,1.1715,261053.78,260908.4712
000523.SZ,20210722,3.96,1.2099,2.2113,,,,0.7421,1.1152,248503.1175,248364.7947
000523.SZ,20210721,4.0,1.7745,3.2433,,,,0.7496,1.1265,251013.25,250873.53
000523.SZ,20210720,3.91,1.7827,3.2584,,,,0.7328,1.1011,245365.4519,245228.8756
000523.SZ,20210719,3.72,1.0158,1.8567,,,,0.6972,1.0476,233442.3225,233312.3829
000523.SZ,20210716,3.6,0.8838,1.6153,,,,0.6747,1.0138,225911.925,225786.177
000523.SZ,20210715,3.69,0.6018,1.0999,,,,0.6915,1.0392,231559.7231,231430.8314
000523.SZ,20210714,3.64,1.078,1.9703,,,,0.6822,1.0251,228422.0575,228294.9123
000523.SZ,20210713,3.79,1.295,2.367,,,,0.7103,1.0673,237835.0544,237702.6697
000523.SZ,20210712,3.81,2.014,3.6811,,,,0.714,1.0729,239090.1206,238957.0373
000523.SZ,20210709,3.65,1.3961,2.5517,,,,0.684,1.0279,229049.5906,228922.0961
000523.SZ,20210708,3.69,1.6171,2.9558,,,,0.6915,1.0392,231559.7231,231430.8314
000523.SZ,20210707,3.51,1.3378,2.4452,,,,0.6578,0.9885,220264.1269,220141.5226
000523.SZ,20210706,3.59,1.9449,3.5548,,,,0.6728,1.011,225284.3919,225158.9932
000523.SZ,20210705,3.43,1.0763,1.9673,,,,0.6428,0.9659,215243.8619,215124.052
000523.SZ,20210702,3.27,0.7551,1.3801,,,,0.6128,0.9209,205203.3319,205089.1108
000523.SZ,20210701,3.29,1.376,2.5149,,,,0.6166,0.9265,206458.3981,206343.4784
000523.SZ,20210630,3.42,1.0069,1.8403,,,,0.6409,0.9631,214616.3288,214496.8682
000523.SZ,20210629,3.42,1.0139,1.8532,,,,0.6409,0.9631,214616.3288,214496.8682
000523.SZ,20210628,3.55,1.146,2.0946,,,,0.6653,0.9997,222774.2594,222650.2579
000523.SZ,20210625,3.66,2.0539,3.7541,,,,0.6859,1.0307,229677.1238,229549.28
000523.SZ,20210624,3.64,1.9844,3.627,,,,0.6822,1.0251,228422.0575,228294.9123
000523.SZ,20210623,3.47,1.1381,2.0801,,,,0.6503,0.9772,217753.9944,217632.7873
000523.SZ,20210622,3.45,1.103,2.016,,,,0.6466,0.9716,216498.9281,216378.4196
000523.SZ,20210621,3.44,1.3803,2.5229,,,,0.6447,0.9687,215871.395,215751.2358
000523.SZ,20210618,3.44,1.9536,3.5706,,,,0.6447,0.9687,215871.395,215751.2358
000523.SZ,20210617,3.38,2.3616,4.3164,,,,0.6334,0.9519,212106.1963,211988.1329
000523.SZ,20210616,3.22,1.8287,3.3424,,,,0.6035,0.9068,202065.6663,201953.1917
000523.SZ,20210615,3.36,2.9026,5.3052,,,,0.6297,0.9462,210851.13,210733.7652
000523.SZ,20210611,3.24,3.0119,5.5051,,,,0.6072,0.9124,203320.7325,203207.5593
000523.SZ,20210610,3.33,3.3131,6.0555,,,,0.6241,0.9378,208968.5306,208852.2137
000523.SZ,20210609,3.51,5.1772,9.4626,,,,0.6578,0.9885,220264.1269,220141.5226
000523.SZ,20210608,3.69,5.1773,9.4629,,,,0.6915,1.0392,231559.7231,231430.8314
000523.SZ,20210607,3.51,1.6906,3.09,,,,0.6578,0.9885,220264.1269,220141.5226
000523.SZ,20210604,3.34,0.1562,0.2856,,,,0.6259,0.9406,209596.0638,209479.3976
000523.SZ,20210603,3.18,0.484,0.8847,,,,0.596,0.8955,199555.5338,199444.4564
000523.SZ,20210602,3.03,0.3203,0.5854,,,,0.5678,0.8533,190142.5369,190036.699
000523.SZ,20210601,2.89,1.7176,3.1393,,,,0.5416,0.8139,181357.0731,181256.1254
000523.SZ,20210531,2.98,2.699,4.9331,,,,0.5585,0.8392,187004.8713,186900.7799
000523.SZ,20210528,3.03,2.4474,4.4733,,,,0.5678,0.8533,190142.5369,190036.699
000523.SZ,20210527,2.89,1.4604,2.6692,,,,0.5416,0.8139,181357.0731,181256.1254
000523.SZ,20210526,2.77,0.9264,1.6933,,,,0.5191,0.7801,173826.6756,173729.9195
000523.SZ,20210525,2.71,0.6709,1.2262,,,,0.5079,0.7632,170061.4769,169966.8166
000523.SZ,20210524,2.7,0.96,1.7547,,,,0.506,0.7604,169433.9438,169339.6328
000523.SZ,20210521,2.63,0.3868,0.707,,,,0.4929,0.7406,165041.2119,164949.346
000523.SZ,20210520,2.64,0.6922,1.2653,,,,0.4948,0.7435,165668.745,165576.5298
000523.SZ,20210519,2.63,0.6152,1.1245,,,,0.4929,0.7406,165041.2119,164949.346
000523.SZ,20210518,2.62,0.8706,1.5912,,,,0.491,0.7378,164413.6788,164322.1622
000523.SZ,20210517,2.59,0.8611,1.5738,,,,0.4854,0.7294,162531.0794,162440.6107
000523.SZ,20210514,2.73,1.2348,2.2569,,,,0.5116,0.7688,171316.5431,171221.1842
000523.SZ,20210513,2.79,1.3321,2.4348,,,,0.5229,0.7857,175081.7419,174984.2872
000523.SZ,20210512,2.75,1.4821,2.7088,,,,0.5154,0.7744,172571.6094,172475.5519
000523.SZ,20210511,2.67,1.6801,3.0707,,,,0.5004,0.7519,167551.3444,167458.0813
000523.SZ,20210510,2.67,2.7718,5.0661,,,,0.5004,0.7519,167551.3444,167458.0813
000523.SZ,20210507,2.56,3.7336,6.8242,,,,0.4798,0.7209,160648.48,160559.0592
000523.SZ,20210506,2.44,1.5084,2.757,,,,0.4573,0.6871,153118.0825,153032.8533
000523.SZ,20210429,2.57,1.9489,3.5631,26.2853,,,0.1301,0.472,161276.0131,161127.1718
000523.SZ,20210428,2.57,1.1719,2.1425,26.2853,,,0.1301,0.472,161276.0131,161127.1718
000523.SZ,20210427,2.53,0.7806,1.4273,25.8762,,,0.1281,0.4646,158765.8806,158619.3559
000523.SZ,20210426,2.56,1.4152,2.5875,26.1831,,,0.1296,0.4701,160648.48,160500.2179
000523.SZ,20210423,2.61,1.3013,2.3791,26.6945,,,0.1321,0.4793,163786.1456,163634.9877
000523.SZ,20210422,2.74,1.0641,1.9455,28.0241,,,0.1387,0.5032,171944.0763,171785.3894
000523.SZ,20210421,2.73,1.8167,3.3215,27.9218,,,0.1382,0.5014,171316.5431,171158.4354
000523.SZ,20210420,2.75,2.1621,3.953,28.1263,,,0.1392,0.505,172571.6094,172412.3434
000523.SZ,20210419,2.84,1.7166,3.1385,29.0468,,,0.1438,0.5216,178219.4075,178054.9292
000523.SZ,20210416,2.86,1.4667,2.6816,29.2514,,,0.1448,0.5252,179474.4738,179308.8371
000523.SZ,20210415,2.86,1.763,3.2233,29.2514,,,0.1448,0.5252,179474.4738,179308.8371
000523.SZ,20210414,2.95,2.181,3.9876,30.1719,,2.5495,0.1493,0.2213,185122.2719,184951.4229
000523.SZ,20210413,2.95,3.4528,6.3128,30.1719,,2.5495,0.1493,0.2213,185122.2719,184951.4229
000523.SZ,20210412,2.86,3.2372,5.9186,29.2514,,2.4718,0.1448,0.2145,179474.4738,179308.8371
000523.SZ,20210409,2.98,4.74,8.6663,30.4787,,2.5755,0.1508,0.2235,187004.8713,186832.2848
000523.SZ,20210408,2.91,5.1609,9.4357,29.7628,,2.515,0.1473,0.2183,182612.1394,182443.607
000523.SZ,20210407,3.08,4.3592,7.97,31.5015,,2.6619,0.1559,0.231,193280.2025,193101.8246
000523.SZ,20210406,2.8,1.5291,2.7957,28.6377,,2.4199,0.1417,0.21,175709.275,175547.1133
000523.SZ,20210402,2.82,2.3937,4.3763,28.8423,,2.4372,0.1427,0.2115,176964.3413,176801.0212
000523.SZ,20210401,2.87,3.1808,5.8154,29.3537,,2.4804,0.1453,0.2153,180102.0069,179935.7911
000523.SZ,20210331,2.97,2.4554,4.4893,30.3764,,2.5668,0.1503,0.2228,186377.3381,186205.3309
000523.SZ,20210330,2.92,2.6338,4.8155,29.8651,,2.5236,0.1478,0.219,183239.6725,183070.561
000523.SZ,20210329,3.02,4.4362,8.1107,30.8878,,2.61,0.1529,0.2265,189515.0038,189340.1008
000523.SZ,20210326,3.11,7.7099,14.0961,31.8083,,2.6878,0.1574,0.2333,195162.8019,194982.6865
000523.SZ,20210325,3.04,4.9545,9.0584,31.0924,,2.6273,0.1539,0.228,190770.07,190594.0087
000523.SZ,20210324,2.76,2.3651,4.3241,28.2286,,2.3853,0.1397,0.207,173199.1425,173039.2974
000523.SZ,20210323,2.76,3.4502,6.308,28.2286,,2.3853,0.1397,0.207,173199.1425,173039.2974
000523.SZ,20210322,2.93,5.3945,9.8629,29.9673,,2.5322,0.1483,0.2198,183867.2056,183697.515
000523.SZ,20210319,3.02,8.5828,15.6921,30.8878,,2.61,0.1529,0.2265,189515.0038,189340.1008
000523.SZ,20210318,2.93,4.8849,8.931,29.9673,,2.5322,0.1483,0.2198,183867.2056,183697.515
000523.SZ,20210317,2.66,2.3327,4.2648,27.2058,,2.2989,0.1346,0.1995,166923.8113,166769.7576
000523.SZ,20210316,2.58,1.3057,2.3873,26.3876,,2.2298,0.1306,0.1935,161903.5463,161754.1258
000523.SZ,20210315,2.53,1.0722,1.9602,25.8762,,2.1866,0.1281,0.1898,158765.8806,158619.3559
000523.SZ,20210312,2.55,1.7041,3.1156,26.0808,,2.2038,0.1291,0.1913,160020.9469,159873.2639
000523.SZ,20210311,2.54,1.4573,2.6644,25.9785,,2.1952,0.1286,0.1905,159393.4138,159246.3099
000523.SZ,20210310,2.51,2.7769,5.0771,25.6717,,2.1693,0.1271,0.1883,157510.8144,157365.448
000523.SZ,20210309,2.67,4.4816,8.1938,27.3081,,2.3075,0.1351,0.2003,167551.3444,167396.7116
000523.SZ,20210308,2.79,5.3059,9.7009,28.5355,,2.4113,0.1412,0.2093,175081.7419,174920.1593
000523.SZ,20210305,2.59,2.0744,3.7927,26.4899,,2.2384,0.1311,0.1943,162531.0794,162381.0798
000523.SZ,20210304,2.59,1.3974,2.555,26.4899,,2.2384,0.1311,0.1943,162531.0794,162381.0798
000523.SZ,20210303,2.6,2.0603,3.7669,26.5922,,2.247,0.1316,0.195,163158.6125,163008.0338
000523.SZ,20210302,2.55,2.7792,5.0813,26.0808,,2.2038,0.1291,0.1913,160020.9469,159873.2639
000523.SZ,20210301,2.71,3.0074,5.4984,27.7172,,2.3421,0.1372,0.2033,170061.4769,169904.5275
000523.SZ,20210226,2.76,3.6224,6.6228,28.2286,,2.3853,0.1397,0.207,173199.1425,173039.2974
000523.SZ,20210225,2.66,4.7398,8.6658,27.2058,,2.2989,0.1346,0.1995,166923.8113,166769.7576
000523.SZ,20210224,2.61,1.0154,1.8565,26.6945,,2.2557,0.1321,0.1958,163786.1456,163634.9877
000523.SZ,20210223,2.37,2.4222,4.4285,24.2398,,2.0483,0.12,0.1778,148725.3506,148588.0923
000523.SZ,20210222,2.53,4.1789,7.6403,25.8762,,2.1866,0.1281,0.1898,158765.8806,158619.3559
000523.SZ,20210219,2.32,1.8661,3.4119,23.7284,,2.0051,0.1174,0.174,145587.685,145453.3224
000523.SZ,20210218,2.11,1.6964,3.1016,21.5806,,1.8236,0.1068,0.1583,132409.4894,132287.2889
000523.SZ,20210210,2.01,1.3767,2.517,20.5578,,1.7371,0.1017,0.1508,126134.1581,126017.7492
000523.SZ,20210209,2.06,1.1484,2.0996,21.0692,,1.7804,0.1043,0.1545,129271.8238,129152.5191
000523.SZ,20210208,2.05,1.566,2.8631,20.9669,,1.7717,0.1038,0.1538,128644.2906,128525.5651
000523.SZ,20210205,2.0,1.8229,3.3329,20.4555,,1.7285,0.1012,0.15,125506.625,125390.7952
000523.SZ,20210204,2.06,2.8234,5.162,21.0692,,1.7804,0.1043,0.1545,129271.8238,129152.5191
000523.SZ,20210203,2.07,5.84,10.6774,21.1715,,1.789,0.1048,0.1553,129899.3569,129779.473
000523.SZ,20210202,2.3,0.299,0.5467,23.5238,,1.9878,0.1164,0.1725,144332.6188,144199.4145
000523.SZ,20210201,2.55,0.307,0.5613,26.0808,,2.2038,0.1291,0.1913,160020.9469,159873.2639
000523.SZ,20210129,2.83,1.4837,2.7126,28.9446,,2.4458,0.1432,0.2123,177591.8744,177427.9752
000523.SZ,20210128,2.98,2.2575,4.1274,30.4787,,2.5755,0.1508,0.2235,187004.8713,186832.2848
000523.SZ,20210127,2.83,0.4161,0.7607,28.9446,,2.4458,0.1432,0.2123,177591.8744,177427.9752
000523.SZ,20210126,2.81,0.5655,1.034,28.74,,2.4285,0.1422,0.2108,176336.8081,176174.0673
000523.SZ,20210125,2.85,0.8544,1.5621,29.1491,,2.4631,0.1443,0.2138,178846.9406,178681.8832
000523.SZ,20210122,2.94,1.1046,2.0196,30.0696,,2.5409,0.1488,0.2205,184494.7388,184324.4689
000523.SZ,20210121,3.04,0.9731,1.7791,31.0924,,2.6273,0.1539,0.228,190770.07,190594.0087
000523.SZ,20210120,2.99,0.8622,1.5764,30.581,,2.5841,0.1513,0.2243,187632.4044,187459.2388
000523.SZ,20210119,3.03,1.2953,2.3683,30.9901,,2.6187,0.1534,0.2273,190142.5369,189967.0547
000523.SZ,20210118,3.02,1.8335,3.3523,30.8878,,2.61,0.1529,0.2265,189515.0038,189340.1008
000523.SZ,20210115,2.87,1.2398,2.2667,29.3537,,2.4804,0.1453,0.2153,180102.0069,179935.7911
000523.SZ,20210114,2.8,1.4968,2.7366,28.6377,,2.4199,0.1417,0.21,175709.275,175547.1133
000523.SZ,20210113,2.82,2.2708,4.1517,28.8423,,2.4372,0.1427,0.2115,176964.3413,176801.0212
000523.SZ,20210112,2.98,1.6569,3.0294,30.4787,,2.5755,0.1508,0.2235,187004.8713,186832.2848
000523.SZ,20210111,3.09,3.364,6.1504,31.6038,,2.6705,0.1564,0.2318,193907.7356,193728.7786
000523.SZ,20210108,3.43,1.9323,3.5328,35.0812,,2.9644,0.1736,0.2573,215243.8619,215045.2138
000523.SZ,20210107,3.4,1.8608,3.4022,34.7744,,2.9384,0.1721,0.255,213361.2625,213164.3518
000523.SZ,20210106,3.51,2.2181,4.0554,35.8994,,3.0335,0.1777,0.2633,220264.1269,220060.8456
000523.SZ,20210105,3.57,3.9841,7.2842,36.5131,,3.0854,0.1807,0.2678,224029.3256,223822.5694
000523.SZ,20210104,3.77,6.436,11.7671,38.5587,,3.2582,0.1908,0.2828,236579.9881,236361.649
000523.SZ,20201231,4.08,3.0392,5.5566,41.7293,,3.5261,0.2065,0.306,256033.515,255797.2222
000523.SZ,20201230,3.71,1.3312,2.4338,37.945,,3.2064,0.1878,0.2783,232814.7894,232599.9251
000523.SZ,20201229,3.37,0.5739,1.0492,34.4676,,2.9125,0.1706,0.2528,211478.6631,211283.4899
000523.SZ,20201228,3.36,1.015,1.8557,34.3653,,2.9039,0.1701,0.252,210851.13,210656.5359
000523.SZ,20201225,3.44,0.8604,1.573,35.1835,,2.973,0.1741,0.258,215871.395,215672.1677
000523.SZ,20201224,3.43,1.0827,1.9795,35.0812,,2.9644,0.1736,0.2573,215243.8619,215045.2138
000523.SZ,20201223,3.54,0.9448,1.7274,36.2063,,3.0594,0.1792,0.2655,222146.7263,221941.7075
000523.SZ,20201222,3.6,1.0873,1.9879,36.8199,,3.1113,0.1822,0.27,225911.925,225703.4314
000523.SZ,20201221,3.64,1.0262,1.8762,37.229,,3.1459,0.1842,0.273,228422.0575,228211.2473
000523.SZ,20201218,3.67,0.7188,1.3142,37.5359,,3.1718,0.1858,0.2753,230304.6569,230092.1092
000523.SZ,20201217,3.69,1.1077,2.0253,37.7404,,3.1891,0.1868,0.2768,231559.7231,231346.0171
000523.SZ,20201216,3.7,1.2969,2.3712,37.8427,,3.1977,0.1873,0.2775,232187.2563,231972.9711
000523.SZ,20201215,3.63,0.7173,1.3114,37.1268,,3.1372,0.1837,0.2723,227794.5244,227584.2933
000523.SZ,20201214,3.67,0.7947,1.453,37.5359,,3.1718,0.1858,0.2753,230304.6569,230092.1092
000523.SZ,20201211,3.62,0.9727,1.7784,37.0245,,3.1286,0.1832,0.2715,227166.9913,226957.3393
000523.SZ,20201210,3.71,0.9849,1.8006,37.945,,3.2064,0.1878,0.2783,232814.7894,232599.9251
000523.SZ,20201209,3.69,1.4622,2.6734,37.7404,,3.1891,0.1868,0.2768,231559.7231,231346.0171
000523.SZ,20201208,3.83,0.962,1.7588,39.1723,,3.3101,0.1939,0.2873,240345.1869,240123.3728
000523.SZ,20201207,3.84,1.9126,3.4968,39.2746,,3.3187,0.1944,0.288,240972.72,240750.3268
000523.SZ,20201204,3.99,2.9304,5.3577,40.8088,,3.4484,0.202,0.2993,250385.7169,250154.6364
000523.SZ,20201203,3.88,1.1165,2.0413,39.6837,,3.3533,0.1964,0.291,243482.8525,243258.1427
000523.SZ,20201202,3.91,1.0158,1.8571,39.9905,,3.3792,0.1979,0.2933,245365.4519,245139.0046
000523.SZ,20201201,3.95,1.4526,2.6558,40.3997,,3.4138,0.1999,0.2963,247875.5844,247646.8205
000523.SZ,20201130,3.93,1.5644,2.8602,40.1951,,3.3965,0.1989,0.2948,246620.5181,246392.9126
000523.SZ,20201127,4.03,2.2969,4.1995,41.2179,,3.4829,0.204,0.3023,252895.8494,252662.4523
000523.SZ,20201126,4.16,4.0576,7.4186,42.5475,,3.5953,0.2106,0.312,261053.78,260812.854
000523.SZ,20201125,4.03,1.9484,3.5622,41.2179,,3.4829,0.204,0.3023,252895.8494,252662.4523
000523.SZ,20201124,3.96,1.7791,3.2527,40.5019,,3.4224,0.2004,0.297,248503.1175,248273.7745
000523.SZ,20201123,4.03,2.9396,5.3745,41.2179,,3.4829,0.204,0.3023,252895.8494,252662.4523
000523.SZ,20201120,3.99,3.3521,6.1287,40.8088,,3.4484,0.202,0.2993,250385.7169,250154.6364
000523.SZ,20201119,4.2,5.2935,9.6781,42.9566,,3.6298,0.2126,0.315,263563.9125,263320.6699
000523.SZ,20201118,4.2,7.6371,13.963,42.9566,,3.6298,0.2126,0.315,263563.9125,263320.6699
000523.SZ,20201117,4.43,1.7336,3.1695,45.309,,3.8286,0.2242,0.3323,277997.1744,277740.6114
000523.SZ,20201116,4.03,1.6393,2.9971,41.2179,,3.4829,0.204,0.3023,252895.8494,252662.4523
000523.SZ,20201113,3.66,0.8738,1.5975,37.4336,,3.1632,0.1853,0.2745,229677.1238,229465.1552
000523.SZ,20201112,3.73,1.1369,2.0786,38.1495,,3.2236,0.1888,0.2798,234069.8556,233853.833
000523.SZ,20201111,3.61,1.3597,2.486,36.9222,,3.1199,0.1827,0.2708,226539.4581,226330.3853
000523.SZ,20201110,3.69,1.9111,3.4941,37.7404,,3.1891,0.1868,0.2768,231559.7231,231346.0171
000523.SZ,20201109,3.77,2.7234,4.9793,38.5587,,3.2582,0.1908,0.2828,236579.9881,236361.649
000523.SZ,20201106,3.64,1.8027,3.2959,37.229,,3.1459,0.1842,0.273,228422.0575,228211.2473
000523.SZ,20201105,3.67,2.5386,4.6413,37.5359,,3.1718,0.1858,0.2753,230304.6569,230092.1092
000523.SZ,20201104,3.48,1.3788,2.5209,35.5926,,3.0076,0.1761,0.261,218381.5275,218179.9836
000523.SZ,20201103,3.56,1.532,2.801,36.4108,,3.0767,0.1802,0.267,223401.7925,223195.6155
000523.SZ,20201102,3.61,3.2322,5.9095,36.9222,,3.1199,0.1827,0.2708,226539.4581,226330.3853
000523.SZ,20201030,3.5,1.5149,2.7697,35.7972,,1.233,0.1772,0.2206,219636.5938,219433.8916
000523.SZ,20201029,3.64,1.015,1.8558,37.229,,1.2823,0.1842,0.2294,228422.0575,228211.2473
000523.SZ,20201028,3.71,1.3306,2.4327,37.945,,1.3069,0.1878,0.2338,232814.7894,232599.9251
000523.SZ,20201027,3.66,0.8803,1.6094,37.4336,,1.2893,0.1853,0.2307,229677.1238,229465.1552
000523.SZ,20201026,3.71,1.1635,2.1273,37.945,,1.3069,0.1878,0.2338,232814.7894,232599.9251
000523.SZ,20201023,3.76,1.1978,2.19,38.4564,,1.3246,0.1903,0.237,235952.455,235734.695
000523.SZ,20201022,3.83,1.4199,2.596,39.1723,,1.3492,0.1939,0.2414,240345.1869,240123.3728
000523.SZ,20201021,3.83,1.1167,2.0416,39.1723,,1.3492,0.1939,0.2414,240345.1869,240123.3728
000523.SZ,20201020,3.91,1.1814,2.1599,39.9905,,1.3774,0.1979,0.2464,245365.4519,245139.0046
000523.SZ,20201019,3.89,1.8384,3.3612,39.786,,1.3704,0.1969,0.2451,244110.3856,243885.0967
000523.SZ,20201016,3.87,2.5103,4.5897,39.5814,,1.3633,0.1959,0.2439,242855.3194,242631.1887
000523.SZ,20201015,3.96,3.2474,5.9373,40.5019,,1.395,0.2004,0.2496,248503.1175,248273.7745
000523.SZ,20201014,4.08,2.4197,4.424,41.7293,,1.4373,0.2065,0.2571,256033.515,255797.2222
000523.SZ,20201013,4.15,2.9034,5.3083,42.4452,,1.4619,0.2101,0.2615,260426.2469,260185.9
000523.SZ,20201012,4.26,4.4512,8.1382,43.5703,,1.5007,0.2156,0.2685,267329.1113,267082.3938
000523.SZ,20201009,4.18,4.83,8.8308,42.752,,1.4725,0.2116,0.2634,262308.8463,262066.762
000523.SZ,20200930,4.17,7.3314,13.4041,42.6498,,1.469,0.2111,0.2628,261681.3131,261439.808
000523.SZ,20200929,4.62,0.2053,0.3754,47.2523,,1.6275,0.2339,0.2912,289920.3038,289652.7369
000523.SZ,20200928,5.13,0.1877,0.3431,52.4684,,1.8072,0.2597,0.3233,321924.4931,321627.3897
000523.SZ,20200925,5.7,0.835,1.5266,58.2982,,2.008,0.2885,0.3592,357693.8813,357363.7663
000523.SZ,20200924,5.75,0.4016,0.7342,58.8096,,2.0256,0.2911,0.3624,360831.5469,360498.5362
000523.SZ,20200923,5.85,0.3815,0.6975,59.8324,,2.0608,0.2961,0.3687,367106.8781,366768.076
000523.SZ,20200922,5.84,0.8855,1.6189,59.7301,,2.0573,0.2956,0.368,366479.345,366141.122
000523.SZ,20200921,5.92,0.6224,1.1379,60.5483,,2.0855,0.2997,0.3731,371499.61,371156.7538
000523.SZ,20200918,5.86,0.5839,1.0676,59.9347,,2.0643,0.2966,0.3693,367734.4113,367395.0299
000523.SZ,20200917,5.86,0.4968,0.9083,59.9347,,2.0643,0.2966,0.3693,367734.4113,367395.0299
000523.SZ,20200916,5.85,0.8848,1.6178,59.8324,,2.0608,0.2961,0.3687,367106.8781,366768.076
000523.SZ,20200915,5.75,0.239,0.437,58.8096,,2.0256,0.2911,0.3624,360831.5469,360498.5362
000523.SZ,20200914,5.76,0.4452,0.814,58.9119,,2.0291,0.2916,0.363,361459.08,361125.4902
000523.SZ,20200911,5.76,0.4674,0.8545,58.9119,,2.0291,0.2916,0.363,361459.08,361125.4902
000523.SZ,20200910,5.73,0.7086,1.2955,58.6051,,2.0185,0.29,0.3611,359576.4806,359244.6282
000523.SZ,20200909,5.85,0.9677,1.7693,59.8324,,2.0608,0.2961,0.3687,367106.8781,366768.076
000523.SZ,20200908,5.88,0.4646,0.8494,60.1392,,2.0714,0.2976,0.3706,368989.4775,368648.9379
000523.SZ,20200907,5.86,0.8607,1.5735,59.9347,,2.0643,0.2966,0.3693,367734.4113,367395.0299
000523.SZ,20200904,5.93,0.7924,1.4487,60.6506,,2.089,0.3002,0.3737,372127.1431,371783.7078
000523.SZ,20200903,5.86,0.769,1.406,59.9347,,2.0643,0.2966,0.3693,367734.4113,367395.0299
000523.SZ,20200902,5.93,0.729,1.3329,60.6506,,2.089,0.3002,0.3737,372127.1431,371783.7078
000523.SZ,20200901,5.94,0.7878,1.4403,60.7529,,2.0925,0.3007,0.3743,372754.6763,372410.6617
000523.SZ,20200831,6.0,0.7984,1.4598,61.3666,,2.1137,0.3037,0.3781,376519.875,376172.3856
000523.SZ,20200828,6.05,0.7114,1.3007,61.878,119.9751,2.0225,0.3062,0.3409,379657.5406,379303.0173
000523.SZ,20200827,6.02,0.76,1.3896,61.5711,119.3802,2.0124,0.3047,0.3392,377774.9413,377422.1759
000523.SZ,20200826,6.01,1.0205,1.8658,61.4688,119.1819,2.0091,0.3042,0.3386,377147.4081,376795.2287
000523.SZ,20200825,6.02,1.2202,2.2309,61.5711,119.3802,2.0124,0.3047,0.3392,377774.9413,377422.1759
000523.SZ,20200824,6.13,1.3035,2.3833,62.6962,121.5615,2.0492,0.3103,0.3454,384677.8056,384318.5944
000523.SZ,20200821,6.27,0.9434,1.7249,64.1281,124.3378,2.0821,0.3174,0.3533,393463.2694,393095.8543
000523.SZ,20200820,6.23,1.3787,2.5207,63.7189,123.5446,2.0688,0.3153,0.351,390953.1369,390588.0657
000523.SZ,20200819,6.35,2.3241,4.2491,64.9463,125.9243,2.1086,0.3214,0.3578,398483.5344,398111.4314
000523.SZ,20200818,6.39,2.7536,5.0344,65.3554,126.7175,2.1219,0.3234,0.36,400993.6669,400619.2199
000523.SZ,20200817,6.33,2.7004,4.9371,64.7417,125.5277,2.102,0.3204,0.3566,397228.4681,396857.5371
000523.SZ,20200814,6.28,6.1285,11.205,64.2303,124.5361,2.0854,0.3179,0.3538,394090.8025,393722.8014
000523.SZ,20200813,6.74,8.6495,15.8142,68.9351,133.6582,2.2382,0.3412,0.3797,422957.3263,422562.3697
000523.SZ,20200812,6.13,1.2885,2.3558,62.6962,121.5615,2.0356,0.3103,0.3454,384677.8056,384318.5944
000523.SZ,20200811,6.08,1.1669,2.1335,62.1848,120.57,2.019,0.3078,0.3426,381540.14,381183.8587
000523.SZ,20200810,6.26,1.2446,2.2755,64.0258,124.1395,2.0788,0.3169,0.3527,392835.7363,392468.9071
000523.SZ,20200807,6.27,1.5717,2.8736,64.1281,124.3378,2.0821,0.3174,0.3533,393463.2694,393095.8543
000523.SZ,20200806,6.19,1.4486,2.6484,63.3098,122.7514,2.0555,0.3133,0.3488,388443.0044,388080.2772
000523.SZ,20200805,6.33,1.987,3.6329,64.7417,125.5277,2.102,0.3204,0.3566,397228.4681,396857.5371
000523.SZ,20200804,6.34,2.8109,5.1393,64.844,125.726,2.1053,0.3209,0.3572,397856.0013,397484.4842
000523.SZ,20200803,6.15,1.5731,2.8762,62.9007,121.9581,2.0422,0.3113,0.3465,385932.8719,385572.4886
000523.SZ,20200731,6.03,1.1074,2.0247,61.6734,119.5785,2.0024,0.3052,0.3397,378402.4744,378049.123
000523.SZ,20200730,6.04,1.2235,2.2369,61.7757,119.7768,2.0057,0.3057,0.3403,379030.0075,378676.0701
000523.SZ,20200729,6.09,1.2363,2.2604,62.2871,120.7683,2.0223,0.3083,0.3431,382167.6731,381810.8058
000523.SZ,20200728,6.04,1.3514,2.4707,61.7757,119.7768,2.0057,0.3057,0.3403,379030.0075,378676.0701
000523.SZ,20200727,6.12,1.9362,3.5401,62.5939,121.3632,2.0323,0.3098,0.3448,384050.2725,383691.6472
000523.SZ,20200724,5.97,4.1295,7.5501,61.0597,118.3886,1.9825,0.3022,0.3364,374637.2756,374287.4402
000523.SZ,20200723,6.5,6.4297,11.7556,66.4804,128.8989,2.1585,0.329,0.3662,407896.5313,407515.6384
000523.SZ,20200722,6.1,2.7317,4.9945,62.3893,120.9666,2.0256,0.3088,0.3437,382795.2063,382437.753
000523.SZ,20200721,5.85,0.9743,1.7814,59.8324,116.009,1.9426,0.2961,0.3296,367106.8781,366764.0746
000523.SZ,20200720,5.79,1.1041,2.0187,59.2187,114.8191,1.9227,0.2931,0.3262,363341.6794,363002.3917
000523.SZ,20200717,5.63,1.0685,1.9535,57.5823,111.6462,1.8696,0.285,0.3172,353301.1494,352971.2376
000523.SZ,20200716,5.65,1.8417,3.3673,57.7868,112.0428,1.8762,0.286,0.3183,354556.2156,354225.1318
000523.SZ,20200715,5.83,3.6938,6.7535,59.6278,115.6124,1.936,0.2951,0.3285,365851.8119,365510.1803
000523.SZ,20200714,6.2,2.2871,4.1816,63.4121,122.9497,2.0588,0.3138,0.3493,389070.5375,388707.2243
000523.SZ,20200713,6.28,3.011,5.5051,64.2303,124.5361,2.0854,0.3179,0.3538,394090.8025,393722.8014
000523.SZ,20200710,6.03,2.3092,4.222,61.6734,119.5785,2.0024,0.3052,0.3397,378402.4744,378049.123
000523.SZ,20200709,5.97,2.2797,4.168,61.0597,118.3886,1.9825,0.3022,0.3364,374637.2756,374287.4402
000523.SZ,20200708,5.88,2.1483,3.9278,60.1392,116.6039,1.9526,0.2976,0.3313,368989.4775,368644.916
000523.SZ,20200707,5.88,2.9148,5.3291,60.1392,116.6039,1.9526,0.2976,0.3313,368989.4775,368644.916
000523.SZ,20200706,5.79,2.3941,4.3772,59.2187,114.8191,1.9227,0.2931,0.3262,363341.6794,363002.3917
000523.SZ,20200703,5.63,1.4727,2.6925,57.5823,111.6462,1.8696,0.285,0.3172,353301.1494,352971.2376
000523.SZ,20200702,5.55,1.2156,2.2226,56.7641,110.0598,1.843,0.2809,0.3127,348280.8844,347955.6605
000523.SZ,20200701,5.57,1.4203,2.5968,56.9686,110.4564,1.8496,0.2819,0.3138,349535.9506,349209.5548
000523.SZ,20200630,5.51,0.7734,1.4141,56.355,109.2666,1.8297,0.2789,0.3104,345770.7519,345447.8719
000523.SZ,20200629,5.44,0.515,0.9416,55.639,107.8784,1.8065,0.2754,0.3065,341378.02,341059.242
000523.SZ,20200624,5.43,0.7201,1.3166,55.5367,107.6801,1.8031,0.2749,0.3059,340750.4869,340432.2948
000523.SZ,20200623,5.51,0.5992,1.0955,56.355,109.2666,1.8297,0.2789,0.3104,345770.7519,345447.8719
000523.SZ,20200622,5.55,0.6784,1.2403,56.7641,110.0598,1.843,0.2809,0.3127,348280.8844,347955.6605
000523.SZ,20200619,5.59,0.8266,1.5113,57.1732,110.853,1.8563,0.283,0.315,350791.0169,350463.449
000523.SZ,20200618,5.58,0.6699,1.2248,57.0709,110.6547,1.853,0.2824,0.3144,350163.4838,349836.5019
000523.SZ,20200617,5.59,0.7064,1.2915,57.1732,110.853,1.8563,0.283,0.315,350791.0169,350463.449
000523.SZ,20200616,5.56,0.7254,1.3262,56.8663,110.2581,1.8463,0.2814,0.3133,348908.4175,348582.6076
000523.SZ,20200615,5.52,0.7564,1.383,56.4572,109.4649,1.833,0.2794,0.311,346398.285,346074.8191
000523.SZ,20200612,5.54,0.734,1.342,56.6618,109.8615,1.8397,0.2804,0.3121,347653.3513,347328.7133
000523.SZ,20200611,5.55,0.7154,1.3081,56.7641,110.0598,1.843,0.2809,0.3127,348280.8844,347955.6605
000523.SZ,20200610,5.61,0.4567,0.835,57.3777,111.2496,1.8629,0.284,0.3161,352046.0831,351717.3433
000523.SZ,20200609,5.68,0.6165,1.1272,58.0937,112.6378,1.8862,0.2875,0.32,356438.815,356105.9732
000523.SZ,20200608,5.66,0.8149,1.4899,57.8891,112.2412,1.8795,0.2865,0.3189,355183.7488,354852.079
000523.SZ,20200605,5.73,1.2015,2.1968,58.6051,113.6293,1.9028,0.29,0.3228,359576.4806,359240.7089
000523.SZ,20200604,5.86,1.7869,3.267,59.9347,116.2073,1.9459,0.2966,0.3302,367734.4113,367391.0217
000523.SZ,20200603,5.69,0.864,1.5796,58.196,112.8361,1.8895,0.288,0.3206,357066.3481,356732.9204
000523.SZ,20200602,5.7,1.227,2.2434,58.2982,113.0344,1.8928,0.2885,0.3212,357693.8813,357359.8675
000523.SZ,20200601,5.58,0.8466,1.5478,57.0709,110.6547,1.853,0.2824,0.3144,350163.4838,349836.5019
000523.SZ,20200529,5.48,0.5125,0.9371,56.0481,108.6716,1.8197,0.2774,0.3088,343888.1525,343567.0305
000523.SZ,20200528,5.45,0.7446,1.3613,55.7413,108.0767,1.8098,0.2759,0.3071,342005.5531,341686.1891
000523.SZ,20200527,5.53,0.7478,1.3672,56.5595,109.6632,1.8363,0.2799,0.3116,347025.8181,346701.7662
000523.SZ,20200526,5.62,0.7795,1.4253,57.48,111.4479,1.8662,0.2845,0.3166,352673.6163,352344.2904
000523.SZ,20200525,5.57,0.9825,1.7963,56.9686,110.4564,1.8496,0.2819,0.3138,349535.9506,349209.5548
000523.SZ,20200522,5.68,1.4351,2.6239,58.0937,112.6378,1.8862,0.2875,0.32,356438.815,356105.9732
000523.SZ,20200521,5.77,2.9484,5.3906,59.0142,114.4225,1.916,0.2921,0.3251,362086.6131,361748.4975
000523.SZ,20200520,5.57,1.5774,2.884,56.9686,110.4564,1.8496,0.2819,0.3138,349535.9506,349209.5548
000523.SZ,20200519,5.52,0.6999,1.2796,56.4572,109.4649,1.833,0.2794,0.311,346398.285,346074.8191
000523.SZ,20200518,5.51,0.9182,1.6788,56.355,109.2666,1.8297,0.2789,0.3104,345770.7519,345447.8719
000523.SZ,20200515,5.64,1.0027,1.8333,57.6846,111.8445,1.8729,0.2855,0.3178,353928.6825,353598.1847
000523.SZ,20200514,5.57,0.7316,1.3377,56.9686,110.4564,1.8496,0.2819,0.3138,349535.9506,349209.5548
000523.SZ,20200513,5.72,1.2446,2.2756,58.5028,113.431,1.8994,0.2895,0.3223,358948.9475,358613.7618
000523.SZ,20200512,5.56,0.7498,1.3709,56.8663,110.2581,1.8463,0.2814,0.3133,348908.4175,348582.6076
000523.SZ,20200511,5.61,0.8589,1.5704,57.3777,111.2496,1.8629,0.284,0.3161,352046.0831,351717.3433
000523.SZ,20200508,5.71,0.568,1.0386,58.4005,113.2327,1.8961,0.289,0.3217,358321.4144,357986.8147
000523.SZ,20200507,5.65,0.6983,1.2766,57.7868,112.0428,1.8762,0.286,0.3183,354556.2156,354225.1318
000523.SZ,20200506,5.74,0.7314,1.3373,58.7073,113.8276,1.9061,0.2905,0.3234,360204.0138,359867.6561
000523.SZ,20200430,5.65,0.759,1.3878,57.7868,112.0428,1.8762,0.286,0.3183,354556.2156,354225.1318
000523.SZ,20200429,5.53,0.7356,1.3449,56.5595,109.6632,1.8363,0.2799,0.3116,347025.8181,346701.7662
000523.SZ,20200428,5.62,1.7989,3.289,57.48,111.4479,1.8662,0.2845,0.3166,352673.6163,352344.2904
000523.SZ,20200427,5.88,0.7401,1.3531,60.1392,60.1392,1.9333,0.2976,0.2976,368989.4775,368644.916
000523.SZ,20200424,6.01,0.9865,1.8036,61.4688,61.4688,1.976,0.3042,0.3042,377147.4081,376795.2287
000523.SZ,20200423,6.18,1.0077,1.8424,63.2076,63.2076,2.0319,0.3128,0.3128,387815.4713,387453.33
000523.SZ,20200422,6.13,0.9576,1.7509,62.6962,62.6962,2.0155,0.3103,0.3103,384677.8056,384318.5944
000523.SZ,20200421,6.14,1.4059,2.5704,62.7984,62.7984,2.0188,0.3108,0.3108,385305.3388,384945.5415
000523.SZ,20200420,6.12,1.1941,2.1831,62.5939,62.5939,2.0122,0.3098,0.3098,384050.2725,383691.6472
000523.SZ,20200417,6.17,1.9768,3.6142,63.1053,63.1053,2.0286,0.3123,0.3123,387187.9381,386826.3829
000523.SZ,20200416,6.34,1.8908,3.4569,64.844,64.844,2.0845,0.3209,0.3209,397856.0013,397484.4842
000523.SZ,20200415,6.45,5.186,9.4817,65.9691,65.9691,2.1207,0.3265,0.3265,404758.8656,404380.9027
000523.SZ,20200414,7.16,1.689,3.0883,134.9606,130.8208,2.3012,0.3752,0.3584,449313.7175,448862.6311
000523.SZ,20200413,7.11,1.6561,3.0281,134.0181,129.9072,2.2852,0.3726,0.3559,446176.0519,445728.1155
000523.SZ,20200410,7.01,1.5018,2.7459,132.1332,128.0801,2.253,0.3674,0.3509,439900.7206,439459.0843
000523.SZ,20200409,7.05,2.0066,3.6689,132.8871,128.811,2.2659,0.3695,0.3529,442410.8531,441966.6968
000523.SZ,20200408,7.01,2.2321,4.0812,132.1332,128.0801,2.253,0.3674,0.3509,439900.7206,439459.0843
000523.SZ,20200407,6.9,2.3133,4.2297,130.0598,126.0703,2.2177,0.3616,0.3454,432997.8563,432563.15
000523.SZ,20200403,6.58,0.7285,1.3321,124.028,120.2236,2.1148,0.3448,0.3294,412916.7963,412502.2503
000523.SZ,20200402,6.6,0.9166,1.676,124.405,120.589,2.1213,0.3459,0.3304,414171.8625,413756.0566
000523.SZ,20200401,6.53,1.2604,2.3045,123.0855,119.31,2.0988,0.3422,0.3269,409779.1306,409367.7347
000523.SZ,20200331,6.67,1.8098,3.309,125.7244,121.868,2.1437,0.3496,0.3339,418564.5944,418144.3784
000523.SZ,20200330,6.51,1.1736,2.1458,122.7085,118.9446,2.0923,0.3412,0.3259,408524.0644,408113.9285
000523.SZ,20200327,6.56,1.3596,2.4859,123.651,119.8581,2.1084,0.3438,0.3284,411661.73,411248.4441
000523.SZ,20200326,6.42,0.8509,1.5558,121.0121,117.3002,2.0634,0.3365,0.3214,402876.2663,402471.8005
000523.SZ,20200325,6.45,0.9395,1.7178,121.5776,117.8483,2.073,0.338,0.3229,404758.8656,404352.5098
000523.SZ,20200324,6.33,0.9867,1.804,119.3157,115.6558,2.0345,0.3317,0.3169,397228.4681,396829.6724
000523.SZ,20200323,6.21,1.0752,1.9659,117.0538,113.4633,1.9959,0.3254,0.3108,389698.0706,389306.835
000523.SZ,20200320,6.57,0.9934,1.8163,123.8395,120.0408,2.1116,0.3443,0.3289,412289.2631,411875.3472
000523.SZ,20200319,6.51,1.3926,2.5462,122.7085,118.9446,2.0923,0.3412,0.3259,408524.0644,408113.9285
000523.SZ,20200318,6.58,1.5695,2.8698,124.028,120.2236,2.1148,0.3448,0.3294,412916.7963,412502.2503
000523.SZ,20200317,6.87,2.6895,4.9175,129.4943,125.5222,2.208,0.36,0.3439,431115.2569,430682.4407
000523.SZ,20200316,6.76,2.6818,4.9036,127.4209,123.5124,2.1727,0.3543,0.3384,424212.3925,423786.5064
000523.SZ,20200313,6.79,2.096,3.8324,127.9863,124.0605,2.1823,0.3558,0.3399,426094.9919,425667.2158
000523.SZ,20200312,6.65,1.4782,2.7027,125.3474,121.5025,2.1373,0.3485,0.3329,417309.5281,416890.5721
000523.SZ,20200311,6.85,1.463,2.6749,129.1173,125.1567,2.2016,0.359,0.3429,429860.1906,429428.6345
000523.SZ,20200310,6.96,1.7795,3.2537,131.1907,127.1666,2.237,0.3648,0.3484,436763.055,436324.5687
000523.SZ,20200309,6.93,2.1814,3.9885,130.6252,126.6184,2.2273,0.3632,0.3469,434880.4556,434443.8594
000523.SZ,20200306,7.19,1.8567,3.3948,135.526,131.3689,2.3109,0.3768,0.3599,451196.3169,450743.3404
000523.SZ,20200305,7.16,2.057,3.7611,134.9606,130.8208,2.3012,0.3752,0.3584,449313.7175,448862.6311
000523.SZ,20200304,7.02,1.5875,2.9027,132.3217,128.2628,2.2562,0.3679,0.3514,440528.2538,440085.9874
000523.SZ,20200303,7.04,1.7576,3.2137,132.6986,128.6282,2.2627,0.3689,0.3524,441783.32,441339.7937
000523.SZ,20200302,7.06,1.4739,2.695,133.0756,128.9937,2.2691,0.37,0.3534,443038.3863,442593.5999
000523.SZ,20200228,6.87,2.3899,4.3699,129.4943,125.5222,2.208,0.36,0.3439,431115.2569,430682.4407
000523.SZ,20200227,7.22,1.9972,3.6518,136.0915,131.917,2.3205,0.3784,0.3614,453078.9163,452624.0498
000523.SZ,20200226,7.3,3.3181,6.067,137.5994,133.3787,2.3462,0.3826,0.3654,458099.1813,457639.2747
000523.SZ,20200225,7.58,5.5153,10.0844,142.8772,138.4946,2.4362,0.3972,0.3794,475670.1088,475192.5619
000523.SZ,20200224,7.32,3.042,5.5621,137.9764,133.7441,2.3527,0.3836,0.3664,459354.2475,458893.0809
000523.SZ,20200221,7.15,2.1748,3.9765,134.7721,130.6381,2.298,0.3747,0.3579,448686.1844,448235.7279
000523.SZ,20200220,7.19,1.9726,3.6068,135.526,131.3689,2.3109,0.3768,0.3599,451196.3169,450743.3404
000523.SZ,20200219,7.14,2.577,4.7119,134.5836,130.4554,2.2948,0.3742,0.3574,448058.6513,447608.8248
000523.SZ,20200218,7.4,4.1153,7.5245,139.4844,135.2058,2.3784,0.3878,0.3704,464374.5125,463908.3058
000523.SZ,20200217,7.14,2.2043,4.0304,134.5836,130.4554,2.2948,0.3742,0.3574,448058.6513,447608.8248
000523.SZ,20200214,6.92,1.737,3.176,130.4367,126.4357,2.2241,0.3627,0.3464,434252.9225,433816.9563
000523.SZ,20200213,7.02,2.7295,4.9908,132.3217,128.2628,2.2562,0.3679,0.3514,440528.2538,440085.9874
000523.SZ,20200212,7.21,2.1854,3.9958,135.903,131.7343,2.3173,0.3779,0.3609,452451.3831,451997.1466
000523.SZ,20200211,7.19,3.9603,7.2412,135.526,131.3689,2.3109,0.3768,0.3599,451196.3169,450743.3404
000523.SZ,20200210,7.58,4.3298,7.9168,142.8772,138.4946,2.4362,0.3972,0.3794,475670.1088,475192.5619
000523.SZ,20200207,7.63,7.1578,13.0875,143.8197,139.4082,2.4523,0.3999,0.3819,478807.7744,478327.0775
000523.SZ,20200206,7.88,8.3399,15.249,148.532,143.9759,2.5326,0.413,0.3944,494496.1025,493999.6554
000523.SZ,20200205,7.32,6.3968,11.6962,137.9764,133.7441,2.3527,0.3836,0.3664,459354.2475,458893.0809
000523.SZ,20200204,6.83,4.2569,7.7834,128.7403,124.7913,2.1952,0.3579,0.3419,428605.1244,428174.8282
000523.SZ,20200203,6.77,5.7593,10.5305,127.6094,123.6951,2.1759,0.3548,0.3389,424839.9256,424413.4095
000523.SZ,20200123,6.63,2.9292,5.3558,124.9705,121.1371,2.1309,0.3475,0.3319,416054.4619,415636.7659
000523.SZ,20200122,7.05,1.9475,3.5608,132.8871,128.811,2.2659,0.3695,0.3529,442410.8531,441966.6968
000523.SZ,20200121,7.15,1.6126,2.9485,134.7721,130.6381,2.298,0.3747,0.3579,448686.1844,448235.7279
000523.SZ,20200120,7.31,2.4491,4.4781,137.7879,133.5614,2.3494,0.3831,0.3659,458726.7144,458266.1778
000523.SZ,20200117,7.2,1.7603,3.2187,135.7145,131.5516,2.3141,0.3773,0.3604,451823.85,451370.2435
000523.SZ,20200116,7.24,1.5983,2.9223,136.4685,132.2825,2.3269,0.3794,0.3624,454333.9825,453877.856
000523.SZ,20200115,7.18,1.4054,2.5698,135.3375,131.1862,2.3077,0.3763,0.3594,450568.7838,450116.4373
000523.SZ,20200114,7.27,2.3346,4.2686,137.034,132.8306,2.3366,0.381,0.3639,456216.5819,455758.5653
000523.SZ,20200113,7.26,1.1692,2.1379,136.8455,132.6479,2.3334,0.3805,0.3634,455589.0488,455131.6622
000523.SZ,20200110,7.26,1.6132,2.9497,136.8455,132.6479,2.3334,0.3805,0.3634,455589.0488,455131.6622
000523.SZ,20200109,7.26,2.0336,3.7183,136.8455,132.6479,2.3334,0.3805,0.3634,455589.0488,455131.6622
000523.SZ,20200108,7.17,3.2876,6.0112,135.149,131.0035,2.3044,0.3758,0.3589,449941.2506,449489.5342
000523.SZ,20200107,7.42,2.4123,4.4108,139.8614,135.5712,2.3848,0.3889,0.3714,465629.5788,465162.1121
000523.SZ,20200106,7.38,2.9363,5.3688,139.1074,134.8404,2.3719,0.3868,0.3694,463119.4463,462654.4996
000523.SZ,20200103,7.5,3.8532,7.0453,141.3693,137.0329,2.4105,0.3931,0.3754,470649.8438,470177.337
000523.SZ,20200102,7.5,3.2509,5.9441,141.3693,137.0329,2.4105,0.3931,0.3754,470649.8438,470177.337
