ts_code,trade_date,close,turnover_rate,turnover_rate_f,pe,pe_ttm,pb,ps,ps_ttm,total_mv,circ_mv
000531.SZ,20260421,6.88,4.2899,9.0041,23.6857,23.6857,1.0621,1.73,1.73,716484.1164,625904.8957
000531.SZ,20260420,6.78,2.3756,4.9861,23.3414,23.3414,1.0467,1.7049,1.7049,706070.1031,616807.4409
000531.SZ,20260417,6.72,1.7813,3.7388,23.1349,23.1349,1.0374,1.6898,1.6898,699821.6951,611348.9679
000531.SZ,20260416,6.68,1.5005,3.1494,22.9972,22.9972,1.0312,1.6797,1.6797,695656.0898,607709.986
000531.SZ,20260415,6.62,1.8789,3.9435,22.7906,22.7906,1.022,1.6646,1.6646,689407.6818,602251.5131
000531.SZ,20260414,6.68,2.6146,5.4878,22.9972,22.9972,1.0312,1.6797,1.6797,695656.0898,607709.986
000531.SZ,20260413,6.63,2.0473,4.297,22.825,22.825,1.0235,1.6672,1.6672,690449.0831,603161.2585
000531.SZ,20260410,6.47,2.8633,6.0098,22.2742,22.2742,0.9988,1.6269,1.6269,673786.6618,588605.3307
000531.SZ,20260409,6.61,1.8645,3.9133,41.3111,16.3082,0.9971,1.6013,1.6633,688366.2805,601341.7676
000531.SZ,20260408,6.75,1.8879,3.9624,42.1861,16.6536,1.0182,1.6352,1.6985,702945.8991,614078.2044
000531.SZ,20260407,6.58,1.9005,3.989,41.1236,16.2342,0.9925,1.594,1.6557,685242.0765,598612.5311
000531.SZ,20260403,6.47,2.6914,5.649,40.4361,15.9628,0.9759,1.5674,1.628,673786.6618,588605.3307
000531.SZ,20260402,6.75,2.6658,5.5953,42.1861,16.6536,1.0182,1.6352,1.6985,702945.8991,614078.2044
000531.SZ,20260401,6.86,3.9087,8.2039,42.8735,16.925,1.0348,1.6619,1.7262,714401.3138,624085.4048
000531.SZ,20260331,6.96,5.0313,10.5602,43.4985,17.1718,1.0498,1.6861,1.7513,724815.3271,633182.8596
000531.SZ,20260330,7.27,6.6497,13.9569,45.4359,17.9366,1.0966,1.7612,1.8293,757098.7684,661384.9698
000531.SZ,20260327,8.02,7.4757,15.6907,50.1233,19.787,1.2097,1.9429,2.0181,835203.8683,729615.8814
000531.SZ,20260326,8.42,11.8833,24.9416,52.6232,20.7739,1.2701,2.0398,2.1187,876859.9215,766005.7009
000531.SZ,20260325,8.03,12.7163,26.6901,50.1858,19.8117,1.2112,1.9453,2.0206,836245.2696,730525.6269
000531.SZ,20260324,7.88,11.0698,23.2343,49.2483,19.4416,1.1886,1.909,1.9828,820624.2496,716879.4445
000531.SZ,20260323,7.22,4.2998,9.0247,45.1235,17.8132,1.0891,1.7491,1.8168,751891.7617,656836.2423
000531.SZ,20260320,7.35,4.7018,9.8686,45.9359,18.134,1.1087,1.7806,1.8495,765429.979,668662.9337
000531.SZ,20260319,7.27,3.8035,7.983,45.4359,17.9366,1.0966,1.7612,1.8293,757098.7684,661384.9698
000531.SZ,20260318,7.32,4.016,8.4292,45.7484,18.0599,1.1041,1.7733,1.8419,762305.775,665933.6972
000531.SZ,20260317,6.98,1.5329,3.2174,43.6235,17.2211,1.0529,1.6909,1.7564,726898.1297,635002.3506
000531.SZ,20260316,7.04,2.346,4.924,43.9985,17.3691,1.0619,1.7055,1.7715,733146.5377,640460.8236
000531.SZ,20260313,7.16,3.7788,7.9312,44.7485,17.6652,1.08,1.7345,1.8017,745643.3537,651377.7694
000531.SZ,20260312,7.49,4.4585,9.3579,46.8109,18.4794,1.1298,1.8145,1.8847,780009.5977,681399.3705
000531.SZ,20260311,7.24,2.564,5.3816,45.2484,17.8626,1.0921,1.7539,1.8218,753974.5644,658655.7333
000531.SZ,20260310,7.1,2.1909,4.5984,44.3735,17.5172,1.071,1.72,1.7866,739394.9457,645919.2965
000531.SZ,20260309,7.15,2.9462,6.1837,44.686,17.6405,1.0785,1.7321,1.7991,744601.9524,650468.0239
000531.SZ,20260306,7.07,2.495,5.2367,44.186,17.4431,1.0664,1.7127,1.779,736270.7417,643190.06
000531.SZ,20260305,6.83,1.4408,3.0241,42.686,16.851,1.0302,1.6546,1.7186,711277.1098,621356.1683
000531.SZ,20260304,6.76,2.0512,4.3053,42.2486,16.6783,1.0197,1.6376,1.701,703987.3004,614987.9499
000531.SZ,20260303,6.77,2.6867,5.6391,42.311,16.703,1.0212,1.6401,1.7035,705028.7018,615897.6954
000531.SZ,20260302,6.94,3.3225,6.9735,43.3735,17.1224,1.0468,1.6812,1.7463,722732.5244,631363.3687
000531.SZ,20260227,6.92,2.5013,5.2499,43.2485,17.0731,1.0438,1.6764,1.7413,720649.7217,629543.8777
000531.SZ,20260226,6.65,1.6144,3.3885,41.5611,16.4069,1.0031,1.611,1.6733,692531.8858,604980.7495
000531.SZ,20260225,6.51,1.4413,3.0252,40.6861,16.0615,0.982,1.5771,1.6381,677952.2671,592244.3127
000531.SZ,20260224,6.44,1.4088,2.9569,40.2486,15.8888,0.9714,1.5601,1.6205,670662.4578,585876.0943
000531.SZ,20260213,6.29,1.4229,2.9865,39.3112,15.5187,0.9488,1.5238,1.5827,655041.4378,572229.912
000531.SZ,20260212,6.42,1.471,3.0875,40.1236,15.8395,0.9684,1.5553,1.6155,668579.6551,584056.6033
000531.SZ,20260211,6.39,1.1253,2.3619,39.9361,15.7654,0.9639,1.548,1.6079,665455.4511,581327.3668
000531.SZ,20260210,6.35,1.0338,2.1698,39.6861,15.6668,0.9578,1.5383,1.5978,661289.8458,577688.3849
000531.SZ,20260209,6.35,1.2744,2.6747,39.6861,15.6668,0.9578,1.5383,1.5978,661289.8458,577688.3849
000531.SZ,20260206,6.31,1.121,2.3528,39.4361,15.5681,0.9518,1.5286,1.5878,657124.2405,574049.4029
000531.SZ,20260205,6.25,1.5044,3.1576,39.0612,15.42,0.9427,1.5141,1.5727,650875.8325,568590.93
000531.SZ,20260204,6.35,2.1111,4.431,39.6861,15.6668,0.9578,1.5383,1.5978,661289.8458,577688.3849
000531.SZ,20260203,6.23,1.8948,3.9769,38.9362,15.3707,0.9397,1.5092,1.5676,648793.0298,566771.439
000531.SZ,20260202,6.2,3.2006,6.7176,38.7487,15.2967,0.9352,1.502,1.5601,645668.8258,564042.2026
000531.SZ,20260130,6.46,4.0939,8.5927,40.3736,15.9382,0.9744,1.565,1.6255,672745.2605,587695.5852
000531.SZ,20260129,7.02,1.2814,2.6894,43.8735,17.3198,1.0589,1.7006,1.7664,731063.7351,638641.3326
000531.SZ,20260128,7.15,1.0175,2.1356,44.686,17.6405,1.0785,1.7321,1.7991,744601.9524,650468.0239
000531.SZ,20260127,7.12,1.3049,2.7389,44.4985,17.5665,1.074,1.7249,1.7916,741477.7484,647738.7875
000531.SZ,20260126,7.28,1.3767,2.8896,45.4984,17.9613,1.0981,1.7636,1.8319,758140.1697,662294.7153
000531.SZ,20260123,7.22,1.2894,2.7062,45.1235,17.8132,1.0891,1.7491,1.8168,751891.7617,656836.2423
000531.SZ,20260122,7.19,1.544,3.2408,44.936,17.7392,1.0845,1.7418,1.8092,748767.5577,654107.0059
000531.SZ,20260121,7.02,1.1778,2.4721,43.8735,17.3198,1.0589,1.7006,1.7664,731063.7351,638641.3326
000531.SZ,20260120,7.1,1.5594,3.2729,44.3735,17.5172,1.071,1.72,1.7866,739394.9457,645919.2965
000531.SZ,20260119,7.05,1.5961,3.35,44.061,17.3938,1.0634,1.7079,1.774,734187.9391,641370.569
000531.SZ,20260116,6.86,1.2801,2.6868,42.8735,16.925,1.0348,1.6619,1.7262,714401.3138,624085.4048
000531.SZ,20260115,6.84,0.9795,2.056,42.7485,16.8757,1.0317,1.657,1.7211,712318.5111,622265.9138
000531.SZ,20260114,6.87,1.7794,3.7348,42.936,16.9497,1.0363,1.6643,1.7287,715442.7151,624995.1503
000531.SZ,20260113,6.92,1.7468,3.6663,43.2485,17.0731,1.0438,1.6764,1.7413,720649.7217,629543.8777
000531.SZ,20260112,6.95,2.3401,4.9116,43.436,17.1471,1.0483,1.6837,1.7488,723773.9257,632273.1142
000531.SZ,20260109,6.87,3.0809,6.4664,42.936,16.9497,1.0363,1.6643,1.7287,715442.7151,624995.1503
000531.SZ,20260108,6.65,1.0713,2.2486,41.5611,16.4069,1.0031,1.611,1.6733,692531.8858,604980.7495
000531.SZ,20260107,6.64,1.5543,3.2624,41.4986,16.3822,1.0016,1.6086,1.6708,691490.4844,604071.004
000531.SZ,20260106,6.56,1.1406,2.394,40.9986,16.1849,0.9895,1.5892,1.6507,683159.2738,596793.0401
000531.SZ,20260105,6.47,0.9514,1.997,40.4361,15.9628,0.9759,1.5674,1.628,673786.6618,588605.3307
000531.SZ,20251231,6.41,0.7963,1.6713,40.0611,15.8148,0.9669,1.5529,1.6129,667538.2538,583146.8578
000531.SZ,20251230,6.47,1.0114,2.1228,40.4361,15.9628,0.9673,1.5674,1.628,673786.6618,588605.3307
000531.SZ,20251229,6.58,1.1003,2.3094,41.1236,16.2342,0.9837,1.594,1.6557,685242.0765,598612.5311
000531.SZ,20251226,6.61,0.8324,1.7471,41.3111,16.3082,0.9882,1.6013,1.6633,688366.2805,601341.7676
000531.SZ,20251225,6.62,0.7478,1.5696,41.3736,16.3329,0.9897,1.6037,1.6658,689407.6818,602251.5131
000531.SZ,20251224,6.56,1.1804,2.4776,40.9986,16.1849,0.9807,1.5892,1.6507,683159.2738,596793.0401
000531.SZ,20251223,6.65,1.3303,2.7922,41.5611,16.4069,0.9942,1.611,1.6733,692531.8858,604980.7495
000531.SZ,20251222,6.56,0.8054,1.6904,40.9986,16.1849,0.9807,1.5892,1.6507,683159.2738,596793.0401
000531.SZ,20251219,6.49,0.7823,1.642,40.5611,16.0122,0.9702,1.5722,1.6331,675869.4645,590424.8217
000531.SZ,20251218,6.4,0.6241,1.3099,39.9986,15.7901,0.9568,1.5504,1.6104,666496.8525,582237.1123
000531.SZ,20251217,6.4,1.037,2.1766,39.9986,15.7901,0.9568,1.5504,1.6104,666496.8525,582237.1123
000531.SZ,20251216,6.41,0.9273,1.9463,40.0611,15.8148,0.9583,1.5529,1.6129,667538.2538,583146.8578
000531.SZ,20251215,6.52,1.1831,2.4833,40.7486,16.0862,0.9747,1.5795,1.6406,678993.6685,593154.0582
000531.SZ,20251212,6.46,1.0841,2.2754,40.3736,15.9382,0.9658,1.565,1.6255,672745.2605,587695.5852
000531.SZ,20251211,6.43,0.8026,1.6846,40.1861,15.8641,0.9613,1.5577,1.618,669621.0565,584966.3488
000531.SZ,20251210,6.46,0.7031,1.4758,40.3736,15.9382,0.9658,1.565,1.6255,672745.2605,587695.5852
000531.SZ,20251209,6.43,0.6657,1.3972,40.1861,15.8641,0.9613,1.5577,1.618,669621.0565,584966.3488
000531.SZ,20251208,6.49,0.9947,2.0878,40.5611,16.0122,0.9702,1.5722,1.6331,675869.4645,590424.8217
000531.SZ,20251205,6.58,0.7459,1.5655,41.1236,16.2342,0.9837,1.594,1.6557,685242.0765,598612.5311
000531.SZ,20251204,6.59,0.7883,1.6545,41.1861,16.2589,0.9852,1.5965,1.6582,686283.4778,599522.2766
000531.SZ,20251203,6.61,0.7574,1.5896,41.3111,16.3082,0.9882,1.6013,1.6633,688366.2805,601341.7676
000531.SZ,20251202,6.62,0.6464,1.3566,41.3736,16.3329,0.9897,1.6037,1.6658,689407.6818,602251.5131
000531.SZ,20251201,6.62,0.8712,1.8286,41.3736,16.3329,0.9897,1.6037,1.6658,689407.6818,602251.5131
000531.SZ,20251128,6.67,0.6871,1.4421,41.6861,16.4563,0.9972,1.6158,1.6784,694614.6884,606800.2405
000531.SZ,20251127,6.65,1.0361,2.1746,41.5611,16.4069,0.9942,1.611,1.6733,692531.8858,604980.7495
000531.SZ,20251126,6.52,0.6546,1.374,40.7486,16.0862,0.9747,1.5795,1.6406,678993.6685,593154.0582
000531.SZ,20251125,6.56,1.0497,2.2031,40.9986,16.1849,0.9807,1.5892,1.6507,683159.2738,596793.0401
000531.SZ,20251124,6.48,0.9274,1.9465,40.4986,15.9875,0.9688,1.5698,1.6306,674828.0631,589515.0762
000531.SZ,20251121,6.52,1.2748,2.6756,40.7486,16.0862,0.9747,1.5795,1.6406,678993.6685,593154.0582
000531.SZ,20251120,6.81,0.7936,1.6656,42.561,16.8017,1.0181,1.6498,1.7136,709194.3071,619536.6773
000531.SZ,20251119,6.8,0.9512,1.9965,42.4985,16.777,1.0166,1.6473,1.7111,708152.9058,618626.9318
000531.SZ,20251118,6.91,1.3315,2.7947,43.186,17.0484,1.033,1.674,1.7388,719608.3204,628634.1322
000531.SZ,20251117,7.04,1.3648,2.8645,43.9985,17.3691,1.0525,1.7055,1.7715,733146.5377,640460.8236
000531.SZ,20251114,7.13,1.9208,4.0315,44.561,17.5912,1.0659,1.7273,1.7941,742519.1497,648648.5329
000531.SZ,20251113,7.21,1.5302,3.2117,45.061,17.7886,1.0779,1.7467,1.8142,750850.3604,655926.4968
000531.SZ,20251112,7.28,1.5745,3.3048,45.4984,17.9613,1.0884,1.7636,1.8319,758140.1697,662294.7153
000531.SZ,20251111,7.24,1.2438,2.6106,45.2484,17.8626,1.0824,1.7539,1.8218,753974.5644,658655.7333
000531.SZ,20251110,7.27,1.7827,3.7418,45.4359,17.9366,1.0869,1.7612,1.8293,757098.7684,661384.9698
000531.SZ,20251107,7.33,2.3688,4.9718,45.8109,18.0846,1.0958,1.7757,1.8444,763347.1764,666843.4427
000531.SZ,20251106,7.22,2.6528,5.5678,45.1235,17.8132,1.0794,1.7491,1.8168,751891.7617,656836.2423
000531.SZ,20251105,7.4,3.8627,8.1074,46.2484,18.2573,1.1063,1.7927,1.862,770636.9857,673211.6611
000531.SZ,20251104,7.05,2.0442,4.2906,44.061,17.3938,1.054,1.7079,1.774,734187.9391,641370.569
000531.SZ,20251103,7.01,2.0485,4.2996,43.811,17.2951,1.048,1.6982,1.7639,730022.3337,637731.5871
000531.SZ,20251031,7.08,3.7912,7.9572,44.2485,17.4678,1.0585,1.7152,1.7815,737312.1431,644099.8055
000531.SZ,20251030,7.09,2.0916,4.3901,44.311,25.3279,1.094,1.7176,1.7776,738353.5444,645009.551
000531.SZ,20251029,7.06,2.1496,4.5118,44.1235,25.2208,1.0894,1.7103,1.77,735229.3404,642280.3145
000531.SZ,20251028,7.06,3.1802,6.6748,44.1235,25.2208,1.0894,1.7103,1.77,735229.3404,642280.3145
000531.SZ,20251027,6.92,2.2361,4.6933,43.2485,24.7206,1.0678,1.6764,1.7349,720649.7217,629543.8777
000531.SZ,20251024,6.86,2.3766,4.9883,42.8735,24.5063,1.0585,1.6619,1.7199,714401.3138,624085.4048
000531.SZ,20251023,7.0,2.3292,4.8888,43.7485,25.0064,1.0801,1.6958,1.755,728980.9324,636821.8416
000531.SZ,20251022,7.01,3.0529,6.4076,43.811,25.0421,1.0817,1.6982,1.7575,730022.3337,637731.5871
000531.SZ,20251021,7.1,4.5738,9.6,44.3735,25.3636,1.0956,1.72,1.7801,739394.9457,645919.2965
000531.SZ,20251020,6.91,4.6479,9.7554,43.186,24.6849,1.0662,1.674,1.7324,719608.3204,628634.1322
000531.SZ,20251017,6.91,4.9601,10.4106,43.186,24.6849,1.0662,1.674,1.7324,719608.3204,628634.1322
000531.SZ,20251016,6.78,5.6789,11.9194,42.3735,24.2205,1.0462,1.6425,1.6998,706070.1031,616807.4409
000531.SZ,20251015,6.86,5.9951,12.583,42.8735,24.5063,1.0585,1.6619,1.7199,714401.3138,624085.4048
000531.SZ,20251014,6.24,0.9837,2.0647,38.9987,22.2914,0.9629,1.5117,1.5645,649834.4312,567681.1845
000531.SZ,20251013,6.26,1.22,2.5607,39.1237,22.3629,0.9659,1.5165,1.5695,651917.2338,569500.6755
000531.SZ,20251010,6.24,1.1526,2.4192,38.9987,22.2914,0.9629,1.5117,1.5645,649834.4312,567681.1845
000531.SZ,20251009,6.12,0.6877,1.4435,38.2487,21.8627,0.9443,1.4826,1.5344,637337.6152,556764.2387
000531.SZ,20250930,6.06,0.5756,1.208,37.8737,21.6484,0.9351,1.4681,1.5193,631089.2072,551305.7657
000531.SZ,20250929,6.1,0.7043,1.4782,38.1237,21.7913,0.9413,1.4778,1.5294,635254.8125,554944.7477
000531.SZ,20250926,6.05,0.6933,1.4552,37.8112,21.6127,0.9335,1.4656,1.5168,630047.8059,550396.0202
000531.SZ,20250925,5.99,0.5454,1.1447,37.4362,21.3983,0.9243,1.4511,1.5018,623799.3979,544937.5473
000531.SZ,20250924,6.05,0.6124,1.2854,37.8112,21.6127,0.9335,1.4656,1.5168,630047.8059,550396.0202
000531.SZ,20250923,6.01,0.8727,1.8318,37.5612,21.4698,0.9274,1.456,1.5068,625882.2005,546757.0383
000531.SZ,20250922,6.07,0.5951,1.249,37.9362,21.6841,0.9366,1.4705,1.5218,632130.6085,552215.5112
000531.SZ,20250919,6.11,0.8461,1.776,38.1862,21.827,0.9428,1.4802,1.5319,636296.2139,555854.4932
000531.SZ,20250918,6.09,1.0364,2.1753,38.0612,21.7556,0.9397,1.4753,1.5269,634213.4112,554035.0022
000531.SZ,20250917,6.25,0.6332,1.3291,39.0612,22.3272,0.9644,1.5141,1.567,650875.8325,568590.93
000531.SZ,20250916,6.24,0.7144,1.4994,38.9987,22.2914,0.9629,1.5117,1.5645,649834.4312,567681.1845
000531.SZ,20250915,6.26,0.9345,1.9614,39.1237,22.3629,0.9659,1.5165,1.5695,651917.2338,569500.6755
000531.SZ,20250912,6.36,0.8017,1.6826,39.7486,22.7201,0.9814,1.5407,1.5945,662331.2472,578598.1304
000531.SZ,20250911,6.39,0.7893,1.6566,39.9361,22.8273,0.986,1.548,1.6021,665455.4511,581327.3668
000531.SZ,20250910,6.38,0.7343,1.5412,39.8736,22.7916,0.9845,1.5456,1.5996,664414.0498,580417.6213
000531.SZ,20250909,6.44,0.7185,1.5081,40.2486,23.0059,0.9937,1.5601,1.6146,670662.4578,585876.0943
000531.SZ,20250908,6.47,1.0875,2.2826,40.4361,23.1131,0.9983,1.5674,1.6221,673786.6618,588605.3307
000531.SZ,20250905,6.42,0.858,1.8008,40.1236,22.9345,0.9906,1.5553,1.6096,668579.6551,584056.6033
000531.SZ,20250904,6.35,1.0681,2.2418,39.6861,22.6844,0.9798,1.5383,1.592,661289.8458,577688.3849
000531.SZ,20250903,6.3,0.9824,2.0619,39.3736,22.5058,0.9721,1.5262,1.5795,656082.8392,573139.6574
000531.SZ,20250902,6.45,1.0871,2.2816,40.3111,23.0416,0.9953,1.5625,1.6171,671703.8591,586785.8398
000531.SZ,20250901,6.43,1.1945,2.5071,40.1861,22.9702,0.9922,1.5577,1.6121,669621.0565,584966.3488
000531.SZ,20250829,6.52,1.0139,2.1281,40.7486,29.1806,1.0237,1.5795,1.6118,678993.6685,593154.0582
000531.SZ,20250828,6.53,1.4729,3.0916,40.8111,29.2254,1.0252,1.5819,1.6143,680035.0698,594063.8037
000531.SZ,20250827,6.54,2.0841,4.3742,40.8736,29.2701,1.0268,1.5843,1.6167,681076.4711,594973.5492
000531.SZ,20250826,6.63,1.0569,2.2183,41.4361,29.6729,1.0409,1.6062,1.639,690449.0831,603161.2585
000531.SZ,20250825,6.58,1.1285,2.3686,41.1236,29.4491,1.0331,1.594,1.6266,685242.0765,598612.5311
000531.SZ,20250822,6.54,0.8958,1.8802,40.8736,29.2701,1.0268,1.5843,1.6167,681076.4711,594973.5492
000531.SZ,20250821,6.54,1.066,2.2373,40.8736,29.2701,1.0268,1.5843,1.6167,681076.4711,594973.5492
000531.SZ,20250820,6.5,0.7523,1.579,40.6236,29.0911,1.0205,1.5747,1.6069,676910.8658,591334.5672
000531.SZ,20250819,6.49,1.0902,2.2883,40.5611,29.0463,1.0189,1.5722,1.6044,675869.4645,590424.8217
000531.SZ,20250818,6.43,1.0065,2.1126,40.1861,28.7778,1.0095,1.5577,1.5896,669621.0565,584966.3488
000531.SZ,20250815,6.4,0.8017,1.6827,39.9986,28.6435,1.0048,1.5504,1.5821,666496.8525,582237.1123
000531.SZ,20250814,6.31,0.9871,2.0719,39.4361,28.2407,0.9907,1.5286,1.5599,657124.2405,574049.4029
000531.SZ,20250813,6.41,0.809,1.6979,40.0611,28.6883,1.0064,1.5529,1.5846,667538.2538,583146.8578
000531.SZ,20250812,6.41,0.7864,1.6506,40.0611,28.6883,1.0064,1.5529,1.5846,667538.2538,583146.8578
000531.SZ,20250811,6.43,0.9938,2.0859,40.1861,28.7778,1.0095,1.5577,1.5896,669621.0565,584966.3488
000531.SZ,20250808,6.45,0.8269,1.7356,40.3111,28.8673,1.0127,1.5625,1.5945,671703.8591,586785.8398
000531.SZ,20250807,6.43,0.7697,1.6156,40.1861,28.7778,1.0095,1.5577,1.5896,669621.0565,584966.3488
000531.SZ,20250806,6.49,0.6918,1.4521,40.5611,29.0463,1.0189,1.5722,1.6044,675869.4645,590424.8217
000531.SZ,20250805,6.55,0.8924,1.8731,40.9361,29.3149,1.0284,1.5868,1.6192,682117.8725,595883.2946
000531.SZ,20250804,6.51,1.753,3.6794,40.6861,29.1358,1.0221,1.5771,1.6093,677952.2671,592244.3127
000531.SZ,20250801,6.38,1.0627,2.2304,39.8736,28.554,1.0017,1.5456,1.5772,664414.0498,580417.6213
000531.SZ,20250731,6.33,0.9509,1.9958,39.5611,28.3302,0.9938,1.5335,1.5648,659207.0432,575868.8939
000531.SZ,20250730,6.47,0.7457,1.5651,40.4361,28.9568,1.0158,1.5674,1.5994,673786.6618,588605.3307
000531.SZ,20250729,6.48,0.7864,1.6506,40.4986,29.0016,1.0174,1.5698,1.6019,674828.0631,589515.0762
000531.SZ,20250728,6.5,0.8646,1.8148,40.6236,29.0911,1.0205,1.5747,1.6069,676910.8658,591334.5672
000531.SZ,20250725,6.55,0.9589,2.0127,40.9361,29.3149,1.0284,1.5868,1.6192,682117.8725,595883.2946
000531.SZ,20250724,6.6,0.9333,1.9589,41.2486,29.5386,1.0362,1.5989,1.6316,687324.8791,600432.0221
000531.SZ,20250723,6.59,1.177,2.4705,41.1861,29.4939,1.0346,1.5965,1.6291,686283.4778,599522.2766
000531.SZ,20250722,6.63,0.9778,2.0523,41.4361,29.6729,1.0409,1.6062,1.639,690449.0831,603161.2585
000531.SZ,20250721,6.66,1.1827,2.4824,41.6236,29.8072,1.0456,1.6134,1.6464,693573.2871,605890.495
000531.SZ,20250718,6.62,1.0518,2.2077,41.3736,29.6282,1.0394,1.6037,1.6365,689407.6818,602251.5131
000531.SZ,20250717,6.65,1.5248,3.2003,41.5611,29.7624,1.0441,1.611,1.6439,692531.8858,604980.7495
000531.SZ,20250716,6.71,2.4441,5.1298,41.9361,30.031,1.0535,1.6255,1.6588,698780.2938,610439.2224
000531.SZ,20250715,6.63,2.6166,5.492,41.4361,29.6729,1.0409,1.6062,1.639,690449.0831,603161.2585
000531.SZ,20250714,6.9,3.4789,7.3017,43.1235,30.8813,1.0833,1.6716,1.7057,718566.9191,627724.3867
000531.SZ,20250711,6.73,2.5783,5.4116,42.0611,30.1205,1.0566,1.6304,1.6637,700863.0964,612258.7134
000531.SZ,20250710,6.81,3.8672,8.1168,42.561,30.4785,1.0692,1.6498,1.6835,709194.3071,619536.6773
000531.SZ,20250709,6.69,3.8677,8.1179,41.8111,29.9414,1.0503,1.6207,1.6538,696697.4911,608619.7315
000531.SZ,20250708,6.6,3.7662,7.9049,41.2486,29.5386,1.0362,1.5989,1.6316,687324.8791,600432.0221
000531.SZ,20250707,6.52,3.9332,8.2554,40.7486,29.1806,1.0237,1.5795,1.6118,678993.6685,593154.0582
000531.SZ,20250704,6.22,1.3143,2.7585,38.8737,27.8379,0.9766,1.5068,1.5376,647751.6285,565861.6935
000531.SZ,20250703,6.2,0.737,1.5468,38.7487,27.7484,0.9734,1.502,1.5327,645668.8258,564042.2026
000531.SZ,20250702,6.15,0.6615,1.3884,38.4362,27.5246,0.9656,1.4899,1.5203,640461.8192,559493.4751
000531.SZ,20250701,6.15,0.5894,1.2371,38.4362,27.5246,0.9656,1.4899,1.5203,640461.8192,559493.4751
000531.SZ,20250630,6.15,0.8984,1.8856,38.4362,27.5246,0.9656,1.4899,1.5203,640461.8192,559493.4751
000531.SZ,20250627,6.09,0.9292,1.9503,38.0612,27.2561,0.9561,1.4753,1.5055,634213.4112,554035.0022
000531.SZ,20250626,6.01,0.7017,1.4728,37.5612,26.8981,0.9436,1.456,1.4857,625882.2005,546757.0383
000531.SZ,20250625,6.01,0.5761,1.2092,37.5612,26.8981,0.9436,1.456,1.4857,625882.2005,546757.0383
000531.SZ,20250624,5.96,0.6111,1.2825,37.2487,26.6743,0.9357,1.4438,1.4734,620675.1939,542208.3108
000531.SZ,20250623,5.9,0.5135,1.0778,36.8737,26.4058,0.9263,1.4293,1.4585,614426.7859,536749.8379
000531.SZ,20250620,5.81,0.3539,0.7428,36.3113,26.003,0.9122,1.4075,1.4363,605054.1739,528562.1285
000531.SZ,20250619,5.83,0.551,1.1565,36.4362,26.0925,0.9153,1.4123,1.4412,607136.9766,530381.6195
000531.SZ,20250618,5.99,0.7186,1.5082,37.4362,26.8086,0.9289,1.4511,1.4808,623799.3979,544937.5473
000531.SZ,20250617,6.06,0.5909,1.2402,37.8737,27.1218,0.9397,1.4681,1.4981,631089.2072,551305.7657
000531.SZ,20250616,6.04,0.6349,1.3327,37.7487,27.0323,0.9366,1.4632,1.4931,629006.4045,549486.2748
000531.SZ,20250613,6.04,0.6195,1.3002,37.7487,27.0323,0.9366,1.4632,1.4931,629006.4045,549486.2748
000531.SZ,20250612,6.1,0.7289,1.5299,38.1237,27.3009,0.9459,1.4778,1.508,635254.8125,554944.7477
000531.SZ,20250611,6.14,0.77,1.6162,38.3737,27.4799,0.9521,1.4874,1.5179,639420.4178,558583.7296
000531.SZ,20250610,6.16,1.0744,2.255,38.4987,27.5694,0.9552,1.4923,1.5228,641503.2205,560403.2206
000531.SZ,20250609,6.12,0.5032,1.0561,38.2487,27.3904,0.949,1.4826,1.5129,637337.6152,556764.2387
000531.SZ,20250606,6.11,0.8257,1.7331,38.1862,27.3456,0.9475,1.4802,1.5104,636296.2139,555854.4932
000531.SZ,20250605,6.14,1.0348,2.172,38.3737,27.4799,0.9521,1.4874,1.5179,639420.4178,558583.7296
000531.SZ,20250604,6.17,0.697,1.4628,38.5612,27.6142,0.9568,1.4947,1.5253,642544.6218,561312.9661
000531.SZ,20250603,6.16,1.3925,2.9227,38.4987,27.5694,0.9552,1.4923,1.5228,641503.2205,560403.2206
000531.SZ,20250530,6.3,1.8227,3.8257,39.3736,28.196,0.977,1.5262,1.5574,656082.8392,573139.6574
000531.SZ,20250529,6.49,2.5508,5.3539,40.5611,29.0463,1.0064,1.5722,1.6044,675869.4645,590424.8217
000531.SZ,20250528,6.38,2.95,6.1918,39.8736,28.554,0.9894,1.5456,1.5772,664414.0498,580417.6213
000531.SZ,20250527,6.15,0.3599,0.7553,38.4362,27.5246,0.9537,1.4899,1.5203,640461.8192,559493.4751
000531.SZ,20250526,6.15,0.474,0.9948,38.4362,27.5246,0.9537,1.4899,1.5203,640461.8192,559493.4751
000531.SZ,20250523,6.08,0.7073,1.4845,37.9987,27.2114,0.9428,1.4729,1.503,633172.0099,553125.2567
000531.SZ,20250522,6.15,1.1256,2.3625,38.4362,27.5246,0.9537,1.4899,1.5203,640461.8192,559493.4751
000531.SZ,20250521,6.4,1.2214,2.5636,39.9986,28.6435,0.9925,1.5504,1.5821,666496.8525,582237.1123
000531.SZ,20250520,6.31,0.6632,1.3919,39.4361,28.2407,0.9785,1.5286,1.5599,657124.2405,574049.4029
000531.SZ,20250519,6.26,0.5419,1.1374,39.1237,28.017,0.9708,1.5165,1.5475,651917.2338,569500.6755
000531.SZ,20250516,6.23,0.5101,1.0707,38.9362,27.8827,0.9661,1.5092,1.5401,648793.0298,566771.439
000531.SZ,20250515,6.26,0.6895,1.4473,39.1237,28.017,0.9708,1.5165,1.5475,651917.2338,569500.6755
000531.SZ,20250514,6.28,0.7727,1.6218,39.2487,28.1065,0.9739,1.5214,1.5525,654000.0365,571320.1665
000531.SZ,20250513,6.28,0.7359,1.5446,39.2487,28.1065,0.9739,1.5214,1.5525,654000.0365,571320.1665
000531.SZ,20250512,6.23,0.7723,1.6209,38.9362,27.8827,0.9661,1.5092,1.5401,648793.0298,566771.439
000531.SZ,20250509,6.28,0.6208,1.303,39.2487,28.1065,0.9739,1.5214,1.5525,654000.0365,571320.1665
000531.SZ,20250508,6.3,0.5614,1.1784,39.3736,28.196,0.977,1.5262,1.5574,656082.8392,573139.6574
000531.SZ,20250507,6.31,0.8753,1.8373,39.4361,28.2407,0.9785,1.5286,1.5599,657124.2405,574049.4029
000531.SZ,20250506,6.31,0.8356,1.7538,39.4361,28.2407,0.9785,1.5286,1.5599,657124.2405,574049.4029
000531.SZ,20250430,6.19,0.9521,2.0152,38.6862,27.7037,0.9599,1.4996,1.5302,644627.4245,563132.4571
000531.SZ,20250429,6.33,1.1525,2.4394,39.5611,39.5611,0.996,1.5335,1.5335,659207.0432,575868.8939
000531.SZ,20250428,6.48,1.1589,2.4529,40.4986,40.4986,1.0196,1.5698,1.5698,674828.0631,589515.0762
000531.SZ,20250425,6.53,1.4282,3.0229,40.8111,40.8111,1.0275,1.5819,1.5819,680035.0698,594063.8037
000531.SZ,20250424,6.38,1.2212,2.5848,39.8736,39.8736,1.0039,1.5456,1.5456,664414.0498,580417.6213
000531.SZ,20250423,6.24,0.6907,1.4619,38.9987,38.9987,0.9819,1.5117,1.5117,649834.4312,567681.1845
000531.SZ,20250422,6.31,0.9354,1.9797,39.4361,39.4361,0.9929,1.5286,1.5286,657124.2405,574049.4029
000531.SZ,20250421,6.17,0.604,1.2785,38.5612,38.5612,0.9708,1.4947,1.4947,642544.6218,561312.9661
000531.SZ,20250418,6.15,0.602,1.2741,38.4362,38.4362,0.9677,1.4899,1.4899,640461.8192,559493.4751
000531.SZ,20250417,6.17,1.1003,2.3289,38.5612,38.5612,0.9708,1.4947,1.4947,642544.6218,561312.9661
000531.SZ,20250416,6.13,0.9891,2.0936,38.3112,38.3112,0.9646,1.485,1.485,638379.0165,557673.9841
000531.SZ,20250415,6.12,1.2929,2.7365,38.2487,38.2487,0.963,1.4826,1.4826,637337.6152,556764.2387
000531.SZ,20250414,6.08,2.088,4.4195,37.9987,37.9987,0.9567,1.4729,1.4729,633172.0099,553125.2567
000531.SZ,20250411,5.69,0.687,1.4541,35.5613,35.5613,0.8953,1.3784,1.3784,592557.3579,517645.1827
000531.SZ,20250410,5.73,1.091,2.3091,35.8113,35.8113,0.9016,1.3881,1.3881,596722.9632,521284.1646
000531.SZ,20250409,5.65,1.5402,3.26,35.3113,35.3113,0.889,1.3687,1.3687,588391.7526,514006.2007
000531.SZ,20250408,5.69,1.3828,2.9578,20.2162,32.0003,0.8935,1.2288,1.278,592557.3579,517645.1827
000531.SZ,20250407,5.77,1.3703,2.931,20.5004,32.4503,0.9061,1.2461,1.296,600888.5686,524923.1466
000531.SZ,20250403,6.41,0.7838,1.6765,22.7743,36.0496,1.0066,1.3843,1.4397,667538.2538,583146.8578
000531.SZ,20250402,6.37,1.1275,2.4115,22.6322,35.8246,1.0003,1.3757,1.4308,663372.6485,579507.8759
000531.SZ,20250401,6.33,0.8938,1.9118,22.4901,35.5997,0.994,1.367,1.4218,659207.0432,575868.8939
000531.SZ,20250331,6.18,1.0121,2.1648,21.9571,34.7561,0.9704,1.3346,1.3881,643586.0232,562222.7116
000531.SZ,20250328,6.27,0.9168,1.961,22.2769,35.2622,0.9846,1.3541,1.4083,652958.6352,570410.421
000531.SZ,20250327,6.44,0.9088,1.944,22.8809,36.2183,1.0113,1.3908,1.4465,670662.4578,585876.0943
000531.SZ,20250326,6.58,0.6793,1.453,23.3783,37.0057,1.0332,1.421,1.4779,685242.0765,598612.5311
000531.SZ,20250325,6.6,0.8659,1.8521,23.4494,37.1181,1.0364,1.4253,1.4824,687324.8791,600432.0221
000531.SZ,20250324,6.56,1.1513,2.4626,23.3072,36.8932,1.0301,1.4167,1.4734,683159.2738,596793.0401
000531.SZ,20250321,6.7,1.0732,2.2955,23.8047,37.6805,1.0521,1.4469,1.5049,697738.8924,609529.477
000531.SZ,20250320,6.74,1.5067,3.2227,23.9468,37.9055,1.0584,1.4556,1.5139,701904.4978,613168.4589
000531.SZ,20250319,6.65,1.0925,2.3368,23.627,37.3993,1.0442,1.4361,1.4937,692531.8858,604980.7495
000531.SZ,20250318,6.63,1.16,2.4812,23.5559,37.2869,1.0411,1.4318,1.4892,690449.0831,603161.2585
000531.SZ,20250317,6.78,1.5653,3.3481,24.0889,38.1305,1.0647,1.4642,1.5229,706070.1031,616807.4409
000531.SZ,20250314,6.64,1.1177,2.3907,23.5915,37.3431,1.0427,1.434,1.4914,691490.4844,604071.004
000531.SZ,20250313,6.63,1.6878,3.61,23.5559,37.2869,1.0411,1.4318,1.4892,690449.0831,603161.2585
000531.SZ,20250312,6.67,1.3458,2.8785,23.6981,37.5118,1.0474,1.4404,1.4981,694614.6884,606800.2405
000531.SZ,20250311,6.58,1.3143,2.8113,23.3783,37.0057,1.0332,1.421,1.4779,685242.0765,598612.5311
000531.SZ,20250310,6.66,1.92,4.1068,23.6625,37.4556,1.0458,1.4383,1.4959,693573.2871,605890.495
000531.SZ,20250307,6.52,3.6156,7.7336,23.1651,36.6682,1.0238,1.408,1.4645,678993.6685,593154.0582
000531.SZ,20250306,6.31,1.3021,2.7851,22.419,35.4872,0.9909,1.3627,1.4173,657124.2405,574049.4029
000531.SZ,20250305,6.19,0.9039,1.9334,21.9927,34.8123,0.972,1.3368,1.3903,644627.4245,563132.4571
000531.SZ,20250304,6.25,1.1981,2.5627,22.2058,35.1498,0.9814,1.3497,1.4038,650875.8325,568590.93
000531.SZ,20250303,6.36,1.9068,4.0785,22.5967,35.7684,0.9987,1.3735,1.4285,662331.2472,578598.1304
000531.SZ,20250228,6.29,1.6513,3.5319,22.3479,35.3747,0.9877,1.3584,1.4128,655041.4378,572229.912
000531.SZ,20250227,6.25,1.4309,3.0605,22.2058,35.1498,0.9814,1.3497,1.4038,650875.8325,568590.93
000531.SZ,20250226,6.19,0.6632,1.4186,21.9927,34.8123,0.972,1.3368,1.3903,644627.4245,563132.4571
000531.SZ,20250225,6.09,0.778,1.6641,21.6374,34.2499,0.9563,1.3152,1.3679,634213.4112,554035.0022
000531.SZ,20250224,6.2,0.6076,1.2996,22.0282,34.8686,0.9736,1.3389,1.3926,645668.8258,564042.2026
000531.SZ,20250221,6.2,1.0705,2.2898,22.0282,34.8686,0.9736,1.3389,1.3926,645668.8258,564042.2026
000531.SZ,20250220,6.27,0.9524,2.0371,22.2769,35.2622,0.9846,1.3541,1.4083,652958.6352,570410.421
000531.SZ,20250219,6.27,1.2106,2.5894,22.2769,35.2622,0.9846,1.3541,1.4083,652958.6352,570410.421
000531.SZ,20250218,6.23,2.2266,4.7626,22.1348,35.0373,0.9783,1.3454,1.3993,648793.0298,566771.439
000531.SZ,20250217,6.61,3.5175,7.5237,23.4849,37.1744,1.038,1.4275,1.4847,688366.2805,601341.7676
000531.SZ,20250214,6.16,0.4437,0.9491,21.8861,34.6436,0.9673,1.3303,1.3836,641503.2205,560403.2206
000531.SZ,20250213,6.15,0.6563,1.4039,21.8505,34.5874,0.9657,1.3281,1.3813,640461.8192,559493.4751
000531.SZ,20250212,6.28,1.1621,2.4856,22.3124,35.3185,0.9861,1.3562,1.4105,654000.0365,571320.1665
000531.SZ,20250211,6.37,1.0182,2.1779,22.6322,35.8246,1.0003,1.3757,1.4308,663372.6485,579507.8759
000531.SZ,20250210,6.29,1.1086,2.3713,22.3479,35.3747,0.9877,1.3584,1.4128,655041.4378,572229.912
000531.SZ,20250207,6.28,1.2194,2.6083,22.3124,35.3185,0.9861,1.3562,1.4105,654000.0365,571320.1665
000531.SZ,20250206,6.17,0.7184,1.5367,21.9216,34.6998,0.9689,1.3325,1.3858,642544.6218,561312.9661
000531.SZ,20250205,6.08,0.7068,1.5118,21.6018,34.1937,0.9547,1.313,1.3656,633172.0099,553125.2567
000531.SZ,20250127,6.13,0.7171,1.5338,21.7795,34.4749,0.9626,1.3238,1.3769,638379.0165,557673.9841
000531.SZ,20250124,6.16,0.9219,1.972,21.8861,34.6436,0.9673,1.3303,1.3836,641503.2205,560403.2206
000531.SZ,20250123,6.17,0.892,1.908,21.9216,34.6998,0.9689,1.3325,1.3858,642544.6218,561312.9661
000531.SZ,20250122,6.22,0.6383,1.3652,22.0992,34.981,0.9767,1.3433,1.3971,647751.6285,565861.6935
000531.SZ,20250121,6.26,0.7602,1.626,22.2414,35.206,0.983,1.3519,1.4061,651917.2338,569500.6755
000531.SZ,20250120,6.32,1.1077,2.3693,22.4545,35.5434,0.9924,1.3649,1.4195,658165.6418,574959.1484
000531.SZ,20250117,6.36,1.6911,3.6172,22.5967,35.7684,0.9987,1.3735,1.4285,662331.2472,578598.1304
000531.SZ,20250116,6.28,1.7145,3.6673,22.3124,35.3185,0.9861,1.3562,1.4105,654000.0365,571320.1665
000531.SZ,20250115,6.23,3.3495,7.1643,22.1348,35.0373,0.9783,1.3454,1.3993,648793.0298,566771.439
000531.SZ,20250114,6.36,2.7455,5.8724,22.5967,35.7684,0.9987,1.3735,1.4285,662331.2472,578598.1304
000531.SZ,20250113,5.78,0.9422,2.0153,20.536,32.5065,0.9076,1.2482,1.2982,601929.9699,525832.8921
000531.SZ,20250110,5.95,0.9074,1.941,21.14,33.4626,0.9343,1.2849,1.3364,619633.7925,541298.5654
000531.SZ,20250109,5.95,1.0872,2.3254,21.14,33.4626,0.9343,1.2849,1.3364,619633.7925,541298.5654
000531.SZ,20250108,6.15,1.6548,3.5394,21.8505,34.5874,0.9657,1.3281,1.3813,640461.8192,559493.4751
000531.SZ,20250107,6.0,1.9642,4.2012,21.3176,33.7438,0.9422,1.2957,1.3477,624840.7992,545847.2928
000531.SZ,20250106,5.94,1.7428,3.7278,21.1044,33.4063,0.9328,1.2828,1.3342,618592.3912,540388.8199
000531.SZ,20250103,5.4,0.6535,1.3978,19.1858,30.3694,0.848,1.1662,1.2129,562356.7193,491262.5635
000531.SZ,20250102,5.58,0.7439,1.5913,19.8254,31.3817,0.8762,1.205,1.2533,581101.9433,507637.9823
000531.SZ,20241231,5.76,0.788,1.6855,20.4649,32.394,0.9045,1.2439,1.2937,599847.1672,524013.4011
000531.SZ,20241230,5.93,0.8201,1.7542,21.0689,33.3501,0.9312,1.2806,1.3319,617550.9899,539479.0744
000531.SZ,20241227,5.99,0.5729,1.2254,21.2821,33.6875,0.9406,1.2936,1.3454,623799.3979,544937.5473
000531.SZ,20241226,5.94,0.565,1.2086,21.1044,33.4063,0.9328,1.2828,1.3342,618592.3912,540388.8199
000531.SZ,20241225,6.01,0.5089,1.0885,21.3531,33.8,0.9437,1.2979,1.3499,625882.2005,546757.0383
000531.SZ,20241224,6.1,0.6825,1.4599,21.6729,34.3062,0.9579,1.3173,1.3701,635254.8125,554944.7477
000531.SZ,20241223,5.97,0.9839,2.1045,21.211,33.5751,0.9375,1.2893,1.3409,621716.5952,543118.0563
000531.SZ,20241220,6.16,0.6501,1.3905,21.8861,34.6436,0.9673,1.3303,1.3836,641503.2205,560403.082
000531.SZ,20241219,6.14,1.1522,2.4645,21.815,34.5311,0.9642,1.326,1.3791,639420.4178,558583.5915
000531.SZ,20241218,6.26,0.8453,1.8081,22.2414,35.206,0.983,1.3519,1.4061,651917.2338,569500.5346
000531.SZ,20241217,6.22,1.3202,2.8239,22.0992,34.981,0.9767,1.3433,1.3971,647751.6285,565861.5536
000531.SZ,20241216,6.41,1.272,2.7208,22.7743,36.0496,1.0066,1.3843,1.4397,667538.2538,583146.7136
000531.SZ,20241213,6.47,2.0685,4.4243,22.9875,36.387,1.016,1.3972,1.4532,673786.6618,588605.1852
000531.SZ,20241212,6.32,0.9478,2.0273,22.4545,35.5434,0.9924,1.3649,1.4195,658165.6418,574959.0062
000531.SZ,20241211,6.33,0.7511,1.6065,22.4901,35.5997,0.994,1.367,1.4218,659207.0432,575868.7515
000531.SZ,20241210,6.29,1.2207,2.6111,22.3479,35.3747,0.9877,1.3584,1.4128,655041.4378,572229.7704
000531.SZ,20241209,6.29,1.614,3.4522,22.3479,35.3747,0.9877,1.3584,1.4128,655041.4378,572229.7704
000531.SZ,20241206,6.35,1.6454,3.5194,22.5611,35.7122,0.9971,1.3713,1.4263,661289.8458,577688.242
000531.SZ,20241205,6.42,2.8839,6.1686,22.8098,36.1058,1.0081,1.3864,1.442,668579.6551,584056.4588
000531.SZ,20241204,6.33,3.8124,8.1545,22.4901,35.5997,0.994,1.367,1.4218,659207.0432,575868.7515
000531.SZ,20241203,6.17,1.5535,3.3229,21.9216,34.6998,0.9689,1.3325,1.3858,642544.6218,561312.8273
000531.SZ,20241202,6.03,1.1892,2.5436,21.4242,33.9125,0.9469,1.3022,1.3544,627965.0032,548576.3936
000531.SZ,20241129,5.93,0.8318,1.7792,21.0689,33.3501,0.9312,1.2806,1.3319,617550.9899,539478.941
000531.SZ,20241128,5.88,0.604,1.292,20.8912,33.0689,0.9233,1.2698,1.3207,612343.9832,534930.2146
000531.SZ,20241127,5.83,0.6886,1.4729,20.7136,32.7877,0.9155,1.259,1.3095,607136.9766,530381.4883
000531.SZ,20241126,5.82,0.6855,1.4663,20.6781,32.7315,0.9139,1.2569,1.3072,606095.5752,529471.7431
000531.SZ,20241125,5.88,0.7033,1.5043,20.8912,33.0689,0.9233,1.2698,1.3207,612343.9832,534930.2146
000531.SZ,20241122,5.78,0.7811,1.6707,20.536,32.5065,0.9076,1.2482,1.2982,601929.9699,525832.762
000531.SZ,20241121,5.96,0.5761,1.2323,21.1755,33.5188,0.9359,1.2871,1.3387,620675.1939,542208.1767
000531.SZ,20241120,5.94,0.9007,1.9265,21.1044,33.4063,0.9328,1.2828,1.3342,618592.3912,540388.6862
000531.SZ,20241119,5.9,0.819,1.7519,20.9623,33.1814,0.9265,1.2742,1.3252,614426.7859,536749.7052
000531.SZ,20241118,5.81,1.1974,2.5612,20.6425,32.6752,0.9123,1.2547,1.305,605054.1739,528561.9978
000531.SZ,20241115,5.71,0.8359,1.7879,20.2872,32.1128,0.8966,1.2331,1.2825,594640.1606,519464.5452
000531.SZ,20241114,5.84,1.2736,2.7241,20.7491,32.8439,0.917,1.2612,1.3117,608178.3779,531291.2336
000531.SZ,20241113,6.01,1.3168,2.8166,21.3531,33.8,0.9437,1.2979,1.3499,625882.2005,546756.9031
000531.SZ,20241112,5.96,1.9492,4.1693,21.1755,33.5188,0.9359,1.2871,1.3387,620675.1939,542208.1767
000531.SZ,20241111,6.11,2.8695,6.1376,21.7084,34.3624,0.9594,1.3195,1.3724,636296.2139,555854.3557
000531.SZ,20241108,5.84,1.9805,4.2362,20.7491,32.8439,0.917,1.2612,1.3117,608178.3779,531291.2336
000531.SZ,20241107,5.79,1.5045,3.218,20.5715,32.5627,0.9092,1.2504,1.3005,602971.3712,526742.5073
000531.SZ,20241106,5.59,0.9476,2.0268,19.8609,31.4379,0.8778,1.2072,1.2556,582143.3446,508547.602
000531.SZ,20241105,5.61,1.0851,2.3209,19.932,31.5504,0.8809,1.2115,1.2601,584226.1473,510367.0925
000531.SZ,20241104,5.51,0.7754,1.6585,19.5767,30.988,0.8652,1.1899,1.2376,573812.1339,501269.6399
000531.SZ,20241101,5.5,1.0158,2.1727,19.5411,30.9318,0.8637,1.1878,1.2354,572770.7326,500359.8947
000531.SZ,20241031,5.61,1.2895,2.7582,19.932,31.5504,0.8809,1.2115,1.2601,584226.1473,510367.0925
000531.SZ,20241030,5.5,0.663,1.3916,19.5411,23.3591,0.8749,1.1878,1.1477,572770.7326,500359.8947
000531.SZ,20241029,5.5,0.9377,1.9681,19.5411,23.3591,0.8749,1.1878,1.1477,572770.7326,500359.8947
000531.SZ,20241028,5.61,0.7697,1.6156,19.932,23.8262,0.8924,1.2115,1.1706,584226.1473,510367.0925
000531.SZ,20241025,5.5,0.9322,1.9566,19.5411,23.3591,0.8749,1.1878,1.1477,572770.7326,500359.8947
000531.SZ,20241024,5.34,0.4096,0.8597,18.9727,22.6795,0.8495,1.1532,1.1143,556108.3113,485803.9704
000531.SZ,20241023,5.35,0.8713,1.8288,19.0082,22.722,0.851,1.1554,1.1164,557149.7126,486713.7157
000531.SZ,20241022,5.32,0.9099,1.9097,18.9016,22.5946,0.8463,1.1489,1.1101,554025.5086,483984.4799
000531.SZ,20241021,5.24,0.8701,1.8262,18.6174,22.2548,0.8335,1.1316,1.0934,545694.298,476706.5178
000531.SZ,20241018,5.25,0.9617,2.0184,18.6529,22.2973,0.8351,1.1338,1.0955,546735.6993,477616.2631
000531.SZ,20241017,5.18,0.8019,1.683,18.4042,22.0,0.824,1.1187,1.0809,539445.89,471248.0462
000531.SZ,20241016,5.29,0.5404,1.1343,18.795,22.4672,0.8415,1.1424,1.1038,550901.3046,481255.2441
000531.SZ,20241015,5.28,1.048,2.1996,18.7595,22.4247,0.8399,1.1403,1.1018,549859.9033,480345.4989
000531.SZ,20241014,5.42,1.3952,2.9284,19.2569,23.0193,0.8622,1.1705,1.131,564439.5219,493081.9325
000531.SZ,20241011,5.19,1.0466,2.1966,18.4397,22.0425,0.8256,1.1208,1.083,540487.2913,472157.7915
000531.SZ,20241010,5.47,1.1858,2.4889,19.4345,23.2316,0.8701,1.1813,1.1414,569646.5286,497630.6589
000531.SZ,20241009,5.49,2.0068,4.212,19.5056,23.3166,0.8733,1.1856,1.1456,571729.3313,499450.1494
000531.SZ,20241008,5.95,3.1878,6.6908,21.14,25.2702,0.9465,1.2849,1.2416,619633.7925,541298.4315
000531.SZ,20240930,5.61,2.4185,5.0761,19.932,23.8262,0.8924,1.2115,1.1706,584226.1473,510367.0925
000531.SZ,20240927,5.11,1.3423,2.8174,18.1555,21.7027,0.8129,1.1035,1.0663,532156.0807,464879.8294
000531.SZ,20240926,4.92,0.8318,1.7459,17.4804,20.8957,0.7826,1.0625,1.0266,512369.4553,447594.6694
000531.SZ,20240925,4.78,1.0832,2.2735,16.983,20.3011,0.7604,1.0323,0.9974,497789.8367,434858.2357
000531.SZ,20240924,4.68,0.6032,1.2661,16.6277,19.8764,0.7445,1.0107,0.9766,487375.8234,425760.7831
000531.SZ,20240923,4.56,0.1613,0.3385,16.2014,19.3668,0.7254,0.9848,0.9515,474879.0074,414843.8399
000531.SZ,20240920,4.57,0.2062,0.4328,16.2369,19.4092,0.727,0.9869,0.9536,475920.4087,415753.5852
000531.SZ,20240919,4.59,0.4191,0.8796,16.308,19.4942,0.7302,0.9912,0.9578,478003.2114,417573.0757
000531.SZ,20240918,4.55,0.4781,1.0034,16.1658,19.3243,0.7238,0.9826,0.9494,473837.6061,413934.0947
000531.SZ,20240913,4.5,0.6469,1.3577,15.9882,19.112,0.7158,0.9718,0.939,468630.5994,409385.3684
000531.SZ,20240912,4.44,0.3398,0.7132,15.775,18.8571,0.7063,0.9589,0.9265,462382.1914,403926.8968
000531.SZ,20240911,4.39,0.2374,0.4983,15.5974,18.6448,0.6983,0.9481,0.916,457175.1847,399378.1705
000531.SZ,20240910,4.4,0.2342,0.4916,15.6329,18.6872,0.6999,0.9502,0.9181,458216.5861,400287.9157
000531.SZ,20240909,4.38,0.3204,0.6726,15.5618,18.6023,0.6967,0.9459,0.914,456133.7834,398468.4252
000531.SZ,20240906,4.41,0.3389,0.7113,15.6684,18.7297,0.7015,0.9524,0.9202,459257.9874,401197.661
000531.SZ,20240905,4.48,0.2663,0.5589,15.9171,19.027,0.7127,0.9675,0.9348,466547.7967,407565.8778
000531.SZ,20240904,4.46,0.4025,0.8448,15.8461,18.9421,0.7095,0.9632,0.9306,464464.9941,405746.3873
000531.SZ,20240903,4.53,0.3203,0.6722,16.0948,19.2394,0.7206,0.9783,0.9453,471754.8034,412114.6041
000531.SZ,20240902,4.59,0.3802,0.7981,16.308,19.4942,0.7302,0.9912,0.9578,478003.2114,417573.0757
000531.SZ,20240830,4.62,0.5134,1.0776,16.4146,19.6216,0.7349,0.9977,0.964,481127.4154,420302.3115
000531.SZ,20240829,4.56,0.2623,0.5505,16.2014,18.7813,0.7321,0.9848,0.9564,474879.0074,414843.8399
000531.SZ,20240828,4.55,0.3404,0.7145,16.1658,18.7401,0.7305,0.9826,0.9543,473837.6061,413934.0947
000531.SZ,20240827,4.53,0.3091,0.6487,16.0948,18.6578,0.7273,0.9783,0.9502,471754.8034,412114.6041
000531.SZ,20240826,4.6,0.3223,0.6765,16.3435,18.9461,0.7386,0.9934,0.9648,479044.6127,418482.821
000531.SZ,20240823,4.58,0.5313,1.1151,16.2724,18.8637,0.7353,0.9891,0.9606,476961.8101,416663.3305
000531.SZ,20240822,4.67,0.2174,0.4562,16.5922,19.2344,0.7498,1.0085,0.9795,486334.422,424851.0378
000531.SZ,20240821,4.72,0.1942,0.4077,16.7698,19.4403,0.7578,1.0193,0.99,491541.4287,429399.7641
000531.SZ,20240820,4.73,0.3234,0.6788,16.8054,19.4815,0.7594,1.0215,0.9921,492582.83,430309.5094
000531.SZ,20240819,4.8,0.2731,0.5731,17.0541,19.7698,0.7707,1.0366,1.0068,499872.6394,436677.7262
000531.SZ,20240816,4.81,0.4043,0.8485,17.0896,19.811,0.7723,1.0388,1.0089,500914.0407,437587.4715
000531.SZ,20240815,4.89,0.5004,1.0503,17.3738,20.1405,0.7851,1.056,1.0257,509245.2513,444865.4336
000531.SZ,20240814,4.85,0.2375,0.4984,17.2317,19.9757,0.7787,1.0474,1.0173,505079.646,441226.4526
000531.SZ,20240813,4.87,0.2374,0.4982,17.3028,20.0581,0.7819,1.0517,1.0215,507162.4487,443045.9431
000531.SZ,20240812,4.85,0.2053,0.4309,17.2317,19.9757,0.7787,1.0474,1.0173,505079.646,441226.4526
000531.SZ,20240809,4.86,0.2973,0.624,17.2673,20.0169,0.7803,1.0496,1.0194,506121.0474,442136.1978
000531.SZ,20240808,4.91,0.5947,1.2482,17.4449,20.2229,0.7883,1.0604,1.0299,511328.054,446684.9241
000531.SZ,20240807,4.87,0.4731,0.993,17.3028,20.0581,0.7819,1.0517,1.0215,507162.4487,443045.9431
000531.SZ,20240806,4.85,0.397,0.8333,17.2317,19.9757,0.7787,1.0474,1.0173,505079.646,441226.4526
000531.SZ,20240805,4.79,0.8897,1.8674,17.0185,19.7286,0.7691,1.0344,1.0047,498831.238,435767.981
000531.SZ,20240802,4.94,1.5831,3.3227,17.5515,20.3464,0.7931,1.0668,1.0361,514452.258,449414.1599
000531.SZ,20240801,5.1,2.129,4.4686,18.12,21.0054,0.8188,1.1014,1.0697,531114.6793,463970.0841
000531.SZ,20240731,4.98,1.308,2.7453,17.6936,20.5112,0.7996,1.0755,1.0445,518617.8633,453053.141
000531.SZ,20240730,4.79,0.9042,1.8978,17.0185,19.7286,0.7691,1.0344,1.0047,498831.238,435767.981
000531.SZ,20240729,4.7,0.3256,0.6833,16.6988,19.3579,0.7546,1.015,0.9858,489458.626,427580.2736
000531.SZ,20240726,4.71,0.3656,0.7673,16.7343,19.3991,0.7562,1.0172,0.9879,490500.0274,428490.0189
000531.SZ,20240725,4.64,0.447,0.9383,16.4856,19.1108,0.745,1.002,0.9732,483210.218,422121.802
000531.SZ,20240724,4.62,0.5028,1.0552,16.4146,19.0284,0.7418,0.9977,0.969,481127.4154,420302.3115
000531.SZ,20240723,4.71,0.7049,1.4796,16.7343,19.3991,0.7562,1.0172,0.9879,490500.0274,428490.0189
000531.SZ,20240722,4.69,0.3042,0.6385,16.6633,19.3167,0.753,1.0128,0.9837,488417.2247,426670.5283
000531.SZ,20240719,4.69,0.4213,0.8844,16.6633,19.3167,0.753,1.0128,0.9837,488417.2247,426670.5283
000531.SZ,20240718,4.7,0.6103,1.2809,16.6988,19.3579,0.7546,1.015,0.9858,489458.626,427580.2736
000531.SZ,20240717,4.73,0.6905,1.4492,16.8054,19.4815,0.7594,1.0215,0.9921,492582.83,430309.5094
000531.SZ,20240716,4.83,0.8388,1.7605,17.1607,19.8934,0.7755,1.0431,1.0131,502996.8434,439406.962
000531.SZ,20240715,4.89,1.0954,2.299,17.3738,20.1405,0.7851,1.056,1.0257,509245.2513,444865.4336
000531.SZ,20240712,4.91,1.0118,2.1237,17.4449,20.2229,0.7883,1.0604,1.0299,511328.054,446684.9241
000531.SZ,20240711,5.01,0.757,1.5889,17.8002,20.6347,0.7917,1.0819,1.0508,521742.0673,455782.3768
000531.SZ,20240710,4.87,0.5487,1.1517,17.3028,20.0581,0.7695,1.0517,1.0215,507162.4487,443045.9431
000531.SZ,20240709,4.99,0.6553,1.3755,17.7291,20.5524,0.7885,1.0776,1.0466,519659.2647,453962.8862
000531.SZ,20240708,4.88,0.5788,1.2149,17.3383,20.0993,0.7711,1.0539,1.0236,508203.85,443955.6883
000531.SZ,20240705,5.06,0.3001,0.6299,17.9778,20.8407,0.7996,1.0927,1.0613,526949.074,460331.1031
000531.SZ,20240704,5.05,0.4765,1.0,17.9423,20.7995,0.798,1.0906,1.0592,525907.6727,459421.3578
000531.SZ,20240703,5.19,0.4419,0.9275,18.4397,21.3761,0.8201,1.1208,1.0886,540487.2913,472157.7915
000531.SZ,20240702,5.22,0.7917,1.6617,18.5463,21.4997,0.8249,1.1273,1.0949,543611.4953,474887.0273
000531.SZ,20240701,5.25,1.7798,3.7356,18.6529,21.6232,0.8296,1.1338,1.1012,546735.6993,477616.2631
000531.SZ,20240628,5.35,0.4512,1.0726,19.0082,22.0351,0.8454,1.1554,1.1221,557149.7126,439823.0501
000531.SZ,20240627,5.23,0.1975,0.4695,18.5818,21.5408,0.8264,1.1295,1.097,544652.8966,429957.8602
000531.SZ,20240626,5.33,0.2094,0.4979,18.9371,21.9527,0.8422,1.1511,1.1179,555066.91,438178.9717
000531.SZ,20240625,5.24,0.277,0.6585,18.6174,21.582,0.828,1.1316,1.0991,545694.298,430780.0772
000531.SZ,20240624,5.19,0.3713,0.8828,18.4397,21.3761,0.8201,1.1208,1.0886,540487.2913,426669.5803
000531.SZ,20240621,5.33,0.2384,0.5668,18.9371,21.9527,0.8422,1.1511,1.1179,555066.91,438178.9717
000531.SZ,20240620,5.32,0.3712,0.8824,18.9016,21.9115,0.8407,1.1489,1.1159,554025.5086,437356.8723
000531.SZ,20240619,5.46,0.34,0.8084,19.399,22.4882,0.8628,1.1791,1.1452,568605.1273,448866.2637
000531.SZ,20240618,5.54,0.3194,0.7593,19.6832,22.8176,0.8754,1.1964,1.162,576936.3379,455443.0587
000531.SZ,20240617,5.53,0.5611,1.3339,19.6477,22.7765,0.8738,1.1942,1.1599,575894.9366,454620.9594
000531.SZ,20240614,5.63,0.4524,1.0755,20.003,23.1883,0.8896,1.2158,1.1809,586308.9499,462841.9532
000531.SZ,20240613,5.6,0.4243,1.0087,19.8964,23.0648,0.8849,1.2094,1.1746,583184.7459,460375.655
000531.SZ,20240612,5.62,0.3965,0.9427,19.9675,23.1471,0.8881,1.2137,1.1788,585267.5486,462019.8538
000531.SZ,20240611,5.63,0.3693,0.878,20.003,23.1883,0.8896,1.2158,1.1809,586308.9499,462841.9532
000531.SZ,20240607,5.67,0.6104,1.4511,20.1451,23.3531,0.896,1.2245,1.1893,590474.5552,466130.3507
000531.SZ,20240606,5.51,0.8001,1.9021,19.5767,22.6941,0.8707,1.1899,1.1557,573812.1339,452976.7606
000531.SZ,20240605,5.63,0.5502,1.3081,20.003,23.1883,0.8896,1.2158,1.1809,586308.9499,462841.9532
000531.SZ,20240604,5.76,0.9064,2.155,20.4649,23.7238,0.9102,1.2439,1.2081,599847.1672,473529.2452
000531.SZ,20240603,5.76,1.2953,3.0794,20.4649,23.7238,0.9102,1.2439,1.2081,599847.1672,473529.2452
000531.SZ,20240531,5.96,0.77,1.8306,21.1755,24.5475,0.9418,1.2871,1.2501,620675.1939,489971.2329
000531.SZ,20240530,5.98,1.4907,3.544,21.2465,24.6299,0.9449,1.2914,1.2543,622757.9965,491615.4316
000531.SZ,20240529,6.06,1.277,3.0359,21.5308,24.9594,0.9576,1.3087,1.2711,631089.2072,498192.2267
000531.SZ,20240528,6.12,2.4504,5.8256,21.744,25.2065,0.9671,1.3217,1.2836,637337.6152,503124.823
000531.SZ,20240527,6.03,1.1232,2.6703,21.4242,24.8358,0.9528,1.3022,1.2648,627965.0032,495725.9286
000531.SZ,20240524,5.98,1.3357,3.1755,21.2465,24.6299,0.9449,1.2914,1.2543,622757.9965,491615.4316
000531.SZ,20240523,5.84,0.8816,2.096,20.7491,24.0533,0.9228,1.2612,1.2249,608178.3779,480106.0403
000531.SZ,20240522,6.01,0.5905,1.4039,21.3531,24.7534,0.9497,1.2979,1.2606,625882.2005,494081.7298
000531.SZ,20240521,6.02,0.6615,1.5727,21.3887,24.7946,0.9513,1.3001,1.2627,626923.6019,494903.8292
000531.SZ,20240520,6.09,1.0279,2.4437,21.6374,25.0829,0.9623,1.3152,1.2774,634213.4112,500658.5249
000531.SZ,20240517,6.03,0.837,1.99,21.4242,24.8358,0.9528,1.3022,1.2648,627965.0032,495725.9286
000531.SZ,20240516,5.99,1.154,2.7434,21.2821,24.6711,0.9465,1.2936,1.2564,623799.3979,492437.531
000531.SZ,20240515,6.01,1.3438,3.1948,21.3531,24.7534,0.9497,1.2979,1.2606,625882.2005,494081.7298
000531.SZ,20240514,6.18,1.9515,4.6396,21.9571,25.4536,0.9766,1.3346,1.2962,643586.0232,508057.4193
000531.SZ,20240513,6.13,2.0382,4.8456,21.7795,25.2477,0.9686,1.3238,1.2857,638379.0165,503946.9224
000531.SZ,20240510,6.09,1.4698,3.4943,21.6374,25.0829,0.9623,1.3152,1.2774,634213.4112,500658.5249
000531.SZ,20240509,5.99,0.7086,1.6846,21.2821,24.6711,0.9465,1.2936,1.2564,623799.3979,492437.531
000531.SZ,20240508,5.95,0.9608,2.2843,21.14,24.5063,0.9402,1.2849,1.248,619633.7925,489149.1335
000531.SZ,20240507,5.97,1.1917,2.8331,21.211,24.5887,0.9434,1.2893,1.2522,621716.5952,490793.3322
000531.SZ,20240506,6.06,2.1733,5.1667,21.5308,24.9594,0.9576,1.3087,1.2711,631089.2072,498192.2267
000531.SZ,20240430,5.84,1.8952,4.5056,20.7491,24.0533,0.9228,1.2612,1.2249,608178.3779,480106.0403
000531.SZ,20240429,6.09,1.2027,2.8593,21.6374,21.6374,0.9674,1.3152,1.3152,634213.4112,500658.5249
000531.SZ,20240426,5.99,1.0779,2.5627,21.2821,21.2821,0.9515,1.2936,1.2936,623799.3979,492437.531
000531.SZ,20240425,5.92,0.7297,1.7348,21.0334,21.0334,0.9404,1.2785,1.2785,616509.5885,486682.8353
000531.SZ,20240424,5.84,0.5184,1.2326,20.7491,20.7491,0.9277,1.2612,1.2612,608178.3779,480106.0403
000531.SZ,20240423,5.76,0.538,1.2791,20.4649,20.4649,0.9149,1.2439,1.2439,599847.1672,473529.2452
000531.SZ,20240422,5.79,0.7926,1.8843,20.5715,20.5715,0.9197,1.2504,1.2504,602971.3712,475995.5433
000531.SZ,20240419,5.87,0.8209,1.9515,20.8557,20.8557,0.9324,1.2677,1.2677,611302.5819,482572.3384
000531.SZ,20240418,5.88,0.9428,2.2413,20.8912,20.8912,0.934,1.2698,1.2698,612343.9832,483394.4378
000531.SZ,20240417,5.96,1.2428,2.9547,21.1755,21.1755,0.9467,1.2871,1.2871,620675.1939,489971.2329
000531.SZ,20240416,5.66,1.5688,3.7297,20.1096,20.1096,0.8991,1.2223,1.2223,589433.1539,465308.2513
000531.SZ,20240415,6.03,1.3761,3.2715,21.4242,21.4242,0.9578,1.3022,1.3022,627965.0032,495725.9286
000531.SZ,20240412,6.08,1.3994,3.3269,21.6018,21.6018,0.9658,1.313,1.313,633172.0099,499836.4255
000531.SZ,20240411,6.23,1.8379,4.3695,22.1348,22.1348,0.9896,1.3454,1.3454,648793.0298,512167.9162
000531.SZ,20240410,6.32,2.6757,6.3611,22.4545,22.4545,1.0039,1.3649,1.3649,658165.6418,519566.8107
000531.SZ,20240409,6.21,0.9175,2.1813,,31.2985,0.9855,1.6447,1.4321,646710.2272,510523.7175
000531.SZ,20240408,6.22,1.4039,3.3376,,31.3489,0.9871,1.6473,1.4344,647751.6285,511345.8168
000531.SZ,20240403,6.1,0.6885,1.6367,,30.7441,0.9681,1.6155,1.4067,635254.8125,501480.6242
000531.SZ,20240402,6.09,0.7389,1.7567,,30.6937,0.9665,1.6129,1.4044,634213.4112,500658.5249
000531.SZ,20240401,6.03,0.8367,1.9891,,30.3913,0.957,1.597,1.3906,627965.0032,495725.9286
000531.SZ,20240329,5.92,0.7009,1.6663,,29.8369,0.9395,1.5679,1.3652,616509.5885,486682.8353
000531.SZ,20240328,5.79,0.5649,1.3429,,29.1817,0.9189,1.5334,1.3353,602971.3712,475995.5433
000531.SZ,20240327,5.75,0.5644,1.3417,,28.9801,0.9125,1.5228,1.326,598805.7659,472707.1458
000531.SZ,20240326,5.88,0.57,1.3552,,29.6353,0.9332,1.5573,1.356,612343.9832,483394.4378
000531.SZ,20240325,5.86,0.8571,2.0377,,29.5345,0.93,1.552,1.3514,610261.1806,481750.239
000531.SZ,20240322,5.87,0.5792,1.3769,,29.5849,0.9316,1.5546,1.3537,611302.5819,482572.3384
000531.SZ,20240321,5.9,0.6887,1.6372,,29.7361,0.9363,1.5626,1.3606,614426.7859,485038.6366
000531.SZ,20240320,5.96,0.6855,1.6298,,30.0385,0.9459,1.5784,1.3745,620675.1939,489971.2329
000531.SZ,20240319,5.95,1.2994,3.0893,,29.9881,0.9443,1.5758,1.3722,619633.7925,489149.1335
000531.SZ,20240318,6.08,1.5164,3.6052,,30.6433,0.9649,1.6102,1.4021,633172.0099,499836.4255
000531.SZ,20240315,5.86,0.7144,1.6983,,29.5345,0.93,1.552,1.3514,610261.1806,481750.239
000531.SZ,20240314,5.76,0.5493,1.3059,,29.0305,0.9141,1.5255,1.3283,599847.1672,473529.2452
000531.SZ,20240313,5.8,0.6894,1.639,,29.2321,0.9205,1.5361,1.3376,604012.7726,476817.6427
000531.SZ,20240312,5.76,1.0325,2.4546,,29.0305,0.9141,1.5255,1.3283,599847.1672,473529.2452
000531.SZ,20240311,5.85,0.8526,2.0271,,29.4841,0.9284,1.5493,1.3491,609219.7792,480928.1396
000531.SZ,20240308,5.75,0.6832,1.6243,,28.9801,0.9125,1.5228,1.326,598805.7659,472707.1458
000531.SZ,20240307,5.76,1.1556,2.7472,,29.0305,0.9141,1.5255,1.3283,599847.1672,473529.2452
000531.SZ,20240306,5.65,0.6495,1.5441,,28.4761,0.8967,1.4963,1.303,588391.7526,464486.152
000531.SZ,20240305,5.6,0.6808,1.6185,,28.2241,0.8887,1.4831,1.2914,583184.7459,460375.655
000531.SZ,20240304,5.69,0.8519,2.0253,,28.6777,0.903,1.5069,1.3122,592557.3579,467774.5495
000531.SZ,20240301,5.76,1.2526,2.978,,29.0305,0.9141,1.5255,1.3283,599847.1672,473529.2452
000531.SZ,20240229,5.69,1.127,2.6792,,28.6777,0.903,1.5069,1.3122,592557.3579,467774.5495
000531.SZ,20240228,5.52,1.4602,3.4716,,27.8209,0.876,1.4619,1.273,574853.5353,453798.86
000531.SZ,20240227,5.75,0.7935,1.8866,,28.9801,0.9125,1.5228,1.326,598805.7659,472707.1458
000531.SZ,20240226,5.68,0.8408,1.9989,,28.6273,0.9014,1.5043,1.3099,591515.9566,466952.4501
000531.SZ,20240223,5.69,0.8669,2.0609,,28.6777,0.903,1.5069,1.3122,592557.3579,467774.5495
000531.SZ,20240222,5.63,0.6718,1.597,,28.3753,0.8935,1.4911,1.2984,586308.9499,462841.9532
000531.SZ,20240221,5.57,0.7692,1.8287,,28.0729,0.884,1.4752,1.2845,580060.5419,457909.3569
000531.SZ,20240220,5.54,0.9498,2.258,,27.9217,0.8792,1.4672,1.2776,576936.3379,455443.0587
000531.SZ,20240219,5.65,2.2652,5.3852,,28.4761,0.8967,1.4963,1.303,588391.7526,464486.152
000531.SZ,20240208,5.3,2.2875,5.4383,,26.7121,0.8411,1.4037,1.2223,551942.706,435712.6735
000531.SZ,20240207,4.93,2.1687,5.1558,,24.8473,0.7824,1.3057,1.1369,513410.8567,405294.9963
000531.SZ,20240206,5.13,1.8351,4.3627,,25.8553,0.8141,1.3586,1.183,534238.8833,421736.984
000531.SZ,20240205,5.06,1.7362,4.1278,,25.5025,0.803,1.3401,1.1669,526949.074,415982.2883
000531.SZ,20240202,5.58,1.4253,3.3885,,28.1233,0.8855,1.4778,1.2868,581101.9433,458731.4563
000531.SZ,20240201,5.87,1.3261,3.1527,,29.5849,0.9316,1.5546,1.3537,611302.5819,482572.3384
000531.SZ,20240131,6.06,1.5723,3.7381,,30.5425,0.9617,1.6049,1.3975,631089.2072,498192.2267
000531.SZ,20240130,6.31,0.9319,2.2155,,31.8025,1.0014,1.6711,1.4552,657124.2405,518744.7113
000531.SZ,20240129,6.34,0.9407,2.2365,,31.9537,1.0062,1.6791,1.4621,660248.4445,521211.0095
000531.SZ,20240126,6.38,0.6536,1.5538,,32.1553,1.0125,1.6897,1.4713,664414.0498,524499.407
000531.SZ,20240125,6.27,0.7855,1.8675,,31.6009,0.9951,1.6605,1.4459,652958.6352,515456.3138
000531.SZ,20240124,5.97,1.0207,2.4266,,30.0889,0.9474,1.5811,1.3768,621716.5952,490793.3322
000531.SZ,20240123,5.88,0.9103,2.1641,,29.6353,0.9332,1.5573,1.356,612343.9832,483394.4378
000531.SZ,20240122,5.91,1.4069,3.3448,,29.7865,0.9379,1.5652,1.3629,615468.1872,485860.7359
000531.SZ,20240119,6.38,1.0092,2.3992,,32.1553,1.0125,1.6897,1.4713,664414.0498,524499.407
000531.SZ,20240118,6.4,1.3039,3.0998,,32.2561,1.0157,1.695,1.4759,666496.8525,526143.6058
000531.SZ,20240117,6.5,1.5174,3.6074,,32.7601,1.0316,1.7215,1.499,676910.8658,534364.5996
000531.SZ,20240116,6.6,1.1847,2.8166,,33.2641,1.0474,1.7479,1.522,687324.8791,542585.5934
000531.SZ,20240115,6.72,0.6248,1.4853,,33.8689,1.0665,1.7797,1.5497,699821.6951,552450.786
000531.SZ,20240112,6.71,0.6114,1.4536,,33.8185,1.0649,1.7771,1.5474,698780.2938,551628.6867
000531.SZ,20240111,6.61,0.5314,1.2633,,33.3145,1.049,1.7506,1.5244,688366.2805,543407.6928
000531.SZ,20240110,6.64,0.4604,1.0946,,33.4657,1.0538,1.7585,1.5313,691490.4844,545873.991
000531.SZ,20240109,6.66,0.5774,1.3727,,33.5665,1.0569,1.7638,1.5359,693573.2871,547518.1897
000531.SZ,20240108,6.68,0.7519,1.7875,,33.6673,1.0601,1.7691,1.5405,695656.0898,549162.3885
000531.SZ,20240105,6.83,0.782,1.8591,,34.4233,1.0839,1.8089,1.5751,711277.1098,561493.8793
000531.SZ,20240104,6.92,0.6464,1.5368,,34.8769,1.0982,1.8327,1.5958,720649.7217,568892.7737
000531.SZ,20240103,6.87,0.6379,1.5166,,34.6249,1.0903,1.8195,1.5843,715442.7151,564782.2768
000531.SZ,20240102,6.79,1.1864,2.8206,,34.2217,1.0776,1.7983,1.5659,707111.5044,558205.4817
000531.SZ,20231229,6.69,0.6816,1.6205,,33.7177,1.0617,1.7718,1.5428,696697.4911,549984.4879
000531.SZ,20231228,6.71,0.912,2.1682,,26.6969,1.0576,1.4029,1.2216,551628.6867,551628.6867
000531.SZ,20231227,6.78,0.516,1.2268,,26.9754,1.0686,1.4175,1.2343,557383.3824,557383.3824
000531.SZ,20231226,6.65,0.5196,1.2354,,26.4581,1.0481,1.3903,1.2106,546696.0904,546696.0904
000531.SZ,20231225,6.77,0.61,1.4502,,26.9356,1.067,1.4154,1.2325,556561.283,556561.283
000531.SZ,20231222,6.89,0.6288,1.4949,,27.413,1.0859,1.4405,1.2543,566426.4756,566426.4756
000531.SZ,20231221,6.94,0.5391,1.2817,,27.612,1.0938,1.4509,1.2634,570536.9725,570536.9725
000531.SZ,20231220,6.96,0.4535,1.0781,,27.6915,1.097,1.4551,1.2671,572181.1713,572181.1713
000531.SZ,20231219,7.01,0.664,1.5786,,27.8905,1.1049,1.4656,1.2762,576291.6682,576291.6682
000531.SZ,20231218,7.09,0.6377,1.516,,28.2088,1.1175,1.4823,1.2907,582868.4633,582868.4633
000531.SZ,20231215,7.13,0.6688,1.59,,28.3679,1.1238,1.4907,1.298,586156.8608,586156.8608
000531.SZ,20231214,7.13,0.7326,1.7417,,28.3679,1.1238,1.4907,1.298,586156.8608,586156.8608
000531.SZ,20231213,7.05,0.6259,1.488,,28.0496,1.1112,1.4739,1.2835,579580.0657,579580.0657
000531.SZ,20231212,7.01,0.6713,1.5959,,27.8905,1.1049,1.4656,1.2762,576291.6682,576291.6682
000531.SZ,20231211,6.89,0.8283,1.9691,,27.413,1.0859,1.4405,1.2543,566426.4756,566426.4756
000531.SZ,20231208,6.9,0.8825,2.0981,,27.4528,1.0875,1.4426,1.2561,567248.575,567248.575
000531.SZ,20231207,6.9,1.0069,2.3938,,27.4528,1.0875,1.4426,1.2561,567248.575,567248.575
000531.SZ,20231206,6.96,0.8689,2.0657,,27.6915,1.097,1.4551,1.2671,572181.1713,572181.1713
000531.SZ,20231205,7.04,0.7083,1.6839,,28.0098,1.1096,1.4718,1.2816,578757.9663,578757.9663
000531.SZ,20231204,7.08,0.9698,2.3057,,28.169,1.1159,1.4802,1.2889,582046.3639,582046.3639
000531.SZ,20231201,6.99,0.7768,1.8468,,27.8109,1.1017,1.4614,1.2725,574647.4694,574647.4694
000531.SZ,20231130,6.93,0.4905,1.1661,,27.5722,1.0922,1.4488,1.2616,569714.8731,569714.8731
000531.SZ,20231129,6.89,0.4101,0.975,,27.413,1.0859,1.4405,1.2543,566426.4756,566426.4756
000531.SZ,20231128,6.91,0.4837,1.15,,27.4926,1.0891,1.4447,1.258,568070.6743,568070.6743
000531.SZ,20231127,6.88,0.4286,1.0189,,27.3732,1.0844,1.4384,1.2525,565604.3762,565604.3762
000531.SZ,20231124,6.89,0.4256,1.0119,,27.413,1.0859,1.4405,1.2543,566426.4756,566426.4756
000531.SZ,20231123,6.9,0.4448,1.0575,,27.4528,1.0875,1.4426,1.2561,567248.575,567248.575
000531.SZ,20231122,6.84,0.5197,1.2355,,27.2141,1.0781,1.43,1.2452,562315.9787,562315.9787
000531.SZ,20231121,6.86,0.5536,1.3161,,27.2937,1.0812,1.4342,1.2489,563960.1774,563960.1774
000531.SZ,20231120,6.9,0.6508,1.5473,,27.4528,1.0875,1.4426,1.2561,567248.575,567248.575
000531.SZ,20231117,6.93,0.3976,0.9453,,27.5722,1.0922,1.4488,1.2616,569714.8731,569714.8731
000531.SZ,20231116,6.9,0.4176,0.9928,,27.4528,1.0875,1.4426,1.2561,567248.575,567248.575
000531.SZ,20231115,6.92,0.4295,1.0212,,27.5324,1.0907,1.4468,1.2598,568892.7737,568892.7737
000531.SZ,20231114,6.93,0.4289,1.0196,,27.5722,1.0922,1.4488,1.2616,569714.8731,569714.8731
000531.SZ,20231113,6.99,0.7479,1.7781,,27.8109,1.1017,1.4614,1.2725,574647.4694,574647.4694
000531.SZ,20231110,6.92,0.7674,1.8243,,27.5324,1.0907,1.4468,1.2598,568892.7737,568892.7737
000531.SZ,20231109,6.88,0.5314,1.2633,,27.3732,1.0844,1.4384,1.2525,565604.3762,565604.3762
000531.SZ,20231108,6.83,0.4951,1.177,,27.1743,1.0765,1.4279,1.2434,561493.8793,561493.8793
000531.SZ,20231107,6.86,0.6746,1.6037,,27.2937,1.0812,1.4342,1.2489,563960.1774,563960.1774
000531.SZ,20231106,6.84,0.7094,1.6866,,27.2141,1.0781,1.43,1.2452,562315.9787,562315.9787
000531.SZ,20231103,6.82,0.8297,1.9725,,27.1345,1.0749,1.4259,1.2416,560671.7799,560671.7799
000531.SZ,20231102,6.83,0.9374,2.2287,,27.1743,1.0765,1.4279,1.2434,561493.8793,561493.8793
000531.SZ,20231101,6.94,1.3348,3.1734,,27.612,1.0938,1.4509,1.2634,570536.9725,570536.9725
000531.SZ,20231031,6.85,1.2981,3.0862,,27.2539,1.0796,1.4321,1.247,563138.078,563138.078
000531.SZ,20231030,6.78,0.9958,2.3674,,,1.1002,1.4175,1.3764,557383.3824,557383.3824
000531.SZ,20231027,6.72,0.8009,1.9041,,,1.0905,1.4049,1.3643,552450.786,552450.786
000531.SZ,20231026,6.63,0.7973,1.8956,,,1.0758,1.3861,1.346,545051.8916,545051.8916
000531.SZ,20231025,6.47,0.5112,1.2152,,,1.0499,1.3527,1.3135,531898.3014,531898.3014
000531.SZ,20231024,6.39,0.7977,1.8964,,,1.0369,1.336,1.2973,525321.5064,525321.5064
000531.SZ,20231023,6.22,0.5605,1.3325,,,1.0093,1.3004,1.2628,511345.8168,511345.8168
000531.SZ,20231020,6.35,0.7639,1.8161,,,1.0304,1.3276,1.2892,522033.1088,522033.1088
000531.SZ,20231019,6.31,0.9509,2.2606,,,1.0239,1.3192,1.281,518744.7113,518744.7113
000531.SZ,20231018,6.38,1.2471,2.9648,,,1.0353,1.3339,1.2952,524499.407,524499.407
000531.SZ,20231017,6.56,1.0565,2.5116,,,1.0645,1.3715,1.3318,539297.1959,539297.1959
000531.SZ,20231016,6.5,2.0274,4.8199,,,1.0548,1.3589,1.3196,534364.5996,534364.5996
000531.SZ,20231013,6.71,2.9469,7.0059,,,1.0888,1.4029,1.3622,551628.6867,551628.6867
000531.SZ,20231012,6.45,0.2501,0.5946,,,1.0466,1.3485,1.3095,530254.1027,530254.1027
000531.SZ,20231011,6.38,0.3675,0.8738,,,1.0353,1.3339,1.2952,524499.407,524499.407
000531.SZ,20231010,6.46,0.3319,0.7891,,,1.0483,1.3506,1.3115,531076.2021,531076.2021
000531.SZ,20231009,6.53,0.4063,0.966,,,1.0596,1.3652,1.3257,536830.8978,536830.8978
000531.SZ,20230928,6.51,0.2909,0.6917,,,1.0564,1.361,1.3216,535186.699,535186.699
000531.SZ,20230927,6.45,0.3276,0.7789,,,1.0466,1.3485,1.3095,530254.1027,530254.1027
000531.SZ,20230926,6.41,0.3297,0.7838,,,1.0401,1.3401,1.3013,526965.7051,526965.7051
000531.SZ,20230925,6.44,0.3628,0.8625,,,1.045,1.3464,1.3074,529432.0033,529432.0033
000531.SZ,20230922,6.52,0.4384,1.0422,,,1.058,1.3631,1.3237,536008.7984,536008.7984
000531.SZ,20230921,6.49,0.4173,0.992,,,1.0531,1.3569,1.3176,533542.5002,533542.5002
000531.SZ,20230920,6.55,0.4143,0.9849,,,1.0629,1.3694,1.3298,538475.0965,538475.0965
000531.SZ,20230919,6.59,0.5954,1.4155,,,1.0694,1.3778,1.3379,541763.4941,541763.4941
000531.SZ,20230918,6.58,0.5962,1.4175,,,1.0677,1.3757,1.3358,540941.3947,540941.3947
000531.SZ,20230915,6.68,0.649,1.5429,,,1.084,1.3966,1.3561,549162.3885,549162.3885
000531.SZ,20230914,6.67,1.0994,2.6137,,,1.0823,1.3945,1.3541,548340.2891,548340.2891
000531.SZ,20230913,6.66,0.6567,1.5612,,,1.0807,1.3924,1.3521,547518.1897,547518.1897
000531.SZ,20230912,6.58,0.3435,0.8166,,,1.0677,1.3757,1.3358,540941.3947,540941.3947
000531.SZ,20230911,6.56,0.5297,1.2593,,,1.0645,1.3715,1.3318,539297.1959,539297.1959
000531.SZ,20230908,6.56,0.5062,1.2035,,,1.0645,1.3715,1.3318,539297.1959,539297.1959
000531.SZ,20230907,6.43,0.3909,0.9292,,,1.0434,1.3443,1.3054,528609.9039,528609.9039
000531.SZ,20230906,6.52,0.3825,0.9094,,,1.058,1.3631,1.3237,536008.7984,536008.7984
000531.SZ,20230905,6.58,0.5845,1.3896,,,1.0677,1.3757,1.3358,540941.3947,540941.3947
000531.SZ,20230904,6.52,0.5198,1.2357,,,1.058,1.3631,1.3237,536008.7984,536008.7984
000531.SZ,20230901,6.41,0.6471,1.5384,,,1.0401,1.3401,1.3013,526965.7051,526965.7051
000531.SZ,20230831,6.49,0.6887,1.6373,,,1.0531,1.3569,1.3176,533542.5002,533542.5002
000531.SZ,20230830,6.6,0.5327,1.2665,,83.2512,1.0878,1.3799,1.3598,542585.5934,542585.5934
000531.SZ,20230829,6.66,0.6382,1.5172,,84.008,1.0977,1.3924,1.3722,547518.1897,547518.1897
000531.SZ,20230828,6.67,0.8483,2.0168,,84.1342,1.0994,1.3945,1.3742,548340.2891,548340.2891
000531.SZ,20230825,6.51,0.615,1.4622,,82.116,1.073,1.361,1.3413,535186.699,535186.699
000531.SZ,20230824,6.49,0.5707,1.3568,,81.8637,1.0697,1.3569,1.3372,533542.5002,533542.5002
000531.SZ,20230823,6.52,0.4662,1.1082,,82.2421,1.0747,1.3631,1.3433,536008.7984,536008.7984
000531.SZ,20230822,6.57,0.5354,1.273,,82.8728,1.0829,1.3736,1.3536,540119.2953,540119.2953
000531.SZ,20230821,6.59,0.6197,1.4732,,83.1251,1.0862,1.3778,1.3578,541763.4941,541763.4941
000531.SZ,20230818,6.59,0.5377,1.2782,,83.1251,1.0862,1.3778,1.3578,541763.4941,541763.4941
000531.SZ,20230817,6.75,0.4893,1.1633,,85.1433,1.1126,1.4112,1.3907,554917.0842,554917.0842
000531.SZ,20230816,6.75,0.4519,1.0744,,85.1433,1.1126,1.4112,1.3907,554917.0842,554917.0842
000531.SZ,20230815,6.83,0.5128,1.2192,,86.1524,1.1258,1.4279,1.4072,561493.8793,561493.8793
000531.SZ,20230814,6.94,0.5314,1.2633,,87.5399,1.1439,1.4509,1.4299,570536.9725,570536.9725
000531.SZ,20230811,6.94,0.7468,1.7755,,87.5399,1.1439,1.4509,1.4299,570536.9725,570536.9725
000531.SZ,20230810,7.03,0.3259,0.7748,,88.6751,1.1587,1.4698,1.4484,577935.867,577935.867
000531.SZ,20230809,6.98,0.5369,1.2765,,88.0444,1.1505,1.4593,1.4381,573825.37,573825.37
000531.SZ,20230808,7.06,0.6528,1.5519,,89.0536,1.1637,1.476,1.4546,580402.1651,580402.1651
000531.SZ,20230807,7.19,0.6207,1.4758,,90.6934,1.1851,1.5032,1.4814,591089.4571,591089.4571
000531.SZ,20230804,7.31,0.7286,1.7321,,92.207,1.2049,1.5283,1.5061,600954.6497,600954.6497
000531.SZ,20230803,7.34,0.541,1.2861,,92.5854,1.2098,1.5346,1.5123,603420.9479,603420.9479
000531.SZ,20230802,7.4,0.944,2.2443,,93.3423,1.2197,1.5471,1.5247,608353.5442,608353.5442
000531.SZ,20230801,7.37,1.4452,3.4358,,92.9638,1.2148,1.5408,1.5185,605887.246,605887.246
000531.SZ,20230731,7.18,0.8621,2.0497,,90.5672,1.1834,1.5011,1.4793,590267.3577,590267.3577
000531.SZ,20230728,7.06,0.7926,1.8845,,89.0536,1.1637,1.476,1.4546,580402.1651,580402.1651
000531.SZ,20230727,6.97,0.6003,1.4272,,87.9183,1.1488,1.4572,1.4361,573003.2706,573003.2706
000531.SZ,20230726,6.99,0.5597,1.3306,,88.1706,1.1521,1.4614,1.4402,574647.4694,574647.4694
000531.SZ,20230725,7.06,0.6573,1.5626,,89.0536,1.1637,1.476,1.4546,580402.1651,580402.1651
000531.SZ,20230724,7.06,0.5402,1.2842,,89.0536,1.1637,1.476,1.4546,580402.1651,580402.1651
000531.SZ,20230721,7.04,0.4427,1.0525,,88.8013,1.1604,1.4718,1.4505,578757.9663,578757.9663
000531.SZ,20230720,7.04,0.6783,1.6127,,88.8013,1.1604,1.4718,1.4505,578757.9663,578757.9663
000531.SZ,20230719,7.16,0.5248,1.2477,,90.3149,1.1801,1.4969,1.4752,588623.1589,588623.1589
000531.SZ,20230718,7.21,0.5009,1.1909,,90.9456,1.1884,1.5074,1.4855,592733.6559,592733.6559
000531.SZ,20230717,7.26,0.6487,1.5423,,91.5763,1.1966,1.5178,1.4958,596844.1528,596844.1528
000531.SZ,20230714,7.32,0.6777,1.6111,,92.3331,1.2065,1.5304,1.5082,601776.7491,601776.7491
000531.SZ,20230713,7.35,0.793,1.8852,,92.7116,1.2115,1.5367,1.5143,604243.0472,604243.0472
000531.SZ,20230712,7.42,0.667,1.5857,,93.5945,1.223,1.5513,1.5288,609997.7429,609997.7429
000531.SZ,20230711,7.48,0.8853,2.1048,,94.3514,1.2329,1.5638,1.5411,614930.3392,614930.3392
000531.SZ,20230710,7.5,1.7088,4.0625,,94.6036,1.2362,1.568,1.5453,616574.538,616574.538
000531.SZ,20230707,7.46,1.3058,3.1043,,94.0991,1.2296,1.5597,1.537,613286.1405,613286.1405
000531.SZ,20230706,7.36,0.681,1.619,,92.8377,1.2131,1.5387,1.5164,605065.1466,605065.1466
000531.SZ,20230705,7.31,0.8236,1.9581,,92.207,1.2049,1.5283,1.5061,600954.6497,600954.6497
000531.SZ,20230704,7.34,1.1879,2.8242,,92.5854,1.2098,1.5346,1.5123,603420.9479,603420.9479
000531.SZ,20230703,7.38,1.8257,4.3404,,93.09,1.2164,1.5429,1.5205,606709.3454,606709.3454
000531.SZ,20230630,7.23,1.2092,2.8748,,91.1979,1.1917,1.5116,1.4896,594377.8546,594377.8546
000531.SZ,20230629,7.3,1.7395,4.1354,,92.0809,1.2032,1.5262,1.504,600132.5503,600132.5503
000531.SZ,20230628,7.52,2.509,5.965,,94.8559,1.2395,1.5722,1.5494,618218.7368,618218.7368
000531.SZ,20230627,7.32,1.8578,4.4167,,92.3331,1.2065,1.5304,1.5082,601776.7491,601776.7491
000531.SZ,20230626,7.33,2.1954,5.2193,,92.4593,1.2082,1.5325,1.5102,602598.8485,602598.8485
000531.SZ,20230621,7.0,0.7285,1.7319,,88.2967,1.1406,1.4635,1.4422,575469.5688,575469.5688
000531.SZ,20230620,6.99,0.4507,1.0714,,88.1706,1.139,1.4614,1.4402,574647.4694,574647.4694
000531.SZ,20230619,7.01,0.4483,1.0657,,88.4229,1.1422,1.4656,1.4443,576291.6682,576291.6682
000531.SZ,20230616,7.0,0.4262,1.0131,,88.2967,1.1406,1.4635,1.4422,575469.5688,575469.5688
000531.SZ,20230615,7.01,0.4962,1.1796,,88.4229,1.1422,1.4656,1.4443,576291.6682,576291.6682
000531.SZ,20230614,6.92,0.6901,1.6407,,87.2876,1.1276,1.4468,1.4258,568892.7737,568892.7737
000531.SZ,20230613,7.03,0.4612,1.0965,,88.6751,1.1455,1.4698,1.4484,577935.867,577935.867
000531.SZ,20230612,7.09,0.655,1.5572,,89.432,1.1553,1.4823,1.4608,582868.4633,582868.4633
000531.SZ,20230609,7.26,0.6026,1.4326,,91.5763,1.183,1.5178,1.4958,596844.1528,596844.1528
000531.SZ,20230608,7.18,0.8265,1.9649,,90.5672,1.1699,1.5011,1.4793,590267.3577,590267.3577
000531.SZ,20230607,7.08,0.5487,1.3045,,89.3058,1.1537,1.4802,1.4587,582046.3639,582046.3639
000531.SZ,20230606,7.1,0.8747,2.0795,,89.5581,1.1569,1.4844,1.4628,583690.5626,583690.5626
000531.SZ,20230605,7.34,1.1386,2.7069,,92.5854,1.196,1.5346,1.5123,603420.9479,603420.9479
000531.SZ,20230602,7.34,1.0328,2.4554,,92.5854,1.196,1.5346,1.5123,603420.9479,603420.9479
000531.SZ,20230601,7.26,0.8966,2.1316,,91.5763,1.183,1.5178,1.4958,596844.1528,596844.1528
000531.SZ,20230531,7.36,1.1314,2.6899,,92.8377,1.1993,1.5387,1.5164,605065.1466,605065.1466
000531.SZ,20230530,7.54,1.1221,2.6676,,95.1082,1.2286,1.5764,1.5535,619862.9355,619862.9355
000531.SZ,20230529,7.52,1.5865,3.7718,,94.8559,1.2253,1.5722,1.5494,618218.7368,618218.7368
000531.SZ,20230526,7.36,1.2596,2.9946,,92.8377,1.1993,1.5387,1.5164,605065.1466,605065.1466
000531.SZ,20230525,7.21,0.9021,2.1448,,90.9456,1.1748,1.5074,1.4855,592733.6559,592733.6559
000531.SZ,20230524,7.11,0.7617,1.8109,,89.6842,1.1585,1.4865,1.4649,584512.662,584512.662
000531.SZ,20230523,7.11,1.0423,2.478,,89.6842,1.1585,1.4865,1.4649,584512.662,584512.662
000531.SZ,20230522,7.32,1.4405,3.4247,,92.3331,1.1928,1.5304,1.5082,601776.7491,601776.7491
000531.SZ,20230519,7.1,0.7894,1.8768,,89.5581,1.1569,1.4844,1.4628,583690.5626,583690.5626
000531.SZ,20230518,7.11,0.9566,2.2743,,89.6842,1.1585,1.4865,1.4649,584512.662,584512.662
000531.SZ,20230517,7.14,1.3155,3.1274,,90.0627,1.1634,1.4928,1.4711,586978.9602,586978.9602
000531.SZ,20230516,7.13,1.5853,3.7689,,89.9365,1.1618,1.4907,1.469,586156.8608,586156.8608
000531.SZ,20230515,7.19,2.8826,6.8532,,90.6934,1.1716,1.5032,1.4814,591089.4571,591089.4571
000531.SZ,20230512,7.23,1.8683,4.4418,,91.1979,1.1781,1.5116,1.4896,594377.8546,594377.8546
000531.SZ,20230511,6.91,0.6021,1.4315,,87.1615,1.1259,1.4447,1.4237,568070.6743,568070.6743
000531.SZ,20230510,6.78,0.4362,1.037,,85.5217,1.1048,1.4175,1.3969,557383.3824,557383.3824
000531.SZ,20230509,6.81,0.7136,1.6965,,85.9001,1.1097,1.4238,1.4031,559849.6805,559849.6805
000531.SZ,20230508,6.9,0.824,1.9591,,87.0353,1.1243,1.4426,1.4216,567248.575,567248.575
000531.SZ,20230505,6.83,0.7533,1.7909,,86.1524,1.1129,1.4279,1.4072,561493.8793,561493.8793
000531.SZ,20230504,6.88,1.0251,2.4372,,86.7831,1.1211,1.4384,1.4175,565604.3762,565604.3762
000531.SZ,20230428,6.74,0.5815,1.3824,,,1.1152,1.4091,1.4091,554094.9848,554094.9848
000531.SZ,20230427,6.76,0.5549,1.3193,,,1.1185,1.4133,1.4133,555739.1836,555739.1836
000531.SZ,20230426,6.71,0.499,1.1862,,,1.1102,1.4029,1.4029,551628.6867,551628.6867
000531.SZ,20230425,6.66,0.5697,1.3544,,,1.102,1.3924,1.3924,547518.1897,547518.1897
000531.SZ,20230424,6.68,0.5105,1.2138,,,1.1053,1.3966,1.3966,549162.3885,549162.3885
000531.SZ,20230421,6.7,0.6849,1.6284,,,1.1086,1.4008,1.4008,550806.5873,550806.5873
000531.SZ,20230420,6.75,0.628,1.493,,,1.1169,1.4112,1.4112,554917.0842,554917.0842
000531.SZ,20230419,6.8,0.5609,1.3334,,,1.1251,1.4217,1.4217,559027.5811,559027.5811
000531.SZ,20230418,6.82,0.7546,1.794,,,1.1284,1.4259,1.4259,560671.7799,560671.7799
000531.SZ,20230417,6.86,1.3391,3.1836,,,1.1351,1.4342,1.4342,563960.1774,563960.1774
000531.SZ,20230414,6.66,1.3546,3.2206,,,1.102,1.3924,1.3924,547518.1897,547518.1897
000531.SZ,20230413,6.39,0.9692,2.3041,,,1.0573,1.336,1.336,525321.5064,525321.5064
000531.SZ,20230412,6.32,1.3714,3.2604,,,1.0457,1.3213,1.3213,519566.8107,519566.8107
000531.SZ,20230411,6.17,0.4289,1.0198,,,1.0209,1.29,1.29,507235.3199,507235.3199
000531.SZ,20230410,6.19,0.3687,0.8766,,,1.0242,1.2941,1.2941,508879.5187,508879.5187
000531.SZ,20230407,6.2,0.2921,0.6944,31.7618,,1.0036,1.2975,1.2572,509701.6181,509701.6181
000531.SZ,20230406,6.17,0.3442,0.8183,31.6081,,0.9988,1.2913,1.2511,507235.3199,507235.3199
000531.SZ,20230404,6.26,0.4195,0.9973,32.0692,,1.0133,1.3101,1.2694,514634.2144,514634.2144
000531.SZ,20230403,6.33,0.3644,0.8663,32.4278,,1.0247,1.3248,1.2835,520388.9101,520388.9101
000531.SZ,20230331,6.34,0.2376,0.565,32.479,,1.0263,1.3268,1.2856,521211.0095,521211.0095
000531.SZ,20230330,6.34,0.2053,0.4881,32.479,,1.0263,1.3268,1.2856,521211.0095,521211.0095
000531.SZ,20230329,6.33,0.4006,0.9524,32.4278,,1.0247,1.3248,1.2835,520388.9101,520388.9101
000531.SZ,20230328,6.44,0.6141,1.4599,32.9913,,1.0425,1.3478,1.3058,529432.0033,529432.0033
000531.SZ,20230327,6.37,0.297,0.706,32.6327,,1.0312,1.3331,1.2917,523677.3076,523677.3076
000531.SZ,20230324,6.43,0.2972,0.7065,32.9401,,1.0409,1.3457,1.3038,528609.9039,528609.9039
000531.SZ,20230323,6.41,0.5317,1.264,32.8376,,1.0376,1.3415,1.2998,526965.7051,526965.7051
000531.SZ,20230322,6.5,0.3004,0.7143,33.2987,,1.0522,1.3603,1.318,534364.5996,534364.5996
000531.SZ,20230321,6.53,0.2331,0.5541,33.4524,,1.0571,1.3666,1.3241,536830.8978,536830.8978
000531.SZ,20230320,6.53,0.4084,0.971,33.4524,,1.0571,1.3666,1.3241,536830.8978,536830.8978
000531.SZ,20230317,6.63,0.4062,0.9656,33.9647,,1.0732,1.3875,1.3444,545051.8916,545051.8916
000531.SZ,20230316,6.64,0.6041,1.4362,34.0159,,1.0749,1.3896,1.3464,545873.991,545873.991
000531.SZ,20230315,6.7,0.3752,0.892,34.3233,,1.0846,1.4022,1.3586,550806.5873,550806.5873
000531.SZ,20230314,6.64,0.4327,1.0287,34.0159,,1.0749,1.3896,1.3464,545873.991,545873.991
000531.SZ,20230313,6.58,0.6106,1.4515,33.7085,,1.0651,1.3771,1.3342,540941.3947,540941.3947
000531.SZ,20230310,6.7,0.5802,1.3795,34.3233,,1.0846,1.4022,1.3586,550806.5873,550806.5873
000531.SZ,20230309,6.75,0.2935,0.6979,34.5794,,1.0927,1.4126,1.3687,554917.0842,554917.0842
000531.SZ,20230308,6.81,0.2582,0.6139,34.8868,,1.1024,1.4252,1.3809,559849.6805,559849.6805
000531.SZ,20230307,6.77,0.4723,1.1228,34.6819,,1.0959,1.4168,1.3728,556561.283,556561.283
000531.SZ,20230306,6.91,0.4265,1.0138,35.3991,,1.1186,1.4461,1.4012,568070.6743,568070.6743
000531.SZ,20230303,6.91,0.4674,1.1111,35.3991,,1.1186,1.4461,1.4012,568070.6743,568070.6743
000531.SZ,20230302,6.85,0.2945,0.7003,35.0917,,1.1089,1.4336,1.389,563138.078,563138.078
000531.SZ,20230301,6.84,0.2705,0.643,35.0405,,1.1072,1.4315,1.387,562315.9787,562315.9787
000531.SZ,20230228,6.83,0.2445,0.5812,34.9892,,1.1056,1.4294,1.3849,561493.8793,561493.8793
000531.SZ,20230227,6.78,0.3167,0.7529,34.7331,,1.0975,1.4189,1.3748,557383.3824,557383.3824
000531.SZ,20230224,6.86,0.3066,0.7289,35.1429,,1.1105,1.4357,1.391,563960.1774,563960.1774
000531.SZ,20230223,6.9,0.5696,1.3542,35.3478,,1.1169,1.444,1.3991,567248.575,567248.575
000531.SZ,20230222,6.89,0.7463,1.7742,35.2966,,1.1153,1.4419,1.3971,566426.4756,566426.4756
000531.SZ,20230221,6.86,0.5617,1.3355,35.1429,,1.1105,1.4357,1.391,563960.1774,563960.1774
000531.SZ,20230220,6.78,0.5814,1.3823,34.7331,,1.0975,1.4189,1.3748,557383.3824,557383.3824
000531.SZ,20230217,6.76,0.6149,1.4618,34.6306,,1.0943,1.4147,1.3707,555739.1836,555739.1836
000531.SZ,20230216,6.75,0.9301,2.2112,34.5794,,1.0927,1.4126,1.3687,554917.0842,554917.0842
000531.SZ,20230215,6.94,0.6057,1.4399,35.5528,,1.1234,1.4524,1.4072,570536.9725,570536.9725
000531.SZ,20230214,6.93,1.1266,2.6784,35.5015,,1.1218,1.4503,1.4052,569714.8731,569714.8731
000531.SZ,20230213,6.98,2.2645,5.3837,35.7577,,1.1299,1.4608,1.4153,573825.37,573825.37
000531.SZ,20230210,6.63,0.6583,1.5651,33.9647,,1.0732,1.3875,1.3444,545051.8916,545051.8916
000531.SZ,20230209,6.52,0.2991,0.7111,33.4012,,1.0554,1.3645,1.3221,536008.7984,536008.7984
000531.SZ,20230208,6.51,0.251,0.5967,33.3499,,1.0538,1.3624,1.32,535186.699,535186.699
000531.SZ,20230207,6.52,0.3204,0.7617,33.4012,,1.0554,1.3645,1.3221,536008.7984,536008.7984
000531.SZ,20230206,6.5,0.4223,1.004,33.2987,,1.0522,1.3603,1.318,534364.5996,534364.5996
000531.SZ,20230203,6.44,0.3416,0.8121,32.9913,,1.0425,1.3478,1.3058,529432.0033,529432.0033
000531.SZ,20230202,6.48,0.3606,0.8573,33.1962,,1.049,1.3561,1.314,532720.4008,532720.4008
000531.SZ,20230201,6.5,0.3756,0.893,33.2987,,1.0522,1.3603,1.318,534364.5996,534364.5996
000531.SZ,20230131,6.47,0.396,0.9414,33.145,,1.0473,1.3541,1.3119,531898.3014,531898.3014
000531.SZ,20230130,6.41,0.4128,0.9815,32.8376,,1.0376,1.3415,1.2998,526965.7051,526965.7051
000531.SZ,20230120,6.37,0.3109,0.7391,32.6327,,1.0312,1.3331,1.2917,523677.3076,523677.3076
000531.SZ,20230119,6.29,0.2238,0.5321,32.2229,,1.0182,1.3164,1.2754,517100.5125,517100.5125
000531.SZ,20230118,6.26,0.2936,0.698,32.0692,,1.0133,1.3101,1.2694,514634.2144,514634.2144
000531.SZ,20230117,6.31,0.2634,0.6263,32.3253,,1.0214,1.3206,1.2795,518744.7113,518744.7113
000531.SZ,20230116,6.31,0.3293,0.7828,32.3253,,1.0214,1.3206,1.2795,518744.7113,518744.7113
000531.SZ,20230113,6.25,0.1833,0.4358,32.018,,1.0117,1.308,1.2673,513812.115,513812.115
000531.SZ,20230112,6.26,0.2351,0.5589,32.0692,,1.0133,1.3101,1.2694,514634.2144,514634.2144
000531.SZ,20230111,6.26,0.2393,0.5689,32.0692,,1.0133,1.3101,1.2694,514634.2144,514634.2144
000531.SZ,20230110,6.3,0.3176,0.7551,32.2741,,1.0198,1.3185,1.2775,517922.6119,517922.6119
000531.SZ,20230109,6.35,0.2816,0.6696,32.5303,,1.0279,1.3289,1.2876,522033.1088,522033.1088
000531.SZ,20230106,6.35,0.3388,0.8055,32.5303,,1.0279,1.3289,1.2876,522033.1088,522033.1088
000531.SZ,20230105,6.35,0.3541,0.8418,32.5303,,1.0279,1.3289,1.2876,522033.1088,522033.1088
000531.SZ,20230104,6.34,0.3909,0.9293,32.479,,1.0263,1.3268,1.2856,521211.0095,521211.0095
000531.SZ,20230103,6.32,0.5023,1.1942,32.3766,,1.0231,1.3227,1.2815,519566.8107,519566.8107
000531.SZ,20221230,6.18,0.2654,0.6309,31.6594,,1.0004,1.2934,1.2531,508057.4193,508057.4193
000531.SZ,20221229,6.12,0.2484,0.5906,31.352,,0.9907,1.2808,1.241,503124.823,503124.823
000531.SZ,20221228,6.13,0.4953,1.1775,31.4032,,0.9923,1.2829,1.243,503946.9224,503946.9224
000531.SZ,20221227,6.05,0.2033,0.4834,30.9934,,0.9794,1.2662,1.2268,497370.1273,497370.1273
000531.SZ,20221226,6.06,0.2528,0.6009,31.0446,,0.981,1.2682,1.2288,498192.2267,498192.2267
000531.SZ,20221223,5.93,0.2858,0.6796,30.3787,,0.9599,1.241,1.2024,487504.9347,487504.9347
000531.SZ,20221222,5.96,0.405,0.9628,30.5323,,0.9648,1.2473,1.2085,489971.2329,489971.2329
000531.SZ,20221221,6.09,0.2469,0.587,31.1983,,0.9858,1.2745,1.2349,500658.5249,500658.5249
000531.SZ,20221220,6.15,0.2719,0.6465,31.5057,,0.9955,1.2871,1.247,505591.1212,505591.1212
000531.SZ,20221219,6.1,0.4762,1.132,31.2495,,0.9874,1.2766,1.2369,501480.6242,501480.6242
000531.SZ,20221216,6.26,0.3221,0.7659,32.0692,,1.0133,1.3101,1.2694,514634.2144,514634.2144
000531.SZ,20221215,6.31,0.3027,0.7196,32.3253,,1.0214,1.3206,1.2795,518744.7113,518744.7113
000531.SZ,20221214,6.31,0.3318,0.7888,32.3253,,1.0214,1.3206,1.2795,518744.7113,518744.7113
000531.SZ,20221213,6.38,0.2891,0.6874,32.6839,,1.0328,1.3352,1.2937,524499.407,524499.407
000531.SZ,20221212,6.37,0.4211,1.0011,32.6327,,1.0312,1.3331,1.2917,523677.3076,523677.3076
000531.SZ,20221209,6.49,0.4597,1.0929,33.2475,,1.0506,1.3582,1.316,533542.5002,533542.5002
000531.SZ,20221208,6.56,0.3206,0.7621,33.6061,,1.0619,1.3729,1.3302,539297.1959,539297.1959
000531.SZ,20221207,6.62,0.3989,0.9485,33.9134,,1.0716,1.3854,1.3423,544229.7922,544229.7922
000531.SZ,20221206,6.66,0.4515,1.0734,34.1184,,1.0781,1.3938,1.3505,547518.1897,547518.1897
000531.SZ,20221205,6.73,0.4826,1.1475,34.477,,1.0894,1.4085,1.3647,553272.8854,553272.8854
000531.SZ,20221202,6.63,0.3624,0.8616,33.9647,,1.0732,1.3875,1.3444,545051.8916,545051.8916
000531.SZ,20221201,6.64,0.4234,1.0065,34.0159,,1.0749,1.3896,1.3464,545873.991,545873.991
000531.SZ,20221130,6.65,0.4804,1.142,34.0671,,1.0765,1.3917,1.3484,546696.0904,546696.0904
000531.SZ,20221129,6.65,0.6422,1.5267,34.0671,,1.0765,1.3917,1.3484,546696.0904,546696.0904
000531.SZ,20221128,6.57,0.5931,1.41,33.6573,,1.0635,1.375,1.3322,540119.2953,540119.2953
000531.SZ,20221125,6.49,0.3959,0.9413,33.2475,,1.0506,1.3582,1.316,533542.5002,533542.5002
000531.SZ,20221124,6.55,0.6877,1.635,33.5548,,1.0603,1.3708,1.3282,538475.0965,538475.0965
000531.SZ,20221123,6.51,0.6822,1.6219,33.3499,,1.0538,1.3624,1.32,535186.699,535186.699
000531.SZ,20221122,6.36,0.4546,1.0809,32.5815,,1.0295,1.331,1.2896,522855.2082,522855.2082
000531.SZ,20221121,6.39,0.3582,0.8516,32.7352,,1.0344,1.3373,1.2957,525321.5064,525321.5064
000531.SZ,20221118,6.44,0.5073,1.2061,32.9913,,1.0425,1.3478,1.3058,529432.0033,529432.0033
000531.SZ,20221117,6.52,0.5265,1.2518,33.4012,,1.0554,1.3645,1.3221,536008.7984,536008.7984
000531.SZ,20221116,6.56,1.1689,2.7791,33.6061,,1.0619,1.3729,1.3302,539297.1959,539297.1959
000531.SZ,20221115,6.57,0.5766,1.3708,33.6573,,1.0635,1.375,1.3322,540119.2953,540119.2953
000531.SZ,20221114,6.5,0.5016,1.1925,33.2987,,1.0522,1.3603,1.318,534364.5996,534364.5996
000531.SZ,20221111,6.5,0.5943,1.413,33.2987,,1.0522,1.3603,1.318,534364.5996,534364.5996
000531.SZ,20221110,6.45,0.4624,1.0994,33.0426,,1.0441,1.3499,1.3079,530254.1027,530254.1027
000531.SZ,20221109,6.48,0.5288,1.2572,33.1962,,1.049,1.3561,1.314,532720.4008,532720.4008
000531.SZ,20221108,6.5,0.66,1.5692,33.2987,,1.0522,1.3603,1.318,534364.5996,534364.5996
000531.SZ,20221107,6.56,0.8421,2.002,33.6061,,1.0619,1.3729,1.3302,539297.1959,539297.1959
000531.SZ,20221104,6.43,0.8076,1.9199,32.9401,,1.0409,1.3457,1.3038,528609.9039,528609.9039
000531.SZ,20221103,6.32,0.6201,1.4743,32.3766,,1.0231,1.3227,1.2815,519566.8107,519566.8107
000531.SZ,20221102,6.37,0.7877,1.8727,32.6327,,1.0312,1.3331,1.2917,523677.3076,523677.3076
000531.SZ,20221101,6.36,0.9985,2.3737,32.5815,,1.0295,1.331,1.2896,522855.2082,522855.2082
000531.SZ,20221031,6.23,1.893,4.5004,31.9155,,1.0085,1.3038,1.2633,512167.9162,512167.9162
000531.SZ,20221028,6.69,1.8127,4.3096,34.272,83.1314,1.0707,1.4001,1.4133,549984.4879,549984.4879
000531.SZ,20221027,7.08,3.5961,8.5494,36.27,87.9776,1.1331,1.4817,1.4957,582046.3639,582046.3639
000531.SZ,20221026,7.31,4.7237,11.2301,37.4482,90.8357,1.1699,1.5298,1.5443,600954.6497,600954.6497
000531.SZ,20221025,6.8,0.7341,1.7452,34.8356,84.4983,1.0883,1.4231,1.4366,559027.5811,559027.5811
000531.SZ,20221024,6.85,0.693,1.6475,35.0917,85.1196,1.0963,1.4336,1.4471,563138.078,563138.078
000531.SZ,20221021,7.03,0.6307,1.4995,36.0138,87.3563,1.1251,1.4712,1.4851,577935.867,577935.867
000531.SZ,20221020,6.96,0.5602,1.3319,35.6552,86.4865,1.1139,1.4566,1.4704,572181.1713,572181.1713
000531.SZ,20221019,6.99,0.403,0.9582,35.8089,86.8593,1.1187,1.4629,1.4767,574647.4694,574647.4694
000531.SZ,20221018,7.05,0.4169,0.9913,36.1163,87.6048,1.1283,1.4754,1.4894,579580.0657,579580.0657
000531.SZ,20221017,7.08,0.5662,1.3462,36.27,87.9776,1.1331,1.4817,1.4957,582046.3639,582046.3639
000531.SZ,20221014,7.0,0.5416,1.2875,35.8601,86.9835,1.1203,1.465,1.4788,575469.5688,575469.5688
000531.SZ,20221013,7.0,0.7483,1.7789,35.8601,86.9835,1.1203,1.465,1.4788,575469.5688,575469.5688
000531.SZ,20221012,6.88,0.5508,1.3095,35.2454,85.4924,1.1011,1.4399,1.4535,565604.3762,565604.3762
000531.SZ,20221011,6.76,0.6005,1.4275,34.6306,84.0012,1.0819,1.4147,1.4281,555739.1836,555739.1836
000531.SZ,20221010,6.67,0.7267,1.7276,34.1696,82.8829,1.0675,1.3959,1.4091,548340.2891,548340.2891
000531.SZ,20220930,6.74,0.5615,1.335,34.5282,83.7527,1.0787,1.4106,1.4239,554094.9848,554094.9848
000531.SZ,20220929,6.67,0.5774,1.3726,34.1696,82.8829,1.0675,1.3959,1.4091,548340.2891,548340.2891
000531.SZ,20220928,6.72,0.7268,1.7279,34.4257,83.5042,1.0755,1.4064,1.4197,552450.786,552450.786
000531.SZ,20220927,6.95,0.5555,1.3206,35.604,86.3622,1.1123,1.4545,1.4682,571359.0719,571359.0719
000531.SZ,20220926,6.9,0.6176,1.4683,35.3478,85.7409,1.1043,1.444,1.4577,567248.575,567248.575
000531.SZ,20220923,7.08,0.5762,1.37,36.27,87.9776,1.1331,1.4817,1.4957,582046.3639,582046.3639
000531.SZ,20220922,7.19,1.15,2.734,36.8335,89.3445,1.1507,1.5047,1.5189,591089.4571,591089.4571
000531.SZ,20220921,7.43,1.1507,2.7356,38.063,92.3268,1.1891,1.555,1.5696,610819.8423,610819.8423
000531.SZ,20220920,7.17,0.601,1.4287,36.731,89.096,1.1475,1.5005,1.5147,589445.2583,589445.2583
000531.SZ,20220919,6.98,0.8375,1.991,35.7577,86.735,1.1171,1.4608,1.4746,573825.37,573825.37
000531.SZ,20220916,7.12,0.9463,2.2498,36.4749,88.4747,1.1395,1.4901,1.5042,585334.7614,585334.7614
000531.SZ,20220915,7.52,1.0267,2.4408,38.524,93.4452,1.2035,1.5738,1.5887,618218.7368,618218.7368
000531.SZ,20220914,7.69,0.8413,2.0,39.3949,95.5576,1.2307,1.6094,1.6246,632194.4263,632194.4263
000531.SZ,20220913,7.87,1.0917,2.5954,40.317,97.7943,1.2595,1.647,1.6626,646992.2152,646992.2152
000531.SZ,20220909,7.93,0.8615,2.0481,40.6244,98.5399,1.2691,1.6596,1.6753,651924.8115,651924.8115
000531.SZ,20220908,8.05,1.493,3.5494,41.2392,100.0311,1.2883,1.6847,1.7006,661790.0041,661790.0041
000531.SZ,20220907,8.05,1.2438,2.957,41.2392,100.0311,1.2883,1.6847,1.7006,661790.0041,661790.0041
000531.SZ,20220906,7.95,1.0608,2.5219,40.7269,98.7884,1.2723,1.6638,1.6795,653569.0103,653569.0103
000531.SZ,20220905,7.78,0.9043,2.1499,39.856,96.676,1.2451,1.6282,1.6436,639593.3208,639593.3208
000531.SZ,20220902,7.59,0.8648,2.056,38.8826,94.315,1.2147,1.5884,1.6034,623973.4325,623973.4325
000531.SZ,20220901,7.52,0.963,2.2895,38.524,93.4452,1.2035,1.5738,1.5887,618218.7368,618218.7368
000531.SZ,20220831,7.57,2.0078,4.7734,38.7802,94.0665,1.2115,1.5843,1.5992,622329.2337,622329.2337
000531.SZ,20220830,7.92,1.4907,3.544,40.5732,,1.3138,1.6575,1.6958,651102.7121,651102.7121
000531.SZ,20220829,8.12,1.2536,2.9802,41.5978,,1.347,1.6994,1.7386,667544.6998,667544.6998
000531.SZ,20220826,8.02,2.1635,5.1434,41.0855,,1.3304,1.6784,1.7172,659323.706,659323.706
000531.SZ,20220825,7.88,1.6712,3.9731,40.3683,,1.3072,1.6491,1.6872,647814.3146,647814.3146
000531.SZ,20220824,7.78,2.7197,6.4658,39.856,,1.2906,1.6282,1.6658,639593.3208,639593.3208
000531.SZ,20220823,8.33,1.7789,4.2291,42.6736,,1.3818,1.7433,1.7836,684808.7869,684808.7869
000531.SZ,20220822,8.32,2.7575,6.5557,42.6223,,1.3802,1.7412,1.7815,683986.6875,683986.6875
000531.SZ,20220819,8.5,2.9065,6.9099,43.5444,,1.41,1.7789,1.82,698784.4764,698784.4764
000531.SZ,20220818,8.35,2.7137,6.4516,42.776,,1.3851,1.7475,1.7879,686452.9856,686452.9856
000531.SZ,20220817,8.3,2.0883,4.9647,42.5199,,1.3769,1.737,1.7772,682342.4887,682342.4887
000531.SZ,20220816,8.27,3.0605,7.2761,42.3662,,1.3719,1.7308,1.7708,679876.1906,679876.1906
000531.SZ,20220815,8.03,1.6474,3.9167,41.1367,,1.3321,1.6805,1.7194,660145.8054,660145.8054
000531.SZ,20220812,7.99,1.7705,4.2092,40.9318,,1.3254,1.6722,1.7108,656857.4078,656857.4078
000531.SZ,20220811,8.03,1.5083,3.5858,41.1367,,1.3321,1.6805,1.7194,660145.8054,660145.8054
000531.SZ,20220810,7.98,1.6805,3.9953,40.8806,,1.3238,1.6701,1.7087,656035.3084,656035.3084
000531.SZ,20220809,8.0,1.5837,3.7652,40.983,,1.3271,1.6743,1.7129,657679.5072,657679.5072
000531.SZ,20220808,7.96,1.9762,4.6982,40.7781,,1.3205,1.6659,1.7044,654391.1097,654391.1097
000531.SZ,20220805,7.93,2.9302,6.9663,40.6244,,1.3155,1.6596,1.698,651924.8115,651924.8115
000531.SZ,20220804,8.23,3.436,8.1687,42.1613,,1.3652,1.7224,1.7622,676587.793,676587.793
000531.SZ,20220803,7.98,6.0693,14.4292,40.8806,,1.3238,1.6701,1.7087,656035.3084,656035.3084
000531.SZ,20220802,8.51,9.4645,22.501,43.5957,,1.4117,1.781,1.8221,699606.5758,699606.5758
000531.SZ,20220801,9.46,11.1312,26.4633,48.4624,,1.5693,1.9798,2.0256,777706.0173,777706.0173
000531.SZ,20220729,8.6,5.6293,13.3832,44.0567,,1.4266,1.7998,1.8414,707005.4702,707005.4702
000531.SZ,20220728,7.82,1.2806,3.0445,40.0609,,1.2972,1.6366,1.6744,642881.7183,642881.7183
000531.SZ,20220727,7.84,1.6406,3.9005,40.1633,,1.3005,1.6408,1.6787,644525.9171,644525.9171
000531.SZ,20220726,7.85,1.4327,3.4062,40.2146,,1.3022,1.6429,1.6808,645348.0164,645348.0164
000531.SZ,20220725,7.84,2.2258,5.2916,40.1633,,1.3005,1.6408,1.6787,644525.9171,644525.9171
000531.SZ,20220722,8.09,3.6351,8.642,41.4441,,1.342,1.6931,1.7322,665078.4017,665078.4017
000531.SZ,20220721,7.83,2.9839,7.094,40.1121,,1.2989,1.6387,1.6765,643703.8177,643703.8177
000531.SZ,20220720,7.79,4.2816,10.1792,39.9072,,1.2923,1.6303,1.668,640415.4201,640415.4201
000531.SZ,20220719,7.49,5.8111,13.8154,38.3703,,1.2425,1.5675,1.6037,615752.4386,615752.4386
000531.SZ,20220718,7.73,5.1813,12.3182,39.5998,,1.2823,1.6177,1.6551,635482.8238,635482.8238
000531.SZ,20220715,7.03,2.4605,5.8497,36.0138,,1.1662,1.4712,1.5052,577935.867,577935.867
000531.SZ,20220714,7.44,2.4369,5.7936,38.1142,,1.2342,1.5571,1.593,611641.9417,611641.9417
000531.SZ,20220713,7.46,4.1564,9.8814,38.2167,,1.2375,1.5612,1.5973,613286.1405,613286.1405
000531.SZ,20220712,7.61,5.981,14.2194,38.9851,,1.2624,1.5926,1.6294,625617.6312,625617.6312
000531.SZ,20220711,7.25,1.6163,3.8427,37.1409,,1.2027,1.5173,1.5524,596022.0534,596022.0534
000531.SZ,20220708,7.41,2.072,4.9261,37.9605,,1.2292,1.5508,1.5866,609175.6435,609175.6435
000531.SZ,20220707,7.61,4.5976,10.9304,38.9851,,1.2624,1.5926,1.6294,625617.6312,625617.6312
000531.SZ,20220706,7.85,5.8497,13.9071,40.2146,,1.3022,1.6429,1.6808,645348.0164,645348.0164
000531.SZ,20220705,7.59,1.136,2.7006,38.8826,,1.2591,1.5884,1.6252,623973.4325,623973.4325
000531.SZ,20220704,7.44,0.7916,1.8818,38.1142,,1.2342,1.5571,1.593,611641.9417,611641.9417
000531.SZ,20220701,7.44,0.7641,1.8166,38.1142,,1.2342,1.5571,1.593,611641.9417,611641.9417
000531.SZ,20220630,7.36,0.9483,2.2544,37.7044,,1.2209,1.5403,1.5759,605065.1466,605065.1466
000531.SZ,20220629,7.59,0.9215,2.1907,38.8826,,1.2591,1.5884,1.6252,623973.4325,623973.4325
000531.SZ,20220628,7.64,2.1923,5.2119,39.1388,,1.2674,1.5989,1.6359,628083.9294,628083.9294
000531.SZ,20220627,7.39,0.7099,1.6876,37.8581,,1.2259,1.5466,1.5823,607531.4448,607531.4448
000531.SZ,20220624,7.3,0.8056,1.9152,37.397,,1.211,1.5278,1.5631,600132.5503,600132.5503
000531.SZ,20220623,7.44,0.7896,1.8771,38.1142,,1.2342,1.5571,1.593,611641.9417,611641.9417
000531.SZ,20220622,7.3,0.8428,2.0038,37.397,,1.211,1.5278,1.5631,600132.5503,600132.5503
000531.SZ,20220621,7.49,1.1879,2.8241,38.3703,,1.2425,1.5675,1.6037,615752.4386,615752.4386
000531.SZ,20220620,9.3,0.7048,1.6757,39.7023,,1.2544,1.6219,1.6594,637127.0226,637127.0226
000531.SZ,20220617,9.31,0.5736,1.3637,39.745,,1.2558,1.6237,1.6612,637812.1054,637812.1054
000531.SZ,20220616,9.28,0.5711,1.3576,39.6169,,1.2517,1.6184,1.6558,635756.857,635756.857
000531.SZ,20220615,9.21,0.6931,1.6478,39.3181,,1.2423,1.6062,1.6434,630961.2772,630961.2772
000531.SZ,20220614,9.35,1.0967,2.6073,39.9157,,1.2611,1.6307,1.6683,640552.4367,640552.4367
000531.SZ,20220613,9.18,1.1053,2.6277,39.19,,1.2382,1.601,1.638,628906.0288,628906.0288
000531.SZ,20220610,9.24,1.0567,2.5122,39.4461,,1.2463,1.6115,1.6487,633016.5257,633016.5257
000531.SZ,20220609,8.94,0.4599,1.0934,38.1654,,1.2058,1.5591,1.5952,612464.0411,612464.0411
000531.SZ,20220608,9.08,0.7155,1.7011,38.7631,,1.2247,1.5836,1.6202,622055.2006,622055.2006
000531.SZ,20220607,9.05,0.4809,1.1432,38.635,,1.2207,1.5783,1.6148,619999.9521,619999.9521
000531.SZ,20220606,9.12,0.7663,1.8217,38.9339,,1.2301,1.5905,1.6273,624795.5318,624795.5318
000531.SZ,20220602,9.17,0.9648,2.2938,39.1473,,1.2369,1.5993,1.6362,628220.9459,628220.9459
000531.SZ,20220601,9.05,1.1677,2.776,38.635,,1.2207,1.5783,1.6148,619999.9521,619999.9521
000531.SZ,20220531,8.8,0.5995,1.4254,37.5678,,1.187,1.5347,1.5702,602872.8816,602872.8816
000531.SZ,20220530,8.71,0.7556,1.7963,37.1835,,1.1748,1.519,1.5541,596707.1362,596707.1362
000531.SZ,20220527,8.68,0.4642,1.1036,37.0555,,1.1708,1.5138,1.5488,594651.8878,594651.8878
000531.SZ,20220526,8.76,0.5846,1.3899,37.397,,1.1816,1.5278,1.5631,600132.5503,600132.5503
000531.SZ,20220525,8.68,0.5607,1.333,37.0555,,1.1708,1.5138,1.5488,594651.8878,594651.8878
000531.SZ,20220524,8.49,0.4833,1.1489,36.2443,,1.1451,1.4807,1.5149,581635.3142,581635.3142
000531.SZ,20220523,8.77,0.3441,0.818,37.4397,,1.1829,1.5295,1.5648,600817.6331,600817.6331
000531.SZ,20220520,8.8,0.8273,1.9668,37.5678,,1.187,1.5347,1.5702,602872.8816,602872.8816
000531.SZ,20220519,8.6,0.4159,0.9888,36.7139,,1.16,1.4999,1.5345,589171.2252,589171.2252
000531.SZ,20220518,8.54,0.2854,0.6784,36.4578,,1.1519,1.4894,1.5238,585060.7283,585060.7283
000531.SZ,20220517,8.58,0.63,1.4979,36.6286,,1.1573,1.4964,1.5309,587801.0596,587801.0596
000531.SZ,20220516,8.53,0.3571,0.8489,36.4151,,1.1505,1.4876,1.522,584375.6455,584375.6455
000531.SZ,20220513,8.58,0.3774,0.8972,36.6286,,1.1573,1.4964,1.5309,587801.0596,587801.0596
000531.SZ,20220512,8.5,0.5775,1.3729,36.287,,1.1465,1.4824,1.5167,582320.397,582320.397
000531.SZ,20220511,8.39,0.7399,1.759,35.8174,,1.1317,1.4632,1.497,574784.486,574784.486
000531.SZ,20220510,8.48,1.0558,2.5102,36.2017,,1.1438,1.4789,1.5131,580950.2314,580950.2314
000531.SZ,20220509,8.24,0.4517,1.074,35.1771,,1.1114,1.4371,1.4703,564508.2437,564508.2437
000531.SZ,20220506,8.23,1.2679,3.0143,35.1344,,1.1101,1.4353,1.4685,563823.1609,563823.1609
000531.SZ,20220505,7.83,0.9961,2.3682,33.4268,,1.0561,1.3656,1.3971,536419.8481,536419.8481
000531.SZ,20220429,7.96,1.2933,3.0747,33.9817,33.9817,1.0624,1.3882,1.3882,545325.9247,545325.9247
000531.SZ,20220428,7.35,0.9177,2.1817,31.3776,31.3776,0.981,1.2818,1.2818,503535.8727,503535.8727
000531.SZ,20220427,7.09,0.6889,1.6378,30.2677,30.2677,0.9463,1.2365,1.2365,485723.7194,485723.7194
000531.SZ,20220426,6.75,0.5672,1.3484,28.8162,28.8162,0.9009,1.1772,1.1772,462430.9035,462430.9035
000531.SZ,20220425,6.98,0.6862,1.6315,29.7981,29.7981,0.9316,1.2173,1.2173,478187.8084,478187.8084
000531.SZ,20220422,7.57,0.418,0.9938,32.3168,32.3168,1.0103,1.3202,1.3202,518607.6947,518607.6947
000531.SZ,20220421,7.4,0.5157,1.226,31.5911,31.5911,0.9876,1.2906,1.2906,506961.2868,506961.2868
000531.SZ,20220420,7.71,0.3112,0.7398,32.9145,32.9145,1.029,1.3446,1.3446,528198.8542,528198.8542
000531.SZ,20220419,7.86,0.2398,0.57,33.5548,33.5548,1.049,1.3708,1.3708,538475.0965,538475.0965
000531.SZ,20220418,7.81,0.3103,0.7377,33.3414,33.3414,1.0424,1.3621,1.3621,535049.6824,535049.6824
000531.SZ,20220415,7.72,0.4957,1.1784,32.9572,32.9572,1.0303,1.3464,1.3464,528883.937,528883.937
000531.SZ,20220414,7.83,0.3442,0.8184,33.4268,33.4268,1.045,1.3656,1.3656,536419.8481,536419.8481
000531.SZ,20220413,7.87,0.2978,0.7081,33.5975,33.5975,1.0504,1.3725,1.3725,539160.1793,539160.1793
000531.SZ,20220412,8.02,0.5131,1.2199,34.2379,34.2379,1.0704,1.3987,1.3987,549436.4216,549436.4216
000531.SZ,20220411,7.93,0.5768,1.3714,33.8537,33.8537,1.0584,1.383,1.383,543270.6763,543270.6763
000531.SZ,20220408,8.15,0.5929,23.9656,7.1588,23.7958,1.0903,1.6128,1.5275,558342.4983,558342.4983
000531.SZ,20220407,8.07,0.5921,23.9342,7.0885,23.5623,1.0796,1.5969,1.5125,552861.8357,552861.8357
000531.SZ,20220406,8.39,0.9154,37.0047,7.3696,24.4966,1.1224,1.6603,1.5725,574784.486,574784.486
000531.SZ,20220401,8.38,1.0293,41.6074,7.3608,24.4674,1.1211,1.6583,1.5706,574099.4032,574099.4032
000531.SZ,20220331,8.11,0.5346,21.612,7.1237,23.6791,1.085,1.6049,1.52,555602.167,555602.167
000531.SZ,20220330,8.26,0.5179,20.9366,7.2554,24.117,1.1051,1.6345,1.5481,565878.4093,565878.4093
000531.SZ,20220329,8.14,0.4489,18.1465,7.15,23.7666,1.089,1.6108,1.5256,557657.4155,557657.4155
000531.SZ,20220328,8.17,0.3921,15.85,7.1764,23.8542,1.093,1.6167,1.5312,559712.6639,559712.6639
000531.SZ,20220325,8.24,0.4475,18.0892,7.2379,24.0586,1.1024,1.6306,1.5444,564508.2437,564508.2437
000531.SZ,20220324,8.35,0.707,28.5786,7.3345,24.3798,1.1171,1.6524,1.565,572044.1547,572044.1547
000531.SZ,20220323,8.44,1.2481,50.4522,7.4135,24.6426,1.1291,1.6702,1.5818,578209.9001,578209.9001
000531.SZ,20220322,8.25,0.5781,23.3701,7.2466,24.0878,1.1037,1.6326,1.5462,565193.3265,565193.3265
000531.SZ,20220321,8.18,0.5127,20.7259,7.1852,23.8834,1.0944,1.6187,1.5331,560397.7468,560397.7468
000531.SZ,20220318,8.17,0.6819,27.5651,7.1764,23.8542,1.093,1.6167,1.5312,559712.6639,559712.6639
000531.SZ,20220317,8.05,0.8067,32.6079,7.071,23.5039,1.077,1.593,1.5088,551491.6701,551491.6701
000531.SZ,20220316,7.73,0.8695,35.1497,6.7899,22.5696,1.0341,1.5297,1.4488,529569.0199,529569.0199
000531.SZ,20220315,7.61,1.1727,47.4049,6.6845,22.2192,1.0181,1.5059,1.4263,521348.026,521348.026
000531.SZ,20220314,8.19,0.634,25.6283,7.1939,23.9126,1.0957,1.6207,1.535,561082.8296,561082.8296
000531.SZ,20220311,8.65,0.4876,19.7113,7.598,25.2557,1.1572,1.7117,1.6212,592596.6393,592596.6393
000531.SZ,20220310,8.77,0.5439,21.9865,7.7034,25.6061,1.1733,1.7355,1.6437,600817.6331,600817.6331
000531.SZ,20220309,8.51,0.9872,39.9052,7.475,24.8469,1.1385,1.684,1.595,583005.4798,583005.4798
000531.SZ,20220308,8.62,0.8552,34.5684,7.5716,25.1681,1.1532,1.7058,1.6156,590541.3908,590541.3908
000531.SZ,20220307,8.97,0.8597,34.7523,7.8791,26.19,1.2,1.775,1.6812,614519.2895,614519.2895
000531.SZ,20220304,9.24,0.4767,19.2711,8.1162,26.9784,1.2362,1.8285,1.7318,633016.5257,633016.5257
000531.SZ,20220303,9.3,0.5528,22.3459,8.1689,27.1535,1.2442,1.8403,1.743,637127.0226,637127.0226
000531.SZ,20220302,9.25,0.4639,18.7535,8.125,27.0076,1.2375,1.8304,1.7337,633701.6085,633701.6085
000531.SZ,20220301,9.2,0.8719,35.2451,8.0811,26.8616,1.2308,1.8206,1.7243,630276.1944,630276.1944
000531.SZ,20220228,9.19,0.6384,25.8048,8.0723,26.8324,1.2295,1.8186,1.7224,629591.1116,629591.1116
000531.SZ,20220225,9.31,0.9419,38.0749,8.1777,27.1827,1.2455,1.8423,1.7449,637812.1054,637812.1054
000531.SZ,20220224,9.07,1.5859,64.1086,7.9669,26.482,1.2134,1.7948,1.6999,621370.1177,621370.1177
000531.SZ,20220223,9.37,0.6016,24.3202,8.2304,27.3579,1.2536,1.8542,1.7561,641922.6023,641922.6023
000531.SZ,20220222,9.32,0.9868,39.8905,8.1865,27.2119,1.2469,1.8443,1.7468,638497.1882,638497.1882
000531.SZ,20220221,9.23,0.4481,18.114,8.1075,26.9492,1.2348,1.8265,1.7299,632331.4429,632331.4429
000531.SZ,20220218,9.23,0.6027,24.3651,8.1075,26.9492,1.2348,1.8265,1.7299,632331.4429,632331.4429
000531.SZ,20220217,9.27,1.3466,54.4345,8.1426,27.0659,1.2402,1.8344,1.7374,635071.7741,635071.7741
000531.SZ,20220216,9.14,1.1374,45.978,8.0284,26.6864,1.2228,1.8087,1.713,626165.6975,626165.6975
000531.SZ,20220215,8.76,0.4782,19.329,7.6946,25.5769,1.1719,1.7335,1.6418,600132.5503,600132.5503
000531.SZ,20220214,8.75,0.4489,18.1457,7.6858,25.5477,1.1706,1.7315,1.6399,599447.4675,599447.4675
000531.SZ,20220211,8.8,0.6143,24.8339,7.7298,25.6937,1.1773,1.7414,1.6493,602872.8816,602872.8816
000531.SZ,20220210,8.85,0.5904,23.8672,7.7737,25.8397,1.184,1.7513,1.6587,606298.2957,606298.2957
000531.SZ,20220209,8.88,0.6997,28.2861,7.8,25.9272,1.188,1.7572,1.6643,608353.5442,608353.5442
000531.SZ,20220208,8.74,0.5662,22.8882,7.6771,25.5185,1.1693,1.7295,1.6381,598762.3847,598762.3847
000531.SZ,20220207,8.58,0.545,22.0295,7.5365,25.0513,1.1479,1.6979,1.6081,587801.0596,587801.0596
000531.SZ,20220128,8.3,0.5097,20.6057,7.2906,24.2338,1.1104,1.6425,1.5556,568618.7406,568618.7406
000531.SZ,20220127,8.16,0.5576,22.5388,7.1676,23.825,1.0917,1.6148,1.5294,559027.5811,559027.5811
000531.SZ,20220126,8.33,0.4421,17.8727,7.3169,24.3214,1.1144,1.6484,1.5612,570673.9891,570673.9891
000531.SZ,20220125,8.24,0.8988,36.3344,7.2379,24.0586,1.1024,1.6306,1.5444,564508.2437,564508.2437
000531.SZ,20220124,8.49,0.7562,30.5672,7.4575,24.7886,1.1358,1.6801,1.5912,581635.3142,581635.3142
000531.SZ,20220121,8.42,1.027,41.5131,7.396,24.5842,1.1265,1.6662,1.5781,576839.7344,576839.7344
000531.SZ,20220120,8.65,1.3148,53.1504,7.598,25.2557,1.1572,1.7117,1.6212,592596.6393,592596.6393
000531.SZ,20220119,8.71,0.7096,28.6857,7.6507,25.4309,1.1653,1.7236,1.6325,596707.1362,596707.1362
000531.SZ,20220118,8.78,1.0478,42.3543,7.7122,25.6353,1.1746,1.7374,1.6456,601502.716,601502.716
000531.SZ,20220117,8.7,0.8583,34.6974,7.6419,25.4017,1.1639,1.7216,1.6306,596022.0534,596022.0534
000531.SZ,20220114,8.72,1.0315,41.6952,7.6595,25.4601,1.1666,1.7256,1.6343,597392.219,597392.219
000531.SZ,20220113,8.91,0.7717,31.1943,7.8264,26.0148,1.192,1.7632,1.6699,610408.7926,610408.7926
000531.SZ,20220112,9.08,0.8491,34.3254,7.9757,26.5112,1.2148,1.7968,1.7018,622055.2006,622055.2006
000531.SZ,20220111,9.0,0.9751,39.4152,7.9054,26.2776,1.2041,1.781,1.6868,616574.538,616574.538
000531.SZ,20220110,9.04,0.8733,35.3016,7.9406,26.3944,1.2094,1.7889,1.6943,619314.8693,619314.8693
000531.SZ,20220107,9.01,1.0884,43.9975,7.9142,26.3068,1.2054,1.783,1.6887,617259.6208,617259.6208
000531.SZ,20220106,9.19,1.4487,58.5623,8.0723,26.8324,1.2295,1.8186,1.7224,629591.1116,629591.1116
000531.SZ,20220105,8.96,2.1575,87.2153,7.8703,26.1608,1.1987,1.7731,1.6793,613834.2067,613834.2067
000531.SZ,20220104,9.36,1.6553,66.912,8.2216,27.3287,1.2522,1.8522,1.7543,641237.5195,641237.5195
000531.SZ,20211231,9.34,1.5374,62.1472,8.2041,27.2703,1.2495,1.8483,1.7505,639867.3539,639867.3539
000531.SZ,20211230,9.32,1.5058,60.871,8.1865,27.2119,1.2469,1.8443,1.7468,638497.1882,638497.1882
000531.SZ,20211229,9.34,1.9856,80.2642,8.2041,27.2703,1.2495,1.8483,1.7505,639867.3539,639867.3539
000531.SZ,20211228,9.41,2.712,109.6276,8.2656,27.4747,1.2589,1.8621,1.7636,644662.9336,644662.9336
000531.SZ,20211227,9.82,3.3872,136.9224,8.6257,28.6718,1.3138,1.9432,1.8405,672751.3292,672751.3292
000531.SZ,20211224,10.05,3.8854,157.0604,8.8277,29.3433,1.3445,1.9888,1.8836,688508.2341,688508.2341
000531.SZ,20211223,10.29,2.5766,104.1536,9.0385,30.0441,1.3766,2.0363,1.9286,704950.2218,704950.2218
000531.SZ,20211222,10.18,2.2944,92.747,8.9419,29.7229,1.3619,2.0145,1.908,697414.3108,697414.3108
000531.SZ,20211221,10.19,3.2428,131.0864,8.9507,29.7521,1.3633,2.0165,1.9098,698099.3936,698099.3936
000531.SZ,20211220,10.55,4.5511,183.9713,9.2669,30.8032,1.4114,2.0877,1.9773,722762.3751,722762.3751
000531.SZ,20211217,10.29,5.0333,203.4614,9.0385,30.0441,1.3766,2.0363,1.9286,704950.2218,704950.2218
000531.SZ,20211216,10.97,7.2146,291.6401,9.6358,32.0295,1.4676,2.1708,2.056,751535.8535,751535.8535
000531.SZ,20211215,10.32,3.5641,144.0745,9.0649,30.1317,1.3806,2.0422,1.9342,707005.4702,707005.4702
000531.SZ,20211214,9.38,4.0123,162.1928,8.2392,27.3871,1.2549,1.8562,1.758,642607.6852,642607.6852
000531.SZ,20211213,9.11,6.4254,259.7364,8.0021,26.5988,1.2188,1.8027,1.7074,624110.449,624110.449
000531.SZ,20211210,9.57,5.3006,214.2693,8.4061,27.9419,1.2803,1.8938,1.7936,655624.2587,655624.2587
000531.SZ,20211209,8.7,1.5069,60.9128,7.6419,25.4017,1.1639,1.7216,1.6306,596022.0534,596022.0534
000531.SZ,20211208,8.63,2.2692,91.7276,7.5804,25.1973,1.1546,1.7078,1.6175,591226.4737,591226.4737
000531.SZ,20211207,8.34,1.346,54.4081,7.3257,24.3506,1.1158,1.6504,1.5631,571359.0719,571359.0719
000531.SZ,20211206,8.15,0.8354,33.7678,7.1588,23.7958,1.0903,1.6128,1.5275,558342.4983,558342.4983
000531.SZ,20211203,8.24,0.7209,29.1407,7.2379,24.0586,1.1024,1.6306,1.5444,564508.2437,564508.2437
000531.SZ,20211202,8.16,0.7441,30.0774,7.1676,23.825,1.0917,1.6148,1.5294,559027.5811,559027.5811
000531.SZ,20211201,8.16,1.0823,43.7519,7.1676,23.825,1.0917,1.6148,1.5294,559027.5811,559027.5811
000531.SZ,20211130,7.94,0.6426,25.9754,6.9743,23.1827,1.0622,1.5712,1.4881,543955.7591,543955.7591
000531.SZ,20211129,7.86,0.5065,20.4754,6.9041,22.9491,1.0515,1.5554,1.4731,538475.0965,538475.0965
000531.SZ,20211126,7.82,0.3661,14.7992,6.8689,22.8323,1.0462,1.5475,1.4656,535734.7652,535734.7652
000531.SZ,20211125,7.88,0.6266,25.331,6.9216,23.0075,1.0542,1.5593,1.4769,539845.2622,539845.2622
000531.SZ,20211124,7.91,0.6728,27.196,6.948,23.0951,1.0582,1.5653,1.4825,541900.5106,541900.5106
000531.SZ,20211123,7.83,0.5984,24.1903,6.8777,22.8615,1.0475,1.5495,1.4675,536419.8481,536419.8481
000531.SZ,20211122,7.86,0.7648,30.9144,6.9041,22.9491,1.0515,1.5554,1.4731,538475.0965,538475.0965
000531.SZ,20211119,7.88,1.0544,42.6239,6.9216,23.0075,1.0542,1.5593,1.4769,539845.2622,539845.2622
000531.SZ,20211118,7.72,1.2685,3.0157,6.7811,22.5404,1.0328,1.5277,1.4469,528883.937,528883.937
000531.SZ,20211117,7.49,0.3811,0.9061,6.5791,21.8688,1.002,1.4822,1.4038,513127.0322,513127.0322
000531.SZ,20211116,7.46,0.3558,0.846,6.5527,21.7812,0.998,1.4762,1.3982,511071.7837,511071.7837
000531.SZ,20211115,7.55,0.3692,0.8778,6.6318,22.044,1.0101,1.494,1.415,517237.5291,517237.5291
000531.SZ,20211112,7.47,0.3372,0.8018,6.5615,21.8104,0.9994,1.4782,1.4,511756.8665,511756.8665
000531.SZ,20211111,7.51,0.3954,0.9401,6.5966,21.9272,1.0047,1.4861,1.4075,514497.1978,514497.1978
000531.SZ,20211110,7.46,0.5344,1.2705,6.5527,21.7812,0.998,1.4762,1.3982,511071.7837,511071.7837
000531.SZ,20211109,7.38,0.6976,1.6584,6.4825,21.5476,0.9873,1.4604,1.3832,505591.1212,505591.1212
000531.SZ,20211108,7.25,0.619,1.4716,6.3683,21.1681,0.9699,1.4347,1.3588,496685.0445,496685.0445
000531.SZ,20211105,7.3,0.6179,1.469,6.4122,21.3141,0.9766,1.4446,1.3682,500110.4586,500110.4586
000531.SZ,20211104,7.53,0.4565,1.0852,6.6142,21.9856,1.0074,1.4901,1.4113,515867.3635,515867.3635
000531.SZ,20211103,7.37,0.4527,1.0762,6.4737,21.5184,0.986,1.4584,1.3813,504906.0383,504906.0383
000531.SZ,20211102,7.32,0.8411,1.9995,6.4297,21.3725,0.9793,1.4485,1.3719,501480.6242,501480.6242
000531.SZ,20211101,7.53,0.5443,1.2941,6.6142,21.9856,1.0074,1.4901,1.4113,515867.3635,515867.3635
000531.SZ,20211029,7.48,1.0335,2.457,6.5703,13.2998,1.0017,1.4802,1.3504,512441.9494,512441.9494
000531.SZ,20211028,7.69,1.0741,2.5535,6.7548,13.6732,1.0298,1.5217,1.3883,526828.6886,526828.6886
000531.SZ,20211027,8.0,0.9375,2.2289,7.027,14.2244,1.0713,1.5831,1.4443,548066.256,548066.256
000531.SZ,20211026,7.82,0.6703,1.5936,6.8689,13.9044,1.0472,1.5475,1.4118,535734.7652,535734.7652
000531.SZ,20211025,7.91,0.8318,1.9775,6.948,14.0644,1.0593,1.5653,1.428,541900.5106,541900.5106
000531.SZ,20211022,7.88,1.2187,2.8974,6.9216,14.0111,1.0552,1.5593,1.4226,539845.2622,539845.2622
000531.SZ,20211021,8.2,2.9068,6.9107,7.2027,14.58,1.0981,1.6227,1.4804,561767.9124,561767.9124
000531.SZ,20211020,8.17,2.9008,6.8965,7.1764,14.5267,1.0941,1.6167,1.475,559712.6639,559712.6639
000531.SZ,20211019,7.43,0.4823,1.1465,6.5264,13.2109,0.995,1.4703,1.3414,509016.5353,509016.5353
000531.SZ,20211018,7.42,0.5818,1.3832,6.5176,13.1931,0.9936,1.4683,1.3396,508331.4524,508331.4524
000531.SZ,20211015,7.27,1.0356,2.462,6.3858,12.9264,0.9736,1.4386,1.3125,498055.2101,498055.2101
000531.SZ,20211014,7.53,0.6645,1.5799,6.6142,13.3887,1.0084,1.4901,1.3594,515867.3635,515867.3635
000531.SZ,20211013,7.63,1.7781,4.2272,6.702,13.5665,1.0218,1.5099,1.3775,522718.1917,522718.1917
000531.SZ,20211012,8.23,2.0984,4.9887,7.2291,14.6334,1.1021,1.6286,1.4858,563823.1609,563823.1609
000531.SZ,20211011,8.62,2.224,5.2873,7.5716,15.3268,1.1543,1.7058,1.5562,590541.3908,590541.3908
000531.SZ,20211008,8.74,3.6621,8.7063,7.6771,15.5402,1.1704,1.7295,1.5779,598762.3847,598762.3847
000531.SZ,20210930,9.0,4.9475,11.7623,7.9054,16.0025,1.2052,1.781,1.6248,616574.538,616574.538
000531.SZ,20210929,8.26,1.599,3.8015,7.2554,14.6867,1.1061,1.6345,1.4912,565878.4093,565878.4093
000531.SZ,20210928,8.78,2.3142,5.5019,7.7122,15.6113,1.1758,1.7374,1.5851,601502.716,601502.716
000531.SZ,20210927,8.35,1.5992,3.802,7.3345,14.8467,1.1182,1.6524,1.5075,572044.1547,572044.1547
000531.SZ,20210924,8.64,1.4372,3.4169,7.5892,15.3624,1.157,1.7097,1.5598,591911.5565,591911.5565
000531.SZ,20210923,8.8,2.3021,5.4731,7.7298,15.6469,1.1784,1.7414,1.5887,602872.8816,602872.8816
000531.SZ,20210922,8.84,2.5681,6.1055,7.7649,15.718,1.1838,1.7493,1.5959,605613.2129,605613.2129
000531.SZ,20210917,8.3,1.2336,2.9328,7.2906,14.7578,1.1115,1.6425,1.4984,568618.7406,568618.7406
000531.SZ,20210916,8.16,0.6268,1.4902,7.1676,14.5089,1.0927,1.6148,1.4732,559027.5811,559027.5811
000531.SZ,20210915,8.26,0.665,1.581,7.2554,14.6867,1.1061,1.6345,1.4912,565878.4093,565878.4093
000531.SZ,20210914,8.13,0.9663,2.2973,7.1412,14.4556,1.0887,1.6088,1.4678,556972.3327,556972.3327
000531.SZ,20210913,8.41,0.805,1.9138,7.3872,14.9534,1.1262,1.6642,1.5183,576154.6516,576154.6516
000531.SZ,20210910,8.38,1.302,3.0953,7.3608,14.9001,1.1222,1.6583,1.5129,574099.4032,574099.4032
000531.SZ,20210909,8.62,1.3328,3.1686,7.5716,15.3268,1.1543,1.7058,1.5562,590541.3908,590541.3908
000531.SZ,20210908,8.69,2.3181,5.5112,7.6331,15.4513,1.1637,1.7196,1.5689,595336.9706,595336.9706
000531.SZ,20210907,8.29,0.8178,1.9443,7.2818,14.7401,1.1101,1.6405,1.4966,567933.6578,567933.6578
000531.SZ,20210906,8.24,0.7803,1.8551,7.2379,14.6512,1.1035,1.6306,1.4876,564508.2437,564508.2437
000531.SZ,20210903,8.21,1.5545,3.6957,7.2115,14.5978,1.0994,1.6246,1.4822,562452.9952,562452.9952
000531.SZ,20210902,8.48,1.7363,4.128,7.4487,15.0779,1.1356,1.6781,1.5309,580950.2314,580950.2314
000531.SZ,20210901,8.1,1.1041,2.625,7.1149,14.4022,1.0847,1.6029,1.4623,554917.0842,554917.0842
000531.SZ,20210831,8.11,1.3035,3.099,7.1237,14.42,1.086,1.6049,1.4641,555602.167,555602.167
000531.SZ,20210830,7.85,0.6866,1.6322,6.8953,13.9577,1.0512,1.5534,1.4172,537790.0137,537790.0137
000531.SZ,20210827,7.73,0.5364,1.2752,6.7899,10.6276,1.0536,1.5297,1.3681,529569.0199,529569.0199
000531.SZ,20210826,7.73,0.6556,1.5586,6.7899,10.6276,1.0536,1.5297,1.3681,529569.0199,529569.0199
000531.SZ,20210825,7.8,0.4676,1.1117,6.8514,10.7238,1.0632,1.5435,1.3805,534364.5996,534364.5996
000531.SZ,20210824,7.8,0.6025,1.4325,6.8514,10.7238,1.0632,1.5435,1.3805,534364.5996,534364.5996
000531.SZ,20210823,7.85,0.7046,1.6752,6.8953,10.7926,1.07,1.5534,1.3893,537790.0137,537790.0137
000531.SZ,20210820,7.83,0.5769,1.3716,6.8777,10.7651,1.0673,1.5495,1.3858,536419.8481,536419.8481
000531.SZ,20210819,7.97,0.786,1.8686,7.0007,10.9576,1.0863,1.5772,1.4105,546011.0075,546011.0075
000531.SZ,20210818,8.06,1.4109,3.3544,7.0798,11.0813,1.0986,1.595,1.4265,552176.7529,552176.7529
000531.SZ,20210817,7.71,0.9156,2.1767,6.7723,10.6001,1.0509,1.5257,1.3645,528198.8542,528198.8542
000531.SZ,20210816,8.02,1.275,3.0312,7.0446,11.0263,1.0932,1.587,1.4194,549436.4216,549436.4216
000531.SZ,20210813,7.73,0.6037,1.4352,6.7899,10.6276,1.0536,1.5297,1.3681,529569.0199,529569.0199
000531.SZ,20210812,7.83,0.8516,2.0246,6.8777,10.7651,1.0673,1.5495,1.3858,536419.8481,536419.8481
000531.SZ,20210811,7.89,1.5036,3.5748,6.9304,10.8476,1.0754,1.5613,1.3964,540530.345,540530.345
000531.SZ,20210810,7.43,0.5008,1.1905,6.5264,10.2151,1.0127,1.4703,1.315,509016.5353,509016.5353
000531.SZ,20210809,7.5,0.9781,2.3254,6.5879,10.3114,1.0223,1.4841,1.3274,513812.115,513812.115
000531.SZ,20210806,7.11,0.2794,0.6642,6.2453,9.7752,0.9691,1.407,1.2583,487093.885,487093.885
000531.SZ,20210805,7.1,0.2334,0.5549,6.2365,9.7614,0.9678,1.405,1.2566,486408.8022,486408.8022
000531.SZ,20210804,7.17,0.2868,0.6819,6.298,9.8577,0.9773,1.4188,1.269,491204.3819,491204.3819
000531.SZ,20210803,7.15,0.3343,0.7949,6.2804,9.8302,0.9746,1.4149,1.2654,489834.2163,489834.2163
000531.SZ,20210802,7.21,0.3859,0.9175,6.3331,9.9127,0.9827,1.4268,1.276,493944.7132,493944.7132
000531.SZ,20210730,7.11,0.4248,1.01,6.2453,9.7752,0.9691,1.407,1.2583,487093.885,487093.885
000531.SZ,20210729,7.04,0.2761,0.6563,6.1838,9.679,0.9596,1.3931,1.2459,482298.3053,482298.3053
000531.SZ,20210728,7.02,0.3553,0.8448,6.1662,9.6515,0.9569,1.3892,1.2424,480928.1396,480928.1396
000531.SZ,20210727,7.2,0.3047,0.7245,6.3243,9.8989,0.9814,1.4248,1.2743,493259.6304,493259.6304
000531.SZ,20210726,7.24,0.3971,0.9441,6.3595,9.9539,0.9868,1.4327,1.2813,495999.9617,495999.9617
000531.SZ,20210723,7.35,0.4546,1.0808,6.4561,10.1052,1.0018,1.4545,1.3008,503535.8727,503535.8727
000531.SZ,20210722,7.45,0.314,0.7465,6.5439,10.2426,1.0155,1.4743,1.3185,510386.7009,510386.7009
000531.SZ,20210721,7.45,0.4939,1.1741,6.5439,10.2426,1.0155,1.4743,1.3185,510386.7009,510386.7009
000531.SZ,20210720,7.35,0.3187,0.7577,6.4561,10.1052,1.0018,1.4545,1.3008,503535.8727,503535.8727
000531.SZ,20210719,7.4,0.4118,0.9791,6.5,10.1739,1.0086,1.4644,1.3097,506961.2868,506961.2868
000531.SZ,20210716,7.54,0.29,0.6895,6.623,10.3664,1.0277,1.4921,1.3344,516552.4463,516552.4463
000531.SZ,20210715,7.53,0.5005,1.1898,6.6142,10.3526,1.0264,1.4901,1.3327,515867.3635,515867.3635
000531.SZ,20210714,7.61,0.4617,1.0976,6.6845,10.4626,1.0373,1.5059,1.3468,521348.026,521348.026
000531.SZ,20210713,7.67,0.5463,1.2987,6.7372,10.5451,1.0454,1.5178,1.3574,525458.5229,525458.5229
000531.SZ,20210712,7.64,0.8405,1.9983,6.7108,10.5039,1.0414,1.5119,1.3521,523403.2745,523403.2745
000531.SZ,20210709,7.84,0.2843,0.6759,6.8865,10.7788,1.0686,1.5514,1.3875,537104.9309,537104.9309
000531.SZ,20210708,7.79,0.3222,0.7659,6.8426,10.7101,1.0618,1.5415,1.3787,533679.5168,533679.5168
000531.SZ,20210707,7.86,0.2871,0.6825,6.9041,10.8063,1.0713,1.5554,1.3911,538475.0965,538475.0965
000531.SZ,20210706,7.81,0.3086,0.7337,6.8602,10.7376,1.0645,1.5455,1.3822,535049.6824,535049.6824
000531.SZ,20210705,7.82,0.1945,0.4623,6.8689,10.7513,1.0659,1.5475,1.384,535734.7652,535734.7652
000531.SZ,20210702,7.75,0.468,1.1127,6.8075,10.6551,1.0564,1.5336,1.3716,530939.1855,530939.1855
000531.SZ,20210701,7.92,0.5409,1.2859,6.9568,10.8888,1.0795,1.5673,1.4017,542585.5934,542585.5934
000531.SZ,20210630,8.06,0.3809,0.9055,7.0798,11.0813,1.0986,1.595,1.4265,552176.7529,552176.7529
000531.SZ,20210629,8.1,0.38,0.9033,7.1149,11.1363,1.1041,1.6029,1.4335,554917.0842,554917.0842
000531.SZ,20210628,8.18,0.6864,1.6319,7.1852,11.2463,1.115,1.6187,1.4477,560397.7468,560397.7468
000531.SZ,20210625,8.13,0.44,1.0461,7.1412,11.1775,1.1081,1.6088,1.4389,556972.3327,556972.3327
000531.SZ,20210624,8.13,0.4371,1.0391,7.1412,11.1775,1.1081,1.6088,1.4389,556972.3327,556972.3327
000531.SZ,20210623,8.14,0.5789,1.3762,7.15,11.1913,1.1095,1.6108,1.4406,557657.4155,557657.4155
000531.SZ,20210622,8.13,0.5648,1.3428,7.1412,11.1775,1.1081,1.6088,1.4389,556972.3327,556972.3327
000531.SZ,20210621,8.05,0.6163,1.4652,7.071,11.0676,1.0972,1.593,1.4247,551491.6701,551491.6701
000531.SZ,20210618,8.38,0.6656,1.5825,7.3608,11.5213,1.1046,1.6583,1.4831,574099.4032,574099.4032
000531.SZ,20210617,8.38,0.5549,1.3193,7.3608,11.5213,1.1046,1.6583,1.4831,574099.4032,574099.4032
000531.SZ,20210616,8.22,0.4119,0.9792,7.2203,11.3013,1.0835,1.6266,1.4548,563138.078,563138.078
000531.SZ,20210615,8.29,0.6411,1.5241,7.2818,11.3975,1.0927,1.6405,1.4672,567933.6578,567933.6578
000531.SZ,20210611,8.4,1.0414,2.4757,7.3784,11.5488,1.1072,1.6622,1.4866,575469.5688,575469.5688
000531.SZ,20210610,8.29,0.3103,0.7378,7.2818,11.3975,1.0927,1.6405,1.4672,567933.6578,567933.6578
000531.SZ,20210609,8.27,0.2962,0.7042,7.2642,11.37,1.0901,1.6365,1.4636,566563.4921,566563.4921
000531.SZ,20210608,8.26,0.5044,1.1992,7.2554,11.3563,1.0888,1.6345,1.4619,565878.4093,565878.4093
000531.SZ,20210607,8.33,0.44,1.0461,7.3169,11.4525,1.098,1.6484,1.4743,570673.9891,570673.9891
000531.SZ,20210604,8.32,0.5533,1.3154,7.3081,11.4388,1.0967,1.6464,1.4725,569988.9062,569988.9062
000531.SZ,20210603,8.37,0.9154,2.1762,7.3521,11.5075,1.1033,1.6563,1.4813,573414.3203,573414.3203
000531.SZ,20210602,8.51,1.5123,3.5953,7.475,11.7,1.1217,1.684,1.5061,583005.4798,583005.4798
000531.SZ,20210601,8.22,0.4563,1.0847,7.2203,11.3013,1.0835,1.6266,1.4548,563138.078,563138.078
000531.SZ,20210531,8.27,0.6011,1.429,7.2642,11.37,1.0901,1.6365,1.4636,566563.4921,566563.4921
000531.SZ,20210528,8.25,0.5806,1.3804,7.2466,11.3425,1.0874,1.6326,1.4601,565193.3265,565193.3265
000531.SZ,20210527,8.31,0.7015,1.6676,7.2993,11.425,1.0954,1.6444,1.4707,569303.8234,569303.8234
000531.SZ,20210526,8.41,0.7346,1.7465,7.3872,11.5625,1.1085,1.6642,1.4884,576154.6516,576154.6516
000531.SZ,20210525,8.36,0.6875,1.6344,7.3433,11.4938,1.1019,1.6543,1.4796,572729.2375,572729.2375
000531.SZ,20210524,8.35,0.775,1.8425,7.3345,11.48,1.1006,1.6524,1.4778,572044.1547,572044.1547
000531.SZ,20210521,8.41,0.9878,2.3483,7.3872,11.5625,1.1085,1.6642,1.4884,576154.6516,576154.6516
000531.SZ,20210520,8.27,0.6138,1.4592,7.2642,11.37,1.0901,1.6365,1.4636,566563.4921,566563.4921
000531.SZ,20210519,8.21,0.5241,1.246,7.2115,11.2875,1.0822,1.6246,1.453,562452.9952,562452.9952
000531.SZ,20210518,8.12,0.6404,1.5224,7.1325,11.1638,1.0703,1.6068,1.4371,556287.2498,556287.2498
000531.SZ,20210517,8.17,0.471,1.1197,7.1764,11.2325,1.0769,1.6167,1.4459,559712.6639,559712.6639
000531.SZ,20210514,8.27,0.4792,1.1392,7.2642,11.37,1.0901,1.6365,1.4636,566563.4921,566563.4921
000531.SZ,20210513,8.16,0.4392,1.0441,7.1676,11.2188,1.0756,1.6148,1.4442,559027.5811,559027.5811
000531.SZ,20210512,8.26,0.6541,1.5552,7.2554,11.3563,1.0888,1.6345,1.4619,565878.4093,565878.4093
000531.SZ,20210511,8.35,0.7392,1.7575,7.3345,11.48,1.1006,1.6524,1.4778,572044.1547,572044.1547
000531.SZ,20210510,8.42,0.9549,2.2701,7.396,11.5763,1.1099,1.6662,1.4902,576839.7344,576839.7344
000531.SZ,20210507,8.3,0.8413,2.0001,7.2906,11.4113,1.094,1.6425,1.4689,568618.7406,568618.7406
000531.SZ,20210506,8.09,0.5672,1.3484,7.1061,11.1226,1.0664,1.6009,1.4318,554232.0014,554232.0014
000531.SZ,20210430,7.99,0.5609,1.3335,7.0183,10.9851,1.0532,1.5811,1.4141,547381.1732,547381.1732
000531.SZ,20210429,8.11,0.5402,1.2844,7.1237,7.1237,1.0932,1.6049,1.6049,555602.167,555602.167
000531.SZ,20210428,8.08,0.5765,1.3706,7.0973,7.0973,1.0892,1.5989,1.5989,553546.9186,553546.9186
000531.SZ,20210427,7.97,0.7526,1.7891,7.0007,7.0007,1.0743,1.5772,1.5772,546011.0075,546011.0075
000531.SZ,20210426,8.08,0.8587,2.0415,7.0973,7.0973,1.0892,1.5989,1.5989,553546.9186,553546.9186
000531.SZ,20210423,8.22,0.8854,2.105,7.2203,7.2203,1.108,1.6266,1.6266,563138.078,563138.078
000531.SZ,20210422,8.32,0.6094,1.4487,7.3081,7.3081,1.1215,1.6464,1.6464,569988.9062,569988.9062
000531.SZ,20210421,8.34,0.8095,1.9246,7.3257,7.3257,1.1242,1.6504,1.6504,571359.0719,571359.0719
000531.SZ,20210420,8.46,1.1552,2.7463,7.4311,7.4311,1.1404,1.6741,1.6741,579580.0657,579580.0657
000531.SZ,20210419,8.56,1.1123,2.6445,7.5189,7.5189,1.1539,1.6939,1.6939,586430.8939,586430.8939
000531.SZ,20210416,8.38,0.9955,2.3668,7.3608,7.3608,1.1296,1.6583,1.6583,574099.4032,574099.4032
000531.SZ,20210415,8.41,2.5608,6.088,7.3872,7.3872,1.1336,1.6642,1.6642,576154.6516,576154.6516
000531.SZ,20210414,9.14,0.9047,2.1508,8.0284,8.0284,1.232,1.8087,1.8087,626165.6975,626165.6975
000531.SZ,20210413,9.15,1.6112,3.8305,8.0372,8.0372,1.2334,1.8107,1.8107,626850.7803,626850.7803
000531.SZ,20210412,9.56,1.6825,4.0,8.3973,8.3973,1.2887,1.8918,1.8918,654939.1759,654939.1759
000531.SZ,20210409,9.69,1.974,4.693,8.5115,8.5115,1.3062,1.9175,1.9175,663845.2526,663845.2526
000531.SZ,20210408,9.64,3.4471,8.1951,8.4676,8.4676,1.2994,1.9076,1.9076,660419.8385,660419.8385
000531.SZ,20210407,10.28,3.7076,8.8144,9.0298,9.0298,1.3857,2.0343,2.0343,704265.139,704265.139
000531.SZ,20210406,10.21,3.1682,7.5321,8.9683,8.9683,1.3763,2.0204,2.0204,699469.5592,699469.5592
000531.SZ,20210402,10.06,4.4957,10.688,8.8365,8.8365,1.3561,1.9907,1.9907,689193.3169,689193.3169
000531.SZ,20210401,10.79,5.0714,12.0567,17.9901,8.8858,1.4644,2.2896,2.0603,739204.3628,739204.3628
000531.SZ,20210331,10.92,6.3543,15.1067,18.2069,8.9928,1.482,2.3171,2.0851,748110.4394,748110.4394
000531.SZ,20210330,9.93,1.9308,4.5904,16.5563,8.1775,1.3476,2.1071,1.8961,680287.2403,680287.2403
000531.SZ,20210329,9.9,2.4686,5.8689,16.5063,8.1528,1.3436,2.1007,1.8904,678231.9918,678231.9918
000531.SZ,20210326,9.82,2.4689,5.8696,16.3729,8.0869,1.3327,2.0837,1.8751,672751.3292,672751.3292
000531.SZ,20210325,9.47,2.7656,6.5749,15.7893,7.7987,1.2852,2.0095,1.8083,648773.4305,648773.4305
000531.SZ,20210324,10.08,3.5265,8.384,16.8064,8.3011,1.368,2.1389,1.9247,690563.4826,690563.4826
000531.SZ,20210323,9.71,2.6401,6.2765,16.1895,7.9964,1.3178,2.0604,1.8541,665215.4182,665215.4182
000531.SZ,20210322,10.05,3.8483,9.149,16.7563,8.2764,1.3639,2.1325,1.919,688508.2341,688508.2341
000531.SZ,20210319,9.64,2.6672,6.3409,16.0728,7.9387,1.3083,2.0455,1.8407,660419.8385,660419.8385
000531.SZ,20210318,9.45,1.6367,3.8912,15.756,7.7822,1.2825,2.0052,1.8044,647403.2649,647403.2649
000531.SZ,20210317,9.28,2.0524,4.8795,15.4725,7.6422,1.2594,1.9691,1.772,635756.857,635756.857
000531.SZ,20210316,9.71,2.3325,5.5452,16.1895,7.9964,1.3178,2.0604,1.8541,665215.4182,665215.4182
000531.SZ,20210315,9.52,2.417,5.7462,15.8727,7.8399,1.292,2.0201,1.8178,652198.8446,652198.8446
000531.SZ,20210312,9.98,4.0669,9.6686,16.6396,8.2187,1.3544,2.1177,1.9056,683712.6544,683712.6544
000531.SZ,20210311,9.73,3.1684,7.5326,16.2228,8.0128,1.3205,2.0646,1.8579,666585.5839,666585.5839
000531.SZ,20210310,9.45,2.8788,6.844,15.756,7.7822,1.2825,2.0052,1.8044,647403.2649,647403.2649
000531.SZ,20210309,9.26,4.1161,9.7856,15.4392,7.6258,1.2567,1.9649,1.7682,634386.6913,634386.6913
000531.SZ,20210308,9.72,5.3189,12.6453,16.2061,8.0046,1.3191,2.0625,1.856,665900.501,665900.501
000531.SZ,20210305,8.84,1.6608,3.9483,14.7389,7.2799,1.1997,1.8758,1.688,605613.2129,605613.2129
000531.SZ,20210304,8.55,0.8327,1.9796,14.2554,7.0411,1.1604,1.8142,1.6326,585745.8111,585745.8111
000531.SZ,20210303,8.48,0.581,1.3812,14.1387,6.9834,1.1509,1.7994,1.6192,580950.2314,580950.2314
000531.SZ,20210302,8.44,0.6652,1.5815,14.072,6.9505,1.1454,1.7909,1.6116,578209.9001,578209.9001
000531.SZ,20210301,8.36,0.2933,0.6974,13.9386,6.8846,1.1346,1.7739,1.5963,572729.2375,572729.2375
000531.SZ,20210226,8.26,0.2839,0.675,13.7719,6.8023,1.121,1.7527,1.5772,565878.4093,565878.4093
000531.SZ,20210225,8.33,0.3333,0.7925,13.8886,6.8599,1.1305,1.7676,1.5906,570673.9891,570673.9891
000531.SZ,20210224,8.36,0.4684,1.1136,13.9386,6.8846,1.1346,1.7739,1.5963,572729.2375,572729.2375
000531.SZ,20210223,8.45,0.5018,1.193,14.0887,6.9587,1.1468,1.793,1.6135,578894.9829,578894.9829
000531.SZ,20210222,8.45,0.8456,2.0104,14.0887,6.9587,1.1468,1.793,1.6135,578894.9829,578894.9829
000531.SZ,20210219,8.25,0.4886,1.1616,13.7552,6.794,1.1196,1.7506,1.5753,565193.3265,565193.3265
000531.SZ,20210218,8.11,0.5323,1.2656,13.5218,6.6787,1.1006,1.7209,1.5486,555602.167,555602.167
000531.SZ,20210210,7.94,0.2653,0.6307,13.2383,6.5387,1.0776,1.6848,1.5161,543955.7591,543955.7591
000531.SZ,20210209,7.88,0.3841,0.9131,13.1383,6.4893,1.0694,1.6721,1.5047,539845.2622,539845.2622
000531.SZ,20210208,7.64,0.1962,0.4663,12.7382,6.2917,1.0369,1.6211,1.4588,523403.2745,523403.2745
000531.SZ,20210205,7.63,0.2884,0.6856,12.7215,6.2834,1.0355,1.619,1.4569,522718.1917,522718.1917
000531.SZ,20210204,7.58,0.3521,0.837,12.6381,6.2423,1.0287,1.6084,1.4474,519292.7776,519292.7776
000531.SZ,20210203,7.76,0.7177,1.7063,12.9382,6.3905,1.0531,1.6466,1.4817,531624.2683,531624.2683
000531.SZ,20210202,8.06,0.404,0.9604,13.4384,6.6376,1.0939,1.7103,1.539,552176.7529,552176.7529
000531.SZ,20210201,8.14,0.343,0.8156,13.5718,6.7034,1.1047,1.7272,1.5543,557657.4155,557657.4155
000531.SZ,20210129,8.07,0.4829,1.1481,13.4551,6.6458,1.0952,1.7124,1.5409,552861.8357,552861.8357
000531.SZ,20210128,8.23,0.6194,1.4725,13.7219,6.7776,1.1169,1.7463,1.5715,563823.1609,563823.1609
000531.SZ,20210127,8.46,0.9045,2.1504,14.1053,6.967,1.1481,1.7951,1.6154,579580.0657,579580.0657
000531.SZ,20210126,8.78,0.9375,2.2288,14.6389,7.2305,1.1916,1.863,1.6765,601502.716,601502.716
000531.SZ,20210125,9.15,1.1332,2.6941,15.2558,7.5352,1.2418,1.9416,1.7472,626850.7803,626850.7803
000531.SZ,20210122,8.96,0.5228,1.243,14.939,7.3787,1.216,1.9012,1.7109,613834.2067,613834.2067
000531.SZ,20210121,9.09,0.393,0.9344,15.1557,7.4858,1.2336,1.9288,1.7357,622740.2834,622740.2834
000531.SZ,20210120,9.02,0.4586,1.0902,15.039,7.4281,1.2241,1.914,1.7223,617944.7036,617944.7036
000531.SZ,20210119,9.12,0.382,0.9082,15.2058,7.5105,1.2377,1.9352,1.7414,624795.5318,624795.5318
000531.SZ,20210118,9.16,0.4746,1.1284,15.2724,7.5434,1.2431,1.9437,1.7491,627535.8631,627535.8631
000531.SZ,20210115,9.15,0.311,0.7393,15.2558,7.5352,1.2418,1.9416,1.7472,626850.7803,626850.7803
000531.SZ,20210114,9.12,0.3606,0.8574,15.2058,7.5105,1.2377,1.9352,1.7414,624795.5318,624795.5318
000531.SZ,20210113,9.19,0.5216,1.2401,15.3225,7.5681,1.2472,1.95,1.7548,629591.1116,629591.1116
000531.SZ,20210112,9.25,0.5125,1.2184,15.4225,7.6175,1.2554,1.9628,1.7663,633701.6085,633701.6085
000531.SZ,20210111,9.05,0.5166,1.2282,15.089,7.4528,1.2282,1.9203,1.7281,619999.9521,619999.9521
000531.SZ,20210108,9.15,0.6224,1.4798,15.2558,7.5352,1.2418,1.9416,1.7472,626850.7803,626850.7803
000531.SZ,20210107,9.11,0.9235,2.1956,15.1891,7.5022,1.2364,1.9331,1.7395,624110.449,624110.449
000531.SZ,20210106,9.29,0.7073,1.6815,15.4892,7.6505,1.2608,1.9713,1.7739,636441.9398,636441.9398
000531.SZ,20210105,9.33,1.2521,2.9768,15.5559,7.6834,1.2662,1.9798,1.7815,639182.2711,639182.2711
000531.SZ,20210104,9.61,0.9428,2.2415,16.0227,7.914,1.3042,2.0392,1.835,658364.59,658364.59
000531.SZ,20201231,9.6,0.8617,2.0487,16.0061,7.9058,1.3029,2.037,1.8331,657679.5072,657679.5072
000531.SZ,20201230,9.58,0.8612,2.0475,15.9727,7.8893,1.3001,2.0328,1.8293,656309.3416,656309.3416
000531.SZ,20201229,9.6,1.562,3.7135,16.0061,7.9058,1.3029,2.037,1.8331,657679.5072,657679.5072
000531.SZ,20201228,9.98,1.7565,4.176,16.6396,8.2187,1.3544,2.1177,1.9056,683712.6544,683712.6544
000531.SZ,20201225,10.17,2.773,6.5926,16.9564,8.3752,1.3802,2.158,1.9419,696729.2279,696729.2279
000531.SZ,20201224,9.73,1.8465,4.39,16.2228,8.0128,1.3205,2.0646,1.8579,666585.5839,666585.5839
000531.SZ,20201223,9.59,1.0191,2.4228,15.9894,7.8975,1.3015,2.0349,1.8312,656994.4244,656994.4244
000531.SZ,20201222,9.08,0.8355,1.9862,15.1391,7.4775,1.2323,1.9267,1.7338,622055.2006,622055.2006
000531.SZ,20201221,9.47,0.7009,1.6664,15.7893,7.7987,1.2852,2.0095,1.8083,648773.4305,648773.4305
000531.SZ,20201218,9.48,0.9598,2.2818,15.806,7.8069,1.2866,2.0116,1.8102,649458.5134,649458.5134
000531.SZ,20201217,9.41,0.5862,1.3936,15.6893,7.7493,1.2771,1.9967,1.7968,644662.9336,644662.9336
000531.SZ,20201216,9.14,0.2374,0.5645,15.2391,7.527,1.2404,1.9394,1.7453,626165.6975,626165.6975
000531.SZ,20201215,9.22,0.3639,0.8651,15.3725,7.5928,1.2513,1.9564,1.7605,631646.36,631646.36
000531.SZ,20201214,9.11,0.3266,0.7764,15.1891,7.5022,1.2364,1.9331,1.7395,624110.449,624110.449
000531.SZ,20201211,9.05,0.7354,1.7484,15.089,7.4528,1.2282,1.9203,1.7281,619999.9521,619999.9521
000531.SZ,20201210,9.28,0.4466,1.0617,15.4725,7.6422,1.2594,1.9691,1.772,635756.857,635756.857
000531.SZ,20201209,9.36,0.6716,1.5966,15.6059,7.7081,1.2703,1.9861,1.7873,641237.5195,641237.5195
000531.SZ,20201208,9.75,0.3514,0.8354,16.2562,8.0293,1.3232,2.0689,1.8617,667955.7495,667955.7495
000531.SZ,20201207,9.78,0.5392,1.282,16.3062,8.054,1.3273,2.0752,1.8675,670010.998,670010.998
000531.SZ,20201204,9.72,0.4949,1.1765,16.2061,8.0046,1.3191,2.0625,1.856,665900.501,665900.501
000531.SZ,20201203,9.74,0.6158,1.464,16.2395,8.0211,1.3219,2.0668,1.8598,667270.6667,667270.6667
000531.SZ,20201202,9.82,1.0599,2.5198,16.3729,8.0869,1.3327,2.0837,1.8751,672751.3292,672751.3292
000531.SZ,20201201,10.03,1.1845,2.8161,16.723,8.2599,1.3612,2.1283,1.9152,687138.0685,687138.0685
000531.SZ,20201130,9.98,1.4435,3.4318,16.6396,8.2187,1.3544,2.1177,1.9056,683712.6544,683712.6544
000531.SZ,20201127,10.15,1.8555,4.4112,16.9231,8.3587,1.3775,2.1538,1.9381,695359.0623,695359.0623
000531.SZ,20201126,10.35,3.0089,7.1534,17.2565,8.5234,1.4046,2.1962,1.9763,709060.7187,709060.7187
000531.SZ,20201125,9.75,1.76,4.1842,16.2562,8.0293,1.3232,2.0689,1.8617,667955.7495,667955.7495
000531.SZ,20201124,9.63,1.0242,2.435,16.0561,7.9305,1.3069,2.0434,1.8388,659734.7557,659734.7557
000531.SZ,20201123,9.46,0.8466,2.0127,15.7726,7.7905,1.2839,2.0073,1.8064,648088.3477,648088.3477
000531.SZ,20201120,9.36,0.3512,0.8349,15.6059,7.7081,1.2703,1.9861,1.7873,641237.5195,641237.5195
000531.SZ,20201119,9.32,0.4407,1.0477,15.5392,7.6752,1.2649,1.9776,1.7796,638497.1882,638497.1882
000531.SZ,20201118,9.41,0.4927,1.1714,15.6893,7.7493,1.2771,1.9967,1.7968,644662.9336,644662.9336
000531.SZ,20201117,9.38,0.385,0.9153,15.6393,7.7246,1.273,1.9904,1.7911,642607.6852,642607.6852
000531.SZ,20201116,9.43,0.6157,1.4638,15.7226,7.7658,1.2798,2.001,1.8006,646033.0993,646033.0993
000531.SZ,20201113,9.29,0.3962,0.9419,15.4892,7.6505,1.2608,1.9713,1.7739,636441.9398,636441.9398
000531.SZ,20201112,9.25,0.3336,0.7932,15.4225,7.6175,1.2554,1.9628,1.7663,633701.6085,633701.6085
000531.SZ,20201111,9.23,0.4079,0.9697,15.3892,7.6011,1.2526,1.9585,1.7624,632331.4429,632331.4429
000531.SZ,20201110,9.29,0.598,1.4217,15.4892,7.6505,1.2608,1.9713,1.7739,636441.9398,636441.9398
000531.SZ,20201109,9.46,0.7731,1.838,15.7726,7.7905,1.2839,2.0073,1.8064,648088.3477,648088.3477
000531.SZ,20201106,9.2,0.4506,1.0711,15.3391,7.5764,1.2486,1.9522,1.7567,630276.1944,630276.1944
000531.SZ,20201105,9.25,0.422,1.0032,15.4225,7.6175,1.2554,1.9628,1.7663,633701.6085,633701.6085
000531.SZ,20201104,9.14,0.3755,0.8928,15.2391,7.527,1.2404,1.9394,1.7453,626165.6975,626165.6975
000531.SZ,20201103,9.18,0.4021,0.956,15.3058,7.5599,1.2459,1.9479,1.7529,628906.0288,628906.0288
000531.SZ,20201102,9.02,0.4764,1.1327,15.039,7.4281,1.2241,1.914,1.7223,617944.7036,617944.7036
000531.SZ,20201030,9.13,0.7357,1.7491,15.2224,7.5187,1.2391,1.9373,1.7433,625480.6147,625480.6147
000531.SZ,20201029,9.39,0.4487,1.0668,15.6559,8.3951,1.3141,1.9925,1.8652,643292.768,643292.768
000531.SZ,20201028,9.37,0.367,0.8726,15.6226,8.3772,1.3113,1.9882,1.8613,641922.6023,641922.6023
000531.SZ,20201027,9.26,0.2585,0.6145,15.4392,8.2789,1.2959,1.9649,1.8394,634386.6913,634386.6913
000531.SZ,20201026,9.23,0.4791,1.1389,15.3892,8.2521,1.2917,1.9585,1.8334,632331.4429,632331.4429
000531.SZ,20201023,9.48,0.4255,1.0117,15.806,8.4756,1.3267,2.0116,1.8831,649458.5134,649458.5134
000531.SZ,20201022,9.64,0.4312,1.0251,16.0728,8.6186,1.349,2.0455,1.9149,660419.8385,660419.8385
000531.SZ,20201021,9.55,0.3099,0.7367,15.9227,8.5381,1.3365,2.0264,1.897,654254.0931,654254.0931
000531.SZ,20201020,9.63,0.421,1.0009,16.0561,8.6097,1.3476,2.0434,1.9129,659734.7557,659734.7557
000531.SZ,20201019,9.64,0.8412,1.9998,16.0728,8.6186,1.349,2.0455,1.9149,660419.8385,660419.8385
000531.SZ,20201016,9.8,1.2104,2.8776,16.3395,8.7617,1.3714,2.0795,1.9467,671381.1636,671381.1636
000531.SZ,20201015,9.74,1.0518,2.5006,16.2395,8.708,1.363,2.0668,1.9348,667270.6667,667270.6667
000531.SZ,20201014,9.44,0.5664,1.3466,15.7393,8.4398,1.3211,2.0031,1.8752,646718.1821,646718.1821
000531.SZ,20201013,9.59,0.7022,1.6693,15.9894,8.5739,1.342,2.0349,1.905,656994.4244,656994.4244
000531.SZ,20201012,9.76,1.1014,2.6186,16.2728,8.7259,1.3658,2.071,1.9387,668640.8323,668640.8323
000531.SZ,20201009,9.33,0.5896,1.4017,15.5559,8.3415,1.3057,1.9798,1.8533,639182.2711,639182.2711
000531.SZ,20200930,8.97,0.3977,0.9456,14.9557,8.0196,1.2553,1.9034,1.7818,614519.2895,614519.2895
000531.SZ,20200929,9.09,0.329,0.7821,15.1557,8.1269,1.2721,1.9288,1.8056,622740.2834,622740.2834
000531.SZ,20200928,9.06,0.3163,0.752,15.1057,8.1001,1.2679,1.9225,1.7997,620685.0349,620685.0349
000531.SZ,20200925,9.1,0.405,0.9628,15.1724,8.1358,1.2735,1.931,1.8076,623425.3662,623425.3662
000531.SZ,20200924,9.04,0.45,1.0698,15.0724,8.0822,1.2651,1.9182,1.7957,619314.8693,619314.8693
000531.SZ,20200923,9.28,0.3579,0.8508,15.4725,8.2968,1.2987,1.9691,1.8434,635756.857,635756.857
000531.SZ,20200922,9.28,0.5807,1.3806,15.4725,8.2968,1.2987,1.9691,1.8434,635756.857,635756.857
000531.SZ,20200921,9.41,0.8658,2.0583,15.6893,8.413,1.3169,1.9967,1.8692,644662.9336,644662.9336
000531.SZ,20200918,9.58,1.2796,3.0421,15.9727,8.565,1.3407,2.0328,1.903,656309.3416,656309.3416
000531.SZ,20200917,9.11,0.5882,1.3983,15.1891,8.1448,1.2749,1.9331,1.8096,624110.449,624110.449
000531.SZ,20200916,9.01,0.4617,1.0977,15.0224,8.0554,1.2609,1.9119,1.7897,617259.6208,617259.6208
000531.SZ,20200915,9.12,0.4454,1.0589,15.2058,8.1537,1.2763,1.9352,1.8116,624795.5318,624795.5318
000531.SZ,20200914,9.12,0.8117,1.9298,15.2058,8.1537,1.2763,1.9352,1.8116,624795.5318,624795.5318
000531.SZ,20200911,9.24,0.5284,1.2563,15.4058,8.261,1.2931,1.9607,1.8354,633016.5257,633016.5257
000531.SZ,20200910,9.12,0.8241,1.9592,15.2058,8.1537,1.2763,1.9352,1.8116,624795.5318,624795.5318
000531.SZ,20200909,9.36,0.9058,2.1535,15.6059,8.3683,1.3099,1.9861,1.8593,641237.5195,641237.5195
000531.SZ,20200908,9.67,0.894,2.1254,16.1228,8.6454,1.3532,2.0519,1.9208,662475.0869,662475.0869
000531.SZ,20200907,9.58,1.6387,3.8959,15.9727,8.565,1.3407,2.0328,1.903,656309.3416,656309.3416
000531.SZ,20200904,10.09,0.6878,1.6353,16.823,9.0209,1.412,2.141,2.0043,691248.5654,691248.5654
000531.SZ,20200903,10.14,0.7899,1.878,16.9064,9.0656,1.419,2.1516,2.0142,694673.9795,694673.9795
000531.SZ,20200902,10.18,0.9188,2.1843,16.9731,9.1014,1.4246,2.1601,2.0222,697414.3108,697414.3108
000531.SZ,20200901,10.39,1.1435,2.7186,17.3232,9.2891,1.454,2.2047,2.0639,711801.05,711801.05
000531.SZ,20200831,10.54,0.8831,2.0995,17.5733,9.4233,1.475,2.2365,2.0937,722077.2923,722077.2923
000531.SZ,20200828,10.52,1.1879,2.8241,17.54,9.4054,1.4722,2.2323,2.0897,720707.1266,720707.1266
000531.SZ,20200827,10.45,1.9516,4.6398,17.4233,9.3428,1.4624,2.2174,2.0758,715911.5469,715911.5469
000531.SZ,20200826,10.79,1.356,3.2238,17.9901,9.9108,1.5699,2.2896,2.3191,739204.3628,739204.3628
000531.SZ,20200825,11.14,1.1401,2.7105,18.5737,10.2322,1.6208,2.3638,2.3944,763182.2615,763182.2615
000531.SZ,20200824,11.23,1.3256,3.1514,18.7238,10.3149,1.6339,2.3829,2.4137,769348.0069,769348.0069
000531.SZ,20200821,10.97,1.4009,3.3306,18.2903,10.0761,1.5961,2.3277,2.3578,751535.8535,751535.8535
000531.SZ,20200820,11.02,1.334,3.1715,18.3736,10.122,1.6033,2.3384,2.3686,754961.2676,754961.2676
000531.SZ,20200819,11.23,1.9819,4.7117,18.7238,10.3149,1.6339,2.3829,2.4137,769348.0069,769348.0069
000531.SZ,20200818,11.54,2.7433,6.522,19.2406,10.5996,1.679,2.4487,2.4803,790585.5743,790585.5743
000531.SZ,20200817,11.35,2.9342,6.9758,18.9238,10.4251,1.6514,2.4084,2.4395,777569.0007,777569.0007
000531.SZ,20200814,10.86,1.4769,3.5111,18.1069,9.9751,1.5801,2.3044,2.3342,743999.9425,743999.9425
000531.SZ,20200813,10.86,1.28,3.0431,18.1069,9.9751,1.5801,2.3044,2.3342,743999.9425,743999.9425
000531.SZ,20200812,10.71,1.5349,3.6492,17.8568,9.8373,1.5582,2.2726,2.302,733723.7002,733723.7002
000531.SZ,20200811,10.59,1.4507,3.4488,17.6567,9.7271,1.5408,2.2471,2.2762,725502.7064,725502.7064
000531.SZ,20200810,10.93,1.7403,4.1374,18.2236,10.0394,1.5902,2.3193,2.3492,748795.5223,748795.5223
000531.SZ,20200807,10.8,2.5269,6.0074,18.0068,9.9199,1.5713,2.2917,2.3213,739889.4456,739889.4456
000531.SZ,20200806,11.34,2.4043,5.7159,18.9072,10.4159,1.6499,2.4063,2.4374,776883.9179,776883.9179
000531.SZ,20200805,11.22,3.786,9.0008,18.7071,10.3057,1.6324,2.3808,2.4116,768662.924,768662.924
000531.SZ,20200804,11.64,5.0186,11.9312,19.4073,10.6915,1.6935,2.4699,2.5018,797436.4025,797436.4025
000531.SZ,20200803,11.25,3.591,8.5372,18.7571,10.3333,1.6368,2.3872,2.418,770718.1725,770718.1725
000531.SZ,20200731,10.23,2.9049,6.906,17.0565,9.3964,1.4884,2.1707,2.1988,700839.7249,700839.7249
000531.SZ,20200730,9.79,1.1978,2.8476,16.3228,8.9922,1.4244,2.0774,2.1042,670696.0808,670696.0808
000531.SZ,20200729,9.92,1.6483,3.9188,16.5396,9.1117,1.4433,2.1049,2.1322,679602.1574,679602.1574
000531.SZ,20200728,9.73,1.5198,3.6131,16.2228,8.9371,1.4157,2.0646,2.0913,666585.5839,666585.5839
000531.SZ,20200727,9.72,1.667,3.9632,16.2061,8.928,1.4142,2.0625,2.0892,665900.501,665900.501
000531.SZ,20200724,9.91,2.719,6.4642,16.5229,9.1025,1.4418,2.1028,2.13,678917.0746,678917.0746
000531.SZ,20200723,10.52,2.5154,5.9801,17.54,9.6628,1.5306,2.2323,2.2611,720707.1266,720707.1266
000531.SZ,20200722,10.44,2.2464,5.3407,17.4066,9.5893,1.519,2.2153,2.2439,715226.4641,715226.4641
000531.SZ,20200721,10.5,2.7444,6.5245,17.5066,9.6444,1.5277,2.228,2.2568,719336.961,719336.961
000531.SZ,20200720,10.82,3.086,7.3367,18.0402,9.9383,1.5742,2.2959,2.3256,741259.6112,741259.6112
000531.SZ,20200717,9.93,2.506,5.9578,16.5563,9.1208,1.4448,2.1071,2.1343,680287.2403,680287.2403
000531.SZ,20200716,9.91,3.666,8.7155,16.5229,9.1025,1.4418,2.1028,2.13,678917.0746,678917.0746
000531.SZ,20200715,10.42,4.986,11.8537,17.3732,9.5709,1.516,2.211,2.2396,713856.2984,713856.2984
000531.SZ,20200714,11.38,4.8912,11.6283,18.9739,10.4527,1.6557,2.4147,2.446,779624.2492,779624.2492
000531.SZ,20200713,10.81,5.9912,14.2435,18.0235,9.9291,1.5728,2.2938,2.3234,740574.5284,740574.5284
000531.SZ,20200710,10.67,4.8734,11.5861,17.7901,9.8005,1.5524,2.2641,2.2934,730983.3689,730983.3689
000531.SZ,20200709,9.7,3.4393,8.1767,16.1728,8.9096,1.4113,2.0583,2.0849,664530.3354,664530.3354
000531.SZ,20200708,9.08,3.5928,8.5417,15.1391,8.3401,1.3211,1.9267,1.9516,622055.2006,622055.2006
000531.SZ,20200707,8.52,3.0728,7.3053,14.2054,7.8257,1.2396,1.8079,1.8312,583690.5626,583690.5626
000531.SZ,20200706,8.76,2.9891,7.1062,14.6055,8.0462,1.2562,1.8588,1.8828,600132.5503,600132.5503
000531.SZ,20200703,8.12,2.2979,5.463,13.5385,7.4583,1.1645,1.723,1.7453,556287.2498,556287.2498
000531.SZ,20200702,7.79,1.6878,4.0126,12.9883,7.1552,1.1171,1.653,1.6743,533679.5168,533679.5168
000531.SZ,20200701,7.55,0.9515,2.2621,12.5881,6.9348,1.0827,1.6021,1.6228,517237.5291,517237.5291
000531.SZ,20200630,7.5,0.8789,2.0894,12.5047,6.8889,1.0756,1.5914,1.612,513812.115,513812.115
000531.SZ,20200629,7.3,0.532,1.2648,12.1713,6.7051,1.0469,1.549,1.569,500110.4586,500110.4586
000531.SZ,20200624,7.33,0.6001,1.4267,12.2213,6.7327,1.0512,1.5554,1.5755,502165.7071,502165.7071
000531.SZ,20200623,7.46,0.8856,2.1055,12.438,6.8521,1.0698,1.583,1.6034,511071.7837,511071.7837
000531.SZ,20200622,7.5,1.0682,2.5396,12.5047,6.8889,1.0756,1.5914,1.612,513812.115,513812.115
000531.SZ,20200619,7.33,0.6095,1.4489,12.2213,6.7327,1.0512,1.5554,1.5755,502165.7071,502165.7071
000531.SZ,20200618,7.3,0.6975,1.6582,12.1713,6.7051,1.0469,1.549,1.569,500110.4586,500110.4586
000531.SZ,20200617,7.36,0.4986,1.1853,12.2713,6.7603,1.0555,1.5617,1.5819,504220.9555,504220.9555
000531.SZ,20200616,7.4,0.495,1.1768,12.338,6.797,1.0612,1.5702,1.5905,506961.2868,506961.2868
000531.SZ,20200615,7.3,0.5844,1.3894,12.1713,6.7051,1.0469,1.549,1.569,500110.4586,500110.4586
000531.SZ,20200612,7.23,0.4271,1.0155,12.0546,6.6409,1.0368,1.5342,1.554,495314.8789,495314.8789
000531.SZ,20200611,7.31,0.562,1.3361,12.1879,6.7143,1.0483,1.5511,1.5712,500795.5414,500795.5414
000531.SZ,20200610,7.39,0.3385,0.8047,12.3213,6.7878,1.0598,1.5681,1.5884,506276.204,506276.204
000531.SZ,20200609,7.4,0.5429,1.2908,12.338,6.797,1.0612,1.5702,1.5905,506961.2868,506961.2868
000531.SZ,20200608,7.46,0.5939,1.412,12.438,6.8521,1.0698,1.583,1.6034,511071.7837,511071.7837
000531.SZ,20200605,7.58,0.6329,1.5046,12.6381,6.9623,1.087,1.6084,1.6292,519292.7776,519292.7776
000531.SZ,20200604,7.5,0.5348,1.2714,12.5047,6.8889,1.0756,1.5914,1.612,513812.115,513812.115
000531.SZ,20200603,7.56,0.6653,1.5816,12.6048,6.944,1.0842,1.6042,1.6249,517922.6119,517922.6119
000531.SZ,20200602,7.57,0.8599,2.0443,12.6214,6.9531,1.0856,1.6063,1.6271,518607.6947,518607.6947
000531.SZ,20200601,7.5,0.9188,2.1843,12.5047,6.8889,1.0756,1.5914,1.612,513812.115,513812.115
000531.SZ,20200529,7.28,0.4541,1.0795,12.1379,6.6868,1.044,1.5448,1.5647,498740.293,498740.293
000531.SZ,20200528,7.34,0.5981,1.4219,12.238,6.7419,1.0526,1.5575,1.5776,502850.7899,502850.7899
000531.SZ,20200527,7.3,0.4996,1.1877,12.1713,6.7051,1.0469,1.549,1.569,500110.4586,500110.4586
000531.SZ,20200526,7.36,0.5462,1.2986,12.2713,6.7603,1.0555,1.5617,1.5819,504220.9555,504220.9555
000531.SZ,20200525,7.26,0.632,1.5026,12.1046,6.6684,1.0411,1.5405,1.5604,497370.1273,497370.1273
000531.SZ,20200522,7.23,0.7107,1.6897,12.0546,6.6409,1.0368,1.5342,1.554,495314.8789,495314.8789
000531.SZ,20200521,7.18,0.8544,2.0313,11.9712,6.5949,1.0297,1.5235,1.5432,491889.4648,491889.4648
000531.SZ,20200520,7.28,0.8193,1.9479,12.1379,6.6868,1.044,1.5448,1.5647,498740.293,498740.293
000531.SZ,20200519,7.51,0.9009,2.1417,12.5214,6.898,1.077,1.5936,1.6142,514497.1978,514497.1978
000531.SZ,20200518,7.48,1.4838,3.5275,12.4714,6.8705,1.0727,1.5872,1.6077,512441.9494,512441.9494
000531.SZ,20200515,7.59,2.2729,5.4036,12.6548,6.9715,1.0885,1.6105,1.6314,519977.8604,519977.8604
000531.SZ,20200514,7.23,0.9082,2.1591,12.0546,6.6409,1.0368,1.5342,1.554,495314.8789,495314.8789
000531.SZ,20200513,7.42,0.7367,1.7514,12.3714,6.8154,1.0641,1.5745,1.5948,508331.4524,508331.4524
000531.SZ,20200512,7.38,0.9407,2.2365,12.3047,6.7786,1.0583,1.566,1.5862,505591.1212,505591.1212
000531.SZ,20200511,7.49,1.0055,2.3904,12.4881,6.8797,1.0741,1.5893,1.6099,513127.0322,513127.0322
000531.SZ,20200508,7.56,1.5273,3.631,12.6048,6.944,1.0842,1.6042,1.6249,517922.6119,517922.6119
000531.SZ,20200507,7.67,1.3714,3.2603,12.7882,7.045,1.0999,1.6275,1.6486,525458.5229,525458.5229
000531.SZ,20200506,7.79,2.2339,5.3108,12.9883,7.1552,1.1171,1.653,1.6743,533679.5168,533679.5168
000531.SZ,20200430,7.53,1.6536,3.9313,12.5548,6.9164,1.0799,1.5978,1.6185,515867.3635,515867.3635
000531.SZ,20200429,7.57,2.5725,6.116,12.6214,6.9531,1.0856,1.6063,1.6271,518607.6947,518607.6947
000531.SZ,20200428,7.62,2.5924,6.1633,12.7048,12.7048,1.2785,1.6169,1.6169,522033.1088,522033.1088
000531.SZ,20200427,7.39,1.9012,4.5199,12.3213,12.3213,1.2399,1.5681,1.5681,506276.204,506276.204
000531.SZ,20200424,7.46,2.8217,6.7084,12.438,12.438,1.2516,1.583,1.583,511071.7837,511071.7837
000531.SZ,20200423,7.04,0.7352,1.7478,11.7378,11.7378,1.1811,1.4938,1.4938,482298.3053,482298.3053
000531.SZ,20200422,7.09,1.0215,2.4285,11.8211,11.8211,1.1895,1.5044,1.5044,485723.7194,485723.7194
000531.SZ,20200421,6.96,0.7304,1.7363,11.6044,11.6044,1.1677,1.4769,1.4769,476817.6427,476817.6427
000531.SZ,20200420,6.98,1.1163,2.6538,11.6377,11.6377,1.1711,1.4811,1.4811,478187.8084,478187.8084
000531.SZ,20200417,7.09,1.1514,2.7374,59.2775,11.8428,1.1896,1.5573,1.5044,485723.7194,485723.7194
000531.SZ,20200416,7.15,1.3056,3.1039,59.7791,11.943,1.1997,1.5705,1.5172,489834.2163,489834.2163
000531.SZ,20200415,7.07,1.3245,3.1488,59.1103,11.8094,1.1863,1.5529,1.5002,484353.5537,484353.5537
000531.SZ,20200414,7.02,0.8945,2.1265,58.6922,11.7259,1.1779,1.542,1.4896,480928.1396,480928.1396
000531.SZ,20200413,6.97,1.2587,2.9925,58.2742,11.6424,1.1695,1.531,1.479,477502.7255,477502.7255
000531.SZ,20200410,7.05,1.8228,4.3335,58.943,11.776,1.1829,1.5485,1.496,482983.3881,482983.3881
000531.SZ,20200409,6.98,1.1374,2.704,58.3578,11.6591,1.1712,1.5332,1.4811,478187.8084,478187.8084
000531.SZ,20200408,7.0,1.8092,4.3012,58.525,11.6925,1.1745,1.5376,1.4853,479557.974,479557.974
000531.SZ,20200407,6.8,1.3263,3.1531,56.8529,11.3584,1.141,1.4936,1.4429,465856.3176,465856.3176
000531.SZ,20200403,6.7,0.9028,2.1464,56.0168,11.1914,1.1242,1.4717,1.4217,459005.4894,459005.4894
000531.SZ,20200402,6.68,1.3563,3.2245,55.8496,11.1579,1.1209,1.4673,1.4174,457635.3238,457635.3238
000531.SZ,20200401,6.75,2.0811,4.9477,56.4348,11.2749,1.1326,1.4827,1.4323,462430.9035,462430.9035
000531.SZ,20200331,6.66,3.2261,7.6698,55.6824,11.1245,1.1175,1.4629,1.4132,456265.1581,456265.1581
000531.SZ,20200330,6.4,1.3474,3.2033,53.5086,12.3584,1.0886,1.4058,1.4562,438453.0048,438453.0048
000531.SZ,20200327,6.08,0.3206,0.7621,50.8331,11.7404,1.0342,1.3355,1.3834,416530.3546,416530.3546
000531.SZ,20200326,6.02,0.3708,0.8815,50.3315,11.6246,1.024,1.3223,1.3697,412419.8576,412419.8576
000531.SZ,20200325,6.14,0.4109,0.9768,51.3348,11.8563,1.0444,1.3487,1.397,420640.8515,420640.8515
000531.SZ,20200324,6.08,0.3985,0.9474,50.8331,11.7404,1.0342,1.3355,1.3834,416530.3546,416530.3546
000531.SZ,20200323,5.87,0.378,0.8986,49.0774,11.3349,0.9985,1.2894,1.3356,402143.6153,402143.6153
000531.SZ,20200320,5.98,0.395,0.939,49.9971,11.5473,1.0172,1.3135,1.3606,409679.5264,409679.5264
000531.SZ,20200319,5.85,0.464,1.1031,48.9102,11.2963,0.9951,1.285,1.331,400773.4497,400773.4497
000531.SZ,20200318,5.81,0.5121,1.2176,48.5758,11.2191,0.9883,1.2762,1.3219,398033.1184,398033.1184
000531.SZ,20200317,5.99,0.5647,1.3425,50.0807,11.5666,1.0189,1.3157,1.3629,410364.6092,410364.6092
000531.SZ,20200316,6.06,0.5291,1.2579,50.6659,11.7018,1.0308,1.3311,1.3788,415160.1889,415160.1889
000531.SZ,20200313,6.19,0.7662,1.8215,51.7528,11.9528,1.0529,1.3596,1.4084,424066.2656,424066.2656
000531.SZ,20200312,6.41,0.6208,1.4759,53.5922,12.3777,1.0903,1.408,1.4585,439138.0876,439138.0876
000531.SZ,20200311,6.61,0.7439,1.7686,55.2643,12.7639,1.1244,1.4519,1.504,452839.744,452839.744
000531.SZ,20200310,6.74,1.0502,2.4968,56.3512,13.0149,1.1465,1.4805,1.5335,461745.8207,461745.8207
000531.SZ,20200309,6.63,1.2333,2.932,55.4315,12.8025,1.1278,1.4563,1.5085,454209.9097,454209.9097
000531.SZ,20200306,6.92,2.6707,6.3495,57.8561,13.3625,1.1771,1.52,1.5745,474077.3114,474077.3114
000531.SZ,20200305,6.85,1.3832,3.2884,57.2709,13.2273,1.1652,1.5046,1.5586,469281.7317,469281.7317
000531.SZ,20200304,6.47,0.49,1.165,54.0938,12.4935,1.1005,1.4212,1.4721,443248.5845,443248.5845
000531.SZ,20200303,6.41,0.7692,1.8286,53.5922,12.3777,1.0903,1.408,1.4585,439138.0876,439138.0876
000531.SZ,20200302,6.32,0.4885,1.1613,52.8397,12.2039,1.075,1.3882,1.438,432972.3422,432972.3422
000531.SZ,20200228,6.15,0.7649,1.8184,51.4184,11.8756,1.0461,1.3509,1.3993,421325.9343,421325.9343
000531.SZ,20200227,6.42,0.4464,1.0613,53.6758,12.397,1.092,1.4102,1.4607,439823.1704,439823.1704
000531.SZ,20200226,6.32,0.5786,1.3755,52.8397,12.2039,1.075,1.3882,1.438,432972.3422,432972.3422
000531.SZ,20200225,6.32,0.8284,1.9694,52.8397,12.2039,1.075,1.3882,1.438,432972.3422,432972.3422
000531.SZ,20200224,6.41,0.7861,1.8688,53.5922,12.3777,1.0903,1.408,1.4585,439138.0876,439138.0876
000531.SZ,20200221,6.46,0.8411,1.9996,54.0102,12.4742,1.0988,1.419,1.4698,442563.5017,442563.5017
000531.SZ,20200220,6.44,1.0441,2.4823,53.843,12.4356,1.0954,1.4146,1.4653,441193.3361,441193.3361
000531.SZ,20200219,6.26,0.7213,1.7148,52.3381,12.088,1.0648,1.375,1.4243,428861.8453,428861.8453
000531.SZ,20200218,6.34,0.6815,1.6202,53.0069,12.2425,1.0784,1.3926,1.4425,434342.5079,434342.5079
000531.SZ,20200217,6.35,0.6718,1.5971,53.0905,12.2618,1.0801,1.3948,1.4448,435027.5907,435027.5907
000531.SZ,20200214,6.11,0.4232,1.0062,51.084,11.7984,1.0393,1.3421,1.3902,418585.603,418585.603
000531.SZ,20200213,6.15,0.4302,1.0227,51.4184,11.8756,1.0461,1.3509,1.3993,421325.9343,421325.9343
000531.SZ,20200212,6.18,0.4442,1.056,51.6692,11.9335,1.0512,1.3575,1.4061,423381.1828,423381.1828
000531.SZ,20200211,6.16,0.7454,1.7721,51.502,11.8949,1.0478,1.3531,1.4016,422011.0171,422011.0171
000531.SZ,20200210,6.06,0.5166,1.2281,50.6659,11.7018,1.0308,1.3311,1.3788,415160.1889,415160.1889
000531.SZ,20200207,5.93,0.4671,1.1105,49.579,11.4508,1.0087,1.3025,1.3492,406254.1123,406254.1123
000531.SZ,20200206,5.94,0.5998,1.4261,49.6626,11.4701,1.0104,1.3047,1.3515,406939.1951,406939.1951
000531.SZ,20200205,5.89,0.5282,1.2556,49.2446,11.3735,1.0019,1.2938,1.3401,403513.781,403513.781
000531.SZ,20200204,5.78,0.7208,1.7136,48.3249,11.1611,0.9832,1.2696,1.3151,395977.87,395977.87
000531.SZ,20200203,5.92,0.1624,0.3862,49.4954,11.4315,1.007,1.3003,1.347,405569.0294,405569.0294
000531.SZ,20200123,6.58,0.6625,1.575,55.0135,12.7059,1.1193,1.4453,1.4971,450784.4956,450784.4956
000531.SZ,20200122,6.87,0.3617,0.86,57.4381,13.2659,1.1686,1.509,1.5631,470651.8973,470651.8973
000531.SZ,20200121,6.87,0.3995,0.9499,57.4381,13.2659,1.1686,1.509,1.5631,470651.8973,470651.8973
000531.SZ,20200120,6.96,0.7327,1.7419,58.1906,13.4397,1.1839,1.5288,1.5836,476817.6427,476817.6427
000531.SZ,20200117,6.95,0.4459,1.06,58.107,13.4204,1.1822,1.5266,1.5813,476132.5599,476132.5599
000531.SZ,20200116,6.99,0.4897,1.1643,58.4414,13.4976,1.189,1.5354,1.5904,478872.8912,478872.8912
000531.SZ,20200115,7.01,0.4815,1.1446,58.6086,13.5363,1.1924,1.5398,1.595,480243.0568,480243.0568
000531.SZ,20200114,7.04,0.8269,1.9658,58.8594,13.5942,1.1975,1.5464,1.6018,482298.3053,482298.3053
000531.SZ,20200113,7.03,0.5818,1.3831,58.7758,13.5749,1.1958,1.5442,1.5995,481613.2225,481613.2225
000531.SZ,20200110,7.01,0.7456,1.7726,58.6086,13.5363,1.1924,1.5398,1.595,480243.0568,480243.0568
000531.SZ,20200109,6.94,0.4413,1.0491,58.0234,13.4011,1.1805,1.5244,1.579,475447.4771,475447.4771
000531.SZ,20200108,6.85,0.6949,1.6521,57.2709,13.2273,1.1652,1.5046,1.5586,469281.7317,469281.7317
000531.SZ,20200107,6.97,0.5889,1.4,58.2742,13.459,1.1856,1.531,1.5859,477502.7255,477502.7255
000531.SZ,20200106,6.91,0.543,1.2909,57.7725,13.3432,1.1754,1.5178,1.5722,473392.2286,473392.2286
000531.SZ,20200103,6.89,0.5613,1.3344,57.6053,13.3045,1.172,1.5134,1.5677,472022.063,472022.063
000531.SZ,20200102,6.94,0.8658,2.0584,58.0234,13.4011,1.1805,1.5244,1.579,475447.4771,475447.4771
