ts_code,name,report_date,report_title,report_type,classify,org_name,author_name,quarter,op_rt,op_pr,tp,np,eps,pe,rd,roe,ev_ebitda,rating,max_price,min_price
603826.SH,坤彩科技,20200331,坤彩科技：高端市场占比提升，低端市场加速淘汰,点评,一般报告,长江证券,"范超,张佩",2022Q4,680900.0,235900.0,117200.0,99700.0,2.13,9.74,,27.0,11.8,买入,,
603826.SH,坤彩科技,20200331,坤彩科技：高端市场占比提升，低端市场加速淘汰,点评,一般报告,长江证券,"范超,张佩",2021Q4,389300.0,137700.0,70900.0,60300.0,1.29,16.09,,24.0,16.47,买入,,
603826.SH,坤彩科技,20200331,坤彩科技：高端市场占比提升，低端市场加速淘汰,点评,一般报告,长江证券,"范超,张佩",2020Q4,152000.0,57500.0,32000.0,27300.0,0.58,35.63,,16.0,25.66,买入,,
002019.SZ,亿帆医药,20200331,亿帆医药：销售起家审时度势，独具慧眼收购整合,深度,一般报告,财通证券,"沈瑞,张文录",2021Q4,809789.0,,196530.0,162840.0,1.32,11.9,2.5,17.2,7.8,买入,,22.5
002019.SZ,亿帆医药,20200331,亿帆医药：销售起家审时度势，独具慧眼收购整合,深度,一般报告,财通证券,"沈瑞,张文录",2020Q4,657743.0,,152890.0,126540.0,1.02,15.3,2.0,15.2,10.7,买入,,22.5
002019.SZ,亿帆医药,20200331,亿帆医药：销售起家审时度势，独具慧眼收购整合,深度,一般报告,财通证券,"沈瑞,张文录",2019Q4,530815.0,,114140.0,92170.0,0.75,21.1,1.4,12.4,14.0,买入,,22.5
601888.SH,中国国旅,20200331,大消费行业2020年4月金股推荐,非个股,一般报告,长江证券,无,2019Q4,,,,464689.179,2.38,,,,,买入,,
000651.SZ,格力电器,20200331,大消费行业2020年4月金股推荐,非个股,一般报告,长江证券,无,2020Q4,,,,2749189.011,4.57,,,,,买入,,
601933.SH,永辉超市,20200331,大消费行业2020年4月金股推荐,非个股,一般报告,长江证券,无,2021Q4,,,,363677.56,0.38,,,,,买入,,
601933.SH,永辉超市,20200331,大消费行业2020年4月金股推荐,非个股,一般报告,长江证券,无,2019Q4,,,,210550.166,0.22,,,,,买入,,
600600.SH,青岛啤酒,20200331,大消费行业2020年4月金股推荐,非个股,一般报告,长江证券,无,2020Q4,,,,187786.609,1.39,,,,,买入,,
601888.SH,中国国旅,20200331,大消费行业2020年4月金股推荐,非个股,一般报告,长江证券,无,2020Q4,,,,324110.94,1.66,,,,,买入,,
601933.SH,永辉超市,20200331,大消费行业2020年4月金股推荐,非个股,一般报告,长江证券,无,2020Q4,,,,277543.401,0.29,,,,,买入,,
000651.SZ,格力电器,20200331,大消费行业2020年4月金股推荐,非个股,一般报告,长江证券,无,2019Q4,,,,2616842.932,4.35,,,,,买入,,
601888.SH,中国国旅,20200331,大消费行业2020年4月金股推荐,非个股,一般报告,长江证券,无,2021Q4,,,,597457.516,3.06,,,,,买入,,
600600.SH,青岛啤酒,20200331,大消费行业2020年4月金股推荐,非个股,一般报告,长江证券,无,2021Q4,,,,231018.058,1.71,,,,,买入,,
300815.SZ,玉禾田,20200331,玉禾田：深耕环卫运营服务，市场化进程抢先机,深度,首次关注,长江证券,"徐科,任楠,罗松",2020Q4,490200.0,102400.0,59700.0,45300.0,3.27,36.69,,31.0,15.7,增持,,
300815.SZ,玉禾田,20200331,玉禾田：深耕环卫运营服务，市场化进程抢先机,深度,首次关注,长江证券,"徐科,任楠,罗松",2019Q4,359500.0,72900.0,40600.0,30800.0,2.22,53.95,,31.0,22.57,增持,,
601688.SH,华泰证券,20200331,华泰证券2019年报点评：投资业务表现靓丽，深化激励机制改革,点评,一般报告,长江证券,"周晶晶,徐一洲,宋筱筱",2022Q4,2787900.0,,1456200.0,1129000.0,1.24,,,7.6,,买入,,
300815.SZ,玉禾田,20200331,玉禾田：深耕环卫运营服务，市场化进程抢先机,深度,首次关注,长江证券,"徐科,任楠,罗松",2021Q4,642600.0,136700.0,81500.0,61800.0,4.47,26.86,,30.0,11.57,增持,,
601688.SH,华泰证券,20200331,华泰证券2019年报点评：投资业务表现靓丽，深化激励机制改革,点评,一般报告,长江证券,"周晶晶,徐一洲,宋筱筱",2021Q4,2651200.0,,1374800.0,1065900.0,1.17,,,7.7,,买入,,
601688.SH,华泰证券,20200331,华泰证券2019年报点评：投资业务表现靓丽，深化激励机制改革,点评,一般报告,长江证券,"周晶晶,徐一洲,宋筱筱",2020Q4,2460900.0,,1257400.0,974900.0,1.07,,,7.6,,买入,,
300482.SZ,万孚生物,20200331,万孚生物：19年报业绩表现亮眼，20Q1延续高增长,点评,一般报告,长江证券,"高岳,郑辰,李婵娟,芦湖",2022Q4,452000.0,296100.0,111500.0,87000.0,2.54,31.25,,21.0,22.7,买入,,
300482.SZ,万孚生物,20200331,万孚生物：19年报业绩表现亮眼，20Q1延续高增长,点评,一般报告,长江证券,"高岳,郑辰,李婵娟,芦湖",2021Q4,350400.0,229200.0,86800.0,67000.0,1.96,40.58,,20.0,30.24,买入,,
300482.SZ,万孚生物,20200331,万孚生物：19年报业绩表现亮眼，20Q1延续高增长,点评,一般报告,长江证券,"高岳,郑辰,李婵娟,芦湖",2020Q4,273800.0,179300.0,67300.0,51400.0,1.5,52.88,,20.0,39.88,买入,,
600309.SH,万华化学,20200331,万华化学：历经短期波动，无碍长期卓越,点评,一般报告,长江证券,"马太,施航",2022Q4,8865600.0,2474200.0,1787800.0,1477200.0,4.7,8.5,,16.0,6.87,买入,,
600309.SH,万华化学,20200331,万华化学：历经短期波动，无碍长期卓越,点评,一般报告,长江证券,"马太,施航",2021Q4,8420000.0,2160200.0,1493900.0,1234300.0,3.93,10.17,,17.0,8.02,买入,,
600309.SH,万华化学,20200331,万华化学：历经短期波动，无碍长期卓越,点评,一般报告,长江证券,"马太,施航",2020Q4,6385300.0,1532200.0,1028000.0,849400.0,2.71,14.79,,15.0,10.81,买入,,
002594.SZ,比亚迪,20200331,比亚迪业绩快报点评：底部已过，改善可期,点评,一般报告,长江证券,"高登,马军,邓晨亮,叶之楠",2021Q4,16011300.0,2529800.0,482200.0,329900.0,1.21,49.6,,5.3,25.37,买入,,
002594.SZ,比亚迪,20200331,比亚迪业绩快报点评：底部已过，改善可期,点评,一般报告,长江证券,"高登,马军,邓晨亮,叶之楠",2020Q4,15087500.0,2414000.0,391700.0,267900.0,0.98,61.06,,4.5,29.34,买入,,
603520.SH,司太立,20200331,司太立：19年业绩靓丽，高速增长有望延续,点评,一般报告,长江证券,"高岳,张泉",2022Q4,244600.0,109900.0,53900.0,42500.0,2.53,23.39,,19.0,19.37,买入,,
603520.SH,司太立,20200331,司太立：19年业绩靓丽，高速增长有望延续,点评,一般报告,长江证券,"高岳,张泉",2021Q4,199400.0,87700.0,42300.0,33600.0,2.0,29.6,,20.0,24.11,买入,,
603520.SH,司太立,20200331,司太立：19年业绩靓丽，高速增长有望延续,点评,一般报告,长江证券,"高岳,张泉",2020Q4,162200.0,69600.0,31400.0,25300.0,1.51,39.34,,19.0,31.04,买入,,
002594.SZ,比亚迪,20200331,比亚迪业绩快报点评：底部已过，改善可期,点评,一般报告,长江证券,"高登,马军,邓晨亮,叶之楠",2019Q4,12773900.0,2031000.0,235600.0,161200.0,0.59,101.5,,2.8,41.89,买入,,
600066.SH,宇通客车,20200331,宇通客车年报点评：业绩符合预期，分红比例大超预期,点评,一般报告,长江证券,"高登,高伊楠,邓晨亮",2022Q4,3429200.0,856300.0,270000.0,240500.0,1.09,12.02,,12.0,7.54,买入,,
600066.SH,宇通客车,20200331,宇通客车年报点评：业绩符合预期，分红比例大超预期,点评,一般报告,长江证券,"高登,高伊楠,邓晨亮",2020Q4,3060700.0,762100.0,225300.0,200600.0,0.91,14.4,,11.0,10.73,买入,,
600309.SH,万华化学,20200331,万华化学：业绩符合预期，看好长期成长,点评,一般报告,财通证券,"虞小波,张兴宇",2022Q4,10724300.0,,1778600.0,1778600.0,5.66,7.1,4.2,24.7,5.2,买入,,
600309.SH,万华化学,20200331,万华化学：业绩符合预期，看好长期成长,点评,一般报告,财通证券,"虞小波,张兴宇",2020Q4,7977500.0,,1096500.0,899700.0,2.87,14.0,2.1,18.5,9.1,买入,,
600066.SH,宇通客车,20200331,宇通客车年报点评：业绩符合预期，分红比例大超预期,点评,一般报告,长江证券,"高登,高伊楠,邓晨亮",2021Q4,3215300.0,793200.0,242700.0,216200.0,0.98,13.36,,11.0,9.27,买入,,
600309.SH,万华化学,20200331,万华化学：业绩符合预期，看好长期成长,点评,一般报告,财通证券,"虞小波,张兴宇",2021Q4,9664700.0,,1559600.0,1559600.0,4.97,8.1,3.7,26.1,5.1,买入,,
601966.SH,玲珑轮胎,20200331,玲珑轮胎：“5＋3”变“6＋6”，十年新征程开启,点评,一般报告,财通证券,"虞小波,张兴宇",2021Q4,2567900.0,,265200.0,236300.0,1.97,10.0,2.9,17.0,5.9,买入,,
601966.SH,玲珑轮胎,20200331,玲珑轮胎：“5＋3”变“6＋6”，十年新征程开启,点评,一般报告,财通证券,"虞小波,张兴宇",2020Q4,2221300.0,,236100.0,210400.0,1.75,11.2,2.6,17.3,7.1,买入,,
601966.SH,玲珑轮胎,20200331,玲珑轮胎：“5＋3”变“6＋6”，十年新征程开启,点评,一般报告,财通证券,"虞小波,张兴宇",2019Q4,1862300.0,,173000.0,154500.0,1.29,15.2,1.8,14.4,8.5,买入,,
002013.SZ,中航机电,20200331,中航机电：瘦身健体成效显著，盈利能力稳步提升,点评,一般报告,太平洋证券,"马捷,刘倩倩,马浩然",2020Q4,1329842.0,,161286.0,113021.0,0.31,23.02,,,,买入,,
002013.SZ,中航机电,20200331,中航机电：瘦身健体成效显著，盈利能力稳步提升,点评,一般报告,太平洋证券,"马捷,刘倩倩,马浩然",2022Q4,1670090.0,,214238.0,150127.0,0.42,17.33,,,,买入,,
002013.SZ,中航机电,20200331,中航机电：瘦身健体成效显著，盈利能力稳步提升,点评,一般报告,太平洋证券,"马捷,刘倩倩,马浩然",2021Q4,1491418.0,,188566.0,132137.0,0.37,19.69,,,,买入,,
600038.SH,中直股份,20200331,中直股份：新机型进入量产阶段，军民市场前景广阔,点评,一般报告,太平洋证券,"马捷,刘倩倩,马浩然",2022Q4,2607936.0,,140687.0,105508.0,1.79,23.24,,,,买入,,
600038.SH,中直股份,20200331,中直股份：新机型进入量产阶段，军民市场前景广阔,点评,一般报告,太平洋证券,"马捷,刘倩倩,马浩然",2021Q4,2245704.0,,124282.0,93205.0,1.58,26.3,,,,买入,,
600038.SH,中直股份,20200331,中直股份：新机型进入量产阶段，军民市场前景广阔,点评,一般报告,太平洋证券,"马捷,刘倩倩,马浩然",2020Q4,1894789.0,,106856.0,80137.0,1.36,30.59,,,,买入,,
002179.SZ,中航光电,20200331,中航光电：加大研发投入力度，股权激励彰显信心,点评,一般报告,太平洋证券,"马捷,刘倩倩,马浩然",2022Q4,1411424.0,,230217.0,183178.0,1.66,20.66,,,,买入,,
002179.SZ,中航光电,20200331,中航光电：加大研发投入力度，股权激励彰显信心,点评,一般报告,太平洋证券,"马捷,刘倩倩,马浩然",2020Q4,1111424.0,,164247.0,130687.0,1.19,28.95,,,,买入,,
002179.SZ,中航光电,20200331,中航光电：加大研发投入力度，股权激励彰显信心,点评,一般报告,太平洋证券,"马捷,刘倩倩,马浩然",2021Q4,1281249.0,,201488.0,160319.0,1.46,23.6,,,,买入,,
300699.SZ,光威复材,20200331,光威复材公司动态点评：19年业绩符合预期，现金流大增＋减值损失减少，2020年业绩有望继续向好,点评,一般报告,长城证券,"沈繁呈,张玉龙",2022Q4,309665.0,,105994.0,92500.0,1.79,27.86,,17.4,20.67,强烈推荐,,
300699.SZ,光威复材,20200331,光威复材公司动态点评：19年业绩符合预期，现金流大增＋减值损失减少，2020年业绩有望继续向好,点评,一般报告,长城证券,"沈繁呈,张玉龙",2020Q4,208298.0,,71861.0,63500.0,1.23,40.59,,17.5,32.03,强烈推荐,,
300699.SZ,光威复材,20200331,光威复材公司动态点评：19年业绩符合预期，现金流大增＋减值损失减少，2020年业绩有望继续向好,点评,一般报告,长城证券,"沈繁呈,张玉龙",2021Q4,255545.0,,87619.0,76900.0,1.48,33.53,,17.5,25.28,强烈推荐,,
002078.SZ,太阳纸业,20200331,太阳纸业公司深度报告：林纸一体多元布局，穿越周期旭日始旦,深度,首次评级,长城证券,"张潇,林彦宏,邹文婕",2021Q4,2857958.0,,63879.0,299400.0,1.16,7.78,,15.3,3.63,推荐,,
002078.SZ,太阳纸业,20200331,太阳纸业公司深度报告：林纸一体多元布局，穿越周期旭日始旦,深度,首次评级,长城证券,"张潇,林彦宏,邹文婕",2020Q4,2468226.0,,54626.0,256100.0,0.99,9.1,,15.2,6.13,推荐,,
002078.SZ,太阳纸业,20200331,太阳纸业公司深度报告：林纸一体多元布局，穿越周期旭日始旦,深度,首次评级,长城证券,"张潇,林彦宏,邹文婕",2019Q4,2266090.0,,46645.0,218600.0,0.84,10.66,,15.0,6.31,推荐,,
000100.SZ,TCL科技,20200331,TCL科技2019年年报点评：行业周期低谷凸显经营效率，逆势扩张蓄力新一轮成长,点评,一般报告,国信证券,"欧阳仕华,高峰",2022Q4,9700000.0,,679400.0,504200.0,0.37,11.5,8.7,16.7,14.1,买入,,
000100.SZ,TCL科技,20200331,TCL科技2019年年报点评：行业周期低谷凸显经营效率，逆势扩张蓄力新一轮成长,点评,一般报告,国信证券,"欧阳仕华,高峰",2020Q4,6384000.0,,353000.0,262000.0,0.19,22.1,4.5,8.7,27.6,买入,,
000100.SZ,TCL科技,20200331,TCL科技2019年年报点评：行业周期低谷凸显经营效率，逆势扩张蓄力新一轮成长,点评,一般报告,国信证券,"欧阳仕华,高峰",2021Q4,8333200.0,,496800.0,368700.0,0.27,15.7,6.4,12.2,19.0,买入,,
600115.SH,东方航空,20200331,东方航空：2019年归母净利润增长18％，估值已较低,点评,首次关注,财信证券,黄红卫,2022Q4,14226300.0,,,709800.0,0.43,9.53,,,,谨慎推荐,,
600115.SH,东方航空,20200331,东方航空：2019年归母净利润增长18％，估值已较低,点评,首次关注,财信证券,黄红卫,2021Q4,13111800.0,,,654300.0,0.4,10.34,,,,谨慎推荐,,
600115.SH,东方航空,20200331,东方航空：2019年归母净利润增长18％，估值已较低,点评,首次关注,财信证券,黄红卫,2020Q4,9971000.0,,,-198200.0,-0.12,,,,,谨慎推荐,,
600115.SH,东方航空,20200331,东方航空：2019年归母净利润增长18％，估值已较低,点评,首次关注,财信证券,黄红卫,2019Q4,12086000.0,,,319500.0,0.2,21.17,,,,谨慎推荐,,
002402.SZ,和而泰,20200331,美军再派电子侦察机入南海东海黄海海域飞行，军工行业进入年报集中发布期——国防军工周报,非个股,一般报告,长城证券,"沈繁呈,胡浩淼",2019Q4,,,,30165.133,0.33,,,,,无,,
002402.SZ,和而泰,20200331,美军再派电子侦察机入南海东海黄海海域飞行，军工行业进入年报集中发布期——国防军工周报,非个股,一般报告,长城证券,"沈繁呈,胡浩淼",2020Q4,,,,42962.462,0.47,,,,,无,,
601398.SH,工商银行,20200331,工商银行：稳定基本面领导市场,点评,首份报告,农银证券,欧宇恒,2021Q4,,,42717100.0,34041100.0,0.955,5.54,5.58,11.23,,买入,,7.46
601398.SH,工商银行,20200331,工商银行：稳定基本面领导市场,点评,首份报告,农银证券,欧宇恒,2020Q4,,,41131200.0,32782200.0,0.92,5.75,5.37,11.73,,买入,,7.46
601238.SH,广汽集团,20200331,广汽集团2019年年报点评：自主不惧短期压力，日系保持高增长,点评,首次关注,申港证券,"曹旭特,王敬",2022Q4,7743572.0,,1375521.0,1265684.0,1.24,8.53,,13.0,4.54,买入,,
601238.SH,广汽集团,20200331,广汽集团2019年年报点评：自主不惧短期压力，日系保持高增长,点评,首次关注,申港证券,"曹旭特,王敬",2021Q4,7165330.0,,1254562.0,1153606.0,1.13,9.36,,12.67,5.14,买入,,
601238.SH,广汽集团,20200331,广汽集团2019年年报点评：自主不惧短期压力，日系保持高增长,点评,首次关注,申港证券,"曹旭特,王敬",2020Q4,6573698.0,,1113839.0,1022975.0,1.0,10.56,,11.95,3.49,买入,,
601238.SH,广汽集团,20200331,广汽集团2019年年报点评：自主不惧短期压力，日系保持高增长,点评,首次关注,申港证券,"曹旭特,王敬",2019Q4,5970432.0,,629396.0,661754.0,0.65,16.23,,8.26,4.62,买入,,
000951.SZ,中国重汽,20200331,中国重汽：Q4业绩超预期，改革成效有望持续显现,点评,一般报告,太平洋证券,"白宇,赵水平",2021Q4,4148300.0,,256700.0,149600.0,2.23,9.08,,15.3,4.73,买入,,
000951.SZ,中国重汽,20200331,中国重汽：Q4业绩超预期，改革成效有望持续显现,点评,一般报告,太平洋证券,"白宇,赵水平",2020Q4,4132800.0,,244900.0,142200.0,2.12,9.55,,16.55,8.03,买入,,
000951.SZ,中国重汽,20200331,中国重汽：Q4业绩超预期，改革成效有望持续显现,点评,一般报告,太平洋证券,"白宇,赵水平",2019Q4,3984300.0,,206600.0,122300.0,1.82,11.1,,17.5,5.56,买入,,
603986.SH,兆易创新,20200331,兆易创新2019年报点评：经营业绩贴近预告上限，多产品线齐头并进,一般,一般报告,国泰君安,"王聪,张天闻",2022Q4,821000.0,,,187500.0,5.84,42.82,0.0,19.2,39.7,增持,,321.0
603986.SH,兆易创新,20200331,兆易创新2019年报点评：经营业绩贴近预告上限，多产品线齐头并进,一般,一般报告,国泰君安,"王聪,张天闻",2021Q4,653400.0,,,149400.0,4.65,53.73,0.0,18.9,50.39,增持,,321.0
603986.SH,兆易创新,20200331,兆易创新2019年报点评：经营业绩贴近预告上限，多产品线齐头并进,一般,一般报告,国泰君安,"王聪,张天闻",2020Q4,505700.0,,,127000.0,3.96,63.22,0.0,19.8,58.45,增持,,321.0
603986.SH,兆易创新,20200331,兆易创新2019年报点评：经营业绩贴近预告上限，多产品线齐头并进,一般,一般报告,国泰君安,"王聪,张天闻",2020Q3,,,,,2.74,,,,,增持,,321.0
603986.SH,兆易创新,20200331,兆易创新2019年报点评：经营业绩贴近预告上限，多产品线齐头并进,一般,一般报告,国泰君安,"王聪,张天闻",2020Q2,,,,,1.38,,,,,增持,,321.0
603986.SH,兆易创新,20200331,兆易创新2019年报点评：经营业绩贴近预告上限，多产品线齐头并进,一般,一般报告,国泰君安,"王聪,张天闻",2020Q1,,,,,0.61,,,,,增持,,321.0
300003.SZ,乐普医疗,20200331,乐普医疗2019年报点评：业绩快速增长，疫情影响一季报预期,点评,首份报告,中航证券,沈文文,2022Q4,1236317.0,,421466.0,347499.0,1.95,,,,,买入,,
300003.SZ,乐普医疗,20200331,乐普医疗2019年报点评：业绩快速增长，疫情影响一季报预期,点评,首份报告,中航证券,沈文文,2021Q4,1050945.0,,345316.0,284713.0,1.6,,,,,买入,,
300003.SZ,乐普医疗,20200331,乐普医疗2019年报点评：业绩快速增长，疫情影响一季报预期,点评,首份报告,中航证券,沈文文,2020Q4,893709.0,,266256.0,219528.0,1.23,,,,,买入,,
002595.SZ,豪迈科技,20200331,豪迈科技2019年报点评：新冠疫情影响有限，模具龙头抵御风险,点评,一般报告,国泰君安,"李煜,黄琨",2022Q4,579300.0,,,110300.0,1.38,12.48,2.2,13.9,8.09,增持,,20.7
000951.SZ,中国重汽,20200331,中国重汽：Q4业绩超预期，改革成效有望持续显现,点评,一般报告,太平洋证券,"白宇,赵水平",2022Q4,4044600.0,,245800.0,143800.0,2.14,9.44,,13.1,4.82,买入,,
002595.SZ,豪迈科技,20200331,豪迈科技2019年报点评：新冠疫情影响有限，模具龙头抵御风险,点评,一般报告,国泰君安,"李煜,黄琨",2021Q4,529800.0,,,100800.0,1.26,13.65,2.2,14.8,9.38,增持,,20.7
002595.SZ,豪迈科技,20200331,豪迈科技2019年报点评：新冠疫情影响有限，模具龙头抵御风险,点评,一般报告,国泰君安,"李煜,黄琨",2020Q4,485300.0,,,91700.0,1.15,15.0,2.2,15.8,10.81,增持,,20.7
002595.SZ,豪迈科技,20200331,豪迈科技2019年报点评：新冠疫情影响有限，模具龙头抵御风险,点评,一般报告,国泰君安,"李煜,黄琨",2020Q1,,,,,0.19,,,,,增持,,20.7
002595.SZ,豪迈科技,20200331,豪迈科技2019年报点评：新冠疫情影响有限，模具龙头抵御风险,点评,一般报告,国泰君安,"李煜,黄琨",2020Q2,,,,,0.47,,,,,增持,,20.7
002595.SZ,豪迈科技,20200331,豪迈科技2019年报点评：新冠疫情影响有限，模具龙头抵御风险,点评,一般报告,国泰君安,"李煜,黄琨",2020Q3,,,,,0.83,,,,,增持,,20.7
000157.SZ,中联重科,20200331,中联重科：经营质量优异，经营性现金流创新高,点评,首份报告,申港证券,夏纾雨,2022Q4,6981262.0,,1008800.0,876627.0,1.11,5.11,,16.57,4.58,买入,,
000157.SZ,中联重科,20200331,中联重科：经营质量优异，经营性现金流创新高,点评,首份报告,申港证券,夏纾雨,2021Q4,6048770.0,,807200.0,701281.0,0.89,6.39,,14.6,5.61,买入,,
000157.SZ,中联重科,20200331,中联重科：经营质量优异，经营性现金流创新高,点评,首份报告,申港证券,夏纾雨,2020Q4,5192414.0,,625000.0,543186.0,0.69,8.25,,12.32,6.26,买入,,
000031.SZ,大悦城,20200331,大悦城公司动态点评：业绩稳增、拿地积极、双核协同可期,点评,一般报告,长城证券,陈智旭,2022Q4,6104800.0,,1017700.0,424500.0,0.99,5.4,,8.6,,推荐,,
000031.SZ,大悦城,20200331,大悦城公司动态点评：业绩稳增、拿地积极、双核协同可期,点评,一般报告,长城证券,陈智旭,2021Q4,5045300.0,,864600.0,347100.0,0.81,6.6,,8.8,,推荐,,
000031.SZ,大悦城,20200331,大悦城公司动态点评：业绩稳增、拿地积极、双核协同可期,点评,一般报告,长城证券,陈智旭,2020Q4,4138900.0,,730300.0,286600.0,0.67,8.0,,9.1,,推荐,,
002594.SZ,比亚迪,20200331,比亚迪：补贴退坡影响短期业绩，新能源龙头优势再加强,点评,一般报告,太平洋证券,"白宇,赵水平",2021Q4,14195300.0,,215200.0,145600.0,0.53,112.34,,2.61,30.7,买入,,
002594.SZ,比亚迪,20200331,比亚迪：补贴退坡影响短期业绩，新能源龙头优势再加强,点评,一般报告,太平洋证券,"白宇,赵水平",2019Q4,12774000.0,,227500.0,161200.0,0.59,101.5,,3.01,21.98,买入,,
300097.SZ,智云股份,20200331,智云股份：收购九天自动化，深耕OLED模组设备,点评,首份报告,太平洋证券,"刘国清,曾博文",2020Q4,90788.0,,24276.0,20019.0,0.69,16.86,,13.39,13.09,买入,,
002459.SZ,晶澳科技,20200331,晶澳科技年报点评：组件出货全球第二，业绩增长亮眼,点评,首份报告,太平洋证券,"张文臣,刘晶敏,周涛",2022Q4,3329900.0,,275200.0,213600.0,1.59,8.2,,16.26,4.49,买入,,
002459.SZ,晶澳科技,20200331,晶澳科技年报点评：组件出货全球第二，业绩增长亮眼,点评,首份报告,太平洋证券,"张文臣,刘晶敏,周涛",2020Q4,2166400.0,,173500.0,135200.0,1.01,12.96,,14.48,8.07,买入,,
000157.SZ,中联重科,20200331,中联重科2019年年报点评：归母净利润实现翻番增长，2019年经营质量达到历史最好水平,点评,一般报告,东莞证券,"卢立亭,张豪杰",2022Q4,5652300.0,,725000.0,628600.0,0.8,7.13,,,,推荐,,
000157.SZ,中联重科,20200331,中联重科2019年年报点评：归母净利润实现翻番增长，2019年经营质量达到历史最好水平,点评,一般报告,东莞证券,"卢立亭,张豪杰",2021Q4,5383100.0,,690600.0,598700.0,0.76,7.48,,,,推荐,,
002594.SZ,比亚迪,20200331,比亚迪：补贴退坡影响短期业绩，新能源龙头优势再加强,点评,一般报告,太平洋证券,"白宇,赵水平",2020Q4,13063900.0,,182500.0,125600.0,0.46,130.22,,2.3,35.67,买入,,
300097.SZ,智云股份,20200331,智云股份：收购九天自动化，深耕OLED模组设备,点评,首份报告,太平洋证券,"刘国清,曾博文",2021Q4,136182.0,,36692.0,30381.0,1.05,11.11,,16.84,9.16,买入,,
300097.SZ,智云股份,20200331,智云股份：收购九天自动化，深耕OLED模组设备,点评,首份报告,太平洋证券,"刘国清,曾博文",2019Q4,30263.0,,-67233.0,-65396.0,-2.27,,,-49.56,-5.57,买入,,
002459.SZ,晶澳科技,20200331,晶澳科技年报点评：组件出货全球第二，业绩增长亮眼,点评,首份报告,太平洋证券,"张文臣,刘晶敏,周涛",2021Q4,2587600.0,,214400.0,165700.0,1.24,10.57,,15.07,4.71,买入,,
000157.SZ,中联重科,20200331,中联重科2019年年报点评：归母净利润实现翻番增长，2019年经营质量达到历史最好水平,点评,一般报告,东莞证券,"卢立亭,张豪杰",2020Q4,4893700.0,,628400.0,544900.0,0.69,8.22,,,,推荐,,
000951.SZ,中国重汽,20200331,中国重汽：盈利大幅改善，持续受益于工程车回暖,点评,一般报告,华西证券,"崔琰,刘静远",2021Q4,4394800.0,,258200.0,152900.0,2.28,8.88,,16.6,,增持,,24.02
000951.SZ,中国重汽,20200331,中国重汽：盈利大幅改善，持续受益于工程车回暖,点评,一般报告,华西证券,"崔琰,刘静远",2020Q4,4179100.0,,237300.0,140500.0,2.09,9.67,,17.4,,增持,,24.02
000951.SZ,中国重汽,20200331,中国重汽：盈利大幅改善，持续受益于工程车回暖,点评,一般报告,华西证券,"崔琰,刘静远",2019Q4,3984300.0,,206600.0,122300.0,1.82,11.1,,17.5,,增持,,24.02
000951.SZ,中国重汽,20200331,中国重汽：盈利大幅改善，持续受益于工程车回暖,点评,一般报告,华西证券,"崔琰,刘静远",2022Q4,4611400.0,,278500.0,164900.0,2.46,8.23,,15.8,,增持,,24.02
600583.SH,海油工程,20200331,海油工程：海工总包龙头，充裕订单保障业绩高增长,一般,首次评级,西南证券,倪正洋,2022Q4,3119515.0,,374352.0,207885.0,0.47,10.4,8.89,8.96,1.15,持有,,
600583.SH,海油工程,20200331,海油工程：海工总包龙头，充裕订单保障业绩高增长,一般,首次评级,西南证券,倪正洋,2021Q4,2582323.0,,209228.0,125131.0,0.28,17.28,4.46,5.43,2.08,持有,,
600583.SH,海油工程,20200331,海油工程：海工总包龙头，充裕订单保障业绩高增长,一般,首次评级,西南证券,倪正洋,2020Q4,2066788.0,,98158.0,62825.0,0.14,34.41,0.2,2.76,4.51,持有,,
601390.SH,中国中铁,20200331,中国中铁：经营现金流大幅改善，基建龙头再腾飞,点评,首份报告,银河证券,"龙天光,宋宾煌",2022Q4,107850300.0,,,2941150.0,1.2,4.51,,10.3,,推荐,,
601390.SH,中国中铁,20200331,中国中铁：经营现金流大幅改善，基建龙头再腾飞,点评,首份报告,银河证券,"龙天光,宋宾煌",2021Q4,97930000.0,,,2668920.0,1.1,4.97,,10.0,,推荐,,
601390.SH,中国中铁,20200331,中国中铁：经营现金流大幅改善，基建龙头再腾飞,点评,首份报告,银河证券,"龙天光,宋宾煌",2020Q4,88416400.0,,,2417720.0,1.0,5.49,,10.2,,推荐,,
300759.SZ,康龙化成,20200331,康龙化成2019年报点评：业绩增长超预期，看好后端业务潜力释放,点评,一般报告,万联证券,"姚文,王政眸",2022Q4,790000.0,,176200.0,152500.0,1.92,30.92,,13.5,17.45,买入,,
300759.SZ,康龙化成,20200331,康龙化成2019年报点评：业绩增长超预期，看好后端业务潜力释放,点评,一般报告,万联证券,"姚文,王政眸",2020Q4,491800.0,,98700.0,85400.0,1.07,55.2,,9.9,24.74,买入,,
603027.SH,千禾味业,20200331,千禾味业深度报告：培育零添加高端市场，线上渠道将成为优势,深度,首份报告,渤海证券,刘瑀,2021Q4,208100.0,,49100.0,41300.0,0.89,24.0,,17.2,18.37,增持,,
603027.SH,千禾味业,20200331,千禾味业深度报告：培育零添加高端市场，线上渠道将成为优势,深度,首份报告,渤海证券,刘瑀,2020Q4,165100.0,,37000.0,31100.0,0.67,31.87,,15.6,24.05,增持,,
603027.SH,千禾味业,20200331,千禾味业深度报告：培育零添加高端市场，线上渠道将成为优势,深度,首份报告,渤海证券,刘瑀,2019Q4,132100.0,,27300.0,22900.0,0.49,43.23,,13.7,30.17,增持,,
002925.SZ,盈趣科技,20200331,盈趣科技：创新消费电子拉动业绩高速增长，疫情不改长期增长空间,点评,一般报告,天风证券,"吴立,潘暕,蒋梦晗",2021Q4,544515.0,,165097.0,143593.0,3.13,14.03,,23.57,10.05,买入,,
300759.SZ,康龙化成,20200331,康龙化成2019年报点评：业绩增长超预期，看好后端业务潜力释放,点评,一般报告,万联证券,"姚文,王政眸",2021Q4,621900.0,,130900.0,113200.0,1.43,41.62,,11.6,21.08,买入,,
002925.SZ,盈趣科技,20200331,盈趣科技：创新消费电子拉动业绩高速增长，疫情不改长期增长空间,点评,一般报告,天风证券,"吴立,潘暕,蒋梦晗",2022Q4,696484.0,,211463.0,183249.0,4.0,11.0,,24.25,7.03,买入,,
002925.SZ,盈趣科技,20200331,盈趣科技：创新消费电子拉动业绩高速增长，疫情不改长期增长空间,点评,一般报告,天风证券,"吴立,潘暕,蒋梦晗",2020Q4,428223.0,,124687.0,107964.0,2.36,18.66,,21.27,13.58,买入,,
300699.SZ,光威复材,20200331,光威复材点评报告：主营业务高速增长，募投项目年底有望投产,点评,一般报告,万联证券,"陈雯,黄侃",2022Q4,325000.0,,132800.0,117300.0,2.26,21.98,,19.5,23.48,增持,,
300699.SZ,光威复材,20200331,光威复材点评报告：主营业务高速增长，募投项目年底有望投产,点评,一般报告,万联证券,"陈雯,黄侃",2021Q4,259100.0,,100000.0,87900.0,1.7,29.32,,18.2,31.52,增持,,
300699.SZ,光威复材,20200331,光威复材点评报告：主营业务高速增长，募投项目年底有望投产,点评,一般报告,万联证券,"陈雯,黄侃",2020Q4,199900.0,,80300.0,71500.0,1.38,36.08,,18.0,39.38,增持,,
300725.SZ,药石科技,20200331,药石科技：产品收入持续快增长，成长趋势不变,点评,一般报告,西南证券,"朱国广,陈进",2022Q4,150959.0,,35797.0,32185.0,2.22,32.62,0.0,21.09,26.03,买入,,
300725.SZ,药石科技,20200331,药石科技：产品收入持续快增长，成长趋势不变,点评,一般报告,西南证券,"朱国广,陈进",2021Q4,116578.0,,28174.0,25459.0,1.76,41.23,0.0,21.03,33.84,买入,,
300725.SZ,药石科技,20200331,药石科技：产品收入持续快增长，成长趋势不变,点评,一般报告,西南证券,"朱国广,陈进",2020Q4,89407.0,,21637.0,19891.0,1.37,52.77,0.0,20.45,45.25,买入,,
000951.SZ,中国重汽,20200331,中国重汽：业绩高速增长，内部改革见成效,点评,一般报告,西南证券,宋伟健,2022Q4,4125289.0,,227668.0,134258.0,2.0,10.11,0.0,13.4,0.0,买入,,
000951.SZ,中国重汽,20200331,中国重汽：业绩高速增长，内部改革见成效,点评,一般报告,西南证券,宋伟健,2020Q4,4138338.0,,222587.0,130892.0,1.95,10.37,0.0,17.83,1.42,买入,,
000951.SZ,中国重汽,20200331,中国重汽：业绩高速增长，内部改革见成效,点评,一般报告,西南证券,宋伟健,2019Q4,3984282.0,,206647.0,122339.0,1.82,11.1,0.0,20.23,5.59,买入,,
000951.SZ,中国重汽,20200331,中国重汽：业绩高速增长，内部改革见成效,点评,一般报告,西南证券,宋伟健,2021Q4,4138951.0,,227037.0,133735.0,1.99,10.15,0.0,15.41,0.73,买入,,
002023.SZ,海特高新,20200331,海特高新2019年报点评：营收显著增长，微电子业务未来可期,点评,一般报告,中航证券,"张超,薄晓旭",2022Q4,146012.27,,21271.0,25298.0,0.33,41.19,6.7,5.78,19.959,持有,,
300414.SZ,中光防雷,20200331,中光防雷2019年报点评：扣非后归母净利润增长30％,点评,首份报告,中航证券,"张超,梁晨,刘琛",2021Q4,52525.0,,7326.0,6834.0,0.21,57.02,,,,持有,,
300414.SZ,中光防雷,20200331,中光防雷2019年报点评：扣非后归母净利润增长30％,点评,首份报告,中航证券,"张超,梁晨,刘琛",2020Q4,44866.0,,5859.0,5543.0,0.171,70.3,,,,持有,,
002023.SZ,海特高新,20200331,海特高新2019年报点评：营收显著增长，微电子业务未来可期,点评,一般报告,中航证券,"张超,薄晓旭",2021Q4,115042.33,,15858.0,19055.0,0.25,54.69,3.9,3.71,22.335,持有,,
002023.SZ,海特高新,20200331,海特高新2019年报点评：营收显著增长，微电子业务未来可期,点评,一般报告,中航证券,"张超,薄晓旭",2020Q4,84041.16,,9004.0,11202.0,0.15,93.03,2.7,1.97,26.641,持有,,
300414.SZ,中光防雷,20200331,中光防雷2019年报点评：扣非后归母净利润增长30％,点评,首份报告,中航证券,"张超,梁晨,刘琛",2022Q4,64315.0,,9624.0,8953.0,0.276,43.52,,,,持有,,
600309.SH,万华化学,20200331,万华化学：周期逆风无碍长期成长，行业龙头地位稳固,一般,一般报告,广发证券,"郭敏,吴鑫然,何雄",2022Q4,10888200.0,,1947300.0,1602700.0,5.1,8.08,,19.8,4.99,买入,,52.05
600309.SH,万华化学,20200331,万华化学：周期逆风无碍长期成长，行业龙头地位稳固,一般,一般报告,广发证券,"郭敏,吴鑫然,何雄",2021Q4,10057800.0,,1738200.0,1430500.0,4.56,9.05,,21.0,5.97,买入,,52.05
600309.SH,万华化学,20200331,万华化学：周期逆风无碍长期成长，行业龙头地位稳固,一般,一般报告,广发证券,"郭敏,吴鑫然,何雄",2020Q4,7586000.0,,1323900.0,1089600.0,3.47,11.89,,19.6,8.2,买入,,52.05
600011.SH,华能国际,20200331,华能国际：资产减值影响业绩，清洁能源占比有望持续提升——2019年年报点评,点评,一般报告,新时代证券,邱懿峰,2022Q4,17228800.0,,1702400.0,676000.0,0.43,10.4,,6.9,6.9,推荐,,
600011.SH,华能国际,20200331,华能国际：资产减值影响业绩，清洁能源占比有望持续提升——2019年年报点评,点评,一般报告,新时代证券,邱懿峰,2021Q4,17161100.0,,1567400.0,661500.0,0.42,10.6,,7.2,7.7,推荐,,
600011.SH,华能国际,20200331,华能国际：资产减值影响业绩，清洁能源占比有望持续提升——2019年年报点评,点评,一般报告,新时代证券,邱懿峰,2020Q4,16637200.0,,1354300.0,567200.0,0.36,12.4,,6.5,8.3,推荐,,
600011.SH,华能国际,20200331,华能国际：资产减值影响业绩，清洁能源占比有望持续提升——2019年年报点评,点评,一般报告,新时代证券,邱懿峰,2019Q4,17348500.0,,481300.0,168600.0,0.11,41.6,,2.0,9.3,推荐,,
601688.SH,华泰证券,20200331,华泰证券2019年业绩点评：数字化转型一马当先，大自营业务贡献业绩弹性,一般,一般报告,长城证券,"刘文强,张永",2022Q4,3565963.0,,,1419393.0,1.56,11.02,,8.86,,推荐,,
601688.SH,华泰证券,20200331,华泰证券2019年业绩点评：数字化转型一马当先，大自营业务贡献业绩弹性,一般,一般报告,长城证券,"刘文强,张永",2021Q4,3149499.0,,,1225257.0,1.35,12.76,,8.4,,推荐,,
601688.SH,华泰证券,20200331,华泰证券2019年业绩点评：数字化转型一马当先，大自营业务贡献业绩弹性,一般,一般报告,长城证券,"刘文强,张永",2020Q4,2804319.0,,,1072289.0,1.18,14.58,,8.04,,推荐,,
300759.SZ,康龙化成,20200331,康龙化成：扣非业绩加速增长，龙头市占率持续提升,点评,首份报告,广发证券,"罗佳荣,孙辰阳",2022Q4,842400.0,,154500.0,133600.0,1.68,35.27,,12.3,19.4,买入,,67.2
300759.SZ,康龙化成,20200331,康龙化成：扣非业绩加速增长，龙头市占率持续提升,点评,首份报告,广发证券,"罗佳荣,孙辰阳",2020Q4,490800.0,,88400.0,76500.0,0.96,61.6,,9.0,33.08,买入,,67.2
600029.SH,南方航空,20200331,南方航空2019年年报点评：估值充分释放风险，最坏时刻已过,点评,一般报告,中信证券,"刘正,扈世民,汤学章",2021Q4,17269400.0,,1105900.0,717500.0,0.58,8.9,,10.34,,买入,,
600029.SH,南方航空,20200331,南方航空2019年年报点评：估值充分释放风险，最坏时刻已过,点评,一般报告,中信证券,"刘正,扈世民,汤学章",2020Q4,13927100.0,,-197800.0,-128300.0,-0.1046,-49.6,,-2.07,,买入,,
300759.SZ,康龙化成,20200331,康龙化成：扣非业绩加速增长，龙头市占率持续提升,点评,首份报告,广发证券,"罗佳荣,孙辰阳",2021Q4,642400.0,,115600.0,100000.0,1.26,47.13,,10.5,25.53,买入,,67.2
600029.SH,南方航空,20200331,南方航空2019年年报点评：估值充分释放风险，最坏时刻已过,点评,一般报告,中信证券,"刘正,扈世民,汤学章",2022Q4,18789100.0,,1245100.0,807700.0,0.66,7.9,,10.64,,买入,,
002352.SZ,顺丰控股,20200331,来日方长，防守为上——兼论20年4月十大关注标的,非个股,一般报告,东方证券,无,2020Q4,,,,635660.772,1.44,,,,,无,,
300034.SZ,钢研高纳,20200331,来日方长，防守为上——兼论20年4月十大关注标的,非个股,一般报告,东方证券,无,2020Q4,,,,21592.07,0.46,,,,,无,,
300383.SZ,光环新网,20200331,5G红利渐进，把握低估值高确定性细分板块龙头：通信行业2019年回顾及2020Q1前瞻,非个股,一般报告,中信证券,"顾海波,丁奇",2019Q4,,,,81745.36,0.53,,,,,无,,
603214.SH,爱婴室,20200331,四月金股汇：指数判断中性，关注内需扩张——月度金股策略报告,非个股,一般报告,东兴证券,无,2020Q4,284100.0,,,18000.0,1.76,,,,,推荐,,
300438.SZ,鹏辉能源,20200331,电气设备行业：政策序幕拉开，第二次上车机会,非个股,一般报告,新时代证券,"开文明,王琎",2020Q4,,,,39642.414,1.41,,,,,推荐,,
001914.SZ,招商积余,20200331,市场处于震荡筑底过程中，寻求安全边际和确定性——2020年4月份策略月度报告,非个股,一般报告,银河证券,潘玮,2019Q4,697900.0,,,28629.344,0.27,,,,,推荐,,
600050.SH,中国联通,20200331,中移动5G基站集采结果出炉，整体符合预期——中移动2020年5G无线主设备集采结果点评,非个股,一般报告,光大证券,"石崎良,刘凯",2020Q4,,,,589484.646,0.19,,,,,买入,,
300699.SZ,光威复材,20200331,Weihai_Guangwei：Earnings_review：In_line_FY19_results；1Q_guidance_suggests_positive_growth；pending_disclosure_of_annual_defense_order；maintain_Neu,点评,首份报告,高华证券,朱金巧,2022Q4,313940.0,,126250.0,109210.0,2.11,,2.1,25.3,19.9,Neutral,,46.6
688005.SH,容百科技,20200331,电气设备行业：政策序幕拉开，第二次上车机会,非个股,一般报告,新时代证券,"开文明,王琎",2019Q4,,,,9309.0,0.21,,,,,推荐,,
002007.SZ,华兰生物,20200331,市场处于震荡筑底过程中，寻求安全边际和确定性——2020年4月份策略月度报告,非个股,一般报告,银河证券,无,2020Q4,,,,168367.082,1.2,,,,,无,,
002511.SZ,中顺洁柔,20200331,纸价短期调整，静待需求复苏——造纸行业周报,非个股,一般报告,光大证券,黎泉宏,2020Q4,,,,68062.346,0.52,,,,,增持,,
002515.SZ,金字火腿,20200331,核心布局白酒好时机，继续大力推荐非酒食品“四小龙”——食品饮料周报2020第5期,非个股,一般报告,长城证券,"刘鹏,黄瑞云,苏剑晓",2020Q4,,,,14674.699,0.15,,,,,无,,
603605.SH,珀莱雅,20200331,通缩对抗升级，把握内需基本盘——4月策略观点及金股组合,非个股,一般报告,华创证券,无,2021Q4,,,,59374.52,2.95,,,,,无,,
603214.SH,爱婴室,20200331,四月金股汇：指数判断中性，关注内需扩张——月度金股策略报告,非个股,一般报告,东兴证券,无,2022Q4,392000.0,,,27300.0,2.68,,,,,推荐,,
603236.SH,移远通信,20200331,5G红利渐进，把握低估值高确定性细分板块龙头：通信行业2019年回顾及2020Q1前瞻,非个股,一般报告,中信证券,"顾海波,丁奇",2020Q1,117000.0,,,8000.0,0.897,,,,,无,,
300699.SZ,光威复材,20200331,Weihai_Guangwei：Earnings_review：In_line_FY19_results；1Q_guidance_suggests_positive_growth；pending_disclosure_of_annual_defense_order；maintain_Neu,点评,首份报告,高华证券,朱金巧,2020Q1,,,,,0.37,,,,,Neutral,,46.6
300568.SZ,星源材质,20200331,电气设备行业：政策序幕拉开，第二次上车机会,非个股,一般报告,新时代证券,"开文明,王琎",2020Q4,,,,25730.874,1.04,,,,,推荐,,
601088.SH,中国神华,20200331,市场处于震荡筑底过程中，寻求安全边际和确定性——2020年4月份策略月度报告,非个股,一般报告,银河证券,潘玮,2021Q4,23366000.0,,,4335937.259,2.18,,,,,推荐,,
601139.SH,深圳燃气,20200331,兴证策略＆多行业——2020年4月金股组合,非个股,一般报告,兴业证券,蔡屹,2021Q4,,,,146715.145,0.51,,,,,无,,
300572.SZ,安车检测,20200331,检测认证服务行业专题（五）：食品、环境检测——政策驱动，掘金美丽中国,非个股,一般报告,广发证券,"罗立波,代川,孙柏阳",2021Q4,,,,43377.417,2.24,,,25.8,,买入,,
601088.SH,中国神华,20200331,市场处于震荡筑底过程中，寻求安全边际和确定性——2020年4月份策略月度报告,非个股,一般报告,银河证券,潘玮,2020Q4,22915000.0,,,4296158.018,2.16,,,,,推荐,,
603236.SH,移远通信,20200331,5G红利渐进，把握低估值高确定性细分板块龙头：通信行业2019年回顾及2020Q1前瞻,非个股,一般报告,中信证券,"顾海波,丁奇",2021Q4,,,,54488.98,6.11,,,,,无,,
600309.SH,万华化学,20200331,Wanhua_Chemical_Group：Earnings_review：In_line_FY19_results，seeking_new_growth_drivers，Neutral,点评,一般报告,高华证券,朱金巧,2021Q4,8653180.0,,1928410.0,1475360.0,4.7,,4.7,28.7,6.1,Neutral,,48.0
000157.SZ,中联重科,20200331,Zoomlion_Heavy_Industry－A：Dividend_cut_a_surprise；Positive_on_the_recovery_story,点评,一般报告,招银国际,冯键嵘,2021Q4,5358500.0,1600000.0,747500.0,561000.0,0.71,,3.0,11.9,6.7,BUY,,6.85
300308.SZ,中际旭创,20200331,5G红利渐进，把握低估值高确定性细分板块龙头：通信行业2019年回顾及2020Q1前瞻,非个股,一般报告,中信证券,"顾海波,丁奇",2020Q4,575000.0,,,93000.0,1.3,,,,,无,,
600900.SH,长江电力,20200331,来日方长，防守为上——兼论20年4月十大关注标的,非个股,一般报告,东方证券,无,2019Q4,,,,2156000.0,0.98,,,,,无,,
688015.SH,交控科技,20200331,机械设备行业：轨交设备行业专题报告：拥抱城轨新基建，行业驶入快车道,非个股,一般报告,东莞证券,"卢立亭,张豪杰",2019Q4,,,,14880.0,0.93,,,,,推荐,,
300438.SZ,鹏辉能源,20200331,电气设备行业：政策序幕拉开，第二次上车机会,非个股,一般报告,新时代证券,"开文明,王琎",2019Q4,,,,19961.783,0.71,,,,,推荐,,
002129.SZ,中环股份,20200331,2020年二季度电力设备新能源行业投资策略：关注疫情进展，新能源大趋势不改,非个股,一般报告,国信证券,"方重寅,王蔚祺,居嘉骁,李恒源",2020Q4,,,,155968.762,0.56,,,,,买入,,
002281.SZ,光迅科技,20200331,5G红利渐进，把握低估值高确定性细分板块龙头：通信行业2019年回顾及2020Q1前瞻,非个股,一般报告,中信证券,"顾海波,丁奇",2021Q4,,,,60932.873,0.9,,,,,无,,
001914.SZ,招商积余,20200331,市场处于震荡筑底过程中，寻求安全边际和确定性——2020年4月份策略月度报告,非个股,一般报告,银河证券,潘玮,2021Q4,1328100.0,,,90129.415,0.85,,,,,推荐,,
688009.SH,中国通号,20200331,机械设备行业：轨交设备行业专题报告：拥抱城轨新基建，行业驶入快车道,非个股,一般报告,东莞证券,"卢立亭,张豪杰",2020Q4,,,,434182.579,0.41,,,,,推荐,,
300568.SZ,星源材质,20200331,电气设备行业：政策序幕拉开，第二次上车机会,非个股,一般报告,新时代证券,"开文明,王琎",2019Q4,,,,14349.911,0.58,,,,,推荐,,
002281.SZ,光迅科技,20200331,5G红利渐进，把握低估值高确定性细分板块龙头：通信行业2019年回顾及2020Q1前瞻,非个股,一般报告,中信证券,"顾海波,丁奇",2019Q4,,,,37236.755,0.55,,,,,无,,
002078.SZ,太阳纸业,20200331,纸价短期调整，静待需求复苏——造纸行业周报,非个股,一般报告,光大证券,黎泉宏,2019Q4,,,,215117.05,0.83,,,,,增持,,
300383.SZ,光环新网,20200331,5G红利渐进，把握低估值高确定性细分板块龙头：通信行业2019年回顾及2020Q1前瞻,非个股,一般报告,中信证券,"顾海波,丁奇",2021Q4,,,,132643.414,0.86,,,,,无,,
600037.SH,歌华有线,20200331,市场处于震荡筑底过程中，寻求安全边际和确定性——2020年4月份策略月度报告,非个股,一般报告,银河证券,杨晓彤,2019Q4,282100.0,,,70300.0,0.51,,,,,推荐,,
300699.SZ,光威复材,20200331,Weihai_Guangwei：Earnings_review：In_line_FY19_results；1Q_guidance_suggests_positive_growth；pending_disclosure_of_annual_defense_order；maintain_Neu,点评,首份报告,高华证券,朱金巧,2021Q4,246420.0,,103400.0,89440.0,1.73,,1.7,23.4,25.0,Neutral,,46.6
300223.SZ,北京君正,20200331,北京君正：智能视频芯片高速增长，产品组合优势显现,点评,一般报告,华西证券,"孙远峰,郑敏宏",2020Q4,45800.0,,9649.0,9359.0,0.46,184.63,,7.86,,买入,,
601139.SH,深圳燃气,20200331,兴证策略＆多行业——2020年4月金股组合,非个股,一般报告,兴业证券,蔡屹,2020Q4,,,,129454.539,0.45,,,,,无,,
603385.SH,惠达卫浴,20200331,造纸盈利预期向好，疫情影响家居承压：轻工制造行业2020年一季报前瞻,非个股,一般报告,招商证券,"郑恺,李宏鹏,吴昊",2020Q4,,,,39525.42,1.07,,,,,无,,
000157.SZ,中联重科,20200331,Zoomlion_Heavy_Industry－A：Dividend_cut_a_surprise；Positive_on_the_recovery_story,点评,一般报告,招银国际,冯键嵘,2020Q4,4889000.0,1464600.0,674200.0,506000.0,0.64,,2.7,12.1,7.3,BUY,,6.85
603267.SH,鸿远电子,20200331,四月金股汇：指数判断中性，关注内需扩张——月度金股策略报告,非个股,一般报告,东兴证券,无,2020Q4,131500.0,,,37300.0,2.26,,,,,强烈推荐,,
603259.SH,药明康德,20200331,医药生物：内需为主、出口受益，医药行业攻守兼备,非个股,一般报告,中泰证券,江琦,2020Q4,,,,252622.359,1.53,,,,,买入,,
600026.SH,中远海能,20200331,2020年4月观点及金股推荐,非个股,一般报告,招商证券,"苏宝亮,肖欣晨",2020Q4,,,,304812.281,0.64,,,,,无,,
600567.SH,山鹰纸业,20200331,纸价短期调整，静待需求复苏——造纸行业周报,非个股,一般报告,光大证券,黎泉宏,2020Q4,,,,225179.152,0.49,,,,,增持,,
601766.SH,中国中车,20200331,CRRC_Corp：Earnings_Review：FY19_in_line：More_positive_tone_on_FY20_than_Zhuzhou；Buy（H／A）,点评,首份报告,高华证券,"杜茜,Rosie Shen",2021Q4,23830720.0,,,,0.46,,2.1,,,BUY,,7.3
603267.SH,鸿远电子,20200331,四月金股汇：指数判断中性，关注内需扩张——月度金股策略报告,非个股,一般报告,东兴证券,无,2021Q4,184000.0,,,52300.0,3.16,,,,,强烈推荐,,
002281.SZ,光迅科技,20200331,5G红利渐进，把握低估值高确定性细分板块龙头：通信行业2019年回顾及2020Q1前瞻,非个股,一般报告,中信证券,"顾海波,丁奇",2020Q4,612000.0,,,47000.0,0.7,,,,,无,,
002967.SZ,广电计量,20200331,检测认证服务行业专题（五）：食品、环境检测——政策驱动，掘金美丽中国,非个股,一般报告,广发证券,"罗立波,代川,孙柏阳",2020Q4,,,,20832.21,0.63,,,12.1,,买入,,
300750.SZ,宁德时代,20200331,兴证策略＆多行业——2020年4月金股组合,非个股,一般报告,兴业证券,朱玥,2019Q4,,,,439471.54,1.99,,,,,无,,
000034.SZ,神州数码,20200331,5G红利渐进，把握低估值高确定性细分板块龙头：通信行业2019年回顾及2020Q1前瞻,非个股,一般报告,中信证券,"顾海波,丁奇",2020Q4,11056000.0,,,80000.0,1.22,,,,,无,,
600741.SH,华域汽车,20200331,四月金股汇：指数判断中性，关注内需扩张——月度金股策略报告,非个股,一般报告,东兴证券,无,2020Q4,13570000.0,,,629000.0,1.99,,,,,推荐,,
603195.SH,公牛集团,20200331,市场处于震荡筑底过程中，寻求安全边际和确定性——2020年4月份策略月度报告,非个股,一般报告,银河证券,"周然,赵腾辉",2020Q4,1227800.0,,,274800.0,4.58,,,,,推荐,,
000661.SZ,长春高新,20200331,来日方长，防守为上——兼论20年4月十大关注标的,非个股,一般报告,东方证券,无,2020Q4,,,,262258.748,12.96,,,,,无,,
600887.SH,伊利股份,20200331,2020年4月观点及金股推荐,非个股,一般报告,招商证券,"杨勇胜,于佳琦,李泽明,欧阳予",2020Q4,,,,746104.08,1.23,,,,,强烈推荐,,
600031.SH,三一重工,20200331,市场处于震荡筑底过程中，寻求安全边际和确定性——2020年4月份策略月度报告,非个股,一般报告,银河证券,范想想,2019Q4,,,,1078559.52,1.28,,,,,推荐,,
300661.SZ,圣邦股份,20200331,SG_Micro：First_take：4Q_GM_weaker_due_to_mix；1Q_net_income_guided_to_grow_70－100％_YoY；maintain_Buy,点评,一般报告,高盛集团（Goldman Sachs）,"Lynn Luo,Allen Chang,Verena Jeng,Linda Guo,Christina Huang",2020Q4,79250.0,,,,1.7,,0.2,,,Buy,,350.0
300661.SZ,圣邦股份,20200331,SG_Micro：First_take：4Q_GM_weaker_due_to_mix；1Q_net_income_guided_to_grow_70－100％_YoY；maintain_Buy,点评,一般报告,高盛集团（Goldman Sachs）,"Lynn Luo,Allen Chang,Verena Jeng,Linda Guo,Christina Huang",2020Q1,,,,,0.42,,,,,Buy,,350.0
600887.SH,伊利股份,20200331,2020年4月观点及金股推荐,非个股,一般报告,招商证券,"杨勇胜,于佳琦,李泽明,欧阳予",2019Q4,,,,709708.759,1.17,,,,,强烈推荐,,
000876.SZ,新希望,20200331,市场处于震荡筑底过程中，寻求安全边际和确定性——2020年4月份策略月度报告,非个股,一般报告,银河证券,谢芝优,2020Q4,10689839.0,,,1223756.0,2.9,,,,,推荐,,
300502.SZ,新易盛,20200331,5G红利渐进，把握低估值高确定性细分板块龙头：通信行业2019年回顾及2020Q1前瞻,非个股,一般报告,中信证券,"顾海波,丁奇",2020Q1,34000.0,,,5000.0,0.211,,,,,无,,
300383.SZ,光环新网,20200331,5G红利渐进，把握低估值高确定性细分板块龙头：通信行业2019年回顾及2020Q1前瞻,非个股,一般报告,中信证券,"顾海波,丁奇",2020Q1,204000.0,,,25000.0,0.162,,,,,无,,
600309.SH,万华化学,20200331,Wanhua_Chemical_Group：Earnings_review：In_line_FY19_results，seeking_new_growth_drivers，Neutral,点评,一般报告,高华证券,朱金巧,2020Q1,,,,,0.37,,,,,Neutral,,48.0
300628.SZ,亿联网络,20200331,5G红利渐进，把握低估值高确定性细分板块龙头：通信行业2019年回顾及2020Q1前瞻,非个股,一般报告,中信证券,"顾海波,丁奇",2020Q4,325000.0,,,153000.0,2.56,,,,,无,,
300661.SZ,圣邦股份,20200331,SG_Micro：First_take：4Q_GM_weaker_due_to_mix；1Q_net_income_guided_to_grow_70－100％_YoY；maintain_Buy,点评,一般报告,高盛集团（Goldman Sachs）,"Lynn Luo,Allen Chang,Verena Jeng,Linda Guo,Christina Huang",2022Q4,132690.0,,,,3.79,,0.4,,,Buy,,350.0
600585.SH,海螺水泥,20200331,市场处于震荡筑底过程中，寻求安全边际和确定性——2020年4月份策略月度报告,非个股,一般报告,银河证券,王婷,2021Q4,17506500.0,,,3583600.0,6.76,,,,,推荐,,
000860.SZ,顺鑫农业,20200331,来日方长，防守为上——兼论20年4月十大关注标的,非个股,一般报告,东方证券,无,2019Q4,,,,105330.912,1.42,,,,,无,,
600498.SH,烽火通信,20200331,中移动5G基站集采结果出炉，整体符合预期——中移动2020年5G无线主设备集采结果点评,非个股,一般报告,光大证券,"石崎良,刘凯",2019Q4,,,,100704.679,0.86,,,,,买入,,
300661.SZ,圣邦股份,20200331,SG_Micro：First_take：4Q_GM_weaker_due_to_mix；1Q_net_income_guided_to_grow_70－100％_YoY；maintain_Buy,点评,一般报告,高盛集团（Goldman Sachs）,"Lynn Luo,Allen Chang,Verena Jeng,Linda Guo,Christina Huang",2021Q4,95430.0,,,,2.33,,0.2,,,Buy,,350.0
600845.SH,宝信软件,20200331,5G红利渐进，把握低估值高确定性细分板块龙头：通信行业2019年回顾及2020Q1前瞻,非个股,一般报告,中信证券,"顾海波,丁奇",2019Q4,,,,86668.139,0.76,,,,,无,,
002191.SZ,劲嘉股份,20200331,纸价短期调整，静待需求复苏——造纸行业周报,非个股,一般报告,光大证券,黎泉宏,2020Q4,,,,109865.284,0.75,,,,,买入,,
600845.SH,宝信软件,20200331,5G红利渐进，把握低估值高确定性细分板块龙头：通信行业2019年回顾及2020Q1前瞻,非个股,一般报告,中信证券,"顾海波,丁奇",2020Q4,840000.0,,,108000.0,0.95,,,,,无,,
002371.SZ,北方华创,20200331,兴证策略＆多行业——2020年4月金股组合,非个股,一般报告,兴业证券,谢恒,2019Q4,,,,33172.824,0.67,,,,,无,,
001914.SZ,招商积余,20200331,市场处于震荡筑底过程中，寻求安全边际和确定性——2020年4月份策略月度报告,非个股,一般报告,银河证券,潘玮,2020Q4,1057200.0,,,62560.418,0.59,,,,,推荐,,
600741.SH,华域汽车,20200331,四月金股汇：指数判断中性，关注内需扩张——月度金股策略报告,非个股,一般报告,东兴证券,无,2019Q4,13680000.0,,,662000.0,2.1,,,,,推荐,,
603214.SH,爱婴室,20200331,四月金股汇：指数判断中性，关注内需扩张——月度金股策略报告,非个股,一般报告,东兴证券,无,2021Q4,341200.0,,,22600.0,2.22,,,,,推荐,,
600031.SH,三一重工,20200331,市场处于震荡筑底过程中，寻求安全边际和确定性——2020年4月份策略月度报告,非个股,一般报告,银河证券,范想想,2021Q4,,,,1466166.847,1.74,,,,,推荐,,
300750.SZ,宁德时代,20200331,购置税与补贴延长两年，国内政策有望持续超预期——电力设备与新能源行业动态点评,非个股,一般报告,长城证券,"于夕朦,马晓明,蔡紫豪",2020Q4,,,,563141.924,2.55,,,,,无,,
002078.SZ,太阳纸业,20200331,纸价短期调整，静待需求复苏——造纸行业周报,非个股,一般报告,光大证券,黎泉宏,2020Q4,,,,248810.081,0.96,,,,,增持,,
000860.SZ,顺鑫农业,20200331,来日方长，防守为上——兼论20年4月十大关注标的,非个股,一般报告,东方证券,无,2020Q4,,,,140935.728,1.9,,,,,无,,
600547.SH,山东黄金,20200331,兴证策略＆多行业——2020年4月金股组合,非个股,一般报告,兴业证券,邱祖学,2020Q4,,,,303761.94,0.98,,,,,无,,
300012.SZ,华测检测,20200331,检测认证服务行业专题（五）：食品、环境检测——政策驱动，掘金美丽中国,非个股,一般报告,广发证券,"罗立波,代川,孙柏阳",2021Q4,,,,76246.413,0.46,,,16.6,,增持,,
600588.SH,用友网络,20200331,朝闻国盛,非个股,一般报告,国盛证券,刘高畅,2020Q4,,,,95600.0,0.382,,,,,买入,,
600580.SH,卧龙电驱,20200331,电气设备行业：政策序幕拉开，第二次上车机会,非个股,一般报告,新时代证券,"开文明,王琎",2019Q4,,,,97590.869,0.75,,,,,推荐,,
601139.SH,深圳燃气,20200331,兴证策略＆多行业——2020年4月金股组合,非个股,一般报告,兴业证券,蔡屹,2019Q4,,,,106440.399,0.37,,,,,无,,
000034.SZ,神州数码,20200331,5G红利渐进，把握低估值高确定性细分板块龙头：通信行业2019年回顾及2020Q1前瞻,非个股,一般报告,中信证券,"顾海波,丁奇",2020Q1,2603000.0,,,18000.0,0.275,,,,,无,,
300502.SZ,新易盛,20200331,5G红利渐进，把握低估值高确定性细分板块龙头：通信行业2019年回顾及2020Q1前瞻,非个股,一般报告,中信证券,"顾海波,丁奇",2019Q4,,,,20808.405,0.88,,,,,无,,
000157.SZ,中联重科,20200331,Zoomlion_Heavy_Industry－A：Dividend_cut_a_surprise；Positive_on_the_recovery_story,点评,一般报告,招银国际,冯键嵘,2022Q4,5772300.0,1722000.0,804800.0,603900.0,0.77,,3.3,11.7,6.4,BUY,,6.85
600498.SH,烽火通信,20200331,5G红利渐进，把握低估值高确定性细分板块龙头：通信行业2019年回顾及2020Q1前瞻,非个股,一般报告,中信证券,"顾海波,丁奇",2020Q4,3161000.0,,,119000.0,1.02,,,,,无,,
688015.SH,交控科技,20200331,机械设备行业：轨交设备行业专题报告：拥抱城轨新基建，行业驶入快车道,非个股,一般报告,东莞证券,"卢立亭,张豪杰",2020Q4,,,,19200.0,1.2,,,,,推荐,,
300628.SZ,亿联网络,20200331,5G红利渐进，把握低估值高确定性细分板块龙头：通信行业2019年回顾及2020Q1前瞻,非个股,一般报告,中信证券,"顾海波,丁奇",2020Q1,70000.0,,,36000.0,0.601,,,,,无,,
300750.SZ,宁德时代,20200331,兴证策略＆多行业——2020年4月金股组合,非个股,一般报告,兴业证券,朱玥,2021Q4,,,,680187.108,3.08,,,,,无,,
601238.SH,广汽集团,20200331,广汽集团公司动态点评：广丰广本利润支撑强劲，静待广乘发力,点评,一般报告,长城证券,"孙志东,刘佳,刘欣畅",2020Q4,,,756500.0,794700.0,0.78,13.5,,9.1,7.93,推荐,,
002967.SZ,广电计量,20200331,检测认证服务行业专题（五）：食品、环境检测——政策驱动，掘金美丽中国,非个股,一般报告,广发证券,"罗立波,代川,孙柏阳",2021Q4,,,,32405.66,0.98,,,15.7,,买入,,
002371.SZ,北方华创,20200331,兴证策略＆多行业——2020年4月金股组合,非个股,一般报告,兴业证券,谢恒,2020Q4,,,,54462.845,1.1,,,,,无,,
601398.SH,工商银行,20200331,兴证策略＆多行业——2020年4月金股组合,非个股,一般报告,兴业证券,傅慧芳,2021Q4,,,,33858594.423,0.95,,,,,无,,
000975.SZ,银泰黄金,20200331,2020年4月观点及金股推荐,非个股,一般报告,招商证券,刘文平,2021Q4,,,,180000.0,0.908,,,,,强烈推荐,,
600845.SH,宝信软件,20200331,5G红利渐进，把握低估值高确定性细分板块龙头：通信行业2019年回顾及2020Q1前瞻,非个股,一般报告,中信证券,"顾海波,丁奇",2021Q4,,,,123159.987,1.08,,,,,无,,
600031.SH,三一重工,20200331,市场处于震荡筑底过程中，寻求安全边际和确定性——2020年4月份策略月度报告,非个股,一般报告,银河证券,范想想,2020Q4,,,,1272363.183,1.51,,,,,推荐,,
600612.SH,老凤祥,20200331,兴证策略＆多行业——2020年4月金股组合,非个股,一般报告,兴业证券,刘嘉仁,2021Q4,,,,199307.868,3.81,,,,,无,,
002601.SZ,龙蟒佰利,20200331,四月金股汇：指数判断中性，关注内需扩张——月度金股策略报告,非个股,一般报告,东兴证券,无,2021Q4,1908900.0,,,455200.0,2.24,,,,,强烈推荐,,
300502.SZ,新易盛,20200331,5G红利渐进，把握低估值高确定性细分板块龙头：通信行业2019年回顾及2020Q1前瞻,非个股,一般报告,中信证券,"顾海波,丁奇",2021Q4,,,,31921.985,1.35,,,,,无,,
600588.SH,用友网络,20200331,朝闻国盛,非个股,一般报告,国盛证券,刘高畅,2022Q4,,,,183300.0,0.732,,,,,买入,,
601766.SH,中国中车,20200331,CRRC_Corp：Earnings_Review：FY19_in_line：More_positive_tone_on_FY20_than_Zhuzhou；Buy（H／A）,点评,首份报告,高华证券,"杜茜,Rosie Shen",2020Q4,22715740.0,,,,0.43,,1.9,,,BUY,,7.3
603019.SH,中科曙光,20200331,来日方长，防守为上——兼论20年4月十大关注标的,非个股,一般报告,东方证券,无,2020Q4,,,,72925.027,0.81,,,,,无,,
600580.SH,卧龙电驱,20200331,电气设备行业：政策序幕拉开，第二次上车机会,非个股,一般报告,新时代证券,"开文明,王琎",2020Q4,,,,100193.292,0.77,,,,,推荐,,
600547.SH,山东黄金,20200331,兴证策略＆多行业——2020年4月金股组合,非个股,一般报告,兴业证券,邱祖学,2021Q4,,,,468041.356,1.51,,,,,无,,
603288.SH,海天味业,20200331,市场处于震荡筑底过程中，寻求安全边际和确定性——2020年4月份策略月度报告,非个股,一般报告,银河证券,周颖,2020Q4,2278226.0,,,628732.0,2.33,,,,,推荐,,
300138.SZ,晨光生物,20200331,核心布局白酒好时机，继续大力推荐非酒食品“四小龙”——食品饮料周报2020第5期,非个股,一般报告,长城证券,"刘鹏,黄瑞云,苏剑晓",2019Q4,,,,19450.966,0.38,,,,,无,,
601398.SH,工商银行,20200331,兴证策略＆多行业——2020年4月金股组合,非个股,一般报告,兴业证券,傅慧芳,2020Q4,,,,32432969.395,0.91,,,,,无,,
600845.SH,宝信软件,20200331,5G红利渐进，把握低估值高确定性细分板块龙头：通信行业2019年回顾及2020Q1前瞻,非个股,一般报告,中信证券,"顾海波,丁奇",2020Q1,163000.0,,,26000.0,0.228,,,,,无,,
603111.SH,康尼机电,20200331,机械设备行业：轨交设备行业专题报告：拥抱城轨新基建，行业驶入快车道,非个股,一般报告,东莞证券,"卢立亭,张豪杰",2019Q4,,,,62576.355,0.63,,,,,谨慎推荐,,
002831.SZ,裕同科技,20200331,纸价短期调整，静待需求复苏——造纸行业周报,非个股,一般报告,光大证券,黎泉宏,2019Q4,,,,104374.735,1.19,,,,,买入,,
600612.SH,老凤祥,20200331,兴证策略＆多行业——2020年4月金股组合,非个股,一般报告,兴业证券,刘嘉仁,2020Q4,,,,174198.215,3.33,,,,,无,,
300750.SZ,宁德时代,20200331,购置税与补贴延长两年，国内政策有望持续超预期——电力设备与新能源行业动态点评,非个股,一般报告,长城证券,"于夕朦,马晓明,蔡紫豪",2019Q4,,,,439471.54,1.99,,,,,无,,
002262.SZ,恩华药业,20200331,来日方长，防守为上——兼论20年4月十大关注标的,非个股,一般报告,东方证券,无,2020Q4,,,,78492.854,0.77,,,,,无,,
002701.SZ,奥瑞金,20200331,纸价短期调整，静待需求复苏——造纸行业周报,非个股,一般报告,光大证券,黎泉宏,2019Q4,,,,70656.768,0.3,,,,,买入,,
601238.SH,广汽集团,20200331,广汽集团公司动态点评：广丰广本利润支撑强劲，静待广乘发力,点评,一般报告,长城证券,"孙志东,刘佳,刘欣畅",2019Q4,,,629400.0,661800.0,0.65,16.3,,8.1,8.87,推荐,,
300572.SZ,安车检测,20200331,检测认证服务行业专题（五）：食品、环境检测——政策驱动，掘金美丽中国,非个股,一般报告,广发证券,"罗立波,代川,孙柏阳",2020Q4,,,,30209.273,1.56,,,24.2,,买入,,
002281.SZ,光迅科技,20200331,5G红利渐进，把握低估值高确定性细分板块龙头：通信行业2019年回顾及2020Q1前瞻,非个股,一般报告,中信证券,"顾海波,丁奇",2020Q1,165000.0,,,10000.0,0.148,,,,,无,,
601515.SH,东风股份,20200331,造纸盈利预期向好，疫情影响家居承压：轻工制造行业2020年一季报前瞻,非个股,一般报告,招商证券,"郑恺,李宏鹏,吴昊",2019Q4,,,,78729.6,0.59,,,,,无,,
300308.SZ,中际旭创,20200331,5G红利渐进，把握低估值高确定性细分板块龙头：通信行业2019年回顾及2020Q1前瞻,非个股,一般报告,中信证券,"顾海波,丁奇",2021Q4,,,,120524.908,1.69,,,,,无,,
300628.SZ,亿联网络,20200331,5G红利渐进，把握低估值高确定性细分板块龙头：通信行业2019年回顾及2020Q1前瞻,非个股,一般报告,中信证券,"顾海波,丁奇",2021Q4,,,,193028.052,3.22,,,,,无,,
600037.SH,歌华有线,20200331,市场处于震荡筑底过程中，寻求安全边际和确定性——2020年4月份策略月度报告,非个股,一般报告,银河证券,杨晓彤,2020Q4,291200.0,,,73500.0,0.53,,,,,推荐,,
600900.SH,长江电力,20200331,来日方长，防守为上——兼论20年4月十大关注标的,非个股,一般报告,东方证券,无,2020Q4,,,,2266000.0,1.03,,,,,无,,
601766.SH,中国中车,20200331,CRRC_Corp：Earnings_Review：FY19_in_line：More_positive_tone_on_FY20_than_Zhuzhou；Buy（H／A）,点评,首份报告,高华证券,"杜茜,Rosie Shen",2022Q4,24085030.0,,,,0.48,,2.2,,,BUY,,7.3
300223.SZ,北京君正,20200331,北京君正：智能视频芯片高速增长，产品组合优势显现,点评,一般报告,华西证券,"孙远峰,郑敏宏",2021Q4,57800.0,,13967.0,13409.0,0.67,128.87,,9.19,,买入,,
300223.SZ,北京君正,20200331,北京君正：智能视频芯片高速增长，产品组合优势显现,点评,一般报告,华西证券,"孙远峰,郑敏宏",2019Q4,33935.0,,5932.0,5866.0,0.29,294.58,,4.75,,买入,,
600309.SH,万华化学,20200331,Wanhua_Chemical_Group：Earnings_review：In_line_FY19_results，seeking_new_growth_drivers，Neutral,点评,一般报告,高华证券,朱金巧,2022Q4,9600320.0,,2072800.0,1546290.0,4.92,,5.0,25.6,5.6,Neutral,,48.0
603259.SH,药明康德,20200331,医药生物：内需为主、出口受益，医药行业攻守兼备,非个股,一般报告,中泰证券,江琦,2021Q4,,,,391316.988,2.37,,,,,买入,,
600547.SH,山东黄金,20200331,兴证策略＆多行业——2020年4月金股组合,非个股,一般报告,兴业证券,邱祖学,2019Q4,,,,130183.689,0.42,,,,,无,,
600276.SH,恒瑞医药,20200331,医药生物：内需为主、出口受益，医药行业攻守兼备,非个股,一般报告,中泰证券,江琦,2021Q4,,,,911099.725,2.06,,,,,买入,,
600585.SH,海螺水泥,20200331,市场处于震荡筑底过程中，寻求安全边际和确定性——2020年4月份策略月度报告,非个股,一般报告,银河证券,王婷,2020Q4,16702400.0,,,3524500.0,6.65,,,,,推荐,,
002812.SZ,恩捷股份,20200331,四月金股汇：指数判断中性，关注内需扩张——月度金股策略报告,非个股,一般报告,东兴证券,无,2020Q4,444200.0,,,106700.0,1.32,,,,,推荐,,
300034.SZ,钢研高纳,20200331,来日方长，防守为上——兼论20年4月十大关注标的,非个股,一般报告,东方证券,无,2019Q4,,,,15489.963,0.33,,,,,无,,
600036.SH,招商银行,20200331,四月金股汇：指数判断中性，关注内需扩张——月度金股策略报告,非个股,一般报告,东兴证券,无,2021Q4,34538000.0,,,12335000.0,4.891,,,,,强烈推荐,,40.67
300383.SZ,光环新网,20200331,5G红利渐进，把握低估值高确定性细分板块龙头：通信行业2019年回顾及2020Q1前瞻,非个股,一般报告,中信证券,"顾海波,丁奇",2020Q4,877000.0,,,102000.0,0.66,,,,,无,,
300502.SZ,新易盛,20200331,5G红利渐进，把握低估值高确定性细分板块龙头：通信行业2019年回顾及2020Q1前瞻,非个股,一般报告,中信证券,"顾海波,丁奇",2020Q4,149000.0,,,26000.0,1.1,,,,,无,,
600612.SH,老凤祥,20200331,兴证策略＆多行业——2020年4月金股组合,非个股,一般报告,兴业证券,刘嘉仁,2019Q4,,,,140718.679,2.69,,,,,无,,
600887.SH,伊利股份,20200331,2020年4月观点及金股推荐,非个股,一般报告,招商证券,"杨勇胜,于佳琦,李泽明,欧阳予",2021Q4,,,,855290.043,1.41,,,,,强烈推荐,,
600276.SH,恒瑞医药,20200331,市场处于震荡筑底过程中，寻求安全边际和确定性——2020年4月份策略月度报告,非个股,一般报告,银河证券,无,2020Q4,,,,681113.386,1.54,,,,,无,,
000034.SZ,神州数码,20200331,5G红利渐进，把握低估值高确定性细分板块龙头：通信行业2019年回顾及2020Q1前瞻,非个股,一般报告,中信证券,"顾海波,丁奇",2021Q4,,,,92878.002,1.42,,,,,无,,
002515.SZ,金字火腿,20200331,核心布局白酒好时机，继续大力推荐非酒食品“四小龙”——食品饮料周报2020第5期,非个股,一般报告,长城证券,"刘鹏,黄瑞云,苏剑晓",2019Q4,,,,3913.253,0.04,,,,,无,,
601238.SH,广汽集团,20200331,广汽集团公司动态点评：广丰广本利润支撑强劲，静待广乘发力,点评,一般报告,长城证券,"孙志东,刘佳,刘欣畅",2021Q4,,,1008100.0,1026500.0,1.0,10.6,,10.7,5.97,推荐,,
300628.SZ,亿联网络,20200331,5G红利渐进，把握低估值高确定性细分板块龙头：通信行业2019年回顾及2020Q1前瞻,非个股,一般报告,中信证券,"顾海波,丁奇",2019Q4,,,,125288.394,2.09,,,,,无,,
600567.SH,山鹰纸业,20200331,纸价短期调整，静待需求复苏——造纸行业周报,非个股,一般报告,光大证券,黎泉宏,2019Q4,,,,165437.745,0.36,,,,,增持,,
601515.SH,东风股份,20200331,造纸盈利预期向好，疫情影响家居承压：轻工制造行业2020年一季报前瞻,非个股,一般报告,招商证券,"郑恺,李宏鹏,吴昊",2020Q4,,,,84067.2,0.63,,,,,无,,
601766.SH,中国中车,20200331,CRRC_Corp：Earnings_Review：FY19_in_line：More_positive_tone_on_FY20_than_Zhuzhou；Buy（H／A）,点评,首份报告,高华证券,"杜茜,Rosie Shen",2020Q1,,,,,0.05,,,,,BUY,,7.3
002812.SZ,恩捷股份,20200331,四月金股汇：指数判断中性，关注内需扩张——月度金股策略报告,非个股,一般报告,东兴证券,无,2021Q4,578900.0,,,159100.0,1.98,,,,,推荐,,
000876.SZ,新希望,20200331,市场处于震荡筑底过程中，寻求安全边际和确定性——2020年4月份策略月度报告,非个股,一般报告,银河证券,谢芝优,2021Q4,13185150.0,,,1509278.0,3.58,,,,,推荐,,
603195.SH,公牛集团,20200331,市场处于震荡筑底过程中，寻求安全边际和确定性——2020年4月份策略月度报告,非个股,一般报告,银河证券,"周然,赵腾辉",2021Q4,1449900.0,,,320400.0,5.34,,,,,推荐,,
600276.SH,恒瑞医药,20200331,医药生物：内需为主、出口受益，医药行业攻守兼备,非个股,一般报告,中泰证券,江琦,2020Q4,,,,703227.457,1.59,,,,,买入,,
600036.SH,招商银行,20200331,四月金股汇：指数判断中性，关注内需扩张——月度金股策略报告,非个股,一般报告,东兴证券,无,2020Q4,30876000.0,,,10739000.0,4.258,,,,,强烈推荐,,40.67
603605.SH,珀莱雅,20200331,通缩对抗升级，把握内需基本盘——4月策略观点及金股组合,非个股,一般报告,华创证券,无,2020Q4,,,,49311.042,2.45,,,,,无,,
600276.SH,恒瑞医药,20200331,市场处于震荡筑底过程中，寻求安全边际和确定性——2020年4月份策略月度报告,非个股,一般报告,银河证券,无,2021Q4,,,,871294.397,1.97,,,,,无,,
603777.SH,来伊份,20200331,核心布局白酒好时机，继续大力推荐非酒食品“四小龙”——食品饮料周报2020第5期,非个股,一般报告,长城证券,"刘鹏,黄瑞云,苏剑晓",2019Q4,,,,9832.965,0.29,,,,,无,,
002371.SZ,北方华创,20200331,兴证策略＆多行业——2020年4月金股组合,非个股,一般报告,兴业证券,谢恒,2021Q4,,,,78228.45,1.58,,,,,无,,
601628.SH,中国人寿,20200331,中国人寿2019年年报点评：边际改善超同业，一季度优势延续,点评,一般报告,中信建投,赵然,Q,,,,,,,,,,买入,,38.26
600498.SH,烽火通信,20200331,5G红利渐进，把握低估值高确定性细分板块龙头：通信行业2019年回顾及2020Q1前瞻,非个股,一般报告,中信证券,"顾海波,丁奇",2021Q4,,,,151057.018,1.29,,,,,无,,
002831.SZ,裕同科技,20200331,纸价短期调整，静待需求复苏——造纸行业周报,非个股,一般报告,光大证券,黎泉宏,2020Q4,,,,135950.285,1.55,,,,,买入,,
002601.SZ,龙蟒佰利,20200331,四月金股汇：指数判断中性，关注内需扩张——月度金股策略报告,非个股,一般报告,东兴证券,无,2020Q4,1605100.0,,,374200.0,1.84,,,,,强烈推荐,,
600036.SH,招商银行,20200331,四月金股汇：指数判断中性，关注内需扩张——月度金股策略报告,非个股,一般报告,东兴证券,无,2022Q4,37951000.0,,,14139000.0,5.606,,,,,强烈推荐,,40.67
000975.SZ,银泰黄金,20200331,2020年4月观点及金股推荐,非个股,一般报告,招商证券,刘文平,2020Q4,,,,160000.0,0.807,,,,,强烈推荐,,
600585.SH,海螺水泥,20200331,市场处于震荡筑底过程中，寻求安全边际和确定性——2020年4月份策略月度报告,非个股,一般报告,银河证券,王婷,2022Q4,18432600.0,,,3746300.0,7.07,,,,,推荐,,
600201.SH,生物股份,20200331,来日方长，防守为上——兼论20年4月十大关注标的,非个股,一般报告,东方证券,无,2020Q4,,,,50680.811,0.45,,,,,无,,
603236.SH,移远通信,20200331,5G红利渐进，把握低估值高确定性细分板块龙头：通信行业2019年回顾及2020Q1前瞻,非个股,一般报告,中信证券,"顾海波,丁奇",2019Q4,,,,21492.38,2.41,,,,,无,,
603236.SH,移远通信,20200331,5G红利渐进，把握低估值高确定性细分板块龙头：通信行业2019年回顾及2020Q1前瞻,非个股,一般报告,中信证券,"顾海波,丁奇",2020Q4,567000.0,,,39000.0,4.4,,,,,无,,
603777.SH,来伊份,20200331,核心布局白酒好时机，继续大力推荐非酒食品“四小龙”——食品饮料周报2020第5期,非个股,一般报告,长城证券,"刘鹏,黄瑞云,苏剑晓",2020Q4,,,,12884.575,0.38,,,,,无,,
600741.SH,华域汽车,20200331,四月金股汇：指数判断中性，关注内需扩张——月度金股策略报告,非个股,一般报告,东兴证券,无,2021Q4,14600000.0,,,743000.0,2.36,,,,,推荐,,
600309.SH,万华化学,20200331,Wanhua_Chemical_Group：Earnings_review：In_line_FY19_results，seeking_new_growth_drivers，Neutral,点评,一般报告,高华证券,朱金巧,2020Q4,6423540.0,,983730.0,772210.0,2.46,,2.5,17.3,10.1,Neutral,,48.0
300308.SZ,中际旭创,20200331,5G红利渐进，把握低估值高确定性细分板块龙头：通信行业2019年回顾及2020Q1前瞻,非个股,一般报告,中信证券,"顾海波,丁奇",2019Q4,,,,51347.89,0.72,,,,,无,,
600498.SH,烽火通信,20200331,中移动5G基站集采结果出炉，整体符合预期——中移动2020年5G无线主设备集采结果点评,非个股,一般报告,光大证券,"石崎良,刘凯",2020Q4,,,,119440.433,1.02,,,,,买入,,
600498.SH,烽火通信,20200331,5G红利渐进，把握低估值高确定性细分板块龙头：通信行业2019年回顾及2020Q1前瞻,非个股,一般报告,中信证券,"顾海波,丁奇",2020Q1,859000.0,,,30000.0,0.256,,,,,无,,
603111.SH,康尼机电,20200331,机械设备行业：轨交设备行业专题报告：拥抱城轨新基建，行业驶入快车道,非个股,一般报告,东莞证券,"卢立亭,张豪杰",2020Q4,,,,41717.57,0.42,,,,,谨慎推荐,,
300011.SZ,鼎汉技术,20200331,通缩对抗升级，把握内需基本盘——4月策略观点及金股组合,非个股,一般报告,华创证券,无,2020Q4,,,,17876.812,0.32,,,,,无,,
002511.SZ,中顺洁柔,20200331,纸价短期调整，静待需求复苏——造纸行业周报,非个股,一般报告,光大证券,黎泉宏,2019Q4,,,,54973.433,0.42,,,,,增持,,
600588.SH,用友网络,20200331,朝闻国盛,非个股,一般报告,国盛证券,刘高畅,2021Q4,,,,140000.0,0.559,,,,,买入,,
603195.SH,公牛集团,20200331,市场处于震荡筑底过程中，寻求安全边际和确定性——2020年4月份策略月度报告,非个股,一般报告,银河证券,"周然,赵腾辉",2019Q4,1050600.0,,,235200.0,3.92,,,,,推荐,,
300699.SZ,光威复材,20200331,Weihai_Guangwei：Earnings_review：In_line_FY19_results；1Q_guidance_suggests_positive_growth；pending_disclosure_of_annual_defense_order；maintain_Neu,点评,首份报告,高华证券,朱金巧,2020Q4,191420.0,,80650.0,70170.0,1.35,,1.4,20.5,32.9,Neutral,,46.6
300308.SZ,中际旭创,20200331,5G红利渐进，把握低估值高确定性细分板块龙头：通信行业2019年回顾及2020Q1前瞻,非个股,一般报告,中信证券,"顾海波,丁奇",2020Q1,121000.0,,,17000.0,0.238,,,,,无,,
002191.SZ,劲嘉股份,20200331,纸价短期调整，静待需求复苏——造纸行业周报,非个股,一般报告,光大证券,黎泉宏,2019Q4,,,,87892.227,0.6,,,,,买入,,
300138.SZ,晨光生物,20200331,核心布局白酒好时机，继续大力推荐非酒食品“四小龙”——食品饮料周报2020第5期,非个股,一般报告,长城证券,"刘鹏,黄瑞云,苏剑晓",2020Q4,,,,25593.377,0.5,,,,,无,,
300223.SZ,北京君正,20200331,北京君正：智能视频芯片高速增长，产品组合优势显现,点评,一般报告,华西证券,"孙远峰,郑敏宏",2022Q4,72900.0,,16419.0,15434.0,0.77,111.96,,9.57,,买入,,
002007.SZ,华兰生物,20200331,市场处于震荡筑底过程中，寻求安全边际和确定性——2020年4月份策略月度报告,非个股,一般报告,银河证券,无,2021Q4,,,,197831.322,1.41,,,,,无,,
600298.SH,安琪酵母,20200331,来日方长，防守为上——兼论20年4月十大关注标的,非个股,一般报告,东方证券,无,2020Q4,,,,107130.523,1.3,,,,,无,,
600498.SH,烽火通信,20200331,5G红利渐进，把握低估值高确定性细分板块龙头：通信行业2019年回顾及2020Q1前瞻,非个股,一般报告,中信证券,"顾海波,丁奇",2019Q4,,,,88994.832,0.76,,,,,无,,
300012.SZ,华测检测,20200331,检测认证服务行业专题（五）：食品、环境检测——政策驱动，掘金美丽中国,非个股,一般报告,广发证券,"罗立波,代川,孙柏阳",2020Q4,,,,59671.106,0.36,,,15.8,,增持,,
603267.SH,鸿远电子,20200331,四月金股汇：指数判断中性，关注内需扩张——月度金股策略报告,非个股,一般报告,东兴证券,无,2022Q4,259300.0,,,74100.0,4.48,,,,,强烈推荐,,
603288.SH,海天味业,20200331,市场处于震荡筑底过程中，寻求安全边际和确定性——2020年4月份策略月度报告,非个股,一般报告,银河证券,周颖,2021Q4,2622922.0,,,742029.0,2.75,,,,,推荐,,
688005.SH,容百科技,20200331,电气设备行业：政策序幕拉开，第二次上车机会,非个股,一般报告,新时代证券,"开文明,王琎",2020Q4,,,,35906.142,0.81,,,,,推荐,,
300011.SZ,鼎汉技术,20200331,通缩对抗升级，把握内需基本盘——4月策略观点及金股组合,非个股,一般报告,华创证券,无,2021Q4,,,,26815.219,0.48,,,,,无,,
300750.SZ,宁德时代,20200331,兴证策略＆多行业——2020年4月金股组合,非个股,一般报告,兴业证券,朱玥,2020Q4,,,,549891.525,2.49,,,,,无,,
300618.SZ,寒锐钴业,20200331,2020年二季度电力设备新能源行业投资策略：关注疫情进展，新能源大趋势不改,非个股,一般报告,国信证券,"方重寅,王蔚祺,居嘉骁,李恒源",2020Q4,,,,44189.137,1.64,,,,,增持,,
002701.SZ,奥瑞金,20200331,纸价短期调整，静待需求复苏——造纸行业周报,非个股,一般报告,光大证券,黎泉宏,2020Q4,,,,87143.347,0.37,,,,,买入,,
300059.SZ,东方财富,20200331,东方财富深度报告：流量持续兑现，互联网金融服务平台前景可期,深度,首次关注,渤海证券,"张继袖,王磊",2020Q4,516044.0,,297400.0,255993.0,0.38,42.1,,11.23,34.2,买入,,
300059.SZ,东方财富,20200331,东方财富深度报告：流量持续兑现，互联网金融服务平台前景可期,深度,首次关注,渤海证券,"张继袖,王磊",2019Q4,422848.0,,212200.0,182650.0,0.27,59.01,,9.02,45.41,买入,,
002968.SZ,新大正,20200331,新大正：业绩增长有质量，全国布局进行时,点评,一般报告,华西证券,"由子沛,侯希得",2022Q4,210000.0,,24400.0,20800.0,2.9,22.21,,16.5,,买入,,74.4
002968.SZ,新大正,20200331,新大正：业绩增长有质量，全国布局进行时,点评,一般报告,华西证券,"由子沛,侯希得",2021Q4,167800.0,,19500.0,16600.0,2.32,27.76,,15.8,,买入,,74.4
002968.SZ,新大正,20200331,新大正：业绩增长有质量，全国布局进行时,点评,一般报告,华西证券,"由子沛,侯希得",2020Q4,133900.0,,15600.0,13300.0,1.86,34.62,,15.0,,买入,,74.4
300059.SZ,东方财富,20200331,东方财富深度报告：流量持续兑现，互联网金融服务平台前景可期,深度,首次关注,渤海证券,"张继袖,王磊",2021Q4,632867.0,,409900.0,352789.0,0.53,30.55,,13.4,25.1,买入,,
002968.SZ,新大正,20200331,新大正：业绩增长有质量，全国布局进行时,点评,一般报告,华西证券,"由子沛,侯希得",2019Q4,105500.0,,12200.0,10400.0,1.46,44.24,,13.9,,买入,,74.4
300570.SZ,太辰光,20200331,太辰光公司动态点评：数据中心及5G双重驱动，受益线上业务增长的扩容需求,点评,首次关注,长城证券,"吴彤,余芳沁",2020Q4,79913.0,,21278.0,18400.0,0.8,28.24,,13.1,20.97,推荐,,
002152.SZ,广电运通,20200331,广电运通：高研发更具AI属性，信创新军征程起航,点评,一般报告,中银国际,"杨思睿,孙业亮",2022Q4,1040700.0,,182700.0,135600.0,0.563,15.7,2.5,12.4,7.0,买入,,
002152.SZ,广电运通,20200331,广电运通：高研发更具AI属性，信创新军征程起航,点评,一般报告,中银国际,"杨思睿,孙业亮",2021Q4,888500.0,,145300.0,107800.0,0.448,19.7,2.0,10.6,8.7,买入,,
002152.SZ,广电运通,20200331,广电运通：高研发更具AI属性，信创新军征程起航,点评,一般报告,中银国际,"杨思睿,孙业亮",2020Q4,751300.0,,117000.0,87300.0,0.362,24.3,1.6,9.1,13.1,买入,,
300659.SZ,中孚信息,20200331,中孚信息：业绩高速增长，规模效应显著,点评,一般报告,兴业证券,"蒋佳霖,孙乾",2022Q4,229000.0,,69200.0,63500.0,4.78,14.6,,33.6,,审慎增持,,
300659.SZ,中孚信息,20200331,中孚信息：业绩高速增长，规模效应显著,点评,一般报告,兴业证券,"蒋佳霖,孙乾",2021Q4,162900.0,,45500.0,41700.0,3.14,22.3,,33.3,,审慎增持,,
600309.SH,万华化学,20200331,万华化学：19年业绩符合预期，公司长期成长性确定,点评,一般报告,华西证券,"杨伟,王天鹤",2022Q4,9065300.0,,1739100.0,1412200.0,4.5,9.17,,9.3,,增持,,
600309.SH,万华化学,20200331,万华化学：19年业绩符合预期，公司长期成长性确定,点评,一般报告,华西证券,"杨伟,王天鹤",2020Q4,5901600.0,,1116800.0,901600.0,2.87,14.37,,12.9,,增持,,
002818.SZ,富森美,20200331,富森美：写字楼出售提振收入，切入精装修业务,一般,一般报告,广发证券,"洪涛,贾雨朦",2021Q4,168000.0,,98100.0,82600.0,1.09,11.04,,13.3,5.64,买入,,13.78
002818.SZ,富森美,20200331,富森美：写字楼出售提振收入，切入精装修业务,一般,一般报告,广发证券,"洪涛,贾雨朦",2020Q4,154100.0,,88300.0,74400.0,0.98,12.26,,13.0,6.62,买入,,13.78
603659.SH,璞泰来,20200331,璞泰来深度研究报告：多元化业务整体亮眼，研发产能优势构建护城河,深度,首份报告,渤海证券,"郑连声,滕飞",2022Q4,1052200.0,,158900.0,135200.0,3.11,19.31,,20.2,16.29,增持,,69.45
603659.SH,璞泰来,20200331,璞泰来深度研究报告：多元化业务整体亮眼，研发产能优势构建护城河,深度,首份报告,渤海证券,"郑连声,滕飞",2021Q4,805400.0,,126900.0,108000.0,2.48,24.19,,20.3,19.97,增持,,69.45
603659.SH,璞泰来,20200331,璞泰来深度研究报告：多元化业务整体亮眼，研发产能优势构建护城河,深度,首份报告,渤海证券,"郑连声,滕飞",2020Q4,612900.0,,98800.0,84200.0,1.94,31.01,,19.8,24.8,增持,,69.45
601688.SH,华泰证券,20200331,华泰证券：财管机构双轮驱动，自营发力业绩大增,一般,一般报告,中银国际,兰晓飞,2022Q4,3248800.0,,1675000.0,1315000.0,1.45,11.87,,9.16,,买入,,
601688.SH,华泰证券,20200331,华泰证券：财管机构双轮驱动，自营发力业绩大增,一般,一般报告,中银国际,兰晓飞,2021Q4,2963000.0,,1490500.0,1163300.0,1.28,13.42,,8.58,,买入,,
601688.SH,华泰证券,20200331,华泰证券：财管机构双轮驱动，自营发力业绩大增,一般,一般报告,中银国际,兰晓飞,2020Q4,2696100.0,,1308700.0,1016800.0,1.12,15.35,,7.9,,买入,,
300659.SZ,中孚信息,20200331,中孚信息：业绩高速增长，规模效应显著,点评,一般报告,兴业证券,"蒋佳霖,孙乾",2019Q4,60300.0,,13600.0,12500.0,0.94,74.4,,21.7,,审慎增持,,
300570.SZ,太辰光,20200331,太辰光公司动态点评：数据中心及5G双重驱动，受益线上业务增长的扩容需求,点评,首次关注,长城证券,"吴彤,余芳沁",2022Q4,119038.0,,29845.0,25900.0,1.13,20.11,,15.4,14.24,推荐,,
601186.SH,中国铁建,20200331,中国铁建：业绩/订单增长稳健，低估值基建龙头有望受益于行业景气度提升,点评,一般报告,广发证券,"邹戈,谢璐,尉凯旋",2021Q4,100982500.0,,3454600.0,2498800.0,1.84,5.52,,9.7,3.7,买入,,13.5
601186.SH,中国铁建,20200331,中国铁建：业绩/订单增长稳健，低估值基建龙头有望受益于行业景气度提升,点评,一般报告,广发证券,"邹戈,谢璐,尉凯旋",2020Q4,92218500.0,,3127500.0,2262200.0,1.67,6.09,,9.7,3.63,买入,,13.5
600309.SH,万华化学,20200331,万华化学：19年业绩符合预期，公司长期成长性确定,点评,一般报告,华西证券,"杨伟,王天鹤",2021Q4,8277900.0,,1564000.0,1277400.0,4.07,10.14,,11.9,,增持,,
002818.SZ,富森美,20200331,富森美：写字楼出售提振收入，切入精装修业务,一般,一般报告,广发证券,"洪涛,贾雨朦",2022Q4,184800.0,,103700.0,87100.0,1.15,10.47,,12.8,4.71,买入,,13.78
600309.SH,万华化学,20200331,万华化学：业绩符合预期，看好长期发展,点评,一般报告,中银国际,"余嫄嫄,王海涛,鞠龙",2020Q4,6462500.0,,1008000.0,804400.0,2.562,15.6,3.2,18.1,10.2,买入,,
300659.SZ,中孚信息,20200331,中孚信息：业绩高速增长，规模效应显著,点评,一般报告,兴业证券,"蒋佳霖,孙乾",2020Q4,107400.0,,27300.0,25100.0,1.89,37.1,,30.0,,审慎增持,,
601186.SH,中国铁建,20200331,中国铁建：业绩/订单增长稳健，低估值基建龙头有望受益于行业景气度提升,点评,一般报告,广发证券,"邹戈,谢璐,尉凯旋",2022Q4,109063300.0,,3816700.0,2760800.0,2.03,4.99,,9.7,3.09,买入,,13.5
600309.SH,万华化学,20200331,万华化学：业绩符合预期，看好长期发展,点评,一般报告,中银国际,"余嫄嫄,王海涛,鞠龙",2022Q4,11419900.0,,2293200.0,1829900.0,5.828,6.9,7.3,31.8,5.2,买入,,
600309.SH,万华化学,20200331,万华化学：业绩符合预期，看好长期发展,点评,一般报告,中银国际,"余嫄嫄,王海涛,鞠龙",2021Q4,8920000.0,,1616700.0,1290200.0,4.109,9.7,5.1,26.0,6.3,买入,,
300570.SZ,太辰光,20200331,太辰光公司动态点评：数据中心及5G双重驱动，受益线上业务增长的扩容需求,点评,首次关注,长城证券,"吴彤,余芳沁",2021Q4,95602.0,,25068.0,21800.0,0.95,23.92,,14.2,17.46,推荐,,
601688.SH,华泰证券,20200331,华泰证券年报点评：自营投资弹性大，拟回购股份用于股权激励,点评,一般报告,群益证券,廖晨凯,2021Q4,3231100.0,,,1229900.0,1.355,1.12,2.48,,,买入,,22.0
601688.SH,华泰证券,20200331,华泰证券年报点评：自营投资弹性大，拟回购股份用于股权激励,点评,一般报告,群益证券,廖晨凯,2020Q4,2812800.0,,,1051500.0,1.158,1.2,2.12,,,买入,,22.0
000157.SZ,中联重科,20200331,中联重科：经营质量续创历史最佳，全球疫情冲击无碍公司高速发展步伐,点评,一般报告,中银国际,杨绍辉,2022Q4,6775900.0,,925400.0,798400.0,1.014,5.9,6.8,15.5,3.5,买入,,
000157.SZ,中联重科,20200331,中联重科：经营质量续创历史最佳，全球疫情冲击无碍公司高速发展步伐,点评,一般报告,中银国际,杨绍辉,2021Q4,6139300.0,,792900.0,686100.0,0.871,6.8,6.6,14.6,4.2,买入,,
000157.SZ,中联重科,20200331,中联重科：经营质量续创历史最佳，全球疫情冲击无碍公司高速发展步伐,点评,一般报告,中银国际,杨绍辉,2020Q4,5342800.0,,666800.0,578100.0,0.734,8.1,6.2,13.2,5.2,买入,,
603997.SH,继峰股份,20200331,继峰股份：并购成就全球细分行业龙头，长期前景看好,点评,一般报告,中银国际,朱朋,2022Q4,1916500.0,,104200.0,65600.0,0.641,11.6,3.9,18.0,4.6,买入,,
603997.SH,继峰股份,20200331,继峰股份：并购成就全球细分行业龙头，长期前景看好,点评,一般报告,中银国际,朱朋,2021Q4,1808000.0,,81400.0,51300.0,0.501,14.9,3.1,16.0,5.9,买入,,
603997.SH,继峰股份,20200331,继峰股份：并购成就全球细分行业龙头，长期前景看好,点评,一般报告,中银国际,朱朋,2020Q4,1674100.0,,56400.0,35500.0,0.347,21.5,2.1,13.1,7.1,买入,,
601600.SH,中国铝业,20200331,中国铝业点评报告：铝价下跌拉低毛利，转型升级前景可期,点评,一般报告,万联证券,"王思敏,夏振荣",2022Q4,23940307.0,,247938.0,99818.0,0.06,49.8,,1.74,6.75,增持,,
601600.SH,中国铝业,20200331,中国铝业点评报告：铝价下跌拉低毛利，转型升级前景可期,点评,一般报告,万联证券,"王思敏,夏振荣",2021Q4,22379449.0,,234791.0,94525.0,0.0555,52.59,,1.68,6.73,增持,,
601600.SH,中国铝业,20200331,中国铝业点评报告：铝价下跌拉低毛利，转型升级前景可期,点评,一般报告,万联证券,"王思敏,夏振荣",2020Q4,20895845.0,,216917.0,87329.0,0.05,56.92,,1.58,7.79,增持,,
002797.SZ,第一创业,20200331,第一创业：固收资管特色突出，投行业务取得突破,点评,一般报告,山西证券,"刘丽,孙田田",2022Q4,364300.0,,132400.0,93300.0,0.27,25.86,,9.33,,增持,,
002797.SZ,第一创业,20200331,第一创业：固收资管特色突出，投行业务取得突破,点评,一般报告,山西证券,"刘丽,孙田田",2021Q4,326400.0,,115000.0,80200.0,0.23,30.09,,8.5,,增持,,
002797.SZ,第一创业,20200331,第一创业：固收资管特色突出，投行业务取得突破,点评,一般报告,山西证券,"刘丽,孙田田",2020Q4,297200.0,,100800.0,71800.0,0.21,33.6,,7.89,,增持,,
002084.SZ,海鸥住工,20200331,海鸥住工：整装卫浴业务快速释放，盈利能力显著提升,点评,一般报告,山西证券,杨晶晶,2022Q4,371730.0,,28670.0,25210.0,0.5,10.17,,10.8,5.7,增持,,
002084.SZ,海鸥住工,20200331,海鸥住工：整装卫浴业务快速释放，盈利能力显著提升,点评,一般报告,山西证券,杨晶晶,2020Q4,276340.0,,18150.0,15790.0,0.31,16.24,,8.3,9.9,增持,,
000157.SZ,中联重科,20200331,中联重科深度报告：多品类梯次发力，强基建再度升温,深度,首次评级,信达证券,罗政,2022Q4,5540409.0,,798932.0,694396.0,0.88,6.76,,12.96,7.09,买入,,
000157.SZ,中联重科,20200331,中联重科深度报告：多品类梯次发力，强基建再度升温,深度,首次评级,信达证券,罗政,2021Q4,5176985.0,,734480.0,638377.0,0.81,7.35,,13.5,7.67,买入,,
002084.SZ,海鸥住工,20200331,海鸥住工：整装卫浴业务快速释放，盈利能力显著提升,点评,一般报告,山西证券,杨晶晶,2021Q4,326080.0,,24150.0,21130.0,0.42,12.13,,10.0,9.4,增持,,
000157.SZ,中联重科,20200331,中联重科深度报告：多品类梯次发力，强基建再度升温,深度,首次评级,信达证券,罗政,2020Q4,4827475.0,,647954.0,563172.0,0.72,8.33,,13.55,8.62,买入,,
000876.SZ,新希望,20200331,新希望：生猪产能加速布局，凸显高成长性,点评,首份报告,方正证券,"程一胜,江娜",2022Q4,14147547.0,,2635873.0,2047759.0,4.86,6.47,,26.0,,推荐,,
000876.SZ,新希望,20200331,新希望：生猪产能加速布局，凸显高成长性,点评,首份报告,方正证券,"程一胜,江娜",2021Q4,13396270.0,,2329351.0,1809628.0,4.29,7.32,,31.0,,推荐,,
000876.SZ,新希望,20200331,新希望：生猪产能加速布局，凸显高成长性,点评,首份报告,方正证券,"程一胜,江娜",2020Q4,10923383.0,,1868103.0,1451294.0,3.44,9.13,,36.0,,推荐,,
000876.SZ,新希望,20200331,新希望：生猪产能加速布局，凸显高成长性,点评,首份报告,方正证券,"程一胜,江娜",2019Q4,8205054.0,,643073.0,504200.0,1.2,26.28,,19.0,,推荐,,
603638.SH,艾迪精密,20200331,艾迪精密：工程机械旺季销售有望超预期，液压件迎加速渗透机遇,点评,一般报告,太平洋证券,"钱建江,刘国清",2020Q4,207572.0,,59337.0,51248.0,1.24,25.42,,30.3,18.5,买入,,
603638.SH,艾迪精密,20200331,艾迪精密：工程机械旺季销售有望超预期，液压件迎加速渗透机遇,点评,一般报告,太平洋证券,"钱建江,刘国清",2019Q4,145560.0,,39916.0,34474.0,0.83,37.79,,26.77,26.31,买入,,
603039.SH,泛微网络,20200331,泛微网络：短期增速或承压，业务持续良性发展,点评,一般报告,广发证券,"刘雪峰,庞倩倩",2022Q4,258100.0,,33300.0,28400.0,1.87,40.02,,18.0,62.25,买入,,85.1
601186.SH,中国铁建,20200331,中国铁建：订单业绩稳健增长，经营现金流改善明显,点评,一般报告,天风证券,"唐笑,岳恒宇,肖文劲",2021Q4,98854894.0,,3214590.0,2405389.0,1.77,5.55,,11.52,-2.46,买入,,
601186.SH,中国铁建,20200331,中国铁建：订单业绩稳健增长，经营现金流改善明显,点评,一般报告,天风证券,"唐笑,岳恒宇,肖文劲",2020Q4,89675708.0,,2940811.0,2183508.0,1.61,6.11,,11.59,3.75,买入,,
300316.SZ,晶盛机电,20200331,晶盛机电：中标中环股份14亿大订单，持续受益下游扩产,点评,一般报告,天风证券,"崔宇,邹润芳,王纪斌",2021Q4,552996.0,,139995.0,118995.0,0.93,22.24,,19.07,16.95,买入,,33.13
300316.SZ,晶盛机电,20200331,晶盛机电：中标中环股份14亿大订单，持续受益下游扩产,点评,一般报告,天风证券,"崔宇,邹润芳,王纪斌",2020Q4,462395.0,,109885.0,93402.0,0.73,28.33,,17.58,21.59,买入,,33.13
300316.SZ,晶盛机电,20200331,晶盛机电：中标中环股份14亿大订单，持续受益下游扩产,点评,一般报告,天风证券,"崔宇,邹润芳,王纪斌",2019Q4,373575.0,,74768.0,63553.0,0.49,41.64,,13.86,31.56,买入,,33.13
002798.SZ,帝欧家居,20200331,帝欧家居：陶瓷业务高增长，智能卫浴一期或将今年投产,一般,一般报告,华金证券,"叶中正,杨维维",2022Q4,1009600.0,,121400.0,108600.0,2.82,8.5,,17.5,5.8,买入,,
002798.SZ,帝欧家居,20200331,帝欧家居：陶瓷业务高增长，智能卫浴一期或将今年投产,一般,一般报告,华金证券,"叶中正,杨维维",2021Q4,861400.0,,100100.0,89600.0,2.33,10.4,,17.3,7.5,买入,,
601766.SH,中国中车,20200331,中国中车2019年年报点评：经营业绩稳健增长，盈利能力持续提升,点评,一般报告,东莞证券,"卢立亭,张豪杰",2020Q4,25191200.0,,1822500.0,1439800.0,0.5,13.28,,,,推荐,,
002242.SZ,九阳股份,20200331,九阳股份：产品渠道双驱动，营收利润高增长,点评,一般报告,西南证券,龚梦泓,2020Q4,1041766.0,,104174.0,90564.0,1.18,23.85,0.76,19.95,15.99,买入,,
601766.SH,中国中车,20200331,中国中车2019年年报点评：经营业绩稳健增长，盈利能力持续提升,点评,一般报告,东莞证券,"卢立亭,张豪杰",2021Q4,27710300.0,,2010200.0,1588100.0,0.55,12.04,,,,推荐,,
002242.SZ,九阳股份,20200331,九阳股份：产品渠道双驱动，营收利润高增长,点评,一般报告,西南证券,龚梦泓,2022Q4,1395235.0,,133586.0,116134.0,1.51,18.6,0.94,18.35,10.92,买入,,
603638.SH,艾迪精密,20200331,艾迪精密：工程机械旺季销售有望超预期，液压件迎加速渗透机遇,点评,一般报告,太平洋证券,"钱建江,刘国清",2021Q4,270176.0,,77548.0,66976.0,1.62,19.45,,30.44,14.06,买入,,
603039.SH,泛微网络,20200331,泛微网络：短期增速或承压，业务持续良性发展,点评,一般报告,广发证券,"刘雪峰,庞倩倩",2021Q4,203700.0,,25500.0,22500.0,1.48,50.56,,17.4,85.58,买入,,85.1
603039.SH,泛微网络,20200331,泛微网络：短期增速或承压，业务持续良性发展,点评,一般报告,广发证券,"刘雪峰,庞倩倩",2020Q4,158900.0,,17800.0,17400.0,1.15,65.36,,16.3,144.69,买入,,85.1
601766.SH,中国中车,20200331,中国中车2019年年报点评：经营业绩稳健增长，盈利能力持续提升,点评,一般报告,东莞证券,"卢立亭,张豪杰",2022Q4,30481300.0,,2161200.0,1707400.0,0.59,11.19,,,,推荐,,
601186.SH,中国铁建,20200331,中国铁建：订单业绩稳健增长，经营现金流改善明显,点评,一般报告,天风证券,"唐笑,岳恒宇,肖文劲",2022Q4,109026989.0,,3501352.0,2655387.0,1.96,5.03,,11.47,3.58,买入,,
002798.SZ,帝欧家居,20200331,帝欧家居：陶瓷业务高增长，智能卫浴一期或将今年投产,一般,一般报告,华金证券,"叶中正,杨维维",2020Q4,703900.0,,80600.0,71900.0,1.87,12.9,,16.5,9.4,买入,,
002318.SZ,久立特材,20200331,久立特材：利润率显著提升，内生外延促发展,点评,一般报告,太平洋证券,王介超,2022Q4,625147.0,148800.0,65600.0,54287.0,0.65,11.63,,13.0,13.32,增持,,
002318.SZ,久立特材,20200331,久立特材：利润率显著提升，内生外延促发展,点评,一般报告,太平洋证券,王介超,2021Q4,592780.0,140500.0,62900.0,52438.0,0.62,12.04,,13.0,14.17,增持,,
002318.SZ,久立特材,20200331,久立特材：利润率显著提升，内生外延促发展,点评,一般报告,太平洋证券,王介超,2020Q4,537574.0,134400.0,62300.0,51244.0,0.61,12.32,,14.0,14.2,增持,,
002242.SZ,九阳股份,20200331,九阳股份：产品渠道双驱动，营收利润高增长,点评,一般报告,西南证券,龚梦泓,2021Q4,1213629.0,,117221.0,101906.0,1.33,21.2,0.84,18.96,13.33,买入,,
002242.SZ,九阳股份,20200331,九阳股份：产品渠道双驱动，营收利润高增长,点评,一般报告,西南证券,龚梦泓,2019Q4,935144.0,,93992.0,82411.0,1.07,26.21,0.0,21.48,17.8,买入,,
603602.SH,纵横通信,20200331,纵横通信：受益5G施工和电源，新基建实施者将快速成长,点评,首次关注,太平洋证券,"李宏涛,赵晖",2021Q4,166476.0,,11476.0,10012.0,0.64,38.21,,11.62,32.03,增持,,32.0
603602.SH,纵横通信,20200331,纵横通信：受益5G施工和电源，新基建实施者将快速成长,点评,首次关注,太平洋证券,"李宏涛,赵晖",2020Q4,124597.0,,8291.0,7235.0,0.46,52.88,,9.33,45.89,增持,,32.0
603602.SH,纵横通信,20200331,纵横通信：受益5G施工和电源，新基建实施者将快速成长,点评,首次关注,太平洋证券,"李宏涛,赵晖",2019Q4,87169.0,,4364.0,3801.0,0.24,100.66,,5.35,81.19,增持,,32.0
300699.SZ,光威复材,20200331,光威复材：业绩符合预期，关注海外疫情对碳梁业务的影响,点评,一般报告,广发证券,"赵炳楠,李炼",2022Q4,317800.0,,124600.0,106800.0,2.06,24.05,,18.4,19.97,买入,,55.8
300699.SZ,光威复材,20200331,光威复材：业绩符合预期，关注海外疫情对碳梁业务的影响,点评,一般报告,广发证券,"赵炳楠,李炼",2021Q4,255200.0,,97700.0,83800.0,1.62,30.66,,17.7,26.63,买入,,55.8
300699.SZ,光威复材,20200331,光威复材：业绩符合预期，关注海外疫情对碳梁业务的影响,点评,一般报告,广发证券,"赵炳楠,李炼",2020Q4,204100.0,,75100.0,64500.0,1.24,39.86,,16.6,35.2,买入,,55.8
600298.SH,安琪酵母,20200331,安琪酵母：应对疫情转危为机，治理改善份额提升,点评,一般报告,东兴证券,"张凯琳,娄倩",2022Q4,1172100.0,,144100.0,126600.0,1.54,20.64,,17.3,11.54,强烈推荐,,
600298.SH,安琪酵母,20200331,安琪酵母：应对疫情转危为机，治理改善份额提升,点评,一般报告,东兴证券,"张凯琳,娄倩",2021Q4,1014334.0,,129800.0,113500.0,1.38,23.01,,17.27,12.81,强烈推荐,,
300702.SZ,天宇股份,20200331,天宇股份：沙坦类原料药量价齐升，战略发展CMO业务,一般,首次关注,华西证券,"崔文亮,周平",2020Q4,255900.0,,90200.0,77600.0,4.26,19.21,,27.6,,增持,,
002436.SZ,兴森科技,20200331,兴森科技：扭亏转盈兑现，半导体业务逻辑不断加强,点评,一般报告,国盛证券,郑震湘,2022Q4,721400.0,,77600.0,61700.0,0.41,26.6,,15.9,15.7,买入,,
002436.SZ,兴森科技,20200331,兴森科技：扭亏转盈兑现，半导体业务逻辑不断加强,点评,一般报告,国盛证券,郑震湘,2021Q4,563300.0,,60400.0,47600.0,0.32,34.4,,14.4,19.5,买入,,
002436.SZ,兴森科技,20200331,兴森科技：扭亏转盈兑现，半导体业务逻辑不断加强,点评,一般报告,国盛证券,郑震湘,2020Q4,461200.0,,47900.0,37800.0,0.25,43.3,,13.1,24.7,买入,,
000166.SZ,申万宏源,20200331,申万宏源：自营投行驱动增长，“投研顾”结合焕新生,点评,一般报告,安信证券,"张经纬,蒋中煜",2022Q4,3442200.0,,971100.0,804000.0,0.32,18.69,,8.49,,买入,,5.5
000166.SZ,申万宏源,20200331,申万宏源：自营投行驱动增长，“投研顾”结合焕新生,点评,一般报告,安信证券,"张经纬,蒋中煜",2021Q4,2993200.0,,844200.0,699000.0,0.28,21.49,,7.82,,买入,,5.5
600309.SH,万华化学,20200331,万华化学：景气和估值双底部，继续坚定看好,一般,一般报告,国盛证券,"王席鑫,孙琦祥,罗雅婷",2022Q4,8511300.0,,1850100.0,1474300.0,4.7,8.5,,21.5,5.5,买入,,
600309.SH,万华化学,20200331,万华化学：景气和估值双底部，继续坚定看好,一般,一般报告,国盛证券,"王席鑫,孙琦祥,罗雅婷",2021Q4,7879200.0,,1609200.0,1272600.0,4.05,9.9,,22.3,6.8,买入,,
600309.SH,万华化学,20200331,万华化学：景气和估值双底部，继续坚定看好,一般,一般报告,国盛证券,"王席鑫,孙琦祥,罗雅婷",2020Q4,6287400.0,,1116300.0,875000.0,2.79,14.4,,18.6,9.3,买入,,
600298.SH,安琪酵母,20200331,安琪酵母：应对疫情转危为机，治理改善份额提升,点评,一般报告,东兴证券,"张凯琳,娄倩",2020Q4,879935.0,,117600.0,101600.0,1.23,25.71,,17.19,14.27,强烈推荐,,
300702.SZ,天宇股份,20200331,天宇股份：沙坦类原料药量价齐升，战略发展CMO业务,一般,首次关注,华西证券,"崔文亮,周平",2021Q4,298400.0,,112500.0,96700.0,5.31,15.41,,25.6,,增持,,
300702.SZ,天宇股份,20200331,天宇股份：沙坦类原料药量价齐升，战略发展CMO业务,一般,首次关注,华西证券,"崔文亮,周平",2019Q4,211100.0,,68200.0,58600.0,3.22,25.43,,28.8,,增持,,
603806.SH,福斯特,20200331,福斯特：业绩略超预期，龙头地位增强,一般,一般报告,广发证券,华鹏伟,2022Q4,1027600.0,,153300.0,139800.0,2.68,15.22,,14.2,12.53,买入,,56.1
603806.SH,福斯特,20200331,福斯特：业绩略超预期，龙头地位增强,一般,一般报告,广发证券,华鹏伟,2021Q4,939100.0,,132300.0,120900.0,2.31,17.6,,14.3,14.65,买入,,56.1
002818.SZ,富森美,20200331,富森美：Q4业绩增长继续提速，巩固区域性龙头地位,一般,一般报告,华西证券,"徐林锋,戚志圣,聂贻哲",2022Q4,205317.0,,127455.0,106362.0,1.41,8.44,,14.09,,买入,,16.38
002818.SZ,富森美,20200331,富森美：Q4业绩增长继续提速，巩固区域性龙头地位,一般,一般报告,华西证券,"徐林锋,戚志圣,聂贻哲",2021Q4,188869.0,,116379.0,97119.0,1.28,9.25,,14.71,,买入,,16.38
002798.SZ,帝欧家居,20200331,帝欧家居：工程客户扩容，零售小B业务快速发展,点评,一般报告,中银国际,"杨志威,刘凯娜",2022Q4,973000.0,,112200.0,100700.0,2.615,9.2,0.2,17.7,4.1,买入,,
002798.SZ,帝欧家居,20200331,帝欧家居：工程客户扩容，零售小B业务快速发展,点评,一般报告,中银国际,"杨志威,刘凯娜",2021Q4,826800.0,,94800.0,85100.0,2.211,10.9,0.2,17.8,5.4,买入,,
002798.SZ,帝欧家居,20200331,帝欧家居：工程客户扩容，零售小B业务快速发展,点评,一般报告,中银国际,"杨志威,刘凯娜",2020Q4,693000.0,,79600.0,71400.0,1.856,13.0,0.2,17.8,8.7,买入,,
002396.SZ,星网锐捷,20200331,星网锐捷：盈利能力提升，交换机和云桌面驱动业务成长,一般,一般报告,华西证券,"熊军,宋辉,柳珏廷",2022Q4,1551800.0,,164900.0,115200.0,1.97,18.59,,16.2,,增持,,
002396.SZ,星网锐捷,20200331,星网锐捷：盈利能力提升，交换机和云桌面驱动业务成长,一般,一般报告,华西证券,"熊军,宋辉,柳珏廷",2020Q4,1096600.0,,109300.0,76000.0,1.3,28.16,,15.2,,增持,,
300673.SZ,佩蒂股份,20200331,佩蒂股份：一季度业绩预告高增，不受疫情影响的必选消费品,点评,一般报告,国盛证券,"张俊,郑树明",2021Q4,153300.0,,13400.0,11000.0,0.75,34.4,,11.1,21.9,增持,,
002139.SZ,拓邦股份,20200331,拓邦股份：份额提升营收连续多年保持增长，继续加大投入面向未来可期,点评,一般报告,天风证券,"容志能,唐海清,潘暕,王奕红",2022Q4,760689.0,,60288.0,52459.0,0.51,10.53,,15.4,6.31,买入,,
002139.SZ,拓邦股份,20200331,拓邦股份：份额提升营收连续多年保持增长，继续加大投入面向未来可期,点评,一般报告,天风证券,"容志能,唐海清,潘暕,王奕红",2021Q4,610726.0,,46256.0,40212.0,0.39,13.73,,13.34,8.94,买入,,
300183.SZ,东软载波,20200331,东软载波：收入下滑不改净利增长，三驾马车齐头并进驱动成长,一般,一般报告,华金证券,"蔡景彦,郑超君",2022Q4,125480.0,,29100.0,26400.0,0.56,25.0,,7.2,14.3,买入,,
002139.SZ,拓邦股份,20200331,拓邦股份：份额提升营收连续多年保持增长，继续加大投入面向未来可期,点评,一般报告,天风证券,"容志能,唐海清,潘暕,王奕红",2020Q4,489297.0,,37231.0,32397.0,0.32,17.04,,11.95,10.3,买入,,
000166.SZ,申万宏源,20200331,申万宏源：自营投行驱动增长，“投研顾”结合焕新生,点评,一般报告,安信证券,"张经纬,蒋中煜",2020Q4,2711100.0,,764500.0,633000.0,0.25,23.74,,7.47,,买入,,5.5
603806.SH,福斯特,20200331,福斯特：业绩略超预期，龙头地位增强,一般,一般报告,广发证券,华鹏伟,2020Q4,750400.0,,112100.0,97800.0,1.87,21.77,,13.5,17.75,买入,,56.1
300673.SZ,佩蒂股份,20200331,佩蒂股份：一季度业绩预告高增，不受疫情影响的必选消费品,点评,一般报告,国盛证券,"张俊,郑树明",2020Q4,126100.0,,9700.0,8100.0,0.55,46.6,,8.4,30.4,增持,,
300673.SZ,佩蒂股份,20200331,佩蒂股份：一季度业绩预告高增，不受疫情影响的必选消费品,点评,一般报告,国盛证券,"张俊,郑树明",2019Q4,102600.0,,6500.0,5200.0,0.35,72.6,,5.6,43.7,增持,,
300183.SZ,东软载波,20200331,东软载波：收入下滑不改净利增长，三驾马车齐头并进驱动成长,一般,一般报告,华金证券,"蔡景彦,郑超君",2021Q4,117290.0,,27800.0,25300.0,0.54,26.2,,7.4,15.6,买入,,
300183.SZ,东软载波,20200331,东软载波：收入下滑不改净利增长，三驾马车齐头并进驱动成长,一般,一般报告,华金证券,"蔡景彦,郑超君",2020Q4,93640.0,,22200.0,20600.0,0.44,32.1,,6.6,19.4,买入,,
002818.SZ,富森美,20200331,富森美：Q4业绩增长继续提速，巩固区域性龙头地位,一般,一般报告,华西证券,"徐林锋,戚志圣,聂贻哲",2020Q4,170048.0,,102813.0,85798.0,1.13,10.47,,14.96,,买入,,16.38
002396.SZ,星网锐捷,20200331,星网锐捷：盈利能力提升，交换机和云桌面驱动业务成长,一般,一般报告,华西证券,"熊军,宋辉,柳珏廷",2021Q4,1287100.0,,135300.0,94700.0,1.62,22.6,,16.0,,增持,,
002013.SZ,中航机电,20200331,中航机电：业绩符合预期，优化资产未来可期,点评,一般报告,广发证券,"赵炳楠,李炼",2022Q4,1562500.0,,189900.0,146600.0,0.41,17.75,,7.8,10.85,买入,,9.3
002013.SZ,中航机电,20200331,中航机电：业绩符合预期，优化资产未来可期,点评,一般报告,广发证券,"赵炳楠,李炼",2021Q4,1424300.0,,165100.0,127400.0,0.35,20.43,,8.1,12.74,买入,,9.3
002013.SZ,中航机电,20200331,中航机电：业绩符合预期，优化资产未来可期,点评,一般报告,广发证券,"赵炳楠,李炼",2020Q4,1300200.0,,143300.0,110600.0,0.31,23.53,,8.7,14.79,买入,,9.3
600029.SH,南方航空,20200331,南方航空：核心利润30.6亿略低于预期，疫情冲击仍待观察,点评,一般报告,西南证券,陈照林,2020Q4,11460000.0,,-262278.0,-171568.0,-0.14,,0.84,-2.7,,持有,,
002798.SZ,帝欧家居,20200331,帝欧家居：欧神诺工程业务持续放量，盈利能力显著提升,点评,一般报告,山西证券,杨晶晶,2022Q4,999260.0,,120780.0,105810.0,2.75,8.46,,16.8,4.6,买入,,
002242.SZ,九阳股份,20200331,九阳股份：Q4经营稳健，收入保持快速增长,点评,一般报告,安信证券,"张立聪,李奕臻",2022Q4,1316000.0,,132000.0,116000.0,1.51,18.6,3.2,22.6,11.6,买入,,34.16
002242.SZ,九阳股份,20200331,九阳股份：Q4经营稳健，收入保持快速增长,点评,一般报告,安信证券,"张立聪,李奕臻",2021Q4,1207000.0,,122000.0,106000.0,1.38,20.5,2.7,22.6,12.0,买入,,34.16
002242.SZ,九阳股份,20200331,九阳股份：Q4经营稳健，收入保持快速增长,点评,一般报告,安信证券,"张立聪,李奕臻",2020Q4,1076000.0,,108000.0,94000.0,1.22,23.0,2.2,22.4,15.3,买入,,34.16
002242.SZ,九阳股份,20200331,九阳股份：Q4经营稳健，收入保持快速增长,点评,一般报告,安信证券,"张立聪,李奕臻",2019Q4,935000.0,,94000.0,82000.0,1.07,26.2,1.8,22.0,12.5,买入,,34.16
601688.SH,华泰证券,20200331,华泰证券：零售优势持续巩固、机构业务或发力,点评,一般报告,华金证券,"崔晓雁,范清林",2022Q4,3160100.0,,1574200.0,1220400.0,1.34,12.79,,8.61,,买入,,
601688.SH,华泰证券,20200331,华泰证券：零售优势持续巩固、机构业务或发力,点评,一般报告,华金证券,"崔晓雁,范清林",2021Q4,2837500.0,,1396700.0,1082700.0,1.19,14.42,,8.03,,买入,,
601390.SH,中国中铁,20200331,中国中铁：全年业绩提升显著，基建回暖增长可期,点评,首份报告,太平洋证券,"王介超,任菲菲",2022Q4,114658500.0,10804600.0,3652500.0,2764252.0,1.13,4.8,,10.0,11.55,买入,,
601390.SH,中国中铁,20200331,中国中铁：全年业绩提升显著，基建回暖增长可期,点评,首份报告,太平洋证券,"王介超,任菲菲",2021Q4,102459597.0,9731000.0,3317200.0,2509528.0,1.02,5.29,,10.0,9.07,买入,,
601390.SH,中国中铁,20200331,中国中铁：全年业绩提升显著，基建回暖增长可期,点评,首份报告,太平洋证券,"王介超,任菲菲",2020Q4,93027669.0,8893800.0,2981900.0,2257401.0,0.92,5.88,,9.0,5.73,买入,,
600066.SH,宇通客车,20200331,宇通客车：业绩符合预期，市占率持续提升,点评,一般报告,中银国际,"魏敏,朱朋",2021Q4,3136300.0,,243800.0,225700.0,1.019,12.8,3.7,12.5,7.1,买入,,
600029.SH,南方航空,20200331,南方航空：核心利润30.6亿略低于预期，疫情冲击仍待观察,点评,一般报告,西南证券,陈照林,2022Q4,16496900.0,,1027827.0,671710.0,0.55,9.41,1.8,8.93,,持有,,
600029.SH,南方航空,20200331,南方航空：核心利润30.6亿略低于预期，疫情冲击仍待观察,点评,一般报告,西南证券,陈照林,2021Q4,15022000.0,,869011.0,567650.0,0.46,11.13,,8.17,,持有,,
002798.SZ,帝欧家居,20200331,帝欧家居：欧神诺工程业务持续放量，盈利能力显著提升,点评,一般报告,山西证券,杨晶晶,2021Q4,839710.0,,99130.0,86840.0,2.26,10.3,,16.2,6.7,买入,,
002798.SZ,帝欧家居,20200331,帝欧家居：欧神诺工程业务持续放量，盈利能力显著提升,点评,一般报告,山西证券,杨晶晶,2020Q4,671770.0,,79660.0,69540.0,1.81,12.87,,15.5,8.2,买入,,
601688.SH,华泰证券,20200331,华泰证券：零售优势持续巩固、机构业务或发力,点评,一般报告,华金证券,"崔晓雁,范清林",2020Q4,2697300.0,,1292600.0,1002100.0,1.1,15.58,,7.88,,买入,,
601138.SH,工业富联,20200331,工业富联2019年报点评：短期承压不改长期发展趋,点评,一般报告,安信证券,"夏庐生,彭虎,杨臻",2022Q4,49254870.0,,2857310.0,2397500.0,1.21,10.9,0.0,15.6,5.8,买入,,
601138.SH,工业富联,20200331,工业富联2019年报点评：短期承压不改长期发展趋,点评,一般报告,安信证券,"夏庐生,彭虎,杨臻",2021Q4,44619540.0,,2529840.0,2122730.0,1.07,12.4,0.0,16.4,7.1,买入,,
601138.SH,工业富联,20200331,工业富联2019年报点评：短期承压不改长期发展趋,点评,一般报告,安信证券,"夏庐生,彭虎,杨臻",2020Q4,40421920.0,,2257180.0,1894140.0,0.95,13.8,0.0,17.4,8.1,买入,,
600309.SH,万华化学,20200331,万华化学：盈利短期或有回调压力，中长期持续看好,点评,一般报告,太平洋证券,"柳强,翟绪丽",2022Q4,9291700.0,,1564900.0,1311600.0,4.18,9.6,,17.5,6.5,买入,,63.7
600309.SH,万华化学,20200331,万华化学：盈利短期或有回调压力，中长期持续看好,点评,一般报告,太平洋证券,"柳强,翟绪丽",2021Q4,8750000.0,,1415100.0,1161500.0,3.7,10.8,,18.8,7.1,买入,,63.7
600309.SH,万华化学,20200331,万华化学：盈利短期或有回调压力，中长期持续看好,点评,一般报告,太平洋证券,"柳强,翟绪丽",2020Q4,6466500.0,,954100.0,784000.0,2.5,16.0,,15.6,9.4,买入,,63.7
600066.SH,宇通客车,20200331,宇通客车：业绩符合预期，市占率持续提升,点评,一般报告,中银国际,"魏敏,朱朋",2022Q4,3293200.0,,264400.0,244800.0,1.106,11.8,4.1,12.7,6.2,买入,,
600027.SH,华电国际,20200331,华电国际：煤价下行奠定长期盈利空间,点评,一般报告,国金证券,"杜旷舟,李蓉,孙春旭,娜敏",2020Q4,9191600.0,1554300.0,714500.0,452300.0,0.459,6.87,,7.37,,买入,,
000100.SZ,TCL科技,20200331,TCL科技：低景气下仍展现较强获利能力，疫情不改产业长期发展格局,一般,一般报告,方正证券,"陶胤至,陈杭,兰飞",2022Q4,10904400.0,,985705.0,705705.0,0.52,7.94,,15.0,2.02,强烈推荐,,
601186.SH,中国铁建,20200331,中国铁建：订单持续增长，现金流大幅改善,一般,一般报告,兴业证券,"孟杰,蔡琨",2021Q4,107051700.0,,3558100.0,2623100.0,1.93,5.3,,10.1,,审慎增持,,
601186.SH,中国铁建,20200331,中国铁建：订单持续增长，现金流大幅改善,一般,一般报告,兴业证券,"孟杰,蔡琨",2020Q4,96072000.0,,3229400.0,2348500.0,1.73,5.9,,10.1,,审慎增持,,
000100.SZ,TCL科技,20200331,TCL科技：低景气下仍展现较强获利能力，疫情不改产业长期发展格局,一般,一般报告,方正证券,"陶胤至,陈杭,兰飞",2021Q4,9058900.0,,773340.0,553340.0,0.41,10.12,,14.0,2.95,强烈推荐,,
000100.SZ,TCL科技,20200331,TCL科技：低景气下仍展现较强获利能力，疫情不改产业长期发展格局,一般,一般报告,方正证券,"陶胤至,陈杭,兰飞",2020Q4,6789000.0,,509645.0,354645.0,0.26,15.79,,11.0,4.63,强烈推荐,,
600066.SH,宇通客车,20200331,宇通客车：业绩符合预期，市占率持续提升,点评,一般报告,中银国际,"魏敏,朱朋",2020Q4,2987000.0,,216800.0,200700.0,0.907,14.4,3.3,11.8,8.5,买入,,
600027.SH,华电国际,20200331,华电国际：煤价下行奠定长期盈利空间,点评,一般报告,国金证券,"杜旷舟,李蓉,孙春旭,娜敏",2022Q4,9633700.0,1737200.0,900500.0,536600.0,0.544,5.79,,7.75,,买入,,
600027.SH,华电国际,20200331,华电国际：煤价下行奠定长期盈利空间,点评,一般报告,国金证券,"杜旷舟,李蓉,孙春旭,娜敏",2021Q4,9375600.0,1657700.0,847600.0,530600.0,0.538,5.85,,8.16,,买入,,
000002.SZ,万科A,20200331,万科A：高质量周转标杆，事业合伙人增持彰显发展信心,点评,一般报告,招商证券,"赵可,李洋,路畅",2022Q4,63165400.0,,12755700.0,6510000.0,5.76,4.5,,20.5,12.6,强烈推荐,,38.3
000002.SZ,万科A,20200331,万科A：高质量周转标杆，事业合伙人增持彰显发展信心,点评,一般报告,招商证券,"赵可,李洋,路畅",2021Q4,52030800.0,,10582200.0,5404900.0,4.78,5.4,,20.1,15.0,强烈推荐,,38.3
000002.SZ,万科A,20200331,万科A：高质量周转标杆，事业合伙人增持彰显发展信心,点评,一般报告,招商证券,"赵可,李洋,路畅",2020Q4,43944900.0,,9008500.0,4605600.0,4.08,6.3,,20.2,17.5,强烈推荐,,38.3
601186.SH,中国铁建,20200331,中国铁建：订单持续增长，现金流大幅改善,一般,一般报告,兴业证券,"孟杰,蔡琨",2022Q4,118191100.0,,3879200.0,2898600.0,2.13,4.8,,10.0,,审慎增持,,
600066.SH,宇通客车,20200331,宇通客车：大中型客车销售份额提升，龙头优势显著,点评,一般报告,山西证券,"张湃,李召麒",2020Q4,2861410.0,,218320.0,183460.0,0.83,16.52,,10.0,7.74,买入,,
601211.SH,国泰君安,20200331,国泰君安2019年年报点评：多项业务回暖推动业绩改善,一般,一般报告,中原证券,张洋,2021Q4,3243400.0,,1243700.0,941100.0,1.056,16.44,,6.4,,增持,,
601211.SH,国泰君安,20200331,国泰君安2019年年报点评：多项业务回暖推动业绩改善,一般,一般报告,中原证券,张洋,2020Q4,3138200.0,,1196700.0,904000.0,1.015,17.14,,6.41,,增持,,
603393.SH,新天然气,20200331,新天然气：扣非归母净利润同比增长100%，进一步增持亚美能源股权,点评,首份报告,天风证券,郭丽丽,2022Q4,440606.0,,156470.0,89802.0,4.01,9.46,,22.69,2.93,买入,,56.2
603393.SH,新天然气,20200331,新天然气：扣非归母净利润同比增长100%，进一步增持亚美能源股权,点评,首份报告,天风证券,郭丽丽,2021Q4,371855.0,,126539.0,75876.0,3.39,11.2,,23.34,4.42,买入,,56.2
603393.SH,新天然气,20200331,新天然气：扣非归母净利润同比增长100%，进一步增持亚美能源股权,点评,首份报告,天风证券,郭丽丽,2020Q4,306693.0,,95135.0,63000.0,2.81,13.49,,23.29,5.75,买入,,56.2
603387.SH,基蛋生物,20200331,基蛋生物：POCT助力基层医疗，生化发光战略推进,深度,首次关注,川财证券,"周豫,黄心如",2022Q4,220400.0,,86200.0,74300.0,2.85,11.18,,21.8,8.0,增持,,
600600.SH,青岛啤酒,20200331,青岛啤酒2019年报点评：结构明显改善，区域调整效果显现,点评,一般报告,国泰君安,"訾猛,方勇",2022Q4,2935000.0,,,263200.0,1.95,22.82,0.0,10.0,11.65,增持,,55.0
600600.SH,青岛啤酒,20200331,青岛啤酒2019年报点评：结构明显改善，区域调整效果显现,点评,一般报告,国泰君安,"訾猛,方勇",2021Q4,2849200.0,,,225500.0,1.67,26.64,0.0,9.6,14.22,增持,,55.0
600600.SH,青岛啤酒,20200331,青岛啤酒2019年报点评：结构明显改善，区域调整效果显现,点评,一般报告,国泰君安,"訾猛,方勇",2020Q4,2672300.0,,,186000.0,1.38,32.28,0.0,8.8,17.68,增持,,55.0
600600.SH,青岛啤酒,20200331,青岛啤酒2019年报点评：结构明显改善，区域调整效果显现,点评,一般报告,国泰君安,"訾猛,方勇",2020Q3,,,,,1.81,,,,,增持,,55.0
600600.SH,青岛啤酒,20200331,青岛啤酒2019年报点评：结构明显改善，区域调整效果显现,点评,一般报告,国泰君安,"訾猛,方勇",2020Q2,,,,,0.99,,,,,增持,,55.0
600600.SH,青岛啤酒,20200331,青岛啤酒2019年报点评：结构明显改善，区域调整效果显现,点评,一般报告,国泰君安,"訾猛,方勇",2020Q1,,,,,0.42,,,,,增持,,55.0
300398.SZ,飞凯材料,20200331,飞凯材料：主业承压拖累业绩，多元化布局未来可期,点评,首份报告,东吴证券,"陈元君,柴沁虎",2021Q4,226100.0,,43200.0,36100.0,0.7,27.07,,12.0,18.05,买入,,
300398.SZ,飞凯材料,20200331,飞凯材料：主业承压拖累业绩，多元化布局未来可期,点评,首份报告,东吴证券,"陈元君,柴沁虎",2020Q4,177800.0,,34100.0,28600.0,0.55,34.23,,10.7,22.27,买入,,
002876.SZ,三利谱,20200331,三利谱：一季度逆势扭亏抢眼，夯实全年高增长基础,点评,一般报告,中泰证券,"刘翔,周梦缘",2022Q4,366000.0,,45600.0,38630.0,3.02,13.5,,14.6,,买入,,
603609.SH,禾丰牧业,20200331,禾丰牧业：肉禽板块高增长，推升业绩表现,点评,一般报告,中金,"孙扬,张宇茜",2021Q4,2361600.0,271200.0,182900.0,118600.0,1.29,9.9,1.7,14.7,6.3,跑赢行业,,16.0
603609.SH,禾丰牧业,20200331,禾丰牧业：肉禽板块高增长，推升业绩表现,点评,一般报告,中金,"孙扬,张宇茜",2020Q4,2008600.0,232400.0,167200.0,117400.0,1.27,10.0,1.7,17.8,7.4,跑赢行业,,16.0
300188.SZ,美亚柏科,20200331,美亚柏科：大数据业务快速增长，经营现金流显著改善,一般,一般报告,广发证券,"刘雪峰,庞倩倩",2021Q4,336400.0,,51800.0,49100.0,0.61,33.36,,13.8,31.77,买入,,25.3
300188.SZ,美亚柏科,20200331,美亚柏科：大数据业务快速增长，经营现金流显著改善,一般,一般报告,广发证券,"刘雪峰,庞倩倩",2020Q4,256200.0,,39300.0,37300.0,0.46,43.95,,12.1,40.98,买入,,25.3
002876.SZ,三利谱,20200331,三利谱：一季度逆势扭亏抢眼，夯实全年高增长基础,点评,一般报告,中泰证券,"刘翔,周梦缘",2021Q4,291000.0,,32300.0,27400.0,2.14,19.1,,12.7,,买入,,
002156.SZ,通富微电,20200331,通富微电：下半年业绩大幅改观，立足需求上行成长可期,一般,一般报告,华金证券,"蔡景彦,郑超君",2021Q4,1261210.0,,62600.0,51400.0,0.45,42.3,,7.4,12.3,买入,,
002156.SZ,通富微电,20200331,通富微电：下半年业绩大幅改观，立足需求上行成长可期,一般,一般报告,华金证券,"蔡景彦,郑超君",2020Q4,1080160.0,,44600.0,36100.0,0.31,60.1,,5.6,13.0,买入,,
300223.SZ,北京君正,20200331,北京君正公司点评报告：收购矽成已进展过半，车载存储助力业绩上升,点评,首份报告,国元证券,"毛正,刘堃",2022Q4,75485.0,,15574.0,15125.0,0.75,114.68,,9.88,119.33,推荐,,98.0
300223.SZ,北京君正,20200331,北京君正公司点评报告：收购矽成已进展过半，车载存储助力业绩上升,点评,首份报告,国元证券,"毛正,刘堃",2021Q4,58473.0,,13437.0,13069.0,0.65,132.72,,9.21,139.07,推荐,,98.0
300223.SZ,北京君正,20200331,北京君正公司点评报告：收购矽成已进展过半，车载存储助力业绩上升,点评,首份报告,国元证券,"毛正,刘堃",2020Q4,44960.0,,11074.0,10631.0,0.53,163.17,,7.94,151.48,推荐,,98.0
300223.SZ,北京君正,20200331,北京君正公司点评报告：收购矽成已进展过半，车载存储助力业绩上升,点评,首份报告,国元证券,"毛正,刘堃",2019Q4,33935.0,,5932.0,5866.0,0.29,295.7,,4.75,267.77,推荐,,98.0
002241.SZ,歌尔股份,20200331,歌尔股份：1Q20高成长，AirPods等业务受疫情冲击可能相对有限,点评,一般报告,中金,"胡誉镜,黄乐平,刘莹莹",2019Q4,3485800.0,578700.0,153100.0,130200.0,0.4,40.9,0.9,8.3,16.0,跑赢行业,,24.0
000034.SZ,神州数码,20200331,神州数码：云服务超出预期,点评,一般报告,方正证券,"方闻千,陈杭",2020Q4,10201706.0,474780.0,134103.0,106183.0,1.62,15.27,,20.0,4.8,强烈推荐,,
002156.SZ,通富微电,20200331,通富微电：下半年业绩大幅改观，立足需求上行成长可期,一般,一般报告,华金证券,"蔡景彦,郑超君",2022Q4,1417580.0,,76500.0,63200.0,0.55,34.3,,8.3,10.7,买入,,
603997.SH,继峰股份,20200331,继峰股份：盈利提升可期，静待全球发力,一般,首次关注,华西证券,"崔琰,郑青青",2022Q4,2311700.0,,114200.0,76900.0,0.75,9.92,,10.2,,买入,,10.44
002139.SZ,拓邦股份,20200331,拓邦股份公司动态点评：全年业绩稳增长，研发红利释放可期,点评,首次评级,长城证券,"吴彤,蔡微未",2022Q4,723191.0,,58250.0,48700.0,0.48,11.41,,13.6,7.2,推荐,,
603997.SH,继峰股份,20200331,继峰股份：盈利提升可期，静待全球发力,一般,首次关注,华西证券,"崔琰,郑青青",2020Q4,1806000.0,,66200.0,44600.0,0.44,17.13,,8.4,,买入,,10.44
603317.SH,天味食品,20200331,天味食品：渠道建设推动业绩增长，2020年再提高速发展目标,点评,一般报告,太平洋证券,"黄付生,蔡雪昱,孟斯硕",2021Q4,282937.0,,,46402.0,1.12,,,,,买入,,56.0
603317.SH,天味食品,20200331,天味食品：渠道建设推动业绩增长，2020年再提高速发展目标,点评,一般报告,太平洋证券,"黄付生,蔡雪昱,孟斯硕",2020Q4,224553.0,,,37051.0,0.9,,,,,买入,,56.0
600066.SH,宇通客车,20200331,宇通客车：大中型客车销售份额提升，龙头优势显著,点评,一般报告,山西证券,"张湃,李召麒",2022Q4,2901540.0,,267140.0,224570.0,1.01,13.5,,11.0,4.75,买入,,
600066.SH,宇通客车,20200331,宇通客车：大中型客车销售份额提升，龙头优势显著,点评,一般报告,山西证券,"张湃,李召麒",2021Q4,2867130.0,,233450.0,196220.0,0.89,15.45,,10.0,6.58,买入,,
603387.SH,基蛋生物,20200331,基蛋生物：POCT助力基层医疗，生化发光战略推进,深度,首次关注,川财证券,"周豫,黄心如",2021Q4,166800.0,,66400.0,57300.0,2.2,14.49,,21.5,11.0,增持,,
603387.SH,基蛋生物,20200331,基蛋生物：POCT助力基层医疗，生化发光战略推进,深度,首次关注,川财证券,"周豫,黄心如",2020Q4,126800.0,,51200.0,44200.0,1.7,18.79,,21.2,13.0,增持,,
300398.SZ,飞凯材料,20200331,飞凯材料：主业承压拖累业绩，多元化布局未来可期,点评,首份报告,东吴证券,"陈元君,柴沁虎",2022Q4,260700.0,,50900.0,42600.0,0.82,22.95,,12.4,15.29,买入,,
002876.SZ,三利谱,20200331,三利谱：一季度逆势扭亏抢眼，夯实全年高增长基础,点评,一般报告,中泰证券,"刘翔,周梦缘",2020Q4,200500.0,,17900.0,15130.0,1.18,34.5,,9.7,,买入,,
601138.SH,工业富联,20200331,工业富联财报点评：新基建机遇来临，打开成长天花板,点评,一般报告,国信证券,"欧阳仕华,许亮",2022Q4,59220300.0,,3379900.0,2974400.0,1.5,8.6,2.1,19.7,12.3,买入,,
601138.SH,工业富联,20200331,工业富联财报点评：新基建机遇来临，打开成长天花板,点评,一般报告,国信证券,"欧阳仕华,许亮",2021Q4,51495900.0,,2904400.0,2555900.0,1.29,10.0,1.8,20.2,13.7,买入,,
601138.SH,工业富联,20200331,工业富联财报点评：新基建机遇来临，打开成长天花板,点评,一般报告,国信证券,"欧阳仕华,许亮",2020Q4,42913200.0,,2252800.0,1982400.0,1.0,12.8,1.4,18.8,16.4,买入,,
300188.SZ,美亚柏科,20200331,美亚柏科：大数据业务快速增长，经营现金流显著改善,一般,一般报告,广发证券,"刘雪峰,庞倩倩",2022Q4,440400.0,,68400.0,64800.0,0.8,25.27,,15.4,23.85,买入,,25.3
002139.SZ,拓邦股份,20200331,拓邦股份公司动态点评：全年业绩稳增长，研发红利释放可期,点评,首次评级,长城证券,"吴彤,蔡微未",2021Q4,596976.0,,47786.0,40000.0,0.39,13.9,,12.7,8.91,推荐,,
002139.SZ,拓邦股份,20200331,拓邦股份公司动态点评：全年业绩稳增长，研发红利释放可期,点评,首次评级,长城证券,"吴彤,蔡微未",2020Q4,491595.0,,39503.0,32900.0,0.32,16.86,,11.7,10.55,推荐,,
002241.SZ,歌尔股份,20200331,歌尔股份：1Q20高成长，AirPods等业务受疫情冲击可能相对有限,点评,一般报告,中金,"胡誉镜,黄乐平,刘莹莹",2021Q4,6018900.0,1371900.0,423800.0,360300.0,1.11,14.8,2.5,18.6,8.9,跑赢行业,,24.0
002241.SZ,歌尔股份,20200331,歌尔股份：1Q20高成长，AirPods等业务受疫情冲击可能相对有限,点评,一般报告,中金,"胡誉镜,黄乐平,刘莹莹",2020Q4,5468400.0,916300.0,271600.0,230900.0,0.71,23.1,1.6,13.5,11.7,跑赢行业,,24.0
000034.SZ,神州数码,20200331,神州数码：云服务超出预期,点评,一般报告,方正证券,"方闻千,陈杭",2022Q4,14240256.0,812980.0,218808.0,173524.0,2.65,9.34,,20.0,2.1,强烈推荐,,
000034.SZ,神州数码,20200331,神州数码：云服务超出预期,点评,一般报告,方正证券,"方闻千,陈杭",2021Q4,12256559.0,649450.0,176099.0,139545.0,2.13,11.62,,20.0,2.97,强烈推荐,,
603997.SH,继峰股份,20200331,继峰股份：盈利提升可期，静待全球发力,一般,首次关注,华西证券,"崔琰,郑青青",2021Q4,2006200.0,,87400.0,58900.0,0.58,12.97,,9.3,,买入,,10.44
300223.SZ,北京君正,20200331,北京君正公司点评报告：收购矽成已进展过半，车载存储助力业绩上升,点评,首份报告,国元证券,"毛正,刘堃",Q,,,,,,,,,,推荐,,98.0
002241.SZ,歌尔股份,20200331,歌尔股份：1Q20高成长，AirPods等业务受疫情冲击可能相对有限,点评,一般报告,中金,"胡誉镜,黄乐平,刘莹莹",Q,,,,,,,,,,跑赢行业,,24.0
601939.SH,建设银行,20200331,建设银行年报点评：净息差韧性较好，资产质量优势明显,一般,首份报告,中原证券,王鸿行,2022Q4,76629500.0,,36485400.0,29833900.0,1.19,5.42,,11.0,,增持,,
601939.SH,建设银行,20200331,建设银行年报点评：净息差韧性较好，资产质量优势明显,一般,首份报告,中原证券,王鸿行,2021Q4,73300400.0,,34764700.0,28427900.0,1.14,5.69,,11.33,,增持,,
601939.SH,建设银行,20200331,建设银行年报点评：净息差韧性较好，资产质量优势明显,一般,首份报告,中原证券,王鸿行,2020Q4,71344300.0,,33750200.0,27563900.0,1.1,5.87,,11.89,,增持,,
600507.SH,方大特钢,20200331,方大特钢：普特兼备，上有弹性、下具韧性,深度,首次关注,川财证券,"陈雳,许惠敏,王磊",2022Q4,1776900.0,,295600.0,218700.0,1.51,5.35,,19.1,3.0,增持,,
600507.SH,方大特钢,20200331,方大特钢：普特兼备，上有弹性、下具韧性,深度,首次关注,川财证券,"陈雳,许惠敏,王磊",2021Q4,1680300.0,,279500.0,207200.0,1.43,5.64,,20.7,3.0,增持,,
600507.SH,方大特钢,20200331,方大特钢：普特兼备，上有弹性、下具韧性,深度,首次关注,川财证券,"陈雳,许惠敏,王磊",2020Q4,1600500.0,,244400.0,181400.0,1.25,6.45,,20.9,3.0,增持,,
300661.SZ,圣邦股份,20200331,圣邦股份：内生+外延双轮驱动，模拟芯片龙头前景可期,点评,一般报告,方正证券,"兰飞,贺茂飞",2022Q4,206015.0,,54310.0,50627.0,4.89,54.01,,22.0,,推荐,,
300661.SZ,圣邦股份,20200331,圣邦股份：内生+外延双轮驱动，模拟芯片龙头前景可期,点评,一般报告,方正证券,"兰飞,贺茂飞",2021Q4,149286.0,,38992.0,36348.0,3.51,75.22,,21.0,,推荐,,
300661.SZ,圣邦股份,20200331,圣邦股份：内生+外延双轮驱动，模拟芯片龙头前景可期,点评,一般报告,方正证券,"兰飞,贺茂飞",2020Q4,108968.0,,28956.0,26992.0,2.6,101.3,,19.0,,推荐,,
002438.SZ,江苏神通,20200331,江苏神通2019年报点评：业绩符合预期，乏燃料后处理布局积极,点评,一般报告,国泰君安,"李煜,黄琨",2021Q4,208100.0,,,31600.0,0.65,11.36,0.3,12.6,7.9,增持,,11.2
002438.SZ,江苏神通,20200331,江苏神通2019年报点评：业绩符合预期，乏燃料后处理布局积极,点评,一般报告,国泰君安,"李煜,黄琨",2020Q4,175200.0,,,24000.0,0.49,14.96,0.3,10.9,10.32,增持,,11.2
002438.SZ,江苏神通,20200331,江苏神通2019年报点评：业绩符合预期，乏燃料后处理布局积极,点评,一般报告,国泰君安,"李煜,黄琨",2020Q2,,,,,0.21,,,,,增持,,11.2
002438.SZ,江苏神通,20200331,江苏神通2019年报点评：业绩符合预期，乏燃料后处理布局积极,点评,一般报告,国泰君安,"李煜,黄琨",2020Q1,,,,,0.1,,,,,增持,,11.2
600201.SH,生物股份,20200331,生物股份：周期波动不改长期价值，公司研产平台优势强化,点评,一般报告,东兴证券,程诗月,2022Q4,305832.0,,116300.0,98077.0,0.87,23.74,,14.74,16.24,强烈推荐,,
002242.SZ,九阳股份,20200331,九阳股份：多引擎驱动增长延续，空间可期——2019年报点评,点评,一般报告,中泰证券,邓欣,2022Q4,1340900.0,434500.0,141000.0,120600.0,1.54,18.31,,16.52,,买入,,
002242.SZ,九阳股份,20200331,九阳股份：多引擎驱动增长延续，空间可期——2019年报点评,点评,一般报告,中泰证券,邓欣,2021Q4,1197200.0,386700.0,124400.0,106500.0,1.36,20.74,,17.46,,买入,,
002242.SZ,九阳股份,20200331,九阳股份：多引擎驱动增长延续，空间可期——2019年报点评,点评,一般报告,中泰证券,邓欣,2020Q4,1054800.0,341200.0,109300.0,93300.0,1.19,23.65,,18.55,,买入,,
002242.SZ,九阳股份,20200331,九阳股份：多引擎驱动增长延续，空间可期——2019年报点评,点评,一般报告,中泰证券,邓欣,2019Q4,935100.0,304100.0,122300.0,82400.0,1.07,26.21,,21.96,,买入,,
002438.SZ,江苏神通,20200331,江苏神通2019年报点评：业绩符合预期，乏燃料后处理布局积极,点评,一般报告,国泰君安,"李煜,黄琨",2022Q4,236300.0,,,37000.0,0.76,9.71,0.3,12.9,6.3,增持,,11.2
002438.SZ,江苏神通,20200331,江苏神通2019年报点评：业绩符合预期，乏燃料后处理布局积极,点评,一般报告,国泰君安,"李煜,黄琨",2020Q3,,,,,0.34,,,,,增持,,11.2
600201.SH,生物股份,20200331,生物股份：周期波动不改长期价值，公司研产平台优势强化,点评,一般报告,东兴证券,程诗月,2021Q4,225696.0,,85900.0,72595.0,0.64,32.07,,12.48,21.31,强烈推荐,,
601138.SH,工业富联,20200331,工业富联：提质增效成果显著，新基建带动新成长,点评,一般报告,方正证券,"兰飞,王少南",2022Q4,51590376.0,,3031014.0,2608984.0,1.31,10.05,,16.0,5.07,推荐,,
601138.SH,工业富联,20200331,工业富联：提质增效成果显著，新基建带动新成长,点评,一般报告,方正证券,"兰飞,王少南",2021Q4,46883293.0,,2727376.0,2345322.0,1.18,11.18,,18.0,6.38,推荐,,
601138.SH,工业富联,20200331,工业富联：提质增效成果显著，新基建带动新成长,点评,一般报告,方正证券,"兰飞,王少南",2020Q4,42161235.0,,2384364.0,2031911.0,1.02,12.91,,19.0,7.81,推荐,,
600497.SH,驰宏锌锗,20200331,驰宏锌锗点评报告：铅锌价格下跌影响业绩，锗产业发展提速,点评,首份报告,万联证券,"王思敏,夏振荣",2022Q4,1741724.0,,116144.0,86093.0,0.17,20.76,,4.99,6.15,增持,,
600497.SH,驰宏锌锗,20200331,驰宏锌锗点评报告：铅锌价格下跌影响业绩，锗产业发展提速,点评,首份报告,万联证券,"王思敏,夏振荣",2021Q4,1636331.0,,101619.0,75327.0,0.15,23.72,,4.6,6.09,增持,,
600497.SH,驰宏锌锗,20200331,驰宏锌锗点评报告：铅锌价格下跌影响业绩，锗产业发展提速,点评,首份报告,万联证券,"王思敏,夏振荣",2020Q4,1610087.0,,94877.0,70329.0,0.14,25.41,,4.5,5.62,增持,,
601766.SH,中国中车,20200331,中国中车：订单充足，盈利改善,点评,一般报告,广发证券,"刘芷君,罗立波",2020Q4,24830400.0,5699400.0,1837500.0,1299900.0,0.45,14.7,,8.7,7.29,买入,,9.06
601766.SH,中国中车,20200331,中国中车：订单充足，盈利改善,点评,一般报告,广发证券,"刘芷君,罗立波",2021Q4,27857900.0,6403700.0,2103500.0,1488200.0,0.52,12.84,,9.0,5.67,买入,,9.06
002254.SZ,泰和新材,20200331,泰和新材：年报业绩符合预期，芳纶放量带动成长,点评,一般报告,西南证券,"杨林,黄景文,周峰春,薛聪",2022Q4,413188.0,,66352.0,59107.0,0.97,11.42,1.25,15.18,5.79,买入,,
600528.SH,中铁工业,20200331,中铁工业年报点评：业绩基本符合预期，新签订单快速增长,点评,一般报告,国元证券,满在朋,2022Q4,3189100.0,,344300.0,297900.0,1.34,7.1,,11.7,3.0,买入,,15.0
002202.SZ,金风科技,20200331,金风科技：一季度大幅预增，仍然看好公司中期盈利回升,点评,一般报告,方正证券,"申建国,于化鹏",2022Q4,4589700.0,,447379.0,387916.0,0.92,10.35,,9.2,16.58,推荐,,
600298.SH,安琪酵母,20200331,安琪酵母：收入完成目标，利润短期承压,点评,一般报告,西南证券,"朱会振,周可为",2021Q4,997505.0,,146868.0,123068.0,1.49,21.75,0.78,16.98,13.25,买入,,
002706.SZ,良信电器,20200331,良信电器：专注高端，拥抱新基建,一般,首次关注,东兴证券,"郑丹丹,李远山,张阳",2022Q4,383100.0,,53800.0,46746.0,0.6,19.85,,14.61,12.95,推荐,,
600309.SH,万华化学,20200331,万华化学：业绩符合我们预期，三大优势不断深入,点评,一般报告,申港证券,"曹旭特,刘少卿",2022Q4,9096261.0,,1817300.0,1458848.0,4.65,8.88,,24.5,5.02,买入,,
601766.SH,中国中车,20200331,中国中车：订单充足，盈利改善,点评,一般报告,广发证券,"刘芷君,罗立波",2022Q4,31825572.0,7328874.0,2368700.0,1675700.0,0.58,11.41,,9.2,4.19,买入,,9.06
300661.SZ,圣邦股份,20200331,圣邦股份2019年报的点评：业绩符合预期，内生增长＋外延并购同步发展,一般,首份报告,西部证券,"邢开允,左磊",2020Q4,110200.0,,28500.0,26500.0,2.56,107.9,,21.3,,增持,,
600201.SH,生物股份,20200331,生物股份：周期波动不改长期价值，公司研产平台优势强化,点评,一般报告,东兴证券,程诗月,2020Q4,155372.0,,54400.0,46034.0,0.41,50.57,,8.85,31.59,强烈推荐,,
300003.SZ,乐普医疗,20200331,乐普医疗：定增引入战投优化公司股东结构，创新器械推动公司持续增长,点评,一般报告,华西证券,"崔文亮,谭国超",2021Q4,1211600.0,,381500.0,309200.0,1.74,22.74,,19.3,,买入,,
002202.SZ,金风科技,20200331,金风科技：一季度大幅预增，仍然看好公司中期盈利回升,点评,一般报告,方正证券,"申建国,于化鹏",2020Q4,4493000.0,,377585.0,327950.0,0.78,12.24,,9.6,21.44,推荐,,
603317.SH,天味食品,20200331,天味食品：核心业务高速增长，定制餐调值得关注,点评,一般报告,西南证券,"朱会振,周可为",2020Q4,231736.0,,42558.0,36480.0,0.883,59.69,0.41,13.97,44.84,持有,,
002938.SZ,鹏鼎控股,20200331,鹏鼎控股财报点评：业绩符合预期，逆势稳健增长,点评,一般报告,国信证券,"欧阳仕华,许亮",2021Q4,3353400.0,,455200.0,388200.0,1.68,18.3,2.3,16.2,17.1,买入,,
601390.SH,中国中铁,20200331,中国中铁：Q4扣非净利下滑现金流改善，订单提速显著,点评,一般报告,广发证券,"邹戈,谢璐,尉凯旋",2020Q4,94730300.0,,3242100.0,2450100.0,1.0,5.42,,10.0,3.73,买入,,7.47
603317.SH,天味食品,20200331,天味食品：20年收入指引超预期，渠道扩张有望助力目标达成,点评,一般报告,广发证券,"王永锋,刘景瑜",2021Q4,287700.0,,44500.0,44500.0,1.08,44.44,,16.9,43.51,买入,,54.0
600298.SH,安琪酵母,20200331,安琪酵母：营收增长符合预期，海外拓张有序推进,点评,一般报告,国盛证券,"符蓉,方一苇",2020Q4,878200.0,,122800.0,101100.0,1.23,26.5,,16.8,16.4,增持,,42.0
300003.SZ,乐普医疗,20200331,乐普医疗：定增引入战投优化公司股东结构，创新器械推动公司持续增长,点评,一般报告,华西证券,"崔文亮,谭国超",2022Q4,1490200.0,,471200.0,385800.0,2.17,18.23,,19.4,,买入,,
688029.SH,南微医学,20200331,南微医学：业绩符合预期，疫情影响不改长期成长本色,,首份报告,方正证券,陈家华,2022Q4,239699.0,,67007.0,55962.0,4.2,36.53,,15.0,-2.57,无,,
002254.SZ,泰和新材,20200331,泰和新材：年报业绩符合预期，芳纶放量带动成长,点评,一般报告,西南证券,"杨林,黄景文,周峰春,薛聪",2021Q4,355675.0,,50710.0,45605.0,0.75,14.8,0.83,13.42,8.09,买入,,
002139.SZ,拓邦股份,20200331,拓邦股份2019年年报点评：业绩稳健增长，经营质量有节奏提升,点评,一般报告,国信证券,"程成,马成龙",2023Q4,1005800.0,,,72800.0,0.71,7.6,,19.7,9.8,增持,,
002139.SZ,拓邦股份,20200331,拓邦股份2019年年报点评：业绩稳健增长，经营质量有节奏提升,点评,一般报告,国信证券,"程成,马成龙",2022Q4,804700.0,,68600.0,57900.0,0.57,9.6,4.2,17.7,11.4,增持,,
603317.SH,天味食品,20200331,天味食品：核心业务高速增长，定制餐调值得关注,点评,一般报告,西南证券,"朱会振,周可为",2022Q4,385971.0,,65784.0,56395.0,1.365,38.61,0.61,16.7,28.04,持有,,
002254.SZ,泰和新材,20200331,泰和新材：芳纶业务大放异彩，氨纶竞争力有望重塑,点评,一般报告,国盛证券,"王席鑫,孙琦祥,罗雅婷",2021Q4,411800.0,,55700.0,45200.0,0.74,14.9,,14.0,13.9,买入,,
300674.SZ,宇信科技,20200331,宇信科技：2019年稳健成长，加大研发投入布局长远,一般,首份报告,广发证券,"刘雪峰,王奇珏",2022Q4,523900.0,,60600.0,57500.0,1.44,23.23,,17.8,21.97,买入,,40.31
002938.SZ,鹏鼎控股,20200331,鹏鼎控股财报点评：业绩符合预期，逆势稳健增长,点评,一般报告,国信证券,"欧阳仕华,许亮",2020Q4,2794500.0,,363500.0,310000.0,1.34,22.9,1.8,14.3,21.6,买入,,
688029.SH,南微医学,20200331,南微医学：业绩符合预期，疫情影响不改长期成长本色,,首份报告,方正证券,陈家华,2021Q4,182715.0,,50389.0,42131.0,3.16,48.52,,13.0,-2.41,无,,
002179.SZ,中航光电,20200331,中航光电年报点评：研发费用增长拖累利润释放，低基数或为未来高增长埋下伏笔,点评,一般报告,东兴证券,王习,2020Q4,1090962.0,,153500.0,139062.0,1.263,28.5,,12.96,20.45,强烈推荐,,
002706.SZ,良信电器,20200331,良信电器：专注高端，拥抱新基建,一般,首次关注,东兴证券,"郑丹丹,李远山,张阳",2020Q4,261886.0,,37900.0,32921.0,0.42,28.18,,11.31,18.61,推荐,,
002938.SZ,鹏鼎控股,20200331,鹏鼎控股：业绩符合预期，中长期行业景气度复苏可期,点评,一般报告,广发证券,"许兴军,王亮,彭雾",2020Q4,2920000.0,,358100.0,305300.0,1.32,24.04,,13.4,9.98,买入,,39.63
600298.SH,安琪酵母,20200331,安琪酵母：营收增长符合预期，海外拓张有序推进,点评,一般报告,国盛证券,"符蓉,方一苇",2021Q4,1011600.0,,141600.0,116600.0,1.41,23.0,,16.6,14.0,增持,,42.0
002179.SZ,中航光电,20200331,中航光电年报点评：研发费用增长拖累利润释放，低基数或为未来高增长埋下伏笔,点评,一般报告,东兴证券,王习,2022Q4,1573062.0,,213800.0,195567.0,1.776,20.12,,14.41,14.67,强烈推荐,,
300674.SZ,宇信科技,20200331,宇信科技：2019年稳健成长，加大研发投入布局长远,一般,首份报告,广发证券,"刘雪峰,王奇珏",2020Q4,330700.0,,37000.0,35100.0,0.88,38.08,,15.9,36.69,买入,,40.31
300003.SZ,乐普医疗,20200331,乐普医疗：定增引入战投优化公司股东结构，创新器械推动公司持续增长,点评,一般报告,华西证券,"崔文亮,谭国超",2020Q4,969300.0,,295000.0,238500.0,1.34,29.49,,18.4,,买入,,
002156.SZ,通富微电,20200331,通富微电：与AMD强强联合，2020年保持高速增长,一般,一般报告,国盛证券,"郑震湘,佘凌星,陈永亮",2020Q4,1124300.0,,73700.0,44800.0,0.39,48.5,,9.5,13.9,买入,,
002798.SZ,帝欧家居,20200331,帝欧家居：工程保持较快增长，盈利能力提升,点评,一般报告,西南证券,蔡欣,2022Q4,989050.0,,115546.0,103567.0,2.69,8.97,1.2,17.16,4.99,买入,,
002798.SZ,帝欧家居,20200331,帝欧家居：工程保持较快增长，盈利能力提升,点评,一般报告,西南证券,蔡欣,2021Q4,832689.0,,97957.0,87744.0,2.28,10.58,0.83,17.16,6.36,买入,,
601288.SH,农业银行,20200331,农业银行2019年报点评：资产质量稳中向好,点评,一般报告,国信证券,"王剑,陈俊良,田维韦",2022Q4,75497600.0,,30505400.0,24283200.0,0.694,4.3,6.1,9.9,,买入,,
000807.SZ,云铝股份,20200331,云铝股份点评报告：业绩增长符合预期，定增扩产利润可期,点评,首份报告,万联证券,"王思敏,夏振荣",2020Q4,2531957.0,,55069.0,45714.0,0.15,27.24,,4.01,5.26,增持,,
002139.SZ,拓邦股份,20200331,拓邦股份2019年年报点评：业绩稳健增长，经营质量有节奏提升,点评,一般报告,国信证券,"程成,马成龙",2021Q4,621100.0,,47300.0,40000.0,0.39,13.9,2.9,13.7,15.0,增持,,
688029.SH,南微医学,20200331,南微医学：业绩符合预期，疫情影响不改长期成长本色,,首份报告,方正证券,陈家华,2020Q4,131646.0,,29112.0,24259.0,1.82,84.26,,9.0,-2.93,无,,
601828.SH,美凯龙,20200331,美凯龙：19年收入端保持较快增速，未来家装与新零售业务成长可期,点评,一般报告,华西证券,"徐林锋,聂贻哲",2020Q4,1924192.0,,724790.0,536996.0,1.51,6.17,,10.95,,买入,,16.4
600812.SH,华北制药,20200331,华北制药：经营或将迎来拐点，重磅产品研发进展积极,一般,首份报告,西南证券,"朱国广,陈进",2022Q4,1682640.0,,39448.0,25228.0,0.1547,46.93,0.0,3.96,11.11,持有,,
300661.SZ,圣邦股份,20200331,圣邦股份2019年报的点评：业绩符合预期，内生增长＋外延并购同步发展,一般,首份报告,西部证券,"邢开允,左磊",2021Q4,152400.0,,39200.0,36600.0,3.54,78.1,,23.7,,增持,,
603317.SH,天味食品,20200331,天味食品：核心业务高速增长，定制餐调值得关注,点评,一般报告,西南证券,"朱会振,周可为",2021Q4,300766.0,,51646.0,44279.0,1.072,49.17,0.5,15.03,36.37,持有,,
002139.SZ,拓邦股份,20200331,拓邦股份2019年年报点评：业绩稳健增长，经营质量有节奏提升,点评,一般报告,国信证券,"程成,马成龙",2020Q4,495600.0,,33300.0,28100.0,0.28,19.8,2.0,10.5,19.8,增持,,
002938.SZ,鹏鼎控股,20200331,鹏鼎控股财报点评：业绩符合预期，逆势稳健增长,点评,一般报告,国信证券,"欧阳仕华,许亮",2022Q4,4024100.0,,555300.0,473500.0,2.05,15.0,2.8,17.8,14.2,买入,,
600812.SH,华北制药,20200331,华北制药：经营或将迎来拐点，重磅产品研发进展积极,一般,首份报告,西南证券,"朱国广,陈进",2021Q4,1468189.0,,32352.0,20798.0,0.13,56.93,0.0,3.38,11.79,持有,,
600528.SH,中铁工业,20200331,中铁工业年报点评：业绩基本符合预期，新签订单快速增长,点评,一般报告,国元证券,满在朋,2020Q4,2431400.0,,229200.0,197700.0,0.89,10.7,,10.1,5.0,买入,,15.0
603039.SH,泛微网络,20200331,泛微网络：业绩符合预期，还原后净利润快速增长,点评,一般报告,西南证券,"朱芸,朱松,刘忠腾",2020Q4,172122.0,,19124.0,18412.0,1.21,59.03,0.26,17.04,51.06,持有,,
600812.SH,华北制药,20200331,华北制药：经营或将迎来拐点，重磅产品研发进展积极,一般,首份报告,西南证券,"朱国广,陈进",2020Q4,1273168.0,,26237.0,17180.0,0.1053,68.92,0.0,2.84,12.69,持有,,
000807.SZ,云铝股份,20200331,云铝股份点评报告：业绩增长符合预期，定增扩产利润可期,点评,首份报告,万联证券,"王思敏,夏振荣",2022Q4,3018629.0,,80022.0,66428.0,0.21,18.74,,5.26,4.15,增持,,
000807.SZ,云铝股份,20200331,云铝股份点评报告：业绩增长符合预期，定增扩产利润可期,点评,首份报告,万联证券,"王思敏,夏振荣",2021Q4,2778710.0,,67308.0,55874.0,0.18,22.28,,4.67,4.59,增持,,
300674.SZ,宇信科技,20200331,宇信科技：2019年稳健成长，加大研发投入布局长远,一般,首份报告,广发证券,"刘雪峰,王奇珏",2021Q4,415800.0,,47800.0,45300.0,1.13,29.47,,17.0,28.21,买入,,40.31
002254.SZ,泰和新材,20200331,泰和新材：芳纶业务大放异彩，氨纶竞争力有望重塑,点评,一般报告,国盛证券,"王席鑫,孙琦祥,罗雅婷",2022Q4,485900.0,,66600.0,54500.0,0.89,12.4,,14.5,10.9,买入,,
603039.SH,泛微网络,20200331,泛微网络：业绩符合预期，还原后净利润快速增长,点评,一般报告,西南证券,"朱芸,朱松,刘忠腾",2021Q4,227872.0,,24955.0,23776.0,1.57,45.72,0.34,18.56,37.47,持有,,
002156.SZ,通富微电,20200331,通富微电：与AMD强强联合，2020年保持高速增长,一般,一般报告,国盛证券,"郑震湘,佘凌星,陈永亮",2022Q4,1756200.0,,172500.0,94600.0,0.82,22.9,,15.8,8.0,买入,,
002156.SZ,通富微电,20200331,通富微电：与AMD强强联合，2020年保持高速增长,一般,一般报告,国盛证券,"郑震湘,佘凌星,陈永亮",2021Q4,1427800.0,,126800.0,75900.0,0.66,28.6,,13.7,9.8,买入,,
600298.SH,安琪酵母,20200331,安琪酵母：收入完成目标，利润短期承压,点评,一般报告,西南证券,"朱会振,周可为",2020Q4,872975.0,,124295.0,104700.0,1.27,25.56,0.67,16.86,15.94,买入,,
603317.SH,天味食品,20200331,天味食品：20年收入指引超预期，渠道扩张有望助力目标达成,点评,一般报告,广发证券,"王永锋,刘景瑜",2022Q4,366500.0,,58500.0,58500.0,1.42,33.82,,18.2,32.1,买入,,54.0
002202.SZ,金风科技,20200331,金风科技：一季度大幅预增，仍然看好公司中期盈利回升,点评,一般报告,方正证券,"申建国,于化鹏",2019Q4,3824455.0,,256111.0,220985.0,0.52,22.85,,7.2,18.18,推荐,,
603317.SH,天味食品,20200331,天味食品：20年收入指引超预期，渠道扩张有望助力目标达成,点评,一般报告,广发证券,"王永锋,刘景瑜",2020Q4,225300.0,,34500.0,34500.0,0.84,57.34,,15.8,57.13,买入,,54.0
002938.SZ,鹏鼎控股,20200331,鹏鼎控股：业绩符合预期，中长期行业景气度复苏可期,点评,一般报告,广发证券,"许兴军,王亮,彭雾",2022Q4,5007700.0,,671600.0,572700.0,2.48,12.82,,17.3,7.97,买入,,39.63
600298.SH,安琪酵母,20200331,安琪酵母：收入完成目标，利润短期承压,点评,一般报告,西南证券,"朱会振,周可为",2022Q4,1140017.0,,173628.0,145415.0,1.76,18.41,0.92,17.14,10.83,买入,,
002798.SZ,帝欧家居,20200331,帝欧家居：工程保持较快增长，盈利能力提升,点评,一般报告,西南证券,蔡欣,2020Q4,686616.0,,79376.0,71180.0,1.85,13.04,0.99,16.5,8.12,买入,,
600528.SH,中铁工业,20200331,中铁工业年报点评：业绩基本符合预期，新签订单快速增长,点评,一般报告,国元证券,满在朋,2021Q4,2885300.0,,293200.0,254200.0,1.14,8.32,,11.4,4.0,买入,,15.0
601390.SH,中国中铁,20200331,中国中铁：Q4扣非净利下滑现金流改善，订单提速显著,点评,一般报告,广发证券,"邹戈,谢璐,尉凯旋",2021Q4,103785400.0,,3568800.0,2697100.0,1.1,4.92,,9.9,4.64,买入,,7.47
601288.SH,农业银行,20200331,农业银行2019年报点评：资产质量稳中向好,点评,一般报告,国信证券,"王剑,陈俊良,田维韦",2020Q4,65931500.0,,27855700.0,22166800.0,0.633,4.7,5.6,10.8,,买入,,
002254.SZ,泰和新材,20200331,泰和新材：年报业绩符合预期，芳纶放量带动成长,点评,一般报告,西南证券,"杨林,黄景文,周峰春,薛聪",2020Q4,280018.0,,33701.0,29893.0,0.49,22.58,0.88,10.03,12.47,买入,,
601828.SH,美凯龙,20200331,美凯龙：19年收入端保持较快增速，未来家装与新零售业务成长可期,点评,一般报告,华西证券,"徐林锋,聂贻哲",2019Q4,1646924.0,,606050.0,447968.0,1.26,7.4,,9.98,,买入,,16.4
603039.SH,泛微网络,20200331,泛微网络：业绩符合预期，还原后净利润快速增长,点评,一般报告,西南证券,"朱芸,朱松,刘忠腾",2022Q4,298248.0,,32040.0,30527.0,2.01,35.61,0.44,19.84,27.47,持有,,
300661.SZ,圣邦股份,20200331,圣邦股份2019年报的点评：业绩符合预期，内生增长＋外延并购同步发展,一般,首份报告,西部证券,"邢开允,左磊",2022Q4,208900.0,,54000.0,50500.0,4.88,56.6,,25.8,,增持,,
002202.SZ,金风科技,20200331,金风科技：一季度大幅预增，仍然看好公司中期盈利回升,点评,一般报告,方正证券,"申建国,于化鹏",2021Q4,4537800.0,,450953.0,391203.0,0.93,10.26,,10.2,16.39,推荐,,
300661.SZ,圣邦股份,20200331,圣邦股份：内生外延同驱动，模拟IC龙头蓄势待发,点评,一般报告,华西证券,"孙远峰,王海维",2021Q4,208200.0,,50368.0,47346.0,4.57,57.75,,25.08,,买入,,
002706.SZ,良信电器,20200331,良信电器：专注高端，拥抱新基建,一般,首次关注,东兴证券,"郑丹丹,李远山,张阳",2021Q4,320282.0,,45600.0,39585.0,0.5,23.44,,13.02,15.4,推荐,,
002254.SZ,泰和新材,20200331,泰和新材：芳纶业务大放异彩，氨纶竞争力有望重塑,点评,一般报告,国盛证券,"王席鑫,孙琦祥,罗雅婷",2020Q4,343200.0,,40700.0,31800.0,0.52,21.2,,11.7,17.6,买入,,
601288.SH,农业银行,20200331,农业银行2019年报点评：资产质量稳中向好,点评,一般报告,国信证券,"王剑,陈俊良,田维韦",2021Q4,70627100.0,,29085700.0,23149200.0,0.661,4.5,5.8,10.3,,买入,,
002938.SZ,鹏鼎控股,20200331,鹏鼎控股：业绩符合预期，中长期行业景气度复苏可期,点评,一般报告,广发证券,"许兴军,王亮,彭雾",2021Q4,3962400.0,,522100.0,445200.0,1.93,16.49,,16.3,10.63,买入,,39.63
600298.SH,安琪酵母,20200331,安琪酵母：营收增长符合预期，海外拓张有序推进,点评,一般报告,国盛证券,"符蓉,方一苇",2022Q4,1160800.0,,163500.0,134700.0,1.63,19.9,,16.4,12.2,增持,,42.0
300661.SZ,圣邦股份,20200331,圣邦股份：内生外延同驱动，模拟IC龙头蓄势待发,点评,一般报告,华西证券,"孙远峰,王海维",2022Q4,295600.0,,72011.0,67691.0,6.53,40.39,,26.4,,买入,,
002179.SZ,中航光电,20200331,中航光电年报点评：研发费用增长拖累利润释放，低基数或为未来高增长埋下伏笔,点评,一般报告,东兴证券,王习,2021Q4,1317872.0,,178900.0,163140.0,1.482,24.23,,13.56,16.59,强烈推荐,,
601390.SH,中国中铁,20200331,中国中铁：Q4扣非净利下滑现金流改善，订单提速显著,点评,一般报告,广发证券,"邹戈,谢璐,尉凯旋",2022Q4,113727700.0,,3923900.0,2965400.0,1.21,4.47,,9.8,3.87,买入,,7.47
601828.SH,美凯龙,20200331,美凯龙：19年收入端保持较快增速，未来家装与新零售业务成长可期,点评,一般报告,华西证券,"徐林锋,聂贻哲",2021Q4,2375287.0,,842836.0,624151.0,1.76,5.31,,11.83,,买入,,16.4
600309.SH,万华化学,20200331,万华化学：业绩符合我们预期，三大优势不断深入,点评,一般报告,申港证券,"曹旭特,刘少卿",2021Q4,8361656.0,,1722200.0,1390705.0,4.43,9.32,,26.3,5.58,买入,,
600309.SH,万华化学,20200331,万华化学：业绩符合我们预期，三大优势不断深入,点评,一般报告,申港证券,"曹旭特,刘少卿",2020Q4,7321091.0,,1061000.0,872891.0,2.78,14.85,,18.7,8.49,买入,,
300661.SZ,圣邦股份,20200331,圣邦股份：内生外延同驱动，模拟IC龙头蓄势待发,点评,一般报告,华西证券,"孙远峰,王海维",2020Q4,131600.0,,32805.0,30837.0,2.98,88.67,,21.81,,买入,,
601238.SH,广汽集团,20200331,广汽集团：自主拖累业绩表现，日系逆势增长,点评,一般报告,方正证券,"于特,李金锦",2022Q4,8611343.0,,1151295.0,1116994.0,1.09,9.67,,10.0,,推荐,,
601811.SH,新华文轩,20200331,新华文轩：少儿图书带动高速成长,点评,一般报告,西南证券,刘言,2022Q4,1221460.0,,149825.0,149820.0,1.21,8.51,2.2,12.89,1.54,买入,,
601238.SH,广汽集团,20200331,广汽集团：自主拖累业绩表现，日系逆势增长,点评,一般报告,方正证券,"于特,李金锦",2021Q4,7814387.0,,1004436.0,996056.0,0.97,10.84,,10.0,,推荐,,
600754.SH,锦江酒店,20200331,锦江酒店首次覆盖：整合＋扩张提速，酒店龙头逆势成长,深度,首次关注,西部证券,"许光辉,李艳丽",2022Q4,1851500.0,,256300.0,162700.0,1.7,14.2,,9.1,,买入,,34.8
600754.SH,锦江酒店,20200331,锦江酒店首次覆盖：整合＋扩张提速，酒店龙头逆势成长,深度,首次关注,西部证券,"许光辉,李艳丽",2021Q4,1719100.0,,218500.0,139300.0,1.45,16.6,,8.6,,买入,,34.8
601811.SH,新华文轩,20200331,新华文轩：少儿图书带动高速成长,点评,一般报告,西南证券,刘言,2021Q4,1094460.0,,140152.0,140320.0,1.14,9.08,1.99,13.44,2.67,买入,,
601811.SH,新华文轩,20200331,新华文轩：少儿图书带动高速成长,点评,一般报告,西南证券,刘言,2020Q4,980720.0,,125192.0,126580.0,1.03,10.07,1.79,13.54,4.01,买入,,
601238.SH,广汽集团,20200331,广汽集团：自主拖累业绩表现，日系逆势增长,点评,一般报告,方正证券,"于特,李金锦",2020Q4,6880473.0,,848673.0,859630.0,0.84,12.56,,10.0,,推荐,,
601238.SH,广汽集团,20200331,广汽集团：自主拖累业绩表现，日系逆势增长,点评,一般报告,方正证券,"于特,李金锦",2019Q4,5970432.0,,629396.0,661754.0,0.65,16.32,,8.0,,推荐,,
600449.SH,宁夏建材,20200331,宁夏建材2019年财报点评：费用管控成果显著，区域格局改善可期,点评,首份报告,国信证券,"黄道立,陈颖,冯梦琪",2020Q4,508300.0,,121300.0,96500.0,2.02,6.2,13.1,16.7,5.4,买入,,
600309.SH,万华化学,20200331,万华化学：逆势扩张厚根基，欲再顺势领风骚,一般,一般报告,方正证券,"刘万鹏,李永磊",2022Q4,11572625.0,,2363818.0,1896485.0,6.04,6.62,,21.8,5.8,强烈推荐,,
600309.SH,万华化学,20200331,万华化学：逆势扩张厚根基，欲再顺势领风骚,一般,一般报告,方正证券,"刘万鹏,李永磊",2021Q4,9258100.0,,1820077.0,1461713.0,4.66,8.59,,21.5,7.89,强烈推荐,,
600298.SH,安琪酵母,20200331,安琪酵母2019年年报点评：税率波动压制业绩，经营目标稳健,点评,一般报告,国信证券,"陈梦瑶,郭尉",2022Q4,1180400.0,,172900.0,141000.0,1.71,18.98,2.2,19.7,13.7,买入,38.0,36.5
600298.SH,安琪酵母,20200331,安琪酵母2019年年报点评：税率波动压制业绩，经营目标稳健,点评,一般报告,国信证券,"陈梦瑶,郭尉",2021Q4,1024700.0,,147600.0,120400.0,1.46,22.24,1.9,19.0,15.0,买入,38.0,36.5
600298.SH,安琪酵母,20200331,安琪酵母2019年年报点评：税率波动压制业绩，经营目标稳健,点评,一般报告,国信证券,"陈梦瑶,郭尉",2020Q4,888100.0,,127200.0,103700.0,1.26,25.8,1.6,18.4,16.6,买入,38.0,36.5
600066.SH,宇通客车,20200331,宇通客车2019年年报点评：市占率持续提升，现金流改善显著,一般,一般报告,国信证券,"梁超,唐旭霞",2021Q4,3028800.0,706966.0,227800.0,209600.0,0.95,13.8,3.6,10.7,23.1,买入,,
300438.SZ,鹏辉能源,20200331,鹏辉能源首次覆盖：深耕电池业二十载，消费、动力、储能齐发力,深度,首次关注,西部证券,"杨敬梅,李航",2021Q4,627000.0,,74300.0,63300.0,2.25,9.9,,20.1,,买入,,37.25
600449.SH,宁夏建材,20200331,宁夏建材2019年财报点评：费用管控成果显著，区域格局改善可期,点评,首份报告,国信证券,"黄道立,陈颖,冯梦琪",2022Q4,567900.0,,140800.0,112000.0,2.34,5.3,15.2,18.1,5.1,买入,,
300438.SZ,鹏辉能源,20200331,鹏辉能源首次覆盖：深耕电池业二十载，消费、动力、储能齐发力,深度,首次关注,西部证券,"杨敬梅,李航",2020Q4,466100.0,,49000.0,42000.0,1.49,15.0,,15.9,,买入,,37.25
300438.SZ,鹏辉能源,20200331,鹏辉能源首次覆盖：深耕电池业二十载，消费、动力、储能齐发力,深度,首次关注,西部证券,"杨敬梅,李航",2019Q4,336400.0,,23100.0,19900.0,0.71,31.6,,8.5,,买入,,37.25
300188.SZ,美亚柏科,20200331,美亚柏科：取证和大数据高景气，公司重回快增长轨道,点评,一般报告,西南证券,"朱芸,朱松,刘忠腾",2022Q4,495130.0,,76754.0,70850.0,0.88,22.48,0.67,17.17,16.97,持有,,
300188.SZ,美亚柏科,20200331,美亚柏科：取证和大数据高景气，公司重回快增长轨道,点评,一般报告,西南证券,"朱芸,朱松,刘忠腾",2020Q4,279070.0,,42940.0,39637.0,0.49,40.19,0.36,12.9,31.26,持有,,
300188.SZ,美亚柏科,20200331,美亚柏科2019年年报点评：电子取证拓展顺利，大数据保持高速增长,点评,一般报告,国信证券,"熊莉,库宏垚",2022Q4,465700.0,,82200.0,74200.0,0.92,21.5,1.0,17.2,23.4,买入,,
300188.SZ,美亚柏科,20200331,美亚柏科2019年年报点评：电子取证拓展顺利，大数据保持高速增长,点评,一般报告,国信证券,"熊莉,库宏垚",2021Q4,366600.0,,63300.0,57200.0,0.71,27.9,0.8,15.3,29.7,买入,,
600066.SH,宇通客车,20200331,宇通客车2019年年报点评：市占率持续提升，现金流改善显著,一般,一般报告,国信证券,"梁超,唐旭霞",2022Q4,3151200.0,750249.0,270500.0,246200.0,1.11,11.7,4.3,11.9,20.6,买入,,
300188.SZ,美亚柏科,20200331,美亚柏科2019年年报点评：电子取证拓展顺利，大数据保持高速增长,点评,一般报告,国信证券,"熊莉,库宏垚",2020Q4,279200.0,,47600.0,43000.0,0.53,37.0,0.6,13.1,38.8,买入,,
002436.SZ,兴森科技,20200331,兴森科技：管理改善增效，载板进阶提速,点评,一般报告,太平洋证券,"王凌涛,沈钱",2022Q4,928000.0,,98800.0,75000.0,0.5,21.87,,16.0,15.14,增持,,13.42
002436.SZ,兴森科技,20200331,兴森科技：管理改善增效，载板进阶提速,点评,一般报告,太平洋证券,"王凌涛,沈钱",2021Q4,742400.0,,75000.0,57000.0,0.38,28.77,,15.0,19.06,增持,,13.42
600066.SH,宇通客车,20200331,宇通客车2019年年报点评：市占率持续提升，现金流改善显著,一般,一般报告,国信证券,"梁超,唐旭霞",2020Q4,2988900.0,688564.0,203100.0,188900.0,0.85,15.3,3.3,10.2,24.9,买入,,
002436.SZ,兴森科技,20200331,兴森科技：管理改善增效，载板进阶提速,点评,一般报告,太平洋证券,"王凌涛,沈钱",2020Q4,545900.0,,54700.0,41900.0,0.28,39.12,,13.0,26.35,增持,,13.42
000157.SZ,中联重科,20200331,中联重科：砥砺前行，持续攀高,点评,一般报告,国盛证券,"姚健,彭元立",2022Q4,5123300.0,,666600.0,579100.0,0.74,7.48,,10.1,4.5,增持,,
000157.SZ,中联重科,20200331,中联重科：砥砺前行，持续攀高,点评,一般报告,国盛证券,"姚健,彭元立",2021Q4,5228000.0,,651700.0,566200.0,0.72,7.64,,11.0,5.2,增持,,
000157.SZ,中联重科,20200331,中联重科：砥砺前行，持续攀高,点评,一般报告,国盛证券,"姚健,彭元立",2020Q4,4938000.0,,598400.0,519800.0,0.66,8.43,,11.4,6.3,增持,,
601688.SH,华泰证券,20200331,华泰证券：调架构促激励，继续担当行业的赶超者,一般,一般报告,广发证券,"陈福,陈卉",2021Q4,3689900.0,,1834500.0,1294500.0,1.43,,,9.4,,买入,,26.42
601688.SH,华泰证券,20200331,华泰证券：调架构促激励，继续担当行业的赶超者,一般,一般报告,广发证券,"陈福,陈卉",2020Q4,3110100.0,,1559700.0,1100600.0,1.21,,,8.6,,买入,,26.42
601138.SH,工业富联,20200331,工业富联：2019年业务整体平稳，双轮驱动前景可期,点评,一般报告,华西证券,"孙远峰,王臣复",2022Q4,61051865.0,,2711839.0,2440472.0,1.23,10.43,,15.81,,买入,,
601138.SH,工业富联,20200331,工业富联：2019年业务整体平稳，双轮驱动前景可期,点评,一般报告,华西证券,"孙远峰,王臣复",2021Q4,55498954.0,,2464742.0,2218128.0,1.12,11.48,,17.07,,买入,,
300003.SZ,乐普医疗,20200331,乐普医疗：2019年业绩快速增长，受疫情影响2020年一季度承压,一般,一般报告,国盛证券,"邓云龙,张金洋",2022Q4,1232300.0,,457900.0,382900.0,2.15,18.4,,23.0,12.8,买入,,
300003.SZ,乐普医疗,20200331,乐普医疗：2019年业绩快速增长，受疫情影响2020年一季度承压,一般,一般报告,国盛证券,"邓云龙,张金洋",2021Q4,1022800.0,,350300.0,292900.0,1.64,24.0,,22.5,17.5,买入,,
300003.SZ,乐普医疗,20200331,乐普医疗：2019年业绩快速增长，受疫情影响2020年一季度承压,一般,一般报告,国盛证券,"邓云龙,张金洋",2020Q4,849400.0,,268500.0,224500.0,1.26,31.3,,21.9,22.8,买入,,
600486.SH,扬农化工,20200331,扬农化工：农药景气有望复苏，公司立足更高平台,一般,一般报告,粤开证券,于庭泽,2021Q4,1099630.0,,178960.0,146140.0,4.72,14.29,,18.6,,买入,,
600486.SH,扬农化工,20200331,扬农化工：农药景气有望复苏，公司立足更高平台,一般,一般报告,粤开证券,于庭泽,2020Q4,943890.0,,152670.0,124840.0,4.03,16.73,,19.0,,买入,,
600486.SH,扬农化工,20200331,扬农化工：农药景气有望复苏，公司立足更高平台,一般,一般报告,粤开证券,于庭泽,2019Q4,820060.0,,136770.0,111960.0,3.61,18.66,,20.4,,买入,,
002438.SZ,江苏神通,20200331,江苏神通2019年报点评：业绩持续高增长，业务多点开花值得期待,点评,一般报告,国信证券,"贺泽安,吴双",2022Q4,260442.0,,47800.0,43007.0,0.89,8.36,2.5,15.49,13.01,买入,,
002438.SZ,江苏神通,20200331,江苏神通2019年报点评：业绩持续高增长，业务多点开花值得期待,点评,一般报告,国信证券,"贺泽安,吴双",2021Q4,215187.0,,38100.0,34298.0,0.71,10.48,2.2,14.09,15.98,买入,,
002438.SZ,江苏神通,20200331,江苏神通2019年报点评：业绩持续高增长，业务多点开花值得期待,点评,一般报告,国信证券,"贺泽安,吴双",2020Q4,173190.0,,28000.0,25082.0,0.52,14.33,1.4,11.56,20.08,买入,,
603179.SH,新泉股份,20200331,新泉股份2019年年报点评：自主到合资，客户结构持续改善,一般,首次关注,国信证券,"梁超,何俊艺",2022Q4,488100.0,,36800.0,34400.0,1.521,12.9,5.7,17.9,16.7,增持,,
600449.SH,宁夏建材,20200331,宁夏建材2019年财报点评：费用管控成果显著，区域格局改善可期,点评,首份报告,国信证券,"黄道立,陈颖,冯梦琪",2021Q4,538800.0,,134300.0,106800.0,2.23,5.6,14.5,17.9,5.1,买入,,
600309.SH,万华化学,20200331,万华化学：逆势扩张厚根基，欲再顺势领风骚,一般,一般报告,方正证券,"刘万鹏,李永磊",2020Q4,7706700.0,,1381251.0,1090137.0,3.47,11.52,,20.4,10.67,强烈推荐,,
603179.SH,新泉股份,20200331,新泉股份2019年年报点评：自主到合资，客户结构持续改善,一般,首次关注,国信证券,"梁超,何俊艺",2021Q4,412500.0,,29300.0,27400.0,1.211,16.2,4.6,15.0,18.4,增持,,
600754.SH,锦江酒店,20200331,锦江酒店首次覆盖：整合＋扩张提速，酒店龙头逆势成长,深度,首次关注,西部证券,"许光辉,李艳丽",2020Q4,1331300.0,,73700.0,45200.0,0.47,51.0,,3.1,,买入,,34.8
300188.SZ,美亚柏科,20200331,美亚柏科：取证和大数据高景气，公司重回快增长轨道,点评,一般报告,西南证券,"朱芸,朱松,刘忠腾",2021Q4,373390.0,,57606.0,53175.0,0.66,29.96,0.5,15.09,23.12,持有,,
601688.SH,华泰证券,20200331,华泰证券：调架构促激励，继续担当行业的赶超者,一般,一般报告,广发证券,"陈福,陈卉",2022Q4,4372700.0,,2164300.0,1527200.0,1.68,,,10.4,,买入,,26.42
601138.SH,工业富联,20200331,工业富联：2019年业务整体平稳，双轮驱动前景可期,点评,一般报告,华西证券,"孙远峰,王臣复",2020Q4,44629848.0,,2056685.0,1912528.0,0.96,13.31,,17.75,,买入,,
603179.SH,新泉股份,20200331,新泉股份2019年年报点评：自主到合资，客户结构持续改善,一般,首次关注,国信证券,"梁超,何俊艺",2020Q4,346000.0,,23000.0,21500.0,0.951,20.6,3.6,12.2,21.4,增持,,
603018.SH,中设集团,20200331,中设集团：设计龙头，基建刺激提估值,深度,一般报告,国信证券,周松,2022Q4,828200.0,,111400.0,92900.0,2.0,5.7,4.8,20.4,10.1,买入,,
603018.SH,中设集团,20200331,中设集团：设计龙头，基建刺激提估值,深度,一般报告,国信证券,周松,2020Q4,568900.0,,75400.0,62900.0,1.35,8.4,3.3,18.9,11.5,买入,,
601288.SH,农业银行,20200331,农业银行：PPOP增速环比回升，不良实现环比双降,点评,一般报告,广发证券,"倪军,屈俊,万思华",2022Q4,72447300.0,,29847000.0,24372500.0,0.696,4.99,6.32,11.11,,买入,,4.35
601288.SH,农业银行,20200331,农业银行：PPOP增速环比回升，不良实现环比双降,点评,一般报告,广发证券,"倪军,屈俊,万思华",2021Q4,68381900.0,,28163800.0,22997100.0,0.657,5.3,5.97,11.35,,买入,,4.35
600372.SH,中航电子,20200331,中航电子2019年年报点评：净利润同比增长16％，现金流大幅改善,点评,一般报告,东莞证券,李隆海,2020Q4,935400.0,,78100.0,64200.0,0.36,35.0,,,,推荐,,
601288.SH,农业银行,20200331,农业银行：PPOP增速环比回升，不良实现环比双降,点评,一般报告,广发证券,"倪军,屈俊,万思华",2020Q4,65220300.0,,27259700.0,21989500.0,0.628,5.54,5.7,11.79,,买入,,4.35
603018.SH,中设集团,20200331,中设集团：设计龙头，基建刺激提估值,深度,一般报告,国信证券,周松,2021Q4,687600.0,,92000.0,76700.0,1.65,6.9,4.0,19.8,10.7,买入,,
600372.SH,中航电子,20200331,中航电子2019年年报点评：净利润同比增长16％，现金流大幅改善,点评,一般报告,东莞证券,李隆海,2021Q4,1055200.0,,89400.0,73500.0,0.42,31.0,,,,推荐,,
002258.SZ,利尔化学,20200331,利尔化学：技术优势打造护城河，草铵膦龙头腾飞在即,深度,一般报告,广发证券,"郭敏,吴鑫然,何雄",2021Q4,510800.0,,90100.0,68000.0,1.3,11.35,,16.4,5.82,买入,,16.0
688388.SH,嘉元科技,20200331,嘉元科技：轻薄化产品优势推动高质量高增速,,一般报告,广发证券,"陈子坤,巨国贤,纪成炜,黄礼恒",2022Q4,205159.0,,82300.0,70776.0,3.07,15.52,,16.7,9.85,买入,,87.1
688388.SH,嘉元科技,20200331,嘉元科技：轻薄化产品优势推动高质量高增速,,一般报告,广发证券,"陈子坤,巨国贤,纪成炜,黄礼恒",2021Q4,184608.0,,66500.0,57200.0,2.48,19.2,,16.2,12.71,买入,,87.1
688388.SH,嘉元科技,20200331,嘉元科技：轻薄化产品优势推动高质量高增速,,一般报告,广发证券,"陈子坤,巨国贤,纪成炜,黄礼恒",2020Q4,166662.0,,52400.0,44567.0,1.93,24.64,,15.0,16.8,买入,,87.1
002258.SZ,利尔化学,20200331,利尔化学：技术优势打造护城河，草铵膦龙头腾飞在即,深度,一般报告,广发证券,"郭敏,吴鑫然,何雄",2022Q4,582100.0,,107700.0,83300.0,1.59,9.27,,17.1,4.44,买入,,16.0
002258.SZ,利尔化学,20200331,利尔化学：技术优势打造护城河，草铵膦龙头腾飞在即,深度,一般报告,广发证券,"郭敏,吴鑫然,何雄",2020Q4,445100.0,,57100.0,42100.0,0.8,18.32,,11.8,8.65,买入,,16.0
002507.SZ,涪陵榨菜,20200331,涪陵榨菜2019年年报点评：市场投入对业绩有正面影响,一般,一般报告,中原证券,刘冉,2022Q4,243380.0,,88780.0,75460.0,0.96,31.2,1.0,17.2,22.5,增持,,
002507.SZ,涪陵榨菜,20200331,涪陵榨菜2019年年报点评：市场投入对业绩有正面影响,一般,一般报告,中原证券,刘冉,2020Q4,211280.0,,82620.0,69810.0,0.88,33.8,0.9,20.8,25.5,增持,,
600588.SH,用友网络,20200331,用友网络：握龙头优势，乘行业东风,点评,首次评级,财通证券,赵成,2022Q4,1136400.0,,219500.0,167900.0,0.67,62.6,0.9,17.8,38.5,增持,,43.0
600588.SH,用友网络,20200331,用友网络：握龙头优势，乘行业东风,点评,首次评级,财通证券,赵成,2021Q4,1038300.0,,165600.0,126700.0,0.51,83.0,0.7,14.6,49.1,增持,,43.0
600588.SH,用友网络,20200331,用友网络：握龙头优势，乘行业东风,点评,首次评级,财通证券,赵成,2020Q4,950100.0,,136700.0,104600.0,0.42,100.6,0.5,12.9,57.7,增持,,43.0
600309.SH,万华化学,20200331,万华化学：业绩保持稳健，看好未来发展,点评,一般报告,西南证券,"杨林,黄景文,周峰春,薛聪",2022Q4,9679200.0,,1685366.0,1395155.0,4.44,9.0,2.06,18.98,4.7,买入,,
600309.SH,万华化学,20200331,万华化学：业绩保持稳健，看好未来发展,点评,一般报告,西南证券,"杨林,黄景文,周峰春,薛聪",2021Q4,8549400.0,,1560327.0,1291646.0,4.11,9.72,1.76,20.82,5.88,买入,,
600309.SH,万华化学,20200331,万华化学：业绩保持稳健，看好未来发展,点评,一般报告,西南证券,"杨林,黄景文,周峰春,薛聪",2020Q4,7438500.0,,1336075.0,1106009.0,3.52,11.36,1.61,21.58,7.62,买入,,
002367.SZ,康力电梯,20200331,康力电梯：业绩高增长，符合预期,点评,一般报告,西南证券,"倪正洋,梁美美",2022Q4,463400.0,137700.0,45580.0,38743.0,0.49,17.6,1.44,10.57,10.7,持有,,
002367.SZ,康力电梯,20200331,康力电梯：业绩高增长，符合预期,点评,一般报告,西南证券,"倪正洋,梁美美",2021Q4,412200.0,122500.0,38546.0,32764.0,0.41,20.82,1.26,9.7,12.81,持有,,
603993.SH,洛阳钼业,20200331,洛阳钼业年报点评：行业寒冬苦练内功，提升外延和内生能力,点评,一般报告,中原证券,周建华,2022Q4,11494900.0,,840700.0,589200.0,0.27,12.6,,10.3,7.5,增持,,
603993.SH,洛阳钼业,20200331,洛阳钼业年报点评：行业寒冬苦练内功，提升外延和内生能力,点评,一般报告,中原证券,周建华,2021Q4,9619100.0,,657100.0,433600.0,0.2,17.1,,8.5,9.8,增持,,
603993.SH,洛阳钼业,20200331,洛阳钼业年报点评：行业寒冬苦练内功，提升外延和内生能力,点评,一般报告,中原证券,周建华,2020Q4,8165600.0,,430700.0,299000.0,0.14,24.8,,6.2,11.1,增持,,
600298.SH,安琪酵母,20200331,安琪酵母：业绩符合预期，20年有望稳定增长,点评,一般报告,广发证券,"王永锋,王文丹,陈涛",2022Q4,1130100.0,,167900.0,135300.0,1.64,19.78,,18.0,11.82,买入,,37.2
600298.SH,安琪酵母,20200331,安琪酵母：业绩符合预期，20年有望稳定增长,点评,一般报告,广发证券,"王永锋,王文丹,陈涛",2020Q4,878600.0,,130000.0,102200.0,1.24,26.18,,17.2,15.81,买入,,37.2
002179.SZ,中航光电,20200331,中航光电：短期业绩增速放缓，加大研发决胜未来,点评,一般报告,广发证券,"赵炳楠,李炼",2022Q4,1622900.0,,214600.0,183200.0,1.66,20.65,,13.6,16.15,买入,,42.84
002179.SZ,中航光电,20200331,中航光电：短期业绩增速放缓，加大研发决胜未来,点评,一般报告,广发证券,"赵炳楠,李炼",2020Q4,1125900.0,,152800.0,130400.0,1.18,29.01,,13.3,22.3,买入,,42.84
603181.SH,皇马科技,20200331,皇马科技：业绩维持高增长，新产能释放在即,点评,首次关注,安信证券,"张汪强,乔璐",2022Q4,299290.0,,52630.0,46050.0,1.64,8.5,0.0,16.6,2.2,买入,,16.5
603181.SH,皇马科技,20200331,皇马科技：业绩维持高增长，新产能释放在即,点评,首次关注,安信证券,"张汪强,乔璐",2021Q4,249410.0,,42280.0,37000.0,1.32,10.6,0.0,16.0,2.7,买入,,16.5
002594.SZ,比亚迪,20200331,比亚迪：业绩符合预期，刀片电池发布将提升新能源车竞争力,点评,一般报告,东方证券,"姜雪晴,周翰",2021Q4,17086800.0,,471000.0,352700.0,1.29,46.4,,5.8,8.4,增持,,68.25
002594.SZ,比亚迪,20200331,比亚迪：业绩符合预期，刀片电池发布将提升新能源车竞争力,点评,一般报告,东方证券,"姜雪晴,周翰",2019Q4,12777300.0,,276800.0,161100.0,0.59,101.5,,2.9,13.9,增持,,68.25
002033.SZ,丽江股份,20200331,丽江股份2019年年报点评：业绩符合预期，兼顾区域整合与股权进展,点评,一般报告,国信证券,"曾光,钟潇,姜甜",2022Q4,79100.0,,32900.0,24000.0,0.44,13.5,1.1,8.1,10.4,增持,,
002033.SZ,丽江股份,20200331,丽江股份2019年年报点评：业绩符合预期，兼顾区域整合与股权进展,点评,一般报告,国信证券,"曾光,钟潇,姜甜",2021Q4,72900.0,,28400.0,20700.0,0.38,15.7,1.0,7.5,12.7,增持,,
002033.SZ,丽江股份,20200331,丽江股份2019年年报点评：业绩符合预期，兼顾区域整合与股权进展,点评,一般报告,国信证券,"曾光,钟潇,姜甜",2020Q4,46200.0,,7800.0,5200.0,0.0946,62.8,0.8,2.0,45.5,增持,,
601333.SH,广深铁路,20200331,广深铁路2019年报点评：业绩小幅下滑4.5％，长期看好铁路改革,点评,一般报告,华创证券,"吴一凡,刘阳,王凯",2021Q4,2315400.0,,126300.0,93700.0,0.13,17.9,,4.3,4.0,推荐,,2.9
601333.SH,广深铁路,20200331,广深铁路2019年报点评：业绩小幅下滑4.5％，长期看好铁路改革,点评,一般报告,华创证券,"吴一凡,刘阳,王凯",2020Q4,2091500.0,,134300.0,99700.0,0.14,16.8,,4.7,4.0,推荐,,2.9
300451.SZ,创业慧康,20200331,创业慧康：持续蜕变,点评,一般报告,财通证券,赵成,2022Q4,310300.0,,67700.0,64900.0,0.877,26.9,0.4,14.8,19.2,增持,,23.5
300451.SZ,创业慧康,20200331,创业慧康：持续蜕变,点评,一般报告,财通证券,赵成,2021Q4,243800.0,,53700.0,51300.0,0.693,34.0,0.3,13.3,25.5,增持,,23.5
002507.SZ,涪陵榨菜,20200331,涪陵榨菜2019年年报点评：市场投入对业绩有正面影响,一般,一般报告,中原证券,刘冉,2021Q4,225370.0,,84500.0,71820.0,0.91,32.8,0.9,18.6,24.1,增持,,
002367.SZ,康力电梯,20200331,康力电梯：业绩高增长，符合预期,点评,一般报告,西南证券,"倪正洋,梁美美",2020Q4,381100.0,113300.0,33599.0,28559.0,0.36,23.88,1.11,9.08,14.95,持有,,
600298.SH,安琪酵母,20200331,安琪酵母：业绩符合预期，20年有望稳定增长,点评,一般报告,广发证券,"王永锋,王文丹,陈涛",2021Q4,1001600.0,,148300.0,118100.0,1.43,22.67,,17.7,13.57,买入,,37.2
002179.SZ,中航光电,20200331,中航光电：短期业绩增速放缓，加大研发决胜未来,点评,一般报告,广发证券,"赵炳楠,李炼",2021Q4,1355000.0,,181800.0,155200.0,1.41,24.38,,13.4,18.95,买入,,42.84
603181.SH,皇马科技,20200331,皇马科技：业绩维持高增长，新产能释放在即,点评,首次关注,安信证券,"张汪强,乔璐",2020Q4,217440.0,,35490.0,31020.0,1.11,12.7,0.0,16.0,5.2,买入,,16.5
603181.SH,皇马科技,20200331,皇马科技：业绩维持高增长，新产能释放在即,点评,首次关注,安信证券,"张汪强,乔璐",2019Q4,189410.0,,29290.0,25620.0,0.91,15.3,0.0,16.1,7.2,买入,,16.5
002594.SZ,比亚迪,20200331,比亚迪：业绩符合预期，刀片电池发布将提升新能源车竞争力,点评,一般报告,东方证券,"姜雪晴,周翰",2020Q4,15312700.0,,408200.0,287700.0,1.05,56.9,,5.0,10.3,增持,,68.25
601333.SH,广深铁路,20200331,广深铁路2019年报点评：业绩小幅下滑4.5％，长期看好铁路改革,点评,一般报告,华创证券,"吴一凡,刘阳,王凯",2022Q4,2455700.0,,144700.0,107400.0,0.15,15.6,,4.5,4.0,推荐,,2.9
300451.SZ,创业慧康,20200331,创业慧康：持续蜕变,点评,一般报告,财通证券,赵成,2020Q4,191000.0,,44600.0,39100.0,0.53,41.0,0.3,12.4,29.6,增持,,23.5
002594.SZ,比亚迪,20200331,比亚迪：业绩快报符合预期，看好盈利持续改善,点评,一般报告,招商证券,"汪刘胜,李懿洋",2021Q4,16302700.0,,524100.0,368700.0,1.35,44.4,,5.9,4.4,强烈推荐,,
002594.SZ,比亚迪,20200331,比亚迪：业绩快报符合预期，看好盈利持续改善,点评,一般报告,招商证券,"汪刘胜,李懿洋",2020Q4,14176200.0,,325800.0,229200.0,0.84,71.4,,3.9,4.9,强烈推荐,,
002594.SZ,比亚迪,20200331,比亚迪：业绩快报符合预期，看好盈利持续改善,点评,一般报告,招商证券,"汪刘胜,李懿洋",2019Q4,12771400.0,,231800.0,161300.0,0.59,101.5,,2.8,5.2,强烈推荐,,
000603.SZ,盛达资源,20200331,盛达资源：业绩符合预期，关注白银的配置价值,点评,一般报告,财信证券,"周策,张鹏",2021Q4,391101.0,,,65986.0,0.96,11.37,,,,谨慎推荐,,
000603.SZ,盛达资源,20200331,盛达资源：业绩符合预期，关注白银的配置价值,点评,一般报告,财信证券,"周策,张鹏",2020Q4,331873.0,,,48796.0,0.71,15.37,,,,谨慎推荐,,
300190.SZ,维尔利,20200331,维尔利：牵手国投首个建筑垃圾项目落地，中交上航局达成战略合作,点评,一般报告,东吴证券,"袁理,王浩然",2020Q4,364400.0,,55300.0,46900.0,0.6,12.15,,11.0,9.86,买入,,
601688.SH,华泰证券,20200331,华泰证券2019年年报点评：杠杆大增彰显扩表能力，数字平台赋能财富管理,点评,一般报告,国泰君安,"刘欣琦,高超",2020Q4,2807500.0,,,1031300.0,1.14,15.14,2.3,8.1,,增持,,29.87
601688.SH,华泰证券,20200331,华泰证券2019年年报点评：杠杆大增彰显扩表能力，数字平台赋能财富管理,点评,一般报告,国泰君安,"刘欣琦,高超",2020Q3,,,,,0.7,,,,,增持,,29.87
601688.SH,华泰证券,20200331,华泰证券2019年年报点评：杠杆大增彰显扩表能力，数字平台赋能财富管理,点评,一般报告,国泰君安,"刘欣琦,高超",2020Q2,,,,,0.5,,,,,增持,,29.87
601688.SH,华泰证券,20200331,华泰证券2019年年报点评：杠杆大增彰显扩表能力，数字平台赋能财富管理,点评,一般报告,国泰君安,"刘欣琦,高超",2020Q1,,,,,0.3,,,,,增持,,29.87
601186.SH,中国铁建,20200331,中国铁建：基建白马稳健增长，现金流显著改善,点评,一般报告,银河证券,"龙天光,宋宾煌",2022Q4,110470050.0,,,2700010.0,1.99,4.94,,10.1,,推荐,,
601186.SH,中国铁建,20200331,中国铁建：基建白马稳健增长，现金流显著改善,点评,一般报告,银河证券,"龙天光,宋宾煌",2021Q4,100208680.0,,,2441020.0,1.8,5.47,,10.3,,推荐,,
601186.SH,中国铁建,20200331,中国铁建：基建白马稳健增长，现金流显著改善,点评,一般报告,银河证券,"龙天光,宋宾煌",2020Q4,89970080.0,,,2191420.0,1.61,6.09,,9.5,,推荐,,
300188.SZ,美亚柏科,20200331,美亚柏科：19年现金流超预期，20年疫情背景下赛道景气度高,点评,一般报告,天风证券,"沈海兵,缪欣君",2022Q4,495244.0,,98909.0,91851.0,1.14,17.82,,20.09,13.22,买入,,
300188.SZ,美亚柏科,20200331,美亚柏科：19年现金流超预期，20年疫情背景下赛道景气度高,点评,一般报告,天风证券,"沈海兵,缪欣君",2021Q4,375185.0,,74215.0,68839.0,0.85,23.78,,18.34,18.26,买入,,
300188.SZ,美亚柏科,20200331,美亚柏科：19年现金流超预期，20年疫情背景下赛道景气度高,点评,一般报告,天风证券,"沈海兵,缪欣君",2020Q4,275873.0,,49651.0,46385.0,0.58,35.3,,14.69,27.17,买入,,
300190.SZ,维尔利,20200331,维尔利：牵手国投首个建筑垃圾项目落地，中交上航局达成战略合作,点评,一般报告,东吴证券,"袁理,王浩然",2021Q4,465000.0,,71400.0,59300.0,0.76,9.61,,12.4,8.15,买入,,
002438.SZ,江苏神通,20200331,江苏神通：业绩稳健增长，积极开拓核电后市场,点评,首份报告,华金证券,刘荆,2022Q4,255500.0,,42000.0,37800.0,0.78,9.5,,13.1,5.4,买入,,
601688.SH,华泰证券,20200331,华泰证券2019年年报点评：杠杆大增彰显扩表能力，数字平台赋能财富管理,点评,一般报告,国泰君安,"刘欣琦,高超",2021Q4,3281000.0,,,1239800.0,1.37,12.59,3.2,9.2,,增持,,29.87
002438.SZ,江苏神通,20200331,江苏神通：业绩稳健增长，积极开拓核电后市场,点评,首份报告,华金证券,刘荆,2021Q4,209800.0,,34100.0,30700.0,0.63,11.7,,12.2,7.0,买入,,
002438.SZ,江苏神通,20200331,江苏神通：业绩稳健增长，积极开拓核电后市场,点评,首份报告,华金证券,刘荆,2020Q4,170000.0,,27000.0,24300.0,0.5,14.8,,11.0,8.8,买入,,
600029.SH,南方航空,20200331,南方航空：预计疫情拖累2020年H1业绩，但估值已较低,点评,首次关注,财信证券,黄红卫,2022Q4,17631200.0,,,511300.0,0.42,12.45,,,,谨慎推荐,,
600029.SH,南方航空,20200331,南方航空：预计疫情拖累2020年H1业绩，但估值已较低,点评,首次关注,财信证券,黄红卫,2021Q4,16360100.0,,,385800.0,0.31,16.5,,,,谨慎推荐,,
300190.SZ,维尔利,20200331,维尔利：牵手国投首个建筑垃圾项目落地，中交上航局达成战略合作,点评,一般报告,东吴证券,"袁理,王浩然",2019Q4,260700.0,,40200.0,33800.0,0.43,16.85,,8.8,13.21,买入,,
601688.SH,华泰证券,20200331,华泰证券2019年年报点评：杠杆大增彰显扩表能力，数字平台赋能财富管理,点评,一般报告,国泰君安,"刘欣琦,高超",2022Q4,3758900.0,,,1450300.0,1.6,10.76,4.2,10.0,,增持,,29.87
600029.SH,南方航空,20200331,南方航空：预计疫情拖累2020年H1业绩，但估值已较低,点评,首次关注,财信证券,黄红卫,2020Q4,12731600.0,,,-209500.0,-0.17,-30.39,,,,谨慎推荐,,
300735.SZ,光弘科技,20200331,光弘科技重大事件快评：5G物联网大时代的硬件制造专家,一般,一般报告,国信证券,"欧阳仕华,许亮",2021Q4,503400.0,,98100.0,85600.0,1.86,14.8,1.8,26.0,13.4,买入,,
300735.SZ,光弘科技,20200331,光弘科技重大事件快评：5G物联网大时代的硬件制造专家,一般,一般报告,国信证券,"欧阳仕华,许亮",2019Q4,239700.0,,51000.0,44500.0,0.97,28.4,0.9,21.0,23.1,买入,,
002084.SZ,海鸥住工,20200331,海鸥住工：整装卫浴快速放量，战略转型逐渐兑现,一般,一般报告,广发证券,"赵中平,张兆函",2022Q4,393800.0,,29600.0,25700.0,0.51,10.6,,11.4,7.07,买入,,
002084.SZ,海鸥住工,20200331,海鸥住工：整装卫浴快速放量，战略转型逐渐兑现,一般,一般报告,广发证券,"赵中平,张兆函",2021Q4,339800.0,,23500.0,21000.0,0.41,12.99,,10.5,8.75,买入,,
002084.SZ,海鸥住工,20200331,海鸥住工：整装卫浴快速放量，战略转型逐渐兑现,一般,一般报告,广发证券,"赵中平,张兆函",2020Q4,295300.0,,18200.0,15900.0,0.31,17.18,,8.8,10.32,买入,,
002001.SZ,新和成,20200331,新和成：化工龙头价值分析系列之七－新和成,一般,首份报告,东方证券,"倪吉,杨奇",2021Q4,1350200.0,,395200.0,333900.0,1.55,17.4,,17.0,10.6,增持,,28.56
002001.SZ,新和成,20200331,新和成：化工龙头价值分析系列之七－新和成,一般,首份报告,东方证券,"倪吉,杨奇",2020Q4,1056500.0,,344600.0,291100.0,1.36,19.9,,16.4,13.1,增持,,28.56
000157.SZ,中联重科,20200331,中联重科：业务多点开花，继续实现高速增长,点评,一般报告,广发证券,"代川,罗立波,刘芷君",2021Q4,5756500.0,,760000.0,672800.0,0.85,6.97,,12.7,7.24,买入,,
000157.SZ,中联重科,20200331,中联重科：业务多点开花，继续实现高速增长,点评,一般报告,广发证券,"代川,罗立波,刘芷君",2020Q4,5389500.0,,650700.0,575500.0,0.73,8.15,,12.4,9.34,买入,,
603337.SH,杰克股份,20200331,杰克股份：减值损失影响短期业绩，2020年有望恢复增长,点评,一般报告,西南证券,"倪正洋,梁美美",2022Q4,465700.0,131800.0,59677.0,52366.0,1.17,14.85,1.69,14.12,8.03,买入,,
601333.SH,广深铁路,20200331,广深铁路：业绩小幅下滑，土地变现在即，长期重视国改,点评,一般报告,天风证券,"黄盈,姜明",2022Q4,2394480.0,,127177.0,96051.0,0.1356,17.48,,3.08,2.89,买入,,
603337.SH,杰克股份,20200331,杰克股份：减值损失影响短期业绩，2020年有望恢复增长,点评,一般报告,西南证券,"倪正洋,梁美美",2021Q4,396900.0,113400.0,49921.0,43816.0,0.98,17.75,1.47,13.21,9.91,买入,,
603337.SH,杰克股份,20200331,杰克股份：减值损失影响短期业绩，2020年有望恢复增长,点评,一般报告,西南证券,"倪正洋,梁美美",2020Q4,363700.0,104300.0,43671.0,38236.0,0.86,20.34,1.16,12.78,11.89,买入,,
601333.SH,广深铁路,20200331,广深铁路：业绩小幅下滑，土地变现在即，长期重视国改,点评,一般报告,天风证券,"黄盈,姜明",2021Q4,2295430.0,,113463.0,84550.0,0.12,19.86,,2.78,3.55,买入,,
601333.SH,广深铁路,20200331,广深铁路：业绩小幅下滑，土地变现在即，长期重视国改,点评,一般报告,天风证券,"黄盈,姜明",2020Q4,2197407.0,,186990.0,140283.0,0.2,11.97,,4.7,4.89,买入,,
600026.SH,中远海能,20200331,中远海能：油运运价上涨推动业绩改善,点评,一般报告,财信证券,黄红卫,2022Q4,1618900.0,,,314300.0,0.66,10.72,,,,推荐,,
600026.SH,中远海能,20200331,中远海能：油运运价上涨推动业绩改善,点评,一般报告,财信证券,黄红卫,2021Q4,1591800.0,,,251300.0,0.53,13.4,,,,推荐,,
600026.SH,中远海能,20200331,中远海能：油运运价上涨推动业绩改善,点评,一般报告,财信证券,黄红卫,2020Q4,1550000.0,,,193700.0,0.41,17.39,,,,推荐,,
300699.SZ,光威复材,20200331,光威复材2019年年报点评：扣非净利润同比增长63％，疫情对公司碳梁出口有影响,点评,一般报告,东莞证券,李隆海,2021Q4,271100.0,,94500.0,80300.0,1.55,32.0,,,,推荐,,
601138.SH,工业富联,20200331,工业富联：四季度盈利改善，受益于新基建,点评,一般报告,东方证券,"蒯剑,马天翼,唐权喜",2022Q4,58771000.0,,2902200.0,2555200.0,1.29,10.0,,18.9,6.9,买入,,18.0
601138.SH,工业富联,20200331,工业富联：四季度盈利改善，受益于新基建,点评,一般报告,东方证券,"蒯剑,马天翼,唐权喜",2021Q4,52794000.0,,2614200.0,2301700.0,1.16,11.1,,19.9,7.7,买入,,18.0
601138.SH,工业富联,20200331,工业富联：四季度盈利改善，受益于新基建,点评,一般报告,东方证券,"蒯剑,马天翼,唐权喜",2020Q4,46413600.0,,2255900.0,1986200.0,1.0,12.8,,20.3,8.7,买入,,18.0
600908.SH,无锡银行,20200331,无锡银行：利润增速高，资产质量好,点评,一般报告,中信建投,"杨荣,陈翔",2022Q4,513000.0,,,,1.01,4.94,,,,买入,,7.5
600908.SH,无锡银行,20200331,无锡银行：利润增速高，资产质量好,点评,一般报告,中信建投,"杨荣,陈翔",2021Q4,451100.0,,,,0.88,5.64,,,,买入,,7.5
600309.SH,万华化学,20200331,万华化学：全年业绩符合预期，全球MDI龙头稳步发展——2019年年报点评,点评,一般报告,新时代证券,"程磊,李啸",2022Q4,8505300.0,,1849900.0,1503600.0,4.79,8.4,,22.2,5.9,强烈推荐,,
600309.SH,万华化学,20200331,万华化学：全年业绩符合预期，全球MDI龙头稳步发展——2019年年报点评,点评,一般报告,新时代证券,"程磊,李啸",2021Q4,7302500.0,,1610400.0,1308900.0,4.17,9.6,,22.6,6.7,强烈推荐,,
600309.SH,万华化学,20200331,万华化学：全年业绩符合预期，全球MDI龙头稳步发展——2019年年报点评,点评,一般报告,新时代证券,"程磊,李啸",2020Q4,6429400.0,,1295100.0,1052700.0,3.35,11.9,,21.6,8.4,强烈推荐,,
601766.SH,中国中车,20200331,中国中车：盈利能力稳定提升，城轨业务快速增长,点评,一般报告,安信证券,"李哲,崔逸凡",2022Q4,28745180.0,,2349840.0,1685800.0,0.59,11.3,1.4,9.8,1.4,买入,,8.8
601766.SH,中国中车,20200331,中国中车：盈利能力稳定提升，城轨业务快速增长,点评,一般报告,安信证券,"李哲,崔逸凡",2021Q4,26472560.0,,2129120.0,1534450.0,0.53,12.5,1.7,9.7,2.6,买入,,8.8
601766.SH,中国中车,20200331,中国中车：盈利能力稳定提升，城轨业务快速增长,点评,一般报告,安信证券,"李哲,崔逸凡",2020Q4,24458780.0,,1777110.0,1270290.0,0.44,15.0,1.7,8.7,4.6,买入,,8.8
600908.SH,无锡银行,20200331,无锡银行：利润增速高，资产质量好,点评,一般报告,中信建投,"杨荣,陈翔",2020Q4,395300.0,,,,0.76,6.52,,,,买入,,7.5
600309.SH,万华化学,20200331,万华化学：业绩符合预期，大力资本开支积厚成器,一般,一般报告,安信证券,张汪强,2022Q4,10447510.0,,1863290.0,1498910.0,4.77,8.4,4.8,23.1,6.7,买入,,53.0
600309.SH,万华化学,20200331,万华化学：业绩符合预期，大力资本开支积厚成器,一般,一般报告,安信证券,张汪强,2021Q4,9288310.0,,1662890.0,1313950.0,4.18,9.6,4.2,23.5,7.8,买入,,53.0
600309.SH,万华化学,20200331,万华化学：业绩符合预期，大力资本开支积厚成器,一般,一般报告,安信证券,张汪强,2020Q4,7151000.0,,1168450.0,923260.0,2.94,13.6,2.9,19.2,10.0,买入,,53.0
002001.SZ,新和成,20200331,新和成：化工龙头价值分析系列之七－新和成,一般,首份报告,东方证券,"倪吉,杨奇",2019Q4,760700.0,,259700.0,221800.0,1.03,26.1,,13.4,17.4,增持,,28.56
000157.SZ,中联重科,20200331,中联重科：业务多点开花，继续实现高速增长,点评,一般报告,广发证券,"代川,罗立波,刘芷君",2022Q4,5867100.0,,793000.0,701800.0,0.89,6.69,,11.7,6.5,买入,,
002156.SZ,通富微电,20200331,通富微电：下半年经营回温，全年实现盈利,点评,一般报告,中泰证券,"刘翔,刘尚",2022Q4,1851700.0,314800.0,87100.0,84300.0,0.73,25.77,,10.82,28.29,增持,,
002156.SZ,通富微电,20200331,通富微电：下半年经营回温，全年实现盈利,点评,一般报告,中泰证券,"刘翔,刘尚",2021Q4,1409800.0,236800.0,62600.0,60600.0,0.52,35.86,,8.72,39.87,增持,,
002156.SZ,通富微电,20200331,通富微电：下半年经营回温，全年实现盈利,点评,一般报告,中泰证券,"刘翔,刘尚",2020Q4,1089600.0,174300.0,38000.0,36000.0,0.31,60.39,,5.67,86.26,增持,,
300735.SZ,光弘科技,20200331,光弘科技重大事件快评：5G物联网大时代的硬件制造专家,一般,一般报告,国信证券,"欧阳仕华,许亮",2020Q4,359600.0,,73700.0,64300.0,1.4,19.7,1.3,25.0,17.0,买入,,
300699.SZ,光威复材,20200331,光威复材2019年年报点评：扣非净利润同比增长63％，疫情对公司碳梁出口有影响,点评,一般报告,东莞证券,李隆海,2020Q4,211800.0,,74400.0,63200.0,1.22,41.0,,,,推荐,,
000603.SZ,盛达资源,20200331,盛达资源：业绩符合预期，关注白银的配置价值,点评,一般报告,财信证券,"周策,张鹏",2022Q4,448706.0,,,80341.0,1.16,9.34,,,,谨慎推荐,,
300659.SZ,中孚信息,20200331,中孚信息：业绩高歌猛进，盈利能力显著提升,点评,一般报告,安信证券,"胡又文,徐文杰",2019Q4,60280.0,,13630.0,12490.0,0.94,74.4,0.0,21.7,35.0,买入,,
002518.SZ,科士达,20200331,科士达：盈利能力显著提升，新基建推进深度受益,点评,一般报告,东方证券,"彭海涛,郑浩",2022Q4,394420.0,,54700.0,49200.0,0.85,14.5,,13.4,9.4,买入,,16.11
002518.SZ,科士达,20200331,科士达：盈利能力显著提升，新基建推进深度受益,点评,一般报告,东方证券,"彭海涛,郑浩",2021Q4,355050.0,,49100.0,44200.0,0.76,16.2,,13.7,10.4,买入,,16.11
002518.SZ,科士达,20200331,科士达：盈利能力显著提升，新基建推进深度受益,点评,一般报告,东方证券,"彭海涛,郑浩",2020Q4,293070.0,,41700.0,37500.0,0.64,19.0,,13.4,12.2,买入,,16.11
300659.SZ,中孚信息,20200331,中孚信息：业绩高歌猛进，盈利能力显著提升,点评,一般报告,安信证券,"胡又文,徐文杰",2022Q4,206500.0,,49450.0,45500.0,3.43,20.4,1.5,34.9,17.0,买入,,
300659.SZ,中孚信息,20200331,中孚信息：业绩高歌猛进，盈利能力显著提升,点评,一般报告,安信证券,"胡又文,徐文杰",2021Q4,152970.0,,36520.0,33600.0,2.53,27.7,1.1,34.1,22.8,买入,,
300659.SZ,中孚信息,20200331,中孚信息：业绩高歌猛进，盈利能力显著提升,点评,一般报告,安信证券,"胡又文,徐文杰",2020Q4,105490.0,,25040.0,23040.0,1.74,40.3,0.7,30.8,33.1,买入,,
002938.SZ,鹏鼎控股,20200331,鹏鼎控股2019年年报点评：公司业绩符合预期，期待5G驱动业绩高成长,点评,一般报告,光大证券,"刘凯,王经纬",2022Q4,3594100.0,,475800.0,404443.0,1.75,17.56,2.0,15.12,12.0,买入,,
002938.SZ,鹏鼎控股,20200331,鹏鼎控股2019年年报点评：公司业绩符合预期，期待5G驱动业绩高成长,点评,一般报告,光大证券,"刘凯,王经纬",2020Q4,2862300.0,,374700.0,318475.0,1.38,22.3,2.0,14.57,14.0,买入,,
002798.SZ,帝欧家居,20200331,帝欧家居：规模优势凸显、大宗持续高增，工程瓷砖龙头业绩靓丽,点评,一般报告,东吴证券,"史凡可,马莉,傅嘉成",2022Q4,1038700.0,,114000.0,102300.0,2.66,8.75,,18.6,35.48,买入,,
002798.SZ,帝欧家居,20200331,帝欧家居：规模优势凸显、大宗持续高增，工程瓷砖龙头业绩靓丽,点评,一般报告,东吴证券,"史凡可,马莉,傅嘉成",2021Q4,862300.0,,95200.0,85500.0,2.22,10.47,,18.0,41.68,买入,,
002798.SZ,帝欧家居,20200331,帝欧家居：规模优势凸显、大宗持续高增，工程瓷砖龙头业绩靓丽,点评,一般报告,东吴证券,"史凡可,马莉,傅嘉成",2020Q4,697000.0,,78400.0,70400.0,1.83,12.72,,17.4,71.35,买入,,
300661.SZ,圣邦股份,20200331,圣邦股份：19年净利润同比69.8％，看好模拟龙头持续高增,点评,一般报告,申万宏源证券,"骆思远,谈必成",2021Q4,197200.0,94000.0,45900.0,42200.0,4.07,65.0,,23.2,,增持,,
603393.SH,新天然气,20200331,新天然气：业绩整体符合预期，煤层气放量值得期待,点评,一般报告,中信建投,"万炜,高兴,任佳玮",2022Q4,297800.0,,150750.0,61970.0,2.77,,,,,买入,,42.0
603393.SH,新天然气,20200331,新天然气：业绩整体符合预期，煤层气放量值得期待,点评,一般报告,中信建投,"万炜,高兴,任佳玮",2021Q4,269300.0,,129840.0,53130.0,2.37,,,,,买入,,42.0
603393.SH,新天然气,20200331,新天然气：业绩整体符合预期，煤层气放量值得期待,点评,一般报告,中信建投,"万炜,高兴,任佳玮",2020Q4,244600.0,,112830.0,46170.0,2.06,,,,,买入,,42.0
600372.SH,中航电子,20200331,中航电子：业绩快速增长，20年轻装上阵,点评,一般报告,华泰证券,"王宗超,何亮",2022Q4,1054550.0,,90714.0,80463.0,0.46,28.25,,8.55,18.85,买入,18.36,18.0
600372.SH,中航电子,20200331,中航电子：业绩快速增长，20年轻装上阵,点评,一般报告,华泰证券,"王宗超,何亮",2021Q4,950975.0,,81131.0,71963.0,0.41,31.59,,8.28,20.35,买入,18.36,18.0
600362.SH,江西铜业,20200331,江西铜业2019年报点评：并购恒邦股份，黄金业务量价齐升,点评,一般报告,华创证券,"任志强,李超",2022Q4,25198200.0,,465200.0,328700.0,0.95,13.0,,5.1,7.0,推荐,,13.1
600362.SH,江西铜业,20200331,江西铜业2019年报点评：并购恒邦股份，黄金业务量价齐升,点评,一般报告,华创证券,"任志强,李超",2021Q4,24496400.0,,368600.0,260400.0,0.75,17.0,,4.2,9.0,推荐,,13.1
600362.SH,江西铜业,20200331,江西铜业2019年报点评：并购恒邦股份，黄金业务量价齐升,点评,一般报告,华创证券,"任志强,李超",2020Q4,24028500.0,,313100.0,221200.0,0.64,20.0,,3.7,10.0,推荐,,13.1
600309.SH,万华化学,20200331,万华化学：19年业绩符合预期，新项目有序推进加速公司平台型发展,点评,一般报告,申万宏源证券,"宋涛,王成强,马昕晔",2022Q4,9593800.0,2659200.0,1760000.0,1438400.0,4.58,9.0,,23.4,,买入,,
600309.SH,万华化学,20200331,万华化学：业绩符合预期，耐心等待成长性兑现,点评,一般报告,东吴证券,"柴沁虎,陈元君",2020Q4,7498200.0,,1080200.0,832200.0,2.65,15.56,,18.6,10.04,增持,,
002938.SZ,鹏鼎控股,20200331,鹏鼎控股2019年年报点评：公司业绩符合预期，期待5G驱动业绩高成长,点评,一般报告,光大证券,"刘凯,王经纬",2021Q4,3225400.0,,414500.0,352323.0,1.52,20.15,2.0,14.61,13.0,买入,,
300661.SZ,圣邦股份,20200331,圣邦股份：19年净利润同比69.8％，看好模拟龙头持续高增,点评,一般报告,申万宏源证券,"骆思远,谈必成",2022Q4,288500.0,138700.0,64600.0,59300.0,5.73,46.0,,24.6,,增持,,
300661.SZ,圣邦股份,20200331,圣邦股份：19年净利润同比69.8％，看好模拟龙头持续高增,点评,一般报告,申万宏源证券,"骆思远,谈必成",2020Q4,126800.0,59400.0,30500.0,28200.0,2.72,97.0,,20.2,,增持,,
600372.SH,中航电子,20200331,中航电子：业绩快速增长，20年轻装上阵,点评,一般报告,华泰证券,"王宗超,何亮",2020Q4,873076.0,,72001.0,63865.0,0.36,35.6,,7.93,22.12,买入,18.36,18.0
300699.SZ,光威复材,20200331,光威复材年报及一季度业绩预告点评：业绩符合预期，碳纤维龙头领跑军民双赛道,一般,一般报告,西部证券,"杨晖,杨靖",2022Q4,334700.0,,117500.0,102600.0,1.98,25.1,,22.4,,增持,,
300699.SZ,光威复材,20200331,光威复材年报及一季度业绩预告点评：业绩符合预期，碳纤维龙头领跑军民双赛道,一般,一般报告,西部证券,"杨晖,杨靖",2021Q4,280100.0,,92100.0,80800.0,1.56,31.9,,20.6,,增持,,
600028.SH,中国石化,20200331,中国石化2019年年报点评：业绩符合预期，上游成本控制成效显著,点评,一般报告,光大证券,"吴裕,裘孝锋",2022Q4,233633600.0,,10925100.0,6693800.0,0.55,8.0,5.0,7.98,5.0,买入,,
600028.SH,中国石化,20200331,中国石化2019年年报点评：业绩符合预期，上游成本控制成效显著,点评,一般报告,光大证券,"吴裕,裘孝锋",2021Q4,223676000.0,,10003200.0,6152400.0,0.51,9.0,5.0,7.71,5.0,买入,,
600028.SH,中国石化,20200331,中国石化2019年年报点评：业绩符合预期，上游成本控制成效显著,点评,一般报告,光大证券,"吴裕,裘孝锋",2020Q4,205928400.0,,6133100.0,3649800.0,0.3,15.0,3.0,4.85,6.0,买入,,
002254.SZ,泰和新材,20200331,泰和新材：业绩符合预期，芳纶毛利率进一步提升，氨纶宁夏基地下半年扭亏,点评,一般报告,申万宏源证券,"宋涛,沈衡,马昕晔",2022Q4,349200.0,100000.0,67900.0,49300.0,0.81,14.0,,13.8,,增持,,
002254.SZ,泰和新材,20200331,泰和新材：业绩符合预期，芳纶毛利率进一步提升，氨纶宁夏基地下半年扭亏,点评,一般报告,申万宏源证券,"宋涛,沈衡,马昕晔",2020Q4,288400.0,65400.0,36300.0,31600.0,0.52,21.0,,11.9,,增持,,
000157.SZ,中联重科,20200331,中联重科：经营质量稳步提升，抵御风险暂不派息,点评,一般报告,中金,"孔令鑫,舒维康",2021Q4,5616000.0,1664800.0,739400.0,601200.0,0.76,7.5,4.0,12.9,6.2,跑赢行业,,7.19
000157.SZ,中联重科,20200331,中联重科：经营质量稳步提升，抵御风险暂不派息,点评,一般报告,中金,"孔令鑫,舒维康",2020Q4,5030700.0,1513000.0,606000.0,512600.0,0.65,8.7,3.4,12.3,7.6,跑赢行业,,7.19
601333.SH,广深铁路,20200331,广深铁路：土地开发进度不及预期,点评,一般报告,华泰证券,"沈晓峰,林霞颖",2022Q4,2385300.0,,134700.0,101300.0,0.14,16.5,,3.32,4.58,买入,2.97,2.86
300699.SZ,光威复材,20200331,光威复材年报及一季度业绩预告点评：业绩符合预期，碳纤维龙头领跑军民双赛道,一般,一般报告,西部证券,"杨晖,杨靖",2020Q4,220100.0,,71400.0,63100.0,1.22,40.8,,18.3,,增持,,
002254.SZ,泰和新材,20200331,泰和新材：业绩符合预期，芳纶毛利率进一步提升，氨纶宁夏基地下半年扭亏,点评,一般报告,申万宏源证券,"宋涛,沈衡,马昕晔",2021Q4,319200.0,85600.0,52500.0,41900.0,0.69,16.0,,13.6,,增持,,
600309.SH,万华化学,20200331,万华化学：业绩符合预期，耐心等待成长性兑现,点评,一般报告,东吴证券,"柴沁虎,陈元君",2021Q4,8929900.0,,1562600.0,1232700.0,3.93,10.51,,22.6,6.79,增持,,
600309.SH,万华化学,20200331,万华化学：19年业绩符合预期，新项目有序推进加速公司平台型发展,点评,一般报告,申万宏源证券,"宋涛,王成强,马昕晔",2021Q4,8428200.0,2230500.0,1472500.0,1203800.0,3.83,10.0,,22.9,,买入,,
600309.SH,万华化学,20200331,万华化学：19年业绩符合预期，新项目有序推进加速公司平台型发展,点评,一般报告,申万宏源证券,"宋涛,王成强,马昕晔",2020Q4,6061400.0,1506000.0,981600.0,801200.0,2.55,16.0,,18.0,,买入,,
601333.SH,广深铁路,20200331,广深铁路：土地开发进度不及预期,点评,一般报告,华泰证券,"沈晓峰,林霞颖",2020Q4,1909300.0,79800.0,101000.0,76046.0,0.11,21.98,,2.58,5.28,买入,2.97,2.86
600309.SH,万华化学,20200331,万华化学：业绩符合预期，耐心等待成长性兑现,点评,一般报告,东吴证券,"柴沁虎,陈元君",2022Q4,9822900.0,,1799000.0,1408000.0,4.48,9.2,,22.1,6.19,增持,,
603520.SH,司太立,20200331,司太立：合并海神业绩亮眼，一体化发展筑梦未来,点评,一般报告,平安证券,"韩盟盟,叶寅",2021Q4,199200.0,,40500.0,32900.0,1.96,30.2,,21.3,18.9,推荐,,
603520.SH,司太立,20200331,司太立：合并海神业绩亮眼，一体化发展筑梦未来,点评,一般报告,平安证券,"韩盟盟,叶寅",2020Q4,162000.0,,30800.0,25200.0,1.5,39.5,,19.9,23.6,推荐,,
601333.SH,广深铁路,20200331,广深铁路：土地开发进度不及预期,点评,一般报告,华泰证券,"沈晓峰,林霞颖",2021Q4,2274700.0,172900.0,121400.0,91356.0,0.13,18.3,,3.05,4.89,买入,2.97,2.86
603520.SH,司太立,20200331,司太立：合并海神业绩亮眼，一体化发展筑梦未来,点评,一般报告,平安证券,"韩盟盟,叶寅",2022Q4,242300.0,,51900.0,41700.0,2.48,23.8,,22.0,15.5,推荐,,
601390.SH,中国中铁,20200331,中国中铁19年年报点评：扣非业绩符合预期，稳中向好,点评,一般报告,光大证券,"孙伟风,武慧东",2022Q4,,,3663900.0,2706100.0,1.1,5.0,3.5,9.58,6.7,买入,,
601390.SH,中国中铁,20200331,中国中铁19年年报点评：扣非业绩符合预期，稳中向好,点评,一般报告,光大证券,"孙伟风,武慧东",2021Q4,,,3294500.0,2416100.0,0.98,5.0,3.1,9.31,7.3,买入,,
601390.SH,中国中铁,20200331,中国中铁19年年报点评：扣非业绩符合预期，稳中向好,点评,一般报告,光大证券,"孙伟风,武慧东",2020Q4,,,2943400.0,2184600.0,0.89,6.0,2.9,9.13,8.1,买入,,
600028.SH,中国石化,20200331,中国石化：炼油与化工拖累，2019业绩同比小幅下滑,点评,一般报告,中信建投,郑勇,2022Q4,274321090.0,,,8865120.0,0.73,6.8,,10.7,,买入,,
002734.SZ,利民股份,20200331,利民股份：威远并表叠加供需良好，Q1业绩如期大增,点评,一般报告,中信建投,"郑勇,邓天泽",2021Q4,457824.0,,,45994.0,1.605,7.28,,19.15,,买入,,
002734.SZ,利民股份,20200331,利民股份：威远并表叠加供需良好，Q1业绩如期大增,点评,一般报告,中信建投,"郑勇,邓天泽",2019Q4,283372.0,,,32518.0,1.135,10.01,,17.9,,买入,,
002179.SZ,中航光电,20200331,中航光电：营收增速逐步回升，军民共进后劲十足,一般,一般报告,兴业证券,"石康,李博彦",2022Q4,1616100.0,,202900.0,174000.0,1.58,21.8,,13.8,,审慎增持,,
002179.SZ,中航光电,20200331,中航光电：营收增速逐步回升，军民共进后劲十足,一般,一般报告,兴业证券,"石康,李博彦",2021Q4,1340600.0,,169300.0,145400.0,1.32,26.0,,13.31,,审慎增持,,
000100.SZ,TCL科技,20200331,TCL科技2019年年报点评：价格下滑拖累短期业绩，竞争实力进一步增强,点评,一般报告,光大证券,"刘凯,王经纬",2022Q4,,,1026800.0,734100.0,0.54,8.0,5.0,17.56,12.0,买入,,
000100.SZ,TCL科技,20200331,TCL科技2019年年报点评：价格下滑拖累短期业绩，竞争实力进一步增强,点评,一般报告,光大证券,"刘凯,王经纬",2021Q4,,,839400.0,595400.0,0.44,10.0,4.0,16.15,13.0,买入,,
600028.SH,中国石化,20200331,中国石化：炼油与化工拖累，2019业绩同比小幅下滑,点评,一般报告,中信建投,郑勇,2020Q4,207575350.0,,,4482690.0,0.37,13.4,,5.9,,买入,,
000100.SZ,TCL科技,20200331,TCL科技2019年年报点评：价格下滑拖累短期业绩，竞争实力进一步增强,点评,一般报告,光大证券,"刘凯,王经纬",2020Q4,,,565100.0,378600.0,0.28,15.0,3.0,11.63,16.0,买入,,
300188.SZ,美亚柏科,20200331,美亚柏科：四季度业绩明显提速，大数据智能化业务表现突出,点评,一般报告,平安证券,"闫磊,陈苏,付强",2022Q4,401900.0,,68800.0,65200.0,0.81,25.1,,15.1,19.3,推荐,,
603826.SH,坤彩科技,20200331,坤彩科技：双品牌拓展良好，收入逆势增长,点评,一般报告,华泰证券,"方晏荷,鲍荣富,张雪蓉",2022Q4,148700.0,,58609.0,50026.0,1.07,21.36,,19.72,13.6,增持,24.3,23.22
603826.SH,坤彩科技,20200331,坤彩科技：双品牌拓展良好，收入逆势增长,点评,一般报告,华泰证券,"方晏荷,鲍荣富,张雪蓉",2021Q4,119100.0,,44561.0,38035.0,0.81,28.09,,18.68,18.05,增持,24.3,23.22
603826.SH,坤彩科技,20200331,坤彩科技：双品牌拓展良好，收入逆势增长,点评,一般报告,华泰证券,"方晏荷,鲍荣富,张雪蓉",2020Q4,87896.0,,29724.0,25371.0,0.54,42.11,,15.32,27.62,增持,24.3,23.22
300188.SZ,美亚柏科,20200331,美亚柏科：四季度业绩明显提速，大数据智能化业务表现突出,点评,一般报告,平安证券,"闫磊,陈苏,付强",2021Q4,322700.0,,52200.0,49500.0,0.61,33.1,,13.2,25.6,推荐,,
002518.SZ,科士达,20200331,科士达公司年报点评：智能电源、数据中心稳健增长，充电桩布局海外市场,点评,一般报告,海通证券,"房青,张一弛",2022Q4,415400.0,,63800.0,57300.0,0.98,11.82,0.0,12.7,9.26,优于大市,,
002518.SZ,科士达,20200331,科士达公司年报点评：智能电源、数据中心稳健增长，充电桩布局海外市场,点评,一般报告,海通证券,"房青,张一弛",2021Q4,351000.0,,52900.0,47500.0,0.82,14.25,0.0,12.7,11.38,优于大市,,
002518.SZ,科士达,20200331,科士达公司年报点评：智能电源、数据中心稳健增长，充电桩布局海外市场,点评,一般报告,海通证券,"房青,张一弛",2020Q4,299100.0,,43800.0,39400.0,0.68,17.21,0.0,12.7,13.79,优于大市,,
002436.SZ,兴森科技,20200331,兴森科技事件点评：封装基板放量可期，测试板业务盈利能力继续改善,点评,一般报告,川财证券,孙灿,2021Q4,499200.0,,56500.0,50900.0,0.34,31.85,,13.7,25.0,增持,,
688029.SH,南微医学,20200331,南微医学2019年年报点评：19Q4业绩继续提速，高端化＋国际化稳健前行,,一般报告,光大证券,"林小伟,宋硕",2022Q4,284000.0,,76800.0,66000.0,4.95,31.0,0.7,17.84,25.6,无,,
688029.SH,南微医学,20200331,南微医学2019年年报点评：19Q4业绩继续提速，高端化＋国际化稳健前行,,一般报告,光大证券,"林小伟,宋硕",2021Q4,218700.0,,59800.0,51200.0,3.84,40.0,0.5,16.29,33.7,无,,
688029.SH,南微医学,20200331,南微医学2019年年报点评：19Q4业绩继续提速，高端化＋国际化稳健前行,,一般报告,光大证券,"林小伟,宋硕",2020Q4,153500.0,,43300.0,36800.0,2.76,56.0,0.4,13.58,48.7,无,,
002367.SZ,康力电梯,20200331,康力电梯：业绩符合预期，2020年基本面将延续改善,点评,一般报告,中信建投,"吕娟,陈兵",2021Q4,512000.0,,,49500.0,0.62,,,,,增持,,9.8
002367.SZ,康力电梯,20200331,康力电梯：业绩符合预期，2020年基本面将延续改善,点评,一般报告,中信建投,"吕娟,陈兵",2020Q4,445200.0,,,38900.0,0.49,20.0,,,,增持,,9.8
600298.SH,安琪酵母,20200331,安琪酵母：呈边际改善趋势，疫情影响偏正面,点评,一般报告,平安证券,"文献,刘彪",2022Q4,1162700.0,,180000.0,146100.0,1.77,18.3,,19.4,11.9,推荐,,
600298.SH,安琪酵母,20200331,安琪酵母：呈边际改善趋势，疫情影响偏正面,点评,一般报告,平安证券,"文献,刘彪",2021Q4,1020300.0,,153000.0,124000.0,1.51,21.6,,18.9,13.7,推荐,,
600298.SH,安琪酵母,20200331,安琪酵母：呈边际改善趋势，疫情影响偏正面,点评,一般报告,平安证券,"文献,刘彪",2020Q4,889700.0,,129300.0,104600.0,1.27,25.6,,18.2,15.6,推荐,,
002798.SZ,帝欧家居,20200331,帝欧家居：业绩符合预期，精装大趋势下工程业务继续高增长,点评,一般报告,东北证券,"唐凯,钟天皓",2022Q4,1011100.0,,119300.0,105200.0,2.73,8.83,0.14,17.0,,买入,,31.82
002798.SZ,帝欧家居,20200331,帝欧家居：业绩符合预期，精装大趋势下工程业务继续高增长,点评,一般报告,东北证券,"唐凯,钟天皓",2020Q4,668100.0,,78200.0,68800.0,1.79,13.49,0.35,15.98,,买入,,31.82
000553.SZ,安道麦A,20200331,安道麦A：Q4恢复增长，全年产品产销稳健，非经常项目拖累业绩,点评,一般报告,中信建投,"郑勇,邓天泽",2021Q4,2847350.0,,,141003.0,0.576,18.27,,5.5,,买入,,
000553.SZ,安道麦A,20200331,安道麦A：Q4恢复增长，全年产品产销稳健，非经常项目拖累业绩,点评,一般报告,中信建投,"郑勇,邓天泽",2020Q4,2671958.0,,,120749.0,0.494,21.34,,5.03,,买入,,
000553.SZ,安道麦A,20200331,安道麦A：Q4恢复增长，全年产品产销稳健，非经常项目拖累业绩,点评,一般报告,中信建投,"郑勇,邓天泽",2019Q4,2756324.0,,,27632.0,0.113,93.23,,1.22,,买入,,
300188.SZ,美亚柏科,20200331,美亚柏科：四季度业绩明显提速，大数据智能化业务表现突出,点评,一般报告,平安证券,"闫磊,陈苏,付强",2020Q4,254500.0,,39800.0,37800.0,0.47,43.4,,11.4,33.8,推荐,,
000002.SZ,万科A,20200331,万科A：万科盈安合伙人增持公司股票点评,点评,一般报告,兴业证券,"阎常铭,郭毅,徐鸥鹭,靳璐瑜",2020Q4,45250900.0,,9182200.0,4508500.0,3.99,6.4,,19.3,,买入,,
600028.SH,中国石化,20200331,中国石化：炼油与化工拖累，2019业绩同比小幅下滑,点评,一般报告,中信建投,郑勇,2021Q4,245844470.0,,,5871770.0,0.48,10.2,,7.5,,买入,,
002734.SZ,利民股份,20200331,利民股份：威远并表叠加供需良好，Q1业绩如期大增,点评,一般报告,中信建投,"郑勇,邓天泽",2020Q4,384775.0,,,38473.0,1.343,8.56,,18.26,,买入,,
002179.SZ,中航光电,20200331,中航光电：营收增速逐步回升，军民共进后劲十足,一般,一般报告,兴业证券,"石康,李博彦",2020Q4,1094600.0,,142300.0,122700.0,1.11,30.8,,12.86,,审慎增持,,
002436.SZ,兴森科技,20200331,兴森科技事件点评：封装基板放量可期，测试板业务盈利能力继续改善,点评,一般报告,川财证券,孙灿,2022Q4,600800.0,,75500.0,67900.0,0.46,23.85,,15.5,20.0,增持,,
002436.SZ,兴森科技,20200331,兴森科技事件点评：封装基板放量可期，测试板业务盈利能力继续改善,点评,一般报告,川财证券,孙灿,2020Q4,423700.0,,41200.0,37100.0,0.25,43.65,,11.6,33.0,增持,,
002798.SZ,帝欧家居,20200331,帝欧家居：业绩符合预期，精装大趋势下工程业务继续高增长,点评,一般报告,东北证券,"唐凯,钟天皓",2021Q4,828900.0,,97100.0,85700.0,2.23,10.84,0.23,16.65,,买入,,31.82
000002.SZ,万科A,20200331,万科A：万科盈安合伙人增持公司股票点评,点评,一般报告,兴业证券,"阎常铭,郭毅,徐鸥鹭,靳璐瑜",2022Q4,69016700.0,,13282900.0,6123400.0,5.42,4.7,,19.3,,买入,,
000002.SZ,万科A,20200331,万科A：万科盈安合伙人增持公司股票点评,点评,一般报告,兴业证券,"阎常铭,郭毅,徐鸥鹭,靳璐瑜",2021Q4,55658700.0,,11021600.0,5191200.0,4.59,5.6,,19.1,,买入,,
601288.SH,农业银行,20200331,农业银行首次覆盖报告：深耕县域，稳健龙头,一般,首次评级,东方证券,"唐子佩,张静娴",2022Q4,74687100.0,,32868900.0,26171000.0,0.75,4.56,6.58,10.47,,增持,,3.64
601288.SH,农业银行,20200331,农业银行首次覆盖报告：深耕县域，稳健龙头,一般,首次评级,东方证券,"唐子佩,张静娴",2021Q4,69967400.0,,30603000.0,24361100.0,0.7,4.9,6.13,10.58,,增持,,3.64
600643.SH,爱建集团,20200331,爱建集团2019年年报点评：业绩符合预期，期待公司运营效率提升,点评,一般报告,东吴证券,"胡翔,朱洁羽",2022Q4,458080.0,,212950.0,153400.0,0.95,8.4,,10.6,,买入,,
600643.SH,爱建集团,20200331,爱建集团2019年年报点评：业绩符合预期，期待公司运营效率提升,点评,一般报告,东吴证券,"胡翔,朱洁羽",2021Q4,424560.0,,200130.0,145690.0,0.9,8.9,,11.5,,买入,,
600643.SH,爱建集团,20200331,爱建集团2019年年报点评：业绩符合预期，期待公司运营效率提升,点评,一般报告,东吴证券,"胡翔,朱洁羽",2020Q4,407070.0,,194680.0,140030.0,0.86,9.2,,12.4,,买入,,
600643.SH,爱建集团,20200331,爱建集团2019年年报点评：业绩符合预期，期待公司运营效率提升,点评,一般报告,东吴证券,"胡翔,朱洁羽",2019Q4,380250.0,,185020.0,131890.0,0.81,9.8,,12.9,,买入,,
300188.SZ,美亚柏科,20200331,美亚柏科：Q4单季增速较快，现金流明显改善,点评,一般报告,兴业证券,"蒋佳霖,孙乾",2022Q4,560300.0,,90800.0,85800.0,1.07,18.6,,17.2,,审慎增持,,
300188.SZ,美亚柏科,20200331,美亚柏科：Q4单季增速较快，现金流明显改善,点评,一般报告,兴业证券,"蒋佳霖,孙乾",2021Q4,411400.0,,67300.0,63600.0,0.79,25.0,,15.4,,审慎增持,,
300188.SZ,美亚柏科,20200331,美亚柏科：Q4单季增速较快，现金流明显改善,点评,一般报告,兴业证券,"蒋佳霖,孙乾",2020Q4,290000.0,,48300.0,45700.0,0.57,34.9,,13.1,,审慎增持,,
601288.SH,农业银行,20200331,农业银行首次覆盖报告：深耕县域，稳健龙头,一般,首次评级,东方证券,"唐子佩,张静娴",2020Q4,65801300.0,,28681200.0,22826100.0,0.65,5.23,5.74,10.77,,增持,,3.64
002697.SZ,红旗连锁,20200331,红旗连锁2019年报点评：主业投资双轮驱动，加速扩张致现金流减少,点评,一般报告,兴业证券,王品辉,2021Q4,968100.0,,81000.0,73800.0,0.54,17.1,,16.7,,审慎增持,,
002697.SZ,红旗连锁,20200331,红旗连锁2019年报点评：主业投资双轮驱动，加速扩张致现金流减少,点评,一般报告,兴业证券,王品辉,2020Q4,891600.0,,67600.0,61500.0,0.45,20.5,,16.8,,审慎增持,,
000786.SZ,北新建材,20200331,北新建材：石膏板龙头地位稳固，破局千亿防水市场,一般,一般报告,东北证券,"王小勇,唐凯,阚磊",2021Q4,1678000.0,575100.0,383900.0,330700.0,1.96,12.0,2.42,18.2,,买入,,30.85
000786.SZ,北新建材,20200331,北新建材：石膏板龙头地位稳固，破局千亿防水市场,一般,一般报告,东北证券,"王小勇,唐凯,阚磊",2020Q4,1490000.0,501300.0,308600.0,265800.0,1.57,15.0,1.94,16.8,,买入,,30.85
000002.SZ,万科A,20200331,万科A事业合伙人增持公告点评：强化利益纽带，激发主人翁意识,点评,一般报告,光大证券,"何缅南,王梦恺",2021Q4,51309300.0,,10053300.0,5137200.0,4.55,6.0,5.4,19.72,5.7,买入,,33.83
000002.SZ,万科A,20200331,万科A事业合伙人增持公告点评：强化利益纽带，激发主人翁意识,点评,一般报告,光大证券,"何缅南,王梦恺",2020Q4,43278300.0,,8751600.0,4472100.0,3.96,6.0,4.7,20.07,6.0,买入,,33.83
300003.SZ,乐普医疗,20200331,乐普医疗：19年增长稳健，静待20年后续复苏,点评,一般报告,华泰证券,"代雯,高鹏",2021Q4,1166700.0,835000.0,344300.0,287900.0,1.62,22.41,,25.87,16.56,买入,44.63,42.16
300003.SZ,乐普医疗,20200331,乐普医疗：19年增长稳健，静待20年后续复苏,点评,一般报告,华泰证券,"代雯,高鹏",2020Q4,955400.0,676700.0,264200.0,220900.0,1.24,29.21,,25.72,21.13,买入,44.63,42.16
002798.SZ,帝欧家居,20200331,帝欧家居：工程零售并举，高质量增长带动ROE提升,一般,一般报告,兴业证券,"李华丰,陈晨",2022Q4,1023200.0,,126200.0,116700.0,3.03,7.96,,18.3,6.0,审慎增持,,
002798.SZ,帝欧家居,20200331,帝欧家居：工程零售并举，高质量增长带动ROE提升,一般,一般报告,兴业证券,"李华丰,陈晨",2021Q4,852100.0,,101500.0,93800.0,2.44,9.9,,17.6,7.0,审慎增持,,
002798.SZ,帝欧家居,20200331,帝欧家居：工程零售并举，高质量增长带动ROE提升,一般,一般报告,兴业证券,"李华丰,陈晨",2020Q4,697200.0,,80000.0,74000.0,1.92,12.54,,16.4,9.0,审慎增持,,
600309.SH,万华化学,20200331,万华化学：业绩符合预期，护城河壁垒坚固，正是左侧配置时,点评,一般报告,中信建投,郑勇,2022Q4,11299736.0,,,1648248.0,5.25,7.62,,20.26,3.36,买入,,
600309.SH,万华化学,20200331,万华化学：业绩符合预期，护城河壁垒坚固，正是左侧配置时,点评,一般报告,中信建投,郑勇,2021Q4,10109072.0,,,1277875.0,4.07,9.83,,19.7,4.94,买入,,
600029.SH,南方航空,20200331,南方航空2019年年报点评：估值充分释放风险，最坏时刻已过,点评,一般报告,中信证券,"刘正,扈世民,汤学章",2021Q4,17269400.0,,1105900.0,717500.0,0.58,8.9,,10.34,,无,,
600029.SH,南方航空,20200331,南方航空2019年年报点评：估值充分释放风险，最坏时刻已过,点评,一般报告,中信证券,"刘正,扈世民,汤学章",2020Q4,13927100.0,,-197800.0,-128300.0,-0.1046,-49.6,,-2.07,,无,,
002568.SZ,百润股份,20200331,百润股份：预调酒业务加速，业绩符合预期,点评,一般报告,东北证券,"李强,齐欢",2021Q4,229200.0,,75300.0,56500.0,1.09,30.27,0.0,18.91,,买入,,36.45
002568.SZ,百润股份,20200331,百润股份：预调酒业务加速，业绩符合预期,点评,一般报告,东北证券,"李强,齐欢",2020Q4,182200.0,,56000.0,42000.0,0.81,40.69,0.0,17.35,,买入,,36.45
600309.SH,万华化学,20200331,万华化学：业绩符合预期，护城河壁垒坚固，正是左侧配置时,点评,一般报告,中信建投,郑勇,2020Q4,7761538.0,,,1002290.0,3.192,12.53,,19.25,7.61,买入,,
002023.SZ,海特高新,20200331,海特高新事件点评：军品维修和装备研制开始放量，化合物半导体进入收入攀升期,点评,一般报告,国海证券,"苏立赞,邹刚",2021Q4,127000.0,,29200.0,22200.0,0.29,48.3,,5.78,,买入,,
300003.SZ,乐普医疗,20200331,乐普医疗：19年增长稳健，静待20年后续复苏,点评,一般报告,华泰证券,"代雯,高鹏",2022Q4,1413600.0,1022200.0,447400.0,374200.0,2.1,17.25,,25.91,13.06,买入,44.63,42.16
300188.SZ,美亚柏科,20200331,美亚柏科：业绩符合预期，2020拐点向上,点评,一般报告,华泰证券,"谢春生,郭雅丽,郭梁良,金兴",2022Q4,534900.0,,70908.0,66505.0,0.83,23.91,,15.71,19.98,买入,22.0,20.24
601828.SH,美凯龙,20200331,美凯龙：费用投放使利润承压，新零售布局巩固核心竞争力,点评,首次关注,东北证券,"唐凯,钟天皓",2021Q4,2343400.0,,795100.0,591400.0,1.67,6.8,0.0,10.38,,买入,,12.11
601828.SH,美凯龙,20200331,美凯龙：费用投放使利润承压，新零售布局巩固核心竞争力,点评,首次关注,东北证券,"唐凯,钟天皓",2020Q4,1864300.0,,654100.0,486500.0,1.37,8.27,0.0,9.53,,买入,,12.11
601828.SH,美凯龙,20200331,美凯龙：费用投放使利润承压，新零售布局巩固核心竞争力,点评,首次关注,东北证券,"唐凯,钟天皓",2019Q4,1646900.0,,604600.0,449700.0,1.27,8.94,0.0,9.73,,买入,,12.11
601288.SH,农业银行,20200331,农业银行2019年年报点评：业绩平稳增长，资产质量持续改善,一般,一般报告,兴业证券,"傅慧芳,陈绍兴,李英",2022Q4,75424700.0,,30505900.0,24282700.0,0.69,,,11.16,,审慎增持,,
300188.SZ,美亚柏科,20200331,美亚柏科：业绩符合预期，2020拐点向上,点评,一般报告,华泰证券,"谢春生,郭雅丽,郭梁良,金兴",2020Q4,282100.0,,38047.0,35552.0,0.44,44.73,,10.99,37.96,买入,22.0,20.24
601288.SH,农业银行,20200331,农业银行2019年年报点评：业绩平稳增长，资产质量持续改善,一般,一般报告,兴业证券,"傅慧芳,陈绍兴,李英",2021Q4,70466900.0,,29082400.0,23149600.0,0.65,,,11.54,,审慎增持,,
601288.SH,农业银行,20200331,农业银行2019年年报点评：业绩平稳增长，资产质量持续改善,一般,一般报告,兴业证券,"傅慧芳,陈绍兴,李英",2020Q4,66101200.0,,27777300.0,22110700.0,0.62,,,11.98,,审慎增持,,
002023.SZ,海特高新,20200331,海特高新事件点评：军品维修和装备研制开始放量，化合物半导体进入收入攀升期,点评,一般报告,国海证券,"苏立赞,邹刚",2022Q4,152900.0,,41100.0,31200.0,0.41,34.29,,8.4,,买入,,
002697.SZ,红旗连锁,20200331,红旗连锁2019年报点评：主业投资双轮驱动，加速扩张致现金流减少,点评,一般报告,兴业证券,王品辉,2022Q4,1042100.0,,93700.0,85300.0,0.63,14.8,,16.2,,审慎增持,,
000786.SZ,北新建材,20200331,北新建材：石膏板龙头地位稳固，破局千亿防水市场,一般,一般报告,东北证券,"王小勇,唐凯,阚磊",2022Q4,1899800.0,649100.0,474200.0,408400.0,2.42,10.0,2.99,19.5,,买入,,30.85
000002.SZ,万科A,20200331,万科A事业合伙人增持公告点评：强化利益纽带，激发主人翁意识,点评,一般报告,光大证券,"何缅南,王梦恺",2022Q4,59801700.0,,11264100.0,5838200.0,5.17,5.0,6.1,19.25,5.7,买入,,33.83
600029.SH,南方航空,20200331,南方航空2019年年报点评：估值充分释放风险，最坏时刻已过,点评,一般报告,中信证券,"刘正,扈世民,汤学章",2022Q4,18789100.0,,1245100.0,807700.0,0.66,7.9,,10.64,,无,,
300188.SZ,美亚柏科,20200331,美亚柏科：业绩符合预期，2020拐点向上,点评,一般报告,华泰证券,"谢春生,郭雅丽,郭梁良,金兴",2021Q4,388900.0,,51093.0,47878.0,0.6,33.22,,13.02,27.8,买入,22.0,20.24
002568.SZ,百润股份,20200331,百润股份：预调酒业务加速，业绩符合预期,点评,一般报告,东北证券,"李强,齐欢",2022Q4,282300.0,,97700.0,73300.0,1.41,23.32,0.0,19.71,,买入,,36.45
002023.SZ,海特高新,20200331,海特高新事件点评：军品维修和装备研制开始放量，化合物半导体进入收入攀升期,点评,一般报告,国海证券,"苏立赞,邹刚",2020Q4,101700.0,,13500.0,14000.0,0.18,76.44,,3.58,,买入,,
600309.SH,万华化学,20200331,万华化学：产销持续增长，产品价格底部区域业绩依然亮眼，聚氨酯、新材料等项目继续发力，坚定看好公司未来发展,一般,一般报告,兴业证券,张志扬,2022Q4,11010100.0,,2184600.0,1704000.0,5.427,8.54,,23.5,,买入,,
600309.SH,万华化学,20200331,万华化学：产销持续增长，产品价格底部区域业绩依然亮眼，聚氨酯、新材料等项目继续发力，坚定看好公司未来发展,一般,一般报告,兴业证券,张志扬,2021Q4,8675100.0,,1716600.0,1339000.0,4.265,10.87,,22.1,,买入,,
600309.SH,万华化学,20200331,万华化学：产销持续增长，产品价格底部区域业绩依然亮眼，聚氨酯、新材料等项目继续发力，坚定看好公司未来发展,一般,一般报告,兴业证券,张志扬,2020Q4,6514000.0,,1264400.0,986200.0,3.141,14.75,,18.7,,买入,,
300327.SZ,中颖电子,20200331,中颖电子：Q1业绩略超预期，国产替代为核心驱动,点评,一般报告,中泰证券,"刘翔,张欣",2021Q4,133800.0,58500.0,33300.0,32000.0,1.28,21.13,,26.52,,买入,,
300327.SZ,中颖电子,20200331,中颖电子：Q1业绩略超预期，国产替代为核心驱动,点评,一般报告,中泰证券,"刘翔,张欣",2020Q4,98600.0,42300.0,24100.0,23000.0,0.92,29.34,,21.68,,买入,,
000921.SZ,海信家电,20200331,海信家电2019年未审核业绩点评：海信日立利润20%增长，央空资产价值低估,点评,一般报告,光大证券,"金星,甘骏,王奇琪,王彦玮",2021Q4,4877500.0,,265600.0,165200.0,1.21,8.0,7.9,15.95,2.6,增持,,
000921.SZ,海信家电,20200331,海信家电2019年未审核业绩点评：海信日立利润20%增长，央空资产价值低估,点评,一般报告,光大证券,"金星,甘骏,王奇琪,王彦玮",2020Q4,4628200.0,,235000.0,146300.0,1.07,9.0,6.3,15.38,2.9,增持,,
000544.SZ,中原环保,20200331,中原环保2019年报点评：业绩稳步增长，期待资产注入,点评,一般报告,国海证券,"谭倩,任春阳",2022Q4,311300.0,,70900.0,61200.0,0.63,10.07,,7.69,,买入,,
000544.SZ,中原环保,20200331,中原环保2019年报点评：业绩稳步增长，期待资产注入,点评,一般报告,国海证券,"谭倩,任春阳",2021Q4,261800.0,,62700.0,54100.0,0.55,11.4,,7.32,,买入,,
000544.SZ,中原环保,20200331,中原环保2019年报点评：业绩稳步增长，期待资产注入,点评,一般报告,国海证券,"谭倩,任春阳",2020Q4,215400.0,,57400.0,49500.0,0.51,12.45,,7.18,,买入,,
603181.SH,皇马科技,20200331,皇马科技：全年业绩符合预期，表面活性剂龙头值得期待,点评,一般报告,中泰证券,"谢楠,张波",2022Q4,310400.0,78400.0,55600.0,48500.0,1.73,8.1,,,,买入,,
603181.SH,皇马科技,20200331,皇马科技：全年业绩符合预期，表面活性剂龙头值得期待,点评,一般报告,中泰证券,"谢楠,张波",2021Q4,261600.0,64400.0,45000.0,39300.0,1.4,10.0,,19.43,,买入,,
603181.SH,皇马科技,20200331,皇马科技：全年业绩符合预期，表面活性剂龙头值得期待,点评,一般报告,中泰证券,"谢楠,张波",2019Q4,189400.0,42100.0,35900.0,25600.0,0.91,15.34,,17.07,,买入,,
600026.SH,中远海能,20200331,中远海能：沙特增产刺激油轮运价上行，公司有望直接受益,点评,一般报告,兴业证券,"吉理,张晓云,龚里",2021Q4,1645300.0,,494200.0,370300.0,0.78,9.1,,9.1,,审慎增持,,
600026.SH,中远海能,20200331,中远海能：沙特增产刺激油轮运价上行，公司有望直接受益,点评,一般报告,兴业证券,"吉理,张晓云,龚里",2020Q4,1708100.0,,588500.0,472200.0,0.99,7.1,,12.5,,审慎增持,,
002798.SZ,帝欧家居,20200331,帝欧家居2019年年报点评：瓷砖业务产销量大增，毛利率同比提升,点评,一般报告,中信证券,"孙明新,陈中亮",2022Q4,1204683.0,,137900.0,123375.0,3.2,8.0,,20.03,,买入,,34.78
002798.SZ,帝欧家居,20200331,帝欧家居2019年年报点评：瓷砖业务产销量大增，毛利率同比提升,点评,一般报告,中信证券,"孙明新,陈中亮",2021Q4,933660.0,,107100.0,95690.0,2.49,10.0,,18.68,,买入,,34.78
002798.SZ,帝欧家居,20200331,帝欧家居2019年年报点评：瓷砖业务产销量大增，毛利率同比提升,点评,一般报告,中信证券,"孙明新,陈中亮",2020Q4,727361.0,,82500.0,73758.0,1.92,13.0,,16.97,,买入,,34.78
000717.SZ,韶钢松山,20200331,韶钢松山2019年报点评：产量大幅上升，近年首次分红,点评,一般报告,华创证券,"任志强,严鹏",2022Q4,2950000.0,,271100.0,230400.0,0.95,4.0,,17.3,1.0,推荐,,5.2
000921.SZ,海信家电,20200331,海信家电2019年未审核业绩点评：海信日立利润20%增长，央空资产价值低估,点评,一般报告,光大证券,"金星,甘骏,王奇琪,王彦玮",2019Q4,3745300.0,,215200.0,179400.0,1.32,7.0,5.3,20.54,5.4,增持,,
603181.SH,皇马科技,20200331,皇马科技：全年业绩符合预期，表面活性剂龙头值得期待,点评,一般报告,中泰证券,"谢楠,张波",2020Q4,219700.0,52900.0,36300.0,31600.0,1.13,12.41,,18.36,,买入,,
600026.SH,中远海能,20200331,中远海能：沙特增产刺激油轮运价上行，公司有望直接受益,点评,一般报告,兴业证券,"吉理,张晓云,龚里",2022Q4,1661700.0,,516200.0,378000.0,0.79,8.9,,8.6,,审慎增持,,
000717.SZ,韶钢松山,20200331,韶钢松山2019年报点评：产量大幅上升，近年首次分红,点评,一般报告,华创证券,"任志强,严鹏",2020Q4,2843000.0,,227300.0,193200.0,0.8,4.8,,20.2,3.0,推荐,,5.2
000100.SZ,TCL科技,20200331,TCL科技：华星逆势扩张，综合业绩保持行业领先,点评,一般报告,中泰证券,"刘翔,傅盛盛",2022Q4,14687400.0,,1906100.0,1230300.0,0.91,4.71,,27.8,10.23,增持,,
000100.SZ,TCL科技,20200331,TCL科技：华星逆势扩张，综合业绩保持行业领先,点评,一般报告,中泰证券,"刘翔,傅盛盛",2021Q4,7909900.0,,828800.0,535000.0,0.4,10.82,,15.0,25.38,增持,,
000100.SZ,TCL科技,20200331,TCL科技：华星逆势扩张，综合业绩保持行业领先,点评,一般报告,中泰证券,"刘翔,傅盛盛",2020Q4,6672300.0,,407200.0,262900.0,0.19,22.03,,8.2,118.64,增持,,
688388.SH,嘉元科技,20200331,嘉元科技：产品结构优化助力业绩增长，远期增长空间可期,,一般报告,兴业证券,"邱祖学,苏东,王丽佳",2021Q4,173200.0,,60600.0,52600.0,2.28,20.9,,15.1,,审慎增持,,
688388.SH,嘉元科技,20200331,嘉元科技：产品结构优化助力业绩增长，远期增长空间可期,,一般报告,兴业证券,"邱祖学,苏东,王丽佳",2020Q4,145300.0,,49200.0,42700.0,1.85,25.7,,14.5,,审慎增持,,
603005.SH,晶方科技,20200331,晶方科技：业绩快速增长，多摄和生物识别提供强劲增长动力,点评,首份报告,兴业证券,"谢恒,姚康",2022Q4,215800.0,,68400.0,66400.0,2.89,31.4,,18.2,,审慎增持,,
600507.SH,方大特钢,20200331,方大特钢2019年报点评：产量下滑影响业绩，股权激励摊销下滑,点评,一般报告,华创证券,"任志强,严鹏",2022Q4,1764400.0,,340400.0,261500.0,1.81,4.4,,21.0,1.0,强推,,10.0
600507.SH,方大特钢,20200331,方大特钢2019年报点评：产量下滑影响业绩，股权激励摊销下滑,点评,一般报告,华创证券,"任志强,严鹏",2021Q4,1726400.0,,314900.0,241900.0,1.67,4.8,,23.0,1.0,强推,,10.0
600038.SH,中直股份,20200331,中直股份：营收业绩加速增长，哈尔滨分部增长较快,一般,一般报告,兴业证券,"石康,张亚滨,黄艳,李博彦",2022Q4,2507800.0,,126600.0,108900.0,1.85,23.3,,10.3,,审慎增持,,
600038.SH,中直股份,20200331,中直股份：营收业绩加速增长，哈尔滨分部增长较快,一般,一般报告,兴业证券,"石康,张亚滨,黄艳,李博彦",2021Q4,2180700.0,,101200.0,87000.0,1.48,29.1,,9.0,,审慎增持,,
600038.SH,中直股份,20200331,中直股份：营收业绩加速增长，哈尔滨分部增长较快,一般,一般报告,兴业证券,"石康,张亚滨,黄艳,李博彦",2020Q4,1863800.0,,81000.0,69400.0,1.18,36.5,,7.8,,审慎增持,,
300661.SZ,圣邦股份,20200331,圣邦股份：业绩快速增长，拟收购钰泰将进一步增厚EPS,点评,一般报告,兴业证券,谢恒,2022Q4,171600.0,,49000.0,45600.0,4.4,60.03,,21.0,54.0,审慎增持,,
000717.SZ,韶钢松山,20200331,韶钢松山2019年报点评：产量大幅上升，近年首次分红,点评,一般报告,华创证券,"任志强,严鹏",2021Q4,2914300.0,,255900.0,217500.0,0.9,4.3,,19.1,2.0,推荐,,5.2
688388.SH,嘉元科技,20200331,嘉元科技：产品结构优化助力业绩增长，远期增长空间可期,,一般报告,兴业证券,"邱祖学,苏东,王丽佳",2022Q4,188800.0,,67300.0,58400.0,2.53,18.8,,14.4,,审慎增持,,
603005.SH,晶方科技,20200331,晶方科技：业绩快速增长，多摄和生物识别提供强劲增长动力,点评,首份报告,兴业证券,"谢恒,姚康",2021Q4,174100.0,,56700.0,55000.0,2.4,37.9,,18.4,,审慎增持,,
603005.SH,晶方科技,20200331,晶方科技：业绩快速增长，多摄和生物识别提供强劲增长动力,点评,首份报告,兴业证券,"谢恒,姚康",2020Q4,136700.0,,46100.0,44700.0,1.95,46.7,,18.4,,审慎增持,,
600507.SH,方大特钢,20200331,方大特钢2019年报点评：产量下滑影响业绩，股权激励摊销下滑,点评,一般报告,华创证券,"任志强,严鹏",2020Q4,1668300.0,,287600.0,221000.0,1.53,5.2,,25.5,2.0,强推,,10.0
300114.SZ,中航电测,20200331,中航电测：一业领跑，两翼齐飞，军品盈利能力等待释放,点评,一般报告,招商证券,"王超,岑晓翔",2021Q4,206000.0,,34600.0,30000.0,0.51,19.9,,14.4,15.6,强烈推荐,,
300114.SZ,中航电测,20200331,中航电测：一业领跑，两翼齐飞，军品盈利能力等待释放,点评,一般报告,招商证券,"王超,岑晓翔",2020Q4,171800.0,,28100.0,24400.0,0.41,24.5,,13.4,18.6,强烈推荐,,
300114.SZ,中航电测,20200331,中航电测：一业领跑，两翼齐飞，军品盈利能力等待释放,点评,一般报告,招商证券,"王超,岑晓翔",2019Q4,154500.0,,24400.0,21200.0,0.36,28.1,,13.2,22.4,强烈推荐,,
300097.SZ,智云股份,20200331,智云股份：收购九天中创协同发展，海外疫情助推口罩设备放量,点评,一般报告,中泰证券,"冯胜,王可",2021Q4,142800.0,57500.0,34900.0,30100.0,1.04,11.22,,16.61,,买入,,
300097.SZ,智云股份,20200331,智云股份：收购九天中创协同发展，海外疫情助推口罩设备放量,点评,一般报告,中泰证券,"冯胜,王可",2020Q4,108400.0,41300.0,21700.0,17900.0,0.62,18.88,,11.84,,买入,,
300097.SZ,智云股份,20200331,智云股份：收购九天中创协同发展，海外疫情助推口罩设备放量,点评,一般报告,中泰证券,"冯胜,王可",2019Q4,30300.0,5800.0,34500.0,-63300.0,-2.19,-5.34,,-47.5,,买入,,
000895.SZ,双汇发展,20200331,双汇发展公司年报点评：19年营收稳健增长，肉制品战略清晰,点评,一般报告,海通证券,"闻宏伟,唐宇,颜慧菁,程碧升",2022Q4,8436800.0,1614100.0,988800.0,778400.0,2.35,16.76,3.0,29.0,10.28,优于大市,,
000895.SZ,双汇发展,20200331,双汇发展公司年报点评：19年营收稳健增长，肉制品战略清晰,点评,一般报告,海通证券,"闻宏伟,唐宇,颜慧菁,程碧升",2021Q4,7739600.0,1457500.0,878100.0,691200.0,2.08,18.87,2.9,30.5,11.9,优于大市,,
000895.SZ,双汇发展,20200331,双汇发展公司年报点评：19年营收稳健增长，肉制品战略清晰,点评,一般报告,海通证券,"闻宏伟,唐宇,颜慧菁,程碧升",2020Q4,7180000.0,1319800.0,775800.0,610700.0,1.84,21.36,2.7,31.7,13.72,优于大市,,
600114.SH,东睦股份,20200331,东睦股份全景解析：匠心独运新材料，三核驱动新未来,一般,一般报告,中信证券,"敖翀,李超,商力",2021Q4,373688.0,117600.0,68200.0,55100.0,0.89,10.0,4.0,20.2,9.0,买入,,20.8
600114.SH,东睦股份,20200331,东睦股份全景解析：匠心独运新材料，三核驱动新未来,一般,一般报告,中信证券,"敖翀,李超,商力",2019Q4,187458.0,52100.0,24300.0,19600.0,0.32,27.0,2.4,8.3,14.0,买入,,20.8
300659.SZ,中孚信息,20200331,中孚信息：信创领域重点标的，业绩高增长,点评,一般报告,中泰证券,"闻学臣,何柄谕,杨亚宇",2022Q4,217750.0,,51150.0,46310.0,3.49,20.1,,33.4,,买入,,
300659.SZ,中孚信息,20200331,中孚信息：信创领域重点标的，业绩高增长,点评,一般报告,中泰证券,"闻学臣,何柄谕,杨亚宇",2020Q4,94640.0,,21830.0,19770.0,1.49,47.0,,26.6,,买入,,
300659.SZ,中孚信息,20200331,中孚信息：信创领域重点标的，业绩高增长,点评,一般报告,中泰证券,"闻学臣,何柄谕,杨亚宇",2019Q4,60280.0,,13630.0,12490.0,0.94,74.4,,21.7,,买入,,
603060.SH,国检集团,20200331,国检集团投资价值分析报告：优质赛道，成长公司,深度,首次关注,中信证券,"孙明新,李想,罗鼎",2022Q4,182862.0,,44400.0,33628.0,1.09,18.0,,17.6,,买入,,25.0
300661.SZ,圣邦股份,20200331,圣邦股份：业绩快速增长，拟收购钰泰将进一步增厚EPS,点评,一般报告,兴业证券,谢恒,2020Q4,103700.0,,25500.0,23700.0,2.29,115.46,,17.4,100.0,审慎增持,,
603060.SH,国检集团,20200331,国检集团投资价值分析报告：优质赛道，成长公司,深度,首次关注,中信证券,"孙明新,李想,罗鼎",2020Q4,133583.0,,33700.0,25492.0,0.83,23.0,,17.58,,买入,,25.0
600298.SH,安琪酵母,20200331,安琪酵母：经营端逐季好转，2020年利润弹性有望增大,点评,首份报告,中信建投,"安雅泽,陈语匆",2021Q4,966493.0,,,115118.0,1.4,23.25,,,,买入,,40.0
002859.SZ,洁美科技,20200331,洁美科技：下游景气度逐步回升，看好公司多产品线布局,点评,一般报告,东北证券,"张世杰,程雅琪",2020Q4,142400.0,,29700.0,26100.0,1.01,36.06,0.0,14.14,,买入,,42.88
002798.SZ,帝欧家居,20200331,帝欧家居：欧神诺业绩亮眼，未来高增长可期,点评,一般报告,招商证券,"郑恺,李宏鹏,吴昊",2022Q4,985900.0,,121500.0,107500.0,2.79,8.3,,19.0,7.5,强烈推荐,,
002798.SZ,帝欧家居,20200331,帝欧家居：欧神诺业绩亮眼，未来高增长可期,点评,一般报告,招商证券,"郑恺,李宏鹏,吴昊",2021Q4,835500.0,,98000.0,87000.0,2.26,10.3,,17.9,8.7,强烈推荐,,
002798.SZ,帝欧家居,20200331,帝欧家居：欧神诺业绩亮眼，未来高增长可期,点评,一般报告,招商证券,"郑恺,李宏鹏,吴昊",2020Q4,696300.0,,77900.0,69500.0,1.8,12.9,,16.6,10.0,强烈推荐,,
000157.SZ,中联重科,20200331,中联重科：行业高景气度推动营收业绩大增，起重机械市占率大幅提高,一般,一般报告,兴业证券,"石康,张亚滨",2022Q4,6293500.0,,944700.0,796900.0,1.01,5.9,,14.2,,审慎增持,,
000157.SZ,中联重科,20200331,中联重科：行业高景气度推动营收业绩大增，起重机械市占率大幅提高,一般,一般报告,兴业证券,"石康,张亚滨",2021Q4,5721400.0,,834200.0,697800.0,0.89,6.7,,13.7,,审慎增持,,
000157.SZ,中联重科,20200331,中联重科：行业高景气度推动营收业绩大增，起重机械市占率大幅提高,一般,一般报告,兴业证券,"石康,张亚滨",2020Q4,5201200.0,,675500.0,575300.0,0.73,8.2,,12.3,,审慎增持,,
300114.SZ,中航电测,20200331,中航电测：一业领跑，两翼齐飞，军品盈利能力等待释放,点评,一般报告,招商证券,"王超,岑晓翔",2022Q4,241500.0,,41800.0,36100.0,0.61,16.6,,15.0,13.2,强烈推荐,,
603060.SH,国检集团,20200331,国检集团投资价值分析报告：优质赛道，成长公司,深度,首次关注,中信证券,"孙明新,李想,罗鼎",2021Q4,156292.0,,38300.0,29019.0,0.94,20.0,,17.45,,买入,,25.0
000521.SZ,长虹美菱,20200331,长虹美菱：业绩承压苦修内功，生物医疗业务有望受益,点评,一般报告,中信建投,"陈伟奇,花小伟",2021Q4,1611100.0,,,5400.0,,58.0,,,,增持,,
000521.SZ,长虹美菱,20200331,长虹美菱：业绩承压苦修内功，生物医疗业务有望受益,点评,一般报告,中信建投,"陈伟奇,花小伟",2020Q4,1554400.0,,,5100.0,,62.0,,,,增持,,
603997.SH,继峰股份,20200331,继峰股份2019年年报点评：并购格拉默，开启新成长,点评,一般报告,中信证券,"陈俊斌,尹欣驰",2022Q4,4107108.0,,95600.0,60132.0,0.59,14.0,,11.46,,买入,,
603997.SH,继峰股份,20200331,继峰股份2019年年报点评：并购格拉默，开启新成长,点评,一般报告,中信证券,"陈俊斌,尹欣驰",2020Q4,2880160.0,,73900.0,44465.0,0.43,19.0,,9.33,,买入,,
601919.SH,中远海控,20200331,中远海控2019年报点评：运价水平改善＋规模优势与协同效应释放，公司19年扣非业绩同比大增,点评,一般报告,华创证券,"吴一凡,刘阳,王凯",2022Q4,16564700.0,,772800.0,397500.0,0.32,12.0,,4.7,11.0,推荐,,5.0
601919.SH,中远海控,20200331,中远海控2019年报点评：运价水平改善＋规模优势与协同效应释放，公司19年扣非业绩同比大增,点评,一般报告,华创证券,"吴一凡,刘阳,王凯",2021Q4,15587200.0,,655800.0,337400.0,0.28,14.0,,4.3,12.0,推荐,,5.0
601919.SH,中远海控,20200331,中远海控2019年报点评：运价水平改善＋规模优势与协同效应释放，公司19年扣非业绩同比大增,点评,一般报告,华创证券,"吴一凡,刘阳,王凯",2020Q4,14818100.0,,506700.0,260600.0,0.21,19.0,,3.5,13.0,推荐,,5.0
601186.SH,中国铁建,20200331,中国铁建2019年报点评：业绩增长符合预期，现金流改善明显,点评,一般报告,华创证券,王彬鹏,2022Q4,112584300.0,,3879500.0,2766300.0,2.04,5.0,,9.3,12.0,强推,,13.44
601186.SH,中国铁建,20200331,中国铁建2019年报点评：业绩增长符合预期，现金流改善明显,点评,一般报告,华创证券,王彬鹏,2021Q4,104244700.0,,3519500.0,2509600.0,1.85,5.0,,9.3,13.0,强推,,13.44
600114.SH,东睦股份,20200331,东睦股份全景解析：匠心独运新材料，三核驱动新未来,一般,一般报告,中信证券,"敖翀,李超,商力",2020Q4,300824.0,92500.0,50200.0,40500.0,0.66,13.0,3.2,16.1,12.0,买入,,20.8
601186.SH,中国铁建,20200331,中国铁建2019年报点评：业绩增长符合预期，现金流改善明显,点评,一般报告,华创证券,王彬鹏,2020Q4,94982700.0,,3191300.0,2275500.0,1.68,6.0,,9.3,14.0,强推,,13.44
002518.SZ,科士达,20200331,科士达2019年报点评：数据中心业务有望受益于5G建设，储能和充电桩业务有望高速增长,点评,一般报告,华创证券,"胡毅,于潇",2022Q4,471000.0,,67600.0,60800.0,1.04,12.0,,16.2,18.0,强推,,16.5
300659.SZ,中孚信息,20200331,中孚信息：信创领域重点标的，业绩高增长,点评,一般报告,中泰证券,"闻学臣,何柄谕,杨亚宇",2021Q4,147930.0,,34000.0,30410.0,2.29,30.6,,30.7,,买入,,
002518.SZ,科士达,20200331,科士达2019年报点评：数据中心业务有望受益于5G建设，储能和充电桩业务有望高速增长,点评,一般报告,华创证券,"胡毅,于潇",2021Q4,384100.0,,53200.0,47900.0,0.82,15.0,,14.7,22.0,强推,,16.5
300661.SZ,圣邦股份,20200331,圣邦股份：业绩快速增长，拟收购钰泰将进一步增厚EPS,点评,一般报告,兴业证券,谢恒,2021Q4,140000.0,,37800.0,35100.0,3.39,77.88,,20.5,69.0,审慎增持,,
600298.SH,安琪酵母,20200331,安琪酵母：经营端逐季好转，2020年利润弹性有望增大,点评,首份报告,中信建投,"安雅泽,陈语匆",2020Q4,876240.0,,,102501.0,1.24,26.11,,,,买入,,40.0
002859.SZ,洁美科技,20200331,洁美科技：下游景气度逐步回升，看好公司多产品线布局,点评,一般报告,东北证券,"张世杰,程雅琪",2022Q4,223800.0,,46500.0,40900.0,1.58,22.99,0.0,15.73,,买入,,42.88
002859.SZ,洁美科技,20200331,洁美科技：下游景气度逐步回升，看好公司多产品线布局,点评,一般报告,东北证券,"张世杰,程雅琪",2021Q4,189900.0,,39400.0,34600.0,1.34,27.18,0.0,15.79,,买入,,42.88
601766.SH,中国中车,20200331,中国中车2019年报点评：城轨车辆交付数创新高，关注动车组招标,点评,一般报告,华创证券,"李佳,鲁佩,赵志铭",2020Q4,24584900.0,,1815700.0,1342800.0,0.47,14.0,,7.9,12.0,推荐,10.2,7.65
603997.SH,继峰股份,20200331,继峰股份2019年年报点评：并购格拉默，开启新成长,点评,一般报告,中信证券,"陈俊斌,尹欣驰",2021Q4,3312184.0,,81800.0,50352.0,0.49,17.0,,10.11,,买入,,
002518.SZ,科士达,20200331,科士达2019年报点评：数据中心业务有望受益于5G建设，储能和充电桩业务有望高速增长,点评,一般报告,华创证券,"胡毅,于潇",2020Q4,317700.0,,42400.0,38200.0,0.66,19.0,,13.2,27.0,强推,,16.5
688388.SH,嘉元科技,20200331,嘉元科技2019年报点评：业绩符合预期，6微米铜箔占比提升拉动整体盈利水平,,一般报告,华创证券,"胡毅,于潇",2021Q4,200400.0,,68000.0,59100.0,2.56,18.0,,16.9,22.0,强推,,70.0
688388.SH,嘉元科技,20200331,嘉元科技2019年报点评：业绩符合预期，6微米铜箔占比提升拉动整体盈利水平,,一般报告,华创证券,"胡毅,于潇",2020Q4,160000.0,,53100.0,46100.0,2.0,23.0,,15.3,30.0,强推,,70.0
002152.SZ,广电运通,20200331,广电运通事件点评：业绩稳健增长，AI四大场景加速落地,点评,一般报告,国海证券,"宝幼琛,张若凡",2021Q4,981500.0,,164800.0,120800.0,0.5,17.59,,10.63,,买入,,
002152.SZ,广电运通,20200331,广电运通事件点评：业绩稳健增长，AI四大场景加速落地,点评,一般报告,国海证券,"宝幼琛,张若凡",2020Q4,807300.0,,132600.0,97200.0,0.4,21.85,,9.21,,买入,,
002398.SZ,垒知集团,20200331,垒知集团2019年年报点评：减水剂市占率提升，双轮驱动稳健发展,点评,一般报告,光大证券,"陈浩武,胡添雅,孙伟风",2022Q4,506600.0,,80100.0,67300.0,0.97,8.0,1.6,15.4,5.4,买入,,
002398.SZ,垒知集团,20200331,垒知集团2019年年报点评：减水剂市占率提升，双轮驱动稳健发展,点评,一般报告,光大证券,"陈浩武,胡添雅,孙伟风",2021Q4,442700.0,,68600.0,57700.0,0.83,10.0,1.4,15.28,6.6,买入,,
002398.SZ,垒知集团,20200331,垒知集团2019年年报点评：减水剂市占率提升，双轮驱动稳健发展,点评,一般报告,光大证券,"陈浩武,胡添雅,孙伟风",2020Q4,388000.0,,57800.0,48600.0,0.7,12.0,1.2,14.87,8.2,买入,,
601766.SH,中国中车,20200331,中国中车2019年报点评：城轨车辆交付数创新高，关注动车组招标,点评,一般报告,华创证券,"李佳,鲁佩,赵志铭",2022Q4,28662600.0,,2190400.0,1619900.0,0.56,12.0,,8.2,11.0,推荐,10.2,7.65
688388.SH,嘉元科技,20200331,嘉元科技2019年报点评：业绩符合预期，6微米铜箔占比提升拉动整体盈利水平,,一般报告,华创证券,"胡毅,于潇",2022Q4,243700.0,,81600.0,70800.0,3.07,15.0,,17.3,18.0,强推,,70.0
002152.SZ,广电运通,20200331,广电运通事件点评：业绩稳健增长，AI四大场景加速落地,点评,一般报告,国海证券,"宝幼琛,张若凡",2022Q4,1172800.0,,200600.0,147000.0,0.61,14.45,,11.92,,买入,,
601766.SH,中国中车,20200331,中国中车2019年报点评：城轨车辆交付数创新高，关注动车组招标,点评,一般报告,华创证券,"李佳,鲁佩,赵志铭",2021Q4,26735200.0,,1969700.0,1456600.0,0.51,13.0,,8.0,12.0,推荐,10.2,7.65
000538.SZ,云南白药,20200331,兴业证券晨会纪要,非个股,一般报告,兴业证券,,2020Q4,,,,466252.211,3.65,,,,,审慎增持,,
002967.SZ,广电计量,20200331,兴业证券晨会纪要,非个股,一般报告,兴业证券,李雅哲,2021Q4,,,,29200.0,0.88,,,,,审慎增持,,
000768.SZ,中航飞机,20200331,申万宏源晨会纪要,非个股,一般报告,申万宏源证券,"王贺嘉,韩强,王加煨,高晗",2020Q4,,,,68300.0,0.247,,,,,买入,,
002254.SZ,泰和新材,20200331,申万宏源晨会纪要,非个股,一般报告,申万宏源证券,"宋涛,马昕晔,沈衡",2020Q4,,,,31600.0,0.52,,,,,增持,,
000768.SZ,中航飞机,20200331,申万宏源晨会纪要,非个股,一般报告,申万宏源证券,"王贺嘉,韩强,王加煨,高晗",2021Q4,,,,78500.0,0.284,,,,,买入,,
600660.SH,福耀玻璃,20200331,长城证券晨会报告,非个股,一般报告,长城证券,"孙志东,刘欣畅",2020Q4,2182300.0,,,355500.0,1.417,,,,,推荐,,
600009.SH,上海机场,20200331,兴业证券晨会纪要,非个股,一般报告,兴业证券,孙修远,2022Q4,,,,674435.457,3.5,,,,,审慎增持,,
600729.SH,重庆百货,20200331,国泰君安晨报,非个股,一般报告,国泰君安,"陈彦辛,訾猛",2020Q4,,,,83744.864,2.06,,,,,增持,,32.0
600029.SH,南方航空,20200331,申万宏源晨会纪要,非个股,一般报告,申万宏源证券,"郭晶,闫海,游道柱,匡培钦",2020Q4,,,,-260200.0,-0.212,,,,,增持,,
002254.SZ,泰和新材,20200331,申万宏源晨会纪要,非个股,一般报告,申万宏源证券,"宋涛,马昕晔,沈衡",2021Q4,,,,41900.0,0.69,,,,,增持,,
600009.SH,上海机场,20200331,兴业证券晨会纪要,非个股,一般报告,兴业证券,孙修远,2020Q4,,,,158010.593,0.82,,,,,审慎增持,,
002967.SZ,广电计量,20200331,兴业证券晨会纪要,非个股,一般报告,兴业证券,李雅哲,2020Q4,,,,20800.0,0.63,,,,,审慎增持,,
600029.SH,南方航空,20200331,申万宏源晨会纪要,非个股,一般报告,申万宏源证券,"郭晶,闫海,游道柱,匡培钦",2021Q4,,,,690700.0,0.563,,,,,增持,,
603060.SH,国检集团,20200331,财信证券晨会纪要,非个股,一般报告,财信证券,"黄红卫,刘崇武",2021Q4,164100.0,,,29700.0,0.96,,,,,推荐,,
600729.SH,重庆百货,20200331,国泰君安晨报,非个股,一般报告,国泰君安,"陈彦辛,訾猛",2021Q4,,,,119519.369,2.94,,,,,增持,,32.0
600449.SH,宁夏建材,20200331,建筑材料：西北水泥：涨价基础坚实，直接受益基建,非个股,一般报告,天风证券,"盛昌盛,李阳",2020Q4,,,,93000.0,1.945,,,,,无,,
600029.SH,南方航空,20200331,申万宏源晨会纪要,非个股,一般报告,申万宏源证券,"郭晶,闫海,游道柱,匡培钦",2022Q4,,,,888200.0,0.724,,,,,增持,,
000768.SZ,中航飞机,20200331,申万宏源晨会纪要,非个股,一般报告,申万宏源证券,"王贺嘉,韩强,王加煨,高晗",2022Q4,,,,94200.0,0.34,,,,,买入,,
002179.SZ,中航光电,20200331,申万宏源晨会纪要,非个股,一般报告,申万宏源证券,"王贺嘉,韩强,王加煨,高晗",2021Q4,,,,167000.0,1.517,,,,,买入,,
600309.SH,万华化学,20200331,申万宏源晨会纪要,非个股,一般报告,申万宏源证券,"王成强,宋涛",2021Q4,,,,1204000.0,3.82,,,,,买入,,
600309.SH,万华化学,20200331,申万宏源晨会纪要,非个股,一般报告,申万宏源证券,"王成强,宋涛",2022Q4,,,,1438000.0,4.55,,,,,买入,,
600660.SH,福耀玻璃,20200331,长城证券晨会报告,非个股,一般报告,长城证券,"孙志东,刘欣畅",2021Q4,2383600.0,,,414600.0,1.653,,,,,推荐,,
600729.SH,重庆百货,20200331,国泰君安晨报,非个股,一般报告,国泰君安,"陈彦辛,訾猛",2019Q4,,,,97566.832,2.4,,,,,增持,,32.0
002254.SZ,泰和新材,20200331,申万宏源晨会纪要,非个股,一般报告,申万宏源证券,"宋涛,马昕晔,沈衡",2022Q4,,,,49300.0,0.81,,,,,增持,,
600449.SH,宁夏建材,20200331,建筑材料：西北水泥：涨价基础坚实，直接受益基建,非个股,一般报告,天风证券,"盛昌盛,李阳",2021Q4,,,,95600.0,1.999,,,,,无,,
600038.SH,中直股份,20200331,申万宏源晨会纪要,非个股,一般报告,申万宏源证券,"高晗,韩强,王贺嘉,王加煨",2020Q4,,,,72000.0,1.221,,,,,买入,,
601633.SH,长城汽车,20200331,汽车消费刺激政策升温，比亚迪发布刀片电池——汽车行业周报第12期,非个股,一般报告,东北证券,"李恒光,刘力宇",2020Q4,,,,483745.257,0.53,,,,,买入,,
000538.SZ,云南白药,20200331,兴业证券晨会纪要,非个股,一般报告,兴业证券,,2021Q4,,,,517348.343,4.05,,,,,审慎增持,,
002179.SZ,中航光电,20200331,申万宏源晨会纪要,非个股,一般报告,申万宏源证券,"王贺嘉,韩强,王加煨,高晗",2020Q4,,,,141000.0,1.281,,,,,买入,,
002179.SZ,中航光电,20200331,申万宏源晨会纪要,非个股,一般报告,申万宏源证券,"王贺嘉,韩强,王加煨,高晗",2022Q4,,,,192000.0,1.744,,,,,买入,,
000063.SZ,中兴通讯,20200331,财信证券晨会纪要,非个股,一般报告,财信证券,"黄红卫,张看",2020Q4,11050000.0,,,600000.0,1.3,,,,,谨慎推荐,,
601633.SH,长城汽车,20200331,汽车消费刺激政策升温，比亚迪发布刀片电池——汽车行业周报第12期,非个股,一般报告,东北证券,"李恒光,刘力宇",2019Q4,,,,447236.181,0.49,,,,,买入,,
002967.SZ,广电计量,20200331,兴业证券晨会纪要,非个股,一般报告,兴业证券,李雅哲,2022Q4,,,,37900.0,1.15,,,,,审慎增持,,
600309.SH,万华化学,20200331,申万宏源晨会纪要,非个股,一般报告,申万宏源证券,"王成强,宋涛",2020Q4,,,,801000.0,2.55,,,,,买入,,
603060.SH,国检集团,20200331,财信证券晨会纪要,非个股,一般报告,财信证券,"黄红卫,刘崇武",2022Q4,197000.0,,,35500.0,1.15,,,,,推荐,,
603060.SH,国检集团,20200331,财信证券晨会纪要,非个股,一般报告,财信证券,"黄红卫,刘崇武",2020Q4,135600.0,,,24800.0,0.81,,,,,推荐,,
000538.SZ,云南白药,20200331,兴业证券晨会纪要,非个股,一般报告,兴业证券,,2022Q4,,,,569721.879,4.46,,,,,审慎增持,,
600038.SH,中直股份,20200331,申万宏源晨会纪要,非个股,一般报告,申万宏源证券,"高晗,韩强,王贺嘉,王加煨",2022Q4,,,,110000.0,1.866,,,,,买入,,
600009.SH,上海机场,20200331,兴业证券晨会纪要,非个股,一般报告,兴业证券,孙修远,2021Q4,,,,578087.534,3.0,,,,,审慎增持,,
600038.SH,中直股份,20200331,申万宏源晨会纪要,非个股,一般报告,申万宏源证券,"高晗,韩强,王贺嘉,王加煨",2021Q4,,,,89000.0,1.51,,,,,买入,,
603260.SH,合盛硅业,20200331,合盛硅业：疫情影响2020年终端需求，预计2Q价格弱势震荡,点评,一般报告,中金,"吴頔,李璇",2021Q4,1195000.0,244100.0,245100.0,198900.0,2.12,11.6,1.7,19.2,6.0,跑赢行业,,33.0
603260.SH,合盛硅业,20200331,合盛硅业：疫情影响2020年终端需求，预计2Q价格弱势震荡,点评,一般报告,中金,"吴頔,李璇",2020Q4,923500.0,154000.0,155000.0,124300.0,1.33,18.5,1.1,13.9,8.6,跑赢行业,,33.0
603260.SH,合盛硅业,20200331,合盛硅业：疫情影响2020年终端需求，预计2Q价格弱势震荡,点评,一般报告,中金,"吴頔,李璇",2019Q4,853400.0,129800.0,130800.0,107000.0,1.14,21.5,0.9,13.1,9.9,跑赢行业,,33.0
600026.SH,中远海能,20200331,中远海能2019年报点评：超级油轮强弹性预计或将显现，维持“强推”评级,点评,一般报告,华创证券,"吴一凡,刘阳,王凯",2021Q4,2293800.0,,721200.0,459800.0,0.97,7.0,,10.6,9.0,强推,,9.7
600026.SH,中远海能,20200331,中远海能2019年报点评：超级油轮强弹性预计或将显现，维持“强推”评级,点评,一般报告,华创证券,"吴一凡,刘阳,王凯",2020Q4,1904800.0,,581100.0,370400.0,0.78,9.0,,9.7,11.0,强推,,9.7
002572.SZ,索菲亚,20200331,索菲亚投资价值分析报告：衣柜拥抱渠道改革，橱柜步入收获期,深度,首次评级,中信证券,"李鑫,肖昊",2022Q4,1040600.0,,182200.0,141400.0,1.55,12.0,,19.8,,买入,,22.5
002572.SZ,索菲亚,20200331,索菲亚投资价值分析报告：衣柜拥抱渠道改革，橱柜步入收获期,深度,首次评级,中信证券,"李鑫,肖昊",2021Q4,919400.0,,162800.0,126600.0,1.39,13.0,,19.7,,买入,,22.5
002572.SZ,索菲亚,20200331,索菲亚投资价值分析报告：衣柜拥抱渠道改革，橱柜步入收获期,深度,首次评级,中信证券,"李鑫,肖昊",2020Q4,820200.0,,146700.0,114300.0,1.25,14.0,,19.7,,买入,,22.5
603589.SH,口子窖,20200331,口子窖：尽享徽酒消费升级红利，营销改革进行时,深度,首次关注,川财证券,"欧阳宇剑,张潇倩",2021Q4,548372.0,,272900.0,204672.0,3.41,12.13,,20.3,,增持,,
600026.SH,中远海能,20200331,中远海能2019年报点评：超级油轮强弹性预计或将显现，维持“强推”评级,点评,一般报告,华创证券,"吴一凡,刘阳,王凯",2022Q4,2523100.0,,843700.0,569500.0,1.2,6.0,,11.5,8.0,强推,,9.7
603589.SH,口子窖,20200331,口子窖：尽享徽酒消费升级红利，营销改革进行时,深度,首次关注,川财证券,"欧阳宇剑,张潇倩",2020Q4,486951.0,,238800.0,179096.0,2.98,13.86,,20.7,,增持,,
603589.SH,口子窖,20200331,口子窖：尽享徽酒消费升级红利，营销改革进行时,深度,首次关注,川财证券,"欧阳宇剑,张潇倩",2019Q4,471734.0,,227100.0,170325.0,2.84,14.58,,23.1,,增持,,
601390.SH,中国中铁,20200331,中国中铁：各项指标出色，叐益基建稳增长,点评,一般报告,粤开证券,刘萍,2021Q4,107501800.0,,3861500.0,2884600.0,1.17,4.6,6.5,11.0,20.1,买入,,
601390.SH,中国中铁,20200331,中国中铁：各项指标出色，叐益基建稳增长,点评,一般报告,粤开证券,刘萍,2020Q4,97013700.0,,3459200.0,2614900.0,1.06,5.1,5.9,11.0,20.9,买入,,
600309.SH,万华化学,20200331,万华化学：年业绩符合预期，维持跑赢行业,一般,一般报告,中金,"李璇,沈姗姗",2021Q4,7697900.0,2141600.0,1519400.0,1269300.0,4.04,9.9,4.0,24.5,6.3,跑赢行业,,58.0
600309.SH,万华化学,20200331,万华化学：年业绩符合预期，维持跑赢行业,一般,一般报告,中金,"李璇,沈姗姗",2020Q4,6215000.0,1801200.0,1093300.0,907800.0,2.89,13.8,2.9,20.2,8.5,跑赢行业,,58.0
300497.SZ,富祥股份,20200331,富祥股份深度报告：抗生素上游地位牢固，积极横纵两向拓展新业务,深度,首份报告,渤海证券,"徐勇,甘英健,陈晨,张山峰",2021Q4,190818.43,77586.77,53700.0,45400.0,1.58,11.36,,17.1,7.33,增持,,
300497.SZ,富祥股份,20200331,富祥股份深度报告：抗生素上游地位牢固，积极横纵两向拓展新业务,深度,首份报告,渤海证券,"徐勇,甘英健,陈晨,张山峰",2020Q4,162988.8044,65308.09,44700.0,37800.0,1.31,13.65,,17.0,9.12,增持,,
300497.SZ,富祥股份,20200331,富祥股份深度报告：抗生素上游地位牢固，积极横纵两向拓展新业务,深度,首份报告,渤海证券,"徐勇,甘英健,陈晨,张山峰",2019Q4,135684.59,54603.3,36000.0,30400.0,1.056,16.98,,19.7,11.6,增持,,
002798.SZ,帝欧家居,20200331,帝欧家居：渠道持续深化，瓷砖+卫浴协同成长可期,点评,一般报告,安信证券,"邵琳琳,杨光",2021Q4,826160.0,,97180.0,82610.0,2.15,11.2,6.1,19.4,8.1,买入,,26.6
002798.SZ,帝欧家居,20200331,帝欧家居：渠道持续深化，瓷砖+卫浴协同成长可期,点评,一般报告,安信证券,"邵琳琳,杨光",2020Q4,704460.0,,82360.0,70000.0,1.82,13.3,5.1,17.6,8.3,买入,,26.6
601390.SH,中国中铁,20200331,中国中铁：各项指标出色，叐益基建稳增长,点评,一般报告,粤开证券,刘萍,2022Q4,117180600.0,,4289000.0,3182200.0,1.3,4.2,7.2,11.0,19.4,买入,,
002798.SZ,帝欧家居,20200331,帝欧家居：渠道持续深化，瓷砖+卫浴协同成长可期,点评,一般报告,安信证券,"邵琳琳,杨光",2022Q4,923270.0,,110050.0,93540.0,2.43,9.9,6.9,20.6,6.3,买入,,26.6
002023.SZ,海特高新,20200331,海特高新：营收净利同步提升，半导体与高端装备制造业务不断突破,点评,一般报告,安信证券,"冯福章,张傲",2022Q4,221160.0,,31310.0,35130.0,0.46,30.5,0.0,7.8,13.6,买入,,20.0
002023.SZ,海特高新,20200331,海特高新：营收净利同步提升，半导体与高端装备制造业务不断突破,点评,一般报告,安信证券,"冯福章,张傲",2021Q4,159000.0,,23900.0,26630.0,0.35,40.2,0.0,6.3,14.4,买入,,20.0
000921.SZ,海信家电,20200331,海信家电：中央空调并表，资产大幅优化,一般,一般报告,中金,"何伟,韦一飞",2021Q4,4979400.0,,335100.0,171900.0,1.26,7.1,4.2,17.0,1.0,跑赢行业,,11.36
000921.SZ,海信家电,20200331,海信家电：中央空调并表，资产大幅优化,一般,一般报告,中金,"何伟,韦一飞",2020Q4,4496400.0,,232800.0,119400.0,0.88,10.2,2.9,13.1,1.8,跑赢行业,,11.36
000921.SZ,海信家电,20200331,海信家电：中央空调并表，资产大幅优化,一般,一般报告,中金,"何伟,韦一飞",2019Q4,3745300.0,,215200.0,179400.0,1.32,6.8,4.4,22.3,3.4,跑赢行业,,11.36
002023.SZ,海特高新,20200331,海特高新：营收净利同步提升，半导体与高端装备制造业务不断突破,点评,一般报告,安信证券,"冯福章,张傲",2020Q4,112550.0,,12920.0,15500.0,0.2,69.0,0.0,3.9,19.7,买入,,20.0
601577.SH,长沙银行,20200331,长沙银行：零售转型成效好，占比收益双提升,点评,一般报告,中信建投,"杨荣,陈翔",2021Q4,2386300.0,,,624100.0,1.824,4.51,,,,增持,,11.5
601577.SH,长沙银行,20200331,长沙银行：零售转型成效好，占比收益双提升,点评,一般报告,中信建投,"杨荣,陈翔",2020Q4,1999800.0,,,549000.0,1.605,5.17,,,,增持,,11.5
600600.SH,青岛啤酒,20200331,青岛啤酒：收入增长稳定，业绩略超预期,点评,首次关注,华鑫证券,万蓉,2022Q4,3035600.0,,417800.0,284800.0,2.11,21.9,,11.1,,推荐,,
600600.SH,青岛啤酒,20200331,青岛啤酒：收入增长稳定，业绩略超预期,点评,首次关注,华鑫证券,万蓉,2021Q4,2944100.0,,341300.0,231200.0,1.71,26.9,,10.0,,推荐,,
600522.SH,中天科技,20200331,中天科技：受益“新基建”持续加码，海洋、电缆、光通信“多点开花”,一般,一般报告,中金,"闫慧辰,黄乐平,李诗雯",2021Q4,5138200.0,,356800.0,305700.0,1.0,9.9,1.6,12.5,4.4,跑赢行业,,15.8
601577.SH,长沙银行,20200331,长沙银行：零售转型成效好，占比收益双提升,点评,一般报告,中信建投,"杨荣,陈翔",2022Q4,2861800.0,,,718200.0,2.099,3.89,,,,增持,,11.5
600600.SH,青岛啤酒,20200331,青岛啤酒：收入增长稳定，业绩略超预期,点评,首次关注,华鑫证券,万蓉,2020Q4,2802000.0,,288500.0,194300.0,1.44,32.1,,9.3,,推荐,,
600522.SH,中天科技,20200331,中天科技：受益“新基建”持续加码，海洋、电缆、光通信“多点开花”,一般,一般报告,中金,"闫慧辰,黄乐平,李诗雯",2020Q4,4431400.0,,281300.0,240900.0,0.79,12.6,1.3,10.9,5.9,跑赢行业,,15.8
600522.SH,中天科技,20200331,中天科技：受益“新基建”持续加码，海洋、电缆、光通信“多点开花”,一般,一般报告,中金,"闫慧辰,黄乐平,李诗雯",2019Q4,3872200.0,,240100.0,204300.0,0.67,14.9,1.1,10.1,7.0,跑赢行业,,15.8
600487.SH,亨通光电,20200331,亨通光电：海洋、电缆、新业务成长明确，光纤光缆供需改善,一般,首次评级,中金,"闫慧辰,黄乐平,李诗雯",2019Q4,3528500.0,554400.0,200000.0,159100.0,0.82,20.3,0.5,12.2,12.4,跑赢行业,,25.71
600066.SH,宇通客车,20200331,宇通客车：国内外需求承压，现金流改善，分红有保障,一般,一般报告,中金,"常菁,王雷",2021Q4,3174900.0,699800.0,226100.0,200700.0,0.91,14.4,3.5,11.3,6.8,跑赢行业,,13.5
000063.SZ,中兴通讯,20200331,中兴通讯：业绩指标好转，提案股份回购,点评,一般报告,上海证券,张涛,2021Q4,13908820.0,,1150867.0,889486.0,1.93,22.0,,,,增持,,
000063.SZ,中兴通讯,20200331,中兴通讯：业绩指标好转，提案股份回购,点评,一般报告,上海证券,张涛,2020Q4,11415630.0,,832183.0,643181.0,1.39,31.0,,,,增持,,
603883.SH,老百姓,20200331,老百姓深度报告：行业高成长，药店龙头全面扩张,深度,首份报告,渤海证券,"徐勇,甘英健,陈晨,张山峰",2019Q4,1189100.0,,76300.0,54700.0,1.91,33.56,,15.2,23.39,增持,,
601766.SH,中国中车,20200331,中国中车公司年报点评：2019年业务稳定增长，2020年有望受益行业拐点向上,点评,一般报告,海通证券,"佘炜超,杨震,周丹",2022Q4,30095000.0,,2137200.0,1543900.0,0.54,12.19,2.3,9.3,6.15,优于大市,,
601766.SH,中国中车,20200331,中国中车公司年报点评：2019年业务稳定增长，2020年有望受益行业拐点向上,点评,一般报告,海通证券,"佘炜超,杨震,周丹",2021Q4,26926600.0,,1933700.0,1396900.0,0.49,13.48,2.3,9.0,7.84,优于大市,,
601766.SH,中国中车,20200331,中国中车公司年报点评：2019年业务稳定增长，2020年有望受益行业拐点向上,点评,一般报告,海通证券,"佘炜超,杨震,周丹",2020Q4,24183100.0,,1743600.0,1259600.0,0.44,14.95,2.3,8.7,9.75,优于大市,,
601390.SH,中国中铁,20200331,中国中铁：低估值周期有利弹性大，降杠杆业绩释放动力强,点评,首份报告,中泰证券,"邢立力,曾明",2020Q4,98610794.0,,3771296.0,2743898.0,1.12,4.8,,11.8,,买入,,
601333.SH,广深铁路,20200331,广深铁路2019年年报点评：Q4客运量承压，期待改革注入活力,点评,一般报告,中信证券,"刘正,扈世民,汤学章",2022Q4,2343300.0,,154300.0,116000.0,0.16,14.0,,3.78,,买入,,
601333.SH,广深铁路,20200331,广深铁路2019年年报点评：Q4客运量承压，期待改革注入活力,点评,一般报告,中信证券,"刘正,扈世民,汤学章",2021Q4,2208400.0,,135900.0,102300.0,0.1444,16.0,,3.41,,买入,,
600487.SH,亨通光电,20200331,亨通光电：海洋、电缆、新业务成长明确，光纤光缆供需改善,一般,首次评级,中金,"闫慧辰,黄乐平,李诗雯",2021Q4,4699900.0,765800.0,287900.0,231300.0,1.19,14.0,0.8,14.2,9.0,跑赢行业,,25.71
600487.SH,亨通光电,20200331,亨通光电：海洋、电缆、新业务成长明确，光纤光缆供需改善,一般,首次评级,中金,"闫慧辰,黄乐平,李诗雯",2020Q4,4125000.0,626300.0,211500.0,167300.0,0.86,19.3,0.6,11.5,11.5,跑赢行业,,25.71
600066.SH,宇通客车,20200331,宇通客车：国内外需求承压，现金流改善，分红有保障,一般,一般报告,中金,"常菁,王雷",2020Q4,2999800.0,689600.0,215700.0,191600.0,0.87,15.1,3.6,11.0,8.3,跑赢行业,,13.5
000063.SZ,中兴通讯,20200331,中兴通讯：业绩指标好转，提案股份回购,点评,一般报告,上海证券,张涛,2022Q4,16344420.0,,1399528.0,1081673.0,2.35,18.0,,,,增持,,
603883.SH,老百姓,20200331,老百姓深度报告：行业高成长，药店龙头全面扩张,深度,首份报告,渤海证券,"徐勇,甘英健,陈晨,张山峰",2021Q4,1825100.0,,117500.0,83300.0,2.91,22.05,,16.4,15.11,增持,,
603883.SH,老百姓,20200331,老百姓深度报告：行业高成长，药店龙头全面扩张,深度,首份报告,渤海证券,"徐勇,甘英健,陈晨,张山峰",2020Q4,1480100.0,,94700.0,66300.0,2.31,27.69,,15.6,18.76,增持,,
601390.SH,中国中铁,20200331,中国中铁：低估值周期有利弹性大，降杠杆业绩释放动力强,点评,首份报告,中泰证券,"邢立力,曾明",2021Q4,107646095.0,,4110948.0,3005430.0,1.22,4.4,,12.3,,买入,,
601333.SH,广深铁路,20200331,广深铁路2019年年报点评：Q4客运量承压，期待改革注入活力,点评,一般报告,中信证券,"刘正,扈世民,汤学章",2020Q4,1984300.0,,41500.0,31200.0,0.044,53.0,,1.08,,买入,,
603039.SH,泛微网络,20200331,泛微网络：业绩符合预期，迈出国际化第一步,点评,一般报告,安信证券,"胡又文,凌晨",2020Q4,160750.0,,19480.0,17550.0,1.16,61.9,0.3,14.9,64.9,买入,,90.0
601939.SH,建设银行,20200331,建设银行：关注类占比回升，非息收入增长亮眼,点评,首份报告,中信建投,"杨荣,陈翔",2022Q4,85808800.0,,,31159600.0,1.246,5.11,,,,增持,,7.4
601939.SH,建设银行,20200331,建设银行：关注类占比回升，非息收入增长亮眼,点评,首份报告,中信建投,"杨荣,陈翔",2020Q4,74808900.0,,,28128700.0,1.125,5.66,,,,增持,,7.4
600309.SH,万华化学,20200331,万华化学：年报符合预期，景气下行制约增长,点评,一般报告,华泰证券,"刘曦,庄汀洲",2022Q4,10425100.0,,1789900.0,1404800.0,4.47,9.31,,19.11,5.34,增持,46.28,42.72
600309.SH,万华化学,20200331,万华化学：年报符合预期，景气下行制约增长,点评,一般报告,华泰证券,"刘曦,庄汀洲",2021Q4,9063800.0,,1596800.0,1250400.0,3.98,10.46,,19.87,6.08,增持,46.28,42.72
601939.SH,建设银行,20200331,建设银行：关注类占比回升，非息收入增长亮眼,点评,首份报告,中信建投,"杨荣,陈翔",2021Q4,80045600.0,,,29535100.0,1.181,5.4,,,,增持,,7.4
600309.SH,万华化学,20200331,万华化学：年报符合预期，景气下行制约增长,点评,一般报告,华泰证券,"刘曦,庄汀洲",2020Q4,7742700.0,,1432700.0,1119300.0,3.56,11.68,,20.9,7.21,增持,46.28,42.72
600298.SH,安琪酵母,20200331,安琪酵母：收入符合预期，看好中长期价值,点评,一般报告,新时代证券,"孙山山,孙颖",2020Q4,878500.0,,120000.0,101500.0,1.23,26.4,,16.8,16.6,推荐,,
300674.SZ,宇信科技,20200331,宇信科技：毛利率全面提升，三驾马车齐驱快速增长,点评,一般报告,兴业证券,蒋佳霖,2022Q4,530800.0,,72200.0,68400.0,1.71,19.5,,20.9,,审慎推荐,,
002568.SZ,百润股份,20200331,百润股份：业绩符合预期，产品、产能和销售渠道持续完善,点评,首次关注,华鑫证券,万蓉,2022Q4,243400.0,,69200.0,54000.0,1.04,32.7,,16.2,,审慎推荐,,
002568.SZ,百润股份,20200331,百润股份：业绩符合预期，产品、产能和销售渠道持续完善,点评,首次关注,华鑫证券,万蓉,2021Q4,208500.0,,55100.0,43000.0,0.83,41.1,,15.4,,审慎推荐,,
002568.SZ,百润股份,20200331,百润股份：业绩符合预期，产品、产能和销售渠道持续完善,点评,首次关注,华鑫证券,万蓉,2020Q4,176100.0,,45700.0,35700.0,0.69,49.5,,15.1,,审慎推荐,,
002039.SZ,黔源电力,20200331,黔源电力：来水偏枯致盈利下滑，一季度发电量有望高增长,点评,首份报告,安信证券,"邵琳琳,马丁,汪磊",2022Q4,239550.0,,78750.0,43100.0,1.41,9.6,0.0,8.0,6.0,增持,,15.5
002039.SZ,黔源电力,20200331,黔源电力：来水偏枯致盈利下滑，一季度发电量有望高增长,点评,首份报告,安信证券,"邵琳琳,马丁,汪磊",2021Q4,237180.0,,73200.0,40060.0,1.31,10.3,0.0,8.1,6.5,增持,,15.5
002039.SZ,黔源电力,20200331,黔源电力：来水偏枯致盈利下滑，一季度发电量有望高增长,点评,首份报告,安信证券,"邵琳琳,马丁,汪磊",2020Q4,234830.0,,66580.0,36440.0,1.19,11.3,0.0,8.0,7.3,增持,,15.5
603317.SH,天味食品,20200331,天味食品2019年年报点评：渠道建设初见成效，品牌强化助力增长,点评,一般报告,光大证券,"叶倩瑜,张喆,陈彦彤",2020Q4,219400.0,,42400.0,36300.0,0.88,54.0,0.0,17.39,43.9,增持,,
600660.SH,福耀玻璃,20200331,福耀玻璃：短期影响有限、全球化和多元化长期逻辑不变,点评,一般报告,平安证券,"王德安,曹群海",2021Q4,2453400.0,,477200.0,409500.0,1.63,11.6,,16.5,7.6,推荐,,
600660.SH,福耀玻璃,20200331,福耀玻璃：短期影响有限、全球化和多元化长期逻辑不变,点评,一般报告,平安证券,"王德安,曹群海",2020Q4,2283700.0,,378500.0,324700.0,1.29,14.6,,14.4,8.7,推荐,,
600660.SH,福耀玻璃,20200331,福耀玻璃：短期影响有限、全球化和多元化长期逻辑不变,点评,一般报告,平安证券,"王德安,曹群海",2019Q4,2110400.0,,337900.0,289800.0,1.16,16.4,,13.7,9.7,推荐,,
600362.SH,江西铜业,20200331,江西铜业：整体经营稳健，外延并购取得突破,点评,一般报告,华泰证券,"李斌,邱乐园,江翰博",2022Q4,25745100.0,,390000.0,287500.0,0.83,15.01,,4.74,8.58,增持,14.91,14.2
300725.SZ,药石科技,20200331,药石科技：19年收入稳健增长，产业链下游拓展未来发展可期,点评,一般报告,安信证券,"马帅,冯雪云",2022Q4,153900.0,,39550.0,34650.0,2.39,31.8,0.0,21.7,21.5,增持,,
300725.SZ,药石科技,20200331,药石科技：19年收入稳健增长，产业链下游拓展未来发展可期,点评,一般报告,安信证券,"马帅,冯雪云",2020Q4,86240.0,,22160.0,19420.0,1.34,56.7,0.0,19.6,38.9,增持,,
002398.SZ,垒知集团,20200331,垒知集团：议价能力提升，业绩高增长持续,点评,一般报告,东兴证券,"赵军胜,韩宇",2022Q4,718829.0,,110251.0,92686.0,1.34,6.03,,18.37,4.18,强烈推荐,,
002398.SZ,垒知集团,20200331,垒知集团：议价能力提升，业绩高增长持续,点评,一般报告,东兴证券,"赵军胜,韩宇",2021Q4,575257.0,,88037.0,74011.0,1.07,7.55,,17.97,5.58,强烈推荐,,
002398.SZ,垒知集团,20200331,垒知集团：议价能力提升，业绩高增长持续,点评,一般报告,东兴证券,"赵军胜,韩宇",2020Q4,426030.0,,64826.0,54498.0,0.79,10.25,,16.13,7.76,强烈推荐,,
000100.SZ,TCL科技,20200331,TCL科技：压力期终将过去，等待面板价格回升,点评,首份报告,安信证券,张立聪,2022Q4,11795000.0,,912000.0,617000.0,0.46,9.4,0.0,12.1,0.7,推荐,,4.53
000100.SZ,TCL科技,20200331,TCL科技：压力期终将过去，等待面板价格回升,点评,首份报告,安信证券,张立聪,2021Q4,10578000.0,,732000.0,495000.0,0.37,11.7,0.0,11.1,1.3,推荐,,4.53
000100.SZ,TCL科技,20200331,TCL科技：压力期终将过去，等待面板价格回升,点评,首份报告,安信证券,张立聪,2020Q4,8997000.0,,566000.0,383000.0,0.28,15.1,0.0,9.6,1.4,推荐,,4.53
688388.SH,嘉元科技,20200331,嘉元科技：6微米铜箔占比大幅提升，带动净利润大增八成,,一般报告,招商证券,"刘文平,游家训,刘珺涵,刘伟洁",2022Q4,185900.0,,74100.0,64100.0,2.78,17.1,,16.9,12.6,强烈推荐,,
688388.SH,嘉元科技,20200331,嘉元科技：6微米铜箔占比大幅提升，带动净利润大增八成,,一般报告,招商证券,"刘文平,游家训,刘珺涵,刘伟洁",2021Q4,194000.0,,71700.0,62000.0,2.68,17.7,,18.6,12.8,强烈推荐,,
688388.SH,嘉元科技,20200331,嘉元科技：6微米铜箔占比大幅提升，带动净利润大增八成,,一般报告,招商证券,"刘文平,游家训,刘珺涵,刘伟洁",2020Q4,140400.0,,47800.0,41500.0,1.8,26.5,,14.6,18.3,强烈推荐,,
603919.SH,金徽酒,20200331,金徽酒：19年顺利收官，20年负重再出发,点评,一般报告,方正证券,"薛玉虎,刘洁铭",2022Q4,250714.0,,60185.0,47043.0,1.21,10.87,,13.0,-2.3,推荐,,
603919.SH,金徽酒,20200331,金徽酒：19年顺利收官，20年负重再出发,点评,一般报告,方正证券,"薛玉虎,刘洁铭",2021Q4,210384.0,,48583.0,38001.0,0.97,13.46,,12.0,-2.03,推荐,,
603919.SH,金徽酒,20200331,金徽酒：19年顺利收官，20年负重再出发,点评,一般报告,方正证券,"薛玉虎,刘洁铭",2020Q4,183102.0,,41077.0,32062.0,0.82,15.95,,11.0,-1.68,推荐,,
603317.SH,天味食品,20200331,天味食品：渠道建设稳步推进，30％收入增长目标彰显信心,点评,一般报告,中泰证券,"范劲松,熊欣慰,龚小乐,房昭强",2022Q4,392700.0,158700.0,73400.0,62900.0,1.52,31.47,,19.11,,买入,,
600298.SH,安琪酵母,20200331,安琪酵母：收入符合预期，看好中长期价值,点评,一般报告,新时代证券,"孙山山,孙颖",2021Q4,1010200.0,,141200.0,120000.0,1.46,22.3,,17.0,14.0,推荐,,
603317.SH,天味食品,20200331,天味食品：渠道建设稳步推进，30％收入增长目标彰显信心,点评,一般报告,中泰证券,"范劲松,熊欣慰,龚小乐,房昭强",2021Q4,297700.0,117200.0,53600.0,45900.0,1.11,43.1,,16.11,,买入,,
600362.SH,江西铜业,20200331,江西铜业：整体经营稳健，外延并购取得突破,点评,一般报告,华泰证券,"李斌,邱乐园,江翰博",2020Q4,22837700.0,,345700.0,244100.0,0.71,17.67,,4.42,9.78,增持,14.91,14.2
603317.SH,天味食品,20200331,天味食品：渠道建设稳步推进，30％收入增长目标彰显信心,点评,一般报告,中泰证券,"范劲松,熊欣慰,龚小乐,房昭强",2020Q4,227600.0,83100.0,40000.0,34300.0,0.83,57.73,,13.55,,买入,,
600066.SH,宇通客车,20200331,宇通客车：国补到位现金流改善，19全年分红超预期,点评,一般报告,兴业证券,"戴畅,赵季新",2020Q4,3012400.0,,232700.0,200900.0,0.91,14.38,,10.3,7.0,审慎增持,,
600028.SH,中国石化,20200331,中国石化2019年年报点评：公司短期业绩承压，高股息具有吸引力,点评,一般报告,中信证券,"黄莉莉,王佩坚",2022Q4,297840000.0,,9092000.0,5723000.0,0.47,9.0,,7.14,,买入,,6.1
600028.SH,中国石化,20200331,中国石化2019年年报点评：公司短期业绩承压，高股息具有吸引力,点评,一般报告,中信证券,"黄莉莉,王佩坚",2021Q4,282800000.0,,7966000.0,5011000.0,0.41,11.0,,6.45,,买入,,6.1
300674.SZ,宇信科技,20200331,宇信科技：毛利率全面提升，三驾马车齐驱快速增长,点评,一般报告,兴业证券,蒋佳霖,2021Q4,434200.0,,55500.0,52500.0,1.31,25.4,,19.5,,审慎推荐,,
300674.SZ,宇信科技,20200331,宇信科技：毛利率全面提升，三驾马车齐驱快速增长,点评,一般报告,兴业证券,蒋佳霖,2020Q4,347400.0,,41000.0,38800.0,0.97,34.4,,17.3,,审慎推荐,,
600028.SH,中国石化,20200331,中国石化2019年年报点评：公司短期业绩承压，高股息具有吸引力,点评,一般报告,中信证券,"黄莉莉,王佩坚",2020Q4,260640000.0,,4976000.0,3083000.0,0.25,18.0,,4.13,,买入,,6.1
600026.SH,中远海能,20200331,中远海能：OPEC+石油价格战驱动油运需求,点评,一般报告,华泰证券,"沈晓峰,林霞颖",2022Q4,1888000.0,,527000.0,389500.0,0.82,8.64,,9.78,5.35,买入,9.6,8.9
600026.SH,中远海能,20200331,中远海能：OPEC+石油价格战驱动油运需求,点评,一般报告,华泰证券,"沈晓峰,林霞颖",2021Q4,1842000.0,,494600.0,364500.0,0.77,9.24,,9.73,5.84,买入,9.6,8.9
600298.SH,安琪酵母,20200331,安琪酵母：收入符合预期，看好中长期价值,点评,一般报告,新时代证券,"孙山山,孙颖",2022Q4,1171900.0,,165200.0,139700.0,1.69,19.2,,16.9,12.1,推荐,,
603317.SH,天味食品,20200331,天味食品2019年年报点评：渠道建设初见成效，品牌强化助力增长,点评,一般报告,光大证券,"叶倩瑜,张喆,陈彦彤",2022Q4,369200.0,,68100.0,58400.0,1.41,34.0,0.0,18.6,26.3,增持,,
603317.SH,天味食品,20200331,天味食品2019年年报点评：渠道建设初见成效，品牌强化助力增长,点评,一般报告,光大证券,"叶倩瑜,张喆,陈彦彤",2021Q4,288500.0,,54400.0,46600.0,1.13,42.0,0.0,18.25,33.6,增持,,
600362.SH,江西铜业,20200331,江西铜业：整体经营稳健，外延并购取得突破,点评,一般报告,华泰证券,"李斌,邱乐园,江翰博",2021Q4,24279500.0,,360000.0,260800.0,0.75,16.54,,4.51,9.18,增持,14.91,14.2
300725.SZ,药石科技,20200331,药石科技：19年收入稳健增长，产业链下游拓展未来发展可期,点评,一般报告,安信证券,"马帅,冯雪云",2021Q4,115440.0,,29710.0,26030.0,1.8,42.3,0.0,20.8,29.2,增持,,
600298.SH,安琪酵母,20200331,安琪酵母：疫情推升国内外酵母需求，内部变革提升经营效率,点评,一般报告,方正证券,"薛玉虎,刘洁铭",2022Q4,1137074.0,,159224.0,128151.0,1.56,20.89,,15.0,-0.76,强烈推荐,,
600298.SH,安琪酵母,20200331,安琪酵母：疫情推升国内外酵母需求，内部变革提升经营效率,点评,一般报告,方正证券,"薛玉虎,刘洁铭",2021Q4,996298.0,,141904.0,114247.0,1.39,23.43,,16.0,-0.22,强烈推荐,,
600298.SH,安琪酵母,20200331,安琪酵母：疫情推升国内外酵母需求，内部变革提升经营效率,点评,一般报告,方正证券,"薛玉虎,刘洁铭",2020Q4,873332.0,,126691.0,101901.0,1.24,26.27,,17.0,0.38,强烈推荐,,
600066.SH,宇通客车,20200331,宇通客车：国补到位现金流改善，19全年分红超预期,点评,一般报告,兴业证券,"戴畅,赵季新",2022Q4,3257800.0,,274200.0,234500.0,1.06,12.32,,9.8,6.0,审慎增持,,
600066.SH,宇通客车,20200331,宇通客车：国补到位现金流改善，19全年分红超预期,点评,一般报告,兴业证券,"戴畅,赵季新",2021Q4,3132800.0,,252000.0,215200.0,0.97,13.42,,9.9,6.0,审慎增持,,
002518.SZ,科士达,20200331,科士达事件点评：盈利能力提升，受益于新基建,点评,一般报告,国海证券,"谭倩,傅鸿浩,张涵",2022Q4,478200.0,,71000.0,64000.0,1.1,11.14,,17.33,,买入,,
002518.SZ,科士达,20200331,科士达事件点评：盈利能力提升，受益于新基建,点评,一般报告,国海证券,"谭倩,傅鸿浩,张涵",2021Q4,400400.0,,58000.0,52300.0,0.9,13.64,,16.08,,买入,,
002438.SZ,江苏神通,20200331,江苏神通：泛燃料后处理设备即将实现收入,点评,一般报告,华鑫证券,魏旭锟,2022Q4,203000.0,,41900.0,37700.0,0.78,9.5,,13.3,,审慎推荐,,
002438.SZ,江苏神通,20200331,江苏神通：泛燃料后处理设备即将实现收入,点评,一般报告,华鑫证券,魏旭锟,2021Q4,176900.0,,36400.0,32700.0,0.67,11.0,,13.1,,审慎推荐,,
002438.SZ,江苏神通,20200331,江苏神通：泛燃料后处理设备即将实现收入,点评,一般报告,华鑫证券,魏旭锟,2020Q4,150400.0,,29500.0,26600.0,0.55,13.5,,12.0,,审慎推荐,,
000157.SZ,中联重科,20200331,中联重科公司年报点评：19年业绩实现大幅增长，竞争力进一步提高,点评,一般报告,海通证券,"佘炜超,杨震",2022Q4,5659200.0,,818100.0,679000.0,0.86,6.93,6.8,13.0,5.77,优于大市,,
000157.SZ,中联重科,20200331,中联重科公司年报点评：19年业绩实现大幅增长，竞争力进一步提高,点评,一般报告,海通证券,"佘炜超,杨震",2021Q4,5255400.0,,717900.0,595800.0,0.76,7.84,5.8,12.2,6.77,优于大市,,
000157.SZ,中联重科,20200331,中联重科公司年报点评：19年业绩实现大幅增长，竞争力进一步提高,点评,一般报告,海通证券,"佘炜超,杨震",2020Q4,4832800.0,,644100.0,534600.0,0.68,8.76,0.0,11.8,8.02,优于大市,,
601186.SH,中国铁建,20200331,中国铁建：Q4研发费用拖累利润增速，订单高增垫底未杢业绩基础,点评,一般报告,粤开证券,刘萍,2022Q4,115207900.0,,3850700.0,2819100.0,2.08,4.9,4.1,10.0,20.1,买入,,
601186.SH,中国铁建,20200331,中国铁建：Q4研发费用拖累利润增速，订单高增垫底未杢业绩基础,点评,一般报告,粤开证券,刘萍,2021Q4,105026400.0,,3495300.0,2548200.0,1.88,5.4,3.7,10.0,20.9,买入,,
601186.SH,中国铁建,20200331,中国铁建：Q4研发费用拖累利润增速，订单高增垫底未杢业绩基础,点评,一般报告,粤开证券,刘萍,2020Q4,94216800.0,,3126900.0,2270700.0,1.67,6.1,3.3,10.0,21.9,买入,,
600298.SH,安琪酵母,20200331,安琪酵母：经营逐季改善，持续推进全球化,点评,一般报告,国金证券,"寇星,刘宸倩",2022Q4,1143000.0,413700.0,181500.0,148300.0,1.799,18.0,,19.78,,买入,,
600298.SH,安琪酵母,20200331,安琪酵母：经营逐季改善，持续推进全球化,点评,一般报告,国金证券,"寇星,刘宸倩",2021Q4,1009000.0,360400.0,148200.0,120700.0,1.465,22.0,,18.55,,买入,,
600298.SH,安琪酵母,20200331,安琪酵母：经营逐季改善，持续推进全球化,点评,一般报告,国金证券,"寇星,刘宸倩",2020Q4,875000.0,310900.0,124000.0,101100.0,1.227,26.0,,17.7,,买入,,
300003.SZ,乐普医疗,20200331,乐普医疗：器械产品线丰富，19年业绩符合预期,点评,一般报告,华鑫证券,"杜永宏,陈成",2022Q4,1414800.0,,426200.0,356300.0,2.0,,,24.4,,推荐,,
300003.SZ,乐普医疗,20200331,乐普医疗：器械产品线丰富，19年业绩符合预期,点评,一般报告,华鑫证券,"杜永宏,陈成",2021Q4,1147500.0,,337900.0,282500.0,1.59,,,23.8,,推荐,,
300003.SZ,乐普医疗,20200331,乐普医疗：器械产品线丰富，19年业绩符合预期,点评,一般报告,华鑫证券,"杜永宏,陈成",2020Q4,933400.0,,263500.0,220300.0,1.24,,,22.7,,推荐,,
002459.SZ,晶澳科技,20200331,晶澳科技：海外组件出货高增长，光伏一体化龙头再出发,点评,首次关注,上海证券,孙克遥,2022Q4,3512426.0,,255800.0,213155.0,1.59,8.0,,16.1,,增持,,
002459.SZ,晶澳科技,20200331,晶澳科技：海外组件出货高增长，光伏一体化龙头再出发,点评,首次关注,上海证券,孙克遥,2021Q4,3038004.0,,212700.0,177460.0,1.32,9.61,,15.98,,增持,,
002459.SZ,晶澳科技,20200331,晶澳科技：海外组件出货高增长，光伏一体化龙头再出发,点评,首次关注,上海证券,孙克遥,2020Q4,2412685.0,,160700.0,134386.0,1.0,12.69,,14.4,,增持,,
000488.SZ,晨鸣纸业,20200331,晨鸣纸业：推出限制性股票激励计划，高管高比例认购彰显长期发展信心,点评,一般报告,申万宏源证券,"周海晨,屠亦婷,柴程森,丁智艳",2022Q4,3347000.0,933400.0,355400.0,285500.0,0.98,5.0,,11.3,,增持,,
000488.SZ,晨鸣纸业,20200331,晨鸣纸业：推出限制性股票激励计划，高管高比例认购彰显长期发展信心,点评,一般报告,申万宏源证券,"周海晨,屠亦婷,柴程森,丁智艳",2021Q4,3222000.0,892700.0,307000.0,247000.0,0.85,5.0,,11.1,,增持,,
000488.SZ,晨鸣纸业,20200331,晨鸣纸业：推出限制性股票激励计划，高管高比例认购彰显长期发展信心,点评,一般报告,申万宏源证券,"周海晨,屠亦婷,柴程森,丁智艳",2020Q4,2946400.0,820400.0,269600.0,217200.0,0.75,6.0,,10.9,,增持,,
600399.SH,ST抚钢,20200331,ST抚钢：业绩超预期，高温、高强扩产打开成长空间,点评,一般报告,国金证券,倪文祎,2022Q4,775000.0,160800.0,74200.0,63100.0,0.32,12.03,,11.82,,买入,,5.3
600399.SH,ST抚钢,20200331,ST抚钢：业绩超预期，高温、高强扩产打开成长空间,点评,一般报告,国金证券,倪文祎,2021Q4,700000.0,132100.0,53700.0,45600.0,0.231,16.64,,9.2,,买入,,5.3
600399.SH,ST抚钢,20200331,ST抚钢：业绩超预期，高温、高强扩产打开成长空间,点评,一般报告,国金证券,倪文祎,2020Q4,655000.0,116100.0,41200.0,35000.0,0.177,21.7,,7.47,,买入,,5.3
600029.SH,南方航空,20200331,南方航空公司动态点评：业绩增速小幅下滑，成本减负较为显著,点评,一般报告,长城证券,罗江南,2022Q4,20967377.0,,979596.0,749689.0,0.61,8.49,,9.27,,推荐,,
600029.SH,南方航空,20200331,南方航空公司动态点评：业绩增速小幅下滑，成本减负较为显著,点评,一般报告,长城证券,罗江南,2021Q4,19089312.0,,751828.0,576288.0,0.47,11.05,,7.8,,推荐,,
600026.SH,中远海能,20200331,中远海能：OPEC+石油价格战驱动油运需求,点评,一般报告,华泰证券,"沈晓峰,林霞颖",2020Q4,1757300.0,,450800.0,331100.0,0.7,10.17,,9.4,6.39,买入,9.6,8.9
002518.SZ,科士达,20200331,科士达事件点评：盈利能力提升，受益于新基建,点评,一般报告,国海证券,"谭倩,傅鸿浩,张涵",2020Q4,326200.0,,46900.0,42300.0,0.73,16.87,,14.63,,买入,,
002367.SZ,康力电梯,20200331,康力电梯：盈利能力快速回升，长期增长趋势不改,点评,首次关注,华鑫证券,魏旭锟,2022Q4,584500.0,,74500.0,62600.0,0.79,10.9,,14.4,,审慎推荐,,
002367.SZ,康力电梯,20200331,康力电梯：盈利能力快速回升，长期增长趋势不改,点评,首次关注,华鑫证券,魏旭锟,2021Q4,495700.0,,62100.0,52200.0,0.65,13.1,,13.8,,审慎推荐,,
002367.SZ,康力电梯,20200331,康力电梯：盈利能力快速回升，长期增长趋势不改,点评,首次关注,华鑫证券,魏旭锟,2020Q4,407400.0,,43300.0,36400.0,0.46,18.7,,11.0,,审慎推荐,,
600029.SH,南方航空,20200331,南方航空公司动态点评：业绩增速小幅下滑，成本减负较为显著,点评,一般报告,长城证券,罗江南,2020Q4,9517301.0,,-1020249.0,-784602.0,-0.64,,,-11.41,1.3,推荐,,
603682.SH,锦和商业,20200331,锦和商业,新股,首份报告,华鑫证券,于芳,Q,,,,,,,,,,无,,
603039.SH,泛微网络,20200331,泛微网络：业绩符合预期，迈出国际化第一步,点评,一般报告,安信证券,"胡又文,凌晨",2022Q4,271670.0,,30550.0,27530.0,1.82,39.5,0.5,17.6,38.8,买入,,90.0
600066.SH,宇通客车,20200331,宇通客车：市占率提高、高分红超预期,点评,一般报告,平安证券,"王德安,曹群海",2021Q4,3394700.0,,276400.0,247400.0,1.12,11.7,,11.9,6.1,推荐,,
603039.SH,泛微网络,20200331,泛微网络：业绩符合预期，迈出国际化第一步,点评,一般报告,安信证券,"胡又文,凌晨",2021Q4,208980.0,,24510.0,22080.0,1.46,49.2,0.4,16.4,49.5,买入,,90.0
600066.SH,宇通客车,20200331,宇通客车：市占率提高、高分红超预期,点评,一般报告,平安证券,"王德安,曹群海",2022Q4,3579400.0,,298200.0,269500.0,1.22,10.7,,11.9,6.1,推荐,,
600066.SH,宇通客车,20200331,宇通客车：市占率提高、高分红超预期,点评,一般报告,平安证券,"王德安,曹群海",2020Q4,3156200.0,,217800.0,192800.0,0.87,15.0,,10.0,8.9,推荐,,
600026.SH,中远海能,20200331,中远海能：远期升水浮仓大行情启动，大幅上调盈利预测,点评,一般报告,申万宏源证券,闫海,2022Q4,1810800.0,673900.0,588100.0,520900.0,1.09,6.0,,11.3,,买入,,
600026.SH,中远海能,20200331,中远海能：远期升水浮仓大行情启动，大幅上调盈利预测,点评,一般报告,申万宏源证券,闫海,2020Q4,2235000.0,1131000.0,977300.0,895100.0,1.88,4.0,,21.3,,买入,,
300661.SZ,圣邦股份,20200331,圣邦股份2019年年报及2020年一季报预告点评：19Q4单季度收入创新高，研发+市场+并购三力齐发,点评,一般报告,光大证券,"刘凯,耿正",2022Q4,208600.0,,48700.0,45300.0,4.37,60.0,0.7,23.91,56.6,买入,,
300661.SZ,圣邦股份,20200331,圣邦股份2019年年报及2020年一季报预告点评：19Q4单季度收入创新高，研发+市场+并购三力齐发,点评,一般报告,光大证券,"刘凯,耿正",2021Q4,160500.0,,37300.0,34700.0,3.35,79.0,0.5,21.96,73.6,买入,,
300003.SZ,乐普医疗,20200331,乐普医疗：短期业绩受疫情影响，创新器械进入收获期带来高成长性,一般,一般报告,中泰证券,"江琦,谢木青",2022Q4,1302156.0,,427400.0,357354.0,2.01,19.68,,26.05,15.0,买入,,
300003.SZ,乐普医疗,20200331,乐普医疗：短期业绩受疫情影响，创新器械进入收获期带来高成长性,一般,一般报告,中泰证券,"江琦,谢木青",2021Q4,1082420.0,,336400.0,281327.0,1.58,25.0,,25.95,18.0,买入,,
300003.SZ,乐普医疗,20200331,乐普医疗：短期业绩受疫情影响，创新器械进入收获期带来高成长性,一般,一般报告,中泰证券,"江琦,谢木青",2020Q4,890409.0,,261500.0,218690.0,1.23,32.16,,25.64,23.0,买入,,
002271.SZ,东方雨虹,20200331,东方雨虹：解析东方雨虹历年财报——消费建材系列,深度,首份报告,中信建投,"吕娟,杨光",2021Q4,2658690.0,,443920.0,357020.0,2.312,14.5,2.1,22.6,9.5,买入,,
002271.SZ,东方雨虹,20200331,东方雨虹：解析东方雨虹历年财报——消费建材系列,深度,首份报告,中信建投,"吕娟,杨光",2020Q4,2212820.0,,375200.0,299440.0,1.939,17.3,1.7,22.5,11.4,买入,,
002271.SZ,东方雨虹,20200331,东方雨虹：解析东方雨虹历年财报——消费建材系列,深度,首份报告,中信建投,"吕娟,杨光",2019Q4,1813990.0,,262150.0,208520.0,1.35,23.5,1.3,21.7,16.4,买入,,
002129.SZ,中环股份,20200331,中环股份：经营指标向好，光伏、半导体双轮驱动,点评,一般报告,上海证券,孙克遥,2022Q4,3455216.0,,349800.0,220590.0,0.79,19.17,,11.59,,增持,,
002129.SZ,中环股份,20200331,中环股份：经营指标向好，光伏、半导体双轮驱动,点评,一般报告,上海证券,孙克遥,2021Q4,2743680.0,,276800.0,176041.0,0.63,24.02,,10.35,,增持,,
002129.SZ,中环股份,20200331,中环股份：经营指标向好，光伏、半导体双轮驱动,点评,一般报告,上海证券,孙克遥,2020Q4,2171176.0,,215100.0,138377.0,0.5,30.55,,9.0,,增持,,
002013.SZ,中航机电,20200331,中航机电：航空军品稳健增长，资产整合大有可为,一般,一般报告,兴业证券,"石康,李博彦",2021Q4,1388400.0,,160500.0,131600.0,0.36,19.3,,10.7,,审慎增持,,
002013.SZ,中航机电,20200331,中航机电：航空军品稳健增长，资产整合大有可为,一般,一般报告,兴业证券,"石康,李博彦",2020Q4,1273800.0,,137200.0,111500.0,0.31,22.8,,10.1,,审慎增持,,
000555.SZ,神州信息,20200331,神州信息2019年年报点评：金融科技业务领跑，信创业务行稳致远,点评,首份报告,光大证券,"姜国平,万义麟,卫书根",2022Q4,1662700.0,,87400.0,74600.0,0.77,19.0,0.5,10.88,13.1,增持,,
000555.SZ,神州信息,20200331,神州信息2019年年报点评：金融科技业务领跑，信创业务行稳致远,点评,首份报告,光大证券,"姜国平,万义麟,卫书根",2020Q4,1168800.0,,53800.0,45900.0,0.47,30.0,0.3,8.14,18.3,增持,,
603516.SH,淳中科技,20200331,淳中科技公司年报点评：营收净利高增长，白马初长成,点评,一般报告,海通证券,"郑宏达,于成龙",2022Q4,117100.0,,32900.0,29900.0,2.24,19.57,0.0,19.8,17.71,优于大市,,
603516.SH,淳中科技,20200331,淳中科技公司年报点评：营收净利高增长，白马初长成,点评,一般报告,海通证券,"郑宏达,于成龙",2021Q4,80700.0,,23900.0,21700.0,1.63,26.93,0.0,17.9,23.97,优于大市,,
603516.SH,淳中科技,20200331,淳中科技公司年报点评：营收净利高增长，白马初长成,点评,一般报告,海通证券,"郑宏达,于成龙",2020Q4,55700.0,,17800.0,16200.0,1.21,36.14,0.0,16.2,32.37,优于大市,,
600026.SH,中远海能,20200331,中远海能：远期升水浮仓大行情启动，大幅上调盈利预测,点评,一般报告,申万宏源证券,闫海,2021Q4,1789400.0,652600.0,556400.0,484100.0,1.02,7.0,,11.3,,买入,,
300661.SZ,圣邦股份,20200331,圣邦股份2019年年报及2020年一季报预告点评：19Q4单季度收入创新高，研发+市场+并购三力齐发,点评,一般报告,光大证券,"刘凯,耿正",2020Q4,118900.0,,28200.0,26200.0,2.53,104.0,0.3,19.77,96.8,买入,,
002013.SZ,中航机电,20200331,中航机电：航空军品稳健增长，资产整合大有可为,一般,一般报告,兴业证券,"石康,李博彦",2022Q4,1568900.0,,193200.0,157900.0,0.44,16.1,,11.4,,审慎增持,,
000555.SZ,神州信息,20200331,神州信息2019年年报点评：金融科技业务领跑，信创业务行稳致远,点评,首份报告,光大证券,"姜国平,万义麟,卫书根",2021Q4,1392000.0,,67200.0,57400.0,0.59,24.0,0.4,9.31,16.9,增持,,
601390.SH,中国中铁,20200331,中国中铁：出售资产带动业绩大超预期，现金流大幅改善,点评,一般报告,申万宏源证券,"李峙屹,黄颖",2022Q4,131158000.0,12344900.0,3583400.0,2841900.0,1.16,5.0,,11.2,,增持,,
601390.SH,中国中铁,20200331,中国中铁：出售资产带动业绩大超预期，现金流大幅改善,点评,一般报告,申万宏源证券,"李峙屹,黄颖",2021Q4,114594500.0,10836400.0,3196500.0,2519400.0,1.03,5.0,,11.0,,增持,,
601390.SH,中国中铁,20200331,中国中铁：出售资产带动业绩大超预期，现金流大幅改善,点评,一般报告,申万宏源证券,"李峙屹,黄颖",2020Q4,99495200.0,9527200.0,2889400.0,2250200.0,0.92,6.0,,10.8,,增持,,
601390.SH,中国中铁,20200331,中国中铁：业绩超预期，净利率创历史新高,一般,一般报告,兴业证券,"孟杰,黄杨",2022Q4,125144800.0,,4413300.0,3335200.0,1.357,4.1,,10.7,,审慎增持,,
601186.SH,中国铁建,20200331,中国铁建：工程业务增长稳健，订单高增速确保业绩增长,点评,一般报告,招商证券,"郑晓刚,于泽群",2022Q4,112655100.0,,3866800.0,2858500.0,2.11,4.8,,10.3,13.1,强烈推荐,,
601186.SH,中国铁建,20200331,中国铁建：工程业务增长稳健，订单高增速确保业绩增长,点评,一般报告,招商证券,"郑晓刚,于泽群",2021Q4,101950300.0,,3470700.0,2554900.0,1.88,5.4,,10.1,14.1,强烈推荐,,
601138.SH,工业富联,20200331,工业富联：“智能制造+工业互联网”战略初见成效,点评,一般报告,中金,"黄乐平,陈旭东",2020Q4,42690300.0,,2155500.0,1897800.0,0.96,13.4,0.8,19.2,8.7,跑赢行业,,20.0
600309.SH,万华化学,20200331,万华化学2019年报点评：业绩符合预期，剑指高端新材料,点评,一般报告,中泰证券,"谢楠,叶欣怡",2022Q4,9785700.0,3106700.0,2314400.0,1919600.0,6.11,6.54,,26.48,,买入,,
601390.SH,中国中铁,20200331,中国中铁：业绩超预期，净利率创历史新高,一般,一般报告,兴业证券,"孟杰,黄杨",2020Q4,99277700.0,,3601800.0,2721900.0,1.108,5.0,,10.9,,审慎增持,,
601390.SH,中国中铁,20200331,中国中铁：业绩超预期，净利率创历史新高,一般,一般报告,兴业证券,"孟杰,黄杨",2021Q4,113214000.0,,3991100.0,3016100.0,1.228,4.5,,10.8,,审慎增持,,
601186.SH,中国铁建,20200331,中国铁建：工程业务增长稳健，订单高增速确保业绩增长,点评,一般报告,招商证券,"郑晓刚,于泽群",2020Q4,91681900.0,,3143900.0,2329300.0,1.72,5.9,,10.1,15.2,强烈推荐,,
601138.SH,工业富联,20200331,工业富联：“智能制造+工业互联网”战略初见成效,点评,一般报告,中金,"黄乐平,陈旭东",2021Q4,45747100.0,,2391600.0,2105700.0,1.06,12.1,0.8,17.9,7.0,跑赢行业,,20.0
600309.SH,万华化学,20200331,万华化学2019年报点评：业绩符合预期，剑指高端新材料,点评,一般报告,中泰证券,"谢楠,叶欣怡",2021Q4,8547600.0,2638100.0,1937600.0,1606700.0,5.12,7.82,,31.0,,买入,,
600309.SH,万华化学,20200331,万华化学2019年报点评：业绩符合预期，剑指高端新材料,点评,一般报告,中泰证券,"谢楠,叶欣怡",2020Q4,6123200.0,1510000.0,969500.0,802800.0,2.56,15.64,,17.6,,买入,,
600196.SH,复星医药,20200331,复星医药：持续创新、不断突破，2020再出发,一般,一般报告,中泰证券,"江琦,赵磊",2022Q4,4331800.0,,743200.0,540400.0,2.11,15.79,,12.06,9.0,买入,,
601186.SH,中国铁建,20200331,中国铁建：业绩稳健现金流改善，净利润率维持历年最佳,点评,首份报告,安信证券,苏多永,2022Q4,110122600.0,,3801290.0,2773240.0,2.04,5.0,3.1,11.9,0.6,买入,,13.68
601186.SH,中国铁建,20200331,中国铁建：业绩稳健现金流改善，净利润率维持历年最佳,点评,首份报告,安信证券,苏多永,2021Q4,100937310.0,,3456170.0,2514300.0,1.85,5.5,2.8,12.0,0.8,买入,,13.68
601186.SH,中国铁建,20200331,中国铁建：业绩稳健现金流改善，净利润率维持历年最佳,点评,首份报告,安信证券,苏多永,2020Q4,92180190.0,,3067750.0,2265960.0,1.67,6.1,2.5,12.0,1.9,买入,,13.68
601155.SH,新城控股,20200331,新城控股：去杠杆稳融资，商业积极开拓,点评,一般报告,华泰证券,"陈慎,刘璐,韩笑,林正衡",2022Q4,19316400.0,,3514300.0,2433000.0,10.78,2.9,,25.29,0.26,买入,38.67,35.15
601155.SH,新城控股,20200331,新城控股：去杠杆稳融资，商业积极开拓,点评,一般报告,华泰证券,"陈慎,刘璐,韩笑,林正衡",2021Q4,14920300.0,,2800700.0,1955800.0,8.66,3.61,,26.09,0.33,买入,38.67,35.15
601155.SH,新城控股,20200331,新城控股：去杠杆稳融资，商业积极开拓,点评,一般报告,华泰证券,"陈慎,刘璐,韩笑,林正衡",2020Q4,11943600.0,,2240100.0,1586700.0,7.03,4.45,,27.66,0.42,买入,38.67,35.15
600028.SH,中国石化,20200331,中国石化：净利同比下滑，但2020年资本开支计划未受低油价影响,点评,一般报告,平安证券,陈建文,2022Q4,278621100.0,,9089700.0,5668800.0,0.47,9.5,,7.5,3.0,推荐,,
600028.SH,中国石化,20200331,中国石化：净利同比下滑，但2020年资本开支计划未受低油价影响,点评,一般报告,平安证券,陈建文,2020Q4,256540000.0,,5709400.0,3483100.0,0.29,15.5,,5.0,4.8,推荐,,
600026.SH,中远海能,20200331,中远海能：业绩符合预期；远期升水带动储油需求，运价有望维持高位,一般,一般报告,中金,"刘钢贤,杨鑫",2021Q4,1725800.0,409500.0,306300.0,247400.0,0.52,13.6,2.9,6.7,7.7,跑赢行业,,8.92
300661.SZ,圣邦股份,20200331,圣邦股份：19业绩高增，积极布局新产品，20Q1持续增长,点评,一般报告,天风证券,"潘暕,陈俊杰",2021Q4,132299.0,,39993.0,37233.0,3.59,73.43,,22.59,68.57,买入,,
002568.SZ,百润股份,20200331,百润股份：预调酒快速增长，费用率显著下降,点评,一般报告,华泰证券,"贺琪,张晋溢,李晴",2022Q4,273400.0,,81291.0,61674.0,1.19,27.72,,26.74,17.69,买入,40.41,39.66
002568.SZ,百润股份,20200331,百润股份：预调酒快速增长，费用率显著下降,点评,一般报告,华泰证券,"贺琪,张晋溢,李晴",2020Q4,184700.0,,50988.0,38894.0,0.75,43.96,,32.44,26.95,买入,40.41,39.66
002312.SZ,三泰控股,20200331,三泰控股2019年年报点评：收购龙蟒大幅扭亏，磷化工龙头再起航,点评,一般报告,中信证券,"王喆,陈渤阳,李鸿钊",2022Q4,544900.0,,81600.0,65300.0,0.47,10.0,,14.6,,买入,,7.0
002312.SZ,三泰控股,20200331,三泰控股2019年年报点评：收购龙蟒大幅扭亏，磷化工龙头再起航,点评,一般报告,中信证券,"王喆,陈渤阳,李鸿钊",2021Q4,525500.0,,68300.0,54600.0,0.4,11.0,,13.8,,买入,,7.0
002312.SZ,三泰控股,20200331,三泰控股2019年年报点评：收购龙蟒大幅扭亏，磷化工龙头再起航,点评,一般报告,中信证券,"王喆,陈渤阳,李鸿钊",2020Q4,460900.0,,44700.0,35800.0,0.26,18.0,,10.1,,买入,,7.0
688388.SH,嘉元科技,20200331,嘉元科技：6μm及以下铜箔销量大幅增长363％,,首份报告,中信建投,"赵鑫,李木森",2022Q4,202030.0,,,51720.0,2.24,21.2,,14.3,12.3,买入,,
688388.SH,嘉元科技,20200331,嘉元科技：6μm及以下铜箔销量大幅增长363％,,首份报告,中信建投,"赵鑫,李木森",2021Q4,184030.0,,,46830.0,2.03,23.5,,14.6,14.1,买入,,
688388.SH,嘉元科技,20200331,嘉元科技：6μm及以下铜箔销量大幅增长363％,,首份报告,中信建投,"赵鑫,李木森",2020Q4,152950.0,,,38720.0,1.68,28.4,,13.7,17.5,买入,,
600028.SH,中国石化,20200331,中国石化：净利同比下滑，但2020年资本开支计划未受低油价影响,点评,一般报告,平安证券,陈建文,2021Q4,267710100.0,,7895600.0,4872800.0,0.4,11.1,,6.8,3.8,推荐,,
600026.SH,中远海能,20200331,中远海能：业绩符合预期；远期升水带动储油需求，运价有望维持高位,一般,一般报告,中金,"刘钢贤,杨鑫",2020Q4,1636600.0,452900.0,321800.0,261300.0,0.55,12.9,3.1,8.1,7.7,跑赢行业,,8.92
300661.SZ,圣邦股份,20200331,圣邦股份：19业绩高增，积极布局新产品，20Q1持续增长,点评,一般报告,天风证券,"潘暕,陈俊杰",2022Q4,171988.0,,55912.0,52201.0,5.04,52.38,,24.76,48.12,买入,,
300661.SZ,圣邦股份,20200331,圣邦股份：19业绩高增，积极布局新产品，20Q1持续增长,点评,一般报告,天风证券,"潘暕,陈俊杰",2020Q4,97999.0,,27494.0,25664.0,2.48,106.54,,19.25,99.33,买入,,
002568.SZ,百润股份,20200331,百润股份：预调酒快速增长，费用率显著下降,点评,一般报告,华泰证券,"贺琪,张晋溢,李晴",2021Q4,227000.0,,64336.0,49095.0,0.94,34.82,,29.05,21.24,买入,40.41,39.66
688366.SH,昊海生科,20200331,昊海生科2019年报点评：主要产品较好增长，行业长期发展向好,,一般报告,东方财富证券,"何玮,马建华",2022Q4,217213.0,,56038.0,46902.0,2.64,27.71,,6.97,14.24,增持,,
688366.SH,昊海生科,20200331,昊海生科2019年报点评：主要产品较好增长，行业长期发展向好,,一般报告,东方财富证券,"何玮,马建华",2020Q4,174017.0,,46402.0,38616.0,2.17,33.66,,6.61,19.66,增持,,
601766.SH,中国中车,20200331,中国中车：业绩平稳增长，龙头成长步伐稳健,点评,一般报告,华泰证券,"关东奇来,李倩倩,黄波,时彧",2022Q4,28894600.0,,2049900.0,1455800.0,0.51,13.13,,8.26,6.12,买入,9.24,7.92
601766.SH,中国中车,20200331,中国中车：业绩平稳增长，龙头成长步伐稳健,点评,一般报告,华泰证券,"关东奇来,李倩倩,黄波,时彧",2020Q4,24678500.0,,1789400.0,1270800.0,0.44,15.04,,8.57,7.92,买入,9.24,7.92
600196.SH,复星医药,20200331,复星医药：持续创新、不断突破，2020再出发,一般,一般报告,中泰证券,"江琦,赵磊",2021Q4,3852100.0,,618800.0,446900.0,1.74,19.1,,11.28,10.0,买入,,
300699.SZ,光威复材,20200331,光威复材2019年年报及2020年1季报业绩预告点评：业绩符合预期，关注2020年军品订单披露及全球疫情影响,点评,一般报告,国海证券,"代鹏举,卢昊",2022Q4,258900.0,,108200.0,93100.0,1.8,27.69,,19.1,,买入,,
300699.SZ,光威复材,20200331,光威复材2019年年报及2020年1季报业绩预告点评：业绩符合预期，关注2020年军品订单披露及全球疫情影响,点评,一般报告,国海证券,"代鹏举,卢昊",2021Q4,222700.0,,89100.0,76600.0,1.48,33.64,,18.15,,买入,,
300699.SZ,光威复材,20200331,光威复材2019年年报及2020年1季报业绩预告点评：业绩符合预期，关注2020年军品订单披露及全球疫情影响,点评,一般报告,国海证券,"代鹏举,卢昊",2020Q4,189300.0,,72400.0,62200.0,1.2,41.43,,16.89,,买入,,
300451.SZ,创业慧康,20200331,创业慧康2019年报点评：稳扎稳打，医保事业部抢占先机,一般,一般报告,东方财富证券,"王好,马建华",2022Q4,303301.0,,72504.0,62846.0,0.85,27.28,,15.38,23.91,增持,,
300451.SZ,创业慧康,20200331,创业慧康2019年报点评：稳扎稳打，医保事业部抢占先机,一般,一般报告,东方财富证券,"王好,马建华",2021Q4,240939.0,,56752.0,49206.0,0.67,34.85,,14.23,32.13,增持,,
300451.SZ,创业慧康,20200331,创业慧康2019年报点评：稳扎稳打，医保事业部抢占先机,一般,一般报告,东方财富证券,"王好,马建华",2020Q4,188577.0,,43709.0,37669.0,0.51,45.52,,12.7,42.32,增持,,
002859.SZ,洁美科技,20200331,洁美科技：拖累因素消除，年报预示业绩将反转,点评,一般报告,申万宏源证券,施鑫展,2022Q4,270700.0,96900.0,64500.0,56800.0,2.2,17.0,,21.4,,买入,,
002859.SZ,洁美科技,20200331,洁美科技：拖累因素消除，年报预示业绩将反转,点评,一般报告,申万宏源证券,施鑫展,2021Q4,211300.0,74600.0,47100.0,41900.0,1.62,22.0,,19.2,,买入,,
002859.SZ,洁美科技,20200331,洁美科技：拖累因素消除，年报预示业绩将反转,点评,一般报告,申万宏源证券,施鑫展,2020Q4,154200.0,54400.0,31200.0,28100.0,1.09,33.0,,15.3,,买入,,
002595.SZ,豪迈科技,20200331,豪迈科技：业绩增长17%，产能释放促平稳发展,点评,一般报告,华泰证券,"关东奇来,李倩倩,黄波,时彧",2022Q4,528000.0,,121300.0,103200.0,1.29,13.33,,13.23,8.52,增持,21.68,19.51
002595.SZ,豪迈科技,20200331,豪迈科技：业绩增长17%，产能释放促平稳发展,点评,一般报告,华泰证券,"关东奇来,李倩倩,黄波,时彧",2021Q4,487000.0,,110200.0,94351.0,1.18,14.58,,13.94,9.71,增持,21.68,19.51
002595.SZ,豪迈科技,20200331,豪迈科技：业绩增长17%，产能释放促平稳发展,点评,一般报告,华泰证券,"关东奇来,李倩倩,黄波,时彧",2020Q4,450100.0,,101200.0,86720.0,1.08,15.87,,14.88,11.01,增持,21.68,19.51
000576.SZ,广东甘化,20200331,广东甘化：出清低效资产，加速军工转型,点评,首次关注,华鑫证券,姚嘉杰,2022Q4,83500.0,,17300.0,13500.0,0.31,,,10.2,,审慎推荐,,
000576.SZ,广东甘化,20200331,广东甘化：出清低效资产，加速军工转型,点评,首次关注,华鑫证券,姚嘉杰,2021Q4,70700.0,,15800.0,12400.0,0.28,,,10.2,,审慎推荐,,
000576.SZ,广东甘化,20200331,广东甘化：出清低效资产，加速军工转型,点评,首次关注,华鑫证券,姚嘉杰,2020Q4,58600.0,,13900.0,10800.0,0.24,,,9.6,,审慎推荐,,
300699.SZ,光威复材,20200331,光威复材：军民品业务保持高增长，看好未来发展,点评,一般报告,安信证券,"冯福章,张汪强,张傲",2022Q4,256970.0,,113890.0,97700.0,1.88,26.4,0.0,17.2,17.2,买入,,60.0
300699.SZ,光威复材,20200331,光威复材：军民品业务保持高增长，看好未来发展,点评,一般报告,安信证券,"冯福章,张汪强,张傲",2020Q4,193610.0,,73910.0,63410.0,1.22,40.7,0.0,16.2,26.2,买入,,60.0
000555.SZ,神州信息,20200331,神州信息2019年度报告点评：金融科技高增长，信创带来新机遇,点评,首份报告,信达证券,程远,Q,,,,,,,,,,无,,
000717.SZ,韶钢松山,20200331,韶钢松山：08年来首次分红，股息率4%,点评,一般报告,华泰证券,邱瀚萱,2022Q4,2902300.0,,229500.0,195100.0,0.81,4.75,,16.17,2.74,增持,4.39,4.03
000717.SZ,韶钢松山,20200331,韶钢松山：08年来首次分红，股息率4%,点评,一般报告,华泰证券,邱瀚萱,2021Q4,2872700.0,,179500.0,152500.0,0.63,6.07,,14.86,3.32,增持,4.39,4.03
300188.SZ,美亚柏科,20200331,美亚柏科：现金流大超预期！,点评,一般报告,申万宏源证券,"刘洋,黄忠煌",2022Q4,444300.0,252200.0,84000.0,79600.0,0.99,20.0,,16.6,,买入,,
300188.SZ,美亚柏科,20200331,美亚柏科：现金流大超预期！,点评,一般报告,申万宏源证券,"刘洋,黄忠煌",2021Q4,342500.0,195800.0,62500.0,59200.0,0.74,27.0,,14.8,,买入,,
688366.SH,昊海生科,20200331,昊海生科2019年报点评：主要产品较好增长，行业长期发展向好,,一般报告,东方财富证券,"何玮,马建华",2021Q4,193752.0,,50156.0,42098.0,2.37,30.88,,6.72,16.97,增持,,
601766.SH,中国中车,20200331,中国中车：业绩平稳增长，龙头成长步伐稳健,点评,一般报告,华泰证券,"关东奇来,李倩倩,黄波,时彧",2021Q4,26663800.0,,1905800.0,1353500.0,0.47,14.12,,8.37,7.04,买入,9.24,7.92
600196.SH,复星医药,20200331,复星医药：持续创新、不断突破，2020再出发,一般,一般报告,中泰证券,"江琦,赵磊",2020Q4,3321400.0,,511800.0,367000.0,1.43,23.25,,10.37,12.0,买入,,
300751.SZ,迈为股份,20200331,迈为股份2019年年报点评：2019年高增长兑现，疫情影响近期交付进度,点评,一般报告,中信证券,"刘海博,左腾飞,李睿鹏,李越",2022Q4,353770.0,,74900.0,62920.0,12.1,3537.7,,27.1,,买入,,
300751.SZ,迈为股份,20200331,迈为股份2019年年报点评：2019年高增长兑现，疫情影响近期交付进度,点评,一般报告,中信证券,"刘海博,左腾飞,李睿鹏,李越",2021Q4,268320.0,,55900.0,46980.0,9.04,2683.2,,25.3,,买入,,
300751.SZ,迈为股份,20200331,迈为股份2019年年报点评：2019年高增长兑现，疫情影响近期交付进度,点评,一般报告,中信证券,"刘海博,左腾飞,李睿鹏,李越",2020Q4,208140.0,,41900.0,35160.0,6.76,2081.4,,23.4,,买入,,
300699.SZ,光威复材,20200331,光威复材：军民品业务保持高增长，看好未来发展,点评,一般报告,安信证券,"冯福章,张汪强,张傲",2021Q4,225020.0,,92120.0,79030.0,1.52,32.6,0.0,16.8,20.6,买入,,60.0
000717.SZ,韶钢松山,20200331,韶钢松山：08年来首次分红，股息率4%,点评,一般报告,华泰证券,邱瀚萱,2020Q4,2880700.0,,143600.0,122000.0,0.5,7.59,,13.78,3.96,增持,4.39,4.03
002398.SZ,垒知集团,20200331,垒知集团：19年利润快速增长，现金流大幅优化,点评,一般报告,华泰证券,"张雪蓉,鲍荣富,方晏荷",2022Q4,638300.0,,94063.0,78620.0,1.14,7.11,,18.75,4.28,买入,10.95,9.49
002043.SZ,兔宝宝,20200331,兔宝宝公司信息点评：发力工程、品牌变现，业绩望迎拐点,点评,一般报告,海通证券,"杜市伟,申浩,冯晨阳,潘莹练",2021Q4,770300.0,,86400.0,66602.0,0.86,8.93,4.0,25.7,6.75,优于大市,,
002043.SZ,兔宝宝,20200331,兔宝宝公司信息点评：发力工程、品牌变现，业绩望迎拐点,点评,一般报告,海通证券,"杜市伟,申浩,冯晨阳,潘莹练",2020Q4,671700.0,,72100.0,55590.0,0.72,10.7,3.7,25.7,8.65,优于大市,,
002043.SZ,兔宝宝,20200331,兔宝宝公司信息点评：发力工程、品牌变现，业绩望迎拐点,点评,一般报告,海通证券,"杜市伟,申浩,冯晨阳,潘莹练",2019Q4,476000.0,,45400.0,37371.0,0.48,15.92,3.4,20.4,15.26,优于大市,,
000031.SZ,大悦城,20200331,大悦城：双轮双核发展，筹备迈向千亿,点评,一般报告,华泰证券,"陈慎,刘璐,韩笑,林正衡",2022Q4,6549700.0,,1116500.0,418700.0,0.98,5.61,,22.23,2.93,买入,7.68,7.04
000031.SZ,大悦城,20200331,大悦城：双轮双核发展，筹备迈向千亿,点评,一般报告,华泰证券,"陈慎,刘璐,韩笑,林正衡",2021Q4,5252400.0,,877900.0,342400.0,0.8,6.86,,21.84,3.56,买入,7.68,7.04
000031.SZ,大悦城,20200331,大悦城：双轮双核发展，筹备迈向千亿,点评,一般报告,华泰证券,"陈慎,刘璐,韩笑,林正衡",2020Q4,4142200.0,,686400.0,274600.0,0.64,8.56,,20.99,4.58,买入,7.68,7.04
000703.SZ,恒逸石化,20200331,恒逸石化：均衡化全球布局走在行业前列，业绩持续逆势大增,一般,一般报告,中信建投,"郑勇,邓胜",2021Q4,12089284.0,,,523966.0,1.84,6.38,,20.98,3.99,买入,,
000703.SZ,恒逸石化,20200331,恒逸石化：均衡化全球布局走在行业前列，业绩持续逆势大增,一般,一般报告,中信建投,"郑勇,邓胜",2020Q4,11349447.0,,,439488.0,1.55,7.61,,19.21,4.94,买入,,
000703.SZ,恒逸石化,20200331,恒逸石化：均衡化全球布局走在行业前列，业绩持续逆势大增,一般,一般报告,中信建投,"郑勇,邓胜",2019Q4,8002663.0,,,320231.0,1.1,10.7,,14.86,9.08,买入,,
601155.SH,新城控股,20200331,新城控股：基本盘稳固、租金收入高增,点评,一般报告,申万宏源证券,曹一凡,2022Q4,21109300.0,5097900.0,3405600.0,2324000.0,10.3,3.0,,29.9,,增持,,
601155.SH,新城控股,20200331,新城控股：基本盘稳固、租金收入高增,点评,一般报告,申万宏源证券,曹一凡,2020Q4,12190600.0,3042400.0,2180600.0,1577400.0,6.99,4.0,,32.1,,增持,,
601138.SH,工业富联,20200331,工业富联：19业绩略超预期，内部赋能显成效,点评,一般报告,天风证券,"潘暕,俞文静",2022Q4,61320511.0,,3675060.0,3029263.0,1.53,8.4,,18.5,3.46,买入,,
601138.SH,工业富联,20200331,工业富联：19业绩略超预期，内部赋能显成效,点评,一般报告,天风证券,"潘暕,俞文静",2021Q4,52267739.0,,3091378.0,2574723.0,1.3,9.89,,19.12,5.26,买入,,
601138.SH,工业富联,20200331,工业富联：19业绩略超预期，内部赋能显成效,点评,一般报告,天风证券,"潘暕,俞文静",2020Q4,45312301.0,,2591982.0,2214798.0,1.12,11.49,,20.02,6.77,买入,,
600598.SH,北大荒,20200331,北大荒：业绩符合预期，农垦龙头稳健前行,点评,首次评级,银河证券,谢芝优,2021Q4,364089.0,,,96949.0,0.55,30.0,,11.93,,推荐,,
002254.SZ,泰和新材,20200331,泰和新材：业绩大幅增长，打造芳纶产业集群,点评,一般报告,安信证券,"张汪强,乔璐",2021Q4,364850.0,,46550.0,40900.0,0.67,16.5,0.0,13.3,10.4,买入,,13.0
002254.SZ,泰和新材,20200331,泰和新材：业绩大幅增长，打造芳纶产业集群,点评,一般报告,安信证券,"张汪强,乔璐",2020Q4,292580.0,,37100.0,32010.0,0.52,21.1,0.0,12.0,13.6,买入,,13.0
002152.SZ,广电运通,20200331,广电运通：现金流入创历史新高,点评,一般报告,申万宏源证券,"刘洋,刘畅",2022Q4,964400.0,388500.0,141900.0,115600.0,0.48,18.0,,9.6,,买入,,
001914.SZ,招商积余,20200331,招商积余：强强联手新起点，聚焦物管善积余,一般,首次关注,东方证券,"房诚琦,吴尘染",2021Q4,1944300.0,,116800.0,89700.0,0.85,24.6,,13.0,12.2,增持,,25.01
001914.SZ,招商积余,20200331,招商积余：强强联手新起点，聚焦物管善积余,一般,首次关注,东方证券,"房诚琦,吴尘染",2020Q4,1583700.0,,83400.0,64400.0,0.61,34.2,,10.4,15.9,增持,,25.01
001914.SZ,招商积余,20200331,招商积余：强强联手新起点，聚焦物管善积余,一般,首次关注,东方证券,"房诚琦,吴尘染",2019Q4,985600.0,,39500.0,28800.0,0.27,76.6,,5.4,28.1,增持,,25.01
600598.SH,北大荒,20200331,北大荒：业绩符合预期，农垦龙头稳健前行,点评,首次评级,银河证券,谢芝优,2022Q4,364137.0,,,113081.0,0.64,25.0,,12.47,,推荐,,
601688.SH,华泰证券,20200331,华泰证券公司年报点评：财富管理稳步推进，归母净利润同比＋79％,点评,一般报告,海通证券,"孙婷,何婷",2022Q4,2641600.0,,1302600.0,1042600.0,1.15,,,,,优于大市,,
600309.SH,万华化学,20200331,万华化学：景气下行维持百亿利润，坚持多元化储备新成长,一般,一般报告,招商证券,"周铮,段一帆,钟浩",2022Q4,9628000.0,,2189600.0,1472500.0,4.69,8.5,,20.1,5.5,强烈推荐,51.3,49.2
600309.SH,万华化学,20200331,万华化学：景气下行维持百亿利润，坚持多元化储备新成长,一般,一般报告,招商证券,"周铮,段一帆,钟浩",2021Q4,8328500.0,,1910400.0,1287100.0,4.1,9.8,,21.4,6.3,强烈推荐,51.3,49.2
600309.SH,万华化学,20200331,万华化学：景气下行维持百亿利润，坚持多元化储备新成长,一般,一般报告,招商证券,"周铮,段一帆,钟浩",2020Q4,5393700.0,,1160900.0,807700.0,2.57,15.5,,16.5,9.2,强烈推荐,51.3,49.2
300759.SZ,康龙化成,20200331,康龙化成：盈利能力提升，业绩超预期,点评,一般报告,华鑫证券,杜永宏,2022Q4,783500.0,,148400.0,127600.0,1.61,,,12.4,,推荐,,
601688.SH,华泰证券,20200331,华泰证券公司年报点评：财富管理稳步推进，归母净利润同比＋79％,点评,一般报告,海通证券,"孙婷,何婷",2020Q4,2354200.0,,1117600.0,895800.0,0.99,,,,,优于大市,,
601288.SH,农业银行,20200331,农业银行：下半年息差走阔，资产质量表现优异,点评,一般报告,中银国际,"励雅敏,林颖颖",2022Q4,,,30534000.0,24294300.0,0.69,4.91,,11.3,,买入,,
601288.SH,农业银行,20200331,农业银行：下半年息差走阔，资产质量表现优异,点评,一般报告,中银国际,"励雅敏,林颖颖",2021Q4,,,29139000.0,23183800.0,0.66,5.15,,11.68,,买入,,
601288.SH,农业银行,20200331,农业银行：下半年息差走阔，资产质量表现优异,点评,一般报告,中银国际,"励雅敏,林颖颖",2020Q4,,,27831000.0,22143100.0,0.63,5.39,,12.13,,买入,,
601186.SH,中国铁建,20200331,中国铁建：工程利润高增长，经营现金流改善,点评,一般报告,华泰证券,"鲍荣富,王涛,方晏荷,王雯",2022Q4,110937200.0,,3852600.0,2686100.0,1.978,5.46,,9.65,1.5,买入,12.32,10.78
601186.SH,中国铁建,20200331,中国铁建：工程利润高增长，经营现金流改善,点评,一般报告,华泰证券,"鲍荣富,王涛,方晏荷,王雯",2021Q4,101402300.0,,3559600.0,2481800.0,1.828,5.94,,9.74,1.69,买入,12.32,10.78
601186.SH,中国铁建,20200331,中国铁建：工程利润高增长，经营现金流改善,点评,一般报告,华泰证券,"鲍荣富,王涛,方晏荷,王雯",2020Q4,92547000.0,,3238800.0,2258100.0,1.663,6.57,,9.7,1.92,买入,12.32,10.78
300188.SZ,美亚柏科,20200331,美亚柏科：现金流大超预期！,点评,一般报告,申万宏源证券,"刘洋,黄忠煌",2020Q4,259500.0,149600.0,46400.0,44000.0,0.55,36.0,,12.9,,买入,,
002398.SZ,垒知集团,20200331,垒知集团：19年利润快速增长，现金流大幅优化,点评,一般报告,华泰证券,"张雪蓉,鲍荣富,方晏荷",2021Q4,518900.0,,75386.0,63009.0,0.91,8.87,,17.68,5.29,买入,10.95,9.49
002398.SZ,垒知集团,20200331,垒知集团：19年利润快速增长，现金流大幅优化,点评,一般报告,华泰证券,"张雪蓉,鲍荣富,方晏荷",2020Q4,409300.0,,60248.0,50356.0,0.73,11.1,,16.46,6.6,买入,10.95,9.49
601155.SH,新城控股,20200331,新城控股：基本盘稳固、租金收入高增,点评,一般报告,申万宏源证券,曹一凡,2021Q4,16285800.0,4067500.0,2830700.0,1931900.0,8.56,4.0,,31.1,,增持,,
600598.SH,北大荒,20200331,北大荒：业绩符合预期，农垦龙头稳健前行,点评,首次评级,银河证券,谢芝优,2020Q4,330310.0,,,90700.0,0.51,32.0,,12.29,,推荐,,
300759.SZ,康龙化成,20200331,康龙化成：盈利能力提升，业绩超预期,点评,一般报告,华鑫证券,杜永宏,2021Q4,612600.0,,115600.0,99600.0,1.25,,,10.7,,推荐,,
300759.SZ,康龙化成,20200331,康龙化成：盈利能力提升，业绩超预期,点评,一般报告,华鑫证券,杜永宏,2020Q4,464300.0,,86900.0,75200.0,0.95,,,8.7,,推荐,,
300699.SZ,光威复材,20200331,光威复材：主要业务稳定增长，持续推进“军民融合”,点评,首次关注,山西证券,张莲玮,2022Q4,332200.0,,126500.0,107500.0,2.07,23.98,,18.5,13.64,增持,,
300699.SZ,光威复材,20200331,光威复材：主要业务稳定增长，持续推进“军民融合”,点评,首次关注,山西证券,张莲玮,2021Q4,264500.0,,97000.0,82500.0,1.59,31.26,,17.41,16.75,增持,,
300699.SZ,光威复材,20200331,光威复材：主要业务稳定增长，持续推进“军民融合”,点评,首次关注,山西证券,张莲玮,2020Q4,209900.0,,74900.0,63700.0,1.23,40.47,,16.28,20.28,增持,,
002254.SZ,泰和新材,20200331,泰和新材：业绩大幅增长，打造芳纶产业集群,点评,一般报告,安信证券,"张汪强,乔璐",2022Q4,414830.0,,61870.0,53940.0,0.88,12.5,0.0,14.9,7.5,买入,,13.0
002152.SZ,广电运通,20200331,广电运通：现金流入创历史新高,点评,一般报告,申万宏源证券,"刘洋,刘畅",2021Q4,867100.0,349600.0,128100.0,101400.0,0.42,21.0,,9.3,,买入,,
002152.SZ,广电运通,20200331,广电运通：现金流入创历史新高,点评,一般报告,申万宏源证券,"刘洋,刘畅",2020Q4,757200.0,304100.0,116300.0,88000.0,0.37,24.0,,8.9,,买入,,
601688.SH,华泰证券,20200331,华泰证券公司年报点评：财富管理稳步推进，归母净利润同比＋79％,点评,一般报告,海通证券,"孙婷,何婷",2021Q4,2504800.0,,1218300.0,976000.0,1.08,,,,,优于大市,,
300674.SZ,宇信科技,20200331,宇信科技财报点评：2019年盈利能力显著提升，2020Q1预计收入略降利润增长,点评,一般报告,中信建投,"石泽蕤,吴桐",2021Q4,434000.0,,,48000.0,,27.5,,,,买入,,
300482.SZ,万孚生物,20200331,万孚生物：年报利润增长快于收入，新冠试剂Q1贡献弹性,点评,一般报告,国金证券,袁维,2022Q4,468700.0,315200.0,115700.0,90200.0,2.632,30.15,,21.84,,买入,,
300482.SZ,万孚生物,20200331,万孚生物：年报利润增长快于收入，新冠试剂Q1贡献弹性,点评,一般报告,国金证券,袁维,2021Q4,368500.0,244000.0,90600.0,70400.0,2.055,38.63,,21.07,,买入,,
300482.SZ,万孚生物,20200331,万孚生物：年报利润增长快于收入，新冠试剂Q1贡献弹性,点评,一般报告,国金证券,袁维,2020Q4,281400.0,184400.0,70200.0,54600.0,1.592,49.86,,19.9,,买入,,
002697.SZ,红旗连锁,20200331,红旗连锁2019年报点评：门店稳健扩张，新网银行持续增厚业绩,点评,一般报告,东方财富证券,"孙诗萌,马建华",2022Q4,946304.0,,71737.0,63468.0,0.47,19.82,,13.86,12.68,增持,,
002697.SZ,红旗连锁,20200331,红旗连锁2019年报点评：门店稳健扩张，新网银行持续增厚业绩,点评,一般报告,东方财富证券,"孙诗萌,马建华",2021Q4,905490.0,,68217.0,60320.0,0.44,20.86,,14.93,13.73,增持,,
002697.SZ,红旗连锁,20200331,红旗连锁2019年报点评：门店稳健扩张，新网银行持续增厚业绩,点评,一般报告,东方财富证券,"孙诗萌,马建华",2020Q4,850271.0,,64496.0,56283.0,0.41,22.35,,15.94,14.68,增持,,
002318.SZ,久立特材,20200331,久立特材：外有油气投资高景气，内看结构优化和严控成本,点评,一般报告,兴业证券,"邱祖学,王丽佳,苏东",2022Q4,503000.0,,75300.0,63200.0,0.75,10.0,,14.7,,审慎增持,,
002318.SZ,久立特材,20200331,久立特材：外有油气投资高景气，内看结构优化和严控成本,点评,一般报告,兴业证券,"邱祖学,王丽佳,苏东",2020Q4,451500.0,,57200.0,47900.0,0.57,13.2,,13.1,,审慎增持,,
002013.SZ,中航机电,20200331,中航机电：聚集主业提质增效，持续专业化整合助公司业绩稳定增长,点评,一般报告,银河证券,"李良,周义",2022Q4,1821600.0,,,160700.0,0.45,15.79,,,,推荐,,
002013.SZ,中航机电,20200331,中航机电：聚集主业提质增效，持续专业化整合助公司业绩稳定增长,点评,一般报告,银河证券,"李良,周义",2021Q4,1585400.0,,,135100.0,0.37,18.78,,,,推荐,,
002013.SZ,中航机电,20200331,中航机电：聚集主业提质增效，持续专业化整合助公司业绩稳定增长,点评,一般报告,银河证券,"李良,周义",2020Q4,1388800.0,,,114100.0,0.32,22.23,,,,推荐,,
603317.SH,天味食品,20200331,天味食品：扩张动力增强，2020年收入利润目标提速,点评,一般报告,中信建投,"安雅泽,陈语匆",2020Q4,225058.0,,,34835.0,0.84,57.04,,,,买入,,53.0
601919.SH,中远海控,20200331,中远海控：利润率维持第一梯队，关注PMI拐点后的介入机会,点评,一般报告,申万宏源证券,闫海,2022Q4,17683200.0,1779300.0,710000.0,308100.0,0.25,16.0,,7.2,,增持,,
601919.SH,中远海控,20200331,中远海控：利润率维持第一梯队，关注PMI拐点后的介入机会,点评,一般报告,申万宏源证券,闫海,2021Q4,16693200.0,1621600.0,613200.0,256100.0,0.21,19.0,,6.5,,增持,,
600754.SH,锦江酒店,20200331,锦江酒店：19年扣非业绩＋21％符合预期，降费效果持续体现，全年新开店再创新高,一般,一般报告,安信证券,刘文正,2022Q4,1626530.0,,236940.0,167400.0,1.75,13.8,2.5,10.5,6.9,买入,,32.5
600754.SH,锦江酒店,20200331,锦江酒店：19年扣非业绩＋21％符合预期，降费效果持续体现，全年新开店再创新高,一般,一般报告,安信证券,刘文正,2021Q4,1571530.0,,193760.0,137030.0,1.43,16.8,2.1,9.1,8.1,买入,,32.5
600754.SH,锦江酒店,20200331,锦江酒店：19年扣非业绩＋21％符合预期，降费效果持续体现，全年新开店再创新高,一般,一般报告,安信证券,刘文正,2020Q4,1381560.0,,95370.0,67520.0,0.7,34.2,1.0,4.7,13.3,买入,,32.5
300725.SZ,药石科技,20200331,药石科技2019年年报和2020年一季报预告点评：疫情等因素影响短期，不改持续改善趋势,点评,一般报告,光大证券,"林小伟,宋硕",2022Q4,162500.0,,46400.0,40900.0,2.83,27.0,0.6,26.04,24.9,买入,,
300725.SZ,药石科技,20200331,药石科技2019年年报和2020年一季报预告点评：疫情等因素影响短期，不改持续改善趋势,点评,一般报告,光大证券,"林小伟,宋硕",2021Q4,125700.0,,35000.0,30800.0,2.13,36.0,0.4,25.5,33.0,买入,,
603317.SH,天味食品,20200331,天味食品：扩张动力增强，2020年收入利润目标提速,点评,一般报告,中信建投,"安雅泽,陈语匆",2021Q4,277046.0,,,42952.0,1.04,46.07,,,,买入,,53.0
300725.SZ,药石科技,20200331,药石科技2019年年报和2020年一季报预告点评：疫情等因素影响短期，不改持续改善趋势,点评,一般报告,光大证券,"林小伟,宋硕",2020Q4,93300.0,,24200.0,21400.0,1.48,51.0,0.3,22.92,48.2,买入,,
601919.SH,中远海控,20200331,中远海控：利润率维持第一梯队，关注PMI拐点后的介入机会,点评,一般报告,申万宏源证券,闫海,2020Q4,14301100.0,1243100.0,398400.0,164600.0,0.1343,30.0,,4.4,,增持,,
300674.SZ,宇信科技,20200331,宇信科技财报点评：2019年盈利能力显著提升，2020Q1预计收入略降利润增长,点评,一般报告,中信建投,"石泽蕤,吴桐",2020Q4,343000.0,,,37000.0,,35.9,,,,买入,,
002318.SZ,久立特材,20200331,久立特材：外有油气投资高景气，内看结构优化和严控成本,点评,一般报告,兴业证券,"邱祖学,王丽佳,苏东",2021Q4,478600.0,,64900.0,54500.0,0.65,11.6,,13.8,,审慎增持,,
603579.SH,荣泰健康,20200331,荣泰健康：业绩边际修复，可转债扩建产能,点评,首份报告,财通证券,洪吉然,2022Q4,274100.0,,36800.0,32100.0,2.29,12.9,5.4,16.2,7.7,增持,,
603579.SH,荣泰健康,20200331,荣泰健康：业绩边际修复，可转债扩建产能,点评,首份报告,财通证券,洪吉然,2020Q4,220300.0,,28900.0,25200.0,1.8,16.4,4.3,14.0,10.1,增持,,
603579.SH,荣泰健康,20200331,荣泰健康：业绩边际修复，可转债扩建产能,点评,首份报告,财通证券,洪吉然,2021Q4,244100.0,,31700.0,27600.0,1.97,14.9,4.7,14.6,8.9,增持,,
603039.SH,泛微网络,20200331,泛微网络2019年年报点评：单Q4收入增速创年内新高，各项费用率稳健下降,点评,一般报告,光大证券,"姜国平,万义麟,卫书根",2022Q4,264900.0,,32500.0,31900.0,2.1,34.0,0.5,20.35,34.5,增持,,
603039.SH,泛微网络,20200331,泛微网络2019年年报点评：单Q4收入增速创年内新高，各项费用率稳健下降,点评,一般报告,光大证券,"姜国平,万义麟,卫书根",2021Q4,208500.0,,25500.0,25000.0,1.65,43.0,0.4,19.41,43.8,增持,,
300699.SZ,光威复材,20200331,光威复材：业绩符合预期，军民业务齐发力，共促业绩高增长,点评,一般报告,申万宏源证券,"宋涛,沈衡,马昕晔",2021Q4,284200.0,136000.0,90200.0,77700.0,1.5,33.0,,16.7,,增持,,
300699.SZ,光威复材,20200331,光威复材：业绩符合预期，军民业务齐发力，共促业绩高增长,点评,一般报告,申万宏源证券,"宋涛,沈衡,马昕晔",2020Q4,219800.0,104600.0,71700.0,61800.0,1.19,42.0,,16.0,,增持,,
002344.SZ,海宁皮城,20200331,海宁皮城：2019年营收下滑17％，关注公司直播电商与多元业务进展,点评,一般报告,中金,"樊俊豪,徐卓楠",2021Q4,137000.0,,38800.0,27100.0,0.21,18.1,0.4,3.4,12.9,跑赢行业,,4.63
002344.SZ,海宁皮城,20200331,海宁皮城：2019年营收下滑17％，关注公司直播电商与多元业务进展,点评,一般报告,中金,"樊俊豪,徐卓楠",2020Q4,134100.0,,36500.0,26700.0,0.21,18.4,0.4,3.4,13.6,跑赢行业,,4.63
002344.SZ,海宁皮城,20200331,海宁皮城：2019年营收下滑17％，关注公司直播电商与多元业务进展,点评,一般报告,中金,"樊俊豪,徐卓楠",2019Q4,142300.0,,38600.0,27500.0,0.21,17.9,0.4,3.6,13.1,跑赢行业,,4.63
300699.SZ,光威复材,20200331,光威复材：业绩符合预期，军民业务齐发力，共促业绩高增长,点评,一般报告,申万宏源证券,"宋涛,沈衡,马昕晔",2022Q4,369200.0,177100.0,114400.0,98500.0,1.9,26.0,,17.5,,增持,,
002318.SZ,久立特材,20200331,久立特材2019年报点评：焊接管量价齐升，转债募投＋入股永兴拓宽护城河,点评,一般报告,光大证券,"李伟峰,刘慨昂",2022Q4,685700.0,,97300.0,81700.0,0.97,8.0,5.2,17.21,5.7,买入,,
002318.SZ,久立特材,20200331,久立特材2019年报点评：焊接管量价齐升，转债募投＋入股永兴拓宽护城河,点评,一般报告,光大证券,"李伟峰,刘慨昂",2021Q4,600500.0,,83300.0,69900.0,0.83,9.0,4.5,16.6,6.5,买入,,
600066.SH,宇通客车,20200331,宇通客车：市占率持续提升，高分红回馈股东,点评,一般报告,招商证券,"汪刘胜,杨献宇,李懿洋",2021Q4,3179100.0,,233000.0,216600.0,0.98,13.3,,10.9,13.5,强烈推荐,,
600066.SH,宇通客车,20200331,宇通客车：市占率持续提升，高分红回馈股东,点评,一般报告,招商证券,"汪刘胜,杨献宇,李懿洋",2020Q4,2999200.0,,192500.0,179500.0,0.81,16.1,,9.8,15.2,强烈推荐,,
603039.SH,泛微网络,20200331,泛微网络2019年年报点评：单Q4收入增速创年内新高，各项费用率稳健下降,点评,一般报告,光大证券,"姜国平,万义麟,卫书根",2020Q4,164700.0,,19500.0,19100.0,1.26,57.0,0.3,17.89,55.1,增持,,
300699.SZ,光威复材,20200331,光威复材：年报符合预期，基数因素制约Q1增速,点评,一般报告,华泰证券,"刘曦,庄汀洲",2020Q4,217300.0,,80415.0,69873.0,1.35,36.89,,17.6,32.43,增持,62.1,55.36
300007.SZ,汉威科技,20200331,汉威科技2019年年度报告点评：聚焦物联网产业生态，商誉减值无碍公司发展,点评,首份报告,光大证券,"殷中枢,郝骞",2022Q4,273900.0,,27900.0,18300.0,0.62,23.0,0.2,9.97,13.5,买入,,
300007.SZ,汉威科技,20200331,汉威科技2019年年度报告点评：聚焦物联网产业生态，商誉减值无碍公司发展,点评,首份报告,光大证券,"殷中枢,郝骞",2021Q4,243300.0,,26700.0,17300.0,0.59,25.0,0.2,10.44,14.1,买入,,
000555.SZ,神州信息,20200331,神州信息2019年年报点评：金融科技战略成效显著，分布式核心系统签约数创历史新高,点评,一般报告,中信建投,"石泽蕤,吴桐",2021Q4,1462000.0,,,56000.0,,24.7,,,,买入,,
000555.SZ,神州信息,20200331,神州信息2019年年报点评：金融科技战略成效显著，分布式核心系统签约数创历史新高,点评,一般报告,中信建投,"石泽蕤,吴桐",2020Q4,1213000.0,,,45000.0,,31.0,,,,买入,,
000521.SZ,长虹美菱,20200331,长虹美菱2019年年报点评：冰箱盈利稳步提升，竞争加剧空调亏损,点评,一般报告,光大证券,"金星,甘骏,王奇琪,王彦玮",2022Q4,1686500.0,,13600.0,12000.0,0.1149,29.0,1.0,2.31,1.0,增持,,
000521.SZ,长虹美菱,20200331,长虹美菱2019年年报点评：冰箱盈利稳步提升，竞争加剧空调亏损,点评,一般报告,光大证券,"金星,甘骏,王奇琪,王彦玮",2021Q4,1645300.0,,11200.0,9800.0,0.0938,35.0,1.0,1.93,0.0,增持,,
000521.SZ,长虹美菱,20200331,长虹美菱2019年年报点评：冰箱盈利稳步提升，竞争加剧空调亏损,点评,一般报告,光大证券,"金星,甘骏,王奇琪,王彦玮",2020Q4,1598100.0,,6000.0,5300.0,0.05,64.0,1.0,1.06,,增持,,
603393.SH,新天然气,20200331,新天然气：扣非归母利润翻倍，大股东增持亚美认购增发彰显长期信心,点评,一般报告,申万宏源证券,"刘晓宁,王璐,查浩,邹佩轩",2022Q4,437500.0,240800.0,230500.0,102100.0,4.558,9.0,,23.9,,买入,,
300699.SZ,光威复材,20200331,光威复材：年报符合预期，基数因素制约Q1增速,点评,一般报告,华泰证券,"刘曦,庄汀洲",2021Q4,272200.0,,96776.0,83733.0,1.62,30.79,,17.67,24.06,增持,62.1,55.36
603393.SH,新天然气,20200331,新天然气：扣非归母利润翻倍，大股东增持亚美认购增发彰显长期信心,点评,一般报告,申万宏源证券,"刘晓宁,王璐,查浩,邹佩轩",2021Q4,369900.0,201500.0,188300.0,84200.0,3.759,11.0,,23.5,,买入,,
603393.SH,新天然气,20200331,新天然气：扣非归母利润翻倍，大股东增持亚美认购增发彰显长期信心,点评,一般报告,申万宏源证券,"刘晓宁,王璐,查浩,邹佩轩",2020Q4,295900.0,159100.0,139900.0,62700.0,2.799,14.0,,21.0,,买入,,
300725.SZ,药石科技,20200331,药石科技：收入端略超预期，内生增速30％，2020年有望再上台阶,一般,一般报告,国盛证券,"张金洋,胡偌碧",2022Q4,182700.0,,42100.0,36500.0,2.52,31.0,,23.7,23.3,买入,,
300725.SZ,药石科技,20200331,药石科技：收入端略超预期，内生增速30％，2020年有望再上台阶,一般,一般报告,国盛证券,"张金洋,胡偌碧",2021Q4,135100.0,,31000.0,27000.0,1.86,42.1,,22.6,32.0,买入,,
300725.SZ,药石科技,20200331,药石科技：收入端略超预期，内生增速30％，2020年有望再上台阶,一般,一般报告,国盛证券,"张金洋,胡偌碧",2020Q4,96600.0,,23600.0,20200.0,1.4,56.0,,21.4,43.3,买入,,
300188.SZ,美亚柏科,20200331,美亚柏科2019年报及2020一季度预告点评：收入快速增长费用率逐步下降，疫情短期影响Q1验收,点评,一般报告,光大证券,"石崎良,姜国平",2022Q4,337400.0,,61600.0,57900.0,0.72,28.0,1.5,14.41,21.4,买入,,
300188.SZ,美亚柏科,20200331,美亚柏科2019年报及2020一季度预告点评：收入快速增长费用率逐步下降，疫情短期影响Q1验收,点评,一般报告,光大证券,"石崎良,姜国平",2021Q4,291800.0,,51800.0,48700.0,0.61,33.0,1.2,13.41,25.2,买入,,
300188.SZ,美亚柏科,20200331,美亚柏科2019年报及2020一季度预告点评：收入快速增长费用率逐步下降，疫情短期影响Q1验收,点评,一般报告,光大证券,"石崎良,姜国平",2020Q4,247900.0,,42000.0,39500.0,0.49,40.0,0.9,12.03,30.4,买入,,
002318.SZ,久立特材,20200331,久立特材2019年报点评：焊接管量价齐升，转债募投＋入股永兴拓宽护城河,点评,一般报告,光大证券,"李伟峰,刘慨昂",2020Q4,535200.0,,64000.0,53600.0,0.64,12.0,3.0,14.46,7.3,买入,,
601333.SH,广深铁路,20200331,广深铁路：扣非利润符合预期，土地交储收益继续推迟确认,点评,一般报告,中金,"杨鑫,尹佳瑜",2021Q4,2341500.0,,111600.0,81300.0,0.1148,20.6,2.2,2.7,4.2,中性,,2.6
601333.SH,广深铁路,20200331,广深铁路：扣非利润符合预期，土地交储收益继续推迟确认,点评,一般报告,中金,"杨鑫,尹佳瑜",2020Q4,2040500.0,-20900.0,82500.0,60200.0,0.085,27.8,1.6,2.1,5.0,中性,,2.6
600066.SH,宇通客车,20200331,宇通客车：市占率持续提升，高分红回馈股东,点评,一般报告,招商证券,"汪刘胜,杨献宇,李懿洋",2022Q4,3497000.0,,273400.0,253500.0,1.14,11.4,,11.7,12.0,强烈推荐,,
300699.SZ,光威复材,20200331,光威复材：年报符合预期，基数因素制约Q1增速,点评,一般报告,华泰证券,"刘曦,庄汀洲",2022Q4,307600.0,,109800.0,95109.0,1.83,27.1,,17.03,20.29,增持,62.1,55.36
300007.SZ,汉威科技,20200331,汉威科技2019年年度报告点评：聚焦物联网产业生态，商誉减值无碍公司发展,点评,首份报告,光大证券,"殷中枢,郝骞",2020Q4,212700.0,,24400.0,15500.0,0.53,27.0,0.2,10.37,15.3,买入,,
002396.SZ,星网锐捷,20200331,星网锐捷：智慧科技注入增长动能，流量爆发时代，设备系统等全面受益,点评,首次评级,银河证券,"龙天光,宋宾煌",2022Q4,1556120.0,,,115870.0,2.0,18.88,,17.6,,推荐,,
002396.SZ,星网锐捷,20200331,星网锐捷：智慧科技注入增长动能，流量爆发时代，设备系统等全面受益,点评,首次评级,银河证券,"龙天光,宋宾煌",2021Q4,1312300.0,,,94900.0,1.6,23.05,,16.8,,推荐,,
601607.SH,上海医药,20200331,上海医药2019年报点评：工商业持续稳健增长，逐步迎来创新升级,点评,一般报告,光大证券,"林小伟,经煜甚",2021Q4,22699600.0,,703300.0,569700.0,2.0,10.0,3.1,11.5,8.8,买入,,
601607.SH,上海医药,20200331,上海医药2019年报点评：工商业持续稳健增长，逐步迎来创新升级,点评,一般报告,光大证券,"林小伟,经煜甚",2020Q4,20564800.0,,611700.0,495500.0,1.74,11.0,2.7,10.92,10.9,买入,,
002925.SZ,盈趣科技,20200331,盈趣科技：四季度环比加速，雕刻机增长靓丽,点评,一般报告,东北证券,"唐凯,郭梦婕",2022Q4,647300.0,,171100.0,148600.0,3.24,13.74,0.0,18.59,,买入,,53.6
002925.SZ,盈趣科技,20200331,盈趣科技：四季度环比加速，雕刻机增长靓丽,点评,一般报告,东北证券,"唐凯,郭梦婕",2021Q4,541000.0,,147200.0,128100.0,2.8,15.94,0.0,19.68,,买入,,53.6
002925.SZ,盈趣科技,20200331,盈趣科技：四季度环比加速，雕刻机增长靓丽,点评,一般报告,东北证券,"唐凯,郭梦婕",2020Q4,440100.0,,123800.0,107600.0,2.35,18.97,0.0,20.59,,买入,,53.6
002465.SZ,海格通信,20200331,海格通信公司研究报告：北斗龙头迎景气大年、军工需求更助力,一般,首次评级,海通证券,"朱劲松,张峥青,杨彤昕",2022Q4,735000.0,,128000.0,110900.0,0.48,23.46,0.0,9.1,24.28,优于大市,,
002465.SZ,海格通信,20200331,海格通信公司研究报告：北斗龙头迎景气大年、军工需求更助力,一般,首次评级,海通证券,"朱劲松,张峥青,杨彤昕",2021Q4,633700.0,,98500.0,85300.0,0.37,30.5,0.0,7.7,32.84,优于大市,,
002465.SZ,海格通信,20200331,海格通信公司研究报告：北斗龙头迎景气大年、军工需求更助力,一般,首次评级,海通证券,"朱劲松,张峥青,杨彤昕",2020Q4,540800.0,,76000.0,65900.0,0.29,39.49,0.0,6.4,40.15,优于大市,,
603060.SH,国检集团,20200331,国检集团事件点评：同业并购贡献业绩增量，区域与领域布局稳步推进,点评,一般报告,国海证券,"谭倩,赵越",2022Q4,179300.0,,47500.0,36300.0,1.18,16.36,,14.66,,增持,,
603060.SH,国检集团,20200331,国检集团事件点评：同业并购贡献业绩增量，区域与领域布局稳步推进,点评,一般报告,国海证券,"谭倩,赵越",2020Q4,125500.0,,35000.0,26700.0,0.87,22.2,,15.47,,增持,,
601688.SH,华泰证券,20200331,华泰证券2019年报点评：机构＋投管涨幅显著，营收结构持续优化,点评,一般报告,华创证券,"洪锦屏,徐康,张径炜",2022Q4,3745300.0,,1819000.0,1400500.0,1.54,11.1,,10.38,,推荐,,22.3
601688.SH,华泰证券,20200331,华泰证券2019年报点评：机构＋投管涨幅显著，营收结构持续优化,点评,一般报告,华创证券,"洪锦屏,徐康,张径炜",2021Q4,3245900.0,,1569800.0,1208900.0,1.33,12.9,,9.24,,推荐,,22.3
601390.SH,中国中铁,20200331,中国中铁公司年报点评：归母净利润增长较快，经营现金流改善,点评,一般报告,海通证券,"杜市伟,李富华,张欣劼",2022Q4,114923000.0,,4063900.0,3158900.0,1.29,4.2,4.2,10.8,2.02,优于大市,,
601390.SH,中国中铁,20200331,中国中铁公司年报点评：归母净利润增长较快，经营现金流改善,点评,一般报告,海通证券,"杜市伟,李富华,张欣劼",2021Q4,104935200.0,,3724600.0,2895200.0,1.18,4.58,3.8,10.8,2.75,优于大市,,
600588.SH,用友网络,20200331,用友网络公司年报点评：经营效益大幅提升，云服务收入高速增长,点评,一般报告,海通证券,"郑宏达,洪琳,黄竞晶,杨林",2022Q4,1468016.0,924408.0,198200.0,165300.0,0.66,63.64,0.6,16.6,62.54,优于大市,,
002179.SZ,中航光电,20200331,中航光电：防务与通讯业务快速增长，研发投入创历史新高,点评,一般报告,银河证券,"李良,周义",2020Q4,1099900.0,,,127100.0,1.15,29.77,,,,推荐,,
000776.SZ,广发证券,20200331,广发证券：自营业绩同比增十倍，大资管内部结构优化,点评,一般报告,中信建投,"赵然,庄严",2021Q4,2896100.0,,1318800.0,956200.0,1.25,,,,,增持,,
600588.SH,用友网络,20200331,用友网络公司年报点评：经营效益大幅提升，云服务收入高速增长,点评,一般报告,海通证券,"郑宏达,洪琳,黄竞晶,杨林",2021Q4,1223400.0,786973.0,185900.0,148300.0,0.59,70.95,0.5,16.7,72.8,优于大市,,
002396.SZ,星网锐捷,20200331,星网锐捷：智慧科技注入增长动能，流量爆发时代，设备系统等全面受益,点评,首次评级,银河证券,"龙天光,宋宾煌",2020Q4,1095960.0,,,74920.0,1.3,29.2,,15.3,,推荐,,
002179.SZ,中航光电,20200331,中航光电：防务与通讯业务快速增长，研发投入创历史新高,点评,一般报告,银河证券,"李良,周义",2022Q4,1589600.0,,,183100.0,1.66,20.67,,,,推荐,,
002179.SZ,中航光电,20200331,中航光电：防务与通讯业务快速增长，研发投入创历史新高,点评,一般报告,银河证券,"李良,周义",2021Q4,1325900.0,,,152600.0,1.39,24.8,,,,推荐,,
000776.SZ,广发证券,20200331,广发证券：自营业绩同比增十倍，大资管内部结构优化,点评,一般报告,中信建投,"赵然,庄严",2020Q4,2557700.0,,1159700.0,840900.0,1.1,,,,,增持,,
000417.SZ,合肥百货,20200331,合肥百货：参股公司亏损拖累2019年业绩,点评,一般报告,中金,"樊俊豪,徐卓楠",2021Q4,1051800.0,,39300.0,15400.0,0.2,25.0,1.3,3.6,4.3,跑赢行业,,5.45
000417.SZ,合肥百货,20200331,合肥百货：参股公司亏损拖累2019年业绩,点评,一般报告,中金,"樊俊豪,徐卓楠",2020Q4,1018200.0,,36400.0,13500.0,0.17,28.4,1.1,3.3,4.5,跑赢行业,,5.45
601607.SH,上海医药,20200331,上海医药2019年报点评：工商业持续稳健增长，逐步迎来创新升级,点评,一般报告,光大证券,"林小伟,经煜甚",2022Q4,25012000.0,,803800.0,651100.0,2.29,9.0,3.6,11.99,7.7,买入,,
603060.SH,国检集团,20200331,国检集团事件点评：同业并购贡献业绩增量，区域与领域布局稳步推进,点评,一般报告,国海证券,"谭倩,赵越",2021Q4,149900.0,,40800.0,31100.0,1.01,19.07,,15.01,,增持,,
601688.SH,华泰证券,20200331,华泰证券2019年报点评：机构＋投管涨幅显著，营收结构持续优化,点评,一般报告,华创证券,"洪锦屏,徐康,张径炜",2020Q4,2876700.0,,1387400.0,1069000.0,1.18,14.6,,8.45,,推荐,,22.3
601390.SH,中国中铁,20200331,中国中铁公司年报点评：归母净利润增长较快，经营现金流改善,点评,一般报告,海通证券,"杜市伟,李富华,张欣劼",2020Q4,95198500.0,,3364600.0,2615300.0,1.06,5.07,3.4,10.7,3.56,优于大市,,
600588.SH,用友网络,20200331,用友网络公司年报点评：经营效益大幅提升，云服务收入高速增长,点评,一般报告,海通证券,"郑宏达,洪琳,黄竞晶,杨林",2020Q4,1021461.0,671004.0,160300.0,127200.0,0.51,82.7,0.5,16.0,70.82,优于大市,,
600038.SH,中直股份,20200331,中直股份：直升机龙头稳健增长，直－20需求景气,点评,一般报告,安信证券,冯福章,2020Q4,1858090.0,,80490.0,69900.0,1.19,36.3,0.0,8.1,20.0,买入,,52.0
002568.SZ,百润股份,20200331,百润股份：预调酒业务延续增长趋势，规模效应释放利润弹性,点评,一般报告,方正证券,"薛玉虎,刘洁铭",2022Q4,279221.0,,90565.0,69669.0,1.34,24.54,,19.0,-2.05,强烈推荐,,
002568.SZ,百润股份,20200331,百润股份：预调酒业务延续增长趋势，规模效应释放利润弹性,点评,一般报告,方正证券,"薛玉虎,刘洁铭",2021Q4,223352.0,,72180.0,55723.0,1.07,30.68,,19.0,-1.7,强烈推荐,,
002595.SZ,豪迈科技,20200331,豪迈科技：各项业务基本面稳健向上，但短期需关注海外疫情的潜在影响,点评,一般报告,中金,"张梓丁,孔令鑫",2021Q4,561900.0,,132200.0,113100.0,1.41,12.2,2.5,17.8,8.3,跑赢行业,,21.99
002595.SZ,豪迈科技,20200331,豪迈科技：各项业务基本面稳健向上，但短期需关注海外疫情的潜在影响,点评,一般报告,中金,"张梓丁,孔令鑫",2020Q4,487300.0,,114200.0,97800.0,1.22,14.1,2.1,18.0,9.6,跑赢行业,,21.99
002438.SZ,江苏神通,20200331,江苏神通：业绩基本符合预期，2020年有望保持高速成长,点评,一般报告,中金,"曾韬,张月,刘俊",2020Q4,175000.0,,28000.0,25300.0,0.52,14.2,1.0,12.1,7.8,跑赢行业,,9.1
002438.SZ,江苏神通,20200331,江苏神通：业绩基本符合预期，2020年有望保持高速成长,点评,一般报告,中金,"曾韬,张月,刘俊",2021Q4,229100.0,,35800.0,32300.0,0.67,11.1,1.2,13.8,5.9,跑赢行业,,9.1
600038.SH,中直股份,20200331,中直股份：直升机龙头稳健增长，直－20需求景气,点评,一般报告,安信证券,冯福章,2021Q4,2165410.0,,91790.0,79690.0,1.35,31.8,0.0,8.4,17.3,买入,,52.0
601766.SH,中国中车,20200331,中国中车：2019年业绩符合预期，有望受益于“新基建”发力,点评,一般报告,中金,"孔令鑫,张梓丁,舒维康",2021Q4,26256800.0,,1972200.0,1447400.0,0.5,13.2,2.8,9.7,6.6,跑赢行业,,8.21
601766.SH,中国中车,20200331,中国中车：2019年业绩符合预期，有望受益于“新基建”发力,点评,一般报告,中金,"孔令鑫,张梓丁,舒维康",2020Q4,24127900.0,,1750600.0,1276300.0,0.44,15.0,2.4,9.1,7.8,跑赢行业,,8.21
601390.SH,中国中铁,20200331,中国中铁：营收订单趋势强劲，现金流表现优异,点评,一般报告,国盛证券,"夏天,程龙戈,廖文强",2022Q4,113076700.0,,3957100.0,2850800.0,1.16,4.7,,9.4,4.8,买入,,
601390.SH,中国中铁,20200331,中国中铁：营收订单趋势强劲，现金流表现优异,点评,一般报告,国盛证券,"夏天,程龙戈,廖文强",2021Q4,104359800.0,,3629000.0,2582100.0,1.05,5.1,,9.4,5.0,买入,,
601390.SH,中国中铁,20200331,中国中铁：营收订单趋势强劲，现金流表现优异,点评,一般报告,国盛证券,"夏天,程龙戈,廖文强",2020Q4,94734500.0,,3265500.0,2295400.0,0.93,5.8,,9.1,5.4,买入,,
600038.SH,中直股份,20200331,中直股份：直升机龙头稳健增长，直－20需求景气,点评,一般报告,安信证券,冯福章,2022Q4,2473530.0,,106170.0,92170.0,1.56,27.5,0.0,8.9,14.8,买入,,52.0
002568.SZ,百润股份,20200331,百润股份：预调酒业务延续增长趋势，规模效应释放利润弹性,点评,一般报告,方正证券,"薛玉虎,刘洁铭",2020Q4,179106.0,,53976.0,41228.0,0.79,41.47,,17.0,-1.42,强烈推荐,,
603195.SH,公牛集团,20200331,公牛集团：民用电工行业隐形冠军，渠道、品牌、规模三箭齐发,深度,首次关注,申万宏源证券,"屠亦婷,周海晨,刘正,史晋星,柴程森,丁智艳",2019Q4,1068200.0,,277500.0,237700.0,3.962,34.0,,49.7,,增持,,
600528.SH,中铁工业,20200331,中铁工业公司年报点评：2019年业绩稳定增长，2020年有望受益行业景气提升,点评,一般报告,海通证券,"佘炜超,杨震",2022Q4,2900800.0,,285300.0,247000.0,1.11,8.96,1.4,10.3,2.85,优于大市,,
600528.SH,中铁工业,20200331,中铁工业公司年报点评：2019年业绩稳定增长，2020年有望受益行业景气提升,点评,一般报告,海通证券,"佘炜超,杨震",2020Q4,2368800.0,,211600.0,183300.0,0.82,12.13,1.3,9.2,5.57,优于大市,,
600201.SH,生物股份,20200331,生物股份：底部已过，2020迎业绩拐点,点评,一般报告,中信建投,孙金琦,2021Q4,183200.0,,,65500.0,,36.6,,,,买入,,
600201.SH,生物股份,20200331,生物股份：底部已过，2020迎业绩拐点,点评,一般报告,中信建投,孙金琦,2020Q4,144300.0,,,44800.0,,53.6,,,,买入,,
002937.SZ,兴瑞科技,20200331,兴瑞科技：双重红利,点评,一般报告,财通证券,"赵成,鲍娴颖",2022Q4,230700.0,,33900.0,29500.0,1.0,13.3,2.3,21.2,8.2,买入,,18.0
002937.SZ,兴瑞科技,20200331,兴瑞科技：双重红利,点评,一般报告,财通证券,"赵成,鲍娴颖",2021Q4,171000.0,,27000.0,23500.0,0.8,16.6,2.1,19.8,10.9,买入,,18.0
002937.SZ,兴瑞科技,20200331,兴瑞科技：双重红利,点评,一般报告,财通证券,"赵成,鲍娴颖",2020Q4,118000.0,,18800.0,16300.0,0.55,24.0,1.3,15.8,15.9,买入,,18.0
000034.SZ,神州数码,20200331,神州数码：华为鲲鹏产业链核心合作伙伴，业绩符合预期，云转型蓬勃向前,点评,一般报告,中信建投,石泽蕤,2021Q4,10220400.0,,,102500.0,1.57,15.82,,,,买入,,
000034.SZ,神州数码,20200331,神州数码：华为鲲鹏产业链核心合作伙伴，业绩符合预期，云转型蓬勃向前,点评,一般报告,中信建投,石泽蕤,2020Q4,8568500.0,,,79600.0,1.22,20.38,,,,买入,,
600066.SH,宇通客车,20200331,宇通客车：业绩基本符合预期，分红率超100％,点评,首次评级,安信证券,袁伟,2022Q4,3303600.0,,371690.0,319820.0,1.44,9.0,2.0,13.9,3.2,增持,,
600066.SH,宇通客车,20200331,宇通客车：业绩基本符合预期，分红率超100％,点评,首次评级,安信证券,袁伟,2020Q4,3002220.0,,207470.0,192790.0,0.87,15.0,1.9,10.3,7.4,增持,,
600528.SH,中铁工业,20200331,中铁工业公司年报点评：2019年业绩稳定增长，2020年有望受益行业景气提升,点评,一般报告,海通证券,"佘炜超,杨震",2021Q4,2637900.0,,246600.0,213500.0,0.96,10.36,1.4,9.8,4.13,优于大市,,
600066.SH,宇通客车,20200331,宇通客车：业绩基本符合预期，分红率超100％,点评,首次评级,安信证券,袁伟,2021Q4,3161340.0,,297590.0,258960.0,1.17,11.2,2.3,12.6,5.0,增持,,
603659.SH,璞泰来,20200331,璞泰来年报点评：负极一体化优势明显，涂覆隔膜有序推进,点评,一般报告,国海证券,"谭倩,尹斌,赵彬凯",2022Q4,984900.0,,173200.0,146500.0,3.37,18.39,,24.29,,增持,,
300003.SZ,乐普医疗,20200331,乐普医疗：商誉计提拖累扣非利润，定增补充流动资金,点评,一般报告,中金,"张琎,邹朋",2020Q4,892300.0,,273900.0,224300.0,1.26,31.3,0.5,26.5,22.7,跑赢行业,,45.0
900934.BJ,锦江B股,20200331,锦江B股：2019年业绩符合预期；新冠疫情带来短期压力B,点评,一般报告,中金,"林思婕,郭海燕",2021Q4,1683300.0,1514700.0,221800.0,141000.0,1.47,16.4,3.2,10.3,9.1,中性,,1.62
603659.SH,璞泰来,20200331,璞泰来年报点评：负极一体化优势明显，涂覆隔膜有序推进,点评,一般报告,国海证券,"谭倩,尹斌,赵彬凯",2021Q4,798900.0,,130200.0,110100.0,2.53,24.47,,22.26,,增持,,
603659.SH,璞泰来,20200331,璞泰来年报点评：负极一体化优势明显，涂覆隔膜有序推进,点评,一般报告,国海证券,"谭倩,尹斌,赵彬凯",2020Q4,559800.0,,98000.0,82100.0,1.89,32.82,,19.88,,增持,,
300003.SZ,乐普医疗,20200331,乐普医疗：商誉计提拖累扣非利润，定增补充流动资金,点评,一般报告,中金,"张琎,邹朋",2021Q4,1073300.0,,357400.0,293900.0,1.65,23.9,0.7,27.4,17.8,跑赢行业,,45.0
688388.SH,嘉元科技,20200331,嘉元科技：结构优化提盈利，持续推进新产品研发,,一般报告,安信证券,"邓永康,吴用,彭广春,丁肖逸",2022Q4,296240.0,,82720.0,71800.0,3.11,15.3,0.0,17.2,9.3,买入,,61.6
688388.SH,嘉元科技,20200331,嘉元科技：结构优化提盈利，持续推进新产品研发,,一般报告,安信证券,"邓永康,吴用,彭广春,丁肖逸",2021Q4,224830.0,,61610.0,53480.0,2.32,20.5,0.0,15.4,13.1,买入,,61.6
688388.SH,嘉元科技,20200331,嘉元科技：结构优化提盈利，持续推进新产品研发,,一般报告,安信证券,"邓永康,吴用,彭广春,丁肖逸",2020Q4,165400.0,,46920.0,40730.0,1.76,27.0,0.0,13.9,17.6,买入,,61.6
603878.SH,武进不锈,20200331,武进不锈：19年分红64％，长期仍看好下游,一般,一般报告,华泰证券,"邱瀚萱,龚润华",2022Q4,255200.0,,46991.0,39943.0,1.4,7.68,,13.69,5.34,买入,15.31,12.8
603878.SH,武进不锈,20200331,武进不锈：19年分红64％，长期仍看好下游,一般,一般报告,华泰证券,"邱瀚萱,龚润华",2020Q4,233000.0,,35912.0,30525.0,1.07,10.05,,12.27,6.78,买入,15.31,12.8
601766.SH,中国中车,20200331,中国中车2019年年报点评：业绩符合预期，毛利率表现历史最佳,点评,一般报告,中信证券,"刘海博,左腾飞,李睿鹏,李越",2022Q4,29564672.0,,2110200.0,1478270.0,0.52,13.0,,9.09,,买入,,
601766.SH,中国中车,20200331,中国中车2019年年报点评：业绩符合预期，毛利率表现历史最佳,点评,一般报告,中信证券,"刘海博,左腾飞,李睿鹏,李越",2021Q4,26949735.0,,1951200.0,1372326.0,0.48,14.0,,8.96,,买入,,
601766.SH,中国中车,20200331,中国中车2019年年报点评：业绩符合预期，毛利率表现历史最佳,点评,一般报告,中信证券,"刘海博,左腾飞,李睿鹏,李越",2020Q4,24641876.0,,1795500.0,1255363.0,0.44,15.0,,8.71,,买入,,
601138.SH,工业富联,20200331,工业富联2019年年报点评：业绩超预期增长，工业互联科技服务成果初显,点评,一般报告,中信证券,"杨泽原,徐涛,顾海波,刘雯蜀,张帅",2022Q4,51720030.0,,2658200.0,2321479.0,1.17,11.0,,16.29,,增持,,
601138.SH,工业富联,20200331,工业富联2019年年报点评：业绩超预期增长，工业互联科技服务成果初显,点评,一般报告,中信证券,"杨泽原,徐涛,顾海波,刘雯蜀,张帅",2021Q4,45606374.0,,2401300.0,2078405.0,1.05,12.0,,16.94,,增持,,
603878.SH,武进不锈,20200331,武进不锈：19年分红64％，长期仍看好下游,一般,一般报告,华泰证券,"邱瀚萱,龚润华",2021Q4,252000.0,,43025.0,36571.0,1.28,8.39,,13.54,5.77,买入,15.31,12.8
601138.SH,工业富联,20200331,工业富联2019年年报点评：业绩超预期增长，工业互联科技服务成果初显,点评,一般报告,中信证券,"杨泽原,徐涛,顾海波,刘雯蜀,张帅",2020Q4,40851093.0,,2161400.0,1889066.0,0.95,13.0,,18.13,,增持,,
600754.SH,锦江酒店,20200331,锦江酒店：2019年业绩符合预期；新冠疫情带来短期压力,点评,一般报告,中金,"林思婕,郭海燕",2021Q4,1683300.0,,221800.0,141000.0,1.47,16.4,3.2,10.3,9.1,中性,,24.76
600754.SH,锦江酒店,20200331,锦江酒店：2019年业绩符合预期；新冠疫情带来短期压力,点评,一般报告,中金,"林思婕,郭海燕",2020Q4,1297200.0,,79000.0,49500.0,0.52,46.6,1.1,3.7,12.8,中性,,24.76
600298.SH,安琪酵母,20200331,安琪酵母：下游刚需属性明显，2020经营稳健向好,点评,一般报告,中金,吕若晨,2021Q4,1011800.0,,156200.0,127000.0,1.54,21.1,1.7,20.4,12.8,跑赢行业,,38.0
600298.SH,安琪酵母,20200331,安琪酵母：下游刚需属性明显，2020经营稳健向好,点评,一般报告,中金,吕若晨,2020Q4,877100.0,,133600.0,108600.0,1.32,24.6,1.5,20.1,14.7,跑赢行业,,38.0
300482.SZ,万孚生物,20200331,万孚生物2019年报及2020年一季度预告点评：业绩符合预期，传染病检测持续高增,点评,一般报告,川财证券,"周豫,黄心如",2022Q4,477000.0,,128100.0,98300.0,2.87,27.68,,21.6,19.0,增持,,
300482.SZ,万孚生物,20200331,万孚生物2019年报及2020年一季度预告点评：业绩符合预期，传染病检测持续高增,点评,一般报告,川财证券,"周豫,黄心如",2021Q4,365200.0,,95800.0,73400.0,2.14,37.06,,20.6,25.0,增持,,
300482.SZ,万孚生物,20200331,万孚生物2019年报及2020年一季度预告点评：业绩符合预期，传染病检测持续高增,点评,一般报告,川财证券,"周豫,黄心如",2020Q4,277100.0,,69600.0,53400.0,1.56,50.9,,18.9,34.0,增持,,
002568.SZ,百润股份,20200331,百润股份：消费场景扩容带来新一轮成长,点评,一般报告,中金,"余驰,周悦琅,吕若晨",2021Q4,222200.0,,75600.0,57100.0,1.1,29.9,1.7,23.9,20.7,跑赢行业,,39.57
002568.SZ,百润股份,20200331,百润股份：消费场景扩容带来新一轮成长,点评,一般报告,中金,"余驰,周悦琅,吕若晨",2020Q4,181000.0,,54200.0,41500.0,0.8,41.2,1.2,19.7,29.2,跑赢行业,,39.57
002398.SZ,垒知集团,20200331,垒知集团：业绩高增，外加剂服务属性提升,一般,一般报告,国盛证券,"黄诗涛,房大磊",2022Q4,622200.0,,97700.0,81400.0,1.18,6.9,,17.5,4.3,增持,,
002398.SZ,垒知集团,20200331,垒知集团：业绩高增，外加剂服务属性提升,一般,一般报告,国盛证券,"黄诗涛,房大磊",2021Q4,510100.0,,78100.0,64800.0,0.94,8.6,,16.6,5.7,增持,,
002398.SZ,垒知集团,20200331,垒知集团：业绩高增，外加剂服务属性提升,一般,一般报告,国盛证券,"黄诗涛,房大磊",2020Q4,419600.0,,61800.0,51300.0,0.74,10.9,,15.5,7.5,增持,,
002013.SZ,中航机电,20200331,中航机电：航空产品业务带动业绩增长,点评,一般报告,华泰证券,"王宗超,何亮",2022Q4,1441889.0,,173100.0,135100.0,0.37,18.78,,10.77,11.07,买入,10.85,10.54
002013.SZ,中航机电,20200331,中航机电：航空产品业务带动业绩增长,点评,一般报告,华泰证券,"王宗超,何亮",2021Q4,1321631.0,,158300.0,123300.0,0.34,20.57,,10.8,12.06,买入,10.85,10.54
002013.SZ,中航机电,20200331,中航机电：航空产品业务带动业绩增长,点评,一般报告,华泰证券,"王宗超,何亮",2020Q4,1240206.0,,144100.0,112100.0,0.31,22.63,,10.79,13.23,买入,10.85,10.54
000063.SZ,中兴通讯,20200331,中兴通讯公司年报点评：经营质量显著提升，5G龙头发展加速,点评,一般报告,海通证券,"朱劲松,余伟民",2021Q4,11709100.0,,1010100.0,799400.0,1.73,24.66,0.0,12.7,12.96,优于大市,,
000063.SZ,中兴通讯,20200331,中兴通讯公司年报点评：经营质量显著提升，5G龙头发展加速,点评,一般报告,海通证券,"朱劲松,余伟民",2020Q4,10279800.0,,808900.0,656500.0,1.42,30.03,0.0,11.9,15.33,优于大市,,
600808.SH,马钢股份,20200331,马钢股份：业绩受钢价下跌拖累低于预期，1H20业绩仍同比承压,点评,一般报告,中金,"李可悦,陈彦,龚晴",2021Q4,7974200.0,858000.0,517100.0,253900.0,0.33,7.7,7.1,8.8,3.6,中性,,2.9
600808.SH,马钢股份,20200331,马钢股份：业绩受钢价下跌拖累低于预期，1H20业绩仍同比承压,点评,一般报告,中金,"李可悦,陈彦,龚晴",2020Q4,7843600.0,723800.0,394800.0,193800.0,0.25,10.1,5.4,7.0,4.3,中性,,2.9
002318.SZ,久立特材,20200331,久立特材：吨钢加工费再创新高，中长期投资逻辑不变,点评,一般报告,国盛证券,丁婷婷,2022Q4,466300.0,,67100.0,56600.0,0.67,11.2,,12.6,7.5,买入,,
002318.SZ,久立特材,20200331,久立特材：吨钢加工费再创新高，中长期投资逻辑不变,点评,一般报告,国盛证券,丁婷婷,2021Q4,455200.0,,65000.0,54800.0,0.65,11.5,,13.3,7.7,买入,,
002318.SZ,久立特材,20200331,久立特材：吨钢加工费再创新高，中长期投资逻辑不变,点评,一般报告,国盛证券,丁婷婷,2020Q4,418700.0,,57600.0,48500.0,0.58,13.0,,13.0,8.7,买入,,
603195.SH,公牛集团,20200331,公牛集团：民用电工行业隐形冠军，渠道、品牌、规模三箭齐发,深度,首次关注,申万宏源证券,"屠亦婷,周海晨,刘正,史晋星,柴程森,丁智艳",2021Q4,1478400.0,,396700.0,341700.0,5.7,26.0,,28.6,,增持,,
601186.SH,中国铁建,20200331,中国铁建：营收业绩稳健增长，现金流大幅改善,点评,一般报告,国盛证券,"夏天,程龙戈,廖文强",2022Q4,106998300.0,,3930100.0,2810000.0,2.07,4.9,,9.1,3.9,买入,,
601186.SH,中国铁建,20200331,中国铁建：营收业绩稳健增长，现金流大幅改善,点评,一般报告,国盛证券,"夏天,程龙戈,廖文强",2021Q4,99978000.0,,3580700.0,2555400.0,1.88,5.4,,9.1,4.0,买入,,
601186.SH,中国铁建,20200331,中国铁建：营收业绩稳健增长，现金流大幅改善,点评,一般报告,国盛证券,"夏天,程龙戈,廖文强",2020Q4,91023300.0,,3205700.0,2286900.0,1.68,6.0,,8.9,5.0,买入,,
600985.SH,淮北矿业,20200331,淮北矿业公司年报点评：产量下降影响消除，业绩稳健高分红,点评,一般报告,海通证券,"李淼,吴杰,戴元灿,王涛",2022Q4,5938900.0,,485400.0,396100.0,1.82,4.6,6.3,14.4,3.79,优于大市,,
600985.SH,淮北矿业,20200331,淮北矿业公司年报点评：产量下降影响消除，业绩稳健高分红,点评,一般报告,海通证券,"李淼,吴杰,戴元灿,王涛",2021Q4,5896100.0,,467500.0,381500.0,1.76,4.77,6.2,15.4,4.26,优于大市,,
600985.SH,淮北矿业,20200331,淮北矿业公司年报点评：产量下降影响消除，业绩稳健高分红,点评,一般报告,海通证券,"李淼,吴杰,戴元灿,王涛",2020Q4,5927000.0,,461100.0,376300.0,1.73,4.84,6.0,17.0,4.45,优于大市,,
300327.SZ,中颖电子,20200331,中颖电子：家电MCU份额持续提升，变频空调芯片有望国产替代,点评,一般报告,平安证券,"刘舜逢,徐勇",2022Q4,138000.0,,31100.0,30000.0,1.18,22.9,,18.6,19.5,推荐,,
300327.SZ,中颖电子,20200331,中颖电子：家电MCU份额持续提升，变频空调芯片有望国产替代,点评,一般报告,平安证券,"刘舜逢,徐勇",2021Q4,118900.0,,28000.0,27200.0,1.07,25.3,,19.4,21.4,推荐,,
300327.SZ,中颖电子,20200331,中颖电子：家电MCU份额持续提升，变频空调芯片有望国产替代,点评,一般报告,平安证券,"刘舜逢,徐勇",2020Q4,102600.0,,21100.0,20400.0,0.8,33.7,,16.7,29.4,推荐,,
300327.SZ,中颖电子,20200331,中颖电子：1Q20业绩预告符合预期，疫情导致2H20展望不明朗,点评,一般报告,中金,"丁宁,黄乐平,姚逊宇",2021Q4,122000.0,,28100.0,26400.0,1.04,26.0,2.3,23.3,22.3,跑赢行业,,40.0
900934.BJ,锦江B股,20200331,锦江B股：2019年业绩符合预期；新冠疫情带来短期压力B,点评,一般报告,中金,"林思婕,郭海燕",2020Q4,1297200.0,1127100.0,79000.0,49500.0,0.52,46.6,1.1,3.7,12.8,中性,,1.62
000063.SZ,中兴通讯,20200331,中兴通讯公司年报点评：经营质量显著提升，5G龙头发展加速,点评,一般报告,海通证券,"朱劲松,余伟民",2022Q4,13902200.0,,1242500.0,989400.0,2.15,19.92,0.0,13.6,10.42,优于大市,,
603195.SH,公牛集团,20200331,公牛集团：民用电工行业隐形冠军，渠道、品牌、规模三箭齐发,深度,首次关注,申万宏源证券,"屠亦婷,周海晨,刘正,史晋星,柴程森,丁智艳",2020Q4,1203000.0,,320800.0,276600.0,4.61,33.0,,27.9,,增持,,
300327.SZ,中颖电子,20200331,中颖电子：1Q20业绩预告符合预期，疫情导致2H20展望不明朗,点评,一般报告,中金,"丁宁,黄乐平,姚逊宇",2020Q4,99500.0,,22800.0,21500.0,0.84,32.0,1.9,21.1,27.9,跑赢行业,,40.0
002367.SZ,康力电梯,20200331,康力电梯：盈利能力持续修复老旧小区改造弹性品种,点评,一般报告,招商证券,"诸凯,吴丹,刘荣,时文博",2021Q4,476100.0,,51600.0,42700.0,0.53,16.0,,13.0,14.7,强烈推荐,,
002367.SZ,康力电梯,20200331,康力电梯：盈利能力持续修复老旧小区改造弹性品种,点评,一般报告,招商证券,"诸凯,吴丹,刘荣,时文博",2020Q4,418200.0,,44200.0,36700.0,0.46,18.6,,12.3,16.2,强烈推荐,,
002179.SZ,中航光电,20200331,中航光电：归母净利润同比＋12.56％，各业务板块稳步提升,点评,一般报告,安信证券,"冯福章,张傲",2022Q4,1558500.0,,215180.0,176390.0,1.6,21.5,0.2,14.0,12.8,买入,,
002179.SZ,中航光电,20200331,中航光电：归母净利润同比＋12.56％，各业务板块稳步提升,点评,一般报告,安信证券,"冯福章,张傲",2021Q4,1308120.0,,184920.0,151690.0,1.38,24.9,0.2,13.9,15.3,买入,,
002179.SZ,中航光电,20200331,中航光电：归母净利润同比＋12.56％，各业务板块稳步提升,点评,一般报告,安信证券,"冯福章,张傲",2020Q4,1093470.0,,155830.0,128350.0,1.17,29.5,0.3,13.5,18.3,买入,,
000089.SZ,深圳机场,20200331,深圳机场：国际化发展持续，长期成长价值犹存,点评,一般报告,平安证券,严家源,2022Q4,503200.0,,83300.0,63600.0,0.31,24.6,,5.0,9.4,推荐,,
000089.SZ,深圳机场,20200331,深圳机场：国际化发展持续，长期成长价值犹存,点评,一般报告,平安证券,严家源,2021Q4,442000.0,,97500.0,74400.0,0.36,21.1,,6.0,9.7,推荐,,
000089.SZ,深圳机场,20200331,深圳机场：国际化发展持续，长期成长价值犹存,点评,一般报告,平安证券,严家源,2020Q4,295600.0,,13600.0,10300.0,0.05,151.4,,0.9,24.1,推荐,,
603288.SH,海天味业,20200331,海天味业：调味品航母稳步推进，疫情催化下渠道再升级,一般,首次关注,天风证券,刘畅,2022Q4,3198730.62,,1069013.0,897566.0,3.32,34.23,,34.91,25.89,买入,,129.0
603288.SH,海天味业,20200331,海天味业：调味品航母稳步推进，疫情催化下渠道再升级,一般,首次关注,天风证券,刘畅,2021Q4,2704280.58,,895363.0,751771.0,2.78,40.87,,33.98,30.85,买入,,129.0
603288.SH,海天味业,20200331,海天味业：调味品航母稳步推进，疫情催化下渠道再升级,一般,首次关注,天风证券,刘畅,2020Q4,2304800.0,,752916.0,633742.0,2.35,48.49,,33.15,37.16,买入,,129.0
300699.SZ,光威复材,20200331,光威复材：整体业绩符合预期，高效管理带动盈利水平提升,点评,一般报告,东吴证券,"陈显帆,周佳莹",2022Q4,301100.0,,127900.0,113100.0,2.18,22.8,,12.6,,买入,,
300699.SZ,光威复材,20200331,光威复材：整体业绩符合预期，高效管理带动盈利水平提升,点评,一般报告,东吴证券,"陈显帆,周佳莹",2021Q4,245300.0,,94600.0,84000.0,1.62,30.69,,12.4,,买入,,
002938.SZ,鹏鼎控股,20200331,鹏鼎控股：19年业绩符合预期，疫情短期扰动不改全年成长逻辑,点评,一般报告,天风证券,"潘暕,俞文静",2022Q4,3490879.0,,493949.0,408002.0,1.77,17.4,,14.02,10.14,买入,,
002938.SZ,鹏鼎控股,20200331,鹏鼎控股：19年业绩符合预期，疫情短期扰动不改全年成长逻辑,点评,一般报告,天风证券,"潘暕,俞文静",2021Q4,3107091.0,,432092.0,356821.0,1.54,19.9,,14.02,12.12,买入,,
002938.SZ,鹏鼎控股,20200331,鹏鼎控股：19年业绩符合预期，疫情短期扰动不改全年成长逻辑,点评,一般报告,天风证券,"潘暕,俞文静",2020Q4,2818223.0,,372272.0,317436.0,1.37,22.37,,14.08,14.82,买入,,
002367.SZ,康力电梯,20200331,康力电梯：19年业绩大增，盈利能力显著改善,点评,一般报告,东吴证券,"陈显帆,周尔双,朱贝贝",2022Q4,477710.0,,57720.0,49230.0,0.62,13.85,,12.6,,增持,,
002367.SZ,康力电梯,20200331,康力电梯：19年业绩大增，盈利能力显著改善,点评,一般报告,东吴证券,"陈显帆,周尔双,朱贝贝",2021Q4,442320.0,,51160.0,43630.0,0.55,15.63,,12.4,,增持,,
002367.SZ,康力电梯,20200331,康力电梯：19年业绩大增，盈利能力显著改善,点评,一般报告,东吴证券,"陈显帆,周尔双,朱贝贝",2020Q4,384630.0,,39730.0,33880.0,0.42,20.13,,10.6,,增持,,
002179.SZ,中航光电,20200331,中航光电：2019年业绩符合预期，看好中长期成长性,点评,一般报告,中金,"王心一,黄乐平,尹会伟",2021Q4,1270700.0,,165300.0,141100.0,1.28,26.8,0.6,14.1,18.4,跑赢行业,,45.0
002179.SZ,中航光电,20200331,中航光电：2019年业绩符合预期，看好中长期成长性,点评,一般报告,中金,"王心一,黄乐平,尹会伟",2020Q4,1065600.0,,142800.0,121900.0,1.11,31.0,0.5,13.9,21.6,跑赢行业,,45.0
000629.SZ,攀钢钒钛,20200331,攀钢钒钛：钒价大幅下行，公司业绩表现不佳,点评,一般报告,华泰证券,邱瀚萱,2022Q4,1194800.0,,98802.0,93469.0,0.11,20.22,,7.7,13.64,中性,2.21,2.09
000629.SZ,攀钢钒钛,20200331,攀钢钒钛：钒价大幅下行，公司业绩表现不佳,点评,一般报告,华泰证券,邱瀚萱,2021Q4,1187500.0,,92837.0,87698.0,0.1,21.55,,7.83,14.19,中性,2.21,2.09
000629.SZ,攀钢钒钛,20200331,攀钢钒钛：钒价大幅下行，公司业绩表现不佳,点评,一般报告,华泰证券,邱瀚萱,2020Q4,1228500.0,,104400.0,99094.0,0.1154,19.07,,9.59,11.82,中性,2.21,2.09
300725.SZ,药石科技,20200331,药石科技：增长基本符合预期，股权激励摊销拖累Q1表现,点评,一般报告,平安证券,"叶寅,倪亦道",2022Q4,159300.0,,42900.0,37700.0,2.61,29.2,,24.1,22.8,推荐,,
300725.SZ,药石科技,20200331,药石科技：增长基本符合预期，股权激励摊销拖累Q1表现,点评,一般报告,平安证券,"叶寅,倪亦道",2021Q4,120000.0,,30700.0,27000.0,1.86,40.8,,22.7,32.0,推荐,,
300725.SZ,药石科技,20200331,药石科技：增长基本符合预期，股权激励摊销拖累Q1表现,点评,一般报告,平安证券,"叶寅,倪亦道",2020Q4,88900.0,,20100.0,17600.0,1.22,62.4,,19.3,49.1,推荐,,
002518.SZ,科士达,20200331,科士达：毛利率修复拉动增长，经营效率优化现金流强劲，业绩符合预期,点评,一般报告,中金,"曾韬,赵宇辰,刘俊",2021Q4,384800.0,131600.0,52600.0,46800.0,0.8,15.2,2.0,15.3,8.5,跑赢行业,,19.0
002518.SZ,科士达,20200331,科士达：毛利率修复拉动增长，经营效率优化现金流强劲，业绩符合预期,点评,一般报告,中金,"曾韬,赵宇辰,刘俊",2020Q4,304700.0,106500.0,43200.0,38900.0,0.67,18.4,1.6,14.1,11.6,跑赢行业,,19.0
002938.SZ,鹏鼎控股,20200331,鹏鼎控股：非phone业务快速增长，疫情冲击不改长期逻辑,点评,一般报告,招商证券,"鄢凡,张益敏",2022Q4,3843500.0,,553300.0,470500.0,2.04,15.1,,16.5,13.6,强烈推荐,,50.0
002938.SZ,鹏鼎控股,20200331,鹏鼎控股：非phone业务快速增长，疫情冲击不改长期逻辑,点评,一般报告,招商证券,"鄢凡,张益敏",2021Q4,3442400.0,,483200.0,411200.0,1.78,17.3,,16.4,15.6,强烈推荐,,50.0
002938.SZ,鹏鼎控股,20200331,鹏鼎控股：非phone业务快速增长，疫情冲击不改长期逻辑,点评,一般报告,招商证券,"鄢凡,张益敏",2020Q4,2749100.0,,375500.0,320000.0,1.38,22.2,,14.6,19.8,强烈推荐,,50.0
002139.SZ,拓邦股份,20200331,拓邦股份：“一体两翼”推动稳健增长,点评,一般报告,中金,"陈真洋,钱凯",2021Q4,643300.0,134600.0,51500.0,43600.0,0.43,12.7,1.8,14.6,7.5,跑赢行业,,7.2
002367.SZ,康力电梯,20200331,康力电梯：盈利能力持续修复老旧小区改造弹性品种,点评,一般报告,招商证券,"诸凯,吴丹,刘荣,时文博",2022Q4,544200.0,,58400.0,48200.0,0.6,14.2,,13.2,13.5,强烈推荐,,
300699.SZ,光威复材,20200331,光威复材：整体业绩符合预期，高效管理带动盈利水平提升,点评,一般报告,东吴证券,"陈显帆,周佳莹",2020Q4,198000.0,,74100.0,66600.0,1.29,38.69,,10.6,,买入,,
601577.SH,长沙银行,20200331,长沙银行2019年业绩点评：盈利能力保持领先，资产质量持续优化,点评,首次关注,民生证券,郭其伟,2022Q4,2387700.0,,,750900.0,2.19,3.56,6.1,13.99,,推荐,,
601577.SH,长沙银行,20200331,长沙银行2019年业绩点评：盈利能力保持领先，资产质量持续优化,点评,首次关注,民生证券,郭其伟,2021Q4,2146000.0,,,657600.0,1.92,4.06,5.3,13.71,,推荐,,
002139.SZ,拓邦股份,20200331,拓邦股份：“一体两翼”推动稳健增长,点评,一般报告,中金,"陈真洋,钱凯",2020Q4,508600.0,106800.0,41100.0,34600.0,0.34,16.0,1.2,13.0,9.1,跑赢行业,,7.2
601577.SH,长沙银行,20200331,长沙银行2019年业绩点评：盈利能力保持领先，资产质量持续优化,点评,首次关注,民生证券,郭其伟,2020Q4,1919100.0,,,577100.0,1.69,4.63,4.7,13.43,,推荐,,
601398.SH,工商银行,20200331,工商银行：业绩保持稳定，不良持续改善,点评,首份报告,中信建投,"杨荣,陈翔",2022Q4,108357500.0,,,36361600.0,1.01,5.18,,,,增持,,6.5
601398.SH,工商银行,20200331,工商银行：业绩保持稳定，不良持续改善,点评,首份报告,中信建投,"杨荣,陈翔",2021Q4,98014200.0,,,34510300.0,0.96,5.46,,,,增持,,6.5
601398.SH,工商银行,20200331,工商银行：业绩保持稳定，不良持续改善,点评,首份报告,中信建投,"杨荣,陈翔",2020Q4,90433100.0,,,32935300.0,0.91,5.73,,,,增持,,6.5
603919.SH,金徽酒,20200331,金徽酒：19年顺利收官，20年砥砺前行,点评,一般报告,招商证券,"杨勇胜,李泽明",2022Q4,228700.0,,46300.0,36400.0,0.93,14.1,,11.3,4.7,审慎推荐,,16.0
603919.SH,金徽酒,20200331,金徽酒：19年顺利收官，20年砥砺前行,点评,一般报告,招商证券,"杨勇胜,李泽明",2021Q4,201300.0,,40400.0,31700.0,0.81,16.1,,10.8,5.3,审慎推荐,,16.0
603919.SH,金徽酒,20200331,金徽酒：19年顺利收官，20年砥砺前行,点评,一般报告,招商证券,"杨勇胜,李泽明",2020Q4,179500.0,,35800.0,28100.0,0.72,18.2,,10.3,5.8,审慎推荐,,16.0
603317.SH,天味食品,20200331,天味食品：占行业景气赛道，川调和底料快速增长,点评,一般报告,申万宏源证券,吕昌,2022Q4,350400.0,120800.0,56400.0,48000.0,1.16,41.0,,18.1,,增持,,
603317.SH,天味食品,20200331,天味食品：占行业景气赛道，川调和底料快速增长,点评,一般报告,申万宏源证券,吕昌,2021Q4,277900.0,96200.0,46700.0,39700.0,0.96,50.0,,17.1,,增持,,
603317.SH,天味食品,20200331,天味食品：占行业景气赛道，川调和底料快速增长,点评,一般报告,申万宏源证券,吕昌,2020Q4,217500.0,77000.0,39300.0,33500.0,0.81,59.0,,16.2,,增持,,
601138.SH,工业富联,20200331,工业富联：硬软整合，持续深耕工业互联网,点评,一般报告,平安证券,"刘舜逢,徐勇",2022Q4,52964800.0,,2878400.0,2440900.0,1.23,10.4,,15.9,5.2,推荐,,
601138.SH,工业富联,20200331,工业富联：硬软整合，持续深耕工业互联网,点评,一般报告,平安证券,"刘舜逢,徐勇",2021Q4,48645100.0,,2601400.0,2176400.0,1.1,11.7,,16.8,6.9,推荐,,
601138.SH,工业富联,20200331,工业富联：硬软整合，持续深耕工业互联网,点评,一般报告,平安证券,"刘舜逢,徐勇",2020Q4,43048800.0,,2333500.0,1943700.0,0.98,13.1,,18.0,7.8,推荐,,
300763.SZ,锦浪科技,20200331,锦浪科技年报点评：总体符合预期、出口大幅增长,一般,一般报告,东吴证券,"曾朵红,曹越",2022Q4,352900.0,,55200.0,48000.0,6.0,10.44,,25.1,6.58,买入,,84.9
300763.SZ,锦浪科技,20200331,锦浪科技年报点评：总体符合预期、出口大幅增长,一般,一般报告,东吴证券,"曾朵红,曹越",2021Q4,264600.0,,40800.0,35500.0,4.44,14.1,,24.7,9.96,买入,,84.9
300763.SZ,锦浪科技,20200331,锦浪科技年报点评：总体符合预期、出口大幅增长,一般,一般报告,东吴证券,"曾朵红,曹越",2020Q4,185000.0,,26000.0,22600.0,2.83,22.12,,20.7,16.14,买入,,84.9
002028.SZ,思源电气,20200331,思源电气：Q1大幅增长，管理能力与现有业务都支撑成为大公司,点评,一般报告,招商证券,游家训,2021Q4,1101300.0,,,107800.0,1.42,11.5,,,,强烈推荐,28.0,25.0
002028.SZ,思源电气,20200331,思源电气：Q1大幅增长，管理能力与现有业务都支撑成为大公司,点评,一般报告,招商证券,游家训,2020Q4,861800.0,,,80400.0,1.06,15.5,,,,强烈推荐,28.0,25.0
002028.SZ,思源电气,20200331,思源电气：Q1大幅增长，管理能力与现有业务都支撑成为大公司,点评,一般报告,招商证券,游家训,2019Q4,637800.0,,,57400.0,0.75,21.7,,,,强烈推荐,28.0,25.0
601288.SH,农业银行,20200331,农业银行2019年业绩点评：不良率持续改善，存款利率率先回落,点评,首次评级,民生证券,郭其伟,2020Q4,67718600.0,,,22165000.0,0.63,5.38,5.5,12.13,,推荐,,
600298.SH,安琪酵母,20200331,安琪酵母：业绩符合预期迎接新一轮发展,点评,一般报告,申万宏源证券,吕昌,2022Q4,1113500.0,394500.0,172400.0,137600.0,1.67,19.0,,18.4,,增持,,
600029.SH,南方航空,20200331,南方航空2019年报点评：737MAX停飞拖累公司ASK增长，疫情冲击将边际改善,点评,一般报告,光大证券,程新星,2022Q4,19952900.0,,1253400.0,834200.0,0.68,8.0,2.3,11.07,6.1,增持,,
603039.SH,泛微网络,20200331,泛微网络：抗周期稳增长，强化全产品线营销,点评,一般报告,招商证券,刘玉萍,2022Q4,240800.0,,33400.0,32600.0,2.15,33.4,,21.4,32.8,强烈推荐,,
601288.SH,农业银行,20200331,农业银行2019年业绩点评：不良率持续改善，存款利率率先回落,点评,首次评级,民生证券,郭其伟,2022Q4,82281900.0,,,25097000.0,0.72,4.76,6.2,11.59,,推荐,,
601288.SH,农业银行,20200331,农业银行2019年业绩点评：不良率持续改善，存款利率率先回落,点评,首次评级,民生证券,郭其伟,2021Q4,81103800.0,,,23402200.0,0.67,5.1,5.8,11.76,,推荐,,
600298.SH,安琪酵母,20200331,安琪酵母：业绩符合预期迎接新一轮发展,点评,一般报告,申万宏源证券,吕昌,2021Q4,1000400.0,351100.0,147800.0,119400.0,1.45,22.0,,18.3,,增持,,
600298.SH,安琪酵母,20200331,安琪酵母：业绩符合预期迎接新一轮发展,点评,一般报告,申万宏源证券,吕昌,2020Q4,879400.0,306500.0,125500.0,102000.0,1.24,26.0,,17.9,,增持,,
600029.SH,南方航空,20200331,南方航空2019年报点评：737MAX停飞拖累公司ASK增长，疫情冲击将边际改善,点评,一般报告,光大证券,程新星,2021Q4,18490000.0,,1117700.0,743900.0,0.61,9.0,2.0,10.89,6.4,增持,,
600029.SH,南方航空,20200331,南方航空2019年报点评：737MAX停飞拖累公司ASK增长，疫情冲击将边际改善,点评,一般报告,光大证券,程新星,2020Q4,10611700.0,,-458700.0,-298800.0,-0.24,,0.0,-4.91,10.3,增持,,
603039.SH,泛微网络,20200331,泛微网络：抗周期稳增长，强化全产品线营销,点评,一般报告,招商证券,刘玉萍,2021Q4,199000.0,,25700.0,25100.0,1.66,43.3,,19.8,42.4,强烈推荐,,
600588.SH,用友网络,20200331,用友网络：企业云SaaS龙头,一般,首次评级,华泰证券,"谢春生,郭雅丽,郭梁良,金兴",2021Q4,1184400.0,,188600.0,152000.0,0.61,69.18,,14.64,48.37,增持,54.36,50.7
600588.SH,用友网络,20200331,用友网络：企业云SaaS龙头,一般,首次评级,华泰证券,"谢春生,郭雅丽,郭梁良,金兴",2020Q4,978100.0,,143900.0,121300.0,0.48,86.7,,13.66,58.93,增持,54.36,50.7
600298.SH,安琪酵母,20200331,安琪酵母2019年报点评：业绩符合预期，规划稳健增长,点评,一般报告,华创证券,"方振,程航,董广阳",2022Q4,1151100.0,,163500.0,132900.0,1.61,20.0,,16.1,14.0,强推,,35.0
600298.SH,安琪酵母,20200331,安琪酵母2019年报点评：业绩符合预期，规划稳健增长,点评,一般报告,华创证券,"方振,程航,董广阳",2021Q4,1004900.0,,142200.0,115600.0,1.4,23.0,,16.1,16.0,强推,,35.0
600029.SH,南方航空,20200331,南方航空2019年报点评：业绩同比下降11％，Q4单位扣油成本、费用率有所提升，关注后续出行数据恢复节奏,点评,一般报告,华创证券,"吴一凡,刘阳,王凯",2022Q4,17683300.0,,1730700.0,1127300.0,0.92,6.0,,10.7,11.0,推荐,,6.5
600029.SH,南方航空,20200331,南方航空2019年报点评：业绩同比下降11％，Q4单位扣油成本、费用率有所提升，关注后续出行数据恢复节奏,点评,一般报告,华创证券,"吴一凡,刘阳,王凯",2021Q4,16407300.0,,1220600.0,795000.0,0.65,8.0,,8.6,13.0,推荐,,6.5
600029.SH,南方航空,20200331,南方航空2019年报点评：业绩同比下降11％，Q4单位扣油成本、费用率有所提升，关注后续出行数据恢复节奏,点评,一般报告,华创证券,"吴一凡,刘阳,王凯",2020Q4,11996000.0,,160000.0,104200.0,0.0849,61.0,,1.3,24.0,推荐,,6.5
002798.SZ,帝欧家居,20200331,帝欧家居：业绩靓丽，工程端有望持续放量,点评,一般报告,天风证券,"盛昌盛,范张翔,武浩翔",2022Q4,1123404.0,,126691.0,111488.0,2.9,8.33,,19.61,6.19,买入,,
002798.SZ,帝欧家居,20200331,帝欧家居：业绩靓丽，工程端有望持续放量,点评,一般报告,天风证券,"盛昌盛,范张翔,武浩翔",2021Q4,913337.0,,102876.0,90531.0,2.35,10.26,,18.46,7.49,买入,,
002595.SZ,豪迈科技,20200331,豪迈科技公司年报点评：模具业务稳健增长，新业务持续放量,点评,一般报告,海通证券,"佘炜超,耿耘",2022Q4,645400.0,,145400.0,124700.0,1.56,11.04,0.0,16.5,7.85,优于大市,,
002013.SZ,中航机电,20200331,中航机电：2019年业绩符合预期，航空机电业务实现较快增长,点评,一般报告,中金,"王心一,黄乐平,尹会伟",2020Q4,1224200.0,343800.0,130900.0,101100.0,0.28,25.1,0.9,10.0,12.9,跑赢行业,,8.7
601688.SH,华泰证券,20200331,华泰证券：股权激励出台，行业创新引导者,点评,一般报告,方正证券,左欣然,2022Q4,4982200.0,,2269500.0,1759300.0,1.94,,,,,推荐,,
601688.SH,华泰证券,20200331,华泰证券：股权激励出台，行业创新引导者,点评,一般报告,方正证券,左欣然,2021Q4,4239400.0,,1928400.0,1494900.0,1.65,,,,,推荐,,
601658.SH,邮储银行,20200331,邮储银行首次覆盖报告：特色零售，资产优质,一般,首次关注,东方证券,"唐子佩,张静娴",2022Q4,34342800.0,,8891700.0,8503500.0,0.98,5.42,5.43,12.5,,增持,,5.65
601658.SH,邮储银行,20200331,邮储银行首次覆盖报告：特色零售，资产优质,一般,首次关注,东方证券,"唐子佩,张静娴",2021Q4,31657800.0,,7930900.0,7583600.0,0.87,6.08,4.85,12.2,,增持,,5.65
601390.SH,中国中铁,20200331,中国中铁2019年年报点评：业绩略超预期，现金流及经营效率改善,点评,一般报告,中信证券,"罗鼎,杨畅",2021Q4,102030600.0,,3231800.0,2442400.0,0.97,5.6,,9.4,,买入,,
601288.SH,农业银行,20200331,农业银行2019年年报点评：营收边际表现优于同业，资产质量进一步夯实,点评,一般报告,安信证券,"张宇,李双",2021Q4,,,29002500.0,23151500.0,0.662,4.78,6.27,11.82,,增持,,4.15
601288.SH,农业银行,20200331,农业银行2019年年报点评：营收边际表现优于同业，资产质量进一步夯实,点评,一般报告,安信证券,"张宇,李双",2020Q4,,,27753200.0,22154200.0,0.633,5.0,6.0,11.58,,增持,,4.15
601288.SH,农业银行,20200331,农业银行2019年报详细解读：营收稳健增长，资产质量持续夯实,一般,一般报告,中泰证券,"戴志锋,邓美君,贾靖",2021Q4,,,28658500.0,22807900.0,0.652,5.34,,11.2,,增持,,
601288.SH,农业银行,20200331,农业银行2019年报详细解读：营收稳健增长，资产质量持续夯实,一般,一般报告,中泰证券,"戴志锋,邓美君,贾靖",2020Q4,,,27659100.0,22028200.0,0.629,5.53,,11.29,,增持,,
601939.SH,建设银行,20200331,建设银行：2019符合预期，预料2020年信贷增长～10％，息差收窄10bp,点评,一般报告,中金,"王瑶平,张帅帅,严佳卉",2021Q4,79097600.0,,34401600.0,28098000.0,1.11,5.8,5.1,11.1,,跑赢行业,,9.13
601939.SH,建设银行,20200331,建设银行：2019符合预期，预料2020年信贷增长～10％，息差收窄10bp,点评,一般报告,中金,"王瑶平,张帅帅,严佳卉",2020Q4,74799900.0,,33527300.0,27377600.0,1.08,6.0,5.0,11.7,,跑赢行业,,9.13
601288.SH,农业银行,20200331,农业银行：县域赋予成长性，存款成本现拐点,点评,一般报告,华泰证券,"沈娟,蒋昭鹏",2022Q4,83774100.0,,,24865700.0,0.71,4.8,6.3,10.52,,增持,4.36,3.92
601288.SH,农业银行,20200331,农业银行：县域赋予成长性，存款成本现拐点,点评,一般报告,华泰证券,"沈娟,蒋昭鹏",2021Q4,74613600.0,,,23432300.0,0.67,5.09,5.9,10.7,,增持,4.36,3.92
601288.SH,农业银行,20200331,农业银行：县域赋予成长性，存款成本现拐点,点评,一般报告,华泰证券,"沈娟,蒋昭鹏",2020Q4,66985100.0,,,22173700.0,0.63,5.38,5.6,10.94,,增持,4.36,3.92
600196.SH,复星医药,20200331,复星医药：业绩符合预期，创新品种即将迎来收获阶段,点评,一般报告,中信建投,"贺菊颖,俞冰",2022Q4,4589340.0,,753390.0,548210.0,2.14,15.6,,12.8,10.4,买入,,
002013.SZ,中航机电,20200331,中航机电：2019年业绩符合预期，航空机电业务实现较快增长,点评,一般报告,中金,"王心一,黄乐平,尹会伟",2021Q4,1406300.0,,149200.0,114600.0,0.32,22.1,1.0,10.4,11.5,跑赢行业,,8.7
300674.SZ,宇信科技,20200331,宇信科技2019年年报及2020年一季度预告点评：一季度净利润超预期，创新运营业务值得期待,点评,一般报告,中信证券,"杨泽原,刘雯蜀",2022Q4,508149.0,,69400.0,64968.0,1.62,21.0,,21.17,,买入,,43.7
300674.SZ,宇信科技,20200331,宇信科技2019年年报及2020年一季度预告点评：一季度净利润超预期，创新运营业务值得期待,点评,一般报告,中信证券,"杨泽原,刘雯蜀",2021Q4,414760.0,,51000.0,47746.0,1.19,28.0,,18.71,,买入,,43.7
300674.SZ,宇信科技,20200331,宇信科技2019年年报及2020年一季度预告点评：一季度净利润超预期，创新运营业务值得期待,点评,一般报告,中信证券,"杨泽原,刘雯蜀",2020Q4,335106.0,,39500.0,36471.0,0.91,37.0,,16.96,,买入,,43.7
600298.SH,安琪酵母,20200331,安琪酵母2019年报点评：业绩符合预期，规划稳健增长,点评,一般报告,华创证券,"方振,程航,董广阳",2020Q4,876400.0,,124400.0,101100.0,1.23,26.0,,16.0,18.0,强推,,35.0
000100.SZ,TCL科技,20200331,TCL科技：战略聚焦显示主业，市场份额进一步提升—2019年度报告点评,点评,一般报告,民生证券,王芳,2021Q4,7603400.0,,783800.0,494100.0,0.37,11.7,0.0,11.8,4.8,推荐,,
603039.SH,泛微网络,20200331,泛微网络：抗周期稳增长，强化全产品线营销,点评,一般报告,招商证券,刘玉萍,2020Q4,161500.0,,19100.0,18700.0,1.23,58.2,,17.3,56.5,强烈推荐,,
600588.SH,用友网络,20200331,用友网络：企业云SaaS龙头,一般,首次评级,华泰证券,"谢春生,郭雅丽,郭梁良,金兴",2022Q4,1450000.0,,238900.0,198400.0,0.79,53.0,,16.04,40.39,增持,54.36,50.7
002798.SZ,帝欧家居,20200331,帝欧家居：业绩靓丽，工程端有望持续放量,点评,一般报告,天风证券,"盛昌盛,范张翔,武浩翔",2020Q4,730669.0,,81423.0,71653.0,1.86,12.96,,16.77,9.69,买入,,
002595.SZ,豪迈科技,20200331,豪迈科技公司年报点评：模具业务稳健增长，新业务持续放量,点评,一般报告,海通证券,"佘炜超,耿耘",2021Q4,537900.0,,122400.0,105000.0,1.31,13.11,0.0,16.7,9.46,优于大市,,
002595.SZ,豪迈科技,20200331,豪迈科技公司年报点评：模具业务稳健增长，新业务持续放量,点评,一般报告,海通证券,"佘炜超,耿耘",2020Q4,432200.0,,100100.0,86000.0,1.07,16.01,0.0,16.4,11.81,优于大市,,
601688.SH,华泰证券,20200331,华泰证券：股权激励出台，行业创新引导者,点评,一般报告,方正证券,左欣然,2020Q4,3584300.0,,1633200.0,1266100.0,1.39,,,,,推荐,,
601658.SH,邮储银行,20200331,邮储银行首次覆盖报告：特色零售，资产优质,一般,首次关注,东方证券,"唐子佩,张静娴",2020Q4,29577000.0,,7120700.0,6807800.0,0.78,6.77,4.35,12.0,,增持,,5.65
601390.SH,中国中铁,20200331,中国中铁2019年年报点评：业绩略超预期，现金流及经营效率改善,点评,一般报告,中信证券,"罗鼎,杨畅",2022Q4,111758600.0,,3575300.0,2701900.0,1.07,5.0,,9.6,,买入,,
601390.SH,中国中铁,20200331,中国中铁2019年年报点评：业绩略超预期，现金流及经营效率改善,点评,一般报告,中信证券,"罗鼎,杨畅",2020Q4,93166400.0,,2925700.0,2211000.0,0.9,6.2,,9.2,,买入,,
601288.SH,农业银行,20200331,农业银行2019年年报点评：营收边际表现优于同业，资产质量进一步夯实,点评,一般报告,安信证券,"张宇,李双",2022Q4,,,30379600.0,24250700.0,0.693,4.57,6.57,11.39,,增持,,4.15
600196.SH,复星医药,20200331,复星医药：业绩符合预期，创新品种即将迎来收获阶段,点评,一般报告,中信建投,"贺菊颖,俞冰",2021Q4,3962490.0,,624760.0,455800.0,1.78,18.7,,11.7,12.2,买入,,
600196.SH,复星医药,20200331,复星医药：业绩符合预期，创新品种即将迎来收获阶段,点评,一般报告,中信建投,"贺菊颖,俞冰",2020Q4,3337600.0,,485760.0,356880.0,1.39,23.9,,9.9,14.7,买入,,
000100.SZ,TCL科技,20200331,TCL科技：战略聚焦显示主业，市场份额进一步提升—2019年度报告点评,点评,一般报告,民生证券,王芳,2022Q4,8230000.0,,933400.0,590400.0,0.44,9.8,0.0,12.4,4.9,推荐,,
000100.SZ,TCL科技,20200331,TCL科技：战略聚焦显示主业，市场份额进一步提升—2019年度报告点评,点评,一般报告,民生证券,王芳,2020Q4,6862300.0,,631100.0,401900.0,0.3,14.4,0.0,10.9,7.6,推荐,,
601688.SH,华泰证券,20200331,华泰证券：资本金增厚提振业绩，数字化转型提升经营效率,点评,一般报告,天风证券,"罗钻辉,夏昌盛",2021Q4,2991049.0,,1429333.0,1110512.0,1.22,14.06,,8.11,,买入,,23.48
601688.SH,华泰证券,20200331,华泰证券：资本金增厚提振业绩，数字化转型提升经营效率,点评,一般报告,天风证券,"罗钻辉,夏昌盛",2020Q4,2675589.0,,1259294.0,978401.0,1.08,15.96,,7.58,,买入,,23.48
601319.SH,中国人保,20200331,中国人保：分红率大幅提升，非车承保亏损,点评,一般报告,申万宏源证券,"马鲲鹏,王丛云,葛玉翔,华天行,许旖珊",2022Q4,74410700.0,,4286600.0,2495800.0,0.56,,,,,增持,,
601319.SH,中国人保,20200331,中国人保：分红率大幅提升，非车承保亏损,点评,一般报告,申万宏源证券,"马鲲鹏,王丛云,葛玉翔,华天行,许旖珊",2020Q4,60056500.0,,3346400.0,1980000.0,0.45,,,,,增持,,
600372.SH,中航电子,20200331,中航电子2019年年报点评：航空产品快速增长，剥离亏损子公司盈利能力改善,点评,一般报告,中信证券,"李建伟,陈卓",2021Q4,1116899.0,,91600.0,75656.0,0.43,30.0,,8.39,,增持,,15.5
600372.SH,中航电子,20200331,中航电子2019年年报点评：航空产品快速增长，剥离亏损子公司盈利能力改善,点评,一般报告,中信证券,"李建伟,陈卓",2020Q4,971933.0,,78900.0,65136.0,0.37,35.0,,7.77,,增持,,15.5
600029.SH,南方航空,20200331,南方航空：4Q运价改善但成本超预期，全年业绩下降11.1％,点评,一般报告,天风证券,"姜明,曾凡喆",2020Q4,12707566.0,,113029.0,75968.0,0.0619,83.81,,1.18,,买入,,8.85
600309.SH,万华化学,20200331,万华化学：业绩符合预期，扎实推进高质量发展,点评,一般报告,天风证券,"唐婕,李辉",2022Q4,10250793.0,,1742337.0,1445215.0,4.6,8.69,,22.61,6.42,买入,,
600309.SH,万华化学,20200331,万华化学：业绩符合预期，扎实推进高质量发展,点评,一般报告,天风证券,"唐婕,李辉",2020Q4,7607502.0,,1085039.0,900006.0,2.87,13.95,,18.81,10.23,买入,,
601688.SH,华泰证券,20200331,华泰证券：资本金增厚提振业绩，数字化转型提升经营效率,点评,一般报告,天风证券,"罗钻辉,夏昌盛",2022Q4,3400728.0,,1674723.0,1301165.0,1.43,12.0,,9.02,,买入,,23.48
603638.SH,艾迪精密,20200331,艾迪精密：国内挖机需求超预期，零部件厂商加速实现国产替代,点评,一般报告,中信建投,"吕娟,韦钰",2020Q4,220240.0,,,49790.0,1.21,26.5,,28.6,20.7,买入,,40.3
603638.SH,艾迪精密,20200331,艾迪精密：国内挖机需求超预期，零部件厂商加速实现国产替代,点评,一般报告,中信建投,"吕娟,韦钰",2019Q4,157320.0,,,34850.0,0.84,37.9,,25.0,29.1,买入,,40.3
601688.SH,华泰证券,20200331,华泰证券：零售、机构双轮驱动；国际化开拓新增长,点评,一般报告,中金,"姚泽宇,蒲寒,王瑶平",2021Q4,3189300.0,,1555800.0,1176200.0,1.3,13.3,3.3,8.8,,跑赢行业,,23.89
601688.SH,华泰证券,20200331,华泰证券：零售、机构双轮驱动；国际化开拓新增长,点评,一般报告,中金,"姚泽宇,蒲寒,王瑶平",2020Q4,2922600.0,,1371500.0,1037300.0,1.14,15.1,2.9,8.2,,跑赢行业,,23.89
600029.SH,南方航空,20200331,南方航空：4Q运价改善但成本超预期，全年业绩下降11.1％,点评,一般报告,天风证券,"姜明,曾凡喆",2022Q4,17897413.0,,1305156.0,877202.0,0.72,7.26,,11.33,0.06,买入,,8.85
600837.SH,海通证券,20200331,海通证券：自营驱动高增长，海外布局领先,一般,首次评级,东北证券,王凤华,2021Q4,4227300.0,,1827700.0,1394400.0,1.21,11.1,0.0,9.6,,增持,,15.46
601319.SH,中国人保,20200331,中国人保：分红率大幅提升，非车承保亏损,点评,一般报告,申万宏源证券,"马鲲鹏,王丛云,葛玉翔,华天行,许旖珊",2021Q4,66641500.0,,3667100.0,2158800.0,0.49,,,,,增持,,
600372.SH,中航电子,20200331,中航电子2019年年报点评：航空产品快速增长，剥离亏损子公司盈利能力改善,点评,一般报告,中信证券,"李建伟,陈卓",2022Q4,1276486.0,,105400.0,87043.0,0.49,26.0,,8.93,,增持,,15.5
600029.SH,南方航空,20200331,南方航空：4Q运价改善但成本超预期，全年业绩下降11.1％,点评,一般报告,天风证券,"姜明,曾凡喆",2021Q4,16398542.0,,1156637.0,777382.0,0.63,8.19,,11.04,0.22,买入,,8.85
600309.SH,万华化学,20200331,万华化学：业绩符合预期，扎实推进高质量发展,点评,一般报告,天风证券,"唐婕,李辉",2021Q4,9117209.0,,1489949.0,1235866.0,3.94,10.16,,22.36,7.76,买入,,
603638.SH,艾迪精密,20200331,艾迪精密：国内挖机需求超预期，零部件厂商加速实现国产替代,点评,一般报告,中信建投,"吕娟,韦钰",2021Q4,288260.0,,,66580.0,1.61,19.8,,30.1,15.7,买入,,40.3
600837.SH,海通证券,20200331,海通证券：自营驱动高增长，海外布局领先,一般,首次评级,东北证券,王凤华,2022Q4,4693700.0,,2123200.0,1559600.0,1.36,10.31,0.0,10.0,,增持,,15.46
600837.SH,海通证券,20200331,海通证券：自营驱动高增长，海外布局领先,一般,首次评级,东北证券,王凤华,2020Q4,3781700.0,,1548100.0,1159400.0,1.01,12.91,0.0,8.6,,增持,,15.46
600066.SH,宇通客车,20200331,宇通客车：现金流改善，大手笔分红,点评,一般报告,财通证券,"彭勇,管正月",2021Q4,3086000.0,,193700.0,168600.0,0.76,17.1,2.9,9.3,5.3,增持,,
600066.SH,宇通客车,20200331,宇通客车：现金流改善，大手笔分红,点评,一般报告,财通证券,"彭勇,管正月",2020Q4,2996100.0,,176800.0,153800.0,0.69,18.8,2.7,8.9,7.2,增持,,
300482.SZ,万孚生物,20200331,万孚生物2019年年度报告点评：核心业务持续放量，一季报业绩快速增长,点评,一般报告,民生证券,"孙建,谭紫媚",2022Q4,408000.0,,111800.0,93100.0,2.72,29.2,0.3,22.4,16.3,谨慎推荐,,
002244.SZ,滨江集团,20200331,滨江集团：品质铸就千亿规模，稳健带来长久发展,深度,一般报告,东北证券,"张云凯,沈路遥,吴胤翔",2019Q4,2503500.0,,539900.0,164000.0,0.53,9.33,1.86,9.85,,买入,,5.44
000157.SZ,中联重科,20200331,中联重科：19年业绩翻倍增长，2020年继续增长可期,点评,一般报告,东吴证券,"陈显帆,周尔双,朱贝贝",2022Q4,5589200.0,,767700.0,652600.0,0.83,7.19,,15.4,12.69,买入,,
000157.SZ,中联重科,20200331,中联重科：19年业绩翻倍增长，2020年继续增长可期,点评,一般报告,东吴证券,"陈显帆,周尔双,朱贝贝",2021Q4,5350100.0,,690000.0,586500.0,0.74,8.0,,14.3,13.83,买入,,
000157.SZ,中联重科,20200331,中联重科：19年业绩翻倍增长，2020年继续增长可期,点评,一般报告,东吴证券,"陈显帆,周尔双,朱贝贝",2020Q4,4861300.0,,606500.0,515500.0,0.65,9.1,,12.9,15.49,买入,,
601288.SH,农业银行,20200331,农业银行2019年年报点评：息差企稳回升，县域利润反哺,点评,一般报告,中信证券,"肖斐斐,冉宇航,彭博",2021Q4,70808000.0,,,23084500.0,0.66,5.4,,,,增持,,
601288.SH,农业银行,20200331,农业银行2019年年报点评：息差企稳回升，县域利润反哺,点评,一般报告,中信证券,"肖斐斐,冉宇航,彭博",2020Q4,66247400.0,,,22094800.0,0.631,5.65,,,,增持,,
600298.SH,安琪酵母,20200331,安琪酵母：酵母系列增长承压，利润增速逐季改善,点评,一般报告,东北证券,"李强,马雪薇",2022Q4,1155700.0,,162000.0,131700.0,1.6,20.33,0.0,14.99,,买入,,35.5
600298.SH,安琪酵母,20200331,安琪酵母：酵母系列增长承压，利润增速逐季改善,点评,一般报告,东北证券,"李强,马雪薇",2021Q4,1006800.0,,141100.0,114000.0,1.38,23.49,0.0,15.25,,买入,,35.5
600038.SH,中直股份,20200331,中直股份2019年年报点评：收入快速增长，景气度保持向好,点评,一般报告,中信证券,"李建伟,陈卓",2021Q4,2319132.0,,102900.0,88875.0,1.51,29.0,,9.46,,买入,,55.0
600038.SH,中直股份,20200331,中直股份2019年年报点评：收入快速增长，景气度保持向好,点评,一般报告,中信证券,"李建伟,陈卓",2020Q4,1936428.0,,87600.0,73151.0,1.24,35.0,,8.38,,买入,,55.0
600030.SH,中信证券,20200331,中信证券：龙头券商的国际化之路初见成效,一般,首次评级,东北证券,王凤华,2022Q4,6006800.0,,2852900.0,2068600.0,1.6,13.92,0.0,9.8,,增持,,26.72
600030.SH,中信证券,20200331,中信证券：龙头券商的国际化之路初见成效,一般,首次评级,东北证券,王凤华,2021Q4,5238200.0,,2375400.0,1688900.0,1.31,17.0,0.0,8.8,,增持,,26.72
600030.SH,中信证券,20200331,中信证券：龙头券商的国际化之路初见成效,一般,首次评级,东北证券,王凤华,2020Q4,4874000.0,,2185900.0,1557300.0,1.2,18.56,0.0,8.8,,增持,,26.72
600016.SH,民生银行,20200331,民生银行2019年年报点评：轻装上阵，砥砺前行,点评,一般报告,中信证券,"肖斐斐,冉宇航,彭博",2021Q4,21080800.0,,,6232000.0,1.423,4.33,,,,增持,,
600016.SH,民生银行,20200331,民生银行2019年年报点评：轻装上阵，砥砺前行,点评,一般报告,中信证券,"肖斐斐,冉宇航,彭博",2020Q4,19489000.0,,,5842300.0,1.334,4.63,,,,增持,,
300482.SZ,万孚生物,20200331,万孚生物：业绩实现快速提升，长期发展逻辑支撑公司成长,点评,一般报告,天风证券,"郑薇,李扬",2022Q4,464020.0,,123021.0,94668.0,2.76,28.74,,22.84,19.04,买入,,
300482.SZ,万孚生物,20200331,万孚生物：业绩实现快速提升，长期发展逻辑支撑公司成长,点评,一般报告,天风证券,"郑薇,李扬",2021Q4,355571.0,,94622.0,72442.0,2.11,37.55,,21.81,25.33,买入,,
002938.SZ,鹏鼎控股,20200331,鹏鼎控股2019年年报点评：具备增长韧性，预计2020年前低后高,点评,一般报告,中信证券,"徐涛,胡叶倩雯",2022Q4,3517198.0,,524000.0,446800.0,1.93,16.0,,16.31,,买入,,39.73
002938.SZ,鹏鼎控股,20200331,鹏鼎控股2019年年报点评：具备增长韧性，预计2020年前低后高,点评,一般报告,中信证券,"徐涛,胡叶倩雯",2021Q4,3047706.0,,430800.0,367300.0,1.59,19.0,,15.16,,买入,,39.73
002938.SZ,鹏鼎控股,20200331,鹏鼎控股2019年年报点评：具备增长韧性，预计2020年前低后高,点评,一般报告,中信证券,"徐涛,胡叶倩雯",2020Q4,2762671.0,,362200.0,308800.0,1.34,23.0,,14.23,,买入,,39.73
002797.SZ,第一创业,20200331,第一创业公司年报点评：固收特色明显，投行、自营收入大增,点评,一般报告,海通证券,"孙婷,何婷,任广博",2021Q4,249200.0,,82700.0,62188.0,0.18,,,,,中性,,
002797.SZ,第一创业,20200331,第一创业公司年报点评：固收特色明显，投行、自营收入大增,点评,一般报告,海通证券,"孙婷,何婷,任广博",2020Q4,241800.0,,77200.0,57791.0,0.17,,,,,中性,,
002518.SZ,科士达,20200331,科士达：数据中心稳增长，新基建充电桩迎发展,点评,一般报告,安信证券,"邓永康,吴用,彭广春,丁肖逸",2022Q4,484380.0,,74330.0,66810.0,1.15,10.7,3.7,18.5,4.6,买入,,18.0
002518.SZ,科士达,20200331,科士达：数据中心稳增长，新基建充电桩迎发展,点评,一般报告,安信证券,"邓永康,吴用,彭广春,丁肖逸",2020Q4,324200.0,,46820.0,42100.0,0.72,16.9,2.3,14.5,8.0,买入,,18.0
000031.SZ,大悦城,20200331,大悦城2019年报点评：销售快增、业绩稳增，商住协同优势显现,点评,一般报告,华创证券,"袁豪,曹曼",2021Q4,5222200.0,,919600.0,364200.0,0.85,6.5,,15.0,14.7,强推,,8.14
601916.SH,浙商银行,20200331,浙商银行2019年业绩点评：利润增速三年来新高，分红率扩大到40％,点评,首次关注,民生证券,郭其伟,2022Q4,6113800.0,,,1844000.0,0.87,4.66,6.3,13.24,,推荐,,
601916.SH,浙商银行,20200331,浙商银行2019年业绩点评：利润增速三年来新高，分红率扩大到40％,点评,首次关注,民生证券,郭其伟,2021Q4,5621800.0,,,1621500.0,0.76,5.3,5.6,12.81,,推荐,,
601916.SH,浙商银行,20200331,浙商银行2019年业绩点评：利润增速三年来新高，分红率扩大到40％,点评,首次关注,民生证券,郭其伟,2020Q4,5135100.0,,,1440600.0,0.68,5.96,5.0,12.43,,推荐,,
603039.SH,泛微网络,20200331,泛微网络2019年年报点评：营收稳步增长，全程电子化有望加速,点评,一般报告,中信证券,"杨泽原,刘雯蜀,潘儒琛",2022Q4,289731.0,,29600.0,29414.0,1.94,37.0,,19.33,,增持,,
601688.SH,华泰证券,20200331,华泰证券2019年年报点评：变中求进，笃定前行,点评,一般报告,中信证券,"田良,邵子钦,童成墩,薛姣",2021Q4,3253200.0,,,1328300.0,1.46,11.75,,9.17,,增持,,
603039.SH,泛微网络,20200331,泛微网络2019年年报点评：营收稳步增长，全程电子化有望加速,点评,一般报告,中信证券,"杨泽原,刘雯蜀,潘儒琛",2021Q4,223109.0,,22900.0,22940.0,1.51,47.0,,18.19,,增持,,
601688.SH,华泰证券,20200331,华泰证券2019年年报点评：变中求进，笃定前行,点评,一般报告,中信证券,"田良,邵子钦,童成墩,薛姣",2020Q4,2939000.0,,,1182000.0,1.3,13.21,,8.98,,增持,,
600663.SH,陆家嘴,20200331,陆家嘴公司年报点评：归母净利润稳健增长，参与张江核心区建设,点评,一般报告,海通证券,"涂力磊,谢盐",2022Q4,2408200.0,,984000.0,538400.0,1.33,8.3,0.0,16.7,6.11,优于大市,,
600066.SH,宇通客车,20200331,宇通客车：现金流改善，大手笔分红,点评,一般报告,财通证券,"彭勇,管正月",2022Q4,3240300.0,,223800.0,194800.0,0.88,14.8,3.4,10.2,3.4,增持,,
300482.SZ,万孚生物,20200331,万孚生物2019年年度报告点评：核心业务持续放量，一季报业绩快速增长,点评,一般报告,民生证券,"孙建,谭紫媚",2021Q4,326200.0,,87500.0,71600.0,2.09,38.0,0.3,21.6,20.9,谨慎推荐,,
300482.SZ,万孚生物,20200331,万孚生物2019年年度报告点评：核心业务持续放量，一季报业绩快速增长,点评,一般报告,民生证券,"孙建,谭紫媚",2020Q4,259200.0,,67800.0,53900.0,1.57,50.5,0.3,20.1,26.8,谨慎推荐,,
002244.SZ,滨江集团,20200331,滨江集团：品质铸就千亿规模，稳健带来长久发展,深度,一般报告,东北证券,"张云凯,沈路遥,吴胤翔",2021Q4,4218900.0,,752700.0,259700.0,0.83,5.91,2.94,12.56,,买入,,5.44
002244.SZ,滨江集团,20200331,滨江集团：品质铸就千亿规模，稳健带来长久发展,深度,一般报告,东北证券,"张云凯,沈路遥,吴胤翔",2020Q4,3500600.0,,629300.0,210000.0,0.68,7.28,2.39,11.41,,买入,,5.44
603039.SH,泛微网络,20200331,泛微网络2019年年报点评：营收稳步增长，全程电子化有望加速,点评,一般报告,中信证券,"杨泽原,刘雯蜀,潘儒琛",2020Q4,170243.0,,17800.0,17827.0,1.18,61.0,,16.88,,增持,,
600298.SH,安琪酵母,20200331,安琪酵母：酵母系列增长承压，利润增速逐季改善,点评,一般报告,东北证券,"李强,马雪薇",2020Q4,877300.0,,126400.0,101400.0,1.23,26.39,0.0,16.02,,买入,,35.5
600038.SH,中直股份,20200331,中直股份2019年年报点评：收入快速增长，景气度保持向好,点评,一般报告,中信证券,"李建伟,陈卓",2022Q4,2623824.0,,118100.0,102403.0,1.74,25.0,,10.08,,买入,,55.0
300482.SZ,万孚生物,20200331,万孚生物：业绩实现快速提升，长期发展逻辑支撑公司成长,点评,一般报告,天风证券,"郑薇,李扬",2020Q4,274997.0,,70387.0,54400.0,1.59,50.01,,20.06,34.12,买入,,
002797.SZ,第一创业,20200331,第一创业公司年报点评：固收特色明显，投行、自营收入大增,点评,一般报告,海通证券,"孙婷,何婷,任广博",2022Q4,258300.0,,89000.0,67284.0,0.19,,,,,中性,,
002518.SZ,科士达,20200331,科士达：数据中心稳增长，新基建充电桩迎发展,点评,一般报告,安信证券,"邓永康,吴用,彭广春,丁肖逸",2021Q4,403010.0,,59650.0,53580.0,0.92,13.3,3.2,16.7,6.4,买入,,18.0
000031.SZ,大悦城,20200331,大悦城2019年报点评：销售快增、业绩稳增，商住协同优势显现,点评,一般报告,华创证券,"袁豪,曹曼",2022Q4,6260600.0,,1106800.0,438400.0,1.02,5.4,,16.0,14.0,强推,,8.14
000031.SZ,大悦城,20200331,大悦城2019年报点评：销售快增、业绩稳增，商住协同优势显现,点评,一般报告,华创证券,"袁豪,曹曼",2020Q4,4145000.0,,734000.0,290700.0,0.68,8.1,,13.0,14.8,强推,,8.14
600663.SH,陆家嘴,20200331,陆家嘴公司年报点评：归母净利润稳健增长，参与张江核心区建设,点评,一般报告,海通证券,"涂力磊,谢盐",2021Q4,2020900.0,,841200.0,466700.0,1.16,9.58,0.0,17.4,7.66,优于大市,,
002568.SZ,百润股份,20200331,百润股份：消费场景持续扩张，公司业绩高增可期,点评,一般报告,天风证券,刘畅,2022Q4,286931.0,,83744.0,64506.0,1.24,26.5,,25.29,16.43,买入,,37.5
002568.SZ,百润股份,20200331,百润股份：消费场景持续扩张，公司业绩高增可期,点评,一般报告,天风证券,刘畅,2020Q4,181290.0,,49023.0,38739.0,0.75,44.13,,18.02,28.5,买入,,37.5
002156.SZ,通富微电,20200331,通富微电：2019年先抑后扬，成功扭亏,点评,一般报告,民生证券,王芳,2022Q4,1626300.0,,91400.0,94000.0,0.81,23.1,0.0,11.5,6.2,推荐,,
002156.SZ,通富微电,20200331,通富微电：2019年先抑后扬，成功扭亏,点评,一般报告,民生证券,王芳,2021Q4,1321200.0,,66400.0,69700.0,0.6,31.2,0.0,9.6,7.7,推荐,,
002156.SZ,通富微电,20200331,通富微电：2019年先抑后扬，成功扭亏,点评,一般报告,民生证券,王芳,2020Q4,1079600.0,,40300.0,42300.0,0.37,51.3,0.0,6.5,9.6,推荐,,
600663.SH,陆家嘴,20200331,陆家嘴公司年报点评：归母净利润稳健增长，参与张江核心区建设,点评,一般报告,海通证券,"涂力磊,谢盐",2020Q4,1688000.0,,711000.0,405300.0,1.0,11.03,0.0,18.3,9.65,优于大市,,
002568.SZ,百润股份,20200331,百润股份：消费场景持续扩张，公司业绩高增可期,点评,一般报告,天风证券,刘畅,2021Q4,226817.0,,64026.0,49959.0,0.96,34.22,,21.49,21.38,买入,,37.5
601186.SH,中国铁建,20200331,中国铁建2019年年报点评：现金流大幅改善，债转股提供积极动力,点评,一般报告,中信证券,"罗鼎,杨畅",2021Q4,101543300.0,,3522300.0,2544000.0,1.873,5.9,,9.9,,买入,,15.21
601186.SH,中国铁建,20200331,中国铁建2019年年报点评：现金流大幅改善，债转股提供积极动力,点评,一般报告,中信证券,"罗鼎,杨畅",2020Q4,90952800.0,,3114500.0,2249500.0,1.657,6.5,,9.6,,买入,,15.21
601390.SH,中国中铁,20200331,中国中铁：业绩超预期，基建主业收入提速,点评,一般报告,华泰证券,"鲍荣富,方晏荷,王涛,王雯",2022Q4,112386700.0,,3983200.0,3010100.0,1.23,4.41,,10.28,1.02,增持,6.43,6.24
601390.SH,中国中铁,20200331,中国中铁：业绩超预期，基建主业收入提速,点评,一般报告,华泰证券,"鲍荣富,方晏荷,王涛,王雯",2021Q4,102348600.0,,3523800.0,2662900.0,1.08,4.98,,10.02,1.14,增持,6.43,6.24
601390.SH,中国中铁,20200331,中国中铁：业绩超预期，基建主业收入提速,点评,一般报告,华泰证券,"鲍荣富,方晏荷,王涛,王雯",2020Q4,93216500.0,,3122100.0,2359400.0,0.96,5.62,,9.75,1.26,增持,6.43,6.24
002438.SZ,江苏神通,20200331,江苏神通：核阀订单、收入拐点齐现，盈利能力持续改善,点评,一般报告,民生证券,"杨侃,杨任重",2022Q4,269000.0,,48300.0,43600.0,0.9,8.2,0.4,14.8,4.8,推荐,,
002438.SZ,江苏神通,20200331,江苏神通：核阀订单、收入拐点齐现，盈利能力持续改善,点评,一般报告,民生证券,"杨侃,杨任重",2021Q4,223100.0,,36900.0,33300.0,0.69,10.8,0.4,13.2,5.8,推荐,,
002438.SZ,江苏神通,20200331,江苏神通：核阀订单、收入拐点齐现，盈利能力持续改善,点评,一般报告,民生证券,"杨侃,杨任重",2020Q4,180300.0,,27300.0,24600.0,0.51,14.6,0.4,11.2,8.3,推荐,,
600066.SH,宇通客车,20200331,宇通客车2019年年报点评：分红超出预期，估值迎来提升,点评,一般报告,中信证券,"宋韶灵,陈俊斌",2022Q4,3680100.0,,363900.0,332400.0,1.5,9.0,,16.45,,买入,,
600066.SH,宇通客车,20200331,宇通客车2019年年报点评：分红超出预期，估值迎来提升,点评,一般报告,中信证券,"宋韶灵,陈俊斌",2021Q4,3302300.0,,326500.0,297500.0,1.34,10.0,,15.54,,买入,,
002179.SZ,中航光电,20200331,中航光电2019年年报点评：收入业绩增长稳健，高端民用发展可期,点评,一般报告,中信证券,"李建伟,陈卓",2022Q4,1642781.0,,216300.0,183084.0,1.66,21.0,,14.35,,增持,,40.0
002179.SZ,中航光电,20200331,中航光电2019年年报点评：收入业绩增长稳健，高端民用发展可期,点评,一般报告,中信证券,"李建伟,陈卓",2020Q4,1136634.0,,151600.0,128316.0,1.17,29.0,,13.08,,增持,,40.0
002013.SZ,中航机电,20200331,中航机电2019年年报点评：盈利能力持续提升，现金流大幅改善,点评,一般报告,中信证券,"李建伟,陈卓",2022Q4,1802590.0,,198600.0,149071.0,0.41,17.0,,11.53,,买入,,9.0
002013.SZ,中航机电,20200331,中航机电2019年年报点评：盈利能力持续提升，现金流大幅改善,点评,一般报告,中信证券,"李建伟,陈卓",2021Q4,1593421.0,,174200.0,129422.0,0.36,20.0,,11.05,,买入,,9.0
002013.SZ,中航机电,20200331,中航机电2019年年报点评：盈利能力持续提升，现金流大幅改善,点评,一般报告,中信证券,"李建伟,陈卓",2020Q4,1383543.0,,147700.0,111004.0,0.31,23.0,,10.43,,买入,,9.0
000488.SZ,晨鸣纸业,20200331,晨鸣纸业：造纸利润回升明显，看好公司2020年再度扬帆起航,点评,首次评级,东北证券,"唐凯,钟天皓",2022Q4,3460900.0,,368200.0,278300.0,0.96,4.79,0.0,8.48,,买入,,6.3
603039.SH,泛微网络,20200331,泛微网络2019年年报点评：业务稳健发展，研发投入加大,点评,一般报告,民生证券,"强超廷,应瑛",2020Q4,169500.0,,18900.0,18400.0,1.21,59.2,0.0,16.9,29.0,推荐,,
002179.SZ,中航光电,20200331,中航光电2019年年报点评：收入业绩增长稳健，高端民用发展可期,点评,一般报告,中信证券,"李建伟,陈卓",2021Q4,1384634.0,,182500.0,154463.0,1.4,24.0,,13.84,,增持,,40.0
000488.SZ,晨鸣纸业,20200331,晨鸣纸业：造纸利润回升明显，看好公司2020年再度扬帆起航,点评,首次评级,东北证券,"唐凯,钟天皓",2021Q4,3220500.0,,333200.0,258100.0,0.89,5.16,0.0,8.6,,买入,,6.3
000488.SZ,晨鸣纸业,20200331,晨鸣纸业：造纸利润回升明显，看好公司2020年再度扬帆起航,点评,首次评级,东北证券,"唐凯,钟天皓",2020Q4,2987200.0,,293100.0,227000.0,0.78,5.87,0.0,8.27,,买入,,6.3
601186.SH,中国铁建,20200331,中国铁建2019年年报点评：现金流大幅改善，债转股提供积极动力,点评,一般报告,中信证券,"罗鼎,杨畅",2022Q4,111937000.0,,3946600.0,2850500.0,2.099,5.3,,10.1,,买入,,15.21
600066.SH,宇通客车,20200331,宇通客车2019年年报点评：分红超出预期，估值迎来提升,点评,一般报告,中信证券,"宋韶灵,陈俊斌",2020Q4,3037600.0,,274100.0,246300.0,1.11,12.0,,13.85,,买入,,
603039.SH,泛微网络,20200331,泛微网络2019年年报点评：业务稳健发展，研发投入加大,点评,一般报告,民生证券,"强超廷,应瑛",2022Q4,283200.0,,31000.0,30200.0,1.99,36.0,0.0,18.6,15.1,推荐,,
603039.SH,泛微网络,20200331,泛微网络2019年年报点评：业务稳健发展，研发投入加大,点评,一般报告,民生证券,"强超廷,应瑛",2021Q4,220500.0,,24400.0,23700.0,1.56,45.8,0.0,17.9,20.9,推荐,,
600298.SH,安琪酵母,20200331,安琪酵母2019年报公告点评：多因素拖累利润端表现，酵母主业长期成长性良好,点评,一般报告,民生证券,"于杰,熊航",2022Q4,1118300.0,,157100.0,130400.0,1.58,20.5,0.0,15.3,9.7,推荐,,
600298.SH,安琪酵母,20200331,安琪酵母2019年报公告点评：多因素拖累利润端表现，酵母主业长期成长性良好,点评,一般报告,民生证券,"于杰,熊航",2020Q4,871700.0,,120900.0,101200.0,1.23,26.4,0.0,16.8,13.2,推荐,,
603919.SH,金徽酒,20200331,金徽酒2019年报公告点评：高端产品增速亮眼，五年规划激励作用初步显现,点评,一般报告,民生证券,"于杰,熊航",2022Q4,247500.0,,59600.0,46500.0,1.19,11.0,2.1,13.7,5.5,推荐,,
603919.SH,金徽酒,20200331,金徽酒2019年报公告点评：高端产品增速亮眼，五年规划激励作用初步显现,点评,一般报告,民生证券,"于杰,熊航",2020Q4,184300.0,,41800.0,32500.0,0.83,15.7,1.9,11.7,8.5,推荐,,
601766.SH,中国中车,20200331,中国中车：盈利能力再改善，轨交装备龙头稳健前行,点评,一般报告,东北证券,"刘军,邰桂龙",2022Q4,35592200.0,,2634600.0,1864000.0,0.65,10.25,3.14,11.02,,买入,,8.09
601766.SH,中国中车,20200331,中国中车：盈利能力再改善，轨交装备龙头稳健前行,点评,一般报告,东北证券,"刘军,邰桂龙",2021Q4,30698800.0,,2259100.0,1598300.0,0.56,11.96,2.62,10.21,,买入,,8.09
601766.SH,中国中车,20200331,中国中车：盈利能力再改善，轨交装备龙头稳健前行,点评,一般报告,东北证券,"刘军,邰桂龙",2020Q4,26462200.0,,1930300.0,1365700.0,0.48,14.0,2.09,9.38,,买入,,8.09
002285.SZ,世联行,20200331,世联行：四大板块“两升两降”，业务整合面向未来,点评,首份报告,银河证券,潘玮,2021Q4,,,,,0.09,33.3,,,,谨慎推荐,,
600132.SH,重庆啤酒,20200331,重庆啤酒：嘉士伯履行承诺，开启资产注入,点评,一般报告,华泰证券,"贺琪,张晋溢,李晴",2020Q4,377900.0,,67194.0,56677.0,1.17,40.82,,35.94,26.5,买入,58.64,57.48
600298.SH,安琪酵母,20200331,安琪酵母2019年报公告点评：多因素拖累利润端表现，酵母主业长期成长性良好,点评,一般报告,民生证券,"于杰,熊航",2021Q4,984600.0,,140600.0,115600.0,1.4,23.2,0.0,16.1,11.1,推荐,,
603919.SH,金徽酒,20200331,金徽酒2019年报公告点评：高端产品增速亮眼，五年规划激励作用初步显现,点评,一般报告,民生证券,"于杰,熊航",2021Q4,205500.0,,46700.0,36500.0,0.93,14.0,2.0,12.0,7.6,推荐,,
600132.SH,重庆啤酒,20200331,重庆啤酒：嘉士伯履行承诺，开启资产注入,点评,一般报告,华泰证券,"贺琪,张晋溢,李晴",2021Q4,397000.0,,77576.0,65434.0,1.35,35.35,,35.48,23.7,买入,58.64,57.48
600132.SH,重庆啤酒,20200331,重庆啤酒：嘉士伯履行承诺，开启资产注入,点评,一般报告,华泰证券,"贺琪,张晋溢,李晴",2019Q4,358400.0,,75842.0,63971.0,1.32,36.16,,45.77,29.87,买入,58.64,57.48
002285.SZ,世联行,20200331,世联行：四大板块“两升两降”，业务整合面向未来,点评,首份报告,银河证券,潘玮,2020Q4,,,,,0.06,50.0,,,,谨慎推荐,,
002396.SZ,星网锐捷,20200331,星网锐捷公司年报点评：份额提升彰显发展动力，海外布局提速,点评,一般报告,海通证券,"朱劲松,余伟民",2022Q4,1762500.0,,195000.0,136200.0,2.34,16.06,0.5,18.8,10.04,优于大市,,
002396.SZ,星网锐捷,20200331,星网锐捷公司年报点评：份额提升彰显发展动力，海外布局提速,点评,一般报告,海通证券,"朱劲松,余伟民",2021Q4,1471700.0,,156300.0,109400.0,1.88,20.0,0.4,18.3,13.94,优于大市,,
002396.SZ,星网锐捷,20200331,星网锐捷公司年报点评：份额提升彰显发展动力，海外布局提速,点评,一般报告,海通证券,"朱劲松,余伟民",2020Q4,1187400.0,,121600.0,84600.0,1.45,25.85,0.4,17.0,19.56,优于大市,,
601288.SH,农业银行,20200331,农业银行：存款成本拖累2019年息差表现；2020年关注资产质量,点评,一般报告,中金,"王瑶平,张帅帅,严佳卉",2021Q4,70700800.0,,27668200.0,22048700.0,0.63,5.4,5.5,10.1,,跑赢行业,,4.87
601288.SH,农业银行,20200331,农业银行：存款成本拖累2019年息差表现；2020年关注资产质量,点评,一般报告,中金,"王瑶平,张帅帅,严佳卉",2020Q4,66746500.0,,27170600.0,21652200.0,0.62,5.5,5.4,10.6,,跑赢行业,,4.87
600201.SH,生物股份,20200331,生物股份公司年报点评：生猪存栏下滑致经营承压，短期业绩低迷不改中长期竞争力,点评,一般报告,海通证券,"丁频,陈阳,孟亚琦",2022Q4,216515.0,,107839.0,94030.0,0.83,24.85,2.41,16.48,23.26,优于大市,,
600201.SH,生物股份,20200331,生物股份公司年报点评：生猪存栏下滑致经营承压，短期业绩低迷不改中长期竞争力,点评,一般报告,海通证券,"丁频,陈阳,孟亚琦",2020Q4,134251.0,,54341.0,47382.0,0.42,49.32,1.69,10.03,59.28,优于大市,,
002938.SZ,鹏鼎控股,20200331,鹏鼎控股年报点评：新冠疫情导致业绩短期承压，不改长期成长逻辑,点评,一般报告,新时代证券,"吴吉森,曾萌",2022Q4,3468300.0,,524600.0,439800.0,1.9,16.8,,15.0,8.9,推荐,,
002938.SZ,鹏鼎控股,20200331,鹏鼎控股年报点评：新冠疫情导致业绩短期承压，不改长期成长逻辑,点评,一般报告,新时代证券,"吴吉森,曾萌",2021Q4,3053000.0,,442900.0,371800.0,1.61,19.8,,14.5,11.0,推荐,,
002938.SZ,鹏鼎控股,20200331,鹏鼎控股年报点评：新冠疫情导致业绩短期承压，不改长期成长逻辑,点评,一般报告,新时代证券,"吴吉森,曾萌",2020Q4,2736000.0,,379600.0,317300.0,1.37,23.2,,13.8,12.8,推荐,,
000031.SZ,大悦城,20200331,大悦城：多元化拿地积极、融资优势凸显,点评,首份报告,银河证券,潘玮,2021Q4,,,,,0.9,6.1,,,,推荐,,
000031.SZ,大悦城,20200331,大悦城：多元化拿地积极、融资优势凸显,点评,首份报告,银河证券,潘玮,2020Q4,,,,,0.75,7.3,,,,推荐,,
600201.SH,生物股份,20200331,生物股份公司年报点评：生猪存栏下滑致经营承压，短期业绩低迷不改中长期竞争力,点评,一般报告,海通证券,"丁频,陈阳,孟亚琦",2021Q4,168628.0,,76926.0,67075.0,0.6,34.84,0.29,12.59,36.65,优于大市,,
600066.SH,宇通客车,20200331,宇通客车：业绩符合预期，高分红高股息,点评,一般报告,天风证券,"邓学,文康",2022Q4,3116141.0,,235696.0,217014.0,0.98,13.31,,10.74,6.69,买入,,14.7
600066.SH,宇通客车,20200331,宇通客车：业绩符合预期，高分红高股息,点评,一般报告,天风证券,"邓学,文康",2020Q4,2947137.0,,202528.0,185732.0,0.84,15.56,,10.58,9.35,买入,,14.7
002179.SZ,中航光电,20200331,中航光电2019年年报点评：主业稳定增长，看好通信业务快速发展,点评,一般报告,民生证券,王一川,2022Q4,1717100.0,,216500.0,183500.0,1.667,20.0,0.0,14.3,8.8,推荐,,
002179.SZ,中航光电,20200331,中航光电2019年年报点评：主业稳定增长，看好通信业务快速发展,点评,一般报告,民生证券,王一川,2021Q4,1363400.0,,181000.0,153400.0,1.393,24.0,0.0,14.0,10.7,推荐,,
002023.SZ,海特高新,20200331,海特高新：一季度实际经营同比改善；期待半导体获突破,点评,一般报告,国金证券,王华君,2022Q4,240000.0,112300.0,39300.0,34900.0,0.462,30.63,,9.25,,增持,21.06,21.06
002023.SZ,海特高新,20200331,海特高新：一季度实际经营同比改善；期待半导体获突破,点评,一般报告,国金证券,王华君,2021Q4,183700.0,83400.0,24900.0,22900.0,0.303,46.64,,6.43,,增持,21.06,21.06
002023.SZ,海特高新,20200331,海特高新：一季度实际经营同比改善；期待半导体获突破,点评,一般报告,国金证券,王华君,2020Q4,118600.0,50400.0,13200.0,12500.0,0.166,85.31,,3.66,,增持,21.06,21.06
000034.SZ,神州数码,20200331,神州数码：云收入大幅增长，现金流表现亮眼,点评,一般报告,国金证券,翟炜,2022Q4,13766500.0,804400.0,236000.0,179300.0,2.742,9.0,,20.81,,买入,,
600066.SH,宇通客车,20200331,宇通客车：业绩符合预期，高分红高股息,点评,一般报告,天风证券,"邓学,文康",2021Q4,3033383.0,,213030.0,196819.0,0.89,14.68,,10.23,8.34,买入,,14.7
002179.SZ,中航光电,20200331,中航光电2019年年报点评：主业稳定增长，看好通信业务快速发展,点评,一般报告,民生证券,王一川,2020Q4,1105900.0,,151900.0,128600.0,1.168,28.6,0.0,13.6,13.2,推荐,,
000034.SZ,神州数码,20200331,神州数码：云收入大幅增长，现金流表现亮眼,点评,一般报告,国金证券,翟炜,2020Q4,10393100.0,482900.0,132000.0,104800.0,1.603,15.0,,19.31,,买入,,
000717.SZ,韶钢松山,20200331,韶钢松山：重启现金分红回报投资者，公司经营仍有改善空间,点评,一般报告,天风证券,马金龙,2022Q4,3278212.0,,225678.0,225678.0,0.93,4.11,,15.9,1.07,买入,,
000717.SZ,韶钢松山,20200331,韶钢松山：重启现金分红回报投资者，公司经营仍有改善空间,点评,一般报告,天风证券,马金龙,2021Q4,3152127.0,,211490.0,198626.0,0.82,4.67,,16.64,2.67,买入,,
000717.SZ,韶钢松山,20200331,韶钢松山：重启现金分红回报投资者，公司经营仍有改善空间,点评,一般报告,天风证券,马金龙,2020Q4,3030891.0,,194675.0,194675.0,0.8,4.76,,19.57,3.21,买入,,
603520.SH,司太立,20200331,司太立：经营性业绩超预期，2020年期待新产能释放及制剂获批,一般,一般报告,中泰证券,"江琦,祝嘉琦",2022Q4,242878.0,,67956.0,53421.0,3.18,18.62,,24.69,13.0,买入,,
603520.SH,司太立,20200331,司太立：经营性业绩超预期，2020年期待新产能释放及制剂获批,一般,一般报告,中泰证券,"江琦,祝嘉琦",2021Q4,192166.0,,47031.0,37031.0,2.21,26.85,,22.73,17.0,买入,,
300250.SZ,初灵信息,20200331,初灵信息公告点评：连获大额合同奠定业绩高增基础,点评,一般报告,浙商证券,"张建民,汪洁",2021Q4,115791.0,,25727.0,22352.0,1.02,13.15,,16.11,10.03,买入,,
300250.SZ,初灵信息,20200331,初灵信息公告点评：连获大额合同奠定业绩高增基础,点评,一般报告,浙商证券,"张建民,汪洁",2020Q4,74270.0,,16232.0,14044.0,0.64,20.93,,11.64,14.88,买入,,
300250.SZ,初灵信息,20200331,初灵信息公告点评：连获大额合同奠定业绩高增基础,点评,一般报告,浙商证券,"张建民,汪洁",2019Q4,49037.0,,161.0,4678.0,0.21,62.83,,4.13,37.38,买入,,
603520.SH,司太立,20200331,司太立：经营性业绩超预期，2020年期待新产能释放及制剂获批,一般,一般报告,中泰证券,"江琦,祝嘉琦",2020Q4,156088.0,,32160.0,25518.0,1.52,38.97,,20.26,22.0,买入,,
000034.SZ,神州数码,20200331,神州数码：云收入大幅增长，现金流表现亮眼,点评,一般报告,国金证券,翟炜,2021Q4,12347500.0,651400.0,178200.0,138400.0,2.116,12.0,,20.29,,买入,,
300763.SZ,锦浪科技,20200331,锦浪科技：产能市场两手抓，业绩有望持续高增,点评,一般报告,安信证券,"邓永康,吴用,彭广春,丁肖逸",2021Q4,337390.0,,41310.0,35440.0,4.43,14.1,0.0,24.5,8.4,买入,,
002568.SZ,百润股份,20200331,百润股份19年年报点评：业绩符合预期，长期成长可期,点评,一般报告,民生证券,"于杰,徐洋",2020Q4,174500.0,,48600.0,38300.0,0.74,44.6,0.0,16.1,27.8,推荐,,
600808.SH,马钢股份,20200331,马钢股份：期待“宝马”进一步发挥协同效应,点评,一般报告,华泰证券,"邱瀚萱,龚润华",2022Q4,7500000.0,,387700.0,191900.0,0.25,10.19,,6.33,3.32,增持,2.88,2.7
600808.SH,马钢股份,20200331,马钢股份：期待“宝马”进一步发挥协同效应,点评,一般报告,华泰证券,"邱瀚萱,龚润华",2021Q4,7618400.0,,322500.0,159600.0,0.21,12.25,,5.53,3.71,增持,2.88,2.7
600808.SH,马钢股份,20200331,马钢股份：期待“宝马”进一步发挥协同效应,点评,一般报告,华泰证券,"邱瀚萱,龚润华",2020Q4,7740300.0,,280900.0,139100.0,0.18,14.06,,5.02,4.07,增持,2.88,2.7
600201.SH,生物股份,20200331,生物股份2019年年报点评：轻装上阵，全面转型,点评,一般报告,中信证券,"盛夏,彭家乐",2022Q4,254344.0,,100100.0,86392.0,0.77,27.0,,14.89,,买入,,
600201.SH,生物股份,20200331,生物股份2019年年报点评：轻装上阵，全面转型,点评,一般报告,中信证券,"盛夏,彭家乐",2021Q4,192343.0,,74200.0,63762.0,0.57,37.0,,11.96,,买入,,
300763.SZ,锦浪科技,20200331,锦浪科技：产能市场两手抓，业绩有望持续高增,点评,一般报告,安信证券,"邓永康,吴用,彭广春,丁肖逸",2020Q4,231360.0,,26070.0,22360.0,2.8,22.4,0.0,20.5,14.5,买入,,
600201.SH,生物股份,20200331,生物股份2019年年报点评：轻装上阵，全面转型,点评,一般报告,中信证券,"盛夏,彭家乐",2020Q4,148554.0,,54000.0,46298.0,0.41,50.0,,9.37,,买入,,
002568.SZ,百润股份,20200331,百润股份19年年报点评：业绩符合预期，长期成长可期,点评,一般报告,民生证券,"于杰,徐洋",2021Q4,206200.0,,59900.0,47200.0,0.91,36.2,0.0,16.5,22.1,推荐,,
002798.SZ,帝欧家居,20200331,帝欧家居：工程如期高增长，整装带动零售回升,点评,一般报告,华泰证券,"陈羽锋,倪娇娇,鲍荣富,张雪蓉,方晏荷,周鑫",2022Q4,988700.0,,112500.0,100900.0,2.62,9.2,,17.65,6.7,买入,31.11,29.28
002798.SZ,帝欧家居,20200331,帝欧家居：工程如期高增长，整装带动零售回升,点评,一般报告,华泰证券,"陈羽锋,倪娇娇,鲍荣富,张雪蓉,方晏荷,周鑫",2021Q4,838200.0,,96038.0,86170.0,2.24,10.78,,18.02,7.91,买入,31.11,29.28
002798.SZ,帝欧家居,20200331,帝欧家居：工程如期高增长，整装带动零售回升,点评,一般报告,华泰证券,"陈羽锋,倪娇娇,鲍荣富,张雪蓉,方晏荷,周鑫",2020Q4,688700.0,,78356.0,70304.0,1.83,13.21,,17.58,9.73,买入,31.11,29.28
000555.SZ,神州信息,20200331,神州信息2019年报点评：金融科技持续深耕，看好信创业务长期前景,点评,一般报告,民生证券,"强超廷,郭新宇",2022Q4,1743100.0,,92300.0,69000.0,0.71,20.2,0.0,9.8,8.6,推荐,,
002568.SZ,百润股份,20200331,百润股份19年年报点评：业绩符合预期，长期成长可期,点评,一般报告,民生证券,"于杰,徐洋",2022Q4,242300.0,,71800.0,56600.0,1.09,30.2,0.0,16.5,18.1,推荐,,
600875.SH,东方电气,20200331,东方电气公司年报点评：扣非净利高增，发力氢能等新兴产业布局,点评,一般报告,海通证券,"张一弛,房青,陈佳彬",2022Q4,3931100.0,,264800.0,214300.0,0.69,12.33,2.9,6.9,5.97,优于大市,,
600875.SH,东方电气,20200331,东方电气公司年报点评：扣非净利高增，发力氢能等新兴产业布局,点评,一般报告,海通证券,"张一弛,房青,陈佳彬",2021Q4,3633000.0,,231400.0,187300.0,0.6,14.11,2.6,6.3,6.84,优于大市,,
600875.SH,东方电气,20200331,东方电气公司年报点评：扣非净利高增，发力氢能等新兴产业布局,点评,一般报告,海通证券,"张一弛,房青,陈佳彬",2020Q4,3397800.0,,201500.0,163100.0,0.52,16.2,2.2,5.7,7.71,优于大市,,
300763.SZ,锦浪科技,20200331,锦浪科技：产能市场两手抓，业绩有望持续高增,点评,一般报告,安信证券,"邓永康,吴用,彭广春,丁肖逸",2022Q4,429320.0,,53890.0,46230.0,5.78,10.8,0.0,24.2,5.7,买入,,
000555.SZ,神州信息,20200331,神州信息2019年报点评：金融科技持续深耕，看好信创业务长期前景,点评,一般报告,民生证券,"强超廷,郭新宇",2021Q4,1491600.0,,82500.0,56400.0,0.58,24.7,0.0,8.9,10.5,推荐,,
000555.SZ,神州信息,20200331,神州信息2019年报点评：金融科技持续深耕，看好信创业务长期前景,点评,一般报告,民生证券,"强超廷,郭新宇",2020Q4,1251100.0,,64900.0,46000.0,0.47,30.3,0.0,7.9,13.5,推荐,,
600425.SH,青松建化,20200331,青松建化19年年报点评报告：新疆水泥领军企业，受益西部大开发,点评,首次关注,民生证券,杨侃,2021Q4,390300.0,,163400.0,65400.0,0.47,7.8,4.2,11.9,2.0,推荐,,
600425.SH,青松建化,20200331,青松建化19年年报点评报告：新疆水泥领军企业，受益西部大开发,点评,首次关注,民生证券,杨侃,2020Q4,347200.0,,138700.0,55500.0,0.4,9.2,3.6,11.0,3.6,推荐,,
002055.SZ,得润电子,20200331,得润电子：募集16.8亿拟建设高速连接器及OBC研发中心,点评,一般报告,天风证券,"邓学,潘暕,娄周鑫,胡婷",2020Q4,896281.0,,36586.0,30293.0,0.63,18.81,,12.11,11.55,买入,,26.0
002055.SZ,得润电子,20200331,得润电子：募集16.8亿拟建设高速连接器及OBC研发中心,点评,一般报告,天风证券,"邓学,潘暕,娄周鑫,胡婷",2019Q4,748277.0,,-62744.0,-58352.0,-1.22,,,-26.0,,买入,,26.0
600888.SH,新疆众和,20200331,新疆众和：高纯技术沉淀，突破5N级超高纯铝靶基材,深度,一般报告,东北证券,邱培宇,2022Q4,614300.0,,19400.0,17300.0,0.17,25.9,0.0,3.56,,增持,,5.22
600888.SH,新疆众和,20200331,新疆众和：高纯技术沉淀，突破5N级超高纯铝靶基材,深度,一般报告,东北证券,邱培宇,2021Q4,551200.0,,14800.0,13200.0,0.13,34.07,0.0,2.8,,增持,,5.22
600888.SH,新疆众和,20200331,新疆众和：高纯技术沉淀，突破5N级超高纯铝靶基材,深度,一般报告,东北证券,邱培宇,2020Q4,498100.0,,13600.0,12200.0,0.12,36.74,0.0,2.67,,增持,,5.22
002013.SZ,中航机电,20200331,中航机电2019年年报点评：业绩增长稳健，持续聚焦航空主业,点评,一般报告,民生证券,王一川,2022Q4,1491800.0,,191300.0,144200.0,0.4,17.6,0.0,10.7,6.9,推荐,,
002013.SZ,中航机电,20200331,中航机电2019年年报点评：业绩增长稳健，持续聚焦航空主业,点评,一般报告,民生证券,王一川,2021Q4,1353100.0,,165900.0,125100.0,0.35,20.3,0.0,10.3,8.4,推荐,,
002013.SZ,中航机电,20200331,中航机电2019年年报点评：业绩增长稳健，持续聚焦航空主业,点评,一般报告,民生证券,王一川,2020Q4,1259400.0,,144800.0,108700.0,0.3,23.3,0.0,10.0,9.6,推荐,,
600038.SH,中直股份,20200331,中直股份2019 年年报点评：直－20进入批产阶段，看好长期发展,点评,一般报告,民生证券,王一川,2022Q4,3249100.0,,123000.0,105700.0,1.79,24.0,0.0,9.8,8.7,推荐,,
600038.SH,中直股份,20200331,中直股份2019 年年报点评：直－20进入批产阶段，看好长期发展,点评,一般报告,民生证券,王一川,2020Q4,2000000.0,,83700.0,71800.0,1.22,35.3,0.0,8.1,13.4,推荐,,
600038.SH,中直股份,20200331,中直股份：新型直升机列装带动业绩快速增长,点评,一般报告,华泰证券,"王宗超,何亮",2022Q4,2544200.0,,106600.0,92346.0,1.57,27.45,,9.36,16.42,买入,52.03,50.82
600038.SH,中直股份,20200331,中直股份：新型直升机列装带动业绩快速增长,点评,一般报告,华泰证券,"王宗超,何亮",2021Q4,2197000.0,,93808.0,81238.0,1.38,31.2,,8.88,19.64,买入,52.03,50.82
300699.SZ,光威复材,20200331,光威复材2019 年年报点评：业绩实现高增长，军民品协同发展,点评,一般报告,民生证券,王一川,2022Q4,399000.0,,129100.0,112500.0,2.17,22.9,0.0,19.0,14.1,推荐,,
600425.SH,青松建化,20200331,青松建化19年年报点评报告：新疆水泥领军企业，受益西部大开发,点评,首次关注,民生证券,杨侃,2022Q4,435600.0,,173100.0,69300.0,0.5,7.4,4.5,11.7,0.8,推荐,,
002055.SZ,得润电子,20200331,得润电子：募集16.8亿拟建设高速连接器及OBC研发中心,点评,一般报告,天风证券,"邓学,潘暕,娄周鑫,胡婷",2021Q4,1060507.0,,58446.0,45208.0,0.94,12.61,,15.66,8.44,买入,,26.0
600038.SH,中直股份,20200331,中直股份2019 年年报点评：直－20进入批产阶段，看好长期发展,点评,一般报告,民生证券,王一川,2021Q4,2543600.0,,101200.0,87100.0,1.48,29.1,0.0,8.9,10.4,推荐,,
600038.SH,中直股份,20200331,中直股份：新型直升机列装带动业绩快速增长,点评,一般报告,华泰证券,"王宗超,何亮",2020Q4,1874000.0,,82132.0,71126.0,1.21,35.64,,8.36,23.73,买入,52.03,50.82
300699.SZ,光威复材,20200331,光威复材2019 年年报点评：业绩实现高增长，军民品协同发展,点评,一般报告,民生证券,王一川,2021Q4,294200.0,,100700.0,87900.0,1.69,29.3,0.0,18.3,19.2,推荐,,
300699.SZ,光威复材,20200331,光威复材2019 年年报点评：业绩实现高增长，军民品协同发展,点评,一般报告,民生证券,王一川,2020Q4,221900.0,,78000.0,68300.0,1.32,37.7,0.0,17.4,25.9,推荐,,
601766.SH,中国中车,20200331,中国中车：业绩稳健增长，城轨业务表现亮眼,点评,一般报告,平安证券,"胡小禹,吴文成",2022Q4,28494100.0,,2206200.0,1574700.0,0.55,12.1,,9.4,5.7,推荐,,
601766.SH,中国中车,20200331,中国中车：业绩稳健增长，城轨业务表现亮眼,点评,一般报告,平安证券,"胡小禹,吴文成",2021Q4,26150400.0,,1962700.0,1399900.0,0.49,13.7,,9.0,7.2,推荐,,
601766.SH,中国中车,20200331,中国中车：业绩稳健增长，城轨业务表现亮眼,点评,一般报告,平安证券,"胡小禹,吴文成",2020Q4,23541000.0,,1760900.0,1258600.0,0.44,15.2,,8.7,7.6,推荐,,
600038.SH,中直股份,20200331,中直股份2019年年报点评报告：业绩增速创十三五新高，资产整合有望加速,点评,一般报告,浙商证券,杨晨,2022Q4,2863000.0,,138700.0,119600.0,2.03,21.2,,11.97,10.36,增持,,
600038.SH,中直股份,20200331,中直股份2019年年报点评报告：业绩增速创十三五新高，资产整合有望加速,点评,一般报告,浙商证券,杨晨,2020Q4,1929700.0,,86000.0,74100.0,1.26,34.21,,8.67,20.69,增持,,
600038.SH,中直股份,20200331,中直股份2019年年报点评报告：业绩增速创十三五新高，资产整合有望加速,点评,一般报告,浙商证券,杨晨,2021Q4,2349100.0,,110900.0,95600.0,1.62,26.53,,19.36,14.84,增持,,
300674.SZ,宇信科技,20200331,宇信科技：毛利率全面提升，三驾马车齐驱快速增长,点评,一般报告,兴业证券,蒋佳霖,2022Q4,530800.0,,72200.0,68400.0,1.71,19.5,,20.9,,审慎增持,,
300674.SZ,宇信科技,20200331,宇信科技：毛利率全面提升，三驾马车齐驱快速增长,点评,一般报告,兴业证券,蒋佳霖,2021Q4,434200.0,,55500.0,52500.0,1.31,25.4,,19.5,,审慎增持,,
300674.SZ,宇信科技,20200331,宇信科技：毛利率全面提升，三驾马车齐驱快速增长,点评,一般报告,兴业证券,蒋佳霖,2020Q4,347400.0,,41000.0,38800.0,0.97,34.4,,17.3,,审慎增持,,
000100.SZ,TCL科技,20200331,TCL科技：压力期终将过去，等待面板价格回升,点评,首份报告,安信证券,张立聪,2022Q4,11795000.0,,912000.0,617000.0,0.46,9.4,0.0,12.1,0.7,增持,,4.53
000100.SZ,TCL科技,20200331,TCL科技：压力期终将过去，等待面板价格回升,点评,首份报告,安信证券,张立聪,2021Q4,10578000.0,,732000.0,495000.0,0.37,11.7,0.0,11.1,1.3,增持,,4.53
000100.SZ,TCL科技,20200331,TCL科技：压力期终将过去，等待面板价格回升,点评,首份报告,安信证券,张立聪,2020Q4,8997000.0,,566000.0,383000.0,0.28,15.1,0.0,9.6,1.4,增持,,4.53
603039.SH,泛微网络,20200331,泛微网络：短期增速或承压，业务持续良性发展,点评,一般报告,广发证券,"刘雪峰,庞倩倩",2022Q4,258100.0,,33300.0,28400.0,1.87,40.02,,18.0,62.25,增持,,85.1
603039.SH,泛微网络,20200331,泛微网络：短期增速或承压，业务持续良性发展,点评,一般报告,广发证券,"刘雪峰,庞倩倩",2021Q4,203700.0,,25500.0,22500.0,1.48,50.56,,17.4,85.58,增持,,85.1
603039.SH,泛微网络,20200331,泛微网络：短期增速或承压，业务持续良性发展,点评,一般报告,广发证券,"刘雪峰,庞倩倩",2020Q4,158900.0,,17800.0,17400.0,1.15,65.36,,16.3,144.69,增持,,85.1
601111.SH,中国国航,20200331,中国国航：核心利润71亿符合预期，关注国际线拐点,点评,一般报告,西南证券,陈照林,2021Q4,13719468.0,,1140358.0,808721.0,0.56,11.69,0.04,8.37,1.72,持有,,
601111.SH,中国国航,20200331,中国国航：核心利润71亿符合预期，关注国际线拐点,点评,一般报告,西南证券,陈照林,2020Q4,9976539.0,,26512.0,18872.0,0.013,501.03,1.36,0.21,3.92,持有,,
601111.SH,中国国航,20200331,中国国航：核心利润71亿符合预期，关注国际线拐点,点评,一般报告,西南证券,陈照林,2019Q4,13618069.0,,910464.0,640858.0,0.44,14.75,0.0,7.15,0.51,持有,,
601111.SH,中国国航,20200331,中国国航：核心利润71亿符合预期，关注国际线拐点,点评,一般报告,西南证券,陈照林,2022Q4,14940297.0,,1339551.0,951169.0,0.65,9.94,1.71,9.09,1.42,持有,,
000100.SZ,TCL科技,20200331,TCL科技：行业长期趋好，龙头地位彰显,点评,一般报告,西南证券,"刘言,李少青",2021Q4,7916179.0,,557326.0,432759.0,0.32,12.94,1.34,6.82,6.99,持有,,
000100.SZ,TCL科技,20200331,TCL科技：行业长期趋好，龙头地位彰显,点评,一般报告,西南证券,"刘言,李少青",2020Q4,7371142.0,,474626.0,375439.0,0.28,14.92,0.93,6.11,8.94,持有,,
000100.SZ,TCL科技,20200331,TCL科技：行业长期趋好，龙头地位彰显,点评,一般报告,西南证券,"刘言,李少青",2022Q4,8902550.0,,751445.0,582171.0,0.43,9.62,1.55,8.49,5.18,持有,,
603317.SH,天味食品,20200331,天味食品：铺费用，树品牌，全国化行在途中,点评,一般报告,国盛证券,"符蓉,方一苇",2022Q4,379900.0,,71800.0,61500.0,1.49,32.2,,21.1,36.4,增持,,
603317.SH,天味食品,20200331,天味食品：铺费用，树品牌，全国化行在途中,点评,一般报告,国盛证券,"符蓉,方一苇",2021Q4,300600.0,,55400.0,47500.0,1.15,41.7,,19.4,47.5,增持,,
603317.SH,天味食品,20200331,天味食品：铺费用，树品牌，全国化行在途中,点评,一般报告,国盛证券,"符蓉,方一苇",2020Q4,227100.0,,41100.0,35300.0,0.85,56.1,,17.0,64.7,增持,,
300659.SZ,中孚信息,20200331,中孚信息：深耕安全保密行业，迎来网络安全和信创产业发展机遇,一般,首次关注,平安证券,"闫磊,陈苏",2020Q4,88200.0,,19200.0,17569.0,1.32,54.2,,24.2,46.9,推荐,,
300659.SZ,中孚信息,20200331,中孚信息：深耕安全保密行业，迎来网络安全和信创产业发展机遇,一般,首次关注,平安证券,"闫磊,陈苏",2019Q4,60300.0,,13600.0,12493.0,0.94,76.3,,22.2,67.7,推荐,,
300659.SZ,中孚信息,20200331,中孚信息：深耕安全保密行业，迎来网络安全和信创产业发展机遇,一般,首次关注,平安证券,"闫磊,陈苏",2021Q4,146400.0,,30000.0,27502.0,2.07,34.6,,27.9,29.6,推荐,,
688388.SH,嘉元科技,20200331,嘉元科技：轻薄化产品优势推动高质量高增速,点评,一般报告,广发证券,"陈子坤,巨国贤,纪成炜,黄礼恒",2021Q4,184608.0,,66500.0,57200.0,2.48,19.2,,16.2,12.71,买入,,87.1
688388.SH,嘉元科技,20200331,嘉元科技：6微米铜箔占比大幅提升，带动净利润大增八成,点评,一般报告,招商证券,"刘文平,游家训,刘珺涵,刘伟洁",2020Q4,140400.0,,47800.0,41500.0,1.8,26.5,,14.6,18.3,强烈推荐,,
688029.SH,南微医学,20200331,南微医学：业绩符合预期，疫情影响不改长期成长本色,点评,首份报告,方正证券,陈家华,2021Q4,182715.0,,50389.0,42131.0,3.16,48.52,,13.0,-2.41,无,,
688388.SH,嘉元科技,20200331,嘉元科技：6微米铜箔占比大幅提升，带动净利润大增八成,点评,一般报告,招商证券,"刘文平,游家训,刘珺涵,刘伟洁",2022Q4,185900.0,,74100.0,64100.0,2.78,17.1,,16.9,12.6,强烈推荐,,
688388.SH,嘉元科技,20200331,嘉元科技：轻薄化产品优势推动高质量高增速,点评,一般报告,广发证券,"陈子坤,巨国贤,纪成炜,黄礼恒",2022Q4,205159.0,,82300.0,70776.0,3.07,15.52,,16.7,9.85,买入,,87.1
688388.SH,嘉元科技,20200331,嘉元科技：6微米铜箔占比大幅提升，带动净利润大增八成,点评,一般报告,招商证券,"刘文平,游家训,刘珺涵,刘伟洁",2021Q4,194000.0,,71700.0,62000.0,2.68,17.7,,18.6,12.8,强烈推荐,,
688388.SH,嘉元科技,20200331,嘉元科技：产品结构优化助力业绩增长，远期增长空间可期,点评,一般报告,兴业证券,"邱祖学,苏东,王丽佳",2022Q4,188800.0,,67300.0,58400.0,2.53,18.8,,14.4,,审慎增持,,
688388.SH,嘉元科技,20200331,嘉元科技：结构优化提盈利，持续推进新产品研发,点评,一般报告,安信证券,"邓永康,吴用,彭广春,丁肖逸",2022Q4,296240.0,,82720.0,71800.0,3.11,15.3,0.0,17.2,9.3,买入,,61.6
688388.SH,嘉元科技,20200331,嘉元科技：结构优化提盈利，持续推进新产品研发,点评,一般报告,安信证券,"邓永康,吴用,彭广春,丁肖逸",2021Q4,224830.0,,61610.0,53480.0,2.32,20.5,0.0,15.4,13.1,买入,,61.6
688388.SH,嘉元科技,20200331,嘉元科技：轻薄化产品优势推动高质量高增速,点评,一般报告,广发证券,"陈子坤,巨国贤,纪成炜,黄礼恒",2020Q4,166662.0,,52400.0,44567.0,1.93,24.64,,15.0,16.8,买入,,87.1
688388.SH,嘉元科技,20200331,嘉元科技：6μm及以下铜箔销量大幅增长363％,点评,首份报告,中信建投,"赵鑫,李木森",2022Q4,202030.0,,,51720.0,2.24,21.2,,14.3,12.3,买入,,
688388.SH,嘉元科技,20200331,嘉元科技2019年报点评：业绩符合预期，6微米铜箔占比提升拉动整体盈利水平,点评,一般报告,华创证券,"胡毅,于潇",2020Q4,160000.0,,53100.0,46100.0,2.0,23.0,,15.3,30.0,强推,,70.0
688366.SH,昊海生科,20200331,昊海生科2019年报点评：主要产品较好增长，行业长期发展向好,一般,一般报告,东方财富证券,"何玮,马建华",2020Q4,174017.0,,46402.0,38616.0,2.17,33.66,,6.61,19.66,增持,,
688366.SH,昊海生科,20200331,昊海生科2019年报点评：主要产品较好增长，行业长期发展向好,一般,一般报告,东方财富证券,"何玮,马建华",2022Q4,217213.0,,56038.0,46902.0,2.64,27.71,,6.97,14.24,增持,,
688388.SH,嘉元科技,20200331,嘉元科技2019年报点评：业绩符合预期，6微米铜箔占比提升拉动整体盈利水平,点评,一般报告,华创证券,"胡毅,于潇",2022Q4,243700.0,,81600.0,70800.0,3.07,15.0,,17.3,18.0,强推,,70.0
688366.SH,昊海生科,20200331,昊海生科2019年报点评：主要产品较好增长，行业长期发展向好,一般,一般报告,东方财富证券,"何玮,马建华",2021Q4,193752.0,,50156.0,42098.0,2.37,30.88,,6.72,16.97,增持,,
688388.SH,嘉元科技,20200331,嘉元科技：6μm及以下铜箔销量大幅增长363％,点评,首份报告,中信建投,"赵鑫,李木森",2021Q4,184030.0,,,46830.0,2.03,23.5,,14.6,14.1,买入,,
688388.SH,嘉元科技,20200331,嘉元科技2019年报点评：业绩符合预期，6微米铜箔占比提升拉动整体盈利水平,点评,一般报告,华创证券,"胡毅,于潇",2021Q4,200400.0,,68000.0,59100.0,2.56,18.0,,16.9,22.0,强推,,70.0
688388.SH,嘉元科技,20200331,嘉元科技：结构优化提盈利，持续推进新产品研发,点评,一般报告,安信证券,"邓永康,吴用,彭广春,丁肖逸",2020Q4,165400.0,,46920.0,40730.0,1.76,27.0,0.0,13.9,17.6,买入,,61.6
688029.SH,南微医学,20200331,南微医学：业绩符合预期，疫情影响不改长期成长本色,点评,首份报告,方正证券,陈家华,2022Q4,239699.0,,67007.0,55962.0,4.2,36.53,,15.0,-2.57,无,,
688388.SH,嘉元科技,20200331,嘉元科技：6μm及以下铜箔销量大幅增长363％,点评,首份报告,中信建投,"赵鑫,李木森",2020Q4,152950.0,,,38720.0,1.68,28.4,,13.7,17.5,买入,,
688029.SH,南微医学,20200331,南微医学：业绩符合预期，疫情影响不改长期成长本色,点评,首份报告,方正证券,陈家华,2020Q4,131646.0,,29112.0,24259.0,1.82,84.26,,9.0,-2.93,无,,
688029.SH,南微医学,20200331,南微医学2019年年报点评：19Q4业绩继续提速，高端化＋国际化稳健前行,点评,一般报告,光大证券,"林小伟,宋硕",2022Q4,284000.0,,76800.0,66000.0,4.95,31.0,0.7,17.84,25.6,无,,
688029.SH,南微医学,20200331,南微医学2019年年报点评：19Q4业绩继续提速，高端化＋国际化稳健前行,点评,一般报告,光大证券,"林小伟,宋硕",2021Q4,218700.0,,59800.0,51200.0,3.84,40.0,0.5,16.29,33.7,无,,
688388.SH,嘉元科技,20200331,嘉元科技：产品结构优化助力业绩增长，远期增长空间可期,点评,一般报告,兴业证券,"邱祖学,苏东,王丽佳",2020Q4,145300.0,,49200.0,42700.0,1.85,25.7,,14.5,,审慎增持,,
688029.SH,南微医学,20200331,南微医学2019年年报点评：19Q4业绩继续提速，高端化＋国际化稳健前行,点评,一般报告,光大证券,"林小伟,宋硕",2020Q4,153500.0,,43300.0,36800.0,2.76,56.0,0.4,13.58,48.7,无,,
688388.SH,嘉元科技,20200331,嘉元科技：产品结构优化助力业绩增长，远期增长空间可期,点评,一般报告,兴业证券,"邱祖学,苏东,王丽佳",2021Q4,173200.0,,60600.0,52600.0,2.28,20.9,,15.1,,审慎增持,,
603369.SH,今世缘,20200330,食品饮料行业：估值如预期开启修复，白酒板块迎来年内最佳配置时机,非个股,一般报告,民生证券,"于杰,熊航,徐洋,赵梦秋",2019Q4,,,,144267.5,1.15,,,,,推荐,,
002912.SZ,中新赛克,20200330,次新股指数下跌，关注知名特种TPU专业生产商美瑞新材——中小盘次新股／科创板周报一百四十五期（2020／3／23－2020／3／27）,非个股,一般报告,申万宏源证券,无,2019Q4,,,,29561.44,2.77,,,,,无,,
601988.SH,中国银行,20200330,国泰君安晨报,非个股,一般报告,国泰君安,"袁梓芳,郭昶皓",2021Q4,,,,19723982.013,0.67,,,,,增持,,4.79
300400.SZ,劲拓股份,20200330,次新股指数下跌，关注知名特种TPU专业生产商美瑞新材——中小盘次新股／科创板周报一百四十五期（2020／3／23－2020／3／27）,非个股,一般报告,申万宏源证券,无,2021Q4,,,,12687.678,0.52,,,,,无,,
600027.SH,华电国际,20200330,财信证券晨会纪要,非个股,一般报告,财信证券,黄红卫,2021Q4,,,,430000.0,0.44,,,,,推荐,,
002129.SZ,中环股份,20200330,国泰君安晨报,非个股,一般报告,国泰君安,"庞钧文,徐云飞",2020Q4,,,,150398.45,0.54,,,,,增持,,21.9
300769.SZ,德方纳米,20200330,长城证券晨会报告,非个股,一般报告,长城证券,"马晓明,蔡紫豪",2020Q4,,,,14277.048,3.34,,,,,推荐,,
603978.SH,深圳新星,20200330,次新股指数下跌，关注知名特种TPU专业生产商美瑞新材——中小盘次新股／科创板周报一百四十五期（2020／3／23－2020／3／27）,非个股,一般报告,申万宏源证券,无,2020Q4,,,,21440.0,1.34,,,,,无,,
601328.SH,交通银行,20200330,国泰君安晨报,非个股,一般报告,国泰君安,"袁梓芳,郭昶皓",2022Q4,,,,8763001.744,1.18,,,,,增持,,7.21
000002.SZ,万科A,20200330,海通证券研究所重点推荐股票池（2020年4月）,非个股,一般报告,海通证券,涂力磊,2020Q4,,,,4520857.2,4.0,,,,,无,,
002024.SZ,苏宁易购,20200330,海通证券研究所重点推荐股票池（2020年4月）,非个股,一般报告,海通证券,汪立亭,2020Q4,,,,93100.397,0.1,,,,,无,,
300672.SZ,国科微,20200330,次新股指数下跌，关注知名特种TPU专业生产商美瑞新材——中小盘次新股／科创板周报一百四十五期（2020／3／23－2020／3／27）,非个股,一般报告,申万宏源证券,无,2021Q4,,,,30130.664,1.67,,,,,无,,
002460.SZ,赣锋锂业,20200330,海通证券研究所重点推荐股票池（2020年4月）,非个股,一般报告,海通证券,施毅,2020Q4,,,,106011.379,0.82,,,,,无,,
603538.SH,美诺华,20200330,WHO重视中国API供应背后反映了什么？—特色原料药板块事件点评,非个股,一般报告,民生证券,孙建,2019Q4,,,,14818.518,0.99,,,,,无,,
300769.SZ,德方纳米,20200330,长城证券晨会报告,非个股,一般报告,长城证券,"马晓明,蔡紫豪",2019Q4,,,,9874.246,2.31,,,,,推荐,,
600201.SH,生物股份,20200330,兴业证券晨会纪要,非个股,一般报告,兴业证券,毛一凡,2022Q4,,,,87846.739,0.78,,,,,审慎增持,,
000858.SZ,五粮液,20200330,食品饮料行业2020年一季报业绩前瞻：疫情当下降低预期，继续把握两条主线,非个股,一般报告,华创证券,"方振,董广阳,于芝欢,程航,杨传忻",2020Q1,2023000.0,,,764000.0,1.968,,,,,无,,
300144.SZ,宋城演艺,20200330,休闲服务行业周报（3.23－3.29）：华住入住率恢复至62％，龙头餐饮酒店开店计划受影响较小,非个股,一般报告,申万宏源证券,"刘乐文,于佳琪",2019Q4,,,,133639.918,0.92,,,,,无,,
603517.SH,绝味食品,20200330,食品饮料行业2020年一季报业绩前瞻：疫情当下降低预期，继续把握两条主线,非个股,一般报告,华创证券,"方振,董广阳,于芝欢,程航,杨传忻",2020Q1,115000.0,,,57000.0,0.937,,,,,无,,
002373.SZ,千方科技,20200330,关注华为鲲鹏产业链与信创领域重点公司—计算机周报,非个股,一般报告,民生证券,"强超廷,郭新宇,应瑛",2021Q4,,,,161030.136,1.08,,,,,推荐,,
300628.SZ,亿联网络,20200330,次新股指数下跌，关注知名特种TPU专业生产商美瑞新材——中小盘次新股／科创板周报一百四十五期（2020／3／23－2020／3／27）,非个股,一般报告,申万宏源证券,无,2020Q4,,,,154062.762,2.57,,,,,无,,
600511.SH,国药股份,20200330,国泰君安晨报,非个股,一般报告,国泰君安,丁丹,2021Q4,,,,198434.288,2.63,,,,,增持,,32.0
002602.SZ,世纪华通,20200330,把握线上娱乐高景气，关注一季报确定性机会—传媒周报,非个股,一般报告,民生证券,"刘欣,张昱,钟奇",2020Q4,,,,416950.302,0.7,,,,,推荐,,
600009.SH,上海机场,20200330,海通证券研究所重点推荐股票池（2020年4月）,非个股,一般报告,海通证券,虞楠,2020Q4,,,,581941.451,3.02,,,,,无,,
300785.SZ,值得买,20200330,次新股指数下跌，关注知名特种TPU专业生产商美瑞新材——中小盘次新股／科创板周报一百四十五期（2020／3／23－2020／3／27）,非个股,一般报告,申万宏源证券,无,2021Q4,,,,22773.334,4.27,,,,,无,,
000063.SZ,中兴通讯,20200330,国泰君安晨报,非个股,一般报告,国泰君安,"王彦龙,程硕",2021Q4,,,,801000.0,1.74,,,,,增持,,52.0
600315.SH,上海家化,20200330,纺织服装行业：战略配置运动服饰板块，化妆品也继续看好,非个股,一般报告,东方证券,"施红梅,赵越峰,张维益,朱炎",2020Q4,,,,57056.119,0.85,,,,,增持,,
601865.SH,福莱特,20200330,次新股指数下跌，关注知名特种TPU专业生产商美瑞新材——中小盘次新股／科创板周报一百四十五期（2020／3／23－2020／3／27）,非个股,一般报告,申万宏源证券,无,2020Q4,,,,111150.0,0.57,,,,,无,,
601319.SH,中国人保,20200330,兴业证券晨会纪要,非个股,一般报告,兴业证券,王尘,2020Q4,,,,2122751.548,0.48,,,,,审慎增持,,
300785.SZ,值得买,20200330,次新股指数下跌，关注知名特种TPU专业生产商美瑞新材——中小盘次新股／科创板周报一百四十五期（2020／3／23－2020／3／27）,非个股,一般报告,申万宏源证券,无,2020Q4,,,,17173.334,3.22,,,,,无,,
600547.SH,山东黄金,20200330,申万宏源晨会纪要,非个股,一般报告,申万宏源证券,徐若旭,2022Q4,,,,411300.0,1.327,,,,,买入,,
002912.SZ,中新赛克,20200330,次新股指数下跌，关注知名特种TPU专业生产商美瑞新材——中小盘次新股／科创板周报一百四十五期（2020／3／23－2020／3／27）,非个股,一般报告,申万宏源证券,无,2020Q4,,,,37992.32,3.56,,,,,无,,
603983.SH,丸美股份,20200330,次新股指数下跌，关注知名特种TPU专业生产商美瑞新材——中小盘次新股／科创板周报一百四十五期（2020／3／23－2020／3／27）,非个股,一般报告,申万宏源证券,无,2020Q4,,,,63358.0,1.58,,,,,无,,
603317.SH,天味食品,20200330,食品饮料行业2020年一季报业绩前瞻：疫情当下降低预期，继续把握两条主线,非个股,一般报告,华创证券,"方振,董广阳,于芝欢,程航,杨传忻",2020Q1,34000.0,,,8000.0,0.194,,,,,无,,
600660.SH,福耀玻璃,20200330,国泰君安晨报,非个股,一般报告,国泰君安,"赵晨阳,鲍雁辛",2020Q4,,,,308559.956,1.23,,,,,增持,,24.6
600438.SH,通威股份,20200330,海通证券研究所重点推荐股票池（2020年4月）,非个股,一般报告,海通证券,张一弛,2020Q4,,,,415922.001,0.97,,,,,无,,
300567.SZ,精测电子,20200330,次新股指数下跌，关注知名特种TPU专业生产商美瑞新材——中小盘次新股／科创板周报一百四十五期（2020／3／23－2020／3／27）,非个股,一般报告,申万宏源证券,无,2021Q4,,,,57669.381,2.35,,,,,无,,
300662.SZ,科锐国际,20200330,次新股指数下跌，关注知名特种TPU专业生产商美瑞新材——中小盘次新股／科创板周报一百四十五期（2020／3／23－2020／3／27）,非个股,一般报告,申万宏源证券,无,2019Q4,,,,15129.821,0.83,,,,,无,,
300224.SZ,正海磁材,20200330,国泰君安晨报,非个股,一般报告,国泰君安,"汤龑,邬华宇,刘华峰",2022Q4,,,,20505.414,0.25,,,,,增持,,9.92
600036.SH,招商银行,20200330,招商银行：“零售之王”的发展之路与战场新布局,深度,一般报告,东北证券,"刘辰涵,陈玉卢",2022Q4,36197500.0,,17775000.0,14123900.0,5.6,5.84,5.75,16.21,,买入,,38.8
603978.SH,深圳新星,20200330,次新股指数下跌，关注知名特种TPU专业生产商美瑞新材——中小盘次新股／科创板周报一百四十五期（2020／3／23－2020／3／27）,非个股,一般报告,申万宏源证券,无,2021Q4,,,,27040.0,1.69,,,,,无,,
603538.SH,美诺华,20200330,WHO重视中国API供应背后反映了什么？—特色原料药板块事件点评,非个股,一般报告,民生证券,孙建,2020Q4,,,,20805.798,1.39,,,,,无,,
300178.SZ,腾邦国际,20200330,休闲服务行业周报（3.23－3.29）：华住入住率恢复至62％，龙头餐饮酒店开店计划受影响较小,非个股,一般报告,申万宏源证券,"刘乐文,于佳琪",2021Q4,,,,32058.431,0.52,,,,,无,,
603916.SH,苏博特,20200330,海通证券研究所重点推荐股票池（2020年4月）,非个股,一般报告,海通证券,刘威,2019Q4,,,,29818.56,0.96,,,,,无,,
603501.SH,韦尔股份,20200330,电子：CIS供需偏紧有望维持；建议关注本土疫情好转后供应链机会,非个股,一般报告,中信建投,"雷鸣,季清斌",2019Q4,,,,88000.0,1.02,,,,,无,,
002261.SZ,拓维信息,20200330,关注各地复学进展，业绩期关注业务确定性—教育行业周报,非个股,一般报告,民生证券,"强超廷,应瑛",2020Q4,,,,20914.571,0.19,,,,,推荐,,
603345.SH,安井食品,20200330,食品饮料行业2020年一季报业绩前瞻：疫情当下降低预期，继续把握两条主线,非个股,一般报告,华创证券,"方振,董广阳,于芝欢,程航,杨传忻",2020Q1,126000.0,,,6000.0,0.254,,,,,无,,
601328.SH,交通银行,20200330,交通银行2019年报点评：基本面稳健，净息差表现优异,点评,首次评级,安信证券,"张宇,李双",2022Q4,23720800.0,,10029200.0,8800900.0,1.19,4.35,6.89,9.35,,增持,,6.06
603288.SH,海天味业,20200330,食品饮料：政策刺激消费，关注受益板块报复性反弹机会,非个股,一般报告,中信建投,"安雅泽,吕睿竞,纪宗亚,陈语匆",2020Q4,2278400.0,,,633300.0,2.35,,,,,无,,
600511.SH,国药股份,20200330,国泰君安晨报,非个股,一般报告,国泰君安,丁丹,2022Q4,,,,222578.384,2.95,,,,,增持,,32.0
002690.SZ,美亚光电,20200330,浙商证券晨报,非个股,一般报告,浙商证券,李锋,2021Q4,,,,84100.0,1.244,,,,,买入,,
300224.SZ,正海磁材,20200330,国泰君安晨报,非个股,一般报告,国泰君安,"汤龑,邬华宇,刘华峰",2021Q4,,,,16404.331,0.2,,,,,增持,,9.92
000538.SZ,云南白药,20200330,国泰君安晨报,非个股,一般报告,国泰君安,"赵峻峰,丁丹",2021Q4,,,,541619.006,4.24,,,,,增持,,103.88
601988.SH,中国银行,20200330,国泰君安晨报,非个股,一般报告,国泰君安,"袁梓芳,郭昶皓",2020Q4,,,,18840818.639,0.64,,,,,增持,,4.79
601328.SH,交通银行,20200330,国泰君安晨报,非个股,一般报告,国泰君安,"袁梓芳,郭昶皓",2020Q4,,,,7871849.024,1.06,,,,,增持,,7.21
002373.SZ,千方科技,20200330,关注华为鲲鹏产业链与信创领域重点公司—计算机周报,非个股,一般报告,民生证券,"强超廷,郭新宇,应瑛",2020Q4,,,,129718.72,0.87,,,,,推荐,,
601688.SH,华泰证券,20200330,海通证券研究所重点推荐股票池（2020年4月）,非个股,一般报告,海通证券,孙婷,2019Q4,,,,753361.95,0.83,,,,,无,,
600201.SH,生物股份,20200330,兴业证券晨会纪要,非个股,一般报告,兴业证券,毛一凡,2021Q4,,,,74331.856,0.66,,,,,审慎增持,,
603043.SH,广州酒家,20200330,休闲服务行业周报（3.23－3.29）：华住入住率恢复至62％，龙头餐饮酒店开店计划受影响较小,非个股,一般报告,申万宏源证券,"刘乐文,于佳琪",2020Q4,,,,44439.58,1.1,,,,,无,,
603839.SH,安正时尚,20200330,海通证券研究所重点推荐股票池（2020年4月）,非个股,一般报告,海通证券,梁希,2020Q4,,,,39360.97,0.98,,,,,无,,
000895.SZ,双汇发展,20200330,食品饮料：政策刺激消费，关注受益板块报复性反弹机会,非个股,一般报告,中信建投,"安雅泽,吕睿竞,纪宗亚,陈语匆",2020Q4,6710000.0,,,608000.0,1.83,,,,,无,,
600036.SH,招商银行,20200330,招商银行：“零售之王”的发展之路与战场新布局,深度,一般报告,东北证券,"刘辰涵,陈玉卢",2020Q4,29589300.0,,13433000.0,10679700.0,4.23,7.74,4.3,16.23,,买入,,38.8
300394.SZ,天孚通信,20200330,通信：持续加码5G投资，5G和创新业务增长强劲，赋能长远发展：详解三大运营商年报,非个股,一般报告,招商证券,"余俊,蒋颖",2020Q4,,,,24067.131,1.21,,,,,强烈推荐,,
000802.SZ,北京文化,20200330,海通证券研究所重点推荐股票池（2020年4月）,非个股,一般报告,海通证券,"郝艳辉,毛云聪",2019Q4,,,,-196156.67,-2.74,,,,,无,,
300607.SZ,拓斯达,20200330,国泰君安晨报,非个股,一般报告,国泰君安,"黄琨,胡刚",2021Q4,,,,64055.568,4.33,,,,,增持,,83.75
000430.SZ,张家界,20200330,休闲服务行业周报（3.23－3.29）：华住入住率恢复至62％，龙头餐饮酒店开店计划受影响较小,非个股,一般报告,申万宏源证券,"刘乐文,于佳琪",2020Q4,,,,4857.812,0.12,,,,,无,,
600188.SH,兖州煤业,20200330,兖州煤业：2019年业绩符合预期；煤炭短期走势疲软,点评,一般报告,中金,"陈彦,胡珈铭,林轩",2019Q4,20064700.0,2791100.0,1404300.0,866800.0,1.76,4.9,17.8,13.9,4.3,中性,,10.0
603501.SH,韦尔股份,20200330,电子：CIS供需偏紧有望维持；建议关注本土疫情好转后供应链机会,非个股,一般报告,中信建投,"雷鸣,季清斌",2021Q4,,,,340000.0,3.94,,,,,无,,
000858.SZ,五粮液,20200330,食品饮料行业2020年一季报业绩前瞻：疫情当下降低预期，继续把握两条主线,非个股,一般报告,华创证券,"方振,董广阳,于芝欢,程航,杨传忻",2019Q4,5015000.0,,,1752000.0,4.514,,,,,无,,
603103.SH,横店影视,20200330,把握线上娱乐高景气，关注一季报确定性机会—传媒周报,非个股,一般报告,民生证券,"刘欣,张昱,钟奇",2020Q4,,,,38052.0,0.6,,,,,推荐,,
600547.SH,山东黄金,20200330,申万宏源晨会纪要,非个股,一般报告,申万宏源证券,徐若旭,2021Q4,,,,361200.0,1.165,,,,,买入,,
002475.SZ,立讯精密,20200330,电子：CIS供需偏紧有望维持；建议关注本土疫情好转后供应链机会,非个股,一般报告,中信建投,"雷鸣,季清斌",2019Q4,,,,430000.0,0.8,,,,,无,,
300373.SZ,扬杰科技,20200330,电子：CIS供需偏紧有望维持；建议关注本土疫情好转后供应链机会,非个股,一般报告,中信建投,"雷鸣,季清斌",2019Q4,,,,22000.0,0.47,,,,,无,,
601318.SH,中国平安,20200330,海通证券研究所重点推荐股票池（2020年4月）,非个股,一般报告,海通证券,孙婷,2020Q4,,,,14477951.197,7.92,,,,,无,,
300369.SZ,绿盟科技,20200330,关注华为鲲鹏产业链与信创领域重点公司—计算机周报,非个股,一般报告,民生证券,"强超廷,郭新宇,应瑛",2021Q4,,,,41502.118,0.52,,,,,推荐,,
000039.SZ,中集集团,20200330,国泰君安晨报,非个股,一般报告,国泰君安,"黄琨,李阳东",2022Q4,,,,179302.99,0.5,,,,,谨慎增持,,8.36
000429.SZ,粤高速A,20200330,国际民航客流继续承压，关注港口上行机会：交通运输行业周报（2020年3月23日－2020年3月29日）,非个股,一般报告,中信证券,"刘正,扈世民,汤学章",2019Q4,,,,177718.521,0.85,,,,,增持,,
603127.SH,昭衍新药,20200330,超额收益凸显，医药“枢纽性”和内需型板块崛起—医药周报,非个股,一般报告,民生证券,"孙建,盛丽华,谭紫媚,郭双喜",2019Q4,,,,15848.258,0.98,,,,,推荐,,
600809.SH,山西汾酒,20200330,食品饮料行业2020年一季报业绩前瞻：疫情当下降低预期，继续把握两条主线,非个股,一般报告,华创证券,"方振,董广阳,于芝欢,程航,杨传忻",2019Q4,1191000.0,,,202000.0,2.318,,,,,无,,
300144.SZ,宋城演艺,20200330,休闲服务行业周报（3.23－3.29）：华住入住率恢复至62％，龙头餐饮酒店开店计划受影响较小,非个股,一般报告,申万宏源证券,"刘乐文,于佳琪",2021Q4,,,,172860.328,1.19,,,,,无,,
600990.SH,四创电子,20200330,业绩增长确定，军工配置价值显著—军工行业周报,非个股,一般报告,民生证券,王一川,2019Q4,,,,20693.284,1.3,,,,,推荐,,
603039.SH,泛微网络,20200330,关注华为鲲鹏产业链与信创领域重点公司—计算机周报,非个股,一般报告,民生证券,"强超廷,郭新宇,应瑛",2020Q4,,,,18955.037,1.25,,,,,推荐,,
601988.SH,中国银行,20200330,国泰君安晨报,非个股,一般报告,国泰君安,"袁梓芳,郭昶皓",2022Q4,,,,20607145.387,0.7,,,,,增持,,4.79
300413.SZ,芒果超媒,20200330,把握线上娱乐高景气，关注一季报确定性机会—传媒周报,非个股,一般报告,民生证券,"刘欣,张昱,钟奇",2019Q4,,,,106822.651,0.6,,,,,推荐,,
300394.SZ,天孚通信,20200330,通信：持续加码5G投资，5G和创新业务增长强劲，赋能长远发展：详解三大运营商年报,非个股,一般报告,招商证券,"余俊,蒋颖",2019Q4,,,,16906.662,0.85,,,,,强烈推荐,,
603659.SH,璞泰来,20200330,国泰君安晨报,非个股,一般报告,国泰君安,"石岩,胥本涛,徐云飞",2022Q4,,,,135000.0,3.1,,,,,增持,,78.1
600027.SH,华电国际,20200330,财信证券晨会纪要,非个股,一般报告,财信证券,黄红卫,2020Q4,,,,341000.0,0.35,,,,,推荐,,
002223.SZ,鱼跃医疗,20200330,医药生物行业周报（第十三周）,非个股,一般报告,华泰证券,"代雯,孔垂岩",2020Q4,,,,110272.462,1.1,,,,,买入,,37.28
601818.SH,光大银行,20200330,国泰君安晨报,非个股,一般报告,国泰君安,"袁梓芳,郭昶皓",2022Q4,,,,5038975.235,0.96,,,,,增持,,5.32
300373.SZ,扬杰科技,20200330,电子：CIS供需偏紧有望维持；建议关注本土疫情好转后供应链机会,非个股,一般报告,中信建投,"雷鸣,季清斌",2021Q4,,,,38000.0,0.8,,,,,无,,
300454.SZ,深信服,20200330,关注华为鲲鹏产业链与信创领域重点公司—计算机周报,非个股,一般报告,民生证券,"强超廷,郭新宇,应瑛",2021Q4,,,,102662.298,2.51,,,,,推荐,,
600926.SH,杭州银行,20200330,海通证券研究所重点推荐股票池（2020年4月）,非个股,一般报告,海通证券,"孙婷,林加力",2019Q4,,,,595103.25,1.16,,,,,无,,
603369.SH,今世缘,20200330,食品饮料行业：估值如预期开启修复，白酒板块迎来年内最佳配置时机,非个股,一般报告,民生证券,"于杰,熊航,徐洋,赵梦秋",2021Q4,,,,201974.5,1.61,,,,,推荐,,
300666.SZ,江丰电子,20200330,次新股指数下跌，关注知名特种TPU专业生产商美瑞新材——中小盘次新股／科创板周报一百四十五期（2020／3／23－2020／3／27）,非个股,一般报告,申万宏源证券,无,2021Q4,,,,5031.48,0.23,,,,,无,,
600519.SH,贵州茅台,20200330,食品饮料行业2020年一季报业绩前瞻：疫情当下降低预期，继续把握两条主线,非个股,一般报告,华创证券,"方振,董广阳,于芝欢,程航,杨传忻",2020Q1,2518000.0,,,1290000.0,10.269,,,,,无,,
000596.SZ,古井贡酒,20200330,食品饮料行业2020年一季报业绩前瞻：疫情当下降低预期，继续把握两条主线,非个股,一般报告,华创证券,"方振,董广阳,于芝欢,程航,杨传忻",2020Q1,385000.0,,,86000.0,1.708,,,,,无,,
600486.SH,扬农化工,20200330,海通证券研究所重点推荐股票池（2020年4月）,非个股,一般报告,海通证券,刘威,2019Q4,,,,119311.079,3.85,,,,,无,,
601998.SH,中信银行,20200330,国泰君安晨报,非个股,一般报告,国泰君安,"袁梓芳,郭昶皓",2022Q4,,,,5725373.466,1.17,,,,,增持,,7.01
600188.SH,兖州煤业,20200330,兖州煤业：2019年业绩符合预期；煤炭短期走势疲软,点评,一般报告,中金,"陈彦,胡珈铭,林轩",2020Q4,16259400.0,2560900.0,1204300.0,664600.0,1.35,6.4,5.5,10.6,4.9,中性,,10.0
000039.SZ,中集集团,20200330,国泰君安晨报,非个股,一般报告,国泰君安,"黄琨,李阳东",2020Q4,,,,136270.272,0.38,,,,,谨慎增持,,8.36
601166.SH,兴业银行,20200330,海通证券研究所重点推荐股票池（2020年4月）,非个股,一般报告,海通证券,"孙婷,林加力",2020Q4,,,,7208644.191,3.47,,,,,无,,
600027.SH,华电国际,20200330,财信证券晨会纪要,非个股,一般报告,财信证券,黄红卫,2022Q4,,,,497000.0,0.5,,,,,推荐,,
300750.SZ,宁德时代,20200330,海通证券研究所重点推荐股票池（2020年4月）,非个股,一般报告,海通证券,张一弛,2020Q4,,,,543266.326,2.46,,,,,无,,
002967.SZ,广电计量,20200330,次新股指数下跌，关注知名特种TPU专业生产商美瑞新材——中小盘次新股／科创板周报一百四十五期（2020／3／23－2020／3／27）,非个股,一般报告,申万宏源证券,无,2020Q4,,,,22154.89,0.67,,,,,无,,
002311.SZ,海大集团,20200330,海通证券研究所重点推荐股票池（2020年4月）,非个股,一般报告,海通证券,丁频,2020Q4,,,,256017.914,1.62,,,,,无,,
600845.SH,宝信软件,20200330,关注华为鲲鹏产业链与信创领域重点公司—计算机周报,非个股,一般报告,民生证券,"强超廷,郭新宇,应瑛",2020Q4,,,,118598.506,1.04,,,,,推荐,,
600188.SH,兖州煤业,20200330,兖州煤业：2019年业绩符合预期；煤炭短期走势疲软,点评,一般报告,中金,"陈彦,胡珈铭,林轩",2021Q4,16396500.0,2572900.0,1233600.0,682100.0,1.39,6.2,5.6,10.6,4.9,中性,,10.0
002024.SZ,苏宁易购,20200330,海通证券研究所重点推荐股票池（2020年4月）,非个股,一般报告,海通证券,汪立亭,2019Q4,,,,1117204.759,1.2,,,,,无,,
601818.SH,光大银行,20200330,国泰君安晨报,非个股,一般报告,国泰君安,"袁梓芳,郭昶皓",2020Q4,,,,4041678.053,0.77,,,,,增持,,5.32
300673.SZ,佩蒂股份,20200330,次新股指数下跌，关注知名特种TPU专业生产商美瑞新材——中小盘次新股／科创板周报一百四十五期（2020／3／23－2020／3／27）,非个股,一般报告,申万宏源证券,无,2020Q4,,,,14220.879,0.97,,,,,无,,
000034.SZ,神州数码,20200330,海通证券研究所重点推荐股票池（2020年4月）,非个股,一般报告,海通证券,郑宏达,2020Q4,,,,90261.72,1.38,,,,,无,,
002007.SZ,华兰生物,20200330,国泰君安晨报,非个股,一般报告,国泰君安,"丁丹,黄炎",2020Q4,,,,166964.023,1.19,,,,,增持,,55.93
002841.SZ,视源股份,20200330,次新股指数下跌，关注知名特种TPU专业生产商美瑞新材——中小盘次新股／科创板周报一百四十五期（2020／3／23－2020／3／27）,非个股,一般报告,申万宏源证券,无,2021Q4,,,,217679.804,3.32,,,,,无,,
300666.SZ,江丰电子,20200330,次新股指数下跌，关注知名特种TPU专业生产商美瑞新材——中小盘次新股／科创板周报一百四十五期（2020／3／23－2020／3／27）,非个股,一般报告,申万宏源证券,无,2020Q4,,,,3937.68,0.18,,,,,无,,
603986.SH,兆易创新,20200330,电子：CIS供需偏紧有望维持；建议关注本土疫情好转后供应链机会,非个股,一般报告,中信建投,"雷鸣,季清斌",2020Q4,,,,110000.0,3.43,,,,,无,,
002186.SZ,全聚德,20200330,休闲服务行业周报（3.23－3.29）：华住入住率恢复至62％，龙头餐饮酒店开店计划受影响较小,非个股,一般报告,申万宏源证券,"刘乐文,于佳琪",2019Q4,,,,4626.959,0.15,,,,,无,,
300413.SZ,芒果超媒,20200330,把握线上娱乐高景气，关注一季报确定性机会—传媒周报,非个股,一般报告,民生证券,"刘欣,张昱,钟奇",2020Q4,,,,160233.976,0.9,,,,,推荐,,
000338.SZ,潍柴动力,20200330,国泰君安晨报,非个股,一般报告,国泰君安,"徐伟东,吴晓飞,陈麟瓒",2021Q4,,,,1269419.823,1.6,,,,,增持,,18.4
603517.SH,绝味食品,20200330,食品饮料行业2020年一季报业绩前瞻：疫情当下降低预期，继续把握两条主线,非个股,一般报告,华创证券,"方振,董广阳,于芝欢,程航,杨传忻",2019Q4,515000.0,,,80000.0,1.314,,,,,无,,
000555.SZ,神州信息,20200330,关注华为鲲鹏产业链与信创领域重点公司—计算机周报,非个股,一般报告,民生证券,"强超廷,郭新宇,应瑛",2020Q4,,,,42696.776,0.44,,,,,推荐,,
000063.SZ,中兴通讯,20200330,海通证券研究所重点推荐股票池（2020年4月）,非个股,一般报告,海通证券,朱劲松,2020Q4,,,,710248.969,1.54,,,,,无,,
601288.SH,农业银行,20200330,海通证券研究所重点推荐股票池（2020年4月）,非个股,一般报告,海通证券,"孙婷,林加力",2020Q4,,,,22398914.168,0.64,,,,,无,,
600027.SH,华电国际,20200330,国泰君安晨报,非个股,一般报告,国泰君安,"周妍,张爱宁",2020Q4,,,,532600.739,0.54,,,,,增持,,5.45
601328.SH,交通银行,20200330,国泰君安晨报,非个股,一般报告,国泰君安,"袁梓芳,郭昶皓",2021Q4,,,,8243162.658,1.11,,,,,增持,,7.21
603369.SH,今世缘,20200330,食品饮料行业2020年一季报业绩前瞻：疫情当下降低预期，继续把握两条主线,非个股,一般报告,华创证券,"方振,董广阳,于芝欢,程航,杨传忻",2019Q4,486000.0,,,144000.0,1.148,,,,,无,,
002261.SZ,拓维信息,20200330,关注各地复学进展，业绩期关注业务确定性—教育行业周报,非个股,一般报告,民生证券,"强超廷,应瑛",2021Q4,,,,25317.638,0.23,,,,,推荐,,
000039.SZ,中集集团,20200330,国泰君安晨报,非个股,一般报告,国泰君安,"黄琨,李阳东",2021Q4,,,,164958.751,0.46,,,,,谨慎增持,,8.36
600104.SH,上汽集团,20200330,海通证券研究所重点推荐股票池（2020年4月）,非个股,一般报告,海通证券,"杜威,王猛",2020Q4,,,,3388203.796,2.9,,,,,无,,
603317.SH,天味食品,20200330,次新股指数下跌，关注知名特种TPU专业生产商美瑞新材——中小盘次新股／科创板周报一百四十五期（2020／3／23－2020／3／27）,非个股,一般报告,申万宏源证券,无,2020Q4,,,,40902.345,0.99,,,,,无,,
603317.SH,天味食品,20200330,食品饮料行业2020年一季报业绩前瞻：疫情当下降低预期，继续把握两条主线,非个股,一般报告,华创证券,"方振,董广阳,于芝欢,程航,杨传忻",2019Q4,173000.0,,,30000.0,0.726,,,,,无,,
600519.SH,贵州茅台,20200330,海通证券研究所重点推荐股票池（2020年4月）,非个股,一般报告,海通证券,闻宏伟,2020Q4,,,,5070014.321,40.36,,,,,无,,
000063.SZ,中兴通讯,20200330,国泰君安晨报,非个股,一般报告,国泰君安,"王彦龙,程硕",2020Q4,,,,598000.0,1.3,,,,,增持,,52.0
600519.SH,贵州茅台,20200330,食品饮料行业2020年一季报业绩前瞻：疫情当下降低预期，继续把握两条主线,非个股,一般报告,华创证券,"方振,董广阳,于芝欢,程航,杨传忻",2019Q4,8850000.0,,,4050000.0,32.24,,,,,无,,
002602.SZ,世纪华通,20200330,把握线上娱乐高景气，关注一季报确定性机会—传媒周报,非个股,一般报告,民生证券,"刘欣,张昱,钟奇",2019Q4,,,,238257.316,0.4,,,,,推荐,,
300400.SZ,劲拓股份,20200330,次新股指数下跌，关注知名特种TPU专业生产商美瑞新材——中小盘次新股／科创板周报一百四十五期（2020／3／23－2020／3／27）,非个股,一般报告,申万宏源证券,无,2019Q4,,,,2195.944,0.09,,,,,无,,
002153.SZ,石基信息,20200330,关注华为鲲鹏产业链与信创领域重点公司—计算机周报,非个股,一般报告,民生证券,"强超廷,郭新宇,应瑛",2021Q4,,,,81289.921,0.76,,,,,推荐,,
002186.SZ,全聚德,20200330,休闲服务行业周报（3.23－3.29）：华住入住率恢复至62％，龙头餐饮酒店开店计划受影响较小,非个股,一般报告,申万宏源证券,"刘乐文,于佳琪",2021Q4,,,,9562.383,0.31,,,,,无,,
300373.SZ,扬杰科技,20200330,电子：CIS供需偏紧有望维持；建议关注本土疫情好转后供应链机会,非个股,一般报告,中信建投,"雷鸣,季清斌",2020Q4,,,,29000.0,0.61,,,,,无,,
002912.SZ,中新赛克,20200330,次新股指数下跌，关注知名特种TPU专业生产商美瑞新材——中小盘次新股／科创板周报一百四十五期（2020／3／23－2020／3／27）,非个股,一般报告,申万宏源证券,无,2021Q4,,,,51012.16,4.78,,,,,无,,
600547.SH,山东黄金,20200330,申万宏源晨会纪要,非个股,一般报告,申万宏源证券,徐若旭,2020Q4,,,,280500.0,0.905,,,,,买入,,
601155.SH,新城控股,20200330,兴业证券晨会纪要,非个股,一般报告,兴业证券,徐鸥鹭,2021Q4,,,,1521032.101,6.74,,,,,买入,,
600406.SH,国电南瑞,20200330,海通证券研究所重点推荐股票池（2020年4月）,非个股,一般报告,海通证券,房青,2020Q4,,,,526901.253,1.14,,,,,无,,
000429.SZ,粤高速A,20200330,国际民航客流继续承压，关注港口上行机会：交通运输行业周报（2020年3月23日－2020年3月29日）,非个股,一般报告,中信证券,"刘正,扈世民,汤学章",2021Q4,,,,192354.164,0.92,,,,,增持,,
000568.SZ,泸州老窖,20200330,食品饮料行业2020年一季报业绩前瞻：疫情当下降低预期，继续把握两条主线,非个股,一般报告,华创证券,"方振,董广阳,于芝欢,程航,杨传忻",2019Q4,1621000.0,,,478000.0,3.263,,,,,无,,
600660.SH,福耀玻璃,20200330,国泰君安晨报,非个股,一般报告,国泰君安,"赵晨阳,鲍雁辛",2021Q4,,,,386327.1,1.54,,,,,增持,,24.6
300666.SZ,江丰电子,20200330,次新股指数下跌，关注知名特种TPU专业生产商美瑞新材——中小盘次新股／科创板周报一百四十五期（2020／3／23－2020／3／27）,非个股,一般报告,申万宏源证券,无,2019Q4,,,,6344.04,0.29,,,,,无,,
300782.SZ,卓胜微,20200330,电子：CIS供需偏紧有望维持；建议关注本土疫情好转后供应链机会,非个股,一般报告,中信建投,"雷鸣,季清斌",2021Q4,,,,105000.0,10.5,,,,,无,,
002415.SZ,海康威视,20200330,电子：CIS供需偏紧有望维持；建议关注本土疫情好转后供应链机会,非个股,一般报告,中信建投,"雷鸣,季清斌",2020Q4,,,,1557000.0,1.67,,,,,无,,
601398.SH,工商银行,20200330,国泰君安晨报,非个股,一般报告,国泰君安,"袁梓芳,郭昶皓",2022Q4,,,,35640625.709,1.0,,,,,增持,,8.1
300348.SZ,长亮科技,20200330,关注华为鲲鹏产业链与信创领域重点公司—计算机周报,非个股,一般报告,民生证券,"强超廷,郭新宇,应瑛",2021Q4,,,,29872.237,0.62,,,,,推荐,,
002007.SZ,华兰生物,20200330,国泰君安晨报,非个股,一般报告,国泰君安,"丁丹,黄炎",2021Q4,,,,190816.027,1.36,,,,,增持,,55.93
600754.SH,锦江酒店,20200330,国泰君安晨报,非个股,一般报告,国泰君安,"于清泰,刘越男",2021Q4,,,,112078.563,1.17,,,,,增持,,31.25
601328.SH,交通银行,20200330,交通银行2019年报点评：基本面稳健，净息差表现优异,点评,首次评级,安信证券,"张宇,李双",2021Q4,22736600.0,,9571600.0,8399400.0,1.13,4.56,6.58,9.54,,增持,,6.06
603983.SH,丸美股份,20200330,次新股指数下跌，关注知名特种TPU专业生产商美瑞新材——中小盘次新股／科创板周报一百四十五期（2020／3／23－2020／3／27）,非个股,一般报告,申万宏源证券,无,2021Q4,,,,75789.0,1.89,,,,,无,,
601166.SH,兴业银行,20200330,海通证券研究所重点推荐股票池（2020年4月）,非个股,一般报告,海通证券,"孙婷,林加力",2019Q4,,,,6502321.705,3.13,,,,,无,,
601319.SH,中国人保,20200330,兴业证券晨会纪要,非个股,一般报告,兴业证券,王尘,2021Q4,,,,2388095.491,0.54,,,,,审慎增持,,
603043.SH,广州酒家,20200330,休闲服务行业周报（3.23－3.29）：华住入住率恢复至62％，龙头餐饮酒店开店计划受影响较小,非个股,一般报告,申万宏源证券,"刘乐文,于佳琪",2019Q4,,,,39591.626,0.98,,,,,无,,
300682.SZ,朗新科技,20200330,海通证券研究所重点推荐股票池（2020年4月）,非个股,一般报告,海通证券,郑宏达,2020Q4,,,,44910.947,0.66,,,,,无,,
600720.SH,祁连山,20200330,海通证券研究所重点推荐股票池（2020年4月）,非个股,一般报告,海通证券,杜市伟,2020Q4,,,,144389.992,1.86,,,,,无,,
603369.SH,今世缘,20200330,食品饮料行业2020年一季报业绩前瞻：疫情当下降低预期，继续把握两条主线,非个股,一般报告,华创证券,"方振,董广阳,于芝欢,程航,杨传忻",2020Q1,211000.0,,,71000.0,0.566,,,,,无,,
603558.SH,健盛集团,20200330,海通证券研究所重点推荐股票池（2020年4月）,非个股,一般报告,海通证券,梁希,2020Q4,,,,34141.221,0.82,,,,,无,,
601988.SH,中国银行,20200330,中国银行：息差承压，贷款增长提速,点评,一般报告,天风证券,"廖志明,朱于畋",2021Q4,62200000.0,,26120000.0,19940000.0,0.68,5.2,,10.16,,增持,,5.05
000429.SZ,粤高速A,20200330,国际民航客流继续承压，关注港口上行机会：交通运输行业周报（2020年3月23日－2020年3月29日）,非个股,一般报告,中信证券,"刘正,扈世民,汤学章",2020Q4,,,,183990.939,0.88,,,,,增持,,
002967.SZ,广电计量,20200330,次新股指数下跌，关注知名特种TPU专业生产商美瑞新材——中小盘次新股／科创板周报一百四十五期（2020／3／23－2020／3／27）,非个股,一般报告,申万宏源证券,无,2021Q4,,,,31413.65,0.95,,,,,无,,
603916.SH,苏博特,20200330,申万宏源晨会纪要,非个股,一般报告,申万宏源证券,"李楠竹,宋涛,马昕晔",2021Q4,,,,64000.0,2.06,,,,,增持,,
000568.SZ,泸州老窖,20200330,食品饮料行业2020年一季报业绩前瞻：疫情当下降低预期，继续把握两条主线,非个股,一般报告,华创证券,"方振,董广阳,于芝欢,程航,杨传忻",2020Q1,479000.0,,,174000.0,1.188,,,,,无,,
601288.SH,农业银行,20200330,海通证券研究所重点推荐股票池（2020年4月）,非个股,一般报告,海通证券,"孙婷,林加力",2019Q4,,,,20998982.032,0.6,,,,,无,,
300224.SZ,正海磁材,20200330,国泰君安晨报,非个股,一般报告,国泰君安,"汤龑,邬华宇,刘华峰",2020Q4,,,,13123.465,0.16,,,,,增持,,9.92
002271.SZ,东方雨虹,20200330,海通证券研究所重点推荐股票池（2020年4月）,非个股,一般报告,海通证券,杜市伟,2020Q4,,,,268666.735,1.74,,,,,无,,
300348.SZ,长亮科技,20200330,关注华为鲲鹏产业链与信创领域重点公司—计算机周报,非个股,一般报告,民生证券,"强超廷,郭新宇,应瑛",2020Q4,,,,21681.462,0.45,,,,,推荐,,
300673.SZ,佩蒂股份,20200330,次新股指数下跌，关注知名特种TPU专业生产商美瑞新材——中小盘次新股／科创板周报一百四十五期（2020／3／23－2020／3／27）,非个股,一般报告,申万宏源证券,无,2021Q4,,,,23163.906,1.58,,,,,无,,
603345.SH,安井食品,20200330,食品饮料行业2020年一季报业绩前瞻：疫情当下降低预期，继续把握两条主线,非个股,一般报告,华创证券,"方振,董广阳,于芝欢,程航,杨传忻",2019Q4,527000.0,,,37000.0,1.565,,,,,无,,
002475.SZ,立讯精密,20200330,电子：CIS供需偏紧有望维持；建议关注本土疫情好转后供应链机会,非个股,一般报告,中信建投,"雷鸣,季清斌",2020Q4,,,,650000.0,1.22,,,,,无,,
600985.SH,淮北矿业,20200330,国泰君安晨报,非个股,一般报告,国泰君安,翟堃,2020Q4,,,,356275.607,1.64,,,,,增持,,12.63
600926.SH,杭州银行,20200330,海通证券研究所重点推荐股票池（2020年4月）,非个股,一般报告,海通证券,"孙婷,林加力",2020Q4,,,,718228.06,1.4,,,,,无,,
603866.SH,桃李面包,20200330,食品饮料行业2020年一季报业绩前瞻：疫情当下降低预期，继续把握两条主线,非个股,一般报告,华创证券,"方振,董广阳,于芝欢,程航,杨传忻",2020Q1,128000.0,,,13000.0,0.197,,,,,无,,
000430.SZ,张家界,20200330,休闲服务行业周报（3.23－3.29）：华住入住率恢复至62％，龙头餐饮酒店开店计划受影响较小,非个股,一般报告,申万宏源证券,"刘乐文,于佳琪",2021Q4,,,,4857.812,0.12,,,,,无,,
300144.SZ,宋城演艺,20200330,休闲服务行业周报（3.23－3.29）：华住入住率恢复至62％，龙头餐饮酒店开店计划受影响较小,非个股,一般报告,申万宏源证券,"刘乐文,于佳琪",2020Q4,,,,119113.84,0.82,,,,,无,,
601328.SH,交通银行,20200330,交通银行2019年报点评：基本面稳健，净息差表现优异,点评,首次评级,安信证券,"张宇,李双",2020Q4,21824600.0,,9178800.0,8054700.0,1.08,4.76,6.31,9.8,,增持,,6.06
601998.SH,中信银行,20200330,国泰君安晨报,非个股,一般报告,国泰君安,"袁梓芳,郭昶皓",2021Q4,,,,5333894.938,1.09,,,,,增持,,7.01
300628.SZ,亿联网络,20200330,次新股指数下跌，关注知名特种TPU专业生产商美瑞新材——中小盘次新股／科创板周报一百四十五期（2020／3／23－2020／3／27）,非个股,一般报告,申万宏源证券,无,2021Q4,,,,196025.382,3.27,,,,,无,,
600745.SH,闻泰科技,20200330,电子：CIS供需偏紧有望维持；建议关注本土疫情好转后供应链机会,非个股,一般报告,中信建投,"雷鸣,季清斌",2020Q4,,,,320000.0,2.85,,,,,无,,
002734.SZ,利民股份,20200330,天风证券晨会集萃,非个股,一般报告,天风证券,唐婕,2019Q4,,,,32500.0,1.13,,,,,买入,,21.6
002690.SZ,美亚光电,20200330,浙商证券晨报,非个股,一般报告,浙商证券,李锋,2019Q4,,,,54500.0,0.806,,,,,买入,,
603039.SH,泛微网络,20200330,关注华为鲲鹏产业链与信创领域重点公司—计算机周报,非个股,一般报告,民生证券,"强超廷,郭新宇,应瑛",2021Q4,,,,23049.325,1.52,,,,,推荐,,
300408.SZ,三环集团,20200330,电子：CIS供需偏紧有望维持；建议关注本土疫情好转后供应链机会,非个股,一般报告,中信建投,"雷鸣,季清斌",2021Q4,,,,142000.0,0.81,,,,,无,,
000538.SZ,云南白药,20200330,国泰君安晨报,非个股,一般报告,国泰君安,"赵峻峰,丁丹",2020Q4,,,,473916.631,3.71,,,,,增持,,103.88
002415.SZ,海康威视,20200330,电子：CIS供需偏紧有望维持；建议关注本土疫情好转后供应链机会,非个股,一般报告,中信建投,"雷鸣,季清斌",2019Q4,,,,1285000.0,1.38,,,,,无,,
002475.SZ,立讯精密,20200330,电子：CIS供需偏紧有望维持；建议关注本土疫情好转后供应链机会,非个股,一般报告,中信建投,"雷鸣,季清斌",2021Q4,,,,900000.0,1.68,,,,,无,,
601595.SH,上海电影,20200330,把握线上娱乐高景气，关注一季报确定性机会—传媒周报,非个股,一般报告,民生证券,"刘欣,张昱,钟奇",2020Q4,,,,22410.0,0.6,,,,,推荐,,
000555.SZ,神州信息,20200330,关注华为鲲鹏产业链与信创领域重点公司—计算机周报,非个股,一般报告,民生证券,"强超廷,郭新宇,应瑛",2021Q4,,,,51430.207,0.53,,,,,推荐,,
300662.SZ,科锐国际,20200330,次新股指数下跌，关注知名特种TPU专业生产商美瑞新材——中小盘次新股／科创板周报一百四十五期（2020／3／23－2020／3／27）,非个股,一般报告,申万宏源证券,无,2021Q4,,,,23332.736,1.28,,,,,无,,
601998.SH,中信银行,20200330,国泰君安晨报,非个股,一般报告,国泰君安,"袁梓芳,郭昶皓",2020Q4,,,,4991351.227,1.02,,,,,增持,,7.01
603127.SH,昭衍新药,20200330,超额收益凸显，医药“枢纽性”和内需型板块崛起—医药周报,非个股,一般报告,民生证券,"孙建,盛丽华,谭紫媚,郭双喜",2020Q4,,,,21023.2,1.3,,,,,推荐,,
603983.SH,丸美股份,20200330,次新股指数下跌，关注知名特种TPU专业生产商美瑞新材——中小盘次新股／科创板周报一百四十五期（2020／3／23－2020／3／27）,非个股,一般报告,申万宏源证券,无,2019Q4,,,,52932.0,1.32,,,,,无,,
300769.SZ,德方纳米,20200330,长城证券晨会报告,非个股,一般报告,长城证券,"马晓明,蔡紫豪",2021Q4,,,,19534.763,4.57,,,,,推荐,,
600958.SH,东方证券,20200330,国泰君安晨报,非个股,一般报告,国泰君安,"高超,刘欣琦",2022Q4,,,,447593.971,0.64,,,,,增持,,13.77
603650.SH,彤程新材,20200330,次新股指数下跌，关注知名特种TPU专业生产商美瑞新材——中小盘次新股／科创板周报一百四十五期（2020／3／23－2020／3／27）,非个股,一般报告,申万宏源证券,无,2020Q4,,,,53324.863,0.91,,,,,无,,
300677.SZ,英科医疗,20200330,次新股指数下跌，关注知名特种TPU专业生产商美瑞新材——中小盘次新股／科创板周报一百四十五期（2020／3／23－2020／3／27）,非个股,一般报告,申万宏源证券,无,2020Q4,,,,33560.043,1.65,,,,,无,,
601398.SH,工商银行,20200330,国泰君安晨报,非个股,一般报告,国泰君安,"袁梓芳,郭昶皓",2021Q4,,,,33502188.166,0.94,,,,,增持,,8.1
600009.SH,上海机场,20200330,申万宏源晨会纪要,非个股,一般报告,申万宏源证券,"郭晶,闫海,游道柱,匡培钦",2020Q4,,,,558500.0,2.898,,,,,买入,,
603317.SH,天味食品,20200330,次新股指数下跌，关注知名特种TPU专业生产商美瑞新材——中小盘次新股／科创板周报一百四十五期（2020／3／23－2020／3／27）,非个股,一般报告,申万宏源证券,无,2021Q4,,,,50404.91,1.22,,,,,无,,
300741.SZ,华宝股份,20200330,国泰君安晨报,非个股,一般报告,国泰君安,"李梓语,訾猛",2022Q4,,,,149042.96,2.42,,,,,增持,,40.0
300677.SZ,英科医疗,20200330,次新股指数下跌，关注知名特种TPU专业生产商美瑞新材——中小盘次新股／科创板周报一百四十五期（2020／3／23－2020／3／27）,非个股,一般报告,申万宏源证券,无,2021Q4,,,,49424.79,2.43,,,,,无,,
600511.SH,国药股份,20200330,国泰君安晨报,非个股,一般报告,国泰君安,丁丹,2020Q4,,,,171272.181,2.27,,,,,增持,,32.0
600201.SH,生物股份,20200330,兴业证券晨会纪要,非个股,一般报告,兴业证券,毛一凡,2020Q4,,,,52933.291,0.47,,,,,审慎增持,,
300607.SZ,拓斯达,20200330,国泰君安晨报,非个股,一般报告,国泰君安,"黄琨,胡刚",2020Q4,,,,49558.003,3.35,,,,,增持,,83.75
600027.SH,华电国际,20200330,国泰君安晨报,非个股,一般报告,国泰君安,"周妍,张爱宁",2022Q4,,,,601641.576,0.61,,,,,增持,,5.45
000860.SZ,顺鑫农业,20200330,食品饮料行业2020年一季报业绩前瞻：疫情当下降低预期，继续把握两条主线,非个股,一般报告,华创证券,"方振,董广阳,于芝欢,程航,杨传忻",2019Q4,1445000.0,,,100000.0,1.348,,,,,无,,
300662.SZ,科锐国际,20200330,次新股指数下跌，关注知名特种TPU专业生产商美瑞新材——中小盘次新股／科创板周报一百四十五期（2020／3／23－2020／3／27）,非个股,一般报告,申万宏源证券,无,2020Q4,,,,18593.274,1.02,,,,,无,,
002734.SZ,利民股份,20200330,天风证券晨会集萃,非个股,一般报告,天风证券,唐婕,2020Q4,,,,41300.0,1.44,,,,,买入,,21.6
002311.SZ,海大集团,20200330,海通证券研究所重点推荐股票池（2020年4月）,非个股,一般报告,海通证券,丁频,2019Q4,,,,175419.682,1.11,,,,,无,,
601818.SH,光大银行,20200330,国泰君安晨报,非个股,一般报告,国泰君安,"袁梓芳,郭昶皓",2021Q4,,,,4514081.981,0.86,,,,,增持,,5.32
002463.SZ,沪电股份,20200330,电子：CIS供需偏紧有望维持；建议关注本土疫情好转后供应链机会,非个股,一般报告,中信建投,"雷鸣,季清斌",2021Q4,,,,195000.0,1.13,,,,,无,,
600298.SH,安琪酵母,20200330,食品饮料行业2020年一季报业绩前瞻：疫情当下降低预期，继续把握两条主线,非个股,一般报告,华创证券,"方振,董广阳,于芝欢,程航,杨传忻",2019Q4,763000.0,,,90000.0,1.092,,,,,无,,
603659.SH,璞泰来,20200330,国泰君安晨报,非个股,一般报告,国泰君安,"石岩,胥本涛,徐云飞",2020Q4,,,,92000.0,2.11,,,,,增持,,78.1
601865.SH,福莱特,20200330,次新股指数下跌，关注知名特种TPU专业生产商美瑞新材——中小盘次新股／科创板周报一百四十五期（2020／3／23－2020／3／27）,非个股,一般报告,申万宏源证券,无,2019Q4,,,,72150.0,0.37,,,,,无,,
002396.SZ,星网锐捷,20200330,海通证券研究所重点推荐股票池（2020年4月）,非个股,一般报告,海通证券,朱劲松,2020Q4,,,,85742.201,1.47,,,,,无,,
300785.SZ,值得买,20200330,次新股指数下跌，关注知名特种TPU专业生产商美瑞新材——中小盘次新股／科创板周报一百四十五期（2020／3／23－2020／3／27）,非个股,一般报告,申万宏源证券,无,2019Q4,,,,13653.334,2.56,,,,,无,,
600779.SH,水井坊,20200330,食品饮料行业2020年一季报业绩前瞻：疫情当下降低预期，继续把握两条主线,非个股,一般报告,华创证券,"方振,董广阳,于芝欢,程航,杨传忻",2019Q4,354000.0,,,83000.0,1.699,,,,,无,,
601319.SH,中国人保,20200330,兴业证券晨会纪要,非个股,一般报告,兴业证券,王尘,2022Q4,,,,2697663.426,0.61,,,,,审慎增持,,
300782.SZ,卓胜微,20200330,电子：CIS供需偏紧有望维持；建议关注本土疫情好转后供应链机会,非个股,一般报告,中信建投,"雷鸣,季清斌",2020Q4,,,,76000.0,7.6,,,,,无,,
603839.SH,安正时尚,20200330,海通证券研究所重点推荐股票池（2020年4月）,非个股,一般报告,海通证券,梁希,2019Q4,,,,33737.975,0.84,,,,,无,,
603650.SH,彤程新材,20200330,次新股指数下跌，关注知名特种TPU专业生产商美瑞新材——中小盘次新股／科创板周报一百四十五期（2020／3／23－2020／3／27）,非个股,一般报告,申万宏源证券,无,2019Q4,,,,42777.088,0.73,,,,,无,,
300677.SZ,英科医疗,20200330,次新股指数下跌，关注知名特种TPU专业生产商美瑞新材——中小盘次新股／科创板周报一百四十五期（2020／3／23－2020／3／27）,非个股,一般报告,申万宏源证券,无,2019Q4,,,,18102.084,0.89,,,,,无,,
601933.SH,永辉超市,20200330,海通证券研究所重点推荐股票池（2020年4月）,非个股,一般报告,海通证券,汪立亭,2020Q4,,,,287113.863,0.3,,,,,无,,
300369.SZ,绿盟科技,20200330,关注华为鲲鹏产业链与信创领域重点公司—计算机周报,非个股,一般报告,民生证券,"强超廷,郭新宇,应瑛",2020Q4,,,,31924.706,0.4,,,,,推荐,,
002186.SZ,全聚德,20200330,休闲服务行业周报（3.23－3.29）：华住入住率恢复至62％，龙头餐饮酒店开店计划受影响较小,非个股,一般报告,申万宏源证券,"刘乐文,于佳琪",2020Q4,,,,8945.455,0.29,,,,,无,,
603866.SH,桃李面包,20200330,食品饮料行业2020年一季报业绩前瞻：疫情当下降低预期，继续把握两条主线,非个股,一般报告,华创证券,"方振,董广阳,于芝欢,程航,杨传忻",2019Q4,564000.0,,,68000.0,1.032,,,,,无,,
600031.SH,三一重工,20200330,兴业证券晨会纪要,非个股,一般报告,兴业证券,张亚滨,2020Q4,8870000.0,,,1420000.0,1.69,,,,,审慎增持,,
000895.SZ,双汇发展,20200330,食品饮料：政策刺激消费，关注受益板块报复性反弹机会,非个股,一般报告,中信建投,"安雅泽,吕睿竞,纪宗亚,陈语匆",2022Q4,7620000.0,,,721000.0,2.17,,,,,无,,
600426.SH,华鲁恒升,20200330,国泰君安晨报,非个股,一般报告,国泰君安,李明刚,2021Q4,,,,281412.137,1.73,,,,,增持,,20.7
000338.SZ,潍柴动力,20200330,国泰君安晨报,非个股,一般报告,国泰君安,"徐伟东,吴晓飞,陈麟瓒",2022Q4,,,,1412229.553,1.78,,,,,增持,,18.4
600519.SH,贵州茅台,20200330,海通证券研究所重点推荐股票池（2020年4月）,非个股,一般报告,海通证券,闻宏伟,2019Q4,,,,4262279.135,33.93,,,,,无,,
300699.SZ,光威复材,20200330,次新股指数下跌，关注知名特种TPU专业生产商美瑞新材——中小盘次新股／科创板周报一百四十五期（2020／3／23－2020／3／27）,非个股,一般报告,申万宏源证券,无,2019Q4,,,,51835.0,1.0,,,,,无,,
600027.SH,华电国际,20200330,国泰君安晨报,非个股,一般报告,国泰君安,"周妍,张爱宁",2021Q4,,,,591778.599,0.6,,,,,增持,,5.45
603317.SH,天味食品,20200330,次新股指数下跌，关注知名特种TPU专业生产商美瑞新材——中小盘次新股／科创板周报一百四十五期（2020／3／23－2020／3／27）,非个股,一般报告,申万宏源证券,无,2019Q4,,,,30573.47,0.74,,,,,无,,
000333.SZ,美的集团,20200330,财信证券晨会纪要,非个股,一般报告,财信证券,"黄红卫,彭敏",2020Q4,,,,2600600.0,3.72,,,,,推荐,,
000860.SZ,顺鑫农业,20200330,食品饮料行业2020年一季报业绩前瞻：疫情当下降低预期，继续把握两条主线,非个股,一般报告,华创证券,"方振,董广阳,于芝欢,程航,杨传忻",2020Q1,548000.0,,,51000.0,0.688,,,,,无,,
600438.SH,通威股份,20200330,海通证券研究所重点推荐股票池（2020年4月）,非个股,一般报告,海通证券,张一弛,2019Q4,,,,300149.898,0.7,,,,,无,,
300400.SZ,劲拓股份,20200330,次新股指数下跌，关注知名特种TPU专业生产商美瑞新材——中小盘次新股／科创板周报一百四十五期（2020／3／23－2020／3／27）,非个股,一般报告,申万宏源证券,无,2020Q4,,,,9271.764,0.38,,,,,无,,
600985.SH,淮北矿业,20200330,国泰君安晨报,非个股,一般报告,国泰君安,翟堃,2021Q4,,,,367137.668,1.69,,,,,增持,,12.63
601865.SH,福莱特,20200330,次新股指数下跌，关注知名特种TPU专业生产商美瑞新材——中小盘次新股／科创板周报一百四十五期（2020／3／23－2020／3／27）,非个股,一般报告,申万宏源证券,无,2021Q4,,,,142350.0,0.73,,,,,无,,
002463.SZ,沪电股份,20200330,电子：CIS供需偏紧有望维持；建议关注本土疫情好转后供应链机会,非个股,一般报告,中信建投,"雷鸣,季清斌",2020Q4,,,,157000.0,0.91,,,,,无,,
603501.SH,韦尔股份,20200330,电子：CIS供需偏紧有望维持；建议关注本土疫情好转后供应链机会,非个股,一般报告,中信建投,"雷鸣,季清斌",2020Q4,,,,250000.0,2.89,,,,,无,,
600031.SH,三一重工,20200330,兴业证券晨会纪要,非个股,一般报告,兴业证券,张亚滨,2021Q4,9310000.0,,,1640000.0,1.95,,,,,审慎增持,,
300699.SZ,光威复材,20200330,次新股指数下跌，关注知名特种TPU专业生产商美瑞新材——中小盘次新股／科创板周报一百四十五期（2020／3／23－2020／3／27）,非个股,一般报告,申万宏源证券,无,2021Q4,,,,80344.25,1.55,,,,,无,,
002129.SZ,中环股份,20200330,国泰君安晨报,非个股,一般报告,国泰君安,"庞钧文,徐云飞",2022Q4,,,,245093.77,0.88,,,,,增持,,21.9
601398.SH,工商银行,20200330,国泰君安晨报,非个股,一般报告,国泰君安,"袁梓芳,郭昶皓",2020Q4,,,,31720156.881,0.89,,,,,增持,,8.1
603444.SH,吉比特,20200330,海通证券研究所重点推荐股票池（2020年4月）,非个股,一般报告,海通证券,"郝艳辉,毛云聪",2019Q4,,,,91914.762,12.79,,,,,无,,
600887.SH,伊利股份,20200330,食品饮料行业2020年一季报业绩前瞻：疫情当下降低预期，继续把握两条主线,非个股,一般报告,华创证券,"方振,董广阳,于芝欢,程航,杨传忻",2019Q4,8982000.0,,,716000.0,1.18,,,,,无,,
002607.SZ,中公教育,20200330,海通证券研究所重点推荐股票池（2020年4月）,非个股,一般报告,海通证券,许樱之,2020Q4,,,,252863.375,0.41,,,,,无,,
603916.SH,苏博特,20200330,申万宏源晨会纪要,非个股,一般报告,申万宏源证券,"李楠竹,宋涛,马昕晔",2020Q4,,,,45000.0,1.449,,,,,增持,,
300782.SZ,卓胜微,20200330,电子：CIS供需偏紧有望维持；建议关注本土疫情好转后供应链机会,非个股,一般报告,中信建投,"雷鸣,季清斌",2019Q4,,,,49000.0,4.9,,,,,无,,
601155.SH,新城控股,20200330,兴业证券晨会纪要,非个股,一般报告,兴业证券,徐鸥鹭,2020Q4,,,,1521032.101,6.74,,,,,买入,,
688030.SH,山石网科,20200330,山石网科：网络安全技术创新领导企业,,首份报告,上海证券,滕文飞,2021Q4,114636.0,,16051.0,14045.0,0.779,54.25,,18.46,,无,,
002153.SZ,石基信息,20200330,关注华为鲲鹏产业链与信创领域重点公司—计算机周报,非个股,一般报告,民生证券,"强超廷,郭新宇,应瑛",2020Q4,,,,65245.857,0.61,,,,,推荐,,
688016.SH,心脉医疗,20200330,心脉医疗：已上市品类高增长，未来新品有望放量,,一般报告,国金证券,袁维,2020Q4,43500.0,34600.0,21500.0,18500.0,2.563,62.97,,15.68,,买入,,
600879.SH,航天电子,20200330,航天电子：航天军品带动业绩增长,一般,一般报告,华泰证券,"王宗超,何亮",2022Q4,1724423.0,,80544.0,63026.0,0.23,28.13,,4.52,11.9,买入,7.45,7.16
600909.SH,华安证券,20200330,华安证券公司年报点评：投行业务收入大增，归母净利润＋100％,点评,一般报告,海通证券,"孙婷,何婷,任广博",2022Q4,297200.0,,149700.0,122600.0,0.34,,,,,优于大市,,
601869.SH,长飞光纤,20200330,长飞光纤：5G建设缓解行业压力，2H20有望重回增长通道,点评,一般报告,中金,"闫慧辰,黄乐平,李诗雯",2020Q4,839200.0,194600.0,99700.0,88500.0,1.17,29.8,0.4,9.6,20.1,跑赢行业,,46.7
600879.SH,航天电子,20200330,航天电子：航天军品带动业绩增长,一般,一般报告,华泰证券,"王宗超,何亮",2021Q4,1580560.0,,74473.0,58275.0,0.21,30.42,,4.38,12.9,买入,7.45,7.16
601319.SH,中国人保,20200330,中国人保公司年报点评：综合成本率小幅上升，寿险、健康险价值持续增长,点评,一般报告,海通证券,"孙婷,李芳洲",2022Q4,75770900.0,,6075700.0,2849400.0,0.64,9.86,,12.61,,中性,,
600305.SH,恒顺醋业,20200330,食品饮料行业2020年一季报业绩前瞻：疫情当下降低预期，继续把握两条主线,非个股,一般报告,华创证券,"方振,董广阳,于芝欢,程航,杨传忻",2019Q4,186000.0,,,35000.0,0.447,,,,,无,,
600426.SH,华鲁恒升,20200330,国泰君安晨报,非个股,一般报告,国泰君安,李明刚,2022Q4,,,,318825.311,1.96,,,,,增持,,20.7
300607.SZ,拓斯达,20200330,国泰君安晨报,非个股,一般报告,国泰君安,"黄琨,胡刚",2019Q4,,,,19527.332,1.32,,,,,增持,,83.75
603993.SH,洛阳钼业,20200330,洛阳钼业：2019年业绩同比回落，铜、钴价格短期缺乏上行动能,点评,一般报告,中金,"詹奥博,陈彦,胡珈铭,林轩",2020Q4,6955500.0,474800.0,144900.0,114100.0,0.0528,65.7,0.8,2.8,17.5,跑赢行业,,3.8
601088.SH,中国神华,20200330,中国神华：2019年盈利基本持平，分红上升凸显股息收益率吸引力,点评,一般报告,中金,"陈彦,林轩,胡珈铭",2020Q4,21860000.0,8931200.0,6240600.0,4045100.0,2.03,8.0,7.2,11.2,4.4,跑赢行业,,21.0
601319.SH,中国人保,20200330,中国人保公司年报点评：综合成本率小幅上升，寿险、健康险价值持续增长,点评,一般报告,海通证券,"孙婷,李芳洲",2020Q4,61441200.0,,3353000.0,2047800.0,0.46,13.71,,10.91,,中性,,
002117.SZ,东港股份,20200330,东港股份：产能陆续复工，关注电子发票等新业务进展,点评,一般报告,中金,"林瑶,樊俊豪",2020Q4,157900.0,,31600.0,28100.0,0.52,22.1,2.3,16.4,10.5,跑赢行业,,13.2
688016.SH,心脉医疗,20200330,心脉医疗：Castor显著放量，更多新品有望陆续上市,,一般报告,平安证券,"叶寅,倪亦道",2022Q4,80800.0,,39500.0,34100.0,4.74,34.0,,19.0,25.2,推荐,,
688016.SH,心脉医疗,20200330,心脉医疗：已上市品类高增长，未来新品有望放量,,一般报告,国金证券,袁维,2022Q4,73000.0,58300.0,36100.0,30900.0,4.294,37.59,,20.52,,买入,,
688016.SH,心脉医疗,20200330,心脉医疗：已上市品类高增长，未来新品有望放量,,一般报告,国金证券,袁维,2021Q4,56400.0,44800.0,28100.0,24100.0,3.344,48.26,,18.22,,买入,,
688016.SH,心脉医疗,20200330,心脉医疗2019年业绩点评公司简：主动脉支架业务快速增长，全年业绩略超预期,,一般报告,光大证券,"林小伟,吴佳青",2020Q4,44400.0,,21700.0,18600.0,2.59,62.0,0.5,15.47,51.5,无,,
600598.SH,北大荒,20200330,北大荒：主业发展稳健，行业景气度有望提高,点评,一般报告,中金,"孙扬,张宇茜",2020Q4,335100.0,285800.0,110900.0,111700.0,0.63,25.1,2.4,16.3,19.5,跑赢行业,,17.4
002643.SZ,万润股份,20200330,万润股份：看好中长期成长性，建议逢低布局,点评,一般报告,中金,"贾雄伟,李璇",2020Q4,338600.0,,75900.0,63000.0,0.69,19.0,1.6,12.5,11.5,跑赢行业,,19.5
002643.SZ,万润股份,20200330,万润股份：看好中长期成长性，建议逢低布局,点评,一般报告,中金,"贾雄伟,李璇",2021Q4,397200.0,,90100.0,75000.0,0.82,16.0,1.9,13.5,9.5,跑赢行业,,19.5
002117.SZ,东港股份,20200330,东港股份：产能陆续复工，关注电子发票等新业务进展,点评,一般报告,中金,"林瑶,樊俊豪",2019Q4,150100.0,,30000.0,26700.0,0.49,23.3,2.1,16.3,11.2,跑赢行业,,13.2
002396.SZ,星网锐捷,20200330,星网锐捷公司动态点评：业务结构持续优化，云计算业务全面精进,点评,首次关注,长城证券,"吴彤,余芳沁",2021Q4,1236955.0,,138128.0,96695.0,1.66,24.21,,19.0,14.89,推荐,,
688016.SH,心脉医疗,20200330,心脉医疗2019年业绩点评公司简：主动脉支架业务快速增长，全年业绩略超预期,,一般报告,光大证券,"林小伟,吴佳青",2021Q4,61000.0,,29800.0,25600.0,3.56,45.0,0.7,18.3,36.0,无,,
688009.SH,中国通号,20200330,中国通号2019年度业绩点评：业绩稳健增长，受益于城轨“新基建”投资,,首次关注,光大证券,"陈佳宁,王锐",2021Q4,5001100.0,,629300.0,476100.0,0.45,14.4,3.8,10.42,10.0,买入,,8.0
603993.SH,洛阳钼业,20200330,洛阳钼业：2019年业绩同比回落，铜、钴价格短期缺乏上行动能,点评,一般报告,中金,"詹奥博,陈彦,胡珈铭,林轩",2021Q4,11152600.0,,259500.0,204300.0,0.0946,36.7,1.4,4.9,16.2,跑赢行业,,3.8
688016.SH,心脉医疗,20200330,心脉医疗2019年业绩点评公司简：主动脉支架业务快速增长，全年业绩略超预期,,一般报告,光大证券,"林小伟,吴佳青",2022Q4,82600.0,,41200.0,35400.0,4.92,33.0,1.0,21.2,25.8,无,,
002396.SZ,星网锐捷,20200330,星网锐捷公司动态点评：业务结构持续优化，云计算业务全面精进,点评,首次关注,长城证券,"吴彤,余芳沁",2022Q4,1453548.0,,160569.0,112166.0,1.92,20.87,,18.2,12.62,推荐,,
688016.SH,心脉医疗,20200330,心脉医疗：Castor显著放量，更多新品有望陆续上市,,一般报告,平安证券,"叶寅,倪亦道",2021Q4,60100.0,,29200.0,25300.0,3.51,46.0,,17.3,34.8,推荐,,
600909.SH,华安证券,20200330,华安证券公司年报点评：投行业务收入大增，归母净利润＋100％,点评,一般报告,海通证券,"孙婷,何婷,任广博",2020Q4,286100.0,,140800.0,115300.0,0.32,,,,,优于大市,,
688222.SH,成都先导,20200330,成都先导新股研究报告：DEL助力提高药物发现效率，技术驱动的特色CRO,,首份报告,海通证券,"余文心,范国钦",2020Q4,36360.0,,14000.0,12800.0,0.32,0.0,,9.4,,无,,
688009.SH,中国通号,20200330,中国通号2019年度业绩点评：业绩稳健增长，受益于城轨“新基建”投资,,首次关注,光大证券,"陈佳宁,王锐",2020Q4,4604000.0,,556700.0,421500.0,0.4,16.2,3.3,9.75,11.5,买入,,8.0
002643.SZ,万润股份,20200330,万润股份：看好中长期成长性，建议逢低布局,点评,一般报告,中金,"贾雄伟,李璇",2019Q4,287000.0,,61100.0,50600.0,0.56,23.7,1.3,11.0,14.4,跑赢行业,,19.5
600598.SH,北大荒,20200330,北大荒：主业发展稳健，行业景气度有望提高,点评,一般报告,中金,"孙扬,张宇茜",2021Q4,359800.0,,129800.0,130600.0,0.73,21.5,2.8,17.6,16.7,跑赢行业,,17.4
600879.SH,航天电子,20200330,航天电子：航天军品带动业绩增长,一般,一般报告,华泰证券,"王宗超,何亮",2020Q4,1435789.0,,64578.0,50533.0,0.19,35.09,,3.97,14.82,买入,7.45,7.16
002117.SZ,东港股份,20200330,东港股份：产能陆续复工，关注电子发票等新业务进展,点评,一般报告,中金,"林瑶,樊俊豪",2021Q4,170000.0,,34300.0,30500.0,0.56,20.4,2.5,16.3,9.4,跑赢行业,,13.2
688222.SH,成都先导,20200330,成都先导新股研究报告：DEL助力提高药物发现效率，技术驱动的特色CRO,,首份报告,海通证券,"余文心,范国钦",2019Q4,26420.0,,13300.0,12000.0,0.3,0.0,,23.5,,无,,
688016.SH,心脉医疗,20200330,心脉医疗：Castor显著放量，更多新品有望陆续上市,,一般报告,平安证券,"叶寅,倪亦道",2020Q4,44200.0,,21600.0,18700.0,2.59,62.2,,15.5,47.9,推荐,,
002706.SZ,良信电器,20200330,良信电器：研发立本提质增效，新基建拉动增长，业绩符合预期,点评,一般报告,中金,"曾韬,赵宇辰,刘俊",2021Q4,342800.0,141200.0,54100.0,46000.0,0.59,18.4,3.8,22.0,12.9,跑赢行业,,14.5
688009.SH,中国通号,20200330,中国通号2019年度业绩点评：业绩稳健增长，受益于城轨“新基建”投资,,首次关注,光大证券,"陈佳宁,王锐",2022Q4,5348600.0,,699300.0,528400.0,0.5,12.9,4.2,10.92,9.0,买入,,8.0
601319.SH,中国人保,20200330,中国人保公司年报点评：综合成本率小幅上升，寿险、健康险价值持续增长,点评,一般报告,海通证券,"孙婷,李芳洲",2021Q4,68729000.0,,4005400.0,2434100.0,0.55,11.54,,11.69,,中性,,
600361.SH,华联综超,20200330,华联综超：超市预计仍面临竞争压力，后续关注经营效率变化情况,调研,一般报告,中金,"樊俊豪,徐卓楠",2021Q4,1235300.0,,8900.0,8100.0,0.12,32.6,3.6,2.9,1.4,中性,,4.2
688222.SH,成都先导,20200330,成都先导新股研究报告：DEL助力提高药物发现效率，技术驱动的特色CRO,,首份报告,海通证券,"余文心,范国钦",2022Q4,76110.0,,31000.0,28200.0,0.7,0.0,,15.3,,无,,
601869.SH,长飞光纤,20200330,长飞光纤：5G建设缓解行业压力，2H20有望重回增长通道,点评,一般报告,中金,"闫慧辰,黄乐平,李诗雯",2021Q4,974600.0,244100.0,125900.0,111500.0,1.47,23.6,0.5,11.1,15.6,跑赢行业,,46.7
601088.SH,中国神华,20200330,中国神华：2019年盈利基本持平，分红上升凸显股息收益率吸引力,点评,一般报告,中金,"陈彦,林轩,胡珈铭",2021Q4,22616600.0,,6265300.0,4061100.0,2.04,8.0,7.3,10.8,4.2,跑赢行业,,21.0
002396.SZ,星网锐捷,20200330,星网锐捷公司动态点评：业务结构持续优化，云计算业务全面精进,点评,首次关注,长城证券,"吴彤,余芳沁",2020Q4,1054328.0,,111634.0,77652.0,1.33,30.15,,18.6,18.61,推荐,,
600909.SH,华安证券,20200330,华安证券公司年报点评：投行业务收入大增，归母净利润＋100％,点评,一般报告,海通证券,"孙婷,何婷,任广博",2021Q4,286100.0,,141800.0,116100.0,0.32,,,,,优于大市,,
601869.SH,长飞光纤,20200330,长飞光纤：5G建设缓解行业压力，2H20有望重回增长通道,点评,一般报告,中金,"闫慧辰,黄乐平,李诗雯",2019Q4,776900.0,183400.0,88300.0,80100.0,1.06,32.9,0.4,9.4,23.1,跑赢行业,,46.7
600361.SH,华联综超,20200330,华联综超：超市预计仍面临竞争压力，后续关注经营效率变化情况,调研,一般报告,中金,"樊俊豪,徐卓楠",2020Q4,1211100.0,,7900.0,7200.0,0.11,36.6,3.2,2.6,0.3,中性,,4.2
688222.SH,成都先导,20200330,成都先导新股研究报告：DEL助力提高药物发现效率，技术驱动的特色CRO,,首份报告,海通证券,"余文心,范国钦",2021Q4,52920.0,,21900.0,19900.0,0.5,0.0,,12.7,,无,,
601818.SH,光大银行,20200330,光大银行：息差走阔带动盈利高增，“一流财富管理银行”转型潜力大,一般,首次关注,东兴证券,"林瑾璐,田馨宇",2020Q4,14220000.0,,5450000.0,4130000.0,0.79,4.66,,12.33,,强烈推荐,,
600729.SH,重庆百货,20200330,重庆百货：深化混改启动要约收购，市场化机制变革助力新重百启航,点评,一般报告,中金,"樊俊豪,徐卓楠",2019Q4,3401700.0,,124200.0,96200.0,2.37,11.4,2.9,16.1,5.5,跑赢行业,,39.5
600600.SH,青岛啤酒,20200330,青岛啤酒：高端稳步扩张，股权激励激活力，上调H股至跑赢行业,一般,一般报告,中金,"吕若晨,周悦琅,余驰",2021Q4,3030600.0,,338200.0,217700.0,1.61,27.6,1.3,10.3,12.7,跑赢行业,,49.35
600600.SH,青岛啤酒,20200330,青岛啤酒：高端稳步扩张，股权激励激活力，上调H股至跑赢行业,一般,一般报告,中金,"吕若晨,周悦琅,余驰",2020Q4,2799800.0,,285200.0,189900.0,1.41,31.6,1.3,9.6,15.6,跑赢行业,,49.35
600361.SH,华联综超,20200330,华联综超：超市预计仍面临竞争压力，后续关注经营效率变化情况,调研,一般报告,中金,"樊俊豪,徐卓楠",2019Q4,1182700.0,,6700.0,6100.0,0.09,43.4,0.4,2.2,1.5,中性,,4.2
002706.SZ,良信电器,20200330,良信电器：研发立本提质增效，新基建拉动增长，业绩符合预期,点评,一般报告,中金,"曾韬,赵宇辰,刘俊",2020Q4,273800.0,112600.0,43400.0,37300.0,0.48,22.6,3.1,19.7,16.3,跑赢行业,,14.5
600958.SH,东方证券,20200330,东方证券：投资业务贡献主要业绩增量；资管主动管理规模持续提升,点评,一般报告,中金,"蒲寒,姚泽宇,王瑶平",2021Q4,2403500.0,,411100.0,349700.0,0.5,18.5,2.2,6.1,,中性,,11.5
600958.SH,东方证券,20200330,东方证券：投资业务贡献主要业绩增量；资管主动管理规模持续提升,点评,一般报告,中金,"蒲寒,姚泽宇,王瑶平",2020Q4,2125700.0,,390000.0,331000.0,0.47,19.6,2.0,6.0,,中性,,11.5
600729.SH,重庆百货,20200330,重庆百货：深化混改启动要约收购，市场化机制变革助力新重百启航,点评,一般报告,中金,"樊俊豪,徐卓楠",2021Q4,3342400.0,,151600.0,120300.0,2.96,9.1,3.5,15.7,4.1,跑赢行业,,39.5
600729.SH,重庆百货,20200330,重庆百货：深化混改启动要约收购，市场化机制变革助力新重百启航,点评,一般报告,中金,"樊俊豪,徐卓楠",2020Q4,3253300.0,,132900.0,104900.0,2.58,10.5,3.1,15.5,4.5,跑赢行业,,39.5
002459.SZ,晶澳科技,20200330,晶澳科技：一体化组件龙头，业绩实现大幅增长,点评,首次关注,安信证券,"邓永康,吴用,彭广春,丁肖逸",2021Q4,3397290.0,,218810.0,170010.0,1.27,10.0,0.0,15.3,4.4,买入,,15.6
603060.SH,国检集团,20200330,国检集团：4Q19业绩恢复强劲增长，2020增长目标彰显信心,点评,一般报告,中金,"詹奥博,孔舒",2021Q4,158900.0,71700.0,37500.0,27700.0,0.9,21.3,1.6,18.0,13.5,跑赢行业,,27.45
603060.SH,国检集团,20200330,国检集团：4Q19业绩恢复强劲增长，2020增长目标彰显信心,点评,一般报告,中金,"詹奥博,孔舒",2020Q4,133300.0,60300.0,32400.0,24200.0,0.79,24.3,1.2,18.0,15.6,跑赢行业,,27.45
601881.SH,中国银河,20200330,中国银河：债券投资驱动业绩增长、经纪业务表现优于同业,点评,一般报告,中金,"姚泽宇,蒲寒,王瑶平",2020Q4,1774300.0,,724400.0,553900.0,0.55,5.8,5.1,7.6,,无,,
600600.SH,青岛啤酒,20200330,青岛啤酒：高端增长强劲，产能优化持续推进,点评,一般报告,华泰证券,"贺琪,张晋溢,李晴",2022Q4,3079000.0,,416100.0,292000.0,2.16,20.57,,10.95,11.03,买入,60.09,58.62
600600.SH,青岛啤酒,20200330,青岛啤酒：高端增长强劲，产能优化持续推进,点评,一般报告,华泰证券,"贺琪,张晋溢,李晴",2021Q4,2957400.0,,354800.0,241900.0,1.79,24.82,,10.21,12.64,买入,60.09,58.62
600600.SH,青岛啤酒,20200330,青岛啤酒：高端增长强劲，产能优化持续推进,点评,一般报告,华泰证券,"贺琪,张晋溢,李晴",2020Q4,2673700.0,,290400.0,198000.0,1.47,30.33,,9.33,15.08,买入,60.09,58.62
002459.SZ,晶澳科技,20200330,晶澳科技：一体化组件龙头，业绩实现大幅增长,点评,首次关注,安信证券,"邓永康,吴用,彭广春,丁肖逸",2022Q4,4218110.0,,252690.0,196340.0,1.46,8.7,0.0,15.0,3.5,买入,,15.6
002459.SZ,晶澳科技,20200330,晶澳科技：一体化组件龙头，业绩实现大幅增长,点评,首次关注,安信证券,"邓永康,吴用,彭广春,丁肖逸",2020Q4,2600480.0,,179150.0,139190.0,1.04,12.3,0.0,14.8,5.5,买入,,15.6
000902.SZ,新洋丰,20200330,新洋丰：建设合成氨技改项目，进一步完善产业链,点评,一般报告,中金,"贾雄伟,李璇",2021Q4,1143300.0,,126300.0,100000.0,0.77,10.3,3.1,13.2,5.4,跑赢行业,,10.8
000902.SZ,新洋丰,20200330,新洋丰：建设合成氨技改项目，进一步完善产业链,点评,一般报告,中金,"贾雄伟,李璇",2020Q4,1014500.0,194200.0,103200.0,81600.0,0.63,12.6,2.5,11.8,6.9,跑赢行业,,10.8
000902.SZ,新洋丰,20200330,新洋丰：建设合成氨技改项目，进一步完善产业链,点评,一般报告,中金,"贾雄伟,李璇",2019Q4,964700.0,177300.0,84900.0,67000.0,0.51,15.3,2.1,10.4,8.5,跑赢行业,,10.8
000488.SZ,晨鸣纸业,20200330,晨鸣纸业：资产负债表修复明显，2020年盈利与资产质量均有望改善,点评,一般报告,中金,"陈彦,李可悦,龚晴",2021Q4,3210000.0,,283200.0,229800.0,0.79,5.8,4.5,8.3,6.3,中性,,5.35
000488.SZ,晨鸣纸业,20200330,晨鸣纸业：资产负债表修复明显，2020年盈利与资产质量均有望改善,点评,一般报告,中金,"陈彦,李可悦,龚晴",2020Q4,3162500.0,917300.0,249500.0,198700.0,0.68,6.7,3.9,7.7,6.6,中性,,5.35
000063.SZ,中兴通讯,20200330,中兴通讯2019年年报点评：运营商业务发展向好，有望受益新基建投资,一般,一般报告,西部证券,"邢开允,胡朗",2022Q4,14459900.0,,1205600.0,971700.0,2.11,20.6,,14.8,,买入,,
000063.SZ,中兴通讯,20200330,中兴通讯2019年年报点评：运营商业务发展向好，有望受益新基建投资,一般,一般报告,西部证券,"邢开允,胡朗",2021Q4,12691900.0,,991500.0,789100.0,1.71,25.4,,13.9,,买入,,
000063.SZ,中兴通讯,20200330,中兴通讯2019年年报点评：运营商业务发展向好，有望受益新基建投资,一般,一般报告,西部证券,"邢开允,胡朗",2020Q4,10772700.0,,793100.0,622700.0,1.35,32.1,,14.2,,买入,,
601788.SH,光大证券,20200330,光大证券：资及资管带动业绩改善；MPS事件2019年新增16亿元预计负债,一般,一般报告,中金,"蒲寒,姚泽宇,王瑶平",2021Q4,1259800.0,,499300.0,257700.0,0.56,20.3,1.5,5.1,,跑赢行业,,14.54
601788.SH,光大证券,20200330,光大证券：资及资管带动业绩改善；MPS事件2019年新增16亿元预计负债,一般,一般报告,中金,"蒲寒,姚泽宇,王瑶平",2020Q4,1176800.0,,456900.0,235900.0,0.51,22.2,1.4,4.9,,跑赢行业,,14.54
601881.SH,中国银河,20200330,中国银河：债券投资驱动业绩增长、经纪业务表现优于同业,点评,一般报告,中金,"姚泽宇,蒲寒,王瑶平",2021Q4,1833400.0,,773000.0,591200.0,0.58,5.5,5.5,7.7,,无,,
600528.SH,中铁工业,20200330,中铁工业：受益轨交新基建，低估值稳健发展,深度,首次评级,民生证券,刘振宇,2021Q4,2679700.0,,265000.0,239100.0,1.07,8.8,0.0,10.5,5.4,推荐,,
600528.SH,中铁工业,20200330,中铁工业：受益轨交新基建，低估值稳健发展,深度,首次评级,民生证券,刘振宇,2019Q4,2043100.0,,213200.0,193300.0,0.86,10.9,0.0,10.6,7.0,推荐,,
002697.SZ,红旗连锁,20200330,红旗连锁2019年年报点评：加速展店巩固区域优势，业绩受投资收益影响大增,一般,一般报告,国信证券,"张峻豪,曾光,冯思捷",2022Q4,1034700.0,,84600.0,76200.0,0.56,16.5,0.7,15.7,21.0,增持,,
000728.SZ,国元证券,20200330,国元证券公司年报点评：投资收益高增长推动净利润＋36％,点评,一般报告,海通证券,"孙婷,何婷",2021Q4,382300.0,,185600.0,147400.0,0.44,,,,,优于大市,,
601939.SH,建设银行,20200330,建设银行：业绩平稳增长，资产质量持续夯实——2019年年报点评,点评,一般报告,兴业证券,"傅慧芳,陈绍兴,李英",2022Q4,83668700.0,,37301200.0,30459500.0,1.2,,,11.45,,审慎增持,,
600528.SH,中铁工业,20200330,中铁工业：受益轨交新基建，低估值稳健发展,深度,首次评级,民生证券,刘振宇,2020Q4,2365200.0,,236600.0,223800.0,1.0,9.4,0.0,10.5,4.4,推荐,,
002697.SZ,红旗连锁,20200330,红旗连锁2019年年报点评：加速展店巩固区域优势，业绩受投资收益影响大增,一般,一般报告,国信证券,"张峻豪,曾光,冯思捷",2021Q4,934300.0,,75900.0,68300.0,0.5,18.4,0.7,16.3,23.2,增持,,
002697.SZ,红旗连锁,20200330,红旗连锁2019年年报点评：加速展店巩固区域优势，业绩受投资收益影响大增,一般,一般报告,国信证券,"张峻豪,曾光,冯思捷",2020Q4,852500.0,,66400.0,59800.0,0.44,21.0,0.6,16.7,26.5,增持,,
002361.SZ,神剑股份,20200330,神剑股份：盈利提升+布局NPG，聚酯细分龙头发展可期,深度,首次评级,民生证券,邓健全,2021Q4,236600.0,,22900.0,19700.0,0.235,17.7,4.8,10.5,11.6,推荐,,
002361.SZ,神剑股份,20200330,神剑股份：盈利提升+布局NPG，聚酯细分龙头发展可期,深度,首次评级,民生证券,邓健全,2020Q4,226900.0,,20700.0,17600.0,0.21,19.8,4.3,9.5,11.7,推荐,,
002361.SZ,神剑股份,20200330,神剑股份：盈利提升+布局NPG，聚酯细分龙头发展可期,深度,首次评级,民生证券,邓健全,2019Q4,209800.0,,15100.0,12900.0,0.154,27.1,3.6,7.0,13.5,推荐,,
601939.SH,建设银行,20200330,建设银行：业绩平稳增长，资产质量持续夯实——2019年年报点评,点评,一般报告,兴业证券,"傅慧芳,陈绍兴,李英",2021Q4,79613500.0,,35711800.0,29161700.0,1.15,,,11.96,,审慎增持,,
601939.SH,建设银行,20200330,建设银行：业绩平稳增长，资产质量持续夯实——2019年年报点评,点评,一般报告,兴业证券,"傅慧芳,陈绍兴,李英",2020Q4,75608800.0,,34157700.0,27892700.0,1.1,,,12.51,,审慎增持,,
002674.SZ,兴业科技,20200330,兴业科技：疫情拖累下游客户需求，关注后续新客户拓展情况,点评,一般报告,中金,"林瑶,樊俊豪",2021Q4,143600.0,,16900.0,14000.0,0.46,18.8,3.7,6.0,12.9,中性,,11.0
002674.SZ,兴业科技,20200330,兴业科技：疫情拖累下游客户需求，关注后续新客户拓展情况,点评,一般报告,中金,"林瑶,樊俊豪",2020Q4,135200.0,,15300.0,12800.0,0.42,20.7,3.4,5.6,14.2,中性,,11.0
002674.SZ,兴业科技,20200330,兴业科技：疫情拖累下游客户需求，关注后续新客户拓展情况,点评,一般报告,中金,"林瑶,樊俊豪",2019Q4,156600.0,,16900.0,14200.0,0.47,18.6,3.8,6.2,13.1,中性,,11.0
000728.SZ,国元证券,20200330,国元证券公司年报点评：投资收益高增长推动净利润＋36％,点评,一般报告,海通证券,"孙婷,何婷",2022Q4,395700.0,,196000.0,155700.0,0.46,,,,,优于大市,,
603659.SH,璞泰来,20200330,璞泰来：盈利能力逐季回暖，定增50亿加码一体化布局,点评,首份报告,上海证券,孙克遥,2020Q4,633964.0,,112400.0,94239.0,2.17,29.7,,22.05,,增持,,
601828.SH,美凯龙,20200330,美凯龙：疫情拖累短期租金收入，股权激励计划彰显未来信心,点评,一般报告,中金,"樊俊豪,徐卓楠",2021Q4,2280900.0,1384800.0,804100.0,598300.0,1.69,5.7,3.7,11.5,4.8,跑赢行业,,12.5
603659.SH,璞泰来,20200330,璞泰来：盈利能力逐季回暖，定增50亿加码一体化布局,点评,首份报告,上海证券,孙克遥,2022Q4,956836.0,,186800.0,156309.0,3.59,17.9,,22.82,,增持,,
603659.SH,璞泰来,20200330,璞泰来：盈利能力逐季回暖，定增50亿加码一体化布局,点评,首份报告,上海证券,孙克遥,2021Q4,795178.0,,148300.0,124192.0,2.85,22.53,,22.93,,增持,,
601828.SH,美凯龙,20200330,美凯龙：疫情拖累短期租金收入，股权激励计划彰显未来信心,点评,一般报告,中金,"樊俊豪,徐卓楠",2020Q4,1841000.0,1125800.0,658900.0,490100.0,1.38,7.0,3.1,10.3,6.3,跑赢行业,,12.5
601828.SH,美凯龙,20200330,美凯龙：疫情拖累短期租金收入，股权激励计划彰显未来信心,点评,一般报告,中金,"樊俊豪,徐卓楠",2019Q4,1661200.0,1064600.0,637800.0,474400.0,1.34,7.2,3.0,10.9,6.4,跑赢行业,,12.5
601818.SH,光大银行,20200330,光大银行：息差走阔带动盈利高增，“一流财富管理银行”转型潜力大,一般,首次关注,东兴证券,"林瑾璐,田馨宇",2022Q4,16010000.0,,6580000.0,4990000.0,0.95,3.86,,11.78,,强烈推荐,,
000728.SZ,国元证券,20200330,国元证券公司年报点评：投资收益高增长推动净利润＋36％,点评,一般报告,海通证券,"孙婷,何婷",2020Q4,373300.0,,147500.0,117200.0,0.35,,,,,优于大市,,
601818.SH,光大银行,20200330,光大银行：息差走阔带动盈利高增，“一流财富管理银行”转型潜力大,一般,首次关注,东兴证券,"林瑾璐,田馨宇",2021Q4,15410000.0,,5990000.0,4550000.0,0.87,4.24,,12.05,,强烈推荐,,
603008.SH,喜临门,20200330,喜临门：发力线上渠道应对疫情影响，2020年关注渠道、营销模式优化效果,点评,一般报告,中金,"林瑶,樊俊豪",2021Q4,575200.0,,41800.0,36900.0,0.94,12.9,1.5,11.9,8.7,跑赢行业,,14.8
603008.SH,喜临门,20200330,喜临门：发力线上渠道应对疫情影响，2020年关注渠道、营销模式优化效果,点评,一般报告,中金,"林瑶,樊俊豪",2020Q4,510900.0,,39500.0,34800.0,0.89,13.7,1.5,12.4,9.8,跑赢行业,,14.8
603008.SH,喜临门,20200330,喜临门：发力线上渠道应对疫情影响，2020年关注渠道、营销模式优化效果,点评,一般报告,中金,"林瑶,樊俊豪",2019Q4,508700.0,,44000.0,38800.0,0.99,12.3,1.6,15.7,9.8,跑赢行业,,14.8
600201.SH,生物股份,20200330,生物股份：业绩底部已过，公司长期前景可期——公司信息更新报告,点评,一般报告,开源证券,陈雪丽,2022Q4,263300.0,,116200.0,100900.0,0.9,23.1,,16.2,16.7,买入,,
600201.SH,生物股份,20200330,生物股份：业绩底部已过，公司长期前景可期——公司信息更新报告,点评,一般报告,开源证券,陈雪丽,2021Q4,202700.0,,85100.0,75200.0,0.67,31.1,,13.3,23.1,买入,,
600201.SH,生物股份,20200330,生物股份：业绩底部已过，公司长期前景可期——公司信息更新报告,点评,一般报告,开源证券,陈雪丽,2020Q4,141900.0,,51800.0,45200.0,0.4,51.7,,8.5,35.8,买入,,
600132.SH,重庆啤酒,20200330,重庆啤酒：资产注入拉开帷幕，嘉士伯大集团可期,点评,一般报告,国金证券,"寇星,刘宸倩",2020Q4,361000.0,149900.0,65100.0,55000.0,1.136,40.0,,43.69,,买入,,
600132.SH,重庆啤酒,20200330,重庆啤酒：资产注入拉开帷幕，嘉士伯大集团可期,点评,一般报告,国金证券,"寇星,刘宸倩",2019Q4,360000.0,146500.0,75000.0,63800.0,1.318,34.0,,51.0,,买入,,
300127.SZ,银河磁体,20200330,银河磁体：2019年盈利平稳，新建项目有望创造业绩增长点,点评,一般报告,中金,"詹奥博,陈彦,林轩",2021Q4,64932.2,22447.7,20062.2,17223.2,0.53,27.3,1.8,12.9,19.7,中性,,15.0
300127.SZ,银河磁体,20200330,银河磁体：2019年盈利平稳，新建项目有望创造业绩增长点,点评,一般报告,中金,"詹奥博,陈彦,林轩",2020Q4,55649.0,18049.6,16413.0,14090.4,0.44,33.3,1.5,11.1,24.5,中性,,15.0
600600.SH,青岛啤酒,20200330,青岛啤酒年报点评：利润增长略超预期，产品高端化稳步推进,点评,一般报告,川财证券,"欧阳宇剑,郭晓东",2021Q4,2929044.0,,327460.0,234165.0,1.73,25.64,,10.5,,增持,,
600660.SH,福耀玻璃,20200330,福耀玻璃：Q4业绩边际改善，长期成长值得期待,点评,一般报告,财通证券,"彭勇,吴鹏",2021Q4,2308600.0,,385100.0,323900.0,1.29,15.1,3.9,13.6,8.3,增持,,
600660.SH,福耀玻璃,20200330,福耀玻璃：Q4业绩边际改善，长期成长值得期待,点评,一般报告,财通证券,"彭勇,吴鹏",2020Q4,2175900.0,,322600.0,272000.0,1.08,18.0,3.3,12.1,9.7,增持,,
603986.SH,兆易创新,20200330,兆易创新：NOR_Flash景气度延续，业绩进入增长快车道,点评,一般报告,东方财富证券,"何玮,危鹏华",2022Q4,893305.0,,212009.0,199345.0,6.21,40.27,,21.6,35.75,增持,,
603986.SH,兆易创新,20200330,兆易创新：NOR_Flash景气度延续，业绩进入增长快车道,点评,一般报告,东方财富证券,"何玮,危鹏华",2020Q4,456064.0,,105163.0,98882.0,3.08,81.19,,16.23,69.23,增持,,
603060.SH,国检集团,20200330,国检集团：建工建材检测龙头，外延加速可期,点评,一般报告,华泰证券,"王玮嘉,鲍荣富,张雪蓉,方晏荷,施静",2022Q4,190800.0,,46499.0,34953.0,1.13,16.85,,19.34,10.66,买入,25.92,24.3
603060.SH,国检集团,20200330,国检集团：建工建材检测龙头，外延加速可期,点评,一般报告,华泰证券,"王玮嘉,鲍荣富,张雪蓉,方晏荷,施静",2021Q4,160900.0,,39254.0,29507.0,0.96,19.96,,18.91,12.98,买入,25.92,24.3
603060.SH,国检集团,20200330,国检集团：建工建材检测龙头，外延加速可期,点评,一般报告,华泰证券,"王玮嘉,鲍荣富,张雪蓉,方晏荷,施静",2020Q4,134100.0,,33088.0,24872.0,0.81,23.68,,18.39,15.91,买入,25.92,24.3
600600.SH,青岛啤酒,20200330,青岛啤酒：业绩超预期，盈利能力加速提升,点评,一般报告,国金证券,"寇星,刘宸倩",2022Q4,3098400.0,1245600.0,365700.0,265200.0,1.963,23.0,,12.24,,买入,,
600600.SH,青岛啤酒,20200330,青岛啤酒：业绩超预期，盈利能力加速提升,点评,一般报告,国金证券,"寇星,刘宸倩",2021Q4,3008200.0,1191200.0,326800.0,236600.0,1.751,25.0,,11.5,,买入,,
600600.SH,青岛啤酒,20200330,青岛啤酒：业绩超预期，盈利能力加速提升,点评,一般报告,国金证券,"寇星,刘宸倩",2020Q4,2863100.0,1122300.0,281100.0,202800.0,1.501,30.0,,10.29,,买入,,
600009.SH,上海机场,20200330,上海机场公司动态点评：非航收入占比持续新高，疫情不改长期价值,点评,一般报告,长城证券,罗江南,2021Q4,1270995.0,,752642.0,593795.0,3.08,20.15,,15.21,13.75,推荐,,
600009.SH,上海机场,20200330,上海机场公司动态点评：非航收入占比持续新高，疫情不改长期价值,点评,一般报告,长城证券,罗江南,2020Q4,892866.0,,262189.0,207355.0,1.08,57.7,,6.08,35.36,推荐,,
000703.SZ,恒逸石化,20200330,恒逸石化2019年业绩快报点评：文莱项目满产，业绩同比大幅增长,点评,一般报告,方正证券,"李永磊,董伯骏",2021Q4,10557137.0,,767728.0,552764.0,1.95,6.0,,16.0,1.43,强烈推荐,,
000703.SZ,恒逸石化,20200330,恒逸石化2019年业绩快报点评：文莱项目满产，业绩同比大幅增长,点评,一般报告,方正证券,"李永磊,董伯骏",2020Q4,9324083.0,,634483.0,469517.0,1.65,7.06,,16.0,2.23,强烈推荐,,
300759.SZ,康龙化成,20200330,康龙化成：盈利能力提升明显，业绩持续高增长,点评,一般报告,安信证券,"马帅,冯雪云",2020Q4,476890.0,,89310.0,77250.0,0.97,59.5,0.0,9.0,34.0,增持,,
600660.SH,福耀玻璃,20200330,福耀玻璃：Q4业绩边际改善，长期成长值得期待,点评,一般报告,财通证券,"彭勇,吴鹏",2019Q4,2110500.0,,336700.0,289600.0,1.15,16.9,3.5,13.5,10.2,增持,,
600132.SH,重庆啤酒,20200330,重庆啤酒：资产注入拉开帷幕，嘉士伯大集团可期,点评,一般报告,国金证券,"寇星,刘宸倩",2021Q4,381000.0,160400.0,73700.0,62600.0,1.293,35.0,,46.98,,买入,,
300828.SZ,锐新科技,20200330,锐新科技,新股,首份报告,华鑫证券,于芳,Q,,,,,,,,,,无,,
600600.SH,青岛啤酒,20200330,青岛啤酒年报点评：利润增长略超预期，产品高端化稳步推进,点评,一般报告,川财证券,"欧阳宇剑,郭晓东",2022Q4,3104450.0,,371510.0,265659.0,1.97,22.6,,10.9,,增持,,
600600.SH,青岛啤酒,20200330,青岛啤酒年报点评：利润增长略超预期，产品高端化稳步推进,点评,一般报告,川财证券,"欧阳宇剑,郭晓东",2020Q4,2765685.0,,278590.0,199215.0,1.47,30.14,,9.6,,增持,,
603214.SH,爱婴室,20200330,爱婴室2019年报点评：营收业绩稳步提升，符合预期,点评,一般报告,东方财富证券,"孙诗萌,马建华",2022Q4,394447.0,,43179.0,28915.0,2.83,14.1,,17.64,5.97,增持,,
603214.SH,爱婴室,20200330,爱婴室2019年报点评：营收业绩稳步提升，符合预期,点评,一般报告,东方财富证券,"孙诗萌,马建华",2021Q4,344238.0,,37586.0,25229.0,2.47,16.16,,18.09,7.95,增持,,
603214.SH,爱婴室,20200330,爱婴室2019年报点评：营收业绩稳步提升，符合预期,点评,一般报告,东方财富证券,"孙诗萌,马建华",2020Q4,294354.0,,31856.0,21333.0,2.09,19.11,,17.99,9.48,增持,,
603986.SH,兆易创新,20200330,兆易创新：NOR_Flash景气度延续，业绩进入增长快车道,点评,一般报告,东方财富证券,"何玮,危鹏华",2021Q4,639775.0,,147508.0,138697.0,4.32,57.88,,18.85,50.92,增持,,
600009.SH,上海机场,20200330,上海机场公司动态点评：非航收入占比持续新高，疫情不改长期价值,点评,一般报告,长城证券,罗江南,2022Q4,1428725.0,,870833.0,687596.0,3.57,17.4,,15.25,11.19,推荐,,
000703.SZ,恒逸石化,20200330,恒逸石化2019年业绩快报点评：文莱项目满产，业绩同比大幅增长,点评,一般报告,方正证券,"李永磊,董伯骏",2019Q4,8002660.0,,404336.0,315382.0,1.11,10.52,,13.0,2.58,强烈推荐,,
300759.SZ,康龙化成,20200330,康龙化成：盈利能力提升明显，业绩持续高增长,点评,一般报告,安信证券,"马帅,冯雪云",2022Q4,759510.0,,151090.0,129310.0,1.63,35.5,0.0,11.8,20.6,增持,,
300759.SZ,康龙化成,20200330,康龙化成：盈利能力提升明显，业绩持续高增长,点评,一般报告,安信证券,"马帅,冯雪云",2021Q4,605290.0,,119730.0,102470.0,1.29,44.8,0.0,10.6,26.5,增持,,
600009.SH,上海机场,20200330,上海机场2019年年报点评：新产能初期成本压力凸显，免税阶段性放缓无碍景气趋势,点评,一般报告,中信证券,"刘正,扈世民,汤学章",2022Q4,1509700.0,,992900.0,749300.0,3.89,16.0,,17.0,,买入,,
600660.SH,福耀玻璃,20200330,福耀玻璃：4Q毛利率稳中有升；疫情带来短期经营压力,点评,一般报告,中金,"李凌云,王雷",2020Q4,2144100.0,,330100.0,280900.0,1.12,17.5,3.8,13.0,9.6,跑赢行业,,25.0
002713.SZ,东易日盛,20200330,东易日盛：预告2019年业绩亏损，疫情预计对公司Q1仍带来压力,点评,一般报告,中金,"林瑶,樊俊豪",2020Q4,393200.0,,35800.0,22300.0,0.53,12.0,7.5,25.0,4.9,跑赢行业,,8.2
603214.SH,爱婴室,20200330,爱婴室年报点评：门店优势市场持续开发，毛利率仍有提升空间,一般,一般报告,国海证券,余春生,2020Q4,271200.0,,25200.0,17100.0,1.68,24.72,,13.61,,买入,,
603866.SH,桃李面包,20200330,桃李面包深度报告：短保面包行业龙头，业绩稳健全国扩张,深度,首份报告,渤海证券,杨旭,2019Q4,564400.0,,87700.0,68300.0,1.04,40.94,,17.9,28.23,增持,,
603214.SH,爱婴室,20200330,爱婴室年报点评：门店优势市场持续开发，毛利率仍有提升空间,一般,一般报告,国海证券,余春生,2022Q4,366300.0,,40200.0,27300.0,2.68,15.46,,15.39,,买入,,
000063.SZ,中兴通讯,20200330,中兴通讯：扣非增速符合预期，新基建与流量主线长期受益,点评,一般报告,申万宏源证券,"朱型檑,李国盛",2021Q4,13630300.0,5061000.0,998800.0,811300.0,1.76,25.0,,16.4,,买入,,
600754.SH,锦江酒店,20200330,锦江酒店：酒店业绩快速增长，治理持续改善,一般,一般报告,华泰证券,"梅昕,孙丹阳",2021Q4,1619800.0,,217700.0,144700.0,1.51,16.63,,10.32,9.84,增持,33.22,28.69
002228.SZ,合兴包装,20200330,合兴包装：2019年营收承压，2020年关注疫情影响与PSCP新业务拓展,点评,一般报告,中金,"樊俊豪,林瑶",2019Q4,1109700.0,,36700.0,26900.0,0.23,14.6,1.9,9.5,5.5,跑赢行业,,4.5
600028.SH,中国石化,20200330,中国石化公司年报点评：降本增效，2019年归母净利润仅回落8.7％,一般,一般报告,海通证券,"邓勇,朱军军,胡歆,张璇",2022Q4,319892000.0,,7976600.0,5105000.0,0.42,10.65,5.2,6.4,4.95,优于大市,,
600012.SH,皖通高速,20200330,皖通高速：业绩符合预期，关注免费时限动态与合宁改扩建延期进展,点评,一般报告,中金,"杨鑫,尹佳瑜",2021Q4,,,185200.0,123500.0,0.74,4.5,7.8,10.8,2.1,无,,
600201.SH,生物股份,20200330,生物股份：业绩触底，本年业绩反转较确定,点评,一般报告,中金,"孙扬,张宇茜",2020Q4,140000.0,93800.0,54100.0,45000.0,0.4,52.0,0.6,9.2,35.9,跑赢行业,,26.0
002713.SZ,东易日盛,20200330,东易日盛：预告2019年业绩亏损，疫情预计对公司Q1仍带来压力,点评,一般报告,中金,"林瑶,樊俊豪",2019Q4,380200.0,,-9300.0,-18000.0,-0.43,,0.0,-18.2,10.9,跑赢行业,,8.2
000089.SZ,深圳机场,20200330,深圳机场：业绩基本符合预期，关注资本开支进程,点评,一般报告,中金,"赵欣悦,杨鑫,方舒",2020Q4,309900.0,11400.0,6000.0,4600.0,0.0224,342.2,0.0,0.4,36.3,中性,,7.6
603866.SH,桃李面包,20200330,桃李面包深度报告：短保面包行业龙头，业绩稳健全国扩张,深度,首份报告,渤海证券,杨旭,2020Q4,663100.0,,99900.0,77800.0,1.18,35.92,,19.0,25.4,增持,,
000063.SZ,中兴通讯,20200330,中兴通讯：扣非增速符合预期，新基建与流量主线长期受益,点评,一般报告,申万宏源证券,"朱型檑,李国盛",2020Q4,11001100.0,3953200.0,759700.0,618000.0,1.34,32.0,,15.0,,买入,,
000661.SZ,长春高新,20200330,长春高新：生长激素高增长，业绩略超预期,点评,一般报告,华鑫证券,杜永宏,2022Q4,1408100.0,,557400.0,418200.0,20.67,,,26.2,,推荐,,
600908.SH,无锡银行,20200330,无锡银行2019年业绩点评：净利润加速增长，资产补充可期,点评,首次评级,民生证券,郭其伟,2022Q4,463100.0,,,188100.0,1.02,4.94,,,,推荐,,
002701.SZ,奥瑞金,20200330,奥瑞金：疫情导致短期业绩波动，中长期关注两片罐供需格局改善效果,点评,一般报告,中金,"樊俊豪,林瑶",2019Q4,824500.0,,97700.0,73500.0,0.31,13.1,3.8,12.8,6.0,中性,,4.5
603799.SH,华友钴业,20200330,华友钴业：钴价下跌拖累业绩，三元布局再上台阶,一般,一般报告,国金证券,"曾智勤,丁士涛",2020Q4,2104400.0,290100.0,74500.0,64000.0,0.575,51.22,,7.89,,买入,,
603799.SH,华友钴业,20200330,华友钴业：钴价下跌拖累业绩，三元布局再上台阶,一般,一般报告,国金证券,"曾智勤,丁士涛",2021Q4,2477500.0,378200.0,137200.0,116400.0,1.046,28.17,,13.21,,买入,,
603866.SH,桃李面包,20200330,桃李面包深度报告：短保面包行业龙头，业绩稳健全国扩张,深度,首份报告,渤海证券,杨旭,2021Q4,781200.0,,118700.0,92500.0,1.4,30.25,,20.8,21.8,增持,,
300751.SZ,迈为股份,20200330,迈为股份：单季度毛利率改善，研发费用大幅增长,点评,一般报告,申港证券,夏纾雨,2022Q4,360783.0,,79500.0,67355.0,12.95,11.9,,25.47,7.85,买入,,
000661.SZ,长春高新,20200330,长春高新：生长激素高增长，业绩略超预期,点评,一般报告,华鑫证券,杜永宏,2020Q4,880000.0,,347500.0,249400.0,12.33,,,26.3,,推荐,,
002701.SZ,奥瑞金,20200330,奥瑞金：疫情导致短期业绩波动，中长期关注两片罐供需格局改善效果,点评,一般报告,中金,"樊俊豪,林瑶",2021Q4,854200.0,,110500.0,83200.0,0.35,11.6,4.3,12.4,5.1,中性,,4.5
000063.SZ,中兴通讯,20200330,中兴通讯：扣非增速符合预期，新基建与流量主线长期受益,点评,一般报告,申万宏源证券,"朱型檑,李国盛",2022Q4,16810900.0,6373400.0,1304300.0,1058500.0,2.29,19.0,,17.7,,买入,,
601088.SH,中国神华,20200330,中国神华：分红比例大幅提升，业绩稳健价值凸显,一般,一般报告,国盛证券,"丁婷婷,张津铭",2021Q4,23063300.0,,6501600.0,4268800.0,2.15,7.6,6.5,10.8,4.0,买入,,
600009.SH,上海机场,20200330,上海机场2019年年报点评：新产能初期成本压力凸显，免税阶段性放缓无碍景气趋势,点评,一般报告,中信证券,"刘正,扈世民,汤学章",2020Q4,866000.0,,350100.0,264500.0,1.37,45.0,,8.0,,买入,,
600754.SH,锦江酒店,20200330,锦江酒店：酒店业绩快速增长，治理持续改善,一般,一般报告,华泰证券,"梅昕,孙丹阳",2020Q4,1058700.0,,65060.0,43843.0,0.46,54.91,,3.29,18.35,增持,33.22,28.69
600028.SH,中国石化,20200330,中国石化公司年报点评：降本增效，2019年归母净利润仅回落8.7％,一般,一般报告,海通证券,"邓勇,朱军军,胡歆,张璇",2021Q4,307513000.0,,7179600.0,4595000.0,0.38,11.83,4.7,5.9,5.17,优于大市,,
002713.SZ,东易日盛,20200330,东易日盛：预告2019年业绩亏损，疫情预计对公司Q1仍带来压力,点评,一般报告,中金,"林瑶,樊俊豪",2021Q4,441800.0,,40300.0,25200.0,0.6,10.6,8.5,24.4,4.9,跑赢行业,,8.2
300751.SZ,迈为股份,20200330,迈为股份：单季度毛利率改善，研发费用大幅增长,点评,一般报告,申港证券,夏纾雨,2020Q4,205939.0,,41700.0,35388.0,6.81,22.64,,21.32,16.5,买入,,
002191.SZ,劲嘉股份,20200330,劲嘉股份：回购显信心，低估值高分红，烟草内销防御强,点评,一般报告,中信建投,"花小伟,罗乾生",2020Q4,466800.0,,,104300.0,,12.9,,,,买入,,
002697.SZ,红旗连锁,20200330,红旗连锁：展店提速纵深网络布局，资源整合夯实核心竞争力,点评,一般报告,山西证券,谷茜,2020Q4,846700.0,,71000.0,60400.0,0.44,20.84,,16.7,15.43,买入,,
601336.SH,新华保险,20200330,新华保险：2019年NBV增速低于预期，2020年规模价值均衡发展,点评,一般报告,招商证券,"郑积沙,刘雨辰,刘淇,曾广荣",2020Q4,20070000.0,,1500000.0,1200000.0,,,,,,强烈推荐,,59.0
601088.SH,中国神华,20200330,中国神华：分红比例大幅提升，业绩稳健价值凸显,一般,一般报告,国盛证券,"丁婷婷,张津铭",2022Q4,23200900.0,,6612700.0,4341700.0,2.18,7.5,6.6,10.4,3.9,买入,,
601628.SH,中国人寿,20200330,中国人寿：2019年相信过程，2020年业绩绽放,深度,一般报告,招商证券,"郑积沙,刘雨辰,刘淇,曾广荣",2022Q4,99160000.0,,6520000.0,5150000.0,,,,,,强烈推荐,,36.5
002303.SZ,美盈森,20200330,美盈森：2019年扣非净利润同比增8.84％，后续关注包装新客户拓展情况,点评,一般报告,中金,"樊俊豪,林瑶",2021Q4,328600.0,,50300.0,43700.0,0.29,17.3,2.8,8.5,11.4,跑赢行业,,5.7
603799.SH,华友钴业,20200330,华友钴业：钴价下跌拖累业绩，三元布局再上台阶,一般,一般报告,国金证券,"曾智勤,丁士涛",2022Q4,2919900.0,508900.0,226600.0,192200.0,1.727,17.06,,19.29,,买入,,
601628.SH,中国人寿,20200330,中国人寿：2019年相信过程，2020年业绩绽放,深度,一般报告,招商证券,"郑积沙,刘雨辰,刘淇,曾广荣",2020Q4,82710000.0,,6160000.0,4870000.0,,,,,,强烈推荐,,36.5
002701.SZ,奥瑞金,20200330,奥瑞金：疫情导致短期业绩波动，中长期关注两片罐供需格局改善效果,点评,一般报告,中金,"樊俊豪,林瑶",2020Q4,802500.0,,97300.0,73200.0,0.31,13.2,3.8,11.6,5.8,中性,,4.5
600012.SH,皖通高速,20200330,皖通高速：业绩符合预期，关注免费时限动态与合宁改扩建延期进展,点评,一般报告,中金,"杨鑫,尹佳瑜",2020Q4,335000.0,179300.0,76700.0,57100.0,0.34,9.7,3.6,5.3,4.0,无,,
000089.SZ,深圳机场,20200330,深圳机场：业绩基本符合预期，关注资本开支进程,点评,一般报告,中金,"赵欣悦,杨鑫,方舒",2021Q4,472200.0,,81300.0,62700.0,0.31,25.2,1.0,5.1,12.0,中性,,7.6
601515.SH,东风股份,20200330,东风股份：烟标业务受疫情影响相对有限，观察药包、新型烟草业务进展,点评,一般报告,中金,"林瑶,樊俊豪",2020Q4,348600.0,,91100.0,75700.0,0.57,10.8,2.8,15.0,8.6,跑赢行业,,8.5
600009.SH,上海机场,20200330,上海机场2019年年报点评：新产能初期成本压力凸显，免税阶段性放缓无碍景气趋势,点评,一般报告,中信证券,"刘正,扈世民,汤学章",2021Q4,1308200.0,,792700.0,597600.0,3.1,20.0,,15.6,,买入,,
600028.SH,中国石化,20200330,中国石化公司年报点评：降本增效，2019年归母净利润仅回落8.7％,一般,一般报告,海通证券,"邓勇,朱军军,胡歆,张璇",2020Q4,295006000.0,,5198500.0,3327000.0,0.27,16.34,3.7,4.4,5.59,优于大市,,
600908.SH,无锡银行,20200330,无锡银行2019年业绩点评：净利润加速增长，资产补充可期,点评,首次评级,民生证券,郭其伟,2020Q4,383200.0,,,142900.0,0.77,6.5,,,,推荐,,
600908.SH,无锡银行,20200330,无锡银行2019年业绩点评：净利润加速增长，资产补充可期,点评,首次评级,民生证券,郭其伟,2021Q4,420300.0,,,163500.0,0.88,5.68,,,,推荐,,
001696.SZ,宗申动力,20200330,宗申动力：主营稳健增长，新业务推进加速,点评,一般报告,招商证券,"汪刘胜,马良旭",2020Q4,598100.0,,58000.0,45800.0,0.4,13.3,,10.5,9.5,审慎推荐,,
600660.SH,福耀玻璃,20200330,福耀玻璃：4Q毛利率稳中有升；疫情带来短期经营压力,点评,一般报告,中金,"李凌云,王雷",2021Q4,2364800.0,,416700.0,354500.0,1.41,13.8,3.8,15.4,6.9,跑赢行业,,25.0
002228.SZ,合兴包装,20200330,合兴包装：2019年营收承压，2020年关注疫情影响与PSCP新业务拓展,点评,一般报告,中金,"樊俊豪,林瑶",2021Q4,1105400.0,,36600.0,26600.0,0.23,14.8,1.7,8.2,5.0,跑赢行业,,4.5
300751.SZ,迈为股份,20200330,迈为股份：单季度毛利率改善，研发费用大幅增长,点评,一般报告,申港证券,夏纾雨,2021Q4,268959.0,,57000.0,48316.0,9.29,16.58,,23.33,11.29,买入,,
601336.SH,新华保险,20200330,新华保险：2019年NBV增速低于预期，2020年规模价值均衡发展,点评,一般报告,招商证券,"郑积沙,刘雨辰,刘淇,曾广荣",2021Q4,22070000.0,,1640000.0,1320000.0,,,,,,强烈推荐,,59.0
601336.SH,新华保险,20200330,新华保险：2019年NBV增速低于预期，2020年规模价值均衡发展,点评,一般报告,招商证券,"郑积沙,刘雨辰,刘淇,曾广荣",2022Q4,24500000.0,,1830000.0,1460000.0,,,,,,强烈推荐,,59.0
603214.SH,爱婴室,20200330,爱婴室年报点评：门店优势市场持续开发，毛利率仍有提升空间,一般,一般报告,国海证券,余春生,2021Q4,318600.0,,32500.0,22100.0,2.16,19.15,,14.83,,买入,,
002228.SZ,合兴包装,20200330,合兴包装：2019年营收承压，2020年关注疫情影响与PSCP新业务拓展,点评,一般报告,中金,"樊俊豪,林瑶",2020Q4,1059600.0,,34800.0,25600.0,0.22,15.4,1.7,8.4,5.3,跑赢行业,,4.5
601088.SH,中国神华,20200330,中国神华：分红比例大幅提升，业绩稳健价值凸显,一般,一般报告,国盛证券,"丁婷婷,张津铭",2020Q4,22976800.0,,6403700.0,4204500.0,2.11,7.7,7.7,11.2,4.1,买入,,
000661.SZ,长春高新,20200330,长春高新：生长激素高增长，业绩略超预期,点评,一般报告,华鑫证券,杜永宏,2021Q4,1138700.0,,452900.0,334400.0,16.53,,,26.9,,推荐,,
601515.SH,东风股份,20200330,东风股份：烟标业务受疫情影响相对有限，观察药包、新型烟草业务进展,点评,一般报告,中金,"林瑶,樊俊豪",2019Q4,340900.0,,91000.0,75600.0,0.57,10.8,1.8,16.9,9.2,跑赢行业,,8.5
000039.SZ,中集集团,20200330,中集集团：2019年业绩低于预期，期待利润率企稳回升,点评,一般报告,中金,"孔令鑫,张梓丁,舒维康",2021Q4,9585300.0,1418700.0,248700.0,82000.0,0.23,33.7,0.8,2.0,14.5,中性,,8.96
002697.SZ,红旗连锁,20200330,红旗连锁：展店提速纵深网络布局，资源整合夯实核心竞争力,点评,一般报告,山西证券,谷茜,2021Q4,904100.0,,84100.0,71500.0,0.53,17.58,,16.67,12.77,买入,,
601628.SH,中国人寿,20200330,中国人寿：2019年相信过程，2020年业绩绽放,深度,一般报告,招商证券,"郑积沙,刘雨辰,刘淇,曾广荣",2021Q4,90980000.0,,5980000.0,4730000.0,,,,,,强烈推荐,,36.5
600201.SH,生物股份,20200330,生物股份：业绩触底，本年业绩反转较确定,点评,一般报告,中金,"孙扬,张宇茜",2021Q4,197800.0,141900.0,90200.0,75000.0,0.67,31.2,1.0,13.9,21.8,跑赢行业,,26.0
001696.SZ,宗申动力,20200330,宗申动力：主营稳健增长，新业务推进加速,点评,一般报告,招商证券,"汪刘胜,马良旭",2022Q4,659400.0,,66500.0,52300.0,0.46,11.7,,10.9,8.8,审慎推荐,,
600660.SH,福耀玻璃,20200330,福耀玻璃：4Q毛利率稳中有升；疫情带来短期经营压力,点评,一般报告,中金,"李凌云,王雷",2019Q4,2110400.0,,323100.0,289800.0,1.16,16.9,3.8,14.0,10.1,跑赢行业,,25.0
002303.SZ,美盈森,20200330,美盈森：2019年扣非净利润同比增8.84％，后续关注包装新客户拓展情况,点评,一般报告,中金,"樊俊豪,林瑶",2020Q4,320500.0,98200.0,48200.0,42000.0,0.27,18.0,3.5,8.2,11.8,跑赢行业,,5.7
002191.SZ,劲嘉股份,20200330,劲嘉股份：回购显信心，低估值高分红，烟草内销防御强,点评,一般报告,中信建投,"花小伟,罗乾生",2021Q4,557700.0,,,125500.0,,10.8,,,,买入,,
600754.SH,锦江酒店,20200330,锦江酒店：酒店业绩快速增长，治理持续改善,一般,一般报告,华泰证券,"梅昕,孙丹阳",2022Q4,1821900.0,,274400.0,182900.0,1.91,13.16,,11.95,8.14,增持,33.22,28.69
001696.SZ,宗申动力,20200330,宗申动力：主营稳健增长，新业务推进加速,点评,一般报告,招商证券,"汪刘胜,马良旭",2021Q4,628000.0,,61000.0,48100.0,0.42,12.7,,10.5,9.2,审慎推荐,,
002697.SZ,红旗连锁,20200330,红旗连锁：展店提速纵深网络布局，资源整合夯实核心竞争力,点评,一般报告,山西证券,谷茜,2022Q4,968800.0,,96700.0,82300.0,0.6,15.29,,16.21,10.58,买入,,
000039.SZ,中集集团,20200330,中集集团：2019年业绩低于预期，期待利润率企稳回升,点评,一般报告,中金,"孔令鑫,张梓丁,舒维康",2020Q4,8859600.0,1302200.0,223600.0,70900.0,0.2,39.0,0.7,1.8,15.5,中性,,8.96
601515.SH,东风股份,20200330,东风股份：烟标业务受疫情影响相对有限，观察药包、新型烟草业务进展,点评,一般报告,中金,"林瑶,樊俊豪",2021Q4,360500.0,,94000.0,78200.0,0.59,10.5,2.9,14.0,8.1,跑赢行业,,8.5
603799.SH,华友钴业,20200330,华友钴业：厚积薄发，向新能源锂电材料行业领导者进军,点评,首次评级,安信证券,"齐丁,黄孚,王政,王建润",2021Q4,2770830.0,,202520.0,130420.0,1.17,25.1,0.0,11.9,11.3,买入,,
601088.SH,中国神华,20200330,中国神华：拟提高分红比例至50％以上，19年股息率7.74％,一般,一般报告,申万宏源证券,"孟祥娟,施佳瑜",2020Q4,21484000.0,8719400.0,6841500.0,4276400.0,2.15,8.0,,11.3,,买入,,
601088.SH,中国神华,20200330,中国神华公司年报点评：业绩稳健，稳定高分红彰显龙头地位,点评,一般报告,海通证券,"李淼,吴杰,戴元灿,王涛",2022Q4,22085700.0,,6214100.0,3923600.0,1.97,8.25,4.8,9.2,3.0,优于大市,,
601088.SH,中国神华,20200330,中国神华公司年报点评：业绩稳健，稳定高分红彰显龙头地位,点评,一般报告,海通证券,"李淼,吴杰,戴元灿,王涛",2021Q4,22434800.0,,6239500.0,3987600.0,2.0,8.12,4.9,10.0,3.24,优于大市,,
601088.SH,中国神华,20200330,中国神华公司年报点评：业绩稳健，稳定高分红彰显龙头地位,点评,一般报告,海通证券,"李淼,吴杰,戴元灿,王涛",2020Q4,22699400.0,,6270600.0,4055800.0,2.04,7.98,5.0,10.8,3.55,优于大市,,
600132.SH,重庆啤酒,20200330,重庆啤酒公告点评：资产注入终落地，新重啤大幕开启,点评,一般报告,光大证券,"张喆,叶倩瑜,陈彦彤",2021Q4,377100.0,,62600.0,54500.0,1.13,40.0,2.0,35.73,24.1,买入,,
600132.SH,重庆啤酒,20200330,重庆啤酒公告点评：资产注入终落地，新重啤大幕开启,点评,一般报告,光大证券,"张喆,叶倩瑜,陈彦彤",2020Q4,349500.0,,55200.0,48000.0,1.0,45.0,1.8,35.16,26.4,买入,,
601966.SH,玲珑轮胎,20200330,玲珑轮胎：“5＋3”战略升级为“6＋6”战略，国内第五大基地落子长春,点评,一般报告,申万宏源证券,"宋涛,李楠竹,马昕晔",2020Q4,1899900.0,463400.0,185600.0,178000.0,1.48,13.0,,13.6,,增持,,
601088.SH,中国神华,20200330,中国神华：拟提高分红比例至50％以上，19年股息率7.74％,一般,一般报告,申万宏源证券,"孟祥娟,施佳瑜",2021Q4,22414300.0,8815800.0,6976200.0,4363400.0,2.19,7.0,,11.9,,买入,,
603799.SH,华友钴业,20200330,华友钴业：厚积薄发，向新能源锂电材料行业领导者进军,点评,首次评级,安信证券,"齐丁,黄孚,王政,王建润",2020Q4,2322680.0,,53320.0,34340.0,0.31,95.5,0.0,3.6,20.6,买入,,
601088.SH,中国神华,20200330,中国神华：拟提高分红比例至50％以上，19年股息率7.74％,一般,一般报告,申万宏源证券,"孟祥娟,施佳瑜",2022Q4,23411000.0,9333900.0,7406400.0,4633500.0,2.33,7.0,,11.8,,买入,,
600132.SH,重庆啤酒,20200330,重庆啤酒公告点评：资产注入终落地，新重啤大幕开启,点评,一般报告,光大证券,"张喆,叶倩瑜,陈彦彤",2019Q4,359700.0,,72900.0,63700.0,1.32,34.0,2.3,45.67,26.3,买入,,
002419.SZ,天虹股份,20200330,天虹股份：19年业绩保持稳健，数字化快速推进成亮点，大店＆超市加速扩张,点评,一般报告,安信证券,刘文正,2022Q4,1998350.0,,125150.0,95360.0,0.79,11.4,1.9,10.9,1.7,买入,,11.0
002419.SZ,天虹股份,20200330,天虹股份：19年业绩保持稳健，数字化快速推进成亮点，大店＆超市加速扩张,点评,一般报告,安信证券,刘文正,2021Q4,1930770.0,,113010.0,86110.0,0.72,12.7,2.3,10.8,0.2,买入,,11.0
002419.SZ,天虹股份,20200330,天虹股份：19年业绩保持稳健，数字化快速推进成亮点，大店＆超市加速扩张,点评,一般报告,安信证券,刘文正,2020Q4,1716240.0,,90020.0,68590.0,0.57,15.9,2.2,9.3,4.5,买入,,11.0
601966.SH,玲珑轮胎,20200330,玲珑轮胎：“5＋3”战略升级为“6＋6”战略，国内第五大基地落子长春,点评,一般报告,申万宏源证券,"宋涛,李楠竹,马昕晔",2021Q4,2137300.0,525000.0,209500.0,201000.0,1.67,12.0,,13.3,,增持,,
601966.SH,玲珑轮胎,20200330,玲珑轮胎：“5＋3”战略升级为“6＋6”战略，国内第五大基地落子长春,点评,一般报告,申万宏源证券,"宋涛,李楠竹,马昕晔",2019Q4,1691400.0,405300.0,166800.0,160000.0,1.33,15.0,,14.1,,增持,,
600600.SH,青岛啤酒,20200330,青岛啤酒：高端化加速，业绩略超预期,点评,一般报告,国盛证券,"符蓉,沈旸",2022Q4,3088500.0,,352000.0,250100.0,1.85,24.0,,10.0,10.3,买入,,
600600.SH,青岛啤酒,20200330,青岛啤酒：高端化加速，业绩略超预期,点评,一般报告,国盛证券,"符蓉,沈旸",2021Q4,2954700.0,,319700.0,224000.0,1.66,26.8,,9.8,11.5,买入,,
600600.SH,青岛啤酒,20200330,青岛啤酒：高端化加速，业绩略超预期,点评,一般报告,国盛证券,"符蓉,沈旸",2020Q4,2813900.0,,279800.0,193400.0,1.43,31.0,,9.2,13.8,买入,,
002129.SZ,中环股份,20200330,中环股份：2019核心净利润符合预期，半导体硅片验证与应用推广同步进行,点评,一般报告,中金,"王嵩,刘俊,刘佳妮,朱逸煊",2021Q4,3224300.0,,319400.0,234700.0,0.84,18.0,0.5,13.9,8.0,跑赢行业,,18.17
002129.SZ,中环股份,20200330,中环股份：2019核心净利润符合预期，半导体硅片验证与应用推广同步进行,点评,一般报告,中金,"王嵩,刘俊,刘佳妮,朱逸煊",2020Q4,2482100.0,,251900.0,177500.0,0.64,23.8,0.4,11.9,9.6,跑赢行业,,18.17
002094.SZ,青岛金王,20200330,青岛金王：计提大额商誉减值，拖累2019年经营业绩,点评,一般报告,中金,"徐卓楠,樊俊豪",2021Q4,601700.0,,27100.0,18500.0,0.27,17.0,3.9,6.1,8.1,中性,,4.9
002094.SZ,青岛金王,20200330,青岛金王：计提大额商誉减值，拖累2019年经营业绩,点评,一般报告,中金,"徐卓楠,樊俊豪",2020Q4,555200.0,,24100.0,16500.0,0.24,19.1,3.4,5.6,8.5,中性,,4.9
002094.SZ,青岛金王,20200330,青岛金王：计提大额商誉减值，拖累2019年经营业绩,点评,一般报告,中金,"徐卓楠,樊俊豪",2019Q4,548100.0,,12100.0,2300.0,0.0333,136.3,0.5,0.8,47.7,中性,,4.9
000759.SZ,中百集团,20200330,中百集团：预告2019年净利润1000－1500万元，关注未来与永辉的协同效果,点评,一般报告,中金,"樊俊豪,徐卓楠",2021Q4,1581700.0,,22000.0,14900.0,0.22,31.3,4.2,4.3,8.8,中性,,7.5
000759.SZ,中百集团,20200330,中百集团：预告2019年净利润1000－1500万元，关注未来与永辉的协同效果,点评,一般报告,中金,"樊俊豪,徐卓楠",2020Q4,1535600.0,,17900.0,12000.0,0.18,38.8,3.4,3.5,9.3,中性,,7.5
000759.SZ,中百集团,20200330,中百集团：预告2019年净利润1000－1500万元，关注未来与永辉的协同效果,点评,一般报告,中金,"樊俊豪,徐卓楠",2019Q4,1543400.0,,3300.0,1300.0,0.0191,349.1,0.0,0.4,12.9,中性,,7.5
000703.SZ,恒逸石化,20200330,恒逸石化：1Q20业绩预告好于市场预期；国内龙头聚酯企业保价策略效果显现,点评,一般报告,中金,"陆辰,王钟杨,胡宇豪",2021Q4,17032300.0,,706800.0,537300.0,1.89,6.2,6.5,19.2,5.0,跑赢行业,,16.0
000703.SZ,恒逸石化,20200330,恒逸石化：1Q20业绩预告好于市场预期；国内龙头聚酯企业保价策略效果显现,点评,一般报告,中金,"陆辰,王钟杨,胡宇豪",2020Q4,15481300.0,,593600.0,453500.0,1.6,7.3,5.5,18.4,5.9,跑赢行业,,16.0
000703.SZ,恒逸石化,20200330,恒逸石化：1Q20业绩预告好于市场预期；国内龙头聚酯企业保价策略效果显现,点评,一般报告,中金,"陆辰,王钟杨,胡宇豪",2019Q4,9901100.0,,383300.0,301400.0,1.06,11.0,3.7,14.8,8.0,跑赢行业,,16.0
603799.SH,华友钴业,20200330,华友钴业：厚积薄发，向新能源锂电材料行业领导者进军,点评,首次评级,安信证券,"齐丁,黄孚,王政,王建润",2022Q4,2989790.0,,281660.0,181390.0,1.63,18.1,0.0,14.2,8.9,买入,,
002459.SZ,晶澳科技,20200330,晶澳科技2019年报点评：年报业绩超预期，一体化龙头开启新征程,点评,一般报告,华创证券,"胡毅,杨达伟",2022Q4,3913000.0,,284600.0,221100.0,1.65,8.0,,16.2,9.0,强推,,21.8
002459.SZ,晶澳科技,20200330,晶澳科技2019年报点评：年报业绩超预期，一体化龙头开启新征程,点评,一般报告,华创证券,"胡毅,杨达伟",2021Q4,3376200.0,,242700.0,188600.0,1.41,9.0,,16.4,9.0,强推,,21.8
002459.SZ,晶澳科技,20200330,晶澳科技2019年报点评：年报业绩超预期，一体化龙头开启新征程,点评,一般报告,华创证券,"胡毅,杨达伟",2020Q4,2756700.0,,189000.0,146800.0,1.09,12.0,,14.9,10.0,强推,,21.8
600600.SH,青岛啤酒,20200330,青岛啤酒：高端化再启新篇章，利润增长喜超预期，强化激励管理改善,点评,一般报告,东方证券,"叶书怀,蔡琪",2022Q4,3081700.0,,427900.0,262700.0,1.95,22.8,,11.8,11.4,增持,,54.72
600600.SH,青岛啤酒,20200330,青岛啤酒：高端化再启新篇章，利润增长喜超预期，强化激励管理改善,点评,一般报告,东方证券,"叶书怀,蔡琪",2021Q4,2954500.0,,369300.0,225400.0,1.67,26.6,,10.8,13.0,增持,,54.72
002672.SZ,东江环保,20200330,东江环保2019年业绩快报点评：业绩不及预期，行业高景气度持续,点评,一般报告,中信证券,李想,2021Q4,424000.0,,84800.0,62000.0,0.71,13.0,,12.1,,持有,,
002672.SZ,东江环保,20200330,东江环保2019年业绩快报点评：业绩不及预期，行业高景气度持续,点评,一般报告,中信证券,李想,2020Q4,385300.0,,72400.0,52900.0,0.6,16.0,,11.2,,持有,,
601088.SH,中国神华,20200330,中国神华2019年报点评：稳健依旧，现金分红大幅提升,点评,首份报告,光大证券,菅成广,2021Q4,23991700.0,,6632600.0,4224500.0,2.12,7.7,6.1,10.72,4.8,增持,,20.07
601088.SH,中国神华,20200330,中国神华2019年报点评：稳健依旧，现金分红大幅提升,点评,首份报告,光大证券,菅成广,2020Q4,24108100.0,,6648800.0,4236600.0,2.13,7.6,5.4,11.47,5.0,增持,,20.07
002672.SZ,东江环保,20200330,东江环保2019年业绩快报点评：业绩不及预期，行业高景气度持续,点评,一般报告,中信证券,李想,2019Q4,356600.0,,57800.0,42300.0,0.48,20.0,,9.7,,持有,,
603799.SH,华友钴业,20200330,华友钴业：铜产量快速提高，静待需求复苏带动钴价回暖,点评,一般报告,申万宏源证券,"王宏为,史霜霜",2022Q4,3078300.0,357900.0,203800.0,173200.0,1.56,19.0,,14.8,,增持,,
603799.SH,华友钴业,20200330,华友钴业：铜产量快速提高，静待需求复苏带动钴价回暖,点评,一般报告,申万宏源证券,"王宏为,史霜霜",2020Q4,2222900.0,229900.0,87700.0,74500.0,0.67,44.0,,8.8,,增持,,
601088.SH,中国神华,20200330,中国神华：分红比例大幅提高，高股息凸显投资价值,点评,一般报告,天风证券,彭鑫,2022Q4,23754969.0,,6756201.0,4332649.0,2.18,7.47,,10.47,2.27,买入,,
601088.SH,中国神华,20200330,中国神华：分红比例大幅提高，高股息凸显投资价值,点评,一般报告,天风证券,彭鑫,2021Q4,23243610.0,,6510130.0,4150053.0,2.09,7.8,,10.7,2.79,买入,,
601088.SH,中国神华,20200330,中国神华：分红比例大幅提高，高股息凸显投资价值,点评,一般报告,天风证券,彭鑫,2020Q4,22832622.0,,6330190.0,4039902.0,2.03,8.01,,11.13,3.42,买入,,
600201.SH,生物股份,20200330,生物股份2019年年报点评：行业周期底部向上，迎接业绩拐点,点评,首份报告,光大证券,"刘晓波,王琦",2022Q4,241900.0,,110800.0,93600.0,0.83,25.0,1.2,14.72,19.0,买入,,
600201.SH,生物股份,20200330,生物股份2019年年报点评：行业周期底部向上，迎接业绩拐点,点评,首份报告,光大证券,"刘晓波,王琦",2021Q4,182800.0,,84200.0,71200.0,0.63,33.0,0.9,12.63,25.2,买入,,
600201.SH,生物股份,20200330,生物股份2019年年报点评：行业周期底部向上，迎接业绩拐点,点评,首份报告,光大证券,"刘晓波,王琦",2020Q4,135300.0,,57700.0,49100.0,0.44,48.0,0.6,9.68,35.7,买入,,
002734.SZ,利民股份,20200330,利民股份：威远资产组主要产品量价齐升，Q1业绩超预期,点评,一般报告,申万宏源证券,"宋涛,王成强,马昕晔",2021Q4,433500.0,113600.0,59100.0,45300.0,1.58,10.0,,17.2,,增持,,
002734.SZ,利民股份,20200330,利民股份：威远资产组主要产品量价齐升，Q1业绩超预期,点评,一般报告,申万宏源证券,"宋涛,王成强,马昕晔",2020Q4,367300.0,98100.0,52400.0,40500.0,1.41,11.0,,17.3,,增持,,
601088.SH,中国神华,20200330,中国神华2019年报点评：稳健依旧，现金分红大幅提升,点评,首份报告,光大证券,菅成广,2022Q4,23875300.0,,6501000.0,4125700.0,2.07,7.8,6.0,9.93,4.7,增持,,20.07
600201.SH,生物股份,20200330,生物股份：2020年有望迎来业绩拐点，研发优势支撑公司长期成长,点评,一般报告,天风证券,"吴立,魏振亚,王聪",2020Q4,149646.0,,56095.0,45978.0,0.41,50.83,,9.0,30.79,买入,,
600600.SH,青岛啤酒,20200330,青岛啤酒：高端化再启新篇章，利润增长喜超预期，强化激励管理改善,点评,一般报告,东方证券,"叶书怀,蔡琪",2020Q4,2816100.0,,319100.0,193800.0,1.44,31.0,,9.9,14.6,增持,,54.72
603799.SH,华友钴业,20200330,华友钴业：铜产量快速提高，静待需求复苏带动钴价回暖,点评,一般报告,申万宏源证券,"王宏为,史霜霜",2021Q4,2736700.0,329700.0,177000.0,150400.0,1.35,22.0,,15.0,,增持,,
002734.SZ,利民股份,20200330,利民股份：威远资产组主要产品量价齐升，Q1业绩超预期,点评,一般报告,申万宏源证券,"宋涛,王成强,马昕晔",2019Q4,283400.0,70900.0,38500.0,32500.0,1.13,13.0,,15.7,,增持,,
600511.SH,国药股份,20200330,国药股份：北京医药商业龙头，麻精类业务龙头地位稳固,点评,一般报告,天风证券,郑薇,2022Q4,6614276.0,,372708.0,250093.0,3.31,8.06,,15.43,3.43,增持,,
600511.SH,国药股份,20200330,国药股份：北京医药商业龙头，麻精类业务龙头地位稳固,点评,一般报告,天风证券,郑薇,2021Q4,5801996.0,,324348.0,218991.0,2.9,9.21,,15.69,3.41,增持,,
600511.SH,国药股份,20200330,国药股份：北京医药商业龙头，麻精类业务龙头地位稳固,点评,一般报告,天风证券,郑薇,2020Q4,5089470.0,,279031.0,186471.0,2.47,10.82,,15.47,5.5,增持,,
002262.SZ,恩华药业,20200330,恩华药业2019年年报点评：业绩符合预期，精神板块推动工业高增长,点评,一般报告,中信证券,"田加强,刘泽序",2022Q4,513200.0,,135000.0,117200.0,1.15,9.0,,19.35,,买入,,15.2
002262.SZ,恩华药业,20200330,恩华药业2019年年报点评：业绩符合预期，精神板块推动工业高增长,点评,一般报告,中信证券,"田加强,刘泽序",2021Q4,434200.0,,112100.0,97300.0,0.95,11.0,,19.14,,买入,,15.2
002262.SZ,恩华药业,20200330,恩华药业2019年年报点评：业绩符合预期，精神板块推动工业高增长,点评,一般报告,中信证券,"田加强,刘泽序",2020Q4,368700.0,,93200.0,81000.0,0.79,13.0,,18.93,,买入,,15.2
002697.SZ,红旗连锁,20200330,红旗连锁：主业增长＆新网银行推动业绩＋60.0％，疫情短期利好主业销售,点评,一般报告,天风证券,"刘章明,马松",2021Q4,946243.0,,88583.0,73618.0,0.54,17.09,,17.34,10.62,买入,,
002697.SZ,红旗连锁,20200330,红旗连锁：主业增长＆新网银行推动业绩＋60.0％，疫情短期利好主业销售,点评,一般报告,天风证券,"刘章明,马松",2020Q4,876151.0,,74802.0,62146.0,0.46,20.24,,17.28,12.99,买入,,
002697.SZ,红旗连锁,20200330,红旗连锁：主业增长＆新网银行推动业绩＋60.0％，疫情短期利好主业销售,点评,一般报告,天风证券,"刘章明,马松",2022Q4,1021943.0,,102433.0,85095.0,0.63,14.78,,16.93,8.44,买入,,
601155.SH,新城控股,20200330,新城控股公司年报点评：双轮驱动持续推进，经营趋于稳健,点评,一般报告,海通证券,"涂力磊,杨凡",2020Q4,10391000.0,,2512100.0,1789800.0,7.93,3.95,6.5,34.6,3.65,优于大市,,
600201.SH,生物股份,20200330,生物股份：2020年有望迎来业绩拐点，研发优势支撑公司长期成长,点评,一般报告,天风证券,"吴立,魏振亚,王聪",2022Q4,249647.0,,109531.0,91240.0,0.81,25.61,,14.69,15.93,买入,,
002706.SZ,良信电器,20200330,良信电器公司年报点评：2019Q4归母净利润增长提速，通信等领域深度拓展,点评,一般报告,海通证券,"房青,张一弛",2022Q4,407900.0,,65400.0,56800.0,0.72,14.85,0.0,17.2,11.17,优于大市,,
002706.SZ,良信电器,20200330,良信电器公司年报点评：2019Q4归母净利润增长提速，通信等领域深度拓展,点评,一般报告,海通证券,"房青,张一弛",2021Q4,326500.0,,52300.0,45500.0,0.58,18.56,0.0,17.0,15.01,优于大市,,
002706.SZ,良信电器,20200330,良信电器公司年报点评：2019Q4归母净利润增长提速，通信等领域深度拓展,点评,一般报告,海通证券,"房青,张一弛",2020Q4,259000.0,,40900.0,35500.0,0.45,23.78,0.0,16.3,20.29,优于大市,,
000063.SZ,中兴通讯,20200330,中兴通讯：业绩超预期，5G开启新征程,点评,一般报告,华泰证券,"王林,付东",2021Q4,11635600.0,,1051200.0,816700.0,1.77,24.5,,15.35,13.36,买入,53.82,51.25
000063.SZ,中兴通讯,20200330,中兴通讯：业绩超预期，5G开启新征程,点评,一般报告,华泰证券,"王林,付东",2020Q4,10018200.0,,774600.0,591000.0,1.28,33.86,,12.83,16.98,买入,53.82,51.25
601155.SH,新城控股,20200330,新城控股公司年报点评：双轮驱动持续推进，经营趋于稳健,点评,一般报告,海通证券,"涂力磊,杨凡",2021Q4,12536900.0,,3240900.0,2309100.0,10.23,3.06,8.1,33.4,2.71,优于大市,,
601155.SH,新城控股,20200330,新城控股公司年报点评：双轮驱动持续推进，经营趋于稳健,点评,一般报告,海通证券,"涂力磊,杨凡",2022Q4,15132400.0,,3965300.0,2825300.0,12.52,2.5,9.9,31.3,1.99,优于大市,,
600201.SH,生物股份,20200330,生物股份：2020年有望迎来业绩拐点，研发优势支撑公司长期成长,点评,一般报告,天风证券,"吴立,魏振亚,王聪",2021Q4,197205.0,,79249.0,66015.0,0.59,35.4,,11.85,21.35,买入,,
000063.SZ,中兴通讯,20200330,中兴通讯：业绩超预期，5G开启新征程,点评,一般报告,华泰证券,"王林,付东",2022Q4,13100200.0,,1325200.0,1030400.0,2.23,19.42,,16.49,10.84,买入,53.82,51.25
601857.SH,中国石油,20200330,中国石油：油价下跌导致全年净利同比下滑14％,点评,一般报告,平安证券,陈建文,2022Q4,251331700.0,,11193900.0,4757000.0,0.26,18.2,,4.7,5.6,推荐,,
601857.SH,中国石油,20200330,中国石油：油价下跌导致全年净利同比下滑14％,点评,一般报告,平安证券,陈建文,2021Q4,236845900.0,,7882100.0,3358500.0,0.18,25.8,,3.5,6.9,推荐,,
601857.SH,中国石油,20200330,中国石油：油价下跌导致全年净利同比下滑14％,点评,一般报告,平安证券,陈建文,2020Q4,224874100.0,,3224700.0,1210600.0,0.0661,71.7,,1.5,9.2,推荐,,
600879.SH,航天电子,20200330,航天电子：营收业绩平稳增长，商业航天前景广阔,点评,一般报告,东方证券,"王天一,罗楠,冯函",2022Q4,1916500.0,,78300.0,63500.0,0.23,27.9,,4.7,11.2,增持,,7.41
600879.SH,航天电子,20200330,航天电子：营收业绩平稳增长，商业航天前景广阔,点评,一般报告,东方证券,"王天一,罗楠,冯函",2021Q4,1666300.0,,69100.0,56000.0,0.21,31.7,,4.3,12.6,增持,,7.41
600879.SH,航天电子,20200330,航天电子：营收业绩平稳增长，商业航天前景广阔,点评,一般报告,东方证券,"王天一,罗楠,冯函",2020Q4,1471200.0,,62100.0,50300.0,0.19,35.2,,4.0,14.8,增持,,7.41
600600.SH,青岛啤酒,20200330,青岛啤酒：利润如期释放，激励落地有望更上一层楼,点评,一般报告,中泰证券,"范劲松,熊欣慰,龚小乐,房昭强",2022Q4,3225800.0,1391100.0,492400.0,318100.0,2.35,18.88,,13.24,,买入,,
600600.SH,青岛啤酒,20200330,青岛啤酒：利润如期释放，激励落地有望更上一层楼,点评,一般报告,中泰证券,"范劲松,熊欣慰,龚小乐,房昭强",2021Q4,3084100.0,1291800.0,418800.0,268100.0,1.98,22.4,,12.21,,买入,,
600600.SH,青岛啤酒,20200330,青岛啤酒：利润如期释放，激励落地有望更上一层楼,点评,一般报告,中泰证券,"范劲松,熊欣慰,龚小乐,房昭强",2020Q4,2799800.0,1131900.0,304400.0,190400.0,1.41,31.53,,9.42,,买入,,
002697.SZ,红旗连锁,20200330,红旗连锁2019年年报点评：同店＆开店提速，强化生鲜，可持续成长,一般,一般报告,中信证券,"徐晓芳,郭韵",2021Q4,922100.0,,86800.0,73800.0,0.54,17.0,,17.77,,买入,,11.3
002428.SZ,云南锗业,20200330,云南锗业2019年年报点评：锗产品量价拖累业绩，砷化镓盈利超预期改善,一般,一般报告,中信证券,"李超,商力,敖翀",2020Q4,79949.0,,4200.0,3713.0,0.0569,167.4,,2.53,,买入,,12.0
002697.SZ,红旗连锁,20200330,红旗连锁2019年年报点评：同店＆开店提速，强化生鲜，可持续成长,一般,一般报告,中信证券,"徐晓芳,郭韵",2022Q4,969100.0,,101800.0,86600.0,0.64,15.0,,17.83,,买入,,11.3
002396.SZ,星网锐捷,20200330,星网锐捷2019年年报点评：业绩符合预期，长期受益于云计算市场增长,点评,一般报告,中信证券,"顾海波,丁奇",2022Q4,1514791.0,,162600.0,111745.0,1.92,20.0,,16.71,,买入,,
600511.SH,国药股份,20200330,国药股份：扣非业绩加速增长，龙头市占率持续提升,点评,一般报告,广发证券,"罗佳荣,孙辰阳",2022Q4,6719300.0,,384200.0,253900.0,3.37,7.94,,14.9,2.23,买入,,
002396.SZ,星网锐捷,20200330,星网锐捷2019年年报点评：业绩符合预期，长期受益于云计算市场增长,点评,一般报告,中信证券,"顾海波,丁奇",2020Q4,1023484.0,,105100.0,70410.0,1.21,32.0,,14.47,,买入,,
000063.SZ,中兴通讯,20200330,中兴通讯：财务指标向好，运营商业务驱动成长，迎接全年景气上行,点评,一般报告,东方证券,"张颖,蔡超逸",2022Q4,13742000.0,,1134000.0,887000.0,1.92,22.6,,13.8,11.0,买入,,49.32
600511.SH,国药股份,20200330,国药股份：扣非业绩加速增长，龙头市占率持续提升,点评,一般报告,广发证券,"罗佳荣,孙辰阳",2021Q4,5811700.0,,332400.0,219700.0,2.91,9.18,,15.1,3.23,买入,,
300438.SZ,鹏辉能源,20200330,鹏辉能源：电子烟电池订单充足，涵盖下游高质量客户,点评,一般报告,东方证券,"卢日鑫,李梦强,彭海涛,顾高臣",2019Q4,341600.0,,25400.0,21300.0,0.76,32.5,,9.1,16.4,买入,,30.6
600511.SH,国药股份,20200330,国药股份：扣非业绩加速增长，龙头市占率持续提升,点评,一般报告,广发证券,"罗佳荣,孙辰阳",2020Q4,5021900.0,,276200.0,182500.0,2.42,11.05,,14.8,4.58,买入,,
300438.SZ,鹏辉能源,20200330,鹏辉能源：电子烟电池订单充足，涵盖下游高质量客户,点评,一般报告,东方证券,"卢日鑫,李梦强,彭海涛,顾高臣",2021Q4,732500.0,,79900.0,67100.0,2.39,10.3,,20.6,6.0,买入,,30.6
600588.SH,用友网络,20200330,用友网络：云超预期且三表多亮点！,点评,一般报告,申万宏源证券,"刘洋,黄忠煌",2021Q4,1421300.0,916200.0,178300.0,148400.0,0.59,71.0,,15.3,,增持,,
000063.SZ,中兴通讯,20200330,中兴通讯2019年年报点评：聚焦运营商业务，设备商龙头重回正轨，5G新时代未来可期,一般,首份报告,民生证券,"刘欣,包江麟",2021Q4,12755400.0,,1060600.0,814800.0,1.77,24.56,0.0,16.3,51.52,推荐,,
002697.SZ,红旗连锁,20200330,红旗连锁2019年年报点评：同店＆开店提速，强化生鲜，可持续成长,一般,一般报告,中信证券,"徐晓芳,郭韵",2020Q4,869900.0,,71700.0,61000.0,0.45,21.0,,17.18,,买入,,11.3
002428.SZ,云南锗业,20200330,云南锗业2019年年报点评：锗产品量价拖累业绩，砷化镓盈利超预期改善,一般,一般报告,中信证券,"李超,商力,敖翀",2022Q4,153680.0,,25600.0,19600.0,0.3,31.7,,11.08,,买入,,12.0
002428.SZ,云南锗业,20200330,云南锗业2019年年报点评：锗产品量价拖累业绩，砷化镓盈利超预期改善,一般,一般报告,中信证券,"李超,商力,敖翀",2021Q4,109306.0,,13400.0,10452.0,0.16,59.5,,6.65,,买入,,12.0
002396.SZ,星网锐捷,20200330,星网锐捷2019年年报点评：业绩符合预期，长期受益于云计算市场增长,点评,一般报告,中信证券,"顾海波,丁奇",2021Q4,1253916.0,,132000.0,90091.0,1.54,25.0,,15.88,,买入,,
000063.SZ,中兴通讯,20200330,中兴通讯：财务指标向好，运营商业务驱动成长，迎接全年景气上行,点评,一般报告,东方证券,"张颖,蔡超逸",2021Q4,12423900.0,,1010600.0,785900.0,1.7,25.5,,14.0,12.7,买入,,49.32
000063.SZ,中兴通讯,20200330,中兴通讯：财务指标向好，运营商业务驱动成长，迎接全年景气上行,点评,一般报告,东方证券,"张颖,蔡超逸",2020Q4,10415300.0,,824200.0,633200.0,1.37,31.6,,14.5,15.7,买入,,49.32
300438.SZ,鹏辉能源,20200330,鹏辉能源：电子烟电池订单充足，涵盖下游高质量客户,点评,一般报告,东方证券,"卢日鑫,李梦强,彭海涛,顾高臣",2020Q4,512400.0,,57000.0,47900.0,1.7,14.5,,17.7,8.3,买入,,30.6
601939.SH,建设银行,20200330,建设银行2019年年报点评：战略支撑，策略灵活,点评,一般报告,中信证券,"肖斐斐,冉宇航,彭博",2020Q4,74865300.0,,,27786500.0,1.111,5.94,,,,增持,,
002299.SZ,圣农发展,20200330,圣农发展：食品、渠道取得突破，禽业高景气，业绩大幅增长,点评,一般报告,中信建投,孙金琦,2021Q4,1716200.0,,,325700.0,,8.8,,,,增持,,
300788.SZ,中信出版,20200330,中信出版：1Q经管市占率提升，书店关店费用拉低业绩,点评,一般报告,申万宏源证券,"林起贤,任梦妮",2021Q4,251700.0,92300.0,34300.0,33800.0,1.778,29.0,,11.9,,买入,,
002736.SZ,国信证券,20200330,国信证券：自营、投行业绩亮眼，金融科技助力,一般,首次评级,东北证券,王凤华,2022Q4,2029600.0,,974800.0,766100.0,0.93,12.13,0.0,10.01,,增持,,13.57
000661.SZ,长春高新,20200330,长春高新：2019年业绩大增，持续布局新赛道、新业务,点评,一般报告,天风证券,"潘海洋,郑薇",2020Q4,944351.0,,368300.0,292356.0,14.45,36.75,,27.37,26.77,买入,,
300511.SZ,雪榕生物,20200330,雪榕生物：工厂化金针菇龙头，市占率有望继续提升,深度,首次评级,东北证券,李瑶,2020Q4,230800.0,,34600.0,37000.0,0.86,10.3,0.0,17.32,,买入,,12.9
300496.SZ,中科创达,20200330,中科创达：整体业绩持续向好，智能网联汽车业务增长迅猛,点评,首次关注,东兴证券,王健辉,2022Q4,385000.0,,61000.0,57988.0,1.44,37.84,,23.33,32.12,推荐,,
000063.SZ,中兴通讯,20200330,中兴通讯2019年年报点评：聚焦运营商业务，设备商龙头重回正轨，5G新时代未来可期,一般,首份报告,民生证券,"刘欣,包江麟",2020Q4,10544400.0,,812400.0,623600.0,1.35,32.09,0.0,15.0,58.0,推荐,,
002299.SZ,圣农发展,20200330,圣农发展：食品、渠道取得突破，禽业高景气，业绩大幅增长,点评,一般报告,中信建投,孙金琦,2020Q4,1607000.0,,,397100.0,,7.2,,,,增持,,
002706.SZ,良信电器,20200330,良信电器2019年年报点评：二十亿目标达成，从头越空间广阔,点评,一般报告,中信证券,"弓永峰,林劼,华夏",2021Q4,361938.0,,56800.0,49499.0,0.63,17.0,,22.5,,买入,,
300511.SZ,雪榕生物,20200330,雪榕生物：工厂化金针菇龙头，市占率有望继续提升,深度,首次评级,东北证券,李瑶,2021Q4,250800.0,,40000.0,42800.0,1.0,8.91,0.0,16.67,,买入,,12.9
601211.SH,国泰君安,20200330,国泰君安：各项业务全面领先，国际化布局落子越南,一般,首次评级,东北证券,王凤华,2022Q4,4287200.0,,1870800.0,1380200.0,1.55,10.57,,10.44,,增持,,19.64
002129.SZ,中环股份,20200330,中环股份：光伏+半导体双轮驱动，业绩稳定增长,点评,一般报告,东北证券,"笪佳敏,顾一弘",2020Q4,2362500.0,,227200.0,148200.0,0.53,28.52,0.0,10.02,,增持,,18.0
300496.SZ,中科创达,20200330,中科创达：整体业绩持续向好，智能网联汽车业务增长迅猛,点评,首次关注,东兴证券,王健辉,2021Q4,305000.0,,46400.0,44077.0,1.1,49.78,,19.74,44.07,推荐,,
000661.SZ,长春高新,20200330,长春高新：2019年业绩大增，持续布局新赛道、新业务,点评,一般报告,天风证券,"潘海洋,郑薇",2021Q4,1193773.0,,479164.0,380360.0,18.8,28.25,,26.84,20.16,买入,,
600027.SH,华电国际,20200330,华电国际深度跟踪报告：龙头价值回归，火电否极泰来,深度,一般报告,中信证券,"李想,武云泽",2020Q4,9279800.0,,725400.0,418900.0,0.42,8.0,,6.5,,买入,,5.6
600449.SH,宁夏建材,20200330,宁夏建材：内蒙古“错峰置换”方案公示，价格弹性有望释放,点评,首份报告,申万宏源证券,"戴铭余,刘晓宁,刘爽",2022Q4,533400.0,220900.0,144700.0,107600.0,2.25,5.0,,13.7,,买入,,16.05
600754.SH,锦江酒店,20200330,锦江酒店：业绩整体稳健，中端结构继续优化,点评,一般报告,东兴证券,"张凯琳,王紫",2022Q4,1951826.0,,253900.0,170224.0,1.78,14.14,,10.28,7.57,推荐,,
600875.SH,东方电气,20200330,东方电气2019年年报点评：风电在手订单充裕，业务结构持续优化,点评,一般报告,中信证券,"弓永峰,林劼,华夏",2021Q4,3446642.0,,209600.0,174852.0,0.56,16.0,,5.49,,买入,,
600600.SH,青岛啤酒,20200330,青岛啤酒2019年报点评：产品结构持续优化，盈利能力稳步向好,点评,一般报告,华创证券,"方振,程航,董广阳",2022Q4,3058700.0,,440000.0,274600.0,2.03,22.0,,11.1,15.0,推荐,,55.0
600027.SH,华电国际,20200330,华电国际深度跟踪报告：龙头价值回归，火电否极泰来,深度,一般报告,中信证券,"李想,武云泽",2021Q4,9520200.0,,898600.0,518900.0,0.53,6.0,,7.7,,买入,,5.6
300788.SZ,中信出版,20200330,中信出版：1Q经管市占率提升，书店关店费用拉低业绩,点评,一般报告,申万宏源证券,"林起贤,任梦妮",2022Q4,296000.0,107900.0,40500.0,39700.0,2.088,25.0,,12.6,,买入,,
000063.SZ,中兴通讯,20200330,中兴通讯：毛利率水平持续提升，管理改善成效显著,点评,一般报告,平安证券,朱琨,2022Q4,11602800.0,,982300.0,751400.0,1.63,26.6,,11.4,10.1,推荐,,
603659.SH,璞泰来,20200330,璞泰来2019年年报点评：产业链整合初见效，定增加码锂电业务,点评,一般报告,中信证券,"宋韶灵,陈俊斌",2021Q4,765600.0,,133100.0,115300.0,2.65,24.0,,23.22,,买入,,
600600.SH,青岛啤酒,20200330,青岛啤酒2019年报点评：产品结构持续优化，盈利能力稳步向好,点评,一般报告,华创证券,"方振,程航,董广阳",2021Q4,2922400.0,,380700.0,237500.0,1.76,25.0,,10.4,17.0,推荐,,55.0
600027.SH,华电国际,20200330,华电国际深度跟踪报告：龙头价值回归，火电否极泰来,深度,一般报告,中信证券,"李想,武云泽",2022Q4,9656700.0,,975600.0,563400.0,0.57,6.0,,8.0,,买入,,5.6
601939.SH,建设银行,20200330,建设银行2019年年报点评：战略支撑，策略灵活,点评,一般报告,中信证券,"肖斐斐,冉宇航,彭博",2021Q4,79655700.0,,,29041800.0,1.162,5.68,,,,增持,,
600875.SH,东方电气,20200330,东方电气2019年年报点评：风电在手订单充裕，业务结构持续优化,点评,一般报告,中信证券,"弓永峰,林劼,华夏",2020Q4,3322932.0,,177800.0,149608.0,0.48,18.0,,4.91,,买入,,
600449.SH,宁夏建材,20200330,宁夏建材：内蒙古“错峰置换”方案公示，价格弹性有望释放,点评,首份报告,申万宏源证券,"戴铭余,刘晓宁,刘爽",2021Q4,547500.0,230000.0,150200.0,111700.0,2.34,5.0,,15.6,,买入,,16.05
600754.SH,锦江酒店,20200330,锦江酒店：业绩整体稳健，中端结构继续优化,点评,一般报告,东兴证券,"张凯琳,王紫",2020Q4,1129435.0,,97100.0,65103.0,0.68,36.98,,4.71,13.33,推荐,,
002736.SZ,国信证券,20200330,国信证券：自营、投行业绩亮眼，金融科技助力,一般,首次评级,东北证券,王凤华,2021Q4,1838100.0,,885600.0,697900.0,0.85,13.31,0.0,10.13,,增持,,13.57
603659.SH,璞泰来,20200330,璞泰来2019年年报点评：产业链整合初见效，定增加码锂电业务,点评,一般报告,中信证券,"宋韶灵,陈俊斌",2020Q4,601300.0,,99900.0,86100.0,1.98,32.0,,21.12,,买入,,
000703.SZ,恒逸石化,20200330,恒逸石化：年报符合预期，一季度延续高增长,点评,一般报告,华泰证券,"刘曦,庄汀洲",2021Q4,12086900.0,,792600.0,501700.0,1.77,6.78,,15.46,3.49,增持,13.97,12.5
000063.SZ,中兴通讯,20200330,中兴通讯2019年年报点评：聚焦运营商业务，设备商龙头重回正轨，5G新时代未来可期,一般,首份报告,民生证券,"刘欣,包江麟",2022Q4,14446400.0,,1395500.0,1072300.0,2.33,18.66,0.0,17.7,24.83,推荐,,
000703.SZ,恒逸石化,20200330,恒逸石化：年报符合预期，一季度延续高增长,点评,一般报告,华泰证券,"刘曦,庄汀洲",2020Q4,10873700.0,,664900.0,418800.0,1.47,8.12,,15.26,4.06,增持,13.97,12.5
000063.SZ,中兴通讯,20200330,中兴通讯：毛利率水平持续提升，管理改善成效显著,点评,一般报告,平安证券,朱琨,2020Q4,9882000.0,,759200.0,576600.0,1.25,34.7,,11.2,14.5,推荐,,
603111.SH,康尼机电,20200330,康尼机电：城轨新增与动车维修市场推动公司持续增长——轨道交通系列报告,一般,首份报告,中信建投,吕娟,2019Q4,332078.0,,,63191.0,,10.7,,,,增持,,
300788.SZ,中信出版,20200330,中信出版：1Q经管市占率提升，书店关店费用拉低业绩,点评,一般报告,申万宏源证券,"林起贤,任梦妮",2020Q4,212200.0,79500.0,29300.0,29000.0,1.525,34.0,,11.3,,买入,,
002129.SZ,中环股份,20200330,中环股份：光伏+半导体双轮驱动，业绩稳定增长,点评,一般报告,东北证券,"笪佳敏,顾一弘",2021Q4,2723900.0,,278200.0,181500.0,0.65,23.29,0.0,10.92,,增持,,18.0
603659.SH,璞泰来,20200330,璞泰来2019年年报点评：产业链整合初见效，定增加码锂电业务,点评,一般报告,中信证券,"宋韶灵,陈俊斌",2022Q4,933100.0,,171600.0,147300.0,3.38,19.0,,24.19,,买入,,
000661.SZ,长春高新,20200330,长春高新：2019年业绩大增，持续布局新赛道、新业务,点评,一般报告,天风证券,"潘海洋,郑薇",2022Q4,1483145.0,,602529.0,478287.0,23.64,22.46,,25.66,15.46,买入,,
600600.SH,青岛啤酒,20200330,青岛啤酒2019年报点评：产品结构持续优化，盈利能力稳步向好,点评,一般报告,华创证券,"方振,程航,董广阳",2020Q4,2685000.0,,317100.0,197900.0,1.46,30.0,,9.4,19.0,推荐,,55.0
603111.SH,康尼机电,20200330,康尼机电：城轨新增与动车维修市场推动公司持续增长——轨道交通系列报告,一般,首份报告,中信建投,吕娟,2021Q4,431738.0,,,53104.0,,12.94,,,,增持,,
600588.SH,用友网络,20200330,用友网络：云超预期且三表多亮点！,点评,一般报告,申万宏源证券,"刘洋,黄忠煌",2022Q4,1722600.0,1118900.0,240100.0,199800.0,0.8,53.0,,17.0,,增持,,
000063.SZ,中兴通讯,20200330,中兴通讯：毛利率水平持续提升，管理改善成效显著,点评,一般报告,平安证券,朱琨,2021Q4,10787300.0,,894900.0,683800.0,1.48,29.3,,11.6,14.5,推荐,,
600754.SH,锦江酒店,20200330,锦江酒店：业绩整体稳健，中端结构继续优化,点评,一般报告,东兴证券,"张凯琳,王紫",2021Q4,1768748.0,,228100.0,152931.0,1.6,15.74,,10.12,8.88,推荐,,
000703.SZ,恒逸石化,20200330,恒逸石化：年报符合预期，一季度延续高增长,点评,一般报告,华泰证券,"刘曦,庄汀洲",2019Q4,8002700.0,,471100.0,320200.0,1.13,10.62,,13.77,5.59,增持,13.97,12.5
601211.SH,国泰君安,20200330,国泰君安：各项业务全面领先，国际化布局落子越南,一般,首次评级,东北证券,王凤华,2021Q4,3761000.0,,1635700.0,1195200.0,1.34,12.2,,7.97,,增持,,19.64
603111.SH,康尼机电,20200330,康尼机电：城轨新增与动车维修市场推动公司持续增长——轨道交通系列报告,一般,首份报告,中信建投,吕娟,2020Q4,377755.0,,,43136.0,,15.35,,,,增持,,
002706.SZ,良信电器,20200330,良信电器2019年年报点评：二十亿目标达成，从头越空间广阔,点评,一般报告,中信证券,"弓永峰,林劼,华夏",2022Q4,419325.0,,70800.0,61599.0,0.78,14.0,,25.36,,买入,,
300511.SZ,雪榕生物,20200330,雪榕生物：工厂化金针菇龙头，市占率有望继续提升,深度,首次评级,东北证券,李瑶,2019Q4,194000.0,,19000.0,20300.0,0.47,18.78,0.0,11.48,,买入,,12.9
600449.SH,宁夏建材,20200330,宁夏建材：内蒙古“错峰置换”方案公示，价格弹性有望释放,点评,首份报告,申万宏源证券,"戴铭余,刘晓宁,刘爽",2020Q4,541400.0,221500.0,137700.0,102400.0,2.14,6.0,,16.1,,买入,,16.05
002706.SZ,良信电器,20200330,良信电器2019年年报点评：二十亿目标达成，从头越空间广阔,点评,一般报告,中信证券,"弓永峰,林劼,华夏",2020Q4,276524.0,,42200.0,36659.0,0.47,23.0,,18.54,,买入,,
600588.SH,用友网络,20200330,用友网络：云超预期且三表多亮点！,点评,一般报告,申万宏源证券,"刘洋,黄忠煌",2020Q4,1168900.0,754300.0,128200.0,106700.0,0.43,98.0,,13.0,,增持,,
603019.SH,中科曙光,20200330,中科曙光2019年年报点评：业绩超预期，核心业务升级推进,点评,首份报告,中信证券,"杨泽原,刘雯蜀,张帅",2020Q4,1117915.0,,93000.0,75509.0,0.84,54.0,,15.25,,增持,,
601717.SH,郑煤机,20200330,郑煤机2019年年报点评：煤机表现创新高，看好公司智能化推进,点评,一般报告,中信证券,"刘海博,左腾飞,李睿鹏,李越",2022Q4,2750394.0,,185500.0,126602.0,0.73,8.0,,8.58,,买入,,
601717.SH,郑煤机,20200330,郑煤机2019年年报点评：煤机表现创新高，看好公司智能化推进,点评,一般报告,中信证券,"刘海博,左腾飞,李睿鹏,李越",2021Q4,2674516.0,,173100.0,117341.0,0.68,8.0,,8.47,,买入,,
601717.SH,郑煤机,20200330,郑煤机2019年年报点评：煤机表现创新高，看好公司智能化推进,点评,一般报告,中信证券,"刘海博,左腾飞,李睿鹏,李越",2020Q4,2577421.0,,157300.0,108771.0,0.63,9.0,,8.36,,买入,,
600660.SH,福耀玻璃,20200330,福耀玻璃2019年业绩快报点评：业绩低于预期，静待行业回暖,点评,一般报告,中信证券,"陈俊斌,尹欣驰",2020Q4,2049255.0,,321200.0,269809.0,1.08,18.0,,12.09,,增持,,
600875.SH,东方电气,20200330,东方电气2019年年报点评：风电在手订单充裕，业务结构持续优化,点评,一般报告,中信证券,"弓永峰,林劼,华夏",2022Q4,3567925.0,,226400.0,187520.0,0.6,15.0,,5.67,,买入,,
600660.SH,福耀玻璃,20200330,福耀玻璃2019年业绩快报点评：业绩低于预期，静待行业回暖,点评,一般报告,中信证券,"陈俊斌,尹欣驰",2019Q4,2110388.0,,323100.0,289843.0,1.16,17.0,,13.67,,增持,,
002465.SZ,海格通信,20200330,海格通信2019年年报点评：收入增长稳健、盈利能力提升，订单增加军民品业务向好,点评,一般报告,中信证券,"李建伟,陈卓",2021Q4,683845.0,,92700.0,79758.0,0.35,32.0,,7.65,,买入,,13.5
002465.SZ,海格通信,20200330,海格通信2019年年报点评：收入增长稳健、盈利能力提升，订单增加军民品业务向好,点评,一般报告,中信证券,"李建伟,陈卓",2020Q4,556263.0,,76600.0,66508.0,0.29,39.0,,6.66,,买入,,13.5
002129.SZ,中环股份,20200330,中环股份：光伏+半导体双轮驱动，业绩稳定增长,点评,一般报告,东北证券,"笪佳敏,顾一弘",2022Q4,3379000.0,,349600.0,243300.0,0.87,17.38,0.0,12.77,,增持,,18.0
002299.SZ,圣农发展,20200330,圣农发展2019年年报点评：禽链景气＋降本增效，盈利高增,点评,一般报告,中信证券,"盛夏,熊承慧",2022Q4,1509709.0,,145100.0,137829.0,1.11,20.0,,9.66,,买入,,29.0
002299.SZ,圣农发展,20200330,圣农发展2019年年报点评：禽链景气＋降本增效，盈利高增,点评,一般报告,中信证券,"盛夏,熊承慧",2021Q4,1492382.0,,202200.0,193333.0,1.55,14.0,,14.05,,买入,,29.0
002299.SZ,圣农发展,20200330,圣农发展2019年年报点评：禽链景气＋降本增效，盈利高增,点评,一般报告,中信证券,"盛夏,熊承慧",2020Q4,1662893.0,,465700.0,456370.0,3.67,6.0,,32.88,,买入,,29.0
002129.SZ,中环股份,20200330,中环股份：光伏硅片贡献增长，半导体硅片值得期待,点评,首次评级,中信建投,"王革,杨藻,张鹏,张亦弛",2021Q4,4240000.0,,,284000.0,1.02,14.9,,,,买入,,
300496.SZ,中科创达,20200330,中科创达：整体业绩持续向好，智能网联汽车业务增长迅猛,点评,首次关注,东兴证券,王健辉,2020Q4,238000.0,,34000.0,32645.0,0.81,67.21,,15.87,53.91,推荐,,
601211.SH,国泰君安,20200330,国泰君安：各项业务全面领先，国际化布局落子越南,一般,首次评级,东北证券,王凤华,2020Q4,3343100.0,,1424000.0,1029000.0,1.16,14.17,,6.94,,增持,,19.64
002736.SZ,国信证券,20200330,国信证券：自营、投行业绩亮眼，金融科技助力,一般,首次评级,东北证券,王凤华,2020Q4,1564100.0,,709600.0,554700.0,0.68,16.75,0.0,8.96,,增持,,13.57
603019.SH,中科曙光,20200330,中科曙光2019年年报点评：业绩超预期，核心业务升级推进,点评,首份报告,中信证券,"杨泽原,刘雯蜀,张帅",2022Q4,1640727.0,,164300.0,132467.0,1.47,31.0,,19.13,,增持,,
603019.SH,中科曙光,20200330,中科曙光2019年年报点评：业绩超预期，核心业务升级推进,点评,首份报告,中信证券,"杨泽原,刘雯蜀,张帅",2021Q4,1350138.0,,126800.0,102076.0,1.13,40.0,,17.55,,增持,,
600660.SH,福耀玻璃,20200330,福耀玻璃2019年业绩快报点评：业绩低于预期，静待行业回暖,点评,一般报告,中信证券,"陈俊斌,尹欣驰",2021Q4,2170011.0,,376800.0,316489.0,1.26,15.0,,13.17,,增持,,
002465.SZ,海格通信,20200330,海格通信2019年年报点评：收入增长稳健、盈利能力提升，订单增加军民品业务向好,点评,一般报告,中信证券,"李建伟,陈卓",2022Q4,821595.0,,106400.0,91227.0,0.4,28.0,,8.36,,买入,,13.5
002129.SZ,中环股份,20200330,中环股份：光伏硅片贡献增长，半导体硅片值得期待,点评,首次评级,中信建投,"王革,杨藻,张鹏,张亦弛",2020Q4,3430000.0,,,217000.0,0.78,19.5,,,,买入,,
000538.SZ,云南白药,20200330,云南白药：提升经营质量，推出期权及员工激励方案保障长期发展,点评,一般报告,中信建投,"贺菊颖,刘若飞",2022Q4,3884450.0,,609810.0,520120.0,4.07,20.5,,11.2,14.0,买入,,97.2
000538.SZ,云南白药,20200330,云南白药：提升经营质量，推出期权及员工激励方案保障长期发展,点评,一般报告,中信建投,"贺菊颖,刘若飞",2021Q4,3558170.0,,548560.0,468070.0,3.66,22.8,,10.8,15.4,买入,,97.2
000538.SZ,云南白药,20200330,云南白药：提升经营质量，推出期权及员工激励方案保障长期发展,点评,一般报告,中信建投,"贺菊颖,刘若飞",2020Q4,3250650.0,,491520.0,419410.0,3.28,25.5,,10.3,17.7,买入,,97.2
603986.SH,兆易创新,20200330,兆易创新2019年年报点评：NORFlash供需缺口仍在，DRAM代销有望贡献收入,点评,一般报告,中信证券,徐涛,2022Q4,852083.0,,202700.0,191000.0,5.95,42.0,,21.44,,增持,,272.7
603986.SH,兆易创新,20200330,兆易创新2019年年报点评：NORFlash供需缺口仍在，DRAM代销有望贡献收入,点评,一般报告,中信证券,徐涛,2021Q4,654346.0,,148600.0,140020.0,4.36,57.0,,19.24,,增持,,272.7
603986.SH,兆易创新,20200330,兆易创新2019年年报点评：NORFlash供需缺口仍在，DRAM代销有望贡献收入,点评,一般报告,中信证券,徐涛,2020Q4,491386.0,,103300.0,97221.0,3.03,83.0,,16.01,,增持,,272.7
603799.SH,华友钴业,20200330,华友钴业：2019年业绩承压，未来前景仍可期,点评,一般报告,平安证券,陈建文,2022Q4,2433000.0,,207100.0,145000.0,1.3,22.6,,10.3,13.3,推荐,,
603799.SH,华友钴业,20200330,华友钴业：2019年业绩承压，未来前景仍可期,点评,一般报告,平安证券,陈建文,2020Q4,2023300.0,,97600.0,68300.0,0.61,48.0,,5.9,22.7,推荐,,
601966.SH,玲珑轮胎,20200330,玲珑轮胎：拟建国内第五个生产基地，力争2030年期间产能规模世界前五,点评,一般报告,中金,"沈姗姗,李璇",2021Q4,2107400.0,,214000.0,203300.0,1.69,11.7,2.6,15.3,8.0,跑赢行业,,28.0
601966.SH,玲珑轮胎,20200330,玲珑轮胎：拟建国内第五个生产基地，力争2030年期间产能规模世界前五,点评,一般报告,中金,"沈姗姗,李璇",2019Q4,1748800.0,,170400.0,161800.0,1.35,14.7,2.1,15.2,9.8,跑赢行业,,28.0
600600.SH,青岛啤酒,20200330,青岛啤酒年报点评：业绩增长符合预期，股权激励释放团队活力，助力高端化,点评,一般报告,新时代证券,"孙山山,王言海,张向伟",2022Q4,3167200.0,,473500.0,294100.0,2.18,20.4,,12.2,8.0,推荐,,
601966.SH,玲珑轮胎,20200330,玲珑轮胎：拟建国内第五个生产基地，力争2030年期间产能规模世界前五,点评,一般报告,中金,"沈姗姗,李璇",2020Q4,1950000.0,,191200.0,181600.0,1.51,13.1,2.3,15.2,8.9,跑赢行业,,28.0
600600.SH,青岛啤酒,20200330,青岛啤酒年报点评：业绩增长符合预期，股权激励释放团队活力，助力高端化,点评,一般报告,新时代证券,"孙山山,王言海,张向伟",2021Q4,2973000.0,,384900.0,237400.0,1.76,25.3,,11.0,10.2,推荐,,
600600.SH,青岛啤酒,20200330,青岛啤酒年报点评：业绩增长符合预期，股权激励释放团队活力，助力高端化,点评,一般报告,新时代证券,"孙山山,王言海,张向伟",2020Q4,2768600.0,,334500.0,198100.0,1.47,30.3,,10.0,12.0,推荐,,
600600.SH,青岛啤酒,20200330,青岛啤酒：产品结构持续优化，全年利润超预期,点评,一般报告,东北证券,"李强,齐欢",2022Q4,3342200.0,,460600.0,320700.0,2.37,18.73,0.0,11.81,,买入,,52.7
600600.SH,青岛啤酒,20200330,青岛啤酒：产品结构持续优化，全年利润超预期,点评,一般报告,东北证券,"李强,齐欢",2021Q4,3134100.0,,387300.0,269600.0,2.0,22.27,0.0,11.26,,买入,,52.7
600600.SH,青岛啤酒,20200330,青岛啤酒：产品结构持续优化，全年利润超预期,点评,一般报告,东北证券,"李强,齐欢",2020Q4,2802300.0,,298200.0,207600.0,1.54,28.93,0.0,9.77,,买入,,52.7
600511.SH,国药股份,20200330,国药股份2019年年报点评：特色麻药业务快速增长，利润端增速超出预期,点评,一般报告,中信证券,"田加强,孙晓晖",2020Q4,4901800.0,,274600.0,182900.0,2.42,11.0,,15.39,,买入,,
300363.SZ,博腾股份,20200330,博腾股份：19年全年&20年Q1业绩亮眼，三驾马车正式启航,点评,一般报告,安信证券,"马帅,冯雪云",2022Q4,357780.0,,48840.0,43840.0,0.81,33.2,0.0,10.6,20.0,增持,,
300363.SZ,博腾股份,20200330,博腾股份：19年全年&20年Q1业绩亮眼，三驾马车正式启航,点评,一般报告,安信证券,"马帅,冯雪云",2020Q4,203310.0,,25970.0,24870.0,0.46,58.5,0.0,7.4,34.9,增持,,
002643.SZ,万润股份,20200330,万润股份深度系列报告（三）：疫情带来短期波动，长期看好沸石放量,深度,一般报告,中信证券,"袁健聪,王喆",2020Q4,314200.0,,70000.0,61300.0,0.67,17.0,,11.78,,买入,,23.0
002459.SZ,晶澳科技,20200330,晶澳科技：业绩超预期，龙头再出发,点评,一般报告,东吴证券,"曾朵红,曹越",2022Q4,3893400.0,,265400.0,212200.0,1.58,8.04,,15.8,4.75,买入,,19.6
002459.SZ,晶澳科技,20200330,晶澳科技：业绩超预期，龙头再出发,点评,一般报告,东吴证券,"曾朵红,曹越",2021Q4,3203600.0,,221200.0,176900.0,1.32,9.64,,15.6,5.86,买入,,19.6
002459.SZ,晶澳科技,20200330,晶澳科技：业绩超预期，龙头再出发,点评,一般报告,东吴证券,"曾朵红,曹越",2020Q4,2575700.0,,183000.0,146300.0,1.09,11.66,,15.3,6.81,买入,,19.6
000538.SZ,云南白药,20200330,云南白药：业绩稳定增长，股权激励计划体现公司未来发展信心,点评,一般报告,天风证券,"潘海洋,郑薇",2022Q4,4017635.0,,651774.0,577467.0,4.52,18.49,,11.93,12.51,买入,,
002643.SZ,万润股份,20200330,万润股份深度系列报告（三）：疫情带来短期波动，长期看好沸石放量,深度,一般报告,中信证券,"袁健聪,王喆",2021Q4,383500.0,,84400.0,74000.0,0.81,14.0,,12.95,,买入,,23.0
000538.SZ,云南白药,20200330,云南白药：业绩稳定增长，股权激励计划体现公司未来发展信心,点评,一般报告,天风证券,"潘海洋,郑薇",2021Q4,3570279.0,,564654.0,500489.0,3.92,21.33,,11.38,14.75,买入,,
000538.SZ,云南白药,20200330,云南白药：业绩稳定增长，股权激励计划体现公司未来发展信心,点评,一般报告,天风证券,"潘海洋,郑薇",2020Q4,3227517.0,,491829.0,435953.0,3.41,24.49,,10.72,17.77,买入,,
603179.SH,新泉股份,20200330,新泉股份2019年年报点评：业绩符合预期，经营不断回升,点评,一般报告,中信证券,"陈俊斌,尹欣驰",2021Q4,391929.0,,35100.0,29841.0,1.32,15.0,,14.56,,买入,,
603179.SH,新泉股份,20200330,新泉股份2019年年报点评：业绩符合预期，经营不断回升,点评,一般报告,中信证券,"陈俊斌,尹欣驰",2020Q4,347378.0,,28000.0,23782.0,1.05,19.0,,12.86,,买入,,
603993.SH,洛阳钼业,20200330,洛阳钼业：量价齐跌致公司2019年业绩大幅下滑,点评,一般报告,中信建投,"赵鑫,胡英粲",2022Q4,11002600.0,,,266800.0,0.12,28.1,,4.1,5.9,增持,,
603993.SH,洛阳钼业,20200330,洛阳钼业：量价齐跌致公司2019年业绩大幅下滑,点评,一般报告,中信建投,"赵鑫,胡英粲",2021Q4,10336620.0,,,240350.0,0.11,31.2,,3.9,6.9,增持,,
603993.SH,洛阳钼业,20200330,洛阳钼业：量价齐跌致公司2019年业绩大幅下滑,点评,一般报告,中信建投,"赵鑫,胡英粲",2020Q4,9715290.0,,,224020.0,0.1037,33.5,,3.7,7.5,增持,,
600511.SH,国药股份,20200330,国药股份2019年年报点评：特色麻药业务快速增长，利润端增速超出预期,点评,一般报告,中信证券,"田加强,孙晓晖",2021Q4,5380200.0,,300500.0,200200.0,2.65,10.0,,14.99,,买入,,
603214.SH,爱婴室,20200330,爱婴室2019年年报点评：线上线下齐发展，品类优化促成长,点评,一般报告,中信证券,"杨清朴,姜娅",2022Q4,369900.0,,35300.0,24500.0,2.4,17.0,,15.1,,增持,,
603214.SH,爱婴室,20200330,爱婴室2019年年报点评：线上线下齐发展，品类优化促成长,点评,一般报告,中信证券,"杨清朴,姜娅",2020Q4,267700.0,,22500.0,15600.0,1.53,26.0,,13.3,,增持,,
601607.SH,上海医药,20200330,上海医药2019年年报点评：业绩符合预期，工商业龙头地位巩固,点评,一般报告,中信证券,田加强,2022Q4,25585595.0,,920700.0,610449.0,2.15,8.75,,11.39,,买入,,24.93
601607.SH,上海医药,20200330,上海医药2019年年报点评：业绩符合预期，工商业龙头地位巩固,点评,一般报告,中信证券,田加强,2021Q4,23149558.0,,810700.0,537466.0,1.89,9.94,,10.95,,买入,,24.93
601155.SH,新城控股,20200330,新城控股2019年年报点评：理性态度确保信用，拿地减缓削弱增长,点评,首份报告,中信证券,"陈聪,张全国,李金哲",2022Q4,15661300.0,,2306800.0,1643600.0,7.28,4.3,,22.74,,增持,,35.9
601155.SH,新城控股,20200330,新城控股2019年年报点评：理性态度确保信用，拿地减缓削弱增长,点评,首份报告,中信证券,"陈聪,张全国,李金哲",2020Q4,15702100.0,,2113000.0,1464100.0,6.49,4.8,,29.74,,增持,,35.9
603799.SH,华友钴业,20200330,华友钴业：2019年业绩承压，未来前景仍可期,点评,一般报告,平安证券,陈建文,2021Q4,2268800.0,,156900.0,109800.0,0.99,29.8,,8.7,15.7,推荐,,
600511.SH,国药股份,20200330,国药股份2019年年报点评：特色麻药业务快速增长，利润端增速超出预期,点评,一般报告,中信证券,"田加强,孙晓晖",2022Q4,5887500.0,,328400.0,218800.0,2.9,9.0,,14.63,,买入,,
002643.SZ,万润股份,20200330,万润股份深度系列报告（三）：疫情带来短期波动，长期看好沸石放量,深度,一般报告,中信证券,"袁健聪,王喆",2019Q4,275700.0,,57500.0,50200.0,0.55,21.0,,10.51,,买入,,23.0
603179.SH,新泉股份,20200330,新泉股份2019年年报点评：业绩符合预期，经营不断回升,点评,一般报告,中信证券,"陈俊斌,尹欣驰",2022Q4,422110.0,,38800.0,32992.0,1.46,14.0,,14.66,,买入,,
603214.SH,爱婴室,20200330,爱婴室2019年年报点评：线上线下齐发展，品类优化促成长,点评,一般报告,中信证券,"杨清朴,姜娅",2021Q4,320900.0,,29700.0,20600.0,2.02,20.0,,15.0,,增持,,
601607.SH,上海医药,20200330,上海医药2019年年报点评：业绩符合预期，工商业龙头地位巩固,点评,一般报告,中信证券,田加强,2020Q4,20954411.0,,713000.0,472698.0,1.66,11.3,,10.47,,买入,,24.93
601155.SH,新城控股,20200330,新城控股2019年年报点评：理性态度确保信用，拿地减缓削弱增长,点评,首份报告,中信证券,"陈聪,张全国,李金哲",2021Q4,16723200.0,,2323800.0,1620900.0,7.18,4.3,,26.61,,增持,,35.9
600600.SH,青岛啤酒,20200330,青岛啤酒2019年年报点评：2019高端坚定／释放弹性，机制改善加速发展,点评,一般报告,中信证券,"薛缘,顾训丁",2021Q4,2912357.0,,321100.0,212096.0,1.57,,,9.53,10.0,买入,,
600600.SH,青岛啤酒,20200330,青岛啤酒2019年年报点评：2019高端坚定／释放弹性，机制改善加速发展,点评,一般报告,中信证券,"薛缘,顾训丁",2020Q4,2803896.0,,282000.0,186281.0,1.38,,,8.89,12.0,买入,,
002594.SZ,比亚迪,20200330,比亚迪重大事项点评：刀片电池发布，技术实力彰显,点评,一般报告,中信证券,"宋韶灵,陈俊斌,尹欣驰",2021Q4,18625600.0,,,399800.0,1.47,37.0,,6.5,,买入,,
002594.SZ,比亚迪,20200330,比亚迪重大事项点评：刀片电池发布，技术实力彰显,点评,一般报告,中信证券,"宋韶灵,陈俊斌,尹欣驰",2020Q4,15743000.0,,,194500.0,0.71,77.0,,3.4,,买入,,
002594.SZ,比亚迪,20200330,比亚迪重大事项点评：刀片电池发布，技术实力彰显,点评,一般报告,中信证券,"宋韶灵,陈俊斌,尹欣驰",2019Q4,13202200.0,,,166600.0,0.61,90.0,,3.0,,买入,,
000538.SZ,云南白药,20200330,云南白药2019年年报点评：业绩超预期，混改后有望焕发新活力,点评,一般报告,中信证券,田加强,2022Q4,3958000.0,,644000.0,555200.0,4.35,19.0,,12.52,,增持,,
600754.SH,锦江酒店,20200330,锦江酒店2019年年报点评：积极品牌扩张增强盈利稳健性,点评,一般报告,中信证券,"姜娅,杨清朴",2022Q4,1634400.0,,212100.0,146400.0,1.53,16.0,46.9,10.1,9.7,买入,,
600754.SH,锦江酒店,20200330,锦江酒店2019年年报点评：积极品牌扩张增强盈利稳健性,点评,一般报告,中信证券,"姜娅,杨清朴",2021Q4,1534700.0,,168100.0,116100.0,1.21,21.0,46.9,8.4,11.2,买入,,
300751.SZ,迈为股份,20200330,迈为股份年报点评：业绩符合预期，战略布局HIT助力长期发展,点评,首次评级,国海证券,"谭倩,傅鸿浩",2022Q4,326800.0,,57400.0,50500.0,9.72,15.85,,22.23,,买入,,
300751.SZ,迈为股份,20200330,迈为股份年报点评：业绩符合预期，战略布局HIT助力长期发展,点评,首次评级,国海证券,"谭倩,傅鸿浩",2020Q4,172200.0,,37200.0,32700.0,6.29,24.5,,20.0,,买入,,
600600.SH,青岛啤酒,20200330,青岛啤酒2019年年报点评：2019高端坚定／释放弹性，机制改善加速发展,点评,一般报告,中信证券,"薛缘,顾训丁",2022Q4,3008064.0,,359500.0,237450.0,1.76,,,10.02,9.0,买入,,
000538.SZ,云南白药,20200330,云南白药2019年年报点评：业绩超预期，混改后有望焕发新活力,点评,一般报告,中信证券,田加强,2021Q4,3628500.0,,591100.0,509600.0,3.99,21.0,,12.23,,增持,,
000538.SZ,云南白药,20200330,云南白药2019年年报点评：业绩超预期，混改后有望焕发新活力,点评,一般报告,中信证券,田加强,2020Q4,3295800.0,,524700.0,452300.0,3.54,24.0,,11.55,,增持,,
600754.SH,锦江酒店,20200330,锦江酒店2019年年报点评：积极品牌扩张增强盈利稳健性,点评,一般报告,中信证券,"姜娅,杨清朴",2020Q4,1328700.0,,7900.0,5500.0,0.0574,441.0,46.9,0.4,25.6,买入,,
300751.SZ,迈为股份,20200330,迈为股份年报点评：业绩符合预期，战略布局HIT助力长期发展,点评,首次评级,国海证券,"谭倩,傅鸿浩",2021Q4,237300.0,,46000.0,40500.0,7.79,19.77,,21.12,,买入,,
603993.SH,洛阳钼业,20200330,洛阳钼业：海外管理团队降本增效，静待钴价回暖,点评,一般报告,申万宏源证券,"王宏为,史霜霜",2022Q4,5395700.0,812100.0,546500.0,352100.0,0.16,22.0,,7.1,,增持,,
603993.SH,洛阳钼业,20200330,洛阳钼业：海外管理团队降本增效，静待钴价回暖,点评,一般报告,申万宏源证券,"王宏为,史霜霜",2021Q4,5013800.0,730100.0,463700.0,302000.0,0.14,25.0,,6.5,,增持,,
603993.SH,洛阳钼业,20200330,洛阳钼业：海外管理团队降本增效，静待钴价回暖,点评,一般报告,申万宏源证券,"王宏为,史霜霜",2020Q4,4673900.0,614200.0,348300.0,230800.0,0.11,32.0,,5.4,,增持,,
600027.SH,华电国际,20200330,华电国际事件点评：业绩高增，投资价值凸显,点评,首次关注,国海证券,"谭倩,赵越",2022Q4,10183300.0,,880900.0,507100.0,0.51,6.46,,5.22,,买入,,
600027.SH,华电国际,20200330,华电国际事件点评：业绩高增，投资价值凸显,点评,首次关注,国海证券,"谭倩,赵越",2021Q4,9803200.0,,804500.0,463100.0,0.47,7.07,,5.11,,买入,,
300759.SZ,康龙化成,20200330,康龙化成：业绩持续超预期，业务具备长期成长性,点评,一般报告,中信建投,"贺菊颖,俞冰",2020Q4,473600.0,,90410.0,76230.0,0.96,60.3,,9.0,34.1,增持,,
300750.SZ,宁德时代,20200330,宁德时代动态研究：巨头全面卡位，将再续辉煌,点评,一般报告,国海证券,"谭倩,尹斌,赵彬凯",2021Q4,7110000.0,,885700.0,717300.0,3.25,26.16,,14.66,,买入,,
300759.SZ,康龙化成,20200330,康龙化成：业绩持续超预期，业务具备长期成长性,点评,一般报告,中信建投,"贺菊颖,俞冰",2022Q4,786420.0,,171700.0,144320.0,1.82,31.8,,13.8,19.6,增持,,
300759.SZ,康龙化成,20200330,康龙化成：业绩持续超预期，业务具备长期成长性,点评,一般报告,中信建投,"贺菊颖,俞冰",2021Q4,615640.0,,129190.0,108590.0,1.37,42.3,,11.7,25.6,增持,,
600027.SH,华电国际,20200330,华电国际事件点评：业绩高增，投资价值凸显,点评,首次关注,国海证券,"谭倩,赵越",2020Q4,9441800.0,,733900.0,422500.0,0.43,7.75,,5.0,,买入,,
300750.SZ,宁德时代,20200330,宁德时代动态研究：巨头全面卡位，将再续辉煌,点评,一般报告,国海证券,"谭倩,尹斌,赵彬凯",2020Q4,4952600.0,,617800.0,500400.0,2.27,37.51,,11.64,,买入,,
300750.SZ,宁德时代,20200330,宁德时代动态研究：巨头全面卡位，将再续辉煌,点评,一般报告,国海证券,"谭倩,尹斌,赵彬凯",2019Q4,4592800.0,,544700.0,436200.0,1.98,43.02,,11.24,,买入,,
002129.SZ,中环股份,20200330,中环股份事件点评：光伏产能快速投放，半导体导入全球价值链,点评,一般报告,国海证券,"谭倩,尹斌,傅鸿浩,张涵",2022Q4,3494900.0,,373700.0,242500.0,0.87,17.44,,9.57,,买入,,
600729.SH,重庆百货,20200330,重庆百货：管理层变更激发经营活力，要约价格高于股价,点评,首份报告,天风证券,"刘章明,马松",2021Q4,3643722.0,,170518.0,135480.0,3.33,8.11,,17.66,2.48,买入,,
600729.SH,重庆百货,20200330,重庆百货：管理层变更激发经营活力，要约价格高于股价,点评,首份报告,天风证券,"刘章明,马松",2020Q4,3126329.0,,125381.0,98048.0,2.41,11.21,,14.37,4.31,买入,,
600729.SH,重庆百货,20200330,重庆百货：管理层变更激发经营活力，要约价格高于股价,点评,首份报告,天风证券,"刘章明,马松",2019Q4,3421649.0,,129474.0,103958.0,2.56,10.57,,16.73,4.43,买入,,
002129.SZ,中环股份,20200330,中环股份事件点评：光伏产能快速投放，半导体导入全球价值链,点评,一般报告,国海证券,"谭倩,尹斌,傅鸿浩,张涵",2020Q4,2096500.0,,218200.0,141600.0,0.51,29.87,,6.75,,买入,,
000703.SZ,恒逸石化,20200330,恒逸石化：19Q4和20Q1业绩皆报喜，彰显卓越盈利能力,点评,一般报告,天风证券,"张樨樨,贾广博,刘子栋,郑小兵",2021Q4,10721905.0,,714235.0,541170.0,1.9,6.13,,19.59,4.68,买入,,
002129.SZ,中环股份,20200330,中环股份事件点评：光伏产能快速投放，半导体导入全球价值链,点评,一般报告,国海证券,"谭倩,尹斌,傅鸿浩,张涵",2021Q4,2748300.0,,289900.0,188100.0,0.68,22.48,,8.22,,买入,,
000703.SZ,恒逸石化,20200330,恒逸石化：19Q4和20Q1业绩皆报喜，彰显卓越盈利能力,点评,一般报告,天风证券,"张樨樨,贾广博,刘子栋,郑小兵",2019Q4,7586094.0,,417383.0,320340.0,1.13,10.35,,15.74,9.09,买入,,
600600.SH,青岛啤酒,20200330,青岛啤酒：再交靓丽业绩，结构、费用、利润率多重改善,点评,一般报告,中信建投,"安雅泽,吕睿竞",2021Q4,2977810.0,,,258969.0,1.92,21.8,,12.0,9.3,买入,,58.44
600600.SH,青岛啤酒,20200330,青岛啤酒：再交靓丽业绩，结构、费用、利润率多重改善,点评,一般报告,中信建投,"安雅泽,吕睿竞",2020Q4,2693600.0,,,192871.0,1.43,28.7,,9.6,11.5,买入,,58.44
601966.SH,玲珑轮胎,20200330,玲珑轮胎：投资长春基地，发展战略迎来再升级,点评,一般报告,民生证券,邓健全,2020Q4,1797200.0,,197600.0,185900.0,1.55,12.8,2.0,14.7,6.9,推荐,,
601966.SH,玲珑轮胎,20200330,玲珑轮胎：投资长春基地，发展战略迎来再升级,点评,一般报告,民生证券,邓健全,2019Q4,1686000.0,,178300.0,165900.0,1.38,14.3,1.8,14.7,7.5,推荐,,
002129.SZ,中环股份,20200330,中环股份2019年报点评：业务发展亮点纷呈，硅材料龙头蓄势待发,点评,一般报告,华创证券,"李佳,鲁佩,赵志铭",2022Q4,3866400.0,,490800.0,304300.0,0.91,17.0,,8.9,13.0,强推,,25.29
002129.SZ,中环股份,20200330,中环股份2019年报点评：业务发展亮点纷呈，硅材料龙头蓄势待发,点评,一般报告,华创证券,"李佳,鲁佩,赵志铭",2020Q4,2561700.0,,261300.0,162000.0,0.48,31.0,,6.0,19.0,强推,,25.29
603799.SH,华友钴业,20200330,华友钴业年报点评：资产减值拖累业绩，看好三元前驱体一体化,点评,一般报告,民生证券,方驭涛,2021Q4,3100800.0,,148400.0,111300.0,1.0,28.5,0.0,12.2,12.7,推荐,,
603799.SH,华友钴业,20200330,华友钴业年报点评：资产减值拖累业绩，看好三元前驱体一体化,点评,一般报告,民生证券,方驭涛,2020Q4,2379800.0,,92900.0,69700.0,0.626,45.6,0.0,8.7,17.5,推荐,,
601939.SH,建设银行,20200330,建设银行2019年报点评：风险定价能力卓越，净息差保持稳定,点评,首次评级,民生证券,郭其伟,2021Q4,80220000.0,,,29499400.0,1.18,5.48,5.4,12.29,,推荐,,
601939.SH,建设银行,20200330,建设银行2019年报点评：风险定价能力卓越，净息差保持稳定,点评,首次评级,民生证券,郭其伟,2020Q4,75295000.0,,,27869900.0,1.11,5.8,5.1,12.69,,推荐,,
300357.SZ,我武生物,20200330,我武生物2019年年报及2020年1季度业绩预告点评：业绩增长符合预期，粉尘螨滴剂高速增长,点评,一般报告,民生证券,"盛丽华,孙建",2022Q4,129300.0,,71000.0,60400.0,1.15,36.7,0.0,22.5,26.9,推荐,,
300357.SZ,我武生物,20200330,我武生物2019年年报及2020年1季度业绩预告点评：业绩增长符合预期，粉尘螨滴剂高速增长,点评,一般报告,民生证券,"盛丽华,孙建",2021Q4,101000.0,,55000.0,46800.0,0.89,47.4,0.0,22.5,35.4,推荐,,
300357.SZ,我武生物,20200330,我武生物2019年年报及2020年1季度业绩预告点评：业绩增长符合预期，粉尘螨滴剂高速增长,点评,一般报告,民生证券,"盛丽华,孙建",2020Q4,74800.0,,40300.0,34300.0,0.65,64.7,0.0,21.2,48.0,推荐,,
600600.SH,青岛啤酒,20200330,青岛啤酒：再交靓丽业绩，结构、费用、利润率多重改善,点评,一般报告,中信建投,"安雅泽,吕睿竞",2022Q4,3083700.0,,,307191.0,2.27,18.6,,13.2,8.2,买入,,58.44
000703.SZ,恒逸石化,20200330,恒逸石化：19Q4和20Q1业绩皆报喜，彰显卓越盈利能力,点评,一般报告,天风证券,"张樨樨,贾广博,刘子栋,郑小兵",2020Q4,10595399.0,,703640.0,532369.0,1.87,6.23,,22.13,4.97,买入,,
603986.SH,兆易创新,20200330,兆易创新：NOR闪存高景气，业务多点开花—2019年度报告点评,点评,一般报告,民生证券,王芳,2020Q4,432600.0,,118800.0,111500.0,3.12,80.1,0.0,11.1,46.8,推荐,,
601966.SH,玲珑轮胎,20200330,玲珑轮胎：投资长春基地，发展战略迎来再升级,点评,一般报告,民生证券,邓健全,2021Q4,2013100.0,,248700.0,234600.0,1.95,10.1,2.2,16.2,5.8,推荐,,
002129.SZ,中环股份,20200330,中环股份2019年报点评：业务发展亮点纷呈，硅材料龙头蓄势待发,点评,一般报告,华创证券,"李佳,鲁佩,赵志铭",2021Q4,3263400.0,,378600.0,234800.0,0.7,22.0,,7.8,15.0,强推,,25.29
603799.SH,华友钴业,20200330,华友钴业年报点评：资产减值拖累业绩，看好三元前驱体一体化,点评,一般报告,民生证券,方驭涛,2022Q4,3721900.0,,203000.0,152300.0,1.369,20.9,0.0,14.6,11.2,推荐,,
601939.SH,建设银行,20200330,建设银行2019年报点评：风险定价能力卓越，净息差保持稳定,点评,首次评级,民生证券,郭其伟,2022Q4,84916100.0,,,31394900.0,1.26,5.15,5.7,11.98,,推荐,,
601607.SH,上海医药,20200330,上海医药：并购整合显成效，持续稳健增长,一般,一般报告,中信建投,"贺菊颖,程培",2021Q4,22073140.0,,820220.0,534500.0,1.88,10.0,3.1,10.4,6.3,买入,,
601607.SH,上海医药,20200330,上海医药：并购整合显成效，持续稳健增长,一般,一般报告,中信建投,"贺菊颖,程培",2020Q4,19789870.0,,711100.0,463390.0,1.63,11.5,2.7,9.7,7.3,买入,,
601818.SH,光大银行,20200330,光大银行2019年业绩点评：分红率提高到30％，净息差逆市提升,点评,一般报告,民生证券,郭其伟,2022Q4,17469100.0,,,5169100.0,0.98,3.73,8.1,13.0,,推荐,,
601818.SH,光大银行,20200330,光大银行2019年业绩点评：分红率提高到30％，净息差逆市提升,点评,一般报告,民生证券,郭其伟,2020Q4,14362100.0,,,4145600.0,0.79,4.65,6.5,12.56,,推荐,,
601398.SH,工商银行,20200330,工商银行2019年报点评：营收保持双位数增长，金融科技再发力,点评,首次评级,民生证券,郭其伟,2022Q4,102538200.0,,,36159200.0,1.01,5.14,5.7,11.75,,推荐,,
601398.SH,工商银行,20200330,工商银行2019年报点评：营收保持双位数增长，金融科技再发力,点评,首次评级,民生证券,郭其伟,2021Q4,96849800.0,,,34239600.0,0.96,5.42,5.5,12.12,,推荐,,
601398.SH,工商银行,20200330,工商银行2019年报点评：营收保持双位数增长，金融科技再发力,点评,首次评级,民生证券,郭其伟,2020Q4,90876600.0,,,32672600.0,0.92,5.68,5.3,12.63,,推荐,,
300751.SZ,迈为股份,20200330,迈为股份2019年年报点评：设备收入持续高增长，全年业绩符合预期,点评,首次关注,民生证券,刘振宇,2022Q4,328800.0,,73600.0,62200.0,11.97,12.9,1.0,23.6,,推荐,,
300751.SZ,迈为股份,20200330,迈为股份2019年年报点评：设备收入持续高增长，全年业绩符合预期,点评,首次关注,民生证券,刘振宇,2021Q4,274100.0,,59500.0,50300.0,9.67,15.9,1.0,23.9,,推荐,,
002459.SZ,晶澳科技,20200330,晶澳科技：业绩超申万宏源预期，受益组件市占率提升,点评,一般报告,申万宏源证券,"韩启明,张雷",2022Q4,4363600.0,,286200.0,226700.0,1.69,8.0,,17.4,,买入,,
002459.SZ,晶澳科技,20200330,晶澳科技：业绩超申万宏源预期，受益组件市占率提升,点评,一般报告,申万宏源证券,"韩启明,张雷",2021Q4,3414900.0,,217800.0,172600.0,1.29,10.0,,16.0,,买入,,
002459.SZ,晶澳科技,20200330,晶澳科技：业绩超申万宏源预期，受益组件市占率提升,点评,一般报告,申万宏源证券,"韩启明,张雷",2020Q4,2502900.0,,128400.0,102000.0,0.76,17.0,,11.3,,买入,,
002129.SZ,中环股份,20200330,中环股份：业绩低于申万宏源预期，210大硅片乘风而起,点评,一般报告,申万宏源证券,"韩启明,张雷",2021Q4,3446200.0,,325500.0,199500.0,0.72,21.0,,11.3,,增持,,
002129.SZ,中环股份,20200330,中环股份：业绩低于申万宏源预期，210大硅片乘风而起,点评,一般报告,申万宏源证券,"韩启明,张雷",2020Q4,2411800.0,,243600.0,150100.0,0.54,28.0,,9.6,,增持,,
603659.SH,璞泰来,20200330,璞泰来2019年报点评：负极下半年毛利率改善，拟定增加快负极及隔膜一体化布局,点评,一般报告,华创证券,"胡毅,于潇",2022Q4,1063200.0,,194200.0,161100.0,3.7,17.0,,23.2,18.0,强推,,83.0
601607.SH,上海医药,20200330,上海医药：并购整合显成效，持续稳健增长,一般,一般报告,中信建投,"贺菊颖,程培",2022Q4,24500170.0,,926640.0,603860.0,2.12,8.8,3.5,10.8,6.0,买入,,
601818.SH,光大银行,20200330,光大银行2019年业绩点评：分红率提高到30％，净息差逆市提升,点评,一般报告,民生证券,郭其伟,2021Q4,15824700.0,,,4615000.0,0.88,4.17,7.2,12.75,,推荐,,
300751.SZ,迈为股份,20200330,迈为股份2019年年报点评：设备收入持续高增长，全年业绩符合预期,点评,首次关注,民生证券,刘振宇,2020Q4,212300.0,,45700.0,38600.0,7.42,20.8,0.8,23.0,,推荐,,
002129.SZ,中环股份,20200330,中环股份：业绩低于申万宏源预期，210大硅片乘风而起,点评,一般报告,申万宏源证券,"韩启明,张雷",2022Q4,4320900.0,,413800.0,252800.0,0.91,17.0,,12.6,,增持,,
603986.SH,兆易创新,20200330,兆易创新：NOR闪存高景气，业务多点开花—2019年度报告点评,点评,一般报告,民生证券,王芳,2022Q4,711500.0,,185200.0,173900.0,4.87,51.3,0.0,13.2,29.3,推荐,,
603986.SH,兆易创新,20200330,兆易创新：NOR闪存高景气，业务多点开花—2019年度报告点评,点评,一般报告,民生证券,王芳,2021Q4,563600.0,,149700.0,140700.0,3.94,63.5,0.0,12.3,36.8,推荐,,
603659.SH,璞泰来,20200330,璞泰来2019年报点评：负极下半年毛利率改善，拟定增加快负极及隔膜一体化布局,点评,一般报告,华创证券,"胡毅,于潇",2021Q4,827400.0,,147400.0,122200.0,2.81,22.0,,22.1,24.0,强推,,83.0
603659.SH,璞泰来,20200330,璞泰来2019年报点评：负极下半年毛利率改善，拟定增加快负极及隔膜一体化布局,点评,一般报告,华创证券,"胡毅,于潇",2020Q4,647000.0,,108900.0,90300.0,2.07,30.0,,20.4,31.0,强推,,83.0
603019.SH,中科曙光,20200330,中科曙光2019年年报点评：海光实现盈利，业务整体稳健发展,点评,一般报告,民生证券,"强超廷,应瑛",2022Q4,1334800.0,,141800.0,112300.0,1.25,36.1,0.0,15.7,16.0,推荐,,
603019.SH,中科曙光,20200330,中科曙光2019年年报点评：海光实现盈利，业务整体稳健发展,点评,一般报告,民生证券,"强超廷,应瑛",2021Q4,1184800.0,,117500.0,93000.0,1.03,43.6,0.0,15.4,18.3,推荐,,
603019.SH,中科曙光,20200330,中科曙光2019年年报点评：海光实现盈利，业务整体稳健发展,点评,一般报告,民生证券,"强超廷,应瑛",2020Q4,1050800.0,,97600.0,77300.0,0.86,52.4,0.0,15.2,21.4,推荐,,
601988.SH,中国银行,20200330,中国银行2019年报点评：资产质量稳健，多渠道补充资本,点评,首次评级,民生证券,郭其伟,2020Q4,58426700.0,,,19546500.0,0.66,5.3,5.7,10.02,,推荐,,
601607.SH,上海医药,20200330,上海医药：工商业齐发，加速全产业链布局,点评,一般报告,天风证券,郑薇,2022Q4,31701260.0,,862954.0,615312.0,2.16,8.68,,10.98,6.74,买入,,
601607.SH,上海医药,20200330,上海医药：工商业齐发，加速全产业链布局,点评,一般报告,天风证券,郑薇,2020Q4,22387896.0,,685748.0,492484.0,1.73,10.84,,10.68,7.94,买入,,
601328.SH,交通银行,20200330,交通银行2019年报点评：息差环比走阔，基本面保持稳健,点评,首次评级,民生证券,郭其伟,2022Q4,30056300.0,,,9023900.0,1.22,4.25,7.1,8.73,,推荐,,
601988.SH,中国银行,20200330,中国银行2019年报点评：资产质量稳健，多渠道补充资本,点评,首次评级,民生证券,郭其伟,2021Q4,63099200.0,,,20433400.0,0.69,5.07,5.9,9.62,,推荐,,
601328.SH,交通银行,20200330,交通银行2019年报点评：息差环比走阔，基本面保持稳健,点评,首次评级,民生证券,郭其伟,2021Q4,27323900.0,,,8552100.0,1.15,4.48,6.8,8.8,,推荐,,
600600.SH,青岛啤酒,20200330,青岛啤酒19年年报点评：业绩超预期，长期业绩放量可期,点评,一般报告,民生证券,"于杰,徐洋",2022Q4,3243700.0,,437500.0,292100.0,2.16,20.6,0.0,11.0,7.4,推荐,,
600600.SH,青岛啤酒,20200330,青岛啤酒19年年报点评：业绩超预期，长期业绩放量可期,点评,一般报告,民生证券,"于杰,徐洋",2021Q4,3057200.0,,361600.0,241400.0,1.79,24.9,0.0,10.2,10.2,推荐,,
600600.SH,青岛啤酒,20200330,青岛啤酒19年年报点评：业绩超预期，长期业绩放量可期,点评,一般报告,民生证券,"于杰,徐洋",2020Q4,2887900.0,,312800.0,208800.0,1.55,28.8,0.0,9.8,12.1,推荐,,
600588.SH,用友网络,20200330,用友网络19年年报点评：云服务翻倍增长，3.0战略效果持续,点评,一般报告,民生证券,"强超廷,应瑛",2022Q4,1515000.0,,223600.0,187200.0,0.75,56.2,0.0,15.9,20.3,推荐,,
600588.SH,用友网络,20200330,用友网络19年年报点评：云服务翻倍增长，3.0战略效果持续,点评,一般报告,民生证券,"强超廷,应瑛",2021Q4,1271400.0,,178100.0,149100.0,0.6,70.5,0.0,15.0,25.6,推荐,,
600588.SH,用友网络,20200330,用友网络19年年报点评：云服务翻倍增长，3.0战略效果持续,点评,一般报告,民生证券,"强超廷,应瑛",2020Q4,1046700.0,,151800.0,127100.0,0.51,82.7,0.0,15.1,31.0,推荐,,
601607.SH,上海医药,20200330,上海医药：工商业齐发，加速全产业链布局,点评,一般报告,天风证券,郑薇,2021Q4,26865475.0,,754249.0,540314.0,1.9,9.88,,10.67,6.24,买入,,
000661.SZ,长春高新,20200330,长春高新年报点评：公司业绩略超预期，生长激素处于放量周期，保持高速增,点评,一般报告,民生证券,"盛丽华,孙建",2021Q4,1059500.0,,443100.0,353100.0,17.45,30.4,0.0,24.6,19.4,推荐,,
000661.SZ,长春高新,20200330,长春高新年报点评：公司业绩略超预期，生长激素处于放量周期，保持高速增,点评,一般报告,民生证券,"盛丽华,孙建",2020Q4,876500.0,,349800.0,276000.0,13.64,38.9,0.0,25.5,24.4,推荐,,
600426.SH,华鲁恒升,20200330,华鲁恒升：业绩符合预期，继续看好龙头成本优势,点评,一般报告,民生证券,邓健全,2021Q4,1629000.0,,330400.0,279900.0,1.72,9.0,2.6,15.3,4.8,推荐,,
600426.SH,华鲁恒升,20200330,华鲁恒升：业绩符合预期，继续看好龙头成本优势,点评,一般报告,民生证券,邓健全,2020Q4,1506300.0,,297100.0,251900.0,1.55,10.0,2.4,15.6,5.6,推荐,,
601988.SH,中国银行,20200330,中国银行2019年报点评：资产质量稳健，多渠道补充资本,点评,首次评级,民生证券,郭其伟,2022Q4,68444800.0,,,21443000.0,0.73,4.83,6.2,9.43,,推荐,,
601328.SH,交通银行,20200330,交通银行2019年报点评：息差环比走阔，基本面保持稳健,点评,首次评级,民生证券,郭其伟,2020Q4,24940700.0,,,8122500.0,1.09,4.72,6.4,9.37,,推荐,,
000661.SZ,长春高新,20200330,长春高新年报点评：公司业绩略超预期，生长激素处于放量周期，保持高速增,点评,一般报告,民生证券,"盛丽华,孙建",2022Q4,1323100.0,,579400.0,464400.0,22.95,23.1,0.0,24.4,14.2,推荐,,
600426.SH,华鲁恒升,20200330,华鲁恒升：业绩符合预期，继续看好龙头成本优势,点评,一般报告,民生证券,邓健全,2022Q4,1754200.0,,366800.0,310800.0,1.91,8.1,2.7,15.0,4.3,推荐,,
600009.SH,上海机场,20200330,上海机场2019年年报点评：等待布局时点,点评,一般报告,民生证券,顾熹闽,2021Q4,951700.0,,747000.0,562700.0,2.92,21.3,0.0,14.0,13.2,推荐,,
600009.SH,上海机场,20200330,上海机场2019年年报点评：等待布局时点,点评,一般报告,民生证券,顾熹闽,2020Q4,1094500.0,,353500.0,266900.0,1.39,44.8,0.0,7.7,26.4,推荐,,
600132.SH,重庆啤酒,20200330,重庆啤酒点评报告：嘉士伯资产注入动作开启，西部寡头呼之欲出,点评,一般报告,民生证券,"于杰,徐洋",2021Q4,396000.0,,70000.0,59400.0,1.23,36.96,0.0,20.0,34.27,推荐,,
600132.SH,重庆啤酒,20200330,重庆啤酒点评报告：嘉士伯资产注入动作开启，西部寡头呼之欲出,点评,一般报告,民生证券,"于杰,徐洋",2020Q4,377200.0,,63600.0,53900.0,1.11,40.74,0.0,22.6,38.96,推荐,,
600132.SH,重庆啤酒,20200330,重庆啤酒点评报告：嘉士伯资产注入动作开启，西部寡头呼之欲出,点评,一般报告,民生证券,"于杰,徐洋",2019Q4,359200.0,,76300.0,65000.0,1.34,33.8,0.0,35.2,44.81,推荐,,
600028.SH,中国石化,20200330,中国石化2019年报点评：主要炼化产品价格下跌，净利同比下降9％,点评,一般报告,民生证券,杨侃,2022Q4,332093600.0,,11226500.0,6732900.0,0.56,8.1,4.1,7.9,0.5,推荐,,
600028.SH,中国石化,20200330,中国石化2019年报点评：主要炼化产品价格下跌，净利同比下降9％,点评,一般报告,民生证券,杨侃,2021Q4,317232400.0,,10204600.0,6120000.0,0.51,8.9,3.7,7.6,0.8,推荐,,
600028.SH,中国石化,20200330,中国石化2019年报点评：主要炼化产品价格下跌，净利同比下降9％,点评,一般报告,民生证券,杨侃,2020Q4,303014800.0,,5824600.0,3493200.0,0.29,15.6,2.1,4.6,1.7,推荐,,
300759.SZ,康龙化成,20200330,康龙化成：Q1预告超预期，盈利能力提升再兑现—2019年年报点评,点评,一般报告,民生证券,"孙建,郭双喜",2022Q4,774000.0,,160500.0,139600.0,1.76,32.9,0.0,12.5,21.1,推荐,,
300759.SZ,康龙化成,20200330,康龙化成：Q1预告超预期，盈利能力提升再兑现—2019年年报点评,点评,一般报告,民生证券,"孙建,郭双喜",2021Q4,610400.0,,125000.0,108700.0,1.37,42.3,0.0,11.2,27.0,推荐,,
300759.SZ,康龙化成,20200330,康龙化成：Q1预告超预期，盈利能力提升再兑现—2019年年报点评,点评,一般报告,民生证券,"孙建,郭双喜",2020Q4,477800.0,,95800.0,83300.0,1.05,55.1,0.0,9.6,34.3,推荐,,
600600.SH,青岛啤酒,20200330,青岛啤酒：产品结构持续优化，新青啤将迎新发展,点评,一般报告,天风证券,刘畅,2022Q4,3464025.0,,477504.0,314368.0,2.33,19.1,,12.69,6.8,买入,,58.8
600600.SH,青岛啤酒,20200330,青岛啤酒：产品结构持续优化，新青啤将迎新发展,点评,一般报告,天风证券,刘畅,2021Q4,3087106.0,,379161.0,247670.0,1.83,24.25,,11.15,9.29,买入,,58.8
600600.SH,青岛啤酒,20200330,青岛啤酒：产品结构持续优化，新青啤将迎新发展,点评,一般报告,天风证券,刘畅,2020Q4,2861005.0,,305025.0,198208.0,1.47,30.3,,9.73,11.83,买入,,58.8
300131.SZ,英唐智控,20200330,英唐智控：战略布局半导体上游，产业协同厚积薄发,一般,首次关注,天风证券,"潘暕,陈俊杰",2021Q4,1320302.0,,71094.0,43004.0,0.4,15.0,,19.33,8.26,买入,,9.3
300131.SZ,英唐智控,20200330,英唐智控：战略布局半导体上游，产业协同厚积薄发,一般,首次关注,天风证券,"潘暕,陈俊杰",2020Q4,1100252.0,,29125.0,18035.0,0.17,35.76,,9.68,13.93,买入,,9.3
300131.SZ,英唐智控,20200330,英唐智控：战略布局半导体上游，产业协同厚积薄发,一般,首次关注,天风证券,"潘暕,陈俊杰",2019Q4,1176740.0,,5204.0,2966.0,0.0277,217.43,,1.73,28.84,买入,,9.3
600009.SH,上海机场,20200330,上海机场2019年年报点评：等待布局时点,点评,一般报告,民生证券,顾熹闽,2022Q4,1336100.0,,878400.0,662300.0,3.44,18.1,0.0,14.1,10.3,推荐,,
600036.SH,招商银行,20200330,招商银行2019年业绩点评：能量满格引领转型，零售领先稳健前行,点评,一般报告,万和证券,"沈彦东,黎云云",2021Q4,,,14158600.0,,4.44,,,17.54,,增持,,
600036.SH,招商银行,20200330,招商银行2019年业绩点评：能量满格引领转型，零售领先稳健前行,点评,一般报告,万和证券,"沈彦东,黎云云",2020Q4,,,12557700.0,,3.98,,,17.0,,增持,,
002624.SZ,完美世界,20200330,长江策略2020年4月金股推荐,非个股,一般报告,长江证券,无,2021Q4,,,,279324.474,2.16,,,,,无,,
600036.SH,招商银行,20200330,长江策略2020年4月金股推荐,非个股,一般报告,长江证券,无,2021Q4,,,,12055086.197,4.78,,,,,无,,
002624.SZ,完美世界,20200330,长江策略2020年4月金股推荐,非个股,一般报告,长江证券,无,2020Q4,,,,244408.914,1.89,,,,,无,,
002624.SZ,完美世界,20200330,长江策略2020年4月金股推荐,非个股,一般报告,长江证券,无,2019Q4,,,,150007.588,1.16,,,,,无,,
600323.SH,瀚蓝环境,20200330,长江策略2020年4月金股推荐,非个股,一般报告,长江证券,无,2020Q4,,,,104978.17,1.37,,,,,无,,
601933.SH,永辉超市,20200330,长江策略2020年4月金股推荐,非个股,一般报告,长江证券,无,2021Q4,,,,363677.56,0.38,,,,,无,,
600036.SH,招商银行,20200330,长江策略2020年4月金股推荐,非个股,一般报告,长江证券,无,2020Q4,,,,10441016.079,4.14,,,,,无,,
601933.SH,永辉超市,20200330,长江策略2020年4月金股推荐,非个股,一般报告,长江证券,无,2020Q4,,,,277543.401,0.29,,,,,无,,
300715.SZ,凯伦股份,20200330,长江策略2020年4月金股推荐,非个股,一般报告,长江证券,无,2021Q4,,,,35206.945,2.06,,,,,无,,
600323.SH,瀚蓝环境,20200330,长江策略2020年4月金股推荐,非个股,一般报告,长江证券,无,2021Q4,,,,127966.091,1.67,,,,,无,,
300715.SZ,凯伦股份,20200330,长江策略2020年4月金股推荐,非个股,一般报告,长江证券,无,2019Q4,,,,11963.525,0.7,,,,,无,,
300715.SZ,凯伦股份,20200330,长江策略2020年4月金股推荐,非个股,一般报告,长江证券,无,2020Q4,,,,21363.438,1.25,,,,,无,,
601933.SH,永辉超市,20200330,长江策略2020年4月金股推荐,非个股,一般报告,长江证券,无,2019Q4,,,,210550.166,0.22,,,,,无,,
600323.SH,瀚蓝环境,20200330,长江策略2020年4月金股推荐,非个股,一般报告,长江证券,无,2019Q4,,,,88886.626,1.16,,,,,无,,
002925.SZ,盈趣科技,20200330,盈趣科技年报点评：下游景气向好，公司单Q4增长提速，持续看好公司中长期成长性,点评,一般报告,长江证券,"鄢鹏,蔡方羿,徐皓亮,米雁翔",2021Q4,535500.0,215300.0,158700.0,137200.0,2.99,14.89,,20.0,12.09,买入,,
002925.SZ,盈趣科技,20200330,盈趣科技年报点评：下游景气向好，公司单Q4增长提速，持续看好公司中长期成长性,点评,一般报告,长江证券,"鄢鹏,蔡方羿,徐皓亮,米雁翔",2022Q4,664200.0,269200.0,200700.0,173400.0,3.78,11.78,,19.0,8.72,买入,,
002925.SZ,盈趣科技,20200330,盈趣科技年报点评：下游景气向好，公司单Q4增长提速，持续看好公司中长期成长性,点评,一般报告,长江证券,"鄢鹏,蔡方羿,徐皓亮,米雁翔",2020Q4,430900.0,174300.0,127500.0,110100.0,2.4,18.54,,20.0,15.97,买入,,
000703.SZ,恒逸石化,20200330,恒逸石化：业绩增长显著，未来盈利可期,点评,一般报告,长江证券,"叶如祯,魏凯,侯彦飞,王岭峰",2021Q4,11297500.0,860900.0,695800.0,521100.0,1.83,6.42,,17.0,7.15,买入,,
000703.SZ,恒逸石化,20200330,恒逸石化：业绩增长显著，未来盈利可期,点评,一般报告,长江证券,"叶如祯,魏凯,侯彦飞,王岭峰",2020Q4,10907800.0,768400.0,572900.0,429100.0,1.51,7.79,,17.0,8.89,买入,,
000703.SZ,恒逸石化,20200330,恒逸石化：业绩增长显著，未来盈利可期,点评,一般报告,长江证券,"叶如祯,魏凯,侯彦飞,王岭峰",2019Q4,8269000.0,562700.0,422000.0,316100.0,1.11,10.58,,15.0,11.79,买入,,
300138.SZ,晨光生物,20200330,晨光生物公司深度报告：天然植物提取领域龙头，多品种扩张市场空间大,深度,首次评级,长城证券,"刘鹏,苏剑晓",2020Q4,378840.0,,28691.0,25500.0,0.5,17.65,,11.32,12.99,推荐,,13.5
300138.SZ,晨光生物,20200330,晨光生物公司深度报告：天然植物提取领域龙头，多品种扩张市场空间大,深度,首次评级,长城证券,"刘鹏,苏剑晓",2019Q4,326665.0,,21778.0,19300.0,0.38,23.24,,9.81,15.95,推荐,,13.5
300138.SZ,晨光生物,20200330,晨光生物公司深度报告：天然植物提取领域龙头，多品种扩张市场空间大,深度,首次评级,长城证券,"刘鹏,苏剑晓",2021Q4,431465.0,,36036.0,32000.0,0.62,14.06,,12.77,11.14,推荐,,13.5
300523.SZ,辰安科技,20200330,辰安科技：公共安全快速增长，电信有望控股,点评,首次关注,财信证券,"何晨,李文瀚,邓睿祺",2020Q4,228257.0,,28602.0,18725.0,0.8,49.16,0.4,11.7,30.41,谨慎推荐,,
300523.SZ,辰安科技,20200330,辰安科技：公共安全快速增长，电信有望控股,点评,首次关注,财信证券,"何晨,李文瀚,邓睿祺",2019Q4,156830.0,,19186.0,12461.0,0.5356,76.59,0.3,8.3,46.23,谨慎推荐,,
300523.SZ,辰安科技,20200330,辰安科技：公共安全快速增长，电信有望控股,点评,首次关注,财信证券,"何晨,李文瀚,邓睿祺",2021Q4,323868.0,,41874.0,27575.0,1.19,33.38,0.6,15.2,21.4,谨慎推荐,,
603160.SH,汇顶科技,20200330,IT硬件与设备：电子行业海外营收分析专题,非个股,一般报告,国信证券,"欧阳仕华,唐泓翼,高峰,许亮",2020Q4,,,,341128.72,7.48,,,,,买入,,
300476.SZ,胜宏科技,20200330,电子：需求短期承压，新机发布关注最受益赛道,非个股,一般报告,财信证券,"司岩,吴迪",2019Q4,,,,45190.699,0.58,,,,,推荐,,
600720.SH,祁连山,20200330,建筑材料行业：内蒙古错峰置换政策出台，行业格局优势进一步显现,非个股,一般报告,广发证券,"邹戈,谢璐,李振兴",2020Q4,,,,140508.541,1.81,,,17.8,,买入,,
002410.SZ,广联达,20200330,朝闻国盛,非个股,一般报告,国盛证券,刘高畅,2022Q4,,,,76500.0,0.677,,,,,买入,,
600720.SH,祁连山,20200330,建筑材料行业：内蒙古错峰置换政策出台，行业格局优势进一步显现,非个股,一般报告,广发证券,"邹戈,谢璐,李振兴",2021Q4,,,,145942.573,1.88,,,16.1,,买入,,
000581.SZ,威孚高科,20200330,汽车行业：北京加快国三老旧车型淘汰，环保或为稳定汽车消费重要抓手,非个股,一般报告,广发证券,"张乐,闫俊刚,李爽,刘智琪,邓崇静",2020Q4,,,,207843.817,2.06,,,12.0,,买入,,
600741.SH,华域汽车,20200330,汽车行业：北京加快国三老旧车型淘汰，环保或为稳定汽车消费重要抓手,非个股,一般报告,广发证券,"张乐,闫俊刚,李爽,刘智琪,邓崇静",2020Q4,,,,721973.792,2.29,,,14.4,,买入,,
603019.SH,中科曙光,20200330,朝闻国盛,非个股,一般报告,国盛证券,"刘高畅,杨然",2021Q4,1389200.0,,,110400.0,1.226,,,,,买入,,
300750.SZ,宁德时代,20200330,汽车前瞻研究系列（六）：MEB平台：大众新能源的压舱石,非个股,一般报告,国信证券,"梁超,何俊艺",2019Q4,,,,433000.0,1.97,,,,,增持,,
000581.SZ,威孚高科,20200330,汽车行业：北京加快国三老旧车型淘汰，环保或为稳定汽车消费重要抓手,非个股,一般报告,广发证券,"张乐,闫俊刚,李爽,刘智琪,邓崇静",2019Q4,,,,207843.817,2.06,,,12.4,,买入,,
601766.SH,中国中车,20200330,中国中车：业绩稳中有升，城轨业务表现靓丽,点评,一般报告,太平洋证券,"徐也,刘国清",2021Q4,26946070.0,,2098311.0,1455358.0,0.5,,,53.0,,买入,,
601965.SH,中国汽研,20200330,汽车行业：北京加快国三老旧车型淘汰，环保或为稳定汽车消费重要抓手,非个股,一般报告,广发证券,"张乐,闫俊刚,李爽,刘智琪,邓崇静",2020Q4,,,,52370.127,0.54,,,10.8,,买入,,
300476.SZ,胜宏科技,20200330,电子：需求短期承压，新机发布关注最受益赛道,非个股,一般报告,财信证券,"司岩,吴迪",2020Q4,,,,61552.848,0.79,,,,,推荐,,
600183.SH,生益科技,20200330,电子：需求短期承压，新机发布关注最受益赛道,非个股,一般报告,财信证券,"司岩,吴迪",2020Q4,,,,182095.307,0.8,,,,,推荐,,
601238.SH,广汽集团,20200330,汽车行业：北京加快国三老旧车型淘汰，环保或为稳定汽车消费重要抓手,非个股,一般报告,广发证券,"张乐,闫俊刚,李爽,刘智琪,邓崇静",2020Q4,,,,941869.1,0.92,,,10.0,,买入,,
000338.SZ,潍柴动力,20200330,Weichai_Power－A：Correction_offers_buying_opportunity；Diversification_strategy_on_track,点评,一般报告,招银国际,冯键嵘,2022Q4,19975200.0,4414500.0,1824000.0,1130900.0,1.43,,5.3,18.0,4.0,BUY,,14.3
000338.SZ,潍柴动力,20200330,Weichai_Power－A：Correction_offers_buying_opportunity；Diversification_strategy_on_track,点评,一般报告,招银国际,冯键嵘,2020Q4,17846000.0,3926100.0,1543600.0,973700.0,1.23,,4.1,19.9,4.5,BUY,,14.3
300750.SZ,宁德时代,20200330,汽车前瞻研究系列（六）：MEB平台：大众新能源的压舱石,非个股,一般报告,国信证券,"梁超,何俊艺",2020Q4,,,,539000.0,2.46,,,,,增持,,
603019.SH,中科曙光,20200330,朝闻国盛,非个股,一般报告,国盛证券,"刘高畅,杨然",2020Q4,1117800.0,,,79500.0,0.883,,,,,买入,,
603019.SH,中科曙光,20200330,朝闻国盛,非个股,一般报告,国盛证券,"刘高畅,杨然",2022Q4,1698900.0,,,142600.0,1.584,,,,,买入,,
000338.SZ,潍柴动力,20200330,Weichai_Power－A：Correction_offers_buying_opportunity；Diversification_strategy_on_track,点评,一般报告,招银国际,冯键嵘,2021Q4,19170300.0,4236600.0,1718100.0,1069500.0,1.35,,5.0,19.1,4.2,BUY,,14.3
601766.SH,中国中车,20200330,中国中车：业绩稳中有升，城轨业务表现靓丽,点评,一般报告,太平洋证券,"徐也,刘国清",2020Q4,24580480.0,,1857278.0,1286067.0,0.45,,,100.0,,买入,,
601965.SH,中国汽研,20200330,汽车行业：北京加快国三老旧车型淘汰，环保或为稳定汽车消费重要抓手,非个股,一般报告,广发证券,"张乐,闫俊刚,李爽,刘智琪,邓崇静",2019Q4,,,,46551.224,0.48,,,10.0,,买入,,
002434.SZ,万里扬,20200330,汽车行业：北京加快国三老旧车型淘汰，环保或为稳定汽车消费重要抓手,非个股,一般报告,广发证券,"张乐,闫俊刚,李爽,刘智琪,邓崇静",2020Q4,,,,76380.0,0.57,,,10.4,,买入,,
603160.SH,汇顶科技,20200330,IT硬件与设备：电子行业海外营收分析专题,非个股,一般报告,国信证券,"欧阳仕华,唐泓翼,高峰,许亮",2019Q4,,,,206136.606,4.52,,,,,买入,,
601238.SH,广汽集团,20200330,汽车行业：北京加快国三老旧车型淘汰，环保或为稳定汽车消费重要抓手,非个股,一般报告,广发证券,"张乐,闫俊刚,李爽,刘智琪,邓崇静",2019Q4,,,,808778.901,0.79,,,9.5,,买入,,
600585.SH,海螺水泥,20200330,建筑材料行业：内蒙古错峰置换政策出台，行业格局优势进一步显现,非个股,一般报告,广发证券,"邹戈,谢璐,李振兴",2021Q4,,,,3121289.219,5.89,,,15.6,,买入,,
000401.SZ,冀东水泥,20200330,建筑材料行业：内蒙古错峰置换政策出台，行业格局优势进一步显现,非个股,一般报告,广发证券,"邹戈,谢璐,李振兴",2021Q4,,,,408299.443,3.03,,,17.7,,买入,,
000401.SZ,冀东水泥,20200330,建筑材料行业：内蒙古错峰置换政策出台，行业格局优势进一步显现,非个股,一般报告,广发证券,"邹戈,谢璐,李振兴",2020Q4,,,,355746.049,2.64,,,18.8,,买入,,
601766.SH,中国中车,20200330,中国中车：业绩稳中有升，城轨业务表现靓丽,点评,一般报告,太平洋证券,"徐也,刘国清",2022Q4,29307950.0,,2549429.0,1758755.0,0.61,,,39.19,,买入,,
002410.SZ,广联达,20200330,朝闻国盛,非个股,一般报告,国盛证券,刘高畅,2020Q4,,,,43700.0,0.387,,,,,买入,,
600741.SH,华域汽车,20200330,汽车行业：北京加快国三老旧车型淘汰，环保或为稳定汽车消费重要抓手,非个股,一般报告,广发证券,"张乐,闫俊刚,李爽,刘智琪,邓崇静",2019Q4,,,,658919.313,2.09,,,14.0,,买入,,
002410.SZ,广联达,20200330,朝闻国盛,非个股,一般报告,国盛证券,刘高畅,2021Q4,,,,59700.0,0.528,,,,,买入,,
002434.SZ,万里扬,20200330,汽车行业：北京加快国三老旧车型淘汰，环保或为稳定汽车消费重要抓手,非个股,一般报告,广发证券,"张乐,闫俊刚,李爽,刘智琪,邓崇静",2019Q4,,,,49580.0,0.37,,,7.7,,买入,,
600585.SH,海螺水泥,20200330,建筑材料行业：内蒙古错峰置换政策出台，行业格局优势进一步显现,非个股,一般报告,广发证券,"邹戈,谢璐,李振兴",2020Q4,,,,3200778.758,6.04,,,18.9,,买入,,
002252.SZ,上海莱士,20200330,上海莱士首次覆盖报告：血制品领先企业，业绩恢复增长,一般,首次关注,中原证券,李琳琳,2021Q4,380900.0,,220710.0,182460.0,0.271,21.38,0.2,12.9,14.8,无,,
002252.SZ,上海莱士,20200330,上海莱士首次覆盖报告：血制品领先企业，业绩恢复增长,一般,首次关注,中原证券,李琳琳,2020Q4,359580.0,,113700.0,94200.0,0.14,41.63,0.1,7.6,28.1,无,,
002252.SZ,上海莱士,20200330,上海莱士首次覆盖报告：血制品领先企业，业绩恢复增长,一般,首次关注,中原证券,李琳琳,2019Q4,259810.0,,74740.0,61600.0,0.091,65.92,0.1,5.4,40.5,无,,
601186.SH,中国铁建,20200330,中国铁建：19年业绩稳健增长，现金流显著改善,点评,首份报告,太平洋证券,"王介超,任菲菲",2022Q4,114018167.0,11049300.0,3831800.0,2752600.0,2.03,5.01,,10.0,3.24,买入,,
601186.SH,中国铁建,20200330,中国铁建：19年业绩稳健增长，现金流显著改善,点评,首份报告,太平洋证券,"王介超,任菲菲",2021Q4,102320127.0,9981900.0,3461600.0,2489300.0,1.83,5.54,,10.0,3.75,买入,,
601186.SH,中国铁建,20200330,中国铁建：19年业绩稳健增长，现金流显著改善,点评,首份报告,太平洋证券,"王介超,任菲菲",2020Q4,91822429.0,8973400.0,3108600.0,2230700.0,1.64,6.18,,10.0,4.44,买入,,
601186.SH,中国铁建,20200330,中国铁建：19年业绩稳健增长，现金流显著改善,点评,首份报告,太平洋证券,"王介超,任菲菲",2019Q4,83045216.0,8008700.0,2802700.0,2019700.0,1.49,6.82,,10.0,3.44,买入,,
603520.SH,司太立,20200330,司太立2019年报快评：业绩符合预期，长期拐点已然出现,点评,首份报告,莫尼塔,"张静含,余玉君",2022Q4,,,,55000.0,3.27,,,,,无,,
603520.SH,司太立,20200330,司太立2019年报快评：业绩符合预期，长期拐点已然出现,点评,首份报告,莫尼塔,"张静含,余玉君",2021Q4,,,,38000.0,2.263,,,,,无,,
603520.SH,司太立,20200330,司太立2019年报快评：业绩符合预期，长期拐点已然出现,点评,首份报告,莫尼塔,"张静含,余玉君",2020Q4,,,,26000.0,1.54,,,,,无,,
601398.SH,工商银行,20200330,工商银行年报点评：资产状况较好，风险抵御能力进一步增强,点评,首份报告,群益证券,廖晨凯,2021Q4,93727600.0,,42988800.0,34213400.0,0.96,5.5,5.6,,,买入,,6.5
601398.SH,工商银行,20200330,工商银行年报点评：资产状况较好，风险抵御能力进一步增强,点评,首份报告,群益证券,廖晨凯,2020Q4,88198100.0,,41016100.0,32635300.0,0.916,5.8,5.34,,,买入,,6.5
603337.SH,杰克股份,20200330,杰克股份：商誉减值影响2019业绩，静待行业回暖复苏,点评,一般报告,太平洋证券,崔文娟,2021Q4,498861.0,,56265.0,49656.0,1.11,15.66,,13.63,8.18,买入,,
603337.SH,杰克股份,20200330,杰克股份：商誉减值影响2019业绩，静待行业回暖复苏,点评,一般报告,太平洋证券,崔文娟,2022Q4,598215.0,,73004.0,64441.0,1.45,12.07,,15.03,5.64,买入,,
603337.SH,杰克股份,20200330,杰克股份：商誉减值影响2019业绩，静待行业回暖复苏,点评,一般报告,太平洋证券,崔文娟,2020Q4,402256.0,,49106.0,43217.0,0.97,18.0,,13.74,10.04,买入,,
300618.SZ,寒锐钴业,20200330,寒锐钴业：钴价波动拖累短期表现，产能集中释放业绩可期,点评,一般报告,东兴证券,"郑闵钢,胡道恒,张天丰",2022Q4,488625.0,,64600.0,48972.0,1.82,26.01,,20.16,16.18,推荐,,
300618.SZ,寒锐钴业,20200330,寒锐钴业：钴价波动拖累短期表现，产能集中释放业绩可期,点评,一般报告,东兴证券,"郑闵钢,胡道恒,张天丰",2021Q4,382205.0,,33800.0,25748.0,0.96,49.47,,12.95,26.4,推荐,,
300618.SZ,寒锐钴业,20200330,寒锐钴业：钴价波动拖累短期表现，产能集中释放业绩可期,点评,一般报告,东兴证券,"郑闵钢,胡道恒,张天丰",2020Q4,284986.0,,13300.0,10171.0,0.38,125.23,,5.79,52.04,推荐,,
002391.SZ,长青股份,20200330,长青股份：行业周期见底、新增项目带动公司产品量价提升,深度,一般报告,华金证券,"谭志勇,王洁婷,陈南荣",2022Q4,624706.0,164983.0,,,,,,,,买入,,
002391.SZ,长青股份,20200330,长青股份：行业周期见底、新增项目带动公司产品量价提升,深度,一般报告,华金证券,"谭志勇,王洁婷,陈南荣",2020Q4,407970.0,103106.0,48200.0,42400.0,0.7,12.3,,10.3,5.9,买入,,
002391.SZ,长青股份,20200330,长青股份：行业周期见底、新增项目带动公司产品量价提升,深度,一般报告,华金证券,"谭志勇,王洁婷,陈南荣",2019Q4,340025.0,84222.0,41800.0,37100.0,0.609,12.5,,10.8,7.7,买入,,
300699.SZ,光威复材,20200330,光威复材：2019高增长依旧；2020全球疫情影响碳梁业务,点评,一般报告,华金证券,王轶铭,2021Q4,247000.0,,73300.0,63500.0,1.22,40.4,,14.8,28.9,买入,,
300699.SZ,光威复材,20200330,光威复材：2019高增长依旧；2020全球疫情影响碳梁业务,点评,一般报告,华金证券,王轶铭,2020Q4,199400.0,,55500.0,48300.0,0.93,53.2,,12.9,40.2,买入,,
300699.SZ,光威复材,20200330,光威复材：2019高增长依旧；2020全球疫情影响碳梁业务,点评,一般报告,华金证券,王轶铭,2019Q4,171500.0,,60800.0,52200.0,1.01,49.2,,16.1,36.9,买入,,
002797.SZ,第一创业,20200330,第一创业2019年报：利润增长超3倍，资管＋固收优势强化,一般,一般报告,太平洋证券,罗惠洲,2022Q4,444800.0,,,105200.0,0.3,22.91,,10.05,,买入,,8.6
002797.SZ,第一创业,20200330,第一创业2019年报：利润增长超3倍，资管＋固收优势强化,一般,一般报告,太平洋证券,罗惠洲,2021Q4,385400.0,,,88000.0,0.25,27.38,,8.66,,买入,,8.6
601066.SH,中信建投,20200330,中信建投2019年年报点评：投行业务领先，ROE大幅提升,点评,一般报告,国信证券,"王剑,李锦儿",2022Q4,2183000.0,,1141000.0,896900.0,1.17,26.3,,13.0,,增持,,
601066.SH,中信建投,20200330,中信建投2019年年报点评：投行业务领先，ROE大幅提升,点评,一般报告,国信证券,"王剑,李锦儿",2021Q4,1879700.0,,982000.0,772200.0,1.01,30.5,,12.1,,增持,,
600378.SH,昊华科技,20200330,昊华科技：电子特气行业领军者，国产化迎发展新机遇,一般,一般报告,东吴证券,"陈元君,柴沁虎",2021Q4,597500.0,,89500.0,77300.0,0.86,20.31,,11.4,10.84,买入,,
600378.SH,昊华科技,20200330,昊华科技：电子特气行业领军者，国产化迎发展新机遇,一般,一般报告,东吴证券,"陈元君,柴沁虎",2020Q4,526600.0,,76500.0,66000.0,0.74,23.77,,10.9,14.23,买入,,
600378.SH,昊华科技,20200330,昊华科技：电子特气行业领军者，国产化迎发展新机遇,一般,一般报告,东吴证券,"陈元君,柴沁虎",2019Q4,462800.0,,65400.0,56500.0,0.63,27.78,,10.3,15.17,买入,,
603337.SH,杰克股份,20200330,杰克股份：商誉减值影响2019业绩，静待行业回暖复苏,点评,一般报告,太平洋证券,崔文娟,2019Q4,360806.0,,34437.0,30555.0,0.69,25.45,,11.22,9.36,买入,,
002391.SZ,长青股份,20200330,长青股份：行业周期见底、新增项目带动公司产品量价提升,深度,一般报告,华金证券,"谭志勇,王洁婷,陈南荣",2021Q4,499982.0,129292.0,64200.0,56300.0,0.92,9.3,,12.8,4.6,买入,,
300699.SZ,光威复材,20200330,光威复材：2019高增长依旧；2020全球疫情影响碳梁业务,点评,一般报告,华金证券,王轶铭,2022Q4,296000.0,,89300.0,77400.0,1.49,33.2,,15.5,23.9,买入,,
002797.SZ,第一创业,20200330,第一创业2019年报：利润增长超3倍，资管＋固收优势强化,一般,一般报告,太平洋证券,罗惠洲,2020Q4,306600.0,,,64400.0,0.18,37.4,,6.85,,买入,,8.6
002797.SZ,第一创业,20200330,第一创业2019年报：利润增长超3倍，资管＋固收优势强化,一般,一般报告,太平洋证券,罗惠洲,2019Q4,258300.0,,,51300.0,0.146,46.98,,5.83,,买入,,8.6
601066.SH,中信建投,20200330,中信建投2019年年报点评：投行业务领先，ROE大幅提升,点评,一般报告,国信证券,"王剑,李锦儿",2020Q4,1623600.0,,848000.0,666900.0,0.87,35.3,,11.3,,增持,,
600426.SH,华鲁恒升,20200330,华鲁恒升：降本增效成果显著，业绩符合预期,点评,一般报告,财通证券,"虞小波,张兴宇",2022Q4,1615300.0,,405500.0,344700.0,2.12,7.3,2.7,15.9,3.6,买入,,
600426.SH,华鲁恒升,20200330,华鲁恒升：降本增效成果显著，业绩符合预期,点评,一般报告,财通证券,"虞小波,张兴宇",2020Q4,1457900.0,,300700.0,255600.0,1.57,9.8,1.8,15.6,5.7,买入,,
300684.SZ,中石科技,20200330,中石科技：5G推动散热需求向上，完善产业布局迎发展机遇,一般,首次关注,华金证券,"蔡景彦,曾捷",2020Q4,96200.0,,18700.0,16000.0,0.64,42.8,,17.8,32.1,增持,,
300684.SZ,中石科技,20200330,中石科技：5G推动散热需求向上，完善产业布局迎发展机遇,一般,首次关注,华金证券,"蔡景彦,曾捷",2019Q4,78000.0,,14700.0,12600.0,0.5,54.3,,16.2,40.3,增持,,
601818.SH,光大银行,20200330,光大银行年报点评报告：分红提升，关注零售业务增长,点评,首份报告,万联证券,郭懿,2021Q4,14969500.0,,5408800.0,4425600.0,0.843,,,,,增持,,
600426.SH,华鲁恒升,20200330,华鲁恒升：降本增效成果显著，业绩符合预期,点评,一般报告,财通证券,"虞小波,张兴宇",2021Q4,1534800.0,,364200.0,309600.0,1.9,8.1,2.1,16.3,4.2,买入,,
601818.SH,光大银行,20200330,光大银行年报点评报告：分红提升，关注零售业务增长,点评,首份报告,万联证券,郭懿,2020Q4,13796100.0,,4850300.0,3968100.0,0.756,,,,,增持,,
300684.SZ,中石科技,20200330,中石科技：5G推动散热需求向上，完善产业布局迎发展机遇,一般,首次关注,华金证券,"蔡景彦,曾捷",2021Q4,138600.0,,28500.0,24400.0,0.97,28.0,,22.2,21.2,增持,,
300433.SZ,蓝思科技,20200330,蓝思科技：P40，蓝思外观件深厚底蕴再次绽放的绚丽展台,点评,一般报告,太平洋证券,"王凌涛,沈钱",2021Q4,4442100.0,,539200.0,471200.0,1.07,13.41,,16.0,5.23,买入,,25.2
300433.SZ,蓝思科技,20200330,蓝思科技：P40，蓝思外观件深厚底蕴再次绽放的绚丽展台,点评,一般报告,太平洋证券,"王凌涛,沈钱",2020Q4,3787000.0,,450600.0,389900.0,0.89,16.2,,15.0,5.87,买入,,25.2
300433.SZ,蓝思科技,20200330,蓝思科技：P40，蓝思外观件深厚底蕴再次绽放的绚丽展台,点评,一般报告,太平洋证券,"王凌涛,沈钱",2019Q4,3031500.0,,300800.0,260500.0,0.59,24.25,,12.0,8.85,买入,,25.2
300388.SZ,国祯环保,20200330,国祯环保点评报告：中节能成控股股东，后续发展值得期待,点评,一般报告,浙商证券,牛波,2019Q4,416364.0,,39900.0,33000.0,0.49,19.97,,10.25,14.82,买入,,
300388.SZ,国祯环保,20200330,国祯环保点评报告：中节能成控股股东，后续发展值得期待,点评,一般报告,浙商证券,牛波,2020Q4,476598.0,,43800.0,36200.0,0.54,18.19,,8.92,13.3,买入,,
000338.SZ,潍柴动力,20200330,潍柴动力年报点评：业绩低于预期，传统与新业务稳步发展,一般,首份报告,万联证券,周春林,2020Q4,18854700.0,,1481300.0,922300.0,1.16,10.37,,16.8,5.78,增持,,
600066.SH,宇通客车,20200330,宇通客车：业绩短期承压，分红大幅提升,点评,一般报告,华西证券,"崔琰,刘静远",2019Q4,3047900.0,,208400.0,194000.0,0.88,14.89,,11.1,,增持,,14.56
002398.SZ,垒知集团,20200330,垒知集团：各业务齐头并进，跨区域跨领域信心十足,点评,一般报告,华西证券,"戚舒扬,郁晾",2019Q4,339352.0,,47870.0,40244.0,0.58,13.89,,14.2,,买入,,13.09
002568.SZ,百润股份,20200330,百润股份：鸡尾酒业务实现高增，费效比提升盈利能力,点评,一般报告,华金证券,"陈振志,王颖洁",2022Q4,244300.0,,68200.0,51100.0,0.98,34.4,,15.5,22.1,买入,,
002564.SZ,天沃科技,20200330,天沃科技点评报告：EPC业务优势明显，清洁能源持续发力,点评,首次关注,申港证券,"曹旭特,贺朝晖",2019Q4,1077920.0,,11400.0,4491.0,0.0517,91.62,,1.21,45.98,增持,,
000776.SZ,广发证券,20200330,广发证券：自营收入高增提振业绩，投行业务实现改善,点评,一般报告,银河证券,"武平平,张一纬",2021Q4,,,,,1.23,11.23,,,,推荐,,
300003.SZ,乐普医疗,20200330,乐普医疗：可降解支架放量，创新产品线布局前景广阔,点评,一般报告,西南证券,"朱国广,刘闯",2020Q4,953279.0,,266142.0,224665.0,1.26,31.3,0.49,22.96,22.55,买入,,
688029.SH,南微医学,20200330,南微医学：核心产品继续高增长，短期疫情不改公司长期发展趋势,,一般报告,西南证券,"朱国广,刘闯",2021Q4,211944.0,,60101.0,50428.0,3.77,43.8,0.33,15.79,32.49,买入,,
002398.SZ,垒知集团,20200330,垒知集团：各业务齐头并进，跨区域跨领域信心十足,点评,一般报告,华西证券,"戚舒扬,郁晾",2020Q4,430696.0,,62065.0,52178.0,0.75,10.71,,15.95,,买入,,13.09
002179.SZ,中航光电,20200330,中航光电：军民市场顺利开拓，主营业务高速成长,点评,一般报告,中泰证券,"苏晨,李聪",2022Q4,1539900.0,522100.0,236300.0,187200.0,1.7,20.22,,14.99,,买入,,
600875.SH,东方电气,20200330,东方电气年报点评报告：风电振兴份额提升三倍，现代制造服务业盈利突出,点评,一般报告,万联证券,"周春林,江维",2022Q4,3854400.0,,221400.0,178700.0,0.57,,,5.3,-2.43,买入,,10.5
002179.SZ,中航光电,20200330,中航光电：军民市场顺利开拓，主营业务高速成长,点评,一般报告,中泰证券,"苏晨,李聪",2021Q4,1293200.0,433300.0,190700.0,155000.0,1.41,24.41,,14.35,,买入,,
002398.SZ,垒知集团,20200330,垒知集团：各业务齐头并进，跨区域跨领域信心十足,点评,一般报告,华西证券,"戚舒扬,郁晾",2022Q4,698983.0,,108098.0,88851.0,1.28,6.29,,19.23,,买入,,13.09
300003.SZ,乐普医疗,20200330,乐普医疗：可降解支架放量，创新产品线布局前景广阔,点评,一般报告,西南证券,"朱国广,刘闯",2021Q4,1190807.0,,348526.0,294210.0,1.65,23.9,0.64,23.96,17.33,买入,,
002179.SZ,中航光电,20200330,中航光电：军民市场顺利开拓，主营业务高速成长,点评,一般报告,中泰证券,"苏晨,李聪",2020Q4,1086300.0,362400.0,158500.0,128700.0,1.17,29.4,,13.67,,买入,,
000166.SZ,申万宏源,20200330,申万宏源：业绩改善，机构服务与交易业务板块表现亮眼,点评,首份报告,银河证券,"武平平,张一纬",2021Q4,,,,,0.32,13.94,,,,推荐,,
600875.SH,东方电气,20200330,东方电气年报点评报告：风电振兴份额提升三倍，现代制造服务业盈利突出,点评,一般报告,万联证券,"周春林,江维",2020Q4,3469600.0,,203500.0,164300.0,0.53,15.89,,5.33,-1.04,买入,,10.5
688029.SH,南微医学,20200330,南微医学：核心产品继续高增长，短期疫情不改公司长期发展趋势,,一般报告,西南证券,"朱国广,刘闯",2019Q4,130747.0,,35877.0,30360.0,2.27,72.75,0.0,12.47,52.88,买入,,
000166.SZ,申万宏源,20200330,申万宏源：业绩改善，机构服务与交易业务板块表现亮眼,点评,首份报告,银河证券,"武平平,张一纬",2020Q4,,,,,0.28,15.93,,,,推荐,,
002254.SZ,泰和新材,20200330,Yantai_Tayho:Earnings_review:Aramid_fiber_offset_spandex_weakness;Neutral,点评,一般报告,高华证券,朱金巧,2020Q4,282050.0,,29730.0,25530.0,0.42,,0.4,10.4,13.0,Neutral,,11.5
000338.SZ,潍柴动力,20200330,潍柴动力年报点评：业绩低于预期，传统与新业务稳步发展,一般,首份报告,万联证券,周春林,2021Q4,20756300.0,,1768200.0,1108200.0,1.4,8.63,,16.7,4.54,增持,,
688029.SH,南微医学,20200330,南微医学：核心产品继续高增长，短期疫情不改公司长期发展趋势,,一般报告,西南证券,"朱国广,刘闯",2022Q4,276184.0,,78395.0,66116.0,4.94,33.41,0.46,17.52,24.24,买入,,
002254.SZ,泰和新材,20200330,Yantai_Tayho:Earnings_review:Aramid_fiber_offset_spandex_weakness;Neutral,点评,一般报告,高华证券,朱金巧,2019Q4,254200.0,,24770.0,21630.0,0.35,,0.0,9.6,16.5,Neutral,,11.5
002179.SZ,中航光电,20200330,中航光电：军民市场顺利开拓，主营业务高速成长,点评,一般报告,中泰证券,"苏晨,李聪",2019Q4,915900.0,299300.0,212900.0,107100.0,0.97,35.33,,13.12,,买入,,
688029.SH,南微医学,20200330,南微医学：核心产品继续高增长，短期疫情不改公司长期发展趋势,,一般报告,西南证券,"朱国广,刘闯",2020Q4,157485.0,,43897.0,36642.0,2.74,60.28,0.27,13.34,45.53,买入,,
600066.SH,宇通客车,20200330,宇通客车：业绩短期承压，分红大幅提升,点评,一般报告,华西证券,"崔琰,刘静远",2021Q4,3140600.0,,293400.0,273200.0,1.23,10.58,,14.4,,增持,,14.56
002564.SZ,天沃科技,20200330,天沃科技点评报告：EPC业务优势明显，清洁能源持续发力,点评,首次关注,申港证券,"曹旭特,贺朝晖",2020Q4,1308529.0,,33500.0,24571.0,0.28,16.67,,7.94,32.65,增持,,
002398.SZ,垒知集团,20200330,垒知集团：各业务齐头并进，跨区域跨领域信心十足,点评,一般报告,华西证券,"戚舒扬,郁晾",2021Q4,546427.0,,82407.0,67734.0,0.98,8.25,,17.57,,买入,,13.09
002568.SZ,百润股份,20200330,百润股份：鸡尾酒业务实现高增，费效比提升盈利能力,点评,一般报告,华金证券,"陈振志,王颖洁",2021Q4,206100.0,,56700.0,42500.0,0.82,41.4,,15.3,26.9,买入,,
600066.SH,宇通客车,20200330,宇通客车：业绩短期承压，分红大幅提升,点评,一般报告,华西证券,"崔琰,刘静远",2022Q4,3332200.0,,341000.0,317500.0,1.43,9.1,,16.0,,增持,,14.56
000338.SZ,潍柴动力,20200330,潍柴动力年报点评：业绩低于预期，传统与新业务稳步发展,一般,首份报告,万联证券,周春林,2022Q4,22863100.0,,2167700.0,1354100.0,1.71,7.06,,16.8,3.25,增持,,
000776.SZ,广发证券,20200330,广发证券：自营收入高增提振业绩，投行业务实现改善,点评,一般报告,银河证券,"武平平,张一纬",2020Q4,,,,,1.12,12.33,,,,推荐,,
600066.SH,宇通客车,20200330,宇通客车：业绩短期承压，分红大幅提升,点评,一般报告,华西证券,"崔琰,刘静远",2020Q4,2987900.0,,248300.0,231200.0,1.04,12.5,,12.7,,增持,,14.56
300003.SZ,乐普医疗,20200330,乐普医疗：可降解支架放量，创新产品线布局前景广阔,点评,一般报告,西南证券,"朱国广,刘闯",2022Q4,1489823.0,,459075.0,387531.0,2.18,18.15,0.84,24.9,12.86,买入,,
002564.SZ,天沃科技,20200330,天沃科技点评报告：EPC业务优势明显，清洁能源持续发力,点评,首次关注,申港证券,"曹旭特,贺朝晖",2021Q4,1595048.0,,52900.0,42078.0,0.48,9.73,,20.25,25.28,增持,,
002568.SZ,百润股份,20200330,百润股份：鸡尾酒业务实现高增，费效比提升盈利能力,点评,一般报告,华金证券,"陈振志,王颖洁",2020Q4,170700.0,,46700.0,35000.0,0.67,50.2,,14.9,32.8,买入,,
002254.SZ,泰和新材,20200330,Yantai_Tayho:Earnings_review:Aramid_fiber_offset_spandex_weakness;Neutral,点评,一般报告,高华证券,朱金巧,2020Q1,,,,,0.08,,,,,Neutral,,11.5
002568.SZ,百润股份,20200330,百润股份：鸡尾酒业务实现高增，费效比提升盈利能力,点评,一般报告,华金证券,"陈振志,王颖洁",2019Q4,146800.0,,38100.0,30000.0,0.58,58.6,,15.0,39.1,买入,,
300003.SZ,乐普医疗,20200330,乐普医疗：可降解支架放量，创新产品线布局前景广阔,点评,一般报告,西南证券,"朱国广,刘闯",2019Q4,779553.0,,206326.0,172531.0,0.97,40.76,0.0,21.53,26.69,买入,,
300388.SZ,国祯环保,20200330,国祯环保点评报告：中节能成控股股东，后续发展值得期待,点评,一般报告,浙商证券,牛波,2021Q4,545696.0,,49200.0,40700.0,0.61,16.19,,9.12,12.26,买入,,
600875.SH,东方电气,20200330,东方电气年报点评报告：风电振兴份额提升三倍，现代制造服务业盈利突出,点评,一般报告,万联证券,"周春林,江维",2021Q4,3667500.0,,214400.0,173100.0,0.56,15.16,,5.37,-1.67,买入,,10.5
002254.SZ,泰和新材,20200330,Yantai_Tayho:Earnings_review:Aramid_fiber_offset_spandex_weakness;Neutral,点评,一般报告,高华证券,朱金巧,2021Q4,319050.0,,40250.0,34550.0,0.57,,0.5,12.7,10.0,Neutral,,11.5
603195.SH,公牛集团,20200330,公牛集团：品牌历久弥新，渠道难逢对手——公司首次覆盖报告,一般,首次关注,开源证券,"吕明,周嘉乐",2021Q4,1591500.0,,418400.0,357600.0,5.96,26.0,,31.0,20.3,买入,,
603195.SH,公牛集团,20200330,公牛集团：品牌历久弥新，渠道难逢对手——公司首次覆盖报告,一般,首次关注,开源证券,"吕明,周嘉乐",2020Q4,1305000.0,,331000.0,282600.0,4.71,32.9,,34.4,26.1,买入,,
603195.SH,公牛集团,20200330,公牛集团：品牌历久弥新，渠道难逢对手——公司首次覆盖报告,一般,首次关注,开源证券,"吕明,周嘉乐",2019Q4,1076800.0,,259800.0,221200.0,3.69,42.0,,40.5,33.5,买入,,
603060.SH,国检集团,20200330,国检集团：业绩稳定增长，外延提升综合竞争力,点评,首次关注,财信证券,"黄红卫,刘崇武",2022Q4,196952.0,,,35555.0,1.15,16.69,,,,推荐,,
603060.SH,国检集团,20200330,国检集团：业绩稳定增长，外延提升综合竞争力,点评,首次关注,财信证券,"黄红卫,刘崇武",2021Q4,164127.0,,,29707.0,0.96,19.98,,,,推荐,,
603060.SH,国检集团,20200330,国检集团：业绩稳定增长，外延提升综合竞争力,点评,首次关注,财信证券,"黄红卫,刘崇武",2020Q4,135642.0,,,24797.0,0.81,23.94,,,,推荐,,
600030.SH,中信证券,20200330,中信证券：龙头地位稳固，航母级券商第一候选,点评,一般报告,财信证券,滕毅,2021Q4,4473100.0,,,1427300.0,1.1,20.17,,,,推荐,,
600030.SH,中信证券,20200330,中信证券：龙头地位稳固，航母级券商第一候选,点评,一般报告,财信证券,滕毅,2020Q4,4374200.0,,,1367300.0,1.06,21.05,,,,推荐,,
600030.SH,中信证券,20200330,中信证券：龙头地位稳固，航母级券商第一候选,点评,一般报告,财信证券,滕毅,2022Q4,4941700.0,,,1608700.0,1.24,17.89,,,,推荐,,
600012.SH,皖通高速,20200330,皖通高速：合宁高速收入重回增长，改扩建成本低于预期,点评,一般报告,东兴证券,"曹奕丰,李蔚",2021Q4,334811.0,,182000.0,127924.0,0.77,6.82,,10.93,2.84,强烈推荐,,
600012.SH,皖通高速,20200330,皖通高速：合宁高速收入重回增长，改扩建成本低于预期,点评,一般报告,东兴证券,"曹奕丰,李蔚",2020Q4,210969.0,,50500.0,41686.0,0.25,20.93,,3.81,5.19,强烈推荐,,
000157.SZ,中联重科,20200330,中联重科2019年报业绩点评：盈利改善靠管理，需求强化靠刺激,点评,一般报告,浙商证券,潘贻立,2022Q4,7810463.0,,889100.0,764622.0,0.97,5.86,,13.35,5.73,买入,,
000157.SZ,中联重科,20200330,中联重科2019年报业绩点评：盈利改善靠管理，需求强化靠刺激,点评,一般报告,浙商证券,潘贻立,2021Q4,6535952.0,,734300.0,638825.0,0.81,7.01,,12.71,6.39,买入,,
000157.SZ,中联重科,20200330,中联重科2019年报业绩点评：盈利改善靠管理，需求强化靠刺激,点评,一般报告,浙商证券,潘贻立,2020Q4,5335471.0,,608100.0,529039.0,0.67,8.47,,12.22,7.5,买入,,
600012.SH,皖通高速,20200330,皖通高速：合宁高速收入重回增长，改扩建成本低于预期,点评,一般报告,东兴证券,"曹奕丰,李蔚",2022Q4,364395.0,,209000.0,142864.0,0.86,6.11,,11.39,2.16,强烈推荐,,
000157.SZ,中联重科,20200330,中联重科2019年报业绩点评：盈利改善靠管理，需求强化靠刺激,点评,一般报告,浙商证券,潘贻立,2019Q4,4330740.0,,503400.0,437146.0,0.56,10.25,,11.17,8.65,买入,,
601766.SH,中国中车,20200330,中国中车：业绩稳健增长，新基建下城轨业务有望受益,点评,一般报告,华金证券,刘荆,2022Q4,30831200.0,,2387800.0,1703000.0,0.59,11.2,,10.0,3.8,增持,,
601766.SH,中国中车,20200330,中国中车：业绩稳健增长，新基建下城轨业务有望受益,点评,一般报告,华金证券,刘荆,2021Q4,27901100.0,,2141600.0,1529500.0,0.53,12.5,,9.8,4.5,增持,,
601766.SH,中国中车,20200330,中国中车：业绩稳健增长，新基建下城轨业务有望受益,点评,一般报告,华金证券,刘荆,2020Q4,25061800.0,,1952900.0,1391800.0,0.48,13.7,,9.6,5.8,增持,,
601766.SH,中国中车,20200330,中国中车：业绩稳健增长，新基建下城轨业务有望受益,点评,一般报告,华金证券,刘荆,2019Q4,22901100.0,,1660800.0,1179500.0,0.41,16.2,,8.7,8.3,增持,,
601952.SH,苏垦农发,20200330,苏垦农发：种植景气度提升，粮食产业龙头受益,一般,首次评级,西南证券,徐卿,2021Q4,1060478.0,,84406.0,81848.0,0.59,17.19,3.18,12.43,12.89,买入,,15.3
601952.SH,苏垦农发,20200330,苏垦农发：种植景气度提升，粮食产业龙头受益,一般,首次评级,西南证券,徐卿,2020Q4,918765.0,,72070.0,69940.0,0.51,20.12,2.68,11.26,14.15,买入,,15.3
600066.SH,宇通客车,20200330,宇通客车：市占率提升，高分红回报股东,点评,一般报告,西南证券,宋伟健,2022Q4,3178510.0,,231350.0,215313.0,0.97,13.42,5.2,11.39,4.61,持有,,
600066.SH,宇通客车,20200330,宇通客车：市占率提升，高分红回报股东,点评,一般报告,西南证券,宋伟健,2021Q4,3053610.0,,201919.0,187915.0,0.85,15.38,5.13,10.31,5.75,持有,,
600066.SH,宇通客车,20200330,宇通客车：市占率提升，高分红回报股东,点评,一般报告,西南证券,宋伟健,2020Q4,3065090.0,,227527.0,211716.0,0.96,13.65,2.38,11.88,5.59,持有,,
600066.SH,宇通客车,20200330,宇通客车：市占率提升，高分红回报股东,点评,一般报告,西南证券,宋伟健,2019Q4,3047940.0,,208374.0,194021.0,0.88,14.89,0.0,11.1,5.0,持有,,
000157.SZ,中联重科,20200330,中联重科：受益下游高景气，业绩实现翻倍增长,点评,一般报告,西南证券,"倪正洋,丁逸朦",2022Q4,5685613.0,,736569.0,640193.0,0.81,7.33,0.0,10.78,3.21,持有,,
000157.SZ,中联重科,20200330,中联重科：受益下游高景气，业绩实现翻倍增长,点评,一般报告,西南证券,"倪正洋,丁逸朦",2021Q4,5350841.0,,680033.0,591054.0,0.75,7.94,0.0,11.16,4.06,持有,,
000157.SZ,中联重科,20200330,中联重科：受益下游高景气，业绩实现翻倍增长,点评,一般报告,西南证券,"倪正洋,丁逸朦",2020Q4,4914688.0,,620646.0,539438.0,0.69,8.7,0.0,11.46,5.14,持有,,
000157.SZ,中联重科,20200330,中联重科：受益下游高景气，业绩实现翻倍增长,点评,一般报告,西南证券,"倪正洋,丁逸朦",2019Q4,4330740.0,,503390.0,437146.0,0.56,10.73,0.67,10.81,5.52,持有,,
601952.SH,苏垦农发,20200330,苏垦农发：种植景气度提升，粮食产业龙头受益,一般,首次评级,西南证券,徐卿,2019Q4,798474.0,,60575.0,58934.0,0.43,23.87,2.75,10.0,16.39,买入,,15.3
002607.SZ,中公教育,20200330,国金证券4月“十大金股”组合及投资逻辑,非个股,一般报告,国金证券,郑慧琳,2020Q4,1242000.0,,,245000.0,0.397,,,,,买入,,
603444.SH,吉比特,20200330,传媒行业：持续看好游戏买量红利和视频板块,非个股,一般报告,兴业证券,"丁婉贝,刘跃,邵伟,李阳",2020Q4,,,,102047.664,14.2,,,,,审慎增持,,
603444.SH,吉比特,20200330,方正研究最新行业观点—4月联合月报,非个股,一般报告,方正证券,无,2021Q4,,,,123032.113,17.12,,,,,无,,
600323.SH,瀚蓝环境,20200330,方正研究最新行业观点—4月联合月报,非个股,一般报告,方正证券,无,2019Q4,,,,86587.834,1.13,,,,,无,,
002415.SZ,海康威视,20200330,内需新抓手，拥抱新基建,非个股,一般报告,华创证券,无,2021Q4,,,,1728826.979,1.85,,,,,无,,
600887.SH,伊利股份,20200330,国金证券4月“十大金股”组合及投资逻辑,非个股,一般报告,国金证券,寇星,2019Q4,9029000.0,,,716000.0,1.17,,,,,买入,,
300770.SZ,新媒股份,20200330,方正研究最新行业观点—4月联合月报,非个股,一般报告,方正证券,无,2021Q4,,,,70986.197,5.53,,,,,无,,
601899.SH,紫金矿业,20200330,各国央行持续加码宽松政策，金价有望迎来长牛——有色金属周报,非个股,一般报告,长城证券,"吴轩,孙志轩",2020Q4,,,,456790.679,0.18,,,,,无,,
600048.SH,保利地产,20200330,方正研究最新行业观点—4月联合月报,非个股,一般报告,方正证券,无,2020Q4,,,,3197956.943,2.68,,,,,无,,
300244.SZ,迪安诊断,20200330,【粤开医药4月谈】战“疫”继续，还需围绕器械与生物制品两条主线,非个股,一般报告,粤开证券,李志新,2020Q4,,,,56461.705,0.91,,,,,无,,
600004.SH,白云机场,20200330,方正研究最新行业观点—4月联合月报,非个股,一般报告,方正证券,无,2021Q4,,,,151060.398,0.73,,,,,无,,
601933.SH,永辉超市,20200330,4月金股推荐：超配内需——2020年月度金股报告,非个股,一般报告,新时代证券,无,2019Q4,,,,229691.091,0.24,,,,,强烈推荐,,
601658.SH,邮储银行,20200330,方正研究最新行业观点—4月联合月报,非个股,一般报告,方正证券,无,2021Q4,,,,7654113.474,0.88,,,,,无,,
601933.SH,永辉超市,20200330,商贸零售：美团点评2019Q4财报解读－经营效率优化，规模盈利已至,非个股,一般报告,中泰证券,"江琦,龙凌波",2021Q4,,,,392388.946,0.41,,,,,增持,,
300575.SZ,中旗股份,20200330,国金证券4月“十大金股”组合及投资逻辑,非个股,一般报告,国金证券,王明辉,2022Q4,,,,42200.0,3.196,,,,,无,,
600547.SH,山东黄金,20200330,各国央行持续加码宽松政策，金价有望迎来长牛——有色金属周报,非个股,一般报告,长城证券,"吴轩,孙志轩",2019Q4,,,,130183.689,0.42,,,,,无,,
002050.SZ,三花智控,20200330,箭在弦上，新能源车2020再出发,非个股,一般报告,太平洋证券,"白宇,刘文婷,赵水平",2019Q4,1132400.0,,,142100.0,0.51,,,,,买入,,
002242.SZ,九阳股份,20200330,方正研究最新行业观点—4月联合月报,非个股,一般报告,方正证券,无,2020Q4,,,,97448.624,1.27,,,,,无,,
603444.SH,吉比特,20200330,方正研究最新行业观点—4月联合月报,非个股,一般报告,方正证券,无,2019Q4,,,,89974.419,12.52,,,,,无,,
000001.SZ,平安银行,20200330,方正研究最新行业观点—4月联合月报,非个股,一般报告,方正证券,无,2021Q4,,,,3745342.212,1.93,,,,,无,,
601658.SH,邮储银行,20200330,方正研究最新行业观点—4月联合月报,非个股,一般报告,方正证券,无,2020Q4,,,,6784327.852,0.78,,,,,无,,
002555.SZ,三七互娱,20200330,方正研究最新行业观点—4月联合月报,非个股,一般报告,方正证券,无,2020Q4,,,,257694.707,1.22,,,,,无,,
002050.SZ,三花智控,20200330,箭在弦上，新能源车2020再出发,非个股,一般报告,太平洋证券,"白宇,刘文婷,赵水平",2020Q4,1092700.0,,,133100.0,0.48,,,,,买入,,
002273.SZ,水晶光电,20200330,内需新抓手，拥抱新基建,非个股,一般报告,华创证券,无,2021Q4,,,,85238.183,0.7,,,,,无,,
002127.SZ,南极电商,20200330,商贸零售：美团点评2019Q4财报解读－经营效率优化，规模盈利已至,非个股,一般报告,中泰证券,"江琦,龙凌波",2019Q4,,,,117833.779,0.48,,,,,买入,,
000333.SZ,美的集团,20200330,方正研究最新行业观点—4月联合月报,非个股,一般报告,方正证券,无,2020Q4,,,,2620843.437,3.75,,,,,无,,
000726.SZ,鲁泰A,20200330,纺织服装行业：浅析C2M对纺织服装行业的影响,非个股,一般报告,广发证券,"糜韩杰,胡幸",2019Q4,,,,85812.154,1.0,,,11.4,,买入,,
002371.SZ,北方华创,20200330,方正研究最新行业观点—4月联合月报,非个股,一般报告,方正证券,无,2020Q4,,,,60404.246,1.22,,,,,无,,
603708.SH,家家悦,20200330,商贸零售：美团点评2019Q4财报解读－经营效率优化，规模盈利已至,非个股,一般报告,中泰证券,"江琦,龙凌波",2021Q4,,,,92476.8,1.52,,,,,增持,,
002127.SZ,南极电商,20200330,商贸零售：美团点评2019Q4财报解读－经营效率优化，规模盈利已至,非个股,一般报告,中泰证券,"江琦,龙凌波",2021Q4,,,,208663.984,0.85,,,,,买入,,
600030.SH,中信证券,20200330,证券：并表监管落地，政策放松持续,非个股,一般报告,国信证券,"王剑,李锦儿",2020Q4,,,,1551213.123,1.2,,,,,增持,,
002242.SZ,九阳股份,20200330,方正研究最新行业观点—4月联合月报,非个股,一般报告,方正证券,无,2021Q4,,,,108958.304,1.42,,,,,无,,
600681.SH,百川能源,20200330,燃气：全球供需平衡偏移，压低海外燃气价格中枢,非个股,一般报告,兴业证券,蔡屹,2019Q4,,,,109648.264,0.76,,,,,无,,
000925.SZ,众合科技,20200330,内需新抓手，拥抱新基建,非个股,一般报告,华创证券,无,2020Q4,,,,24180.856,0.44,,,,,无,,
000333.SZ,美的集团,20200330,方正研究最新行业观点—4月联合月报,非个股,一般报告,方正证券,无,2019Q4,,,,2369242.467,3.39,,,,,无,,
600011.SH,华能国际,20200330,电力行业：煤油比价历史最高位，煤价下行压力提升火电盈利空间,非个股,一般报告,广发证券,"邱长伟,郭鹏",2021Q4,,,,973281.788,0.62,,,9.3,,买入,,
603708.SH,家家悦,20200330,商贸零售：美团点评2019Q4财报解读－经营效率优化，规模盈利已至,非个股,一般报告,中泰证券,"江琦,龙凌波",2020Q4,,,,78483.6,1.29,,,,,增持,,
300316.SZ,晶盛机电,20200330,平安研粹,非个股,一般报告,平安证券,无,2021Q4,,,,107897.107,0.84,,,,,推荐,,
002373.SZ,千方科技,20200330,内需新抓手，拥抱新基建,非个股,一般报告,华创证券,无,2020Q4,,,,126736.681,0.85,,,,,无,,
600309.SH,万华化学,20200330,方正研究最新行业观点—4月联合月报,非个股,一般报告,方正证券,无,2019Q4,,,,1224501.184,3.9,,,,,无,,
600048.SH,保利地产,20200330,方正研究最新行业观点—4月联合月报,非个股,一般报告,方正证券,无,2021Q4,,,,3794590.702,3.18,,,,,无,,
002912.SZ,中新赛克,20200330,内需新抓手，拥抱新基建,非个股,一般报告,华创证券,无,2019Q4,,,,29134.56,2.73,,,,,无,,
002352.SZ,顺丰控股,20200330,VLCC运价企稳抬升，国际货运受政策支持：招商交运物流周报,非个股,一般报告,招商证券,"苏宝亮,肖欣晨",2022Q4,,,,840000.0,1.903,,,,,强烈推荐,,54.0
600887.SH,伊利股份,20200330,国金证券4月“十大金股”组合及投资逻辑,非个股,一般报告,国金证券,寇星,2020Q4,10030000.0,,,740000.0,1.21,,,,,买入,,
300770.SZ,新媒股份,20200330,方正研究最新行业观点—4月联合月报,非个股,一般报告,方正证券,无,2020Q4,,,,54940.493,4.28,,,,,无,,
002373.SZ,千方科技,20200330,内需新抓手，拥抱新基建,非个股,一般报告,华创证券,无,2019Q4,,,,99898.325,0.67,,,,,无,,
603833.SH,欧派家居,20200330,方正研究最新行业观点—4月联合月报,非个股,一般报告,方正证券,无,2020Q4,,,,189497.291,4.51,,,,,无,,
002352.SZ,顺丰控股,20200330,VLCC运价企稳抬升，国际货运受政策支持：招商交运物流周报,非个股,一般报告,招商证券,"苏宝亮,肖欣晨",2021Q4,,,,760000.0,1.722,,,,,强烈推荐,,54.0
603679.SH,华体科技,20200330,方正研究最新行业观点—4月联合月报,非个股,一般报告,方正证券,无,2020Q4,,,,23169.096,2.27,,,,,无,,
002024.SZ,苏宁易购,20200330,商贸零售：美团点评2019Q4财报解读－经营效率优化，规模盈利已至,非个股,一般报告,中泰证券,"江琦,龙凌波",2020Q4,,,,437571.864,0.47,,,,,买入,,
600048.SH,保利地产,20200330,方正研究最新行业观点—4月联合月报,非个股,一般报告,方正证券,无,2019Q4,,,,2660986.561,2.23,,,,,无,,
300760.SZ,迈瑞医疗,20200330,【粤开医药4月谈】战“疫”继续，还需围绕器械与生物制品两条主线,非个股,一般报告,粤开证券,李志新,2019Q4,1656000.0,,,468000.0,3.85,,,,,无,,
002415.SZ,海康威视,20200330,内需新抓手，拥抱新基建,非个股,一般报告,华创证券,无,2020Q4,,,,1429786.636,1.53,,,,,无,,
600004.SH,白云机场,20200330,方正研究最新行业观点—4月联合月报,非个股,一般报告,方正证券,无,2020Q4,,,,26901.167,0.13,,,,,无,,
002371.SZ,北方华创,20200330,方正研究最新行业观点—4月联合月报,非个股,一般报告,方正证券,无,2019Q4,,,,34658.174,0.7,,,,,无,,
600309.SH,万华化学,20200330,方正研究最新行业观点—4月联合月报,非个股,一般报告,方正证券,无,2021Q4,,,,1726860.644,5.5,,,,,无,,
601933.SH,永辉超市,20200330,商贸零售：美团点评2019Q4财报解读－经营效率优化，规模盈利已至,非个股,一般报告,中泰证券,"江琦,龙凌波",2019Q4,,,,200979.704,0.21,,,,,增持,,
601333.SH,广深铁路,20200330,油轮第二波反攻行情启动，推荐中远海能——申万宏源交运一周天地汇（20200323－20200329）,非个股,一般报告,申万宏源证券,"闫海,游道柱,匡培钦,郭晶",2019Q4,,,,170004.888,0.24,,,,,增持,,
603679.SH,华体科技,20200330,方正研究最新行业观点—4月联合月报,非个股,一般报告,方正证券,无,2019Q4,,,,14901.709,1.46,,,,,无,,
300037.SZ,新宙邦,20200330,方正研究最新行业观点—4月联合月报,非个股,一般报告,方正证券,无,2019Q4,,,,32563.588,0.86,,,,,无,,
002594.SZ,比亚迪,20200330,箭在弦上，新能源车2020再出发,非个股,一般报告,太平洋证券,"白宇,刘文婷,赵水平",2020Q4,13750400.0,,,134400.0,0.49,,,,,买入,,
000651.SZ,格力电器,20200330,方正研究最新行业观点—4月联合月报,非个股,一般报告,方正证券,无,2020Q4,,,,2737157.549,4.55,,,,,无,,
002352.SZ,顺丰控股,20200330,VLCC运价企稳抬升，国际货运受政策支持：招商交运物流周报,非个股,一般报告,招商证券,"苏宝亮,肖欣晨",2020Q4,,,,670000.0,1.518,,,,,强烈推荐,,54.0
002273.SZ,水晶光电,20200330,内需新抓手，拥抱新基建,非个股,一般报告,华创证券,无,2019Q4,,,,51142.91,0.42,,,,,无,,
300037.SZ,新宙邦,20200330,方正研究最新行业观点—4月联合月报,非个股,一般报告,方正证券,无,2021Q4,,,,64748.529,1.71,,,,,无,,
603369.SH,今世缘,20200330,方正研究最新行业观点—4月联合月报,非个股,一般报告,方正证券,无,2020Q4,,,,146776.5,1.17,,,,,无,,
000726.SZ,鲁泰A,20200330,纺织服装行业：浅析C2M对纺织服装行业的影响,非个股,一般报告,广发证券,"糜韩杰,胡幸",2020Q4,,,,94393.37,1.1,,,11.8,,买入,,
002555.SZ,三七互娱,20200330,方正研究最新行业观点—4月联合月报,非个股,一般报告,方正证券,无,2019Q4,,,,215449.673,1.02,,,,,无,,
603508.SH,思维列控,20200330,内需新抓手，拥抱新基建,非个股,一般报告,华创证券,无,2021Q4,,,,54332.112,2.79,,,,,无,,
002223.SZ,鱼跃医疗,20200330,【粤开医药4月谈】战“疫”继续，还需围绕器械与生物制品两条主线,非个股,一般报告,粤开证券,李志新,2020Q4,,,,103255.124,1.03,,,,,无,,
002242.SZ,九阳股份,20200330,方正研究最新行业观点—4月联合月报,非个股,一般报告,方正证券,无,2019Q4,,,,82869.696,1.08,,,,,无,,
002024.SZ,苏宁易购,20200330,商贸零售：美团点评2019Q4财报解读－经营效率优化，规模盈利已至,非个股,一般报告,中泰证券,"江琦,龙凌波",2019Q4,,,,1098584.679,1.18,,,,,买入,,
000001.SZ,平安银行,20200330,方正研究最新行业观点—4月联合月报,非个股,一般报告,方正证券,无,2020Q4,,,,3240788.339,1.67,,,,,无,,
000739.SZ,普洛药业,20200330,国金证券4月“十大金股”组合及投资逻辑,非个股,一般报告,国金证券,袁维,2020Q4,,,,73068.457,0.62,,,,,买入,,
600011.SH,华能国际,20200330,电力行业：煤油比价历史最高位，煤价下行压力提升火电盈利空间,非个股,一般报告,广发证券,"邱长伟,郭鹏",2020Q4,,,,753508.481,0.48,,,7.8,,买入,,
600004.SH,白云机场,20200330,油轮第二波反攻行情启动，推荐中远海能——申万宏源交运一周天地汇（20200323－20200329）,非个股,一般报告,申万宏源证券,"闫海,游道柱,匡培钦,郭晶",2020Q4,,,,115881.949,0.56,,,,,增持,,
002273.SZ,水晶光电,20200330,内需新抓手，拥抱新基建,非个股,一般报告,华创证券,无,2020Q4,,,,66972.858,0.55,,,,,无,,
002607.SZ,中公教育,20200330,国金证券4月“十大金股”组合及投资逻辑,非个股,一般报告,国金证券,郑慧琳,2021Q4,1621000.0,,,321000.0,0.52,,,,,买入,,
002594.SZ,比亚迪,20200330,箭在弦上，新能源车2020再出发,非个股,一般报告,太平洋证券,"白宇,刘文婷,赵水平",2021Q4,14253700.0,,,166200.0,0.61,,,,,买入,,
603708.SH,家家悦,20200330,商贸零售：美团点评2019Q4财报解读－经营效率优化，规模盈利已至,非个股,一般报告,中泰证券,"江琦,龙凌波",2019Q4,,,,66315.6,1.09,,,,,增持,,
603369.SH,今世缘,20200330,方正研究最新行业观点—4月联合月报,非个股,一般报告,方正证券,无,2021Q4,,,,186920.5,1.49,,,,,无,,
603444.SH,吉比特,20200330,方正研究最新行业观点—4月联合月报,非个股,一般报告,方正证券,无,2020Q4,,,,108012.422,15.03,,,,,无,,
600004.SH,白云机场,20200330,油轮第二波反攻行情启动，推荐中远海能——申万宏源交运一周天地汇（20200323－20200329）,非个股,一般报告,申万宏源证券,"闫海,游道柱,匡培钦,郭晶",2019Q4,,,,82772.821,0.4,,,,,增持,,
002912.SZ,中新赛克,20200330,内需新抓手，拥抱新基建,非个股,一般报告,华创证券,无,2020Q4,,,,39486.4,3.7,,,,,无,,
300529.SZ,健帆生物,20200330,方正研究最新行业观点—4月联合月报,非个股,一般报告,方正证券,无,2019Q4,,,,56938.217,1.36,,,,,无,,
601933.SH,永辉超市,20200330,4月金股推荐：超配内需——2020年月度金股报告,非个股,一般报告,新时代证券,无,2021Q4,,,,382818.484,0.4,,,,,强烈推荐,,
600887.SH,伊利股份,20200330,国金证券4月“十大金股”组合及投资逻辑,非个股,一般报告,国金证券,寇星,2021Q4,11130000.0,,,855000.0,1.4,,,,,买入,,
002970.SZ,锐明技术,20200330,一周策略回顾与展望,非个股,一般报告,中信建投,无,2020Q4,,,,28600.0,3.31,,,,,无,,
603568.SH,伟明环保,20200330,方正研究最新行业观点—4月联合月报,非个股,一般报告,方正证券,无,2021Q4,,,,142087.751,1.47,,,,,无,,
002202.SZ,金风科技,20200330,方正研究最新行业观点—4月联合月报,非个股,一般报告,方正证券,无,2019Q4,,,,287304.6,0.68,,,,,无,,
603508.SH,思维列控,20200330,内需新抓手，拥抱新基建,非个股,一般报告,华创证券,无,2020Q4,,,,44984.651,2.31,,,,,无,,
002050.SZ,三花智控,20200330,箭在弦上，新能源车2020再出发,非个股,一般报告,太平洋证券,"白宇,刘文婷,赵水平",2021Q4,1228200.0,,,154600.0,0.56,,,,,买入,,
600760.SH,中航沈飞,20200330,军工行业2020年增长确定性强，坚定看好军工板块当前时点投资价值——军工行业周报,非个股,一般报告,申万宏源证券,"韩强,王加煨,高晗",2021Q4,,,,120433.479,0.86,,,,,无,,
300244.SZ,迪安诊断,20200330,【粤开医药4月谈】战“疫”继续，还需围绕器械与生物制品两条主线,非个股,一般报告,粤开证券,李志新,2019Q4,844000.0,,,34000.0,0.548,,,,,无,,
600681.SH,百川能源,20200330,燃气：全球供需平衡偏移，压低海外燃气价格中枢,非个股,一般报告,兴业证券,蔡屹,2020Q4,,,,126961.147,0.88,,,,,无,,
603833.SH,欧派家居,20200330,方正研究最新行业观点—4月联合月报,非个股,一般报告,方正证券,无,2019Q4,,,,158404.609,3.77,,,,,无,,
000739.SZ,普洛药业,20200330,国金证券4月“十大金股”组合及投资逻辑,非个股,一般报告,国金证券,袁维,2021Q4,,,,90746.309,0.77,,,,,买入,,
300070.SZ,碧水源,20200330,方正研究最新行业观点—4月联合月报,非个股,一般报告,方正证券,无,2021Q4,,,,208863.375,0.66,,,,,无,,
600803.SH,新奥股份,20200330,燃气：全球供需平衡偏移，压低海外燃气价格中枢,非个股,一般报告,兴业证券,蔡屹,2020Q4,,,,130311.713,1.06,,,,,无,,
603568.SH,伟明环保,20200330,方正研究最新行业观点—4月联合月报,非个股,一般报告,方正证券,无,2019Q4,,,,98591.501,1.02,,,,,无,,
600760.SH,中航沈飞,20200330,军工行业2020年增长确定性强，坚定看好军工板块当前时点投资价值——军工行业周报,非个股,一般报告,申万宏源证券,"韩强,王加煨,高晗",2020Q4,,,,138638.539,0.99,,,,,无,,
603679.SH,华体科技,20200330,方正研究最新行业观点—4月联合月报,非个股,一般报告,方正证券,无,2021Q4,,,,30313.751,2.97,,,,,无,,
603589.SH,口子窖,20200330,方正研究最新行业观点—4月联合月报,非个股,一般报告,方正证券,无,2019Q4,,,,153000.0,2.55,,,,,无,,
600309.SH,万华化学,20200330,方正研究最新行业观点—4月联合月报,非个股,一般报告,方正证券,无,2020Q4,,,,1475680.914,4.7,,,,,无,,
600760.SH,中航沈飞,20200330,军工行业2020年增长确定性强，坚定看好军工板块当前时点投资价值——军工行业周报,非个股,一般报告,申万宏源证券,"韩强,王加煨,高晗",2019Q4,,,,88224.525,0.63,,,,,无,,
300070.SZ,碧水源,20200330,方正研究最新行业观点—4月联合月报,非个股,一般报告,方正证券,无,2019Q4,,,,139242.25,0.44,,,,,无,,
000651.SZ,格力电器,20200330,方正研究最新行业观点—4月联合月报,非个股,一般报告,方正证券,无,2021Q4,,,,3007865.439,5.0,,,,,无,,
002912.SZ,中新赛克,20200330,内需新抓手，拥抱新基建,非个股,一般报告,华创证券,无,2021Q4,,,,52399.52,4.91,,,,,无,,
603508.SH,思维列控,20200330,内需新抓手，拥抱新基建,非个股,一般报告,华创证券,无,2019Q4,,,,79842.888,4.1,,,,,无,,
600636.SH,三爱富,20200330,一周策略回顾与展望,非个股,一般报告,中信建投,无,2020Q4,,,,165000.0,3.692,,,,,无,,
002202.SZ,金风科技,20200330,方正研究最新行业观点—4月联合月报,非个股,一般报告,方正证券,无,2020Q4,,,,430956.9,1.02,,,,,无,,
603444.SH,吉比特,20200330,传媒行业：持续看好游戏买量红利和视频板块,非个股,一般报告,兴业证券,"丁婉贝,刘跃,邵伟,李阳",2019Q4,,,,88177.805,12.27,,,,,审慎增持,,
002202.SZ,金风科技,20200330,方正研究最新行业观点—4月联合月报,非个股,一般报告,方正证券,无,2021Q4,,,,523908.388,1.24,,,,,无,,
002223.SZ,鱼跃医疗,20200330,【粤开医药4月谈】战“疫”继续，还需围绕器械与生物制品两条主线,非个股,一般报告,粤开证券,李志新,2019Q4,464000.0,,,75000.0,0.748,,,,,无,,
002594.SZ,比亚迪,20200330,箭在弦上，新能源车2020再出发,非个股,一般报告,太平洋证券,"白宇,刘文婷,赵水平",2019Q4,13315000.0,,,162200.0,0.59,,,,,买入,,
000651.SZ,格力电器,20200330,方正研究最新行业观点—4月联合月报,非个股,一般报告,方正证券,无,2019Q4,,,,2725126.088,4.53,,,,,无,,
300575.SZ,中旗股份,20200330,国金证券4月“十大金股”组合及投资逻辑,非个股,一般报告,国金证券,王明辉,2021Q4,,,,37200.0,2.818,,,,,无,,
300121.SZ,阳谷华泰,20200330,方正研究最新行业观点—4月联合月报,非个股,一般报告,方正证券,无,2020Q4,,,,27202.819,0.7,,,,,无,,
300316.SZ,晶盛机电,20200330,平安研粹,非个股,一般报告,平安证券,无,2020Q4,,,,86060.787,0.67,,,,,推荐,,
300575.SZ,中旗股份,20200330,国金证券4月“十大金股”组合及投资逻辑,非个股,一般报告,国金证券,王明辉,2020Q4,,,,28000.0,2.121,,,,,无,,
603589.SH,口子窖,20200330,方正研究最新行业观点—4月联合月报,非个股,一般报告,方正证券,无,2020Q4,,,,184800.0,3.08,,,,,无,,
600017.SH,日照港,20200330,油轮第二波反攻行情启动，推荐中远海能——申万宏源交运一周天地汇（20200323－20200329）,非个股,一般报告,申万宏源证券,"闫海,游道柱,匡培钦,郭晶",2020Q4,,,,89193.963,0.29,,,,,增持,,
002415.SZ,海康威视,20200330,内需新抓手，拥抱新基建,非个股,一般报告,华创证券,无,2019Q4,,,,1130746.294,1.21,,,,,无,,
300529.SZ,健帆生物,20200330,方正研究最新行业观点—4月联合月报,非个股,一般报告,方正证券,无,2021Q4,,,,96292.573,2.3,,,,,无,,
603589.SH,口子窖,20200330,方正研究最新行业观点—4月联合月报,非个股,一般报告,方正证券,无,2021Q4,,,,220800.0,3.68,,,,,无,,
000925.SZ,众合科技,20200330,内需新抓手，拥抱新基建,非个股,一般报告,华创证券,无,2021Q4,,,,30226.07,0.55,,,,,无,,
601933.SH,永辉超市,20200330,商贸零售：美团点评2019Q4财报解读－经营效率优化，规模盈利已至,非个股,一般报告,中泰证券,"江琦,龙凌波",2020Q4,,,,277543.401,0.29,,,,,增持,,
000333.SZ,美的集团,20200330,方正研究最新行业观点—4月联合月报,非个股,一般报告,方正证券,无,2021Q4,,,,3117056.461,4.46,,,,,无,,
300037.SZ,新宙邦,20200330,方正研究最新行业观点—4月联合月报,非个股,一般报告,方正证券,无,2020Q4,,,,46952.15,1.24,,,,,无,,
002127.SZ,南极电商,20200330,商贸零售：美团点评2019Q4财报解读－经营效率优化，规模盈利已至,非个股,一般报告,中泰证券,"江琦,龙凌波",2020Q4,,,,157111.706,0.64,,,,,买入,,
600004.SH,白云机场,20200330,方正研究最新行业观点—4月联合月报,非个股,一般报告,方正证券,无,2019Q4,,,,86911.462,0.42,,,,,无,,
600323.SH,瀚蓝环境,20200330,方正研究最新行业观点—4月联合月报,非个股,一般报告,方正证券,无,2020Q4,,,,116472.131,1.52,,,,,无,,
601333.SH,广深铁路,20200330,油轮第二波反攻行情启动，推荐中远海能——申万宏源交运一周天地汇（20200323－20200329）,非个股,一般报告,申万宏源证券,"闫海,游道柱,匡培钦,郭晶",2020Q4,,,,127503.666,0.18,,,,,增持,,
300529.SZ,健帆生物,20200330,方正研究最新行业观点—4月联合月报,非个股,一般报告,方正证券,无,2020Q4,,,,75359.405,1.8,,,,,无,,
300760.SZ,迈瑞医疗,20200330,【粤开医药4月谈】战“疫”继续，还需围绕器械与生物制品两条主线,非个股,一般报告,粤开证券,李志新,2020Q4,,,,615139.781,5.06,,,,,无,,
601933.SH,永辉超市,20200330,4月金股推荐：超配内需——2020年月度金股报告,非个股,一般报告,新时代证券,无,2020Q4,,,,287113.863,0.3,,,,,强烈推荐,,
300121.SZ,阳谷华泰,20200330,方正研究最新行业观点—4月联合月报,非个股,一般报告,方正证券,无,2021Q4,,,,50519.522,1.3,,,,,无,,
002024.SZ,苏宁易购,20200330,商贸零售：美团点评2019Q4财报解读－经营效率优化，规模盈利已至,非个股,一般报告,中泰证券,"江琦,龙凌波",2021Q4,,,,614462.617,0.66,,,,,买入,,
002371.SZ,北方华创,20200330,方正研究最新行业观点—4月联合月报,非个股,一般报告,方正证券,无,2021Q4,,,,85160.085,1.72,,,,,无,,
600323.SH,瀚蓝环境,20200330,方正研究最新行业观点—4月联合月报,非个股,一般报告,方正证券,无,2021Q4,,,,131797.411,1.72,,,,,无,,
300770.SZ,新媒股份,20200330,方正研究最新行业观点—4月联合月报,非个股,一般报告,方正证券,无,2019Q4,,,,39023.154,3.04,,,,,无,,
600547.SH,山东黄金,20200330,各国央行持续加码宽松政策，金价有望迎来长牛——有色金属周报,非个股,一般报告,长城证券,"吴轩,孙志轩",2020Q4,,,,232470.872,0.75,,,,,无,,
002555.SZ,三七互娱,20200330,方正研究最新行业观点—4月联合月报,非个股,一般报告,方正证券,无,2021Q4,,,,289378.482,1.37,,,,,无,,
300070.SZ,碧水源,20200330,方正研究最新行业观点—4月联合月报,非个股,一般报告,方正证券,无,2020Q4,,,,167723.619,0.53,,,,,无,,
000925.SZ,众合科技,20200330,内需新抓手，拥抱新基建,非个股,一般报告,华创证券,无,2019Q4,,,,14838.252,0.27,,,,,无,,
603833.SH,欧派家居,20200330,方正研究最新行业观点—4月联合月报,非个股,一般报告,方正证券,无,2021Q4,,,,218909.287,5.21,,,,,无,,
603568.SH,伟明环保,20200330,方正研究最新行业观点—4月联合月报,非个股,一般报告,方正证券,无,2020Q4,,,,115990.001,1.2,,,,,无,,
002373.SZ,千方科技,20200330,内需新抓手，拥抱新基建,非个股,一般报告,华创证券,无,2021Q4,,,,158048.096,1.06,,,,,无,,
603369.SH,今世缘,20200330,方正研究最新行业观点—4月联合月报,非个股,一般报告,方正证券,无,2019Q4,,,,115414.0,0.92,,,,,无,,
601998.SH,中信银行,20200330,中信银行：盈利增长动力有所恢复,点评,首份报告,农银证券,欧宇恒,2021Q4,21595700.0,,,5697900.0,1.164,4.65,5.5,9.82,,买入,,5.97
601998.SH,中信银行,20200330,中信银行：盈利增长动力有所恢复,点评,首份报告,农银证券,欧宇恒,2020Q4,20387000.0,,,5237200.0,1.07,5.07,5.06,9.74,,买入,,5.97
601818.SH,光大银行,20200330,光大银行2019年报点评：净息差走阔，盈利能力提升,点评,一般报告,国信证券,"王剑,田维韦,陈俊良",2022Q4,19067400.0,,5981200.0,4949800.0,0.943,3.3,7.7,10.2,,增持,,
601818.SH,光大银行,20200330,光大银行2019年报点评：净息差走阔，盈利能力提升,点评,一般报告,国信证券,"王剑,田维韦,陈俊良",2021Q4,17181600.0,,5431000.0,4493700.0,0.856,3.6,7.0,10.1,,增持,,
601818.SH,光大银行,20200330,光大银行2019年报点评：净息差走阔，盈利能力提升,点评,一般报告,国信证券,"王剑,田维韦,陈俊良",2020Q4,15394300.0,,4942100.0,4088400.0,0.779,3.9,6.4,10.1,,增持,,
300769.SZ,德方纳米,20200330,德方纳米：应用扩张提速，发展窗口开启,深度,首次关注,川财证券,"黄博,张天楠",2019Q4,105400.0,,11600.0,10000.0,2.339,42.55,,10.6,38.0,增持,,
601766.SH,中国中车,20200330,中国中车：看好城轨、维修业务持续增长，提质增效改革提升盈利能力,点评,一般报告,银河证券,"李良,范想想",2021Q4,27161680.0,,,1517865.0,0.53,12.59,,,,推荐,,
601766.SH,中国中车,20200330,中国中车：看好城轨、维修业务持续增长，提质增效改革提升盈利能力,点评,一般报告,银河证券,"李良,范想想",2019Q4,22901080.0,,,1179493.0,0.41,16.2,,,,推荐,,
300577.SZ,开润股份,20200330,开润股份：中国旅行箱巨头的崛起之路,一般,首次评级,中金,"侯利维,钱凯,吴昇勇",2023Q4,805700.0,,,55400.0,2.548,,2.0,30.0,,跑赢行业,,39.0
300577.SZ,开润股份,20200330,开润股份：中国旅行箱巨头的崛起之路,一般,首次评级,中金,"侯利维,钱凯,吴昇勇",2022Q4,603800.0,,,41300.0,1.9,,2.0,28.0,,跑赢行业,,39.0
300577.SZ,开润股份,20200330,开润股份：中国旅行箱巨头的崛起之路,一般,首次评级,中金,"侯利维,钱凯,吴昇勇",2021Q4,455300.0,118600.0,39900.0,31900.0,1.467,18.6,1.0,28.0,12.9,跑赢行业,,39.0
300577.SZ,开润股份,20200330,开润股份：中国旅行箱巨头的崛起之路,一般,首次评级,中金,"侯利维,钱凯,吴昇勇",2020Q4,345300.0,90500.0,31200.0,25000.0,1.15,23.7,1.0,27.0,17.0,跑赢行业,,39.0
300769.SZ,德方纳米,20200330,德方纳米：应用扩张提速，发展窗口开启,深度,首次关注,川财证券,"黄博,张天楠",2020Q4,125600.0,,18900.0,16400.0,3.837,26.05,,14.9,23.0,增持,,
300577.SZ,开润股份,20200330,开润股份：中国旅行箱巨头的崛起之路,一般,首次评级,中金,"侯利维,钱凯,吴昇勇",2019Q4,269700.0,71200.0,28600.0,22600.0,,26.3,,,19.2,跑赢行业,,39.0
300769.SZ,德方纳米,20200330,德方纳米：应用扩张提速，发展窗口开启,深度,首次关注,川财证券,"黄博,张天楠",2021Q4,182500.0,,27900.0,24300.0,5.685,17.57,,18.5,17.0,增持,,
601766.SH,中国中车,20200330,中国中车：看好城轨、维修业务持续增长，提质增效改革提升盈利能力,点评,一般报告,银河证券,"李良,范想想",2020Q4,24687100.0,,,1397764.0,0.49,13.67,,,,推荐,,
002364.SZ,中恒电气,20200330,中恒电气：交付延后致Q1业绩波动，饱满订单支撑全年高增,点评,一般报告,中泰证券,苏晨,2021Q4,275106.0,,25230.0,26347.0,0.47,,2.5,9.54,29.0,增持,,
002364.SZ,中恒电气,20200330,中恒电气：交付延后致Q1业绩波动，饱满订单支撑全年高增,点评,一般报告,中泰证券,苏晨,2020Q4,190585.0,,17730.0,18588.0,0.33,,1.9,7.18,39.8,增持,,
002364.SZ,中恒电气,20200330,中恒电气：交付延后致Q1业绩波动，饱满订单支撑全年高增,点评,一般报告,中泰证券,苏晨,2019Q4,115767.0,,7580.0,7774.0,0.14,,0.7,3.16,90.6,增持,,
300482.SZ,万孚生物,20200330,万孚生物：19年业绩符合预期，传染病与慢病业务驱动高增长，新产品带来增量,点评,一般报告,安信证券,马帅,2022Q4,427910.0,,111750.0,86350.0,2.52,31.5,0.4,21.1,18.6,买入,,84.21
300482.SZ,万孚生物,20200330,万孚生物：19年业绩符合预期，传染病与慢病业务驱动高增长，新产品带来增量,点评,一般报告,安信证券,马帅,2021Q4,342200.0,,87810.0,67590.0,1.97,40.2,0.4,20.1,24.0,买入,,84.21
300482.SZ,万孚生物,20200330,万孚生物：19年业绩符合预期，传染病与慢病业务驱动高增长，新产品带来增量,点评,一般报告,安信证券,马帅,2020Q4,273000.0,,68100.0,52470.0,1.53,51.8,0.4,19.0,31.4,买入,,84.21
300482.SZ,万孚生物,20200330,万孚生物：19年业绩符合预期，传染病与慢病业务驱动高增长，新产品带来增量,点评,一般报告,安信证券,马帅,2019Q4,207230.0,,50310.0,38750.0,1.13,70.2,0.0,17.4,23.5,买入,,84.21
002013.SZ,中航机电,20200330,中航机电：航空产品稳步增长，体外资产有望进一步整合,点评,一般报告,中泰证券,"苏晨,李聪",2022Q4,1876700.0,544700.0,232700.0,177500.0,0.49,14.3,,11.33,,买入,,
002013.SZ,中航机电,20200330,中航机电：航空产品稳步增长，体外资产有望进一步整合,点评,一般报告,中泰证券,"苏晨,李聪",2021Q4,1606000.0,445900.0,180500.0,133200.0,0.37,19.04,,11.42,,买入,,
002013.SZ,中航机电,20200330,中航机电：航空产品稳步增长，体外资产有望进一步整合,点评,一般报告,中泰证券,"苏晨,李聪",2020Q4,1406800.0,379800.0,149900.0,113100.0,0.31,22.42,,10.79,,买入,,
002013.SZ,中航机电,20200330,中航机电：航空产品稳步增长，体外资产有望进一步整合,点评,一般报告,中泰证券,"苏晨,李聪",2019Q4,1213100.0,327600.0,167400.0,96100.0,0.27,26.4,,9.85,,买入,,
601966.SH,玲珑轮胎,20200330,玲珑轮胎重大事件快评：升级发展战略，剑指全球前五,点评,一般报告,国信证券,"梁超,陶定坤",2021Q4,2111400.0,,218500.0,209800.0,1.75,11.3,4.4,16.0,10.1,买入,,
601966.SH,玲珑轮胎,20200330,玲珑轮胎重大事件快评：升级发展战略，剑指全球前五,点评,一般报告,国信证券,"梁超,陶定坤",2020Q4,1894300.0,,187500.0,180000.0,1.5,13.2,3.8,15.0,11.0,买入,,
601966.SH,玲珑轮胎,20200330,玲珑轮胎重大事件快评：升级发展战略，剑指全球前五,点评,一般报告,国信证券,"梁超,陶定坤",2019Q4,1700000.0,,167500.0,160800.0,1.34,14.8,3.4,15.0,12.0,买入,,
300031.SZ,宝通科技,20200330,宝通科技：出海战略再升级，VR布局构筑蓝图,深度,一般报告,招商证券,"顾佳,陈良栋",2021Q4,361700.0,205700.0,54600.0,48000.0,1.21,14.7,,15.4,9.8,强烈推荐,23.5,22.0
300031.SZ,宝通科技,20200330,宝通科技：出海战略再升级，VR布局构筑蓝图,深度,一般报告,招商证券,"顾佳,陈良栋",2020Q4,296600.0,167000.0,43600.0,38500.0,0.97,18.4,,14.1,12.7,强烈推荐,23.5,22.0
300031.SZ,宝通科技,20200330,宝通科技：出海战略再升级，VR布局构筑蓝图,深度,一般报告,招商证券,"顾佳,陈良栋",2019Q4,246500.0,135000.0,35100.0,30700.0,0.77,23.0,,12.7,15.8,强烈推荐,23.5,22.0
601155.SH,新城控股,20200330,"Seazen_Holdings_Co.,Ltd：A_Great_Decrease_in_Debt_Ratio,A_Stable_Performance_Growth_Ensure_High_Dividends",点评,一般报告,兴业证券,"阎常铭,郭毅,徐欧鹭",2022Q4,17723200.0,,2856700.0,2028200.0,8.99,,,23.0,,Buy,,
601155.SH,新城控股,20200330,"Seazen_Holdings_Co.,Ltd：A_Great_Decrease_in_Debt_Ratio,A_Stable_Performance_Growth_Ensure_High_Dividends",点评,一般报告,兴业证券,"阎常铭,郭毅,徐欧鹭",2021Q4,13955300.0,,2505100.0,1778600.0,7.88,,,24.9,,Buy,,
601155.SH,新城控股,20200330,"Seazen_Holdings_Co.,Ltd：A_Great_Decrease_in_Debt_Ratio,A_Stable_Performance_Growth_Ensure_High_Dividends",点评,一般报告,兴业证券,"阎常铭,郭毅,徐欧鹭",2020Q4,10988400.0,,2141800.0,1520700.0,6.74,,,26.8,,Buy,,
600372.SH,中航电子,20200330,中航电子：聚焦主业实现稳定增长，内部优化盈利能力增强,点评,一般报告,中泰证券,"苏晨,李聪",2022Q4,1248900.0,404500.0,120900.0,92600.0,0.53,24.49,,8.83,,买入,,
600372.SH,中航电子,20200330,中航电子：聚焦主业实现稳定增长，内部优化盈利能力增强,点评,一般报告,中泰证券,"苏晨,李聪",2021Q4,1079600.0,347000.0,99500.0,77900.0,0.44,29.09,,8.82,,买入,,
600372.SH,中航电子,20200330,中航电子：聚焦主业实现稳定增长，内部优化盈利能力增强,点评,一般报告,中泰证券,"苏晨,李聪",2020Q4,935800.0,298300.0,85300.0,65700.0,0.37,34.5,,7.99,,买入,,
600372.SH,中航电子,20200330,中航电子：聚焦主业实现稳定增长，内部优化盈利能力增强,点评,一般报告,中泰证券,"苏晨,李聪",2019Q4,835200.0,257800.0,126400.0,55600.0,0.32,40.76,,7.09,,买入,,
600038.SH,中直股份,20200330,中直股份：业绩稳健增长，看好公司未来成长空间,点评,一般报告,广发证券,"赵炳楠,李炼",2022Q4,2805700.0,,126900.0,109800.0,1.86,23.08,,10.1,13.75,买入,,
600038.SH,中直股份,20200330,中直股份：业绩稳健增长，看好公司未来成长空间,点评,一般报告,广发证券,"赵炳楠,李炼",2021Q4,2375100.0,,104800.0,90700.0,1.54,27.95,,9.2,16.67,买入,,
600038.SH,中直股份,20200330,中直股份：业绩稳健增长，看好公司未来成长空间,点评,一般报告,广发证券,"赵炳楠,李炼",2020Q4,2001500.0,,84600.0,73200.0,1.24,34.63,,8.2,20.36,买入,,
600038.SH,中直股份,20200330,中直股份：业绩稳健增长，看好公司未来成长空间,点评,一般报告,广发证券,"赵炳楠,李炼",2019Q4,1579500.0,,68000.0,58800.0,1.0,47.81,,7.2,27.77,买入,,
600031.SH,三一重工,20200330,"Sany_Heavy_Industry：The_Leading_Player_Remains_an_Outperformer,Expanding_Businesses_Worldwide_to_Achieve_Astonishing_Feats",点评,一般报告,兴业证券,"石康,张亚滨",2021Q4,9310200.0,,1966300.0,1641600.0,1.95,,,26.1,,Outperform,,
600031.SH,三一重工,20200330,"Sany_Heavy_Industry：The_Leading_Player_Remains_an_Outperformer,Expanding_Businesses_Worldwide_to_Achieve_Astonishing_Feats",点评,一般报告,兴业证券,"石康,张亚滨",2020Q4,8867300.0,,1705300.0,1423700.0,1.69,,,27.6,,Outperform,,
600031.SH,三一重工,20200330,"Sany_Heavy_Industry：The_Leading_Player_Remains_an_Outperformer,Expanding_Businesses_Worldwide_to_Achieve_Astonishing_Feats",点评,一般报告,兴业证券,"石康,张亚滨",2019Q4,7488900.0,,1356900.0,1132800.0,1.34,,,27.3,,Outperform,,
002697.SZ,红旗连锁,20200330,红旗连锁：零售业务稳健，投资收益丰沛，红旗连锁盈利步入上升通道,点评,一般报告,中泰证券,"江琦,康璐",2022Q4,990100.0,303100.0,110700.0,99500.0,0.73,12.48,,19.41,,买入,,
002697.SZ,红旗连锁,20200330,红旗连锁：零售业务稳健，投资收益丰沛，红旗连锁盈利步入上升通道,点评,一般报告,中泰证券,"江琦,康璐",2021Q4,917100.0,278300.0,94100.0,84400.0,0.62,14.72,,19.63,,买入,,
002697.SZ,红旗连锁,20200330,红旗连锁：零售业务稳健，投资收益丰沛，红旗连锁盈利步入上升通道,点评,一般报告,中泰证券,"江琦,康璐",2020Q4,847100.0,254500.0,74800.0,66800.0,0.49,18.59,,18.53,,买入,,
000063.SZ,中兴通讯,20200330,中兴通讯2019年年报点评：经营管理全面提升，迎接5G建设高潮,一般,一般报告,国信证券,"程成,马成龙",2023Q4,20362600.0,,,1201500.0,2.61,16.7,,25.5,18.0,买入,,
000063.SZ,中兴通讯,20200330,中兴通讯2019年年报点评：经营管理全面提升，迎接5G建设高潮,一般,一般报告,国信证券,"程成,马成龙",2021Q4,14383600.0,,1023100.0,829579.0,1.8,24.1,2.3,23.0,21.5,买入,,
000063.SZ,中兴通讯,20200330,中兴通讯2019年年报点评：经营管理全面提升，迎接5G建设高潮,一般,一般报告,国信证券,"程成,马成龙",2020Q4,11287300.0,,831000.0,632301.0,1.37,31.6,1.7,19.8,23.7,买入,,
688029.SH,南微医学,20200330,南微医学：业绩持续发力，核心产品快速增长,,一般报告,华金证券,"周新明,王睿",2022Q4,295900.0,,79600.0,66600.0,5.0,33.8,,16.7,24.5,买入,,
600999.SH,招商证券,20200330,招商证券2019年年报点评：业绩显著提升，投资贡献最大,点评,一般报告,国信证券,"王剑,李锦儿",2022Q4,3373300.0,,1688200.0,1378500.0,2.06,8.2,,12.39,,增持,,
600999.SH,招商证券,20200330,招商证券2019年年报点评：业绩显著提升，投资贡献最大,点评,一般报告,国信证券,"王剑,李锦儿",2021Q4,2799300.0,,1401300.0,1144200.0,1.71,9.88,,11.4,,增持,,
600999.SH,招商证券,20200330,招商证券2019年年报点评：业绩显著提升，投资贡献最大,点评,一般报告,国信证券,"王剑,李锦儿",2020Q4,2250400.0,,1126800.0,920100.0,1.37,12.28,,10.04,,增持,,
002938.SZ,鹏鼎控股,20200330,鹏鼎控股：研发持续高投入，5G新品已处于量产阶段,点评,一般报告,华西证券,"孙远峰,张大印",2022Q4,4251600.0,,586900.0,494500.0,2.14,14.36,,15.0,,买入,,
002938.SZ,鹏鼎控股,20200330,鹏鼎控股：研发持续高投入，5G新品已处于量产阶段,点评,一般报告,华西证券,"孙远峰,张大印",2021Q4,3543000.0,,478000.0,404300.0,1.75,17.56,,14.6,,买入,,
002938.SZ,鹏鼎控股,20200330,鹏鼎控股：研发持续高投入，5G新品已处于量产阶段,点评,一般报告,华西证券,"孙远峰,张大印",2020Q4,2803000.0,,378900.0,317900.0,1.38,22.34,,13.6,,买入,,
002938.SZ,鹏鼎控股,20200330,鹏鼎控股：研发持续高投入，5G新品已处于量产阶段,点评,一般报告,华西证券,"孙远峰,张大印",2019Q4,2661500.0,,343000.0,292500.0,1.27,24.28,,14.7,,买入,,
000063.SZ,中兴通讯,20200330,中兴通讯2019年年报点评：经营管理全面提升，迎接5G建设高潮,一般,一般报告,国信证券,"程成,马成龙",2022Q4,17706600.0,,1235000.0,1001438.0,2.17,20.0,2.7,24.3,19.9,买入,,
688029.SH,南微医学,20200330,南微医学：业绩持续发力，核心产品快速增长,,一般报告,华金证券,"周新明,王睿",2020Q4,175800.0,,49400.0,41100.0,3.08,54.8,,14.5,40.8,买入,,
688029.SH,南微医学,20200330,南微医学：业绩持续发力，核心产品快速增长,,一般报告,华金证券,"周新明,王睿",2019Q4,130700.0,,35900.0,30400.0,2.28,74.2,,12.5,56.6,买入,,
600754.SH,锦江酒店,20200330,锦江酒店：开店计划有序推进，维也纳、铂涛系列贡献主要业绩增长,点评,首次评级,山西证券,"刘小勇,张晓霖",2022Q4,1640900.0,,199600.0,135700.0,1.42,17.74,,7.55,11.35,增持,,
600754.SH,锦江酒店,20200330,锦江酒店：开店计划有序推进，维也纳、铂涛系列贡献主要业绩增长,点评,首次评级,山西证券,"刘小勇,张晓霖",2021Q4,1562700.0,,188300.0,127300.0,1.33,18.9,,7.29,11.62,增持,,
600754.SH,锦江酒店,20200330,锦江酒店：开店计划有序推进，维也纳、铂涛系列贡献主要业绩增长,点评,首次评级,山西证券,"刘小勇,张晓霖",2020Q4,785100.0,,84000.0,50100.0,0.52,48.01,,3.32,13.52,增持,,
600660.SH,福耀玻璃,20200330,福耀玻璃：Q4业绩改善，新征途稳步前进,点评,一般报告,华西证券,"崔琰,郑青青,戚舒扬",2021Q4,2381800.0,,395700.0,346200.0,1.38,14.17,,11.7,,买入,,24.99
600660.SH,福耀玻璃,20200330,福耀玻璃：Q4业绩改善，新征途稳步前进,点评,一般报告,华西证券,"崔琰,郑青青,戚舒扬",2019Q4,2110400.0,,323100.0,289900.0,1.16,16.92,,12.6,,买入,,24.99
002013.SZ,中航机电,20200330,中航机电：净利增速高于营收，航空产品发展较好，整体符合预期,点评,一般报告,安信证券,冯福章,2020Q4,1270450.0,,132250.0,102720.0,0.28,24.7,0.0,9.6,11.9,买入,,8.5
000063.SZ,中兴通讯,20200330,中兴通讯：2019年报符合预期，5G先锋状态良好,点评,一般报告,德邦证券,"雷涛,张天",2022Q4,14097100.0,,1248000.0,1007800.0,2.19,19.84,0.7,14.5,10.16,增持,,
000063.SZ,中兴通讯,20200330,中兴通讯：2019年报符合预期，5G先锋状态良好,点评,一般报告,德邦证券,"雷涛,张天",2021Q4,12430400.0,,1019100.0,822900.0,1.79,24.3,0.7,13.5,12.34,增持,,
000063.SZ,中兴通讯,20200330,中兴通讯：2019年报符合预期，5G先锋状态良好,点评,一般报告,德邦证券,"雷涛,张天",2020Q4,10614700.0,,811800.0,655600.0,1.42,30.5,0.5,12.1,15.15,增持,,
600685.SH,中船防务,20200330,中船防务2019年报点评：经营业绩持续改善，盈利能力提升未来可期,点评,首份报告,中航证券,"张超,蒋聪汝,宋博",2022Q4,1284000.0,,53200.0,47400.0,0.34,37.0,,,,持有,,14.06
600685.SH,中船防务,20200330,中船防务2019年报点评：经营业绩持续改善，盈利能力提升未来可期,点评,首份报告,中航证券,"张超,蒋聪汝,宋博",2021Q4,1232000.0,,42700.0,38000.0,0.27,46.0,,,,持有,,14.06
600685.SH,中船防务,20200330,中船防务2019年报点评：经营业绩持续改善，盈利能力提升未来可期,点评,首份报告,中航证券,"张超,蒋聪汝,宋博",2020Q4,1195600.0,,30500.0,27200.0,0.19,64.0,,,,持有,,14.06
600660.SH,福耀玻璃,20200330,福耀玻璃：Q4业绩改善，新征途稳步前进,点评,一般报告,华西证券,"崔琰,郑青青,戚舒扬",2020Q4,2147500.0,,339500.0,298900.0,1.19,16.41,,11.5,,买入,,24.99
002013.SZ,中航机电,20200330,中航机电：净利增速高于营收，航空产品发展较好，整体符合预期,点评,一般报告,安信证券,冯福章,2022Q4,1585800.0,,177210.0,137550.0,0.38,18.4,0.0,10.9,8.2,买入,,8.5
002013.SZ,中航机电,20200330,中航机电：净利增速高于营收，航空产品发展较好，整体符合预期,点评,一般报告,安信证券,冯福章,2021Q4,1397620.0,,152700.0,118320.0,0.33,21.4,0.0,10.3,10.0,买入,,8.5
002013.SZ,中航机电,20200330,中航机电：净利增速高于营收，航空产品发展较好，整体符合预期,点评,一般报告,安信证券,冯福章,2019Q4,1213140.0,,124520.0,96090.0,0.27,26.4,0.0,9.1,13.6,买入,,8.5
688029.SH,南微医学,20200330,南微医学：业绩持续发力，核心产品快速增长,,一般报告,华金证券,"周新明,王睿",2021Q4,229800.0,,64300.0,53600.0,4.02,42.0,,16.0,30.9,买入,,
601066.SH,中信建投,20200330,中信建投2019年报点评：自营业务表现亮眼，主动管理能力提升,点评,首份报告,首创证券,"李甜露,李星锦",Q,,,,,,,,,,无,,
603799.SH,华友钴业,20200330,华友钴业：年报业绩符合预期，盈利有望持续修复,点评,一般报告,中银国际,"沈成,朱凯",2022Q4,2867000.0,,206600.0,151800.0,1.364,21.2,0.5,14.4,10.8,增持,,
603799.SH,华友钴业,20200330,华友钴业：年报业绩符合预期，盈利有望持续修复,点评,一般报告,中银国际,"沈成,朱凯",2021Q4,2470200.0,,151000.0,111000.0,0.998,29.0,0.3,11.8,12.3,增持,,
603799.SH,华友钴业,20200330,华友钴业：年报业绩符合预期，盈利有望持续修复,点评,一般报告,中银国际,"沈成,朱凯",2020Q4,2062600.0,,72300.0,53400.0,0.48,60.2,,6.5,20.3,增持,,
300618.SZ,寒锐钴业,20200330,寒锐钴业：产业链不断纵深完善，公司盈利与抗风险能力显著提高,深度,一般报告,财通证券,"李帅华,郝思行",2022Q4,467800.0,,72600.0,60400.0,2.24,20.5,1.2,22.9,14.9,增持,,
300618.SZ,寒锐钴业,20200330,寒锐钴业：产业链不断纵深完善，公司盈利与抗风险能力显著提高,深度,一般报告,财通证券,"李帅华,郝思行",2021Q4,327800.0,,40900.0,34000.0,1.26,36.3,0.7,15.7,22.7,增持,,
300618.SZ,寒锐钴业,20200330,寒锐钴业：产业链不断纵深完善，公司盈利与抗风险能力显著提高,深度,一般报告,财通证券,"李帅华,郝思行",2020Q4,238600.0,,25400.0,21600.0,0.8,57.2,0.4,11.4,35.1,增持,,
600588.SH,用友网络,20200330,用友网络：云收入逆势高增，转型发展再提速,点评,一般报告,国金证券,"罗露,孟林",2020Q4,1017100.0,673300.0,142300.0,109900.0,0.439,95.7,,13.7,,买入,,49.12
300482.SZ,万孚生物,20200330,万孚生物：1季报继续保持快速增长，看好公司未来成长空间,点评,一般报告,华西证券,崔文亮,2022Q4,441400.0,,121200.0,93400.0,2.73,29.12,,21.2,,买入,,
300482.SZ,万孚生物,20200330,万孚生物：1季报继续保持快速增长，看好公司未来成长空间,点评,一般报告,华西证券,崔文亮,2021Q4,347500.0,,93500.0,71900.0,2.1,37.81,,20.7,,买入,,
300482.SZ,万孚生物,20200330,万孚生物：1季报继续保持快速增长，看好公司未来成长空间,点评,一般报告,华西证券,崔文亮,2020Q4,269400.0,,69700.0,53600.0,1.56,50.74,,19.4,,买入,,
300482.SZ,万孚生物,20200330,万孚生物：1季报继续保持快速增长，看好公司未来成长空间,点评,一般报告,华西证券,崔文亮,2019Q4,207200.0,,50300.0,38700.0,1.13,70.21,,17.4,,买入,,
002299.SZ,圣农发展,20200330,圣农发展2019年年报点评：收入业绩符合预期，肉制品业务增长亮眼,一般,首份报告,西部证券,"刘菲,刘丛丛",2022Q4,1701000.0,,300800.0,287200.0,2.31,9.9,,14.9,,买入,,
600688.SH,上海石化,20200330,上海石化深度报告：触底、公司业绩有望反转油价,深度,首次关注,川财证券,白竣天,2022Q4,10700000.0,,409500.0,333700.0,0.31,12.65,,8.9,4.0,增持,,
600688.SH,上海石化,20200330,上海石化深度报告：触底、公司业绩有望反转油价,深度,首次关注,川财证券,白竣天,2020Q4,8500000.0,,361900.0,292400.0,0.27,14.44,,8.9,4.0,增持,,
600600.SH,青岛啤酒,20200330,青岛啤酒年报点评：高端化进程持续推进，股权激励未来可期,点评,首份报告,太平洋证券,"黄付生,蔡雪昱,李鑫鑫",2022Q4,3109900.0,,,261800.0,1.94,,,,,增持,,52.0
600600.SH,青岛啤酒,20200330,青岛啤酒年报点评：高端化进程持续推进，股权激励未来可期,点评,首份报告,太平洋证券,"黄付生,蔡雪昱,李鑫鑫",2021Q4,2961800.0,,,229800.0,1.7,,,,,增持,,52.0
600600.SH,青岛啤酒,20200330,青岛啤酒年报点评：高端化进程持续推进，股权激励未来可期,点评,首份报告,太平洋证券,"黄付生,蔡雪昱,李鑫鑫",2020Q4,2742400.0,,,190000.0,1.41,,,,,增持,,52.0
600688.SH,上海石化,20200330,上海石化深度报告：触底、公司业绩有望反转油价,深度,首次关注,川财证券,白竣天,2021Q4,9700000.0,,395200.0,321200.0,0.3,13.14,,9.2,4.0,增持,,
600009.SH,上海机场,20200330,上海机场：短期业绩承压，但长期投资价值突出,点评,一般报告,财信证券,黄红卫,2022Q4,1408900.0,,,637900.0,3.31,18.76,,,,谨慎推荐,,
600009.SH,上海机场,20200330,上海机场：短期业绩承压，但长期投资价值突出,点评,一般报告,财信证券,黄红卫,2021Q4,1263600.0,,,559700.0,2.9,21.38,,,,谨慎推荐,,
600009.SH,上海机场,20200330,上海机场：短期业绩承压，但长期投资价值突出,点评,一般报告,财信证券,黄红卫,2020Q4,911700.0,,,300500.0,1.56,39.82,,,,谨慎推荐,,
603993.SH,洛阳钼业,20200330,洛阳钼业：钴跌价致利润大幅回落，但仍具强抗风险能力___洛阳钼业跟踪点评,点评,首份报告,太平洋证券,杨坤河,2022Q4,13206700.0,,506900.0,340200.0,0.16,22.03,,7.35,5.77,增持,,4.43
603993.SH,洛阳钼业,20200330,洛阳钼业：钴跌价致利润大幅回落，但仍具强抗风险能力___洛阳钼业跟踪点评,点评,首份报告,太平洋证券,杨坤河,2021Q4,12447300.0,,397100.0,281500.0,0.13,26.63,,6.4,6.79,增持,,4.43
603993.SH,洛阳钼业,20200330,洛阳钼业：钴跌价致利润大幅回落，但仍具强抗风险能力___洛阳钼业跟踪点评,点评,首份报告,太平洋证券,杨坤河,2020Q4,11717000.0,,244900.0,191500.0,0.09,39.14,,4.53,8.56,增持,,4.43
603516.SH,淳中科技,20200330,淳中科技：业绩符合预期，充分受益高清视频产业加速发展,一般,一般报告,东兴证券,"王健辉,叶盛,陈晓博",2022Q4,99411.0,,32800.0,29816.0,2.237,19.27,,23.79,15.42,强烈推荐,,
603516.SH,淳中科技,20200330,淳中科技：业绩符合预期，充分受益高清视频产业加速发展,一般,一般报告,东兴证券,"王健辉,叶盛,陈晓博",2021Q4,72700.0,,24200.0,21976.0,1.649,26.14,,20.57,21.22,强烈推荐,,
600588.SH,用友网络,20200330,用友网络：云收入逆势高增，转型发展再提速,点评,一般报告,国金证券,"罗露,孟林",2021Q4,1242000.0,829700.0,194400.0,149900.0,0.599,70.17,,16.53,,买入,,49.12
002299.SZ,圣农发展,20200330,圣农发展2019年年报点评：收入业绩符合预期，肉制品业务增长亮眼,一般,首份报告,西部证券,"刘菲,刘丛丛",2021Q4,1651900.0,,322200.0,309900.0,2.49,9.2,,19.1,,买入,,
002299.SZ,圣农发展,20200330,圣农发展2019年年报点评：收入业绩符合预期，肉制品业务增长亮眼,一般,首份报告,西部证券,"刘菲,刘丛丛",2020Q4,1684500.0,,425500.0,412200.0,3.31,6.9,,32.7,,买入,,
600600.SH,青岛啤酒,20200330,青岛啤酒2019年报点评：产品优化促盈利增长，20年疫情冲击下业绩承压,点评,首次评级,东莞证券,黄秀瑜,2020Q4,2660284.0,,264191.0,187311.0,1.39,32.0,,,,中性,,
600600.SH,青岛啤酒,20200330,青岛啤酒2019年年报点评：结构升级卓有成效，多举措促经营恢复,点评,一般报告,国信证券,"陈梦瑶,郭尉",2022Q4,3272900.0,,420400.0,282400.0,2.09,21.27,2.0,12.1,16.0,买入,58.5,53.9
600600.SH,青岛啤酒,20200330,青岛啤酒2019年年报点评：结构升级卓有成效，多举措促经营恢复,点评,一般报告,国信证券,"陈梦瑶,郭尉",2021Q4,3074600.0,,362800.0,243700.0,1.8,24.64,1.7,11.2,17.9,买入,58.5,53.9
600600.SH,青岛啤酒,20200330,青岛啤酒2019年年报点评：结构升级卓有成效，多举措促经营恢复,点评,一般报告,国信证券,"陈梦瑶,郭尉",2020Q4,2858000.0,,308900.0,207500.0,1.54,28.94,1.5,10.2,20.2,买入,58.5,53.9
600588.SH,用友网络,20200330,用友网络2019年报点评：云服务业务持续高增长，进入新战略发展阶段,点评,一般报告,国信证券,"熊莉,于威业",2022Q4,1399960.0,,210900.0,177730.0,0.71,59.2,1.1,20.8,54.0,买入,,
600588.SH,用友网络,20200330,用友网络2019年报点评：云服务业务持续高增长，进入新战略发展阶段,点评,一般报告,国信证券,"熊莉,于威业",2021Q4,1183490.0,,164300.0,138430.0,0.55,76.0,0.9,17.4,66.2,买入,,
600588.SH,用友网络,20200330,用友网络2019年报点评：云服务业务持续高增长，进入新战略发展阶段,点评,一般报告,国信证券,"熊莉,于威业",2020Q4,1002530.0,,127200.0,107150.0,0.43,98.2,0.7,14.2,81.1,买入,,
600426.SH,华鲁恒升,20200330,华鲁恒升年报点评：行业景气下行导致业绩下滑，公司综合成本优势凸显,点评,一般报告,中原证券,顾敏豪,2022Q4,1627800.0,,356600.0,302100.0,1.86,8.3,,14.3,3.9,买入,,
600426.SH,华鲁恒升,20200330,华鲁恒升年报点评：行业景气下行导致业绩下滑，公司综合成本优势凸显,点评,一般报告,中原证券,顾敏豪,2021Q4,1550300.0,,331200.0,280800.0,1.73,8.9,,15.2,4.7,买入,,
600600.SH,青岛啤酒,20200330,青岛啤酒2019年报点评：产品优化促盈利增长，20年疫情冲击下业绩承压,点评,首次评级,东莞证券,黄秀瑜,2021Q4,2897232.0,,307501.0,218018.0,1.61,28.0,,,,中性,,
600426.SH,华鲁恒升,20200330,华鲁恒升年报点评：行业景气下行导致业绩下滑，公司综合成本优势凸显,点评,一般报告,中原证券,顾敏豪,2020Q4,1348100.0,,281800.0,238900.0,1.47,10.5,,14.9,5.8,买入,,
300788.SZ,中信出版,20200330,中信出版2019年年报点评：不惧短期波动，看好公司长期价值,一般,首次关注,国信证券,"张衡,夏妍",2021Q4,275464.0,,31500.0,32500.0,1.71,24.3,1.2,15.4,32.7,增持,,
300788.SZ,中信出版,20200330,中信出版2019年年报点评：不惧短期波动，看好公司长期价值,一般,首次关注,国信证券,"张衡,夏妍",2020Q4,229472.0,,25400.0,26200.0,1.38,30.1,1.0,13.9,40.4,增持,,
300674.SZ,宇信科技,20200330,宇信科技：创新业务带动毛利提升，一季度业绩快速增长,点评,一般报告,安信证券,"胡又文,陈冠呈",2022Q4,472980.0,,57700.0,54480.0,1.36,24.5,0.4,17.6,18.6,买入,,40.0
300674.SZ,宇信科技,20200330,宇信科技：创新业务带动毛利提升，一季度业绩快速增长,点评,一般报告,安信证券,"胡又文,陈冠呈",2021Q4,395360.0,,48700.0,46050.0,1.15,29.0,0.6,17.6,22.6,买入,,40.0
300674.SZ,宇信科技,20200330,宇信科技：创新业务带动毛利提升，一季度业绩快速增长,点评,一般报告,安信证券,"胡又文,陈冠呈",2020Q4,326580.0,,38700.0,36480.0,0.91,36.6,0.4,16.3,28.5,买入,,40.0
300674.SZ,宇信科技,20200330,宇信科技：创新业务带动毛利提升，一季度业绩快速增长,点评,一般报告,安信证券,"胡又文,陈冠呈",2019Q4,265170.0,,28910.0,27420.0,0.69,48.7,0.0,14.3,16.3,买入,,40.0
002465.SZ,海格通信,20200330,海格通信：业绩符合预期，北斗和卫星推动业务成长,一般,一般报告,华西证券,"熊军,宋辉,柳珏廷",2022Q4,798300.0,,134800.0,118000.0,0.51,21.87,,9.5,,买入,,
002465.SZ,海格通信,20200330,海格通信：业绩符合预期，北斗和卫星推动业务成长,一般,一般报告,华西证券,"熊军,宋辉,柳珏廷",2021Q4,665500.0,,105700.0,92400.0,0.4,27.92,,8.2,,买入,,
300788.SZ,中信出版,20200330,中信出版2019年年报点评：不惧短期波动，看好公司长期价值,一般,首次关注,国信证券,"张衡,夏妍",2022Q4,333090.0,,39300.0,40500.0,2.13,19.5,1.5,16.9,27.3,增持,,
002465.SZ,海格通信,20200330,海格通信：业绩符合预期，北斗和卫星推动业务成长,一般,一般报告,华西证券,"熊军,宋辉,柳珏廷",2020Q4,560600.0,,80300.0,70500.0,0.31,36.6,,6.8,,买入,,
000998.SZ,隆平高科,20200330,隆平高科：周期拐点渐现，种业龙头强者恒强,深度,首次关注,华西证券,周莎,2020Q4,396875.0,,73189.0,61813.0,0.47,35.22,,10.06,,买入,,23.6
000998.SZ,隆平高科,20200330,隆平高科：周期拐点渐现，种业龙头强者恒强,深度,首次关注,华西证券,周莎,2019Q4,335711.0,,-21332.0,-18275.0,-0.14,,,-3.01,,买入,,23.6
000887.SZ,中鼎股份,20200330,中鼎股份：海外并购收获时，布局新能拓新途,深度,首次关注,财通证券,"吴鹏,彭勇",2021Q4,1119000.0,,103700.0,83300.0,0.68,13.5,1.6,8.2,8.2,增持,,10.2
000887.SZ,中鼎股份,20200330,中鼎股份：海外并购收获时，布局新能拓新途,深度,首次关注,财通证券,"吴鹏,彭勇",2020Q4,993000.0,,83500.0,67400.0,0.55,16.7,1.3,7.1,8.0,增持,,10.2
603799.SH,华友钴业,20200330,华友钴业：钴价下降拖累业绩，铜业务超预期,点评,一般报告,华金证券,"肖索,宇文甸",2022Q4,3199300.0,,226800.0,169700.0,1.52,19.3,,13.0,12.7,买入,,
603799.SH,华友钴业,20200330,华友钴业：钴价下降拖累业绩，铜业务超预期,点评,一般报告,华金证券,"肖索,宇文甸",2021Q4,2569600.0,,151200.0,113100.0,1.02,29.0,,10.0,16.5,买入,,
603799.SH,华友钴业,20200330,华友钴业：钴价下降拖累业绩，铜业务超预期,点评,一般报告,华金证券,"肖索,宇文甸",2020Q4,2056000.0,,79100.0,59900.0,0.54,54.8,,5.8,25.7,买入,,
603369.SH,今世缘,20200330,今世缘：省内精耕助力国缘高增长，省外开拓稳步推进,深度,首次关注,川财证券,"欧阳宇剑,郭晓东",2021Q4,721438.0,,291000.0,218242.0,1.7,16.4,,21.8,,增持,,
603369.SH,今世缘,20200330,今世缘：省内精耕助力国缘高增长，省外开拓稳步推进,深度,首次关注,川财证券,"欧阳宇剑,郭晓东",2020Q4,583621.0,,234120.0,175585.0,1.4,20.4,,20.8,,增持,,
603369.SH,今世缘,20200330,今世缘：省内精耕助力国缘高增长，省外开拓稳步推进,深度,首次关注,川财证券,"欧阳宇剑,郭晓东",2019Q4,486302.0,,192720.0,144538.0,1.1522,24.7,,20.2,,增持,,
600588.SH,用友网络,20200330,用友网络：云收入逆势高增，转型发展再提速,点评,一般报告,国金证券,"罗露,孟林",2022Q4,1518800.0,1025200.0,276700.0,216500.0,0.865,48.58,,20.6,,买入,,49.12
002129.SZ,中环股份,20200330,中环股份：半导体持续突破，光伏大硅片引领行业进步,点评,一般报告,东兴证券,"郑丹丹,李远山,张阳",2020Q4,2066959.0,,195400.0,133400.0,0.48,31.7,,9.41,9.16,强烈推荐,,
000998.SZ,隆平高科,20200330,隆平高科：周期拐点渐现，种业龙头强者恒强,深度,首次关注,华西证券,周莎,2021Q4,482469.0,,91867.0,77915.0,0.59,27.94,,12.32,,买入,,23.6
603516.SH,淳中科技,20200330,淳中科技：业绩符合预期，充分受益高清视频产业加速发展,一般,一般报告,东兴证券,"王健辉,叶盛,陈晓博",2020Q4,51051.0,,17500.0,15916.0,1.194,36.1,,17.12,30.24,强烈推荐,,
002129.SZ,中环股份,20200330,中环股份：半导体持续突破，光伏大硅片引领行业进步,点评,一般报告,东兴证券,"郑丹丹,李远山,张阳",2022Q4,2916000.0,,328700.0,245500.0,0.88,17.22,,17.44,6.14,强烈推荐,,
002129.SZ,中环股份,20200330,中环股份：半导体持续突破，光伏大硅片引领行业进步,点评,一般报告,东兴证券,"郑丹丹,李远山,张阳",2021Q4,2465614.0,,274200.0,206700.0,0.74,20.45,,14.63,7.32,强烈推荐,,
000887.SZ,中鼎股份,20200330,中鼎股份：海外并购收获时，布局新能拓新途,深度,首次关注,财通证券,"吴鹏,彭勇",2019Q4,1152000.0,,90600.0,72900.0,0.6,15.4,1.4,8.2,9.4,增持,,10.2
600132.SH,重庆啤酒,20200330,重庆啤酒重大事件快评：资产注入承诺兑现加速，看好资源整合优势,点评,一般报告,国信证券,"陈梦瑶,郭尉",2019Q4,360400.0,,71700.0,62400.0,1.29,35.2,2.6,52.0,35.9,买入,59.0,56.6
002364.SZ,中恒电气,20200330,中恒电气：疫情影响短期业绩承压，持续看好全年增长,点评,一般报告,华西证券,宋辉,2021Q4,220880.0,,19989.0,18689.0,0.33,39.11,,7.13,,增持,,
002364.SZ,中恒电气,20200330,中恒电气：疫情影响短期业绩承压，持续看好全年增长,点评,一般报告,华西证券,宋辉,2020Q4,172650.0,,15172.0,14322.0,0.25,51.04,,5.88,,增持,,
002364.SZ,中恒电气,20200330,中恒电气：疫情影响短期业绩承压，持续看好全年增长,点评,一般报告,华西证券,宋辉,2019Q4,115763.0,,8167.0,7777.0,0.14,93.99,,3.4,,增持,,
000089.SZ,深圳机场,20200330,深圳机场：2019年国际旅客增速较快，但广告业务拖累业绩,点评,首次关注,财信证券,黄红卫,2021Q4,440980.0,,,63140.0,0.31,24.98,,,,谨慎推荐,,
000089.SZ,深圳机场,20200330,深圳机场：2019年国际旅客增速较快，但广告业务拖累业绩,点评,首次关注,财信证券,黄红卫,2020Q4,283588.0,,,30886.0,0.15,51.06,,,,谨慎推荐,,
300759.SZ,康龙化成,20200330,康龙化成年报点评：盈利能力不断提升，业务协同性显著,点评,首份报告,国元证券,"常启辉,刘慧敏,汤芬芬",2022Q4,751650.0,,159998.0,138627.0,1.75,33.14,,12.82,20.73,增持,,
300759.SZ,康龙化成,20200330,康龙化成年报点评：盈利能力不断提升，业务协同性显著,点评,首份报告,国元证券,"常启辉,刘慧敏,汤芬芬",2021Q4,602664.0,,121705.0,105425.0,1.33,43.58,,11.05,26.01,增持,,
300759.SZ,康龙化成,20200330,康龙化成年报点评：盈利能力不断提升，业务协同性显著,点评,首份报告,国元证券,"常启辉,刘慧敏,汤芬芬",2020Q4,477744.0,,89227.0,77344.0,0.97,59.4,,8.99,33.51,增持,,
000089.SZ,深圳机场,20200330,深圳机场：2019年国际旅客增速较快，但广告业务拖累业绩,点评,首次关注,财信证券,黄红卫,2022Q4,465234.0,,,67379.0,0.33,23.41,,,,谨慎推荐,,
601601.SH,中国太保,20200330,中国太保：个险渠道产能承压，EV持续稳定增长。,点评,一般报告,中银国际,兰晓飞,2022Q4,53187500.0,,5911200.0,3965100.0,4.376,,,,,增持,,
601601.SH,中国太保,20200330,中国太保：个险渠道产能承压，EV持续稳定增长。,点评,一般报告,中银国际,兰晓飞,2021Q4,46656800.0,,8810100.0,3269100.0,3.6,,,,,增持,,
601601.SH,中国太保,20200330,中国太保：个险渠道产能承压，EV持续稳定增长。,点评,一般报告,中银国际,兰晓飞,2020Q4,42244200.0,,1913900.0,2956000.0,3.3,,,,,增持,,
600958.SH,东方证券,20200330,东方证券2019年年报点评：业绩大增，大资管业务持续领跑,点评,一般报告,国信证券,"王剑,李锦儿",2022Q4,3540000.0,,522000.0,444900.0,0.636,15.9,,7.4,,增持,,
600958.SH,东方证券,20200330,东方证券2019年年报点评：业绩大增，大资管业务持续领跑,点评,一般报告,国信证券,"王剑,李锦儿",2021Q4,2897100.0,,429000.0,365700.0,0.523,19.4,,6.4,,增持,,
600958.SH,东方证券,20200330,东方证券2019年年报点评：业绩大增，大资管业务持续领跑,点评,一般报告,国信证券,"王剑,李锦儿",2020Q4,2359900.0,,351000.0,299500.0,0.428,23.6,,5.4,,增持,,
600660.SH,福耀玻璃,20200330,福耀玻璃2019年业绩快报点评：Q4营收提速，利润受一次性费用影响低于预期,点评,一般报告,国信证券,"梁超,唐旭霞",2021Q4,2383259.0,,425000.0,358100.0,1.43,13.7,4.4,14.9,11.0,增持,,
600660.SH,福耀玻璃,20200330,福耀玻璃2019年业绩快报点评：Q4营收提速，利润受一次性费用影响低于预期,点评,一般报告,国信证券,"梁超,唐旭霞",2020Q4,2103190.0,,356700.0,300600.0,1.2,16.3,3.7,13.3,12.5,增持,,
600660.SH,福耀玻璃,20200330,福耀玻璃2019年业绩快报点评：Q4营收提速，利润受一次性费用影响低于预期,点评,一般报告,国信证券,"梁超,唐旭霞",2019Q4,2110507.0,,343900.0,289800.0,1.16,16.9,3.5,13.6,12.7,增持,,
600588.SH,用友网络,20200330,用友网络2019年年报点评：云业务持续高速增长，长足发展值得期待,点评,一般报告,东莞证券,"魏红梅,罗炜斌",2022Q4,1419544.0,,189818.0,163941.0,0.65,64.16,,,,推荐,,
600588.SH,用友网络,20200330,用友网络2019年年报点评：云业务持续高速增长，长足发展值得期待,点评,一般报告,东莞证券,"魏红梅,罗炜斌",2020Q4,1037072.0,,128891.0,104268.0,0.42,100.88,,,,推荐,,
300751.SZ,迈为股份,20200330,迈为股份：在手订单充足，有望继续高增长,点评,首次关注,华金证券,"肖索,宇文甸",2022Q4,381200.0,,77800.0,66300.0,12.76,12.1,,24.2,8.0,买入,,
300751.SZ,迈为股份,20200330,迈为股份：在手订单充足，有望继续高增长,点评,首次关注,华金证券,"肖索,宇文甸",2021Q4,303700.0,,60000.0,50900.0,9.8,15.7,,23.9,11.3,买入,,
300751.SZ,迈为股份,20200330,迈为股份：在手订单充足，有望继续高增长,点评,首次关注,华金证券,"肖索,宇文甸",2020Q4,216300.0,,41000.0,35000.0,6.73,22.9,,20.9,17.6,买入,,
000902.SZ,新洋丰,20200330,新洋丰重大事件快评：拟投建30万吨合成氨技改项目，强化一体化优势,点评,首次评级,国信证券,商艾华,2020Q4,1031000.0,,106400.0,84200.0,0.645,12.5,2.4,12.0,9.7,买入,,
000902.SZ,新洋丰,20200330,新洋丰重大事件快评：拟投建30万吨合成氨技改项目，强化一体化优势,点评,首次评级,国信证券,商艾华,2019Q4,948900.0,,85500.0,67700.0,0.519,15.5,1.9,10.0,11.1,买入,,
000063.SZ,中兴通讯,20200330,中兴通讯2019年度报告点评：运营商网络业务持续发力，定增助力5G发展征程,点评,一般报告,东莞证券,"魏红梅,邵梓朗",2022Q4,14758777.0,,1287880.0,1064576.0,2.31,,,,,谨慎推荐,,
000063.SZ,中兴通讯,20200330,中兴通讯2019年度报告点评：运营商网络业务持续发力，定增助力5G发展征程,点评,一般报告,东莞证券,"魏红梅,邵梓朗",2021Q4,13051550.0,,977765.0,807729.0,1.75,25.0,,,,谨慎推荐,,
000063.SZ,中兴通讯,20200330,中兴通讯2019年度报告点评：运营商网络业务持续发力，定增助力5G发展征程,点评,一般报告,东莞证券,"魏红梅,邵梓朗",2020Q4,10525444.0,,756516.0,623943.0,1.35,32.0,,,,谨慎推荐,,
002129.SZ,中环股份,20200330,中环股份：盈利持续改善，210大硅片有望放量,点评,首次关注,华金证券,"肖索,宇文甸",2022Q4,3666600.0,,438100.0,271700.0,0.98,15.6,,12.9,9.3,买入,,
002129.SZ,中环股份,20200330,中环股份：盈利持续改善，210大硅片有望放量,点评,首次关注,华金证券,"肖索,宇文甸",2021Q4,3002200.0,,351700.0,218100.0,0.78,19.4,,11.9,11.1,买入,,
002129.SZ,中环股份,20200330,中环股份：盈利持续改善，210大硅片有望放量,点评,首次关注,华金证券,"肖索,宇文甸",2020Q4,2324600.0,,258200.0,160100.0,0.57,26.4,,9.8,13.7,买入,,
603259.SH,药明康德,20200330,药明康德2019年年报点评：收入增长提速，龙头地位显著,一般,首份报告,国信证券,"陈益凌,谢长雁,李虹达",2022Q4,2839000.0,1126900.0,609600.0,500500.0,3.03,30.8,1.3,20.5,24.9,买入,127.0,115.0
603259.SH,药明康德,20200330,药明康德2019年年报点评：收入增长提速，龙头地位显著,一般,首份报告,国信证券,"陈益凌,谢长雁,李虹达",2021Q4,2221700.0,872800.0,466000.0,382600.0,2.32,40.3,1.0,17.9,31.7,买入,127.0,115.0
603259.SH,药明康德,20200330,药明康德2019年年报点评：收入增长提速，龙头地位显著,一般,首份报告,国信证券,"陈益凌,谢长雁,李虹达",2020Q4,1704400.0,665800.0,353800.0,290500.0,1.76,53.0,0.7,15.2,41.3,买入,127.0,115.0
600201.SH,生物股份,20200330,生物股份2019年年度报告点评：生猪补栏回升，业绩有望迎来拐点,点评,一般报告,东莞证券,"魏红梅,雷国轩",2021Q4,220800.0,,102600.0,90300.0,0.8,25.9,,,,推荐,,
600201.SH,生物股份,20200330,生物股份2019年年度报告点评：生猪补栏回升，业绩有望迎来拐点,点评,一般报告,东莞证券,"魏红梅,雷国轩",2020Q4,157700.0,,61500.0,55300.0,0.49,42.2,,,,推荐,,
000902.SZ,新洋丰,20200330,新洋丰重大事件快评：拟投建30万吨合成氨技改项目，强化一体化优势,点评,首次评级,国信证券,商艾华,2021Q4,1200300.0,,131000.0,103600.0,0.794,10.1,3.0,13.0,8.4,买入,,
600588.SH,用友网络,20200330,用友网络2019年年报点评：云业务持续高速增长，长足发展值得期待,点评,一般报告,东莞证券,"魏红梅,罗炜斌",2021Q4,1223745.0,,159301.0,134248.0,0.54,78.35,,,,推荐,,
600132.SH,重庆啤酒,20200330,重庆啤酒重大事件快评：资产注入承诺兑现加速，看好资源整合优势,点评,一般报告,国信证券,"陈梦瑶,郭尉",2021Q4,415700.0,,75900.0,66000.0,1.36,33.4,2.7,50.0,27.9,买入,59.0,56.6
600132.SH,重庆啤酒,20200330,重庆啤酒重大事件快评：资产注入承诺兑现加速，看好资源整合优势,点评,一般报告,国信证券,"陈梦瑶,郭尉",2020Q4,385200.0,,65700.0,57200.0,1.18,38.5,2.4,45.0,31.7,买入,59.0,56.6
600132.SH,重庆啤酒,20200330,重庆啤酒：大股东解决同业竞争，拟注入资产较为优质,点评,首份报告,太平洋证券,"黄付生,蔡雪昱,孟斯硕",2021Q4,406708.0,,,66247.0,1.37,,,,,买入,,52.03
600132.SH,重庆啤酒,20200330,重庆啤酒：大股东解决同业竞争，拟注入资产较为优质,点评,首份报告,太平洋证券,"黄付生,蔡雪昱,孟斯硕",2020Q4,381885.0,,,58626.0,1.21,,,,,买入,,52.03
600132.SH,重庆啤酒,20200330,重庆啤酒：大股东解决同业竞争，拟注入资产较为优质,点评,首份报告,太平洋证券,"黄付生,蔡雪昱,孟斯硕",2019Q4,360950.0,,,61809.0,1.28,,,,,买入,,52.03
002396.SZ,星网锐捷,20200330,星网锐捷2019年年报点评：产品结构优化，交换机＋云桌面前景广阔,一般,一般报告,国信证券,"程成,陈彤",2022Q4,1348700.0,,148900.0,102516.0,1.76,22.2,1.8,17.7,17.5,买入,,
002396.SZ,星网锐捷,20200330,星网锐捷2019年年报点评：产品结构优化，交换机＋云桌面前景广阔,一般,一般报告,国信证券,"程成,陈彤",2020Q4,1063300.0,,107000.0,73634.0,1.26,31.0,1.3,15.8,23.9,买入,,
603993.SH,洛阳钼业,20200330,洛阳钼业：铜钴板块拖累业绩，静待行业复苏,点评,首次关注,华金证券,杨立宏,2022Q4,8493900.0,,242200.0,180700.0,0.0837,41.5,,3.8,13.2,增持,,
603993.SH,洛阳钼业,20200330,洛阳钼业：铜钴板块拖累业绩，静待行业复苏,点评,首次关注,华金证券,杨立宏,2021Q4,7864100.0,,241700.0,180400.0,0.0835,41.6,,3.8,15.4,增持,,
603993.SH,洛阳钼业,20200330,洛阳钼业：铜钴板块拖累业绩，静待行业复苏,点评,首次关注,华金证券,杨立宏,2020Q4,7490300.0,,243900.0,182000.0,0.0843,41.2,,3.9,13.2,增持,,
600804.SH,鹏博士,20200330,鹏博士跟踪报告：“新基建”带来公司IDC业务发展新契机,点评,首份报告,渤海证券,徐勇,2019Q4,548774.0,,-517960.0,-523648.0,-3.66,,0.0,-314.93,,增持,,
002436.SZ,兴森科技,20200330,兴森科技：受益5G与国产替代，持续看好业绩稳健增长,一般,一般报告,东吴证券,"侯宾,姚久花",2022Q4,543200.0,,84500.0,68600.0,0.46,23.89,,16.2,15.15,买入,,
002436.SZ,兴森科技,20200330,兴森科技：受益5G与国产替代，持续看好业绩稳健增长,一般,一般报告,东吴证券,"侯宾,姚久花",2021Q4,478800.0,,64200.0,52200.0,0.35,31.38,,14.6,19.47,买入,,
002436.SZ,兴森科技,20200330,兴森科技：受益5G与国产替代，持续看好业绩稳健增长,一般,一般报告,东吴证券,"侯宾,姚久花",2020Q4,424300.0,,48900.0,39500.0,0.27,41.47,,12.9,24.74,买入,,
002436.SZ,兴森科技,20200330,兴森科技：受益5G与国产替代，持续看好业绩稳健增长,一般,一般报告,东吴证券,"侯宾,姚久花",2019Q4,380400.0,,35400.0,29200.0,0.2,56.17,,10.9,28.0,买入,,
000338.SZ,潍柴动力,20200330,潍柴动力年报点评：Q4业绩走弱，未来稳健增长趋势不改,点评,一般报告,渤海证券,"郑连声,陈兰芳",2022Q4,22717000.0,,1886100.0,1235000.0,1.56,7.7,2.5,11.5,3.0,增持,,
000338.SZ,潍柴动力,20200330,潍柴动力年报点评：Q4业绩走弱，未来稳健增长趋势不改,点评,一般报告,渤海证券,"郑连声,陈兰芳",2021Q4,20542100.0,,1666200.0,1091000.0,1.38,8.76,2.5,11.7,4.2,增持,,
000338.SZ,潍柴动力,20200330,潍柴动力年报点评：Q4业绩走弱，未来稳健增长趋势不改,点评,一般报告,渤海证券,"郑连声,陈兰芳",2020Q4,18761000.0,,1521200.0,996000.0,1.26,9.6,0.0,12.2,5.0,增持,,
600804.SH,鹏博士,20200330,鹏博士跟踪报告：“新基建”带来公司IDC业务发展新契机,点评,首份报告,渤海证券,徐勇,2021Q4,332008.0,,59819.0,51405.0,0.36,20.56,2.06,23.83,3.42,增持,,
600804.SH,鹏博士,20200330,鹏博士跟踪报告：“新基建”带来公司IDC业务发展新契机,点评,首份报告,渤海证券,徐勇,2020Q4,301826.0,,40221.0,34564.0,0.24,30.58,1.39,18.57,5.15,增持,,
603214.SH,爱婴室,20200330,爱婴室2019年年报点评：展店加速业绩稳步增长，全渠道战略持续推进,一般,一般报告,国信证券,"张峻豪,曾光,冯思捷",2022Q4,411310.0,,45500.0,30970.0,3.04,13.6,2.2,20.3,11.5,增持,,
603214.SH,爱婴室,20200330,爱婴室2019年年报点评：展店加速业绩稳步增长，全渠道战略持续推进,一般,一般报告,国信证券,"张峻豪,曾光,冯思捷",2021Q4,353420.0,,35800.0,24390.0,2.39,17.3,1.7,18.7,14.4,增持,,
603214.SH,爱婴室,20200330,爱婴室2019年年报点评：展店加速业绩稳步增长，全渠道战略持续推进,一般,一般报告,国信证券,"张峻豪,曾光,冯思捷",2020Q4,281340.0,,25500.0,17350.0,1.7,24.3,1.2,15.3,20.2,增持,,
601330.SH,绿色动力,20200330,绿色动力：投建步伐继续加快，公司迎来黄金发展期,一般,首次关注,华西证券,晏溶,2022Q4,303034.0,,87300.0,77000.0,0.66,14.42,,14.6,,买入,,13.8
601330.SH,绿色动力,20200330,绿色动力：投建步伐继续加快，公司迎来黄金发展期,一般,首次关注,华西证券,晏溶,2021Q4,260504.0,,75400.0,66800.0,0.58,16.64,,14.8,,买入,,13.8
002396.SZ,星网锐捷,20200330,星网锐捷2019年年报点评：产品结构优化，交换机＋云桌面前景广阔,一般,一般报告,国信证券,"程成,陈彤",2021Q4,1213600.0,,126400.0,87023.0,1.49,26.2,1.5,16.8,20.3,买入,,
601330.SH,绿色动力,20200330,绿色动力：投建步伐继续加快，公司迎来黄金发展期,一般,首次关注,华西证券,晏溶,2020Q4,218466.0,,61300.0,53900.0,0.46,20.62,,14.1,,买入,,13.8
002013.SZ,中航机电,20200330,中航机电：“三个大体相当”打开成长天花板，资本运作潜力等待释放,点评,一般报告,招商证券,"王超,岑晓翔",2021Q4,1479700.0,,175500.0,134500.0,0.37,18.9,,11.5,14.0,强烈推荐,,
300003.SZ,乐普医疗,20200330,乐普医疗：年报业绩符合预期，一季报预告略低于预期,点评,一般报告,方正证券,"周小刚,张林飞",2020Q4,868942.0,,259327.0,216660.0,1.22,32.46,,26.0,0.62,强烈推荐,,
300003.SZ,乐普医疗,20200330,乐普医疗：年报业绩符合预期，一季报预告略低于预期,点评,一般报告,方正证券,"周小刚,张林飞",2019Q4,779553.0,,206326.0,172531.0,0.97,40.76,,23.0,28.8,强烈推荐,,
002013.SZ,中航机电,20200330,中航机电：“三个大体相当”打开成长天花板，资本运作潜力等待释放,点评,一般报告,招商证券,"王超,岑晓翔",2022Q4,1681900.0,,207700.0,158800.0,0.44,16.0,,12.2,12.7,强烈推荐,,
002013.SZ,中航机电,20200330,中航机电：“三个大体相当”打开成长天花板，资本运作潜力等待释放,点评,一般报告,招商证券,"王超,岑晓翔",2020Q4,1302400.0,,144100.0,111000.0,0.31,22.9,,10.4,15.4,强烈推荐,,
002013.SZ,中航机电,20200330,中航机电：“三个大体相当”打开成长天花板，资本运作潜力等待释放,点评,一般报告,招商证券,"王超,岑晓翔",2019Q4,1213100.0,,124500.0,96100.0,0.27,26.4,,9.9,17.8,强烈推荐,,
601939.SH,建设银行,20200330,建设银行2019年报点评：大零售优势明显，盈利能力强,点评,一般报告,国信证券,"王剑,田维韦,陈俊良",2022Q4,87604300.0,,39418300.0,32246700.0,1.29,4.7,6.0,11.5,,买入,,
601939.SH,建设银行,20200330,建设银行2019年报点评：大零售优势明显，盈利能力强,点评,一般报告,国信证券,"王剑,田维韦,陈俊良",2021Q4,81201300.0,,36824200.0,30108200.0,1.204,5.0,5.6,11.7,,买入,,
601939.SH,建设银行,20200330,建设银行2019年报点评：大零售优势明显，盈利能力强,点评,一般报告,国信证券,"王剑,田维韦,陈俊良",2020Q4,75329000.0,,34570100.0,28250000.0,1.13,5.3,5.2,12.1,,买入,,
601088.SH,中国神华,20200330,中国神华：一体化经营业绩趋稳，高股息重塑价值,一般,首次评级,平安证券,"陈建文,樊金璐",2022Q4,23845355.0,,6915500.0,4428200.0,2.23,7.4,,10.7,2.5,推荐,,
601088.SH,中国神华,20200330,中国神华：一体化经营业绩趋稳，高股息重塑价值,一般,首次评级,平安证券,"陈建文,樊金璐",2021Q4,23716241.0,,6788000.0,4319000.0,2.17,7.6,,11.1,3.0,推荐,,
601088.SH,中国神华,20200330,中国神华：一体化经营业绩趋稳，高股息重塑价值,一般,首次评级,平安证券,"陈建文,樊金璐",2020Q4,22906491.0,,6163200.0,3918800.0,1.97,8.4,,10.8,4.1,推荐,,
603916.SH,苏博特,20200330,苏博特：受益基建发力和原材料跌价，减水剂龙头进入高速发展期,深度,首次关注,申万宏源证券,"李楠竹,宋涛,马昕晔",2020Q4,351300.0,,59500.0,45000.0,1.45,13.4,,15.5,9.1,增持,,
603916.SH,苏博特,20200330,苏博特：受益基建发力和原材料跌价，减水剂龙头进入高速发展期,深度,首次关注,申万宏源证券,"李楠竹,宋涛,马昕晔",2019Q4,292800.0,,47300.0,35000.0,1.13,17.2,,14.3,11.6,增持,,
603678.SH,火炬电子,20200330,火炬电子：MLCC与特种陶瓷双驱动，迎国产替代机遇,深度,首次关注,申万宏源证券,"韩强,王加煨,王贺嘉,高晗",2022Q4,418600.0,153623.0,98700.0,80400.0,1.78,12.0,,15.96,9.0,买入,,
603678.SH,火炬电子,20200330,火炬电子：MLCC与特种陶瓷双驱动，迎国产替代机遇,深度,首次关注,申万宏源证券,"韩强,王加煨,王贺嘉,高晗",2021Q4,349600.0,121773.0,76200.0,62200.0,1.37,16.0,,14.68,11.7,买入,,
603678.SH,火炬电子,20200330,火炬电子：MLCC与特种陶瓷双驱动，迎国产替代机遇,深度,首次关注,申万宏源证券,"韩强,王加煨,王贺嘉,高晗",2020Q4,299800.0,101562.0,57500.0,47000.0,1.04,21.0,,13.04,15.4,买入,,
000728.SZ,国元证券,20200330,国元证券2019年年报点评：直投业务增长明显，财富管理转型见效,点评,首份报告,国泰君安,"刘欣琦,高超",2020Q4,362800.0,,,121700.0,0.36,23.4,1.8,4.8,,增持,,12.9
000728.SZ,国元证券,20200330,国元证券2019年年报点评：直投业务增长明显，财富管理转型见效,点评,首份报告,国泰君安,"刘欣琦,高超",2020Q3,,,,,0.27,,,,,增持,,12.9
000728.SZ,国元证券,20200330,国元证券2019年年报点评：直投业务增长明显，财富管理转型见效,点评,首份报告,国泰君安,"刘欣琦,高超",2020Q2,,,,,0.21,,,,,增持,,12.9
300188.SZ,美亚柏科,20200330,美亚柏科：传统主业强复苏，大数据为核心成长驱动力,点评,一般报告,招商证券,刘玉萍,2022Q4,442900.0,,76900.0,72400.0,0.9,22.0,,16.8,23.0,强烈推荐,,
603916.SH,苏博特,20200330,苏博特：受益基建发力和原材料跌价，减水剂龙头进入高速发展期,深度,首次关注,申万宏源证券,"李楠竹,宋涛,马昕晔",2021Q4,433100.0,,84700.0,64000.0,2.06,9.4,,18.1,6.5,增持,,
000728.SZ,国元证券,20200330,国元证券2019年年报点评：直投业务增长明显，财富管理转型见效,点评,首份报告,国泰君安,"刘欣琦,高超",2022Q4,480700.0,,,172600.0,0.51,16.5,2.5,6.3,,增持,,12.9
000728.SZ,国元证券,20200330,国元证券2019年年报点评：直投业务增长明显，财富管理转型见效,点评,首份报告,国泰君安,"刘欣琦,高超",2021Q4,417300.0,,,144400.0,0.43,19.72,2.1,5.5,,增持,,12.9
000728.SZ,国元证券,20200330,国元证券2019年年报点评：直投业务增长明显，财富管理转型见效,点评,首份报告,国泰君安,"刘欣琦,高超",2020Q1,,,,,0.12,,,,,增持,,12.9
300003.SZ,乐普医疗,20200330,乐普医疗：年报业绩符合预期，一季报预告略低于预期,点评,一般报告,方正证券,"周小刚,张林飞",2022Q4,1407747.0,,429057.0,358165.0,2.01,19.63,,24.0,,强烈推荐,,
300003.SZ,乐普医疗,20200330,乐普医疗：年报业绩符合预期，一季报预告略低于预期,点评,一般报告,方正证券,"周小刚,张林飞",2021Q4,1113199.0,,333512.0,278439.0,1.56,25.26,,25.0,0.03,强烈推荐,,
300188.SZ,美亚柏科,20200330,美亚柏科：传统主业强复苏，大数据为核心成长驱动力,点评,一般报告,招商证券,刘玉萍,2021Q4,351800.0,,59700.0,56200.0,0.7,28.3,,14.9,27.5,强烈推荐,,
300188.SZ,美亚柏科,20200330,美亚柏科：传统主业强复苏，大数据为核心成长驱动力,点评,一般报告,招商证券,刘玉萍,2020Q4,277200.0,,45000.0,42500.0,0.53,37.4,,12.8,31.5,强烈推荐,,
300188.SZ,美亚柏科,20200330,美亚柏科：传统主业强复苏，大数据为核心成长驱动力,点评,一般报告,招商证券,刘玉萍,2019Q4,206700.0,,30600.0,29000.0,0.36,54.9,,9.8,49.0,强烈推荐,,
002798.SZ,帝欧家居,20200330,帝欧家居：工程＋零售共同发力，乘精装东风持续成长,点评,一般报告,方正证券,"李疆,曹倩雯",2021Q4,767838.0,,89337.0,78864.0,2.05,11.76,,15.0,,强烈推荐,,
002798.SZ,帝欧家居,20200330,帝欧家居：工程＋零售共同发力，乘精装东风持续成长,点评,一般报告,方正证券,"李疆,曹倩雯",2020Q4,664046.0,,77050.0,68093.0,1.77,13.62,,16.0,,强烈推荐,,
600298.SH,安琪酵母,20200330,安琪酵母：19年逐季回升，疫情下力争稳增,点评,一般报告,招商证券,"杨勇胜,欧阳予",2020Q4,878200.0,,126200.0,101200.0,1.23,26.4,,17.7,,审慎推荐,,36.0
600298.SH,安琪酵母,20200330,安琪酵母：19年逐季回升，疫情下力争稳增,点评,一般报告,招商证券,"杨勇胜,欧阳予",2019Q4,765300.0,,110700.0,90000.0,1.09,29.7,,17.9,,审慎推荐,,36.0
601988.SH,中国银行,20200330,中国银行2019年报点评：净息差同比收窄，资产质量改善,点评,一般报告,国信证券,"王剑,田维韦,陈俊良",2022Q4,64011600.0,,27428900.0,20645000.0,0.701,4.3,6.0,9.1,,买入,,
601988.SH,中国银行,20200330,中国银行2019年报点评：净息差同比收窄，资产质量改善,点评,一般报告,国信证券,"王剑,田维韦,陈俊良",2021Q4,60623200.0,,26641800.0,20011000.0,0.68,4.4,5.8,9.6,,买入,,
601988.SH,中国银行,20200330,中国银行2019年报点评：净息差同比收窄，资产质量改善,点评,一般报告,国信证券,"王剑,田维韦,陈俊良",2020Q4,57302200.0,,25963300.0,19464500.0,0.661,4.5,5.6,10.1,,买入,,
601398.SH,工商银行,20200330,工商银行2019年报点评：客户基础稳步增长，净息差下降,点评,一般报告,国信证券,"王剑,陈俊良,田维韦",2020Q4,88972800.0,,40911500.0,32608200.0,0.915,5.8,5.3,11.7,,买入,,
601328.SH,交通银行,20200330,交通银行2019年报点评：净息差上升，优化资产负债结构,点评,一般报告,国信证券,"王剑,陈俊良,田维韦",2022Q4,26604600.0,,9812000.0,8606100.0,1.159,4.6,6.8,9.2,,增持,,
600999.SH,招商证券,20200330,招商证券：投资释放业绩弹性，ROE居大券商前列,点评,一般报告,山西证券,"刘丽,徐风",2022Q4,2185500.0,,1223200.0,916400.0,1.37,12.33,,8.02,,增持,,
600999.SH,招商证券,20200330,招商证券：投资释放业绩弹性，ROE居大券商前列,点评,一般报告,山西证券,"刘丽,徐风",2021Q4,2059800.0,,1150500.0,861900.0,1.29,13.11,,8.64,,增持,,
600999.SH,招商证券,20200330,招商证券：投资释放业绩弹性，ROE居大券商前列,点评,一般报告,山西证券,"刘丽,徐风",2020Q4,1900300.0,,1054500.0,789900.0,1.18,14.3,,8.59,,增持,,
600372.SH,中航电子,20200330,中航电子：航空主业增速提升，资本运作空间值得期待,点评,一般报告,招商证券,"王超,岑晓翔",2022Q4,1171700.0,,105200.0,87200.0,0.5,26.0,,8.9,20.7,强烈推荐,,
600372.SH,中航电子,20200330,中航电子：航空主业增速提升，资本运作空间值得期待,点评,一般报告,招商证券,"王超,岑晓翔",2021Q4,1031500.0,,91500.0,75900.0,0.43,29.9,,8.4,22.6,强烈推荐,,
600372.SH,中航电子,20200330,中航电子：航空主业增速提升，资本运作空间值得期待,点评,一般报告,招商证券,"王超,岑晓翔",2020Q4,909100.0,,76900.0,63800.0,0.36,35.5,,7.6,24.5,强烈推荐,,
601988.SH,中国银行,20200330,中国银行：境内资产表现优异，不良确认力度加大,一般,一般报告,广发证券,"倪军,屈俊,万思华,李佳鸣",2022Q4,63432000.0,,27704800.0,20789900.0,0.706,5.15,6.83,9.91,,买入,,4.4
601988.SH,中国银行,20200330,中国银行：境内资产表现优异，不良确认力度加大,一般,一般报告,广发证券,"倪军,屈俊,万思华,李佳鸣",2020Q4,57908900.0,,25541500.0,19350500.0,0.657,5.55,6.29,10.82,,买入,,4.4
600872.SH,中炬高新,20200330,中炬高新公司动态点评：稳健增长，看好优秀赛道中行业龙头的发展机遇,点评,一般报告,长城证券,刘鹏,2020Q4,564020.0,,137057.0,104900.0,1.32,34.25,,22.4,23.02,推荐,,54.0
600372.SH,中航电子,20200330,中航电子：航空主业增速提升，资本运作空间值得期待,点评,一般报告,招商证券,"王超,岑晓翔",2019Q4,835200.0,,63100.0,55600.0,0.32,40.8,,7.1,27.6,强烈推荐,,
600298.SH,安琪酵母,20200330,安琪酵母：19年逐季回升，疫情下力争稳增,点评,一般报告,招商证券,"杨勇胜,欧阳予",2021Q4,1010000.0,,144200.0,116400.0,1.41,23.0,,17.8,,审慎推荐,,36.0
002798.SZ,帝欧家居,20200330,帝欧家居：工程＋零售共同发力，乘精装东风持续成长,点评,一般报告,方正证券,"李疆,曹倩雯",2022Q4,859979.0,,99696.0,88065.0,2.29,10.53,,15.0,,强烈推荐,,
002798.SZ,帝欧家居,20200330,帝欧家居：工程＋零售共同发力，乘精装东风持续成长,点评,一般报告,方正证券,"李疆,曹倩雯",2019Q4,557024.0,,63085.0,56603.0,1.47,16.4,,16.0,,强烈推荐,,
600298.SH,安琪酵母,20200330,安琪酵母：19年逐季回升，疫情下力争稳增,点评,一般报告,招商证券,"杨勇胜,欧阳予",2022Q4,1133700.0,,167000.0,134800.0,1.64,19.9,,18.1,,审慎推荐,,36.0
601398.SH,工商银行,20200330,工商银行2019年报点评：客户基础稳步增长，净息差下降,点评,一般报告,国信证券,"王剑,陈俊良,田维韦",2022Q4,99780900.0,,44401900.0,35399900.0,0.993,5.3,5.7,10.8,,买入,,
601398.SH,工商银行,20200330,工商银行2019年报点评：客户基础稳步增长，净息差下降,点评,一般报告,国信证券,"王剑,陈俊良,田维韦",2021Q4,93752400.0,,42595800.0,33955300.0,0.953,5.5,5.5,11.2,,买入,,
601328.SH,交通银行,20200330,交通银行2019年报点评：净息差上升，优化资产负债结构,点评,一般报告,国信证券,"王剑,陈俊良,田维韦",2021Q4,25177700.0,,9513400.0,8341800.0,1.123,4.8,6.6,9.5,,增持,,
601328.SH,交通银行,20200330,交通银行2019年报点评：净息差上升，优化资产负债结构,点评,一般报告,国信证券,"王剑,陈俊良,田维韦",2020Q4,24212900.0,,9176300.0,8043500.0,1.083,4.9,6.4,9.8,,增持,,
601988.SH,中国银行,20200330,中国银行：境内资产表现优异，不良确认力度加大,一般,一般报告,广发证券,"倪军,屈俊,万思华,李佳鸣",2021Q4,60611600.0,,26428400.0,19918500.0,0.677,5.39,6.51,10.26,,买入,,4.4
600872.SH,中炬高新,20200330,中炬高新公司动态点评：稳健增长，看好优秀赛道中行业龙头的发展机遇,点评,一般报告,长城证券,刘鹏,2022Q4,845043.0,,197365.0,152000.0,1.91,23.64,,21.3,15.66,推荐,,54.0
600872.SH,中炬高新,20200330,中炬高新公司动态点评：稳健增长，看好优秀赛道中行业龙头的发展机遇,点评,一般报告,长城证券,刘鹏,2021Q4,676034.0,,161257.0,123900.0,1.56,29.01,,21.4,19.15,推荐,,54.0
601818.SH,光大银行,20200330,光大银行年报点评：净息差环比改善，不良率略升,一般,一般报告,中原证券,王鸿行,2022Q4,16719900.0,,5871800.0,4835800.0,0.92,3.98,,10.52,,增持,,
601818.SH,光大银行,20200330,光大银行年报点评：净息差环比改善，不良率略升,一般,一般报告,中原证券,王鸿行,2021Q4,15182100.0,,5218100.0,4306200.0,0.82,4.47,,10.07,,增持,,
601818.SH,光大银行,20200330,光大银行年报点评：净息差环比改善，不良率略升,一般,一般报告,中原证券,王鸿行,2020Q4,14064600.0,,4799400.0,3960600.0,0.75,4.86,,9.9,,增持,,
600030.SH,中信证券,20200330,中信证券2019年年报点评：行业龙头重回增长,一般,首次评级,中原证券,张洋,2021Q4,4824500.0,,1851600.0,1340200.0,1.04,21.7,,7.29,,增持,,
600030.SH,中信证券,20200330,中信证券2019年年报点评：行业龙头重回增长,一般,首次评级,中原证券,张洋,2020Q4,4649000.0,,1817700.0,1317100.0,1.02,22.13,,7.68,,增持,,
300497.SZ,富祥股份,20200330,富祥股份公司动态点评：推出10亿定增预案，产能扩充进入快车道,点评,一般报告,川财证券,"周豫,张雪",2021Q4,227300.0,,62500.0,53600.0,1.862,14.0,,24.7,11.0,增持,,
300497.SZ,富祥股份,20200330,富祥股份公司动态点评：推出10亿定增预案，产能扩充进入快车道,点评,一般报告,川财证券,"周豫,张雪",2020Q4,176100.0,,48300.0,41500.0,1.442,18.0,,23.8,14.0,增持,,
300497.SZ,富祥股份,20200330,富祥股份公司动态点评：推出10亿定增预案，产能扩充进入快车道,点评,一般报告,川财证券,"周豫,张雪",2019Q4,135700.0,,35400.0,30400.0,1.056,24.0,,21.5,17.0,增持,,
601398.SH,工商银行,20200330,工商银行年报点评：资产收益率带动息差小幅下行，资产质量持续改善,一般,一般报告,中原证券,王鸿行,2020Q4,85334900.0,,39631800.0,31587100.0,0.89,5.88,,11.3,,增持,,
601398.SH,工商银行,20200330,工商银行年报点评：资产收益率带动息差小幅下行，资产质量持续改善,一般,一般报告,中原证券,王鸿行,2021Q4,88962600.0,,40485500.0,32252200.0,0.9,5.76,,10.71,,增持,,
601398.SH,工商银行,20200330,工商银行年报点评：资产收益率带动息差小幅下行，资产质量持续改善,一般,一般报告,中原证券,王鸿行,2022Q4,91830300.0,,42221900.0,33649400.0,0.94,5.52,,10.38,,增持,,
603993.SH,洛阳钼业,20200330,洛阳钼业：稳产降本是主旋律，外延扩张仍可期,点评,一般报告,广发证券,"巨国贤,宫帅",2022Q4,10722900.0,,412100.0,290000.0,0.1343,25.84,,5.8,11.32,买入,,5.45
603179.SH,新泉股份,20200330,新泉股份：行业下滑致使19年业绩承压，看好合资客户拓展空间,点评,一般报告,国盛证券,程似骐,2022Q4,461600.0,,48600.0,43200.0,1.91,10.5,,17.5,9.1,买入,,
603179.SH,新泉股份,20200330,新泉股份：行业下滑致使19年业绩承压，看好合资客户拓展空间,点评,一般报告,国盛证券,程似骐,2021Q4,407800.0,,40000.0,35300.0,1.56,12.8,,16.3,10.4,买入,,
603179.SH,新泉股份,20200330,新泉股份：行业下滑致使19年业绩承压，看好合资客户拓展空间,点评,一般报告,国盛证券,程似骐,2020Q4,354500.0,,31000.0,27400.0,1.21,16.5,,14.2,13.8,买入,,
603060.SH,国检集团,20200330,国检集团：业绩符合预期，疫情不改全年增长目标,点评,一般报告,广发证券,"邹戈,谢璐,尉凯旋",2022Q4,205500.0,,48300.0,38900.0,1.26,15.14,,17.9,9.04,买入,,25.0
603060.SH,国检集团,20200330,国检集团：业绩符合预期，疫情不改全年增长目标,点评,一般报告,广发证券,"邹戈,谢璐,尉凯旋",2021Q4,166500.0,,39100.0,31400.0,1.02,18.77,,17.6,11.91,买入,,25.0
603060.SH,国检集团,20200330,国检集团：业绩符合预期，疫情不改全年增长目标,点评,一般报告,广发证券,"邹戈,谢璐,尉凯旋",2020Q4,132900.0,,31100.0,25100.0,0.81,23.47,,17.0,15.95,买入,,25.0
601688.SH,华泰证券,20200330,华泰证券2019年报点评：自营投资驱动业绩增长，回购彰显信心,点评,一般报告,东吴证券,"胡翔,朱洁羽",2022Q4,3666600.0,,,1351700.0,1.49,11.55,,9.3,,买入,,
601688.SH,华泰证券,20200330,华泰证券2019年报点评：自营投资驱动业绩增长，回购彰显信心,点评,一般报告,东吴证券,"胡翔,朱洁羽",2020Q4,2864300.0,,,1036400.0,1.14,15.06,,8.17,,买入,,
601688.SH,华泰证券,20200330,华泰证券2019年报点评：自营投资驱动业绩增长，回购彰显信心,点评,一般报告,东吴证券,"胡翔,朱洁羽",2019Q4,2486300.0,,,900200.0,0.992,16.55,,7.97,,买入,,
600132.SH,重庆啤酒,20200330,重庆啤酒：增资换股，嘉士伯注入值得期待,点评,一般报告,国盛证券,"符蓉,沈旸",2021Q4,398800.0,,79900.0,65200.0,1.35,33.7,,33.4,22.6,买入,,
600132.SH,重庆啤酒,20200330,重庆啤酒：增资换股，嘉士伯注入值得期待,点评,一般报告,国盛证券,"符蓉,沈旸",2020Q4,376700.0,,68600.0,56600.0,1.17,38.8,,34.3,26.2,买入,,
600132.SH,重庆啤酒,20200330,重庆啤酒：增资换股，嘉士伯注入值得期待,点评,一般报告,国盛证券,"符蓉,沈旸",2019Q4,362400.0,,77200.0,64500.0,1.33,34.1,,46.4,24.0,买入,,
002925.SZ,盈趣科技,20200330,盈趣科技：业绩加速，多业务发力,点评,一般报告,西南证券,蔡欣,2022Q4,700155.0,,198934.0,172866.0,3.77,11.81,1.69,23.39,8.21,买入,,
002925.SZ,盈趣科技,20200330,盈趣科技：业绩加速，多业务发力,点评,一般报告,西南证券,蔡欣,2021Q4,566872.0,,151905.0,132014.0,2.88,15.47,1.41,21.97,10.91,买入,,
603993.SH,洛阳钼业,20200330,洛阳钼业：稳产降本是主旋律，外延扩张仍可期,点评,一般报告,广发证券,"巨国贤,宫帅",2021Q4,10611700.0,,288000.0,202700.0,0.0938,36.98,,4.4,13.48,买入,,5.45
603993.SH,洛阳钼业,20200330,洛阳钼业：稳产降本是主旋律，外延扩张仍可期,点评,一般报告,广发证券,"巨国贤,宫帅",2020Q4,10523900.0,,223400.0,157200.0,0.0728,47.67,,3.6,14.74,买入,,5.45
601688.SH,华泰证券,20200330,华泰证券2019年报点评：自营投资驱动业绩增长，回购彰显信心,点评,一般报告,东吴证券,"胡翔,朱洁羽",2021Q4,3208300.0,,,1179400.0,1.3,13.24,,8.69,,买入,,
002925.SZ,盈趣科技,20200330,盈趣科技：业绩加速，多业务发力,点评,一般报告,西南证券,蔡欣,2020Q4,441309.0,,122645.0,106763.0,2.33,19.13,1.34,21.45,15.41,买入,,
002511.SZ,中顺洁柔,20200330,中顺洁柔：生活用纸需求确定性强，公司量利双升业可期,点评,一般报告,国盛证券,"严大林,黄莎",2019Q4,643900.0,,73100.0,60700.0,0.46,35.0,,15.6,22.7,买入,,
002459.SZ,晶澳科技,20200330,晶澳科技：业绩超出市场预期，组件龙头再出发,点评,一般报告,国盛证券,"王磊,杨润思",2021Q4,2950500.0,,225000.0,174800.0,1.3,9.8,,15.4,5.7,买入,,
000488.SZ,晨鸣纸业,20200330,晨鸣纸业：股权激励刺激运营潜力释放，助力晨鸣再度扬帆,点评,首份报告,东北证券,"唐凯,钟天皓",2021Q4,3220500.0,,333200.0,258100.0,0.89,5.16,0.0,8.6,,买入,,6.3
000063.SZ,中兴通讯,20200330,中兴通讯：5G驱动主设备需求，19年业绩回归增长,点评,一般报告,广发证券,"许兴军,王亮,谢淑颖",2021Q4,13668900.0,,1015500.0,771800.0,1.67,25.93,,15.6,49.79,买入,,47.71
000063.SZ,中兴通讯,20200330,中兴通讯：5G驱动主设备需求，19年业绩回归增长,点评,一般报告,广发证券,"许兴军,王亮,谢淑颖",2020Q4,11818500.0,,827800.0,628700.0,1.36,31.83,,15.1,57.08,买入,,47.71
002511.SZ,中顺洁柔,20200330,中顺洁柔：生活用纸需求确定性强，公司量利双升业可期,点评,一般报告,国盛证券,"严大林,黄莎",2021Q4,889300.0,,107800.0,89500.0,0.68,23.7,,16.7,15.2,买入,,
002511.SZ,中顺洁柔,20200330,中顺洁柔：生活用纸需求确定性强，公司量利双升业可期,点评,一般报告,国盛证券,"严大林,黄莎",2020Q4,752500.0,,93100.0,77200.0,0.59,27.5,,16.9,18.2,买入,,
002459.SZ,晶澳科技,20200330,晶澳科技：业绩超出市场预期，组件龙头再出发,点评,一般报告,国盛证券,"王磊,杨润思",2022Q4,3251500.0,,264100.0,205200.0,1.53,8.3,,15.3,4.2,买入,,
002459.SZ,晶澳科技,20200330,晶澳科技：业绩超出市场预期，组件龙头再出发,点评,一般报告,国盛证券,"王磊,杨润思",2020Q4,2609300.0,,194100.0,150800.0,1.12,11.3,,15.7,7.1,买入,,
000488.SZ,晨鸣纸业,20200330,晨鸣纸业：股权激励刺激运营潜力释放，助力晨鸣再度扬帆,点评,首份报告,东北证券,"唐凯,钟天皓",2022Q4,3460900.0,,368200.0,278300.0,0.96,4.79,0.0,8.48,,买入,,6.3
000488.SZ,晨鸣纸业,20200330,晨鸣纸业：股权激励刺激运营潜力释放，助力晨鸣再度扬帆,点评,首份报告,东北证券,"唐凯,钟天皓",2020Q4,2987200.0,,293100.0,227000.0,0.78,5.87,0.0,8.27,,买入,,6.3
000063.SZ,中兴通讯,20200330,中兴通讯：5G驱动主设备需求，19年业绩回归增长,点评,一般报告,广发证券,"许兴军,王亮,谢淑颖",2022Q4,13935800.0,,1100400.0,836100.0,1.81,23.93,,14.5,34.46,买入,,47.71
600132.SH,重庆啤酒,20200330,重庆啤酒：嘉士伯资产注入开启，产品结构升级趋势延续,点评,一般报告,广发证券,"王永锋,王文丹,陈涛",2021Q4,381828.0,,71100.0,60000.0,1.24,38.3,,33.2,25.45,增持,,51.7
600132.SH,重庆啤酒,20200330,重庆啤酒：嘉士伯资产注入开启，产品结构升级趋势延续,点评,一般报告,广发证券,"王永锋,王文丹,陈涛",2020Q4,356532.0,,63300.0,53400.0,1.1,43.03,,33.5,29.44,增持,,51.7
600132.SH,重庆啤酒,20200330,重庆啤酒：嘉士伯资产注入开启，产品结构升级趋势延续,点评,一般报告,广发证券,"王永锋,王文丹,陈涛",2019Q4,360005.0,,76000.0,64100.0,1.33,35.83,,44.3,30.04,增持,,51.7
002028.SZ,思源电气,20200330,思源电气：营收增长、毛利改善、Q1业绩超预期,点评,一般报告,东吴证券,"曾朵红,柴嘉辉",2021Q4,879000.0,,119400.0,102500.0,1.35,12.14,,15.3,8.0,买入,,26.3
002028.SZ,思源电气,20200330,思源电气：营收增长、毛利改善、Q1业绩超预期,点评,一般报告,东吴证券,"曾朵红,柴嘉辉",2020Q4,770900.0,,91100.0,80000.0,1.05,15.55,,13.9,11.21,买入,,26.3
002459.SZ,晶澳科技,20200330,晶澳科技：19年业绩高增长，一体化战略持续推进,点评,一般报告,西南证券,"谭菁,陈瑶",2020Q4,2568400.0,,166035.0,135979.0,1.01,12.54,1.47,14.7,6.57,买入,,
000902.SZ,新洋丰,20200330,新洋丰：投建30万吨合成氨技改项目，产业链一体化优势进一步凸显,点评,一般报告,天风证券,"吴立,李辉,魏振亚",2021Q4,1245203.0,,141821.0,112095.0,0.86,9.17,,14.3,4.51,买入,,
002028.SZ,思源电气,20200330,思源电气：营收增长、毛利改善、Q1业绩超预期,点评,一般报告,东吴证券,"曾朵红,柴嘉辉",2019Q4,633300.0,,63900.0,57400.0,0.75,21.69,,11.3,16.1,买入,,26.3
002459.SZ,晶澳科技,20200330,晶澳科技：19年业绩高增长，一体化战略持续推进,点评,一般报告,西南证券,"谭菁,陈瑶",2022Q4,2984200.0,,259157.0,212243.0,1.58,8.03,2.08,16.93,3.76,买入,,
002459.SZ,晶澳科技,20200330,晶澳科技：19年业绩高增长，一体化战略持续推进,点评,一般报告,西南证券,"谭菁,陈瑶",2021Q4,2786000.0,,216477.0,177289.0,1.32,9.62,1.59,16.48,4.9,买入,,
603208.SH,江山欧派,20200330,江山欧派：深耕木门品类，工装业务快速发展,一般,首次关注,华泰证券,"陈羽锋,倪娇娇,周鑫",2021Q4,346038.0,,49049.0,42706.0,5.28,14.54,,24.5,9.17,增持,,
603208.SH,江山欧派,20200330,江山欧派：深耕木门品类，工装业务快速发展,一般,首次关注,华泰证券,"陈羽锋,倪娇娇,周鑫",2020Q4,270191.0,,38372.0,33411.0,4.13,18.59,,22.95,12.24,增持,,
603208.SH,江山欧派,20200330,江山欧派：深耕木门品类，工装业务快速发展,一般,首次关注,华泰证券,"陈羽锋,倪娇娇,周鑫",2019Q4,202697.0,,30614.0,26415.0,3.27,23.51,,21.9,15.97,增持,,
601336.SH,新华保险,20200330,新华保险：NBV增速不及预期，后续关注人力产能释放,点评,一般报告,中银国际,兰晓飞,2022Q4,25073000.0,,2045000.0,2044000.0,6.55,,,,,增持,,
601336.SH,新华保险,20200330,新华保险：NBV增速不及预期，后续关注人力产能释放,点评,一般报告,中银国际,兰晓飞,2021Q4,21762700.0,,2139800.0,1711100.0,5.49,,,,,增持,,
601336.SH,新华保险,20200330,新华保险：NBV增速不及预期，后续关注人力产能释放,点评,一般报告,中银国际,兰晓飞,2020Q4,19103200.0,,1375900.0,1514600.0,4.86,,,,,增持,,
000902.SZ,新洋丰,20200330,新洋丰：投建30万吨合成氨技改项目，产业链一体化优势进一步凸显,点评,一般报告,天风证券,"吴立,李辉,魏振亚",2019Q4,987717.0,,86083.0,68040.0,0.52,15.11,,10.37,7.96,买入,,
000902.SZ,新洋丰,20200330,新洋丰：投建30万吨合成氨技改项目，产业链一体化优势进一步凸显,点评,一般报告,天风证券,"吴立,李辉,魏振亚",2020Q4,1058472.0,,106366.0,84071.0,0.64,12.23,,11.82,7.32,买入,,
002318.SZ,久立特材,20200330,久立特材：毛利率扩张推动业绩增长,点评,一般报告,中泰证券,"笃慧,郭皓,曹云",2022Q4,458400.0,114500.0,61600.0,49800.0,0.59,12.67,,12.68,,增持,,
002318.SZ,久立特材,20200330,久立特材：毛利率扩张推动业绩增长,点评,一般报告,中泰证券,"笃慧,郭皓,曹云",2021Q4,446200.0,113100.0,59200.0,47700.0,0.57,13.23,,12.97,,增持,,
002318.SZ,久立特材,20200330,久立特材：毛利率扩张推动业绩增长,点评,一般报告,中泰证券,"笃慧,郭皓,曹云",2020Q4,440700.0,119400.0,57700.0,47000.0,0.56,13.43,,13.67,,增持,,
002318.SZ,久立特材,20200330,久立特材：毛利率扩张推动业绩增长,点评,一般报告,中泰证券,"笃慧,郭皓,曹云",2019Q4,443700.0,121800.0,74600.0,50000.0,0.59,12.62,,14.62,,增持,,
000629.SZ,攀钢钒钛,20200330,攀钢钒钛：钒价跌至低位，钛白粉业务值得关注,点评,一般报告,中泰证券,"笃慧,郭皓,邓轲",2022Q4,1228500.0,189500.0,108400.0,99700.0,0.1161,18.94,,8.6,,持有,,
000629.SZ,攀钢钒钛,20200330,攀钢钒钛：钒价跌至低位，钛白粉业务值得关注,点评,一般报告,中泰证券,"笃慧,郭皓,邓轲",2021Q4,1162500.0,175800.0,98600.0,90800.0,0.1057,20.82,,8.56,,持有,,
000629.SZ,攀钢钒钛,20200330,攀钢钒钛：钒价跌至低位，钛白粉业务值得关注,点评,一般报告,中泰证券,"笃慧,郭皓,邓轲",2020Q4,1136300.0,171900.0,97100.0,88000.0,0.1,21.48,,9.08,,持有,,
000629.SZ,攀钢钒钛,20200330,攀钢钒钛：钒价跌至低位，钛白粉业务值得关注,点评,一般报告,中泰证券,"笃慧,郭皓,邓轲",2019Q4,1315900.0,260100.0,197700.0,141900.0,0.17,13.32,,15.2,,持有,,
300661.SZ,圣邦股份,20200330,圣邦股份：2019年业绩符合预期，并购钰泰助力公司加速崛起——年报点评报告,点评,一般报告,新时代证券,"吴吉森,曾萌",2022Q4,169500.0,,42500.0,39400.0,3.8,69.4,,19.1,63.1,强烈推荐,,
300661.SZ,圣邦股份,20200330,圣邦股份：2019年业绩符合预期，并购钰泰助力公司加速崛起——年报点评报告,点评,一般报告,新时代证券,"吴吉森,曾萌",2021Q4,135200.0,,33300.0,30800.0,2.98,88.7,,18.5,78.5,强烈推荐,,
300661.SZ,圣邦股份,20200330,圣邦股份：2019年业绩符合预期，并购钰泰助力公司加速崛起——年报点评报告,点评,一般报告,新时代证券,"吴吉森,曾萌",2020Q4,104900.0,,25900.0,24000.0,2.32,113.9,,17.6,100.4,强烈推荐,,
300661.SZ,圣邦股份,20200330,圣邦股份：2019年业绩符合预期，并购钰泰助力公司加速崛起——年报点评报告,点评,一般报告,新时代证券,"吴吉森,曾萌",2019Q4,79200.0,,18900.0,17600.0,1.7,155.3,,15.6,136.8,强烈推荐,,
300357.SZ,我武生物,20200330,我武生物：业绩稳定增长，新产品放量在即,点评,一般报告,东北证券,崔洁铭,2021Q4,99900.0,,55000.0,47500.0,0.91,46.67,0.0,22.53,,增持,,45.6
300357.SZ,我武生物,20200330,我武生物：业绩稳定增长，新产品放量在即,点评,一般报告,东北证券,崔洁铭,2020Q4,76800.0,,41800.0,36100.0,0.69,61.37,0.0,22.12,,增持,,45.6
300263.SZ,隆华科技,20200330,隆华科技：业务转型，打造新材料隐形冠军孵化平台,深度,首次评级,东北证券,邱培宇,2021Q4,262800.0,,38200.0,29300.0,0.32,20.15,0.0,8.87,,买入,,8.59
300357.SZ,我武生物,20200330,我武生物：业绩稳定增长，新产品放量在即,点评,一般报告,东北证券,崔洁铭,2022Q4,131100.0,,72400.0,62500.0,1.19,35.45,0.0,22.88,,增持,,45.6
000661.SZ,长春高新,20200330,长春高新：业绩持续高增长，生长激素表现亮眼,点评,一般报告,东北证券,"崔洁铭,马千里",2022Q4,1348900.0,,582200.0,459700.0,22.72,23.37,0.13,24.07,,买入,,590.0
000661.SZ,长春高新,20200330,长春高新：业绩持续高增长，生长激素表现亮眼,点评,一般报告,东北证券,"崔洁铭,马千里",2021Q4,1156200.0,,487800.0,385200.0,19.03,27.9,0.13,26.31,,买入,,590.0
000661.SZ,长春高新,20200330,长春高新：业绩持续高增长，生长激素表现亮眼,点评,一般报告,东北证券,"崔洁铭,马千里",2020Q4,932200.0,,376200.0,297100.0,14.68,36.17,0.13,27.19,,买入,,590.0
300263.SZ,隆华科技,20200330,隆华科技：业务转型，打造新材料隐形冠军孵化平台,深度,首次评级,东北证券,邱培宇,2019Q4,192100.0,,24800.0,17900.0,0.2,33.03,0.0,6.45,,买入,,8.59
601939.SH,建设银行,20200330,建设银行：手续费收入表现靓丽，资产质量稳健,点评,一般报告,中银国际,"励雅敏,林颖颖",2022Q4,,,37485000.0,30613900.0,1.22,5.28,,10.95,,买入,,
600201.SH,生物股份,20200330,生物股份：自营业绩处于底部，静待拐点来临,点评,一般报告,银河证券,谢芝优,2021Q4,139497.0,,,53112.0,0.47,44.0,,9.45,,推荐,,
600201.SH,生物股份,20200330,生物股份：自营业绩处于底部，静待拐点来临,点评,一般报告,银河证券,谢芝优,2020Q4,121018.0,,,44149.0,0.39,53.0,,8.5,,推荐,,
002518.SZ,科士达,20200330,科士达2019年年报点评：业绩符合预期，看好新基建背景下数据中心业务发展,点评,一般报告,新时代证券,"开文明,丁亚",2022Q4,372400.0,,56400.0,50600.0,0.87,15.4,,13.5,9.7,强烈推荐,,
002518.SZ,科士达,20200330,科士达2019年年报点评：业绩符合预期，看好新基建背景下数据中心业务发展,点评,一般报告,新时代证券,"开文明,丁亚",2021Q4,327300.0,,47100.0,42300.0,0.73,18.5,,12.7,12.2,强烈推荐,,
002518.SZ,科士达,20200330,科士达2019年年报点评：业绩符合预期，看好新基建背景下数据中心业务发展,点评,一般报告,新时代证券,"开文明,丁亚",2020Q4,269100.0,,40900.0,36600.0,0.63,21.3,,12.3,14.2,强烈推荐,,
002518.SZ,科士达,20200330,科士达2019年年报点评：业绩符合预期，看好新基建背景下数据中心业务发展,点评,一般报告,新时代证券,"开文明,丁亚",2019Q4,261000.0,,35700.0,32100.0,0.55,24.4,,12.3,16.3,强烈推荐,,
601939.SH,建设银行,20200330,建设银行：手续费收入表现靓丽，资产质量稳健,点评,一般报告,中银国际,"励雅敏,林颖颖",2021Q4,,,35728000.0,29179200.0,1.17,5.54,,11.11,,买入,,
300263.SZ,隆华科技,20200330,隆华科技：业务转型，打造新材料隐形冠军孵化平台,深度,首次评级,东北证券,邱培宇,2020Q4,228100.0,,31100.0,24000.0,0.26,24.67,0.0,7.95,,买入,,8.59
601939.SH,建设银行,20200330,建设银行：手续费收入表现靓丽，资产质量稳健,点评,一般报告,中银国际,"励雅敏,林颖颖",2020Q4,,,34170000.0,27906700.0,1.12,5.8,,11.25,,买入,,
600201.SH,生物股份,20200330,生物股份：自营业绩处于底部，静待拐点来临,点评,一般报告,银河证券,谢芝优,2022Q4,164760.0,,,62290.0,0.55,38.0,,10.14,,推荐,,
601607.SH,上海医药,20200330,上海医药：工商业板块保持较快增长，扣非净利润表现靓丽,一般,一般报告,兴业证券,"黄翰漾,徐佳熹",2020Q4,19737300.0,,675000.0,444300.0,1.56,12.02,,9.6,,审慎增持,,
600068.SH,葛洲坝,20200330,葛洲坝：龙头战略调整蓄势，低估值优势,一般,首次关注,国盛证券,"夏天,程龙戈,廖文强",2021Q4,12432600.0,,1001200.0,607400.0,1.32,5.2,,10.4,8.4,买入,,
600068.SH,葛洲坝,20200330,葛洲坝：龙头战略调整蓄势，低估值优势,一般,首次关注,国盛证券,"夏天,程龙戈,廖文强",2020Q4,11224500.0,,886700.0,532600.0,1.16,5.9,,10.1,8.6,买入,,
600068.SH,葛洲坝,20200330,葛洲坝：龙头战略调整蓄势，低估值优势,一般,首次关注,国盛证券,"夏天,程龙戈,廖文强",2019Q4,10999300.0,,1020100.0,652500.0,1.42,4.8,,12.8,7.8,买入,,
300127.SZ,银河磁体,20200330,银河磁体年报点评：业绩符合预期，长期关注粘结钕铁硼龙头,点评,首份报告,中原证券,牟国洪,2021Q4,71100.0,,21100.0,18100.0,0.56,26.0,,13.2,19.1,增持,,
300127.SZ,银河磁体,20200330,银河磁体年报点评：业绩符合预期，长期关注粘结钕铁硼龙头,点评,首份报告,中原证券,牟国洪,2020Q4,63000.0,,18900.0,16100.0,0.5,29.1,,12.4,21.7,增持,,
601607.SH,上海医药,20200330,上海医药：工商业板块保持较快增长，扣非净利润表现靓丽,一般,一般报告,兴业证券,"黄翰漾,徐佳熹",2022Q4,26649400.0,,919100.0,610700.0,2.15,8.74,,10.6,,审慎增持,,
601607.SH,上海医药,20200330,上海医药：工商业板块保持较快增长，扣非净利润表现靓丽,一般,一般报告,兴业证券,"黄翰漾,徐佳熹",2021Q4,23297300.0,,807600.0,526800.0,1.85,10.14,,10.2,,审慎增持,,
300127.SZ,银河磁体,20200330,银河磁体年报点评：业绩符合预期，长期关注粘结钕铁硼龙头,点评,首份报告,中原证券,牟国洪,2022Q4,82900.0,,24500.0,21000.0,0.65,22.4,,14.3,16.3,增持,,
002459.SZ,晶澳科技,20200330,晶澳科技：年业绩增长亮眼，一体化龙头强者恒强,点评,首次关注,财通证券,"龚斯闻,周淼顺,付正浩,林煜",2022Q4,3476900.0,,259400.0,201800.0,1.5,8.5,0.0,15.3,2.5,增持,,
002459.SZ,晶澳科技,20200330,晶澳科技：年业绩增长亮眼，一体化龙头强者恒强,点评,首次关注,财通证券,"龚斯闻,周淼顺,付正浩,林煜",2021Q4,3096100.0,,223900.0,174000.0,1.3,9.8,0.0,15.5,3.5,增持,,
603799.SH,华友钴业,20200330,华友钴业年报点评：产能逐步释放，等待行业回暖,点评,一般报告,中原证券,周建华,2022Q4,2873200.0,,187300.0,153600.0,1.38,21.3,,11.0,14.9,增持,,
603799.SH,华友钴业,20200330,华友钴业年报点评：产能逐步释放，等待行业回暖,点评,一般报告,中原证券,周建华,2021Q4,2443200.0,,140600.0,116500.0,1.05,28.2,,9.3,16.7,增持,,
603799.SH,华友钴业,20200330,华友钴业年报点评：产能逐步释放，等待行业回暖,点评,一般报告,中原证券,周建华,2020Q4,2117200.0,,112400.0,92900.0,0.83,35.3,,7.9,21.9,增持,,
601577.SH,长沙银行,20200330,长沙银行：存贷规模高增，不良认定趋严,点评,一般报告,天风证券,"廖志明,朱于畋",2022Q4,2390000.0,,820000.0,660000.0,1.93,4.06,,13.24,,增持,,10.6
601577.SH,长沙银行,20200330,长沙银行：存贷规模高增，不良认定趋严,点评,一般报告,天风证券,"廖志明,朱于畋",2021Q4,2090000.0,,740000.0,600000.0,1.74,4.5,,13.74,,增持,,10.6
601577.SH,长沙银行,20200330,长沙银行：存贷规模高增，不良认定趋严,点评,一般报告,天风证券,"廖志明,朱于畋",2020Q4,1880000.0,,700000.0,550000.0,1.61,4.89,,14.67,,增持,,10.6
600511.SH,国药股份,20200330,国药股份：业绩超预期，增长重回两位数,点评,一般报告,兴业证券,"孙媛媛,徐佳熹",2022Q4,6886700.0,,328600.0,243300.0,3.22,8.29,,14.7,,审慎增持,,
600511.SH,国药股份,20200330,国药股份：业绩超预期，增长重回两位数,点评,一般报告,兴业证券,"孙媛媛,徐佳熹",2021Q4,5996600.0,,291100.0,212300.0,2.81,9.5,,14.8,,审慎增持,,
600511.SH,国药股份,20200330,国药股份：业绩超预期，增长重回两位数,点评,一般报告,兴业证券,"孙媛媛,徐佳熹",2020Q4,5150900.0,,255700.0,183400.0,2.43,10.99,,14.8,,审慎增持,,
300751.SZ,迈为股份,20200330,迈为股份：丝网设备销售维持高增速，静候HJT与OLED设备发力,点评,一般报告,银河证券,"李良,范想想",2021Q4,247940.0,,,46200.0,8.88,15.98,,,,推荐,,
300751.SZ,迈为股份,20200330,迈为股份：丝网设备销售维持高增速，静候HJT与OLED设备发力,点评,一般报告,银河证券,"李良,范想想",2020Q4,205620.0,,,36400.0,7.0,20.29,,,,推荐,,
002179.SZ,中航光电,20200330,中航光电：军民品市场需求旺盛，费用支出造成业绩波动,点评,一般报告,招商证券,"王超,鄢凡,岑晓翔",2022Q4,1524200.0,,212500.0,178500.0,1.62,21.2,,14.8,17.2,强烈推荐,,
002179.SZ,中航光电,20200330,中航光电：军民品市场需求旺盛，费用支出造成业绩波动,点评,一般报告,招商证券,"王超,鄢凡,岑晓翔",2021Q4,1314600.0,,174200.0,146500.0,1.33,25.8,,14.0,20.9,强烈推荐,,
002179.SZ,中航光电,20200330,中航光电：军民品市场需求旺盛，费用支出造成业绩波动,点评,一般报告,招商证券,"王超,鄢凡,岑晓翔",2020Q4,1097200.0,,141100.0,118800.0,1.08,31.9,,12.9,25.7,强烈推荐,,
002179.SZ,中航光电,20200330,中航光电：军民品市场需求旺盛，费用支出造成业绩波动,点评,一般报告,招商证券,"王超,鄢凡,岑晓翔",2019Q4,915900.0,,125400.0,107100.0,1.0,34.3,,13.1,29.9,强烈推荐,,
002459.SZ,晶澳科技,20200330,晶澳科技：年业绩增长亮眼，一体化龙头强者恒强,点评,首次关注,财通证券,"龚斯闻,周淼顺,付正浩,林煜",2020Q4,2612700.0,,184500.0,143400.0,1.07,11.9,0.0,15.1,5.2,增持,,
600754.SH,锦江酒店,20200330,锦江酒店：α扎实显现＋β筑底，重估值得期待,点评,一般报告,东方证券,"王克宇,徐椰香",2022Q4,1783115.0,,223700.0,150900.0,1.57,16.0,,9.4,8.0,买入,,34.11
600754.SH,锦江酒店,20200330,锦江酒店：α扎实显现＋β筑底，重估值得期待,点评,一般报告,东方证券,"王克宇,徐椰香",2020Q4,1346746.0,,105500.0,71600.0,0.75,33.6,,5.3,11.5,买入,,34.11
000513.SZ,丽珠集团,20200330,丽珠集团：业绩符合预期，核心品种快速增长,点评,一般报告,东方证券,伍云飞,2022Q4,1247780.0,,246900.0,195000.0,2.09,18.7,,12.7,17.3,买入,,48.98
000513.SZ,丽珠集团,20200330,丽珠集团：业绩符合预期，核心品种快速增长,点评,一般报告,东方证券,伍云飞,2020Q4,1018070.0,,186700.0,147400.0,1.58,24.7,,12.4,23.2,买入,,48.98
000488.SZ,晨鸣纸业,20200330,晨鸣纸业：纸价涨，木浆跌，缩租赁，聚主业，迎接新周期,点评,首次评级,中信建投,"花小伟,罗乾生",2021Q4,3374700.0,,,221100.0,,4.9,,,,增持,,
000488.SZ,晨鸣纸业,20200330,晨鸣纸业：纸价涨，木浆跌，缩租赁，聚主业，迎接新周期,点评,首次评级,中信建投,"花小伟,罗乾生",2020Q4,3175900.0,,,190900.0,,5.6,,,,增持,,
000039.SZ,中集集团,20200330,中集集团2019年年报点评：加强业务梳理，静待景气回暖,点评,一般报告,中信证券,"刘海博,左腾飞,李睿鹏,李越",2022Q4,11398000.0,,615000.0,288000.0,0.803,9.3,,4.8,,买入,,
000039.SZ,中集集团,20200330,中集集团2019年年报点评：加强业务梳理，静待景气回暖,点评,一般报告,中信证券,"刘海博,左腾飞,李睿鹏,李越",2021Q4,10117000.0,,484000.0,227000.0,0.63,12.2,,3.9,,买入,,
000039.SZ,中集集团,20200330,中集集团2019年年报点评：加强业务梳理，静待景气回暖,点评,一般报告,中信证券,"刘海博,左腾飞,李睿鹏,李越",2020Q4,9001000.0,,352000.0,165000.0,0.46,16.8,,2.9,,买入,,
603799.SH,华友钴业,20200330,华友钴业年报点评：业绩低点已过，三元前驱体大额订单落地,一般,一般报告,东吴证券,曾朵红,2020Q4,2158200.0,,102100.0,85800.0,0.77,37.5,,10.5,21.0,买入,,38.5
603019.SH,中科曙光,20200330,中科曙光：收缩战线，现金过冬,点评,一般报告,申万宏源证券,"刘洋,黄忠煌",2022Q4,404600.0,182000.0,61900.0,42500.0,0.47,96.0,,8.4,,中性,,
601005.SH,重庆钢铁,20200330,重庆钢铁：行业下行期潜心修内功,点评,一般报告,中泰证券,"笃慧,郭皓,曹云",2022Q4,2471000.0,177900.0,82800.0,82760.0,0.0928,17.03,,3.86,,持有,,
601005.SH,重庆钢铁,20200330,重庆钢铁：行业下行期潜心修内功,点评,一般报告,中泰证券,"笃慧,郭皓,曹云",2020Q4,2254800.0,142100.0,50700.0,50742.0,0.0569,27.77,,2.54,,持有,,
601005.SH,重庆钢铁,20200330,重庆钢铁：行业下行期潜心修内功,点评,一般报告,中泰证券,"笃慧,郭皓,曹云",2021Q4,2348800.0,159700.0,63800.0,63785.0,0.07,22.09,,3.1,,持有,,
600808.SH,马钢股份,20200330,马钢股份：积极调整向宝武看齐,点评,一般报告,中泰证券,"笃慧,郭皓,曹云",2022Q4,7962300.0,716600.0,351600.0,167000.0,0.22,11.71,,5.81,,持有,,
600808.SH,马钢股份,20200330,马钢股份：积极调整向宝武看齐,点评,一般报告,中泰证券,"笃慧,郭皓,曹云",2021Q4,7718800.0,687000.0,320800.0,147700.0,0.19,13.25,,5.29,,持有,,
600808.SH,马钢股份,20200330,马钢股份：积极调整向宝武看齐,点评,一般报告,中泰证券,"笃慧,郭皓,曹云",2020Q4,7388300.0,642800.0,291800.0,114100.0,0.15,17.15,,4.2,,持有,,
600808.SH,马钢股份,20200330,马钢股份：积极调整向宝武看齐,点评,一般报告,中泰证券,"笃慧,郭皓,曹云",2019Q4,7826300.0,694700.0,312000.0,112800.0,0.15,17.34,,4.19,,持有,,
600598.SH,北大荒,20200330,北大荒：业绩暂承压，地租收益存上浮空间,点评,首份报告,兴业证券,"陈娇,毛一凡,曹心蕊",2022Q4,344600.0,,109300.0,111700.0,0.63,25.7,,13.0,,审慎增持,,
600598.SH,北大荒,20200330,北大荒：业绩暂承压，地租收益存上浮空间,点评,首份报告,兴业证券,"陈娇,毛一凡,曹心蕊",2020Q4,324500.0,,96000.0,97600.0,0.55,29.4,,12.8,,审慎增持,,
600132.SH,重庆啤酒,20200330,重庆啤酒：嘉士伯启动资产注入，重啤迎来新机遇,点评,一般报告,申万宏源证券,"吕昌,赵玥",2021Q4,376500.0,125900.0,63500.0,54700.0,1.13,42.0,,40.5,,增持,,
600132.SH,重庆啤酒,20200330,重庆啤酒：嘉士伯启动资产注入，重啤迎来新机遇,点评,一般报告,申万宏源证券,"吕昌,赵玥",2020Q4,341300.0,111000.0,54100.0,47000.0,0.97,49.0,,37.4,,增持,,
603799.SH,华友钴业,20200330,华友钴业年报点评：业绩低点已过，三元前驱体大额订单落地,一般,一般报告,东吴证券,曾朵红,2021Q4,2616100.0,,167100.0,140400.0,1.26,22.91,,15.2,14.0,买入,,38.5
002798.SZ,帝欧家居,20200330,帝欧家居：大宗业务持续放量，增长动力足,点评,一般报告,中泰证券,"徐稚涵,郭美鑫,徐偲",2022Q4,999975.0,,119172.0,106618.0,2.77,8.71,3.31,14.66,5.09,买入,,
603799.SH,华友钴业,20200330,华友钴业年报点评：业绩低点已过，三元前驱体大额订单落地,一般,一般报告,东吴证券,曾朵红,2022Q4,3154700.0,,239000.0,200700.0,1.8,16.02,,18.7,10.0,买入,,38.5
002798.SZ,帝欧家居,20200330,帝欧家居：大宗业务持续放量，增长动力足,点评,一般报告,中泰证券,"徐稚涵,郭美鑫,徐偲",2020Q4,704023.0,,81629.0,72983.0,1.9,12.72,2.17,12.38,7.95,买入,,
600754.SH,锦江酒店,20200330,锦江酒店：α扎实显现＋β筑底，重估值得期待,点评,一般报告,东方证券,"王克宇,徐椰香",2021Q4,1684747.0,,191600.0,130700.0,1.36,18.4,,8.9,8.7,买入,,34.11
002798.SZ,帝欧家居,20200330,帝欧家居：大宗业务持续放量，增长动力足,点评,一般报告,中泰证券,"徐稚涵,郭美鑫,徐偲",2019Q4,557024.0,,63085.0,56603.0,1.47,16.4,0.0,15.31,9.49,买入,,
000513.SZ,丽珠集团,20200330,丽珠集团：业绩符合预期，核心品种快速增长,点评,一般报告,东方证券,伍云飞,2021Q4,1127050.0,,214700.0,169500.0,1.81,21.5,,12.6,20.3,买入,,48.98
603019.SH,中科曙光,20200330,中科曙光：收缩战线，现金过冬,点评,一般报告,申万宏源证券,"刘洋,黄忠煌",2021Q4,494400.0,164700.0,40100.0,25400.0,0.28,161.0,,5.5,,中性,,
603019.SH,中科曙光,20200330,中科曙光：收缩战线，现金过冬,点评,一般报告,申万宏源证券,"刘洋,黄忠煌",2020Q4,595900.0,155000.0,27700.0,16700.0,0.19,237.0,,3.8,,中性,,
600598.SH,北大荒,20200330,北大荒：业绩暂承压，地租收益存上浮空间,点评,首份报告,兴业证券,"陈娇,毛一凡,曹心蕊",2021Q4,335800.0,,104600.0,106200.0,0.6,27.0,,13.1,,审慎增持,,
600132.SH,重庆啤酒,20200330,重庆啤酒：嘉士伯启动资产注入，重啤迎来新机遇,点评,一般报告,申万宏源证券,"吕昌,赵玥",2019Q4,360900.0,118400.0,74500.0,64300.0,1.33,36.0,,45.9,,增持,,
002798.SZ,帝欧家居,20200330,帝欧家居：大宗业务持续放量，增长动力足,点评,一般报告,中泰证券,"徐稚涵,郭美鑫,徐偲",2021Q4,845931.0,,99666.0,89119.0,2.32,10.42,2.89,13.67,6.42,买入,,
603799.SH,华友钴业,20200330,华友钴业：钴价拖累业绩，未来有望量价齐升,点评,一般报告,方正证券,"李永磊,曹特,吴江",2022Q4,2993261.0,,194803.0,139720.0,1.256,22.74,,13.0,3.66,推荐,,
603799.SH,华友钴业,20200330,华友钴业：钴价拖累业绩，未来有望量价齐升,点评,一般报告,方正证券,"李永磊,曹特,吴江",2021Q4,2577261.0,,135092.0,99304.0,0.892,32.0,,11.0,4.24,推荐,,
603799.SH,华友钴业,20200330,华友钴业：钴价拖累业绩，未来有望量价齐升,点评,一般报告,方正证券,"李永磊,曹特,吴江",2020Q4,2107261.0,,63376.0,47826.0,0.43,66.44,,6.0,5.52,推荐,,
002128.SZ,露天煤业,20200330,露天煤业：煤电铝联动，新能源助力,一般,首次评级,华泰证券,"邱瀚萱,龚润华",2021Q4,1927900.0,,339600.0,280400.0,1.46,5.07,,15.21,3.23,增持,8.81,8.05
002128.SZ,露天煤业,20200330,露天煤业：煤电铝联动，新能源助力,一般,首次评级,华泰证券,"邱瀚萱,龚润华",2020Q4,1779400.0,,234600.0,191800.0,1.0,7.42,,11.83,4.22,增持,8.81,8.05
002128.SZ,露天煤业,20200330,露天煤业：煤电铝联动，新能源助力,一般,首次评级,华泰证券,"邱瀚萱,龚润华",2019Q4,1915500.0,,299900.0,246600.0,1.28,5.77,,16.41,3.67,增持,8.81,8.05
000703.SZ,恒逸石化,20200330,恒逸石化：2019年和2020年一季度业绩超预期，行业波动下竞争优势凸显,点评,一般报告,申万宏源证券,"谢建斌,徐睿潇",2021Q4,12564000.0,949800.0,747600.0,537300.0,1.89,6.0,,16.2,,增持,,
000703.SZ,恒逸石化,20200330,恒逸石化：2019年和2020年一季度业绩超预期，行业波动下竞争优势凸显,点评,一般报告,申万宏源证券,"谢建斌,徐睿潇",2020Q4,10477200.0,770700.0,589900.0,399500.0,1.41,8.0,,14.4,,增持,,
000703.SZ,恒逸石化,20200330,恒逸石化：2019年和2020年一季度业绩超预期，行业波动下竞争优势凸显,点评,一般报告,申万宏源证券,"谢建斌,徐睿潇",2019Q4,8070000.0,531200.0,459700.0,319700.0,1.12,11.0,,13.6,,增持,,
000063.SZ,中兴通讯,20200330,中兴通讯2019年年报点评：盈利能力增强，稳健扩张的5G龙头,点评,一般报告,中信证券,顾海波,2022Q4,13268275.0,,1298900.0,946492.0,2.05,21.0,,14.2,,买入,,51.16
000063.SZ,中兴通讯,20200330,中兴通讯2019年年报点评：盈利能力增强，稳健扩张的5G龙头,点评,一般报告,中信证券,顾海波,2020Q4,10374481.0,,809900.0,589901.0,1.28,34.0,,11.47,,买入,,51.16
600201.SH,生物股份,20200330,生物股份2019年报点评：业绩底部，拐点或现，研发加码未来成长路径清晰,点评,一般报告,华创证券,王莺,2022Q4,258800.0,,110700.0,93100.0,0.83,25.0,,14.1,20.0,强推,,23.32
600201.SH,生物股份,20200330,生物股份2019年报点评：业绩底部，拐点或现，研发加码未来成长路径清晰,点评,一般报告,华创证券,王莺,2020Q4,147700.0,,50700.0,42600.0,0.38,55.0,,8.1,39.0,强推,,23.32
600153.SH,建发股份,20200330,建发股份：基本面良好，估值及股息率具备较大吸引力,一般,首份报告,兴业证券,"吉理,张晓云,龚里",2021Q4,36323100.0,,1301100.0,579300.0,2.04,3.6,8.2,14.9,,买入,,
600153.SH,建发股份,20200330,建发股份：基本面良好，估值及股息率具备较大吸引力,一般,首份报告,兴业证券,"吉理,张晓云,龚里",2020Q4,33052300.0,,1175800.0,523500.0,1.85,4.0,7.4,15.1,,买入,,
600153.SH,建发股份,20200330,建发股份：基本面良好，估值及股息率具备较大吸引力,一般,首份报告,兴业证券,"吉理,张晓云,龚里",2019Q4,31280000.0,,1054500.0,469500.0,1.66,4.5,6.7,15.2,,买入,,
002396.SZ,星网锐捷,20200330,星网锐捷2019年报点评：毛利率提升，产品结构优化，企业网络设备＋桌面云打造新增长点,点评,一般报告,安信证券,"夏庐生,彭虎,杨臻",2022Q4,1685070.0,,157190.0,115020.0,1.97,19.0,0.1,16.1,9.4,买入,,42.57
002396.SZ,星网锐捷,20200330,星网锐捷2019年报点评：毛利率提升，产品结构优化，企业网络设备＋桌面云打造新增长点,点评,一般报告,安信证券,"夏庐生,彭虎,杨臻",2021Q4,1392730.0,,131920.0,94880.0,1.63,23.1,0.2,15.7,12.1,买入,,42.57
002396.SZ,星网锐捷,20200330,星网锐捷2019年报点评：毛利率提升，产品结构优化，企业网络设备＋桌面云打造新增长点,点评,一般报告,安信证券,"夏庐生,彭虎,杨臻",2020Q4,1133210.0,,104320.0,75040.0,1.29,29.2,0.0,14.6,15.9,买入,,42.57
000063.SZ,中兴通讯,20200330,中兴通讯2019年年报点评：盈利能力增强，稳健扩张的5G龙头,点评,一般报告,中信证券,顾海波,2021Q4,11698085.0,,998900.0,746790.0,1.62,27.0,,12.87,,买入,,51.16
600201.SH,生物股份,20200330,生物股份2019年报点评：业绩底部，拐点或现，研发加码未来成长路径清晰,点评,一般报告,华创证券,王莺,2021Q4,199900.0,,81300.0,68400.0,0.61,34.0,,11.7,25.0,强推,,23.32
688016.SH,心脉医疗,20200330,心脉医疗：公司业绩快速增长，持续开拓主动脉与外周介入市场,,一般报告,兴业证券,徐佳熹,2020Q4,46000.0,,22800.0,19600.0,2.73,59.1,,15.6,,审慎增持,,
300482.SZ,万孚生物,20200330,万孚生物：业绩持续快速增长，感染、血气等产品受益疫情快速放量,一般,一般报告,中泰证券,"江琦,谢木青",2022Q4,414415.0,,122500.0,94370.0,2.75,28.83,,22.48,20.0,买入,,
300482.SZ,万孚生物,20200330,万孚生物：业绩持续快速增长，感染、血气等产品受益疫情快速放量,一般,一般报告,中泰证券,"江琦,谢木青",2021Q4,333167.0,,94600.0,72848.0,2.13,37.34,,21.19,26.0,买入,,
300482.SZ,万孚生物,20200330,万孚生物：业绩持续快速增长，感染、血气等产品受益疫情快速放量,一般,一般报告,中泰证券,"江琦,谢木青",2020Q4,265374.0,,72200.0,55591.0,1.62,48.93,,19.51,33.0,买入,,
300482.SZ,万孚生物,20200330,万孚生物：业绩持续快速增长，感染、血气等产品受益疫情快速放量,一般,一般报告,中泰证券,"江琦,谢木青",2019Q4,207232.0,,50300.0,38746.0,1.13,70.21,,17.43,43.0,买入,,
603605.SH,珀莱雅,20200330,珀莱雅：大众美妆佼佼者，多维升级渐入佳境,深度,首次关注,招商证券,刘丽,2020Q4,407000.0,,67700.0,50000.0,2.48,44.7,,21.0,29.0,强烈推荐,,
603605.SH,珀莱雅,20200330,珀莱雅：大众美妆佼佼者，多维升级渐入佳境,深度,首次关注,招商证券,刘丽,2019Q4,310500.0,,50900.0,37700.0,1.87,59.3,,19.0,37.6,强烈推荐,,
601808.SH,中海油服,20200330,中海油服：业绩符合预期，海上油服龙头稳健前行,点评,一般报告,东北证券,"刘军,邰桂龙",2022Q4,4732600.0,,704100.0,400900.0,0.84,14.14,0.0,8.45,,增持,,16.0
601808.SH,中海油服,20200330,中海油服：业绩符合预期，海上油服龙头稳健前行,点评,一般报告,东北证券,"刘军,邰桂龙",2021Q4,4169700.0,,610000.0,347400.0,0.73,16.32,0.0,8.01,,增持,,16.0
601808.SH,中海油服,20200330,中海油服：业绩符合预期，海上油服龙头稳健前行,点评,一般报告,东北证券,"刘军,邰桂龙",2020Q4,3608600.0,,532500.0,303200.0,0.64,18.7,0.0,7.61,,增持,,16.0
688016.SH,心脉医疗,20200330,心脉医疗：公司业绩快速增长，持续开拓主动脉与外周介入市场,,一般报告,兴业证券,徐佳熹,2021Q4,62800.0,,31200.0,26900.0,3.74,43.2,,17.6,,审慎增持,,
300215.SZ,电科院,20200330,电科院：年报符合预期，一季度受疫情影响业绩出现低点——年报和一季报预告点评,点评,一般报告,新时代证券,开文明,2022Q4,117000.0,,34100.0,29600.0,0.39,20.1,,10.9,7.8,强烈推荐,,
300215.SZ,电科院,20200330,电科院：年报符合预期，一季度受疫情影响业绩出现低点——年报和一季报预告点评,点评,一般报告,新时代证券,开文明,2021Q4,101300.0,,27500.0,23800.0,0.31,24.9,,9.6,9.7,强烈推荐,,
300215.SZ,电科院,20200330,电科院：年报符合预期，一季度受疫情影响业绩出现低点——年报和一季报预告点评,点评,一般报告,新时代证券,开文明,2019Q4,80600.0,,18900.0,16700.0,0.22,35.7,,7.9,13.2,强烈推荐,,
002410.SZ,广联达,20200330,广联达：云转型基本成功，施工业务有望持续快速增长,点评,一般报告,天风证券,沈海兵,2022Q4,607357.0,,88611.0,79555.0,0.7,61.86,,17.28,46.57,买入,,
002410.SZ,广联达,20200330,广联达：云转型基本成功，施工业务有望持续快速增长,点评,一般报告,天风证券,沈海兵,2020Q4,408060.0,,41975.0,37685.0,0.33,130.58,,10.51,83.04,买入,,
600875.SH,东方电气,20200330,东方电气：业绩符合申万宏源预期，转型升级步伐加速,点评,一般报告,申万宏源证券,"韩启明,张雷",2021Q4,3650000.0,,205000.0,162200.0,0.52,16.0,,5.0,,增持,,
600131.SH,国网信通,20200330,国网信通：国网系云网融合业务平台，即将进入发展快车道,一般,首次关注,天风证券,"郭丽丽,沈海兵,石家骏",2021Q4,989922.0,191954.0,95815.0,88947.0,0.8,23.45,,26.45,18.33,买入,,24.0
600131.SH,国网信通,20200330,国网信通：国网系云网融合业务平台，即将进入发展快车道,一般,首次关注,天风证券,"郭丽丽,沈海兵,石家骏",2020Q4,806617.0,156292.0,74121.0,68808.0,0.62,30.32,,25.52,23.44,买入,,24.0
600131.SH,国网信通,20200330,国网信通：国网系云网融合业务平台，即将进入发展快车道,一般,首次关注,天风证券,"郭丽丽,沈海兵,石家骏",2019Q4,631766.0,122323.0,52220.0,48477.0,0.44,43.04,,22.13,32.64,买入,,24.0
600021.SH,上海电力,20200330,上海电力2019年年报点评：清洁能源持续加码，核心业务盈利可观,点评,一般报告,光大证券,"王威,于鸿光",2022Q4,2713800.0,,348300.0,155000.0,0.59,12.0,3.3,7.1,9.4,增持,,
600021.SH,上海电力,20200330,上海电力2019年年报点评：清洁能源持续加码，核心业务盈利可观,点评,一般报告,光大证券,"王威,于鸿光",2021Q4,2522600.0,,298600.0,132900.0,0.51,14.0,2.9,6.4,9.8,增持,,
600021.SH,上海电力,20200330,上海电力2019年年报点评：清洁能源持续加码，核心业务盈利可观,点评,一般报告,光大证券,"王威,于鸿光",2020Q4,2351000.0,,243700.0,108400.0,0.41,17.0,2.3,5.5,10.8,增持,,
688016.SH,心脉医疗,20200330,心脉医疗：公司业绩快速增长，持续开拓主动脉与外周介入市场,,一般报告,兴业证券,徐佳熹,2022Q4,85100.0,,42500.0,36700.0,5.1,31.7,,19.3,,审慎增持,,
603605.SH,珀莱雅,20200330,珀莱雅：大众美妆佼佼者，多维升级渐入佳境,深度,首次关注,招商证券,刘丽,2021Q4,518800.0,,86800.0,64000.0,3.18,34.9,,21.9,23.0,强烈推荐,,
300215.SZ,电科院,20200330,电科院：年报符合预期，一季度受疫情影响业绩出现低点——年报和一季报预告点评,点评,一般报告,新时代证券,开文明,2020Q4,85800.0,,20100.0,17400.0,0.23,34.1,,7.6,12.0,强烈推荐,,
002410.SZ,广联达,20200330,广联达：云转型基本成功，施工业务有望持续快速增长,点评,一般报告,天风证券,沈海兵,2021Q4,497833.0,,62818.0,56398.0,0.5,87.25,,14.15,62.39,买入,,
600875.SH,东方电气,20200330,东方电气：业绩符合申万宏源预期，转型升级步伐加速,点评,一般报告,申万宏源证券,"韩启明,张雷",2022Q4,3770000.0,,231700.0,182800.0,0.59,14.0,,5.3,,增持,,
600875.SH,东方电气,20200330,东方电气：业绩符合申万宏源预期，转型升级步伐加速,点评,一般报告,申万宏源证券,"韩启明,张雷",2020Q4,3450000.0,,193800.0,153600.0,0.49,17.0,,5.0,,增持,,
300455.SZ,康拓红外,20200330,康拓红外动态点评：航天电子和特种机器人助力，发展进入快车道,点评,首次关注,国海证券,"苏立赞,邹刚",2021Q4,190900.0,,37300.0,32300.0,0.45,28.02,,29.12,,买入,,
300455.SZ,康拓红外,20200330,康拓红外动态点评：航天电子和特种机器人助力，发展进入快车道,点评,首次关注,国海证券,"苏立赞,邹刚",2020Q4,139000.0,,26400.0,22800.0,0.32,39.64,,24.81,,买入,,
300455.SZ,康拓红外,20200330,康拓红外动态点评：航天电子和特种机器人助力，发展进入快车道,点评,首次关注,国海证券,"苏立赞,邹刚",2019Q4,92800.0,,16500.0,14300.0,0.2,63.34,,18.17,,买入,,
600012.SH,皖通高速,20200330,皖通高速：业绩略低于预期，期待补偿方案,点评,一般报告,华泰证券,"沈晓峰,林霞颖",2020Q4,187000.0,40500.0,34197.0,30727.0,0.19,27.85,,2.88,7.06,买入,6.38,6.0
000063.SZ,中兴通讯,20200330,中兴通讯：王者归来风采依旧，5G建设如火如荼,点评,一般报告,兴业证券,"谢恒,杨尚东",2022Q4,14741300.0,,1055400.0,813000.0,1.763,22.5,,12.1,,审慎增持,,
000063.SZ,中兴通讯,20200330,中兴通讯：王者归来风采依旧，5G建设如火如荼,点评,一般报告,兴业证券,"谢恒,杨尚东",2021Q4,13627400.0,,914000.0,703400.0,1.525,26.0,,12.4,,审慎增持,,
000063.SZ,中兴通讯,20200330,中兴通讯：王者归来风采依旧，5G建设如火如荼,点评,一般报告,兴业证券,"谢恒,杨尚东",2020Q4,11519800.0,,743000.0,601500.0,1.304,30.4,,12.7,,审慎增持,,
002459.SZ,晶澳科技,20200330,晶澳科技事件点评：业绩超预期，保持组件龙头地位,点评,首次关注,国海证券,"谭倩,傅鸿浩",2022Q4,3970900.0,,306500.0,238200.0,1.78,7.16,,29.77,,增持,,
002459.SZ,晶澳科技,20200330,晶澳科技事件点评：业绩超预期，保持组件龙头地位,点评,首次关注,国海证券,"谭倩,傅鸿浩",2020Q4,2674600.0,,195100.0,151600.0,1.13,11.25,,20.46,,增持,,
600588.SH,用友网络,20200330,用友网络：云业务继续高增长，3.0战略迈入新阶段,点评,一般报告,中泰证券,"闻学臣,何柄谕",2022Q4,1382800.0,,224400.0,176800.0,0.71,58.35,0.0,15.68,,买入,,
600588.SH,用友网络,20200330,用友网络：云业务继续高增长，3.0战略迈入新阶段,点评,一般报告,中泰证券,"闻学臣,何柄谕",2021Q4,1155500.0,,168700.0,132900.0,0.53,77.61,0.0,13.98,,买入,,
600588.SH,用友网络,20200330,用友网络：云业务继续高增长，3.0战略迈入新阶段,点评,一般报告,中泰证券,"闻学臣,何柄谕",2020Q4,981900.0,,127200.0,100200.0,0.4,102.91,0.0,12.26,,买入,,
002706.SZ,良信电器,20200330,良信电器事件点评：业绩符合预期，受益于竣工周期与新基建,点评,首次评级,国海证券,"谭倩,尹斌,傅鸿浩,张涵",2022Q4,381400.0,,62600.0,54300.0,0.69,17.1,,20.98,,买入,,
002706.SZ,良信电器,20200330,良信电器事件点评：业绩符合预期，受益于竣工周期与新基建,点评,首次评级,国海证券,"谭倩,尹斌,傅鸿浩,张涵",2021Q4,316500.0,,50800.0,44100.0,0.56,21.08,,19.91,,买入,,
000538.SZ,云南白药,20200330,云南白药2019年报点评：权激励落地激发动力，药品及日化业务有望恢复增长,点评,一般报告,华创证券,刘宇腾,2022Q4,3893000.0,,640300.0,566800.0,4.44,19.0,,13.8,17.0,推荐,,94.9
000538.SZ,云南白药,20200330,云南白药2019年报点评：权激励落地激发动力，药品及日化业务有望恢复增长,点评,一般报告,华创证券,刘宇腾,2020Q4,3254300.0,,520500.0,460800.0,3.61,23.0,,11.9,21.0,推荐,,94.9
002706.SZ,良信电器,20200330,良信电器事件点评：业绩符合预期，受益于竣工周期与新基建,点评,首次评级,国海证券,"谭倩,尹斌,傅鸿浩,张涵",2020Q4,258400.0,,40200.0,34900.0,0.44,26.62,,18.27,,买入,,
002706.SZ,良信电器,20200330,良信电器2019年年报点评：积跬步、至千里，积小胜，为大胜,一般,一般报告,兴业证券,"朱玥,王吉颖",2022Q4,420700.0,,71800.0,62300.0,0.79,13.54,,21.0,,审慎增持,,
600012.SH,皖通高速,20200330,皖通高速：业绩略低于预期，期待补偿方案,点评,一般报告,华泰证券,"沈晓峰,林霞颖",2021Q4,336400.0,190100.0,178300.0,124700.0,0.75,6.86,,10.54,3.35,买入,6.38,6.0
002706.SZ,良信电器,20200330,良信电器2019年年报点评：积跬步、至千里，积小胜，为大胜,一般,一般报告,兴业证券,"朱玥,王吉颖",2021Q4,337100.0,,53900.0,46800.0,0.6,18.02,,18.4,,审慎增持,,
600583.SH,海油工程,20200330,海油工程：海工业务量明显回升，拓展LNG工程显成效,点评,一般报告,招商证券,"王强,李舜",2022Q4,2245900.0,,251800.0,162500.0,0.37,12.9,,6.4,9.0,审慎推荐,,
600012.SH,皖通高速,20200330,皖通高速：业绩略低于预期，期待补偿方案,点评,一般报告,华泰证券,"沈晓峰,林霞颖",2022Q4,355200.0,,200500.0,137700.0,0.83,6.21,,10.78,3.13,买入,6.38,6.0
600583.SH,海油工程,20200330,海油工程：海工业务量明显回升，拓展LNG工程显成效,点评,一般报告,招商证券,"王强,李舜",2020Q4,1921800.0,,140100.0,90900.0,0.21,23.1,,3.9,12.9,审慎推荐,,
300699.SZ,光威复材,20200330,光威复材：军品民品均保持稳定增长，一季度受疫情影响较小,点评,一般报告,招商证券,"周铮,钟浩,段一帆",2022Q4,347700.0,,117300.0,98800.0,1.91,26.1,,19.8,20.1,强烈推荐,,
300699.SZ,光威复材,20200330,光威复材：军品民品均保持稳定增长，一季度受疫情影响较小,点评,一般报告,招商证券,"周铮,钟浩,段一帆",2021Q4,259100.0,,89200.0,75600.0,1.46,34.1,,17.9,25.7,强烈推荐,,
300699.SZ,光威复材,20200330,光威复材：军品民品均保持稳定增长，一季度受疫情影响较小,点评,一般报告,招商证券,"周铮,钟浩,段一帆",2020Q4,206300.0,,72600.0,61900.0,1.19,41.6,,17.1,31.0,强烈推荐,,
300699.SZ,光威复材,20200330,光威复材：军品民品均保持稳定增长，一季度受疫情影响较小,点评,一般报告,招商证券,"周铮,钟浩,段一帆",2019Q4,171500.0,,60800.0,52200.0,1.01,49.4,,16.1,36.1,强烈推荐,,
002459.SZ,晶澳科技,20200330,晶澳科技事件点评：业绩超预期，保持组件龙头地位,点评,首次关注,国海证券,"谭倩,傅鸿浩",2021Q4,3258900.0,,245600.0,190800.0,1.42,8.94,,30.3,,增持,,
601319.SH,中国人保,20200330,中国人保2019年年报点评：产险盈利有望改善，寿险结构持续优化,点评,一般报告,光大证券,"王一峰,郑君怡",2022Q4,85551500.0,,4167900.0,3135200.0,0.71,9.0,,,,买入,,
601319.SH,中国人保,20200330,中国人保2019年年报点评：产险盈利有望改善，寿险结构持续优化,点评,一般报告,光大证券,"王一峰,郑君怡",2021Q4,71971500.0,,3208800.0,2413700.0,0.55,12.0,,,,买入,,
600021.SH,上海电力,20200330,上海电力2019年年报点评：清洁能源持续加码，核心业务盈利可观,点评,一般报告,光大证券,"王威,于鸿光",2019Q4,2369000.0,,253300.0,96200.0,0.37,19.0,1.8,5.0,9.3,增持,,
002706.SZ,良信电器,20200330,良信电器2019年年报点评：积跬步、至千里，积小胜，为大胜,一般,一般报告,兴业证券,"朱玥,王吉颖",2020Q4,267600.0,,41100.0,35700.0,0.46,23.63,,15.7,,审慎增持,,
000538.SZ,云南白药,20200330,云南白药2019年报点评：权激励落地激发动力，药品及日化业务有望恢复增长,点评,一般报告,华创证券,刘宇腾,2021Q4,3563200.0,,577800.0,511500.0,4.0,21.0,,12.8,19.0,推荐,,94.9
600583.SH,海油工程,20200330,海油工程：海工业务量明显回升，拓展LNG工程显成效,点评,一般报告,招商证券,"王强,李舜",2021Q4,2099000.0,,195600.0,126500.0,0.29,16.6,,5.2,10.6,审慎推荐,,
300497.SZ,富祥股份,20200330,富祥股份：定增助力拓下游、扩品类，产业链一体化战略深度推进,点评,一般报告,天风证券,"潘海洋,郑薇",2021Q4,207423.0,,62966.0,52718.0,1.83,14.99,,24.97,10.32,买入,,
300497.SZ,富祥股份,20200330,富祥股份：定增助力拓下游、扩品类，产业链一体化战略深度推进,点评,一般报告,天风证券,"潘海洋,郑薇",2020Q4,169925.0,,48089.0,40263.0,1.4,19.63,,23.37,13.8,买入,,
300497.SZ,富祥股份,20200330,富祥股份：定增助力拓下游、扩品类，产业链一体化战略深度推进,点评,一般报告,天风证券,"潘海洋,郑薇",2019Q4,135642.0,,36185.0,30296.0,1.052,24.76,,21.38,17.84,买入,,
002459.SZ,晶澳科技,20200330,晶澳科技：业绩高增长，垂直一体化龙头,点评,首次关注,东北证券,"笪佳敏,顾一弘",2022Q4,3395000.0,,249900.0,212400.0,1.58,8.03,0.0,15.83,,增持,,16.0
002459.SZ,晶澳科技,20200330,晶澳科技：业绩高增长，垂直一体化龙头,点评,首次关注,东北证券,"笪佳敏,顾一弘",2021Q4,2821000.0,,213800.0,181800.0,1.35,9.38,0.0,16.09,,增持,,16.0
002459.SZ,晶澳科技,20200330,晶澳科技：业绩高增长，垂直一体化龙头,点评,首次关注,东北证券,"笪佳敏,顾一弘",2020Q4,2463000.0,,167800.0,142600.0,1.06,11.96,0.0,15.05,,增持,,16.0
601808.SH,中海油服,20200330,中海油服：业务量创新高驱动业绩增长，结构调整弱化波动,点评,一般报告,招商证券,"王强,李舜",2022Q4,4477900.0,,618700.0,444300.0,0.93,12.8,,9.8,8.5,审慎推荐,,
601808.SH,中海油服,20200330,中海油服：业务量创新高驱动业绩增长，结构调整弱化波动,点评,一般报告,招商证券,"王强,李舜",2021Q4,4120100.0,,546000.0,394700.0,0.83,14.4,,9.4,8.9,审慎推荐,,
601808.SH,中海油服,20200330,中海油服：业务量创新高驱动业绩增长，结构调整弱化波动,点评,一般报告,招商证券,"王强,李舜",2020Q4,3638100.0,,426400.0,313600.0,0.66,18.1,,8.0,9.7,审慎推荐,,
600038.SH,中直股份,20200330,中直股份：航空产品增速创五年新高，大股东资产整合持续推进,点评,一般报告,招商证券,"王超,岑晓翔",2021Q4,2262500.0,,114000.0,89600.0,1.52,28.3,,9.5,28.7,强烈推荐,,
600038.SH,中直股份,20200330,中直股份：航空产品增速创五年新高，大股东资产整合持续推进,点评,一般报告,招商证券,"王超,岑晓翔",2020Q4,1889600.0,,92500.0,72700.0,1.23,34.9,,8.3,33.2,强烈推荐,,
600038.SH,中直股份,20200330,中直股份：航空产品增速创五年新高，大股东资产整合持续推进,点评,一般报告,招商证券,"王超,岑晓翔",2019Q4,1579500.0,,68000.0,58800.0,1.0,43.1,,7.2,45.9,强烈推荐,,
601088.SH,中国神华,20200330,中国神华：分红率大幅提升，公司类债属性凸显,点评,一般报告,兴业证券,"龚里,李春驰",2022Q4,22774200.0,,6905900.0,4474300.0,2.25,7.2,,11.9,,审慎增持,,
601088.SH,中国神华,20200330,中国神华：分红率大幅提升，公司类债属性凸显,点评,一般报告,兴业证券,"龚里,李春驰",2021Q4,22553600.0,,6765500.0,4383600.0,2.2,7.4,,12.4,,审慎增持,,
601088.SH,中国神华,20200330,中国神华：分红率大幅提升，公司类债属性凸显,点评,一般报告,兴业证券,"龚里,李春驰",2020Q4,22356400.0,,6632600.0,4296600.0,2.16,7.5,,12.8,,审慎增持,,
002129.SZ,中环股份,20200330,中环股份：业绩增长亮眼，期待大硅片和半导体业务突破,点评,一般报告,财通证券,"龚斯闻,周淼顺,付正浩,林煜",2020Q4,2205400.0,,234700.0,162600.0,0.58,24.8,0.4,11.0,10.9,买入,,
002129.SZ,中环股份,20200330,中环股份：业绩增长亮眼，期待大硅片和半导体业务突破,点评,一般报告,财通证券,"龚斯闻,周淼顺,付正浩,林煜",2022Q4,3609400.0,,383900.0,265400.0,0.95,15.2,0.7,13.9,7.3,买入,,
002129.SZ,中环股份,20200330,中环股份：业绩增长亮眼，期待大硅片和半导体业务突破,点评,一般报告,财通证券,"龚斯闻,周淼顺,付正浩,林煜",2021Q4,2970700.0,,317200.0,219600.0,0.79,18.4,0.6,13.1,8.5,买入,,
600038.SH,中直股份,20200330,中直股份：航空产品增速创五年新高，大股东资产整合持续推进,点评,一般报告,招商证券,"王超,岑晓翔",2022Q4,2710000.0,,138100.0,108400.0,1.84,23.4,,10.6,24.4,强烈推荐,,
601319.SH,中国人保,20200330,中国人保2019年年报点评：产险盈利有望改善，寿险结构持续优化,点评,一般报告,光大证券,"王一峰,郑君怡",2020Q4,62172000.0,,2547300.0,1916100.0,0.43,15.0,,,,买入,,
300741.SZ,华宝股份,20200330,国泰君安晨报,非个股,一般报告,国泰君安,"李梓语,訾猛",2020Q4,,,,128103.04,2.08,,,,,增持,,40.0
600305.SH,恒顺醋业,20200330,食品饮料行业2020年一季报业绩前瞻：疫情当下降低预期，继续把握两条主线,非个股,一般报告,华创证券,"方振,董广阳,于芝欢,程航,杨传忻",2020Q1,48000.0,,,28000.0,0.357,,,,,无,,
600754.SH,锦江酒店,20200330,国泰君安晨报,非个股,一般报告,国泰君安,"于清泰,刘越男",2022Q4,,,,130279.356,1.36,,,,,增持,,31.25
002734.SZ,利民股份,20200330,天风证券晨会集萃,非个股,一般报告,天风证券,唐婕,2021Q4,,,,53800.0,1.88,,,,,买入,,21.6
300567.SZ,精测电子,20200330,次新股指数下跌，关注知名特种TPU专业生产商美瑞新材——中小盘次新股／科创板周报一百四十五期（2020／3／23－2020／3／27）,非个股,一般报告,申万宏源证券,无,2020Q4,,,,43681.489,1.78,,,,,无,,
300628.SZ,亿联网络,20200330,次新股指数下跌，关注知名特种TPU专业生产商美瑞新材——中小盘次新股／科创板周报一百四十五期（2020／3／23－2020／3／27）,非个股,一般报告,申万宏源证券,无,2019Q4,,,,125288.394,2.09,,,,,无,,
002223.SZ,鱼跃医疗,20200330,医药生物行业周报（第十三周）,非个股,一般报告,华泰证券,"代雯,孔垂岩",2019Q4,,,,84208.062,0.84,,,,,买入,,37.28
600845.SH,宝信软件,20200330,关注华为鲲鹏产业链与信创领域重点公司—计算机周报,非个股,一般报告,民生证券,"强超廷,郭新宇,应瑛",2021Q4,,,,156230.725,1.37,,,,,推荐,,
601988.SH,中国银行,20200330,中国银行：息差承压，贷款增长提速,点评,一般报告,天风证券,"廖志明,朱于畋",2020Q4,57560000.0,,25230000.0,19220000.0,0.65,5.39,,10.96,,增持,,5.05
300178.SZ,腾邦国际,20200330,休闲服务行业周报（3.23－3.29）：华住入住率恢复至62％，龙头餐饮酒店开店计划受影响较小,非个股,一般报告,申万宏源证券,"刘乐文,于佳琪",2020Q4,,,,27742.873,0.45,,,,,无,,
002007.SZ,华兰生物,20200330,国泰君安晨报,非个股,一般报告,国泰君安,"丁丹,黄炎",2022Q4,,,,223086.384,1.59,,,,,增持,,55.93
600990.SH,四创电子,20200330,业绩增长确定，军工配置价值显著—军工行业周报,非个股,一般报告,民生证券,王一川,2020Q4,,,,24831.941,1.56,,,,,推荐,,
600660.SH,福耀玻璃,20200330,国泰君安晨报,非个股,一般报告,国泰君安,"赵晨阳,鲍雁辛",2019Q4,,,,290999.634,1.16,,,,,增持,,24.6
002841.SZ,视源股份,20200330,次新股指数下跌，关注知名特种TPU专业生产商美瑞新材——中小盘次新股／科创板周报一百四十五期（2020／3／23－2020／3／27）,非个股,一般报告,申万宏源证券,无,2020Q4,,,,185552.363,2.83,,,,,无,,
300672.SZ,国科微,20200330,次新股指数下跌，关注知名特种TPU专业生产商美瑞新材——中小盘次新股／科创板周报一百四十五期（2020／3／23－2020／3／27）,非个股,一般报告,申万宏源证券,无,2020Q4,,,,16418.506,0.91,,,,,无,,
002557.SZ,洽洽食品,20200330,食品饮料行业2020年一季报业绩前瞻：疫情当下降低预期，继续把握两条主线,非个股,一般报告,华创证券,"方振,董广阳,于芝欢,程航,杨传忻",2019Q4,484000.0,,,61000.0,1.203,,,,,无,,
002460.SZ,赣锋锂业,20200330,海通证券研究所重点推荐股票池（2020年4月）,非个股,一般报告,海通证券,施毅,2019Q4,,,,38784.651,0.3,,,,,无,,
002841.SZ,视源股份,20200330,次新股指数下跌，关注知名特种TPU专业生产商美瑞新材——中小盘次新股／科创板周报一百四十五期（2020／3／23－2020／3／27）,非个股,一般报告,申万宏源证券,无,2019Q4,,,,164571.177,2.51,,,,,无,,
603986.SH,兆易创新,20200330,电子：CIS供需偏紧有望维持；建议关注本土疫情好转后供应链机会,非个股,一般报告,中信建投,"雷鸣,季清斌",2021Q4,,,,160000.0,4.98,,,,,无,,
000538.SZ,云南白药,20200330,国泰君安晨报,非个股,一般报告,国泰君安,"赵峻峰,丁丹",2022Q4,,,,608043.979,4.76,,,,,增持,,103.88
600745.SH,闻泰科技,20200330,电子：CIS供需偏紧有望维持；建议关注本土疫情好转后供应链机会,非个股,一般报告,中信建投,"雷鸣,季清斌",2019Q4,,,,143000.0,1.27,,,,,无,,
603916.SH,苏博特,20200330,申万宏源晨会纪要,非个股,一般报告,申万宏源证券,"李楠竹,宋涛,马昕晔",2019Q4,,,,35000.0,1.127,,,,,增持,,
688030.SH,山石网科,20200330,山石网科：网络安全技术创新领导企业,,首份报告,上海证券,滕文飞,2019Q4,67457.0,,10422.0,9119.0,0.506,83.56,,17.97,,无,,
000338.SZ,潍柴动力,20200330,国泰君安晨报,非个股,一般报告,国泰君安,"徐伟东,吴晓飞,陈麟瓒",2020Q4,,,,1142477.841,1.44,,,,,增持,,18.4
300682.SZ,朗新科技,20200330,海通证券研究所重点推荐股票池（2020年4月）,非个股,一般报告,海通证券,郑宏达,2019Q4,,,,41508.602,0.61,,,,,无,,
300454.SZ,深信服,20200330,关注华为鲲鹏产业链与信创领域重点公司—计算机周报,非个股,一般报告,民生证券,"强超廷,郭新宇,应瑛",2020Q4,,,,80575.589,1.97,,,,,推荐,,
000895.SZ,双汇发展,20200330,食品饮料：政策刺激消费，关注受益板块报复性反弹机会,非个股,一般报告,中信建投,"安雅泽,吕睿竞,纪宗亚,陈语匆",2021Q4,7200000.0,,,660000.0,1.99,,,,,无,,
300146.SZ,汤臣倍健,20200330,海通证券研究所重点推荐股票池（2020年4月）,非个股,一般报告,海通证券,闻宏伟,2020Q4,,,,136094.36,0.86,,,,,无,,
300673.SZ,佩蒂股份,20200330,次新股指数下跌，关注知名特种TPU专业生产商美瑞新材——中小盘次新股／科创板周报一百四十五期（2020／3／23－2020／3／27）,非个股,一般报告,申万宏源证券,无,2019Q4,,,,6010.887,0.41,,,,,无,,
300699.SZ,光威复材,20200330,次新股指数下跌，关注知名特种TPU专业生产商美瑞新材——中小盘次新股／科创板周报一百四十五期（2020／3／23－2020／3／27）,非个股,一般报告,申万宏源证券,无,2020Q4,,,,64793.75,1.25,,,,,无,,
600779.SH,水井坊,20200330,食品饮料行业2020年一季报业绩前瞻：疫情当下降低预期，继续把握两条主线,非个股,一般报告,华创证券,"方振,董广阳,于芝欢,程航,杨传忻",2020Q1,102000.0,,,24000.0,0.491,,,,,无,,
600031.SH,三一重工,20200330,兴业证券晨会纪要,非个股,一般报告,兴业证券,张亚滨,2019Q4,7490000.0,,,1130000.0,1.34,,,,,审慎增持,,
300408.SZ,三环集团,20200330,电子：CIS供需偏紧有望维持；建议关注本土疫情好转后供应链机会,非个股,一般报告,中信建投,"雷鸣,季清斌",2020Q4,,,,117000.0,0.67,,,,,无,,
600958.SH,东方证券,20200330,国泰君安晨报,非个股,一般报告,国泰君安,"高超,刘欣琦",2021Q4,,,,370663.758,0.53,,,,,增持,,13.77
000430.SZ,张家界,20200330,休闲服务行业周报（3.23－3.29）：华住入住率恢复至62％，龙头餐饮酒店开店计划受影响较小,非个股,一般报告,申万宏源证券,"刘乐文,于佳琪",2019Q4,,,,4048.177,0.1,,,,,无,,
002891.SZ,中宠股份,20200330,次新股指数下跌，关注知名特种TPU专业生产商美瑞新材——中小盘次新股／科创板周报一百四十五期（2020／3／23－2020／3／27）,非个股,一般报告,申万宏源证券,无,2021Q4,,,,14790.726,0.87,,,,,无,,
300363.SZ,博腾股份,20200330,博腾股份：19年全年&20年Q1业绩亮眼，三驾马车正式启航,点评,一般报告,安信证券,"马帅,冯雪云",2021Q4,271730.0,,36730.0,32970.0,0.61,44.1,0.0,8.9,25.5,增持,,26.81
600036.SH,招商银行,20200330,招商银行：“零售之王”的发展之路与战场新布局,深度,一般报告,东北证券,"刘辰涵,陈玉卢",2021Q4,32654100.0,,15452200.0,12281700.0,4.87,6.72,4.98,16.2,,买入,,38.8
601799.SH,星宇股份,20200330,海通证券研究所重点推荐股票池（2020年4月）,非个股,一般报告,海通证券,"杜威,王猛",2020Q4,,,,95825.866,3.47,,,,,无,,
688030.SH,山石网科,20200330,山石网科：网络安全技术创新领导企业,,首份报告,上海证券,滕文飞,2020Q4,87956.0,,12894.0,11282.0,0.626,67.54,,18.19,,无,,
600887.SH,伊利股份,20200330,食品饮料行业2020年一季报业绩前瞻：疫情当下降低预期，继续把握两条主线,非个股,一般报告,华创证券,"方振,董广阳,于芝欢,程航,杨传忻",2020Q1,2313000.0,,,205000.0,0.338,,,,,无,,
603288.SH,海天味业,20200330,食品饮料：政策刺激消费，关注受益板块报复性反弹机会,非个股,一般报告,中信建投,"安雅泽,吕睿竞,纪宗亚,陈语匆",2021Q4,2651400.0,,,761300.0,2.82,,,,,无,,
300741.SZ,华宝股份,20200330,国泰君安晨报,非个股,一般报告,国泰君安,"李梓语,訾猛",2021Q4,,,,136725.36,2.22,,,,,增持,,40.0
002690.SZ,美亚光电,20200330,浙商证券晨报,非个股,一般报告,浙商证券,李锋,2020Q4,,,,68200.0,1.009,,,,,买入,,
601595.SH,上海电影,20200330,把握线上娱乐高景气，关注一季报确定性机会—传媒周报,非个股,一般报告,民生证券,"刘欣,张昱,钟奇",2019Q4,,,,18675.0,0.5,,,,,推荐,,
600754.SH,锦江酒店,20200330,国泰君安晨报,非个股,一般报告,国泰君安,"于清泰,刘越男",2020Q4,,,,65139.678,0.68,,,,,增持,,31.25
300750.SZ,宁德时代,20200330,海通证券研究所重点推荐股票池（2020年4月）,非个股,一般报告,海通证券,张一弛,2019Q4,,,,437263.141,1.98,,,,,无,,
600406.SH,国电南瑞,20200330,海通证券研究所重点推荐股票池（2020年4月）,非个股,一般报告,海通证券,房青,2019Q4,,,,457572.141,0.99,,,,,无,,
600009.SH,上海机场,20200330,申万宏源晨会纪要,非个股,一般报告,申万宏源证券,"郭晶,闫海,游道柱,匡培钦",2021Q4,,,,630700.0,3.273,,,,,买入,,
002271.SZ,东方雨虹,20200330,海通证券研究所重点推荐股票池（2020年4月）,非个股,一般报告,海通证券,杜市伟,2019Q4,,,,216168.637,1.4,,,,,无,,
603659.SH,璞泰来,20200330,国泰君安晨报,非个股,一般报告,国泰君安,"石岩,胥本涛,徐云飞",2021Q4,,,,115000.0,2.64,,,,,增持,,78.1
000063.SZ,中兴通讯,20200330,国泰君安晨报,非个股,一般报告,国泰君安,"王彦龙,程硕",2022Q4,,,,1083000.0,2.35,,,,,增持,,52.0
600809.SH,山西汾酒,20200330,食品饮料行业2020年一季报业绩前瞻：疫情当下降低预期，继续把握两条主线,非个股,一般报告,华创证券,"方振,董广阳,于芝欢,程航,杨传忻",2020Q1,426000.0,,,97000.0,1.113,,,,,无,,
601799.SH,星宇股份,20200330,海通证券研究所重点推荐股票池（2020年4月）,非个股,一般报告,海通证券,"杜威,王猛",2019Q4,,,,77875.775,2.82,,,,,无,,
603650.SH,彤程新材,20200330,次新股指数下跌，关注知名特种TPU专业生产商美瑞新材——中小盘次新股／科创板周报一百四十五期（2020／3／23－2020／3／27）,非个股,一般报告,申万宏源证券,无,2021Q4,,,,63872.638,1.09,,,,,无,,
000802.SZ,北京文化,20200330,海通证券研究所重点推荐股票池（2020年4月）,非个股,一般报告,海通证券,"郝艳辉,毛云聪",2020Q4,,,,35079.112,0.49,,,,,无,,
002891.SZ,中宠股份,20200330,次新股指数下跌，关注知名特种TPU专业生产商美瑞新材——中小盘次新股／科创板周报一百四十五期（2020／3／23－2020／3／27）,非个股,一般报告,申万宏源证券,无,2019Q4,,,,7820.384,0.46,,,,,无,,
603916.SH,苏博特,20200330,海通证券研究所重点推荐股票池（2020年4月）,非个股,一般报告,海通证券,刘威,2020Q4,,,,36962.59,1.19,,,,,无,,
002557.SZ,洽洽食品,20200330,食品饮料行业2020年一季报业绩前瞻：疫情当下降低预期，继续把握两条主线,非个股,一般报告,华创证券,"方振,董广阳,于芝欢,程航,杨传忻",2020Q1,114000.0,,,13000.0,0.256,,,,,无,,
603043.SH,广州酒家,20200330,休闲服务行业周报（3.23－3.29）：华住入住率恢复至62％，龙头餐饮酒店开店计划受影响较小,非个股,一般报告,申万宏源证券,"刘乐文,于佳琪",2021Q4,,,,58175.45,1.44,,,,,无,,
600298.SH,安琪酵母,20200330,食品饮料行业2020年一季报业绩前瞻：疫情当下降低预期，继续把握两条主线,非个股,一般报告,华创证券,"方振,董广阳,于芝欢,程航,杨传忻",2020Q1,209000.0,,,16000.0,0.194,,,,,无,,
300672.SZ,国科微,20200330,次新股指数下跌，关注知名特种TPU专业生产商美瑞新材——中小盘次新股／科创板周报一百四十五期（2020／3／23－2020／3／27）,非个股,一般报告,申万宏源证券,无,2019Q4,,,,6856.079,0.38,,,,,无,,
600958.SH,东方证券,20200330,国泰君安晨报,非个股,一般报告,国泰君安,"高超,刘欣琦",2020Q4,,,,272752.576,0.39,,,,,增持,,13.77
300178.SZ,腾邦国际,20200330,休闲服务行业周报（3.23－3.29）：华住入住率恢复至62％，龙头餐饮酒店开店计划受影响较小,非个股,一般报告,申万宏源证券,"刘乐文,于佳琪",2019Q4,,,,-157826.123,-2.56,,,,,无,,
000596.SZ,古井贡酒,20200330,食品饮料行业2020年一季报业绩前瞻：疫情当下降低预期，继续把握两条主线,非个股,一般报告,华创证券,"方振,董广阳,于芝欢,程航,杨传忻",2019Q4,1042000.0,,,227000.0,4.508,,,,,无,,
600486.SH,扬农化工,20200330,海通证券研究所重点推荐股票池（2020年4月）,非个股,一般报告,海通证券,刘威,2020Q4,,,,121170.473,3.91,,,,,无,,
000333.SZ,美的集团,20200330,财信证券晨会纪要,非个股,一般报告,财信证券,"黄红卫,彭敏",2019Q4,,,,2308200.0,3.3,,,,,推荐,,
002223.SZ,鱼跃医疗,20200330,医药生物行业周报（第十三周）,非个股,一般报告,华泰证券,"代雯,孔垂岩",2021Q4,,,,112277.416,1.12,,,,,买入,,37.28
002415.SZ,海康威视,20200330,电子：CIS供需偏紧有望维持；建议关注本土疫情好转后供应链机会,非个股,一般报告,中信建投,"雷鸣,季清斌",2021Q4,,,,1955000.0,2.09,,,,,无,,
002129.SZ,中环股份,20200330,国泰君安晨报,非个股,一般报告,国泰君安,"庞钧文,徐云飞",2021Q4,,,,192175.797,0.69,,,,,增持,,21.9
600315.SH,上海家化,20200330,纺织服装行业：战略配置运动服饰板块，化妆品也继续看好,非个股,一般报告,东方证券,"施红梅,赵越峰,张维益,朱炎",2021Q4,,,,63768.604,0.95,,,,,增持,,
601899.SH,紫金矿业,20200330,海通证券研究所重点推荐股票池（2020年4月）,非个股,一般报告,海通证券,施毅,2020Q4,,,,431413.419,0.17,,,,,无,,
601933.SH,永辉超市,20200330,海通证券研究所重点推荐股票池（2020年4月）,非个股,一般报告,海通证券,汪立亭,2019Q4,,,,200979.704,0.21,,,,,无,,
600426.SH,华鲁恒升,20200330,国泰君安晨报,非个股,一般报告,国泰君安,李明刚,2020Q4,,,,224479.046,1.38,,,,,增持,,20.7
002891.SZ,中宠股份,20200330,次新股指数下跌，关注知名特种TPU专业生产商美瑞新材——中小盘次新股／科创板周报一百四十五期（2020／3／23－2020／3／27）,非个股,一般报告,申万宏源证券,无,2020Q4,,,,9350.459,0.55,,,,,无,,
603369.SH,今世缘,20200330,食品饮料行业：估值如预期开启修复，白酒板块迎来年内最佳配置时机,非个股,一般报告,民生证券,"于杰,熊航,徐洋,赵梦秋",2020Q4,,,,173121.0,1.38,,,,,推荐,,
000034.SZ,神州数码,20200330,海通证券研究所重点推荐股票池（2020年4月）,非个股,一般报告,海通证券,郑宏达,2019Q4,,,,66715.184,1.02,,,,,无,,
603978.SH,深圳新星,20200330,次新股指数下跌，关注知名特种TPU专业生产商美瑞新材——中小盘次新股／科创板周报一百四十五期（2020／3／23－2020／3／27）,非个股,一般报告,申万宏源证券,无,2019Q4,,,,15200.0,0.95,,,,,无,,
600745.SH,闻泰科技,20200330,电子：CIS供需偏紧有望维持；建议关注本土疫情好转后供应链机会,非个股,一般报告,中信建投,"雷鸣,季清斌",2021Q4,,,,430000.0,3.83,,,,,无,,
603444.SH,吉比特,20200330,海通证券研究所重点推荐股票池（2020年4月）,非个股,一般报告,海通证券,"郝艳辉,毛云聪",2020Q4,,,,105856.485,14.73,,,,,无,,
600104.SH,上汽集团,20200330,海通证券研究所重点推荐股票池（2020年4月）,非个股,一般报告,海通证券,"杜威,王猛",2019Q4,,,,3026016.494,2.59,,,,,无,,
300567.SZ,精测电子,20200330,次新股指数下跌，关注知名特种TPU专业生产商美瑞新材——中小盘次新股／科创板周报一百四十五期（2020／3／23－2020／3／27）,非个股,一般报告,申万宏源证券,无,2019Q4,,,,26503.375,1.08,,,,,无,,
601688.SH,华泰证券,20200330,海通证券研究所重点推荐股票池（2020年4月）,非个股,一般报告,海通证券,孙婷,2020Q4,,,,880435.05,0.97,,,,,无,,
601988.SH,中国银行,20200330,中国银行：息差承压，贷款增长提速,点评,一般报告,天风证券,"廖志明,朱于畋",2022Q4,65950000.0,,27160000.0,20780000.0,0.71,4.99,,9.53,,增持,,5.05
600600.SH,青岛啤酒,20200330,青岛啤酒：结构升级延续，弱势市场改善,点评,一般报告,长江证券,"董思远,张伟欣,赵海燕,徐爽,万牧原",2022Q4,3111500.0,1303200.0,405100.0,272300.0,2.02,22.87,,10.0,8.4,买入,,
600600.SH,青岛啤酒,20200330,青岛啤酒：结构升级延续，弱势市场改善,点评,一般报告,长江证券,"董思远,张伟欣,赵海燕,徐爽,万牧原",2021Q4,2954000.0,1202000.0,343000.0,230600.0,1.71,27.01,,10.0,10.96,买入,,
600600.SH,青岛啤酒,20200330,青岛啤酒：结构升级延续，弱势市场改善,点评,一般报告,长江证券,"董思远,张伟欣,赵海燕,徐爽,万牧原",2020Q4,2658000.0,1053600.0,281800.0,188100.0,1.39,33.11,,9.0,14.26,买入,,
600600.SH,青岛啤酒,20200330,青岛啤酒2019年报点评：产品结构持续优化，盈利能力稳步向好,点评,一般报告,华创证券,"方振,程航,董广阳",2022Q4,3058700.0,,440000.0,274600.0,2.03,22.0,,11.1,15.0,强推,,55.0
600600.SH,青岛啤酒,20200330,青岛啤酒2019年报点评：产品结构持续优化，盈利能力稳步向好,点评,一般报告,华创证券,"方振,程航,董广阳",2021Q4,2922400.0,,380700.0,237500.0,1.76,25.0,,10.4,17.0,强推,,55.0
600600.SH,青岛啤酒,20200330,青岛啤酒2019年报点评：产品结构持续优化，盈利能力稳步向好,点评,一般报告,华创证券,"方振,程航,董广阳",2020Q4,2685000.0,,317100.0,197900.0,1.46,30.0,,9.4,19.0,强推,,55.0
002396.SZ,星网锐捷,20200330,星网锐捷：云化与信创助力公司成长,一般,一般报告,华泰证券,"王林,付东",2022Q4,1690600.0,,163100.0,113200.0,1.94,20.14,,18.41,12.15,增持,,
002396.SZ,星网锐捷,20200330,星网锐捷：云化与信创助力公司成长,一般,一般报告,华泰证券,"王林,付东",2020Q4,1089100.0,,103700.0,71439.0,1.22,31.92,,17.25,19.34,增持,,
002396.SZ,星网锐捷,20200330,星网锐捷：云化与信创助力公司成长,一般,一般报告,华泰证券,"王林,付东",2021Q4,1360700.0,,134700.0,94162.0,1.61,24.21,,18.59,14.89,增持,,
002734.SZ,利民股份,20200330,利民股份：公司Q1业绩高增长主要受益于威远并表及双吉代锰回暖,点评,一般报告,安信证券,张汪强,2021Q4,410780.0,,56940.0,48400.0,1.69,8.9,5.4,19.2,7.2,买入,,
002734.SZ,利民股份,20200330,利民股份：公司Q1业绩高增长主要受益于威远并表及双吉代锰回暖,点评,一般报告,安信证券,张汪强,2020Q4,308360.0,,45750.0,38890.0,1.36,11.1,4.3,17.1,8.1,买入,,
002734.SZ,利民股份,20200330,利民股份：公司Q1业绩高增长主要受益于威远并表及双吉代锰回暖,点评,一般报告,安信证券,张汪强,2019Q4,283370.0,,38260.0,32520.0,1.13,13.3,3.6,15.7,10.4,买入,,
300188.SZ,美亚柏科,20200330,美亚柏科：取证3.0带动业绩拐点，新基建助力大数据智能化战略,点评,一般报告,东吴证券,郝彪,2020Q4,292800.0,,50500.0,47800.0,0.59,33.0,,13.3,25.7,买入,,
300188.SZ,美亚柏科,20200330,美亚柏科：取证3.0带动业绩拐点，新基建助力大数据智能化战略,点评,一般报告,东吴证券,郝彪,2019Q4,206700.0,,30600.0,29000.0,0.36,55.0,,9.7,42.85,买入,,
601139.SH,深圳燃气,20200330,深圳燃气：稳中求进，转型综合能源运营商,一般,首次评级,平安证券,严家源,2024Q4,1735600.0,368400.0,,,,,,,,推荐,,
601139.SH,深圳燃气,20200330,深圳燃气：稳中求进，转型综合能源运营商,一般,首次评级,平安证券,严家源,2023Q4,1695500.0,365000.0,,,,,,,,推荐,,
601139.SH,深圳燃气,20200330,深圳燃气：稳中求进，转型综合能源运营商,一般,首次评级,平安证券,严家源,2022Q4,1675200.0,359300.0,,,,,,,,推荐,,
300188.SZ,美亚柏科,20200330,美亚柏科：取证3.0带动业绩拐点，新基建助力大数据智能化战略,点评,一般报告,东吴证券,郝彪,2022Q4,551900.0,,99300.0,95300.0,1.18,17.0,,18.7,12.4,买入,,
300188.SZ,美亚柏科,20200330,美亚柏科：取证3.0带动业绩拐点，新基建助力大数据智能化战略,点评,一般报告,东吴证券,郝彪,2021Q4,405600.0,,73600.0,70000.0,0.87,23.0,,16.6,17.6,买入,,
601139.SH,深圳燃气,20200330,深圳燃气：稳中求进，转型综合能源运营商,一般,首次评级,平安证券,严家源,2021Q4,1597100.0,348700.0,180100.0,134700.0,0.47,15.4,,11.6,8.1,推荐,,
601139.SH,深圳燃气,20200330,深圳燃气：稳中求进，转型综合能源运营商,一般,首次评级,平安证券,严家源,2020Q4,1507400.0,325300.0,162800.0,130300.0,0.45,15.9,,12.1,9.3,推荐,,
601139.SH,深圳燃气,20200330,深圳燃气：稳中求进，转型综合能源运营商,一般,首次评级,平安证券,严家源,2019Q4,1400900.0,288400.0,131800.0,105500.0,0.37,19.6,,10.6,11.5,推荐,,
002564.SZ,天沃科技,20200330,天沃科技点评报告：EPC业务优势明显，清洁能源持续发力,点评,首次关注,申港证券,"曹旭特,贺朝晖",2021Q4,1595048.0,,52900.0,42078.0,0.48,9.73,,20.25,25.28,买入,,
002564.SZ,天沃科技,20200330,天沃科技点评报告：EPC业务优势明显，清洁能源持续发力,点评,首次关注,申港证券,"曹旭特,贺朝晖",2019Q4,1077920.0,,11400.0,4491.0,0.05,91.62,,1.21,45.98,买入,,
002564.SZ,天沃科技,20200330,天沃科技点评报告：EPC业务优势明显，清洁能源持续发力,点评,首次关注,申港证券,"曹旭特,贺朝晖",2020Q4,1308529.0,,33500.0,24571.0,0.28,16.67,,7.94,32.65,买入,,
688016.SH,心脉医疗,20200330,心脉医疗：公司业绩快速增长，持续开拓主动脉与外周介入市场,点评,一般报告,兴业证券,徐佳熹,2022Q4,85100.0,,42500.0,36700.0,5.1,31.7,,19.3,,审慎增持,,
688016.SH,心脉医疗,20200330,心脉医疗2019年业绩点评公司简：主动脉支架业务快速增长，全年业绩略超预期,点评,一般报告,光大证券,"林小伟,吴佳青",2022Q4,82600.0,,41200.0,35400.0,4.92,33.0,1.0,21.2,25.8,无,,
688016.SH,心脉医疗,20200330,心脉医疗：Castor显著放量，更多新品有望陆续上市,点评,一般报告,平安证券,"叶寅,倪亦道",2021Q4,60100.0,,29200.0,25300.0,3.51,46.0,,17.3,34.8,推荐,,
688029.SH,南微医学,20200330,南微医学：核心产品继续高增长，短期疫情不改公司长期发展趋势,点评,一般报告,西南证券,"朱国广,刘闯",2021Q4,211944.0,,60101.0,50428.0,3.77,43.8,0.33,15.79,32.49,买入,,
688222.SH,成都先导,20200330,成都先导新股研究报告：DEL助力提高药物发现效率，技术驱动的特色CRO,新股,首份报告,海通证券,"余文心,范国钦",2020Q4,36360.0,,14000.0,12800.0,0.32,0.0,,9.4,,无,,
688009.SH,中国通号,20200330,中国通号2019年度业绩点评：业绩稳健增长，受益于城轨“新基建”投资,一般,首次关注,光大证券,"陈佳宁,王锐",2022Q4,5348600.0,,699300.0,528400.0,0.5,12.9,4.2,10.92,9.0,买入,,8.0
688029.SH,南微医学,20200330,南微医学：业绩持续发力，核心产品快速增长,点评,一般报告,华金证券,"周新明,王睿",2022Q4,295900.0,,79600.0,66600.0,5.0,33.8,,16.7,24.5,买入,,
688030.SH,山石网科,20200330,山石网科：网络安全技术创新领导企业,一般,首份报告,上海证券,滕文飞,2020Q4,87956.0,,12894.0,11282.0,0.626,67.54,,18.19,,无,,
688016.SH,心脉医疗,20200330,心脉医疗：已上市品类高增长，未来新品有望放量,点评,一般报告,国金证券,袁维,2020Q4,43500.0,34600.0,21500.0,18500.0,2.563,62.97,,15.68,,买入,,
688222.SH,成都先导,20200330,成都先导新股研究报告：DEL助力提高药物发现效率，技术驱动的特色CRO,新股,首份报告,海通证券,"余文心,范国钦",2019Q4,26420.0,,13300.0,12000.0,0.3,0.0,,23.5,,无,,
688222.SH,成都先导,20200330,成都先导新股研究报告：DEL助力提高药物发现效率，技术驱动的特色CRO,新股,首份报告,海通证券,"余文心,范国钦",2022Q4,76110.0,,31000.0,28200.0,0.7,0.0,,15.3,,无,,
688029.SH,南微医学,20200330,南微医学：核心产品继续高增长，短期疫情不改公司长期发展趋势,点评,一般报告,西南证券,"朱国广,刘闯",2020Q4,157485.0,,43897.0,36642.0,2.74,60.28,0.27,13.34,45.53,买入,,
688016.SH,心脉医疗,20200330,心脉医疗：公司业绩快速增长，持续开拓主动脉与外周介入市场,点评,一般报告,兴业证券,徐佳熹,2020Q4,46000.0,,22800.0,19600.0,2.73,59.1,,15.6,,审慎增持,,
688029.SH,南微医学,20200330,南微医学：业绩持续发力，核心产品快速增长,点评,一般报告,华金证券,"周新明,王睿",2020Q4,175800.0,,49400.0,41100.0,3.08,54.8,,14.5,40.8,买入,,
688016.SH,心脉医疗,20200330,心脉医疗：Castor显著放量，更多新品有望陆续上市,点评,一般报告,平安证券,"叶寅,倪亦道",2022Q4,80800.0,,39500.0,34100.0,4.74,34.0,,19.0,25.2,推荐,,
688016.SH,心脉医疗,20200330,心脉医疗2019年业绩点评公司简：主动脉支架业务快速增长，全年业绩略超预期,点评,一般报告,光大证券,"林小伟,吴佳青",2020Q4,44400.0,,21700.0,18600.0,2.59,62.0,0.5,15.47,51.5,无,,
688030.SH,山石网科,20200330,山石网科：网络安全技术创新领导企业,一般,首份报告,上海证券,滕文飞,2019Q4,67457.0,,10422.0,9119.0,0.506,83.56,,17.97,,无,,
688029.SH,南微医学,20200330,南微医学：核心产品继续高增长，短期疫情不改公司长期发展趋势,点评,一般报告,西南证券,"朱国广,刘闯",2022Q4,276184.0,,78395.0,66116.0,4.94,33.41,0.46,17.52,24.24,买入,,
688222.SH,成都先导,20200330,成都先导新股研究报告：DEL助力提高药物发现效率，技术驱动的特色CRO,新股,首份报告,海通证券,"余文心,范国钦",2021Q4,52920.0,,21900.0,19900.0,0.5,0.0,,12.7,,无,,
688016.SH,心脉医疗,20200330,心脉医疗：已上市品类高增长，未来新品有望放量,点评,一般报告,国金证券,袁维,2021Q4,56400.0,44800.0,28100.0,24100.0,3.344,48.26,,18.22,,买入,,
688009.SH,中国通号,20200330,中国通号2019年度业绩点评：业绩稳健增长，受益于城轨“新基建”投资,一般,首次关注,光大证券,"陈佳宁,王锐",2021Q4,5001100.0,,629300.0,476100.0,0.45,14.4,3.8,10.42,10.0,买入,,8.0
688030.SH,山石网科,20200330,山石网科：网络安全技术创新领导企业,一般,首份报告,上海证券,滕文飞,2021Q4,114636.0,,16051.0,14045.0,0.779,54.25,,18.46,,无,,
688016.SH,心脉医疗,20200330,心脉医疗：已上市品类高增长，未来新品有望放量,点评,一般报告,国金证券,袁维,2022Q4,73000.0,58300.0,36100.0,30900.0,4.294,37.59,,20.52,,买入,,
688016.SH,心脉医疗,20200330,心脉医疗：Castor显著放量，更多新品有望陆续上市,点评,一般报告,平安证券,"叶寅,倪亦道",2020Q4,44200.0,,21600.0,18700.0,2.59,62.2,,15.5,47.9,推荐,,
688029.SH,南微医学,20200330,南微医学：业绩持续发力，核心产品快速增长,点评,一般报告,华金证券,"周新明,王睿",2021Q4,229800.0,,64300.0,53600.0,4.02,42.0,,16.0,30.9,买入,,
688009.SH,中国通号,20200330,中国通号2019年度业绩点评：业绩稳健增长，受益于城轨“新基建”投资,一般,首次关注,光大证券,"陈佳宁,王锐",2020Q4,4604000.0,,556700.0,421500.0,0.4,16.2,3.3,9.75,11.5,买入,,8.0
688016.SH,心脉医疗,20200330,心脉医疗：公司业绩快速增长，持续开拓主动脉与外周介入市场,点评,一般报告,兴业证券,徐佳熹,2021Q4,62800.0,,31200.0,26900.0,3.74,43.2,,17.6,,审慎增持,,
688029.SH,南微医学,20200330,南微医学：核心产品继续高增长，短期疫情不改公司长期发展趋势,点评,一般报告,西南证券,"朱国广,刘闯",2019Q4,130747.0,,35877.0,30360.0,2.27,72.75,0.0,12.47,52.88,买入,,
688029.SH,南微医学,20200330,南微医学：业绩持续发力，核心产品快速增长,点评,一般报告,华金证券,"周新明,王睿",2019Q4,130700.0,,35900.0,30400.0,2.28,74.2,,12.5,56.6,买入,,
688016.SH,心脉医疗,20200330,心脉医疗2019年业绩点评公司简：主动脉支架业务快速增长，全年业绩略超预期,点评,一般报告,光大证券,"林小伟,吴佳青",2021Q4,61000.0,,29800.0,25600.0,3.56,45.0,0.7,18.3,36.0,无,,
002212.SZ,南洋股份,20200329,计算机行业：网络安全在教育行业的需求将迎来提升,非个股,一般报告,新时代证券,"田杰华,李汉卿",2021Q4,,,,85727.763,0.74,,,,,无,,
002169.SZ,智光电气,20200329,电气设备新能源行业周报：工控景气好于预期，海外疫情加剧影响供需,非个股,一般报告,东吴证券,曾朵红,2019Q4,,,,11029.088,0.14,,,,,无,,
300768.SZ,迪普科技,20200329,海通通信一周谈：工信部再发文助推5G、运营商5G＋云网建设正当时,非个股,一般报告,海通证券,"朱劲松,张峥青",2020Q4,,,,32800.82,0.82,,,,,无,,
002851.SZ,麦格米特,20200329,电气设备新能源行业周报：工控景气好于预期，海外疫情加剧影响供需,非个股,一般报告,东吴证券,曾朵红,2020Q4,,,,46476.313,0.99,,,,,无,,
002063.SZ,远光软件,20200329,计算机行业：网络安全在教育行业的需求将迎来提升,非个股,一般报告,新时代证券,"田杰华,李汉卿",2021Q4,,,,39011.047,0.46,,,,,无,,
300568.SZ,星源材质,20200329,电气设备新能源行业周报：工控景气好于预期，海外疫情加剧影响供需,非个股,一般报告,东吴证券,曾朵红,2019Q4,,,,16081.796,0.65,,,,,无,,
000333.SZ,美的集团,20200329,行业规模向下，龙头份额向上－家电行业2月数据点评,非个股,一般报告,中泰证券,邓欣,2020Q4,,,,2725677.174,3.9,,,,,无,,
300369.SZ,绿盟科技,20200329,计算机行业：网络安全在教育行业的需求将迎来提升,非个股,一般报告,新时代证券,"田杰华,李汉卿",2020Q4,,,,33520.942,0.42,,,,,无,,
600104.SH,上汽集团,20200329,汽车行业：风吹投资起，疫毕机遇生——后疫情时代的中国制造崛起系列之三,非个股,一般报告,东兴证券,"陆洲,刘一鸣,张觉尹",2020Q4,78430000.0,,,2240000.0,1.92,,,,,推荐,,
688037.SH,芯源微,20200329,半导体设备研究系列二：清洗设备：下游需求与制程进步驱动行业成长，国产替代浪潮下关注国内优质厂商,非个股,一般报告,广发证券,"许兴军,罗立波,王亮,蔡锐帆",2020Q4,,,,4200.0,0.5,,,5.3,,买入,,
300454.SZ,深信服,20200329,计算机行业：网络安全在教育行业的需求将迎来提升,非个股,一般报告,新时代证券,"田杰华,李汉卿",2021Q4,,,,131702.231,3.22,,,,,无,,
600674.SH,川投能源,20200329,公用事业：政治局会议定调稳增长预期，继续推荐高弹性环保标的,非个股,一般报告,天风证券,"郭丽丽,石家骏",2019Q4,,,,294943.412,0.67,,,,,无,,
002759.SZ,天际股份,20200329,电气设备新能源行业周报：工控景气好于预期，海外疫情加剧影响供需,非个股,一般报告,东吴证券,曾朵红,2019Q4,,,,3217.221,0.08,,,,,无,,
601328.SH,交通银行,20200329,交通银行：深耕财富管理，盈利稳健增长,点评,一般报告,华泰证券,"沈娟,蒋昭鹏",2020Q4,24787200.0,,,8066400.0,1.09,4.75,6.4,9.81,,增持,6.77,6.27
300014.SZ,亿纬锂能,20200329,海外疫情与531政策影响深度对比－新能源电力设备周观察,非个股,一般报告,中泰证券,"苏晨,邹玲玲,花秀宁,陈传红,戴仕远",2020Q4,,,,196000.0,2.022,,,,,无,,
600522.SH,中天科技,20200329,三大运营商年报看5G新基建投资机会：中泰通信行业周报,非个股,一般报告,中泰证券,"陈宁玉,易景明,周铃雅",2021Q4,,,,285145.702,0.93,,,,,无,,
000932.SZ,华菱钢铁,20200329,华菱钢铁：完成钢铁资产整体上市，开启高分红,深度,首次评级,国金证券,倪文祎,2022Q4,10404000.0,1428200.0,744200.0,558100.0,0.911,4.39,,14.78,,增持,,4.26
688023.SH,安恒信息,20200329,计算机行业：网络安全在教育行业的需求将迎来提升,非个股,一般报告,新时代证券,"田杰华,李汉卿",2021Q4,,,,18592.593,2.51,,,,,无,,
300037.SZ,新宙邦,20200329,电气设备新能源行业周报：工控景气好于预期，海外疫情加剧影响供需,非个股,一般报告,东吴证券,曾朵红,2019Q4,,,,32563.588,0.86,,,,,买入,,
000338.SZ,潍柴动力,20200329,汽车：看好Q2销量回暖和政策催化，布局汽车板块低估资产,非个股,一般报告,兴业证券,"戴畅,赵季新",2022Q4,,,,1180000.0,1.487,,,,,审慎增持,,
300455.SZ,康拓红外,20200329,国防军工行业：空天信息产业——低轨卫星通信网络呼之欲出,非个股,一般报告,东兴证券,"陆洲,朱雨时",2021Q4,,,,34452.861,0.48,,,,,强烈推荐,,
300122.SZ,智飞生物,20200329,医药生物：海外疫情继续发酵，继续看好中国制造与内需反弹,非个股,一般报告,中信建投,"贺菊颖,阳明春",2020Q4,,,,217600.0,1.36,,,,,无,,
300137.SZ,先河环保,20200329,煤炭日耗环比加速提升，中央财政下发流域治理预算——环保公用行业周报（20／3／21～20／3／27）,非个股,一般报告,申万宏源证券,"刘晓宁,叶旭晨,王璐,查浩,范承杰,邹佩轩",2019Q4,,,,28102.66,0.51,,,,,增持,,
300750.SZ,宁德时代,20200329,国网上调2020年投资，新能源板块迎战略配置窗口—电力设备新能源行业周报,非个股,一般报告,兴业证券,"朱玥,刘思畅,陶宇鸥,曾英捷,王吉颖",2021Q4,,,,693437.506,3.14,,,,,增持,,
603232.SH,格尔软件,20200329,计算机行业：网络安全在教育行业的需求将迎来提升,非个股,一般报告,新时代证券,"田杰华,李汉卿",2019Q4,,,,7761.152,0.64,,,,,无,,
000333.SZ,美的集团,20200329,行业规模向下，龙头份额向上－家电行业2月数据点评,非个股,一般报告,中泰证券,邓欣,2021Q4,,,,3047167.302,4.36,,,,,无,,
300274.SZ,阳光电源,20200329,电气设备新能源行业周报：工控景气好于预期，海外疫情加剧影响供需,非个股,一般报告,东吴证券,曾朵红,2019Q4,,,,88865.584,0.61,,,,,无,,
601166.SH,兴业银行,20200329,四大变数，迎接右侧——2020年2季度AH策略与十大金股,非个股,一般报告,光大证券,无,2020Q4,,,,7125547.428,3.43,,,,,无,,
300188.SZ,美亚柏科,20200329,计算机行业：网络安全在教育行业的需求将迎来提升,非个股,一般报告,新时代证券,"田杰华,李汉卿",2021Q4,,,,58789.361,0.73,,,,,无,,
300360.SZ,炬华科技,20200329,电气设备新能源行业周报：工控景气好于预期，海外疫情加剧影响供需,非个股,一般报告,东吴证券,曾朵红,2019Q4,,,,23667.396,0.61,,,,,无,,
300014.SZ,亿纬锂能,20200329,比亚迪再亮剑“刀片电池”国网信息化建设有望提速——电力设备与新能源行业周报,非个股,一般报告,长城证券,"于夕朦,马晓明,蔡紫豪",2019Q4,,,,157969.77,1.63,,,,,无,,
600487.SH,亨通光电,20200329,三大运营商年报看5G新基建投资机会：中泰通信行业周报,非个股,一般报告,中泰证券,"陈宁玉,易景明,周铃雅",2021Q4,,,,230260.064,1.18,,,,,无,,
601328.SH,交通银行,20200329,交通银行2019年报详解：大行战略决心，科技助力转型,一般,首次评级,方正证券,"杨仁文,余金鑫",2022Q4,29685931.0,,11080000.0,8959123.0,1.21,4.28,,10.68,,推荐,,
601328.SH,交通银行,20200329,交通银行：深耕财富管理，盈利稳健增长,点评,一般报告,华泰证券,"沈娟,蒋昭鹏",2022Q4,30407200.0,,,8992100.0,1.21,4.26,7.1,9.53,,增持,6.77,6.27
000338.SZ,潍柴动力,20200329,汽车：看好Q2销量回暖和政策催化，布局汽车板块低估资产,非个股,一般报告,兴业证券,"戴畅,赵季新",2020Q4,,,,985000.0,1.242,,,,,审慎增持,,
600900.SH,长江电力,20200329,2020年1－2月用电量同比下滑，动力煤面临下行压力——公用事业及环保行业周报,非个股,一般报告,新时代证券,邱懿峰,2020Q4,,,,2266000.0,1.03,,,,,无,,
000968.SZ,蓝焰控股,20200329,2020年1－2月用电量同比下滑，动力煤面临下行压力——公用事业及环保行业周报,非个股,一般报告,新时代证券,邱懿峰,2020Q4,,,,82237.726,0.85,,,,,无,,
000338.SZ,潍柴动力,20200329,汽车：看好Q2销量回暖和政策催化，布局汽车板块低估资产,非个股,一般报告,兴业证券,"戴畅,赵季新",2021Q4,,,,1071000.0,1.35,,,,,审慎增持,,
000733.SZ,振华科技,20200329,短期疫情免疫，长期持续发展和技术外溢——国防军工行业周报,非个股,一般报告,国海证券,"苏立赞,邹刚",2020Q4,,,,38610.421,0.75,,,,,买入,,
603232.SH,格尔软件,20200329,计算机行业：网络安全在教育行业的需求将迎来提升,非个股,一般报告,新时代证券,"田杰华,李汉卿",2020Q4,,,,10307.78,0.85,,,,,无,,
600900.SH,长江电力,20200329,2020年1－2月用电量同比下滑，动力煤面临下行压力——公用事业及环保行业周报,非个股,一般报告,新时代证券,邱懿峰,2019Q4,,,,2156000.0,0.98,,,,,无,,
603588.SH,高能环境,20200329,煤炭日耗环比加速提升，中央财政下发流域治理预算——环保公用行业周报（20／3／21～20／3／27）,非个股,一般报告,申万宏源证券,"刘晓宁,叶旭晨,王璐,查浩,范承杰,邹佩轩",2020Q4,,,,58669.411,0.87,,,,,增持,,
300188.SZ,美亚柏科,20200329,四大变数，迎接右侧——2020年2季度AH策略与十大金股,非个股,一般报告,光大证券,无,2021Q4,,,,50736.024,0.63,,,,,无,,
002063.SZ,远光软件,20200329,计算机行业：网络安全在教育行业的需求将迎来提升,非个股,一般报告,新时代证券,"田杰华,李汉卿",2020Q4,,,,30530.385,0.36,,,,,无,,
002258.SZ,利尔化学,20200329,选择需求有保障的品种，关注农化及钛白粉行业——化工行业投资周报,非个股,一般报告,新时代证券,"程磊,李啸",2020Q4,,,,42474.489,0.81,,,,,无,,
000600.SZ,建投能源,20200329,公用事业行业周报（第十三周）,非个股,一般报告,华泰证券,"王玮嘉,吴祖鹏,施静",2022Q4,,,,95000.0,0.53,,,,,增持,,5.08
000938.SZ,紫光股份,20200329,计算机行业：网络安全在教育行业的需求将迎来提升,非个股,一般报告,新时代证券,"田杰华,李汉卿",2021Q4,,,,300308.387,1.47,,,,,无,,
000777.SZ,中核科技,20200329,电气设备新能源行业周报：工控景气好于预期，海外疫情加剧影响供需,非个股,一般报告,东吴证券,曾朵红,2019Q4,,,,13036.198,0.34,,,,,无,,
600104.SH,上汽集团,20200329,汽车行业：风吹投资起，疫毕机遇生——后疫情时代的中国制造崛起系列之三,非个股,一般报告,东兴证券,"陆洲,刘一鸣,张觉尹",2019Q4,81030000.0,,,2560000.0,2.19,,,,,推荐,,
300768.SZ,迪普科技,20200329,海通通信一周谈：工信部再发文助推5G、运营商5G＋云网建设正当时,非个股,一般报告,海通证券,"朱劲松,张峥青",2019Q4,,,,25600.64,0.64,,,,,无,,
002375.SZ,亚厦股份,20200329,中央政治局会议再加码稳增长，财政多举措扩容——申万宏源建筑周报（20200323－20200327）,非个股,一般报告,申万宏源证券,"李峙屹,黄颖",2020Q4,,,,49579.87,0.37,,,,,增持,,
600323.SH,瀚蓝环境,20200329,环保：后疫情时代系列报告之七：逆周期调节时代，环保基建补短板力度可期,非个股,一般报告,东兴证券,"洪一,沈一凡",2021Q4,,,,131031.147,1.71,,,,,强烈推荐,,
601688.SH,华泰证券,20200329,非银金融行业周报（20200323－20200327）：商试点并表监管，头部公司有望受益,非个股,一般报告,华创证券,"洪锦屏,徐康,张径炜",2021Q4,,,,1161811.2,1.28,,,9.89,,推荐,,25.0
300454.SZ,深信服,20200329,计算机行业：网络安全在教育行业的需求将迎来提升,非个股,一般报告,新时代证券,"田杰华,李汉卿",2019Q4,,,,76485.457,1.87,,,,,无,,
002394.SZ,联发股份,20200329,纺织服装行业：港股运动年报奠定全年增长基调，C2M概念推动周五多个个股涨停,非个股,一般报告,东吴证券,"马莉,陈腾曦,林骥川,詹陆雨",2020Q4,,,,41000.0,1.218,,,,,无,,
002736.SZ,国信证券,20200329,非银金融／证券：择优释放资本空间，提升龙头杠杆率上限及ROE上限——6家券商纳入并表监管试点点评,非个股,一般报告,申万宏源证券,"马鲲鹏,许旖珊,王丛云,葛玉翔",2021Q4,,,,,,,,10.1,,无,,
300438.SZ,鹏辉能源,20200329,比亚迪再亮剑“刀片电池”国网信息化建设有望提速——电力设备与新能源行业周报,非个股,一般报告,长城证券,"于夕朦,马晓明,蔡紫豪",2020Q4,,,,45265.452,1.61,,,,,无,,
300007.SZ,汉威科技,20200329,煤炭日耗环比加速提升，中央财政下发流域治理预算——环保公用行业周报（20／3／21～20／3／27）,非个股,一般报告,申万宏源证券,"刘晓宁,叶旭晨,王璐,查浩,范承杰,邹佩轩",2021Q4,,,,16116.254,0.55,,,,,买入,,
000977.SZ,浪潮信息,20200329,计算机行业：网络安全在教育行业的需求将迎来提升,非个股,一般报告,新时代证券,"田杰华,李汉卿",2020Q4,,,,144111.908,1.0,,,,,无,,
601328.SH,交通银行,20200329,交通银行2019年报详细解读：净息差环比上升，资产质量平稳,一般,一般报告,中泰证券,"戴志锋,邓美君,贾靖",2021Q4,23039700.0,,9626700.0,8377000.0,1.128,4.94,,10.01,,增持,,
601360.SH,三六零,20200329,计算机行业：网络安全在教育行业的需求将迎来提升,非个股,一般报告,新时代证券,"田杰华,李汉卿",2021Q4,,,,473483.862,0.7,,,,,无,,
300365.SZ,恒华科技,20200329,计算机行业：网络安全在教育行业的需求将迎来提升,非个股,一般报告,新时代证券,"田杰华,李汉卿",2021Q4,,,,53919.668,0.89,,,,,无,,
300724.SZ,捷佳伟创,20200329,电气设备新能源行业周报：工控景气好于预期，海外疫情加剧影响供需,非个股,一般报告,东吴证券,曾朵红,2020Q4,,,,60389.36,1.88,,,,,无,,
000895.SZ,双汇发展,20200329,加配食品饮料正当时－中泰食品饮料周报（第13周）,非个股,一般报告,中泰证券,"范劲松,龚小乐,熊欣慰,房昭强",2022Q4,7310000.0,,,760000.0,2.29,,,,,买入,,
600690.SH,海尔智家,20200329,行业规模向下，龙头份额向上－家电行业2月数据点评,非个股,一般报告,中泰证券,邓欣,2020Q4,,,,954037.161,1.45,,,,,无,,
600999.SH,招商证券,20200329,招商证券2019年报点评：自营带动业绩上涨，风控稳健助力发展,点评,一般报告,华创证券,"洪锦屏,徐康,张径炜",2021Q4,2441700.0,,1164900.0,968700.0,1.45,11.7,,1.01,,推荐,,21.62
603799.SH,华友钴业,20200329,电气设备新能源行业周报：工控景气好于预期，海外疫情加剧影响供需,非个股,一般报告,东吴证券,曾朵红,2020Q4,,,,122405.98,1.1,,,,,无,,
600315.SH,上海家化,20200329,纺织服装行业：港股运动年报奠定全年增长基调，C2M概念推动周五多个个股涨停,非个股,一般报告,东吴证券,"马莉,陈腾曦,林骥川,詹陆雨",2020Q4,,,,56000.0,0.834,,,,,无,,
300768.SZ,迪普科技,20200329,海通通信一周谈：工信部再发文助推5G、运营商5G＋云网建设正当时,非个股,一般报告,海通证券,"朱劲松,张峥青",2021Q4,,,,40001.0,1.0,,,,,无,,
002583.SZ,海能达,20200329,三大运营商年报看5G新基建投资机会：中泰通信行业周报,非个股,一般报告,中泰证券,"陈宁玉,易景明,周铃雅",2021Q4,,,,95657.848,0.52,,,,,无,,
300073.SZ,当升科技,20200329,海外疫情与531政策影响深度对比－新能源电力设备周观察,非个股,一般报告,中泰证券,"苏晨,邹玲玲,花秀宁,陈传红,戴仕远",2021Q4,,,,61700.0,1.413,,,,,无,,
300369.SZ,绿盟科技,20200329,计算机行业：网络安全在教育行业的需求将迎来提升,非个股,一般报告,新时代证券,"田杰华,李汉卿",2019Q4,,,,24741.647,0.31,,,,,无,,
002242.SZ,九阳股份,20200329,行业规模向下，龙头份额向上－家电行业2月数据点评,非个股,一般报告,中泰证券,邓欣,2020Q4,,,,92844.752,1.21,,,,,买入,,
300438.SZ,鹏辉能源,20200329,电气设备新能源行业周报：工控景气好于预期，海外疫情加剧影响供需,非个股,一般报告,东吴证券,曾朵红,2019Q4,,,,19961.783,0.71,,,,,无,,
000733.SZ,振华科技,20200329,短期疫情免疫，长期持续发展和技术外溢——国防军工行业周报,非个股,一般报告,国海证券,"苏立赞,邹刚",2019Q4,,,,30373.531,0.59,,,,,买入,,
300438.SZ,鹏辉能源,20200329,比亚迪再亮剑“刀片电池”国网信息化建设有望提速——电力设备与新能源行业周报,非个股,一般报告,长城证券,"于夕朦,马晓明,蔡紫豪",2019Q4,,,,19961.783,0.71,,,,,无,,
000895.SZ,双汇发展,20200329,食品饮料：疫情冲击旺季，看好逐步复苏：白酒行业一季报前瞻暨板块观点更新,非个股,一般报告,招商证券,"杨勇胜,欧阳予,于佳琦,李泽明",2020Q4,,,,574235.819,1.73,,,,,审慎推荐,,39.0
600845.SH,宝信软件,20200329,计算机行业：网络安全在教育行业的需求将迎来提升,非个股,一般报告,新时代证券,"田杰华,李汉卿",2020Q4,,,,111756.285,0.98,,,,,无,,
600845.SH,宝信软件,20200329,计算机行业：网络安全在教育行业的需求将迎来提升,非个股,一般报告,新时代证券,"田杰华,李汉卿",2021Q4,,,,136844.43,1.2,,,,,无,,
002230.SZ,科大讯飞,20200329,计算机行业：网络安全在教育行业的需求将迎来提升,非个股,一般报告,新时代证券,"田杰华,李汉卿",2020Q4,,,,123120.204,0.56,,,,,无,,
600118.SH,中国卫星,20200329,国防军工行业：空天信息产业——低轨卫星通信网络呼之欲出,非个股,一般报告,东兴证券,"陆洲,朱雨时",2021Q4,,,,66219.392,0.56,,,,,无,,
300369.SZ,绿盟科技,20200329,计算机行业：网络安全在教育行业的需求将迎来提升,非个股,一般报告,新时代证券,"田杰华,李汉卿",2021Q4,,,,45492.707,0.57,,,,,无,,
601865.SH,福莱特,20200329,电气设备新能源行业周报：工控景气好于预期，海外疫情加剧影响供需,非个股,一般报告,东吴证券,曾朵红,2020Q4,,,,111150.0,0.57,,,,,无,,
000895.SZ,双汇发展,20200329,加配食品饮料正当时－中泰食品饮料周报（第13周）,非个股,一般报告,中泰证券,"范劲松,龚小乐,熊欣慰,房昭强",2020Q4,6530000.0,,,620000.0,1.868,,,,,买入,,
300455.SZ,康拓红外,20200329,国防军工行业：空天信息产业——低轨卫星通信网络呼之欲出,非个股,一般报告,东兴证券,"陆洲,朱雨时",2020Q4,,,,23686.342,0.33,,,,,强烈推荐,,
300037.SZ,新宙邦,20200329,海外疫情与531政策影响深度对比－新能源电力设备周观察,非个股,一般报告,中泰证券,"苏晨,邹玲玲,花秀宁,陈传红,戴仕远",2021Q4,,,,57700.0,1.524,,,,,无,,
002322.SZ,理工环科,20200329,公用事业：政治局会议定调稳增长预期，继续推荐高弹性环保标的,非个股,一般报告,天风证券,"郭丽丽,石家骏",2019Q4,,,,32922.963,0.83,,,,,无,,
600323.SH,瀚蓝环境,20200329,环保：后疫情时代系列报告之七：逆周期调节时代，环保基建补短板力度可期,非个股,一般报告,东兴证券,"洪一,沈一凡",2019Q4,,,,89652.89,1.17,,,,,强烈推荐,,
601398.SH,工商银行,20200329,银行股估值重回历史底部，高股息率迎来长线资金配置机会,非个股,一般报告,新时代证券,"郑嘉伟,钟奕昕",2020Q4,,,,33858594.423,0.95,,,,,无,,
300116.SZ,坚瑞沃能,20200329,电气设备新能源行业周报：工控景气好于预期，海外疫情加剧影响供需,非个股,一般报告,东吴证券,曾朵红,2019Q4,,,,29190.295,0.12,,,,,无,,
600104.SH,上汽集团,20200329,汽车行业：风吹投资起，疫毕机遇生——后疫情时代的中国制造崛起系列之三,非个股,一般报告,东兴证券,"陆洲,刘一鸣,张觉尹",2021Q4,84640000.0,,,2920000.0,2.5,,,,,推荐,,
600837.SH,海通证券,20200329,海通证券2019年年报点评：自营收入大增，国际业务领跑,点评,一般报告,光大证券,王一峰,2020Q4,3963000.0,,2021900.0,1388000.0,1.21,11.0,,10.8,,增持,,17.49
300137.SZ,先河环保,20200329,煤炭日耗环比加速提升，中央财政下发流域治理预算——环保公用行业周报（20／3／21～20／3／27）,非个股,一般报告,申万宏源证券,"刘晓宁,叶旭晨,王璐,查浩,范承杰,邹佩轩",2021Q4,,,,51797.06,0.94,,,,,增持,,
002128.SZ,露天煤业,20200329,煤炭行业周报（03.22－03.28）——日耗环比上升，静待需求回暖,非个股,一般报告,兴业证券,"龚里,李春驰",2020Q4,,,,274785.009,1.43,,,,,审慎增持,,
601398.SH,工商银行,20200329,工商银行：2019符合预期，强劲资本、科技和客户助力2020年继续稳健发展,一般,一般报告,中金,"王瑶平,张帅帅,严佳卉",2021Q4,86773500.0,,41254800.0,32882700.0,0.92,5.6,5.3,10.9,,跑赢行业,,7.58
002258.SZ,利尔化学,20200329,选择需求有保障的品种，关注农化及钛白粉行业——化工行业投资周报,非个股,一般报告,新时代证券,"程磊,李啸",2021Q4,,,,54535.146,1.04,,,,,无,,
300618.SZ,寒锐钴业,20200329,电气设备新能源行业周报：工控景气好于预期，海外疫情加剧影响供需,非个股,一般报告,东吴证券,曾朵红,2020Q4,,,,36375.204,1.35,,,,,无,,
300750.SZ,宁德时代,20200329,国网上调2020年投资，新能源板块迎战略配置窗口—电力设备新能源行业周报,非个股,一般报告,兴业证券,"朱玥,刘思畅,陶宇鸥,曾英捷,王吉颖",2019Q4,,,,463763.937,2.1,,,,,增持,,
002426.SZ,胜利精密,20200329,电气设备新能源行业周报：工控景气好于预期，海外疫情加剧影响供需,非个股,一般报告,东吴证券,曾朵红,2019Q4,,,,-337268.736,-0.98,,,,,无,,
000333.SZ,美的集团,20200329,行业规模向下，龙头份额向上－家电行业2月数据点评,非个股,一般报告,中泰证券,邓欣,2019Q4,,,,2390209.214,3.42,,,,,无,,
000920.SZ,南方汇通,20200329,煤炭日耗环比加速提升，中央财政下发流域治理预算——环保公用行业周报（20／3／21～20／3／27）,非个股,一般报告,申万宏源证券,"刘晓宁,叶旭晨,王璐,查浩,范承杰,邹佩轩",2021Q4,,,,11394.0,0.27,,,,,买入,,
600837.SH,海通证券,20200329,海通证券2019年年报点评：自营收入大增，国际业务领跑,点评,一般报告,光大证券,王一峰,2021Q4,4014200.0,,2063800.0,1416800.0,1.23,11.0,,9.84,,增持,,17.49
601398.SH,工商银行,20200329,工商银行：业绩稳定性强，综合化经营促收入结构优化,点评,一般报告,中银国际,"励雅敏,林颖颖",2021Q4,90550400.0,,43166000.0,34399800.0,0.97,5.4,,12.2,,买入,,
601328.SH,交通银行,20200329,交通银行2019年报详解：大行战略决心，科技助力转型,一般,首次评级,方正证券,"杨仁文,余金鑫",2020Q4,25234555.0,,9500000.0,8109024.0,1.09,4.73,,11.24,,推荐,,
601360.SH,三六零,20200329,计算机行业：网络安全在教育行业的需求将迎来提升,非个股,一般报告,新时代证券,"田杰华,李汉卿",2020Q4,,,,412607.365,0.61,,,,,无,,
300014.SZ,亿纬锂能,20200329,海外疫情与531政策影响深度对比－新能源电力设备周观察,非个股,一般报告,中泰证券,"苏晨,邹玲玲,花秀宁,陈传红,戴仕远",2021Q4,,,,232000.0,2.394,,,,,无,,
600522.SH,中天科技,20200329,三大运营商年报看5G新基建投资机会：中泰通信行业周报,非个股,一般报告,中泰证券,"陈宁玉,易景明,周铃雅",2020Q4,,,,226890.129,0.74,,,,,无,,
300148.SZ,天舟文化,20200329,抖音直播加码罗永浩，关注字节跳动系的红利——传媒行业周报,非个股,一般报告,国海证券,朱珠,2020Q4,,,,24503.099,0.29,,,,,增持,,
300007.SZ,汉威科技,20200329,煤炭日耗环比加速提升，中央财政下发流域治理预算——环保公用行业周报（20／3／21～20／3／27）,非个股,一般报告,申万宏源证券,"刘晓宁,叶旭晨,王璐,查浩,范承杰,邹佩轩",2019Q4,,,,-12013.935,-0.41,,,,,买入,,
002339.SZ,积成电子,20200329,电气设备新能源行业周报：工控景气好于预期，海外疫情加剧影响供需,非个股,一般报告,东吴证券,曾朵红,2019Q4,,,,5118.048,0.1,,,,,无,,
600900.SH,长江电力,20200329,2020年1－2月用电量同比下滑，动力煤面临下行压力——公用事业及环保行业周报,非个股,一般报告,新时代证券,邱懿峰,2021Q4,,,,2332000.0,1.06,,,,,无,,
300132.SZ,青松股份,20200329,纺织服装行业：港股运动年报奠定全年增长基调，C2M概念推动周五多个个股涨停,非个股,一般报告,东吴证券,"马莉,陈腾曦,林骥川,詹陆雨",2019Q4,,,,34000.0,0.658,,,,,无,,
600588.SH,用友网络,20200329,计算机行业：网络安全在教育行业的需求将迎来提升,非个股,一般报告,新时代证券,"田杰华,李汉卿",2021Q4,,,,140247.068,0.56,,,,,无,,
002293.SZ,罗莱生活,20200329,纺织服装行业：港股运动年报奠定全年增长基调，C2M概念推动周五多个个股涨停,非个股,一般报告,东吴证券,"马莉,陈腾曦,林骥川,詹陆雨",2019Q4,,,,57000.0,0.686,,,,,无,,
300455.SZ,康拓红外,20200329,国防军工行业：空天信息产业——低轨卫星通信网络呼之欲出,非个股,一般报告,东兴证券,"陆洲,朱雨时",2019Q4,,,,18661.966,0.26,,,,,强烈推荐,,
603806.SH,福斯特,20200329,电气设备新能源行业周报：工控景气好于预期，海外疫情加剧影响供需,非个股,一般报告,东吴证券,曾朵红,2020Q4,,,,103474.8,1.98,,,,,无,,
000920.SZ,南方汇通,20200329,煤炭日耗环比加速提升，中央财政下发流域治理预算——环保公用行业周报（20／3／21～20／3／27）,非个股,一般报告,申万宏源证券,"刘晓宁,叶旭晨,王璐,查浩,范承杰,邹佩轩",2020Q4,,,,10550.0,0.25,,,,,买入,,
300122.SZ,智飞生物,20200329,医药生物：海外疫情继续发酵，继续看好中国制造与内需反弹,非个股,一般报告,中信建投,"贺菊颖,阳明春",2021Q4,,,,278400.0,1.74,,,,,无,,
300484.SZ,蓝海华腾,20200329,电气设备新能源行业周报：工控景气好于预期，海外疫情加剧影响供需,非个股,一般报告,东吴证券,曾朵红,2019Q4,,,,-15184.0,-0.73,,,,,无,,
300750.SZ,宁德时代,20200329,国网上调2020年投资，新能源板块迎战略配置窗口—电力设备新能源行业周报,非个股,一般报告,兴业证券,"朱玥,刘思畅,陶宇鸥,曾英捷,王吉颖",2020Q4,,,,594059.519,2.69,,,,,增持,,
300123.SZ,亚光科技,20200329,国防军工行业：空天信息产业——低轨卫星通信网络呼之欲出,非个股,一般报告,东兴证券,"陆洲,朱雨时",2021Q4,,,,43328.125,0.43,,,,,无,,
300188.SZ,美亚柏科,20200329,计算机行业：网络安全在教育行业的需求将迎来提升,非个股,一般报告,新时代证券,"田杰华,李汉卿",2019Q4,,,,28992.014,0.36,,,,,无,,
300073.SZ,当升科技,20200329,海外疫情与531政策影响深度对比－新能源电力设备周观察,非个股,一般报告,中泰证券,"苏晨,邹玲玲,花秀宁,陈传红,戴仕远",2020Q4,,,,50400.0,1.154,,,,,无,,
000932.SZ,华菱钢铁,20200329,华菱钢铁：完成钢铁资产整体上市，开启高分红,深度,首次评级,国金证券,倪文祎,2021Q4,10171000.0,1394600.0,722500.0,541900.0,0.884,4.52,,15.29,,增持,,4.26
300014.SZ,亿纬锂能,20200329,比亚迪再亮剑“刀片电池”国网信息化建设有望提速——电力设备与新能源行业周报,非个股,一般报告,长城证券,"于夕朦,马晓明,蔡紫豪",2020Q4,,,,206426.755,2.13,,,,,无,,
603026.SH,石大胜华,20200329,电气设备新能源行业周报：工控景气好于预期，海外疫情加剧影响供需,非个股,一般报告,东吴证券,曾朵红,2020Q4,,,,40333.32,1.99,,,,,无,,
002371.SZ,北方华创,20200329,机械行业研究：预计挖机4月销量大增；疫情－锂电设备专题,非个股,一般报告,国金证券,"王华君,赵玥炜,丁健,赵晋",2019Q4,,,,33172.824,0.67,,,,,无,,
002249.SZ,大洋电机,20200329,电气设备新能源行业周报：工控景气好于预期，海外疫情加剧影响供需,非个股,一般报告,东吴证券,曾朵红,2019Q4,,,,33117.422,0.14,,,,,无,,
002439.SZ,启明星辰,20200329,计算机行业：网络安全在教育行业的需求将迎来提升,非个股,一般报告,新时代证券,"田杰华,李汉卿",2020Q4,,,,92424.79,0.99,,,,,无,,
300568.SZ,星源材质,20200329,电气设备新能源行业周报：工控景气好于预期，海外疫情加剧影响供需,非个股,一般报告,东吴证券,曾朵红,2020Q4,,,,39338.548,1.59,,,,,无,,
300183.SZ,东软载波,20200329,三大运营商年报看5G新基建投资机会：中泰通信行业周报,非个股,一般报告,中泰证券,"陈宁玉,易景明,周铃雅",2020Q4,,,,0.0,0.0,,,,,无,,
002230.SZ,科大讯飞,20200329,计算机行业：网络安全在教育行业的需求将迎来提升,非个股,一般报告,新时代证券,"田杰华,李汉卿",2019Q4,,,,81347.277,0.37,,,,,无,,
002439.SZ,启明星辰,20200329,计算机行业：网络安全在教育行业的需求将迎来提升,非个股,一般报告,新时代证券,"田杰华,李汉卿",2019Q4,,,,72819.532,0.78,,,,,无,,
600875.SH,东方电气,20200329,电气设备新能源行业周报：工控景气好于预期，海外疫情加剧影响供需,非个股,一般报告,东吴证券,曾朵红,2020Q4,,,,159058.399,0.51,,,,,无,,
002212.SZ,南洋股份,20200329,计算机行业：网络安全在教育行业的需求将迎来提升,非个股,一般报告,新时代证券,"田杰华,李汉卿",2019Q4,,,,37071.465,0.32,,,,,无,,
300438.SZ,鹏辉能源,20200329,海外疫情与531政策影响深度对比－新能源电力设备周观察,非个股,一般报告,中泰证券,"苏晨,邹玲玲,花秀宁,陈传红,戴仕远",2019Q4,,,,19900.0,0.708,,,,,无,,
600167.SH,联美控股,20200329,公用事业：政治局会议定调稳增长预期，继续推荐高弹性环保标的,非个股,一般报告,天风证券,"郭丽丽,石家骏",2019Q4,,,,160168.363,0.7,,,,,无,,
601166.SH,兴业银行,20200329,四大变数，迎接右侧——2020年2季度AH策略与十大金股,非个股,一般报告,光大证券,无,2019Q4,,,,6543870.087,3.15,,,,,无,,
002573.SZ,清新环境,20200329,煤炭日耗环比加速提升，中央财政下发流域治理预算——环保公用行业周报（20／3／21～20／3／27）,非个股,一般报告,申万宏源证券,"刘晓宁,叶旭晨,王璐,查浩,范承杰,邹佩轩",2020Q4,,,,54063.605,0.5,,,,,买入,,
600009.SH,上海机场,20200329,上海机场：海外疫情升级拖累公司短期业绩，但不改长期价值,点评,一般报告,中金,"赵欣悦,杨鑫,方舒",2021Q4,1380900.0,,812500.0,604000.0,3.13,19.8,1.5,16.9,11.2,跑赢行业,,78.0
002063.SZ,远光软件,20200329,计算机行业：网络安全在教育行业的需求将迎来提升,非个股,一般报告,新时代证券,"田杰华,李汉卿",2019Q4,,,,22897.788,0.27,,,,,无,,
000786.SZ,北新建材,20200329,建筑材料｜非金属新材料：加大宏观政策调节和实施力度，早周期行情有望延续,非个股,一般报告,中泰证券,孙颖,2020Q4,,,,292284.857,1.73,,,,,增持,,
002920.SZ,德赛西威,20200329,计算机行业：网络安全在教育行业的需求将迎来提升,非个股,一般报告,新时代证券,"田杰华,李汉卿",2020Q4,,,,43450.0,0.79,,,,,无,,
002851.SZ,麦格米特,20200329,电气设备新能源行业周报：工控景气好于预期，海外疫情加剧影响供需,非个股,一般报告,东吴证券,曾朵红,2019Q4,,,,36617.701,0.78,,,,,无,,
002439.SZ,启明星辰,20200329,计算机行业：网络安全在教育行业的需求将迎来提升,非个股,一般报告,新时代证券,"田杰华,李汉卿",2021Q4,,,,115764.384,1.24,,,,,无,,
603583.SH,捷昌驱动,20200329,电气设备新能源行业周报：工控景气好于预期，海外疫情加剧影响供需,非个股,一般报告,东吴证券,曾朵红,2020Q4,,,,39050.385,2.2,,,,,无,,
300073.SZ,当升科技,20200329,海外疫情与531政策影响深度对比－新能源电力设备周观察,非个股,一般报告,中泰证券,"苏晨,邹玲玲,花秀宁,陈传红,戴仕远",2019Q4,,,,-21000.0,-0.481,,,,,无,,
002573.SZ,清新环境,20200329,煤炭日耗环比加速提升，中央财政下发流域治理预算——环保公用行业周报（20／3／21～20／3／27）,非个股,一般报告,申万宏源证券,"刘晓宁,叶旭晨,王璐,查浩,范承杰,邹佩轩",2021Q4,,,,56226.149,0.52,,,,,买入,,
688009.SH,中国通号,20200329,机械行业研究：预计挖机4月销量大增；疫情－锂电设备专题,非个股,一般报告,国金证券,"王华君,赵玥炜,丁健,赵晋",2020Q4,,,,444772.398,0.42,,,,,无,,
000938.SZ,紫光股份,20200329,计算机行业：网络安全在教育行业的需求将迎来提升,非个股,一般报告,新时代证券,"田杰华,李汉卿",2020Q4,,,,232892.218,1.14,,,,,无,,
002851.SZ,麦格米特,20200329,海外疫情与531政策影响深度对比－新能源电力设备周观察,非个股,一般报告,中泰证券,"苏晨,邹玲玲,花秀宁,陈传红,戴仕远",2021Q4,,,,61500.0,1.31,,,,,无,,
300014.SZ,亿纬锂能,20200329,电气设备新能源行业周报：工控景气好于预期，海外疫情加剧影响供需,非个股,一般报告,东吴证券,曾朵红,2020Q4,,,,209334.174,2.16,,,,,买入,,
002527.SZ,新时达,20200329,电气设备新能源行业周报：工控景气好于预期，海外疫情加剧影响供需,非个股,一般报告,东吴证券,曾朵红,2019Q4,,,,4961.531,0.08,,,,,无,,
000600.SZ,建投能源,20200329,公用事业行业周报（第十三周）,非个股,一般报告,华泰证券,"王玮嘉,吴祖鹏,施静",2020Q4,,,,85000.0,0.474,,,,,增持,,5.08
603588.SH,高能环境,20200329,煤炭日耗环比加速提升，中央财政下发流域治理预算——环保公用行业周报（20／3／21～20／3／27）,非个股,一般报告,申万宏源证券,"刘晓宁,叶旭晨,王璐,查浩,范承杰,邹佩轩",2019Q4,,,,41810.385,0.62,,,,,增持,,
688037.SH,芯源微,20200329,半导体设备研究系列二：清洗设备：下游需求与制程进步驱动行业成长，国产替代浪潮下关注国内优质厂商,非个股,一般报告,广发证券,"许兴军,罗立波,王亮,蔡锐帆",2019Q4,,,,2772.0,0.33,,,3.7,,买入,,
601998.SH,中信银行,20200329,中信银行2019年报详解：三年转型收官，坚定玉汝于成,一般,首次评级,方正证券,"杨仁文,余金鑫",2022Q4,24610608.0,,8120000.0,5944502.0,1.21,4.35,,10.37,,推荐,,
300122.SZ,智飞生物,20200329,医药生物：海外疫情继续发酵，继续看好中国制造与内需反弹,非个股,一般报告,中信建投,"贺菊颖,阳明春",2019Q4,,,,177600.0,1.11,,,,,无,,
300137.SZ,先河环保,20200329,煤炭日耗环比加速提升，中央财政下发流域治理预算——环保公用行业周报（20／3／21～20／3／27）,非个股,一般报告,申万宏源证券,"刘晓宁,叶旭晨,王璐,查浩,范承杰,邹佩轩",2020Q4,,,,41327.441,0.75,,,,,增持,,
002128.SZ,露天煤业,20200329,煤炭行业周报（03.22－03.28）——日耗环比上升，静待需求回暖,非个股,一般报告,兴业证券,"龚里,李春驰",2019Q4,,,,245961.407,1.28,,,,,审慎增持,,
002142.SZ,宁波银行,20200329,银行股估值重回历史底部，高股息率迎来长线资金配置机会,非个股,一般报告,新时代证券,"郑嘉伟,钟奕昕",2020Q4,,,,1564675.609,2.78,,,,,无,,
600845.SH,宝信软件,20200329,计算机行业：网络安全在教育行业的需求将迎来提升,非个股,一般报告,新时代证券,"田杰华,李汉卿",2019Q4,,,,86668.139,0.76,,,,,无,,
002371.SZ,北方华创,20200329,机械行业研究：预计挖机4月销量大增；疫情－锂电设备专题,非个股,一般报告,国金证券,"王华君,赵玥炜,丁健,赵晋",2020Q4,,,,51987.261,1.05,,,,,无,,
600690.SH,海尔智家,20200329,行业规模向下，龙头份额向上－家电行业2月数据点评,非个股,一般报告,中泰证券,邓欣,2019Q4,,,,914559.761,1.39,,,,,无,,
688023.SH,安恒信息,20200329,计算机行业：网络安全在教育行业的需求将迎来提升,非个股,一般报告,新时代证券,"田杰华,李汉卿",2020Q4,,,,13185.185,1.78,,,,,无,,
002573.SZ,清新环境,20200329,煤炭日耗环比加速提升，中央财政下发流域治理预算——环保公用行业周报（20／3／21～20／3／27）,非个股,一般报告,申万宏源证券,"刘晓宁,叶旭晨,王璐,查浩,范承杰,邹佩轩",2019Q4,,,,40007.068,0.37,,,,,买入,,
000661.SZ,长春高新,20200329,长春高新2019年报点评：金赛高增长符合预期，在研管线稳步推进,一般,一般报告,光大证券,"林小伟,经煜甚",2021Q4,1177600.0,,474500.0,379100.0,18.73,27.0,1.3,27.95,21.3,买入,,
000977.SZ,浪潮信息,20200329,计算机行业：网络安全在教育行业的需求将迎来提升,非个股,一般报告,新时代证券,"田杰华,李汉卿",2019Q4,,,,99437.216,0.69,,,,,无,,
300365.SZ,恒华科技,20200329,计算机行业：网络安全在教育行业的需求将迎来提升,非个股,一般报告,新时代证券,"田杰华,李汉卿",2020Q4,,,,44226.245,0.73,,,,,无,,
300450.SZ,先导智能,20200329,海外疫情与531政策影响深度对比－新能源电力设备周观察,非个股,一般报告,中泰证券,"苏晨,邹玲玲,花秀宁,陈传红,戴仕远",2020Q4,,,,130900.0,1.485,,,,,无,,
601139.SH,深圳燃气,20200329,2020年1－2月用电量同比下滑，动力煤面临下行压力——公用事业及环保行业周报,非个股,一般报告,新时代证券,邱懿峰,2020Q4,,,,135208.075,0.47,,,,,无,,
600118.SH,中国卫星,20200329,国防军工行业：空天信息产业——低轨卫星通信网络呼之欲出,非个股,一般报告,东兴证券,"陆洲,朱雨时",2020Q4,,,,54394.5,0.46,,,,,无,,
603806.SH,福斯特,20200329,海外疫情与531政策影响深度对比－新能源电力设备周观察,非个股,一般报告,中泰证券,"苏晨,邹玲玲,花秀宁,陈传红,戴仕远",2021Q4,,,,138700.0,2.654,,,,,无,,
002212.SZ,南洋股份,20200329,计算机行业：网络安全在教育行业的需求将迎来提升,非个股,一般报告,新时代证券,"田杰华,李汉卿",2020Q4,,,,61399.614,0.53,,,,,无,,
300763.SZ,锦浪科技,20200329,电气设备新能源行业周报：工控景气好于预期，海外疫情加剧影响供需,非个股,一般报告,东吴证券,曾朵红,2019Q4,,,,13359.992,1.67,,,,,买入,,
000895.SZ,双汇发展,20200329,食品饮料：疫情冲击旺季，看好逐步复苏：白酒行业一季报前瞻暨板块观点更新,非个股,一般报告,招商证券,"杨勇胜,欧阳予,于佳琦,李泽明",2021Q4,,,,614067.205,1.85,,,,,审慎推荐,,39.0
601139.SH,深圳燃气,20200329,2020年1－2月用电量同比下滑，动力煤面临下行压力——公用事业及环保行业周报,非个股,一般报告,新时代证券,邱懿峰,2019Q4,,,,106440.399,0.37,,,,,无,,
002242.SZ,九阳股份,20200329,行业规模向下，龙头份额向上－家电行业2月数据点评,非个股,一般报告,中泰证券,邓欣,2021Q4,,,,105121.744,1.37,,,,,买入,,
603686.SH,龙马环卫,20200329,环保：后疫情时代系列报告之七：逆周期调节时代，环保基建补短板力度可期,非个股,一般报告,东兴证券,"洪一,沈一凡",2021Q4,,,,44890.82,1.08,,,,,强烈推荐,,
603806.SH,福斯特,20200329,海外疫情与531政策影响深度对比－新能源电力设备周观察,非个股,一般报告,中泰证券,"苏晨,邹玲玲,花秀宁,陈传红,戴仕远",2020Q4,,,,113300.0,2.168,,,,,无,,
002812.SZ,恩捷股份,20200329,海外疫情与531政策影响深度对比－新能源电力设备周观察,非个股,一般报告,中泰证券,"苏晨,邹玲玲,花秀宁,陈传红,戴仕远",2020Q4,,,,91812.268,1.14,,,,,增持,,
300037.SZ,新宙邦,20200329,海外疫情与531政策影响深度对比－新能源电力设备周观察,非个股,一般报告,中泰证券,"苏晨,邹玲玲,花秀宁,陈传红,戴仕远",2020Q4,,,,45500.0,1.202,,,,,无,,
002851.SZ,麦格米特,20200329,海外疫情与531政策影响深度对比－新能源电力设备周观察,非个股,一般报告,中泰证券,"苏晨,邹玲玲,花秀宁,陈传红,戴仕远",2020Q4,,,,48700.0,1.037,,,,,无,,
002920.SZ,德赛西威,20200329,计算机行业：网络安全在教育行业的需求将迎来提升,非个股,一般报告,新时代证券,"田杰华,李汉卿",2021Q4,,,,53350.0,0.97,,,,,无,,
600323.SH,瀚蓝环境,20200329,2020年1－2月用电量同比下滑，动力煤面临下行压力——公用事业及环保行业周报,非个股,一般报告,新时代证券,邱懿峰,2020Q4,,,,111108.283,1.45,,,,,无,,
601865.SH,福莱特,20200329,电气设备新能源行业周报：工控景气好于预期，海外疫情加剧影响供需,非个股,一般报告,东吴证券,曾朵红,2019Q4,,,,72150.0,0.37,,,,,无,,
300274.SZ,阳光电源,20200329,电气设备新能源行业周报：工控景气好于预期，海外疫情加剧影响供需,非个股,一般报告,东吴证券,曾朵红,2020Q4,,,,123829.092,0.85,,,,,无,,
601139.SH,深圳燃气,20200329,2020年1－2月用电量同比下滑，动力煤面临下行压力——公用事业及环保行业周报,非个股,一般报告,新时代证券,邱懿峰,2021Q4,,,,155345.447,0.54,,,,,无,,
601818.SH,光大银行,20200329,光大银行：盈利能力改善，息差改善超行业平均,点评,一般报告,中银国际,"励雅敏,林颖颖",2022Q4,18098000.0,,6034000.0,4990400.0,0.95,3.86,,12.69,,买入,,
300340.SZ,科恒股份,20200329,电气设备新能源行业周报：工控景气好于预期，海外疫情加剧影响供需,非个股,一般报告,东吴证券,曾朵红,2020Q4,,,,8061.499,0.38,,,,,无,,
600323.SH,瀚蓝环境,20200329,从内需加码看二季度环卫、水务工程领域投资机会——环保行业周报,非个股,一般报告,光大证券,"殷中枢,郝骞",2020Q4,,,,110342.019,1.44,,,,,买入,,
000063.SZ,中兴通讯,20200329,中兴通讯：核心利润快速增长，5G投资提升业绩确定性,一般,一般报告,中金,"黄乐平,闫慧辰,李诗雯",2021Q4,10280100.0,3759400.0,906600.0,694500.0,1.51,28.8,0.6,12.1,15.0,跑赢行业,,57.19
002375.SZ,亚厦股份,20200329,中央政治局会议再加码稳增长，财政多举措扩容——申万宏源建筑周报（20200323－20200327）,非个股,一般报告,申万宏源证券,"李峙屹,黄颖",2019Q4,,,,42879.888,0.32,,,,,增持,,
000661.SZ,长春高新,20200329,长春高新2019年报点评：金赛高增长符合预期，在研管线稳步推进,一般,一般报告,光大证券,"林小伟,经煜甚",2020Q4,922500.0,,364600.0,290900.0,14.38,36.0,1.0,26.96,27.7,买入,,
600999.SH,招商证券,20200329,招商证券2019年报点评：自营带动业绩上涨，风控稳健助力发展,点评,一般报告,华创证券,"洪锦屏,徐康,张径炜",2020Q4,2134300.0,,1011100.0,840900.0,1.26,13.4,,9.29,,推荐,,21.62
300450.SZ,先导智能,20200329,海外疫情与531政策影响深度对比－新能源电力设备周观察,非个股,一般报告,中泰证券,"苏晨,邹玲玲,花秀宁,陈传红,戴仕远",2021Q4,,,,179100.0,2.032,,,,,无,,
603039.SH,泛微网络,20200329,计算机行业：网络安全在教育行业的需求将迎来提升,非个股,一般报告,新时代证券,"田杰华,李汉卿",2021Q4,,,,23807.526,1.57,,,,,无,,
603686.SH,龙马环卫,20200329,环保：后疫情时代系列报告之七：逆周期调节时代，环保基建补短板力度可期,非个股,一般报告,东兴证券,"洪一,沈一凡",2019Q4,,,,26601.967,0.64,,,,,强烈推荐,,
600690.SH,海尔智家,20200329,行业规模向下，龙头份额向上－家电行业2月数据点评,非个股,一般报告,中泰证券,邓欣,2021Q4,,,,1072469.36,1.63,,,,,无,,
000920.SZ,南方汇通,20200329,煤炭日耗环比加速提升，中央财政下发流域治理预算——环保公用行业周报（20／3／21～20／3／27）,非个股,一般报告,申万宏源证券,"刘晓宁,叶旭晨,王璐,查浩,范承杰,邹佩轩",2019Q4,,,,8440.0,0.2,,,,,买入,,
300037.SZ,新宙邦,20200329,海外疫情与531政策影响深度对比－新能源电力设备周观察,非个股,一般报告,中泰证券,"苏晨,邹玲玲,花秀宁,陈传红,戴仕远",2019Q4,,,,32400.0,0.856,,,,,无,,
000968.SZ,蓝焰控股,20200329,2020年1－2月用电量同比下滑，动力煤面临下行压力——公用事业及环保行业周报,非个股,一般报告,新时代证券,邱懿峰,2021Q4,,,,90945.25,0.94,,,,,无,,
603588.SH,高能环境,20200329,煤炭日耗环比加速提升，中央财政下发流域治理预算——环保公用行业周报（20／3／21～20／3／27）,非个股,一般报告,申万宏源证券,"刘晓宁,叶旭晨,王璐,查浩,范承杰,邹佩轩",2021Q4,,,,72156.632,1.07,,,,,增持,,
600323.SH,瀚蓝环境,20200329,2020年1－2月用电量同比下滑，动力煤面临下行压力——公用事业及环保行业周报,非个股,一般报告,新时代证券,邱懿峰,2019Q4,,,,89652.89,1.17,,,,,无,,
002249.SZ,大洋电机,20200329,电气设备新能源行业周报：工控景气好于预期，海外疫情加剧影响供需,非个股,一般报告,东吴证券,曾朵红,2020Q4,,,,21289.771,0.09,,,,,无,,
300365.SZ,恒华科技,20200329,计算机行业：网络安全在教育行业的需求将迎来提升,非个股,一般报告,新时代证券,"田杰华,李汉卿",2019Q4,,,,36956.177,0.61,,,,,无,,
603232.SH,格尔软件,20200329,计算机行业：网络安全在教育行业的需求将迎来提升,非个股,一般报告,新时代证券,"田杰华,李汉卿",2021Q4,,,,14430.892,1.19,,,,,无,,
600028.SH,中国石化,20200329,化工：万华福建基地开建，4月MDI挂牌价公布，维生素、蛋氨酸延续涨势，需求好转MTBE价格反弹,非个股,一般报告,兴业证券,徐留明,2019Q4,,,,5811418.063,0.48,,,,,审慎增持,,
300007.SZ,汉威科技,20200329,煤炭日耗环比加速提升，中央财政下发流域治理预算——环保公用行业周报（20／3／21～20／3／27）,非个股,一般报告,申万宏源证券,"刘晓宁,叶旭晨,王璐,查浩,范承杰,邹佩轩",2020Q4,,,,14358.117,0.49,,,,,买入,,
600323.SH,瀚蓝环境,20200329,从内需加码看二季度环卫、水务工程领域投资机会——环保行业周报,非个股,一般报告,光大证券,"殷中枢,郝骞",2019Q4,,,,91951.682,1.2,,,,,买入,,
002935.SZ,天奥电子,20200329,国防军工行业：空天信息产业——低轨卫星通信网络呼之欲出,非个股,一般报告,东兴证券,"陆洲,朱雨时",2021Q4,,,,16800.525,1.05,,,,,强烈推荐,,
600511.SH,国药股份,20200329,国药股份：扣非净利润超预期，特色化业务发展良好,点评,一般报告,中金,"朱言音,邹朋",2021Q4,5468200.0,,296600.0,195900.0,2.6,10.3,1.5,15.4,4.8,跑赢行业,,32.9
300183.SZ,东软载波,20200329,三大运营商年报看5G新基建投资机会：中泰通信行业周报,非个股,一般报告,中泰证券,"陈宁玉,易景明,周铃雅",2021Q4,,,,0.0,0.0,,,,,无,,
000968.SZ,蓝焰控股,20200329,2020年1－2月用电量同比下滑，动力煤面临下行压力——公用事业及环保行业周报,非个股,一般报告,新时代证券,邱懿峰,2019Q4,,,,69660.192,0.72,,,,,无,,
600011.SH,华能国际,20200329,公用事业：政治局会议定调稳增长预期，继续推荐高弹性环保标的,非个股,一般报告,天风证券,"郭丽丽,石家骏",2019Q4,,,,596527.548,0.38,,,,,无,,
300132.SZ,青松股份,20200329,纺织服装行业：港股运动年报奠定全年增长基调，C2M概念推动周五多个个股涨停,非个股,一般报告,东吴证券,"马莉,陈腾曦,林骥川,詹陆雨",2020Q4,,,,57000.0,1.103,,,,,无,,
601939.SH,建设银行,20200329,建设银行2019年报点评：下半年息差降幅收窄，四季度提前扩表备战来年,点评,一般报告,安信证券,"张宇,刘源,李双",2022Q4,80898100.0,,39007000.0,32076500.0,1.28,5.04,5.95,11.65,,买入,,8.1
601939.SH,建设银行,20200329,建设银行：盈利能力保持稳健，核销转出力度加大,一般,一般报告,广发证券,"倪军,屈俊,万思华",2020Q4,74165400.0,,34002400.0,27701000.0,1.108,5.92,5.26,12.44,,增持,,
601398.SH,工商银行,20200329,工行2019年报点评：行稳致远,一般,一般报告,安信证券,"张宇,李双",2021Q4,85456400.0,,43008600.0,34274400.0,0.96,5.42,6.46,11.34,,增持,,6.07
601398.SH,工商银行,20200329,工商银行2019年报详解：零售发力，景气上行,一般,首次评级,方正证券,"杨仁文,余金鑫",2020Q4,93217199.0,,43780000.0,32628497.0,0.92,5.69,,12.63,,推荐,,
600188.SH,兖州煤业,20200329,兖州煤业：业绩逆势上扬，主业更加聚焦,点评,一般报告,信达证券,"左前明,周杰,王志民",2020Q4,11545560.0,,,789875.0,1.61,5.0,,11.99,4.01,买入,,
600588.SH,用友网络,20200329,用友网络：转型已至里程碑，财务红利持续释放,一般,一般报告,长江证券,"凌润东,余庚宗,宗建树,胡世煜",2022Q4,1461300.0,1004600.0,255900.0,215300.0,0.86,48.85,,18.0,35.53,买入,,
600511.SH,国药股份,20200329,国药股份：扣非净利润超预期，特色化业务发展良好,点评,一般报告,中金,"朱言音,邹朋",2020Q4,4830500.0,422800.0,262300.0,173200.0,2.3,11.6,1.3,15.4,6.0,跑赢行业,,32.9
002410.SZ,广联达,20200329,广联达：造价云转型顺利，施工整合重回高增,点评,一般报告,长江证券,"凌润东,余庚宗,宗建树,胡世煜",2021Q4,492600.0,432400.0,77600.0,66600.0,0.59,73.73,,15.0,84.37,买入,,
688111.SH,金山办公,20200329,金山办公：国产办公软件龙头成长加速,,首次关注,中泰证券,"闻学臣,何柄谕",2021Q4,470484.0,,144000.0,141300.0,3.07,80.17,0.0,16.91,,买入,,
600754.SH,锦江酒店,20200329,锦江酒店：中端展店提速，境内RevPAR承压,一般,一般报告,中泰证券,"范欣悦,吴张爽",2022Q4,1702300.0,,202500.0,125700.0,1.31,19.0,,7.8,,增持,,
600588.SH,用友网络,20200329,用友网络：转型已至里程碑，财务红利持续释放,一般,一般报告,长江证券,"凌润东,余庚宗,宗建树,胡世煜",2020Q4,970600.0,640300.0,140800.0,118500.0,0.47,88.78,,14.0,76.03,买入,,
601939.SH,建设银行,20200329,建设银行：盈利能力保持稳健，核销转出力度加大,一般,一般报告,广发证券,"倪军,屈俊,万思华",2022Q4,81859600.0,,37422800.0,30594200.0,1.224,5.36,5.81,11.56,,增持,,
601818.SH,光大银行,20200329,光大银行：高质量高回报，财富管理先行者,点评,一般报告,华泰证券,"沈娟,蒋昭鹏",2021Q4,16139700.0,,,4669000.0,0.89,4.13,7.3,10.81,,买入,4.93,4.6
601818.SH,光大银行,20200329,光大银行2019年报点评：营收利润双双高增，加快出清轻装前行,点评,一般报告,安信证券,"张宇,刘源,李双",2020Q4,14608600.0,,5065600.0,4170700.0,0.79,4.62,6.5,10.42,,买入,,4.6
601398.SH,工商银行,20200329,工商银行2019年报详解：零售发力，景气上行,一般,首次评级,方正证券,"杨仁文,余金鑫",2022Q4,109432347.0,,52160000.0,35872661.0,1.01,5.18,,11.78,,推荐,,
603019.SH,中科曙光,20200329,中科曙光公司动态点评：积极调整产品结构保证盈利水平，20年再度扬帆起航,点评,首份报告,长城证券,"周伟佳,李雪薇,封谊敏",2020Q4,1068213.0,,97425.0,78703.0,0.87,51.5,,15.8,53.01,推荐,,
601818.SH,光大银行,20200329,光大银行2019年报点评：营收利润双双高增，加快出清轻装前行,点评,一般报告,安信证券,"张宇,刘源,李双",2022Q4,18124300.0,,6651800.0,5443500.0,1.04,3.54,8.48,11.57,,买入,,4.6
601818.SH,光大银行,20200329,光大银行：高质量高回报，财富管理先行者,点评,一般报告,华泰证券,"沈娟,蒋昭鹏",2022Q4,18073000.0,,,5345800.0,1.02,3.6,8.3,11.4,,买入,4.93,4.6
601818.SH,光大银行,20200329,光大银行：高质量高回报，财富管理先行者,点评,一般报告,华泰证券,"沈娟,蒋昭鹏",2020Q4,14436500.0,,,4117700.0,0.78,4.68,6.4,10.3,,买入,4.93,4.6
601818.SH,光大银行,20200329,详细解读光大银行2019年化年报：业绩增速快，结构优化,一般,一般报告,中泰证券,"戴志锋,邓美君,贾靖",2021Q4,13226800.0,,4516300.0,3735400.0,0.712,4.5,,11.36,,增持,,
600754.SH,锦江酒店,20200329,锦江酒店：中端展店提速，境内RevPAR承压,一般,一般报告,中泰证券,"范欣悦,吴张爽",2020Q4,1513400.0,,158400.0,97100.0,1.01,25.0,,6.6,,增持,,
002262.SZ,恩华药业,20200329,恩华药业：2019年业绩稳健增长；剥离恩华和润进一步聚焦主营业务,点评,一般报告,中金,"何子瑜,邹朋",2020Q4,450100.0,300100.0,94000.0,81000.0,0.79,13.5,1.1,20.4,8.5,跑赢行业,,15.0
601988.SH,中国银行,20200329,中国银行：2019业绩平稳；2020面临较大挑战,一般,一般报告,中金,"王瑶平,张帅帅,严佳卉",2021Q4,,,25249400.0,18984500.0,0.64,5.5,5.5,8.8,,跑赢行业,,5.05
688111.SH,金山办公,20200329,金山办公：国产办公软件龙头成长加速,,首次关注,中泰证券,"闻学臣,何柄谕",2020Q4,295543.0,,90100.0,88200.0,1.91,128.44,0.0,12.7,,买入,,
002410.SZ,广联达,20200329,广联达：造价云转型顺利，施工整合重回高增,点评,一般报告,长江证券,"凌润东,余庚宗,宗建树,胡世煜",2022Q4,583400.0,507600.0,94000.0,80300.0,0.71,61.13,,15.0,65.42,买入,,
600188.SH,兖州煤业,20200329,兖州煤业：业绩逆势上扬，主业更加聚焦,点评,一般报告,信达证券,"左前明,周杰,王志民",2021Q4,11576530.0,,,819512.0,1.67,5.0,,11.11,3.76,买入,,
601939.SH,建设银行,20200329,建设银行2019年报点评：下半年息差降幅收窄，四季度提前扩表备战来年,点评,一般报告,安信证券,"张宇,刘源,李双",2021Q4,76028800.0,,36864200.0,30314400.0,1.21,5.34,5.62,11.98,,买入,,8.1
603019.SH,中科曙光,20200329,中科曙光公司动态点评：积极调整产品结构保证盈利水平，20年再度扬帆起航,点评,首份报告,长城证券,"周伟佳,李雪薇,封谊敏",2022Q4,1578188.0,,166715.0,133991.0,1.49,30.25,,19.0,31.76,推荐,,
601939.SH,建设银行,20200329,建设银行：盈利能力保持稳健，核销转出力度加大,一般,一般报告,广发证券,"倪军,屈俊,万思华",2019Q4,70562900.0,,32659700.0,26673300.0,1.067,6.16,4.95,13.18,,增持,,
601319.SH,中国人保,20200329,中国人保2019年报点评：渠道、成本结构优化，ROE提升明显,点评,一般报告,华创证券,"洪锦屏,张径炜",2022Q4,74040300.0,,3552700.0,1820448.0,0.41,15.4,,,,中性,6.97,6.66
300320.SZ,海达股份,20200329,海达股份：2019强势收关，短期冲击不足为俱,点评,一般报告,太平洋证券,"白宇,赵水平",2021Q4,270800.0,,37800.0,31000.0,0.52,11.4,,14.26,8.03,买入,,8.98
601398.SH,工商银行,20200329,工商银行2019年报详解：零售发力，景气上行,一般,首次评级,方正证券,"杨仁文,余金鑫",2021Q4,101165980.0,,47930000.0,34158095.0,0.96,5.44,,12.14,,推荐,,
601319.SH,中国人保,20200329,中国人保2019年报点评：渠道、成本结构优化，ROE提升明显,点评,一般报告,华创证券,"洪锦屏,张径炜",2020Q4,58739400.0,,2535300.0,1343888.0,0.3,20.9,,,,中性,6.97,6.66
601818.SH,光大银行,20200329,光大银行2019年报点评：营收利润双双高增，加快出清轻装前行,点评,一般报告,安信证券,"张宇,刘源,李双",2021Q4,16196800.0,,5734000.0,4721100.0,0.9,4.08,7.35,10.91,,买入,,4.6
600188.SH,兖州煤业,20200329,兖州煤业：业绩逆势上扬，主业更加聚焦,点评,一般报告,信达证券,"左前明,周杰,王志民",2019Q4,20054912.0,,,866781.0,1.76,5.0,,14.1,4.08,买入,,
601939.SH,建设银行,20200329,建设银行：盈利能力保持稳健，核销转出力度加大,一般,一般报告,广发证券,"倪军,屈俊,万思华",2021Q4,77847700.0,,35426700.0,28963200.0,1.158,5.66,5.5,11.91,,增持,,
601939.SH,建设银行,20200329,建设银行2019年报点评：下半年息差降幅收窄，四季度提前扩表备战来年,点评,一般报告,安信证券,"张宇,刘源,李双",2020Q4,71591600.0,,34600700.0,28453100.0,1.14,5.69,5.28,12.27,,买入,,8.1
600588.SH,用友网络,20200329,用友网络：转型已至里程碑，财务红利持续释放,一般,一般报告,长江证券,"凌润东,余庚宗,宗建树,胡世煜",2021Q4,1166900.0,768700.0,170200.0,143200.0,0.57,73.43,,15.0,57.58,买入,,
601988.SH,中国银行,20200329,中国银行：2019业绩平稳；2020面临较大挑战,一般,一般报告,中金,"王瑶平,张帅帅,严佳卉",2020Q4,,,24988900.0,18788700.0,0.64,5.5,5.4,9.2,,跑赢行业,,5.05
002410.SZ,广联达,20200329,广联达：造价云转型顺利，施工整合重回高增,点评,一般报告,长江证券,"凌润东,余庚宗,宗建树,胡世煜",2020Q4,414900.0,368600.0,54800.0,47200.0,0.42,104.09,,13.0,118.08,买入,,
600754.SH,锦江酒店,20200329,锦江酒店：中端展店提速，境内RevPAR承压,一般,一般报告,中泰证券,"范欣悦,吴张爽",2021Q4,1614400.0,,182300.0,112300.0,1.17,21.0,,7.3,,增持,,
688111.SH,金山办公,20200329,金山办公：国产办公软件龙头成长加速,,首次关注,中泰证券,"闻学臣,何柄谕",2022Q4,699132.0,,214400.0,210200.0,4.56,53.9,0.0,20.1,,买入,,
601319.SH,中国人保,20200329,中国人保2019年报点评：渠道、成本结构优化，ROE提升明显,点评,一般报告,华创证券,"洪锦屏,张径炜",2021Q4,66081800.0,,3081400.0,1578941.0,0.36,17.8,,,,中性,6.97,6.66
601398.SH,工商银行,20200329,工行2019年报点评：行稳致远,一般,一般报告,安信证券,"张宇,李双",2020Q4,81017500.0,,41046300.0,32710600.0,0.92,5.68,6.17,11.71,,增持,,6.07
601818.SH,光大银行,20200329,详细解读光大银行2019年化年报：业绩增速快，结构优化,一般,一般报告,中泰证券,"戴志锋,邓美君,贾靖",2020Q4,10971900.0,,4085200.0,3365900.0,0.641,4.95,,10.79,,增持,,
601939.SH,建设银行,20200329,建设银行2019年报点评：下半年息差降幅收窄，四季度提前扩表备战来年,点评,一般报告,安信证券,"张宇,刘源,李双",2019Q4,67678300.0,,32659700.0,26673300.0,1.07,6.06,4.95,12.72,,买入,,8.1
601398.SH,工商银行,20200329,工行2019年报点评：行稳致远,一般,一般报告,安信证券,"张宇,李双",2022Q4,90323100.0,,45040100.0,35901300.0,1.01,5.17,6.77,11.02,,增持,,6.07
002262.SZ,恩华药业,20200329,恩华药业：2019年业绩稳健增长；剥离恩华和润进一步聚焦主营业务,点评,一般报告,中金,"何子瑜,邹朋",2021Q4,517500.0,,116100.0,100000.0,0.98,10.9,1.4,21.0,6.4,跑赢行业,,15.0
300320.SZ,海达股份,20200329,海达股份：2019强势收关，短期冲击不足为俱,点评,一般报告,太平洋证券,"白宇,赵水平",2020Q4,243600.0,,32000.0,26200.0,0.44,13.49,,13.76,10.31,买入,,8.98
603019.SH,中科曙光,20200329,中科曙光公司动态点评：积极调整产品结构保证盈利水平，20年再度扬帆起航,点评,首份报告,长城证券,"周伟佳,李雪薇,封谊敏",2021Q4,1288965.0,,129201.0,104083.0,1.16,38.94,,17.7,40.44,推荐,,
300320.SZ,海达股份,20200329,海达股份：2019强势收关，短期冲击不足为俱,点评,一般报告,太平洋证券,"白宇,赵水平",2022Q4,304500.0,,45300.0,37500.0,0.62,9.44,,14.91,6.77,买入,,8.98
600967.SH,内蒙一机,20200329,内蒙一机：业绩稳健增长，具有估值优势，重申跑赢行业评级,点评,一般报告,中金,"尹会伟,黄乐平,王心一",2021Q4,1926100.0,,91700.0,82300.0,0.49,19.4,0.5,8.1,5.6,跑赢行业,,13.5
600967.SH,内蒙一机,20200329,内蒙一机：业绩稳健增长，具有估值优势，重申跑赢行业评级,点评,一般报告,中金,"尹会伟,黄乐平,王心一",2020Q4,1728400.0,,85100.0,76500.0,0.45,20.8,0.5,8.1,6.8,跑赢行业,,13.5
600967.SH,内蒙一机,20200329,内蒙一机：业绩稳健增长，具有估值优势，重申跑赢行业评级,点评,一般报告,中金,"尹会伟,黄乐平,王心一",2019Q4,1476100.0,,72700.0,65400.0,0.39,24.4,0.4,7.5,8.8,跑赢行业,,13.5
002706.SZ,良信电器,20200329,良信电器：新兴市场和地产行业助力四季度营收大幅提速,点评,一般报告,国金证券,"邓伟,姚遥",2022Q4,414100.0,172100.0,70100.0,60900.0,0.776,13.86,,24.14,,买入,,
002706.SZ,良信电器,20200329,良信电器：新兴市场和地产行业助力四季度营收大幅提速,点评,一般报告,国金证券,"邓伟,姚遥",2021Q4,330500.0,135900.0,52200.0,45400.0,0.578,18.6,,20.79,,买入,,
000703.SZ,恒逸石化,20200329,恒逸石化一季度业绩点评：聚酯环节利润优异，文莱项目贡献业绩,点评,一般报告,浙商证券,范飞,2019Q4,7719200.0,,429800.0,323300.0,1.14,10.23,,13.3,8.77,买入,,
000063.SZ,中兴通讯,20200329,中兴通讯公司动态点评：5G先锋聚焦运营商业务，研发投入充分巩固竞争力,一般,首份报告,长城证券,"吴彤,余芳沁",2022Q4,12623780.0,,1022436.0,795000.0,1.72,25.17,,14.2,13.22,强烈推荐,,
002706.SZ,良信电器,20200329,良信电器：新兴市场和地产行业助力四季度营收大幅提速,点评,一般报告,国金证券,"邓伟,姚遥",2020Q4,260000.0,106200.0,40400.0,35100.0,0.447,24.04,,17.93,,买入,,
000703.SZ,恒逸石化,20200329,恒逸石化一季度业绩点评：聚酯环节利润优异，文莱项目贡献业绩,点评,一般报告,浙商证券,范飞,2021Q4,10948900.0,,631700.0,458100.0,1.62,7.22,,13.37,5.34,买入,,
000703.SZ,恒逸石化,20200329,恒逸石化一季度业绩点评：聚酯环节利润优异，文莱项目贡献业绩,点评,一般报告,浙商证券,范飞,2020Q4,10577600.0,,558700.0,405200.0,1.43,8.17,,14.03,6.39,买入,,
000063.SZ,中兴通讯,20200329,中兴通讯公司动态点评：5G先锋聚焦运营商业务，研发投入充分巩固竞争力,一般,首份报告,长城证券,"吴彤,余芳沁",2021Q4,11024486.0,,913141.0,709400.0,1.54,28.21,,14.7,15.54,强烈推荐,,
000063.SZ,中兴通讯,20200329,中兴通讯公司动态点评：5G先锋聚焦运营商业务，研发投入充分巩固竞争力,一般,首份报告,长城证券,"吴彤,余芳沁",2020Q4,9754561.0,,792089.0,614400.0,1.33,32.57,,14.9,17.37,强烈推荐,,
600999.SH,招商证券,20200329,招商证券：业务全面提升、ROE保持领先,点评,一般报告,中金,"蒲寒,姚泽宇,王瑶平",2021Q4,2121100.0,,991800.0,808900.0,1.21,14.0,2.9,8.5,,跑赢行业,,20.11
600588.SH,用友网络,20200329,用友网络：云转型进展超预期；2020向云而生,一般,一般报告,中金,"于钟海,钱凯",2021Q4,1271600.0,828900.0,233600.0,169200.0,0.68,62.2,0.0,20.4,38.9,跑赢行业,,45.0
600588.SH,用友网络,20200329,用友网络：云转型进展超预期；2020向云而生,一般,一般报告,中金,"于钟海,钱凯",2020Q4,1039200.0,677700.0,173200.0,124800.0,0.5,84.3,0.0,16.7,50.3,跑赢行业,,45.0
002697.SZ,红旗连锁,20200329,红旗连锁：业绩符合预告，主业及新网银行推升利润增长,一般,一般报告,华金证券,"王冯,吴雨舟",2020Q4,846701.0,,69700.0,61400.0,0.45,20.5,,17.3,12.7,买入,,
000776.SZ,广发证券,20200329,广发证券：投资收益率表现优异、杠杆水平维持平稳,点评,一般报告,中金,"蒲寒,姚泽宇,王瑶平",2021Q4,2472700.0,,1142600.0,838200.0,1.1,12.6,2.8,8.4,,中性,,15.51
000776.SZ,广发证券,20200329,广发证券：投资收益率表现优异、杠杆水平维持平稳,点评,一般报告,中金,"蒲寒,姚泽宇,王瑶平",2020Q4,2378300.0,,1092500.0,801400.0,1.05,13.1,2.7,8.5,,中性,,15.51
603214.SH,爱婴室,20200329,爱婴室2019年年报点评：业绩符合预期，供应链优势带动稳步扩张,点评,一般报告,浙商证券,于健,2022Q4,381800.0,,39500.0,27200.0,2.66,15.55,,15.91,7.58,增持,,
601818.SH,光大银行,20200329,光大银行：业绩稳健，资产质量进一步夯实,一般,一般报告,广发证券,"倪军,屈俊,王先爽",2022Q4,15400500.0,,4882900.0,4057500.0,0.773,,7.97,12.0,,买入,,5.9
601818.SH,光大银行,20200329,光大银行：业绩稳健，资产质量进一步夯实,一般,一般报告,广发证券,"倪军,屈俊,王先爽",2021Q4,15400500.0,,4882900.0,4057500.0,0.773,,7.31,12.0,,买入,,5.9
601818.SH,光大银行,20200329,光大银行：业绩稳健，资产质量进一步夯实,一般,一般报告,广发证券,"倪军,屈俊,王先爽",2020Q4,13916500.0,,4740100.0,3928800.0,0.75,,6.66,11.9,,买入,,5.9
601717.SH,郑煤机,20200329,郑煤机：营收稳中有降，不改利润持续增长,点评,一般报告,太平洋证券,"徐也,刘国清",2022Q4,3770796.0,,218491.0,164785.0,0.95,,,10.15,0.72,买入,,6.5
601717.SH,郑煤机,20200329,郑煤机：营收稳中有降，不改利润持续增长,点评,一般报告,太平洋证券,"徐也,刘国清",2021Q4,3245806.0,,193257.0,145692.0,0.84,,,9.99,1.45,买入,,6.5
601717.SH,郑煤机,20200329,郑煤机：营收稳中有降，不改利润持续增长,点评,一般报告,太平洋证券,"徐也,刘国清",2020Q4,2798908.0,,167728.0,125543.0,0.72,,,9.63,2.1,买入,,6.5
300497.SZ,富祥股份,20200329,富祥股份公司动态点评：与政府战略合作落地，开启快速成长之路,点评,一般报告,川财证券,"周豫,张雪",2021Q4,227300.0,,62500.0,53600.0,1.862,14.0,,24.7,11.0,增持,,
300497.SZ,富祥股份,20200329,富祥股份公司动态点评：与政府战略合作落地，开启快速成长之路,点评,一般报告,川财证券,"周豫,张雪",2020Q4,176100.0,,48300.0,41500.0,1.442,18.0,,23.8,14.0,增持,,
300497.SZ,富祥股份,20200329,富祥股份公司动态点评：与政府战略合作落地，开启快速成长之路,点评,一般报告,川财证券,"周豫,张雪",2019Q4,135700.0,,35400.0,30400.0,1.056,24.0,,21.5,17.0,增持,,
600999.SH,招商证券,20200329,招商证券：业务全面提升、ROE保持领先,点评,一般报告,中金,"蒲寒,姚泽宇,王瑶平",2020Q4,1970000.0,,909700.0,741500.0,1.11,15.2,2.6,8.4,,跑赢行业,,20.11
600025.SH,华能水电,20200329,华能水电：2020年澜上送广东购售电合同敲定，提升电价可见性,点评,一般报告,中金,"刘佳妮,刘俊,王嵩,朱逸煊",2021Q4,2062800.0,,639300.0,529600.0,0.29,12.4,4.0,10.4,16.5,跑赢行业,,5.77
600025.SH,华能水电,20200329,华能水电：2020年澜上送广东购售电合同敲定，提升电价可见性,点评,一般报告,中金,"刘佳妮,刘俊,王嵩,朱逸煊",2020Q4,2059800.0,,621000.0,527000.0,0.29,12.4,4.0,11.0,17.9,跑赢行业,,5.77
600025.SH,华能水电,20200329,华能水电：2020年澜上送广东购售电合同敲定，提升电价可见性,点评,一般报告,中金,"刘佳妮,刘俊,王嵩,朱逸煊",2019Q4,2052300.0,,612400.0,525300.0,0.29,12.5,4.0,11.5,19.8,跑赢行业,,5.77
002697.SZ,红旗连锁,20200329,红旗连锁：业绩符合预告，主业及新网银行推升利润增长,一般,一般报告,华金证券,"王冯,吴雨舟",2022Q4,970263.0,,96800.0,82300.0,0.61,15.3,,17.2,8.2,买入,,
002697.SZ,红旗连锁,20200329,红旗连锁：业绩符合预告，主业及新网银行推升利润增长,一般,一般报告,华金证券,"王冯,吴雨舟",2021Q4,909808.0,,83800.0,71300.0,0.52,17.6,,17.3,10.1,买入,,
603214.SH,爱婴室,20200329,爱婴室2019年年报点评：业绩符合预期，供应链优势带动稳步扩张,点评,一般报告,浙商证券,于健,2021Q4,323300.0,,31900.0,22100.0,2.16,19.15,,15.35,9.85,增持,,
603214.SH,爱婴室,20200329,爱婴室2019年年报点评：业绩符合预期，供应链优势带动稳步扩张,点评,一般报告,浙商证券,于健,2020Q4,274500.0,,26300.0,18100.0,1.77,23.39,,15.11,12.35,增持,,
688009.SH,中国通号,20200329,中国通号点评报告：轨交信号龙头，受益逆周期调节基建力度加大,,首次关注,国海证券,范益民,2021Q4,5477800.0,,711500.0,546000.0,0.52,12.53,,11.33,,增持,,
688009.SH,中国通号,20200329,中国通号点评报告：轨交信号龙头，受益逆周期调节基建力度加大,,首次关注,国海证券,范益民,2020Q4,4757400.0,,591800.0,454100.0,0.43,15.06,,10.05,,增持,,
601155.SH,新城控股,20200329,新城控股：业绩增长平稳，净负债率大幅改善,一般,一般报告,平安证券,杨侃,2021Q4,14623100.0,,2938800.0,1983700.0,8.79,3.5,,23.1,6.3,推荐,,
600999.SH,招商证券,20200329,招商证券：投资驱动业绩，发展步伐稳健,点评,一般报告,华泰证券,"沈娟,陶圣禹,王可",2021Q4,2106000.0,,1022500.0,850600.0,1.27,13.0,,,,买入,20.77,19.38
600999.SH,招商证券,20200329,招商证券：投资驱动业绩，发展步伐稳健,点评,一般报告,华泰证券,"沈娟,陶圣禹,王可",2020Q4,1934300.0,,922400.0,770300.0,1.15,15.0,,,,买入,20.77,19.38
600999.SH,招商证券,20200329,招商证券公司年报点评：资本使用效率高，布局大投行产业链转型,点评,一般报告,海通证券,"孙婷,何婷",2022Q4,2314600.0,,1124000.0,933800.0,1.39,,,,,优于大市,,
600999.SH,招商证券,20200329,招商证券公司年报点评：资本使用效率高，布局大投行产业链转型,点评,一般报告,海通证券,"孙婷,何婷",2021Q4,2182000.0,,1046200.0,869000.0,1.3,,,,,优于大市,,
600999.SH,招商证券,20200329,招商证券公司年报点评：资本使用效率高，布局大投行产业链转型,点评,一般报告,海通证券,"孙婷,何婷",2020Q4,2054900.0,,972400.0,807500.0,1.21,,,,,优于大市,,
600958.SH,东方证券,20200329,东方证券：投资业绩亮眼，资管优势持续,点评,一般报告,华泰证券,"沈娟,陶圣禹,王可",2022Q4,2305200.0,,360400.0,309700.0,0.44,20.91,,,,买入,11.89,11.1
600958.SH,东方证券,20200329,东方证券：投资业绩亮眼，资管优势持续,点评,一般报告,华泰证券,"沈娟,陶圣禹,王可",2021Q4,2107700.0,,293600.0,284800.0,0.41,22.74,,,,买入,11.89,11.1
600958.SH,东方证券,20200329,东方证券：投资业绩亮眼，资管优势持续,点评,一般报告,华泰证券,"沈娟,陶圣禹,王可",2020Q4,1963100.0,,290100.0,252600.0,0.36,25.64,,,,买入,11.89,11.1
600426.SH,华鲁恒升,20200329,华鲁恒升：低油价背景下，公司核心价值深度显现,深度,一般报告,国金证券,"蒲强,杨翼荥,王明辉",2022Q4,1436400.0,381400.0,289200.0,244900.0,1.506,10.25,,12.44,,买入,,
600426.SH,华鲁恒升,20200329,华鲁恒升：低油价背景下，公司核心价值深度显现,深度,一般报告,国金证券,"蒲强,杨翼荥,王明辉",2021Q4,1402000.0,370700.0,279500.0,236700.0,1.455,10.61,,13.29,,买入,,
000661.SZ,长春高新,20200329,长春高新2019年年报点评：业绩略超预期，金赛增长迅猛,一般,一般报告,国信证券,"谢长雁,陈曦炳",2022Q4,1340470.0,,583700.0,446710.0,22.08,23.2,1.6,29.9,18.2,增持,,
000661.SZ,长春高新,20200329,长春高新2019年年报点评：业绩略超预期，金赛增长迅猛,一般,一般报告,国信证券,"谢长雁,陈曦炳",2021Q4,1121070.0,,472000.0,361220.0,17.85,28.7,1.3,29.8,22.2,增持,,
601066.SH,中信建投,20200329,中信建投：投行优势延续，综合实力精进,点评,首份报告,信达证券,王舫朝,Q,,,,,,,,,,无,,
600588.SH,用友网络,20200329,用友网络：云服务收入高速增长，传统业务承压,一般,一般报告,广发证券,"刘雪峰,王奇珏",2022Q4,1249000.0,,183400.0,154600.0,0.62,68.05,,13.9,74.4,增持,,43.16
600588.SH,用友网络,20200329,用友网络：云服务收入高速增长，传统业务承压,一般,一般报告,广发证券,"刘雪峰,王奇珏",2021Q4,1124200.0,,155900.0,131400.0,0.52,80.06,,13.7,87.0,增持,,43.16
603179.SH,新泉股份,20200329,新泉股份：合资车型内饰件进口替代加速，Q4营收逆势转正！,一般,一般报告,中泰证券,"苏晨,戴仕远",2021Q4,386893.3,,30969.5,28665.0,1.267,,1.3,13.6,6.4,增持,,
603179.SH,新泉股份,20200329,新泉股份：合资车型内饰件进口替代加速，Q4营收逆势转正！,一般,一般报告,中泰证券,"苏晨,戴仕远",2020Q4,350446.8,,24918.7,23022.7,1.018,,1.2,12.3,9.3,增持,,
000089.SZ,深圳机场,20200329,深圳机场：悲观预期充分，上调至“买入”,点评,一般报告,华泰证券,"沈晓峰,黄凡洋",2022Q4,533700.0,,110100.0,85718.0,0.42,18.4,,6.18,8.62,买入,10.85,9.61
000089.SZ,深圳机场,20200329,深圳机场：悲观预期充分，上调至“买入”,点评,一般报告,华泰证券,"沈晓峰,黄凡洋",2021Q4,464000.0,,131200.0,101400.0,0.49,15.56,,7.61,9.47,买入,10.85,9.61
000089.SZ,深圳机场,20200329,深圳机场：悲观预期充分，上调至“买入”,点评,一般报告,华泰证券,"沈晓峰,黄凡洋",2020Q4,371700.0,,70218.0,54952.0,0.27,28.7,,4.41,14.02,买入,10.85,9.61
603713.SH,密尔克卫,20200329,密尔克卫：首次签署大型保税项目，拓展业务范围,点评,一般报告,国盛证券,"张俊,郑树明",2020Q4,334500.0,,34700.0,25700.0,1.66,31.0,,15.2,19.5,买入,,
603713.SH,密尔克卫,20200329,密尔克卫：首次签署大型保税项目，拓展业务范围,点评,一般报告,国盛证券,"张俊,郑树明",2019Q4,249900.0,,26800.0,19700.0,1.27,40.4,,13.8,25.6,买入,,
601869.SH,长飞光纤,20200329,长飞光纤公司动态点评：行业底部收入缩减，净利润率仍维持较高水平,点评,首份报告,长城证券,"吴彤,余芳沁",2021Q4,1031810.0,,135292.0,122387.0,1.61,21.54,,11.0,13.42,推荐,,
600588.SH,用友网络,20200329,用友网络：云服务收入高速增长，传统业务承压,一般,一般报告,广发证券,"刘雪峰,王奇珏",2020Q4,983600.0,,128300.0,108100.0,0.43,97.32,,13.1,102.56,增持,,43.16
603179.SH,新泉股份,20200329,新泉股份：合资车型内饰件进口替代加速，Q4营收逆势转正！,一般,一般报告,中泰证券,"苏晨,戴仕远",2022Q4,417844.7,,35571.5,33004.0,1.459,,1.1,13.9,6.5,增持,,
300751.SZ,迈为股份,20200329,迈为股份：四季度业绩大增；订单充足保障2020年业绩,点评,一般报告,国金证券,"王华君,赵晋",2022Q4,330100.0,127500.0,74800.0,62800.0,12.08,12.8,,22.2,,买入,,203.0
300751.SZ,迈为股份,20200329,迈为股份：四季度业绩大增；订单充足保障2020年业绩,点评,一般报告,国金证券,"王华君,赵晋",2021Q4,275100.0,103500.0,58100.0,48900.0,9.4,16.4,,22.2,,买入,,203.0
300751.SZ,迈为股份,20200329,迈为股份：四季度业绩大增；订单充足保障2020年业绩,点评,一般报告,国金证券,"王华君,赵晋",2020Q4,205400.0,74900.0,41600.0,35100.0,6.75,22.8,,20.5,,买入,,203.0
300003.SZ,乐普医疗,20200329,乐普医疗：新冠病毒检测试剂盒获FDA授权，平台化优势推动新产品快速上市,点评,一般报告,国盛证券,"邓云龙,张金洋",2021Q4,1036100.0,,357200.0,295300.0,1.66,23.2,,23.5,16.7,买入,,
300003.SZ,乐普医疗,20200329,乐普医疗：新冠病毒检测试剂盒获FDA授权，平台化优势推动新产品快速上市,点评,一般报告,国盛证券,"邓云龙,张金洋",2020Q4,851100.0,,273400.0,226000.0,1.27,30.3,,22.9,21.9,买入,,
300003.SZ,乐普医疗,20200329,乐普医疗：新冠病毒检测试剂盒获FDA授权，平台化优势推动新产品快速上市,点评,一般报告,国盛证券,"邓云龙,张金洋",2019Q4,775400.0,,208300.0,172200.0,0.97,39.7,,22.0,28.4,买入,,
000708.SZ,中信特钢,20200329,中信特钢：特钢行业龙头，抗周期能力强,一般,首次评级,国金证券,倪文祎,2022Q4,7551600.0,1402400.0,757100.0,620500.0,2.09,12.86,,17.3,,增持,28.56,28.56
000708.SZ,中信特钢,20200329,中信特钢：特钢行业龙头，抗周期能力强,一般,首次评级,国金证券,倪文祎,2021Q4,7495600.0,1369600.0,729500.0,598000.0,2.014,13.34,,18.6,,增持,28.56,28.56
000708.SZ,中信特钢,20200329,中信特钢：特钢行业龙头，抗周期能力强,一般,首次评级,国金证券,倪文祎,2020Q4,7405000.0,1334300.0,689600.0,565300.0,1.904,14.11,,19.79,,增持,28.56,28.56
000063.SZ,中兴通讯,20200329,中兴通讯：聚焦运营商业务，提升盈利能力,点评,一般报告,华金证券,"蔡景彦,曾捷",2022Q4,12962500.0,,1149300.0,936600.0,2.03,21.4,,16.2,11.8,买入,,
000063.SZ,中兴通讯,20200329,中兴通讯：聚焦运营商业务，提升盈利能力,点评,一般报告,华金证券,"蔡景彦,曾捷",2021Q4,12257300.0,,1012800.0,809300.0,1.75,24.7,,16.5,12.9,买入,,
688009.SH,中国通号,20200329,中国通号点评报告：轨交信号龙头，受益逆周期调节基建力度加大,,首次关注,国海证券,范益民,2022Q4,6391900.0,,862500.0,661900.0,0.63,10.34,,12.78,,增持,,
601319.SH,中国人保,20200329,中国人保：产险费用管控较优，寿险持续价值转型,一般,首份报告,信达证券,王舫朝,Q,,,,,,,,,,无,,
601155.SH,新城控股,20200329,新城控股：业绩增长平稳，净负债率大幅改善,一般,一般报告,平安证券,杨侃,2022Q4,18344700.0,,3562100.0,2404400.0,10.65,2.9,,22.4,8.9,推荐,,
601155.SH,新城控股,20200329,新城控股：业绩增长平稳，净负债率大幅改善,一般,一般报告,平安证券,杨侃,2020Q4,11505200.0,,2356500.0,1590600.0,7.05,4.4,,23.3,11.8,推荐,,
600999.SH,招商证券,20200329,招商证券：投资驱动业绩，发展步伐稳健,点评,一般报告,华泰证券,"沈娟,陶圣禹,王可",2022Q4,2401800.0,,1081400.0,899300.0,1.34,13.0,,,,买入,20.77,19.38
600426.SH,华鲁恒升,20200329,华鲁恒升：低油价背景下，公司核心价值深度显现,深度,一般报告,国金证券,"蒲强,杨翼荥,王明辉",2020Q4,1316400.0,341000.0,251300.0,212800.0,1.308,11.8,,13.29,,买入,,
000661.SZ,长春高新,20200329,长春高新2019年年报点评：业绩略超预期，金赛增长迅猛,一般,一般报告,国信证券,"谢长雁,陈曦炳",2020Q4,897160.0,,371700.0,284520.0,14.06,36.5,1.0,28.8,28.7,增持,,
603713.SH,密尔克卫,20200329,密尔克卫：首次签署大型保税项目，拓展业务范围,点评,一般报告,国盛证券,"张俊,郑树明",2021Q4,432700.0,,46400.0,34300.0,2.22,23.2,,16.9,14.6,买入,,
601869.SH,长飞光纤,20200329,长飞光纤公司动态点评：行业底部收入缩减，净利润率仍维持较高水平,点评,首份报告,长城证券,"吴彤,余芳沁",2020Q4,867158.0,,109898.0,99089.0,1.31,26.6,,10.0,17.86,推荐,,
601869.SH,长飞光纤,20200329,长飞光纤公司动态点评：行业底部收入缩减，净利润率仍维持较高水平,点评,首份报告,长城证券,"吴彤,余芳沁",2019Q4,749074.0,,88351.0,80123.0,1.06,32.9,,8.8,20.45,推荐,,
000063.SZ,中兴通讯,20200329,中兴通讯：聚焦运营商业务，提升盈利能力,点评,一般报告,华金证券,"蔡景彦,曾捷",2020Q4,10397000.0,,736200.0,611500.0,1.33,32.7,,14.8,16.6,买入,,
900932.BJ,陆家B股,20200329,陆家B股：业绩符合预期，2020年租金收入料同比持平B,点评,一般报告,中金,"王璞,张宇,李南南",2020Q4,1525600.0,697300.0,580000.0,364700.0,0.9,12.3,4.1,19.2,11.7,中性,,0.88
601818.SH,光大银行,20200329,光大银行：量价齐升营收高增长，表内风险加速出清,一般,首次关注,华西证券,刘志平,2022Q4,16866900.0,,6289900.0,5024800.0,0.82,,,11.82,,增持,,
900932.BJ,陆家B股,20200329,陆家B股：业绩符合预期，2020年租金收入料同比持平B,点评,一般报告,中金,"王璞,张宇,李南南",2021Q4,1678700.0,,629600.0,395900.0,0.98,11.4,4.4,18.9,11.7,中性,,0.88
601818.SH,光大银行,20200329,光大银行：量价齐升营收高增长，表内风险加速出清,一般,首次关注,华西证券,刘志平,2021Q4,15198700.0,,5480300.0,4472200.0,0.73,,,11.39,,增持,,
601818.SH,光大银行,20200329,光大银行：量价齐升营收高增长，表内风险加速出清,一般,首次关注,华西证券,刘志平,2020Q4,13976000.0,,4955000.0,4067300.0,0.66,,,11.75,,增持,,
601398.SH,工商银行,20200329,工商银行：存款成本上行明显，拨备核销力度放缓,点评,一般报告,广发证券,"倪军,屈俊,李佳鸣",2022Q4,105093400.0,,44320400.0,35243500.0,0.98,5.34,5.83,11.34,,买入,,6.82
601398.SH,工商银行,20200329,工商银行：存款成本上行明显，拨备核销力度放缓,点评,一般报告,广发证券,"倪军,屈俊,李佳鸣",2021Q4,98000300.0,,42402400.0,33744600.0,0.93,5.58,5.58,11.79,,买入,,6.82
600879.SH,航天电子,20200329,航天电子：业绩小幅增长，看好公司航天业务长期发展空间,点评,首份报告,方正证券,孟祥杰,2022Q4,1844599.0,,91004.0,71811.0,0.26,24.69,,5.1,7.32,推荐,,
600879.SH,航天电子,20200329,航天电子：业绩小幅增长，看好公司航天业务长期发展空间,点评,首份报告,方正证券,孟祥杰,2021Q4,1626200.0,,76830.0,60572.0,0.22,29.27,,4.5,9.42,推荐,,
600548.SH,深高速,20200329,深高速：拥抱大湾区，开拓主辅业,深度,首次关注,西部证券,"吴剑樑,李莹,吴岑",2022Q4,766300.0,,351300.0,279400.0,1.28,6.9,,12.9,,买入,,
603579.SH,荣泰健康,20200329,荣泰健康：单季业绩环比改善，共享按摩占比降低——2019年报点评,点评,首份报告,中泰证券,"邓欣,熊亚威",2020Q4,244300.0,80300.0,34300.0,30300.0,2.164,14.5,,14.79,,增持,,
000488.SZ,晨鸣纸业,20200329,晨鸣纸业：年报表现符合预期，2019Q4造纸主业增长强劲,点评,一般报告,国盛证券,"严大林,黄莎",2020Q4,3258800.0,,255800.0,207800.0,0.72,6.4,,7.7,9.4,买入,,
601398.SH,工商银行,20200329,工商银行：存款成本上行明显，拨备核销力度放缓,点评,一般报告,广发证券,"倪军,屈俊,李佳鸣",2020Q4,92222000.0,,40845300.0,32528500.0,0.9,5.79,5.38,12.39,,买入,,6.82
600879.SH,航天电子,20200329,航天电子：业绩小幅增长，看好公司航天业务长期发展空间,点评,首份报告,方正证券,孟祥杰,2020Q4,1469812.0,,64987.0,51542.0,0.19,34.4,,4.0,12.81,推荐,,
300369.SZ,绿盟科技,20200329,绿盟科技：治理结构改善，中长期效应显现可期,深度,一般报告,广发证券,"刘雪峰,庞倩倩",2020Q4,214300.0,,33200.0,30000.0,0.38,55.29,,8.3,116.42,买入,,26.85
600754.SH,锦江酒店,20200329,锦江酒店：中端品牌力提升规模网络扩张提速，费用率改善信号出现,一般,一般报告,兴业证券,熊超,2022Q4,1735482.0,,263100.0,182023.0,1.9,13.2,,10.83,,审慎增持,,
601088.SH,中国神华,20200329,中国神华：分红楷模，2019-2021每年将至少分红50%,点评,一般报告,中泰证券,"李俊松,陈晨,王瀚",2021Q4,25047470.0,,6651300.0,4274560.0,2.15,7.57,6.6,11.22,2.7,买入,,
000848.SZ,承德露露,20200329,承德露露：春节提前利好4Q19销售，2020年需关注疫情影响,点评,一般报告,中金,"王亦沁,吕若晨",2021Q4,243900.0,,64800.0,48700.0,0.5,13.4,13.5,23.3,6.8,中性,,8.7
300751.SZ,迈为股份,20200329,迈为股份：在手订单饱满，静待HJT花开,一般,一般报告,招商证券,"诸凯,吴丹,刘荣,时文博",2020Q4,219700.0,,48400.0,40400.0,7.77,19.8,,23.3,23.3,强烈推荐,,
002304.SZ,洋河股份,20200329,洋河股份：深度调整，经营拐点仍需等待,一般,一般报告,中金,"余驰,周悦琅,吕若晨",2019Q4,2311100.0,,975700.0,734200.0,4.87,17.6,3.5,21.0,11.7,跑赢行业,,115.8
603939.SH,益丰药房,20200329,益丰药房：精耕细作稳健扩张，业绩常青的稀缺标的,一般,首次关注,国盛证券,"张金洋,缪牧一",2021Q4,1604000.0,,134000.0,92100.0,2.43,36.4,,16.2,22.4,买入,,
600183.SH,生益科技,20200329,生益科技：产品升级与精益管理，打造全球电子电路材料龙头,一般,一般报告,招商证券,"鄢凡,张益敏",2021Q4,1911000.0,,291400.0,233500.0,1.03,26.6,,20.5,18.2,强烈推荐,,36.0
300751.SZ,迈为股份,20200329,迈为股份：在手订单饱满，静待HJT花开,一般,一般报告,招商证券,"诸凯,吴丹,刘荣,时文博",2022Q4,417300.0,,85000.0,69600.0,13.39,11.5,,25.1,13.1,强烈推荐,,
002007.SZ,华兰生物,20200329,华兰生物公司年报点评：血液制品稳健增长，疫苗业务贡献业绩弹性,点评,一般报告,海通证券,"郑琴,余文心",2021Q4,534300.0,,241900.0,191200.0,1.36,34.39,0.9,21.4,27.41,优于大市,,
000848.SZ,承德露露,20200329,承德露露：春节提前利好4Q19销售，2020年需关注疫情影响,点评,一般报告,中金,"王亦沁,吕若晨",2020Q4,232300.0,119900.0,61700.0,46400.0,0.47,14.0,12.8,21.8,6.5,中性,,8.7
600958.SH,东方证券,20200329,东方证券：行情回暖投资收益增厚利润，质押风险暴露计提大额减值,一般,一般报告,广发证券,"陈福,陈韵杨",2020Q4,1988200.0,,324900.0,255300.0,0.37,25.36,,4.8,,买入,,12.59
002304.SZ,洋河股份,20200329,洋河股份：深度调整，经营拐点仍需等待,一般,一般报告,中金,"余驰,周悦琅,吕若晨",2021Q4,2639400.0,,1158900.0,872100.0,5.79,14.8,4.4,21.3,9.5,跑赢行业,,115.8
603939.SH,益丰药房,20200329,益丰药房：精耕细作稳健扩张，业绩常青的稀缺标的,一般,首次关注,国盛证券,"张金洋,缪牧一",2020Q4,1294200.0,,103300.0,70800.0,1.87,47.4,,14.6,29.2,买入,,
002304.SZ,洋河股份,20200329,洋河股份：深度调整，经营拐点仍需等待,一般,一般报告,中金,"余驰,周悦琅,吕若晨",2020Q4,2285000.0,,963400.0,724900.0,4.81,17.8,3.5,19.3,11.6,跑赢行业,,115.8
002959.SZ,小熊电器,20200329,小熊电器：产品和渠道另辟蹊径，创意制胜打造品牌新秀,深度,首次关注,华西证券,"汪玲,王映雪,段家琪",2020Q4,351047.0,,42233.0,33364.0,2.78,30.28,,30.8,,增持,,
688016.SH,心脉医疗,20200329,心脉医疗：主动脉业务保持高速增长，外周介入产品加速布局,,一般报告,方正证券,"周小刚,张林飞",2022Q4,76097.0,,37724.0,32537.0,4.52,35.71,,18.0,28.52,强烈推荐,,
601088.SH,中国神华,20200329,中国神华2019年报点评：神华常规分红率2007年上市以来首次提升，重申“买入”,一般,一般报告,华西证券,"丁一洪,洪奕昕",2021Q4,23444378.0,,6579394.0,4264714.0,2.14,7.59,,10.62,,买入,,25.68
300357.SZ,我武生物,20200329,我武生物：2019年业绩符合预期，疫情短期冲击不改长期成长逻辑,点评,一般报告,国盛证券,"张金洋,杨春雨",2021Q4,104200.0,,54900.0,47100.0,0.9,47.1,,24.2,39.6,买入,,
000089.SZ,深圳机场,20200329,深圳机场2019年报点评：仍处产能扩张期，疫情不改公司长期增长趋势,点评,首份报告,光大证券,程新星,2022Q4,508400.0,,90300.0,69000.0,0.34,23.0,1.1,5.19,9.6,增持,,
000089.SZ,深圳机场,20200329,深圳机场：国际客流增速强劲，基建投产打开成长空间,一般,一般报告,招商证券,"苏宝亮,肖欣晨",2021Q4,417700.0,,86100.0,65500.0,0.32,24.1,,5.1,7.7,强烈推荐,,9.3
300369.SZ,绿盟科技,20200329,绿盟科技：治理结构改善，中长期效应显现可期,深度,一般报告,广发证券,"刘雪峰,庞倩倩",2021Q4,271900.0,,43100.0,38900.0,0.49,42.55,,9.7,84.24,买入,,26.85
002465.SZ,海格通信,20200329,海格通信：业绩稳健增长，看好无线和北斗业务前景,点评,一般报告,广发证券,"赵炳楠,李炼",2020Q4,530400.0,,77500.0,72100.0,0.31,35.79,,7.2,30.34,买入,,13.2
600188.SH,兖州煤业,20200329,兖州煤业：大手笔剥离非煤贸易业务，收购优质资产股权，夯实主业竞争力,点评,一般报告,中泰证券,"李俊松,陈晨,王瀚",2019Q4,20064760.0,,1523800.0,866500.0,1.76,4.89,8.2,14.3,3.1,买入,,
603579.SH,荣泰健康,20200329,荣泰健康：单季业绩环比改善，共享按摩占比降低——2019年报点评,点评,首份报告,中泰证券,"邓欣,熊亚威",2022Q4,317600.0,105300.0,46000.0,40500.0,2.893,10.84,,14.51,,增持,,
600522.SH,中天科技,20200329,中天科技：五问五答，再看中天,一般,一般报告,国盛证券,"宋嘉吉,黄瀚",2019Q4,3987200.0,,211300.0,180400.0,0.59,18.1,,8.6,11.1,买入,,
600188.SH,兖州煤业,20200329,兖州煤业：陕蒙矿区产量有望迎来增长，费用下降增厚净利润,点评,一般报告,兴业证券,"龚里,李春驰",2022Q4,20576200.0,,1517600.0,906100.0,1.84,4.7,,13.4,,审慎增持,,
600663.SH,陆家嘴,20200329,陆家嘴：业绩符合预期，2020年租金收入料同比持平,点评,一般报告,中金,"王璞,张宇,李南南",2021Q4,1678700.0,,629600.0,395900.0,0.98,11.4,4.4,18.9,11.7,中性,,12.62
000063.SZ,中兴通讯,20200329,中兴通讯：业绩符合预期，盈利能力持续改善，聚焦通信设备主航道,一般,一般报告,招商证券,"余俊,张皓怡",2020Q4,11062800.0,,723400.0,603900.0,1.31,33.1,,11.7,27.8,强烈推荐,,
300357.SZ,我武生物,20200329,我武生物：2019年业绩符合预期，疫情短期冲击不改长期成长逻辑,点评,一般报告,国盛证券,"张金洋,杨春雨",2022Q4,134200.0,,71900.0,61400.0,1.17,36.1,,25.5,29.8,买入,,
603659.SH,璞泰来,20200329,璞泰来：2019年业绩低于预期，拟发定增缓解资金压力、保障规模扩张,一般,一般报告,中金,"曾韬,张月,刘俊",2020Q4,613100.0,174000.0,94900.0,83300.0,1.91,32.8,0.9,22.4,23.5,跑赢行业,,76.0
000089.SZ,深圳机场,20200329,深圳机场：国际客流增速强劲，基建投产打开成长空间,一般,一般报告,招商证券,"苏宝亮,肖欣晨",2022Q4,477500.0,,103700.0,78300.0,0.38,20.1,,5.8,6.1,强烈推荐,,9.3
000488.SZ,晨鸣纸业,20200329,晨鸣纸业：年报表现符合预期，2019Q4造纸主业增长强劲,点评,一般报告,国盛证券,"严大林,黄莎",2021Q4,3563000.0,,330900.0,268900.0,0.93,4.9,,9.4,8.2,买入,,
601088.SH,中国神华,20200329,中国神华：分红楷模，2019-2021每年将至少分红50%,点评,一般报告,中泰证券,"李俊松,陈晨,王瀚",2020Q4,23951710.0,,6413050.0,4161080.0,2.09,7.78,6.4,11.57,3.1,买入,,
600183.SH,生益科技,20200329,生益科技：产品升级与精益管理，打造全球电子电路材料龙头,一般,一般报告,招商证券,"鄢凡,张益敏",2020Q4,1607100.0,,239800.0,192300.0,0.84,32.3,,20.0,22.4,强烈推荐,,36.0
601088.SH,中国神华,20200329,中国神华2019年报点评：神华常规分红率2007年上市以来首次提升，重申“买入”,一般,一般报告,华西证券,"丁一洪,洪奕昕",2022Q4,24958362.0,,7135143.0,4624947.0,2.33,7.0,,10.77,,买入,,25.68
600522.SH,中天科技,20200329,中天科技：五问五答，再看中天,一般,一般报告,国盛证券,"宋嘉吉,黄瀚",2020Q4,4688700.0,,270700.0,231400.0,0.75,14.1,,10.1,8.5,买入,,
002697.SZ,红旗连锁,20200329,红旗连锁公司年报点评：收入增8％主业净利增40％，外拓内增成效显著,点评,一般报告,海通证券,"汪立亭,李宏科,高瑜",2021Q4,987901.0,47900.0,74242.0,66103.0,0.49,19.03,0.94,17.38,15.41,优于大市,,
600754.SH,锦江酒店,20200329,锦江酒店：中端品牌力提升规模网络扩张提速，费用率改善信号出现,一般,一般报告,兴业证券,熊超,2020Q4,1335151.0,,110200.0,67353.0,0.7,35.7,,4.87,,审慎增持,,
002135.SZ,东南网架,20200329,东南网架：钢结构东风起，转型EPC总包驶上快车道,深度,首次关注,华西证券,"戚舒扬,郁晾",2022Q4,1442998.0,,71687.0,63336.0,0.61,12.97,,11.24,,买入,,9.34
600548.SH,深高速,20200329,深高速：拥抱大湾区，开拓主辅业,深度,首次关注,西部证券,"吴剑樑,李莹,吴岑",2021Q4,722800.0,,325200.0,258000.0,1.18,7.4,,12.8,,买入,,
000063.SZ,中兴通讯,20200329,中兴通讯：业绩符合预期，盈利能力持续改善，聚焦通信设备主航道,一般,一般报告,招商证券,"余俊,张皓怡",2021Q4,13145300.0,,974900.0,798500.0,1.73,25.0,,13.8,21.6,强烈推荐,,
000488.SZ,晨鸣纸业,20200329,晨鸣纸业：年报表现符合预期，2019Q4造纸主业增长强劲,点评,一般报告,国盛证券,"严大林,黄莎",2022Q4,3865900.0,,364500.0,296200.0,1.02,4.5,,9.6,8.3,买入,,
603659.SH,璞泰来,20200329,璞泰来：2019年业绩低于预期，拟发定增缓解资金压力、保障规模扩张,一般,一般报告,中金,"曾韬,张月,刘俊",2021Q4,802300.0,225800.0,126600.0,111200.0,2.56,24.6,1.2,24.8,17.8,跑赢行业,,76.0
000063.SZ,中兴通讯,20200329,中兴通讯：运营商业务好转，关注公司长期盈利能力,一般,一般报告,华西证券,宋辉,2021Q4,11195300.0,,882900.0,713900.0,1.55,28.03,,14.7,,中性,,
600183.SH,生益科技,20200329,生益科技：产品升级与精益管理，打造全球电子电路材料龙头,一般,一般报告,招商证券,"鄢凡,张益敏",2022Q4,2284600.0,,349600.0,280000.0,1.23,22.2,,20.8,15.3,强烈推荐,,36.0
603579.SH,荣泰健康,20200329,荣泰健康：单季业绩环比改善，共享按摩占比降低——2019年报点评,点评,首份报告,中泰证券,"邓欣,熊亚威",2021Q4,274300.0,90500.0,38500.0,33900.0,2.421,12.96,,14.2,,增持,,
000063.SZ,中兴通讯,20200329,中兴通讯：运营商业务好转，关注公司长期盈利能力,一般,一般报告,华西证券,宋辉,2020Q4,10012500.0,,745300.0,601700.0,1.3,33.26,,14.5,,中性,,
300369.SZ,绿盟科技,20200329,绿盟科技：治理结构改善，中长期效应显现可期,深度,一般报告,广发证券,"刘雪峰,庞倩倩",2019Q4,166800.0,,24900.0,22500.0,0.28,73.63,,6.8,165.54,买入,,26.85
601088.SH,中国神华,20200329,中国神华：分红楷模，2019-2021每年将至少分红50%,点评,一般报告,中泰证券,"李俊松,陈晨,王瀚",2022Q4,26191360.0,,6903060.0,4391580.0,2.21,7.37,6.8,10.9,2.2,买入,,
600958.SH,东方证券,20200329,东方证券：行情回暖投资收益增厚利润，质押风险暴露计提大额减值,一般,一般报告,广发证券,"陈福,陈韵杨",2022Q4,2344600.0,,394000.0,309700.0,0.44,20.91,,5.5,,买入,,12.59
601088.SH,中国神华,20200329,中国神华2019年报点评：神华常规分红率2007年上市以来首次提升，重申“买入”,一般,一般报告,华西证券,"丁一洪,洪奕昕",2020Q4,21921414.0,,6094301.0,3950280.0,1.99,8.19,,10.5,,买入,,25.68
000089.SZ,深圳机场,20200329,深圳机场：国际客流增速强劲，基建投产打开成长空间,一般,一般报告,招商证券,"苏宝亮,肖欣晨",2020Q4,279700.0,,48300.0,37900.0,0.18,41.6,,3.1,11.0,强烈推荐,,9.3
600188.SH,兖州煤业,20200329,兖州煤业：陕蒙矿区产量有望迎来增长，费用下降增厚净利润,点评,一般报告,兴业证券,"龚里,李春驰",2020Q4,20153600.0,,1394100.0,819300.0,1.67,5.2,,14.7,,审慎增持,,
002925.SZ,盈趣科技,20200329,盈趣科技：业绩符合预期，多业务领域持续发力,点评,一般报告,国盛证券,"张俊,郑树明",2021Q4,544700.0,,150000.0,130300.0,2.84,15.7,,23.0,11.2,买入,,
600188.SH,兖州煤业,20200329,兖州煤业：陕蒙矿区产量有望迎来增长，费用下降增厚净利润,点评,一般报告,兴业证券,"龚里,李春驰",2021Q4,20362000.0,,1450700.0,867700.0,1.77,4.9,,14.1,,审慎增持,,
000063.SZ,中兴通讯,20200329,中兴通讯：业绩符合预期，盈利能力持续改善，聚焦通信设备主航道,一般,一般报告,招商证券,"余俊,张皓怡",2022Q4,15009800.0,,1287700.0,1051700.0,2.28,19.0,,15.9,16.9,强烈推荐,,
002465.SZ,海格通信,20200329,海格通信：业绩稳健增长，看好无线和北斗业务前景,点评,一般报告,广发证券,"赵炳楠,李炼",2022Q4,689800.0,,127600.0,110600.0,0.48,23.32,,9.6,19.07,买入,,13.2
601155.SH,新城控股,20200329,新城控股：营收增速大幅提升，业绩增速有所收窄，负债结构有效改善——2019年年报点评,一般,首份报告,方正证券,夏亦丰,2020Q4,12187812.0,,2276284.0,1593399.0,7.06,4.39,,29.0,2.14,推荐,,
600958.SH,东方证券,20200329,东方证券：行情回暖投资收益增厚利润，质押风险暴露计提大额减值,一般,一般报告,广发证券,"陈福,陈韵杨",2021Q4,2128800.0,,355800.0,279600.0,0.4,23.16,,5.1,,买入,,12.59
000063.SZ,中兴通讯,20200329,中兴通讯：运营商业务好转，关注公司长期盈利能力,一般,一般报告,华西证券,宋辉,2022Q4,12874600.0,,1068500.0,856300.0,1.86,23.37,,15.0,,中性,,
600548.SH,深高速,20200329,深高速：拥抱大湾区，开拓主辅业,深度,首次关注,西部证券,"吴剑樑,李莹,吴岑",2020Q4,569400.0,,231700.0,188400.0,0.86,10.2,,10.0,,买入,,
688009.SH,中国通号,20200329,中国通号：2019年业绩符合预期，经营现金流显著改善,,一般报告,中金,"孔令鑫,张梓丁,舒维康",2021Q4,4661600.0,1072100.0,602800.0,453900.0,0.43,7.5,2.7,17.1,2.1,无,,
600188.SH,兖州煤业,20200329,兖州煤业：大手笔剥离非煤贸易业务，收购优质资产股权，夯实主业竞争力,点评,一般报告,中泰证券,"李俊松,陈晨,王瀚",2020Q4,20429270.0,,1494430.0,803200.0,1.64,5.28,7.6,12.28,2.8,买入,,
002925.SZ,盈趣科技,20200329,盈趣科技：业绩符合预期，多业务领域持续发力,点评,一般报告,国盛证券,"张俊,郑树明",2022Q4,640600.0,,179000.0,155400.0,3.39,13.1,,23.0,8.7,买入,,
002135.SZ,东南网架,20200329,东南网架：钢结构东风起，转型EPC总包驶上快车道,深度,首次关注,华西证券,"戚舒扬,郁晾",2021Q4,1219490.0,,56122.0,49583.0,0.48,16.56,,9.78,,买入,,9.34
002697.SZ,红旗连锁,20200329,红旗连锁公司年报点评：收入增8％主业净利增40％，外拓内增成效显著,点评,一般报告,海通证券,"汪立亭,李宏科,高瑜",2020Q4,887321.0,41400.0,66545.0,59249.0,0.44,21.23,0.94,17.99,19.49,优于大市,,
600188.SH,兖州煤业,20200329,兖州煤业：大手笔剥离非煤贸易业务，收购优质资产股权，夯实主业竞争力,点评,一般报告,中泰证券,"李俊松,陈晨,王瀚",2021Q4,21160400.0,,1612220.0,859000.0,1.75,4.94,8.1,12.17,2.4,买入,,
002925.SZ,盈趣科技,20200329,盈趣科技：业绩符合预期，多业务领域持续发力,点评,一般报告,国盛证券,"张俊,郑树明",2020Q4,446800.0,,125500.0,109100.0,2.38,18.7,,22.6,13.3,买入,,
603939.SH,益丰药房,20200329,益丰药房：精耕细作稳健扩张，业绩常青的稀缺标的,一般,首次关注,国盛证券,"张金洋,缪牧一",2019Q4,1037600.0,,79700.0,54200.0,1.43,61.9,,13.0,35.3,买入,,
600009.SH,上海机场,20200329,上海机场：疫情带来短期阵痛，枢纽地位不变,点评,一般报告,华泰证券,"沈晓峰,黄凡洋",2021Q4,1402300.0,,792700.0,588100.0,3.05,20.35,,15.31,11.43,增持,79.7,73.38
688016.SH,心脉医疗,20200329,心脉医疗：主动脉业务保持高速增长，外周介入产品加速布局,,一般报告,方正证券,"周小刚,张林飞",2020Q4,43737.0,,21983.0,18953.0,2.63,61.3,,15.0,53.52,强烈推荐,,
600009.SH,上海机场,20200329,上海机场：疫情带来短期阵痛，枢纽地位不变,点评,一般报告,华泰证券,"沈晓峰,黄凡洋",2022Q4,1527300.0,,894000.0,663200.0,3.44,18.04,,15.33,9.88,增持,79.7,73.38
300751.SZ,迈为股份,20200329,迈为股份：在手订单饱满，静待HJT花开,一般,一般报告,招商证券,"诸凯,吴丹,刘荣,时文博",2021Q4,316700.0,,65500.0,54000.0,10.38,14.8,,24.6,17.1,强烈推荐,,
600663.SH,陆家嘴,20200329,陆家嘴：业绩符合预期，2020年租金收入料同比持平,点评,一般报告,中金,"王璞,张宇,李南南",2020Q4,1525600.0,697300.0,580000.0,364700.0,0.9,12.3,4.1,19.2,11.7,中性,,12.62
002299.SZ,圣农发展,20200329,圣农发展：产业链趋于完整平滑周期，关注后续行业引种计划,一般,首份报告,广发证券,"王乾,钱浩",2021Q4,1825900.0,,375900.0,361000.0,2.901,7.46,,27.0,5.41,增持,,27.0
601155.SH,新城控股,20200329,新城控股：营收增速大幅提升，业绩增速有所收窄，负债结构有效改善——2019年年报点评,一般,首份报告,方正证券,夏亦丰,2021Q4,17052767.0,,3087496.0,1991435.0,8.82,3.51,,27.0,2.1,推荐,,
002959.SZ,小熊电器,20200329,小熊电器：产品和渠道另辟蹊径，创意制胜打造品牌新秀,深度,首次关注,华西证券,"汪玲,王映雪,段家琪",2021Q4,445239.0,,54031.0,43225.0,3.6,23.37,,28.52,,增持,,
600009.SH,上海机场,20200329,上海机场：疫情带来短期阵痛，枢纽地位不变,点评,一般报告,华泰证券,"沈晓峰,黄凡洋",2020Q4,986300.0,,397000.0,292500.0,1.52,40.91,,8.76,21.33,增持,79.7,73.38
002299.SZ,圣农发展,20200329,圣农发展：产业链趋于完整平滑周期，关注后续行业引种计划,一般,首份报告,广发证券,"王乾,钱浩",2022Q4,2036900.0,,347800.0,334000.0,2.684,8.07,,22.5,5.44,增持,,27.0
002697.SZ,红旗连锁,20200329,红旗连锁公司年报点评：收入增8％主业净利增40％，外拓内增成效显著,点评,一般报告,海通证券,"汪立亭,李宏科,高瑜",2022Q4,1088021.0,54600.0,82182.0,73173.0,0.54,17.19,0.94,16.7,13.15,优于大市,,
002465.SZ,海格通信,20200329,海格通信：业绩稳健增长，看好无线和北斗业务前景,点评,一般报告,广发证券,"赵炳楠,李炼",2021Q4,607900.0,,99200.0,92200.0,0.4,27.96,,8.6,24.2,买入,,13.2
601155.SH,新城控股,20200329,新城控股：营收增速大幅提升，业绩增速有所收窄，负债结构有效改善——2019年年报点评,一般,首份报告,方正证券,夏亦丰,2022Q4,23474830.0,,3999847.0,2499904.0,11.08,2.8,,25.0,2.23,推荐,,
002007.SZ,华兰生物,20200329,华兰生物公司年报点评：血液制品稳健增长，疫苗业务贡献业绩弹性,点评,一般报告,海通证券,"郑琴,余文心",2020Q4,469600.0,,210700.0,166500.0,1.19,39.49,0.9,21.8,31.31,优于大市,,
600754.SH,锦江酒店,20200329,锦江酒店：中端品牌力提升规模网络扩张提速，费用率改善信号出现,一般,一般报告,兴业证券,熊超,2021Q4,1672365.0,,228100.0,158191.0,1.65,15.2,,10.32,,审慎增持,,
002299.SZ,圣农发展,20200329,圣农发展：产业链趋于完整平滑周期，关注后续行业引种计划,一般,首份报告,广发证券,"王乾,钱浩",2020Q4,1718500.0,,435100.0,417800.0,3.358,6.45,,34.1,5.0,增持,,27.0
688016.SH,心脉医疗,20200329,心脉医疗：主动脉业务保持高速增长，外周介入产品加速布局,,一般报告,方正证券,"周小刚,张林飞",2021Q4,58449.0,,29021.0,25037.0,3.48,46.4,,17.0,38.9,强烈推荐,,
002007.SZ,华兰生物,20200329,华兰生物公司年报点评：血液制品稳健增长，疫苗业务贡献业绩弹性,点评,一般报告,海通证券,"郑琴,余文心",2022Q4,625000.0,,287200.0,227000.0,1.62,28.97,1.0,21.5,22.93,优于大市,,
002135.SZ,东南网架,20200329,东南网架：钢结构东风起，转型EPC总包驶上快车道,深度,首次关注,华西证券,"戚舒扬,郁晾",2020Q4,1040683.0,,43647.0,38562.0,0.37,21.3,,8.34,,买入,,9.34
600522.SH,中天科技,20200329,中天科技：五问五答，再看中天,一般,一般报告,国盛证券,"宋嘉吉,黄瀚",2021Q4,5655500.0,,387200.0,330800.0,1.08,9.9,,12.8,6.5,买入,,
688009.SH,中国通号,20200329,中国通号：2019年业绩符合预期，经营现金流显著改善,,一般报告,中金,"孔令鑫,张梓丁,舒维康",2020Q4,4390900.0,994900.0,545300.0,409100.0,0.39,8.3,2.4,15.4,2.6,无,,
300357.SZ,我武生物,20200329,我武生物：2019年业绩符合预期，疫情短期冲击不改长期成长逻辑,点评,一般报告,国盛证券,"张金洋,杨春雨",2020Q4,76400.0,,40300.0,34600.0,0.66,63.9,,21.3,54.8,买入,,
000089.SZ,深圳机场,20200329,深圳机场2019年报点评：仍处产能扩张期，疫情不改公司长期增长趋势,点评,首份报告,光大证券,程新星,2020Q4,270200.0,,36800.0,28200.0,0.14,56.0,0.5,2.32,16.2,增持,,
688016.SH,心脉医疗,20200329,心脉医疗：主动脉业务保持高速增长，外周介入产品加速布局,,一般报告,方正证券,"周小刚,张林飞",2019Q4,33373.0,,16434.0,14176.0,1.97,74.62,,13.0,63.41,强烈推荐,,
000089.SZ,深圳机场,20200329,深圳机场2019年报点评：仍处产能扩张期，疫情不改公司长期增长趋势,点评,首份报告,光大证券,程新星,2021Q4,454500.0,,87900.0,67200.0,0.33,23.0,1.1,5.26,13.7,增持,,
600188.SH,兖州煤业,20200329,兖州煤业：陕蒙矿区产量有望迎来增长，费用下降增厚净利润,点评,一般报告,兴业证券,"龚里,李春驰",2019Q4,20064700.0,,1404300.0,866800.0,1.76,4.9,,17.2,,审慎增持,,
002959.SZ,小熊电器,20200329,小熊电器：产品和渠道另辟蹊径，创意制胜打造品牌新秀,深度,首次关注,华西证券,"汪玲,王映雪,段家琪",2019Q4,269251.0,,33177.0,25978.0,2.16,38.89,,34.66,,增持,,
600754.SH,锦江酒店,20200329,锦江酒店：同店承压扩张提速，业绩逆势稳增,点评,一般报告,招商证券,"梅林,李秀敏",2022Q4,1783000.0,,221600.0,148000.0,1.55,16.3,,9.5,9.7,审慎推荐,,27.9
600754.SH,锦江酒店,20200329,锦江酒店：同店承压扩张提速，业绩逆势稳增,点评,一般报告,招商证券,"梅林,李秀敏",2021Q4,1670600.0,,196200.0,131200.0,1.37,18.3,,8.8,10.1,审慎推荐,,27.9
600754.SH,锦江酒店,20200329,锦江酒店：同店承压扩张提速，业绩逆势稳增,点评,一般报告,招商证券,"梅林,李秀敏",2020Q4,1350200.0,,120200.0,80600.0,0.84,29.9,,5.8,12.7,审慎推荐,,27.9
600201.SH,生物股份,20200329,生物股份：全年业绩处于周期底部，后周期逻辑值得验证期待,点评,一般报告,东吴证券,"马莉,金含",2022Q4,233600.0,,104000.0,90689.0,0.81,25.77,,15.5,19.85,买入,,
600201.SH,生物股份,20200329,生物股份：全年业绩处于周期底部，后周期逻辑值得验证期待,点评,一般报告,东吴证券,"马莉,金含",2021Q4,181200.0,,75600.0,65950.0,0.59,35.44,,12.5,26.77,买入,,
600201.SH,生物股份,20200329,生物股份：全年业绩处于周期底部，后周期逻辑值得验证期待,点评,一般报告,东吴证券,"马莉,金含",2020Q4,145900.0,,51600.0,44992.0,0.4,51.94,,9.2,36.71,买入,,
600201.SH,生物股份,20200329,生物股份：全年业绩处于周期底部，后周期逻辑值得验证期待,点评,一般报告,东吴证券,"马莉,金含",2019Q4,112700.0,,25400.0,22104.0,0.2,105.73,,4.5,67.04,买入,,
002299.SZ,圣农发展,20200329,圣农发展公司年报点评：鸡肉单羽盈利创历史新高，食品业务驶入成长快车道,点评,一般报告,海通证券,"丁频,陈阳,孟亚琦",2022Q4,1669000.0,,280900.0,264300.0,2.12,10.23,4.6,18.0,7.5,优于大市,,
603019.SH,中科曙光,20200329,中科曙光2019年年报点评：利润表现超预期，期待海光进一步放量,点评,一般报告,国信证券,"熊莉,库宏垚",2020Q4,1118541.0,,109100.0,87192.0,0.97,46.47,0.8,17.87,48.49,买入,,
002299.SZ,圣农发展,20200329,圣农发展公司年报点评：鸡肉单羽盈利创历史新高，食品业务驶入成长快车道,点评,一般报告,海通证券,"丁频,陈阳,孟亚琦",2021Q4,1510100.0,,295500.0,285200.0,2.29,9.48,4.6,21.0,7.73,优于大市,,
002299.SZ,圣农发展,20200329,圣农发展公司年报点评：鸡肉单羽盈利创历史新高，食品业务驶入成长快车道,点评,一般报告,海通证券,"丁频,陈阳,孟亚琦",2020Q4,1526700.0,,426300.0,415300.0,3.34,6.51,9.2,34.0,5.02,优于大市,,
000062.SZ,深圳华强,20200329,深圳华强：2019年营收稳健成长，持续看好分销龙头成长前景,一般,一般报告,广发证券,"许兴军,王亮,蔡锐帆",2021Q4,2044700.0,,123400.0,86400.0,0.83,14.68,,12.7,10.22,买入,,17.6
000062.SZ,深圳华强,20200329,深圳华强：2019年营收稳健成长，持续看好分销龙头成长前景,一般,一般报告,广发证券,"许兴军,王亮,蔡锐帆",2020Q4,1720900.0,,105300.0,73700.0,0.71,17.2,,12.5,12.28,买入,,17.6
601328.SH,交通银行,20200329,交通银行：净息差改善，零售转型放缓,点评,一般报告,天风证券,廖志明,2022Q4,29960000.0,,10910000.0,8850000.0,1.19,4.33,,10.37,,增持,,8.38
601328.SH,交通银行,20200329,交通银行：净息差改善，零售转型放缓,点评,一般报告,天风证券,廖志明,2021Q4,28000000.0,,10260000.0,8450000.0,1.14,4.53,,10.65,,增持,,8.38
601328.SH,交通银行,20200329,交通银行：净息差改善，零售转型放缓,点评,一般报告,天风证券,廖志明,2020Q4,25960000.0,,9350000.0,8040000.0,1.08,4.77,,11.14,,增持,,8.38
600588.SH,用友网络,20200329,用友网络：云业务新增客户占比过半，翻倍增长可期,点评,一般报告,东吴证券,"郝彪,王紫敬",2022Q4,1584700.0,,404200.0,286600.0,1.14,36.7,,26.2,30.87,买入,55.1,47.91
600588.SH,用友网络,20200329,用友网络：云业务新增客户占比过半，翻倍增长可期,点评,一般报告,东吴证券,"郝彪,王紫敬",2021Q4,1273200.0,,255400.0,173600.0,0.69,60.61,,20.6,47.04,买入,55.1,47.91
002262.SZ,恩华药业,20200329,恩华药业：精麻龙头，增长稳健,点评,一般报告,华泰证券,"代雯,李沄,岳梅梅",2020Q4,325200.0,281900.0,85012.0,73510.0,0.72,14.87,,18.55,9.86,买入,14.4,12.24
002262.SZ,恩华药业,20200329,恩华药业：精麻龙头，增长稳健,点评,一般报告,华泰证券,"代雯,李沄,岳梅梅",2022Q4,439200.0,389100.0,121400.0,105000.0,1.03,10.41,,18.37,7.06,买入,14.4,12.24
601818.SH,光大银行,20200329,光大银行：业绩靓丽，ROE上升,点评,一般报告,天风证券,廖志明,2020Q4,13970000.0,,5460000.0,4140000.0,0.79,4.65,,12.59,,买入,,5.88
601398.SH,工商银行,20200329,工商银行：客户基础优势显著，大行之标杆,点评,一般报告,天风证券,廖志明,2020Q4,89450000.0,,40790000.0,32080000.0,0.9,5.79,,12.43,,买入,,6.93
600837.SH,海通证券,20200329,海通证券：自营投资贡献业绩弹性，定增获批增强资本实力,点评,一般报告,银河证券,"武平平,张一纬",2021Q4,,,,,1.03,12.57,,,,推荐,,
600837.SH,海通证券,20200329,海通证券：自营投资贡献业绩弹性，定增获批增强资本实力,点评,一般报告,银河证券,"武平平,张一纬",2020Q4,,,,,0.92,14.08,,,,推荐,,
600282.SH,南钢股份,20200329,南钢股份：重点发展先进钢铁材料，分红比例高提升投资价值,深度,一般报告,广发证券,李莎,2021Q4,4755300.0,673600.0,449500.0,302000.0,0.68,4.74,,13.7,3.27,买入,,4.76
600282.SH,南钢股份,20200329,南钢股份：重点发展先进钢铁材料，分红比例高提升投资价值,深度,一般报告,广发证券,李莎,2020Q4,4768700.0,625200.0,401000.0,272100.0,0.61,5.26,,14.2,3.37,买入,,4.76
300811.SZ,铂科新材,20200329,铂科新材：高成长的金属软磁领域领先企业,一般,首次关注,兴业证券,"邱祖学,苏东,王丽佳",2021Q4,64200.0,,14800.0,12700.0,2.205,23.47,,19.76,,审慎增持,,
300811.SZ,铂科新材,20200329,铂科新材：高成长的金属软磁领域领先企业,一般,首次关注,兴业证券,"邱祖学,苏东,王丽佳",2020Q4,51200.0,,12100.0,10400.0,1.806,28.76,,19.4,,审慎增持,,
300811.SZ,铂科新材,20200329,铂科新材：高成长的金属软磁领域领先企业,一般,首次关注,兴业证券,"邱祖学,苏东,王丽佳",2019Q4,40300.0,,10000.0,8400.0,1.458,35.38,,19.0,,审慎增持,,
300751.SZ,迈为股份,20200329,迈为股份：年报业绩高速增长，受益于光伏技术更迭,点评,一般报告,安信证券,"李哲,崔逸凡",2022Q4,344210.0,,76250.0,65530.0,12.6,12.2,0.5,23.7,8.0,买入,,171.5
300751.SZ,迈为股份,20200329,迈为股份：年报业绩高速增长，受益于光伏技术更迭,点评,一般报告,安信证券,"李哲,崔逸凡",2021Q4,275530.0,,58430.0,50110.0,9.64,16.0,0.6,23.4,11.1,买入,,171.5
600282.SH,南钢股份,20200329,南钢股份：重点发展先进钢铁材料，分红比例高提升投资价值,深度,一般报告,广发证券,李莎,2022Q4,4736400.0,714300.0,488600.0,329300.0,0.74,4.34,,13.1,3.35,买入,,4.76
002697.SZ,红旗连锁,20200329,红旗连锁：年报业绩符合预期，品类结构优化带动毛利率提升——公司信息更新报告,点评,一般报告,开源证券,"黄泽鹏,李旭东",2022Q4,988200.0,,91700.0,81800.0,0.6,15.4,,16.6,10.0,买入,,
002129.SZ,中环股份,20200329,中环股份：双轮驱动，盈利能力稳步提升,点评,一般报告,华泰证券,"黄斌,孙纯鹏,张志邦",2022Q4,2981700.0,,372100.0,230700.0,0.83,18.32,,13.21,7.53,买入,17.6,16.5
002129.SZ,中环股份,20200329,中环股份：双轮驱动，盈利能力稳步提升,点评,一般报告,华泰证券,"黄斌,孙纯鹏,张志邦",2021Q4,2506700.0,,316800.0,196400.0,0.71,21.52,,12.28,8.6,买入,17.6,16.5
002129.SZ,中环股份,20200329,中环股份：双轮驱动，盈利能力稳步提升,点评,一般报告,华泰证券,"黄斌,孙纯鹏,张志邦",2020Q4,2019400.0,,249100.0,154500.0,0.55,27.37,,10.39,10.44,买入,17.6,16.5
002129.SZ,中环股份,20200329,中环股份：业绩符合预期，崛起中的半导体和光伏硅片巨头,点评,一般报告,方正证券,"申建国,于化鹏",2021Q4,2893000.0,,315366.0,216042.0,0.78,19.57,,12.2,17.21,推荐,,
002697.SZ,红旗连锁,20200329,红旗连锁：年报业绩符合预期，品类结构优化带动毛利率提升——公司信息更新报告,点评,一般报告,开源证券,"黄泽鹏,李旭东",2021Q4,917000.0,,79800.0,71100.0,0.52,17.7,,17.0,12.2,买入,,
002129.SZ,中环股份,20200329,中环股份：业绩符合预期，崛起中的半导体和光伏硅片巨头,点评,一般报告,方正证券,"申建国,于化鹏",2020Q4,2342000.0,,204655.0,147376.0,0.53,28.69,,9.5,23.64,推荐,,
000488.SZ,晨鸣纸业,20200329,晨鸣纸业：行业景气度上行，盈利能力再改善,一般,一般报告,广发证券,"赵中平,张兆函",2022Q4,3469500.0,,247300.0,197700.0,0.68,6.74,,8.2,6.37,买入,,5.31
000488.SZ,晨鸣纸业,20200329,晨鸣纸业：行业景气度上行，盈利能力再改善,一般,一般报告,广发证券,"赵中平,张兆函",2020Q4,3164000.0,,215200.0,171300.0,0.59,7.78,,8.5,8.01,买入,,5.31
000062.SZ,深圳华强,20200329,深圳华强：2019年营收稳健成长，持续看好分销龙头成长前景,一般,一般报告,广发证券,"许兴军,王亮,蔡锐帆",2022Q4,2432400.0,,147000.0,103000.0,0.98,12.32,,13.2,8.41,买入,,17.6
600588.SH,用友网络,20200329,用友网络：云业务新增客户占比过半，翻倍增长可期,点评,一般报告,东吴证券,"郝彪,王紫敬",2020Q4,1022000.0,,176900.0,119800.0,0.48,87.79,,16.6,65.57,买入,55.1,47.91
002262.SZ,恩华药业,20200329,恩华药业：精麻龙头，增长稳健,点评,一般报告,华泰证券,"代雯,李沄,岳梅梅",2021Q4,381100.0,333900.0,102500.0,88592.0,0.87,12.34,,18.66,8.28,买入,14.4,12.24
601818.SH,光大银行,20200329,光大银行：业绩靓丽，ROE上升,点评,一般报告,天风证券,廖志明,2022Q4,16250000.0,,6640000.0,5040000.0,0.96,3.83,,12.97,,买入,,5.88
601818.SH,光大银行,20200329,光大银行：业绩靓丽，ROE上升,点评,一般报告,天风证券,廖志明,2021Q4,14960000.0,,6040000.0,4580000.0,0.87,4.2,,12.8,,买入,,5.88
601398.SH,工商银行,20200329,工商银行：客户基础优势显著，大行之标杆,点评,一般报告,天风证券,廖志明,2022Q4,100870000.0,,44460000.0,34730000.0,0.97,5.35,,11.44,,买入,,6.93
601398.SH,工商银行,20200329,工商银行：客户基础优势显著，大行之标杆,点评,一般报告,天风证券,廖志明,2021Q4,94260000.0,,42280000.0,33220000.0,0.93,5.59,,11.83,,买入,,6.93
300751.SZ,迈为股份,20200329,迈为股份：年报业绩高速增长，受益于光伏技术更迭,点评,一般报告,安信证券,"李哲,崔逸凡",2020Q4,205740.0,,42070.0,35660.0,6.86,22.5,0.3,21.1,16.6,买入,,171.5
002697.SZ,红旗连锁,20200329,红旗连锁：年报业绩符合预期，品类结构优化带动毛利率提升——公司信息更新报告,点评,一般报告,开源证券,"黄泽鹏,李旭东",2020Q4,847900.0,,68600.0,61200.0,0.45,20.5,,17.2,14.0,买入,,
002129.SZ,中环股份,20200329,中环股份：业绩符合预期，崛起中的半导体和光伏硅片巨头,点评,一般报告,方正证券,"申建国,于化鹏",2022Q4,3498400.0,,396368.0,277810.0,1.0,15.22,,13.5,14.64,推荐,,
000488.SZ,晨鸣纸业,20200329,晨鸣纸业：行业景气度上行，盈利能力再改善,一般,一般报告,广发证券,"赵中平,张兆函",2021Q4,3347200.0,,229300.0,184100.0,0.63,7.24,,8.3,7.16,买入,,5.31
603214.SH,爱婴室,20200329,爱婴室：母婴连锁龙头展店提速，业绩＋盈利双向提升,点评,一般报告,申万宏源证券,"王立平,戎姜斌",2022Q4,399700.0,128200.0,39200.0,26600.0,2.6,16.0,,15.5,,增持,,
603214.SH,爱婴室,20200329,爱婴室：母婴连锁龙头展店提速，业绩＋盈利双向提升,点评,一般报告,申万宏源证券,"王立平,戎姜斌",2021Q4,326300.0,103200.0,31800.0,21500.0,2.11,20.0,,14.9,,增持,,
603214.SH,爱婴室,20200329,爱婴室：母婴连锁龙头展店提速，业绩＋盈利双向提升,点评,一般报告,申万宏源证券,"王立平,戎姜斌",2020Q4,273300.0,85300.0,26300.0,17800.0,1.75,24.0,,14.5,,增持,,
603019.SH,中科曙光,20200329,中科曙光2019年年报点评：利润表现超预期，期待海光进一步放量,点评,一般报告,国信证券,"熊莉,库宏垚",2022Q4,1623505.0,,182100.0,145625.0,1.62,27.82,1.3,22.32,34.31,买入,,
603019.SH,中科曙光,20200329,中科曙光2019年年报点评：利润表现超预期，期待海光进一步放量,点评,一般报告,国信证券,"熊莉,库宏垚",2021Q4,1344556.0,,139700.0,111699.0,1.24,36.27,1.0,19.97,41.04,买入,,
601155.SH,新城控股,20200329,新城控股：业绩销售稳增长，“住宅＋商业”两开花,点评,一般报告,中泰证券,"倪一琛,李垚",2021Q4,15910994.0,,3043354.0,1946426.0,8.63,3.59,,26.03,-1.92,买入,,
600588.SH,用友网络,20200329,用友网络2019年年报点评：业绩符合预期，云收入持续高增长,点评,一般报告,光大证券,"卫书根,姜国平,万义麟",2022Q4,1358600.0,,193000.0,166700.0,0.67,63.0,0.9,17.83,50.3,买入,,
600588.SH,用友网络,20200329,用友网络2019年年报点评：业绩符合预期，云收入持续高增长,点评,一般报告,光大证券,"卫书根,姜国平,万义麟",2020Q4,1010600.0,,138200.0,115100.0,0.46,91.0,0.6,14.99,65.1,买入,,
300363.SZ,博腾股份,20200329,博腾股份深度跟踪暨点评报告：1季度经营大幅向好奠定全年增长基础，经营拐点进一步确立,一般,一般报告,华西证券,崔文亮,2022Q4,354000.0,,50200.0,46200.0,0.85,31.48,,11.2,,买入,,
300363.SZ,博腾股份,20200329,博腾股份深度跟踪暨点评报告：1季度经营大幅向好奠定全年增长基础，经营拐点进一步确立,一般,一般报告,华西证券,崔文亮,2021Q4,272300.0,,37200.0,34200.0,0.63,42.51,,9.4,,买入,,
300363.SZ,博腾股份,20200329,博腾股份深度跟踪暨点评报告：1季度经营大幅向好奠定全年增长基础，经营拐点进一步确立,一般,一般报告,华西证券,崔文亮,2020Q4,206300.0,,26900.0,24800.0,0.46,58.77,,7.5,,买入,,
002697.SZ,红旗连锁,20200329,红旗连锁2019年年报点评：业绩符合快报，经营效率仍有提升空间,点评,一般报告,光大证券,"唐佳睿,孙路",2022Q4,949200.0,,74900.0,67400.0,0.5,19.0,1.1,14.8,13.4,增持,,
002299.SZ,圣农发展,20200329,圣农发展：禽价向好利好盈利表现,点评,一般报告,中金,"孙扬,张宇茜",2021Q4,1357600.0,,197600.0,193700.0,1.56,14.0,0.0,14.1,9.6,跑赢行业,,29.0
002299.SZ,圣农发展,20200329,圣农发展：禽价向好利好盈利表现,点评,一般报告,中金,"孙扬,张宇茜",2020Q4,1577600.0,491200.0,411300.0,403600.0,3.24,6.7,0.0,34.7,5.8,跑赢行业,,29.0
603516.SH,淳中科技,20200329,淳中科技：高清视频大行业小公司，业绩持续高增长,一般,一般报告,东吴证券,"侯宾,姚久花",2020Q4,50200.0,,18600.0,16900.0,1.27,34.6,,17.5,29.44,买入,,
601155.SH,新城控股,20200329,新城控股：“住宅＋商业”双轮驱动，稳健成长发展可期,一般,一般报告,华西证券,"由子沛,侯希得",2022Q4,18460100.0,,3172100.0,2165000.0,9.59,3.23,,23.1,,增持,,
601155.SH,新城控股,20200329,新城控股：“住宅＋商业”双轮驱动，稳健成长发展可期,一般,一般报告,华西证券,"由子沛,侯希得",2021Q4,15486600.0,,2707300.0,1827400.0,8.1,3.83,,25.4,,增持,,
601155.SH,新城控股,20200329,新城控股：“住宅＋商业”双轮驱动，稳健成长发展可期,一般,一般报告,华西证券,"由子沛,侯希得",2020Q4,11719000.0,,2146100.0,1529100.0,6.78,4.57,,28.5,,增持,,
600588.SH,用友网络,20200329,用友网络：首次提出“云优先”原则，云收入高歌猛进,点评,一般报告,安信证券,"胡又文,曹佩",2022Q4,2005860.0,,212670.0,196030.0,0.78,53.7,1.1,20.7,38.9,买入,,50.0
600588.SH,用友网络,20200329,用友网络：首次提出“云优先”原则，云收入高歌猛进,点评,一般报告,安信证券,"胡又文,曹佩",2020Q4,1038180.0,,112770.0,97080.0,0.39,108.3,0.6,12.1,65.9,买入,,50.0
600754.SH,锦江酒店,20200329,锦江酒店公司年报点评：2019年扣非净利8.9亿元增21％，增幅逐季改善,点评,一般报告,海通证券,"陈扬扬,汪立亭",2022Q4,1495500.0,,215300.0,146400.0,1.53,16.44,3.6,10.1,9.6,优于大市,,
601155.SH,新城控股,20200329,新城控股：业绩销售稳增长，“住宅＋商业”两开花,点评,一般报告,中泰证券,"倪一琛,李垚",2020Q4,12688193.0,,2291184.0,1593517.0,7.06,4.39,,28.92,0.44,买入,,
600588.SH,用友网络,20200329,用友网络2019年年报点评：业绩符合预期，云收入持续高增长,点评,一般报告,光大证券,"卫书根,姜国平,万义麟",2021Q4,1189000.0,,166900.0,142100.0,0.57,74.0,0.7,16.8,56.7,买入,,
002697.SZ,红旗连锁,20200329,红旗连锁2019年年报点评：业绩符合快报，经营效率仍有提升空间,点评,一般报告,光大证券,"唐佳睿,孙路",2021Q4,888400.0,,69100.0,62100.0,0.46,20.0,1.0,15.51,15.4,增持,,
002697.SZ,红旗连锁,20200329,红旗连锁2019年年报点评：业绩符合快报，经营效率仍有提升空间,点评,一般报告,光大证券,"唐佳睿,孙路",2020Q4,832600.0,,62000.0,55800.0,0.41,23.0,0.9,15.95,18.1,增持,,
603516.SH,淳中科技,20200329,淳中科技：高清视频大行业小公司，业绩持续高增长,一般,一般报告,东吴证券,"侯宾,姚久花",2022Q4,82200.0,,33200.0,30100.0,2.26,19.41,,21.5,15.79,买入,,
603516.SH,淳中科技,20200329,淳中科技：高清视频大行业小公司，业绩持续高增长,一般,一般报告,东吴证券,"侯宾,姚久花",2021Q4,64800.0,,25600.0,23300.0,1.75,25.12,,20.3,21.04,买入,,
600588.SH,用友网络,20200329,用友网络：首次提出“云优先”原则，云收入高歌猛进,点评,一般报告,安信证券,"胡又文,曹佩",2021Q4,1443070.0,,158260.0,142320.0,0.57,73.9,0.8,16.1,49.7,买入,,50.0
600754.SH,锦江酒店,20200329,锦江酒店公司年报点评：2019年扣非净利8.9亿元增21％，增幅逐季改善,点评,一般报告,海通证券,"陈扬扬,汪立亭",2020Q4,1318100.0,,52900.0,35700.0,0.37,67.51,0.9,2.7,18.52,优于大市,,
000538.SZ,云南白药,20200329,云南白药2019年报点评：Q4收入端提速，“期权+回购”组合激励方案超预期,点评,一般报告,光大证券,"林小伟,经煜甚",2022Q4,4061000.0,,738300.0,609000.0,4.77,18.0,4.0,14.12,17.2,买入,,
600754.SH,锦江酒店,20200329,锦江酒店公司年报点评：2019年扣非净利8.9亿元增21％，增幅逐季改善,点评,一般报告,海通证券,"陈扬扬,汪立亭",2021Q4,1471200.0,,182300.0,127300.0,1.33,18.91,3.2,9.2,10.75,优于大市,,
000538.SZ,云南白药,20200329,云南白药2019年报点评：Q4收入端提速，“期权+回购”组合激励方案超预期,点评,一般报告,光大证券,"林小伟,经煜甚",2021Q4,3645700.0,,634900.0,522600.0,4.09,20.0,3.4,12.84,20.8,买入,,
000538.SZ,云南白药,20200329,云南白药2019年报点评：Q4收入端提速，“期权+回购”组合激励方案超预期,点评,一般报告,光大证券,"林小伟,经煜甚",2020Q4,3268800.0,,555100.0,456500.0,3.57,23.0,3.0,11.8,24.4,买入,,
603993.SH,洛阳钼业,20200329,洛阳钼业：铜钴减利，期待降本和外延成长,点评,一般报告,华泰证券,"李斌,邱乐园,江翰博",2022Q4,14227300.0,,315300.0,248300.0,0.115,30.19,,4.57,8.79,增持,3.99,3.57
603993.SH,洛阳钼业,20200329,洛阳钼业：铜钴减利，期待降本和外延成长,点评,一般报告,华泰证券,"李斌,邱乐园,江翰博",2021Q4,13227300.0,,276500.0,217700.0,0.1,34.42,,4.38,9.52,增持,3.99,3.57
603993.SH,洛阳钼业,20200329,洛阳钼业：铜钴减利，期待降本和外延成长,点评,一般报告,华泰证券,"李斌,邱乐园,江翰博",2020Q4,11979700.0,,228300.0,179800.0,0.0832,41.69,,3.97,10.52,增持,3.99,3.57
603516.SH,淳中科技,20200329,淳中科技：业绩高速增长，新产品新行业拓展顺利,点评,一般报告,中泰证券,"闻学臣,何柄谕",2022Q4,78000.0,,25200.0,23300.0,1.75,25.05,0.0,16.83,,买入,,
603516.SH,淳中科技,20200329,淳中科技：业绩高速增长，新产品新行业拓展顺利,点评,一般报告,中泰证券,"闻学臣,何柄谕",2021Q4,60700.0,,19500.0,18100.0,1.36,32.26,0.0,15.71,,买入,,
603516.SH,淳中科技,20200329,淳中科技：业绩高速增长，新产品新行业拓展顺利,点评,一般报告,中泰证券,"闻学臣,何柄谕",2020Q4,47000.0,,15100.0,14100.0,1.05,41.62,0.0,14.44,,买入,,
601939.SH,建设银行,20200329,详细解读建设银行2019年报：营收维持向上，资产质量稳健,一般,一般报告,中泰证券,"戴志锋,邓美君,贾靖",2021Q4,73617700.0,,35473500.0,28729900.0,1.149,5.77,,11.73,,增持,,
601939.SH,建设银行,20200329,详细解读建设银行2019年报：营收维持向上，资产质量稳健,一般,一般报告,中泰证券,"戴志锋,邓美君,贾靖",2020Q4,70081500.0,,34151200.0,27705300.0,1.108,5.92,,12.15,,增持,,
601939.SH,建设银行,20200329,详细解读建设银行2019年报：营收维持向上，资产质量稳健,一般,一般报告,中泰证券,"戴志锋,邓美君,贾靖",2019Q4,67678300.0,,32659700.0,26673300.0,1.067,6.09,,12.72,,增持,,
300751.SZ,迈为股份,20200329,迈为股份公司年报点评：2019业绩符合预期，HJT产品进展顺利,点评,一般报告,海通证券,"佘炜超,吉晟",2022Q4,370200.0,,85800.0,71700.0,13.79,11.17,1.2,26.0,9.66,优于大市,,
300751.SZ,迈为股份,20200329,迈为股份公司年报点评：2019业绩符合预期，HJT产品进展顺利,点评,一般报告,海通证券,"佘炜超,吉晟",2021Q4,267600.0,,59800.0,50000.0,9.61,16.04,0.9,23.6,14.77,优于大市,,
300751.SZ,迈为股份,20200329,迈为股份公司年报点评：2019业绩符合预期，HJT产品进展顺利,点评,一般报告,海通证券,"佘炜超,吉晟",2020Q4,206500.0,,43000.0,35900.0,6.91,22.3,0.6,21.4,21.45,优于大市,,
603019.SH,中科曙光,20200329,中科曙光：扣非净利增长42%，业绩超预期,点评,一般报告,中泰证券,"闻学臣,何柄谕,杨亚宇",2022Q4,1957520.0,,162340.0,130860.0,1.45,31.0,,19.2,,买入,,
603019.SH,中科曙光,20200329,中科曙光：扣非净利增长42%，业绩超预期,点评,一般报告,中泰证券,"闻学臣,何柄谕,杨亚宇",2020Q4,1168740.0,,88460.0,71800.0,0.8,56.5,,15.1,,买入,,
600598.SH,北大荒,20200329,北大荒：业绩符合预期，未来稳步前行,点评,一般报告,西南证券,徐卿,2021Q4,361745.0,,129419.0,134208.0,0.75,20.93,0.0,14.63,12.7,买入,,19.8
600598.SH,北大荒,20200329,北大荒：业绩符合预期，未来稳步前行,点评,一般报告,西南证券,徐卿,2020Q4,331489.0,,113083.0,117249.0,0.66,23.96,0.0,14.96,15.17,买入,,19.8
603993.SH,洛阳钼业,20200329,洛阳钼业：铜钴减利，期待降本和外延成长,点评,一般报告,华泰证券,"李斌,邱乐园,江翰博",2019Q4,6867700.0,,235800.0,185700.0,0.086,40.36,,4.53,12.13,增持,3.99,3.57
603019.SH,中科曙光,20200329,中科曙光：扣非净利增长42%，业绩超预期,点评,一般报告,中泰证券,"闻学臣,何柄谕,杨亚宇",2021Q4,1506950.0,,120500.0,97000.0,1.08,41.8,,17.3,,买入,,
600598.SH,北大荒,20200329,北大荒：业绩符合预期，未来稳步前行,点评,一般报告,西南证券,徐卿,2022Q4,394769.0,,144876.0,150506.0,0.85,18.66,0.0,14.1,10.64,买入,,19.8
300751.SZ,迈为股份,20200329,迈为股份：19年业绩增长45％，疫情或影响交付,点评,一般报告,华泰证券,"李倩倩,关东奇来,黄波,时彧",2022Q4,293800.0,,61122.0,52214.0,10.04,15.35,,22.27,12.05,增持,171.61,157.31
300751.SZ,迈为股份,20200329,迈为股份：19年业绩增长45％，疫情或影响交付,点评,一般报告,华泰证券,"李倩倩,关东奇来,黄波,时彧",2021Q4,229300.0,,46032.0,39323.0,7.56,20.38,,20.68,16.36,增持,171.61,157.31
300751.SZ,迈为股份,20200329,迈为股份：19年业绩增长45％，疫情或影响交付,点评,一般报告,华泰证券,"李倩倩,关东奇来,黄波,时彧",2020Q4,144400.0,,29018.0,24789.0,4.77,32.32,,15.91,26.37,增持,171.61,157.31
002182.SZ,云海金属,20200329,云海金属2019年报点评：积极布局下游，业绩增长未来可期,点评,一般报告,光大证券,"刘慨昂,王招华",2020Q4,607400.0,,43000.0,37800.0,0.59,16.0,0.7,12.81,12.2,增持,,
300759.SZ,康龙化成,20200329,康龙化成2019年年报及2020年一季报预告点评：业绩持续提速，2020Q1利润超预期,点评,一般报告,光大证券,"林小伟,宋硕",2020Q4,483000.0,,87700.0,74600.0,0.94,62.0,0.3,8.89,42.0,买入,,
300398.SZ,飞凯材料,20200329,飞凯材料公司年报点评：下游需求下滑影响2019年业绩，新项目稳步推进后续业绩可期,点评,一般报告,海通证券,"刘海荣,刘威",2021Q4,205600.0,,41400.0,34700.0,0.67,32.17,0.0,11.4,24.85,优于大市,,
300398.SZ,飞凯材料,20200329,飞凯材料公司年报点评：下游需求下滑影响2019年业绩，新项目稳步推进后续业绩可期,点评,一般报告,海通证券,"刘海荣,刘威",2020Q4,183400.0,,34300.0,28800.0,0.56,38.79,0.0,10.7,28.42,优于大市,,
688009.SH,中国通号,20200329,中国通号：铁路固定资产投资额持续高位运行，新签及在手订单继续保持稳定增长,,首次评级,兴业证券,"石康,张亚滨,李博彦,黄艳",2022Q4,5221900.0,,703100.0,533200.0,0.5,12.8,,9.7,,审慎增持,,
601788.SH,光大证券,20200329,光大证券公司年报点评：投资收益大增，带动扣非归母净利润同比大增98％,点评,一般报告,海通证券,"孙婷,何婷,任广博",2022Q4,1051700.0,,431300.0,244300.0,0.53,,,,,优于大市,,
601788.SH,光大证券,20200329,光大证券公司年报点评：投资收益大增，带动扣非归母净利润同比大增98％,点评,一般报告,海通证券,"孙婷,何婷,任广博",2021Q4,1018900.0,,402200.0,226200.0,0.49,,,,,优于大市,,
600871.SH,石化油服,20200329,石化油服：国内油服市场复苏，经营状况明显好转,点评,首份报告,招商证券,"王强,李舜",2020Q4,7651700.0,,164100.0,127600.0,0.0672,30.2,,15.9,25.2,中性,,
688009.SH,中国通号,20200329,中国通号：铁路固定资产投资额持续高位运行，新签及在手订单继续保持稳定增长,,首次评级,兴业证券,"石康,张亚滨,李博彦,黄艳",2021Q4,4844100.0,,623900.0,472900.0,0.45,14.5,,9.5,,审慎增持,,
600660.SH,福耀玻璃,20200329,福耀玻璃：19Q4收入逆势正增长，非经营性支出及饰件业务拖累净利润,点评,一般报告,兴业证券,"戴畅,赵季新",2019Q4,2110400.0,,341000.0,289800.0,1.16,19.7,,13.7,,审慎增持,,
601155.SH,新城控股,20200329,新城控股：业绩销售稳增长，“住宅＋商业”两开花,点评,一般报告,中泰证券,"倪一琛,李垚",2022Q4,18860892.0,,3430045.0,2300993.0,10.2,3.04,,23.56,-0.49,买入,,
300357.SZ,我武生物,20200329,我武生物2019年报点评：粉尘螨滴剂高增长，20Q1受疫情影响不改长期趋势,点评,一般报告,光大证券,"林小伟,经煜甚",2022Q4,135500.0,,72100.0,61300.0,1.17,36.0,0.9,26.02,29.6,买入,,
300357.SZ,我武生物,20200329,我武生物2019年报点评：粉尘螨滴剂高增长，20Q1受疫情影响不改长期趋势,点评,一般报告,光大证券,"林小伟,经煜甚",2021Q4,101500.0,,55100.0,46800.0,0.89,47.0,0.7,24.76,39.1,买入,,
300357.SZ,我武生物,20200329,我武生物2019年报点评：粉尘螨滴剂高增长，20Q1受疫情影响不改长期趋势,点评,一般报告,光大证券,"林小伟,经煜甚",2020Q4,76800.0,,42300.0,36000.0,0.69,62.0,0.5,23.41,51.3,买入,,
002182.SZ,云海金属,20200329,云海金属2019年报点评：积极布局下游，业绩增长未来可期,点评,一般报告,光大证券,"刘慨昂,王招华",2021Q4,663200.0,,48200.0,42400.0,0.66,15.0,0.7,12.7,11.2,增持,,
002465.SZ,海格通信,20200329,海格通信：装备采购陆续落地，航天航空快速增长,一般,一般报告,兴业证券,"石康,李博彦,杨尚东",2022Q4,776600.0,,107200.0,96400.0,0.42,26.8,,8.19,,审慎增持,,
600660.SH,福耀玻璃,20200329,福耀玻璃：19Q4收入逆势正增长，非经营性支出及饰件业务拖累净利润,点评,一般报告,兴业证券,"戴畅,赵季新",2021Q4,2434900.0,,423000.0,355200.0,1.42,16.0,,12.8,,审慎增持,,
002465.SZ,海格通信,20200329,海格通信：装备采购陆续落地，航天航空快速增长,一般,一般报告,兴业证券,"石康,李博彦,杨尚东",2020Q4,558100.0,,73900.0,65300.0,0.28,39.5,,6.37,,审慎增持,,
002459.SZ,晶澳科技,20200329,晶澳科技2019年年报点评：回A首年交出靓丽业绩答卷，一体化光伏龙头正加速发展,点评,一般报告,新时代证券,"开文明,丁亚",2019Q4,2115500.0,,161100.0,125200.0,0.93,13.6,,15.5,6.5,强烈推荐,,
002396.SZ,星网锐捷,20200329,星网锐捷：Q4费用较高现金流良好，交换机与桌面云成长可期,点评,一般报告,中泰证券,"陈宁玉,易景明,周铃雅",2021Q4,1389835.0,,150310.0,101462.0,1.74,,0.7,18.7,14.5,买入,,
002396.SZ,星网锐捷,20200329,星网锐捷：Q4费用较高现金流良好，交换机与桌面云成长可期,点评,一般报告,中泰证券,"陈宁玉,易景明,周铃雅",2020Q4,1144837.0,,117280.0,79161.0,1.36,,0.5,17.49,18.5,买入,,
002299.SZ,圣农发展,20200329,圣农发展：禽链景气大量盈利，上下游产业延伸全面开花,点评,一般报告,兴业证券,"陈娇,毛一凡",2022Q4,2005300.0,,373500.0,373500.0,3.0,7.2,,19.2,,买入,,
002459.SZ,晶澳科技,20200329,晶澳科技2019年年报点评：回A首年交出靓丽业绩答卷，一体化光伏龙头正加速发展,点评,一般报告,新时代证券,"开文明,丁亚",2022Q4,3885000.0,,280200.0,215200.0,1.6,7.9,,16.5,5.6,强烈推荐,,
002299.SZ,圣农发展,20200329,圣农发展：禽链景气大量盈利，上下游产业延伸全面开花,点评,一般报告,兴业证券,"陈娇,毛一凡",2021Q4,1803200.0,,367500.0,367500.0,2.95,7.4,,21.6,,买入,,
300759.SZ,康龙化成,20200329,康龙化成2019年年报及2020年一季报预告点评：业绩持续提速，2020Q1利润超预期,点评,一般报告,光大证券,"林小伟,宋硕",2022Q4,776500.0,,160500.0,134700.0,1.7,34.0,0.6,12.92,25.0,买入,,
300759.SZ,康龙化成,20200329,康龙化成2019年年报及2020年一季报预告点评：业绩持续提速，2020Q1利润超预期,点评,一般报告,光大证券,"林小伟,宋硕",2021Q4,613300.0,,123600.0,103700.0,1.3,44.0,0.5,11.17,32.0,买入,,
000488.SZ,晨鸣纸业,20200329,晨鸣纸业2019年年报点评：造纸主业持续复苏，债务结构显著改善,点评,一般报告,申万宏源证券,"周海晨,屠亦婷,柴程森,丁智艳",2020Q4,2946400.0,820400.0,269600.0,217200.0,0.75,6.0,,10.9,,增持,,
300759.SZ,康龙化成,20200329,康龙化成2019年年报及2020年一季报预告点评：业绩持续提速，2020Q1利润超预期,点评,一般报告,光大证券,"林小伟,宋硕",2019Q4,375700.0,,63300.0,54700.0,0.69,84.0,0.3,7.05,44.7,买入,,
300398.SZ,飞凯材料,20200329,飞凯材料公司年报点评：下游需求下滑影响2019年业绩，新项目稳步推进后续业绩可期,点评,一般报告,海通证券,"刘海荣,刘威",2022Q4,238900.0,,49200.0,41300.0,0.8,27.07,0.0,12.0,20.68,优于大市,,
603986.SH,兆易创新,20200329,兆易创新：2019年业绩符合预期，持续推进存储、MCU和传感器三大方向——年报点评报告,点评,一般报告,新时代证券,"吴吉森,曾萌",2021Q4,672100.0,,156200.0,147200.0,4.59,54.5,,19.6,66.6,强烈推荐,,
600598.SH,北大荒,20200329,北大荒：业绩符合预期，未来稳步前行,点评,一般报告,西南证券,徐卿,2019Q4,311131.0,,82234.0,84862.0,0.48,33.1,0.0,12.96,20.83,买入,,19.8
002182.SZ,云海金属,20200329,云海金属2019年报点评：积极布局下游，业绩增长未来可期,点评,一般报告,光大证券,"刘慨昂,王招华",2022Q4,725600.0,,54500.0,47900.0,0.74,13.0,0.8,12.7,10.2,增持,,
688009.SH,中国通号,20200329,中国通号：铁路固定资产投资额持续高位运行，新签及在手订单继续保持稳定增长,,首次评级,兴业证券,"石康,张亚滨,李博彦,黄艳",2020Q4,4506100.0,,553600.0,419900.0,0.4,16.3,,9.5,,审慎增持,,
601881.SH,中国银河,20200329,中国银河2019年年报点评：投资收益大增，经纪业务持续领先,点评,一般报告,光大证券,王一峰,2022Q4,2146200.0,,1034100.0,791600.0,0.78,12.0,,0.0,,增持,,15.36
601881.SH,中国银河,20200329,中国银河2019年年报点评：投资收益大增，经纪业务持续领先,点评,一般报告,光大证券,王一峰,2021Q4,1982600.0,,946000.0,724200.0,0.71,13.0,,8.62,,增持,,15.36
601881.SH,中国银河,20200329,中国银河2019年年报点评：投资收益大增，经纪业务持续领先,点评,一般报告,光大证券,王一峰,2020Q4,1704600.0,,811600.0,621200.0,0.61,16.0,,8.16,,增持,,15.36
601788.SH,光大证券,20200329,光大证券公司年报点评：投资收益大增，带动扣非归母净利润同比大增98％,点评,一般报告,海通证券,"孙婷,何婷,任广博",2020Q4,939700.0,,352600.0,196700.0,0.43,,,,,优于大市,,
600660.SH,福耀玻璃,20200329,福耀玻璃：19Q4收入逆势正增长，非经营性支出及饰件业务拖累净利润,点评,一般报告,兴业证券,"戴畅,赵季新",2020Q4,2182200.0,,359000.0,301500.0,1.2,18.9,,12.4,,审慎增持,,
002465.SZ,海格通信,20200329,海格通信：装备采购陆续落地，航天航空快速增长,一般,一般报告,兴业证券,"石康,李博彦,杨尚东",2021Q4,658700.0,,88300.0,78900.0,0.34,32.7,,7.23,,审慎增持,,
002459.SZ,晶澳科技,20200329,晶澳科技2019年年报点评：回A首年交出靓丽业绩答卷，一体化光伏龙头正加速发展,点评,一般报告,新时代证券,"开文明,丁亚",2021Q4,3128000.0,,229200.0,176000.0,1.31,9.7,,16.0,6.2,强烈推荐,,
002459.SZ,晶澳科技,20200329,晶澳科技2019年年报点评：回A首年交出靓丽业绩答卷，一体化光伏龙头正加速发展,点评,一般报告,新时代证券,"开文明,丁亚",2020Q4,2394700.0,,185900.0,141300.0,1.05,12.1,,15.2,8.3,强烈推荐,,
002396.SZ,星网锐捷,20200329,星网锐捷：Q4费用较高现金流良好，交换机与桌面云成长可期,点评,一般报告,中泰证券,"陈宁玉,易景明,周铃雅",2022Q4,1833992.0,,188760.0,127412.0,2.18,,0.8,19.43,11.7,买入,,
002299.SZ,圣农发展,20200329,圣农发展：禽链景气大量盈利，上下游产业延伸全面开花,点评,一般报告,兴业证券,"陈娇,毛一凡",2020Q4,1697500.0,,375200.0,368200.0,2.96,7.3,,25.6,,买入,,
000488.SZ,晨鸣纸业,20200329,晨鸣纸业2019年年报点评：造纸主业持续复苏，债务结构显著改善,点评,一般报告,申万宏源证券,"周海晨,屠亦婷,柴程森,丁智艳",2022Q4,3347000.0,933400.0,355400.0,285500.0,0.98,5.0,,11.3,,增持,,
000488.SZ,晨鸣纸业,20200329,晨鸣纸业2019年年报点评：造纸主业持续复苏，债务结构显著改善,点评,一般报告,申万宏源证券,"周海晨,屠亦婷,柴程森,丁智艳",2021Q4,3222000.0,892700.0,307000.0,247000.0,0.85,5.0,,11.1,,增持,,
603986.SH,兆易创新,20200329,兆易创新：2019年业绩符合预期，持续推进存储、MCU和传感器三大方向——年报点评报告,点评,一般报告,新时代证券,"吴吉森,曾萌",2022Q4,878500.0,,210800.0,198600.0,6.19,40.4,,21.3,49.2,强烈推荐,,
603986.SH,兆易创新,20200329,兆易创新：2019年业绩符合预期，持续推进存储、MCU和传感器三大方向——年报点评报告,点评,一般报告,新时代证券,"吴吉森,曾萌",2020Q4,495200.0,,112800.0,106400.0,3.31,75.5,,17.2,91.6,强烈推荐,,
600660.SH,福耀玻璃,20200329,福耀玻璃：四季度业绩亮眼，2020修炼内功,点评,一般报告,招商证券,"汪刘胜,寸思敏",2020Q4,2237100.0,,316500.0,266800.0,1.06,18.4,,10.6,14.9,强烈推荐,,
600660.SH,福耀玻璃,20200329,福耀玻璃：四季度业绩亮眼，2020修炼内功,点评,一般报告,招商证券,"汪刘胜,寸思敏",2019Q4,2110500.0,,341500.0,287900.0,1.15,17.0,,13.5,13.9,强烈推荐,,
600009.SH,上海机场,20200329,上海机场：疫情影响超预期，下调20年盈利预测,点评,一般报告,东兴证券,"曹奕丰,李蔚",2022Q4,1449859.0,,880700.0,670415.0,3.48,17.85,,15.98,9.93,推荐,,
600009.SH,上海机场,20200329,上海机场：疫情影响超预期，下调20年盈利预测,点评,一般报告,东兴证券,"曹奕丰,李蔚",2021Q4,1298655.0,,753100.0,571914.0,2.97,20.92,,15.35,12.01,推荐,,
000417.SZ,合肥百货,20200329,合肥百货2019年年报点评：业绩低于预期，经营层面迎来调整期,点评,一般报告,光大证券,"唐佳睿,孙路",2021Q4,1045000.0,,33200.0,14700.0,0.19,26.0,1.8,3.58,8.0,增持,,
000417.SZ,合肥百货,20200329,合肥百货2019年年报点评：业绩低于预期，经营层面迎来调整期,点评,一般报告,光大证券,"唐佳睿,孙路",2020Q4,969900.0,,30700.0,12900.0,0.17,29.0,1.7,3.19,8.4,增持,,
002262.SZ,恩华药业,20200329,恩华药业：工业增长稳健，非麻醉类增速明显,点评,一般报告,西南证券,"朱国广,陈进",2021Q4,490159.0,,112404.0,96882.0,0.95,11.28,0.0,17.96,5.9,买入,,
002262.SZ,恩华药业,20200329,恩华药业：工业增长稳健，非麻醉类增速明显,点评,一般报告,西南证券,"朱国广,陈进",2020Q4,448332.0,,92896.0,80372.0,0.79,13.6,0.0,18.09,8.0,买入,,
600009.SH,上海机场,20200329,上海机场：疫情影响超预期，下调20年盈利预测,点评,一般报告,东兴证券,"曹奕丰,李蔚",2020Q4,785424.0,,234200.0,178124.0,0.92,67.17,,5.36,31.74,推荐,,
000417.SZ,合肥百货,20200329,合肥百货2019年年报点评：业绩低于预期，经营层面迎来调整期,点评,一般报告,光大证券,"唐佳睿,孙路",2022Q4,1127500.0,,35400.0,16400.0,0.21,23.0,2.0,3.89,7.7,增持,,
002262.SZ,恩华药业,20200329,恩华药业：工业增长稳健，非麻醉类增速明显,点评,一般报告,西南证券,"朱国广,陈进",2022Q4,545788.0,,136201.0,117266.0,1.15,9.32,0.0,17.87,4.13,买入,,
600660.SH,福耀玻璃,20200329,福耀玻璃：四季度业绩亮眼，2020修炼内功,点评,一般报告,招商证券,"汪刘胜,寸思敏",2021Q4,2371300.0,,511200.0,430900.0,1.72,11.4,,14.8,10.8,强烈推荐,,
603799.SH,华友钴业,20200329,华友钴业：钴价下跌导致全年盈利下滑，Q4资产减值损失拖累业绩,一般,一般报告,兴业证券,"邱祖学,苏东,王丽佳",2021Q4,2702000.0,,219900.0,145100.0,1.3,22.6,,14.6,,审慎增持,,
603799.SH,华友钴业,20200329,华友钴业：钴价下跌导致全年盈利下滑，Q4资产减值损失拖累业绩,一般,一般报告,兴业证券,"邱祖学,苏东,王丽佳",2020Q4,2292000.0,,117200.0,77300.0,0.69,42.4,,9.1,,审慎增持,,
603019.SH,中科曙光,20200329,中科曙光：国产龙头曙光现，利润端高增长,点评,一般报告,兴业证券,"蒋佳霖,孙乾",2022Q4,2097000.0,,169000.0,135500.0,1.51,29.9,,17.8,,审慎增持,,
600871.SH,石化油服,20200329,石化油服：国内油服市场复苏，经营状况明显好转,点评,首份报告,招商证券,"王强,李舜",2022Q4,8794700.0,,272500.0,215800.0,0.1137,17.9,,18.6,21.7,中性,,
603799.SH,华友钴业,20200329,华友钴业：钴价下跌导致全年盈利下滑，Q4资产减值损失拖累业绩,一般,一般报告,兴业证券,"邱祖学,苏东,王丽佳",2022Q4,3155500.0,,392600.0,231700.0,2.08,14.2,,19.0,,审慎增持,,
603019.SH,中科曙光,20200329,中科曙光：国产龙头曙光现，利润端高增长,点评,一般报告,兴业证券,"蒋佳霖,孙乾",2020Q4,1194400.0,,103700.0,83100.0,0.92,48.8,,16.1,,审慎增持,,
600871.SH,石化油服,20200329,石化油服：国内油服市场复苏，经营状况明显好转,点评,首份报告,招商证券,"王强,李舜",2021Q4,8281700.0,,213100.0,170200.0,0.09,22.6,,17.7,23.9,中性,,
603019.SH,中科曙光,20200329,中科曙光：国产龙头曙光现，利润端高增长,点评,一般报告,兴业证券,"蒋佳霖,孙乾",2021Q4,1601000.0,,135200.0,108400.0,1.2,37.4,,17.4,,审慎增持,,
600176.SH,中国巨石,20200329,中国巨石2019年报点评：营收增长显龙头本色，苦练“内功”待行业回暖,点评,一般报告,华创证券,王彬鹏,2021Q4,1265900.0,,348400.0,292300.0,0.83,10.0,,14.6,10.0,推荐,,10.05
002734.SZ,利民股份,20200329,利民股份：一季度业绩超预期，收购威远协同效应初现——2020年一季报预告点评,点评,一般报告,新时代证券,"程磊,李啸",2021Q4,478900.0,,54800.0,46800.0,1.63,8.7,,17.6,6.6,强烈推荐,,
000063.SZ,中兴通讯,20200329,中兴通讯：5G为基、新兴业务添翼，分红、回购、强劲现金流彰显业务稳健向上,一般,一般报告,东吴证券,"侯宾,姚久花",2021Q4,12888900.0,,1122300.0,861300.0,1.87,23.23,,16.9,13.25,买入,,
000488.SZ,晨鸣纸业,20200329,晨鸣纸业：19下半年造纸盈利大幅改善，收缩融资租赁回归主业，困难期基本度过,点评,一般报告,东吴证券,"史凡可,马莉,傅嘉成",2020Q4,3134300.0,,256900.0,210300.0,0.724,6.34,,7.7,6.58,增持,,
002925.SZ,盈趣科技,20200329,盈趣科技：Q4增长靓丽，海外疫情干扰短期需求、不改成长本色,点评,一般报告,东吴证券,"史凡可,马莉,傅嘉成",2020Q4,438500.0,,121500.0,107000.0,2.34,19.08,,21.8,15.62,买入,,
300771.SZ,智莱科技,20200329,智莱科技：智能快件箱稳健发展，中外市场同步加速,点评,首次关注,东兴证券,"王健辉,叶盛,陈晓博",2020Q4,156299.0,,48300.0,40348.0,4.03,14.97,,21.37,10.55,推荐,,
600600.SH,青岛啤酒,20200329,青岛啤酒：盈利持续改善，旺季将迎恢复,点评,一般报告,招商证券,"杨勇胜,欧阳予",2019Q4,2798400.0,,272700.0,185200.0,1.37,32.4,,9.7,14.5,强烈推荐,,55.0
002734.SZ,利民股份,20200329,利民股份：一季度业绩超预期，收购威远协同效应初现——2020年一季报预告点评,点评,一般报告,新时代证券,"程磊,李啸",2019Q4,283400.0,,38300.0,32500.0,1.14,12.6,,16.2,9.1,强烈推荐,,
002706.SZ,良信电器,20200329,良信电器：“迈20”目标完成，公司进入快速发展新阶段,点评,一般报告,平安证券,"朱栋,皮秀",2021Q4,353900.0,,56000.0,48600.0,0.62,17.4,,21.7,12.4,推荐,,
600176.SH,中国巨石,20200329,中国巨石2019年报点评：营收增长显龙头本色，苦练“内功”待行业回暖,点评,一般报告,华创证券,王彬鹏,2022Q4,1373800.0,,402000.0,337300.0,0.96,9.0,,15.0,9.0,推荐,,10.05
601155.SH,新城控股,20200329,新城控股2019年报点评：业绩兑现承诺，商业发展迅猛,一般,一般报告,华创证券,"袁豪,鲁星泽",2021Q4,17835600.0,,3433200.0,2317400.0,10.26,3.0,,35.0,22.0,强推,,47.64
601155.SH,新城控股,20200329,新城控股2019年报点评：业绩兑现承诺，商业发展迅猛,一般,一般报告,华创证券,"袁豪,鲁星泽",2020Q4,13281500.0,,2657600.0,1793900.0,7.94,3.9,,35.0,24.5,强推,,47.64
000333.SZ,美的集团,20200329,美的集团：收购合康新能控股权：工业自动化布局加码,一般,一般报告,中信建投,"陈伟奇,花小伟",2019Q4,,,,2408000.0,,14.0,,,,买入,,
002706.SZ,良信电器,20200329,良信电器：品牌价值凸显，下游多点开花,点评,一般报告,广发证券,"陈子坤,张秀俊,华鹏伟",2022Q4,467800.0,,67700.0,58900.0,0.75,14.34,,22.6,10.58,买入,,13.8
002706.SZ,良信电器,20200329,良信电器：品牌价值凸显，下游多点开花,点评,一般报告,广发证券,"陈子坤,张秀俊,华鹏伟",2020Q4,267200.0,,41500.0,36100.0,0.46,23.39,,18.0,18.3,买入,,13.8
002626.SZ,金达威,20200329,金达威：经营拐点隐现，平台价值凸显,深度,首次关注,东吴证券,"柴沁虎,陈元君",2020Q4,401700.0,,160700.0,131400.0,2.13,9.6,,34.1,7.4,买入,,
601155.SH,新城控股,20200329,新城控股2019年报点评：业绩兑现承诺，商业发展迅猛,一般,一般报告,华创证券,"袁豪,鲁星泽",2022Q4,21490800.0,,3962200.0,2674500.0,11.84,2.6,,31.0,21.0,强推,,47.64
002706.SZ,良信电器,20200329,良信电器：“迈20”目标完成，公司进入快速发展新阶段,点评,一般报告,平安证券,"朱栋,皮秀",2022Q4,453500.0,,75200.0,65400.0,0.83,12.9,,24.4,9.9,推荐,,
300771.SZ,智莱科技,20200329,智莱科技：智能快件箱稳健发展，中外市场同步加速,点评,首次关注,东兴证券,"王健辉,叶盛,陈晓博",2022Q4,276587.0,,84500.0,71337.0,7.13,8.47,,25.17,5.24,推荐,,
002925.SZ,盈趣科技,20200329,盈趣科技：Q4增长靓丽，海外疫情干扰短期需求、不改成长本色,点评,一般报告,东吴证券,"史凡可,马莉,傅嘉成",2022Q4,682600.0,,191100.0,168200.0,3.67,12.14,,25.9,9.67,买入,,
600600.SH,青岛啤酒,20200329,青岛啤酒：盈利持续改善，旺季将迎恢复,点评,一般报告,招商证券,"杨勇胜,欧阳予",2022Q4,3134800.0,,381000.0,270700.0,2.0,22.2,,11.5,10.9,强烈推荐,,55.0
300248.SZ,新开普,20200329,新开普：智慧校园龙头，云化业务再迎高增长,深度,首次评级,东北证券,"安永平,朴虹睿,赵伟博,邵珠印",2019Q4,96300.0,,17900.0,15700.0,0.33,31.34,0.0,9.83,,买入,,15.06
002706.SZ,良信电器,20200329,良信电器：品牌价值凸显，下游多点开花,点评,一般报告,广发证券,"陈子坤,张秀俊,华鹏伟",2021Q4,351000.0,,52800.0,45900.0,0.58,18.38,,20.2,14.01,买入,,13.8
002626.SZ,金达威,20200329,金达威：经营拐点隐现，平台价值凸显,深度,首次关注,东吴证券,"柴沁虎,陈元君",2019Q4,319500.0,,53800.0,43900.0,0.71,28.71,,14.9,20.61,买入,,
000063.SZ,中兴通讯,20200329,中兴通讯：5G为基、新兴业务添翼，分红、回购、强劲现金流彰显业务稳健向上,一般,一般报告,东吴证券,"侯宾,姚久花",2022Q4,14633200.0,,1344700.0,1032000.0,2.24,19.39,,16.9,11.21,买入,,
300248.SZ,新开普,20200329,新开普：智慧校园龙头，云化业务再迎高增长,深度,首次评级,东北证券,"安永平,朴虹睿,赵伟博,邵珠印",2020Q4,117900.0,,23500.0,20600.0,0.43,23.89,0.0,11.42,,买入,,15.06
000063.SZ,中兴通讯,20200329,中兴通讯：5G为基、新兴业务添翼，分红、回购、强劲现金流彰显业务稳健向上,一般,一般报告,东吴证券,"侯宾,姚久花",2020Q4,10992100.0,,914900.0,702200.0,1.52,28.5,,16.4,16.3,买入,,
002734.SZ,利民股份,20200329,利民股份：一季度业绩超预期，收购威远协同效应初现——2020年一季报预告点评,点评,一般报告,新时代证券,"程磊,李啸",2020Q4,399300.0,,45800.0,39200.0,1.37,10.4,,17.0,8.0,强烈推荐,,
000333.SZ,美的集团,20200329,美的集团：收购合康新能控股权：工业自动化布局加码,一般,一般报告,中信建投,"陈伟奇,花小伟",2020Q4,,,,2576000.0,,13.0,,,,买入,,
000488.SZ,晨鸣纸业,20200329,晨鸣纸业：19下半年造纸盈利大幅改善，收缩融资租赁回归主业，困难期基本度过,点评,一般报告,东吴证券,"史凡可,马莉,傅嘉成",2022Q4,3601700.0,,334900.0,277000.0,0.954,4.81,,8.8,7.34,增持,,
002925.SZ,盈趣科技,20200329,盈趣科技：Q4增长靓丽，海外疫情干扰短期需求、不改成长本色,点评,一般报告,东吴证券,"史凡可,马莉,傅嘉成",2021Q4,546200.0,,153900.0,135500.0,2.96,15.08,,24.1,12.4,买入,,
300771.SZ,智莱科技,20200329,智莱科技：智能快件箱稳健发展，中外市场同步加速,点评,首次关注,东兴证券,"王健辉,叶盛,陈晓博",2021Q4,212394.0,,65200.0,54783.0,5.48,11.03,,23.83,7.41,推荐,,
600176.SH,中国巨石,20200329,中国巨石2019年报点评：营收增长显龙头本色，苦练“内功”待行业回暖,点评,一般报告,华创证券,王彬鹏,2020Q4,1103000.0,,278500.0,233700.0,0.67,12.0,,13.2,12.0,推荐,,10.05
300248.SZ,新开普,20200329,新开普：智慧校园龙头，云化业务再迎高增长,深度,首次评级,东北证券,"安永平,朴虹睿,赵伟博,邵珠印",2021Q4,149700.0,,33300.0,29200.0,0.61,16.88,0.0,13.91,,买入,,15.06
000338.SZ,潍柴动力,20200329,潍柴动力：重卡业务继续受益、多业务有望协同发展,点评,一般报告,平安证券,"王德安,曹群海",2020Q4,19254200.0,,1445100.0,916100.0,1.15,10.9,,14.9,7.2,推荐,,
600600.SH,青岛啤酒,20200329,青岛啤酒：盈利持续改善，旺季将迎恢复,点评,一般报告,招商证券,"杨勇胜,欧阳予",2021Q4,2938500.0,,330700.0,235000.0,1.74,25.6,,10.8,11.9,强烈推荐,,55.0
002626.SZ,金达威,20200329,金达威：经营拐点隐现，平台价值凸显,深度,首次关注,东吴证券,"柴沁虎,陈元君",2021Q4,426300.0,,180300.0,148300.0,2.41,8.5,,30.1,6.22,买入,,
000488.SZ,晨鸣纸业,20200329,晨鸣纸业：19下半年造纸盈利大幅改善，收缩融资租赁回归主业，困难期基本度过,点评,一般报告,东吴证券,"史凡可,马莉,傅嘉成",2021Q4,3340200.0,,292300.0,240500.0,0.828,5.54,,8.2,6.68,增持,,
002706.SZ,良信电器,20200329,良信电器：“迈20”目标完成，公司进入快速发展新阶段,点评,一般报告,平安证券,"朱栋,皮秀",2020Q4,276100.0,,42000.0,36400.0,0.46,23.2,,18.4,16.9,推荐,,
600600.SH,青岛啤酒,20200329,青岛啤酒：盈利持续改善，旺季将迎恢复,点评,一般报告,招商证券,"杨勇胜,欧阳予",2020Q4,2736700.0,,280200.0,196400.0,1.45,30.6,,9.6,13.2,强烈推荐,,55.0
000338.SZ,潍柴动力,20200329,潍柴动力：重卡业务继续受益、多业务有望协同发展,点评,一般报告,平安证券,"王德安,曹群海",2021Q4,20179100.0,,1491000.0,960500.0,1.21,10.4,,13.7,5.4,推荐,,
000338.SZ,潍柴动力,20200329,潍柴动力：重卡业务继续受益、多业务有望协同发展,点评,一般报告,平安证券,"王德安,曹群海",2022Q4,21769600.0,,1639800.0,1047100.0,1.32,9.6,,13.2,5.3,推荐,,
300127.SZ,银河磁体,20200329,银河磁体：业绩维稳，汽车和电机磁材续增长,点评,一般报告,华泰证券,"李斌,邱乐园,江翰博",2022Q4,71185.0,,20633.0,17674.0,0.55,26.57,,10.08,18.52,增持,18.22,17.27
300127.SZ,银河磁体,20200329,银河磁体：业绩维稳，汽车和电机磁材续增长,点评,一般报告,华泰证券,"李斌,邱乐园,江翰博",2021Q4,65319.0,,19294.0,16503.0,0.51,28.45,,10.47,20.53,增持,18.22,17.27
000538.SZ,云南白药,20200329,云南白药：业绩增长符合预期，股票期权激励计划助力公司焕发新活力,点评,首次评级,安信证券,"马帅,冯俊曦",2022Q4,3968350.0,,611460.0,541460.0,4.24,19.7,2.0,11.6,13.3,买入,,100.5
000538.SZ,云南白药,20200329,云南白药：业绩增长符合预期，股票期权激励计划助力公司焕发新活力,点评,首次评级,安信证券,"马帅,冯俊曦",2021Q4,3614760.0,,543260.0,481000.0,3.77,22.2,1.8,11.1,14.9,买入,,100.5
603799.SH,华友钴业,20200329,华友钴业2019年报点评：钴价低迷致业绩处于底部，一体化战略步入收获期,点评,一般报告,华创证券,"王保庆,任志强",2022Q4,3691200.0,,145400.0,114000.0,1.02,30.0,,9.2,15.0,推荐,,33.5
603799.SH,华友钴业,20200329,华友钴业2019年报点评：钴价低迷致业绩处于底部，一体化战略步入收获期,点评,一般报告,华创证券,"王保庆,任志强",2021Q4,3076000.0,,121600.0,94900.0,0.85,36.0,,8.3,17.0,推荐,,33.5
603799.SH,华友钴业,20200329,华友钴业2019年报点评：钴价低迷致业绩处于底部，一体化战略步入收获期,点评,一般报告,华创证券,"王保庆,任志强",2020Q4,2453700.0,,96800.0,74400.0,0.67,46.0,,7.1,20.0,推荐,,33.5
601088.SH,中国神华,20200329,中国神华2019年报点评：龙头大幅增加分红以回馈股东，有望纠正市场对煤炭的偏见,点评,一般报告,华创证券,"任志强,张文龙",2022Q4,21591400.0,,6193000.0,4014300.0,2.02,8.1,,8.5,10.4,强推,,20.2
601088.SH,中国神华,20200329,中国神华2019年报点评：龙头大幅增加分红以回馈股东，有望纠正市场对煤炭的偏见,点评,一般报告,华创证券,"任志强,张文龙",2021Q4,21654000.0,,6186800.0,4010200.0,2.02,8.1,,8.9,10.1,强推,,20.2
601088.SH,中国神华,20200329,中国神华2019年报点评：龙头大幅增加分红以回馈股东，有望纠正市场对煤炭的偏见,点评,一般报告,华创证券,"任志强,张文龙",2020Q4,21716700.0,,6355700.0,4119700.0,2.07,7.9,,9.7,9.9,强推,,20.2
600588.SH,用友网络,20200329,用友网络2019年年报点评：云化超预期，聚焦云原生,点评,一般报告,中信证券,"杨泽原,刘雯蜀",2022Q4,1489877.0,,247600.0,162067.0,0.65,65.0,,16.99,,买入,,
600588.SH,用友网络,20200329,用友网络2019年年报点评：云化超预期，聚焦云原生,点评,一般报告,中信证券,"杨泽原,刘雯蜀",2021Q4,1253017.0,,198900.0,130206.0,0.52,81.0,,15.41,,买入,,
002009.SZ,天奇股份,20200329,天奇股份：汽车拆解产业布局全面，电池回收利用打造亮点,点评,首次评级,安信证券,"李哲,崔逸凡",2021Q4,463030.0,,36840.0,26870.0,0.73,10.7,1.6,10.8,4.9,买入,,9.66
600985.SH,淮北矿业,20200329,淮北矿业：归母净利润小幅增长，焦煤龙头提升分红率,点评,一般报告,兴业证券,"龚里,李春驰",2020Q4,6140100.0,,413000.0,349300.0,1.61,5.3,,15.5,,审慎增持,,
600985.SH,淮北矿业,20200329,淮北矿业：归母净利润小幅增长，焦煤龙头提升分红率,点评,一般报告,兴业证券,"龚里,李春驰",2021Q4,6461500.0,,449000.0,382900.0,1.76,4.8,,15.2,,审慎增持,,
600985.SH,淮北矿业,20200329,淮北矿业：归母净利润小幅增长，焦煤龙头提升分红率,点评,一般报告,兴业证券,"龚里,李春驰",2022Q4,6824600.0,,485800.0,413200.0,1.9,4.5,,14.8,,审慎增持,,
300127.SZ,银河磁体,20200329,银河磁体：业绩维稳，汽车和电机磁材续增长,点评,一般报告,华泰证券,"李斌,邱乐园,江翰博",2020Q4,60592.0,,18138.0,15503.0,0.48,30.29,,10.98,22.24,增持,18.22,17.27
000538.SZ,云南白药,20200329,云南白药：业绩增长符合预期，股票期权激励计划助力公司焕发新活力,点评,首次评级,安信证券,"马帅,冯俊曦",2020Q4,3281070.0,,483880.0,428440.0,3.35,24.9,1.6,10.6,17.5,买入,,100.5
600588.SH,用友网络,20200329,用友网络2019年年报点评：云化超预期，聚焦云原生,点评,一般报告,中信证券,"杨泽原,刘雯蜀",2020Q4,1040297.0,,173900.0,113788.0,0.45,92.0,,14.86,,买入,,
002009.SZ,天奇股份,20200329,天奇股份：汽车拆解产业布局全面，电池回收利用打造亮点,点评,首次评级,安信证券,"李哲,崔逸凡",2020Q4,381140.0,,21580.0,15480.0,0.42,18.5,1.0,6.8,7.7,买入,,9.66
002009.SZ,天奇股份,20200329,天奇股份：汽车拆解产业布局全面，电池回收利用打造亮点,点评,首次评级,安信证券,"李哲,崔逸凡",2019Q4,314190.0,,9700.0,7120.0,0.19,40.3,0.5,3.3,11.1,买入,,9.66
688388.SH,嘉元科技,20200329,嘉元科技深度研究报告：国内锂电铜箔领先供应商，6μm铜箔放量业绩快速增长,,首次关注,华创证券,"胡毅,于潇",2021Q4,208800.0,,68100.0,59100.0,2.56,19.0,,16.7,16.0,强推,,70.0
688388.SH,嘉元科技,20200329,嘉元科技深度研究报告：国内锂电铜箔领先供应商，6μm铜箔放量业绩快速增长,,首次关注,华创证券,"胡毅,于潇",2020Q4,167900.0,,53100.0,46100.0,2.0,24.0,,15.3,21.0,强推,,70.0
688388.SH,嘉元科技,20200329,嘉元科技深度研究报告：国内锂电铜箔领先供应商，6μm铜箔放量业绩快速增长,,首次关注,华创证券,"胡毅,于潇",2019Q4,142600.0,,38000.0,33000.0,1.43,34.0,,13.0,28.0,强推,,70.0
603225.SH,新凤鸣,20200329,新凤鸣2019年年报点评：疫情冲击短期业绩承压，PTA后发优势明显,点评,一般报告,中信证券,"黄莉莉,王佩坚",2022Q4,3578800.0,,275700.0,229800.0,1.64,6.0,,13.93,,买入,,13.4
603019.SH,中科曙光,20200329,中科曙光2019年报点评：信创领军，大超预期,点评,一般报告,华创证券,"陈宝健,刘逍遥",2022Q4,826600.0,,193200.0,152300.0,1.69,27.0,,19.5,17.0,强推,,65.18
603019.SH,中科曙光,20200329,中科曙光2019年报点评：信创领军，大超预期,点评,一般报告,华创证券,"陈宝健,刘逍遥",2021Q4,731600.0,,143700.0,113400.0,1.26,36.0,,17.9,22.0,强推,,65.18
603019.SH,中科曙光,20200329,中科曙光2019年报点评：信创领军，大超预期,点评,一般报告,华创证券,"陈宝健,刘逍遥",2020Q4,740000.0,,106300.0,83800.0,0.93,48.0,,16.0,28.0,强推,,65.18
601088.SH,中国神华,20200329,中国神华：2019年业绩小幅下滑，分红率提升凸显公司价值,点评,一般报告,广发证券,"沈涛,安鹏,宋炜",2022Q4,23445400.0,,6493600.0,4209100.0,2.12,7.69,,10.1,3.54,买入,,20.62
601088.SH,中国神华,20200329,中国神华：2019年业绩小幅下滑，分红率提升凸显公司价值,点评,一般报告,广发证券,"沈涛,安鹏,宋炜",2021Q4,23114200.0,,6454100.0,4183500.0,2.1,7.74,,10.6,3.72,买入,,20.62
601088.SH,中国神华,20200329,中国神华：2019年业绩小幅下滑，分红率提升凸显公司价值,点评,一般报告,广发证券,"沈涛,安鹏,宋炜",2020Q4,21630000.0,,6395200.0,4145300.0,2.08,7.81,,11.1,3.92,买入,,20.62
603225.SH,新凤鸣,20200329,新凤鸣2019年年报点评：疫情冲击短期业绩承压，PTA后发优势明显,点评,一般报告,中信证券,"黄莉莉,王佩坚",2021Q4,3190900.0,,204400.0,170100.0,1.22,9.0,,11.81,,买入,,13.4
600588.SH,用友网络,20200329,用友网络：云业务收入持续增长，强强联合打造生态,点评,一般报告,兴业证券,"蒋佳霖,徐聪",2022Q4,1678100.0,,265100.0,169600.0,0.68,62.0,,16.4,,审慎增持,,
603225.SH,新凤鸣,20200329,新凤鸣2019年年报点评：疫情冲击短期业绩承压，PTA后发优势明显,点评,一般报告,中信证券,"黄莉莉,王佩坚",2020Q4,2865000.0,,169600.0,138600.0,0.99,11.0,,10.78,,买入,,13.4
600588.SH,用友网络,20200329,用友网络：云业务收入持续增长，强强联合打造生态,点评,一般报告,兴业证券,"蒋佳霖,徐聪",2021Q4,1334300.0,,202700.0,129700.0,0.52,81.1,,14.0,,审慎增持,,
600588.SH,用友网络,20200329,用友网络：云业务收入持续增长，强强联合打造生态,点评,一般报告,兴业证券,"蒋佳霖,徐聪",2020Q4,1078000.0,,152300.0,97500.0,0.39,107.9,,11.3,,审慎增持,,
600399.SH,ST抚钢,20200329,ST抚钢深度研究报告：高温合金高速增长，老牌特钢企业涅槃重生,深度,首份报告,华创证券,"任志强,严鹏",2021Q4,707900.0,,57900.0,49200.0,0.25,17.0,,9.0,12.0,推荐,,5.6
600399.SH,ST抚钢,20200329,ST抚钢深度研究报告：高温合金高速增长，老牌特钢企业涅槃重生,深度,首份报告,华创证券,"任志强,严鹏",2020Q4,645800.0,,43000.0,37800.0,0.19,22.0,,7.8,14.0,推荐,,5.6
600399.SH,ST抚钢,20200329,ST抚钢深度研究报告：高温合金高速增长，老牌特钢企业涅槃重生,深度,首份报告,华创证券,"任志强,严鹏",2019Q4,584500.0,,26700.0,26700.0,0.1354,31.0,,6.0,17.0,推荐,,5.6
002706.SZ,良信电器,20200329,良信电器2019年报点评：地产和5G领域有望持续快速增长，人均收入显著提升,点评,一般报告,华创证券,"胡毅,于潇",2022Q4,400500.0,,62900.0,54600.0,0.7,15.0,,17.4,14.0,强推,,13.5
002706.SZ,良信电器,20200329,良信电器2019年报点评：地产和5G领域有望持续快速增长，人均收入显著提升,点评,一般报告,华创证券,"胡毅,于潇",2021Q4,319700.0,,50900.0,44200.0,0.56,19.0,,17.0,18.0,强推,,13.5
002706.SZ,良信电器,20200329,良信电器2019年报点评：地产和5G领域有望持续快速增长，人均收入显著提升,点评,一般报告,华创证券,"胡毅,于潇",2020Q4,255300.0,,40500.0,35200.0,0.45,24.0,,16.3,22.0,强推,,13.5
603179.SH,新泉股份,20200329,新泉股份：2019Q4营收利润环比改善，合资配套加速推进,点评,一般报告,申万宏源证券,"宋亭亭,竺绍迪",2022Q4,448000.0,102500.0,42200.0,38700.0,1.71,12.0,,10.9,,买入,,
603179.SH,新泉股份,20200329,新泉股份：2019Q4营收利润环比改善，合资配套加速推进,点评,一般报告,申万宏源证券,"宋亭亭,竺绍迪",2021Q4,388500.0,87700.0,34300.0,31500.0,1.39,14.0,,11.8,,买入,,
603179.SH,新泉股份,20200329,新泉股份：2019Q4营收利润环比改善，合资配套加速推进,点评,一般报告,申万宏源证券,"宋亭亭,竺绍迪",2020Q4,329100.0,71700.0,25800.0,23700.0,1.05,19.0,,11.0,,买入,,
002410.SZ,广联达,20200329,广联达：研发成果逐步显现，创新业务逐步加速,点评,一般报告,东方证券,"游涓洋,浦俊懿",2020Q4,405890.0,,57100.0,51300.0,0.45,98.8,,14.4,69.7,买入,,45.04
600999.SH,招商证券,20200329,招商证券：自营业务表现亮眼，员工持股顺利推进,点评,一般报告,中信建投,"赵然,庄严",2021Q4,2594500.0,,1347100.0,1095900.0,1.64,,,,,买入,,
600999.SH,招商证券,20200329,招商证券：自营业务表现亮眼，员工持股顺利推进,点评,一般报告,中信建投,"赵然,庄严",2020Q4,2191600.0,,1093700.0,899100.0,1.34,,,,,买入,,
603179.SH,新泉股份,20200329,新泉股份：受益于吉利等客户销量回升及拓展合资客户，盈利将季度改善,点评,一般报告,东方证券,"姜雪晴,周翰",2022Q4,506900.0,,45000.0,39600.0,1.75,11.4,,18.1,8.3,买入,,26.5
603179.SH,新泉股份,20200329,新泉股份：受益于吉利等客户销量回升及拓展合资客户，盈利将季度改善,点评,一般报告,东方证券,"姜雪晴,周翰",2020Q4,363300.0,,27200.0,23900.0,1.06,18.9,,13.5,12.4,买入,,26.5
002007.SZ,华兰生物,20200329,华兰生物：业绩符合预期，疫苗业务高增长,点评,一般报告,东方证券,伍云飞,2020Q4,458190.0,,195400.0,164900.0,1.18,39.9,,22.4,30.1,买入,,51.92
002410.SZ,广联达,20200329,广联达：研发成果逐步显现，创新业务逐步加速,点评,一般报告,东方证券,"游涓洋,浦俊懿",2022Q4,612790.0,,112600.0,101100.0,0.89,50.1,,19.6,39.3,买入,,45.04
002410.SZ,广联达,20200329,广联达：研发成果逐步显现，创新业务逐步加速,点评,一般报告,东方证券,"游涓洋,浦俊懿",2021Q4,510080.0,,89300.0,80100.0,0.71,63.3,,18.8,48.3,买入,,45.04
603179.SH,新泉股份,20200329,新泉股份：受益于吉利等客户销量回升及拓展合资客户，盈利将季度改善,点评,一般报告,东方证券,"姜雪晴,周翰",2021Q4,430800.0,,36000.0,31700.0,1.4,14.3,,16.3,10.1,买入,,26.5
002007.SZ,华兰生物,20200329,华兰生物：业绩符合预期，疫苗业务高增长,点评,一般报告,东方证券,伍云飞,2022Q4,627010.0,,274000.0,231200.0,1.65,28.4,,20.5,21.9,买入,,51.92
002007.SZ,华兰生物,20200329,华兰生物：业绩符合预期，疫苗业务高增长,点评,一般报告,东方证券,伍云飞,2021Q4,535790.0,,229500.0,193600.0,1.38,34.0,,21.1,25.9,买入,,51.92
603516.SH,淳中科技,20200329,淳中科技：业绩符合预期，费用管控能力优秀，看好新产品、新行业拓展能力,点评,一般报告,中信建投,石泽蕤,2021Q4,64630.0,,,20160.0,1.512,28.49,,,,买入,,
603516.SH,淳中科技,20200329,淳中科技：业绩符合预期，费用管控能力优秀，看好新产品、新行业拓展能力,点评,一般报告,中信建投,石泽蕤,2020Q4,48960.0,,,15420.0,1.157,37.27,,,,买入,,
600600.SH,青岛啤酒,20200329,青岛啤酒：盈利持续提升，关厂增效，结构改善明显,点评,一般报告,方正证券,"薛玉虎,刘健",2022Q4,3124289.0,,427920.0,274495.0,2.03,21.88,,11.0,,推荐,,
600600.SH,青岛啤酒,20200329,青岛啤酒：盈利持续提升，关厂增效，结构改善明显,点评,一般报告,方正证券,"薛玉虎,刘健",2021Q4,2975513.0,,355910.0,229628.0,1.7,26.15,,10.0,,推荐,,
600600.SH,青岛啤酒,20200329,青岛啤酒：盈利持续提升，关厂增效，结构改善明显,点评,一般报告,方正证券,"薛玉虎,刘健",2020Q4,2742409.0,,299866.0,190121.0,1.41,31.59,,9.0,,推荐,,
600600.SH,青岛啤酒,20200329,青岛啤酒：盈利持续提升，关厂增效，结构改善明显,点评,一般报告,方正证券,"薛玉虎,刘健",2019Q4,2798376.0,,272691.0,185210.0,1.37,32.42,,10.0,,推荐,,
600588.SH,用友网络,20200329,用友网络2019年报点评：云业务表现亮眼,点评,一般报告,华创证券,"陈宝健,刘逍遥",2022Q4,1308800.0,,187900.0,161900.0,0.65,65.0,,15.5,41.0,强推,,53.62
600588.SH,用友网络,20200329,用友网络2019年报点评：云业务表现亮眼,点评,一般报告,华创证券,"陈宝健,刘逍遥",2021Q4,1065300.0,,146100.0,125800.0,0.5,84.0,,13.4,50.0,强推,,53.62
600588.SH,用友网络,20200329,用友网络2019年报点评：云业务表现亮眼,点评,一般报告,华创证券,"陈宝健,刘逍遥",2020Q4,895100.0,,111800.0,96300.0,0.38,109.0,,11.1,62.0,强推,,53.62
603799.SH,华友钴业,20200329,华友钴业：钴价下行致公司2019年业绩大幅下滑,点评,一般报告,中信建投,"赵鑫,胡英粲",2020Q4,2046200.0,,,47020.0,0.42,69.7,,6.0,29.3,买入,,
600958.SH,东方证券,20200329,东方证券：自营业绩弹性释放，信用减值计提充分,点评,一般报告,中信建投,"赵然,庄严",2021Q4,2565400.0,,536200.0,457400.0,0.65,,,,,增持,,
600958.SH,东方证券,20200329,东方证券：自营业绩弹性释放，信用减值计提充分,点评,一般报告,中信建投,"赵然,庄严",2020Q4,2211000.0,,397200.0,338900.0,0.48,,,,,增持,,
600588.SH,用友网络,20200329,用友网络：2019年云业务增长和发展超预期，新产品迭代和生态建设开年蓄力,点评,一般报告,中信建投,"石泽蕤,吴桐",2021Q4,1451000.0,,,158000.0,,66.4,,,,买入,,
300777.SZ,中简科技,20200329,中简科技2019年年报及1季度预告点评：业绩符合预期，新产线投放有望助力业绩腾飞,点评,首次关注,国海证券,"代鹏举,卢昊",2020Q4,44800.0,,26700.0,22900.0,0.57,64.92,,20.08,,增持,,
300751.SZ,迈为股份,20200329,迈为股份：在手订单确保2020年业绩无忧，新签订单值得展望,点评,一般报告,平安证券,"吴文成,胡小禹,皮秀",2021Q4,273000.0,,58500.0,49500.0,9.52,16.2,,23.1,12.2,推荐,,
300751.SZ,迈为股份,20200329,迈为股份：在手订单确保2020年业绩无忧，新签订单值得展望,点评,一般报告,平安证券,"吴文成,胡小禹,皮秀",2020Q4,208000.0,,43100.0,36400.0,7.01,22.0,,21.7,16.8,推荐,,
300363.SZ,博腾股份,20200329,博腾股份：业绩提升显著，盈利质量得到多维度强化,点评,一般报告,平安证券,"叶寅,倪亦道",2022Q4,326800.0,,48800.0,42900.0,0.79,33.9,,10.7,21.8,推荐,,
300363.SZ,博腾股份,20200329,博腾股份：业绩提升显著，盈利质量得到多维度强化,点评,一般报告,平安证券,"叶寅,倪亦道",2021Q4,258600.0,,37300.0,32800.0,0.6,44.4,,9.2,27.5,推荐,,
300363.SZ,博腾股份,20200329,博腾股份：业绩提升显著，盈利质量得到多维度强化,点评,一般报告,平安证券,"叶寅,倪亦道",2020Q4,200800.0,,28000.0,24700.0,0.45,59.0,,7.6,36.6,推荐,,
002262.SZ,恩华药业,20200329,恩华药业：业绩符合预期，战略聚焦主业,点评,一般报告,中信建投,"贺菊颖,俞冰",2020Q4,348240.0,,90270.0,76950.0,0.75,14.2,,17.7,9.0,买入,,
603799.SH,华友钴业,20200329,华友钴业：钴价下行致公司2019年业绩大幅下滑,点评,一般报告,中信建投,"赵鑫,胡英粲",2022Q4,2801780.0,,,187470.0,1.68,17.5,,19.4,13.1,买入,,
603799.SH,华友钴业,20200329,华友钴业：钴价下行致公司2019年业绩大幅下滑,点评,一般报告,中信建投,"赵鑫,胡英粲",2021Q4,2470520.0,,,126880.0,1.14,25.8,,14.8,14.4,买入,,
600588.SH,用友网络,20200329,用友网络：2019年云业务增长和发展超预期，新产品迭代和生态建设开年蓄力,点评,一般报告,中信建投,"石泽蕤,吴桐",2020Q4,1048000.0,,,103000.0,,102.3,,,,买入,,
300777.SZ,中简科技,20200329,中简科技2019年年报及1季度预告点评：业绩符合预期，新产线投放有望助力业绩腾飞,点评,首次关注,国海证券,"代鹏举,卢昊",2022Q4,64400.0,,41500.0,35600.0,0.89,41.81,,23.32,,增持,,
300777.SZ,中简科技,20200329,中简科技2019年年报及1季度预告点评：业绩符合预期，新产线投放有望助力业绩腾飞,点评,首次关注,国海证券,"代鹏举,卢昊",2021Q4,53200.0,,33300.0,28600.0,0.71,52.02,,21.79,,增持,,
300751.SZ,迈为股份,20200329,迈为股份：在手订单确保2020年业绩无忧，新签订单值得展望,点评,一般报告,平安证券,"吴文成,胡小禹,皮秀",2022Q4,355000.0,,78800.0,66700.0,12.83,12.0,,24.0,8.6,推荐,,
002262.SZ,恩华药业,20200329,恩华药业：业绩符合预期，战略聚焦主业,点评,一般报告,中信建投,"贺菊颖,俞冰",2022Q4,470040.0,,130640.0,111040.0,1.09,9.8,,18.2,5.1,买入,,
002262.SZ,恩华药业,20200329,恩华药业：业绩符合预期，战略聚焦主业,点评,一般报告,中信建投,"贺菊颖,俞冰",2021Q4,407630.0,,108900.0,92380.0,0.91,11.8,,17.9,6.5,买入,,
601088.SH,中国神华,20200329,中国神华2019年年报点评：提升分红比例，价值本色再现,一般,一般报告,中信证券,祖国鹏,2022Q4,24880720.0,,6935800.0,4477800.0,2.25,7.0,,10.84,,买入,,20.7
601088.SH,中国神华,20200329,中国神华2019年年报点评：提升分红比例，价值本色再现,一般,一般报告,中信证券,祖国鹏,2021Q4,23813190.0,,6523600.0,4210130.0,2.12,8.0,,10.81,,买入,,20.7
601088.SH,中国神华,20200329,中国神华2019年年报点评：提升分红比例，价值本色再现,一般,一般报告,中信证券,祖国鹏,2020Q4,22659960.0,,6391100.0,4111060.0,2.07,8.0,,11.17,,买入,,20.7
600511.SH,国药股份,20200329,国药股份：风雨过后见彩虹,点评,一般报告,中信建投,"贺菊颖,程培",2022Q4,5955310.0,,335820.0,221830.0,2.94,9.1,3.1,15.0,4.0,买入,,
600511.SH,国药股份,20200329,国药股份：风雨过后见彩虹,点评,一般报告,中信建投,"贺菊颖,程培",2021Q4,5320730.0,,297110.0,196250.0,2.6,10.3,2.6,14.9,5.2,买入,,
600511.SH,国药股份,20200329,国药股份：风雨过后见彩虹,点评,一般报告,中信建投,"贺菊颖,程培",2020Q4,4759190.0,,258480.0,170730.0,2.26,11.8,2.3,14.5,5.7,买入,,
002221.SZ,东华能源,20200329,东华能源跟踪报告：再迈新征程：贸易剥离，化工加码,一般,一般报告,中信证券,黄莉莉,2021Q4,2053100.0,,254600.0,189900.0,1.15,8.0,,14.76,,增持,,11.0
002221.SZ,东华能源,20200329,东华能源跟踪报告：再迈新征程：贸易剥离，化工加码,一般,一般报告,中信证券,黄莉莉,2020Q4,4476200.0,,245700.0,182600.0,1.11,8.0,,16.38,,增持,,11.0
002221.SZ,东华能源,20200329,东华能源跟踪报告：再迈新征程：贸易剥离，化工加码,一般,一般报告,中信证券,黄莉莉,2019Q4,5653200.0,,148700.0,110700.0,0.67,13.0,,11.73,,增持,,11.0
603019.SH,中科曙光,20200329,中科曙光：外部压力倒逼转型提速，业绩实现高增长,点评,一般报告,平安证券,"闫磊,陈苏,付强",2022Q4,1665200.0,,151400.0,122000.0,1.36,33.2,,17.9,33.3,推荐,,
603019.SH,中科曙光,20200329,中科曙光：外部压力倒逼转型提速，业绩实现高增长,点评,一般报告,平安证券,"闫磊,陈苏,付强",2021Q4,1367200.0,,119100.0,96500.0,1.07,42.0,,16.7,41.7,推荐,,
603019.SH,中科曙光,20200329,中科曙光：外部压力倒逼转型提速，业绩实现高增长,点评,一般报告,平安证券,"闫磊,陈苏,付强",2020Q4,1098300.0,,92000.0,74400.0,0.83,54.5,,15.1,55.2,推荐,,
600588.SH,用友网络,20200329,用友网络：业绩持续高增长，云服务业务未来发展可期,点评,一般报告,平安证券,"闫磊,陈苏,付强",2022Q4,1366200.0,,260400.0,219500.0,0.88,47.9,,19.9,35.2,推荐,,
600588.SH,用友网络,20200329,用友网络：业绩持续高增长，云服务业务未来发展可期,点评,一般报告,平安证券,"闫磊,陈苏,付强",2021Q4,1135600.0,,205400.0,173000.0,0.69,60.8,,18.4,43.2,推荐,,
600588.SH,用友网络,20200329,用友网络：业绩持续高增长，云服务业务未来发展可期,点评,一般报告,平安证券,"闫磊,陈苏,付强",2020Q4,963400.0,,166800.0,140500.0,0.56,74.9,,17.0,51.9,推荐,,
600201.SH,生物股份,20200329,生物股份：业绩拐点已至，公司迈向三轮驱动国际化发展之路,点评,一般报告,方正证券,程一胜,2022Q4,256883.0,,121934.0,105990.0,0.94,22.05,,15.0,14.11,推荐,,
600201.SH,生物股份,20200329,生物股份：业绩拐点已至，公司迈向三轮驱动国际化发展之路,点评,一般报告,方正证券,程一胜,2021Q4,204546.0,,91370.0,79422.0,0.71,29.42,,13.0,19.12,推荐,,
600201.SH,生物股份,20200329,生物股份：业绩拐点已至，公司迈向三轮驱动国际化发展之路,点评,一般报告,方正证券,程一胜,2020Q4,157499.0,,51913.0,45125.0,0.4,51.79,,9.0,26.92,推荐,,
600201.SH,生物股份,20200329,生物股份：业绩拐点已至，公司迈向三轮驱动国际化发展之路,点评,一般报告,方正证券,程一胜,2019Q4,112678.0,,25350.0,22104.0,0.2,105.72,,5.0,59.73,推荐,,
601818.SH,光大银行,20200329,光大银行：基本面稳中有进，分红率回升至30％,点评,一般报告,申万宏源证券,"马鲲鹏,李晨,郑庆明,支初蓉,王茂宇",2022Q4,17595500.0,,6615600.0,5545500.0,1.057,3.6,,13.58,,买入,,
601818.SH,光大银行,20200329,光大银行：基本面稳中有进，分红率回升至30％,点评,一般报告,申万宏源证券,"马鲲鹏,李晨,郑庆明,支初蓉,王茂宇",2021Q4,15886300.0,,5753100.0,4822000.0,0.919,4.1,,12.94,,买入,,
601818.SH,光大银行,20200329,光大银行：基本面稳中有进，分红率回升至30％,点评,一般报告,申万宏源证券,"马鲲鹏,李晨,郑庆明,支初蓉,王茂宇",2020Q4,14425200.0,,5036300.0,4220900.0,0.804,4.7,,12.37,,买入,,
600754.SH,锦江酒店,20200329,锦江酒店：提质增效改善结构，“一中心三平台”望持久赋能,点评,一般报告,中信建投,"贺燕青,陈如练",2020Q4,1340790.0,,110270.0,72400.0,0.76,33.2,,5.1,,买入,,31.0
600600.SH,青岛啤酒,20200329,青岛啤酒：产品结构持续升级，期待改革红利释放,点评,一般报告,申万宏源证券,"吕昌,赵玥",2022Q4,3088900.0,961700.0,350200.0,237700.0,1.76,25.0,,10.2,,增持,,
600600.SH,青岛啤酒,20200329,青岛啤酒：产品结构持续升级，期待改革红利释放,点评,一般报告,申万宏源证券,"吕昌,赵玥",2021Q4,2926600.0,899500.0,319200.0,216700.0,1.6,28.0,,10.0,,增持,,
600600.SH,青岛啤酒,20200329,青岛啤酒：产品结构持续升级，期待改革红利释放,点评,一般报告,申万宏源证券,"吕昌,赵玥",2020Q4,2631200.0,798100.0,275100.0,186800.0,1.38,32.0,,9.2,,增持,,
600600.SH,青岛啤酒,20200329,青岛啤酒：产品结构持续升级，期待改革红利释放,点评,一般报告,申万宏源证券,"吕昌,赵玥",2019Q4,2798400.0,859000.0,272700.0,185200.0,1.37,32.0,,9.7,,增持,,
002465.SZ,海格通信,20200329,海格通信：业绩符合预期，订单持续恢复，利润率稳定提升,点评,一般报告,中信建投,"阎贵成,武超则,汤其勇",2021Q4,,,,88100.0,,29.0,,,,买入,,
000938.SZ,紫光股份,20200329,紫光股份：公司中标中国联通城域网设备，运营商市场突破可期,点评,一般报告,中信建投,"阎贵成,武超则",2019Q4,,,,181500.0,0.89,41.0,,,,增持,,
601818.SH,光大银行,20200329,光大银行2019年年报点：息差改善，分红提,点评,首份报告,中信证券,"肖斐斐,冉宇航,彭博",2021Q4,15649900.0,,,4541800.0,0.865,4.56,,,,增持,,
601818.SH,光大银行,20200329,光大银行2019年年报点：息差改善，分红提,点评,首份报告,中信证券,"肖斐斐,冉宇航,彭博",2020Q4,14368500.0,,,4109900.0,0.783,5.07,,,,增持,,
600985.SH,淮北矿业,20200329,淮北矿业2019年报点评：高股息＋低估值，期待分红示范效应驱动估值,点评,一般报告,华创证券,"任志强,张文龙",2022Q4,6141200.0,,465200.0,403300.0,1.86,4.6,,12.6,9.2,强推,,12.96
600985.SH,淮北矿业,20200329,淮北矿业2019年报点评：高股息＋低估值，期待分红示范效应驱动估值,点评,一般报告,华创证券,"任志强,张文龙",2021Q4,6141200.0,,454200.0,393800.0,1.81,4.7,,13.9,9.0,强推,,12.96
600985.SH,淮北矿业,20200329,淮北矿业2019年报点评：高股息＋低估值，期待分红示范效应驱动估值,点评,一般报告,华创证券,"任志强,张文龙",2020Q4,5981200.0,,392800.0,340600.0,1.57,5.4,,13.8,9.6,强推,,12.96
600426.SH,华鲁恒升,20200329,华鲁恒升：业绩符合预期，行业底部综合竞争优势凸显,点评,一般报告,东北证券,"陈俊杰,胡双",2022Q4,1699900.0,,370500.0,313800.0,1.93,8.2,2.72,14.26,,买入,,18.72
600426.SH,华鲁恒升,20200329,华鲁恒升：业绩符合预期，行业底部综合竞争优势凸显,点评,一般报告,东北证券,"陈俊杰,胡双",2021Q4,1495700.0,,288100.0,244000.0,1.5,10.54,2.33,13.29,,买入,,18.72
600426.SH,华鲁恒升,20200329,华鲁恒升：业绩符合预期，行业底部综合竞争优势凸显,点评,一般报告,东北证券,"陈俊杰,胡双",2020Q4,1260100.0,,227000.0,192200.0,1.18,13.38,2.14,12.08,,买入,,18.72
600754.SH,锦江酒店,20200329,锦江酒店：提质增效改善结构，“一中心三平台”望持久赋能,点评,一般报告,中信建投,"贺燕青,陈如练",2021Q4,1700130.0,,220880.0,144200.0,1.51,16.7,,9.8,,买入,,31.0
002465.SZ,海格通信,20200329,海格通信：业绩符合预期，订单持续恢复，利润率稳定提升,点评,一般报告,中信建投,"阎贵成,武超则,汤其勇",2020Q4,,,,70800.0,,36.0,,,,买入,,
000938.SZ,紫光股份,20200329,紫光股份：公司中标中国联通城域网设备，运营商市场突破可期,点评,一般报告,中信建投,"阎贵成,武超则",2021Q4,,,,263500.0,1.29,28.0,,,,增持,,
000938.SZ,紫光股份,20200329,紫光股份：公司中标中国联通城域网设备，运营商市场突破可期,点评,一般报告,中信建投,"阎贵成,武超则",2020Q4,,,,216300.0,1.06,34.0,,,,增持,,
603806.SH,福斯特,20200329,福斯特：光伏胶膜龙头地位稳固，积极布局感光干膜,一般,首次关注,天风证券,"王纪斌,马妍",2021Q4,859956.0,,131177.0,115627.0,2.21,18.59,,14.52,13.78,增持,,54.6
603806.SH,福斯特,20200329,福斯特：光伏胶膜龙头地位稳固，积极布局感光干膜,一般,首次关注,天风证券,"王纪斌,马妍",2020Q4,757823.0,,115636.0,101886.0,1.95,21.1,,14.51,16.94,增持,,54.6
603019.SH,中科曙光,20200329,中科曙光：超算中心需求保持高景气，促进公司长期发展，毛利率和净利率提升,点评,一般报告,中信建投,石泽蕤,2020Q4,1194126.0,,,79887.0,0.89,50.74,,,,买入,,
601877.SH,正泰电器,20200329,正泰电器重大事项点评：员工持股计划彰显公司发展信心，收购艾临科加大能源互联网战略布局,点评,一般报告,华创证券,"胡毅,于潇",2019Q4,3186100.0,,468400.0,395600.0,1.84,13.0,,16.0,14.0,强推,,30.0
600879.SH,航天电子,20200329,航天电子：立足航天产业配套，打造航天技术民用产业化桥头堡,深度,一般报告,东北证券,"陈鼎如,刘中玉",2022Q4,2022600.0,,96100.0,75600.0,0.28,23.46,0.0,5.3,,买入,,9.19
600879.SH,航天电子,20200329,航天电子：立足航天产业配套，打造航天技术民用产业化桥头堡,深度,一般报告,东北证券,"陈鼎如,刘中玉",2021Q4,1706400.0,,77800.0,61200.0,0.23,28.98,0.0,4.53,,买入,,9.19
600879.SH,航天电子,20200329,航天电子：立足航天产业配套，打造航天技术民用产业化桥头堡,深度,一般报告,东北证券,"陈鼎如,刘中玉",2020Q4,1440900.0,,64100.0,50400.0,0.19,35.16,0.0,3.91,,买入,,9.19
000725.SZ,京东方A,20200329,京东方A：柔性OLED有望持续放量，液晶面板龙头地位稳固,点评,一般报告,东方证券,"蒯剑,马天翼,唐权喜",2021Q4,17398500.0,,1028200.0,797900.0,0.23,17.7,,8.4,4.0,买入,,4.5
000725.SZ,京东方A,20200329,京东方A：柔性OLED有望持续放量，液晶面板龙头地位稳固,点评,一般报告,东方证券,"蒯剑,马天翼,唐权喜",2020Q4,14318600.0,,641500.0,497800.0,0.14,28.3,,5.6,5.1,买入,,4.5
000725.SZ,京东方A,20200329,京东方A：柔性OLED有望持续放量，液晶面板龙头地位稳固,点评,一般报告,东方证券,"蒯剑,马天翼,唐权喜",2019Q4,11247900.0,,275700.0,214000.0,0.06,65.9,,2.5,7.4,买入,,4.5
000089.SZ,深圳机场,20200329,深圳机场2019年报点评：扣非净利微降0.8％，长期看好粤港澳机场群格局重塑，公司国际线潜力逐步释放,点评,一般报告,华创证券,"吴一凡,刘阳,王凯",2022Q4,469200.0,,104800.0,80100.0,0.39,20.0,,5.9,11.0,推荐,,8.9
000089.SZ,深圳机场,20200329,深圳机场2019年报点评：扣非净利微降0.8％，长期看好粤港澳机场群格局重塑，公司国际线潜力逐步释放,点评,一般报告,华创证券,"吴一凡,刘阳,王凯",2021Q4,427200.0,,87400.0,66800.0,0.33,24.0,,5.2,12.0,推荐,,8.9
603659.SH,璞泰来,20200329,璞泰来：业务均衡发展，锂电平台地位确立,点评,一般报告,东北证券,"笪佳敏,胡洋,周彦朋",2022Q4,941300.0,,178200.0,152900.0,3.51,18.3,1.37,26.02,,买入,,81.0
603659.SH,璞泰来,20200329,璞泰来：业务均衡发展，锂电平台地位确立,点评,一般报告,东北证券,"笪佳敏,胡洋,周彦朋",2021Q4,751700.0,,117600.0,100500.0,2.31,27.85,1.07,21.24,,买入,,81.0
603659.SH,璞泰来,20200329,璞泰来：业务均衡发展，锂电平台地位确立,点评,一般报告,东北证券,"笪佳敏,胡洋,周彦朋",2020Q4,589900.0,,99100.0,84300.0,1.94,33.18,0.81,20.95,,买入,,81.0
603019.SH,中科曙光,20200329,中科曙光：超算中心需求保持高景气，促进公司长期发展，毛利率和净利率提升,点评,一般报告,中信建投,石泽蕤,2021Q4,1411047.0,,,101237.0,1.12,40.04,,,,买入,,
601877.SH,正泰电器,20200329,正泰电器重大事项点评：员工持股计划彰显公司发展信心，收购艾临科加大能源互联网战略布局,点评,一般报告,华创证券,"胡毅,于潇",2021Q4,4186300.0,,623100.0,526300.0,2.45,10.0,,16.3,11.0,强推,,30.0
601877.SH,正泰电器,20200329,正泰电器重大事项点评：员工持股计划彰显公司发展信心，收购艾临科加大能源互联网战略布局,点评,一般报告,华创证券,"胡毅,于潇",2020Q4,3667400.0,,538800.0,455100.0,2.12,11.0,,16.2,12.0,强推,,30.0
603516.SH,淳中科技,20200329,淳中科技2019年报点评：2020年业绩有望再加速,点评,一般报告,华创证券,陈宝健,2022Q4,99200.0,,32800.0,32200.0,2.416,18.0,,20.4,23.0,强推,,61.24
000089.SZ,深圳机场,20200329,深圳机场2019年报点评：扣非净利微降0.8％，长期看好粤港澳机场群格局重塑，公司国际线潜力逐步释放,点评,一般报告,华创证券,"吴一凡,刘阳,王凯",2020Q4,335200.0,,58000.0,44300.0,0.22,36.0,,3.6,20.0,推荐,,8.9
603516.SH,淳中科技,20200329,淳中科技2019年报点评：2020年业绩有望再加速,点评,一般报告,华创证券,陈宝健,2021Q4,75100.0,,24600.0,24200.0,1.815,24.0,,19.3,30.0,强推,,61.24
603516.SH,淳中科技,20200329,淳中科技2019年报点评：2020年业绩有望再加速,点评,一般报告,华创证券,陈宝健,2020Q4,56300.0,,18400.0,18100.0,1.358,32.0,,17.8,40.0,强推,,61.24
600754.SH,锦江酒店,20200329,锦江酒店：业绩稳健增长，整合持续推进,点评,一般报告,东北证券,"李慧,徐乔威",2022Q4,1711300.0,,272000.0,171100.0,1.79,14.07,3.53,11.41,,买入,,33.41
600754.SH,锦江酒店,20200329,锦江酒店：业绩稳健增长，整合持续推进,点评,一般报告,东北证券,"李慧,徐乔威",2021Q4,1607400.0,,227100.0,142900.0,1.49,16.85,2.91,10.11,,买入,,33.41
600754.SH,锦江酒店,20200329,锦江酒店：业绩稳健增长，整合持续推进,点评,一般报告,东北证券,"李慧,徐乔威",2020Q4,1337300.0,,122500.0,77100.0,0.8,31.23,2.49,5.75,,买入,,33.41
603806.SH,福斯特,20200329,福斯特：光伏胶膜龙头地位稳固，积极布局感光干膜,一般,首次关注,天风证券,"王纪斌,马妍",2022Q4,951631.0,,143750.0,126712.0,2.42,16.97,,14.0,12.91,增持,,54.6
688111.SH,金山办公,20200329,金山办公：受益云化/信创红利，B端/C端有望持续高增长,,一般报告,天风证券,沈海兵,2022Q4,503732.0,,147906.0,145798.0,3.16,77.72,,15.67,70.2,增持,,
688111.SH,金山办公,20200329,金山办公：受益云化/信创红利，B端/C端有望持续高增长,,一般报告,天风证券,沈海兵,2021Q4,374530.0,,113510.0,111892.0,2.43,101.27,,14.26,91.69,增持,,
688111.SH,金山办公,20200329,金山办公：受益云化/信创红利，B端/C端有望持续高增长,,一般报告,天风证券,沈海兵,2020Q4,252923.0,,67309.0,66749.0,1.45,169.76,,9.92,156.86,增持,,
603799.SH,华友钴业,20200329,华友钴业：签订三年大单，与下游龙头齐飞,点评,一般报告,天风证券,"杨诚笑,孙亮,田源,王小芃,田庆争",2022Q4,2596441.0,,223530.0,190000.0,1.71,17.25,,15.96,12.5,增持,,
603799.SH,华友钴业,20200329,华友钴业：签订三年大单，与下游龙头齐飞,点评,一般报告,天风证券,"杨诚笑,孙亮,田源,王小芃,田庆争",2020Q4,1829442.0,,107883.0,91700.0,0.82,35.75,,10.78,20.91,增持,,
601360.SH,三六零,20200329,三六零：网络安全为核，发力政企扩展新边界,一般,首次关注,天风证券,文浩,2021Q4,1702935.0,,609697.0,499584.0,0.74,26.79,,13.22,18.39,买入,,24.0
601360.SH,三六零,20200329,三六零：网络安全为核，发力政企扩展新边界,一般,首次关注,天风证券,文浩,2020Q4,1474691.0,,528043.0,432272.0,0.64,30.97,,13.05,21.97,买入,,24.0
601360.SH,三六零,20200329,三六零：网络安全为核，发力政企扩展新边界,一般,首次关注,天风证券,文浩,2019Q4,1350631.0,,741601.0,609624.0,0.9,21.96,,21.01,15.8,买入,,24.0
603799.SH,华友钴业,20200329,华友钴业：签订三年大单，与下游龙头齐飞,点评,一般报告,天风证券,"杨诚笑,孙亮,田源,王小芃,田庆争",2021Q4,2195926.0,,176724.0,150215.0,1.35,21.82,,15.01,15.33,增持,,
601155.SH,新城控股,20200329,新城控股：负债低现金好、稳规模重质量,点评,一般报告,天风证券,陈天诚,2022Q4,24837652.0,,3511208.0,2494298.0,11.05,2.8,,30.24,0.28,买入,,
601155.SH,新城控股,20200329,新城控股：负债低现金好、稳规模重质量,点评,一般报告,天风证券,陈天诚,2020Q4,13154342.0,,2272684.0,1614473.0,7.15,4.33,,32.35,1.1,买入,,
600556.SH,ST慧球,20200329,ST慧球：社交商业时代新基建标杆，尽享媒体投放效能变迁产业红利,点评,一般报告,天风证券,刘章明,2021Q4,459454.0,,76800.0,63331.0,0.38,33.19,,24.14,24.98,买入,,
600556.SH,ST慧球,20200329,ST慧球：社交商业时代新基建标杆，尽享媒体投放效能变迁产业红利,点评,一般报告,天风证券,刘章明,2020Q4,300687.0,,49166.0,40523.0,0.24,51.88,,20.36,38.98,买入,,
600556.SH,ST慧球,20200329,ST慧球：社交商业时代新基建标杆，尽享媒体投放效能变迁产业红利,点评,一般报告,天风证券,刘章明,2019Q4,197731.0,,31248.0,25920.0,0.15,81.1,,16.35,65.64,买入,,
600161.SH,天坛生物,20200329,天坛生物：老牌血制品龙头，重组后资源优化助力更上一层楼,一般,首次关注,天风证券,"潘海洋,郑薇",2021Q4,447388.0,,149175.0,88759.0,0.85,39.78,,15.81,21.42,买入,,46.9
600161.SH,天坛生物,20200329,天坛生物：老牌血制品龙头，重组后资源优化助力更上一层楼,一般,首次关注,天风证券,"潘海洋,郑薇",2020Q4,399796.0,,129310.0,76939.0,0.74,45.9,,16.01,25.28,买入,,46.9
600161.SH,天坛生物,20200329,天坛生物：老牌血制品龙头，重组后资源优化助力更上一层楼,一般,首次关注,天风证券,"潘海洋,郑薇",2019Q4,337692.0,,106067.0,61487.0,0.59,57.43,,14.98,31.05,买入,,46.9
300285.SZ,国瓷材料,20200329,国瓷材料：多元新材料平台型厂商，技术延伸5G成长逻辑顺畅,一般,首次评级,天风证券,"潘暕,李辉,俞文静",2022Q4,375470.0,,116687.0,97121.0,1.01,21.02,,16.6,15.59,买入,,28.35
300285.SZ,国瓷材料,20200329,国瓷材料：多元新材料平台型厂商，技术延伸5G成长逻辑顺畅,一般,首次评级,天风证券,"潘暕,李辉,俞文静",2021Q4,307250.0,,91612.0,76448.0,0.79,26.7,,15.52,20.07,买入,,28.35
300285.SZ,国瓷材料,20200329,国瓷材料：多元新材料平台型厂商，技术延伸5G成长逻辑顺畅,一般,首次评级,天风证券,"潘暕,李辉,俞文静",2020Q4,254431.0,,72240.0,60819.0,0.63,33.56,,14.44,25.72,买入,,28.35
600588.SH,用友网络,20200329,用友网络：云业务超预期，正从量变走向质变,点评,一般报告,天风证券,沈海兵,2021Q4,1310100.0,,185743.0,145251.0,0.58,72.42,,14.22,42.64,买入,,
600588.SH,用友网络,20200329,用友网络：云业务超预期，正从量变走向质变,点评,一般报告,天风证券,沈海兵,2020Q4,1037474.0,,136235.0,110296.0,0.44,95.37,,12.59,57.35,买入,,
601155.SH,新城控股,20200329,新城控股：负债低现金好、稳规模重质量,点评,一般报告,天风证券,陈天诚,2021Q4,19088266.0,,2857102.0,2029634.0,8.99,3.45,,31.45,2.3,买入,,
600588.SH,用友网络,20200329,用友网络：云业务超预期，正从量变走向质变,点评,一般报告,天风证券,沈海兵,2022Q4,1635490.0,,244352.0,191083.0,0.76,55.05,,15.76,33.76,买入,,
600009.SH,上海机场,20200329,上海机场：19年业绩升18.88%，新冠疫情扰动不改长期价值,一般,一般报告,天风证券,"姜明,曾凡喆",2022Q4,1473823.0,,926268.0,699555.0,3.63,17.1,,16.38,10.34,买入,,80.23
600009.SH,上海机场,20200329,上海机场：19年业绩升18.88%，新冠疫情扰动不改长期价值,一般,一般报告,天风证券,"姜明,曾凡喆",2021Q4,1344263.0,,818769.0,618367.0,3.21,19.35,,16.36,12.07,买入,,80.23
603516.SH,淳中科技,20200329,淳中科技：业绩基本符合预期，新产品新行业拓展顺利,点评,一般报告,天风证券,沈海兵,2022Q4,102659.0,,32207.0,30918.0,2.32,18.91,,22.63,15.08,买入,,
603516.SH,淳中科技,20200329,淳中科技：业绩基本符合预期，新产品新行业拓展顺利,点评,一般报告,天风证券,沈海兵,2021Q4,75062.0,,23137.0,22443.0,1.68,26.06,,20.16,21.95,买入,,
603019.SH,中科曙光,20200329,中科曙光：利润、毛利率、现金流全面超预期，信创潜力可期,点评,一般报告,天风证券,沈海兵,2022Q4,1188085.0,,156791.0,129430.0,1.44,31.32,,18.7,24.89,增持,,
603019.SH,中科曙光,20200329,中科曙光：利润、毛利率、现金流全面超预期，信创潜力可期,点评,一般报告,天风证券,沈海兵,2021Q4,1045721.0,,126148.0,103398.0,1.15,39.2,,18.03,31.49,增持,,
603019.SH,中科曙光,20200329,中科曙光：利润、毛利率、现金流全面超预期，信创潜力可期,点评,一般报告,天风证券,沈海兵,2020Q4,922709.0,,97824.0,79327.0,0.88,51.09,,16.45,38.8,增持,,
000063.SZ,中兴通讯,20200329,中兴通讯：基本面反转趋势确立，以更好姿态迎接5G时代,点评,一般报告,天风证券,"容志能,唐海清,王奕红",2022Q4,18342382.0,,1534027.0,1123530.0,2.44,17.81,,19.54,8.71,买入,,
000063.SZ,中兴通讯,20200329,中兴通讯：基本面反转趋势确立，以更好姿态迎接5G时代,点评,一般报告,天风证券,"容志能,唐海清,王奕红",2021Q4,14587461.0,,1125915.0,849606.0,1.84,23.55,,18.36,12.36,买入,,
000063.SZ,中兴通讯,20200329,中兴通讯：基本面反转趋势确立，以更好姿态迎接5G时代,点评,一般报告,天风证券,"容志能,唐海清,王奕红",2020Q4,11655611.0,,874757.0,656366.0,1.42,30.49,,17.38,15.89,买入,,
603588.SH,高能环境,20200329,高能环境：布局环境修复+环保运营，具备业绩+估值双重弹性,一般,首次关注,天风证券,"郭丽丽,石家骏",2021Q4,609000.0,,88410.0,62963.0,0.93,12.18,,15.84,8.57,买入,,15.6
603588.SH,高能环境,20200329,高能环境：布局环境修复+环保运营，具备业绩+估值双重弹性,一般,首次关注,天风证券,"郭丽丽,石家骏",2020Q4,637800.0,,74216.0,52854.0,0.78,14.51,,15.51,10.68,买入,,15.6
603588.SH,高能环境,20200329,高能环境：布局环境修复+环保运营，具备业绩+估值双重弹性,一般,首次关注,天风证券,"郭丽丽,石家骏",2019Q4,499900.0,,57572.0,41001.0,0.61,18.7,,13.98,12.1,买入,,15.6
600009.SH,上海机场,20200329,上海机场：19年业绩升18.88%，新冠疫情扰动不改长期价值,一般,一般报告,天风证券,"姜明,曾凡喆",2020Q4,813423.0,,278781.0,210546.0,1.09,56.83,,6.29,31.17,买入,,80.23
603179.SH,新泉股份,20200329,新泉股份：19年客户稳步拓展，产品加速高端化,点评,一般报告,天风证券,"邓学,娄周鑫",2022Q4,431728.0,,46856.0,41856.0,1.85,10.82,,17.16,7.36,买入,,
603179.SH,新泉股份,20200329,新泉股份：19年客户稳步拓展，产品加速高端化,点评,一般报告,天风证券,"邓学,娄周鑫",2021Q4,384857.0,,35046.0,30996.0,1.37,14.61,,14.8,9.42,买入,,
603179.SH,新泉股份,20200329,新泉股份：19年客户稳步拓展，产品加速高端化,点评,一般报告,天风证券,"邓学,娄周鑫",2020Q4,344014.0,,26161.0,23095.0,1.02,19.61,,12.44,12.46,买入,,
600660.SH,福耀玻璃,20200329,福耀玻璃：19年经营性业绩符合预期，疫情不改长期成长性,点评,一般报告,天风证券,"邓学,娄周鑫",2021Q4,2396235.0,,459608.0,391462.0,1.56,12.53,,16.42,7.33,买入,,
600660.SH,福耀玻璃,20200329,福耀玻璃：19年经营性业绩符合预期，疫情不改长期成长性,点评,一般报告,天风证券,"邓学,娄周鑫",2020Q4,2238522.0,,392580.0,336181.0,1.34,14.59,,14.94,8.47,买入,,
603516.SH,淳中科技,20200329,淳中科技：业绩基本符合预期，新产品新行业拓展顺利,点评,一般报告,天风证券,沈海兵,2020Q4,53135.0,,15995.0,15595.0,1.17,37.5,,16.5,32.88,买入,,
002465.SZ,海格通信,20200329,海格通信：各项业务全面稳步向上，内部效率优化，北斗龙头以新姿态迎接新阶段,点评,一般报告,天风证券,"容志能,唐海清,王奕红,王俊贤",2022Q4,847087.0,,133933.0,116200.0,0.5,22.2,,11.05,17.29,增持,,
002465.SZ,海格通信,20200329,海格通信：各项业务全面稳步向上，内部效率优化，北斗龙头以新姿态迎接新阶段,点评,一般报告,天风证券,"容志能,唐海清,王奕红,王俊贤",2020Q4,558249.0,,84415.0,72418.0,0.31,35.62,,7.98,30.32,增持,,
600660.SH,福耀玻璃,20200329,福耀玻璃：19年经营性业绩符合预期，疫情不改长期成长性,点评,一般报告,天风证券,"邓学,娄周鑫",2019Q4,2110388.0,,323240.0,289836.0,1.16,16.92,,13.61,9.76,买入,,
002465.SZ,海格通信,20200329,海格通信：各项业务全面稳步向上，内部效率优化，北斗龙头以新姿态迎接新阶段,点评,一般报告,天风证券,"容志能,唐海清,王奕红,王俊贤",2021Q4,692627.0,,102119.0,89442.0,0.39,28.84,,9.26,23.5,增持,,
603060.SH,国检集团,20200329,国检集团2019年报点评：2019归母业绩增速3.67％，期待外延加速及管理改善,点评,首份报告,长江证券,"徐科,罗松,任楠,贾少波",2022Q4,172500.0,79200.0,42200.0,31200.0,1.01,18.9,,18.3,11.79,买入,,
603060.SH,国检集团,20200329,国检集团2019年报点评：2019归母业绩增速3.67％，期待外延加速及管理改善,点评,首份报告,长江证券,"徐科,罗松,任楠,贾少波",2021Q4,153200.0,69800.0,36500.0,26700.0,0.87,22.0,,17.7,14.32,买入,,
603060.SH,国检集团,20200329,国检集团2019年报点评：2019归母业绩增速3.67％，期待外延加速及管理改善,点评,首份报告,长江证券,"徐科,罗松,任楠,贾少波",2020Q4,131500.0,59600.0,31500.0,23100.0,0.75,25.5,,17.1,17.38,买入,,
603060.SH,国检集团,20200329,国检集团2019年报点评：2019归母业绩增速3.67％，期待外延加速及管理改善,点评,首份报告,长江证券,"徐科,罗松,任楠,贾少波",2019Q4,110700.0,50200.0,27300.0,20800.0,0.68,28.3,,16.6,19.65,买入,,
002706.SZ,良信电器,20200329,良信电器：2019年年报点评：成功跨越“20”关卡，成长属性进一步凸显,点评,一般报告,长江证券,"邬博华,马军,司鸿历",2022Q4,419800.0,167000.0,64300.0,55900.0,0.71,15.09,,17.0,11.18,买入,,
002706.SZ,良信电器,20200329,良信电器：2019年年报点评：成功跨越“20”关卡，成长属性进一步凸显,点评,一般报告,长江证券,"邬博华,马军,司鸿历",2021Q4,347900.0,139600.0,53600.0,46600.0,0.59,18.11,,18.0,14.18,买入,,
002734.SZ,利民股份,20200329,利民股份：威远并表＋内生强劲，业绩高增长,点评,一般报告,长江证券,"马太,王明",2020Q4,446500.0,109800.0,52000.0,44200.0,1.54,9.78,,17.0,15.62,买入,,
002734.SZ,利民股份,20200329,利民股份：威远并表＋内生强劲，业绩高增长,点评,一般报告,长江证券,"马太,王明",2019Q4,283400.0,71100.0,38300.0,32500.0,1.14,13.28,,15.0,24.77,买入,,
002706.SZ,良信电器,20200329,良信电器：2019年年报点评：成功跨越“20”关卡，成长属性进一步凸显,点评,一般报告,长江证券,"邬博华,马军,司鸿历",2020Q4,278400.0,112400.0,42900.0,37300.0,0.48,22.63,,17.0,18.69,买入,,
002734.SZ,利民股份,20200329,利民股份：威远并表＋内生强劲，业绩高增长,点评,一般报告,长江证券,"马太,王明",2021Q4,547300.0,136800.0,67200.0,57100.0,1.99,7.57,,18.0,12.11,买入,,
601155.SH,新城控股,20200329,新城控股2019年报点评：不强求规模，可以更从容,点评,一般报告,长江证券,"邬博华,薛梦莹,袁佳楠",2022Q4,19530200.0,5468500.0,3216400.0,2368200.0,10.49,2.95,,27.0,0.18,买入,,
601155.SH,新城控股,20200329,新城控股2019年报点评：不强求规模，可以更从容,点评,一般报告,长江证券,"邬博华,薛梦莹,袁佳楠",2021Q4,15624200.0,4531000.0,2760500.0,2000300.0,8.86,3.5,,30.0,1.52,买入,,
601155.SH,新城控股,20200329,新城控股2019年报点评：不强求规模，可以更从容,点评,一般报告,长江证券,"邬博华,薛梦莹,袁佳楠",2020Q4,12018600.0,3605600.0,2288900.0,1635200.0,7.25,4.28,,32.0,3.15,买入,,
603179.SH,新泉股份,20200329,新泉股份年报点评：四季度收入显著回升，合资客户打开中长期空间,点评,一般报告,长江证券,"高登,高伊楠,陈斯竹",2022Q4,519000.0,116800.0,50500.0,43900.0,1.94,10.31,,18.0,6.28,买入,,
603179.SH,新泉股份,20200329,新泉股份年报点评：四季度收入显著回升，合资客户打开中长期空间,点评,一般报告,长江证券,"高登,高伊楠,陈斯竹",2021Q4,426400.0,93000.0,36600.0,31800.0,1.41,14.24,,15.0,9.58,买入,,
603179.SH,新泉股份,20200329,新泉股份年报点评：四季度收入显著回升，合资客户打开中长期空间,点评,一般报告,长江证券,"高登,高伊楠,陈斯竹",2020Q4,356900.0,76700.0,27800.0,24200.0,1.07,18.71,,13.0,12.52,买入,,
603214.SH,爱婴室,20200329,爱婴室：19年扩张提速，品类结构优化促盈利能力提升,点评,一般报告,长江证券,"李锦,陈亮,罗祎",2021Q4,342000.0,116400.0,32400.0,22600.0,2.214,18.03,,16.0,10.07,买入,,
000063.SZ,中兴通讯,20200329,中兴通讯：聚焦主业、积极回购，5G先锋成长可期,点评,一般报告,长江证券,"于海宁,王楠,章林,赵麦琪",2022Q4,14457700.0,5557900.0,1405100.0,1053300.0,2.28,19.0,,18.0,15.83,买入,,
000063.SZ,中兴通讯,20200329,中兴通讯：聚焦主业、积极回购，5G先锋成长可期,点评,一般报告,长江证券,"于海宁,王楠,章林,赵麦琪",2021Q4,12400800.0,4701800.0,1008000.0,755600.0,1.64,26.48,,15.0,21.79,买入,,
603214.SH,爱婴室,20200329,爱婴室：19年扩张提速，品类结构优化促盈利能力提升,点评,一般报告,长江证券,"李锦,陈亮,罗祎",2022Q4,403500.0,142500.0,38900.0,27100.0,2.655,15.03,,16.0,7.52,买入,,
603214.SH,爱婴室,20200329,爱婴室：19年扩张提速，品类结构优化促盈利能力提升,点评,一般报告,长江证券,"李锦,陈亮,罗祎",2020Q4,278000.0,89600.0,25900.0,18000.0,1.764,22.61,,15.0,15.38,买入,,
000063.SZ,中兴通讯,20200329,中兴通讯：聚焦主业、积极回购，5G先锋成长可期,点评,一般报告,长江证券,"于海宁,王楠,章林,赵麦琪",2020Q4,10752500.0,3974500.0,875600.0,656400.0,1.42,30.49,,16.0,26.47,买入,,
002555.SZ,三七互娱,20200329,科技行业2020年4月金股推荐,非个股,一般报告,长江证券,"王傲野,于海宁,莫文宇,凌润东",2019Q4,,,,214200.0,1.014,,,,,买入,,
002555.SZ,三七互娱,20200329,科技行业2020年4月金股推荐,非个股,一般报告,长江证券,"王傲野,于海宁,莫文宇,凌润东",2020Q4,,,,254100.0,1.203,,,,,买入,,
300253.SZ,卫宁健康,20200329,科技行业2020年4月金股推荐,非个股,一般报告,长江证券,"王傲野,于海宁,莫文宇,凌润东",2020Q4,,,,55400.0,0.338,,,,,买入,,
002555.SZ,三七互娱,20200329,科技行业2020年4月金股推荐,非个股,一般报告,长江证券,"王傲野,于海宁,莫文宇,凌润东",2021Q4,,,,293100.0,1.388,,,,,买入,,
300253.SZ,卫宁健康,20200329,科技行业2020年4月金股推荐,非个股,一般报告,长江证券,"王傲野,于海宁,莫文宇,凌润东",2021Q4,,,,76400.0,0.466,,,,,买入,,
300253.SZ,卫宁健康,20200329,科技行业2020年4月金股推荐,非个股,一般报告,长江证券,"王傲野,于海宁,莫文宇,凌润东",2019Q4,,,,40000.0,0.244,,,,,买入,,
600352.SH,浙江龙盛,20200329,浙江龙盛：短期城墙已筑，长期成长在何？,深度,首份报告,长江证券,"马太,施航",2021Q4,1963900.0,905800.0,646100.0,516900.0,1.59,7.7,,15.0,6.86,买入,,
600352.SH,浙江龙盛,20200329,浙江龙盛：短期城墙已筑，长期成长在何？,深度,首份报告,长江证券,"马太,施航",2020Q4,1923400.0,870700.0,616000.0,478000.0,1.47,8.33,,16.0,8.08,买入,,
600352.SH,浙江龙盛,20200329,浙江龙盛：短期城墙已筑，长期成长在何？,深度,首份报告,长江证券,"马太,施航",2019Q4,2229000.0,923600.0,642200.0,498400.0,1.53,7.99,,20.0,8.99,买入,,
002607.SZ,中公教育,20200329,传媒行业周报：年报期关注成长稳定标的,非个股,一般报告,广证恒生咨询,"肖明亮,叶锟",2020Q4,,,,333039.567,0.54,,,,,无,,
002555.SZ,三七互娱,20200329,传媒行业周报：年报期关注成长稳定标的,非个股,一般报告,广证恒生咨询,"肖明亮,叶锟",2019Q4,,,,253470.204,1.2,,,,,无,,
002555.SZ,三七互娱,20200329,传媒行业周报：年报期关注成长稳定标的,非个股,一般报告,广证恒生咨询,"肖明亮,叶锟",2020Q4,,,,295715.238,1.4,,,,,无,,
600466.SH,蓝光发展,20200329,房地产行业例评：内房优等生交卷，政治局会议定调积极,非个股,一般报告,西南证券,胡华如,2020Q4,,,,542252.886,1.8,,,,,买入,,
600499.SH,科达洁能,20200329,中央定调增加公共消费，环保是toG的重要方向：环保／电力周报第193期（2020／3／29）,非个股,一般报告,招商证券,"朱纯阳,张晨,宋盈盈",2019Q4,,,,12617.646,0.08,,,,,无,,
001979.SZ,招商蛇口,20200329,房地产行业例评：内房优等生交卷，政治局会议定调积极,非个股,一般报告,西南证券,胡华如,2019Q4,,,,1860308.898,2.35,,,,,持有,,
300105.SZ,龙源技术,20200329,中央定调增加公共消费，环保是toG的重要方向：环保／电力周报第193期（2020／3／29）,非个股,一般报告,招商证券,"朱纯阳,张晨,宋盈盈",2019Q4,,,,1539.648,0.03,,,,,无,,
000983.SZ,西山煤电,20200329,煤炭开采行业周报：神华提升分红比例，行业高分红优势显著，电厂耗煤也在持续改善,非个股,一般报告,广发证券,"沈涛,安鹏,宋炜",2021Q4,,,,223735.2,0.71,,,8.58,,买入,,
000598.SZ,兴蓉环境,20200329,中央定调增加公共消费，环保是toG的重要方向：环保／电力周报第193期（2020／3／29）,非个股,一般报告,招商证券,"朱纯阳,张晨,宋盈盈",2019Q4,,,,107503.87,0.36,,,,,无,,
300437.SZ,清水源,20200329,中央定调增加公共消费，环保是toG的重要方向：环保／电力周报第193期（2020／3／29）,非个股,一般报告,招商证券,"朱纯阳,张晨,宋盈盈",2019Q4,,,,12881.173,0.59,,,,,无,,
300253.SZ,卫宁健康,20200329,计算机：福州“云药房”上线，配套设施落地，互联网医疗行业加速发展——互联网＋大健康周报,非个股,一般报告,中泰证券,"闻学臣,何柄谕",2019Q4,,,,45953.145,0.28,,,,,买入,,
600008.SH,首创股份,20200329,中央定调增加公共消费，环保是toG的重要方向：环保／电力周报第193期（2020／3／29）,非个股,一般报告,招商证券,"朱纯阳,张晨,宋盈盈",2019Q4,,,,90967.171,0.16,,,,,无,,
300078.SZ,思创医惠,20200329,计算机：福州“云药房”上线，配套设施落地，互联网医疗行业加速发展——互联网＋大健康周报,非个股,一般报告,中泰证券,"闻学臣,何柄谕",2020Q4,,,,30429.401,0.35,,,,,买入,,
600036.SH,招商银行,20200329,银行行业：流动性逐渐倾向实体，看好银行配置价值,非个股,一般报告,广发证券,"倪军,屈俊,万思华,王先爽,李佳鸣",2020Q4,,,,10365356.542,4.11,,,16.85,,买入,,
002677.SZ,浙江美大,20200329,家电：被压制的销售，被撩拨的心绪：景气跟踪·厨电情缘Mar.20,非个股,一般报告,招商证券,隋思誉,2019Q4,,,,46515.719,0.72,,,,,强烈推荐,,
002573.SZ,清新环境,20200329,中央定调增加公共消费，环保是toG的重要方向：环保／电力周报第193期（2020／3／29）,非个股,一般报告,招商证券,"朱纯阳,张晨,宋盈盈",2019Q4,,,,45413.428,0.42,,,,,无,,
300815.SZ,玉禾田,20200329,中央定调增加公共消费，环保是toG的重要方向：环保／电力周报第193期（2020／3／29）,非个股,一般报告,招商证券,"朱纯阳,张晨,宋盈盈",2019Q4,,,,41658.4,3.01,,,,,无,,
002267.SZ,陕天然气,20200329,中央定调增加公共消费，环保是toG的重要方向：环保／电力周报第193期（2020／3／29）,非个股,一般报告,招商证券,"朱纯阳,张晨,宋盈盈",2019Q4,,,,42258.867,0.38,,,,,无,,
600917.SH,重庆燃气,20200329,中央定调增加公共消费，环保是toG的重要方向：环保／电力周报第193期（2020／3／29）,非个股,一般报告,招商证券,"朱纯阳,张晨,宋盈盈",2019Q4,,,,40456.0,0.26,,,,,无,,
300308.SZ,中际旭创,20200329,通信：运营商CAPEX如期大幅增长，下一步投资机会在哪里？,非个股,一般报告,太平洋证券,"李宏涛,赵晖",2019Q4,,,,51347.89,0.72,,,,,增持,,
300451.SZ,创业慧康,20200329,计算机：福州“云药房”上线，配套设施落地，互联网医疗行业加速发展——互联网＋大健康周报,非个股,一般报告,中泰证券,"闻学臣,何柄谕",2021Q4,,,,65837.877,0.89,,,,,买入,,
002973.SZ,侨银环保,20200329,中央定调增加公共消费，环保是toG的重要方向：环保／电力周报第193期（2020／3／29）,非个股,一般报告,招商证券,"朱纯阳,张晨,宋盈盈",2019Q4,,,,14711.76,0.36,,,,,无,,
300203.SZ,聚光科技,20200329,中央定调增加公共消费，环保是toG的重要方向：环保／电力周报第193期（2020／3／29）,非个股,一般报告,招商证券,"朱纯阳,张晨,宋盈盈",2019Q4,,,,3620.139,0.08,,,,,无,,
300495.SZ,美尚生态,20200329,中央定调增加公共消费，环保是toG的重要方向：环保／电力周报第193期（2020／3／29）,非个股,一般报告,招商证券,"朱纯阳,张晨,宋盈盈",2019Q4,,,,22925.503,0.34,,,,,无,,
300422.SZ,博世科,20200329,中央定调增加公共消费，环保是toG的重要方向：环保／电力周报第193期（2020／3／29）,非个股,一般报告,招商证券,"朱纯阳,张晨,宋盈盈",2019Q4,,,,28466.82,0.8,,,,,无,,
300144.SZ,宋城演艺,20200329,酒店龙头恢复超预期，宋城景区4月将开业——休闲服务行业周报（08.23－08.27）,非个股,一般报告,国泰君安,"刘越男,于清泰",2021Q4,,,,172000.0,1.184,,,,,增持,,
600048.SH,保利地产,20200329,房地产行业例评：内房优等生交卷，政治局会议定调积极,非个股,一般报告,西南证券,胡华如,2020Q4,,,,3293418.345,2.76,,,,,买入,,
002549.SZ,凯美特气,20200329,中央定调增加公共消费，环保是toG的重要方向：环保／电力周报第193期（2020／3／29）,非个股,一般报告,招商证券,"朱纯阳,张晨,宋盈盈",2019Q4,,,,8731.8,0.14,,,,,无,,
300570.SZ,太辰光,20200329,5G资本开支进入快车道，运营商创新业务布局有望驱动估值回升——通信周报2020第1期,非个股,一般报告,长城证券,"吴彤,蔡微未",2021Q4,,,,37489.478,1.63,,,,,无,,
002311.SZ,海大集团,20200329,农林牧渔周报（第13期）：国际农产品涨价，重点关注种植和种子板块,非个股,一般报告,太平洋证券,程晓东,2019Q4,,,,164357.179,1.04,,,,,买入,,
300638.SZ,广和通,20200329,5G资本开支进入快车道，运营商创新业务布局有望驱动估值回升——通信周报2020第1期,非个股,一般报告,长城证券,"吴彤,蔡微未",2021Q4,,,,34764.069,2.59,,,,,无,,
000876.SZ,新希望,20200329,农林牧渔周报（第13期）：国际农产品涨价，重点关注种植和种子板块,非个股,一般报告,太平洋证券,程晓东,2021Q4,,,,1260588.488,2.99,,,,,增持,,
300187.SZ,永清环保,20200329,中央定调增加公共消费，环保是toG的重要方向：环保／电力周报第193期（2020／3／29）,非个股,一般报告,招商证券,"朱纯阳,张晨,宋盈盈",2019Q4,,,,6445.002,0.1,,,,,无,,
300335.SZ,迪森股份,20200329,中央定调增加公共消费，环保是toG的重要方向：环保／电力周报第193期（2020／3／29）,非个股,一般报告,招商证券,"朱纯阳,张晨,宋盈盈",2019Q4,,,,8710.033,0.24,,,,,无,,
300055.SZ,万邦达,20200329,中央定调增加公共消费，环保是toG的重要方向：环保／电力周报第193期（2020／3／29）,非个股,一般报告,招商证券,"朱纯阳,张晨,宋盈盈",2019Q4,,,,7786.663,0.09,,,,,无,,
600068.SH,葛洲坝,20200329,建筑装饰行业深度跟踪：宽松的财政政策环境与2020年基建投资的回暖,非个股,一般报告,广发证券,"邹戈,谢璐,尉凯旋",2019Q4,,,,506525.515,1.1,,,10.52,,买入,,
300122.SZ,智飞生物,20200329,医药行业周报（3.23－3.29）：特色原料药戴维斯双击逻辑，再次被强化！,非个股,一般报告,西南证券,朱国广,2021Q4,,,,337600.0,2.11,,,,,买入,,
300072.SZ,三聚环保,20200329,中央定调增加公共消费，环保是toG的重要方向：环保／电力周报第193期（2020／3／29）,非个股,一般报告,招商证券,"朱纯阳,张晨,宋盈盈",2019Q4,,,,14098.322,0.06,,,,,无,,
002311.SZ,海大集团,20200329,农林牧渔周报（第13期）：国际农产品涨价，重点关注种植和种子板块,非个股,一般报告,太平洋证券,程晓东,2020Q4,,,,232312.552,1.47,,,,,买入,,
000876.SZ,新希望,20200329,农林牧渔周报（第13期）：国际农产品涨价，重点关注种植和种子板块,非个股,一般报告,太平洋证券,程晓东,2020Q4,,,,1226860.368,2.91,,,,,增持,,
002293.SZ,罗莱生活,20200329,纺织服装行业：1至2月纺织品服装出口数据及服装家纺社零数据点评,非个股,一般报告,广发证券,糜韩杰,2020Q4,,,,66448.581,0.8,,,14.37,,买入,,
002032.SZ,苏泊尔,20200329,美的收购合康新能，电热销额增长燃热零售下滑——家电周报2020第12期,非个股,一般报告,长城证券,蔡维,2020Q4,,,,219239.016,2.67,,,,,无,,
300261.SZ,雅本化学,20200329,中央定调增加公共消费，环保是toG的重要方向：环保／电力周报第193期（2020／3／29）,非个股,一般报告,招商证券,"朱纯阳,张晨,宋盈盈",2019Q4,,,,8669.785,0.09,,,,,无,,
002543.SZ,万和电气,20200329,家电：被压制的销售，被撩拨的心绪：景气跟踪·厨电情缘Mar.20,非个股,一般报告,招商证券,隋思誉,2020Q4,,,,60975.2,0.82,,,,,无,,
300156.SZ,神雾环保,20200329,中央定调增加公共消费，环保是toG的重要方向：环保／电力周报第193期（2020／3／29）,非个股,一般报告,招商证券,"朱纯阳,张晨,宋盈盈",2019Q4,,,,-159583.858,-1.58,,,,,无,,
300601.SZ,康泰生物,20200329,医药行业周报（3.23－3.29）：特色原料药戴维斯双击逻辑，再次被强化！,非个股,一般报告,西南证券,朱国广,2020Q4,,,,59360.324,0.92,,,,,买入,,
002139.SZ,拓邦股份,20200329,5G资本开支进入快车道，运营商创新业务布局有望驱动估值回升——通信周报2020第1期,非个股,一般报告,长城证券,"吴彤,蔡微未",2021Q4,,,,43807.491,0.43,,,,,无,,
000333.SZ,美的集团,20200329,家电：被压制的销售，被撩拨的心绪：景气跟踪·厨电情缘Mar.20,非个股,一般报告,招商证券,隋思誉,2020Q4,,,,2662776.932,3.81,,,,,强烈推荐,,
600325.SH,华发股份,20200329,房地产行业例评：内房优等生交卷，政治局会议定调积极,非个股,一般报告,西南证券,胡华如,2020Q4,,,,463671.096,2.19,,,,,买入,,
300308.SZ,中际旭创,20200329,通信：运营商CAPEX如期大幅增长，下一步投资机会在哪里？,非个股,一般报告,太平洋证券,"李宏涛,赵晖",2020Q4,,,,91998.303,1.29,,,,,增持,,
300570.SZ,太辰光,20200329,5G资本开支进入快车道，运营商创新业务布局有望驱动估值回升——通信周报2020第1期,非个股,一般报告,长城证券,"吴彤,蔡微未",2020Q4,,,,28979.597,1.26,,,,,无,,
002777.SZ,久远银海,20200329,计算机：福州“云药房”上线，配套设施落地，互联网医疗行业加速发展——互联网＋大健康周报,非个股,一般报告,中泰证券,"闻学臣,何柄谕",2020Q4,,,,22205.974,0.99,,,,,买入,,
603060.SH,国检集团,20200329,中央定调增加公共消费，环保是toG的重要方向：环保／电力周报第193期（2020／3／29）,非个股,一般报告,招商证券,"朱纯阳,张晨,宋盈盈",2019Q4,,,,24332.0,0.79,,,,,无,,
300145.SZ,中金环境,20200329,中央定调增加公共消费，环保是toG的重要方向：环保／电力周报第193期（2020／3／29）,非个股,一般报告,招商证券,"朱纯阳,张晨,宋盈盈",2019Q4,,,,1923.438,0.01,,,,,无,,
300638.SZ,广和通,20200329,5G资本开支进入快车道，运营商创新业务布局有望驱动估值回升——通信周报2020第1期,非个股,一般报告,长城证券,"吴彤,蔡微未",2020Q4,,,,25905.272,1.93,,,,,无,,
600325.SH,华发股份,20200329,房地产行业例评：内房优等生交卷，政治局会议定调积极,非个股,一般报告,西南证券,胡华如,2021Q4,,,,556828.759,2.63,,,,,买入,,
300078.SZ,思创医惠,20200329,计算机：福州“云药房”上线，配套设施落地，互联网医疗行业加速发展——互联网＋大健康周报,非个股,一般报告,中泰证券,"闻学臣,何柄谕",2019Q4,,,,21735.287,0.25,,,,,买入,,
300172.SZ,中电环保,20200329,中央定调增加公共消费，环保是toG的重要方向：环保／电力周报第193期（2020／3／29）,非个股,一般报告,招商证券,"朱纯阳,张晨,宋盈盈",2019Q4,,,,14614.6,0.28,,,,,无,,
001979.SZ,招商蛇口,20200329,房地产行业例评：内房优等生交卷，政治局会议定调积极,非个股,一般报告,西南证券,胡华如,2021Q4,,,,2438192.088,3.08,,,,,持有,,
002616.SZ,长青集团,20200329,中央定调增加公共消费，环保是toG的重要方向：环保／电力周报第193期（2020／3／29）,非个股,一般报告,招商证券,"朱纯阳,张晨,宋盈盈",2019Q4,,,,29675.326,0.4,,,,,无,,
688021.SH,奥福环保,20200329,中央定调增加公共消费，环保是toG的重要方向：环保／电力周报第193期（2020／3／29）,非个股,一般报告,招商证券,"朱纯阳,张晨,宋盈盈",2019Q4,,,,6569.105,0.85,,,,,无,,
000166.SZ,申万宏源,20200329,证券行业周报（20200323－20200327）：6家券商纳入并表监管范围，头部券商更具优势,非个股,一般报告,山西证券,"刘丽,孙田田,徐风",2020Q4,2907800.0,,,694200.0,0.28,,,,,增持,,
300692.SZ,中环环保,20200329,中央定调增加公共消费，环保是toG的重要方向：环保／电力周报第193期（2020／3／29）,非个股,一般报告,招商证券,"朱纯阳,张晨,宋盈盈",2019Q4,,,,9549.398,0.58,,,,,无,,
300262.SZ,巴安水务,20200329,中央定调增加公共消费，环保是toG的重要方向：环保／电力周报第193期（2020／3／29）,非个股,一般报告,招商证券,"朱纯阳,张晨,宋盈盈",2019Q4,,,,8706.971,0.13,,,,,无,,
300385.SZ,雪浪环境,20200329,中央定调增加公共消费，环保是toG的重要方向：环保／电力周报第193期（2020／3／29）,非个股,一般报告,招商证券,"朱纯阳,张晨,宋盈盈",2019Q4,,,,8536.865,0.41,,,,,无,,
600007.SH,中国国贸,20200329,房地产行业：按揭端利率加速下行，龙头业绩表现亮眼,非个股,一般报告,广发证券,"乐加栋,郭镇,邢莘",2020Q4,,,,104757.384,1.04,,,11.7,,买入,,
002049.SZ,紫光国微,20200329,通信：运营商CAPEX如期大幅增长，下一步投资机会在哪里？,非个股,一般报告,太平洋证券,"李宏涛,赵晖",2020Q4,,,,62502.251,1.03,,,,,增持,,
300266.SZ,兴源环境,20200329,中央定调增加公共消费，环保是toG的重要方向：环保／电力周报第193期（2020／3／29）,非个股,一般报告,招商证券,"朱纯阳,张晨,宋盈盈",2019Q4,,,,4693.293,0.03,,,,,无,,
000885.SZ,城发环境,20200329,中央定调增加公共消费，环保是toG的重要方向：环保／电力周报第193期（2020／3／29）,非个股,一般报告,招商证券,"朱纯阳,张晨,宋盈盈",2019Q4,,,,68500.714,1.38,,,,,无,,
601233.SH,桐昆股份,20200329,化工行业：需求不足，致化工产品价格涨少跌多,非个股,一般报告,广发证券,"郭敏,吴鑫然,何雄",2020Q4,,,,347411.576,1.88,,,15.7,,买入,,
300137.SZ,先河环保,20200329,中央定调增加公共消费，环保是toG的重要方向：环保／电力周报第193期（2020／3／29）,非个股,一般报告,招商证券,"朱纯阳,张晨,宋盈盈",2019Q4,,,,26449.562,0.48,,,,,无,,
600383.SH,金地集团,20200329,房地产行业例评：内房优等生交卷，政治局会议定调积极,非个股,一般报告,西南证券,胡华如,2020Q4,,,,1196364.647,2.65,,,,,买入,,
300253.SZ,卫宁健康,20200329,计算机：福州“云药房”上线，配套设施落地，互联网医疗行业加速发展——互联网＋大健康周报,非个股,一般报告,中泰证券,"闻学臣,何柄谕",2021Q4,,,,85341.555,0.52,,,,,买入,,
002032.SZ,苏泊尔,20200329,美的收购合康新能，电热销额增长燃热零售下滑——家电周报2020第12期,非个股,一般报告,长城证券,蔡维,2021Q4,,,,252083.812,3.07,,,,,无,,
002499.SZ,*ST科林,20200329,中央定调增加公共消费，环保是toG的重要方向：环保／电力周报第193期（2020／3／29）,非个股,一般报告,招商证券,"朱纯阳,张晨,宋盈盈",2019Q4,,,,-12285.0,-0.65,,,,,无,,
600007.SH,中国国贸,20200329,房地产行业：按揭端利率加速下行，龙头业绩表现亮眼,非个股,一般报告,广发证券,"乐加栋,郭镇,邢莘",2019Q4,,,,97706.406,0.97,,,11.8,,买入,,
300332.SZ,天壕环境,20200329,中央定调增加公共消费，环保是toG的重要方向：环保／电力周报第193期（2020／3／29）,非个股,一般报告,招商证券,"朱纯阳,张晨,宋盈盈",2019Q4,,,,4401.004,0.05,,,,,无,,
600021.SH,上海电力,20200329,中央定调增加公共消费，环保是toG的重要方向：环保／电力周报第193期（2020／3／29）,非个股,一般报告,招商证券,"朱纯阳,张晨,宋盈盈",2019Q4,,,,136092.538,0.52,,,,,审慎推荐,,
600325.SH,华发股份,20200329,房地产行业例评：内房优等生交卷，政治局会议定调积极,非个股,一般报告,西南证券,胡华如,2019Q4,,,,330286.26,1.56,,,,,买入,,
002777.SZ,久远银海,20200329,计算机：福州“云药房”上线，配套设施落地，互联网医疗行业加速发展——互联网＋大健康周报,非个股,一般报告,中泰证券,"闻学臣,何柄谕",2021Q4,,,,31178.085,1.39,,,,,买入,,
600048.SH,保利地产,20200329,房地产行业例评：内房优等生交卷，政治局会议定调积极,非个股,一般报告,西南证券,胡华如,2021Q4,,,,3782658.026,3.17,,,,,买入,,
300362.SZ,天翔环境,20200329,中央定调增加公共消费，环保是toG的重要方向：环保／电力周报第193期（2020／3／29）,非个股,一般报告,招商证券,"朱纯阳,张晨,宋盈盈",2019Q4,,,,-175236.675,-4.01,,,,,无,,
688178.SH,万德斯,20200329,中央定调增加公共消费，环保是toG的重要方向：环保／电力周报第193期（2020／3／29）,非个股,一般报告,招商证券,"朱纯阳,张晨,宋盈盈",2019Q4,,,,16404.584,1.93,,,,,无,,
002139.SZ,拓邦股份,20200329,5G资本开支进入快车道，运营商创新业务布局有望驱动估值回升——通信周报2020第1期,非个股,一般报告,长城证券,"吴彤,蔡微未",2020Q4,,,,33619.702,0.33,,,,,无,,
601985.SH,中国核电,20200329,中央定调增加公共消费，环保是toG的重要方向：环保／电力周报第193期（2020／3／29）,非个股,一般报告,招商证券,"朱纯阳,张晨,宋盈盈",2019Q4,,,,482528.849,0.31,,,,,强烈推荐,,
600578.SH,京能电力,20200329,中央定调增加公共消费，环保是toG的重要方向：环保／电力周报第193期（2020／3／29）,非个股,一般报告,招商证券,"朱纯阳,张晨,宋盈盈",2019Q4,,,,155174.893,0.23,,,,,审慎推荐,,
000166.SZ,申万宏源,20200329,证券行业周报（20200323－20200327）：6家券商纳入并表监管范围，头部券商更具优势,非个股,一般报告,山西证券,"刘丽,孙田田,徐风",2022Q4,3579800.0,,,962700.0,0.38,,,,,增持,,
603568.SH,伟明环保,20200329,中央定调增加公共消费，环保是toG的重要方向：环保／电力周报第193期（2020／3／29）,非个股,一般报告,招商证券,"朱纯阳,张晨,宋盈盈",2019Q4,,,,94725.168,0.98,,,,,无,,
300021.SZ,大禹节水,20200329,中央定调增加公共消费，环保是toG的重要方向：环保／电力周报第193期（2020／3／29）,非个股,一般报告,招商证券,"朱纯阳,张晨,宋盈盈",2019Q4,,,,13555.132,0.17,,,,,无,,
000983.SZ,西山煤电,20200329,煤炭开采行业周报：神华提升分红比例，行业高分红优势显著，电厂耗煤也在持续改善,非个股,一般报告,广发证券,"沈涛,安鹏,宋炜",2020Q4,,,,211130.4,0.67,,,8.81,,买入,,
000876.SZ,新希望,20200329,农林牧渔周报（第13期）：国际农产品涨价，重点关注种植和种子板块,非个股,一般报告,太平洋证券,程晓东,2019Q4,,,,505921.801,1.2,,,,,增持,,
002311.SZ,海大集团,20200329,农林牧渔周报（第13期）：国际农产品涨价，重点关注种植和种子板块,非个股,一般报告,太平洋证券,程晓东,2021Q4,,,,289205.421,1.83,,,,,买入,,
002322.SZ,理工环科,20200329,中央定调增加公共消费，环保是toG的重要方向：环保／电力周报第193期（2020／3／29）,非个股,一般报告,招商证券,"朱纯阳,张晨,宋盈盈",2019Q4,,,,32922.963,0.83,,,,,无,,
600292.SH,远达环保,20200329,中央定调增加公共消费，环保是toG的重要方向：环保／电力周报第193期（2020／3／29）,非个股,一般报告,招商证券,"朱纯阳,张晨,宋盈盈",2019Q4,,,,12493.07,0.16,,,,,无,,
300590.SZ,移为通信,20200329,通信：运营商CAPEX如期大幅增长，下一步投资机会在哪里？,非个股,一般报告,太平洋证券,"李宏涛,赵晖",2019Q4,,,,16149.0,1.0,,,,,增持,,
002777.SZ,久远银海,20200329,计算机：福州“云药房”上线，配套设施落地，互联网医疗行业加速发展——互联网＋大健康周报,非个股,一般报告,中泰证券,"闻学臣,何柄谕",2019Q4,,,,15701.194,0.7,,,,,买入,,
600383.SH,金地集团,20200329,房地产行业例评：内房优等生交卷，政治局会议定调积极,非个股,一般报告,西南证券,胡华如,2021Q4,,,,1376947.989,3.05,,,,,买入,,
600388.SH,龙净环保,20200329,中央定调增加公共消费，环保是toG的重要方向：环保／电力周报第193期（2020／3／29）,非个股,一般报告,招商证券,"朱纯阳,张晨,宋盈盈",2019Q4,,,,87662.1,0.82,,,,,无,,
601233.SH,桐昆股份,20200329,化工行业：需求不足，致化工产品价格涨少跌多,非个股,一般报告,广发证券,"郭敏,吴鑫然,何雄",2021Q4,,,,376978.518,2.04,,,14.7,,买入,,
600068.SH,葛洲坝,20200329,建筑装饰行业深度跟踪：宽松的财政政策环境与2020年基建投资的回暖,非个股,一般报告,广发证券,"邹戈,谢璐,尉凯旋",2020Q4,,,,557178.067,1.21,,,10.38,,买入,,
300253.SZ,卫宁健康,20200329,计算机：福州“云药房”上线，配套设施落地，互联网医疗行业加速发展——互联网＋大健康周报,非个股,一般报告,中泰证券,"闻学臣,何柄谕",2020Q4,,,,64006.166,0.39,,,,,买入,,
002293.SZ,罗莱生活,20200329,纺织服装行业：1至2月纺织品服装出口数据及服装家纺社零数据点评,非个股,一般报告,广发证券,糜韩杰,2019Q4,,,,59803.723,0.72,,,13.58,,买入,,
001979.SZ,招商蛇口,20200329,房地产行业例评：内房优等生交卷，政治局会议定调积极,非个股,一般报告,西南证券,胡华如,2020Q4,,,,2216538.262,2.8,,,,,持有,,
600258.SH,首旅酒店,20200329,酒店龙头恢复超预期，宋城景区4月将开业——休闲服务行业周报（08.23－08.27）,非个股,一般报告,国泰君安,"刘越男,于清泰",2021Q4,,,,99400.0,1.006,,,,,增持,,
600258.SH,首旅酒店,20200329,酒店龙头恢复超预期，宋城景区4月将开业——休闲服务行业周报（08.23－08.27）,非个股,一般报告,国泰君安,"刘越男,于清泰",2020Q4,,,,86000.0,0.871,,,,,增持,,
300090.SZ,盛运环保,20200329,中央定调增加公共消费，环保是toG的重要方向：环保／电力周报第193期（2020／3／29）,非个股,一般报告,招商证券,"朱纯阳,张晨,宋盈盈",2019Q4,,,,-91076.752,-0.69,,,,,无,,
300197.SZ,铁汉生态,20200329,中央定调增加公共消费，环保是toG的重要方向：环保／电力周报第193期（2020／3／29）,非个股,一般报告,招商证券,"朱纯阳,张晨,宋盈盈",2019Q4,,,,-89160.529,-0.38,,,,,无,,
688101.SH,三达膜,20200329,中央定调增加公共消费，环保是toG的重要方向：环保／电力周报第193期（2020／3／29）,非个股,一般报告,招商证券,"朱纯阳,张晨,宋盈盈",2019Q4,,,,35725.16,1.07,,,,,无,,
002049.SZ,紫光国微,20200329,通信：运营商CAPEX如期大幅增长，下一步投资机会在哪里？,非个股,一般报告,太平洋证券,"李宏涛,赵晖",2019Q4,,,,40656.804,0.67,,,,,增持,,
300537.SZ,广信材料,20200329,化工行业：需求不足，致化工产品价格涨少跌多,非个股,一般报告,广发证券,"郭敏,吴鑫然,何雄",2021Q4,,,,18723.676,0.97,,,11.0,,买入,,
600383.SH,金地集团,20200329,房地产行业例评：内房优等生交卷，政治局会议定调积极,非个股,一般报告,西南证券,胡华如,2019Q4,,,,961606.301,2.13,,,,,买入,,
300601.SZ,康泰生物,20200329,医药行业周报（3.23－3.29）：特色原料药戴维斯双击逻辑，再次被强化！,非个股,一般报告,西南证券,朱国广,2021Q4,,,,79362.172,1.23,,,,,买入,,
300152.SZ,科融环境,20200329,中央定调增加公共消费，环保是toG的重要方向：环保／电力周报第193期（2020／3／29）,非个股,一般报告,招商证券,"朱纯阳,张晨,宋盈盈",2019Q4,,,,3564.0,0.05,,,,,无,,
300122.SZ,智飞生物,20200329,医药行业周报（3.23－3.29）：特色原料药戴维斯双击逻辑，再次被强化！,非个股,一般报告,西南证券,朱国广,2020Q4,,,,236800.0,1.48,,,,,买入,,
600048.SH,保利地产,20200329,房地产行业例评：内房优等生交卷，政治局会议定调积极,非个股,一般报告,西南证券,胡华如,2019Q4,,,,2660986.561,2.23,,,,,买入,,
000333.SZ,美的集团,20200329,家电：被压制的销售，被撩拨的心绪：景气跟踪·厨电情缘Mar.20,非个股,一般报告,招商证券,隋思誉,2019Q4,,,,2376231.383,3.4,,,,,强烈推荐,,
300144.SZ,宋城演艺,20200329,酒店龙头恢复超预期，宋城景区4月将开业——休闲服务行业周报（08.23－08.27）,非个股,一般报告,国泰君安,"刘越男,于清泰",2020Q4,,,,141000.0,0.971,,,,,增持,,
300590.SZ,移为通信,20200329,通信：运营商CAPEX如期大幅增长，下一步投资机会在哪里？,非个股,一般报告,太平洋证券,"李宏涛,赵晖",2020Q4,,,,23254.56,1.44,,,,,增持,,
300425.SZ,中建环能,20200329,中央定调增加公共消费，环保是toG的重要方向：环保／电力周报第193期（2020／3／29）,非个股,一般报告,招商证券,"朱纯阳,张晨,宋盈盈",2019Q4,,,,16220.581,0.24,,,,,无,,
601139.SH,深圳燃气,20200329,中央定调增加公共消费，环保是toG的重要方向：环保／电力周报第193期（2020／3／29）,非个股,一般报告,招商证券,"朱纯阳,张晨,宋盈盈",2019Q4,,,,106440.399,0.37,,,,,无,,
603588.SH,高能环境,20200329,中央定调增加公共消费，环保是toG的重要方向：环保／电力周报第193期（2020／3／29）,非个股,一般报告,招商证券,"朱纯阳,张晨,宋盈盈",2019Q4,,,,42484.746,0.63,,,,,无,,
300334.SZ,津膜科技,20200329,中央定调增加公共消费，环保是toG的重要方向：环保／电力周报第193期（2020／3／29）,非个股,一般报告,招商证券,"朱纯阳,张晨,宋盈盈",2019Q4,,,,-73401.882,-2.43,,,,,无,,
600466.SH,蓝光发展,20200329,房地产行业例评：内房优等生交卷，政治局会议定调积极,非个股,一般报告,西南证券,胡华如,2019Q4,,,,349451.86,1.16,,,,,买入,,
000166.SZ,申万宏源,20200329,证券行业周报（20200323－20200327）：6家券商纳入并表监管范围，头部券商更具优势,非个股,一般报告,山西证券,"刘丽,孙田田,徐风",2021Q4,3272600.0,,,823400.0,0.33,,,,,增持,,
603799.SH,华友钴业,20200329,有色金属行业：金属价格上行，疫情影响初现,非个股,一般报告,广发证券,"巨国贤,宫帅,黄礼恒",2020Q4,,,,107939.819,0.97,,,9.5,,买入,,
300537.SZ,广信材料,20200329,化工行业：需求不足，致化工产品价格涨少跌多,非个股,一般报告,广发证券,"郭敏,吴鑫然,何雄",2020Q4,,,,14670.096,0.76,,,9.6,,买入,,
300012.SZ,华测检测,20200329,中央定调增加公共消费，环保是toG的重要方向：环保／电力周报第193期（2020／3／29）,非个股,一般报告,招商证券,"朱纯阳,张晨,宋盈盈",2019Q4,,,,48068.391,0.29,,,,,无,,
002672.SZ,东江环保,20200329,中央定调增加公共消费，环保是toG的重要方向：环保／电力周报第193期（2020／3／29）,非个股,一般报告,招商证券,"朱纯阳,张晨,宋盈盈",2019Q4,,,,42204.821,0.48,,,,,无,,
002422.SZ,科伦药业,20200329,医药生物：医药消费——精准抄底还是从“长”计议,非个股,一般报告,国盛证券,"张金洋,杨春雨",2019Q4,,,,93500.0,0.649,,,,,无,,
002340.SZ,格林美,20200329,中央定调增加公共消费，环保是toG的重要方向：环保／电力周报第193期（2020／3／29）,非个股,一般报告,招商证券,"朱纯阳,张晨,宋盈盈",2019Q4,,,,74693.41,0.18,,,,,无,,
603053.SH,成都燃气,20200329,中央定调增加公共消费，环保是toG的重要方向：环保／电力周报第193期（2020／3／29）,非个股,一般报告,招商证券,"朱纯阳,张晨,宋盈盈",2019Q4,,,,49777.84,0.56,,,,,无,,
600236.SH,桂冠电力,20200329,中央定调增加公共消费，环保是toG的重要方向：环保／电力周报第193期（2020／3／29）,非个股,一般报告,招商证券,"朱纯阳,张晨,宋盈盈",2019Q4,,,,244353.712,0.31,,,,,审慎推荐,,
603799.SH,华友钴业,20200329,有色金属行业：金属价格上行，疫情影响初现,非个股,一般报告,广发证券,"巨国贤,宫帅,黄礼恒",2021Q4,,,,164691.683,1.48,,,12.6,,买入,,
300056.SZ,中创环保,20200329,中央定调增加公共消费，环保是toG的重要方向：环保／电力周报第193期（2020／3／29）,非个股,一般报告,招商证券,"朱纯阳,张晨,宋盈盈",2019Q4,,,,770.981,0.02,,,,,无,,
002630.SZ,华西能源,20200329,中央定调增加公共消费，环保是toG的重要方向：环保／电力周报第193期（2020／3／29）,非个股,一般报告,招商证券,"朱纯阳,张晨,宋盈盈",2019Q4,,,,3542.4,0.03,,,,,无,,
300451.SZ,创业慧康,20200329,计算机：福州“云药房”上线，配套设施落地，互联网医疗行业加速发展——互联网＋大健康周报,非个股,一般报告,中泰证券,"闻学臣,何柄谕",2020Q4,,,,48823.594,0.66,,,,,买入,,
300664.SZ,鹏鹞环保,20200329,中央定调增加公共消费，环保是toG的重要方向：环保／电力周报第193期（2020／3／29）,非个股,一般报告,招商证券,"朱纯阳,张晨,宋盈盈",2019Q4,,,,29453.7,0.6,,,,,无,,
300388.SZ,国祯环保,20200329,中央定调增加公共消费，环保是toG的重要方向：环保／电力周报第193期（2020／3／29）,非个股,一般报告,招商证券,"朱纯阳,张晨,宋盈盈",2019Q4,,,,36882.285,0.55,,,,,无,,
002543.SZ,万和电气,20200329,家电：被压制的销售，被撩拨的心绪：景气跟踪·厨电情缘Mar.20,非个股,一般报告,招商证券,隋思誉,2019Q4,,,,49821.2,0.67,,,,,无,,
600323.SH,瀚蓝环境,20200329,中央定调增加公共消费，环保是toG的重要方向：环保／电力周报第193期（2020／3／29）,非个股,一般报告,招商证券,"朱纯阳,张晨,宋盈盈",2019Q4,,,,89652.89,1.17,,,,,无,,
002677.SZ,浙江美大,20200329,家电：被压制的销售，被撩拨的心绪：景气跟踪·厨电情缘Mar.20,非个股,一般报告,招商证券,隋思誉,2020Q4,,,,55560.442,0.86,,,,,强烈推荐,,
300078.SZ,思创医惠,20200329,计算机：福州“云药房”上线，配套设施落地，互联网医疗行业加速发展——互联网＋大健康周报,非个股,一般报告,中泰证券,"闻学臣,何柄谕",2021Q4,,,,44339.985,0.51,,,,,买入,,
600958.SH,东方证券,20200329,东方证券：自营释放业绩弹性、资管品牌持续打造,点评,首次关注,华金证券,"崔晓雁,范清林",2022Q4,2081800.0,,532700.0,410500.0,0.59,15.78,,6.9,,买入,,
600958.SH,东方证券,20200329,东方证券：自营释放业绩弹性、资管品牌持续打造,点评,首次关注,华金证券,"崔晓雁,范清林",2021Q4,1905500.0,,462600.0,356000.0,0.51,18.19,,6.25,,买入,,
600958.SH,东方证券,20200329,东方证券：自营释放业绩弹性、资管品牌持续打造,点评,首次关注,华金证券,"崔晓雁,范清林",2020Q4,1877700.0,,362200.0,277900.0,0.4,23.3,,5.07,,买入,,
600754.SH,锦江酒店,20200329,锦江酒店公司更新：整合后初现费用优化，政府采购刚需或超预期,一般,一般报告,国泰君安,"刘越男,于清泰",2022Q4,1589500.0,,,130600.0,1.36,18.44,0.0,8.0,10.78,增持,,31.25
600754.SH,锦江酒店,20200329,锦江酒店公司更新：整合后初现费用优化，政府采购刚需或超预期,一般,一般报告,国泰君安,"刘越男,于清泰",2021Q4,1509400.0,,,111800.0,1.17,21.52,0.0,7.5,10.78,增持,,31.25
600754.SH,锦江酒店,20200329,锦江酒店公司更新：整合后初现费用优化，政府采购刚需或超预期,一般,一般报告,国泰君安,"刘越男,于清泰",2020Q4,1131800.0,,,65200.0,0.68,36.92,0.0,4.7,10.78,增持,,31.25
600754.SH,锦江酒店,20200329,锦江酒店公司更新：整合后初现费用优化，政府采购刚需或超预期,一般,一般报告,国泰君安,"刘越男,于清泰",2020Q2,,,,,0.14,,,,,增持,,31.25
600754.SH,锦江酒店,20200329,锦江酒店公司更新：整合后初现费用优化，政府采购刚需或超预期,一般,一般报告,国泰君安,"刘越男,于清泰",2020Q1,,,,,-0.1,,,,,增持,,31.25
000728.SZ,国元证券,20200329,国元证券：自营提振业绩、“投资＋投行”竞争力渐显,点评,首次关注,华金证券,"崔晓雁,范清林",2022Q4,436500.0,,210500.0,164100.0,0.49,17.35,,6.32,,买入,,
000728.SZ,国元证券,20200329,国元证券：自营提振业绩、“投资＋投行”竞争力渐显,点评,首次关注,华金证券,"崔晓雁,范清林",2021Q4,403400.0,,190700.0,148700.0,0.44,19.15,,5.83,,买入,,
600754.SH,锦江酒店,20200329,锦江酒店公司更新：整合后初现费用优化，政府采购刚需或超预期,一般,一般报告,国泰君安,"刘越男,于清泰",2020Q3,,,,,0.45,,,,,增持,,31.25
000728.SZ,国元证券,20200329,国元证券：自营提振业绩、“投资＋投行”竞争力渐显,点评,首次关注,华金证券,"崔晓雁,范清林",2020Q4,353000.0,,160400.0,125100.0,0.37,22.77,,4.99,,买入,,
000728.SZ,国元证券,20200329,国元证券：自营提振业绩、“投资＋投行”竞争力渐显,点评,首次关注,华金证券,"崔晓雁,范清林",2019Q4,319900.0,,115100.0,91400.0,0.27,31.14,,3.66,,买入,,
002365.SZ,永安药业,20200329,永安药业：牛磺酸拐点在即，保健品业务值得期待,深度,首次关注,东吴证券,"柴沁虎,陈元君",2021Q4,231000.0,,57700.0,40200.0,1.37,8.17,,19.7,4.56,买入,,
002365.SZ,永安药业,20200329,永安药业：牛磺酸拐点在即，保健品业务值得期待,深度,首次关注,东吴证券,"柴沁虎,陈元君",2020Q4,204300.0,,40600.0,30000.0,1.02,10.95,,17.6,6.89,买入,,
002365.SZ,永安药业,20200329,永安药业：牛磺酸拐点在即，保健品业务值得期待,深度,首次关注,东吴证券,"柴沁虎,陈元君",2019Q4,137000.0,,11400.0,8800.0,0.3,37.17,,6.1,16.67,买入,,
000703.SZ,恒逸石化,20200329,恒逸石化：业绩表现优异，炼化聚酯打造长期机遇,点评,一般报告,申港证券,"曹旭特,刘少卿",2021Q4,10231440.0,,701200.0,502413.0,1.77,6.6,,20.0,5.19,买入,,
000703.SZ,恒逸石化,20200329,恒逸石化：业绩表现优异，炼化聚酯打造长期机遇,点评,一般报告,申港证券,"曹旭特,刘少卿",2020Q4,9700386.0,,594600.0,413518.0,1.46,8.02,,18.6,6.06,买入,,
000703.SZ,恒逸石化,20200329,恒逸石化：业绩表现优异，炼化聚酯打造长期机遇,点评,一般报告,申港证券,"曹旭特,刘少卿",2019Q4,8002663.0,,459000.0,320377.0,1.13,10.35,,16.1,9.99,买入,,
002465.SZ,海格通信,20200329,海格通信：四驾马车发力，北斗＋无线通信带来大弹性,点评,首份报告,太平洋证券,"李宏涛,赵晖",2022Q4,741856.0,,129871.0,114003.0,0.49,22.63,,10.0,12.55,增持,,17.18
600999.SH,招商证券,20200329,招商证券：自营贡献最大业绩弹性、PB业务优势持续巩固,点评,首次关注,华金证券,"崔晓雁,范清林",2022Q4,2328300.0,,1176700.0,914200.0,1.36,12.36,,9.0,,买入,,
600999.SH,招商证券,20200329,招商证券：自营贡献最大业绩弹性、PB业务优势持续巩固,点评,首次关注,华金证券,"崔晓雁,范清林",2021Q4,2132200.0,,1076700.0,836400.0,1.25,13.5,,8.72,,买入,,
600999.SH,招商证券,20200329,招商证券：自营贡献最大业绩弹性、PB业务优势持续巩固,点评,首次关注,华金证券,"崔晓雁,范清林",2020Q4,1987900.0,,977700.0,759400.0,1.13,14.87,,8.52,,买入,,
600588.SH,用友网络,20200329,用友网络19年年报点评：龙头地位稳固，云转型进入深水区,一般,一般报告,世纪证券,"陈建生,罗云扬",2022Q4,1345000.0,,229208.0,157988.0,0.631,66.6,,15.31,,增持,,
600588.SH,用友网络,20200329,用友网络19年年报点评：龙头地位稳固，云转型进入深水区,一般,一般报告,世纪证券,"陈建生,罗云扬",2020Q4,989100.0,,136203.0,94183.0,0.376,111.7,,11.83,,增持,,
300759.SZ,康龙化成,20200329,康龙化成：黄金赛道龙头企业，业绩符合预期,点评,首次关注,华金证券,周新明,2022Q4,816400.0,,179700.0,151600.0,1.91,30.3,,13.3,18.4,增持,,
300759.SZ,康龙化成,20200329,康龙化成：黄金赛道龙头企业，业绩符合预期,点评,首次关注,华金证券,周新明,2021Q4,640500.0,,143400.0,120300.0,1.51,38.2,,12.1,23.8,增持,,
300759.SZ,康龙化成,20200329,康龙化成：黄金赛道龙头企业，业绩符合预期,点评,首次关注,华金证券,周新明,2020Q4,497100.0,,102500.0,86200.0,1.09,53.3,,9.8,34.0,增持,,
300759.SZ,康龙化成,20200329,康龙化成：黄金赛道龙头企业，业绩符合预期,点评,首次关注,华金证券,周新明,2019Q4,375700.0,,63300.0,54700.0,0.69,84.0,,6.8,49.0,增持,,
002465.SZ,海格通信,20200329,海格通信：四驾马车发力，北斗＋无线通信带来大弹性,点评,首份报告,太平洋证券,"李宏涛,赵晖",2021Q4,631514.0,,107124.0,93822.0,0.41,27.5,,9.17,15.42,增持,,17.18
002465.SZ,海格通信,20200329,海格通信：四驾马车发力，北斗＋无线通信带来大弹性,点评,首份报告,太平洋证券,"李宏涛,赵晖",2020Q4,534348.0,,83869.0,73093.0,0.32,35.29,,7.9,19.45,增持,,17.18
600588.SH,用友网络,20200329,用友网络19年年报点评：龙头地位稳固，云转型进入深水区,一般,一般报告,世纪证券,"陈建生,罗云扬",2021Q4,1148500.0,,179381.0,123704.0,0.494,85.0,,13.75,,增持,,
603179.SH,新泉股份,20200329,新泉股份：年报点评：率先复苏的自主核心零部件供应商,点评,一般报告,太平洋证券,"白宇,刘文婷",2022Q4,424100.0,,44100.0,39900.0,1.76,11.36,,14.81,11.09,买入,,
603179.SH,新泉股份,20200329,新泉股份：年报点评：率先复苏的自主核心零部件供应商,点评,一般报告,太平洋证券,"白宇,刘文婷",2021Q4,378500.0,,38800.0,34700.0,1.53,13.05,,15.13,12.55,买入,,
603179.SH,新泉股份,20200329,新泉股份：年报点评：率先复苏的自主核心零部件供应商,点评,一般报告,太平洋证券,"白宇,刘文婷",2020Q4,303600.0,,27800.0,24500.0,1.08,18.48,,12.59,14.88,买入,,
601328.SH,交通银行,20200329,交通银行：息差继续提升，不良确认趋严,一般,首份报告,广发证券,"倪军,屈俊,王先爽",2022Q4,26934000.0,,10029200.0,8761000.0,1.18,,6.99,10.09,,买入,,8.08
601328.SH,交通银行,20200329,交通银行：息差继续提升，不良确认趋严,一般,首份报告,广发证券,"倪军,屈俊,王先爽",2021Q4,25846700.0,,9562900.0,8384000.0,1.129,,6.66,10.41,,买入,,8.08
601328.SH,交通银行,20200329,交通银行：息差继续提升，不良确认趋严,一般,首份报告,广发证券,"倪军,屈俊,王先爽",2020Q4,24160800.0,,9122900.0,8021700.0,1.08,,6.36,10.75,,买入,,8.08
601966.SH,玲珑轮胎,20200329,玲珑轮胎公司动态点评：风生水起逐浪高，“6＋6”战略显雄心,点评,一般报告,长城证券,"孙志东,张玉龙",2021Q4,2135300.0,,241669.0,230800.0,1.92,10.31,,15.3,7.36,强烈推荐,,
601966.SH,玲珑轮胎,20200329,玲珑轮胎公司动态点评：风生水起逐浪高，“6＋6”战略显雄心,点评,一般报告,长城证券,"孙志东,张玉龙",2020Q4,1893400.0,,202222.0,193100.0,1.61,12.33,,14.8,8.89,强烈推荐,,
601966.SH,玲珑轮胎,20200329,玲珑轮胎公司动态点评：风生水起逐浪高，“6＋6”战略显雄心,点评,一般报告,长城证券,"孙志东,张玉龙",2019Q4,1687900.0,,174080.0,166200.0,1.39,14.32,,14.7,10.18,强烈推荐,,
000063.SZ,中兴通讯,20200329,中兴通讯：5G龙头建设全面加速，核心龙头蓄势待发,点评,一般报告,太平洋证券,"李宏涛,赵晖",2022Q4,14909536.0,,1156336.0,931756.0,2.02,21.48,,16.99,12.19,增持,,65.0
000063.SZ,中兴通讯,20200329,中兴通讯：5G龙头建设全面加速，核心龙头蓄势待发,点评,一般报告,太平洋证券,"李宏涛,赵晖",2021Q4,12360408.0,,896741.0,724455.0,1.57,27.62,,16.02,14.59,增持,,65.0
601966.SH,玲珑轮胎,20200329,玲珑轮胎：“6＋6”战略升级，打造世界玲珑，进入行业前五,点评,一般报告,太平洋证券,柳强,2020Q4,1857500.0,,184900.0,177400.0,1.48,13.4,,13.2,10.9,买入,,25.16
601966.SH,玲珑轮胎,20200329,玲珑轮胎：“6＋6”战略升级，打造世界玲珑，进入行业前五,点评,一般报告,太平洋证券,柳强,2019Q4,1704900.0,,171600.0,164600.0,1.37,14.4,,14.1,11.1,买入,,25.16
000063.SZ,中兴通讯,20200329,中兴通讯：5G龙头建设全面加速，核心龙头蓄势待发,点评,一般报告,太平洋证券,"李宏涛,赵晖",2020Q4,10346812.0,,748179.0,602501.0,1.31,33.21,,15.91,19.37,增持,,65.0
601966.SH,玲珑轮胎,20200329,玲珑轮胎：“6＋6”战略升级，打造世界玲珑，进入行业前五,点评,一般报告,太平洋证券,柳强,2021Q4,2023800.0,,201200.0,193100.0,1.61,12.3,,12.6,10.6,买入,,25.16
002607.SZ,中公教育,20200329,中公教育：我们到底在看好公司的什么？,一般,一般报告,国信证券,"曾光,钟潇,姜甜",2024Q4,3110000.0,,,660000.0,1.07,,,,,买入,,
002607.SZ,中公教育,20200329,中公教育：我们到底在看好公司的什么？,一般,一般报告,国信证券,"曾光,钟潇,姜甜",2023Q4,2570000.0,,,530000.0,0.87,,,,,买入,,
002607.SZ,中公教育,20200329,中公教育：我们到底在看好公司的什么？,一般,一般报告,国信证券,"曾光,钟潇,姜甜",2022Q4,2080000.0,,501200.0,430000.0,0.69,33.7,1.5,59.0,30.3,买入,,
002607.SZ,中公教育,20200329,中公教育：我们到底在看好公司的什么？,一般,一般报告,国信证券,"曾光,钟潇,姜甜",2021Q4,1640000.0,,391900.0,330000.0,0.54,43.1,1.5,65.0,38.4,买入,,
000039.SZ,中集集团,20200329,中集集团2019年业绩点评：2020年经营压力加大，预计2021年起有望稳健增长,点评,一般报告,国泰君安,"黄琨,李阳东",2021Q4,8997200.0,,,166400.0,0.46,16.64,1.3,3.9,14.06,谨慎增持,,8.36
000039.SZ,中集集团,20200329,中集集团2019年业绩点评：2020年经营压力加大，预计2021年起有望稳健增长,点评,一般报告,国泰君安,"黄琨,李阳东",2020Q4,8635100.0,,,137000.0,0.38,20.2,1.3,3.4,14.64,谨慎增持,,8.36
000039.SZ,中集集团,20200329,中集集团2019年业绩点评：2020年经营压力加大，预计2021年起有望稳健增长,点评,一般报告,国泰君安,"黄琨,李阳东",2020Q2,,,,,0.14,,,,,谨慎增持,,8.36
000039.SZ,中集集团,20200329,中集集团2019年业绩点评：2020年经营压力加大，预计2021年起有望稳健增长,点评,一般报告,国泰君安,"黄琨,李阳东",2020Q1,,,,,0.08,,,,,谨慎增持,,8.36
002607.SZ,中公教育,20200329,中公教育：我们到底在看好公司的什么？,一般,一般报告,国信证券,"曾光,钟潇,姜甜",2025Q4,3710000.0,,,790000.0,1.29,,,,,买入,,
002607.SZ,中公教育,20200329,中公教育：我们到底在看好公司的什么？,一般,一般报告,国信证券,"曾光,钟潇,姜甜",2020Q4,1270000.0,,300100.0,260000.0,0.41,56.3,1.4,65.0,50.2,买入,,
000039.SZ,中集集团,20200329,中集集团2019年业绩点评：2020年经营压力加大，预计2021年起有望稳健增长,点评,一般报告,国泰君安,"黄琨,李阳东",2022Q4,9302900.0,,,180300.0,0.5,15.35,1.3,4.1,13.15,谨慎增持,,8.36
000039.SZ,中集集团,20200329,中集集团2019年业绩点评：2020年经营压力加大，预计2021年起有望稳健增长,点评,一般报告,国泰君安,"黄琨,李阳东",2020Q3,,,,,0.22,,,,,谨慎增持,,8.36
600600.SH,青岛啤酒,20200329,青岛啤酒：产品结构继续升级，股权激励彰显信心,点评,首份报告,华金证券,"陈振志,王颖洁",2022Q4,3147900.0,,366100.0,240000.0,1.78,25.0,,10.3,10.1,买入,,
600600.SH,青岛啤酒,20200329,青岛啤酒：产品结构继续升级，股权激励彰显信心,点评,首份报告,华金证券,"陈振志,王颖洁",2021Q4,2985400.0,,319300.0,210200.0,1.56,28.6,,9.7,11.8,买入,,
600600.SH,青岛啤酒,20200329,青岛啤酒：产品结构继续升级，股权激励彰显信心,点评,首份报告,华金证券,"陈振志,王颖洁",2020Q4,2826000.0,,290700.0,187200.0,1.39,32.1,,9.2,13.2,买入,,
600600.SH,青岛啤酒,20200329,青岛啤酒：产品结构继续升级，股权激励彰显信心,点评,首份报告,华金证券,"陈振志,王颖洁",2019Q4,2798400.0,,272700.0,185200.0,1.37,32.4,,9.7,14.2,买入,,
300759.SZ,康龙化成,20200329,康龙化成：Q1实现超高速增长，受益于“收入＋毛利率”双升逻辑,点评,一般报告,华西证券,"崔文亮,徐顺利",2021Q4,626000.0,,134500.0,110500.0,1.39,41.57,,11.4,,增持,,
300759.SZ,康龙化成,20200329,康龙化成：Q1实现超高速增长，受益于“收入＋毛利率”双升逻辑,点评,一般报告,华西证券,"崔文亮,徐顺利",2020Q4,481100.0,,98800.0,81200.0,1.02,56.57,,9.4,,增持,,
300759.SZ,康龙化成,20200329,康龙化成：Q1实现超高速增长，受益于“收入＋毛利率”双升逻辑,点评,一般报告,华西证券,"崔文亮,徐顺利",2022Q4,797700.0,,183000.0,150700.0,1.9,30.48,,13.4,,增持,,
300759.SZ,康龙化成,20200329,康龙化成：Q1实现超高速增长，受益于“收入＋毛利率”双升逻辑,点评,一般报告,华西证券,"崔文亮,徐顺利",2019Q4,375700.0,,63300.0,54700.0,0.69,83.95,,7.0,,增持,,
600754.SH,锦江酒店,20200329,锦江酒店2019年年报点评：业绩符合预期，龙头有望化危为机加速成长,一般,一般报告,国信证券,"曾光,钟潇,姜甜,张鲁",2022Q4,1714500.0,,228700.0,148200.0,1.55,16.2,3.7,10.2,14.1,买入,,
600754.SH,锦江酒店,20200329,锦江酒店2019年年报点评：业绩符合预期，龙头有望化危为机加速成长,一般,一般报告,国信证券,"曾光,钟潇,姜甜,张鲁",2021Q4,1622900.0,,194700.0,126600.0,1.32,19.0,3.2,9.1,15.8,买入,,
600754.SH,锦江酒店,20200329,锦江酒店2019年年报点评：业绩符合预期，龙头有望化危为机加速成长,一般,一般报告,国信证券,"曾光,钟潇,姜甜,张鲁",2020Q4,1260600.0,,64000.0,39600.0,0.41,60.8,1.0,3.0,28.7,买入,,
000776.SZ,广发证券,20200329,广发证券：自营收入激增10倍、业务大幅改善,点评,一般报告,华金证券,"崔晓雁,范清林",2022Q4,2867000.0,,1449200.0,1064200.0,1.4,9.89,,9.94,,买入,,
000776.SZ,广发证券,20200329,广发证券：自营收入激增10倍、业务大幅改善,点评,一般报告,华金证券,"崔晓雁,范清林",2021Q4,2641500.0,,1313900.0,961900.0,1.26,10.94,,9.61,,买入,,
601988.SH,中国银行,20200329,中国银行2019年报点评：盈利增速平稳，不良认定收紧,点评,首份报告,国泰君安,"袁梓芳,郭昶皓",2021Q4,60504500.0,,26340100.0,20331900.0,0.691,5.27,6.87,10.69,,增持,,4.79
601988.SH,中国银行,20200329,中国银行2019年报点评：盈利增速平稳，不良认定收紧,点评,首份报告,国泰君安,"袁梓芳,郭昶皓",2020Q4,56553400.0,,25237800.0,19481000.0,0.662,5.51,6.58,10.97,,增持,,4.79
601988.SH,中国银行,20200329,中国银行2019年报点评：盈利增速平稳，不良认定收紧,点评,首份报告,国泰君安,"袁梓芳,郭昶皓",2020Q3,,,,,0.5,,,,,增持,,4.79
601988.SH,中国银行,20200329,中国银行2019年报点评：盈利增速平稳，不良认定收紧,点评,首份报告,国泰君安,"袁梓芳,郭昶皓",2020Q2,,,,,0.33,,,,,增持,,4.79
000776.SZ,广发证券,20200329,广发证券：自营收入激增10倍、业务大幅改善,点评,一般报告,华金证券,"崔晓雁,范清林",2020Q4,2315300.0,,1118200.0,812200.0,1.07,12.96,,8.64,,买入,,
601988.SH,中国银行,20200329,中国银行2019年报点评：盈利增速平稳，不良认定收紧,点评,首份报告,国泰君安,"袁梓芳,郭昶皓",2022Q4,64054000.0,,27588200.0,21295300.0,0.723,5.03,7.19,10.46,,增持,,4.79
601988.SH,中国银行,20200329,中国银行2019年报点评：盈利增速平稳，不良认定收紧,点评,首份报告,国泰君安,"袁梓芳,郭昶皓",2020Q1,,,,,0.17,,,,,增持,,4.79
000776.SZ,广发证券,20200329,广发证券2019年业绩点评：自营贡献业绩弹性，期待2020年业绩表现,点评,一般报告,长城证券,"刘文强,张永",2022Q4,3282439.0,,,1055961.0,1.39,9.97,,11.72,,推荐,,
000776.SZ,广发证券,20200329,广发证券2019年业绩点评：自营贡献业绩弹性，期待2020年业绩表现,点评,一般报告,长城证券,"刘文强,张永",2021Q4,2918999.0,,,960741.0,1.26,10.95,,10.73,,推荐,,
000776.SZ,广发证券,20200329,广发证券2019年业绩点评：自营贡献业绩弹性，期待2020年业绩表现,点评,一般报告,长城证券,"刘文强,张永",2020Q4,2576735.0,,,870527.0,1.14,12.09,,9.73,,推荐,,
600201.SH,生物股份,20200329,生物股份：低点已过，静待黎明,点评,一般报告,西南证券,徐卿,2021Q4,173780.0,,77952.0,67622.0,0.6,34.56,0.0,11.24,23.48,持有,,
600201.SH,生物股份,20200329,生物股份：低点已过，静待黎明,点评,一般报告,西南证券,徐卿,2020Q4,139860.0,,58343.0,50441.0,0.45,46.33,0.0,9.44,32.18,持有,,
600201.SH,生物股份,20200329,生物股份：低点已过，静待黎明,点评,一般报告,西南证券,徐卿,2019Q4,112680.0,,25350.0,22104.0,0.2,105.72,0.0,4.66,56.59,持有,,
300751.SZ,迈为股份,20200329,迈为股份：业绩符合预期，一代技术一代设备，孕育大机遇,点评,一般报告,中银国际,"陈祥,杨绍辉,沈成",2022Q4,378300.0,,76100.0,63700.0,12.242,12.6,2.4,29.1,9.2,买入,,
300751.SZ,迈为股份,20200329,迈为股份：业绩符合预期，一代技术一代设备，孕育大机遇,点评,一般报告,中银国际,"陈祥,杨绍辉,沈成",2020Q4,244900.0,,46800.0,39300.0,7.55,20.4,1.5,26.2,17.5,买入,,
603659.SH,璞泰来,20200329,璞泰来：人造石墨龙头地位稳固，定增扩产强者恒强,一般,一般报告,西南证券,"谭菁,陈瑶",2022Q4,1198600.0,338900.0,202918.0,171797.0,3.95,16.0,0.96,24.61,11.95,持有,,
603659.SH,璞泰来,20200329,璞泰来：人造石墨龙头地位稳固，定增扩产强者恒强,一般,一般报告,西南证券,"谭菁,陈瑶",2021Q4,975900.0,276500.0,159196.0,134559.0,3.09,21.0,0.71,24.37,15.4,持有,,
600201.SH,生物股份,20200329,生物股份：低点已过，静待黎明,点评,一般报告,西南证券,徐卿,2022Q4,199300.0,,92774.0,80604.0,0.72,28.99,0.0,11.83,19.0,持有,,
300751.SZ,迈为股份,20200329,迈为股份：业绩符合预期，一代技术一代设备，孕育大机遇,点评,一般报告,中银国际,"陈祥,杨绍辉,沈成",2021Q4,277000.0,,56000.0,46800.0,9.002,17.1,1.8,26.0,13.8,买入,,
603659.SH,璞泰来,20200329,璞泰来：人造石墨龙头地位稳固，定增扩产强者恒强,一般,一般报告,西南证券,"谭菁,陈瑶",2020Q4,714700.0,207200.0,118564.0,99945.0,2.3,28.0,0.47,22.88,20.31,持有,,
300453.SZ,三鑫医疗,20200329,三鑫医疗：血透全产品线布局，业绩持续高增长可期,一般,首次关注,西南证券,"朱国广,刘闯",2021Q4,129585.0,,17267.0,13591.0,0.52,23.06,0.61,15.86,15.3,买入,,15.6
300453.SZ,三鑫医疗,20200329,三鑫医疗：血透全产品线布局，业绩持续高增长可期,一般,首次关注,西南证券,"朱国广,刘闯",2020Q4,97481.0,,12240.0,9529.0,0.36,32.89,0.39,13.05,21.28,买入,,15.6
300453.SZ,三鑫医疗,20200329,三鑫医疗：血透全产品线布局，业绩持续高增长可期,一般,首次关注,西南证券,"朱国广,刘闯",2022Q4,175419.0,,24003.0,19309.0,0.74,16.23,0.87,18.5,10.75,买入,,15.6
002672.SZ,东江环保,20200329,东江环保：2019年业绩同比增长3.3％，期待产能释放加速,点评,一般报告,广发证券,"郭鹏,许洁",2019Q4,346100.0,,57600.0,42100.0,0.48,19.62,,9.5,10.99,买入,,10.24
002672.SZ,东江环保,20200329,东江环保：2019年业绩同比增长3.3％，期待产能释放加速,点评,一般报告,广发证券,"郭鹏,许洁",2021Q4,476800.0,,84000.0,61400.0,0.7,13.46,,11.1,7.99,买入,,10.24
002672.SZ,东江环保,20200329,东江环保：2019年业绩同比增长3.3％，期待产能释放加速,点评,一般报告,广发证券,"郭鹏,许洁",2020Q4,401600.0,,68400.0,50000.0,0.57,16.52,,10.1,9.45,买入,,10.24
002129.SZ,中环股份,20200329,中环股份19年年报点评：业绩符合预期，210大硅片有序推进,一般,首份报告,西部证券,"杨敬梅,王东华",2022Q4,3533300.0,,403400.0,291400.0,1.05,14.5,,15.3,,买入,,
002129.SZ,中环股份,20200329,中环股份19年年报点评：业绩符合预期，210大硅片有序推进,一般,首份报告,西部证券,"杨敬梅,王东华",2021Q4,2896600.0,,325000.0,232200.0,0.83,18.2,,14.1,,买入,,
002129.SZ,中环股份,20200329,中环股份19年年报点评：业绩符合预期，210大硅片有序推进,一般,首份报告,西部证券,"杨敬梅,王东华",2020Q4,2057100.0,,169600.0,122000.0,0.44,34.7,,8.3,,买入,,
300759.SZ,康龙化成,20200329,康龙化成：盈利能力持续提升，业绩再次超预期,点评,一般报告,方正证券,周小刚,2022Q4,842489.0,,159358.0,138652.0,1.75,33.13,,13.0,,推荐,,
300759.SZ,康龙化成,20200329,康龙化成：盈利能力持续提升，业绩再次超预期,点评,一般报告,方正证券,周小刚,2019Q4,375716.0,,63255.0,54719.0,0.69,83.95,,7.0,,推荐,,
002925.SZ,盈趣科技,20200329,盈趣科技点评报告：业绩符合预期，海外疫情影响不改中长期看好核心竞争力,点评,一般报告,国海证券,范益民,2022Q4,809400.0,,246200.0,213100.0,4.65,9.58,,31.47,,买入,,
002925.SZ,盈趣科技,20200329,盈趣科技点评报告：业绩符合预期，海外疫情影响不改中长期看好核心竞争力,点评,一般报告,国海证券,范益民,2021Q4,613800.0,,183300.0,158700.0,3.46,12.87,,28.13,,买入,,
300759.SZ,康龙化成,20200329,康龙化成：盈利能力持续提升，业绩再次超预期,点评,一般报告,方正证券,周小刚,2021Q4,641432.0,,117753.0,102453.0,1.29,44.84,,11.0,,推荐,,
300759.SZ,康龙化成,20200329,康龙化成：盈利能力持续提升，业绩再次超预期,点评,一般报告,方正证券,周小刚,2020Q4,490955.0,,85647.0,74518.0,0.94,61.65,,9.0,,推荐,,
002925.SZ,盈趣科技,20200329,盈趣科技点评报告：业绩符合预期，海外疫情影响不改中长期看好核心竞争力,点评,一般报告,国海证券,范益民,2020Q4,457500.0,,131200.0,113500.0,2.48,17.99,,23.67,,买入,,
600729.SH,重庆百货,20200329,重庆百货：管理层大调整，业务层面整合将进入实质阶段,点评,一般报告,广发证券,洪涛,2020Q4,3335700.0,,126600.0,101700.0,2.5,10.8,,14.3,5.83,买入,,33.3
600729.SH,重庆百货,20200329,重庆百货：管理层大调整，业务层面整合将进入实质阶段,点评,一般报告,广发证券,洪涛,2019Q4,3439400.0,,120100.0,96100.0,2.36,11.44,,15.2,5.79,买入,,33.3
600600.SH,青岛啤酒,20200329,青岛啤酒：净利润略超预期，期待激励机制改善后盈利能力提升,点评,一般报告,广发证券,"王永锋,王文丹,陈涛",2022Q4,3204500.0,,422600.0,281000.0,2.08,21.37,,12.1,10.01,买入,,55.86
600600.SH,青岛啤酒,20200329,青岛啤酒：净利润略超预期，期待激励机制改善后盈利能力提升,点评,一般报告,广发证券,"王永锋,王文丹,陈涛",2019Q4,2798400.0,,272700.0,185200.0,1.37,37.2,,9.7,19.97,买入,,55.86
600600.SH,青岛啤酒,20200329,青岛啤酒：净利润略超预期，期待激励机制改善后盈利能力提升,点评,一般报告,广发证券,"王永锋,王文丹,陈涛",2021Q4,3011900.0,,361400.0,240400.0,1.78,24.98,,11.1,12.25,买入,,55.86
600600.SH,青岛啤酒,20200329,青岛啤酒：净利润略超预期，期待激励机制改善后盈利能力提升,点评,一般报告,广发证券,"王永锋,王文丹,陈涛",2020Q4,2783200.0,,297800.0,198000.0,1.47,30.33,,9.7,15.39,买入,,55.86
600729.SH,重庆百货,20200329,重庆百货：管理层大调整，业务层面整合将进入实质阶段,点评,一般报告,广发证券,洪涛,2021Q4,3477100.0,,154800.0,124100.0,3.05,8.85,,15.3,4.83,买入,,33.3
300457.SZ,赢合科技,20200329,看好受益逆周期调节的化工机械和轨交设备龙头——2020年机械行业周报3月第4期,非个股,一般报告,新时代证券,"郭泰,孟鹏飞,韦俊龙",2019Q4,,,,20299.651,0.54,,,,,无,,
600588.SH,用友网络,20200329,计算机行业：网络安全在教育行业的需求将迎来提升,非个股,一般报告,新时代证券,"田杰华,李汉卿",2020Q4,,,,110194.125,0.44,,,,,无,,
300123.SZ,亚光科技,20200329,国防军工行业：空天信息产业——低轨卫星通信网络呼之欲出,非个股,一般报告,东兴证券,"陆洲,朱雨时",2020Q4,,,,34259.448,0.34,,,,,无,,
000895.SZ,双汇发展,20200329,食品饮料：疫情冲击旺季，看好逐步复苏：白酒行业一季报前瞻暨板块观点更新,非个股,一般报告,招商证券,"杨勇胜,欧阳予,于佳琦,李泽明",2022Q4,,,,687091.413,2.07,,,,,审慎推荐,,39.0
600323.SH,瀚蓝环境,20200329,2020年1－2月用电量同比下滑，动力煤面临下行压力——公用事业及环保行业周报,非个股,一般报告,新时代证券,邱懿峰,2021Q4,,,,130264.883,1.7,,,,,无,,
300059.SZ,东方财富,20200329,计算机行业：网络安全在教育行业的需求将迎来提升,非个股,一般报告,新时代证券,"田杰华,李汉卿",2021Q4,,,,362642.867,0.54,,,,,无,,
300438.SZ,鹏辉能源,20200329,电气设备新能源行业周报：工控景气好于预期，海外疫情加剧影响供需,非个股,一般报告,东吴证券,曾朵红,2020Q4,,,,45265.452,1.61,,,,,无,,
002736.SZ,国信证券,20200329,非银金融／证券：择优释放资本空间，提升龙头杠杆率上限及ROE上限——6家券商纳入并表监管试点点评,非个股,一般报告,申万宏源证券,"马鲲鹏,许旖珊,王丛云,葛玉翔",2020Q4,,,,565800.0,0.69,,,9.8,,无,,
600036.SH,招商银行,20200329,银行股估值重回历史底部，高股息率迎来长线资金配置机会,非个股,一般报告,新时代证券,"郑嘉伟,钟奕昕",2020Q4,,,,11626348.822,4.61,,,,,无,,
300454.SZ,深信服,20200329,计算机行业：网络安全在教育行业的需求将迎来提升,非个股,一般报告,新时代证券,"田杰华,李汉卿",2020Q4,,,,96936.114,2.37,,,,,无,,
300438.SZ,鹏辉能源,20200329,海外疫情与531政策影响深度对比－新能源电力设备周观察,非个股,一般报告,中泰证券,"苏晨,邹玲玲,花秀宁,陈传红,戴仕远",2020Q4,,,,46100.0,1.64,,,,,无,,
601328.SH,交通银行,20200329,交通银行2019年报详细解读：净息差环比上升，资产质量平稳,一般,一般报告,中泰证券,"戴志锋,邓美君,贾靖",2020Q4,22053000.0,,9152200.0,8059600.0,1.085,5.15,,10.08,,增持,,
601328.SH,交通银行,20200329,交通银行：深耕财富管理，盈利稳健增长,点评,一般报告,华泰证券,"沈娟,蒋昭鹏",2021Q4,27300700.0,,,8499500.0,1.14,4.51,6.7,9.65,,增持,6.77,6.27
601818.SH,光大银行,20200329,光大银行：盈利能力改善，息差改善超行业平均,点评,一般报告,中银国际,"励雅敏,林颖颖",2021Q4,16143000.0,,5495000.0,4544600.0,0.87,4.24,,12.63,,买入,,
002230.SZ,科大讯飞,20200329,计算机行业：网络安全在教育行业的需求将迎来提升,非个股,一般报告,新时代证券,"田杰华,李汉卿",2021Q4,,,,173687.43,0.79,,,,,无,,
000895.SZ,双汇发展,20200329,加配食品饮料正当时－中泰食品饮料周报（第13周）,非个股,一般报告,中泰证券,"范劲松,龚小乐,熊欣慰,房昭强",2021Q4,7020000.0,,,690000.0,2.079,,,,,买入,,
002851.SZ,麦格米特,20200329,海外疫情与531政策影响深度对比－新能源电力设备周观察,非个股,一般报告,中泰证券,"苏晨,邹玲玲,花秀宁,陈传红,戴仕远",2019Q4,,,,36200.0,0.771,,,,,无,,
300340.SZ,科恒股份,20200329,电气设备新能源行业周报：工控景气好于预期，海外疫情加剧影响供需,非个股,一般报告,东吴证券,曾朵红,2019Q4,,,,3818.605,0.18,,,,,无,,
600110.SH,诺德股份,20200329,电气设备新能源行业周报：工控景气好于预期，海外疫情加剧影响供需,非个股,一般报告,东吴证券,曾朵红,2019Q4,,,,-11503.121,-0.1,,,,,无,,
000661.SZ,长春高新,20200329,长春高新2019年报点评：金赛高增长符合预期，在研管线稳步推进,一般,一般报告,光大证券,"林小伟,经煜甚",2022Q4,1466800.0,,609400.0,487800.0,24.11,21.0,1.6,28.5,16.5,买入,,
300145.SZ,中金环境,20200329,煤炭日耗环比加速提升，中央财政下发流域治理预算——环保公用行业周报（20／3／21～20／3／27）,非个股,一般报告,申万宏源证券,"刘晓宁,叶旭晨,王璐,查浩,范承杰,邹佩轩",2021Q4,,,,65396.9,0.34,,,,,增持,,
600323.SH,瀚蓝环境,20200329,环保：后疫情时代系列报告之七：逆周期调节时代，环保基建补短板力度可期,非个股,一般报告,东兴证券,"洪一,沈一凡",2020Q4,,,,111108.283,1.45,,,,,强烈推荐,,
