ts_code,name,report_date,report_title,report_type,classify,org_name,author_name,quarter,op_rt,op_pr,tp,np,eps,pe,rd,roe,ev_ebitda,rating,max_price,min_price
300253.SZ,卫宁健康,20200229,卫宁健康2019年业绩快报点评：盈利质量显著提升，创新业务扬帆起航,点评,一般报告,中信证券,"杨泽原,刘雯蜀",2020Q4,257921.0,,60200.0,53791.0,0.33,78.0,,13.46,,增持,,
002562.SZ,兄弟科技,20200229,兄弟科技：业绩回暖，2020年有望迎经营拐点,点评,首次评级,安信证券,张汪强,2020Q4,189080.0,,18500.0,13870.0,0.15,38.3,0.8,6.1,15.9,买入,,6.5
002402.SZ,和而泰,20200229,和而泰：全年业绩符合预期，控制器业务大客户战略收效显著,点评,一般报告,方正证券,"樊生龙,唐航",2019Q4,364823.0,,35745.0,30285.0,0.331,45.49,,16.0,,强烈推荐,,
300196.SZ,长海股份,20200229,长海股份：净利率提升，未来看原纱扩产和复材拓展,点评,一般报告,中泰证券,孙颖,2020Q4,278400.0,81800.0,43500.0,37500.0,0.903,13.23,,11.62,,增持,,
002562.SZ,兄弟科技,20200229,兄弟科技：业绩回暖，2020年有望迎经营拐点,点评,首次评级,安信证券,张汪强,2019Q4,124390.0,,4630.0,4430.0,0.05,119.8,0.3,2.0,30.0,买入,,6.5
002402.SZ,和而泰,20200229,和而泰：全年业绩符合预期，控制器业务大客户战略收效显著,点评,一般报告,方正证券,"樊生龙,唐航",2021Q4,584704.0,,74674.0,63213.0,0.692,21.8,,21.0,,强烈推荐,,
600872.SH,中炬高新,20200229,中炬高新业绩快报点评：调整元年，渐入佳境,点评,一般报告,新时代证券,"陈文倩,孙颖",2020Q4,556300.0,,115300.0,89100.0,1.12,33.8,,18.4,25.0,推荐,,
600872.SH,中炬高新,20200229,中炬高新业绩快报点评：调整元年，渐入佳境,点评,一般报告,新时代证券,"陈文倩,孙颖",2019Q4,467500.0,,92600.0,71800.0,0.9,41.9,,17.6,31.5,推荐,,
300253.SZ,卫宁健康,20200229,卫宁健康公司点评报告：业绩符合预期，双轮驱动快速发展,点评,一般报告,国元证券,"耿军军,陈图南",2020Q4,248414.0,,54404.0,52718.0,0.33,79.13,,12.78,66.33,增持,,26.4
300725.SZ,药石科技,20200229,药石科技：公布定增预案，公司业务腾飞在即,点评,一般报告,国金证券,"王班,李敬雷",2019Q4,66200.0,35000.0,17200.0,15100.0,1.041,84.19,,20.7,,增持,,
300073.SZ,当升科技,20200229,当升科技：20年轻装上阵，海外业务拓展推动盈利改善,点评,一般报告,新时代证券,"开文明,王琎",2021Q4,602100.0,,59200.0,50900.0,1.17,23.5,,13.3,16.2,强烈推荐,,
300451.SZ,创业慧康,20200229,创业慧康：19年医疗行业利润持续高增，传统与创新业务有望同时加速发展,点评,一般报告,招商证券,"刘玉萍,范昳蕊",2021Q4,235600.0,,59500.0,50900.0,0.69,34.8,,15.1,22.2,强烈推荐,,
300451.SZ,创业慧康,20200229,创业慧康：19年医疗行业利润持续高增，传统与创新业务有望同时加速发展,点评,一般报告,招商证券,"刘玉萍,范昳蕊",2020Q4,185300.0,,47200.0,40500.0,0.55,43.8,,13.8,27.4,强烈推荐,,
002912.SZ,中新赛克,20200229,中新赛克：19Q4利润高增，预估受疫情影响有限,点评,一般报告,招商证券,刘玉萍,2020Q4,135300.0,,46300.0,43700.0,4.09,41.2,,23.0,,强烈推荐,,
601666.SH,平煤股份,20200229,平煤股份股东分红回报规划点评：“破净”＋高固收属性利好估值修复,点评,一般报告,中信证券,祖国鹏,2019Q4,2092920.0,,183400.0,117210.0,0.5,7.0,,8.35,,买入,,6.1
002541.SZ,鸿路钢构,20200229,鸿路钢构：Q4净利润大幅回升，全年业绩符合预期,点评,一般报告,兴业证券,孟杰,2020Q4,1408200.0,,83200.0,66500.0,1.27,9.4,,12.2,,审慎增持,,
300783.SZ,三只松鼠,20200229,三只松鼠：利润端短期承压，重规模战略或将持续,点评,一般报告,招商证券,"宁浮洁,丁浙川,周洁",2021Q4,1664300.0,,52600.0,37800.0,0.94,64.9,,14.9,9.0,强烈推荐,,
601666.SH,平煤股份,20200229,平煤股份股东分红回报规划点评：“破净”＋高固收属性利好估值修复,点评,一般报告,中信证券,祖国鹏,2020Q4,2149520.0,,169900.0,108610.0,0.46,8.0,,7.53,,买入,,6.1
002179.SZ,中航光电,20200229,中航光电：营收保持高速增长，研发费用创历史新高,一般,一般报告,兴业证券,"石康,张亚滨,黄艳,李博彦",2021Q4,1274400.0,,171600.0,145000.0,1.32,29.8,,14.9,,审慎增持,,
300059.SZ,东方财富,20200229,东方财富：收入增速高于行业水平，东财基金发售创业板指数基金,点评,一般报告,安信证券,"胡又文,陈冠呈",2021Q4,691910.0,,300210.0,264810.0,0.39,44.0,0.3,12.1,32.6,买入,,20.0
002912.SZ,中新赛克,20200229,中新赛克：19Q4利润高增，预估受疫情影响有限,点评,一般报告,招商证券,刘玉萍,2019Q4,93300.0,,31300.0,29700.0,2.79,60.6,,19.1,,强烈推荐,,
300783.SZ,三只松鼠,20200229,三只松鼠：利润端短期承压，重规模战略或将持续,点评,一般报告,招商证券,"宁浮洁,丁浙川,周洁",2020Q4,1324300.0,,42800.0,30800.0,0.77,79.6,,13.9,11.6,强烈推荐,,
300674.SZ,宇信科技,20200229,宇信科技：创新业务同比增长3.5倍，强强联合百度加持金融科技,点评,一般报告,安信证券,"胡又文,陈冠呈",2021Q4,393200.0,,44590.0,41820.0,1.05,34.4,0.7,16.3,27.5,买入,,40.0
002541.SZ,鸿路钢构,20200229,鸿路钢构：Q4净利润大幅回升，全年业绩符合预期,点评,一般报告,兴业证券,孟杰,2019Q4,1074600.0,,67400.0,53900.0,1.03,11.6,,11.0,,审慎增持,,
300015.SZ,爱尔眼科,20200229,爱尔眼科：业绩延续高增长，坚定看好长期发展,点评,一般报告,安信证券,马帅,2021Q4,1593580.0,,323200.0,237120.0,0.77,52.3,1.0,26.2,31.4,增持,,49.42
600323.SH,瀚蓝环境,20200229,瀚蓝环境2019业绩快报点评：坚持大固废战略，业绩稳健发展,点评,一般报告,安信证券,"邵琳琳,马丁,汪磊",2021Q4,954910.0,,171340.0,133150.0,1.74,10.9,1.9,15.9,7.0,买入,,24.7
300413.SZ,芒果超媒,20200229,芒果超媒：优质内容驱动成长，剧综生产模式巩固优化,一般,一般报告,中金,"张雪晴,王宇翔",2020Q4,1512500.0,543300.0,158100.0,153300.0,0.86,51.2,0.4,16.3,11.9,跑赢行业,,51.5
300059.SZ,东方财富,20200229,东方财富：收入增速高于行业水平，东财基金发售创业板指数基金,点评,一般报告,安信证券,"胡又文,陈冠呈",2020Q4,570850.0,,247900.0,222000.0,0.33,52.5,0.3,11.4,39.4,买入,,20.0
600323.SH,瀚蓝环境,20200229,瀚蓝环境2019业绩快报点评：坚持大固废战略，业绩稳健发展,点评,一般报告,安信证券,"邵琳琳,马丁,汪磊",2019Q4,618180.0,,109300.0,89620.0,1.17,16.2,1.5,13.8,10.0,买入,,24.7
300136.SZ,信维通信,20200229,信维通信：业绩快报符合预期，受益5G射频变革，多产品线放量成长,点评,一般报告,中金,"胡誉镜,黄乐平,刘莹莹",2021Q4,1050700.0,385300.0,241200.0,211400.0,2.18,22.9,0.3,30.0,17.1,跑赢行业,,65.0
002179.SZ,中航光电,20200229,中航光电：营收保持高速增长，研发费用创历史新高,一般,一般报告,兴业证券,"石康,张亚滨,黄艳,李博彦",2019Q4,915900.0,,125500.0,107100.0,0.97,40.4,,14.8,,审慎增持,,
300413.SZ,芒果超媒,20200229,芒果超媒：优质内容驱动成长，剧综生产模式巩固优化,一般,一般报告,中金,"张雪晴,王宇翔",2021Q4,1768000.0,641500.0,189400.0,183700.0,1.03,42.7,0.5,16.9,9.0,跑赢行业,,51.5
300783.SZ,三只松鼠,20200229,三只松鼠：利润端短期承压，重规模战略或将持续,点评,一般报告,招商证券,"宁浮洁,丁浙川,周洁",2019Q4,1019500.0,,33600.0,25000.0,0.62,98.3,,12.7,15.0,强烈推荐,,
300674.SZ,宇信科技,20200229,宇信科技：创新业务同比增长3.5倍，强强联合百度加持金融科技,点评,一般报告,安信证券,"胡又文,陈冠呈",2019Q4,265170.0,,29450.0,27620.0,0.69,52.0,0.3,14.0,41.1,买入,,40.0
600323.SH,瀚蓝环境,20200229,瀚蓝环境2019业绩快报点评：坚持大固废战略，业绩稳健发展,点评,一般报告,安信证券,"邵琳琳,马丁,汪磊",2020Q4,792450.0,,136770.0,106290.0,1.39,13.6,1.6,14.5,8.9,买入,,24.7
300059.SZ,东方财富,20200229,东方财富：收入增速高于行业水平，东财基金发售创业板指数基金,点评,一般报告,安信证券,"胡又文,陈冠呈",2019Q4,422850.0,,204030.0,182610.0,0.27,63.8,0.2,10.4,46.5,买入,,20.0
002179.SZ,中航光电,20200229,中航光电：营收保持高速增长，研发费用创历史新高,一般,一般报告,兴业证券,"石康,张亚滨,黄艳,李博彦",2020Q4,1062000.0,,148600.0,125000.0,1.14,34.6,,14.9,,审慎增持,,
300674.SZ,宇信科技,20200229,宇信科技：创新业务同比增长3.5倍，强强联合百度加持金融科技,点评,一般报告,安信证券,"胡又文,陈冠呈",2020Q4,324660.0,,36920.0,34630.0,0.87,41.5,0.4,15.5,34.1,买入,,40.0
300136.SZ,信维通信,20200229,信维通信：业绩快报符合预期，受益5G射频变革，多产品线放量成长,点评,一般报告,中金,"胡誉镜,黄乐平,刘莹莹",2019Q4,508800.0,186000.0,118600.0,103900.0,1.07,46.6,0.2,25.0,34.7,跑赢行业,,65.0
002541.SZ,鸿路钢构,20200229,鸿路钢构：Q4净利润大幅回升，全年业绩符合预期,点评,一般报告,兴业证券,孟杰,2021Q4,1739400.0,,94700.0,75800.0,1.45,8.2,,12.5,,审慎增持,,
601666.SH,平煤股份,20200229,平煤股份股东分红回报规划点评：“破净”＋高固收属性利好估值修复,点评,一般报告,中信证券,祖国鹏,2021Q4,2313930.0,,194800.0,122440.0,0.52,7.0,,8.16,,买入,,6.1
300136.SZ,信维通信,20200229,信维通信：业绩快报符合预期，受益5G射频变革，多产品线放量成长,点评,一般报告,中金,"胡誉镜,黄乐平,刘莹莹",2020Q4,759900.0,280400.0,169500.0,148600.0,1.53,32.6,0.2,27.8,24.0,跑赢行业,,65.0
300413.SZ,芒果超媒,20200229,芒果超媒：优质内容驱动成长，剧综生产模式巩固优化,一般,一般报告,中金,"张雪晴,王宇翔",2019Q4,1252300.0,442500.0,117800.0,115700.0,0.65,67.8,0.3,16.0,16.7,跑赢行业,,51.5
300015.SZ,爱尔眼科,20200229,爱尔眼科：业绩延续高增长，坚定看好长期发展,点评,一般报告,安信证券,马帅,2020Q4,1264030.0,,245300.0,180120.0,0.58,68.8,0.8,23.0,40.5,增持,,49.42
002912.SZ,中新赛克,20200229,中新赛克：19Q4利润高增，预估受疫情影响有限,点评,一般报告,招商证券,刘玉萍,2021Q4,178600.0,,60400.0,56900.0,5.33,31.7,,24.3,,强烈推荐,,
002304.SZ,洋河股份,20200229,洋河股份：控货去化梳理渠道，新品迭代静待拐点,点评,一般报告,东方证券,"叶书怀,蔡琪",2019Q4,2311000.0,,979000.0,734300.0,4.88,20.0,,21.0,13.6,买入,,110.04
002439.SZ,启明星辰,20200229,启明星辰：业绩符合预期，全面布局新兴业务,点评,一般报告,安信证券,"胡又文,徐文杰",2020Q4,379140.0,,89470.0,86340.0,0.96,43.2,0.2,17.3,41.3,买入,,
002439.SZ,启明星辰,20200229,启明星辰：业绩符合预期，全面布局新兴业务,点评,一般报告,安信证券,"胡又文,徐文杰",2021Q4,462550.0,,109300.0,105480.0,1.18,35.4,0.3,17.7,34.0,买入,,
300724.SZ,捷佳伟创,20200229,捷佳伟创：19年业绩同比+27%，在手订单充裕保障20年高增长,点评,一般报告,东吴证券,"陈显帆,周尔双,朱贝贝",2021Q4,386900.0,,79600.0,68600.0,2.14,30.78,,14.4,,增持,,
002563.SZ,森马服饰,20200229,森马服饰：19Q4休闲线下仍承压，疫情为20Q1带来挑战,点评,一般报告,东吴证券,"马莉,陈腾曦,林骥川,詹陆雨",2020Q4,1965930.0,,216930.0,158490.0,0.59,13.2,,13.1,7.1,买入,,
002563.SZ,森马服饰,20200229,森马服饰：境内主业稳健，境外业务仍处调整期,一般,一般报告,方正证券,丰毅,2020Q4,1992245.0,,203660.0,158855.0,0.59,13.21,,13.0,7.37,推荐,,
002304.SZ,洋河股份,20200229,洋河股份：控货去化梳理渠道，新品迭代静待拐点,点评,一般报告,东方证券,"叶书怀,蔡琪",2021Q4,2736300.0,,1217600.0,913200.0,6.06,16.1,,21.8,11.1,买入,,110.04
300015.SZ,爱尔眼科,20200229,爱尔眼科：业绩延续高增长，坚定看好长期发展,点评,一般报告,安信证券,马帅,2019Q4,999310.0,,185750.0,138140.0,0.45,89.7,0.6,20.9,52.2,增持,,49.42
300741.SZ,华宝股份,20200229,华宝股份：业绩稳健符合预期，控费促进盈利能力提升——2019年业绩快报点评,点评,一般报告,国泰君安,"訾猛,李梓语",2019Q4,218500.0,,,123600.0,2.01,14.34,1.1,12.4,9.61,增持,,40.0
300121.SZ,阳谷华泰,20200229,阳谷华泰2019年报点评：业绩见底，连续法不溶硫磺带来新增长,点评,一般报告,方正证券,"李永磊,董伯骏",2021Q4,278706.0,,55953.0,46038.0,1.18,6.92,,19.0,,强烈推荐,,
002563.SZ,森马服饰,20200229,森马服饰：境内主业稳健，境外业务仍处调整期,一般,一般报告,方正证券,丰毅,2019Q4,1935852.0,,198190.0,154588.0,0.57,13.57,,13.0,8.06,推荐,,
002563.SZ,森马服饰,20200229,森马服饰：19Q4休闲线下仍承压，疫情为20Q1带来挑战,点评,一般报告,东吴证券,"马莉,陈腾曦,林骥川,詹陆雨",2021Q4,2205370.0,,249530.0,182160.0,0.68,11.5,,14.2,6.2,买入,,
300253.SZ,卫宁健康,20200229,卫宁健康：传统业务订单快速增长，创新业务收入大增,点评,一般报告,招商证券,"刘玉萍,范昳蕊",2020Q4,257100.0,,63400.0,56400.0,0.34,74.8,,14.0,59.8,强烈推荐,,
002897.SZ,意华股份,20200229,意华股份：业绩符合预期，5G驱动拐点将至,点评,一般报告,中泰证券,"陈宁玉,易景明,周铃雅",2020Q4,193170.0,,10130.0,10500.0,0.62,42.67,,4.08,25.1,买入,,
300121.SZ,阳谷华泰,20200229,阳谷华泰2019年报点评：业绩见底，连续法不溶硫磺带来新增长,点评,一般报告,方正证券,"李永磊,董伯骏",2022Q4,320250.0,,65015.0,53561.0,1.38,5.95,,18.0,,强烈推荐,,
002563.SZ,森马服饰,20200229,森马服饰：19Q4休闲线下仍承压，疫情为20Q1带来挑战,点评,一般报告,东吴证券,"马莉,陈腾曦,林骥川,詹陆雨",2019Q4,1935900.0,,211650.0,154660.0,0.57,13.6,,13.5,7.3,买入,,
002821.SZ,凯莱英,20200229,凯莱英：全年业绩增长符合预期，CDMO龙头优势持续,点评,一般报告,安信证券,"马帅,冯雪云",2020Q4,331460.0,,85460.0,74790.0,3.23,55.4,0.4,20.4,41.2,增持,,
002439.SZ,启明星辰,20200229,启明星辰：主业稳健成长，看好新品放量,点评,一般报告,方正证券,"方闻千,陈杭",2019Q4,308250.0,197035.7,73874.0,69822.0,0.78,53.41,,16.0,,强烈推荐,,
002897.SZ,意华股份,20200229,意华股份：业绩符合预期，5G驱动拐点将至,点评,一般报告,中泰证券,"陈宁玉,易景明,周铃雅",2021Q4,239440.0,,12100.0,12600.0,0.74,35.7,,3.93,17.9,买入,,
002821.SZ,凯莱英,20200229,凯莱英：全年业绩增长符合预期，CDMO龙头优势持续,点评,一般报告,安信证券,"马帅,冯雪云",2019Q4,246080.0,,62550.0,55580.0,2.4,74.6,0.3,18.1,55.3,增持,,
300251.SZ,光线传媒,20200229,光线传媒：疫情影响或相对可控，看好动画电影布局的长期价值,点评,一般报告,中金,"张雪晴,王宇翔",2020Q4,301900.0,126400.0,128700.0,97000.0,0.33,32.8,0.5,9.8,25.7,跑赢行业,,12.0
300253.SZ,卫宁健康,20200229,卫宁健康：传统业务订单快速增长，创新业务收入大增,点评,一般报告,招商证券,"刘玉萍,范昳蕊",2021Q4,334700.0,,84400.0,75100.0,0.46,56.2,,15.9,45.4,强烈推荐,,
300251.SZ,光线传媒,20200229,光线传媒：疫情影响或相对可控，看好动画电影布局的长期价值,点评,一般报告,中金,"张雪晴,王宇翔",2021Q4,346700.0,145000.0,144900.0,108700.0,0.37,29.3,0.5,10.1,21.8,跑赢行业,,12.0
002304.SZ,洋河股份,20200229,洋河股份：压力充分释放，紧盯经营拐点,点评,一般报告,招商证券,"杨勇胜,李泽明",2019Q4,2311100.0,,977400.0,734200.0,4.87,20.0,,20.1,,强烈推荐,117.0,105.0
300741.SZ,华宝股份,20200229,华宝股份：业绩稳健符合预期，控费促进盈利能力提升——2019年业绩快报点评,点评,一般报告,国泰君安,"訾猛,李梓语",2021Q4,263400.0,,,135600.0,2.2,13.07,1.1,11.1,6.89,增持,,40.0
002304.SZ,洋河股份,20200229,洋河股份：压力充分释放，紧盯经营拐点,点评,一般报告,招商证券,"杨勇胜,李泽明",2020Q4,2434300.0,,1052400.0,788700.0,5.23,18.6,,19.7,,强烈推荐,117.0,105.0
300251.SZ,光线传媒,20200229,光线传媒：疫情影响或相对可控，看好动画电影布局的长期价值,点评,一般报告,中金,"张雪晴,王宇翔",2019Q4,281900.0,127700.0,109900.0,95300.0,0.33,33.4,0.4,10.5,25.9,跑赢行业,,12.0
002563.SZ,森马服饰,20200229,森马服饰：境内主业稳健，境外业务仍处调整期,一般,一般报告,方正证券,丰毅,2021Q4,2205758.0,,229908.0,179328.0,0.66,11.7,,14.0,6.5,推荐,,
002304.SZ,洋河股份,20200229,洋河股份：压力充分释放，紧盯经营拐点,点评,一般报告,招商证券,"杨勇胜,李泽明",2021Q4,2668900.0,,1182900.0,883400.0,5.86,16.6,,20.1,,强烈推荐,117.0,105.0
002439.SZ,启明星辰,20200229,启明星辰：业绩符合预期，全面布局新兴业务,点评,一般报告,安信证券,"胡又文,徐文杰",2019Q4,308240.0,,72350.0,69820.0,0.78,53.4,0.2,16.4,49.6,买入,,
300253.SZ,卫宁健康,20200229,卫宁健康：传统业务订单快速增长，创新业务收入大增,点评,一般报告,招商证券,"刘玉萍,范昳蕊",2019Q4,190600.0,,41000.0,40000.0,0.24,105.5,,11.3,94.2,强烈推荐,,
300121.SZ,阳谷华泰,20200229,阳谷华泰2019年报点评：业绩见底，连续法不溶硫磺带来新增长,点评,一般报告,方正证券,"李永磊,董伯骏",2020Q4,224114.0,,32597.0,26777.0,0.69,11.9,,14.0,,强烈推荐,,
002897.SZ,意华股份,20200229,意华股份：业绩符合预期，5G驱动拐点将至,点评,一般报告,中泰证券,"陈宁玉,易景明,周铃雅",2019Q4,160940.0,,6970.0,7300.0,0.43,61.96,,3.18,44.2,买入,,
002439.SZ,启明星辰,20200229,启明星辰：主业稳健成长，看好新品放量,点评,一般报告,方正证券,"方闻千,陈杭",2021Q4,524317.0,315040.0,121127.0,113859.0,1.27,32.75,,18.0,,强烈推荐,,
300741.SZ,华宝股份,20200229,华宝股份：业绩稳健符合预期，控费促进盈利能力提升——2019年业绩快报点评,点评,一般报告,国泰君安,"訾猛,李梓语",2020Q4,243400.0,,,126600.0,2.06,13.99,1.1,11.4,8.25,增持,,40.0
002304.SZ,洋河股份,20200229,洋河股份：控货去化梳理渠道，新品迭代静待拐点,点评,一般报告,东方证券,"叶书怀,蔡琪",2020Q4,2436400.0,,1052100.0,789100.0,5.24,18.6,,20.8,12.7,买入,,110.04
300724.SZ,捷佳伟创,20200229,捷佳伟创：19年业绩同比+27%，在手订单充裕保障20年高增长,点评,一般报告,东吴证券,"陈显帆,周尔双,朱贝贝",2019Q4,252800.0,,44600.0,38800.0,1.21,54.46,,10.7,,增持,,
002821.SZ,凯莱英,20200229,凯莱英：全年业绩增长符合预期，CDMO龙头优势持续,点评,一般报告,安信证券,"马帅,冯雪云",2021Q4,433810.0,,112040.0,98050.0,4.24,42.3,0.5,22.0,31.6,增持,,
002439.SZ,启明星辰,20200229,启明星辰：主业稳健成长，看好新品放量,点评,一般报告,方正证券,"方闻千,陈杭",2020Q4,408602.0,252054.3,97096.0,91270.0,1.02,40.86,,18.0,,强烈推荐,,
300724.SZ,捷佳伟创,20200229,捷佳伟创：19年业绩同比+27%，在手订单充裕保障20年高增长,点评,一般报告,东吴证券,"陈显帆,周尔双,朱贝贝",2020Q4,332600.0,,68000.0,58800.0,1.83,35.92,,14.2,,增持,,
600114.SH,东睦股份,20200229,东睦股份：折叠屏时代到来，MIM精密制造迎来新机遇,点评,首次评级,方正证券,"兰飞,贺茂飞",2021Q4,372322.0,134688.0,64445.0,54765.0,0.888,14.51,,14.0,9.48,推荐,,
600114.SH,东睦股份,20200229,东睦股份：折叠屏时代到来，MIM精密制造迎来新机遇,点评,首次评级,方正证券,"兰飞,贺茂飞",2020Q4,300138.0,108806.0,47977.0,40770.0,0.661,19.49,,12.0,13.3,推荐,,
600114.SH,东睦股份,20200229,东睦股份：折叠屏时代到来，MIM精密制造迎来新机遇,点评,首次评级,方正证券,"兰飞,贺茂飞",2019Q4,186063.0,53735.0,23899.0,20309.0,0.329,39.13,,7.0,25.65,推荐,,
300284.SZ,苏交科,20200229,苏交科：Q4收入增速转正，利润加速增长,点评,一般报告,兴业证券,"孟杰,黄杨",2021Q4,796300.0,,124600.0,100900.0,1.04,8.4,,15.6,,审慎增持,,
300284.SZ,苏交科,20200229,苏交科：Q4收入增速转正，利润加速增长,点评,一般报告,兴业证券,"孟杰,黄杨",2020Q4,694000.0,,104800.0,84900.0,0.87,10.0,,15.7,,审慎增持,,
300284.SZ,苏交科,20200229,苏交科：Q4收入增速转正，利润加速增长,点评,一般报告,兴业证券,"孟杰,黄杨",2019Q4,605200.0,,92300.0,73000.0,0.75,11.7,,16.0,,审慎增持,,
300661.SZ,圣邦股份,20200229,圣邦股份：营收端超预期，2020年内生与外延共振,点评,一般报告,中泰证券,"刘翔,张欣",2020Q4,120900.0,61600.0,34900.0,29100.0,2.81,114.72,,23.66,,买入,,
300661.SZ,圣邦股份,20200229,圣邦股份：营收端超预期，2020年内生与外延共振,点评,一般报告,中泰证券,"刘翔,张欣",2019Q4,79200.0,38700.0,23000.0,17600.0,1.7,189.22,,17.2,,买入,,
002301.SZ,齐心集团,20200229,齐心集团：双轮驱动业绩增长，把握行业红利期,点评,一般报告,招商证券,"郑恺,李宏鹏,吴昊",2021Q4,1150700.0,,51800.0,45000.0,0.61,29.7,,13.7,31.0,强烈推荐,,
002301.SZ,齐心集团,20200229,齐心集团：双轮驱动业绩增长，把握行业红利期,点评,一般报告,招商证券,"郑恺,李宏鹏,吴昊",2020Q4,846100.0,,39000.0,34000.0,0.46,39.4,,11.6,39.3,强烈推荐,,
300618.SZ,寒锐钴业,20200229,寒锐钴业：钴价下跌拖累业绩，远期仍有提升空间,点评,一般报告,兴业证券,"邱祖学,苏东,王丽佳",2021Q4,366100.0,,122100.0,91600.0,3.41,18.0,,29.4,,审慎增持,,
300618.SZ,寒锐钴业,20200229,寒锐钴业：钴价下跌拖累业绩，远期仍有提升空间,点评,一般报告,兴业证券,"邱祖学,苏东,王丽佳",2020Q4,287800.0,,85200.0,63900.0,2.38,25.8,,27.1,,审慎增持,,
300618.SZ,寒锐钴业,20200229,寒锐钴业：钴价下跌拖累业绩，远期仍有提升空间,点评,一般报告,兴业证券,"邱祖学,苏东,王丽佳",2019Q4,177900.0,,-2300.0,1100.0,0.04,1565.7,,0.6,,审慎增持,,
002242.SZ,九阳股份,20200229,九阳股份：战略谋新，经营向上,点评,首份报告,华西证券,"汪玲,王映雪,段家琪",2021Q4,1288670.0,,126871.0,110188.0,1.44,18.79,,16.4,,增持,,
002242.SZ,九阳股份,20200229,九阳股份：战略谋新，经营向上,点评,首份报告,华西证券,"汪玲,王映雪,段家琪",2020Q4,1088476.0,,110710.0,96152.0,1.25,21.54,,17.12,,增持,,
002242.SZ,九阳股份,20200229,九阳股份：战略谋新，经营向上,点评,首份报告,华西证券,"汪玲,王映雪,段家琪",2019Q4,936020.0,,97028.0,84269.0,1.1,24.58,,18.11,,增持,,
002415.SZ,海康威视,20200229,海康威视：四季度双位数增长,点评,一般报告,东方证券,"蒯剑,马天翼,唐权喜",2021Q4,8275100.0,,1950200.0,1755400.0,1.88,18.6,,29.0,15.3,买入,,49.6
002415.SZ,海康威视,20200229,海康威视：四季度双位数增长,点评,一般报告,东方证券,"蒯剑,马天翼,唐权喜",2020Q4,6872900.0,,1610600.0,1449700.0,1.55,22.6,,28.4,18.7,买入,,49.6
002415.SZ,海康威视,20200229,海康威视：四季度双位数增长,点评,一般报告,东方证券,"蒯剑,马天翼,唐权喜",2019Q4,5775200.0,,1377400.0,1239800.0,1.33,26.4,,29.4,21.7,买入,,49.6
300661.SZ,圣邦股份,20200229,圣邦股份：营收端超预期，2020年内生与外延共振,点评,一般报告,中泰证券,"刘翔,张欣",2021Q4,161100.0,85100.0,49000.0,42300.0,4.08,78.88,,27.74,,买入,,
002301.SZ,齐心集团,20200229,齐心集团：双轮驱动业绩增长，把握行业红利期,点评,一般报告,招商证券,"郑恺,李宏鹏,吴昊",2019Q4,604400.0,,28700.0,25100.0,0.34,53.3,,9.4,50.2,强烈推荐,,
002080.SZ,中材科技,20200229,中材科技2019年业绩快报点评：业绩基本符合预期，三轮驱动增长动能充足,点评,一般报告,中信证券,"弓永峰,林劼",2021Q4,1623997.0,,212600.0,172684.0,1.03,12.0,,12.25,,买入,,14.88
002080.SZ,中材科技,20200229,中材科技2019年业绩快报点评：业绩基本符合预期，三轮驱动增长动能充足,点评,一般报告,中信证券,"弓永峰,林劼",2020Q4,1635350.0,,208100.0,169019.0,1.01,12.0,,13.07,,买入,,14.88
002080.SZ,中材科技,20200229,中材科技2019年业绩快报点评：业绩基本符合预期，三轮驱动增长动能充足,点评,一般报告,中信证券,"弓永峰,林劼",2019Q4,1357939.0,,166700.0,138663.0,0.83,15.0,,11.84,,买入,,14.88
002405.SZ,四维图新,20200229,四维图新公司公告点评：内生业绩短期承压，“智能汽车大脑”战略稳步推进,点评,一般报告,海通证券,"郑宏达,杨林,黄竞晶,于成龙",2020Q4,288779.0,,53200.0,51100.0,0.26,65.73,0.0,5.9,63.46,优于大市,,
002405.SZ,四维图新,20200229,四维图新公司公告点评：内生业绩短期承压，“智能汽车大脑”战略稳步推进,点评,一般报告,海通证券,"郑宏达,杨林,黄竞晶,于成龙",2019Q4,230994.0,,35400.0,34000.0,0.17,98.84,0.0,4.2,,优于大市,,
002399.SZ,海普瑞,20200229,海普瑞2019年业绩快报点评：主业超预期，Q4业绩迎拐点,点评,一般报告,中信证券,田加强,2021Q4,742063.0,,156700.0,135796.0,1.09,23.0,,15.85,,买入,,34.53
002399.SZ,海普瑞,20200229,海普瑞2019年业绩快报点评：主业超预期，Q4业绩迎拐点,点评,一般报告,中信证券,田加强,2020Q4,621151.0,,125000.0,109761.0,0.88,29.0,,14.42,,买入,,34.53
002399.SZ,海普瑞,20200229,海普瑞2019年业绩快报点评：主业超预期，Q4业绩迎拐点,点评,一般报告,中信证券,田加强,2019Q4,464038.0,,124900.0,108522.0,0.87,29.0,,15.44,,买入,,34.53
002405.SZ,四维图新,20200229,四维图新公司公告点评：内生业绩短期承压，“智能汽车大脑”战略稳步推进,点评,一般报告,海通证券,"郑宏达,杨林,黄竞晶,于成龙",2021Q4,376634.0,,67000.0,64100.0,0.33,52.36,0.0,6.9,48.17,优于大市,,
600507.SH,方大特钢,20200229,方大特钢：内外因素叠加致盈利下降后期有望受益基建投资,点评,一般报告,天风证券,马金龙,2020Q4,1692790.0,,241971.0,183133.0,1.26,6.78,,24.02,4.11,买入,,
002508.SZ,老板电器,20200229,老板电器2019年业绩快报点评：龙头优势明显，营收增长稳健,点评,一般报告,华创证券,龚源月,2020Q4,857500.0,,204800.0,174300.0,1.84,17.0,,21.9,16.0,强推,,37.0
002508.SZ,老板电器,20200229,老板电器2019年业绩快报点评：龙头优势明显，营收增长稳健,点评,一般报告,华创证券,龚源月,2019Q4,776100.0,,185800.0,158200.0,1.67,19.0,,22.7,18.0,强推,,37.0
300661.SZ,圣邦股份,20200229,圣邦股份：内生外延双轮驱动，国产替代龙头启航,点评,一般报告,东吴证券,王平阳,2021Q4,141900.0,,41100.0,35400.0,3.41,94.27,,22.8,80.43,买入,,
300661.SZ,圣邦股份,20200229,圣邦股份：内生外延双轮驱动，国产替代龙头启航,点评,一般报告,东吴证券,王平阳,2020Q4,107100.0,,29400.0,25200.0,2.44,132.09,,20.4,110.15,买入,,
300601.SZ,康泰生物,20200229,康泰生物：公司业绩符合预期，四联苗下半年快速增长,点评,一般报告,东吴证券,"全铭,李颖睿",2021Q4,325300.0,,152900.0,136400.0,2.11,52.54,,32.1,43.09,买入,,
300601.SZ,康泰生物,20200229,康泰生物：公司业绩符合预期，四联苗下半年快速增长,点评,一般报告,东吴证券,"全铭,李颖睿",2020Q4,222600.0,,88500.0,78600.0,1.22,91.17,,26.5,72.88,买入,,
600507.SH,方大特钢,20200229,方大特钢：内外因素叠加致盈利下降后期有望受益基建投资,点评,一般报告,天风证券,马金龙,2022Q4,1813359.0,,292436.0,221397.0,1.53,5.61,,21.75,2.17,买入,,
600507.SH,方大特钢,20200229,方大特钢：内外因素叠加致盈利下降后期有望受益基建投资,点评,一般报告,天风证券,马金龙,2021Q4,1752038.0,,273884.0,206412.0,1.43,6.02,,23.66,2.11,买入,,
002508.SZ,老板电器,20200229,老板电器2019年业绩快报点评：龙头优势明显，营收增长稳健,点评,一般报告,华创证券,龚源月,2021Q4,956000.0,,226900.0,193100.0,2.03,15.0,,21.4,15.0,强推,,37.0
300661.SZ,圣邦股份,20200229,圣邦股份：内生外延双轮驱动，国产替代龙头启航,点评,一般报告,东吴证券,王平阳,2019Q4,79200.0,,20500.0,17600.0,1.7,189.16,,17.2,157.06,买入,,
300601.SZ,康泰生物,20200229,康泰生物：公司业绩符合预期，四联苗下半年快速增长,点评,一般报告,东吴证券,"全铭,李颖睿",2019Q4,194300.0,,64600.0,57300.0,0.89,125.04,,25.4,97.33,买入,,
002304.SZ,洋河股份,20200229,洋河股份：压力全释放，轻装再出发,点评,一般报告,东吴证券,"杨默曦,马莉",2021Q4,2749500.0,,1231800.0,925400.0,6.14,15.86,,20.1,10.04,买入,,
002304.SZ,洋河股份,20200229,洋河股份：压力全释放，轻装再出发,点评,一般报告,东吴证券,"杨默曦,马莉",2020Q4,2497500.0,,1088000.0,817700.0,5.43,17.95,,20.1,12.52,买入,,
002304.SZ,洋河股份,20200229,洋河股份：压力全释放，轻装再出发,点评,一般报告,东吴证券,"杨默曦,马莉",2019Q4,2311000.0,,975600.0,734200.0,4.87,19.99,,20.3,12.96,买入,,
002434.SZ,万里扬,20200229,万里扬：CVT带动2019Q4收入高增长,点评,一般报告,东吴证券,黄细里,2021Q4,716300.0,,106900.0,90600.0,0.68,13.53,,11.6,7.65,买入,,
002434.SZ,万里扬,20200229,万里扬：CVT带动2019Q4收入高增长,点评,一般报告,东吴证券,黄细里,2020Q4,545400.0,,76000.0,64500.0,0.48,19.02,,9.1,9.99,买入,,
002434.SZ,万里扬,20200229,万里扬：CVT带动2019Q4收入高增长,点评,一般报告,东吴证券,黄细里,2019Q4,520500.0,,50900.0,43200.0,0.32,28.39,,6.7,13.34,买入,,
002304.SZ,洋河股份,20200229,洋河股份：短期业绩承压，调整持续进行中,点评,一般报告,中金,"吕若晨,周悦琅",2021Q4,2639400.0,,1256900.0,872100.0,5.79,16.8,3.9,21.3,10.9,跑赢行业,,115.8
002304.SZ,洋河股份,20200229,洋河股份：短期业绩承压，调整持续进行中,点评,一般报告,中金,"吕若晨,周悦琅",2019Q4,2311100.0,,1068700.0,734200.0,4.87,20.0,3.1,21.0,13.4,跑赢行业,,115.8
002120.SZ,韵达股份,20200229,韵达股份2019年业绩快报点评：剔除处置丰巢股权影响，利润同比增长17.68％，持续看好公司精细化管理优势释放,点评,一般报告,华创证券,"吴一凡,刘阳,王凯",2021Q4,5458900.0,,523900.0,393800.0,1.77,17.0,,19.9,21.0,推荐,,36.0
002120.SZ,韵达股份,20200229,韵达股份2019年业绩快报点评：剔除处置丰巢股权影响，利润同比增长17.68％，持续看好公司精细化管理优势释放,点评,一般报告,华创证券,"吴一凡,刘阳,王凯",2020Q4,4317400.0,,427400.0,321200.0,1.44,21.0,,19.8,26.0,推荐,,36.0
002120.SZ,韵达股份,20200229,韵达股份2019年业绩快报点评：剔除处置丰巢股权影响，利润同比增长17.68％，持续看好公司精细化管理优势释放,点评,一般报告,华创证券,"吴一凡,刘阳,王凯",2019Q4,3462400.0,,353300.0,265600.0,1.19,25.0,,19.4,30.0,推荐,,36.0
300450.SZ,先导智能,20200229,先导智能：业绩反映行业真实情况，轻装上阵迎接行业大拐点,点评,一般报告,东吴证券,"陈显帆,周尔双,朱贝贝",2021Q4,707010.0,,189560.0,167760.0,1.9,29.5,,24.9,,买入,,
300450.SZ,先导智能,20200229,先导智能：业绩反映行业真实情况，轻装上阵迎接行业大拐点,点评,一般报告,东吴证券,"陈显帆,周尔双,朱贝贝",2019Q4,468440.0,,84020.0,74820.0,0.85,66.2,,18.2,,买入,,
002831.SZ,裕同科技,20200229,裕同科技：盈利能力逐季向上，综合包装龙头中期成长通顺,点评,一般报告,东吴证券,"史凡可,马莉,傅嘉成",2021Q4,1379600.0,,177700.0,147700.0,1.68,14.85,,18.7,13.2,买入,,
002831.SZ,裕同科技,20200229,裕同科技：盈利能力逐季向上，综合包装龙头中期成长通顺,点评,一般报告,东吴证券,"史凡可,马莉,傅嘉成",2020Q4,1159800.0,,149500.0,124400.0,1.42,17.63,,18.0,15.99,买入,,
002831.SZ,裕同科技,20200229,裕同科技：盈利能力逐季向上，综合包装龙头中期成长通顺,点评,一般报告,东吴证券,"史凡可,马莉,傅嘉成",2019Q4,981200.0,,125700.0,104600.0,1.19,20.96,,17.0,18.73,买入,,
002304.SZ,洋河股份,20200229,洋河股份：短期业绩承压，调整持续进行中,点评,一般报告,中金,"吕若晨,周悦琅",2020Q4,2285000.0,,1058400.0,724900.0,4.81,20.2,3.1,19.3,13.3,跑赢行业,,115.8
300450.SZ,先导智能,20200229,先导智能：业绩反映行业真实情况，轻装上阵迎接行业大拐点,点评,一般报告,东吴证券,"陈显帆,周尔双,朱贝贝",2020Q4,544980.0,,139350.0,123320.0,1.4,40.1,,23.6,,买入,,
002607.SZ,中公教育,20200229,中公教育：全年业绩18.04亿+57%，净利率+1.2pct；全力扬帆顺应稳就业政策主导,点评,一般报告,天风证券,"刘章明,孙海洋,邓学",2021Q4,1691875.0,,467125.0,355375.0,0.58,36.44,,35.44,28.73,买入,,
002607.SZ,中公教育,20200229,中公教育：全年业绩18.04亿+57%，净利率+1.2pct；全力扬帆顺应稳就业政策主导,点评,一般报告,天风证券,"刘章明,孙海洋,邓学",2020Q4,1301442.0,,328341.0,251379.0,0.41,51.52,,25.04,42.47,买入,,
002607.SZ,中公教育,20200229,中公教育：全年业绩18.04亿+57%，净利率+1.2pct；全力扬帆顺应稳就业政策主导,点评,一般报告,天风证券,"刘章明,孙海洋,邓学",2019Q4,983512.0,,227988.0,174801.0,0.28,74.09,,18.29,57.75,买入,,
002185.SZ,华天科技,20200229,华天科技：四季度环比加速增长，2020业绩高增可期,点评,一般报告,天风证券,"潘暕,陈俊杰",2019Q4,810450.0,,36984.0,29757.0,0.11,123.94,,4.53,54.06,买入,,
300673.SZ,佩蒂股份,20200229,佩蒂股份：海外订单逐步恢复，20年有望迎来业绩拐点,点评,一般报告,天风证券,"吴立,王聪",2021Q4,154773.0,,23264.0,19901.0,1.36,20.13,,15.05,13.16,买入,,
300673.SZ,佩蒂股份,20200229,佩蒂股份：海外订单逐步恢复，20年有望迎来业绩拐点,点评,一般报告,天风证券,"吴立,王聪",2020Q4,126676.0,,15752.0,13488.0,0.92,29.71,,11.5,20.42,买入,,
300673.SZ,佩蒂股份,20200229,佩蒂股份：海外订单逐步恢复，20年有望迎来业绩拐点,点评,一般报告,天风证券,"吴立,王聪",2019Q4,102585.0,,7076.0,5195.0,0.35,77.13,,4.85,37.65,买入,,
002891.SZ,中宠股份,20200229,中宠股份：19年困境中仍保持增长，预计20年业绩将大幅提升,点评,一般报告,天风证券,"吴立,王聪",2021Q4,261413.0,,23549.0,17014.0,1.0,24.34,,15.25,15.55,买入,,
002891.SZ,中宠股份,20200229,中宠股份：19年困境中仍保持增长，预计20年业绩将大幅提升,点评,一般报告,天风证券,"吴立,王聪",2020Q4,211488.0,,15008.0,10843.0,0.64,38.19,,11.18,21.7,买入,,
002891.SZ,中宠股份,20200229,中宠股份：19年困境中仍保持增长，预计20年业绩将大幅提升,点评,一般报告,天风证券,"吴立,王聪",2019Q4,171624.0,,10615.0,7825.0,0.46,52.92,,8.93,35.55,买入,,
002867.SZ,周大生,20200229,周大生：珠宝龙头业绩稳健增长，持续快速拓店显示强劲竞争力,点评,一般报告,天风证券,刘章明,2021Q4,726937.0,,183544.0,137659.0,1.88,10.09,,22.48,6.13,买入,,
002867.SZ,周大生,20200229,周大生：珠宝龙头业绩稳健增长，持续快速拓店显示强劲竞争力,点评,一般报告,天风证券,刘章明,2020Q4,616048.0,,153756.0,115317.0,1.58,12.04,,21.44,7.08,买入,,
002867.SZ,周大生,20200229,周大生：珠宝龙头业绩稳健增长，持续快速拓店显示强劲竞争力,点评,一般报告,天风证券,刘章明,2019Q4,560044.0,,131864.0,98898.0,1.35,14.04,,20.75,8.79,买入,,
002241.SZ,歌尔股份,20200229,歌尔股份：业绩处指引上线，持续受益TWS/可穿戴增长,点评,一般报告,天风证券,"潘暕,俞文静",2021Q4,7000086.0,,351982.0,299944.0,0.92,24.09,,14.8,15.91,买入,,
002241.SZ,歌尔股份,20200229,歌尔股份：业绩处指引上线，持续受益TWS/可穿戴增长,点评,一般报告,天风证券,"潘暕,俞文静",2019Q4,3094906.0,,150609.0,130994.0,0.4,55.17,,7.88,28.83,买入,,
002080.SZ,中材科技,20200229,中材科技：业绩快速增长，主业有望持续向好,点评,一般报告,天风证券,"盛昌盛,侯星辰",2021Q4,1604433.0,,219471.0,181392.0,1.08,11.55,,14.35,7.31,买入,,
002080.SZ,中材科技,20200229,中材科技：业绩快速增长，主业有望持续向好,点评,一般报告,天风证券,"盛昌盛,侯星辰",2020Q4,1506935.0,,204056.0,168652.0,1.01,12.42,,14.7,8.18,买入,,
002080.SZ,中材科技,20200229,中材科技：业绩快速增长，主业有望持续向好,点评,一般报告,天风证券,"盛昌盛,侯星辰",2019Q4,1357599.0,,166647.0,138459.0,0.83,15.13,,13.35,10.12,买入,,
002241.SZ,歌尔股份,20200229,歌尔股份：业绩处指引上线，持续受益TWS/可穿戴增长,点评,一般报告,天风证券,"潘暕,俞文静",2020Q4,5007832.0,,229331.0,195006.0,0.6,37.06,,10.77,22.09,买入,,
300792.SZ,壹网壹创,20200229,壹网壹创：19年业绩同比增长34.34%，坚定看好中长期发展,点评,一般报告,天风证券,"刘章明,文浩",2021Q4,270062.0,,56086.0,47673.0,5.96,37.47,,33.07,33.55,买入,,
300792.SZ,壹网壹创,20200229,壹网壹创：19年业绩同比增长34.34%，坚定看好中长期发展,点评,一般报告,天风证券,"刘章明,文浩",2019Q4,144931.0,,25701.0,21846.0,2.73,81.76,,34.21,74.42,买入,,
002419.SZ,天虹股份,20200229,天虹股份：消费疲软&新开门店使业绩同比-5%，加速新开门店拓展全国,点评,一般报告,天风证券,"刘章明,马松",2021Q4,1656118.0,,118966.0,89235.0,0.74,11.84,,11.52,0.63,买入,,
002419.SZ,天虹股份,20200229,天虹股份：消费疲软&新开门店使业绩同比-5%，加速新开门店拓展全国,点评,一般报告,天风证券,"刘章明,马松",2020Q4,1357474.0,,97377.0,73042.0,0.61,14.46,,9.97,6.76,买入,,
002419.SZ,天虹股份,20200229,天虹股份：消费疲软&新开门店使业绩同比-5%，加速新开门店拓展全国,点评,一般报告,天风证券,"刘章明,马松",2019Q4,1939249.0,,114942.0,86250.0,0.72,12.25,,12.37,3.17,买入,,
002185.SZ,华天科技,20200229,华天科技：四季度环比加速增长，2020业绩高增可期,点评,一般报告,天风证券,"潘暕,陈俊杰",2021Q4,1448323.0,,125037.0,100720.0,0.37,36.62,,12.38,22.97,买入,,
002185.SZ,华天科技,20200229,华天科技：四季度环比加速增长，2020业绩高增可期,点评,一般报告,天风证券,"潘暕,陈俊杰",2020Q4,1111103.0,,93486.0,74813.0,0.27,49.3,,10.34,29.29,买入,,
300792.SZ,壹网壹创,20200229,壹网壹创：19年业绩同比增长34.34%，坚定看好中长期发展,点评,一般报告,天风证券,"刘章明,文浩",2020Q4,197377.0,,38365.0,32610.0,4.08,54.77,,33.8,49.11,买入,,
002508.SZ,老板电器,20200229,老板电器：工程红利持续释放，业绩维持稳健增长,点评,一般报告,长江证券,"管泉森,孙珊,徐春,贺本东",2021Q4,955800.0,523000.0,242400.0,206000.0,2.17,14.29,,18.0,9.92,买入,,
002508.SZ,老板电器,20200229,老板电器：工程红利持续释放，业绩维持稳健增长,点评,一般报告,长江证券,"管泉森,孙珊,徐春,贺本东",2020Q4,865900.0,472700.0,213100.0,181100.0,1.91,16.25,,19.0,12.44,买入,,
002508.SZ,老板电器,20200229,老板电器：工程红利持续释放，业绩维持稳健增长,点评,一般报告,长江证券,"管泉森,孙珊,徐春,贺本东",2019Q4,776000.0,422500.0,185800.0,158200.0,1.67,18.61,,21.0,15.6,买入,,
000338.SZ,潍柴动力,20200229,长江大消费：大消费行业2020年3月金股推荐,非个股,一般报告,长江证券,无,2020Q4,,,,1086940.724,1.37,,,,,无,,
000338.SZ,潍柴动力,20200229,长江大消费：大消费行业2020年3月金股推荐,非个股,一般报告,长江证券,无,2019Q4,,,,983800.363,1.24,,,,,无,,
000858.SZ,五粮液,20200229,长江大消费：大消费行业2020年3月金股推荐,非个股,一般报告,长江证券,无,2019Q4,,,,1750605.21,4.51,,,,,买入,,
000338.SZ,潍柴动力,20200229,长江大消费：大消费行业2020年3月金股推荐,非个股,一般报告,长江证券,无,2021Q4,,,,1198014.958,1.51,,,,,无,,
000858.SZ,五粮液,20200229,长江大消费：大消费行业2020年3月金股推荐,非个股,一般报告,长江证券,无,2020Q4,,,,2092186.715,5.39,,,,,买入,,
002791.SZ,坚朗五金,20200229,坚朗五金：收入增长创历史新高,点评,一般报告,长江证券,"范超,张佩",2021Q4,860300.0,338900.0,90100.0,81200.0,2.53,21.81,,18.0,15.78,买入,,
002791.SZ,坚朗五金,20200229,坚朗五金：收入增长创历史新高,点评,一般报告,长江证券,"范超,张佩",2020Q4,681400.0,269400.0,66100.0,59600.0,1.85,29.7,,16.0,21.06,买入,,
002791.SZ,坚朗五金,20200229,坚朗五金：收入增长创历史新高,点评,一般报告,长江证券,"范超,张佩",2019Q4,525200.0,209000.0,46800.0,42100.0,1.31,42.07,,13.0,28.07,买入,,
002607.SZ,中公教育,20200229,中公教育2019业绩快报点评：业绩增长符合预期，硕士扩招带来新机遇,一般,一般报告,长江证券,"赵刚,杨会强",2021Q4,1646200.0,987700.0,387000.0,331300.0,0.54,39.09,,31.0,-2.9,买入,,
002607.SZ,中公教育,20200229,中公教育2019业绩快报点评：业绩增长符合预期，硕士扩招带来新机遇,一般,一般报告,长江证券,"赵刚,杨会强",2019Q4,917600.0,546000.0,210800.0,180500.0,0.29,61.1,,38.0,-0.86,买入,,
002773.SZ,康弘药业,20200229,康弘药业：季度收入出现拐点，康柏西普有望进入长期放量通道,点评,一般报告,长江证券,"高岳,刘浩,方程嫣",2021Q4,448500.0,419300.0,122000.0,104900.0,1.2,27.63,,16.0,14.41,买入,,
002773.SZ,康弘药业,20200229,康弘药业：季度收入出现拐点，康柏西普有望进入长期放量通道,点评,一般报告,长江证券,"高岳,刘浩,方程嫣",2020Q4,278200.0,260100.0,94600.0,85100.0,0.97,34.04,,15.0,20.03,买入,,
002773.SZ,康弘药业,20200229,康弘药业：季度收入出现拐点，康柏西普有望进入长期放量通道,点评,一般报告,长江证券,"高岳,刘浩,方程嫣",2019Q4,325700.0,302900.0,83500.0,71800.0,0.82,40.37,,15.0,23.29,买入,,
002242.SZ,九阳股份,20200229,九阳股份：业绩表现符合预期，经营稳定性持续强化,点评,一般报告,长江证券,"管泉森,孙珊,徐春,贺本东",2021Q4,1275800.0,424800.0,127600.0,110800.0,1.44,18.68,,24.0,16.77,买入,,
002607.SZ,中公教育,20200229,中公教育2019业绩快报点评：业绩增长符合预期，硕士扩招带来新机遇,一般,一般报告,长江证券,"赵刚,杨会强",2020Q4,1258100.0,754900.0,287700.0,246300.0,0.4,52.59,,34.0,-2.08,买入,,
002242.SZ,九阳股份,20200229,九阳股份：业绩表现符合预期，经营稳定性持续强化,点评,一般报告,长江证券,"管泉森,孙珊,徐春,贺本东",2020Q4,1093900.0,361900.0,108900.0,95000.0,1.24,21.81,,22.0,20.12,买入,,
002242.SZ,九阳股份,20200229,九阳股份：业绩表现符合预期，经营稳定性持续强化,点评,一般报告,长江证券,"管泉森,孙珊,徐春,贺本东",2019Q4,932700.0,304000.0,94100.0,82400.0,1.07,25.15,,20.0,23.97,买入,,
002460.SZ,赣锋锂业,20200229,赣锋锂业：沉潜而越，拐点向上,点评,一般报告,长江证券,"王鹤涛,王筱茜,靳昕",2021Q4,732400.0,264100.0,239000.0,203100.0,1.57,33.09,,18.0,34.25,买入,,
002460.SZ,赣锋锂业,20200229,赣锋锂业：沉潜而越，拐点向上,点评,一般报告,长江证券,"王鹤涛,王筱茜,靳昕",2020Q4,580500.0,184800.0,143400.0,121800.0,0.94,55.15,,13.0,53.1,买入,,
002460.SZ,赣锋锂业,20200229,赣锋锂业：沉潜而越，拐点向上,点评,一般报告,长江证券,"王鹤涛,王筱茜,靳昕",2019Q4,528200.0,125900.0,41900.0,35600.0,0.28,188.89,,4.0,87.18,买入,,
601100.SH,恒立液压,20200229,长江策略2020年3月金股推荐,非个股,一般报告,长江证券,无,2019Q4,,,,124800.0,1.415,,,,,无,,
002624.SZ,完美世界,20200229,长江策略2020年3月金股推荐,非个股,一般报告,长江证券,无,2020Q4,,,,244408.914,1.89,,,,,无,,
300737.SZ,科顺股份,20200229,大宗行业2020年3月金股推荐,非个股,一般报告,长江证券,无,2021Q4,,,,70000.0,1.152,,,,,无,,
300388.SZ,国祯环保,20200229,长江策略2020年3月金股推荐,非个股,一般报告,长江证券,无,2019Q4,,,,33000.0,0.492,,,,,买入,,
300388.SZ,国祯环保,20200229,长江策略2020年3月金股推荐,非个股,一般报告,长江证券,无,2020Q4,,,,43000.0,0.641,,,,,买入,,
300388.SZ,国祯环保,20200229,长江策略2020年3月金股推荐,非个股,一般报告,长江证券,无,2021Q4,,,,56000.0,0.835,,,,,买入,,
601688.SH,华泰证券,20200229,长江策略2020年3月金股推荐,非个股,一般报告,长江证券,无,2020Q4,,,,934894.95,1.03,,,,,买入,,
601688.SH,华泰证券,20200229,长江策略2020年3月金股推荐,非个股,一般报告,长江证券,无,2021Q4,,,,971201.55,1.07,,,,,买入,,
002624.SZ,完美世界,20200229,长江策略2020年3月金股推荐,非个股,一般报告,长江证券,无,2019Q4,,,,150007.588,1.16,,,,,无,,
300737.SZ,科顺股份,20200229,大宗行业2020年3月金股推荐,非个股,一般报告,长江证券,无,2019Q4,,,,37000.0,0.609,,,,,无,,
601688.SH,华泰证券,20200229,长江策略2020年3月金股推荐,非个股,一般报告,长江证券,无,2019Q4,,,,844128.45,0.93,,,,,买入,,
601100.SH,恒立液压,20200229,长江策略2020年3月金股推荐,非个股,一般报告,长江证券,无,2020Q4,,,,160700.0,1.822,,,,,无,,
300737.SZ,科顺股份,20200229,大宗行业2020年3月金股推荐,非个股,一般报告,长江证券,无,2020Q4,,,,54000.0,0.889,,,,,无,,
002001.SZ,新和成,20200229,新和成：业绩符合预期，维生素价格景气向上,点评,一般报告,国联证券,马群星,2021Q4,1152100.0,,409371.0,345495.0,1.61,14.99,,15.33,8.33,推荐,,
002001.SZ,新和成,20200229,新和成：业绩符合预期，维生素价格景气向上,点评,一般报告,国联证券,马群星,2020Q4,1081000.0,,386311.0,326093.0,1.52,15.88,,16.24,9.7,推荐,,
002001.SZ,新和成,20200229,新和成：业绩符合预期，维生素价格景气向上,点评,一般报告,国联证券,马群星,2019Q4,760665.0,,262427.0,221865.0,1.03,23.34,,12.5,12.99,推荐,,
601003.SH,柳钢股份,20200229,海外疫情短期压制钢材价格，重视具有成长性的特钢投资机会——太平洋钢铁周报,非个股,一般报告,太平洋证券,王介超,2019Q4,,,,205023.456,0.8,,,,,增持,,
000717.SZ,韶钢松山,20200229,海外疫情短期压制钢材价格，重视具有成长性的特钢投资机会——太平洋钢铁周报,非个股,一般报告,太平洋证券,王介超,2020Q4,,,,154849.562,0.64,,,,,增持,,
600282.SH,南钢股份,20200229,海外疫情短期压制钢材价格，重视具有成长性的特钢投资机会——太平洋钢铁周报,非个股,一般报告,太平洋证券,王介超,2020Q4,,,,341074.846,0.77,,,,,增持,,
000708.SZ,中信特钢,20200229,海外疫情短期压制钢材价格，重视具有成长性的特钢投资机会——太平洋钢铁周报,非个股,一般报告,太平洋证券,王介超,2019Q4,,,,501745.435,1.69,,,,,增持,,
600019.SH,宝钢股份,20200229,海外疫情短期压制钢材价格，重视具有成长性的特钢投资机会——太平洋钢铁周报,非个股,一般报告,太平洋证券,王介超,2019Q4,,,,1269644.241,0.57,,,,,增持,,
600282.SH,南钢股份,20200229,海外疫情短期压制钢材价格，重视具有成长性的特钢投资机会——太平洋钢铁周报,非个股,一般报告,太平洋证券,王介超,2019Q4,,,,318927.129,0.72,,,,,增持,,
000932.SZ,华菱钢铁,20200229,海外疫情短期压制钢材价格，重视具有成长性的特钢投资机会——太平洋钢铁周报,非个股,一般报告,太平洋证券,王介超,2020Q4,,,,459680.791,0.75,,,,,增持,,
300034.SZ,钢研高纳,20200229,海外疫情短期压制钢材价格，重视具有成长性的特钢投资机会——太平洋钢铁周报,非个股,一般报告,太平洋证券,王介超,2020Q4,,,,21597.042,0.46,,,,,增持,,
002756.SZ,永兴材料,20200229,海外疫情短期压制钢材价格，重视具有成长性的特钢投资机会——太平洋钢铁周报,非个股,一般报告,太平洋证券,王介超,2020Q4,,,,51840.0,1.44,,,,,增持,,
002318.SZ,久立特材,20200229,海外疫情短期压制钢材价格，重视具有成长性的特钢投资机会——太平洋钢铁周报,非个股,一般报告,太平洋证券,王介超,2020Q4,,,,58066.108,0.69,,,,,增持,,
002110.SZ,三钢闽光,20200229,海外疫情短期压制钢材价格，重视具有成长性的特钢投资机会——太平洋钢铁周报,非个股,一般报告,太平洋证券,王介超,2020Q4,,,,394703.774,1.61,,,,,增持,,
600019.SH,宝钢股份,20200229,海外疫情短期压制钢材价格，重视具有成长性的特钢投资机会——太平洋钢铁周报,非个股,一般报告,太平洋证券,王介超,2020Q4,,,,1314193.162,0.59,,,,,增持,,
000932.SZ,华菱钢铁,20200229,海外疫情短期压制钢材价格，重视具有成长性的特钢投资机会——太平洋钢铁周报,非个股,一般报告,太平洋证券,王介超,2019Q4,,,,447422.636,0.73,,,,,增持,,
601003.SH,柳钢股份,20200229,海外疫情短期压制钢材价格，重视具有成长性的特钢投资机会——太平洋钢铁周报,非个股,一般报告,太平洋证券,王介超,2020Q4,,,,212711.836,0.83,,,,,增持,,
000708.SZ,中信特钢,20200229,海外疫情短期压制钢材价格，重视具有成长性的特钢投资机会——太平洋钢铁周报,非个股,一般报告,太平洋证券,王介超,2020Q4,,,,537372.33,1.81,,,,,增持,,
300229.SZ,拓尔思,20200229,拓尔思：业绩历史性高增长，下游多行业景气旺盛,点评,一般报告,银河证券,"吴砚靖,邹文倩",2020Q4,116940.0,,,21050.0,0.44,34.8,,,,推荐,,
300229.SZ,拓尔思,20200229,拓尔思：业绩历史性高增长，下游多行业景气旺盛,点评,一般报告,银河证券,"吴砚靖,邹文倩",2021Q4,145880.0,,,25460.0,0.53,28.8,,,,推荐,,
300229.SZ,拓尔思,20200229,拓尔思：业绩历史性高增长，下游多行业景气旺盛,点评,一般报告,银河证券,"吴砚靖,邹文倩",2019Q4,96700.0,,,15340.0,0.32,47.8,,,,推荐,,
300454.SZ,深信服,20200229,深信服：安全业务助推营收增长加速,点评,首份报告,兴业证券,"蒋佳霖,徐聪",2020Q4,602800.0,,105500.0,95000.0,2.323,84.57,,18.1,74.0,审慎增持,,
300454.SZ,深信服,20200229,深信服：安全业务助推营收增长加速,点评,首份报告,兴业证券,"蒋佳霖,徐聪",2019Q4,459000.0,,77000.0,75800.0,1.854,105.94,,17.7,101.0,审慎增持,,
300383.SZ,光环新网,20200229,光环新网公司点评报告：业绩平稳增长，公有云服务和IDC服务形成良性互补,点评,一般报告,中原证券,"唐俊男,朱宇澍",2019Q4,713300.0,,96000.0,82100.0,0.53,47.1,,10.0,31.3,买入,,
300383.SZ,光环新网,20200229,光环新网公司点评报告：业绩平稳增长，公有云服务和IDC服务形成良性互补,点评,一般报告,中原证券,"唐俊男,朱宇澍",2020Q4,967100.0,,133100.0,113600.0,0.74,34.1,,12.2,23.4,买入,,
300454.SZ,深信服,20200229,深信服：安全业务助推营收增长加速,点评,首份报告,兴业证券,"蒋佳霖,徐聪",2021Q4,773700.0,,137400.0,123700.0,3.025,64.94,,19.1,57.0,审慎增持,,
300383.SZ,光环新网,20200229,光环新网公司点评报告：业绩平稳增长，公有云服务和IDC服务形成良性互补,点评,一般报告,中原证券,"唐俊男,朱宇澍",2021Q4,1215600.0,,173100.0,147600.0,0.96,26.2,,13.9,17.7,买入,,
600872.SH,中炬高新,20200229,中炬高新：收入保持稳增，业绩加速改善,点评,一般报告,兴业证券,"颜言,赵国防",2021Q4,713600.0,,145400.0,116700.0,1.46,26.0,,20.5,,审慎增持,,
600872.SH,中炬高新,20200229,中炬高新：收入保持稳增，业绩加速改善,点评,一般报告,兴业证券,"颜言,赵国防",2019Q4,467500.0,,91800.0,71700.0,0.9,42.0,,17.3,,审慎增持,,
002410.SZ,广联达,20200229,广联达：云化转型顺利，施工业务有望高速成长,一般,一般报告,东兴证券,"王健辉,叶盛",2021Q4,532827.0,,101700.0,90551.0,0.8,55.62,,19.86,40.74,强烈推荐,,57.0
002410.SZ,广联达,20200229,广联达：云化转型顺利，施工业务有望高速成长,一般,一般报告,东兴证券,"王健辉,叶盛",2020Q4,424890.0,,52300.0,46079.0,0.41,109.31,,11.94,72.72,强烈推荐,,57.0
002410.SZ,广联达,20200229,广联达：云化转型顺利，施工业务有望高速成长,一般,一般报告,东兴证券,"王健辉,叶盛",2019Q4,344002.0,,27900.0,24101.0,0.21,208.99,,6.9,115.78,强烈推荐,,57.0
600872.SH,中炬高新,20200229,中炬高新：收入保持稳增，业绩加速改善,点评,一般报告,兴业证券,"颜言,赵国防",2020Q4,552000.0,,111000.0,87700.0,1.1,34.0,,18.2,,审慎增持,,
002600.SZ,领益智造,20200229,领益智造：业务结构加速优化升级，持续高增长可期,点评,首份报告,兴业证券,"谢恒,姚丹丹",2019Q4,2381500.0,,222400.0,191200.0,0.28,40.5,,16.4,24.0,审慎增持,,
002600.SZ,领益智造,20200229,领益智造：业务结构加速优化升级，持续高增长可期,点评,首份报告,兴业证券,"谢恒,姚丹丹",2021Q4,3660700.0,,419400.0,360600.0,0.528,21.43,,19.9,15.0,审慎增持,,
002600.SZ,领益智造,20200229,领益智造：业务结构加速优化升级，持续高增长可期,点评,首份报告,兴业证券,"谢恒,姚丹丹",2020Q4,3242800.0,,334000.0,287300.0,0.421,27.0,,19.8,18.0,审慎增持,,
600546.SH,山煤国际,20200229,动力煤供需两弱，焦化利润遭受打压：煤炭产业链跟踪周报,非个股,一般报告,招商证券,"卢平,王西典",2020Q4,,,,126877.193,0.64,,,,,无,,
002739.SZ,万达电影,20200229,万达电影2019年业绩快报点评：扣除减值后净利符合预期，影院复工时间尚不明确,点评,一般报告,西部证券,"李艳丽,卢翌",2019Q4,,,-449900.0,-472100.0,-2.27,,,-32.4,,买入,,
002301.SZ,齐心集团,20200229,齐心集团：2019业绩预告符合预期，B2B＋云视频双轮驱动,点评,一般报告,山西证券,杨晶晶,2021Q4,1076020.0,,52250.0,46320.0,0.631,30.25,,9.2,18.1,增持,,
300207.SZ,欣旺达,20200229,欣旺达：业务多点开花，空间可期,点评,一般报告,国金证券,"柴明,姚遥",2019Q4,2521200.0,336700.0,87500.0,78600.0,0.501,38.42,,13.1,,买入,,
600498.SH,烽火通信,20200229,5G新基建不断加码，通信板块未来向好趋势不变——通信行业周报,非个股,一般报告,新时代证券,"胡皓,马长欣",2020Q4,,,,124124.371,1.06,,,,,无,,
000938.SZ,紫光股份,20200229,通信设备：协同5G商用，Wi－Fi6发力流量大时代,非个股,一般报告,海通证券,"朱劲松,余伟民,杨彤昕",2019Q4,5910000.0,,,181700.0,0.89,,,,,优于大市,,
601001.SH,大同煤业,20200229,动力煤供需两弱，焦化利润遭受打压：煤炭产业链跟踪周报,非个股,一般报告,招商证券,"卢平,王西典",2020Q4,,,,65274.3,0.39,,,,,无,,
600348.SH,阳泉煤业,20200229,动力煤供需两弱，焦化利润遭受打压：煤炭产业链跟踪周报,非个股,一般报告,招商证券,"卢平,王西典",2019Q4,,,,197210.0,0.82,,,,,无,,
601898.SH,中煤能源,20200229,动力煤供需两弱，焦化利润遭受打压：煤炭产业链跟踪周报,非个股,一般报告,招商证券,"卢平,王西典",2019Q4,,,,662933.17,0.5,,,,,无,,
002110.SZ,三钢闽光,20200229,钢铁行业周报（2020年第9周）：关注建筑业复工和钢厂检修情况，重视政策超预期的可能性,非个股,一般报告,广发证券,李莎,2020Q4,,,,505024.705,2.06,,,23.6,,买入,,
002216.SZ,三全食品,20200229,杠铃式策略效果显著，茅台又到战略配置时－中泰食品饮料周报（第9周）,非个股,一般报告,中泰证券,"范劲松,龚小乐,熊欣慰,房昭强",2019Q4,,,,21579.972,0.27,,,,,买入,,
600498.SH,烽火通信,20200229,5G新基建不断加码，通信板块未来向好趋势不变——通信行业周报,非个股,一般报告,新时代证券,"胡皓,马长欣",2021Q4,,,,152228.002,1.3,,,,,无,,
002478.SZ,常宝股份,20200229,钢铁行业周报（2020年第9周）：关注建筑业复工和钢厂检修情况，重视政策超预期的可能性,非个股,一般报告,广发证券,李莎,2020Q4,,,,77759.423,0.81,,,26.8,,买入,,
300394.SZ,天孚通信,20200229,并购重组方案调整规则明确，推荐产业信息化主线——中小盘伐谋周报,非个股,一般报告,国泰君安,无,2020Q4,53600.0,,,18400.0,0.93,,,,,增持,,
002798.SZ,帝欧家居,20200229,帝欧家居：2019净利润增长48.97％，Q4营收增速环比加快,点评,一般报告,山西证券,杨晶晶,2021Q4,835540.0,,101690.0,89080.0,2.31,10.74,,12.9,5.6,买入,,
000063.SZ,中兴通讯,20200229,5G新基建不断加码，通信板块未来向好趋势不变——通信行业周报,非个股,一般报告,新时代证券,"胡皓,马长欣",2021Q4,,,,884952.767,1.92,,,,,无,,
000938.SZ,紫光股份,20200229,通信设备：协同5G商用，Wi－Fi6发力流量大时代,非个股,一般报告,海通证券,"朱劲松,余伟民,杨彤昕",2020Q4,7380000.0,,,221600.0,1.08,,,,,优于大市,,
300394.SZ,天孚通信,20200229,并购重组方案调整规则明确，推荐产业信息化主线——中小盘伐谋周报,非个股,一般报告,国泰君安,无,2021Q4,53600.0,,,27800.0,1.4,,,,,增持,,
300628.SZ,亿联网络,20200229,5G新基建不断加码，通信板块未来向好趋势不变——通信行业周报,非个股,一般报告,新时代证券,"胡皓,马长欣",2021Q4,,,,182837.13,3.05,,,,,无,,
601016.SH,节能风电,20200229,浮动电价实施，疫情影响用电增速——2020年春季电力行业投资策略,非个股,一般报告,上海证券,冀丽俊,2019Q4,,,,58177.84,0.14,,,,,谨慎增持,,
300569.SZ,天能重工,20200229,天能重工2019年度业绩快报点评：2019业绩强势增长，海工潜力可期,点评,一般报告,国信证券,"方重寅,王蔚祺",2022Q4,344400.0,,,36800.0,1.617,,,13.5,,买入,,
600782.SH,新钢股份,20200229,钢铁行业周报（2020年第9周）：关注建筑业复工和钢厂检修情况，重视政策超预期的可能性,非个股,一般报告,广发证券,李莎,2021Q4,,,,436855.009,1.37,,,16.5,,买入,,
600282.SH,南钢股份,20200229,钢铁行业周报（2020年第9周）：关注建筑业复工和钢厂检修情况，重视政策超预期的可能性,非个股,一般报告,广发证券,李莎,2021Q4,,,,341074.846,0.77,,,17.0,,买入,,
600398.SH,海澜之家,20200229,纺织服装业：疫情加速行业结构优化，运动品牌受益,非个股,一般报告,国泰君安,"郝帅,方榕佳,丁凡",2020Q4,,,,384541.086,0.87,,,,,增持,,
601225.SH,陕西煤业,20200229,动力煤供需两弱，焦化利润遭受打压：煤炭产业链跟踪周报,非个股,一般报告,招商证券,"卢平,王西典",2020Q4,,,,1200000.0,1.2,,,,,无,,
600011.SH,华能国际,20200229,浮动电价实施，疫情影响用电增速——2020年春季电力行业投资策略,非个股,一般报告,上海证券,冀丽俊,2020Q4,,,,784904.668,0.5,,,,,谨慎增持,,
600845.SH,宝信软件,20200229,5G新基建不断加码，通信板块未来向好趋势不变——通信行业周报,非个股,一般报告,新时代证券,"胡皓,马长欣",2020Q4,,,,111756.285,0.98,,,,,无,,
603369.SH,今世缘,20200229,地产白酒的突围之道：白酒行业专题报告,非个股,一般报告,招商证券,"杨勇胜,李泽明",2021Q4,722800.0,,,203500.0,1.62,,,,,强烈推荐,,38.0
300207.SZ,欣旺达,20200229,欣旺达：业务多点开花，空间可期,点评,一般报告,国金证券,"柴明,姚遥",2021Q4,4276500.0,611000.0,178300.0,161400.0,1.029,18.71,,19.3,,买入,,
002301.SZ,齐心集团,20200229,齐心集团：2019业绩预告符合预期，B2B＋云视频双轮驱动,点评,一般报告,山西证券,杨晶晶,2019Q4,603830.0,,28250.0,25090.0,0.342,55.85,,5.8,36.8,增持,,
000977.SZ,浪潮信息,20200229,5G新基建不断加码，通信板块未来向好趋势不变——通信行业周报,非个股,一般报告,新时代证券,"胡皓,马长欣",2020Q4,,,,123768.208,0.96,,,,,无,,
600985.SH,淮北矿业,20200229,动力煤供需两弱，焦化利润遭受打压：煤炭产业链跟踪周报,非个股,一般报告,招商证券,"卢平,王西典",2020Q4,,,,375827.317,1.73,,,,,无,,
300454.SZ,深信服,20200229,通信设备：协同5G商用，Wi－Fi6发力流量大时代,非个股,一般报告,海通证券,"朱劲松,余伟民,杨彤昕",2019Q4,413100.0,,,74800.0,1.85,,,,,无,,
300628.SZ,亿联网络,20200229,5G新基建不断加码，通信板块未来向好趋势不变——通信行业周报,非个股,一般报告,新时代证券,"胡皓,马长欣",2020Q4,,,,143272.374,2.39,,,,,无,,
002434.SZ,万里扬,20200229,万里扬19年业绩快报点评：第4季度收入同比环比均大幅增长符合预期，三大产品线发力上攻,点评,一般报告,长城证券,"孙志东,刘欣畅,刘佳",2020Q4,692602.0,,87565.0,72670.0,0.54,16.87,,10.6,9.92,推荐,,
300569.SZ,天能重工,20200229,天能重工2019年度业绩快报点评：2019业绩强势增长，海工潜力可期,点评,一般报告,国信证券,"方重寅,王蔚祺",2020Q4,290700.0,,48300.0,41100.0,1.806,7.2,10.4,18.8,7.4,买入,,
000596.SZ,古井贡酒,20200229,地产白酒的突围之道：白酒行业专题报告,非个股,一般报告,招商证券,"杨勇胜,李泽明",2020Q4,1198000.0,,,264400.0,5.26,,,,,强烈推荐,,151.0
600845.SH,宝信软件,20200229,5G新基建不断加码，通信板块未来向好趋势不变——通信行业周报,非个股,一般报告,新时代证券,"胡皓,马长欣",2019Q4,,,,87808.509,0.77,,,,,无,,
300454.SZ,深信服,20200229,通信设备：协同5G商用，Wi－Fi6发力流量大时代,非个股,一般报告,海通证券,"朱劲松,余伟民,杨彤昕",2021Q4,636000.0,,,120600.0,2.99,,,,,无,,
600348.SH,阳泉煤业,20200229,动力煤供需两弱，焦化利润遭受打压：煤炭产业链跟踪周报,非个股,一般报告,招商证券,"卢平,王西典",2020Q4,,,,209235.0,0.87,,,,,无,,
002756.SZ,永兴材料,20200229,钢铁行业周报（2020年第9周）：关注建筑业复工和钢厂检修情况，重视政策超预期的可能性,非个股,一般报告,广发证券,李莎,2020Q4,,,,50400.0,1.4,,,13.1,,买入,,
002216.SZ,三全食品,20200229,杠铃式策略效果显著，茅台又到战略配置时－中泰食品饮料周报（第9周）,非个股,一般报告,中泰证券,"范劲松,龚小乐,熊欣慰,房昭强",2020Q4,,,,31171.071,0.39,,,,,买入,,
600985.SH,淮北矿业,20200229,动力煤供需两弱，焦化利润遭受打压：煤炭产业链跟踪周报,非个股,一般报告,招商证券,"卢平,王西典",2019Q4,,,,369310.08,1.7,,,,,无,,
603589.SH,口子窖,20200229,地产白酒的突围之道：白酒行业专题报告,非个股,一般报告,招商证券,"杨勇胜,李泽明",2019Q4,475300.0,,,173000.0,2.88,,,,,强烈推荐,,56.0
603369.SH,今世缘,20200229,地产白酒的突围之道：白酒行业专题报告,非个股,一般报告,招商证券,"杨勇胜,李泽明",2020Q4,602300.0,,,172500.0,1.37,,,,,强烈推荐,,38.0
600546.SH,山煤国际,20200229,动力煤供需两弱，焦化利润遭受打压：煤炭产业链跟踪周报,非个股,一般报告,招商证券,"卢平,王西典",2019Q4,,,,113000.0,0.57,,,,,无,,
603919.SH,金徽酒,20200229,地产白酒的突围之道：白酒行业专题报告,非个股,一般报告,招商证券,"杨勇胜,李泽明",2021Q4,206200.0,,,36800.0,0.94,,,,,审慎推荐,,18.0
300569.SZ,天能重工,20200229,天能重工2019年度业绩快报点评：2019业绩强势增长，海工潜力可期,点评,一般报告,国信证券,"方重寅,王蔚祺",2021Q4,298000.0,,53900.0,45800.0,2.012,6.5,11.6,19.0,6.9,买入,,
000717.SZ,韶钢松山,20200229,钢铁行业周报（2020年第9周）：关注建筑业复工和钢厂检修情况，重视政策超预期的可能性,非个股,一般报告,广发证券,李莎,2021Q4,,,,244371.965,1.01,,,21.8,,买入,,
002318.SZ,久立特材,20200229,钢铁行业周报（2020年第9周）：关注建筑业复工和钢厂检修情况，重视政策超预期的可能性,非个股,一般报告,广发证券,李莎,2021Q4,,,,46284.579,0.55,,,11.1,,买入,,
000596.SZ,古井贡酒,20200229,地产白酒的突围之道：白酒行业专题报告,非个股,一般报告,招商证券,"杨勇胜,李泽明",2019Q4,1041800.0,,,220300.0,4.38,,,,,强烈推荐,,151.0
603369.SH,今世缘,20200229,地产白酒的突围之道：白酒行业专题报告,非个股,一般报告,招商证券,"杨勇胜,李泽明",2019Q4,485700.0,,,143800.0,1.15,,,,,强烈推荐,,38.0
300394.SZ,天孚通信,20200229,并购重组方案调整规则明确，推荐产业信息化主线——中小盘伐谋周报,非个股,一般报告,国泰君安,无,2019Q4,53600.0,,,18400.0,0.93,,,,,增持,,
002756.SZ,永兴材料,20200229,钢铁行业周报（2020年第9周）：关注建筑业复工和钢厂检修情况，重视政策超预期的可能性,非个股,一般报告,广发证券,李莎,2021Q4,,,,52560.0,1.46,,,13.9,,买入,,
600900.SH,长江电力,20200229,浮动电价实施，疫情影响用电增速——2020年春季电力行业投资策略,非个股,一般报告,上海证券,冀丽俊,2019Q4,,,,2156000.0,0.98,,,,,谨慎增持,,
300628.SZ,亿联网络,20200229,5G新基建不断加码，通信板块未来向好趋势不变——通信行业周报,非个股,一般报告,新时代证券,"胡皓,马长欣",2019Q4,,,,112699.608,1.88,,,,,无,,
002739.SZ,万达电影,20200229,万达电影2019年业绩快报点评：扣除减值后净利符合预期，影院复工时间尚不明确,点评,一般报告,西部证券,"李艳丽,卢翌",2020Q4,,,180000.0,143600.0,0.69,23.4,,9.0,,买入,,
300815.SZ,玉禾田,20200229,玉禾田：市政环卫＋物业清洁双轮驱动，借力资本再腾飞,深度,首次关注,太平洋证券,闫广,2021Q4,629500.0,,92300.0,68500.0,4.95,18.29,,36.81,10.0,买入,,127.4
603236.SH,移远通信,20200229,5G新基建不断加码，通信板块未来向好趋势不变——通信行业周报,非个股,一般报告,新时代证券,"胡皓,马长欣",2020Q4,,,,38971.66,4.37,,,,,无,,
600282.SH,南钢股份,20200229,钢铁行业周报（2020年第9周）：关注建筑业复工和钢厂检修情况，重视政策超预期的可能性,非个股,一般报告,广发证券,李莎,2020Q4,,,,327786.216,0.74,,,17.9,,买入,,
603589.SH,口子窖,20200229,地产白酒的突围之道：白酒行业专题报告,非个股,一般报告,招商证券,"杨勇胜,李泽明",2020Q4,513300.0,,,190300.0,3.17,,,,,强烈推荐,,56.0
600011.SH,华能国际,20200229,浮动电价实施，疫情影响用电增速——2020年春季电力行业投资策略,非个股,一般报告,上海证券,冀丽俊,2019Q4,,,,612225.641,0.39,,,,,谨慎增持,,
603236.SH,移远通信,20200229,5G新基建不断加码，通信板块未来向好趋势不变——通信行业周报,非个股,一般报告,新时代证券,"胡皓,马长欣",2019Q4,,,,25237.94,2.83,,,,,无,,
601016.SH,节能风电,20200229,浮动电价实施，疫情影响用电增速——2020年春季电力行业投资策略,非个股,一般报告,上海证券,冀丽俊,2020Q4,,,,66488.96,0.16,,,,,谨慎增持,,
300760.SZ,迈瑞医疗,20200229,疫情提升行业关注度，长期结构性趋势不改——2020年医药行业春季投资策略,非个股,一般报告,上海证券,"魏赟,黄施齐",2021Q4,2436372.0,,,691132.0,5.68,,,,,谨慎增持,,
002434.SZ,万里扬,20200229,万里扬19年业绩快报点评：第4季度收入同比环比均大幅增长符合预期，三大产品线发力上攻,点评,一般报告,长城证券,"孙志东,刘欣畅,刘佳",2019Q4,518506.0,,53757.0,44613.0,0.33,27.48,,7.1,14.59,推荐,,
300569.SZ,天能重工,20200229,天能重工2019年度业绩快报点评：2019业绩强势增长，海工潜力可期,点评,一般报告,国信证券,"方重寅,王蔚祺",2019Q4,255000.0,,34300.0,27900.0,1.226,10.6,2.8,14.1,10.5,买入,,
601225.SH,陕西煤业,20200229,动力煤供需两弱，焦化利润遭受打压：煤炭产业链跟踪周报,非个股,一般报告,招商证券,"卢平,王西典",2019Q4,,,,1190000.0,1.19,,,,,无,,
600398.SH,海澜之家,20200229,纺织服装业：疫情加速行业结构优化，运动品牌受益,非个股,一般报告,国泰君安,"郝帅,方榕佳,丁凡",2019Q4,,,,358021.011,0.81,,,,,增持,,
000717.SZ,韶钢松山,20200229,钢铁行业周报（2020年第9周）：关注建筑业复工和钢厂检修情况，重视政策超预期的可能性,非个股,一般报告,广发证券,李莎,2020Q4,,,,234693.868,0.97,,,26.7,,买入,,
002798.SZ,帝欧家居,20200229,帝欧家居：2019净利润增长48.97％，Q4营收增速环比加快,点评,一般报告,山西证券,杨晶晶,2020Q4,696280.0,,83690.0,73310.0,1.9,13.05,,12.0,8.4,买入,,
300207.SZ,欣旺达,20200229,欣旺达：业务多点开花，空间可期,点评,一般报告,国金证券,"柴明,姚遥",2020Q4,3336400.0,461100.0,133000.0,120000.0,0.765,25.18,,17.23,,买入,,
603589.SH,口子窖,20200229,地产白酒的突围之道：白酒行业专题报告,非个股,一般报告,招商证券,"杨勇胜,李泽明",2021Q4,564600.0,,,211200.0,3.51,,,,,强烈推荐,,56.0
002434.SZ,万里扬,20200229,万里扬19年业绩快报点评：第4季度收入同比环比均大幅增长符合预期，三大产品线发力上攻,点评,一般报告,长城证券,"孙志东,刘欣畅,刘佳",2021Q4,934101.0,,131557.0,109179.0,0.81,11.23,,14.1,7.26,推荐,,
002110.SZ,三钢闽光,20200229,钢铁行业周报（2020年第9周）：关注建筑业复工和钢厂检修情况，重视政策超预期的可能性,非个股,一般报告,广发证券,李莎,2021Q4,,,,517282.586,2.11,,,21.1,,买入,,
300760.SZ,迈瑞医疗,20200229,疫情提升行业关注度，长期结构性趋势不改——2020年医药行业春季投资策略,非个股,一般报告,上海证券,"魏赟,黄施齐",2020Q4,20203048.0,,,567004.0,4.66,,,,,谨慎增持,,
600498.SH,烽火通信,20200229,5G新基建不断加码，通信板块未来向好趋势不变——通信行业周报,非个股,一般报告,新时代证券,"胡皓,马长欣",2019Q4,,,,99533.694,0.85,,,,,无,,
002216.SZ,三全食品,20200229,杠铃式策略效果显著，茅台又到战略配置时－中泰食品饮料周报（第9周）,非个股,一般报告,中泰证券,"范劲松,龚小乐,熊欣慰,房昭强",2021Q4,,,,42360.686,0.53,,,,,买入,,
300760.SZ,迈瑞医疗,20200229,疫情提升行业关注度，长期结构性趋势不改——2020年医药行业春季投资策略,非个股,一般报告,上海证券,"魏赟,黄施齐",2019Q4,1669673.0,,,462953.0,3.81,,,,,谨慎增持,,
603583.SH,捷昌驱动,20200229,并购重组方案调整规则明确，推荐产业信息化主线——中小盘伐谋周报,非个股,一般报告,国泰君安,无,2021Q4,243100.0,,,52600.0,2.96,,,,,增持,,50.0
601088.SH,中国神华,20200229,动力煤供需两弱，焦化利润遭受打压：煤炭产业链跟踪周报,非个股,一般报告,招商证券,"卢平,王西典",2019Q4,,,,4534833.464,2.28,,,,,无,,
000063.SZ,中兴通讯,20200229,5G新基建不断加码，通信板块未来向好趋势不变——通信行业周报,非个股,一般报告,新时代证券,"胡皓,马长欣",2020Q4,,,,700587.607,1.52,,,,,无,,
600900.SH,长江电力,20200229,浮动电价实施，疫情影响用电增速——2020年春季电力行业投资策略,非个股,一般报告,上海证券,冀丽俊,2020Q4,,,,2244000.0,1.02,,,,,谨慎增持,,
002318.SZ,久立特材,20200229,钢铁行业周报（2020年第9周）：关注建筑业复工和钢厂检修情况，重视政策超预期的可能性,非个股,一般报告,广发证券,李莎,2020Q4,,,,44601.504,0.53,,,11.9,,买入,,
000977.SZ,浪潮信息,20200229,5G新基建不断加码，通信板块未来向好趋势不变——通信行业周报,非个股,一般报告,新时代证券,"胡皓,马长欣",2019Q4,,,,86379.895,0.67,,,,,无,,
603919.SH,金徽酒,20200229,地产白酒的突围之道：白酒行业专题报告,非个股,一般报告,招商证券,"杨勇胜,李泽明",2020Q4,180800.0,,,31700.0,0.81,,,,,审慎推荐,,18.0
601001.SH,大同煤业,20200229,动力煤供需两弱，焦化利润遭受打压：煤炭产业链跟踪周报,非个股,一般报告,招商证券,"卢平,王西典",2019Q4,,,,88706.1,0.53,,,,,无,,
603236.SH,移远通信,20200229,5G新基建不断加码，通信板块未来向好趋势不变——通信行业周报,非个股,一般报告,新时代证券,"胡皓,马长欣",2021Q4,,,,58234.54,6.53,,,,,无,,
000596.SZ,古井贡酒,20200229,地产白酒的突围之道：白酒行业专题报告,非个股,一般报告,招商证券,"杨勇胜,李泽明",2021Q4,1377800.0,,,317200.0,6.31,,,,,强烈推荐,,151.0
300454.SZ,深信服,20200229,通信设备：协同5G商用，Wi－Fi6发力流量大时代,非个股,一般报告,海通证券,"朱劲松,余伟民,杨彤昕",2020Q4,516600.0,,,93500.0,2.32,,,,,无,,
300815.SZ,玉禾田,20200229,玉禾田：市政环卫＋物业清洁双轮驱动，借力资本再腾飞,深度,首次关注,太平洋证券,闫广,2020Q4,486000.0,,67900.0,50400.0,3.64,24.85,,38.98,13.74,买入,,127.4
603583.SH,捷昌驱动,20200229,并购重组方案调整规则明确，推荐产业信息化主线——中小盘伐谋周报,非个股,一般报告,国泰君安,无,2019Q4,139500.0,,,32200.0,1.81,,,,,增持,,50.0
000977.SZ,浪潮信息,20200229,5G新基建不断加码，通信板块未来向好趋势不变——通信行业周报,非个股,一般报告,新时代证券,"胡皓,马长欣",2021Q4,,,,166313.53,1.29,,,,,无,,
000063.SZ,中兴通讯,20200229,5G新基建不断加码，通信板块未来向好趋势不变——通信行业周报,非个股,一般报告,新时代证券,"胡皓,马长欣",2019Q4,,,,548486.35,1.19,,,,,无,,
002798.SZ,帝欧家居,20200229,帝欧家居：2019净利润增长48.97％，Q4营收增速环比加快,点评,一般报告,山西证券,杨晶晶,2019Q4,557030.0,,64960.0,56710.0,1.47,16.88,,10.5,10.6,买入,,
002478.SZ,常宝股份,20200229,钢铁行业周报（2020年第9周）：关注建筑业复工和钢厂检修情况，重视政策超预期的可能性,非个股,一般报告,广发证券,李莎,2021Q4,,,,91199.324,0.95,,,23.0,,买入,,
603583.SH,捷昌驱动,20200229,并购重组方案调整规则明确，推荐产业信息化主线——中小盘伐谋周报,非个股,一般报告,国泰君安,无,2020Q4,186300.0,,,41400.0,2.33,,,,,增持,,50.0
600845.SH,宝信软件,20200229,5G新基建不断加码，通信板块未来向好趋势不变——通信行业周报,非个股,一般报告,新时代证券,"胡皓,马长欣",2021Q4,,,,139125.171,1.22,,,,,无,,
300815.SZ,玉禾田,20200229,玉禾田：市政环卫＋物业清洁双轮驱动，借力资本再腾飞,深度,首次关注,太平洋证券,闫广,2019Q4,359500.0,,42200.0,31300.0,2.2616,30.01,,34.53,15.92,买入,,127.4
600398.SH,海澜之家,20200229,纺织服装业：疫情加速行业结构优化，运动品牌受益,非个股,一般报告,国泰君安,"郝帅,方榕佳,丁凡",2021Q4,,,,411061.161,0.93,,,,,增持,,
600782.SH,新钢股份,20200229,钢铁行业周报（2020年第9周）：关注建筑业复工和钢厂检修情况，重视政策超预期的可能性,非个股,一般报告,广发证券,李莎,2020Q4,,,,427288.841,1.34,,,18.4,,买入,,
601088.SH,中国神华,20200229,动力煤供需两弱，焦化利润遭受打压：煤炭产业链跟踪周报,非个股,一般报告,招商证券,"卢平,王西典",2020Q4,,,,4594502.325,2.31,,,,,无,,
603919.SH,金徽酒,20200229,地产白酒的突围之道：白酒行业专题报告,非个股,一般报告,招商证券,"杨勇胜,李泽明",2019Q4,164400.0,,,28300.0,0.72,,,,,审慎推荐,,18.0
601898.SH,中煤能源,20200229,动力煤供需两弱，焦化利润遭受打压：煤炭产业链跟踪周报,非个股,一般报告,招商证券,"卢平,王西典",2020Q4,,,,715967.824,0.54,,,,,无,,
002739.SZ,万达电影,20200229,万达电影2019年业绩快报点评：扣除减值后净利符合预期，影院复工时间尚不明确,点评,一般报告,西部证券,"李艳丽,卢翌",2021Q4,,,220700.0,172800.0,0.83,19.5,,9.8,,买入,,
000938.SZ,紫光股份,20200229,通信设备：协同5G商用，Wi－Fi6发力流量大时代,非个股,一般报告,海通证券,"朱劲松,余伟民,杨彤昕",2021Q4,9400000.0,,,291800.0,1.43,,,,,优于大市,,
002301.SZ,齐心集团,20200229,齐心集团：2019业绩预告符合预期，B2B＋云视频双轮驱动,点评,一般报告,山西证券,杨晶晶,2020Q4,815160.0,,38000.0,33630.0,0.458,41.66,,7.3,29.2,增持,,
300454.SZ,深信服,20200229,深信服：营收保持高增长，安全与云计算加速成长,点评,一般报告,太平洋证券,王文龙,2020Q4,602200.0,,104200.0,93300.0,2.28,87.35,,18.62,67.59,买入,,
002555.SZ,三七互娱,20200229,三七互娱公司动态点评：20Q1手游流水超预期，20M3开启新产品周期,一般,一般报告,长城证券,"杨晓峰,何思霖",2019Q4,1322600.0,,,214400.0,1.02,33.0,,,,推荐,,
300616.SZ,尚品宅配,20200229,尚品宅配：2019扣非净利润增长26.80％，Q4净利润增速环比回升,点评,一般报告,山西证券,杨晶晶,2019Q4,726470.0,,63370.0,52790.0,2.66,26.82,,10.1,14.4,增持,,
002695.SZ,煌上煌,20200229,煌上煌公司动态点评：2019年增速合理，看好开店带来新增,点评,一般报告,长城证券,黄瑞云,2021Q4,304310.0,,45578.0,36000.0,0.7,22.0,,13.4,14.66,推荐,,21.2
300616.SZ,尚品宅配,20200229,尚品宅配：2019扣非净利润增长26.80％，Q4净利润增速环比回升,点评,一般报告,山西证券,杨晶晶,2020Q4,799120.0,,71080.0,59210.0,2.98,23.92,,10.2,11.5,增持,,
600438.SH,通威股份,20200229,通威股份：硅料扩产启动，电池边际改善,点评,一般报告,中泰证券,"苏晨,花秀宁",2019Q4,3638158.0,,320750.0,270896.0,0.7,,1.2,14.07,15.2,买入,,
002695.SZ,煌上煌,20200229,煌上煌公司动态点评：2019年增速合理，看好开店带来新增,点评,一般报告,长城证券,黄瑞云,2019Q4,211694.0,,27197.0,22000.0,0.43,36.0,,10.6,24.33,推荐,,21.2
002602.SZ,世纪华通,20200229,世纪华通2019年年报快报点评：业绩符合预期，2020成长有望加速,点评,一般报告,国信证券,张衡,2020Q4,1813300.0,,479800.0,420124.0,0.71,19.1,3.5,21.9,18.5,买入,,
600438.SH,通威股份,20200229,通威股份：硅料扩产启动，电池边际改善,点评,一般报告,中泰证券,"苏晨,花秀宁",2021Q4,4893965.0,,563580.0,475626.0,1.23,,2.1,17.86,9.3,买入,,
002511.SZ,中顺洁柔,20200229,中顺洁柔：业绩增长符合预期，继续看好成长逻辑,点评,一般报告,中泰证券,"徐稚涵,郭美鑫,徐偲",2021Q4,947323.0,,105853.0,85741.0,0.66,,,16.59,12.85,买入,,
300454.SZ,深信服,20200229,深信服：营收保持高增长，安全与云计算加速成长,点评,一般报告,太平洋证券,王文龙,2019Q4,459000.0,,84700.0,75800.0,1.85,107.49,,18.31,84.55,买入,,
002555.SZ,三七互娱,20200229,三七互娱公司动态点评：20Q1手游流水超预期，20M3开启新产品周期,一般,一般报告,长城证券,"杨晓峰,何思霖",2021Q4,1736300.0,,,270000.0,,26.0,,,,推荐,,
002555.SZ,三七互娱,20200229,三七互娱公司动态点评：20Q1手游流水超预期，20M3开启新产品周期,一般,一般报告,长城证券,"杨晓峰,何思霖",2020Q4,1471400.0,,,246400.0,,29.0,,,,推荐,,
002602.SZ,世纪华通,20200229,世纪华通2019年年报快报点评：业绩符合预期，2020成长有望加速,点评,一般报告,国信证券,张衡,2019Q4,1511100.0,,344000.0,301263.0,0.51,26.6,2.5,18.7,26.1,买入,,
300616.SZ,尚品宅配,20200229,尚品宅配：2019扣非净利润增长26.80％，Q4净利润增速环比回升,点评,一般报告,山西证券,杨晶晶,2021Q4,895020.0,,,67850.0,3.42,20.87,,,,增持,,
002511.SZ,中顺洁柔,20200229,中顺洁柔：业绩增长符合预期，继续看好成长逻辑,点评,一般报告,中泰证券,"徐稚涵,郭美鑫,徐偲",2020Q4,798852.0,,93599.0,75347.0,0.58,,,16.84,14.63,买入,,
002511.SZ,中顺洁柔,20200229,中顺洁柔：业绩增长符合预期，继续看好成长逻辑,点评,一般报告,中泰证券,"徐稚涵,郭美鑫,徐偲",2019Q4,663481.0,,75848.0,60691.0,0.46,,,15.76,17.66,买入,,
002602.SZ,世纪华通,20200229,世纪华通2019年年报快报点评：业绩符合预期，2020成长有望加速,点评,一般报告,国信证券,张衡,2021Q4,2049000.0,,569000.0,498258.0,0.84,16.1,4.1,21.8,15.7,买入,,
300454.SZ,深信服,20200229,深信服：营收保持高增长，安全与云计算加速成长,点评,一般报告,太平洋证券,王文龙,2021Q4,801000.0,,128400.0,114900.0,2.81,70.94,,18.84,53.83,买入,,
600438.SH,通威股份,20200229,通威股份：硅料扩产启动，电池边际改善,点评,一般报告,中泰证券,"苏晨,花秀宁",2020Q4,4422389.0,,481010.0,405205.0,1.04,,1.8,18.34,10.2,买入,,
600507.SH,方大特钢,20200229,方大特钢2019年年报点评：业绩符合预期，铁精粉营收贡献增加,点评,一般报告,国泰君安,"李鹏飞,魏雨迪,张树玮",2022Q4,1572500.0,,,173400.0,1.2,7.17,6.1,17.1,6.16,增持,,10.8
600507.SH,方大特钢,20200229,方大特钢2019年年报点评：业绩符合预期，铁精粉营收贡献增加,点评,一般报告,国泰君安,"李鹏飞,魏雨迪,张树玮",2020Q4,1532500.0,,,164400.0,1.14,7.55,0.0,18.5,6.36,增持,,10.8
300770.SZ,新媒股份,20200229,新媒股份：精心运营深挖用户价值，开拓成长空间,点评,一般报告,华泰证券,"王林,周钊",2020Q4,132900.0,,54282.0,54131.0,4.22,41.73,,19.82,29.79,增持,193.98,189.76
300770.SZ,新媒股份,20200229,新媒股份：精心运营深挖用户价值，开拓成长空间,点评,一般报告,华泰证券,"王林,周钊",2019Q4,99680.0,,39166.0,38722.0,3.02,58.34,,17.8,43.74,增持,193.98,189.76
002935.SZ,天奥电子,20200229,天奥电子：空天信息网络时频龙头,一般,首次关注,东兴证券,"陆洲,王习,朱雨时",2021Q4,116987.0,,18800.0,16738.0,1.046,20.26,,13.23,16.02,强烈推荐,,
300770.SZ,新媒股份,20200229,新媒股份：精心运营深挖用户价值，开拓成长空间,点评,一般报告,华泰证券,"王林,周钊",2021Q4,157500.0,,64561.0,64382.0,5.02,35.09,,19.17,23.52,增持,193.98,189.76
002695.SZ,煌上煌,20200229,煌上煌公司动态点评：2019年增速合理，看好开店带来新增,点评,一般报告,长城证券,黄瑞云,2020Q4,243448.0,,34848.0,27400.0,0.53,29.0,,11.6,18.79,推荐,,21.2
600507.SH,方大特钢,20200229,方大特钢2019年年报点评：业绩符合预期，铁精粉营收贡献增加,点评,一般报告,国泰君安,"李鹏飞,魏雨迪,张树玮",2021Q4,1558900.0,,,169100.0,1.17,7.35,5.8,17.8,6.4,增持,,10.8
300413.SZ,芒果超媒,20200229,芒果超媒：会员业务高速增长，内容优势持续可期,点评,一般报告,国金证券,"焦杉,高博文",2021Q4,1865700.0,711100.0,185600.0,182600.0,1.026,34.09,,15.02,,买入,,52.88
300413.SZ,芒果超媒,20200229,芒果超媒：会员业务高速增长，内容优势持续可期,点评,一般报告,国金证券,"焦杉,高博文",2020Q4,1528800.0,579100.0,156100.0,153300.0,0.861,40.6,,14.84,,买入,,52.88
300413.SZ,芒果超媒,20200229,芒果超媒：会员业务高速增长，内容优势持续可期,点评,一般报告,国金证券,"焦杉,高博文",2019Q4,1252300.0,461100.0,117800.0,115700.0,0.65,53.8,,13.15,,买入,,52.88
002935.SZ,天奥电子,20200229,天奥电子：空天信息网络时频龙头,一般,首次关注,东兴证券,"陆洲,王习,朱雨时",2020Q4,100667.0,,15000.0,13342.0,0.834,25.42,,10.83,19.72,强烈推荐,,
002935.SZ,天奥电子,20200229,天奥电子：空天信息网络时频龙头,一般,首次关注,东兴证券,"陆洲,王习,朱雨时",2019Q4,86693.0,,12400.0,10983.0,0.686,30.88,,9.12,23.55,强烈推荐,,
002508.SZ,老板电器,20200229,老板电器：高端厨电增长无忧，工程继续领衔,点评,一般报告,华泰证券,"林寰宇,王森泉",2019Q4,798200.0,,189500.0,163500.0,1.72,18.0,,23.62,15.23,买入,40.8,36.72
300015.SZ,爱尔眼科,20200229,爱尔眼科：2020年有望延续稳定增长，目前医院开诊率快速提升,点评,一般报告,太平洋证券,"杜佐远,蔡明子",2021Q4,1753800.0,,327300.0,242200.0,0.77,51.17,,18.64,,买入,,60.0
300015.SZ,爱尔眼科,20200229,爱尔眼科：2020年有望延续稳定增长，目前医院开诊率快速提升,点评,一般报告,太平洋证券,"杜佐远,蔡明子",2020Q4,1349100.0,,249700.0,184800.0,0.59,67.07,,17.48,,买入,,60.0
002402.SZ,和而泰,20200229,和而泰2019年业绩快报点评：业绩维持高增长，双核业务成长路径清晰,点评,一般报告,国泰君安,"王彦龙,程硕,王聪",2021Q4,655700.0,,,60200.0,0.66,24.43,0.0,20.5,13.39,增持,,18.99
002402.SZ,和而泰,20200229,和而泰2019年业绩快报点评：业绩维持高增长，双核业务成长路径清晰,点评,一般报告,国泰君安,"王彦龙,程硕,王聪",2020Q4,497800.0,,,43400.0,0.47,33.94,0.0,18.6,19.9,增持,,18.99
002402.SZ,和而泰,20200229,和而泰2019年业绩快报点评：业绩维持高增长，双核业务成长路径清晰,点评,一般报告,国泰君安,"王彦龙,程硕,王聪",2019Q4,364800.0,,,30300.0,0.33,48.58,0.0,15.9,29.82,增持,,18.99
002242.SZ,九阳股份,20200229,九阳股份：战略调整成效显著，期待与母公司协同效应,点评,一般报告,国盛证券,"鞠兴海,马王杰,高润鑫",2021Q4,1247900.0,,127400.0,106500.0,1.39,20.4,,20.5,14.8,买入,,
002242.SZ,九阳股份,20200229,九阳股份：战略调整成效显著，期待与母公司协同效应,点评,一般报告,国盛证券,"鞠兴海,马王杰,高润鑫",2020Q4,1100200.0,,113700.0,94500.0,1.23,23.1,,21.0,16.8,买入,,
002707.SZ,众信旅游,20200229,众信旅游2019年业绩快报点评：低基数下高增长，牵手中免进军免税,点评,一般报告,国泰君安,"刘越男,于清泰",2020Q4,1045600.0,,,10900.0,0.124,45.12,0.0,4.4,37.62,增持,,6.8
002508.SZ,老板电器,20200229,老板电器：高端厨电增长无忧，工程继续领衔,点评,一般报告,华泰证券,"林寰宇,王森泉",2021Q4,1076800.0,,260500.0,225100.0,2.37,13.08,,25.47,10.8,买入,40.8,36.72
002508.SZ,老板电器,20200229,老板电器：高端厨电增长无忧，工程继续领衔,点评,一般报告,华泰证券,"林寰宇,王森泉",2020Q4,924300.0,,224300.0,193700.0,2.04,15.2,,25.08,12.74,买入,40.8,36.72
300015.SZ,爱尔眼科,20200229,爱尔眼科：2020年有望延续稳定增长，目前医院开诊率快速提升,点评,一般报告,太平洋证券,"杜佐远,蔡明子",2019Q4,999300.0,,187600.0,138100.0,0.45,89.74,,19.53,,买入,,60.0
002242.SZ,九阳股份,20200229,九阳股份：战略调整成效显著，期待与母公司协同效应,点评,一般报告,国盛证券,"鞠兴海,马王杰,高润鑫",2019Q4,939800.0,,99300.0,81600.0,1.06,26.7,,20.8,19.5,买入,,
688363.SH,华熙生物,20200229,华熙生物2019年业绩快报点评：业绩快速增长，看好全球透明质酸龙头全产业链业务拓展,,首次评级,光大证券,"李婕,罗晓婷",2021Q4,329452.0,,121200.0,97884.0,2.04,42.0,0.0,15.57,30.0,买入,,
688363.SH,华熙生物,20200229,华熙生物2019年业绩快报点评：业绩快速增长，看好全球透明质酸龙头全产业链业务拓展,,首次评级,光大证券,"李婕,罗晓婷",2020Q4,251691.0,,93200.0,75732.0,1.58,55.0,0.0,14.27,40.0,买入,,
688363.SH,华熙生物,20200229,华熙生物2019年业绩快报点评：业绩快速增长，看好全球透明质酸龙头全产业链业务拓展,,首次评级,光大证券,"李婕,罗晓婷",2019Q4,187784.0,,72900.0,58530.0,1.22,71.0,0.0,12.86,51.0,买入,,
002707.SZ,众信旅游,20200229,众信旅游2019年业绩快报点评：低基数下高增长，牵手中免进军免税,点评,一般报告,国泰君安,"刘越男,于清泰",2021Q4,1324400.0,,,15100.0,0.17,32.59,0.0,5.8,28.75,增持,,6.8
002707.SZ,众信旅游,20200229,众信旅游2019年业绩快报点评：低基数下高增长，牵手中免进军免税,点评,一般报告,国泰君安,"刘越男,于清泰",2019Q4,1265200.0,,,8100.0,0.09,61.02,0.0,3.4,47.05,增持,,6.8
002597.SZ,金禾实业,20200229,金禾实业：成本不断优化，持续完善产业链布局,点评,一般报告,国金证券,"王明辉,蒲强",2021Q4,520200.0,161900.0,126900.0,109400.0,1.957,11.57,,20.11,,买入,,
002597.SZ,金禾实业,20200229,金禾实业：成本不断优化，持续完善产业链布局,点评,一般报告,国金证券,"王明辉,蒲强",2020Q4,459900.0,141500.0,110300.0,95100.0,1.701,13.31,,19.88,,买入,,
002597.SZ,金禾实业,20200229,金禾实业：成本不断优化，持续完善产业链布局,点评,一般报告,国金证券,"王明辉,蒲强",2019Q4,409200.0,125500.0,93900.0,81000.0,1.449,15.63,,19.22,,买入,,
002142.SZ,宁波银行,20200229,宁波银行2019年业绩快报点评：全面超预期，营收和利润增长双双加速,点评,一般报告,长城证券,邹恒超,Q,,,,,,,,,,强烈推荐,,
002023.SZ,海特高新,20200229,海特高新公司动态点评：业绩表现超预期，微电子业务有望放量,点评,一般报告,川财证券,"孙灿,杨广,傅欣璐",2021Q4,134800.0,,10700.0,9300.0,0.12,135.21,,,,增持,,
002023.SZ,海特高新,20200229,海特高新公司动态点评：业绩表现超预期，微电子业务有望放量,点评,一般报告,川财证券,"孙灿,杨广,傅欣璐",2020Q4,109300.0,,9600.0,8400.0,0.11,149.38,,,,增持,,
002023.SZ,海特高新,20200229,海特高新公司动态点评：业绩表现超预期，微电子业务有望放量,点评,一般报告,川财证券,"孙灿,杨广,傅欣璐",2019Q4,80200.0,,8600.0,7500.0,0.1,167.04,,,,增持,,
002174.SZ,游族网络,20200229,游族网络：2019年业绩承压，丰富产品储备助力2020业绩高增长,点评,一般报告,信达证券,王建会,2020Q4,493855.0,,149478.0,142830.0,1.61,17.0,,24.56,15.43,买入,,
300451.SZ,创业慧康,20200229,创业慧康公司点评报告：业绩符合预期，一体两翼稳步推进,点评,一般报告,国元证券,"耿军军,陈图南",2021Q4,238313.0,,58616.0,50796.0,0.7,34.32,,14.38,29.62,增持,,26.5
002212.SZ,南洋股份,20200229,南洋股份：网安业务收入超预期，资产结构优化备战行业高景气,点评,首份报告,太平洋证券,王文龙,2019Q4,710400.0,,43100.0,36700.0,0.32,87.86,,4.27,45.88,买入,,
300012.SZ,华测检测,20200229,华测检测：收入增长步入新常态,点评,一般报告,华泰证券,"王玮嘉,吴祖鹏,施静",2021Q4,457300.0,,87293.0,73100.0,0.44,36.91,,18.31,21.99,买入,19.77,19.77
601238.SH,广汽集团,20200229,广汽集团：TNGA基因加持，广丰威兰达正式上市,点评,一般报告,东北证券,"李恒光,刘力宇",2020Q4,7123700.0,,1106400.0,1011400.0,0.99,10.98,0.0,10.71,,买入,,14.0
002607.SZ,中公教育,20200229,中公教育：年业绩高增，略好于市场预期,点评,一般报告,安信证券,"刘文正,杜一帆",2021Q4,1595160.0,,376840.0,325460.0,0.53,39.8,1.7,25.3,22.4,买入,,24.5
300450.SZ,先导智能,20200229,先导智能业绩快报点评：Q4营收创单季度新高，将受益于动力电池扩产,点评,一般报告,渤海证券,"郑连声,陈兰芳",2019Q4,468400.0,,82700.0,74826.0,0.86,65.59,,17.55,59.45,增持,,
300357.SZ,我武生物,20200229,我武生物：2019年业绩维持快速增长，“南螨北蒿”产品布局可期,点评,一般报告,安信证券,"齐震,马帅",2021Q4,109880.0,,58640.0,49960.0,0.95,45.3,0.7,24.9,38.6,增持,,56.25
002174.SZ,游族网络,20200229,游族网络：2019年业绩承压，丰富产品储备助力2020业绩高增长,点评,一般报告,信达证券,王建会,2019Q4,352754.0,,61851.0,59100.0,0.67,41.0,,12.3,32.29,买入,,
300451.SZ,创业慧康,20200229,创业慧康公司点评报告：业绩符合预期，一体两翼稳步推进,点评,一般报告,国元证券,"耿军军,陈图南",2019Q4,146590.0,,36589.0,31653.0,0.43,55.07,,11.97,45.96,增持,,26.5
002245.SZ,澳洋顺昌,20200229,澳洋顺昌：无惧短期扰动，长期成长性可期,点评,一般报告,川财证券,"黄博,张天楠",2021Q4,428200.0,,34000.0,23800.0,0.24,19.58,,9.6,10.0,增持,,
002245.SZ,澳洋顺昌,20200229,澳洋顺昌：无惧短期扰动，长期成长性可期,点评,一般报告,川财证券,"黄博,张天楠",2020Q4,384800.0,,23500.0,16400.0,0.17,28.35,,7.3,13.0,增持,,
300450.SZ,先导智能,20200229,先导智能业绩快报点评：Q4营收创单季度新高，将受益于动力电池扩产,点评,一般报告,渤海证券,"郑连声,陈兰芳",2020Q4,610300.0,,115800.0,103614.0,1.18,47.77,,20.69,45.66,增持,,
002607.SZ,中公教育,20200229,中公教育：年业绩高增，略好于市场预期,点评,一般报告,安信证券,"刘文正,杜一帆",2019Q4,917610.0,,208930.0,180450.0,0.29,71.8,0.0,16.6,42.2,买入,,24.5
002508.SZ,老板电器,20200229,老板电器2019业绩快报点评：业绩符合预期，零售降幅环比改善,点评,一般报告,国泰君安,"范杨,孙浩文,颜晓晴",2021Q4,922000.0,,,197500.0,2.08,14.91,0.0,17.3,11.66,增持,,38.4
002508.SZ,老板电器,20200229,老板电器2019业绩快报点评：业绩符合预期，零售降幅环比改善,点评,一般报告,国泰君安,"范杨,孙浩文,颜晓晴",2019Q4,776100.0,,,158200.0,1.67,18.61,0.0,20.7,17.01,增持,,38.4
002212.SZ,南洋股份,20200229,南洋股份：网安业务收入超预期，资产结构优化备战行业高景气,点评,首份报告,太平洋证券,王文龙,2020Q4,575900.0,,69600.0,60800.0,0.52,52.97,,6.61,30.49,买入,,
300012.SZ,华测检测,20200229,华测检测：收入增长步入新常态,点评,一般报告,华泰证券,"王玮嘉,吴祖鹏,施静",2020Q4,388200.0,,70899.0,59591.0,0.36,45.28,,17.47,25.99,买入,19.77,19.77
002867.SZ,周大生,20200229,周大生：开店新高、线上加速，收入盈利反弹——2019业绩快报点评,点评,一般报告,国泰君安,"訾猛,陈彦辛",2021Q4,707100.0,,,139800.0,1.91,9.9,3.2,21.4,3.8,增持,,27.46
300398.SZ,飞凯材料,20200229,飞凯材料点评报告：业绩符合预期，看好下游景气度回升带来拐点,点评,一般报告,国元证券,毛正,2019Q4,151320.0,,31617.0,26358.0,0.51,39.56,,10.96,25.15,买入,,27.0
601238.SH,广汽集团,20200229,广汽集团：TNGA基因加持，广丰威兰达正式上市,点评,一般报告,东北证券,"李恒光,刘力宇",2019Q4,5962000.0,,816500.0,805500.0,0.79,13.79,0.0,9.55,,买入,,14.0
002174.SZ,游族网络,20200229,游族网络：2019年业绩承压，丰富产品储备助力2020业绩高增长,点评,一般报告,信达证券,王建会,2021Q4,567933.0,,173582.0,165862.0,1.87,14.0,,22.54,13.44,买入,,
300398.SZ,飞凯材料,20200229,飞凯材料点评报告：业绩符合预期，看好下游景气度回升带来拐点,点评,一般报告,国元证券,毛正,2021Q4,223544.0,,52190.0,43509.0,0.85,23.96,,14.09,16.61,买入,,27.0
300398.SZ,飞凯材料,20200229,飞凯材料点评报告：业绩符合预期，看好下游景气度回升带来拐点,点评,一般报告,国元证券,毛正,2020Q4,182250.0,,41932.0,34958.0,0.68,29.82,,12.93,19.96,买入,,27.0
002410.SZ,广联达,20200229,广联达：业绩符合预期，战略布局稳扎稳打,点评,一般报告,安信证券,"胡又文,徐文杰",2020Q4,407470.0,,54310.0,49600.0,0.44,101.6,0.5,13.6,76.6,买入,,
688066.SH,航天宏图,20200229,航天宏图：三大因素驱动，业绩快速增长,,首次评级,安信证券,"胡又文,徐文杰",2021Q4,123280.0,,24540.0,20880.0,1.26,37.4,0.0,22.0,30.8,买入,,
300357.SZ,我武生物,20200229,我武生物：2019年业绩维持快速增长，“南螨北蒿”产品布局可期,点评,一般报告,安信证券,"齐震,马帅",2019Q4,63940.0,,35060.0,29840.0,0.57,75.8,0.4,21.2,64.9,增持,,56.25
300450.SZ,先导智能,20200229,先导智能业绩快报点评：Q4营收创单季度新高，将受益于动力电池扩产,点评,一般报告,渤海证券,"郑连声,陈兰芳",2021Q4,801300.0,,147500.0,131976.0,1.5,37.5,,20.86,34.59,增持,,
002508.SZ,老板电器,20200229,老板电器2019业绩快报点评：业绩符合预期，零售降幅环比改善,点评,一般报告,国泰君安,"范杨,孙浩文,颜晓晴",2020Q4,837900.0,,,178100.0,1.88,16.53,0.0,18.9,13.71,增持,,38.4
002867.SZ,周大生,20200229,周大生：开店新高、线上加速，收入盈利反弹——2019业绩快报点评,点评,一般报告,国泰君安,"訾猛,陈彦辛",2020Q4,552200.0,,,106700.0,1.46,13.0,3.2,19.7,5.5,增持,,27.46
300012.SZ,华测检测,20200229,华测检测：收入增长步入新常态,点评,一般报告,华泰证券,"王玮嘉,吴祖鹏,施静",2019Q4,323800.0,,55800.0,47376.0,0.29,56.96,,16.15,33.01,买入,19.77,19.77
002867.SZ,周大生,20200229,周大生：开店新高、线上加速，收入盈利反弹——2019业绩快报点评,点评,一般报告,国泰君安,"訾猛,陈彦辛",2019Q4,543900.0,,,98900.0,1.35,14.0,3.2,21.3,6.2,增持,,27.46
002607.SZ,中公教育,20200229,中公教育：年业绩高增，略好于市场预期,点评,一般报告,安信证券,"刘文正,杜一帆",2020Q4,1208620.0,,282180.0,243710.0,0.4,53.1,1.1,20.5,31.2,买入,,24.5
002212.SZ,南洋股份,20200229,南洋股份：网安业务收入超预期，资产结构优化备战行业高景气,点评,首份报告,太平洋证券,王文龙,2021Q4,525100.0,,97800.0,85500.0,0.74,37.65,,8.51,21.97,买入,,
002410.SZ,广联达,20200229,广联达：业绩符合预期，战略布局稳扎稳打,点评,一般报告,安信证券,"胡又文,徐文杰",2021Q4,466030.0,,93170.0,85090.0,0.75,59.2,0.8,20.9,46.3,买入,,
300451.SZ,创业慧康,20200229,创业慧康公司点评报告：业绩符合预期，一体两翼稳步推进,点评,一般报告,国元证券,"耿军军,陈图南",2020Q4,186823.0,,44664.0,38679.0,0.53,45.07,,12.78,38.44,增持,,26.5
002245.SZ,澳洋顺昌,20200229,澳洋顺昌：无惧短期扰动，长期成长性可期,点评,一般报告,川财证券,"黄博,张天楠",2022Q4,483000.0,,57000.0,39900.0,0.41,11.68,,14.1,8.0,增持,,
300357.SZ,我武生物,20200229,我武生物：2019年业绩维持快速增长，“南螨北蒿”产品布局可期,点评,一般报告,安信证券,"齐震,马帅",2020Q4,83330.0,,45120.0,38420.0,0.73,58.8,0.5,23.1,50.8,增持,,56.25
002410.SZ,广联达,20200229,广联达：业绩符合预期，战略布局稳扎稳打,点评,一般报告,安信证券,"胡又文,徐文杰",2019Q4,354070.0,,25590.0,23380.0,0.21,215.7,0.2,6.9,144.6,买入,,
688066.SH,航天宏图,20200229,航天宏图：三大因素驱动，业绩快速增长,,首次评级,安信证券,"胡又文,徐文杰",2019Q4,60730.0,,9650.0,8210.0,0.49,95.1,0.0,13.6,72.7,买入,,
601238.SH,广汽集团,20200229,广汽集团：TNGA基因加持，广丰威兰达正式上市,点评,一般报告,东北证券,"李恒光,刘力宇",2021Q4,7765000.0,,1320800.0,1187500.0,1.16,9.35,0.0,11.17,,买入,,14.0
688066.SH,航天宏图,20200229,航天宏图：三大因素驱动，业绩快速增长,,首次评级,安信证券,"胡又文,徐文杰",2020Q4,88050.0,,16040.0,13640.0,0.82,57.2,0.0,18.5,46.4,买入,,
002901.SZ,大博医疗,20200229,大博医疗公司动态点评：业绩略超预期，Q4同比增长再加速,点评,一般报告,川财证券,周豫,2020Q4,159800.0,,70100.0,59100.0,1.47,45.0,,27.9,27.0,增持,,
002304.SZ,洋河股份,20200229,洋河股份：深化调整，蓄力求进——2019年业绩快报点评,点评,一般报告,国泰君安,"訾猛,李梓语",2021Q4,2942900.0,,,1030800.0,6.84,14.24,0.0,17.0,10.06,增持,,120.0
002541.SZ,鸿路钢构,20200229,鸿路钢构19年业绩快报点评：4Q19业绩超预期，或为现金流改善之果,点评,一般报告,光大证券,"孙伟风,武慧东",2020Q4,1396700.0,,80700.0,66300.0,1.27,9.0,,12.01,8.0,买入,,17.55
300601.SZ,康泰生物,20200229,康泰生物：2019年业绩略高于预告中位数，2020年业绩预计受疫情影响有限,点评,一般报告,安信证券,"马帅,齐震",2021Q4,397340.0,,163470.0,147120.0,2.28,48.7,0.6,37.3,42.0,买入,,
002230.SZ,科大讯飞,20200229,科大讯飞公司动态点评：行业赛道多点发力，营收突破百亿目标,点评,首份报告,长城证券,"周伟佳,李雪薇,封谊敏",2019Q4,1008841.0,,95570.0,78900.0,0.36,107.56,,9.3,52.43,推荐,,
300552.SZ,万集科技,20200229,万集科技：业绩大幅增长，智能网联先行者,点评,一般报告,安信证券,"胡又文,徐文杰",2021Q4,729590.0,,164760.0,143000.0,13.01,6.4,3.1,41.9,4.3,买入,,
300502.SZ,新易盛,20200229,新易盛公司动态点评：业绩高速增长超预期，5G与数通双轮驱动,点评,一般报告,川财证券,"周豫,杨广,傅欣璐",2019Q4,116500.0,,25000.0,21200.0,0.9,74.52,,,,增持,,
300078.SZ,思创医惠,20200229,思创医惠：智能开放平台奠定未来竞争力,一般,一般报告,国泰君安,李沐华,2019Q4,159600.0,,,16900.0,0.19,78.06,0.0,7.2,45.51,增持,,19.33
300792.SZ,壹网壹创,20200229,壹网壹创2019业绩快报点评报告：公司点评报告业绩符合预期，扩品牌步伐稳步推进,点评,一般报告,国元证券,"李典,杨柳",2020Q4,201616.0,,37106.0,27770.0,3.47,64.32,,30.52,50.23,增持,,235.68
300078.SZ,思创医惠,20200229,思创医惠：业绩符合预期，稳步推进治理结构的优化,点评,一般报告,安信证券,"胡又文,凌晨",2020Q4,200680.0,,31250.0,27370.0,0.31,48.3,0.6,8.5,38.7,买入,,20.0
300078.SZ,思创医惠,20200229,思创医惠：业绩符合预期，稳步推进治理结构的优化,点评,一般报告,安信证券,"胡又文,凌晨",2021Q4,255050.0,,45960.0,40240.0,0.46,32.8,0.9,11.4,26.7,买入,,20.0
002867.SZ,周大生,20200229,周大生2019年业绩快报点评：渠道加速扩张，业绩保持稳定增长,点评,一般报告,川财证券,"欧阳宇剑,张潇倩",2019Q4,543630.0,,128830.0,99060.0,1.3553,14.0,,22.2,,增持,,
300792.SZ,壹网壹创,20200229,壹网壹创2019业绩快报点评报告：公司点评报告业绩符合预期，扩品牌步伐稳步推进,点评,一般报告,国元证券,"李典,杨柳",2019Q4,154536.0,,28365.0,21229.0,2.65,84.13,,33.57,66.6,增持,,235.68
300502.SZ,新易盛,20200229,新易盛公司动态点评：业绩高速增长超预期，5G与数通双轮驱动,点评,一般报告,川财证券,"周豫,杨广,傅欣璐",2020Q4,163200.0,,34700.0,29500.0,1.25,53.63,,,,增持,,
300792.SZ,壹网壹创,20200229,壹网壹创2019业绩快报点评报告：公司点评报告业绩符合预期，扩品牌步伐稳步推进,点评,一般报告,国元证券,"李典,杨柳",2021Q4,254059.0,,48006.0,35928.0,4.49,49.71,,28.3,38.45,增持,,235.68
300552.SZ,万集科技,20200229,万集科技：业绩大幅增长，智能网联先行者,点评,一般报告,安信证券,"胡又文,徐文杰",2019Q4,329910.0,,95760.0,83120.0,7.56,11.0,1.8,57.8,8.5,买入,,
002901.SZ,大博医疗,20200229,大博医疗公司动态点评：业绩略超预期，Q4同比增长再加速,点评,一般报告,川财证券,周豫,2021Q4,199500.0,,88500.0,74600.0,1.86,36.0,,29.0,22.0,增持,,
002768.SZ,国恩股份,20200229,国恩股份：立足改性塑料主业，内生外延促业绩高增长,深度,一般报告,银河证券,"刘兰程,任文坡",2019Q4,504213.0,,47287.0,39457.0,1.455,17.92,,16.64,,推荐,,
300502.SZ,新易盛,20200229,新易盛公司动态点评：业绩高速增长超预期，5G与数通双轮驱动,点评,一般报告,川财证券,"周豫,杨广,傅欣璐",2021Q4,220300.0,,46100.0,39200.0,1.66,40.38,,,,增持,,
002695.SZ,煌上煌,20200229,煌上煌：肉制品业务增长符合预期，快速展店稳步推进,点评,一般报告,川财证券,"欧阳宇剑,郭晓东",2021Q4,331820.0,,43900.0,35805.0,0.7,24.04,,13.8,,增持,,
002230.SZ,科大讯飞,20200229,科大讯飞公司动态点评：行业赛道多点发力，营收突破百亿目标,点评,首份报告,长城证券,"周伟佳,李雪薇,封谊敏",2020Q4,1381792.0,,142999.0,120300.0,0.55,70.53,,12.8,37.01,推荐,,
002768.SZ,国恩股份,20200229,国恩股份：新材料板块大幅增长，口罩专用聚丙烯陆续投产,点评,首次关注,华西证券,"杨伟,王天鹤",2019Q4,506935.0,,45249.0,39378.0,1.45,17.96,,16.29,,增持,,
002508.SZ,老板电器,20200229,老板电器公司点评：业绩稳健边际略升竣工预期先获利,点评,一般报告,申港证券,"曹旭特,秦一超",2020Q4,877090.0,,213800.0,183816.0,1.94,16.02,,23.7,11.21,买入,,
300009.SZ,安科生物,20200229,安科生物：疫情有望显著提振干扰素销量，生长激素长期增长逻辑不改,点评,一般报告,安信证券,"马帅,齐震",2020Q4,226220.0,,55960.0,47430.0,0.45,33.7,1.3,19.9,25.5,买入,,18.0
002897.SZ,意华股份,20200229,意华股份：营收持续扩张，高速连接器业务增长可期,点评,一般报告,广发证券,"许兴军,王亮,谢淑颖",2021Q4,387400.0,,27400.0,22800.0,1.33,19.76,,14.2,14.37,买入,,31.68
300601.SZ,康泰生物,20200229,康泰生物：2019年业绩略高于预告中位数，2020年业绩预计受疫情影响有限,点评,一般报告,安信证券,"马帅,齐震",2020Q4,266950.0,,93850.0,84000.0,1.3,85.3,0.4,28.8,72.7,买入,,
002768.SZ,国恩股份,20200229,国恩股份：立足改性塑料主业，内生外延促业绩高增长,深度,一般报告,银河证券,"刘兰程,任文坡",2021Q4,712000.0,,73416.0,61259.0,2.258,11.54,,18.31,,推荐,,
300487.SZ,蓝晓科技,20200229,蓝晓科技：2019年业绩同比增长76.9%，看好未来,点评,一般报告,西南证券,"黄景文,杨林,周峰春,薛聪",2019Q4,101200.0,,29489.0,25337.0,1.23,31.93,0.35,21.06,22.35,买入,,
002695.SZ,煌上煌,20200229,煌上煌：肉制品业务增长符合预期，快速展店稳步推进,点评,一般报告,川财证券,"欧阳宇剑,郭晓东",2019Q4,211694.0,,27030.0,22050.0,0.43,39.04,,10.6,,增持,,
002768.SZ,国恩股份,20200229,国恩股份：立足改性塑料主业，内生外延促业绩高增长,深度,一般报告,银河证券,"刘兰程,任文坡",2020Q4,603700.0,,59222.0,49416.0,1.822,14.31,,17.61,,推荐,,
300601.SZ,康泰生物,20200229,康泰生物：2019年业绩略高于预告中位数，2020年业绩预计受疫情影响有限,点评,一般报告,安信证券,"马帅,齐震",2019Q4,194330.0,,64430.0,57340.0,0.89,124.9,0.2,24.6,102.3,买入,,
002897.SZ,意华股份,20200229,意华股份：营收持续扩张，高速连接器业务增长可期,点评,一般报告,广发证券,"许兴军,王亮,谢淑颖",2020Q4,320700.0,,21700.0,18000.0,1.06,24.97,,13.1,17.76,买入,,31.68
300078.SZ,思创医惠,20200229,思创医惠：业绩符合预期，稳步推进治理结构的优化,点评,一般报告,安信证券,"胡又文,凌晨",2019Q4,159650.0,,19640.0,17200.0,0.2,76.8,0.4,5.7,60.8,买入,,20.0
002867.SZ,周大生,20200229,周大生2019年业绩快报点评：渠道加速扩张，业绩保持稳定增长,点评,一般报告,川财证券,"欧阳宇剑,张潇倩",2020Q4,628130.0,,155510.0,122420.0,1.7,11.3,,23.9,,增持,,
002897.SZ,意华股份,20200229,意华股份：营收持续扩张，高速连接器业务增长可期,点评,一般报告,广发证券,"许兴军,王亮,谢淑颖",2019Q4,160900.0,,7000.0,7300.0,0.43,61.96,,6.1,35.4,买入,,31.68
300487.SZ,蓝晓科技,20200229,蓝晓科技：2019年业绩同比增长76.9%，看好未来,点评,一般报告,西南证券,"黄景文,杨林,周峰春,薛聪",2020Q4,128500.0,,39963.0,34336.0,1.66,23.56,0.63,22.96,15.91,买入,,
002768.SZ,国恩股份,20200229,国恩股份：新材料板块大幅增长，口罩专用聚丙烯陆续投产,点评,首次关注,华西证券,"杨伟,王天鹤",2020Q4,630223.0,,59355.0,51366.0,1.89,13.77,,17.53,,增持,,
002695.SZ,煌上煌,20200229,煌上煌：肉制品业务增长符合预期，快速展店稳步推进,点评,一般报告,川财证券,"欧阳宇剑,郭晓东",2020Q4,268799.0,,34300.0,27978.0,0.54,30.77,,12.2,,增持,,
300078.SZ,思创医惠,20200229,思创医惠：智能开放平台奠定未来竞争力,一般,一般报告,国泰君安,李沐华,2020Q4,200900.0,,,24200.0,0.28,54.5,0.0,9.3,33.47,增持,,19.33
002768.SZ,国恩股份,20200229,国恩股份：新材料板块大幅增长，口罩专用聚丙烯陆续投产,点评,首次关注,华西证券,"杨伟,王天鹤",2021Q4,769323.0,,72871.0,63181.0,2.33,11.19,,17.73,,增持,,
002541.SZ,鸿路钢构,20200229,鸿路钢构19年业绩快报点评：4Q19业绩超预期，或为现金流改善之果,点评,一般报告,光大证券,"孙伟风,武慧东",2019Q4,1074600.0,,65600.0,53900.0,1.03,12.0,,10.96,10.0,买入,,17.55
300487.SZ,蓝晓科技,20200229,蓝晓科技：2019年业绩同比增长76.9%，看好未来,点评,一般报告,西南证券,"黄景文,杨林,周峰春,薛聪",2021Q4,152500.0,,48565.0,41727.0,2.02,19.39,0.85,22.64,12.67,买入,,
300078.SZ,思创医惠,20200229,思创医惠：智能开放平台奠定未来竞争力,一般,一般报告,国泰君安,李沐华,2021Q4,257000.0,,,34600.0,0.4,38.17,0.0,11.7,24.03,增持,,19.33
002867.SZ,周大生,20200229,周大生2019年业绩快报点评：渠道加速扩张，业绩保持稳定增长,点评,一般报告,川财证券,"欧阳宇剑,张潇倩",2021Q4,731020.0,,190940.0,149710.0,2.0,9.3,,25.3,,增持,,
002508.SZ,老板电器,20200229,老板电器公司点评：业绩稳健边际略升竣工预期先获利,点评,一般报告,申港证券,"曹旭特,秦一超",2019Q4,776059.0,,185800.0,158213.0,1.67,18.61,,23.14,13.39,买入,,
002508.SZ,老板电器,20200229,老板电器公司点评：业绩稳健边际略升竣工预期先获利,点评,一般报告,申港证券,"曹旭特,秦一超",2021Q4,972040.0,,249600.0,214653.0,2.26,13.71,,24.32,9.17,买入,,
300009.SZ,安科生物,20200229,安科生物：疫情有望显著提振干扰素销量，生长激素长期增长逻辑不改,点评,一般报告,安信证券,"马帅,齐震",2019Q4,171590.0,,16400.0,13930.0,0.13,114.9,0.4,6.6,71.6,买入,,18.0
002304.SZ,洋河股份,20200229,洋河股份：深化调整，蓄力求进——2019年业绩快报点评,点评,一般报告,国泰君安,"訾猛,李梓语",2020Q4,2622400.0,,,905200.0,6.01,16.21,0.0,18.0,12.34,增持,,120.0
300009.SZ,安科生物,20200229,安科生物：疫情有望显著提振干扰素销量，生长激素长期增长逻辑不改,点评,一般报告,安信证券,"马帅,齐震",2021Q4,254680.0,,67420.0,57230.0,0.54,28.0,1.6,21.2,20.8,买入,,18.0
002230.SZ,科大讯飞,20200229,科大讯飞公司动态点评：行业赛道多点发力，营收突破百亿目标,点评,首份报告,长城证券,"周伟佳,李雪薇,封谊敏",2021Q4,1879247.0,,206000.0,168300.0,0.77,50.4,,15.5,27.74,推荐,,
002304.SZ,洋河股份,20200229,洋河股份：深化调整，蓄力求进——2019年业绩快报点评,点评,一般报告,国泰君安,"訾猛,李梓语",2019Q4,2311000.0,,,734100.0,4.87,19.99,0.0,17.9,16.97,增持,,120.0
002901.SZ,大博医疗,20200229,大博医疗公司动态点评：业绩略超预期，Q4同比增长再加速,点评,一般报告,川财证券,周豫,2019Q4,127000.0,,55400.0,46600.0,1.16,57.0,,26.9,34.0,增持,,
300552.SZ,万集科技,20200229,万集科技：业绩大幅增长，智能网联先行者,点评,一般报告,安信证券,"胡又文,徐文杰",2020Q4,579020.0,,121400.0,104150.0,9.47,8.8,2.3,45.8,6.7,买入,,
002158.SZ,汉钟精机,20200229,汉钟精机2019年业绩快报点评：国内真空设备龙头，深度受益光伏锂电半导体需求向好,点评,首次关注,国信证券,"贺泽安,吴双",2021Q4,277253.0,,55500.0,47689.0,0.89,13.63,4.4,20.73,13.24,买入,,
300659.SZ,中孚信息,20200229,中孚信息：净利润超预告上线，继续看好未来业绩弹性,点评,一般报告,安信证券,"胡又文,徐文杰",2020Q4,105540.0,,25510.0,22960.0,1.73,45.1,0.4,30.5,37.6,买入,,
300725.SZ,药石科技,20200229,药石科技：收入超预期，业绩受主要激励费用等影响，未来持续增长趋势明显,点评,一般报告,国盛证券,"张金洋,胡偌碧",2019Q4,60200.0,,18300.0,15000.0,1.04,84.4,,20.6,64.6,买入,,
002410.SZ,广联达,20200229,广联达公司公告点评：2019Q4营收增长加速，助力“八三”开局,点评,一般报告,海通证券,"郑宏达,杨林,洪琳,于成龙",2019Q4,354072.0,,26100.0,23400.0,0.21,215.64,0.0,6.8,183.67,优于大市,,
002605.SZ,姚记科技,20200229,姚记科技：一季度预告超预期，“宅”经济驱动高增长,点评,一般报告,招商证券,"郑恺,吴昊,顾佳",2020Q4,188800.0,,66200.0,56800.0,1.43,24.9,,22.1,14.6,强烈推荐,,
002912.SZ,中新赛克,20200229,中新赛克：业绩符合预期，宽带与数据业务有序发展,点评,一般报告,安信证券,"胡又文,陈冠呈",2020Q4,118190.0,,37790.0,37790.0,3.54,47.7,0.5,21.0,47.6,买入,,190.0
002756.SZ,永兴材料,20200229,永兴材料公司深度报告：三维度看好永兴材料,深度,一般报告,海通证券,"刘彦奇,施毅,周慧琳",2021Q4,620100.0,,70600.0,60000.0,1.67,10.77,3.1,13.9,6.63,优于大市,,
002541.SZ,鸿路钢构,20200229,鸿路钢构19年业绩快报点评：4Q19业绩超预期，或为现金流改善之果,点评,一般报告,光大证券,"孙伟风,武慧东",2021Q4,1684700.0,,99700.0,81900.0,1.56,8.0,,13.06,6.0,买入,,17.55
600872.SH,中炬高新,20200229,中炬高新2019年业绩快报点评：业绩符合预期，美味鲜经营优化,点评,一般报告,光大证券,"叶倩瑜,张喆,陈彦彤",2019Q4,467500.0,,92900.0,71800.0,0.9,42.0,0.8,17.34,30.6,买入,,
300284.SZ,苏交科,20200229,苏交科：Q4扣非业绩大增，全年盈利增长持续稳健,点评,一般报告,国盛证券,"夏天,何亚轩,廖文强",2020Q4,692800.0,,108700.0,84200.0,0.87,10.1,,15.1,6.9,买入,,
002607.SZ,中公教育,20200229,中公教育2019年业绩快报点评：推进OMO融合布局，中公持续寻求规模增长,点评,一般报告,光大证券,"刘凯,贾昌浩",2021Q4,1810000.0,,417100.0,349500.0,0.57,37.0,0.8,43.46,1.9,买入,,
002138.SZ,顺络电子,20200229,顺络电子2019年业绩快报点评：公司业绩符合预期，5G与汽车电子进展顺利,点评,一般报告,光大证券,"刘凯,王经纬",2020Q4,369400.0,,71700.0,61200.0,0.76,35.0,1.0,12.2,19.0,买入,,
300725.SZ,药石科技,20200229,药石科技：收入超预期，业绩受主要激励费用等影响，未来持续增长趋势明显,点评,一般报告,国盛证券,"张金洋,胡偌碧",2020Q4,80600.0,,25300.0,21300.0,1.47,59.6,,22.9,46.2,买入,,
002508.SZ,老板电器,20200229,老板电器：经营表现稳健，待2020年行业回暖,点评,一般报告,国盛证券,"鞠兴海,马王杰,高润鑫",2020Q4,853900.0,,202000.0,175700.0,1.85,16.8,,21.8,12.7,增持,,
600872.SH,中炬高新,20200229,中炬高新：业绩超预期，驶入快车道,点评,一般报告,安信证券,"苏铖,徐哲琪",2021Q4,681630.0,,153760.0,121660.0,1.53,24.8,1.3,22.2,17.4,买入,,47.07
002607.SZ,中公教育,20200229,中公教育2019年业绩快报点评：推进OMO融合布局，中公持续寻求规模增长,点评,一般报告,光大证券,"刘凯,贾昌浩",2020Q4,1324100.0,,304600.0,253900.0,0.41,51.0,0.6,47.7,2.2,买入,,
002563.SZ,森马服饰,20200229,森马服饰：下半年去库存导致收入放缓，中长期价值显现,点评,一般报告,华西证券,唐爽爽,2019Q4,1935852.0,,206733.0,154588.0,0.57,13.56,,13.17,,增持,,
300601.SZ,康泰生物,20200229,康泰生物：四联苗高速放量，有望实现量价齐升,一般,首次关注,华西证券,"崔文亮,周平,蔡承霖",2020Q4,277405.0,,96697.0,83643.0,1.3,85.65,,25.79,,买入,,
600872.SH,中炬高新,20200229,中炬高新：业绩超预期，驶入快车道,点评,一般报告,安信证券,"苏铖,徐哲琪",2019Q4,467370.0,,92870.0,71840.0,0.9,41.9,0.8,17.7,27.5,买入,,47.07
300284.SZ,苏交科,20200229,苏交科：Q4扣非业绩大增，全年盈利增长持续稳健,点评,一般报告,国盛证券,"夏天,何亚轩,廖文强",2019Q4,605300.0,,95000.0,72600.0,0.75,11.7,,15.0,8.1,买入,,
002007.SZ,华兰生物,20200229,华兰生物：血制品业务受疫情正面提振，四价流感疫苗有望继续快速放量,点评,一般报告,安信证券,"马帅,齐震",2020Q4,500400.0,,217670.0,176180.0,1.26,33.1,1.1,22.2,24.6,买入,,
600872.SH,中炬高新,20200229,中炬高新：业绩超预期，驶入快车道,点评,一般报告,安信证券,"苏铖,徐哲琪",2020Q4,549830.0,,115080.0,88640.0,1.11,34.0,1.0,19.0,23.1,买入,,47.07
688363.SH,华熙生物,20200229,华熙生物：功能性护肤品/医疗终端驱动收入高增，业绩符合预期,,一般报告,安信证券,"刘文正,杜一帆",2019Q4,187780.0,,71460.0,58510.0,1.22,70.9,0.0,24.9,42.3,买入,,98.68
002064.SZ,华峰氨纶,20200229,华峰氨纶：业绩符合预期，盈利能力行业领先,点评,一般报告,中泰证券,"谢楠,叶欣怡",2020Q4,1481000.0,346600.0,261200.0,230900.0,0.498,10.89,,17.6,,买入,,
002158.SZ,汉钟精机,20200229,汉钟精机2019年业绩快报点评：国内真空设备龙头，深度受益光伏锂电半导体需求向好,点评,首次关注,国信证券,"贺泽安,吴双",2020Q4,229013.0,,40700.0,34971.0,0.65,18.58,3.1,16.58,16.99,买入,,
688363.SH,华熙生物,20200229,华熙生物：功能性护肤品/医疗终端驱动收入高增，业绩符合预期,,一般报告,安信证券,"刘文正,杜一帆",2021Q4,368470.0,,128070.0,105030.0,2.19,39.5,0.0,25.1,24.4,买入,,98.68
002242.SZ,九阳股份,20200229,九阳股份：品类扩张效果良好，新营销方式活跃,点评,一般报告,中金,"何伟,韦一飞",2020Q4,1003900.0,,104300.0,89800.0,1.17,23.1,3.3,21.6,17.5,跑赢行业,,33.35
002821.SZ,凯莱英,20200229,凯莱英：收入端高速增长，经营趋势良好，CDMO龙头强者恒强,点评,一般报告,国盛证券,"张金洋,胡偌碧",2019Q4,246100.0,,65500.0,55600.0,2.4,74.5,,18.9,54.6,买入,,
002508.SZ,老板电器,20200229,老板电器：经营表现稳健，待2020年行业回暖,点评,一般报告,国盛证券,"鞠兴海,马王杰,高润鑫",2019Q4,776000.0,,181800.0,158300.0,1.67,18.6,,22.8,14.7,增持,,
002912.SZ,中新赛克,20200229,中新赛克：业绩符合预期，宽带与数据业务有序发展,点评,一般报告,安信证券,"胡又文,陈冠呈",2021Q4,165470.0,,53650.0,53650.0,5.03,33.6,0.7,24.3,32.2,买入,,190.0
300073.SZ,当升科技,20200229,当升科技：业绩快报符合预期，2020年轻装上阵,点评,一般报告,中金,"曾韬,张月,李璇",2019Q4,258600.0,,-23900.0,-20800.0,-0.48,,0.0,-6.6,,跑赢行业,,40.0
300284.SZ,苏交科,20200229,苏交科：Q4扣非业绩大增，全年盈利增长持续稳健,点评,一般报告,国盛证券,"夏天,何亚轩,廖文强",2021Q4,788700.0,,124800.0,97000.0,1.0,8.8,,15.1,5.8,买入,,
300450.SZ,先导智能,20200229,先导智能：业绩低于预期，维持未来两年高增长判断,点评,一般报告,国金证券,"王华君,赵玥炜",2019Q4,468100.0,187400.0,84500.0,74800.0,0.849,66.16,,19.27,,买入,,75.0
300433.SZ,蓝思科技,20200229,蓝思科技：业绩快报接近上限，今明两年仍有持续超预期空间,点评,一般报告,中金,"胡誉镜,黄乐平,刘莹莹",2020Q4,3800400.0,991800.0,431500.0,364500.0,0.83,23.4,1.3,18.1,12.1,跑赢行业,,27.0
002912.SZ,中新赛克,20200229,中新赛克：业绩符合预期，宽带与数据业务有序发展,点评,一般报告,安信证券,"胡又文,陈冠呈",2019Q4,90450.0,,29610.0,29610.0,2.77,60.8,0.4,19.5,61.7,买入,,190.0
002756.SZ,永兴材料,20200229,永兴材料公司深度报告：三维度看好永兴材料,深度,一般报告,海通证券,"刘彦奇,施毅,周慧琳",2020Q4,585700.0,,63500.0,54000.0,1.5,11.97,3.1,13.8,7.79,优于大市,,
002756.SZ,永兴材料,20200229,永兴材料公司深度报告：三维度看好永兴材料,深度,一般报告,海通证券,"刘彦奇,施毅,周慧琳",2019Q4,496200.0,,42700.0,36400.0,1.01,17.75,3.1,10.2,10.78,优于大市,,
300659.SZ,中孚信息,20200229,中孚信息：净利润超预告上线，继续看好未来业绩弹性,点评,一般报告,安信证券,"胡又文,徐文杰",2021Q4,147750.0,,36950.0,33260.0,2.5,31.1,0.6,32.6,25.2,买入,,
002138.SZ,顺络电子,20200229,顺络电子2019年业绩快报点评：公司业绩符合预期，5G与汽车电子进展顺利,点评,一般报告,光大证券,"刘凯,王经纬",2019Q4,269300.0,,47100.0,40200.0,0.5,53.0,1.0,8.85,25.0,买入,,
002242.SZ,九阳股份,20200229,九阳股份：品类扩张效果良好，新营销方式活跃,点评,一般报告,中金,"何伟,韦一飞",2021Q4,1181200.0,,128600.0,108000.0,1.41,19.2,3.9,24.0,14.2,跑赢行业,,33.35
300601.SZ,康泰生物,20200229,康泰生物：四联苗高速放量，有望实现量价齐升,一般,首次关注,华西证券,"崔文亮,周平,蔡承霖",2019Q4,194322.0,,66318.0,57365.0,0.89,124.88,,23.84,,买入,,
300725.SZ,药石科技,20200229,药石科技：收入超预期，业绩受主要激励费用等影响，未来持续增长趋势明显,点评,一般报告,国盛证券,"张金洋,胡偌碧",2021Q4,107400.0,,35400.0,30100.0,2.08,42.2,,25.0,32.8,买入,,
002563.SZ,森马服饰,20200229,森马服饰：下半年去库存导致收入放缓，中长期价值显现,点评,一般报告,华西证券,唐爽爽,2020Q4,1661811.0,,188077.0,140520.0,0.52,14.92,4.0,11.65,,增持,,
002410.SZ,广联达,20200229,广联达2019年业绩快报点评：造价业务符合预期，施工业务增速亮眼,点评,一般报告,国泰君安,李博伦,2019Q4,354100.0,,,23400.0,0.21,215.55,0.3,7.1,151.95,增持,,52.0
002821.SZ,凯莱英,20200229,凯莱英：收入端高速增长，经营趋势良好，CDMO龙头强者恒强,点评,一般报告,国盛证券,"张金洋,胡偌碧",2021Q4,431600.0,,118300.0,101100.0,4.37,41.0,,22.3,29.4,买入,,
002138.SZ,顺络电子,20200229,顺络电子2019年业绩快报点评：公司业绩符合预期，5G与汽车电子进展顺利,点评,一般报告,光大证券,"刘凯,王经纬",2021Q4,491700.0,,95600.0,81600.0,1.01,26.0,1.0,14.51,16.0,买入,,
002410.SZ,广联达,20200229,广联达公司公告点评：2019Q4营收增长加速，助力“八三”开局,点评,一般报告,海通证券,"郑宏达,杨林,洪琳,于成龙",2021Q4,548914.0,,56200.0,50600.0,0.45,99.61,0.0,11.8,83.67,优于大市,,
300450.SZ,先导智能,20200229,先导智能：业绩低于预期，维持未来两年高增长判断,点评,一般报告,国金证券,"王华君,赵玥炜",2021Q4,944500.0,377400.0,228600.0,202300.0,2.295,24.47,,31.71,,买入,,75.0
300450.SZ,先导智能,20200229,先导智能：业绩低于预期，维持未来两年高增长判断,点评,一般报告,国金证券,"王华君,赵玥炜",2020Q4,595200.0,238700.0,138300.0,122400.0,1.388,40.44,,25.75,,买入,,75.0
002607.SZ,中公教育,20200229,中公教育2019年业绩快报点评：推进OMO融合布局，中公持续寻求规模增长,点评,一般报告,光大证券,"刘凯,贾昌浩",2019Q4,917600.0,,218200.0,180500.0,0.29,72.0,0.4,54.03,2.4,买入,,
002410.SZ,广联达,20200229,广联达2019年业绩快报点评：造价业务符合预期，施工业务增速亮眼,点评,一般报告,国泰君安,李博伦,2021Q4,496500.0,,,80200.0,0.71,62.84,0.6,20.4,47.2,增持,,52.0
300073.SZ,当升科技,20200229,当升科技：业绩快报符合预期，2020年轻装上阵,点评,一般报告,中金,"曾韬,张月,李璇",2021Q4,584000.0,,52100.0,45300.0,1.04,26.4,0.7,12.6,16.3,跑赢行业,,40.0
688363.SH,华熙生物,20200229,华熙生物：功能性护肤品/医疗终端驱动收入高增，业绩符合预期,,一般报告,安信证券,"刘文正,杜一帆",2020Q4,260650.0,,97130.0,79030.0,1.65,52.5,0.0,25.2,31.3,买入,,98.68
300348.SZ,长亮科技,20200229,长亮科技：2019快报符合预期，海外业务持续较快增长,一般,一般报告,广发证券,"刘雪峰,王奇珏",2020Q4,161900.0,,27100.0,23700.0,0.49,42.48,,13.5,35.47,买入,,29.6
300433.SZ,蓝思科技,20200229,蓝思科技：业绩快报接近上限，今明两年仍有持续超预期空间,点评,一般报告,中金,"胡誉镜,黄乐平,刘莹莹",2019Q4,3245300.0,823300.0,300600.0,253000.0,0.58,33.7,0.9,14.2,15.5,跑赢行业,,27.0
002605.SZ,姚记科技,20200229,姚记科技：一季度预告超预期，“宅”经济驱动高增长,点评,一般报告,招商证券,"郑恺,吴昊,顾佳",2019Q4,167000.0,,45400.0,35100.0,0.88,40.3,,16.6,20.0,强烈推荐,,
002605.SZ,姚记科技,20200229,姚记科技：一季度预告超预期，“宅”经济驱动高增长,点评,一般报告,招商证券,"郑恺,吴昊,顾佳",2021Q4,207600.0,,79000.0,67800.0,1.7,20.9,,22.0,12.5,强烈推荐,,
300073.SZ,当升科技,20200229,当升科技：业绩快报符合预期，2020年轻装上阵,点评,一般报告,中金,"曾韬,张月,李璇",2020Q4,427300.0,,41800.0,36400.0,0.83,32.9,0.6,11.3,21.1,跑赢行业,,40.0
002410.SZ,广联达,20200229,广联达公司公告点评：2019Q4营收增长加速，助力“八三”开局,点评,一般报告,海通证券,"郑宏达,杨林,洪琳,于成龙",2020Q4,438337.0,,39700.0,35700.0,0.32,141.27,0.0,9.4,120.24,优于大市,,
002508.SZ,老板电器,20200229,老板电器：经营表现稳健，待2020年行业回暖,点评,一般报告,国盛证券,"鞠兴海,马王杰,高润鑫",2021Q4,931700.0,,222700.0,193600.0,2.04,15.2,,20.7,11.2,增持,,
300348.SZ,长亮科技,20200229,长亮科技：2019快报符合预期，海外业务持续较快增长,一般,一般报告,广发证券,"刘雪峰,王奇珏",2021Q4,200200.0,,36800.0,32300.0,0.67,31.25,,15.5,25.45,买入,,29.6
002563.SZ,森马服饰,20200229,森马服饰：下半年去库存导致收入放缓，中长期价值显现,点评,一般报告,华西证券,唐爽爽,2021Q4,1776808.0,,215736.0,161214.0,0.6,13.01,4.0,12.8,,增持,,
002007.SZ,华兰生物,20200229,华兰生物：血制品业务受疫情正面提振，四价流感疫苗有望继续快速放量,点评,一般报告,安信证券,"马帅,齐震",2019Q4,369990.0,,157730.0,128350.0,0.91,45.4,0.8,18.9,33.3,买入,,
002064.SZ,华峰氨纶,20200229,华峰氨纶：业绩符合预期，盈利能力行业领先,点评,一般报告,中泰证券,"谢楠,叶欣怡",2019Q4,1394000.0,325000.0,250800.0,174200.0,0.376,14.44,,15.88,,买入,,
600872.SH,中炬高新,20200229,中炬高新2019年业绩快报点评：业绩符合预期，美味鲜经营优化,点评,一般报告,光大证券,"叶倩瑜,张喆,陈彦彤",2021Q4,632800.0,,138800.0,108700.0,1.36,28.0,1.2,19.6,21.1,买入,,
300659.SZ,中孚信息,20200229,中孚信息：净利润超预告上线，继续看好未来业绩弹性,点评,一般报告,安信证券,"胡又文,徐文杰",2019Q4,60310.0,,13880.0,12490.0,0.94,82.9,0.2,21.9,72.3,买入,,
002242.SZ,九阳股份,20200229,九阳股份：品类扩张效果良好，新营销方式活跃,点评,一般报告,中金,"何伟,韦一飞",2019Q4,935100.0,,94000.0,82400.0,1.07,25.1,3.0,21.0,19.4,跑赢行业,,33.35
002821.SZ,凯莱英,20200229,凯莱英：收入端高速增长，经营趋势良好，CDMO龙头强者恒强,点评,一般报告,国盛证券,"张金洋,胡偌碧",2020Q4,326600.0,,88100.0,75000.0,3.24,55.2,,20.8,39.8,买入,,
300348.SZ,长亮科技,20200229,长亮科技：2019快报符合预期，海外业务持续较快增长,一般,一般报告,广发证券,"刘雪峰,王奇珏",2019Q4,131500.0,,14700.0,12900.0,0.27,78.29,,8.5,65.75,买入,,29.6
002410.SZ,广联达,20200229,广联达2019年业绩快报点评：造价业务符合预期，施工业务增速亮眼,点评,一般报告,国泰君安,李博伦,2020Q4,398900.0,,,32400.0,0.29,155.61,0.4,9.4,155.53,增持,,52.0
002064.SZ,华峰氨纶,20200229,华峰氨纶：业绩符合预期，盈利能力行业领先,点评,一般报告,中泰证券,"谢楠,叶欣怡",2021Q4,1674900.0,394200.0,297300.0,262900.0,0.567,9.57,,16.84,,买入,,
002007.SZ,华兰生物,20200229,华兰生物：血制品业务受疫情正面提振，四价流感疫苗有望继续快速放量,点评,一般报告,安信证券,"马帅,齐震",2021Q4,603380.0,,264630.0,213030.0,1.52,27.3,1.3,22.9,19.7,买入,,
300433.SZ,蓝思科技,20200229,蓝思科技：业绩快报接近上限，今明两年仍有持续超预期空间,点评,一般报告,中金,"胡誉镜,黄乐平,刘莹莹",2021Q4,4407300.0,1159900.0,516400.0,435800.0,0.99,19.6,1.5,18.8,10.9,跑赢行业,,27.0
300601.SZ,康泰生物,20200229,康泰生物：四联苗高速放量，有望实现量价齐升,一般,首次关注,华西证券,"崔文亮,周平,蔡承霖",2021Q4,396822.0,,145336.0,125715.0,1.95,56.98,,27.94,,买入,,
600872.SH,中炬高新,20200229,中炬高新2019年业绩快报点评：业绩符合预期，美味鲜经营优化,点评,一般报告,光大证券,"叶倩瑜,张喆,陈彦彤",2020Q4,527100.0,,108200.0,83700.0,1.05,36.0,0.9,17.68,26.6,买入,,
002158.SZ,汉钟精机,20200229,汉钟精机2019年业绩快报点评：国内真空设备龙头，深度受益光伏锂电半导体需求向好,点评,首次关注,国信证券,"贺泽安,吴双",2019Q4,180680.0,,28700.0,24702.0,0.46,26.31,2.0,12.57,22.49,买入,,
002541.SZ,鸿路钢构,20200229,鸿路钢构：Q4业绩大增142％超预期，产能释放驱动成长,点评,一般报告,国盛证券,"夏天,何亚轩,廖文强",2019Q4,1074600.0,,65700.0,53900.0,1.03,11.6,,11.0,8.2,买入,,
300502.SZ,新易盛,20200229,新易盛：单季度业绩再创新高，技术升级助力弯道超车,点评,一般报告,国盛证券,"宋嘉吉,丁劲",2021Q4,227900.0,,48400.0,43100.0,1.82,39.6,,22.1,32.3,买入,,
300502.SZ,新易盛,20200229,新易盛：单季度业绩再创新高，技术升级助力弯道超车,点评,一般报告,国盛证券,"宋嘉吉,丁劲",2020Q4,173600.0,,37400.0,33300.0,1.41,51.3,,20.8,41.7,买入,,
300502.SZ,新易盛,20200229,新易盛：单季度业绩再创新高，技术升级助力弯道超车,点评,一般报告,国盛证券,"宋嘉吉,丁劲",2019Q4,116400.0,,23700.0,21300.0,0.9,80.0,,16.2,63.9,买入,,
002607.SZ,中公教育,20200229,中公教育：超额完成业绩承诺，学习基地稳步推进,点评,一般报告,中泰证券,"范欣悦,吴张爽",2021Q4,1718600.0,,407200.0,346100.0,0.56,37.0,,14.0,,买入,,
002607.SZ,中公教育,20200229,中公教育：超额完成业绩承诺，学习基地稳步推进,点评,一般报告,中泰证券,"范欣悦,吴张爽",2020Q4,1268600.0,,295300.0,251000.0,0.41,52.0,,11.1,,买入,,
002607.SZ,中公教育,20200229,中公教育：超额完成业绩承诺，学习基地稳步推进,点评,一般报告,中泰证券,"范欣悦,吴张爽",2019Q4,917600.0,,212300.0,180500.0,0.29,72.0,,14.6,,买入,,
300759.SZ,康龙化成,20200229,康龙化成：业绩维持高速增长，盈利能力继续提升,点评,首次关注,华西证券,"崔文亮,徐顺利",2021Q4,604023.0,,126894.0,106894.0,1.35,42.86,,22.53,,买入,,
300759.SZ,康龙化成,20200229,康龙化成：业绩维持高速增长，盈利能力继续提升,点评,首次关注,华西证券,"崔文亮,徐顺利",2020Q4,479402.0,,93588.0,78900.0,0.99,58.06,,21.47,,买入,,
300759.SZ,康龙化成,20200229,康龙化成：业绩维持高速增长，盈利能力继续提升,点评,首次关注,华西证券,"崔文亮,徐顺利",2019Q4,375716.0,,65060.0,54719.0,0.69,83.72,,18.96,,买入,,
002541.SZ,鸿路钢构,20200229,鸿路钢构：Q4业绩大增142％超预期，产能释放驱动成长,点评,一般报告,国盛证券,"夏天,何亚轩,廖文强",2021Q4,1715600.0,,96200.0,76100.0,1.45,8.2,,12.2,6.0,买入,,
002541.SZ,鸿路钢构,20200229,鸿路钢构：Q4业绩大增142％超预期，产能释放驱动成长,点评,一般报告,国盛证券,"夏天,何亚轩,廖文强",2020Q4,1393900.0,,77700.0,62100.0,1.19,10.0,,11.3,7.1,买入,,
002707.SZ,众信旅游,20200229,众信旅游：传统业务盈利能力下滑，海外疫情扩散进一步加大公司压力,点评,一般报告,中金,"何伟,褚君",2020Q4,1039100.0,,15600.0,9600.0,0.11,51.3,0.3,4.0,17.7,中性,,6.6
002707.SZ,众信旅游,20200229,众信旅游：传统业务盈利能力下滑，海外疫情扩散进一步加大公司压力,点评,一般报告,中金,"何伟,褚君",2019Q4,1265100.0,,13500.0,8100.0,0.09,61.1,0.2,3.5,20.7,中性,,6.6
688111.SH,金山办公,20200229,金山办公：云海之上，千亿办公龙头的新征程,,首次关注,中金,"于钟海,钱凯",2021Q4,346700.0,308200.0,129900.0,116900.0,2.54,92.4,0.2,16.9,80.3,跑赢行业,,261.0
002707.SZ,众信旅游,20200229,众信旅游：传统业务盈利能力下滑，海外疫情扩散进一步加大公司压力,点评,一般报告,中金,"何伟,褚君",2021Q4,1540200.0,,39000.0,26400.0,0.3,18.6,0.8,10.1,9.6,中性,,6.6
688111.SH,金山办公,20200229,金山办公：云海之上，千亿办公龙头的新征程,,首次关注,中金,"于钟海,钱凯",2019Q4,157900.0,138100.0,42400.0,40300.0,0.87,268.3,0.1,11.5,242.0,跑赢行业,,261.0
002120.SZ,韵达股份,20200229,韵达股份：Q4业绩受市场竞争加剧影响，公司市占率持续提升,点评,一般报告,安信证券,"明兴,孙延",2021Q4,5531060.0,,454980.0,348600.0,1.57,18.9,1.3,18.1,10.1,买入,,36.72
002120.SZ,韵达股份,20200229,韵达股份：Q4业绩受市场竞争加剧影响，公司市占率持续提升,点评,一般报告,安信证券,"明兴,孙延",2020Q4,4361070.0,,396710.0,302430.0,1.36,21.8,1.1,18.2,12.0,买入,,36.72
688111.SH,金山办公,20200229,金山办公：云海之上，千亿办公龙头的新征程,,首次关注,中金,"于钟海,钱凯",2020Q4,243000.0,214700.0,78200.0,70400.0,1.53,153.4,0.1,11.5,132.8,跑赢行业,,261.0
002120.SZ,韵达股份,20200229,韵达股份：Q4业绩受市场竞争加剧影响，公司市占率持续提升,点评,一般报告,安信证券,"明兴,孙延",2019Q4,3462310.0,,350070.0,265560.0,1.19,24.8,0.8,18.5,14.7,买入,,36.72
300073.SZ,当升科技,20200229,当升科技：20年轻装上阵，海外业务拓展推动盈利改善,点评,一般报告,新时代证券,"开文明,王琎",2020Q4,402000.0,,43500.0,37400.0,0.86,32.0,,11.1,23.1,强烈推荐,,
300253.SZ,卫宁健康,20200229,卫宁健康2019年业绩快报点评：盈利质量显著提升，创新业务扬帆起航,点评,一般报告,中信证券,"杨泽原,刘雯蜀",2021Q4,333502.0,,83400.0,74321.0,0.46,56.0,,15.87,,增持,,
600872.SH,中炬高新,20200229,中炬高新业绩快报点评：调整元年，渐入佳境,点评,一般报告,新时代证券,"陈文倩,孙颖",2021Q4,689800.0,,144100.0,111500.0,1.4,27.0,,19.1,20.7,推荐,,
300196.SZ,长海股份,20200229,长海股份：净利率提升，未来看原纱扩产和复材拓展,点评,一般报告,中泰证券,孙颖,2019Q4,225000.0,64100.0,34700.0,30000.0,0.723,16.58,,10.78,,增持,,
002511.SZ,中顺洁柔,20200229,中顺洁柔：业绩符合预期，期待太阳和新品类齐发力──2019年业绩快报点评,点评,一般报告,浙商证券,姜浩,2021Q4,951226.0,,118285.0,95219.0,0.73,20.14,,17.02,12.13,买入,,
300253.SZ,卫宁健康,20200229,卫宁健康公司点评报告：业绩符合预期，双轮驱动快速发展,点评,一般报告,国元证券,"耿军军,陈图南",2021Q4,317701.0,,71107.0,68505.0,0.42,60.89,,14.24,51.0,增持,,26.4
300253.SZ,卫宁健康,20200229,卫宁健康公司点评报告：业绩符合预期，双轮驱动快速发展,点评,一般报告,国元证券,"耿军军,陈图南",2019Q4,190564.0,,40977.0,40023.0,0.25,104.23,,11.13,86.9,增持,,26.4
300725.SZ,药石科技,20200229,药石科技：公布定增预案，公司业务腾飞在即,点评,一般报告,国金证券,"王班,李敬雷",2021Q4,133700.0,68700.0,36800.0,32000.0,2.208,39.7,,26.32,,增持,,
300451.SZ,创业慧康,20200229,创业慧康：19年医疗行业利润持续高增，传统与创新业务有望同时加速发展,点评,一般报告,招商证券,"刘玉萍,范昳蕊",2019Q4,146600.0,,36600.0,31700.0,0.43,55.9,,12.2,34.7,强烈推荐,,
002402.SZ,和而泰,20200229,和而泰：全年业绩符合预期，控制器业务大客户战略收效显著,点评,一般报告,方正证券,"樊生龙,唐航",2020Q4,467546.0,,56978.0,47716.0,0.522,28.87,,20.0,,强烈推荐,,
300725.SZ,药石科技,20200229,药石科技：公布定增预案，公司业务腾飞在即,点评,一般报告,国金证券,"王班,李敬雷",2020Q4,90300.0,46800.0,24200.0,21100.0,1.455,60.26,,22.97,,增持,,
002562.SZ,兄弟科技,20200229,兄弟科技：业绩回暖，2020年有望迎经营拐点,点评,首次评级,安信证券,张汪强,2021Q4,264710.0,,27150.0,20360.0,0.23,26.1,1.1,8.5,12.8,买入,,6.5
002511.SZ,中顺洁柔,20200229,中顺洁柔：业绩符合预期，期待太阳和新品类齐发力──2019年业绩快报点评,点评,一般报告,浙商证券,姜浩,2019Q4,663479.0,,75393.0,60691.0,0.46,31.59,,15.84,19.09,买入,,
300253.SZ,卫宁健康,20200229,卫宁健康2019年业绩快报点评：盈利质量显著提升，创新业务扬帆起航,点评,一般报告,中信证券,"杨泽原,刘雯蜀",2019Q4,194820.0,,44900.0,40005.0,0.25,104.0,,11.42,,增持,,
002511.SZ,中顺洁柔,20200229,中顺洁柔：业绩符合预期，期待太阳和新品类齐发力──2019年业绩快报点评,点评,一般报告,浙商证券,姜浩,2020Q4,804230.0,,95256.0,76681.0,0.59,25.01,,16.19,15.45,买入,,
300196.SZ,长海股份,20200229,长海股份：净利率提升，未来看原纱扩产和复材拓展,点评,一般报告,中泰证券,孙颖,2021Q4,332400.0,100900.0,56200.0,48500.0,1.168,10.24,,13.96,,增持,,
300073.SZ,当升科技,20200229,当升科技：20年轻装上阵，海外业务拓展推动盈利改善,点评,一般报告,新时代证券,"开文明,王琎",2019Q4,228400.0,,-19800.0,-20900.0,-0.48,,,-6.9,,强烈推荐,,
300759.SZ,康龙化成,20200229,康龙化成：业绩维持高速增长，盈利能力继续提升,点评,首次评级,华西证券,"崔文亮,徐顺利",2021Q4,604023.0,,126894.0,106894.0,1.35,42.86,,22.53,,增持,,
300759.SZ,康龙化成,20200229,康龙化成：业绩维持高速增长，盈利能力继续提升,点评,首次评级,华西证券,"崔文亮,徐顺利",2020Q4,479402.0,,93588.0,78900.0,0.99,58.06,,21.47,,增持,,
300759.SZ,康龙化成,20200229,康龙化成：业绩维持高速增长，盈利能力继续提升,点评,首次评级,华西证券,"崔文亮,徐顺利",2019Q4,375716.0,,65060.0,54719.0,0.69,83.72,,18.96,,增持,,
688363.SH,华熙生物,20200229,华熙生物2019年业绩快报点评：业绩快速增长，看好全球透明质酸龙头全产业链业务拓展,点评,首次评级,光大证券,"李婕,罗晓婷",2021Q4,329452.0,,121200.0,97884.0,2.04,42.0,0.0,15.57,30.0,买入,,
688111.SH,金山办公,20200229,金山办公：云海之上，千亿办公龙头的新征程,一般,首次关注,中金,"于钟海,钱凯",2020Q4,243000.0,214700.0,78200.0,70400.0,1.53,153.4,0.1,11.5,132.8,跑赢行业,,261.0
688066.SH,航天宏图,20200229,航天宏图：三大因素驱动，业绩快速增长,一般,首次评级,安信证券,"胡又文,徐文杰",2020Q4,88050.0,,16040.0,13640.0,0.82,57.2,0.0,18.5,46.4,买入,,
688363.SH,华熙生物,20200229,华熙生物：功能性护肤品/医疗终端驱动收入高增，业绩符合预期,点评,一般报告,安信证券,"刘文正,杜一帆",2021Q4,368470.0,,128070.0,105030.0,2.19,39.5,0.0,25.1,24.4,买入,,98.68
688363.SH,华熙生物,20200229,华熙生物2019年业绩快报点评：业绩快速增长，看好全球透明质酸龙头全产业链业务拓展,点评,首次评级,光大证券,"李婕,罗晓婷",2020Q4,251691.0,,93200.0,75732.0,1.58,55.0,0.0,14.27,40.0,买入,,
688363.SH,华熙生物,20200229,华熙生物：功能性护肤品/医疗终端驱动收入高增，业绩符合预期,点评,一般报告,安信证券,"刘文正,杜一帆",2020Q4,260650.0,,97130.0,79030.0,1.65,52.5,0.0,25.2,31.3,买入,,98.68
688111.SH,金山办公,20200229,金山办公：云海之上，千亿办公龙头的新征程,一般,首次关注,中金,"于钟海,钱凯",2019Q4,157900.0,138100.0,42400.0,40300.0,0.87,268.3,0.1,11.5,242.0,跑赢行业,,261.0
688111.SH,金山办公,20200229,金山办公：云海之上，千亿办公龙头的新征程,一般,首次关注,中金,"于钟海,钱凯",2021Q4,346700.0,308200.0,129900.0,116900.0,2.54,92.4,0.2,16.9,80.3,跑赢行业,,261.0
688363.SH,华熙生物,20200229,华熙生物：功能性护肤品/医疗终端驱动收入高增，业绩符合预期,点评,一般报告,安信证券,"刘文正,杜一帆",2019Q4,187780.0,,71460.0,58510.0,1.22,70.9,0.0,24.9,42.3,买入,,98.68
688066.SH,航天宏图,20200229,航天宏图：三大因素驱动，业绩快速增长,一般,首次评级,安信证券,"胡又文,徐文杰",2019Q4,60730.0,,9650.0,8210.0,0.49,95.1,0.0,13.6,72.7,买入,,
688066.SH,航天宏图,20200229,航天宏图：三大因素驱动，业绩快速增长,一般,首次评级,安信证券,"胡又文,徐文杰",2021Q4,123280.0,,24540.0,20880.0,1.26,37.4,0.0,22.0,30.8,买入,,
688363.SH,华熙生物,20200229,华熙生物2019年业绩快报点评：业绩快速增长，看好全球透明质酸龙头全产业链业务拓展,点评,首次评级,光大证券,"李婕,罗晓婷",2019Q4,187784.0,,72900.0,58530.0,1.22,71.0,0.0,12.86,51.0,买入,,
300770.SZ,新媒股份,20200228,新媒股份点评：拓宽内容和平台护城河，深化“智慧家庭生态”助力持续高增长,点评,一般报告,新时代证券,"胡皓,马笑,殷成钢",2020Q4,134500.0,,50700.0,50400.0,3.93,42.9,,31.8,40.8,推荐,,
603660.SH,苏州科达,20200228,苏州科达公司公告：2020年有望迎来业绩拐点,点评,一般报告,海通证券,"郑宏达,杨林,黄竞晶,洪琳",2019Q4,253200.0,,9400.0,9100.0,0.18,77.11,0.0,4.6,63.37,优于大市,,
002324.SZ,普利特,20200228,普利特2019年业绩快报点评：业绩符合预期，持续看好,点评,一般报告,国海证券,"代鹏举,卢昊",2020Q4,378300.0,,25200.0,22700.0,0.43,42.95,,8.53,,买入,,
002063.SZ,远光软件,20200228,远光软件2019年业绩快报点评：业绩符合预期，迈入成长新阶段,点评,一般报告,新时代证券,"田杰华,李汉卿",2019Q4,156500.0,,22900.0,22700.0,0.27,44.9,,8.7,39.4,强烈推荐,,
002013.SZ,中航机电,20200228,中航机电：业绩符合预期，机电龙头前景广阔,点评,一般报告,东方证券,"王天一,罗楠,冯函",2019Q4,1222300.0,,124000.0,96700.0,0.27,28.9,,10.2,12.3,买入,,9.92
002063.SZ,远光软件,20200228,远光软件2019年业绩快报点评：业绩符合预期，迈入成长新阶段,点评,一般报告,新时代证券,"田杰华,李汉卿",2021Q4,269200.0,,35100.0,34800.0,0.41,29.2,,11.1,25.1,强烈推荐,,
300433.SZ,蓝思科技,20200228,蓝思科技：新周期，龙头再出发,点评,一般报告,长江证券,"莫文宇,谢尔曼",2020Q4,3831300.0,1116100.0,425200.0,384400.0,0.88,23.0,,16.0,13.03,买入,,
002511.SZ,中顺洁柔,20200228,中顺洁柔：需求向好新品层出，盈利能力高位稳定,点评,一般报告,招商证券,"李宏鹏,吴昊,郑恺",2020Q4,790600.0,,88700.0,74300.0,0.57,25.8,,16.8,18.6,强烈推荐,,
002013.SZ,中航机电,20200228,中航机电：业绩符合预期，机电龙头前景广阔,点评,一般报告,东方证券,"王天一,罗楠,冯函",2021Q4,1653700.0,,180100.0,140400.0,0.39,19.9,,12.4,8.1,买入,,9.92
002063.SZ,远光软件,20200228,远光软件2019年业绩快报点评：业绩符合预期，迈入成长新阶段,点评,一般报告,新时代证券,"田杰华,李汉卿",2020Q4,206900.0,,28100.0,28300.0,0.33,35.9,,9.9,31.8,强烈推荐,,
603660.SH,苏州科达,20200228,苏州科达公司公告：2020年有望迎来业绩拐点,点评,一般报告,海通证券,"郑宏达,杨林,黄竞晶,洪琳",2021Q4,368600.0,,33300.0,32500.0,0.64,21.69,0.0,12.8,18.1,优于大市,,
002242.SZ,九阳股份,20200228,九阳股份2019年业绩快报点评：核心品类优势扩大，增长路径清晰稳健,点评,一般报告,国泰君安,"范杨,李树建,颜晓晴",2021Q4,1220600.0,,,109700.0,1.43,18.9,3.1,23.5,15.8,增持,,32.44
300770.SZ,新媒股份,20200228,新媒股份点评：拓宽内容和平台护城河，深化“智慧家庭生态”助力持续高增长,点评,一般报告,新时代证券,"胡皓,马笑,殷成钢",2021Q4,166000.0,,64500.0,64200.0,5.0,33.7,,29.0,31.4,推荐,,
300770.SZ,新媒股份,20200228,新媒股份点评：拓宽内容和平台护城河，深化“智慧家庭生态”助力持续高增长,点评,一般报告,新时代证券,"胡皓,马笑,殷成钢",2019Q4,99700.0,,39200.0,38700.0,3.02,55.9,,35.4,53.7,推荐,,
002555.SZ,三七互娱,20200228,三七互娱：流水高速增长，智能系统有望提升运营效率,点评,一般报告,中金,张雪晴,2019Q4,1322600.0,1153400.0,272400.0,214400.0,1.01,33.4,1.2,31.9,27.6,跑赢行业,,38.0
002241.SZ,歌尔股份,20200228,歌尔股份公司公告点评：无线耳机和智能穿戴驱动增长，营收和净利润高增长,点评,一般报告,海通证券,"陈平,蒋俊,肖隽翀",2020Q4,4811719.0,782181.0,249300.0,208000.0,0.64,31.08,0.0,11.4,18.35,优于大市,,
603527.SH,众源新材,20200228,"众源新材：“质”“量”拐点,抢滩FPC铜箔和均热板",一般,首次关注,华泰证券,"李斌,邱乐园,江翰博",2021Q4,494500.0,,28337.0,22982.0,1.32,10.38,,19.58,6.39,买入,16.79,
300124.SZ,汇川技术,20200228,汇川技术：业绩快报略好于预期，期待三大业务持续改善,点评,一般报告,中金,"曾韬,张月,刘俊",2020Q4,1000100.0,,147700.0,135300.0,0.78,38.0,0.7,18.1,31.8,跑赢行业,,34.0
002507.SZ,涪陵榨菜,20200228,涪陵榨菜：2020年轻装上阵，升级新动能正当时,深度,一般报告,安信证券,"苏铖,徐哲琪",2019Q4,198950.0,,71230.0,60510.0,0.77,36.6,0.8,20.9,27.5,买入,,35.35
002648.SZ,卫星石化,20200228,卫星石化2019年业绩快报点评：业绩快报符合预期，继续看好C2项目,点评,一般报告,中泰证券,"谢楠,郭中伟",2021Q4,2044400.0,553700.0,346400.0,301000.0,2.82,5.73,,21.43,,买入,,
600297.SH,广汇汽车,20200228,广汇汽车投资价值分析报告：业绩有望长期稳健增长，政策预期或带动估值修复,深度,首次评级,光大证券,"倪昱婧,邵将",2019Q4,17346100.0,,501200.0,285900.0,0.35,11.3,,7.1,,买入,,4.73
300015.SZ,爱尔眼科,20200228,爱尔眼科：业绩预告符合预期，高增长态势延续,点评,一般报告,中泰证券,江琦,2020Q4,1251340.0,,254700.0,181408.0,0.59,68.32,,21.92,40.0,买入,,
002597.SZ,金禾实业,20200228,金禾实业：业绩预告符合预期，定远项目开拓成长空间,点评,一般报告,中泰证券,"谢楠,张倩",2020Q4,444327.0,,116783.0,100727.0,1.8,12.56,2.12,20.27,6.94,买入,,
002507.SZ,涪陵榨菜,20200228,涪陵榨菜：2020年轻装上阵，升级新动能正当时,深度,一般报告,安信证券,"苏铖,徐哲琪",2020Q4,229320.0,,89750.0,76280.0,0.97,29.1,1.0,22.2,21.5,买入,,35.35
002695.SZ,煌上煌,20200228,煌上煌：业绩符合预期，盈利能力改善,点评,一般报告,国盛证券,"符蓉,沈旸",2020Q4,244100.0,,36100.0,29800.0,0.58,28.9,,12.9,19.9,增持,,
002920.SZ,德赛西威,20200228,德赛西威公司公告点评：新项目陆续量产，Q4营收创新高,点评,一般报告,海通证券,"王猛,杜威,曹雅倩,郑蕾",2021Q4,740988.0,,60400.0,60400.0,1.1,39.19,0.7,12.2,30.67,优于大市,,
002367.SZ,康力电梯,20200228,康力电梯：营业质量大幅改善，内资电梯龙头兑现业绩,点评,一般报告,方正证券,"张小郭,黄瑞连,郭倩倩",2019Q4,366285.0,,30221.0,25537.0,0.32,24.11,,7.0,27.07,强烈推荐,,
300347.SZ,泰格医药,20200228,泰格医药：全年业绩继续保持高速增长，行业继续呈现高景气度,点评,首次关注,华西证券,"崔文亮,徐顺利",2021Q4,467561.0,,175039.0,136573.0,1.82,43.35,,22.94,,增持,,
002555.SZ,三七互娱,20200228,三七互娱：流水高速增长，智能系统有望提升运营效率,点评,一般报告,中金,张雪晴,2021Q4,2067300.0,1799700.0,372700.0,312200.0,1.48,22.9,1.7,30.2,18.5,跑赢行业,,38.0
300124.SZ,汇川技术,20200228,汇川技术：业绩快报略好于预期，期待三大业务持续改善,点评,一般报告,中金,"曾韬,张月,刘俊",2021Q4,1169300.0,,177900.0,163400.0,0.94,31.5,0.9,18.9,26.4,跑赢行业,,34.0
300015.SZ,爱尔眼科,20200228,爱尔眼科：业绩预告符合预期，高增长态势延续,点评,一般报告,中泰证券,江琦,2021Q4,1551372.0,,335400.0,237150.0,0.77,52.26,,23.07,32.0,买入,,
002597.SZ,金禾实业,20200228,金禾实业：业绩预告符合预期，定远项目开拓成长空间,点评,一般报告,中泰证券,"谢楠,张倩",2019Q4,397185.0,,93739.0,80876.0,1.45,15.65,2.39,19.12,9.06,买入,,
600297.SH,广汇汽车,20200228,广汇汽车投资价值分析报告：业绩有望长期稳健增长，政策预期或带动估值修复,深度,首次评级,光大证券,"倪昱婧,邵将",2020Q4,18093600.0,,552900.0,324600.0,0.4,10.0,,7.5,,买入,,4.73
002605.SZ,姚记科技,20200228,姚记科技：转型成效显著，业绩持续高速增长，广告模式将成业绩新增量,点评,一般报告,东吴证券,张良卫,2020Q4,209900.0,,71300.0,59566.0,1.49,23.87,,22.2,17.84,买入,,
300347.SZ,泰格医药,20200228,泰格医药：利润增长符合预期，子公司剥离略影响收入端增速,点评,一般报告,方正证券,周小刚,2021Q4,466640.0,,197241.0,151462.0,2.02,37.89,,26.0,,强烈推荐,,
002396.SZ,星网锐捷,20200228,星网锐捷：业绩增速略低于预期，积极拥抱云时代，白牌交换机+桌面云助力公司长期向好,点评,一般报告,方正证券,樊生龙,2021Q4,1505722.0,,137190.0,103441.0,1.77,25.42,,17.0,,推荐,,
002555.SZ,三七互娱,20200228,三七互娱：2019年业绩近预告上限，2020Q1预计游戏流水同比增长25%-30%,点评,一般报告,方正证券,"杨仁文,姚蕾,李舒婕",2021Q4,1783298.0,,357826.0,283756.0,1.34,25.36,,21.0,6.17,推荐,,
002241.SZ,歌尔股份,20200228,歌尔股份公司公告点评：无线耳机和智能穿戴驱动增长，营收和净利润高增长,点评,一般报告,海通证券,"陈平,蒋俊,肖隽翀",2019Q4,3516063.0,594046.0,157800.0,130700.0,0.4,49.45,0.0,8.0,24.85,优于大市,,
300015.SZ,爱尔眼科,20200228,爱尔眼科：业绩预告符合预期，高增长态势延续,点评,一般报告,中泰证券,江琦,2019Q4,999275.0,,192600.0,138137.0,0.45,89.72,,20.5,50.0,买入,,
002507.SZ,涪陵榨菜,20200228,涪陵榨菜：2020年轻装上阵，升级新动能正当时,深度,一般报告,安信证券,"苏铖,徐哲琪",2021Q4,266460.0,,109430.0,93010.0,1.18,23.8,1.3,22.8,17.3,买入,,35.35
002367.SZ,康力电梯,20200228,康力电梯：营业质量大幅改善，内资电梯龙头兑现业绩,点评,一般报告,方正证券,"张小郭,黄瑞连,郭倩倩",2020Q4,406438.0,,41484.0,35054.0,0.44,17.57,,9.0,15.64,强烈推荐,,
300759.SZ,康龙化成,20200228,康龙化成：CMC盈利能力持续提升，看好CRO+CMO一体化平台建设,点评,一般报告,方正证券,周小刚,2019Q4,375716.0,,63255.0,54719.0,0.7,82.95,,19.0,44.45,推荐,,
002920.SZ,德赛西威,20200228,德赛西威公司公告点评：新项目陆续量产，Q4营收创新高,点评,一般报告,海通证券,"王猛,杜威,曹雅倩,郑蕾",2019Q4,534263.0,,25700.0,28900.0,0.53,81.9,0.3,6.9,69.28,优于大市,,
002695.SZ,煌上煌,20200228,煌上煌：业绩符合预期，盈利能力改善,点评,一般报告,国盛证券,"符蓉,沈旸",2019Q4,211700.0,,27100.0,22000.0,0.43,39.1,,10.8,26.1,增持,,
002242.SZ,九阳股份,20200228,九阳股份2019年业绩快报点评：核心品类优势扩大，增长路径清晰稳健,点评,一般报告,国泰君安,"范杨,李树建,颜晓晴",2020Q4,1070700.0,,,95700.0,1.25,21.6,3.2,22.0,18.8,增持,,32.44
300347.SZ,泰格医药,20200228,泰格医药：全年业绩继续保持高速增长，行业继续呈现高景气度,点评,首次关注,华西证券,"崔文亮,徐顺利",2020Q4,361985.0,,137489.0,106972.0,1.43,55.34,,23.32,,增持,,
002206.SZ,海利得,20200228,海利得：业绩预告符合预期，公司成长迈入新台阶,点评,一般报告,中泰证券,"谢楠,张倩",2019Q4,401300.0,77300.0,38000.0,32500.0,0.27,14.26,,9.05,,买入,,
300124.SZ,汇川技术,20200228,汇川技术：业绩快报略好于预期，期待三大业务持续改善,点评,一般报告,中金,"曾韬,张月,刘俊",2019Q4,769300.0,,122400.0,103300.0,0.6,49.8,0.6,15.7,38.7,跑赢行业,,34.0
002396.SZ,星网锐捷,20200228,星网锐捷：业绩增速略低于预期，积极拥抱云时代，白牌交换机+桌面云助力公司长期向好,点评,一般报告,方正证券,樊生龙,2020Q4,1235636.0,,113375.0,83218.0,1.43,31.6,,16.0,,推荐,,
002920.SZ,德赛西威,20200228,德赛西威公司公告点评：新项目陆续量产，Q4营收创新高,点评,一般报告,海通证券,"王猛,杜威,曹雅倩,郑蕾",2020Q4,637171.0,,40200.0,42400.0,0.77,55.9,0.5,9.4,44.71,优于大市,,
002831.SZ,裕同科技,20200228,裕同科技：业绩快报符合预期，客户优势稳固,点评,一般报告,招商证券,"李宏鹏,吴昊,郑恺",2019Q4,981200.0,,129000.0,104600.0,1.19,21.0,,16.2,16.9,强烈推荐,,
002367.SZ,康力电梯,20200228,康力电梯：营业质量大幅改善，内资电梯龙头兑现业绩,点评,一般报告,方正证券,"张小郭,黄瑞连,郭倩倩",2021Q4,450946.0,,48848.0,41277.0,0.52,14.92,,10.0,11.6,强烈推荐,,
002555.SZ,三七互娱,20200228,三七互娱：2019年业绩近预告上限，2020Q1预计游戏流水同比增长25%-30%,点评,一般报告,方正证券,"杨仁文,姚蕾,李舒婕",2019Q4,1322600.0,,269905.0,214575.0,1.01,33.53,,26.0,10.21,推荐,,
600297.SH,广汇汽车,20200228,广汇汽车投资价值分析报告：业绩有望长期稳健增长，政策预期或带动估值修复,深度,首次评级,光大证券,"倪昱婧,邵将",2021Q4,18685000.0,,595500.0,356600.0,0.43,9.1,,7.2,,买入,,4.73
300616.SZ,尚品宅配,20200228,尚品宅配：四季度营收增长提速，整体符合预期,点评,一般报告,中泰证券,"徐稚涵,郭美鑫,徐偲",2019Q4,726485.0,,63369.0,52761.0,2.66,26.84,0.35,14.97,16.53,增持,,
002648.SZ,卫星石化,20200228,卫星石化2019年业绩快报点评：业绩快报符合预期，继续看好C2项目,点评,一般报告,中泰证券,"谢楠,郭中伟",2020Q4,1532300.0,376600.0,208600.0,180700.0,1.7,9.55,,16.13,,买入,,
002925.SZ,盈趣科技,20200228,盈趣科技：2020年电子烟有望王者归来，马来厂提高抗风险能力——2019年业绩快报点评,点评,一般报告,国泰君安,"刘易,杨文健,周昊",2019Q4,381000.0,,,96500.0,2.11,31.79,0.8,,,增持,,90.0
002242.SZ,九阳股份,20200228,九阳股份2019年业绩快报点评：核心品类优势扩大，增长路径清晰稳健,点评,一般报告,国泰君安,"范杨,李树建,颜晓晴",2019Q4,936500.0,,,82400.0,1.07,25.1,2.8,20.3,24.0,增持,,32.44
002831.SZ,裕同科技,20200228,裕同科技：业绩快报符合预期，客户优势稳固,点评,一般报告,招商证券,"李宏鹏,吴昊,郑恺",2021Q4,1393400.0,,180100.0,145600.0,1.66,15.1,,17.2,12.4,强烈推荐,,
002605.SZ,姚记科技,20200228,姚记科技：转型成效显著，业绩持续高速增长，广告模式将成业绩新增量,点评,一般报告,东吴证券,张良卫,2021Q4,248200.0,,94300.0,80503.0,2.02,17.67,,22.9,13.37,买入,,
002206.SZ,海利得,20200228,海利得：业绩预告符合预期，公司成长迈入新台阶,点评,一般报告,中泰证券,"谢楠,张倩",2020Q4,465800.0,91200.0,47000.0,40700.0,0.33,11.55,,10.05,,买入,,
002925.SZ,盈趣科技,20200228,盈趣科技：2020年电子烟有望王者归来，马来厂提高抗风险能力——2019年业绩快报点评,点评,一般报告,国泰君安,"刘易,杨文健,周昊",2020Q4,457200.0,,,119600.0,2.61,25.67,1.0,,,增持,,90.0
300616.SZ,尚品宅配,20200228,尚品宅配：四季度营收增长提速，整体符合预期,点评,一般报告,中泰证券,"徐稚涵,郭美鑫,徐偲",2020Q4,821218.0,,72121.0,60049.0,3.02,23.58,0.46,14.79,14.19,增持,,
002597.SZ,金禾实业,20200228,金禾实业：业绩预告符合预期，定远项目开拓成长空间,点评,一般报告,中泰证券,"谢楠,张倩",2021Q4,465809.0,,131631.0,113545.0,2.03,11.15,2.64,19.67,5.67,买入,,
002695.SZ,煌上煌,20200228,煌上煌：业绩符合预期，盈利能力改善,点评,一般报告,国盛证券,"符蓉,沈旸",2021Q4,290700.0,,47500.0,39200.0,0.76,22.0,,15.0,14.9,增持,,
002206.SZ,海利得,20200228,海利得：业绩预告符合预期，公司成长迈入新台阶,点评,一般报告,中泰证券,"谢楠,张倩",2021Q4,557400.0,114000.0,60200.0,52200.0,0.42,9.02,,11.41,,买入,,
002648.SZ,卫星石化,20200228,卫星石化2019年业绩快报点评：业绩快报符合预期，继续看好C2项目,点评,一般报告,中泰证券,"谢楠,郭中伟",2019Q4,1079700.0,266800.0,148600.0,128200.0,1.2,13.45,,13.76,,买入,,
300759.SZ,康龙化成,20200228,康龙化成：CMC盈利能力持续提升，看好CRO+CMO一体化平台建设,点评,一般报告,方正证券,周小刚,2020Q4,490548.0,,89839.0,76101.0,0.96,60.2,,21.0,33.67,推荐,,
300347.SZ,泰格医药,20200228,泰格医药：全年业绩继续保持高速增长，行业继续呈现高景气度,点评,首次关注,华西证券,"崔文亮,徐顺利",2019Q4,282312.0,,108720.0,84782.0,1.13,69.83,,24.1,,增持,,
300347.SZ,泰格医药,20200228,泰格医药：利润增长符合预期，子公司剥离略影响收入端增速,点评,一般报告,方正证券,周小刚,2019Q4,282328.0,,110422.0,84793.0,1.13,67.69,,26.0,,强烈推荐,,
300759.SZ,康龙化成,20200228,康龙化成：CMC盈利能力持续提升，看好CRO+CMO一体化平台建设,点评,一般报告,方正证券,周小刚,2021Q4,625504.0,,118103.0,100042.0,1.26,45.79,,22.0,26.3,推荐,,
002831.SZ,裕同科技,20200228,裕同科技：业绩快报符合预期，客户优势稳固,点评,一般报告,招商证券,"李宏鹏,吴昊,郑恺",2020Q4,1180300.0,,153500.0,124300.0,1.42,17.6,,16.8,14.3,强烈推荐,,
002925.SZ,盈趣科技,20200228,盈趣科技：2020年电子烟有望王者归来，马来厂提高抗风险能力——2019年业绩快报点评,点评,一般报告,国泰君安,"刘易,杨文健,周昊",2021Q4,548600.0,,,142700.0,3.12,21.5,1.3,,,增持,,90.0
300616.SZ,尚品宅配,20200228,尚品宅配：四季度营收增长提速，整体符合预期,点评,一般报告,中泰证券,"徐稚涵,郭美鑫,徐偲",2021Q4,920832.0,,81473.0,67834.0,3.41,20.87,0.63,14.59,12.48,增持,,
603527.SH,众源新材,20200228,"众源新材：“质”“量”拐点,抢滩FPC铜箔和均热板",一般,首次关注,华泰证券,"李斌,邱乐园,江翰博",2019Q4,317400.0,,11269.0,9417.0,0.54,25.37,,10.48,16.01,买入,16.79,
002605.SZ,姚记科技,20200228,姚记科技：转型成效显著，业绩持续高速增长，广告模式将成业绩新增量,点评,一般报告,东吴证券,张良卫,2019Q4,173400.0,,43900.0,35200.0,0.88,40.44,,17.3,28.12,买入,,
002555.SZ,三七互娱,20200228,三七互娱：2019年业绩近预告上限，2020Q1预计游戏流水同比增长25%-30%,点评,一般报告,方正证券,"杨仁文,姚蕾,李舒婕",2020Q4,1584922.0,,313162.0,248651.0,1.17,28.94,,23.0,7.99,推荐,,
002555.SZ,三七互娱,20200228,三七互娱：流水高速增长，智能系统有望提升运营效率,点评,一般报告,中金,张雪晴,2020Q4,1811300.0,1584000.0,328800.0,266900.0,1.26,26.8,1.5,31.8,22.0,跑赢行业,,38.0
603527.SH,众源新材,20200228,"众源新材：“质”“量”拐点,抢滩FPC铜箔和均热板",一般,首次关注,华泰证券,"李斌,邱乐园,江翰博",2020Q4,360600.0,,15418.0,12795.0,0.73,18.77,,12.9,11.04,买入,16.79,
002241.SZ,歌尔股份,20200228,歌尔股份公司公告点评：无线耳机和智能穿戴驱动增长，营收和净利润高增长,点评,一般报告,海通证券,"陈平,蒋俊,肖隽翀",2021Q4,6029967.0,962000.0,321100.0,263900.0,0.81,24.49,0.0,12.7,15.5,优于大市,,
300347.SZ,泰格医药,20200228,泰格医药：利润增长符合预期，子公司剥离略影响收入端增速,点评,一般报告,方正证券,周小刚,2020Q4,363987.0,,150508.0,115575.0,1.54,49.66,,26.0,,强烈推荐,,
002396.SZ,星网锐捷,20200228,星网锐捷：业绩增速略低于预期，积极拥抱云时代，白牌交换机+桌面云助力公司长期向好,点评,一般报告,方正证券,樊生龙,2019Q4,927169.0,,86228.0,61113.0,1.05,43.03,,14.0,,推荐,,
300502.SZ,新易盛,20200228,新易盛：全年业绩超预期，光模块后起之秀，5G与400G双轮驱动业绩持续增长,点评,一般报告,方正证券,樊生龙,2019Q4,116487.0,,24394.0,21287.0,0.9,80.31,,16.0,54.92,推荐,,
688396.SH,华润微,20200228,华润微：半导体IDM龙头，聚焦于功率与特色工艺,,首次关注,中泰证券,"刘翔,刘尚",2021Q4,816306.0,203600.0,76700.0,59700.0,0.51,93.83,,6.22,86.85,买入,,
002867.SZ,周大生,20200228,周大生：继续巩固渠道优势，直播带货或将成为未来增长亮点,点评,一般报告,中泰证券,"江琦,康璐",2021Q4,765100.0,294000.0,192900.0,148900.0,2.04,9.33,,24.68,,增持,,
002120.SZ,韵达股份,20200228,韵达股份：行业竞争加剧，业绩略低于预期，看好韵达长期表现,点评,一般报告,方正证券,"许可,周延宇",2019Q4,3462412.0,,347356.0,265573.0,1.193,22.82,,19.0,13.82,推荐,,
002705.SZ,新宝股份,20200228,新宝股份：好风凭借力，摩飞新品有望再下一城,点评,一般报告,华西证券,"汪玲,王映雪,段家琪",2019Q4,912791.0,,80830.0,68828.0,0.86,22.71,,15.05,,买入,,
300418.SZ,昆仑万维,20200228,昆仑万维：一季度游戏业务快速增长，助力业绩稳定增长,点评,一般报告,东吴证券,张良卫,2021Q4,563400.0,,252600.0,185900.0,1.62,14.43,,22.0,10.35,买入,,35.0
002867.SZ,周大生,20200228,周大生：继续巩固渠道优势，直播带货或将成为未来增长亮点,点评,一般报告,中泰证券,"江琦,康璐",2019Q4,543900.0,204200.0,128800.0,98900.0,1.35,14.03,,21.84,,增持,,
002007.SZ,华兰生物,20200228,华兰生物：血制品去库存完成，四价流感疫苗高速放量,点评,一般报告,华西证券,"崔文亮,周平,蔡承霖",2019Q4,361500.0,,160322.0,128913.0,0.92,45.17,,18.91,,买入,,
002007.SZ,华兰生物,20200228,华兰生物：血制品去库存完成，四价流感疫苗高速放量,点评,一般报告,华西证券,"崔文亮,周平,蔡承霖",2021Q4,472600.0,,236932.0,184008.0,1.31,31.64,,17.98,,买入,,
300438.SZ,鹏辉能源,20200228,鹏辉能源：计提坏账轻装前行，未来业务有望多点开花,点评,一般报告,新时代证券,"开文明,王琎",2019Q4,331300.0,,24200.0,20000.0,0.71,35.5,,8.1,20.8,强烈推荐,,
002127.SZ,南极电商,20200228,南极电商：进军化妆品行业，拓展业务版图——公司更新报告,点评,一般报告,国泰君安,"郝帅,方榕佳,丁凡",2021Q4,590900.0,,,198000.0,0.81,12.92,2.1,20.6,6.48,增持,,13.18
300097.SZ,智云股份,20200228,智云股份：国内平板显示模组设备龙头，业绩V型反弹可期,深度,首次关注,中泰证券,"冯胜,王可",2019Q4,30300.0,5800.0,34500.0,-63300.0,-2.19,,,-47.5,,买入,,
300294.SZ,博雅生物,20200228,博雅生物：费用投入增加导致利润下滑，血制品供不应求,点评,一般报告,华西证券,"崔文亮,周平,蔡承霖",2020Q4,423018.0,,84235.0,65156.0,1.5,23.37,,12.86,,买入,,
000069.SZ,华侨城A,20200228,华侨城A2019年经营情况点评报告：拿地维持高位，周转继续提速,点评,一般报告,浙商证券,陈立,2019Q4,5798700.0,,1843000.0,1286600.0,1.57,4.16,,15.46,5.17,买入,,
000661.SZ,长春高新,20200228,长春高新：鼻喷流感疫苗获得药品批件，为公司增长增添新动力,点评,一般报告,东吴证券,"全铭,李颖睿",2020Q4,957600.0,,451300.0,265700.0,13.13,36.86,,30.8,20.85,买入,,
300294.SZ,博雅生物,20200228,博雅生物：费用投入增加导致利润下滑，血制品供不应求,点评,一般报告,华西证券,"崔文亮,周平,蔡承霖",2021Q4,549332.0,,112403.0,85033.0,1.96,17.91,,14.37,,买入,,
300438.SZ,鹏辉能源,20200228,鹏辉能源：计提坏账轻装前行，未来业务有望多点开花,点评,一般报告,新时代证券,"开文明,王琎",2021Q4,647000.0,,64000.0,52800.0,1.88,13.4,,15.7,9.7,强烈推荐,,
002867.SZ,周大生,20200228,周大生：继续巩固渠道优势，直播带货或将成为未来增长亮点,点评,一般报告,中泰证券,"江琦,康璐",2020Q4,649100.0,245300.0,159400.0,122800.0,1.68,11.31,,23.61,,增持,,
000661.SZ,长春高新,20200228,长春高新：鼻喷流感疫苗获得药品批件，为公司增长增添新动力,点评,一般报告,东吴证券,"全铭,李颖睿",2021Q4,1241800.0,,596700.0,350600.0,17.32,27.94,,29.3,15.72,买入,,
000661.SZ,长春高新,20200228,长春高新：鼻喷流感疫苗获得药品批件，为公司增长增添新动力,点评,一般报告,东吴证券,"全铭,李颖睿",2019Q4,736600.0,,286100.0,168400.0,8.32,58.15,,27.7,33.03,买入,,
002463.SZ,沪电股份,20200228,沪电股份公司公告点评：营收同比大增和产品结构优化，净利润同比增长111％,点评,一般报告,海通证券,"陈平,蒋俊,肖隽翀",2019Q4,712854.0,210198.0,135300.0,120600.0,0.7,31.77,0.3,23.6,25.18,优于大市,,
688368.SH,晶丰明源,20200228,晶丰明源：业绩快报符合预期，成长动能充足,,一般报告,中泰证券,"刘翔,张欣",2021Q4,122400.0,30700.0,12000.0,11067.0,1.8,53.29,,8.34,,买入,,
002127.SZ,南极电商,20200228,南极电商：进军化妆品行业，拓展业务版图——公司更新报告,点评,一般报告,国泰君安,"郝帅,方榕佳,丁凡",2020Q4,499300.0,,,154700.0,0.63,16.53,1.5,19.3,9.98,增持,,13.18
300502.SZ,新易盛,20200228,新易盛：全年业绩超预期，光模块后起之秀，5G与400G双轮驱动业绩持续增长,点评,一般报告,方正证券,樊生龙,2020Q4,176200.0,,35635.0,31114.0,1.32,54.95,,19.0,40.23,推荐,,
600309.SH,万华化学,20200228,万华化学：三月MDI挂牌价不变，供给格局逐渐向好,点评,一般报告,中泰证券,"谢楠,叶欣怡",2020Q4,7557000.0,2325900.0,1662500.0,1269800.0,4.04,11.63,,24.85,,买入,,
002583.SZ,海能达,20200228,海能达：营收规模稳健增长，诉讼导致预计负债计提,点评,一般报告,华西证券,"吴彤,柳珏廷",2020Q4,1011168.0,,77477.0,71279.0,0.39,19.79,,34.04,,增持,,
002120.SZ,韵达股份,20200228,韵达股份：行业竞争加剧，业绩略低于预期，看好韵达长期表现,点评,一般报告,方正证券,"许可,周延宇",2020Q4,4219956.0,,402170.0,305659.0,1.373,19.01,,18.0,11.37,推荐,,
688368.SH,晶丰明源,20200228,晶丰明源：业绩快报符合预期，成长动能充足,,一般报告,中泰证券,"刘翔,张欣",2020Q4,102500.0,24700.0,5200.0,4752.0,0.77,124.09,,3.84,,买入,,
688368.SH,晶丰明源,20200228,晶丰明源：业绩快报符合预期，成长动能充足,,一般报告,中泰证券,"刘翔,张欣",2019Q4,87300.0,20200.0,10200.0,9379.0,1.52,62.88,,7.81,,买入,,
002463.SZ,沪电股份,20200228,沪电股份公司公告点评：营收同比大增和产品结构优化，净利润同比增长111％,点评,一般报告,海通证券,"陈平,蒋俊,肖隽翀",2020Q4,934734.0,279118.0,184700.0,157000.0,0.91,24.4,0.8,24.6,18.31,优于大市,,
002705.SZ,新宝股份,20200228,新宝股份：好风凭借力，摩飞新品有望再下一城,点评,一般报告,华西证券,"汪玲,王映雪,段家琪",2021Q4,1164838.0,,136045.0,115845.0,1.45,13.49,,17.48,,买入,,
300418.SZ,昆仑万维,20200228,昆仑万维：一季度游戏业务快速增长，助力业绩稳定增长,点评,一般报告,东吴证券,张良卫,2020Q4,464900.0,,212900.0,165300.0,1.44,16.24,,23.5,12.51,买入,,35.0
002583.SZ,海能达,20200228,海能达：营收规模稳健增长，诉讼导致预计负债计提,点评,一般报告,华西证券,"吴彤,柳珏廷",2019Q4,865077.0,,-471774.0,-477483.0,-2.6,,,-345.67,,增持,,
300502.SZ,新易盛,20200228,新易盛：全年业绩超预期，光模块后起之秀，5G与400G双轮驱动业绩持续增长,点评,一般报告,方正证券,樊生龙,2021Q4,216700.0,,43602.0,37829.0,1.6,45.19,,19.0,33.5,推荐,,
300438.SZ,鹏辉能源,20200228,鹏辉能源：计提坏账轻装前行，未来业务有望多点开花,点评,一般报告,新时代证券,"开文明,王琎",2020Q4,449600.0,,48000.0,39600.0,1.41,17.9,,13.9,11.9,强烈推荐,,
002705.SZ,新宝股份,20200228,新宝股份：好风凭借力，摩飞新品有望再下一城,点评,一般报告,华西证券,"汪玲,王映雪,段家琪",2020Q4,1014839.0,,105146.0,89534.0,1.12,17.46,,16.37,,买入,,
600309.SH,万华化学,20200228,万华化学：三月MDI挂牌价不变，供给格局逐渐向好,点评,一般报告,中泰证券,"谢楠,叶欣怡",2021Q4,9224200.0,2930700.0,2137700.0,1634700.0,5.21,9.04,,26.69,,买入,,
002120.SZ,韵达股份,20200228,韵达股份：行业竞争加剧，业绩略低于预期，看好韵达长期表现,点评,一般报告,方正证券,"许可,周延宇",2021Q4,5238744.0,,492402.0,371938.0,1.671,15.86,,18.0,8.61,推荐,,
002007.SZ,华兰生物,20200228,华兰生物：血制品去库存完成，四价流感疫苗高速放量,点评,一般报告,华西证券,"崔文亮,周平,蔡承霖",2020Q4,418700.0,,198978.0,157514.0,1.12,36.97,,18.77,,买入,,
688396.SH,华润微,20200228,华润微：半导体IDM龙头，聚焦于功率与特色工艺,,首次关注,中泰证券,"刘翔,刘尚",2020Q4,688214.0,163400.0,61800.0,48100.0,0.41,116.42,,5.34,136.14,买入,,
300418.SZ,昆仑万维,20200228,昆仑万维：一季度游戏业务快速增长，助力业绩稳定增长,点评,一般报告,东吴证券,张良卫,2019Q4,368900.0,,156800.0,128000.0,1.11,20.97,,22.3,16.71,买入,,35.0
300097.SZ,智云股份,20200228,智云股份：国内平板显示模组设备龙头，业绩V型反弹可期,深度,首次关注,中泰证券,"冯胜,王可",2020Q4,93500.0,32900.0,17700.0,13800.0,0.48,24.96,,9.36,,买入,,
000069.SZ,华侨城A,20200228,华侨城A2019年经营情况点评报告：拿地维持高位，周转继续提速,点评,一般报告,浙商证券,陈立,2021Q4,8253100.0,,2600300.0,1798800.0,2.19,2.98,,16.0,2.78,买入,,
600309.SH,万华化学,20200228,万华化学：三月MDI挂牌价不变，供给格局逐渐向好,点评,一般报告,中泰证券,"谢楠,叶欣怡",2019Q4,6385100.0,1935100.0,1317700.0,1005100.0,3.2,14.69,,24.99,,买入,,
002463.SZ,沪电股份,20200228,沪电股份公司公告点评：营收同比大增和产品结构优化，净利润同比增长111％,点评,一般报告,海通证券,"陈平,蒋俊,肖隽翀",2021Q4,1206049.0,361346.0,247200.0,206400.0,1.2,18.56,1.6,26.3,13.13,优于大市,,
300294.SZ,博雅生物,20200228,博雅生物：费用投入增加导致利润下滑，血制品供不应求,点评,一般报告,华西证券,"崔文亮,周平,蔡承霖",2019Q4,302734.0,,52757.0,42153.0,0.97,36.12,,10.22,,买入,,
300097.SZ,智云股份,20200228,智云股份：国内平板显示模组设备龙头，业绩V型反弹可期,深度,首次关注,中泰证券,"冯胜,王可",2021Q4,124100.0,47000.0,28600.0,24900.0,0.86,13.78,,14.5,,买入,,
002127.SZ,南极电商,20200228,南极电商：进军化妆品行业，拓展业务版图——公司更新报告,点评,一般报告,国泰君安,"郝帅,方榕佳,丁凡",2019Q4,414900.0,,,120400.0,0.49,21.25,1.0,17.8,14.21,增持,,13.18
000069.SZ,华侨城A,20200228,华侨城A2019年经营情况点评报告：拿地维持高位，周转继续提速,点评,一般报告,浙商证券,陈立,2020Q4,7022600.0,,2182100.0,1503900.0,1.83,3.56,,15.59,4.1,买入,,
002583.SZ,海能达,20200228,海能达：营收规模稳健增长，诉讼导致预计负债计提,点评,一般报告,华西证券,"吴彤,柳珏廷",2021Q4,1182807.0,,90765.0,83504.0,0.45,16.9,,28.51,,增持,,
002733.SZ,雄韬股份,20200228,雄韬股份2019年业绩快报点评：业绩略低于预期，燃料电池业务兑现价值在即,点评,一般报告,中信证券,"弓永峰,林劼,华夏",2021Q4,343260.0,,28900.0,27222.0,0.78,34.0,,7.23,,增持,,30.0
002733.SZ,雄韬股份,20200228,雄韬股份2019年业绩快报点评：业绩略低于预期，燃料电池业务兑现价值在即,点评,一般报告,中信证券,"弓永峰,林劼,华夏",2020Q4,319662.0,,19500.0,18501.0,0.53,50.0,,5.16,,增持,,30.0
688169.SH,石头科技,20200228,石头科技：自主品牌高增，业绩略超预期——2019 业绩快报点评,,一般报告,中泰证券,邓欣,2020Q4,534800.0,198900.0,130200.0,105700.0,15.77,27.45,,41.37,,买入,,
688169.SH,石头科技,20200228,石头科技：自主品牌高增，业绩略超预期——2019 业绩快报点评,,一般报告,中泰证券,邓欣,2019Q4,421100.0,147400.0,95600.0,78200.0,11.67,37.1,,52.2,,买入,,
002733.SZ,雄韬股份,20200228,雄韬股份2019年业绩快报点评：业绩略低于预期，燃料电池业务兑现价值在即,点评,一般报告,中信证券,"弓永峰,林劼,华夏",2019Q4,295822.0,,18600.0,17434.0,0.5,53.0,,6.95,,增持,,30.0
688169.SH,石头科技,20200228,石头科技：自主品牌高增，业绩略超预期——2019 业绩快报点评,,一般报告,中泰证券,邓欣,2021Q4,652400.0,249200.0,163600.0,133300.0,19.9,21.76,,34.29,,买入,,
300114.SZ,中航电测,20200228,中航电测点评报告：业绩高增长，军民品并重,点评,一般报告,浙商证券,武雨桐,2021Q4,205300.0,,38800.0,30028.0,0.51,21.42,,13.57,13.0,增持,,
300114.SZ,中航电测,20200228,中航电测点评报告：业绩高增长，军民品并重,点评,一般报告,浙商证券,武雨桐,2020Q4,178000.0,,33300.0,25638.0,0.43,25.09,,13.52,15.59,增持,,
300114.SZ,中航电测,20200228,中航电测点评报告：业绩高增长，军民品并重,点评,一般报告,浙商证券,武雨桐,2019Q4,154500.0,,27900.0,21228.0,0.36,30.31,,13.02,18.89,增持,,
688363.SH,华熙生物,20200228,华熙生物：收入结构优化，化妆品爆发式增长——2019 年业绩预告点评,,一般报告,中泰证券,邓欣,2021Q4,320700.0,249600.0,120600.0,97100.0,2.02,42.71,,21.64,,买入,,
688363.SH,华熙生物,20200228,华熙生物：收入结构优化，化妆品爆发式增长——2019 年业绩预告点评,,一般报告,中泰证券,邓欣,2020Q4,246400.0,193300.0,92600.0,74800.0,1.56,55.47,,21.26,,买入,,
688363.SH,华熙生物,20200228,华熙生物：收入结构优化，化妆品爆发式增长——2019 年业绩预告点评,,一般报告,中泰证券,邓欣,2019Q4,187800.0,148200.0,72500.0,58500.0,1.22,70.86,,21.14,,买入,,
601666.SH,平煤股份,20200228,平煤股份：业绩优异，三年保底股息6.78%,点评,一般报告,安信证券,周泰,2021Q4,2214960.0,,208360.0,140500.0,0.595,6.0,0.0,8.5,2.7,增持,,5.22
601666.SH,平煤股份,20200228,平煤股份：业绩优异，三年保底股息6.78%,点评,一般报告,安信证券,周泰,2019Q4,2124420.0,,174160.0,117100.0,0.496,7.3,0.0,8.5,2.9,增持,,5.22
002508.SZ,老板电器,20200228,老板电器：克服工程渠道占比提升，利润率保持稳定,点评,一般报告,中金,"何伟,韦一飞",2021Q4,979900.0,,241000.0,202400.0,2.13,14.5,3.4,24.2,10.3,跑赢行业,,42.3
002508.SZ,老板电器,20200228,老板电器：克服工程渠道占比提升，利润率保持稳定,点评,一般报告,中金,"何伟,韦一飞",2020Q4,828900.0,,201200.0,169000.0,1.78,17.4,2.9,23.1,12.8,跑赢行业,,42.3
002508.SZ,老板电器,20200228,老板电器：克服工程渠道占比提升，利润率保持稳定,点评,一般报告,中金,"何伟,韦一飞",2019Q4,776100.0,,185800.0,158200.0,1.67,18.6,2.7,24.5,14.2,跑赢行业,,42.3
002851.SZ,麦格米特,20200228,麦格米特：业绩快报符合预期，业务板图稳步扩张,点评,一般报告,中金,"曾韬,张月,刘俊",2021Q4,560500.0,,61500.0,53800.0,1.15,20.5,1.1,21.3,16.4,跑赢行业,,28.5
601666.SH,平煤股份,20200228,平煤股份：业绩优异，三年保底股息6.78%,点评,一般报告,安信证券,周泰,2020Q4,2174460.0,,197700.0,133300.0,0.565,6.4,0.0,8.9,2.9,增持,,5.22
002851.SZ,麦格米特,20200228,麦格米特：业绩快报符合预期，业务板图稳步扩张,点评,一般报告,中金,"曾韬,张月,刘俊",2019Q4,352100.0,,40400.0,35000.0,0.75,31.5,0.7,19.5,26.7,跑赢行业,,28.5
002024.SZ,苏宁易购,20200228,苏宁易购：疫情催化增长，关注生态协同,点评,一般报告,中泰证券,"江琦,龙凌波",2021Q4,43435700.0,6634500.0,573100.0,357900.0,0.38,24.14,,2.73,,买入,,
002024.SZ,苏宁易购,20200228,苏宁易购：疫情催化增长，关注生态协同,点评,一般报告,中泰证券,"江琦,龙凌波",2020Q4,35321400.0,5309100.0,413000.0,204400.0,0.22,42.28,,1.65,,买入,,
002024.SZ,苏宁易购,20200228,苏宁易购：疫情催化增长，关注生态协同,点评,一般报告,中泰证券,"江琦,龙凌波",2019Q4,29133500.0,4201000.0,1560600.0,1101200.0,1.18,7.85,,9.79,,买入,,
002851.SZ,麦格米特,20200228,麦格米特：业绩快报符合预期，业务板图稳步扩张,点评,一般报告,中金,"曾韬,张月,刘俊",2020Q4,452000.0,,51600.0,44000.0,0.94,25.1,0.9,20.7,20.4,跑赢行业,,28.5
002001.SZ,新和成,20200228,新和成：业绩符合预期，维生素景气超预期公司充分受益,点评,一般报告,国盛证券,"王席鑫,孙琦祥",2021Q4,1456800.0,,584900.0,481300.0,2.24,11.6,,20.7,8.2,买入,,
002001.SZ,新和成,20200228,新和成：业绩符合预期，维生素景气超预期公司充分受益,点评,一般报告,国盛证券,"王席鑫,孙琦祥",2020Q4,1179100.0,,505200.0,413600.0,1.92,13.5,,20.9,9.8,买入,,
002001.SZ,新和成,20200228,新和成：业绩符合预期，维生素景气超预期公司充分受益,点评,一般报告,国盛证券,"王席鑫,孙琦祥",2019Q4,760800.0,,268400.0,220600.0,1.03,25.3,,13.0,17.1,买入,,
603179.SH,新泉股份,20200228,新泉股份：发布员工持股计划，彰显公司发展信心,点评,一般报告,国盛证券,程似骐,2021Q4,405800.0,,42600.0,36600.0,1.61,15.1,,16.4,8.2,买入,,
603179.SH,新泉股份,20200228,新泉股份：发布员工持股计划，彰显公司发展信心,点评,一般报告,国盛证券,程似骐,2019Q4,295800.0,,24200.0,20700.0,0.91,26.8,,12.2,14.1,买入,,
300661.SZ,圣邦股份,20200228,圣邦股份：19营收略超预期，产品结构优化维持高增长,点评,一般报告,天风证券,"潘暕,陈俊杰",2021Q4,132299.0,,38395.0,35751.0,3.45,93.27,,23.52,86.54,买入,,
300661.SZ,圣邦股份,20200228,圣邦股份：19营收略超预期，产品结构优化维持高增长,点评,一般报告,天风证券,"潘暕,陈俊杰",2020Q4,97999.0,,26551.0,24724.0,2.39,134.87,,19.79,126.7,买入,,
603179.SH,新泉股份,20200228,新泉股份：发布员工持股计划，彰显公司发展信心,点评,一般报告,国盛证券,程似骐,2020Q4,359100.0,,34600.0,29800.0,1.31,18.6,,15.4,10.5,买入,,
300661.SZ,圣邦股份,20200228,圣邦股份：19营收略超预期，产品结构优化维持高增长,点评,一般报告,天风证券,"潘暕,陈俊杰",2019Q4,79249.0,,18927.0,17623.0,1.7,189.22,,16.52,176.8,买入,,
002555.SZ,三七互娱,20200228,三七互娱：19年业绩超预期，自研全球精品预计于二季度陆续上线,点评,一般报告,东吴证券,"张良卫,李赛",2021Q4,1832800.0,,409300.0,335400.0,1.59,21.32,,26.2,15.79,买入,,46.4
002555.SZ,三七互娱,20200228,三七互娱：19年业绩超预期，自研全球精品预计于二季度陆续上线,点评,一般报告,东吴证券,"张良卫,李赛",2020Q4,1588100.0,,342000.0,279700.0,1.32,25.57,,28.7,19.46,买入,,46.4
002555.SZ,三七互娱,20200228,三七互娱：19年业绩超预期，自研全球精品预计于二季度陆续上线,点评,一般报告,东吴证券,"张良卫,李赛",2019Q4,1322600.0,,272400.0,214400.0,1.02,33.36,,31.4,25.17,买入,,46.4
002507.SZ,涪陵榨菜,20200228,涪陵榨菜2019年业绩快报点评：渠道持续改善，业绩拐点可期,点评,一般报告,华创证券,"方振,于芝欢,董广阳",2021Q4,254400.0,,95000.0,80700.0,1.02,27.0,,20.4,25.0,推荐,,31.5
002507.SZ,涪陵榨菜,20200228,涪陵榨菜2019年业绩快报点评：渠道持续改善，业绩拐点可期,点评,一般报告,华创证券,"方振,于芝欢,董广阳",2020Q4,225900.0,,83300.0,70800.0,0.9,31.0,,21.0,28.0,推荐,,31.5
002507.SZ,涪陵榨菜,20200228,涪陵榨菜2019年业绩快报点评：渠道持续改善，业绩拐点可期,点评,一般报告,华创证券,"方振,于芝欢,董广阳",2019Q4,199000.0,,71200.0,60500.0,0.77,36.0,,21.3,32.0,推荐,,31.5
002324.SZ,普利特,20200228,普利特2019年业绩快报点评：四季度业绩继续提升，期待公司LCP业务发展,点评,一般报告,华创证券,"蒋明远,黄振华",2021Q4,606100.0,,40500.0,34000.0,0.64,29.0,,11.9,17.0,强推,,24.0
002324.SZ,普利特,20200228,普利特2019年业绩快报点评：四季度业绩继续提升，期待公司LCP业务发展,点评,一般报告,华创证券,"蒋明远,黄振华",2020Q4,467400.0,,29800.0,25000.0,0.47,39.0,,9.7,22.0,强推,,24.0
002324.SZ,普利特,20200228,普利特2019年业绩快报点评：四季度业绩继续提升，期待公司LCP业务发展,点评,一般报告,华创证券,"蒋明远,黄振华",2019Q4,360000.0,,20100.0,16800.0,0.32,58.0,,7.1,28.0,强推,,24.0
002001.SZ,新和成,20200228,新和成2019年业绩快报点评：业绩符合预期，看好VE底部回暖及公司长期成长性,点评,一般报告,华创证券,"蒋明远,孟瞳媚",2021Q4,1452800.0,,447300.0,382800.0,1.78,15.0,,16.3,13.0,推荐,,28.77
002001.SZ,新和成,20200228,新和成2019年业绩快报点评：业绩符合预期，看好VE底部回暖及公司长期成长性,点评,一般报告,华创证券,"蒋明远,孟瞳媚",2020Q4,1144400.0,,361200.0,309100.0,1.44,18.0,,15.8,16.0,推荐,,28.77
002001.SZ,新和成,20200228,新和成2019年业绩快报点评：业绩符合预期，看好VE底部回暖及公司长期成长性,点评,一般报告,华创证券,"蒋明远,孟瞳媚",2019Q4,760700.0,,259200.0,221800.0,1.03,25.0,,13.5,22.0,推荐,,28.77
002373.SZ,千方科技,20200228,千方科技：业绩符合预期，城市智能交通业务表现抢眼,点评,一般报告,申万宏源证券,"刘洋,蒲梦洁",2020Q4,1081700.0,330600.0,129000.0,110100.0,0.74,37.0,,11.0,,增持,,
002373.SZ,千方科技,20200228,千方科技：业绩符合预期，城市智能交通业务表现抢眼,点评,一般报告,申万宏源证券,"刘洋,蒲梦洁",2019Q4,867500.0,277900.0,115000.0,100400.0,0.67,40.0,,11.2,,增持,,
600507.SH,方大特钢,20200228,方大特钢：吨钢毛利保持高位，产量与费用均存改善空间,一般,一般报告,国盛证券,丁婷婷,2022Q4,1751700.0,,357400.0,266800.0,1.84,5.0,,27.3,3.7,买入,,
002373.SZ,千方科技,20200228,千方科技：业绩符合预期，城市智能交通业务表现抢眼,点评,一般报告,申万宏源证券,"刘洋,蒲梦洁",2021Q4,1254500.0,369100.0,154400.0,131800.0,0.88,31.0,,11.6,,增持,,
002156.SZ,通富微电,20200228,通富微电：高端封测龙头，CPU与5G芯片助力成长,点评,一般报告,东吴证券,王平阳,2021Q4,1401000.0,,144900.0,96600.0,0.84,32.78,,15.1,11.58,买入,,
002156.SZ,通富微电,20200228,通富微电：高端封测龙头，CPU与5G芯片助力成长,点评,一般报告,东吴证券,王平阳,2020Q4,1102100.0,,68800.0,46300.0,0.4,68.33,,8.4,17.84,买入,,
002156.SZ,通富微电,20200228,通富微电：高端封测龙头，CPU与5G芯片助力成长,点评,一般报告,东吴证券,王平阳,2019Q4,827000.0,,3100.0,2000.0,0.0173,1571.95,,0.4,32.24,买入,,
600507.SH,方大特钢,20200228,方大特钢：吨钢毛利保持高位，产量与费用均存改善空间,一般,一般报告,国盛证券,丁婷婷,2021Q4,1706600.0,,334100.0,249200.0,1.72,5.4,,26.7,3.8,买入,,
600507.SH,方大特钢,20200228,方大特钢：吨钢毛利保持高位，产量与费用均存改善空间,一般,一般报告,国盛证券,丁婷婷,2020Q4,1649300.0,,256500.0,192400.0,1.33,6.9,,21.9,5.6,买入,,
300750.SZ,宁德时代,20200228,宁德时代：短期扰动不改长期趋势，全球动力电池龙头强者恒强,点评,一般报告,银河证券,"周然,赵腾辉",2021Q4,7207500.0,,,712500.0,3.23,46.3,,,,推荐,,
300750.SZ,宁德时代,20200228,宁德时代：短期扰动不改长期趋势，全球动力电池龙头强者恒强,点评,一般报告,银河证券,"周然,赵腾辉",2020Q4,5544200.0,,,585600.0,2.65,56.4,,,,推荐,,
300750.SZ,宁德时代,20200228,宁德时代：短期扰动不改长期趋势，全球动力电池龙头强者恒强,点评,一般报告,银河证券,"周然,赵腾辉",2019Q4,4554600.0,,,435600.0,1.97,75.8,,,,推荐,,
002456.SZ,欧菲光,20200228,欧菲光：业绩符合预期，看好5Gβ和α共振下公司成长,点评,一般报告,天风证券,"潘暕,俞文静",2021Q4,6559174.0,,309837.0,270952.0,1.0,18.54,,20.12,12.82,买入,,26.6
002456.SZ,欧菲光,20200228,欧菲光：业绩符合预期，看好5Gβ和α共振下公司成长,点评,一般报告,天风证券,"潘暕,俞文静",2020Q4,5224443.0,,232554.0,205304.0,0.76,24.47,,18.79,15.13,买入,,26.6
002456.SZ,欧菲光,20200228,欧菲光：业绩符合预期，看好5Gβ和α共振下公司成长,点评,一般报告,天风证券,"潘暕,俞文静",2019Q4,5004454.0,,57629.0,49993.0,0.18,100.5,,5.52,28.56,买入,,26.6
002191.SZ,劲嘉股份,20200228,劲嘉股份：业绩符合预期，烟标稳，彩盒发力，新业务稳步推进,点评,一般报告,中信建投,"花小伟,罗乾生",2021Q4,557700.0,,,125500.0,,12.4,,,,买入,,
002191.SZ,劲嘉股份,20200228,劲嘉股份：业绩符合预期，烟标稳，彩盒发力，新业务稳步推进,点评,一般报告,中信建投,"花小伟,罗乾生",2020Q4,466800.0,,,104300.0,,14.9,,,,买入,,
300760.SZ,迈瑞医疗,20200228,迈瑞医疗：业绩符合预期，高端产品表现突出,点评,一般报告,中信建投,贺菊颖,2021Q4,2413600.0,,,682900.0,5.61,44.0,,,,买入,,
300760.SZ,迈瑞医疗,20200228,迈瑞医疗：业绩符合预期，高端产品表现突出,点评,一般报告,中信建投,贺菊颖,2020Q4,2001000.0,,,563300.0,4.65,53.0,,,,买入,,
300760.SZ,迈瑞医疗,20200228,迈瑞医疗：业绩符合预期，高端产品表现突出,点评,一般报告,中信建投,贺菊颖,2019Q4,1655600.0,,,468100.0,3.85,64.0,,,,买入,,
002078.SZ,太阳纸业,20200228,太阳纸业：业绩符预期，产能投放，综合造纸龙头稳成长,点评,一般报告,中信建投,"花小伟,罗乾生",2020Q4,2495500.0,,,253800.0,,9.7,,,,买入,,
002078.SZ,太阳纸业,20200228,太阳纸业：业绩符预期，产能投放，综合造纸龙头稳成长,点评,一般报告,中信建投,"花小伟,罗乾生",2021Q4,2867100.0,,,299100.0,,8.3,,,,买入,,
688029.SH,南微医学,20200228,南微医学：业绩符合预期，核心产品持续放量,,一般报告,中信建投,贺菊颖,2021Q4,210000.0,,,52100.0,3.92,45.0,,,,买入,,
688029.SH,南微医学,20200228,南微医学：业绩符合预期，核心产品持续放量,,一般报告,中信建投,贺菊颖,2020Q4,161300.0,,,39400.0,2.97,60.0,,,,买入,,
002117.SZ,东港股份,20200228,东港股份2019年业绩快报点评：印刷业务短期承压，新业务稳健增长,点评,一般报告,申万宏源证券,"周海晨,屠亦婷,柴程森,丁智艳",2019Q4,150000.0,58000.0,31300.0,26700.0,0.49,27.0,,15.3,,增持,,
688016.SH,心脉医疗,20200228,心脉医疗：业绩符合预期，主动脉支架业务维持高速增长,,一般报告,中信建投,贺菊颖,2021Q4,56100.0,,,25100.0,3.49,48.0,,,,买入,,
688016.SH,心脉医疗,20200228,心脉医疗：业绩符合预期，主动脉支架业务维持高速增长,,一般报告,中信建投,贺菊颖,2020Q4,42900.0,,,18900.0,2.62,64.0,,,,买入,,
300768.SZ,迪普科技,20200228,迪普科技：收入增长稳健，技术与管理并重，成长可期,点评,首次关注,中信建投,"阎贵成,武超则,汤其勇",2021Q4,,,,36300.0,,49.0,,,,增持,,
300768.SZ,迪普科技,20200228,迪普科技：收入增长稳健，技术与管理并重，成长可期,点评,首次关注,中信建投,"阎贵成,武超则,汤其勇",2020Q4,,,,30300.0,,58.0,,,,增持,,
300474.SZ,景嘉微,20200228,景嘉微：业绩保持较快增长，下一代芯片已开始工程研制,点评,一般报告,中信建投,"黎韬扬,鲍学博",2019Q4,53100.0,,,17400.0,0.58,121.0,,,,增持,,
002853.SZ,皮阿诺,20200228,皮阿诺：大宗发力，零售开拓，定增扩产，成长可期,点评,首次关注,中信建投,"花小伟,罗乾生",2021Q4,238400.0,,,26800.0,,9.7,,,,买入,,
002853.SZ,皮阿诺,20200228,皮阿诺：大宗发力，零售开拓，定增扩产，成长可期,点评,首次关注,中信建投,"花小伟,罗乾生",2020Q4,189700.0,,,21900.0,,11.9,,,,买入,,
002821.SZ,凯莱英,20200228,凯莱英：年度业绩符合预期，后续战略规划清晰,点评,一般报告,中信建投,贺菊颖,2021Q4,415570.0,,113170.0,95930.0,4.15,43.2,,21.5,31.8,买入,,
688016.SH,心脉医疗,20200228,心脉医疗：业绩符合预期，主动脉支架业务维持高速增长,,一般报告,中信建投,贺菊颖,2019Q4,33400.0,,,14200.0,1.97,85.0,,,,买入,,
601828.SH,美凯龙,20200228,美凯龙：股权激励彰显发展信心，家居零售巨头新发展可期,点评,首份报告,中信建投,"花小伟,罗乾生",2021Q4,1909600.0,,,518800.0,,7.3,,,,买入,,
601828.SH,美凯龙,20200228,美凯龙：股权激励彰显发展信心，家居零售巨头新发展可期,点评,首份报告,中信建投,"花小伟,罗乾生",2020Q4,1682100.0,,,471400.0,,8.1,,,,买入,,
300578.SZ,会畅通讯,20200228,会畅通讯：利润符合预期，云视频软硬件业务加速成长,点评,一般报告,中信建投,石泽蕤,2021Q4,87620.0,,,16950.0,0.973,57.95,,,,增持,,
688029.SH,南微医学,20200228,南微医学：业绩符合预期，核心产品持续放量,,一般报告,中信建投,贺菊颖,2019Q4,130700.0,,,30400.0,2.29,78.0,,,,买入,,
300578.SZ,会畅通讯,20200228,会畅通讯：利润符合预期，云视频软硬件业务加速成长,点评,一般报告,中信建投,石泽蕤,2020Q4,70280.0,,,13140.0,0.754,74.78,,,,增持,,
300578.SZ,会畅通讯,20200228,会畅通讯：利润符合预期，云视频软硬件业务加速成长,点评,一般报告,中信建投,石泽蕤,2019Q4,53070.0,,,9030.0,0.518,108.84,,,,增持,,
603809.SH,豪能股份,20200228,豪能股份深度研究报告：隐形冠军的全新周期,深度,首次关注,华创证券,张程航,2021Q4,146100.0,,31400.0,25100.0,1.2,9.7,,12.1,11.0,强推,,21.2
603809.SH,豪能股份,20200228,豪能股份深度研究报告：隐形冠军的全新周期,深度,首次关注,华创证券,张程航,2020Q4,116900.0,,21700.0,17800.0,0.85,13.7,,9.6,15.0,强推,,21.2
300496.SZ,中科创达,20200228,中科创达：盈利能力提升，大幅扩人反映公司对今年的乐观预期,点评,一般报告,申万宏源证券,"刘洋,蒲梦洁",2022Q4,309000.0,134300.0,57400.0,55500.0,1.38,50.0,,18.7,,增持,,
300496.SZ,中科创达,20200228,中科创达：盈利能力提升，大幅扩人反映公司对今年的乐观预期,点评,一般报告,申万宏源证券,"刘洋,蒲梦洁",2021Q4,265900.0,115200.0,40400.0,39100.0,0.97,71.0,,15.7,,增持,,
300496.SZ,中科创达,20200228,中科创达：盈利能力提升，大幅扩人反映公司对今年的乐观预期,点评,一般报告,申万宏源证券,"刘洋,蒲梦洁",2020Q4,222300.0,93900.0,29100.0,28200.0,0.7,99.0,,13.1,,增持,,
002920.SZ,德赛西威,20200228,德赛西威：Q4单季业绩大超市场预期，历史性大拐点已现！,点评,一般报告,申万宏源证券,"刘洋,蒲梦洁",2020Q4,727400.0,166600.0,50400.0,48200.0,0.88,49.0,,10.5,,买入,,
002821.SZ,凯莱英,20200228,凯莱英：年度业绩符合预期，后续战略规划清晰,点评,一般报告,中信建投,贺菊颖,2019Q4,246110.0,,64380.0,55640.0,2.4,74.5,,18.0,55.8,买入,,
002507.SZ,涪陵榨菜,20200228,涪陵榨菜：费用投放拖累业绩，静待投入的开花结果,点评,一般报告,申万宏源证券,吕昌,2021Q4,247700.0,142200.0,94200.0,79900.0,1.01,27.0,,18.9,,买入,,
002191.SZ,劲嘉股份,20200228,劲嘉股份2019年业绩快报点评：业绩符合预期，新业务拓展有序推进,点评,一般报告,申万宏源证券,"周海晨,屠亦婷,周迅,丁智艳",2020Q4,518000.0,192200.0,131300.0,100500.0,0.69,15.0,,12.9,,买入,,
002191.SZ,劲嘉股份,20200228,劲嘉股份2019年业绩快报点评：业绩符合预期，新业务拓展有序推进,点评,一般报告,申万宏源证券,"周海晨,屠亦婷,周迅,丁智艳",2019Q4,398900.0,156000.0,113100.0,87500.0,0.6,18.0,,12.1,,买入,,
002078.SZ,太阳纸业,20200228,太阳纸业2019年业绩快报点评：Q4业绩超预期，文化纸盈利强劲，包装纸边际改善,点评,一般报告,申万宏源证券,"周海晨,屠亦婷,柴程森,丁智艳",2021Q4,2564200.0,601500.0,357300.0,303400.0,1.17,8.0,,15.1,,增持,,
002078.SZ,太阳纸业,20200228,太阳纸业2019年业绩快报点评：Q4业绩超预期，文化纸盈利强劲，包装纸边际改善,点评,一般报告,申万宏源证券,"周海晨,屠亦婷,柴程森,丁智艳",2020Q4,2102500.0,504800.0,292700.0,248600.0,0.96,10.0,,14.6,,增持,,
300474.SZ,景嘉微,20200228,景嘉微：业绩保持较快增长，下一代芯片已开始工程研制,点评,一般报告,中信建投,"黎韬扬,鲍学博",2021Q4,129900.0,,,48700.0,1.62,43.0,,,,增持,,
300474.SZ,景嘉微,20200228,景嘉微：业绩保持较快增长，下一代芯片已开始工程研制,点评,一般报告,中信建投,"黎韬扬,鲍学博",2020Q4,86800.0,,,32200.0,1.07,65.0,,,,增持,,
002821.SZ,凯莱英,20200228,凯莱英：年度业绩符合预期，后续战略规划清晰,点评,一般报告,中信建投,贺菊颖,2020Q4,320530.0,,85290.0,73140.0,3.16,56.7,,19.9,42.1,买入,,
603809.SH,豪能股份,20200228,豪能股份深度研究报告：隐形冠军的全新周期,深度,首次关注,华创证券,张程航,2019Q4,94900.0,,15300.0,12800.0,0.61,19.0,,7.4,20.0,强推,,21.2
002920.SZ,德赛西威,20200228,德赛西威：Q4单季业绩大超市场预期，历史性大拐点已现！,点评,一般报告,申万宏源证券,"刘洋,蒲梦洁",2021Q4,990900.0,238900.0,93700.0,84800.0,1.54,28.0,,15.8,,买入,,
002920.SZ,德赛西威,20200228,德赛西威：Q4单季业绩大超市场预期，历史性大拐点已现！,点评,一般报告,申万宏源证券,"刘洋,蒲梦洁",2019Q4,534300.0,118800.0,25600.0,28900.0,0.53,81.0,,6.9,,买入,,
002507.SZ,涪陵榨菜,20200228,涪陵榨菜：费用投放拖累业绩，静待投入的开花结果,点评,一般报告,申万宏源证券,吕昌,2020Q4,218400.0,124100.0,79600.0,67600.0,0.86,32.0,,19.1,,买入,,
002507.SZ,涪陵榨菜,20200228,涪陵榨菜：费用投放拖累业绩，静待投入的开花结果,点评,一般报告,申万宏源证券,吕昌,2019Q4,199000.0,112300.0,71200.0,60600.0,0.77,36.0,,20.5,,买入,,
002191.SZ,劲嘉股份,20200228,劲嘉股份2019年业绩快报点评：业绩符合预期，新业务拓展有序推进,点评,一般报告,申万宏源证券,"周海晨,屠亦婷,周迅,丁智艳",2021Q4,646700.0,231900.0,159700.0,121700.0,0.83,13.0,,14.3,,买入,,
002078.SZ,太阳纸业,20200228,太阳纸业2019年业绩快报点评：Q4业绩超预期，文化纸盈利强劲，包装纸边际改善,点评,一般报告,申万宏源证券,"周海晨,屠亦婷,柴程森,丁智艳",2019Q4,2266100.0,464100.0,258600.0,218600.0,0.84,11.0,,15.1,,增持,,
300398.SZ,飞凯材料,20200228,飞凯材料：业绩符合预期，2020年看5G投资和面板行业回暖,点评,一般报告,中信建投,"郑勇,邓天泽",2019Q4,151331.0,,,26358.0,0.509,41.4,,10.15,15.32,买入,,
688088.SH,虹软科技,20200228,虹软科技：主业仍景气，屏下指纹进展顺利,,一般报告,华泰证券,"谢春生,郭雅丽,郭梁良,金兴",2020Q4,78108.0,,42636.0,36241.0,0.89,84.92,,12.58,78.96,买入,,
688088.SH,虹软科技,20200228,虹软科技：主业仍景气，屏下指纹进展顺利,,一般报告,华泰证券,"谢春生,郭雅丽,郭梁良,金兴",2019Q4,56448.0,,24443.0,20679.0,0.51,148.82,,8.21,151.8,买入,,
002595.SZ,豪迈科技,20200228,豪迈科技：业绩预告符合预期，2020年收入业绩有望继续稳健增长,点评,一般报告,中金,"张梓丁,孔令鑫",2021Q4,585600.0,,135800.0,116800.0,1.46,14.9,2.0,19.2,10.3,跑赢行业,,28.07
002032.SZ,苏泊尔,20200228,苏泊尔动态点评：内销市场份额提升，盈利能力稳步上行,点评,一般报告,东方财富证券,"何玮,黄滢",2021Q4,2444873.0,,,250537.0,3.05,23.91,,,18.12,增持,,
002032.SZ,苏泊尔,20200228,苏泊尔动态点评：内销市场份额提升，盈利能力稳步上行,点评,一般报告,东方财富证券,"何玮,黄滢",2020Q4,2168619.0,,,213184.0,2.6,28.1,,,21.65,增持,,
000661.SZ,长春高新,20200228,长春高新重大事件快评：鼻喷流感疫苗获批，疫苗板块弹性大,一般,一般报告,国信证券,"谢长雁,陈曦炳",2021Q4,1401600.0,,521900.0,420500.0,20.78,21.3,2.2,42.0,17.7,增持,,
000661.SZ,长春高新,20200228,长春高新重大事件快评：鼻喷流感疫苗获批，疫苗板块弹性大,一般,一般报告,国信证券,"谢长雁,陈曦炳",2020Q4,1100100.0,,390900.0,313000.0,15.47,28.6,1.6,40.0,23.3,增持,,
000661.SZ,长春高新,20200228,长春高新重大事件快评：鼻喷流感疫苗获批，疫苗板块弹性大,一般,一般报告,国信证券,"谢长雁,陈曦炳",2019Q4,810100.0,,273300.0,170700.0,8.44,52.4,0.9,28.0,32.8,增持,,
300342.SZ,天银机电,20200228,天银机电：发布业绩快报，实现净利润1.41亿元，符合预期,点评,一般报告,安信证券,"冯福章,张傲",2020Q4,116010.0,,20880.0,18260.0,0.42,46.0,0.9,11.3,30.0,买入,,
002117.SZ,东港股份,20200228,东港股份2019年业绩快报点评：印刷业务短期承压，新业务稳健增长,点评,一般报告,申万宏源证券,"周海晨,屠亦婷,柴程森,丁智艳",2021Q4,168900.0,69500.0,41000.0,34900.0,0.64,20.0,,17.0,,增持,,
002117.SZ,东港股份,20200228,东港股份2019年业绩快报点评：印刷业务短期承压，新业务稳健增长,点评,一般报告,申万宏源证券,"周海晨,屠亦婷,柴程森,丁智艳",2020Q4,158500.0,63200.0,36300.0,31000.0,0.57,23.0,,16.4,,增持,,
300398.SZ,飞凯材料,20200228,飞凯材料：业绩符合预期，2020年看5G投资和面板行业回暖,点评,一般报告,中信建投,"郑勇,邓天泽",2021Q4,220647.0,,,39609.0,0.765,27.55,,11.94,17.67,买入,,
300398.SZ,飞凯材料,20200228,飞凯材料：业绩符合预期，2020年看5G投资和面板行业回暖,点评,一般报告,中信建投,"郑勇,邓天泽",2020Q4,182652.0,,,32316.0,0.624,33.77,,11.06,21.25,买入,,
601166.SH,兴业银行,20200228,海通证券研究所重点推荐股票池（2020年3月）,非个股,一般报告,海通证券,"孙婷,林加力",2020Q4,,,,7208644.191,3.47,,,,,无,,
601166.SH,兴业银行,20200228,海通证券研究所重点推荐股票池（2020年3月）,非个股,一般报告,海通证券,"孙婷,林加力",2019Q4,,,,6502321.705,3.13,,,,,无,,
002117.SZ,东港股份,20200228,申万宏源晨会纪要,非个股,一般报告,申万宏源证券,"周海晨,屠亦婷,柴程森",2021Q4,,,,35600.0,0.652,,,,,增持,,
002117.SZ,东港股份,20200228,申万宏源晨会纪要,非个股,一般报告,申万宏源证券,"周海晨,屠亦婷,柴程森",2020Q4,,,,31000.0,0.568,,,,,增持,,
002117.SZ,东港股份,20200228,申万宏源晨会纪要,非个股,一般报告,申万宏源证券,"周海晨,屠亦婷,柴程森",2019Q4,,,,26700.0,0.489,,,,,增持,,
002078.SZ,太阳纸业,20200228,申万宏源晨会纪要,非个股,一般报告,申万宏源证券,"周海晨,屠亦婷,柴程森",2021Q4,,,,300000.0,1.158,,,,,增持,,
002078.SZ,太阳纸业,20200228,申万宏源晨会纪要,非个股,一般报告,申万宏源证券,"周海晨,屠亦婷,柴程森",2020Q4,,,,250000.0,0.965,,,,,增持,,
002078.SZ,太阳纸业,20200228,申万宏源晨会纪要,非个股,一般报告,申万宏源证券,"周海晨,屠亦婷,柴程森",2019Q4,,,,218600.0,0.843,,,,,增持,,
002191.SZ,劲嘉股份,20200228,申万宏源晨会纪要,非个股,一般报告,申万宏源证券,"周迅,丁智艳",2021Q4,,,,121584.247,0.83,,,,,买入,,
002191.SZ,劲嘉股份,20200228,申万宏源晨会纪要,非个股,一般报告,申万宏源证券,"周迅,丁智艳",2020Q4,,,,101076.061,0.69,,,,,买入,,
002191.SZ,劲嘉股份,20200228,申万宏源晨会纪要,非个股,一般报告,申万宏源证券,"周迅,丁智艳",2019Q4,,,,87892.227,0.6,,,,,买入,,
300457.SZ,赢合科技,20200228,下游扩产景气加速，设备龙头最为受益：机械行业锂电设备行业跟踪点评,非个股,一般报告,中信证券,"刘海博,左腾飞,李睿鹏,宋韶灵,李越",2020Q4,,,,36848.34,0.98,,,,,买入,,
300457.SZ,赢合科技,20200228,下游扩产景气加速，设备龙头最为受益：机械行业锂电设备行业跟踪点评,非个股,一般报告,中信证券,"刘海博,左腾飞,李睿鹏,宋韶灵,李越",2019Q4,,,,24440.226,0.65,,,,,买入,,
603359.SH,东珠生态,20200228,人员陆续返岗，复工节奏与地方政策更相关：建筑及水泥行业复工跟踪,非个股,一般报告,中信证券,"罗鼎,杨畅",2020Q4,,,,54487.44,1.71,,,,,买入,,
603359.SH,东珠生态,20200228,人员陆续返岗，复工节奏与地方政策更相关：建筑及水泥行业复工跟踪,非个股,一般报告,中信证券,"罗鼎,杨畅",2019Q4,,,,39192.72,1.23,,,,,买入,,
600519.SH,贵州茅台,20200228,海通证券研究所重点推荐股票池（2020年3月）,非个股,一般报告,海通证券,闻宏伟,2020Q4,,,,5070014.321,40.36,,,,,无,,
600519.SH,贵州茅台,20200228,海通证券研究所重点推荐股票池（2020年3月）,非个股,一般报告,海通证券,闻宏伟,2019Q4,,,,4262279.135,33.93,,,,,无,,
688006.SH,杭可科技,20200228,下游扩产景气加速，设备龙头最为受益：机械行业锂电设备行业跟踪点评,非个股,一般报告,中信证券,"刘海博,左腾飞,李睿鹏,宋韶灵,李越",2020Q4,,,,49724.0,1.24,,,,,买入,,
688006.SH,杭可科技,20200228,下游扩产景气加速，设备龙头最为受益：机械行业锂电设备行业跟踪点评,非个股,一般报告,中信证券,"刘海博,左腾飞,李睿鹏,宋韶灵,李越",2019Q4,,,,28872.0,0.72,,,,,买入,,
002391.SZ,长青股份,20200228,申万宏源晨会纪要,非个股,一般报告,申万宏源证券,"王成强,宋涛",2021Q4,,,,52200.0,0.97,,,,,增持,,
002391.SZ,长青股份,20200228,申万宏源晨会纪要,非个股,一般报告,申万宏源证券,"王成强,宋涛",2020Q4,,,,43400.0,0.8,,,,,增持,,
002391.SZ,长青股份,20200228,申万宏源晨会纪要,非个股,一般报告,申万宏源证券,"王成强,宋涛",2019Q4,,,,37100.0,0.69,,,,,增持,,
688088.SH,虹软科技,20200228,虹软科技：主业仍景气，屏下指纹进展顺利,,一般报告,华泰证券,"谢春生,郭雅丽,郭梁良,金兴",2021Q4,122100.0,,64266.0,54626.0,1.35,56.34,,15.94,49.32,买入,,
300192.SZ,科斯伍德,20200228,科斯伍德：龙门教育超额完成业绩承诺,点评,一般报告,中泰证券,"范欣悦,吴张爽",2021Q4,127100.0,,28700.0,24300.0,0.719,24.0,,10.8,,买入,,
300192.SZ,科斯伍德,20200228,科斯伍德：龙门教育超额完成业绩承诺,点评,一般报告,中泰证券,"范欣悦,吴张爽",2020Q4,114900.0,,24300.0,20600.0,0.609,28.0,,10.0,,买入,,
300192.SZ,科斯伍德,20200228,科斯伍德：龙门教育超额完成业绩承诺,点评,一般报告,中泰证券,"范欣悦,吴张爽",2019Q4,95000.0,,19300.0,8300.0,0.246,70.0,,4.4,,买入,,
002595.SZ,豪迈科技,20200228,豪迈科技：业绩预告符合预期，2020年收入业绩有望继续稳健增长,点评,一般报告,中金,"张梓丁,孔令鑫",2020Q4,507270.0,170440.0,118600.0,102100.0,1.28,17.0,1.8,19.4,11.9,跑赢行业,,28.07
002595.SZ,豪迈科技,20200228,豪迈科技：业绩预告符合预期，2020年收入业绩有望继续稳健增长,点评,一般报告,中金,"张梓丁,孔令鑫",2019Q4,437090.0,146930.0,100200.0,86200.0,1.08,20.2,1.5,18.7,14.1,跑赢行业,,28.07
300342.SZ,天银机电,20200228,天银机电：发布业绩快报，实现净利润1.41亿元，符合预期,点评,一般报告,安信证券,"冯福章,张傲",2021Q4,157520.0,,34600.0,26470.0,0.61,31.7,1.3,14.9,19.7,买入,,
300342.SZ,天银机电,20200228,天银机电：发布业绩快报，实现净利润1.41亿元，符合预期,点评,一般报告,安信证券,"冯福章,张傲",2019Q4,94550.0,,16070.0,14110.0,0.33,59.5,0.7,9.3,37.4,买入,,
002643.SZ,万润股份,20200228,万润股份2019年业绩快报点评报告：沸石持续放量，OLED单体有望迎来突破,点评,一般报告,国泰君安,"李明刚,陈煜",2021Q4,459100.0,,,79800.0,0.88,20.43,1.3,13.9,11.06,增持,,20.87
002643.SZ,万润股份,20200228,万润股份2019年业绩快报点评报告：沸石持续放量，OLED单体有望迎来突破,点评,一般报告,国泰君安,"李明刚,陈煜",2019Q4,329300.0,,,52600.0,0.58,30.99,1.1,11.1,17.44,增持,,20.87
000915.SZ,山大华特,20200228,山大华特首次覆盖报告：大股东易主迎改善契机，品牌儿童药企获新动能,一般,首次评级,光大证券,"林小伟,经煜甚",2021Q4,237800.0,,53300.0,40800.0,1.74,15.0,1.1,17.31,11.5,买入,,
000915.SZ,山大华特,20200228,山大华特首次覆盖报告：大股东易主迎改善契机，品牌儿童药企获新动能,一般,首次评级,光大证券,"林小伟,经煜甚",2020Q4,201700.0,,42000.0,31100.0,1.33,19.0,0.9,15.52,14.7,买入,,
300653.SZ,正海生物,20200228,正海生物动态点评：业绩符合预期，主打品种稳定增长,点评,一般报告,东方财富证券,"何玮,马建华",2021Q4,45548.0,,,16505.0,2.06,36.64,,,29.34,增持,,
300653.SZ,正海生物,20200228,正海生物动态点评：业绩符合预期，主打品种稳定增长,点评,一般报告,东方财富证券,"何玮,马建华",2020Q4,35562.0,,,13246.0,1.66,45.66,,,36.75,增持,,
002643.SZ,万润股份,20200228,万润股份2019年业绩快报点评报告：沸石持续放量，OLED单体有望迎来突破,点评,一般报告,国泰君安,"李明刚,陈煜",2020Q4,380700.0,,,63200.0,0.7,25.77,1.2,12.2,14.34,增持,,20.87
000915.SZ,山大华特,20200228,山大华特首次覆盖报告：大股东易主迎改善契机，品牌儿童药企获新动能,一般,首次评级,光大证券,"林小伟,经煜甚",2019Q4,175200.0,,29400.0,20300.0,0.87,29.0,0.6,11.73,19.5,买入,,
002643.SZ,万润股份,20200228,万润股份：对MP公司商誉减值一定程度影响净利润，2019年业绩同比仍实现较快增长,点评,一般报告,兴业证券,"徐留明,邓先河",2021Q4,412896.0,,89100.0,75775.0,0.83,21.5,,13.0,,审慎增持,,
002643.SZ,万润股份,20200228,万润股份：对MP公司商誉减值一定程度影响净利润，2019年业绩同比仍实现较快增长,点评,一般报告,兴业证券,"徐留明,邓先河",2020Q4,363194.0,,74800.0,63590.0,0.7,25.6,,12.1,,审慎增持,,
002468.SZ,申通快递,20200228,申通快递：19Q4业绩降幅收窄，阿里赋能提升软实力,点评,一般报告,兴业证券,"王品辉,龚里,张晓云",2021Q4,2948200.0,,292200.0,219200.0,1.43,13.8,,14.7,,审慎增持,,
002468.SZ,申通快递,20200228,申通快递：19Q4业绩降幅收窄，阿里赋能提升软实力,点评,一般报告,兴业证券,"王品辉,龚里,张晓云",2020Q4,2538800.0,,253400.0,190100.0,1.24,15.9,,14.9,,审慎增持,,
002468.SZ,申通快递,20200228,申通快递：19Q4业绩降幅收窄，阿里赋能提升软实力,点评,一般报告,兴业证券,"王品辉,龚里,张晓云",2019Q4,2282600.0,,191000.0,143200.0,0.94,21.1,,13.2,,审慎增持,,
002463.SZ,沪电股份,20200228,沪电股份：业绩符合预期，持续受益于5G基站和数据中心建设,点评,一般报告,兴业证券,"谢恒,姚康",2021Q4,1082800.0,,230300.0,200400.0,1.16,23.9,,22.9,,审慎增持,,
002463.SZ,沪电股份,20200228,沪电股份：业绩符合预期，持续受益于5G基站和数据中心建设,点评,一般报告,兴业证券,"谢恒,姚康",2020Q4,878300.0,,181800.0,158100.0,0.92,30.3,,23.5,,审慎增持,,
002463.SZ,沪电股份,20200228,沪电股份：业绩符合预期，持续受益于5G基站和数据中心建设,点评,一般报告,兴业证券,"谢恒,姚康",2019Q4,712900.0,,138600.0,120600.0,0.7,39.8,,23.4,,审慎增持,,
300316.SZ,晶盛机电,20200228,晶盛机电2019年业绩快报点评：受益下游扩产，公司业绩有望加速兑现,点评,一般报告,华创证券,"李佳,鲁佩,赵志铭",2021Q4,502700.0,,137100.0,120200.0,0.94,27.0,,17.1,23.0,推荐,,28.3
300316.SZ,晶盛机电,20200228,晶盛机电2019年业绩快报点评：受益下游扩产，公司业绩有望加速兑现,点评,一般报告,华创证券,"李佳,鲁佩,赵志铭",2020Q4,419500.0,,113500.0,99500.0,0.77,32.0,,17.0,27.0,推荐,,28.3
002332.SZ,仙琚制药,20200228,仙琚制药：核心业务保持快速增长，期待20年表现,点评,一般报告,东方证券,"刘恩阳,田世豪",2021Q4,526800.0,,87100.0,69900.0,0.76,11.5,,17.8,8.8,买入,,12.18
002643.SZ,万润股份,20200228,万润股份：对MP公司商誉减值一定程度影响净利润，2019年业绩同比仍实现较快增长,点评,一般报告,兴业证券,"徐留明,邓先河",2019Q4,287018.0,,59500.0,50584.0,0.56,32.2,,10.6,,审慎增持,,
300638.SZ,广和通,20200228,广和通：全年业绩略超预期，PC领域龙头，高壁垒保障高成长广和通,点评,一般报告,方正证券,"樊生龙,唐航",2021Q4,380671.0,,36740.0,33313.0,2.482,30.0,,28.0,,推荐,,
300638.SZ,广和通,20200228,广和通：全年业绩略超预期，PC领域龙头，高壁垒保障高成长广和通,点评,一般报告,方正证券,"樊生龙,唐航",2020Q4,287171.0,,26469.0,24032.0,1.79,41.59,,28.0,,推荐,,
300638.SZ,广和通,20200228,广和通：全年业绩略超预期，PC领域龙头，高壁垒保障高成长广和通,点评,一般报告,方正证券,"樊生龙,唐航",2019Q4,191457.0,,18735.0,17000.0,1.267,58.79,,27.0,,推荐,,
300316.SZ,晶盛机电,20200228,晶盛机电2019年业绩快报点评：受益下游扩产，公司业绩有望加速兑现,点评,一般报告,华创证券,"李佳,鲁佩,赵志铭",2019Q4,312600.0,,72500.0,63600.0,0.49,50.0,,13.1,40.0,推荐,,28.3
002233.SZ,塔牌集团,20200228,塔牌集团：2019Q4价量齐升促业绩超预期，2020年将再上台阶,点评,一般报告,东北证券,王小勇,2020Q4,810000.0,,280000.0,210000.0,1.761,7.0,7.41,19.2,,买入,,17.5
002233.SZ,塔牌集团,20200228,塔牌集团：2019Q4价量齐升促业绩超预期，2020年将再上台阶,点评,一般报告,东北证券,王小勇,2019Q4,690000.0,,230000.0,170000.0,1.426,8.0,6.16,17.6,,买入,,17.5
002001.SZ,新和成,20200228,新和成：业绩符合预期，多项目陆续推进；关注突发公共卫生事件下维生素价格大幅上行,点评,一般报告,安信证券,张汪强,2021Q4,1093450.0,,413120.0,349400.0,1.63,16.0,2.8,16.7,11.0,买入,,27.0
002001.SZ,新和成,20200228,新和成：业绩符合预期，多项目陆续推进；关注突发公共卫生事件下维生素价格大幅上行,点评,一般报告,安信证券,张汪强,2020Q4,950830.0,,361150.0,305440.0,1.42,18.2,2.5,16.0,12.8,买入,,27.0
002001.SZ,新和成,20200228,新和成：业绩符合预期，多项目陆续推进；关注突发公共卫生事件下维生素价格大幅上行,点评,一般报告,安信证券,张汪强,2019Q4,760660.0,,259970.0,221940.0,1.03,25.1,1.8,12.8,17.1,买入,,27.0
002332.SZ,仙琚制药,20200228,仙琚制药：核心业务保持快速增长，期待20年表现,点评,一般报告,东方证券,"刘恩阳,田世豪",2020Q4,468500.0,,66000.0,53000.0,0.58,15.1,,16.0,11.2,买入,,12.18
002332.SZ,仙琚制药,20200228,仙琚制药：核心业务保持快速增长，期待20年表现,点评,一般报告,东方证券,"刘恩阳,田世豪",2019Q4,415700.0,,50600.0,40600.0,0.44,19.7,,14.3,13.9,买入,,12.18
002233.SZ,塔牌集团,20200228,塔牌集团：2019Q4价量齐升促业绩超预期，2020年将再上台阶,点评,一般报告,东北证券,王小勇,2021Q4,930000.0,,310000.0,230000.0,1.929,6.0,8.24,19.3,,买入,,17.5
688169.SH,石头科技,20200228,石头科技：收入业绩快速爆发，扫地机器人领军者未来可期,,一般报告,申万宏源证券,"史晋星,刘正,周海晨,韩强,梁姝雯",2020Q4,532200.0,171100.0,106100.0,90400.0,13.56,31.0,,6.3,,增持,,
600183.SH,生益科技,20200228,生益科技：理顺业务架构，成长加速，整体价值最大化,点评,一般报告,兴业证券,"谢恒,姚康",2021Q4,2000600.0,,310800.0,244700.0,1.08,28.8,,21.2,,审慎增持,,
688169.SH,石头科技,20200228,石头科技：收入业绩快速爆发，扫地机器人领军者未来可期,,一般报告,申万宏源证券,"史晋星,刘正,周海晨,韩强,梁姝雯",2021Q4,664300.0,222000.0,131600.0,112100.0,16.81,25.0,,7.3,,增持,,
688169.SH,石头科技,20200228,石头科技：收入业绩快速爆发，扫地机器人领军者未来可期,,一般报告,申万宏源证券,"史晋星,刘正,周海晨,韩强,梁姝雯",2019Q4,415100.0,127600.0,82800.0,70600.0,10.59,39.0,,5.3,,增持,,
600183.SH,生益科技,20200228,生益科技：理顺业务架构，成长加速，整体价值最大化,点评,一般报告,兴业证券,"谢恒,姚康",2020Q4,1646500.0,,244300.0,193000.0,0.85,36.5,,21.1,,审慎增持,,
300316.SZ,晶盛机电,20200228,晶盛机电：19年业绩符合预期，20年将受益下游加速扩产,点评,一般报告,东吴证券,"陈显帆,周尔双,朱贝贝",2019Q4,312590.0,,73420.0,63560.0,0.49,50.22,,14.0,,买入,,
002430.SZ,杭氧股份,20200228,杭氧股份2019年业绩快报点评：受气价影响业绩同比下滑，新产能扩张推动收入持续增长,点评,一般报告,华创证券,"李佳,鲁佩,赵志铭",2021Q4,1146100.0,,138500.0,102300.0,1.06,13.0,,12.2,7.5,推荐,,16.0
002430.SZ,杭氧股份,20200228,杭氧股份2019年业绩快报点评：受气价影响业绩同比下滑，新产能扩张推动收入持续增长,点评,一般报告,华创证券,"李佳,鲁佩,赵志铭",2020Q4,1021300.0,,118000.0,87100.0,0.9,16.0,,12.0,8.5,推荐,,16.0
002430.SZ,杭氧股份,20200228,杭氧股份2019年业绩快报点评：受气价影响业绩同比下滑，新产能扩张推动收入持续增长,点评,一般报告,华创证券,"李佳,鲁佩,赵志铭",2019Q4,824200.0,,85800.0,63400.0,0.66,22.0,,10.0,11.0,推荐,,16.0
002081.SZ,金螳螂,20200228,金螳螂：Q4收入明显加速，业绩符合预期,点评,一般报告,兴业证券,"孟杰,黄杨",2021Q4,4268700.0,,388400.0,323000.0,1.203,7.3,,19.1,,审慎增持,,
002081.SZ,金螳螂,20200228,金螳螂：Q4收入明显加速，业绩符合预期,点评,一般报告,兴业证券,"孟杰,黄杨",2020Q4,3659100.0,,333600.0,277400.0,1.033,8.5,,17.2,,审慎增持,,
300750.SZ,宁德时代,20200228,宁德时代2019年业绩快报点评：业绩符合预期，龙头加速扩产,点评,一般报告,国信证券,"方重寅,居嘉骁",2021Q4,7008700.0,,954100.0,755387.0,3.421,44.4,0.1,15.2,36.0,增持,,
300750.SZ,宁德时代,20200228,宁德时代2019年业绩快报点评：业绩符合预期，龙头加速扩产,点评,一般报告,国信证券,"方重寅,居嘉骁",2020Q4,5653200.0,,728700.0,569896.0,2.581,58.9,0.1,13.4,44.4,增持,,
002081.SZ,金螳螂,20200228,金螳螂：Q4收入明显加速，业绩符合预期,点评,一般报告,兴业证券,"孟杰,黄杨",2019Q4,3056800.0,,285600.0,238200.0,0.887,9.9,,15.7,,审慎增持,,
300012.SZ,华测检测,20200228,华测检测2019 年业绩快报点评：检测龙头持续成长，重点关注19Q4扣非归母净利润大幅提升潜力,点评,一般报告,华创证券,"李佳,鲁佩,赵志铭",2021Q4,470900.0,,91700.0,81500.0,0.49,34.3,,17.2,23.0,强推,,19.0
300012.SZ,华测检测,20200228,华测检测2019 年业绩快报点评：检测龙头持续成长，重点关注19Q4扣非归母净利润大幅提升潜力,点评,一般报告,华创证券,"李佳,鲁佩,赵志铭",2020Q4,390300.0,,70400.0,62500.0,0.38,44.7,,16.0,28.0,强推,,19.0
300012.SZ,华测检测,20200228,华测检测2019 年业绩快报点评：检测龙头持续成长，重点关注19Q4扣非归母净利润大幅提升潜力,点评,一般报告,华创证券,"李佳,鲁佩,赵志铭",2019Q4,317900.0,,53300.0,47300.0,0.29,58.9,,14.5,35.0,强推,,19.0
002367.SZ,康力电梯,20200228,康力电梯：19年业绩靠上限，步入健康发展通道,点评,一般报告,东吴证券,"陈显帆,周尔双,朱贝贝",2021Q4,454950.0,,54360.0,44820.0,0.56,14.47,,11.3,,增持,,
002367.SZ,康力电梯,20200228,康力电梯：19年业绩靠上限，步入健康发展通道,点评,一般报告,东吴证券,"陈显帆,周尔双,朱贝贝",2019Q4,366310.0,,30940.0,25510.0,0.32,25.42,,7.6,,增持,,
002035.SZ,华帝股份,20200228,华帝股份：Q4增速转正，工程渠道大幅增长——2019年业绩快报点评,点评,一般报告,中泰证券,邓欣,2021Q4,681000.0,345900.0,110500.0,91900.0,1.06,11.79,,20.27,,买入,,
002035.SZ,华帝股份,20200228,华帝股份：Q4增速转正，工程渠道大幅增长——2019年业绩快报点评,点评,一般报告,中泰证券,邓欣,2020Q4,628100.0,314700.0,99700.0,82900.0,0.95,13.07,,21.3,,买入,,
002582.SZ,好想你,20200228,好想你重大事项点评：好百三年遗憾分手，百事意欲百百融合,点评,一般报告,华创证券,"方振,董广阳,杨传忻",2021Q4,726200.0,,31900.0,24400.0,0.47,21.0,,6.4,11.0,推荐,,11.3
002582.SZ,好想你,20200228,好想你重大事项点评：好百三年遗憾分手，百事意欲百百融合,点评,一般报告,华创证券,"方振,董广阳,杨传忻",2020Q4,644900.0,,27300.0,21100.0,0.41,24.0,,5.8,13.0,推荐,,11.3
002582.SZ,好想你,20200228,好想你重大事项点评：好百三年遗憾分手，百事意欲百百融合,点评,一般报告,华创证券,"方振,董广阳,杨传忻",2019Q4,570100.0,,22100.0,17000.0,0.33,29.0,,4.9,15.0,推荐,,11.3
002409.SZ,雅克科技,20200228,雅克科技：2019年业绩大幅增长，并购LGC彩色光刻胶业务，建设电子材料平台级公司稳步推进,一般,首份报告,兴业证券,"徐留明,邓先河",2021Q4,383600.0,,53100.0,41500.0,0.9,47.9,,8.0,,审慎增持,,
002409.SZ,雅克科技,20200228,雅克科技：2019年业绩大幅增长，并购LGC彩色光刻胶业务，建设电子材料平台级公司稳步推进,一般,首份报告,兴业证券,"徐留明,邓先河",2020Q4,324600.0,,47600.0,37200.0,0.8,53.5,,7.8,,审慎增持,,
002409.SZ,雅克科技,20200228,雅克科技：2019年业绩大幅增长，并购LGC彩色光刻胶业务，建设电子材料平台级公司稳步推进,一般,首份报告,兴业证券,"徐留明,邓先河",2019Q4,183500.0,,32400.0,25300.0,0.55,78.5,,5.8,,审慎增持,,
002373.SZ,千方科技,20200228,"千方科技：净利同比增长32%,车路协同业务值得期待",点评,一般报告,中泰证券,"闻学臣,何柄谕,杨亚宇",2021Q4,1472880.0,,191610.0,151460.0,1.02,28.0,,13.4,,买入,,
002373.SZ,千方科技,20200228,"千方科技：净利同比增长32%,车路协同业务值得期待",点评,一般报告,中泰证券,"闻学臣,何柄谕,杨亚宇",2020Q4,1118590.0,,154960.0,121380.0,0.81,34.9,,12.1,,买入,,
002373.SZ,千方科技,20200228,"千方科技：净利同比增长32%,车路协同业务值得期待",点评,一般报告,中泰证券,"闻学臣,何柄谕,杨亚宇",2019Q4,899160.0,,126320.0,100380.0,0.67,42.3,,11.3,,买入,,
002035.SZ,华帝股份,20200228,华帝股份2019年业绩快报点评：工程业务爆发，经营如期改善，静候春暖花开,点评,一般报告,申万宏源证券,"史晋星,刘正,周海晨,梁姝雯",2021Q4,692700.0,337400.0,113300.0,94000.0,1.08,11.0,,18.4,,买入,,
002035.SZ,华帝股份,20200228,华帝股份2019年业绩快报点评：工程业务爆发，经营如期改善，静候春暖花开,点评,一般报告,申万宏源证券,"史晋星,刘正,周海晨,梁姝雯",2020Q4,619000.0,301400.0,100100.0,83000.0,0.96,12.0,,19.9,,买入,,
002035.SZ,华帝股份,20200228,华帝股份2019年业绩快报点评：工程业务爆发，经营如期改善，静候春暖花开,点评,一般报告,申万宏源证券,"史晋星,刘正,周海晨,梁姝雯",2019Q4,573400.0,274800.0,90000.0,74500.0,0.86,14.0,,22.3,,买入,,
300450.SZ,先导智能,20200228,先导智能：受益核心客户公布扩产及融资计划，核心业务延续边际向上趋势,点评,一般报告,中银国际,杨绍辉,2021Q4,803100.0,,184900.0,163700.0,1.857,31.8,0.9,29.0,25.7,买入,,
300450.SZ,先导智能,20200228,先导智能：受益核心客户公布扩产及融资计划，核心业务延续边际向上趋势,点评,一般报告,中银国际,杨绍辉,2020Q4,648800.0,,150000.0,132800.0,1.507,39.2,0.8,28.8,32.1,买入,,
300450.SZ,先导智能,20200228,先导智能：受益核心客户公布扩产及融资计划，核心业务延续边际向上趋势,点评,一般报告,中银国际,杨绍辉,2019Q4,484200.0,,108500.0,96100.0,1.09,54.2,0.6,25.2,45.7,买入,,
300033.SZ,同花顺,20200228,同花顺：流量平台优势稳固，业绩迎来向上拐点,点评,一般报告,中银国际,兰晓飞,2022Q4,333900.0,,198800.0,186900.0,3.48,38.61,,28.58,,增持,,
300033.SZ,同花顺,20200228,同花顺：流量平台优势稳固，业绩迎来向上拐点,点评,一般报告,中银国际,兰晓飞,2020Q4,222500.0,,130100.0,122300.0,2.27,59.02,,27.65,,增持,,
002475.SZ,立讯精密,20200228,立讯精密：业绩超预期，精密制造龙头持续成长,点评,一般报告,中银国际,"赵琦,王达婷",2021Q4,10136600.0,,960100.0,794500.0,1.481,31.5,0.4,27.9,21.9,买入,,
002475.SZ,立讯精密,20200228,立讯精密：业绩超预期，精密制造龙头持续成长,点评,一般报告,中银国际,"赵琦,王达婷",2020Q4,8109300.0,,754600.0,624700.0,1.164,40.0,0.3,28.1,27.2,买入,,
002475.SZ,立讯精密,20200228,立讯精密：业绩超预期，精密制造龙头持续成长,点评,一般报告,中银国际,"赵琦,王达婷",2019Q4,6237900.0,,569900.0,472100.0,0.88,53.0,0.2,26.2,35.4,买入,,
002049.SZ,紫光国微,20200228,紫光国微：扣非业绩高增，eSIM＋超级SIM卡享5G机遇,点评,一般报告,中银国际,"赵琦,王达婷",2021Q4,571600.0,,73700.0,69000.0,1.136,54.5,0.2,14.0,36.2,买入,,
002049.SZ,紫光国微,20200228,紫光国微：扣非业绩高增，eSIM＋超级SIM卡享5G机遇,点评,一般报告,中银国际,"赵琦,王达婷",2020Q4,446500.0,,59500.0,55800.0,0.919,67.5,0.2,12.7,46.4,买入,,
002049.SZ,紫光国微,20200228,紫光国微：扣非业绩高增，eSIM＋超级SIM卡享5G机遇,点评,一般报告,中银国际,"赵琦,王达婷",2019Q4,343500.0,,43300.0,40500.0,0.667,92.9,0.1,10.3,62.4,买入,,
600183.SH,生益科技,20200228,生益科技：理顺业务架构，成长加速，整体价值最大化,点评,一般报告,兴业证券,"谢恒,姚康",2019Q4,1324100.0,,181400.0,145800.0,0.64,48.4,,20.1,,审慎增持,,
300316.SZ,晶盛机电,20200228,晶盛机电：19年业绩符合预期，20年将受益下游加速扩产,点评,一般报告,东吴证券,"陈显帆,周尔双,朱贝贝",2021Q4,595020.0,,139430.0,120700.0,0.94,26.45,,19.6,,买入,,
300316.SZ,晶盛机电,20200228,晶盛机电：19年业绩符合预期，20年将受益下游加速扩产,点评,一般报告,东吴证券,"陈显帆,周尔双,朱贝贝",2020Q4,440020.0,,109920.0,95160.0,0.74,33.54,,18.1,,买入,,
300750.SZ,宁德时代,20200228,宁德时代2019年业绩快报点评：业绩符合预期，龙头加速扩产,点评,一般报告,国信证券,"方重寅,居嘉骁",2019Q4,4474800.0,,553300.0,435784.0,1.973,77.0,0.0,11.7,59.0,增持,,
002367.SZ,康力电梯,20200228,康力电梯：19年业绩靠上限，步入健康发展通道,点评,一般报告,东吴证券,"陈显帆,周尔双,朱贝贝",2020Q4,421250.0,,45920.0,37860.0,0.47,17.13,,10.4,,增持,,
002035.SZ,华帝股份,20200228,华帝股份：Q4增速转正，工程渠道大幅增长——2019年业绩快报点评,点评,一般报告,中泰证券,邓欣,2019Q4,573400.0,283300.0,89900.0,74800.0,0.86,14.54,,22.57,,买入,,
300033.SZ,同花顺,20200228,同花顺：流量平台优势稳固，业绩迎来向上拐点,点评,一般报告,中银国际,兰晓飞,2021Q4,276000.0,,164900.0,155000.0,2.88,46.55,,28.79,,增持,,
002643.SZ,万润股份,20200228,万润股份：19年业绩持续增长，三大领域业务齐发力,点评,首次关注,华西证券,"杨伟,王天鹤",2020Q4,355400.0,,70423.0,59860.0,0.66,27.23,,10.88,,增持,,
002643.SZ,万润股份,20200228,万润股份：19年业绩持续增长，三大领域业务齐发力,点评,首次关注,华西证券,"杨伟,王天鹤",2019Q4,287011.0,,61180.0,50593.0,0.56,32.22,,10.32,,增持,,
002376.SZ,新北洋,20200228,新北洋2019年业绩快报点评：业绩边际改善，底部标的迎拐点,点评,一般报告,国信证券,"熊莉,于威业",2021Q4,391681.0,,66100.0,51898.0,0.78,16.27,3.1,13.57,13.96,买入,,
002376.SZ,新北洋,20200228,新北洋2019年业绩快报点评：业绩边际改善，底部标的迎拐点,点评,一般报告,国信证券,"熊莉,于威业",2020Q4,322850.0,,54300.0,42632.0,0.64,19.8,2.6,11.94,16.54,买入,,
002376.SZ,新北洋,20200228,新北洋2019年业绩快报点评：业绩边际改善，底部标的迎拐点,点评,一般报告,国信证券,"熊莉,于威业",2019Q4,246997.0,,42300.0,33183.0,0.5,25.44,2.0,9.87,21.16,买入,,
002925.SZ,盈趣科技,20200228,盈趣科技：Q4业绩拐点确立，增长超过预期,点评,一般报告,东吴证券,"史凡可,马莉,傅嘉成",2021Q4,617500.0,,176400.0,155200.0,3.39,19.77,,26.4,16.48,买入,,
002925.SZ,盈趣科技,20200228,盈趣科技：Q4业绩拐点确立，增长超过预期,点评,一般报告,东吴证券,"史凡可,马莉,傅嘉成",2020Q4,486100.0,,141000.0,124100.0,2.71,24.73,,24.7,20.76,买入,,
002925.SZ,盈趣科技,20200228,盈趣科技：Q4业绩拐点确立，增长超过预期,点评,一般报告,东吴证券,"史凡可,马莉,傅嘉成",2019Q4,381000.0,,109700.0,96500.0,2.11,31.79,,22.2,27.56,买入,,
002373.SZ,千方科技,20200228,千方科技2019年业绩快报点评：业绩略超预期，数字化转型＋V2X布局值得期待,点评,一般报告,国信证券,"熊莉,于威业",2021Q4,1439112.0,,192900.0,153665.0,1.03,27.52,0.5,13.75,28.03,增持,,
300750.SZ,宁德时代,20200228,宁德时代：拟定增不超200亿元，再造一个新宁德,点评,一般报告,平安证券,"朱栋,皮秀",2021Q4,5325000.0,,667600.0,501400.0,2.27,67.3,,11.4,31.3,强烈推荐,,
300750.SZ,宁德时代,20200228,宁德时代：拟定增不超200亿元，再造一个新宁德,点评,一般报告,平安证券,"朱栋,皮秀",2020Q4,4770000.0,,610100.0,467200.0,2.12,72.3,,11.7,35.9,强烈推荐,,
300750.SZ,宁德时代,20200228,宁德时代：拟定增不超200亿元，再造一个新宁德,点评,一般报告,平安证券,"朱栋,皮秀",2019Q4,4095000.0,,532000.0,416100.0,1.88,81.1,,11.6,42.2,强烈推荐,,
300348.SZ,长亮科技,20200228,长亮科技：各业务进展顺利，发展有望加速,点评,一般报告,中泰证券,"闻学臣,何柄谕",2021Q4,202700.0,,17800.0,23300.0,0.48,43.34,0.0,13.19,,增持,,
300348.SZ,长亮科技,20200228,长亮科技：各业务进展顺利，发展有望加速,点评,一般报告,中泰证券,"闻学臣,何柄谕",2020Q4,162800.0,,13500.0,17300.0,0.36,58.4,0.0,11.27,,增持,,
300348.SZ,长亮科技,20200228,长亮科技：各业务进展顺利，发展有望加速,点评,一般报告,中泰证券,"闻学臣,何柄谕",2019Q4,131500.0,,10600.0,12900.0,0.27,78.27,0.0,9.48,,增持,,
300226.SZ,上海钢联,20200228,上海钢联：产业SaaS龙头：业务有望加速,点评,一般报告,华泰证券,"谢春生,郭雅丽,郭梁良,金兴",2021Q4,21824500.0,,69905.0,40317.0,2.53,36.79,,22.72,17.09,买入,119.38,117.55
300226.SZ,上海钢联,20200228,上海钢联：产业SaaS龙头：业务有望加速,点评,一般报告,华泰证券,"谢春生,郭雅丽,郭梁良,金兴",2020Q4,16387500.0,,45004.0,27144.0,1.71,54.64,,19.54,26.77,买入,119.38,117.55
300226.SZ,上海钢联,20200228,上海钢联：产业SaaS龙头：业务有望加速,点评,一般报告,华泰证券,"谢春生,郭雅丽,郭梁良,金兴",2019Q4,12326100.0,,32000.0,18033.0,1.13,82.25,,15.96,40.01,买入,119.38,117.55
002643.SZ,万润股份,20200228,万润股份：19年业绩持续增长，三大领域业务齐发力,点评,首次关注,华西证券,"杨伟,王天鹤",2021Q4,427000.0,,84579.0,71893.0,0.79,22.67,,11.56,,增持,,
002152.SZ,广电运通,20200228,广电运通：收入创新高，利润增长企稳回升,点评,一般报告,申万宏源证券,"刘洋,刘畅",2021Q4,867100.0,349900.0,125700.0,101400.0,0.42,24.0,,8.9,,买入,,
002152.SZ,广电运通,20200228,广电运通：收入创新高，利润增长企稳回升,点评,一般报告,申万宏源证券,"刘洋,刘畅",2020Q4,757200.0,304500.0,112700.0,88000.0,0.37,28.0,,8.5,,买入,,
002152.SZ,广电运通,20200228,广电运通：收入创新高，利润增长企稳回升,点评,一般报告,申万宏源证券,"刘洋,刘畅",2019Q4,649800.0,262200.0,102700.0,76300.0,0.32,33.0,,8.1,,买入,,
300348.SZ,长亮科技,20200228,长亮科技2019年业绩快报点评：业绩符合预期，海外业务盈利拐点显现,点评,一般报告,国信证券,"熊莉,于威业",2021Q4,233350.0,,40100.0,34160.0,0.71,38.7,2.1,21.7,32.1,增持,,
300348.SZ,长亮科技,20200228,长亮科技2019年业绩快报点评：业绩符合预期，海外业务盈利拐点显现,点评,一般报告,国信证券,"熊莉,于威业",2020Q4,181690.0,,29400.0,25080.0,0.52,52.8,1.5,17.8,41.5,增持,,
300348.SZ,长亮科技,20200228,长亮科技2019年业绩快报点评：业绩符合预期，海外业务盈利拐点显现,点评,一般报告,国信证券,"熊莉,于威业",2019Q4,141010.0,,15400.0,13120.0,0.27,100.9,0.8,10.1,70.0,增持,,
002373.SZ,千方科技,20200228,千方科技2019年业绩快报点评：业绩略超预期，数字化转型＋V2X布局值得期待,点评,一般报告,国信证券,"熊莉,于威业",2019Q4,917339.0,,125100.0,99642.0,0.67,42.45,0.3,11.32,41.41,增持,,
002078.SZ,太阳纸业,20200228,太阳纸业2019年业绩快报点评：业绩超预期，行业持续景气，新增产能渐次展开,点评,一般报告,华创证券,"郭庆龙,陈梦,葛文欣",2021Q4,3508700.0,,398100.0,336100.0,1.3,7.3,,17.4,9.0,强推,,12.0
002078.SZ,太阳纸业,20200228,太阳纸业2019年业绩快报点评：业绩超预期，行业持续景气，新增产能渐次展开,点评,一般报告,华创证券,"郭庆龙,陈梦,葛文欣",2020Q4,2568900.0,,279100.0,235700.0,0.91,10.5,,14.5,11.0,强推,,12.0
002078.SZ,太阳纸业,20200228,太阳纸业2019年业绩快报点评：业绩超预期，行业持续景气，新增产能渐次展开,点评,一般报告,华创证券,"郭庆龙,陈梦,葛文欣",2019Q4,2266100.0,,258800.0,218600.0,0.84,11.3,,15.4,12.0,强推,,12.0
002373.SZ,千方科技,20200228,千方科技2019年业绩快报点评：业绩略超预期，数字化转型＋V2X布局值得期待,点评,一般报告,国信证券,"熊莉,于威业",2020Q4,1149412.0,,155400.0,123763.0,0.83,34.17,0.4,12.55,33.83,增持,,
002920.SZ,德赛西威,20200228,德赛西威2019年业绩快报点评：Q4利润超预期，新客户、新产品加速拓展,点评,一般报告,国信证券,"梁超,唐旭霞",2020Q4,647100.0,,44100.0,45400.0,0.83,52.7,0.8,10.3,51.9,增持,,
002920.SZ,德赛西威,20200228,德赛西威2019年业绩快报点评：Q4利润超预期，新客户、新产品加速拓展,点评,一般报告,国信证券,"梁超,唐旭霞",2019Q4,534300.0,,25100.0,28900.0,0.52,82.9,0.5,7.0,82.1,增持,,
688111.SH,金山办公,20200228,金山办公2019年业绩快报点评：业绩超预期，订阅业务增长突出,,一般报告,国信证券,"熊莉,于威业",2021Q4,416431.0,,112700.0,95779.0,2.08,112.78,0.7,47.52,111.61,买入,,
002920.SZ,德赛西威,20200228,德赛西威：2019Q4业绩超预期，智能网联多项产品进入量产期,点评,一般报告,中银国际,"魏敏,朱朋",2021Q4,708400.0,,53600.0,48200.0,0.876,49.6,0.5,10.6,32.4,增持,,
002920.SZ,德赛西威,20200228,德赛西威：2019Q4业绩超预期，智能网联多项产品进入量产期,点评,一般报告,中银国际,"魏敏,朱朋",2020Q4,594600.0,,39700.0,35700.0,0.649,67.0,0.4,8.4,42.8,增持,,
002920.SZ,德赛西威,20200228,德赛西威：2019Q4业绩超预期，智能网联多项产品进入量产期,点评,一般报告,中银国际,"魏敏,朱朋",2019Q4,534300.0,,25700.0,28900.0,0.526,82.7,0.3,7.2,62.1,增持,,
002920.SZ,德赛西威,20200228,德赛西威2019年业绩快报点评：Q4利润超预期，新客户、新产品加速拓展,点评,一般报告,国信证券,"梁超,唐旭霞",2021Q4,762300.0,,66100.0,66100.0,1.2,36.2,1.1,13.7,35.7,增持,,
688111.SH,金山办公,20200228,金山办公2019年业绩快报点评：业绩超预期，订阅业务增长突出,,一般报告,国信证券,"熊莉,于威业",2020Q4,289529.0,,77800.0,66116.0,1.43,163.38,0.5,40.74,149.44,买入,,
688111.SH,金山办公,20200228,金山办公2019年业绩快报点评：业绩超预期，订阅业务增长突出,,一般报告,国信证券,"熊莉,于威业",2019Q4,157929.0,,41600.0,40209.0,0.87,268.64,0.3,29.75,329.84,买入,,
300271.SZ,华宇软件,20200228,华宇软件2019年业绩快报点评：业绩符合预期，“互联网＋”法律服务加速建设,点评,一般报告,中信证券,"杨泽原,刘雯蜀",2019Q4,351478.0,,63100.0,57953.0,0.72,43.0,,9.98,,买入,,46.0
002938.SZ,鹏鼎控股,20200228,鹏鼎控股2019年业绩快报点评：主营业务稳健成长，盈利能力有所提升,点评,一般报告,东莞证券,"魏红梅,刘梦麟",2021Q4,3740000.0,,527100.0,434100.0,1.88,24.84,,,,推荐,,
002938.SZ,鹏鼎控股,20200228,鹏鼎控股2019年业绩快报点评：主营业务稳健成长，盈利能力有所提升,点评,一般报告,东莞证券,"魏红梅,刘梦麟",2020Q4,3250000.0,,452100.0,375100.0,1.62,28.75,,,,推荐,,
002398.SZ,垒知集团,20200228,垒知集团：全国布局优势逐步显现,点评,一般报告,东兴证券,"赵军胜,韩宇",2020Q4,451336.0,,64723.0,54493.0,0.79,8.53,,15.81,6.41,强烈推荐,,
002398.SZ,垒知集团,20200228,垒知集团：全国布局优势逐步显现,点评,一般报告,东兴证券,"赵军胜,韩宇",2019Q4,339379.0,,48010.0,40331.0,0.58,11.52,,13.9,8.64,强烈推荐,,
002396.SZ,星网锐捷,20200228,星网锐捷：盈利能力提升，交换机与桌面云迎来市场机遇,点评,一般报告,中泰证券,"陈宁玉,易景明,周铃雅",2021Q4,1459376.0,,156690.0,105769.0,1.81,,0.6,19.57,16.5,买入,,
002396.SZ,星网锐捷,20200228,星网锐捷：盈利能力提升，交换机与桌面云迎来市场机遇,点评,一般报告,中泰证券,"陈宁玉,易景明,周铃雅",2019Q4,927225.0,,90560.0,61127.0,1.05,,0.3,16.35,28.1,买入,,
002078.SZ,太阳纸业,20200228,太阳纸业：Q4表现靓丽，低成本原料硬核实力,点评,一般报告,东吴证券,"史凡可,马莉,傅嘉成",2021Q4,2935200.0,,368800.0,303400.0,1.17,8.14,,17.5,5.42,买入,,
002078.SZ,太阳纸业,20200228,太阳纸业：Q4表现靓丽，低成本原料硬核实力,点评,一般报告,东吴证券,"史凡可,马莉,傅嘉成",2020Q4,2486300.0,,278100.0,228800.0,0.88,10.79,,15.2,8.38,买入,,
002727.SZ,一心堂,20200228,一心堂：业绩预告符合预期，经营状况持续向好,点评,一般报告,天风证券,郑薇,2021Q4,1462971.0,,99446.0,84645.0,1.49,14.93,,15.5,10.73,买入,,
002727.SZ,一心堂,20200228,一心堂：业绩预告符合预期，经营状况持续向好,点评,一般报告,天风证券,郑薇,2019Q4,1050683.0,,78071.0,60419.0,1.06,20.92,,13.6,14.05,买入,,
002001.SZ,新和成,20200228,新和成：业绩符合预期，维生素价格回落导致营收利润同比下滑,点评,一般报告,申万宏源证券,"宋涛,沈衡,马昕晔",2021Q4,1370900.0,587600.0,435000.0,370100.0,1.72,15.0,,14.8,,增持,,
002001.SZ,新和成,20200228,新和成：业绩符合预期，维生素价格回落导致营收利润同比下滑,点评,一般报告,申万宏源证券,"宋涛,沈衡,马昕晔",2019Q4,760700.0,338700.0,259600.0,221800.0,1.03,25.0,,12.1,,增持,,
002001.SZ,新和成,20200228,新和成：业绩略逊预期，今年迎来复苏,点评,一般报告,天风证券,"李辉,潘海洋",2019Q4,760665.0,,259223.0,221840.0,1.03,25.12,,12.54,17.67,买入,,36.6
600183.SH,生益科技,20200228,生益科技：拟分拆子公司至科创板上市，有望提升5G时代综合竞争实力,点评,一般报告,中金,"陈旭东,黄乐平",2021Q4,1750100.0,,255800.0,207700.0,0.91,34.0,1.8,25.1,19.9,跑赢行业,,35.0
600183.SH,生益科技,20200228,生益科技：拟分拆子公司至科创板上市，有望提升5G时代综合竞争实力,点评,一般报告,中金,"陈旭东,黄乐平",2019Q4,1316400.0,,185100.0,147900.0,0.65,47.7,1.3,22.3,25.4,跑赢行业,,35.0
300815.SZ,玉禾田,20200228,玉禾田2019年业绩快报点评：业绩高增符合预期，专注创造价值,点评,一般报告,中信证券,"李想,陈聪,李金哲",2019Q4,364300.0,,40400.0,30600.0,2.21,42.0,,15.9,,买入,,
300760.SZ,迈瑞医疗,20200228,迈瑞医疗：业绩符合预期，受益政府疫情采购,点评,一般报告,中金,"张琎,邹朋",2021Q4,2437700.0,,795000.0,698100.0,5.74,42.7,0.3,24.0,32.4,跑赢行业,,295.0
300760.SZ,迈瑞医疗,20200228,迈瑞医疗：业绩符合预期，受益政府疫情采购,点评,一般报告,中金,"张琎,邹朋",2020Q4,2012100.0,,653500.0,573900.0,4.72,51.9,0.0,25.3,40.1,跑赢行业,,295.0
300760.SZ,迈瑞医疗,20200228,迈瑞医疗：业绩符合预期，受益政府疫情采购,点评,一般报告,中金,"张琎,邹朋",2019Q4,1655700.0,,533000.0,468100.0,3.85,63.7,0.0,26.7,49.5,跑赢行业,,295.0
300398.SZ,飞凯材料,20200228,飞凯材料：业绩符合预期，混晶和半导体材料销量有望持续增长,点评,首份报告,招商证券,"周铮,钟浩,段一帆",2021Q4,198200.0,,49900.0,42000.0,0.81,26.0,,14.4,11.7,强烈推荐,,
300398.SZ,飞凯材料,20200228,飞凯材料：业绩符合预期，混晶和半导体材料销量有望持续增长,点评,首份报告,招商证券,"周铮,钟浩,段一帆",2020Q4,174600.0,,41000.0,34500.0,0.67,31.6,,13.3,13.6,强烈推荐,,
300398.SZ,飞凯材料,20200228,飞凯材料：业绩符合预期，混晶和半导体材料销量有望持续增长,点评,首份报告,招商证券,"周铮,钟浩,段一帆",2019Q4,151300.0,,31900.0,26600.0,0.51,41.0,,11.4,16.0,强烈推荐,,
300271.SZ,华宇软件,20200228,华宇软件2019年业绩快报点评：业绩符合预期，“互联网＋”法律服务加速建设,点评,一般报告,中信证券,"杨泽原,刘雯蜀",2021Q4,665992.0,,117700.0,109147.0,1.35,23.0,,14.46,,买入,,46.0
300271.SZ,华宇软件,20200228,华宇软件2019年业绩快报点评：业绩符合预期，“互联网＋”法律服务加速建设,点评,一般报告,中信证券,"杨泽原,刘雯蜀",2020Q4,492461.0,,87600.0,81055.0,1.0,31.0,,12.38,,买入,,46.0
002938.SZ,鹏鼎控股,20200228,鹏鼎控股2019年业绩快报点评：主营业务稳健成长，盈利能力有所提升,点评,一般报告,东莞证券,"魏红梅,刘梦麟",2019Q4,2663186.0,,343677.0,291943.0,1.26,36.93,,,,推荐,,
002398.SZ,垒知集团,20200228,垒知集团：全国布局优势逐步显现,点评,一般报告,东兴证券,"赵军胜,韩宇",2021Q4,601316.0,,86695.0,72992.0,1.05,6.37,,17.48,4.8,强烈推荐,,
002396.SZ,星网锐捷,20200228,星网锐捷：盈利能力提升，交换机与桌面云迎来市场机遇,点评,一般报告,中泰证券,"陈宁玉,易景明,周铃雅",2020Q4,1183850.0,,121470.0,81990.0,1.41,,0.5,18.36,21.2,买入,,
002078.SZ,太阳纸业,20200228,太阳纸业：Q4表现靓丽，低成本原料硬核实力,点评,一般报告,东吴证券,"史凡可,马莉,傅嘉成",2019Q4,2266100.0,,265600.0,218600.0,0.84,11.3,,16.4,9.23,买入,,
002727.SZ,一心堂,20200228,一心堂：业绩预告符合预期，经营状况持续向好,点评,一般报告,天风证券,郑薇,2020Q4,1239806.0,,84263.0,71696.0,1.26,17.63,,14.62,12.49,买入,,
002001.SZ,新和成,20200228,新和成：业绩符合预期，维生素价格回落导致营收利润同比下滑,点评,一般报告,申万宏源证券,"宋涛,沈衡,马昕晔",2020Q4,1090300.0,468200.0,346500.0,295300.0,1.37,19.0,,13.8,,增持,,
002001.SZ,新和成,20200228,新和成：业绩略逊预期，今年迎来复苏,点评,一般报告,天风证券,"李辉,潘海洋",2021Q4,1537830.0,,561776.0,475564.0,2.21,11.72,,20.01,8.73,买入,,36.6
002001.SZ,新和成,20200228,新和成：业绩略逊预期，今年迎来复苏,点评,一般报告,天风证券,"李辉,潘海洋",2020Q4,1239160.0,,462722.0,392622.0,1.83,14.2,,19.21,10.62,买入,,36.6
600183.SH,生益科技,20200228,生益科技：拟分拆子公司至科创板上市，有望提升5G时代综合竞争实力,点评,一般报告,中金,"陈旭东,黄乐平",2020Q4,1516000.0,,219400.0,178200.0,0.78,39.6,1.5,24.4,22.4,跑赢行业,,35.0
300815.SZ,玉禾田,20200228,玉禾田2019年业绩快报点评：业绩高增符合预期，专注创造价值,点评,一般报告,中信证券,"李想,陈聪,李金哲",2021Q4,579400.0,,71100.0,53800.0,3.89,24.0,,20.8,,买入,,
300815.SZ,玉禾田,20200228,玉禾田2019年业绩快报点评：业绩高增符合预期，专注创造价值,点评,一般报告,中信证券,"李想,陈聪,李金哲",2020Q4,461500.0,,54100.0,40900.0,2.96,32.0,,18.5,,买入,,
300575.SZ,中旗股份,20200228,中旗股份：坚定看好公司长期价值,点评,一般报告,东兴证券,"罗四维,薛阳",2021Q4,264200.0,,40900.0,34754.0,2.632,5.47,,19.45,2.99,强烈推荐,,
300575.SZ,中旗股份,20200228,中旗股份：坚定看好公司长期价值,点评,一般报告,东兴证券,"罗四维,薛阳",2020Q4,199270.0,,33800.0,28747.0,2.177,6.62,,18.83,3.58,强烈推荐,,
300575.SZ,中旗股份,20200228,中旗股份：坚定看好公司长期价值,点评,一般报告,东兴证券,"罗四维,薛阳",2019Q4,156900.0,,17700.0,15051.0,1.14,12.64,,11.48,5.73,强烈推荐,,
300113.SZ,顺网科技,20200228,顺网科技2019年年报快报点评：业绩符合预期，静待新业务开花结果,一般,一般报告,国信证券,张衡,2021Q4,169900.0,,,51393.0,0.74,40.0,,16.11,33.19,买入,,
300113.SZ,顺网科技,20200228,顺网科技2019年年报快报点评：业绩符合预期，静待新业务开花结果,一般,一般报告,国信证券,张衡,2020Q4,161200.0,,65000.0,49237.0,0.71,41.75,1.9,16.01,34.27,买入,,
300113.SZ,顺网科技,20200228,顺网科技2019年年报快报点评：业绩符合预期，静待新业务开花结果,一般,一般报告,国信证券,张衡,2019Q4,155900.0,,18400.0,8193.0,0.12,250.93,0.3,2.76,51.61,买入,,
002938.SZ,鹏鼎控股,20200228,鹏鼎控股：业绩稳健增长，符合预期,点评,一般报告,民生证券,王芳,2021Q4,3867500.0,,533600.0,440400.0,1.91,21.4,0.0,15.3,8.7,推荐,,
002938.SZ,鹏鼎控股,20200228,鹏鼎控股：业绩稳健增长，符合预期,点评,一般报告,民生证券,王芳,2020Q4,3306400.0,,443900.0,366400.0,1.59,25.7,0.0,15.0,10.8,推荐,,
002938.SZ,鹏鼎控股,20200228,鹏鼎控股：业绩稳健增长，符合预期,点评,一般报告,民生证券,王芳,2019Q4,2663200.0,,354100.0,292300.0,1.26,32.2,0.0,14.0,13.5,推荐,,
002938.SZ,鹏鼎控股,20200228,鹏鼎控股2019年业绩快报点评：19Q4业绩回暖，全年实际增速超10％,点评,一般报告,中信证券,"徐涛,胡叶倩雯",2021Q4,3469542.0,,524700.0,433060.0,1.87,25.0,,16.54,,买入,,56.52
002938.SZ,鹏鼎控股,20200228,鹏鼎控股2019年业绩快报点评：19Q4业绩回暖，全年实际增速超10％,点评,一般报告,中信证券,"徐涛,胡叶倩雯",2020Q4,3012308.0,,441000.0,364014.0,1.57,30.0,,16.0,,买入,,56.52
002643.SZ,万润股份,20200228,万润股份2019年业绩快报点评：沸石销量稳增，全年业绩符合预期,点评,一般报告,申港证券,曹承安,2021Q4,457309.0,,92900.0,81144.0,0.89,20.09,,14.26,12.15,买入,,
002643.SZ,万润股份,20200228,万润股份2019年业绩快报点评：沸石销量稳增，全年业绩符合预期,点评,一般报告,申港证券,曹承安,2020Q4,353286.0,,73700.0,64609.0,0.71,25.23,,12.49,14.83,买入,,
002643.SZ,万润股份,20200228,万润股份2019年业绩快报点评：沸石销量稳增，全年业绩符合预期,点评,一般报告,申港证券,曹承安,2019Q4,287057.0,,58300.0,50652.0,0.56,32.18,,10.64,19.11,买入,,
002507.SZ,涪陵榨菜,20200228,涪陵榨菜：否极泰来，拐点已至,点评,一般报告,新时代证券,"陈文倩,孙颖",2021Q4,258500.0,,103900.0,88200.0,1.12,21.5,,21.0,15.7,强烈推荐,,
002507.SZ,涪陵榨菜,20200228,涪陵榨菜：否极泰来，拐点已至,点评,一般报告,新时代证券,"陈文倩,孙颖",2020Q4,224800.0,,86000.0,72900.0,0.92,26.0,,21.1,19.9,强烈推荐,,
002507.SZ,涪陵榨菜,20200228,涪陵榨菜：否极泰来，拐点已至,点评,一般报告,新时代证券,"陈文倩,孙颖",2019Q4,199000.0,,71300.0,60500.0,0.77,31.3,,21.1,24.2,强烈推荐,,
002035.SZ,华帝股份,20200228,华帝股份2019年业绩快报点评：Q4收入增速转正，景气度表现筑底回暖,点评,一般报告,民生证券,杨柳,2021Q4,717300.0,,124400.0,102800.0,1.183,10.7,0.0,19.5,734.4,推荐,,
002035.SZ,华帝股份,20200228,华帝股份2019年业绩快报点评：Q4收入增速转正，景气度表现筑底回暖,点评,一般报告,民生证券,杨柳,2020Q4,654000.0,,108400.0,89500.0,1.03,12.3,0.0,21.2,837.3,推荐,,
002035.SZ,华帝股份,20200228,华帝股份2019年业绩快报点评：Q4收入增速转正，景气度表现筑底回暖,点评,一般报告,民生证券,杨柳,2019Q4,573400.0,,90400.0,74500.0,0.857,14.7,0.0,22.3,994.6,推荐,,
688363.SH,华熙生物,20200228,华熙生物：预告2019净利润同比增38%，护肤及医美板块快速发力,,一般报告,中金,"樊俊豪,徐卓楠",2021Q4,350600.0,274500.0,131400.0,108200.0,2.25,39.0,0.1,22.4,28.1,跑赢行业,,100.0
688363.SH,华熙生物,20200228,华熙生物：预告2019净利润同比增38%，护肤及医美板块快速发力,,一般报告,中金,"樊俊豪,徐卓楠",2020Q4,259800.0,203200.0,97600.0,80300.0,1.67,52.5,0.1,20.4,38.2,跑赢行业,,100.0
600131.SH,国网信通,20200228,国网信通：岷江水电更名国网信通，云网融合业务正式起航,点评,一般报告,申万宏源证券,"刘晓宁,王璐,查浩,邹佩轩",2019Q4,640600.0,126500.0,55400.0,48800.0,0.44,52.0,,,,买入,,
688363.SH,华熙生物,20200228,华熙生物：长期看好公司三大业务成长空间,,一般报告,国盛证券,"鞠兴海,刘畅",2020Q4,264500.0,,93000.0,76500.0,1.59,55.1,,26.0,43.4,买入,,
688363.SH,华熙生物,20200228,华熙生物：长期看好公司三大业务成长空间,,一般报告,国盛证券,"鞠兴海,刘畅",2019Q4,187800.0,,71100.0,58500.0,1.22,72.1,,25.4,56.6,买入,,
688300.SH,联瑞新材,20200228,联瑞新材：业绩超出预期，发展进入快车道,,一般报告,招商证券,"周铮,段一帆,钟浩",2020Q4,50800.0,,14000.0,12000.0,1.4,42.3,,12.0,29.1,强烈推荐,78.8,76.5
688300.SH,联瑞新材,20200228,联瑞新材：业绩超出预期，发展进入快车道,,一般报告,招商证券,"周铮,段一帆,钟浩",2019Q4,31500.0,,8700.0,7500.0,0.87,67.9,,8.3,47.4,强烈推荐,78.8,76.5
300770.SZ,新媒股份,20200228,新媒股份：归母净利润同比增89%，贴预告上限，上调业绩预测,一般,一般报告,方正证券,"杨仁文,姚蕾,蔡靖",2021Q4,158317.0,,68357.0,67584.0,5.26,33.42,,21.0,28.38,推荐,,
300770.SZ,新媒股份,20200228,新媒股份：归母净利润同比增89%，贴预告上限，上调业绩预测,一般,一般报告,方正证券,"杨仁文,姚蕾,蔡靖",2020Q4,130125.0,,53754.0,53146.0,4.14,42.5,,20.0,37.05,推荐,,
002368.SZ,太极股份,20200228,太极股份：预计2020年安全量利齐升,点评,一般报告,申万宏源证券,"刘洋,黄忠煌",2021Q4,988700.0,211000.0,64200.0,58700.0,1.42,35.0,,13.9,,买入,,
002368.SZ,太极股份,20200228,太极股份：预计2020年安全量利齐升,点评,一般报告,申万宏源证券,"刘洋,黄忠煌",2020Q4,805600.0,171400.0,51500.0,47100.0,1.14,44.0,,13.0,,买入,,
002191.SZ,劲嘉股份,20200228,劲嘉股份：烟标主业稳健增长，精品彩盒持续兑现高增,点评,一般报告,东吴证券,"史凡可,马莉,傅嘉成",2021Q4,568000.0,,152400.0,121200.0,0.83,12.86,,15.1,9.72,买入,,
002191.SZ,劲嘉股份,20200228,劲嘉股份：烟标主业稳健增长，精品彩盒持续兑现高增,点评,一般报告,东吴证券,"史凡可,马莉,傅嘉成",2019Q4,398900.0,,109400.0,87500.0,0.6,17.82,,12.4,13.62,买入,,
688363.SH,华熙生物,20200228,华熙生物：预告2019净利润同比增38%，护肤及医美板块快速发力,,一般报告,中金,"樊俊豪,徐卓楠",2019Q4,187800.0,147500.0,71100.0,58500.0,1.22,72.1,0.1,22.2,52.4,跑赢行业,,100.0
600131.SH,国网信通,20200228,国网信通：岷江水电更名国网信通，云网融合业务正式起航,点评,一般报告,申万宏源证券,"刘晓宁,王璐,查浩,邹佩轩",2020Q4,832800.0,164400.0,77900.0,67800.0,0.61,38.0,,,,买入,,
688363.SH,华熙生物,20200228,华熙生物：长期看好公司三大业务成长空间,,一般报告,国盛证券,"鞠兴海,刘畅",2021Q4,365700.0,,121400.0,99900.0,2.08,42.2,,26.4,33.0,买入,,
002938.SZ,鹏鼎控股,20200228,鹏鼎控股2019年业绩快报点评：19Q4业绩回暖，全年实际增速超10％,点评,一般报告,中信证券,"徐涛,胡叶倩雯",2019Q4,2663984.0,,353800.0,292011.0,1.26,37.0,,14.86,,买入,,56.52
600131.SH,国网信通,20200228,国网信通：岷江水电更名国网信通，云网融合业务正式起航,点评,一般报告,申万宏源证券,"刘晓宁,王璐,查浩,邹佩轩",2021Q4,1082600.0,213700.0,108100.0,93400.0,0.84,27.0,,,,买入,,
688300.SH,联瑞新材,20200228,联瑞新材：业绩超出预期，发展进入快车道,,一般报告,招商证券,"周铮,段一帆,钟浩",2021Q4,67000.0,,19000.0,16300.0,1.89,31.2,,14.5,21.4,强烈推荐,78.8,76.5
300770.SZ,新媒股份,20200228,新媒股份：归母净利润同比增89%，贴预告上限，上调业绩预测,一般,一般报告,方正证券,"杨仁文,姚蕾,蔡靖",2019Q4,99680.0,,39166.0,38722.0,3.02,58.34,,18.0,45.0,推荐,,
002368.SZ,太极股份,20200228,太极股份：预计2020年安全量利齐升,点评,一般报告,申万宏源证券,"刘洋,黄忠煌",2019Q4,706800.0,142100.0,36800.0,33700.0,0.82,61.0,,10.7,,买入,,
002191.SZ,劲嘉股份,20200228,劲嘉股份：烟标主业稳健增长，精品彩盒持续兑现高增,点评,一般报告,东吴证券,"史凡可,马莉,傅嘉成",2020Q4,487400.0,,131700.0,104800.0,0.72,14.87,,13.9,11.27,买入,,
002507.SZ,涪陵榨菜,20200228,涪陵榨菜：费用投放节奏致业绩短期波动，看好长期业绩改善,点评,一般报告,东北证券,"李强,马雪薇",2021Q4,277700.0,,99100.0,84100.0,1.07,26.36,0.0,18.1,,买入,,30.0
002507.SZ,涪陵榨菜,20200228,涪陵榨菜：费用投放节奏致业绩短期波动，看好长期业绩改善,点评,一般报告,东北证券,"李强,马雪薇",2020Q4,234000.0,,85800.0,72800.0,0.92,30.43,0.0,19.14,,买入,,30.0
002507.SZ,涪陵榨菜,20200228,涪陵榨菜：费用投放节奏致业绩短期波动，看好长期业绩改善,点评,一般报告,东北证券,"李强,马雪薇",2019Q4,199000.0,,71300.0,60500.0,0.77,36.63,0.0,19.67,,买入,,30.0
002014.SZ,永新股份,20200228,永新股份：子公司产能爬坡、原料低位共驱利润增长，高分红优质低估标的,点评,一般报告,东吴证券,"史凡可,马莉,傅嘉成",2022Q4,376200.0,,45600.0,39400.0,0.78,11.85,,18.0,9.09,增持,,
002014.SZ,永新股份,20200228,永新股份：子公司产能爬坡、原料低位共驱利润增长，高分红优质低估标的,点评,一般报告,东吴证券,"史凡可,马莉,傅嘉成",2021Q4,332500.0,,40700.0,34900.0,0.69,13.35,,17.0,10.01,增持,,
002014.SZ,永新股份,20200228,永新股份：子公司产能爬坡、原料低位共驱利润增长，高分红优质低估标的,点评,一般报告,东吴证券,"史凡可,马莉,傅嘉成",2020Q4,294200.0,,36400.0,31100.0,0.62,14.99,,16.1,10.9,增持,,
688008.SH,澜起科技,20200228,澜起科技动态点评：营收增长低于预期，关注服务器市场回暖,,一般报告,东方财富证券,"王好,危鹏华",2021Q4,250116.0,,,143603.0,1.27,71.28,,,73.82,增持,,
688008.SH,澜起科技,20200228,澜起科技动态点评：营收增长低于预期，关注服务器市场回暖,,一般报告,东方财富证券,"王好,危鹏华",2020Q4,206790.0,,,119312.0,1.06,85.79,,,89.14,增持,,
688008.SH,澜起科技,20200228,澜起科技动态点评：营收增长低于预期，关注服务器市场回暖,,一般报告,东方财富证券,"王好,危鹏华",2019Q4,173773.0,,,93285.0,0.83,109.73,,,111.44,增持,,
300454.SZ,深信服,20200228,深信服2019年业绩快报点评：2019年业绩超预期，预计2020年持续高增长,点评,一般报告,新时代证券,"田杰华,李汉卿",2021Q4,903100.0,,133300.0,129500.0,3.17,59.5,,20.1,55.7,强烈推荐,,
300454.SZ,深信服,20200228,深信服2019年业绩快报点评：2019年业绩超预期，预计2020年持续高增长,点评,一般报告,新时代证券,"田杰华,李汉卿",2019Q4,459200.0,,78700.0,76300.0,1.87,101.1,,18.4,94.7,强烈推荐,,
002236.SZ,大华股份,20200228,大华股份公司公告点评：净利润增速逐季加快，持续提升智慧物联解决方案能力,点评,一般报告,海通证券,"郑宏达,洪琳,黄竞晶,杨林",2021Q4,4827500.0,,,442000.0,1.47,,,18.8,,优于大市,,
002236.SZ,大华股份,20200228,大华股份公司公告点评：净利润增速逐季加快，持续提升智慧物联解决方案能力,点评,一般报告,海通证券,"郑宏达,洪琳,黄竞晶,杨林",2020Q4,3784700.0,,,358300.0,1.2,,,18.7,,优于大市,,
300454.SZ,深信服,20200228,深信服2019年业绩快报点评：2019年业绩超预期，预计2020年持续高增长,点评,一般报告,新时代证券,"田杰华,李汉卿",2020Q4,648800.0,,103400.0,100300.0,2.45,76.9,,19.5,72.2,强烈推荐,,
002236.SZ,大华股份,20200228,大华股份公司公告点评：净利润增速逐季加快，持续提升智慧物联解决方案能力,点评,一般报告,海通证券,"郑宏达,洪琳,黄竞晶,杨林",2019Q4,2991300.0,,,294700.0,0.98,,,18.9,,优于大市,,
002409.SZ,雅克科技,20200228,雅克科技：Q1业绩超预期，半导体板块业务持续释放带动业绩高速增长,点评,一般报告,申万宏源证券,"宋涛,沈衡,马昕晔",2020Q4,267100.0,91900.0,51800.0,40000.0,0.86,48.0,,8.3,,增持,,
002409.SZ,雅克科技,20200228,雅克科技：Q1业绩超预期，半导体板块业务持续释放带动业绩高速增长,点评,一般报告,申万宏源证券,"宋涛,沈衡,马昕晔",2019Q4,183500.0,65600.0,34100.0,25300.0,0.55,75.0,,5.7,,增持,,
002034.SZ,旺能环境,20200228,旺能环境：净利润同比增37％，接近预告上限：2019年业绩快报点评,点评,一般报告,国泰君安,"徐强,邵潇,韩佳蕊",2021Q4,199200.0,,,63100.0,1.5,9.9,1.8,12.9,8.0,增持,,25.13
002034.SZ,旺能环境,20200228,旺能环境：净利润同比增37％，接近预告上限：2019年业绩快报点评,点评,一般报告,国泰君安,"徐强,邵潇,韩佳蕊",2020Q4,161200.0,,,52200.0,1.241,11.9,1.8,12.0,9.4,增持,,25.13
002034.SZ,旺能环境,20200228,旺能环境：净利润同比增37％，接近预告上限：2019年业绩快报点评,点评,一般报告,国泰君安,"徐强,邵潇,韩佳蕊",2019Q4,121500.0,,,41900.0,0.996,14.9,1.8,10.6,12.0,增持,,25.13
688111.SH,金山办公,20200228,金山办公2019年业绩快报点评：国产扛旗，业绩加速,,一般报告,中信证券,"杨泽原,刘雯蜀,张帅",2021Q4,337157.0,,114600.0,110747.0,2.4,98.0,,14.42,,买入,,
688111.SH,金山办公,20200228,金山办公2019年业绩快报点评：国产扛旗，业绩加速,,一般报告,中信证券,"杨泽原,刘雯蜀,张帅",2020Q4,256723.0,,85300.0,85272.0,1.85,127.0,,12.49,,买入,,
688111.SH,金山办公,20200228,金山办公2019年业绩快报点评：国产扛旗，业绩加速,,一般报告,中信证券,"杨泽原,刘雯蜀,张帅",2019Q4,157924.0,,40300.0,40303.0,0.87,268.0,,6.61,,买入,,
600628.SH,新世界,20200228,新世界股东权益变动公告及2019年业绩预告点评：获银泰集团董事长举牌，或引发小市值百货股关注度提升,点评,一般报告,光大证券,"唐佳睿,孙路",2021Q4,280400.0,,39500.0,29600.0,0.458,20.0,1.5,6.08,11.1,中性,,
600628.SH,新世界,20200228,新世界股东权益变动公告及2019年业绩预告点评：获银泰集团董事长举牌，或引发小市值百货股关注度提升,点评,一般报告,光大证券,"唐佳睿,孙路",2020Q4,260700.0,,34500.0,25800.0,0.399,23.0,1.3,5.57,12.7,中性,,
300454.SZ,深信服,20200228,深信服：大超预期！19Q4收入利润双双站上50％增速,点评,一般报告,申万宏源证券,"刘洋,宁柯瑜",2020Q4,647200.0,455700.0,110200.0,102000.0,2.49,78.0,,18.5,,买入,,
300454.SZ,深信服,20200228,深信服：大超预期！19Q4收入利润双双站上50％增速,点评,一般报告,申万宏源证券,"刘洋,宁柯瑜",2019Q4,459000.0,330700.0,83700.0,75800.0,1.85,106.0,,16.9,,买入,,
002697.SZ,红旗连锁,20200228,红旗连锁：主业经营稳健，业绩快速增长,点评,一般报告,华泰证券,"林寰宇,张萌",2021Q4,939600.0,,77695.0,70672.0,0.52,16.16,,17.14,11.64,买入,12.15,10.8
002697.SZ,红旗连锁,20200228,红旗连锁：主业经营稳健，业绩快速增长,点评,一般报告,华泰证券,"林寰宇,张萌",2020Q4,867200.0,,66538.0,60523.0,0.45,18.88,,17.05,12.99,买入,12.15,10.8
002697.SZ,红旗连锁,20200228,红旗连锁：主业经营稳健，业绩快速增长,点评,一般报告,华泰证券,"林寰宇,张萌",2019Q4,782300.0,,56741.0,51612.0,0.38,22.13,,16.88,14.51,买入,12.15,10.8
002557.SZ,洽洽食品,20200228,洽洽食品：盈利能力稳步提升，全年利润超预期,点评,一般报告,东北证券,"李强,齐欢",2021Q4,633800.0,,118000.0,86700.0,1.71,23.54,0.0,15.71,,买入,,48.96
002557.SZ,洽洽食品,20200228,洽洽食品：盈利能力稳步提升，全年利润超预期,点评,一般报告,东北证券,"李强,齐欢",2020Q4,559100.0,,99100.0,72800.0,1.44,27.95,0.0,15.66,,买入,,48.96
002557.SZ,洽洽食品,20200228,洽洽食品：盈利能力稳步提升，全年利润超预期,点评,一般报告,东北证券,"李强,齐欢",2019Q4,483700.0,,82000.0,60200.0,1.19,33.82,0.0,15.36,,买入,,48.96
002373.SZ,千方科技,20200228,千方科技：业绩快报略超预期，车联网成为公司业务加速剂,点评,一般报告,中金,"闫慧辰,黄乐平,韦昕",2021Q4,1408200.0,,173700.0,137200.0,0.92,30.9,0.3,13.1,22.5,跑赢行业,,32.76
002373.SZ,千方科技,20200228,千方科技：业绩快报略超预期，车联网成为公司业务加速剂,点评,一般报告,中金,"闫慧辰,黄乐平,韦昕",2020Q4,1125200.0,,145100.0,115700.0,0.78,36.6,0.3,12.4,26.7,跑赢行业,,32.76
002233.SZ,塔牌集团,20200228,塔牌集团：需求恢复带动四季度量价齐升——2019年业绩快报点评,点评,一般报告,国泰君安,"鲍雁辛,黄涛",2021Q4,831400.0,,,204200.0,1.71,6.9,8.5,18.2,2.1,增持,,14.79
002233.SZ,塔牌集团,20200228,塔牌集团：需求恢复带动四季度量价齐升——2019年业绩快报点评,点评,一般报告,国泰君安,"鲍雁辛,黄涛",2020Q4,739400.0,,,177900.0,1.49,7.9,7.6,17.2,2.9,增持,,14.79
688363.SH,华熙生物,20200228,华熙生物：19年业绩同比增38%，玻尿酸龙头供需双振,,一般报告,天风证券,"刘章明,郑薇",2020Q4,262277.0,,90924.0,77286.0,1.61,54.59,,24.73,43.52,买入,,
300750.SZ,宁德时代,20200228,宁德时代：龙头收入增速亮眼，费用增加影响盈利水平,一般,一般报告,东吴证券,"曾朵红,阮巧燕",2021Q4,7749500.0,,993200.0,761500.0,3.45,43.35,,16.0,32.0,买入,,183.0
300750.SZ,宁德时代,20200228,宁德时代：龙头收入增速亮眼，费用增加影响盈利水平,一般,一般报告,东吴证券,"曾朵红,阮巧燕",2019Q4,4554600.0,,575800.0,435600.0,1.97,75.78,,11.5,52.0,买入,,183.0
300058.SZ,蓝色光标,20200228,蓝色光标：业绩快报符合预期，推出蓝标在线营销平台,点评,一般报告,中金,张雪晴,2021Q4,4126600.0,438700.0,126500.0,96600.0,0.39,21.3,0.9,12.0,13.1,中性,,6.8
300058.SZ,蓝色光标,20200228,蓝色光标：业绩快报符合预期，推出蓝标在线营销平台,点评,一般报告,中金,张雪晴,2020Q4,3519400.0,378600.0,109600.0,84400.0,0.34,24.3,0.8,11.5,15.1,中性,,6.8
002409.SZ,雅克科技,20200228,雅克科技：Q1业绩超预期，半导体板块业务持续释放带动业绩高速增长,点评,一般报告,申万宏源证券,"宋涛,沈衡,马昕晔",2021Q4,375900.0,131800.0,73500.0,56700.0,1.23,34.0,,10.5,,增持,,
600628.SH,新世界,20200228,新世界股东权益变动公告及2019年业绩预告点评：获银泰集团董事长举牌，或引发小市值百货股关注度提升,点评,一般报告,光大证券,"唐佳睿,孙路",2019Q4,155300.0,,5700.0,4200.0,0.065,143.0,0.2,0.95,48.9,中性,,
300454.SZ,深信服,20200228,深信服：大超预期！19Q4收入利润双双站上50％增速,点评,一般报告,申万宏源证券,"刘洋,宁柯瑜",2021Q4,883600.0,605400.0,189600.0,177300.0,4.33,45.0,,24.4,,买入,,
002373.SZ,千方科技,20200228,千方科技：业绩快报略超预期，车联网成为公司业务加速剂,点评,一般报告,中金,"闫慧辰,黄乐平,韦昕",2019Q4,901300.0,,118400.0,95000.0,0.64,44.7,0.2,11.3,31.9,跑赢行业,,32.76
002233.SZ,塔牌集团,20200228,塔牌集团：需求恢复带动四季度量价齐升——2019年业绩快报点评,点评,一般报告,国泰君安,"鲍雁辛,黄涛",2019Q4,689000.0,,,173400.0,1.45,8.1,7.2,18.0,3.5,增持,,14.79
688363.SH,华熙生物,20200228,华熙生物：19年业绩同比增38%，玻尿酸龙头供需双振,,一般报告,天风证券,"刘章明,郑薇",2021Q4,366392.0,,126277.0,107335.0,2.24,39.31,,25.57,31.11,买入,,
688363.SH,华熙生物,20200228,华熙生物：19年业绩同比增38%，玻尿酸龙头供需双振,,一般报告,天风证券,"刘章明,郑薇",2019Q4,187782.0,,68861.0,58531.0,1.22,72.08,,24.89,57.91,买入,,
300750.SZ,宁德时代,20200228,宁德时代：龙头收入增速亮眼，费用增加影响盈利水平,一般,一般报告,东吴证券,"曾朵红,阮巧燕",2020Q4,6007300.0,,770100.0,589100.0,2.67,56.03,,14.0,41.0,买入,,183.0
688111.SH,金山办公,20200228,金山办公：业绩超预期，授权和订阅业务双轮驱动增长,,一般报告,东北证券,"安永平,邵珠印,赵伟博,朴虹睿",2021Q4,359100.0,,123000.0,120600.0,2.62,89.59,0.44,16.91,,买入,,281.17
688111.SH,金山办公,20200228,金山办公：业绩超预期，授权和订阅业务双轮驱动增长,,一般报告,东北证券,"安永平,邵珠印,赵伟博,朴虹睿",2020Q4,251500.0,,84800.0,83100.0,1.8,130.05,0.31,12.97,,买入,,281.17
688111.SH,金山办公,20200228,金山办公：业绩超预期，授权和订阅业务双轮驱动增长,,一般报告,东北证券,"安永平,邵珠印,赵伟博,朴虹睿",2019Q4,157900.0,,41000.0,40300.0,0.87,268.28,0.13,6.82,,买入,,281.17
002191.SZ,劲嘉股份,20200228,劲嘉股份：预告2019年净利增长21%，观察新型烟草业务后续进展,点评,一般报告,中金,"樊俊豪,林瑶",2021Q4,534700.0,,158600.0,131200.0,0.9,11.9,4.2,16.3,8.1,跑赢行业,,14.9
688366.SH,昊海生科,20200228,昊海生科：高天花板眼科植入晶体领域的稀缺领先布局者,,首次评级,国金证券,赵海春,2021Q4,200000.0,158500.0,65700.0,51800.0,2.915,12.87,,8.49,,增持,,
688366.SH,昊海生科,20200228,昊海生科：高天花板眼科植入晶体领域的稀缺领先布局者,,首次评级,国金证券,赵海春,2020Q4,163600.0,128000.0,51600.0,39900.0,2.246,16.7,,7.03,,增持,,
688366.SH,昊海生科,20200228,昊海生科：高天花板眼科植入晶体领域的稀缺领先布局者,,首次评级,国金证券,赵海春,2019Q4,160400.0,126100.0,47700.0,37100.0,2.087,17.97,,6.91,,增持,,
688088.SH,虹软科技,20200228,虹软科技：加大新视觉解决方案研发投入，5G时代新产品将带动公司高增长,,一般报告,中信建投,石泽蕤,2021Q4,145220.0,,,55090.0,1.357,49.53,,,,增持,,
688088.SH,虹软科技,20200228,虹软科技：加大新视觉解决方案研发投入，5G时代新产品将带动公司高增长,,一般报告,中信建投,石泽蕤,2020Q4,81230.0,,,35040.0,0.863,77.87,,,,增持,,
688088.SH,虹软科技,20200228,虹软科技：加大新视觉解决方案研发投入，5G时代新产品将带动公司高增长,,一般报告,中信建投,石泽蕤,2019Q4,56450.0,,,20670.0,0.509,132.03,,,,增持,,
603496.SH,恒为科技,20200228,恒为科技：费用扩张影响短期利润，嵌入式业务增长较快,点评,一般报告,中信建投,"阎贵成,武超则,汤其勇",2021Q4,,,,19800.0,,33.0,,,,增持,,
603496.SH,恒为科技,20200228,恒为科技：费用扩张影响短期利润，嵌入式业务增长较快,点评,一般报告,中信建投,"阎贵成,武超则,汤其勇",2020Q4,,,,12800.0,,50.0,,,,增持,,
300773.SZ,拉卡拉,20200228,拉卡拉2019年业绩快报点评：业绩符合预期，深度经营商户,点评,一般报告,中信建投,"石泽蕤,吴桐",2021Q4,775000.0,,,128000.0,,28.0,,,,增持,,
600519.SH,贵州茅台,20200228,贵州茅台：又到战略配置时,点评,一般报告,中泰证券,"范劲松,龚小乐,房昭强",2021Q4,11451500.0,10597300.0,7880400.0,5490300.0,43.71,24.03,,29.94,,买入,,
600519.SH,贵州茅台,20200228,贵州茅台：又到战略配置时,点评,一般报告,中泰证券,"范劲松,龚小乐,房昭强",2020Q4,9962800.0,9187200.0,6730400.0,4689100.0,37.33,28.14,,30.07,,买入,,
600519.SH,贵州茅台,20200228,贵州茅台：又到战略配置时,点评,一般报告,中泰证券,"范劲松,龚小乐,房昭强",2019Q4,8901500.0,8189900.0,5868100.0,4088300.0,32.54,32.28,,30.86,,买入,,
300815.SZ,玉禾田,20200228,玉禾田：环卫业务快速拓展，高效运营成就服务龙头,点评,一般报告,安信证券,"邵琳琳,汪磊,马丁",2021Q4,530550.0,,75670.0,56710.0,4.098,22.9,0.0,27.9,13.6,买入,,106.8
300815.SZ,玉禾田,20200228,玉禾田：环卫业务快速拓展，高效运营成就服务龙头,点评,一般报告,安信证券,"邵琳琳,汪磊,马丁",2020Q4,442130.0,,57680.0,43230.0,3.124,30.0,0.0,29.6,17.6,买入,,106.8
300815.SZ,玉禾田,20200228,玉禾田：环卫业务快速拓展，高效运营成就服务龙头,点评,一般报告,安信证券,"邵琳琳,汪磊,马丁",2019Q4,359450.0,,42150.0,31300.0,2.262,31.1,0.0,31.4,16.5,买入,,106.8
300760.SZ,迈瑞医疗,20200228,迈瑞医疗：全年保持稳步增长，医械航母踏浪前行,点评,一般报告,平安证券,"叶寅,倪亦道",2021Q4,2442100.0,,787500.0,692500.0,5.7,43.0,,22.1,34.5,推荐,,
300760.SZ,迈瑞医疗,20200228,迈瑞医疗：全年保持稳步增长，医械航母踏浪前行,点评,一般报告,平安证券,"叶寅,倪亦道",2020Q4,2033900.0,,653200.0,574300.0,4.72,51.9,,23.6,42.2,推荐,,
300760.SZ,迈瑞医疗,20200228,迈瑞医疗：全年保持稳步增长，医械航母踏浪前行,点评,一般报告,平安证券,"叶寅,倪亦道",2019Q4,1670800.0,,532300.0,467900.0,3.85,63.7,,25.1,52.6,推荐,,
300572.SZ,安车检测,20200228,安车检测：天时地利人和，检测服务业务将进入加速发展期,一般,一般报告,招商证券,"董瑞斌,张景财",2021Q4,241000.0,,59000.0,49600.0,2.57,19.2,,33.2,16.9,强烈推荐,,
300572.SZ,安车检测,20200228,安车检测：天时地利人和，检测服务业务将进入加速发展期,一般,一般报告,招商证券,"董瑞斌,张景财",2020Q4,160900.0,,41900.0,35300.0,1.83,26.9,,32.0,23.7,强烈推荐,,
300572.SZ,安车检测,20200228,安车检测：天时地利人和，检测服务业务将进入加速发展期,一般,一般报告,招商证券,"董瑞斌,张景财",2019Q4,97400.0,,22300.0,18900.0,0.98,50.3,,23.4,44.6,强烈推荐,,
300476.SZ,胜宏科技,20200228,胜宏科技：19年业绩符合预期，大客户取得重要突破,点评,一般报告,民生证券,"王芳,胡独巍",2021Q4,603500.0,,95200.0,84800.0,1.09,22.8,0.0,17.0,11.8,推荐,,
300476.SZ,胜宏科技,20200228,胜宏科技：19年业绩符合预期，大客户取得重要突破,点评,一般报告,民生证券,"王芳,胡独巍",2020Q4,486300.0,,73000.0,65100.0,0.83,29.7,0.0,15.7,15.1,推荐,,
300476.SZ,胜宏科技,20200228,胜宏科技：19年业绩符合预期，大客户取得重要突破,点评,一般报告,民生证券,"王芳,胡独巍",2019Q4,387900.0,,51500.0,45700.0,0.59,42.3,0.0,13.1,19.6,推荐,,
002373.SZ,千方科技,20200228,千方科技2019年业绩快报点评：业绩符合预期，双主业共筑高增长,点评,一般报告,中信证券,"杨泽原,刘雯蜀,顾海波,张帅",2021Q4,1379567.0,,180800.0,141267.0,0.947,27.0,,12.64,,买入,,40.0
002373.SZ,千方科技,20200228,千方科技2019年业绩快报点评：业绩符合预期，双主业共筑高增长,点评,一般报告,中信证券,"杨泽原,刘雯蜀,顾海波,张帅",2020Q4,1118211.0,,150500.0,116858.0,0.784,32.0,,11.8,,买入,,40.0
002373.SZ,千方科技,20200228,千方科技2019年业绩快报点评：业绩符合预期，双主业共筑高增长,点评,一般报告,中信证券,"杨泽原,刘雯蜀,顾海波,张帅",2019Q4,899195.0,,130100.0,100360.0,0.673,38.0,,11.32,,买入,,40.0
002368.SZ,太极股份,20200228,太极股份2019年业绩快报点评：收入增速符合预期，期待信创业务高增,点评,一般报告,中信证券,"杨泽原,刘雯蜀",2021Q4,1376406.0,,97400.0,88587.0,2.146,23.0,,20.62,,买入,,69.0
002368.SZ,太极股份,20200228,太极股份2019年业绩快报点评：收入增速符合预期，期待信创业务高增,点评,一般报告,中信证券,"杨泽原,刘雯蜀",2020Q4,947533.0,,66600.0,60831.0,1.474,34.0,,16.93,,买入,,69.0
002368.SZ,太极股份,20200228,太极股份2019年业绩快报点评：收入增速符合预期，期待信创业务高增,点评,一般报告,中信证券,"杨泽原,刘雯蜀",2019Q4,706786.0,,36900.0,33684.0,0.816,61.0,,10.91,,买入,,69.0
002332.SZ,仙琚制药,20200228,仙琚制药业绩快报点评：业绩符合预期，制剂业务较快增长,点评,首份报告,光大证券,"林小伟,吴佳青",2021Q4,482600.0,,88900.0,66400.0,0.72,14.0,1.3,16.68,9.6,买入,,
002332.SZ,仙琚制药,20200228,仙琚制药业绩快报点评：业绩符合预期，制剂业务较快增长,点评,首份报告,光大证券,"林小伟,吴佳青",2020Q4,425700.0,,69900.0,51100.0,0.56,18.0,1.1,14.97,11.9,买入,,
002332.SZ,仙琚制药,20200228,仙琚制药业绩快报点评：业绩符合预期，制剂业务较快增长,点评,首份报告,光大证券,"林小伟,吴佳青",2019Q4,384000.0,,57100.0,40800.0,0.45,23.0,0.9,13.7,14.8,买入,,
300773.SZ,拉卡拉,20200228,拉卡拉2019年业绩快报点评：业绩符合预期，深度经营商户,点评,一般报告,中信建投,"石泽蕤,吴桐",2019Q4,490000.0,,,81000.0,,,,,,增持,,
300750.SZ,宁德时代,20200228,宁德时代：业绩基本符合预期，成本优势持续加强,点评,一般报告,国金证券,"柴明,姚遥",2021Q4,7492200.0,1880600.0,964700.0,708900.0,3.21,46.57,,12.8,,买入,,
300750.SZ,宁德时代,20200228,宁德时代：业绩基本符合预期，成本优势持续加强,点评,一般报告,国金证券,"柴明,姚遥",2020Q4,6012900.0,1551300.0,764600.0,589500.0,2.67,55.99,,12.09,,买入,,
300750.SZ,宁德时代,20200228,宁德时代：业绩基本符合预期，成本优势持续加强,点评,一般报告,国金证券,"柴明,姚遥",2019Q4,4524500.0,1257800.0,566400.0,434300.0,1.966,76.01,,10.05,,买入,,
300428.SZ,四通新材,20200228,四通新材：2019年收入下滑4％，归母净利增长14％,点评,一般报告,中信建投,"赵鑫,李木森",2020Q4,745060.0,,,58770.0,1.016,15.0,,15.8,13.1,买入,,22.5
300058.SZ,蓝色光标,20200228,蓝色光标：业绩快报符合预期，推出蓝标在线营销平台,点评,一般报告,中金,张雪晴,2019Q4,2808500.0,309300.0,93000.0,72000.0,0.29,28.5,0.7,10.8,17.1,中性,,6.8
002191.SZ,劲嘉股份,20200228,劲嘉股份：预告2019年净利增长21%，观察新型烟草业务后续进展,点评,一般报告,中金,"樊俊豪,林瑶",2020Q4,466000.0,,138500.0,108700.0,0.74,14.3,3.5,14.8,10.3,跑赢行业,,14.9
002191.SZ,劲嘉股份,20200228,劲嘉股份：预告2019年净利增长21%，观察新型烟草业务后续进展,点评,一般报告,中金,"樊俊豪,林瑶",2019Q4,398900.0,,113100.0,87400.0,0.6,17.8,2.8,12.9,12.1,跑赢行业,,14.9
300773.SZ,拉卡拉,20200228,拉卡拉2019年业绩快报点评：业绩符合预期，深度经营商户,点评,一般报告,中信建投,"石泽蕤,吴桐",2020Q4,620000.0,,,101000.0,,35.6,,,,增持,,
300428.SZ,四通新材,20200228,四通新材：2019年收入下滑4％，归母净利增长14％,点评,一般报告,中信建投,"赵鑫,李木森",2021Q4,839400.0,,,67690.0,1.17,13.0,,15.8,8.3,买入,,22.5
300428.SZ,四通新材,20200228,四通新材：2019年收入下滑4％，归母净利增长14％,点评,一般报告,中信建投,"赵鑫,李木森",2019Q4,657750.0,,,44350.0,0.767,19.9,,13.8,13.9,买入,,22.5
300285.SZ,国瓷材料,20200228,国瓷材料2019年业绩快报点评：扣非业绩符合预期，三大板块稳健增长,点评,一般报告,国泰君安,李明刚,2021Q4,323900.0,,,79200.0,0.82,31.31,0.0,14.5,20.56,增持,,28.7
300122.SZ,智飞生物,20200228,智飞生物：业绩符合预期，静待重磅产品上市带动自主产品增长,点评,一般报告,中信建投,"贺菊颖,刘若飞",2021Q4,1802670.0,,511240.0,438490.0,2.74,22.0,,47.8,19.3,买入,,69.3
300122.SZ,智飞生物,20200228,智飞生物：业绩符合预期，静待重磅产品上市带动自主产品增长,点评,一般报告,中信建投,"贺菊颖,刘若飞",2019Q4,1071800.0,,280040.0,240190.0,1.5,40.1,,44.9,32.9,买入,,69.3
002727.SZ,一心堂,20200228,一心堂：整体经营稳健，业绩符合预期,点评,一般报告,中信建投,"贺菊颖,刘若飞",2020Q4,1288670.0,,97300.0,74030.0,1.3,17.1,,15.0,10.3,买入,,31.03
002727.SZ,一心堂,20200228,一心堂：整体经营稳健，业绩符合预期,点评,一般报告,中信建投,"贺菊颖,刘若飞",2019Q4,1073620.0,,80150.0,60950.0,1.07,20.7,,13.7,13.0,买入,,31.03
002475.SZ,立讯精密,20200228,立讯精密：公司业绩超预期，看好5G背景下公司多领域布局,点评,一般报告,平安证券,"刘舜逢,徐勇",2021Q4,13020900.0,,1072300.0,890300.0,1.66,28.1,,24.9,17.8,推荐,,
002475.SZ,立讯精密,20200228,立讯精密：公司业绩超预期，看好5G背景下公司多领域布局,点评,一般报告,平安证券,"刘舜逢,徐勇",2020Q4,9853700.0,,832700.0,691800.0,1.29,36.2,,25.4,23.1,推荐,,
002475.SZ,立讯精密,20200228,立讯精密：公司业绩超预期，看好5G背景下公司多领域布局,点评,一般报告,平安证券,"刘舜逢,徐勇",2019Q4,6238000.0,,567700.0,472100.0,0.88,53.0,,22.9,34.8,推荐,,
002368.SZ,太极股份,20200228,太极股份：增长有望提速，把握信创机遇,点评,一般报告,中金,"陈真洋,钱凯",2021Q4,1004700.0,240900.0,56900.0,50200.0,1.216,40.0,0.5,13.9,26.1,跑赢行业,,56.5
002368.SZ,太极股份,20200228,太极股份：增长有望提速，把握信创机遇,点评,一般报告,中金,"陈真洋,钱凯",2020Q4,837500.0,200500.0,47000.0,41500.0,1.005,48.4,0.4,12.8,31.2,跑赢行业,,56.5
002368.SZ,太极股份,20200228,太极股份：增长有望提速，把握信创机遇,点评,一般报告,中金,"陈真洋,钱凯",2019Q4,706800.0,167700.0,38300.0,33700.0,0.816,59.6,0.5,11.4,37.7,跑赢行业,,56.5
300285.SZ,国瓷材料,20200228,国瓷材料2019年业绩快报点评：扣非业绩符合预期，三大板块稳健增长,点评,一般报告,国泰君安,李明刚,2020Q4,266200.0,,,64500.0,0.67,38.43,0.0,13.8,25.54,增持,,28.7
300285.SZ,国瓷材料,20200228,国瓷材料2019年业绩快报点评：扣非业绩符合预期，三大板块稳健增长,点评,一般报告,国泰君安,李明刚,2019Q4,215300.0,,,50100.0,0.52,49.5,0.0,12.4,31.94,增持,,28.7
300122.SZ,智飞生物,20200228,智飞生物：业绩符合预期，静待重磅产品上市带动自主产品增长,点评,一般报告,中信建投,"贺菊颖,刘若飞",2020Q4,1489810.0,,414960.0,355910.0,2.22,27.1,,50.2,20.2,买入,,69.3
002727.SZ,一心堂,20200228,一心堂：整体经营稳健，业绩符合预期,点评,一般报告,中信建投,"贺菊颖,刘若飞",2021Q4,1556580.0,,118290.0,90020.0,1.59,14.0,,16.3,8.6,买入,,31.03
002127.SZ,南极电商,20200228,南极电商：设立合资公司，布局化妆品相关业务,点评,一般报告,中金,"郭海燕,秦劲风,宋文慧",2020Q4,519100.0,,170300.0,144600.0,0.59,17.7,1.7,26.4,13.5,跑赢行业,,14.13
002127.SZ,南极电商,20200228,南极电商：设立合资公司，布局化妆品相关业务,点评,一般报告,中金,"郭海燕,秦劲风,宋文慧",2019Q4,429400.0,,133300.0,119500.0,0.49,21.4,1.4,27.6,17.8,跑赢行业,,14.13
002236.SZ,大华股份,20200228,大华股份：业绩快报符合预期，关注管理层变动后续影响,点评,一般报告,中金,"黄乐平,闫慧辰,韦昕",2020Q4,3233700.0,,419400.0,380500.0,1.26,16.6,0.7,22.1,13.2,跑赢行业,,25.0
002236.SZ,大华股份,20200228,大华股份：业绩快报符合预期，关注管理层变动后续影响,点评,一般报告,中金,"黄乐平,闫慧辰,韦昕",2021Q4,3799600.0,,477600.0,431200.0,1.43,14.6,0.8,20.7,11.5,跑赢行业,,25.0
002236.SZ,大华股份,20200228,大华股份：业绩快报符合预期，关注管理层变动后续影响,点评,一般报告,中金,"黄乐平,闫慧辰,韦昕",2019Q4,2609000.0,,348600.0,317100.0,1.05,19.9,0.6,22.6,16.1,跑赢行业,,25.0
002127.SZ,南极电商,20200228,南极电商：设立合资公司，布局化妆品相关业务,点评,一般报告,中金,"郭海燕,秦劲风,宋文慧",2021Q4,622600.0,,205600.0,174700.0,0.71,14.6,2.0,26.2,10.6,跑赢行业,,14.13
300559.SZ,佳发教育,20200228,佳发教育：业绩符合预期，智慧教育不断加码,点评,一般报告,安信证券,"胡又文,陈冠呈",2021Q4,118060.0,,42600.0,37360.0,1.4,25.1,0.8,22.9,19.0,买入,,42.0
300559.SZ,佳发教育,20200228,佳发教育：业绩符合预期，智慧教育不断加码,点评,一般报告,安信证券,"胡又文,陈冠呈",2020Q4,87450.0,,33150.0,29050.0,1.09,32.3,0.6,21.9,25.2,买入,,42.0
300433.SZ,蓝思科技,20200228,蓝思科技：业绩快报接近上限，今明两年仍有持续超预期空间,点评,一般报告,中金,"胡誉镜,黄乐平,刘莹莹",2021Q4,4407300.0,,516400.0,435800.0,0.99,20.3,1.5,18.8,11.2,跑赢行业,,27.0
300433.SZ,蓝思科技,20200228,蓝思科技：业绩快报接近上限，今明两年仍有持续超预期空间,点评,一般报告,中金,"胡誉镜,黄乐平,刘莹莹",2020Q4,3800400.0,,431500.0,364500.0,0.83,24.3,1.2,18.1,12.5,跑赢行业,,27.0
002396.SZ,星网锐捷,20200228,星网锐捷：净利润率持续改善，看好云计算基础设施核心受益标的,点评,一般报告,中金,"闫慧辰,黄乐平,李诗雯",2021Q4,1469000.0,,159500.0,104700.0,1.8,25.1,0.4,19.4,17.9,跑赢行业,,53.83
002396.SZ,星网锐捷,20200228,星网锐捷：净利润率持续改善，看好云计算基础设施核心受益标的,点评,一般报告,中金,"闫慧辰,黄乐平,李诗雯",2020Q4,1184500.0,,117300.0,76900.0,1.32,34.2,0.3,16.8,24.2,跑赢行业,,53.83
002396.SZ,星网锐捷,20200228,星网锐捷：净利润率持续改善，看好云计算基础设施核心受益标的,点评,一般报告,中金,"闫慧辰,黄乐平,李诗雯",2019Q4,988700.0,,94500.0,61300.0,1.05,42.9,0.3,15.5,30.4,跑赢行业,,53.83
002081.SZ,金螳螂,20200228,金螳螂：业绩稳健增长凸显龙头优势，逆周期调节下或再迎发展机遇,点评,一般报告,天风证券,"唐笑,岳恒宇,肖文劲",2021Q4,4422626.0,,386279.0,323314.0,1.2,7.29,,16.3,5.78,买入,,
002081.SZ,金螳螂,20200228,金螳螂：业绩稳健增长凸显龙头优势，逆周期调节下或再迎发展机遇,点评,一般报告,天风证券,"唐笑,岳恒宇,肖文劲",2020Q4,3717518.0,,342558.0,287525.0,1.07,8.2,,16.55,5.74,买入,,
002081.SZ,金螳螂,20200228,金螳螂：业绩稳健增长凸显龙头优势，逆周期调节下或再迎发展机遇,点评,一般报告,天风证券,"唐笑,岳恒宇,肖文劲",2019Q4,3085375.0,,290853.0,237305.0,0.88,9.93,,15.65,6.97,买入,,
300558.SZ,贝达药业,20200228,贝达药业：业绩符合预期，研发持续兑现,点评,一般报告,中信建投,"贺菊颖,袁清慧",2019Q4,154760.0,,,22340.0,0.56,150.9,,9.5,93.3,增持,,
300454.SZ,深信服,20200228,深信服2019年业绩快报点评：营收业绩再超预期，千亿级龙头蓄势启航,点评,一般报告,中信证券,"杨泽原,刘雯蜀,张帅",2021Q4,810487.0,,136200.0,132926.0,3.25,60.0,,21.18,,买入,,
300428.SZ,四通新材,20200228,四通新材2019年业绩快报点评：订单优化带来高利润，继续看好公司未来高端化路径,点评,一般报告,中信证券,袁健聪,2020Q4,821000.0,,64800.0,57646.0,1.0,17.0,,13.77,,买入,,25.0
300113.SZ,顺网科技,20200228,顺网科技：洗净商誉铅华，轻装上云,点评,一般报告,安信证券,"胡又文,陈冠呈",2020Q4,205990.0,,65440.0,45100.0,0.65,45.6,0.3,15.1,28.7,买入,,34.0
300113.SZ,顺网科技,20200228,顺网科技：洗净商誉铅华，轻装上云,点评,一般报告,安信证券,"胡又文,陈冠呈",2019Q4,158450.0,,11720.0,8300.0,0.12,247.6,0.1,3.2,214.1,买入,,34.0
300454.SZ,深信服,20200228,深信服2019年业绩快报点评：营收业绩再超预期，千亿级龙头蓄势启航,点评,一般报告,中信证券,"杨泽原,刘雯蜀,张帅",2019Q4,459042.0,,77700.0,75826.0,1.85,105.0,,18.34,,买入,,
300428.SZ,四通新材,20200228,四通新材2019年业绩快报点评：订单优化带来高利润，继续看好公司未来高端化路径,点评,一般报告,中信证券,袁健聪,2021Q4,949700.0,,86200.0,76703.0,1.33,13.0,,16.32,,买入,,25.0
300113.SZ,顺网科技,20200228,顺网科技：商誉减值拖累业绩，关注云计算业务进度,点评,一般报告,中金,张雪晴,2021Q4,193100.0,131000.0,68600.0,55000.0,0.79,37.4,0.7,15.5,27.4,中性,,20.7
300113.SZ,顺网科技,20200228,顺网科技：商誉减值拖累业绩，关注云计算业务进度,点评,一般报告,中金,张雪晴,2020Q4,177600.0,116800.0,58200.0,46700.0,0.67,44.0,0.6,15.0,33.1,中性,,20.7
300113.SZ,顺网科技,20200228,顺网科技：商誉减值拖累业绩，关注云计算业务进度,点评,一般报告,中金,张雪晴,2019Q4,158400.0,102000.0,13300.0,8200.0,0.12,249.2,0.1,2.8,177.8,中性,,20.7
002812.SZ,恩捷股份,20200228,恩捷股份2019年业绩快报点评：海外出货有望高速增长，可转债获批持续扩产巩固龙头地位,点评,一般报告,华创证券,"胡毅,于潇",2021Q4,532700.0,,186900.0,152000.0,1.89,33.0,,21.7,15.0,推荐,,68.0
002812.SZ,恩捷股份,20200228,恩捷股份2019年业绩快报点评：海外出货有望高速增长，可转债获批持续扩产巩固龙头地位,点评,一般报告,华创证券,"胡毅,于潇",2019Q4,316000.0,,106800.0,85000.0,1.05,58.0,,18.9,25.0,推荐,,68.0
002812.SZ,恩捷股份,20200228,恩捷股份业绩快报点评：业绩符合预期，20年海外加速放量,点评,一般报告,东吴证券,"曾朵红,阮巧燕",2020Q4,396300.0,,159800.0,123600.0,1.53,40.08,,22.9,25.0,买入,,76.5
002812.SZ,恩捷股份,20200228,恩捷股份业绩快报点评：业绩符合预期，20年海外加速放量,点评,一般报告,东吴证券,"曾朵红,阮巧燕",2019Q4,316000.0,,111100.0,85000.0,1.06,58.27,,18.9,35.0,买入,,76.5
300041.SZ,回天新材,20200228,回天新材2019年业绩快报点评：国产化替代持续，业绩表现靓丽,点评,一般报告,中信证券,"王喆,袁健聪,陈渤阳",2020Q4,256400.0,,20000.0,17300.0,0.41,23.0,,8.37,,买入,,
002714.SZ,牧原股份,20200228,牧原股份：增长产能即将释放，拥抱历史最佳盈利期,点评,一般报告,东北证券,"李瑶,李峻峰",2020Q4,6040800.0,,3615800.0,3439400.0,15.6,7.6,2.78,68.48,,买入,,144.0
002643.SZ,万润股份,20200228,万润股份：2019年业绩快报符合预期，看好沸石和OLED材料增长,点评,一般报告,中金,"贾雄伟,李璇",2021Q4,397200.0,165700.0,90100.0,75000.0,0.82,21.7,1.4,13.5,13.3,跑赢行业,,21.5
002643.SZ,万润股份,20200228,万润股份：2019年业绩快报符合预期，看好沸石和OLED材料增长,点评,一般报告,中金,"贾雄伟,李璇",2020Q4,338600.0,141300.0,75900.0,63000.0,0.69,25.9,1.2,12.5,15.9,跑赢行业,,21.5
002643.SZ,万润股份,20200228,万润股份：2019年业绩快报符合预期，看好沸石和OLED材料增长,点评,一般报告,中金,"贾雄伟,李璇",2019Q4,287000.0,120200.0,61100.0,50600.0,0.56,32.2,0.9,11.0,19.9,跑赢行业,,21.5
300433.SZ,蓝思科技,20200228,蓝思科技：业绩快报接近上限，今明两年仍有持续超预期空间,点评,一般报告,中金,"胡誉镜,黄乐平,刘莹莹",2019Q4,3245300.0,,300600.0,253000.0,0.58,34.9,0.8,14.2,16.0,跑赢行业,,27.0
002595.SZ,豪迈科技,20200228,豪迈科技业绩快报点评：Q4营收创单季度新高，净利润高增,点评,一般报告,渤海证券,"郑连声,陈兰芳",2020Q4,547200.0,,119200.0,102700.0,1.28,16.93,1.7,18.2,12.8,增持,,
002595.SZ,豪迈科技,20200228,豪迈科技业绩快报点评：Q4营收创单季度新高，净利润高增,点评,一般报告,渤海证券,"郑连声,陈兰芳",2019Q4,437100.0,,100100.0,86200.0,1.08,20.17,1.7,17.6,15.1,增持,,
002507.SZ,涪陵榨菜,20200228,涪陵榨菜：费用投放力度增长，2020年迎来低库存红利,点评,一般报告,中信建投,"安雅泽,吕睿竞,纪宗亚,陈语匆",2020Q4,229002.0,,,76653.0,0.97,28.9,,,,买入,,31.0
002507.SZ,涪陵榨菜,20200228,涪陵榨菜：费用投放力度增长，2020年迎来低库存红利,点评,一般报告,中信建投,"安雅泽,吕睿竞,纪宗亚,陈语匆",2019Q4,198959.0,,,60514.0,0.77,36.47,,,,买入,,31.0
300041.SZ,回天新材,20200228,回天新材2019年业绩快报点评：国产化替代持续，业绩表现靓丽,点评,一般报告,中信证券,"王喆,袁健聪,陈渤阳",2019Q4,214500.0,,16800.0,14400.0,0.34,27.0,,7.59,,买入,,
002475.SZ,立讯精密,20200228,立讯精密：业绩快报大超预期，上调2020/2021年Airpods出货预期,点评,一般报告,中金,"胡誉镜,黄乐平,刘莹莹",2021Q4,13977300.0,2921700.0,1305400.0,1074200.0,2.01,23.3,0.3,33.3,15.2,跑赢行业,,60.0
300428.SZ,四通新材,20200228,四通新材2019年业绩快报点评：订单优化带来高利润，继续看好公司未来高端化路径,点评,一般报告,中信证券,袁健聪,2019Q4,746000.0,,51100.0,45480.0,0.79,21.0,,12.0,,买入,,25.0
300113.SZ,顺网科技,20200228,顺网科技：洗净商誉铅华，轻装上云,点评,一般报告,安信证券,"胡又文,陈冠呈",2021Q4,255150.0,,84130.0,58800.0,0.85,35.0,0.3,16.6,21.7,买入,,34.0
002475.SZ,立讯精密,20200228,立讯精密：业绩快报大超预期，上调2020/2021年Airpods出货预期,点评,一般报告,中金,"胡誉镜,黄乐平,刘莹莹",2020Q4,9902400.0,2070300.0,922000.0,755900.0,1.41,33.1,0.2,32.0,21.6,跑赢行业,,60.0
300559.SZ,佳发教育,20200228,佳发教育：业绩符合预期，智慧教育不断加码,点评,一般报告,安信证券,"胡又文,陈冠呈",2019Q4,58300.0,,23040.0,20220.0,0.76,46.5,0.4,18.5,37.4,买入,,42.0
300558.SZ,贝达药业,20200228,贝达药业：业绩符合预期，研发持续兑现,点评,一般报告,中信建投,"贺菊颖,袁清慧",2021Q4,226100.0,,,35360.0,0.88,95.4,,12.5,63.9,增持,,
300558.SZ,贝达药业,20200228,贝达药业：业绩符合预期，研发持续兑现,点评,一般报告,中信建投,"贺菊颖,袁清慧",2020Q4,178560.0,,,27780.0,0.69,121.4,,10.7,78.4,增持,,
300454.SZ,深信服,20200228,深信服2019年业绩快报点评：营收业绩再超预期，千亿级龙头蓄势启航,点评,一般报告,中信证券,"杨泽原,刘雯蜀,张帅",2020Q4,615650.0,,100900.0,98519.0,2.41,81.0,,19.53,,买入,,
300041.SZ,回天新材,20200228,回天新材2019年业绩快报点评：国产化替代持续，业绩表现靓丽,点评,一般报告,中信证券,"王喆,袁健聪,陈渤阳",2021Q4,307500.0,,24300.0,21100.0,0.5,19.0,,9.29,,买入,,
002812.SZ,恩捷股份,20200228,恩捷股份2019年业绩快报点评：海外出货有望高速增长，可转债获批持续扩产巩固龙头地位,点评,一般报告,华创证券,"胡毅,于潇",2020Q4,431300.0,,150600.0,121200.0,1.5,41.0,,22.0,19.0,推荐,,68.0
002812.SZ,恩捷股份,20200228,恩捷股份业绩快报点评：业绩符合预期，20年海外加速放量,点评,一般报告,东吴证券,"曾朵红,阮巧燕",2021Q4,477200.0,,205300.0,160600.0,1.99,30.83,,24.4,20.0,买入,,76.5
002714.SZ,牧原股份,20200228,牧原股份：增长产能即将释放，拥抱历史最佳盈利期,点评,一般报告,东北证券,"李瑶,李峻峰",2022Q4,8293900.0,,2752800.0,2716400.0,12.32,9.63,2.09,25.15,,买入,,144.0
002714.SZ,牧原股份,20200228,牧原股份：增长产能即将释放，拥抱历史最佳盈利期,点评,一般报告,东北证券,"李瑶,李峻峰",2021Q4,8983200.0,,4646000.0,4533400.0,20.56,5.77,3.54,52.53,,买入,,144.0
002595.SZ,豪迈科技,20200228,豪迈科技业绩快报点评：Q4营收创单季度新高，净利润高增,点评,一般报告,渤海证券,"郑连声,陈兰芳",2021Q4,700600.0,,146500.0,126200.0,1.58,13.8,1.7,19.1,10.6,增持,,
002507.SZ,涪陵榨菜,20200228,涪陵榨菜：费用投放力度增长，2020年迎来低库存红利,点评,一般报告,中信建投,"安雅泽,吕睿竞,纪宗亚,陈语匆",2021Q4,252818.0,,,89094.0,1.13,24.87,,,,买入,,31.0
002475.SZ,立讯精密,20200228,立讯精密：业绩快报大超预期，上调2020/2021年Airpods出货预期,点评,一般报告,中金,"胡誉镜,黄乐平,刘莹莹",2019Q4,6238000.0,1302800.0,578400.0,472100.0,0.88,53.0,0.1,26.6,33.6,跑赢行业,,60.0
002409.SZ,雅克科技,20200228,雅克科技：国内晶圆厂逐步迎来放量，公司业绩持续高增长,点评,一般报告,中信建投,"郑勇,胡世超",2020Q4,240829.0,,,32573.0,0.704,58.97,,6.85,36.03,增持,,
002409.SZ,雅克科技,20200228,雅克科技：国内晶圆厂逐步迎来放量，公司业绩持续高增长,点评,一般报告,中信建投,"郑勇,胡世超",2019Q4,183866.0,,,25155.0,0.543,76.36,,5.68,44.47,增持,,
002409.SZ,雅克科技,20200228,雅克科技2019年业绩快报及2020年一季度业绩预告点评：业绩快速增长，未来值得期待,点评,一般报告,中信证券,"王喆,袁健聪",2020Q4,251800.0,,42200.0,35000.0,0.76,39.0,,7.47,,买入,,53.0
002214.SZ,大立科技,20200228,大立科技2019年业绩快报点评：军品实现批量交付，盈利能力显著提升,点评,一般报告,中信证券,"李建伟,陈卓",2021Q4,160665.0,,45500.0,40936.0,0.89,26.0,,23.06,,买入,,29.0
002214.SZ,大立科技,20200228,大立科技2019年业绩快报点评：军品实现批量交付，盈利能力显著提升,点评,一般报告,中信证券,"李建伟,陈卓",2020Q4,140620.0,,35500.0,31962.0,0.7,34.0,,22.1,,买入,,29.0
002214.SZ,大立科技,20200228,大立科技2019年业绩快报点评：军品实现批量交付，盈利能力显著提升,点评,一般报告,中信证券,"李建伟,陈卓",2019Q4,53911.0,,15100.0,13506.0,0.29,79.0,,11.64,,买入,,29.0
002409.SZ,雅克科技,20200228,雅克科技：国内晶圆厂逐步迎来放量，公司业绩持续高增长,点评,一般报告,中信建投,"郑勇,胡世超",2021Q4,299906.0,,,41593.0,0.899,46.18,,8.05,29.2,增持,,
002409.SZ,雅克科技,20200228,雅克科技2019年业绩快报及2020年一季度业绩预告点评：业绩快速增长，未来值得期待,点评,一般报告,中信证券,"王喆,袁健聪",2021Q4,318000.0,,56100.0,46100.0,1.0,30.0,,9.07,,买入,,53.0
002409.SZ,雅克科技,20200228,雅克科技2019年业绩快报及2020年一季度业绩预告点评：业绩快速增长，未来值得期待,点评,一般报告,中信证券,"王喆,袁健聪",2019Q4,184000.0,,29900.0,24900.0,0.54,55.0,,5.69,,买入,,53.0
002212.SZ,南洋股份,20200228,南洋股份：安全业务收入超预期，业务拐点已到、迈入高成长——2019年业绩快报点评,点评,一般报告,新时代证券,"田杰华,李汉卿",2021Q4,888300.0,,108900.0,93400.0,0.81,34.0,,9.3,25.7,强烈推荐,,
002212.SZ,南洋股份,20200228,南洋股份：安全业务收入超预期，业务拐点已到、迈入高成长——2019年业绩快报点评,点评,一般报告,新时代证券,"田杰华,李汉卿",2020Q4,756600.0,,75000.0,63600.0,0.55,50.0,,6.9,36.8,强烈推荐,,
002212.SZ,南洋股份,20200228,南洋股份：安全业务收入超预期，业务拐点已到、迈入高成长——2019年业绩快报点评,点评,一般报告,新时代证券,"田杰华,李汉卿",2019Q4,710400.0,,44900.0,36600.0,0.32,86.8,,4.3,58.2,强烈推荐,,
002035.SZ,华帝股份,20200228,华帝股份：Q4收入超预期，工程发力提振成长,点评,一般报告,中信建投,"陈伟奇,花小伟",2020Q4,630900.0,,,82000.0,,14.54,,,,买入,,
002035.SZ,华帝股份,20200228,华帝股份2019年业绩快报点评：收入增速转正，改善趋势不变,点评,一般报告,中信证券,"汪浩,陈俊斌",2021Q4,696800.0,,110900.0,92800.0,1.068,12.0,,21.93,,买入,,
002035.SZ,华帝股份,20200228,华帝股份2019年业绩快报点评：收入增速转正，改善趋势不变,点评,一般报告,中信证券,"汪浩,陈俊斌",2019Q4,574100.0,,89200.0,74600.0,0.858,15.0,,24.24,,买入,,
002027.SZ,分众传媒,20200228,分众传媒：疫情延后广告需求复苏，关注公司内在改善,点评,一般报告,中金,张雪晴,2021Q4,1457500.0,805400.0,513300.0,406400.0,0.28,20.1,4.0,22.8,13.4,跑赢行业,,8.23
002027.SZ,分众传媒,20200228,分众传媒：疫情延后广告需求复苏，关注公司内在改善,点评,一般报告,中金,张雪晴,2020Q4,1217200.0,588900.0,292300.0,232800.0,0.16,35.1,1.4,15.0,23.1,跑赢行业,,8.23
002027.SZ,分众传媒,20200228,分众传媒：疫情延后广告需求复苏，关注公司内在改善,点评,一般报告,中金,张雪晴,2019Q4,1213600.0,554200.0,234800.0,187500.0,0.13,43.6,0.7,13.0,29.0,跑赢行业,,8.23
002842.SZ,翔鹭钨业,20200228,翔鹭钨业：钨价回暖有望带动公司业绩回到正常水平,点评,首次关注,中信建投,"赵鑫,李木森",2021Q4,207900.0,,,15750.0,0.57,18.8,,12.8,10.2,买入,,
002236.SZ,大华股份,20200228,大华股份：业绩符合预期，盈利质量持续提升,点评,一般报告,天风证券,"潘暕,许俊峰",2021Q4,3593815.0,,538689.0,494248.0,1.64,12.77,,21.07,10.08,买入,,31.25
002236.SZ,大华股份,20200228,大华股份：业绩符合预期，盈利质量持续提升,点评,一般报告,天风证券,"潘暕,许俊峰",2019Q4,2609040.0,,341905.0,316277.0,1.05,19.95,,19.72,17.41,买入,,31.25
002035.SZ,华帝股份,20200228,华帝股份：营收拐点趋势被疫情打断，耐心等待地产后周期效应,点评,一般报告,中金,"何伟,韦一飞",2021Q4,734600.0,,119600.0,99700.0,1.15,10.9,3.5,25.2,6.4,跑赢行业,,13.8
002035.SZ,华帝股份,20200228,华帝股份：营收拐点趋势被疫情打断，耐心等待地产后周期效应,点评,一般报告,中金,"何伟,韦一飞",2020Q4,605900.0,,97800.0,81500.0,0.94,13.3,2.9,24.4,8.2,跑赢行业,,13.8
002035.SZ,华帝股份,20200228,华帝股份：营收拐点趋势被疫情打断，耐心等待地产后周期效应,点评,一般报告,中金,"何伟,韦一飞",2019Q4,573400.0,,85800.0,74500.0,0.86,14.5,2.6,26.3,9.3,跑赢行业,,13.8
002035.SZ,华帝股份,20200228,华帝股份：Q4收入超预期，工程发力提振成长,点评,一般报告,中信建投,"陈伟奇,花小伟",2021Q4,689900.0,,,90500.0,,13.21,,,,买入,,
002035.SZ,华帝股份,20200228,华帝股份2019年业绩快报点评：收入增速转正，改善趋势不变,点评,一般报告,中信证券,"汪浩,陈俊斌",2020Q4,621800.0,,98300.0,82200.0,0.946,13.0,,22.74,,买入,,
002842.SZ,翔鹭钨业,20200228,翔鹭钨业：钨价回暖有望带动公司业绩回到正常水平,点评,首次关注,中信建投,"赵鑫,李木森",2020Q4,189420.0,,,13230.0,0.48,22.4,,12.1,12.9,买入,,
002842.SZ,翔鹭钨业,20200228,翔鹭钨业：钨价回暖有望带动公司业绩回到正常水平,点评,首次关注,中信建投,"赵鑫,李木森",2019Q4,146980.0,,,6470.0,0.24,45.7,,6.6,22.1,买入,,
002391.SZ,长青股份,20200228,长青股份：2019年业绩快报符合预期，新项目建设助力成长,点评,一般报告,中金,"贾雄伟,李璇",2021Q4,459500.0,112800.0,59300.0,52000.0,0.96,10.1,3.4,12.9,6.4,跑赢行业,,13.0
002391.SZ,长青股份,20200228,长青股份：2019年业绩快报符合预期，新项目建设助力成长,点评,一般报告,中金,"贾雄伟,李璇",2020Q4,398900.0,97600.0,49300.0,43600.0,0.81,12.0,2.8,11.9,7.6,跑赢行业,,13.0
002391.SZ,长青股份,20200228,长青股份：2019年业绩快报符合预期，新项目建设助力成长,点评,一般报告,中金,"贾雄伟,李璇",2019Q4,340000.0,83700.0,41800.0,37100.0,0.69,14.1,2.4,10.9,9.1,跑赢行业,,13.0
002236.SZ,大华股份,20200228,大华股份：业绩符合预期，盈利质量持续提升,点评,一般报告,天风证券,"潘暕,许俊峰",2020Q4,3102931.0,,429427.0,395423.0,1.31,15.96,,20.5,12.69,买入,,31.25
300415.SZ,伊之密,20200228,伊之密：收入利润正增长，渡过行业低迷期,点评,一般报告,广发证券,"刘芷君,罗立波",2021Q4,294100.0,,39500.0,33800.0,0.78,10.74,,17.6,9.62,买入,,11.44
300415.SZ,伊之密,20200228,伊之密：收入利润正增长，渡过行业低迷期,点评,一般报告,广发证券,"刘芷君,罗立波",2020Q4,250400.0,,28900.0,24700.0,0.57,14.69,,15.6,13.73,买入,,11.44
300415.SZ,伊之密,20200228,伊之密：收入利润正增长，渡过行业低迷期,点评,一般报告,广发证券,"刘芷君,罗立波",2019Q4,211400.0,,22200.0,19000.0,0.44,19.06,,14.3,17.99,买入,,11.44
300001.SZ,特锐德,20200228,特锐德2019年业绩快报点评：业绩大幅改善，基本符合预期,点评,一般报告,中信证券,"弓永峰,林劼",2020Q4,851249.0,,70800.0,60517.0,0.61,38.0,,15.25,,买入,,28.0
300001.SZ,特锐德,20200228,特锐德2019年业绩快报点评：业绩大幅改善，基本符合预期,点评,一般报告,中信证券,"弓永峰,林劼",2019Q4,687502.0,,31500.0,27923.0,0.28,83.0,,8.23,,买入,,28.0
002078.SZ,太阳纸业,20200228,太阳纸业：业绩快报超预期，单四季度业绩创新高,一般,一般报告,东方证券,"李雪君,吴瑾",2019Q4,2278500.0,,255700.0,218500.0,0.84,9.9,,16.3,6.5,买入,,13.86
688088.SH,虹软科技,20200228,虹软科技：业绩符合预期，AIoT大有可为,,一般报告,东北证券,"张世杰,杨一飞",2021Q4,109200.0,,50300.0,45100.0,1.11,68.19,0.0,21.69,,买入,,81.0
688088.SH,虹软科技,20200228,虹软科技：业绩符合预期，AIoT大有可为,,一般报告,东北证券,"张世杰,杨一飞",2020Q4,81900.0,,36300.0,32800.0,0.81,93.89,0.0,20.11,,买入,,81.0
688088.SH,虹软科技,20200228,虹软科技：业绩符合预期，AIoT大有可为,,一般报告,东北证券,"张世杰,杨一飞",2019Q4,56400.0,,22700.0,20700.0,0.51,148.64,0.0,15.9,,买入,,81.0
600507.SH,方大特钢,20200228,方大特钢：高炉停产检修加大全年盈利波动,点评,一般报告,中泰证券,"笃慧,郭皓,赖福洋",2022Q4,1533800.0,364900.0,230800.0,164600.0,1.14,8.12,,17.98,,增持,,
600507.SH,方大特钢,20200228,方大特钢：高炉停产检修加大全年盈利波动,点评,一般报告,中泰证券,"笃慧,郭皓,赖福洋",2021Q4,1439400.0,345000.0,203700.0,144800.0,1.0,9.23,,16.62,,增持,,
600507.SH,方大特钢,20200228,方大特钢：高炉停产检修加大全年盈利波动,点评,一般报告,中泰证券,"笃慧,郭皓,赖福洋",2020Q4,1471300.0,377500.0,217700.0,155000.0,1.07,8.62,,18.53,,增持,,
688016.SH,心脉医疗,20200228,心脉医疗：全年高增长兑现，新品上市推动公司加速发展,,一般报告,平安证券,"叶寅,倪亦道",2020Q4,45200.0,,22000.0,19100.0,2.65,63.5,,14.9,49.0,推荐,,
688016.SH,心脉医疗,20200228,心脉医疗：全年高增长兑现，新品上市推动公司加速发展,,一般报告,平安证券,"叶寅,倪亦道",2019Q4,33400.0,,16300.0,14200.0,1.97,85.5,,13.0,66.4,推荐,,
300070.SZ,碧水源,20200228,碧水源2019业绩快报点评：业绩兑现稳增长，水处理龙头整装待发,点评,一般报告,安信证券,"邵琳琳,马丁,汪磊",2021Q4,1611650.0,,307460.0,238380.0,0.75,13.8,0.7,9.9,10.7,买入,,12.4
300070.SZ,碧水源,20200228,碧水源2019业绩快报点评：业绩兑现稳增长，水处理龙头整装待发,点评,一般报告,安信证券,"邵琳琳,马丁,汪磊",2020Q4,1449320.0,,246140.0,192460.0,0.61,17.0,0.6,8.8,14.2,买入,,12.4
002463.SZ,沪电股份,20200228,沪电股份：2019净利同比高增111％，符合预期,点评,一般报告,申万宏源证券,"骆思远,杨海燕",2021Q4,1122300.0,324900.0,217000.0,184300.0,1.07,22.0,,21.6,,买入,,
002463.SZ,沪电股份,20200228,沪电股份：2019净利同比高增111％，符合预期,点评,一般报告,申万宏源证券,"骆思远,杨海燕",2020Q4,894900.0,256700.0,172200.0,146300.0,0.85,28.0,,21.9,,买入,,
002463.SZ,沪电股份,20200228,沪电股份：2019净利同比高增111％，符合预期,点评,一般报告,申万宏源证券,"骆思远,杨海燕",2019Q4,690000.0,197200.0,139300.0,120000.0,0.7,33.0,,23.0,,买入,,
300001.SZ,特锐德,20200228,特锐德2019年业绩快报点评：业绩大幅改善，基本符合预期,点评,一般报告,中信证券,"弓永峰,林劼",2021Q4,1062767.0,,107100.0,90640.0,0.91,25.0,,18.85,,买入,,28.0
002643.SZ,万润股份,20200228,万润股份：公司业绩稳健增长，不考虑计提商誉减值，略超市场预期,点评,一般报告,申万宏源证券,"宋涛,沈衡,马昕晔",2021Q4,444400.0,182100.0,96900.0,82800.0,0.91,20.0,,12.9,,增持,,
002643.SZ,万润股份,20200228,万润股份：公司业绩稳健增长，不考虑计提商誉减值，略超市场预期,点评,一般报告,申万宏源证券,"宋涛,沈衡,马昕晔",2020Q4,350300.0,143700.0,77200.0,65900.0,0.73,25.0,,11.8,,增持,,
002643.SZ,万润股份,20200228,万润股份：公司业绩稳健增长，不考虑计提商誉减值，略超市场预期,点评,一般报告,申万宏源证券,"宋涛,沈衡,马昕晔",2019Q4,287000.0,118900.0,59800.0,50600.0,0.56,32.0,,10.2,,增持,,
002422.SZ,科伦药业,20200228,科伦药业：2019年快报低于预期；终止配股公开发行,点评,一般报告,中金,"何子瑜,邹朋",2021Q4,2295200.0,,186700.0,150800.0,1.05,22.5,1.1,10.1,9.7,跑赢行业,,32.0
002422.SZ,科伦药业,20200228,科伦药业：2019年快报低于预期；终止配股公开发行,点评,一般报告,中金,"何子瑜,邹朋",2020Q4,2046000.0,,149400.0,120700.0,0.84,28.2,0.9,8.7,11.0,跑赢行业,,32.0
002422.SZ,科伦药业,20200228,科伦药业：2019年快报低于预期；终止配股公开发行,点评,一般报告,中金,"何子瑜,邹朋",2019Q4,1764000.0,,124100.0,93500.0,0.65,36.3,0.7,7.1,11.9,跑赢行业,,32.0
002078.SZ,太阳纸业,20200228,太阳纸业：业绩快报超预期，单四季度业绩创新高,一般,一般报告,东方证券,"李雪君,吴瑾",2021Q4,2847300.0,,356300.0,285200.0,1.1,7.6,,16.1,4.6,买入,,13.86
002078.SZ,太阳纸业,20200228,太阳纸业：业绩快报超预期，单四季度业绩创新高,一般,一般报告,东方证券,"李雪君,吴瑾",2020Q4,2262300.0,,284600.0,239500.0,0.92,9.0,,15.6,5.8,买入,,13.86
688016.SH,心脉医疗,20200228,心脉医疗：全年高增长兑现，新品上市推动公司加速发展,,一般报告,平安证券,"叶寅,倪亦道",2021Q4,60800.0,,29700.0,25800.0,3.58,47.1,,16.8,35.8,推荐,,
300070.SZ,碧水源,20200228,碧水源2019业绩快报点评：业绩兑现稳增长，水处理龙头整装待发,点评,一般报告,安信证券,"邵琳琳,马丁,汪磊",2019Q4,1271340.0,,178480.0,139310.0,0.44,23.5,0.4,6.9,15.5,买入,,12.4
002373.SZ,千方科技,20200228,千方科技：业绩符合预期，受益于车联网加速,点评,一般报告,华泰证券,"谢春生,郭雅丽,郭梁良,金兴",2021Q4,1394700.0,,191200.0,154800.0,1.04,27.32,,13.12,20.51,买入,34.44,31.16
002373.SZ,千方科技,20200228,千方科技：业绩符合预期，受益于车联网加速,点评,一般报告,华泰证券,"谢春生,郭雅丽,郭梁良,金兴",2019Q4,899900.0,,125100.0,100400.0,0.68,42.14,,11.03,29.34,买入,34.44,31.16
300788.SZ,中信出版,20200228,中信出版事件点评：以图书媒介传递阅读力量，业绩稳增带来文化品牌价值与经济价值共生,点评,一般报告,国海证券,朱珠,2020Q4,237700.0,,32700.0,29800.0,1.57,29.41,,14.18,,买入,,
300788.SZ,中信出版,20200228,中信出版事件点评：以图书媒介传递阅读力量，业绩稳增带来文化品牌价值与经济价值共生,点评,一般报告,国海证券,朱珠,2019Q4,188900.0,,27000.0,25100.0,1.32,34.82,,13.56,,买入,,
002191.SZ,劲嘉股份,20200228,劲嘉股份：烟标稳健发展，大包装加速成长,点评,一般报告,华泰证券,"陈羽锋,倪娇娇,周鑫",2021Q4,555500.0,,156100.0,122000.0,0.83,12.78,,14.88,8.76,增持,,
002191.SZ,劲嘉股份,20200228,劲嘉股份：烟标稳健发展，大包装加速成长,点评,一般报告,华泰证券,"陈羽锋,倪娇娇,周鑫",2019Q4,398800.0,,112000.0,87479.0,0.6,17.82,,13.04,11.89,增持,,
688008.SH,澜起科技,20200228,澜起科技：业绩快报符合预期，2020年行业上行带动收入成长,,一般报告,中金,"丁宁,黄乐平,姚逊宇",2020Q4,260200.0,,126700.0,120700.0,1.07,84.8,0.0,16.2,76.3,中性,,64.0
688008.SH,澜起科技,20200228,澜起科技：业绩快报符合预期，2020年行业上行带动收入成长,,一般报告,中金,"丁宁,黄乐平,姚逊宇",2019Q4,173800.0,,97900.0,93300.0,0.83,109.7,0.0,17.6,109.5,中性,,64.0
002967.SZ,广电计量,20200228,广电计量2019年业绩快报点评：全年业绩符合预期，疫情影响后续追平有望,点评,一般报告,中信证券,李想,2021Q4,270800.0,,41700.0,35100.0,1.06,38.0,,18.0,,买入,,50.0
002967.SZ,广电计量,20200228,广电计量2019年业绩快报点评：全年业绩符合预期，疫情影响后续追平有望,点评,一般报告,中信证券,李想,2020Q4,210200.0,,26000.0,23100.0,0.7,58.0,,13.6,,买入,,50.0
002967.SZ,广电计量,20200228,广电计量2019年业绩快报点评：全年业绩符合预期，疫情影响后续追平有望,点评,一般报告,中信证券,李想,2019Q4,161300.0,,18800.0,17000.0,0.51,79.0,,11.1,,买入,,50.0
002081.SZ,金螳螂,20200228,金螳螂2019年业绩快报点评：Q4业绩提速明显，受益竣工订单充沛,点评,一般报告,华创证券,王彬鹏,2021Q4,4334800.0,,405100.0,338300.0,1.26,7.0,,16.3,13.0,强推,14.0,10.7
002081.SZ,金螳螂,20200228,金螳螂2019年业绩快报点评：Q4业绩提速明显，受益竣工订单充沛,点评,一般报告,华创证券,王彬鹏,2020Q4,3629500.0,,344500.0,287700.0,1.07,8.0,,16.0,15.0,强推,14.0,10.7
300408.SZ,三环集团,20200228,三环集团2019年业绩快报点评：Q4营收回暖，MLCC有望持续上行,点评,一般报告,中信证券,"徐涛,郑泽科",2021Q4,449570.0,,202000.0,171960.0,0.99,25.0,,17.85,,买入,,
002373.SZ,千方科技,20200228,千方科技：业绩符合预期，受益于车联网加速,点评,一般报告,华泰证券,"谢春生,郭雅丽,郭梁良,金兴",2020Q4,1129900.0,,153100.0,122400.0,0.82,34.55,,11.89,24.37,买入,34.44,31.16
300788.SZ,中信出版,20200228,中信出版事件点评：以图书媒介传递阅读力量，业绩稳增带来文化品牌价值与经济价值共生,点评,一般报告,国海证券,朱珠,2021Q4,304200.0,,40400.0,36700.0,1.93,23.87,,15.27,,买入,,
002191.SZ,劲嘉股份,20200228,劲嘉股份：烟标稳健发展，大包装加速成长,点评,一般报告,华泰证券,"陈羽锋,倪娇娇,周鑫",2020Q4,470200.0,,133400.0,104200.0,0.71,14.95,,14.16,10.11,增持,,
688008.SH,澜起科技,20200228,澜起科技：业绩快报符合预期，2020年行业上行带动收入成长,,一般报告,中金,"丁宁,黄乐平,姚逊宇",2021Q4,310800.0,,151400.0,144300.0,1.28,71.0,0.0,16.9,62.6,中性,,64.0
002081.SZ,金螳螂,20200228,金螳螂2019年业绩快报点评：Q4业绩提速明显，受益竣工订单充沛,点评,一般报告,华创证券,王彬鹏,2019Q4,3036300.0,,294700.0,246100.0,0.92,10.0,,15.8,18.0,强推,14.0,10.7
300408.SZ,三环集团,20200228,三环集团2019年业绩快报点评：Q4营收回暖，MLCC有望持续上行,点评,一般报告,中信证券,"徐涛,郑泽科",2019Q4,272880.0,,102200.0,87185.0,0.5,50.0,,12.02,,买入,,
002833.SZ,弘亚数控,20200228,弘亚数控：高端产品发力，业绩实现逆势增长,点评,一般报告,广发证券,"代川,罗立波",2021Q4,198800.0,,55800.0,48000.0,3.55,12.24,,20.7,10.04,买入,,50.63
002518.SZ,科士达,20200228,科士达2019年业绩快报点评：业绩符合预期，数据中心和光伏逆变器业务增长有望提速,点评,一般报告,华创证券,"胡毅,于潇",2020Q4,365100.0,,47300.0,41100.0,0.71,21.0,,14.0,21.0,强推,,18.0
002518.SZ,科士达,20200228,科士达2019年业绩快报点评：业绩符合预期，数据中心和光伏逆变器业务增长有望提速,点评,一般报告,华创证券,"胡毅,于潇",2019Q4,272200.0,,35700.0,32000.0,0.55,26.0,,12.2,26.0,强推,,18.0
002081.SZ,金螳螂,20200228,金螳螂2019年业绩快报点评：Q4提速全年稳增；2020关注订单、毛利回升,点评,一般报告,中信证券,罗鼎,2021Q4,4545631.0,,377400.0,317630.0,1.19,7.4,,16.04,,买入,,
002081.SZ,金螳螂,20200228,金螳螂2019年业绩快报点评：Q4提速全年稳增；2020关注订单、毛利回升,点评,一般报告,中信证券,罗鼎,2020Q4,3744779.0,,323700.0,273174.0,1.02,8.6,,15.83,,买入,,
002081.SZ,金螳螂,20200228,金螳螂2019年业绩快报点评：Q4提速全年稳增；2020关注订单、毛利回升,点评,一般报告,中信证券,罗鼎,2019Q4,3084704.0,,280600.0,237153.0,0.89,9.9,,15.74,,买入,,
603035.SH,常熟汽饰,20200228,常熟汽饰：电动智能浪潮来袭，开启新一轮成长机遇,点评,一般报告,天风证券,"邓学,陆嘉敏",2021Q4,293992.0,,48821.0,45692.0,1.63,9.92,,14.01,6.88,买入,,25.6
603035.SH,常熟汽饰,20200228,常熟汽饰：电动智能浪潮来袭，开启新一轮成长机遇,点评,一般报告,天风证券,"邓学,陆嘉敏",2020Q4,224960.0,,38078.0,35981.0,1.29,12.6,,12.22,9.12,买入,,25.6
603035.SH,常熟汽饰,20200228,常熟汽饰：电动智能浪潮来袭，开启新一轮成长机遇,点评,一般报告,天风证券,"邓学,陆嘉敏",2019Q4,176576.0,,28119.0,26818.0,0.96,16.9,,9.95,12.09,买入,,25.6
002847.SZ,盐津铺子,20200228,盐津铺子：全年业绩接近预告上限，休食白马扬帆起航,点评,一般报告,天风证券,"刘章明,刘畅",2021Q4,260127.0,,39474.0,33412.0,2.6,17.8,,31.54,13.9,买入,,
002847.SZ,盐津铺子,20200228,盐津铺子：全年业绩接近预告上限，休食白马扬帆起航,点评,一般报告,天风证券,"刘章明,刘畅",2020Q4,200098.0,,20506.0,17403.0,1.36,34.18,,20.67,25.29,买入,,
002847.SZ,盐津铺子,20200228,盐津铺子：全年业绩接近预告上限，休食白马扬帆起航,点评,一般报告,天风证券,"刘章明,刘畅",2019Q4,139928.0,,15523.0,12804.0,1.0,46.46,,17.54,33.07,买入,,
300118.SZ,东方日升,20200228,东方日升：组件电池业务后发制人，业绩实现高增长,一般,首次关注,天风证券,"王纪斌,马妍",2021Q4,2553381.0,,149632.0,127726.0,1.42,11.18,,12.41,6.66,买入,,21.6
300118.SZ,东方日升,20200228,东方日升：组件电池业务后发制人，业绩实现高增长,一般,首次关注,天风证券,"王纪斌,马妍",2020Q4,2193558.0,,126348.0,107850.0,1.2,13.24,,11.63,8.1,买入,,21.6
300408.SZ,三环集团,20200228,三环集团2019年业绩快报点评：Q4营收回暖，MLCC有望持续上行,点评,一般报告,中信证券,"徐涛,郑泽科",2020Q4,361073.0,,154300.0,131501.0,0.75,33.0,,15.83,,买入,,
002833.SZ,弘亚数控,20200228,弘亚数控：高端产品发力，业绩实现逆势增长,点评,一般报告,广发证券,"代川,罗立波",2020Q4,157100.0,,44200.0,38100.0,2.81,15.44,,20.7,13.25,买入,,50.63
002833.SZ,弘亚数控,20200228,弘亚数控：高端产品发力，业绩实现逆势增长,点评,一般报告,广发证券,"代川,罗立波",2019Q4,132600.0,,36200.0,31100.0,2.3,18.9,,21.4,16.66,买入,,50.63
002518.SZ,科士达,20200228,科士达2019年业绩快报点评：业绩符合预期，数据中心和光伏逆变器业务增长有望提速,点评,一般报告,华创证券,"胡毅,于潇",2021Q4,463900.0,,60300.0,51500.0,0.88,16.0,,15.3,17.0,强推,,18.0
300118.SZ,东方日升,20200228,东方日升：组件电池业务后发制人，业绩实现高增长,一般,首次关注,天风证券,"王纪斌,马妍",2019Q4,1546505.0,,114853.0,98039.0,1.09,14.56,,11.66,13.04,买入,,21.6
002643.SZ,万润股份,20200228,万润股份2019年业绩快报点评：全年业绩稳健增长，多点开花未来可期,点评,一般报告,中信证券,"王喆,袁健聪",2020Q4,314200.0,,70000.0,61300.0,0.67,17.0,,11.78,,买入,,23.0
002643.SZ,万润股份,20200228,万润股份2019年业绩快报点评：全年业绩稳健增长，多点开花未来可期,点评,一般报告,中信证券,"王喆,袁健聪",2019Q4,275700.0,,57500.0,50200.0,0.55,21.0,,10.51,,买入,,23.0
002129.SZ,中环股份,20200228,中环股份：天合光能发布G12配套组件，光伏大硅片下游配套进一步成熟,点评,一般报告,中金,"王嵩,刘俊,刘佳妮,朱逸煊",2021Q4,3216700.0,,410400.0,245100.0,0.88,21.7,0.6,14.3,7.2,跑赢行业,,
002129.SZ,中环股份,20200228,中环股份：天合光能发布G12配套组件，光伏大硅片下游配套进一步成熟,点评,一般报告,中金,"王嵩,刘俊,刘佳妮,朱逸煊",2020Q4,2509600.0,,283900.0,189100.0,0.68,28.1,0.5,12.4,9.1,跑赢行业,,
002643.SZ,万润股份,20200228,万润股份2019年业绩快报点评：全年业绩稳健增长，多点开花未来可期,点评,一般报告,中信证券,"王喆,袁健聪",2021Q4,383500.0,,84400.0,74000.0,0.81,14.0,,12.95,,买入,,23.0
002129.SZ,中环股份,20200228,中环股份：天合光能发布G12配套组件，光伏大硅片下游配套进一步成熟,点评,一般报告,中金,"王嵩,刘俊,刘佳妮,朱逸煊",2019Q4,1688100.0,,160600.0,108400.0,0.39,49.0,0.3,7.8,12.6,跑赢行业,,
300408.SZ,三环集团,20200228,三环集团：景气下行拖累2019业绩，2020全面向好可期,点评,一般报告,中金,"胡誉镜,黄乐平,刘莹莹",2021Q4,515800.0,,212000.0,182600.0,1.05,23.7,1.4,19.8,16.8,跑赢行业,,34.0
002727.SZ,一心堂,20200228,一心堂2019年业绩快报点评：业绩环比企稳回升，疫情期间销售趋势向好,点评,一般报告,中信证券,"陈竹,田加强",2021Q4,1424700.0,,108100.0,82300.0,1.45,15.0,,15.47,,买入,,29.5
300408.SZ,三环集团,20200228,三环集团：景气下行拖累2019业绩，2020全面向好可期,点评,一般报告,中金,"胡誉镜,黄乐平,刘莹莹",2020Q4,385500.0,,156700.0,134900.0,0.77,32.1,1.0,16.9,22.1,跑赢行业,,34.0
300408.SZ,三环集团,20200228,三环集团：景气下行拖累2019业绩，2020全面向好可期,点评,一般报告,中金,"胡誉镜,黄乐平,刘莹莹",2019Q4,265600.0,,104200.0,89200.0,0.51,48.6,0.7,12.3,32.0,跑赢行业,,34.0
002727.SZ,一心堂,20200228,一心堂2019年业绩快报点评：业绩环比企稳回升，疫情期间销售趋势向好,点评,一般报告,中信证券,"陈竹,田加强",2020Q4,1207200.0,,91400.0,69600.0,1.23,18.0,,14.41,,买入,,29.5
002643.SZ,万润股份,20200228,万润股份：业绩符合预期，计提MP公司商誉减值,点评,一般报告,安信证券,张汪强,2019Q4,286980.0,,61200.0,50610.0,0.56,32.2,1.1,10.7,18.9,买入,,20.0
002518.SZ,科士达,20200228,科士达：IDC需求向好，业绩逐季提升重回增长轨道,点评,一般报告,安信证券,"邓永康,吴用,彭广春,丁肖逸",2021Q4,406420.0,,59820.0,53600.0,0.92,15.8,3.2,17.6,11.1,买入,,18.0
002518.SZ,科士达,20200228,科士达：IDC需求向好，业绩逐季提升重回增长轨道,点评,一般报告,安信证券,"邓永康,吴用,彭广春,丁肖逸",2020Q4,325370.0,,47030.0,42140.0,0.72,20.1,2.5,15.1,13.6,买入,,18.0
002518.SZ,科士达,20200228,科士达：IDC需求向好，业绩逐季提升重回增长轨道,点评,一般报告,安信证券,"邓永康,吴用,彭广春,丁肖逸",2019Q4,261030.0,,35810.0,32080.0,0.55,26.4,1.9,12.4,17.8,买入,,18.0
002001.SZ,新和成,20200228,新和成：公司业绩符合预期，看好公司成长性,点评,一般报告,国金证券,蒲强,2021Q4,1107800.0,591000.0,428400.0,362600.0,1.688,13.87,,17.03,,增持,30.68,30.68
002001.SZ,新和成,20200228,新和成：公司业绩符合预期，看好公司成长性,点评,一般报告,国金证券,蒲强,2020Q4,962000.0,534000.0,389300.0,329600.0,1.534,15.25,,17.16,,增持,30.68,30.68
002507.SZ,涪陵榨菜,20200228,涪陵榨菜：加速清理渠道库存，下沉市场费用投放力度加大,点评,一般报告,中金,"吕若晨,王亦沁",2020Q4,223700.0,,80900.0,68700.0,0.87,32.3,0.9,22.0,26.4,跑赢行业,,30.5
002507.SZ,涪陵榨菜,20200228,涪陵榨菜：加速清理渠道库存，下沉市场费用投放力度加大,点评,一般报告,中金,"吕若晨,王亦沁",2019Q4,199000.0,,71200.0,60500.0,0.77,36.7,0.8,22.6,30.7,跑赢行业,,30.5
300750.SZ,宁德时代,20200228,宁德时代：业绩快报基本符合预期，推动行业技术迭代受益全球需求高增,点评,一般报告,中金,"曾韬,赵宇辰,刘俊",2020Q4,5242200.0,,770900.0,600100.0,2.72,55.0,0.2,15.0,26.8,跑赢行业,,180.0
300750.SZ,宁德时代,20200228,宁德时代：业绩快报基本符合预期，推动行业技术迭代受益全球需求高增,点评,一般报告,中金,"曾韬,赵宇辰,刘俊",2019Q4,4050100.0,,583800.0,454900.0,2.06,72.6,0.1,13.0,33.5,跑赢行业,,180.0
300770.SZ,新媒股份,20200228,新媒股份：19年净利润超预期，2020年高增长有望延续、催化剂不断,点评,一般报告,申万宏源证券,"林起贤,袁伟嘉",2021Q4,167700.0,90100.0,67300.0,66900.0,5.21,34.0,,19.3,,买入,,
300770.SZ,新媒股份,20200228,新媒股份：19年净利润超预期，2020年高增长有望延续、催化剂不断,点评,一般报告,申万宏源证券,"林起贤,袁伟嘉",2020Q4,139900.0,75100.0,54700.0,54400.0,4.24,42.0,,19.5,,买入,,
300770.SZ,新媒股份,20200228,新媒股份：19年净利润超预期，2020年高增长有望延续、催化剂不断,点评,一般报告,申万宏源证券,"林起贤,袁伟嘉",2019Q4,102700.0,55200.0,37800.0,37500.0,2.93,60.0,,16.7,,买入,,
300750.SZ,宁德时代,20200228,宁德时代2019年业绩快报点评：业绩快报符合预期，定增扩产龙头稳固,点评,一般报告,中信证券,"宋韶灵,陈俊斌",2019Q4,4550000.0,,,436000.0,1.974,76.0,,12.0,,买入,,
300558.SZ,贝达药业,20200228,贝达药业：业绩快报略超预期，在研管线迎来收获期,点评,一般报告,中金,"何子瑜,邹朋",2021Q4,248400.0,,40700.0,36900.0,0.92,91.4,0.3,13.5,32.3,跑赢行业,,95.0
300558.SZ,贝达药业,20200228,贝达药业：业绩快报略超预期，在研管线迎来收获期,点评,一般报告,中金,"何子瑜,邹朋",2020Q4,190700.0,,30600.0,28000.0,0.7,120.4,0.2,11.3,41.3,跑赢行业,,95.0
300558.SZ,贝达药业,20200228,贝达药业：业绩快报略超预期，在研管线迎来收获期,点评,一般报告,中金,"何子瑜,邹朋",2019Q4,154700.0,,24400.0,22300.0,0.56,151.0,0.2,9.8,50.7,跑赢行业,,95.0
300285.SZ,国瓷材料,20200228,国瓷材料：业绩符合预期，2020年MLCC粉下游景气度提升,点评,一般报告,招商证券,"周铮,钟浩,段一帆",2021Q4,313500.0,,87100.0,74000.0,0.77,34.1,,14.9,7.0,强烈推荐,,
300285.SZ,国瓷材料,20200228,国瓷材料：业绩符合预期，2020年MLCC粉下游景气度提升,点评,一般报告,招商证券,"周铮,钟浩,段一帆",2020Q4,265800.0,,72600.0,61700.0,0.64,40.8,,14.5,8.2,强烈推荐,,
300285.SZ,国瓷材料,20200228,国瓷材料：业绩符合预期，2020年MLCC粉下游景气度提升,点评,一般报告,招商证券,"周铮,钟浩,段一帆",2019Q4,224000.0,,59800.0,50900.0,0.53,49.6,,13.9,9.7,强烈推荐,,
300271.SZ,华宇软件,20200228,华宇软件：业绩符合预期，法律科技龙头积极布局信创业务,点评,一般报告,东北证券,"安永平,邵珠印,赵伟博,朴虹睿",2021Q4,808700.0,,104500.0,98600.0,1.22,25.49,0.29,15.14,,买入,,37.26
300271.SZ,华宇软件,20200228,华宇软件：业绩符合预期，法律科技龙头积极布局信创业务,点评,一般报告,东北证券,"安永平,邵珠印,赵伟博,朴虹睿",2020Q4,600700.0,,86600.0,81700.0,1.01,30.77,0.26,14.59,,买入,,37.26
300271.SZ,华宇软件,20200228,华宇软件：业绩符合预期，法律科技龙头积极布局信创业务,点评,一般报告,东北证券,"安永平,邵珠印,赵伟博,朴虹睿",2019Q4,351000.0,,61500.0,58000.0,0.72,43.31,0.23,11.97,,买入,,37.26
300750.SZ,宁德时代,20200228,宁德时代2019年业绩快报点评：业绩快报符合预期，定增扩产龙头稳固,点评,一般报告,中信证券,"宋韶灵,陈俊斌",2021Q4,6810000.0,,,733000.0,3.319,45.0,,14.7,,买入,,
002812.SZ,恩捷股份,20200228,恩捷股份：业绩快报符合预期，捷力收购有望完成，全球龙头再上层楼,点评,一般报告,中金,"曾韬,赵宇辰,刘俊",2021Q4,552700.0,,208900.0,162700.0,2.02,30.5,1.1,26.9,17.3,跑赢行业,,77.0
002812.SZ,恩捷股份,20200228,恩捷股份：业绩快报符合预期，捷力收购有望完成，全球龙头再上层楼,点评,一般报告,中金,"曾韬,赵宇辰,刘俊",2020Q4,422200.0,,158500.0,125000.0,1.55,39.6,0.9,25.1,22.8,跑赢行业,,77.0
002727.SZ,一心堂,20200228,一心堂2019年业绩快报点评：业绩持续企稳，疫情后期待重新起航,点评,一般报告,光大证券,"林小伟,宋硕",2021Q4,1333200.0,,96400.0,79000.0,1.39,16.0,,13.35,13.0,增持,,
300750.SZ,宁德时代,20200228,宁德时代2019年业绩快报点评：业绩快报符合预期，定增扩产龙头稳固,点评,一般报告,中信证券,"宋韶灵,陈俊斌",2020Q4,5320000.0,,,588000.0,2.663,56.0,,13.7,,买入,,
002727.SZ,一心堂,20200228,一心堂2019年业绩快报点评：业绩持续企稳，疫情后期待重新起航,点评,一般报告,光大证券,"林小伟,宋硕",2020Q4,1169400.0,,81900.0,67200.0,1.18,19.0,,12.78,15.0,增持,,
002727.SZ,一心堂,20200228,一心堂2019年业绩快报点评：业绩持续企稳，疫情后期待重新起航,点评,一般报告,光大证券,"林小伟,宋硕",2019Q4,1046700.0,,72400.0,59400.0,1.05,21.0,,12.65,18.0,增持,,
002475.SZ,立讯精密,20200228,立讯精密：持续超预期，看好今年继续高增长,点评,一般报告,天风证券,"潘暕,俞文静",2021Q4,12016202.0,,1188512.0,991568.0,1.85,25.22,,27.38,20.2,买入,,
002475.SZ,立讯精密,20200228,立讯精密：持续超预期，看好今年继续高增长,点评,一般报告,天风证券,"潘暕,俞文静",2020Q4,9066779.0,,862932.0,718074.0,1.34,34.83,,26.35,26.8,买入,,
002812.SZ,恩捷股份,20200228,恩捷股份：业绩快报符合预期，捷力收购有望完成，全球龙头再上层楼,点评,一般报告,中金,"曾韬,赵宇辰,刘俊",2019Q4,303700.0,,107600.0,85000.0,1.06,58.3,0.6,20.4,32.3,跑赢行业,,77.0
002475.SZ,立讯精密,20200228,立讯精密：持续超预期，看好今年继续高增长,点评,一般报告,天风证券,"潘暕,俞文静",2019Q4,6237894.0,,570225.0,475135.0,0.89,52.64,,22.85,40.77,买入,,
002081.SZ,金螳螂,20200228,金螳螂：4Q19业绩环比加速，2020全年前景向好,点评,一般报告,中金,"詹奥博,孔舒",2021Q4,4454200.0,,379900.0,317500.0,1.18,7.4,4.8,18.0,5.4,跑赢行业,,12.6
002727.SZ,一心堂,20200228,一心堂2019年业绩快报点评：业绩环比企稳回升，疫情期间销售趋势向好,点评,一般报告,中信证券,"陈竹,田加强",2019Q4,1047900.0,,79300.0,60400.0,1.06,21.0,,13.69,,买入,,29.5
002643.SZ,万润股份,20200228,万润股份：业绩符合预期，计提MP公司商誉减值,点评,一般报告,安信证券,张汪强,2021Q4,387740.0,,89610.0,74100.0,0.82,22.0,1.6,13.3,13.5,买入,,20.0
002643.SZ,万润股份,20200228,万润股份：业绩符合预期，计提MP公司商誉减值,点评,一般报告,安信证券,张汪强,2020Q4,328600.0,,75170.0,62160.0,0.68,26.2,1.4,12.2,16.0,买入,,20.0
002001.SZ,新和成,20200228,新和成：公司业绩符合预期，看好公司成长性,点评,一般报告,国金证券,蒲强,2019Q4,760600.0,362100.0,261400.0,221700.0,1.032,22.68,,12.9,,增持,30.68,30.68
002507.SZ,涪陵榨菜,20200228,涪陵榨菜：加速清理渠道库存，下沉市场费用投放力度加大,点评,一般报告,中金,"吕若晨,王亦沁",2021Q4,255100.0,,92000.0,78100.0,0.99,28.4,1.1,21.3,22.6,跑赢行业,,30.5
300750.SZ,宁德时代,20200228,宁德时代：业绩快报基本符合预期，推动行业技术迭代受益全球需求高增,点评,一般报告,中金,"曾韬,赵宇辰,刘俊",2021Q4,7281200.0,,1004100.0,783800.0,3.55,42.1,0.2,16.9,21.3,跑赢行业,,180.0
002081.SZ,金螳螂,20200228,金螳螂：4Q19业绩环比加速，2020全年前景向好,点评,一般报告,中金,"詹奥博,孔舒",2020Q4,3712300.0,,322800.0,269800.0,1.0,8.7,4.0,17.1,6.3,跑赢行业,,12.6
002081.SZ,金螳螂,20200228,金螳螂：4Q19业绩环比加速，2020全年前景向好,点评,一般报告,中金,"詹奥博,孔舒",2019Q4,3085400.0,,268800.0,237300.0,0.89,9.9,3.0,16.9,7.4,跑赢行业,,12.6
300662.SZ,科锐国际,20200228,科锐国际：灵活用工高增，20年景气度有望延续,点评,一般报告,华泰证券,"林寰宇,孙丹阳",2021Q4,689200.0,,35902.0,22916.0,1.26,30.27,,18.11,18.27,增持,49.28,47.31
300662.SZ,科锐国际,20200228,科锐国际：灵活用工高增，20年景气度有望延续,点评,一般报告,华泰证券,"林寰宇,孙丹阳",2020Q4,502200.0,,28698.0,17965.0,0.99,38.62,,17.14,23.15,增持,49.28,47.31
300662.SZ,科锐国际,20200228,科锐国际：灵活用工高增，20年景气度有望延续,点评,一般报告,华泰证券,"林寰宇,孙丹阳",2019Q4,358600.0,,23491.0,15004.0,0.82,46.24,,17.07,29.41,增持,49.28,47.31
688111.SH,金山办公,20200228,金山办公：19Q4扣非超预期，远程办公加速用户习惯培养,,一般报告,招商证券,刘玉萍,2021Q4,330000.0,,115900.0,110600.0,2.4,97.6,,31.4,92.9,无,,
688111.SH,金山办公,20200228,金山办公：19Q4扣非超预期，远程办公加速用户习惯培养,,一般报告,招商证券,刘玉萍,2020Q4,240400.0,,71500.0,68500.0,1.49,157.7,,26.1,150.4,无,,
688111.SH,金山办公,20200228,金山办公：19Q4扣非超预期，远程办公加速用户习惯培养,,一般报告,招商证券,刘玉萍,2019Q4,157900.0,,41800.0,40300.0,0.87,268.3,,19.6,257.3,无,,
002507.SZ,涪陵榨菜,20200228,涪陵榨菜2019年业绩快报点评：轻装上阵再出发,点评,一般报告,光大证券,"叶倩瑜,张喆,陈彦彤",2019Q4,199000.0,,71200.0,60500.0,0.77,37.0,0.8,21.07,28.9,增持,,
002475.SZ,立讯精密,20200228,立讯精密：Air_Pods需求上调，带动2019年业绩大超预期,点评,一般报告,兴业证券,"廖伟吉,谢恒",2021Q4,12262000.0,,1088200.0,908700.0,1.7,27.5,,25.1,,买入,,
002475.SZ,立讯精密,20200228,立讯精密：Air_Pods需求上调，带动2019年业绩大超预期,点评,一般报告,兴业证券,"廖伟吉,谢恒",2020Q4,9504700.0,,846800.0,707100.0,1.32,35.4,,26.1,,买入,,
002507.SZ,涪陵榨菜,20200228,涪陵榨菜2019年业绩快报点评：轻装上阵再出发,点评,一般报告,光大证券,"叶倩瑜,张喆,陈彦彤",2021Q4,256900.0,,96900.0,82400.0,1.04,27.0,1.1,20.56,20.6,增持,,
002507.SZ,涪陵榨菜,20200228,涪陵榨菜2019年业绩快报点评：轻装上阵再出发,点评,一般报告,光大证券,"叶倩瑜,张喆,陈彦彤",2020Q4,223700.0,,83100.0,70700.0,0.9,31.0,1.0,20.81,24.2,增持,,
002475.SZ,立讯精密,20200228,立讯精密：Air_Pods需求上调，带动2019年业绩大超预期,点评,一般报告,兴业证券,"廖伟吉,谢恒",2019Q4,6238000.0,,578400.0,472100.0,0.88,53.0,,23.6,,买入,,
688029.SH,南微医学,20200228,南微医学：快报业绩超预期，新冠冲击正在逐步恢复,,一般报告,国金证券,袁维,2020Q4,171000.0,116300.0,50400.0,41500.0,3.111,51.63,,15.92,,买入,,
300653.SZ,正海生物,20200228,正海生物：2019Q4增速回升，全年业绩稳健无虞,点评,一般报告,平安证券,"韩盟盟,叶寅",2021Q4,39300.0,,18600.0,16000.0,2.0,40.0,,19.3,32.6,推荐,,
300653.SZ,正海生物,20200228,正海生物：2019Q4增速回升，全年业绩稳健无虞,点评,一般报告,平安证券,"韩盟盟,叶寅",2020Q4,32500.0,,15300.0,13100.0,1.64,48.6,,18.9,39.9,推荐,,
300653.SZ,正海生物,20200228,正海生物：2019Q4增速回升，全年业绩稳健无虞,点评,一般报告,平安证券,"韩盟盟,叶寅",2019Q4,26400.0,,12400.0,10500.0,1.32,60.5,,18.0,50.1,推荐,,
002938.SZ,鹏鼎控股,20200228,鹏鼎控股：营收稳定增长，5G赋能业绩增长,点评,一般报告,东北证券,"张世杰,程雅琪",2021Q4,4087300.0,,582000.0,483200.0,2.09,22.43,0.0,16.44,,买入,,57.0
002938.SZ,鹏鼎控股,20200228,鹏鼎控股：营收稳定增长，5G赋能业绩增长,点评,一般报告,东北证券,"张世杰,程雅琪",2020Q4,3268300.0,,459000.0,381600.0,1.65,28.4,0.0,15.54,,买入,,57.0
002938.SZ,鹏鼎控股,20200228,鹏鼎控股：营收稳定增长，5G赋能业绩增长,点评,一般报告,东北证券,"张世杰,程雅琪",2019Q4,2663200.0,,343500.0,285400.0,1.23,37.97,0.0,13.76,,买入,,57.0
002241.SZ,歌尔股份,20200228,歌尔股份：业绩略超预期，TWS、智能穿戴推动业绩增长,点评,一般报告,东北证券,"张世杰,杨一飞",2021Q4,6121400.0,,296800.0,257600.0,0.79,31.39,0.0,12.22,,买入,,27.65
002241.SZ,歌尔股份,20200228,歌尔股份：业绩略超预期，TWS、智能穿戴推动业绩增长,点评,一般报告,东北证券,"张世杰,杨一飞",2020Q4,4765100.0,,217700.0,188700.0,0.58,42.85,0.0,10.2,,买入,,27.65
002241.SZ,歌尔股份,20200228,歌尔股份：业绩略超预期，TWS、智能穿戴推动业绩增长,点评,一般报告,东北证券,"张世杰,杨一飞",2019Q4,3516100.0,,150800.0,130700.0,0.4,61.87,0.0,7.86,,买入,,27.65
002027.SZ,分众传媒,20200228,分众传媒：19Q4收入利润降幅持续收窄，关注复工后投放需求反弹,点评,一般报告,方正证券,"杨仁文,姚蕾",2019Q4,1213600.0,,234800.0,187500.0,0.13,,,13.76,,无,,
688029.SH,南微医学,20200228,南微医学：快报业绩超预期，新冠冲击正在逐步恢复,,一般报告,国金证券,袁维,2021Q4,224000.0,155300.0,65500.0,53900.0,4.045,39.7,,18.42,,买入,,
688029.SH,南微医学,20200228,南微医学：快报业绩超预期，新冠冲击正在逐步恢复,,一般报告,国金证券,袁维,2019Q4,128800.0,84800.0,36600.0,30000.0,2.253,71.27,,12.75,,买入,,
600183.SH,生益科技,20200228,生益科技：拟分拆生益电子至科创板上市，PCB业务潜能将进一步释放,一般,一般报告,招商证券,"鄢凡,张益敏",2021Q4,2011600.0,,327400.0,260700.0,1.14,27.1,,25.7,0.12,强烈推荐,,36.0
600183.SH,生益科技,20200228,生益科技：拟分拆生益电子至科创板上市，PCB业务潜能将进一步释放,一般,一般报告,招商证券,"鄢凡,张益敏",2020Q4,1645500.0,,251300.0,200100.0,0.88,35.2,,23.4,0.14,强烈推荐,,36.0
600183.SH,生益科技,20200228,生益科技：拟分拆生益电子至科创板上市，PCB业务潜能将进一步释放,一般,一般报告,招商证券,"鄢凡,张益敏",2019Q4,1324100.0,,182900.0,145900.0,0.64,48.4,,20.0,0.17,强烈推荐,,36.0
300115.SZ,长盈精密,20200228,长盈精密：金属巨头焕发新春，多产品布局弹性大,点评,首份报告,民生证券,王芳,2021Q4,1480000.0,,36800.0,94000.0,1.03,25.0,0.0,15.4,10.7,推荐,,
300115.SZ,长盈精密,20200228,长盈精密：金属巨头焕发新春，多产品布局弹性大,点评,首份报告,民生证券,王芳,2020Q4,1100000.0,,28600.0,69700.0,0.77,33.6,0.0,13.5,13.4,推荐,,
300115.SZ,长盈精密,20200228,长盈精密：金属巨头焕发新春，多产品布局弹性大,点评,首份报告,民生证券,王芳,2019Q4,930000.0,,3700.0,8200.0,0.09,285.7,0.0,1.8,18.6,推荐,,
002600.SZ,领益智造,20200228,领益智造：20年轻装上阵，实现行业横向扩张,点评,一般报告,天风证券,"潘暕,许俊峰",2020Q4,2812492.0,,308292.0,278830.0,0.41,30.41,,14.6,22.89,买入,,
002600.SZ,领益智造,20200228,领益智造：20年轻装上阵，实现行业横向扩张,点评,一般报告,天风证券,"潘暕,许俊峰",2019Q4,2381533.0,,210753.0,191238.0,0.28,44.34,,11.56,31.82,买入,,
002600.SZ,领益智造,20200228,领益智造：20年轻装上阵，实现行业横向扩张,点评,一般报告,天风证券,"潘暕,许俊峰",2021Q4,3161522.0,,371596.0,333709.0,0.49,25.41,,15.13,18.29,买入,,
002233.SZ,塔牌集团,20200228,塔牌集团：19Q4量价齐升，赶工潮有望再现,点评,一般报告,华泰证券,"方晏荷,鲍荣富,张雪蓉",2019Q4,690700.0,,230800.0,173400.0,1.45,8.13,,17.45,3.97,增持,14.61,12.99
002081.SZ,金螳螂,20200228,金螳螂：营收高增长，盈利能力有望进入上行期,点评,一般报告,华泰证券,"鲍荣富,王涛,方晏荷,王雯",2021Q4,4157200.0,,368900.0,313600.0,1.17,7.52,,14.88,5.42,买入,12.75,11.73
002035.SZ,华帝股份,20200228,"华帝股份：Q4收入正增长,多渠道拥抱新零售",点评,一般报告,华泰证券,"林寰宇,王森泉",2021Q4,862900.0,,129100.0,108100.0,1.24,10.02,,23.8,7.12,买入,17.16,15.08
002035.SZ,华帝股份,20200228,"华帝股份：Q4收入正增长,多渠道拥抱新零售",点评,一般报告,华泰证券,"林寰宇,王森泉",2020Q4,742700.0,,108000.0,90177.0,1.04,12.01,,23.5,8.42,买入,17.16,15.08
002035.SZ,华帝股份,20200228,"华帝股份：Q4收入正增长,多渠道拥抱新零售",点评,一般报告,华泰证券,"林寰宇,王森泉",2019Q4,643600.0,,90541.0,75553.0,0.87,14.34,,23.09,10.09,买入,17.16,15.08
300433.SZ,蓝思科技,20200228,蓝思科技：四季度业绩达预告上限，优异良效率及盈利延续,点评,一般报告,招商证券,"鄢凡,王淑姬",2021Q4,4047400.0,,481100.0,400100.0,0.91,22.1,,15.7,12.3,强烈推荐,,25.0
300567.SZ,精测电子,20200228,精测电子：业绩符合预期，期待半导体业务获更大突破,点评,一般报告,国金证券,"王华君,樊志远,丁健",2021Q4,342900.0,152700.0,59100.0,51000.0,2.079,30.43,,25.61,,增持,73.75,73.75
300567.SZ,精测电子,20200228,精测电子：业绩符合预期，期待半导体业务获更大突破,点评,一般报告,国金证券,"王华君,樊志远,丁健",2020Q4,270900.0,119600.0,46600.0,40000.0,1.629,38.83,,23.72,,增持,73.75,73.75
300567.SZ,精测电子,20200228,精测电子：业绩符合预期，期待半导体业务获更大突破,点评,一般报告,国金证券,"王华君,樊志远,丁健",2019Q4,203800.0,85300.0,31000.0,26300.0,1.072,58.98,,14.84,,增持,73.75,73.75
300454.SZ,深信服,20200228,深信服：持续超预期的背后，而估值应以PS看更为合理,点评,一般报告,天风证券,"沈海兵,缪欣君,容志能",2021Q4,867999.0,,125503.0,112953.0,2.76,70.75,,18.05,130.96,增持,,
300454.SZ,深信服,20200228,深信服：持续超预期的背后，而估值应以PS看更为合理,点评,一般报告,天风证券,"沈海兵,缪欣君,容志能",2020Q4,624460.0,,102527.0,92274.0,2.26,86.6,,17.77,139.31,增持,,
300454.SZ,深信服,20200228,深信服：持续超预期的背后，而估值应以PS看更为合理,点评,一般报告,天风证券,"沈海兵,缪欣君,容志能",2019Q4,459162.0,,84176.0,75759.0,1.85,105.48,,17.57,148.14,增持,,
002600.SZ,领益智造,20200228,领益智造：领益科技持续优秀，新一轮成长在即,点评,一般报告,民生证券,王芳,2021Q4,4500000.0,,513100.0,402300.0,0.59,21.1,0.0,21.0,9.5,推荐,,
002600.SZ,领益智造,20200228,领益智造：领益科技持续优秀，新一轮成长在即,点评,一般报告,民生证券,王芳,2020Q4,3700000.0,,395200.0,308600.0,0.45,27.5,0.0,20.4,12.5,推荐,,
002600.SZ,领益智造,20200228,领益智造：领益科技持续优秀，新一轮成长在即,点评,一般报告,民生证券,王芳,2019Q4,2381500.0,,281400.0,191200.0,0.28,44.4,0.0,18.4,18.3,推荐,,
002233.SZ,塔牌集团,20200228,塔牌集团：19Q4量价齐升，赶工潮有望再现,点评,一般报告,华泰证券,"方晏荷,鲍荣富,张雪蓉",2021Q4,793400.0,,267000.0,200600.0,1.68,7.03,,14.31,3.4,增持,14.61,12.99
002233.SZ,塔牌集团,20200228,塔牌集团：19Q4量价齐升，赶工潮有望再现,点评,一般报告,华泰证券,"方晏荷,鲍荣富,张雪蓉",2020Q4,765500.0,,257600.0,193600.0,1.62,7.29,,16.2,3.55,增持,14.61,12.99
002081.SZ,金螳螂,20200228,金螳螂：营收高增长，盈利能力有望进入上行期,点评,一般报告,华泰证券,"鲍荣富,王涛,方晏荷,王雯",2020Q4,3615400.0,,321000.0,272800.0,1.02,8.64,,15.21,6.17,买入,12.75,11.73
002081.SZ,金螳螂,20200228,金螳螂：营收高增长，盈利能力有望进入上行期,点评,一般报告,华泰证券,"鲍荣富,王涛,方晏荷,王雯",2019Q4,3085400.0,,268700.0,237300.0,0.88,9.93,,15.6,7.29,买入,12.75,11.73
300433.SZ,蓝思科技,20200228,蓝思科技：四季度业绩达预告上限，优异良效率及盈利延续,点评,一般报告,招商证券,"鄢凡,王淑姬",2020Q4,3518300.0,,396200.0,330200.0,0.75,26.8,,13.5,14.0,强烈推荐,,25.0
300433.SZ,蓝思科技,20200228,蓝思科技：四季度业绩达预告上限，优异良效率及盈利延续,点评,一般报告,招商证券,"鄢凡,王淑姬",2019Q4,3031400.0,,300700.0,260500.0,0.61,32.9,,11.6,16.4,强烈推荐,,25.0
300760.SZ,迈瑞医疗,20200228,迈瑞医疗：快报符合预期，公司在抗疫进程中贡献突出,点评,一般报告,国金证券,袁维,2021Q4,2484400.0,1723700.0,802800.0,704500.0,5.795,31.39,,25.08,,买入,,
002920.SZ,德赛西威,20200228,德赛西威2019年业绩快报点评：业绩超市场预期，智能产品升级加速,点评,一般报告,中信证券,"陈俊斌,杨泽原,尹欣驰",2021Q4,621699.0,,,52447.0,0.95,46.0,,10.8,,买入,,
002920.SZ,德赛西威,20200228,德赛西威2019年业绩快报点评：业绩超市场预期，智能产品升级加速,点评,一般报告,中信证券,"陈俊斌,杨泽原,尹欣驰",2020Q4,548785.0,,,37144.0,0.68,64.0,,8.39,,买入,,
300760.SZ,迈瑞医疗,20200228,迈瑞医疗：快报符合预期，公司在抗疫进程中贡献突出,点评,一般报告,国金证券,袁维,2019Q4,1662600.0,1137600.0,533400.0,468400.0,3.853,47.21,,25.4,,买入,,
300760.SZ,迈瑞医疗,20200228,迈瑞医疗：快报符合预期，公司在抗疫进程中贡献突出,点评,一般报告,国金证券,袁维,2020Q4,2036400.0,1407100.0,656800.0,576500.0,4.742,38.36,,25.41,,买入,,
002920.SZ,德赛西威,20200228,德赛西威2019年业绩快报点评：业绩超市场预期，智能产品升级加速,点评,一般报告,中信证券,"陈俊斌,杨泽原,尹欣驰",2019Q4,534263.0,,,28929.0,0.53,83.0,,7.02,,买入,,
300760.SZ,迈瑞医疗,20200228,迈瑞医疗2019年度业绩快报点评：业绩增速稳健，龙头地位进一步巩固,点评,一般报告,民生证券,"孙建,谭紫媚",2021Q4,2392600.0,,771400.0,679500.0,5.59,43.8,0.4,23.7,29.8,推荐,,
300760.SZ,迈瑞医疗,20200228,迈瑞医疗2019年度业绩快报点评：业绩增速稳健，龙头地位进一步巩固,点评,一般报告,民生证券,"孙建,谭紫媚",2020Q4,1990900.0,,642200.0,564900.0,4.65,52.7,0.4,24.5,36.2,推荐,,
300760.SZ,迈瑞医疗,20200228,迈瑞医疗2019年度业绩快报点评：业绩增速稳健，龙头地位进一步巩固,点评,一般报告,民生证券,"孙建,谭紫媚",2019Q4,1655600.0,,532800.0,468100.0,3.85,63.7,0.4,25.1,43.7,推荐,,
300770.SZ,新媒股份,20200228,新媒股份事件点评：IPTV基石价值验证，智慧家庭场景价值有望再下一城,点评,一般报告,国海证券,朱珠,2020Q4,124200.0,,51000.0,49700.0,3.87,45.47,,15.6,,买入,,
300770.SZ,新媒股份,20200228,新媒股份事件点评：IPTV基石价值验证，智慧家庭场景价值有望再下一城,点评,一般报告,国海证券,朱珠,2019Q4,99700.0,,40600.0,38700.0,3.02,58.32,,14.8,,买入,,
002475.SZ,立讯精密,20200228,立讯精密：全年大超预期，精密龙头迈上新台阶,点评,一般报告,民生证券,王芳,2021Q4,12000000.0,,1074000.0,889900.0,1.66,28.1,0.0,24.6,12.4,推荐,,
300770.SZ,新媒股份,20200228,新媒股份事件点评：IPTV基石价值验证，智慧家庭场景价值有望再下一城,点评,一般报告,国海证券,朱珠,2021Q4,146400.0,,61500.0,60000.0,4.68,37.63,,17.1,,买入,,
002475.SZ,立讯精密,20200228,立讯精密：全年大超预期，精密龙头迈上新台阶,点评,一般报告,民生证券,王芳,2019Q4,6238000.0,,573200.0,472000.0,0.89,52.6,0.0,23.5,21.9,推荐,,
002724.SZ,海洋王,20200228,海洋王王业绩快报报点评：业绩符合预期，拟切入照明工程领域,点评,一般报告,民生证券,"王芳,胡独巍",2021Q4,218500.0,,47900.0,40800.0,0.57,14.0,0.0,14.1,7.6,推荐,,
002724.SZ,海洋王,20200228,海洋王王业绩快报报点评：业绩符合预期，拟切入照明工程领域,点评,一般报告,民生证券,"王芳,胡独巍",2020Q4,180100.0,,38100.0,32500.0,0.45,17.6,0.0,13.1,10.1,推荐,,
002463.SZ,沪电股份,20200228,沪电股份：19年业绩符合预期，盈利能力大幅改善,点评,一般报告,民生证券,"王芳,胡独巍",2021Q4,1086400.0,,230200.0,187300.0,1.09,25.6,0.0,21.6,15.1,推荐,,
002463.SZ,沪电股份,20200228,沪电股份：19年业绩符合预期，盈利能力大幅改善,点评,一般报告,民生证券,"王芳,胡独巍",2020Q4,895300.0,,191700.0,157000.0,0.91,30.5,0.0,23.1,18.8,推荐,,
002463.SZ,沪电股份,20200228,沪电股份：19年业绩符合预期，盈利能力大幅改善,点评,一般报告,民生证券,"王芳,胡独巍",2019Q4,712900.0,,150300.0,120600.0,0.7,39.8,0.0,23.1,23.0,推荐,,
002475.SZ,立讯精密,20200228,立讯精密：全年大超预期，精密龙头迈上新台阶,点评,一般报告,民生证券,王芳,2020Q4,9000000.0,,851600.0,705500.0,1.32,35.5,0.0,25.8,16.0,推荐,,
002724.SZ,海洋王,20200228,海洋王王业绩快报报点评：业绩符合预期，拟切入照明工程领域,点评,一般报告,民生证券,"王芳,胡独巍",2019Q4,149500.0,,30400.0,25800.0,0.36,22.2,0.0,12.0,13.2,推荐,,
002507.SZ,涪陵榨菜,20200228,涪陵榨菜：业绩有所承压，20年弹性可观,点评,一般报告,兴业证券,"颜言,赵国防",2020Q4,221800.0,,88000.0,75700.0,0.96,29.0,,21.7,,审慎增持,,
002507.SZ,涪陵榨菜,20200228,涪陵榨菜：业绩有所承压，20年弹性可观,点评,一般报告,兴业证券,"颜言,赵国防",2019Q4,199000.0,,70300.0,60500.0,0.77,37.0,,21.1,,审慎增持,,
002507.SZ,涪陵榨菜,20200228,涪陵榨菜19年业绩快报点评：变革之下业绩短期承压，中长期看逻辑清晰,点评,一般报告,民生证券,"于杰,徐洋",2021Q4,259200.0,,108100.0,91900.0,1.16,24.1,0.0,19.3,17.4,推荐,,
002507.SZ,涪陵榨菜,20200228,涪陵榨菜19年业绩快报点评：变革之下业绩短期承压，中长期看逻辑清晰,点评,一般报告,民生证券,"于杰,徐洋",2020Q4,225200.0,,91400.0,77700.0,0.98,28.5,0.0,20.2,21.2,推荐,,
002507.SZ,涪陵榨菜,20200228,涪陵榨菜19年业绩快报点评：变革之下业绩短期承压，中长期看逻辑清晰,点评,一般报告,民生证券,"于杰,徐洋",2019Q4,199000.0,,71300.0,60500.0,0.77,36.6,0.0,19.7,28.1,推荐,,
002214.SZ,大立科技,20200228,大立科技2019年业绩快报点评：全年业绩大幅提升，红外测温设备需求增长,点评,一般报告,民生证券,王一川,2021Q4,91500.0,,25300.0,22800.0,0.5,47.1,0.0,14.4,26.7,推荐,,
002214.SZ,大立科技,20200228,大立科技2019年业绩快报点评：全年业绩大幅提升，红外测温设备需求增长,点评,一般报告,民生证券,王一川,2019Q4,53900.0,,14900.0,13500.0,0.29,79.5,0.0,11.5,47.7,推荐,,
300474.SZ,景嘉微,20200228,景嘉微2019年业绩快报点评：全年保持高增长，雷达有望成增长点,点评,一般报告,民生证券,王一川,2020Q4,70700.0,,24100.0,23900.0,0.79,88.4,0.0,9.1,43.6,推荐,,
300474.SZ,景嘉微,20200228,景嘉微2019年业绩快报点评：全年保持高增长，雷达有望成增长点,点评,一般报告,民生证券,王一川,2019Q4,53100.0,,17800.0,17400.0,0.58,121.2,0.0,7.3,58.5,推荐,,
002507.SZ,涪陵榨菜,20200228,涪陵榨菜：业绩有所承压，20年弹性可观,点评,一般报告,兴业证券,"颜言,赵国防",2021Q4,255400.0,,111300.0,95700.0,1.21,23.0,,22.4,,审慎增持,,
002214.SZ,大立科技,20200228,大立科技2019年业绩快报点评：全年业绩大幅提升，红外测温设备需求增长,点评,一般报告,民生证券,王一川,2020Q4,70900.0,,19500.0,17600.0,0.38,60.9,0.0,13.1,36.6,推荐,,
300474.SZ,景嘉微,20200228,景嘉微2019年业绩快报点评：全年保持高增长，雷达有望成增长点,点评,一般报告,民生证券,王一川,2021Q4,95500.0,,32000.0,31700.0,1.05,66.6,0.0,10.8,32.7,推荐,,
002078.SZ,太阳纸业,20200228,太阳纸业快报点评：各纸品景气向上，公司单Q4业绩快速增长,点评,一般报告,长江证券,"鄢鹏,蔡方羿,徐皓亮,米雁翔",2021Q4,2621600.0,595900.0,364700.0,300000.0,1.16,8.23,,15.22,17.04,买入,,
002078.SZ,太阳纸业,20200228,太阳纸业快报点评：各纸品景气向上，公司单Q4业绩快速增长,点评,一般报告,长江证券,"鄢鹏,蔡方羿,徐皓亮,米雁翔",2020Q4,2279300.0,502200.0,284800.0,234400.0,0.9,10.54,,14.03,21.47,买入,,
002078.SZ,太阳纸业,20200228,太阳纸业快报点评：各纸品景气向上，公司单Q4业绩快速增长,点评,一般报告,长江证券,"鄢鹏,蔡方羿,徐皓亮,米雁翔",2019Q4,2264300.0,487000.0,265200.0,218200.0,0.84,11.69,,15.19,18.58,买入,,
002925.SZ,盈趣科技,20200228,盈趣科技快报点评：下游核心客户快速放量，公司Q4收入＆利润创单季度新高,点评,一般报告,长江证券,"鄢鹏,蔡方羿,徐皓亮,米雁翔",2021Q4,587500.0,243500.0,173000.0,152200.0,3.32,20.17,,20.0,16.64,买入,,
002925.SZ,盈趣科技,20200228,盈趣科技快报点评：下游核心客户快速放量，公司Q4收入＆利润创单季度新高,点评,一般报告,长江证券,"鄢鹏,蔡方羿,徐皓亮,米雁翔",2020Q4,472700.0,194500.0,137900.0,121300.0,2.65,25.3,,21.0,21.86,买入,,
002925.SZ,盈趣科技,20200228,盈趣科技快报点评：下游核心客户快速放量，公司Q4收入＆利润创单季度新高,点评,一般报告,长江证券,"鄢鹏,蔡方羿,徐皓亮,米雁翔",2019Q4,380700.0,155600.0,110200.0,96900.0,2.12,31.66,,21.0,28.34,买入,,
002120.SZ,韵达股份,20200228,交通运输：1月份快递业务量下滑16.4％，快递企业表现分化,非个股,一般报告,财富证券,黄红卫,2019Q4,,,,282738.381,1.27,,,,,谨慎推荐,,
002120.SZ,韵达股份,20200228,交通运输：1月份快递业务量下滑16.4％，快递企业表现分化,非个股,一般报告,财富证券,黄红卫,2020Q4,,,,345074.403,1.55,,,,,谨慎推荐,,
002034.SZ,旺能环境,20200228,旺能环境公司点评报告：投运项目增加提升业绩，低估值有望修复,点评,一般报告,中原证券,唐俊男,2021Q4,178000.0,,71100.0,60800.0,1.45,10.4,,12.2,6.4,增持,,
002034.SZ,旺能环境,20200228,旺能环境公司点评报告：投运项目增加提升业绩，低估值有望修复,点评,一般报告,中原证券,唐俊男,2020Q4,150500.0,,60900.0,52100.0,1.24,12.1,,11.7,7.1,增持,,
002034.SZ,旺能环境,20200228,旺能环境公司点评报告：投运项目增加提升业绩，低估值有望修复,点评,一般报告,中原证券,唐俊男,2019Q4,119800.0,,49000.0,41900.0,1.0,15.0,,10.6,8.5,增持,,
002317.SZ,众生药业,20200228,众生药业公司点评报告：一次性计提坏账准备，轻装前行,一般,一般报告,中原证券,李琳琳,2021Q4,306320.0,,60510.0,51590.0,0.63,22.4,1.6,10.8,16.0,买入,,
002317.SZ,众生药业,20200228,众生药业公司点评报告：一次性计提坏账准备，轻装前行,一般,一般报告,中原证券,李琳琳,2020Q4,278470.0,,56120.0,47740.0,0.59,24.2,1.5,10.7,16.6,买入,,
002317.SZ,众生药业,20200228,众生药业公司点评报告：一次性计提坏账准备，轻装前行,一般,一般报告,中原证券,李琳琳,2019Q4,253150.0,,37700.0,31940.0,0.39,36.2,1.0,7.7,23.0,买入,,
300737.SZ,科顺股份,20200228,科顺股份：收入高速增长，盈利能力提升,一般,一般报告,兴业证券,"李华丰,陈晨",2021Q4,785800.0,,77800.0,66000.0,1.08,11.88,,15.0,7.0,审慎推荐,,
300737.SZ,科顺股份,20200228,科顺股份：收入高速增长，盈利能力提升,一般,一般报告,兴业证券,"李华丰,陈晨",2020Q4,615900.0,,60800.0,51600.0,0.85,15.19,,13.5,9.0,审慎推荐,,
300737.SZ,科顺股份,20200228,科顺股份：收入高速增长，盈利能力提升,一般,一般报告,兴业证券,"李华丰,陈晨",2019Q4,465100.0,,43300.0,36700.0,0.6,21.34,,11.0,13.0,审慎推荐,,
300618.SZ,寒锐钴业,20200228,寒锐钴业：整装待发，2020量价齐升可期,点评,一般报告,长江证券,"王鹤涛,王筱茜,靳昕",2021Q4,435700.0,128600.0,90900.0,67200.0,2.5,24.49,,14.0,12.4,买入,,
300618.SZ,寒锐钴业,20200228,寒锐钴业：整装待发，2020量价齐升可期,点评,一般报告,长江证券,"王鹤涛,王筱茜,靳昕",2020Q4,320200.0,87900.0,59200.0,43800.0,1.63,37.6,,10.0,19.28,买入,,
300618.SZ,寒锐钴业,20200228,寒锐钴业：整装待发，2020量价齐升可期,点评,一般报告,长江证券,"王鹤涛,王筱茜,靳昕",2019Q4,177900.0,19500.0,1400.0,1100.0,0.04,1554.18,,1.0,117.22,买入,,
300558.SZ,贝达药业,20200228,贝达药业：埃克替尼快速增长，2020年看术后＋恩沙双增量,点评,一般报告,长江证券,"高岳,刘浩,方程嫣",2020Q4,195000.0,188000.0,36500.0,32400.0,0.81,104.09,,12.0,91.09,买入,,
300558.SZ,贝达药业,20200228,贝达药业：埃克替尼快速增长，2020年看术后＋恩沙双增量,点评,一般报告,长江证券,"高岳,刘浩,方程嫣",2019Q4,154700.0,148900.0,25700.0,22300.0,0.56,150.93,,9.0,129.8,买入,,
002191.SZ,劲嘉股份,20200228,劲嘉股份快报点评：主业稳健增长＆新业务有序推进，未来成长潜力逐步释放可期,点评,一般报告,长江证券,"鄢鹏,蔡方羿,徐皓亮,米雁翔",2021Q4,559500.0,232300.0,181900.0,132500.0,0.9,12.61,,14.0,6.58,买入,,
002191.SZ,劲嘉股份,20200228,劲嘉股份快报点评：主业稳健增长＆新业务有序推进，未来成长潜力逐步释放可期,点评,一般报告,长江证券,"鄢鹏,蔡方羿,徐皓亮,米雁翔",2019Q4,396900.0,166900.0,120300.0,87600.0,0.6,19.08,,12.0,11.68,买入,,
300558.SZ,贝达药业,20200228,贝达药业：埃克替尼快速增长，2020年看术后＋恩沙双增量,点评,一般报告,长江证券,"高岳,刘浩,方程嫣",2021Q4,255000.0,246500.0,50900.0,45100.0,1.13,74.72,,14.0,63.89,买入,,
002191.SZ,劲嘉股份,20200228,劲嘉股份快报点评：主业稳健增长＆新业务有序推进，未来成长潜力逐步释放可期,点评,一般报告,长江证券,"鄢鹏,蔡方羿,徐皓亮,米雁翔",2020Q4,474800.0,197400.0,148900.0,108500.0,0.74,15.41,,13.0,8.96,买入,,
002203.SZ,海亮股份,20200228,海亮股份：销量提升＆取消低毛利业务，业绩稳健增长,点评,首份报告,兴业证券,"邱祖学,王丽佳,苏东",2021Q4,6503900.0,,193600.0,161800.0,0.83,11.6,,13.6,,审慎增持,,
002203.SZ,海亮股份,20200228,海亮股份：销量提升＆取消低毛利业务，业绩稳健增长,点评,首份报告,兴业证券,"邱祖学,王丽佳,苏东",2020Q4,5205300.0,,154300.0,128900.0,0.66,14.6,,12.4,,审慎增持,,
002203.SZ,海亮股份,20200228,海亮股份：销量提升＆取消低毛利业务，业绩稳健增长,点评,首份报告,兴业证券,"邱祖学,王丽佳,苏东",2019Q4,4104900.0,,127100.0,106100.0,0.54,17.7,,11.6,,审慎增持,,
002001.SZ,新和成,20200228,新和成：主要产品降价等拖累业绩，新项目丰富助总资产大幅提高,点评,一般报告,兴业证券,"徐留明,邓先河",2021Q4,1386625.0,,388600.0,322847.0,1.5,17.3,,18.4,,审慎增持,,
002001.SZ,新和成,20200228,新和成：主要产品降价等拖累业绩，新项目丰富助总资产大幅提高,点评,一般报告,兴业证券,"徐留明,邓先河",2020Q4,1103779.0,,345700.0,284970.0,1.33,19.6,,18.4,,审慎增持,,
002001.SZ,新和成,20200228,新和成：主要产品降价等拖累业绩，新项目丰富助总资产大幅提高,点评,一般报告,兴业证券,"徐留明,邓先河",2019Q4,760665.0,,270700.0,221838.0,1.03,25.1,,18.4,,审慎增持,,
688299.SH,长阳科技,20200228,长阳科技：三星收入增速亮眼，新业务布局意在折叠膜？,,一般报告,华西证券,"王秀钢,李化",2020Q4,108194.0,,23793.0,20981.0,0.74,23.42,,11.54,,买入,,37.0
688299.SH,长阳科技,20200228,长阳科技：三星收入增速亮眼，新业务布局意在折叠膜？,,一般报告,华西证券,"王秀钢,李化",2019Q4,91026.0,,14926.0,13175.0,0.47,37.3,,8.19,,买入,,37.0
688299.SH,长阳科技,20200228,长阳科技：三星收入增速亮眼，新业务布局意在折叠膜？,,一般报告,华西证券,"王秀钢,李化",2021Q4,154706.0,,45406.0,40052.0,1.42,12.27,,18.05,,买入,,37.0
688268.SH,华特气体,20200228,小荷才露尖尖角，电子特气国产化迎历史性机遇——电子特气行业深度报告,非个股,一般报告,光大证券,"赵乃迪,裘孝锋",2020Q4,104095.0,,,11557.0,0.96,,,8.69,,增持,,93.09
002706.SZ,良信电器,20200228,良信电器：迎20创20目标达成，三大领域齐发力助力未来腾飞,深度,一般报告,安信证券,"邓永康,吴用,彭广春,丁肖逸",2019Q4,203800.0,,31600.0,27330.0,0.35,27.1,2.6,14.3,23.4,买入,,14.0
603444.SH,吉比特,20200228,在线娱乐景气延续，游戏板块持续受益——2020年文化娱乐行业春季投资策略,非个股,一般报告,上海证券,"滕文飞,胡纯青",2020Q4,,,,104229.226,14.5,,,,,增持,,
002409.SZ,雅克科技,20200228,小荷才露尖尖角，电子特气国产化迎历史性机遇——电子特气行业深度报告,非个股,一般报告,光大证券,"赵乃迪,裘孝锋",2021Q4,313069.0,,,42061.0,0.91,,,8.1,,增持,,53.17
300498.SZ,温氏股份,20200228,东吴证券月度策略及金股组合：春来东风舞,非个股,一般报告,东吴证券,无,2020Q4,9584100.0,,,3455100.0,6.5,,,,,买入,,
600309.SH,万华化学,20200228,周期回暖百花齐放，聚焦国产化进程加速领域—2020年基础化工行业春季投资策略,非个股,一般报告,上海证券,洪麟翔,2019Q4,6301400.0,,,1062600.0,3.38,,,,,谨慎增持,,
002624.SZ,完美世界,20200228,在线娱乐景气延续，游戏板块持续受益——2020年文化娱乐行业春季投资策略,非个股,一般报告,上海证券,"滕文飞,胡纯青",2019Q4,,,,150007.588,1.16,,,,,增持,,
600378.SH,昊华科技,20200228,小荷才露尖尖角，电子特气国产化迎历史性机遇——电子特气行业深度报告,非个股,一般报告,光大证券,"赵乃迪,裘孝锋",2021Q4,614969.0,,,71246.0,0.79,,,9.58,,增持,,25.92
002925.SZ,盈趣科技,20200228,盈趣科技：Q4业绩创历史新高，增长趋势强劲,点评,一般报告,中银国际,"杨志威,刘凯娜",2019Q4,381000.0,,109900.0,96500.0,2.105,31.8,0.9,24.3,26.2,买入,,
300133.SZ,华策影视,20200228,在线娱乐景气延续，游戏板块持续受益——2020年文化娱乐行业春季投资策略,非个股,一般报告,上海证券,"滕文飞,胡纯青",2019Q4,,,,-122897.159,-0.7,,,,,谨慎增持,,
002971.SZ,和远气体,20200228,小荷才露尖尖角，电子特气国产化迎历史性机遇——电子特气行业深度报告,非个股,一般报告,光大证券,"赵乃迪,裘孝锋",2019Q4,66870.0,,,8563.0,0.54,,,8.52,,增持,,33.04
688268.SH,华特气体,20200228,小荷才露尖尖角，电子特气国产化迎历史性机遇——电子特气行业深度报告,非个股,一般报告,光大证券,"赵乃迪,裘孝锋",2019Q4,88188.0,,,7750.0,0.65,,,6.38,,增持,,93.09
300498.SZ,温氏股份,20200228,东吴证券月度策略及金股组合：春来东风舞,非个股,一般报告,东吴证券,无,2021Q4,10961700.0,,,2862900.0,5.39,,,,,买入,,
600406.SH,国电南瑞,20200228,新型基建托底，电网投资望再发力——电网投资多行业策略,非个股,一般报告,申万宏源证券,"韩启明,王宏为,查浩,刘晓宁,张雷,史霜霜",2019Q4,,,,494547.668,1.07,,,,,无,,
002706.SZ,良信电器,20200228,良信电器：迎20创20目标达成，三大领域齐发力助力未来腾飞,深度,一般报告,安信证券,"邓永康,吴用,彭广春,丁肖逸",2021Q4,366000.0,,64190.0,55530.0,0.71,13.3,5.8,25.9,11.7,买入,,14.0
600378.SH,昊华科技,20200228,小荷才露尖尖角，电子特气国产化迎历史性机遇——电子特气行业深度报告,非个股,一般报告,光大证券,"赵乃迪,裘孝锋",2019Q4,470511.0,,,53747.0,0.6,,,8.8,,增持,,25.92
603345.SH,安井食品,20200228,食品饮料：十年复盘再现食饮行业演变特征,非个股,一般报告,国信证券,"陈梦瑶,郭尉",2019Q4,,,,37347.511,1.58,,,,,买入,,
002409.SZ,雅克科技,20200228,小荷才露尖尖角，电子特气国产化迎历史性机遇——电子特气行业深度报告,非个股,一般报告,光大证券,"赵乃迪,裘孝锋",2020Q4,240216.0,,,34489.0,0.75,,,7.23,,增持,,53.17
002971.SZ,和远气体,20200228,小荷才露尖尖角，电子特气国产化迎历史性机遇——电子特气行业深度报告,非个股,一般报告,光大证券,"赵乃迪,裘孝锋",2021Q4,90380.0,,,13736.0,0.86,,,10.94,,增持,,33.04
603444.SH,吉比特,20200228,在线娱乐景气延续，游戏板块持续受益——2020年文化娱乐行业春季投资策略,非个股,一般报告,上海证券,"滕文飞,胡纯青",2019Q4,,,,89852.781,12.5,,,,,增持,,
000876.SZ,新希望,20200228,新希望系列报告之二：千川汇海阔，风好正扬帆,一般,首份报告,招商证券,"雷轶,陈晗",2021Q4,13828000.0,,2661900.0,2423600.0,5.75,,,,,强烈推荐,,
002507.SZ,涪陵榨菜,20200228,涪陵榨菜2019快报点评：Q4收入符合预期，20年扬帆再起航,点评,一般报告,长城证券,黄瑞云,2021Q4,260490.0,,105613.0,89700.0,1.14,25.0,,21.1,17.81,推荐,,36.0
600426.SH,华鲁恒升,20200228,周期回暖百花齐放，聚焦国产化进程加速领域—2020年基础化工行业春季投资策略,非个股,一般报告,上海证券,洪麟翔,2020Q4,1591710.0,,,297319.0,1.83,,,,,增持,,
688268.SH,华特气体,20200228,小荷才露尖尖角，电子特气国产化迎历史性机遇——电子特气行业深度报告,非个股,一般报告,光大证券,"赵乃迪,裘孝锋",2021Q4,127132.0,,,13550.0,1.13,,,9.25,,增持,,93.09
002971.SZ,和远气体,20200228,小荷才露尖尖角，电子特气国产化迎历史性机遇——电子特气行业深度报告,非个股,一般报告,光大证券,"赵乃迪,裘孝锋",2020Q4,78486.0,,,11363.0,0.71,,,10.16,,增持,,33.04
300346.SZ,南大光电,20200228,小荷才露尖尖角，电子特气国产化迎历史性机遇——电子特气行业深度报告,非个股,一般报告,光大证券,"赵乃迪,裘孝锋",2020Q4,47557.0,,,10727.0,0.264,,,7.63,,增持,,45.56
300031.SZ,宝通科技,20200228,在线娱乐景气延续，游戏板块持续受益——2020年文化娱乐行业春季投资策略,非个股,一般报告,上海证券,"滕文飞,胡纯青",2020Q4,,,,46025.075,1.16,,,,,增持,,
002925.SZ,盈趣科技,20200228,盈趣科技：Q4业绩创历史新高，增长趋势强劲,点评,一般报告,中银国际,"杨志威,刘凯娜",2021Q4,601000.0,,164500.0,144000.0,3.14,21.3,1.4,25.4,17.0,买入,,
300316.SZ,晶盛机电,20200228,晶盛机电：业绩符合预期，持续受益下游集中扩产,点评,一般报告,中银国际,"陈祥,杨绍辉",2019Q4,312500.0,,70300.0,63600.0,0.482,51.6,0.5,14.7,42.7,买入,,
600426.SH,华鲁恒升,20200228,周期回暖百花齐放，聚焦国产化进程加速领域—2020年基础化工行业春季投资策略,非个股,一般报告,上海证券,洪麟翔,2019Q4,1481680.0,,,249893.0,1.54,,,,,增持,,
300346.SZ,南大光电,20200228,小荷才露尖尖角，电子特气国产化迎历史性机遇——电子特气行业深度报告,非个股,一般报告,光大证券,"赵乃迪,裘孝锋",2021Q4,70558.0,,,14562.0,0.36,,,9.39,,增持,,45.56
002001.SZ,新和成,20200228,周期回暖百花齐放，聚焦国产化进程加速领域—2020年基础化工行业春季投资策略,非个股,一般报告,上海证券,洪麟翔,2021Q4,1296010.0,,,370492.0,1.72,,,,,谨慎增持,,
000807.SZ,云铝股份,20200228,新型基建托底，电网投资望再发力——电网投资多行业策略,非个股,一般报告,申万宏源证券,"韩启明,王宏为,查浩,刘晓宁,张雷,史霜霜",2020Q4,,,,78205.164,0.25,,,,,无,,
002507.SZ,涪陵榨菜,20200228,涪陵榨菜2019快报点评：Q4收入符合预期，20年扬帆再起航,点评,一般报告,长城证券,黄瑞云,2019Q4,198959.0,,71232.0,60500.0,0.77,37.0,,21.1,27.97,推荐,,36.0
600309.SH,万华化学,20200228,周期回暖百花齐放，聚焦国产化进程加速领域—2020年基础化工行业春季投资策略,非个股,一般报告,上海证券,洪麟翔,2021Q4,8943150.0,,,1564900.0,4.98,,,,,谨慎增持,,
600452.SH,涪陵电力,20200228,新型基建托底，电网投资望再发力——电网投资多行业策略,非个股,一般报告,申万宏源证券,"韩启明,王宏为,查浩,刘晓宁,张雷,史霜霜",2021Q4,,,,60211.2,1.92,,,,,无,,
600312.SH,平高电气,20200228,新型基建托底，电网投资望再发力——电网投资多行业策略,非个股,一般报告,申万宏源证券,"韩启明,王宏为,查浩,刘晓宁,张雷,史霜霜",2020Q4,,,,69202.987,0.51,,,,,无,,
002624.SZ,完美世界,20200228,在线娱乐景气延续，游戏板块持续受益——2020年文化娱乐行业春季投资策略,非个股,一般报告,上海证券,"滕文飞,胡纯青",2020Q4,,,,250874.759,1.94,,,,,增持,,
600406.SH,国电南瑞,20200228,新型基建托底，电网投资望再发力——电网投资多行业策略,非个股,一般报告,申万宏源证券,"韩启明,王宏为,查浩,刘晓宁,张雷,史霜霜",2020Q4,,,,568498.721,1.23,,,,,无,,
600312.SH,平高电气,20200228,新型基建托底，电网投资望再发力——电网投资多行业策略,非个股,一般报告,申万宏源证券,"韩启明,王宏为,查浩,刘晓宁,张雷,史霜霜",2021Q4,,,,82772.2,0.61,,,,,无,,
300253.SZ,卫宁健康,20200228,卫宁健康公司2019年业绩快报点评：业绩符合预期，可转债助力公司加码互联网医疗,点评,一般报告,长城证券,"周伟佳,李雪薇",2020Q4,249183.0,,52482.0,49100.0,0.3,85.09,,12.2,69.48,强烈推荐,,
603345.SH,安井食品,20200228,食品饮料：十年复盘再现食饮行业演变特征,非个股,一般报告,国信证券,"陈梦瑶,郭尉",2020Q4,,,,40420.407,1.71,,,,,买入,,
300253.SZ,卫宁健康,20200228,卫宁健康公司2019年业绩快报点评：业绩符合预期，可转债助力公司加码互联网医疗,点评,一般报告,长城证券,"周伟佳,李雪薇",2021Q4,322658.0,,65252.0,61700.0,0.38,67.69,,13.5,54.48,强烈推荐,,
002507.SZ,涪陵榨菜,20200228,涪陵榨菜2019快报点评：Q4收入符合预期，20年扬帆再起航,点评,一般报告,长城证券,黄瑞云,2020Q4,229093.0,,90127.0,76600.0,0.97,29.0,,21.9,21.77,推荐,,36.0
002643.SZ,万润股份,20200228,万润股份：2019业绩同比增长13.8％，沸石及OLED材料齐发展,点评,一般报告,太平洋证券,"柳强,翟绪丽",2021Q4,393300.0,,84300.0,74500.0,0.82,21.9,,11.8,15.5,买入,,22.1
600378.SH,昊华科技,20200228,小荷才露尖尖角，电子特气国产化迎历史性机遇——电子特气行业深度报告,非个股,一般报告,光大证券,"赵乃迪,裘孝锋",2020Q4,536332.0,,,62260.0,0.69,,,9.26,,增持,,25.92
600312.SH,平高电气,20200228,新型基建托底，电网投资望再发力——电网投资多行业策略,非个股,一般报告,申万宏源证券,"韩启明,王宏为,查浩,刘晓宁,张雷,史霜霜",2019Q4,,,,51563.01,0.38,,,,,无,,
002706.SZ,良信电器,20200228,良信电器：迎20创20目标达成，三大领域齐发力助力未来腾飞,深度,一般报告,安信证券,"邓永康,吴用,彭广春,丁肖逸",2020Q4,281000.0,,45180.0,39080.0,0.5,19.0,3.9,19.4,15.5,买入,,14.0
002001.SZ,新和成,20200228,周期回暖百花齐放，聚焦国产化进程加速领域—2020年基础化工行业春季投资策略,非个股,一般报告,上海证券,洪麟翔,2019Q4,760665.0,,,221840.0,1.03,,,,,谨慎增持,,
300133.SZ,华策影视,20200228,在线娱乐景气延续，游戏板块持续受益——2020年文化娱乐行业春季投资策略,非个股,一般报告,上海证券,"滕文飞,胡纯青",2020Q4,,,,43891.843,0.25,,,,,谨慎增持,,
300253.SZ,卫宁健康,20200228,卫宁健康公司2019年业绩快报点评：业绩符合预期，可转债助力公司加码互联网医疗,点评,一般报告,长城证券,"周伟佳,李雪薇",2019Q4,190726.0,,40764.0,39900.0,0.25,104.66,,11.1,91.83,强烈推荐,,
300498.SZ,温氏股份,20200228,东吴证券月度策略及金股组合：春来东风舞,非个股,一般报告,东吴证券,无,2019Q4,7322800.0,,,1390600.0,2.62,,,,,买入,,
002643.SZ,万润股份,20200228,万润股份：2019业绩同比增长13.8％，沸石及OLED材料齐发展,点评,一般报告,太平洋证券,"柳强,翟绪丽",2019Q4,287000.0,,57200.0,50600.0,0.56,32.2,,10.2,20.5,买入,,22.1
300316.SZ,晶盛机电,20200228,晶盛机电：业绩符合预期，持续受益下游集中扩产,点评,一般报告,中银国际,"陈祥,杨绍辉",2020Q4,437200.0,,112700.0,102700.0,0.806,30.8,0.8,20.8,25.6,买入,,
000876.SZ,新希望,20200228,新希望系列报告之二：千川汇海阔，风好正扬帆,一般,首份报告,招商证券,"雷轶,陈晗",2019Q4,7869400.0,,654700.0,500700.0,1.19,,,,,强烈推荐,,
000807.SZ,云铝股份,20200228,新型基建托底，电网投资望再发力——电网投资多行业策略,非个股,一般报告,申万宏源证券,"韩启明,王宏为,查浩,刘晓宁,张雷,史霜霜",2019Q4,,,,50051.305,0.16,,,,,无,,
300346.SZ,南大光电,20200228,小荷才露尖尖角，电子特气国产化迎历史性机遇——电子特气行业深度报告,非个股,一般报告,光大证券,"赵乃迪,裘孝锋",2019Q4,31403.0,,,5311.0,0.13,,,4.09,,增持,,45.56
300031.SZ,宝通科技,20200228,在线娱乐景气延续，游戏板块持续受益——2020年文化娱乐行业春季投资策略,非个股,一般报告,上海证券,"滕文飞,胡纯青",2019Q4,,,,31741.431,0.8,,,,,增持,,
002643.SZ,万润股份,20200228,万润股份：2019业绩同比增长13.8％，沸石及OLED材料齐发展,点评,一般报告,太平洋证券,"柳强,翟绪丽",2020Q4,329600.0,,68400.0,60500.0,0.67,26.9,,10.9,18.2,买入,,22.1
002409.SZ,雅克科技,20200228,小荷才露尖尖角，电子特气国产化迎历史性机遇——电子特气行业深度报告,非个股,一般报告,光大证券,"赵乃迪,裘孝锋",2019Q4,183392.0,,,25290.0,0.55,,,5.71,,增持,,53.17
600452.SH,涪陵电力,20200228,新型基建托底，电网投资望再发力——电网投资多行业策略,非个股,一般报告,申万宏源证券,"韩启明,王宏为,查浩,刘晓宁,张雷,史霜霜",2020Q4,,,,48921.6,1.56,,,,,无,,
600452.SH,涪陵电力,20200228,新型基建托底，电网投资望再发力——电网投资多行业策略,非个股,一般报告,申万宏源证券,"韩启明,王宏为,查浩,刘晓宁,张雷,史霜霜",2019Q4,,,,40140.8,1.28,,,,,无,,
600309.SH,万华化学,20200228,周期回暖百花齐放，聚焦国产化进程加速领域—2020年基础化工行业春季投资策略,非个股,一般报告,上海证券,洪麟翔,2020Q4,7228060.0,,,1216550.0,3.87,,,,,谨慎增持,,
300316.SZ,晶盛机电,20200228,晶盛机电：业绩符合预期，持续受益下游集中扩产,点评,一般报告,中银国际,"陈祥,杨绍辉",2021Q4,559800.0,,148000.0,138000.0,1.074,23.1,1.0,23.5,18.7,买入,,
000876.SZ,新希望,20200228,新希望系列报告之二：千川汇海阔，风好正扬帆,一般,首份报告,招商证券,"雷轶,陈晗",2020Q4,10888400.0,,1735200.0,1548700.0,3.67,,,,,强烈推荐,,
000807.SZ,云铝股份,20200228,新型基建托底，电网投资望再发力——电网投资多行业策略,非个股,一般报告,申万宏源证券,"韩启明,王宏为,查浩,刘晓宁,张雷,史霜霜",2021Q4,,,,115743.643,0.37,,,,,无,,
002001.SZ,新和成,20200228,周期回暖百花齐放，聚焦国产化进程加速领域—2020年基础化工行业春季投资策略,非个股,一般报告,上海证券,洪麟翔,2020Q4,1056120.0,,,301384.0,1.4,,,,,谨慎增持,,
002925.SZ,盈趣科技,20200228,盈趣科技：Q4业绩创历史新高，增长趋势强劲,点评,一般报告,中银国际,"杨志威,刘凯娜",2020Q4,492300.0,,136600.0,119700.0,2.611,25.7,1.2,25.6,20.3,买入,,
600426.SH,华鲁恒升,20200228,周期回暖百花齐放，聚焦国产化进程加速领域—2020年基础化工行业春季投资策略,非个股,一般报告,上海证券,洪麟翔,2021Q4,1692660.0,,,331273.0,2.03,,,,,增持,,
600600.SH,青岛啤酒,20200228,青岛啤酒：百年青啤，高品质叠加渠道深耕助力高端化蜕变,深度,首次关注,川财证券,"欧阳宇剑,郭晓东",2020Q4,2924883.0,,309930.0,209764.0,1.55,27.5,,10.4,,增持,,
300409.SZ,道氏技术,20200228,道氏技术：定增加码新能源材料，盈利拐点来临,点评,一般报告,中泰证券,"苏晨,邹玲玲",2020Q4,415482.0,,32740.0,25060.0,0.54,,1.2,9.51,13.8,增持,,
002191.SZ,劲嘉股份,20200228,劲嘉股份：烟标主业稳健增长，彩盒持续放量,点评,一般报告,东北证券,唐凯,2019Q4,398900.0,,115000.0,87500.0,0.6,17.82,4.77,13.24,,买入,,12.92
000656.SZ,金科股份,20200228,金科股份首次覆盖报告：异地扩张势破竹，美好生活战略起,一般,首次关注,中达证券,"申思聪,蔡鸿飞,诸葛莲昕",2020Q4,7368600.0,2239300.0,1037700.0,689400.0,1.29,5.83,,24.0,,买入,,
600600.SH,青岛啤酒,20200228,青岛啤酒：百年青啤，高品质叠加渠道深耕助力高端化蜕变,深度,首次关注,川财证券,"欧阳宇剑,郭晓东",2021Q4,3110775.0,,366910.0,248245.0,1.84,23.24,,11.5,,增持,,
002475.SZ,立讯精密,20200228,Luxshare：Strong_2019_finish；Well－positioned_in_5G_cycle,点评,一般报告,招银国际,"伍力恒,张淳鑫",2020Q4,9275900.0,1953600.0,861300.0,707400.0,1.32,,0.2,25.3,,BUY,,55.4
600507.SH,方大特钢,20200228,方大特钢：四季度业绩有所改善，成本管控优势助力中长期经营,点评,首份报告,太平洋证券,王介超,2022Q4,1520200.0,,205600.0,152400.0,1.05,8.2,,13.6,1.4,买入,,
002475.SZ,立讯精密,20200228,Luxshare：Strong_2019_finish；Well－positioned_in_5G_cycle,点评,一般报告,招银国际,"伍力恒,张淳鑫",2021Q4,11337500.0,2402300.0,1082200.0,891100.0,1.66,,0.3,24.6,,BUY,,55.4
000001.SZ,平安银行,20200228,平安银行：零售主干与对公侧翼的华丽交响,深度,一般报告,安信证券,"张宇,刘源,李双",2022Q4,17987100.0,,,4339900.0,2.24,6.7,,11.69,,买入,,19.25
600507.SH,方大特钢,20200228,方大特钢：四季度业绩有所改善，成本管控优势助力中长期经营,点评,首份报告,太平洋证券,王介超,2020Q4,1477300.0,,220700.0,164400.0,1.14,7.6,,20.1,2.9,买入,,
300409.SZ,道氏技术,20200228,道氏技术：定增加码新能源材料，盈利拐点来临,点评,一般报告,中泰证券,"苏晨,邹玲玲",2019Q4,299852.0,,2730.0,2010.0,0.0437,,0.1,0.89,41.2,增持,,
000001.SZ,平安银行,20200228,平安银行：零售主干与对公侧翼的华丽交响,深度,一般报告,安信证券,"张宇,刘源,李双",2024Q4,21680400.0,,,5753900.0,,,,12.76,,买入,,19.25
000001.SZ,平安银行,20200228,平安银行：零售主干与对公侧翼的华丽交响,深度,一般报告,安信证券,"张宇,刘源,李双",2020Q4,15253100.0,,,3235900.0,1.67,8.99,,10.71,,买入,,19.25
000001.SZ,平安银行,20200228,平安银行：零售主干与对公侧翼的华丽交响,深度,一般报告,安信证券,"张宇,刘源,李双",2023Q4,19744800.0,,,5007000.0,,,,12.28,,买入,,19.25
002475.SZ,立讯精密,20200228,立讯精密重大事件快评：业绩超预期增长，精密制造平台优势凸显,点评,一般报告,国信证券,"欧阳仕华,高峰",2019Q4,6237900.0,,576900.0,472100.0,0.88,53.0,0.5,24.0,43.1,买入,,
300409.SZ,道氏技术,20200228,道氏技术：定增加码新能源材料，盈利拐点来临,点评,一般报告,中泰证券,"苏晨,邹玲玲",2021Q4,546489.0,,41580.0,32190.0,0.7,,1.5,10.85,10.9,增持,,
000656.SZ,金科股份,20200228,金科股份首次覆盖报告：异地扩张势破竹，美好生活战略起,一般,首次关注,中达证券,"申思聪,蔡鸿飞,诸葛莲昕",2019Q4,5620600.0,1703600.0,769500.0,526100.0,0.99,7.64,,21.7,,买入,,
600600.SH,青岛啤酒,20200228,青岛啤酒：百年青啤，高品质叠加渠道深耕助力高端化蜕变,深度,首次关注,川财证券,"欧阳宇剑,郭晓东",2019Q4,2805200.0,,262210.0,177534.0,1.31,32.49,,9.3,,增持,,
600507.SH,方大特钢,20200228,方大特钢：四季度业绩有所改善，成本管控优势助力中长期经营,点评,首份报告,太平洋证券,王介超,2021Q4,1447800.0,,197800.0,145800.0,1.01,8.5,,15.1,2.4,买入,,
002475.SZ,立讯精密,20200228,立讯精密重大事件快评：业绩超预期增长，精密制造平台优势凸显,点评,一般报告,国信证券,"欧阳仕华,高峰",2021Q4,10395000.0,,1042800.0,864900.0,1.62,28.9,0.8,27.0,27.4,买入,,
002191.SZ,劲嘉股份,20200228,劲嘉股份：烟标主业稳健增长，彩盒持续放量,点评,一般报告,东北证券,唐凯,2021Q4,554900.0,,161300.0,122600.0,0.84,12.71,6.69,17.64,,买入,,12.92
002475.SZ,立讯精密,20200228,Luxshare：Strong_2019_finish；Well－positioned_in_5G_cycle,点评,一般报告,招银国际,"伍力恒,张淳鑫",2019Q4,6238000.0,1307400.0,578400.0,472100.0,0.88,,0.1,22.3,,BUY,,55.4
002475.SZ,立讯精密,20200228,立讯精密重大事件快评：业绩超预期增长，精密制造平台优势凸显,点评,一般报告,国信证券,"欧阳仕华,高峰",2020Q4,8152900.0,,774200.0,642100.0,1.2,39.0,0.6,26.0,34.6,买入,,
000656.SZ,金科股份,20200228,金科股份首次覆盖报告：异地扩张势破竹，美好生活战略起,一般,首次关注,中达证券,"申思聪,蔡鸿飞,诸葛莲昕",2021Q4,9225400.0,2812800.0,1305800.0,869300.0,1.63,4.63,,23.8,,买入,,
000001.SZ,平安银行,20200228,平安银行：零售主干与对公侧翼的华丽交响,深度,一般报告,安信证券,"张宇,刘源,李双",2021Q4,16480400.0,,,3750400.0,1.93,7.76,,11.02,,买入,,19.25
002191.SZ,劲嘉股份,20200228,劲嘉股份：烟标主业稳健增长，彩盒持续放量,点评,一般报告,东北证券,唐凯,2020Q4,474500.0,,141300.0,107400.0,0.73,14.51,5.86,15.86,,买入,,12.92
688005.SH,容百科技,20200228,容百科技：高镍正极龙头收入高增速，坏账计提和毛利率下滑拖累盈利水平,,一般报告,新时代证券,"开文明,王琎",2021Q4,750000.0,,55100.0,49300.0,1.11,32.8,,12.1,22.8,强烈推荐,,
688005.SH,容百科技,20200228,容百科技：高镍正极龙头收入高增速，坏账计提和毛利率下滑拖累盈利水平,,一般报告,新时代证券,"开文明,王琎",2019Q4,419600.0,,10600.0,9500.0,0.21,171.2,,2.9,87.1,强烈推荐,,
603338.SH,浙江鼎力,20200228,浙江鼎力深度报告：高空作业，鼎力护航,深度,一般报告,东莞证券,"卢立亭,黎江涛,张豪杰",2021Q4,364800.0,,118900.0,101092.0,2.92,24.59,,,,推荐,,
603338.SH,浙江鼎力,20200228,浙江鼎力深度报告：高空作业，鼎力护航,深度,一般报告,东莞证券,"卢立亭,黎江涛,张豪杰",2020Q4,268200.0,,90100.0,76595.0,2.21,32.45,,,,推荐,,
603338.SH,浙江鼎力,20200228,浙江鼎力深度报告：高空作业，鼎力护航,深度,一般报告,东莞证券,"卢立亭,黎江涛,张豪杰",2019Q4,197200.0,,66200.0,56317.0,1.62,44.14,,,,推荐,,
002831.SZ,裕同科技,20200228,裕同科技：业绩符合预期，关注收入结构优化,点评,一般报告,中泰证券,"徐稚涵,郭美鑫,徐偲",2021Q4,1331870.0,,170100.0,143734.0,1.64,,1.35,15.46,10.64,增持,,
002831.SZ,裕同科技,20200228,裕同科技：业绩符合预期，关注收入结构优化,点评,一般报告,中泰证券,"徐稚涵,郭美鑫,徐偲",2020Q4,1124183.0,,140903.0,119767.0,1.37,,1.19,14.69,12.74,增持,,
002831.SZ,裕同科技,20200228,裕同科技：业绩符合预期，关注收入结构优化,点评,一般报告,中泰证券,"徐稚涵,郭美鑫,徐偲",2019Q4,981219.0,,121597.0,104573.0,1.19,,1.05,14.48,14.95,增持,,
002032.SZ,苏泊尔,20200228,苏泊尔：业绩稳定增长，龙头地位牢固,点评,一般报告,财信证券,"黄红卫,彭敏",2021Q4,2541600.0,,,220200.0,2.68,27.2,,,,谨慎推荐,,
002032.SZ,苏泊尔,20200228,苏泊尔：业绩稳定增长，龙头地位牢固,点评,一般报告,财富证券,"黄红卫,彭敏",2020Q4,2183900.0,,,213800.0,2.6,28.02,,,,谨慎推荐,,
002032.SZ,苏泊尔,20200228,苏泊尔：业绩稳定增长，龙头地位牢固,点评,一般报告,财富证券,"黄红卫,彭敏",2019Q4,1985300.0,,,192000.0,2.34,31.2,,,,谨慎推荐,,
688005.SH,容百科技,20200228,容百科技：高镍正极龙头收入高增速，坏账计提和毛利率下滑拖累盈利水平,,一般报告,新时代证券,"开文明,王琎",2020Q4,572100.0,,40200.0,36000.0,0.81,44.9,,10.1,31.0,强烈推荐,,
002013.SZ,中航机电,20200228,中航机电：全年业绩增速符合预期，航空机电平台价值凸显,点评,一般报告,中泰证券,"苏晨,李聪",2021Q4,1582900.0,,183700.0,131200.0,0.36,,,8.78,,买入,,
002013.SZ,中航机电,20200228,中航机电：全年业绩增速符合预期，航空机电平台价值凸显,点评,一般报告,中泰证券,"苏晨,李聪",2020Q4,1385100.0,,157400.0,113500.0,0.31,,,8.29,,买入,,
002013.SZ,中航机电,20200228,中航机电：全年业绩增速符合预期，航空机电平台价值凸显,点评,一般报告,中泰证券,"苏晨,李聪",2019Q4,1220400.0,,129700.0,96500.0,0.27,,,9.86,,买入,,
600323.SH,瀚蓝环境,20200228,瀚蓝环境：业绩高成长，未来值得期待,点评,一般报告,国盛证券,杨心成,2021Q4,839300.0,,182600.0,140100.0,1.83,10.3,,15.1,7.5,买入,,
600323.SH,瀚蓝环境,20200228,瀚蓝环境：业绩高成长，未来值得期待,点评,一般报告,国盛证券,杨心成,2020Q4,691600.0,,136700.0,104900.0,1.37,13.8,,13.1,9.6,买入,,
300602.SZ,飞荣达,20200228,飞荣达：全年高速增长，三大业务前景广阔,点评,一般报告,华金证券,"蔡景彦,曾捷",2021Q4,512700.0,,74200.0,58700.0,1.92,25.7,,25.0,18.0,买入,,
600323.SH,瀚蓝环境,20200228,瀚蓝环境：业绩高成长，未来值得期待,点评,一般报告,国盛证券,杨心成,2019Q4,618000.0,,117100.0,89800.0,1.17,16.1,,12.6,11.0,买入,,
300602.SZ,飞荣达,20200228,飞荣达：全年高速增长，三大业务前景广阔,点评,一般报告,华金证券,"蔡景彦,曾捷",2019Q4,261200.0,,41900.0,36200.0,1.18,41.6,,24.4,32.9,买入,,
002791.SZ,坚朗五金,20200228,坚朗五金：收入增长超预期，效率持续提升,点评,一般报告,国盛证券,"黄诗涛,房大磊",2019Q4,525200.0,,48200.0,42100.0,1.31,42.1,,12.7,31.8,买入,,
002111.SZ,威海广泰,20200228,威海广泰公司动态点评：双主业一军工齐头并进，19年业绩稳增长,点评,一般报告,长城证券,"王志杰,曲小溪,刘峰,蔡微未",2020Q4,322032.0,,48102.0,41800.0,1.1,15.16,,12.4,12.71,强烈推荐,,
002111.SZ,威海广泰,20200228,威海广泰公司动态点评：双主业一军工齐头并进，19年业绩稳增长,点评,一般报告,长城证券,"王志杰,曲小溪,刘峰,蔡微未",2019Q4,255377.0,,39919.0,33600.0,0.88,18.86,,11.1,14.09,强烈推荐,,
002221.SZ,东华能源,20200228,东华能源公司动态点评：项目有序推进，PDH龙头再出发,点评,一般报告,长城证券,"易碧红,黄寅斌",2021Q4,2930500.0,,201872.0,157100.0,0.952,9.68,,12.9,5.39,增持,,
002221.SZ,东华能源,20200228,东华能源公司动态点评：项目有序推进，PDH龙头再出发,点评,一般报告,长城证券,"易碧红,黄寅斌",2020Q4,3947600.0,,173044.0,134400.0,0.815,11.31,,12.6,7.1,增持,,
002221.SZ,东华能源,20200228,东华能源公司动态点评：项目有序推进，PDH龙头再出发,点评,一般报告,长城证券,"易碧红,黄寅斌",2019Q4,4879604.0,,142707.0,111900.0,0.678,13.58,,11.8,8.17,增持,,
002791.SZ,坚朗五金,20200228,坚朗五金：收入增长超预期，效率持续提升,点评,一般报告,国盛证券,"黄诗涛,房大磊",2021Q4,891200.0,,94700.0,80800.0,2.51,21.9,,18.0,16.4,买入,,
002791.SZ,坚朗五金,20200228,坚朗五金：收入增长超预期，效率持续提升,点评,一般报告,国盛证券,"黄诗涛,房大磊",2020Q4,684300.0,,67500.0,58200.0,1.81,30.4,,15.5,22.7,买入,,
600732.SH,ST爱旭,20200228,ST爱旭：效率成本行业领先，借壳成功开启新一轮扩张,深度,首份报告,招商证券,"游家训,刘晓飞",2022Q4,1568800.0,,176500.0,154200.0,0.84,13.7,,30.1,8.8,强烈推荐,15.0,13.0
600732.SH,ST爱旭,20200228,ST爱旭：效率成本行业领先，借壳成功开启新一轮扩张,深度,首份报告,招商证券,"游家训,刘晓飞",2021Q4,1343700.0,,144900.0,126500.0,0.69,16.7,,31.9,10.8,强烈推荐,15.0,13.0
600732.SH,ST爱旭,20200228,ST爱旭：效率成本行业领先，借壳成功开启新一轮扩张,深度,首份报告,招商证券,"游家训,刘晓飞",2020Q4,1092500.0,,101900.0,89000.0,0.49,23.7,,30.0,15.0,强烈推荐,15.0,13.0
603719.SH,良品铺子,20200228,良品铺子深度报告：国内休闲零食龙头，全品类全渠道发展,深度,首次关注,东莞证券,魏红梅,2020Q4,1028100.0,,55800.0,40500.0,1.01,22.6,,,,推荐,,
300602.SZ,飞荣达,20200228,飞荣达：全年高速增长，三大业务前景广阔,点评,一般报告,华金证券,"蔡景彦,曾捷",2020Q4,385600.0,,57400.0,47500.0,1.55,31.8,,25.4,22.8,买入,,
002111.SZ,威海广泰,20200228,威海广泰公司动态点评：双主业一军工齐头并进，19年业绩稳增长,点评,一般报告,长城证券,"王志杰,曲小溪,刘峰,蔡微未",2021Q4,404743.0,,60894.0,52100.0,1.37,12.16,,13.7,10.03,强烈推荐,,
002847.SZ,盐津铺子,20200228,盐津铺子：成本和费用控制良好，业绩高增长,一般,一般报告,广发证券,"王永锋,王文丹,陈涛",2019Q4,139928.0,,13600.0,12804.0,1.0,46.46,,14.4,39.13,买入,,52.44
002242.SZ,九阳股份,20200228,九阳股份：产品结构升级，业绩持续良好增长,点评,一般报告,广发证券,"曾婵,袁雨辰,王朝宁,黄涛",2020Q4,1032400.0,,102400.0,88600.0,1.15,23.39,,22.0,22.43,买入,,
603719.SH,良品铺子,20200228,良品铺子深度报告：国内休闲零食龙头，全品类全渠道发展,深度,首次关注,东莞证券,魏红梅,2019Q4,829100.0,,45200.0,32500.0,0.81,28.1,,,,推荐,,
002847.SZ,盐津铺子,20200228,盐津铺子：成本和费用控制良好，业绩高增长,一般,一般报告,广发证券,"王永锋,王文丹,陈涛",2020Q4,175076.0,,19000.0,17800.0,1.38,33.48,,17.6,27.13,买入,,52.44
002695.SZ,煌上煌,20200228,煌上煌2019业绩快报点评：战略转型加快开店，治理优化提升盈利,点评,一般报告,国泰君安,"訾猛,马铮",2021Q4,338200.0,,,39600.0,0.77,21.72,1.0,15.2,13.17,增持,,21.0
002697.SZ,红旗连锁,20200228,红旗连锁：川蜀便利店龙头，扩品类＋展门店打开成长空间——公司首次覆盖报告,一般,首次关注,开源证券,"黄泽鹏,李旭东",2019Q4,782700.0,,60700.0,51600.0,0.38,21.9,,16.9,14.6,买入,,
002912.SZ,中新赛克,20200228,中新赛克公司2019年业绩快报点评：业绩快报超预期，行业龙头地位稳固,点评,一般报告,长城证券,"周伟佳,李雪薇",2019Q4,90607.0,,31305.0,29500.0,2.76,61.15,,19.4,57.74,强烈推荐,,
300454.SZ,深信服,20200228,深信服2019年业绩快报点评：四季度表现亮眼，营收再超预期,点评,一般报告,国信证券,"熊莉,库宏垚",2020Q4,668100.0,,111500.0,100400.0,2.45,79.6,0.3,20.7,122.5,买入,,
603719.SH,良品铺子,20200228,良品铺子深度报告：国内休闲零食龙头，全品类全渠道发展,深度,首次关注,东莞证券,魏红梅,2021Q4,1233700.0,,67600.0,50100.0,1.25,18.3,,,,推荐,,
002695.SZ,煌上煌,20200228,煌上煌2019业绩快报点评：战略转型加快开店，治理优化提升盈利,点评,一般报告,国泰君安,"訾猛,马铮",2020Q4,272600.0,,,30500.0,0.59,28.19,0.8,13.3,17.24,增持,,21.0
002912.SZ,中新赛克,20200228,中新赛克公司2019年业绩快报点评：业绩快报超预期，行业龙头地位稳固,点评,一般报告,长城证券,"周伟佳,李雪薇",2021Q4,176128.0,,52270.0,48900.0,4.58,36.83,,22.0,32.57,强烈推荐,,
002891.SZ,中宠股份,20200228,中宠股份：Q4业绩同比大幅增长，原材料价格下降业绩有望持续超预期,点评,一般报告,国盛证券,"张俊,郑树明",2020Q4,208100.0,,14400.0,9800.0,0.58,42.2,,10.9,19.7,增持,,
002891.SZ,中宠股份,20200228,中宠股份：Q4业绩同比大幅增长，原材料价格下降业绩有望持续超预期,点评,一般报告,国盛证券,"张俊,郑树明",2019Q4,171600.0,,12400.0,7800.0,0.46,53.0,,9.5,23.1,增持,,
002078.SZ,太阳纸业,20200228,太阳纸业：业绩符合预期，产能释放和原料供应支撑增长,点评,一般报告,中银国际,杨志威,2021Q4,2894100.0,,362800.0,298400.0,1.152,8.3,1.8,16.5,3.5,无,,
002078.SZ,太阳纸业,20200228,太阳纸业：业绩符合预期，产能释放和原料供应支撑增长,点评,一般报告,中银国际,杨志威,2019Q4,2264100.0,,265600.0,218500.0,0.843,11.3,1.3,16.1,5.7,无,,
300454.SZ,深信服,20200228,深信服2019年业绩快报点评：四季度表现亮眼，营收再超预期,点评,一般报告,国信证券,"熊莉,库宏垚",2019Q4,459000.0,,84200.0,75800.0,1.85,105.4,0.2,18.7,171.7,买入,,
002697.SZ,红旗连锁,20200228,红旗连锁：川蜀便利店龙头，扩品类＋展门店打开成长空间——公司首次覆盖报告,一般,首次关注,开源证券,"黄泽鹏,李旭东",2020Q4,853400.0,,72000.0,61200.0,0.45,18.5,,16.9,12.2,买入,,
002242.SZ,九阳股份,20200228,九阳股份：产品结构升级，业绩持续良好增长,点评,一般报告,广发证券,"曾婵,袁雨辰,王朝宁,黄涛",2019Q4,935400.0,,95200.0,82400.0,1.07,23.43,,21.0,22.17,买入,,
300454.SZ,深信服,20200228,深信服2019年业绩快报点评：四季度表现亮眼，营收再超预期,点评,一般报告,国信证券,"熊莉,库宏垚",2021Q4,942800.0,,163800.0,147400.0,3.61,54.2,0.4,24.5,74.9,买入,,
002912.SZ,中新赛克,20200228,中新赛克公司2019年业绩快报点评：业绩快报超预期，行业龙头地位稳固,点评,一般报告,长城证券,"周伟佳,李雪薇",2020Q4,127017.0,,40322.0,37600.0,3.53,47.88,,20.8,42.85,强烈推荐,,
002242.SZ,九阳股份,20200228,九阳股份：产品结构升级，业绩持续良好增长,点评,一般报告,广发证券,"曾婵,袁雨辰,王朝宁,黄涛",2021Q4,1158600.0,,114300.0,98900.0,1.29,20.95,,24.4,20.42,买入,,
002695.SZ,煌上煌,20200228,煌上煌2019业绩快报点评：战略转型加快开店，治理优化提升盈利,点评,一般报告,国泰君安,"訾猛,马铮",2019Q4,211700.0,,,22000.0,0.43,39.02,0.6,10.7,23.6,增持,,21.0
002697.SZ,红旗连锁,20200228,红旗连锁：川蜀便利店龙头，扩品类＋展门店打开成长空间——公司首次覆盖报告,一般,首次关注,开源证券,"黄泽鹏,李旭东",2021Q4,924100.0,,83700.0,71100.0,0.52,15.9,,16.6,10.4,买入,,
002847.SZ,盐津铺子,20200228,盐津铺子：成本和费用控制良好，业绩高增长,一般,一般报告,广发证券,"王永锋,王文丹,陈涛",2021Q4,216430.0,,26000.0,23200.0,1.81,25.59,,19.8,19.08,买入,,52.44
002078.SZ,太阳纸业,20200228,太阳纸业：业绩符合预期，产能释放和原料供应支撑增长,点评,一般报告,中银国际,杨志威,2020Q4,2568200.0,,313100.0,257600.0,0.994,9.6,1.6,16.5,4.3,无,,
002891.SZ,中宠股份,20200228,中宠股份：Q4业绩同比大幅增长，原材料价格下降业绩有望持续超预期,点评,一般报告,国盛证券,"张俊,郑树明",2021Q4,250500.0,,18900.0,12800.0,0.76,32.2,,12.8,15.8,增持,,
002938.SZ,鹏鼎控股,20200228,鹏鼎控股：平滑交付均衡淡旺差异，5G换机助推进阶成长,点评,一般报告,太平洋证券,"王凌涛,沈钱",2021Q4,3806500.0,,563400.0,425300.0,1.84,25.48,,17.0,13.23,买入,,56.17
300602.SZ,飞荣达,20200228,飞荣达：热管理驶入成长快车道，静待天线发力,点评,一般报告,太平洋证券,"王凌涛,沈钱",2021Q4,434100.0,,73300.0,61700.0,2.02,27.56,,24.0,12.52,买入,,65.0
300770.SZ,新媒股份,20200228,新媒股份：IPTV及OTT推动业绩高增长，围绕家庭场景构建大屏新生态,点评,一般报告,广发证券,"旷实,叶敏婷",2020Q4,128800.0,,55200.0,54600.0,4.25,41.37,,19.5,31.73,买入,,212.68
002653.SZ,海思科,20200228,海思科：业绩实现快速增长，创新管线空间广阔,点评,一般报告,中泰证券,江琦,2021Q4,555444.0,,81100.0,80792.0,0.74,29.96,,20.47,25.0,买入,30.5,27.6
300662.SZ,科锐国际,20200228,科锐国际：灵工亮眼猎头转暖，业绩超预期,点评,一般报告,西南证券,朱芸,2019Q4,358558.0,,22102.0,15045.0,0.83,46.11,0.34,17.22,28.52,买入,,
002821.SZ,凯莱英,20200228,凯莱英公司动态点评：业绩符合市场预期，收入增长提速,点评,一般报告,川财证券,周豫,2020Q4,332500.0,,86800.0,76100.0,3.3,54.0,,20.4,37.0,增持,,
300454.SZ,深信服,20200228,深信服：营收高增长，业绩表现亮眼,点评,一般报告,广发证券,"刘雪峰,庞倩倩",2019Q4,459000.0,,78000.0,76100.0,1.86,67.64,,17.0,124.78,买入,,234.58
300451.SZ,创业慧康,20200228,创业慧康：业绩符合预期，与平安后续合作值得期待,点评,一般报告,安信证券,"胡又文,凌晨",2021Q4,267560.0,,57840.0,51620.0,0.7,34.3,0.4,14.4,28.7,买入,,28.0
002405.SZ,四维图新,20200228,四维图新：收入逆势增长，大踏步向智能网联时代进发,点评,一般报告,安信证券,"胡又文,凌晨",2019Q4,230970.0,,32870.0,34020.0,0.17,98.8,0.2,3.4,88.8,买入,,22.0
300770.SZ,新媒股份,20200228,新媒股份：IPTV及OTT推动业绩高增长，围绕家庭场景构建大屏新生态,点评,一般报告,广发证券,"旷实,叶敏婷",2021Q4,148700.0,,66500.0,65700.0,5.12,34.36,,19.0,26.05,买入,,212.68
300347.SZ,泰格医药,20200228,泰格医药公司动态点评：业绩符合预期，三大业务板块值得期待,点评,一般报告,川财证券,周豫,2019Q4,282700.0,,116700.0,84800.0,1.13,67.7,,22.4,47.0,增持,,
300010.SZ,立思辰,20200228,立思辰：19年C端业务增长良好，疫情期间加速在线教育布局,点评,一般报告,广发证券,"安鹏,沈涛,旷实,高鸿",2019Q4,216500.0,,3800.0,3400.0,0.04,333.97,,1.0,62.88,增持,,
300451.SZ,创业慧康,20200228,创业慧康：业绩符合预期，与平安后续合作值得期待,点评,一般报告,安信证券,"胡又文,凌晨",2019Q4,146590.0,,35490.0,31670.0,0.43,55.9,0.3,11.2,46.5,买入,,28.0
300770.SZ,新媒股份,20200228,新媒股份：IPTV及OTT推动业绩高增长，围绕家庭场景构建大屏新生态,点评,一般报告,广发证券,"旷实,叶敏婷",2019Q4,99700.0,,39100.0,38700.0,3.02,58.37,,17.1,42.87,买入,,212.68
300474.SZ,景嘉微,20200228,景嘉微业绩快报点评：销售步入快速增长期，看好军民市场双轮驱动,点评,首份报告,太平洋证券,"马捷,刘倩倩,马浩然,王睿",2020Q4,131056.0,,35375.0,30073.0,1.0,63.62,,11.5,50.28,买入,,
002653.SZ,海思科,20200228,海思科：业绩实现快速增长，创新管线空间广阔,点评,一般报告,中泰证券,江琦,2020Q4,464968.0,,62700.0,61717.0,0.57,38.68,,19.66,31.0,买入,30.5,27.6
002405.SZ,四维图新,20200228,四维图新：收入逆势增长，大踏步向智能网联时代进发,点评,一般报告,安信证券,"胡又文,凌晨",2021Q4,407740.0,,79830.0,82620.0,0.42,40.7,0.5,7.5,35.2,买入,,22.0
002475.SZ,立讯精密,20200228,立讯精密2019年业绩快报点评：全年业绩再超预期，苹果供应链龙头持续发力,点评,一般报告,东莞证券,"魏红梅,刘梦麟",2020Q4,7522355.0,,741055.0,611055.0,1.14,40.93,,,,推荐,,
300474.SZ,景嘉微,20200228,景嘉微：2019年度业绩符合预期，公司今年民用显卡有望迎来突破,点评,一般报告,银河证券,"李良,温肇东",2021Q4,121300.0,,,31600.0,1.05,66.65,,,,推荐,,
300454.SZ,深信服,20200228,深信服：营收高增长，业绩表现亮眼,点评,一般报告,广发证券,"刘雪峰,庞倩倩",2021Q4,876100.0,,156500.0,152800.0,3.74,33.7,,21.5,59.59,买入,,234.58
300760.SZ,迈瑞医疗,20200228,迈瑞医疗业绩快报点评：稳健发展，疫情驱动更显品牌与实力,点评,一般报告,国元证券,"常启辉,刘慧敏",2019Q4,1655600.0,,542100.0,468100.0,3.85,62.74,,25.1,56.0,买入,,
300662.SZ,科锐国际,20200228,科锐国际：19年业绩增长稳健，技术赋能提升疫情期间应对能力,点评,一般报告,广发证券,"安鹏,沈涛,高鸿",2021Q4,575700.0,,35200.0,22700.0,1.24,29.37,,17.6,17.57,增持,,41.9
300760.SZ,迈瑞医疗,20200228,迈瑞医疗业绩快报点评：稳健发展，疫情驱动更显品牌与实力,点评,一般报告,国元证券,"常启辉,刘慧敏",2021Q4,2387300.0,,787100.0,678800.0,5.58,43.26,,23.7,39.0,买入,,
300010.SZ,立思辰,20200228,立思辰：19年C端业务增长良好，疫情期间加速在线教育布局,点评,一般报告,广发证券,"安鹏,沈涛,旷实,高鸿",2021Q4,307200.0,,33300.0,29700.0,0.34,37.79,,7.7,26.02,增持,,
300760.SZ,迈瑞医疗,20200228,迈瑞医疗业绩快报点评：稳健发展，疫情驱动更显品牌与实力,点评,一般报告,国元证券,"常启辉,刘慧敏",2020Q4,1987200.0,,652300.0,563300.0,4.63,52.14,,24.4,47.0,买入,,
002938.SZ,鹏鼎控股,20200228,鹏鼎控股：平滑交付均衡淡旺差异，5G换机助推进阶成长,点评,一般报告,太平洋证券,"王凌涛,沈钱",2020Q4,3373900.0,,490600.0,370800.0,1.6,29.23,,17.0,15.14,买入,,56.17
300347.SZ,泰格医药,20200228,泰格医药公司动态点评：业绩符合预期，三大业务板块值得期待,点评,一般报告,川财证券,周豫,2020Q4,381600.0,,160700.0,118400.0,1.58,48.42,,24.0,34.0,增持,,
300451.SZ,创业慧康,20200228,创业慧康：业绩符合预期，与平安后续合作值得期待,点评,一般报告,安信证券,"胡又文,凌晨",2020Q4,196270.0,,41840.0,37340.0,0.5,47.4,0.3,11.8,40.2,买入,,28.0
300474.SZ,景嘉微,20200228,景嘉微：2019年度业绩符合预期，公司今年民用显卡有望迎来突破,点评,一般报告,银河证券,"李良,温肇东",2020Q4,84900.0,,,24200.0,0.8,87.2,,,,推荐,,
300474.SZ,景嘉微,20200228,景嘉微业绩快报点评：销售步入快速增长期，看好军民市场双轮驱动,点评,首份报告,太平洋证券,"马捷,刘倩倩,马浩然,王睿",2019Q4,53080.0,,20469.0,17403.0,0.58,109.93,,7.4,79.99,买入,,
300662.SZ,科锐国际,20200228,科锐国际：灵工亮眼猎头转暖，业绩超预期,点评,一般报告,西南证券,朱芸,2021Q4,587823.0,,34159.0,22914.0,1.26,30.28,0.55,18.82,17.77,买入,,
002653.SZ,海思科,20200228,海思科：业绩实现快速增长，创新管线空间广阔,点评,一般报告,中泰证券,江琦,2019Q4,393758.0,,51000.0,50051.0,0.46,47.7,,19.85,37.0,买入,30.5,27.6
300602.SZ,飞荣达,20200228,飞荣达：热管理驶入成长快车道，静待天线发力,点评,一般报告,太平洋证券,"王凌涛,沈钱",2020Q4,346800.0,,59200.0,49900.0,1.63,34.11,,26.0,15.9,买入,,65.0
002803.SZ,吉宏股份,20200228,吉宏股份：业绩符合预期，互联网业务驶入快车道,点评,一般报告,东北证券,唐凯,2019Q4,300300.0,,39800.0,32500.0,1.46,27.64,1.63,37.49,,买入,,46.56
300474.SZ,景嘉微,20200228,景嘉微：2019年度业绩符合预期，公司今年民用显卡有望迎来突破,点评,一般报告,银河证券,"李良,温肇东",2019Q4,53100.0,,,17400.0,0.58,121.2,,,,推荐,,
002821.SZ,凯莱英,20200228,凯莱英公司动态点评：业绩符合市场预期，收入增长提速,点评,一般报告,川财证券,周豫,2021Q4,447600.0,,119900.0,105700.0,4.58,39.0,,22.8,28.0,增持,,
300010.SZ,立思辰,20200228,立思辰：19年C端业务增长良好，疫情期间加速在线教育布局,点评,一般报告,广发证券,"安鹏,沈涛,旷实,高鸿",2020Q4,261300.0,,26200.0,23300.0,0.27,48.04,,6.5,30.11,增持,,
002803.SZ,吉宏股份,20200228,吉宏股份：业绩符合预期，互联网业务驶入快车道,点评,一般报告,东北证券,唐凯,2020Q4,382900.0,,50300.0,40900.0,1.84,21.92,2.28,38.23,,买入,,46.56
002821.SZ,凯莱英,20200228,凯莱英公司动态点评：业绩符合市场预期，收入增长提速,点评,一般报告,川财证券,周豫,2019Q4,246100.0,,64400.0,55600.0,2.41,74.0,,18.0,47.0,增持,,
300474.SZ,景嘉微,20200228,景嘉微：2019年度业绩符合预期，公司今年民用显卡有望迎来突破,点评,一般报告,银河证券,"李良,温肇东",2022Q4,159300.0,,,40200.0,1.33,52.46,,,,推荐,,
300662.SZ,科锐国际,20200228,科锐国际：19年业绩增长稳健，技术赋能提升疫情期间应对能力,点评,一般报告,广发证券,"安鹏,沈涛,高鸿",2020Q4,453500.0,,27800.0,17900.0,0.98,37.15,,16.9,24.01,增持,,41.9
300454.SZ,深信服,20200228,深信服：营收高增长，业绩表现亮眼,点评,一般报告,广发证券,"刘雪峰,庞倩倩",2020Q4,639500.0,,112400.0,109700.0,2.68,46.93,,19.7,85.12,买入,,234.58
300662.SZ,科锐国际,20200228,科锐国际：灵工亮眼猎头转暖，业绩超预期,点评,一般报告,西南证券,朱芸,2020Q4,475286.0,,28039.0,18910.0,1.04,36.69,0.43,18.41,22.16,买入,,
002803.SZ,吉宏股份,20200228,吉宏股份：业绩符合预期，互联网业务驶入快车道,点评,一般报告,东北证券,唐凯,2021Q4,464600.0,,60500.0,49000.0,2.2,18.31,3.28,38.69,,买入,,46.56
300602.SZ,飞荣达,20200228,飞荣达：热管理驶入成长快车道，静待天线发力,点评,一般报告,太平洋证券,"王凌涛,沈钱",2019Q4,261200.0,,42500.0,35900.0,1.17,47.37,,24.0,22.63,买入,,65.0
300474.SZ,景嘉微,20200228,景嘉微业绩快报点评：销售步入快速增长期，看好军民市场双轮驱动,点评,首份报告,太平洋证券,"马捷,刘倩倩,马浩然,王睿",2021Q4,176226.0,,44922.0,38188.0,1.27,50.1,,13.1,37.82,买入,,
002405.SZ,四维图新,20200228,四维图新：收入逆势增长，大踏步向智能网联时代进发,点评,一般报告,安信证券,"胡又文,凌晨",2020Q4,311030.0,,55550.0,57490.0,0.29,58.4,0.3,5.5,52.2,买入,,22.0
300347.SZ,泰格医药,20200228,泰格医药公司动态点评：业绩符合预期，三大业务板块值得期待,点评,一般报告,川财证券,周豫,2021Q4,503800.0,,215500.0,159600.0,2.13,35.92,,24.8,26.0,增持,,
002475.SZ,立讯精密,20200228,立讯精密2019年业绩快报点评：全年业绩再超预期，苹果供应链龙头持续发力,点评,一般报告,东莞证券,"魏红梅,刘梦麟",2019Q4,6238000.0,,578450.0,472100.0,0.88,52.98,,,,推荐,,
300662.SZ,科锐国际,20200228,科锐国际：19年业绩增长稳健，技术赋能提升疫情期间应对能力,点评,一般报告,广发证券,"安鹏,沈涛,高鸿",2019Q4,358600.0,,23300.0,15000.0,0.83,43.8,,17.1,29.59,增持,,41.9
002938.SZ,鹏鼎控股,20200228,鹏鼎控股：平滑交付均衡淡旺差异，5G换机助推进阶成长,点评,一般报告,太平洋证券,"王凌涛,沈钱",2019Q4,2663300.0,,343700.0,292000.0,1.26,37.12,,15.0,20.17,买入,,56.17
002475.SZ,立讯精密,20200228,立讯精密2019年业绩快报点评：全年业绩再超预期，苹果供应链龙头持续发力,点评,一般报告,东莞证券,"魏红梅,刘梦麟",2021Q4,9448000.0,,940289.0,772789.0,1.44,32.37,,,,推荐,,
002597.SZ,金禾实业,20200228,金禾实业：2019年业绩符合预期，持续资本支出保障未来发展,点评,一般报告,招商证券,"周铮,钟浩,段一帆",2019Q4,397200.0,,93700.0,80900.0,1.45,15.6,,18.5,15.0,强烈推荐,,
002508.SZ,老板电器,20200228,老板电器业绩快报点评：工程渠道高速增长，龙头地位稳固,点评,一般报告,西部证券,"孙谦,张译文",2020Q4,841400.0,,204100.0,173900.0,1.83,16.9,,23.6,,买入,,
002212.SZ,南洋股份,20200228,南洋股份2019年业绩快报点评：网络安全业务保持快速增长,点评,一般报告,国信证券,"熊莉,库宏垚",2020Q4,813300.0,,72200.0,61100.0,0.53,55.9,0.4,6.8,57.2,增持,,
300253.SZ,卫宁健康,20200228,卫宁健康：业绩符合预期，2020年创新业务有望快速增长,点评,一般报告,安信证券,"胡又文,凌晨",2021Q4,342160.0,,87210.0,77710.0,0.47,54.3,0.4,16.3,46.5,买入,,30.0
002304.SZ,洋河股份,20200228,洋河股份：破而后立，期待涅槃重生,点评,一般报告,国盛证券,符蓉,2021Q4,2795800.0,,1269600.0,952400.0,6.32,15.9,,20.5,10.1,买入,,136.0
002597.SZ,金禾实业,20200228,金禾实业：2019年业绩符合预期，持续资本支出保障未来发展,点评,一般报告,招商证券,"周铮,钟浩,段一帆",2020Q4,450700.0,,113700.0,98100.0,1.76,12.9,,19.1,12.6,强烈推荐,,
002304.SZ,洋河股份,20200228,洋河股份：破而后立，期待涅槃重生,点评,一般报告,国盛证券,符蓉,2019Q4,2311000.0,,975600.0,734200.0,4.87,20.6,,20.3,13.7,买入,,136.0
002541.SZ,鸿路钢构,20200228,鸿路钢构：业绩增长超预期，产能有望持续释放,点评,一般报告,广发证券,"姚遥,尉凯旋",2019Q4,1074600.0,,69100.0,53900.0,1.03,11.31,,10.9,7.72,买入,,15.21
002212.SZ,南洋股份,20200228,南洋股份2019年业绩快报点评：网络安全业务保持快速增长,点评,一般报告,国信证券,"熊莉,库宏垚",2021Q4,933500.0,,104700.0,88600.0,0.77,38.6,0.6,9.2,39.0,增持,,
002236.SZ,大华股份,20200228,大华股份：利润高于指引中枢，业绩增长质量提升,点评,一般报告,国盛证券,"郑震湘,陈永亮",2019Q4,2609100.0,,348800.0,316300.0,1.05,18.4,,20.1,14.8,买入,,
300316.SZ,晶盛机电,20200228,晶盛机电：业绩加速趋势明显，受益下游扩产红利,点评,一般报告,广发证券,"王珂,罗立波,刘芷君",2021Q4,515000.0,,136700.0,123400.0,0.96,25.87,,17.7,22.15,买入,,28.6
300253.SZ,卫宁健康,20200228,卫宁健康：业绩符合预期，2020年创新业务有望快速增长,点评,一般报告,安信证券,"胡又文,凌晨",2019Q4,190560.0,,44960.0,40060.0,0.24,105.4,0.2,10.9,88.6,买入,,30.0
002027.SZ,分众传媒,20200228,分众传媒：19年净利同比下滑65.68％，疫情影响下20Q1投放有所缩减,点评,一般报告,广发证券,"旷实,叶敏婷",2020Q4,1241800.0,,301500.0,249700.0,0.17,32.74,,13.4,25.85,买入,,6.2
002508.SZ,老板电器,20200228,老板电器业绩快报点评：工程渠道高速增长，龙头地位稳固,点评,一般报告,西部证券,"孙谦,张译文",2019Q4,776100.0,,185800.0,158200.0,1.67,18.6,,24.5,,买入,,
300253.SZ,卫宁健康,20200228,卫宁健康：业绩符合预期，2020年创新业务有望快速增长,点评,一般报告,安信证券,"胡又文,凌晨",2020Q4,257260.0,,64670.0,57620.0,0.35,73.3,0.3,13.9,62.5,买入,,30.0
002373.SZ,千方科技,20200228,千方科技：主营稳健增长，AI与V2X新方向持续布局,点评,一般报告,广发证券,"刘雪峰,钱砾",2021Q4,1375800.0,,178300.0,156500.0,1.05,27.11,,13.4,27.44,买入,,32.49
002212.SZ,南洋股份,20200228,南洋股份2019年业绩快报点评：网络安全业务保持快速增长,点评,一般报告,国信证券,"熊莉,库宏垚",2019Q4,710400.0,,43300.0,36700.0,0.32,93.2,0.2,4.3,101.6,增持,,
300015.SZ,爱尔眼科,20200228,爱尔眼科2019年业绩快报点评：内生高增外延助力，疫情影响有望快速消散,点评,一般报告,光大证券,林小伟,2019Q4,1003100.0,,186800.0,137600.0,0.44,90.0,,20.87,48.0,买入,,
002304.SZ,洋河股份,20200228,洋河股份：破而后立，期待涅槃重生,点评,一般报告,国盛证券,符蓉,2020Q4,2524100.0,,1113100.0,835100.0,5.54,18.1,,20.4,12.3,买入,,136.0
300015.SZ,爱尔眼科,20200228,爱尔眼科2019年业绩快报点评：内生高增外延助力，疫情影响有望快速消散,点评,一般报告,光大证券,林小伟,2020Q4,1289000.0,,246100.0,182600.0,0.59,68.0,,22.7,38.0,买入,,
002027.SZ,分众传媒,20200228,分众传媒：19年净利同比下滑65.68％，疫情影响下20Q1投放有所缩减,点评,一般报告,广发证券,"旷实,叶敏婷",2019Q4,1213600.0,,234800.0,187500.0,0.13,43.6,,13.8,33.73,买入,,6.2
002236.SZ,大华股份,20200228,大华股份：利润高于指引中枢，业绩增长质量提升,点评,一般报告,国盛证券,"郑震湘,陈永亮",2021Q4,3744600.0,,545100.0,495200.0,1.65,11.8,,21.0,9.0,买入,,
300316.SZ,晶盛机电,20200228,晶盛机电：业绩加速趋势明显，受益下游扩产红利,点评,一般报告,广发证券,"王珂,罗立波,刘芷君",2019Q4,312500.0,,71500.0,63600.0,0.49,50.23,,13.5,42.11,买入,,28.6
002373.SZ,千方科技,20200228,千方科技：主营稳健增长，AI与V2X新方向持续布局,点评,一般报告,广发证券,"刘雪峰,钱砾",2019Q4,899200.0,,115100.0,100400.0,0.67,42.24,,11.3,49.87,买入,,32.49
300015.SZ,爱尔眼科,20200228,爱尔眼科2019年业绩快报点评：内生高增外延助力，疫情影响有望快速消散,点评,一般报告,光大证券,林小伟,2021Q4,1643800.0,,322200.0,240500.0,0.78,52.0,,24.82,30.0,买入,,
002541.SZ,鸿路钢构,20200228,鸿路钢构：业绩增长超预期，产能有望持续释放,点评,一般报告,广发证券,"姚遥,尉凯旋",2021Q4,1683400.0,,98100.0,76500.0,1.46,7.96,,12.0,4.02,买入,,15.21
300316.SZ,晶盛机电,20200228,晶盛机电：业绩加速趋势明显，受益下游扩产红利,点评,一般报告,广发证券,"王珂,罗立波,刘芷君",2020Q4,438700.0,,116300.0,105000.0,0.82,30.41,,18.3,26.35,买入,,28.6
002508.SZ,老板电器,20200228,老板电器业绩快报点评：工程渠道高速增长，龙头地位稳固,点评,一般报告,西部证券,"孙谦,张译文",2021Q4,958400.0,,236300.0,201300.0,2.12,14.6,,23.7,,买入,,
002373.SZ,千方科技,20200228,千方科技：主营稳健增长，AI与V2X新方向持续布局,点评,一般报告,广发证券,"刘雪峰,钱砾",2020Q4,1120100.0,,145300.0,127500.0,0.86,33.27,,12.6,37.44,买入,,32.49
002597.SZ,金禾实业,20200228,金禾实业：2019年业绩符合预期，持续资本支出保障未来发展,点评,一般报告,招商证券,"周铮,钟浩,段一帆",2021Q4,501300.0,,131000.0,113000.0,2.02,11.2,,18.8,11.1,强烈推荐,,
002027.SZ,分众传媒,20200228,分众传媒：19年净利同比下滑65.68％，疫情影响下20Q1投放有所缩减,点评,一般报告,广发证券,"旷实,叶敏婷",2021Q4,1402700.0,,432500.0,358200.0,0.24,22.82,,16.1,17.55,买入,,6.2
002541.SZ,鸿路钢构,20200228,鸿路钢构：业绩增长超预期，产能有望持续释放,点评,一般报告,广发证券,"姚遥,尉凯旋",2020Q4,1398800.0,,83000.0,64800.0,1.24,9.41,,11.5,5.36,买入,,15.21
002236.SZ,大华股份,20200228,大华股份：利润高于指引中枢，业绩增长质量提升,点评,一般报告,国盛证券,"郑震湘,陈永亮",2020Q4,3117900.0,,434200.0,393600.0,1.31,14.8,,20.5,11.7,买入,,
002768.SZ,国恩股份,20200228,国恩股份：各业务板块全面增长，看好公司未来成长前景,点评,一般报告,银河证券,"刘兰程,任文坡",2021Q4,712000.0,,,61259.0,2.258,10.49,,,,推荐,,
002768.SZ,国恩股份,20200228,国恩股份：各业务板块全面增长，看好公司未来成长前景,点评,一般报告,银河证券,"刘兰程,任文坡",2020Q4,603700.0,,,49416.0,1.822,13.01,,,,推荐,,
002768.SZ,国恩股份,20200228,国恩股份：各业务板块全面增长，看好公司未来成长前景,点评,一般报告,银河证券,"刘兰程,任文坡",2019Q4,504213.0,,,39457.0,1.455,16.29,,,,推荐,,
600872.SH,中炬高新,20200228,中炬高新：渠道拓展稳步推进，业绩表现略超预期,点评,一般报告,国盛证券,"符蓉,方一苇",2021Q4,608100.0,,124400.0,96000.0,1.21,31.4,,17.5,21.2,买入,,
600872.SH,中炬高新,20200228,中炬高新：渠道拓展稳步推进，业绩表现略超预期,点评,一般报告,国盛证券,"符蓉,方一苇",2020Q4,533500.0,,107700.0,83000.0,1.04,36.3,,17.5,24.5,买入,,
600872.SH,中炬高新,20200228,中炬高新：渠道拓展稳步推进，业绩表现略超预期,点评,一般报告,国盛证券,"符蓉,方一苇",2019Q4,467500.0,,92800.0,71800.0,0.9,42.0,,17.5,28.4,买入,,
002508.SZ,老板电器,20200228,老板电器：Q4整体稳健，工程业务维持高增长,点评,一般报告,安信证券,"张立聪,李奕臻",2021Q4,885000.0,,225000.0,191000.0,2.01,15.4,3.9,22.7,10.6,买入,,36.6
002508.SZ,老板电器,20200228,老板电器：Q4整体稳健，工程业务维持高增长,点评,一般报告,安信证券,"张立聪,李奕臻",2020Q4,830000.0,,204000.0,174000.0,1.83,16.9,3.2,22.7,11.7,买入,,36.6
002508.SZ,老板电器,20200228,老板电器：Q4整体稳健，工程业务维持高增长,点评,一般报告,安信证券,"张立聪,李奕臻",2019Q4,776000.0,,186000.0,158000.0,1.67,18.6,2.7,23.0,13.5,买入,,36.6
002508.SZ,老板电器,20200228,老板电器：工程渠道发力带动业绩增长,点评,一般报告,广发证券,"曾婵,袁雨辰,王朝宁,黄涛",2021Q4,937200.0,,224800.0,193600.0,2.04,15.2,,17.2,11.97,买入,,32.58
002508.SZ,老板电器,20200228,老板电器：工程渠道发力带动业绩增长,点评,一般报告,广发证券,"曾婵,袁雨辰,王朝宁,黄涛",2020Q4,840200.0,,199400.0,171800.0,1.81,17.14,,18.4,14.3,买入,,32.58
002508.SZ,老板电器,20200228,老板电器：工程渠道发力带动业绩增长,点评,一般报告,广发证券,"曾婵,袁雨辰,王朝宁,黄涛",2019Q4,776100.0,,183700.0,158200.0,1.67,18.61,,20.7,15.99,买入,,32.58
002507.SZ,涪陵榨菜,20200228,涪陵榨菜：利润负增长源于销售费用率高，公司2020年有望迎业绩拐点,点评,一般报告,广发证券,"王永锋,刘景瑜",2020Q4,226600.0,,87000.0,73900.0,0.94,29.99,,22.0,26.95,买入,,33.0
002507.SZ,涪陵榨菜,20200228,涪陵榨菜：利润负增长源于销售费用率高，公司2020年有望迎业绩拐点,点评,一般报告,广发证券,"王永锋,刘景瑜",2019Q4,199000.0,,71200.0,60500.0,0.77,36.63,,21.0,33.49,买入,,33.0
002233.SZ,塔牌集团,20200228,塔牌集团：业绩略超预期，看好需求韧性,点评,一般报告,兴业证券,"李华丰,陈晨",2021Q4,822600.0,,282700.0,211000.0,1.77,6.68,,16.7,3.0,审慎增持,,
002233.SZ,塔牌集团,20200228,塔牌集团：业绩略超预期，看好需求韧性,点评,一般报告,兴业证券,"李华丰,陈晨",2020Q4,797000.0,,272500.0,203400.0,1.71,6.93,,18.1,3.0,审慎增持,,
002233.SZ,塔牌集团,20200228,塔牌集团：业绩略超预期，看好需求韧性,点评,一般报告,兴业证券,"李华丰,陈晨",2019Q4,689100.0,,231900.0,173400.0,1.45,8.15,,17.5,4.0,审慎增持,,
002507.SZ,涪陵榨菜,20200228,涪陵榨菜：利润负增长源于销售费用率高，公司2020年有望迎业绩拐点,点评,一般报告,广发证券,"王永锋,刘景瑜",2021Q4,256800.0,,100500.0,85400.0,1.08,25.95,,21.8,23.34,买入,,33.0
600500.SH,中化国际,20200228,中化国际投资价值分析报告：材料平台大步向前，精细龙头初显格局,深度,首次评级,中信证券,"袁健聪,王喆,黄莉莉,宋韶灵,王佩坚",2021Q4,5705284.0,,299300.0,80440.0,0.3,19.0,,6.5,,买入,,10.5
600500.SH,中化国际,20200228,中化国际投资价值分析报告：材料平台大步向前，精细龙头初显格局,深度,首次评级,中信证券,"袁健聪,王喆,黄莉莉,宋韶灵,王佩坚",2020Q4,5190198.0,,197900.0,55628.0,0.21,28.0,,4.73,,买入,,10.5
002233.SZ,塔牌集团,20200228,塔牌集团公司公告点评：Q4量价齐发力，全年业绩正增长,点评,一般报告,海通证券,"杜市伟,申浩,冯晨阳,潘莹练",2021Q4,921300.0,,360300.0,270000.0,2.26,5.22,11.3,22.8,3.05,优于大市,,
002233.SZ,塔牌集团,20200228,塔牌集团公司公告点评：Q4量价齐发力，全年业绩正增长,点评,一般报告,海通证券,"杜市伟,申浩,冯晨阳,潘莹练",2020Q4,873000.0,,320500.0,240100.0,2.01,5.87,9.9,22.3,3.7,优于大市,,
002233.SZ,塔牌集团,20200228,塔牌集团公司公告点评：Q4量价齐发力，全年业绩正增长,点评,一般报告,海通证券,"杜市伟,申浩,冯晨阳,潘莹练",2019Q4,689100.0,,231400.0,173400.0,1.45,8.14,7.1,17.8,5.89,优于大市,,
600500.SH,中化国际,20200228,中化国际投资价值分析报告：材料平台大步向前，精细龙头初显格局,深度,首次评级,中信证券,"袁健聪,王喆,黄莉莉,宋韶灵,王佩坚",2019Q4,5095895.0,,187100.0,44680.0,0.165,36.0,,3.93,,买入,,10.5
300624.SZ,万兴科技,20200228,万兴科技2019年业绩快报点评：业绩符合预期，看好2020年一季度及全年收入增长,点评,一般报告,新时代证券,"田杰华,李汉卿",2021Q4,125900.0,,14700.0,13200.0,1.62,55.6,,15.8,45.9,推荐,,
300661.SZ,圣邦股份,20200228,圣邦股份点评报告：新产品持续推出，下游全面发力,点评,一般报告,浙商证券,孙芳芳,2020Q4,107800.0,,29800.0,27322.0,2.64,122.04,,21.91,109.97,买入,,
300624.SZ,万兴科技,20200228,万兴科技2019年业绩快报点评：业绩符合预期，看好2020年一季度及全年收入增长,点评,一般报告,新时代证券,"田杰华,李汉卿",2019Q4,70300.0,,8700.0,8600.0,1.06,85.3,,12.0,75.2,推荐,,
002511.SZ,中顺洁柔,20200228,中顺洁柔：需求向好新品层出，盈利能力高位稳定,点评,一般报告,招商证券,"李宏鹏,吴昊,郑恺",2019Q4,663500.0,,72400.0,60700.0,0.46,31.5,,15.7,21.4,强烈推荐,,
002324.SZ,普利特,20200228,普利特2019年业绩快报点评：业绩符合预期，持续看好,点评,一般报告,国海证券,"代鹏举,卢昊",2021Q4,436200.0,,39400.0,35500.0,0.67,27.49,,12.05,,买入,,
300624.SZ,万兴科技,20200228,万兴科技2019年业绩快报点评：业绩符合预期，看好2020年一季度及全年收入增长,点评,一般报告,新时代证券,"田杰华,李汉卿",2020Q4,93100.0,,11200.0,10500.0,1.29,69.6,,13.8,59.5,推荐,,
002324.SZ,普利特,20200228,普利特2019年业绩快报点评：业绩符合预期，持续看好,点评,一般报告,国海证券,"代鹏举,卢昊",2019Q4,351100.0,,18600.0,16700.0,0.32,58.32,,6.74,,买入,,
300661.SZ,圣邦股份,20200228,圣邦股份点评报告：新产品持续推出，下游全面发力,点评,一般报告,浙商证券,孙芳芳,2021Q4,142500.0,,42800.0,39362.0,3.8,84.71,,24.91,76.0,买入,,
300661.SZ,圣邦股份,20200228,圣邦股份点评报告：新产品持续推出，下游全面发力,点评,一般报告,浙商证券,孙芳芳,2019Q4,79200.0,,19400.0,17622.0,1.7,189.22,,17.74,167.34,买入,,
300433.SZ,蓝思科技,20200228,蓝思科技：新周期，龙头再出发,点评,一般报告,长江证券,"莫文宇,谢尔曼",2019Q4,3023400.0,818600.0,289700.0,260600.0,0.59,33.93,,13.0,17.42,买入,,
300433.SZ,蓝思科技,20200228,蓝思科技：新周期，龙头再出发,点评,一般报告,长江证券,"莫文宇,谢尔曼",2021Q4,4557600.0,1362100.0,532500.0,482300.0,1.1,18.33,,17.0,10.41,买入,,
002013.SZ,中航机电,20200228,中航机电：业绩符合预期，机电龙头前景广阔,点评,一般报告,东方证券,"王天一,罗楠,冯函",2020Q4,1419500.0,,148800.0,116000.0,0.32,24.1,,11.4,9.9,买入,,9.92
002179.SZ,中航光电,20200228,中航光电点评报告：收入快于利润增速，公司加大研发支出,点评,首份报告,浙商证券,武雨桐,2019Q4,915900.0,,131300.0,111400.0,1.012,27.89,,15.0,20.18,增持,,
002179.SZ,中航光电,20200228,中航光电点评报告：收入快于利润增速，公司加大研发支出,点评,首份报告,浙商证券,武雨桐,2020Q4,1100600.0,,159200.0,135500.0,1.231,22.94,,16.0,17.1,增持,,
002511.SZ,中顺洁柔,20200228,中顺洁柔：需求向好新品层出，盈利能力高位稳定,点评,一般报告,招商证券,"李宏鹏,吴昊,郑恺",2021Q4,933000.0,,107200.0,89900.0,0.69,21.3,,17.6,16.2,强烈推荐,,
002179.SZ,中航光电,20200228,中航光电点评报告：收入快于利润增速，公司加大研发支出,点评,首份报告,浙商证券,武雨桐,2021Q4,1324400.0,,198100.0,168700.0,1.532,18.42,,17.0,13.85,增持,,
603660.SH,苏州科达,20200228,苏州科达公司公告：2020年有望迎来业绩拐点,点评,一般报告,海通证券,"郑宏达,杨林,黄竞晶,洪琳",2020Q4,304300.0,,25700.0,25000.0,0.5,28.15,0.0,11.3,23.88,优于大市,,
300737.SZ,科顺股份,20200228,科顺股份：收入高速增长，盈利能力提升,一般,一般报告,兴业证券,"李华丰,陈晨",2021Q4,785800.0,,77800.0,66000.0,1.08,11.88,,15.0,7.0,审慎增持,,
300737.SZ,科顺股份,20200228,科顺股份：收入高速增长，盈利能力提升,一般,一般报告,兴业证券,"李华丰,陈晨",2020Q4,615900.0,,60800.0,51600.0,0.85,15.19,,13.5,9.0,审慎增持,,
300737.SZ,科顺股份,20200228,科顺股份：收入高速增长，盈利能力提升,一般,一般报告,兴业证券,"李华丰,陈晨",2019Q4,465100.0,,43300.0,36700.0,0.6,21.34,,11.0,13.0,审慎增持,,
002221.SZ,东华能源,20200228,东华能源公司动态点评：项目有序推进，PDH龙头再出发,点评,一般报告,长城证券,"易碧红,黄寅斌",2021Q4,2930500.0,,201872.0,157100.0,0.952,9.68,,12.9,5.39,推荐,,
002221.SZ,东华能源,20200228,东华能源公司动态点评：项目有序推进，PDH龙头再出发,点评,一般报告,长城证券,"易碧红,黄寅斌",2020Q4,3947600.0,,173044.0,134400.0,0.815,11.31,,12.6,7.1,推荐,,
002221.SZ,东华能源,20200228,东华能源公司动态点评：项目有序推进，PDH龙头再出发,点评,一般报告,长城证券,"易碧红,黄寅斌",2019Q4,4879604.0,,142707.0,111900.0,0.678,13.58,,11.8,8.17,推荐,,
002391.SZ,长青股份,20200228,长青股份：年报符合预期，关注后续虫灾影响,点评,一般报告,华泰证券,"刘曦,庄汀洲",2021Q4,422900.0,,63252.0,55043.0,1.02,9.5,,13.09,6.16,增持,,
002391.SZ,长青股份,20200228,长青股份：年报符合预期，关注后续虫灾影响,点评,一般报告,华泰证券,"刘曦,庄汀洲",2019Q4,340000.0,,42434.0,37061.0,0.69,14.11,,10.52,8.61,增持,,
002391.SZ,长青股份,20200228,长青股份：年报符合预期，关注后续虫灾影响,点评,一般报告,华泰证券,"刘曦,庄汀洲",2020Q4,392100.0,,57043.0,49766.0,0.92,10.51,,12.9,6.67,增持,,
300070.SZ,碧水源,20200228,碧水源：业绩符合预期，环保龙头再起航,点评,一般报告,华泰证券,"王玮嘉,吴祖鹏,施静",2021Q4,1483700.0,,266500.0,206300.0,0.65,15.89,,9.17,11.5,买入,,
300070.SZ,碧水源,20200228,碧水源：业绩符合预期，环保龙头再起航,点评,一般报告,华泰证券,"王玮嘉,吴祖鹏,施静",2020Q4,1370400.0,,220800.0,170400.0,0.54,19.24,,8.18,13.52,买入,,
300070.SZ,碧水源,20200228,碧水源：业绩符合预期，环保龙头再起航,点评,一般报告,华泰证券,"王玮嘉,吴祖鹏,施静",2019Q4,1271400.0,,178600.0,139300.0,0.44,23.54,,7.16,16.34,买入,,
002396.SZ,星网锐捷,20200228,星网锐捷2019年业绩快报点评：符合预期云计算与桌面云双轮驱动,点评,一般报告,申港证券,曹旭特,2020Q4,1137274.0,,112900.0,80601.0,1.38,32.62,,16.45,18.98,买入,,
002396.SZ,星网锐捷,20200228,星网锐捷2019年业绩快报点评：符合预期云计算与桌面云双轮驱动,点评,一般报告,申港证券,曹旭特,2019Q4,927169.0,,86200.0,61111.0,1.05,43.03,,14.55,25.12,买入,,
002396.SZ,星网锐捷,20200228,星网锐捷2019年业绩快报点评：符合预期云计算与桌面云双轮驱动,点评,一般报告,申港证券,曹旭特,2021Q4,1395276.0,,148900.0,106707.0,1.83,24.64,,18.33,14.33,买入,,
300747.SZ,锐科激光,20200228,锐科激光：市占率提升至25％，行业定价影响力提升,点评,一般报告,国金证券,"王华君,樊志远,丁健",2021Q4,317600.0,90100.0,55800.0,48100.0,2.506,28.0,,19.93,,增持,,
300747.SZ,锐科激光,20200228,锐科激光：市占率提升至25％，行业定价影响力提升,点评,一般报告,国金证券,"王华君,樊志远,丁健",2020Q4,264300.0,72100.0,45400.0,39200.0,2.04,37.8,,17.17,,增持,,
300747.SZ,锐科激光,20200228,锐科激光：市占率提升至25％，行业定价影响力提升,点评,一般报告,国金证券,"王华君,樊志远,丁健",2019Q4,201400.0,56500.0,37900.0,32600.0,1.7,46.4,,15.05,,增持,,
688366.SH,昊海生科,20200228,昊海生科：高天花板眼科植入晶体领域的稀缺领先布局者,点评,首次评级,国金证券,赵海春,2021Q4,200000.0,158500.0,65700.0,51800.0,2.915,12.87,,8.49,,增持,,
688111.SH,金山办公,20200228,金山办公2019年业绩快报点评：业绩超预期，订阅业务增长突出,点评,一般报告,国信证券,"熊莉,于威业",2020Q4,289529.0,,77800.0,66116.0,1.43,163.38,0.5,40.74,149.44,买入,,
688111.SH,金山办公,20200228,金山办公：业绩超预期，授权和订阅业务双轮驱动增长,点评,一般报告,东北证券,"安永平,邵珠印,赵伟博,朴虹睿",2019Q4,157900.0,,41000.0,40300.0,0.87,268.28,0.13,6.82,,买入,,281.17
688088.SH,虹软科技,20200228,虹软科技：业绩符合预期，AIoT大有可为,点评,一般报告,东北证券,"张世杰,杨一飞",2020Q4,81900.0,,36300.0,32800.0,0.81,93.89,0.0,20.11,,买入,,81.0
688396.SH,华润微,20200228,华润微：半导体IDM龙头，聚焦于功率与特色工艺,深度,首次关注,中泰证券,"刘翔,刘尚",2021Q4,816306.0,203600.0,76700.0,59700.0,0.51,93.83,,6.22,86.85,买入,,
688088.SH,虹软科技,20200228,虹软科技：加大新视觉解决方案研发投入，5G时代新产品将带动公司高增长,点评,一般报告,中信建投,石泽蕤,2021Q4,145220.0,,,55090.0,1.357,49.53,,,,增持,,
688016.SH,心脉医疗,20200228,心脉医疗：业绩符合预期，主动脉支架业务维持高速增长,点评,一般报告,中信建投,贺菊颖,2019Q4,33400.0,,,14200.0,1.97,85.0,,,,买入,,
688363.SH,华熙生物,20200228,华熙生物：19年业绩同比增38%，玻尿酸龙头供需双振,点评,一般报告,天风证券,"刘章明,郑薇",2020Q4,262277.0,,90924.0,77286.0,1.61,54.59,,24.73,43.52,买入,,
688299.SH,长阳科技,20200228,长阳科技：三星收入增速亮眼，新业务布局意在折叠膜？,点评,一般报告,华西证券,"王秀钢,李化",2020Q4,108194.0,,23793.0,20981.0,0.74,23.42,,11.54,,买入,,37.0
688111.SH,金山办公,20200228,金山办公：19Q4扣非超预期，远程办公加速用户习惯培养,点评,一般报告,招商证券,刘玉萍,2021Q4,330000.0,,115900.0,110600.0,2.4,97.6,,31.4,92.9,无,,
688300.SH,联瑞新材,20200228,联瑞新材：业绩超出预期，发展进入快车道,点评,一般报告,招商证券,"周铮,段一帆,钟浩",2021Q4,67000.0,,19000.0,16300.0,1.89,31.2,,14.5,21.4,强烈推荐,78.8,76.5
688005.SH,容百科技,20200228,容百科技：高镍正极龙头收入高增速，坏账计提和毛利率下滑拖累盈利水平,点评,一般报告,新时代证券,"开文明,王琎",2020Q4,572100.0,,40200.0,36000.0,0.81,44.9,,10.1,31.0,强烈推荐,,
688368.SH,晶丰明源,20200228,晶丰明源：业绩快报符合预期，成长动能充足,点评,一般报告,中泰证券,"刘翔,张欣",2021Q4,122400.0,30700.0,12000.0,11067.0,1.8,53.29,,8.34,,买入,,
688008.SH,澜起科技,20200228,澜起科技：业绩快报符合预期，2020年行业上行带动收入成长,点评,一般报告,中金,"丁宁,黄乐平,姚逊宇",2019Q4,173800.0,,97900.0,93300.0,0.83,109.7,0.0,17.6,109.5,中性,,64.0
688363.SH,华熙生物,20200228,华熙生物：收入结构优化，化妆品爆发式增长——2019 年业绩预告点评,点评,一般报告,中泰证券,邓欣,2021Q4,320700.0,249600.0,120600.0,97100.0,2.02,42.71,,21.64,,买入,,
688088.SH,虹软科技,20200228,虹软科技：主业仍景气，屏下指纹进展顺利,点评,一般报告,华泰证券,"谢春生,郭雅丽,郭梁良,金兴",2019Q4,56448.0,,24443.0,20679.0,0.51,148.82,,8.21,151.8,买入,,
688363.SH,华熙生物,20200228,华熙生物：19年业绩同比增38%，玻尿酸龙头供需双振,点评,一般报告,天风证券,"刘章明,郑薇",2019Q4,187782.0,,68861.0,58531.0,1.22,72.08,,24.89,57.91,买入,,
688169.SH,石头科技,20200228,石头科技：自主品牌高增，业绩略超预期——2019 业绩快报点评,点评,一般报告,中泰证券,邓欣,2020Q4,534800.0,198900.0,130200.0,105700.0,15.77,27.45,,41.37,,买入,,
688169.SH,石头科技,20200228,石头科技：收入业绩快速爆发，扫地机器人领军者未来可期,点评,一般报告,申万宏源证券,"史晋星,刘正,周海晨,韩强,梁姝雯",2020Q4,532200.0,171100.0,106100.0,90400.0,13.56,31.0,,6.3,,增持,,
688368.SH,晶丰明源,20200228,晶丰明源：业绩快报符合预期，成长动能充足,点评,一般报告,中泰证券,"刘翔,张欣",2019Q4,87300.0,20200.0,10200.0,9379.0,1.52,62.88,,7.81,,买入,,
688111.SH,金山办公,20200228,金山办公：19Q4扣非超预期，远程办公加速用户习惯培养,点评,一般报告,招商证券,刘玉萍,2019Q4,157900.0,,41800.0,40300.0,0.87,268.3,,19.6,257.3,无,,
688088.SH,虹软科技,20200228,虹软科技：业绩符合预期，AIoT大有可为,点评,一般报告,东北证券,"张世杰,杨一飞",2021Q4,109200.0,,50300.0,45100.0,1.11,68.19,0.0,21.69,,买入,,81.0
688088.SH,虹软科技,20200228,虹软科技：主业仍景气，屏下指纹进展顺利,点评,一般报告,华泰证券,"谢春生,郭雅丽,郭梁良,金兴",2020Q4,78108.0,,42636.0,36241.0,0.89,84.92,,12.58,78.96,买入,,
688366.SH,昊海生科,20200228,昊海生科：高天花板眼科植入晶体领域的稀缺领先布局者,点评,首次评级,国金证券,赵海春,2019Q4,160400.0,126100.0,47700.0,37100.0,2.087,17.97,,6.91,,增持,,
688029.SH,南微医学,20200228,南微医学：业绩符合预期，核心产品持续放量,点评,一般报告,中信建投,贺菊颖,2021Q4,210000.0,,,52100.0,3.92,45.0,,,,买入,,
688016.SH,心脉医疗,20200228,心脉医疗：全年高增长兑现，新品上市推动公司加速发展,点评,一般报告,平安证券,"叶寅,倪亦道",2021Q4,60800.0,,29700.0,25800.0,3.58,47.1,,16.8,35.8,推荐,,
688016.SH,心脉医疗,20200228,心脉医疗：业绩符合预期，主动脉支架业务维持高速增长,点评,一般报告,中信建投,贺菊颖,2021Q4,56100.0,,,25100.0,3.49,48.0,,,,买入,,
688300.SH,联瑞新材,20200228,联瑞新材：业绩超出预期，发展进入快车道,点评,一般报告,招商证券,"周铮,段一帆,钟浩",2019Q4,31500.0,,8700.0,7500.0,0.87,67.9,,8.3,47.4,强烈推荐,78.8,76.5
688029.SH,南微医学,20200228,南微医学：业绩符合预期，核心产品持续放量,点评,一般报告,中信建投,贺菊颖,2019Q4,130700.0,,,30400.0,2.29,78.0,,,,买入,,
688363.SH,华熙生物,20200228,华熙生物：预告2019净利润同比增38%，护肤及医美板块快速发力,点评,一般报告,中金,"樊俊豪,徐卓楠",2020Q4,259800.0,203200.0,97600.0,80300.0,1.67,52.5,0.1,20.4,38.2,跑赢行业,,100.0
688088.SH,虹软科技,20200228,虹软科技：主业仍景气，屏下指纹进展顺利,点评,一般报告,华泰证券,"谢春生,郭雅丽,郭梁良,金兴",2021Q4,122100.0,,64266.0,54626.0,1.35,56.34,,15.94,49.32,买入,,
688111.SH,金山办公,20200228,金山办公2019年业绩快报点评：业绩超预期，订阅业务增长突出,点评,一般报告,国信证券,"熊莉,于威业",2019Q4,157929.0,,41600.0,40209.0,0.87,268.64,0.3,29.75,329.84,买入,,
688088.SH,虹软科技,20200228,虹软科技：业绩符合预期，AIoT大有可为,点评,一般报告,东北证券,"张世杰,杨一飞",2019Q4,56400.0,,22700.0,20700.0,0.51,148.64,0.0,15.9,,买入,,81.0
688088.SH,虹软科技,20200228,虹软科技：加大新视觉解决方案研发投入，5G时代新产品将带动公司高增长,点评,一般报告,中信建投,石泽蕤,2020Q4,81230.0,,,35040.0,0.863,77.87,,,,增持,,
688169.SH,石头科技,20200228,石头科技：自主品牌高增，业绩略超预期——2019 业绩快报点评,点评,一般报告,中泰证券,邓欣,2019Q4,421100.0,147400.0,95600.0,78200.0,11.67,37.1,,52.2,,买入,,
688111.SH,金山办公,20200228,金山办公：19Q4扣非超预期，远程办公加速用户习惯培养,点评,一般报告,招商证券,刘玉萍,2020Q4,240400.0,,71500.0,68500.0,1.49,157.7,,26.1,150.4,无,,
688088.SH,虹软科技,20200228,虹软科技：加大新视觉解决方案研发投入，5G时代新产品将带动公司高增长,点评,一般报告,中信建投,石泽蕤,2019Q4,56450.0,,,20670.0,0.509,132.03,,,,增持,,
688363.SH,华熙生物,20200228,华熙生物：预告2019净利润同比增38%，护肤及医美板块快速发力,点评,一般报告,中金,"樊俊豪,徐卓楠",2019Q4,187800.0,147500.0,71100.0,58500.0,1.22,72.1,0.1,22.2,52.4,跑赢行业,,100.0
688363.SH,华熙生物,20200228,华熙生物：长期看好公司三大业务成长空间,点评,一般报告,国盛证券,"鞠兴海,刘畅",2021Q4,365700.0,,121400.0,99900.0,2.08,42.2,,26.4,33.0,买入,,
688111.SH,金山办公,20200228,金山办公2019年业绩快报点评：国产扛旗，业绩加速,点评,一般报告,中信证券,"杨泽原,刘雯蜀,张帅",2019Q4,157924.0,,40300.0,40303.0,0.87,268.0,,6.61,,买入,,
688169.SH,石头科技,20200228,石头科技：收入业绩快速爆发，扫地机器人领军者未来可期,点评,一般报告,申万宏源证券,"史晋星,刘正,周海晨,韩强,梁姝雯",2019Q4,415100.0,127600.0,82800.0,70600.0,10.59,39.0,,5.3,,增持,,
688008.SH,澜起科技,20200228,澜起科技：业绩快报符合预期，2020年行业上行带动收入成长,点评,一般报告,中金,"丁宁,黄乐平,姚逊宇",2021Q4,310800.0,,151400.0,144300.0,1.28,71.0,0.0,16.9,62.6,中性,,64.0
688368.SH,晶丰明源,20200228,晶丰明源：业绩快报符合预期，成长动能充足,点评,一般报告,中泰证券,"刘翔,张欣",2020Q4,102500.0,24700.0,5200.0,4752.0,0.77,124.09,,3.84,,买入,,
688363.SH,华熙生物,20200228,华熙生物：长期看好公司三大业务成长空间,点评,一般报告,国盛证券,"鞠兴海,刘畅",2019Q4,187800.0,,71100.0,58500.0,1.22,72.1,,25.4,56.6,买入,,
688299.SH,长阳科技,20200228,长阳科技：三星收入增速亮眼，新业务布局意在折叠膜？,点评,一般报告,华西证券,"王秀钢,李化",2019Q4,91026.0,,14926.0,13175.0,0.47,37.3,,8.19,,买入,,37.0
688005.SH,容百科技,20200228,容百科技：高镍正极龙头收入高增速，坏账计提和毛利率下滑拖累盈利水平,点评,一般报告,新时代证券,"开文明,王琎",2019Q4,419600.0,,10600.0,9500.0,0.21,171.2,,2.9,87.1,强烈推荐,,
688363.SH,华熙生物,20200228,华熙生物：收入结构优化，化妆品爆发式增长——2019 年业绩预告点评,点评,一般报告,中泰证券,邓欣,2020Q4,246400.0,193300.0,92600.0,74800.0,1.56,55.47,,21.26,,买入,,
688008.SH,澜起科技,20200228,澜起科技动态点评：营收增长低于预期，关注服务器市场回暖,点评,一般报告,东方财富证券,"王好,危鹏华",2021Q4,250116.0,,,143603.0,1.27,71.28,,,73.82,增持,,
688396.SH,华润微,20200228,华润微：半导体IDM龙头，聚焦于功率与特色工艺,深度,首次关注,中泰证券,"刘翔,刘尚",2020Q4,688214.0,163400.0,61800.0,48100.0,0.41,116.42,,5.34,136.14,买入,,
688008.SH,澜起科技,20200228,澜起科技动态点评：营收增长低于预期，关注服务器市场回暖,点评,一般报告,东方财富证券,"王好,危鹏华",2019Q4,173773.0,,,93285.0,0.83,109.73,,,111.44,增持,,
688169.SH,石头科技,20200228,石头科技：自主品牌高增，业绩略超预期——2019 业绩快报点评,点评,一般报告,中泰证券,邓欣,2021Q4,652400.0,249200.0,163600.0,133300.0,19.9,21.76,,34.29,,买入,,
688111.SH,金山办公,20200228,金山办公2019年业绩快报点评：国产扛旗，业绩加速,点评,一般报告,中信证券,"杨泽原,刘雯蜀,张帅",2021Q4,337157.0,,114600.0,110747.0,2.4,98.0,,14.42,,买入,,
688016.SH,心脉医疗,20200228,心脉医疗：全年高增长兑现，新品上市推动公司加速发展,点评,一般报告,平安证券,"叶寅,倪亦道",2019Q4,33400.0,,16300.0,14200.0,1.97,85.5,,13.0,66.4,推荐,,
688300.SH,联瑞新材,20200228,联瑞新材：业绩超出预期，发展进入快车道,点评,一般报告,招商证券,"周铮,段一帆,钟浩",2020Q4,50800.0,,14000.0,12000.0,1.4,42.3,,12.0,29.1,强烈推荐,78.8,76.5
688111.SH,金山办公,20200228,金山办公：业绩超预期，授权和订阅业务双轮驱动增长,点评,一般报告,东北证券,"安永平,邵珠印,赵伟博,朴虹睿",2021Q4,359100.0,,123000.0,120600.0,2.62,89.59,0.44,16.91,,买入,,281.17
688016.SH,心脉医疗,20200228,心脉医疗：业绩符合预期，主动脉支架业务维持高速增长,点评,一般报告,中信建投,贺菊颖,2020Q4,42900.0,,,18900.0,2.62,64.0,,,,买入,,
688169.SH,石头科技,20200228,石头科技：收入业绩快速爆发，扫地机器人领军者未来可期,点评,一般报告,申万宏源证券,"史晋星,刘正,周海晨,韩强,梁姝雯",2021Q4,664300.0,222000.0,131600.0,112100.0,16.81,25.0,,7.3,,增持,,
688111.SH,金山办公,20200228,金山办公：业绩超预期，授权和订阅业务双轮驱动增长,点评,一般报告,东北证券,"安永平,邵珠印,赵伟博,朴虹睿",2020Q4,251500.0,,84800.0,83100.0,1.8,130.05,0.31,12.97,,买入,,281.17
688008.SH,澜起科技,20200228,澜起科技：业绩快报符合预期，2020年行业上行带动收入成长,点评,一般报告,中金,"丁宁,黄乐平,姚逊宇",2020Q4,260200.0,,126700.0,120700.0,1.07,84.8,0.0,16.2,76.3,中性,,64.0
688029.SH,南微医学,20200228,南微医学：快报业绩超预期，新冠冲击正在逐步恢复,点评,一般报告,国金证券,袁维,2019Q4,128800.0,84800.0,36600.0,30000.0,2.253,71.27,,12.75,,买入,,
688363.SH,华熙生物,20200228,华熙生物：19年业绩同比增38%，玻尿酸龙头供需双振,点评,一般报告,天风证券,"刘章明,郑薇",2021Q4,366392.0,,126277.0,107335.0,2.24,39.31,,25.57,31.11,买入,,
688111.SH,金山办公,20200228,金山办公2019年业绩快报点评：国产扛旗，业绩加速,点评,一般报告,中信证券,"杨泽原,刘雯蜀,张帅",2020Q4,256723.0,,85300.0,85272.0,1.85,127.0,,12.49,,买入,,
688029.SH,南微医学,20200228,南微医学：业绩符合预期，核心产品持续放量,点评,一般报告,中信建投,贺菊颖,2020Q4,161300.0,,,39400.0,2.97,60.0,,,,买入,,
688363.SH,华熙生物,20200228,华熙生物：长期看好公司三大业务成长空间,点评,一般报告,国盛证券,"鞠兴海,刘畅",2020Q4,264500.0,,93000.0,76500.0,1.59,55.1,,26.0,43.4,买入,,
688363.SH,华熙生物,20200228,华熙生物：收入结构优化，化妆品爆发式增长——2019 年业绩预告点评,点评,一般报告,中泰证券,邓欣,2019Q4,187800.0,148200.0,72500.0,58500.0,1.22,70.86,,21.14,,买入,,
688111.SH,金山办公,20200228,金山办公2019年业绩快报点评：业绩超预期，订阅业务增长突出,点评,一般报告,国信证券,"熊莉,于威业",2021Q4,416431.0,,112700.0,95779.0,2.08,112.78,0.7,47.52,111.61,买入,,
688008.SH,澜起科技,20200228,澜起科技动态点评：营收增长低于预期，关注服务器市场回暖,点评,一般报告,东方财富证券,"王好,危鹏华",2020Q4,206790.0,,,119312.0,1.06,85.79,,,89.14,增持,,
688366.SH,昊海生科,20200228,昊海生科：高天花板眼科植入晶体领域的稀缺领先布局者,点评,首次评级,国金证券,赵海春,2020Q4,163600.0,128000.0,51600.0,39900.0,2.246,16.7,,7.03,,增持,,
688029.SH,南微医学,20200228,南微医学：快报业绩超预期，新冠冲击正在逐步恢复,点评,一般报告,国金证券,袁维,2021Q4,224000.0,155300.0,65500.0,53900.0,4.045,39.7,,18.42,,买入,,
688363.SH,华熙生物,20200228,华熙生物：预告2019净利润同比增38%，护肤及医美板块快速发力,点评,一般报告,中金,"樊俊豪,徐卓楠",2021Q4,350600.0,274500.0,131400.0,108200.0,2.25,39.0,0.1,22.4,28.1,跑赢行业,,100.0
688005.SH,容百科技,20200228,容百科技：高镍正极龙头收入高增速，坏账计提和毛利率下滑拖累盈利水平,点评,一般报告,新时代证券,"开文明,王琎",2021Q4,750000.0,,55100.0,49300.0,1.11,32.8,,12.1,22.8,强烈推荐,,
688016.SH,心脉医疗,20200228,心脉医疗：全年高增长兑现，新品上市推动公司加速发展,点评,一般报告,平安证券,"叶寅,倪亦道",2020Q4,45200.0,,22000.0,19100.0,2.65,63.5,,14.9,49.0,推荐,,
688299.SH,长阳科技,20200228,长阳科技：三星收入增速亮眼，新业务布局意在折叠膜？,点评,一般报告,华西证券,"王秀钢,李化",2021Q4,154706.0,,45406.0,40052.0,1.42,12.27,,18.05,,买入,,37.0
688029.SH,南微医学,20200228,南微医学：快报业绩超预期，新冠冲击正在逐步恢复,点评,一般报告,国金证券,袁维,2020Q4,171000.0,116300.0,50400.0,41500.0,3.111,51.63,,15.92,,买入,,
300760.SZ,迈瑞医疗,20200227,迈瑞医疗：业绩稳健增长，高端产品和新兴业务持续发力,点评,一般报告,长江证券,"高岳,郑辰,李婵娟,芦湖",2019Q4,1655600.0,1109000.0,533400.0,468100.0,3.85,63.66,,24.0,60.53,买入,,
300122.SZ,智飞生物,20200227,智飞生物：业绩符合预期，2020年持续高增长,点评,一般报告,西南证券,朱国广,2021Q4,2159384.0,,540946.0,470623.0,2.94,20.49,1.68,42.13,16.02,买入,,
002468.SZ,申通快递,20200227,申通快递：19Q4归母净利同比下降25.4%，业务量有望逐渐回升,一般,一般报告,广发证券,"关鹏,曾靖珂",2020Q4,2597300.0,246300.0,185000.0,145900.0,0.95,20.71,,13.7,10.0,买入,,21.9
002035.SZ,华帝股份,20200227,华帝股份：营收同比转正，经营趋势向好,点评,一般报告,长江证券,"管泉森,孙珊,徐春,周振",2021Q4,694900.0,343400.0,114400.0,96000.0,1.1,11.28,,19.0,6.3,买入,,
300122.SZ,智飞生物,20200227,智飞生物：业绩符合预期，2020年持续高增长,点评,一般报告,西南证券,朱国广,2020Q4,1503711.0,,387315.0,336964.0,2.11,28.61,1.19,41.68,22.56,买入,,
002034.SZ,旺能环境,20200227,旺能环境：业绩表现亮眼，盈利能力持续提升,点评,一般报告,财富证券,黄红卫,2019Q4,119759.0,,,41983.0,0.998,14.78,,,,推荐,,
002182.SZ,云海金属,20200227,云海金属：销量增加＋博奥并表助推公司业绩大幅增长,点评,一般报告,财通证券,李帅华,2020Q4,587000.0,,56800.0,45500.0,0.7,16.6,1.5,15.0,9.9,增持,,
002182.SZ,云海金属,20200227,云海金属：销量增加＋博奥并表助推公司业绩大幅增长,点评,一般报告,财通证券,李帅华,2019Q4,559000.0,,105800.0,89900.0,1.39,8.4,2.9,33.5,6.2,增持,,
002034.SZ,旺能环境,20200227,旺能环境：业绩表现亮眼，盈利能力持续提升,点评,一般报告,财富证券,黄红卫,2020Q4,140886.0,,,48998.0,1.164,12.67,,,,推荐,,
002182.SZ,云海金属,20200227,云海金属：销量增加＋博奥并表助推公司业绩大幅增长,点评,一般报告,财通证券,李帅华,2021Q4,610400.0,,69800.0,55800.0,0.86,13.5,1.7,16.1,7.7,增持,,
002034.SZ,旺能环境,20200227,旺能环境：业绩表现亮眼，盈利能力持续提升,点评,一般报告,财信证券,黄红卫,2021Q4,155319.0,,,54375.0,1.292,11.41,,,,推荐,,
688018.SH,乐鑫科技,20200227,乐鑫科技年报点评：2019年业绩符合预期，IOT行业高度景气,,一般报告,新时代证券,"吴吉森,曾萌",2021Q4,160800.0,,44400.0,39300.0,4.91,56.0,,34.7,48.3,强烈推荐,,
688018.SH,乐鑫科技,20200227,乐鑫科技年报点评：2019年业绩符合预期，IOT行业高度景气,,一般报告,新时代证券,"吴吉森,曾萌",2020Q4,115000.0,,30500.0,27000.0,3.37,81.7,,36.4,70.8,强烈推荐,,
688018.SH,乐鑫科技,20200227,乐鑫科技年报点评：2019年业绩符合预期，IOT行业高度景气,,一般报告,新时代证券,"吴吉森,曾萌",2019Q4,75700.0,,18000.0,15900.0,1.99,138.3,,33.8,120.6,强烈推荐,,
603179.SH,新泉股份,20200227,新泉股份：员工持股绑定骨干利益，彰显发展信心,点评,一般报告,长江证券,"高登,高伊楠,陈斯竹",2020Q4,360400.0,79300.0,30300.0,26300.0,1.16,21.06,,14.0,13.73,买入,,
603179.SH,新泉股份,20200227,新泉股份：员工持股绑定骨干利益，彰显发展信心,点评,一般报告,长江证券,"高登,高伊楠,陈斯竹",2019Q4,297600.0,64000.0,22800.0,19800.0,0.87,28.0,,11.0,17.91,买入,,
603179.SH,新泉股份,20200227,新泉股份：员工持股绑定骨干利益，彰显发展信心,点评,一般报告,长江证券,"高登,高伊楠,陈斯竹",2021Q4,412000.0,92700.0,38000.0,33000.0,1.45,16.79,,15.0,11.2,买入,,
002422.SZ,科伦药业,20200227,科伦药业：经营性业绩符合预期，受费用影响表观下滑,点评,一般报告,中泰证券,"江琦,祝嘉琦",2021Q4,2059359.0,,223659.0,161929.0,1.12,21.39,,10.3,11.0,买入,,
002422.SZ,科伦药业,20200227,科伦药业：经营性业绩符合预期，受费用影响表观下滑,点评,一般报告,中泰证券,"江琦,祝嘉琦",2020Q4,1908591.0,,169050.0,123745.0,0.86,28.0,,8.55,13.0,买入,,
002422.SZ,科伦药业,20200227,科伦药业：经营性业绩符合预期，受费用影响表观下滑,点评,一般报告,中泰证券,"江琦,祝嘉琦",2019Q4,1763976.0,,123700.0,93535.0,0.65,37.04,,6.91,15.0,买入,,
300476.SZ,胜宏科技,20200227,胜宏科技：业绩符合预期，服务器板+手机主板升级引领成长,点评,一般报告,中泰证券,刘翔,2021Q4,626100.0,,104400.0,92900.0,1.19,20.8,2.2,22.7,16.6,买入,,
300476.SZ,胜宏科技,20200227,胜宏科技：业绩符合预期，服务器板+手机主板升级引领成长,点评,一般报告,中泰证券,刘翔,2020Q4,483800.0,,73400.0,65300.0,0.84,29.6,1.5,18.2,21.4,买入,,
300476.SZ,胜宏科技,20200227,胜宏科技：业绩符合预期，服务器板+手机主板升级引领成长,点评,一般报告,中泰证券,刘翔,2019Q4,388000.0,,51300.0,45700.0,0.59,42.3,1.1,14.2,26.1,买入,,
600323.SH,瀚蓝环境,20200227,医废综合治理方案出台，规范处置利好正规企业——环保价值发现系列报告之二,非个股,一般报告,申万宏源证券,"刘晓宁,高蕾,郑嘉伟",2019Q4,,,,89652.89,1.17,,,,,买入,,
002460.SZ,赣锋锂业,20200227,金属非金属新材料：深度解读特斯拉新电池“三大猜想”及对钴锂的影响,非个股,一般报告,兴业证券,"邱祖学,苏东,王丽佳",2021Q4,,,,170700.0,1.321,,,,,无,,
002460.SZ,赣锋锂业,20200227,金属非金属新材料：深度解读特斯拉新电池“三大猜想”及对钴锂的影响,非个股,一般报告,兴业证券,"邱祖学,苏东,王丽佳",2020Q4,,,,111200.0,0.86,,,,,无,,
002460.SZ,赣锋锂业,20200227,金属非金属新材料：深度解读特斯拉新电池“三大猜想”及对钴锂的影响,非个股,一般报告,兴业证券,"邱祖学,苏东,王丽佳",2019Q4,,,,46700.0,0.361,,,,,无,,
000920.SZ,南方汇通,20200227,医废综合治理方案出台，规范处置利好正规企业——环保价值发现系列报告之二,非个股,一般报告,申万宏源证券,"刘晓宁,高蕾,郑嘉伟",2021Q4,,,,11394.0,0.27,,,,,增持,,
000920.SZ,南方汇通,20200227,医废综合治理方案出台，规范处置利好正规企业——环保价值发现系列报告之二,非个股,一般报告,申万宏源证券,"刘晓宁,高蕾,郑嘉伟",2020Q4,,,,10550.0,0.25,,,,,增持,,
000920.SZ,南方汇通,20200227,医废综合治理方案出台，规范处置利好正规企业——环保价值发现系列报告之二,非个股,一般报告,申万宏源证券,"刘晓宁,高蕾,郑嘉伟",2019Q4,,,,8440.0,0.2,,,,,增持,,
300369.SZ,绿盟科技,20200227,计算机：网络安全行业2020年将进一步繁荣,非个股,一般报告,国泰君安,李沐华,2021Q4,,,,45492.707,0.57,,,,,增持,,
300369.SZ,绿盟科技,20200227,计算机：网络安全行业2020年将进一步繁荣,非个股,一般报告,国泰君安,李沐华,2020Q4,,,,33520.942,0.42,,,,,增持,,
300369.SZ,绿盟科技,20200227,计算机：网络安全行业2020年将进一步繁荣,非个股,一般报告,国泰君安,李沐华,2019Q4,,,,24741.647,0.31,,,,,增持,,
300454.SZ,深信服,20200227,计算机：网络安全行业2020年将进一步繁荣,非个股,一般报告,国泰君安,李沐华,2021Q4,,,,125131.705,3.06,,,,,增持,,
300454.SZ,深信服,20200227,计算机：网络安全行业2020年将进一步繁荣,非个股,一般报告,国泰君安,李沐华,2020Q4,,,,92826.461,2.27,,,,,增持,,
300454.SZ,深信服,20200227,计算机：网络安全行业2020年将进一步繁荣,非个股,一般报告,国泰君安,李沐华,2019Q4,,,,71153.322,1.74,,,,,增持,,
000333.SZ,美的集团,20200227,家电直播电商专题：借力扬帆，直播风口下的家电行业,非个股,一般报告,广发证券,"曾婵,袁雨辰,王朝宁,黄涛",2020Q4,,,,2690746.712,3.85,,,23.82,,买入,,
000333.SZ,美的集团,20200227,家电直播电商专题：借力扬帆，直播风口下的家电行业,非个股,一般报告,广发证券,"曾婵,袁雨辰,王朝宁,黄涛",2019Q4,,,,2404199.659,3.44,,,24.37,,买入,,
601200.SH,上海环境,20200227,医废综合治理方案出台，规范处置利好正规企业——环保价值发现系列报告之二,非个股,一般报告,申万宏源证券,"刘晓宁,高蕾,郑嘉伟",2021Q4,,,,76724.558,0.84,,,,,增持,,
601200.SH,上海环境,20200227,医废综合治理方案出台，规范处置利好正规企业——环保价值发现系列报告之二,非个股,一般报告,申万宏源证券,"刘晓宁,高蕾,郑嘉伟",2020Q4,,,,72157.62,0.79,,,,,增持,,
601200.SH,上海环境,20200227,医废综合治理方案出台，规范处置利好正规企业——环保价值发现系列报告之二,非个股,一般报告,申万宏源证券,"刘晓宁,高蕾,郑嘉伟",2019Q4,,,,59370.194,0.65,,,,,增持,,
000651.SZ,格力电器,20200227,家电直播电商专题：借力扬帆，直播风口下的家电行业,非个股,一般报告,广发证券,"曾婵,袁雨辰,王朝宁,黄涛",2020Q4,,,,3116148.595,5.18,,,24.46,,买入,,
000651.SZ,格力电器,20200227,家电直播电商专题：借力扬帆，直播风口下的家电行业,非个股,一般报告,广发证券,"曾婵,袁雨辰,王朝宁,黄涛",2019Q4,,,,2827393.513,4.7,,,25.97,,买入,,
002439.SZ,启明星辰,20200227,计算机：网络安全行业2020年将进一步繁荣,非个股,一般报告,国泰君安,李沐华,2021Q4,,,,111195.544,1.24,,,,,增持,,
002439.SZ,启明星辰,20200227,计算机：网络安全行业2020年将进一步繁荣,非个股,一般报告,国泰君安,李沐华,2020Q4,,,,88777.088,0.99,,,,,增持,,
002439.SZ,启明星辰,20200227,计算机：网络安全行业2020年将进一步繁荣,非个股,一般报告,国泰君安,李沐华,2019Q4,,,,69945.584,0.78,,,,,增持,,
002887.SZ,绿茵生态,20200227,寒冬已过，仍是最优细分：建筑行业园林行业专题,非个股,一般报告,中信证券,"罗鼎,杨畅",2021Q4,133700.0,,,36700.0,1.76,,,14.9,,买入,,
002887.SZ,绿茵生态,20200227,寒冬已过，仍是最优细分：建筑行业园林行业专题,非个股,一般报告,中信证券,"罗鼎,杨畅",2020Q4,101600.0,,,28800.0,1.39,,,13.3,,买入,,
002887.SZ,绿茵生态,20200227,寒冬已过，仍是最优细分：建筑行业园林行业专题,非个股,一般报告,中信证券,"罗鼎,杨畅",2019Q4,71300.0,,,20900.0,1.01,,,10.9,,买入,,
002242.SZ,九阳股份,20200227,家电直播电商专题：借力扬帆，直播风口下的家电行业,非个股,一般报告,广发证券,"曾婵,袁雨辰,王朝宁,黄涛",2020Q4,,,,94379.376,1.23,,,23.16,,买入,,
002242.SZ,九阳股份,20200227,家电直播电商专题：借力扬帆，直播风口下的家电行业,非个股,一般报告,广发证券,"曾婵,袁雨辰,王朝宁,黄涛",2019Q4,,,,82102.384,1.07,,,20.82,,买入,,
002841.SZ,视源股份,20200227,通信：视频会议的发展回顾与未来展望,非个股,一般报告,国信证券,"程成,陈彤",2021Q4,,,,247184.437,3.77,,,,,增持,,
002841.SZ,视源股份,20200227,通信：视频会议的发展回顾与未来展望,非个股,一般报告,国信证券,"程成,陈彤",2020Q4,,,,201288.122,3.07,,,,,增持,,
000826.SZ,启迪环境,20200227,医废综合治理方案出台，规范处置利好正规企业——环保价值发现系列报告之二,非个股,一般报告,申万宏源证券,"刘晓宁,高蕾,郑嘉伟",2021Q4,,,,117307.46,0.82,,,,,增持,,
000826.SZ,启迪环境,20200227,医废综合治理方案出台，规范处置利好正规企业——环保价值发现系列报告之二,非个股,一般报告,申万宏源证券,"刘晓宁,高蕾,郑嘉伟",2020Q4,,,,107293.409,0.75,,,,,增持,,
000826.SZ,启迪环境,20200227,医废综合治理方案出台，规范处置利好正规企业——环保价值发现系列报告之二,非个股,一般报告,申万宏源证券,"刘晓宁,高蕾,郑嘉伟",2019Q4,,,,65806.624,0.46,,,,,增持,,
300007.SZ,汉威科技,20200227,医废综合治理方案出台，规范处置利好正规企业——环保价值发现系列报告之二,非个股,一般报告,申万宏源证券,"刘晓宁,高蕾,郑嘉伟",2021Q4,,,,16116.254,0.55,,,,,增持,,
300007.SZ,汉威科技,20200227,医废综合治理方案出台，规范处置利好正规企业——环保价值发现系列报告之二,非个股,一般报告,申万宏源证券,"刘晓宁,高蕾,郑嘉伟",2020Q4,,,,14358.117,0.49,,,,,增持,,
300007.SZ,汉威科技,20200227,医废综合治理方案出台，规范处置利好正规企业——环保价值发现系列报告之二,非个股,一般报告,申万宏源证券,"刘晓宁,高蕾,郑嘉伟",2019Q4,,,,-12013.935,-0.41,,,,,增持,,
002938.SZ,鹏鼎控股,20200227,FPC行业深度研究报告：苹果复兴推动行业持续成长，有望呈现双龙戏珠新局面,非个股,一般报告,华创证券,"耿琛,蒋高振",2021Q4,,,,402188.962,1.74,,,,,强推,,
002938.SZ,鹏鼎控股,20200227,FPC行业深度研究报告：苹果复兴推动行业持续成长，有望呈现双龙戏珠新局面,非个股,一般报告,华创证券,"耿琛,蒋高振",2020Q4,,,,355960.346,1.54,,,,,强推,,
002938.SZ,鹏鼎控股,20200227,FPC行业深度研究报告：苹果复兴推动行业持续成长，有望呈现双龙戏珠新局面,非个股,一般报告,华创证券,"耿琛,蒋高振",2019Q4,,,,284305.99,1.23,,,,,强推,,
600008.SH,首创股份,20200227,医废综合治理方案出台，规范处置利好正规企业——环保价值发现系列报告之二,非个股,一般报告,申万宏源证券,"刘晓宁,高蕾,郑嘉伟",2021Q4,,,,130765.309,0.23,,,,,增持,,
600008.SH,首创股份,20200227,医废综合治理方案出台，规范处置利好正规企业——环保价值发现系列报告之二,非个股,一般报告,申万宏源证券,"刘晓宁,高蕾,郑嘉伟",2020Q4,,,,113708.964,0.2,,,,,增持,,
600008.SH,首创股份,20200227,医废综合治理方案出台，规范处置利好正规企业——环保价值发现系列报告之二,非个股,一般报告,申万宏源证券,"刘晓宁,高蕾,郑嘉伟",2019Q4,,,,96652.62,0.17,,,,,增持,,
300012.SZ,华测检测,20200227,医废综合治理方案出台，规范处置利好正规企业——环保价值发现系列报告之二,非个股,一般报告,申万宏源证券,"刘晓宁,高蕾,郑嘉伟",2021Q4,,,,72931.351,0.44,,,,,增持,,
300012.SZ,华测检测,20200227,医废综合治理方案出台，规范处置利好正规企业——环保价值发现系列报告之二,非个股,一般报告,申万宏源证券,"刘晓宁,高蕾,郑嘉伟",2020Q4,,,,54698.514,0.33,,,,,增持,,
300012.SZ,华测检测,20200227,医废综合治理方案出台，规范处置利好正规企业——环保价值发现系列报告之二,非个股,一般报告,申万宏源证券,"刘晓宁,高蕾,郑嘉伟",2019Q4,,,,48068.391,0.29,,,,,增持,,
600323.SH,瀚蓝环境,20200227,医废综合治理方案出台，规范处置利好正规企业——环保价值发现系列报告之二,非个股,一般报告,申万宏源证券,"刘晓宁,高蕾,郑嘉伟",2021Q4,,,,125667.299,1.64,,,,,买入,,
600323.SH,瀚蓝环境,20200227,医废综合治理方案出台，规范处置利好正规企业——环保价值发现系列报告之二,非个股,一般报告,申万宏源证券,"刘晓宁,高蕾,郑嘉伟",2020Q4,,,,114173.339,1.49,,,,,买入,,
603568.SH,伟明环保,20200227,医废综合治理方案出台，规范处置利好正规企业——环保价值发现系列报告之二,非个股,一般报告,申万宏源证券,"刘晓宁,高蕾,郑嘉伟",2021Q4,,,,144987.501,1.5,,,,,增持,,
603568.SH,伟明环保,20200227,医废综合治理方案出台，规范处置利好正规企业——环保价值发现系列报告之二,非个股,一般报告,申万宏源证券,"刘晓宁,高蕾,郑嘉伟",2020Q4,,,,118889.751,1.23,,,,,增持,,
603568.SH,伟明环保,20200227,医废综合治理方案出台，规范处置利好正规企业——环保价值发现系列报告之二,非个股,一般报告,申万宏源证券,"刘晓宁,高蕾,郑嘉伟",2019Q4,,,,94725.168,0.98,,,,,增持,,
688023.SH,安恒信息,20200227,计算机：网络安全行业2020年将进一步繁荣,非个股,一般报告,国泰君安,李沐华,2021Q4,,,,18962.963,2.56,,,,,增持,,
688023.SH,安恒信息,20200227,计算机：网络安全行业2020年将进一步繁荣,非个股,一般报告,国泰君安,李沐华,2020Q4,,,,13481.482,1.82,,,,,增持,,
688023.SH,安恒信息,20200227,计算机：网络安全行业2020年将进一步繁荣,非个股,一般报告,国泰君安,李沐华,2019Q4,,,,9333.333,1.26,,,,,增持,,
300137.SZ,先河环保,20200227,医废综合治理方案出台，规范处置利好正规企业——环保价值发现系列报告之二,非个股,一般报告,申万宏源证券,"刘晓宁,高蕾,郑嘉伟",2021Q4,,,,51797.06,0.94,,,,,买入,,
300137.SZ,先河环保,20200227,医废综合治理方案出台，规范处置利好正规企业——环保价值发现系列报告之二,非个股,一般报告,申万宏源证券,"刘晓宁,高蕾,郑嘉伟",2020Q4,,,,41327.441,0.75,,,,,买入,,
300137.SZ,先河环保,20200227,医废综合治理方案出台，规范处置利好正规企业——环保价值发现系列报告之二,非个股,一般报告,申万宏源证券,"刘晓宁,高蕾,郑嘉伟",2019Q4,,,,28102.66,0.51,,,,,买入,,
601158.SH,重庆水务,20200227,医废综合治理方案出台，规范处置利好正规企业——环保价值发现系列报告之二,非个股,一般报告,申万宏源证券,"刘晓宁,高蕾,郑嘉伟",2021Q4,,,,225600.0,0.47,,,,,增持,,
601158.SH,重庆水务,20200227,医废综合治理方案出台，规范处置利好正规企业——环保价值发现系列报告之二,非个股,一般报告,申万宏源证券,"刘晓宁,高蕾,郑嘉伟",2020Q4,,,,206400.0,0.43,,,,,增持,,
601158.SH,重庆水务,20200227,医废综合治理方案出台，规范处置利好正规企业——环保价值发现系列报告之二,非个股,一般报告,申万宏源证券,"刘晓宁,高蕾,郑嘉伟",2019Q4,,,,177600.0,0.37,,,,,增持,,
603799.SH,华友钴业,20200227,金属非金属新材料：深度解读特斯拉新电池“三大猜想”及对钴锂的影响,非个股,一般报告,兴业证券,"邱祖学,苏东,王丽佳",2021Q4,,,,197000.0,1.77,,,,,无,,
603799.SH,华友钴业,20200227,金属非金属新材料：深度解读特斯拉新电池“三大猜想”及对钴锂的影响,非个股,一般报告,兴业证券,"邱祖学,苏东,王丽佳",2020Q4,,,,169000.0,1.519,,,,,无,,
603799.SH,华友钴业,20200227,金属非金属新材料：深度解读特斯拉新电池“三大猜想”及对钴锂的影响,非个股,一般报告,兴业证券,"邱祖学,苏东,王丽佳",2019Q4,,,,18000.0,0.162,,,,,无,,
002573.SZ,清新环境,20200227,医废综合治理方案出台，规范处置利好正规企业——环保价值发现系列报告之二,非个股,一般报告,申万宏源证券,"刘晓宁,高蕾,郑嘉伟",2021Q4,,,,56226.149,0.52,,,,,增持,,
002573.SZ,清新环境,20200227,医废综合治理方案出台，规范处置利好正规企业——环保价值发现系列报告之二,非个股,一般报告,申万宏源证券,"刘晓宁,高蕾,郑嘉伟",2020Q4,,,,54063.605,0.5,,,,,增持,,
002573.SZ,清新环境,20200227,医废综合治理方案出台，规范处置利好正规企业——环保价值发现系列报告之二,非个股,一般报告,申万宏源证券,"刘晓宁,高蕾,郑嘉伟",2019Q4,,,,40007.068,0.37,,,,,增持,,
300422.SZ,博世科,20200227,医废综合治理方案出台，规范处置利好正规企业——环保价值发现系列报告之二,非个股,一般报告,申万宏源证券,"刘晓宁,高蕾,郑嘉伟",2021Q4,,,,54086.958,1.52,,,,,买入,,
300422.SZ,博世科,20200227,医废综合治理方案出台，规范处置利好正规企业——环保价值发现系列报告之二,非个股,一般报告,申万宏源证券,"刘晓宁,高蕾,郑嘉伟",2020Q4,,,,42700.23,1.2,,,,,买入,,
300422.SZ,博世科,20200227,医废综合治理方案出台，规范处置利好正规企业——环保价值发现系列报告之二,非个股,一般报告,申万宏源证券,"刘晓宁,高蕾,郑嘉伟",2019Q4,,,,30601.832,0.86,,,,,买入,,
300203.SZ,聚光科技,20200227,医废综合治理方案出台，规范处置利好正规企业——环保价值发现系列报告之二,非个股,一般报告,申万宏源证券,"刘晓宁,高蕾,郑嘉伟",2021Q4,,,,92313.55,2.04,,,,,买入,,
300203.SZ,聚光科技,20200227,医废综合治理方案出台，规范处置利好正规企业——环保价值发现系列报告之二,非个股,一般报告,申万宏源证券,"刘晓宁,高蕾,郑嘉伟",2020Q4,,,,79190.545,1.75,,,,,买入,,
300203.SZ,聚光科技,20200227,医废综合治理方案出台，规范处置利好正规企业——环保价值发现系列报告之二,非个股,一般报告,申万宏源证券,"刘晓宁,高蕾,郑嘉伟",2019Q4,,,,8145.313,0.18,,,,,买入,,
002672.SZ,东江环保,20200227,医废综合治理方案出台，规范处置利好正规企业——环保价值发现系列报告之二,非个股,一般报告,申万宏源证券,"刘晓宁,高蕾,郑嘉伟",2021Q4,,,,65065.766,0.74,,,,,增持,,
002672.SZ,东江环保,20200227,医废综合治理方案出台，规范处置利好正规企业——环保价值发现系列报告之二,非个股,一般报告,申万宏源证券,"刘晓宁,高蕾,郑嘉伟",2020Q4,,,,54514.56,0.62,,,,,增持,,
002672.SZ,东江环保,20200227,医废综合治理方案出台，规范处置利好正规企业——环保价值发现系列报告之二,非个股,一般报告,申万宏源证券,"刘晓宁,高蕾,郑嘉伟",2019Q4,,,,42204.821,0.48,,,,,增持,,
002959.SZ,小熊电器,20200227,家电直播电商专题：借力扬帆，直播风口下的家电行业,非个股,一般报告,广发证券,"曾婵,袁雨辰,王朝宁,黄涛",2020Q4,,,,30240.0,2.52,,,14.87,,增持,,
002959.SZ,小熊电器,20200227,家电直播电商专题：借力扬帆，直播风口下的家电行业,非个股,一般报告,广发证券,"曾婵,袁雨辰,王朝宁,黄涛",2019Q4,,,,24120.0,2.01,,,13.96,,增持,,
300578.SZ,会畅通讯,20200227,通信：视频会议的发展回顾与未来展望,非个股,一般报告,国信证券,"程成,陈彤",2021Q4,,,,16548.711,0.95,,,,,增持,,
300578.SZ,会畅通讯,20200227,通信：视频会议的发展回顾与未来展望,非个股,一般报告,国信证券,"程成,陈彤",2020Q4,,,,13064.772,0.75,,,,,增持,,
600690.SH,海尔智家,20200227,家电直播电商专题：借力扬帆，直播风口下的家电行业,非个股,一般报告,广发证券,"曾婵,袁雨辰,王朝宁,黄涛",2020Q4,,,,914559.761,1.39,,,15.6,,买入,,
600690.SH,海尔智家,20200227,家电直播电商专题：借力扬帆，直播风口下的家电行业,非个股,一般报告,广发证券,"曾婵,袁雨辰,王朝宁,黄涛",2019Q4,,,,967196.294,1.47,,,19.52,,买入,,
603588.SH,高能环境,20200227,医废综合治理方案出台，规范处置利好正规企业——环保价值发现系列报告之二,非个股,一般报告,申万宏源证券,"刘晓宁,高蕾,郑嘉伟",2019Q4,,,,41810.385,0.62,,,,,买入,,
300618.SZ,寒锐钴业,20200227,金属非金属新材料：深度解读特斯拉新电池“三大猜想”及对钴锂的影响,非个股,一般报告,兴业证券,"邱祖学,苏东,王丽佳",2019Q4,,,,1000.0,0.037,,,,,无,,
002212.SZ,南洋股份,20200227,计算机：网络安全行业2020年将进一步繁荣,非个股,一般报告,国泰君安,李沐华,2020Q4,,,,62558.097,0.54,,,,,增持,,
300618.SZ,寒锐钴业,20200227,金属非金属新材料：深度解读特斯拉新电池“三大猜想”及对钴锂的影响,非个股,一般报告,兴业证券,"邱祖学,苏东,王丽佳",2020Q4,,,,71000.0,2.641,,,,,无,,
300070.SZ,碧水源,20200227,医废综合治理方案出台，规范处置利好正规企业——环保价值发现系列报告之二,非个股,一般报告,申万宏源证券,"刘晓宁,高蕾,郑嘉伟",2020Q4,,,,136077.654,0.43,,,,,买入,,
002212.SZ,南洋股份,20200227,计算机：网络安全行业2020年将进一步繁荣,非个股,一般报告,国泰君安,李沐华,2021Q4,,,,84569.28,0.73,,,,,增持,,
002658.SZ,雪迪龙,20200227,医废综合治理方案出台，规范处置利好正规企业——环保价值发现系列报告之二,非个股,一般报告,申万宏源证券,"刘晓宁,高蕾,郑嘉伟",2020Q4,,,,25405.694,0.42,,,,,增持,,
002658.SZ,雪迪龙,20200227,医废综合治理方案出台，规范处置利好正规企业——环保价值发现系列报告之二,非个股,一般报告,申万宏源证券,"刘晓宁,高蕾,郑嘉伟",2019Q4,,,,16332.232,0.27,,,,,增持,,
603686.SH,龙马环卫,20200227,环保估值和持仓触底，优质板块迎来估值修复,非个股,一般报告,国泰君安,"徐强,邵潇,韩佳蕊",2019Q4,,,,34499.426,0.83,,,,,增持,,
688111.SH,金山办公,20200227,金山办公：疫情加速办公云化，营收及利润增速提升可期,,一般报告,华西证券,"王秀钢,李化",2021Q4,335126.0,,93160.0,89993.0,1.95,70.73,,11.91,,无,,
688111.SH,金山办公,20200227,金山办公：疫情加速办公云化，营收及利润增速提升可期,,一般报告,华西证券,"王秀钢,李化",2020Q4,232785.0,,60418.0,58364.0,1.27,109.06,,8.77,,无,,
688111.SH,金山办公,20200227,金山办公：疫情加速办公云化，营收及利润增速提升可期,,一般报告,华西证券,"王秀钢,李化",2019Q4,157924.0,,40916.0,40303.0,0.87,157.94,,6.64,,无,,
002212.SZ,南洋股份,20200227,南洋股份：安全收入超出预期,点评,一般报告,方正证券,"方闻千,陈杭",2021Q4,893021.0,275130.0,103559.0,90821.0,0.78,37.64,,9.0,,强烈推荐,,
002212.SZ,南洋股份,20200227,南洋股份：安全收入超出预期,点评,一般报告,方正证券,"方闻千,陈杭",2020Q4,792826.0,226550.0,78160.0,68546.0,0.59,49.87,,7.0,,强烈推荐,,
002212.SZ,南洋股份,20200227,南洋股份：安全收入超出预期,点评,一般报告,方正证券,"方闻千,陈杭",2019Q4,710418.0,184090.0,43207.0,36658.0,0.32,93.26,,4.0,,强烈推荐,,
603588.SH,高能环境,20200227,医废综合治理方案出台，规范处置利好正规企业——环保价值发现系列报告之二,非个股,一般报告,申万宏源证券,"刘晓宁,高蕾,郑嘉伟",2021Q4,,,,72156.632,1.07,,,,,买入,,
603588.SH,高能环境,20200227,医废综合治理方案出台，规范处置利好正规企业——环保价值发现系列报告之二,非个股,一般报告,申万宏源证券,"刘晓宁,高蕾,郑嘉伟",2020Q4,,,,58669.411,0.87,,,,,买入,,
300618.SZ,寒锐钴业,20200227,金属非金属新材料：深度解读特斯拉新电池“三大猜想”及对钴锂的影响,非个股,一般报告,兴业证券,"邱祖学,苏东,王丽佳",2021Q4,,,,90000.0,3.348,,,,,无,,
002212.SZ,南洋股份,20200227,计算机：网络安全行业2020年将进一步繁荣,非个股,一般报告,国泰君安,李沐华,2019Q4,,,,45180.848,0.39,,,,,增持,,
300070.SZ,碧水源,20200227,医废综合治理方案出台，规范处置利好正规企业——环保价值发现系列报告之二,非个股,一般报告,申万宏源证券,"刘晓宁,高蕾,郑嘉伟",2021Q4,,,,142406.847,0.45,,,,,买入,,
300070.SZ,碧水源,20200227,医废综合治理方案出台，规范处置利好正规企业——环保价值发现系列报告之二,非个股,一般报告,申万宏源证券,"刘晓宁,高蕾,郑嘉伟",2019Q4,,,,136077.654,0.43,,,,,买入,,
002658.SZ,雪迪龙,20200227,医废综合治理方案出台，规范处置利好正规企业——环保价值发现系列报告之二,非个股,一般报告,申万宏源证券,"刘晓宁,高蕾,郑嘉伟",2021Q4,,,,31454.668,0.52,,,,,增持,,
603686.SH,龙马环卫,20200227,环保估值和持仓触底，优质板块迎来估值修复,非个股,一般报告,国泰君安,"徐强,邵潇,韩佳蕊",2020Q4,,,,36577.705,0.88,,,,,增持,,
600728.SH,佳都科技,20200227,佳都科技公司动态点评：拟非公开发行股票，加码智慧城市＋轨道交通建设,点评,一般报告,长城证券,"周伟佳,李雪薇,封谊敏",2021Q4,715744.0,,66385.0,61800.0,0.37,24.38,,12.4,19.13,强烈推荐,,
600728.SH,佳都科技,20200227,佳都科技公司动态点评：拟非公开发行股票，加码智慧城市＋轨道交通建设,点评,一般报告,长城证券,"周伟佳,李雪薇,封谊敏",2020Q4,491439.0,,24087.0,22500.0,0.135,67.06,,5.1,44.12,强烈推荐,,
600728.SH,佳都科技,20200227,佳都科技公司动态点评：拟非公开发行股票，加码智慧城市＋轨道交通建设,点评,一般报告,长城证券,"周伟佳,李雪薇,封谊敏",2019Q4,428997.0,,72408.0,67300.0,0.403,22.39,,16.0,18.27,强烈推荐,,
600507.SH,方大特钢,20200227,方大特钢：高效管理与高分红特色的区域长材龙头,深度,首次关注,国金证券,倪文祎,2021Q4,1819500.0,487300.0,261300.0,194800.0,1.345,6.63,,17.57,,买入,,10.8
002373.SZ,千方科技,20200227,千方科技：业绩符合预期，V2X构建增长新动能,点评,一般报告,安信证券,"胡又文,曹佩",2021Q4,1354770.0,,168410.0,142980.0,0.96,29.7,0.7,12.7,22.8,买入,,35.0
002373.SZ,千方科技,20200227,千方科技：业绩符合预期，V2X构建增长新动能,点评,一般报告,安信证券,"胡又文,曹佩",2020Q4,1110460.0,,136750.0,116100.0,0.78,36.5,0.5,11.5,27.6,买入,,35.0
002373.SZ,千方科技,20200227,千方科技：业绩符合预期，V2X构建增长新动能,点评,一般报告,安信证券,"胡又文,曹佩",2019Q4,899160.0,,115070.0,100290.0,0.67,42.3,0.5,11.0,32.6,买入,,35.0
300575.SZ,中旗股份,20200227,中旗股份：公司发布业绩快报，业绩筑底未来可期,点评,一般报告,东吴证券,"柴沁虎,陈元君",2021Q4,271000.0,,41000.0,34200.0,2.59,10.02,,19.4,6.45,买入,,
600507.SH,方大特钢,20200227,方大特钢：高效管理与高分红特色的区域长材龙头,深度,首次关注,国金证券,倪文祎,2020Q4,1728800.0,462300.0,252300.0,188000.0,1.299,6.87,,19.74,,买入,,10.8
600507.SH,方大特钢,20200227,方大特钢：高效管理与高分红特色的区域长材龙头,深度,首次关注,国金证券,倪文祎,2019Q4,1600000.0,403000.0,218000.0,162300.0,1.121,7.96,,20.23,,买入,,10.8
300575.SZ,中旗股份,20200227,中旗股份：公司发布业绩快报，业绩筑底未来可期,点评,一般报告,东吴证券,"柴沁虎,陈元君",2019Q4,154700.0,,18100.0,15000.0,1.14,22.81,,11.6,13.61,买入,,
300454.SZ,深信服,20200227,深信服：云与安全，持续加速,点评,一般报告,方正证券,"方闻千,陈杭",2021Q4,854688.0,611830.8,120943.0,117314.0,2.87,50.67,,19.0,,推荐,,
300454.SZ,深信服,20200227,深信服：云与安全，持续加速,点评,一般报告,方正证券,"方闻千,陈杭",2020Q4,629521.0,453503.0,97204.0,94288.0,2.31,63.04,,18.0,,推荐,,
300575.SZ,中旗股份,20200227,中旗股份：公司发布业绩快报，业绩筑底未来可期,点评,一般报告,东吴证券,"柴沁虎,陈元君",2020Q4,233400.0,,35400.0,29500.0,2.23,11.62,,19.5,8.16,买入,,
300454.SZ,深信服,20200227,深信服：云与安全，持续加速,点评,一般报告,方正证券,"方闻千,陈杭",2019Q4,459040.0,332932.2,77986.0,75826.0,1.85,78.39,,18.0,,推荐,,
002607.SZ,中公教育,20200227,中公教育重大事件快评：各赛道扩招+参培率提升，就业环境有望推动经营超预期,一般,一般报告,国信证券,"曾光,钟潇,姜甜,张鲁",2020Q4,1258000.0,,290800.0,247200.0,0.4,50.6,0.2,37.0,46.0,买入,,
002607.SZ,中公教育,20200227,中公教育重大事件快评：各赛道扩招+参培率提升，就业环境有望推动经营超预期,一般,一般报告,国信证券,"曾光,钟潇,姜甜,张鲁",2019Q4,916100.0,,208000.0,176800.0,0.29,70.8,0.1,39.0,66.3,买入,,
000932.SZ,华菱钢铁,20200227,华菱钢铁深度分析报告：拥有区域优势和持续提升的竞争力，盈利能力日渐增强,深度,首次评级,华宝证券,"王合绪,张锦",2022Q4,11500000.0,,,790000.0,1.29,3.25,6.0,20.67,,增持,,5.88
000932.SZ,华菱钢铁,20200227,华菱钢铁深度分析报告：拥有区域优势和持续提升的竞争力，盈利能力日渐增强,深度,首次评级,华宝证券,"王合绪,张锦",2021Q4,11047800.0,,935800.0,739800.0,1.207,3.47,5.8,23.19,2.26,增持,,5.88
000932.SZ,华菱钢铁,20200227,华菱钢铁深度分析报告：拥有区域优势和持续提升的竞争力，盈利能力日渐增强,深度,首次评级,华宝证券,"王合绪,张锦",2020Q4,10545800.0,,759700.0,600600.0,0.98,4.28,4.7,23.11,3.37,增持,,5.88
000932.SZ,华菱钢铁,20200227,华菱钢铁深度分析报告：拥有区域优势和持续提升的竞争力，盈利能力日渐增强,深度,首次评级,华宝证券,"王合绪,张锦",2019Q4,10091300.0,,801000.0,456200.0,0.744,5.63,3.6,21.54,3.09,增持,,5.88
601012.SH,隆基股份,20200227,隆基股份：海外扩张意在美国市场,点评,一般报告,招银国际,萧小川,2021Q4,6144500.0,1357800.0,776400.0,699000.0,1.853,18.1,0.8,17.8,,持有,,34.62
002607.SZ,中公教育,20200227,中公教育重大事件快评：各赛道扩招+参培率提升，就业环境有望推动经营超预期,一般,一般报告,国信证券,"曾光,钟潇,姜甜,张鲁",2021Q4,1634800.0,,382700.0,325300.0,0.53,38.5,0.3,34.0,35.8,买入,,
601012.SH,隆基股份,20200227,隆基股份：海外扩张意在美国市场,点评,一般报告,招银国际,萧小川,2020Q4,5277100.0,1176000.0,686900.0,607700.0,1.611,20.8,0.7,18.3,,持有,,34.62
601012.SH,隆基股份,20200227,隆基股份：海外扩张意在美国市场,点评,一般报告,招银国际,萧小川,2019Q4,3261100.0,894100.0,597800.0,517100.0,1.371,22.4,0.6,20.2,,持有,,34.62
002880.SZ,卫光生物,20200227,卫光生物：2019Q4业绩显著加速，血制品供不应求,点评,一般报告,华西证券,"崔文亮,周平",2021Q4,137773.0,,34065.0,28956.0,2.68,23.13,,14.48,,买入,,
002880.SZ,卫光生物,20200227,卫光生物：2019Q4业绩显著加速，血制品供不应求,点评,一般报告,华西证券,"崔文亮,周平",2020Q4,110744.0,,27025.0,22971.0,2.13,29.15,,13.43,,买入,,
002078.SZ,太阳纸业,20200227,太阳纸业：19年业绩符合预期，未来增长后劲十足,点评,一般报告,华西证券,"徐林锋,戚志圣,聂贻哲",2021Q4,2622447.0,,353204.0,265118.0,1.02,7.64,,13.99,,买入,,11.0
002078.SZ,太阳纸业,20200227,太阳纸业：19年业绩符合预期，未来增长后劲十足,点评,一般报告,华西证券,"徐林锋,戚志圣,聂贻哲",2020Q4,2442366.0,,326831.0,244232.0,0.94,8.3,,14.75,,买入,,11.0
002880.SZ,卫光生物,20200227,卫光生物：2019Q4业绩显著加速，血制品供不应求,点评,一般报告,华西证券,"崔文亮,周平",2019Q4,83273.0,,20569.0,17484.0,1.62,38.3,,11.81,,买入,,
002233.SZ,塔牌集团,20200227,塔牌集团：业绩符合预期，2020H1高弹性,一般,一般报告,华西证券,"戚舒扬,郁晾",2021Q4,872272.0,,307076.0,230729.0,1.94,6.11,,19.99,,买入,,14.88
002233.SZ,塔牌集团,20200227,塔牌集团：业绩符合预期，2020H1高弹性,一般,一般报告,华西证券,"戚舒扬,郁晾",2020Q4,825804.0,,278303.0,209110.0,1.75,6.75,,19.74,,买入,,14.88
002233.SZ,塔牌集团,20200227,塔牌集团：业绩符合预期，2020H1高弹性,一般,一般报告,华西证券,"戚舒扬,郁晾",2019Q4,689070.0,,230785.0,173406.0,1.45,8.13,,17.82,,买入,,14.88
002078.SZ,太阳纸业,20200227,太阳纸业：19年业绩符合预期，未来增长后劲十足,点评,一般报告,华西证券,"徐林锋,戚志圣,聂贻哲",2019Q4,2266149.0,,279609.0,218558.0,0.84,9.27,,15.21,,买入,,11.0
300316.SZ,晶盛机电,20200227,晶盛机电公司点评报告：业绩符合预期，发展持续向好——2019年业绩快报点评,点评,一般报告,国元证券,"满在朋,王希",2019Q4,312600.0,,74200.0,63600.0,0.49,50.23,,13.8,37.0,买入,,35.0
300192.SZ,科斯伍德,20200227,科斯伍德：龙门增长稳健，收购稳步推进,点评,一般报告,国盛证券,"鞠兴海,邵璟璐",2021Q4,120600.0,,29500.0,14100.0,0.58,29.31,,16.3,13.2,买入,,
300192.SZ,科斯伍德,20200227,科斯伍德：龙门增长稳健，收购稳步推进,点评,一般报告,国盛证券,"鞠兴海,邵璟璐",2020Q4,108600.0,,25500.0,12000.0,0.49,34.59,,16.8,14.4,买入,,
300192.SZ,科斯伍德,20200227,科斯伍德：龙门增长稳健，收购稳步推进,点评,一般报告,国盛证券,"鞠兴海,邵璟璐",2019Q4,95000.0,,19400.0,8300.0,0.34,49.58,,15.5,19.4,买入,,
002078.SZ,太阳纸业,20200227,太阳纸业：四季度业绩环比好转，关注行业格局改善,点评,一般报告,中泰证券,"徐稚涵,郭美鑫,徐偲",2021Q4,3025776.0,,376681.0,304490.0,1.17,,1.35,16.22,3.74,买入,,
002847.SZ,盐津铺子,20200227,盐津铺子：利润率提升超预期，业绩高增长延续——中小盘信息更新,点评,一般报告,开源证券,"任浪,孙金钜",2020Q4,188200.0,,21500.0,18500.0,1.44,32.2,,20.4,21.6,买入,,
002847.SZ,盐津铺子,20200227,盐津铺子：利润率提升超预期，业绩高增长延续——中小盘信息更新,点评,一般报告,开源证券,"任浪,孙金钜",2019Q4,139900.0,,13900.0,12800.0,1.0,46.5,,17.2,31.7,买入,,
002698.SZ,博实股份,20200227,博实股份：业绩快报符合预期，烯烃类扩产提升景气度,点评,一般报告,太平洋证券,"刘国清,崔文娟",2020Q4,187692.0,,44280.0,40794.0,0.4,27.7,,14.43,23.23,买入,,14.0
002698.SZ,博实股份,20200227,博实股份：业绩快报符合预期，烯烃类扩产提升景气度,点评,一般报告,太平洋证券,"刘国清,崔文娟",2019Q4,145862.0,,33104.0,30927.0,0.3,36.53,,12.49,30.63,买入,,14.0
002409.SZ,雅克科技,20200227,雅克科技：电子材料版块发展壮大，业绩大幅增长,点评,一般报告,太平洋证券,"柳强,翟绪丽",2021Q4,304100.0,,56200.0,44900.0,0.97,42.8,,8.6,24.8,买入,,54.6
002920.SZ,德赛西威,20200227,德赛西威：业绩拐点已至，智能网联进入兑现期,点评,一般报告,华西证券,"崔琰,刘静远,刘泽晶",2021Q4,720809.0,,71228.0,63387.0,1.15,37.74,,11.87,,增持,,48.6
002409.SZ,雅克科技,20200227,雅克科技：电子材料版块发展壮大，业绩大幅增长,点评,一般报告,太平洋证券,"柳强,翟绪丽",2020Q4,243300.0,,45300.0,36200.0,0.78,53.1,,7.6,31.3,买入,,54.6
002698.SZ,博实股份,20200227,博实股份：业绩快报符合预期，烯烃类扩产提升景气度,点评,一般报告,太平洋证券,"刘国清,崔文娟",2021Q4,233884.0,,56324.0,51436.0,0.5,21.97,,16.4,18.73,买入,,14.0
002191.SZ,劲嘉股份,20200227,劲嘉股份：烟标稳定包装迅猛，新型烟草前景向好,点评,一般报告,中泰证券,"徐稚涵,郭美鑫,徐偲",2020Q4,450961.0,,134641.0,101673.0,0.69,,4.36,15.1,9.07,增持,,
002191.SZ,劲嘉股份,20200227,劲嘉股份：烟标稳定包装迅猛，新型烟草前景向好,点评,一般报告,中泰证券,"徐稚涵,郭美鑫,徐偲",2019Q4,398870.0,,115787.0,87479.0,0.6,,3.61,13.85,10.28,增持,,
002078.SZ,太阳纸业,20200227,太阳纸业：四季度业绩环比好转，关注行业格局改善,点评,一般报告,中泰证券,"徐稚涵,郭美鑫,徐偲",2020Q4,2630106.0,,324599.0,259668.0,1.0,,1.13,16.25,4.44,买入,,
002078.SZ,太阳纸业,20200227,太阳纸业：四季度业绩环比好转，关注行业格局改善,点评,一般报告,中泰证券,"徐稚涵,郭美鑫,徐偲",2019Q4,2266149.0,,276928.0,218568.0,0.84,,1.16,16.13,5.15,买入,,
300558.SZ,贝达药业,20200227,贝达药业：业绩符合预期，研发管线加速推进,点评,一般报告,华西证券,"崔文亮,王帅",2021Q4,246300.0,,41632.0,36205.0,0.9,93.14,,11.89,,买入,,
300558.SZ,贝达药业,20200227,贝达药业：业绩符合预期，研发管线加速推进,点评,一般报告,华西证券,"崔文亮,王帅",2020Q4,185200.0,,31881.0,27725.0,0.69,121.62,,10.33,,买入,,
300558.SZ,贝达药业,20200227,贝达药业：业绩符合预期，研发管线加速推进,点评,一般报告,华西证券,"崔文亮,王帅",2019Q4,154711.0,,25686.0,22338.0,0.56,150.96,,9.28,,买入,,
002920.SZ,德赛西威,20200227,德赛西威：业绩拐点已至，智能网联进入兑现期,点评,一般报告,华西证券,"崔琰,刘静远,刘泽晶",2020Q4,623645.0,,49995.0,44491.0,0.81,53.78,,9.45,,增持,,48.6
002920.SZ,德赛西威,20200227,德赛西威：业绩拐点已至，智能网联进入兑现期,点评,一般报告,华西证券,"崔琰,刘静远,刘泽晶",2019Q4,534263.0,,32527.0,28946.0,0.53,82.65,,6.79,,增持,,48.6
002847.SZ,盐津铺子,20200227,盐津铺子：利润率提升超预期，业绩高增长延续——中小盘信息更新,点评,一般报告,开源证券,"任浪,孙金钜",2021Q4,251800.0,,30000.0,27200.0,2.12,21.9,,23.7,15.9,买入,,
002409.SZ,雅克科技,20200227,雅克科技：电子材料版块发展壮大，业绩大幅增长,点评,一般报告,太平洋证券,"柳强,翟绪丽",2019Q4,183600.0,,31700.0,25300.0,0.55,75.9,,5.7,46.1,买入,,54.6
002191.SZ,劲嘉股份,20200227,劲嘉股份：烟标稳定包装迅猛，新型烟草前景向好,点评,一般报告,中泰证券,"徐稚涵,郭美鑫,徐偲",2021Q4,504399.0,,151596.0,114744.0,0.78,,5.07,15.94,8.15,增持,,
002925.SZ,盈趣科技,20200227,盈趣科技：四季度业绩大幅增长，赛道优质动能强劲,点评,一般报告,中泰证券,"徐稚涵,郭美鑫,徐偲",2020Q4,486935.0,,138046.0,120183.0,2.62,,1.15,22.78,20.47,买入,,
300316.SZ,晶盛机电,20200227,晶盛机电公司点评报告：业绩符合预期，发展持续向好——2019年业绩快报点评,点评,一般报告,国元证券,"满在朋,王希",2020Q4,382100.0,,108300.0,92800.0,0.72,34.41,,17.2,26.0,买入,,35.0
002925.SZ,盈趣科技,20200227,盈趣科技：四季度业绩大幅增长，赛道优质动能强劲,点评,一般报告,中泰证券,"徐稚涵,郭美鑫,徐偲",2021Q4,603952.0,,166937.0,144958.0,3.16,,1.41,23.05,16.58,买入,,
002925.SZ,盈趣科技,20200227,盈趣科技：四季度业绩大幅增长，赛道优质动能强劲,点评,一般报告,中泰证券,"徐稚涵,郭美鑫,徐偲",2019Q4,381035.0,,110513.0,96531.0,2.11,,0.95,21.81,26.38,买入,,
300316.SZ,晶盛机电,20200227,晶盛机电公司点评报告：业绩符合预期，发展持续向好——2019年业绩快报点评,点评,一般报告,国元证券,"满在朋,王希",2021Q4,480900.0,,139400.0,119400.0,0.93,26.73,,18.5,21.0,买入,,35.0
688169.SH,石头科技,20200227,石头科技：盈利能力有所提高，自主品牌不断突破,,一般报告,华西证券,"刘菁,俞能飞,田仁秀",2021Q4,753414.0,,166869.0,139799.0,20.97,,,35.68,,买入,,
688169.SH,石头科技,20200227,石头科技：盈利能力有所提高，自主品牌不断突破,,一般报告,华西证券,"刘菁,俞能飞,田仁秀",2020Q4,588383.0,,126688.0,106136.0,15.92,,,42.12,,买入,,
300750.SZ,宁德时代,20200227,宁德时代系列跟踪报告之六：定增融资扩产52GWh，夯实世界龙头地位,点评,一般报告,万联证券,"周春林,江维",2021Q4,7923100.0,,960000.0,775100.0,3.51,38.33,,15.24,21.16,买入,,157.94
300750.SZ,宁德时代,20200227,宁德时代系列跟踪报告之六：定增融资扩产52GWh，夯实世界龙头地位,点评,一般报告,万联证券,"周春林,江维",2020Q4,5947000.0,,763900.0,616100.0,2.79,48.22,,14.2,28.87,买入,,157.94
300750.SZ,宁德时代,20200227,宁德时代系列跟踪报告之六：定增融资扩产52GWh，夯实世界龙头地位,点评,一般报告,万联证券,"周春林,江维",2019Q4,4234000.0,,567100.0,459100.0,2.079,64.72,,12.22,43.61,买入,,157.94
300580.SZ,贝斯特,20200227,贝斯特19年业绩快报点评：第四季度业绩加速增长，净利率逐季提升，期待新能源产品放量,点评,一般报告,长城证券,"孙志东,刘欣畅,刘佳",2021Q4,126830.0,,29215.0,25500.0,1.27,15.76,,13.2,9.08,推荐,,
300580.SZ,贝斯特,20200227,贝斯特19年业绩快报点评：第四季度业绩加速增长，净利率逐季提升，期待新能源产品放量,点评,一般报告,长城证券,"孙志东,刘欣畅,刘佳",2020Q4,106282.0,,24473.0,21300.0,1.07,18.82,,12.5,10.99,推荐,,
300580.SZ,贝斯特,20200227,贝斯特19年业绩快报点评：第四季度业绩加速增长，净利率逐季提升，期待新能源产品放量,点评,一般报告,长城证券,"孙志东,刘欣畅,刘佳",2019Q4,79835.0,,19490.0,17000.0,0.85,23.63,,11.2,15.43,推荐,,
300320.SZ,海达股份,20200227,海达股份：19年业绩强势增长，多领域未来增长有保障,点评,一般报告,太平洋证券,"白宇,赵水平",2021Q4,275900.0,,38600.0,31100.0,0.52,14.06,,14.78,10.22,买入,,8.98
300320.SZ,海达股份,20200227,海达股份：19年业绩强势增长，多领域未来增长有保障,点评,一般报告,太平洋证券,"白宇,赵水平",2020Q4,248200.0,,33000.0,26700.0,0.44,16.38,,14.3,11.44,买入,,8.98
300320.SZ,海达股份,20200227,海达股份：19年业绩强势增长，多领域未来增长有保障,点评,一般报告,太平洋证券,"白宇,赵水平",2019Q4,224900.0,,27500.0,22300.0,0.37,19.65,,13.32,14.76,买入,,8.98
300244.SZ,迪安诊断,20200227,迪安诊断：引进投资者增资凯莱谱，明确分拆上市目标,点评,一般报告,太平洋证券,"杜佐远,蔡明子",2021Q4,1341600.0,,145600.0,71300.0,1.15,22.59,,13.47,9.93,买入,,40.0
300244.SZ,迪安诊断,20200227,迪安诊断：引进投资者增资凯莱谱，明确分拆上市目标,点评,一般报告,太平洋证券,"杜佐远,蔡明子",2019Q4,877000.0,,69200.0,33900.0,0.55,47.53,,8.44,19.08,买入,,40.0
300166.SZ,东方国信,20200227,东方国信：国内大数据龙头企业，工业互联网、云计算多元发展,深度,首份报告,太平洋证券,王文龙,2019Q4,245100.0,,69000.0,61200.0,0.58,33.84,,11.0,22.7,买入,,
002773.SZ,康弘药业,20200227,康弘药业：收入端平稳增长，利润端可能受费用影响，康柏西普放量潜力大,点评,一般报告,国盛证券,"张金洋,胡偌碧,应沁心",2021Q4,454100.0,,119100.0,102400.0,1.17,29.4,,16.8,21.7,买入,,
688169.SH,石头科技,20200227,石头科技：盈利能力有所提高，自主品牌不断突破,,一般报告,华西证券,"刘菁,俞能飞,田仁秀",2019Q4,442272.0,,90667.0,75959.0,11.39,,,52.08,,买入,,
300244.SZ,迪安诊断,20200227,迪安诊断：引进投资者增资凯莱谱，明确分拆上市目标,点评,一般报告,太平洋证券,"杜佐远,蔡明子",2020Q4,1091500.0,,116100.0,56900.0,0.92,28.31,,12.41,12.37,买入,,40.0
300166.SZ,东方国信,20200227,东方国信：国内大数据龙头企业，工业互联网、云计算多元发展,深度,首份报告,太平洋证券,王文龙,2021Q4,368400.0,,98600.0,87900.0,0.83,23.57,,12.25,15.34,买入,,
300166.SZ,东方国信,20200227,东方国信：国内大数据龙头企业，工业互联网、云计算多元发展,深度,首份报告,太平洋证券,王文龙,2020Q4,300200.0,,84800.0,75000.0,0.71,27.61,,11.9,18.27,买入,,
002773.SZ,康弘药业,20200227,康弘药业：收入端平稳增长，利润端可能受费用影响，康柏西普放量潜力大,点评,一般报告,国盛证券,"张金洋,胡偌碧,应沁心",2019Q4,325700.0,,83300.0,71800.0,0.82,42.0,,15.6,32.7,买入,,
002241.SZ,歌尔股份,20200227,歌尔股份：4Q19营收规模创新高,点评,首份报告,群益证券,朱吉翔,2021Q4,5739300.0,,295200.0,245100.0,0.76,32.99,0.6,,,买入,,30.0
002241.SZ,歌尔股份,20200227,歌尔股份：4Q19营收规模创新高,点评,首份报告,群益证券,朱吉翔,2020Q4,4615400.0,,229700.0,191100.0,0.59,42.32,0.48,,,买入,,30.0
002001.SZ,新和成,20200227,新和成：业绩符合预期，维生素迎来景气提升,点评,一般报告,西南证券,"杨林,黄景文,周峰春,薛聪",2021Q4,1346800.0,,448140.0,378919.0,1.76,14.71,1.18,15.99,8.82,买入,,
002001.SZ,新和成,20200227,新和成：业绩符合预期，维生素迎来景气提升,点评,一般报告,西南证券,"杨林,黄景文,周峰春,薛聪",2019Q4,762700.0,,263319.0,221821.0,1.03,25.13,1.1,12.57,15.01,买入,,
300760.SZ,迈瑞医疗,20200227,迈瑞医疗：业绩符合预期，收入端增速稳健性突出,点评,一般报告,西南证券,"朱国广,刘闯",2020Q4,1990223.0,,642627.0,564524.0,4.64,52.78,0.31,23.74,41.4,买入,,
300760.SZ,迈瑞医疗,20200227,迈瑞医疗：业绩符合预期，收入端增速稳健性突出,点评,一般报告,西南证券,"朱国广,刘闯",2019Q4,1655603.0,,532822.0,468065.0,3.85,63.66,0.25,24.54,50.7,买入,,
002507.SZ,涪陵榨菜,20200227,涪陵榨菜：增费用，去库存，厚积薄发,点评,一般报告,国盛证券,"符蓉,方一苇",2021Q4,249400.0,,92800.0,78900.0,1.0,28.1,,19.3,21.0,买入,,32.0
002507.SZ,涪陵榨菜,20200227,涪陵榨菜：增费用，去库存，厚积薄发,点评,一般报告,国盛证券,"符蓉,方一苇",2020Q4,221600.0,,82400.0,70000.0,0.89,31.6,,20.4,24.5,买入,,32.0
000661.SZ,长春高新,20200227,长春高新：闪亮登场，鼻喷流感疫苗成功获批,一般,一般报告,华泰证券,"代雯,李沄,沈卢庆",2021Q4,1151100.0,,436600.0,344800.0,17.04,28.42,,31.53,20.31,买入,629.28,547.2
002001.SZ,新和成,20200227,新和成：业绩符合预期，维生素迎来景气提升,点评,一般报告,西南证券,"杨林,黄景文,周峰春,薛聪",2020Q4,1090300.0,,388210.0,327979.0,1.53,16.99,0.8,15.97,10.46,买入,,
000661.SZ,长春高新,20200227,长春高新：闪亮登场，鼻喷流感疫苗成功获批,一般,一般报告,华泰证券,"代雯,李沄,沈卢庆",2019Q4,732700.0,,264900.0,170400.0,8.42,57.53,,28.03,32.93,买入,629.28,547.2
688019.SH,安集科技,20200227,安集科技：下游客户扩产，抛光液龙头有望受益,,首次关注,申港证券,曹旭特,2020Q4,38651.0,,8300.0,7765.0,1.462,84.95,,15.85,56.78,买入,,
300070.SZ,碧水源,20200227,碧水源：业绩恢复增长，重回膜法水处理大市场,点评,一般报告,国盛证券,"杨心成,佘骞",2021Q4,1095900.0,,294000.0,225700.0,0.71,14.5,,9.0,15.1,买入,,
002507.SZ,涪陵榨菜,20200227,涪陵榨菜：增费用，去库存，厚积薄发,点评,一般报告,国盛证券,"符蓉,方一苇",2019Q4,199000.0,,71200.0,60500.0,0.77,36.6,,21.1,28.4,买入,,32.0
300070.SZ,碧水源,20200227,碧水源：业绩恢复增长，重回膜法水处理大市场,点评,一般报告,国盛证券,"杨心成,佘骞",2020Q4,1190100.0,,232200.0,178200.0,0.56,18.4,,7.7,17.7,买入,,
300070.SZ,碧水源,20200227,碧水源：业绩恢复增长，重回膜法水处理大市场,点评,一般报告,国盛证券,"杨心成,佘骞",2019Q4,1271400.0,,181400.0,139300.0,0.44,23.5,,6.5,20.5,买入,,
002925.SZ,盈趣科技,20200227,盈趣科技：业绩符合预期，看好公司UDM业务模式,点评,一般报告,国盛证券,"张俊,郑树明",2021Q4,574200.0,,172600.0,148200.0,3.23,20.7,,24.5,16.4,买入,,
002925.SZ,盈趣科技,20200227,盈趣科技：业绩符合预期，看好公司UDM业务模式,点评,一般报告,国盛证券,"张俊,郑树明",2020Q4,480100.0,,143500.0,123200.0,2.69,24.9,,24.5,20.0,买入,,
002925.SZ,盈趣科技,20200227,盈趣科技：业绩符合预期，看好公司UDM业务模式,点评,一般报告,国盛证券,"张俊,郑树明",2019Q4,381000.0,,112300.0,96500.0,2.11,31.8,,22.7,26.3,买入,,
688019.SH,安集科技,20200227,安集科技：下游客户扩产，抛光液龙头有望受益,,首次关注,申港证券,曹旭特,2021Q4,57380.0,,13200.0,12370.0,2.329,53.33,,20.16,48.97,买入,,
000671.SZ,阳光城,20200227,阳光城：新城市布局发力，偿债压力下降,一般,一般报告,广发证券,"乐加栋,郭镇,邢莘",2021Q4,12090000.0,,1520000.0,750200.0,1.837,4.25,,21.6,0.59,买入,,10.21
000671.SZ,阳光城,20200227,阳光城：新城市布局发力，偿债压力下降,一般,一般报告,广发证券,"乐加栋,郭镇,邢莘",2020Q4,9595000.0,,1107600.0,590900.0,1.447,5.39,,21.8,2.29,买入,,10.21
000671.SZ,阳光城,20200227,阳光城：新城市布局发力，偿债压力下降,一般,一般报告,广发证券,"乐加栋,郭镇,邢莘",2019Q4,6148900.0,,695200.0,402200.0,0.985,7.93,,18.9,5.29,买入,,10.21
000069.SZ,华侨城A,20200227,华侨城A：销售稳步增长，全国布局深化,点评,一般报告,华西证券,"由子沛,侯希得",2021Q4,9141700.0,,2772600.0,1898100.0,2.31,2.86,,20.36,,买入,,
002241.SZ,歌尔股份,20200227,歌尔股份：4Q19营收规模创新高,点评,首份报告,群益证券,朱吉翔,2019Q4,3516000.0,,157600.0,130700.0,0.4,61.87,0.4,,,买入,,30.0
000661.SZ,长春高新,20200227,长春高新：闪亮登场，鼻喷流感疫苗成功获批,一般,一般报告,华泰证券,"代雯,李沄,沈卢庆",2020Q4,946300.0,,350900.0,276800.0,13.68,35.41,,34.04,25.17,买入,629.28,547.2
300760.SZ,迈瑞医疗,20200227,迈瑞医疗：业绩符合预期，收入端增速稳健性突出,点评,一般报告,西南证券,"朱国广,刘闯",2021Q4,2395065.0,,776854.0,682438.0,5.61,43.66,0.38,23.15,33.69,买入,,
688019.SH,安集科技,20200227,安集科技：下游客户扩产，抛光液龙头有望受益,,首次关注,申港证券,曹旭特,2019Q4,28541.0,,7000.0,6550.0,1.233,100.71,,15.89,77.1,买入,,
002773.SZ,康弘药业,20200227,康弘药业：收入端平稳增长，利润端可能受费用影响，康柏西普放量潜力大,点评,一般报告,国盛证券,"张金洋,胡偌碧,应沁心",2020Q4,374900.0,,99000.0,85400.0,0.98,35.3,,16.2,27.3,买入,,
000069.SZ,华侨城A,20200227,华侨城A：销售稳步增长，全国布局深化,点评,一般报告,华西证券,"由子沛,侯希得",2020Q4,7414200.0,,2312300.0,1582400.0,1.93,3.43,,19.84,,买入,,
000069.SZ,华侨城A,20200227,华侨城A：销售稳步增长，全国布局深化,点评,一般报告,华西证券,"由子沛,侯希得",2019Q4,5998500.0,,1890300.0,1292800.0,1.58,4.19,,18.76,,买入,,
603179.SH,新泉股份,20200227,新泉股份：发布员工持股计划，剑指内饰龙头,点评,一般报告,华西证券,"崔琰,郑青青",2021Q4,449867.0,,39905.0,35855.0,1.58,15.46,,14.67,,买入,,30.3
603179.SH,新泉股份,20200227,新泉股份：发布员工持股计划，剑指内饰龙头,点评,一般报告,华西证券,"崔琰,郑青青",2019Q4,312943.0,,21939.0,19712.0,0.87,28.13,,10.89,,买入,,30.3
002847.SZ,盐津铺子,20200227,盐津铺子：业绩接近预告上限，改善趋势显著,点评,一般报告,西南证券,"朱会振,周金菲,周可为",2021Q4,234006.0,,29339.0,25852.0,2.01,23.01,1.41,23.42,17.18,买入,,
002847.SZ,盐津铺子,20200227,盐津铺子：业绩接近预告上限，改善趋势显著,点评,一般报告,西南证券,"朱会振,周金菲,周可为",2020Q4,182066.0,,20923.0,18644.0,1.45,31.91,0.97,20.08,24.43,买入,,
002847.SZ,盐津铺子,20200227,盐津铺子：业绩接近预告上限，改善趋势显著,点评,一般报告,西南证券,"朱会振,周金菲,周可为",2019Q4,140116.0,,13986.0,12808.0,1.0,46.44,0.53,16.03,36.17,买入,,
002236.SZ,大华股份,20200227,大华股份2019年业绩快报点评：业绩符合预期，盈利能力有望持续提高,点评,一般报告,长城证券,"邹兰兰,郭旺",2021Q4,3662269.0,,501889.0,466121.0,1.55,13.54,,20.0,10.89,强烈推荐,,
000789.SZ,万年青,20200227,万年青：疫情不改基本面向好，2020H1弹性标的,一般,一般报告,华西证券,"戚舒扬,郁晾",2021Q4,1325642.0,,401522.0,174020.0,2.18,5.3,,25.16,,买入,,14.63
603179.SH,新泉股份,20200227,新泉股份：发布员工持股计划，剑指内饰龙头,点评,一般报告,华西证券,"崔琰,郑青青",2020Q4,368495.0,,30622.0,27514.0,1.21,20.15,,13.2,,买入,,30.3
002236.SZ,大华股份,20200227,大华股份2019年业绩快报点评：业绩符合预期，盈利能力有望持续提高,点评,一般报告,长城证券,"邹兰兰,郭旺",2020Q4,3103067.0,,418199.0,389739.0,1.3,16.19,,20.4,13.43,强烈推荐,,
002236.SZ,大华股份,20200227,大华股份2019年业绩快报点评：业绩符合预期，盈利能力有望持续提高,点评,一般报告,长城证券,"邹兰兰,郭旺",2019Q4,2609040.0,,339387.0,316227.0,1.05,19.96,,20.1,16.74,强烈推荐,,
000789.SZ,万年青,20200227,万年青：疫情不改基本面向好，2020H1弹性标的,一般,一般报告,华西证券,"戚舒扬,郁晾",2020Q4,1301676.0,,384924.0,166826.0,2.09,5.53,,28.15,,买入,,14.63
000789.SZ,万年青,20200227,万年青：疫情不改基本面向好，2020H1弹性标的,一般,一般报告,华西证券,"戚舒扬,郁晾",2019Q4,1099325.0,,275065.0,134167.0,1.68,6.88,,26.96,,买入,,14.63
300750.SZ,宁德时代,20200227,宁德时代：定增加码电池产能，有望巩固领先优势,点评,一般报告,中银国际,"沈成,张咪,朱凯",2020Q4,5620100.0,,725800.0,574300.0,2.6,58.8,0.2,14.1,32.8,增持,,
300750.SZ,宁德时代,20200227,宁德时代：定增加码电池产能，有望巩固领先优势,点评,一般报告,中银国际,"沈成,张咪,朱凯",2019Q4,4096600.0,,574700.0,454700.0,2.059,74.2,0.1,12.6,43.5,增持,,
300558.SZ,贝达药业,20200227,贝达药业：业绩贴近预告上限，贝达药业成绩亮眼,点评,一般报告,国盛证券,"张金洋,胡偌碧,应沁心",2021Q4,271200.0,,44000.0,39300.0,0.98,85.8,,13.1,55.8,买入,,
601012.SH,隆基股份,20200227,隆基股份：拟收购海外产能，规避贸易风险,点评,一般报告,群益证券,宋秋忆,2020Q4,4256400.0,,692700.0,620273.0,1.644,19.35,0.52,,,买入,,36.0
601012.SH,隆基股份,20200227,隆基股份：拟收购海外产能，规避贸易风险,点评,一般报告,群益证券,宋秋忆,2019Q4,2867300.0,,566400.0,507195.0,1.345,23.66,0.42,,,买入,,36.0
300755.SZ,华致酒行,20200227,华致酒行：领先的精品酒水营销服务商，品牌渠道优势明显,深度,首次关注,川财证券,"欧阳宇剑,张潇倩",2021Q4,575173.0,,71450.0,52937.0,1.27,16.57,,20.3,,增持,,
300755.SZ,华致酒行,20200227,华致酒行：领先的精品酒水营销服务商，品牌渠道优势明显,深度,首次关注,川财证券,"欧阳宇剑,张潇倩",2020Q4,464527.0,,55590.0,41190.0,0.99,21.29,,19.8,,增持,,
300558.SZ,贝达药业,20200227,贝达药业：业绩贴近预告上限，贝达药业成绩亮眼,点评,一般报告,国盛证券,"张金洋,胡偌碧,应沁心",2020Q4,208500.0,,32700.0,29100.0,0.73,115.9,,10.9,73.1,买入,,
300755.SZ,华致酒行,20200227,华致酒行：领先的精品酒水营销服务商，品牌渠道优势明显,深度,首次关注,川财证券,"欧阳宇剑,张潇倩",2019Q4,373840.0,,42760.0,31682.0,0.76,27.68,,19.0,,增持,,
000661.SZ,长春高新,20200227,长春高新：重磅品种鼻喷流感疫苗获批上市,一般,一般报告,华西证券,"崔文亮,周平",2021Q4,1064809.0,,438111.0,350051.0,17.3,26.9,,24.67,,买入,,
688363.SH,华熙生物,20200227,华熙生物：重点布局终端业务，收入利润快速增长,,一般报告,广发证券,"洪涛,罗佳荣,贾雨朦",2021Q4,352800.0,,129900.0,105400.0,2.2,40.02,,16.2,32.41,增持,,90.95
688111.SH,金山办公,20200227,金山办公：19年业绩符合预期，20年业绩有望更好,,首次评级,安信证券,"胡又文,黄净",2021Q4,329740.0,,103420.0,100550.0,2.181,98.8,0.0,29.2,94.8,买入,,
688111.SH,金山办公,20200227,金山办公：19年业绩符合预期，20年业绩有望更好,,首次评级,安信证券,"胡又文,黄净",2020Q4,253650.0,,79570.0,78370.0,1.7,126.8,0.0,32.2,124.5,买入,,
688111.SH,金山办公,20200227,金山办公：19年业绩符合预期，20年业绩有望更好,,首次评级,安信证券,"胡又文,黄净",2019Q4,157890.0,,40920.0,40300.0,0.874,246.5,0.0,24.4,240.3,买入,,
300496.SZ,中科创达,20200227,中科创达：业绩符合预期，智能汽车业务加速推进,一般,一般报告,广发证券,刘雪峰,2021Q4,294700.0,,49200.0,47500.0,1.18,57.7,,17.9,46.43,买入,,
300496.SZ,中科创达,20200227,中科创达：业绩符合预期，智能汽车业务加速推进,一般,一般报告,广发证券,刘雪峰,2020Q4,230700.0,,35200.0,34000.0,0.84,80.68,,15.6,66.69,买入,,
002273.SZ,水晶光电,20200227,水晶光电：生物识别今年加速成长，聚焦5G以及新型显示,点评,一般报告,国盛证券,郑震湘,2020Q4,384100.0,,73300.0,63800.0,0.52,35.7,,12.9,23.6,买入,,
002273.SZ,水晶光电,20200227,水晶光电：生物识别今年加速成长，聚焦5G以及新型显示,点评,一般报告,国盛证券,郑震湘,2019Q4,307300.0,,57900.0,50100.0,0.41,45.5,,11.3,29.8,买入,,
300750.SZ,宁德时代,20200227,宁德时代：定增加码电池产能，有望巩固领先优势,点评,一般报告,中银国际,"沈成,张咪,朱凯",2021Q4,6851900.0,,848900.0,671700.0,3.041,50.3,0.2,14.5,26.6,增持,,
300558.SZ,贝达药业,20200227,贝达药业：业绩贴近预告上限，贝达药业成绩亮眼,点评,一般报告,国盛证券,"张金洋,胡偌碧,应沁心",2019Q4,154700.0,,25300.0,22300.0,0.56,151.0,,9.3,91.9,买入,,
601012.SH,隆基股份,20200227,隆基股份：拟收购海外产能，规避贸易风险,点评,一般报告,群益证券,宋秋忆,2021Q4,5696900.0,,890400.0,797319.0,2.114,15.05,0.66,,,买入,,36.0
000661.SZ,长春高新,20200227,长春高新：重磅品种鼻喷流感疫苗获批上市,一般,一般报告,华西证券,"崔文亮,周平",2020Q4,850505.0,,341278.0,272681.0,13.48,34.53,,25.51,,买入,,
000661.SZ,长春高新,20200227,长春高新：重磅品种鼻喷流感疫苗获批上市,一般,一般报告,华西证券,"崔文亮,周平",2019Q4,705852.0,,265256.0,166846.0,8.25,56.44,,20.95,,买入,,
688363.SH,华熙生物,20200227,华熙生物：重点布局终端业务，收入利润快速增长,,一般报告,广发证券,"洪涛,罗佳荣,贾雨朦",2020Q4,261500.0,,98700.0,79400.0,1.65,53.16,,14.5,44.45,增持,,90.95
688363.SH,华熙生物,20200227,华熙生物：重点布局终端业务，收入利润快速增长,,一般报告,广发证券,"洪涛,罗佳荣,贾雨朦",2019Q4,187800.0,,72500.0,58500.0,1.22,68.41,,12.5,56.7,增持,,90.95
300496.SZ,中科创达,20200227,中科创达：业绩符合预期，智能汽车业务加速推进,一般,一般报告,广发证券,刘雪峰,2022Q4,377100.0,,68100.0,65800.0,1.64,41.67,,19.9,32.09,买入,,
002273.SZ,水晶光电,20200227,水晶光电：生物识别今年加速成长，聚焦5G以及新型显示,点评,一般报告,国盛证券,郑震湘,2021Q4,461000.0,,88100.0,76400.0,0.63,29.8,,13.6,19.4,买入,,
300603.SZ,立昂技术,20200227,立昂技术：5G时代公司具备一定的先发优势,一般,首份报告,安信证券,焦娟,2021Q4,206960.0,,43840.0,38300.0,1.36,30.2,0.9,31.7,23.1,买入,,
300603.SZ,立昂技术,20200227,立昂技术：5G时代公司具备一定的先发优势,一般,首份报告,安信证券,焦娟,2019Q4,134120.0,,13960.0,12160.0,0.43,95.2,0.2,16.7,47.6,买入,,
601100.SH,恒立液压,20200227,恒立液压：厚积薄发，液压件龙头蓄力再增长,深度,一般报告,安信证券,"李哲,赵靖博",2021Q4,740200.0,295200.0,216970.0,184420.0,2.09,22.5,1.3,23.2,16.0,买入,,62.7
601100.SH,恒立液压,20200227,恒立液压：厚积薄发，液压件龙头蓄力再增长,深度,一般报告,安信证券,"李哲,赵靖博",2019Q4,566700.0,213000.0,148350.0,126096.0,1.43,33.0,0.9,22.3,24.3,买入,,62.7
600373.SH,中文传媒,20200227,中文传媒：子公司拟联合收购全通教育，业务版图有望进一步扩张,点评,一般报告,中泰证券,"康雅雯,熊亚威",2020Q4,1223510.0,,209280.0,196900.0,1.453,10.43,2.3,11.87,4.4,买入,,
600373.SH,中文传媒,20200227,中文传媒：子公司拟联合收购全通教育，业务版图有望进一步扩张,点评,一般报告,中泰证券,"康雅雯,熊亚威",2019Q4,1122130.0,,188930.0,177800.0,1.312,11.55,0.0,11.78,6.2,买入,,
002643.SZ,万润股份,20200227,万润股份：业绩符合预期，沸石未来销量确定性较高,点评,一般报告,招商证券,"周铮,钟浩,段一帆",2021Q4,408700.0,,94400.0,78200.0,0.86,20.8,,14.0,7.8,强烈推荐,,
002643.SZ,万润股份,20200227,万润股份：业绩符合预期，沸石未来销量确定性较高,点评,一般报告,招商证券,"周铮,钟浩,段一帆",2020Q4,347900.0,,80200.0,66400.0,0.73,24.5,,13.3,8.9,强烈推荐,,
002643.SZ,万润股份,20200227,万润股份：业绩符合预期，沸石未来销量确定性较高,点评,一般报告,招商证券,"周铮,钟浩,段一帆",2019Q4,287000.0,,61100.0,50600.0,0.56,32.2,,11.3,11.0,强烈推荐,,
300603.SZ,立昂技术,20200227,立昂技术：5G时代公司具备一定的先发优势,一般,首份报告,安信证券,焦娟,2020Q4,165220.0,,30850.0,27260.0,0.97,42.5,0.6,29.2,33.5,买入,,
601100.SH,恒立液压,20200227,恒立液压：厚积薄发，液压件龙头蓄力再增长,深度,一般报告,安信证券,"李哲,赵靖博",2020Q4,668100.0,259100.0,185330.0,157530.0,1.79,26.4,1.1,23.5,19.3,买入,,62.7
600373.SH,中文传媒,20200227,中文传媒：子公司拟联合收购全通教育，业务版图有望进一步扩张,点评,一般报告,中泰证券,"康雅雯,熊亚威",2021Q4,1328220.0,,235120.0,221200.0,1.632,9.28,2.1,12.04,3.5,买入,,
300760.SZ,迈瑞医疗,20200227,迈瑞医疗：业绩符合预期，高端产品叠加新兴业务造就高质量增长,点评,一般报告,安信证券,马帅,2021Q4,2389540.0,,772160.0,673300.0,5.54,44.25,0.44,22.78,28.0,买入,,254.75
300760.SZ,迈瑞医疗,20200227,迈瑞医疗：业绩符合预期，高端产品叠加新兴业务造就高质量增长,点评,一般报告,安信证券,马帅,2020Q4,1995400.0,,646670.0,563093.0,4.63,52.92,0.27,23.34,33.8,买入,,254.75
300760.SZ,迈瑞医疗,20200227,迈瑞医疗：业绩符合预期，高端产品叠加新兴业务造就高质量增长,点评,一般报告,安信证券,马帅,2019Q4,1655600.0,,536830.0,468065.0,3.85,63.66,0.17,24.24,41.3,买入,,254.75
300502.SZ,新易盛,20200227,新易盛：收入高增长，盈利能力持续提升,点评,一般报告,中信建投,"阎贵成,武超则,汤其勇",2021Q4,,,,41100.0,,42.0,,,,买入,,
300502.SZ,新易盛,20200227,新易盛：收入高增长，盈利能力持续提升,点评,一般报告,中信建投,"阎贵成,武超则,汤其勇",2020Q4,,,,32800.0,,52.0,,,,买入,,
002324.SZ,普利特,20200227,普利特：业绩持续改善，5G新材料LCP逐步放量,点评,一般报告,国金证券,"王明辉,蒲强",2021Q4,411500.0,95700.0,36400.0,30200.0,0.572,32.31,,10.9,,增持,,18.8
002081.SZ,金螳螂,20200227,金螳螂：Q4收入与盈利加速增长，估值极低具备高性价比,点评,一般报告,国盛证券,"夏天,何亚轩,廖文强",2021Q4,4121200.0,,366900.0,305300.0,1.14,7.7,,15.2,5.0,买入,,
002081.SZ,金螳螂,20200227,金螳螂：Q4收入与盈利加速增长，估值极低具备高性价比,点评,一般报告,国盛证券,"夏天,何亚轩,廖文强",2020Q4,3606400.0,,322800.0,269300.0,1.0,8.8,,15.4,5.8,买入,,
300578.SZ,会畅通讯,20200227,会畅通讯：国产云视频平台蓄势待发，一朝风起扶摇万里——2019年业绩快报点评,点评,一般报告,国泰君安,"程硕,马天诣",2020Q4,99300.0,,,20400.0,1.17,63.52,0.0,27.5,34.53,增持,,87.75
300578.SZ,会畅通讯,20200227,会畅通讯：国产云视频平台蓄势待发，一朝风起扶摇万里——2019年业绩快报点评,点评,一般报告,国泰君安,"程硕,马天诣",2019Q4,53100.0,,,9500.0,0.54,136.51,0.1,17.6,82.64,增持,,87.75
002001.SZ,新和成,20200227,新和成：18年高基数造成业绩下滑，以量补价收入降幅小于价格降幅,点评,一般报告,中信建投,"郑勇,胡世超",2021Q4,,,,377000.0,,15.0,,,,买入,,
002324.SZ,普利特,20200227,普利特：业绩持续改善，5G新材料LCP逐步放量,点评,一般报告,国金证券,"王明辉,蒲强",2020Q4,391100.0,85700.0,30100.0,24900.0,0.472,39.12,,9.63,,增持,,18.8
002324.SZ,普利特,20200227,普利特：业绩持续改善，5G新材料LCP逐步放量,点评,一般报告,国金证券,"王明辉,蒲强",2019Q4,374200.0,76300.0,22800.0,18900.0,0.358,51.6,,7.75,,增持,,18.8
002081.SZ,金螳螂,20200227,金螳螂：Q4收入与盈利加速增长，估值极低具备高性价比,点评,一般报告,国盛证券,"夏天,何亚轩,廖文强",2019Q4,3085300.0,,283800.0,237300.0,0.88,9.9,,15.5,7.2,买入,,
000661.SZ,长春高新,20200227,长春高新：国内首家鼻喷流感疫苗获批，长春高新再添重磅产品,点评,一般报告,国盛证券,"张金洋,杨春雨",2021Q4,1210100.0,,480400.0,366600.0,18.12,26.7,,24.6,18.9,买入,,
000661.SZ,长春高新,20200227,长春高新：国内首家鼻喷流感疫苗获批，长春高新再添重磅产品,点评,一般报告,国盛证券,"张金洋,杨春雨",2020Q4,958500.0,,367500.0,280400.0,13.86,34.9,,24.7,25.3,买入,,
000661.SZ,长春高新,20200227,长春高新：国内首家鼻喷流感疫苗获批，长春高新再添重磅产品,点评,一般报告,国盛证券,"张金洋,杨春雨",2019Q4,751800.0,,283000.0,173200.0,8.56,56.6,,24.9,33.1,买入,,
300761.SZ,立华股份,20200227,立华股份：黄羽鸡业务量价齐升，公司业绩实现高增长,点评,一般报告,中信建投,"孙金琦,王泽选",2021Q4,943500.0,,,135000.0,,16.1,,,,增持,,
300761.SZ,立华股份,20200227,立华股份：黄羽鸡业务量价齐升，公司业绩实现高增长,点评,一般报告,中信建投,"孙金琦,王泽选",2020Q4,914700.0,,,153300.0,,14.2,,,,增持,,
300761.SZ,立华股份,20200227,立华股份：黄羽鸡业务量价齐升，公司业绩实现高增长,点评,一般报告,中信建投,"孙金琦,王泽选",2019Q4,888300.0,,,197300.0,,11.0,,,,增持,,
300578.SZ,会畅通讯,20200227,会畅通讯：国产云视频平台蓄势待发，一朝风起扶摇万里——2019年业绩快报点评,点评,一般报告,国泰君安,"程硕,马天诣",2021Q4,151700.0,,,29900.0,1.72,43.23,0.0,28.8,22.14,增持,,87.75
002001.SZ,新和成,20200227,新和成：18年高基数造成业绩下滑，以量补价收入降幅小于价格降幅,点评,一般报告,中信建投,"郑勇,胡世超",2020Q4,,,,324000.0,,17.0,,,,买入,,
300593.SZ,新雷能,20200227,新雷能：全年业绩接近预告上限，军工、通信双主业高速发展,点评,一般报告,中泰证券,"苏晨,李聪",2019Q4,77000.0,33500.0,7500.0,6600.0,0.4,52.39,,9.98,,买入,,
002493.SZ,荣盛石化,20200227,荣盛石化事件点评：修订非公开增发方案，募资投入浙江石化二期,点评,一般报告,方正证券,"李永磊,董伯骏",2020Q4,17198052.0,,1795791.0,597998.0,0.95,11.27,,20.0,4.39,强烈推荐,,
002493.SZ,荣盛石化,20200227,荣盛石化事件点评：修订非公开增发方案，募资投入浙江石化二期,点评,一般报告,方正证券,"李永磊,董伯骏",2019Q4,8818474.0,,459882.0,239139.0,0.38,28.18,,10.0,27.67,强烈推荐,,
002035.SZ,华帝股份,20200227,华帝股份2019业绩快报点评：工程渠道发力，拉动Q4收入增速转正,点评,一般报告,国泰君安,"范杨,颜晓晴,李树建",2021Q4,711000.0,,,93200.0,1.07,11.62,3.2,22.3,8.5,增持,,14.56
002035.SZ,华帝股份,20200227,华帝股份2019业绩快报点评：工程渠道发力，拉动Q4收入增速转正,点评,一般报告,国泰君安,"范杨,颜晓晴,李树建",2020Q4,634200.0,,,83100.0,0.96,13.04,2.7,23.1,10.03,增持,,14.56
002035.SZ,华帝股份,20200227,华帝股份2019业绩快报点评：工程渠道发力，拉动Q4收入增速转正,点评,一般报告,国泰君安,"范杨,颜晓晴,李树建",2019Q4,573400.0,,,74000.0,0.85,14.63,2.5,24.1,11.11,增持,,14.56
688008.SH,澜起科技,20200227,澜起科技财报点评：盈利能力大幅提升，5G周期持续成长,,一般报告,国信证券,"欧阳仕华,许亮",2021Q4,271500.0,,143400.0,134800.0,1.19,82.9,0.4,22.8,84.3,买入,,
688008.SH,澜起科技,20200227,澜起科技财报点评：盈利能力大幅提升，5G周期持续成长,,一般报告,国信证券,"欧阳仕华,许亮",2020Q4,217200.0,,118200.0,111100.0,0.98,100.6,0.3,22.2,101.1,买入,,
688008.SH,澜起科技,20200227,澜起科技财报点评：盈利能力大幅提升，5G周期持续成长,,一般报告,国信证券,"欧阳仕华,许亮",2019Q4,173800.0,,99300.0,93300.0,0.83,119.7,0.3,22.0,119.2,买入,,
300593.SZ,新雷能,20200227,新雷能：全年业绩接近预告上限，军工、通信双主业高速发展,点评,一般报告,中泰证券,"苏晨,李聪",2021Q4,174000.0,77800.0,20400.0,18400.0,1.11,18.74,,14.57,,买入,,
300593.SZ,新雷能,20200227,新雷能：全年业绩接近预告上限，军工、通信双主业高速发展,点评,一般报告,中泰证券,"苏晨,李聪",2020Q4,120600.0,53200.0,14000.0,12500.0,0.75,27.7,,12.02,,买入,,
002493.SZ,荣盛石化,20200227,荣盛石化事件点评：修订非公开增发方案，募资投入浙江石化二期,点评,一般报告,方正证券,"李永磊,董伯骏",2021Q4,19365284.0,,2614964.0,758339.0,1.21,8.88,,21.0,3.47,强烈推荐,,
002661.SZ,克明面业,20200227,克明面业：2019业绩稳定增长，当前家庭消费猛增，订单供不应求,点评,首份报告,太平洋证券,"黄付生,蔡雪昱",2021Q4,303439.0,,,30248.0,0.92,,,,,买入,,19.5
002661.SZ,克明面业,20200227,克明面业：2019业绩稳定增长，当前家庭消费猛增，订单供不应求,点评,首份报告,太平洋证券,"黄付生,蔡雪昱",2020Q4,285626.0,,,25489.0,0.78,,,,,买入,,19.5
002661.SZ,克明面业,20200227,克明面业：2019业绩稳定增长，当前家庭消费猛增，订单供不应求,点评,首份报告,太平洋证券,"黄付生,蔡雪昱",2019Q4,226938.0,,,20895.0,0.64,,,,,买入,,19.5
300750.SZ,宁德时代,20200227,宁德时代点评报告：融资扩产夯实公司锂电龙头地位,一般,首次关注,申港证券,"曹旭特,贺朝晖",2020Q4,5705689.0,,733100.0,602501.0,2.73,56.03,,13.6,32.65,买入,,
300750.SZ,宁德时代,20200227,宁德时代点评报告：融资扩产夯实公司锂电龙头地位,一般,首次关注,申港证券,"曹旭特,贺朝晖",2019Q4,4142183.0,,555600.0,450514.0,2.04,74.93,,11.7,45.98,买入,,
002212.SZ,南洋股份,20200227,南洋股份：网安收入大超预期，进入全新高增长阶段,点评,一般报告,安信证券,"胡又文,徐文杰",2021Q4,915170.0,,100460.0,85080.0,0.73,40.2,0.2,8.5,29.5,买入,,
002212.SZ,南洋股份,20200227,南洋股份：网安收入大超预期，进入全新高增长阶段,点评,一般报告,安信证券,"胡又文,徐文杰",2020Q4,802780.0,,68550.0,58050.0,0.5,58.9,0.2,6.3,40.6,买入,,
002212.SZ,南洋股份,20200227,南洋股份：网安收入大超预期，进入全新高增长阶段,点评,一般报告,安信证券,"胡又文,徐文杰",2019Q4,710430.0,,43290.0,36660.0,0.32,93.2,0.1,4.2,55.1,买入,,
002035.SZ,华帝股份,20200227,华帝股份：收入增速单季转正，全年盈利能力继续提升,点评,一般报告,广发证券,"曾婵,袁雨辰,王朝宁,黄涛",2021Q4,682900.0,,106900.0,90700.0,1.04,11.99,,18.3,7.62,买入,,14.88
002035.SZ,华帝股份,20200227,华帝股份：收入增速单季转正，全年盈利能力继续提升,点评,一般报告,广发证券,"曾婵,袁雨辰,王朝宁,黄涛",2020Q4,614100.0,,95100.0,81200.0,0.93,13.4,,20.1,9.32,买入,,14.88
002035.SZ,华帝股份,20200227,华帝股份：收入增速单季转正，全年盈利能力继续提升,点评,一般报告,广发证券,"曾婵,袁雨辰,王朝宁,黄涛",2019Q4,573400.0,,86800.0,74500.0,0.85,14.59,,23.1,10.75,买入,,14.88
601225.SH,陕西煤业,20200227,陕西煤业：19年净利润同比增5.5％，营收大幅创新高,点评,一般报告,群益证券,罗健,2021Q4,8236800.0,,2146600.0,1285800.0,1.29,6.19,4.65,,,买入,,10.0
601225.SH,陕西煤业,20200227,陕西煤业：19年净利润同比增5.5％，营收大幅创新高,点评,一般报告,群益证券,罗健,2020Q4,7847500.0,,2047700.0,1226600.0,1.23,6.49,4.4,,,买入,,10.0
601225.SH,陕西煤业,20200227,陕西煤业：19年净利润同比增5.5％，营收大幅创新高,点评,一般报告,群益证券,罗健,2019Q4,7340300.0,,1935900.0,1159600.0,1.16,6.86,4.27,,,买入,,10.0
002714.SZ,牧原股份,20200227,牧原股份：行业高景气度，把握高成长性＆高业绩增速行业龙头,点评,首份报告,太平洋证券,"程晓东,王艳君",2022Q4,4477500.0,,,976100.0,4.43,26.2,,,,买入,,135.6
002714.SZ,牧原股份,20200227,牧原股份：行业高景气度，把握高成长性＆高业绩增速行业龙头,点评,首份报告,太平洋证券,"程晓东,王艳君",2021Q4,5011900.0,,,1733400.0,7.86,14.75,,,,买入,,135.6
002714.SZ,牧原股份,20200227,牧原股份：行业高景气度，把握高成长性＆高业绩增速行业龙头,点评,首份报告,太平洋证券,"程晓东,王艳君",2020Q4,5344100.0,,,2988600.0,13.56,8.56,,,,买入,,135.6
300750.SZ,宁德时代,20200227,宁德时代点评报告：融资扩产夯实公司锂电龙头地位,一般,首次关注,申港证券,"曹旭特,贺朝晖",2021Q4,7470810.0,,878100.0,725594.0,3.29,46.52,,14.2,25.28,买入,,
002001.SZ,新和成,20200227,新和成：业绩预告符合预期，维生素价格趋势向上,点评,一般报告,中泰证券,"谢楠,张倩",2021Q4,1311273.0,,478866.0,400004.0,1.86,13.93,3.07,18.9,9.51,买入,,
002001.SZ,新和成,20200227,新和成：业绩预告符合预期，维生素价格趋势向上,点评,一般报告,中泰证券,"谢楠,张倩",2020Q4,1079178.0,,393894.0,329637.0,1.53,16.91,2.07,17.47,11.43,买入,,
002697.SZ,红旗连锁,20200227,红旗连锁：受益商品优化和投资收益，业绩大幅增长,点评,一般报告,广发证券,"洪涛,贾雨朦",2021Q4,901676.0,,84800.0,72172.0,0.53,15.83,,16.2,10.21,买入,,9.84
002697.SZ,红旗连锁,20200227,红旗连锁：受益商品优化和投资收益，业绩大幅增长,点评,一般报告,广发证券,"洪涛,贾雨朦",2020Q4,845110.0,,71500.0,60835.0,0.45,18.79,,16.3,13.12,买入,,9.84
002697.SZ,红旗连锁,20200227,红旗连锁：受益商品优化和投资收益，业绩大幅增长,点评,一般报告,广发证券,"洪涛,贾雨朦",2019Q4,782321.0,,60600.0,51586.0,0.38,19.9,,16.5,14.08,买入,,9.84
300433.SZ,蓝思科技,20200227,蓝思科技：日新月异，勇创新高,一般,一般报告,东吴证券,王平阳,2021Q4,4774300.0,,550600.0,496200.0,1.13,17.82,,17.1,10.41,买入,,
300433.SZ,蓝思科技,20200227,蓝思科技：日新月异，勇创新高,一般,一般报告,东吴证券,王平阳,2020Q4,3942400.0,,440900.0,398100.0,0.91,22.21,,16.3,12.93,买入,,
300433.SZ,蓝思科技,20200227,蓝思科技：日新月异，勇创新高,一般,一般报告,东吴证券,王平阳,2019Q4,3031500.0,,290000.0,260500.0,0.59,33.95,,12.5,17.49,买入,,
300122.SZ,智飞生物,20200227,智飞生物：业绩高速增长符合预期，研发管线存预期差有望迎来估值重塑,点评,一般报告,国盛证券,"张金洋,祁瑞",2021Q4,2120900.0,,574700.0,491400.0,3.07,19.6,,35.4,15.3,买入,,
300122.SZ,智飞生物,20200227,智飞生物：业绩高速增长符合预期，研发管线存预期差有望迎来估值重塑,点评,一般报告,国盛证券,"张金洋,祁瑞",2020Q4,1560500.0,,396600.0,339100.0,2.12,28.4,,37.5,22.8,买入,,
300122.SZ,智飞生物,20200227,智飞生物：业绩高速增长符合预期，研发管线存预期差有望迎来估值重塑,点评,一般报告,国盛证券,"张金洋,祁瑞",2019Q4,1058700.0,,275700.0,236900.0,1.48,40.7,,41.2,33.2,买入,,
002001.SZ,新和成,20200227,新和成：业绩预告符合预期，维生素价格趋势向上,点评,一般报告,中泰证券,"谢楠,张倩",2019Q4,760639.0,,266540.0,221817.0,1.03,25.13,2.87,13.27,17.0,买入,,
000425.SZ,徐工机械,20200227,徐工机械：报表质量优，盈利能性足,点评,一般报告,中信建投,吕娟,2019Q4,5496370.0,,,380980.0,0.49,11.2,,13.6,14.6,买入,,7.79
000425.SZ,徐工机械,20200227,徐工机械：报表质量优，盈利能性足,点评,一般报告,中信建投,吕娟,2020Q4,6120360.0,,,509330.0,0.65,8.4,,16.1,3.5,买入,,7.79
000425.SZ,徐工机械,20200227,徐工机械：报表质量优，盈利能性足,点评,一般报告,中信建投,吕娟,2021Q4,6693210.0,,,603050.0,0.77,7.1,,16.7,9.2,买入,,7.79
601225.SH,陕西煤业,20200227,陕西煤业：业绩快报符合预期，低估值优质动力煤龙头,点评,一般报告,广发证券,"沈涛,安鹏,宋炜",2021Q4,7440700.0,,2004200.0,1175200.0,1.18,6.77,,16.3,2.16,买入,,9.77
601225.SH,陕西煤业,20200227,陕西煤业：业绩快报符合预期，低估值优质动力煤龙头,点评,一般报告,广发证券,"沈涛,安鹏,宋炜",2020Q4,7160900.0,,1852400.0,1086200.0,1.09,7.33,,16.7,2.84,买入,,9.77
601225.SH,陕西煤业,20200227,陕西煤业：业绩快报符合预期，低估值优质动力煤龙头,点评,一般报告,广发证券,"沈涛,安鹏,宋炜",2019Q4,7340300.0,,1935900.0,1159600.0,1.16,6.86,,19.9,3.24,买入,,9.77
002810.SZ,山东赫达,20200227,山东赫达：2019年业绩高增长，今年植物胶囊有望继续放量,点评,一般报告,招商证券,"周铮,钟浩,段一帆",2021Q4,175000.0,,32300.0,27200.0,1.43,13.3,,20.3,7.3,强烈推荐,,
002810.SZ,山东赫达,20200227,山东赫达：2019年业绩高增长，今年植物胶囊有望继续放量,点评,一般报告,招商证券,"周铮,钟浩,段一帆",2020Q4,136100.0,,24500.0,20600.0,1.08,17.6,,18.8,9.4,强烈推荐,,
002810.SZ,山东赫达,20200227,山东赫达：2019年业绩高增长，今年植物胶囊有望继续放量,点评,一般报告,招商证券,"周铮,钟浩,段一帆",2019Q4,111300.0,,18200.0,15600.0,0.82,23.2,,17.1,12.9,强烈推荐,,
300122.SZ,智飞生物,20200227,智飞生物：增长强劲，HPV疫苗持续快速放量,点评,一般报告,中泰证券,"江琦,赵磊",2021Q4,1946894.0,,526300.0,453914.0,2.84,21.24,,32.99,19.0,买入,,
300122.SZ,智飞生物,20200227,智飞生物：增长强劲，HPV疫苗持续快速放量,点评,一般报告,中泰证券,"江琦,赵磊",2020Q4,1575058.0,,402900.0,347169.0,2.17,27.77,,37.65,23.0,买入,,
300122.SZ,智飞生物,20200227,智飞生物：增长强劲，HPV疫苗持续快速放量,点评,一般报告,中泰证券,"江琦,赵磊",2019Q4,1058730.0,,273600.0,236908.0,1.48,40.7,,41.2,33.0,买入,,
300012.SZ,华测检测,20200227,华测检测：业绩增长符合预期，看好中长期发展,点评,一般报告,广发证券,"罗立波,郭鹏,孙柏阳",2021Q4,474227.0,,88400.0,75500.0,0.46,36.98,,16.6,24.42,增持,,19.87
300012.SZ,华测检测,20200227,华测检测：业绩增长符合预期，看好中长期发展,点评,一般报告,广发证券,"罗立波,郭鹏,孙柏阳",2020Q4,392725.0,,69800.0,59900.0,0.36,46.61,,15.8,31.51,增持,,19.87
300012.SZ,华测检测,20200227,华测检测：业绩增长符合预期，看好中长期发展,点评,一般报告,广发证券,"罗立波,郭鹏,孙柏阳",2019Q4,317927.0,,54900.0,47400.0,0.29,58.9,,14.9,42.77,增持,,19.87
603806.SH,福斯特,20200227,福斯特：龙头再扩产，巩固竞争力,点评,一般报告,广发证券,华鹏伟,2021Q4,961500.0,,135400.0,123500.0,2.36,19.38,,14.5,18.34,买入,,56.1
603806.SH,福斯特,20200227,福斯特：龙头再扩产，巩固竞争力,点评,一般报告,广发证券,华鹏伟,2020Q4,812000.0,,107700.0,98400.0,1.88,24.31,,13.5,22.62,买入,,56.1
300628.SZ,亿联网络,20200227,亿联网络：业绩符合预期，云视频业务加速拓展,点评,一般报告,华西证券,"熊军,宋辉,柳珏廷",2021Q4,436527.0,,226038.0,205560.0,3.43,30.15,,24.49,,增持,,
300628.SZ,亿联网络,20200227,亿联网络：业绩符合预期，云视频业务加速拓展,点评,一般报告,华西证券,"熊军,宋辉,柳珏廷",2020Q4,332101.0,,177724.0,161644.0,2.7,38.34,,25.5,,增持,,
300628.SZ,亿联网络,20200227,亿联网络：业绩符合预期，云视频业务加速拓展,点评,一般报告,华西证券,"熊军,宋辉,柳珏廷",2019Q4,249327.0,,137636.0,125134.0,2.09,49.53,,26.5,,增持,,
603806.SH,福斯特,20200227,福斯特：龙头再扩产，巩固竞争力,点评,一般报告,广发证券,华鹏伟,2019Q4,632300.0,,87900.0,76700.0,1.47,31.21,,12.2,27.81,买入,,56.1
603297.SH,永新光学,20200227,永新光学：光学元件组件业务成长趋势良好,点评,一般报告,广发证券,"许兴军,王亮,余高",2020Q4,71700.0,,22700.0,19400.0,1.78,22.78,,10.4,20.06,买入,,55.1
603297.SH,永新光学,20200227,永新光学：光学元件组件业务成长趋势良好,点评,一般报告,广发证券,"许兴军,王亮,余高",2019Q4,58300.0,,17000.0,14500.0,1.33,26.13,,8.7,21.24,买入,,55.1
300144.SZ,宋城演艺,20200227,宋城演艺：盈利增长稳健，期待西安和上海项目,点评,一般报告,广发证券,"安鹏,沈涛,张雨露",2021Q4,294600.0,,179100.0,148500.0,1.02,27.57,,12.0,21.2,无,,31.9
300144.SZ,宋城演艺,20200227,宋城演艺：盈利增长稳健，期待西安和上海项目,点评,一般报告,广发证券,"安鹏,沈涛,张雨露",2020Q4,241600.0,,133100.0,109000.0,0.75,37.54,,10.0,28.6,无,,31.9
300144.SZ,宋城演艺,20200227,宋城演艺：盈利增长稳健，期待西安和上海项目,点评,一般报告,广发证券,"安鹏,沈涛,张雨露",2019Q4,261500.0,,162500.0,134200.0,0.92,30.49,,13.7,26.33,无,,31.9
603297.SH,永新光学,20200227,永新光学：光学元件组件业务成长趋势良好,点评,一般报告,广发证券,"许兴军,王亮,余高",2021Q4,94400.0,,29300.0,25000.0,2.29,17.67,,11.8,14.81,买入,,55.1
002507.SZ,涪陵榨菜,20200227,涪陵榨菜：营销加大拖累业绩，看好后续渠道下沉增速提升,点评,一般报告,方正证券,"薛玉虎,刘健",2021Q4,256299.0,,92989.0,79041.0,1.0,28.04,,17.0,19.52,推荐,,
002318.SZ,久立特材,20200227,久立特材：全年业绩持续改善,点评,一般报告,中泰证券,"笃慧,郭皓,曹云",2020Q4,463300.0,124200.0,65400.0,51700.0,0.61,15.08,,16.36,,买入,,
002318.SZ,久立特材,20200227,久立特材：全年业绩持续改善,点评,一般报告,中泰证券,"笃慧,郭皓,曹云",2019Q4,449300.0,122900.0,62300.0,49700.0,0.59,15.69,,16.26,,买入,,
002063.SZ,远光软件,20200227,远光软件2019年业绩快报点评：业绩超预期，国网文件明确发展方向,点评,一般报告,国泰君安,"李沐华,李博伦",2021Q4,236300.0,,,46200.0,0.54,22.03,0.8,14.9,19.36,增持,,15.52
002063.SZ,远光软件,20200227,远光软件2019年业绩快报点评：业绩超预期，国网文件明确发展方向,点评,一般报告,国泰君安,"李沐华,李博伦",2020Q4,191400.0,,,37500.0,0.44,27.11,0.7,13.8,25.16,增持,,15.52
002063.SZ,远光软件,20200227,远光软件2019年业绩快报点评：业绩超预期，国网文件明确发展方向,点评,一般报告,国泰君安,"李沐华,李博伦",2019Q4,156500.0,,,22700.0,0.27,44.83,0.6,9.4,33.14,增持,,15.52
002035.SZ,华帝股份,20200227,华帝股份：Q4收入转正，2020年景气周期向上,点评,一般报告,国盛证券,"鞠兴海,马王杰,高润鑫",2021Q4,675400.0,,111400.0,94600.0,1.09,10.1,,21.6,5.7,买入,,
002035.SZ,华帝股份,20200227,华帝股份：Q4收入转正，2020年景气周期向上,点评,一般报告,国盛证券,"鞠兴海,马王杰,高润鑫",2020Q4,629700.0,,99600.0,84500.0,0.97,11.3,,22.9,6.7,买入,,
002035.SZ,华帝股份,20200227,华帝股份：Q4收入转正，2020年景气周期向上,点评,一般报告,国盛证券,"鞠兴海,马王杰,高润鑫",2019Q4,573100.0,,87800.0,74600.0,0.86,12.8,,24.1,7.9,买入,,
002507.SZ,涪陵榨菜,20200227,涪陵榨菜：营销加大拖累业绩，看好后续渠道下沉增速提升,点评,一般报告,方正证券,"薛玉虎,刘健",2019Q4,198959.0,,71214.0,60532.0,0.77,36.62,,20.0,26.84,推荐,,
002318.SZ,久立特材,20200227,久立特材：全年业绩持续改善,点评,一般报告,中泰证券,"笃慧,郭皓,曹云",2021Q4,482800.0,130600.0,69700.0,54600.0,0.65,14.29,,16.68,,买入,,
002507.SZ,涪陵榨菜,20200227,涪陵榨菜：营销加大拖累业绩，看好后续渠道下沉增速提升,点评,一般报告,方正证券,"薛玉虎,刘健",2020Q4,224823.0,,80177.0,68151.0,0.86,32.52,,18.0,23.46,推荐,,
688388.SH,嘉元科技,20200227,嘉元科技：6μm锂电铜箔高景气度，助力业绩稳步提升,,一般报告,兴业证券,"邱祖学,苏东,王丽佳",2021Q4,193500.0,,68500.0,58200.0,2.52,26.6,,16.1,,审慎增持,,
600315.SH,上海家化,20200227,上海家化：线上加大投入拖累扣非，2020年期待新品及电商再发力,点评,一般报告,中信建投,史琨,2021Q4,854380.0,,76800.0,64100.0,0.96,27.9,1.1,9.1,13.4,买入,,
600315.SH,上海家化,20200227,上海家化：线上加大投入拖累扣非，2020年期待新品及电商再发力,点评,一般报告,中信建投,史琨,2020Q4,782500.0,,64270.0,53700.0,0.8,33.4,0.9,8.1,15.6,买入,,
600126.SH,杭钢股份,20200227,杭钢股份：钢铁、贸易、环保三大业务，开拓数字经济新领域,一般,首次关注,天风证券,马金龙,2021Q4,2971700.0,440300.0,146880.0,106850.0,0.32,17.04,,4.97,3.19,买入,,6.56
300662.SZ,科锐国际,20200227,科锐国际：内生增速环比提升,点评,一般报告,中泰证券,"范欣悦,吴张爽",2019Q4,358600.0,,22600.0,15000.0,0.823,46.0,,15.4,,买入,,
300483.SZ,沃施股份,20200227,沃施股份公司动态点评：拟定增募资11亿，继续增持中海沃邦10％股权，置换债务、降低财务成本,点评,首次关注,长城证券,"濮阳,范杨春晓",2020Q4,173436.0,,57857.0,11700.0,0.95,39.47,,7.2,8.49,推荐,,
300483.SZ,沃施股份,20200227,沃施股份公司动态点评：拟定增募资11亿，继续增持中海沃邦10％股权，置换债务、降低财务成本,点评,首次关注,长城证券,"濮阳,范杨春晓",2019Q4,153952.0,,45681.0,7400.0,0.6006,51.58,,4.9,12.26,推荐,,
300454.SZ,深信服,20200227,深信服：净利接近业绩预告上限，略超市场预期,点评,一般报告,中泰证券,"闻学臣,何柄谕,杨亚宇",2021Q4,794780.0,,153210.0,143320.0,3.5,55.8,,21.5,,买入,,
300454.SZ,深信服,20200227,深信服：净利接近业绩预告上限，略超市场预期,点评,一般报告,中泰证券,"闻学臣,何柄谕,杨亚宇",2020Q4,613200.0,,113920.0,105400.0,2.58,75.8,,19.8,,买入,,
300454.SZ,深信服,20200227,深信服：净利接近业绩预告上限，略超市场预期,点评,一般报告,中泰证券,"闻学臣,何柄谕,杨亚宇",2019Q4,459020.0,,83800.0,75830.0,1.85,105.4,,17.6,,买入,,
300145.SZ,中金环境,20200227,中金环境：各项业务景气向好，铂金属回收带来盈利弹性,深度,一般报告,申万宏源证券,"刘晓宁,郑嘉伟,高蕾",2021Q4,549867.0,,80900.0,65000.0,0.34,11.0,,10.8,,买入,,5.72
300145.SZ,中金环境,20200227,中金环境：各项业务景气向好，铂金属回收带来盈利弹性,深度,一般报告,申万宏源证券,"刘晓宁,郑嘉伟,高蕾",2020Q4,482443.0,,68700.0,55200.0,0.29,13.0,,10.3,,买入,,5.72
300145.SZ,中金环境,20200227,中金环境：各项业务景气向好，铂金属回收带来盈利弹性,深度,一般报告,申万宏源证券,"刘晓宁,郑嘉伟,高蕾",2019Q4,425747.0,,4300.0,3500.0,0.0182,219.0,,0.7,,买入,,5.72
002938.SZ,鹏鼎控股,20200227,鹏鼎控股：19年业绩符合预期，20年及后续增长逻辑依然清晰,点评,一般报告,招商证券,"鄢凡,张益敏",2021Q4,3708600.0,,541400.0,444600.0,1.92,24.3,,17.3,0.11,强烈推荐,,56.0
002938.SZ,鹏鼎控股,20200227,鹏鼎控股：19年业绩符合预期，20年及后续增长逻辑依然清晰,点评,一般报告,招商证券,"鄢凡,张益敏",2020Q4,3266800.0,,460500.0,378300.0,1.64,28.6,,16.9,0.14,强烈推荐,,56.0
002938.SZ,鹏鼎控股,20200227,鹏鼎控股：19年业绩符合预期，20年及后续增长逻辑依然清晰,点评,一般报告,招商证券,"鄢凡,张益敏",2019Q4,2665000.0,,354400.0,291300.0,1.26,37.1,,14.8,0.17,强烈推荐,,56.0
002697.SZ,红旗连锁,20200227,红旗连锁2019业绩快报点评：整合完成加速展店，主业投资双轮驱动,点评,一般报告,兴业证券,王品辉,2020Q4,859900.0,,79200.0,63500.0,0.47,17.3,,17.2,,审慎增持,,
002697.SZ,红旗连锁,20200227,红旗连锁2019业绩快报点评：整合完成加速展店，主业投资双轮驱动,点评,一般报告,兴业证券,王品辉,2019Q4,782400.0,,64300.0,51600.0,0.38,21.3,,16.9,,审慎增持,,
300483.SZ,沃施股份,20200227,沃施股份事件点评报告：拟再次提高中海沃邦控股权，业绩将加速释放,点评,一般报告,国海证券,范益民,2020Q4,228000.0,,93300.0,39700.0,3.22,11.63,,9.05,,买入,,
300483.SZ,沃施股份,20200227,沃施股份事件点评报告：拟再次提高中海沃邦控股权，业绩将加速释放,点评,一般报告,国海证券,范益民,2019Q4,156600.0,,40700.0,7400.0,0.6,62.24,,2.0,,买入,,
300427.SZ,红相股份,20200227,红相股份：电力轨交细分领域龙头，布局军工微波前景广阔,一般,首次关注,中泰证券,"苏晨,李聪",2020Q4,176618.0,81400.0,42500.0,33400.0,0.93,21.22,,11.04,,买入,,
688388.SH,嘉元科技,20200227,嘉元科技：6μm锂电铜箔高景气度，助力业绩稳步提升,,一般报告,兴业证券,"邱祖学,苏东,王丽佳",2020Q4,164000.0,,54300.0,46200.0,2.0,33.6,,15.2,,审慎增持,,
688388.SH,嘉元科技,20200227,嘉元科技：6μm锂电铜箔高景气度，助力业绩稳步提升,,一般报告,兴业证券,"邱祖学,苏东,王丽佳",2019Q4,137000.0,,38400.0,32700.0,1.41,47.5,,12.7,,审慎增持,,
300483.SZ,沃施股份,20200227,沃施股份公司动态点评：拟定增募资11亿，继续增持中海沃邦10％股权，置换债务、降低财务成本,点评,首次关注,长城证券,"濮阳,范杨春晓",2021Q4,189553.0,,70965.0,19800.0,1.61,23.29,,10.9,8.69,推荐,,
002697.SZ,红旗连锁,20200227,红旗连锁2019业绩快报点评：整合完成加速展店，主业投资双轮驱动,点评,一般报告,兴业证券,王品辉,2021Q4,933400.0,,94500.0,75800.0,0.56,14.5,,17.0,,审慎增持,,
300483.SZ,沃施股份,20200227,沃施股份事件点评报告：拟再次提高中海沃邦控股权，业绩将加速释放,点评,一般报告,国海证券,范益民,2021Q4,407100.0,,190100.0,80800.0,6.56,5.71,,14.04,,买入,,
300454.SZ,深信服,20200227,深信服：2019Q4收入利润皆超预期，2020年有望延续高增速态势,点评,一般报告,安信证券,"胡又文,曹佩",2021Q4,893280.0,,147960.0,140560.0,3.44,56.9,0.4,22.9,51.2,买入,,230.0
300454.SZ,深信服,20200227,深信服：2019Q4收入利润皆超预期，2020年有望延续高增速态势,点评,一般报告,安信证券,"胡又文,曹佩",2020Q4,642650.0,,108370.0,102950.0,2.52,77.6,0.3,20.5,72.8,买入,,230.0
300454.SZ,深信服,20200227,深信服：2019Q4收入利润皆超预期，2020年有望延续高增速态势,点评,一般报告,安信证券,"胡又文,曹佩",2019Q4,459030.0,,77800.0,75820.0,1.85,105.4,0.2,18.1,105.7,买入,,230.0
300427.SZ,红相股份,20200227,红相股份：电力轨交细分领域龙头，布局军工微波前景广阔,一般,首次关注,中泰证券,"苏晨,李聪",2021Q4,205817.0,94600.0,50000.0,39700.0,1.11,17.84,,11.76,,买入,,
300427.SZ,红相股份,20200227,红相股份：电力轨交细分领域龙头，布局军工微波前景广阔,一般,首次关注,中泰证券,"苏晨,李聪",2019Q4,151648.0,68800.0,34100.0,26600.0,0.74,26.66,,11.48,,买入,,
002677.SZ,浙江美大,20200227,浙江美大2019年度业绩快报点评：收入业绩符合预期，疫情短期影响无碍长期表现,点评,一般报告,申万宏源证券,"刘正,周海晨,史晋星,梁姝雯",2021Q4,223000.0,113600.0,69900.0,59600.0,0.92,14.0,,20.2,,买入,,
002677.SZ,浙江美大,20200227,浙江美大2019年度业绩快报点评：收入业绩符合预期，疫情短期影响无碍长期表现,点评,一般报告,申万宏源证券,"刘正,周海晨,史晋星,梁姝雯",2020Q4,194100.0,99600.0,61100.0,52200.0,0.81,16.0,,22.2,,买入,,
002376.SZ,新北洋,20200227,新北洋：短期承压，静待拐点,点评,一般报告,申万宏源证券,"刘洋,黄忠煌",2020Q4,287800.0,121100.0,45200.0,36800.0,0.55,23.0,,10.2,,增持,,
002376.SZ,新北洋,20200227,新北洋：短期承压，静待拐点,点评,一般报告,申万宏源证券,"刘洋,黄忠煌",2019Q4,247000.0,105400.0,40900.0,33200.0,0.5,25.0,,9.8,,增持,,
603916.SH,苏博特,20200227,苏博特：近看基建复工增长高速，远看新材料空间广阔,一般,一般报告,东兴证券,"罗四维,薛阳",2020Q4,338250.0,,55800.0,42100.0,1.36,12.36,,15.23,9.35,强烈推荐,,
603916.SH,苏博特,20200227,苏博特：近看基建复工增长高速，远看新材料空间广阔,一般,一般报告,东兴证券,"罗四维,薛阳",2019Q4,289134.0,,45700.0,34093.0,1.1,15.26,,14.14,11.17,强烈推荐,,
300559.SZ,佳发教育,20200227,佳发教育：全年归母净利2亿符合预期，疫情或加速财政信息化投入,点评,一般报告,天风证券,"刘章明,孙海洋,沈海兵",2019Q4,74191.0,,24262.0,21146.0,0.79,44.42,,19.22,37.8,买入,,
002475.SZ,立讯精密,20200227,立讯精密：19年业绩大幅超市场预期，上调盈利预测与目标价,一般,一般报告,招商证券,鄢凡,2021Q4,12145500.0,,1094000.0,900000.0,1.68,27.8,,29.2,2.5,强烈推荐,,56.0
002475.SZ,立讯精密,20200227,立讯精密：19年业绩大幅超市场预期，上调盈利预测与目标价,一般,一般报告,招商证券,鄢凡,2020Q4,9201100.0,,832400.0,685000.0,1.28,36.5,,29.1,3.3,强烈推荐,,56.0
002475.SZ,立讯精密,20200227,立讯精密：19年业绩大幅超市场预期，上调盈利预测与目标价,一般,一般报告,招商证券,鄢凡,2019Q4,6238000.0,,576500.0,472100.0,0.88,53.0,,26.5,4.6,强烈推荐,,56.0
000858.SZ,五粮液,20200227,五粮液：开启品牌升级新征程,一般,一般报告,中金,"吕若晨,周悦琅",2021Q4,6705600.0,,3505800.0,2504800.0,6.45,19.2,2.8,26.0,11.6,跑赢行业,,162.0
000858.SZ,五粮液,20200227,五粮液：开启品牌升级新征程,一般,一般报告,中金,"吕若晨,周悦琅",2020Q4,5701600.0,,2902300.0,2069700.0,5.33,23.3,2.2,25.1,14.5,跑赢行业,,162.0
000858.SZ,五粮液,20200227,五粮液：开启品牌升级新征程,一般,一般报告,中金,"吕若晨,周悦琅",2019Q4,5043700.0,,2482900.0,1770700.0,4.56,27.2,1.6,25.4,17.4,跑赢行业,,162.0
688039.SH,当虹科技,20200227,当虹科技：业绩符合预期，持续受益于超高清发展,,首份报告,招商证券,"余俊,蒋颖",2021Q4,61400.0,,18600.0,17100.0,2.13,53.6,,9.8,48.6,强烈推荐,,
002677.SZ,浙江美大,20200227,浙江美大2019年度业绩快报点评：收入业绩符合预期，疫情短期影响无碍长期表现,点评,一般报告,申万宏源证券,"刘正,周海晨,史晋星,梁姝雯",2019Q4,169000.0,88500.0,54200.0,46200.0,0.72,18.0,,25.3,,买入,,
688039.SH,当虹科技,20200227,当虹科技：业绩符合预期，持续受益于超高清发展,,首份报告,招商证券,"余俊,蒋颖",2020Q4,41500.0,,12900.0,11900.0,1.48,76.9,,7.5,70.4,强烈推荐,,
002376.SZ,新北洋,20200227,新北洋：短期承压，静待拐点,点评,一般报告,申万宏源证券,"刘洋,黄忠煌",2021Q4,337000.0,140800.0,55100.0,44700.0,0.67,19.0,,11.4,,增持,,
688039.SH,当虹科技,20200227,当虹科技：业绩符合预期，持续受益于超高清发展,,首份报告,招商证券,"余俊,蒋颖",2019Q4,28500.0,,9300.0,8600.0,1.07,106.5,,5.8,96.3,强烈推荐,,
603551.SH,奥普家居,20200227,奥普家居公司首次覆盖报告：品类扩张稳步推进，布局全屋空气管理,一般,首次关注,国泰君安,"穆方舟,林昕宇,张心怡",2021Q4,201000.0,,,36700.0,0.92,19.74,0.0,18.7,12.53,增持,,20.5
603551.SH,奥普家居,20200227,奥普家居公司首次覆盖报告：品类扩张稳步推进，布局全屋空气管理,一般,首次关注,国泰君安,"穆方舟,林昕宇,张心怡",2019Q4,158800.0,,,28400.0,0.71,25.46,0.0,22.5,,增持,,20.5
601225.SH,陕西煤业,20200227,陕西煤业2019年业绩快报点评：股息率近6％，PB已经回到供给侧改革之前,点评,一般报告,华创证券,"任志强,严鹏,王保庆,张文龙",2021Q4,6978700.0,,1893400.0,1139800.0,1.14,7.0,,11.6,7.0,强推,,10.48
601225.SH,陕西煤业,20200227,陕西煤业2019年业绩快报点评：股息率近6％，PB已经回到供给侧改革之前,点评,一般报告,华创证券,"任志强,严鹏,王保庆,张文龙",2020Q4,6934300.0,,1838600.0,1106800.0,1.107,7.0,,12.8,8.0,强推,,10.48
601225.SH,陕西煤业,20200227,陕西煤业2019年业绩快报点评：股息率近6％，PB已经回到供给侧改革之前,点评,一般报告,华创证券,"任志强,严鹏,王保庆,张文龙",2019Q4,7169400.0,,1930800.0,1162400.0,1.162,7.0,,15.5,8.0,强推,,10.48
300696.SZ,爱乐达,20200227,爱乐达：营收同比大幅增长，公司迎来快速增长黄金期,点评,一般报告,兴业证券,石康,2021Q4,43200.0,,23300.0,19800.0,1.66,21.9,,18.4,,审慎增持,,
300696.SZ,爱乐达,20200227,爱乐达：营收同比大幅增长，公司迎来快速增长黄金期,点评,一般报告,兴业证券,石康,2019Q4,17400.0,,9100.0,7700.0,0.64,56.5,,9.5,,审慎增持,,
300379.SZ,东方通,20200227,东方通：业绩符合预期，积极备战大安全市场,点评,一般报告,安信证券,"胡又文,徐文杰",2021Q4,173860.0,,59490.0,57110.0,2.03,25.0,0.0,21.5,23.0,买入,,
300379.SZ,东方通,20200227,东方通：业绩符合预期，积极备战大安全市场,点评,一般报告,安信证券,"胡又文,徐文杰",2020Q4,112890.0,,38110.0,36580.0,1.3,39.1,0.0,17.5,36.4,买入,,
002714.SZ,牧原股份,20200227,牧原股份：2019业绩高增长，2020－2021年持续兑现可期,点评,一般报告,中信建投,"孙金琦,王泽选",2021Q4,6825000.0,,,3221400.0,,7.9,,,,买入,,
603916.SH,苏博特,20200227,苏博特：近看基建复工增长高速，远看新材料空间广阔,一般,一般报告,东兴证券,"罗四维,薛阳",2021Q4,398852.0,,64900.0,49298.0,1.59,10.55,,15.56,8.2,强烈推荐,,
300559.SZ,佳发教育,20200227,佳发教育：全年归母净利2亿符合预期，疫情或加速财政信息化投入,点评,一般报告,天风证券,"刘章明,孙海洋,沈海兵",2021Q4,166189.0,,48607.0,41934.0,1.57,22.4,,24.84,17.06,买入,,
300559.SZ,佳发教育,20200227,佳发教育：全年归母净利2亿符合预期，疫情或加速财政信息化投入,点评,一般报告,天风证券,"刘章明,孙海洋,沈海兵",2020Q4,118706.0,,36933.0,31841.0,1.2,29.5,,23.51,23.29,买入,,
603551.SH,奥普家居,20200227,奥普家居公司首次覆盖报告：品类扩张稳步推进，布局全屋空气管理,一般,首次关注,国泰君安,"穆方舟,林昕宇,张心怡",2020Q4,179000.0,,,32800.0,0.82,22.05,0.0,20.6,14.73,增持,,20.5
300696.SZ,爱乐达,20200227,爱乐达：营收同比大幅增长，公司迎来快速增长黄金期,点评,一般报告,兴业证券,石康,2020Q4,28100.0,,14600.0,12400.0,1.04,34.9,,13.6,,审慎增持,,
300379.SZ,东方通,20200227,东方通：业绩符合预期，积极备战大安全市场,点评,一般报告,安信证券,"胡又文,徐文杰",2019Q4,50170.0,,15340.0,14720.0,0.523,97.0,0.0,8.6,88.2,买入,,
002714.SZ,牧原股份,20200227,牧原股份：2019业绩高增长，2020－2021年持续兑现可期,点评,一般报告,中信建投,"孙金琦,王泽选",2020Q4,5670000.0,,,3175200.0,,8.1,,,,买入,,
600126.SH,杭钢股份,20200227,杭钢股份：钢铁、贸易、环保三大业务，开拓数字经济新领域,一般,首次关注,天风证券,马金龙,2020Q4,2751600.0,364300.0,135284.0,98458.0,0.29,18.49,,4.82,4.12,买入,,6.56
300760.SZ,迈瑞医疗,20200227,迈瑞医疗：业绩持续长虹，龙头实至名归,点评,一般报告,粤开证券,李志新,2021Q4,2602000.0,,842700.0,737000.0,6.04,40.6,,22.08,35.98,买入,,
300760.SZ,迈瑞医疗,20200227,迈瑞医疗：业绩持续长虹，龙头实至名归,点评,一般报告,粤开证券,李志新,2019Q4,1655100.0,,536900.0,467900.0,3.84,63.9,,23.59,57.77,买入,,
600126.SH,杭钢股份,20200227,杭钢股份：钢铁、贸易、环保三大业务，开拓数字经济新领域,一般,首次关注,天风证券,马金龙,2019Q4,2671400.0,344300.0,131615.0,95661.0,0.28,19.03,,4.92,6.13,买入,,6.56
300760.SZ,迈瑞医疗,20200227,迈瑞医疗：业绩持续长虹，龙头实至名归,点评,一般报告,粤开证券,李志新,2020Q4,2156800.0,,705600.0,617100.0,5.06,48.5,,23.73,43.23,买入,,
300474.SZ,景嘉微,20200227,景嘉微：军品保障业绩高速增长，民品发展前景可期,点评,一般报告,招商证券,"王超,岑晓翔",2021Q4,121800.0,,37900.0,38700.0,1.28,54.6,,13.7,42.3,强烈推荐,,
300474.SZ,景嘉微,20200227,景嘉微：军品保障业绩高速增长，民品发展前景可期,点评,一般报告,招商证券,"王超,岑晓翔",2019Q4,50700.0,,17000.0,17400.0,0.58,121.6,,7.4,97.1,强烈推荐,,
002812.SZ,恩捷股份,20200227,恩捷股份2019业绩快报点评：海外出货占比提升，收购捷力占据半壁江山,一般,一般报告,兴业证券,"朱玥,曾英捷",2021Q4,539100.0,,187000.0,151300.0,1.88,33.0,,22.5,,审慎增持,,
002812.SZ,恩捷股份,20200227,恩捷股份2019业绩快报点评：海外出货占比提升，收购捷力占据半壁江山,一般,一般报告,兴业证券,"朱玥,曾英捷",2020Q4,440600.0,,144400.0,116400.0,1.44,43.0,,21.1,,审慎增持,,
002812.SZ,恩捷股份,20200227,恩捷股份2019业绩快报点评：海外出货占比提升，收购捷力占据半壁江山,一般,一般报告,兴业证券,"朱玥,曾英捷",2019Q4,315900.0,,105600.0,85000.0,1.05,59.0,,18.7,,审慎增持,,
300750.SZ,宁德时代,20200227,宁德时代重大事件快评：强者愈强，动力航母拟募资再拓版图,点评,一般报告,国信证券,"方重寅,居嘉骁",2021Q4,6038900.0,,854800.0,676800.0,3.065,49.6,0.1,14.0,38.4,增持,,
300750.SZ,宁德时代,20200227,宁德时代重大事件快评：强者愈强，动力航母拟募资再拓版图,点评,一般报告,国信证券,"方重寅,居嘉骁",2020Q4,4952900.0,,718800.0,562100.0,2.545,59.7,0.1,13.0,44.2,增持,,
300750.SZ,宁德时代,20200227,宁德时代重大事件快评：强者愈强，动力航母拟募资再拓版图,点评,一般报告,国信证券,"方重寅,居嘉骁",2019Q4,3772900.0,,564200.0,444400.0,2.012,75.5,0.0,12.0,57.0,增持,,
300070.SZ,碧水源,20200227,碧水源：业绩拐点确认，新一轮成长将开启,点评,一般报告,广发证券,"郭鹏,姜涛",2021Q4,1671100.0,,285500.0,217600.0,0.69,15.06,,9.0,11.48,增持,,12.67
300070.SZ,碧水源,20200227,碧水源：业绩拐点确认，新一轮成长将开启,点评,一般报告,广发证券,"郭鹏,姜涛",2020Q4,1437900.0,,228600.0,174300.0,0.55,18.81,,7.9,13.74,增持,,12.67
300474.SZ,景嘉微,20200227,景嘉微：军品保障业绩高速增长，民品发展前景可期,点评,一般报告,招商证券,"王超,岑晓翔",2020Q4,86800.0,,27200.0,27700.0,0.92,76.1,,10.9,59.5,强烈推荐,,
300070.SZ,碧水源,20200227,碧水源：业绩拐点确认，新一轮成长将开启,点评,一般报告,广发证券,"郭鹏,姜涛",2019Q4,1272000.0,,182100.0,138800.0,0.44,23.63,,6.8,15.81,增持,,12.67
002035.SZ,华帝股份,20200227,华帝股份业绩快报点评：经营拐点已现，业绩有望持续改善,点评,一般报告,西部证券,"孙谦,张译文",2020Q4,638500.0,,99800.0,85600.0,0.98,12.8,,24.0,,买入,,
002035.SZ,华帝股份,20200227,华帝股份业绩快报点评：经营拐点已现，业绩有望持续改善,点评,一般报告,西部证券,"孙谦,张译文",2019Q4,573400.0,,85900.0,74500.0,0.86,14.7,,25.4,,买入,,
600160.SH,巨化股份,20200227,巨化股份：制冷剂产业链景气复苏，氟化工新材料前景广阔,点评,一般报告,粤开证券,于庭泽,2021Q4,1977370.0,,331640.0,264580.0,0.96,12.74,,16.8,,买入,,
600160.SH,巨化股份,20200227,巨化股份：制冷剂产业链景气复苏，氟化工新材料前景广阔,点评,一般报告,粤开证券,于庭泽,2020Q4,1719450.0,,228190.0,182970.0,0.67,24.89,,13.4,,买入,,
300662.SZ,科锐国际,20200227,科锐国际：内生增速环比提升,点评,一般报告,中泰证券,"范欣悦,吴张爽",2021Q4,690300.0,,34900.0,23700.0,1.3,29.0,,17.3,,买入,,
300662.SZ,科锐国际,20200227,科锐国际：内生增速环比提升,点评,一般报告,中泰证券,"范欣悦,吴张爽",2020Q4,502900.0,,28200.0,18900.0,1.037,36.0,,16.4,,买入,,
002035.SZ,华帝股份,20200227,华帝股份业绩快报点评：经营拐点已现，业绩有望持续改善,点评,一般报告,西部证券,"孙谦,张译文",2021Q4,719700.0,,115800.0,98100.0,1.13,11.2,,23.2,,买入,,
600160.SH,巨化股份,20200227,巨化股份：制冷剂产业链景气复苏，氟化工新材料前景广阔,点评,一般报告,粤开证券,于庭泽,2019Q4,1495170.0,,114930.0,93630.0,0.34,10.83,,7.7,,买入,,
688023.SH,安恒信息,20200227,安恒信息：业绩符合预期，新场景新服务推动下增长将持续高于行业增速,,首次关注,中信建投,石泽蕤,2021Q4,200480.0,,,18357.0,2.478,69.61,,,,买入,,
688023.SH,安恒信息,20200227,安恒信息：业绩符合预期，新场景新服务推动下增长将持续高于行业增速,,首次关注,中信建投,石泽蕤,2020Q4,142110.0,,,12126.0,1.637,105.37,,,,买入,,
688023.SH,安恒信息,20200227,安恒信息：业绩符合预期，新场景新服务推动下增长将持续高于行业增速,,首次关注,中信建投,石泽蕤,2019Q4,94520.0,,,8118.0,1.096,157.4,,,,买入,,
601360.SH,三六零,20200227,三六零重大事项点评：与统信软件深度合作，护航UOS生态安全,点评,一般报告,华创证券,"陈宝健,刘逍遥",2021Q4,1786800.0,,538100.0,451100.0,0.67,40.0,,12.4,26.0,推荐,,31.67
601360.SH,三六零,20200227,三六零重大事项点评：与统信软件深度合作，护航UOS生态安全,点评,一般报告,华创证券,"陈宝健,刘逍遥",2020Q4,1552800.0,,469500.0,393500.0,0.58,45.0,,12.3,29.0,推荐,,31.67
601360.SH,三六零,20200227,三六零重大事项点评：与统信软件深度合作，护航UOS生态安全,点评,一般报告,华创证券,"陈宝健,刘逍遥",2019Q4,1368600.0,,722000.0,605200.0,0.89,30.0,,21.4,19.0,推荐,,31.67
600196.SH,复星医药,20200227,复星医药研发动态跟踪：CAR－T提交上市申请，领军国内细胞免疫治疗,一般,一般报告,光大证券,"林小伟,王明瑞",2020Q4,3507900.0,,478400.0,364600.0,1.42,20.0,1.5,11.05,22.2,买入,,
600196.SH,复星医药,20200227,复星医药研发动态跟踪：CAR－T提交上市申请，领军国内细胞免疫治疗,一般,一般报告,光大证券,"林小伟,王明瑞",2019Q4,2952800.0,,403600.0,307600.0,1.2,23.0,1.3,10.16,22.2,买入,,
300662.SZ,科锐国际,20200227,科锐国际2019年业绩快报点评：Q4业绩增长持续改善，短期疫情不改长期向好趋势,点评,一般报告,西部证券,"许光辉,李艳丽",2021Q4,567300.0,,37800.0,23500.0,1.289,29.2,,15.5,,买入,,
300662.SZ,科锐国际,20200227,科锐国际2019年业绩快报点评：Q4业绩增长持续改善，短期疫情不改长期向好趋势,点评,一般报告,西部证券,"许光辉,李艳丽",2020Q4,443000.0,,29000.0,17700.0,0.971,38.6,,14.4,,买入,,
300662.SZ,科锐国际,20200227,科锐国际2019年业绩快报点评：Q4业绩增长持续改善，短期疫情不改长期向好趋势,点评,一般报告,西部证券,"许光辉,李艳丽",2019Q4,358600.0,,23400.0,15000.0,0.823,45.7,,14.9,,买入,,
300638.SZ,广和通,20200227,广和通：业绩符合预期，M2M＋MI双轮驱动业绩持续增长,点评,首份报告,招商证券,"余俊,张皓怡",2021Q4,358800.0,,36500.0,33900.0,2.52,32.7,,19.2,29.9,强烈推荐,,
300638.SZ,广和通,20200227,广和通：业绩符合预期，M2M＋MI双轮驱动业绩持续增长,点评,首份报告,招商证券,"余俊,张皓怡",2020Q4,269100.0,,27900.0,26000.0,1.93,42.6,,17.2,39.0,强烈推荐,,
300638.SZ,广和通,20200227,广和通：业绩符合预期，M2M＋MI双轮驱动业绩持续增长,点评,首份报告,招商证券,"余俊,张皓怡",2019Q4,191500.0,,18200.0,17000.0,1.26,65.2,,13.1,59.5,强烈推荐,,
300558.SZ,贝达药业,20200227,贝达药业：业绩符合预期，埃克替尼持续放量，恩沙替尼获批在即,点评,一般报告,中泰证券,"江琦,祝嘉琦",2021Q4,278425.0,,43445.0,39739.0,0.99,84.85,,12.99,64.0,买入,,
300558.SZ,贝达药业,20200227,贝达药业：业绩符合预期，埃克替尼持续放量，恩沙替尼获批在即,点评,一般报告,中泰证券,"江琦,祝嘉琦",2020Q4,206966.0,,32580.0,29801.0,0.74,113.15,,11.21,83.0,买入,,
300558.SZ,贝达药业,20200227,贝达药业：业绩符合预期，埃克替尼持续放量，恩沙替尼获批在即,点评,一般报告,中泰证券,"江琦,祝嘉琦",2019Q4,154710.0,,25652.0,22337.0,0.56,150.96,,9.45,105.0,买入,,
300012.SZ,华测检测,20200227,华测检测：业绩符合预期，检测民企龙头发展后劲十足,点评,一般报告,国金证券,"王华君,赵玥炜",2020Q4,393200.0,191100.0,72300.0,61400.0,0.371,43.85,,16.97,,买入,,20.4
300012.SZ,华测检测,20200227,华测检测：业绩符合预期，检测民企龙头发展后劲十足,点评,一般报告,国金证券,"王华君,赵玥炜",2019Q4,317800.0,151300.0,55500.0,47000.0,0.284,57.31,,15.14,,买入,,20.4
002695.SZ,煌上煌,20200227,煌上煌：2月底门店有望全面恢复营业，长期持续看好,点评,一般报告,川财证券,"欧阳宇剑,郭晓东",2020Q4,284631.0,,38910.0,31739.0,0.62,27.3,,13.5,,增持,,
002695.SZ,煌上煌,20200227,煌上煌：2月底门店有望全面恢复营业，长期持续看好,点评,一般报告,川财证券,"欧阳宇剑,郭晓东",2019Q4,232265.0,,29450.0,24017.0,0.47,36.07,,11.5,,增持,,
002475.SZ,立讯精密,20200227,立讯精密年报点评：业绩再次大超预期，未来高速增长动力十足,点评,一般报告,新时代证券,"吴吉森,曾萌",2020Q4,8877100.0,,798800.0,662600.0,1.24,38.4,,24.3,24.9,强烈推荐,,
002055.SZ,得润电子,20200227,得润电子：电动车第三轮扩张，欧系核心拐点向上,一般,首次关注,天风证券,"邓学,潘暕,娄周鑫,胡婷",2020Q4,880728.0,,36509.0,30229.0,0.63,27.88,,11.83,15.42,买入,,26.0
002055.SZ,得润电子,20200227,得润电子：电动车第三轮扩张，欧系核心拐点向上,一般,首次关注,天风证券,"邓学,潘暕,娄周鑫,胡婷",2019Q4,707183.0,,-56851.0,-52872.0,-1.1,,,-23.0,,买入,,26.0
002035.SZ,华帝股份,20200227,华帝股份业绩快报点评：Q4波澜不惊，静待终端需求回暖,点评,一般报告,招商证券,"隋思誉,纪敏",2021Q4,656600.0,,104600.0,87300.0,1.0,12.4,,22.2,10.0,强烈推荐,,
002035.SZ,华帝股份,20200227,华帝股份业绩快报点评：Q4波澜不惊，静待终端需求回暖,点评,一般报告,招商证券,"隋思誉,纪敏",2020Q4,608000.0,,95500.0,79800.0,0.91,13.6,,23.6,10.8,强烈推荐,,
600196.SH,复星医药,20200227,复星医药研发动态跟踪：CAR－T提交上市申请，领军国内细胞免疫治疗,一般,一般报告,光大证券,"林小伟,王明瑞",2021Q4,4120900.0,,579600.0,441700.0,1.72,16.0,1.8,12.16,18.4,买入,,
300012.SZ,华测检测,20200227,华测检测：业绩符合预期，检测民企龙头发展后劲十足,点评,一般报告,国金证券,"王华君,赵玥炜",2021Q4,470600.0,230100.0,89600.0,76300.0,0.46,35.31,,17.85,,买入,,20.4
002695.SZ,煌上煌,20200227,煌上煌：2月底门店有望全面恢复营业，长期持续看好,点评,一般报告,川财证券,"欧阳宇剑,郭晓东",2021Q4,348284.0,,52820.0,43084.0,0.84,20.11,,16.0,,增持,,
002475.SZ,立讯精密,20200227,立讯精密年报点评：业绩再次大超预期，未来高速增长动力十足,点评,一般报告,新时代证券,"吴吉森,曾萌",2021Q4,11863600.0,,1037000.0,860100.0,1.61,29.6,,24.0,19.4,强烈推荐,,
002475.SZ,立讯精密,20200227,立讯精密年报点评：业绩再次大超预期，未来高速增长动力十足,点评,一般报告,新时代证券,"吴吉森,曾萌",2019Q4,6238000.0,,569200.0,472100.0,0.88,53.9,,22.9,35.3,强烈推荐,,
002055.SZ,得润电子,20200227,得润电子：电动车第三轮扩张，欧系核心拐点向上,一般,首次关注,天风证券,"邓学,潘暕,娄周鑫,胡婷",2021Q4,1044273.0,,58583.0,45314.0,0.94,18.6,,15.41,10.9,买入,,26.0
002035.SZ,华帝股份,20200227,华帝股份业绩快报点评：Q4波澜不惊，静待终端需求回暖,点评,一般报告,招商证券,"隋思誉,纪敏",2019Q4,573500.0,,88800.0,74200.0,0.85,14.6,,25.7,11.4,强烈推荐,,
002032.SZ,苏泊尔,20200227,苏泊尔：业绩符合预期，经营依旧稳健,点评,一般报告,申万宏源证券,"刘正,周海晨,史晋星,梁姝雯",2021Q4,2531700.0,777700.0,303000.0,254600.0,3.1,24.0,,20.2,,买入,,
002032.SZ,苏泊尔,20200227,苏泊尔：业绩符合预期，经营依旧稳健,点评,一般报告,申万宏源证券,"刘正,周海晨,史晋星,梁姝雯",2020Q4,2221800.0,678200.0,263200.0,221300.0,2.69,28.0,,22.0,,买入,,
300785.SZ,值得买,20200227,值得买：拥抱领先UGC社区，响应数码智连新时代,一般,首次关注,东方证券,项雯倩,2021Q4,114170.0,,25700.0,22800.0,4.27,43.5,,21.6,36.6,买入,,266.77
300785.SZ,值得买,20200227,值得买：拥抱领先UGC社区，响应数码智连新时代,一般,首次关注,东方证券,项雯倩,2020Q4,89740.0,,19100.0,16900.0,3.16,58.8,,19.7,48.5,买入,,266.77
300785.SZ,值得买,20200227,值得买：拥抱领先UGC社区，响应数码智连新时代,一般,首次关注,东方证券,项雯倩,2019Q4,66440.0,,12800.0,11200.0,2.1,88.3,,20.4,70.0,买入,,266.77
300750.SZ,宁德时代,20200227,宁德时代定增及新产能建设点评：定增获充足弹药，看好其全球化扩张,点评,一般报告,西部证券,"王冠桥,李子豪",2021Q4,7249400.0,,855800.0,681200.0,3.08,48.5,,14.2,,增持,,
300750.SZ,宁德时代,20200227,宁德时代定增及新产能建设点评：定增获充足弹药，看好其全球化扩张,点评,一般报告,西部证券,"王冠桥,李子豪",2020Q4,5861300.0,,743800.0,589900.0,2.67,56.0,,14.2,,增持,,
002032.SZ,苏泊尔,20200227,苏泊尔：业绩符合预期，经营依旧稳健,点评,一般报告,申万宏源证券,"刘正,周海晨,史晋星,梁姝雯",2019Q4,1985300.0,599700.0,228200.0,191900.0,2.34,32.0,,24.5,,买入,,
300750.SZ,宁德时代,20200227,宁德时代定增及新产能建设点评：定增获充足弹药，看好其全球化扩张,点评,一般报告,西部证券,"王冠桥,李子豪",2019Q4,4260800.0,,568600.0,448800.0,2.03,73.6,,12.5,,增持,,
000034.SZ,神州数码,20200227,神州数码：云服务及鲲鹏业务双引擎,深度,首次关注,国金证券,翟炜,2020Q4,11393100.0,578900.0,134900.0,104700.0,1.601,18.0,,18.83,,买入,,39.3
000034.SZ,神州数码,20200227,神州数码：云服务及鲲鹏业务双引擎,深度,首次关注,国金证券,翟炜,2019Q4,9466300.0,404100.0,87300.0,69500.0,1.062,19.0,,15.41,,买入,,39.3
002463.SZ,沪电股份,20200227,沪电股份：业绩符合预期，5G／IDC之PCB龙头待释放,点评,一般报告,国金证券,"樊志远,邓小路",2021Q4,1222300.0,359200.0,231600.0,201500.0,1.168,19.01,,24.48,,买入,,29.0
002463.SZ,沪电股份,20200227,沪电股份：业绩符合预期，5G／IDC之PCB龙头待释放,点评,一般报告,国金证券,"樊志远,邓小路",2019Q4,727100.0,213400.0,138500.0,120600.0,0.699,31.76,,23.8,,买入,,29.0
002367.SZ,康力电梯,20200227,康力电梯：老旧小区改造加速，开启新一轮景气周期,点评,一般报告,招商证券,"诸凯,吴丹,刘荣,时文博",2021Q4,472400.0,,41900.0,40700.0,0.51,15.9,,11.7,3.3,强烈推荐,,
002367.SZ,康力电梯,20200227,康力电梯：老旧小区改造加速，开启新一轮景气周期,点评,一般报告,招商证券,"诸凯,吴丹,刘荣,时文博",2020Q4,419100.0,,35100.0,34100.0,0.43,19.0,,10.7,3.6,强烈推荐,,
000034.SZ,神州数码,20200227,神州数码：云服务及鲲鹏业务双引擎,深度,首次关注,国金证券,翟炜,2021Q4,13446500.0,750400.0,181100.0,137500.0,2.103,13.0,,19.81,,买入,,39.3
002463.SZ,沪电股份,20200227,沪电股份：业绩符合预期，5G／IDC之PCB龙头待释放,点评,一般报告,国金证券,"樊志远,邓小路",2020Q4,1011100.0,301200.0,191800.0,166500.0,0.965,23.01,,25.38,,买入,,29.0
002367.SZ,康力电梯,20200227,康力电梯：老旧小区改造加速，开启新一轮景气周期,点评,一般报告,招商证券,"诸凯,吴丹,刘荣,时文博",2019Q4,366700.0,,26100.0,25500.0,0.32,25.4,,8.7,4.1,强烈推荐,,
300578.SZ,会畅通讯,20200227,会畅通讯：业绩符合预期，“一体两翼”打造云视频龙头,点评,一般报告,招商证券,"余俊,蒋颖",2021Q4,96600.0,,18800.0,17600.0,1.01,73.6,,11.8,64.3,强烈推荐,,
300578.SZ,会畅通讯,20200227,会畅通讯：业绩符合预期，“一体两翼”打造云视频龙头,点评,一般报告,招商证券,"余俊,蒋颖",2020Q4,70400.0,,14300.0,13300.0,0.76,97.1,,9.9,84.8,强烈推荐,,
300196.SZ,长海股份,20200227,长海股份2019业绩预告点评：业绩符合预期，稳成长延续,点评,一般报告,国泰君安,"鲍雁辛,赵晨阳",2021Q4,288700.0,,,39700.0,0.96,12.97,0.0,11.3,6.0,增持,,15.46
300196.SZ,长海股份,20200227,长海股份2019业绩预告点评：业绩符合预期，稳成长延续,点评,一般报告,国泰君安,"鲍雁辛,赵晨阳",2020Q4,251700.0,,,34200.0,0.82,15.05,0.0,11.0,7.43,增持,,15.46
300196.SZ,长海股份,20200227,长海股份2019业绩预告点评：业绩符合预期，稳成长延续,点评,一般报告,国泰君安,"鲍雁辛,赵晨阳",2019Q4,221000.0,,,29800.0,0.72,17.29,0.0,10.7,9.14,增持,,15.46
002714.SZ,牧原股份,20200227,牧原股份年报点评：19年业绩符合预期，20年量价齐升业绩高增可期,一般,一般报告,西部证券,"刘菲,陶泠",2022Q4,7775700.0,,3948500.0,3851200.0,17.47,6.8,,29.3,,增持,,
002714.SZ,牧原股份,20200227,牧原股份年报点评：19年业绩符合预期，20年量价齐升业绩高增可期,一般,一般报告,西部证券,"刘菲,陶泠",2021Q4,6605400.0,,3312100.0,3238500.0,14.69,8.1,,42.3,,增持,,
002714.SZ,牧原股份,20200227,牧原股份年报点评：19年业绩符合预期，20年量价齐升业绩高增可期,一般,一般报告,西部证券,"刘菲,陶泠",2020Q4,6191300.0,,3584000.0,3524300.0,15.99,7.4,,84.4,,增持,,
300760.SZ,迈瑞医疗,20200227,迈瑞医疗：业绩快速增长，高端产品和新兴业务持续发力,点评,一般报告,中泰证券,"江琦,谢木青",2021Q4,2398204.0,,772000.0,677440.0,5.57,43.98,,24.49,35.0,买入,,
300760.SZ,迈瑞医疗,20200227,迈瑞医疗：业绩快速增长，高端产品和新兴业务持续发力,点评,一般报告,中泰证券,"江琦,谢木青",2020Q4,2002077.0,,641200.0,562627.0,4.63,52.96,,24.76,41.0,买入,,
300760.SZ,迈瑞医疗,20200227,迈瑞医疗：业绩快速增长，高端产品和新兴业务持续发力,点评,一般报告,中泰证券,"江琦,谢木青",2019Q4,1655599.0,,533400.0,468065.0,3.85,63.66,,25.12,49.0,买入,,
300750.SZ,宁德时代,20200227,宁德时代重大事项点评：拟定增扩建电池产能及加大研发，与特斯拉合作持续巩固行业龙头,点评,一般报告,华创证券,"胡毅,于潇",2021Q4,7565500.0,,1041400.0,777200.0,3.52,43.0,,,,强推,,160.0
300750.SZ,宁德时代,20200227,宁德时代重大事项点评：拟定增扩建电池产能及加大研发，与特斯拉合作持续巩固行业龙头,点评,一般报告,华创证券,"胡毅,于潇",2020Q4,5577500.0,,785500.0,586200.0,2.65,57.0,,,,强推,,160.0
300750.SZ,宁德时代,20200227,宁德时代重大事项点评：拟定增扩建电池产能及加大研发，与特斯拉合作持续巩固行业龙头,点评,一般报告,华创证券,"胡毅,于潇",2019Q4,4187800.0,,591100.0,441200.0,2.0,76.0,,,,强推,,160.0
300750.SZ,宁德时代,20200227,宁德时代公司定增方案点评：定增200亿元，再造一个宁德,点评,一般报告,国泰君安,"徐云飞,胥本涛,石岩",2021Q4,7800000.0,,,731400.0,3.31,46.15,0.1,14.4,20.09,增持,,182.0
300750.SZ,宁德时代,20200227,宁德时代公司定增方案点评：定增200亿元，再造一个宁德,点评,一般报告,国泰君安,"徐云飞,胥本涛,石岩",2019Q4,4700000.0,,,451300.0,2.04,74.8,0.1,11.9,36.29,增持,,182.0
300036.SZ,超图软件,20200227,超图软件2019年业绩快报点评：2020年值得高度期待,点评,一般报告,华创证券,"陈宝健,刘逍遥",2021Q4,354100.0,,44300.0,42000.0,0.93,30.0,,15.3,42.0,强推,,34.78
300036.SZ,超图软件,20200227,超图软件2019年业绩快报点评：2020年值得高度期待,点评,一般报告,华创证券,"陈宝健,刘逍遥",2019Q4,171400.0,,22800.0,21600.0,0.48,58.0,,10.2,74.0,强推,,34.78
002706.SZ,良信电器,20200227,良信电器：从驰援雷神山看医疗设施投资对公司业绩的拉动,深度,一般报告,平安证券,"朱栋,皮秀",2019Q4,200100.0,,33300.0,28600.0,0.36,26.6,,15.5,18.9,推荐,,
002463.SZ,沪电股份,20200227,沪电股份：业绩符合预期，5G新基建和“云经济”驱动PCB龙头持续高增长,点评,一般报告,安信证券,"夏庐生,彭虎,薛辉蓉",2021Q4,1305800.0,,265240.0,210050.0,1.22,22.8,0.8,25.1,14.5,买入,,
002463.SZ,沪电股份,20200227,沪电股份：业绩符合预期，5G新基建和“云经济”驱动PCB龙头持续高增长,点评,一般报告,安信证券,"夏庐生,彭虎,薛辉蓉",2020Q4,1012250.0,,209420.0,165350.0,0.96,29.0,0.8,24.9,18.7,买入,,
002463.SZ,沪电股份,20200227,沪电股份：业绩符合预期，5G新基建和“云经济”驱动PCB龙头持续高增长,点评,一般报告,安信证券,"夏庐生,彭虎,薛辉蓉",2019Q4,712850.0,,149540.0,120590.0,0.7,39.8,0.0,22.4,25.1,买入,,
002463.SZ,沪电股份,20200227,沪电股份：2019年业绩符合预期，5G/IDC/HPC/智能驾驶多重景气驱动长期成长,点评,一般报告,招商证券,"鄢凡,张益敏",2021Q4,1099500.0,,242500.0,203200.0,1.18,23.6,,25.1,11.0,强烈推荐,,32.0
002463.SZ,沪电股份,20200227,沪电股份：2019年业绩符合预期，5G/IDC/HPC/智能驾驶多重景气驱动长期成长,点评,一般报告,招商证券,"鄢凡,张益敏",2019Q4,712700.0,,143000.0,120400.0,0.7,39.8,,23.9,17.0,强烈推荐,,32.0
002212.SZ,南洋股份,20200227,南洋股份：19年网安业务继续快速增长，加大投入备战行业高景气,点评,一般报告,招商证券,"刘玉萍,范昳蕊",2021Q4,514100.0,,103000.0,84300.0,0.73,40.6,,8.4,30.3,强烈推荐,,
002212.SZ,南洋股份,20200227,南洋股份：19年网安业务继续快速增长，加大投入备战行业高景气,点评,一般报告,招商证券,"刘玉萍,范昳蕊",2020Q4,558600.0,,73200.0,60700.0,0.52,56.3,,6.6,40.3,强烈推荐,,
002212.SZ,南洋股份,20200227,南洋股份：19年网安业务继续快速增长，加大投入备战行业高景气,点评,一般报告,招商证券,"刘玉萍,范昳蕊",2019Q4,710400.0,,43300.0,36700.0,0.32,93.3,,4.3,60.5,强烈推荐,,
300578.SZ,会畅通讯,20200227,会畅通讯：业绩符合预期，“一体两翼”打造云视频龙头,点评,一般报告,招商证券,"余俊,蒋颖",2019Q4,53100.0,,9700.0,9000.0,0.52,143.3,,7.3,124.6,强烈推荐,,
300750.SZ,宁德时代,20200227,宁德时代公司定增方案点评：定增200亿元，再造一个宁德,点评,一般报告,国泰君安,"徐云飞,胥本涛,石岩",2020Q4,6200000.0,,,568200.0,2.57,59.42,0.1,13.1,27.34,增持,,182.0
300036.SZ,超图软件,20200227,超图软件2019年业绩快报点评：2020年值得高度期待,点评,一般报告,华创证券,"陈宝健,刘逍遥",2020Q4,279900.0,,33000.0,31300.0,0.7,40.0,,13.1,54.0,强推,,34.78
002706.SZ,良信电器,20200227,良信电器：从驰援雷神山看医疗设施投资对公司业绩的拉动,深度,一般报告,平安证券,"朱栋,皮秀",2021Q4,266100.0,,46600.0,40300.0,0.51,18.9,,19.5,13.9,推荐,,
002706.SZ,良信电器,20200227,良信电器：从驰援雷神山看医疗设施投资对公司业绩的拉动,深度,一般报告,平安证券,"朱栋,皮秀",2020Q4,230200.0,,39300.0,33900.0,0.43,22.5,,17.7,15.8,推荐,,
002463.SZ,沪电股份,20200227,沪电股份：2019年业绩符合预期，5G/IDC/HPC/智能驾驶多重景气驱动长期成长,点评,一般报告,招商证券,"鄢凡,张益敏",2020Q4,891000.0,,189300.0,158900.0,0.92,30.2,,24.8,14.0,强烈推荐,,32.0
002318.SZ,久立特材,20200227,久立特材：油气领域高景气是业绩高增长的主因,点评,一般报告,兴业证券,"邱祖学,王丽佳,苏东",2021Q4,519500.0,,71700.0,60700.0,0.72,12.8,,16.3,,审慎增持,,
002318.SZ,久立特材,20200227,久立特材：油气领域高景气是业绩高增长的主因,点评,一般报告,兴业证券,"邱祖学,王丽佳,苏东",2020Q4,475200.0,,66800.0,56600.0,0.67,13.8,,15.8,,审慎增持,,
002318.SZ,久立特材,20200227,久立特材：油气领域高景气是业绩高增长的主因,点评,一般报告,兴业证券,"邱祖学,王丽佳,苏东",2019Q4,449200.0,,58700.0,49700.0,0.59,15.7,,14.6,,审慎增持,,
002093.SZ,国脉科技,20200227,国脉科技2019年业绩快报点评：业务结构显著优化，“产学研”助提速超车,点评,一般报告,国泰君安,"程硕,马天诣",2021Q4,94500.0,,,32100.0,0.32,26.7,0.0,8.4,18.2,增持,,9.9
002093.SZ,国脉科技,20200227,国脉科技2019年业绩快报点评：业务结构显著优化，“产学研”助提速超车,点评,一般报告,国泰君安,"程硕,马天诣",2020Q4,75300.0,,,21700.0,0.22,39.5,0.0,6.2,27.6,增持,,9.9
002734.SZ,利民股份,20200227,利民股份2019年业绩快报点评：全年业绩符合预期，新威远助力公司成长,点评,一般报告,新时代证券,"程磊,李啸",2021Q4,478900.0,,54800.0,46800.0,1.63,8.7,,17.6,6.6,强烈推荐,,
002734.SZ,利民股份,20200227,利民股份2019年业绩快报点评：全年业绩符合预期，新威远助力公司成长,点评,一般报告,新时代证券,"程磊,李啸",2020Q4,399300.0,,45800.0,39200.0,1.37,10.4,,17.0,8.0,强烈推荐,,
002734.SZ,利民股份,20200227,利民股份2019年业绩快报点评：全年业绩符合预期，新威远助力公司成长,点评,一般报告,新时代证券,"程磊,李啸",2019Q4,283400.0,,38300.0,32500.0,1.14,12.6,,16.2,9.1,强烈推荐,,
300496.SZ,中科创达,20200227,中科创达：全年业绩符合预期，三大业务协同推进业务高歌稳进,一般,一般报告,东吴证券,"侯宾,姚久花",2022Q4,379500.0,,69000.0,66700.0,1.66,41.13,,20.4,32.67,买入,,
300016.SZ,北陆药业,20200227,北陆药业：公司主业持续亮眼，非经常性损益致净利润大增,点评,一般报告,平安证券,"韩盟盟,叶寅",2021Q4,124800.0,,33800.0,29700.0,0.6,17.8,,15.9,13.9,推荐,,
300016.SZ,北陆药业,20200227,北陆药业：公司主业持续亮眼，非经常性损益致净利润大增,点评,一般报告,平安证券,"韩盟盟,叶寅",2019Q4,78900.0,,21700.0,19100.0,0.39,27.7,,13.9,22.0,推荐,,
002768.SZ,国恩股份,20200227,国恩股份：业绩符合预期，口罩熔喷聚丙烯实现量产,点评,一般报告,安信证券,"张汪强,乔璐",2021Q4,742170.0,,77400.0,65290.0,2.41,9.8,1.4,19.7,7.9,买入,,30.0
002768.SZ,国恩股份,20200227,国恩股份：业绩符合预期，口罩熔喷聚丙烯实现量产,点评,一般报告,安信证券,"张汪强,乔璐",2020Q4,608340.0,,59540.0,50130.0,1.85,12.8,1.1,18.2,9.8,买入,,30.0
002768.SZ,国恩股份,20200227,国恩股份：业绩符合预期，口罩熔喷聚丙烯实现量产,点评,一般报告,安信证券,"张汪强,乔璐",2019Q4,506950.0,,45680.0,39400.0,1.45,16.3,0.9,17.0,12.4,买入,,30.0
002643.SZ,万润股份,20200227,万润股份：扣除商誉减值业绩大增，沸石、OLED双龙头继续稳步前进,点评,一般报告,中信建投,"郑勇,胡世超",2020Q4,346836.0,,,62015.0,0.682,26.29,,11.14,15.61,买入,,
002643.SZ,万润股份,20200227,万润股份：扣除商誉减值业绩大增，沸石、OLED双龙头继续稳步前进,点评,一般报告,中信建投,"郑勇,胡世超",2019Q4,287300.0,,,51084.0,0.562,31.91,,10.33,19.15,买入,,
002518.SZ,科士达,20200227,科士达2019年业绩快报点评：业绩符合预期，业务优化效果显著,点评,一般报告,新时代证券,"开文明,丁亚",2021Q4,344100.0,,47300.0,42300.0,0.73,20.0,,13.3,15.0,强烈推荐,,
300316.SZ,晶盛机电,20200227,晶盛机电：业绩符合预期，期待半导体大硅片设备大突破,点评,一般报告,国金证券,"王华君,姚遥,赵晋",2021Q4,520000.0,198400.0,135100.0,119900.0,0.933,26.63,,20.88,,买入,,32.55
002518.SZ,科士达,20200227,科士达2019年业绩快报点评：业绩符合预期，业务优化效果显著,点评,一般报告,新时代证券,"开文明,丁亚",2020Q4,308200.0,,42900.0,38300.0,0.66,22.1,,13.3,16.5,强烈推荐,,
002518.SZ,科士达,20200227,科士达2019年业绩快报点评：业绩符合预期，业务优化效果显著,点评,一般报告,新时代证券,"开文明,丁亚",2019Q4,284200.0,,35900.0,31900.0,0.55,26.5,,12.1,19.1,强烈推荐,,
002332.SZ,仙琚制药,20200227,仙琚制药：业绩符合预期，2020年期待收入回暖，主业持续快速增长,点评,一般报告,中泰证券,"江琦,祝嘉琦",2021Q4,473678.0,,84527.0,65086.0,0.71,14.15,,16.82,9.0,买入,,
002332.SZ,仙琚制药,20200227,仙琚制药：业绩符合预期，2020年期待收入回暖，主业持续快速增长,点评,一般报告,中泰证券,"江琦,祝嘉琦",2020Q4,418237.0,,67145.0,51702.0,0.56,17.81,,15.32,11.0,买入,,
002093.SZ,国脉科技,20200227,国脉科技2019年业绩快报点评：业务结构显著优化，“产学研”助提速超车,点评,一般报告,国泰君安,"程硕,马天诣",2019Q4,52400.0,,,10500.0,0.1042,81.3,0.0,3.2,48.8,增持,,9.9
300496.SZ,中科创达,20200227,中科创达：全年业绩符合预期，三大业务协同推进业务高歌稳进,一般,一般报告,东吴证券,"侯宾,姚久花",2021Q4,293100.0,,47000.0,45600.0,1.13,60.14,,17.1,45.86,买入,,
300496.SZ,中科创达,20200227,中科创达：全年业绩符合预期，三大业务协同推进业务高歌稳进,一般,一般报告,东吴证券,"侯宾,姚久花",2020Q4,229300.0,,33000.0,31700.0,0.79,86.57,,14.1,62.92,买入,,
300316.SZ,晶盛机电,20200227,晶盛机电：业绩符合预期，期待半导体大硅片设备大突破,点评,一般报告,国金证券,"王华君,姚遥,赵晋",2020Q4,420700.0,157500.0,103400.0,92000.0,0.716,34.71,,18.31,,买入,,32.55
300316.SZ,晶盛机电,20200227,晶盛机电：业绩符合预期，期待半导体大硅片设备大突破,点评,一般报告,国金证券,"王华君,姚遥,赵晋",2019Q4,312600.0,114600.0,71000.0,63600.0,0.495,50.18,,14.23,,买入,,32.55
300016.SZ,北陆药业,20200227,北陆药业：公司主业持续亮眼，非经常性损益致净利润大增,点评,一般报告,平安证券,"韩盟盟,叶寅",2020Q4,100400.0,,27300.0,24000.0,0.49,22.0,,15.1,17.0,推荐,,
002643.SZ,万润股份,20200227,万润股份：扣除商誉减值业绩大增，沸石、OLED双龙头继续稳步前进,点评,一般报告,中信建投,"郑勇,胡世超",2021Q4,428303.0,,,76304.0,0.839,21.36,,12.06,12.5,买入,,
002332.SZ,仙琚制药,20200227,仙琚制药：业绩符合预期，2020年期待收入回暖，主业持续快速增长,点评,一般报告,中泰证券,"江琦,祝嘉琦",2019Q4,371203.0,,52898.0,40694.0,0.44,22.63,,13.66,13.0,买入,,
002035.SZ,华帝股份,20200227,华帝股份2019年业绩快报点评：工程渠道发力，营收改善明显,点评,一般报告,华创证券,龚源月,2019Q4,573400.0,,85900.0,74500.0,0.86,15.0,,23.7,16.0,强推,,15.0
300348.SZ,长亮科技,20200227,长亮科技：业绩符合预期，三大业务齐发力,点评,一般报告,安信证券,"胡又文,陈冠呈",2021Q4,248880.0,,30900.0,25900.0,0.54,51.1,0.4,12.8,38.5,买入,,30.0
300348.SZ,长亮科技,20200227,长亮科技：业绩符合预期，三大业务齐发力,点评,一般报告,安信证券,"胡又文,陈冠呈",2020Q4,178150.0,,20940.0,18080.0,0.38,73.2,0.3,9.9,54.0,买入,,30.0
300348.SZ,长亮科技,20200227,长亮科技：业绩符合预期，三大业务齐发力,点评,一般报告,安信证券,"胡又文,陈冠呈",2019Q4,131510.0,,15010.0,12960.0,0.27,102.1,0.2,7.7,71.9,买入,,30.0
002661.SZ,克明面业,20200227,克明面业：产品结构调整迎来利润增长，2020年业绩持续可期,点评,一般报告,天风证券,刘畅,2020Q4,395263.0,,33512.0,26513.0,0.81,20.07,,11.02,14.59,买入,,22.0
002661.SZ,克明面业,20200227,克明面业：产品结构调整迎来利润增长，2020年业绩持续可期,点评,一般报告,天风证券,刘畅,2019Q4,303439.0,,24548.0,20895.0,0.64,25.46,,9.24,19.05,买入,,22.0
002398.SZ,垒知集团,20200227,垒知集团：19Q4收入提速，全年业绩符合预期,点评,一般报告,华泰证券,"张雪蓉,鲍荣富,方晏荷",2021Q4,508600.0,,72379.0,60952.0,0.88,7.62,,17.39,5.38,买入,10.06,8.63
002035.SZ,华帝股份,20200227,华帝股份2019年业绩快报点评：工程渠道发力，营收改善明显,点评,一般报告,华创证券,龚源月,2021Q4,699700.0,,114300.0,98600.0,1.13,11.0,,22.3,12.0,强推,,15.0
002035.SZ,华帝股份,20200227,华帝股份2019年业绩快报点评：工程渠道发力，营收改善明显,点评,一般报告,华创证券,龚源月,2020Q4,634000.0,,99800.0,86100.0,0.99,13.0,,22.9,14.0,强推,,15.0
002661.SZ,克明面业,20200227,克明面业：产品结构调整迎来利润增长，2020年业绩持续可期,点评,一般报告,天风证券,刘畅,2021Q4,477414.0,,40564.0,32019.0,0.97,16.62,,12.36,11.49,买入,,22.0
002398.SZ,垒知集团,20200227,垒知集团：19Q4收入提速，全年业绩符合预期,点评,一般报告,华泰证券,"张雪蓉,鲍荣富,方晏荷",2020Q4,416400.0,,59114.0,49781.0,0.72,9.33,,16.38,6.56,买入,10.06,8.63
002398.SZ,垒知集团,20200227,垒知集团：19Q4收入提速，全年业绩符合预期,点评,一般报告,华泰证券,"张雪蓉,鲍荣富,方晏荷",2019Q4,339400.0,,47887.0,40327.0,0.58,11.52,,15.21,8.08,买入,10.06,8.63
300122.SZ,智飞生物,20200227,智飞生物：2019年业绩符合预期，重磅品种有望带来业绩估值双升,点评,一般报告,安信证券,"马帅,齐震",2021Q4,1967350.0,,503210.0,431750.0,2.7,22.3,2.1,45.2,18.2,买入,,72.27
300122.SZ,智飞生物,20200227,智飞生物：2019年业绩符合预期，重磅品种有望带来业绩估值双升,点评,一般报告,安信证券,"马帅,齐震",2020Q4,1688280.0,,408840.0,350790.0,2.19,27.5,1.7,48.2,22.7,买入,,72.27
300122.SZ,智飞生物,20200227,智飞生物：2019年业绩符合预期，重磅品种有望带来业绩估值双升,点评,一般报告,安信证券,"马帅,齐震",2019Q4,1058730.0,,276400.0,236870.0,1.48,40.7,1.1,43.5,33.4,买入,,72.27
002920.SZ,德赛西威,20200227,德赛西威：业绩受整车市场低迷影响，新产品前景可期,点评,一般报告,安信证券,"胡又文,曹佩",2020Q4,560990.0,,38380.0,32610.0,0.59,73.4,0.3,7.3,40.2,买入,,
002920.SZ,德赛西威,20200227,德赛西威：业绩受整车市场低迷影响，新产品前景可期,点评,一般报告,安信证券,"胡又文,曹佩",2019Q4,534280.0,,25700.0,28920.0,0.53,82.7,0.0,6.9,53.4,买入,,
002597.SZ,金禾实业,20200227,金禾实业：食品添加剂细分行业龙头，技术研发、一体化筑成本优势护城河，建循环经济产业园再腾飞,深度,一般报告,兴业证券,"徐留明,邓先河",2021Q4,553419.0,,146800.0,125269.0,2.24,10.7,,19.86,,买入,,
002597.SZ,金禾实业,20200227,金禾实业：食品添加剂细分行业龙头，技术研发、一体化筑成本优势护城河，建循环经济产业园再腾飞,深度,一般报告,兴业证券,"徐留明,邓先河",2020Q4,472551.0,,115400.0,98288.0,1.76,13.6,,18.61,,买入,,
002597.SZ,金禾实业,20200227,金禾实业：食品添加剂细分行业龙头，技术研发、一体化筑成本优势护城河，建循环经济产业园再腾飞,深度,一般报告,兴业证券,"徐留明,邓先河",2019Q4,412757.0,,97000.0,82153.0,1.47,16.3,,18.11,,买入,,
002078.SZ,太阳纸业,20200227,太阳纸业：2019年圆满收官，2020年再上台阶,点评,一般报告,招商证券,"郑恺,李宏鹏,吴昊",2021Q4,3089900.0,,357300.0,293900.0,1.13,8.4,,15.3,,强烈推荐,,
002078.SZ,太阳纸业,20200227,太阳纸业：2019年圆满收官，2020年再上台阶,点评,一般报告,招商证券,"郑恺,李宏鹏,吴昊",2020Q4,2683300.0,,298000.0,245100.0,0.95,10.1,,14.8,,强烈推荐,,
002078.SZ,太阳纸业,20200227,太阳纸业：2019年圆满收官，2020年再上台阶,点评,一般报告,招商证券,"郑恺,李宏鹏,吴昊",2019Q4,2412500.0,,252500.0,207700.0,0.8,11.9,,14.4,,强烈推荐,,
002938.SZ,鹏鼎控股,20200227,鹏鼎控股年报点评：业绩略超预期，持续看好公司长期发展,点评,一般报告,新时代证券,"吴吉森,曾萌",2021Q4,3534800.0,,525900.0,437500.0,1.89,25.7,,17.3,15.4,强烈推荐,,
002938.SZ,鹏鼎控股,20200227,鹏鼎控股年报点评：业绩略超预期，持续看好公司长期发展,点评,一般报告,新时代证券,"吴吉森,曾萌",2020Q4,3123300.0,,462000.0,383400.0,1.66,29.3,,17.2,17.8,强烈推荐,,
002938.SZ,鹏鼎控股,20200227,鹏鼎控股年报点评：业绩略超预期，持续看好公司长期发展,点评,一般报告,新时代证券,"吴吉森,曾萌",2019Q4,2666400.0,,352500.0,292000.0,1.26,38.5,,14.9,23.0,强烈推荐,,
002409.SZ,雅克科技,20200227,雅克科技：业绩符合预期，新材料平台持续发力,点评,一般报告,中泰证券,"谢楠,张波",2021Q4,293200.0,105600.0,55500.0,45300.0,0.98,42.38,,8.52,,买入,,
002409.SZ,雅克科技,20200227,雅克科技：业绩符合预期，新材料平台持续发力,点评,一般报告,中泰证券,"谢楠,张波",2019Q4,183500.0,63200.0,31700.0,25300.0,0.55,75.89,,5.77,,买入,,
002396.SZ,星网锐捷,20200227,星网锐捷：“端管云”全线布局，持续受益于云计算高速发展,点评,一般报告,招商证券,"余俊,蒋颖",2021Q4,1473000.0,,167800.0,108100.0,1.85,24.3,,18.3,33.7,强烈推荐,,
002396.SZ,星网锐捷,20200227,星网锐捷：“端管云”全线布局，持续受益于云计算高速发展,点评,一般报告,招商证券,"余俊,蒋颖",2020Q4,1149800.0,,125400.0,81300.0,1.39,32.3,,16.5,44.5,强烈推荐,,
002396.SZ,星网锐捷,20200227,星网锐捷：“端管云”全线布局，持续受益于云计算高速发展,点评,一般报告,招商证券,"余俊,蒋颖",2019Q4,927100.0,,93400.0,61100.0,1.05,43.0,,14.5,58.6,强烈推荐,,
002191.SZ,劲嘉股份,20200227,劲嘉股份：业绩快报符合预期，烟标稳增彩盒放量,点评,一般报告,招商证券,"李宏鹏,吴昊,郑恺",2021Q4,559400.0,,157500.0,121600.0,0.83,12.8,,14.2,,强烈推荐,,
002191.SZ,劲嘉股份,20200227,劲嘉股份：业绩快报符合预期，烟标稳增彩盒放量,点评,一般报告,招商证券,"李宏鹏,吴昊,郑恺",2020Q4,477900.0,,137200.0,106000.0,0.72,14.7,,13.8,,强烈推荐,,
002191.SZ,劲嘉股份,20200227,劲嘉股份：业绩快报符合预期，烟标稳增彩盒放量,点评,一般报告,招商证券,"李宏鹏,吴昊,郑恺",2019Q4,398900.0,,113100.0,87500.0,0.6,17.8,,12.7,,强烈推荐,,
002920.SZ,德赛西威,20200227,德赛西威：业绩受整车市场低迷影响，新产品前景可期,点评,一般报告,安信证券,"胡又文,曹佩",2021Q4,645140.0,,65370.0,59060.0,1.07,40.5,0.6,12.0,25.8,买入,,
002409.SZ,雅克科技,20200227,雅克科技：业绩符合预期，新材料平台持续发力,点评,一般报告,中泰证券,"谢楠,张波",2020Q4,236700.0,84000.0,43000.0,34700.0,0.75,55.33,,7.09,,买入,,
300770.SZ,新媒股份,20200227,新媒股份：2019年业绩落在预告区间偏上限，稳步拓展增值业务打开成长天花板,点评,一般报告,东吴证券,"张良卫,周良玖",2020Q4,143400.0,,58900.0,55200.0,4.3,40.91,,20.3,36.88,买入,,193.0
300496.SZ,中科创达,20200227,中科创达：5G+AI激发持续成长动力,一般,一般报告,华泰证券,"谢春生,郭雅丽,郭梁良,金兴",2022Q4,425200.0,,72569.0,70094.0,1.74,41.16,,20.42,36.31,买入,,
300496.SZ,中科创达,20200227,中科创达：5G+AI激发持续成长动力,一般,一般报告,华泰证券,"谢春生,郭雅丽,郭梁良,金兴",2020Q4,241800.0,,35448.0,34336.0,0.85,84.03,,15.47,66.02,买入,,
300285.SZ,国瓷材料,20200227,国瓷材料：爱尔创超额完成2019年度业绩承诺，扣非后归母净利润同比实现较快增长,点评,一般报告,兴业证券,"徐留明,邓先河",2021Q4,312927.0,,96200.0,82742.0,0.86,30.0,,17.5,,审慎增持,,
300770.SZ,新媒股份,20200227,新媒股份：2019年业绩落在预告区间偏上限，稳步拓展增值业务打开成长天花板,点评,一般报告,东吴证券,"张良卫,周良玖",2021Q4,190300.0,,76500.0,73600.0,5.73,30.69,,21.0,27.13,买入,,193.0
300770.SZ,新媒股份,20200227,新媒股份：2019年业绩落在预告区间偏上限，稳步拓展增值业务打开成长天花板,点评,一般报告,东吴证券,"张良卫,周良玖",2019Q4,99700.0,,41100.0,38700.0,3.02,58.33,,17.5,52.91,买入,,193.0
300496.SZ,中科创达,20200227,中科创达：5G+AI激发持续成长动力,一般,一般报告,华泰证券,"谢春生,郭雅丽,郭梁良,金兴",2021Q4,319900.0,,51175.0,49223.0,1.22,58.62,,18.1,49.2,买入,,
300285.SZ,国瓷材料,20200227,国瓷材料：爱尔创超额完成2019年度业绩承诺，扣非后归母净利润同比实现较快增长,点评,一般报告,兴业证券,"徐留明,邓先河",2020Q4,260430.0,,78400.0,67428.0,0.7,36.8,,17.3,,审慎增持,,
002191.SZ,劲嘉股份,20200227,劲嘉股份：19年业绩稳健增长，静待20年新型烟草发展机遇,点评,一般报告,天风证券,"吴立,范张翔,蒋梦晗",2021Q4,528023.0,,163940.0,131177.0,0.9,11.88,,15.85,7.27,买入,,
002191.SZ,劲嘉股份,20200227,劲嘉股份：19年业绩稳健增长，静待20年新型烟草发展机遇,点评,一般报告,天风证券,"吴立,范张翔,蒋梦晗",2020Q4,461446.0,,139996.0,111452.0,0.76,13.98,,14.63,8.85,买入,,
002191.SZ,劲嘉股份,20200227,劲嘉股份：19年业绩稳健增长，静待20年新型烟草发展机遇,点评,一般报告,天风证券,"吴立,范张翔,蒋梦晗",2019Q4,394875.0,,114662.0,89885.0,0.61,17.34,,12.73,11.0,买入,,
603179.SH,新泉股份,20200227,新泉股份：拟推出员工持股计划，彰显对未来盈利增长信心,点评,一般报告,东方证券,"姜雪晴,周翰",2021Q4,435200.0,,43400.0,37800.0,1.66,14.6,,15.8,9.5,买入,,31.5
603179.SH,新泉股份,20200227,新泉股份：拟推出员工持股计划，彰显对未来盈利增长信心,点评,一般报告,东方证券,"姜雪晴,周翰",2020Q4,369000.0,,33000.0,28700.0,1.26,19.3,,13.9,12.4,买入,,31.5
300285.SZ,国瓷材料,20200227,国瓷材料：爱尔创超额完成2019年度业绩承诺，扣非后归母净利润同比实现较快增长,点评,一般报告,兴业证券,"徐留明,邓先河",2019Q4,215307.0,,58200.0,50086.0,0.52,49.5,,15.6,,审慎增持,,
300662.SZ,科锐国际,20200227,科锐国际：Q4业绩加速增长，灵活用工迎来发展机遇期,点评,一般报告,兴业证券,"刘嘉仁,熊超,王越",2021Q4,550700.0,,35500.0,22000.0,1.21,31.6,,18.3,,审慎增持,,
300662.SZ,科锐国际,20200227,科锐国际：Q4业绩加速增长，灵活用工迎来发展机遇期,点评,一般报告,兴业证券,"刘嘉仁,熊超,王越",2020Q4,444800.0,,29300.0,18700.0,1.03,37.1,,18.4,,审慎增持,,
300662.SZ,科锐国际,20200227,科锐国际：Q4业绩加速增长，灵活用工迎来发展机遇期,点评,一般报告,兴业证券,"刘嘉仁,熊超,王越",2019Q4,358600.0,,23700.0,15000.0,0.82,46.2,,17.5,,审慎增持,,
002928.SZ,华夏航空,20200227,华夏航空2019年业绩快报点评：业绩同比增长103％，支线航空细分市场龙头，具备一定成长属性，当前市值被低估,点评,一般报告,华创证券,"吴一凡,刘阳,王凯",2021Q4,780200.0,,91300.0,78400.0,1.3,9.2,,21.0,7.0,强推,18.0,15.0
002928.SZ,华夏航空,20200227,华夏航空2019年业绩快报点评：业绩同比增长103％，支线航空细分市场龙头，具备一定成长属性，当前市值被低估,点评,一般报告,华创证券,"吴一凡,刘阳,王凯",2020Q4,640300.0,,70400.0,60400.0,1.01,11.9,,19.6,8.0,强推,18.0,15.0
002928.SZ,华夏航空,20200227,华夏航空2019年业绩快报点评：业绩同比增长103％，支线航空细分市场龙头，具备一定成长属性，当前市值被低估,点评,一般报告,华创证券,"吴一凡,刘阳,王凯",2019Q4,541600.0,,58600.0,50300.0,0.84,14.3,,19.5,8.0,强推,18.0,15.0
300750.SZ,宁德时代,20200227,宁德时代：备弹药扩规模，巩固领先优势,点评,一般报告,华泰证券,"黄斌,边文姣",2021Q4,7577000.0,,888700.0,713700.0,3.23,46.26,,14.08,27.94,增持,174.2,166.16
002714.SZ,牧原股份,20200227,牧原股份2019年年报点评：业绩开始逐步兑现，出栏高增可期,点评,首份报告,光大证券,"刘晓波,王琦",2022Q4,5788200.0,,1986400.0,1979900.0,8.98,13.0,2.3,26.76,11.6,买入,,
002714.SZ,牧原股份,20200227,牧原股份2019年年报点评：业绩开始逐步兑现，出栏高增可期,点评,首份报告,光大证券,"刘晓波,王琦",2021Q4,5094400.0,,1892200.0,1885200.0,8.55,14.0,2.2,31.49,12.5,买入,,
600323.SH,瀚蓝环境,20200227,瀚蓝环境：低估值与确定性增长，创新激励模式激发新活力,深度,一般报告,兴业证券,"蔡屹,邓晖,汪洋",2019Q4,535458.0,,106200.0,95900.0,1.25,15.2,,14.2,,审慎增持,,
603179.SH,新泉股份,20200227,新泉股份：拟推出员工持股计划，彰显对未来盈利增长信心,点评,一般报告,东方证券,"姜雪晴,周翰",2019Q4,309200.0,,23600.0,20500.0,0.9,27.0,,11.6,17.2,买入,,31.5
300145.SZ,中金环境,20200227,申万宏源晨会纪要,非个股,一般报告,申万宏源证券,"刘晓宁,郑嘉伟,高蕾",2019Q4,425700.0,,,3500.0,0.0182,,,,,买入,,5.72
002705.SZ,新宝股份,20200227,天风证券晨会集萃,非个股,一般报告,天风证券,蔡雯娟,2021Q4,,,,97000.0,1.21,,,,,买入,,
002736.SZ,国信证券,20200227,上调2020E盈利预测，板块景气度持续向上与当前估值严重不匹配——券商2019年经营数据点评,非个股,一般报告,申万宏源证券,"马鲲鹏,王丛云,许旖珊,葛玉翔,华天行",2020Q4,,,,631400.0,0.77,,,11.4,,无,,
300168.SZ,万达信息,20200227,计算机：2020年医院接入互联网平台速度将超预期,非个股,一般报告,国泰君安,李沐华,2020Q4,,,,34252.741,0.3,,,,,增持,,
300144.SZ,宋城演艺,20200227,宋城演艺：稳字当头，期待2020年质的飞跃,点评,一般报告,兴业证券,"刘嘉仁,王越",2021Q4,395000.0,,249000.0,180100.0,1.24,23.0,,14.3,,审慎增持,,
002677.SZ,浙江美大,20200227,申万宏源晨会纪要,非个股,一般报告,申万宏源证券,"刘正,史晋星",2020Q4,,,,52200.0,0.81,,,,,买入,,
600030.SH,中信证券,20200227,上调2020E盈利预测，板块景气度持续向上与当前估值严重不匹配——券商2019年经营数据点评,非个股,一般报告,申万宏源证券,"马鲲鹏,王丛云,许旖珊,葛玉翔,华天行",2020Q4,,,,1672133.359,1.38,,,11.0,,无,,
601200.SH,上海环境,20200227,节能环保：医废治理工作方案出台，利好医废收集转运、处置产业链,非个股,一般报告,中金,"蒋昕昊,张钰琪,刘俊",2020Q4,,,,70900.0,0.776,,,,,跑赢行业,,13.05
000776.SZ,广发证券,20200227,上调2020E盈利预测，板块景气度持续向上与当前估值严重不匹配——券商2019年经营数据点评,非个股,一般报告,申万宏源证券,"马鲲鹏,王丛云,许旖珊,葛玉翔,华天行",2019Q4,,,,724003.328,0.95,,,9.4,,无,,
000961.SZ,中南建设,20200227,地产政策—从供给侧到需求侧：房地产行业跟踪点评,非个股,一般报告,中信证券,"陈聪,张全国,李金哲",2021Q4,,,,674702.478,1.81,,,,,买入,,
000636.SZ,风华高科,20200227,MLCC：供给短期受限，需求长期看涨：电子行业5G系列专题报告,非个股,一般报告,中信证券,"徐涛,郑泽科,胡叶倩雯",2021Q4,569601.0,,,126257.0,1.41,,,17.3,,买入,,
600999.SH,招商证券,20200227,上调2020E盈利预测，板块景气度持续向上与当前估值严重不匹配——券商2019年经营数据点评,非个股,一般报告,申万宏源证券,"马鲲鹏,王丛云,许旖珊,葛玉翔,华天行",2019Q4,,,,723536.208,1.08,,,8.9,,无,,
000961.SZ,中南建设,20200227,地产政策—从供给侧到需求侧：房地产行业跟踪点评,非个股,一般报告,中信证券,"陈聪,张全国,李金哲",2019Q4,,,,376491.438,1.01,,,,,买入,,
300145.SZ,中金环境,20200227,申万宏源晨会纪要,非个股,一般报告,申万宏源证券,"刘晓宁,郑嘉伟,高蕾",2021Q4,549900.0,,,65000.0,0.34,,,,,买入,,5.72
600030.SH,中信证券,20200227,上调2020E盈利预测，板块景气度持续向上与当前估值严重不匹配——券商2019年经营数据点评,非个股,一般报告,申万宏源证券,"马鲲鹏,王丛云,许旖珊,葛玉翔,华天行",2019Q4,,,,1223807.748,1.01,,,10.2,,无,,
601158.SH,重庆水务,20200227,节能环保：医废治理工作方案出台，利好医废收集转运、处置产业链,非个股,一般报告,中金,"蒋昕昊,张钰琪,刘俊",2019Q4,,,,179900.0,0.375,,,,,无,,
002602.SZ,世纪华通,20200227,中泰证券晨会聚焦,非个股,一般报告,中泰证券,"康雅雯,熊亚威",2021Q4,,,,471200.0,0.791,,,,,无,,
002138.SZ,顺络电子,20200227,MLCC：供给短期受限，需求长期看涨：电子行业5G系列专题报告,非个股,一般报告,中信证券,"徐涛,郑泽科,胡叶倩雯",2021Q4,451557.0,,,78422.0,0.97,,,14.18,,买入,,
300422.SZ,博世科,20200227,节能环保：医废治理工作方案出台，利好医废收集转运、处置产业链,非个股,一般报告,中金,"蒋昕昊,张钰琪,刘俊",2020Q4,,,,45000.0,1.265,,,,,无,,
603659.SH,璞泰来,20200227,机械行业：宁德时代正式开启新一轮产能扩张，设备商将迎来春天－－行业事件点评,非个股,一般报告,国泰君安,"胡刚,黄琨",2020Q4,,,,108369.486,2.49,,,,,增持,,
002158.SZ,汉钟精机,20200227,长城证券晨会报告,非个股,一般报告,长城证券,"邹兰兰,舒迪",2020Q4,,,,32200.0,0.602,,,,,强烈推荐,,
000636.SZ,风华高科,20200227,MLCC：供给短期受限，需求长期看涨：电子行业5G系列专题报告,非个股,一般报告,中信证券,"徐涛,郑泽科,胡叶倩雯",2020Q4,456647.0,,,80927.0,0.9,,,12.97,,买入,,
600372.SH,中航电子,20200227,国防军工：再融资新政释放利好，军工资产证券化有望提速,非个股,一般报告,东北证券,"陈鼎如,刘中玉",2021Q4,,,,70380.922,0.4,,,,,买入,,
300078.SZ,思创医惠,20200227,计算机：新冠疫情之下，医疗信息化再迎历史性机遇：国卫办医函〔2020〕162号文件点评,非个股,一般报告,招商证券,"刘玉萍,范昳蕊",2019Q4,,,,21481.887,0.25,,,,,强烈推荐,,
600373.SH,中文传媒,20200227,中泰证券晨会聚焦,非个股,一般报告,中泰证券,"康雅雯,熊亚威",2020Q4,,,,196900.0,1.453,,,,,无,,
002602.SZ,世纪华通,20200227,中泰证券晨会聚焦,非个股,一般报告,中泰证券,"康雅雯,熊亚威",2020Q4,,,,403900.0,0.678,,,,,无,,
600373.SH,中文传媒,20200227,中泰证券晨会聚焦,非个股,一般报告,中泰证券,"康雅雯,熊亚威",2021Q4,,,,221200.0,1.632,,,,,无,,
000967.SZ,盈峰环境,20200227,节能环保：医废治理工作方案出台，利好医废收集转运、处置产业链,非个股,一般报告,中金,"蒋昕昊,张钰琪,刘俊",2021Q4,,,,216700.0,0.685,,,,,跑赢行业,,8.0
000651.SZ,格力电器,20200227,地产政策改善托底家电需求,非个股,一般报告,民生证券,杨柳,2020Q4,,,,3212400.289,5.34,,,,,推荐,,
002138.SZ,顺络电子,20200227,MLCC：供给短期受限，需求长期看涨：电子行业5G系列专题报告,非个股,一般报告,中信证券,"徐涛,郑泽科,胡叶倩雯",2019Q4,267557.0,,,40967.0,0.51,,,9.21,,买入,,
002508.SZ,老板电器,20200227,地产政策改善托底家电需求,非个股,一般报告,民生证券,杨柳,2021Q4,,,,206887.243,2.18,,,,,推荐,,
000776.SZ,广发证券,20200227,上调2020E盈利预测，板块景气度持续向上与当前估值严重不匹配——券商2019年经营数据点评,非个股,一般报告,申万宏源证券,"马鲲鹏,王丛云,许旖珊,葛玉翔,华天行",2020Q4,,,,891667.257,1.17,,,9.7,,无,,
000967.SZ,盈峰环境,20200227,节能环保：医废治理工作方案出台，利好医废收集转运、处置产业链,非个股,一般报告,中金,"蒋昕昊,张钰琪,刘俊",2019Q4,,,,143600.0,0.454,,,,,跑赢行业,,8.0
300422.SZ,博世科,20200227,节能环保：医废治理工作方案出台，利好医废收集转运、处置产业链,非个股,一般报告,中金,"蒋昕昊,张钰琪,刘俊",2019Q4,,,,34000.0,0.955,,,,,无,,
600323.SH,瀚蓝环境,20200227,瀚蓝环境：低估值与确定性增长，创新激励模式激发新活力,深度,一般报告,兴业证券,"蔡屹,邓晖,汪洋",2021Q4,647089.0,,139600.0,126500.0,1.65,11.5,,14.2,,审慎增持,,
300144.SZ,宋城演艺,20200227,宋城演艺：稳字当头，期待2020年质的飞跃,点评,一般报告,兴业证券,"刘嘉仁,王越",2020Q4,259000.0,,157400.0,117000.0,0.81,35.0,,10.8,,审慎增持,,
300750.SZ,宁德时代,20200227,宁德时代：备弹药扩规模，巩固领先优势,点评,一般报告,华泰证券,"黄斌,边文姣",2020Q4,5551800.0,,733900.0,591200.0,2.68,55.84,,13.51,33.73,增持,174.2,166.16
000333.SZ,美的集团,20200227,美的集团重大事项点评：借利率低位，优化流动性,点评,一般报告,中信证券,"汪浩,陈俊斌",2019Q4,28263000.0,,3074700.0,2413500.0,3.48,16.0,,21.49,,买入,,
000333.SZ,美的集团,20200227,美的集团重大事项点评：借利率低位，优化流动性,点评,一般报告,中信证券,"汪浩,陈俊斌",2020Q4,31624100.0,,3532100.0,2772600.0,4.0,14.0,,21.38,,买入,,
300144.SZ,宋城演艺,20200227,宋城演艺：稳字当头，期待2020年质的飞跃,点评,一般报告,兴业证券,"刘嘉仁,王越",2019Q4,261500.0,,178500.0,134200.0,0.92,30.0,,13.9,,审慎增持,,
300145.SZ,中金环境,20200227,申万宏源晨会纪要,非个股,一般报告,申万宏源证券,"刘晓宁,郑嘉伟,高蕾",2020Q4,482400.0,,,55200.0,0.29,,,,,买入,,5.72
603659.SH,璞泰来,20200227,机械行业：宁德时代正式开启新一轮产能扩张，设备商将迎来春天－－行业事件点评,非个股,一般报告,国泰君安,"胡刚,黄琨",2019Q4,,,,73551.981,1.69,,,,,增持,,
002138.SZ,顺络电子,20200227,MLCC：供给短期受限，需求长期看涨：电子行业5G系列专题报告,非个股,一般报告,中信证券,"徐涛,郑泽科,胡叶倩雯",2020Q4,351292.0,,,60212.0,0.75,,,12.22,,买入,,
601788.SH,光大证券,20200227,上调2020E盈利预测，板块景气度持续向上与当前估值严重不匹配——券商2019年经营数据点评,非个股,一般报告,申万宏源证券,"马鲲鹏,王丛云,许旖珊,葛玉翔,华天行",2020Q4,,,,248982.533,0.54,,,7.8,,无,,
601158.SH,重庆水务,20200227,节能环保：医废治理工作方案出台，利好医废收集转运、处置产业链,非个股,一般报告,中金,"蒋昕昊,张钰琪,刘俊",2021Q4,,,,193400.0,0.403,,,,,无,,
300628.SZ,亿联网络,20200227,天风证券晨会集萃,非个股,一般报告,天风证券,唐海清,2020Q4,,,,161000.0,2.686,,,,,买入,,
002032.SZ,苏泊尔,20200227,申万宏源晨会纪要,非个股,一般报告,申万宏源证券,"刘正,梁姝雯",2019Q4,,,,192000.0,2.338,,,,,买入,,
002352.SZ,顺丰控股,20200227,顺丰增长亮眼，春节错期致通达件量下降：交通运输行业快递公司2020年1月经营数据点评,非个股,一般报告,中信证券,"刘正,扈世民,汤学章",2019Q4,,,,578310.67,1.31,,,,,买入,,
601200.SH,上海环境,20200227,节能环保：医废治理工作方案出台，利好医废收集转运、处置产业链,非个股,一般报告,中金,"蒋昕昊,张钰琪,刘俊",2019Q4,,,,59700.0,0.654,,,,,跑赢行业,,13.05
600372.SH,中航电子,20200227,国防军工：再融资新政释放利好，军工资产证券化有望提速,非个股,一般报告,东北证券,"陈鼎如,刘中玉",2020Q4,,,,58064.26,0.33,,,,,买入,,
002714.SZ,牧原股份,20200227,牧原股份2019年年报点评：业绩开始逐步兑现，出栏高增可期,点评,首份报告,光大证券,"刘晓波,王琦",2020Q4,5088700.0,,2744900.0,2734900.0,12.41,9.0,3.2,55.54,9.4,买入,,
002705.SZ,新宝股份,20200227,天风证券晨会集萃,非个股,一般报告,天风证券,蔡雯娟,2019Q4,,,,69000.0,0.861,,,,,买入,,
300078.SZ,思创医惠,20200227,计算机：新冠疫情之下，医疗信息化再迎历史性机遇：国卫办医函〔2020〕162号文件点评,非个股,一般报告,招商证券,"刘玉萍,范昳蕊",2020Q4,,,,29215.366,0.34,,,,,强烈推荐,,
300168.SZ,万达信息,20200227,计算机：2020年医院接入互联网平台速度将超预期,非个股,一般报告,国泰君安,李沐华,2021Q4,,,,43386.805,0.38,,,,,增持,,
002736.SZ,国信证券,20200227,上调2020E盈利预测，板块景气度持续向上与当前估值严重不匹配——券商2019年经营数据点评,非个股,一般报告,申万宏源证券,"马鲲鹏,王丛云,许旖珊,葛玉翔,华天行",2019Q4,,,,492000.0,0.6,,,10.7,,无,,
002128.SZ,露天煤业,20200227,煤炭产业复产复工跟踪报告三：－库存回升造成动力煤价弱势企稳，矿难造成焦煤价格稳中有涨,非个股,一般报告,中泰证券,"李俊松,陈晨,王瀚",2019Q4,,,,270941.863,1.41,,,,,买入,,
000636.SZ,风华高科,20200227,MLCC：供给短期受限，需求长期看涨：电子行业5G系列专题报告,非个股,一般报告,中信证券,"徐涛,郑泽科,胡叶倩雯",2019Q4,351118.0,,,35151.0,0.39,,,6.37,,买入,,
000961.SZ,中南建设,20200227,地产政策—从供给侧到需求侧：房地产行业跟踪点评,非个股,一般报告,中信证券,"陈聪,张全国,李金哲",2020Q4,,,,648609.012,1.74,,,,,买入,,
000783.SZ,长江证券,20200227,上调2020E盈利预测，板块景气度持续向上与当前估值严重不匹配——券商2019年经营数据点评,非个股,一般报告,申万宏源证券,"马鲲鹏,王丛云,许旖珊,葛玉翔,华天行",2020Q4,,,,237771.227,0.43,,,9.4,,无,,
002158.SZ,汉钟精机,20200227,长城证券晨会报告,非个股,一般报告,长城证券,"邹兰兰,舒迪",2021Q4,,,,41100.0,0.768,,,,,强烈推荐,,
000967.SZ,盈峰环境,20200227,节能环保：医废治理工作方案出台，利好医废收集转运、处置产业链,非个股,一般报告,中金,"蒋昕昊,张钰琪,刘俊",2020Q4,,,,177900.0,0.562,,,,,跑赢行业,,8.0
002508.SZ,老板电器,20200227,地产政策改善托底家电需求,非个股,一般报告,民生证券,杨柳,2020Q4,,,,185059.69,1.95,,,,,推荐,,
600999.SH,招商证券,20200227,上调2020E盈利预测，板块景气度持续向上与当前估值严重不匹配——券商2019年经营数据点评,非个股,一般报告,申万宏源证券,"马鲲鹏,王丛云,许旖珊,葛玉翔,华天行",2020Q4,,,,937917.306,1.4,,,9.1,,无,,
002035.SZ,华帝股份,20200227,地产政策改善托底家电需求,非个股,一般报告,民生证券,杨柳,2021Q4,,,,106915.33,1.23,,,,,推荐,,
002128.SZ,露天煤业,20200227,煤炭产业复产复工跟踪报告三：－库存回升造成动力煤价弱势企稳，矿难造成焦煤价格稳中有涨,非个股,一般报告,中泰证券,"李俊松,陈晨,王瀚",2020Q4,,,,301687.038,1.57,,,,,买入,,
002677.SZ,浙江美大,20200227,申万宏源晨会纪要,非个股,一般报告,申万宏源证券,"刘正,史晋星",2019Q4,,,,45700.0,0.71,,,,,买入,,
300422.SZ,博世科,20200227,节能环保：医废治理工作方案出台，利好医废收集转运、处置产业链,非个股,一般报告,中金,"蒋昕昊,张钰琪,刘俊",2021Q4,,,,55900.0,1.571,,,,,无,,
002032.SZ,苏泊尔,20200227,申万宏源晨会纪要,非个股,一般报告,申万宏源证券,"刘正,梁姝雯",2020Q4,,,,221000.0,2.691,,,,,买入,,
000651.SZ,格力电器,20200227,地产政策改善托底家电需求,非个股,一般报告,民生证券,杨柳,2019Q4,,,,2869503.629,4.77,,,,,推荐,,
300078.SZ,思创医惠,20200227,计算机：2020年医院接入互联网平台速度将超预期,非个股,一般报告,国泰君安,李沐华,2020Q4,,,,26637.539,0.31,,,,,增持,,
002352.SZ,顺丰控股,20200227,顺丰增长亮眼，春节错期致通达件量下降：交通运输行业快递公司2020年1月经营数据点评,非个股,一般报告,中信证券,"刘正,扈世民,汤学章",2020Q4,,,,631285.693,1.43,,,,,买入,,
601200.SH,上海环境,20200227,节能环保：医废治理工作方案出台，利好医废收集转运、处置产业链,非个股,一般报告,中金,"蒋昕昊,张钰琪,刘俊",2021Q4,,,,88200.0,0.966,,,,,跑赢行业,,13.05
300408.SZ,三环集团,20200227,MLCC：供给短期受限，需求长期看涨：电子行业5G系列专题报告,非个股,一般报告,中信证券,"徐涛,郑泽科,胡叶倩雯",2021Q4,449570.0,,,171960.0,0.99,,,17.81,,买入,,
600372.SH,中航电子,20200227,国防军工：再融资新政释放利好，军工资产证券化有望提速,非个股,一般报告,东北证券,"陈鼎如,刘中玉",2019Q4,,,,47507.122,0.27,,,,,买入,,
300750.SZ,宁德时代,20200227,趋势外推阶段，关注四大风险——2020年3月策略观点及十大金股,非个股,一般报告,光大证券,无,2020Q4,,,,552099.925,2.5,,,,,无,,
000783.SZ,长江证券,20200227,上调2020E盈利预测，板块景气度持续向上与当前估值严重不匹配——券商2019年经营数据点评,非个股,一般报告,申万宏源证券,"马鲲鹏,王丛云,许旖珊,葛玉翔,华天行",2019Q4,,,,171416.466,0.31,,,8.6,,无,,
002032.SZ,苏泊尔,20200227,申万宏源晨会纪要,非个股,一般报告,申万宏源证券,"刘正,梁姝雯",2021Q4,,,,255000.0,3.106,,,,,买入,,
002035.SZ,华帝股份,20200227,地产政策改善托底家电需求,非个股,一般报告,民生证券,杨柳,2019Q4,,,,78230.729,0.9,,,,,推荐,,
601066.SH,中信建投,20200227,上调2020E盈利预测，板块景气度持续向上与当前估值严重不匹配——券商2019年经营数据点评,非个股,一般报告,申万宏源证券,"马鲲鹏,王丛云,许旖珊,葛玉翔,华天行",2020Q4,,,,726406.598,0.95,,,14.4,,无,,
300750.SZ,宁德时代,20200227,趋势外推阶段，关注四大风险——2020年3月策略观点及十大金股,非个股,一般报告,光大证券,无,2019Q4,,,,435054.741,1.97,,,,,无,,
002677.SZ,浙江美大,20200227,申万宏源晨会纪要,非个股,一般报告,申万宏源证券,"刘正,史晋星",2021Q4,,,,59600.0,0.92,,,,,买入,,
300078.SZ,思创医惠,20200227,计算机：2020年医院接入互联网平台速度将超预期,非个股,一般报告,国泰君安,李沐华,2019Q4,,,,18904.06,0.22,,,,,增持,,
002705.SZ,新宝股份,20200227,天风证券晨会集萃,非个股,一般报告,天风证券,蔡雯娟,2020Q4,,,,83000.0,1.036,,,,,买入,,
300408.SZ,三环集团,20200227,MLCC：供给短期受限，需求长期看涨：电子行业5G系列专题报告,非个股,一般报告,中信证券,"徐涛,郑泽科,胡叶倩雯",2020Q4,361073.0,,,131501.0,0.75,,,15.78,,买入,,
601788.SH,光大证券,20200227,上调2020E盈利预测，板块景气度持续向上与当前估值严重不匹配——券商2019年经营数据点评,非个股,一般报告,申万宏源证券,"马鲲鹏,王丛云,许旖珊,葛玉翔,华天行",2019Q4,,,,55329.452,0.12,,,4.9,,无,,
000651.SZ,格力电器,20200227,地产政策改善托底家电需求,非个股,一般报告,民生证券,杨柳,2021Q4,,,,3597407.065,5.98,,,,,推荐,,
300628.SZ,亿联网络,20200227,天风证券晨会集萃,非个股,一般报告,天风证券,唐海清,2021Q4,,,,203000.0,3.386,,,,,买入,,
000333.SZ,美的集团,20200227,美的集团重大事项点评：借利率低位，优化流动性,点评,一般报告,中信证券,"汪浩,陈俊斌",2021Q4,35055600.0,,4036200.0,3168200.0,4.57,12.0,,21.2,,买入,,
300078.SZ,思创医惠,20200227,计算机：2020年医院接入互联网平台速度将超预期,非个股,一般报告,国泰君安,李沐华,2021Q4,,,,36089.57,0.42,,,,,增持,,
600323.SH,瀚蓝环境,20200227,瀚蓝环境：低估值与确定性增长，创新激励模式激发新活力,深度,一般报告,兴业证券,"蔡屹,邓晖,汪洋",2020Q4,557502.0,,116600.0,107700.0,1.41,13.5,,13.9,,审慎增持,,
002508.SZ,老板电器,20200227,地产政策改善托底家电需求,非个股,一般报告,民生证券,杨柳,2019Q4,,,,161334.089,1.7,,,,,推荐,,
601066.SH,中信建投,20200227,上调2020E盈利预测，板块景气度持续向上与当前估值严重不匹配——券商2019年经营数据点评,非个股,一般报告,申万宏源证券,"马鲲鹏,王丛云,许旖珊,葛玉翔,华天行",2019Q4,,,,550539.737,0.72,,,13.4,,无,,
002158.SZ,汉钟精机,20200227,长城证券晨会报告,非个股,一般报告,长城证券,"邹兰兰,舒迪",2019Q4,,,,24700.0,0.462,,,,,强烈推荐,,
300408.SZ,三环集团,20200227,MLCC：供给短期受限，需求长期看涨：电子行业5G系列专题报告,非个股,一般报告,中信证券,"徐涛,郑泽科,胡叶倩雯",2019Q4,269195.0,,,90856.0,0.52,,,12.46,,买入,,
601158.SH,重庆水务,20200227,节能环保：医废治理工作方案出台，利好医废收集转运、处置产业链,非个股,一般报告,中金,"蒋昕昊,张钰琪,刘俊",2020Q4,,,,189500.0,0.395,,,,,无,,
002035.SZ,华帝股份,20200227,地产政策改善托底家电需求,非个股,一般报告,民生证券,杨柳,2020Q4,,,,93007.645,1.07,,,,,推荐,,
300168.SZ,万达信息,20200227,计算机：2020年医院接入互联网平台速度将超预期,非个股,一般报告,国泰君安,李沐华,2019Q4,,,,-22835.16,-0.2,,,,,增持,,
300750.SZ,宁德时代,20200227,宁德时代事件点评：定增200亿拓展产能，行业龙头规模优势稳固,点评,一般报告,渤海证券,"郑连声,滕飞",2021Q4,7418000.0,,816200.0,661483.0,3.0,49.9,,13.25,23.6,买入,,
300750.SZ,宁德时代,20200227,宁德时代事件点评：定增200亿拓展产能，行业龙头规模优势稳固,点评,一般报告,渤海证券,"郑连声,滕飞",2019Q4,4127900.0,,553000.0,450178.0,2.04,73.33,,11.92,37.2,买入,,
601318.SH,中国平安,20200227,中国平安：一马当先，铸就典范,一般,首次评级,华泰证券,"沈娟,陶圣禹",2022Q4,164293800.0,,,23155000.0,12.667,5.71,,,,买入,118.93,111.64
300750.SZ,宁德时代,20200227,宁德时代事件点评：定增200亿拓展产能，行业龙头规模优势稳固,点评,一般报告,渤海证券,"郑连声,滕飞",2020Q4,5549100.0,,683100.0,554185.0,2.51,59.57,,12.79,29.41,买入,,
601318.SH,中国平安,20200227,中国平安：一马当先，铸就典范,一般,首次评级,华泰证券,"沈娟,陶圣禹",2021Q4,145755200.0,,,20030400.0,10.957,6.6,,,,买入,118.93,111.64
601318.SH,中国平安,20200227,中国平安：一马当先，铸就典范,一般,首次评级,华泰证券,"沈娟,陶圣禹",2020Q4,130938100.0,,,17570400.0,9.612,7.53,,,,买入,118.93,111.64
601225.SH,陕西煤业,20200227,陕西煤业：19年归母净利同比增长5.5％，好业绩得到延续,点评,一般报告,中银国际,唐倩,2020Q4,6534600.0,,2222500.0,1206600.0,1.207,6.6,4.6,17.7,3.0,买入,,
300750.SZ,宁德时代,20200227,宁德时代：备弹药扩规模，巩固领先优势,点评,一般报告,华泰证券,"黄斌,边文姣",2019Q4,4058100.0,,577800.0,454400.0,2.06,72.64,,11.97,44.71,增持,174.2,166.16
601225.SH,陕西煤业,20200227,陕西煤业：19年归母净利同比增长5.5％，好业绩得到延续,点评,一般报告,中银国际,唐倩,2021Q4,6961400.0,,2425900.0,1246400.0,1.246,6.4,4.7,16.2,2.6,买入,,
601225.SH,陕西煤业,20200227,陕西煤业：19年归母净利同比增长5.5％，好业绩得到延续,点评,一般报告,中银国际,唐倩,2019Q4,6080800.0,,2011000.0,1137600.0,1.138,7.0,4.3,19.0,3.4,买入,,
300496.SZ,中科创达,20200227,中科创达：5G应用核心标的，报表继续验证高景气度！,点评,一般报告,天风证券,"沈海兵,缪欣君,潘暕",2021Q4,343591.0,,45603.0,43905.0,1.09,62.48,,19.11,49.83,增持,,
300496.SZ,中科创达,20200227,中科创达：5G应用核心标的，报表继续验证高景气度！,点评,一般报告,天风证券,"沈海兵,缪欣君,潘暕",2020Q4,248979.0,,33691.0,32658.0,0.81,84.0,,16.51,64.88,增持,,
688396.SH,华润微,20200227,华润微：功率半导专芯致志，特色工艺术业专攻,,首次关注,华西证券,"孙远峰,王海维",2020Q4,696000.0,,91496.0,65191.0,0.56,,,6.65,,买入,,
002273.SZ,水晶光电,20200227,水晶光电2019业绩快报点评：受益于光学产业升级机会，卡位优质赛道，打开广阔增长空间,点评,一般报告,中信建投,雷鸣,2021Q4,559600.0,,,77020.0,0.63,31.9,,,,买入,,24.5
002273.SZ,水晶光电,20200227,水晶光电2019业绩快报点评：受益于光学产业升级机会，卡位优质赛道，打开广阔增长空间,点评,一般报告,中信建投,雷鸣,2020Q4,425000.0,,,62120.0,0.51,39.6,,,,买入,,24.5
002273.SZ,水晶光电,20200227,水晶光电2019业绩快报点评：受益于光学产业升级机会，卡位优质赛道，打开广阔增长空间,点评,一般报告,中信建投,雷鸣,2019Q4,300300.0,,,50024.0,0.411,49.2,,,,买入,,24.5
002048.SZ,宁波华翔,20200227,宁波华翔：业绩略超预期，配套特斯拉价值量有望提升,点评,一般报告,中银国际,朱朋,2021Q4,2095000.0,,203900.0,133600.0,2.133,10.2,1.5,13.2,3.8,买入,,
002048.SZ,宁波华翔,20200227,宁波华翔：业绩略超预期，配套特斯拉价值量有望提升,点评,一般报告,中银国际,朱朋,2020Q4,1904500.0,,182200.0,119400.0,1.906,11.4,1.3,13.2,4.9,买入,,
002048.SZ,宁波华翔,20200227,宁波华翔：业绩略超预期，配套特斯拉价值量有望提升,点评,一般报告,中银国际,朱朋,2019Q4,1731400.0,,154600.0,98500.0,1.574,13.8,1.1,12.1,6.4,买入,,
300394.SZ,天孚通信,20200227,天孚通信：业绩符合预期，新产线逐步放量，未来增长可期,点评,一般报告,中信建投,"阎贵成,武超则,汤其勇",2021Q4,,,,31400.0,,33.0,,,,买入,,
300394.SZ,天孚通信,20200227,天孚通信：业绩符合预期，新产线逐步放量，未来增长可期,点评,一般报告,中信建投,"阎贵成,武超则,汤其勇",2020Q4,,,,22200.0,,47.0,,,,买入,,
300750.SZ,宁德时代,20200227,宁德时代：定增落地，产能扩张再提速,点评,一般报告,川财证券,"黄博,张天楠",2021Q4,7573200.0,,825500.0,661800.0,3.01,50.7,,13.5,34.0,增持,,
300750.SZ,宁德时代,20200227,宁德时代：定增落地，产能扩张再提速,点评,一般报告,川财证券,"黄博,张天楠",2020Q4,5503500.0,,678900.0,540600.0,2.46,62.07,,12.6,39.0,增持,,
300750.SZ,宁德时代,20200227,宁德时代：定增落地，产能扩张再提速,点评,一般报告,川财证券,"黄博,张天楠",2019Q4,4100600.0,,590700.0,470500.0,2.14,71.31,,12.3,43.0,增持,,
603990.SH,麦迪科技,20200227,麦迪科技事件点评：大股东大比例认购定增，IVF整合能力提升,点评,一般报告,国海证券,"宝幼琛,张若凡",2019Q4,36900.0,,8100.0,7200.0,0.64,97.17,,13.76,,买入,,
603893.SH,瑞芯微,20200227,瑞芯微：国内SoC芯片领跑者，ToF/快充芯片双箭齐发,一般,首次关注,天风证券,"潘暕,陈俊杰",2021Q4,256746.43,,39726.0,38788.0,0.94,38.44,,15.81,35.6,买入,,57.49
603893.SH,瑞芯微,20200227,瑞芯微：国内SoC芯片领跑者，ToF/快充芯片双箭齐发,一般,首次关注,天风证券,"潘暕,陈俊杰",2019Q4,141069.23,,21795.0,21280.0,0.516,62.94,,12.35,51.24,买入,,57.49
300750.SZ,宁德时代,20200227,宁德时代：布局时机精准，扩产夯实霸主地位,点评,一般报告,银河证券,"周然,赵腾辉",2021Q4,7207500.0,,,712800.0,3.23,47.4,,,,推荐,,
300684.SZ,中石科技,20200227,中石科技：业绩快报符合预期，大客户回暖叠加5G散热驱动爆发,点评,一般报告,中泰证券,"刘翔,张欣",2021Q4,148900.0,52900.0,34100.0,28200.0,1.12,34.05,,21.32,,买入,,
300684.SZ,中石科技,20200227,中石科技：业绩快报符合预期，大客户回暖叠加5G散热驱动爆发,点评,一般报告,中泰证券,"刘翔,张欣",2019Q4,78000.0,27300.0,15500.0,12600.0,0.5,76.19,,14.0,,买入,,
300496.SZ,中科创达,20200227,中科创达：业绩表现超预期，智能汽车加速推进,点评,一般报告,东北证券,"安永平,朴虹睿",2022Q4,477600.0,,69200.0,68200.0,1.69,40.2,0.15,19.9,,买入,,86.85
300496.SZ,中科创达,20200227,中科创达：业绩表现超预期，智能汽车加速推进,点评,一般报告,东北证券,"安永平,朴虹睿",2021Q4,341100.0,,48100.0,47400.0,1.18,57.8,0.15,17.3,,买入,,86.85
300750.SZ,宁德时代,20200227,宁德时代：布局时机精准，扩产夯实霸主地位,点评,一般报告,银河证券,"周然,赵腾辉",2020Q4,5544200.0,,,585900.0,2.65,57.6,,,,推荐,,
300496.SZ,中科创达,20200227,中科创达：业绩表现超预期，智能汽车加速推进,点评,一般报告,东北证券,"安永平,朴虹睿",2020Q4,248000.0,,34000.0,33600.0,0.83,81.7,0.13,14.8,,买入,,86.85
300750.SZ,宁德时代,20200227,宁德时代：布局时机精准，扩产夯实霸主地位,点评,一般报告,银河证券,"周然,赵腾辉",2019Q4,4208200.0,,,449800.0,2.04,75.1,,,,推荐,,
300388.SZ,国祯环保,20200227,国祯环保：业绩增长稳健，三峡入主未来可期,点评,一般报告,国盛证券,杨心成,2021Q4,537800.0,,68800.0,53800.0,0.802,12.7,,12.2,11.8,买入,,
300388.SZ,国祯环保,20200227,国祯环保：业绩增长稳健，三峡入主未来可期,点评,一般报告,国盛证券,杨心成,2020Q4,469800.0,,54500.0,42100.0,0.628,16.2,,10.8,14.1,买入,,
603893.SH,瑞芯微,20200227,瑞芯微：国内SoC芯片领跑者，ToF/快充芯片双箭齐发,一般,首次关注,天风证券,"潘暕,陈俊杰",2020Q4,197497.19,,30687.0,29963.0,0.73,49.77,,14.51,47.04,买入,,57.49
002351.SZ,漫步者,20200227,漫步者：业绩符合预期，继续看好TWS品牌稀缺标的,点评,一般报告,中泰证券,"刘翔,张欣",2021Q4,290000.0,119100.0,55800.0,40780.0,0.69,31.24,,17.5,,买入,,
002351.SZ,漫步者,20200227,漫步者：业绩符合预期，继续看好TWS品牌稀缺标的,点评,一般报告,中泰证券,"刘翔,张欣",2020Q4,233300.0,95600.0,42700.0,30053.0,0.51,42.39,,14.84,,买入,,
002351.SZ,漫步者,20200227,漫步者：业绩符合预期，继续看好TWS品牌稀缺标的,点评,一般报告,中泰证券,"刘翔,张欣",2019Q4,124300.0,45400.0,25200.0,12299.0,0.21,103.58,,6.56,,买入,,
688396.SH,华润微,20200227,华润微：功率半导专芯致志，特色工艺术业专攻,,首次关注,华西证券,"孙远峰,王海维",2021Q4,835200.0,,116995.0,83359.0,0.71,,,7.84,,买入,,
300750.SZ,宁德时代,20200227,宁德时代：动力储能并举，共谋万亿蓝海,点评,一般报告,国盛证券,"王磊,孟兴亚,吴星煜",2021Q4,7194300.0,,872900.0,682600.0,3.09,49.5,,13.9,26.1,买入,,
300388.SZ,国祯环保,20200227,国祯环保：业绩增长稳健，三峡入主未来可期,点评,一般报告,国盛证券,杨心成,2019Q4,416200.0,,42600.0,33000.0,0.492,20.7,,9.2,16.7,买入,,
300036.SZ,超图软件,20200227,超图软件：业绩成长性良好，公司迈入新发展期,点评,一般报告,中泰证券,"闻学臣,何柄谕",2021Q4,305000.0,,38600.0,38000.0,0.85,32.97,0.0,13.45,,买入,,
300750.SZ,宁德时代,20200227,宁德时代：动力储能并举，共谋万亿蓝海,点评,一般报告,国盛证券,"王磊,孟兴亚,吴星煜",2019Q4,4447900.0,,586100.0,458300.0,2.08,73.7,,12.5,42.9,买入,,
603990.SH,麦迪科技,20200227,麦迪科技事件点评：大股东大比例认购定增，IVF整合能力提升,点评,一般报告,国海证券,"宝幼琛,张若凡",2020Q4,48300.0,,10900.0,9500.0,0.85,72.81,,16.39,,买入,,
300427.SZ,红相股份,20200227,红相股份：可转债获得批复，助力公司业务发展,点评,一般报告,天风证券,"唐海清,王俊贤,王纪斌",2021Q4,239341.0,,54406.0,40396.0,1.13,17.96,,13.93,11.9,增持,,
300427.SZ,红相股份,20200227,红相股份：可转债获得批复，助力公司业务发展,点评,一般报告,天风证券,"唐海清,王俊贤,王纪斌",2020Q4,197434.0,,45712.0,33769.0,0.94,21.49,,13.1,14.52,增持,,
300427.SZ,红相股份,20200227,红相股份：可转债获得批复，助力公司业务发展,点评,一般报告,天风证券,"唐海清,王俊贤,王纪斌",2019Q4,160785.0,,37112.0,28321.0,0.79,25.62,,12.26,16.88,增持,,
002409.SZ,雅克科技,20200227,雅克科技：收购LG彩色光刻胶，完善半导体材料平台,点评,首次关注,华西证券,"杨伟,陈凯茜",2021Q4,370000.0,,62809.0,49003.0,1.06,38.87,,9.22,,增持,,
603990.SH,麦迪科技,20200227,麦迪科技事件点评：大股东大比例认购定增，IVF整合能力提升,点评,一般报告,国海证券,"宝幼琛,张若凡",2021Q4,63000.0,,14400.0,12400.0,1.11,55.93,,18.67,,买入,,
300684.SZ,中石科技,20200227,中石科技：业绩快报符合预期，大客户回暖叠加5G散热驱动爆发,点评,一般报告,中泰证券,"刘翔,张欣",2020Q4,109500.0,41200.0,26100.0,21500.0,0.85,44.68,,19.84,,买入,,
300036.SZ,超图软件,20200227,超图软件：业绩成长性良好，公司迈入新发展期,点评,一般报告,中泰证券,"闻学臣,何柄谕",2020Q4,237900.0,,29100.0,28800.0,0.64,43.57,0.0,11.76,,买入,,
300036.SZ,超图软件,20200227,超图软件：业绩成长性良好，公司迈入新发展期,点评,一般报告,中泰证券,"闻学臣,何柄谕",2019Q4,187900.0,,22100.0,21800.0,0.48,57.57,0.0,10.09,,买入,,
300750.SZ,宁德时代,20200227,宁德时代：动力储能并举，共谋万亿蓝海,点评,一般报告,国盛证券,"王磊,孟兴亚,吴星煜",2020Q4,5667700.0,,730300.0,571100.0,2.59,59.1,,13.5,33.2,买入,,
002241.SZ,歌尔股份,20200227,歌尔股份动态点评：TWS耳机带动业绩高速增长，VR和AR业务着眼未来,点评,一般报告,东方财富证券,"王好,马建华",2021Q4,5892733.0,,,249901.0,0.77,32.36,,,17.73,增持,,
002241.SZ,歌尔股份,20200227,歌尔股份动态点评：TWS耳机带动业绩高速增长，VR和AR业务着眼未来,点评,一般报告,东方财富证券,"王好,马建华",2020Q4,4735325.0,,,181449.0,0.56,44.57,,,20.91,增持,,
002409.SZ,雅克科技,20200227,雅克科技：收购LG彩色光刻胶，完善半导体材料平台,点评,首次关注,华西证券,"杨伟,陈凯茜",2020Q4,320000.0,,52449.0,40921.0,0.88,46.54,,8.48,,增持,,
300115.SZ,长盈精密,20200227,长盈精密：结构件龙头整装再出发，海外优质客户布局迎来收获期,一般,首份报告,广发证券,"许兴军,王亮,彭雾",2020Q4,1085500.0,,75900.0,68300.0,0.75,34.36,,13.3,27.78,买入,,33.77
300115.SZ,长盈精密,20200227,长盈精密：结构件龙头整装再出发，海外优质客户布局迎来收获期,一般,首份报告,广发证券,"许兴军,王亮,彭雾",2019Q4,808500.0,,9700.0,8200.0,0.09,285.99,,1.8,22.88,买入,,33.77
688036.SH,传音控股,20200227,传音控股业绩快报点评：手机业务规模稳定增长，互联网业务开始成长，打开广阔市场空间,,一般报告,中信建投,雷鸣,2021Q4,3030000.0,,,234400.0,2.93,22.0,,20.0,,买入,,75.0
688036.SH,传音控股,20200227,传音控股业绩快报点评：手机业务规模稳定增长，互联网业务开始成长，打开广阔市场空间,,一般报告,中信建投,雷鸣,2020Q4,2763200.0,,,212200.0,2.65,24.0,,20.0,,买入,,75.0
688036.SH,传音控股,20200227,传音控股业绩快报点评：手机业务规模稳定增长，互联网业务开始成长，打开广阔市场空间,,一般报告,中信建投,雷鸣,2019Q4,2415000.0,,,177500.0,2.22,29.0,,21.5,,买入,,75.0
002838.SZ,道恩股份,20200227,道恩股份2019年业绩快报点评：改性塑料景气向上，弹性体业务快速发展,点评,首份报告,国信证券,"龚诚,商艾华",2021Q4,439252.0,,46900.0,39208.0,0.96,30.89,1.0,20.97,27.79,增持,,
002409.SZ,雅克科技,20200227,雅克科技：收购LG彩色光刻胶，完善半导体材料平台,点评,首次关注,华西证券,"杨伟,陈凯茜",2019Q4,185000.0,,32543.0,25390.0,0.55,75.01,,5.75,,增持,,
300115.SZ,长盈精密,20200227,长盈精密：结构件龙头整装再出发，海外优质客户布局迎来收获期,一般,首份报告,广发证券,"许兴军,王亮,彭雾",2021Q4,1428600.0,,137100.0,123400.0,1.36,19.01,,19.4,12.5,买入,,33.77
002838.SZ,道恩股份,20200227,道恩股份2019年业绩快报点评：改性塑料景气向上，弹性体业务快速发展,点评,首份报告,国信证券,"龚诚,商艾华",2019Q4,273316.0,,20100.0,16798.0,0.41,72.11,0.4,15.81,61.42,增持,,
002714.SZ,牧原股份,20200227,牧原股份：业绩表现超预期，分享周期与成长共振—2019年报点评,点评,一般报告,国泰君安,"钟凯锋,鲁家瑞,李晓渊",2022Q4,8914600.0,,,3224900.0,14.63,7.93,0.0,26.4,,增持,,150.0
002714.SZ,牧原股份,20200227,牧原股份：业绩表现超预期，分享周期与成长共振—2019年报点评,点评,一般报告,国泰君安,"钟凯锋,鲁家瑞,李晓渊",2021Q4,7286600.0,,,3294600.0,14.94,7.76,0.0,36.7,,增持,,150.0
002714.SZ,牧原股份,20200227,牧原股份：业绩表现超预期，分享周期与成长共振—2019年报点评,点评,一般报告,国泰君安,"钟凯锋,鲁家瑞,李晓渊",2020Q4,6234900.0,,,3623600.0,16.44,7.06,0.0,63.7,6.12,增持,,150.0
002714.SZ,牧原股份,20200227,牧原股份：业绩表现超预期，分享周期与成长共振—2019年报点评,点评,一般报告,国泰君安,"钟凯锋,鲁家瑞,李晓渊",2020Q1,,,,,2.24,,,,,增持,,150.0
002032.SZ,苏泊尔,20200227,苏泊尔：业绩符合预期，稳稳的增长,点评,一般报告,国盛证券,"鞠兴海,马王杰,高润鑫",2021Q4,2464600.0,,300400.0,255300.0,3.11,24.4,,24.0,19.0,买入,,
002032.SZ,苏泊尔,20200227,苏泊尔：业绩符合预期，稳稳的增长,点评,一般报告,国盛证券,"鞠兴海,马王杰,高润鑫",2020Q4,2224000.0,,260900.0,221700.0,2.7,28.1,,25.7,22.1,买入,,
002032.SZ,苏泊尔,20200227,苏泊尔：业绩符合预期，稳稳的增长,点评,一般报告,国盛证券,"鞠兴海,马王杰,高润鑫",2019Q4,1995500.0,,227200.0,193100.0,2.35,32.2,,27.6,25.7,买入,,
601000.SH,唐山港,20200227,唐山港更新报告：赶工推升吞吐量，价值与主题兼备,点评,一般报告,国泰君安,"陈金海,郑武",2021Q4,1697100.0,,,198800.0,0.34,6.95,3.6,10.0,2.31,增持,,2.9
601000.SH,唐山港,20200227,唐山港更新报告：赶工推升吞吐量，价值与主题兼备,点评,一般报告,国泰君安,"陈金海,郑武",2020Q4,1467100.0,,,184100.0,0.31,7.5,3.4,10.0,3.22,增持,,2.9
601000.SH,唐山港,20200227,唐山港更新报告：赶工推升吞吐量，价值与主题兼备,点评,一般报告,国泰君安,"陈金海,郑武",2019Q4,1253400.0,,,171300.0,0.29,8.06,3.1,10.1,4.86,增持,,2.9
600004.SH,白云机场,20200227,白云机场点评报告：期待航空业务增长恢复,点评,一般报告,浙商证券,姜楠,2021Q4,914900.0,,185000.0,135800.0,0.66,24.16,,7.39,10.0,买入,,
600004.SH,白云机场,20200227,白云机场点评报告：期待航空业务增长恢复,点评,一般报告,浙商证券,姜楠,2020Q4,840600.0,,145200.0,106600.0,0.52,30.79,,6.22,11.15,买入,,
600004.SH,白云机场,20200227,白云机场点评报告：期待航空业务增长恢复,点评,一般报告,浙商证券,姜楠,2019Q4,776000.0,,111000.0,81400.0,0.39,40.3,,5.04,12.83,买入,,
002705.SZ,新宝股份,20200227,新宝股份：全年净利预增36.7％，维持买入,点评,一般报告,华泰证券,"林寰宇,王森泉",2021Q4,1232300.0,,122300.0,105100.0,1.31,14.28,,18.44,8.2,买入,25.3,24.2
002714.SZ,牧原股份,20200227,牧原股份：业绩表现超预期，分享周期与成长共振—2019年报点评,点评,一般报告,国泰君安,"钟凯锋,鲁家瑞,李晓渊",2020Q3,,,,,11.49,,,,,增持,,150.0
002714.SZ,牧原股份,20200227,牧原股份：业绩表现超预期，分享周期与成长共振—2019年报点评,点评,一般报告,国泰君安,"钟凯锋,鲁家瑞,李晓渊",2020Q2,,,,,6.09,,,,,增持,,150.0
002705.SZ,新宝股份,20200227,新宝股份：全年净利预增36.7％，维持买入,点评,一般报告,华泰证券,"林寰宇,王森泉",2020Q4,1080200.0,,102400.0,88084.0,1.1,17.04,,17.76,9.72,买入,25.3,24.2
600157.SH,永泰能源,20200227,永泰能源：业绩企稳助力公司走出债务泥潭——管理层完成公司股票增持事件点评,点评,一般报告,东兴证券,"罗四维,徐昆仑,沈一凡,薛阳",2021Q4,2366223.0,,219000.0,95157.0,0.0766,20.5,,3.76,9.25,推荐,,
600157.SH,永泰能源,20200227,永泰能源：业绩企稳助力公司走出债务泥潭——管理层完成公司股票增持事件点评,点评,一般报告,东兴证券,"罗四维,徐昆仑,沈一凡,薛阳",2020Q4,2219496.0,,181200.0,67994.0,0.0547,28.69,,2.76,9.88,推荐,,
600157.SH,永泰能源,20200227,永泰能源：业绩企稳助力公司走出债务泥潭——管理层完成公司股票增持事件点评,点评,一般报告,东兴证券,"罗四维,徐昆仑,沈一凡,薛阳",2019Q4,2088587.0,,77000.0,14814.0,0.0119,131.69,,0.61,10.67,推荐,,
300185.SZ,通裕重工,20200227,通裕重工：产能扩张打开成长空间，风电支撑业绩高成长——中国制造之先进制造：机械基础件,深度,首次关注,川财证券,孙灿,2021Q4,464100.0,,52700.0,44800.0,0.14,13.78,,7.2,5.0,增持,,
300185.SZ,通裕重工,20200227,通裕重工：产能扩张打开成长空间，风电支撑业绩高成长——中国制造之先进制造：机械基础件,深度,首次关注,川财证券,孙灿,2020Q4,422500.0,,40500.0,34500.0,0.1056,17.92,,6.0,6.0,增持,,
002714.SZ,牧原股份,20200227,牧原股份：享猪价持续高位，创成长性出栏高增长,点评,一般报告,银河证券,谢芝优,2022Q4,6399856.0,,,2363580.0,10.72,11.0,,24.19,,推荐,,
002714.SZ,牧原股份,20200227,牧原股份：享猪价持续高位，创成长性出栏高增长,点评,一般报告,银河证券,谢芝优,2021Q4,5901369.0,,,2771186.0,12.57,9.0,,34.8,,推荐,,
002714.SZ,牧原股份,20200227,牧原股份：享猪价持续高位，创成长性出栏高增长,点评,一般报告,银河证券,谢芝优,2020Q4,5340200.0,,,2985021.0,13.54,9.0,,51.57,,推荐,,
002838.SZ,道恩股份,20200227,道恩股份2019年业绩快报点评：改性塑料景气向上，弹性体业务快速发展,点评,首份报告,国信证券,"龚诚,商艾华",2020Q4,349352.0,,36300.0,30325.0,0.75,39.94,0.8,19.01,32.64,增持,,
002705.SZ,新宝股份,20200227,新宝股份：全年净利预增36.7％，维持买入,点评,一般报告,华泰证券,"林寰宇,王森泉",2019Q4,933500.0,,79910.0,68702.0,0.86,21.85,,15.79,12.23,买入,25.3,24.2
300185.SZ,通裕重工,20200227,通裕重工：产能扩张打开成长空间，风电支撑业绩高成长——中国制造之先进制造：机械基础件,深度,首次关注,川财证券,孙灿,2019Q4,382400.0,,28700.0,24400.0,0.0747,25.35,,4.5,7.0,增持,,
300365.SZ,恒华科技,20200227,恒华科技：云业务发展迅速，价值有望重估,点评,一般报告,国金证券,"邓伟,姚遥",2021Q4,162400.0,78200.0,55700.0,50700.0,0.836,15.47,,17.76,,买入,,20.0
300365.SZ,恒华科技,20200227,恒华科技：云业务发展迅速，价值有望重估,点评,一般报告,国金证券,"邓伟,姚遥",2020Q4,131200.0,62700.0,44500.0,40500.0,0.668,19.36,,16.83,,买入,,20.0
300365.SZ,恒华科技,20200227,恒华科技：云业务发展迅速，价值有望重估,点评,一般报告,国金证券,"邓伟,姚遥",2019Q4,112800.0,51900.0,32300.0,29400.0,0.485,26.69,,14.21,,买入,,20.0
002409.SZ,雅克科技,20200227,雅克科技：电子材料平台再添重磅收购，光刻胶龙头诞生,点评,一般报告,申万宏源证券,"宋涛,沈衡,马昕晔",2021Q4,375900.0,131800.0,73500.0,56700.0,1.23,33.0,,10.5,,增持,,
002409.SZ,雅克科技,20200227,雅克科技：电子材料平台再添重磅收购，光刻胶龙头诞生,点评,一般报告,申万宏源证券,"宋涛,沈衡,马昕晔",2020Q4,267100.0,91900.0,51800.0,40000.0,0.86,48.0,,8.3,,增持,,
002409.SZ,雅克科技,20200227,雅克科技：电子材料平台再添重磅收购，光刻胶龙头诞生,点评,一般报告,申万宏源证券,"宋涛,沈衡,马昕晔",2019Q4,184600.0,66100.0,33600.0,25900.0,0.56,73.0,,5.8,,增持,,
002024.SZ,苏宁易购,20200227,苏宁易购：家乐福中国整合效果显著，看好公司大快消发展前景,点评,一般报告,中金,"樊俊豪,徐卓楠",2021Q4,42924600.0,,411600.0,330200.0,0.35,27.2,1.1,3.6,9.4,跑赢行业,,14.0
002024.SZ,苏宁易购,20200227,苏宁易购：家乐福中国整合效果显著，看好公司大快消发展前景,点评,一般报告,中金,"樊俊豪,徐卓楠",2020Q4,35571900.0,,259300.0,219500.0,0.24,40.9,0.7,2.4,12.1,跑赢行业,,14.0
002024.SZ,苏宁易购,20200227,苏宁易购：家乐福中国整合效果显著，看好公司大快消发展前景,点评,一般报告,中金,"樊俊豪,徐卓楠",2019Q4,29606900.0,,1389000.0,1118800.0,1.2,8.0,3.7,13.0,4.7,跑赢行业,,14.0
601166.SH,兴业银行,20200227,兴业银行：市场化典范，时代弄潮儿,一般,首次评级,华泰证券,"沈娟,蒋昭鹏",2021Q4,23353600.0,,,7917400.0,3.81,4.64,6.5,13.12,,买入,25.02,23.7
601166.SH,兴业银行,20200227,兴业银行：市场化典范，时代弄潮儿,一般,首次评级,华泰证券,"沈娟,蒋昭鹏",2020Q4,20682900.0,,,7205000.0,3.47,5.1,4.9,13.21,,买入,25.02,23.7
601166.SH,兴业银行,20200227,兴业银行：市场化典范，时代弄潮儿,一般,首次评级,华泰证券,"沈娟,蒋昭鹏",2019Q4,18131900.0,,,6586800.0,3.17,5.58,4.5,13.4,,买入,25.02,23.7
688299.SH,长阳科技,20200227,长阳科技：量价齐升，业绩同比大幅增长,,一般报告,中信建投,"郑勇,胡世超",2021Q4,164818.0,,,,0.91,27.91,,21.49,14.83,增持,,
688299.SH,长阳科技,20200227,长阳科技：量价齐升，业绩同比大幅增长,,一般报告,中信建投,"郑勇,胡世超",2020Q4,123221.0,,,,0.658,38.62,,19.78,19.4,增持,,
688268.SH,华特气体,20200227,华特气体：产品和客户结构升级助推业绩增长，特气龙头未来大有可为,,一般报告,中信建投,"郑勇,邓天泽",2021Q4,149198.0,,,14642.0,1.22,64.17,,11.26,51.7,买入,,
688268.SH,华特气体,20200227,华特气体：产品和客户结构升级助推业绩增长，特气龙头未来大有可为,,一般报告,中信建投,"郑勇,邓天泽",2020Q4,113765.0,,,10832.0,0.903,79.98,,9.02,63.39,买入,,
688268.SH,华特气体,20200227,华特气体：产品和客户结构升级助推业绩增长，特气龙头未来大有可为,,一般报告,中信建投,"郑勇,邓天泽",2019Q4,84286.0,,,7762.0,0.647,105.9,,14.01,79.7,买入,,
300144.SZ,宋城演艺,20200227,宋城演艺：2019年如期增长，疫情不改长期逻辑,点评,一般报告,华泰证券,"林寰宇,孙丹阳",2021Q4,381600.0,,240100.0,174000.0,1.2,23.53,,13.78,14.7,买入,32.76,32.02
300144.SZ,宋城演艺,20200227,宋城演艺：2019年如期增长，疫情不改长期逻辑,点评,一般报告,华泰证券,"林寰宇,孙丹阳",2020Q4,256800.0,,130500.0,108200.0,0.74,37.84,,9.95,25.03,买入,32.76,32.02
300144.SZ,宋城演艺,20200227,宋城演艺：2019年如期增长，疫情不改长期逻辑,点评,一般报告,华泰证券,"林寰宇,孙丹阳",2019Q4,261500.0,,174400.0,134200.0,0.92,30.5,,13.8,18.71,买入,32.76,32.02
002714.SZ,牧原股份,20200227,牧原股份：成本控制出色业绩大增，未来加速成长,点评,一般报告,兴业证券,"陈娇,毛一凡",2020Q4,5490000.0,,3265300.0,3257600.0,14.78,7.9,,56.4,,买入,,
002182.SZ,云海金属,20200227,云海金属：业绩大增，逐步兑现成长逻辑,点评,一般报告,兴业证券,"邱祖学,苏东,王丽佳",2021Q4,763700.0,,66400.0,54200.0,0.84,13.9,,16.4,,审慎增持,,
002714.SZ,牧原股份,20200227,牧原股份：成本控制出色业绩大增，未来加速成长,点评,一般报告,兴业证券,"陈娇,毛一凡",2022Q4,8190000.0,,3408400.0,3395100.0,15.4,7.5,,29.6,,买入,,
002182.SZ,云海金属,20200227,云海金属：业绩大增，逐步兑现成长逻辑,点评,一般报告,兴业证券,"邱祖学,苏东,王丽佳",2020Q4,666300.0,,54700.0,44700.0,0.69,16.9,,15.6,,审慎增持,,
002182.SZ,云海金属,20200227,云海金属：业绩大增，逐步兑现成长逻辑,点评,一般报告,兴业证券,"邱祖学,苏东,王丽佳",2019Q4,557500.0,,107200.0,87600.0,1.36,8.6,,33.2,,审慎增持,,
688299.SH,长阳科技,20200227,长阳科技：量价齐升，业绩同比大幅增长,,一般报告,中信建投,"郑勇,胡世超",2019Q4,90995.0,,,,0.501,50.69,,18.79,24.03,增持,,
002714.SZ,牧原股份,20200227,牧原股份：成本控制出色业绩大增，未来加速成长,点评,一般报告,兴业证券,"陈娇,毛一凡",2021Q4,6664000.0,,3298400.0,3288200.0,14.91,7.8,,38.8,,买入,,
603378.SH,亚士创能,20200227,亚士创能：行业发展趋势向好，龙头进入稳步增长,一般,首次关注,天风证券,"盛昌盛,时奕",2021Q4,454815.0,,40730.0,33806.0,1.74,15.78,,18.65,11.77,买入,,34.2
603378.SH,亚士创能,20200227,亚士创能：行业发展趋势向好，龙头进入稳步增长,一般,首次关注,天风证券,"盛昌盛,时奕",2020Q4,336917.5,,26754.0,22205.0,1.14,24.02,,14.21,16.83,买入,,34.2
603378.SH,亚士创能,20200227,亚士创能：行业发展趋势向好，龙头进入稳步增长,一般,首次关注,天风证券,"盛昌盛,时奕",2019Q4,248796.2,,13884.0,11107.0,0.57,48.02,,7.93,29.46,买入,,34.2
002714.SZ,牧原股份,20200227,牧原股份：产能持续回升，看好本年量利表现,一般,一般报告,中金,"孙扬,张宇茜",2021Q4,7333700.0,3911900.0,3501500.0,3437100.0,15.59,7.4,2.7,49.2,5.5,跑赢行业,,150.0
002714.SZ,牧原股份,20200227,牧原股份：产能持续回升，看好本年量利表现,一般,一般报告,中金,"孙扬,张宇茜",2020Q4,6087200.0,3816900.0,3477400.0,3417200.0,15.5,7.5,2.7,86.3,6.3,跑赢行业,,150.0
600732.SH,ST爱旭,20200227,ST爱旭2019年报点评暨系列报告4：融资扩产增长提速，股权激励彰显信心,点评,一般报告,国泰君安,"徐云飞,庞钧文",2022Q4,3100000.0,,,217000.0,1.19,9.63,0.7,35.4,15.02,增持,,15.8
600732.SH,ST爱旭,20200227,ST爱旭2019年报点评暨系列报告4：融资扩产增长提速，股权激励彰显信心,点评,一般报告,国泰君安,"徐云飞,庞钧文",2021Q4,2110000.0,,,145400.0,0.79,14.37,0.5,34.5,22.02,增持,,15.8
600732.SH,ST爱旭,20200227,ST爱旭2019年报点评暨系列报告4：融资扩产增长提速，股权激励彰显信心,点评,一般报告,国泰君安,"徐云飞,庞钧文",2020Q4,1510000.0,,,100600.0,0.55,20.78,0.3,34.0,32.06,增持,,15.8
600732.SH,ST爱旭,20200227,ST爱旭2019年报点评暨系列报告4：融资扩产增长提速，股权激励彰显信心,点评,一般报告,国泰君安,"徐云飞,庞钧文",2020Q3,,,,,0.36,,,,,增持,,15.8
600732.SH,ST爱旭,20200227,ST爱旭2019年报点评暨系列报告4：融资扩产增长提速，股权激励彰显信心,点评,一般报告,国泰君安,"徐云飞,庞钧文",2020Q2,,,,,0.2,,,,,增持,,15.8
002714.SZ,牧原股份,20200227,牧原股份：业绩持续兑现，出栏高增可期,点评,一般报告,中泰证券,"刁凯峰,潘振亚",2022Q4,8610000.0,,2950600.0,2869257.0,13.01,,,26.36,7.0,买入,,
002714.SZ,牧原股份,20200227,牧原股份：业绩持续兑现，出栏高增可期,点评,一般报告,中泰证券,"刁凯峰,潘振亚",2021Q4,8218000.0,,3929000.0,3810739.0,17.29,,,41.61,6.0,买入,,
002714.SZ,牧原股份,20200227,牧原股份：业绩持续兑现，出栏高增可期,点评,一般报告,中泰证券,"刁凯峰,潘振亚",2020Q4,7044000.0,,4147800.0,4043886.0,18.34,,,61.65,6.0,买入,,
002714.SZ,牧原股份,20200227,牧原股份：释放业绩弹性，周期后场成长接棒,点评,一般报告,华泰证券,"杨天明,冯鹤",2022Q4,4036800.0,,442700.0,432900.0,1.96,59.07,,7.22,34.73,买入,130.2,117.18
002024.SZ,苏宁易购,20200227,苏宁易购公司信息点评：推进家乐福全链路融合，协同增效,点评,一般报告,海通证券,"汪立亭,李宏科,高瑜",2020Q4,33260743.0,,82642.0,96692.0,0.1039,92.72,1.04,1.06,24.03,优于大市,,
002714.SZ,牧原股份,20200227,牧原股份：释放业绩弹性，周期后场成长接棒,点评,一般报告,华泰证券,"杨天明,冯鹤",2021Q4,4646800.0,,1149200.0,1126900.0,5.11,22.69,,19.41,19.1,买入,130.2,117.18
002024.SZ,苏宁易购,20200227,苏宁易购公司信息点评：推进家乐福全链路融合，协同增效,点评,一般报告,海通证券,"汪立亭,李宏科,高瑜",2019Q4,28440231.0,,1226386.0,1114785.0,1.2,8.04,1.04,12.23,,优于大市,,
002714.SZ,牧原股份,20200227,牧原股份：释放业绩弹性，周期后场成长接棒,点评,一般报告,华泰证券,"杨天明,冯鹤",2020Q4,5903100.0,,2912300.0,2869900.0,13.02,8.91,,53.29,8.48,买入,130.2,117.18
002024.SZ,苏宁易购,20200227,苏宁易购公司信息点评：推进家乐福全链路融合，协同增效,点评,一般报告,海通证券,"汪立亭,李宏科,高瑜",2021Q4,37341571.0,,253673.0,235154.0,0.25,38.13,1.04,2.54,19.16,优于大市,,
300709.SZ,精研科技,20200227,精研科技：全年业绩超预期，MIM龙头确定性成长,点评,一般报告,民生证券,王芳,2021Q4,278300.0,,36600.0,36200.0,4.1,33.4,0.0,17.8,17.9,推荐,,
300750.SZ,宁德时代,20200227,宁德时代：拟定增200亿元，扩产能夯研发决胜未来,一般,一般报告,安信证券,"邓永康,吴用,彭广春,丁肖逸",2021Q4,8199630.0,,1076910.0,839660.0,3.8,40.2,0.2,16.3,21.2,买入,,
300750.SZ,宁德时代,20200227,宁德时代：拟定增200亿元，扩产能夯研发决胜未来,一般,一般报告,安信证券,"邓永康,吴用,彭广春,丁肖逸",2020Q4,5919130.0,,781550.0,605830.0,2.74,55.7,0.2,13.8,28.1,买入,,
002607.SZ,中公教育,20200227,中公教育：收购西安大学城附近地产布局陕西区域总部，在教育重镇布局服务升级,点评,一般报告,申万宏源证券,"马晓天,周羽希",2019Q4,922500.0,539800.0,206100.0,176900.0,0.29,70.0,,53.3,,买入,,
300709.SZ,精研科技,20200227,精研科技：全年业绩超预期，MIM龙头确定性成长,点评,一般报告,民生证券,王芳,2020Q4,207200.0,,26000.0,25500.0,2.9,47.4,0.0,15.2,24.4,推荐,,
600732.SH,ST爱旭,20200227,ST爱旭2019年报点评暨系列报告4：融资扩产增长提速，股权激励彰显信心,点评,一般报告,国泰君安,"徐云飞,庞钧文",2020Q1,,,,,0.08,,,,,增持,,15.8
300709.SZ,精研科技,20200227,精研科技：全年业绩超预期，MIM龙头确定性成长,点评,一般报告,民生证券,王芳,2019Q4,147300.0,,16600.0,17000.0,1.9,71.2,0.0,11.2,36.7,推荐,,
002607.SZ,中公教育,20200227,中公教育：收购西安大学城附近地产布局陕西区域总部，在教育重镇布局服务升级,点评,一般报告,申万宏源证券,"马晓天,周羽希",2021Q4,1384400.0,809000.0,363400.0,311400.0,0.5,40.0,,56.6,,买入,,
002607.SZ,中公教育,20200227,中公教育：收购西安大学城附近地产布局陕西区域总部，在教育重镇布局服务升级,点评,一般报告,申万宏源证券,"马晓天,周羽希",2020Q4,1178200.0,688500.0,285200.0,244600.0,0.4,51.0,,56.3,,买入,,
300750.SZ,宁德时代,20200227,宁德时代：拟定增200亿元，扩产能夯研发决胜未来,一般,一般报告,安信证券,"邓永康,吴用,彭广春,丁肖逸",2019Q4,4182160.0,,594390.0,460750.0,2.09,73.3,0.1,12.0,42.3,买入,,
600863.SH,内蒙华电,20200227,内蒙华电：盈利、分红双增长的强现金区域电力龙头,一般,首次评级,中金,"刘俊,刘佳妮,王嵩,朱逸煊",2021Q4,1630100.0,388400.0,262100.0,158500.0,0.27,9.7,7.2,10.9,6.3,跑赢行业,,3.43
600863.SH,内蒙华电,20200227,内蒙华电：盈利、分红双增长的强现金区域电力龙头,一般,首次评级,中金,"刘俊,刘佳妮,王嵩,朱逸煊",2020Q4,1584000.0,350600.0,226300.0,135000.0,0.23,11.4,6.2,9.7,7.0,跑赢行业,,3.43
600863.SH,内蒙华电,20200227,内蒙华电：盈利、分红双增长的强现金区域电力龙头,一般,首次评级,中金,"刘俊,刘佳妮,王嵩,朱逸煊",2019Q4,1450600.0,315400.0,196700.0,115800.0,0.2,13.2,5.3,8.6,7.6,跑赢行业,,3.43
300285.SZ,国瓷材料,20200227,国瓷材料：扣非增21%，非经常损益影响增速,点评,一般报告,华泰证券,"刘曦,庄汀洲",2021Q4,289600.0,,85610.0,72367.0,0.75,34.26,,15.51,27.81,增持,33.28,30.72
300285.SZ,国瓷材料,20200227,国瓷材料：扣非增21%，非经常损益影响增速,点评,一般报告,华泰证券,"刘曦,庄汀洲",2020Q4,261500.0,,74529.0,61744.0,0.64,40.16,,14.91,31.41,增持,33.28,30.72
002126.SZ,银轮股份,20200227,银轮股份：热管理订单持续增加、有望受益于全球化和国六排放标准,点评,一般报告,平安证券,"王德安,曹群海",2021Q4,699700.0,,62000.0,47600.0,0.6,19.0,,9.8,10.6,推荐,,
002126.SZ,银轮股份,20200227,银轮股份：热管理订单持续增加、有望受益于全球化和国六排放标准,点评,一般报告,平安证券,"王德安,曹群海",2020Q4,604100.0,,51400.0,39700.0,0.5,22.7,,8.9,12.9,推荐,,
002677.SZ,浙江美大,20200227,浙江美大：集成灶龙头全年靓丽，KA、线上多渠道发力,点评,一般报告,中信建投,"陈伟奇,花小伟",2021Q4,243300.0,,,67800.0,,12.05,,,,买入,,
603713.SH,密尔克卫,20200227,密尔克卫：危化品监管再度收紧！长期利好龙头密尔克卫,点评,一般报告,天风证券,"姜明,黄盈",2020Q4,324742.0,,34190.0,26062.0,1.68,28.8,,15.81,19.76,买入,,
603713.SH,密尔克卫,20200227,密尔克卫：危化品监管再度收紧！长期利好龙头密尔克卫,点评,一般报告,天风证券,"姜明,黄盈",2019Q4,252469.0,,25660.0,18692.0,1.23,39.56,,13.32,26.06,买入,,
300750.SZ,宁德时代,20200227,宁德时代：拟定增200亿，助力扩产、储能等新技术开发,点评,一般报告,国金证券,"柴明,姚遥",2021Q4,6930000.0,1774100.0,927400.0,676100.0,3.062,49.93,,12.27,,买入,,
300750.SZ,宁德时代,20200227,宁德时代：拟定增200亿，助力扩产、储能等新技术开发,点评,一般报告,国金证券,"柴明,姚遥",2020Q4,5720100.0,1498700.0,748800.0,575700.0,2.607,58.64,,11.8,,买入,,
300750.SZ,宁德时代,20200227,宁德时代：拟定增200亿，助力扩产、储能等新技术开发,点评,一般报告,国金证券,"柴明,姚遥",2019Q4,4115700.0,1214100.0,586000.0,451300.0,2.044,74.79,,10.4,,买入,,
300696.SZ,爱乐达,20200227,爱乐达：2019年Q4业绩提升明显，直接受益新机型放量,点评,首次关注,安信证券,冯福章,2021Q4,36490.0,,20900.0,17970.0,1.508,23.7,1.1,17.5,18.3,买入,,41.86
300696.SZ,爱乐达,20200227,爱乐达：2019年Q4业绩提升明显，直接受益新机型放量,点评,首次关注,安信证券,冯福章,2020Q4,26010.0,,13990.0,12030.0,1.009,35.5,0.7,13.5,26.8,买入,,41.86
300696.SZ,爱乐达,20200227,爱乐达：2019年Q4业绩提升明显，直接受益新机型放量,点评,首次关注,安信证券,冯福章,2019Q4,17420.0,,8920.0,7670.0,0.643,55.6,0.3,9.5,38.7,买入,,41.86
002126.SZ,银轮股份,20200227,银轮股份：热管理订单持续增加、有望受益于全球化和国六排放标准,点评,一般报告,平安证券,"王德安,曹群海",2019Q4,537000.0,,41400.0,32000.0,0.4,28.2,,7.8,14.9,推荐,,
002677.SZ,浙江美大,20200227,浙江美大：集成灶龙头全年靓丽，KA、线上多渠道发力,点评,一般报告,中信建投,"陈伟奇,花小伟",2020Q4,202800.0,,,55400.0,,14.46,,,,买入,,
002409.SZ,雅克科技,20200227,雅克科技：外延布局彩色光刻胶，电子化学品布局进一步完善,点评,一般报告,中信建投,"郑勇,胡世超",2021Q4,336076.0,,,42103.0,0.91,45.24,,8.12,28.84,增持,,
002409.SZ,雅克科技,20200227,雅克科技：外延布局彩色光刻胶，电子化学品布局进一步完善,点评,一般报告,中信建投,"郑勇,胡世超",2019Q4,236177.0,,,25893.0,0.559,73.56,,5.84,43.58,增持,,
601233.SH,桐昆股份,20200227,桐昆股份公开发行可转债点评：公司二期可转债发行，转股价大幅提升,点评,一般报告,中信证券,"黄莉莉,王佩坚",2020Q4,4893600.0,,413300.0,320200.0,1.73,8.0,,14.8,,买入,,21.0
601233.SH,桐昆股份,20200227,桐昆股份公开发行可转债点评：公司二期可转债发行，转股价大幅提升,点评,一般报告,中信证券,"黄莉莉,王佩坚",2019Q4,4907600.0,,366100.0,286500.0,1.55,9.0,,15.31,,买入,,21.0
300450.SZ,先导智能,20200227,先导智能：大客户持续扩产，享受全球化电动红利,点评,一般报告,招商证券,"诸凯,吴丹,刘荣,时文博,陈铭",2020Q4,591100.0,,140500.0,122300.0,1.39,39.5,,24.3,17.7,强烈推荐,,
300285.SZ,国瓷材料,20200227,国瓷材料：扣非增21%，非经常损益影响增速,点评,一般报告,华泰证券,"刘曦,庄汀洲",2019Q4,215300.0,,62530.0,50085.0,0.52,49.51,,13.71,36.65,增持,33.28,30.72
002409.SZ,雅克科技,20200227,雅克科技：外延布局彩色光刻胶，电子化学品布局进一步完善,点评,一般报告,中信建投,"郑勇,胡世超",2020Q4,281930.0,,,33153.0,0.716,57.45,,6.96,35.52,增持,,
601233.SH,桐昆股份,20200227,桐昆股份公开发行可转债点评：公司二期可转债发行，转股价大幅提升,点评,一般报告,中信证券,"黄莉莉,王佩坚",2021Q4,5493500.0,,461600.0,356600.0,1.93,7.0,,14.33,,买入,,21.0
300450.SZ,先导智能,20200227,先导智能：大客户持续扩产，享受全球化电动红利,点评,一般报告,招商证券,"诸凯,吴丹,刘荣,时文博,陈铭",2021Q4,742000.0,,183600.0,159800.0,1.81,30.2,,25.5,13.8,强烈推荐,,
300450.SZ,先导智能,20200227,先导智能：大客户持续扩产，享受全球化电动红利,点评,一般报告,招商证券,"诸凯,吴丹,刘荣,时文博,陈铭",2019Q4,451800.0,,100700.0,87700.0,0.99,55.0,,21.5,23.9,强烈推荐,,
002032.SZ,苏泊尔,20200227,苏泊尔：Q4业绩维持稳健，龙头继续穿越周期,点评,一般报告,中信建投,"陈伟奇,花小伟",2020Q4,2190400.0,,,213600.0,,29.16,,,,买入,,
002032.SZ,苏泊尔,20200227,苏泊尔：Q4业绩维持稳健，龙头继续穿越周期,点评,一般报告,中信建投,"陈伟奇,花小伟",2019Q4,1985300.0,,,192000.0,,,,,,买入,,
300750.SZ,宁德时代,20200227,宁德时代：鲲鹏展翅，定增加码锂电版图,一般,一般报告,东吴证券,"曾朵红,阮巧燕",2021Q4,7480000.0,,962400.0,762000.0,3.45,44.3,,16.0,33.0,买入,,190.0
300750.SZ,宁德时代,20200227,宁德时代：鲲鹏展翅，定增加码锂电版图,一般,一般报告,东吴证券,"曾朵红,阮巧燕",2020Q4,5546600.0,,729500.0,580700.0,2.63,58.13,,13.8,43.0,买入,,190.0
300750.SZ,宁德时代,20200227,宁德时代：鲲鹏展翅，定增加码锂电版图,一般,一般报告,东吴证券,"曾朵红,阮巧燕",2019Q4,4311300.0,,573200.0,461400.0,2.09,73.16,,12.2,54.0,买入,,190.0
603713.SH,密尔克卫,20200227,密尔克卫：危化品监管再度收紧！长期利好龙头密尔克卫,点评,一般报告,天风证券,"姜明,黄盈",2021Q4,418151.0,,49659.0,36858.0,2.38,20.36,,18.57,13.98,买入,,
601138.SH,工业富联,20200227,工业富联公司研究报告：全球领先的电子设备制造商，工业互联网转型升级,一般,首次关注,海通证券,"陈平,朱劲松,蒋俊,张弋",2021Q4,62770446.0,4998738.0,2851400.0,2381100.0,1.2,15.23,0.0,18.9,8.23,优于大市,,
601138.SH,工业富联,20200227,工业富联公司研究报告：全球领先的电子设备制造商，工业互联网转型升级,一般,首次关注,海通证券,"陈平,朱劲松,蒋俊,张弋",2020Q4,52680885.0,4271083.0,2475700.0,2069000.0,1.04,17.53,0.0,19.5,10.24,优于大市,,
601138.SH,工业富联,20200227,工业富联公司研究报告：全球领先的电子设备制造商，工业互联网转型升级,一般,首次关注,海通证券,"陈平,朱劲松,蒋俊,张弋",2019Q4,44312595.0,3657223.0,2150900.0,1793300.0,0.9,20.23,0.0,20.3,12.45,优于大市,,
300738.SZ,奥飞数据,20200227,奥飞数据：投资紫晶存储科创板上市，预期投资收益可观,点评,一般报告,中信建投,"阎贵成,武超则",2021Q4,,,,24000.0,,23.0,,,,买入,,
300738.SZ,奥飞数据,20200227,奥飞数据：投资紫晶存储科创板上市，预期投资收益可观,点评,一般报告,中信建投,"阎贵成,武超则",2020Q4,,,,23600.0,,24.0,,,,买入,,
300285.SZ,国瓷材料,20200227,国瓷材料：业绩符合预期，扣非稳健增长，Q4环比增幅明显,点评,一般报告,中信建投,"郑勇,胡世超",2021Q4,291480.0,,,70282.0,0.73,35.28,,13.93,16.58,买入,,
300285.SZ,国瓷材料,20200227,国瓷材料：业绩符合预期，扣非稳健增长，Q4环比增幅明显,点评,一般报告,中信建投,"郑勇,胡世超",2020Q4,248392.0,,,62503.0,0.649,39.67,,14.39,19.04,买入,,
300230.SZ,永利股份,20200227,永利股份：高端模塑供应商，特斯拉、苹果一个都不能少,深度,首次关注,财通证券,彭勇,2021Q4,467300.0,,47600.0,38300.0,0.47,15.1,3.1,10.7,6.9,买入,,
300230.SZ,永利股份,20200227,永利股份：高端模塑供应商，特斯拉、苹果一个都不能少,深度,首次关注,财通证券,彭勇,2020Q4,369100.0,,37000.0,29800.0,0.36,19.5,2.1,8.8,9.6,买入,,
300230.SZ,永利股份,20200227,永利股份：高端模塑供应商，特斯拉、苹果一个都不能少,深度,首次关注,财通证券,彭勇,2019Q4,332500.0,,31000.0,25100.0,0.31,23.1,2.2,7.9,10.3,买入,,
002832.SZ,比音勒芬,20200227,比音勒芬2019年业绩快报点评：业绩符合预期，多管齐下推动收入增长,点评,一般报告,光大证券,"李婕,汲肖飞",2021Q4,274600.0,,78500.0,66800.0,2.17,11.0,2.8,23.34,8.8,买入,,
002832.SZ,比音勒芬,20200227,比音勒芬2019年业绩快报点评：业绩符合预期，多管齐下推动收入增长,点评,一般报告,光大证券,"李婕,汲肖飞",2019Q4,182600.0,,48200.0,40900.0,1.33,18.0,1.7,21.02,14.3,买入,,
002707.SZ,众信旅游,20200227,众信旅游：与中免集团共同打造一流旅游零售项目，商业模式将优化,点评,一般报告,中金,"何伟,褚君",2021Q4,,,37600.0,26400.0,0.3,19.1,0.8,9.8,9.9,中性,,6.6
002707.SZ,众信旅游,20200227,众信旅游：与中免集团共同打造一流旅游零售项目，商业模式将优化,点评,一般报告,中金,"何伟,褚君",2020Q4,,,22900.0,16100.0,0.18,31.3,0.5,6.5,14.4,中性,,6.6
002707.SZ,众信旅游,20200227,众信旅游：与中免集团共同打造一流旅游零售项目，商业模式将优化,点评,一般报告,中金,"何伟,褚君",2019Q4,,,15600.0,11000.0,0.1251,45.8,0.3,4.7,19.4,中性,,6.6
002468.SZ,申通快递,20200227,申通快递2019年业绩快报点评：加大市场政策力度推动业务量提速但致利润受影响，预计扣非净利下降20％左右，看好公司后续改善空间,点评,一般报告,华创证券,"吴一凡,刘阳,王凯",2021Q4,3586300.0,,259500.0,204600.0,1.34,15.0,,16.6,5.0,推荐,,25.0
002468.SZ,申通快递,20200227,申通快递2019年业绩快报点评：加大市场政策力度推动业务量提速但致利润受影响，预计扣非净利下降20％左右，看好公司后续改善空间,点评,一般报告,华创证券,"吴一凡,刘阳,王凯",2020Q4,2976900.0,,215000.0,169500.0,1.11,18.2,,15.8,6.0,推荐,,25.0
002468.SZ,申通快递,20200227,申通快递2019年业绩快报点评：加大市场政策力度推动业务量提速但致利润受影响，预计扣非净利下降20％左右，看好公司后续改善空间,点评,一般报告,华创证券,"吴一凡,刘阳,王凯",2019Q4,2307000.0,,181800.0,143300.0,0.94,21.5,,15.2,7.0,推荐,,25.0
002182.SZ,云海金属,20200227,云海金属：预计Q4扣非归母净利1.45亿元，同比增长123％,点评,一般报告,中信建投,"赵鑫,李木森",2021Q4,707150.0,,,54600.0,0.84,13.9,,16.3,9.7,买入,,
002182.SZ,云海金属,20200227,云海金属：预计Q4扣非归母净利1.45亿元，同比增长123％,点评,一般报告,中信建投,"赵鑫,李木森",2020Q4,624290.0,,,45940.0,0.71,16.5,,15.8,12.0,买入,,
002182.SZ,云海金属,20200227,云海金属：预计Q4扣非归母净利1.45亿元，同比增长123％,点评,一般报告,中信建投,"赵鑫,李木森",2019Q4,558560.0,,,88810.0,1.37,8.5,,35.0,13.7,买入,,
002050.SZ,三花智控,20200227,三花智控：Q4业绩超预期，产品结构持续优化,点评,一般报告,申万宏源证券,"刘正,周海晨,史晋星,梁姝雯",2021Q4,1566400.0,472300.0,251900.0,210300.0,0.76,27.0,,15.1,,增持,,
002050.SZ,三花智控,20200227,三花智控：Q4业绩超预期，产品结构持续优化,点评,一般报告,申万宏源证券,"刘正,周海晨,史晋星,梁姝雯",2020Q4,1348300.0,402000.0,209900.0,175200.0,0.63,33.0,,14.8,,增持,,
002050.SZ,三花智控,20200227,三花智控：Q4业绩超预期，产品结构持续优化,点评,一般报告,申万宏源证券,"刘正,周海晨,史晋星,梁姝雯",2019Q4,1168500.0,341500.0,174800.0,145900.0,0.53,39.0,,14.5,,增持,,
603866.SH,桃李面包,20200227,桃李面包：高景气赛道领跑者,一般,一般报告,中金,"吕若晨,王亦沁",2020Q4,640900.0,,99400.0,76300.0,1.16,37.3,2.0,20.3,23.4,跑赢行业,,52.0
603866.SH,桃李面包,20200227,桃李面包：高景气赛道领跑者,一般,一般报告,中金,"吕若晨,王亦沁",2019Q4,564300.0,,88800.0,68300.0,1.04,41.7,1.8,19.4,26.2,跑赢行业,,52.0
300114.SZ,中航电测,20200227,中航电测：业绩符合预期，航空军品及称重物联双轮驱动未来增长,点评,一般报告,东方证券,"王天一,罗楠,冯函",2021Q4,200000.0,,35200.0,31000.0,0.53,23.0,,15.6,18.0,增持,,13.33
603866.SH,桃李面包,20200227,桃李面包：高景气赛道领跑者,一般,一般报告,中金,"吕若晨,王亦沁",2021Q4,737100.0,,112900.0,86800.0,1.32,32.8,2.2,21.4,20.5,跑赢行业,,52.0
300114.SZ,中航电测,20200227,中航电测：业绩符合预期，航空军品及称重物联双轮驱动未来增长,点评,一般报告,东方证券,"王天一,罗楠,冯函",2020Q4,174700.0,,29100.0,25600.0,0.43,27.8,,14.7,21.3,增持,,13.33
002032.SZ,苏泊尔,20200227,苏泊尔：Q4业绩维持稳健，龙头继续穿越周期,点评,一般报告,中信建投,"陈伟奇,花小伟",2021Q4,2410100.0,,,237000.0,,26.27,,,,买入,,
300285.SZ,国瓷材料,20200227,国瓷材料：业绩符合预期，扣非稳健增长，Q4环比增幅明显,点评,一般报告,中信建投,"郑勇,胡世超",2019Q4,214820.0,,,50115.0,0.52,49.48,,13.48,23.7,买入,,
002832.SZ,比音勒芬,20200227,比音勒芬2019年业绩快报点评：业绩符合预期，多管齐下推动收入增长,点评,一般报告,光大证券,"李婕,汲肖飞",2020Q4,224900.0,,62000.0,52700.0,1.71,14.0,2.2,22.4,11.2,买入,,
300114.SZ,中航电测,20200227,中航电测：业绩符合预期，航空军品及称重物联双轮驱动未来增长,点评,一般报告,东方证券,"王天一,罗楠,冯函",2019Q4,154600.0,,24200.0,21200.0,0.36,33.6,,13.7,25.4,增持,,13.33
688021.SH,奥福环保,20200227,奥福环保：业绩符合预期，受益于国六政策不断推进,,首次关注,安信证券,"邵琳琳,张汪强,汪磊",2021Q4,41300.0,,13770.0,12100.0,1.57,28.2,1.2,25.4,20.4,买入,,50.0
688021.SH,奥福环保,20200227,奥福环保：业绩符合预期，受益于国六政策不断推进,,首次关注,安信证券,"邵琳琳,张汪强,汪磊",2020Q4,34020.0,,8570.0,7530.0,0.97,45.3,1.1,19.0,31.1,买入,,50.0
688021.SH,奥福环保,20200227,奥福环保：业绩符合预期，受益于国六政策不断推进,,首次关注,安信证券,"邵琳琳,张汪强,汪磊",2019Q4,26810.0,,5850.0,5150.0,0.67,66.2,1.0,14.3,48.9,买入,,50.0
300750.SZ,宁德时代,20200227,宁德时代：拟增发200亿元，锂电龙头产能扩张全面加速,一般,一般报告,中金,"曾韬,赵宇辰,刘俊",2021Q4,7281200.0,,1004100.0,783800.0,3.55,43.1,0.2,16.9,21.8,跑赢行业,,180.0
300750.SZ,宁德时代,20200227,宁德时代：拟增发200亿元，锂电龙头产能扩张全面加速,一般,一般报告,中金,"曾韬,赵宇辰,刘俊",2019Q4,4050100.0,,583800.0,454900.0,2.06,74.2,0.1,13.0,34.3,跑赢行业,,180.0
300144.SZ,宋城演艺,20200227,宋城演艺：业绩符合预期，疫情期间线上直播受益,点评,一般报告,中金,"何伟,褚君",2021Q4,325400.0,,200900.0,164700.0,1.13,24.8,0.5,14.4,15.2,跑赢行业,,32.0
300144.SZ,宋城演艺,20200227,宋城演艺：业绩符合预期，疫情期间线上直播受益,点评,一般报告,中金,"何伟,褚君",2020Q4,242500.0,,153600.0,125900.0,0.87,32.5,0.4,12.4,19.9,跑赢行业,,32.0
300144.SZ,宋城演艺,20200227,宋城演艺：业绩符合预期，疫情期间线上直播受益,点评,一般报告,中金,"何伟,褚君",2019Q4,261500.0,,163700.0,134200.0,0.92,30.5,0.4,14.8,19.3,跑赢行业,,32.0
002182.SZ,云海金属,20200227,云海金属业绩快报点评：主营稳健＋拆迁补偿到位，业绩略超预期,点评,一般报告,民生证券,方驭涛,2021Q4,664800.0,,69800.0,61100.0,0.95,12.4,0.9,16.8,7.4,推荐,,
002182.SZ,云海金属,20200227,云海金属业绩快报点评：主营稳健＋拆迁补偿到位，业绩略超预期,点评,一般报告,民生证券,方驭涛,2019Q4,558600.0,,101500.0,88800.0,1.37,8.5,0.9,33.5,9.9,推荐,,
002032.SZ,苏泊尔,20200227,苏泊尔2019年业绩快报点评：公司龙头优势依旧，业绩表现略超预期,点评,一般报告,华创证券,龚源月,2021Q4,2518300.0,,289200.0,244200.0,2.97,25.0,,26.5,23.0,强推,,83.0
002032.SZ,苏泊尔,20200227,苏泊尔2019年业绩快报点评：公司龙头优势依旧，业绩表现略超预期,点评,一般报告,华创证券,龚源月,2020Q4,2189200.0,,251100.0,212100.0,2.58,29.0,,26.8,26.0,强推,,83.0
002032.SZ,苏泊尔,20200227,苏泊尔2019年业绩快报点评：公司龙头优势依旧，业绩表现略超预期,点评,一般报告,华创证券,龚源月,2019Q4,1985300.0,,227300.0,192000.0,2.34,32.0,,28.2,28.0,强推,,83.0
300750.SZ,宁德时代,20200227,宁德时代：拟增发200亿元，锂电龙头产能扩张全面加速,一般,一般报告,中金,"曾韬,赵宇辰,刘俊",2020Q4,5242200.0,,770900.0,600100.0,2.72,56.2,0.2,15.0,27.4,跑赢行业,,180.0
002182.SZ,云海金属,20200227,云海金属业绩快报点评：主营稳健＋拆迁补偿到位，业绩略超预期,点评,一般报告,民生证券,方驭涛,2020Q4,609300.0,,58700.0,51400.0,0.8,14.7,0.9,16.6,8.9,推荐,,
002013.SZ,中航机电,20200227,中航机电2019年业绩快报点评：聚焦主业效果初现，航空机电龙头长期发展向好,点评,一般报告,中信证券,"李建伟,陈卓",2021Q4,1617440.0,,167500.0,130998.0,0.36,21.0,,10.69,,买入,,9.5
002013.SZ,中航机电,20200227,中航机电2019年业绩快报点评：聚焦主业效果初现，航空机电龙头长期发展向好,点评,一般报告,中信证券,"李建伟,陈卓",2020Q4,1407022.0,,143600.0,112285.0,0.31,25.0,,10.14,,买入,,9.5
002013.SZ,中航机电,20200227,中航机电2019年业绩快报点评：聚焦主业效果初现，航空机电龙头长期发展向好,点评,一般报告,中信证券,"李建伟,陈卓",2019Q4,1220928.0,,123800.0,96485.0,0.27,29.0,,9.6,,买入,,9.5
300685.SZ,艾德生物,20200227,艾德生物：2019年保持高速增长态势，产品丰富度进一步提升,点评,一般报告,天风证券,"郑薇,李扬",2021Q4,98726.0,,33251.0,29704.0,2.02,36.29,,22.3,30.29,买入,,78.97
300685.SZ,艾德生物,20200227,艾德生物：2019年保持高速增长态势，产品丰富度进一步提升,点评,一般报告,天风证券,"郑薇,李扬",2020Q4,75820.0,,24671.0,22019.0,1.5,48.96,,20.25,41.04,买入,,78.97
300685.SZ,艾德生物,20200227,艾德生物：2019年保持高速增长态势，产品丰富度进一步提升,点评,一般报告,天风证券,"郑薇,李扬",2019Q4,57834.0,,19090.0,17129.0,1.16,62.93,,18.87,53.07,买入,,78.97
002409.SZ,雅克科技,20200227,雅克科技：拟收购LG化学彩色光刻胶业务，新产品、新客户、新布局，一箭三雕,点评,首份报告,方正证券,"刘万鹏,李永磊",2021Q4,279000.0,,51572.0,43228.0,0.93,24.84,,8.3,18.1,推荐,,
002409.SZ,雅克科技,20200227,雅克科技：拟收购LG化学彩色光刻胶业务，新产品、新客户、新布局，一箭三雕,点评,首份报告,方正证券,"刘万鹏,李永磊",2020Q4,235000.0,,39686.0,33920.0,0.73,31.66,,7.1,24.45,推荐,,
002409.SZ,雅克科技,20200227,雅克科技：拟收购LG化学彩色光刻胶业务，新产品、新客户、新布局，一箭三雕,点评,首份报告,方正证券,"刘万鹏,李永磊",2019Q4,190000.0,,29695.0,25591.0,0.55,41.96,,5.8,33.07,推荐,,
688023.SH,安恒信息,20200227,安恒信息投资价值分析报告：飞驰的新兴安全黑马,,首次关注,中信证券,"杨泽原,刘雯蜀,潘儒琛",2021Q4,185185.0,,17300.0,17072.0,2.3,100.0,,9.94,,增持,,
688023.SH,安恒信息,20200227,安恒信息投资价值分析报告：飞驰的新兴安全黑马,,首次关注,中信证券,"杨泽原,刘雯蜀,潘儒琛",2019Q4,94518.0,,9200.0,9359.0,1.26,183.0,,9.09,,增持,,
600418.SH,江淮汽车,20200227,江淮汽车：蔚来拟落户合肥，或带来更多合作可能,点评,一般报告,中金,"任丹霖,王雷",2021Q4,,679900.0,55700.0,50100.0,0.26,22.3,1.3,3.7,3.7,中性,,6.5
688023.SH,安恒信息,20200227,安恒信息投资价值分析报告：飞驰的新兴安全黑马,,首次关注,中信证券,"杨泽原,刘雯蜀,潘儒琛",2020Q4,137211.0,,12400.0,12631.0,1.71,136.0,,7.89,,增持,,
300296.SZ,利亚德,20200227,利亚德：Mini/MicroLED时代逐步到来，利亚德有望再次领跑,点评,一般报告,中金,"胡誉镜,黄乐平,刘莹莹",2021Q4,1360800.0,454400.0,199800.0,170400.0,0.67,12.3,1.8,16.9,8.9,跑赢行业,,11.0
300296.SZ,利亚德,20200227,利亚德：Mini/MicroLED时代逐步到来，利亚德有望再次领跑,点评,一般报告,中金,"胡誉镜,黄乐平,刘莹莹",2020Q4,1105800.0,367900.0,157200.0,134100.0,0.53,15.6,1.4,15.2,11.2,跑赢行业,,11.0
300296.SZ,利亚德,20200227,利亚德：Mini/MicroLED时代逐步到来，利亚德有望再次领跑,点评,一般报告,中金,"胡誉镜,黄乐平,刘莹莹",2019Q4,903300.0,300300.0,87500.0,74600.0,0.29,28.1,0.8,9.3,18.7,跑赢行业,,11.0
002048.SZ,宁波华翔,20200227,宁波华翔：4Q19业绩快报超预期；热成型产品进入收获期,点评,一般报告,中金,"李凌云,王雷",2021Q4,1904800.0,404400.0,184900.0,123600.0,1.97,11.0,0.7,11.6,4.7,跑赢行业,,27.3
002048.SZ,宁波华翔,20200227,宁波华翔：4Q19业绩快报超预期；热成型产品进入收获期,点评,一般报告,中金,"李凌云,王雷",2020Q4,1815300.0,382900.0,172600.0,114200.0,1.82,11.9,0.7,12.0,5.5,跑赢行业,,27.3
002048.SZ,宁波华翔,20200227,宁波华翔：4Q19业绩快报超预期；热成型产品进入收获期,点评,一般报告,中金,"李凌云,王雷",2019Q4,1731500.0,354300.0,154600.0,98500.0,1.57,13.8,0.7,11.5,6.3,跑赢行业,,27.3
002032.SZ,苏泊尔,20200227,苏泊尔：收入利润稳步提升，龙头地位难以撼动,点评,一般报告,天风证券,"蔡雯娟,卢璐",2020Q4,2246095.0,,264679.0,223508.0,2.72,27.86,,28.79,21.69,买入,,
002032.SZ,苏泊尔,20200227,苏泊尔：收入利润稳步提升，龙头地位难以撼动,点评,一般报告,天风证券,"蔡雯娟,卢璐",2019Q4,1985486.0,,227348.0,191984.0,2.34,32.43,,28.19,25.51,买入,,
300144.SZ,宋城演艺,20200227,宋城演艺：业绩快报符合预期，关注疫情后经营反弹,点评,一般报告,招商证券,"梅林,李秀敏",2021Q4,301100.0,,203800.0,168900.0,1.16,24.2,,13.5,17.7,强烈推荐,,35.0
300144.SZ,宋城演艺,20200227,宋城演艺：业绩快报符合预期，关注疫情后经营反弹,点评,一般报告,招商证券,"梅林,李秀敏",2020Q4,245100.0,,140700.0,117100.0,0.81,35.0,,10.3,25.0,强烈推荐,,35.0
002468.SZ,申通快递,20200227,申通快递：快报低于预期，关注减税降费,点评,一般报告,华泰证券,"沈晓峰,袁钉",2021Q4,3591300.0,,324000.0,243400.0,1.59,12.65,,19.98,8.46,增持,22.65,21.39
002468.SZ,申通快递,20200227,申通快递：快报低于预期，关注减税降费,点评,一般报告,华泰证券,"沈晓峰,袁钉",2020Q4,2933900.0,,256100.0,192600.0,1.26,15.98,,18.31,10.46,增持,22.65,21.39
300144.SZ,宋城演艺,20200227,宋城演艺：业绩快报符合预期，关注疫情后经营反弹,点评,一般报告,招商证券,"梅林,李秀敏",2019Q4,261500.0,,162500.0,134200.0,0.92,30.5,,13.2,21.9,强烈推荐,,35.0
002468.SZ,申通快递,20200227,申通快递：快报低于预期，关注减税降费,点评,一般报告,华泰证券,"沈晓峰,袁钉",2019Q4,2306700.0,,180700.0,142400.0,0.93,21.61,,15.55,14.52,增持,22.65,21.39
300763.SZ,锦浪科技,20200227,锦浪科技：出口增长加速，单季利润新高,点评,一般报告,东吴证券,"曾朵红,曹越",2021Q4,279500.0,,40900.0,35100.0,4.39,16.53,,22.3,11.74,买入,,93.9
300763.SZ,锦浪科技,20200227,锦浪科技：出口增长加速，单季利润新高,点评,一般报告,东吴证券,"曾朵红,曹越",2020Q4,202300.0,,29300.0,25000.0,3.12,23.22,,20.1,17.62,买入,,93.9
300763.SZ,锦浪科技,20200227,锦浪科技：出口增长加速，单季利润新高,点评,一般报告,东吴证券,"曾朵红,曹越",2019Q4,112300.0,,14700.0,12500.0,1.57,46.25,,12.5,36.21,买入,,93.9
300750.SZ,宁德时代,20200227,宁德时代重大事项点评：拟非公开发行200亿，全球龙头地位继续加强,点评,一般报告,中信证券,"宋韶灵,陈俊斌",2020Q4,5320000.0,,,588000.0,2.67,57.0,,13.7,,买入,,
300750.SZ,宁德时代,20200227,宁德时代重大事项点评：拟非公开发行200亿，全球龙头地位继续加强,点评,一般报告,中信证券,"宋韶灵,陈俊斌",2019Q4,4210000.0,,,449000.0,2.04,75.0,,12.0,,买入,,
002714.SZ,牧原股份,20200227,牧原股份2019年年报点评：拐点确认，高速成长可期,点评,一般报告,中信证券,"盛夏,熊承慧",2022Q4,9200000.0,,1642300.0,1625869.0,7.37,16.0,,14.37,,买入,,158.0
002241.SZ,歌尔股份,20200227,歌尔股份：业绩快报符合预期，成品业务将迎来全面爆发,点评,一般报告,中金,"胡誉镜,黄乐平,刘莹莹",2021Q4,8311900.0,1403600.0,447100.0,380100.0,1.17,21.3,1.8,19.4,12.3,跑赢行业,,32.0
002241.SZ,歌尔股份,20200227,歌尔股份：业绩快报符合预期，成品业务将迎来全面爆发,点评,一般报告,中金,"胡誉镜,黄乐平,刘莹莹",2020Q4,5732800.0,970500.0,295200.0,251000.0,0.77,32.2,1.2,14.6,16.3,跑赢行业,,32.0
002714.SZ,牧原股份,20200227,牧原股份2019年年报点评：拐点确认，高速成长可期,点评,一般报告,中信证券,"盛夏,熊承慧",2020Q4,6949680.0,,4384300.0,4340486.0,19.69,6.0,,66.47,,买入,,158.0
002241.SZ,歌尔股份,20200227,歌尔股份：业绩快报符合预期，成品业务将迎来全面爆发,点评,一般报告,中金,"胡誉镜,黄乐平,刘莹莹",2019Q4,3485800.0,578700.0,153100.0,130200.0,0.4,62.1,0.6,8.3,23.4,跑赢行业,,32.0
300750.SZ,宁德时代,20200227,宁德时代重大事项点评：拟非公开发行200亿，全球龙头地位继续加强,点评,一般报告,中信证券,"宋韶灵,陈俊斌",2021Q4,6810000.0,,,733000.0,3.32,46.0,,14.7,,买入,,
600418.SH,江淮汽车,20200227,江淮汽车：蔚来拟落户合肥，或带来更多合作可能,点评,一般报告,中金,"任丹霖,王雷",2020Q4,,662500.0,52900.0,47500.0,0.25,23.5,1.3,3.6,3.8,中性,,6.5
600418.SH,江淮汽车,20200227,江淮汽车：蔚来拟落户合肥，或带来更多合作可能,点评,一般报告,中金,"任丹霖,王雷",2019Q4,,559200.0,13300.0,10000.0,0.0528,111.9,0.3,0.8,6.0,中性,,6.5
002032.SZ,苏泊尔,20200227,苏泊尔：收入利润稳步提升，龙头地位难以撼动,点评,一般报告,天风证券,"蔡雯娟,卢璐",2021Q4,2519575.0,,304968.0,257530.0,3.14,24.18,,29.42,18.74,买入,,
002714.SZ,牧原股份,20200227,牧原股份2019年年报点评：拐点确认，高速成长可期,点评,一般报告,中信证券,"盛夏,熊承慧",2021Q4,9798400.0,,5444300.0,5378998.0,24.4,5.0,,49.61,,买入,,158.0
002013.SZ,中航机电,20200227,中航机电2019年业绩快报点评：全年业绩稳定增长，看好公司长期发展,点评,一般报告,民生证券,王一川,2020Q4,1343900.0,,145500.0,109700.0,0.3,25.6,0.0,9.7,10.1,推荐,,
002013.SZ,中航机电,20200227,中航机电2019年业绩快报点评：全年业绩稳定增长，看好公司长期发展,点评,一般报告,民生证券,王一川,2019Q4,1220900.0,,126200.0,96500.0,0.27,29.1,0.0,9.5,11.8,推荐,,
601360.SH,三六零,20200227,三六零：牵手统信软件，安全大脑赋能国产操作系统,点评,一般报告,安信证券,"胡又文,徐文杰",2021Q4,1793720.0,,608950.0,516630.0,0.76,34.6,0.3,14.3,27.6,买入,,
601360.SH,三六零,20200227,三六零：牵手统信软件，安全大脑赋能国产操作系统,点评,一般报告,安信证券,"胡又文,徐文杰",2020Q4,1559760.0,,500230.0,424390.0,0.63,42.2,0.2,13.5,32.9,买入,,
601360.SH,三六零,20200227,三六零：牵手统信软件，安全大脑赋能国产操作系统,点评,一般报告,安信证券,"胡又文,徐文杰",2019Q4,1417960.0,,742240.0,629720.0,0.93,28.4,0.4,22.9,21.9,买入,,
002032.SZ,苏泊尔,20200227,苏泊尔2019年业绩快报点评：经营稳健，符合预期,点评,一般报告,中信证券,"汪浩,陈俊斌",2021Q4,2591908.0,,308800.0,257144.0,3.13,24.0,,26.14,,买入,,
002032.SZ,苏泊尔,20200227,苏泊尔2019年业绩快报点评：经营稳健，符合预期,点评,一般报告,中信证券,"汪浩,陈俊斌",2020Q4,2260486.0,,268100.0,223445.0,2.72,28.0,,26.84,,买入,,
002032.SZ,苏泊尔,20200227,苏泊尔2019年业绩快报点评：经营稳健，符合预期,点评,一般报告,中信证券,"汪浩,陈俊斌",2019Q4,1984219.0,,233800.0,192149.0,2.34,32.0,,27.49,,买入,,
002013.SZ,中航机电,20200227,中航机电2019年业绩快报点评：全年业绩稳定增长，看好公司长期发展,点评,一般报告,民生证券,王一川,2021Q4,1507500.0,,169100.0,128200.0,0.36,21.9,0.0,10.2,8.7,推荐,,
300685.SZ,艾德生物,20200227,艾德生物：快报增长符合预期，看好国产伴随诊断龙头,点评,一般报告,国金证券,袁维,2021Q4,99400.0,88300.0,30300.0,27000.0,1.831,36.49,,20.41,,增持,,
300685.SZ,艾德生物,20200227,艾德生物：快报增长符合预期，看好国产伴随诊断龙头,点评,一般报告,国金证券,袁维,2020Q4,76200.0,68100.0,21900.0,19500.0,1.327,50.37,,18.08,,增持,,
300685.SZ,艾德生物,20200227,艾德生物：快报增长符合预期，看好国产伴随诊断龙头,点评,一般报告,国金证券,袁维,2019Q4,57900.0,52000.0,15300.0,13600.0,0.922,72.46,,14.86,,增持,,
300422.SZ,博世科,20200227,"博世科：现金流明显好转,业务结构持续优化",点评,一般报告,华泰证券,"王玮嘉,吴祖鹏,施静",2021Q4,455000.0,,52343.0,46311.0,1.3,8.96,,19.56,3.45,买入,17.58,15.51
300422.SZ,博世科,20200227,"博世科：现金流明显好转,业务结构持续优化",点评,一般报告,华泰证券,"王玮嘉,吴祖鹏,施静",2020Q4,386300.0,,41594.0,36800.0,1.03,11.27,,18.64,4.24,买入,17.58,15.51
300422.SZ,博世科,20200227,"博世科：现金流明显好转,业务结构持续优化",点评,一般报告,华泰证券,"王玮嘉,吴祖鹏,施静",2019Q4,324100.0,,32222.0,28509.0,0.8,14.55,,17.11,5.45,买入,17.58,15.51
600499.SH,科达洁能,20200227,科达洁能：定增获得核准批文，公司各项业务迎来春天,点评,一般报告,东北证券,"刘军,张晗",2021Q4,879700.0,,86400.0,70900.0,0.45,12.09,0.0,11.74,,买入,,7.0
600499.SH,科达洁能,20200227,科达洁能：定增获得核准批文，公司各项业务迎来春天,点评,一般报告,东北证券,"刘军,张晗",2020Q4,733100.0,,68100.0,55800.0,0.35,15.35,0.0,10.48,,买入,,7.0
600499.SH,科达洁能,20200227,科达洁能：定增获得核准批文，公司各项业务迎来春天,点评,一般报告,东北证券,"刘军,张晗",2019Q4,637500.0,,18500.0,12000.0,0.0761,71.29,0.0,2.52,,买入,,7.0
300496.SZ,中科创达,20200227,中科创达2019年年报及2020年一季报预告点评：业绩符合预期，关注智能网联汽车核心机遇,点评,一般报告,中信证券,"杨泽原,刘雯蜀,张帅",2022Q4,426536.0,,56200.0,55287.0,1.37,50.0,,18.21,,增持,,
300496.SZ,中科创达,20200227,中科创达2019年年报及2020年一季报预告点评：业绩符合预期，关注智能网联汽车核心机遇,点评,一般报告,中信证券,"杨泽原,刘雯蜀,张帅",2021Q4,320039.0,,41100.0,40324.0,1.0,68.0,,15.84,,增持,,
300496.SZ,中科创达,20200227,中科创达2019年年报及2020年一季报预告点评：业绩符合预期，关注智能网联汽车核心机遇,点评,一般报告,中信证券,"杨泽原,刘雯蜀,张帅",2020Q4,239834.0,,31300.0,30943.0,0.77,89.0,,14.13,,增持,,
300450.SZ,先导智能,20200227,先导智能：大幅受益宁德时代扩产加码，目标市值660亿,点评,一般报告,国金证券,"王华君,赵玥炜",2021Q4,980800.0,402700.0,229100.0,202800.0,2.3,23.79,,30.66,,买入,75.0,75.0
300450.SZ,先导智能,20200227,先导智能：大幅受益宁德时代扩产加码，目标市值660亿,点评,一般报告,国金证券,"王华君,赵玥炜",2020Q4,604600.0,246200.0,142900.0,126500.0,1.435,38.14,,25.38,,买入,75.0,75.0
300450.SZ,先导智能,20200227,先导智能：大幅受益宁德时代扩产加码，目标市值660亿,点评,一般报告,国金证券,"王华君,赵玥炜",2019Q4,476700.0,191200.0,105900.0,93700.0,1.063,51.47,,23.02,,买入,75.0,75.0
002468.SZ,申通快递,20200227,申通快递：快报低于预期，下调至中性；关注阿里巴巴是否行权及协同效应,点评,一般报告,中金,"杨鑫,刘钢贤",2021Q4,3301300.0,,238200.0,178000.0,1.16,17.3,1.2,15.9,7.9,中性,,21.3
002468.SZ,申通快递,20200227,申通快递：快报低于预期，下调至中性；关注阿里巴巴是否行权及协同效应,点评,一般报告,中金,"杨鑫,刘钢贤",2020Q4,2836000.0,,207800.0,155300.0,1.01,19.8,1.0,15.8,9.7,中性,,21.3
002468.SZ,申通快递,20200227,申通快递：快报低于预期，下调至中性；关注阿里巴巴是否行权及协同效应,点评,一般报告,中金,"杨鑫,刘钢贤",2019Q4,2306700.0,,190100.0,143300.0,0.94,21.5,0.9,16.2,11.3,中性,,21.3
600522.SH,中天科技,20200227,中天科技：光纤光缆有望扭转下滑趋势，关注5G、海洋、电力、光伏亮点,点评,一般报告,中金,"闫慧辰,黄乐平,李诗雯",2021Q4,5048700.0,718000.0,360700.0,308400.0,1.01,9.1,1.7,12.6,4.1,中性,,11.89
600522.SH,中天科技,20200227,中天科技：光纤光缆有望扭转下滑趋势，关注5G、海洋、电力、光伏亮点,点评,一般报告,中金,"闫慧辰,黄乐平,李诗雯",2020Q4,4612400.0,615600.0,284400.0,243000.0,0.79,11.5,1.4,11.0,5.4,中性,,11.89
600522.SH,中天科技,20200227,中天科技：光纤光缆有望扭转下滑趋势，关注5G、海洋、电力、光伏亮点,点评,一般报告,中金,"闫慧辰,黄乐平,李诗雯",2019Q4,4053200.0,526200.0,237700.0,203000.0,0.66,13.8,1.1,10.1,6.7,中性,,11.89
002013.SZ,中航机电,20200227,中航机电2019年业绩快报点评：业绩增长符合预期，内生外延前景广阔,点评,一般报告,华创证券,"卫喆,王卓星",2020Q4,1357800.0,,148500.0,115800.0,0.32,24.0,,8.6,10.0,强推,,9.6
002013.SZ,中航机电,20200227,中航机电2019年业绩快报点评：业绩增长符合预期，内生外延前景广阔,点评,一般报告,华创证券,"卫喆,王卓星",2019Q4,1224400.0,,123800.0,96600.0,0.27,29.0,,7.8,11.0,强推,,9.6
002013.SZ,中航机电,20200227,中航机电2019年业绩快报点评：业绩增长符合预期，内生外延前景广阔,点评,一般报告,华创证券,"卫喆,王卓星",2021Q4,1509900.0,,174100.0,135900.0,0.38,21.0,,9.2,9.0,强推,,9.6
002048.SZ,宁波华翔,20200227,宁波华翔：Q4业绩超预期，热成型、新能源打开成长空间,点评,一般报告,财通证券,"彭勇,吴鹏",2021Q4,2192711.0,,220800.0,128000.0,2.04,10.6,1.0,11.3,3.4,买入,,
002048.SZ,宁波华翔,20200227,宁波华翔：Q4业绩超预期，热成型、新能源打开成长空间,点评,一般报告,财通证券,"彭勇,吴鹏",2020Q4,1978981.0,,198800.0,113600.0,1.81,12.0,0.9,11.2,4.3,买入,,
002048.SZ,宁波华翔,20200227,宁波华翔：Q4业绩超预期，热成型、新能源打开成长空间,点评,一般报告,财通证券,"彭勇,吴鹏",2019Q4,1731392.0,,180500.0,98500.0,1.57,13.8,0.8,10.8,4.9,买入,,
300496.SZ,中科创达,20200227,中科创达：一季度高增，多指标预示2020年业务全面向好,点评,一般报告,安信证券,"胡又文,凌晨",2022Q4,433560.0,,63700.0,58600.0,1.46,46.8,0.4,20.1,41.0,买入,,85.0
300496.SZ,中科创达,20200227,中科创达：一季度高增，多指标预示2020年业务全面向好,点评,一般报告,安信证券,"胡又文,凌晨",2021Q4,320610.0,,46350.0,42640.0,1.06,64.3,0.3,17.4,56.3,买入,,85.0
300496.SZ,中科创达,20200227,中科创达：一季度高增，多指标预示2020年业务全面向好,点评,一般报告,安信证券,"胡又文,凌晨",2020Q4,242440.0,,35210.0,32400.0,0.8,84.7,0.2,15.3,74.3,买入,,85.0
000333.SZ,美的集团,20200227,美的集团：申请注册发行债务融资工具，进一步优化资金成本,点评,一般报告,天风证券,"蔡雯娟,卢璐",2021Q4,33267076.0,,3825903.0,3029750.0,4.34,12.53,,22.39,8.04,买入,,
000333.SZ,美的集团,20200227,美的集团：申请注册发行债务融资工具，进一步优化资金成本,点评,一般报告,天风证券,"蔡雯娟,卢璐",2019Q4,28762170.0,,3060569.0,2418394.0,3.47,15.63,,23.53,11.16,买入,,
300388.SZ,国祯环保,20200227,国祯环保：业绩略超预期，三峡合作成效初显,点评,一般报告,华泰证券,"王玮嘉,吴祖鹏,施静",2021Q4,517900.0,,66650.0,51194.0,0.76,14.8,,12.9,6.5,增持,13.31,12.1
300388.SZ,国祯环保,20200227,国祯环保：业绩略超预期，三峡合作成效初显,点评,一般报告,华泰证券,"王玮嘉,吴祖鹏,施静",2020Q4,476600.0,,50174.0,40583.0,0.61,18.67,,11.27,7.61,增持,13.31,12.1
300388.SZ,国祯环保,20200227,国祯环保：业绩略超预期，三峡合作成效初显,点评,一般报告,华泰证券,"王玮嘉,吴祖鹏,施静",2019Q4,416100.0,,40094.0,32961.0,0.49,22.99,,11.61,9.08,增持,13.31,12.1
603871.SH,嘉友国际,20200227,嘉友国际：拟发可转债7.2亿元，非洲项目IRR预计27%,点评,一般报告,中金,"杨鑫,刘浩",2021Q4,620100.0,,59900.0,49300.0,3.14,9.5,2.1,20.5,5.3,跑赢行业,,41.8
603871.SH,嘉友国际,20200227,嘉友国际：拟发可转债7.2亿元，非洲项目IRR预计27%,点评,一般报告,中金,"杨鑫,刘浩",2020Q4,514900.0,,49700.0,40900.0,2.61,11.4,1.8,20.1,7.1,跑赢行业,,41.8
603871.SH,嘉友国际,20200227,嘉友国际：拟发可转债7.2亿元，非洲项目IRR预计27%,点评,一般报告,中金,"杨鑫,刘浩",2019Q4,427700.0,,41400.0,34000.0,2.17,13.7,1.5,19.8,9.3,跑赢行业,,41.8
002048.SZ,宁波华翔,20200227,宁波华翔2019年业绩快报点评：业绩超市场预期，特斯拉配套空间大,点评,一般报告,中信证券,"陈俊斌,尹欣驰",2021Q4,1962397.0,,213500.0,139987.0,2.24,11.0,,12.38,,买入,,28.0
002048.SZ,宁波华翔,20200227,宁波华翔2019年业绩快报点评：业绩超市场预期，特斯拉配套空间大,点评,一般报告,中信证券,"陈俊斌,尹欣驰",2020Q4,1852664.0,,182300.0,116127.0,1.85,13.0,,11.56,,买入,,28.0
002048.SZ,宁波华翔,20200227,宁波华翔2019年业绩快报点评：业绩超市场预期，特斯拉配套空间大,点评,一般报告,中信证券,"陈俊斌,尹欣驰",2019Q4,1731464.0,,154600.0,98548.0,1.57,15.0,,10.95,,买入,,28.0
002032.SZ,苏泊尔,20200227,苏泊尔：营销投入增加，Q4收入稳健增长,点评,一般报告,安信证券,"张立聪,李奕臻",2021Q4,2606000.0,,314000.0,259000.0,3.15,24.1,2.1,27.7,17.6,买入,,95.2
000333.SZ,美的集团,20200227,美的集团：申请注册发行债务融资工具，进一步优化资金成本,点评,一般报告,天风证券,"蔡雯娟,卢璐",2020Q4,30930945.0,,3473759.0,2748686.0,3.93,13.81,,23.25,9.07,买入,,
002110.SZ,三钢闽光,20200227,三钢闽光：四季度盈利显著改善，全年业绩符合预期,点评,一般报告,天风证券,马金龙,2021Q4,4509913.0,,520382.0,435465.0,1.78,4.53,,16.7,0.6,买入,,
002110.SZ,三钢闽光,20200227,三钢闽光：四季度盈利显著改善，全年业绩符合预期,点评,一般报告,天风证券,马金龙,2020Q4,4378556.0,,473165.0,391862.0,1.6,5.04,,16.58,1.57,买入,,
002110.SZ,三钢闽光,20200227,三钢闽光：四季度盈利显著改善，全年业绩符合预期,点评,一般报告,天风证券,马金龙,2019Q4,4017024.0,,484637.0,357290.0,1.46,5.52,,16.71,1.47,买入,,
002032.SZ,苏泊尔,20200227,苏泊尔：营销投入增加，Q4收入稳健增长,点评,一般报告,安信证券,"张立聪,李奕臻",2020Q4,2277000.0,,268000.0,223000.0,2.72,27.9,1.8,27.8,20.6,买入,,95.2
002032.SZ,苏泊尔,20200227,苏泊尔：营销投入增加，Q4收入稳健增长,点评,一般报告,安信证券,"张立聪,李奕臻",2019Q4,1985000.0,,228000.0,192000.0,2.34,32.4,1.5,27.7,24.4,买入,,95.2
002714.SZ,牧原股份,20200227,牧原股份2019年年报点评：19H2高猪价助力利润快速释放，2020年成长动力仍充沛,点评,首次评级,民生证券,"于杰,熊航",2022Q4,7303900.0,,3065600.0,2990800.0,7.98,14.5,0.2,27.1,5.4,推荐,,
002714.SZ,牧原股份,20200227,牧原股份2019年年报点评：19H2高猪价助力利润快速释放，2020年成长动力仍充沛,点评,首次评级,民生证券,"于杰,熊航",2021Q4,6580100.0,,3277700.0,3189000.0,8.51,13.6,0.2,39.3,5.6,推荐,,
002714.SZ,牧原股份,20200227,牧原股份2019年年报点评：19H2高猪价助力利润快速释放，2020年成长动力仍充沛,点评,首次评级,民生证券,"于杰,熊航",2020Q4,5820100.0,,2971700.0,2907000.0,7.76,15.0,0.5,57.8,7.3,推荐,,
601225.SH,陕西煤业,20200227,陕西煤业2019年业绩快报点评：2019年业绩略超预期，股息率有望再提升,点评,一般报告,中信证券,祖国鹏,2021Q4,7434380.0,,2100500.0,1232020.0,1.23,6.0,,16.61,,买入,,11.1
601225.SH,陕西煤业,20200227,陕西煤业2019年业绩快报点评：2019年业绩略超预期，股息率有望再提升,点评,一般报告,中信证券,祖国鹏,2020Q4,6876400.0,,1900100.0,1108380.0,1.11,7.0,,16.85,,买入,,11.1
601225.SH,陕西煤业,20200227,陕西煤业2019年业绩快报点评：2019年业绩略超预期，股息率有望再提升,点评,一般报告,中信证券,祖国鹏,2019Q4,6830800.0,,1966100.0,1159610.0,1.16,7.0,,19.67,,买入,,11.1
300496.SZ,中科创达,20200227,中科创达19年年报点评：业绩符合预期，核心业务有望继续加速成长,点评,一般报告,民生证券,"强超廷,郭新宇,应瑛",2021Q4,314800.0,,45500.0,43800.0,1.09,62.6,0.0,16.3,30.3,推荐,,
300496.SZ,中科创达,20200227,中科创达19年年报点评：业绩符合预期，核心业务有望继续加速成长,点评,一般报告,民生证券,"强超廷,郭新宇,应瑛",2020Q4,239700.0,,34600.0,33200.0,0.83,82.6,0.0,14.8,40.7,推荐,,
000100.SZ,TCL科技,20200227,TCL科技：产线正常运转，回购股份彰显长期信心,点评,首次评级,民生证券,"王芳,胡独巍",2021Q4,8230000.0,,820700.0,515200.0,0.38,17.5,0.0,12.0,8.8,推荐,,
000100.SZ,TCL科技,20200227,TCL科技：产线正常运转，回购股份彰显长期信心,点评,首次评级,民生证券,"王芳,胡独巍",2020Q4,7603400.0,,620800.0,393900.0,0.29,22.8,0.0,10.5,10.5,推荐,,
000100.SZ,TCL科技,20200227,TCL科技：产线正常运转，回购股份彰显长期信心,点评,首次评级,民生证券,"王芳,胡独巍",2019Q4,7210000.0,,526400.0,323300.0,0.24,27.8,0.0,9.6,10.1,推荐,,
300496.SZ,中科创达,20200227,中科创达19年年报点评：业绩符合预期，核心业务有望继续加速成长,点评,一般报告,民生证券,"强超廷,郭新宇,应瑛",2022Q4,404000.0,,60200.0,57800.0,1.44,47.5,0.0,17.7,23.1,推荐,,
300144.SZ,宋城演艺,20200227,宋城演艺：盈利增长稳健，期待西安和上海项目,点评,一般报告,广发证券,"安鹏,沈涛,张雨露",2021Q4,294600.0,,179100.0,148500.0,1.02,27.57,,12.0,21.2,买入,,31.9
300144.SZ,宋城演艺,20200227,宋城演艺：盈利增长稳健，期待西安和上海项目,点评,一般报告,广发证券,"安鹏,沈涛,张雨露",2020Q4,241600.0,,133100.0,109000.0,0.75,37.54,,10.0,28.6,买入,,31.9
300144.SZ,宋城演艺,20200227,宋城演艺：盈利增长稳健，期待西安和上海项目,点评,一般报告,广发证券,"安鹏,沈涛,张雨露",2019Q4,261500.0,,162500.0,134200.0,0.92,30.49,,13.7,26.33,买入,,31.9
002027.SZ,分众传媒,20200227,分众传媒：短期内受疫情影响业绩承压，长期仍看好公司业绩增长弹性及生活圈媒体渠道价值,点评,一般报告,长江证券,"王傲野,王成璐",2021Q4,1338500.0,650300.0,358400.0,296700.0,0.2,27.56,,14.19,22.58,买入,,
002027.SZ,分众传媒,20200227,分众传媒：短期内受疫情影响业绩承压，长期仍看好公司业绩增长弹性及生活圈媒体渠道价值,点评,一般报告,长江证券,"王傲野,王成璐",2020Q4,1214000.0,550100.0,253000.0,210200.0,0.14,38.9,,11.72,30.4,买入,,
002027.SZ,分众传媒,20200227,分众传媒：短期内受疫情影响业绩承压，长期仍看好公司业绩增长弹性及生活圈媒体渠道价值,点评,一般报告,长江证券,"王傲野,王成璐",2019Q4,1213600.0,553700.0,226000.0,187500.0,0.13,43.61,,11.88,34.36,买入,,
002081.SZ,金螳螂,20200227,金螳螂：Q4收入、业绩提速，市占率稳步提升,点评,一般报告,长江证券,"毕春晖,李家明,刘瑞宇",2021Q4,4305300.0,766100.0,365300.0,302700.0,1.13,7.79,,14.0,4.2,买入,,
002081.SZ,金螳螂,20200227,金螳螂：Q4收入、业绩提速，市占率稳步提升,点评,一般报告,长江证券,"毕春晖,李家明,刘瑞宇",2020Q4,3739400.0,686700.0,324000.0,271300.0,1.01,8.69,,15.0,5.58,买入,,
002081.SZ,金螳螂,20200227,金螳螂：Q4收入、业绩提速，市占率稳步提升,点评,一般报告,长江证券,"毕春晖,李家明,刘瑞宇",2019Q4,3085400.0,575400.0,268800.0,237300.0,0.88,9.93,,15.0,7.04,买入,,
600206.SH,有研新材,20200227,中原证券晨会聚焦,非个股,一般报告,中原证券,周建华,2020Q4,,,,16086.945,0.19,,,,,增持,,
600206.SH,有研新材,20200227,中原证券晨会聚焦,非个股,一般报告,中原证券,周建华,2021Q4,,,,17780.308,0.21,,,,,增持,,
300496.SZ,中科创达,20200227,中科创达：扣非利润高速增长，5G赛道值得期待,点评,一般报告,财信证券,"何晨,李文瀚,邓睿祺",2022Q4,405400.0,,,67100.0,1.67,43.0,,,,谨慎推荐,,
300496.SZ,中科创达,20200227,中科创达：扣非利润高速增长，5G赛道值得期待,点评,一般报告,财信证券,"何晨,李文瀚,邓睿祺",2021Q4,306500.0,,,44900.0,1.12,64.22,,,,谨慎推荐,,
300496.SZ,中科创达,20200227,中科创达：扣非利润高速增长，5G赛道值得期待,点评,一般报告,财富证券,"何晨,李文瀚,邓睿祺",2020Q4,234100.0,,,32500.0,0.81,88.68,,,,谨慎推荐,,
300036.SZ,超图软件,20200227,超图软件：根植GIS，打造智慧城市操作系统,点评,一般报告,东兴证券,"王健辉,叶盛,陈晓博",2021Q4,234177.0,,42000.0,36767.0,0.82,34.08,,14.26,29.16,强烈推荐,,
300662.SZ,科锐国际,20200227,科锐国际2019年业绩快报点评：Q4内生增长42％，环比改善显著,点评,一般报告,长江证券,"赵刚,杨会强",2021Q4,832100.0,95300.0,39100.0,24200.0,1.33,23.95,,18.0,13.93,买入,,
300662.SZ,科锐国际,20200227,科锐国际2019年业绩快报点评：Q4内生增长42％，环比改善显著,点评,一般报告,长江证券,"赵刚,杨会强",2020Q4,545000.0,68900.0,30900.0,19100.0,1.05,30.31,,18.0,18.88,买入,,
300662.SZ,科锐国际,20200227,科锐国际2019年业绩快报点评：Q4内生增长42％，环比改善显著,点评,一般报告,长江证券,"赵刚,杨会强",2019Q4,358500.0,51000.0,24200.0,15000.0,0.82,38.71,,17.0,25.6,买入,,
002643.SZ,万润股份,20200227,万润股份：全年业绩稳步增长，新材料龙头扬帆起航,点评,一般报告,长江证券,"马太,施航",2020Q4,341300.0,148800.0,80400.0,66400.0,0.73,24.54,,12.0,14.99,买入,,
002643.SZ,万润股份,20200227,万润股份：全年业绩稳步增长，新材料龙头扬帆起航,点评,一般报告,长江证券,"马太,施航",2019Q4,287000.0,122800.0,61100.0,50600.0,0.56,32.25,,10.0,18.15,买入,,
300036.SZ,超图软件,20200227,超图软件：根植GIS，打造智慧城市操作系统,点评,一般报告,东兴证券,"王健辉,叶盛,陈晓博",2019Q4,169954.0,,24500.0,21047.0,0.47,59.53,,10.05,49.33,强烈推荐,,
002643.SZ,万润股份,20200227,万润股份：全年业绩稳步增长，新材料龙头扬帆起航,点评,一般报告,长江证券,"马太,施航",2021Q4,437500.0,191400.0,103200.0,85300.0,0.94,19.1,,13.0,11.84,买入,,
300036.SZ,超图软件,20200227,超图软件：根植GIS，打造智慧城市操作系统,点评,一般报告,东兴证券,"王健辉,叶盛,陈晓博",2020Q4,195342.0,,31900.0,27744.0,0.62,45.16,,12.05,38.42,强烈推荐,,
002675.SZ,东诚药业,20200227,集采催生原料药需求，行业具备高成长性——医药生物行业系列报告（一）,非个股,一般报告,川财证券,"周豫,张雪",2020Q4,,,,46528.431,0.58,,,,,无,,
603538.SH,美诺华,20200227,集采催生原料药需求，行业具备高成长性——医药生物行业系列报告（一）,非个股,一般报告,川财证券,"周豫,张雪",2019Q4,,,,15117.882,1.01,,,,,无,,
603707.SH,健友股份,20200227,集采催生原料药需求，行业具备高成长性——医药生物行业系列报告（一）,非个股,一般报告,川财证券,"周豫,张雪",2020Q4,,,,82624.543,1.15,,,,,无,,
000739.SZ,普洛药业,20200227,集采催生原料药需求，行业具备高成长性——医药生物行业系列报告（一）,非个股,一般报告,川财证券,"周豫,张雪",2019Q4,,,,55390.604,0.47,,,,,无,,
300316.SZ,晶盛机电,20200227,晶盛机电：2019业绩符合预期，将受益光伏及半导体客户扩产,点评,一般报告,太平洋证券,"刘国清,崔文娟",2020Q4,432368.0,,111684.0,98472.0,0.77,32.41,,17.61,25.8,买入,,
603520.SH,司太立,20200227,集采催生原料药需求，行业具备高成长性——医药生物行业系列报告（一）,非个股,一般报告,川财证券,"周豫,张雪",2020Q4,,,,25016.86,1.49,,,,,无,,
603456.SH,九洲药业,20200227,集采催生原料药需求，行业具备高成长性——医药生物行业系列报告（一）,非个股,一般报告,川财证券,"周豫,张雪",2020Q4,,,,37060.469,0.46,,,,,无,,
002399.SZ,海普瑞,20200227,集采催生原料药需求，行业具备高成长性——医药生物行业系列报告（一）,非个股,一般报告,川财证券,"周豫,张雪",2019Q4,,,,93540.128,0.75,,,,,无,,
603538.SH,美诺华,20200227,集采催生原料药需求，行业具备高成长性——医药生物行业系列报告（一）,非个股,一般报告,川财证券,"周豫,张雪",2020Q4,,,,21554.208,1.44,,,,,无,,
002675.SZ,东诚药业,20200227,集采催生原料药需求，行业具备高成长性——医药生物行业系列报告（一）,非个股,一般报告,川财证券,"周豫,张雪",2019Q4,,,,15242.072,0.19,,,,,无,,
002332.SZ,仙琚制药,20200227,集采催生原料药需求，行业具备高成长性——医药生物行业系列报告（一）,非个股,一般报告,川财证券,"周豫,张雪",2020Q4,,,,51307.881,0.56,,,,,无,,
300702.SZ,天宇股份,20200227,集采催生原料药需求，行业具备高成长性——医药生物行业系列报告（一）,非个股,一般报告,川财证券,"周豫,张雪",2020Q4,,,,61773.787,3.39,,,,,无,,
300316.SZ,晶盛机电,20200227,晶盛机电：2019业绩符合预期，将受益光伏及半导体客户扩产,点评,一般报告,太平洋证券,"刘国清,崔文娟",2021Q4,564975.0,,145217.0,127659.0,0.99,25.0,,19.35,20.23,买入,,
603520.SH,司太立,20200227,集采催生原料药需求，行业具备高成长性——医药生物行业系列报告（一）,非个股,一般报告,川财证券,"周豫,张雪",2019Q4,,,,17797.229,1.06,,,,,无,,
000739.SZ,普洛药业,20200227,集采催生原料药需求，行业具备高成长性——医药生物行业系列报告（一）,非个股,一般报告,川财证券,"周豫,张雪",2020Q4,,,,74246.98,0.63,,,,,无,,
300702.SZ,天宇股份,20200227,集采催生原料药需求，行业具备高成长性——医药生物行业系列报告（一）,非个股,一般报告,川财证券,"周豫,张雪",2019Q4,,,,58493.763,3.21,,,,,无,,
603707.SH,健友股份,20200227,集采催生原料药需求，行业具备高成长性——医药生物行业系列报告（一）,非个股,一般报告,川财证券,"周豫,张雪",2019Q4,,,,59633.366,0.83,,,,,无,,
002332.SZ,仙琚制药,20200227,集采催生原料药需求，行业具备高成长性——医药生物行业系列报告（一）,非个股,一般报告,川财证券,"周豫,张雪",2019Q4,,,,40313.335,0.44,,,,,无,,
603456.SH,九洲药业,20200227,集采催生原料药需求，行业具备高成长性——医药生物行业系列报告（一）,非个股,一般报告,川财证券,"周豫,张雪",2019Q4,,,,26586.858,0.33,,,,,无,,
002399.SZ,海普瑞,20200227,集采催生原料药需求，行业具备高成长性——医药生物行业系列报告（一）,非个股,一般报告,川财证券,"周豫,张雪",2020Q4,,,,103517.741,0.83,,,,,无,,
300316.SZ,晶盛机电,20200227,晶盛机电：2019业绩符合预期，将受益光伏及半导体客户扩产,点评,一般报告,太平洋证券,"刘国清,崔文娟",2019Q4,312653.0,,72021.0,63759.0,0.5,50.06,,13.27,36.52,买入,,
600201.SH,生物股份,20200227,生物股份：口蹄疫生产线获认证，能繁母猪存栏回暖,点评,首份报告,国联证券,夏禹,2021Q4,180871.0,,83610.0,71079.0,0.63,36.0,,11.91,22.88,推荐,,
600201.SH,生物股份,20200227,生物股份：口蹄疫生产线获认证，能繁母猪存栏回暖,点评,首份报告,国联证券,夏禹,2020Q4,151459.0,,62310.0,53056.0,0.47,48.23,,9.61,30.65,推荐,,
600201.SH,生物股份,20200227,生物股份：口蹄疫生产线获认证，能繁母猪存栏回暖,点评,首份报告,国联证券,夏禹,2019Q4,110920.0,,27579.0,23668.0,0.21,108.11,,4.57,53.33,推荐,,
002367.SZ,康力电梯,20200227,康力电梯：业绩保持高速增长，规模化效应逐步体现,点评,首份报告,太平洋证券,"刘国清,曾博文",2020Q4,413942.0,,42112.0,34948.0,0.44,18.56,,9.34,9.07,增持,,
002367.SZ,康力电梯,20200227,康力电梯：业绩保持高速增长，规模化效应逐步体现,点评,首份报告,太平洋证券,"刘国清,曾博文",2019Q4,366321.0,,30808.0,25506.0,0.32,25.42,,7.54,11.81,增持,,
002367.SZ,康力电梯,20200227,康力电梯：业绩保持高速增长，规模化效应逐步体现,点评,首份报告,太平洋证券,"刘国清,曾博文",2021Q4,463615.0,,49126.0,40788.0,0.51,15.9,,9.83,7.53,增持,,
002081.SZ,金螳螂,20200227,金螳螂：Q4收入／业绩提速，新签订单增速放缓,点评,一般报告,广发证券,"姚遥,尉凯旋",2021Q4,4118700.0,,359900.0,299700.0,1.12,8.32,,13.9,5.68,买入,,12.2
002236.SZ,大华股份,20200227,大华股份公司点评报告：业绩符合预期，盈利能力持续提升,点评,一般报告,国元证券,"耿军军,陈图南",2021Q4,3626603.0,,498195.0,460332.0,1.54,13.79,,19.11,11.42,买入,,29.21
300418.SZ,昆仑万维,20200227,昆仑万维公司点评：2019年业绩同增27％符合预期，2020年Q1预计同增34％－59％,点评,一般报告,新时代证券,"胡皓,马笑",2019Q4,368900.0,,154700.0,128000.0,1.11,20.9,,22.3,17.2,推荐,,
002081.SZ,金螳螂,20200227,金螳螂：Q4收入／业绩提速，新签订单增速放缓,点评,一般报告,广发证券,"姚遥,尉凯旋",2019Q4,3085400.0,,285000.0,237200.0,0.89,10.48,,15.6,7.44,买入,,12.2
002081.SZ,金螳螂,20200227,金螳螂：Q4收入／业绩提速，新签订单增速放缓,点评,一般报告,广发证券,"姚遥,尉凯旋",2020Q4,3601500.0,,323500.0,269100.0,1.0,9.27,,14.3,6.41,买入,,12.2
002236.SZ,大华股份,20200227,大华股份公司点评报告：业绩符合预期，盈利能力持续提升,点评,一般报告,国元证券,"耿军军,陈图南",2019Q4,2609040.0,,344617.0,316278.0,1.06,20.06,,19.42,16.27,买入,,29.21
002236.SZ,大华股份,20200227,大华股份公司点评报告：业绩符合预期，盈利能力持续提升,点评,一般报告,国元证券,"耿军军,陈图南",2020Q4,3069717.0,,411561.0,380159.0,1.27,16.69,,19.21,13.69,买入,,29.21
300418.SZ,昆仑万维,20200227,昆仑万维公司点评：2019年业绩同增27％符合预期，2020年Q1预计同增34％－59％,点评,一般报告,新时代证券,"胡皓,马笑",2021Q4,559000.0,,238300.0,197900.0,1.72,13.5,,21.1,11.2,推荐,,
300418.SZ,昆仑万维,20200227,昆仑万维公司点评：2019年业绩同增27％符合预期，2020年Q1预计同增34％－59％,点评,一般报告,新时代证券,"胡皓,马笑",2020Q4,498000.0,,217100.0,176200.0,1.53,15.2,,24.1,12.1,推荐,,
300788.SZ,中信出版,20200227,中信出版：扣非净利润增长22%，版权竞争能力凸显,点评,一般报告,广发证券,"旷实,徐呈隽",2021Q4,253400.0,,33800.0,34100.0,1.79,26.52,,15.3,20.53,买入,,53.3
300788.SZ,中信出版,20200227,中信出版：扣非净利润增长22%，版权竞争能力凸显,点评,一般报告,广发证券,"旷实,徐呈隽",2020Q4,205700.0,,26400.0,27400.0,1.44,33.0,,14.1,28.26,买入,,53.3
300788.SZ,中信出版,20200227,中信出版：扣非净利润增长22%，版权竞争能力凸显,点评,一般报告,广发证券,"旷实,徐呈隽",2019Q4,188800.0,,24400.0,25100.0,1.32,35.98,,14.5,34.11,买入,,53.3
003816.SZ,中国广核,20200227,中国广核：量价齐增助力业绩稳步提升，内生外延确立长期成长空间,点评,一般报告,长江证券,"张韦华,司旗,宋尚骞,于倩",2020Q4,6514700.0,2645900.0,1749700.0,1000400.0,0.2,16.91,,12.0,11.7,买入,,
002332.SZ,仙琚制药,20200227,仙琚制药：经营效率持续提升，原料药和制剂业务稳步推进,点评,一般报告,长江证券,"高岳,方程嫣",2019Q4,371200.0,224900.0,52900.0,40700.0,0.44,22.62,,14.0,18.14,买入,,
300760.SZ,迈瑞医疗,20200227,迈瑞医疗：业绩稳健增长，高端产品和新兴业务持续发力,点评,一般报告,长江证券,"高岳,郑辰,李婵娟,芦湖",2020Q4,2003500.0,1343400.0,638500.0,560300.0,4.61,53.18,,22.0,49.41,买入,,
002035.SZ,华帝股份,20200227,华帝股份：营收同比转正，经营趋势向好,点评,一般报告,长江证券,"管泉森,孙珊,徐春,周振",2020Q4,630400.0,309600.0,100800.0,84600.0,0.97,12.8,,20.0,8.21,买入,,
300760.SZ,迈瑞医疗,20200227,迈瑞医疗：业绩稳健增长，高端产品和新兴业务持续发力,点评,一般报告,长江证券,"高岳,郑辰,李婵娟,芦湖",2021Q4,2417900.0,1616000.0,783500.0,687500.0,5.66,43.34,,21.0,39.22,买入,,
002332.SZ,仙琚制药,20200227,仙琚制药：经营效率持续提升，原料药和制剂业务稳步推进,点评,一般报告,长江证券,"高岳,方程嫣",2020Q4,416900.0,254200.0,66600.0,51900.0,0.57,17.73,,15.0,14.17,买入,,
002468.SZ,申通快递,20200227,申通快递：19Q4归母净利同比下降25.4%，业务量有望逐渐回升,一般,一般报告,广发证券,"关鹏,曾靖珂",2019Q4,2306700.0,236600.0,181800.0,143300.0,0.94,21.08,,15.6,11.58,买入,,21.9
300122.SZ,智飞生物,20200227,智飞生物：业绩符合预期，2020年持续高增长,点评,一般报告,西南证券,朱国广,2019Q4,1058434.0,,273034.0,237540.0,1.48,40.59,0.72,40.55,32.17,买入,,
002332.SZ,仙琚制药,20200227,仙琚制药：经营效率持续提升，原料药和制剂业务稳步推进,点评,一般报告,长江证券,"高岳,方程嫣",2021Q4,476400.0,295600.0,82400.0,64300.0,0.7,14.33,,16.0,10.95,买入,,
002035.SZ,华帝股份,20200227,华帝股份：营收同比转正，经营趋势向好,点评,一般报告,长江证券,"管泉森,孙珊,徐春,周振",2019Q4,573400.0,279000.0,88700.0,74500.0,0.86,14.55,,22.0,10.41,买入,,
002468.SZ,申通快递,20200227,申通快递：19Q4归母净利同比下降25.4%，业务量有望逐渐回升,一般,一般报告,广发证券,"关鹏,曾靖珂",2021Q4,2909000.0,266000.0,200700.0,158200.0,1.03,19.09,,13.0,8.36,买入,,21.9
003816.SZ,中国广核,20200227,中国广核：量价齐增助力业绩稳步提升，内生外延确立长期成长空间,点评,一般报告,长江证券,"张韦华,司旗,宋尚骞,于倩",2019Q4,6087500.0,2497700.0,1655500.0,946600.0,0.19,17.87,,12.0,12.35,买入,,
003816.SZ,中国广核,20200227,中国广核：量价齐增助力业绩稳步提升，内生外延确立长期成长空间,点评,一般报告,长江证券,"张韦华,司旗,宋尚骞,于倩",2021Q4,6614500.0,2729200.0,1824700.0,1043300.0,0.21,16.21,,12.0,11.06,买入,,
002368.SZ,太极股份,20200227,太极股份：加大研发创新投入，数据库龙头尚待认识,点评,一般报告,东吴证券,"郝彪,王紫敬",2021Q4,1791500.0,,147700.0,103300.0,2.5,20.0,,25.3,11.58,买入,,72.8
002368.SZ,太极股份,20200227,太极股份：加大研发创新投入，数据库龙头尚待认识,点评,一般报告,东吴证券,"郝彪,王紫敬",2020Q4,1237800.0,,90500.0,69000.0,1.67,30.0,,20.3,18.85,买入,,72.8
002368.SZ,太极股份,20200227,太极股份：加大研发创新投入，数据库龙头尚待认识,点评,一般报告,东吴证券,"郝彪,王紫敬",2019Q4,706700.0,,37600.0,33700.0,0.82,61.0,,10.2,41.39,买入,,72.8
002468.SZ,申通快递,20200227,申通快递：19Q4归母净利同比下降25.4%，业务量有望逐渐回升,一般,一般报告,广发证券,"关鹏,曾靖珂",2021Q4,2909000.0,266000.0,200700.0,158200.0,1.03,19.09,,13.0,8.36,增持,,21.9
002468.SZ,申通快递,20200227,申通快递：19Q4归母净利同比下降25.4%，业务量有望逐渐回升,一般,一般报告,广发证券,"关鹏,曾靖珂",2020Q4,2597300.0,246300.0,185000.0,145900.0,0.95,20.71,,13.7,10.0,增持,,21.9
002468.SZ,申通快递,20200227,申通快递：19Q4归母净利同比下降25.4%，业务量有望逐渐回升,一般,一般报告,广发证券,"关鹏,曾靖珂",2019Q4,2306700.0,236600.0,181800.0,143300.0,0.94,21.08,,15.6,11.58,增持,,21.9
688023.SH,安恒信息,20200227,安恒信息：业绩符合预期，新场景新服务推动下增长将持续高于行业增速,点评,首次关注,中信建投,石泽蕤,2021Q4,200480.0,,,18357.0,2.478,69.61,,,,买入,,
688363.SH,华熙生物,20200227,华熙生物：重点布局终端业务，收入利润快速增长,点评,一般报告,广发证券,"洪涛,罗佳荣,贾雨朦",2020Q4,261500.0,,98700.0,79400.0,1.65,53.16,,14.5,44.45,增持,,90.95
688111.SH,金山办公,20200227,金山办公：19年业绩符合预期，20年业绩有望更好,点评,首次评级,安信证券,"胡又文,黄净",2019Q4,157890.0,,40920.0,40300.0,0.874,246.5,0.0,24.4,240.3,买入,,
688039.SH,当虹科技,20200227,当虹科技：业绩快报符合预期，广电一网整合与5G下游应用加速公司成长,点评,一般报告,国盛证券,"刘高畅,杨烨",2021Q4,67900.0,,27700.0,26000.0,3.24,38.5,,29.6,35.6,买入,,
688019.SH,安集科技,20200227,安集科技：下游客户扩产，抛光液龙头有望受益,点评,首次关注,申港证券,曹旭特,2020Q4,38651.0,,8300.0,7765.0,1.462,84.95,,15.85,56.78,买入,,
688039.SH,当虹科技,20200227,当虹科技：业绩符合预期，持续受益于超高清发展,点评,首份报告,招商证券,"余俊,蒋颖",2021Q4,61400.0,,18600.0,17100.0,2.13,53.6,,9.8,48.6,强烈推荐,,
688008.SH,澜起科技,20200227,澜起科技财报点评：盈利能力大幅提升，5G周期持续成长,点评,一般报告,国信证券,"欧阳仕华,许亮",2021Q4,271500.0,,143400.0,134800.0,1.19,82.9,0.4,22.8,84.3,买入,,
688111.SH,金山办公,20200227,金山办公：疫情加速办公云化，营收及利润增速提升可期,点评,一般报告,华西证券,"王秀钢,李化",2019Q4,157924.0,,40916.0,40303.0,0.87,157.94,,6.64,,无,,
688021.SH,奥福环保,20200227,奥福环保：业绩符合预期，受益于国六政策不断推进,点评,首次关注,安信证券,"邵琳琳,张汪强,汪磊",2019Q4,26810.0,,5850.0,5150.0,0.67,66.2,1.0,14.3,48.9,买入,,50.0
688268.SH,华特气体,20200227,华特气体：产品和客户结构升级助推业绩增长，特气龙头未来大有可为,点评,一般报告,中信建投,"郑勇,邓天泽",2020Q4,113765.0,,,10832.0,0.903,79.98,,9.02,63.39,买入,,
688111.SH,金山办公,20200227,金山办公：疫情加速办公云化，营收及利润增速提升可期,点评,一般报告,华西证券,"王秀钢,李化",2021Q4,335126.0,,93160.0,89993.0,1.95,70.73,,11.91,,无,,
688021.SH,奥福环保,20200227,奥福环保：业绩符合预期，受益于国六政策不断推进,点评,首次关注,安信证券,"邵琳琳,张汪强,汪磊",2020Q4,34020.0,,8570.0,7530.0,0.97,45.3,1.1,19.0,31.1,买入,,50.0
688299.SH,长阳科技,20200227,长阳科技：量价齐升，业绩同比大幅增长,点评,一般报告,中信建投,"郑勇,胡世超",2021Q4,164818.0,,,,0.91,27.91,,21.49,14.83,增持,,
688036.SH,传音控股,20200227,传音控股业绩快报点评：手机业务规模稳定增长，互联网业务开始成长，打开广阔市场空间,点评,一般报告,中信建投,雷鸣,2019Q4,2415000.0,,,177500.0,2.22,29.0,,21.5,,买入,,75.0
688111.SH,金山办公,20200227,金山办公：19年业绩符合预期，20年业绩有望更好,点评,首次评级,安信证券,"胡又文,黄净",2021Q4,329740.0,,103420.0,100550.0,2.181,98.8,0.0,29.2,94.8,买入,,
688036.SH,传音控股,20200227,传音控股业绩快报点评：手机业务规模稳定增长，互联网业务开始成长，打开广阔市场空间,点评,一般报告,中信建投,雷鸣,2020Q4,2763200.0,,,212200.0,2.65,24.0,,20.0,,买入,,75.0
688111.SH,金山办公,20200227,金山办公：疫情加速办公云化，营收及利润增速提升可期,点评,一般报告,华西证券,"王秀钢,李化",2020Q4,232785.0,,60418.0,58364.0,1.27,109.06,,8.77,,无,,
688036.SH,传音控股,20200227,传音控股业绩快报点评：手机业务规模稳定增长，互联网业务开始成长，打开广阔市场空间,点评,一般报告,中信建投,雷鸣,2021Q4,3030000.0,,,234400.0,2.93,22.0,,20.0,,买入,,75.0
688396.SH,华润微,20200227,华润微：功率半导专芯致志，特色工艺术业专攻,深度,首次关注,华西证券,"孙远峰,王海维",2020Q4,696000.0,,91496.0,65191.0,0.56,,,6.65,,买入,,
688268.SH,华特气体,20200227,华特气体：产品和客户结构升级助推业绩增长，特气龙头未来大有可为,点评,一般报告,中信建投,"郑勇,邓天泽",2019Q4,84286.0,,,7762.0,0.647,105.9,,14.01,79.7,买入,,
688019.SH,安集科技,20200227,安集科技：下游客户扩产，抛光液龙头有望受益,点评,首次关注,申港证券,曹旭特,2019Q4,28541.0,,7000.0,6550.0,1.233,100.71,,15.89,77.1,买入,,
688388.SH,嘉元科技,20200227,嘉元科技：6μm锂电铜箔高景气度，助力业绩稳步提升,点评,一般报告,兴业证券,"邱祖学,苏东,王丽佳",2019Q4,137000.0,,38400.0,32700.0,1.41,47.5,,12.7,,审慎增持,,
688023.SH,安恒信息,20200227,安恒信息投资价值分析报告：飞驰的新兴安全黑马,深度,首次关注,中信证券,"杨泽原,刘雯蜀,潘儒琛",2021Q4,185185.0,,17300.0,17072.0,2.3,100.0,,9.94,,增持,,
688018.SH,乐鑫科技,20200227,乐鑫科技年报点评：2019年业绩符合预期，IOT行业高度景气,点评,一般报告,新时代证券,"吴吉森,曾萌",2019Q4,75700.0,,18000.0,15900.0,1.99,138.3,,33.8,120.6,强烈推荐,,
688388.SH,嘉元科技,20200227,嘉元科技：6μm锂电铜箔高景气度，助力业绩稳步提升,点评,一般报告,兴业证券,"邱祖学,苏东,王丽佳",2020Q4,164000.0,,54300.0,46200.0,2.0,33.6,,15.2,,审慎增持,,
688169.SH,石头科技,20200227,石头科技：盈利能力有所提高，自主品牌不断突破,点评,一般报告,华西证券,"刘菁,俞能飞,田仁秀",2020Q4,588383.0,,126688.0,106136.0,15.92,,,42.12,,买入,,
688023.SH,安恒信息,20200227,安恒信息：业绩符合预期，新场景新服务推动下增长将持续高于行业增速,点评,首次关注,中信建投,石泽蕤,2019Q4,94520.0,,,8118.0,1.096,157.4,,,,买入,,
688018.SH,乐鑫科技,20200227,乐鑫科技年报点评：2019年业绩符合预期，IOT行业高度景气,点评,一般报告,新时代证券,"吴吉森,曾萌",2020Q4,115000.0,,30500.0,27000.0,3.37,81.7,,36.4,70.8,强烈推荐,,
688396.SH,华润微,20200227,华润微：功率半导专芯致志，特色工艺术业专攻,深度,首次关注,华西证券,"孙远峰,王海维",2021Q4,835200.0,,116995.0,83359.0,0.71,,,7.84,,买入,,
688299.SH,长阳科技,20200227,长阳科技：量价齐升，业绩同比大幅增长,点评,一般报告,中信建投,"郑勇,胡世超",2020Q4,123221.0,,,,0.658,38.62,,19.78,19.4,增持,,
688018.SH,乐鑫科技,20200227,乐鑫科技年报点评：2019年业绩符合预期，IOT行业高度景气,点评,一般报告,新时代证券,"吴吉森,曾萌",2021Q4,160800.0,,44400.0,39300.0,4.91,56.0,,34.7,48.3,强烈推荐,,
688008.SH,澜起科技,20200227,澜起科技财报点评：盈利能力大幅提升，5G周期持续成长,点评,一般报告,国信证券,"欧阳仕华,许亮",2019Q4,173800.0,,99300.0,93300.0,0.83,119.7,0.3,22.0,119.2,买入,,
688023.SH,安恒信息,20200227,安恒信息投资价值分析报告：飞驰的新兴安全黑马,深度,首次关注,中信证券,"杨泽原,刘雯蜀,潘儒琛",2019Q4,94518.0,,9200.0,9359.0,1.26,183.0,,9.09,,增持,,
688039.SH,当虹科技,20200227,当虹科技：业绩快报符合预期，广电一网整合与5G下游应用加速公司成长,点评,一般报告,国盛证券,"刘高畅,杨烨",2019Q4,28300.0,,8600.0,8100.0,1.01,123.7,,16.7,123.2,买入,,
688021.SH,奥福环保,20200227,奥福环保：业绩符合预期，受益于国六政策不断推进,点评,首次关注,安信证券,"邵琳琳,张汪强,汪磊",2021Q4,41300.0,,13770.0,12100.0,1.57,28.2,1.2,25.4,20.4,买入,,50.0
688023.SH,安恒信息,20200227,安恒信息：业绩符合预期，新场景新服务推动下增长将持续高于行业增速,点评,首次关注,中信建投,石泽蕤,2020Q4,142110.0,,,12126.0,1.637,105.37,,,,买入,,
688388.SH,嘉元科技,20200227,嘉元科技：6μm锂电铜箔高景气度，助力业绩稳步提升,点评,一般报告,兴业证券,"邱祖学,苏东,王丽佳",2021Q4,193500.0,,68500.0,58200.0,2.52,26.6,,16.1,,审慎增持,,
688111.SH,金山办公,20200227,金山办公：19年业绩符合预期，20年业绩有望更好,点评,首次评级,安信证券,"胡又文,黄净",2020Q4,253650.0,,79570.0,78370.0,1.7,126.8,0.0,32.2,124.5,买入,,
688008.SH,澜起科技,20200227,澜起科技财报点评：盈利能力大幅提升，5G周期持续成长,点评,一般报告,国信证券,"欧阳仕华,许亮",2020Q4,217200.0,,118200.0,111100.0,0.98,100.6,0.3,22.2,101.1,买入,,
688169.SH,石头科技,20200227,石头科技：盈利能力有所提高，自主品牌不断突破,点评,一般报告,华西证券,"刘菁,俞能飞,田仁秀",2019Q4,442272.0,,90667.0,75959.0,11.39,,,52.08,,买入,,
688039.SH,当虹科技,20200227,当虹科技：业绩符合预期，持续受益于超高清发展,点评,首份报告,招商证券,"余俊,蒋颖",2019Q4,28500.0,,9300.0,8600.0,1.07,106.5,,5.8,96.3,强烈推荐,,
688299.SH,长阳科技,20200227,长阳科技：量价齐升，业绩同比大幅增长,点评,一般报告,中信建投,"郑勇,胡世超",2019Q4,90995.0,,,,0.501,50.69,,18.79,24.03,增持,,
688363.SH,华熙生物,20200227,华熙生物：重点布局终端业务，收入利润快速增长,点评,一般报告,广发证券,"洪涛,罗佳荣,贾雨朦",2019Q4,187800.0,,72500.0,58500.0,1.22,68.41,,12.5,56.7,增持,,90.95
688039.SH,当虹科技,20200227,当虹科技：业绩快报符合预期，广电一网整合与5G下游应用加速公司成长,点评,一般报告,国盛证券,"刘高畅,杨烨",2020Q4,42000.0,,15100.0,14200.0,1.77,70.5,,22.8,67.7,买入,,
688023.SH,安恒信息,20200227,安恒信息投资价值分析报告：飞驰的新兴安全黑马,深度,首次关注,中信证券,"杨泽原,刘雯蜀,潘儒琛",2020Q4,137211.0,,12400.0,12631.0,1.71,136.0,,7.89,,增持,,
688169.SH,石头科技,20200227,石头科技：盈利能力有所提高，自主品牌不断突破,点评,一般报告,华西证券,"刘菁,俞能飞,田仁秀",2021Q4,753414.0,,166869.0,139799.0,20.97,,,35.68,,买入,,
688363.SH,华熙生物,20200227,华熙生物：重点布局终端业务，收入利润快速增长,点评,一般报告,广发证券,"洪涛,罗佳荣,贾雨朦",2021Q4,352800.0,,129900.0,105400.0,2.2,40.02,,16.2,32.41,增持,,90.95
688019.SH,安集科技,20200227,安集科技：下游客户扩产，抛光液龙头有望受益,点评,首次关注,申港证券,曹旭特,2021Q4,57380.0,,13200.0,12370.0,2.329,53.33,,20.16,48.97,买入,,
688268.SH,华特气体,20200227,华特气体：产品和客户结构升级助推业绩增长，特气龙头未来大有可为,点评,一般报告,中信建投,"郑勇,邓天泽",2021Q4,149198.0,,,14642.0,1.22,64.17,,11.26,51.7,买入,,
688039.SH,当虹科技,20200227,当虹科技：业绩符合预期，持续受益于超高清发展,点评,首份报告,招商证券,"余俊,蒋颖",2020Q4,41500.0,,12900.0,11900.0,1.48,76.9,,7.5,70.4,强烈推荐,,
002714.SZ,牧原股份,20200226,牧原股份年报点评：猪价上涨带动业绩大幅增长，产能进入快速扩张期,点评,一般报告,长江证券,"陈佳,余昌",2019Q4,2022100.0,727000.0,631900.0,611400.0,2.77,32.01,,26.0,23.65,买入,,
002714.SZ,牧原股份,20200226,牧原股份年报点评：猪价上涨带动业绩大幅增长，产能进入快速扩张期,点评,一般报告,长江证券,"陈佳,余昌",2020Q4,7012500.0,4692000.0,3936100.0,3932100.0,17.84,6.5,,63.0,5.19,买入,,
002714.SZ,牧原股份,20200226,牧原股份年报点评：猪价上涨带动业绩大幅增长，产能进入快速扩张期,点评,一般报告,长江证券,"陈佳,余昌",2021Q4,8025000.0,4762500.0,3874100.0,3872200.0,17.56,6.6,,38.0,4.45,买入,,
300630.SZ,普利制药,20200226,普利制药：业绩快报符合预期，国内外业务持续放量,点评,一般报告,长江证券,"高岳,方程嫣",2021Q4,178600.0,156200.0,84000.0,75200.0,2.74,20.7,,31.0,10.5,买入,,
300630.SZ,普利制药,20200226,普利制药：业绩快报符合预期，国内外业务持续放量,点评,一般报告,长江证券,"高岳,方程嫣",2020Q4,132200.0,113300.0,55400.0,50200.0,1.83,31.0,,30.0,17.04,买入,,
300630.SZ,普利制药,20200226,普利制药：业绩快报符合预期，国内外业务持续放量,点评,一般报告,长江证券,"高岳,方程嫣",2019Q4,95200.0,82500.0,33500.0,30000.0,1.09,51.9,,26.0,29.29,买入,,
002747.SZ,埃斯顿,20200226,逆周期发力下需求复苏，行业长期乐观─机械行业2020年春季投资策略,非个股,一般报告,上海证券,倪瑞超,2020Q4,,,,18495.814,0.22,,,,,谨慎增持,,
002747.SZ,埃斯顿,20200226,逆周期发力下需求复苏，行业长期乐观─机械行业2020年春季投资策略,非个股,一般报告,上海证券,倪瑞超,2019Q4,,,,13451.501,0.16,,,,,谨慎增持,,
688021.SH,奥福环保,20200226,奥福环保：国内蜂窝陶瓷龙头，受益国六排放标准升级,,首次关注,太平洋证券,"柳强,翟绪丽",2021Q4,41800.0,,11000.0,9600.0,1.25,35.4,,17.8,24.3,增持,,51.2
688021.SH,奥福环保,20200226,奥福环保：国内蜂窝陶瓷龙头，受益国六排放标准升级,,首次关注,太平洋证券,"柳强,翟绪丽",2020Q4,32200.0,,8200.0,7200.0,0.93,47.3,,16.2,30.9,增持,,51.2
688021.SH,奥福环保,20200226,奥福环保：国内蜂窝陶瓷龙头，受益国六排放标准升级,,首次关注,太平洋证券,"柳强,翟绪丽",2019Q4,26800.0,,5800.0,5100.0,0.66,66.5,,13.7,39.5,增持,,51.2
300192.SZ,科斯伍德,20200226,科斯伍德跟踪研究报告：中高考培训转在线，疫情影响有限,一般,一般报告,世纪证券,顾静,2021Q4,123208.0,,25725.0,21210.0,0.87,16.11,,20.76,,增持,,
300192.SZ,科斯伍德,20200226,科斯伍德跟踪研究报告：中高考培训转在线，疫情影响有限,一般,一般报告,世纪证券,顾静,2020Q4,111270.0,,21558.0,17775.0,0.73,19.23,,19.91,,增持,,
300192.SZ,科斯伍德,20200226,科斯伍德跟踪研究报告：中高考培训转在线，疫情影响有限,一般,一般报告,世纪证券,顾静,2019Q4,105117.0,,19242.0,8065.0,0.33,42.37,,10.27,,增持,,
300607.SZ,拓斯达,20200226,拓斯达：业绩总体符合市场预期，大客户拓展成效开始显现,点评,一般报告,太平洋证券,"钱建江,刘国清",2019Q4,166270.0,,22520.0,19506.0,1.32,42.77,,17.61,31.52,买入,,
300573.SZ,兴齐眼药,20200226,兴齐眼药：业绩符合预期，环孢素有望Q1获批上市,点评,一般报告,太平洋证券,"杜佐远,李蕾",2021Q4,109861.0,,24038.0,20533.0,2.491,33.4,,,,买入,,120.0
300607.SZ,拓斯达,20200226,拓斯达：业绩总体符合市场预期，大客户拓展成效开始显现,点评,一般报告,太平洋证券,"钱建江,刘国清",2021Q4,332280.0,,50511.0,43740.0,2.96,19.07,,23.62,14.48,买入,,
300607.SZ,拓斯达,20200226,拓斯达：业绩总体符合市场预期，大客户拓展成效开始显现,点评,一般报告,太平洋证券,"钱建江,刘国清",2020Q4,258414.0,,35402.0,30673.0,2.07,27.2,,21.69,20.85,买入,,
300573.SZ,兴齐眼药,20200226,兴齐眼药：业绩符合预期，环孢素有望Q1获批上市,点评,一般报告,太平洋证券,"杜佐远,李蕾",2020Q4,74072.0,,11343.0,10042.0,1.218,68.3,,,,买入,,120.0
300573.SZ,兴齐眼药,20200226,兴齐眼药：业绩符合预期，环孢素有望Q1获批上市,点评,一般报告,太平洋证券,"杜佐远,李蕾",2019Q4,54243.0,,3712.0,3859.0,0.468,177.76,,,,买入,,120.0
002838.SZ,道恩股份,20200226,道恩股份：业绩持续快速增长，受益口罩用熔喷料需求大增,点评,一般报告,华西证券,杨伟,2021Q4,493529.0,,56089.0,47139.0,1.16,25.7,,23.46,,增持,,
002838.SZ,道恩股份,20200226,道恩股份：业绩持续快速增长，受益口罩用熔喷料需求大增,点评,一般报告,华西证券,杨伟,2020Q4,396763.0,,50181.0,42479.0,1.04,28.52,,27.61,,增持,,
002838.SZ,道恩股份,20200226,道恩股份：业绩持续快速增长，受益口罩用熔喷料需求大增,点评,一般报告,华西证券,杨伟,2019Q4,268526.0,,20595.0,16879.0,0.41,71.77,,15.16,,增持,,
300628.SZ,亿联网络,20200226,亿联网络：信息技术技术硬件与设备业绩持续高增长，统一通信龙头地位稳固,点评,一般报告,太平洋证券,"李宏涛,赵晖",2021Q4,452165.0,,236392.0,215548.0,3.6,28.76,,30.78,27.04,增持,,110.0
300628.SZ,亿联网络,20200226,亿联网络：信息技术技术硬件与设备业绩持续高增长，统一通信龙头地位稳固,点评,一般报告,太平洋证券,"李宏涛,赵晖",2019Q4,249349.0,,136995.0,125134.0,2.09,49.54,,28.58,48.02,增持,,110.0
002023.SZ,海特高新,20200226,海特高新：深度布局GaAs及GaN，持续关注客户拓展和订单落地,点评,一般报告,安信证券,"冯福章,张傲",2021Q4,138380.0,,17810.0,24120.0,0.32,65.9,0.4,6.5,56.9,买入,,
002023.SZ,海特高新,20200226,海特高新：深度布局GaAs及GaN，持续关注客户拓展和订单落地,点评,一般报告,安信证券,"冯福章,张傲",2020Q4,93960.0,,10660.0,15230.0,0.2,104.3,0.2,4.3,69.7,买入,,
002023.SZ,海特高新,20200226,海特高新：深度布局GaAs及GaN，持续关注客户拓展和订单落地,点评,一般报告,安信证券,"冯福章,张傲",2019Q4,67440.0,,5040.0,6710.0,0.09,236.9,0.3,2.0,87.0,买入,,
002677.SZ,浙江美大,20200226,浙江美大：浙江美大逆势增长,点评,一般报告,国联证券,钱建,2019Q4,169509.0,,53987.0,46279.0,0.72,16.75,,31.25,11.44,推荐,,
002409.SZ,雅克科技,20200226,雅克科技：进军光刻胶领域，半导体材料平台再扩大,点评,一般报告,太平洋证券,"柳强,翟绪丽",2021Q4,304100.0,,56200.0,44900.0,0.97,42.4,,8.6,24.6,买入,,54.6
300628.SZ,亿联网络,20200226,亿联网络：信息技术技术硬件与设备业绩持续高增长，统一通信龙头地位稳固,点评,一般报告,太平洋证券,"李宏涛,赵晖",2020Q4,346958.0,,179920.0,163960.0,2.73,37.81,,29.75,35.56,增持,,110.0
002677.SZ,浙江美大,20200226,浙江美大：浙江美大逆势增长,点评,一般报告,国联证券,钱建,2021Q4,248161.0,,77854.0,66476.0,1.03,11.66,,37.29,7.62,推荐,,
002677.SZ,浙江美大,20200226,浙江美大：浙江美大逆势增长,点评,一般报告,国联证券,钱建,2020Q4,206801.0,,63793.0,54374.0,0.84,14.26,,33.63,9.48,推荐,,
002409.SZ,雅克科技,20200226,雅克科技：进军光刻胶领域，半导体材料平台再扩大,点评,一般报告,太平洋证券,"柳强,翟绪丽",2020Q4,243300.0,,45300.0,36200.0,0.78,52.7,,7.6,31.0,买入,,54.6
002024.SZ,苏宁易购,20200226,苏宁易购：家乐福重焕活力，大快消再展宏图,点评,一般报告,广发证券,洪涛,2020Q4,32649600.0,,69400.0,64500.0,0.07,145.98,,0.7,28.17,买入,,14.01
002409.SZ,雅克科技,20200226,雅克科技：进军光刻胶领域，半导体材料平台再扩大,点评,一般报告,太平洋证券,"柳强,翟绪丽",2019Q4,185700.0,,31800.0,25400.0,0.55,74.9,,5.7,45.6,买入,,54.6
002024.SZ,苏宁易购,20200226,苏宁易购：家乐福重焕活力，大快消再展宏图,点评,一般报告,广发证券,洪涛,2021Q4,37100200.0,,347800.0,313300.0,0.34,30.04,,3.5,16.75,买入,,14.01
002024.SZ,苏宁易购,20200226,苏宁易购：家乐福重焕活力，大快消再展宏图,点评,一般报告,广发证券,洪涛,2019Q4,27797900.0,,1155000.0,1106400.0,1.19,8.51,,12.3,,买入,,14.01
603588.SH,高能环境,20200226,高能环境：医疗废物处置体系加速建设，利好高能环境,点评,一般报告,财信证券,黄红卫,2021Q4,760397.0,,,64169.0,0.95,11.85,,,,谨慎推荐,,
603588.SH,高能环境,20200226,高能环境：医疗废物处置体系加速建设，利好高能环境,点评,一般报告,财富证券,黄红卫,2019Q4,494736.0,,,42659.0,0.63,17.83,,,,谨慎推荐,,
300750.SZ,宁德时代,20200226,宁德时代：再融资明确扩产周期，新产品提升全球地位,点评,一般报告,广发证券,"陈子坤,纪成炜",2021Q4,8227534.0,,1168400.0,903784.0,4.09,37.35,,17.0,13.65,买入,,
300750.SZ,宁德时代,20200226,宁德时代：再融资明确扩产周期，新产品提升全球地位,点评,一般报告,广发证券,"陈子坤,纪成炜",2020Q4,5623966.0,,814500.0,630039.0,2.85,53.58,,14.3,19.38,买入,,
603588.SH,高能环境,20200226,高能环境：医疗废物处置体系加速建设，利好高能环境,点评,一般报告,财富证券,黄红卫,2020Q4,625841.0,,,53326.0,0.79,14.26,,,,谨慎推荐,,
300750.SZ,宁德时代,20200226,宁德时代：再融资明确扩产周期，新产品提升全球地位,点评,一般报告,广发证券,"陈子坤,纪成炜",2019Q4,4102453.0,,577800.0,441694.0,2.0,76.43,,11.7,28.02,买入,,
002032.SZ,苏泊尔,20200226,苏泊尔：超越行业，业绩维持良好增长,点评,一般报告,广发证券,"曾婵,袁雨辰,王朝宁,黄涛",2021Q4,2433100.0,,298600.0,247800.0,3.02,25.12,,25.2,19.39,买入,,78.4
002032.SZ,苏泊尔,20200226,苏泊尔：超越行业，业绩维持良好增长,点评,一般报告,广发证券,"曾婵,袁雨辰,王朝宁,黄涛",2020Q4,2151500.0,,253300.0,210200.0,2.56,29.63,,25.1,23.03,买入,,78.4
002032.SZ,苏泊尔,20200226,苏泊尔：超越行业，业绩维持良好增长,点评,一般报告,广发证券,"曾婵,袁雨辰,王朝宁,黄涛",2019Q4,1985200.0,,231400.0,192000.0,2.34,32.83,,27.0,25.5,买入,,78.4
300607.SZ,拓斯达,20200226,拓斯达：下游需求逐步改善，单季度业绩加速,点评,一般报告,广发证券,"罗立波,代川,孙柏阳",2021Q4,317500.0,,42600.0,36900.0,2.49,20.09,,15.4,14.54,增持,,63.92
300607.SZ,拓斯达,20200226,拓斯达：下游需求逐步改善，单季度业绩加速,点评,一般报告,广发证券,"罗立波,代川,孙柏阳",2020Q4,262400.0,,35200.0,30500.0,2.06,24.28,,15.1,17.89,增持,,63.92
300607.SZ,拓斯达,20200226,拓斯达：下游需求逐步改善，单季度业绩加速,点评,一般报告,广发证券,"罗立波,代川,孙柏阳",2019Q4,166400.0,,22500.0,19500.0,1.32,38.04,,11.3,25.88,增持,,63.92
002967.SZ,广电计量,20200226,广电计量：预计归母净利润增长39.15%，各业务齐头并进,点评,一般报告,广发证券,"罗立波,代川,孙柏阳",2021Q4,268500.0,,38100.0,34800.0,1.05,38.61,,16.4,26.92,买入,,
002967.SZ,广电计量,20200226,广电计量：预计归母净利润增长39.15%，各业务齐头并进,点评,一般报告,广发证券,"罗立波,代川,孙柏阳",2020Q4,211100.0,,26400.0,24000.0,0.73,55.86,,13.5,36.38,买入,,
002967.SZ,广电计量,20200226,广电计量：预计归母净利润增长39.15%，各业务齐头并进,点评,一般报告,广发证券,"罗立波,代川,孙柏阳",2019Q4,158800.0,,18600.0,17000.0,0.51,79.06,,11.0,48.73,买入,,
601100.SH,恒立液压,20200226,专项债发行创新高，逆周期行业受益：工程机械行业点评,非个股,一般报告,招商证券,"诸凯,吴丹,刘荣,陈铭",2020Q4,,,,149058.0,1.69,,,,,强烈推荐,,
600760.SH,中航沈飞,20200226,国防军工行业：新航司成立，拉动国产大飞机需求,非个股,一般报告,东兴证券,"陆洲,王习,朱雨时",2019Q4,,,,92425.693,0.66,,,,,强烈推荐,,
002465.SZ,海格通信,20200226,北斗：天地一体筑精准时空，无边界业态显现,非个股,一般报告,国金证券,"王华君,赵玥炜",2020Q4,,,,71465.07,0.31,,,,,无,,
002405.SZ,四维图新,20200226,北斗：天地一体筑精准时空，无边界业态显现,非个股,一般报告,国金证券,"王华君,赵玥炜",2021Q4,,,,68654.711,0.35,,,,,无,,
601100.SH,恒立液压,20200226,专项债发行创新高，逆周期行业受益：工程机械行业点评,非个股,一般报告,招商证券,"诸凯,吴丹,刘荣,陈铭",2019Q4,,,,118188.0,1.34,,,,,强烈推荐,,
002405.SZ,四维图新,20200226,北斗：天地一体筑精准时空，无边界业态显现,非个股,一般报告,国金证券,"王华君,赵玥炜",2020Q4,,,,51000.642,0.26,,,,,无,,
002065.SZ,东华软件,20200226,通信：5G全场景，华为新终端与HMS生态解构——华为产业系列深度之二,非个股,一般报告,申万宏源证券,"朱型檑,杨海燕,骆思远,黄忠煌,林起贤",2021Q4,,,,146700.0,0.471,,,,,无,,
002465.SZ,海格通信,20200226,北斗：天地一体筑精准时空，无边界业态显现,非个股,一般报告,国金证券,"王华君,赵玥炜",2021Q4,,,,92212.994,0.4,,,,,无,,
002465.SZ,海格通信,20200226,借力智能汽车布局，北斗有望“弯道超车”：军工行业太空经济2.0系列,非个股,一般报告,中信证券,"李建伟,陈卓",2020Q4,,,,71465.07,0.31,,,,,买入,,
600141.SH,兴发集团,20200226,【方正化工】磷肥：产能周期启动,非个股,一般报告,方正证券,"李永磊,于宏杰",2019Q4,,,,42157.539,0.41,,,,,无,,
600760.SH,中航沈飞,20200226,国防军工行业：新航司成立，拉动国产大飞机需求,非个股,一般报告,东兴证券,"陆洲,王习,朱雨时",2020Q4,,,,106429.586,0.76,,,,,强烈推荐,,
600141.SH,兴发集团,20200226,【方正化工】磷肥：产能周期启动,非个股,一般报告,方正证券,"李永磊,于宏杰",2020Q4,,,,56552.796,0.55,,,,,无,,
000768.SZ,中航飞机,20200226,国防军工行业：新航司成立，拉动国产大飞机需求,非个股,一般报告,东兴证券,"陆洲,王习,朱雨时",2019Q4,,,,85827.997,0.31,,,,,强烈推荐,,
600176.SH,中国巨石,20200226,建材行业2019年报前瞻：业绩分化明显，早周期与装修建材表现突出,非个股,一般报告,中银国际,王军,2019Q4,,,,234654.559,0.67,,,,,买入,,
000902.SZ,新洋丰,20200226,【方正化工】磷肥：产能周期启动,非个股,一般报告,方正证券,"李永磊,于宏杰",2020Q4,,,,84794.404,0.65,,,,,无,,
000902.SZ,新洋丰,20200226,【方正化工】磷肥：产能周期启动,非个股,一般报告,方正证券,"李永磊,于宏杰",2019Q4,,,,67835.523,0.52,,,,,无,,
002465.SZ,海格通信,20200226,借力智能汽车布局，北斗有望“弯道超车”：军工行业太空经济2.0系列,非个股,一般报告,中信证券,"李建伟,陈卓",2019Q4,,,,55327.796,0.24,,,,,买入,,
002065.SZ,东华软件,20200226,通信：5G全场景，华为新终端与HMS生态解构——华为产业系列深度之二,非个股,一般报告,申万宏源证券,"朱型檑,杨海燕,骆思远,黄忠煌,林起贤",2020Q4,,,,120200.0,0.386,,,,,无,,
002538.SZ,司尔特,20200226,【方正化工】磷肥：产能周期启动,非个股,一般报告,方正证券,"李永磊,于宏杰",2020Q4,,,,31597.561,0.44,,,,,无,,
002065.SZ,东华软件,20200226,通信：5G全场景，华为新终端与HMS生态解构——华为产业系列深度之二,非个股,一般报告,申万宏源证券,"朱型檑,杨海燕,骆思远,黄忠煌,林起贤",2019Q4,,,,69800.0,0.224,,,,,无,,
000768.SZ,中航飞机,20200226,国防军工行业：新航司成立，拉动国产大飞机需求,非个股,一般报告,东兴证券,"陆洲,王习,朱雨时",2020Q4,,,,116283.093,0.42,,,,,强烈推荐,,
002538.SZ,司尔特,20200226,【方正化工】磷肥：产能周期启动,非个股,一般报告,方正证券,"李永磊,于宏杰",2019Q4,,,,26570.676,0.37,,,,,无,,
601636.SH,旗滨集团,20200226,建材行业2019年报前瞻：业绩分化明显，早周期与装修建材表现突出,非个股,一般报告,中银国际,王军,2019Q4,,,,118258.929,0.44,,,,,买入,,
002405.SZ,四维图新,20200226,北斗：天地一体筑精准时空，无边界业态显现,非个股,一般报告,国金证券,"王华君,赵玥炜",2019Q4,,,,37269.7,0.19,,,,,无,,
600096.SH,云天化,20200226,【方正化工】磷肥：产能周期启动,非个股,一般报告,方正证券,"李永磊,于宏杰",2020Q4,,,,47270.346,0.33,,,,,无,,
600096.SH,云天化,20200226,【方正化工】磷肥：产能周期启动,非个股,一般报告,方正证券,"李永磊,于宏杰",2019Q4,,,,32945.999,0.23,,,,,无,,
002695.SZ,煌上煌,20200226,煌上煌公司动态点评：疫情影响有限，加速增长趋势不变,点评,首份报告,长城证券,黄瑞云,2021Q4,325968.0,,52196.0,39500.0,0.77,20.0,,14.7,12.89,推荐,,20.3
002695.SZ,煌上煌,20200226,煌上煌公司动态点评：疫情影响有限，加速增长趋势不变,点评,首份报告,长城证券,黄瑞云,2019Q4,226761.0,,32671.0,24200.0,0.47,33.0,,11.8,20.58,推荐,,20.3
688008.SH,澜起科技,20200226,澜起科技：营收平稳，净利润持续增长,,一般报告,中银国际,"王达婷,赵琦",2020Q4,239000.0,,122800.0,115500.0,1.022,108.5,,22.4,101.1,增持,,
688008.SH,澜起科技,20200226,澜起科技：营收平稳，净利润持续增长,,一般报告,中银国际,"王达婷,赵琦",2019Q4,173800.0,,99400.0,93300.0,0.826,134.3,,22.6,130.9,增持,,
601225.SH,陕西煤业,20200226,陕西煤业：2019年度业绩快报超预期，上调盈利预测重申“买入”,点评,一般报告,华西证券,"丁一洪,洪奕昕",2021Q4,7572617.0,,1965107.0,1128754.0,1.16,6.84,,13.84,,买入,,13.92
002252.SZ,上海莱士,20200226,上海莱士：业绩恢复正常增长，血制品供不应求,点评,首次关注,华西证券,"崔文亮,周平",2020Q4,311519.0,,116562.0,99077.0,0.2,46.39,,7.92,,中性,,
002695.SZ,煌上煌,20200226,煌上煌公司动态点评：疫情影响有限，加速增长趋势不变,点评,首份报告,长城证券,黄瑞云,2020Q4,260775.0,,39853.0,29900.0,0.58,27.0,,12.9,16.29,推荐,,20.3
688008.SH,澜起科技,20200226,澜起科技：营收平稳，净利润持续增长,,一般报告,中银国际,"王达婷,赵琦",2021Q4,327400.0,,171100.0,160700.0,1.422,78.0,,24.5,72.1,增持,,
601225.SH,陕西煤业,20200226,陕西煤业：2019年度业绩快报超预期，上调盈利预测重申“买入”,点评,一般报告,华西证券,"丁一洪,洪奕昕",2020Q4,7267753.0,,1823954.0,1078950.0,1.11,7.15,,15.35,,买入,,13.92
601225.SH,陕西煤业,20200226,陕西煤业：2019年度业绩快报超预期，上调盈利预测重申“买入”,点评,一般报告,华西证券,"丁一洪,洪奕昕",2019Q4,7340340.0,,1935846.0,1159556.0,1.196,6.66,,19.49,,买入,,13.92
002252.SZ,上海莱士,20200226,上海莱士：业绩恢复正常增长，血制品供不应求,点评,首次关注,华西证券,"崔文亮,周平",2021Q4,358247.0,,136193.0,115764.0,0.23,39.71,,8.47,,中性,,
002252.SZ,上海莱士,20200226,上海莱士：业绩恢复正常增长，血制品供不应求,点评,首次关注,华西证券,"崔文亮,周平",2019Q4,259599.0,,73524.0,62496.0,0.1256,73.55,,5.43,,中性,,
300750.SZ,宁德时代,20200226,宁德时代：扩充产能加大研发，巩固全球龙头地位,点评,一般报告,华西证券,"崔琰,刘静远",2021Q4,7641753.0,,878194.0,707398.0,3.2,47.72,,14.09,,增持,,176.4
300750.SZ,宁德时代,20200226,宁德时代：扩充产能加大研发，巩固全球龙头地位,点评,一般报告,华西证券,"崔琰,刘静远",2019Q4,4151499.0,,533223.0,429519.0,1.94,78.59,,11.43,,增持,,176.4
300750.SZ,宁德时代,20200226,宁德时代：扩充产能加大研发，巩固全球龙头地位,点评,一般报告,华西证券,"崔琰,刘静远",2020Q4,5732707.0,,690470.0,556183.0,2.52,60.7,,12.89,,增持,,176.4
002714.SZ,牧原股份,20200226,牧原股份：业绩符合预期，产能弹性领跑行业,点评,一般报告,广发证券,"王乾,钱浩",2022Q4,7152000.0,,2452000.0,2391600.0,10.85,10.69,,28.3,8.41,买入,,135.0
002714.SZ,牧原股份,20200226,牧原股份：业绩符合预期，产能弹性领跑行业,点评,一般报告,广发证券,"王乾,钱浩",2021Q4,6015000.0,,2387300.0,2334300.0,10.59,10.96,,36.5,8.97,买入,,135.0
002714.SZ,牧原股份,20200226,牧原股份：业绩符合预期，产能弹性领跑行业,点评,一般报告,广发证券,"王乾,钱浩",2020Q4,5970000.0,,3347200.0,3291400.0,14.93,7.77,,73.1,6.87,买入,,135.0
002714.SZ,牧原股份,20200226,牧原股份：业绩符合预期，产能弹性领跑行业,点评,一般报告,广发证券,"王乾,钱浩",2019Q4,2022100.0,,631900.0,611400.0,2.77,32.01,,26.5,24.12,买入,,135.0
002241.SZ,歌尔股份,20200226,歌尔股份：TWS业务进展顺利，营收、净利润高速增长,点评,一般报告,中银国际,"王达婷,赵琦",2020Q4,4593400.0,,214300.0,188100.0,0.58,43.0,0.3,10.7,18.0,买入,,
002241.SZ,歌尔股份,20200226,歌尔股份：TWS业务进展顺利，营收、净利润高速增长,点评,一般报告,中银国际,"王达婷,赵琦",2019Q4,3516000.0,,148300.0,130700.0,0.403,61.9,0.2,8.1,22.8,买入,,
002078.SZ,太阳纸业,20200226,太阳纸业：文化纸需求向好，公司中长期增长动能依然充足,点评,一般报告,国盛证券,"严大林,黄莎",2021Q4,2803400.0,,367800.0,307600.0,1.19,7.6,,15.7,5.2,买入,,
002078.SZ,太阳纸业,20200226,太阳纸业：文化纸需求向好，公司中长期增长动能依然充足,点评,一般报告,国盛证券,"严大林,黄莎",2020Q4,2322200.0,,303200.0,253700.0,0.98,9.2,,15.2,5.8,买入,,
002078.SZ,太阳纸业,20200226,太阳纸业：文化纸需求向好，公司中长期增长动能依然充足,点评,一般报告,国盛证券,"严大林,黄莎",2019Q4,2143500.0,,252700.0,211400.0,0.82,11.0,,14.7,7.2,买入,,
002241.SZ,歌尔股份,20200226,歌尔股份：TWS业务进展顺利，营收、净利润高速增长,点评,一般报告,中银国际,"王达婷,赵琦",2021Q4,5528400.0,,250500.0,220000.0,0.678,36.8,0.4,11.4,15.8,买入,,
300580.SZ,贝斯特,20200226,贝斯特公司深度报告：持续加码新能源，新兴业务多点开花,深度,一般报告,长城证券,"孙志东,刘欣畅,刘佳",2021Q4,126830.0,,29215.0,25500.0,1.27,15.5,,13.2,8.9,推荐,,26.68
300580.SZ,贝斯特,20200226,贝斯特公司深度报告：持续加码新能源，新兴业务多点开花,深度,一般报告,长城证券,"孙志东,刘欣畅,刘佳",2020Q4,106282.0,,24473.0,21300.0,1.07,18.51,,12.5,10.78,推荐,,26.68
300580.SZ,贝斯特,20200226,贝斯特公司深度报告：持续加码新能源，新兴业务多点开花,深度,一般报告,长城证券,"孙志东,刘欣畅,刘佳",2019Q4,79835.0,,19490.0,17000.0,0.85,23.24,,11.2,15.18,推荐,,26.68
300750.SZ,宁德时代,20200226,宁德时代：拟定增不超200亿扩产投研发，全球备战粮草充足,点评,一般报告,中泰证券,"苏晨,邹玲玲",2021Q4,6346858.0,,1005000.0,693570.0,3.14,,0.1,13.65,15.8,增持,,
300750.SZ,宁德时代,20200226,宁德时代：拟定增不超200亿扩产投研发，全球备战粮草充足,点评,一般报告,中泰证券,"苏晨,邹玲玲",2019Q4,4358817.0,,583500.0,468110.0,2.12,,0.0,12.12,27.8,增持,,
600732.SH,ST爱旭,20200226,ST爱旭：业绩符合预期，定增促产能扩张,点评,一般报告,华金证券,"肖索,宇文甸",2022Q4,2125400.0,,274400.0,244200.0,1.33,8.6,,31.2,6.6,买入,,
600732.SH,ST爱旭,20200226,ST爱旭：业绩符合预期，定增促产能扩张,点评,一般报告,华金证券,"肖索,宇文甸",2021Q4,1627300.0,,181400.0,161400.0,0.88,12.9,,30.0,10.0,买入,,
600732.SH,ST爱旭,20200226,ST爱旭：业绩符合预期，定增促产能扩张,点评,一般报告,华金证券,"肖索,宇文甸",2020Q4,1098700.0,,135800.0,120900.0,0.66,17.3,,32.0,13.9,买入,,
300363.SZ,博腾股份,20200226,博腾股份：战略转型效果显著，业绩快速增长,点评,首份报告,安信证券,"马帅,冯雪云",2021Q4,269610.0,,34260.0,30760.0,0.57,46.4,0.4,8.7,25.3,增持,,
300363.SZ,博腾股份,20200226,博腾股份：战略转型效果显著，业绩快速增长,点评,首份报告,安信证券,"马帅,冯雪云",2020Q4,205020.0,,26520.0,23800.0,0.44,60.0,0.3,7.2,31.4,增持,,
300750.SZ,宁德时代,20200226,宁德时代：拟定增不超200亿扩产投研发，全球备战粮草充足,点评,一般报告,中泰证券,"苏晨,邹玲玲",2020Q4,5601331.0,,759400.0,588910.0,2.67,,0.1,13.3,21.1,增持,,
002714.SZ,牧原股份,20200226,牧原股份：业绩符合预期，未来迎来高爆发式增长期,点评,一般报告,方正证券,"程一胜,江娜",2022Q4,8910000.0,,3571278.0,3455284.0,15.67,7.4,,25.0,-2.82,强烈推荐,,
002714.SZ,牧原股份,20200226,牧原股份：业绩符合预期，未来迎来高爆发式增长期,点评,一般报告,方正证券,"程一胜,江娜",2021Q4,7920000.0,,4277835.0,4140138.0,18.78,6.18,,40.0,-1.66,强烈推荐,,
002714.SZ,牧原股份,20200226,牧原股份：业绩符合预期，未来迎来高爆发式增长期,点评,一般报告,方正证券,"程一胜,江娜",2020Q4,6745600.0,,4021300.0,3888971.0,17.64,6.58,,63.0,-0.9,强烈推荐,,
002714.SZ,牧原股份,20200226,牧原股份：业绩符合预期，未来迎来高爆发式增长期,点评,一般报告,方正证券,"程一胜,江娜",2019Q4,2022133.0,,631935.0,611436.0,2.77,41.83,,26.0,31.61,强烈推荐,,
002273.SZ,水晶光电,20200226,水晶光电：4Q19营收创新高，净利润增速显著加快,点评,一般报告,群益证券,朱吉翔,2021Q4,492200.0,,101600.0,88600.0,0.73,27.77,0.99,,,买入,,24.0
002273.SZ,水晶光电,20200226,水晶光电：4Q19营收创新高，净利润增速显著加快,点评,一般报告,群益证券,朱吉翔,2020Q4,388700.0,,71800.0,63000.0,0.52,39.04,0.74,,,买入,,24.0
002036.SZ,联创电子,20200226,联创电子投资价值分析报告：深耕光学主赛道，受益玻塑混合趋势,深度,首次评级,光大证券,"石崎良,刘凯",2021Q4,721800.0,132470.0,65000.0,57200.0,0.8,26.0,0.4,17.14,18.5,增持,,
002036.SZ,联创电子,20200226,联创电子投资价值分析报告：深耕光学主赛道，受益玻塑混合趋势,深度,首次评级,光大证券,"石崎良,刘凯",2020Q4,656700.0,112075.0,51200.0,45100.0,0.63,34.0,0.3,16.04,21.9,增持,,
002036.SZ,联创电子,20200226,联创电子投资价值分析报告：深耕光学主赛道，受益玻塑混合趋势,深度,首次评级,光大证券,"石崎良,刘凯",2019Q4,599500.0,95035.0,39400.0,35600.0,0.5,42.0,0.2,14.85,25.8,增持,,
300363.SZ,博腾股份,20200226,博腾股份：战略转型效果显著，业绩快速增长,点评,首份报告,安信证券,"马帅,冯雪云",2019Q4,155130.0,,19380.0,18550.0,0.34,77.0,0.3,6.0,37.8,增持,,
002273.SZ,水晶光电,20200226,水晶光电：4Q19营收创新高，净利润增速显著加快,点评,一般报告,群益证券,朱吉翔,2019Q4,300400.0,,56800.0,50000.0,0.41,49.16,0.59,,,买入,,24.0
688023.SH,安恒信息,20200226,安恒信息：以平台能力构建大安全蓝图,,首次关注,方正证券,"方闻千,陈杭",2021Q4,191143.0,136180.0,17945.0,17586.0,2.37,97.43,,9.0,,推荐,,
688023.SH,安恒信息,20200226,安恒信息：以平台能力构建大安全蓝图,,首次关注,方正证券,"方闻千,陈杭",2019Q4,94528.0,63640.0,9217.0,9359.0,1.26,183.08,,6.0,,推荐,,
688396.SH,华润微,20200226,华润微：功率半导体领军企业,,首次关注,方正证券,陈杭,2021Q4,839925.0,200979.0,99383.0,70472.0,0.802,22.11,,12.0,,强烈推荐,,
688396.SH,华润微,20200226,华润微：功率半导体领军企业,,首次关注,方正证券,陈杭,2020Q4,688365.0,150025.0,67215.0,47662.0,0.542,32.66,,10.0,,强烈推荐,,
002126.SZ,银轮股份,20200226,银轮股份业绩快报跟踪点评：四季度业绩改善明显，热管理成长空间广阔,一般,一般报告,万联证券,周春林,2021Q4,777100.0,,66900.0,50900.0,0.63,17.94,,10.7,10.1,增持,,
002126.SZ,银轮股份,20200226,银轮股份业绩快报跟踪点评：四季度业绩改善明显，热管理成长空间广阔,一般,一般报告,万联证券,周春林,2020Q4,645500.0,,51400.0,39100.0,0.49,23.36,,9.1,12.2,增持,,
688023.SH,安恒信息,20200226,安恒信息：以平台能力构建大安全蓝图,,首次关注,方正证券,"方闻千,陈杭",2020Q4,137442.0,97590.0,12881.0,12752.0,1.72,134.37,,7.0,,推荐,,
002126.SZ,银轮股份,20200226,银轮股份业绩快报跟踪点评：四季度业绩改善明显，热管理成长空间广阔,一般,一般报告,万联证券,周春林,2019Q4,537000.0,,42100.0,32000.0,0.4,28.5,,8.1,14.1,增持,,
002714.SZ,牧原股份,20200226,牧原股份：扩张速度前所未有，未来三年高增长可期,一般,一般报告,招商证券,"雷轶,陈晗",2020Q4,7095100.0,,4442400.0,4298300.0,19.5,5.9,,66.6,12.2,强烈推荐,175.47,136.48
002714.SZ,牧原股份,20200226,牧原股份：扩张速度前所未有，未来三年高增长可期,一般,一般报告,招商证券,"雷轶,陈晗",2019Q4,2022100.0,,631900.0,611400.0,2.77,41.8,,26.5,66.6,强烈推荐,175.47,136.48
002032.SZ,苏泊尔,20200226,苏泊尔：业绩稳健，龙头实力彰显——2019 年业绩快报点评,点评,一般报告,中泰证券,邓欣,2021Q4,2640800.0,831800.0,335100.0,266700.0,3.25,23.35,,26.78,,增持,,
002032.SZ,苏泊尔,20200226,苏泊尔：业绩稳健，龙头实力彰显——2019 年业绩快报点评,点评,一般报告,中泰证券,邓欣,2020Q4,2287000.0,715800.0,288000.0,227700.0,2.77,27.35,,27.12,,增持,,
002714.SZ,牧原股份,20200226,牧原股份：扩张速度前所未有，未来三年高增长可期,一般,一般报告,招商证券,"雷轶,陈晗",2021Q4,9723000.0,,5196500.0,5028000.0,22.81,5.1,,49.3,10.3,强烈推荐,175.47,136.48
002032.SZ,苏泊尔,20200226,苏泊尔：业绩稳健，龙头实力彰显——2019 年业绩快报点评,点评,一般报告,中泰证券,邓欣,2019Q4,1985100.0,620000.0,245000.0,192000.0,2.34,32.42,,27.2,,增持,,
300628.SZ,亿联网络,20200226,亿联网络：高增长符合预期，业务将保持稳健推进,点评,一般报告,中泰证券,"陈宁玉,易景明,周铃雅",2020Q4,329000.0,,170700.0,156000.0,2.602,,,29.18,,买入,,
688021.SH,奥福环保,20200226,奥福环保：公司业绩稳定向好，抓住标准转换机遇进入快速增长期,,一般报告,华西证券,"杨伟,王天鹤",2020Q4,32776.0,,9933.0,8443.0,1.09,43.2,,9.2,,买入,,
688021.SH,奥福环保,20200226,奥福环保：公司业绩稳定向好，抓住标准转换机遇进入快速增长期,,一般报告,华西证券,"杨伟,王天鹤",2019Q4,26808.0,,6045.0,5138.0,0.66,70.99,,6.16,,买入,,
300628.SZ,亿联网络,20200226,亿联网络：高增长符合预期，业务将保持稳健推进,点评,一般报告,中泰证券,"陈宁玉,易景明,周铃雅",2021Q4,428900.0,,206200.0,188600.0,3.146,,,28.47,,买入,,
002206.SZ,海利得,20200226,海利得：差别化工业丝龙头，越南项目助成长,深度,首次评级,国金证券,"蒲强,王明辉",2021Q4,500600.0,104900.0,54600.0,48600.0,0.398,10.06,,13.22,,增持,5.1,5.1
002714.SZ,牧原股份,20200226,牧原股份：扩张速度前所未有，未来三年高增长可期,一般,一般报告,招商证券,"雷轶,陈晗",2022Q4,12009600.0,,5297600.0,5125900.0,23.25,5.0,,36.4,10.0,强烈推荐,175.47,136.48
300628.SZ,亿联网络,20200226,亿联网络：高增长符合预期，业务将保持稳健推进,点评,一般报告,中泰证券,"陈宁玉,易景明,周铃雅",2019Q4,249300.0,,136800.0,125100.0,2.087,,,28.96,,买入,,
688021.SH,奥福环保,20200226,奥福环保：公司业绩稳定向好，抓住标准转换机遇进入快速增长期,,一般报告,华西证券,"杨伟,王天鹤",2021Q4,47052.0,,16796.0,14277.0,1.85,25.55,,13.46,,买入,,
002206.SZ,海利得,20200226,海利得：差别化工业丝龙头，越南项目助成长,深度,首次评级,国金证券,"蒲强,王明辉",2020Q4,421100.0,83900.0,42300.0,37200.0,0.304,13.15,,10.99,,增持,5.1,5.1
002206.SZ,海利得,20200226,海利得：差别化工业丝龙头，越南项目助成长,深度,首次评级,国金证券,"蒲强,王明辉",2019Q4,385800.0,74300.0,36600.0,31800.0,0.26,15.36,,10.07,,增持,5.1,5.1
300782.SZ,卓胜微,20200226,卓胜微：5G大潮起，射频龙头迎来高增长期,点评,一般报告,方正证券,"兰飞,贺茂飞",2021Q4,290020.0,,110501.0,100001.0,10.0,67.51,,37.0,33.08,推荐,,
300782.SZ,卓胜微,20200226,卓胜微：5G大潮起，射频龙头迎来高增长期,点评,一般报告,方正证券,"兰飞,贺茂飞",2020Q4,226280.0,,83719.0,75765.0,7.58,89.11,,44.0,45.17,推荐,,
002777.SZ,久远银海,20200226,久远银海公司点评报告：业绩符合预期，民生IT迎来高景气周期,点评,一般报告,国元证券,"耿军军,陈图南",2019Q4,101638.0,,20273.0,16089.0,0.72,59.45,,14.15,40.02,买入,,52.25
002967.SZ,广电计量,20200226,广电计量：业绩超预期，未来2-3年有望持续高增长,点评,一般报告,国金证券,"王华君,赵玥炜",2021Q4,259100.0,134200.0,35000.0,32700.0,0.99,41.0,,16.7,,增持,,45.5
002967.SZ,广电计量,20200226,广电计量：业绩超预期，未来2-3年有望持续高增长,点评,一般报告,国金证券,"王华君,赵玥炜",2020Q4,205200.0,104000.0,26900.0,25100.0,0.759,53.48,,14.77,,增持,,45.5
002967.SZ,广电计量,20200226,广电计量：业绩超预期，未来2-3年有望持续高增长,点评,一般报告,国金证券,"王华君,赵玥炜",2019Q4,159400.0,76600.0,18200.0,17000.0,0.514,78.97,,11.35,,增持,,45.5
688080.SH,映翰通,20200226,映翰通：工业物联网领跑者，5G、AI为行业添助力,,首份报告,华西证券,"刘菁,宋辉,俞能飞,田仁秀",2021Q4,52370.0,,10993.0,9509.0,1.81,66.71,,19.97,,无,,
002777.SZ,久远银海,20200226,久远银海公司点评报告：业绩符合预期，民生IT迎来高景气周期,点评,一般报告,国元证券,"耿军军,陈图南",2021Q4,165850.0,,34173.0,27585.0,1.23,34.67,,18.32,24.53,买入,,52.25
002777.SZ,久远银海,20200226,久远银海公司点评报告：业绩符合预期，民生IT迎来高景气周期,点评,一般报告,国元证券,"耿军军,陈图南",2020Q4,130562.0,,26517.0,21209.0,0.95,45.1,,16.37,31.15,买入,,52.25
688080.SH,映翰通,20200226,映翰通：工业物联网领跑者，5G、AI为行业添助力,,首份报告,华西证券,"刘菁,宋辉,俞能飞,田仁秀",2019Q4,30832.0,,6316.0,5463.0,1.04,116.11,,17.66,,无,,
603079.SH,圣达生物,20200226,圣达生物：生物素供需偏紧，上涨趋势有望延续,点评,首次关注,财通证券,"虞小波,张兴宇,赵新裕",2019Q4,51800.0,,8000.0,6700.0,0.6,97.9,0.2,7.9,56.6,增持,,
300782.SZ,卓胜微,20200226,卓胜微：5G大潮起，射频龙头迎来高增长期,点评,一般报告,方正证券,"兰飞,贺茂飞",2019Q4,151290.0,,55183.0,49939.0,4.99,135.19,,51.0,70.47,推荐,,
688080.SH,映翰通,20200226,映翰通：工业物联网领跑者，5G、AI为行业添助力,,首份报告,华西证券,"刘菁,宋辉,俞能飞,田仁秀",2020Q4,39788.0,,8291.0,7172.0,1.37,88.45,,18.82,,无,,
603079.SH,圣达生物,20200226,圣达生物：生物素供需偏紧，上涨趋势有望延续,点评,首次关注,财通证券,"虞小波,张兴宇,赵新裕",2021Q4,87500.0,,35000.0,29200.0,2.6,22.4,0.8,22.3,16.0,增持,,
603079.SH,圣达生物,20200226,圣达生物：生物素供需偏紧，上涨趋势有望延续,点评,首次关注,财通证券,"虞小波,张兴宇,赵新裕",2020Q4,81000.0,,33300.0,27700.0,2.48,23.6,0.8,25.9,17.5,增持,,
688169.SH,石头科技,20200226,石头科技：小米生态链赋能，打造国产扫地机器人领军者,,首次关注,申万宏源证券,"刘正,韩强,周海晨,史晋星,梁姝雯",2021Q4,664300.0,,131600.0,112100.0,16.81,28.0,0.0,7.3,12.8,增持,,542.0
688169.SH,石头科技,20200226,石头科技：小米生态链赋能，打造国产扫地机器人领军者,,首次关注,申万宏源证券,"刘正,韩强,周海晨,史晋星,梁姝雯",2020Q4,532200.0,,106100.0,90400.0,13.56,35.0,0.0,6.3,16.4,增持,,542.0
688169.SH,石头科技,20200226,石头科技：小米生态链赋能，打造国产扫地机器人领军者,,首次关注,申万宏源证券,"刘正,韩强,周海晨,史晋星,梁姝雯",2019Q4,415100.0,,82800.0,70600.0,10.59,44.0,0.0,5.3,21.6,增持,,542.0
601633.SH,长城汽车,20200226,长城汽车公司更新报告：系列改革初显效，反攻号角已吹响,点评,一般报告,国泰君安,"吴晓飞,陈麟瓒,石金漫",2021Q4,11132800.0,,,534300.0,0.59,15.77,3.0,8.8,10.75,增持,,11.96
601633.SH,长城汽车,20200226,长城汽车公司更新报告：系列改革初显效，反攻号角已吹响,点评,一般报告,国泰君安,"吴晓飞,陈麟瓒,石金漫",2020Q4,10446000.0,,,470700.0,0.52,17.9,2.4,8.1,11.69,增持,,11.96
601633.SH,长城汽车,20200226,长城汽车公司更新报告：系列改革初显效，反攻号角已吹响,点评,一般报告,国泰君安,"吴晓飞,陈麟瓒,石金漫",2019Q4,9646900.0,,,442500.0,0.48,19.04,2.4,8.0,13.46,增持,,11.96
600984.SH,建设机械,20200226,建设机械：塔机租赁龙头强者恒强，成长空间广阔,深度,首次关注,国金证券,"王华君,赵晋",2021Q4,548600.0,220200.0,116400.0,107100.0,1.294,9.89,,21.63,,买入,,19.35
600984.SH,建设机械,20200226,建设机械：塔机租赁龙头强者恒强，成长空间广阔,深度,首次关注,国金证券,"王华君,赵晋",2020Q4,428700.0,165100.0,82200.0,75600.0,0.913,14.01,,17.95,,买入,,19.35
002032.SZ,苏泊尔,20200226,苏泊尔：多品类扩张支撑稳健增长,点评,一般报告,中金,"何伟,韦一飞",2021Q4,2680100.0,,309400.0,259900.0,3.17,24.0,2.9,32.6,18.1,跑赢行业,,91.43
002032.SZ,苏泊尔,20200226,苏泊尔：多品类扩张支撑稳健增长,点评,一般报告,中金,"何伟,韦一飞",2020Q4,2242000.0,,257600.0,216400.0,2.64,28.8,2.4,30.8,22.0,跑赢行业,,91.43
600984.SH,建设机械,20200226,建设机械：塔机租赁龙头强者恒强，成长空间广阔,深度,首次关注,国金证券,"王华君,赵晋",2019Q4,321700.0,125300.0,56600.0,51000.0,0.616,20.78,,13.76,,买入,,19.35
002032.SZ,苏泊尔,20200226,苏泊尔：多品类扩张支撑稳健增长,点评,一般报告,中金,"何伟,韦一飞",2019Q4,1985300.0,,227400.0,192000.0,2.34,32.4,2.2,30.7,25.1,跑赢行业,,91.43
002887.SZ,绿茵生态,20200226,绿茵生态：业绩预告超预期，19年新增订单总额显著增长,点评,一般报告,山西证券,张婉姝,2021Q4,97800.0,,28500.0,24700.0,1.19,12.41,,10.64,10.86,增持,,
002887.SZ,绿茵生态,20200226,绿茵生态：业绩预告超预期，19年新增订单总额显著增长,点评,一般报告,山西证券,张婉姝,2020Q4,85100.0,,26200.0,22700.0,1.09,13.51,,10.61,10.67,增持,,
002887.SZ,绿茵生态,20200226,绿茵生态：业绩预告超预期，19年新增订单总额显著增长,点评,一般报告,山西证券,张婉姝,2019Q4,71300.0,,24000.0,20900.0,1.0,14.68,,10.61,10.61,增持,,
002607.SZ,中公教育,20200226,中公教育：3.8亿购置西安物业投建陕西总部及基地，推动产品改造升级,点评,一般报告,天风证券,"刘章明,孙海洋,邓学",2021Q4,1691875.0,,424703.0,323102.0,0.52,38.58,,32.29,30.66,买入,,
002607.SZ,中公教育,20200226,中公教育：3.8亿购置西安物业投建陕西总部及基地，推动产品改造升级,点评,一般报告,天风证券,"刘章明,孙海洋,邓学",2019Q4,983512.0,,227988.0,174801.0,0.28,71.31,,18.29,55.43,买入,,
002273.SZ,水晶光电,20200226,水晶光电：收入重返高增长态势，持续受益于3D红利,点评,一般报告,兴业证券,"谢恒,姚丹丹",2021Q4,801600.0,,87700.0,77000.0,0.63,31.97,,13.3,22.0,审慎增持,,
002273.SZ,水晶光电,20200226,水晶光电：收入重返高增长态势，持续受益于3D红利,点评,一般报告,兴业证券,"谢恒,姚丹丹",2020Q4,541900.0,,68700.0,60300.0,0.5,40.8,,11.7,27.0,审慎增持,,
002273.SZ,水晶光电,20200226,水晶光电：收入重返高增长态势，持续受益于3D红利,点评,一般报告,兴业证券,"谢恒,姚丹丹",2019Q4,300300.0,,56800.0,50000.0,0.41,49.18,,10.8,32.0,审慎增持,,
002607.SZ,中公教育,20200226,中公教育：3.8亿购置西安物业投建陕西总部及基地，推动产品改造升级,点评,一般报告,天风证券,"刘章明,孙海洋,邓学",2020Q4,1301442.0,,312652.0,239367.0,0.39,52.07,,23.9,43.14,买入,,
300782.SZ,卓胜微,20200226,卓胜微：新品加持，国内客户顺利导入，带动业绩高增长,点评,一般报告,广发证券,"许兴军,王亮,王璐",2021Q4,366470.0,,142600.0,126900.0,12.69,53.21,,32.3,46.82,买入,,888.22
300782.SZ,卓胜微,20200226,卓胜微：新品加持，国内客户顺利导入，带动业绩高增长,点评,一般报告,广发证券,"许兴军,王亮,王璐",2020Q4,239500.0,,91800.0,80700.0,8.07,83.61,,30.3,73.88,买入,,888.22
300782.SZ,卓胜微,20200226,卓胜微：新品加持，国内客户顺利导入，带动业绩高增长,点评,一般报告,广发证券,"许兴军,王亮,王璐",2019Q4,151520.0,,56700.0,49900.0,4.99,135.28,,26.9,119.62,买入,,888.22
002697.SZ,红旗连锁,20200226,红旗连锁2019年业绩快报点评：专营主业多措并举，净利润实现高速增长,点评,一般报告,川财证券,"欧阳宇剑,张潇倩",2021Q4,907420.0,,83870.0,74570.0,0.5483,14.77,,17.2,,增持,,
002697.SZ,红旗连锁,20200226,红旗连锁2019年业绩快报点评：专营主业多措并举，净利润实现高速增长,点评,一般报告,川财证券,"欧阳宇剑,张潇倩",2020Q4,842700.0,,70130.0,62560.0,0.46,17.61,,17.1,,增持,,
002697.SZ,红旗连锁,20200226,红旗连锁2019年业绩快报点评：专营主业多措并举，净利润实现高速增长,点评,一般报告,川财证券,"欧阳宇剑,张潇倩",2019Q4,782930.0,,58310.0,51360.0,0.3776,21.45,,16.7,,增持,,
002697.SZ,红旗连锁,20200226,红旗连锁：主业实现高增长＋29.9％，疫情短期利好主业销售,点评,一般报告,天风证券,"刘章明,马松",2021Q4,847799.0,,86240.0,71684.0,0.53,15.37,,17.52,9.3,买入,,
002697.SZ,红旗连锁,20200226,红旗连锁：主业实现高增长＋29.9％，疫情短期利好主业销售,点评,一般报告,天风证券,"刘章明,马松",2020Q4,802081.0,,73174.0,60801.0,0.45,18.12,,17.26,11.19,买入,,
002697.SZ,红旗连锁,20200226,红旗连锁：主业实现高增长＋29.9％，疫情短期利好主业销售,点评,一般报告,天风证券,"刘章明,马松",2019Q4,759618.0,,62563.0,51970.0,0.38,21.2,,17.14,13.89,买入,,
601225.SH,陕西煤业,20200226,陕西煤业：盈利历史新高，估值亟待修复,点评,一般报告,国盛证券,"丁婷婷,张津铭",2021Q4,8038300.0,,1966000.0,1143900.0,1.14,6.9,,16.2,3.8,增持,,
300750.SZ,宁德时代,20200226,宁德时代：全球电池龙头加速产能扩张，进一步巩固领先地位,点评,一般报告,新时代证券,"开文明,王琎",2020Q4,4933400.0,,684800.0,559400.0,2.53,48.0,,13.1,29.3,强烈推荐,,
601225.SH,陕西煤业,20200226,陕西煤业：盈利历史新高，估值亟待修复,点评,一般报告,国盛证券,"丁婷婷,张津铭",2019Q4,7340300.0,,1899900.0,1159600.0,1.16,6.9,,20.89,4.5,增持,,
300036.SZ,超图软件,20200226,超图软件公司点评报告：业绩符合预期，新一轮成长已然开启,点评,一般报告,国元证券,"耿军军,陈图南",2020Q4,223692.0,,30849.0,29504.0,0.66,42.46,,12.46,34.04,买入,,33.0
300036.SZ,超图软件,20200226,超图软件公司点评报告：业绩符合预期，新一轮成长已然开启,点评,一般报告,国元证券,"耿军军,陈图南",2019Q4,170223.0,,22498.0,21566.0,0.48,58.09,,10.19,45.24,买入,,33.0
002887.SZ,绿茵生态,20200226,绿茵生态事件点评：业绩大幅增长，财务健康保障拿单能力,点评,一般报告,国海证券,"谭倩,赵越",2021Q4,124900.0,,35900.0,31400.0,1.51,9.75,,12.38,,增持,,
002887.SZ,绿茵生态,20200226,绿茵生态事件点评：业绩大幅增长，财务健康保障拿单能力,点评,一般报告,国海证券,"谭倩,赵越",2019Q4,71300.0,,24000.0,21000.0,1.01,14.6,,10.61,,增持,,
300750.SZ,宁德时代,20200226,宁德时代：全球电池龙头加速产能扩张，进一步巩固领先地位,点评,一般报告,新时代证券,"开文明,王琎",2019Q4,3816200.0,,561700.0,462200.0,2.09,58.1,,12.3,37.3,强烈推荐,,
688268.SH,华特气体,20200226,华特气体：业绩快报符合预期，产能投放保障公司发展,,一般报告,中泰证券,"谢楠,张波",2021Q4,120700.0,43200.0,19100.0,14600.0,1.22,56.32,,16.49,,买入,,
002887.SZ,绿茵生态,20200226,绿茵生态事件点评：业绩大幅增长，财务健康保障拿单能力,点评,一般报告,国海证券,"谭倩,赵越",2020Q4,98800.0,,30400.0,26500.0,1.28,11.54,,11.88,,增持,,
688268.SH,华特气体,20200226,华特气体：业绩快报符合预期，产能投放保障公司发展,,一般报告,中泰证券,"谢楠,张波",2020Q4,102700.0,35900.0,15600.0,11300.0,0.94,72.56,,15.33,,买入,,
601225.SH,陕西煤业,20200226,陕西煤业：盈利历史新高，估值亟待修复,点评,一般报告,国盛证券,"丁婷婷,张津铭",2020Q4,7641300.0,,1894400.0,1107400.0,1.11,7.1,,17.7,4.4,增持,,
300750.SZ,宁德时代,20200226,宁德时代：全球电池龙头加速产能扩张，进一步巩固领先地位,点评,一般报告,新时代证券,"开文明,王琎",2021Q4,6748000.0,,883700.0,717000.0,3.25,37.5,,14.5,22.6,强烈推荐,,
300036.SZ,超图软件,20200226,超图软件公司点评报告：业绩符合预期，新一轮成长已然开启,点评,一般报告,国元证券,"耿军军,陈图南",2021Q4,283243.0,,41956.0,40018.0,0.89,31.31,,14.77,25.63,买入,,33.0
688268.SH,华特气体,20200226,华特气体：业绩快报符合预期，产能投放保障公司发展,,一般报告,中泰证券,"谢楠,张波",2019Q4,84300.0,29200.0,10600.0,7800.0,0.65,104.74,,12.54,,买入,,
300782.SZ,卓胜微,20200226,卓胜微2019年业绩快报点评：ROE创新高，尽显射频芯片王者风范,点评,一般报告,国信证券,"欧阳仕华,唐泓翼",2021Q4,259000.0,,117300.0,101600.0,10.16,66.36,0.0,36.86,59.94,增持,,
300782.SZ,卓胜微,20200226,卓胜微2019年业绩快报点评：ROE创新高，尽显射频芯片王者风范,点评,一般报告,国信证券,"欧阳仕华,唐泓翼",2020Q4,197300.0,,88500.0,76600.0,7.66,87.97,0.0,44.03,80.47,增持,,
300782.SZ,卓胜微,20200226,卓胜微2019年业绩快报点评：ROE创新高，尽显射频芯片王者风范,点评,一般报告,国信证券,"欧阳仕华,唐泓翼",2019Q4,135200.0,,57600.0,49900.0,4.99,135.18,0.0,51.2,126.28,增持,,
002013.SZ,中航机电,20200226,中航机电：资产质量持续提升，军品业务进入高速增长期,点评,一般报告,招商证券,"王超,岑晓翔",2020Q4,1404100.0,,151500.0,117500.0,0.33,23.9,,10.6,15.4,强烈推荐,,
002013.SZ,中航机电,20200226,中航机电：资产质量持续提升，军品业务进入高速增长期,点评,一般报告,招商证券,"王超,岑晓翔",2019Q4,1240100.0,,123900.0,96400.0,0.27,29.1,,9.6,18.4,强烈推荐,,
601888.SH,中国国旅,20200226,中国国旅深度报告（二）：机遇大于挑战，免税龙头有望强者恒强,深度,一般报告,西部证券,"许光辉,李艳丽",2021Q4,5811300.0,,893800.0,578100.0,2.96,27.1,,18.1,,增持,,94.7
601888.SH,中国国旅,20200226,中国国旅深度报告（二）：机遇大于挑战，免税龙头有望强者恒强,深度,一般报告,西部证券,"许光辉,李艳丽",2020Q4,4344900.0,,565900.0,366000.0,1.87,42.8,,13.8,,增持,,94.7
601888.SH,中国国旅,20200226,中国国旅深度报告（二）：机遇大于挑战，免税龙头有望强者恒强,深度,一般报告,西部证券,"许光辉,李艳丽",2019Q4,4801200.0,,719500.0,465300.0,2.38,33.7,,20.2,,增持,,94.7
002459.SZ,晶澳科技,20200226,晶澳科技深度研究报告：全球平价开启，一体化光伏龙头扬帆起航,深度,首次关注,华创证券,"胡毅,杨达伟",2020Q4,2964700.0,,164900.0,146800.0,1.09,16.0,,7.5,4.0,强推,,21.8
002459.SZ,晶澳科技,20200226,晶澳科技深度研究报告：全球平价开启，一体化光伏龙头扬帆起航,深度,首次关注,华创证券,"胡毅,杨达伟",2019Q4,2108200.0,,124300.0,110700.0,0.82,21.0,,6.1,6.0,强推,,21.8
002832.SZ,比音勒芬,20200226,比音勒芬：业绩维持高增长,一般,一般报告,方正证券,丰毅,2020Q4,224681.0,,60050.0,51042.0,1.66,14.0,,25.0,9.43,强烈推荐,,
002832.SZ,比音勒芬,20200226,比音勒芬：业绩维持高增长,一般,一般报告,方正证券,丰毅,2019Q4,182551.0,,48152.0,40929.0,1.33,17.46,,23.0,11.48,强烈推荐,,
002013.SZ,中航机电,20200226,中航机电：资产质量持续提升，军品业务进入高速增长期,点评,一般报告,招商证券,"王超,岑晓翔",2021Q4,1595500.0,,178400.0,138200.0,0.38,20.3,,11.2,13.1,强烈推荐,,
002459.SZ,晶澳科技,20200226,晶澳科技深度研究报告：全球平价开启，一体化光伏龙头扬帆起航,深度,首次关注,华创证券,"胡毅,杨达伟",2021Q4,3890800.0,,211900.0,188600.0,1.41,12.0,,8.8,3.0,强推,,21.8
002832.SZ,比音勒芬,20200226,比音勒芬：业绩维持高增长,一般,一般报告,方正证券,丰毅,2021Q4,270697.0,,73670.0,62619.0,2.03,11.41,,27.0,7.06,强烈推荐,,
300144.SZ,宋城演艺,20200226,宋城演艺业绩快报点评：业绩符合预期，迎接第二轮扩张,点评,一般报告,国泰君安,"刘越男,于清泰",2021Q4,365900.0,,,182100.0,1.25,23.02,0.0,14.0,18.56,增持,,34.65
300144.SZ,宋城演艺,20200226,宋城演艺业绩快报点评：业绩符合预期，迎接第二轮扩张,点评,一般报告,国泰君安,"刘越男,于清泰",2020Q4,289200.0,,,143400.0,0.99,29.25,0.0,12.8,24.65,增持,,34.65
300144.SZ,宋城演艺,20200226,宋城演艺业绩快报点评：业绩符合预期，迎接第二轮扩张,点评,一般报告,国泰君安,"刘越男,于清泰",2019Q4,261500.0,,,134200.0,0.92,31.25,0.0,13.7,29.19,增持,,34.65
688023.SH,安恒信息,20200226,安恒信息：新型安全领域优质标的，成长性突出,,一般报告,广发证券,"刘雪峰,庞倩倩",2021Q4,198400.0,,20800.0,19700.0,2.66,86.83,,11.9,462.28,增持,,259.48
300763.SZ,锦浪科技,20200226,锦浪科技：全球化布局显成效，业绩恢复快速增长,点评,一般报告,安信证券,"邓永康,吴用,彭广春,丁肖逸",2020Q4,222840.0,,26620.0,23000.0,2.88,25.2,0.0,31.7,21.8,买入,,
300630.SZ,普利制药,20200226,普利制药：业绩接近预告上限，期待2020年制剂出口加速放量,点评,一般报告,中泰证券,"江琦,祝嘉琦",2021Q4,203464.0,,78898.0,70713.0,2.57,23.47,,32.03,19.0,买入,,
300630.SZ,普利制药,20200226,普利制药：业绩接近预告上限，期待2020年制剂出口加速放量,点评,一般报告,中泰证券,"江琦,祝嘉琦",2019Q4,95168.0,,33497.0,30022.0,1.09,55.28,,26.22,44.0,买入,,
002117.SZ,东港股份,20200226,东港股份深度报告：区块链为帆，东港再启航,深度,一般报告,国海证券,"宝幼琛,张若凡",2020Q4,187300.0,,37600.0,32300.0,0.59,24.26,,16.76,,买入,,
002117.SZ,东港股份,20200226,东港股份深度报告：区块链为帆，东港再启航,深度,一般报告,国海证券,"宝幼琛,张若凡",2021Q4,216300.0,,43900.0,37800.0,0.69,20.78,,17.81,,买入,,
688023.SH,安恒信息,20200226,安恒信息2019年业绩快报点评：业绩超预期，安全新星高速成长,,一般报告,华创证券,"陈宝健,刘逍遥",2021Q4,204000.0,,19000.0,18700.0,2.52,92.0,,20.1,26.0,强推,,286.82
688023.SH,安恒信息,20200226,安恒信息2019年业绩快报点评：业绩超预期，安全新星高速成长,,一般报告,华创证券,"陈宝健,刘逍遥",2020Q4,141500.0,,13700.0,13500.0,1.82,127.0,,18.0,35.0,强推,,286.82
002705.SZ,新宝股份,20200226,新宝股份：摩飞靓丽内销高增，爆品龙头持续放量,点评,一般报告,中信建投,"陈伟奇,花小伟",2019Q4,912500.0,,,68700.0,,22.81,,,,买入,,
002146.SZ,荣盛发展,20200226,荣盛发展研究报告：业绩持续较快增长估值便宜值得关注,一般,一般报告,东莞证券,何敏仪,2021Q4,10387893.0,,1887924.0,1293228.0,2.97,,,20.25,,推荐,,
002146.SZ,荣盛发展,20200226,荣盛发展研究报告：业绩持续较快增长估值便宜值得关注,一般,一般报告,东莞证券,何敏仪,2020Q4,8656578.0,,1553123.0,1070102.0,2.46,,,20.12,,推荐,,
002146.SZ,荣盛发展,20200226,荣盛发展研究报告：业绩持续较快增长估值便宜值得关注,一般,一般报告,东莞证券,何敏仪,2019Q4,7095556.0,,1317244.0,910216.0,2.09,,,20.08,,推荐,,
688396.SH,华润微,20200226,华润微公司研究报告：国内半导体IDM“航母”乘风破浪,,首次关注,海通证券,"陈平,谢磊,尹苓,蒋俊",2021Q4,792410.0,,95800.0,69700.0,0.57,22.34,0.0,7.2,7.78,优于大市,,
300628.SZ,亿联网络,20200226,亿联网络2019年度业绩快报点评：老业务高速增长，新业务更快增长,点评,一般报告,国信证券,"程成,陈彤",2021Q4,405400.0,,210100.0,191160.0,3.19,31.9,1.9,28.1,32.0,买入,,
300628.SZ,亿联网络,20200226,亿联网络2019年度业绩快报点评：老业务高速增长，新业务更快增长,点评,一般报告,国信证券,"程成,陈彤",2020Q4,321600.0,,171000.0,155620.0,2.6,39.2,1.5,28.5,39.1,买入,,
300628.SZ,亿联网络,20200226,亿联网络2019年度业绩快报点评：老业务高速增长，新业务更快增长,点评,一般报告,国信证券,"程成,陈彤",2019Q4,249200.0,,137500.0,125120.0,2.09,48.7,1.2,28.6,48.5,买入,,
002237.SZ,恒邦股份,20200226,恒邦股份：大股东大额参与定增彰显发展信心，副产品硫酸拖累Q4业绩走低,一般,一般报告,兴业证券,"邱祖学,苏东,王丽佳",2021Q4,3343100.0,,72400.0,59800.0,0.66,24.6,,10.5,,审慎增持,,
002237.SZ,恒邦股份,20200226,恒邦股份：大股东大额参与定增彰显发展信心，副产品硫酸拖累Q4业绩走低,一般,一般报告,兴业证券,"邱祖学,苏东,王丽佳",2020Q4,3214700.0,,50600.0,41900.0,0.46,35.1,,8.2,,审慎增持,,
002237.SZ,恒邦股份,20200226,恒邦股份：大股东大额参与定增彰显发展信心，副产品硫酸拖累Q4业绩走低,一般,一般报告,兴业证券,"邱祖学,苏东,王丽佳",2019Q4,2854600.0,,36800.0,31100.0,0.34,47.4,,6.9,,审慎增持,,
002117.SZ,东港股份,20200226,东港股份深度报告：区块链为帆，东港再启航,深度,一般报告,国海证券,"宝幼琛,张若凡",2019Q4,162600.0,,32300.0,27700.0,0.51,28.28,,15.7,,买入,,
601186.SH,中国铁建,20200226,中国铁建：基建龙头订单高增27％，PE5.2倍几近10年新低,点评,一般报告,国泰君安,"韩其成,陈笑",2021Q4,,,,2614700.0,1.93,7.6,,,,增持,,14.74
601225.SH,陕西煤业,20200226,陕西煤业2019年业绩快报点评：业绩稳健，价值凸显,点评,一般报告,国泰君安,翟堃,2021Q4,7291200.0,,,1102700.0,1.1,7.22,6.8,16.2,2.61,增持,,10.8
601225.SH,陕西煤业,20200226,陕西煤业2019年业绩快报点评：业绩稳健，价值凸显,点评,一般报告,国泰君安,翟堃,2020Q4,7048300.0,,,1056500.0,1.06,7.53,6.3,17.0,3.41,增持,,10.8
601225.SH,陕西煤业,20200226,陕西煤业2019年业绩快报点评：业绩稳健，价值凸显,点评,一般报告,国泰君安,翟堃,2019Q4,7339400.0,,,1159600.0,1.16,6.86,4.3,20.4,3.78,增持,,10.8
688023.SH,安恒信息,20200226,安恒信息：新型安全领域优质标的，成长性突出,,一般报告,广发证券,"刘雪峰,庞倩倩",2020Q4,137300.0,,14400.0,13900.0,1.87,123.6,,9.5,413.57,增持,,259.48
688023.SH,安恒信息,20200226,安恒信息：新型安全领域优质标的，成长性突出,,一般报告,广发证券,"刘雪峰,庞倩倩",2019Q4,94500.0,,9500.0,9500.0,1.28,181.04,,7.1,374.93,增持,,259.48
300763.SZ,锦浪科技,20200226,锦浪科技：全球化布局显成效，业绩恢复快速增长,点评,一般报告,安信证券,"邓永康,吴用,彭广春,丁肖逸",2021Q4,324900.0,,37820.0,32680.0,4.08,17.8,0.0,31.1,14.7,买入,,
300763.SZ,锦浪科技,20200226,锦浪科技：全球化布局显成效，业绩恢复快速增长,点评,一般报告,安信证券,"邓永康,吴用,彭广春,丁肖逸",2019Q4,113920.0,,14480.0,12510.0,1.56,46.4,0.0,25.3,41.1,买入,,
300630.SZ,普利制药,20200226,普利制药：业绩接近预告上限，期待2020年制剂出口加速放量,点评,一般报告,中泰证券,"江琦,祝嘉琦",2020Q4,151768.0,,56075.0,50258.0,1.83,33.02,,31.49,26.0,买入,,
688023.SH,安恒信息,20200226,安恒信息2019年业绩快报点评：业绩超预期，安全新星高速成长,,一般报告,华创证券,"陈宝健,刘逍遥",2019Q4,94500.0,,9600.0,9400.0,1.27,182.0,,15.2,48.0,强推,,286.82
002705.SZ,新宝股份,20200226,新宝股份：摩飞靓丽内销高增，爆品龙头持续放量,点评,一般报告,中信建投,"陈伟奇,花小伟",2020Q4,1018400.0,,,79800.0,,19.64,,,,买入,,
688396.SH,华润微,20200226,华润微公司研究报告：国内半导体IDM“航母”乘风破浪,,首次关注,海通证券,"陈平,谢磊,尹苓,蒋俊",2020Q4,675422.0,,67300.0,49000.0,0.4,31.79,0.0,5.5,8.65,优于大市,,
601186.SH,中国铁建,20200226,中国铁建：基建龙头订单高增27％，PE5.2倍几近10年新低,点评,一般报告,国泰君安,"韩其成,陈笑",2020Q4,,,,2329100.0,1.72,8.6,,,,增持,,14.74
601186.SH,中国铁建,20200226,中国铁建：基建龙头订单高增27％，PE5.2倍几近10年新低,点评,一般报告,国泰君安,"韩其成,陈笑",2019Q4,,,,2066300.0,1.52,,,,,增持,,14.74
300496.SZ,中科创达,20200226,中科创达：年报符合市场预期，智能网联汽车业务高增长,点评,一般报告,中泰证券,"闻学臣,何柄谕,杨亚宇",2021Q4,313310.0,,45040.0,43730.0,1.09,62.7,,17.0,,买入,,
300496.SZ,中科创达,20200226,中科创达：年报符合市场预期，智能网联汽车业务高增长,点评,一般报告,中泰证券,"闻学臣,何柄谕,杨亚宇",2020Q4,238600.0,,32680.0,31840.0,0.79,86.2,,14.4,,买入,,
300496.SZ,中科创达,20200226,中科创达：年报符合市场预期，智能网联汽车业务高增长,点评,一般报告,中泰证券,"闻学臣,何柄谕,杨亚宇",2019Q4,182690.0,,24570.0,23760.0,0.59,115.4,,12.4,,买入,,
002273.SZ,水晶光电,20200226,水晶光电动态点评：受益光学创新升级，业绩稳定增长,点评,一般报告,东方财富证券,"王好,马建华",2020Q4,384136.0,,,60025.0,0.49,40.98,,,26.73,增持,,
002258.SZ,利尔化学,20200226,利尔化学：草铵膦供应紧张，价格有望持续上涨,点评,一般报告,中金,"吴頔,李璇",2021Q4,564400.0,159000.0,78400.0,58700.0,1.12,13.4,1.4,14.8,6.7,跑赢行业,,16.8
002258.SZ,利尔化学,20200226,利尔化学：草铵膦供应紧张，价格有望持续上涨,点评,一般报告,中金,"吴頔,李璇",2020Q4,482100.0,129000.0,56700.0,41100.0,0.78,19.2,0.9,11.6,8.8,跑赢行业,,16.8
002258.SZ,利尔化学,20200226,利尔化学：草铵膦供应紧张，价格有望持续上涨,点评,一般报告,中金,"吴頔,李璇",2019Q4,412200.0,102100.0,43700.0,30800.0,0.59,25.6,0.7,9.5,11.7,跑赢行业,,16.8
002048.SZ,宁波华翔,20200226,宁波华翔：业绩大超预期，汽车电子将受益行业红利,点评,一般报告,方正证券,"于特,岳清慧",2021Q4,2451729.0,,224257.0,133545.0,2.13,10.18,,12.0,4.09,强烈推荐,,
601225.SH,陕西煤业,20200226,陕西煤业：业绩稳定增长，估值提升可期,点评,一般报告,安信证券,周泰,2021Q4,8002560.0,,2139700.0,1254530.0,1.29,6.2,6.5,17.7,2.6,买入,,11.16
601225.SH,陕西煤业,20200226,陕西煤业：业绩稳定增长，估值提升可期,点评,一般报告,安信证券,周泰,2019Q4,7340090.0,,1960050.0,1159610.0,1.2,6.7,6.0,20.8,3.7,买入,,11.16
002273.SZ,水晶光电,20200226,水晶光电：业绩符合预期，光学创新推动业绩增长,点评,一般报告,东北证券,"张世杰,杨一飞",2021Q4,652100.0,,93300.0,83100.0,0.68,29.59,0.0,13.54,,买入,,23.8
002273.SZ,水晶光电,20200226,水晶光电：业绩符合预期，光学创新推动业绩增长,点评,一般报告,东北证券,"张世杰,杨一飞",2020Q4,459100.0,,71100.0,63400.0,0.52,38.81,0.0,11.94,,买入,,23.8
002273.SZ,水晶光电,20200226,水晶光电：业绩符合预期，光学创新推动业绩增长,点评,一般报告,东北证券,"张世杰,杨一飞",2019Q4,300300.0,,56100.0,50000.0,0.41,49.19,0.0,10.69,,买入,,23.8
002032.SZ,苏泊尔,20200226,苏泊尔2019年业绩快报点评：业绩依旧稳健，行稳方能致远,点评,一般报告,光大证券,"金星,甘骏,王奇琪,王彦玮",2021Q4,2520100.0,,302200.0,255100.0,3.11,24.0,3.0,30.17,20.0,买入,,
002032.SZ,苏泊尔,20200226,苏泊尔2019年业绩快报点评：业绩依旧稳健，行稳方能致远,点评,一般报告,光大证券,"金星,甘骏,王奇琪,王彦玮",2020Q4,2175400.0,,253000.0,213500.0,2.6,29.0,3.0,28.44,24.0,买入,,
002032.SZ,苏泊尔,20200226,苏泊尔2019年业绩快报点评：业绩依旧稳健，行稳方能致远,点评,一般报告,光大证券,"金星,甘骏,王奇琪,王彦玮",2019Q4,1985300.0,,227500.0,192000.0,2.34,32.0,2.0,28.08,27.0,买入,,
300496.SZ,中科创达,20200226,中科创达：年报符合市场预期，智能网联汽车业务高增长,点评,一般报告,中泰证券,"闻学臣,何柄谕,杨亚宇",2022Q4,416470.0,,58150.0,56460.0,1.4,48.6,,18.5,,买入,,
002273.SZ,水晶光电,20200226,水晶光电动态点评：受益光学创新升级，业绩稳定增长,点评,一般报告,东方财富证券,"王好,马建华",2021Q4,486756.0,,,74788.0,0.61,32.89,,,21.85,增持,,
002048.SZ,宁波华翔,20200226,宁波华翔：业绩大超预期，汽车电子将受益行业红利,点评,一般报告,方正证券,"于特,岳清慧",2020Q4,2035012.0,,189458.0,112822.0,1.8,12.04,,11.0,5.62,强烈推荐,,
002048.SZ,宁波华翔,20200226,宁波华翔：业绩大超预期，汽车电子将受益行业红利,点评,一般报告,方正证券,"于特,岳清慧",2019Q4,1731464.0,,154624.0,98548.0,1.57,13.79,,11.0,7.56,强烈推荐,,
601225.SH,陕西煤业,20200226,陕西煤业：业绩稳定增长，估值提升可期,点评,一般报告,安信证券,周泰,2020Q4,7636030.0,,2051860.0,1202850.0,1.24,6.4,6.2,18.9,3.3,买入,,11.16
002032.SZ,苏泊尔,20200226,苏泊尔公司公告点评：持续稳健增长，期待更多品类拓展,点评,一般报告,海通证券,"陈子仪,李阳,朱默辰,刘璐",2021Q4,2522300.0,,304800.0,256000.0,3.12,24.32,1.8,26.2,19.24,推荐,,
002032.SZ,苏泊尔,20200226,苏泊尔公司公告点评：持续稳健增长，期待更多品类拓展,点评,一般报告,海通证券,"陈子仪,李阳,朱默辰,刘璐",2020Q4,2242900.0,,264900.0,222600.0,2.71,27.98,1.5,26.7,22.75,推荐,,
002850.SZ,科达利,20200226,科达利：业绩符合预期，看好新能源产业景气周期——2019年业绩快报点评,点评,一般报告,国泰君安,"刘易,周昊,张旭",2021Q4,514800.0,,,47100.0,2.24,29.3,1.2,,,增持,,102.7
002850.SZ,科达利,20200226,科达利：业绩符合预期，看好新能源产业景气周期——2019年业绩快报点评,点评,一般报告,国泰君安,"刘易,周昊,张旭",2020Q4,359500.0,,,33200.0,1.58,41.53,0.8,,,增持,,102.7
002850.SZ,科达利,20200226,科达利：业绩符合预期，看好新能源产业景气周期——2019年业绩快报点评,点评,一般报告,国泰君安,"刘易,周昊,张旭",2019Q4,238400.0,,,22800.0,1.08,60.57,0.4,,,增持,,102.7
002237.SZ,恒邦股份,20200226,恒邦股份：拟融资降费增产，大股东积极参与,点评,一般报告,华泰证券,李斌,2020Q4,3152200.0,,52570.0,46228.0,0.51,31.81,,8.99,11.43,增持,17.85,16.83
002032.SZ,苏泊尔,20200226,苏泊尔2019业绩快报点评：收入稳健增长，小家电龙头优势稳固,点评,一般报告,国泰君安,"范杨,颜晓晴,李树建",2021Q4,2666700.0,,,250600.0,3.05,24.85,2.7,31.4,20.33,增持,,87.45
002032.SZ,苏泊尔,20200226,苏泊尔2019业绩快报点评：收入稳健增长，小家电龙头优势稳固,点评,一般报告,国泰君安,"范杨,颜晓晴,李树建",2020Q4,2325400.0,,,217500.0,2.65,28.62,2.5,30.3,23.45,增持,,87.45
002032.SZ,苏泊尔,20200226,苏泊尔2019业绩快报点评：收入稳健增长，小家电龙头优势稳固,点评,一般报告,国泰君安,"范杨,颜晓晴,李树建",2019Q4,2035500.0,,,191200.0,2.33,32.57,2.1,29.2,26.63,增持,,87.45
002697.SZ,红旗连锁,20200226,红旗连锁：营收增速持续提升，主业业绩加速增长,点评,一般报告,招商证券,"宁浮洁,丁浙川,周洁",2021Q4,951500.0,,84200.0,77000.0,0.57,14.3,,18.8,10.4,强烈推荐,,
002697.SZ,红旗连锁,20200226,红旗连锁：营收增速持续提升，主业业绩加速增长,点评,一般报告,招商证券,"宁浮洁,丁浙川,周洁",2019Q4,782300.0,,57700.0,51600.0,0.38,21.3,,17.0,14.2,强烈推荐,,
002664.SZ,长鹰信质,20200226,长鹰信质：无人机业务景气，电机零部件业务加速增长，2019年业绩超市场预期,点评,一般报告,安信证券,冯福章,2021Q4,446990.0,,52600.0,41600.0,1.04,15.7,0.7,13.3,7.7,买入,,20.0
002697.SZ,红旗连锁,20200226,红旗连锁：营收增速持续提升，主业业绩加速增长,点评,一般报告,招商证券,"宁浮洁,丁浙川,周洁",2020Q4,859100.0,,70000.0,63300.0,0.47,17.4,,18.0,12.1,强烈推荐,,
002664.SZ,长鹰信质,20200226,长鹰信质：无人机业务景气，电机零部件业务加速增长，2019年业绩超市场预期,点评,一般报告,安信证券,冯福章,2020Q4,383970.0,,43200.0,34520.0,0.86,18.9,0.5,12.6,9.8,买入,,20.0
002664.SZ,长鹰信质,20200226,长鹰信质：无人机业务景气，电机零部件业务加速增长，2019年业绩超市场预期,点评,一般报告,安信证券,冯福章,2019Q4,297890.0,,38610.0,30380.0,0.76,21.5,0.5,12.5,11.7,买入,,20.0
300572.SZ,安车检测,20200226,安车检测：短期成本费用高企，继续看好公司布局检测新领域,点评,一般报告,东北证券,"刘军,邰桂龙",2019Q4,97300.0,,22000.0,18800.0,0.97,53.81,0.0,21.82,,买入,,67.55
603711.SH,香飘飘,20200226,香飘飘：二次创业蓄势待发，产品革新加码即饮,一般,首次关注,东方证券,"叶书怀,蔡琪",2021Q4,584450.0,,75100.0,58700.0,1.41,16.3,,18.3,8.7,买入,,27.12
603711.SH,香飘飘,20200226,香飘飘：二次创业蓄势待发，产品革新加码即饮,一般,首次关注,东方证券,"叶书怀,蔡琪",2020Q4,494790.0,,60300.0,47100.0,1.13,20.3,,16.7,10.8,买入,,27.12
603711.SH,香飘飘,20200226,香飘飘：二次创业蓄势待发，产品革新加码即饮,一般,首次关注,东方证券,"叶书怀,蔡琪",2019Q4,412390.0,,49900.0,39000.0,0.93,24.5,,16.0,13.7,买入,,27.12
002237.SZ,恒邦股份,20200226,恒邦股份：拟融资降费增产，大股东积极参与,点评,一般报告,华泰证券,李斌,2019Q4,2858600.0,,35355.0,31090.0,0.34,47.29,,6.64,13.47,增持,17.85,16.83
002409.SZ,雅克科技,20200226,雅克科技：外延并购LG光刻胶，新材料平台已然成型,点评,一般报告,中泰证券,"谢楠,张波",2021Q4,293200.0,105600.0,55500.0,45300.0,0.98,42.02,,8.57,,买入,,
002409.SZ,雅克科技,20200226,雅克科技：外延并购LG光刻胶，新材料平台已然成型,点评,一般报告,中泰证券,"谢楠,张波",2019Q4,189900.0,69000.0,33700.0,26900.0,0.58,70.78,,6.12,,买入,,
002677.SZ,浙江美大,20200226,浙江美大：收入维持较快增长，盈利能力稳中有升,点评,一般报告,广发证券,"曾婵,袁雨辰,王朝宁,黄涛",2021Q4,219800.0,,70400.0,59900.0,0.93,12.95,,33.3,10.85,增持,,13.94
002677.SZ,浙江美大,20200226,浙江美大：收入维持较快增长，盈利能力稳中有升,点评,一般报告,广发证券,"曾婵,袁雨辰,王朝宁,黄涛",2020Q4,192500.0,,62200.0,52800.0,0.82,14.67,,32.1,11.88,增持,,13.94
002237.SZ,恒邦股份,20200226,恒邦股份：拟融资降费增产，大股东积极参与,点评,一般报告,华泰证券,李斌,2021Q4,3312900.0,,60527.0,53225.0,0.58,27.62,,9.38,10.46,增持,17.85,16.83
002032.SZ,苏泊尔,20200226,苏泊尔公司公告点评：持续稳健增长，期待更多品类拓展,点评,一般报告,海通证券,"陈子仪,李阳,朱默辰,刘璐",2019Q4,1986800.0,,228800.0,192200.0,2.34,32.4,1.3,27.2,27.04,推荐,,
300572.SZ,安车检测,20200226,安车检测：短期成本费用高企，继续看好公司布局检测新领域,点评,一般报告,东北证券,"刘军,邰桂龙",2021Q4,177000.0,,48800.0,41500.0,2.14,24.4,0.0,26.13,,买入,,67.55
300572.SZ,安车检测,20200226,安车检测：短期成本费用高企，继续看好公司布局检测新领域,点评,一般报告,东北证券,"刘军,邰桂龙",2020Q4,128600.0,,36500.0,31100.0,1.61,32.56,0.0,26.51,,买入,,67.55
002409.SZ,雅克科技,20200226,雅克科技：外延并购LG光刻胶，新材料平台已然成型,点评,一般报告,中泰证券,"谢楠,张波",2020Q4,236700.0,84000.0,43000.0,34700.0,0.75,54.86,,7.13,,买入,,
002677.SZ,浙江美大,20200226,浙江美大：收入维持较快增长，盈利能力稳中有升,点评,一般报告,广发证券,"曾婵,袁雨辰,王朝宁,黄涛",2019Q4,169000.0,,54300.0,46200.0,0.71,16.79,,30.4,13.09,增持,,13.94
002409.SZ,雅克科技,20200226,雅克科技重大事项点评：外延再落一子，收购LG化学彩色光刻胶业务,点评,一般报告,中信证券,"王喆,袁健聪",2021Q4,318000.0,,56100.0,46100.0,1.0,30.0,,9.07,,买入,,53.0
002409.SZ,雅克科技,20200226,雅克科技重大事项点评：外延再落一子，收购LG化学彩色光刻胶业务,点评,一般报告,中信证券,"王喆,袁健聪",2020Q4,251800.0,,42200.0,35000.0,0.76,39.0,,7.47,,买入,,53.0
002409.SZ,雅克科技,20200226,雅克科技重大事项点评：外延再落一子，收购LG化学彩色光刻胶业务,点评,一般报告,中信证券,"王喆,袁健聪",2019Q4,184000.0,,29900.0,24900.0,0.54,55.0,,5.69,,买入,,53.0
002262.SZ,恩华药业,20200226,恩华药业：精麻龙头，业绩符合预期,点评,一般报告,华泰证券,"代雯,李沄,岳梅梅",2021Q4,389800.0,317000.0,104800.0,90425.0,0.89,12.96,,18.73,8.04,买入,14.1,13.35
002262.SZ,恩华药业,20200226,恩华药业：精麻龙头，业绩符合预期,点评,一般报告,华泰证券,"代雯,李沄,岳梅梅",2019Q4,414900.0,247700.0,76829.0,66295.0,0.65,17.68,,20.16,10.59,买入,14.1,13.35
603313.SH,梦百合,20200226,梦百合：定增再启动，全球产能释放驱动2020高成长,点评,一般报告,中信建投,"花小伟,罗乾生",2020Q4,558500.0,,,55200.0,,19.2,,,,买入,,
603313.SH,梦百合,20200226,梦百合：定增再启动，全球产能释放驱动2020高成长,点评,一般报告,中信建投,"花小伟,罗乾生",2019Q4,382300.0,,,36600.0,,28.9,,,,买入,,
603195.SH,公牛集团,20200226,公牛集团深挖“公牛”系列报告二：探究金牛如何锻造，生产运营铸就长城,一般,一般报告,华创证券,"郭庆龙,陈梦,葛文欣",2021Q4,1537300.0,,441900.0,376200.0,6.27,29.0,,28.6,24.0,强推,,250.0
603195.SH,公牛集团,20200226,公牛集团深挖“公牛”系列报告二：探究金牛如何锻造，生产运营铸就长城,一般,一般报告,华创证券,"郭庆龙,陈梦,葛文欣",2020Q4,1276600.0,,353300.0,300800.0,5.01,36.0,,31.6,30.0,强推,,250.0
603195.SH,公牛集团,20200226,公牛集团深挖“公牛”系列报告二：探究金牛如何锻造，生产运营铸就长城,一般,一般报告,华创证券,"郭庆龙,陈梦,葛文欣",2019Q4,1062100.0,,282300.0,240300.0,4.01,45.0,,36.2,37.0,强推,,250.0
300114.SZ,中航电测,20200226,中航电测2019年业绩快报点评：业绩高速增长逐步兑现，持续看好公司发展前景,点评,一般报告,华创证券,"卫喆,王卓星",2021Q4,225500.0,,40200.0,35700.0,0.6,20.0,,15.5,15.0,强推,,16.8
300114.SZ,中航电测,20200226,中航电测2019年业绩快报点评：业绩高速增长逐步兑现，持续看好公司发展前景,点评,一般报告,华创证券,"卫喆,王卓星",2020Q4,187100.0,,32100.0,28300.0,0.48,25.0,,14.4,18.0,强推,,16.8
300114.SZ,中航电测,20200226,中航电测2019年业绩快报点评：业绩高速增长逐步兑现，持续看好公司发展前景,点评,一般报告,华创证券,"卫喆,王卓星",2019Q4,157100.0,,24000.0,21200.0,0.36,34.0,,12.4,24.0,强推,,16.8
002262.SZ,恩华药业,20200226,恩华药业：精麻龙头，业绩符合预期,点评,一般报告,华泰证券,"代雯,李沄,岳梅梅",2020Q4,332100.0,271500.0,87646.0,75629.0,0.74,15.5,,18.92,9.35,买入,14.1,13.35
300036.SZ,超图软件,20200226,超图软件：跨越拐点，19年业绩稳定增长,点评,一般报告,招商证券,"刘玉萍,周翔宇",2020Q4,229800.0,,34500.0,30300.0,0.67,41.3,,12.9,31.1,强烈推荐,,
300036.SZ,超图软件,20200226,超图软件：跨越拐点，19年业绩稳定增长,点评,一般报告,招商证券,"刘玉萍,周翔宇",2019Q4,170200.0,,23900.0,21200.0,0.47,59.2,,10.0,30.9,强烈推荐,,
002832.SZ,比音勒芬,20200226,比音勒芬公司跟踪报告：积极布局新零售显成效，2019净利润同增40％＋,点评,一般报告,海通证券,"梁希,盛开",2021Q4,275100.0,,73200.0,62244.0,2.02,11.55,2.7,29.37,4.96,优于大市,,
002832.SZ,比音勒芬,20200226,比音勒芬公司跟踪报告：积极布局新零售显成效，2019净利润同增40％＋,点评,一般报告,海通证券,"梁希,盛开",2020Q4,223400.0,,60700.0,51608.0,1.67,13.93,2.2,28.1,5.88,优于大市,,
002832.SZ,比音勒芬,20200226,比音勒芬公司跟踪报告：积极布局新零售显成效，2019净利润同增40％＋,点评,一般报告,海通证券,"梁希,盛开",2019Q4,182600.0,,48100.0,40953.0,1.33,17.55,1.8,24.47,7.43,优于大市,,
002597.SZ,金禾实业,20200226,金禾实业：打造食品添加剂产业链一体化龙头,深度,首份报告,方正证券,"刘万鹏,李永磊",2021Q4,546900.0,,139237.0,119006.0,2.13,10.62,,17.2,6.39,强烈推荐,,
002597.SZ,金禾实业,20200226,金禾实业：打造食品添加剂产业链一体化龙头,深度,首份报告,方正证券,"刘万鹏,李永磊",2020Q4,475500.0,,117658.0,100508.0,1.8,12.57,,17.5,8.46,强烈推荐,,
002597.SZ,金禾实业,20200226,金禾实业：打造食品添加剂产业链一体化龙头,深度,首份报告,方正证券,"刘万鹏,李永磊",2019Q4,412800.0,,96544.0,82231.0,1.47,15.36,,17.4,11.28,强烈推荐,,
002182.SZ,云海金属,20200226,云海金属：业绩超预期，受益轻量化进程加速,点评,一般报告,方正证券,"李永磊,曹特,吴江",2021Q4,750400.0,,70704.0,57689.0,0.89,13.11,,15.0,1.93,推荐,,
002182.SZ,云海金属,20200226,云海金属：业绩超预期，受益轻量化进程加速,点评,一般报告,方正证券,"李永磊,曹特,吴江",2020Q4,696000.0,,54232.0,44294.0,0.69,17.07,,14.0,2.41,推荐,,
002182.SZ,云海金属,20200226,云海金属：业绩超预期，受益轻量化进程加速,点评,一般报告,方正证券,"李永磊,曹特,吴江",2019Q4,558558.0,,108816.0,88440.0,1.37,8.55,,33.0,1.84,推荐,,
300383.SZ,光环新网,20200226,光环新网：业绩符合预期，IDC龙头持续受益云计算大趋势,点评,一般报告,天风证券,"唐海清,王俊贤",2021Q4,1133682.0,,169240.0,144668.0,0.94,28.38,,13.64,16.77,增持,,
300383.SZ,光环新网,20200226,光环新网：业绩符合预期，IDC龙头持续受益云计算大趋势,点评,一般报告,天风证券,"唐海清,王俊贤",2020Q4,919939.0,,130864.0,111822.0,0.73,36.72,,12.06,21.03,增持,,
300383.SZ,光环新网,20200226,光环新网：业绩符合预期，IDC龙头持续受益云计算大趋势,点评,一般报告,天风证券,"唐海清,王俊贤",2019Q4,713286.0,,95385.0,82157.0,0.53,49.97,,9.98,27.04,增持,,
002048.SZ,宁波华翔,20200226,宁波华翔：19年业绩超预期，20年有望延续,点评,一般报告,天风证券,"邓学,娄周鑫",2021Q4,2074618.0,,214360.0,136998.0,2.19,9.92,,12.68,3.5,买入,,29.0
002048.SZ,宁波华翔,20200226,宁波华翔：19年业绩超预期，20年有望延续,点评,一般报告,天风证券,"邓学,娄周鑫",2020Q4,1904434.0,,185483.0,117003.0,1.87,11.61,,12.18,4.55,买入,,29.0
002048.SZ,宁波华翔,20200226,宁波华翔：19年业绩超预期，20年有望延续,点评,一般报告,天风证券,"邓学,娄周鑫",2019Q4,1731464.0,,158461.0,98548.0,1.57,13.79,,11.49,5.77,买入,,29.0
300036.SZ,超图软件,20200226,超图软件：跨越拐点，19年业绩稳定增长,点评,一般报告,招商证券,"刘玉萍,周翔宇",2021Q4,298700.0,,48700.0,42700.0,0.95,29.4,,15.9,23.0,强烈推荐,,
600116.SH,三峡水利,20200226,长城证券晨会报告,非个股,一般报告,长城证券,"濮阳,范杨春晓",2021Q4,,,,34100.0,0.343,,,,,推荐,,
600116.SH,三峡水利,20200226,长城证券晨会报告,非个股,一般报告,长城证券,"濮阳,范杨春晓",2020Q4,,,,31200.0,0.314,,,,,推荐,,
600116.SH,三峡水利,20200226,长城证券晨会报告,非个股,一般报告,长城证券,"濮阳,范杨春晓",2019Q4,,,,28600.0,0.288,,,,,推荐,,
600201.SH,生物股份,20200226,农林牧渔行业：习主席指导春季农业生产，保障生产不误农时,非个股,一般报告,东兴证券,程诗月,2020Q4,,,,57438.252,0.51,,,,,强烈推荐,,
600201.SH,生物股份,20200226,农林牧渔行业：习主席指导春季农业生产，保障生产不误农时,非个股,一般报告,东兴证券,程诗月,2019Q4,,,,21398.565,0.19,,,,,强烈推荐,,
002714.SZ,牧原股份,20200226,农林牧渔行业：习主席指导春季农业生产，保障生产不误农时,非个股,一般报告,东兴证券,程诗月,2020Q4,,,,3170226.767,14.38,,,,,强烈推荐,,
002714.SZ,牧原股份,20200226,农林牧渔行业：习主席指导春季农业生产，保障生产不误农时,非个股,一般报告,东兴证券,程诗月,2019Q4,,,,566584.339,2.57,,,,,强烈推荐,,
600845.SH,宝信软件,20200226,计算机应用：2019试点示范项目出炉，工业互联网有望进入实质加速阶段,非个股,一般报告,天风证券,沈海兵,2021Q4,,,,135704.06,1.19,,,,,买入,,
600845.SH,宝信软件,20200226,计算机应用：2019试点示范项目出炉，工业互联网有望进入实质加速阶段,非个股,一般报告,天风证券,沈海兵,2020Q4,,,,108335.174,0.95,,,,,买入,,
600845.SH,宝信软件,20200226,计算机应用：2019试点示范项目出炉，工业互联网有望进入实质加速阶段,非个股,一般报告,天风证券,沈海兵,2019Q4,,,,85527.769,0.75,,,,,买入,,
600717.SH,天津港,20200226,周期边际向好，基建成长存在分化：交通运输2019年报前瞻,非个股,一般报告,华泰证券,"沈晓峰,林霞颖,袁钉,黄凡洋",2020Q4,,,,70200.0,0.349,,,,,无,,
600717.SH,天津港,20200226,周期边际向好，基建成长存在分化：交通运输2019年报前瞻,非个股,一般报告,华泰证券,"沈晓峰,林霞颖,袁钉,黄凡洋",2019Q4,,,,64300.0,0.32,,,,,无,,
002920.SZ,德赛西威,20200226,《智能汽车创新发展战略》点评：智能汽车号角吹响，全产业链迎机遇,非个股,一般报告,财通证券,"彭勇,管正月",2020Q4,,,,32450.0,0.59,,,,,增持,,
002920.SZ,德赛西威,20200226,《智能汽车创新发展战略》点评：智能汽车号角吹响，全产业链迎机遇,非个股,一般报告,财通证券,"彭勇,管正月",2019Q4,,,,23650.0,0.43,,,,,增持,,
002081.SZ,金螳螂,20200226,建筑装饰：兴业“建”谈系列之二十一：谈一谈对2020年基建投资的展望,非个股,一般报告,兴业证券,"孟杰,蔡琨",2021Q4,,,,343604.312,1.28,,,,,无,,
002081.SZ,金螳螂,20200226,建筑装饰：兴业“建”谈系列之二十一：谈一谈对2020年基建投资的展望,非个股,一般报告,兴业证券,"孟杰,蔡琨",2020Q4,,,,292600.547,1.09,,,,,无,,
002081.SZ,金螳螂,20200226,建筑装饰：兴业“建”谈系列之二十一：谈一谈对2020年基建投资的展望,非个股,一般报告,兴业证券,"孟杰,蔡琨",2019Q4,,,,249650.008,0.93,,,,,无,,
000998.SZ,隆平高科,20200226,农林牧渔行业：习主席指导春季农业生产，保障生产不误农时,非个股,一般报告,东兴证券,程诗月,2020Q4,,,,27656.376,0.21,,,,,无,,
000998.SZ,隆平高科,20200226,农林牧渔行业：习主席指导春季农业生产，保障生产不误农时,非个股,一般报告,东兴证券,程诗月,2019Q4,,,,-19754.554,-0.15,,,,,无,,
600018.SH,上港集团,20200226,周期边际向好，基建成长存在分化：交通运输2019年报前瞻,非个股,一般报告,华泰证券,"沈晓峰,林霞颖,袁钉,黄凡洋",2020Q4,,,,1265800.0,0.546,,,,,无,,
600018.SH,上港集团,20200226,周期边际向好，基建成长存在分化：交通运输2019年报前瞻,非个股,一般报告,华泰证券,"沈晓峰,林霞颖,袁钉,黄凡洋",2019Q4,,,,899600.0,0.388,,,,,无,,
601872.SH,招商轮船,20200226,周期边际向好，基建成长存在分化：交通运输2019年报前瞻,非个股,一般报告,华泰证券,"沈晓峰,林霞颖,袁钉,黄凡洋",2020Q4,,,,206200.0,0.306,,,,,无,,
601872.SH,招商轮船,20200226,周期边际向好，基建成长存在分化：交通运输2019年报前瞻,非个股,一般报告,华泰证券,"沈晓峰,林霞颖,袁钉,黄凡洋",2019Q4,,,,170400.0,0.253,,,,,无,,
601006.SH,大秦铁路,20200226,周期边际向好，基建成长存在分化：交通运输2019年报前瞻,非个股,一般报告,华泰证券,"沈晓峰,林霞颖,袁钉,黄凡洋",2020Q4,,,,1323500.0,0.89,,,,,无,,
601006.SH,大秦铁路,20200226,周期边际向好，基建成长存在分化：交通运输2019年报前瞻,非个股,一般报告,华泰证券,"沈晓峰,林霞颖,袁钉,黄凡洋",2019Q4,,,,1395000.0,0.938,,,,,无,,
601919.SH,中远海控,20200226,周期边际向好，基建成长存在分化：交通运输2019年报前瞻,非个股,一般报告,华泰证券,"沈晓峰,林霞颖,袁钉,黄凡洋",2020Q4,,,,296300.0,0.242,,,,,无,,
601919.SH,中远海控,20200226,周期边际向好，基建成长存在分化：交通运输2019年报前瞻,非个股,一般报告,华泰证券,"沈晓峰,林霞颖,袁钉,黄凡洋",2019Q4,,,,676000.0,0.551,,,,,无,,
603128.SH,华贸物流,20200226,周期边际向好，基建成长存在分化：交通运输2019年报前瞻,非个股,一般报告,华泰证券,"沈晓峰,林霞颖,袁钉,黄凡洋",2020Q4,,,,42600.0,0.421,,,,,无,,
603128.SH,华贸物流,20200226,周期边际向好，基建成长存在分化：交通运输2019年报前瞻,非个股,一般报告,华泰证券,"沈晓峰,林霞颖,袁钉,黄凡洋",2019Q4,,,,36900.0,0.365,,,,,无,,
300498.SZ,温氏股份,20200226,农林牧渔行业：习主席指导春季农业生产，保障生产不误农时,非个股,一般报告,东兴证券,程诗月,2020Q4,,,,3325004.976,6.26,,,,,强烈推荐,,
300498.SZ,温氏股份,20200226,农林牧渔行业：习主席指导春季农业生产，保障生产不误农时,非个股,一般报告,东兴证券,程诗月,2019Q4,,,,1402238.52,2.64,,,,,强烈推荐,,
601012.SH,隆基股份,20200226,LONGi–A：Overseas_expansion_aims_at_US_market,点评,一般报告,招银国际,萧小川,2021Q4,6144500.0,1357800.0,776400.0,699000.0,1.85,,0.8,17.52,,HOLD,,34.62
601012.SH,隆基股份,20200226,LONGi–A：Overseas_expansion_aims_at_US_market,点评,一般报告,招银国际,萧小川,2020Q4,5277100.0,1176000.0,686900.0,607700.0,1.61,,0.7,18.27,,HOLD,,34.62
002690.SZ,美亚光电,20200226,美亚光电：2019年业绩如期稳健增长，疫情不改刚性需求,点评,一般报告,中金,"张梓丁,孔令鑫",2020Q4,177930.0,99670.0,75600.0,65200.0,0.97,40.5,0.7,21.1,32.1,跑赢行业,,44.77
002690.SZ,美亚光电,20200226,美亚光电：2019年业绩如期稳健增长，疫情不改刚性需求,点评,一般报告,中金,"张梓丁,孔令鑫",2019Q4,150550.0,83710.0,63100.0,54500.0,0.81,48.5,0.6,21.1,38.8,跑赢行业,,44.77
002385.SZ,大北农,20200226,大北农：畜牧业务利润加速释放，转基因种业业务将迎新时代！,深度,首份报告,天风证券,"吴立,魏振亚,陈潇,王聪",2021Q4,3282040.0,898610.0,535328.0,415415.0,0.99,7.29,,29.06,5.11,买入,,12.0
002385.SZ,大北农,20200226,大北农：畜牧业务利润加速释放，转基因种业业务将迎新时代！,深度,首份报告,天风证券,"吴立,魏振亚,陈潇,王聪",2020Q4,2518170.0,711090.0,386691.0,289554.0,0.69,10.46,,23.75,6.95,买入,,12.0
002385.SZ,大北农,20200226,大北农：畜牧业务利润加速释放，转基因种业业务将迎新时代！,深度,首份报告,天风证券,"吴立,魏振亚,陈潇,王聪",2019Q4,1951850.0,398020.0,87306.0,68273.0,0.16,44.37,,6.44,21.25,买入,,12.0
300795.SZ,米奥兰特,20200226,米奥兰特：国内会展公司龙头，外延扩张空间广阔，规模效应显著盈利提升可期,一般,首次关注,天风证券,刘章明,2021Q4,55711.85,,17395.0,12805.0,1.28,19.9,,23.17,11.95,买入,,31.04
300795.SZ,米奥兰特,20200226,米奥兰特：国内会展公司龙头，外延扩张空间广阔，规模效应显著盈利提升可期,一般,首次关注,天风证券,刘章明,2020Q4,52620.32,,13208.0,9713.0,0.97,26.23,,22.88,16.7,买入,,31.04
300795.SZ,米奥兰特,20200226,米奥兰特：国内会展公司龙头，外延扩张空间广阔，规模效应显著盈利提升可期,一般,首次关注,天风证券,刘章明,2019Q4,48778.47,,10054.0,7379.0,0.74,34.53,,22.54,22.65,买入,,31.04
603010.SH,万盛股份,20200226,万盛股份：5G新基建将导致阻燃剂供求紧张加剧！,深度,一般报告,国金证券,"刘蒙,许隽逸",2021Q4,282600.0,75800.0,36800.0,28700.0,0.827,16.18,,17.52,,买入,,21.42
603010.SH,万盛股份,20200226,万盛股份：5G新基建将导致阻燃剂供求紧张加剧！,深度,一般报告,国金证券,"刘蒙,许隽逸",2020Q4,208800.0,55500.0,28500.0,22200.0,0.64,20.91,,15.45,,买入,,21.42
603010.SH,万盛股份,20200226,万盛股份：5G新基建将导致阻燃剂供求紧张加剧！,深度,一般报告,国金证券,"刘蒙,许隽逸",2019Q4,181500.0,44900.0,22100.0,17200.0,0.497,26.95,,13.45,,买入,,21.42
002690.SZ,美亚光电,20200226,美亚光电：2019年业绩如期稳健增长，疫情不改刚性需求,点评,一般报告,中金,"张梓丁,孔令鑫",2021Q4,208000.0,,89300.0,77000.0,1.14,34.3,0.9,21.2,27.0,跑赢行业,,44.77
002705.SZ,新宝股份,20200226,新宝股份：业务结构优化，内销表现亮眼——2019业绩快报点评,点评,一般报告,中泰证券,邓欣,2021Q4,1112500.0,239200.0,105300.0,91100.0,1.14,17.21,,17.72,,买入,,
002705.SZ,新宝股份,20200226,新宝股份：业务结构优化，内销表现亮眼——2019业绩快报点评,点评,一般报告,中泰证券,邓欣,2020Q4,1007300.0,213600.0,93000.0,79800.0,1.0,19.63,,17.0,,买入,,
002705.SZ,新宝股份,20200226,新宝股份：业务结构优化，内销表现亮眼——2019业绩快报点评,点评,一般报告,中泰证券,邓欣,2019Q4,913700.0,190300.0,80600.0,68600.0,0.86,22.84,,15.92,,买入,,
002541.SZ,鸿路钢构,20200226,鸿路钢构深度跟踪研究之二：以利润表视角，再论鸿路成长性来源,深度,一般报告,光大证券,"孙伟风,武慧东",2021Q4,1697300.0,239000.0,85700.0,69390.0,1.33,8.0,,11.63,6.0,买入,,14.25
002541.SZ,鸿路钢构,20200226,鸿路钢构深度跟踪研究之二：以利润表视角，再论鸿路成长性来源,深度,一般报告,光大证券,"孙伟风,武慧东",2020Q4,1411500.0,194900.0,67500.0,54680.0,1.04,11.0,,10.26,8.0,买入,,14.25
002541.SZ,鸿路钢构,20200226,鸿路钢构深度跟踪研究之二：以利润表视角，再论鸿路成长性来源,深度,一般报告,光大证券,"孙伟风,武慧东",2019Q4,1087600.0,145900.0,55900.0,45300.0,0.86,13.0,,9.38,10.0,买入,,14.25
002518.SZ,科士达,20200226,科士达动态研究：5G与云计算推动数据中心需求，储能处于产业爆发前夜,点评,一般报告,国海证券,"谭倩,尹斌,张涵",2021Q4,372400.0,,58000.0,52300.0,0.9,17.92,,15.7,,买入,,
002518.SZ,科士达,20200226,科士达动态研究：5G与云计算推动数据中心需求，储能处于产业爆发前夜,点评,一般报告,国海证券,"谭倩,尹斌,张涵",2020Q4,320800.0,,46900.0,42300.0,0.73,22.12,,14.29,,买入,,
002518.SZ,科士达,20200226,科士达动态研究：5G与云计算推动数据中心需求，储能处于产业爆发前夜,点评,一般报告,国海证券,"谭倩,尹斌,张涵",2019Q4,277300.0,,38300.0,34500.0,0.59,27.11,,12.95,,买入,,
688169.SH,石头科技,20200226,石头科技公司深度报告：小米为基，石头为拳，冉冉升起的清洁电器新星,,首次关注,海通证券,"陈子仪,佘炜超,刘璐",2021Q4,562300.0,,148000.0,123600.0,18.54,23.9,0.9,19.0,18.0,优于大市,,
688169.SH,石头科技,20200226,石头科技公司深度报告：小米为基，石头为拳，冉冉升起的清洁电器新星,,首次关注,海通证券,"陈子仪,佘炜超,刘璐",2020Q4,469800.0,,115800.0,96700.0,14.51,30.5,0.7,17.5,23.2,优于大市,,
688169.SH,石头科技,20200226,石头科技公司深度报告：小米为基，石头为拳，冉冉升起的清洁电器新星,,首次关注,海通证券,"陈子仪,佘炜超,刘璐",2019Q4,384500.0,,89700.0,74900.0,11.23,39.4,0.7,57.7,27.1,优于大市,,
688066.SH,航天宏图,20200226,航天宏图：空天大数据运营商,,首次评级,华泰证券,"谢春生,郭雅丽,郭梁良,金兴",2021Q4,128535.0,,28563.0,24382.0,1.47,38.76,,14.55,32.42,增持,69.69,64.64
688066.SH,航天宏图,20200226,航天宏图：空天大数据运营商,,首次评级,华泰证券,"谢春生,郭雅丽,郭梁良,金兴",2020Q4,89839.0,,19493.0,16704.0,1.01,56.58,,11.67,50.3,增持,69.69,64.64
688066.SH,航天宏图,20200226,航天宏图：空天大数据运营商,,首次评级,华泰证券,"谢春生,郭雅丽,郭梁良,金兴",2019Q4,61816.0,,12305.0,10593.0,0.64,89.22,,8.38,78.34,增持,69.69,64.64
600985.SH,淮北矿业,20200226,淮北矿业公司研究报告：低估值的华东煤焦一体化龙头,一般,首次评级,海通证券,"李淼,吴杰,戴元灿,王涛",2021Q4,5371955.0,,508900.0,380700.0,1.75,4.9,6.0,14.7,3.25,优于大市,,
600985.SH,淮北矿业,20200226,淮北矿业公司研究报告：低估值的华东煤焦一体化龙头,一般,首次评级,海通证券,"李淼,吴杰,戴元灿,王涛",2020Q4,5327750.0,,452700.0,370200.0,1.7,5.03,5.8,16.0,3.76,优于大市,,
600985.SH,淮北矿业,20200226,淮北矿业公司研究报告：低估值的华东煤焦一体化龙头,一般,首次评级,海通证券,"李淼,吴杰,戴元灿,王涛",2019Q4,5268813.0,,431000.0,360600.0,1.66,5.17,5.7,17.6,4.23,优于大市,,
603556.SH,海兴电力,20200226,海兴电力事件点评：解决方案提供者，业绩进入增长通道,点评,首次评级,国海证券,"谭倩,尹斌,张涵",2021Q4,475000.0,,93900.0,78000.0,1.57,10.73,,12.08,,买入,,
603556.SH,海兴电力,20200226,海兴电力事件点评：解决方案提供者，业绩进入增长通道,点评,首次评级,国海证券,"谭倩,尹斌,张涵",2020Q4,386200.0,,80000.0,66400.0,1.34,12.6,,11.39,,买入,,
300035.SZ,中科电气,20200226,中科电气事件点评：负极业务扶摇直上，上游一体化打造核心优势,点评,首次关注,国海证券,"谭倩,尹斌,张涵",2021Q4,171700.0,,32600.0,28700.0,0.45,19.15,,16.12,,买入,,
300035.SZ,中科电气,20200226,中科电气事件点评：负极业务扶摇直上，上游一体化打造核心优势,点评,首次关注,国海证券,"谭倩,尹斌,张涵",2020Q4,124700.0,,25400.0,22400.0,0.35,24.59,,14.41,,买入,,
002677.SZ,浙江美大,20200226,浙江美大2019年年报业绩快报点评：享受成长红利，业绩符合市场预期,点评,一般报告,中信证券,"汪浩,陈俊斌",Q,,,,,,,,,,无,,
601012.SH,隆基股份,20200226,LONGi–A：Overseas_expansion_aims_at_US_market,点评,一般报告,招银国际,萧小川,2019Q4,3261100.0,894100.0,597800.0,517100.0,1.371,,0.6,18.5,,HOLD,,34.62
603556.SH,海兴电力,20200226,海兴电力事件点评：解决方案提供者，业绩进入增长通道,点评,首次评级,国海证券,"谭倩,尹斌,张涵",2019Q4,311500.0,,60100.0,49900.0,1.01,16.77,,9.42,,买入,,
300035.SZ,中科电气,20200226,中科电气事件点评：负极业务扶摇直上，上游一体化打造核心优势,点评,首次关注,国海证券,"谭倩,尹斌,张涵",2019Q4,92300.0,,18000.0,15800.0,0.25,34.73,,11.53,,买入,,
300033.SZ,同花顺,20200226,同花顺：业绩符合预期，有望受益于市场活跃度提升,点评,一般报告,中泰证券,"闻学臣,何柄谕",2022Q4,420000.0,,217600.0,212600.0,3.95,36.93,0.0,23.78,,买入,,
300033.SZ,同花顺,20200226,同花顺：业绩符合预期，有望受益于市场活跃度提升,点评,一般报告,中泰证券,"闻学臣,何柄谕",2021Q4,320000.0,,166800.0,161800.0,3.01,48.5,0.0,23.75,,买入,,
300033.SZ,同花顺,20200226,同花顺：业绩符合预期，有望受益于市场活跃度提升,点评,一般报告,中泰证券,"闻学臣,何柄谕",2020Q4,240000.0,,127200.0,122200.0,2.27,64.21,0.0,23.53,,买入,,
300033.SZ,同花顺,20200226,同花顺2019年报点评：业绩符合预期，AI持续落地可期,点评,首份报告,国信证券,"熊莉,库宏垚",2022Q4,423500.0,,242500.0,223100.0,4.15,35.5,0.8,28.9,38.8,买入,,
002705.SZ,新宝股份,20200226,新宝股份动态点评：内销高增长，汇兑损益改善显著,点评,一般报告,东方财富证券,"何玮,黄滢",2021Q4,1059871.0,,,92268.0,1.15,16.98,,,8.4,增持,,
603876.SH,鼎胜新材,20200226,鼎胜新材：成长中的锂电铝箔龙头,深度,首份报告,广发证券,"巨国贤,黄礼恒",2020Q4,1082399.0,105062.0,51200.0,40000.0,0.92,21.65,,9.9,13.83,买入,,27.7
002677.SZ,浙江美大,20200226,浙江美大动态点评：盈利水平提升，短期收入增速下滑不改公司成长价值,点评,一般报告,东方财富证券,"何玮,黄滢",2020Q4,205119.0,,,56563.0,0.88,13.71,,,9.26,买入,,
002677.SZ,浙江美大,20200226,浙江美大2019快报点评：19年收入业绩符合预期，盈利能力增强,点评,一般报告,国泰君安,"范杨,孙浩文,颜晓晴",2019Q4,169000.0,,,45900.0,0.71,16.88,4.1,29.7,13.88,增持,,18.8
002677.SZ,浙江美大,20200226,浙江美大2019快报点评：19年收入业绩符合预期，盈利能力增强,点评,一般报告,国泰君安,"范杨,孙浩文,颜晓晴",2021Q4,249400.0,,,68600.0,1.06,11.31,5.9,35.3,8.87,增持,,18.8
002677.SZ,浙江美大,20200226,浙江美大2019快报点评：19年收入业绩符合预期，盈利能力增强,点评,一般报告,国泰君安,"范杨,孙浩文,颜晓晴",2020Q4,194800.0,,,55000.0,0.85,14.09,4.9,32.1,11.48,增持,,18.8
688023.SH,安恒信息,20200226,安恒信息2019年业绩快报点评：安全行业高景气，业绩高速增长,,首次关注,国信证券,"熊莉,库宏垚",2021Q4,199300.0,,20500.0,19000.0,2.6,90.2,0.0,9.7,144.5,买入,,
688023.SH,安恒信息,20200226,安恒信息2019年业绩快报点评：安全行业高景气，业绩高速增长,,首次关注,国信证券,"熊莉,库宏垚",2020Q4,141000.0,,14500.0,13500.0,1.8,126.5,0.0,7.6,235.5,买入,,
300316.SZ,晶盛机电,20200226,晶盛机电：硅片设备龙头，与产业浪潮共舞,深度,一般报告,天风证券,"邹润芳,崔宇,王纪斌",2021Q4,623818.0,,158969.0,139892.0,1.09,26.36,,21.87,21.43,买入,,33.13
300316.SZ,晶盛机电,20200226,晶盛机电：硅片设备龙头，与产业浪潮共舞,深度,一般报告,天风证券,"邹润芳,崔宇,王纪斌",2020Q4,474352.0,,107995.0,95035.0,0.74,38.8,,17.91,30.4,买入,,33.13
002273.SZ,水晶光电,20200226,水晶光电：深耕光学赛道，经营稳健增长,点评,一般报告,中银国际,"王达婷,赵琦",2021Q4,495700.0,,81800.0,71100.0,0.584,34.6,0.7,13.7,15.2,增持,,
600528.SH,中铁工业,20200226,中铁工业首次覆盖报告：盾构机龙头，受益于地下空间建设,一般,首次评级,国元证券,满在朋,2021Q4,2847600.0,,313100.0,267100.0,1.2,8.07,,12.4,4.0,买入,,15.0
300033.SZ,同花顺,20200226,同花顺2019年报点评：业绩符合预期，AI持续落地可期,点评,首份报告,国信证券,"熊莉,库宏垚",2021Q4,325400.0,,186100.0,171200.0,3.18,46.3,0.6,27.9,50.1,买入,,
300033.SZ,同花顺,20200226,同花顺2019年报点评：业绩符合预期，AI持续落地可期,点评,首份报告,国信证券,"熊莉,库宏垚",2020Q4,244000.0,,140000.0,130200.0,2.42,60.8,0.5,26.5,66.7,买入,,
002705.SZ,新宝股份,20200226,新宝股份动态点评：内销高增长，汇兑损益改善显著,点评,一般报告,东方财富证券,"何玮,黄滢",2020Q4,974429.0,,,79192.0,0.99,19.79,,,10.03,增持,,
002705.SZ,新宝股份,20200226,新宝股份动态点评：内销高增长，汇兑损益改善显著,点评,一般报告,东方财富证券,"何玮,黄滢",2019Q4,912453.0,,,68722.0,0.86,22.8,,,11.77,增持,,
688023.SH,安恒信息,20200226,安恒信息2019年业绩快报点评：安全行业高景气，业绩高速增长,,首次关注,国信证券,"熊莉,库宏垚",2019Q4,94500.0,,10000.0,9400.0,1.3,181.9,0.0,5.7,473.2,买入,,
603876.SH,鼎胜新材,20200226,鼎胜新材：成长中的锂电铝箔龙头,深度,首份报告,广发证券,"巨国贤,黄礼恒",2021Q4,1184826.0,132655.0,73900.0,57800.0,1.33,15.0,,12.5,10.58,买入,,27.7
603876.SH,鼎胜新材,20200226,鼎胜新材：成长中的锂电铝箔龙头,深度,首份报告,广发证券,"巨国贤,黄礼恒",2019Q4,1035018.0,95627.0,37300.0,28100.0,0.65,30.89,,7.7,16.13,买入,,27.7
002677.SZ,浙江美大,20200226,浙江美大动态点评：盈利水平提升，短期收入增速下滑不改公司成长价值,点评,一般报告,东方财富证券,"何玮,黄滢",2021Q4,250063.0,,,69262.0,1.07,11.19,,,7.12,买入,,
002677.SZ,浙江美大,20200226,浙江美大动态点评：盈利水平提升，短期收入增速下滑不改公司成长价值,点评,一般报告,东方财富证券,"何玮,黄滢",2019Q4,168997.0,,,46173.0,0.71,16.79,,,11.82,买入,,
300316.SZ,晶盛机电,20200226,晶盛机电：硅片设备龙头，与产业浪潮共舞,深度,一般报告,天风证券,"邹润芳,崔宇,王纪斌",2019Q4,358814.0,,69375.0,61050.0,0.48,60.41,,13.37,47.18,买入,,33.13
002273.SZ,水晶光电,20200226,水晶光电：深耕光学赛道，经营稳健增长,点评,一般报告,中银国际,"王达婷,赵琦",2020Q4,393400.0,,68400.0,59900.0,0.492,41.1,0.6,12.7,18.7,增持,,
002273.SZ,水晶光电,20200226,水晶光电：深耕光学赛道，经营稳健增长,点评,一般报告,中银国际,"王达婷,赵琦",2019Q4,300300.0,,56900.0,50100.0,0.411,49.1,0.5,11.7,28.6,增持,,
600528.SH,中铁工业,20200226,中铁工业首次覆盖报告：盾构机龙头，受益于地下空间建设,一般,首次评级,国元证券,满在朋,2019Q4,2200500.0,,202400.0,172900.0,0.78,12.46,,10.0,6.0,买入,,15.0
300628.SZ,亿联网络,20200226,亿联网络：业绩处预告上半区，疫情加快VCS推广,点评,一般报告,广发证券,"刘雪峰,钱砾",2021Q4,408000.0,,226000.0,207900.0,3.47,29.35,,25.7,28.96,买入,,108.12
300628.SZ,亿联网络,20200226,亿联网络：业绩处预告上半区，疫情加快VCS推广,点评,一般报告,广发证券,"刘雪峰,钱砾",2020Q4,321200.0,,176100.0,162000.0,2.7,37.66,,27.0,37.72,买入,,108.12
300628.SZ,亿联网络,20200226,亿联网络：业绩处预告上半区，疫情加快VCS推广,点评,一般报告,广发证券,"刘雪峰,钱砾",2019Q4,249300.0,,135800.0,125100.0,2.09,48.78,,28.6,49.41,买入,,108.12
600048.SH,保利地产,20200226,保利地产：公司1月销售销售增速放缓，拿地积极，维持“买入”评级,点评,首份报告,群益证券,沈嘉婕,2021Q4,36614200.0,,6807600.0,3677500.0,3.082,4.95,5.06,,,买入,,18.3
600528.SH,中铁工业,20200226,中铁工业首次覆盖报告：盾构机龙头，受益于地下空间建设,一般,首次评级,国元证券,满在朋,2020Q4,2483800.0,,249600.0,212900.0,0.96,10.12,,11.1,5.0,买入,,15.0
002832.SZ,比音勒芬,20200226,比音勒芬：2019年业绩快报靓丽，加速推进新零售,点评,一般报告,广发证券,糜韩杰,2020Q4,228400.0,,60900.0,51800.0,1.68,13.8,,23.3,10.34,买入,,42.0
002832.SZ,比音勒芬,20200226,比音勒芬：2019年业绩快报靓丽，加速推进新零售,点评,一般报告,广发证券,糜韩杰,2019Q4,185600.0,,48300.0,41100.0,1.33,17.39,,21.0,13.51,买入,,42.0
002085.SZ,万丰奥威,20200226,万丰奥威：收购万丰飞机，加码通用航空领域,点评,一般报告,西南证券,"宋伟健,冯未然",2019Q4,1035048.0,,107687.0,82406.0,0.38,21.15,1.1,11.5,12.44,买入,,
002832.SZ,比音勒芬,20200226,比音勒芬：19年业绩延续高增长态势，品牌竞争力凸显,点评,一般报告,招商证券,刘丽,2021Q4,262400.0,,69700.0,59800.0,1.94,11.9,,21.9,12.4,强烈推荐,,
002832.SZ,比音勒芬,20200226,比音勒芬：19年业绩延续高增长态势，品牌竞争力凸显,点评,一般报告,招商证券,刘丽,2020Q4,219300.0,,57100.0,49100.0,1.59,14.6,,21.5,15.0,强烈推荐,,
002832.SZ,比音勒芬,20200226,比音勒芬：19年业绩延续高增长态势，品牌竞争力凸显,点评,一般报告,招商证券,刘丽,2019Q4,182600.0,,47500.0,40900.0,1.33,17.5,,21.0,17.5,强烈推荐,,
688023.SH,安恒信息,20200226,安恒信息2019年业绩快报点评：业绩略超预期，静待净利率回升,,一般报告,光大证券,"姜国平,万义麟,卫书根",2021Q4,196300.0,,29100.0,26500.0,3.58,65.0,0.0,13.37,49.6,增持,,
300726.SZ,宏达电子,20200226,宏达电子：多元布局与产能建设进展顺利，通讯领域或将提供增长新动力,点评,一般报告,中信建投,"黎韬扬,刘永旭",2021Q4,163500.0,,,44800.0,1.11,29.0,,,,增持,,
300726.SZ,宏达电子,20200226,宏达电子：多元布局与产能建设进展顺利，通讯领域或将提供增长新动力,点评,一般报告,中信建投,"黎韬扬,刘永旭",2020Q4,118400.0,,,35800.0,0.89,36.0,,,,增持,,
300726.SZ,宏达电子,20200226,宏达电子：多元布局与产能建设进展顺利，通讯领域或将提供增长新动力,点评,一般报告,中信建投,"黎韬扬,刘永旭",2019Q4,84400.0,,,29300.0,0.73,44.0,,,,增持,,
300497.SZ,富祥股份,20200226,富祥股份：巴坦、培南齐发展，深耕高端抗生素产业链优势尽显,一般,首次关注,天风证券,"潘海洋,郑薇",2021Q4,210139.0,,63026.0,52769.0,1.93,13.08,,25.16,8.87,买入,,33.81
300497.SZ,富祥股份,20200226,富祥股份：巴坦、培南齐发展，深耕高端抗生素产业链优势尽显,一般,首次关注,天风证券,"潘海洋,郑薇",2020Q4,169812.0,,48119.0,40288.0,1.47,17.13,,23.58,12.0,买入,,33.81
300497.SZ,富祥股份,20200226,富祥股份：巴坦、培南齐发展，深耕高端抗生素产业链优势尽显,一般,首次关注,天风证券,"潘海洋,郑薇",2019Q4,135642.0,,36262.0,30360.0,1.11,22.73,,21.42,16.29,买入,,33.81
300059.SZ,东方财富,20200226,东方财富推荐：资本市场活跃，流量加速变现,点评,一般报告,中信建投,"石泽蕤,赵然,吴桐",2021Q4,690000.0,,,331000.0,,40.5,,,,买入,,
300059.SZ,东方财富,20200226,东方财富推荐：资本市场活跃，流量加速变现,点评,一般报告,中信建投,"石泽蕤,赵然,吴桐",2020Q4,552000.0,,,263000.0,,50.9,,,,买入,,
300059.SZ,东方财富,20200226,东方财富推荐：资本市场活跃，流量加速变现,点评,一般报告,中信建投,"石泽蕤,赵然,吴桐",2019Q4,409000.0,,,184000.0,,72.8,,,,买入,,
600732.SH,ST爱旭,20200226,ST爱旭：业绩和产能快速增长的光伏电池龙头,点评,首次关注,安信证券,"邓永康,吴用,彭广春,丁肖逸",2022Q4,2196320.0,,227990.0,204310.0,1.12,10.2,0.0,30.2,11.6,买入,,14.5
600732.SH,ST爱旭,20200226,ST爱旭：业绩和产能快速增长的光伏电池龙头,点评,首次关注,安信证券,"邓永康,吴用,彭广春,丁肖逸",2021Q4,1631690.0,,170680.0,152950.0,0.84,13.7,0.0,32.3,8.7,买入,,14.5
600732.SH,ST爱旭,20200226,ST爱旭：业绩和产能快速增长的光伏电池龙头,点评,首次关注,安信证券,"邓永康,吴用,彭广春,丁肖逸",2020Q4,971490.0,,118500.0,106190.0,0.58,19.7,0.0,32.9,20.4,买入,,14.5
688139.SH,海尔生物,20200226,海尔生物：从生物医疗低温存储引领者到物联网解决方案创领者,,首份报告,兴业证券,徐佳熹,2021Q4,152900.0,,36600.0,31300.0,0.99,39.6,,10.4,,无,,
688139.SH,海尔生物,20200226,海尔生物：从生物医疗低温存储引领者到物联网解决方案创领者,,首份报告,兴业证券,徐佳熹,2020Q4,122600.0,,28200.0,24100.0,0.76,51.3,,8.9,,无,,
688139.SH,海尔生物,20200226,海尔生物：从生物医疗低温存储引领者到物联网解决方案创领者,,首份报告,兴业证券,徐佳熹,2019Q4,101300.0,,21100.0,18200.0,0.57,68.0,,7.4,,无,,
001914.SZ,招商积余,20200226,招商积余：接受捐赠，卓越行动展示央企担当，旗舰定位强化,点评,一般报告,兴业证券,"郭毅,阎常铭,徐鸥鹭,靳璐瑜",2021Q4,,,,,0.76,33.0,,,,审慎增持,,
001914.SZ,招商积余,20200226,招商积余：接受捐赠，卓越行动展示央企担当，旗舰定位强化,点评,一般报告,兴业证券,"郭毅,阎常铭,徐鸥鹭,靳璐瑜",2020Q4,,,,,0.58,43.0,,,,审慎增持,,
001914.SZ,招商积余,20200226,招商积余：接受捐赠，卓越行动展示央企担当，旗舰定位强化,点评,一般报告,兴业证券,"郭毅,阎常铭,徐鸥鹭,靳璐瑜",2019Q4,,,,,0.38,66.0,,,,审慎增持,,
002085.SZ,万丰奥威,20200226,万丰奥威：收购万丰飞机，加码通用航空领域,点评,一般报告,西南证券,"宋伟健,冯未然",2021Q4,1162293.0,,133642.0,102267.0,0.47,17.04,1.06,11.65,9.68,买入,,
002085.SZ,万丰奥威,20200226,万丰奥威：收购万丰飞机，加码通用航空领域,点评,一般报告,西南证券,"宋伟健,冯未然",2020Q4,1096455.0,,121085.0,92658.0,0.42,18.81,0.95,11.68,10.81,买入,,
300628.SZ,亿联网络,20200226,亿联网络：年报业绩高速增长，云视频行业即将迎来加速发展,点评,一般报告,东方证券,"张颖,蔡超逸",2021Q4,429700.0,,233600.0,210274.0,3.51,29.0,,32.5,25.0,增持,,116.53
300628.SZ,亿联网络,20200226,亿联网络：年报业绩高速增长，云视频行业即将迎来加速发展,点评,一般报告,东方证券,"张颖,蔡超逸",2020Q4,332900.0,,180400.0,162387.0,2.71,37.6,,32.3,32.3,增持,,116.53
300628.SZ,亿联网络,20200226,亿联网络：年报业绩高速增长，云视频行业即将迎来加速发展,点评,一般报告,东方证券,"张颖,蔡超逸",2019Q4,256900.0,,137500.0,123709.0,2.07,49.3,,31.3,41.9,增持,,116.53
600048.SH,保利地产,20200226,保利地产：公司1月销售销售增速放缓，拿地积极，维持“买入”评级,点评,首份报告,群益证券,沈嘉婕,2020Q4,30495200.0,,5864800.0,3168200.0,2.655,5.75,4.82,,,买入,,18.3
600048.SH,保利地产,20200226,保利地产：公司1月销售销售增速放缓，拿地积极，维持“买入”评级,点评,首份报告,群益证券,沈嘉婕,2019Q4,23551200.0,,5055100.0,2659200.0,2.229,6.85,4.59,,,买入,,18.3
002832.SZ,比音勒芬,20200226,比音勒芬：2019年业绩快报靓丽，加速推进新零售,点评,一般报告,广发证券,糜韩杰,2021Q4,275600.0,,75200.0,63900.0,2.07,11.18,,25.2,8.14,买入,,42.0
688023.SH,安恒信息,20200226,安恒信息2019年业绩快报点评：业绩略超预期，静待净利率回升,,一般报告,光大证券,"姜国平,万义麟,卫书根",2020Q4,138500.0,,18600.0,16900.0,2.28,101.0,0.0,9.85,77.2,增持,,
688023.SH,安恒信息,20200226,安恒信息2019年业绩快报点评：业绩略超预期，静待净利率回升,,一般报告,光大证券,"姜国平,万义麟,卫书根",2019Q4,94500.0,,10300.0,9400.0,1.26,183.0,0.0,6.04,140.7,增持,,
300579.SZ,数字认证,20200226,数字认证：疫情有望促使电子签名加速渗透,点评,一般报告,华泰证券,"谢春生,王玮嘉,郭雅丽,郭梁良,金兴,施静",2020Q4,101300.0,,16544.0,14461.0,0.8,61.47,,19.4,31.85,增持,57.04,52.22
300579.SZ,数字认证,20200226,数字认证：疫情有望促使电子签名加速渗透,点评,一般报告,华泰证券,"谢春生,王玮嘉,郭雅丽,郭梁良,金兴,施静",2019Q4,79389.0,,11264.0,9845.0,0.55,90.28,,15.16,44.21,增持,57.04,52.22
002024.SZ,苏宁易购,20200226,苏宁易购：家乐福整合效果显著，业绩持续改善,点评,一般报告,申万宏源证券,赵令伊,2021Q4,43275000.0,6290000.0,369400.0,338400.0,0.36,26.0,,3.7,,买入,,
002024.SZ,苏宁易购,20200226,苏宁易购：家乐福整合效果显著，业绩持续改善,点评,一般报告,申万宏源证券,赵令伊,2020Q4,35306900.0,5131800.0,229500.0,186200.0,0.2,48.0,,2.1,,买入,,
002024.SZ,苏宁易购,20200226,苏宁易购：家乐福整合效果显著，业绩持续改善,点评,一般报告,申万宏源证券,赵令伊,2019Q4,29216400.0,4246600.0,1231300.0,1094000.0,1.18,8.0,,12.4,,买入,,
603377.SH,东方时尚,20200226,东方时尚：2019业绩符合预期，多因素改善延续,点评,一般报告,中信建投,"贺燕青,李铁生,陈如练",2021Q4,181580.0,,40120.0,28420.0,0.48,35.2,,13.1,,买入,,25.0
603377.SH,东方时尚,20200226,东方时尚：2019业绩符合预期，多因素改善延续,点评,一般报告,中信建投,"贺燕青,李铁生,陈如练",2019Q4,111310.0,,33210.0,24230.0,0.41,41.2,,12.7,,买入,,25.0
601658.SH,邮储银行,20200226,邮储银行电话会纪要：疫情对经营影响有限；持续零售转型提升价值,会议纪要,一般报告,中金,"王瑶平,张帅帅,严佳卉",2021Q4,35302700.0,,8992500.0,8126800.0,0.934,6.1,4.9,12.8,,跑赢行业,,7.05
601658.SH,邮储银行,20200226,邮储银行电话会纪要：疫情对经营影响有限；持续零售转型提升价值,会议纪要,一般报告,中金,"王瑶平,张帅帅,严佳卉",2020Q4,31684900.0,,7710300.0,7006600.0,0.806,7.1,4.2,12.1,,跑赢行业,,7.05
601658.SH,邮储银行,20200226,邮储银行电话会纪要：疫情对经营影响有限；持续零售转型提升价值,会议纪要,一般报告,中金,"王瑶平,张帅帅,严佳卉",2019Q4,28336100.0,,6669000.0,6093600.0,0.701,8.2,3.7,11.8,,跑赢行业,,7.05
601138.SH,工业富联,20200226,工业富联：全球领先的通信与云服务设备制造商，5G＋工业互联网核心标的,一般,一般报告,中金,"黄乐平,陈旭东",2021Q4,47420900.0,4023600.0,2494000.0,2123300.0,1.07,18.8,0.5,18.7,13.0,跑赢行业,,24.0
300579.SZ,数字认证,20200226,数字认证：疫情有望促使电子签名加速渗透,点评,一般报告,华泰证券,"谢春生,王玮嘉,郭雅丽,郭梁良,金兴,施静",2021Q4,129200.0,,24218.0,21514.0,1.22,40.4,,24.61,22.95,增持,57.04,52.22
603377.SH,东方时尚,20200226,东方时尚：2019业绩符合预期，多因素改善延续,点评,一般报告,中信建投,"贺燕青,李铁生,陈如练",2020Q4,139140.0,,34540.0,24740.0,0.42,40.2,,12.2,,买入,,25.0
601138.SH,工业富联,20200226,工业富联：全球领先的通信与云服务设备制造商，5G＋工业互联网核心标的,一般,一般报告,中金,"黄乐平,陈旭东",2019Q4,41964400.0,3448200.0,2075700.0,1767200.0,0.89,22.6,0.6,22.1,17.5,跑赢行业,,24.0
300253.SZ,卫宁健康,20200226,卫宁健康深度研究：后订单时代，产品与运营能力决胜（医疗信息化深度之六）,深度,首次关注,申万宏源证券,"刘洋,洪依真",2021Q4,300400.0,,71300.0,69800.0,0.43,58.0,,14.3,,增持,,
300253.SZ,卫宁健康,20200226,卫宁健康深度研究：后订单时代，产品与运营能力决胜（医疗信息化深度之六）,深度,首次关注,申万宏源证券,"刘洋,洪依真",2020Q4,233700.0,,51500.0,50500.0,0.31,80.0,,12.1,,增持,,
300253.SZ,卫宁健康,20200226,卫宁健康深度研究：后订单时代，产品与运营能力决胜（医疗信息化深度之六）,深度,首次关注,申万宏源证券,"刘洋,洪依真",2019Q4,183300.0,,41300.0,40500.0,0.25,99.0,,11.0,,增持,,
603377.SH,东方时尚,20200226,东方时尚：19Q4归母净利+53%，净利率+6.6PCT；VR增效效果逐步显现,点评,一般报告,天风证券,"刘章明,孙海洋",2020Q4,119359.0,,35006.0,24713.0,0.42,55.75,,12.14,33.93,买入,,
603377.SH,东方时尚,20200226,东方时尚：19Q4归母净利+53%，净利率+6.6PCT；VR增效效果逐步显现,点评,一般报告,天风证券,"刘章明,孙海洋",2019Q4,109482.0,,32468.0,23373.0,0.4,58.94,,12.18,36.9,买入,,
002705.SZ,新宝股份,20200226,新宝股份2019年业绩快报点评：内销品牌加速增长，盈利能力创历史新高,点评,一般报告,光大证券,"金星,甘骏,王奇琪,王彦玮",2021Q4,1160000.0,,115100.0,99100.0,1.24,16.0,3.0,18.73,12.0,买入,,
603377.SH,东方时尚,20200226,东方时尚：19Q4归母净利+53%，净利率+6.6PCT；VR增效效果逐步显现,点评,一般报告,天风证券,"刘章明,孙海洋",2021Q4,129374.0,,38865.0,27139.0,0.46,50.76,,12.53,31.23,买入,,
002705.SZ,新宝股份,20200226,新宝股份2019年业绩快报点评：内销品牌加速增长，盈利能力创历史新高,点评,一般报告,光大证券,"金星,甘骏,王奇琪,王彦玮",2020Q4,1040900.0,,96400.0,83200.0,1.04,19.0,3.0,17.47,14.0,买入,,
002705.SZ,新宝股份,20200226,新宝股份2019年业绩快报点评：内销品牌加速增长，盈利能力创历史新高,点评,一般报告,光大证券,"金星,甘骏,王奇琪,王彦玮",2019Q4,912500.0,,79700.0,68700.0,0.86,23.0,2.0,15.96,16.0,买入,,
002688.SZ,金河生物,20200226,金河生物：19年业绩略超预期，20年或迎来戴维斯双击,点评,一般报告,天风证券,"吴立,王聪",2021Q4,224799.0,,44467.0,37488.0,0.59,13.57,,18.97,9.39,买入,,13.2
002688.SZ,金河生物,20200226,金河生物：19年业绩略超预期，20年或迎来戴维斯双击,点评,一般报告,天风证券,"吴立,王聪",2020Q4,201648.0,,33223.0,27962.0,0.44,18.2,,14.98,12.5,买入,,13.2
002688.SZ,金河生物,20200226,金河生物：19年业绩略超预期，20年或迎来戴维斯双击,点评,一般报告,天风证券,"吴立,王聪",2019Q4,178236.0,,21784.0,18335.0,0.29,27.75,,10.49,17.69,买入,,13.2
601138.SH,工业富联,20200226,工业富联：全球领先的通信与云服务设备制造商，5G＋工业互联网核心标的,一般,一般报告,中金,"黄乐平,陈旭东",2020Q4,44518000.0,3670400.0,2245500.0,1911700.0,0.96,20.9,0.5,20.0,15.5,跑赢行业,,24.0
002050.SZ,三花智控,20200226,三花智控：限制性股票激励计划名单落地，激励机制常态化,点评,一般报告,天风证券,蔡雯娟,2020Q4,1265091.0,,187840.0,157764.0,0.57,39.32,,14.32,31.46,买入,,
002050.SZ,三花智控,20200226,三花智控：限制性股票激励计划名单落地，激励机制常态化,点评,一般报告,天风证券,蔡雯娟,2019Q4,1132366.0,,168336.0,142062.0,0.51,43.67,,14.02,36.12,买入,,
002050.SZ,三花智控,20200226,三花智控：限制性股票激励计划名单落地，激励机制常态化,点评,一般报告,天风证券,蔡雯娟,2021Q4,1437540.0,,221413.0,186301.0,0.67,33.3,,15.59,26.64,买入,,
002878.SZ,元隆雅图,20200226,元隆雅图2019年业绩快报点评：主业增长不及预期，2020盈利有望修复,点评,一般报告,中信证券,"李鑫,汤彦新",2021Q4,239761.0,,22800.0,17700.0,1.36,31.0,,19.42,,增持,,
002878.SZ,元隆雅图,20200226,元隆雅图2019年业绩快报点评：主业增长不及预期，2020盈利有望修复,点评,一般报告,中信证券,"李鑫,汤彦新",2020Q4,195555.0,,18500.0,14200.0,1.09,39.0,,18.33,,增持,,
002878.SZ,元隆雅图,20200226,元隆雅图2019年业绩快报点评：主业增长不及预期，2020盈利有望修复,点评,一般报告,中信证券,"李鑫,汤彦新",2019Q4,159451.0,,15100.0,11600.0,0.9,48.0,,17.36,,增持,,
300537.SZ,广信材料,20200226,广信材料：国内领先油墨涂料制造企业，乘5G之风扬帆远航,深度,一般报告,中信建投,"郑勇,胡世超",2021Q4,139537.0,,16361.0,14882.0,0.771,27.6,,9.14,21.98,增持,,
300537.SZ,广信材料,20200226,广信材料：国内领先油墨涂料制造企业，乘5G之风扬帆远航,深度,一般报告,中信建投,"郑勇,胡世超",2020Q4,114846.0,,13674.0,12451.0,0.645,32.99,,8.41,25.88,增持,,
300537.SZ,广信材料,20200226,广信材料：国内领先油墨涂料制造企业，乘5G之风扬帆远航,深度,一般报告,中信建投,"郑勇,胡世超",2019Q4,80227.0,,9672.0,8805.0,0.456,46.65,,6.5,34.15,增持,,
000034.SZ,神州数码,20200226,神州数码：华为核心合作伙伴，国内领先的独立第三方云服务商，充分受益云服务市场高增长,点评,一般报告,中信建投,石泽蕤,2021Q4,13302000.0,,,93600.0,1.43,21.43,,,,买入,,
000034.SZ,神州数码,20200226,神州数码：华为核心合作伙伴，国内领先的独立第三方云服务商，充分受益云服务市场高增长,点评,一般报告,中信建投,石泽蕤,2020Q4,11305000.0,,,79300.0,1.21,25.3,,,,买入,,
000034.SZ,神州数码,20200226,神州数码：华为核心合作伙伴，国内领先的独立第三方云服务商，充分受益云服务市场高增长,点评,一般报告,中信建投,石泽蕤,2019Q4,9595900.0,,,65100.0,1.0,30.8,,,,买入,,
300628.SZ,亿联网络,20200226,亿联网络：业绩增长超预期，云视讯突飞猛进,点评,一般报告,中信建投,"阎贵成,武超则",2021Q4,414190.0,,,205680.0,3.43,23.9,,31.9,20.9,买入,,
300628.SZ,亿联网络,20200226,亿联网络：业绩增长超预期，云视讯突飞猛进,点评,一般报告,中信建投,"阎贵成,武超则",2020Q4,317240.0,,,159850.0,2.67,30.8,,30.7,27.1,买入,,
300628.SZ,亿联网络,20200226,亿联网络：业绩增长超预期，云视讯突飞猛进,点评,一般报告,中信建投,"阎贵成,武超则",2019Q4,249260.0,,,125100.0,2.09,39.3,,29.4,35.1,买入,,
300628.SZ,亿联网络,20200226,亿联网络：业绩快报略超预期，2020年增长确定性提升,点评,一般报告,中金,"闫慧辰,黄乐平,李诗雯",2021Q4,431400.0,287300.0,236600.0,215300.0,3.59,28.3,1.8,35.4,24.9,跑赢行业,,119.48
300188.SZ,美亚柏科,20200226,美亚柏科2019年业绩快报点评：业绩符合预期，大数据业务为长期战略,点评,一般报告,中信证券,"杨泽原,刘雯蜀",2021Q4,355675.0,,62300.0,57276.0,0.71,34.0,,15.55,,增持,,27.0
300188.SZ,美亚柏科,20200226,美亚柏科2019年业绩快报点评：业绩符合预期，大数据业务为长期战略,点评,一般报告,中信证券,"杨泽原,刘雯蜀",2019Q4,206497.0,,31500.0,28836.0,0.36,68.0,,10.09,,增持,,27.0
002887.SZ,绿茵生态,20200226,绿茵生态：业绩符合预期，外延扩张加速推进,点评,一般报告,中信建投,"万炜,高兴,任佳玮",2021Q4,128965.0,,44141.0,37377.0,1.8,,,,,增持,,17.5
300628.SZ,亿联网络,20200226,亿联网络：业绩快报略超预期，2020年增长确定性提升,点评,一般报告,中金,"闫慧辰,黄乐平,李诗雯",2020Q4,330700.0,218800.0,180700.0,164400.0,2.74,37.1,1.3,33.5,33.0,跑赢行业,,119.48
300628.SZ,亿联网络,20200226,亿联网络：业绩快报略超预期，2020年增长确定性提升,点评,一般报告,中金,"闫慧辰,黄乐平,李诗雯",2019Q4,249200.0,164600.0,135900.0,125100.0,2.09,48.8,1.0,31.7,44.1,跑赢行业,,119.48
300188.SZ,美亚柏科,20200226,美亚柏科2019年业绩快报点评：业绩符合预期，大数据业务为长期战略,点评,一般报告,中信证券,"杨泽原,刘雯蜀",2020Q4,277912.0,,47500.0,43645.0,0.54,45.0,,13.52,,增持,,27.0
002887.SZ,绿茵生态,20200226,绿茵生态：业绩符合预期，外延扩张加速推进,点评,一般报告,中信建投,"万炜,高兴,任佳玮",2019Q4,71323.0,,24044.0,20936.0,1.01,,,,,增持,,17.5
603728.SH,鸣志电器,20200226,鸣志电器：步进电机全球领军者，有望受益于5G建设加速,深度,首份报告,招商证券,"游家训,董瑞斌,普绍增",2021Q4,332200.0,,37100.0,32300.0,0.78,18.4,,14.2,14.3,强烈推荐,19.5,18.5
603728.SH,鸣志电器,20200226,鸣志电器：步进电机全球领军者，有望受益于5G建设加速,深度,首份报告,招商证券,"游家训,董瑞斌,普绍增",2020Q4,272300.0,,29200.0,25500.0,0.61,23.3,,12.6,17.7,强烈推荐,19.5,18.5
603728.SH,鸣志电器,20200226,鸣志电器：步进电机全球领军者，有望受益于5G建设加速,深度,首份报告,招商证券,"游家训,董瑞斌,普绍增",2019Q4,217800.0,,22300.0,19300.0,0.46,30.8,,10.5,22.9,强烈推荐,19.5,18.5
601958.SH,金钼股份,20200226,金钼股份：参股天池钼业，巩固龙头地位,点评,首次评级,中信建投,"赵鑫,李木森",2021Q4,1045640.0,,,68600.0,0.21,32.4,,4.8,11.2,增持,,
601958.SH,金钼股份,20200226,金钼股份：参股天池钼业，巩固龙头地位,点评,首次评级,中信建投,"赵鑫,李木森",2020Q4,1006300.0,,,60510.0,0.19,36.7,,4.4,13.1,增持,,
601958.SH,金钼股份,20200226,金钼股份：参股天池钼业，巩固龙头地位,点评,首次评级,中信建投,"赵鑫,李木森",2019Q4,915150.0,,,56290.0,0.17,39.4,,4.2,14.0,增持,,
002887.SZ,绿茵生态,20200226,绿茵生态：业绩符合预期，外延扩张加速推进,点评,一般报告,中信建投,"万炜,高兴,任佳玮",2020Q4,98976.0,,33022.0,27962.0,1.34,,,,,增持,,17.5
002777.SZ,久远银海,20200226,久远银海：2019超预期，2020或是订单大年,点评,一般报告,华泰证券,"谢春生,郭雅丽,郭梁良,金兴",2020Q4,134600.0,,28359.0,21845.0,0.97,44.1,,16.11,29.67,增持,58.2,53.35
002777.SZ,久远银海,20200226,久远银海：2019超预期，2020或是订单大年,点评,一般报告,华泰证券,"谢春生,郭雅丽,郭梁良,金兴",2019Q4,101600.0,,20528.0,16088.0,0.72,59.88,,14.15,41.2,增持,58.2,53.35
002777.SZ,久远银海,20200226,久远银海：2019超预期，2020或是订单大年,点评,一般报告,华泰证券,"谢春生,郭雅丽,郭梁良,金兴",2021Q4,187900.0,,38586.0,29929.0,1.33,32.19,,18.08,22.05,增持,58.2,53.35
300119.SZ,瑞普生物,20200226,瑞普生物2019年业绩快报点评：禽苗业务持续高景气，整体业绩增长略超预期,点评,一般报告,华创证券,王莺,2020Q4,187100.0,,34500.0,25600.0,0.63,26.0,,9.7,19.0,推荐,,20.3
300579.SZ,数字认证,20200226,数字认证2019年业绩快报点评：业绩符合预期，关注线上化机遇,点评,一般报告,中信证券,"杨泽原,刘雯蜀",2021Q4,142203.0,,23900.0,21159.0,1.18,42.0,,21.92,,买入,,
300579.SZ,数字认证,20200226,数字认证2019年业绩快报点评：业绩符合预期，关注线上化机遇,点评,一般报告,中信证券,"杨泽原,刘雯蜀",2020Q4,105710.0,,15400.0,13556.0,0.75,66.0,,17.1,,买入,,
002413.SZ,雷科防务,20200226,雷科防务：智能弹药等军品放量在即，77GHz汽车毫米波雷达等民品应用可期,点评,首次评级,安信证券,"冯福章,张傲",2021Q4,193140.0,,44840.0,31180.0,0.29,35.9,0.3,7.0,23.4,买入,,
300579.SZ,数字认证,20200226,数字认证2019年业绩快报点评：业绩符合预期，关注线上化机遇,点评,一般报告,中信证券,"杨泽原,刘雯蜀",2019Q4,79386.0,,11000.0,9844.0,0.55,90.0,,14.33,,买入,,
002661.SZ,克明面业,20200226,克明面业2019年业绩快报点评：19Q4业绩大幅好转，充分复工后业绩弹性将逐步显现,点评,一般报告,民生证券,"于杰,熊航",2021Q4,469200.0,,38500.0,31000.0,0.93,17.3,0.0,10.3,10.7,推荐,,
002413.SZ,雷科防务,20200226,雷科防务：智能弹药等军品放量在即，77GHz汽车毫米波雷达等民品应用可期,点评,首次评级,安信证券,"冯福章,张傲",2020Q4,148020.0,,31700.0,22040.0,0.2,50.8,0.3,5.3,28.8,买入,,
300595.SZ,欧普康视,20200226,欧普康视：业绩高增长，OK镜实现量价齐升,点评,一般报告,国金证券,曾秋林,2021Q4,114800.0,93800.0,61400.0,52300.0,1.291,43.36,,21.88,,增持,,
300595.SZ,欧普康视,20200226,欧普康视：业绩高增长，OK镜实现量价齐升,点评,一般报告,国金证券,曾秋林,2020Q4,86300.0,69700.0,46500.0,39700.0,0.982,57.04,,21.15,,增持,,
300595.SZ,欧普康视,20200226,欧普康视：业绩高增长，OK镜实现量价齐升,点评,一般报告,国金证券,曾秋林,2019Q4,64800.0,51700.0,35000.0,30100.0,0.743,75.39,,20.14,,增持,,
300383.SZ,光环新网,20200226,光环新网2019年业绩快报点评：全年业绩稳健增长，季度增速略有回升,点评,一般报告,中信证券,顾海波,2021Q4,1080468.0,,154200.0,131774.0,0.86,34.0,,12.45,22.0,买入,,
300383.SZ,光环新网,20200226,光环新网2019年业绩快报点评：全年业绩稳健增长，季度增速略有回升,点评,一般报告,中信证券,顾海波,2020Q4,876699.0,,119500.0,101501.0,0.66,44.0,,10.89,27.0,买入,,
002677.SZ,浙江美大,20200226,浙江美大2019年业绩快报点评：经营业绩稳步增长，渠道新品齐头并进,点评,一般报告,华创证券,龚源月,2021Q4,249400.0,,76300.0,65700.0,1.02,11.79,,31.7,15.0,强推,,16.0
002677.SZ,浙江美大,20200226,浙江美大2019年业绩快报点评：经营业绩稳步增长，渠道新品齐头并进,点评,一般报告,华创证券,龚源月,2020Q4,202800.0,,63100.0,54400.0,0.84,14.26,,30.0,18.0,强推,,16.0
002677.SZ,浙江美大,20200226,浙江美大2019年业绩快报点评：经营业绩稳步增长，渠道新品齐头并进,点评,一般报告,华创证券,龚源月,2019Q4,169000.0,,53700.0,46200.0,0.71,16.79,,29.5,21.0,强推,,16.0
002126.SZ,银轮股份,20200226,银轮股份2019年业绩快报点评：业绩快报符合预期，Q4增速明显恢复,点评,一般报告,中信证券,"宋韶灵,陈俊斌",2021Q4,753900.0,,,48300.0,0.61,21.0,,10.3,,买入,,15.2
002126.SZ,银轮股份,20200226,银轮股份2019年业绩快报点评：业绩快报符合预期，Q4增速明显恢复,点评,一般报告,中信证券,"宋韶灵,陈俊斌",2019Q4,537000.0,,,32000.0,0.41,31.0,,8.3,,买入,,15.2
600699.SH,均胜电子,20200226,均胜电子：赛道选择独具慧眼；安全、电子并驾齐驱,一般,一般报告,中金,"李凌云,王雷",2020Q4,5752500.0,,240800.0,115400.0,0.93,33.5,0.4,8.4,7.8,跑赢行业,,36.0
600699.SH,均胜电子,20200226,均胜电子：赛道选择独具慧眼；安全、电子并驾齐驱,一般,一般报告,中金,"李凌云,王雷",2019Q4,6110500.0,,198800.0,95000.0,0.77,40.7,0.3,7.4,9.0,跑赢行业,,36.0
002661.SZ,克明面业,20200226,克明面业：促销减缓致收入增速放缓，利润弹性有望继续凸显,点评,一般报告,平安证券,"文献,刘彪",2020Q4,359000.0,,30900.0,26200.0,0.8,20.3,,10.4,11.6,推荐,,
002661.SZ,克明面业,20200226,克明面业：促销减缓致收入增速放缓，利润弹性有望继续凸显,点评,一般报告,平安证券,"文献,刘彪",2019Q4,303400.0,,24400.0,20900.0,0.64,25.5,,9.0,14.4,推荐,,
002273.SZ,水晶光电,20200226,水晶光电：Q4经营业绩创季度新高，加速布局光学创新赛道,点评,一般报告,申万宏源证券,杨海燕,2021Q4,609200.0,175500.0,98100.0,82100.0,0.67,30.0,,14.7,,增持,,
002273.SZ,水晶光电,20200226,水晶光电：Q4经营业绩创季度新高，加速布局光学创新赛道,点评,一般报告,申万宏源证券,杨海燕,2020Q4,450300.0,129100.0,72800.0,61400.0,0.5,40.0,,12.8,,增持,,
300383.SZ,光环新网,20200226,光环新网2019年业绩快报点评：全年业绩稳健增长，季度增速略有回升,点评,一般报告,中信证券,顾海波,2019Q4,713312.0,,92668.0,82153.0,0.53,54.0,,9.85,33.0,买入,,
002959.SZ,小熊电器,20200226,小熊电器：小家电细分市场王者，短期疫情进一步带动需求,一般,首次评级,天风证券,"蔡雯娟,卢璐",2021Q4,450137.19,140914.8,55758.0,44607.0,3.72,18.36,,38.41,11.72,买入,,87.0
300119.SZ,瑞普生物,20200226,瑞普生物2019年业绩快报点评：禽苗业务持续高景气，整体业绩增长略超预期,点评,一般报告,华创证券,王莺,2021Q4,216600.0,,41400.0,30800.0,0.76,22.0,,10.6,17.0,推荐,,20.3
300119.SZ,瑞普生物,20200226,瑞普生物2019年业绩快报点评：禽苗业务持续高景气，整体业绩增长略超预期,点评,一般报告,华创证券,王莺,2019Q4,146700.0,,26200.0,19500.0,0.48,35.0,,8.1,23.0,推荐,,20.3
002661.SZ,克明面业,20200226,克明面业2019年业绩快报点评：19Q4业绩大幅好转，充分复工后业绩弹性将逐步显现,点评,一般报告,民生证券,"于杰,熊航",2020Q4,404400.0,,32200.0,25500.0,0.77,21.1,0.0,9.4,13.4,推荐,,
002661.SZ,克明面业,20200226,克明面业2019年业绩快报点评：19Q4业绩大幅好转，充分复工后业绩弹性将逐步显现,点评,一般报告,民生证券,"于杰,熊航",2019Q4,303400.0,,26400.0,20900.0,0.63,25.7,0.0,8.5,15.2,推荐,,
002413.SZ,雷科防务,20200226,雷科防务：智能弹药等军品放量在即，77GHz汽车毫米波雷达等民品应用可期,点评,首次评级,安信证券,"冯福章,张傲",2019Q4,114290.0,,20280.0,14240.0,0.13,78.6,0.3,3.6,44.2,买入,,
002126.SZ,银轮股份,20200226,银轮股份2019年业绩快报点评：业绩快报符合预期，Q4增速明显恢复,点评,一般报告,中信证券,"宋韶灵,陈俊斌",2020Q4,626700.0,,,38600.0,0.49,26.0,,9.1,,买入,,15.2
600699.SH,均胜电子,20200226,均胜电子：赛道选择独具慧眼；安全、电子并驾齐驱,一般,一般报告,中金,"李凌云,王雷",2021Q4,6219500.0,,316500.0,149700.0,1.21,25.8,0.5,10.0,7.5,跑赢行业,,36.0
002661.SZ,克明面业,20200226,克明面业：促销减缓致收入增速放缓，利润弹性有望继续凸显,点评,一般报告,平安证券,"文献,刘彪",2021Q4,421900.0,,37700.0,32300.0,0.98,16.5,,11.6,9.6,推荐,,
002273.SZ,水晶光电,20200226,水晶光电：Q4经营业绩创季度新高，加速布局光学创新赛道,点评,一般报告,申万宏源证券,杨海燕,2019Q4,289800.0,79800.0,57000.0,49900.0,0.41,49.0,,12.0,,增持,,
002959.SZ,小熊电器,20200226,小熊电器：小家电细分市场王者，短期疫情进一步带动需求,一般,首次评级,天风证券,"蔡雯娟,卢璐",2020Q4,351635.5,110909.37,43498.0,34799.0,2.9,23.54,,37.42,15.28,买入,,87.0
002572.SZ,索菲亚,20200226,索菲亚：发力线上渠道应对疫情影响，全年有望实现稳健增长,点评,一般报告,中金,"樊俊豪,林瑶",2021Q4,938700.0,,170200.0,127100.0,1.39,13.8,3.3,19.8,8.2,跑赢行业,,23.6
002572.SZ,索菲亚,20200226,索菲亚：发力线上渠道应对疫情影响，全年有望实现稳健增长,点评,一般报告,中金,"樊俊豪,林瑶",2020Q4,849300.0,,154700.0,115500.0,1.27,15.2,3.0,20.1,9.5,跑赢行业,,23.6
002572.SZ,索菲亚,20200226,索菲亚：发力线上渠道应对疫情影响，全年有望实现稳健增长,点评,一般报告,中金,"樊俊豪,林瑶",2019Q4,772700.0,,137200.0,107000.0,1.17,16.4,2.8,20.9,10.9,跑赢行业,,23.6
603833.SH,欧派家居,20200226,欧派家居：多举措应对疫情影响，全渠道、多品类助力全年稳健增长,点评,一般报告,中金,"樊俊豪,林瑶",2021Q4,1927000.0,,305400.0,258000.0,6.14,18.5,1.6,21.9,9.2,跑赢行业,,145.0
603833.SH,欧派家居,20200226,欧派家居：多举措应对疫情影响，全渠道、多品类助力全年稳健增长,点评,一般报告,中金,"樊俊豪,林瑶",2020Q4,1652500.0,,265900.0,224700.0,5.35,21.2,1.4,22.5,11.1,跑赢行业,,145.0
300628.SZ,亿联网络,20200226,亿联网络2019年业绩快报点评：业绩超预期，VCS迎来高速发展期,点评,一般报告,中信证券,"顾海波,丁奇",2020Q4,325404.0,,168400.0,153274.0,2.56,31.0,,27.96,,增持,,
603833.SH,欧派家居,20200226,欧派家居：多举措应对疫情影响，全渠道、多品类助力全年稳健增长,点评,一般报告,中金,"樊俊豪,林瑶",2019Q4,1368100.0,,218100.0,187500.0,4.46,25.4,1.2,22.5,13.6,跑赢行业,,145.0
300628.SZ,亿联网络,20200226,亿联网络2019年业绩快报点评：业绩超预期，VCS迎来高速发展期,点评,一般报告,中信证券,"顾海波,丁奇",2021Q4,420351.0,,212000.0,192882.0,3.22,25.0,,28.33,,增持,,
002959.SZ,小熊电器,20200226,小熊电器：小家电细分市场王者，短期疫情进一步带动需求,一般,首次评级,天风证券,"蔡雯娟,卢璐",2019Q4,269206.43,85343.94,32480.0,25984.0,2.17,31.52,,34.67,22.15,买入,,87.0
300628.SZ,亿联网络,20200226,亿联网络2019年业绩快报点评：业绩超预期，VCS迎来高速发展期,点评,一般报告,中信证券,"顾海波,丁奇",2019Q4,249259.0,,136000.0,125108.0,2.09,38.0,,28.49,,增持,,
300782.SZ,卓胜微,20200226,卓胜微：2019业绩符合预期，射频赛道持续发力,点评,一般报告,天风证券,"潘暕,陈俊杰",2021Q4,307627.0,,116854.0,105787.0,10.58,63.82,,38.33,56.64,买入,,
300782.SZ,卓胜微,20200226,卓胜微：2019业绩符合预期，射频赛道持续发力,点评,一般报告,天风证券,"潘暕,陈俊杰",2020Q4,200699.0,,78024.0,70401.0,7.04,95.9,,41.36,85.58,买入,,
300782.SZ,卓胜微,20200226,卓胜微：2019业绩符合预期，射频赛道持续发力,点评,一般报告,天风证券,"潘暕,陈俊杰",2019Q4,151505.0,,55183.0,49910.0,4.99,135.27,,50.01,122.33,买入,,
002705.SZ,新宝股份,20200226,新宝股份：2019年净利符合预期，2020年自主品牌有望继续发力——业绩快报点评,点评,一般报告,国泰君安,"刘易,杨文健,周昊",2020Q4,1177400.0,,,87500.0,1.09,17.91,0.0,,,增持,,25.0
002705.SZ,新宝股份,20200226,新宝股份：2019年净利符合预期，2020年自主品牌有望继续发力——业绩快报点评,点评,一般报告,国泰君安,"刘易,杨文健,周昊",2021Q4,1372300.0,,,103400.0,1.29,15.16,0.0,,,增持,,25.0
002705.SZ,新宝股份,20200226,新宝股份：2019年净利符合预期，2020年自主品牌有望继续发力——业绩快报点评,点评,一般报告,国泰君安,"刘易,杨文健,周昊",2019Q4,994700.0,,,69900.0,0.87,22.41,1.8,,,增持,,25.0
603660.SH,苏州科达,20200226,苏州科达：电话会议交流纪要,会议纪要,首份报告,银河证券,"吴砚靖,邹文倩",Q,,,,,,,,,,无,,
002850.SZ,科达利,20200226,科达利：2019年业绩靓丽，2020年有望延续高增,点评,一般报告,长江证券,"邬博华,马军,司鸿历",2021Q4,407200.0,109800.0,52700.0,43000.0,2.05,32.59,,13.0,17.72,买入,,
002850.SZ,科达利,20200226,科达利：2019年业绩靓丽，2020年有望延续高增,点评,一般报告,长江证券,"邬博华,马军,司鸿历",2020Q4,313200.0,84500.0,39900.0,33200.0,1.58,42.17,,12.0,22.43,买入,,
002850.SZ,科达利,20200226,科达利：2019年业绩靓丽，2020年有望延续高增,点评,一般报告,长江证券,"邬博华,马军,司鸿历",2019Q4,231800.0,61700.0,27900.0,23900.0,1.14,58.74,,9.0,29.59,买入,,
600732.SH,ST爱旭,20200226,ST爱旭：全年业绩高增长，电池片龙头再起航,点评,首次关注,财通证券,"龚斯闻,周淼顺,付正浩,林煜",2022Q4,2071000.0,,209700.0,187600.0,1.03,10.7,0.0,28.8,5.7,增持,,
600732.SH,ST爱旭,20200226,ST爱旭：全年业绩高增长，电池片龙头再起航,点评,首次关注,财通证券,"龚斯闻,周淼顺,付正浩,林煜",2021Q4,1550200.0,,167000.0,149500.0,0.82,13.5,0.0,32.2,8.1,增持,,
600732.SH,ST爱旭,20200226,ST爱旭：全年业绩高增长，电池片龙头再起航,点评,首次关注,财通证券,"龚斯闻,周淼顺,付正浩,林煜",2020Q4,1063900.0,,119400.0,106900.0,0.58,18.8,0.0,34.0,12.7,增持,,
688202.SH,美迪西,20200226,美迪西：进击中的临床前一体化CRO,,一般报告,安信证券,"马帅,冯雪云",2021Q4,88744.0,,15510.0,13370.0,2.16,33.6,0.0,20.3,23.0,增持,,
688202.SH,美迪西,20200226,美迪西：进击中的临床前一体化CRO,,一般报告,安信证券,"马帅,冯雪云",2020Q4,64047.0,,11090.0,9540.0,1.54,47.1,0.0,18.2,32.2,增持,,
688202.SH,美迪西,20200226,美迪西：进击中的临床前一体化CRO,,一般报告,安信证券,"马帅,冯雪云",2019Q4,44887.0,,7690.0,6620.0,1.07,67.8,0.0,15.4,46.6,增持,,
002832.SZ,比音勒芬,20200226,比音勒芬：预告业绩同增40％，弱市背景下高增延续,点评,一般报告,长江证券,"于旭辉,雷玉,马榕",2019Q4,182600.0,116400.0,47500.0,40900.0,1.33,17.47,,20.0,13.91,买入,,
002832.SZ,比音勒芬,20200226,比音勒芬：预告业绩同增40％，弱市背景下高增延续,点评,一般报告,长江证券,"于旭辉,雷玉,马榕",2021Q4,264300.0,167500.0,71600.0,61800.0,2.0,11.57,,21.0,8.31,买入,,
002832.SZ,比音勒芬,20200226,比音勒芬：预告业绩同增40％，弱市背景下高增延续,点评,一般报告,长江证券,"于旭辉,雷玉,马榕",2020Q4,220800.0,140400.0,59300.0,51200.0,1.66,13.97,,21.0,10.55,买入,,
002032.SZ,苏泊尔,20200226,苏泊尔：业绩延续稳健增长，穿越周期属性凸显,点评,一般报告,长江证券,"管泉森,孙珊,徐春,周振",2019Q4,1985300.0,618500.0,225900.0,192000.0,2.34,32.43,,28.0,29.07,买入,,
002032.SZ,苏泊尔,20200226,苏泊尔：业绩延续稳健增长，穿越周期属性凸显,点评,一般报告,长江证券,"管泉森,孙珊,徐春,周振",2021Q4,2456900.0,763200.0,293200.0,249200.0,3.03,24.99,,27.0,21.95,买入,,
002032.SZ,苏泊尔,20200226,苏泊尔：业绩延续稳健增长，穿越周期属性凸显,点评,一般报告,长江证券,"管泉森,孙珊,徐春,周振",2020Q4,2208200.0,685400.0,257400.0,218800.0,2.66,28.46,,27.0,25.53,买入,,
300144.SZ,宋城演艺,20200226,宋城演艺：19年业绩同增4.28％符合预期，关注后续市场改善及新项目落地,点评,一般报告,长江证券,"赵刚,范晨昊",2021Q4,373600.0,261200.0,223400.0,177400.0,1.22,23.07,,14.0,21.3,买入,,
300144.SZ,宋城演艺,20200226,宋城演艺：19年业绩同增4.28％符合预期，关注后续市场改善及新项目落地,点评,一般报告,长江证券,"赵刚,范晨昊",2020Q4,238900.0,158800.0,135000.0,110400.0,0.76,37.07,,10.0,34.94,买入,,
300144.SZ,宋城演艺,20200226,宋城演艺：19年业绩同增4.28％符合预期，关注后续市场改善及新项目落地,点评,一般报告,长江证券,"赵刚,范晨昊",2019Q4,261500.0,184200.0,162500.0,134200.0,0.92,30.5,,14.0,28.61,买入,,
002714.SZ,牧原股份,20200226,牧原股份年报点评：猪价上涨带动业绩大幅增长，产能进入快速扩张期,点评,一般报告,长江证券,"陈佳,余昌",2022Q4,9426000.0,5007000.0,3957500.0,3956300.0,17.95,6.46,,28.0,3.6,买入,,
601225.SH,陕西煤业,20200226,陕西煤业：全年归母利润116亿元，同比增长5.5％，资源禀赋优异属性突出,点评,一般报告,中泰证券,"李俊松,李俊,王瀚",2021Q4,8297000.0,3425800.0,2130200.0,1203500.0,1.2,6.61,,16.93,,买入,,
601225.SH,陕西煤业,20200226,陕西煤业：全年归母利润116亿元，同比增长5.5％，资源禀赋优异属性突出,点评,一般报告,中泰证券,"李俊松,李俊,王瀚",2020Q4,7780500.0,3240000.0,2041900.0,1171500.0,1.17,6.79,,18.34,,买入,,
601225.SH,陕西煤业,20200226,陕西煤业：全年归母利润116亿元，同比增长5.5％，资源禀赋优异属性突出,点评,一般报告,中泰证券,"李俊松,李俊,王瀚",2019Q4,7338700.0,3106100.0,1990000.0,1159000.0,1.16,6.87,,20.39,,买入,,
002032.SZ,苏泊尔,20200226,苏泊尔公司公告点评：持续稳健增长，期待更多品类拓展,点评,一般报告,海通证券,"陈子仪,李阳,朱默辰,刘璐",2021Q4,2522300.0,,304800.0,256000.0,3.12,24.32,1.8,26.2,19.24,优于大市,,
002032.SZ,苏泊尔,20200226,苏泊尔公司公告点评：持续稳健增长，期待更多品类拓展,点评,一般报告,海通证券,"陈子仪,李阳,朱默辰,刘璐",2019Q4,1986800.0,,228800.0,192200.0,2.34,32.4,1.3,27.2,27.04,优于大市,,
002085.SZ,万丰奥威,20200226,万丰奥威：收购万丰飞机，加码通用航空领域,点评,一般报告,西南证券,"宋伟健,冯未然",2021Q4,1162293.0,,133642.0,102267.0,0.47,17.04,1.06,11.65,9.68,持有,,
002085.SZ,万丰奥威,20200226,万丰奥威：收购万丰飞机，加码通用航空领域,点评,一般报告,西南证券,"宋伟健,冯未然",2020Q4,1096455.0,,121085.0,92658.0,0.42,18.81,0.95,11.68,10.81,持有,,
002085.SZ,万丰奥威,20200226,万丰奥威：收购万丰飞机，加码通用航空领域,点评,一般报告,西南证券,"宋伟健,冯未然",2019Q4,1035048.0,,107687.0,82406.0,0.38,21.15,1.1,11.5,12.44,持有,,
002032.SZ,苏泊尔,20200226,苏泊尔公司公告点评：持续稳健增长，期待更多品类拓展,点评,一般报告,海通证券,"陈子仪,李阳,朱默辰,刘璐",2020Q4,2242900.0,,264900.0,222600.0,2.71,27.98,1.5,26.7,22.75,优于大市,,
600206.SH,有研新材,20200226,有研新材公司点评报告：受益于国产自主战略，新材料领域继续突破,点评,首次关注,中原证券,周建华,2021Q4,800100.0,,22400.0,18200.0,0.21,77.4,,5.4,42.5,增持,,
600206.SH,有研新材,20200226,有研新材公司点评报告：受益于国产自主战略，新材料领域继续突破,点评,首次关注,中原证券,周建华,2020Q4,665100.0,,19700.0,16100.0,0.19,87.3,,5.0,50.6,增持,,
600206.SH,有研新材,20200226,有研新材公司点评报告：受益于国产自主战略，新材料领域继续突破,点评,首次关注,中原证券,周建华,2019Q4,551700.0,,13400.0,11100.0,0.13,126.1,,3.7,77.3,增持,,
002100.SZ,天康生物,20200226,天康生物：业绩符合预期，养殖弹性释放,点评,一般报告,华泰证券,"杨天明,冯鹤",2021Q4,810500.0,,118300.0,111100.0,1.04,12.34,,17.94,9.87,买入,,
002100.SZ,天康生物,20200226,天康生物：业绩符合预期，养殖弹性释放,点评,一般报告,华泰证券,"杨天明,冯鹤",2020Q4,860900.0,,217400.0,204600.0,1.92,6.7,,36.35,6.19,买入,,
002100.SZ,天康生物,20200226,天康生物：业绩符合预期，养殖弹性释放,点评,一般报告,华泰证券,"杨天明,冯鹤",2019Q4,779700.0,,67431.0,63141.0,0.59,21.71,,16.84,14.98,买入,,
603010.SH,万盛股份,20200226,万盛股份：欧盟无卤化与电动车应用双轮驱动，国内BDP龙头进入成长快车道,深度,首次评级,东北证券,"陈俊杰,王栋",2021Q4,306000.0,,44500.0,34000.0,0.98,16.5,0.0,16.98,,买入,,
603010.SH,万盛股份,20200226,万盛股份：欧盟无卤化与电动车应用双轮驱动，国内BDP龙头进入成长快车道,深度,首次评级,东北证券,"陈俊杰,王栋",2019Q4,203700.0,,22600.0,17500.0,0.5,32.08,0.0,12.47,,买入,,
603010.SH,万盛股份,20200226,万盛股份：欧盟无卤化与电动车应用双轮驱动，国内BDP龙头进入成长快车道,深度,首次评级,东北证券,"陈俊杰,王栋",2020Q4,244400.0,,33900.0,26000.0,0.75,21.55,0.0,15.65,,买入,,
688023.SH,安恒信息,20200226,安恒信息：新型安全领域优质标的，成长性突出,,一般报告,广发证券,"刘雪峰,庞倩倩",2019Q4,94500.0,,9500.0,9500.0,1.28,181.04,,7.1,374.93,买入,,259.48
688023.SH,安恒信息,20200226,安恒信息：新型安全领域优质标的，成长性突出,,一般报告,广发证券,"刘雪峰,庞倩倩",2021Q4,198400.0,,20800.0,19700.0,2.66,86.83,,11.9,462.28,买入,,259.48
688023.SH,安恒信息,20200226,安恒信息：新型安全领域优质标的，成长性突出,,一般报告,广发证券,"刘雪峰,庞倩倩",2020Q4,137300.0,,14400.0,13900.0,1.87,123.6,,9.5,413.57,买入,,259.48
688008.SH,澜起科技,20200226,澜起科技：营收平稳，净利润持续增长,点评,一般报告,中银国际,"王达婷,赵琦",2021Q4,327400.0,,171100.0,160700.0,1.422,78.0,,24.5,72.1,增持,,
688021.SH,奥福环保,20200226,奥福环保：国内蜂窝陶瓷龙头，受益国六排放标准升级,点评,首次关注,太平洋证券,"柳强,翟绪丽",2020Q4,32200.0,,8200.0,7200.0,0.93,47.3,,16.2,30.9,增持,,51.2
688023.SH,安恒信息,20200226,安恒信息2019年业绩快报点评：业绩超预期，安全新星高速成长,点评,一般报告,华创证券,"陈宝健,刘逍遥",2020Q4,141500.0,,13700.0,13500.0,1.82,127.0,,18.0,35.0,强推,,286.82
688139.SH,海尔生物,20200226,海尔生物：从生物医疗低温存储引领者到物联网解决方案创领者,一般,首份报告,兴业证券,徐佳熹,2021Q4,152900.0,,36600.0,31300.0,0.99,39.6,,10.4,,无,,
688021.SH,奥福环保,20200226,奥福环保：国内蜂窝陶瓷龙头，受益国六排放标准升级,点评,首次关注,太平洋证券,"柳强,翟绪丽",2019Q4,26800.0,,5800.0,5100.0,0.66,66.5,,13.7,39.5,增持,,51.2
688066.SH,航天宏图,20200226,航天宏图：空天大数据运营商,一般,首次评级,华泰证券,"谢春生,郭雅丽,郭梁良,金兴",2019Q4,61816.0,,12305.0,10593.0,0.64,89.22,,8.38,78.34,增持,69.69,64.64
688023.SH,安恒信息,20200226,安恒信息2019年业绩快报点评：安全行业高景气，业绩高速增长,点评,首次关注,国信证券,"熊莉,库宏垚",2020Q4,141000.0,,14500.0,13500.0,1.8,126.5,0.0,7.6,235.5,买入,,
688139.SH,海尔生物,20200226,海尔生物：从生物医疗低温存储引领者到物联网解决方案创领者,一般,首份报告,兴业证券,徐佳熹,2020Q4,122600.0,,28200.0,24100.0,0.76,51.3,,8.9,,无,,
688023.SH,安恒信息,20200226,安恒信息：新型安全领域优质标的，成长性突出,点评,一般报告,广发证券,"刘雪峰,庞倩倩",2021Q4,198400.0,,20800.0,19700.0,2.66,86.83,,11.9,462.28,买入,,259.48
688396.SH,华润微,20200226,华润微公司研究报告：国内半导体IDM“航母”乘风破浪,新股,首次关注,海通证券,"陈平,谢磊,尹苓,蒋俊",2021Q4,792410.0,,95800.0,69700.0,0.57,22.34,0.0,7.2,7.78,优于大市,,
688080.SH,映翰通,20200226,映翰通：工业物联网领跑者，5G、AI为行业添助力,深度,首份报告,华西证券,"刘菁,宋辉,俞能飞,田仁秀",2020Q4,39788.0,,8291.0,7172.0,1.37,88.45,,18.82,,无,,
688023.SH,安恒信息,20200226,安恒信息：新型安全领域优质标的，成长性突出,点评,一般报告,广发证券,"刘雪峰,庞倩倩",2020Q4,137300.0,,14400.0,13900.0,1.87,123.6,,9.5,413.57,买入,,259.48
688169.SH,石头科技,20200226,石头科技公司深度报告：小米为基，石头为拳，冉冉升起的清洁电器新星,一般,首次关注,海通证券,"陈子仪,佘炜超,刘璐",2019Q4,384500.0,,89700.0,74900.0,11.23,39.4,0.7,57.7,27.1,优于大市,,
688080.SH,映翰通,20200226,映翰通：工业物联网领跑者，5G、AI为行业添助力,深度,首份报告,华西证券,"刘菁,宋辉,俞能飞,田仁秀",2021Q4,52370.0,,10993.0,9509.0,1.81,66.71,,19.97,,无,,
688169.SH,石头科技,20200226,石头科技：小米生态链赋能，打造国产扫地机器人领军者,深度,首次关注,申万宏源证券,"刘正,韩强,周海晨,史晋星,梁姝雯",2021Q4,664300.0,,131600.0,112100.0,16.81,28.0,0.0,7.3,12.8,增持,,542.0
688023.SH,安恒信息,20200226,安恒信息2019年业绩快报点评：业绩超预期，安全新星高速成长,点评,一般报告,华创证券,"陈宝健,刘逍遥",2021Q4,204000.0,,19000.0,18700.0,2.52,92.0,,20.1,26.0,强推,,286.82
688023.SH,安恒信息,20200226,安恒信息：以平台能力构建大安全蓝图,点评,首次关注,方正证券,"方闻千,陈杭",2021Q4,191143.0,136180.0,17945.0,17586.0,2.37,97.43,,9.0,,推荐,,
688268.SH,华特气体,20200226,华特气体：业绩快报符合预期，产能投放保障公司发展,点评,一般报告,中泰证券,"谢楠,张波",2019Q4,84300.0,29200.0,10600.0,7800.0,0.65,104.74,,12.54,,买入,,
688021.SH,奥福环保,20200226,奥福环保：公司业绩稳定向好，抓住标准转换机遇进入快速增长期,点评,一般报告,华西证券,"杨伟,王天鹤",2020Q4,32776.0,,9933.0,8443.0,1.09,43.2,,9.2,,买入,,
688268.SH,华特气体,20200226,华特气体：业绩快报符合预期，产能投放保障公司发展,点评,一般报告,中泰证券,"谢楠,张波",2020Q4,102700.0,35900.0,15600.0,11300.0,0.94,72.56,,15.33,,买入,,
688023.SH,安恒信息,20200226,安恒信息：新型安全领域优质标的，成长性突出,点评,一般报告,广发证券,"刘雪峰,庞倩倩",2019Q4,94500.0,,9500.0,9500.0,1.28,181.04,,7.1,374.93,买入,,259.48
688139.SH,海尔生物,20200226,海尔生物：从生物医疗低温存储引领者到物联网解决方案创领者,一般,首份报告,兴业证券,徐佳熹,2019Q4,101300.0,,21100.0,18200.0,0.57,68.0,,7.4,,无,,
688202.SH,美迪西,20200226,美迪西：进击中的临床前一体化CRO,深度,一般报告,安信证券,"马帅,冯雪云",2021Q4,88744.0,,15510.0,13370.0,2.16,33.6,0.0,20.3,23.0,增持,,
688169.SH,石头科技,20200226,石头科技：小米生态链赋能，打造国产扫地机器人领军者,深度,首次关注,申万宏源证券,"刘正,韩强,周海晨,史晋星,梁姝雯",2020Q4,532200.0,,106100.0,90400.0,13.56,35.0,0.0,6.3,16.4,增持,,542.0
688080.SH,映翰通,20200226,映翰通：工业物联网领跑者，5G、AI为行业添助力,深度,首份报告,华西证券,"刘菁,宋辉,俞能飞,田仁秀",2019Q4,30832.0,,6316.0,5463.0,1.04,116.11,,17.66,,无,,
688021.SH,奥福环保,20200226,奥福环保：公司业绩稳定向好，抓住标准转换机遇进入快速增长期,点评,一般报告,华西证券,"杨伟,王天鹤",2019Q4,26808.0,,6045.0,5138.0,0.66,70.99,,6.16,,买入,,
688169.SH,石头科技,20200226,石头科技公司深度报告：小米为基，石头为拳，冉冉升起的清洁电器新星,一般,首次关注,海通证券,"陈子仪,佘炜超,刘璐",2020Q4,469800.0,,115800.0,96700.0,14.51,30.5,0.7,17.5,23.2,优于大市,,
688202.SH,美迪西,20200226,美迪西：进击中的临床前一体化CRO,深度,一般报告,安信证券,"马帅,冯雪云",2019Q4,44887.0,,7690.0,6620.0,1.07,67.8,0.0,15.4,46.6,增持,,
688396.SH,华润微,20200226,华润微：功率半导体领军企业,新股,首次关注,方正证券,陈杭,2020Q4,688365.0,150025.0,67215.0,47662.0,0.542,32.66,,10.0,,强烈推荐,,
688008.SH,澜起科技,20200226,澜起科技：营收平稳，净利润持续增长,点评,一般报告,中银国际,"王达婷,赵琦",2020Q4,239000.0,,122800.0,115500.0,1.022,108.5,,22.4,101.1,增持,,
688169.SH,石头科技,20200226,石头科技：小米生态链赋能，打造国产扫地机器人领军者,深度,首次关注,申万宏源证券,"刘正,韩强,周海晨,史晋星,梁姝雯",2019Q4,415100.0,,82800.0,70600.0,10.59,44.0,0.0,5.3,21.6,增持,,542.0
688396.SH,华润微,20200226,华润微：功率半导体领军企业,新股,首次关注,方正证券,陈杭,2021Q4,839925.0,200979.0,99383.0,70472.0,0.802,22.11,,12.0,,强烈推荐,,
688066.SH,航天宏图,20200226,航天宏图：空天大数据运营商,一般,首次评级,华泰证券,"谢春生,郭雅丽,郭梁良,金兴",2021Q4,128535.0,,28563.0,24382.0,1.47,38.76,,14.55,32.42,增持,69.69,64.64
688169.SH,石头科技,20200226,石头科技公司深度报告：小米为基，石头为拳，冉冉升起的清洁电器新星,一般,首次关注,海通证券,"陈子仪,佘炜超,刘璐",2021Q4,562300.0,,148000.0,123600.0,18.54,23.9,0.9,19.0,18.0,优于大市,,
688202.SH,美迪西,20200226,美迪西：进击中的临床前一体化CRO,深度,一般报告,安信证券,"马帅,冯雪云",2020Q4,64047.0,,11090.0,9540.0,1.54,47.1,0.0,18.2,32.2,增持,,
688023.SH,安恒信息,20200226,安恒信息2019年业绩快报点评：安全行业高景气，业绩高速增长,点评,首次关注,国信证券,"熊莉,库宏垚",2021Q4,199300.0,,20500.0,19000.0,2.6,90.2,0.0,9.7,144.5,买入,,
688021.SH,奥福环保,20200226,奥福环保：国内蜂窝陶瓷龙头，受益国六排放标准升级,点评,首次关注,太平洋证券,"柳强,翟绪丽",2021Q4,41800.0,,11000.0,9600.0,1.25,35.4,,17.8,24.3,增持,,51.2
688023.SH,安恒信息,20200226,安恒信息：以平台能力构建大安全蓝图,点评,首次关注,方正证券,"方闻千,陈杭",2019Q4,94528.0,63640.0,9217.0,9359.0,1.26,183.08,,6.0,,推荐,,
688008.SH,澜起科技,20200226,澜起科技：营收平稳，净利润持续增长,点评,一般报告,中银国际,"王达婷,赵琦",2019Q4,173800.0,,99400.0,93300.0,0.826,134.3,,22.6,130.9,增持,,
688396.SH,华润微,20200226,华润微公司研究报告：国内半导体IDM“航母”乘风破浪,新股,首次关注,海通证券,"陈平,谢磊,尹苓,蒋俊",2020Q4,675422.0,,67300.0,49000.0,0.4,31.79,0.0,5.5,8.65,优于大市,,
688021.SH,奥福环保,20200226,奥福环保：公司业绩稳定向好，抓住标准转换机遇进入快速增长期,点评,一般报告,华西证券,"杨伟,王天鹤",2021Q4,47052.0,,16796.0,14277.0,1.85,25.55,,13.46,,买入,,
688023.SH,安恒信息,20200226,安恒信息2019年业绩快报点评：业绩略超预期，静待净利率回升,点评,一般报告,光大证券,"姜国平,万义麟,卫书根",2020Q4,138500.0,,18600.0,16900.0,2.28,101.0,0.0,9.85,77.2,增持,,
688023.SH,安恒信息,20200226,安恒信息：以平台能力构建大安全蓝图,点评,首次关注,方正证券,"方闻千,陈杭",2020Q4,137442.0,97590.0,12881.0,12752.0,1.72,134.37,,7.0,,推荐,,
688066.SH,航天宏图,20200226,航天宏图：空天大数据运营商,一般,首次评级,华泰证券,"谢春生,郭雅丽,郭梁良,金兴",2020Q4,89839.0,,19493.0,16704.0,1.01,56.58,,11.67,50.3,增持,69.69,64.64
688023.SH,安恒信息,20200226,安恒信息2019年业绩快报点评：业绩略超预期，静待净利率回升,点评,一般报告,光大证券,"姜国平,万义麟,卫书根",2021Q4,196300.0,,29100.0,26500.0,3.58,65.0,0.0,13.37,49.6,增持,,
688268.SH,华特气体,20200226,华特气体：业绩快报符合预期，产能投放保障公司发展,点评,一般报告,中泰证券,"谢楠,张波",2021Q4,120700.0,43200.0,19100.0,14600.0,1.22,56.32,,16.49,,买入,,
688023.SH,安恒信息,20200226,安恒信息2019年业绩快报点评：业绩略超预期，静待净利率回升,点评,一般报告,光大证券,"姜国平,万义麟,卫书根",2019Q4,94500.0,,10300.0,9400.0,1.26,183.0,0.0,6.04,140.7,增持,,
688023.SH,安恒信息,20200226,安恒信息2019年业绩快报点评：安全行业高景气，业绩高速增长,点评,首次关注,国信证券,"熊莉,库宏垚",2019Q4,94500.0,,10000.0,9400.0,1.3,181.9,0.0,5.7,473.2,买入,,
688023.SH,安恒信息,20200226,安恒信息2019年业绩快报点评：业绩超预期，安全新星高速成长,点评,一般报告,华创证券,"陈宝健,刘逍遥",2019Q4,94500.0,,9600.0,9400.0,1.27,182.0,,15.2,48.0,强推,,286.82
002648.SZ,卫星石化,20200225,卫星石化：市场关注热点十问十答,一般,一般报告,长江证券,"叶如祯,魏凯,侯彦飞,王岭峰",2021Q4,3031200.0,787100.0,454300.0,408600.0,3.83,4.71,,27.0,4.38,买入,,
002648.SZ,卫星石化,20200225,卫星石化：市场关注热点十问十答,一般,一般报告,长江证券,"叶如祯,魏凯,侯彦飞,王岭峰",2020Q4,1420500.0,337500.0,169100.0,152100.0,1.43,12.66,,14.0,13.97,买入,,
002648.SZ,卫星石化,20200225,卫星石化：市场关注热点十问十答,一般,一般报告,长江证券,"叶如祯,魏凯,侯彦飞,王岭峰",2019Q4,1134400.0,270600.0,146700.0,132000.0,1.24,14.59,,14.0,10.93,买入,,
002042.SZ,华孚时尚,20200225,爱婴室加强新零售转型，疫情缓和利于业绩恢复——纺织服装行业2月第三周周报,非个股,一般报告,长城证券,"黄淑妍,张家璇",2019Q4,,,,103317.538,0.68,,,,,推荐,,
002029.SZ,七匹狼,20200225,爱婴室加强新零售转型，疫情缓和利于业绩恢复——纺织服装行业2月第三周周报,非个股,一般报告,长城证券,"黄淑妍,张家璇",2020Q4,,,,36272.16,0.48,,,,,推荐,,
002029.SZ,七匹狼,20200225,爱婴室加强新零售转型，疫情缓和利于业绩恢复——纺织服装行业2月第三周周报,非个股,一般报告,长城证券,"黄淑妍,张家璇",2019Q4,,,,33249.48,0.44,,,,,推荐,,
603877.SH,太平鸟,20200225,爱婴室加强新零售转型，疫情缓和利于业绩恢复——纺织服装行业2月第三周周报,非个股,一般报告,长城证券,"黄淑妍,张家璇",2020Q4,,,,64648.685,1.35,,,,,推荐,,
603877.SH,太平鸟,20200225,爱婴室加强新零售转型，疫情缓和利于业绩恢复——纺织服装行业2月第三周周报,非个股,一般报告,长城证券,"黄淑妍,张家璇",2019Q4,,,,57944.377,1.21,,,,,推荐,,
002042.SZ,华孚时尚,20200225,爱婴室加强新零售转型，疫情缓和利于业绩恢复——纺织服装行业2月第三周周报,非个股,一般报告,长城证券,"黄淑妍,张家璇",2020Q4,,,,65333.149,0.43,,,,,推荐,,
601231.SH,环旭电子,20200225,USI：Conf_call：SiPoutlook，acquisition_progress，and_COVID－19_potential_impact_were_key_discussion_points,点评,一般报告,高盛集团（Goldman Sachs）,"Lynn Luo,Allen Chang,Verena Jeng,Christina Huang,Linda Guo",2021Q4,5088790.0,,,,1.15,,1.3,,,Buy,,29.8
601231.SH,环旭电子,20200225,USI：Conf_call：SiPoutlook，acquisition_progress，and_COVID－19_potential_impact_were_key_discussion_points,点评,一般报告,高盛集团（Goldman Sachs）,"Lynn Luo,Allen Chang,Verena Jeng,Christina Huang,Linda Guo",2020Q4,4462530.0,,,,0.88,,1.0,,,Buy,,29.8
601231.SH,环旭电子,20200225,USI：Conf_call：SiPoutlook，acquisition_progress，and_COVID－19_potential_impact_were_key_discussion_points,点评,一般报告,高盛集团（Goldman Sachs）,"Lynn Luo,Allen Chang,Verena Jeng,Christina Huang,Linda Guo",2020Q1,,,,,0.06,,,,,Buy,,29.8
601231.SH,环旭电子,20200225,USI：Conf_call：SiPoutlook，acquisition_progress，and_COVID－19_potential_impact_were_key_discussion_points,点评,一般报告,高盛集团（Goldman Sachs）,"Lynn Luo,Allen Chang,Verena Jeng,Christina Huang,Linda Guo",2019Q4,3720420.0,,,,0.58,,1.3,,,Buy,,29.8
002352.SZ,顺丰控股,20200225,顺丰控股：业绩较快增长，盈利能力提升,点评,首次关注,财富证券,黄红卫,2020Q4,13202100.0,,,683000.0,1.55,29.71,,,,谨慎推荐,,
002352.SZ,顺丰控股,20200225,顺丰控股：业绩较快增长，盈利能力提升,点评,首次关注,财富证券,黄红卫,2019Q4,11219300.0,,,579700.0,1.31,35.0,,,,谨慎推荐,,
002352.SZ,顺丰控股,20200225,顺丰控股：业绩较快增长，盈利能力提升,点评,首次关注,财信证券,黄红卫,2021Q4,15100600.0,,,760600.0,1.72,26.67,,,,谨慎推荐,,
600562.SH,国睿科技,20200225,美将与中军队参加同一军演，俄成功发射军用通信卫星用于北冰洋区域作战——国防军工周报,非个股,一般报告,长城证券,"沈繁呈,胡浩淼",2020Q4,,,,13691.716,0.22,,,,,无,,
000938.SZ,紫光股份,20200225,服务器系列报告之二：从白牌崛起、品牌求变，探究云计算厂商核心需求,非个股,一般报告,东莞证券,"魏红梅,罗炜斌",2020Q4,,,,224720.562,1.1,,,,,推荐,,
002664.SZ,长鹰信质,20200225,美将与中军队参加同一军演，俄成功发射军用通信卫星用于北冰洋区域作战——国防军工周报,非个股,一般报告,长城证券,"沈繁呈,胡浩淼",2019Q4,,,,27601.38,0.69,,,,,无,,
002214.SZ,大立科技,20200225,美将与中军队参加同一军演，俄成功发射军用通信卫星用于北冰洋区域作战——国防军工周报,非个股,一般报告,长城证券,"沈繁呈,胡浩淼",2020Q4,,,,22933.333,0.5,,,,,无,,
600562.SH,国睿科技,20200225,美将与中军队参加同一军演，俄成功发射军用通信卫星用于北冰洋区域作战——国防军工周报,非个股,一般报告,长城证券,"沈繁呈,胡浩淼",2019Q4,,,,9957.612,0.16,,,,,无,,
601989.SH,中国重工,20200225,美将与中军队参加同一军演，俄成功发射军用通信卫星用于北冰洋区域作战——国防军工周报,非个股,一般报告,长城证券,"沈繁呈,胡浩淼",2019Q4,,,,159614.247,0.07,,,,,无,,
000938.SZ,紫光股份,20200225,服务器系列报告之二：从白牌崛起、品牌求变，探究云计算厂商核心需求,非个股,一般报告,东莞证券,"魏红梅,罗炜斌",2019Q4,,,,185905.192,0.91,,,,,推荐,,
601989.SH,中国重工,20200225,美将与中军队参加同一军演，俄成功发射军用通信卫星用于北冰洋区域作战——国防军工周报,非个股,一般报告,长城证券,"沈繁呈,胡浩淼",2020Q4,,,,159614.247,0.07,,,,,无,,
300719.SZ,安达维尔,20200225,美将与中军队参加同一军演，俄成功发射军用通信卫星用于北冰洋区域作战——国防军工周报,非个股,一般报告,长城证券,"沈繁呈,胡浩淼",2020Q4,,,,10934.083,0.43,,,,,无,,
600760.SH,中航沈飞,20200225,美将与中军队参加同一军演，俄成功发射军用通信卫星用于北冰洋区域作战——国防军工周报,非个股,一般报告,长城证券,"沈繁呈,胡浩淼",2020Q4,,,,110630.754,0.79,,,,,无,,
002214.SZ,大立科技,20200225,美将与中军队参加同一军演，俄成功发射军用通信卫星用于北冰洋区域作战——国防军工周报,非个股,一般报告,长城证券,"沈繁呈,胡浩淼",2019Q4,,,,13301.333,0.29,,,,,无,,
002179.SZ,中航光电,20200225,美将与中军队参加同一军演，俄成功发射军用通信卫星用于北冰洋区域作战——国防军工周报,非个股,一般报告,长城证券,"沈繁呈,胡浩淼",2020Q4,,,,146420.661,1.33,,,,,无,,
300719.SZ,安达维尔,20200225,美将与中军队参加同一军演，俄成功发射军用通信卫星用于北冰洋区域作战——国防军工周报,非个股,一般报告,长城证券,"沈繁呈,胡浩淼",2019Q4,,,,9662.678,0.38,,,,,无,,
300696.SZ,爱乐达,20200225,美将与中军队参加同一军演，俄成功发射军用通信卫星用于北冰洋区域作战——国防军工周报,非个股,一般报告,长城证券,"沈繁呈,胡浩淼",2019Q4,,,,7628.8,0.64,,,,,无,,
600893.SH,航发动力,20200225,美将与中军队参加同一军演，俄成功发射军用通信卫星用于北冰洋区域作战——国防军工周报,非个股,一般报告,长城证券,"沈繁呈,胡浩淼",2020Q4,,,,137240.511,0.61,,,,,无,,
002414.SZ,高德红外,20200225,美将与中军队参加同一军演，俄成功发射军用通信卫星用于北冰洋区域作战——国防军工周报,非个股,一般报告,长城证券,"沈繁呈,胡浩淼",2020Q4,,,,41200.898,0.44,,,,,无,,
002402.SZ,和而泰,20200225,美将与中军队参加同一军演，俄成功发射军用通信卫星用于北冰洋区域作战——国防军工周报,非个股,一般报告,长城证券,"沈繁呈,胡浩淼",2019Q4,,,,31040.011,0.34,,,,,无,,
300045.SZ,华力创通,20200225,美将与中军队参加同一军演，俄成功发射军用通信卫星用于北冰洋区域作战——国防军工周报,非个股,一般报告,长城证券,"沈繁呈,胡浩淼",2020Q4,,,,14760.033,0.24,,,,,无,,
002402.SZ,和而泰,20200225,美将与中军队参加同一军演，俄成功发射军用通信卫星用于北冰洋区域作战——国防军工周报,非个股,一般报告,长城证券,"沈繁呈,胡浩淼",2020Q4,,,,43821.192,0.48,,,,,无,,
000977.SZ,浪潮信息,20200225,服务器系列报告之二：从白牌崛起、品牌求变，探究云计算厂商核心需求,非个股,一般报告,东莞证券,"魏红梅,罗炜斌",2019Q4,,,,86379.895,0.67,,,,,推荐,,
600893.SH,航发动力,20200225,美将与中军队参加同一军演，俄成功发射军用通信卫星用于北冰洋区域作战——国防军工周报,非个股,一般报告,长城证券,"沈繁呈,胡浩淼",2019Q4,,,,114742.067,0.51,,,,,无,,
000768.SZ,中航飞机,20200225,美将与中军队参加同一军演，俄成功发射军用通信卫星用于北冰洋区域作战——国防军工周报,非个股,一般报告,长城证券,"沈繁呈,胡浩淼",2019Q4,,,,66447.482,0.24,,,,,无,,
000977.SZ,浪潮信息,20200225,服务器系列报告之二：从白牌崛起、品牌求变，探究云计算厂商核心需求,非个股,一般报告,东莞证券,"魏红梅,罗炜斌",2020Q4,,,,125057.461,0.97,,,,,推荐,,
300474.SZ,景嘉微,20200225,美将与中军队参加同一军演，俄成功发射军用通信卫星用于北冰洋区域作战——国防军工周报,非个股,一般报告,长城证券,"沈繁呈,胡浩淼",2019Q4,,,,17775.115,0.59,,,,,无,,
300045.SZ,华力创通,20200225,美将与中军队参加同一军演，俄成功发射军用通信卫星用于北冰洋区域作战——国防军工周报,非个股,一般报告,长城证券,"沈繁呈,胡浩淼",2019Q4,,,,-14145.032,-0.23,,,,,无,,
000768.SZ,中航飞机,20200225,美将与中军队参加同一军演，俄成功发射军用通信卫星用于北冰洋区域作战——国防军工周报,非个股,一般报告,长城证券,"沈繁呈,胡浩淼",2020Q4,,,,83059.352,0.3,,,,,无,,
300474.SZ,景嘉微,20200225,美将与中军队参加同一军演，俄成功发射军用通信卫星用于北冰洋区域作战——国防军工周报,非个股,一般报告,长城证券,"沈繁呈,胡浩淼",2020Q4,,,,27415.855,0.91,,,,,无,,
002179.SZ,中航光电,20200225,美将与中军队参加同一军演，俄成功发射军用通信卫星用于北冰洋区域作战——国防军工周报,非个股,一般报告,长城证券,"沈繁呈,胡浩淼",2019Q4,,,,117797.073,1.07,,,,,无,,
300696.SZ,爱乐达,20200225,美将与中军队参加同一军演，俄成功发射军用通信卫星用于北冰洋区域作战——国防军工周报,非个股,一般报告,长城证券,"沈繁呈,胡浩淼",2020Q4,,,,10966.4,0.92,,,,,无,,
002664.SZ,长鹰信质,20200225,美将与中军队参加同一军演，俄成功发射军用通信卫星用于北冰洋区域作战——国防军工周报,非个股,一般报告,长城证券,"沈繁呈,胡浩淼",2020Q4,,,,34001.7,0.85,,,,,无,,
002414.SZ,高德红外,20200225,美将与中军队参加同一军演，俄成功发射军用通信卫星用于北冰洋区域作战——国防军工周报,非个股,一般报告,长城证券,"沈繁呈,胡浩淼",2019Q4,,,,24345.985,0.26,,,,,无,,
600760.SH,中航沈飞,20200225,美将与中军队参加同一军演，俄成功发射军用通信卫星用于北冰洋区域作战——国防军工周报,非个股,一般报告,长城证券,"沈繁呈,胡浩淼",2019Q4,,,,89624.914,0.64,,,,,无,,
002624.SZ,完美世界,20200225,完美世界：游戏快速增长，影视计提减值轻装上阵,点评,一般报告,财富证券,何颖,2020Q4,924345.0,,,240119.0,1.86,28.32,,,,推荐,,
002624.SZ,完美世界,20200225,完美世界：游戏快速增长，影视计提减值轻装上阵,点评,一般报告,财信证券,何颖,2021Q4,1016779.0,,,263960.0,2.04,25.76,,,,推荐,,
002624.SZ,完美世界,20200225,完美世界：游戏快速增长，影视计提减值轻装上阵,点评,一般报告,财富证券,何颖,2019Q4,803778.0,,,150449.0,1.16,45.2,,,,推荐,,
300033.SZ,同花顺,20200225,同花顺点评报告：流量变现多元化，Beta领军或迎爆发期,一般,一般报告,世纪证券,"陈建生,罗云扬",2022Q4,340321.0,,181727.0,174458.0,3.25,45.0,,27.76,,增持,,
300033.SZ,同花顺,20200225,同花顺点评报告：流量变现多元化，Beta领军或迎爆发期,一般,一般报告,世纪证券,"陈建生,罗云扬",2021Q4,284171.0,,152709.0,146601.0,2.73,54.0,,27.3,,增持,,
300033.SZ,同花顺,20200225,同花顺点评报告：流量变现多元化，Beta领军或迎爆发期,一般,一般报告,世纪证券,"陈建生,罗云扬",2020Q4,226907.0,,122099.0,117215.0,2.18,68.0,,25.46,,增持,,
002878.SZ,元隆雅图,20200225,元隆雅图：业绩稳健增长，新媒体营销业务表现亮眼,点评,首次关注,华西证券,"徐林锋,李婉云,赵琳",2021Q4,277866.0,,28101.0,21641.0,1.66,25.69,,19.8,,增持,,
002878.SZ,元隆雅图,20200225,元隆雅图：业绩稳健增长，新媒体营销业务表现亮眼,点评,首次关注,华西证券,"徐林锋,李婉云,赵琳",2019Q4,159448.0,,15079.0,11613.0,0.89,47.87,,16.1,,增持,,
002878.SZ,元隆雅图,20200225,元隆雅图：业绩稳健增长，新媒体营销业务表现亮眼,点评,首次关注,华西证券,"徐林锋,李婉云,赵琳",2020Q4,214676.0,,20202.0,15558.0,1.19,35.73,,17.75,,增持,,
000703.SZ,恒逸石化,20200225,恒逸石化：海宁一线投产，聚酯不断发力,点评,一般报告,申港证券,"曹旭特,刘少卿",2019Q4,8557435.0,,426900.0,292632.0,1.03,12.45,,14.8,9.89,买入,,
000703.SZ,恒逸石化,20200225,恒逸石化：海宁一线投产，聚酯不断发力,点评,一般报告,申港证券,"曹旭特,刘少卿",2021Q4,12287133.0,,783200.0,568427.0,2.0,6.41,,22.3,4.42,买入,,
000703.SZ,恒逸石化,20200225,恒逸石化：海宁一线投产，聚酯不断发力,点评,一般报告,申港证券,"曹旭特,刘少卿",2020Q4,11554656.0,,639700.0,446959.0,1.57,8.15,,20.0,5.48,买入,,
688200.SH,华峰测控,20200225,华峰测控：开拓华为等新客户，2020年行业向好,,一般报告,华西证券,"刘菁,孙远峰,俞能飞,田仁秀",2019Q4,25158.0,,11548.0,10134.0,1.66,,,30.07,,无,,
688166.SH,博瑞医药,20200225,博瑞医药公司深度：技破高难，蓄势待发，取胜后仿制药时代,,首次关注,国元证券,"常启辉,刘慧敏,刘巧",2021Q4,,,24078.0,22355.0,0.55,119.96,,10.75,,持有,,
688166.SH,博瑞医药,20200225,博瑞医药公司深度：技破高难，蓄势待发，取胜后仿制药时代,,首次关注,国元证券,"常启辉,刘慧敏,刘巧",2020Q4,,,17131.0,15894.0,0.39,168.73,,8.57,,持有,,
688166.SH,博瑞医药,20200225,博瑞医药公司深度：技破高难，蓄势待发，取胜后仿制药时代,,首次关注,国元证券,"常启辉,刘慧敏,刘巧",2019Q4,,,11958.0,11118.0,0.27,241.22,,6.55,,持有,,
603611.SH,诺力股份,20200225,诺力股份：对标自动化及锂电设备，迎估值切换,一般,首次评级,西南证券,梁美美,2021Q4,414491.0,103100.0,49031.0,38397.0,1.43,15.54,1.88,16.26,8.22,持有,,
603611.SH,诺力股份,20200225,诺力股份：对标自动化及锂电设备，迎估值切换,一般,首次评级,西南证券,梁美美,2020Q4,353767.0,87000.0,41017.0,32099.0,1.2,18.59,1.41,15.4,10.42,持有,,
603611.SH,诺力股份,20200225,诺力股份：对标自动化及锂电设备，迎估值切换,一般,首次评级,西南证券,梁美美,2019Q4,290838.0,70200.0,30779.0,24045.0,0.9,24.81,1.11,13.05,14.0,持有,,
601238.SH,广汽集团,20200225,广汽集团：匠心品行，再创辉煌,一般,首次关注,东吴证券,黄细里,2021Q4,7190000.0,,1198400.0,1134300.0,1.11,10.5,,11.27,3.43,买入,,
688200.SH,华峰测控,20200225,华峰测控：开拓华为等新客户，2020年行业向好,,一般报告,华西证券,"刘菁,孙远峰,俞能飞,田仁秀",2020Q4,31651.0,,14850.0,13051.0,2.13,,,27.92,,无,,
601238.SH,广汽集团,20200225,广汽集团：匠心品行，再创辉煌,一般,首次关注,东吴证券,黄细里,2020Q4,6705800.0,,966500.0,924400.0,0.9,12.88,,10.24,4.79,买入,,
688200.SH,华峰测控,20200225,华峰测控：开拓华为等新客户，2020年行业向好,,一般报告,华西证券,"刘菁,孙远峰,俞能飞,田仁秀",2021Q4,40569.0,,19882.0,17461.0,2.85,,,27.19,,无,,
601238.SH,广汽集团,20200225,广汽集团：匠心品行，再创辉煌,一般,首次关注,东吴证券,黄细里,2019Q4,5656500.0,,773600.0,769900.0,0.75,15.47,,9.41,6.45,买入,,
002705.SZ,新宝股份,20200225,新宝股份：收入稳健增长，盈利能力持续提升,点评,一般报告,广发证券,"曾婵,袁雨辰,王朝宁,黄涛",2019Q4,912900.0,,81100.0,68700.0,0.86,19.24,,15.0,9.09,增持,,19.8
002100.SZ,天康生物,20200225,天康生物：生猪出栏量稳健扩张，业绩实现高增长,点评,一般报告,广发证券,"王乾,钱浩,郑颖欣",2021Q4,1095000.0,,208900.0,186300.0,1.75,7.35,,23.0,5.19,买入,,18.16
002100.SZ,天康生物,20200225,天康生物：生猪出栏量稳健扩张，业绩实现高增长,点评,一般报告,广发证券,"王乾,钱浩,郑颖欣",2020Q4,1113800.0,,269300.0,241100.0,2.27,5.68,,38.6,4.28,买入,,18.16
002100.SZ,天康生物,20200225,天康生物：生猪出栏量稳健扩张，业绩实现高增长,点评,一般报告,广发证券,"王乾,钱浩,郑颖欣",2019Q4,779700.0,,65300.0,63100.0,0.59,21.68,,16.5,14.88,买入,,18.16
002705.SZ,新宝股份,20200225,新宝股份：收入稳健增长，盈利能力持续提升,点评,一般报告,广发证券,"曾婵,袁雨辰,王朝宁,黄涛",2021Q4,1057900.0,,109600.0,92800.0,1.16,16.89,,14.7,7.99,增持,,19.8
002705.SZ,新宝股份,20200225,新宝股份：收入稳健增长，盈利能力持续提升,点评,一般报告,广发证券,"曾婵,袁雨辰,王朝宁,黄涛",2020Q4,974200.0,,93600.0,79300.0,0.99,19.77,,14.8,9.84,增持,,19.8
300031.SZ,宝通科技,20200225,传媒：受新冠肺炎影响，海外手游活跃度或提升,非个股,一般报告,中泰证券,"康雅雯,熊亚威",2021Q4,,,,47215.378,1.19,,,,,无,,
300031.SZ,宝通科技,20200225,传媒：受新冠肺炎影响，海外手游活跃度或提升,非个股,一般报告,中泰证券,"康雅雯,熊亚威",2020Q4,,,,38486.485,0.97,,,,,无,,
300031.SZ,宝通科技,20200225,传媒：受新冠肺炎影响，海外手游活跃度或提升,非个股,一般报告,中泰证券,"康雅雯,熊亚威",2019Q4,,,,31344.663,0.79,,,,,无,,
300386.SZ,飞天诚信,20200225,计算机应用：金融分布式账本标准落定，助推区块链及数字货币产业发展,非个股,一般报告,中信建投,"石泽蕤,吴桐",2020Q4,,,,17000.0,0.407,,,,,无,,
300386.SZ,飞天诚信,20200225,计算机应用：金融分布式账本标准落定，助推区块链及数字货币产业发展,非个股,一般报告,中信建投,"石泽蕤,吴桐",2019Q4,,,,9000.0,0.215,,,,,无,,
300348.SZ,长亮科技,20200225,计算机应用：金融分布式账本标准落定，助推区块链及数字货币产业发展,非个股,一般报告,中信建投,"石泽蕤,吴桐",2019Q4,,,,13000.0,0.27,,,,,无,,
002216.SZ,三全食品,20200225,批零贸易业：疫情重塑消费习惯——消费大组专题研究报告,非个股,一般报告,国泰君安,"訾猛,范杨,邱苗",2021Q4,,,,32769.587,0.41,,,,,增持,,
002216.SZ,三全食品,20200225,批零贸易业：疫情重塑消费习惯——消费大组专题研究报告,非个股,一般报告,国泰君安,"訾猛,范杨,邱苗",2020Q4,,,,24777.005,0.31,,,,,增持,,
300348.SZ,长亮科技,20200225,计算机应用：金融分布式账本标准落定，助推区块链及数字货币产业发展,非个股,一般报告,中信建投,"石泽蕤,吴桐",2020Q4,,,,22000.0,0.457,,,,,无,,
002216.SZ,三全食品,20200225,批零贸易业：疫情重塑消费习惯——消费大组专题研究报告,非个股,一般报告,国泰君安,"訾猛,范杨,邱苗",2019Q4,,,,20780.714,0.26,,,,,增持,,
300674.SZ,宇信科技,20200225,计算机应用：金融分布式账本标准落定，助推区块链及数字货币产业发展,非个股,一般报告,中信建投,"石泽蕤,吴桐",2020Q4,,,,33000.0,0.825,,,,,无,,
300674.SZ,宇信科技,20200225,计算机应用：金融分布式账本标准落定，助推区块链及数字货币产业发展,非个股,一般报告,中信建投,"石泽蕤,吴桐",2019Q4,,,,27000.0,0.675,,,,,无,,
300377.SZ,赢时胜,20200225,计算机应用：金融分布式账本标准落定，助推区块链及数字货币产业发展,非个股,一般报告,中信建投,"石泽蕤,吴桐",2020Q4,,,,30000.0,0.404,,,,,无,,
300377.SZ,赢时胜,20200225,计算机应用：金融分布式账本标准落定，助推区块链及数字货币产业发展,非个股,一般报告,中信建投,"石泽蕤,吴桐",2019Q4,,,,16000.0,0.216,,,,,无,,
000636.SZ,风华高科,20200225,产业景气支撑供需缺口，元器件涨价蓄势充分——MLCC行业点评,非个股,一般报告,长城证券,"邹兰兰,郭旺",2021Q4,,,,118400.0,1.32,,,,,无,,
000636.SZ,风华高科,20200225,产业景气支撑供需缺口，元器件涨价蓄势充分——MLCC行业点评,非个股,一般报告,长城证券,"邹兰兰,郭旺",2020Q4,,,,88900.0,0.99,,,,,无,,
000636.SZ,风华高科,20200225,产业景气支撑供需缺口，元器件涨价蓄势充分——MLCC行业点评,非个股,一般报告,长城证券,"邹兰兰,郭旺",2019Q4,,,,31300.0,0.35,,,,,无,,
002152.SZ,广电运通,20200225,计算机应用：金融分布式账本标准落定，助推区块链及数字货币产业发展,非个股,一般报告,中信建投,"石泽蕤,吴桐",2020Q4,,,,108000.0,0.448,,,,,无,,
002152.SZ,广电运通,20200225,计算机应用：金融分布式账本标准落定，助推区块链及数字货币产业发展,非个股,一般报告,中信建投,"石泽蕤,吴桐",2019Q4,,,,84000.0,0.349,,,,,无,,
000997.SZ,新大陆,20200225,计算机应用：金融分布式账本标准落定，助推区块链及数字货币产业发展,非个股,一般报告,中信建投,"石泽蕤,吴桐",2020Q4,,,,100000.0,0.951,,,,,无,,
000997.SZ,新大陆,20200225,计算机应用：金融分布式账本标准落定，助推区块链及数字货币产业发展,非个股,一般报告,中信建投,"石泽蕤,吴桐",2019Q4,,,,78000.0,0.742,,,,,无,,
300315.SZ,掌趣科技,20200225,批零贸易业：疫情重塑消费习惯——消费大组专题研究报告,非个股,一般报告,国泰君安,"訾猛,范杨,邱苗",2021Q4,,,,110299.368,0.4,,,,,增持,,
300315.SZ,掌趣科技,20200225,批零贸易业：疫情重塑消费习惯——消费大组专题研究报告,非个股,一般报告,国泰君安,"訾猛,范杨,邱苗",2020Q4,,,,90996.978,0.33,,,,,增持,,
300315.SZ,掌趣科技,20200225,批零贸易业：疫情重塑消费习惯——消费大组专题研究报告,非个股,一般报告,国泰君安,"訾猛,范杨,邱苗",2019Q4,,,,46877.231,0.17,,,,,增持,,
600271.SH,航天信息,20200225,计算机应用：金融分布式账本标准落定，助推区块链及数字货币产业发展,非个股,一般报告,中信建投,"石泽蕤,吴桐",2020Q4,,,,222000.0,1.192,,,,,无,,
600271.SH,航天信息,20200225,计算机应用：金融分布式账本标准落定，助推区块链及数字货币产业发展,非个股,一般报告,中信建投,"石泽蕤,吴桐",2019Q4,,,,186000.0,0.999,,,,,无,,
600570.SH,恒生电子,20200225,计算机应用：金融分布式账本标准落定，助推区块链及数字货币产业发展,非个股,一般报告,中信建投,"石泽蕤,吴桐",2020Q4,,,,124000.0,1.544,,,,,无,,
600570.SH,恒生电子,20200225,计算机应用：金融分布式账本标准落定，助推区块链及数字货币产业发展,非个股,一般报告,中信建投,"石泽蕤,吴桐",2019Q4,,,,132000.0,1.644,,,,,无,,
300248.SZ,新开普,20200225,计算机应用：金融分布式账本标准落定，助推区块链及数字货币产业发展,非个股,一般报告,中信建投,"石泽蕤,吴桐",2020Q4,,,,19000.0,0.395,,,,,无,,
300248.SZ,新开普,20200225,计算机应用：金融分布式账本标准落定，助推区块链及数字货币产业发展,非个股,一般报告,中信建投,"石泽蕤,吴桐",2019Q4,,,,15000.0,0.312,,,,,无,,
600977.SH,中国电影,20200225,告别扩张期，未来集中度提升可期：传媒行业院线专题之复盘美国院线行业,非个股,一般报告,中信证券,"唐思思,肖俨衍",2020Q4,,,,125089.0,0.67,,,,,买入,,
600977.SH,中国电影,20200225,告别扩张期，未来集中度提升可期：传媒行业院线专题之复盘美国院线行业,非个股,一般报告,中信证券,"唐思思,肖俨衍",2019Q4,,,,112020.0,0.6,,,,,买入,,
002777.SZ,久远银海,20200225,兴业证券晨会纪要,非个股,一般报告,兴业证券,冯欣怡,2021Q4,,,,27700.0,1.24,,,,,审慎增持,,
002777.SZ,久远银海,20200225,兴业证券晨会纪要,非个股,一般报告,兴业证券,冯欣怡,2020Q4,,,,21100.0,0.94,,,,,审慎增持,,
002777.SZ,久远银海,20200225,兴业证券晨会纪要,非个股,一般报告,兴业证券,冯欣怡,2019Q4,,,,15500.0,0.69,,,,,审慎增持,,
603337.SH,杰克股份,20200225,疫情影响短期业绩，重点推荐大能源装备：机械行业2020年3月报,非个股,一般报告,招商证券,"诸凯,吴丹,刘荣,时文博",2020Q4,,,,49054.48,1.1,,,,,强烈推荐,,
603337.SH,杰克股份,20200225,疫情影响短期业绩，重点推荐大能源装备：机械行业2020年3月报,非个股,一般报告,招商证券,"诸凯,吴丹,刘荣,时文博",2019Q4,,,,37459.785,0.84,,,,,强烈推荐,,
603719.SH,良品铺子,20200225,兴业证券晨会纪要,非个股,一般报告,兴业证券,林佳雯,2021Q4,1174600.0,,,63700.0,1.589,,,,,审慎增持,,
603719.SH,良品铺子,20200225,兴业证券晨会纪要,非个股,一般报告,兴业证券,林佳雯,2020Q4,931400.0,,,47400.0,1.182,,,,,审慎增持,,
603719.SH,良品铺子,20200225,兴业证券晨会纪要,非个股,一般报告,兴业证券,林佳雯,2019Q4,773600.0,,,33900.0,0.845,,,,,审慎增持,,
000488.SZ,晨鸣纸业,20200225,疫情冲击有限，长期视角关注龙头——造纸行业周报,非个股,一般报告,光大证券,黎泉宏,2019Q4,2900000.0,,,170000.0,0.585,,,,,无,,
300130.SZ,新国都,20200225,计算机应用：金融分布式账本标准落定，助推区块链及数字货币产业发展,非个股,一般报告,中信建投,"石泽蕤,吴桐",2020Q4,,,,54000.0,1.106,,,,,无,,
300130.SZ,新国都,20200225,计算机应用：金融分布式账本标准落定，助推区块链及数字货币产业发展,非个股,一般报告,中信建投,"石泽蕤,吴桐",2019Q4,,,,43000.0,0.88,,,,,无,,
300078.SZ,思创医惠,20200225,批零贸易业：疫情重塑消费习惯——消费大组专题研究报告,非个股,一般报告,国泰君安,"訾猛,范杨,邱苗",2021Q4,,,,46400.875,0.54,,,,,增持,,
300078.SZ,思创医惠,20200225,批零贸易业：疫情重塑消费习惯——消费大组专题研究报告,非个股,一般报告,国泰君安,"訾猛,范杨,邱苗",2020Q4,,,,32652.468,0.38,,,,,增持,,
300078.SZ,思创医惠,20200225,批零贸易业：疫情重塑消费习惯——消费大组专题研究报告,非个股,一般报告,国泰君安,"訾猛,范杨,邱苗",2019Q4,,,,22341.162,0.26,,,,,增持,,
002829.SZ,星网宇达,20200225,星网宇达：厚积薄发，走向智能无人装备的大海星辰,深度,首次关注,申港证券,"曹旭特,王宁",2022Q4,134000.0,70500.0,,,,,,,,买入,44.0,42.0
002829.SZ,星网宇达,20200225,星网宇达：厚积薄发，走向智能无人装备的大海星辰,深度,首次关注,申港证券,"曹旭特,王宁",2021Q4,96000.0,52200.0,21900.0,20141.0,1.25,26.15,,15.38,21.07,买入,44.0,42.0
002829.SZ,星网宇达,20200225,星网宇达：厚积薄发，走向智能无人装备的大海星辰,深度,首次关注,申港证券,"曹旭特,王宁",2020Q4,73000.0,40500.0,15600.0,14436.0,0.9,36.48,,12.98,29.72,买入,44.0,42.0
002829.SZ,星网宇达,20200225,星网宇达：厚积薄发，走向智能无人装备的大海星辰,深度,首次关注,申港证券,"曹旭特,王宁",2019Q4,39100.0,21300.0,2500.0,1147.0,0.0731,459.05,,1.18,,买入,44.0,42.0
300725.SZ,药石科技,20200225,药石科技定增预案点评：公布定增预案，借资本东风持续加快发展,点评,一般报告,万联证券,"姚文,王政眸",2021Q4,117900.0,,35200.0,30500.0,2.11,43.22,,17.05,36.57,买入,,
300725.SZ,药石科技,20200225,药石科技定增预案点评：公布定增预案，借资本东风持续加快发展,点评,一般报告,万联证券,"姚文,王政眸",2020Q4,87900.0,,26300.0,22800.0,1.57,57.87,,15.35,48.7,买入,,
300725.SZ,药石科技,20200225,药石科技定增预案点评：公布定增预案，借资本东风持续加快发展,点评,一般报告,万联证券,"姚文,王政眸",2019Q4,65700.0,,19300.0,16800.0,1.16,78.71,,13.33,65.69,买入,,
603517.SH,绝味食品,20200225,绝味食品公司动态点评：多举措支持门店，降低疫情影响,点评,一般报告,长城证券,黄瑞云,2021Q4,714894.0,,147277.0,111200.0,1.827,21.0,,21.8,14.36,推荐,,
603517.SH,绝味食品,20200225,绝味食品公司动态点评：多举措支持门店，降低疫情影响,点评,一般报告,长城证券,黄瑞云,2020Q4,593766.0,,117232.0,88600.0,1.456,26.0,,20.9,18.04,推荐,,
603517.SH,绝味食品,20200225,绝味食品公司动态点评：多举措支持门店，降低疫情影响,点评,一般报告,长城证券,黄瑞云,2019Q4,515422.0,,105239.0,80200.0,1.318,29.0,,22.3,19.89,推荐,,
300326.SZ,凯利泰,20200225,凯利泰：收入超预期公司战略聚焦大骨科成果渐显，脊柱微创特色持续引领公司发展,点评,一般报告,华西证券,"崔文亮,谭国超",2021Q4,183500.0,,55963.0,49073.0,0.68,29.94,,13.31,,买入,,
300326.SZ,凯利泰,20200225,凯利泰：收入超预期公司战略聚焦大骨科成果渐显，脊柱微创特色持续引领公司发展,点评,一般报告,华西证券,"崔文亮,谭国超",2020Q4,150800.0,,43315.0,38767.0,0.54,37.9,,12.13,,买入,,
300326.SZ,凯利泰,20200225,凯利泰：收入超预期公司战略聚焦大骨科成果渐显，脊柱微创特色持续引领公司发展,点评,一般报告,华西证券,"崔文亮,谭国超",2019Q4,125014.0,,36462.0,30652.0,0.42,47.93,,10.91,,买入,,
000733.SZ,振华科技,20200225,振华科技：依托CEC，打造中国军工电子与半导体大本营,一般,一般报告,国盛证券,余平,2019Q4,425000.0,,36700.0,31000.0,0.6,43.1,,5.9,23.1,买入,,
002436.SZ,兴森科技,20200225,兴森科技：半导体属性如期加强，成长贯彻一如既往,点评,一般报告,太平洋证券,"王凌涛,沈钱",2021Q4,742400.0,,73600.0,57000.0,0.38,42.6,,16.0,20.31,增持,,16.9
002436.SZ,兴森科技,20200225,兴森科技：半导体属性如期加强，成长贯彻一如既往,点评,一般报告,太平洋证券,"王凌涛,沈钱",2020Q4,545900.0,,53400.0,41900.0,0.28,57.99,,14.0,25.25,增持,,16.9
002129.SZ,中环股份,20200225,中环股份：大硅片元年重拾增长，增发项目或将提速发展,点评,一般报告,华西证券,"孙远峰,王海维,郑敏宏",2021Q4,2707500.0,,282980.0,219341.0,0.79,24.54,,11.97,,买入,,27.2
002129.SZ,中环股份,20200225,中环股份：大硅片元年重拾增长，增发项目或将提速发展,点评,一般报告,华西证券,"孙远峰,王海维,郑敏宏",2020Q4,2197700.0,,211941.0,165455.0,0.59,32.54,,10.25,,买入,,27.2
000733.SZ,振华科技,20200225,振华科技：依托CEC，打造中国军工电子与半导体大本营,一般,一般报告,国盛证券,余平,2021Q4,561100.0,,69700.0,59000.0,1.15,22.7,,9.5,14.8,买入,,
000733.SZ,振华科技,20200225,振华科技：依托CEC，打造中国军工电子与半导体大本营,一般,一般报告,国盛证券,余平,2020Q4,468000.0,,46900.0,39700.0,0.77,33.7,,7.0,19.0,买入,,
002436.SZ,兴森科技,20200225,兴森科技：半导体属性如期加强，成长贯彻一如既往,点评,一般报告,太平洋证券,"王凌涛,沈钱",2019Q4,379200.0,,36600.0,30300.0,0.2,80.19,,11.0,32.47,增持,,16.9
002129.SZ,中环股份,20200225,中环股份：大硅片元年重拾增长，增发项目或将提速发展,点评,一般报告,华西证券,"孙远峰,王海维,郑敏宏",2019Q4,1765000.0,,146100.0,115621.0,0.42,46.56,,7.98,,买入,,27.2
603060.SH,国检集团,20200225,国检集团：建工建材检测龙头，内生外延稳步扩张,一般,首次关注,国盛证券,"黄诗涛,房大磊",2019Q4,110300.0,49900.0,27000.0,20800.0,0.68,31.1,,15.3,20.5,买入,,25.2
300623.SZ,捷捷微电,20200225,捷捷微电：产品结构升级，Q4业绩高增长,点评,一般报告,中银国际,"王达婷,赵琦",2019Q4,67400.0,,22000.0,19000.0,0.623,71.5,0.3,12.0,22.4,买入,,
300033.SZ,同花顺,20200225,同花顺：活跃用户数持续提升，预收款预示20年高增长,点评,一般报告,西南证券,"朱芸,刘忠腾,朱松",2022Q4,405009.0,,232516.0,197638.0,3.68,40.07,0.37,24.14,29.73,买入,,
300033.SZ,同花顺,20200225,同花顺：活跃用户数持续提升，预收款预示20年高增长,点评,一般报告,西南证券,"朱芸,刘忠腾,朱松",2020Q4,228419.0,,137159.0,116585.0,2.17,67.93,0.23,22.17,52.67,买入,,
002126.SZ,银轮股份,20200225,银轮股份：发力新能源热管理，业绩拐点将至,点评,一般报告,华西证券,"崔琰,刘静远",2021Q4,688338.0,,58946.0,47572.0,0.6,21.03,,9.99,,增持,,14.0
002126.SZ,银轮股份,20200225,银轮股份：发力新能源热管理，业绩拐点将至,点评,一般报告,华西证券,"崔琰,刘静远",2019Q4,536995.0,,39666.0,32011.0,0.4,31.25,,8.22,,增持,,14.0
002126.SZ,银轮股份,20200225,银轮股份：发力新能源热管理，业绩拐点将至,点评,一般报告,华西证券,"崔琰,刘静远",2020Q4,601762.0,,48717.0,39316.0,0.5,25.45,,9.17,,增持,,14.0
603060.SH,国检集团,20200225,国检集团：建工建材检测龙头，内生外延稳步扩张,一般,首次关注,国盛证券,"黄诗涛,房大磊",2021Q4,162900.0,73500.0,40700.0,31700.0,1.03,20.4,,17.8,13.5,买入,,25.2
603060.SH,国检集团,20200225,国检集团：建工建材检测龙头，内生外延稳步扩张,一般,首次关注,国盛证券,"黄诗涛,房大磊",2020Q4,135200.0,60600.0,33000.0,25800.0,0.84,25.1,,16.9,16.7,买入,,25.2
300623.SZ,捷捷微电,20200225,捷捷微电：产品结构升级，Q4业绩高增长,点评,一般报告,中银国际,"王达婷,赵琦",2021Q4,104500.0,,32900.0,28500.0,0.933,47.7,0.4,14.4,11.8,买入,,
300623.SZ,捷捷微电,20200225,捷捷微电：产品结构升级，Q4业绩高增长,点评,一般报告,中银国际,"王达婷,赵琦",2020Q4,85600.0,,27300.0,23700.0,0.775,57.4,0.3,13.4,14.7,买入,,
300033.SZ,同花顺,20200225,同花顺：活跃用户数持续提升，预收款预示20年高增长,点评,一般报告,西南证券,"朱芸,刘忠腾,朱松",2021Q4,302789.0,,174204.0,148074.0,2.75,53.49,0.29,22.75,40.75,买入,,
300229.SZ,拓尔思,20200225,拓尔思：融媒体建设将迎高峰，政务信息化投入或加强,点评,一般报告,中银国际,"杨思睿,孙业亮",2021Q4,146000.0,,30600.0,24100.0,0.505,32.2,1.1,11.0,25.8,买入,,
300229.SZ,拓尔思,20200225,拓尔思：融媒体建设将迎高峰，政务信息化投入或加强,点评,一般报告,中银国际,"杨思睿,孙业亮",2020Q4,122400.0,,27000.0,21200.0,0.444,36.6,1.0,10.4,27.5,买入,,
300229.SZ,拓尔思,20200225,拓尔思：融媒体建设将迎高峰，政务信息化投入或加强,点评,一般报告,中银国际,"杨思睿,孙业亮",2019Q4,102400.0,,20200.0,16500.0,0.345,47.2,0.6,8.5,36.5,买入,,
002959.SZ,小熊电器,20200225,小熊电器：2019净利同比增长40％，好于预期,点评,首份报告,群益证券,王睿哲,2021Q4,420900.0,,54100.0,42000.0,3.5,19.0,0.0,,,买入,,84.0
002959.SZ,小熊电器,20200225,小熊电器：2019净利同比增长40％，好于预期,点评,首份报告,群益证券,王睿哲,2020Q4,340700.0,,42800.0,33400.0,2.8,25.0,0.0,,,买入,,84.0
002959.SZ,小熊电器,20200225,小熊电器：2019净利同比增长40％，好于预期,点评,首份报告,群益证券,王睿哲,2019Q4,269200.0,,32600.0,26000.0,2.17,31.52,0.0,,,买入,,84.0
300326.SZ,凯利泰,20200225,凯利泰：椎间孔镜开疆拓土，椎体成形更上层楼,深度,首份报告,国信证券,"谢长雁,李虹达",2019Q4,116755.0,74000.0,34600.0,30235.0,0.42,46.63,0.2,10.9,40.88,买入,,
600298.SH,安琪酵母,20200225,安琪酵母：小包装热销，全年经营目标不变,点评,一般报告,群益证券,顾向君,2021Q4,1012100.0,,152000.0,124600.0,1.51,20.0,1.74,,,买入,,34.0
600298.SH,安琪酵母,20200225,安琪酵母：小包装热销，全年经营目标不变,点评,一般报告,群益证券,顾向君,2020Q4,879000.0,,125900.0,102900.0,1.25,24.0,1.44,,,买入,,34.0
300326.SZ,凯利泰,20200225,凯利泰：椎间孔镜开疆拓土，椎体成形更上层楼,深度,首份报告,国信证券,"谢长雁,李虹达",2021Q4,179077.0,120200.0,59200.0,51772.0,0.72,27.23,0.3,14.36,24.55,买入,,
300326.SZ,凯利泰,20200225,凯利泰：椎间孔镜开疆拓土，椎体成形更上层楼,深度,首份报告,国信证券,"谢长雁,李虹达",2020Q4,143654.0,94300.0,45400.0,39712.0,0.55,35.5,0.3,12.67,31.23,买入,,
002683.SZ,宏大爆破,20200225,宏大爆破：不再是单品逻辑，向平台化、集团式发展的军工企业跨越,点评,一般报告,国盛证券,余平,2021Q4,965000.0,,97400.0,68900.0,0.97,38.5,,16.6,19.7,买入,,
002683.SZ,宏大爆破,20200225,宏大爆破：不再是单品逻辑，向平台化、集团式发展的军工企业跨越,点评,一般报告,国盛证券,余平,2020Q4,740500.0,,64100.0,45300.0,0.64,58.5,,13.0,28.1,买入,,
600298.SH,安琪酵母,20200225,安琪酵母：小包装热销，全年经营目标不变,点评,一般报告,群益证券,顾向君,2019Q4,763500.0,,114300.0,92900.0,1.13,26.0,1.3,,,买入,,34.0
002683.SZ,宏大爆破,20200225,宏大爆破：不再是单品逻辑，向平台化、集团式发展的军工企业跨越,点评,一般报告,国盛证券,余平,2019Q4,584300.0,,42900.0,30300.0,0.43,87.4,,10.0,38.2,买入,,
300383.SZ,光环新网,20200225,光环新网：业绩基本符合预期，IDC业务稳步推进,点评,一般报告,财信证券,"黄红卫,张看",2021Q4,1083477.0,,,126258.0,0.82,32.81,,,21.65,谨慎推荐,,
300383.SZ,光环新网,20200225,光环新网：业绩基本符合预期，IDC业务稳步推进,点评,一般报告,财富证券,"黄红卫,张看",2020Q4,874477.0,,,101182.0,0.66,40.94,,,25.66,谨慎推荐,,
300383.SZ,光环新网,20200225,光环新网：业绩基本符合预期，IDC业务稳步推进,点评,一般报告,财富证券,"黄红卫,张看",2019Q4,713305.0,,,82151.0,0.53,50.82,,,31.96,谨慎推荐,,
002352.SZ,顺丰控股,20200225,顺丰控股：1月快递业务量同比＋40.45％，重申“买入”评级,点评,一般报告,华西证券,"丁一洪,卓乃建,洪奕昕,李承鹏",2021Q4,16803391.0,,1010810.0,784877.0,1.78,25.85,,13.93,,买入,,
002352.SZ,顺丰控股,20200225,顺丰控股：1月快递业务量同比＋40.45％，重申“买入”评级,点评,一般报告,华西证券,"丁一洪,卓乃建,洪奕昕,李承鹏",2020Q4,13743373.0,,856462.0,665028.0,1.51,30.51,,13.72,,买入,,
002352.SZ,顺丰控股,20200225,顺丰控股：1月快递业务量同比＋40.45％，重申“买入”评级,点评,一般报告,华西证券,"丁一洪,卓乃建,洪奕昕,李承鹏",2019Q4,11219300.0,,746561.0,579692.0,1.31,35.0,,13.86,,买入,,
002352.SZ,顺丰控股,20200225,顺丰控股：19年净利润增长27％，疫情助推线上消费带动快递需求增加,点评,一般报告,群益证券,张楠,2021Q4,14965532.0,3056182.0,973662.0,788700.0,1.79,25.73,0.44,,,买入,,55.0
002352.SZ,顺丰控股,20200225,顺丰控股：19年净利润增长27％，疫情助推线上消费带动快递需求增加,点评,一般报告,群益证券,张楠,2020Q4,13279088.0,2602844.0,837050.0,678000.0,1.54,29.92,0.44,,,买入,,55.0
002352.SZ,顺丰控股,20200225,顺丰控股：19年净利润增长27％，疫情助推线上消费带动快递需求增加,点评,一般报告,群益证券,张楠,2019Q4,11219300.0,2124636.0,742600.0,579700.0,1.31,35.0,0.44,,,买入,,55.0
603719.SH,良品铺子,20200225,良品铺子：定位高端零食，供应链与渠道齐发力,一般,首次关注,新时代证券,"陈文倩,孙颖",2021Q4,1116300.0,,84300.0,44500.0,1.11,,,19.8,,推荐,,
600009.SH,上海机场,20200225,上海机场：19年净利润增速18.9％，疫情短期冲击不改长期投资价值,点评,一般报告,群益证券,张楠,2021Q4,1378446.0,705666.0,798413.0,605516.0,3.14,22.24,1.26,,,买入,,76.0
600009.SH,上海机场,20200225,上海机场：19年净利润增速18.9％，疫情短期冲击不改长期投资价值,点评,一般报告,群益证券,张楠,2020Q4,1143172.0,505953.0,603481.0,457680.0,2.38,29.42,1.14,,,买入,,76.0
600009.SH,上海机场,20200225,上海机场：19年净利润增速18.9％，疫情短期冲击不改长期投资价值,点评,一般报告,群益证券,张楠,2019Q4,1094467.0,561007.0,666756.0,503019.0,2.61,30.17,0.92,,,买入,,76.0
603719.SH,良品铺子,20200225,良品铺子：定位高端零食，供应链与渠道齐发力,一般,首次关注,新时代证券,"陈文倩,孙颖",2020Q4,930300.0,,72000.0,39300.0,0.98,,,21.7,,推荐,,
603719.SH,良品铺子,20200225,良品铺子：定位高端零食，供应链与渠道齐发力,一般,首次关注,新时代证券,"陈文倩,孙颖",2019Q4,772000.0,,60800.0,33900.0,0.85,,,23.8,,推荐,,
300037.SZ,新宙邦,20200225,新宙邦公司动态点评：Maxwell重要供应商，20年海外电解液业绩有望超预期,点评,一般报告,长城证券,"马晓明,蔡紫豪",2019Q4,258088.0,,36914.0,32300.0,0.85,55.14,,10.7,36.5,推荐,,
002705.SZ,新宝股份,20200225,新宝股份：内销市场高增长验证自主品牌价值,点评,一般报告,华西证券,"汪玲,王映雪,段家琪",2021Q4,1164838.0,,136045.0,115845.0,1.45,13.49,,17.48,,买入,,
002705.SZ,新宝股份,20200225,新宝股份：内销市场高增长验证自主品牌价值,点评,一般报告,华西证券,"汪玲,王映雪,段家琪",2020Q4,1014839.0,,105146.0,89534.0,1.12,17.46,,16.37,,买入,,
002705.SZ,新宝股份,20200225,新宝股份：内销市场高增长验证自主品牌价值,点评,一般报告,华西证券,"汪玲,王映雪,段家琪",2019Q4,912791.0,,80830.0,68828.0,0.86,22.71,,15.05,,买入,,
300699.SZ,光威复材,20200225,光威复材：19年净利润同比增38％，看好碳纤维龙头成长空间,点评,首份报告,群益证券,罗健,2021Q4,289808.0,,94894.0,81724.0,1.58,35.74,1.77,,,买入,,65.0
300699.SZ,光威复材,20200225,光威复材：19年净利润同比增38％，看好碳纤维龙头成长空间,点评,首份报告,群益证券,罗健,2020Q4,228157.0,,75912.0,65377.0,1.26,44.68,1.42,,,买入,,65.0
300699.SZ,光威复材,20200225,光威复材：19年净利润同比增38％，看好碳纤维龙头成长空间,点评,首份报告,群益证券,罗健,2019Q4,171495.0,,60290.0,51923.0,1.0,56.25,1.15,,,买入,,65.0
300383.SZ,光环新网,20200225,光环新网：收入结构稳定，内生利润增速较稳定,点评,一般报告,广发证券,"刘雪峰,庞倩倩",2021Q4,1071600.0,,154600.0,130900.0,0.85,34.17,,12.3,20.94,增持,,32.94
300383.SZ,光环新网,20200225,光环新网：收入结构稳定，内生利润增速较稳定,点评,一般报告,广发证券,"刘雪峰,庞倩倩",2020Q4,874500.0,,120000.0,101600.0,0.66,44.01,,10.9,24.45,增持,,32.94
300383.SZ,光环新网,20200225,光环新网：收入结构稳定，内生利润增速较稳定,点评,一般报告,广发证券,"刘雪峰,庞倩倩",2019Q4,713300.0,,97100.0,82200.0,0.53,54.43,,9.8,30.78,增持,,32.94
300363.SZ,博腾股份,20200225,博腾股份：业绩大幅增长经营拐点进一步确认，深耕CDMO优质赛道成长空间广阔,点评,一般报告,华西证券,崔文亮,2021Q4,264093.0,,40540.0,33526.0,0.62,38.74,,9.17,,买入,,
300037.SZ,新宙邦,20200225,新宙邦公司动态点评：Maxwell重要供应商，20年海外电解液业绩有望超预期,点评,一般报告,长城证券,"马晓明,蔡紫豪",2020Q4,323152.0,,50919.0,44700.0,1.18,39.86,,13.1,27.01,推荐,,
300363.SZ,博腾股份,20200225,博腾股份：业绩大幅增长经营拐点进一步确认，深耕CDMO优质赛道成长空间广阔,点评,一般报告,华西证券,崔文亮,2019Q4,155130.0,,22471.0,18556.0,0.34,69.99,,6.04,,买入,,
600196.SH,复星医药,20200225,复星医药：国内首个CAR－T产品报批，利于估值提升,点评,一般报告,群益证券,王睿哲,2020Q4,3863100.0,,489900.0,358000.0,1.4,19.18,1.56,,,买入,,34.0
600196.SH,复星医药,20200225,复星医药：国内首个CAR－T产品报批，利于估值提升,点评,一般报告,群益证券,王睿哲,2019Q4,3088000.0,,579500.0,425800.0,1.66,16.13,1.86,,,买入,,34.0
300188.SZ,美亚柏科,20200225,美亚柏科：结构调整或有成效，下游支出是关键,点评,一般报告,广发证券,"刘雪峰,庞倩倩",2021Q4,340000.0,,52400.0,48900.0,0.61,28.15,,13.6,23.99,增持,,26.27
300188.SZ,美亚柏科,20200225,美亚柏科：结构调整或有成效，下游支出是关键,点评,一般报告,广发证券,"刘雪峰,庞倩倩",2020Q4,267600.0,,41300.0,38400.0,0.48,35.8,,12.4,32.18,增持,,26.27
300188.SZ,美亚柏科,20200225,美亚柏科：结构调整或有成效，下游支出是关键,点评,一般报告,广发证券,"刘雪峰,庞倩倩",2019Q4,206700.0,,30800.0,28800.0,0.36,47.73,,10.6,45.5,增持,,26.27
300363.SZ,博腾股份,20200225,博腾股份：业绩大幅增长经营拐点进一步确认，深耕CDMO优质赛道成长空间广阔,点评,一般报告,华西证券,崔文亮,2020Q4,206323.0,,30039.0,24842.0,0.46,52.28,,7.48,,买入,,
300037.SZ,新宙邦,20200225,新宙邦公司动态点评：Maxwell重要供应商，20年海外电解液业绩有望超预期,点评,一般报告,长城证券,"马晓明,蔡紫豪",2021Q4,413182.0,,58413.0,51300.0,1.35,34.75,,13.3,22.88,推荐,,
601100.SH,恒立液压,20200225,Jiangsu_Hengli_Hydraulic_Co：Conference_call_takeaways：Signs_of_a_likely_speedy_recovery_ahead；CL－Buy,点评,一般报告,高盛集团（Goldman Sachs）,"Nick Zheng,Crystal Lu",2020Q4,739720.0,,,,2.03,,1.7,,,Buy,,58.2
601100.SH,恒立液压,20200225,Jiangsu_Hengli_Hydraulic_Co：Conference_call_takeaways：Signs_of_a_likely_speedy_recovery_ahead；CL－Buy,点评,一般报告,高盛集团（Goldman Sachs）,"Nick Zheng,Crystal Lu",2020Q1,,,,,0.5,,,,,Buy,,58.2
601100.SH,恒立液压,20200225,Jiangsu_Hengli_Hydraulic_Co：Conference_call_takeaways：Signs_of_a_likely_speedy_recovery_ahead；CL－Buy,点评,一般报告,高盛集团（Goldman Sachs）,"Nick Zheng,Crystal Lu",2019Q4,573080.0,,,,1.51,,1.1,,,Buy,,58.2
688021.SH,奥福环保,20200225,奥福环保：业绩快报符合预期，产能投放保障公司发展,,一般报告,中泰证券,"谢楠,张波",2021Q4,43500.0,21900.0,12400.0,9800.0,1.27,37.17,,17.06,,买入,,
688021.SH,奥福环保,20200225,奥福环保：业绩快报符合预期，产能投放保障公司发展,,一般报告,中泰证券,"谢楠,张波",2019Q4,26800.0,12900.0,6500.0,5100.0,0.67,70.91,,13.75,,买入,,
603960.SH,克来机电,20200225,克来机电：国内汽车电子自动化龙头，新能源汽车促发展,深度,首次关注,中泰证券,"冯胜,王可",2021Q4,140300.0,40100.0,22100.0,18900.0,1.06,37.09,,17.51,,增持,,
603960.SH,克来机电,20200225,克来机电：国内汽车电子自动化龙头，新能源汽车促发展,深度,首次关注,中泰证券,"冯胜,王可",2020Q4,107600.0,30500.0,16700.0,14300.0,0.8,49.13,,16.02,,增持,,
603960.SH,克来机电,20200225,克来机电：国内汽车电子自动化龙头，新能源汽车促发展,深度,首次关注,中泰证券,"冯胜,王可",2019Q4,80300.0,21900.0,11400.0,10300.0,0.59,67.13,,15.11,,增持,,
688021.SH,奥福环保,20200225,奥福环保：业绩快报符合预期，产能投放保障公司发展,,一般报告,中泰证券,"谢楠,张波",2020Q4,32100.0,15800.0,8600.0,6600.0,0.85,55.35,,13.82,,买入,,
601100.SH,恒立液压,20200225,Jiangsu_Hengli_Hydraulic_Co：Conference_call_takeaways：Signs_of_a_likely_speedy_recovery_ahead；CL－Buy,点评,一般报告,高盛集团（Goldman Sachs）,"Nick Zheng,Crystal Lu",2021Q4,896460.0,,,,2.66,,2.4,,,Buy,,58.2
603983.SH,丸美股份,20200225,丸美股份：明眸善睐，国内眼部护理领军者,深度,首次关注,东北证券,"李慧,李森蔓",2021Q4,268332.0,,86600.0,73600.0,1.84,42.09,0.0,17.97,,买入,,89.0
603983.SH,丸美股份,20200225,丸美股份：明眸善睐，国内眼部护理领军者,深度,首次关注,东北证券,"李慧,李森蔓",2020Q4,219030.0,,72100.0,61300.0,1.53,50.54,0.0,18.24,,买入,,89.0
603983.SH,丸美股份,20200225,丸美股份：明眸善睐，国内眼部护理领军者,深度,首次关注,东北证券,"李慧,李森蔓",2019Q4,185789.0,,62300.0,52900.0,1.32,58.57,0.0,19.27,,买入,,89.0
002352.SZ,顺丰控股,20200225,顺丰控股：2019扣非净利同增20.78%，利润率有望随疫情缓和逐月提升,点评,一般报告,广发证券,"关鹏,曾靖珂",2021Q4,16954916.0,,1034100.0,807222.0,1.83,25.16,,14.4,63.39,增持,,48.68
002352.SZ,顺丰控股,20200225,顺丰控股：2019扣非净利同增20.78%，利润率有望随疫情缓和逐月提升,点评,一般报告,广发证券,"关鹏,曾靖珂",2020Q4,14674191.0,,861000.0,672153.0,1.52,30.21,,14.0,88.78,增持,,48.68
002352.SZ,顺丰控股,20200225,顺丰控股：2019扣非净利同增20.78%，利润率有望随疫情缓和逐月提升,点评,一般报告,广发证券,"关鹏,曾靖珂",2019Q4,11219125.0,,742500.0,579656.0,1.31,35.04,,14.0,113.93,增持,,48.68
688123.SH,聚辰股份,20200225,聚辰股份：全球领先手机摄像头用EEPROM设计企业,,首份报告,中金,"丁宁,黄乐平,成乔升,姚逊宇",2021Q4,77000.0,29400.0,14600.0,13400.0,1.11,84.1,0.1,10.2,79.1,跑赢行业,,100.0
688123.SH,聚辰股份,20200225,聚辰股份：全球领先手机摄像头用EEPROM设计企业,,首份报告,中金,"丁宁,黄乐平,成乔升,姚逊宇",2020Q4,60700.0,23500.0,12500.0,11300.0,0.94,99.6,0.1,9.5,95.3,跑赢行业,,100.0
688123.SH,聚辰股份,20200225,聚辰股份：全球领先手机摄像头用EEPROM设计企业,,首份报告,中金,"丁宁,黄乐平,成乔升,姚逊宇",2019Q4,50800.0,21500.0,11200.0,9600.0,0.79,118.1,0.1,12.9,99.1,跑赢行业,,100.0
200596.SZ,古井贡B,20200225,古井贡B：享受次高端放量和全国化扩张双重红利,一般,首份报告,中金,"吕若晨,周悦琅",2021Q4,1377800.0,,459900.0,334000.0,6.632,19.2,2.5,28.4,13.2,跑赢行业,,140.5
200596.SZ,古井贡B,20200225,古井贡B：享受次高端放量和全国化扩张双重红利,一般,首份报告,中金,"吕若晨,周悦琅",2020Q4,1151000.0,,358300.0,260200.0,5.167,24.6,1.9,26.3,17.5,跑赢行业,,140.5
200596.SZ,古井贡B,20200225,古井贡B：享受次高端放量和全国化扩张双重红利,一般,首份报告,中金,"吕若晨,周悦琅",2019Q4,1046800.0,,312500.0,226600.0,4.5,28.3,1.6,27.1,20.3,跑赢行业,,140.5
002677.SZ,浙江美大,20200225,浙江美大：品类优化，Q4业绩快速增长,点评,一般报告,安信证券,"张立聪,李奕臻",2021Q4,244000.0,,78000.0,66000.0,1.03,11.7,6.8,36.3,7.4,买入,,15.48
002677.SZ,浙江美大,20200225,浙江美大：品类优化，Q4业绩快速增长,点评,一般报告,安信证券,"张立聪,李奕臻",2020Q4,203000.0,,65000.0,56000.0,0.86,14.0,5.7,32.8,9.3,买入,,15.48
000596.SZ,古井贡酒,20200225,古井贡酒：享受次高端放量和全国化扩张双重红利,一般,一般报告,中金,"吕若晨,周悦琅",2021Q4,1377800.0,,459900.0,334000.0,6.63,19.2,2.5,28.4,13.2,跑赢行业,,140.5
000596.SZ,古井贡酒,20200225,古井贡酒：享受次高端放量和全国化扩张双重红利,一般,一般报告,中金,"吕若晨,周悦琅",2020Q4,1151000.0,,358300.0,260200.0,5.17,24.6,1.9,26.3,17.5,跑赢行业,,140.5
000596.SZ,古井贡酒,20200225,古井贡酒：享受次高端放量和全国化扩张双重红利,一般,一般报告,中金,"吕若晨,周悦琅",2019Q4,1046800.0,,312500.0,226600.0,4.5,28.3,1.6,27.1,20.3,跑赢行业,,140.5
688166.SH,博瑞医药,20200225,博瑞医药：业绩52%增长符合预期，公司处于快速扩张期有望延续高增长,,首份报告,方正证券,"周小刚,陈林颀",2021Q4,85635.0,,28882.0,25416.0,0.62,105.5,,12.0,,强烈推荐,,
688166.SH,博瑞医药,20200225,博瑞医药：业绩52%增长符合预期，公司处于快速扩张期有望延续高增长,,首份报告,方正证券,"周小刚,陈林颀",2020Q4,65100.0,,19214.0,16908.0,0.41,158.58,,9.0,,强烈推荐,,
688166.SH,博瑞医药,20200225,博瑞医药：业绩52%增长符合预期，公司处于快速扩张期有望延续高增长,,首份报告,方正证券,"周小刚,陈林颀",2019Q4,50316.0,,12142.0,11112.0,0.27,241.31,,6.0,,强烈推荐,,
300058.SZ,蓝色光标,20200225,蓝色光标：出海及短视频营销驱动业绩高增长，持续受益行业发展,点评,一般报告,广发证券,"旷实,叶敏婷",2020Q4,3494900.0,,97300.0,74500.0,0.3,24.24,,8.9,13.9,买入,,8.97
300058.SZ,蓝色光标,20200225,蓝色光标：出海及短视频营销驱动业绩高增长，持续受益行业发展,点评,一般报告,广发证券,"旷实,叶敏婷",2019Q4,2808500.0,,94400.0,72000.0,0.29,25.08,,9.4,17.81,买入,,8.97
300033.SZ,同花顺,20200225,同花顺：互联网基因，流量变现能力增强,一般,一般报告,华泰证券,"谢春生,郭雅丽,郭梁良,金兴",2022Q4,387100.0,,290300.0,273400.0,5.09,28.71,,26.89,29.18,增持,169.65,156.6
300033.SZ,同花顺,20200225,同花顺：互联网基因，流量变现能力增强,一般,一般报告,华泰证券,"谢春生,郭雅丽,郭梁良,金兴",2021Q4,299500.0,,217700.0,205000.0,3.81,38.28,,27.58,38.51,增持,169.65,156.6
002850.SZ,科达利,20200225,科达利业绩快报点评：龙头回归，业绩靓丽,点评,一般报告,东吴证券,曾朵红,2021Q4,431300.0,,62100.0,51000.0,2.43,27.51,,16.4,17.0,买入,,86.0
002850.SZ,科达利,20200225,科达利业绩快报点评：龙头回归，业绩靓丽,点评,一般报告,东吴证券,曾朵红,2020Q4,326500.0,,44100.0,36200.0,1.72,38.77,,13.2,23.0,买入,,86.0
002850.SZ,科达利,20200225,科达利业绩快报点评：龙头回归，业绩靓丽,点评,一般报告,东吴证券,曾朵红,2019Q4,231800.0,,29300.0,23900.0,1.14,58.7,,9.7,32.0,买入,,86.0
002777.SZ,久远银海,20200225,久远银海：业绩符合预期，医保和民政业务有望驱动业绩加速增长,点评,一般报告,安信证券,"胡又文,凌晨",2021Q4,171770.0,,34800.0,27250.0,1.21,35.4,0.6,17.6,24.7,买入,,55.0
603859.SH,能科股份,20200225,能科股份：聚焦智能制造，伴随工业互联落地扬帆起航,深度,首次关注,安信证券,"夏庐生,彭虎,杨臻",2021Q4,158500.0,,30020.0,21400.0,1.538,20.7,0.6,19.7,9.8,增持,,
603859.SH,能科股份,20200225,能科股份：聚焦智能制造，伴随工业互联落地扬帆起航,深度,首次关注,安信证券,"夏庐生,彭虎,杨臻",2020Q4,108240.0,,17810.0,12620.0,0.907,35.1,0.4,14.0,15.1,增持,,
603859.SH,能科股份,20200225,能科股份：聚焦智能制造，伴随工业互联落地扬帆起航,深度,首次关注,安信证券,"夏庐生,彭虎,杨臻",2019Q4,85080.0,,12930.0,9110.0,0.655,48.6,0.3,11.6,22.3,增持,,
603859.SH,能科股份,20200225,能科股份：5G助燃工业互联网新星,一般,首次关注,华泰证券,"谢春生,郭雅丽,郭梁良,金兴",2021Q4,137866.0,,20251.0,16115.0,1.16,33.66,,11.97,18.58,买入,48.95,44.5
603859.SH,能科股份,20200225,能科股份：5G助燃工业互联网新星,一般,首次关注,华泰证券,"谢春生,郭雅丽,郭梁良,金兴",2020Q4,106161.0,,15316.0,12420.0,0.89,43.67,,10.38,25.3,买入,48.95,44.5
603859.SH,能科股份,20200225,能科股份：5G助燃工业互联网新星,一般,首次关注,华泰证券,"谢春生,郭雅丽,郭梁良,金兴",2019Q4,81097.0,,11738.0,9251.0,0.66,58.63,,8.56,37.86,买入,48.95,44.5
300815.SZ,玉禾田,20200225,玉禾田：环卫服务快速扩张，精细化运营助推高回报,深度,首份报告,安信证券,"邵琳琳,汪磊",2021Q4,620850.0,,77380.0,58130.0,4.2,21.2,0.0,28.4,11.9,买入,,106.8
300815.SZ,玉禾田,20200225,玉禾田：环卫服务快速扩张，精细化运营助推高回报,深度,首份报告,安信证券,"邵琳琳,汪磊",2020Q4,493690.0,,57760.0,43390.0,3.14,28.4,0.0,29.5,15.8,买入,,106.8
300815.SZ,玉禾田,20200225,玉禾田：环卫服务快速扩张，精细化运营助推高回报,深度,首份报告,安信证券,"邵琳琳,汪磊",2019Q4,394410.0,,42760.0,31820.0,2.2991,29.0,0.0,31.8,15.2,买入,,106.8
002465.SZ,海格通信,20200225,海格通信：北斗导航全球组网在即，芯片业务助力军用通信龙头新增长,深度,一般报告,申万宏源证券,"王加煨,高晗",2020Q4,557878.0,216930.0,80000.0,69200.0,0.3,45.0,,7.2,,买入,,
300394.SZ,天孚通信,20200225,天孚通信：业绩符合预期，新产品线拓展顺利助推业绩持续稳健增长,点评,一般报告,东吴证券,"侯宾,姚久花",2021Q4,86700.0,,31000.0,26800.0,1.35,39.23,,17.9,30.14,买入,,
300394.SZ,天孚通信,20200225,天孚通信：业绩符合预期，新产品线拓展顺利助推业绩持续稳健增长,点评,一般报告,东吴证券,"侯宾,姚久花",2020Q4,68200.0,,24500.0,21100.0,1.06,49.77,,16.3,38.65,买入,,
300394.SZ,天孚通信,20200225,天孚通信：业绩符合预期，新产品线拓展顺利助推业绩持续稳健增长,点评,一般报告,东吴证券,"侯宾,姚久花",2019Q4,52100.0,,19000.0,16300.0,0.82,64.3,,14.1,49.65,买入,,
300144.SZ,宋城演艺,20200225,宋城演艺公司事件点评：获补贴对冲业绩影响，疫情不改长期加速逻辑,点评,一般报告,国泰君安,"刘越男,于清泰",Q,,,,,,,,,,增持,,34.65
002690.SZ,美亚光电,20200225,美亚光电：口腔数字化前景广阔，看好公司成长空间,点评,一般报告,招商证券,"诸凯,吴丹,刘荣,时文博",2021Q4,220300.0,,91500.0,78600.0,1.16,33.6,,21.4,2.4,强烈推荐,,
002777.SZ,久远银海,20200225,久远银海：业绩符合预期，医保和民政业务有望驱动业绩加速增长,点评,一般报告,安信证券,"胡又文,凌晨",2020Q4,132130.0,,26990.0,21130.0,0.94,45.6,0.4,16.0,31.8,买入,,55.0
002777.SZ,久远银海,20200225,久远银海：业绩符合预期，医保和民政业务有望驱动业绩加速增长,点评,一般报告,安信证券,"胡又文,凌晨",2019Q4,101640.0,,20530.0,16080.0,0.72,59.9,0.3,14.0,44.7,买入,,55.0
002690.SZ,美亚光电,20200225,美亚光电：口腔数字化前景广阔，看好公司成长空间,点评,一般报告,招商证券,"诸凯,吴丹,刘荣,时文博",2020Q4,182400.0,,76400.0,65800.0,0.97,40.1,,21.5,2.8,强烈推荐,,
002690.SZ,美亚光电,20200225,美亚光电：口腔数字化前景广阔，看好公司成长空间,点评,一般报告,招商证券,"诸凯,吴丹,刘荣,时文博",2019Q4,150500.0,,63100.0,54400.0,0.81,48.5,,21.3,3.4,强烈推荐,,
002459.SZ,晶澳科技,20200225,晶澳科技：全球领先的光伏组件供应商，多环节扩产加速成长,深度,首次关注,申万宏源证券,"韩启明,张雷",2021Q4,3797100.0,,211300.0,180000.0,1.34,13.0,,15.9,,买入,,
002459.SZ,晶澳科技,20200225,晶澳科技：全球领先的光伏组件供应商，多环节扩产加速成长,深度,首次关注,申万宏源证券,"韩启明,张雷",2020Q4,2782900.0,,164300.0,140000.0,1.04,17.0,,14.7,,买入,,
002459.SZ,晶澳科技,20200225,晶澳科技首次覆盖报告：垂直一体化光伏龙头，私有化回A开启新征程,一般,首次关注,新时代证券,"开文明,丁亚",2020Q4,2607700.0,,192500.0,147800.0,1.1,15.9,,40.0,11.7,强烈推荐,,
002459.SZ,晶澳科技,20200225,晶澳科技首次覆盖报告：垂直一体化光伏龙头，私有化回A开启新征程,一般,首次关注,新时代证券,"开文明,丁亚",2019Q4,2068700.0,,146400.0,111300.0,0.83,21.1,,48.0,14.6,强烈推荐,,
603700.SH,宁波水表,20200225,宁波水表首次覆盖：智能水表加速成长，行业龙头享受红利,深度,首次关注,西部证券,"雒雅梅,张杨",2021Q4,219900.0,,41300.0,35600.0,2.27,15.2,,22.4,,买入,,48.72
300058.SZ,蓝色光标,20200225,蓝色光标：出海及短视频营销驱动业绩高增长，持续受益行业发展,点评,一般报告,广发证券,"旷实,叶敏婷",2021Q4,4282400.0,,118700.0,90700.0,0.36,19.9,,9.8,10.49,买入,,8.97
603700.SH,宁波水表,20200225,宁波水表首次覆盖：智能水表加速成长，行业龙头享受红利,深度,首次关注,西部证券,"雒雅梅,张杨",2020Q4,168200.0,,31600.0,27200.0,1.74,19.9,,19.7,,买入,,48.72
603700.SH,宁波水表,20200225,宁波水表首次覆盖：智能水表加速成长，行业龙头享受红利,深度,首次关注,西部证券,"雒雅梅,张杨",2019Q4,132800.0,,24600.0,21200.0,1.35,25.5,,23.4,,买入,,48.72
300383.SZ,光环新网,20200225,"光环新网2019年度业绩快报点评：业绩快报符合预期，疫情之下,5G＆云计算加速发展的核心基础设施",点评,一般报告,华创证券,"桑梓,韩东",2021Q4,1247100.0,,150700.0,127200.0,0.82,36.0,,11.5,22.0,强推,,34.0
300383.SZ,光环新网,20200225,"光环新网2019年度业绩快报点评：业绩快报符合预期，疫情之下,5G＆云计算加速发展的核心基础设施",点评,一般报告,华创证券,"桑梓,韩东",2020Q4,963400.0,,118800.0,100400.0,0.65,45.0,,10.2,27.0,强推,,34.0
002677.SZ,浙江美大,20200225,浙江美大：品类优化，Q4业绩快速增长,点评,一般报告,安信证券,"张立聪,李奕臻",2019Q4,169000.0,,54000.0,46000.0,0.71,16.8,4.7,29.2,11.2,买入,,15.48
300033.SZ,同花顺,20200225,同花顺：互联网基因，流量变现能力增强,一般,一般报告,华泰证券,"谢春生,郭雅丽,郭梁良,金兴",2020Q4,227200.0,,148800.0,140100.0,2.61,56.01,,26.06,56.31,增持,169.65,156.6
002465.SZ,海格通信,20200225,海格通信：北斗导航全球组网在即，芯片业务助力军用通信龙头新增长,深度,一般报告,申万宏源证券,"王加煨,高晗",2021Q4,678106.0,269741.0,102600.0,89000.0,0.39,34.0,,8.5,,买入,,
002465.SZ,海格通信,20200225,海格通信：北斗导航全球组网在即，芯片业务助力军用通信龙头新增长,深度,一般报告,申万宏源证券,"王加煨,高晗",2019Q4,462270.0,176851.0,59900.0,51800.0,0.22,61.0,,5.8,,买入,,
002459.SZ,晶澳科技,20200225,晶澳科技：全球领先的光伏组件供应商，多环节扩产加速成长,深度,首次关注,申万宏源证券,"韩启明,张雷",2019Q4,2092700.0,,119500.0,102000.0,0.76,23.0,,12.6,,买入,,
002459.SZ,晶澳科技,20200225,晶澳科技首次覆盖报告：垂直一体化光伏龙头，私有化回A开启新征程,一般,首次关注,新时代证券,"开文明,丁亚",2021Q4,3021800.0,,242400.0,186200.0,1.39,12.6,,34.3,8.7,强烈推荐,,
300045.SZ,华力创通,20200225,华力创通：重点布局卫星应用通导遥芯片产业,点评,一般报告,东兴证券,"陆洲,刘彬,朱雨时",2021Q4,104299.0,,24900.0,21938.0,0.36,41.35,,11.26,32.52,强烈推荐,,
300188.SZ,美亚柏科,20200225,美亚柏科：拐点向上，Q4收入增长37%,点评,一般报告,华泰证券,"谢春生,郭雅丽,郭梁良,金兴",2020Q4,290000.0,,46321.0,42611.0,0.53,44.76,,13.37,38.69,买入,27.03,27.03
300045.SZ,华力创通,20200225,华力创通：重点布局卫星应用通导遥芯片产业,点评,一般报告,东兴证券,"陆洲,刘彬,朱雨时",2019Q4,77047.0,,-16000.0,-14303.0,-0.23,,,-7.7,,强烈推荐,,
300188.SZ,美亚柏科,20200225,美亚柏科：拐点向上，Q4收入增长37%,点评,一般报告,华泰证券,"谢春生,郭雅丽,郭梁良,金兴",2019Q4,206500.0,,31398.0,28835.0,0.36,66.14,,10.35,57.43,买入,27.03,27.03
300383.SZ,光环新网,20200225,"光环新网2019年度业绩快报点评：业绩快报符合预期，疫情之下,5G＆云计算加速发展的核心基础设施",点评,一般报告,华创证券,"桑梓,韩东",2019Q4,713300.0,,97800.0,82200.0,0.53,55.0,,9.3,33.0,强推,,34.0
300188.SZ,美亚柏科,20200225,美亚柏科：拐点向上，Q4收入增长37%,点评,一般报告,华泰证券,"谢春生,郭雅丽,郭梁良,金兴",2021Q4,389100.0,,60689.0,55843.0,0.69,34.15,,15.3,29.53,买入,27.03,27.03
300045.SZ,华力创通,20200225,华力创通：重点布局卫星应用通导遥芯片产业,点评,一般报告,东兴证券,"陆洲,刘彬,朱雨时",2020Q4,82796.0,,16700.0,14689.0,0.24,61.76,,7.76,45.72,强烈推荐,,
300609.SZ,汇纳科技,20200225,汇纳科技2020年限制性股票计划点评：限制性股票计划助力转云推进,点评,一般报告,光大证券,"卫书根,姜国平,万义麟",2020Q4,40100.0,,11500.0,10200.0,1.01,44.0,0.9,15.81,44.3,买入,,
300609.SZ,汇纳科技,20200225,汇纳科技2020年限制性股票计划点评：限制性股票计划助力转云推进,点评,一般报告,光大证券,"卫书根,姜国平,万义麟",2019Q4,31500.0,,7500.0,6700.0,0.66,67.0,0.6,11.69,72.5,买入,,
002705.SZ,新宝股份,20200225,新宝股份：内销增长强劲，盈利能力提升明显,点评,一般报告,中金,"何伟,韦一飞",2020Q4,1039800.0,,87100.0,73800.0,0.92,21.2,2.6,16.4,10.8,中性,,20.0
000725.SZ,京东方A,20200225,京东方A：Mate_Xs发布引领折叠屏趋势，京东方A迎来LCD、OLED双升！,点评,一般报告,申万宏源证券,梁爽,2021Q4,13417500.0,2530200.0,782400.0,660400.0,0.19,30.0,,6.6,,买入,,
688202.SH,美迪西,20200225,美迪西：收入增长提速，发展进入快车道,,首份报告,安信证券,"马帅,冯雪云",2020Q4,64050.0,,11090.0,9540.0,1.54,47.5,0.0,18.2,32.5,增持,,
300609.SZ,汇纳科技,20200225,汇纳科技2020年限制性股票计划点评：限制性股票计划助力转云推进,点评,一般报告,光大证券,"卫书根,姜国平,万义麟",2021Q4,53500.0,,17200.0,15400.0,1.52,29.0,1.4,20.28,28.5,买入,,
002705.SZ,新宝股份,20200225,新宝股份：内销增长强劲，盈利能力提升明显,点评,一般报告,中金,"何伟,韦一飞",2021Q4,1187100.0,,100500.0,85100.0,1.06,18.4,3.0,17.4,9.3,中性,,20.0
002705.SZ,新宝股份,20200225,新宝股份：内销增长强劲，盈利能力提升明显,点评,一般报告,中金,"何伟,韦一飞",2019Q4,912400.0,,79500.0,68700.0,0.86,22.8,2.4,16.7,11.9,中性,,20.0
000725.SZ,京东方A,20200225,京东方A：Mate_Xs发布引领折叠屏趋势，京东方A迎来LCD、OLED双升！,点评,一般报告,申万宏源证券,梁爽,2020Q4,13347200.0,2371000.0,592100.0,507400.0,0.15,38.0,,5.5,,买入,,
000725.SZ,京东方A,20200225,京东方A：Mate_Xs发布引领折叠屏趋势，京东方A迎来LCD、OLED双升！,点评,一般报告,申万宏源证券,梁爽,2019Q4,11814700.0,1687700.0,178300.0,205600.0,0.06,96.0,,2.3,,买入,,
601816.SH,京沪高铁,20200225,京沪高铁：对标日本铁路的启迪,深度,一般报告,兴业证券,"王春环,龚里,张晓云",2021Q4,4170200.0,,1648100.0,1299700.0,0.26,28.96,,6.9,,审慎增持,,
601816.SH,京沪高铁,20200225,京沪高铁：对标日本铁路的启迪,深度,一般报告,兴业证券,"王春环,龚里,张晓云",2020Q4,3415600.0,,1307400.0,1013700.0,0.21,35.86,,5.6,,审慎增持,,
601816.SH,京沪高铁,20200225,京沪高铁：对标日本铁路的启迪,深度,一般报告,兴业证券,"王春环,龚里,张晓云",2019Q4,3305000.0,,1600000.0,1200000.0,0.24,30.81,,7.9,,审慎增持,,
600732.SH,ST爱旭,20200225,ST爱旭：业绩高增长，激励出台定增加码,点评,一般报告,东吴证券,"曾朵红,曹越",2022Q4,2504500.0,,193900.0,174500.0,0.95,11.98,,25.9,8.23,买入,,
600732.SH,ST爱旭,20200225,ST爱旭：业绩高增长，激励出台定增加码,点评,一般报告,东吴证券,"曾朵红,曹越",2021Q4,1927500.0,,157400.0,141600.0,0.77,14.75,,28.3,9.32,买入,,
600732.SH,ST爱旭,20200225,ST爱旭：业绩高增长，激励出台定增加码,点评,一般报告,东吴证券,"曾朵红,曹越",2020Q4,1184900.0,,112800.0,101500.0,0.55,20.59,,28.3,15.19,买入,,
600732.SH,ST爱旭,20200225,ST爱旭：业绩高增长，激励出台定增加码,点评,一般报告,东吴证券,"曾朵红,曹越",2019Q4,606900.0,,65300.0,58500.0,0.32,35.71,,22.8,22.55,买入,,
300777.SZ,中简科技,20200225,中简科技：业绩符合预期，需求有望加速,点评,一般报告,兴业证券,"石康,李博彦",2021Q4,57000.0,,40800.0,35100.0,0.88,43.5,,22.53,,审慎增持,,
300777.SZ,中简科技,20200225,中简科技：业绩符合预期，需求有望加速,点评,一般报告,兴业证券,"石康,李博彦",2020Q4,34200.0,,23900.0,20600.0,0.51,74.1,,17.07,,审慎增持,,
300777.SZ,中简科技,20200225,中简科技：业绩符合预期，需求有望加速,点评,一般报告,兴业证券,"石康,李博彦",2019Q4,23400.0,,15900.0,13700.0,0.34,111.6,,13.66,,审慎增持,,
300659.SZ,中孚信息,20200225,中孚信息：安全保密行业领先者，受益于信创战略,一般,首次关注,中泰证券,"闻学臣,何柄谕,杨亚宇",2021Q4,145230.0,,34520.0,29960.0,2.26,37.9,,33.3,,买入,,
300659.SZ,中孚信息,20200225,中孚信息：安全保密行业领先者，受益于信创战略,一般,首次关注,中泰证券,"闻学臣,何柄谕,杨亚宇",2020Q4,93730.0,,22180.0,19640.0,1.48,57.8,,28.5,,买入,,
300659.SZ,中孚信息,20200225,中孚信息：安全保密行业领先者，受益于信创战略,一般,首次关注,中泰证券,"闻学臣,何柄谕,杨亚宇",2019Q4,60580.0,,13500.0,11970.0,0.9,94.9,,21.6,,买入,,
300119.SZ,瑞普生物,20200225,瑞普生物：重磅单品持续放量，多板块布局实现高增长,点评,一般报告,国金证券,"沈嘉妍,袁维",2021Q4,198900.0,110600.0,37900.0,30300.0,0.75,22.4,,13.3,,买入,,
300119.SZ,瑞普生物,20200225,瑞普生物：重磅单品持续放量，多板块布局实现高增长,点评,一般报告,国金证券,"沈嘉妍,袁维",2020Q4,175800.0,95300.0,31200.0,24700.0,0.612,27.4,,11.56,,买入,,
300119.SZ,瑞普生物,20200225,瑞普生物：重磅单品持续放量，多板块布局实现高增长,点评,一般报告,国金证券,"沈嘉妍,袁维",2019Q4,146700.0,74600.0,25100.0,19500.0,0.483,34.7,,9.66,,买入,,
002690.SZ,美亚光电,20200225,美亚光电：业绩符合预期，维持口腔行业景气度判断,点评,一般报告,国金证券,曾秋林,2021Q4,216300.0,122800.0,89600.0,77100.0,1.14,34.3,,27.17,,增持,,
002690.SZ,美亚光电,20200225,美亚光电：业绩符合预期，维持口腔行业景气度判断,点评,一般报告,国金证券,曾秋林,2020Q4,179200.0,101000.0,75000.0,64500.0,0.954,41.0,,25.39,,增持,,
002690.SZ,美亚光电,20200225,美亚光电：业绩符合预期，维持口腔行业景气度判断,点评,一般报告,国金证券,曾秋林,2019Q4,150500.0,84100.0,63400.0,54500.0,0.807,48.46,,23.04,,增持,,
002368.SZ,太极股份,20200225,太极股份深度报告：变革中的大型数字政务建设者,深度,一般报告,中信证券,"杨泽原,刘雯蜀,张帅",2021Q4,1288430.0,,97600.0,88769.0,2.14,24.0,,20.62,,买入,,69.0
002368.SZ,太极股份,20200225,太极股份深度报告：变革中的大型数字政务建设者,深度,一般报告,中信证券,"杨泽原,刘雯蜀,张帅",2020Q4,893028.0,,66000.0,60260.0,1.45,35.0,,16.75,,买入,,69.0
002368.SZ,太极股份,20200225,太极股份深度报告：变革中的大型数字政务建设者,深度,一般报告,中信证券,"杨泽原,刘雯蜀,张帅",2019Q4,671744.0,,38500.0,35159.0,0.85,60.0,,11.34,,买入,,69.0
688202.SH,美迪西,20200225,美迪西：收入增长提速，发展进入快车道,,首份报告,安信证券,"马帅,冯雪云",2021Q4,88740.0,,15510.0,13370.0,2.16,33.8,0.0,20.3,23.2,增持,,
300628.SZ,亿联网络,20200225,亿联网络：巨头加速进场合作大于竞争，产品不断升级海外业务进入全新成长赛道——2019年业绩快报点评,点评,一般报告,国泰君安,"程硕,马天诣",2019Q4,249300.0,,,125100.0,2.09,48.78,0.6,26.8,34.49,增持,,128.7
300595.SZ,欧普康视,20200225,欧普康视：业绩持续快速增长，高端产品占比提高带来盈利能力提升,点评,一般报告,中泰证券,"江琦,谢木青",2019Q4,64755.0,,34900.0,30700.0,0.76,73.72,,22.89,64.0,买入,,
300498.SZ,温氏股份,20200225,温氏股份2019年业绩快报点评：鸡猪共振，业绩佳报,点评,一般报告,国泰君安,"钟凯锋,李晓渊,鲁家瑞",2019Q4,7322800.0,,,1390600.0,2.62,13.51,1.7,31.0,11.8,增持,,49.61
300465.SZ,高伟达,20200225,高伟达：银行IT领军者，再战行业新周期,深度,首份报告,招商证券,刘玉萍,2021Q4,325057.0,,29800.0,24600.0,0.55,30.1,,14.3,25.8,强烈推荐,,
300465.SZ,高伟达,20200225,高伟达：银行IT领军者，再战行业新周期,深度,首份报告,招商证券,刘玉萍,2020Q4,249158.0,,22200.0,18300.0,0.41,40.5,,12.4,34.2,强烈推荐,,
300058.SZ,蓝色光标,20200225,蓝色光标：布局智能营销，出海与短视频驱动高增长——2019年业绩快报点评,点评,一般报告,国泰君安,"陈筱,苗瑜",2021Q4,4284400.0,,,93700.0,0.38,19.26,1.1,9.4,11.04,增持,,9.31
300058.SZ,蓝色光标,20200225,蓝色光标：布局智能营销，出海与短视频驱动高增长——2019年业绩快报点评,点评,一般报告,国泰君安,"陈筱,苗瑜",2020Q4,3688200.0,,,78700.0,0.32,22.94,0.7,8.5,13.25,增持,,9.31
603505.SH,金石资源,20200225,金石资源：萤石矿价格大幅上涨，公司价量齐升,点评,一般报告,兴业证券,"邱祖学,苏东,王丽佳",2019Q4,79100.0,,30900.0,23200.0,0.97,28.2,,22.5,,审慎增持,,
300623.SZ,捷捷微电,20200225,捷捷微电：四季度营收超预期,点评,一般报告,中泰证券,"刘翔,刘尚",2021Q4,116200.0,51500.0,38200.0,32600.0,1.07,41.7,,11.01,33.45,买入,,
300623.SZ,捷捷微电,20200225,捷捷微电：四季度营收超预期,点评,一般报告,中泰证券,"刘翔,刘尚",2020Q4,88000.0,38800.0,28900.0,24600.0,0.81,55.19,,9.35,45.2,买入,,
300623.SZ,捷捷微电,20200225,捷捷微电：四季度营收超预期,点评,一般报告,中泰证券,"刘翔,刘尚",2019Q4,67400.0,29900.0,22300.0,19000.0,0.62,71.46,,11.66,54.02,买入,,
601018.SH,宁波港,20200225,宁波港：计划引入战投上港集团，有利于中长期发展,点评,首份报告,兴业证券,"吉理,张晓云,龚里",2020Q4,2533800.0,,472300.0,337900.0,0.26,13.3,,7.9,,审慎增持,,
601018.SH,宁波港,20200225,宁波港：计划引入战投上港集团，有利于中长期发展,点评,首份报告,兴业证券,"吉理,张晓云,龚里",2019Q4,2438200.0,,469800.0,336300.0,0.26,13.4,,8.3,,审慎增持,,
601012.SH,隆基股份,20200225,隆基股份重大事项点评：并购拓展海外产能，应对高端市场需求爆发,点评,一般报告,华创证券,"胡毅,杨达伟",2021Q4,6538900.0,,916000.0,812500.0,2.15,15.0,,16.7,12.0,强推,,36.0
300115.SZ,长盈精密,20200225,长盈精密：5G手机、可穿戴增量可期，新能源车、自动化前景向好,点评,一般报告,中金,"胡誉镜,黄乐平,刘莹莹",2021Q4,1551500.0,394700.0,117200.0,103200.0,1.13,23.1,0.7,18.6,11.9,跑赢行业,,34.0
300115.SZ,长盈精密,20200225,长盈精密：5G手机、可穿戴增量可期，新能源车、自动化前景向好,点评,一般报告,中金,"胡誉镜,黄乐平,刘莹莹",2019Q4,984000.0,227400.0,10900.0,8100.0,0.09,293.9,0.1,1.9,28.2,跑赢行业,,34.0
002878.SZ,元隆雅图,20200225,元隆雅图业绩点评：促销品龙头发展路径明确，新媒体MCN营销服务加持成长,点评,一般报告,新时代证券,"胡皓,马笑",2019Q4,159500.0,,15100.0,11600.0,0.89,48.3,,17.4,34.9,推荐,,
002110.SZ,三钢闽光,20200225,三钢闽光：Q4盈利环比改善,点评,一般报告,中泰证券,"笃慧,郭皓,邓轲",2021Q4,4824700.0,596300.0,500800.0,374800.0,1.53,5.27,,14.39,,增持,,
002110.SZ,三钢闽光,20200225,三钢闽光：Q4盈利环比改善,点评,一般报告,中泰证券,"笃慧,郭皓,邓轲",2020Q4,4679000.0,561500.0,468400.0,350600.0,1.43,5.63,,14.97,,增持,,
002110.SZ,三钢闽光,20200225,三钢闽光：Q4盈利环比改善,点评,一般报告,中泰证券,"笃慧,郭皓,邓轲",2019Q4,4550200.0,594100.0,512200.0,367600.0,1.5,5.37,,17.53,,增持,,
688202.SH,美迪西,20200225,美迪西：收入增长提速，发展进入快车道,,首份报告,安信证券,"马帅,冯雪云",2019Q4,44890.0,,7690.0,6620.0,1.07,68.3,0.0,15.4,47.0,增持,,
002707.SZ,众信旅游,20200225,众信旅游事件点评：牵手中免布局免税业务,点评,一般报告,国泰君安,"刘越男,于清泰",2021Q4,1292500.0,,,15100.0,0.17,33.4,0.0,5.7,30.82,增持,,6.8
002707.SZ,众信旅游,20200225,众信旅游事件点评：牵手中免布局免税业务,点评,一般报告,国泰君安,"刘越男,于清泰",2020Q4,1019800.0,,,10900.0,0.124,46.19,0.0,4.3,39.77,增持,,6.8
002707.SZ,众信旅游,20200225,众信旅游事件点评：牵手中免布局免税业务,点评,一般报告,国泰君安,"刘越男,于清泰",2019Q4,1234600.0,,,12800.0,0.15,39.37,0.0,5.3,32.82,增持,,6.8
002352.SZ,顺丰控股,20200225,顺丰控股：19Q4成本受压，预期20年成本减负业务量高增长,点评,一般报告,兴业证券,"王品辉,龚里,张晓云",2021Q4,15499100.0,,878200.0,721500.0,1.63,29.9,,12.8,,审慎增持,,
002352.SZ,顺丰控股,20200225,顺丰控股：19Q4成本受压，预期20年成本减负业务量高增长,点评,一般报告,兴业证券,"王品辉,龚里,张晓云",2020Q4,12605700.0,,795900.0,653800.0,1.48,33.0,,13.4,,审慎增持,,
002352.SZ,顺丰控股,20200225,顺丰控股：19Q4成本受压，预期20年成本减负业务量高增长,点评,一般报告,兴业证券,"王品辉,龚里,张晓云",2019Q4,11219400.0,,742600.0,579600.0,1.31,37.2,,13.8,,审慎增持,,
603369.SH,今世缘,20200225,今世缘：短期确定性强，有望受益节后补偿性消费,点评,一般报告,兴业证券,"赵国防,李耀",2021Q4,742100.0,,298200.0,224200.0,1.79,18.0,,19.9,,审慎增持,,
603369.SH,今世缘,20200225,今世缘：短期确定性强，有望受益节后补偿性消费,点评,一般报告,兴业证券,"赵国防,李耀",2020Q4,605600.0,,246400.0,185300.0,1.48,22.0,,20.5,,审慎增持,,
603369.SH,今世缘,20200225,今世缘：短期确定性强，有望受益节后补偿性消费,点评,一般报告,兴业证券,"赵国防,李耀",2019Q4,489800.0,,197500.0,148300.0,1.18,28.0,,20.7,,审慎增持,,
300628.SZ,亿联网络,20200225,亿联网络：巨头加速进场合作大于竞争，产品不断升级海外业务进入全新成长赛道——2019年业绩快报点评,点评,一般报告,国泰君安,"程硕,马天诣",2021Q4,459700.0,,,215200.0,3.59,28.36,0.8,27.8,18.43,增持,,128.7
300628.SZ,亿联网络,20200225,亿联网络：巨头加速进场合作大于竞争，产品不断升级海外业务进入全新成长赛道——2019年业绩快报点评,点评,一般报告,国泰君安,"程硕,马天诣",2020Q4,365400.0,,,171500.0,2.86,35.59,0.5,28.2,23.87,增持,,128.7
300595.SZ,欧普康视,20200225,欧普康视：业绩持续快速增长，高端产品占比提高带来盈利能力提升,点评,一般报告,中泰证券,"江琦,谢木青",2021Q4,117398.0,,63800.0,56100.0,1.39,40.33,,25.48,36.0,买入,,
300595.SZ,欧普康视,20200225,欧普康视：业绩持续快速增长，高端产品占比提高带来盈利能力提升,点评,一般报告,中泰证券,"江琦,谢木青",2020Q4,87732.0,,47300.0,41600.0,1.03,54.42,,24.35,48.0,买入,,
300498.SZ,温氏股份,20200225,温氏股份2019年业绩快报点评：鸡猪共振，业绩佳报,点评,一般报告,国泰君安,"钟凯锋,李晓渊,鲁家瑞",2021Q4,12741100.0,,,4159500.0,7.83,4.52,1.7,34.5,2.6,增持,,49.61
300498.SZ,温氏股份,20200225,温氏股份2019年业绩快报点评：鸡猪共振，业绩佳报,点评,一般报告,国泰君安,"钟凯锋,李晓渊,鲁家瑞",2020Q4,10631100.0,,,4125100.0,7.77,4.55,1.7,50.0,3.6,增持,,49.61
300465.SZ,高伟达,20200225,高伟达：银行IT领军者，再战行业新周期,深度,首份报告,招商证券,刘玉萍,2019Q4,185559.0,,14600.0,12000.0,0.27,61.7,,9.2,48.2,强烈推荐,,
300058.SZ,蓝色光标,20200225,蓝色光标：布局智能营销，出海与短视频驱动高增长——2019年业绩快报点评,点评,一般报告,国泰君安,"陈筱,苗瑜",2019Q4,2808400.0,,,73800.0,0.3,24.48,0.5,9.7,22.62,增持,,9.31
603505.SH,金石资源,20200225,金石资源：萤石矿价格大幅上涨，公司价量齐升,点评,一般报告,兴业证券,"邱祖学,苏东,王丽佳",2021Q4,124500.0,,54800.0,41100.0,1.71,15.9,,22.9,,审慎增持,,
603505.SH,金石资源,20200225,金石资源：萤石矿价格大幅上涨，公司价量齐升,点评,一般报告,兴业证券,"邱祖学,苏东,王丽佳",2020Q4,109800.0,,46800.0,35100.0,1.46,18.6,,25.4,,审慎增持,,
601018.SH,宁波港,20200225,宁波港：计划引入战投上港集团，有利于中长期发展,点评,首份报告,兴业证券,"吉理,张晓云,龚里",2021Q4,2644500.0,,506200.0,363900.0,0.28,12.4,,8.0,,审慎增持,,
601012.SH,隆基股份,20200225,隆基股份重大事项点评：并购拓展海外产能，应对高端市场需求爆发,点评,一般报告,华创证券,"胡毅,杨达伟",2020Q4,5191200.0,,765100.0,678700.0,1.8,18.0,,16.5,13.0,强推,,36.0
601012.SH,隆基股份,20200225,隆基股份重大事项点评：并购拓展海外产能，应对高端市场需求爆发,点评,一般报告,华创证券,"胡毅,杨达伟",2019Q4,3042100.0,,571000.0,506500.0,1.34,24.0,,14.6,18.0,强推,,36.0
300115.SZ,长盈精密,20200225,长盈精密：5G手机、可穿戴增量可期，新能源车、自动化前景向好,点评,一般报告,中金,"胡誉镜,黄乐平,刘莹莹",2020Q4,1234400.0,306600.0,83100.0,72800.0,0.8,32.8,0.5,15.4,14.7,跑赢行业,,34.0
002878.SZ,元隆雅图,20200225,元隆雅图业绩点评：促销品龙头发展路径明确，新媒体MCN营销服务加持成长,点评,一般报告,新时代证券,"胡皓,马笑",2021Q4,244900.0,,28400.0,23300.0,1.79,24.1,,22.7,17.9,推荐,,
002878.SZ,元隆雅图,20200225,元隆雅图业绩点评：促销品龙头发展路径明确，新媒体MCN营销服务加持成长,点评,一般报告,新时代证券,"胡皓,马笑",2020Q4,197200.0,,21300.0,17600.0,1.35,31.9,,20.8,23.8,推荐,,
002777.SZ,久远银海,20200225,久远银海：业绩符合预期，医保、民政信息化建设深度受益,点评,一般报告,天风证券,沈海兵,2021Q4,157544.0,,37962.0,32313.0,1.44,24.66,,22.04,17.44,买入,,
002777.SZ,久远银海,20200225,久远银海：业绩符合预期，医保、民政信息化建设深度受益,点评,一般报告,天风证券,沈海兵,2020Q4,123120.0,,27516.0,22927.0,1.02,34.76,,17.79,24.88,买入,,
002436.SZ,兴森科技,20200225,兴森科技：净利润高速增长，IC载板国产替代空间广阔,点评,首份报告,兴业证券,"谢恒,姚康",2021Q4,537500.0,,67100.0,55000.0,0.37,44.2,,14.8,,审慎增持,,
002436.SZ,兴森科技,20200225,兴森科技：净利润高速增长，IC载板国产替代空间广阔,点评,首份报告,兴业证券,"谢恒,姚康",2020Q4,454700.0,,50400.0,41300.0,0.28,58.8,,13.0,,审慎增持,,
300782.SZ,卓胜微,20200225,卓胜微年报点评：019年业绩符合预期，行业景气叠加国产替代助力业绩爆发,点评,一般报告,新时代证券,"吴吉森,曾萌",2021Q4,279500.0,,108900.0,99200.0,9.92,65.5,,36.8,59.7,强烈推荐,,
300782.SZ,卓胜微,20200225,卓胜微年报点评：019年业绩符合预期，行业景气叠加国产替代助力业绩爆发,点评,一般报告,新时代证券,"吴吉森,曾萌",2020Q4,204400.0,,80200.0,73100.0,7.31,88.9,,42.8,81.0,强烈推荐,,
300782.SZ,卓胜微,20200225,卓胜微年报点评：019年业绩符合预期，行业景气叠加国产替代助力业绩爆发,点评,一般报告,新时代证券,"吴吉森,曾萌",2019Q4,151900.0,,54700.0,49900.0,4.99,130.3,,51.0,118.8,强烈推荐,,
300782.SZ,卓胜微,20200225,卓胜微2019年业绩快报点评：单Q4收入利润环比增长，国产化+5G需求双轮驱动,点评,一般报告,光大证券,"刘凯,耿正",2021Q4,332400.0,,139300.0,125400.0,12.54,54.0,0.7,35.97,49.4,买入,,
300782.SZ,卓胜微,20200225,卓胜微2019年业绩快报点评：单Q4收入利润环比增长，国产化+5G需求双轮驱动,点评,一般报告,光大证券,"刘凯,耿正",2020Q4,252100.0,,101700.0,91500.0,9.15,74.0,0.5,35.24,68.2,买入,,
300782.SZ,卓胜微,20200225,卓胜微2019年业绩快报点评：单Q4收入利润环比增长，国产化+5G需求双轮驱动,点评,一般报告,光大证券,"刘凯,耿正",2019Q4,151500.0,,55500.0,49900.0,4.99,135.0,0.3,26.88,123.7,买入,,
300623.SZ,捷捷微电,20200225,捷捷微电年报点评：2019年业绩符合预期，MOSFET将持续爆发,点评,一般报告,新时代证券,"吴吉森,曾萌",2021Q4,113100.0,,37100.0,31700.0,1.04,44.9,,16.9,21.7,强烈推荐,,
002436.SZ,兴森科技,20200225,兴森科技：净利润高速增长，IC载板国产替代空间广阔,点评,首份报告,兴业证券,"谢恒,姚康",2019Q4,379200.0,,37900.0,30300.0,0.2,80.1,,11.0,,审慎增持,,
300623.SZ,捷捷微电,20200225,捷捷微电年报点评：2019年业绩符合预期，MOSFET将持续爆发,点评,一般报告,新时代证券,"吴吉森,曾萌",2020Q4,90100.0,,30000.0,25700.0,0.84,55.4,,15.6,28.1,强烈推荐,,
300623.SZ,捷捷微电,20200225,捷捷微电年报点评：2019年业绩符合预期，MOSFET将持续爆发,点评,一般报告,新时代证券,"吴吉森,曾萌",2019Q4,67400.0,,22200.0,19000.0,0.62,75.0,,12.8,38.5,强烈推荐,,
002832.SZ,比音勒芬,20200225,比音勒芬：19年业绩继续高增，线上发力小程序直播，再添亮点,点评,一般报告,申万宏源证券,"王立平,戎姜斌",2021Q4,262700.0,,82000.0,69300.0,2.25,10.0,,21.2,,买入,,
002832.SZ,比音勒芬,20200225,比音勒芬：19年业绩继续高增，线上发力小程序直播，再添亮点,点评,一般报告,申万宏源证券,"王立平,戎姜斌",2020Q4,219800.0,,64400.0,54300.0,1.76,13.0,,21.0,,买入,,
002832.SZ,比音勒芬,20200225,比音勒芬：19年业绩继续高增，线上发力小程序直播，再添亮点,点评,一般报告,申万宏源证券,"王立平,戎姜斌",2019Q4,182900.0,,48600.0,41000.0,1.33,17.0,,20.1,,买入,,
002352.SZ,顺丰控股,20200225,顺丰控股业绩快报点评：疫情期间份额逆势扩张，直营快递体系优势凸显,点评,一般报告,西部证券,"吴剑樑,李莹,吴岑",2021Q4,14851500.0,,988200.0,765700.0,1.73,28.6,,15.4,,增持,,
002352.SZ,顺丰控股,20200225,顺丰控股业绩快报点评：疫情期间份额逆势扩张，直营快递体系优势凸显,点评,一般报告,西部证券,"吴剑樑,李莹,吴岑",2020Q4,12885700.0,,875000.0,671700.0,1.52,32.6,,16.5,,增持,,
002352.SZ,顺丰控股,20200225,顺丰控股业绩快报点评：疫情期间份额逆势扩张，直营快递体系优势凸显,点评,一般报告,西部证券,"吴剑樑,李莹,吴岑",2019Q4,11219300.0,,742600.0,579700.0,1.31,37.8,,15.6,,增持,,
600803.SH,新奥股份,20200225,新奥股份：北上资金已提前布局；建议把握低位买入的时间窗口,点评,一般报告,中金,"陆辰,王钟杨,胡宇豪",2021Q4,1312100.0,,180400.0,153900.0,1.25,8.1,2.4,13.6,5.8,跑赢行业,,14.0
600803.SH,新奥股份,20200225,新奥股份：北上资金已提前布局；建议把握低位买入的时间窗口,点评,一般报告,中金,"陆辰,王钟杨,胡宇豪",2020Q4,1240200.0,,152700.0,130000.0,1.06,9.5,2.0,12.8,6.7,跑赢行业,,14.0
600803.SH,新奥股份,20200225,新奥股份：北上资金已提前布局；建议把握低位买入的时间窗口,点评,一般报告,中金,"陆辰,王钟杨,胡宇豪",2019Q4,1272700.0,,157500.0,135000.0,1.1,9.2,2.1,14.9,6.8,跑赢行业,,14.0
002126.SZ,银轮股份,20200225,银轮股份：19Q4环比改善，新能源热管理未来可期——银轮19业绩快报点评,点评,一般报告,兴业证券,"戴畅,赵季新",2021Q4,649700.0,,51900.0,42500.0,0.54,21.4,,9.3,,审慎增持,,
002126.SZ,银轮股份,20200225,银轮股份：19Q4环比改善，新能源热管理未来可期——银轮19业绩快报点评,点评,一般报告,兴业证券,"戴畅,赵季新",2020Q4,563000.0,,43100.0,35400.0,0.45,25.7,,8.4,,审慎增持,,
002126.SZ,银轮股份,20200225,银轮股份：19Q4环比改善，新能源热管理未来可期——银轮19业绩快报点评,点评,一般报告,兴业证券,"戴畅,赵季新",2019Q4,537000.0,,39600.0,32000.0,0.4,28.4,,8.2,,审慎增持,,
300595.SZ,欧普康视,20200225,欧普康视2019年业绩快报点评：四季度业绩再加速，出厂价提升逻辑加强,点评,一般报告,光大证券,"林小伟,宋硕",2021Q4,119900.0,,69100.0,59700.0,1.48,38.0,,26.79,29.0,增持,,
300595.SZ,欧普康视,20200225,欧普康视2019年业绩快报点评：四季度业绩再加速，出厂价提升逻辑加强,点评,一般报告,光大证券,"林小伟,宋硕",2020Q4,89900.0,,49400.0,42800.0,1.06,53.0,,25.27,41.0,增持,,
300595.SZ,欧普康视,20200225,欧普康视2019年业绩快报点评：四季度业绩再加速，出厂价提升逻辑加强,点评,一般报告,光大证券,"林小伟,宋硕",2019Q4,66500.0,,34900.0,30400.0,0.75,75.0,,23.17,59.0,增持,,
002832.SZ,比音勒芬,20200225,比音勒芬：19Q4亮眼高增，新零售成为疫情期间惊喜,点评,一般报告,东吴证券,"马莉,陈腾曦,林骥川,詹陆雨",2021Q4,269177.0,,74300.0,63168.0,2.05,11.3,,24.5,9.3,买入,,
002832.SZ,比音勒芬,20200225,比音勒芬：19Q4亮眼高增，新零售成为疫情期间惊喜,点评,一般报告,东吴证券,"马莉,陈腾曦,林骥川,詹陆雨",2020Q4,224063.0,,60300.0,51287.0,1.66,13.9,,24.0,11.5,买入,,
002832.SZ,比音勒芬,20200225,比音勒芬：19Q4亮眼高增，新零售成为疫情期间惊喜,点评,一般报告,东吴证券,"马莉,陈腾曦,林骥川,詹陆雨",2019Q4,182443.0,,47600.0,40901.0,1.33,17.5,,22.9,14.7,买入,,
002832.SZ,比音勒芬,20200225,比音勒芬19年业绩快报点评：业绩如期高增，“故宫”爆款发力,点评,一般报告,浙商证券,于健,2020Q4,255900.0,,65300.0,55500.0,1.8,12.87,,22.7,8.57,增持,,
002832.SZ,比音勒芬,20200225,比音勒芬19年业绩快报点评：业绩如期高增，“故宫”爆款发力,点评,一般报告,浙商证券,于健,2019Q4,197000.0,,48500.0,41300.0,1.34,17.31,,21.73,12.34,增持,,
603722.SH,阿科力,20200225,阿科力：主营产品下游发展迅速，光学材料打开未来市场空间,点评,首次关注,安信证券,张汪强,2021Q4,84410.0,,17370.0,15180.0,1.73,22.9,2.3,22.6,14.2,增持,,45.0
603722.SH,阿科力,20200225,阿科力：主营产品下游发展迅速，光学材料打开未来市场空间,点评,首次关注,安信证券,张汪强,2020Q4,68620.0,,13670.0,11950.0,1.36,29.1,1.8,20.0,18.0,增持,,45.0
603722.SH,阿科力,20200225,阿科力：主营产品下游发展迅速，光学材料打开未来市场空间,点评,首次关注,安信证券,张汪强,2019Q4,52380.0,,5010.0,4380.0,0.5,79.5,0.7,8.1,36.4,增持,,45.0
300628.SZ,亿联网络,20200225,亿联网络：全年业绩略超预期，SIP与VCS业务驱动业绩持续增长，云通信行业加速释放增长潜力,点评,一般报告,方正证券,樊生龙,2021Q4,395000.0,,223513.0,204112.0,3.41,29.88,,24.0,,推荐,,
300628.SZ,亿联网络,20200225,亿联网络：全年业绩略超预期，SIP与VCS业务驱动业绩持续增长，云通信行业加速释放增长潜力,点评,一般报告,方正证券,樊生龙,2020Q4,315000.0,,178570.0,162784.0,2.72,37.46,,26.0,,推荐,,
300628.SZ,亿联网络,20200225,亿联网络：全年业绩略超预期，SIP与VCS业务驱动业绩持续增长，云通信行业加速释放增长潜力,点评,一般报告,方正证券,樊生龙,2019Q4,249259.0,,135872.0,125102.0,2.09,48.75,,26.0,,推荐,,
300394.SZ,天孚通信,20200225,天孚通信：业绩符合预期，产品线布局形成高度协同，夯实未来增长基础,点评,一般报告,招商证券,"余俊,欧子兴",2021Q4,97600.0,,34000.0,29700.0,1.49,35.4,,18.7,24.9,强烈推荐,,
002832.SZ,比音勒芬,20200225,比音勒芬19年业绩快报点评：业绩如期高增，“故宫”爆款发力,点评,一般报告,浙商证券,于健,2021Q4,319700.0,,82500.0,70200.0,2.28,10.19,,22.83,6.11,增持,,
300394.SZ,天孚通信,20200225,天孚通信：业绩符合预期，产品线布局形成高度协同，夯实未来增长基础,点评,一般报告,招商证券,"余俊,欧子兴",2020Q4,78700.0,,27500.0,24000.0,1.21,43.7,,17.7,30.1,强烈推荐,,
600114.SH,东睦股份,20200225,东睦股份：华为发布Mate_Xs，折叠屏手机贡献业绩有望超预期,点评,一般报告,新时代证券,石林,2019Q4,186300.0,,27400.0,22800.0,0.37,41.0,,8.3,22.5,强烈推荐,,
300033.SZ,同花顺,20200225,同花顺：现金流入及预收账款大幅提升，公司业务重回快车道,点评,一般报告,招商证券,"刘玉萍,周翔宇",2022Q4,478000.0,,246300.0,231300.0,4.3,33.9,,29.1,31.4,强烈推荐,,
300394.SZ,天孚通信,20200225,天孚通信：业绩符合预期，产品线布局形成高度协同，夯实未来增长基础,点评,一般报告,招商证券,"余俊,欧子兴",2019Q4,52100.0,,18600.0,16300.0,0.82,64.3,,13.9,43.7,强烈推荐,,
300033.SZ,同花顺,20200225,同花顺：现金流入及预收账款大幅提升，公司业务重回快车道,点评,一般报告,招商证券,"刘玉萍,周翔宇",2020Q4,242200.0,,138000.0,130400.0,2.43,60.2,,27.0,56.9,强烈推荐,,
002777.SZ,久远银海,20200225,久远银海：业绩符合预期，医保、民政信息化建设深度受益,点评,一般报告,天风证券,沈海兵,2019Q4,101613.0,,20291.0,16561.0,0.74,48.12,,14.25,33.95,买入,,
600114.SH,东睦股份,20200225,东睦股份：华为发布Mate_Xs，折叠屏手机贡献业绩有望超预期,点评,一般报告,新时代证券,石林,2021Q4,414900.0,,57500.0,47900.0,0.78,19.5,,14.6,11.2,强烈推荐,,
600114.SH,东睦股份,20200225,东睦股份：华为发布Mate_Xs，折叠屏手机贡献业绩有望超预期,点评,一般报告,新时代证券,石林,2020Q4,334900.0,,50000.0,41600.0,0.68,22.4,,13.9,14.3,强烈推荐,,
300033.SZ,同花顺,20200225,同花顺：现金流入及预收账款大幅提升，公司业务重回快车道,点评,一般报告,招商证券,"刘玉萍,周翔宇",2021Q4,341400.0,,182300.0,171400.0,3.19,45.8,,27.8,42.9,强烈推荐,,
002705.SZ,新宝股份,20200225,新宝股份2019年业绩快报点评：自主品牌加速增长，盈利能力显著提升,点评,一般报告,华创证券,龚源月,2021Q4,1098400.0,,103400.0,89300.0,1.11,17.54,,16.5,13.0,强推,,22.0
002705.SZ,新宝股份,20200225,新宝股份2019年业绩快报点评：自主品牌加速增长，盈利能力显著提升,点评,一般报告,华创证券,龚源月,2019Q4,912500.0,,79500.0,68700.0,0.86,22.82,,15.9,16.0,强推,,22.0
300188.SZ,美亚柏科,20200225,美亚柏科：“Q4才是重头戏”兑现，大数据未来大有可为,点评,一般报告,国联证券,吴金雅,2020Q4,268072.0,,44404.0,41471.0,0.52,45.99,,12.75,39.74,推荐,,
601808.SH,中海油服,20200225,基本面边际改善，OPEC有望短期满额或扩大减产支撑油价：石油石化行业国际油价点评,非个股,一般报告,中信证券,"黄莉莉,王佩坚",2019Q4,,,,167005.72,0.35,,,,,增持,,
000671.SZ,阳光城,20200225,阳光城：财务改善，盈利高增，重申看多观点,点评,一般报告,中金,"张宇,王璞",2021Q4,11539800.0,,1677100.0,822200.0,2.01,3.6,2.1,22.3,5.4,跑赢行业,,9.44
002705.SZ,新宝股份,20200225,新宝股份2019年业绩快报点评：自主品牌加速增长，盈利能力显著提升,点评,一般报告,华创证券,龚源月,2020Q4,1000700.0,,92600.0,80000.0,1.0,19.59,,16.5,14.0,强推,,22.0
002757.SZ,南兴股份,20200225,海外新冠疫情扩散，口罩生产设备有望受益－口罩生产设备行业点评,非个股,一般报告,中泰证券,"冯胜,郑雅梦",2021Q4,,,,28958.318,1.47,,,,,增持,,
688006.SH,杭可科技,20200225,锂电设备行业2月跟踪点评：特斯拉自建电池厂利好国产设备龙头，设备公司估值将向上修正,非个股,一般报告,东吴证券,"陈显帆,周尔双,朱贝贝",2020Q4,,,,51328.0,1.28,,,,,无,,
002465.SZ,海格通信,20200225,申万宏源晨会纪要,非个股,一般报告,申万宏源证券,"高晗,韩强,王贺嘉,王加煨",2021Q4,,,,89907.669,0.39,,,,,买入,,
300097.SZ,智云股份,20200225,海外新冠疫情扩散，口罩生产设备有望受益－口罩生产设备行业点评,非个股,一般报告,中泰证券,"冯胜,郑雅梦",2021Q4,,,,19909.927,0.69,,,,,增持,,
300363.SZ,博腾股份,20200225,资本政策共振，2020投资CDMO正当时：医药行业CDMO子行业深度报告,非个股,一般报告,中信证券,"陈竹,田加强",2021Q4,255000.0,,,33200.0,0.61,,,9.5,,增持,,22.9
300224.SZ,正海磁材,20200225,新能源汽车行业周报：特斯拉电池选择更趋多样化,非个股,一般报告,平安证券,"朱栋,余兵,王德安,陈建文,曹群海,吴文成,王霖,李鹞",2019Q4,,,,9022.382,0.11,,,,,无,,
300410.SZ,正业科技,20200225,海外新冠疫情扩散，口罩生产设备有望受益－口罩生产设备行业点评,非个股,一般报告,中泰证券,"冯胜,郑雅梦",2019Q4,,,,-75114.175,-1.97,,,,,无,,
300607.SZ,拓斯达,20200225,海外新冠疫情扩散，口罩生产设备有望受益－口罩生产设备行业点评,非个股,一般报告,中泰证券,"冯胜,郑雅梦",2021Q4,,,,44528.235,3.01,,,,,买入,,
002465.SZ,海格通信,20200225,申万宏源晨会纪要,非个股,一般报告,申万宏源证券,"高晗,韩强,王贺嘉,王加煨",2019Q4,,,,50717.146,0.22,,,,,买入,,
002757.SZ,南兴股份,20200225,海外新冠疫情扩散，口罩生产设备有望受益－口罩生产设备行业点评,非个股,一般报告,中泰证券,"冯胜,郑雅梦",2019Q4,,,,21078.504,1.07,,,,,增持,,
600933.SH,爱柯迪,20200225,爱柯迪深度跟踪报告：新能源布局前瞻，开始进入收获期,一般,一般报告,中信证券,"陈俊斌,尹欣驰",2019Q4,272376.0,,59900.0,46936.0,0.55,27.0,,11.49,,买入,,21.0
300095.SZ,华伍股份,20200225,华伍股份：被忽视的航空制造优质标的，成飞、成发的核心配套商,点评,首次关注,安信证券,冯福章,2020Q4,134070.0,,16300.0,13100.0,0.35,19.9,0.0,9.5,13.2,买入,,10.0
300058.SZ,蓝色光标,20200225,蓝色光标：19年业绩实现高增长，“蓝标在线”加速智能化营销升级,点评,一般报告,招商证券,"顾佳,陈良栋",2019Q4,2808000.0,,94300.0,72000.0,0.29,25.1,,8.6,31.5,强烈推荐,,
300461.SZ,田中精机,20200225,海外新冠疫情扩散，口罩生产设备有望受益－口罩生产设备行业点评,非个股,一般报告,中泰证券,"冯胜,郑雅梦",2019Q4,,,,-9244.821,-0.76,,,,,无,,
300095.SZ,华伍股份,20200225,华伍股份：被忽视的航空制造优质标的，成飞、成发的核心配套商,点评,首次关注,安信证券,冯福章,2021Q4,167590.0,,21050.0,17010.0,0.45,15.3,0.0,11.0,10.4,买入,,10.0
300552.SZ,万集科技,20200225,机械：看好智能汽车发展前景，ETC后市场值得期待,非个股,一般报告,民生证券,刘振宇,2020Q4,,,,78825.259,7.17,,,,,无,,
600933.SH,爱柯迪,20200225,爱柯迪深度跟踪报告：新能源布局前瞻，开始进入收获期,一般,一般报告,中信证券,"陈俊斌,尹欣驰",2020Q4,321392.0,,77200.0,59293.0,0.69,21.0,,13.21,,买入,,21.0
601318.SH,中国平安,20200225,中国平安：2020年新型寿险模式改革，“1＋N”模式展现综合金融实力,点评,一般报告,中银国际,兰晓飞,2020Q4,135483100.0,,20826200.0,16479500.0,9.01,,,,,买入,,
300095.SZ,华伍股份,20200225,华伍股份：被忽视的航空制造优质标的，成飞、成发的核心配套商,点评,首次关注,安信证券,冯福章,2019Q4,106410.0,,9790.0,7750.0,0.2,33.6,0.0,6.2,16.6,买入,,10.0
603719.SH,良品铺子,20200225,良品铺子：高端休闲食品龙头，全品类＆全渠道均衡发展,一般,首次关注,天风证券,刘章明,2019Q4,754519.0,,50063.0,33400.0,0.83,20.58,,23.01,8.19,买入,,42.75
300607.SZ,拓斯达,20200225,海外新冠疫情扩散，口罩生产设备有望受益－口罩生产设备行业点评,非个股,一般报告,中泰证券,"冯胜,郑雅梦",2019Q4,,,,23225.691,1.57,,,,,买入,,
002757.SZ,南兴股份,20200225,海外新冠疫情扩散，口罩生产设备有望受益－口罩生产设备行业点评,非个股,一般报告,中泰证券,"冯胜,郑雅梦",2020Q4,,,,25215.406,1.28,,,,,增持,,
300607.SZ,拓斯达,20200225,海外新冠疫情扩散，口罩生产设备有望受益－口罩生产设备行业点评,非个股,一般报告,中泰证券,"冯胜,郑雅梦",2020Q4,,,,32545.554,2.2,,,,,买入,,
300224.SZ,正海磁材,20200225,新能源汽车行业周报：特斯拉电池选择更趋多样化,非个股,一般报告,平安证券,"朱栋,余兵,王德安,陈建文,曹群海,吴文成,王霖,李鹞",2020Q4,,,,12303.248,0.15,,,,,无,,
300552.SZ,万集科技,20200225,机械：看好智能汽车发展前景，ETC后市场值得期待,非个股,一般报告,民生证券,刘振宇,2019Q4,,,,61345.181,5.58,,,,,无,,
300058.SZ,蓝色光标,20200225,蓝色光标：19年业绩实现高增长，“蓝标在线”加速智能化营销升级,点评,一般报告,招商证券,"顾佳,陈良栋",2021Q4,3959100.0,,122600.0,92800.0,0.37,19.5,,9.4,29.4,强烈推荐,,
300188.SZ,美亚柏科,20200225,美亚柏科：“Q4才是重头戏”兑现，大数据未来大有可为,点评,一般报告,国联证券,吴金雅,2019Q4,206495.0,,30424.0,28837.0,0.36,66.13,,10.16,55.54,推荐,,
600933.SH,爱柯迪,20200225,爱柯迪深度跟踪报告：新能源布局前瞻，开始进入收获期,一般,一般报告,中信证券,"陈俊斌,尹欣驰",2021Q4,371197.0,,94600.0,73709.0,0.86,17.0,,14.8,,买入,,21.0
603719.SH,良品铺子,20200225,良品铺子：高端休闲食品龙头，全品类＆全渠道均衡发展,一般,首次关注,天风证券,刘章明,2020Q4,869998.0,,57335.0,38128.0,0.95,18.03,,20.8,8.05,买入,,42.75
002465.SZ,海格通信,20200225,申万宏源晨会纪要,非个股,一般报告,申万宏源证券,"高晗,韩强,王贺嘉,王加煨",2020Q4,,,,69159.745,0.3,,,,,买入,,
300363.SZ,博腾股份,20200225,资本政策共振，2020投资CDMO正当时：医药行业CDMO子行业深度报告,非个股,一般报告,中信证券,"陈竹,田加强",2019Q4,152100.0,,,18000.0,0.33,,,5.9,,增持,,22.9
601808.SH,中海油服,20200225,基本面边际改善，OPEC有望短期满额或扩大减产支撑油价：石油石化行业国际油价点评,非个股,一般报告,中信证券,"黄莉莉,王佩坚",2020Q4,,,,267209.152,0.56,,,,,增持,,
688006.SH,杭可科技,20200225,锂电设备行业2月跟踪点评：特斯拉自建电池厂利好国产设备龙头，设备公司估值将向上修正,非个股,一般报告,东吴证券,"陈显帆,周尔双,朱贝贝",2019Q4,,,,38095.0,0.95,,,,,无,,
601318.SH,中国平安,20200225,中国平安：2020年新型寿险模式改革，“1＋N”模式展现综合金融实力,点评,一般报告,中银国际,兰晓飞,2021Q4,156116300.0,,23151100.0,19651100.0,10.75,,,,,买入,,
603719.SH,良品铺子,20200225,良品铺子：高端休闲食品龙头，全品类＆全渠道均衡发展,一般,首次关注,天风证券,刘章明,2021Q4,1045030.0,,67875.0,45714.0,1.14,15.04,,19.96,4.14,买入,,42.75
000671.SZ,阳光城,20200225,阳光城：财务改善，盈利高增，重申看多观点,点评,一般报告,中金,"张宇,王璞",2019Q4,6999500.0,,862700.0,406000.0,0.99,7.4,1.0,16.3,12.7,跑赢行业,,9.44
300097.SZ,智云股份,20200225,海外新冠疫情扩散，口罩生产设备有望受益－口罩生产设备行业点评,非个股,一般报告,中泰证券,"冯胜,郑雅梦",2019Q4,,,,-64923.676,-2.25,,,,,增持,,
000671.SZ,阳光城,20200225,阳光城：财务改善，盈利高增，重申看多观点,点评,一般报告,中金,"张宇,王璞",2020Q4,8682800.0,,1268500.0,642200.0,1.57,4.7,1.6,21.5,8.4,跑赢行业,,9.44
688006.SH,杭可科技,20200225,锂电设备行业2月跟踪点评：特斯拉自建电池厂利好国产设备龙头，设备公司估值将向上修正,非个股,一般报告,东吴证券,"陈显帆,周尔双,朱贝贝",2021Q4,,,,68972.0,1.72,,,,,无,,
300097.SZ,智云股份,20200225,海外新冠疫情扩散，口罩生产设备有望受益－口罩生产设备行业点评,非个股,一般报告,中泰证券,"冯胜,郑雅梦",2020Q4,,,,12119.086,0.42,,,,,增持,,
601318.SH,中国平安,20200225,中国平安：2020年新型寿险模式改革，“1＋N”模式展现综合金融实力,点评,一般报告,中银国际,兰晓飞,2022Q4,176981600.0,,28382900.0,24641800.0,13.48,,,,,买入,,
300058.SZ,蓝色光标,20200225,蓝色光标：19年业绩实现高增长，“蓝标在线”加速智能化营销升级,点评,一般报告,招商证券,"顾佳,陈良栋",2020Q4,3350500.0,,111700.0,84100.0,0.34,21.5,,9.3,30.9,强烈推荐,,
300188.SZ,美亚柏科,20200225,美亚柏科：“Q4才是重头戏”兑现，大数据未来大有可为,点评,一般报告,国联证券,吴金雅,2021Q4,354449.0,,60799.0,56567.0,0.7,33.71,,14.81,29.68,推荐,,
300363.SZ,博腾股份,20200225,资本政策共振，2020投资CDMO正当时：医药行业CDMO子行业深度报告,非个股,一般报告,中信证券,"陈竹,田加强",2020Q4,195800.0,,,23900.0,0.44,,,7.4,,增持,,22.9
603719.SH,良品铺子,20200225,良品铺子：定位高端均衡发展打造“良品”价值,深度,首次关注,申万宏源证券,"吕昌,赵玥",2021Q4,1011600.0,,65400.0,47900.0,1.2,14.3,0.6,21.4,6.9,增持,34.2,29.3
603719.SH,良品铺子,20200225,良品铺子：定位高端均衡发展打造“良品”价值,深度,首次关注,申万宏源证券,"吕昌,赵玥",2020Q4,854200.0,,53300.0,39200.0,0.98,17.5,0.5,21.8,9.1,增持,34.2,29.3
600305.SH,恒顺醋业,20200225,恒顺醋业：公司管理改善，未来5年收入有望加速增长,深度,一般报告,广发证券,"王永锋,刘景瑜",2021Q4,251800.0,,49500.0,41100.0,0.52,34.93,,14.6,27.33,买入,,20.25
603719.SH,良品铺子,20200225,良品铺子：定位高端均衡发展打造“良品”价值,深度,首次关注,申万宏源证券,"吕昌,赵玥",2019Q4,769600.0,,47800.0,35300.0,0.88,17.5,0.4,25.1,10.8,增持,34.2,29.3
300548.SZ,博创科技,20200225,博创科技重大事件快评：与Sicoya等成立合资公司，全面布局硅光芯,点评,一般报告,国信证券,"程成,马成龙",2021Q4,125000.0,,18000.0,15700.0,1.88,61.0,0.3,19.0,49.8,买入,,
300548.SZ,博创科技,20200225,博创科技重大事件快评：与Sicoya等成立合资公司，全面布局硅光芯,点评,一般报告,国信证券,"程成,马成龙",2020Q4,82000.0,,12500.0,10900.0,1.31,88.0,0.2,16.0,71.6,买入,,
300470.SZ,中密控股,20200225,中密控股重大事件快评：拟定增募资6.5亿元，内生外延加速公司成长,一般,一般报告,国信证券,"贺泽安,吴双",2021Q4,,,,38300.0,,15.0,,,,买入,,
300470.SZ,中密控股,20200225,中密控股重大事件快评：拟定增募资6.5亿元，内生外延加速公司成长,一般,一般报告,国信证券,"贺泽安,吴双",2020Q4,,,,30000.0,,20.0,,,,买入,,
600305.SH,恒顺醋业,20200225,恒顺醋业：公司管理改善，未来5年收入有望加速增长,深度,一般报告,广发证券,"王永锋,刘景瑜",2020Q4,217800.0,,42100.0,34900.0,0.45,41.04,,13.9,33.12,买入,,20.25
600305.SH,恒顺醋业,20200225,恒顺醋业：公司管理改善，未来5年收入有望加速增长,深度,一般报告,广发证券,"王永锋,刘景瑜",2019Q4,186600.0,,38800.0,32200.0,0.41,44.56,,14.2,39.32,买入,,20.25
300548.SZ,博创科技,20200225,博创科技重大事件快评：与Sicoya等成立合资公司，全面布局硅光芯,点评,一般报告,国信证券,"程成,马成龙",2019Q4,40000.0,,800.0,700.0,0.084,1295.4,0.0,1.0,274.0,买入,,
300470.SZ,中密控股,20200225,中密控股重大事件快评：拟定增募资6.5亿元，内生外延加速公司成长,一般,一般报告,国信证券,"贺泽安,吴双",2019Q4,93000.0,,25400.0,21600.0,1.1,27.7,0.7,17.0,22.6,买入,,
600059.SH,古越龙山,20200225,古越龙山：定增引战投、扩产能，全国化或再起步,点评,一般报告,中金,"吕若晨,周悦琅",2021Q4,179600.0,,25900.0,19400.0,0.24,33.3,1.4,4.5,18.2,中性,,8.02
600059.SH,古越龙山,20200225,古越龙山：定增引战投、扩产能，全国化或再起步,点评,一般报告,中金,"吕若晨,周悦琅",2020Q4,174500.0,,24500.0,18300.0,0.23,35.2,1.3,4.4,19.4,中性,,8.02
600059.SH,古越龙山,20200225,古越龙山：定增引战投、扩产能，全国化或再起步,点评,一般报告,中金,"吕若晨,周悦琅",2019Q4,173200.0,,22800.0,17100.0,0.21,37.8,1.2,4.1,20.6,中性,,8.02
002829.SZ,星网宇达,20200225,星网宇达动态点评：产业趋势共振，迎来高速发展,点评,一般报告,国海证券,"苏立赞,邹刚",2021Q4,90500.0,,29600.0,19400.0,1.24,26.0,,15.69,,买入,,
002829.SZ,星网宇达,20200225,星网宇达动态点评：产业趋势共振，迎来高速发展,点评,一般报告,国海证券,"苏立赞,邹刚",2020Q4,72600.0,,22100.0,14500.0,0.93,35.0,,13.18,,买入,,
002829.SZ,星网宇达,20200225,星网宇达动态点评：产业趋势共振，迎来高速发展,点评,一般报告,国海证券,"苏立赞,邹刚",2019Q4,39800.0,,3100.0,1100.0,0.07,448.0,,1.14,,买入,,
000975.SZ,银泰黄金,20200225,银泰黄金深度研究报告：三大金矿产能逐步释放，黄金新贵有望迎来业绩爆发期,深度,一般报告,华创证券,"任志强,李超",2021Q4,605200.0,,193200.0,133500.0,0.67,24.0,,11.1,11.0,强推,,21.06
000975.SZ,银泰黄金,20200225,银泰黄金深度研究报告：三大金矿产能逐步释放，黄金新贵有望迎来业绩爆发期,深度,一般报告,华创证券,"任志强,李超",2020Q4,584600.0,,179200.0,123900.0,0.62,26.0,,11.3,12.0,强推,,21.06
000975.SZ,银泰黄金,20200225,银泰黄金深度研究报告：三大金矿产能逐步释放，黄金新贵有望迎来业绩爆发期,深度,一般报告,华创证券,"任志强,李超",2019Q4,492200.0,,113900.0,78700.0,0.4,41.0,,8.0,15.0,强推,,21.06
300427.SZ,红相股份,20200225,红相股份：估值低位的军工电子成长标的，估值有望重塑,点评,一般报告,安信证券,冯福章,2021Q4,225500.0,,52190.0,45620.0,1.27,16.1,0.0,14.3,12.0,买入,,25.0
300427.SZ,红相股份,20200225,红相股份：估值低位的军工电子成长标的，估值有望重塑,点评,一般报告,安信证券,冯福章,2020Q4,188220.0,,44910.0,39070.0,1.09,18.8,0.0,14.2,14.5,买入,,25.0
002055.SZ,得润电子,20200225,得润电子首次覆盖报告：全球车载充电机巨头高速成长，业绩拐点已现且估值显著低估,一般,首次评级,光大证券,刘凯,2021Q4,1156900.0,192900.0,62300.0,61089.0,1.27,11.0,1.0,19.65,11.0,买入,,
002055.SZ,得润电子,20200225,得润电子首次覆盖报告：全球车载充电机巨头高速成长，业绩拐点已现且估值显著低估,一般,首次评级,光大证券,刘凯,2019Q4,790000.0,111000.0,-53900.0,-54696.0,-1.14,,0.0,-25.82,10.0,买入,,
002352.SZ,顺丰控股,20200225,顺丰控股2019年业绩快报点评：收入过千亿，利润增长27％，持续看好公司直营制优势与特惠件发力,点评,一般报告,华创证券,"吴一凡,刘阳,王凯",2021Q4,16278200.0,,958500.0,748300.0,1.7,27.0,,14.7,93.0,推荐,,50.0
002352.SZ,顺丰控股,20200225,顺丰控股2019年业绩快报点评：收入过千亿，利润增长27％，持续看好公司直营制优势与特惠件发力,点评,一般报告,华创证券,"吴一凡,刘阳,王凯",2020Q4,13282500.0,,784200.0,612200.0,1.39,33.0,,13.5,108.0,推荐,,50.0
002352.SZ,顺丰控股,20200225,顺丰控股2019年业绩快报点评：收入过千亿，利润增长27％，持续看好公司直营制优势与特惠件发力,点评,一般报告,华创证券,"吴一凡,刘阳,王凯",2019Q4,11218500.0,,742600.0,579700.0,1.31,35.0,,14.1,112.0,推荐,,50.0
300725.SZ,药石科技,20200225,药石科技：兴全全额认购6.5亿成为长期股东，充裕资金助力创新平台拓展,点评,一般报告,国盛证券,"张金洋,胡偌碧",2021Q4,107400.0,,36600.0,31100.0,2.15,42.8,,25.3,33.4,买入,,
300725.SZ,药石科技,20200225,药石科技：兴全全额认购6.5亿成为长期股东，充裕资金助力创新平台拓展,点评,一般报告,国盛证券,"张金洋,胡偌碧",2020Q4,80600.0,,26100.0,22000.0,1.52,60.4,,23.4,47.0,买入,,
300725.SZ,药石科技,20200225,药石科技：兴全全额认购6.5亿成为长期股东，充裕资金助力创新平台拓展,点评,一般报告,国盛证券,"张金洋,胡偌碧",2019Q4,60200.0,,19000.0,15600.0,1.08,85.1,,21.2,65.3,买入,,
300215.SZ,电科院,20200225,电科院2019年业绩预告点评：高低压电器检测龙头，静待业绩拐点,点评,首次关注,国信证券,"贺泽安,吴双",2020Q4,94482.0,,22300.0,19569.0,0.26,25.5,4.5,10.02,13.49,买入,,
300215.SZ,电科院,20200225,电科院2019年业绩预告点评：高低压电器检测龙头，静待业绩拐点,点评,首次关注,国信证券,"贺泽安,吴双",2019Q4,79978.0,,19100.0,16732.0,0.22,29.82,4.4,8.44,15.37,买入,,
000810.SZ,创维数字,20200225,创维数字：超高清政策推动设备空间，盈利能力修复,点评,首份报告,广发证券,"曾婵,袁雨辰,王朝宁,黄涛",2021Q4,1112000.0,,106300.0,93700.0,0.89,18.29,,18.8,14.93,增持,,17.52
002438.SZ,江苏神通,20200225,江苏神通2019业绩快报点评：需求全面向好，核电乏燃料处理业务打开新增长点,点评,一般报告,国信证券,"贺泽安,吴双",2021Q4,232618.0,,39600.0,34667.0,0.71,11.28,2.6,14.78,13.87,买入,,
000810.SZ,创维数字,20200225,创维数字：超高清政策推动设备空间，盈利能力修复,点评,首份报告,广发证券,"曾婵,袁雨辰,王朝宁,黄涛",2020Q4,988000.0,,87500.0,78000.0,0.74,21.99,,18.8,19.04,增持,,17.52
000810.SZ,创维数字,20200225,创维数字：超高清政策推动设备空间，盈利能力修复,点评,首份报告,广发证券,"曾婵,袁雨辰,王朝宁,黄涛",2019Q4,855000.0,,65900.0,60500.0,0.57,28.34,,17.6,25.23,增持,,17.52
300577.SZ,开润股份,20200225,开润股份：从小米生态链企业向出行消费品龙头的进阶,深度,一般报告,招商证券,"刘丽,纪敏",2019Q4,277400.0,,29900.0,23600.0,1.09,32.7,,29.5,27.0,强烈推荐,,
300427.SZ,红相股份,20200225,红相股份：估值低位的军工电子成长标的，估值有望重塑,点评,一般报告,安信证券,冯福章,2019Q4,154720.0,,33870.0,26460.0,0.74,27.7,0.0,11.3,18.2,买入,,25.0
300033.SZ,同花顺,20200225,同花顺：利润表似乎平淡，Q4预收款与现金流铺垫2020年！,点评,一般报告,申万宏源证券,"刘洋,刘畅",2021Q4,254100.0,224600.0,136500.0,128500.0,2.39,62.0,,20.2,,买入,,
002237.SZ,恒邦股份,20200225,恒邦股份重大事项点评：大股东拟认购非公开发行，债务结构改善助力业绩释放,点评,一般报告,中信证券,"敖翀,李超,商力",2021Q4,3233700.0,,90800.0,74300.0,0.82,20.5,,12.31,,买入,,
002438.SZ,江苏神通,20200225,江苏神通2019业绩快报点评：需求全面向好，核电乏燃料处理业务打开新增长点,点评,一般报告,国信证券,"贺泽安,吴双",2020Q4,181838.0,,28600.0,25069.0,0.52,15.6,2.1,11.92,17.35,买入,,
002438.SZ,江苏神通,20200225,江苏神通2019业绩快报点评：需求全面向好，核电乏燃料处理业务打开新增长点,点评,一般报告,国信证券,"贺泽安,吴双",2019Q4,140850.0,,20700.0,18082.0,0.37,21.63,1.3,9.36,20.23,买入,,
002237.SZ,恒邦股份,20200225,恒邦股份重大事项点评：大股东拟认购非公开发行，债务结构改善助力业绩释放,点评,一般报告,中信证券,"敖翀,李超,商力",2020Q4,2983500.0,,75000.0,61200.0,0.67,24.9,,11.57,,买入,,
002237.SZ,恒邦股份,20200225,恒邦股份重大事项点评：大股东拟认购非公开发行，债务结构改善助力业绩释放,点评,一般报告,中信证券,"敖翀,李超,商力",2019Q4,2724300.0,,40000.0,32500.0,0.36,47.0,,6.94,,买入,,
002055.SZ,得润电子,20200225,得润电子首次覆盖报告：全球车载充电机巨头高速成长，业绩拐点已现且估值显著低估,一般,首次评级,光大证券,刘凯,2020Q4,944500.0,140700.0,44500.0,43386.0,0.9,15.0,1.0,17.0,16.0,买入,,
300215.SZ,电科院,20200225,电科院2019年业绩预告点评：高低压电器检测龙头，静待业绩拐点,点评,首次关注,国信证券,"贺泽安,吴双",2021Q4,110835.0,,27300.0,24079.0,0.32,20.72,5.9,12.68,12.13,买入,,
300577.SZ,开润股份,20200225,开润股份：从小米生态链企业向出行消费品龙头的进阶,深度,一般报告,招商证券,"刘丽,纪敏",2021Q4,462100.0,,49000.0,38600.0,1.78,20.1,,28.5,16.6,强烈推荐,,
300577.SZ,开润股份,20200225,开润股份：从小米生态链企业向出行消费品龙头的进阶,深度,一般报告,招商证券,"刘丽,纪敏",2020Q4,360000.0,,38100.0,30000.0,1.39,25.8,,28.4,21.3,强烈推荐,,
600196.SH,复星医药,20200225,复星医药重大事项点评：CAR－T国内首家报产，有望迎来戴维斯双击,点评,一般报告,中信证券,"田加强,刘泽序",2021Q4,4151100.0,,568700.0,427200.0,1.67,16.0,,9.72,12.0,买入,,39.48
600196.SH,复星医药,20200225,复星医药重大事项点评：CAR－T国内首家报产，有望迎来戴维斯双击,点评,一般报告,中信证券,"田加强,刘泽序",2020Q4,3486200.0,,481500.0,361600.0,1.41,19.0,,8.99,14.0,买入,,39.48
600196.SH,复星医药,20200225,复星医药重大事项点评：CAR－T国内首家报产，有望迎来戴维斯双击,点评,一般报告,中信证券,"田加强,刘泽序",2019Q4,2918600.0,,531000.0,398900.0,1.56,17.0,,10.76,17.0,买入,,39.48
300033.SZ,同花顺,20200225,同花顺：利润表似乎平淡，Q4预收款与现金流铺垫2020年！,点评,一般报告,申万宏源证券,"刘洋,刘畅",2022Q4,288600.0,254600.0,161600.0,152200.0,2.83,52.0,,19.2,,买入,,
300033.SZ,同花顺,20200225,同花顺：利润表似乎平淡，Q4预收款与现金流铺垫2020年！,点评,一般报告,申万宏源证券,"刘洋,刘畅",2020Q4,212400.0,186300.0,110000.0,103600.0,1.93,77.0,,20.5,,买入,,
002216.SZ,三全食品,20200225,三全食品：内部优化成效明显，疫情利好公司去库存,点评,一般报告,中信建投,"安雅泽,吕睿竞,纪宗亚,陈语匆",2021Q4,714869.0,,,34955.0,0.44,40.46,,,,买入,,20.0
002216.SZ,三全食品,20200225,三全食品：内部优化成效明显，疫情利好公司去库存,点评,一般报告,中信建投,"安雅泽,吕睿竞,纪宗亚,陈语匆",2020Q4,666855.0,,,28581.0,0.36,49.48,,,,买入,,20.0
002216.SZ,三全食品,20200225,三全食品：内部优化成效明显，疫情利好公司去库存,点评,一般报告,中信建投,"安雅泽,吕睿竞,纪宗亚,陈语匆",2019Q4,599151.0,,,21062.0,0.27,65.56,,,,买入,,20.0
300031.SZ,宝通科技,20200225,宝通科技公司动态点评：员工持股绑定核心游戏人才，游戏业务加速腾飞,点评,一般报告,长城证券,"杨晓峰,何思霖",2021Q4,379900.0,,,48500.0,1.22,17.0,,,,推荐,,
300031.SZ,宝通科技,20200225,宝通科技公司动态点评：员工持股绑定核心游戏人才，游戏业务加速腾飞,点评,一般报告,长城证券,"杨晓峰,何思霖",2020Q4,310100.0,,,39500.0,0.99,21.0,,,,推荐,,
002214.SZ,大立科技,20200225,大立科技投资价值分析报告：国内非制冷红外龙头，业务发展进入黄金期,深度,首次评级,中信证券,"李建伟,陈卓",2020Q4,140620.0,,35100.0,31968.0,0.7,28.0,,22.23,,买入,,29.0
300031.SZ,宝通科技,20200225,宝通科技公司动态点评：员工持股绑定核心游戏人才，游戏业务加速腾飞,点评,一般报告,长城证券,"杨晓峰,何思霖",2019Q4,246500.0,,,30700.0,0.77,27.0,,,,推荐,,
002214.SZ,大立科技,20200225,大立科技投资价值分析报告：国内非制冷红外龙头，业务发展进入黄金期,深度,首次评级,中信证券,"李建伟,陈卓",2021Q4,160665.0,,45000.0,40985.0,0.89,22.0,,23.19,,买入,,29.0
300699.SZ,光威复材,20200225,光威复材：提质增效盈利能力增强，关注未来下游领域应用拓展,点评,一般报告,中信建投,"黎韬扬,刘永旭",2021Q4,319000.0,,,86200.0,1.66,34.0,,,,买入,,
300699.SZ,光威复材,20200225,光威复材：提质增效盈利能力增强，关注未来下游领域应用拓展,点评,一般报告,中信建投,"黎韬扬,刘永旭",2020Q4,241600.0,,,64900.0,1.25,45.0,,,,买入,,
300699.SZ,光威复材,20200225,光威复材：提质增效盈利能力增强，关注未来下游领域应用拓展,点评,一般报告,中信建投,"黎韬扬,刘永旭",2019Q4,171500.0,,,51900.0,1.0,56.0,,,,买入,,
000513.SZ,丽珠集团,20200225,丽珠集团：三大转型激发新活力,一般,一般报告,中金,"朱言音,邹朋",2021Q4,1196700.0,,237700.0,183400.0,1.96,19.4,3.1,14.1,11.2,跑赢行业,,46.0
000513.SZ,丽珠集团,20200225,丽珠集团：三大转型激发新活力,一般,一般报告,中金,"朱言音,邹朋",2020Q4,1061000.0,,201500.0,155200.0,1.66,22.9,2.6,12.7,13.4,跑赢行业,,46.0
000513.SZ,丽珠集团,20200225,丽珠集团：三大转型激发新活力,一般,一般报告,中金,"朱言音,邹朋",2019Q4,947900.0,,168800.0,129900.0,1.39,27.3,2.2,11.6,15.9,跑赢行业,,46.0
002624.SZ,完美世界,20200225,完美世界：客户端游戏老牌玩家,深度,首份报告,粤开证券,陈诤娴,2019Q4,803400.0,,167800.0,149744.0,1.158,43.0,,15.0,,买入,,
002214.SZ,大立科技,20200225,大立科技投资价值分析报告：国内非制冷红外龙头，业务发展进入黄金期,深度,首次评级,中信证券,"李建伟,陈卓",2019Q4,60200.0,,13600.0,12392.0,0.27,73.0,,10.78,,买入,,29.0
688086.SH,紫晶存储,20200225,紫晶存储：国产光存储稀缺标的，大数据时代的基石厂商,,首份报告,天风证券,沈海兵,2021Q4,129400.0,,35770.0,30405.0,1.6,,,20.38,,无,,
688086.SH,紫晶存储,20200225,紫晶存储：国产光存储稀缺标的，大数据时代的基石厂商,,首份报告,天风证券,沈海兵,2020Q4,90000.0,,26075.0,22164.0,1.16,,,18.66,,无,,
688086.SH,紫晶存储,20200225,紫晶存储：国产光存储稀缺标的，大数据时代的基石厂商,,首份报告,天风证券,沈海兵,2019Q4,58400.0,,17562.0,14928.0,0.78,,,15.45,,无,,
002624.SZ,完美世界,20200225,完美世界：客户端游戏老牌玩家,深度,首份报告,粤开证券,陈诤娴,2021Q4,1088700.0,,292500.0,255311.0,1.975,25.0,,18.0,,买入,,
002624.SZ,完美世界,20200225,完美世界：客户端游戏老牌玩家,深度,首份报告,粤开证券,陈诤娴,2020Q4,972100.0,,262700.0,234462.0,1.814,28.0,,20.0,,买入,,
002959.SZ,小熊电器,20200225,小熊电器2019年业绩快报点评：多品类战略实施获效，业绩增速表现亮眼,点评,一般报告,华创证券,龚源月,2020Q4,341200.0,,41200.0,32900.0,2.74,24.88,,16.6,21.0,强推,,82.0
002959.SZ,小熊电器,20200225,小熊电器2019年业绩快报点评：多品类战略实施获效，业绩增速表现亮眼,点评,一般报告,华创证券,龚源月,2019Q4,269200.0,,32600.0,26000.0,2.17,31.52,,15.7,27.0,强推,,82.0
002959.SZ,小熊电器,20200225,小熊电器2019年业绩快报点评：多品类战略实施获效，业绩增速表现亮眼,点评,一般报告,华创证券,龚源月,2021Q4,430200.0,,52300.0,41800.0,3.48,19.61,,17.4,16.0,强推,,82.0
601658.SH,邮储银行,20200225,邮储银行：特色鲜明的大型零售商业银行；2019－21高成长可期,一般,首次关注,中金,"王瑶平,张帅帅,严佳卉",2020Q4,31684900.0,,7710300.0,7006600.0,0.806,7.1,4.2,12.1,,跑赢行业,,7.05
601658.SH,邮储银行,20200225,邮储银行：特色鲜明的大型零售商业银行；2019－21高成长可期,一般,首次关注,中金,"王瑶平,张帅帅,严佳卉",2019Q4,28336100.0,,6669000.0,6093600.0,0.701,8.2,3.7,11.8,,跑赢行业,,7.05
002959.SZ,小熊电器,20200225,小熊电器：Q4业绩超预期，小家电新贵延续成长,点评,一般报告,中信建投,"陈伟奇,花小伟",2020Q4,323100.0,,,31200.0,,26.27,,,,买入,,
002959.SZ,小熊电器,20200225,小熊电器：Q4业绩超预期，小家电新贵延续成长,点评,一般报告,中信建投,"陈伟奇,花小伟",2019Q4,269200.0,,,26000.0,,31.5,,,,买入,,
300033.SZ,同花顺,20200225,同花顺：业绩符合预期，C端弹性有望加速体现,点评,一般报告,东北证券,"安永平,赵伟博,邵珠印,朴虹睿",2022Q4,503900.0,,289600.0,272800.0,5.07,29.0,1.8,33.1,,买入,215.23,198.67
300033.SZ,同花顺,20200225,同花顺：业绩符合预期，C端弹性有望加速体现,点评,一般报告,东北证券,"安永平,赵伟博,邵珠印,朴虹睿",2021Q4,429200.0,,239200.0,225200.0,4.19,35.0,1.4,33.8,,买入,215.23,198.67
300033.SZ,同花顺,20200225,同花顺：业绩符合预期，C端弹性有望加速体现,点评,一般报告,东北证券,"安永平,赵伟博,邵珠印,朴虹睿",2020Q4,358000.0,,189000.0,178000.0,3.31,44.0,1.1,33.5,,买入,215.23,198.67
601658.SH,邮储银行,20200225,邮储银行：特色鲜明的大型零售商业银行；2019－21高成长可期,一般,首次关注,中金,"王瑶平,张帅帅,严佳卉",2021Q4,35302700.0,,8992500.0,8126800.0,0.934,6.1,4.9,12.8,,跑赢行业,,7.05
300383.SZ,光环新网,20200225,光环新网：业绩符合预期，优质IDC资产业绩具备强确定性,点评,一般报告,东北证券,孙树明,2021Q4,1057700.0,,150400.0,131300.0,0.85,31.56,0.0,12.34,,买入,,34.4
300383.SZ,光环新网,20200225,光环新网：业绩符合预期，优质IDC资产业绩具备强确定性,点评,一般报告,东北证券,孙树明,2020Q4,862300.0,,113400.0,99800.0,0.65,41.51,0.0,10.71,,买入,,34.4
600499.SH,科达洁能,20200225,科达洁能事件点评：定增引入新大股东，公司发展进入新阶段,点评,一般报告,国海证券,"谭倩,任春阳",2021Q4,886500.0,,104700.0,74300.0,0.47,11.1,,11.71,,增持,,
600499.SH,科达洁能,20200225,科达洁能事件点评：定增引入新大股东，公司发展进入新阶段,点评,一般报告,国海证券,"谭倩,任春阳",2020Q4,775400.0,,80100.0,56500.0,0.36,14.6,,9.95,,增持,,
600499.SH,科达洁能,20200225,科达洁能事件点评：定增引入新大股东，公司发展进入新阶段,点评,一般报告,国海证券,"谭倩,任春阳",2019Q4,636400.0,,23400.0,11900.0,0.0754,69.21,,2.31,,增持,,
002352.SZ,顺丰控股,20200225,顺丰控股：去年业绩符合预期，今年开局良好,点评,一般报告,东北证券,"瞿永忠,王哲宇",2021Q4,15742100.0,,1020700.0,776900.0,1.76,26.12,0.0,13.86,,买入,,48.41
002352.SZ,顺丰控股,20200225,顺丰控股：去年业绩符合预期，今年开局良好,点评,一般报告,东北证券,"瞿永忠,王哲宇",2020Q4,13184600.0,,868800.0,662500.0,1.5,30.63,0.0,13.72,,买入,,48.41
002352.SZ,顺丰控股,20200225,顺丰控股：去年业绩符合预期，今年开局良好,点评,一般报告,东北证券,"瞿永忠,王哲宇",2019Q4,11014400.0,,751300.0,578900.0,1.31,35.05,0.0,13.89,,买入,,48.41
600196.SH,复星医药,20200225,复星医药跟踪点评：国内首个CAR－T报产，先发优势奠定龙头地位,点评,一般报告,民生证券,孙建,2021Q4,4335400.0,,629700.0,457400.0,1.78,15.0,1.3,12.2,9.8,推荐,,
300498.SZ,温氏股份,20200225,温氏股份：业绩符合预期，养殖航母整装启航,点评,一般报告,华泰证券,"杨天明,冯鹤",2021Q4,7822000.0,,1054200.0,986200.0,1.86,19.05,,14.96,12.93,买入,48.8,42.7
300498.SZ,温氏股份,20200225,温氏股份：业绩符合预期，养殖航母整装启航,点评,一般报告,华泰证券,"杨天明,冯鹤",2020Q4,10164200.0,,3447000.0,3238700.0,6.1,5.8,,43.88,4.98,买入,48.8,42.7
300383.SZ,光环新网,20200225,光环新网：业绩符合预期，优质IDC资产业绩具备强确定性,点评,一般报告,东北证券,孙树明,2019Q4,713300.0,,92700.0,82200.0,0.53,50.41,0.0,9.87,,买入,,34.4
300498.SZ,温氏股份,20200225,温氏股份：业绩符合预期，养殖航母整装启航,点评,一般报告,华泰证券,"杨天明,冯鹤",2019Q4,7322800.0,,1474700.0,1390600.0,2.62,13.51,,29.46,10.46,买入,48.8,42.7
300033.SZ,同花顺,20200225,同花顺：A股市场持续活跃，看好公司业绩成长—2019年年报点评,点评,一般报告,民生证券,强超廷,2022Q4,362100.0,,211700.0,200100.0,3.72,39.6,0.0,22.8,26.0,推荐,,
300033.SZ,同花顺,20200225,同花顺：流量优势巩固，疫情催化业绩,点评,一般报告,天风证券,"廖志明,朱于畋,沈海兵",2022Q4,362356.0,,210916.0,199144.0,3.7,39.77,,26.93,36.95,买入,,
300033.SZ,同花顺,20200225,同花顺：流量优势巩固，疫情催化业绩,点评,一般报告,天风证券,"廖志明,朱于畋,沈海兵",2021Q4,289884.0,,167816.0,158313.0,2.94,50.03,,27.07,47.29,买入,,
600196.SH,复星医药,20200225,复星医药跟踪点评：国内首个CAR－T报产，先发优势奠定龙头地位,点评,一般报告,民生证券,孙建,2020Q4,3559800.0,,509100.0,373000.0,1.46,18.4,1.3,11.0,11.9,推荐,,
600196.SH,复星医药,20200225,复星医药跟踪点评：国内首个CAR－T报产，先发优势奠定龙头地位,点评,一般报告,民生证券,孙建,2019Q4,2933300.0,,539600.0,399100.0,1.56,17.2,1.3,12.8,14.2,推荐,,
300033.SZ,同花顺,20200225,同花顺：A股市场持续活跃，看好公司业绩成长—2019年年报点评,点评,一般报告,民生证券,强超廷,2021Q4,287400.0,,165400.0,156300.0,2.91,50.7,0.0,23.1,34.0,推荐,,
300033.SZ,同花顺,20200225,同花顺：A股市场持续活跃，看好公司业绩成长—2019年年报点评,点评,一般报告,民生证券,强超廷,2020Q4,229000.0,,129300.0,122200.0,2.27,64.8,0.0,23.4,43.8,推荐,,
300033.SZ,同花顺,20200225,同花顺：流量优势巩固，疫情催化业绩,点评,一般报告,天风证券,"廖志明,朱于畋,沈海兵",2020Q4,226472.0,,126384.0,119433.0,2.22,66.31,,25.47,64.0,买入,,
002959.SZ,小熊电器,20200225,小熊电器：业绩超预期，差异化新秀增长可期——2019业绩快报点评,点评,一般报告,中泰证券,邓欣,2021Q4,392000.0,130900.0,53700.0,39700.0,3.31,20.63,,25.98,,增持,,
002959.SZ,小熊电器,20200225,小熊电器：业绩超预期，差异化新秀增长可期——2019业绩快报点评,点评,一般报告,中泰证券,邓欣,2020Q4,331000.0,110600.0,45200.0,32700.0,2.72,25.06,,28.89,,增持,,
002959.SZ,小熊电器,20200225,小熊电器：业绩超预期，差异化新秀增长可期——2019业绩快报点评,点评,一般报告,中泰证券,邓欣,2019Q4,269200.0,89600.0,35800.0,26000.0,2.17,31.51,,32.3,,增持,,
002714.SZ,牧原股份,20200225,牧原股份投资价值分析报告：顺周期先现拐点，再成长势不可挡,深度,一般报告,中信证券,"盛夏,熊承慧",2021Q4,9798400.0,,5434100.0,5379733.0,24.4,5.0,,52.75,,买入,,158.0
002714.SZ,牧原股份,20200225,牧原股份投资价值分析报告：顺周期先现拐点，再成长势不可挡,深度,一般报告,中信证券,"盛夏,熊承慧",2019Q4,2019353.0,,627100.0,620851.0,2.816,38.0,,33.75,,买入,,158.0
002352.SZ,顺丰控股,20200225,顺丰控股：消费升级与科技创新背后的卖水人,点评,一般报告,国金证券,"徐君,孙春旭",2021Q4,18267100.0,3240300.0,1101800.0,824400.0,1.866,20.94,,16.74,,买入,52.0,52.0
002352.SZ,顺丰控股,20200225,顺丰控股：消费升级与科技创新背后的卖水人,点评,一般报告,国金证券,"徐君,孙春旭",2019Q4,11219300.0,1969800.0,769700.0,582300.0,1.318,29.64,,14.53,,买入,52.0,52.0
002352.SZ,顺丰控股,20200225,顺丰控股：消费升级与科技创新背后的卖水人,点评,一般报告,国金证券,"徐君,孙春旭",2020Q4,14504700.0,2625800.0,939500.0,702600.0,1.59,24.57,,15.87,,买入,52.0,52.0
600196.SH,复星医药,20200225,复星医药：持续创新、不断突破，国内首个CAR-T产品报产受理,点评,一般报告,中泰证券,"江琦,赵磊",2020Q4,3438300.0,,499800.0,369200.0,1.44,18.6,,11.09,9.0,买入,,
600196.SH,复星医药,20200225,复星医药：中国首个CAR-T报产，复星凯特拔得头筹,点评,一般报告,国金证券,"王麟,赵海春",2020Q4,3508500.0,2086200.0,481700.0,357900.0,1.396,19.18,,10.84,,买入,,
600196.SH,复星医药,20200225,复星医药：中国首个CAR-T报产，复星凯特拔得头筹,点评,一般报告,国金证券,"王麟,赵海春",2019Q4,2933200.0,1733500.0,416100.0,309200.0,1.206,22.21,,10.22,,买入,,
600196.SH,复星医药,20200225,复星医药：持续创新、不断突破，国内首个CAR-T产品报产受理,点评,一般报告,中泰证券,"江琦,赵磊",2019Q4,2855200.0,,424300.0,311300.0,1.21,22.06,,10.24,10.0,买入,,
600196.SH,复星医药,20200225,复星医药：中国首个CAR-T报产，复星凯特拔得头筹,点评,一般报告,国金证券,"王麟,赵海春",2021Q4,4085400.0,2445900.0,563200.0,418400.0,1.633,16.41,,11.5,,买入,,
002126.SZ,银轮股份,20200225,银轮股份：法规切换带动营收高增长，新能源迈向收获期,点评,一般报告,中金,"王雷,常菁",2021Q4,690100.0,169300.0,61800.0,49600.0,0.63,18.3,0.6,11.1,11.7,跑赢行业,,13.5
300498.SZ,温氏股份,20200225,温氏股份：盈利推升，长期放量,点评,一般报告,中金,"孙扬,张宇茜",2021Q4,11025600.0,,2726200.0,2658100.0,5.0,7.1,4.2,30.9,5.5,跑赢行业,,55.0
300498.SZ,温氏股份,20200225,温氏股份：盈利推升，长期放量,点评,一般报告,中金,"孙扬,张宇茜",2020Q4,9949000.0,,3728500.0,3658500.0,6.89,5.1,5.8,59.0,4.2,跑赢行业,,55.0
300498.SZ,温氏股份,20200225,温氏股份：盈利推升，长期放量,点评,一般报告,中金,"孙扬,张宇茜",2019Q4,7322800.0,,1464700.0,1390600.0,2.62,13.5,2.2,34.6,11.7,跑赢行业,,55.0
600196.SH,复星医药,20200225,复星医药：持续创新、不断突破，国内首个CAR-T产品报产受理,点评,一般报告,中泰证券,"江琦,赵磊",2021Q4,4015700.0,,601100.0,447000.0,1.74,15.36,,12.16,8.0,买入,,
300033.SZ,同花顺,20200225,同花顺：前瞻指标重回高位、收入结构更加均衡,点评,一般报告,中金,"姚泽宇,蒲寒,王瑶平",2021Q4,288200.0,260200.0,177100.0,166900.0,3.1,47.5,1.1,30.7,43.5,跑赢行业,,161.0
002714.SZ,牧原股份,20200225,牧原股份投资价值分析报告：顺周期先现拐点，再成长势不可挡,深度,一般报告,中信证券,"盛夏,熊承慧",2020Q4,6936800.0,,4393200.0,4340489.0,19.69,6.0,,72.28,,买入,,158.0
002126.SZ,银轮股份,20200225,银轮股份：订单逐步释放，Q4业绩改善,点评,首份报告,财通证券,"彭勇,管正月",2021Q4,697700.0,,61400.0,47800.0,0.6,19.0,0.6,9.9,9.8,买入,,
002126.SZ,银轮股份,20200225,银轮股份：订单逐步释放，Q4业绩改善,点评,首份报告,财通证券,"彭勇,管正月",2020Q4,601400.0,,49900.0,39000.0,0.49,23.3,0.5,8.9,12.9,买入,,
002126.SZ,银轮股份,20200225,银轮股份：订单逐步释放，Q4业绩改善,点评,首份报告,财通证券,"彭勇,管正月",2019Q4,537000.0,,40400.0,32000.0,0.4,28.4,0.4,8.0,14.2,买入,,
002126.SZ,银轮股份,20200225,银轮股份：法规切换带动营收高增长，新能源迈向收获期,点评,一般报告,中金,"王雷,常菁",2020Q4,609100.0,145300.0,50100.0,39400.0,0.5,23.1,0.5,9.7,13.9,跑赢行业,,13.5
002126.SZ,银轮股份,20200225,银轮股份：法规切换带动营收高增长，新能源迈向收获期,点评,一般报告,中金,"王雷,常菁",2019Q4,537000.0,128300.0,39700.0,32000.0,0.4,28.4,0.4,8.6,16.9,跑赢行业,,13.5
300033.SZ,同花顺,20200225,同花顺：前瞻指标重回高位、收入结构更加均衡,点评,一般报告,中金,"姚泽宇,蒲寒,王瑶平",2020Q4,236100.0,211200.0,153300.0,144400.0,2.69,54.9,0.9,32.2,55.1,跑赢行业,,161.0
600570.SH,恒生电子,20200225,恒生电子：新三板深化改革持续推进，重视对恒生业务的积极影响,点评,一般报告,中金,"黄丙延,钱凯",2021Q4,590100.0,,158400.0,142300.0,1.77,57.8,0.9,29.3,50.1,跑赢行业,,122.0
600570.SH,恒生电子,20200225,恒生电子：新三板深化改革持续推进，重视对恒生业务的积极影响,点评,一般报告,中金,"黄丙延,钱凯",2020Q4,479300.0,461200.0,120800.0,108100.0,1.35,76.2,0.7,26.5,65.4,跑赢行业,,122.0
002352.SZ,顺丰控股,20200225,顺丰控股：四季度扣非业绩略低于预期，疫情期间有望逆势扩张份额,点评,一般报告,中金,"杨鑫,刘钢贤",2021Q4,14873400.0,,984800.0,738600.0,1.67,27.5,0.7,15.0,13.3,中性,,40.29
002352.SZ,顺丰控股,20200225,顺丰控股：四季度扣非业绩略低于预期，疫情期间有望逆势扩张份额,点评,一般报告,中金,"杨鑫,刘钢贤",2020Q4,13179000.0,,802500.0,601900.0,1.36,33.7,0.6,13.7,16.2,中性,,40.29
002352.SZ,顺丰控股,20200225,顺丰控股：四季度扣非业绩略低于预期，疫情期间有望逆势扩张份额,点评,一般报告,中金,"杨鑫,刘钢贤",2019Q4,11219200.0,,772900.0,579700.0,1.31,35.0,0.6,14.9,17.6,中性,,40.29
002216.SZ,三全食品,20200225,三全食品：业绩快报超预期，料内生机制改善将持续拉动业绩增长,点评,一般报告,中金,"吕若晨,王亦沁",2021Q4,737200.0,,44000.0,34500.0,0.43,41.0,0.6,13.1,22.0,跑赢行业,,20.5
002216.SZ,三全食品,20200225,三全食品：业绩快报超预期，料内生机制改善将持续拉动业绩增长,点评,一般报告,中金,"吕若晨,王亦沁",2020Q4,658700.0,,37700.0,29600.0,0.37,47.9,0.5,12.5,29.6,跑赢行业,,20.5
600570.SH,恒生电子,20200225,恒生电子：新三板深化改革持续推进，重视对恒生业务的积极影响,点评,一般报告,中金,"黄丙延,钱凯",2019Q4,388500.0,372000.0,92400.0,82400.0,1.03,99.9,0.5,23.8,85.6,跑赢行业,,122.0
002352.SZ,顺丰控股,20200225,顺丰控股：1月单量快速增长，直营快递凸显强大实力,点评,一般报告,招商证券,"苏宝亮,肖欣晨",2020Q4,13559800.0,,905200.0,686000.0,1.55,29.6,,14.3,16.3,强烈推荐,,54.0
002352.SZ,顺丰控股,20200225,顺丰控股：1月单量快速增长，直营快递凸显强大实力,点评,一般报告,招商证券,"苏宝亮,肖欣晨",2019Q4,11218900.0,,742800.0,579400.0,1.31,35.0,,13.7,19.9,强烈推荐,,54.0
002352.SZ,顺丰控股,20200225,顺丰控股：1月单量快速增长，直营快递凸显强大实力,点评,一般报告,招商证券,"苏宝亮,肖欣晨",2021Q4,16093500.0,,1034000.0,777900.0,1.76,26.1,,14.5,14.5,强烈推荐,,54.0
002216.SZ,三全食品,20200225,三全食品：业绩快报超预期，料内生机制改善将持续拉动业绩增长,点评,一般报告,中金,"吕若晨,王亦沁",2019Q4,599100.0,,24800.0,21100.0,0.26,67.2,0.4,9.8,37.9,跑赢行业,,20.5
002402.SZ,和而泰,20200225,和而泰投资价值分析报告：全球智能控制器龙头，射频芯片添新成长极,深度,首次关注,中信证券,"顾海波,李建伟,陈卓",2021Q4,646454.0,,68700.0,60237.0,0.66,28.0,,21.35,,买入,,26.37
002402.SZ,和而泰,20200225,和而泰投资价值分析报告：全球智能控制器龙头，射频芯片添新成长极,深度,首次关注,中信证券,"顾海波,李建伟,陈卓",2020Q4,475600.0,,49400.0,42970.0,0.47,39.0,,18.92,,买入,,26.37
002402.SZ,和而泰,20200225,和而泰投资价值分析报告：全球智能控制器龙头，射频芯片添新成长极,深度,首次关注,中信证券,"顾海波,李建伟,陈卓",2019Q4,358251.0,,35100.0,30336.0,0.33,55.0,,16.23,,买入,,26.37
603610.SH,麒盛科技,20200225,麒盛科技：智能电动床先行者，伴随欧美消费升级东风快速成长,一般,首次关注,天风证券,范张翔,2021Q4,397779.5,,69815.0,57422.0,3.82,12.95,,24.9,8.33,买入,,75.8
603610.SH,麒盛科技,20200225,麒盛科技：智能电动床先行者，伴随欧美消费升级东风快速成长,一般,首次关注,天风证券,范张翔,2020Q4,303661.45,,52417.0,43061.0,2.86,17.27,,24.87,12.95,买入,,75.8
002352.SZ,顺丰控股,20200225,顺丰控股：19年业绩增长27％，看好市占率进一步扩大,点评,一般报告,天风证券,"黄盈,姜明",2021Q4,14786633.0,,1019470.0,782545.0,1.77,25.93,,14.89,14.7,买入,,
002352.SZ,顺丰控股,20200225,顺丰控股：19年业绩增长27％，看好市占率进一步扩大,点评,一般报告,天风证券,"黄盈,姜明",2020Q4,12922035.0,,872603.0,660997.0,1.5,30.7,,14.31,17.25,买入,,
002352.SZ,顺丰控股,20200225,顺丰控股：19年业绩增长27％，看好市占率进一步扩大,点评,一般报告,天风证券,"黄盈,姜明",2019Q4,11219310.0,,768558.0,579698.0,1.31,35.0,,14.19,20.88,买入,,
603610.SH,麒盛科技,20200225,麒盛科技：智能电动床先行者，伴随欧美消费升级东风快速成长,一般,首次关注,天风证券,范张翔,2019Q4,255610.09,,42343.0,34910.0,2.32,21.31,,26.83,16.0,买入,,75.8
300383.SZ,光环新网,20200225,光环新网：业绩符合预期，云计算与IDC稳健增长,点评,一般报告,中信建投,"阎贵成,武超则",2021Q4,1040830.0,,,120910.0,0.79,34.2,,11.7,19.3,买入,,
300383.SZ,光环新网,20200225,光环新网：业绩符合预期，云计算与IDC稳健增长,点评,一般报告,中信建投,"阎贵成,武超则",2019Q4,713307.0,,,82151.0,0.53,50.3,,9.9,27.9,买入,,
600030.SH,中信证券,20200225,中信证券：新周期看龙头，中信百尺竿头更进一步,深度,一般报告,安信证券,"张经纬,蒋中煜",2021Q4,5938800.0,,2334400.0,1758500.0,1.45,17.35,,9.55,,买入,,30.0
600030.SH,中信证券,20200225,中信证券：新周期看龙头，中信百尺竿头更进一步,深度,一般报告,安信证券,"张经纬,蒋中煜",2020Q4,5031000.0,,1949000.0,1468100.0,1.21,20.78,,8.79,,买入,,30.0
600030.SH,中信证券,20200225,中信证券：新周期看龙头，中信百尺竿头更进一步,深度,一般报告,安信证券,"张经纬,蒋中煜",2019Q4,4319300.0,,1635000.0,1231600.0,1.02,24.77,,7.99,,买入,,30.0
300383.SZ,光环新网,20200225,光环新网：业绩符合预期，云计算与IDC稳健增长,点评,一般报告,中信建投,"阎贵成,武超则",2020Q4,862490.0,,,99850.0,0.65,41.4,,10.8,23.5,买入,,
300537.SZ,广信材料,20200225,广信材料：PCB油墨产能投产在即，手机端需求带动UV涂料增长,点评,首次关注,安信证券,李水云,2020Q4,117310.0,,17720.0,15220.0,0.79,27.0,0.8,10.4,18.5,买入,,28.7
300537.SZ,广信材料,20200225,广信材料：PCB油墨产能投产在即，手机端需求带动UV涂料增长,点评,首次关注,安信证券,李水云,2019Q4,84400.0,,11670.0,10020.0,0.52,41.0,0.5,7.4,27.7,买入,,28.7
300537.SZ,广信材料,20200225,广信材料：PCB油墨产能投产在即，手机端需求带动UV涂料增长,点评,首次关注,安信证券,李水云,2021Q4,165530.0,,25810.0,22170.0,1.15,18.5,1.1,13.5,14.3,买入,,28.7
002661.SZ,克明面业,20200225,中原证券晨会聚焦,非个股,一般报告,中原证券,刘冉,2019Q4,,,,25318.251,0.77,,,,,买入,,
002518.SZ,科士达,20200225,电气设备：两网阶段性降低用电成本，充电桩投建量提速,非个股,一般报告,财富证券,杨甫,2019Q4,,,,32034.497,0.55,,,,,推荐,,
002518.SZ,科士达,20200225,电气设备：两网阶段性降低用电成本，充电桩投建量提速,非个股,一般报告,财富证券,杨甫,2020Q4,,,,36111.614,0.62,,,,,推荐,,
002624.SZ,完美世界,20200225,中原证券晨会聚焦,非个股,一般报告,中原证券,刘冉,2020Q4,,,,239400.0,1.85,,,,,增持,,
002661.SZ,克明面业,20200225,中原证券晨会聚焦,非个股,一般报告,中原证券,刘冉,2021Q4,,,,39785.822,1.21,,,,,买入,,
002661.SZ,克明面业,20200225,中原证券晨会聚焦,非个股,一般报告,中原证券,刘冉,2020Q4,,,,34524.887,1.05,,,,,买入,,
002624.SZ,完美世界,20200225,中原证券晨会聚焦,非个股,一般报告,中原证券,刘冉,2021Q4,,,,269500.0,2.08,,,,,增持,,
002158.SZ,汉钟精机,20200225,汉钟精机公司动态点评：淡季不淡，泵业龙头借力半导体与光伏行业高景气度,点评,一般报告,长城证券,"邹兰兰,舒迪",2021Q4,256446.0,,48077.0,41100.0,0.77,13.07,,16.0,8.34,强烈推荐,,
002158.SZ,汉钟精机,20200225,汉钟精机公司动态点评：淡季不淡，泵业龙头借力半导体与光伏行业高景气度,点评,一般报告,长城证券,"邹兰兰,舒迪",2020Q4,212044.0,,37605.0,32200.0,0.6,16.68,,14.2,11.08,强烈推荐,,
002158.SZ,汉钟精机,20200225,汉钟精机公司动态点评：淡季不淡，泵业龙头借力半导体与光伏行业高景气度,点评,一般报告,长城证券,"邹兰兰,舒迪",2019Q4,180678.0,,28633.0,24700.0,0.46,21.77,,12.0,13.96,强烈推荐,,
002717.SZ,岭南股份,20200225,岭南股份：主业回暖＆新业务提速，价值迎来重估,深度,一般报告,长江证券,"毕春晖,李家明,刘瑞宇",2020Q4,855700.0,208400.0,59500.0,50000.0,0.33,16.95,,9.0,9.53,买入,,
002717.SZ,岭南股份,20200225,岭南股份：主业回暖＆新业务提速，价值迎来重估,深度,一般报告,长江证券,"毕春晖,李家明,刘瑞宇",2021Q4,955600.0,233400.0,73100.0,61500.0,0.4,13.79,,10.0,8.64,买入,,
002717.SZ,岭南股份,20200225,岭南股份：主业回暖＆新业务提速，价值迎来重估,深度,一般报告,长江证券,"毕春晖,李家明,刘瑞宇",2019Q4,782500.0,188600.0,51400.0,43300.0,0.28,19.59,,9.0,10.2,买入,,
002180.SZ,纳思达,20200225,纳思达：电话会议交流纪要,会议纪要,一般报告,银河证券,"吴砚靖,邹文倩",2021Q4,3281520.0,,,181850.0,1.71,27.4,,,,推荐,,
002180.SZ,纳思达,20200225,纳思达：电话会议交流纪要,会议纪要,一般报告,银河证券,"吴砚靖,邹文倩",2019Q4,2476690.0,,,105030.0,0.99,47.5,,,,推荐,,
002180.SZ,纳思达,20200225,纳思达：电话会议交流纪要,会议纪要,一般报告,银河证券,"吴砚靖,邹文倩",2020Q4,2825280.0,,,143070.0,1.35,34.9,,,,推荐,,
688202.SH,美迪西,20200225,美迪西：收入增长提速，发展进入快车道,点评,首份报告,安信证券,"马帅,冯雪云",2019Q4,44890.0,,7690.0,6620.0,1.07,68.3,0.0,15.4,47.0,增持,,
688021.SH,奥福环保,20200225,奥福环保：业绩快报符合预期，产能投放保障公司发展,点评,一般报告,中泰证券,"谢楠,张波",2019Q4,26800.0,12900.0,6500.0,5100.0,0.67,70.91,,13.75,,买入,,
688123.SH,聚辰股份,20200225,聚辰股份：全球领先手机摄像头用EEPROM设计企业,一般,首份报告,中金,"丁宁,黄乐平,成乔升,姚逊宇",2020Q4,60700.0,23500.0,12500.0,11300.0,0.94,99.6,0.1,9.5,95.3,跑赢行业,,100.0
688166.SH,博瑞医药,20200225,博瑞医药：业绩52%增长符合预期，公司处于快速扩张期有望延续高增长,点评,首份报告,方正证券,"周小刚,陈林颀",2021Q4,85635.0,,28882.0,25416.0,0.62,105.5,,12.0,,强烈推荐,,
688123.SH,聚辰股份,20200225,聚辰股份：全球领先手机摄像头用EEPROM设计企业,一般,首份报告,中金,"丁宁,黄乐平,成乔升,姚逊宇",2021Q4,77000.0,29400.0,14600.0,13400.0,1.11,84.1,0.1,10.2,79.1,跑赢行业,,100.0
688021.SH,奥福环保,20200225,奥福环保：业绩快报符合预期，产能投放保障公司发展,点评,一般报告,中泰证券,"谢楠,张波",2020Q4,32100.0,15800.0,8600.0,6600.0,0.85,55.35,,13.82,,买入,,
688200.SH,华峰测控,20200225,华峰测控：开拓华为等新客户，2020年行业向好,点评,一般报告,华西证券,"刘菁,孙远峰,俞能飞,田仁秀",2020Q4,31651.0,,14850.0,13051.0,2.13,,,27.92,,无,,
688202.SH,美迪西,20200225,美迪西：收入增长提速，发展进入快车道,点评,首份报告,安信证券,"马帅,冯雪云",2021Q4,88740.0,,15510.0,13370.0,2.16,33.8,0.0,20.3,23.2,增持,,
688166.SH,博瑞医药,20200225,博瑞医药公司深度：技破高难，蓄势待发，取胜后仿制药时代,一般,首次关注,国元证券,"常启辉,刘慧敏,刘巧",2020Q4,,,17131.0,15894.0,0.39,168.73,,8.57,,持有,,
688166.SH,博瑞医药,20200225,博瑞医药公司深度：技破高难，蓄势待发，取胜后仿制药时代,一般,首次关注,国元证券,"常启辉,刘慧敏,刘巧",2019Q4,,,11958.0,11118.0,0.27,241.22,,6.55,,持有,,
688086.SH,紫晶存储,20200225,紫晶存储：国产光存储稀缺标的，大数据时代的基石厂商,新股,首份报告,天风证券,沈海兵,2021Q4,129400.0,,35770.0,30405.0,1.6,,,20.38,,无,,
688021.SH,奥福环保,20200225,奥福环保：业绩快报符合预期，产能投放保障公司发展,点评,一般报告,中泰证券,"谢楠,张波",2021Q4,43500.0,21900.0,12400.0,9800.0,1.27,37.17,,17.06,,买入,,
688123.SH,聚辰股份,20200225,聚辰股份：全球领先手机摄像头用EEPROM设计企业,一般,首份报告,中金,"丁宁,黄乐平,成乔升,姚逊宇",2019Q4,50800.0,21500.0,11200.0,9600.0,0.79,118.1,0.1,12.9,99.1,跑赢行业,,100.0
688166.SH,博瑞医药,20200225,博瑞医药：业绩52%增长符合预期，公司处于快速扩张期有望延续高增长,点评,首份报告,方正证券,"周小刚,陈林颀",2019Q4,50316.0,,12142.0,11112.0,0.27,241.31,,6.0,,强烈推荐,,
688086.SH,紫晶存储,20200225,紫晶存储：国产光存储稀缺标的，大数据时代的基石厂商,新股,首份报告,天风证券,沈海兵,2019Q4,58400.0,,17562.0,14928.0,0.78,,,15.45,,无,,
688200.SH,华峰测控,20200225,华峰测控：开拓华为等新客户，2020年行业向好,点评,一般报告,华西证券,"刘菁,孙远峰,俞能飞,田仁秀",2021Q4,40569.0,,19882.0,17461.0,2.85,,,27.19,,无,,
688166.SH,博瑞医药,20200225,博瑞医药：业绩52%增长符合预期，公司处于快速扩张期有望延续高增长,点评,首份报告,方正证券,"周小刚,陈林颀",2020Q4,65100.0,,19214.0,16908.0,0.41,158.58,,9.0,,强烈推荐,,
688202.SH,美迪西,20200225,美迪西：收入增长提速，发展进入快车道,点评,首份报告,安信证券,"马帅,冯雪云",2020Q4,64050.0,,11090.0,9540.0,1.54,47.5,0.0,18.2,32.5,增持,,
688166.SH,博瑞医药,20200225,博瑞医药公司深度：技破高难，蓄势待发，取胜后仿制药时代,一般,首次关注,国元证券,"常启辉,刘慧敏,刘巧",2021Q4,,,24078.0,22355.0,0.55,119.96,,10.75,,持有,,
688200.SH,华峰测控,20200225,华峰测控：开拓华为等新客户，2020年行业向好,点评,一般报告,华西证券,"刘菁,孙远峰,俞能飞,田仁秀",2019Q4,25158.0,,11548.0,10134.0,1.66,,,30.07,,无,,
688086.SH,紫晶存储,20200225,紫晶存储：国产光存储稀缺标的，大数据时代的基石厂商,新股,首份报告,天风证券,沈海兵,2020Q4,90000.0,,26075.0,22164.0,1.16,,,18.66,,无,,
002557.SZ,洽洽食品,20200224,洽洽食品：聚焦突破，潜力释放,点评,一般报告,长江证券,"董思远,张伟欣,赵海燕,徐爽,万牧原",2021Q4,633800.0,225600.0,115500.0,88700.0,1.75,23.76,,20.0,17.3,买入,,
002301.SZ,齐心集团,20200224,齐心集团跟踪点评：云视频会议应用获工信部支持，齐心好视通业务增长提速可期,点评,一般报告,长江证券,"鄢鹏,蔡方羿,徐皓亮,米雁翔",2021Q4,1436400.0,249200.0,63100.0,55400.0,0.75,23.66,,15.0,15.67,买入,,
002301.SZ,齐心集团,20200224,齐心集团跟踪点评：云视频会议应用获工信部支持，齐心好视通业务增长提速可期,点评,一般报告,长江证券,"鄢鹏,蔡方羿,徐皓亮,米雁翔",2020Q4,1000200.0,175800.0,44800.0,39400.0,0.54,33.28,,12.0,22.81,买入,,
002301.SZ,齐心集团,20200224,齐心集团跟踪点评：云视频会议应用获工信部支持，齐心好视通业务增长提速可期,点评,一般报告,长江证券,"鄢鹏,蔡方羿,徐皓亮,米雁翔",2019Q4,686300.0,124100.0,31300.0,27500.0,0.37,47.67,,10.0,31.14,买入,,
000977.SZ,浪潮信息,20200224,浪潮信息公司深度报告：行业“浪潮”再起，见证服务器龙头腾飞,深度,首次关注,长城证券,"周伟佳,李雪薇,封谊敏",2021Q4,8863493.0,,204664.0,171500.0,1.33,36.95,,13.1,27.04,强烈推荐,,
000977.SZ,浪潮信息,20200224,浪潮信息公司深度报告：行业“浪潮”再起，见证服务器龙头腾飞,深度,首次关注,长城证券,"周伟佳,李雪薇,封谊敏",2020Q4,7038646.0,,151545.0,126800.0,0.98,50.15,,11.1,30.56,强烈推荐,,
000977.SZ,浪潮信息,20200224,浪潮信息公司深度报告：行业“浪潮”再起，见证服务器龙头腾飞,深度,首次关注,长城证券,"周伟佳,李雪薇,封谊敏",2019Q4,5507419.0,,106609.0,89500.0,0.69,71.23,,8.8,46.54,强烈推荐,,
601018.SH,宁波港,20200224,宁波港：引入战略投资者，升产能促协同,点评,首次关注,东海证券,朱雨潇,2021Q4,2704263.0,,454142.0,306110.0,0.232,14.74,,5.59,7.7,中性,,
601018.SH,宁波港,20200224,宁波港：引入战略投资者，升产能促协同,点评,首次关注,东海证券,朱雨潇,2020Q4,2351533.0,,379140.0,255556.0,0.194,17.62,,4.83,10.7,中性,,
601018.SH,宁波港,20200224,宁波港：引入战略投资者，升产能促协同,点评,首次关注,东海证券,朱雨潇,2019Q4,2432461.0,,427564.0,288195.0,0.219,15.54,,7.18,10.21,中性,,
002185.SZ,华天科技,20200224,电子元器件：半导体产业链系列研究十二：中芯国际14nm量产，国产配套产业链迎来历史性机遇,非个股,一般报告,国信证券,"欧阳仕华,唐泓翼,商艾华,龚诚,王学恒,何立中",2020Q4,,,,65760.091,0.24,,,,,买入,,
002185.SZ,华天科技,20200224,电子元器件：半导体产业链系列研究十二：中芯国际14nm量产，国产配套产业链迎来历史性机遇,非个股,一般报告,国信证券,"欧阳仕华,唐泓翼,商艾华,龚诚,王学恒,何立中",2019Q4,,,,30140.042,0.11,,,,,买入,,
688012.SH,中微公司,20200224,电子元器件：半导体产业链系列研究十二：中芯国际14nm量产，国产配套产业链迎来历史性机遇,非个股,一般报告,国信证券,"欧阳仕华,唐泓翼,商艾华,龚诚,王学恒,何立中",2020Q4,,,,27812.836,0.52,,,,,增持,,
688012.SH,中微公司,20200224,电子元器件：半导体产业链系列研究十二：中芯国际14nm量产，国产配套产业链迎来历史性机遇,非个股,一般报告,国信证券,"欧阳仕华,唐泓翼,商艾华,龚诚,王学恒,何立中",2019Q4,,,,18720.178,0.35,,,,,增持,,
002511.SZ,中顺洁柔,20200224,消费：宅经济风起，掘金正当时,非个股,一般报告,国信证券,"曾光,张峻豪,陈梦瑶,张衡,荣泽宇,丁诗洁,谢长雁",2020Q4,,,,77224.585,0.59,,,,,买入,,
002511.SZ,中顺洁柔,20200224,消费：宅经济风起，掘金正当时,非个股,一般报告,国信证券,"曾光,张峻豪,陈梦瑶,张衡,荣泽宇,丁诗洁,谢长雁",2019Q4,,,,57591.216,0.44,,,,,买入,,
300639.SZ,凯普生物,20200224,消费：宅经济风起，掘金正当时,非个股,一般报告,国信证券,"曾光,张峻豪,陈梦瑶,张衡,荣泽宇,丁诗洁,谢长雁",2020Q4,,,,19333.34,0.91,,,,,买入,,
300639.SZ,凯普生物,20200224,消费：宅经济风起，掘金正当时,非个股,一般报告,国信证券,"曾光,张峻豪,陈梦瑶,张衡,荣泽宇,丁诗洁,谢长雁",2019Q4,,,,14871.8,0.7,,,,,买入,,
600703.SH,三安光电,20200224,电子元器件：半导体产业链系列研究十二：中芯国际14nm量产，国产配套产业链迎来历史性机遇,非个股,一般报告,国信证券,"欧阳仕华,唐泓翼,商艾华,龚诚,王学恒,何立中",2020Q4,,,,224313.371,0.55,,,,,买入,,
600703.SH,三安光电,20200224,电子元器件：半导体产业链系列研究十二：中芯国际14nm量产，国产配套产业链迎来历史性机遇,非个股,一般报告,国信证券,"欧阳仕华,唐泓翼,商艾华,龚诚,王学恒,何立中",2019Q4,,,,150901.722,0.37,,,,,买入,,
300783.SZ,三只松鼠,20200224,消费：宅经济风起，掘金正当时,非个股,一般报告,国信证券,"曾光,张峻豪,陈梦瑶,张衡,荣泽宇,丁诗洁,谢长雁",2020Q4,,,,38897.0,0.97,,,,,买入,,
300783.SZ,三只松鼠,20200224,消费：宅经济风起，掘金正当时,非个股,一般报告,国信证券,"曾光,张峻豪,陈梦瑶,张衡,荣泽宇,丁诗洁,谢长雁",2019Q4,,,,32080.0,0.8,,,,,买入,,
600584.SH,长电科技,20200224,电子元器件：半导体产业链系列研究十二：中芯国际14nm量产，国产配套产业链迎来历史性机遇,非个股,一般报告,国信证券,"欧阳仕华,唐泓翼,商艾华,龚诚,王学恒,何立中",2020Q4,,,,59306.359,0.37,,,,,买入,,
600584.SH,长电科技,20200224,电子元器件：半导体产业链系列研究十二：中芯国际14nm量产，国产配套产业链迎来历史性机遇,非个股,一般报告,国信证券,"欧阳仕华,唐泓翼,商艾华,龚诚,王学恒,何立中",2019Q4,,,,9617.247,0.06,,,,,买入,,
603708.SH,家家悦,20200224,消费：宅经济风起，掘金正当时,非个股,一般报告,国信证券,"曾光,张峻豪,陈梦瑶,张衡,荣泽宇,丁诗洁,谢长雁",2020Q4,,,,58406.4,0.96,,,,,买入,,
603708.SH,家家悦,20200224,消费：宅经济风起，掘金正当时,非个股,一般报告,国信证券,"曾光,张峻豪,陈梦瑶,张衡,荣泽宇,丁诗洁,谢长雁",2019Q4,,,,49888.8,0.82,,,,,买入,,
603197.SH,保隆科技,20200224,汽车与汽车零部件行业：政策推动智能汽车新里程——印发《智能汽车发展战略》通知点评报告,非个股,一般报告,国元证券,"薛雨冰,满在朋,黄浦",2019Q4,,,,17106.029,1.03,,,,,买入,,
300258.SZ,精锻科技,20200224,汽车与汽车零部件行业：政策推动智能汽车新里程——印发《智能汽车发展战略》通知点评报告,非个股,一般报告,国元证券,"薛雨冰,满在朋,黄浦",2020Q4,,,,23490.0,0.58,,,,,增持,,
300258.SZ,精锻科技,20200224,汽车与汽车零部件行业：政策推动智能汽车新里程——印发《智能汽车发展战略》通知点评报告,非个股,一般报告,国元证券,"薛雨冰,满在朋,黄浦",2019Q4,,,,17820.0,0.44,,,,,增持,,
603197.SH,保隆科技,20200224,汽车与汽车零部件行业：政策推动智能汽车新里程——印发《智能汽车发展战略》通知点评报告,非个股,一般报告,国元证券,"薛雨冰,满在朋,黄浦",2020Q4,,,,24413.458,1.47,,,,,买入,,
688268.SH,华特气体,20200224,电子元器件：半导体产业链系列研究十二：中芯国际14nm量产，国产配套产业链迎来历史性机遇,非个股,一般报告,国信证券,"欧阳仕华,唐泓翼,商艾华,龚诚,王学恒,何立中",2020Q4,,,,11880.0,0.99,,,,,增持,,
688268.SH,华特气体,20200224,电子元器件：半导体产业链系列研究十二：中芯国际14nm量产，国产配套产业链迎来历史性机遇,非个股,一般报告,国信证券,"欧阳仕华,唐泓翼,商艾华,龚诚,王学恒,何立中",2019Q4,,,,9000.0,0.75,,,,,增持,,
002101.SZ,广东鸿图,20200224,汽车行业2019年报业绩前瞻：销量降幅收窄，业绩有望改善,非个股,一般报告,中银国际,"魏敏,朱朋",2019Q4,,,,29812.348,0.56,,,,,买入,,
688300.SH,联瑞新材,20200224,电子元器件：半导体产业链系列研究十二：中芯国际14nm量产，国产配套产业链迎来历史性机遇,非个股,一般报告,国信证券,"欧阳仕华,唐泓翼,商艾华,龚诚,王学恒,何立中",2020Q4,,,,11004.595,1.28,,,,,增持,,
688300.SH,联瑞新材,20200224,电子元器件：半导体产业链系列研究十二：中芯国际14nm量产，国产配套产业链迎来历史性机遇,非个股,一般报告,国信证券,"欧阳仕华,唐泓翼,商艾华,龚诚,王学恒,何立中",2019Q4,,,,7479.686,0.87,,,,,增持,,
601799.SH,星宇股份,20200224,汽车与汽车零部件行业：政策推动智能汽车新里程——印发《智能汽车发展战略》通知点评报告,非个股,一般报告,国元证券,"薛雨冰,满在朋,黄浦",2020Q4,,,,96102.021,3.48,,,,,买入,,
601799.SH,星宇股份,20200224,汽车与汽车零部件行业：政策推动智能汽车新里程——印发《智能汽车发展战略》通知点评报告,非个股,一般报告,国元证券,"薛雨冰,满在朋,黄浦",2019Q4,,,,62687.238,2.27,,,,,买入,,
300398.SZ,飞凯材料,20200224,电子元器件：半导体产业链系列研究十二：中芯国际14nm量产，国产配套产业链迎来历史性机遇,非个股,一般报告,国信证券,"欧阳仕华,唐泓翼,商艾华,龚诚,王学恒,何立中",2020Q4,,,,36752.584,0.71,,,,,增持,,
300398.SZ,飞凯材料,20200224,电子元器件：半导体产业链系列研究十二：中芯国际14nm量产，国产配套产业链迎来历史性机遇,非个股,一般报告,国信证券,"欧阳仕华,唐泓翼,商艾华,龚诚,王学恒,何立中",2019Q4,,,,30023.238,0.58,,,,,增持,,
300750.SZ,宁德时代,20200224,宁德时代：动力电池王者，强者恒强,点评,首次关注,辉立证券,章晶,2021Q4,7764500.0,2150800.0,949200.0,775700.0,3.51,,0.3,17.2,,买入,,185.3
300750.SZ,宁德时代,20200224,宁德时代：动力电池王者，强者恒强,点评,首次关注,辉立证券,章晶,2020Q4,5793600.0,1619900.0,704200.0,578400.0,2.62,,0.3,14.7,,买入,,185.3
300750.SZ,宁德时代,20200224,宁德时代：动力电池王者，强者恒强,点评,首次关注,辉立证券,章晶,2019Q4,4371300.0,1257200.0,537900.0,440000.0,1.99,,0.1,12.6,,买入,,185.3
600640.SH,号百控股,20200224,号百控股：中国电信唯一A股上市公司，5G泛文娱平台启航——公司首次覆盖报告,一般,首次关注,开源证券,"任浪,孙金钜,尹鹤桥",2021Q4,824900.0,,84900.0,66100.0,0.83,28.0,,12.0,15.4,买入,,
600640.SH,号百控股,20200224,号百控股：中国电信唯一A股上市公司，5G泛文娱平台启航——公司首次覆盖报告,一般,首次关注,开源证券,"任浪,孙金钜,尹鹤桥",2020Q4,588500.0,,29900.0,23300.0,0.29,79.3,,4.7,40.2,买入,,
600640.SH,号百控股,20200224,号百控股：中国电信唯一A股上市公司，5G泛文娱平台启航——公司首次覆盖报告,一般,首次关注,开源证券,"任浪,孙金钜,尹鹤桥",2019Q4,488400.0,,16400.0,12800.0,0.16,145.0,,2.7,69.3,买入,,
600009.SH,上海机场,20200224,上海机场：卫星厅计提折旧，业绩增速承压,点评,一般报告,财信证券,黄红卫,2021Q4,1433200.0,,,548100.0,2.84,24.57,,,,谨慎推荐,,
600009.SH,上海机场,20200224,上海机场：卫星厅计提折旧，业绩增速承压,点评,一般报告,财富证券,黄红卫,2020Q4,1274000.0,,,477200.0,2.48,28.22,,,,谨慎推荐,,
600009.SH,上海机场,20200224,上海机场：卫星厅计提折旧，业绩增速承压,点评,一般报告,财富证券,黄红卫,2019Q4,1094500.0,,,503000.0,2.61,26.77,,,,谨慎推荐,,
600183.SH,生益科技,20200224,生益科技：高端加速放量，传统产品盈利能力好转，覆铜板龙头再起航,深度,一般报告,中泰证券,"刘翔,胡杨",2021Q4,1778597.0,494500.0,291800.0,241838.0,1.062,28.2,,26.4,,买入,,
600183.SH,生益科技,20200224,生益科技：高端加速放量，传统产品盈利能力好转，覆铜板龙头再起航,深度,一般报告,中泰证券,"刘翔,胡杨",2019Q4,1324149.0,358800.0,176300.0,145596.0,0.64,46.83,,19.73,,买入,,
600183.SH,生益科技,20200224,生益科技：高端加速放量，传统产品盈利能力好转，覆铜板龙头再起航,深度,一般报告,中泰证券,"刘翔,胡杨",2020Q4,1546606.0,421500.0,244400.0,203216.0,0.893,33.55,,24.8,,买入,,
601211.SH,国泰君安,20200224,国泰君安深度报告：打造企业和个人两大集群综合服务能力，资金摆布侧重高杠杆业务,深度,首次关注,中泰证券,"陆韵婷,戴志锋",2019Q4,2986500.0,,,862700.0,0.96,19.23,,6.61,,买入,,
601211.SH,国泰君安,20200224,国泰君安深度报告：打造企业和个人两大集群综合服务能力，资金摆布侧重高杠杆业务,深度,首次关注,中泰证券,"陆韵婷,戴志锋",2022Q4,4400865.0,,,1513039.0,1.699,11.33,,9.8,,买入,,
601211.SH,国泰君安,20200224,国泰君安深度报告：打造企业和个人两大集群综合服务能力，资金摆布侧重高杠杆业务,深度,首次关注,中泰证券,"陆韵婷,戴志锋",2021Q4,3906500.0,,,1314500.0,1.476,12.9,,9.17,,买入,,
601211.SH,国泰君安,20200224,国泰君安深度报告：打造企业和个人两大集群综合服务能力，资金摆布侧重高杠杆业务,深度,首次关注,中泰证券,"陆韵婷,戴志锋",2020Q4,3477600.0,,,1144800.0,1.285,14.66,,8.3,,买入,,
002212.SZ,南洋股份,20200224,南洋股份：防火墙龙头，迎拐点,深度,一般报告,方正证券,"方闻千,陈杭",2021Q4,787378.0,257100.0,91177.0,90904.0,0.78,33.75,,9.0,,强烈推荐,,
002212.SZ,南洋股份,20200224,南洋股份：防火墙龙头，迎拐点,深度,一般报告,方正证券,"方闻千,陈杭",2020Q4,694336.0,208000.0,69075.0,68868.0,0.59,44.54,,7.0,,强烈推荐,,
002212.SZ,南洋股份,20200224,南洋股份：防火墙龙头，迎拐点,深度,一般报告,方正证券,"方闻千,陈杭",2019Q4,617954.0,168220.0,45711.0,45574.0,0.39,67.31,,5.0,,强烈推荐,,
002028.SZ,思源电气,20200224,思源电气：通过产品加法持续增长，超级电容等业务受关注,一般,一般报告,招商证券,"游家训,普绍增",2021Q4,1101300.0,,121300.0,107800.0,1.42,13.6,,15.7,6.8,强烈推荐,28.0,25.0
002028.SZ,思源电气,20200224,思源电气：通过产品加法持续增长，超级电容等业务受关注,一般,一般报告,招商证券,"游家训,普绍增",2020Q4,861800.0,,90400.0,80400.0,1.06,18.3,,13.7,9.1,强烈推荐,28.0,25.0
002028.SZ,思源电气,20200224,思源电气：通过产品加法持续增长，超级电容等业务受关注,一般,一般报告,招商证券,"游家训,普绍增",2019Q4,637800.0,,64600.0,57400.0,0.75,25.6,,11.2,12.4,强烈推荐,28.0,25.0
002624.SZ,完美世界,20200224,完美世界公司点评：业绩符合预期，影游精品策略将助力公司再上新台阶,点评,一般报告,新时代证券,"胡皓,马笑",2021Q4,1131900.0,,308000.0,278000.0,2.15,23.3,,18.0,21.1,推荐,,
002624.SZ,完美世界,20200224,完美世界公司点评：业绩符合预期，影游精品策略将助力公司再上新台阶,点评,一般报告,新时代证券,"胡皓,马笑",2020Q4,968700.0,,267200.0,242400.0,1.87,26.7,,18.8,25.4,推荐,,
002624.SZ,完美世界,20200224,完美世界公司点评：业绩符合预期，影游精品策略将助力公司再上新台阶,点评,一般报告,新时代证券,"胡皓,马笑",2019Q4,803800.0,,168500.0,150400.0,1.16,43.0,,14.3,38.4,推荐,,
300498.SZ,温氏股份,20200224,温氏股份：业绩符合预期，出栏计划稳健,点评,一般报告,广发证券,"王乾,钱浩",2021Q4,10968800.0,,2244900.0,2101800.0,3.96,8.49,,27.5,7.59,买入,,52.15
300498.SZ,温氏股份,20200224,温氏股份：业绩符合预期，出栏计划稳健,点评,一般报告,广发证券,"王乾,钱浩",2020Q4,10554800.0,,3601100.0,3390100.0,6.38,5.26,,51.2,4.71,买入,,52.15
300498.SZ,温氏股份,20200224,温氏股份：业绩符合预期，出栏计划稳健,点评,一般报告,广发证券,"王乾,钱浩",2019Q4,7322800.0,,1471500.0,1390500.0,2.62,12.84,,32.2,12.57,买入,,52.15
000050.SZ,深天马A,20200224,电子元器件：供需紧张加剧，大尺寸面板价格加速上涨,非个股,一般报告,国信证券,"欧阳仕华,高峰",2019Q4,,,,194571.69,0.95,,,,,买入,,
002609.SZ,捷顺科技,20200224,计算机：《智能汽车创新发展战略》通知点评：对比意见征求稿重塑行业预期,非个股,一般报告,中银国际,杨思睿,2019Q4,,,,19361.992,0.3,,,,,买入,,
688166.SH,博瑞医药,20200224,新增康希诺等5家企业，第四批科创基金陆续认购—科创板生物医药公司系列研究第30期,非个股,一般报告,民生证券,孙建,2021Q4,,,,19270.0,0.47,,,,,无,,
002182.SZ,云海金属,20200224,推荐氢能源上游铂，继续看好黄金和优质成长龙头——有色金属一周回顾（2020／2／17—2020／2／21）,非个股,一般报告,申万宏源证券,"徐若旭,王宏为,史霜霜",2020Q4,,,,60117.296,0.93,,,,,无,,
300499.SZ,高澜股份,20200224,机械设备：服务器需求旺盛，温控设备有望快速增长,非个股,一般报告,财富证券,"黄红卫,刘崇武",2019Q4,,,,5574.506,0.3,,,,,谨慎推荐,,
688020.SH,方邦股份,20200224,方邦股份：屏蔽膜产品趋势向好，两大新品打开市场空间,,首份报告,广证恒生咨询,"肖明亮,李峥嵘",2021Q4,62607.0,,27905.0,23135.0,2.89,43.25,0.0,11.4,26.88,强烈推荐,,
600114.SH,东睦股份,20200224,供给收缩，钴价反弹趋势不改——有色金属周报,非个股,一般报告,光大证券,"李伟峰,刘慨昂,王招华",2020Q4,,,,17878.211,0.29,,,,,增持,,
600461.SH,洪城水业,20200224,环境基建将是未来经济建设恢复的重要投资方向：环保／电力周报第190期,非个股,一般报告,招商证券,"朱纯阳,张晨,宋盈盈",2019Q4,,,,47401.918,0.5,,,,,无,,
002027.SZ,分众传媒,20200224,工信部加速5G商用推进，广电总局规范网综、剧集——互联网传媒行业周观点（02.17－02.23）,非个股,一般报告,万联证券,"王思敏,徐益彬,孔文彬",2020Q4,,,,293557.606,0.2,,,,,增持,,
603444.SH,吉比特,20200224,业绩估值戴维斯双击，继续坚定看好传媒板块—传媒周报,非个股,一般报告,民生证券,"刘欣,钟奇",2019Q4,,,,89996.546,12.52,,,,,推荐,,
300413.SZ,芒果超媒,20200224,业绩估值戴维斯双击，继续坚定看好传媒板块—传媒周报,非个股,一般报告,民生证券,"刘欣,钟奇",2020Q4,,,,151332.088,0.85,,,,,推荐,,
601021.SH,春秋航空,20200224,航空数据日度跟踪,非个股,一般报告,国泰君安,"岳鑫,郑武",2019Q4,,,,170511.355,1.86,,,,,谨慎增持,,45.59
000826.SZ,启迪环境,20200224,环境基建将是未来经济建设恢复的重要投资方向：环保／电力周报第190期,非个股,一般报告,招商证券,"朱纯阳,张晨,宋盈盈",2019Q4,,,,77251.254,0.54,,,,,无,,
002142.SZ,宁波银行,20200224,再论价值板块抱团方向——基于行业格局的综合视角,非个股,一般报告,国泰君安,无,2019Q4,,,,1384569.064,2.46,,,,,增持,,
603678.SH,火炬电子,20200224,自主可控势在必行，看好航发＋大飞机产业链—军工行业周报,非个股,一般报告,民生证券,王一川,2019Q4,,,,42097.933,0.93,,,,,推荐,,
603912.SH,佳力图,20200224,机械设备：服务器需求旺盛，温控设备有望快速增长,非个股,一般报告,财富证券,"黄红卫,刘崇武",2020Q4,,,,13234.035,0.61,,,,,谨慎推荐,,
603179.SH,新泉股份,20200224,汽车与零部件行业：若出台刺激需求政策，疫情控制后将加强需求释放的力度,非个股,一般报告,东方证券,"姜雪晴,周翰",2020Q4,,,,26404.671,1.16,,,,,无,,
600030.SH,中信证券,20200224,证券：政策面持续宽松，中长期坚定布局券商板块,非个股,一般报告,财富证券,滕毅,2020Q4,,,,1357093.741,1.12,,,,,推荐,,
688278.SH,特宝生物,20200224,新增康希诺等5家企业，第四批科创基金陆续认购—科创板生物医药公司系列研究第30期,非个股,一般报告,民生证券,孙建,2019Q4,,,,6102.0,0.15,,,,,无,,
600741.SH,华域汽车,20200224,汽车与零部件行业：若出台刺激需求政策，疫情控制后将加强需求释放的力度,非个股,一般报告,东方证券,"姜雪晴,周翰",2019Q4,,,,684141.105,2.17,,,,,无,,
601200.SH,上海环境,20200224,环保Ⅱ：变废为宝，深度融合,非个股,一般报告,国信证券,"陈青青,姚键,王宁",2020Q4,,,,70800.0,0.775,,,,,买入,,
600990.SH,四创电子,20200224,自主可控势在必行，看好航发＋大飞机产业链—军工行业周报,非个股,一般报告,民生证券,王一川,2020Q4,,,,28493.061,1.79,,,,,推荐,,
603267.SH,鸿远电子,20200224,自主可控势在必行，看好航发＋大飞机产业链—军工行业周报,非个股,一般报告,民生证券,王一川,2020Q4,,,,37366.84,2.26,,,,,推荐,,
601689.SH,拓普集团,20200224,汽车与零部件行业：若出台刺激需求政策，疫情控制后将加强需求释放的力度,非个股,一般报告,东方证券,"姜雪晴,周翰",2021Q4,,,,83344.032,0.79,,,,,无,,
601231.SH,环旭电子,20200224,USI：UWB－growing_adoption_in_smartphones，wearables，and_tags；Buy,点评,一般报告,高盛集团（Goldman Sachs）,"Lynn Luo,Allen Chang,Verena Jeng",2020Q4,4462530.0,477000.0,221030.0,190820.0,0.88,,1.0,17.4,19.6,Buy,,29.8
601231.SH,环旭电子,20200224,USI：UWB－growing_adoption_in_smartphones，wearables，and_tags；Buy,点评,一般报告,高盛集团（Goldman Sachs）,"Lynn Luo,Allen Chang,Verena Jeng",2020Q1,,,,,0.06,,,,,Buy,,29.8
002837.SZ,英维克,20200224,机械设备：服务器需求旺盛，温控设备有望快速增长,非个股,一般报告,财富证券,"黄红卫,刘崇武",2020Q4,,,,21052.762,0.98,,,,,谨慎推荐,,
603799.SH,华友钴业,20200224,供给收缩，钴价反弹趋势不改——有色金属周报,非个股,一般报告,光大证券,"李伟峰,刘慨昂,王招华",2019Q4,,,,30045.104,0.27,,,,,增持,,
603179.SH,新泉股份,20200224,汽车与零部件行业：若出台刺激需求政策，疫情控制后将加强需求释放的力度,非个股,一般报告,东方证券,"姜雪晴,周翰",2021Q4,,,,33233.466,1.46,,,,,无,,
002869.SZ,金溢科技,20200224,信息技术：车路协同政策落地加速，千亿级市场空间打开,非个股,一般报告,国信证券,"熊莉,于威业",2020Q4,,,,73516.078,6.1,,,,,增持,,
603730.SH,岱美股份,20200224,汽车与零部件行业：若出台刺激需求政策，疫情控制后将加强需求释放的力度,非个股,一般报告,东方证券,"姜雪晴,周翰",2019Q4,,,,64896.312,1.62,,,,,无,,
300750.SZ,宁德时代,20200224,汽车与零部件行业：若出台刺激需求政策，疫情控制后将加强需求释放的力度,非个股,一般报告,东方证券,"姜雪晴,周翰",2021Q4,,,,680187.108,3.08,,,,,无,,
600741.SH,华域汽车,20200224,汽车与零部件行业：若出台刺激需求政策，疫情控制后将加强需求释放的力度,非个股,一般报告,东方证券,"姜雪晴,周翰",2020Q4,,,,747195.584,2.37,,,,,无,,
603912.SH,佳力图,20200224,机械设备：服务器需求旺盛，温控设备有望快速增长,非个股,一般报告,财富证券,"黄红卫,刘崇武",2019Q4,,,,10847.57,0.5,,,,,谨慎推荐,,
000999.SZ,华润三九,20200224,短期聚焦科技与一季报，中长期择机布局核心资产－－医药行业周报（2020.2.17－2020.2.23）,非个股,一般报告,兴业证券,徐佳熹,2019Q4,,,,224168.1,2.29,,,,,审慎增持,,
002041.SZ,登海种业,20200224,节后补栏延迟，继续推荐猪鸡养殖：农林牧渔行业每周观点,非个股,一般报告,中信证券,"盛夏,熊承慧,彭家乐,朱欣頔",2019Q4,,,,7920.0,0.09,,,2.71,,增持,,
600990.SH,四创电子,20200224,自主可控势在必行，看好航发＋大飞机产业链—军工行业周报,非个股,一般报告,民生证券,王一川,2019Q4,,,,24354.404,1.53,,,,,推荐,,
002920.SZ,德赛西威,20200224,汽车与零部件行业：若出台刺激需求政策，疫情控制后将加强需求释放的力度,非个股,一般报告,东方证券,"姜雪晴,周翰",2019Q4,,,,23650.0,0.43,,,,,无,,
300552.SZ,万集科技,20200224,信息技术：车路协同政策落地加速，千亿级市场空间打开,非个股,一般报告,国信证券,"熊莉,于威业",2019Q4,,,,61345.181,5.58,,,,,增持,,
600699.SH,均胜电子,20200224,汽车与零部件行业：若出台刺激需求政策，疫情控制后将加强需求释放的力度,非个股,一般报告,东方证券,"姜雪晴,周翰",2019Q4,,,,111353.676,0.9,,,,,无,,
300499.SZ,高澜股份,20200224,机械设备：服务器需求旺盛，温控设备有望快速增长,非个股,一般报告,财富证券,"黄红卫,刘崇武",2020Q4,,,,11892.278,0.64,,,,,谨慎推荐,,
688029.SH,南微医学,20200224,新增康希诺等5家企业，第四批科创基金陆续认购—科创板生物医药公司系列研究第30期,非个股,一般报告,民生证券,孙建,2020Q4,,,,38401.92,2.88,,,,,无,,
000999.SZ,华润三九,20200224,短期聚焦科技与一季报，中长期择机布局核心资产－－医药行业周报（2020.2.17－2020.2.23）,非个股,一般报告,兴业证券,徐佳熹,2020Q4,,,,184033.2,1.88,,,,,审慎增持,,
688020.SH,方邦股份,20200224,方邦股份：屏蔽膜产品趋势向好，两大新品打开市场空间,,首份报告,广证恒生咨询,"肖明亮,李峥嵘",2020Q4,40182.0,,20457.0,16960.0,2.12,59.0,0.0,9.44,38.88,强烈推荐,,
000598.SZ,兴蓉环境,20200224,兴蓉环境：获三峡集团举牌，期待协同效应释放,点评,一般报告,财信证券,黄红卫,2021Q4,553600.0,,,139559.0,0.47,9.95,,,,推荐,,
601231.SH,环旭电子,20200224,USI：UWB－growing_adoption_in_smartphones，wearables，and_tags；Buy,点评,一般报告,高盛集团（Goldman Sachs）,"Lynn Luo,Allen Chang,Verena Jeng",2021Q4,5088790.0,562500.0,289150.0,249400.0,1.15,,1.3,20.0,13.9,Buy,,29.8
688278.SH,特宝生物,20200224,新增康希诺等5家企业，第四批科创基金陆续认购—科创板生物医药公司系列研究第30期,非个股,一般报告,民生证券,孙建,2021Q4,,,,13017.6,0.32,,,,,无,,
002594.SZ,比亚迪,20200224,汽车与零部件行业：若出台刺激需求政策，疫情控制后将加强需求释放的力度,非个股,一般报告,东方证券,"姜雪晴,周翰",2020Q4,,,,237348.428,0.87,,,,,无,,
603596.SH,伯特利,20200224,汽车与零部件行业：若出台刺激需求政策，疫情控制后将加强需求释放的力度,非个股,一般报告,东方证券,"姜雪晴,周翰",2020Q4,,,,48210.198,1.18,,,,,无,,
603267.SH,鸿远电子,20200224,自主可控势在必行，看好航发＋大飞机产业链—军工行业周报,非个股,一般报告,民生证券,王一川,2019Q4,,,,28273.14,1.71,,,,,推荐,,
688202.SH,美迪西,20200224,新增康希诺等5家企业，第四批科创基金陆续认购—科创板生物医药公司系列研究第30期,非个股,一般报告,民生证券,孙建,2019Q4,,,,7130.0,1.15,,,,,无,,
300628.SZ,亿联网络,20200224,通信行业周报（2.17－2.23）：发挥通信新基建支柱作用，5G有望爆发式补进,非个股,一般报告,兴业证券,"谢恒,杨尚东",2020Q4,,,,160057.422,2.67,,,,,审慎增持,,
600699.SH,均胜电子,20200224,汽车与零部件行业：若出台刺激需求政策，疫情控制后将加强需求释放的力度,非个股,一般报告,东方证券,"姜雪晴,周翰",2021Q4,,,,171979.566,1.39,,,,,无,,
601319.SH,中国人保,20200224,寿险原保费增速分化，春节错位叠加疫情拖累非车增长——上市险企2020年1月保费数据点评,非个股,一般报告,申万宏源证券,"马鲲鹏,王丛云,葛玉翔,华天行,许旖珊",2020Q4,,,,2388095.491,0.54,,,,,无,,
603939.SH,益丰药房,20200224,医药生物：疫情下半场医药投资：成长及科技属性为上,非个股,一般报告,中信建投,"贺菊颖,阳明春",2019Q4,,,,55701.608,1.47,,,,,无,,
688298.SH,东方生物,20200224,新增康希诺等5家企业，第四批科创基金陆续认购—科创板生物医药公司系列研究第30期,非个股,一般报告,民生证券,孙建,2020Q4,,,,9960.0,0.83,,,,,无,,
688026.SH,洁特生物,20200224,新增康希诺等5家企业，第四批科创基金陆续认购—科创板生物医药公司系列研究第30期,非个股,一般报告,民生证券,孙建,2020Q4,,,,7800.0,0.78,,,,,无,,
603179.SH,新泉股份,20200224,汽车与零部件行业：若出台刺激需求政策，疫情控制后将加强需求释放的力度,非个股,一般报告,东方证券,"姜雪晴,周翰",2019Q4,,,,19575.877,0.86,,,,,无,,
601689.SH,拓普集团,20200224,汽车与零部件行业：若出台刺激需求政策，疫情控制后将加强需求释放的力度,非个股,一般报告,东方证券,"姜雪晴,周翰",2019Q4,,,,50639.412,0.48,,,,,无,,
688266.SH,泽璟制药,20200224,新增康希诺等5家企业，第四批科创基金陆续认购—科创板生物医药公司系列研究第30期,非个股,一般报告,民生证券,孙建,2019Q4,,,,-35520.0,-1.48,,,,,无,,
000625.SZ,长安汽车,20200224,汽车与零部件行业：若出台刺激需求政策，疫情控制后将加强需求释放的力度,非个股,一般报告,东方证券,"姜雪晴,周翰",2021Q4,,,,485067.5,1.01,,,,,无,,
600933.SH,爱柯迪,20200224,汽车与零部件行业：若出台刺激需求政策，疫情控制后将加强需求释放的力度,非个股,一般报告,东方证券,"姜雪晴,周翰",2020Q4,,,,56586.941,0.66,,,,,无,,
002466.SZ,天齐锂业,20200224,供给收缩，钴价反弹趋势不改——有色金属周报,非个股,一般报告,光大证券,"李伟峰,刘慨昂,王招华",2020Q4,,,,103396.957,0.7,,,,,增持,,
600104.SH,上汽集团,20200224,汽车与零部件行业：若出台刺激需求政策，疫情控制后将加强需求释放的力度,非个股,一般报告,东方证券,"姜雪晴,周翰",2020Q4,,,,3177901.491,2.72,,,,,无,,
601021.SH,春秋航空,20200224,航空数据日度跟踪,非个股,一般报告,国泰君安,"岳鑫,郑武",2020Q4,,,,197096.458,2.15,,,,,谨慎增持,,45.59
600511.SH,国药股份,20200224,短期聚焦科技与一季报，中长期择机布局核心资产－－医药行业周报（2020.2.17－2020.2.23）,非个股,一般报告,兴业证券,徐佳熹,2020Q4,,,,182589.726,2.42,,,,,审慎增持,,
000598.SZ,兴蓉环境,20200224,兴蓉环境：获三峡集团举牌，期待协同效应释放,点评,一般报告,财富证券,黄红卫,2019Q4,462553.0,,,109056.0,0.37,12.73,,,,推荐,,
601128.SH,常熟银行,20200224,再论价值板块抱团方向——基于行业格局的综合视角,非个股,一般报告,国泰君安,无,2019Q4,,,,200082.483,0.73,,,,,增持,,
002847.SZ,盐津铺子,20200224,食品饮料行业：万亿休闲食品市场，线上和线下有望诞生多家龙头,非个股,一般报告,广发证券,"王永锋,王文丹,洪涛,陈涛",2019Q4,,,,11299.2,0.88,,,13.0,,买入,,
601689.SH,拓普集团,20200224,汽车与零部件行业：若出台刺激需求政策，疫情控制后将加强需求释放的力度,非个股,一般报告,东方证券,"姜雪晴,周翰",2020Q4,,,,67519.216,0.64,,,,,无,,
600741.SH,华域汽车,20200224,11部委下发《智能汽车创新发展战略》，把握汽车智能网联机遇,非个股,一般报告,国信证券,"梁超,唐旭霞",2020Q4,,,,813402.788,2.58,,,,,买入,,
002555.SZ,三七互娱,20200224,业绩估值戴维斯双击，继续坚定看好传媒板块—传媒周报,非个股,一般报告,民生证券,"刘欣,钟奇",2019Q4,,,,207000.666,0.98,,,,,推荐,,
603596.SH,伯特利,20200224,汽车与零部件行业：若出台刺激需求政策，疫情控制后将加强需求释放的力度,非个股,一般报告,东方证券,"姜雪晴,周翰",2019Q4,,,,39630.417,0.97,,,,,无,,
603788.SH,宁波高发,20200224,汽车与零部件行业：若出台刺激需求政策，疫情控制后将加强需求释放的力度,非个股,一般报告,东方证券,"姜雪晴,周翰",2020Q4,,,,23867.962,1.07,,,,,无,,
688029.SH,南微医学,20200224,新增康希诺等5家企业，第四批科创基金陆续认购—科创板生物医药公司系列研究第30期,非个股,一般报告,民生证券,孙建,2021Q4,,,,50402.52,3.78,,,,,无,,
600519.SH,贵州茅台,20200224,贵州茅台首次覆盖报告：行稳致远，工匠精神打造液体金字塔,一般,首次评级,万联证券,陈雯,2021Q4,11546575.0,,7963900.0,5534000.0,44.05,25.26,,30.3,14.8,增持,,1262.0
300782.SZ,卓胜微,20200224,Maxscend：Switch_product_mix_upgrade；raise_12m_TP_to_Rmb684；Buy,点评,一般报告,高盛集团（Goldman Sachs）,"Verena Jeng,Allen Chang,Lynn Luo",2020Q4,219150.0,116600.0,85300.0,73940.0,7.39,,0.3,36.2,67.3,Buy,,684.0
600519.SH,贵州茅台,20200224,贵州茅台首次覆盖报告：行稳致远，工匠精神打造液体金字塔,一般,首次评级,万联证券,陈雯,2019Q4,8864758.0,,5842700.0,4064200.0,32.35,36.57,,30.6,22.5,增持,,1262.0
688020.SH,方邦股份,20200224,方邦股份：屏蔽膜产品趋势向好，两大新品打开市场空间,,首份报告,广证恒生咨询,"肖明亮,李峥嵘",2019Q4,29185.0,,16315.0,13526.0,1.69,73.98,0.0,8.31,50.83,强烈推荐,,
002466.SZ,天齐锂业,20200224,供给收缩，钴价反弹趋势不改——有色金属周报,非个股,一般报告,光大证券,"李伟峰,刘慨昂,王招华",2019Q4,,,,23633.59,0.16,,,,,增持,,
601319.SH,中国人保,20200224,寿险原保费增速分化，春节错位叠加疫情拖累非车增长——上市险企2020年1月保费数据点评,非个股,一般报告,申万宏源证券,"马鲲鹏,王丛云,葛玉翔,华天行,许旖珊",2019Q4,,,,2299647.51,0.52,,,,,无,,
600674.SH,川投能源,20200224,环保及公用事业行业周报：地方环保投入向上，企业融资改善逐步显现；能源成本降低促复工，电网与燃气上游为主体,非个股,一般报告,华创证券,"庞天一,黄秀杰,王兆康",2019Q4,,,,293000.0,0.666,,,,,强推,,11.16
300258.SZ,精锻科技,20200224,汽车与零部件行业：若出台刺激需求政策，疫情控制后将加强需求释放的力度,非个股,一般报告,东方证券,"姜雪晴,周翰",2019Q4,,,,17820.0,0.44,,,,,无,,
002869.SZ,金溢科技,20200224,信息技术：车路协同政策落地加速，千亿级市场空间打开,非个股,一般报告,国信证券,"熊莉,于威业",2019Q4,,,,72310.897,6.0,,,,,增持,,
300258.SZ,精锻科技,20200224,行业政策托底明显，中国智能汽车战略形成——《2020／2／17－2020／2／23》汽车周报,非个股,一般报告,申万宏源证券,"宋亭亭,竺绍迪",2021Q4,,,,32400.0,0.8,,,,,无,,
603730.SH,岱美股份,20200224,汽车与零部件行业：若出台刺激需求政策，疫情控制后将加强需求释放的力度,非个股,一般报告,东方证券,"姜雪晴,周翰",2021Q4,,,,93739.118,2.34,,,,,无,,
603444.SH,吉比特,20200224,业绩估值戴维斯双击，继续坚定看好传媒板块—传媒周报,非个股,一般报告,民生证券,"刘欣,钟奇",2020Q4,,,,104660.52,14.56,,,,,推荐,,
688266.SH,泽璟制药,20200224,新增康希诺等5家企业，第四批科创基金陆续认购—科创板生物医药公司系列研究第30期,非个股,一般报告,民生证券,孙建,2020Q4,,,,-16560.0,-0.69,,,,,无,,
601128.SH,常熟银行,20200224,再论价值板块抱团方向——基于行业格局的综合视角,非个股,一般报告,国泰君安,无,2020Q4,,,,232972.754,0.85,,,,,增持,,
601319.SH,中国人保,20200224,寿险原保费增速分化，春节错位叠加疫情拖累非车增长——上市险企2020年1月保费数据点评,非个股,一般报告,申万宏源证券,"马鲲鹏,王丛云,葛玉翔,华天行,许旖珊",2021Q4,,,,2653439.435,0.6,,,,,无,,
601021.SH,春秋航空,20200224,航空数据日度跟踪,非个股,一般报告,国泰君安,"岳鑫,郑武",2021Q4,,,,227348.473,2.48,,,,,谨慎增持,,45.59
688166.SH,博瑞医药,20200224,新增康希诺等5家企业，第四批科创基金陆续认购—科创板生物医药公司系列研究第30期,非个股,一般报告,民生证券,孙建,2020Q4,,,,14760.0,0.36,,,,,无,,
688016.SH,心脉医疗,20200224,新增康希诺等5家企业，第四批科创基金陆续认购—科创板生物医药公司系列研究第30期,非个股,一般报告,民生证券,孙建,2019Q4,,,,13100.023,1.82,,,,,无,,
688321.SH,微芯生物,20200224,新增康希诺等5家企业，第四批科创基金陆续认购—科创板生物医药公司系列研究第30期,非个股,一般报告,民生证券,孙建,2021Q4,,,,10660.0,0.26,,,,,无,,
300123.SZ,亚光科技,20200224,自主可控势在必行，看好航发＋大飞机产业链—军工行业周报,非个股,一般报告,民生证券,王一川,2019Q4,,,,26198.401,0.26,,,,,推荐,,
688363.SH,华熙生物,20200224,新增康希诺等5家企业，第四批科创基金陆续认购—科创板生物医药公司系列研究第30期,非个股,一般报告,民生证券,孙建,2019Q4,,,,58560.0,1.22,,,,,无,,
002847.SZ,盐津铺子,20200224,食品饮料行业：万亿休闲食品市场，线上和线下有望诞生多家龙头,非个股,一般报告,广发证券,"王永锋,王文丹,洪涛,陈涛",2020Q4,,,,16820.4,1.31,,,17.0,,买入,,
688016.SH,心脉医疗,20200224,新增康希诺等5家企业，第四批科创基金陆续认购—科创板生物医药公司系列研究第30期,非个股,一般报告,民生证券,孙建,2020Q4,,,,17922.559,2.49,,,,,无,,
603596.SH,伯特利,20200224,汽车与零部件行业：若出台刺激需求政策，疫情控制后将加强需求释放的力度,非个股,一般报告,东方证券,"姜雪晴,周翰",2021Q4,,,,58015.662,1.42,,,,,无,,
603788.SH,宁波高发,20200224,汽车与零部件行业：若出台刺激需求政策，疫情控制后将加强需求释放的力度,非个股,一般报告,东方证券,"姜雪晴,周翰",2021Q4,,,,27437.003,1.23,,,,,无,,
600323.SH,瀚蓝环境,20200224,环保Ⅱ：变废为宝，深度融合,非个股,一般报告,国信证券,"陈青青,姚键,王宁",2019Q4,,,,92500.0,1.207,,,,,买入,,
688139.SH,海尔生物,20200224,新增康希诺等5家企业，第四批科创基金陆续认购—科创板生物医药公司系列研究第30期,非个股,一般报告,民生证券,孙建,2021Q4,,,,34243.75,1.08,,,,,无,,
000999.SZ,华润三九,20200224,短期聚焦科技与一季报，中长期择机布局核心资产－－医药行业周报（2020.2.17－2020.2.23）,非个股,一般报告,兴业证券,徐佳熹,2021Q4,,,,212421.3,2.17,,,,,审慎增持,,
603786.SH,科博达,20200224,11部委下发《智能汽车创新发展战略》，把握汽车智能网联机遇,非个股,一般报告,国信证券,"梁超,唐旭霞",2020Q4,,,,60815.2,1.52,,,,,增持,,
688321.SH,微芯生物,20200224,新增康希诺等5家企业，第四批科创基金陆续认购—科创板生物医药公司系列研究第30期,非个股,一般报告,民生证券,孙建,2020Q4,,,,6970.0,0.17,,,,,无,,
002027.SZ,分众传媒,20200224,工信部加速5G商用推进，广电总局规范网综、剧集——互联网传媒行业周观点（02.17－02.23）,非个股,一般报告,万联证券,"王思敏,徐益彬,孔文彬",2019Q4,,,,176134.563,0.12,,,,,增持,,
300123.SZ,亚光科技,20200224,自主可控势在必行，看好航发＋大飞机产业链—军工行业周报,非个股,一般报告,民生证券,王一川,2020Q4,,,,33251.817,0.33,,,,,推荐,,
002142.SZ,宁波银行,20200224,周观点：复工速度加快，信贷需求回升—银行周报,非个股,一般报告,民生证券,郭其伟,2020Q4,,,,1592817.256,2.83,,,,,谨慎推荐,,
688029.SH,南微医学,20200224,新增康希诺等5家企业，第四批科创基金陆续认购—科创板生物医药公司系列研究第30期,非个股,一般报告,民生证券,孙建,2019Q4,,,,28268.08,2.12,,,,,无,,
300552.SZ,万集科技,20200224,信息技术：车路协同政策落地加速，千亿级市场空间打开,非个股,一般报告,国信证券,"熊莉,于威业",2020Q4,,,,65962.56,6.0,,,,,增持,,
688363.SH,华熙生物,20200224,新增康希诺等5家企业，第四批科创基金陆续认购—科创板生物医药公司系列研究第30期,非个股,一般报告,民生证券,孙建,2020Q4,,,,78240.0,1.63,,,,,无,,
600362.SH,江西铜业,20200224,供给收缩，钴价反弹趋势不改——有色金属周报,非个股,一般报告,光大证券,"李伟峰,刘慨昂,王招华",2019Q4,,,,283943.811,0.82,,,,,买入,,
601658.SH,邮储银行,20200224,再论价值板块抱团方向——基于行业格局的综合视角,非个股,一般报告,国泰君安,无,2019Q4,,,,6262456.478,0.72,,,,,增持,,
688266.SH,泽璟制药,20200224,新增康希诺等5家企业，第四批科创基金陆续认购—科创板生物医药公司系列研究第30期,非个股,一般报告,民生证券,孙建,2021Q4,,,,-16080.0,-0.67,,,,,无,,
600323.SH,瀚蓝环境,20200224,环保Ⅱ：变废为宝，深度融合,非个股,一般报告,国信证券,"陈青青,姚键,王宁",2021Q4,,,,127200.0,1.66,,,,,买入,,
300258.SZ,精锻科技,20200224,汽车与零部件行业：若出台刺激需求政策，疫情控制后将加强需求释放的力度,非个股,一般报告,东方证券,"姜雪晴,周翰",2021Q4,,,,31185.0,0.77,,,,,无,,
601238.SH,广汽集团,20200224,汽车与零部件行业：若出台刺激需求政策，疫情控制后将加强需求释放的力度,非个股,一般报告,东方证券,"姜雪晴,周翰",2020Q4,,,,1023770.761,1.0,,,,,无,,
600674.SH,川投能源,20200224,环保及公用事业行业周报：地方环保投入向上，企业融资改善逐步显现；能源成本降低促复工，电网与燃气上游为主体,非个股,一般报告,华创证券,"庞天一,黄秀杰,王兆康",2020Q4,,,,316000.0,0.718,,,,,强推,,11.16
300413.SZ,芒果超媒,20200224,业绩估值戴维斯双击，继续坚定看好传媒板块—传媒周报,非个股,一般报告,民生证券,"刘欣,钟奇",2019Q4,,,,117504.916,0.66,,,,,推荐,,
600030.SH,中信证券,20200224,证券：政策面持续宽松，中长期坚定布局券商板块,非个股,一般报告,财富证券,滕毅,2019Q4,,,,1235924.657,1.02,,,,,推荐,,
600699.SH,均胜电子,20200224,汽车与零部件行业：若出台刺激需求政策，疫情控制后将加强需求释放的力度,非个股,一般报告,东方证券,"姜雪晴,周翰",2020Q4,,,,136098.937,1.1,,,,,无,,
688278.SH,特宝生物,20200224,新增康希诺等5家企业，第四批科创基金陆续认购—科创板生物医药公司系列研究第30期,非个股,一般报告,民生证券,孙建,2020Q4,,,,9356.4,0.23,,,,,无,,
300782.SZ,卓胜微,20200224,Maxscend：Switch_product_mix_upgrade；raise_12m_TP_to_Rmb684；Buy,点评,一般报告,高盛集团（Goldman Sachs）,"Verena Jeng,Allen Chang,Lynn Luo",2021Q4,317310.0,168300.0,122030.0,105670.0,10.57,,0.4,38.8,46.0,Buy,,684.0
600362.SH,江西铜业,20200224,供给收缩，钴价反弹趋势不改——有色金属周报,非个股,一般报告,光大证券,"李伟峰,刘慨昂,王招华",2020Q4,,,,339347.482,0.98,,,,,买入,,
688166.SH,博瑞医药,20200224,新增康希诺等5家企业，第四批科创基金陆续认购—科创板生物医药公司系列研究第30期,非个股,一般报告,民生证券,孙建,2019Q4,,,,10660.0,0.26,,,,,无,,
000625.SZ,长安汽车,20200224,汽车与零部件行业：若出台刺激需求政策，疫情控制后将加强需求释放的力度,非个股,一般报告,东方证券,"姜雪晴,周翰",2020Q4,,,,331382.747,0.69,,,,,无,,
601633.SH,长城汽车,20200224,汽车行业周报：汽车消费刺激政策有望出台，《智能汽车创新发展战略》发布,非个股,一般报告,中银国际,"魏敏,朱朋",2019Q4,,,,447236.181,0.49,,,,,买入,,
002142.SZ,宁波银行,20200224,周观点：复工速度加快，信贷需求回升—银行周报,非个股,一般报告,民生证券,郭其伟,2019Q4,,,,1345170.757,2.39,,,,,谨慎推荐,,
600519.SH,贵州茅台,20200224,贵州茅台首次覆盖报告：行稳致远，工匠精神打造液体金字塔,一般,首次评级,万联证券,陈雯,2020Q4,9894376.0,,6707700.0,4663000.0,37.12,29.98,,30.0,18.0,增持,,1262.0
300474.SZ,景嘉微,20200224,自主可控势在必行，看好航发＋大飞机产业链—军工行业周报,非个股,一般报告,民生证券,王一川,2019Q4,,,,17775.115,0.59,,,,,推荐,,
600760.SH,中航沈飞,20200224,自主可控势在必行，看好航发＋大飞机产业链—军工行业周报,非个股,一般报告,民生证券,王一川,2020Q4,,,,110630.754,0.79,,,,,推荐,,
600933.SH,爱柯迪,20200224,汽车与零部件行业：若出台刺激需求政策，疫情控制后将加强需求释放的力度,非个股,一般报告,东方证券,"姜雪晴,周翰",2021Q4,,,,68590.232,0.8,,,,,无,,
000725.SZ,京东方A,20200224,电子元器件：供需紧张加剧，大尺寸面板价格加速上涨,非个股,一般报告,国信证券,"欧阳仕华,高峰",2019Q4,,,,313185.589,0.09,,,,,买入,,
000100.SZ,TCL科技,20200224,电子元器件：供需紧张加剧，大尺寸面板价格加速上涨,非个股,一般报告,国信证券,"欧阳仕华,高峰",2020Q4,,,,459966.916,0.34,,,,,买入,,
002920.SZ,德赛西威,20200224,汽车与零部件行业：若出台刺激需求政策，疫情控制后将加强需求释放的力度,非个股,一般报告,东方证券,"姜雪晴,周翰",2021Q4,,,,50050.0,0.91,,,,,无,,
002609.SZ,捷顺科技,20200224,计算机：《智能汽车创新发展战略》通知点评：对比意见征求稿重塑行业预期,非个股,一般报告,中银国际,杨思睿,2020Q4,,,,27752.189,0.43,,,,,买入,,
601799.SH,星宇股份,20200224,汽车与零部件行业：若出台刺激需求政策，疫情控制后将加强需求释放的力度,非个股,一般报告,东方证券,"姜雪晴,周翰",2021Q4,,,,117089.818,4.24,,,,,无,,
600741.SH,华域汽车,20200224,11部委下发《智能汽车创新发展战略》，把握汽车智能网联机遇,非个股,一般报告,国信证券,"梁超,唐旭霞",2019Q4,,,,819708.236,2.6,,,,,买入,,
600933.SH,爱柯迪,20200224,汽车与零部件行业：若出台刺激需求政策，疫情控制后将加强需求释放的力度,非个股,一般报告,东方证券,"姜雪晴,周翰",2019Q4,,,,45441.029,0.53,,,,,无,,
600511.SH,国药股份,20200224,短期聚焦科技与一季报，中长期择机布局核心资产－－医药行业周报（2020.2.17－2020.2.23）,非个股,一般报告,兴业证券,徐佳熹,2021Q4,,,,211260.839,2.8,,,,,审慎增持,,
000050.SZ,深天马A,20200224,电子元器件：供需紧张加剧，大尺寸面板价格加速上涨,非个股,一般报告,国信证券,"欧阳仕华,高峰",2020Q4,,,,235534.151,1.15,,,,,买入,,
002041.SZ,登海种业,20200224,节后补栏延迟，继续推荐猪鸡养殖：农林牧渔行业每周观点,非个股,一般报告,中信证券,"盛夏,熊承慧,彭家乐,朱欣頔",2020Q4,,,,13200.0,0.15,,,,,增持,,
002594.SZ,比亚迪,20200224,汽车与零部件行业：若出台刺激需求政策，疫情控制后将加强需求释放的力度,非个股,一般报告,东方证券,"姜雪晴,周翰",2019Q4,,,,180057.428,0.66,,,,,无,,
300750.SZ,宁德时代,20200224,汽车与零部件行业：若出台刺激需求政策，疫情控制后将加强需求释放的力度,非个股,一般报告,东方证券,"姜雪晴,周翰",2020Q4,,,,556516.724,2.52,,,,,无,,
600114.SH,东睦股份,20200224,供给收缩，钴价反弹趋势不改——有色金属周报,非个股,一般报告,光大证券,"李伟峰,刘慨昂,王招华",2019Q4,,,,16028.741,0.26,,,,,增持,,
300782.SZ,卓胜微,20200224,Maxscend：Switch_product_mix_upgrade；raise_12m_TP_to_Rmb684；Buy,点评,一般报告,高盛集团（Goldman Sachs）,"Verena Jeng,Allen Chang,Lynn Luo",2019Q4,126190.0,66600.0,48790.0,42360.0,4.236,,0.2,37.8,105.4,Buy,,684.0
002672.SZ,东江环保,20200224,环境基建将是未来经济建设恢复的重要投资方向：环保／电力周报第190期,非个股,一般报告,招商证券,"朱纯阳,张晨,宋盈盈",2019Q4,,,,46601.156,0.53,,,,,无,,
603678.SH,火炬电子,20200224,自主可控势在必行，看好航发＋大飞机产业链—军工行业周报,非个股,一般报告,民生证券,王一川,2020Q4,,,,56130.578,1.24,,,,,推荐,,
603730.SH,岱美股份,20200224,汽车与零部件行业：若出台刺激需求政策，疫情控制后将加强需求释放的力度,非个股,一般报告,东方证券,"姜雪晴,周翰",2020Q4,,,,79718.309,1.99,,,,,无,,
000100.SZ,TCL科技,20200224,电子元器件：供需紧张加剧，大尺寸面板价格加速上涨,非个股,一般报告,国信证券,"欧阳仕华,高峰",2019Q4,,,,324682.529,0.24,,,,,买入,,
601799.SH,星宇股份,20200224,汽车与零部件行业：若出台刺激需求政策，疫情控制后将加强需求释放的力度,非个股,一般报告,东方证券,"姜雪晴,周翰",2019Q4,,,,75666.534,2.74,,,,,无,,
603939.SH,益丰药房,20200224,医药生物：疫情下半场医药投资：成长及科技属性为上,非个股,一般报告,中信建投,"贺菊颖,阳明春",2021Q4,,,,96246.317,2.54,,,,,无,,
002179.SZ,中航光电,20200224,自主可控势在必行，看好航发＋大飞机产业链—军工行业周报,非个股,一般报告,民生证券,王一川,2020Q4,,,,146420.661,1.33,,,,,推荐,,
000625.SZ,长安汽车,20200224,汽车与零部件行业：若出台刺激需求政策，疫情控制后将加强需求释放的力度,非个股,一般报告,东方证券,"姜雪晴,周翰",2019Q4,,,,-144079.455,-0.3,,,,,无,,
688298.SH,东方生物,20200224,新增康希诺等5家企业，第四批科创基金陆续认购—科创板生物医药公司系列研究第30期,非个股,一般报告,民生证券,孙建,2019Q4,,,,7680.0,0.64,,,,,无,,
000338.SZ,潍柴动力,20200224,汽车与零部件行业：若出台刺激需求政策，疫情控制后将加强需求释放的力度,非个股,一般报告,东方证券,"姜雪晴,周翰",2019Q4,,,,967932.615,1.22,,,,,无,,
000807.SZ,云铝股份,20200224,供给收缩，钴价反弹趋势不改——有色金属周报,非个股,一般报告,光大证券,"李伟峰,刘慨昂,王招华",2019Q4,,,,31282.066,0.1,,,,,增持,,
000063.SZ,中兴通讯,20200224,通信行业周报（2.17－2.23）：发挥通信新基建支柱作用，5G有望爆发式补进,非个股,一般报告,兴业证券,"谢恒,杨尚东",2020Q4,,,,654496.317,1.42,,,,,审慎增持,,
603939.SH,益丰药房,20200224,医药生物：疫情下半场医药投资：成长及科技属性为上,非个股,一般报告,中信建投,"贺菊颖,阳明春",2020Q4,,,,73510.966,1.94,,,,,无,,
300628.SZ,亿联网络,20200224,通信行业周报（2.17－2.23）：发挥通信新基建支柱作用，5G有望爆发式补进,非个股,一般报告,兴业证券,"谢恒,杨尚东",2019Q4,,,,122291.064,2.04,,,,,审慎增持,,
688202.SH,美迪西,20200224,新增康希诺等5家企业，第四批科创基金陆续认购—科创板生物医药公司系列研究第30期,非个股,一般报告,民生证券,孙建,2020Q4,,,,8742.0,1.41,,,,,无,,
688177.SH,百奥泰,20200224,新增康希诺等5家企业，第四批科创基金陆续认购—科创板生物医药公司系列研究第30期,非个股,一般报告,民生证券,孙建,2021Q4,,,,-79089.28,-1.91,,,,,无,,
603788.SH,宁波高发,20200224,汽车与零部件行业：若出台刺激需求政策，疫情控制后将加强需求释放的力度,非个股,一般报告,东方证券,"姜雪晴,周翰",2019Q4,,,,19852.791,0.89,,,,,无,,
600511.SH,国药股份,20200224,短期聚焦科技与一季报，中长期择机布局核心资产－－医药行业周报（2020.2.17－2020.2.23）,非个股,一般报告,兴业证券,徐佳熹,2019Q4,,,,157691.127,2.09,,,,,审慎增持,,
600578.SH,京能电力,20200224,环境基建将是未来经济建设恢复的重要投资方向：环保／电力周报第190期,非个股,一般报告,招商证券,"朱纯阳,张晨,宋盈盈",2019Q4,,,,168668.361,0.25,,,,,审慎推荐,,
000338.SZ,潍柴动力,20200224,汽车与零部件行业：若出台刺激需求政策，疫情控制后将加强需求释放的力度,非个股,一般报告,东方证券,"姜雪晴,周翰",2021Q4,,,,1134543.967,1.43,,,,,无,,
688139.SH,海尔生物,20200224,新增康希诺等5家企业，第四批科创基金陆续认购—科创板生物医药公司系列研究第30期,非个股,一般报告,民生证券,孙建,2020Q4,,,,26316.956,0.83,,,,,无,,
603786.SH,科博达,20200224,11部委下发《智能汽车创新发展战略》，把握汽车智能网联机遇,非个股,一般报告,国信证券,"梁超,唐旭霞",2019Q4,,,,51212.8,1.28,,,,,增持,,
002555.SZ,三七互娱,20200224,业绩估值戴维斯双击，继续坚定看好传媒板块—传媒周报,非个股,一般报告,民生证券,"刘欣,钟奇",2020Q4,,,,245021.197,1.16,,,,,推荐,,
300258.SZ,精锻科技,20200224,行业政策托底明显，中国智能汽车战略形成——《2020／2／17－2020／2／23》汽车周报,非个股,一般报告,申万宏源证券,"宋亭亭,竺绍迪",2020Q4,,,,24300.0,0.6,,,,,无,,
601231.SH,环旭电子,20200224,USI：UWB－growing_adoption_in_smartphones，wearables，and_tags；Buy,点评,一般报告,高盛集团（Goldman Sachs）,"Lynn Luo,Allen Chang,Verena Jeng",2019Q4,3720420.0,370500.0,143280.0,126210.0,0.58,,1.3,12.8,16.1,Buy,,29.8
601238.SH,广汽集团,20200224,汽车与零部件行业：若出台刺激需求政策，疫情控制后将加强需求释放的力度,非个股,一般报告,东方证券,"姜雪晴,周翰",2019Q4,,,,808778.901,0.79,,,,,无,,
300036.SZ,超图软件,20200224,HMS于华为，意在补齐软件开发短板——华为HMS专题报告,非个股,一般报告,民生证券,"强超廷,应瑛",2019Q4,,,,21128.256,0.47,,,,,推荐,,
000807.SZ,云铝股份,20200224,供给收缩，钴价反弹趋势不改——有色金属周报,非个股,一般报告,光大证券,"李伟峰,刘慨昂,王招华",2020Q4,,,,25025.652,0.08,,,,,增持,,
300782.SZ,卓胜微,20200224,Maxscend：Switch_product_mix_upgrade；raise_12m_TP_to_Rmb684；Buy,点评,一般报告,高盛集团（Goldman Sachs）,"Verena Jeng,Allen Chang,Lynn Luo",2020Q1,,,,,1.59,,,,,Buy,,684.0
688321.SH,微芯生物,20200224,新增康希诺等5家企业，第四批科创基金陆续认购—科创板生物医药公司系列研究第30期,非个股,一般报告,民生证券,孙建,2019Q4,,,,4100.0,0.1,,,,,无,,
002322.SZ,理工环科,20200224,环境基建将是未来经济建设恢复的重要投资方向：环保／电力周报第190期,非个股,一般报告,招商证券,"朱纯阳,张晨,宋盈盈",2019Q4,,,,34112.95,0.86,,,,,无,,
300021.SZ,大禹节水,20200224,环境基建将是未来经济建设恢复的重要投资方向：环保／电力周报第190期,非个股,一般报告,招商证券,"朱纯阳,张晨,宋盈盈",2019Q4,,,,22326.099,0.28,,,,,无,,
601200.SH,上海环境,20200224,环保Ⅱ：变废为宝，深度融合,非个股,一般报告,国信证券,"陈青青,姚键,王宁",2019Q4,,,,58300.0,0.638,,,,,买入,,
601238.SH,广汽集团,20200224,汽车与零部件行业：若出台刺激需求政策，疫情控制后将加强需求释放的力度,非个股,一般报告,东方证券,"姜雪晴,周翰",2021Q4,,,,1167098.668,1.14,,,,,无,,
600104.SH,上汽集团,20200224,汽车与零部件行业：若出台刺激需求政策，疫情控制后将加强需求释放的力度,非个股,一般报告,东方证券,"姜雪晴,周翰",2021Q4,,,,3434937.641,2.94,,,,,无,,
002142.SZ,宁波银行,20200224,再论价值板块抱团方向——基于行业格局的综合视角,非个股,一般报告,国泰君安,无,2020Q4,,,,1626587.234,2.89,,,,,增持,,
300750.SZ,宁德时代,20200224,汽车与零部件行业：若出台刺激需求政策，疫情控制后将加强需求释放的力度,非个股,一般报告,东方证券,"姜雪晴,周翰",2019Q4,,,,448305.139,2.03,,,,,无,,
300036.SZ,超图软件,20200224,HMS于华为，意在补齐软件开发短板——华为HMS专题报告,非个股,一般报告,民生证券,"强超廷,应瑛",2020Q4,,,,28770.391,0.64,,,,,推荐,,
600104.SH,上汽集团,20200224,汽车与零部件行业：若出台刺激需求政策，疫情控制后将加强需求释放的力度,非个股,一般报告,东方证券,"姜雪晴,周翰",2019Q4,,,,2839081.112,2.43,,,,,无,,
600760.SH,中航沈飞,20200224,自主可控势在必行，看好航发＋大飞机产业链—军工行业周报,非个股,一般报告,民生证券,王一川,2019Q4,,,,89624.914,0.64,,,,,推荐,,
300258.SZ,精锻科技,20200224,行业政策托底明显，中国智能汽车战略形成——《2020／2／17－2020／2／23》汽车周报,非个股,一般报告,申万宏源证券,"宋亭亭,竺绍迪",2019Q4,,,,24300.0,0.6,,,,,无,,
600741.SH,华域汽车,20200224,汽车与零部件行业：若出台刺激需求政策，疫情控制后将加强需求释放的力度,非个股,一般报告,东方证券,"姜雪晴,周翰",2021Q4,,,,813402.788,2.58,,,,,无,,
000063.SZ,中兴通讯,20200224,通信行业周报（2.17－2.23）：发挥通信新基建支柱作用，5G有望爆发式补进,非个股,一般报告,兴业证券,"谢恒,杨尚东",2019Q4,,,,497785.931,1.08,,,,,审慎增持,,
600674.SH,川投能源,20200224,环保及公用事业行业周报：地方环保投入向上，企业融资改善逐步显现；能源成本降低促复工，电网与燃气上游为主体,非个股,一般报告,华创证券,"庞天一,黄秀杰,王兆康",2021Q4,,,,321000.0,0.729,,,,,强推,,11.16
688016.SH,心脉医疗,20200224,新增康希诺等5家企业，第四批科创基金陆续认购—科创板生物医药公司系列研究第30期,非个股,一般报告,民生证券,孙建,2021Q4,,,,24040.701,3.34,,,,,无,,
603799.SH,华友钴业,20200224,供给收缩，钴价反弹趋势不改——有色金属周报,非个股,一般报告,光大证券,"李伟峰,刘慨昂,王招华",2020Q4,,,,100150.348,0.9,,,,,增持,,
300258.SZ,精锻科技,20200224,汽车与零部件行业：若出台刺激需求政策，疫情控制后将加强需求释放的力度,非个股,一般报告,东方证券,"姜雪晴,周翰",2020Q4,,,,25920.0,0.64,,,,,无,,
002920.SZ,德赛西威,20200224,汽车与零部件行业：若出台刺激需求政策，疫情控制后将加强需求释放的力度,非个股,一般报告,东方证券,"姜雪晴,周翰",2020Q4,,,,35200.0,0.64,,,,,无,,
000338.SZ,潍柴动力,20200224,汽车与零部件行业：若出台刺激需求政策，疫情控制后将加强需求释放的力度,非个股,一般报告,东方证券,"姜雪晴,周翰",2020Q4,,,,1055205.228,1.33,,,,,无,,
688177.SH,百奥泰,20200224,新增康希诺等5家企业，第四批科创基金陆续认购—科创板生物医药公司系列研究第30期,非个股,一般报告,民生证券,孙建,2019Q4,,,,-107246.72,-2.59,,,,,无,,
002594.SZ,比亚迪,20200224,汽车与零部件行业：若出台刺激需求政策，疫情控制后将加强需求释放的力度,非个股,一般报告,东方证券,"姜雪晴,周翰",2021Q4,,,,313736.428,1.15,,,,,无,,
002373.SZ,千方科技,20200224,信息技术：车路协同政策落地加速，千亿级市场空间打开,非个股,一般报告,国信证券,"熊莉,于威业",2019Q4,,,,99898.325,0.67,,,,,增持,,
688298.SH,东方生物,20200224,新增康希诺等5家企业，第四批科创基金陆续认购—科创板生物医药公司系列研究第30期,非个股,一般报告,民生证券,孙建,2021Q4,,,,12120.0,1.01,,,,,无,,
601200.SH,上海环境,20200224,环保Ⅱ：变废为宝，深度融合,非个股,一般报告,国信证券,"陈青青,姚键,王宁",2021Q4,,,,81300.0,0.89,,,,,买入,,
600323.SH,瀚蓝环境,20200224,环保Ⅱ：变废为宝，深度融合,非个股,一般报告,国信证券,"陈青青,姚键,王宁",2020Q4,,,,110800.0,1.446,,,,,买入,,
300474.SZ,景嘉微,20200224,自主可控势在必行，看好航发＋大飞机产业链—军工行业周报,非个股,一般报告,民生证券,王一川,2020Q4,,,,27415.855,0.91,,,,,推荐,,
688026.SH,洁特生物,20200224,新增康希诺等5家企业，第四批科创基金陆续认购—科创板生物医药公司系列研究第30期,非个股,一般报告,民生证券,孙建,2021Q4,,,,9000.0,0.9,,,,,无,,
688177.SH,百奥泰,20200224,新增康希诺等5家企业，第四批科创基金陆续认购—科创板生物医药公司系列研究第30期,非个股,一般报告,民生证券,孙建,2020Q4,,,,-77432.96,-1.87,,,,,无,,
000725.SZ,京东方A,20200224,电子元器件：供需紧张加剧，大尺寸面板价格加速上涨,非个股,一般报告,国信证券,"欧阳仕华,高峰",2020Q4,,,,417580.785,0.12,,,,,买入,,
002373.SZ,千方科技,20200224,信息技术：车路协同政策落地加速，千亿级市场空间打开,非个股,一般报告,国信证券,"熊莉,于威业",2020Q4,,,,132700.76,0.89,,,,,增持,,
601799.SH,星宇股份,20200224,汽车与零部件行业：若出台刺激需求政策，疫情控制后将加强需求释放的力度,非个股,一般报告,东方证券,"姜雪晴,周翰",2020Q4,,,,95549.71,3.46,,,,,无,,
000598.SZ,兴蓉环境,20200224,兴蓉环境：获三峡集团举牌，期待协同效应释放,点评,一般报告,财富证券,黄红卫,2020Q4,505571.0,,,123384.0,0.41,11.25,,,,推荐,,
601658.SH,邮储银行,20200224,再论价值板块抱团方向——基于行业格局的综合视角,非个股,一般报告,国泰君安,无,2020Q4,,,,7132242.1,0.82,,,,,增持,,
002179.SZ,中航光电,20200224,自主可控势在必行，看好航发＋大飞机产业链—军工行业周报,非个股,一般报告,民生证券,王一川,2019Q4,,,,116696.166,1.06,,,,,推荐,,
688026.SH,洁特生物,20200224,新增康希诺等5家企业，第四批科创基金陆续认购—科创板生物医药公司系列研究第30期,非个股,一般报告,民生证券,孙建,2019Q4,,,,6400.0,0.64,,,,,无,,
002837.SZ,英维克,20200224,机械设备：服务器需求旺盛，温控设备有望快速增长,非个股,一般报告,财富证券,"黄红卫,刘崇武",2019Q4,,,,16111.808,0.75,,,,,谨慎推荐,,
601158.SH,重庆水务,20200224,环境基建将是未来经济建设恢复的重要投资方向：环保／电力周报第190期,非个股,一般报告,招商证券,"朱纯阳,张晨,宋盈盈",2019Q4,,,,172800.0,0.36,,,,,无,,
002041.SZ,登海种业,20200224,节后补栏延迟，继续推荐猪鸡养殖：农林牧渔行业每周观点,非个股,一般报告,中信证券,"盛夏,熊承慧,彭家乐,朱欣頔",2021Q4,,,,27280.0,0.31,,,,,增持,,
688363.SH,华熙生物,20200224,新增康希诺等5家企业，第四批科创基金陆续认购—科创板生物医药公司系列研究第30期,非个股,一般报告,民生证券,孙建,2021Q4,,,,102720.0,2.14,,,,,无,,
002182.SZ,云海金属,20200224,推荐氢能源上游铂，继续看好黄金和优质成长龙头——有色金属一周回顾（2020／2／17—2020／2／21）,非个股,一般报告,申万宏源证券,"徐若旭,王宏为,史霜霜",2019Q4,,,,82742.085,1.28,,,,,无,,
688202.SH,美迪西,20200224,新增康希诺等5家企业，第四批科创基金陆续认购—科创板生物医药公司系列研究第30期,非个股,一般报告,民生证券,孙建,2021Q4,,,,10726.0,1.73,,,,,无,,
300482.SZ,万孚生物,20200224,万孚生物：多个产品积极抗疫新冠病毒检测试剂盒最新获批，立足POCT领域持续推出新产品，未来有望继续保持领先优势实现快速增长,深度,首次关注,华西证券,崔文亮,2020Q4,249489.0,,68436.0,53901.0,1.57,42.03,,18.83,,买入,,
300482.SZ,万孚生物,20200224,万孚生物：多个产品积极抗疫新冠病毒检测试剂盒最新获批，立足POCT领域持续推出新产品，未来有望继续保持领先优势实现快速增长,深度,首次关注,华西证券,崔文亮,2019Q4,198007.0,,49179.0,38832.0,1.13,58.33,,16.71,,买入,,
300003.SZ,乐普医疗,20200224,乐普医疗：业绩略超预期，器械创新持续推进不改器械龙头地位,点评,一般报告,华西证券,"崔文亮,谭国超",2021Q4,1211562.0,,370637.0,309183.0,1.74,20.08,,23.39,,买入,,
300003.SZ,乐普医疗,20200224,乐普医疗：业绩略超预期，器械创新持续推进不改器械龙头地位,点评,一般报告,华西证券,"崔文亮,谭国超",2020Q4,969250.0,,285923.0,238497.0,1.34,26.03,,23.55,,买入,,
002557.SZ,洽洽食品,20200224,洽洽食品：业绩持续超预期，单品有望继续发力,点评,一般报告,财信证券,"杨甫,何颖,张昕奕",2021Q4,659024.0,,,85342.0,1.68,18.95,,,,推荐,,
002557.SZ,洽洽食品,20200224,洽洽食品：业绩持续超预期，单品有望继续发力,点评,一般报告,财富证券,"杨甫,何颖,张昕奕",2020Q4,577530.0,,,74101.0,1.46,21.82,,,,推荐,,
002557.SZ,洽洽食品,20200224,洽洽食品：业绩持续超预期，单品有望继续发力,点评,一般报告,财富证券,"杨甫,何颖,张昕奕",2019Q4,483710.0,,,60234.0,1.19,26.84,,,,推荐,,
300482.SZ,万孚生物,20200224,万孚生物：多个产品积极抗疫新冠病毒检测试剂盒最新获批，立足POCT领域持续推出新产品，未来有望继续保持领先优势实现快速增长,深度,首次关注,华西证券,崔文亮,2021Q4,321841.0,,91663.0,71896.0,2.1,31.51,,20.07,,买入,,
002959.SZ,小熊电器,20200224,小熊电器：四季报收入维持高增速，业绩弹性超市场预期,一般,一般报告,太平洋证券,肖垚,2019Q4,269244.0,,,25986.0,2.17,31.46,,,,买入,,85.0
000961.SZ,中南建设,20200224,中南建设：高管自愿增持，彰显发展信心,点评,一般报告,华西证券,"由子沛,侯希得",2021Q4,13152600.0,,1475600.0,904200.0,2.43,3.4,,24.61,,增持,,
300003.SZ,乐普医疗,20200224,乐普医疗：业绩略超预期，器械创新持续推进不改器械龙头地位,点评,一般报告,华西证券,"崔文亮,谭国超",2019Q4,775434.0,,206864.0,172247.0,0.97,36.05,,22.25,,买入,,
002959.SZ,小熊电器,20200224,小熊电器：四季报收入维持高增速，业绩弹性超市场预期,一般,一般报告,太平洋证券,肖垚,2021Q4,427355.0,,,42903.0,3.58,19.07,,,,买入,,85.0
002959.SZ,小熊电器,20200224,小熊电器：四季报收入维持高增速，业绩弹性超市场预期,一般,一般报告,太平洋证券,肖垚,2020Q4,341884.0,,,33782.0,2.82,24.21,,,,买入,,85.0
601088.SH,中国神华,20200224,中国神华：神华露天矿产能核增，1月产量基本未受疫情影响,点评,一般报告,华西证券,"丁一洪,洪奕昕",2021Q4,23987914.0,,6334200.0,4228395.0,2.13,7.86,,10.5,,买入,,25.56
601088.SH,中国神华,20200224,中国神华：神华露天矿产能核增，1月产量基本未受疫情影响,点评,一般报告,华西证券,"丁一洪,洪奕昕",2019Q4,23789554.0,,6394102.0,4214353.0,2.12,7.9,,11.92,,买入,,25.56
300726.SZ,宏达电子,20200224,宏达电子业绩快报点评：全年业绩符合预期，5G产品打开想象空间,点评,一般报告,太平洋证券,"马捷,刘倩倩,马浩然,王睿",2021Q4,148497.0,,56017.0,48220.0,1.21,26.55,,19.3,21.18,买入,,
002352.SZ,顺丰控股,20200224,顺丰控股：各项业务持续发力，疫情之下直营优势凸显,点评,一般报告,国盛证券,"张俊,郑树明",2021Q4,15525500.0,,941800.0,708600.0,1.61,28.6,,13.4,15.2,买入,,
000961.SZ,中南建设,20200224,中南建设：高管自愿增持，彰显发展信心,点评,一般报告,华西证券,"由子沛,侯希得",2019Q4,6742500.0,,588500.0,424900.0,1.14,7.23,,20.74,,增持,,
002216.SZ,三全食品,20200224,三全食品：收入超预期，疫情期间零售业务或较快增长,点评,一般报告,广发证券,"王永锋,王文丹,陈涛",2021Q4,745500.0,,54800.0,43900.0,0.55,32.25,,14.5,20.24,买入,,19.2
002216.SZ,三全食品,20200224,三全食品：收入超预期，疫情期间零售业务或较快增长,点评,一般报告,广发证券,"王永锋,王文丹,陈涛",2020Q4,668700.0,,39200.0,32200.0,0.4,43.96,,12.5,27.97,买入,,19.2
002352.SZ,顺丰控股,20200224,顺丰控股：各项业务持续发力，疫情之下直营优势凸显,点评,一般报告,国盛证券,"张俊,郑树明",2020Q4,13577600.0,,827900.0,629200.0,1.43,32.2,,13.4,17.7,买入,,
002352.SZ,顺丰控股,20200224,顺丰控股：各项业务持续发力，疫情之下直营优势凸显,点评,一般报告,国盛证券,"张俊,郑树明",2019Q4,11219300.0,,753200.0,579700.0,1.31,35.0,,13.8,20.3,买入,,
601088.SH,中国神华,20200224,中国神华：神华露天矿产能核增，1月产量基本未受疫情影响,点评,一般报告,华西证券,"丁一洪,洪奕昕",2020Q4,22909189.0,,5997926.0,3953233.0,1.99,8.41,,10.48,,买入,,25.56
002216.SZ,三全食品,20200224,三全食品：收入超预期，疫情期间零售业务或较快增长,点评,一般报告,广发证券,"王永锋,王文丹,陈涛",2019Q4,599200.0,,22900.0,21100.0,0.26,67.17,,9.3,44.55,买入,,19.2
688169.SH,石头科技,20200224,石头科技：软硬件护城河稳步提升,,首份报告,中信建投,吕娟,2021Q4,592258.0,,,108200.0,,30.78,,,,买入,,
300726.SZ,宏达电子,20200224,宏达电子业绩快报点评：全年业绩符合预期，5G产品打开想象空间,点评,一般报告,太平洋证券,"马捷,刘倩倩,马浩然,王睿",2020Q4,114228.0,,43483.0,37774.0,0.94,33.89,,18.0,27.25,买入,,
688169.SH,石头科技,20200224,石头科技：软硬件护城河稳步提升,,首份报告,中信建投,吕娟,2020Q4,495696.0,,,91725.0,,36.3,,,,买入,,
600601.SH,方正科技,20200224,方正科技：方正集团债务重组，公司估值加速修复,一般,首次关注,上海证券,袁威津,2021Q4,685100.0,,34500.0,25087.0,0.1143,30.27,,11.0,7.0,增持,,
600601.SH,方正科技,20200224,方正科技：方正集团债务重组，公司估值加速修复,一般,首次关注,上海证券,袁威津,2020Q4,635300.0,,3600.0,2597.0,0.0118,292.47,,1.0,10.0,增持,,
600601.SH,方正科技,20200224,方正科技：方正集团债务重组，公司估值加速修复,一般,首次关注,上海证券,袁威津,2019Q4,598610.0,,-134300.0,-130121.0,-0.59,,,-67.0,-18.0,增持,,
000961.SZ,中南建设,20200224,中南建设：高管自愿增持，彰显发展信心,点评,一般报告,华西证券,"由子沛,侯希得",2020Q4,10187900.0,,1155300.0,720900.0,1.93,4.26,,26.03,,增持,,
300726.SZ,宏达电子,20200224,宏达电子业绩快报点评：全年业绩符合预期，5G产品打开想象空间,点评,一般报告,太平洋证券,"马捷,刘倩倩,马浩然,王睿",2019Q4,84407.0,,33403.0,29333.0,0.73,43.65,,16.4,34.09,买入,,
688169.SH,石头科技,20200224,石头科技：软硬件护城河稳步提升,,首份报告,中信建投,吕娟,2019Q4,409105.0,,,75656.0,,44.01,,,,买入,,
002959.SZ,小熊电器,20200224,小熊电器：新品上市+拓展渠道，Q4超预期,点评,首份报告,安信证券,"张立聪,李奕臻",2021Q4,389000.0,,52000.0,39000.0,3.25,21.0,1.9,19.2,10.3,买入,,81.3
002959.SZ,小熊电器,20200224,小熊电器：新品上市+拓展渠道，Q4超预期,点评,首份报告,安信证券,"张立聪,李奕臻",2020Q4,327000.0,,43000.0,33000.0,2.71,25.2,1.4,18.1,12.6,买入,,81.3
002959.SZ,小熊电器,20200224,小熊电器：新品上市+拓展渠道，Q4超预期,点评,首份报告,安信证券,"张立聪,李奕臻",2019Q4,269000.0,,35000.0,26000.0,2.17,31.5,1.0,16.4,17.4,买入,,81.3
601928.SH,凤凰传媒,20200224,凤凰传媒：书香凤凰，和实生物,一般,一般报告,中金,张雪晴,2021Q4,1379100.0,514000.0,185800.0,170000.0,0.67,10.8,6.0,8.8,0.9,跑赢行业,,10.0
601928.SH,凤凰传媒,20200224,凤凰传媒：书香凤凰，和实生物,一般,一般报告,中金,张雪晴,2020Q4,1312900.0,488400.0,171600.0,157600.0,0.62,11.7,5.1,9.4,2.7,跑赢行业,,10.0
601928.SH,凤凰传媒,20200224,凤凰传媒：书香凤凰，和实生物,一般,一般报告,中金,张雪晴,2019Q4,1269700.0,470300.0,154100.0,141800.0,0.56,13.0,4.6,9.8,4.9,跑赢行业,,10.0
600989.SH,宝丰能源,20200224,宝丰能源：化工珍“宝”，等待“丰”收,深度,一般报告,财通证券,"虞小波,张兴宇",2020Q4,1852200.0,,655300.0,565400.0,0.77,11.6,3.1,28.6,8.4,增持,,
300454.SZ,深信服,20200224,深信服：横纵双向拓展进化，安全云计算比翼齐飞,深度,一般报告,国信证券,"熊莉,库宏垚",2020Q4,614100.0,,105500.0,94900.0,2.32,88.3,0.2,19.8,138.1,买入,,
000823.SZ,超声电子,20200224,超声电子：5G终端放量改善需求侧，老牌技术大厂重拾成长动能,一般,首次评级,中泰证券,"刘翔,胡杨",2021Q4,694360.0,152800.0,63800.0,45863.0,0.85,20.23,,9.78,,买入,,
000823.SZ,超声电子,20200224,超声电子：5G终端放量改善需求侧，老牌技术大厂重拾成长动能,一般,首次评级,中泰证券,"刘翔,胡杨",2019Q4,499070.0,110300.0,38800.0,27733.0,0.52,33.46,,6.75,,买入,,
603833.SH,欧派家居,20200224,欧派家居：持续崛起的定制家居行业龙头,一般,一般报告,中金,"樊俊豪,林瑶",2021Q4,1927000.0,,305400.0,258000.0,6.14,18.6,1.6,21.9,9.2,跑赢行业,,145.0
603833.SH,欧派家居,20200224,欧派家居：持续崛起的定制家居行业龙头,一般,一般报告,中金,"樊俊豪,林瑶",2020Q4,1652500.0,,265900.0,224700.0,5.35,21.4,1.4,22.5,11.2,跑赢行业,,145.0
603833.SH,欧派家居,20200224,欧派家居：持续崛起的定制家居行业龙头,一般,一般报告,中金,"樊俊豪,林瑶",2019Q4,1368100.0,,218100.0,187500.0,4.46,25.6,1.2,22.5,13.7,跑赢行业,,145.0
300033.SZ,同花顺,20200224,同花顺：市场成交量持续提升，带动业绩同步增长,点评,一般报告,安信证券,"胡又文,陈冠呈",2021Q4,260360.0,,150880.0,142090.0,2.64,55.7,0.5,24.7,52.7,买入,,160.0
300033.SZ,同花顺,20200224,同花顺：市场成交量持续提升，带动业绩同步增长,点评,一般报告,安信证券,"胡又文,陈冠呈",2020Q4,225150.0,,120930.0,113890.0,2.12,69.5,0.5,24.2,66.4,买入,,160.0
002214.SZ,大立科技,20200224,大立科技：公司主动提高回购价，彰显发展信心,点评,一般报告,银河证券,李良,2021Q4,135466.0,,,28759.0,0.63,33.33,,,,推荐,,
002214.SZ,大立科技,20200224,大立科技：公司主动提高回购价，彰显发展信心,点评,一般报告,银河证券,李良,2020Q4,157618.0,,,30762.0,0.67,31.34,,,,推荐,,
002214.SZ,大立科技,20200224,大立科技：公司主动提高回购价，彰显发展信心,点评,一般报告,银河证券,李良,2019Q4,56600.0,,,14018.0,0.31,67.74,,,,推荐,,
002032.SZ,苏泊尔,20200224,苏泊尔：相关多元化战略支撑的厨房领导品牌,一般,一般报告,中金,"何伟,韦一飞,褚君",2021Q4,2690700.0,,309400.0,259900.0,3.17,23.3,3.0,32.6,17.6,跑赢行业,,91.43
002032.SZ,苏泊尔,20200224,苏泊尔：相关多元化战略支撑的厨房领导品牌,一般,一般报告,中金,"何伟,韦一飞,褚君",2020Q4,2250500.0,,257900.0,216600.0,2.64,27.9,2.5,30.8,21.3,跑赢行业,,91.43
603719.SH,良品铺子,20200224,良品铺子首次覆盖报告：良心产品大家铺子，高端致胜高效铸城,一般,首次关注,国泰君安,"訾猛,陈彦辛",2020Q4,825600.0,,,36500.0,0.91,18.83,0.3,16.1,,增持,,36.0
600410.SH,华胜天成,20200224,华胜天成：牵手百度，打造防控大数据平台,点评,一般报告,安信证券,"胡又文,徐文杰",2020Q4,643610.0,,36320.0,30060.0,0.27,44.3,0.7,6.1,20.7,买入,,16.0
600410.SH,华胜天成,20200224,华胜天成：牵手百度，打造防控大数据平台,点评,一般报告,安信证券,"胡又文,徐文杰",2019Q4,574650.0,,27590.0,23050.0,0.21,57.8,0.5,5.1,24.0,买入,,16.0
300571.SZ,平治信息,20200224,平治信息深度报告：阅读与兆能双轮驱动业绩增长，5G建设提升硬件业务空间,深度,首份报告,信达证券,王建会,2021Q4,247726.0,,55195.0,37091.0,2.98,22.0,,28.67,13.72,增持,,
300571.SZ,平治信息,20200224,平治信息深度报告：阅读与兆能双轮驱动业绩增长，5G建设提升硬件业务空间,深度,首份报告,信达证券,王建会,2020Q4,213050.0,,48031.0,32277.0,2.59,25.0,,33.21,15.9,增持,,
600989.SH,宝丰能源,20200224,宝丰能源：化工珍“宝”，等待“丰”收,深度,一般报告,财通证券,"虞小波,张兴宇",2019Q4,1399900.0,,455500.0,393000.0,0.54,16.7,3.3,24.4,12.1,增持,,
600410.SH,华胜天成,20200224,华胜天成：牵手百度，打造防控大数据平台,点评,一般报告,安信证券,"胡又文,徐文杰",2021Q4,740150.0,,47230.0,38020.0,0.35,35.1,0.9,7.4,17.9,买入,,16.0
002128.SZ,露天煤业,20200224,露天煤业：低估值高股息的蒙东乃至东北地区煤炭龙头标的,深度,首次评级,申万宏源证券,"孟祥文,施佳瑜",2021Q4,2039200.0,,363000.0,306700.0,1.6,4.9,,14.9,1.5,买入,,
002128.SZ,露天煤业,20200224,露天煤业：低估值高股息的蒙东乃至东北地区煤炭龙头标的,深度,首次评级,申万宏源证券,"孟祥文,施佳瑜",2019Q4,1865700.0,,297000.0,250800.0,1.31,6.1,,16.9,3.6,买入,,
603596.SH,伯特利,20200224,伯特利：线控制动：自动驾驶和新能源车重要一环,一般,一般报告,国泰君安,"吴晓飞,石金漫,徐伟东",2021Q4,433900.0,118000.0,90900.0,71100.0,1.74,20.27,1.4,22.6,9.7,增持,,43.64
600989.SH,宝丰能源,20200224,宝丰能源：化工珍“宝”，等待“丰”收,深度,一般报告,财通证券,"虞小波,张兴宇",2021Q4,2298400.0,,857800.0,740100.0,1.01,8.9,3.4,29.7,6.5,增持,,
300454.SZ,深信服,20200224,深信服：横纵双向拓展进化，安全云计算比翼齐飞,深度,一般报告,国信证券,"熊莉,库宏垚",2021Q4,834800.0,,149400.0,134400.0,3.29,62.4,0.3,22.9,88.2,买入,,
300454.SZ,深信服,20200224,深信服：横纵双向拓展进化，安全云计算比翼齐飞,深度,一般报告,国信证券,"熊莉,库宏垚",2019Q4,440900.0,,82700.0,74500.0,1.82,112.6,0.2,18.5,185.3,买入,,
000823.SZ,超声电子,20200224,超声电子：5G终端放量改善需求侧，老牌技术大厂重拾成长动能,一般,首次评级,中泰证券,"刘翔,胡杨",2020Q4,605370.0,136800.0,51800.0,37121.0,0.69,25.0,,8.5,,买入,,
603719.SH,良品铺子,20200224,良品铺子首次覆盖报告：良心产品大家铺子，高端致胜高效铸城,一般,首次关注,国泰君安,"訾猛,陈彦辛",2021Q4,1111200.0,,,51900.0,1.29,13.25,0.3,18.6,,增持,,36.0
603719.SH,良品铺子,20200224,良品铺子首次覆盖报告：良心产品大家铺子，高端致胜高效铸城,一般,首次关注,国泰君安,"訾猛,陈彦辛",2019Q4,772000.0,,,33800.0,0.84,20.32,0.3,17.8,,增持,,36.0
300033.SZ,同花顺,20200224,同花顺：市场成交量持续提升，带动业绩同步增长,点评,一般报告,安信证券,"胡又文,陈冠呈",2022Q4,305490.0,,178420.0,168030.0,3.13,47.1,0.4,23.7,44.1,买入,,160.0
300033.SZ,同花顺,20200224,同花顺：市场成交量持续提升，带动业绩同步增长,点评,一般报告,安信证券,"胡又文,陈冠呈",2019Q4,174210.0,,95320.0,89770.0,1.67,88.2,0.0,22.5,42.6,买入,,160.0
002032.SZ,苏泊尔,20200224,苏泊尔：相关多元化战略支撑的厨房领导品牌,一般,一般报告,中金,"何伟,韦一飞,褚君",2019Q4,1992800.0,,229600.0,192900.0,2.35,31.4,2.2,30.8,24.1,跑赢行业,,91.43
300571.SZ,平治信息,20200224,平治信息深度报告：阅读与兆能双轮驱动业绩增长，5G建设提升硬件业务空间,深度,首份报告,信达证券,王建会,2019Q4,170614.0,,41889.0,28150.0,2.26,29.0,,41.84,18.64,增持,,
002128.SZ,露天煤业,20200224,露天煤业：低估值高股息的蒙东乃至东北地区煤炭龙头标的,深度,首次评级,申万宏源证券,"孟祥文,施佳瑜",2020Q4,1933300.0,,321200.0,271300.0,1.41,5.6,,15.5,2.5,买入,,
603596.SH,伯特利,20200224,伯特利：线控制动：自动驾驶和新能源车重要一环,一般,一般报告,国泰君安,"吴晓飞,石金漫,徐伟东",2020Q4,368900.0,97300.0,74300.0,58300.0,1.43,24.74,1.0,22.1,11.98,增持,,43.64
603596.SH,伯特利,20200224,伯特利：线控制动：自动驾驶和新能源车重要一环,一般,一般报告,国泰君安,"吴晓飞,石金漫,徐伟东",2019Q4,307100.0,74400.0,56600.0,42200.0,1.03,34.15,0.8,19.1,15.79,增持,,43.64
601828.SH,美凯龙,20200224,美凯龙凯龙：连锁家居商场龙头，求新求变迈向新蓝图,深度,首次关注,广发证券,"洪涛,赵中平,贾雨朦,徐成",2021Q4,2113900.0,,848500.0,619400.0,1.74,6.3,,11.1,5.58,买入,,17.4
601828.SH,美凯龙,20200224,美凯龙凯龙：连锁家居商场龙头，求新求变迈向新蓝图,深度,首次关注,广发证券,"洪涛,赵中平,贾雨朦,徐成",2020Q4,1799300.0,,706800.0,516000.0,1.45,7.56,,10.2,7.53,买入,,17.4
601828.SH,美凯龙,20200224,美凯龙凯龙：连锁家居商场龙头，求新求变迈向新蓝图,深度,首次关注,广发证券,"洪涛,赵中平,贾雨朦,徐成",2019Q4,1660500.0,,686700.0,501300.0,1.41,7.78,,11.0,8.74,买入,,17.4
300326.SZ,凯利泰,20200224,凯利泰：国内脊柱微创治疗龙头，Elliquence成长空间广阔,深度,首份报告,广发证券,"罗佳荣,李东升",2020Q4,136012.0,,47500.0,42300.0,0.58,33.36,,13.5,28.26,买入,,27.84
300326.SZ,凯利泰,20200224,凯利泰：国内脊柱微创治疗龙头，Elliquence成长空间广阔,深度,首份报告,广发证券,"罗佳荣,李东升",2019Q4,112981.0,,36000.0,31800.0,0.44,44.4,,11.5,36.91,买入,,27.84
002599.SZ,盛通股份,20200224,盛通股份公司跟踪研究报告：新增校区超预期，夯实在线教育,一般,一般报告,世纪证券,顾静,2021Q4,268239.0,,22471.0,18874.0,0.34,13.57,,9.54,,增持,,
002599.SZ,盛通股份,20200224,盛通股份公司跟踪研究报告：新增校区超预期，夯实在线教育,一般,一般报告,世纪证券,顾静,2020Q4,231297.0,,18686.0,15695.0,0.29,16.31,,8.65,,增持,,
300699.SZ,光威复材,20200224,光威复材业绩快报点评：业绩符合预期，继续看好公司未来成长,点评,首次关注,东莞证券,李隆海,2019Q4,171500.0,,60300.0,51900.0,1.0,56.0,,,,推荐,,
002043.SZ,兔宝宝,20200224,兔宝宝：装饰板材稳龙头，家居成品新势力,深度,一般报告,广发证券,"邹戈,谢璐,李振兴",2020Q4,642000.0,,58300.0,47900.0,0.62,12.28,,19.0,10.9,买入,,10.54
002043.SZ,兔宝宝,20200224,兔宝宝：装饰板材稳龙头，家居成品新势力,深度,一般报告,广发证券,"邹戈,谢璐,李振兴",2019Q4,457900.0,,46500.0,38200.0,0.49,15.38,,18.8,14.21,买入,,10.54
300242.SZ,佳云科技,20200224,佳云科技：面向控股股东定增，经营活力及稳定性可期,点评,首次关注,华西证券,"徐林锋,赵琳,李钊",2021Q4,650394.0,,22851.0,12854.0,0.2,24.34,,10.21,,增持,,
300242.SZ,佳云科技,20200224,佳云科技：面向控股股东定增，经营活力及稳定性可期,点评,首次关注,华西证券,"徐林锋,赵琳,李钊",2020Q4,600983.0,,14355.0,8075.0,0.13,38.74,,7.14,,增持,,
300242.SZ,佳云科技,20200224,佳云科技：面向控股股东定增，经营活力及稳定性可期,点评,首次关注,华西证券,"徐林锋,赵琳,李钊",2019Q4,549834.0,,2191.0,1216.0,0.0192,257.23,,1.16,,增持,,
002216.SZ,三全食品,20200224,三全食品：Q4业绩高增长，改革初见成效,点评,一般报告,国金证券,"卢周伟,寇星,刘宸倩",2020Q4,632500.0,212500.0,35000.0,27000.0,0.337,52.0,,10.78,,买入,,
002216.SZ,三全食品,20200224,三全食品：Q4业绩高增长，改革初见成效,点评,一般报告,国金证券,"卢周伟,寇星,刘宸倩",2019Q4,599200.0,200700.0,27300.0,21000.0,0.263,67.0,,9.32,,买入,,
600966.SH,博汇纸业,20200224,博汇纸业：白卡产业巨变，综合造纸龙头起航,深度,首次评级,东吴证券,"史凡可,马莉,傅嘉成",2021Q4,1961571.0,,184400.0,156694.0,1.17,6.25,,22.9,3.15,买入,,
600966.SH,博汇纸业,20200224,博汇纸业：白卡产业巨变，综合造纸龙头起航,深度,首次评级,东吴证券,"史凡可,马莉,傅嘉成",2019Q4,946958.0,,26000.0,21568.0,0.16,45.43,,4.1,7.89,买入,,
300326.SZ,凯利泰,20200224,凯利泰：国内脊柱微创治疗龙头，Elliquence成长空间广阔,深度,首份报告,广发证券,"罗佳荣,李东升",2021Q4,166981.0,,63100.0,56400.0,0.78,25.0,,15.6,21.05,买入,,27.84
002043.SZ,兔宝宝,20200224,兔宝宝：装饰板材稳龙头，家居成品新势力,深度,一般报告,广发证券,"邹戈,谢璐,李振兴",2021Q4,791400.0,,76600.0,62900.0,0.81,9.35,,20.0,7.63,买入,,10.54
002599.SZ,盛通股份,20200224,盛通股份公司跟踪研究报告：新增校区超预期，夯实在线教育,一般,一般报告,世纪证券,顾静,2019Q4,201467.0,,15487.0,13008.0,0.24,19.68,,7.74,,增持,,
300699.SZ,光威复材,20200224,光威复材业绩快报点评：业绩符合预期，继续看好公司未来成长,点评,首次关注,东莞证券,李隆海,2020Q4,222800.0,,74300.0,65900.0,1.27,44.0,,,,推荐,,
002352.SZ,顺丰控股,20200224,顺丰控股：全年业绩高增长，综合物流龙头机遇与风险并存,点评,一般报告,方正证券,"许可,周延宇",2022Q4,16451675.0,,1119318.0,858172.0,1.944,22.59,,14.0,1.1,推荐,,
002352.SZ,顺丰控股,20200224,顺丰控股：全年业绩高增长，综合物流龙头机遇与风险并存,点评,一般报告,方正证券,"许可,周延宇",2021Q4,14619820.0,,969732.0,743252.0,1.684,26.08,,14.0,1.18,推荐,,
002352.SZ,顺丰控股,20200224,顺丰控股：全年业绩高增长，综合物流龙头机遇与风险并存,点评,一般报告,方正证券,"许可,周延宇",2020Q4,12799171.0,,877849.0,672588.0,1.524,28.82,,14.0,1.28,推荐,,
002352.SZ,顺丰控股,20200224,顺丰控股：全年业绩高增长，综合物流龙头机遇与风险并存,点评,一般报告,方正证券,"许可,周延宇",2019Q4,11219300.0,,757490.0,579703.0,1.313,33.44,,14.0,1.31,推荐,,
002216.SZ,三全食品,20200224,三全食品：Q4业绩高增长，改革初见成效,点评,一般报告,国金证券,"卢周伟,寇星,刘宸倩",2021Q4,701900.0,242100.0,46500.0,35800.0,0.448,40.0,,12.64,,买入,,
600966.SH,博汇纸业,20200224,博汇纸业：白卡产业巨变，综合造纸龙头起航,深度,首次评级,东吴证券,"史凡可,马莉,傅嘉成",2020Q4,1583635.0,,124300.0,103057.0,0.77,9.51,,17.9,3.97,买入,,
600458.SH,时代新材,20200224,时代新材动态研究：传统业务否极泰来，新材料持续开拓,点评,一般报告,国海证券,"代鹏举,卢昊",2021Q4,1534700.0,,47300.0,37900.0,0.47,17.7,,7.23,,买入,,
600458.SH,时代新材,20200224,时代新材动态研究：传统业务否极泰来，新材料持续开拓,点评,一般报告,国海证券,"代鹏举,卢昊",2020Q4,1402400.0,,33400.0,27100.0,0.34,24.8,,5.43,,买入,,
002675.SZ,东诚药业,20200224,东诚药业：减值一过性影响业绩，核医学板块持续看好,点评,一般报告,国盛证券,"张金洋,祁瑞",2021Q4,443400.0,,106500.0,58300.0,0.73,20.4,,12.0,5.7,买入,,
002675.SZ,东诚药业,20200224,东诚药业：减值一过性影响业绩，核医学板块持续看好,点评,一般报告,国盛证券,"张金洋,祁瑞",2020Q4,362800.0,,82600.0,46200.0,0.58,25.8,,10.5,9.4,买入,,
600059.SH,古越龙山,20200224,古越龙山：黄酒龙头启动混改，迎来新一轮发展机遇,点评,首次评级,方正证券,"薛玉虎,刘洁铭",2021Q4,183188.0,,25917.0,19321.0,0.24,33.44,,4.0,,推荐,,
600059.SH,古越龙山,20200224,古越龙山：黄酒龙头启动混改，迎来新一轮发展机遇,点评,首次评级,方正证券,"薛玉虎,刘洁铭",2019Q4,172084.0,,23345.0,17402.0,0.22,37.12,,4.0,,推荐,,
603345.SH,安井食品,20200224,安井食品：业绩大超预期，疫情影响短期，不改长期看好,点评,一般报告,太平洋证券,"黄付生,蔡雪昱",2021Q4,771039.0,,,58394.0,2.47,25.0,,,,买入,,74.11
603345.SH,安井食品,20200224,安井食品：业绩大超预期，疫情影响短期，不改长期看好,点评,一般报告,太平洋证券,"黄付生,蔡雪昱",2019Q4,526666.0,,,37334.0,1.58,39.0,,,,买入,,74.11
002436.SZ,兴森科技,20200224,兴森科技：业绩再超预期，载板需求即将爆发，扩产应对5G新时代,点评,一般报告,国盛证券,郑震湘,2020Q4,441200.0,,48100.0,37800.0,0.25,58.4,,13.2,32.2,买入,,
002436.SZ,兴森科技,20200224,兴森科技：业绩再超预期，载板需求即将爆发，扩产应对5G新时代,点评,一般报告,国盛证券,郑震湘,2019Q4,379200.0,,37300.0,30300.0,0.2,72.9,,11.9,40.4,买入,,
600458.SH,时代新材,20200224,时代新材动态研究：传统业务否极泰来，新材料持续开拓,点评,一般报告,国海证券,"代鹏举,卢昊",2019Q4,1165700.0,,4700.0,4500.0,0.0561,150.0,,0.93,,买入,,
002675.SZ,东诚药业,20200224,东诚药业：减值一过性影响业绩，核医学板块持续看好,点评,一般报告,国盛证券,"张金洋,祁瑞",2019Q4,302200.0,,31500.0,15400.0,0.19,77.0,,4.3,28.0,买入,,
600059.SH,古越龙山,20200224,古越龙山：黄酒龙头启动混改，迎来新一轮发展机遇,点评,首次评级,方正证券,"薛玉虎,刘洁铭",2020Q4,176442.0,,24447.0,18217.0,0.23,35.46,,4.0,,推荐,,
603345.SH,安井食品,20200224,安井食品：业绩大超预期，疫情影响短期，不改长期看好,点评,一般报告,太平洋证券,"黄付生,蔡雪昱",2020Q4,632000.0,,,40738.0,1.72,35.0,,,,买入,,74.11
002436.SZ,兴森科技,20200224,兴森科技：业绩再超预期，载板需求即将爆发，扩产应对5G新时代,点评,一般报告,国盛证券,郑震湘,2021Q4,553300.0,,60000.0,47100.0,0.32,47.0,,14.3,26.0,买入,,
300761.SZ,立华股份,20200224,立华股份2019年业绩快报点评：黄鸡景气度上行，龙头迎量价齐升,点评,一般报告,国泰君安,"钟凯锋,李晓渊,鲁家瑞",2020Q4,913500.0,,,199100.0,4.93,11.1,1.9,23.7,9.29,增持,,78.0
300761.SZ,立华股份,20200224,立华股份2019年业绩快报点评：黄鸡景气度上行，龙头迎量价齐升,点评,一般报告,国泰君安,"钟凯锋,李晓渊,鲁家瑞",2019Q4,888300.0,,,197300.0,4.88,11.2,2.1,28.9,10.24,增持,,78.0
002557.SZ,洽洽食品,20200224,洽洽食品：Q4环比加速增长，公司持续经营发展,点评,首次关注,山西证券,和芳芳,2021Q4,629600.0,,105200.0,82300.0,1.62,25.2,,19.2,19.48,买入,,
002557.SZ,洽洽食品,20200224,洽洽食品：Q4环比加速增长，公司持续经营发展,点评,首次关注,山西证券,和芳芳,2020Q4,558800.0,,90900.0,71300.0,1.41,29.1,,18.32,22.5,买入,,
002557.SZ,洽洽食品,20200224,洽洽食品：Q4环比加速增长，公司持续经营发展,点评,首次关注,山西证券,和芳芳,2019Q4,483700.0,,77100.0,60200.0,1.19,34.5,,16.91,25.83,买入,,
300463.SZ,迈克生物,20200224,迈克生物2019年年度业绩快报点评：收入结构持续优化，自主产品销售快速增长,点评,一般报告,川财证券,"周豫,张雪",2021Q4,511300.0,,115700.0,86700.0,1.55,20.49,,19.0,13.0,增持,,
002918.SZ,蒙娜丽莎,20200224,蒙娜丽莎2019年业绩快报点评：Q4单季收入创新高，净利率趋势上升,一般,一般报告,中信证券,"孙明新,陈中亮",2021Q4,531754.0,,76700.0,66737.0,1.655,12.0,,17.23,,买入,,24.75
002918.SZ,蒙娜丽莎,20200224,蒙娜丽莎2019年业绩快报点评：Q4单季收入创新高，净利率趋势上升,一般,一般报告,中信证券,"孙明新,陈中亮",2020Q4,454035.0,,63300.0,55033.0,1.365,15.0,,16.46,,买入,,24.75
002918.SZ,蒙娜丽莎,20200224,蒙娜丽莎2019年业绩快报点评：Q4单季收入创新高，净利率趋势上升,一般,一般报告,中信证券,"孙明新,陈中亮",2019Q4,380407.0,,50200.0,43650.0,1.082,18.0,,15.04,,买入,,24.75
002511.SZ,中顺洁柔,20200224,中顺洁柔：疫情全球扩散风险加剧，洁柔避险价值凸显──点评报告,点评,一般报告,浙商证券,姜浩,2021Q4,977102.0,,121691.0,97961.0,0.75,19.79,,17.37,11.96,买入,,
002511.SZ,中顺洁柔,20200224,中顺洁柔：疫情全球扩散风险加剧，洁柔避险价值凸显──点评报告,点评,一般报告,浙商证券,姜浩,2020Q4,820718.0,,97134.0,78193.0,0.6,24.79,,16.43,15.36,买入,,
002511.SZ,中顺洁柔,20200224,中顺洁柔：疫情全球扩散风险加剧，洁柔避险价值凸显──点评报告,点评,一般报告,浙商证券,姜浩,2019Q4,672975.0,,77216.0,62159.0,0.47,31.19,,16.19,18.94,买入,,
300725.SZ,药石科技,20200224,药石科技公告点评：6.5亿定增预案落地，2020年值得期待,点评,一般报告,光大证券,"林小伟,宋硕",2020Q4,88000.0,,24900.0,21800.0,1.51,61.0,,23.72,41.0,买入,,
002352.SZ,顺丰控股,20200224,顺丰控股点评报告：市场份额有望持续提升,点评,一般报告,浙商证券,姜楠,2020Q4,13301500.0,,849700.0,659800.0,1.49,30.78,,14.83,15.38,增持,,
002352.SZ,顺丰控股,20200224,顺丰控股点评报告：市场份额有望持续提升,点评,一般报告,浙商证券,姜楠,2019Q4,11177400.0,,732300.0,568600.0,1.29,35.72,,14.46,18.43,增持,,
688169.SH,石头科技,20200224,石头科技深度报告：依托小米，科技致远,,首次关注,天风证券,"蔡雯娟,卢璐",2020Q4,503797.46,,106948.0,90906.0,13.64,36.68,,13.7,25.06,增持,,546.0
603719.SH,良品铺子,20200224,良品铺子：双线发力、全国扩张的休闲零食巨头,深度,首次关注,招商证券,"宁浮洁,杨勇胜,于佳琦,周洁",2023Q4,1526300.0,,,84800.0,2.11,,,21.0,,强烈推荐,,
603719.SH,良品铺子,20200224,良品铺子：双线发力、全国扩张的休闲零食巨头,深度,首次关注,招商证券,"宁浮洁,杨勇胜,于佳琦,周洁",2021Q4,1086700.0,,83200.0,56100.0,1.4,12.3,,21.1,6.0,强烈推荐,,
300761.SZ,立华股份,20200224,立华股份2019年业绩快报点评：黄鸡景气度上行，龙头迎量价齐升,点评,一般报告,国泰君安,"钟凯锋,李晓渊,鲁家瑞",2021Q4,964100.0,,,164900.0,4.08,13.41,1.9,17.1,10.01,增持,,78.0
300463.SZ,迈克生物,20200224,迈克生物2019年年度业绩快报点评：收入结构持续优化，自主产品销售快速增长,点评,一般报告,川财证券,"周豫,张雪",2020Q4,405700.0,,89700.0,67200.0,1.2,26.44,,17.5,16.0,增持,,
300463.SZ,迈克生物,20200224,迈克生物2019年年度业绩快报点评：收入结构持续优化，自主产品销售快速增长,点评,一般报告,川财证券,"周豫,张雪",2019Q4,322300.0,,70300.0,52800.0,0.95,33.63,,16.2,20.0,增持,,
300725.SZ,药石科技,20200224,药石科技公告点评：6.5亿定增预案落地，2020年值得期待,点评,一般报告,光大证券,"林小伟,宋硕",2021Q4,116400.0,,35200.0,30900.0,2.13,43.0,,26.07,28.0,买入,,
300725.SZ,药石科技,20200224,药石科技公告点评：6.5亿定增预案落地，2020年值得期待,点评,一般报告,光大证券,"林小伟,宋硕",2019Q4,62700.0,,17800.0,15500.0,1.07,86.0,,21.17,57.0,买入,,
002352.SZ,顺丰控股,20200224,顺丰控股点评报告：市场份额有望持续提升,点评,一般报告,浙商证券,姜楠,2021Q4,15572200.0,,1010800.0,784900.0,1.78,25.88,,15.5,12.62,增持,,
688169.SH,石头科技,20200224,石头科技深度报告：依托小米，科技致远,,首次关注,天风证券,"蔡雯娟,卢璐",2021Q4,614533.83,,131570.0,111834.0,16.78,29.81,,14.42,20.12,增持,,546.0
688169.SH,石头科技,20200224,石头科技深度报告：依托小米，科技致远,,首次关注,天风证券,"蔡雯娟,卢璐",2019Q4,417453.46,,86886.0,73853.0,11.078,33.86,,51.37,27.39,增持,,546.0
603719.SH,良品铺子,20200224,良品铺子：双线发力、全国扩张的休闲零食巨头,深度,首次关注,招商证券,"宁浮洁,杨勇胜,于佳琦,周洁",2022Q4,1294300.0,,,69000.0,1.72,,,21.0,,强烈推荐,,
603719.SH,良品铺子,20200224,良品铺子：双线发力、全国扩张的休闲零食巨头,深度,首次关注,招商证券,"宁浮洁,杨勇胜,于佳琦,周洁",2020Q4,887000.0,,59200.0,40500.0,1.01,17.0,,18.6,8.2,强烈推荐,,
603345.SH,安井食品,20200224,安井食品：再超预期，优质赛道与优秀管理的共振,点评,一般报告,东方证券,"王克宇,徐椰香",2019Q4,521396.0,,48200.0,37560.0,1.59,42.3,,15.1,26.0,买入,,79.56
601012.SH,隆基股份,20200224,隆基股份系列报告14：并购充实海外产能，瞄准美国等高价市场,点评,一般报告,国泰君安,"徐云飞,庞钧文",2019Q4,3016300.0,,,501300.0,1.33,25.5,0.3,23.7,12.3,增持,,43.8
600875.SH,东方电气,20200224,东方电气跟踪报告：燃料电池国产化先锋，长期竞争突围可期,一般,一般报告,中信证券,"弓永峰,林劼,华夏",2021Q4,3416935.0,,224600.0,200511.0,0.65,14.0,,6.11,,买入,,14.0
600875.SH,东方电气,20200224,东方电气跟踪报告：燃料电池国产化先锋，长期竞争突围可期,一般,一般报告,中信证券,"弓永峰,林劼,华夏",2019Q4,3209605.0,,162600.0,146407.0,0.47,19.2,,4.93,,买入,,14.0
300043.SZ,星辉娱乐,20200224,星辉娱乐业绩点评：泛娱成效显著，体育、游戏和玩具业务持续联动发展,点评,首份报告,新时代证券,"胡皓,马笑",2019Q4,261600.0,,30000.0,28100.0,0.23,25.3,,9.8,14.9,推荐,,
300043.SZ,星辉娱乐,20200224,星辉娱乐业绩点评：泛娱成效显著，体育、游戏和玩具业务持续联动发展,点评,首份报告,新时代证券,"胡皓,马笑",2020Q4,316000.0,,48300.0,46000.0,0.37,15.5,,13.7,11.2,推荐,,
002557.SZ,洽洽食品,20200224,洽洽食品：业绩超预期，核心品类动力十足,点评,一般报告,上海证券,周菁,2019Q4,483762.0,,79800.0,60229.0,1.19,35.0,,15.82,,增持,,
002216.SZ,三全食品,20200224,三全食品：控费提效显著，业绩加速释放,点评,一般报告,中泰证券,"范劲松,房昭强,龚小乐,熊欣慰",2021Q4,732000.0,270300.0,50800.0,43052.0,0.539,33.29,,6.28,,买入,,
002717.SZ,岭南股份,20200224,岭南股份：拟定增缓解资金压力，微传播发力网红经济,点评,一般报告,国泰君安,"韩其成,陈笑",2019Q4,806600.0,,,47500.0,0.31,18.5,1.0,9.9,9.0,增持,,7.76
002557.SZ,洽洽食品,20200224,洽洽食品：业绩超预期，核心品类动力十足,点评,一般报告,上海证券,周菁,2021Q4,623379.0,,110400.0,83336.0,1.64,25.3,,16.49,,增持,,
002216.SZ,三全食品,20200224,三全食品：控费提效显著，业绩加速释放,点评,一般报告,中泰证券,"范劲松,房昭强,龚小乐,熊欣慰",2020Q4,659000.0,239900.0,37700.0,31937.0,0.4,44.87,,5.04,,买入,,
000333.SZ,美的集团,20200224,美的集团重大事项点评：持续股权回购，彰显发展信心,点评,一般报告,中信证券,"汪浩,陈俊斌",2020Q4,31624100.0,,3532100.0,2772600.0,3.967,14.0,,21.38,,买入,,
000333.SZ,美的集团,20200224,美的集团重大事项点评：持续股权回购，彰显发展信心,点评,一般报告,中信证券,"汪浩,陈俊斌",2019Q4,28263000.0,,3074700.0,2413500.0,3.453,16.0,,21.49,,买入,,
603876.SH,鼎胜新材,20200224,鼎胜新材投资价值分析报告：锂电铝箔绝对龙头，尽享行业需求扩张,深度,首次关注,中信证券,"李超,商力,敖翀",2021Q4,1516200.0,,65100.0,54140.0,1.25,14.0,,12.1,,买入,,30.4
603876.SH,鼎胜新材,20200224,鼎胜新材投资价值分析报告：锂电铝箔绝对龙头，尽享行业需求扩张,深度,首次关注,中信证券,"李超,商力,敖翀",2020Q4,1314000.0,,49500.0,41148.0,0.95,18.0,,10.3,,买入,,30.4
603876.SH,鼎胜新材,20200224,鼎胜新材投资价值分析报告：锂电铝箔绝对龙头，尽享行业需求扩张,深度,首次关注,中信证券,"李超,商力,敖翀",2019Q4,1105300.0,,34700.0,28924.0,0.67,26.0,,7.97,,买入,,30.4
603129.SH,春风动力,20200224,春风动力：春风动力，稳健增长的动力运动品牌,一般,首次关注,华泰证券,"章诚,李倩倩,关东奇来,黄波,时彧",2021Q4,553400.0,,38059.0,34147.0,2.54,18.87,,21.68,12.78,买入,65.59,61.84
603129.SH,春风动力,20200224,春风动力：春风动力，稳健增长的动力运动品牌,一般,首次关注,华泰证券,"章诚,李倩倩,关东奇来,黄波,时彧",2020Q4,414400.0,,28066.0,25181.0,1.87,25.58,,18.96,19.89,买入,65.59,61.84
000333.SZ,美的集团,20200224,美的集团重大事项点评：持续股权回购，彰显发展信心,点评,一般报告,中信证券,"汪浩,陈俊斌",2021Q4,35055600.0,,4036200.0,3168200.0,4.533,12.0,,21.2,,买入,,
603719.SH,良品铺子,20200224,良品铺子：双线发力、全国扩张的休闲零食巨头,深度,首次关注,招商证券,"宁浮洁,杨勇胜,于佳琦,周洁",2019Q4,782500.0,,48900.0,33800.0,0.843,18.3,,23.9,9.5,强烈推荐,,
603345.SH,安井食品,20200224,安井食品：再超预期，优质赛道与优秀管理的共振,点评,一般报告,东方证券,"王克宇,徐椰香",2021Q4,774253.0,,77000.0,60098.0,2.55,26.4,,16.5,17.5,买入,,79.56
603345.SH,安井食品,20200224,安井食品：再超预期，优质赛道与优秀管理的共振,点评,一般报告,东方证券,"王克宇,徐椰香",2020Q4,609326.0,,52200.0,40678.0,1.72,39.0,,12.9,24.5,买入,,79.56
601012.SH,隆基股份,20200224,隆基股份系列报告14：并购充实海外产能，瞄准美国等高价市场,点评,一般报告,国泰君安,"徐云飞,庞钧文",2021Q4,6306800.0,,,1000200.0,2.65,12.8,0.3,25.7,6.4,增持,,43.8
601012.SH,隆基股份,20200224,隆基股份系列报告14：并购充实海外产能，瞄准美国等高价市场,点评,一般报告,国泰君安,"徐云飞,庞钧文",2020Q4,5201800.0,,,824700.0,2.19,15.5,0.3,28.3,8.6,增持,,43.8
600875.SH,东方电气,20200224,东方电气跟踪报告：燃料电池国产化先锋，长期竞争突围可期,一般,一般报告,中信证券,"弓永峰,林劼,华夏",2020Q4,3357047.0,,193700.0,173035.0,0.56,16.3,,5.54,,买入,,14.0
300043.SZ,星辉娱乐,20200224,星辉娱乐业绩点评：泛娱成效显著，体育、游戏和玩具业务持续联动发展,点评,首份报告,新时代证券,"胡皓,马笑",2021Q4,353000.0,,54300.0,51300.0,0.41,13.9,,13.5,9.9,推荐,,
002717.SZ,岭南股份,20200224,岭南股份：拟定增缓解资金压力，微传播发力网红经济,点评,一般报告,国泰君安,"韩其成,陈笑",2021Q4,975600.0,,,58800.0,0.38,15.0,1.4,10.2,7.0,增持,,7.76
002717.SZ,岭南股份,20200224,岭南股份：拟定增缓解资金压力，微传播发力网红经济,点评,一般报告,国泰君安,"韩其成,陈笑",2020Q4,873500.0,,,52300.0,0.34,16.8,1.4,10.0,7.9,增持,,7.76
002557.SZ,洽洽食品,20200224,洽洽食品：业绩超预期，核心品类动力十足,点评,一般报告,上海证券,周菁,2020Q4,555909.0,,96000.0,72470.0,1.43,29.09,,16.52,,增持,,
002216.SZ,三全食品,20200224,三全食品：控费提效显著，业绩加速释放,点评,一般报告,中泰证券,"范劲松,房昭强,龚小乐,熊欣慰",2019Q4,599200.0,214500.0,24800.0,21064.0,0.264,68.04,,3.46,,买入,,
603129.SH,春风动力,20200224,春风动力：春风动力，稳健增长的动力运动品牌,一般,首次关注,华泰证券,"章诚,李倩倩,关东奇来,黄波,时彧",2019Q4,321800.0,,20308.0,18221.0,1.36,35.36,,15.9,29.84,买入,65.59,61.84
601996.SH,丰林集团,20200224,丰林集团2019业绩快报点评：业绩符合预期，扩产节奏日益清晰,点评,一般报告,国泰君安,"鲍雁辛,穆方舟,花健祎",2020Q4,235800.0,,,20900.0,0.18,14.5,2.3,7.3,9.4,增持,,4.97
601996.SH,丰林集团,20200224,丰林集团2019业绩快报点评：业绩符合预期，扩产节奏日益清晰,点评,一般报告,国泰君安,"鲍雁辛,穆方舟,花健祎",2019Q4,194400.0,,,16900.0,0.15,18.0,1.5,6.2,9.2,增持,,4.97
601828.SH,美凯龙,20200224,美凯龙期权激励计划点评：期权激励落地，关注服务性业务发展,点评,一般报告,中信证券,"李鑫,肖昊",2020Q4,1788400.0,,662400.0,470300.0,1.32,8.0,,9.8,,买入,,15.8
601828.SH,美凯龙,20200224,美凯龙期权激励计划点评：期权激励落地，关注服务性业务发展,点评,一般报告,中信证券,"李鑫,肖昊",2019Q4,1642000.0,,663200.0,462900.0,1.3,8.0,,10.3,,买入,,15.8
600309.SH,万华化学,20200224,万华化学：万华的战略三板斧：自主创新、产业延伸、走向国际,一般,首次评级,平安证券,陈建文,2021Q4,9373600.0,,2136400.0,1395000.0,4.44,11.3,,19.9,6.8,推荐,,
600309.SH,万华化学,20200224,万华化学：万华的战略三板斧：自主创新、产业延伸、走向国际,一般,首次评级,平安证券,陈建文,2020Q4,7669800.0,,1836700.0,1198500.0,3.82,13.1,,20.6,7.7,推荐,,
601996.SH,丰林集团,20200224,丰林集团2019业绩快报点评：业绩符合预期，扩产节奏日益清晰,点评,一般报告,国泰君安,"鲍雁辛,穆方舟,花健祎",2021Q4,290200.0,,,26700.0,0.23,11.4,3.0,8.7,8.1,增持,,4.97
600309.SH,万华化学,20200224,万华化学：万华的战略三板斧：自主创新、产业延伸、走向国际,一般,首次评级,平安证券,陈建文,2019Q4,6419000.0,,1581800.0,997400.0,3.18,15.7,,21.4,8.9,推荐,,
300253.SZ,卫宁健康,20200224,卫宁健康：传统业务加速在即，创新业务步入收获期,一般,首份报告,兴业证券,"蒋佳霖,徐聪",2021Q4,322800.0,,85800.0,77100.0,0.47,49.25,,15.7,41.0,审慎增持,,
300253.SZ,卫宁健康,20200224,卫宁健康：传统业务加速在即，创新业务步入收获期,一般,首份报告,兴业证券,"蒋佳霖,徐聪",2020Q4,248000.0,,60900.0,54800.0,0.334,69.32,,13.2,56.0,审慎增持,,
300253.SZ,卫宁健康,20200224,卫宁健康：传统业务加速在即，创新业务步入收获期,一般,首份报告,兴业证券,"蒋佳霖,徐聪",2019Q4,188000.0,,45600.0,41000.0,0.25,92.66,,11.4,74.0,审慎增持,,
300188.SZ,美亚柏科,20200224,美亚柏科：拐点确立的综合大数据服务商,点评,一般报告,招商证券,刘玉萍,2021Q4,354200.0,,61600.0,56200.0,0.7,34.8,,16.8,,强烈推荐,,
300188.SZ,美亚柏科,20200224,美亚柏科：拐点确立的综合大数据服务商,点评,一般报告,招商证券,刘玉萍,2020Q4,276700.0,,45100.0,41400.0,0.51,47.2,,14.3,,强烈推荐,,
002373.SZ,千方科技,20200224,千方科技投资价值分析报告：5G领头雁，车联网弄潮儿,深度,首次关注,中信证券,"杨泽原,刘雯蜀,顾海波,张帅",2020Q4,1125787.0,,150500.0,116794.0,0.79,32.0,,11.85,,买入,,40.0
