ts_code,name,report_date,report_title,report_type,classify,org_name,author_name,quarter,op_rt,op_pr,tp,np,eps,pe,rd,roe,ev_ebitda,rating,max_price,min_price
003006.SZ,百亚股份,20211130,百亚股份：一次性卫生用品国产品牌，起步川渝、走向全国,深度,首次关注,山西证券,杨晶晶,2022Q4,178600.0,,37770.0,30446.0,0.71,24.07,,18.9,17.2,买入,,
003006.SZ,百亚股份,20211130,百亚股份：一次性卫生用品国产品牌，起步川渝、走向全国,深度,首次关注,山西证券,杨晶晶,2021Q4,149970.0,,28750.0,23661.0,0.55,30.97,,17.8,21.3,买入,,
003006.SZ,百亚股份,20211130,百亚股份：一次性卫生用品国产品牌，起步川渝、走向全国,深度,首次关注,山西证券,杨晶晶,2023Q4,216810.0,,46420.0,37231.0,0.86,19.68,,19.4,11.3,买入,,
002048.SZ,宁波华翔,20211130,汽车行业2022年投资策略：景气回升，持续看好智能电动汽车赛道,非个股,一般报告,中银国际,朱朋,2021Q4,,,,127124.145,2.03,,,,,买入,,
601633.SH,长城汽车,20211130,汽车行业2022年投资策略：景气回升，持续看好智能电动汽车赛道,非个股,一般报告,中银国际,朱朋,2023Q4,,,,1496116.346,1.62,,,,,买入,,
601633.SH,长城汽车,20211130,汽车行业2022年投资策略：景气回升，持续看好智能电动汽车赛道,非个股,一般报告,中银国际,朱朋,2022Q4,,,,1200587.191,1.3,,,,,买入,,
601633.SH,长城汽车,20211130,汽车行业2022年投资策略：景气回升，持续看好智能电动汽车赛道,非个股,一般报告,中银国际,朱朋,2021Q4,,,,775764.031,0.84,,,,,买入,,
600660.SH,福耀玻璃,20211130,汽车行业2022年投资策略：景气回升，持续看好智能电动汽车赛道,非个股,一般报告,中银国际,朱朋,2023Q4,,,,584582.551,2.24,,,,,买入,,
600660.SH,福耀玻璃,20211130,汽车行业2022年投资策略：景气回升，持续看好智能电动汽车赛道,非个股,一般报告,中银国际,朱朋,2022Q4,,,,503680.502,1.93,,,,,买入,,
600660.SH,福耀玻璃,20211130,汽车行业2022年投资策略：景气回升，持续看好智能电动汽车赛道,非个股,一般报告,中银国际,朱朋,2021Q4,,,,407119.991,1.56,,,,,买入,,
601360.SH,三六零,20211130,三六零公司深度报告：拐点已至,深度,一般报告,首创证券,"翟炜,李星锦",2023Q4,1769368.0,,314230.0,264800.0,0.37,32.3,,6.2,20.37,买入,,20.99
601360.SH,三六零,20211130,三六零公司深度报告：拐点已至,深度,一般报告,首创证券,"翟炜,李星锦",2022Q4,1484656.0,,253920.0,216560.0,0.3,39.5,,5.4,25.19,买入,,20.99
601360.SH,三六零,20211130,三六零公司深度报告：拐点已至,深度,一般报告,首创证券,"翟炜,李星锦",2021Q4,1230640.0,,202060.0,175070.0,0.25,48.8,,4.6,30.77,买入,,20.99
002452.SZ,长高集团,20211130,长高集团公司深度报告：厚积薄发，扬帆起航,深度,首份报告,长城证券,"于夕朦,马晓明,黄楷,王舜",2023Q4,298124.0,,54577.0,47446.0,0.77,13.76,,18.92,9.37,买入,,
002452.SZ,长高集团,20211130,长高集团公司深度报告：厚积薄发，扬帆起航,深度,首份报告,长城证券,"于夕朦,马晓明,黄楷,王舜",2022Q4,248955.0,,41064.0,35755.0,0.58,18.27,,16.87,12.44,买入,,
002452.SZ,长高集团,20211130,长高集团公司深度报告：厚积薄发，扬帆起航,深度,首份报告,长城证券,"于夕朦,马晓明,黄楷,王舜",2021Q4,201322.0,,32256.0,27936.0,0.45,23.38,,15.33,17.2,买入,,
600556.SH,天下秀,20211130,天下秀公司深度报告：乘风而起，领航红人经济,深度,首次关注,首创证券,李甜露,2023Q4,800170.0,,78580.0,74520.0,0.412,32.0,,14.9,,买入,18.91,16.43
600556.SH,天下秀,20211130,天下秀公司深度报告：乘风而起，领航红人经济,深度,首次关注,首创证券,李甜露,2022Q4,613200.0,,62840.0,59620.0,0.33,40.0,,13.9,,买入,18.91,16.43
600556.SH,天下秀,20211130,天下秀公司深度报告：乘风而起，领航红人经济,深度,首次关注,首创证券,李甜露,2021Q4,452830.0,,39990.0,37980.0,0.21,62.7,,10.2,,买入,18.91,16.43
002465.SZ,海格通信,20211130,海格通信：重大订单签订，有望贡献业绩增长,点评,一般报告,长江证券,"于海宁,黄天佑,祖圣腾,李烨",2022Q4,668300.0,263400.0,102700.0,88000.0,0.38,27.28,,7.7,18.87,买入,,
688208.SH,道通科技,20211130,道通科技：行业Know－How带来质变，第二成长曲线打开,一般,一般报告,西南证券,"常潇雅,叶泽佑",2021Q4,230396.0,,51436.0,49070.0,1.09,71.25,0.19,16.5,63.67,买入,,96.0
600519.SH,贵州茅台,20211130,贵州茅台：营销变革或成茅台未来业绩新增长点，龙头地位助力成长确定性,点评,首份报告,东亚前海证券研究所,汪玲,2023Q4,14335389.0,13159900.0,9744700.0,6850053.0,54.53,36.4,,27.0,20.68,强烈推荐,,
600519.SH,贵州茅台,20211130,贵州茅台：营销变革或成茅台未来业绩新增长点，龙头地位助力成长确定性,点评,首份报告,东亚前海证券研究所,汪玲,2022Q4,12586523.0,11579600.0,8580600.0,6031168.0,48.01,41.34,,28.0,23.96,强烈推荐,,
600519.SH,贵州茅台,20211130,贵州茅台：营销变革或成茅台未来业绩新增长点，龙头地位助力成长确定性,点评,首份报告,东亚前海证券研究所,汪玲,2021Q4,10869037.0,9956000.0,7362600.0,5167160.0,41.13,48.26,,28.0,30.26,强烈推荐,,
002465.SZ,海格通信,20211130,海格通信：重大订单签订，有望贡献业绩增长,点评,一般报告,长江证券,"于海宁,黄天佑,祖圣腾,李烨",2023Q4,801300.0,324300.0,134100.0,115000.0,0.5,20.88,,9.1,14.33,买入,,
002465.SZ,海格通信,20211130,海格通信：重大订单签订，有望贡献业绩增长,点评,一般报告,长江证券,"于海宁,黄天佑,祖圣腾,李烨",2021Q4,566200.0,211800.0,77500.0,67400.0,0.29,35.64,,6.4,24.42,买入,,
600028.SH,中国石化,20211130,中国石化公告点评：斥资逾70亿收购PBT树脂等业务，持续布局下游新材料,点评,一般报告,光大证券,赵乃迪,2023Q4,289303700.0,,12050000.0,7535200.0,0.62,6.5,6.4,8.48,4.2,买入,,
600028.SH,中国石化,20211130,中国石化公告点评：斥资逾70亿收购PBT树脂等业务，持续布局下游新材料,点评,一般报告,光大证券,赵乃迪,2022Q4,276633600.0,,11580000.0,7337800.0,0.61,6.7,6.2,8.7,4.2,买入,,
600028.SH,中国石化,20211130,中国石化公告点评：斥资逾70亿收购PBT树脂等业务，持续布局下游新材料,点评,一般报告,光大证券,赵乃迪,2021Q4,254676000.0,,10820000.0,7164700.0,0.59,6.9,5.8,8.97,4.0,买入,,
603896.SH,寿仙谷,20211130,寿仙谷公司动态点评：把握行业景气，股权激励＋布局全国化，有望进入加速发展期,点评,一般报告,长城证券,刘鹏,2023Q4,134819.0,,34777.0,34255.0,2.249,19.23,,16.98,12.81,买入,,54.0
603896.SH,寿仙谷,20211130,寿仙谷公司动态点评：把握行业景气，股权激励＋布局全国化，有望进入加速发展期,点评,一般报告,长城证券,刘鹏,2022Q4,110604.0,,26884.0,26481.0,1.739,24.88,,14.9,16.47,买入,,54.0
603896.SH,寿仙谷,20211130,寿仙谷公司动态点评：把握行业景气，股权激励＋布局全国化，有望进入加速发展期,点评,一般报告,长城证券,刘鹏,2021Q4,85796.0,,20139.0,19837.0,1.302,33.21,,12.46,21.81,买入,,54.0
688208.SH,道通科技,20211130,道通科技：行业Know－How带来质变，第二成长曲线打开,一般,一般报告,西南证券,"常潇雅,叶泽佑",2023Q4,478565.0,,123164.0,117470.0,2.61,29.76,0.31,25.06,25.51,买入,,96.0
688208.SH,道通科技,20211130,道通科技：行业Know－How带来质变，第二成长曲线打开,一般,一般报告,西南证券,"常潇雅,叶泽佑",2022Q4,332601.0,,75505.0,72005.0,1.6,48.55,0.21,19.89,42.07,买入,,96.0
002957.SZ,科瑞技术,20211130,科瑞技术：收购鼎力智能，打造锂电中后段解决方案供应商,点评,首次关注,财通证券,郝思行,2023Q4,388500.0,,72700.0,48000.0,1.17,23.78,0.0,13.21,,增持,,
002957.SZ,科瑞技术,20211130,科瑞技术：收购鼎力智能，打造锂电中后段解决方案供应商,点评,首次关注,财通证券,郝思行,2022Q4,318400.0,,56200.0,37900.0,0.92,30.12,0.0,12.01,,增持,,
002957.SZ,科瑞技术,20211130,科瑞技术：收购鼎力智能，打造锂电中后段解决方案供应商,点评,首次关注,财通证券,郝思行,2021Q4,244900.0,,36300.0,24100.0,0.58,47.43,0.0,8.67,,增持,,
600882.SH,妙可蓝多,20211130,妙可蓝多回购点评：回购公告已发，静待爱氏注入、股权激励落地,点评,一般报告,西部证券,熊鹏,2023Q4,970200.0,,141400.0,115900.0,2.25,26.0,,19.0,,买入,,
600882.SH,妙可蓝多,20211130,妙可蓝多回购点评：回购公告已发，静待爱氏注入、股权激励落地,点评,一般报告,西部证券,熊鹏,2022Q4,712300.0,,85800.0,70300.0,1.36,42.9,,13.6,,买入,,
600882.SH,妙可蓝多,20211130,妙可蓝多回购点评：回购公告已发，静待爱氏注入、股权激励落地,点评,一般报告,西部证券,熊鹏,2021Q4,431700.0,,37200.0,30500.0,0.59,99.0,,9.7,,买入,,
600025.SH,华能水电,20211130,破关之后，电价何往—电力行业2022年度投资策略,非个股,一般报告,民生证券,严家源,2023Q4,2043800.0,,,628400.0,0.349,,,9.0,,谨慎推荐,,
600025.SH,华能水电,20211130,破关之后，电价何往—电力行业2022年度投资策略,非个股,一般报告,民生证券,严家源,2022Q4,2023500.0,,,615400.0,0.342,,,9.2,,谨慎推荐,,
600025.SH,华能水电,20211130,破关之后，电价何往—电力行业2022年度投资策略,非个股,一般报告,民生证券,严家源,2021Q4,1994300.0,,,599000.0,0.333,,,9.3,,谨慎推荐,,
600176.SH,中国巨石,20211130,先进后守，否极泰来－－－十二月机构金股组合,非个股,一般报告,国泰君安,无,2023Q4,,,,752589.705,1.88,,,,,增持,,
600176.SH,中国巨石,20211130,先进后守，否极泰来－－－十二月机构金股组合,非个股,一般报告,国泰君安,无,2022Q4,,,,692542.654,1.73,,,,,增持,,
600176.SH,中国巨石,20211130,先进后守，否极泰来－－－十二月机构金股组合,非个股,一般报告,国泰君安,无,2021Q4,,,,612479.919,1.53,,,,,增持,,
600886.SH,国投电力,20211130,破关之后，电价何往—电力行业2022年度投资策略,非个股,一般报告,民生证券,严家源,2023Q4,4932600.0,,,691200.0,0.97,,,11.7,,谨慎推荐,,
600886.SH,国投电力,20211130,破关之后，电价何往—电力行业2022年度投资策略,非个股,一般报告,民生证券,严家源,2022Q4,4734600.0,,,674800.0,0.969,,,12.4,,谨慎推荐,,
600886.SH,国投电力,20211130,破关之后，电价何往—电力行业2022年度投资策略,非个股,一般报告,民生证券,严家源,2021Q4,4172600.0,,,410800.0,0.59,,,8.2,,谨慎推荐,,
003816.SZ,中国广核,20211130,破关之后，电价何往—电力行业2022年度投资策略,非个股,一般报告,民生证券,严家源,2023Q4,9040600.0,,,1210000.0,0.24,,,10.6,,谨慎推荐,,
003816.SZ,中国广核,20211130,破关之后，电价何往—电力行业2022年度投资策略,非个股,一般报告,民生证券,严家源,2022Q4,8684200.0,,,1166600.0,0.23,,,10.8,,谨慎推荐,,
003816.SZ,中国广核,20211130,破关之后，电价何往—电力行业2022年度投资策略,非个股,一般报告,民生证券,严家源,2021Q4,7964100.0,,,1053700.0,0.21,,,10.4,,谨慎推荐,,
600905.SH,三峡能源,20211130,破关之后，电价何往—电力行业2022年度投资策略,非个股,一般报告,民生证券,严家源,2023Q4,2805400.0,,,883400.0,0.31,,,10.7,,推荐,,
600905.SH,三峡能源,20211130,破关之后，电价何往—电力行业2022年度投资策略,非个股,一般报告,民生证券,严家源,2022Q4,2364200.0,,,837800.0,0.29,,,11.0,,推荐,,
600905.SH,三峡能源,20211130,破关之后，电价何往—电力行业2022年度投资策略,非个股,一般报告,民生证券,严家源,2021Q4,1595100.0,,,565100.0,0.2,,,8.2,,推荐,,
601633.SH,长城汽车,20211130,天风·月度金股丨12月,非个股,一般报告,天风证券,无,2022Q4,,,,1200587.191,1.3,,,,,无,,
601633.SH,长城汽车,20211130,天风·月度金股丨12月,非个股,一般报告,天风证券,无,2021Q4,13640000.0,,,709000.0,0.77,,,,,无,,
002614.SZ,奥佳华,20211130,家电行业2022年投资策略：边际向好，复苏之年——把握低估值白马及高景气赛道,非个股,一般报告,西南证券,"龚梦泓,夏勤",2022Q4,,,,57384.061,0.91,,,,,买入,,
002614.SZ,奥佳华,20211130,家电行业2022年投资策略：边际向好，复苏之年——把握低估值白马及高景气赛道,非个股,一般报告,西南证券,"龚梦泓,夏勤",2021Q4,,,,44141.585,0.7,,,,,买入,,
300751.SZ,迈为股份,20211130,天风·月度金股丨12月,非个股,一般报告,天风证券,无,2023Q4,586000.0,,,112800.0,10.913,,,,,买入,,
300751.SZ,迈为股份,20211130,天风·月度金股丨12月,非个股,一般报告,天风证券,无,2022Q4,441000.0,,,81300.0,7.88,,,,,买入,,
300751.SZ,迈为股份,20211130,天风·月度金股丨12月,非个股,一般报告,天风证券,无,2021Q4,333000.0,,,61800.0,6.0,,,,,买入,,
601985.SH,中国核电,20211130,破关之后，电价何往—电力行业2022年度投资策略,非个股,一般报告,民生证券,严家源,2023Q4,6910600.0,,,889200.0,0.508,,,10.2,,推荐,,
600600.SH,青岛啤酒,20211130,天风·月度金股丨12月,非个股,一般报告,天风证券,无,2022Q4,3250800.0,,,344000.0,2.52,,,,,买入,,
002601.SZ,龙佰集团,20211130,龙佰集团投资建设石墨负极材料公告点评：持续完善新能源材料布局，钛白粉龙头转型可期,点评,一般报告,光大证券,赵乃迪,2022Q4,2187800.0,,647300.0,542900.0,2.28,12.0,0.0,21.82,9.0,买入,,
601985.SH,中国核电,20211130,破关之后，电价何往—电力行业2022年度投资策略,非个股,一般报告,民生证券,严家源,2022Q4,6708800.0,,,904300.0,0.516,,,11.1,,推荐,,
601985.SH,中国核电,20211130,破关之后，电价何往—电力行业2022年度投资策略,非个股,一般报告,民生证券,严家源,2021Q4,6099100.0,,,801700.0,0.458,,,10.6,,推荐,,
002028.SZ,思源电气,20211130,东吴证券月度策略及金股组合：从震荡走向春季躁动,非个股,一般报告,东吴证券,无,2023Q4,1206900.0,,,182700.0,2.39,,,,,无,,
002028.SZ,思源电气,20211130,东吴证券月度策略及金股组合：从震荡走向春季躁动,非个股,一般报告,东吴证券,无,2022Q4,1045400.0,,,152800.0,2.0,,,,,无,,
002028.SZ,思源电气,20211130,东吴证券月度策略及金股组合：从震荡走向春季躁动,非个股,一般报告,东吴证券,无,2021Q4,883700.0,,,122100.0,1.6,,,,,无,,
600210.SH,紫江企业,20211130,天风·月度金股丨12月,非个股,一般报告,天风证券,无,2023Q4,1271000.0,,,99000.0,0.653,,,,,买入,,
600210.SH,紫江企业,20211130,天风·月度金股丨12月,非个股,一般报告,天风证券,无,2022Q4,1097000.0,,,81000.0,0.53,,,,,买入,,
600210.SH,紫江企业,20211130,天风·月度金股丨12月,非个股,一般报告,天风证券,无,2021Q4,971000.0,,,66000.0,0.44,,,,,买入,,
600642.SH,申能股份,20211130,破关之后，电价何往—电力行业2022年度投资策略,非个股,一般报告,民生证券,严家源,2023Q4,2427800.0,,,273300.0,0.56,,,8.0,,谨慎推荐,,
600642.SH,申能股份,20211130,破关之后，电价何往—电力行业2022年度投资策略,非个股,一般报告,民生证券,严家源,2022Q4,2351700.0,,,258500.0,0.53,,,7.8,,谨慎推荐,,
600642.SH,申能股份,20211130,破关之后，电价何往—电力行业2022年度投资策略,非个股,一般报告,民生证券,严家源,2021Q4,2234400.0,,,244000.0,0.5,,,7.6,,谨慎推荐,,
300450.SZ,先导智能,20211130,先进后守，否极泰来－－－十二月机构金股组合,非个股,一般报告,国泰君安,无,2023Q4,,,,322419.049,2.06,,,,,增持,,
300450.SZ,先导智能,20211130,先进后守，否极泰来－－－十二月机构金股组合,非个股,一般报告,国泰君安,无,2022Q4,,,,244161.998,1.56,,,,,增持,,
300450.SZ,先导智能,20211130,先进后守，否极泰来－－－十二月机构金股组合,非个股,一般报告,国泰君安,无,2021Q4,,,,165904.948,1.06,,,,,增持,,
600195.SH,中牧股份,20211130,农林牧渔行业：猪价进入一次探底后的反弹区间，市场关注度提升——11月行业动态报告,非个股,一般报告,银河证券,谢芝优,2022Q4,,,,74139.574,0.73,,,,,无,,
600195.SH,中牧股份,20211130,农林牧渔行业：猪价进入一次探底后的反弹区间，市场关注度提升——11月行业动态报告,非个股,一般报告,银河证券,谢芝优,2021Q4,,,,53827.362,0.53,,,,,无,,
002041.SZ,登海种业,20211130,把握猪周期反转，拥抱景气度提升——2022年农林牧渔行业年度策略报告,非个股,一般报告,银河证券,谢芝优,2022Q4,,,,31680.0,0.36,,,,,无,,
002041.SZ,登海种业,20211130,把握猪周期反转，拥抱景气度提升——2022年农林牧渔行业年度策略报告,非个股,一般报告,银河证券,谢芝优,2021Q4,,,,22880.0,0.26,,,,,无,,
002475.SZ,立讯精密,20211130,先进后守，否极泰来－－－十二月机构金股组合,非个股,一般报告,国泰君安,无,2022Q4,,,,1205578.845,1.71,,,,,增持,,
002475.SZ,立讯精密,20211130,先进后守，否极泰来－－－十二月机构金股组合,非个股,一般报告,国泰君安,无,2021Q4,,,,902421.592,1.28,,,,,增持,,
600600.SH,青岛啤酒,20211130,天风·月度金股丨12月,非个股,一般报告,天风证券,无,2023Q4,3459700.0,,,418600.0,3.07,,,,,买入,,
600600.SH,青岛啤酒,20211130,天风·月度金股丨12月,非个股,一般报告,天风证券,无,2021Q4,3033400.0,,,277200.0,2.03,,,,,买入,,
600900.SH,长江电力,20211130,破关之后，电价何往—电力行业2022年度投资策略,非个股,一般报告,民生证券,严家源,2023Q4,6150500.0,,,3013500.0,1.33,,,15.2,,推荐,,
600900.SH,长江电力,20211130,破关之后，电价何往—电力行业2022年度投资策略,非个股,一般报告,民生证券,严家源,2022Q4,6122400.0,,,2949000.0,1.3,,,15.6,,推荐,,
600900.SH,长江电力,20211130,破关之后，电价何往—电力行业2022年度投资策略,非个股,一般报告,民生证券,严家源,2021Q4,5714700.0,,,2564500.0,1.13,,,14.3,,推荐,,
002372.SZ,伟星新材,20211130,建筑材料：动能结构优化，把握优质成长——2022年度策略,非个股,一般报告,国盛证券,"房大磊,任婕",2023Q4,,,,176724.542,1.11,,,,,买入,,
002372.SZ,伟星新材,20211130,建筑材料：动能结构优化，把握优质成长——2022年度策略,非个股,一般报告,国盛证券,"房大磊,任婕",2022Q4,,,,152842.847,0.96,,,,,买入,,
002372.SZ,伟星新材,20211130,建筑材料：动能结构优化，把握优质成长——2022年度策略,非个股,一般报告,国盛证券,"房大磊,任婕",2021Q4,,,,125776.926,0.79,,,,,买入,,
002938.SZ,鹏鼎控股,20211130,先进后守，否极泰来－－－十二月机构金股组合,非个股,一般报告,国泰君安,无,2023Q4,,,,582690.43,2.51,,,,,增持,,
002938.SZ,鹏鼎控股,20211130,先进后守，否极泰来－－－十二月机构金股组合,非个股,一般报告,国泰君安,无,2022Q4,,,,466616.639,2.01,,,,,增持,,
002938.SZ,鹏鼎控股,20211130,先进后守，否极泰来－－－十二月机构金股组合,非个股,一般报告,国泰君安,无,2021Q4,,,,341256.945,1.47,,,,,增持,,
603195.SH,公牛集团,20211130,轻工行业12月投资策略：新型烟草监管政策有望逐步明晰,非个股,一般报告,国信证券,"荣泽宇,蔡志明",2022Q4,,,,327661.249,5.45,,,,,买入,,
603195.SH,公牛集团,20211130,轻工行业12月投资策略：新型烟草监管政策有望逐步明晰,非个股,一般报告,国信证券,"荣泽宇,蔡志明",2021Q4,,,,272950.838,4.54,,,,,买入,,
688633.SH,星球石墨,20211130,先进后守，否极泰来－－－十二月机构金股组合,非个股,一般报告,国泰君安,无,2023Q4,,,,40003.334,5.5,,,,,增持,,
688633.SH,星球石墨,20211130,先进后守，否极泰来－－－十二月机构金股组合,非个股,一般报告,国泰君安,无,2022Q4,,,,28511.467,3.92,,,,,增持,,
688633.SH,星球石墨,20211130,先进后守，否极泰来－－－十二月机构金股组合,非个股,一般报告,国泰君安,无,2021Q4,,,,18183.334,2.5,,,,,增持,,
002597.SZ,金禾实业,20211130,长江策略2021年12月金股推荐,非个股,一般报告,长江证券,无,2023Q4,,,,278772.083,4.97,,,,,无,,
002597.SZ,金禾实业,20211130,长江策略2021年12月金股推荐,非个股,一般报告,长江证券,无,2022Q4,,,,167151.068,2.98,,,,,无,,
002597.SZ,金禾实业,20211130,长江策略2021年12月金股推荐,非个股,一般报告,长江证券,无,2021Q4,,,,99841.913,1.78,,,,,无,,
603355.SH,莱克电气,20211130,家电行业2022年投资策略：边际向好，复苏之年——把握低估值白马及高景气赛道,非个股,一般报告,西南证券,"龚梦泓,夏勤",2022Q4,,,,95999.566,1.67,,,,,持有,,
603355.SH,莱克电气,20211130,家电行业2022年投资策略：边际向好，复苏之年——把握低估值白马及高景气赛道,非个股,一般报告,西南证券,"龚梦泓,夏勤",2021Q4,,,,68981.724,1.2,,,,,持有,,
000063.SZ,中兴通讯,20211130,先进后守，否极泰来－－－十二月机构金股组合,非个股,一般报告,国泰君安,无,2023Q4,,,,1026153.806,2.17,,,,,增持,,
000063.SZ,中兴通讯,20211130,先进后守，否极泰来－－－十二月机构金股组合,非个股,一般报告,国泰君安,无,2022Q4,,,,874831.585,1.85,,,,,增持,,
000063.SZ,中兴通讯,20211130,先进后守，否极泰来－－－十二月机构金股组合,非个股,一般报告,国泰君安,无,2021Q4,,,,709322.907,1.5,,,,,增持,,
002060.SZ,粤水电,20211130,先进后守，否极泰来－－－十二月机构金股组合,非个股,一般报告,国泰君安,无,2023Q4,,,,45685.958,0.38,,,,,增持,,
002060.SZ,粤水电,20211130,先进后守，否极泰来－－－十二月机构金股组合,非个股,一般报告,国泰君安,无,2022Q4,,,,38472.386,0.32,,,,,增持,,
002060.SZ,粤水电,20211130,先进后守，否极泰来－－－十二月机构金股组合,非个股,一般报告,国泰君安,无,2021Q4,,,,32461.076,0.27,,,,,增持,,
603129.SH,春风动力,20211130,天风·月度金股丨12月,非个股,一般报告,天风证券,无,2023Q4,,,,107000.0,7.13,,,,,买入,,
603129.SH,春风动力,20211130,天风·月度金股丨12月,非个股,一般报告,天风证券,无,2022Q4,,,,75000.0,4.99,,,,,买入,,
603129.SH,春风动力,20211130,天风·月度金股丨12月,非个股,一般报告,天风证券,无,2021Q4,,,,47000.0,3.16,,,,,买入,,
603809.SH,豪能股份,20211130,豪能股份：汽车＋航空零部件双翼发展，新业务实现突破,点评,首次关注,万和证券,"王轶铭,潘子栋",2023Q4,241700.0,86100.0,48200.0,41900.0,1.383,10.65,,15.0,5.98,增持,,
603809.SH,豪能股份,20211130,豪能股份：汽车＋航空零部件双翼发展，新业务实现突破,点评,首次关注,万和证券,"王轶铭,潘子栋",2022Q4,193100.0,68900.0,38500.0,33500.0,1.106,13.3,,14.0,7.47,增持,,
603809.SH,豪能股份,20211130,豪能股份：汽车＋航空零部件双翼发展，新业务实现突破,点评,首次关注,万和证券,"王轶铭,潘子栋",2021Q4,151900.0,54300.0,30200.0,26200.0,0.865,17.0,,13.0,9.22,增持,,
002042.SZ,华孚时尚,20211130,华孚时尚：色纺纱产业领跑者，量价齐升业绩稳健增长,一般,首次关注,中银国际,"郝帅,丁凡,郑紫舟",2023Q4,2335000.0,,94700.0,72700.0,0.41,10.5,6.01,20.9,5.1,增持,,
002042.SZ,华孚时尚,20211130,华孚时尚：色纺纱产业领跑者，量价齐升业绩稳健增长,一般,首次关注,中银国际,"郝帅,丁凡,郑紫舟",2022Q4,2059200.0,,82100.0,62700.0,0.35,12.3,5.04,21.3,7.2,增持,,
002042.SZ,华孚时尚,20211130,华孚时尚：色纺纱产业领跑者，量价齐升业绩稳健增长,一般,首次关注,中银国际,"郝帅,丁凡,郑紫舟",2021Q4,1779500.0,,67000.0,53800.0,0.3,14.4,4.21,19.1,9.4,增持,,
002601.SZ,龙佰集团,20211130,龙佰集团投资建设石墨负极材料公告点评：持续完善新能源材料布局，钛白粉龙头转型可期,点评,一般报告,光大证券,赵乃迪,2023Q4,2504300.0,,718000.0,602900.0,2.53,11.0,0.0,19.5,7.8,买入,,
002601.SZ,龙佰集团,20211130,龙佰集团投资建设石墨负极材料公告点评：持续完善新能源材料布局，钛白粉龙头转型可期,点评,一般报告,光大证券,赵乃迪,2021Q4,1810900.0,,585900.0,491800.0,2.07,14.0,0.0,25.28,10.7,买入,,
002010.SZ,传化智联,20211130,传化智联：战略聚焦，深耕公路物流,一般,首次关注,西南证券,陈照林,2023Q4,4876528.0,,244744.0,205423.0,0.67,13.58,1.33,10.17,,买入,,10.9
002010.SZ,传化智联,20211130,传化智联：战略聚焦，深耕公路物流,一般,首次关注,西南证券,陈照林,2022Q4,4470615.0,,220365.0,185173.0,0.6,15.06,1.19,10.0,,买入,,10.9
002010.SZ,传化智联,20211130,传化智联：战略聚焦，深耕公路物流,一般,首次关注,西南证券,陈照林,2021Q4,3403357.0,,197329.0,165245.0,0.54,16.88,1.09,9.72,,买入,,10.9
688516.SH,奥特维,20211130,奥特维：半导体键合机首批订单落地，静待大客户订单放量,点评,一般报告,德邦证券,"倪正洋,杨云逍",2023Q4,415700.0,,74800.0,64700.0,6.56,37.65,0.6,24.4,27.33,买入,,
688301.SH,奕瑞科技,20211130,奕瑞科技首次覆盖：探测器国产先锋，成长动能持续转化全球势能,深度,首次关注,东亚前海证券研究所,"汪玲,王艳",2022Q4,163463.0,85900.0,64500.0,56728.0,7.82,70.08,,16.0,54.99,推荐,,
601899.SH,紫金矿业,20211130,紫金矿业首次覆盖报告：黄金周期有望上行，投资布局正当时,深度,首次关注,东亚前海证券研究所,"李子卓,丁俊波",2023Q4,26315363.0,5052200.0,4033100.0,2478494.0,0.941,10.53,,21.0,6.96,强烈推荐,,
688276.SH,百克生物,20211130,百克生物：国产首家带状疱疹疫苗报产在即，有望开启成长大周期,一般,首次关注,德邦证券,"陈铁林,陈进,张俊",2023Q4,275000.0,,96000.0,84200.0,2.04,37.61,0.0,17.0,29.91,买入,99.8,93.6
002407.SZ,多氟多,20211130,多氟多投资价值分析报告：氟系新材料龙头，双轨驱动大有可为,深度,一般报告,光大证券,"赵乃迪,周家诺",2023Q4,1228200.0,,265300.0,225000.0,2.94,16.0,3.0,29.09,12.0,买入,,74.25
603901.SH,永创智能,20211130,永创智能：拟收购廊坊百冠，完善饮料灌装布局,点评,一般报告,东北证券,"刘军,张晗",2022Q4,332500.0,,42100.0,37400.0,0.77,20.2,0.33,17.07,,买入,,18.25
002043.SZ,兔宝宝,20211130,兔宝宝：定增＋股权激励＋员工持股计划，彰显公司中长期发展信心,点评,一般报告,广发证券,"邹戈,谢璐,张乾",2022Q4,1235100.0,,119300.0,92100.0,1.24,7.54,,32.9,5.04,买入,,20.14
603136.SH,天目湖,20211130,天目湖：内生＋外延齐发力，打造一站式休闲旅游目的地,深度,一般报告,东北证券,李慧,2022Q4,60720.0,,20100.0,12700.0,0.68,22.17,4.43,12.85,,买入,,20.4
300363.SZ,博腾股份,20211130,博腾股份：签订重大合同，2022年有望继续高增长,点评,一般报告,西南证券,"杜向阳,马云涛",2023Q4,657301.0,,125445.0,107559.0,1.98,50.64,0.46,20.73,33.06,买入,,
002407.SZ,多氟多,20211130,多氟多投资价值分析报告：氟系新材料龙头，双轨驱动大有可为,深度,一般报告,光大证券,"赵乃迪,周家诺",2022Q4,986200.0,,203200.0,172200.0,2.25,21.0,2.0,27.13,15.0,买入,,74.25
600779.SH,水井坊,20211130,水井坊：品牌渠道双驱动，享次高端红利，高增长可期,一般,首次评级,中银国际,"汤玮亮,董广达",2022Q4,574100.0,,217800.0,166900.0,3.417,39.2,1.9,62.3,28.4,买入,,
688556.SH,高测股份,20211130,高测股份：切割设备＋耗材双驱动，光伏硅片切割代工释放业绩弹性,一般,首次关注,德邦证券,"倪正洋,杨云逍",2023Q4,484800.0,,64500.0,58100.0,3.59,21.79,0.1,29.1,28.0,增持,,
688556.SH,高测股份,20211130,高测股份：切割设备＋耗材双驱动，光伏硅片切割代工释放业绩弹性,一般,首次关注,德邦证券,"倪正洋,杨云逍",2022Q4,310000.0,,43200.0,38900.0,2.4,32.53,0.1,25.9,39.28,增持,,
688556.SH,高测股份,20211130,高测股份：切割设备＋耗材双驱动，光伏硅片切割代工释放业绩弹性,一般,首次关注,德邦证券,"倪正洋,杨云逍",2021Q4,146700.0,,17200.0,15400.0,0.95,82.0,0.1,13.3,66.65,增持,,
688516.SH,奥特维,20211130,奥特维：半导体键合机首批订单落地，静待大客户订单放量,点评,一般报告,德邦证券,"倪正洋,杨云逍",2022Q4,324100.0,,57200.0,49600.0,5.02,49.18,0.5,24.8,36.11,买入,,
688516.SH,奥特维,20211130,奥特维：半导体键合机首批订单落地，静待大客户订单放量,点评,一般报告,德邦证券,"倪正洋,杨云逍",2021Q4,213300.0,,36500.0,31700.0,3.21,76.9,0.4,21.1,56.48,买入,,
688301.SH,奕瑞科技,20211130,奕瑞科技首次覆盖：探测器国产先锋，成长动能持续转化全球势能,深度,首次关注,东亚前海证券研究所,"汪玲,王艳",2023Q4,225927.0,121500.0,88800.0,78185.0,10.78,50.85,,19.0,39.26,推荐,,
688301.SH,奕瑞科技,20211130,奕瑞科技首次覆盖：探测器国产先锋，成长动能持续转化全球势能,深度,首次关注,东亚前海证券研究所,"汪玲,王艳",2021Q4,117423.0,60600.0,47400.0,41726.0,5.75,95.28,,14.0,75.17,推荐,,
603136.SH,天目湖,20211130,天目湖：内生＋外延齐发力，打造一站式休闲旅游目的地,深度,一般报告,东北证券,李慧,2023Q4,67730.0,,25300.0,16000.0,0.86,17.6,4.96,15.85,,买入,,20.4
603136.SH,天目湖,20211130,天目湖：内生＋外延齐发力，打造一站式休闲旅游目的地,深度,一般报告,东北证券,李慧,2021Q4,47942.0,,11500.0,7300.0,0.39,38.69,3.55,7.38,,买入,,20.4
601899.SH,紫金矿业,20211130,紫金矿业首次覆盖报告：黄金周期有望上行，投资布局正当时,深度,首次关注,东亚前海证券研究所,"李子卓,丁俊波",2022Q4,24293703.0,4541400.0,3523100.0,2165840.0,0.823,12.05,,23.0,7.88,强烈推荐,,
601899.SH,紫金矿业,20211130,紫金矿业首次覆盖报告：黄金周期有望上行，投资布局正当时,深度,首次关注,东亚前海证券研究所,"李子卓,丁俊波",2021Q4,21226026.0,3389600.0,2438000.0,1530822.0,0.581,17.06,,22.0,10.67,强烈推荐,,
600845.SH,宝信软件,20211130,宝信软件：工业软件厚积薄发，IDC资源整合加速扩容,深度,一般报告,银河证券,"吴砚靖,王子路",2023Q4,2085100.0,,364600.0,317700.0,2.09,24.11,,21.89,,推荐,,
600845.SH,宝信软件,20211130,宝信软件：工业软件厚积薄发，IDC资源整合加速扩容,深度,一般报告,银河证券,"吴砚靖,王子路",2022Q4,1658800.0,,272000.0,237100.0,1.56,32.3,,20.92,,推荐,,
600845.SH,宝信软件,20211130,宝信软件：工业软件厚积薄发，IDC资源整合加速扩容,深度,一般报告,银河证券,"吴砚靖,王子路",2021Q4,1253100.0,,193900.0,168200.0,1.106,45.53,,18.76,,推荐,,
920726.BJ,朱老六,20211130,朱老六：东北区域腐乳行业龙头,深度,首次关注,华鑫证券,万蓉,2023Q4,37600.0,,9900.0,7500.0,0.73,19.8,,13.8,,审慎推荐,,
920726.BJ,朱老六,20211130,朱老六：东北区域腐乳行业龙头,深度,首次关注,华鑫证券,万蓉,2022Q4,34000.0,,8700.0,6600.0,0.64,22.5,,13.5,,审慎推荐,,
920726.BJ,朱老六,20211130,朱老六：东北区域腐乳行业龙头,深度,首次关注,华鑫证券,万蓉,2021Q4,29800.0,,7400.0,5600.0,0.55,26.6,,12.6,,审慎推荐,,
688276.SH,百克生物,20211130,百克生物：国产首家带状疱疹疫苗报产在即，有望开启成长大周期,一般,首次关注,德邦证券,"陈铁林,陈进,张俊",2022Q4,172100.0,,58700.0,51500.0,1.25,61.51,0.0,12.5,49.69,买入,99.8,93.6
688276.SH,百克生物,20211130,百克生物：国产首家带状疱疹疫苗报产在即，有望开启成长大周期,一般,首次关注,德邦证券,"陈铁林,陈进,张俊",2021Q4,129800.0,,35100.0,30800.0,0.75,102.9,0.0,8.6,79.79,买入,99.8,93.6
002407.SZ,多氟多,20211130,多氟多投资价值分析报告：氟系新材料龙头，双轨驱动大有可为,深度,一般报告,光大证券,"赵乃迪,周家诺",2021Q4,674700.0,,125800.0,106400.0,1.39,35.0,1.0,20.62,27.0,买入,,74.25
603901.SH,永创智能,20211130,永创智能：拟收购廊坊百冠，完善饮料领域布局,点评,一般报告,广发证券,"代川,范方舟",2023Q4,364300.0,,50000.0,42900.0,0.88,17.63,,16.3,14.02,买入,,17.03
603901.SH,永创智能,20211130,永创智能：拟收购廊坊百冠，完善饮料领域布局,点评,一般报告,广发证券,"代川,范方舟",2022Q4,301800.0,,40700.0,34900.0,0.71,21.67,,15.8,17.29,买入,,17.03
603901.SH,永创智能,20211130,永创智能：拟收购廊坊百冠，完善饮料领域布局,点评,一般报告,广发证券,"代川,范方舟",2021Q4,248200.0,,32300.0,27700.0,0.57,27.26,,14.9,21.18,买入,,17.03
600985.SH,淮北矿业,20211130,淮北矿业公开发行可转债点评：乙醇项目将为公司带来第二增长曲线,点评,一般报告,国泰君安,"翟堃,薛阳",2021Q4,5532600.0,,,489500.0,1.97,5.4,7.7,17.7,4.34,增持,,15.76
600985.SH,淮北矿业,20211130,淮北矿业公开发行可转债点评：乙醇项目将为公司带来第二增长曲线,点评,一般报告,国泰君安,"翟堃,薛阳",2022Q4,5814300.0,,,588100.0,2.37,4.5,9.3,18.9,3.6,增持,,15.76
600985.SH,淮北矿业,20211130,淮北矿业公开发行可转债点评：乙醇项目将为公司带来第二增长曲线,点评,一般报告,国泰君安,"翟堃,薛阳",2023Q4,5977900.0,,,624900.0,2.52,4.23,9.8,18.0,3.18,增持,,15.76
603588.SH,高能环境,20211130,高能环境：拟定增加速推进危废资源化，五维优势构建长期护城河,点评,一般报告,广发证券,"郭鹏,许洁,姜涛",2021Q4,841300.0,,105800.0,81000.0,0.76,20.64,,13.7,13.92,买入,,22.86
603588.SH,高能环境,20211130,高能环境：拟定增加速推进危废资源化，五维优势构建长期护城河,点评,一般报告,广发证券,"郭鹏,许洁,姜涛",2022Q4,1066600.0,,145500.0,111300.0,1.05,15.01,,15.8,11.05,买入,,22.86
603588.SH,高能环境,20211130,高能环境：拟定增加速推进危废资源化，五维优势构建长期护城河,点评,一般报告,广发证券,"郭鹏,许洁,姜涛",2023Q4,1320600.0,,198200.0,151700.0,1.43,11.01,,17.6,8.64,买入,,22.86
603901.SH,永创智能,20211130,永创智能：拟收购廊坊百冠，完善饮料灌装布局,点评,一般报告,东北证券,"刘军,张晗",2021Q4,264900.0,,32000.0,28100.0,0.58,26.86,0.26,15.27,,买入,,18.25
603901.SH,永创智能,20211130,永创智能：拟收购廊坊百冠，完善饮料灌装布局,点评,一般报告,东北证券,"刘军,张晗",2023Q4,408600.0,,56300.0,49800.0,1.02,15.17,0.4,18.72,,买入,,18.25
002043.SZ,兔宝宝,20211130,兔宝宝：定增＋股权激励＋员工持股计划，彰显公司中长期发展信心,点评,一般报告,广发证券,"邹戈,谢璐,张乾",2021Q4,965500.0,,100400.0,77300.0,1.04,8.99,,33.8,6.81,买入,,20.14
600009.SH,上海机场,20211130,上海机场重大资产重组点评：重大资产重组定价191亿，符合预期,点评,一般报告,浙商证券,李丹,2023Q4,1141000.0,,627900.0,500300.0,2.6,18.88,,16.11,12.06,买入,,
600009.SH,上海机场,20211130,上海机场重大资产重组点评：重大资产重组定价191亿，符合预期,点评,一般报告,浙商证券,李丹,2022Q4,656400.0,,113000.0,95100.0,0.49,99.34,,3.28,37.48,买入,,
600009.SH,上海机场,20211130,上海机场重大资产重组点评：重大资产重组定价191亿，符合预期,点评,一般报告,浙商证券,李丹,2021Q4,392200.0,,-200300.0,-145500.0,-0.75,,,-5.0,,买入,,
300363.SZ,博腾股份,20211130,博腾股份：签订重大合同，2022年有望继续高增长,点评,一般报告,西南证券,"杜向阳,马云涛",2022Q4,495748.0,,96698.0,82911.0,1.52,65.69,0.26,19.05,42.11,买入,,
300363.SZ,博腾股份,20211130,博腾股份：签订重大合同，2022年有望继续高增长,点评,一般报告,西南证券,"杜向阳,马云涛",2021Q4,286500.0,,55663.0,47677.0,0.88,114.23,0.18,13.03,65.62,买入,,
002043.SZ,兔宝宝,20211130,兔宝宝：定增＋股权激励＋员工持股计划，彰显公司中长期发展信心,点评,一般报告,广发证券,"邹戈,谢璐,张乾",2023Q4,1488000.0,,148000.0,114200.0,1.54,6.08,,33.6,3.87,买入,,20.14
600487.SH,亨通光电,20211130,亨通光电：海洋业务快速发展，光纤光缆行业景气度回升，公司业绩迎拐点,一般,首份报告,群益证券,李天凡,2023Q4,5150900.0,,401400.0,333100.0,1.41,11.27,0.94,,,买进,,19.8
600487.SH,亨通光电,20211130,亨通光电：海洋业务快速发展，光纤光缆行业景气度回升，公司业绩迎拐点,一般,首份报告,群益证券,李天凡,2022Q4,4444400.0,,302800.0,251300.0,1.064,14.95,0.63,,,买进,,19.8
600487.SH,亨通光电,20211130,亨通光电：海洋业务快速发展，光纤光缆行业景气度回升，公司业绩迎拐点,一般,首份报告,群益证券,李天凡,2021Q4,3783900.0,,188300.0,156300.0,0.661,24.04,0.63,,,买进,,19.8
600009.SH,上海机场,20211130,上海机场：虹桥注入事项推进，集团持股将提升,点评,一般报告,西南证券,陈照林,2023Q4,893970.0,,247482.0,208080.0,1.08,39.97,,6.46,19.63,持有,,
600009.SH,上海机场,20211130,上海机场：虹桥注入事项推进，集团持股将提升,点评,一般报告,西南证券,陈照林,2022Q4,610762.0,,-27809.0,-23362.0,-0.12,,0.0,-0.78,63.49,持有,,
600009.SH,上海机场,20211130,上海机场：虹桥注入事项推进，集团持股将提升,点评,一般报告,西南证券,陈照林,2021Q4,423223.0,,-207363.0,-174648.0,-0.91,,0.0,-5.77,,持有,,
600779.SH,水井坊,20211130,水井坊：品牌渠道双驱动，享次高端红利，高增长可期,一般,首次评级,中银国际,"汤玮亮,董广达",2021Q4,453600.0,,163800.0,125400.0,2.567,52.1,1.4,54.5,37.9,买入,,
600233.SH,圆通速递,20211130,圆通速递：单价反弹趋势持续，聚焦服务质量,点评,一般报告,群益证券,张楠,2022Q4,4974253.0,354975.0,222424.0,178384.0,0.56,26.89,0.99,,,买入,,16.8
600233.SH,圆通速递,20211130,圆通速递：单价反弹趋势持续，聚焦服务质量,点评,一般报告,群益证券,张楠,2021Q4,4188845.0,307098.0,188498.0,151175.0,0.48,31.73,0.99,,,买入,,16.8
600779.SH,水井坊,20211130,水井坊：品牌渠道双驱动，享次高端红利，高增长可期,一般,首次评级,中银国际,"汤玮亮,董广达",2023Q4,697200.0,,282200.0,216400.0,4.431,30.2,2.5,68.2,21.8,买入,,
603799.SH,华友钴业,20211130,华友钴业：一体化布局又上一个台阶,点评,一般报告,招商证券,"刘文平,刘伟洁,赖如川",2023Q4,5254300.0,,781100.0,567300.0,4.65,27.8,,27.5,14.9,强烈推荐,,
603799.SH,华友钴业,20211130,华友钴业：一体化布局又上一个台阶,点评,一般报告,招商证券,"刘文平,刘伟洁,赖如川",2022Q4,4203500.0,,573300.0,419400.0,3.44,37.6,,25.9,19.0,强烈推荐,,
688363.SH,华熙生物,20211130,华熙生物：对标欧莱雅，看华熙生物发展空间,深度,一般报告,安信证券,"张立聪,王朔",2021Q4,449200.0,,92970.0,79100.0,1.65,102.8,0.2,14.0,80.6,买入,,222.5
300725.SZ,药石科技,20211130,药石科技：聘任新CEO，不断深化一体化布局,点评,一般报告,国金证券,王班,2021Q4,131100.0,65300.0,58800.0,49100.0,2.459,47.7,,17.14,,买入,,
688518.SH,联赢激光,20211130,联赢激光：动力锂电焊接设备龙头，迎来业绩拐点,深度,首次关注,华西证券,俞能飞,2023Q4,433400.0,154700.0,77000.0,69300.0,2.31,22.59,,26.9,,增持,,
603799.SH,华友钴业,20211130,华友钴业：一体化布局又上一个台阶,点评,一般报告,招商证券,"刘文平,刘伟洁,赖如川",2021Q4,3284000.0,,431100.0,321300.0,2.63,49.1,,24.7,25.6,强烈推荐,,
688363.SH,华熙生物,20211130,华熙生物：对标欧莱雅，看华熙生物发展空间,深度,一般报告,安信证券,"张立聪,王朔",2023Q4,932480.0,,191670.0,163110.0,3.4,49.8,0.5,21.2,37.9,买入,,222.5
688363.SH,华熙生物,20211130,华熙生物：对标欧莱雅，看华熙生物发展空间,深度,一般报告,安信证券,"张立聪,王朔",2022Q4,651790.0,,133280.0,113440.0,2.36,71.7,0.4,17.5,54.2,买入,,222.5
601360.SH,三六零,20211130,三六零：进军政企安全，构建大安全生态——公司首次覆盖报告,一般,首次关注,开源证券,"陈宝健,刘逍遥",2023Q4,1680400.0,,424900.0,361200.0,0.51,23.7,,8.0,14.6,买入,,
601360.SH,三六零,20211130,三六零：进军政企安全，构建大安全生态——公司首次覆盖报告,一般,首次关注,开源证券,"陈宝健,刘逍遥",2022Q4,1425000.0,,354500.0,302900.0,0.42,28.2,,7.2,18.8,买入,,
601360.SH,三六零,20211130,三六零：进军政企安全，构建大安全生态——公司首次覆盖报告,一般,首次关注,开源证券,"陈宝健,刘逍遥",2021Q4,1220400.0,,182700.0,154600.0,0.22,55.3,,4.0,44.7,买入,,
300363.SZ,博腾股份,20211130,博腾股份事件点评报告：大订单，超预期,点评,一般报告,浙商证券,孙建,2023Q4,541300.0,,92000.0,93500.0,1.72,58.08,,18.46,46.61,买入,,
300363.SZ,博腾股份,20211130,博腾股份事件点评报告：大订单，超预期,点评,一般报告,浙商证券,孙建,2022Q4,401700.0,,72600.0,68900.0,1.27,78.81,,16.17,58.68,买入,,
300363.SZ,博腾股份,20211130,博腾股份事件点评报告：大订单，超预期,点评,一般报告,浙商证券,孙建,2021Q4,290500.0,,54200.0,49500.0,0.91,109.66,,13.55,76.15,买入,,
300725.SZ,药石科技,20211130,药石科技：聘任新CEO，不断深化一体化布局,点评,一般报告,国金证券,王班,2023Q4,271100.0,124700.0,64100.0,54600.0,2.734,42.88,,14.62,,买入,,
300725.SZ,药石科技,20211130,药石科技：聘任新CEO，不断深化一体化布局,点评,一般报告,国金证券,王班,2022Q4,188300.0,89100.0,47600.0,40600.0,2.033,57.69,,12.56,,买入,,
000959.SZ,首钢股份,20211130,首钢股份点评报告：优质资产即将注入，盈利增长长期回报股东,点评,一般报告,浙商证券,"马金龙,马野",2021Q4,11859175.0,,1153500.0,800203.0,1.197,4.19,,18.21,3.74,买入,,
688518.SH,联赢激光,20211130,联赢激光：动力锂电焊接设备龙头，迎来业绩拐点,深度,首次关注,华西证券,俞能飞,2022Q4,293000.0,105000.0,37700.0,33900.0,1.13,46.14,,18.0,,增持,,
688518.SH,联赢激光,20211130,联赢激光：动力锂电焊接设备龙头，迎来业绩拐点,深度,首次关注,华西证券,俞能飞,2021Q4,135300.0,49700.0,12000.0,10600.0,0.35,147.45,,6.9,,增持,,
603355.SH,莱克电气,20211130,莱克电气：国货崛起系列二：自主品牌＋新能源布局，代工转型升级一体两翼,深度,一般报告,招商证券,"陈东飞,彭子豪",2023Q4,1186900.0,,137500.0,118900.0,2.07,14.8,,23.4,13.2,强烈推荐,,45.23
600882.SH,妙可蓝多,20211130,妙可蓝多：拟再推股权激励计划,点评,一般报告,华西证券,"寇星,刘来珍",2022Q4,723300.0,,83900.0,71300.0,1.38,42.31,,20.9,,买入,,
600210.SH,紫江企业,20211130,紫江企业：传统业务稳健，国产替代下铝塑膜大有可为,深度,首次关注,华西证券,"徐林锋,戚志圣,杨维维",2023Q4,1224670.0,,118100.0,96114.0,0.63,14.66,,12.5,,买入,,
300363.SZ,博腾股份,20211130,博腾股份：签订合计约2.17亿美元CDMO订单，显著增厚未来业绩,点评,一般报告,华西证券,"崔文亮,徐顺利",2023Q4,521400.0,,105600.0,95200.0,1.75,57.19,,16.7,,买入,,
605111.SH,新洁能,20211130,新洁能：MOSFET技术领先，迎IGBT、SiC／GaN国产之机,深度,首次关注,申万宏源证券,"杨海燕,骆思远,任慕华,黄婷,袁航",2023Q4,262100.0,,72600.0,63800.0,4.51,48.5,,23.4,38.8,买入,,
605111.SH,新洁能,20211130,新洁能：MOSFET技术领先，迎IGBT、SiC／GaN国产之机,深度,首次关注,申万宏源证券,"杨海燕,骆思远,任慕华,黄婷,袁航",2022Q4,211500.0,,59000.0,51900.0,3.67,59.7,,24.9,49.0,买入,,
605111.SH,新洁能,20211130,新洁能：MOSFET技术领先，迎IGBT、SiC／GaN国产之机,深度,首次关注,申万宏源证券,"杨海燕,骆思远,任慕华,黄婷,袁航",2021Q4,158900.0,,46400.0,40900.0,2.88,75.8,,26.1,63.3,买入,,
603355.SH,莱克电气,20211130,莱克电气：国货崛起系列二：自主品牌＋新能源布局，代工转型升级一体两翼,深度,一般报告,招商证券,"陈东飞,彭子豪",2022Q4,1050100.0,,118800.0,102800.0,1.79,17.2,,25.1,15.2,强烈推荐,,45.23
603355.SH,莱克电气,20211130,莱克电气：国货崛起系列二：自主品牌＋新能源布局，代工转型升级一体两翼,深度,一般报告,招商证券,"陈东飞,彭子豪",2021Q4,758100.0,,69000.0,63800.0,1.11,27.7,,19.9,24.9,强烈推荐,,45.23
600882.SH,妙可蓝多,20211130,妙可蓝多：拟再推股权激励计划,点评,一般报告,华西证券,"寇星,刘来珍",2023Q4,958800.0,,134400.0,114200.0,2.21,26.42,,25.1,,买入,,
600882.SH,妙可蓝多,20211130,妙可蓝多：拟再推股权激励计划,点评,一般报告,华西证券,"寇星,刘来珍",2021Q4,464400.0,,37000.0,29900.0,0.58,100.83,,11.1,,买入,,
300751.SZ,迈为股份,20211130,迈为股份点评：国产HJT整线设备首次出口！获全球光伏巨头REC订单,点评,一般报告,浙商证券,"王华君,李思扬",2023Q4,769500.0,,151700.0,130200.0,12.6,56.0,,33.0,46.2,买入,,
300751.SZ,迈为股份,20211130,迈为股份点评：国产HJT整线设备首次出口！获全球光伏巨头REC订单,点评,一般报告,浙商证券,"王华君,李思扬",2022Q4,538700.0,,102400.0,88000.0,8.5,83.0,,31.0,68.5,买入,,
300751.SZ,迈为股份,20211130,迈为股份点评：国产HJT整线设备首次出口！获全球光伏巨头REC订单,点评,一般报告,浙商证券,"王华君,李思扬",2021Q4,374000.0,,70000.0,60100.0,5.8,121.0,,29.0,100.6,买入,,
002859.SZ,洁美科技,20211130,洁美科技动态点评：11月离型膜基膜产线开始试生产，加速离型膜中高端市场开拓,点评,首份报告,国信证券,"胡剑,胡慧",2023Q4,330600.0,,79300.0,69662.0,1.7,19.7,1.0,21.4,15.7,买入,,
002859.SZ,洁美科技,20211130,洁美科技动态点评：11月离型膜基膜产线开始试生产，加速离型膜中高端市场开拓,点评,首份报告,国信证券,"胡剑,胡慧",2022Q4,274200.0,,65900.0,57904.0,1.41,23.8,0.9,21.5,18.8,买入,,
002859.SZ,洁美科技,20211130,洁美科技动态点评：11月离型膜基膜产线开始试生产，加速离型膜中高端市场开拓,点评,首份报告,国信证券,"胡剑,胡慧",2021Q4,208600.0,,49800.0,43745.0,1.07,31.4,0.6,19.6,24.3,买入,,
600210.SH,紫江企业,20211130,紫江企业：传统业务稳健，国产替代下铝塑膜大有可为,深度,首次关注,华西证券,"徐林锋,戚志圣,杨维维",2022Q4,1036890.0,,95400.0,77658.0,0.51,18.14,,11.6,,买入,,
600210.SH,紫江企业,20211130,紫江企业：传统业务稳健，国产替代下铝塑膜大有可为,深度,首次关注,华西证券,"徐林锋,戚志圣,杨维维",2021Q4,916650.0,,77600.0,63143.0,0.42,22.32,,10.6,,买入,,
000959.SZ,首钢股份,20211130,首钢股份点评报告：优质资产即将注入，盈利增长长期回报股东,点评,一般报告,浙商证券,"马金龙,马野",2023Q4,13650599.0,,1553100.0,1036047.0,1.55,3.24,,15.31,2.3,买入,,
000959.SZ,首钢股份,20211130,首钢股份点评报告：优质资产即将注入，盈利增长长期回报股东,点评,一般报告,浙商证券,"马金龙,马野",2022Q4,13515445.0,,1423500.0,945966.0,1.415,3.55,,17.19,2.83,买入,,
603799.SH,华友钴业,20211130,华友钴业公告点评：锂电材料一体化优势再获认可，前驱体外供再下一城,点评,一般报告,光大证券,"王招华,方驭涛",2023Q4,6500400.0,,835900.0,567100.0,4.64,28.0,1.0,20.48,19.0,买入,,
603799.SH,华友钴业,20211130,华友钴业公告点评：锂电材料一体化优势再获认可，前驱体外供再下一城,点评,一般报告,光大证券,"王招华,方驭涛",2022Q4,4589500.0,,584900.0,414400.0,3.39,38.0,1.0,18.06,27.0,买入,,
603799.SH,华友钴业,20211130,华友钴业公告点评：锂电材料一体化优势再获认可，前驱体外供再下一城,点评,一般报告,光大证券,"王招华,方驭涛",2021Q4,3273300.0,,417400.0,325000.0,2.66,49.0,0.0,16.69,39.0,买入,,
600882.SH,妙可蓝多,20211130,妙可蓝多回购公告点评：回购用于激励，激发增长新动能,点评,一般报告,光大证券,"陈彦彤,叶倩瑜,汪航宇,李嘉祺,杨哲",2023Q4,1009400.0,,141700.0,116100.0,2.25,26.0,0.0,17.57,18.2,买入,,
600882.SH,妙可蓝多,20211130,妙可蓝多回购公告点评：回购用于激励，激发增长新动能,点评,一般报告,光大证券,"陈彦彤,叶倩瑜,汪航宇,李嘉祺,杨哲",2022Q4,747100.0,,83200.0,67500.0,1.31,45.0,0.0,12.39,29.5,买入,,
600882.SH,妙可蓝多,20211130,妙可蓝多回购公告点评：回购用于激励，激发增长新动能,点评,一般报告,光大证券,"陈彦彤,叶倩瑜,汪航宇,李嘉祺,杨哲",2021Q4,478600.0,,35800.0,28200.0,0.55,107.0,0.0,5.91,66.6,买入,,
300363.SZ,博腾股份,20211130,博腾股份：签订合计约2.17亿美元CDMO订单，显著增厚未来业绩,点评,一般报告,华西证券,"崔文亮,徐顺利",2022Q4,486800.0,,97000.0,87200.0,1.6,62.47,,18.3,,买入,,
300363.SZ,博腾股份,20211130,博腾股份：签订合计约2.17亿美元CDMO订单，显著增厚未来业绩,点评,一般报告,华西证券,"崔文亮,徐顺利",2021Q4,296700.0,,55200.0,50000.0,0.92,109.03,,12.8,,买入,,
300316.SZ,晶盛机电,20211130,晶盛机电：半导体设备＋材料平台型公司，潜在价值几何,一般,一般报告,中金,"陈显帆,张梓丁,严佳",2022Q4,1044900.0,,290700.0,249800.0,1.94,37.0,0.8,32.4,30.0,跑赢行业,,97.15
300316.SZ,晶盛机电,20211130,晶盛机电：半导体设备＋材料平台型公司，潜在价值几何,一般,一般报告,中金,"陈显帆,张梓丁,严佳",2021Q4,676100.0,,186000.0,159900.0,1.24,57.8,0.5,26.8,46.3,跑赢行业,,97.15
688556.SH,高测股份,20211130,高测股份：金刚线产能提升基本完成，乐山大硅片项目投产在即——公司信息更新报告,点评,一般报告,开源证券,王珂,2023Q4,484500.0,,65900.0,56000.0,3.46,22.6,,27.1,16.4,买入,,
688556.SH,高测股份,20211130,高测股份：金刚线产能提升基本完成，乐山大硅片项目投产在即——公司信息更新报告,点评,一般报告,开源证券,王珂,2022Q4,334600.0,,46200.0,39200.0,2.42,32.3,,26.1,23.7,买入,,
688536.SH,思瑞浦,20211130,思瑞浦动态点评：发布股权激励计划，彰显长期发展信心,点评,一般报告,国信证券,"胡剑,胡慧",2021Q4,124100.0,,42600.0,42560.0,5.32,170.3,0.1,14.6,203.3,买入,,
300054.SZ,鼎龙股份,20211130,鼎龙股份：引入战投，抛光液、PI等新品步入加速发展阶段,点评,一般报告,天风证券,"潘暕,李辉,张健",2022Q4,330449.0,,58789.0,44974.0,0.48,55.37,,10.79,40.23,买入,,34.83
600315.SH,上海家化,20211130,消费品零售行业：聚焦中高端消费下的“专精特新”—2022年年度策略,非个股,一般报告,银河证券,甄唯萱,2022Q4,941100.0,,,72200.0,1.07,,,,,无,,
600030.SH,中信证券,20211130,中信证券：机构业务龙头，配股靴子将落地，重申首推组合,点评,一般报告,申万宏源证券,"许旖珊,李天奇",2023Q4,10215800.0,,4190600.0,3130000.0,2.11,11.0,,12.5,,买入,,
002832.SZ,比音勒芬,20211130,比音勒芬：优质品牌积淀，运营优化，领跑行业,点评,一般报告,国盛证券,"鞠兴海,杨莹,侯子夜",2023Q4,371200.0,,114300.0,97800.0,1.78,13.5,,23.2,10.3,买入,,
002832.SZ,比音勒芬,20211130,比音勒芬：优质品牌积淀，运营优化，领跑行业,点评,一般报告,国盛证券,"鞠兴海,杨莹,侯子夜",2022Q4,300100.0,,90900.0,77800.0,1.41,16.9,,22.9,13.3,买入,,
002832.SZ,比音勒芬,20211130,比音勒芬：优质品牌积淀，运营优化，领跑行业,点评,一般报告,国盛证券,"鞠兴海,杨莹,侯子夜",2021Q4,241500.0,,70400.0,60400.0,1.1,21.8,,21.7,16.2,买入,,
002056.SZ,横店东磁,20211130,横店东磁重大事项点评：电池片顺利扩产，2022光伏业务望持续放量,点评,一般报告,中信证券,"徐涛,梁楠",2023Q4,2158037.0,,234300.0,211969.0,1.3,15.9,,22.04,13.0,买入,,25.0
002056.SZ,横店东磁,20211130,横店东磁重大事项点评：电池片顺利扩产，2022光伏业务望持续放量,点评,一般报告,中信证券,"徐涛,梁楠",2022Q4,1817833.0,,180900.0,163580.0,1.01,20.4,,20.25,16.3,买入,,25.0
002056.SZ,横店东磁,20211130,横店东磁重大事项点评：电池片顺利扩产，2022光伏业务望持续放量,点评,一般报告,中信证券,"徐涛,梁楠",2021Q4,1241937.0,,134800.0,121947.0,0.75,27.5,,17.74,21.1,买入,,25.0
688556.SH,高测股份,20211130,高测股份：金刚线产能提升基本完成，乐山大硅片项目投产在即——公司信息更新报告,点评,一般报告,开源证券,王珂,2021Q4,164800.0,,17300.0,14700.0,0.91,86.0,,13.2,58.0,买入,,
600030.SH,中信证券,20211130,中信证券：机构业务龙头，配股靴子将落地，重申首推组合,点评,一般报告,申万宏源证券,"许旖珊,李天奇",2022Q4,8721500.0,,3484100.0,2602300.0,1.75,14.0,,11.2,,买入,,
600030.SH,中信证券,20211130,中信证券：机构业务龙头，配股靴子将落地，重申首推组合,点评,一般报告,申万宏源证券,"许旖珊,李天奇",2021Q4,7615800.0,,2906200.0,2170600.0,1.46,16.0,,10.7,,买入,,
301030.SZ,仕净科技,20211130,仕净科技：泛半导体制程配套设备龙头，一体化＆多领域拓展助力成长,深度,首次关注,东吴证券,"袁理,赵梦妮",2023Q4,185700.0,56500.0,23400.0,18600.0,1.4,28.74,,13.2,19.57,买入,,
301030.SZ,仕净科技,20211130,仕净科技：泛半导体制程配套设备龙头，一体化＆多领域拓展助力成长,深度,首次关注,东吴证券,"袁理,赵梦妮",2022Q4,124900.0,39000.0,15100.0,12000.0,0.9,44.58,,9.8,28.49,买入,,
301030.SZ,仕净科技,20211130,仕净科技：泛半导体制程配套设备龙头，一体化＆多领域拓展助力成长,深度,首次关注,东吴证券,"袁理,赵梦妮",2021Q4,82900.0,26600.0,9400.0,7500.0,0.56,71.38,,6.8,44.0,买入,,
920885.BJ,星辰科技,20211130,星辰科技2021年事件点评：员工激励草案出台，彰显持续发展信心,点评,首份报告,浙商证券,余剑秋,2023Q4,23914.0,,5600.0,4999.0,0.59,41.03,,19.67,33.4,增持,,
920885.BJ,星辰科技,20211130,星辰科技2021年事件点评：员工激励草案出台，彰显持续发展信心,点评,首份报告,浙商证券,余剑秋,2022Q4,19776.0,,5000.0,4509.0,0.53,45.48,,19.5,39.11,增持,,
920885.BJ,星辰科技,20211130,星辰科技2021年事件点评：员工激励草案出台，彰显持续发展信心,点评,首份报告,浙商证券,余剑秋,2021Q4,12678.0,,3700.0,3275.0,0.39,62.62,,15.95,52.67,增持,,
688536.SH,思瑞浦,20211130,思瑞浦动态点评：发布股权激励计划，彰显长期发展信心,点评,一般报告,国信证券,"胡剑,胡慧",2023Q4,264300.0,,82100.0,73899.0,9.24,98.1,0.2,18.5,97.3,买入,,
688536.SH,思瑞浦,20211130,思瑞浦动态点评：发布股权激励计划，彰显长期发展信心,点评,一般报告,国信证券,"胡剑,胡慧",2022Q4,194500.0,,63300.0,60104.0,7.51,120.6,0.2,17.7,130.2,买入,,
688368.SH,晶丰明源,20211130,晶丰明源动态点评：立足LED驱动芯片，拓展产品和市场边界,点评,首次关注,国信证券,"胡剑,胡慧",2021Q4,250200.0,,78300.0,76475.0,12.33,26.6,1.7,45.1,27.2,买入,,
688368.SH,晶丰明源,20211130,晶丰明源动态点评：立足LED驱动芯片，拓展产品和市场边界,点评,首次关注,国信证券,"胡剑,胡慧",2022Q4,332000.0,,96300.0,94006.0,15.15,21.6,2.1,42.5,22.3,买入,,
688368.SH,晶丰明源,20211130,晶丰明源动态点评：立足LED驱动芯片，拓展产品和市场边界,点评,首次关注,国信证券,"胡剑,胡慧",2023Q4,417400.0,,110100.0,107500.0,17.33,18.9,2.4,38.4,19.6,买入,,
688559.SH,海目星,20211130,海目星：激光+自动化装备引领者，顺周期布局助力腾飞,深度,首次关注,华西证券,俞能飞,2023Q4,531300.0,171000.0,73200.0,65900.0,3.3,21.12,,26.2,,增持,,
688559.SH,海目星,20211130,海目星：激光+自动化装备引领者，顺周期布局助力腾飞,深度,首次关注,华西证券,俞能飞,2022Q4,344900.0,107000.0,39200.0,35300.0,1.76,39.47,,19.0,,增持,,
688559.SH,海目星,20211130,海目星：激光+自动化装备引领者，顺周期布局助力腾飞,深度,首次关注,华西证券,俞能飞,2021Q4,200900.0,60000.0,13600.0,11900.0,0.59,117.15,,7.9,,增持,,
300054.SZ,鼎龙股份,20211130,鼎龙股份：引入战投，抛光液、PI等新品步入加速发展阶段,点评,一般报告,天风证券,"潘暕,李辉,张健",2023Q4,425257.0,,88198.0,63723.0,0.68,39.08,,13.34,26.79,买入,,34.83
300054.SZ,鼎龙股份,20211130,鼎龙股份：引入战投，抛光液、PI等新品步入加速发展阶段,点评,一般报告,天风证券,"潘暕,李辉,张健",2021Q4,239383.0,,35967.0,29043.0,0.31,85.74,,7.65,66.73,买入,,34.83
600315.SH,上海家化,20211130,消费品零售行业：聚焦中高端消费下的“专精特新”—2022年年度策略,非个股,一般报告,银河证券,甄唯萱,2023Q4,1060400.0,,,105900.0,1.57,,,,,无,,
600315.SH,上海家化,20211130,消费品零售行业：聚焦中高端消费下的“专精特新”—2022年年度策略,非个股,一般报告,银河证券,甄唯萱,2021Q4,851300.0,,,51000.0,0.76,,,,,无,,
600460.SH,士兰微,20211130,电子行业2022年度策略：能源变革奏响电子行业新篇章,非个股,一般报告,银河证券,"傅楚雄,王恺",2023Q4,,,,157183.975,1.11,,,,,无,,
002273.SZ,水晶光电,20211130,电子行业2022年度策略：能源变革奏响电子行业新篇章,非个股,一般报告,银河证券,"傅楚雄,王恺",2023Q4,,,,75094.14,0.54,,,,,推荐,,
002273.SZ,水晶光电,20211130,电子行业2022年度策略：能源变革奏响电子行业新篇章,非个股,一般报告,银河证券,"傅楚雄,王恺",2022Q4,,,,61187.818,0.44,,,,,推荐,,
002273.SZ,水晶光电,20211130,电子行业2022年度策略：能源变革奏响电子行业新篇章,非个股,一般报告,银河证券,"傅楚雄,王恺",2021Q4,,,,52844.024,0.38,,,,,推荐,,
000906.SZ,浙商中拓,20211130,交通运输行业2022年度策略：客运复苏，物流成长,非个股,一般报告,天风证券,"陈金海,高晟",2023Q4,,,,150346.783,2.23,,,,,买入,,
000906.SZ,浙商中拓,20211130,交通运输行业2022年度策略：客运复苏，物流成长,非个股,一般报告,天风证券,"陈金海,高晟",2022Q4,,,,117310.943,1.74,,,,,买入,,
000906.SZ,浙商中拓,20211130,交通运输行业2022年度策略：客运复苏，物流成长,非个股,一般报告,天风证券,"陈金海,高晟",2021Q4,,,,86297.705,1.28,,,,,买入,,
600460.SH,士兰微,20211130,电子行业2022年度策略：能源变革奏响电子行业新篇章,非个股,一般报告,银河证券,"傅楚雄,王恺",2022Q4,,,,120366.107,0.85,,,,,无,,
600460.SH,士兰微,20211130,电子行业2022年度策略：能源变革奏响电子行业新篇章,非个股,一般报告,银河证券,"傅楚雄,王恺",2021Q4,,,,94876.814,0.67,,,,,无,,
300755.SZ,华致酒行,20211130,消费品零售行业：聚焦中高端消费下的“专精特新”—2022年年度策略,非个股,一般报告,银河证券,甄唯萱,2023Q4,1363900.0,,,116500.0,2.8,,,,,无,,
300755.SZ,华致酒行,20211130,消费品零售行业：聚焦中高端消费下的“专精特新”—2022年年度策略,非个股,一般报告,银河证券,甄唯萱,2022Q4,1059700.0,,,91700.0,2.2,,,,,无,,
300755.SZ,华致酒行,20211130,消费品零售行业：聚焦中高端消费下的“专精特新”—2022年年度策略,非个股,一般报告,银河证券,甄唯萱,2021Q4,783500.0,,,67700.0,1.62,,,,,无,,
603290.SH,斯达半导,20211130,电子行业2022年度策略：能源变革奏响电子行业新篇章,非个股,一般报告,银河证券,"傅楚雄,王恺",2023Q4,,,,77625.757,4.55,,,,,推荐,,
002241.SZ,歌尔股份,20211130,电子行业2022年度策略：能源变革奏响电子行业新篇章,非个股,一般报告,银河证券,"傅楚雄,王恺",2022Q4,,,,594439.86,1.74,,,,,推荐,,
002241.SZ,歌尔股份,20211130,电子行业2022年度策略：能源变革奏响电子行业新篇章,非个股,一般报告,银河证券,"傅楚雄,王恺",2021Q4,,,,433872.772,1.27,,,,,推荐,,
603605.SH,珀莱雅,20211130,消费品零售行业：聚焦中高端消费下的“专精特新”—2022年年度策略,非个股,一般报告,银河证券,甄唯萱,2021Q4,484500.0,,,57000.0,2.84,,,,,无,,
603605.SH,珀莱雅,20211130,消费品零售行业：聚焦中高端消费下的“专精特新”—2022年年度策略,非个股,一般报告,银河证券,甄唯萱,2023Q4,687500.0,,,92000.0,4.59,,,,,无,,
688127.SH,蓝特光学,20211130,电子行业2022年度策略：能源变革奏响电子行业新篇章,非个股,一般报告,银河证券,"傅楚雄,王恺",2022Q4,,,,16516.645,0.41,,,,,推荐,,
600745.SH,闻泰科技,20211130,电子行业2022年度策略：能源变革奏响电子行业新篇章,非个股,一般报告,银河证券,"傅楚雄,王恺",2022Q4,,,,466916.461,3.75,,,,,无,,
603290.SH,斯达半导,20211130,电子行业2022年度策略：能源变革奏响电子行业新篇章,非个股,一般报告,银河证券,"傅楚雄,王恺",2022Q4,,,,55276.363,3.24,,,,,推荐,,
603290.SH,斯达半导,20211130,电子行业2022年度策略：能源变革奏响电子行业新篇章,非个股,一般报告,银河证券,"傅楚雄,王恺",2021Q4,,,,37703.939,2.21,,,,,推荐,,
002241.SZ,歌尔股份,20211130,电子行业2022年度策略：能源变革奏响电子行业新篇章,非个股,一般报告,银河证券,"傅楚雄,王恺",2023Q4,,,,772088.554,2.26,,,,,推荐,,
603605.SH,珀莱雅,20211130,消费品零售行业：聚焦中高端消费下的“专精特新”—2022年年度策略,非个股,一般报告,银河证券,甄唯萱,2022Q4,571800.0,,,72900.0,3.64,,,,,无,,
688127.SH,蓝特光学,20211130,电子行业2022年度策略：能源变革奏响电子行业新篇章,非个股,一般报告,银河证券,"傅楚雄,王恺",2023Q4,,,,22559.32,0.56,,,,,推荐,,
688127.SH,蓝特光学,20211130,电子行业2022年度策略：能源变革奏响电子行业新篇章,非个股,一般报告,银河证券,"傅楚雄,王恺",2021Q4,,,,14099.575,0.35,,,,,推荐,,
600745.SH,闻泰科技,20211130,电子行业2022年度策略：能源变革奏响电子行业新篇章,非个股,一般报告,银河证券,"傅楚雄,王恺",2023Q4,,,,637496.608,5.12,,,,,无,,
600745.SH,闻泰科技,20211130,电子行业2022年度策略：能源变革奏响电子行业新篇章,非个股,一般报告,银河证券,"傅楚雄,王恺",2021Q4,,,,346140.737,2.78,,,,,无,,
300115.SZ,长盈精密,20211130,电子行业2022年度策略：能源变革奏响电子行业新篇章,非个股,一般报告,银河证券,"傅楚雄,王恺",2021Q4,,,,54046.247,0.45,,,,,推荐,,
688766.SH,普冉股份,20211130,普冉股份公司研究报告：深耕中小容量NorFlash存储芯片，持续扩展下游应用领域,点评,首次关注,海通证券,"郑宏达,李潇",2023Q4,215000.0,,44200.0,40400.0,11.16,39.56,0.0,28.4,36.25,优于大市,,
300035.SZ,中科电气,20211130,中科电气投资价值分析报告：兼具技术底蕴与成本优势，需求爆发驱动成长,深度,首次关注,中信证券,"袁健聪,刘易,吴威辰,柯迈,李鹞,滕冠兴",2023Q4,455800.0,173300.0,109800.0,96659.0,1.5,26.0,,25.5,21.7,买入,,50.0
300115.SZ,长盈精密,20211130,电子行业2022年度策略：能源变革奏响电子行业新篇章,非个股,一般报告,银河证券,"傅楚雄,王恺",2023Q4,,,,145324.354,1.21,,,,,推荐,,
300115.SZ,长盈精密,20211130,电子行业2022年度策略：能源变革奏响电子行业新篇章,非个股,一般报告,银河证券,"傅楚雄,王恺",2022Q4,,,,110494.55,0.92,,,,,推荐,,
688766.SH,普冉股份,20211130,普冉股份公司研究报告：深耕中小容量NorFlash存储芯片，持续扩展下游应用领域,点评,首次关注,海通证券,"郑宏达,李潇",2022Q4,179100.0,,37700.0,34500.0,9.53,46.34,0.0,33.8,43.12,优于大市,,
688766.SH,普冉股份,20211130,普冉股份公司研究报告：深耕中小容量NorFlash存储芯片，持续扩展下游应用领域,点评,首次关注,海通证券,"郑宏达,李潇",2021Q4,128000.0,,30100.0,27600.0,7.62,57.97,0.0,40.8,54.14,优于大市,,
300035.SZ,中科电气,20211130,中科电气投资价值分析报告：兼具技术底蕴与成本优势，需求爆发驱动成长,深度,首次关注,中信证券,"袁健聪,刘易,吴威辰,柯迈,李鹞,滕冠兴",2022Q4,322500.0,117700.0,73800.0,64950.0,1.01,38.6,,22.0,31.6,买入,,50.0
300035.SZ,中科电气,20211130,中科电气投资价值分析报告：兼具技术底蕴与成本优势，需求爆发驱动成长,深度,首次关注,中信证券,"袁健聪,刘易,吴威辰,柯迈,李鹞,滕冠兴",2021Q4,209600.0,69800.0,39700.0,34925.0,0.54,72.1,,14.7,57.0,买入,,50.0
688516.SH,奥特维,20211130,奥特维：半导体键合机获首批订单，光伏组件设备龙头顺利进军半导体,点评,一般报告,东吴证券,"周尔双,朱贝贝",2022Q4,262300.0,,50700.0,44100.0,4.47,55.29,,25.4,50.04,增持,,
688516.SH,奥特维,20211130,奥特维：半导体键合机获首批订单，光伏组件设备龙头顺利进军半导体,点评,一般报告,东吴证券,"周尔双,朱贝贝",2021Q4,202500.0,,37100.0,32300.0,3.27,75.54,,23.7,66.15,增持,,
002120.SZ,韵达股份,20211130,韵达股份：行业竞争趋缓，盈利修复开启,点评,一般报告,国泰君安,"岳鑫,郑武,张哲恺",2021Q4,4179400.0,,,133300.0,0.46,42.1,0.9,8.8,19.7,增持,,25.67
601021.SH,春秋航空,20211130,春秋航空：短期业绩承压，长期航网优化,点评,首份报告,国泰君安,"岳鑫,王凯婕",2021Q4,1102600.0,,,2600.0,0.0284,1971.2,0.0,0.2,374.8,增持,,64.0
002920.SZ,德赛西威,20211130,德赛西威：股权激励授予，业绩成长确定性加码——中小盘信息更新,点评,一般报告,开源证券,任浪,2023Q4,1607300.0,,142200.0,144200.0,2.62,54.19,,18.8,45.0,买入,,
002920.SZ,德赛西威,20211130,德赛西威：股权激励授予，业绩成长确定性加码——中小盘信息更新,点评,一般报告,开源证券,任浪,2022Q4,1268000.0,,116200.0,115400.0,2.1,67.7,,18.1,55.7,买入,,
002230.SZ,科大讯飞,20211130,科大讯飞：静待教育政策利好向业绩传导，开放平台望成第二增长曲线,点评,一般报告,国泰君安,"李沐华,齐佳宏",2022Q4,2273300.0,,,263500.0,1.15,46.82,0.4,16.2,24.89,增持,,86.25
601238.SH,广汽集团,20211130,广汽集团：埃安重组如期推进，资金实力与创新科技属性大增,点评,一般报告,东兴证券,"李金锦,张觉尹",2023Q4,13060542.0,,1646200.0,1575049.0,1.52,10.33,,13.17,5.5,强烈推荐,,
600460.SH,士兰微,20211130,士兰微：股权激励凝聚核心人才，增资加码化合物半导体——公司信息更新报告,点评,一般报告,开源证券,"刘翔,盛晓君",2023Q4,1165500.0,,200800.0,153600.0,1.08,54.9,,20.6,31.3,买入,,
600460.SH,士兰微,20211130,士兰微：股权激励凝聚核心人才，增资加码化合物半导体——公司信息更新报告,点评,一般报告,开源证券,"刘翔,盛晓君",2022Q4,976300.0,,163300.0,130800.0,0.92,64.5,,21.0,37.5,买入,,
600460.SH,士兰微,20211130,士兰微重大事项点评：股票期权激励计划落地，团队凝聚力进一步提升,点评,一般报告,中信证券,"徐涛,夏胤磊",2023Q4,1511015.0,,211300.0,164794.0,1.16,51.19,,18.62,30.36,买入,,71.0
600460.SH,士兰微,20211130,士兰微重大事项点评：股票期权激励计划落地，团队凝聚力进一步提升,点评,一般报告,中信证券,"徐涛,夏胤磊",2022Q4,1118260.0,,172600.0,134600.0,0.95,62.67,,17.47,36.5,买入,,71.0
300659.SZ,中孚信息,20211130,中孚信息：防护、检查快速增长，监管平台空间广阔,一般,一般报告,国泰君安,"李沐华,朱丽江",2023Q4,287500.0,,,76900.0,3.39,14.77,0.5,24.6,11.92,增持,,77.5
300659.SZ,中孚信息,20211130,中孚信息：防护、检查快速增长，监管平台空间广阔,一般,一般报告,国泰君安,"李沐华,朱丽江",2022Q4,218200.0,,,56400.0,2.49,20.16,0.4,23.4,17.1,增持,,77.5
300659.SZ,中孚信息,20211130,中孚信息：防护、检查快速增长，监管平台空间广阔,一般,一般报告,国泰君安,"李沐华,朱丽江",2021Q4,157500.0,,,36700.0,1.62,30.99,0.2,19.4,27.1,增持,,77.5
688516.SH,奥特维,20211130,奥特维：半导体键合机获首批订单，光伏组件设备龙头顺利进军半导体,点评,一般报告,东吴证券,"周尔双,朱贝贝",2023Q4,335600.0,,66400.0,57700.0,5.85,42.21,,25.9,39.04,增持,,
002120.SZ,韵达股份,20211130,韵达股份：行业竞争趋缓，盈利修复开启,点评,一般报告,国泰君安,"岳鑫,郑武,张哲恺",2023Q4,6222200.0,,,219700.0,0.76,25.5,1.5,12.4,12.5,增持,,25.67
002120.SZ,韵达股份,20211130,韵达股份：行业竞争趋缓，盈利修复开启,点评,一般报告,国泰君安,"岳鑫,郑武,张哲恺",2022Q4,5135400.0,,,181100.0,0.62,31.0,1.2,11.1,14.7,增持,,25.67
601021.SH,春秋航空,20211130,春秋航空：短期业绩承压，长期航网优化,点评,首份报告,国泰君安,"岳鑫,王凯婕",2023Q4,2291800.0,,,256500.0,2.8,20.0,1.5,14.7,16.7,增持,,64.0
601021.SH,春秋航空,20211130,春秋航空：短期业绩承压，长期航网优化,点评,首份报告,国泰君安,"岳鑫,王凯婕",2022Q4,1852300.0,,,164000.0,1.79,31.3,0.3,10.5,25.7,增持,,64.0
002920.SZ,德赛西威,20211130,德赛西威：股权激励授予，业绩成长确定性加码——中小盘信息更新,点评,一般报告,开源证券,任浪,2021Q4,932300.0,,90000.0,87700.0,1.59,89.09,,16.4,70.1,买入,,
002645.SZ,华宏科技,20211130,华宏科技：6万吨处理能力获批，稀土回收业务打开空间——公司信息更新报告,点评,一般报告,开源证券,王珂,2023Q4,804300.0,,98100.0,87430.0,1.5,18.0,,17.6,12.3,买入,,
002645.SZ,华宏科技,20211130,华宏科技：6万吨处理能力获批，稀土回收业务打开空间——公司信息更新报告,点评,一般报告,开源证券,王珂,2022Q4,657900.0,,77400.0,69000.0,1.18,22.8,,16.7,15.3,买入,,
002645.SZ,华宏科技,20211130,华宏科技：6万吨处理能力获批，稀土回收业务打开空间——公司信息更新报告,点评,一般报告,开源证券,王珂,2021Q4,516700.0,,61300.0,54670.0,0.94,28.7,,15.8,20.4,买入,,
002230.SZ,科大讯飞,20211130,科大讯飞：静待教育政策利好向业绩传导，开放平台望成第二增长曲线,点评,一般报告,国泰君安,"李沐华,齐佳宏",2023Q4,2972300.0,,,362800.0,1.58,34.01,0.4,18.6,17.51,增持,,86.25
002230.SZ,科大讯飞,20211130,科大讯飞：静待教育政策利好向业绩传导，开放平台望成第二增长曲线,点评,一般报告,国泰君安,"李沐华,齐佳宏",2021Q4,1732000.0,,,190700.0,0.83,64.69,0.4,13.5,54.22,增持,,86.25
601238.SH,广汽集团,20211130,广汽集团：埃安重组如期推进，资金实力与创新科技属性大增,点评,一般报告,东兴证券,"李金锦,张觉尹",2022Q4,10810877.0,,1351100.0,1288798.0,1.25,12.62,,12.38,7.22,强烈推荐,,
601238.SH,广汽集团,20211130,广汽集团：埃安重组如期推进，资金实力与创新科技属性大增,点评,一般报告,东兴证券,"李金锦,张觉尹",2021Q4,8092361.0,,767200.0,726810.0,0.7,22.39,,7.95,7.79,强烈推荐,,
600460.SH,士兰微,20211130,士兰微：股权激励凝聚核心人才，增资加码化合物半导体——公司信息更新报告,点评,一般报告,开源证券,"刘翔,盛晓君",2021Q4,731700.0,,121100.0,105800.0,0.75,79.8,,19.6,49.2,买入,,
600460.SH,士兰微,20211130,士兰微：重申“买入”，首次股权激励绑定员工利益,点评,一般报告,国金证券,郑弼禹,2023Q4,1142700.0,361200.0,187300.0,155800.0,1.1,50.16,,12.29,,买入,,70.2
600460.SH,士兰微,20211130,士兰微：重申“买入”，首次股权激励绑定员工利益,点评,一般报告,国金证券,郑弼禹,2021Q4,707900.0,237800.0,128400.0,107300.0,0.758,72.81,,10.98,,买入,,70.2
600460.SH,士兰微,20211130,士兰微重大事项点评：股票期权激励计划落地，团队凝聚力进一步提升,点评,一般报告,中信证券,"徐涛,夏胤磊",2021Q4,760076.0,,137000.0,106882.0,0.75,78.92,,15.86,44.61,买入,,71.0
600460.SH,士兰微,20211130,士兰微：重申“买入”，首次股权激励绑定员工利益,点评,一般报告,国金证券,郑弼禹,2022Q4,932800.0,316800.0,175400.0,146400.0,1.034,53.39,,13.09,,买入,,70.2
300653.SZ,正海生物,20211130,正海生物：活性生物骨正式提交发补，预计90工作日内拿到批件,点评,一般报告,平安证券,"叶寅,韩盟盟",2023Q4,73100.0,,34500.0,29900.0,2.49,26.7,,29.3,18.9,推荐,,
300653.SZ,正海生物,20211130,正海生物：活性生物骨正式提交发补，预计90工作日内拿到批件,点评,一般报告,平安证券,"叶寅,韩盟盟",2022Q4,55000.0,,25700.0,22300.0,1.86,35.8,,26.0,25.8,推荐,,
300653.SZ,正海生物,20211130,正海生物：活性生物骨正式提交发补，预计90工作日内拿到批件,点评,一般报告,平安证券,"叶寅,韩盟盟",2021Q4,39800.0,,18900.0,16400.0,1.37,48.6,,22.3,35.4,推荐,,
300408.SZ,三环集团,20211129,三环集团：加大投产MLCC产品，紧跟国产替代趋势,深度,首次关注,红塔证券,肖立戎,2022Q4,823200.0,423200.0,333300.0,282900.0,1.557,29.23,,14.0,21.5,增持,,46.35
300408.SZ,三环集团,20211129,三环集团：加大投产MLCC产品，紧跟国产替代趋势,深度,首次关注,红塔证券,肖立戎,2021Q4,591900.0,306900.0,237200.0,201400.0,1.108,41.07,,12.0,29.14,增持,,46.35
300408.SZ,三环集团,20211129,三环集团：加大投产MLCC产品，紧跟国产替代趋势,深度,首次关注,红塔证券,肖立戎,2023Q4,1046500.0,536500.0,422200.0,358300.0,1.972,23.08,,15.0,16.75,增持,,46.35
688113.SH,联测科技,20211129,联测科技：公司业绩稳定增长，航空与新能源双足鼎立,一般,一般报告,财信证券,"何晨,张看",2023Q4,61930.0,,12098.0,10520.0,1.65,40.86,0.0,16.67,14.31,谨慎推荐,,
688113.SH,联测科技,20211129,联测科技：公司业绩稳定增长，航空与新能源双足鼎立,一般,一般报告,财信证券,"何晨,张看",2022Q4,50762.0,,10328.0,8980.0,1.41,47.87,0.0,17.08,19.41,谨慎推荐,,
688113.SH,联测科技,20211129,联测科技：公司业绩稳定增长，航空与新能源双足鼎立,一般,一般报告,财信证券,"何晨,张看",2021Q4,42302.0,,9233.0,8028.0,1.26,53.54,0.0,18.42,26.62,谨慎推荐,,
600038.SH,中直股份,20211129,国防军工：在新的起点上看我军装备发展，直升机或将放量,非个股,一般报告,财信证券,"何晨,张看",2022Q4,,,,123790.11,2.1,,,,,谨慎推荐,,
600038.SH,中直股份,20211129,国防军工：在新的起点上看我军装备发展，直升机或将放量,非个股,一般报告,财信证券,"何晨,张看",2021Q4,,,,94905.751,1.61,,,,,谨慎推荐,,
600104.SH,上汽集团,20211129,上汽集团公司深度报告：市占率回升趋势逐渐明朗，龙头再出发,深度,一般报告,首创证券,"岳清慧,陈逸同",2023Q4,96285240.0,,6137210.0,3451240.0,2.95,6.8,,10.5,,买入,,
600104.SH,上汽集团,20211129,上汽集团公司深度报告：市占率回升趋势逐渐明朗，龙头再出发,深度,一般报告,首创证券,"岳清慧,陈逸同",2022Q4,85569350.0,,5470980.0,3005780.0,2.57,7.8,,9.9,,买入,,
600104.SH,上汽集团,20211129,上汽集团公司深度报告：市占率回升趋势逐渐明朗，龙头再出发,深度,一般报告,首创证券,"岳清慧,陈逸同",2021Q4,80054410.0,,4853160.0,2805760.0,2.4,8.4,,9.9,,买入,,
300653.SZ,正海生物,20211129,正海生物：重磅品种活性生物骨完成资料发补，市场前景广阔,点评,一般报告,太平洋证券,"盛丽华,何展聪",2023Q4,60800.0,,28800.0,25000.0,2.08,31.96,,19.91,24.84,买入,,86.5
300653.SZ,正海生物,20211129,正海生物：重磅品种活性生物骨完成资料发补，市场前景广阔,点评,一般报告,太平洋证券,"盛丽华,何展聪",2022Q4,48500.0,,23000.0,19900.0,1.66,40.15,,19.79,32.51,买入,,86.5
300653.SZ,正海生物,20211129,正海生物：重磅品种活性生物骨完成资料发补，市场前景广阔,点评,一般报告,太平洋证券,"盛丽华,何展聪",2021Q4,38600.0,,18300.0,15900.0,1.32,50.24,,19.72,42.23,买入,,86.5
002957.SZ,科瑞技术,20211129,科瑞技术：收购鼎力智能100％股权，补齐锂电中后段整线能力,点评,一般报告,太平洋证券,"刘国清,王希",2021Q4,252181.0,,30725.0,28274.0,0.69,42.17,,9.31,26.46,买入,,
002957.SZ,科瑞技术,20211129,科瑞技术：收购鼎力智能100％股权，补齐锂电中后段整线能力,点评,一般报告,太平洋证券,"刘国清,王希",2023Q4,463336.0,,55125.0,51119.0,1.23,23.47,,12.91,15.38,买入,,
002957.SZ,科瑞技术,20211129,科瑞技术：收购鼎力智能100％股权，补齐锂电中后段整线能力,点评,一般报告,太平洋证券,"刘国清,王希",2022Q4,360201.0,,42545.0,39351.0,0.95,30.54,,11.39,19.75,买入,,
600900.SH,长江电力,20211129,长江电力：资产注入工作启动，水电巨擘再迎成长,点评,一般报告,长江证券,"张韦华,司旗,宋尚骞,于倩",2023Q4,8736200.0,5303500.0,4252200.0,3527600.0,1.551,14.2,,13.7,9.98,买入,,
600900.SH,长江电力,20211129,长江电力：资产注入工作启动，水电巨擘再迎成长,点评,一般报告,长江证券,"张韦华,司旗,宋尚骞,于倩",2022Q4,5746200.0,3638800.0,3377600.0,2747900.0,1.21,16.16,,14.6,10.57,买入,,
600900.SH,长江电力,20211129,长江电力：资产注入工作启动，水电巨擘再迎成长,点评,一般报告,长江证券,"张韦华,司旗,宋尚骞,于倩",2021Q4,5514100.0,3365900.0,3194100.0,2630200.0,1.16,16.89,,14.6,10.94,买入,,
300548.SZ,博创科技,20211129,IDC／云计算行业专题：财报总结及展望（三）：需求回暖，供给收缩，绿色转型,非个股,一般报告,国信证券,"马成龙,付晓钦",2022Q4,,,,24319.789,1.4,,,,,无,,
300548.SZ,博创科技,20211129,IDC／云计算行业专题：财报总结及展望（三）：需求回暖，供给收缩，绿色转型,非个股,一般报告,国信证券,"马成龙,付晓钦",2021Q4,,,,15981.575,0.92,,,,,无,,
002540.SZ,亚太科技,20211129,有色金属：锂钴价格持续上涨，关注南非变异毒株冲击,非个股,一般报告,中金,"齐丁,杨文艺,陈彦,张家铭,王政,王建润",2022Q4,,,,53362.239,0.42,,,,,无,,
002540.SZ,亚太科技,20211129,有色金属：锂钴价格持续上涨，关注南非变异毒株冲击,非个股,一般报告,中金,"齐丁,杨文艺,陈彦,张家铭,王政,王建润",2021Q4,,,,41927.474,0.33,,,,,无,,
600886.SH,国投电力,20211129,电力：加快建设全国统一电力市场体系，省间电力现货交易规则发布,非个股,一般报告,中信建投,高兴,2023Q4,,,,696587.335,1.0,,,,,买入,,
600886.SH,国投电力,20211129,电力：加快建设全国统一电力市场体系，省间电力现货交易规则发布,非个股,一般报告,中信建投,高兴,2022Q4,,,,640860.348,0.92,,,,,买入,,
600886.SH,国投电力,20211129,电力：加快建设全国统一电力市场体系，省间电力现货交易规则发布,非个股,一般报告,中信建投,高兴,2021Q4,,,,480645.261,0.69,,,,,买入,,
600483.SH,福能股份,20211129,电力：加快建设全国统一电力市场体系，省间电力现货交易规则发布,非个股,一般报告,中信建投,高兴,2022Q4,,,,279951.074,1.46,,,,,买入,,
600452.SH,涪陵电力,20211129,电力：加快建设全国统一电力市场体系，省间电力现货交易规则发布,非个股,一般报告,中信建投,高兴,2021Q4,,,,57925.181,0.76,,,,,无,,
600452.SH,涪陵电力,20211129,电力：加快建设全国统一电力市场体系，省间电力现货交易规则发布,非个股,一般报告,中信建投,高兴,2022Q4,,,,64022.569,0.84,,,,,无,,
601985.SH,中国核电,20211129,电力：加快建设全国统一电力市场体系，省间电力现货交易规则发布,非个股,一般报告,中信建投,高兴,2021Q4,,,,788254.78,0.45,,,,,无,,
002436.SZ,兴森科技,20211129,2021年12月上海证券研究所投资组合报告,非个股,一般报告,上海证券,无,2022Q4,,,,68444.208,0.46,,,,,无,,
002436.SZ,兴森科技,20211129,2021年12月上海证券研究所投资组合报告,非个股,一般报告,上海证券,无,2021Q4,,,,56540.867,0.38,,,,,无,,
600483.SH,福能股份,20211129,电力：加快建设全国统一电力市场体系，省间电力现货交易规则发布,非个股,一般报告,中信建投,高兴,2023Q4,,,,293373.386,1.53,,,,,买入,,
600483.SH,福能股份,20211129,电力：加快建设全国统一电力市场体系，省间电力现货交易规则发布,非个股,一般报告,中信建投,高兴,2021Q4,,,,166820.161,0.87,,,,,买入,,
600452.SH,涪陵电力,20211129,电力：加快建设全国统一电力市场体系，省间电力现货交易规则发布,非个股,一般报告,中信建投,高兴,2023Q4,,,,69357.783,0.91,,,,,无,,
601985.SH,中国核电,20211129,电力：加快建设全国统一电力市场体系，省间电力现货交易规则发布,非个股,一般报告,中信建投,高兴,2023Q4,,,,1051006.374,0.6,,,,,无,,
601985.SH,中国核电,20211129,电力：加快建设全国统一电力市场体系，省间电力现货交易规则发布,非个股,一般报告,中信建投,高兴,2022Q4,,,,945905.736,0.54,,,,,无,,
600795.SH,国电电力,20211129,电力：加快建设全国统一电力市场体系，省间电力现货交易规则发布,非个股,一般报告,中信建投,高兴,2021Q4,,,,338876.763,0.19,,,,,无,,
600765.SH,中航重机,20211129,军工：大国博弈背景，我军武器装备建设有望再上一个大台阶——2021年第47周周报,非个股,一般报告,国泰君安,"彭磊,王睿",2021Q4,,,,74666.343,0.71,,,,,无,,
002705.SZ,新宝股份,20211129,2021年12月上海证券研究所投资组合报告,非个股,一般报告,上海证券,无,2022Q4,,,,111608.25,1.35,,,,,无,,
002705.SZ,新宝股份,20211129,2021年12月上海证券研究所投资组合报告,非个股,一般报告,上海证券,无,2021Q4,,,,85979.689,1.04,,,,,无,,
688036.SH,传音控股,20211129,智能手机行业深度追踪系列第20期（2021年10月）：苹果新机密集发货驱动10月国内出货大幅提升，荣耀国内Q3份额冲进前三,非个股,一般报告,中信证券,"徐涛,张若海,胡叶倩雯,苗丰",2023Q4,,,,580000.0,7.235,,,,,买入,,
688036.SH,传音控股,20211129,智能手机行业深度追踪系列第20期（2021年10月）：苹果新机密集发货驱动10月国内出货大幅提升，荣耀国内Q3份额冲进前三,非个股,一般报告,中信证券,"徐涛,张若海,胡叶倩雯,苗丰",2022Q4,,,,480000.0,5.987,,,,,买入,,
688036.SH,传音控股,20211129,智能手机行业深度追踪系列第20期（2021年10月）：苹果新机密集发货驱动10月国内出货大幅提升，荣耀国内Q3份额冲进前三,非个股,一般报告,中信证券,"徐涛,张若海,胡叶倩雯,苗丰",2021Q4,,,,380000.0,4.74,,,,,买入,,
600795.SH,国电电力,20211129,电力：加快建设全国统一电力市场体系，省间电力现货交易规则发布,非个股,一般报告,中信建投,高兴,2023Q4,,,,499397.334,0.28,,,,,无,,
600795.SH,国电电力,20211129,电力：加快建设全国统一电力市场体系，省间电力现货交易规则发布,非个股,一般报告,中信建投,高兴,2022Q4,,,,463726.096,0.26,,,,,无,,
600021.SH,上海电力,20211129,电力：加快建设全国统一电力市场体系，省间电力现货交易规则发布,非个股,一般报告,中信建投,高兴,2023Q4,,,,204138.807,0.78,,,,,买入,,
600021.SH,上海电力,20211129,电力：加快建设全国统一电力市场体系，省间电力现货交易规则发布,非个股,一般报告,中信建投,高兴,2022Q4,,,,185818.658,0.71,,,,,买入,,
600021.SH,上海电力,20211129,电力：加快建设全国统一电力市场体系，省间电力现货交易规则发布,非个股,一般报告,中信建投,高兴,2021Q4,,,,57577.612,0.22,,,,,买入,,
600765.SH,中航重机,20211129,军工：大国博弈背景，我军武器装备建设有望再上一个大台阶——2021年第47周周报,非个股,一般报告,国泰君安,"彭磊,王睿",2023Q4,,,,137764.661,1.31,,,,,无,,
600765.SH,中航重机,20211129,军工：大国博弈背景，我军武器装备建设有望再上一个大台阶——2021年第47周周报,非个股,一般报告,国泰君安,"彭磊,王睿",2022Q4,,,,104112.225,0.99,,,,,无,,
600027.SH,华电国际,20211129,电力：加快建设全国统一电力市场体系，省间电力现货交易规则发布,非个股,一般报告,中信建投,高兴,2023Q4,,,,592191.493,0.6,,,,,买入,,
600011.SH,华能国际,20211129,电力：加快建设全国统一电力市场体系，省间电力现货交易规则发布,非个股,一般报告,中信建投,高兴,2021Q4,,,,-141282.84,-0.09,,,,,买入,,
600048.SH,保利发展,20211129,房地产2021年12月投资策略暨三季报总结：行业低迷延续，精选优质龙头,非个股,一般报告,国信证券,"任鹤,王粤雷,王静",2021Q4,,,,3076317.649,2.57,,,,,买入,,
600048.SH,保利发展,20211129,房地产开发：静待行业出清，重塑竞争格局,非个股,一般报告,国盛证券,夏天,2022Q4,,,,3411480.661,2.85,,,,,买入,,
600048.SH,保利发展,20211129,房地产开发：静待行业出清，重塑竞争格局,非个股,一般报告,国盛证券,夏天,2021Q4,,,,3124198.079,2.61,,,,,买入,,
600383.SH,金地集团,20211129,房地产2021年12月投资策略暨三季报总结：行业低迷延续，精选优质龙头,非个股,一般报告,国信证券,"任鹤,王粤雷,王静",2021Q4,,,,1115102.142,2.47,,,,,买入,,
605155.SH,西大门,20211129,西大门深度报告：功能性遮阳龙头初养成，打开世界之门,深度,首次关注,浙商证券,"马莉,林骥川,詹陆雨",2023Q4,83350.0,,20100.0,17400.0,1.81,11.6,,13.3,3.7,买入,,
605155.SH,西大门,20211129,西大门深度报告：功能性遮阳龙头初养成，打开世界之门,深度,首次关注,浙商证券,"马莉,林骥川,詹陆雨",2022Q4,64050.0,,15300.0,13250.0,1.38,15.3,,11.4,4.9,买入,,
605155.SH,西大门,20211129,西大门深度报告：功能性遮阳龙头初养成，打开世界之门,深度,首次关注,浙商证券,"马莉,林骥川,詹陆雨",2021Q4,47620.0,,11500.0,9960.0,1.04,20.3,,9.4,6.3,买入,,
603786.SH,科博达,20211129,科博达：车载控制器龙头，多元化产品矩阵打开成长空间,深度,首次关注,中泰证券,"陈宁玉,王逢节,佘雨晴",2022Q4,444354.0,163000.0,86300.0,75300.0,1.88,49.33,,15.58,,买入,,
603786.SH,科博达,20211129,科博达：车载控制器龙头，多元化产品矩阵打开成长空间,深度,首次关注,中泰证券,"陈宁玉,王逢节,佘雨晴",2021Q4,301411.0,104200.0,47500.0,42200.0,1.05,87.97,,10.16,,买入,,
002895.SZ,川恒股份,20211129,川恒股份：布局新能源材料，成长动力充足,点评,首次关注,群益证券,费倩然,2022Q4,372300.0,,75700.0,60900.0,1.25,26.61,0.0,,,买进,,40.0
688012.SH,中微公司,20211129,中微公司：Mini_LED需求旺盛，设备公司直接受益,点评,一般报告,群益证券,朱吉翔,2022Q4,437400.0,,106300.0,95700.0,1.55,102.0,0.28,,,买进,,190.0
600570.SH,恒生电子,20211129,恒生电子事件点评：收购Summit业务，完善产品线布局,点评,一般报告,国元证券,"耿军军,陈图南",2023Q4,719854.0,,231578.0,213121.0,1.46,40.0,,24.11,31.76,买入,,86.16
600642.SH,申能股份,20211129,电力：加快建设全国统一电力市场体系，省间电力现货交易规则发布,非个股,一般报告,中信建投,高兴,2023Q4,,,,392963.065,0.8,,,,,买入,,
600642.SH,申能股份,20211129,电力：加快建设全国统一电力市场体系，省间电力现货交易规则发布,非个股,一般报告,中信建投,高兴,2022Q4,,,,358578.797,0.73,,,,,买入,,
600642.SH,申能股份,20211129,电力：加快建设全国统一电力市场体系，省间电力现货交易规则发布,非个股,一般报告,中信建投,高兴,2021Q4,,,,260338.031,0.53,,,,,买入,,
600027.SH,华电国际,20211129,电力：加快建设全国统一电力市场体系，省间电力现货交易规则发布,非个股,一般报告,中信建投,高兴,2022Q4,,,,483623.053,0.49,,,,,买入,,
600027.SH,华电国际,20211129,电力：加快建设全国统一电力市场体系，省间电力现货交易规则发布,非个股,一般报告,中信建投,高兴,2021Q4,,,,197397.164,0.2,,,,,买入,,
600011.SH,华能国际,20211129,电力：加快建设全国统一电力市场体系，省间电力现货交易规则发布,非个股,一般报告,中信建投,高兴,2023Q4,,,,1004677.975,0.64,,,,,买入,,
600011.SH,华能国际,20211129,电力：加快建设全国统一电力市场体系，省间电力现货交易规则发布,非个股,一般报告,中信建投,高兴,2022Q4,,,,722112.295,0.46,,,,,买入,,
300724.SZ,捷佳伟创,20211129,华金证券晨会纪要,非个股,一般报告,华金证券,刘荆,2023Q4,940000.0,,,176700.0,5.082,,,,,买入,,
300724.SZ,捷佳伟创,20211129,华金证券晨会纪要,非个股,一般报告,华金证券,刘荆,2022Q4,708200.0,,,116000.0,3.336,,,,,买入,,
300724.SZ,捷佳伟创,20211129,华金证券晨会纪要,非个股,一般报告,华金证券,刘荆,2021Q4,529000.0,,,83000.0,2.387,,,,,买入,,
600048.SH,保利发展,20211129,房地产2021年12月投资策略暨三季报总结：行业低迷延续，精选优质龙头,非个股,一般报告,国信证券,"任鹤,王粤雷,王静",2022Q4,,,,3339660.016,2.79,,,,,买入,,
600048.SH,保利发展,20211129,房地产开发：静待行业出清，重塑竞争格局,非个股,一般报告,国盛证券,夏天,2023Q4,,,,3734673.566,3.12,,,,,买入,,
600383.SH,金地集团,20211129,房地产2021年12月投资策略暨三季报总结：行业低迷延续，精选优质龙头,非个股,一般报告,国信证券,"任鹤,王粤雷,王静",2022Q4,,,,1223452.148,2.71,,,,,买入,,
603786.SH,科博达,20211129,科博达：车载控制器龙头，多元化产品矩阵打开成长空间,深度,首次关注,中泰证券,"陈宁玉,王逢节,佘雨晴",2023Q4,592418.0,217200.0,117700.0,101900.0,2.55,36.45,,18.19,,买入,,
002895.SZ,川恒股份,20211129,川恒股份：布局新能源材料，成长动力充足,点评,首次关注,群益证券,费倩然,2021Q4,239500.0,,41300.0,33200.0,0.68,48.73,0.0,,,买进,,40.0
002895.SZ,川恒股份,20211129,川恒股份：布局新能源材料，成长动力充足,点评,首次关注,群益证券,费倩然,2023Q4,519700.0,,117100.0,94200.0,1.93,17.2,0.0,,,买进,,40.0
688012.SH,中微公司,20211129,中微公司：Mini_LED需求旺盛，设备公司直接受益,点评,一般报告,群益证券,朱吉翔,2021Q4,315300.0,,79900.0,71100.0,1.15,137.3,0.22,,,买进,,190.0
600570.SH,恒生电子,20211129,恒生电子：收购Summit加码银行IT，国际化再提速,点评,一般报告,华西证券,"刘泽晶,孔文彬",2023Q4,885100.0,,342300.0,300400.0,2.055,28.0,,25.7,,买入,,
600570.SH,恒生电子,20211129,恒生电子：收购Summit加码银行IT，国际化再提速,点评,一般报告,华西证券,"刘泽晶,孔文彬",2022Q4,698100.0,,265100.0,233400.0,1.597,37.0,,26.9,,买入,,
600570.SH,恒生电子,20211129,恒生电子：收购Summit加码银行IT，国际化再提速,点评,一般报告,华西证券,"刘泽晶,孔文彬",2021Q4,555500.0,,203200.0,180300.0,1.234,47.0,,28.4,,买入,,
002821.SZ,凯莱英,20211129,凯莱英：新签订单创新高，业绩增长再加速,点评,一般报告,国金证券,王班,2021Q4,451300.0,204400.0,111100.0,98100.0,4.008,130.98,,14.31,,买入,,
600460.SH,士兰微,20211129,士兰微：股权激励提振士气，产品升级正当时,点评,一般报告,信达证券,"方竞,童秋涛",2022Q4,993936.0,,144619.0,134183.0,0.95,65.08,,26.64,45.57,买入,,
002821.SZ,凯莱英,20211129,凯莱英：新签订单创新高，业绩增长再加速,点评,一般报告,国金证券,王班,2023Q4,1054700.0,468200.0,241000.0,212700.0,8.694,60.37,,20.51,,买入,,
600460.SH,士兰微,20211129,士兰微：股权激励提振士气，产品升级正当时,点评,一般报告,信达证券,"方竞,童秋涛",2021Q4,732687.0,,114878.0,103867.0,0.73,84.08,,26.53,53.68,买入,,
600570.SH,恒生电子,20211129,恒生电子事件点评：收购Summit业务，完善产品线布局,点评,一般报告,国元证券,"耿军军,陈图南",2022Q4,604007.0,,190516.0,175256.0,1.2,48.64,,24.22,38.39,买入,,86.16
600570.SH,恒生电子,20211129,恒生电子事件点评：收购Summit业务，完善产品线布局,点评,一般报告,国元证券,"耿军军,陈图南",2021Q4,503741.0,,160101.0,147229.0,1.01,57.9,,24.83,45.99,买入,,86.16
600009.SH,上海机场,20211129,上海机场10月经营数据点评：疫情反复影响复苏，静待客流量回暖,点评,一般报告,西部证券,许光辉,2023Q4,1020700.0,,416000.0,333900.0,1.73,25.4,,12.1,,增持,,
600009.SH,上海机场,20211129,上海机场10月经营数据点评：疫情反复影响复苏，静待客流量回暖,点评,一般报告,西部证券,许光辉,2022Q4,645500.0,,27400.0,21700.0,0.11,391.2,,0.8,,增持,,
600009.SH,上海机场,20211129,上海机场10月经营数据点评：疫情反复影响复苏，静待客流量回暖,点评,一般报告,西部证券,许光辉,2021Q4,387600.0,,-201500.0,-157400.0,-0.82,,,-5.6,,增持,,
603908.SH,牧高笛,20211129,牧高笛：国内露营装备行业龙头，投资知名露营地品牌大热荒野,点评,一般报告,广发证券,糜韩杰,2023Q4,142900.0,,19900.0,15600.0,2.35,15.24,,19.7,10.36,买入,,45.61
603908.SH,牧高笛,20211129,牧高笛：国内露营装备行业龙头，投资知名露营地品牌大热荒野,点评,一般报告,广发证券,糜韩杰,2022Q4,118700.0,,15100.0,11900.0,1.78,20.11,,18.6,13.98,买入,,45.61
603908.SH,牧高笛,20211129,牧高笛：国内露营装备行业龙头，投资知名露营地品牌大热荒野,点评,一般报告,广发证券,糜韩杰,2021Q4,89500.0,,10200.0,8000.0,1.2,29.7,,15.4,20.01,买入,,45.61
300887.SZ,谱尼测试,20211129,谱尼测试：立足传统布局新兴，民营检测翘楚步入新阶段,深度,首次关注,广发证券,"郭鹏,代川,许洁,孙柏阳",2023Q4,302800.0,148000.0,41500.0,36500.0,2.66,25.25,,14.7,13.21,买入,,79.74
300887.SZ,谱尼测试,20211129,谱尼测试：立足传统布局新兴，民营检测翘楚步入新阶段,深度,首次关注,广发证券,"郭鹏,代川,许洁,孙柏阳",2022Q4,239000.0,116400.0,32400.0,28400.0,2.07,32.4,,12.7,17.23,买入,,79.74
300887.SZ,谱尼测试,20211129,谱尼测试：立足传统布局新兴，民营检测翘楚步入新阶段,深度,首次关注,广发证券,"郭鹏,代川,许洁,孙柏阳",2021Q4,185100.0,89700.0,24900.0,21900.0,1.59,42.13,,10.7,22.81,买入,,79.74
002821.SZ,凯莱英,20211129,凯莱英：新签订单创新高，业绩增长再加速,点评,一般报告,国金证券,王班,2022Q4,811600.0,360900.0,199700.0,176200.0,7.202,72.89,,20.87,,买入,,
688536.SH,思瑞浦,20211129,思瑞浦：发布第二次股权激励，彰显公司强大发展信心,点评,一般报告,信达证券,"方竞,童秋涛",2023Q4,282920.0,,98183.0,98626.0,12.18,74.73,,23.0,74.21,无,,
688536.SH,思瑞浦,20211129,思瑞浦：发布第二次股权激励，彰显公司强大发展信心,点评,一般报告,信达证券,"方竞,童秋涛",2022Q4,194441.0,,66475.0,66775.0,8.35,109.01,,19.0,108.49,无,,
688536.SH,思瑞浦,20211129,思瑞浦：发布第二次股权激励，彰显公司强大发展信心,点评,一般报告,信达证券,"方竞,童秋涛",2021Q4,133790.0,,46835.0,47047.0,5.88,154.72,,17.0,156.2,无,,
600460.SH,士兰微,20211129,士兰微：股权激励提振士气，产品升级正当时,点评,一般报告,信达证券,"方竞,童秋涛",2023Q4,1362546.0,,198949.0,184593.0,1.3,47.31,,28.31,34.41,买入,,
002483.SZ,润邦股份,20211129,润邦股份：“高端装备＋环保”双轮驱动，国资股东入主赋能进入发展新阶段,点评,首份报告,中泰证券,"汪磊,郑汉林",2023Q4,662200.0,,61700.0,59500.0,0.63,13.17,,10.7,36.0,增持,,
688779.SH,长远锂科,20211129,长远锂科：技术为基、产能为翼，三元一体化龙头稳步扩张,一般,首次关注,中金,"刘烁,曾韬",2022Q4,1348700.0,224200.0,139200.0,125300.0,0.65,42.7,0.7,16.4,31.2,跑赢行业,,32.5
603612.SH,索通发展,20211129,索通发展：持续进击的预焙阳极龙头——公司首次覆盖报告,一般,首次关注,开源证券,赖福洋,2023Q4,1430000.0,232000.0,167400.0,112400.0,2.44,8.6,,18.8,5.4,买入,,
603612.SH,索通发展,20211129,索通发展：持续进击的预焙阳极龙头——公司首次覆盖报告,一般,首次关注,开源证券,赖福洋,2021Q4,873400.0,146900.0,95200.0,63100.0,1.37,15.4,,15.9,9.0,买入,,
688180.SH,君实生物,20211129,君实生物：特瑞普利单抗一线治疗鼻咽癌获批，适应症拓展持续加速,一般,一般报告,国盛证券,"张金洋,胡偌碧",2021Q4,414700.0,,-7200.0,-7200.0,-0.08,,,-1.2,1576.4,买入,,
600400.SH,红豆股份,20211129,红豆股份：定位经典舒适男装，加快投入升级,一般,一般报告,华西证券,唐爽爽,2021Q4,241900.0,,15500.0,10300.0,0.045,84.0,,2.8,,增持,,
301071.SZ,力量钻石,20211129,力量钻石：人造金刚石行业后起之秀，高成长高弹性,深度,首次关注,招商证券,"刘丽,赵中平,宋盈盈",2023Q4,127500.0,,76300.0,65700.0,10.88,31.0,,29.9,19.3,强烈推荐,,
301071.SZ,力量钻石,20211129,力量钻石：人造金刚石行业后起之秀，高成长高弹性,深度,首次关注,招商证券,"刘丽,赵中平,宋盈盈",2021Q4,44700.0,,25100.0,21600.0,3.58,94.2,,16.4,54.8,强烈推荐,,
002847.SZ,盐津铺子,20211129,盐津铺子公司跟踪报告：激励到位，品类聚焦,一般,一般报告,信达证券,马铮,2022Q4,275200.0,,32800.0,31000.0,2.4,40.47,,25.2,30.34,买入,,
002847.SZ,盐津铺子,20211129,盐津铺子公司跟踪报告：激励到位，品类聚焦,一般,一般报告,信达证券,马铮,2021Q4,231300.0,,20200.0,18500.0,1.43,67.87,,18.5,46.81,买入,,
300151.SZ,昌红科技,20211129,昌红科技投资价值分析报告：加速迈向国际一线的高分子塑料耗材隐形冠军,深度,首次评级,中信证券,"陈竹,韩世通,王凯旋",2023Q4,209400.0,,49100.0,44400.0,0.88,42.9,,28.0,28.7,买入,,48.0
603818.SH,曲美家居,20211129,曲美家居：重焕新生，曲美渐入佳境,一般,一般报告,华西证券,"徐林锋,杨维维,戚志圣",2023Q4,746300.0,,84400.0,69600.0,1.2,8.43,,19.1,,买入,,
603818.SH,曲美家居,20211129,曲美家居：重焕新生，曲美渐入佳境,一般,一般报告,华西证券,"徐林锋,杨维维,戚志圣",2021Q4,530300.0,,37300.0,30800.0,0.53,19.06,,12.5,,买入,,
600900.SH,长江电力,20211129,长江电力：拟执行乌白电站注入，公司体量有望迈上台阶,点评,一般报告,兴业证券,蔡屹,2021Q4,5804800.0,,3290200.0,2672000.0,1.17,16.6,,14.6,,买入,,
600900.SH,长江电力,20211129,长江电力：拟执行乌白电站注入，公司体量有望迈上台阶,点评,一般报告,兴业证券,蔡屹,2022Q4,6013200.0,,3441900.0,2793100.0,1.23,15.9,,14.1,,买入,,
603567.SH,珍宝岛,20211129,珍宝岛：业绩符合预期，生物药布局加速,点评,一般报告,银河证券,"孟令伟,刘晖",2022Q4,503136.0,,80120.0,65063.0,0.69,21.95,,,17.7,推荐,,
603486.SH,科沃斯,20211129,科沃斯首次覆盖报告：产品为基，营销赋能，成就清洁电器绝对龙头,深度,首次关注,西部证券,吴东炬,2023Q4,2235400.0,,422800.0,365300.0,6.39,25.9,,37.8,,买入,,227.0
603567.SH,珍宝岛,20211129,珍宝岛：业绩符合预期，生物药布局加速,点评,一般报告,银河证券,"孟令伟,刘晖",2021Q4,419559.0,,68149.0,55342.0,0.59,25.8,,,20.42,推荐,,
002483.SZ,润邦股份,20211129,润邦股份：“高端装备＋环保”双轮驱动，国资股东入主赋能进入发展新阶段,点评,首份报告,中泰证券,"汪磊,郑汉林",2022Q4,537400.0,,43900.0,44400.0,0.47,17.66,,9.0,43.0,增持,,
002483.SZ,润邦股份,20211129,润邦股份：“高端装备＋环保”双轮驱动，国资股东入主赋能进入发展新阶段,点评,首份报告,中泰证券,"汪磊,郑汉林",2021Q4,423400.0,,31400.0,33400.0,0.35,23.46,,7.3,51.0,增持,,
688779.SH,长远锂科,20211129,长远锂科：技术为基、产能为翼，三元一体化龙头稳步扩张,一般,首次关注,中金,"刘烁,曾韬",2023Q4,1906100.0,312200.0,192000.0,172800.0,0.9,,,19.2,,跑赢行业,,32.5
688779.SH,长远锂科,20211129,长远锂科：技术为基、产能为翼，三元一体化龙头稳步扩张,一般,首次关注,中金,"刘烁,曾韬",2021Q4,745100.0,135900.0,88100.0,79300.0,0.41,67.4,0.4,12.0,50.0,跑赢行业,,32.5
603612.SH,索通发展,20211129,索通发展：持续进击的预焙阳极龙头——公司首次覆盖报告,一般,首次关注,开源证券,赖福洋,2022Q4,1222500.0,194400.0,135700.0,91100.0,1.98,10.6,,18.6,7.0,买入,,
688180.SH,君实生物,20211129,君实生物：特瑞普利单抗一线治疗鼻咽癌获批，适应症拓展持续加速,一般,一般报告,国盛证券,"张金洋,胡偌碧",2023Q4,419700.0,,12500.0,12400.0,0.14,434.8,,2.2,153.8,买入,,
688180.SH,君实生物,20211129,君实生物：特瑞普利单抗一线治疗鼻咽癌获批，适应症拓展持续加速,一般,一般报告,国盛证券,"张金洋,胡偌碧",2022Q4,338200.0,,-17500.0,-17300.0,-0.19,,,-3.1,,买入,,
603319.SH,湘油泵,20211129,湘油泵：国内发动机冷却泵龙头，汽车发展带来新机遇,一般,首次关注,天风证券,"潘暕,于特,陆嘉敏,许俊峰",2023Q4,313277.0,,38737.0,32720.0,2.04,15.9,,17.27,12.45,买入,,46.58
603319.SH,湘油泵,20211129,湘油泵：国内发动机冷却泵龙头，汽车发展带来新机遇,一般,首次关注,天风证券,"潘暕,于特,陆嘉敏,许俊峰",2022Q4,250622.0,,29540.0,24994.0,1.56,20.82,,14.98,15.18,买入,,46.58
603319.SH,湘油泵,20211129,湘油泵：国内发动机冷却泵龙头，汽车发展带来新机遇,一般,首次关注,天风证券,"潘暕,于特,陆嘉敏,许俊峰",2021Q4,170491.0,,19944.0,17045.0,1.06,30.53,,11.4,21.41,买入,,46.58
600400.SH,红豆股份,20211129,红豆股份：定位经典舒适男装，加快投入升级,一般,一般报告,华西证券,唐爽爽,2023Q4,394200.0,,25400.0,17200.0,0.0751,51.0,,4.3,,增持,,
600400.SH,红豆股份,20211129,红豆股份：定位经典舒适男装，加快投入升级,一般,一般报告,华西证券,唐爽爽,2022Q4,302800.0,,17700.0,11900.0,0.0519,73.0,,3.1,,增持,,
301071.SZ,力量钻石,20211129,力量钻石：人造金刚石行业后起之秀，高成长高弹性,深度,首次关注,招商证券,"刘丽,赵中平,宋盈盈",2022Q4,80300.0,,46600.0,40100.0,6.65,50.7,,24.2,30.9,强烈推荐,,
300151.SZ,昌红科技,20211129,昌红科技投资价值分析报告：加速迈向国际一线的高分子塑料耗材隐形冠军,深度,首次评级,中信证券,"陈竹,韩世通,王凯旋",2022Q4,157600.0,,29000.0,26000.0,0.52,72.5,,20.5,48.0,买入,,48.0
300151.SZ,昌红科技,20211129,昌红科技投资价值分析报告：加速迈向国际一线的高分子塑料耗材隐形冠军,深度,首次评级,中信证券,"陈竹,韩世通,王凯旋",2021Q4,122400.0,,15700.0,13600.0,0.27,139.7,,12.6,93.9,买入,,48.0
002847.SZ,盐津铺子,20211129,盐津铺子公司跟踪报告：激励到位，品类聚焦,一般,一般报告,信达证券,马铮,2023Q4,333500.0,,47200.0,44700.0,3.46,28.06,,28.6,21.54,买入,,
603818.SH,曲美家居,20211129,曲美家居：重焕新生，曲美渐入佳境,一般,一般报告,华西证券,"徐林锋,杨维维,戚志圣",2022Q4,637800.0,,59700.0,49200.0,0.85,11.92,,16.6,,买入,,
600900.SH,长江电力,20211129,长江电力：拟执行乌白电站注入，公司体量有望迈上台阶,点评,一般报告,兴业证券,蔡屹,2023Q4,6620000.0,,3883500.0,3152300.0,1.39,14.1,,14.7,,买入,,
603486.SH,科沃斯,20211129,科沃斯首次覆盖报告：产品为基，营销赋能，成就清洁电器绝对龙头,深度,首次关注,西部证券,吴东炬,2021Q4,1365600.0,,256900.0,220500.0,3.85,42.9,,53.1,,买入,,227.0
603486.SH,科沃斯,20211129,科沃斯首次覆盖报告：产品为基，营销赋能，成就清洁电器绝对龙头,深度,首次关注,西部证券,吴东炬,2022Q4,1777000.0,,337400.0,289100.0,5.05,32.7,,43.9,,买入,,227.0
002271.SZ,东方雨虹,20211129,东方雨虹与中绿能战略合作点评：推动光伏屋面一体化，龙头领航新趋势,点评,首次评级,民生证券,李阳,2021Q4,3042300.0,,505000.0,409800.0,1.62,25.68,0.7,22.6,18.41,推荐,,
603567.SH,珍宝岛,20211129,珍宝岛：业绩符合预期，生物药布局加速,点评,一般报告,银河证券,"孟令伟,刘晖",2023Q4,591389.0,,92400.0,75036.0,0.8,19.03,,,15.46,推荐,,
603613.SH,国联股份,20211129,中金晨会焦点,非个股,一般报告,中金,"卓德麟,于钟海",2021Q4,,,,50400.0,1.466,,,,,中性,,123.4
600600.SH,青岛啤酒,20211129,食品饮料行业大众品板块周报（20211122－20211128）：软饮料：需求为何显韧性？成本压力有几何？,非个股,一般报告,华创证券,"欧阳予,范子盼,董广阳",2023Q4,,,,410707.515,3.01,,,,,强推,,
002271.SZ,东方雨虹,20211129,东方雨虹与中绿能战略合作点评：推动光伏屋面一体化，龙头领航新趋势,点评,首次评级,民生证券,李阳,2023Q4,4943700.0,,873800.0,709000.0,2.81,14.84,0.7,24.3,10.39,推荐,,
002271.SZ,东方雨虹,20211129,东方雨虹与中绿能战略合作点评：推动光伏屋面一体化，龙头领航新趋势,点评,首次评级,民生证券,李阳,2022Q4,3954900.0,,670200.0,543700.0,2.15,19.35,0.7,23.8,13.83,推荐,,
300682.SZ,朗新科技,20211129,中金晨会焦点,非个股,一般报告,中金,"卓德麟,于明洋,于钟海",2022Q4,560700.0,,,111256.163,1.07,,,,,跑赢行业,,43.2
300682.SZ,朗新科技,20211129,中金晨会焦点,非个股,一般报告,中金,"卓德麟,于明洋,于钟海",2021Q4,438200.0,,,88381.064,0.85,,,,,跑赢行业,,43.2
300696.SZ,爱乐达,20211129,兴证军工观察：跨年估值切换行情有望持续，军工主流标的蓝筹化大势所趋,非个股,一般报告,兴业证券,"石康,李博彦",2023Q4,124000.0,,,49000.0,2.006,,,,,审慎增持,,
300696.SZ,爱乐达,20211129,兴证军工观察：跨年估值切换行情有望持续，军工主流标的蓝筹化大势所趋,非个股,一般报告,兴业证券,"石康,李博彦",2022Q4,86000.0,,,36000.0,1.474,,,,,审慎增持,,
300696.SZ,爱乐达,20211129,兴证军工观察：跨年估值切换行情有望持续，军工主流标的蓝筹化大势所趋,非个股,一般报告,兴业证券,"石康,李博彦",2021Q4,58000.0,,,25000.0,1.023,,,,,审慎增持,,
603613.SH,国联股份,20211129,中金晨会焦点,非个股,一般报告,中金,"卓德麟,于钟海",2022Q4,,,,84600.0,2.46,,,,,中性,,123.4
600600.SH,青岛啤酒,20211129,食品饮料行业大众品板块周报（20211122－20211128）：软饮料：需求为何显韧性？成本压力有几何？,非个股,一般报告,华创证券,"欧阳予,范子盼,董广阳",2022Q4,,,,343848.152,2.52,,,,,强推,,
600600.SH,青岛啤酒,20211129,食品饮料行业大众品板块周报（20211122－20211128）：软饮料：需求为何显韧性？成本压力有几何？,非个股,一般报告,华创证券,"欧阳予,范子盼,董广阳",2021Q4,,,,279717.743,2.05,,,,,强推,,
603678.SH,火炬电子,20211129,兴证军工观察：跨年估值切换行情有望持续，军工主流标的蓝筹化大势所趋,非个股,一般报告,兴业证券,"石康,李博彦",2021Q4,538000.0,,,102000.0,2.218,,,,,审慎增持,,
603267.SH,鸿远电子,20211129,兴证军工观察：跨年估值切换行情有望持续，军工主流标的蓝筹化大势所趋,非个股,一般报告,兴业证券,"石康,李博彦",2022Q4,340000.0,,,117000.0,5.034,,,,,审慎增持,,
603678.SH,火炬电子,20211129,兴证军工观察：跨年估值切换行情有望持续，军工主流标的蓝筹化大势所趋,非个股,一般报告,兴业证券,"石康,李博彦",2023Q4,833000.0,,,175000.0,3.806,,,,,审慎增持,,
603517.SH,绝味食品,20211129,财信证券晨会纪要,非个股,一般报告,财信证券,"邹建军,杨苑",2021Q4,658000.0,,,112000.0,1.82,,,,,推荐,,
603517.SH,绝味食品,20211129,财信证券晨会纪要,非个股,一般报告,财信证券,"邹建军,杨苑",2023Q4,1012000.0,,,148000.0,2.4,,,,,推荐,,
688002.SH,睿创微纳,20211129,兴证军工观察：跨年估值切换行情有望持续，军工主流标的蓝筹化大势所趋,非个股,一般报告,兴业证券,"石康,李博彦",2023Q4,355000.0,,,131000.0,2.944,,,,,审慎增持,,
688002.SH,睿创微纳,20211129,兴证军工观察：跨年估值切换行情有望持续，军工主流标的蓝筹化大势所趋,非个股,一般报告,兴业证券,"石康,李博彦",2022Q4,260000.0,,,87000.0,1.955,,,,,审慎增持,,
688002.SH,睿创微纳,20211129,兴证军工观察：跨年估值切换行情有望持续，军工主流标的蓝筹化大势所趋,非个股,一般报告,兴业证券,"石康,李博彦",2021Q4,180000.0,,,53000.0,1.191,,,,,审慎增持,,
603678.SH,火炬电子,20211129,兴证军工观察：跨年估值切换行情有望持续，军工主流标的蓝筹化大势所趋,非个股,一般报告,兴业证券,"石康,李博彦",2022Q4,671000.0,,,135000.0,2.936,,,,,审慎增持,,
603267.SH,鸿远电子,20211129,兴证军工观察：跨年估值切换行情有望持续，军工主流标的蓝筹化大势所趋,非个股,一般报告,兴业证券,"石康,李博彦",2023Q4,408000.0,,,149000.0,6.411,,,,,审慎增持,,
603267.SH,鸿远电子,20211129,兴证军工观察：跨年估值切换行情有望持续，军工主流标的蓝筹化大势所趋,非个股,一般报告,兴业证券,"石康,李博彦",2021Q4,272000.0,,,89000.0,3.83,,,,,审慎增持,,
603517.SH,绝味食品,20211129,财信证券晨会纪要,非个股,一般报告,财信证券,"邹建军,杨苑",2022Q4,820000.0,,,122000.0,1.99,,,,,推荐,,
300726.SZ,宏达电子,20211129,兴证军工观察：跨年估值切换行情有望持续，军工主流标的蓝筹化大势所趋,非个股,一般报告,兴业证券,"石康,李博彦",2021Q4,231000.0,,,89000.0,2.224,,,,,审慎增持,,
603666.SH,亿嘉和,20211129,电气设备策略：新型电力系统下电网投资回暖，看好结构性投资机遇,非个股,一般报告,中金,"曾韬,刘倩文,蒋昕昊,刘佳妮,张钰琪,王颖东",2022Q4,176800.0,,,58900.0,2.849,,,,,无,,
603666.SH,亿嘉和,20211129,电气设备策略：新型电力系统下电网投资回暖，看好结构性投资机遇,非个股,一般报告,中金,"曾韬,刘倩文,蒋昕昊,刘佳妮,张钰琪,王颖东",2021Q4,131300.0,,,44600.0,2.157,,,,,无,,
300726.SZ,宏达电子,20211129,兴证军工观察：跨年估值切换行情有望持续，军工主流标的蓝筹化大势所趋,非个股,一般报告,兴业证券,"石康,李博彦",2023Q4,434000.0,,,170000.0,4.249,,,,,审慎增持,,
300726.SZ,宏达电子,20211129,兴证军工观察：跨年估值切换行情有望持续，军工主流标的蓝筹化大势所趋,非个股,一般报告,兴业证券,"石康,李博彦",2022Q4,322000.0,,,126000.0,3.149,,,,,审慎增持,,
300054.SZ,鼎龙股份,20211129,鼎龙股份：CMP抛光垫步入兑现期，光电半导体业务渐入佳境,一般,首次关注,中金,"吴頔,李学来,裘孝锋",2022Q4,271400.0,111900.0,49600.0,40700.0,0.43,58.3,0.0,9.7,35.6,跑赢行业,,33.0
300054.SZ,鼎龙股份,20211129,鼎龙股份：CMP抛光垫步入兑现期，光电半导体业务渐入佳境,一般,首次关注,中金,"吴頔,李学来,裘孝锋",2021Q4,213300.0,78600.0,30100.0,24400.0,0.26,97.4,0.0,6.4,53.9,跑赢行业,,33.0
603489.SH,八方股份,20211129,八方股份重大事项点评：定增预案扩充产能，看好明年业绩表现,点评,一般报告,中信证券,"李子俊,尹欣驰,李景涛,王诗宸",2023Q4,449487.0,,134600.0,114381.0,9.51,26.8,,27.79,23.2,买入,,265.0
603489.SH,八方股份,20211129,八方股份重大事项点评：定增预案扩充产能，看好明年业绩表现,点评,一般报告,中信证券,"李子俊,尹欣驰,李景涛,王诗宸",2022Q4,360278.0,,102700.0,87271.0,7.25,35.2,,26.41,30.6,买入,,265.0
603489.SH,八方股份,20211129,八方股份重大事项点评：定增预案扩充产能，看好明年业绩表现,点评,一般报告,中信证券,"李子俊,尹欣驰,李景涛,王诗宸",2021Q4,257448.0,,70100.0,59592.0,4.95,51.5,,22.42,44.9,买入,,265.0
003021.SZ,兆威机电,20211129,兆威机电投资价值分析报告：微型传动翘楚，纵横拓展前景广阔,深度,首次关注,中信证券,"刘海博,李越,李睿鹏",2023Q4,232791.0,,51500.0,45900.0,2.68,28.5,,12.9,21.3,增持,,85.0
003021.SZ,兆威机电,20211129,兆威机电投资价值分析报告：微型传动翘楚，纵横拓展前景广阔,深度,首次关注,中信证券,"刘海博,李越,李睿鹏",2022Q4,175369.0,,36700.0,32400.0,1.89,40.3,,10.2,30.3,增持,,85.0
003021.SZ,兆威机电,20211129,兆威机电投资价值分析报告：微型传动翘楚，纵横拓展前景广阔,深度,首次关注,中信证券,"刘海博,李越,李睿鹏",2021Q4,126885.0,,23700.0,20900.0,1.22,62.5,,7.3,49.1,增持,,85.0
002028.SZ,思源电气,20211129,思源电气投资价值分析报告：民营电力设备龙头，受益于新型电力系统建设,深度,首次评级,光大证券,"殷中枢,郝骞,黄帅斌,陈无忌,和霖",2023Q4,1317300.0,391200.0,228900.0,196100.0,2.56,21.0,1.0,18.54,17.6,买入,,
002028.SZ,思源电气,20211129,思源电气投资价值分析报告：民营电力设备龙头，受益于新型电力系统建设,深度,首次评级,光大证券,"殷中枢,郝骞,黄帅斌,陈无忌,和霖",2021Q4,899800.0,264900.0,147100.0,125000.0,1.63,33.0,0.6,16.4,26.7,买入,,
002028.SZ,思源电气,20211129,思源电气投资价值分析报告：民营电力设备龙头，受益于新型电力系统建设,深度,首次评级,光大证券,"殷中枢,郝骞,黄帅斌,陈无忌,和霖",2022Q4,1088100.0,321800.0,186400.0,159000.0,2.08,26.0,0.8,17.77,21.5,买入,,
603076.SH,乐惠国际,20211129,乐惠国际点评报告：自有品牌渠道端再突破；打酒站“万家灯火”战略已现星星之火,一般,一般报告,浙商证券,"王华君,李锋,何家恺",2023Q4,217800.0,,30500.0,26500.0,2.2,16.0,,19.5,13.0,买入,,
002304.SZ,洋河股份,20211129,洋河股份：苏酒龙头基本面持续改善，估值具有高性价比,点评,一般报告,国金证券,刘宸倩,2023Q4,3581300.0,2713700.0,1578500.0,1195700.0,7.93,22.18,,23.58,,买入,,
002304.SZ,洋河股份,20211129,洋河股份：苏酒龙头基本面持续改善，估值具有高性价比,点评,一般报告,国金证券,刘宸倩,2022Q4,2984800.0,2239400.0,1270500.0,962300.0,6.39,27.56,,21.18,,买入,,
002304.SZ,洋河股份,20211129,洋河股份：苏酒龙头基本面持续改善，估值具有高性价比,点评,一般报告,国金证券,刘宸倩,2021Q4,2447000.0,1806200.0,981900.0,743600.0,4.93,35.67,,17.85,,买入,,
688696.SH,极米科技,20211129,极米科技：投影是否迎来拐点之三问三答,点评,一般报告,国联证券,陈梦瑶,2023Q4,728740.0,,102478.0,88131.0,17.63,32.07,,20.74,23.1,增持,,
688696.SH,极米科技,20211129,极米科技：投影是否迎来拐点之三问三答,点评,一般报告,国联证券,陈梦瑶,2021Q4,407069.0,,51212.0,45066.0,9.01,62.71,,15.76,47.44,增持,,
600570.SH,恒生电子,20211129,恒生电子：收购Finastra_Summit业务，正式进军银行资金管理核心业务,点评,一般报告,申万宏源证券,"洪依真,刘洋,胡雪飞",2023Q4,746500.0,573500.0,225900.0,204100.0,1.4,41.0,,20.6,,买入,,
600570.SH,恒生电子,20211129,恒生电子：收购Finastra_Summit业务，正式进军银行资金管理核心业务,点评,一般报告,申万宏源证券,"洪依真,刘洋,胡雪飞",2022Q4,631300.0,478700.0,199200.0,180300.0,1.23,46.0,,22.8,,买入,,
300786.SZ,国林科技,20211129,国林科技：臭氧发生器龙头，开拓新领域应用未来业绩可期,点评,首次关注,安信证券,"邵琳琳,周喆",2023Q4,158120.0,,38930.0,33530.0,3.28,12.0,1.7,24.6,8.7,买入,,47.27
300786.SZ,国林科技,20211129,国林科技：臭氧发生器龙头，开拓新领域应用未来业绩可期,点评,首次关注,安信证券,"邵琳琳,周喆",2022Q4,104360.0,,24370.0,20960.0,2.05,19.2,1.1,19.1,14.3,买入,,47.27
300786.SZ,国林科技,20211129,国林科技：臭氧发生器龙头，开拓新领域应用未来业绩可期,点评,首次关注,安信证券,"邵琳琳,周喆",2021Q4,53860.0,,11860.0,10170.0,0.99,39.6,0.5,10.9,28.1,买入,,47.27
002957.SZ,科瑞技术,20211129,科瑞技术：拟收购鼎力智能，强化锂电设备业务布局,点评,一般报告,中信建投,吕娟,2023Q4,,,,45400.0,1.1,26.2,,,,买入,,43.76
002957.SZ,科瑞技术,20211129,科瑞技术：拟收购鼎力智能，强化锂电设备业务布局,点评,一般报告,中信建投,吕娟,2021Q4,,,,27300.0,0.66,43.6,,,,买入,,43.76
600580.SH,卧龙电驱,20211129,卧龙电驱：全球电机龙头，充分受益节能减排趋势,点评,首次评级,中信建投,吕娟,2023Q4,1785000.0,,,140800.0,1.08,16.23,,13.0,,买入,,
300054.SZ,鼎龙股份,20211129,鼎龙股份：CMP抛光垫步入兑现期，光电半导体业务渐入佳境,一般,首次关注,中金,"吴頔,李学来,裘孝锋",2023Q4,366200.0,167600.0,81400.0,67300.0,0.716,,,13.9,,跑赢行业,,33.0
603076.SH,乐惠国际,20211129,乐惠国际点评报告：自有品牌渠道端再突破；打酒站“万家灯火”战略已现星星之火,一般,一般报告,浙商证券,"王华君,李锋,何家恺",2022Q4,159200.0,,21600.0,18800.0,1.6,22.0,,16.7,17.0,买入,,
603076.SH,乐惠国际,20211129,乐惠国际点评报告：自有品牌渠道端再突破；打酒站“万家灯火”战略已现星星之火,一般,一般报告,浙商证券,"王华君,李锋,何家恺",2021Q4,111400.0,,15100.0,13200.0,1.1,31.0,,13.9,22.0,买入,,
688696.SH,极米科技,20211129,极米科技：投影是否迎来拐点之三问三答,点评,一般报告,国联证券,陈梦瑶,2022Q4,558090.0,,75995.0,66116.0,13.22,42.74,,19.14,31.82,增持,,
600570.SH,恒生电子,20211129,恒生电子：收购Finastra_Summit业务，正式进军银行资金管理核心业务,点评,一般报告,申万宏源证券,"洪依真,刘洋,胡雪飞",2021Q4,531900.0,402200.0,169800.0,153400.0,1.05,54.0,,25.2,,买入,,
002957.SZ,科瑞技术,20211129,科瑞技术：拟收购鼎力智能，强化锂电设备业务布局,点评,一般报告,中信建投,吕娟,2022Q4,,,,36000.0,0.88,33.0,,,,买入,,43.76
600580.SH,卧龙电驱,20211129,卧龙电驱：全球电机龙头，充分受益节能减排趋势,点评,首次评级,中信建投,吕娟,2021Q4,1408600.0,,,102300.0,0.78,22.35,,11.8,,买入,,
605337.SH,李子园,20211129,李子园公司深度报告：甜牛奶乳饮料龙头，大单品区域渠道扩张，步入成长曲线陡峭阶段,深度,一般报告,海通证券,"颜慧菁,张宇轩",2023Q4,241305.0,88545.0,57900.0,45100.0,2.08,19.53,0.0,17.5,20.13,优于大市,,
605337.SH,李子园,20211129,李子园公司深度报告：甜牛奶乳饮料龙头，大单品区域渠道扩张，步入成长曲线陡峭阶段,深度,一般报告,海通证券,"颜慧菁,张宇轩",2022Q4,192809.0,70479.0,46300.0,36100.0,1.67,24.42,0.0,17.0,25.69,优于大市,,
605337.SH,李子园,20211129,李子园公司深度报告：甜牛奶乳饮料龙头，大单品区域渠道扩张，步入成长曲线陡峭阶段,深度,一般报告,海通证券,"颜慧菁,张宇轩",2021Q4,145570.0,52924.0,34900.0,27200.0,1.26,32.38,0.9,15.4,34.42,优于大市,,
600570.SH,恒生电子,20211129,恒生电子重大事件快评：收购Summit中国区业务，引进来战略不断深化,点评,一般报告,国信证券,"熊莉,朱松",2023Q4,772900.0,,226100.0,208300.0,1.43,40.1,1.3,26.0,57.8,买入,,
600570.SH,恒生电子,20211129,恒生电子重大事件快评：收购Summit中国区业务，引进来战略不断深化,点评,一般报告,国信证券,"熊莉,朱松",2021Q4,525100.0,,161800.0,149000.0,1.02,56.0,0.9,27.0,79.8,买入,,
000012.SZ,南玻A,20211129,南玻A公司研究报告：擦亮三块玻璃打造一个品牌，战略清晰,一般,首次评级,海通证券,"冯晨阳,申浩,潘莹练",2023Q4,1492000.0,,335100.0,269300.0,0.88,11.35,2.7,17.6,6.68,优于大市,,
000012.SZ,南玻A,20211129,南玻A公司研究报告：擦亮三块玻璃打造一个品牌，战略清晰,一般,首次评级,海通证券,"冯晨阳,申浩,潘莹练",2022Q4,1341200.0,,295200.0,237200.0,0.77,12.88,2.4,17.7,7.9,优于大市,,
000012.SZ,南玻A,20211129,南玻A公司研究报告：擦亮三块玻璃打造一个品牌，战略清晰,一般,首次评级,海通证券,"冯晨阳,申浩,潘莹练",2021Q4,1453700.0,,272100.0,218600.0,0.71,13.98,2.2,18.6,8.93,优于大市,,
002624.SZ,完美世界,20211129,完美世界：《幻塔》公测定档，品类突破值得期待——公司信息更新报告,点评,一般报告,开源证券,方光照,2023Q4,1472200.0,,313600.0,293100.0,1.51,13.2,,16.9,9.3,买入,,
002624.SZ,完美世界,20211129,完美世界：《幻塔》公测定档，品类突破值得期待——公司信息更新报告,点评,一般报告,开源证券,方光照,2022Q4,1253600.0,,257600.0,240800.0,1.24,16.0,,16.3,12.4,买入,,
002624.SZ,完美世界,20211129,完美世界：《幻塔》公测定档，品类突破值得期待——公司信息更新报告,点评,一般报告,开源证券,方光照,2021Q4,982000.0,,158300.0,147900.0,0.76,26.1,,11.7,19.8,买入,,
002531.SZ,天顺风能,20211129,天顺风能：优质制造产能布局＋打通新能源电站开发模式，十四五有望扩大优势,一般,一般报告,中金,"曾韬,车昀佶",2022Q4,1176500.0,249200.0,186200.0,156500.0,0.87,22.2,0.9,18.5,15.7,跑赢行业,,25.0
002531.SZ,天顺风能,20211129,天顺风能：优质制造产能布局＋打通新能源电站开发模式，十四五有望扩大优势,一般,一般报告,中金,"曾韬,车昀佶",2021Q4,909300.0,191400.0,162300.0,136400.0,0.76,25.5,0.8,18.8,19.7,跑赢行业,,25.0
600223.SH,鲁商发展,20211129,鲁商发展子公司引入战投事件点评：福瑞达生物引战落地，腾讯、网创等入局有望助力化妆品业务发展,点评,一般报告,中信证券,"杜一帆,徐晓芳,陈竹,刘泽序",2023Q4,2080300.0,,178900.0,125000.0,1.24,12.2,,19.8,14.1,买入,,16.6
600223.SH,鲁商发展,20211129,鲁商发展子公司引入战投事件点评：福瑞达生物引战落地，腾讯、网创等入局有望助力化妆品业务发展,点评,一般报告,中信证券,"杜一帆,徐晓芳,陈竹,刘泽序",2022Q4,1786500.0,,139300.0,97100.0,0.96,15.8,,18.0,18.1,买入,,16.6
600223.SH,鲁商发展,20211129,鲁商发展子公司引入战投事件点评：福瑞达生物引战落地，腾讯、网创等入局有望助力化妆品业务发展,点评,一般报告,中信证券,"杜一帆,徐晓芳,陈竹,刘泽序",2021Q4,1437800.0,,119300.0,77700.0,0.77,19.6,,16.7,19.2,买入,,16.6
600104.SH,上汽集团,20211129,上汽集团重大事项点评：捷氢科技拟分拆上市，体制变革再进一步,点评,一般报告,中信证券,"尹欣驰,李景涛,李子俊,王诗宸",2023Q4,94288500.0,,4937300.0,3103900.0,2.66,7.7,,9.69,6.7,买入,,29.4
600104.SH,上汽集团,20211129,上汽集团重大事项点评：捷氢科技拟分拆上市，体制变革再进一步,点评,一般报告,中信证券,"尹欣驰,李景涛,李子俊,王诗宸",2022Q4,88951400.0,,4671600.0,2936900.0,2.51,8.2,,9.81,7.0,买入,,29.4
600104.SH,上汽集团,20211129,上汽集团重大事项点评：捷氢科技拟分拆上市，体制变革再进一步,点评,一般报告,中信证券,"尹欣驰,李景涛,李子俊,王诗宸",2021Q4,85034200.0,,4223800.0,2645500.0,2.26,9.1,,9.47,7.9,买入,,29.4
300034.SZ,钢研高纳,20211129,钢研高纳：打造中国PCC，中国高温合金平台型龙头乘风起航,一般,首次评级,国盛证券,"余平,王琪",2023Q4,412220.0,,109300.0,81100.0,1.67,32.9,,22.5,22.1,买入,,
300034.SZ,钢研高纳,20211129,钢研高纳：打造中国PCC，中国高温合金平台型龙头乘风起航,一般,首次评级,国盛证券,"余平,王琪",2022Q4,298970.0,,78000.0,58300.0,1.2,45.8,,20.3,30.9,买入,,
300034.SZ,钢研高纳,20211129,钢研高纳：打造中国PCC，中国高温合金平台型龙头乘风起航,一般,首次评级,国盛证券,"余平,王琪",2021Q4,217410.0,,43600.0,35100.0,0.72,76.1,,13.9,54.1,买入,,
688100.SH,威胜信息,20211129,威胜信息：南网十四五规划出台，电力物联网龙头智启未来,一般,一般报告,中金,"钱凯,于明洋,李虹洁",2022Q4,260400.0,,56400.0,50200.0,1.0,31.7,1.0,18.0,24.7,跑赢行业,,42.0
300413.SZ,芒果超媒,20211129,芒果超媒：中移动合作力度再度加强，业务协同效应显著,点评,一般报告,国盛证券,"顾晟,吴珺",2023Q4,2615500.0,,362100.0,355300.0,1.9,24.1,,18.8,5.7,买入,,
300413.SZ,芒果超媒,20211129,芒果超媒：中移动合作力度再度加强，业务协同效应显著,点评,一般报告,国盛证券,"顾晟,吴珺",2022Q4,2180900.0,,295800.0,290300.0,1.55,29.5,,18.7,7.2,买入,,
300413.SZ,芒果超媒,20211129,芒果超媒：拟与咪咕文化深度合作，3年≥35亿元,点评,一般报告,华泰证券,"朱珺,周钊",2023Q4,2481100.0,,360300.0,354300.0,1.89,24.19,,14.86,12.49,买入,,54.37
300413.SZ,芒果超媒,20211129,芒果超媒：拟与咪咕文化深度合作，3年≥35亿元,点评,一般报告,华泰证券,"朱珺,周钊",2022Q4,2150400.0,,304400.0,298800.0,1.6,28.69,,14.65,15.75,买入,,54.37
002465.SZ,海格通信,20211129,海格通信：加速布局无人与仿真领域，把握市场机遇打开成长空间,点评,首次评级,安信证券,温肇东,2023Q4,846030.0,,137880.0,120560.0,0.52,19.2,1.9,11.2,11.3,买入,,12.5
002465.SZ,海格通信,20211129,海格通信：加速布局无人与仿真领域，把握市场机遇打开成长空间,点评,首次评级,安信证券,温肇东,2022Q4,715150.0,,112070.0,98320.0,0.43,23.5,1.7,9.8,15.2,买入,,12.5
002465.SZ,海格通信,20211129,海格通信：加速布局无人与仿真领域，把握市场机遇打开成长空间,点评,首次评级,安信证券,温肇东,2021Q4,593340.0,,83550.0,73470.0,0.32,31.5,1.4,7.8,20.8,买入,,12.5
600580.SH,卧龙电驱,20211129,卧龙电驱：全球电机龙头，充分受益节能减排趋势,点评,首次评级,中信建投,吕娟,2022Q4,1596700.0,,,119700.0,0.91,19.1,,12.5,,买入,,
600570.SH,恒生电子,20211129,恒生电子重大事件快评：收购Summit中国区业务，引进来战略不断深化,点评,一般报告,国信证券,"熊莉,朱松",2022Q4,643000.0,,192200.0,177000.0,1.21,47.2,1.1,27.0,67.3,买入,,
688100.SH,威胜信息,20211129,威胜信息：南网十四五规划出台，电力物联网龙头智启未来,一般,一般报告,中金,"钱凯,于明洋,李虹洁",2021Q4,195900.0,,45500.0,37800.0,0.76,42.1,0.7,15.2,30.7,跑赢行业,,42.0
300413.SZ,芒果超媒,20211129,芒果超媒：中移动合作力度再度加强，业务协同效应显著,点评,一般报告,国盛证券,"顾晟,吴珺",2021Q4,1821300.0,,241500.0,237000.0,1.27,36.2,,18.5,9.2,买入,,
300413.SZ,芒果超媒,20211129,芒果超媒：拟与咪咕文化深度合作，3年≥35亿元,点评,一般报告,华泰证券,"朱珺,周钊",2021Q4,1796300.0,,250100.0,245000.0,1.31,34.99,,14.03,19.3,买入,,54.37
603359.SH,东珠生态,20211129,东珠生态：园林主业稳健成长，开拓碳汇蓝海市场,深度,首份报告,国盛证券,"何亚轩,廖文强,程龙戈",2023Q4,363000.0,,75500.0,62800.0,1.41,9.8,,13.8,7.0,买入,,
603359.SH,东珠生态,20211129,东珠生态：园林主业稳健成长，开拓碳汇蓝海市场,深度,首份报告,国盛证券,"何亚轩,廖文强,程龙戈",2021Q4,267500.0,,54600.0,45800.0,1.03,13.4,,12.6,10.0,买入,,
300413.SZ,芒果超媒,20211129,芒果超媒：与中移动签署合作框架协议，多领域助芒果成长,点评,一般报告,中金,"张雪晴,白洋,焦杉,唐婧,杨宁",2022Q4,1913600.0,,284600.0,280500.0,1.5,30.6,0.4,15.2,8.5,跑赢行业,,60.0
002821.SZ,凯莱英,20211129,凯莱英：再签大订单，提高未来盈利预期,点评,一般报告,平安证券,"倪亦道,叶寅",2023Q4,1053600.0,,274000.0,243400.0,9.95,48.1,,20.5,36.7,强烈推荐,,
002821.SZ,凯莱英,20211129,凯莱英：再签大订单，提高未来盈利预期,点评,一般报告,平安证券,"倪亦道,叶寅",2022Q4,911700.0,,237200.0,210600.0,8.61,55.5,,22.3,43.4,强烈推荐,,
002821.SZ,凯莱英,20211129,凯莱英：再签大订单，提高未来盈利预期,点评,一般报告,平安证券,"倪亦道,叶寅",2021Q4,442800.0,,113200.0,100500.0,4.11,116.4,,13.7,85.9,强烈推荐,,
002465.SZ,海格通信,20211129,海格通信：签署战略框架协议，拓展无人应用平台,点评,一般报告,兴业证券,"石康,李博彦",2023Q4,823700.0,,130200.0,118700.0,0.52,19.0,,10.2,,审慎增持,,
002465.SZ,海格通信,20211129,海格通信：签署战略框架协议，拓展无人应用平台,点评,一般报告,兴业证券,"石康,李博彦",2022Q4,698100.0,,103100.0,93900.0,0.41,25.0,,8.6,,审慎增持,,
002465.SZ,海格通信,20211129,海格通信：签署战略框架协议，拓展无人应用平台,点评,一般报告,兴业证券,"石康,李博彦",2021Q4,591600.0,,81400.0,73900.0,0.32,31.0,,7.1,,审慎增持,,
603359.SH,东珠生态,20211129,东珠生态：园林主业稳健成长，开拓碳汇蓝海市场,深度,首份报告,国盛证券,"何亚轩,廖文强,程龙戈",2022Q4,308200.0,,63400.0,53000.0,1.19,11.6,,13.1,8.5,买入,,
300363.SZ,博腾股份,20211129,医药新制造之CDMO系列深度（一）博腾股份深度报告：产业跃迁，新时代新博腾,深度,一般报告,民生证券,"周超泽,叶小桃",2023Q4,559700.0,,112800.0,97900.0,1.8,53.75,0.0,19.7,48.53,推荐,,
300363.SZ,博腾股份,20211129,医药新制造之CDMO系列深度（一）博腾股份深度报告：产业跃迁，新时代新博腾,深度,一般报告,民生证券,"周超泽,叶小桃",2022Q4,410800.0,,83800.0,70700.0,1.3,74.4,0.0,16.9,71.34,推荐,,
300413.SZ,芒果超媒,20211129,芒果超媒：与中移动签署合作框架协议，多领域助芒果成长,点评,一般报告,中金,"张雪晴,白洋,焦杉,唐婧,杨宁",2021Q4,1623000.0,,235800.0,234200.0,1.25,36.6,0.3,16.9,10.6,跑赢行业,,60.0
300363.SZ,博腾股份,20211129,医药新制造之CDMO系列深度（一）博腾股份深度报告：产业跃迁，新时代新博腾,深度,一般报告,民生证券,"周超泽,叶小桃",2021Q4,290000.0,,59300.0,49300.0,0.91,106.7,0.0,13.4,110.43,推荐,,
000723.SZ,美锦能源,20211129,美锦能源点评：燃料电池政策出台，公司有望受益行业发展,点评,首次评级,民生证券,"周泰,李航",2023Q4,2068500.0,,357100.0,209700.0,0.491,26.34,0.0,12.8,9.85,推荐,,
000723.SZ,美锦能源,20211129,美锦能源点评：燃料电池政策出台，公司有望受益行业发展,点评,首次评级,民生证券,"周泰,李航",2022Q4,1979200.0,,339300.0,204700.0,0.479,26.98,0.0,14.2,11.05,推荐,,
000723.SZ,美锦能源,20211129,美锦能源点评：燃料电池政策出台，公司有望受益行业发展,点评,首次评级,民生证券,"周泰,李航",2021Q4,2410500.0,,470300.0,283800.0,0.665,19.47,0.0,22.5,8.6,推荐,,
603995.SH,甬金股份,20211129,甬金股份点评报告：公司拟对外投资新产线，公司未来五年持续成长,点评,一般报告,浙商证券,"马金龙,马野",2023Q4,4552200.0,,153800.0,104034.0,4.46,12.4,,18.3,7.19,买入,,
603995.SH,甬金股份,20211129,甬金股份点评报告：公司拟对外投资新产线，公司未来五年持续成长,点评,一般报告,浙商证券,"马金龙,马野",2022Q4,3509200.0,,119700.0,81071.0,3.48,15.91,,17.35,9.14,买入,,
603995.SH,甬金股份,20211129,甬金股份点评报告：公司拟对外投资新产线，公司未来五年持续成长,点评,一般报告,浙商证券,"马金龙,马野",2021Q4,2586300.0,,86500.0,58406.0,2.51,22.09,,14.9,12.23,买入,,
600570.SH,恒生电子,20211129,恒生电子收购Summit业务事件点评：“引进来”战略又一重磅里程碑事件,点评,一般报告,民生证券,"吕伟,丁辰晖",2023Q4,807500.0,,268500.0,247500.0,1.69,33.76,0.0,22.4,28.16,推荐,,
600570.SH,恒生电子,20211129,恒生电子收购Summit业务事件点评：“引进来”战略又一重磅里程碑事件,点评,一般报告,民生证券,"吕伟,丁辰晖",2021Q4,533100.0,,172700.0,159200.0,1.09,52.48,0.0,24.3,46.04,推荐,,
300253.SZ,卫宁健康,20211129,卫宁健康公司事件点评：收购控股子公司少数股东股权，助力对外扩张战略,点评,一般报告,民生证券,"吕伟,赵奕豪",2023Q4,439700.0,,113000.0,102700.0,0.48,31.1,0.0,14.6,18.3,推荐,,
300253.SZ,卫宁健康,20211129,卫宁健康公司事件点评：收购控股子公司少数股东股权，助力对外扩张战略,点评,一般报告,民生证券,"吕伟,赵奕豪",2022Q4,365700.0,,91300.0,83500.0,0.39,38.3,0.0,13.9,22.6,推荐,,
300253.SZ,卫宁健康,20211129,卫宁健康公司事件点评：收购控股子公司少数股东股权，助力对外扩张战略,点评,一般报告,民生证券,"吕伟,赵奕豪",2021Q4,291000.0,,69600.0,63700.0,0.3,50.2,0.0,12.3,29.7,推荐,,
600570.SH,恒生电子,20211129,恒生电子收购Summit业务事件点评：“引进来”战略又一重磅里程碑事件,点评,一般报告,民生证券,"吕伟,丁辰晖",2022Q4,661900.0,,216700.0,199700.0,1.37,41.83,0.0,23.3,36.06,推荐,,
300124.SZ,汇川技术,20211128,汇川技术：光机电液布局加码，能源业务再展风帆,点评,一般报告,财信证券,杨甫,2023Q4,2951525.0,,,583250.0,2.23,30.3,,,,推荐,90.8,82.5
300124.SZ,汇川技术,20211128,汇川技术：光机电液布局加码，能源业务再展风帆,点评,一般报告,财信证券,杨甫,2022Q4,2257917.0,,,432103.0,1.65,40.89,,,,推荐,90.8,82.5
300124.SZ,汇川技术,20211128,汇川技术：光机电液布局加码，能源业务再展风帆,点评,一般报告,财信证券,杨甫,2021Q4,1686880.0,,,314684.0,1.2,56.15,,,,推荐,90.8,82.5
002311.SZ,海大集团,20211128,农林牧渔周报（47期）：猪价继续反弹，关注主要农作物品种审定办法的落地,非个股,一般报告,太平洋证券,程晓东,2023Q4,,,,491703.674,2.96,,,,,买入,,
002311.SZ,海大集团,20211128,农林牧渔周报（47期）：猪价继续反弹，关注主要农作物品种审定办法的落地,非个股,一般报告,太平洋证券,程晓东,2022Q4,,,,340538.018,2.05,,,,,买入,,
002311.SZ,海大集团,20211128,农林牧渔周报（47期）：猪价继续反弹，关注主要农作物品种审定办法的落地,非个股,一般报告,太平洋证券,程晓东,2021Q4,,,,230901.387,1.39,,,,,买入,,
600196.SH,复星医药,20211128,医药生物：Omicron毒株引发全球关注，重视疫苗板块机会,非个股,一般报告,中泰证券,"祝嘉琦,孙宇瑶,张楠",2022Q4,,,,579215.071,2.26,,,,,买入,,
600196.SH,复星医药,20211128,医药生物：Omicron毒株引发全球关注，重视疫苗板块机会,非个股,一般报告,中泰证券,"祝嘉琦,孙宇瑶,张楠",2021Q4,,,,479262.028,1.87,,,,,买入,,
688561.SH,奇安信,20211128,奇安信：国内网安行业领导者，产业升级机遇助力发展,深度,一般报告,财信证券,邓睿祺,2021Q4,591500.0,,-25500.0,-24708.0,-0.36,,,-2.53,,推荐,,
688561.SH,奇安信,20211128,奇安信：国内网安行业领导者，产业升级机遇助力发展,深度,一般报告,财信证券,邓睿祺,2023Q4,1053000.0,,80400.0,77945.0,1.15,79.98,,7.24,,推荐,,
688561.SH,奇安信,20211128,奇安信：国内网安行业领导者，产业升级机遇助力发展,深度,一般报告,财信证券,邓睿祺,2022Q4,808600.0,,23600.0,22848.0,0.34,270.53,,2.29,,推荐,,
001215.SZ,千味央厨,20211128,千味央厨公司首次覆盖报告：餐饮工业东风起，B端蓝海乘风上,一般,首次关注,国元证券,"徐偲,丁旺,童杰",2023Q4,200851.0,,19718.0,15084.0,1.77,36.01,,11.98,22.74,买入,,
001215.SZ,千味央厨,20211128,千味央厨公司首次覆盖报告：餐饮工业东风起，B端蓝海乘风上,一般,首次关注,国元证券,"徐偲,丁旺,童杰",2022Q4,161347.0,,15481.0,11843.0,1.39,45.86,,10.69,28.22,买入,,
001215.SZ,千味央厨,20211128,千味央厨公司首次覆盖报告：餐饮工业东风起，B端蓝海乘风上,一般,首次关注,国元证券,"徐偲,丁旺,童杰",2021Q4,127657.0,,11690.0,8943.0,1.05,60.74,,9.04,36.26,买入,,
600817.SH,宇通重工,20211128,环保工程及服务Ⅱ：广西印发垃圾分类“十四五”建设规划，焚烧行业发展势头良好,非个股,一般报告,中信建投,高兴,2023Q4,,,,56634.204,1.05,,,,,买入,,
300070.SZ,碧水源,20211128,环保工程及服务Ⅱ：广西印发垃圾分类“十四五”建设规划，焚烧行业发展势头良好,非个股,一般报告,中信建投,高兴,2023Q4,,,,227850.955,0.72,,,,,增持,,
300070.SZ,碧水源,20211128,环保工程及服务Ⅱ：广西印发垃圾分类“十四五”建设规划，焚烧行业发展势头良好,非个股,一般报告,中信建投,高兴,2022Q4,,,,183546.602,0.58,,,,,增持,,
300070.SZ,碧水源,20211128,环保工程及服务Ⅱ：广西印发垃圾分类“十四五”建设规划，焚烧行业发展势头良好,非个股,一般报告,中信建投,高兴,2021Q4,,,,148736.04,0.47,,,,,增持,,
600817.SH,宇通重工,20211128,环保工程及服务Ⅱ：广西印发垃圾分类“十四五”建设规划，焚烧行业发展势头良好,非个股,一般报告,中信建投,高兴,2022Q4,,,,45846.737,0.85,,,,,买入,,
600817.SH,宇通重工,20211128,环保工程及服务Ⅱ：广西印发垃圾分类“十四五”建设规划，焚烧行业发展势头良好,非个股,一般报告,中信建投,高兴,2021Q4,,,,38295.509,0.71,,,,,买入,,
603588.SH,高能环境,20211128,环保工程及服务Ⅱ：广西印发垃圾分类“十四五”建设规划，焚烧行业发展势头良好,非个股,一般报告,中信建投,高兴,2023Q4,,,,122159.972,1.15,,,,,买入,,
603588.SH,高能环境,20211128,环保工程及服务Ⅱ：广西印发垃圾分类“十四五”建设规划，焚烧行业发展势头良好,非个股,一般报告,中信建投,高兴,2022Q4,,,,96665.717,0.91,,,,,买入,,
603588.SH,高能环境,20211128,环保工程及服务Ⅱ：广西印发垃圾分类“十四五”建设规划，焚烧行业发展势头良好,非个股,一般报告,中信建投,高兴,2021Q4,,,,75420.504,0.71,,,,,买入,,
600426.SH,华鲁恒升,20211128,中泰周期·大宗指南：周期品周度运行变化——第47期,非个股,一般报告,中泰证券,无,2022Q4,,,,819422.892,3.88,,,,,买入,,
600426.SH,华鲁恒升,20211128,中泰周期·大宗指南：周期品周度运行变化——第47期,非个股,一般报告,中泰证券,无,2021Q4,,,,753953.537,3.57,,,,,买入,,
600323.SH,瀚蓝环境,20211128,环保工程及服务Ⅱ：广西印发垃圾分类“十四五”建设规划，焚烧行业发展势头良好,非个股,一般报告,中信建投,高兴,2023Q4,,,,186714.496,2.29,,,,,买入,,
600323.SH,瀚蓝环境,20211128,环保工程及服务Ⅱ：广西印发垃圾分类“十四五”建设规划，焚烧行业发展势头良好,非个股,一般报告,中信建投,高兴,2022Q4,,,,158992.693,1.95,,,,,买入,,
600323.SH,瀚蓝环境,20211128,环保工程及服务Ⅱ：广西印发垃圾分类“十四五”建设规划，焚烧行业发展势头良好,非个股,一般报告,中信建投,高兴,2021Q4,,,,125563.46,1.54,,,,,买入,,
002881.SZ,美格智能,20211128,通信：广电开启5G核心网集采，自动驾驶开始商业化试点,非个股,一般报告,太平洋证券,"李宏涛,李仁波",2021Q4,,,,11812.045,0.64,,,,,买入,,
600167.SH,联美控股,20211128,环保工程及服务Ⅱ：广西印发垃圾分类“十四五”建设规划，焚烧行业发展势头良好,非个股,一般报告,中信建投,高兴,2023Q4,,,,219659.47,0.96,,,,,增持,,
600167.SH,联美控股,20211128,环保工程及服务Ⅱ：广西印发垃圾分类“十四五”建设规划，焚烧行业发展势头良好,非个股,一般报告,中信建投,高兴,2022Q4,,,,192202.036,0.84,,,,,增持,,
600167.SH,联美控股,20211128,环保工程及服务Ⅱ：广西印发垃圾分类“十四五”建设规划，焚烧行业发展势头良好,非个股,一般报告,中信建投,高兴,2021Q4,,,,169320.841,0.74,,,,,增持,,
000967.SZ,盈峰环境,20211128,环保工程及服务Ⅱ：广西印发垃圾分类“十四五”建设规划，焚烧行业发展势头良好,非个股,一般报告,中信建投,高兴,2023Q4,,,,192948.3,0.61,,,,,买入,,
000967.SZ,盈峰环境,20211128,环保工程及服务Ⅱ：广西印发垃圾分类“十四五”建设规划，焚烧行业发展势头良好,非个股,一般报告,中信建投,高兴,2022Q4,,,,170806.692,0.54,,,,,买入,,
000967.SZ,盈峰环境,20211128,环保工程及服务Ⅱ：广西印发垃圾分类“十四五”建设规划，焚烧行业发展势头良好,非个股,一般报告,中信建投,高兴,2021Q4,,,,142338.91,0.45,,,,,买入,,
000063.SZ,中兴通讯,20211128,通信：广电开启5G核心网集采，自动驾驶开始商业化试点,非个股,一般报告,太平洋证券,"李宏涛,李仁波",2021Q4,,,,728238.185,1.54,,,,,买入,,
002672.SZ,东江环保,20211128,环保工程及服务Ⅱ：广西印发垃圾分类“十四五”建设规划，焚烧行业发展势头良好,非个股,一般报告,中信建投,高兴,2022Q4,,,,33412.15,0.38,,,,,增持,,
300308.SZ,中际旭创,20211128,通信：广电开启5G核心网集采，自动驾驶开始商业化试点,非个股,一般报告,太平洋证券,"李宏涛,李仁波",2021Q4,,,,99211.939,1.24,,,,,买入,,
300388.SZ,节能国祯,20211128,环保工程及服务Ⅱ：广西印发垃圾分类“十四五”建设规划，焚烧行业发展势头良好,非个股,一般报告,中信建投,高兴,2023Q4,,,,56615.905,0.81,,,,,买入,,
300388.SZ,节能国祯,20211128,环保工程及服务Ⅱ：广西印发垃圾分类“十四五”建设规划，焚烧行业发展势头良好,非个股,一般报告,中信建投,高兴,2022Q4,,,,48927.325,0.7,,,,,买入,,
300388.SZ,节能国祯,20211128,环保工程及服务Ⅱ：广西印发垃圾分类“十四五”建设规划，焚烧行业发展势头良好,非个股,一般报告,中信建投,高兴,2021Q4,,,,39840.822,0.57,,,,,买入,,
002672.SZ,东江环保,20211128,环保工程及服务Ⅱ：广西印发垃圾分类“十四五”建设规划，焚烧行业发展势头良好,非个股,一般报告,中信建投,高兴,2023Q4,,,,49238.958,0.56,,,,,增持,,
002672.SZ,东江环保,20211128,环保工程及服务Ⅱ：广西印发垃圾分类“十四五”建设规划，焚烧行业发展势头良好,非个股,一般报告,中信建投,高兴,2021Q4,,,,29015.814,0.33,,,,,增持,,
600927.SH,永安期货,20211128,永安期货：期货业龙头，风险管理业务可期,新股,首次关注,华金证券,"崔晓雁,王德坤",2022Q4,4492700.0,,279000.0,231600.0,1.59,,,17.7,,无,,
600927.SH,永安期货,20211128,永安期货：期货业龙头，风险管理业务可期,新股,首次关注,华金证券,"崔晓雁,王德坤",2021Q4,3722900.0,,217000.0,180100.0,1.24,,,18.14,,无,,
600927.SH,永安期货,20211128,永安期货：期货业龙头，风险管理业务可期,新股,首次关注,华金证券,"崔晓雁,王德坤",2023Q4,5173100.0,,335300.0,278300.0,1.91,,,18.16,,无,,
000001.SZ,平安银行,20211128,个人征信：顶层设计与业务提速：银行业投资观察,非个股,一般报告,中信证券,"肖斐斐,彭博",2021Q4,,,,4346925.676,2.24,,,,,无,,
300726.SZ,宏达电子,20211128,信达证券2021年12月金股,非个股,一般报告,信达证券,无,2021Q4,,,,74818.7,1.87,,,,,无,,
300014.SZ,亿纬锂能,20211128,金融制造行业12月投资观点及金股推荐,非个股,一般报告,长江证券,无,2021Q4,,,,320000.0,1.7,,,,,买入,,
601398.SH,工商银行,20211128,个人征信：顶层设计与业务提速：银行业投资观察,非个股,一般报告,中信证券,"肖斐斐,彭博",2022Q4,,,,38848282.023,1.09,,,,,无,,
600919.SH,江苏银行,20211128,个人征信：顶层设计与业务提速：银行业投资观察,非个股,一般报告,中信证券,"肖斐斐,彭博",2021Q4,,,,1993899.569,1.35,,,,,无,,
600817.SH,宇通重工,20211128,金融制造行业12月投资观点及金股推荐,非个股,一般报告,长江证券,无,2023Q4,,,,63106.684,1.17,,,,,无,,
600817.SH,宇通重工,20211128,金融制造行业12月投资观点及金股推荐,非个股,一般报告,长江证券,无,2022Q4,,,,48004.23,0.89,,,,,无,,
601939.SH,建设银行,20211128,个人征信：顶层设计与业务提速：银行业投资观察,非个股,一般报告,中信证券,"肖斐斐,彭博",2021Q4,,,,32001405.118,1.28,,,,,无,,
000887.SZ,中鼎股份,20211128,汽车：供需端催化空气悬挂发力，国产化方案助力价格下探－－－空气悬挂行业深度报告,非个股,一般报告,东北证券,李恒光,2023Q4,1711127.0,,,157000.0,1.29,,,,,买入,,
000887.SZ,中鼎股份,20211128,汽车：供需端催化空气悬挂发力，国产化方案助力价格下探－－－空气悬挂行业深度报告,非个股,一般报告,东北证券,李恒光,2021Q4,1301323.0,,,103300.0,0.85,,,,,买入,,
603236.SH,移远通信,20211128,新增5G用户创新高，车载800V高压平台有望量产－中泰通信行业周报（1122－1128）,非个股,一般报告,中泰证券,"陈宁玉,王逢节,佘雨晴",2022Q4,,,,60474.264,4.16,,,,,无,,
600745.SH,闻泰科技,20211128,电子周报：北美半导体设备商出货环比增长，折叠机市场持续增长,非个股,一般报告,中信建投,"刘双锋,雷鸣,孙芳芳,郭彦辉,王天乐",2022Q4,,,,482000.0,3.871,,,,,无,,
600745.SH,闻泰科技,20211128,电子周报：北美半导体设备商出货环比增长，折叠机市场持续增长,非个股,一般报告,中信建投,"刘双锋,雷鸣,孙芳芳,郭彦辉,王天乐",2021Q4,,,,337000.0,2.707,,,,,无,,
600377.SH,宁沪高速,20211128,快递物流底部反转高弹性，公路铁路业绩稳健高股息——2022年交运物流行业投资策略,非个股,一般报告,浙商证券,"匡培钦,冯思齐",2023Q4,,,,545600.0,1.083,,,,,增持,,
600377.SH,宁沪高速,20211128,快递物流底部反转高弹性，公路铁路业绩稳健高股息——2022年交运物流行业投资策略,非个股,一般报告,浙商证券,"匡培钦,冯思齐",2022Q4,,,,507000.0,1.006,,,,,增持,,
600377.SH,宁沪高速,20211128,快递物流底部反转高弹性，公路铁路业绩稳健高股息——2022年交运物流行业投资策略,非个股,一般报告,浙商证券,"匡培钦,冯思齐",2021Q4,,,,472000.0,0.937,,,,,增持,,
000001.SZ,平安银行,20211128,个人征信：顶层设计与业务提速：银行业投资观察,非个股,一般报告,中信证券,"肖斐斐,彭博",2022Q4,,,,5026132.813,2.59,,,,,无,,
002050.SZ,三花智控,20211128,电气设备：电力系统新方向之节能变压器和柔性直流,非个股,一般报告,长江证券,"马军,邬博华,司鸿历",2022Q4,,,,252000.0,0.702,,,,,无,,
002050.SZ,三花智控,20211128,电气设备：电力系统新方向之节能变压器和柔性直流,非个股,一般报告,长江证券,"马军,邬博华,司鸿历",2021Q4,,,,183000.0,0.51,,,,,无,,
603218.SH,日月股份,20211128,电气设备：电力系统新方向之节能变压器和柔性直流,非个股,一般报告,长江证券,"马军,邬博华,司鸿历",2022Q4,,,,97000.0,1.002,,,,,无,,
603218.SH,日月股份,20211128,电气设备：电力系统新方向之节能变压器和柔性直流,非个股,一般报告,长江证券,"马军,邬博华,司鸿历",2021Q4,,,,73000.0,0.754,,,,,无,,
300726.SZ,宏达电子,20211128,信达证券2021年12月金股,非个股,一般报告,信达证券,无,2023Q4,,,,149637.4,3.74,,,,,无,,
300726.SZ,宏达电子,20211128,信达证券2021年12月金股,非个股,一般报告,信达证券,无,2022Q4,,,,108427.1,2.71,,,,,无,,
601818.SH,光大银行,20211128,个人征信：顶层设计与业务提速：银行业投资观察,非个股,一般报告,中信证券,"肖斐斐,彭博",2022Q4,,,,5187064.066,0.96,,,,,无,,
601818.SH,光大银行,20211128,个人征信：顶层设计与业务提速：银行业投资观察,非个股,一般报告,中信证券,"肖斐斐,彭博",2021Q4,,,,4700776.81,0.87,,,,,无,,
300014.SZ,亿纬锂能,20211128,金融制造行业12月投资观点及金股推荐,非个股,一般报告,长江证券,无,2023Q4,,,,720000.0,3.81,,,,,买入,,
300014.SZ,亿纬锂能,20211128,金融制造行业12月投资观点及金股推荐,非个股,一般报告,长江证券,无,2022Q4,,,,520000.0,2.75,,,,,买入,,
603456.SH,九洲药业,20211128,Omicron成热议，CDMO和上游边际改善──医药行业周报,非个股,一般报告,浙商证券,"孙建,郭双喜",2022Q4,,,,89920.382,1.08,,,,,买入,,
603456.SH,九洲药业,20211128,Omicron成热议，CDMO和上游边际改善──医药行业周报,非个股,一般报告,浙商证券,"孙建,郭双喜",2021Q4,,,,64109.902,0.77,,,,,买入,,
601398.SH,工商银行,20211128,个人征信：顶层设计与业务提速：银行业投资观察,非个股,一般报告,中信证券,"肖斐斐,彭博",2021Q4,,,,35640625.709,1.0,,,,,无,,
600000.SH,浦发银行,20211128,个人征信：顶层设计与业务提速：银行业投资观察,非个股,一般报告,中信证券,"肖斐斐,彭博",2022Q4,,,,6428124.262,2.19,,,,,无,,
600000.SH,浦发银行,20211128,个人征信：顶层设计与业务提速：银行业投资观察,非个股,一般报告,中信证券,"肖斐斐,彭博",2021Q4,,,,5782376.62,1.97,,,,,无,,
600919.SH,江苏银行,20211128,个人征信：顶层设计与业务提速：银行业投资观察,非个股,一般报告,中信证券,"肖斐斐,彭博",2022Q4,,,,2289292.097,1.55,,,,,无,,
600817.SH,宇通重工,20211128,金融制造行业12月投资观点及金股推荐,非个股,一般报告,长江证券,无,2021Q4,,,,37216.763,0.69,,,,,无,,
601939.SH,建设银行,20211128,个人征信：顶层设计与业务提速：银行业投资观察,非个股,一般报告,中信证券,"肖斐斐,彭博",2022Q4,,,,34501514.893,1.38,,,,,无,,
002459.SZ,晶澳科技,20211128,电气设备：电力系统新方向之节能变压器和柔性直流,非个股,一般报告,长江证券,"马军,邬博华,司鸿历",2022Q4,,,,404000.0,2.527,,,,,无,,
002459.SZ,晶澳科技,20211128,电气设备：电力系统新方向之节能变压器和柔性直流,非个股,一般报告,长江证券,"马军,邬博华,司鸿历",2021Q4,,,,211000.0,1.32,,,,,无,,
000887.SZ,中鼎股份,20211128,汽车：供需端催化空气悬挂发力，国产化方案助力价格下探－－－空气悬挂行业深度报告,非个股,一般报告,东北证券,李恒光,2022Q4,1476781.0,,,130800.0,1.07,,,,,买入,,
601336.SH,新华保险,20211128,非银金融行业周报（20211122－20211126）：规范人身保险销售管理，第二批基金投顾获牌券商陆续开业,非个股,一般报告,华创证券,"徐康,张径炜,洪锦屏",2023Q4,,,,2430126.801,7.79,,,,,推荐,,60.8
601336.SH,新华保险,20211128,非银金融行业周报（20211122－20211126）：规范人身保险销售管理，第二批基金投顾获牌券商陆续开业,非个股,一般报告,华创证券,"徐康,张径炜,洪锦屏",2022Q4,,,,1999629.371,6.41,,,,,推荐,,60.8
600188.SH,兖州煤业,20211128,信达证券2021年12月金股,非个股,一般报告,信达证券,左前明,2022Q4,,,,2825000.0,5.796,,,,,无,,
300776.SZ,帝尔激光,20211128,金融制造行业12月投资观点及金股推荐,非个股,一般报告,长江证券,无,2021Q4,,,,40600.0,3.82,,,,,买入,,
603236.SH,移远通信,20211128,新增5G用户创新高，车载800V高压平台有望量产－中泰通信行业周报（1122－1128）,非个股,一般报告,中泰证券,"陈宁玉,王逢节,佘雨晴",2021Q4,,,,36342.707,2.5,,,,,无,,
601658.SH,邮储银行,20211128,个人征信：顶层设计与业务提速：银行业投资观察,非个股,一般报告,中信证券,"肖斐斐,彭博",2022Q4,,,,9515548.663,1.03,,,,,无,,
601658.SH,邮储银行,20211128,个人征信：顶层设计与业务提速：银行业投资观察,非个股,一般报告,中信证券,"肖斐斐,彭博",2021Q4,,,,8222173.117,0.89,,,,,无,,
600928.SH,西安银行,20211128,个人征信：顶层设计与业务提速：银行业投资观察,非个股,一般报告,中信证券,"肖斐斐,彭博",2022Q4,,,,315555.556,0.71,,,,,无,,
601229.SH,上海银行,20211128,个人征信：顶层设计与业务提速：银行业投资观察,非个股,一般报告,中信证券,"肖斐斐,彭博",2022Q4,,,,2571399.119,1.81,,,,,无,,
601229.SH,上海银行,20211128,个人征信：顶层设计与业务提速：银行业投资观察,非个股,一般报告,中信证券,"肖斐斐,彭博",2021Q4,,,,2400919.619,1.69,,,,,无,,
600036.SH,招商银行,20211128,个人征信：顶层设计与业务提速：银行业投资观察,非个股,一般报告,中信证券,"肖斐斐,彭博",2021Q4,,,,13517837.242,5.36,,,,,无,,
600036.SH,招商银行,20211128,个人征信：顶层设计与业务提速：银行业投资观察,非个股,一般报告,中信证券,"肖斐斐,彭博",2022Q4,,,,15510205.045,6.15,,,,,无,,
688116.SH,天奈科技,20211128,电气设备：电力系统新方向之节能变压器和柔性直流,非个股,一般报告,长江证券,"马军,邬博华,司鸿历",2022Q4,,,,64000.0,2.756,,,,,无,,
601288.SH,农业银行,20211128,个人征信：顶层设计与业务提速：银行业投资观察,非个股,一般报告,中信证券,"肖斐斐,彭博",2021Q4,,,,24498812.371,0.7,,,,,无,,
600141.SH,兴发集团,20211128,化工：海外尿素价格持续上涨，全球谷物产量面临氮肥紧缺压力,非个股,一般报告,中金,"赵启超,贾雄伟,裘孝锋",2022Q4,,,,451360.213,4.06,,,30.6,,跑赢行业,,
600015.SH,华夏银行,20211128,个人征信：顶层设计与业务提速：银行业投资观察,非个股,一般报告,中信证券,"肖斐斐,彭博",2021Q4,,,,2292696.373,1.49,,,,,无,,
300919.SZ,中伟股份,20211128,电气设备：电力系统新方向之节能变压器和柔性直流,非个股,一般报告,长江证券,"马军,邬博华,司鸿历",2022Q4,,,,218000.0,3.827,,,,,无,,
601336.SH,新华保险,20211128,非银金融行业周报（20211122－20211126）：规范人身保险销售管理，第二批基金投顾获牌券商陆续开业,非个股,一般报告,华创证券,"徐康,张径炜,洪锦屏",2021Q4,,,,1569131.94,5.03,,,,,推荐,,60.8
600188.SH,兖州煤业,20211128,信达证券2021年12月金股,非个股,一般报告,信达证券,左前明,2023Q4,,,,3294000.0,6.758,,,,,无,,
600188.SH,兖州煤业,20211128,信达证券2021年12月金股,非个股,一般报告,信达证券,左前明,2021Q4,,,,1756000.0,3.603,,,,,无,,
300776.SZ,帝尔激光,20211128,金融制造行业12月投资观点及金股推荐,非个股,一般报告,长江证券,无,2023Q4,,,,69607.269,6.55,,,,,买入,,
300776.SZ,帝尔激光,20211128,金融制造行业12月投资观点及金股推荐,非个股,一般报告,长江证券,无,2022Q4,,,,50600.0,4.76,,,,,买入,,
000615.SZ,奥园美谷,20211128,房地产行业周报（11.22－11.28）：第三轮土拍延续降温，成都明确房贷松绑,非个股,一般报告,西南证券,"沈猛,池天惠,刘洋",2022Q4,,,,29684.852,0.38,,,,,买入,,
000615.SZ,奥园美谷,20211128,房地产行业周报（11.22－11.28）：第三轮土拍延续降温，成都明确房贷松绑,非个股,一般报告,西南证券,"沈猛,池天惠,刘洋",2021Q4,,,,21873.049,0.28,,,,,买入,,
600015.SH,华夏银行,20211128,个人征信：顶层设计与业务提速：银行业投资观察,非个股,一般报告,中信证券,"肖斐斐,彭博",2022Q4,,,,2446568.613,1.59,,,,,无,,
002706.SZ,良信股份,20211128,电气设备：电力系统新方向之节能变压器和柔性直流,非个股,一般报告,长江证券,"马军,邬博华,司鸿历",2022Q4,,,,66000.0,0.648,,,,,无,,
002706.SZ,良信股份,20211128,电气设备：电力系统新方向之节能变压器和柔性直流,非个股,一般报告,长江证券,"马军,邬博华,司鸿历",2021Q4,,,,41000.0,0.402,,,,,无,,
688116.SH,天奈科技,20211128,电气设备：电力系统新方向之节能变压器和柔性直流,非个股,一般报告,长江证券,"马军,邬博华,司鸿历",2021Q4,,,,30000.0,1.292,,,,,无,,
601288.SH,农业银行,20211128,个人征信：顶层设计与业务提速：银行业投资观察,非个股,一般报告,中信证券,"肖斐斐,彭博",2022Q4,,,,26248727.54,0.75,,,,,无,,
600141.SH,兴发集团,20211128,化工：海外尿素价格持续上涨，全球谷物产量面临氮肥紧缺压力,非个股,一般报告,中金,"赵启超,贾雄伟,裘孝锋",2021Q4,,,,411338.125,3.7,,,36.0,,跑赢行业,,
300919.SZ,中伟股份,20211128,电气设备：电力系统新方向之节能变压器和柔性直流,非个股,一般报告,长江证券,"马军,邬博华,司鸿历",2021Q4,,,,103000.0,1.808,,,,,无,,
601997.SH,贵阳银行,20211128,个人征信：顶层设计与业务提速：银行业投资观察,非个股,一般报告,中信证券,"肖斐斐,彭博",2022Q4,,,,661771.852,1.81,,,,,无,,
002812.SZ,恩捷股份,20211128,电气设备：电力系统新方向之节能变压器和柔性直流,非个股,一般报告,长江证券,"马军,邬博华,司鸿历",2022Q4,,,,501000.0,5.614,,,,,无,,
002812.SZ,恩捷股份,20211128,电气设备：电力系统新方向之节能变压器和柔性直流,非个股,一般报告,长江证券,"马军,邬博华,司鸿历",2021Q4,,,,265000.0,2.969,,,,,无,,
002891.SZ,中宠股份,20211128,轻工造纸行业研究：电子烟迎来官宣，积极布局有潜力、有竞争力的核心标的,非个股,一般报告,国金证券,"姜浩,张杨桓,尹新悦",2022Q4,,,,20000.0,0.68,,,,,无,,
603197.SH,保隆科技,20211128,汽车：供需端催化空气悬挂发力，国产化方案助力价格下探－－－空气悬挂行业深度报告,非个股,一般报告,东北证券,李恒光,2023Q4,544800.0,,,41200.0,1.98,,,,,买入,,
002563.SZ,森马服饰,20211128,纺织服装三季报总结：行业增长放缓，优质企业韧性凸显,非个股,一般报告,国信证券,丁诗洁,2023Q4,2042300.0,,,222600.0,0.83,,,16.3,,买入,,
002563.SZ,森马服饰,20211128,纺织服装三季报总结：行业增长放缓，优质企业韧性凸显,非个股,一般报告,国信证券,丁诗洁,2022Q4,1640200.0,,,190500.0,0.71,,,14.9,,买入,,
002563.SZ,森马服饰,20211128,纺织服装三季报总结：行业增长放缓，优质企业韧性凸显,非个股,一般报告,国信证券,丁诗洁,2021Q4,1418700.0,,,162400.0,0.6,,,13.4,,买入,,
601009.SH,南京银行,20211128,个人征信：顶层设计与业务提速：银行业投资观察,非个股,一般报告,中信证券,"肖斐斐,彭博",2022Q4,,,,2101473.564,2.1,,,,,无,,
601009.SH,南京银行,20211128,个人征信：顶层设计与业务提速：银行业投资观察,非个股,一般报告,中信证券,"肖斐斐,彭博",2021Q4,,,,1841291.123,1.84,,,,,无,,
601169.SH,北京银行,20211128,个人征信：顶层设计与业务提速：银行业投资观察,非个股,一般报告,中信证券,"肖斐斐,彭博",2022Q4,,,,2727444.971,1.29,,,,,无,,
601169.SH,北京银行,20211128,个人征信：顶层设计与业务提速：银行业投资观察,非个股,一般报告,中信证券,"肖斐斐,彭博",2021Q4,,,,2368014.238,1.12,,,,,无,,
688311.SH,盟升电子,20211128,国防军工行业周报：上游订货周期有望呈现，元器件最为直接,非个股,一般报告,国信证券,"花超,梁后权",2022Q4,,,,22016.64,1.92,,,,,增持,,
002709.SZ,天赐材料,20211128,电气设备：电力系统新方向之节能变压器和柔性直流,非个股,一般报告,长江证券,"马军,邬博华,司鸿历",2022Q4,,,,404000.0,4.229,,,,,无,,
600406.SH,国电南瑞,20211128,电气设备：电力系统新方向之节能变压器和柔性直流,非个股,一般报告,长江证券,"马军,邬博华,司鸿历",2022Q4,,,,718000.0,1.295,,,,,无,,
600406.SH,国电南瑞,20211128,电气设备：电力系统新方向之节能变压器和柔性直流,非个股,一般报告,长江证券,"马军,邬博华,司鸿历",2021Q4,,,,597000.0,1.077,,,,,无,,
688311.SH,盟升电子,20211128,国防军工行业周报：上游订货周期有望呈现，元器件最为直接,非个股,一般报告,国信证券,"花超,梁后权",2021Q4,,,,15136.44,1.32,,,,,增持,,
601997.SH,贵阳银行,20211128,个人征信：顶层设计与业务提速：银行业投资观察,非个股,一般报告,中信证券,"肖斐斐,彭博",2021Q4,,,,599616.484,1.64,,,,,无,,
002891.SZ,中宠股份,20211128,轻工造纸行业研究：电子烟迎来官宣，积极布局有潜力、有竞争力的核心标的,非个股,一般报告,国金证券,"姜浩,张杨桓,尹新悦",2023Q4,,,,26000.0,0.884,,,,,无,,
002891.SZ,中宠股份,20211128,轻工造纸行业研究：电子烟迎来官宣，积极布局有潜力、有竞争力的核心标的,非个股,一般报告,国金证券,"姜浩,张杨桓,尹新悦",2021Q4,,,,13000.0,0.442,,,,,无,,
603197.SH,保隆科技,20211128,汽车：供需端催化空气悬挂发力，国产化方案助力价格下探－－－空气悬挂行业深度报告,非个股,一般报告,东北证券,李恒光,2022Q4,472800.0,,,33800.0,1.63,,,,,买入,,
603197.SH,保隆科技,20211128,汽车：供需端催化空气悬挂发力，国产化方案助力价格下探－－－空气悬挂行业深度报告,非个股,一般报告,东北证券,李恒光,2021Q4,388000.0,,,28100.0,1.35,,,,,买入,,
601128.SH,常熟银行,20211128,个人征信：顶层设计与业务提速：银行业投资观察,非个股,一般报告,中信证券,"肖斐斐,彭博",2022Q4,,,,276826.448,1.01,,,,,无,,
601128.SH,常熟银行,20211128,个人征信：顶层设计与业务提速：银行业投资观察,非个股,一般报告,中信证券,"肖斐斐,彭博",2021Q4,,,,246677.033,0.9,,,,,无,,
600928.SH,西安银行,20211128,个人征信：顶层设计与业务提速：银行业投资观察,非个股,一般报告,中信证券,"肖斐斐,彭博",2021Q4,,,,297777.778,0.67,,,,,无,,
300087.SZ,荃银高科,20211128,农业：政策扶持下，龙头种企加速成为行业引领者,非个股,一般报告,国泰君安,"钟凯锋,沈嘉妍",2022Q4,,,,21796.725,0.48,,,,,增持,,
300087.SZ,荃银高科,20211128,农业：政策扶持下，龙头种企加速成为行业引领者,非个股,一般报告,国泰君安,"钟凯锋,沈嘉妍",2021Q4,,,,17255.741,0.38,,,,,增持,,
600926.SH,杭州银行,20211128,个人征信：顶层设计与业务提速：银行业投资观察,非个股,一般报告,中信证券,"肖斐斐,彭博",2022Q4,,,,1203830.688,2.03,,,,,无,,
600926.SH,杭州银行,20211128,个人征信：顶层设计与业务提速：银行业投资观察,非个股,一般报告,中信证券,"肖斐斐,彭博",2021Q4,,,,990343.472,1.67,,,,,无,,
002709.SZ,天赐材料,20211128,电气设备：电力系统新方向之节能变压器和柔性直流,非个股,一般报告,长江证券,"马军,邬博华,司鸿历",2021Q4,,,,270000.0,2.826,,,,,无,,
603589.SH,口子窖,20211128,食品饮料：茅台放量，五粮液涨价预期升温－周思考（第47周）,非个股,一般报告,中泰证券,"范劲松,熊欣慰,罗頔影",2022Q4,,,,201000.0,3.35,,,,,无,,
603589.SH,口子窖,20211128,食品饮料：茅台放量，五粮液涨价预期升温－周思考（第47周）,非个股,一般报告,中泰证券,"范劲松,熊欣慰,罗頔影",2021Q4,,,,169200.0,2.82,,,,,无,,
920799.BJ,艾融软件,20211128,艾融软件：拟1.3亿元收购砾阳软件100％股权，进军头部客户保险、理财等领域,点评,首份报告,安信证券,"诸海滨,赵昊",Q,,,,,,,,,,无,,
600305.SH,恒顺醋业,20211128,恒顺醋业：引进外部人才，改革步伐加速,点评,一般报告,招商证券,"于佳琦,任龙",2023Q4,261200.0,,43100.0,34900.0,0.35,44.7,,12.4,31.2,强烈推荐,,
600305.SH,恒顺醋业,20211128,恒顺醋业：引进外部人才，改革步伐加速,点评,一般报告,招商证券,"于佳琦,任龙",2022Q4,227600.0,,36500.0,29600.0,0.3,52.8,,11.6,35.8,强烈推荐,,
600305.SH,恒顺醋业,20211128,恒顺醋业：引进外部人才，改革步伐加速,点评,一般报告,招商证券,"于佳琦,任龙",2021Q4,197500.0,,28300.0,22900.0,0.23,68.3,,9.9,43.8,强烈推荐,,
002957.SZ,科瑞技术,20211128,科瑞技术：外延并购强化协同能力，新能源业务未来可期,点评,一般报告,中泰证券,"冯胜,王可,谢校辉",2023Q4,380800.0,,58000.0,46900.0,1.14,25.36,,14.56,22.0,增持,,
002957.SZ,科瑞技术,20211128,科瑞技术：外延并购强化协同能力，新能源业务未来可期,点评,一般报告,中泰证券,"冯胜,王可,谢校辉",2022Q4,307600.0,,47000.0,38000.0,0.92,31.34,,13.33,27.0,增持,,
002957.SZ,科瑞技术,20211128,科瑞技术：外延并购强化协同能力，新能源业务未来可期,点评,一般报告,中泰证券,"冯胜,王可,谢校辉",2021Q4,248800.0,,33700.0,27200.0,0.66,43.7,,10.73,36.0,增持,,
000935.SZ,四川双马,20211128,四川双马：捷氢科技拟上市，看好＂中国先进制造”一级龙头,点评,一般报告,天风证券,"夏昌盛,周颖婕,鲍荣富",2023Q4,306303.0,,254508.0,218748.0,2.87,6.98,,24.64,3.56,买入,,32.92
000935.SZ,四川双马,20211128,四川双马：捷氢科技拟上市，看好＂中国先进制造”一级龙头,点评,一般报告,天风证券,"夏昌盛,周颖婕,鲍荣富",2022Q4,232007.0,,171235.0,147314.0,1.93,10.37,,20.67,6.16,买入,,32.92
000935.SZ,四川双马,20211128,四川双马：捷氢科技拟上市，看好＂中国先进制造”一级龙头,点评,一般报告,天风证券,"夏昌盛,周颖婕,鲍荣富",2021Q4,182612.0,,117634.0,100902.0,1.32,15.14,,16.96,9.15,买入,,32.92
601868.SH,中国能建,20211128,中国能建重大事件快评：设立氢能子公司，依托京津冀打造全产业链平台,点评,一般报告,国信证券,"王蔚祺,陈抒扬",2023Q4,55847000.0,,1619200.0,959300.0,0.23,9.8,2.8,11.0,31.8,买入,,
601868.SH,中国能建,20211128,中国能建重大事件快评：设立氢能子公司，依托京津冀打造全产业链平台,点评,一般报告,国信证券,"王蔚祺,陈抒扬",2022Q4,46295400.0,,1504500.0,816100.0,0.2,11.5,2.4,10.0,29.9,买入,,
601868.SH,中国能建,20211128,中国能建重大事件快评：设立氢能子公司，依托京津冀打造全产业链平台,点评,一般报告,国信证券,"王蔚祺,陈抒扬",2021Q4,34742900.0,,1342500.0,728300.0,0.17,12.8,2.2,10.0,27.2,买入,,
688728.SH,格科微,20211128,格科微：快速崛起的CMOS图像传感器芯片公司,一般,首次关注,中金,"石晓彬,臧若晨,彭虎",2023Q4,1692900.0,506800.0,280100.0,252100.0,1.01,,,,,跑赢行业,,45.3
688728.SH,格科微,20211128,格科微：快速崛起的CMOS图像传感器芯片公司,一般,首次关注,中金,"石晓彬,臧若晨,彭虎",2022Q4,1163100.0,380300.0,211100.0,190000.0,0.76,44.3,0.0,22.2,32.6,跑赢行业,,45.3
688728.SH,格科微,20211128,格科微：快速崛起的CMOS图像传感器芯片公司,一般,首次关注,中金,"石晓彬,臧若晨,彭虎",2021Q4,840200.0,283700.0,149400.0,134500.0,0.54,62.6,0.0,26.1,46.8,跑赢行业,,45.3
600309.SH,万华化学,20211128,万华化学：MDI挂牌价淡季回调，看好长期市占率不断提升,点评,一般报告,中泰证券,"谢楠,李博",2023Q4,13872000.0,4768700.0,3700000.0,3188400.0,10.15,9.5,,32.83,,买入,,
600309.SH,万华化学,20211128,万华化学：MDI挂牌价淡季回调，看好长期市占率不断提升,点评,一般报告,中泰证券,"谢楠,李博",2022Q4,13493800.0,4478700.0,3435900.0,2962300.0,9.43,10.22,,37.34,,买入,,
600309.SH,万华化学,20211128,万华化学：MDI挂牌价淡季回调，看好长期市占率不断提升,点评,一般报告,中泰证券,"谢楠,李博",2021Q4,12825300.0,3989400.0,2992200.0,2582600.0,8.23,11.72,,41.12,,买入,,
002821.SZ,凯莱英,20211128,凯莱英公司点评报告：又见超预期大额订单，公司进入发展快车道,点评,一般报告,信达证券,周平,2023Q4,910200.0,,249000.0,219700.0,8.98,53.23,,21.3,48.57,无,,
002821.SZ,凯莱英,20211128,凯莱英公司点评报告：又见超预期大额订单，公司进入发展快车道,点评,一般报告,信达证券,周平,2022Q4,747300.0,,199100.0,175700.0,7.18,66.57,,20.9,60.65,无,,
002821.SZ,凯莱英,20211128,凯莱英公司点评报告：又见超预期大额订单，公司进入发展快车道,点评,一般报告,信达证券,周平,2021Q4,438400.0,,116800.0,103000.0,4.21,113.49,,15.0,98.26,无,,
603997.SH,继峰股份,20211128,继峰股份：内外兼修，二次成长,深度,一般报告,中信建投,"何俊艺,程似骐,陈怀山,杨耀先,陶亦然",2023Q4,2041183.0,339500.0,,81118.0,,19.3,,,,增持,,
603997.SH,继峰股份,20211128,继峰股份：内外兼修，二次成长,深度,一般报告,中信建投,"何俊艺,程似骐,陈怀山,杨耀先,陶亦然",2022Q4,1871007.0,304703.0,,60317.0,,26.0,,,,增持,,
603997.SH,继峰股份,20211128,继峰股份：内外兼修，二次成长,深度,一般报告,中信建投,"何俊艺,程似骐,陈怀山,杨耀先,陶亦然",2021Q4,1738681.0,243775.0,,20129.0,,77.8,,,,增持,,
688686.SH,奥普特,20211128,奥普特2021年事件点评：发布股权激励彰显信心，锂电新能源助力公司收入增长,点评,一般报告,浙商证券,"王华君,潘贻立",2022Q4,111200.0,,45900.0,39800.0,4.83,65.26,,14.28,54.7,增持,,
688686.SH,奥普特,20211128,奥普特2021年事件点评：发布股权激励彰显信心，锂电新能源助力公司收入增长,点评,一般报告,浙商证券,"王华君,潘贻立",2021Q4,85200.0,,34200.0,29600.0,3.59,87.63,,12.15,75.04,增持,,
688686.SH,奥普特,20211128,奥普特2021年事件点评：发布股权激励彰显信心，锂电新能源助力公司收入增长,点评,一般报告,浙商证券,"王华君,潘贻立",2023Q4,145300.0,,60300.0,52300.0,6.34,49.67,,16.1,40.67,增持,,
603380.SH,易德龙,20211128,易德龙：精品客户精品订单，盈利能力领先的差异化EMS厂商,深度,一般报告,国信证券,"胡剑,胡慧",2023Q4,291920.0,,53273.0,46640.0,2.89,13.6,2.0,26.7,11.7,买入,,52.19
603380.SH,易德龙,20211128,易德龙：精品客户精品订单，盈利能力领先的差异化EMS厂商,深度,一般报告,国信证券,"胡剑,胡慧",2022Q4,228209.0,,39812.0,34855.0,2.16,18.2,1.5,24.7,15.1,买入,,52.19
603380.SH,易德龙,20211128,易德龙：精品客户精品订单，盈利能力领先的差异化EMS厂商,深度,一般报告,国信证券,"胡剑,胡慧",2021Q4,173812.0,,28805.0,25219.0,1.56,25.2,1.2,21.8,20.5,买入,,52.19
002821.SZ,凯莱英,20211128,凯莱英：小分子CDMO业务再获重大订单，业绩有望实现高增长,点评,一般报告,国盛证券,"张金洋,胡偌碧",2021Q4,437000.0,,113700.0,99800.0,4.079,116.2,,14.6,90.3,买入,,
002821.SZ,凯莱英,20211128,凯莱英：重大合同再添新单，期待业绩强增长,点评,一般报告,华泰证券,"代雯,高鹏",2022Q4,803900.0,,209200.0,185500.0,7.58,63.04,,23.53,40.12,买入,,606.58
002821.SZ,凯莱英,20211128,凯莱英：重大合同再添新单，期待业绩强增长,点评,一般报告,华泰证券,"代雯,高鹏",2021Q4,441200.0,,114200.0,101300.0,4.14,115.45,,15.58,71.79,买入,,606.58
600570.SH,恒生电子,20211128,恒生电子：收购Summit剑指资金管理TOP厂商,一般,一般报告,华泰证券,"谢春生,郭雅丽,彭钢",2023Q4,760400.0,,250400.0,231700.0,1.59,36.05,,22.32,30.07,买入,,80.25
002957.SZ,科瑞技术,20211128,科瑞技术：收购鼎力智能，补齐化成分容工艺段,点评,一般报告,华泰证券,"肖群稀,时彧,关东奇来",2023Q4,391700.0,,55936.0,44055.0,1.07,27.02,,13.61,18.58,买入,,36.19
002957.SZ,科瑞技术,20211128,科瑞技术：收购鼎力智能，补齐化成分容工艺段,点评,一般报告,华泰证券,"肖群稀,时彧,关东奇来",2022Q4,310700.0,,44350.0,34910.0,0.85,34.09,,12.25,23.79,买入,,36.19
002957.SZ,科瑞技术,20211128,科瑞技术：收购鼎力智能，补齐化成分容工艺段,点评,一般报告,华泰证券,"肖群稀,时彧,关东奇来",2021Q4,232200.0,,35990.0,27633.0,0.67,43.07,,11.11,29.14,买入,,36.19
603330.SH,上海天洋,20211128,上海天洋：投产4.5亿平光伏胶膜，打开公司成长空间,点评,一般报告,招商证券,"董瑞斌,张景财",2023Q4,261400.0,,45100.0,34400.0,1.44,14.5,,25.0,9.3,强烈推荐,,
603330.SH,上海天洋,20211128,上海天洋：投产4.5亿平光伏胶膜，打开公司成长空间,点评,一般报告,招商证券,"董瑞斌,张景财",2022Q4,232200.0,,37800.0,28800.0,1.21,17.3,,25.7,10.8,强烈推荐,,
600905.SH,三峡能源,20211128,三峡能源股权激励方案点评：着力提升经营质量，激发内生增长动能,点评,一般报告,兴业证券,蔡屹,2022Q4,2413500.0,,884900.0,748400.0,0.26,24.8,,10.3,,审慎增持,,
600905.SH,三峡能源,20211128,三峡能源股权激励方案点评：着力提升经营质量，激发内生增长动能,点评,一般报告,兴业证券,蔡屹,2021Q4,1774700.0,,666400.0,564600.0,0.2,32.9,,8.3,,审慎增持,,
600584.SH,长电科技,20211128,长电科技：先进封装全面布局，本土配套需求提升,一般,首次评级,东方证券,"蒯剑,马天翼,唐权喜,李庭旭,韩潇锐",2023Q4,4042290.0,,427700.0,375900.0,2.11,15.7,,14.8,10.4,买入,,46.58
600584.SH,长电科技,20211128,长电科技：先进封装全面布局，本土配套需求提升,一般,首次评级,东方证券,"蒯剑,马天翼,唐权喜,李庭旭,韩潇锐",2022Q4,3582480.0,,360300.0,316700.0,1.78,18.6,,14.1,12.2,买入,,46.58
600584.SH,长电科技,20211128,长电科技：先进封装全面布局，本土配套需求提升,一般,首次评级,东方证券,"蒯剑,马天翼,唐权喜,李庭旭,韩潇锐",2021Q4,3054260.0,,322200.0,283200.0,1.59,20.8,,16.4,13.4,买入,,46.58
600570.SH,恒生电子,20211128,恒生电子重大事项点评：收购Summit，增强资金管理领域优势,点评,一般报告,中信证券,"杨泽原,丁奇,潘儒琛",2023Q4,751200.0,,256700.0,236000.0,1.61,35.5,,25.2,31.2,买入,,86.0
600570.SH,恒生电子,20211128,恒生电子重大事项点评：收购Summit，增强资金管理领域优势,点评,一般报告,中信证券,"杨泽原,丁奇,潘儒琛",2021Q4,521400.0,,181600.0,167000.0,1.14,50.1,,27.3,44.4,买入,,86.0
605166.SH,聚合顺,20211128,聚合顺：高速成长的尼龙龙头，产品持续高端化,深度,首次关注,安信证券,"张汪强,乔璐",2023Q4,776750.0,,55670.0,50110.0,1.59,9.5,1.7,23.5,5.8,买入,,20.6
300638.SZ,广和通,20211128,广和通：收购锐凌无线进展顺利，车载模组龙头蓄势待发,点评,一般报告,信达证券,蒋颖,2022Q4,615258.0,,65007.0,60614.0,1.47,38.64,,23.42,34.7,买入,,
002821.SZ,凯莱英,20211128,凯莱英：小分子CDMO业务再获重大订单，业绩有望实现高增长,点评,一般报告,国盛证券,"张金洋,胡偌碧",2023Q4,1004700.0,,248100.0,219300.0,8.963,52.9,,20.5,37.2,买入,,
002821.SZ,凯莱英,20211128,凯莱英事件点评：再签新订单，兑现超预期！,点评,一般报告,浙商证券,"孙建,郭双喜",2023Q4,949900.0,,238600.0,211500.0,8.645,54.79,,20.97,43.9,买入,,
002821.SZ,凯莱英,20211128,凯莱英：重大合同再添新单，期待业绩强增长,点评,一般报告,华泰证券,"代雯,高鹏",2023Q4,856000.0,,230700.0,204600.0,8.36,57.17,,21.11,36.2,买入,,606.58
002821.SZ,凯莱英,20211128,凯莱英：再签重大订单，小分子CDMO龙头实力彰显,点评,一般报告,中信建投,"贺菊颖,袁清慧,阳明春",2023Q4,1002300.0,,259800.0,229200.0,9.37,51.0,,20.7,36.3,买入,,
603330.SH,上海天洋,20211128,上海天洋：投产4.5亿平光伏胶膜，打开公司成长空间,点评,一般报告,招商证券,"董瑞斌,张景财",2021Q4,168600.0,,22800.0,17400.0,0.73,28.6,,19.7,16.5,强烈推荐,,
002821.SZ,凯莱英,20211128,凯莱英：再签重大订单，小分子CDMO龙头实力彰显,点评,一般报告,中信建投,"贺菊颖,袁清慧,阳明春",2022Q4,960700.0,,244200.0,215400.0,8.8,54.3,,24.2,41.4,买入,,
600570.SH,恒生电子,20211128,恒生电子：收购Summit剑指资金管理TOP厂商,一般,一般报告,华泰证券,"谢春生,郭雅丽,彭钢",2021Q4,521600.0,,169700.0,157100.0,1.07,53.18,,24.14,45.37,买入,,80.25
002821.SZ,凯莱英,20211128,凯莱英：再签重大订单，小分子CDMO龙头实力彰显,点评,一般报告,中信建投,"贺菊颖,袁清慧,阳明春",2021Q4,450700.0,,118100.0,103400.0,4.23,113.1,,15.1,87.8,买入,,
002821.SZ,凯莱英,20211128,凯莱英：小分子CDMO业务再获重大订单，业绩有望实现高增长,点评,一般报告,国盛证券,"张金洋,胡偌碧",2022Q4,872100.0,,214100.0,189200.0,7.733,61.3,,21.9,46.2,买入,,
600570.SH,恒生电子,20211128,恒生电子：收购Summit剑指资金管理TOP厂商,一般,一般报告,华泰证券,"谢春生,郭雅丽,彭钢",2022Q4,631200.0,,205500.0,189900.0,1.3,43.99,,22.98,37.53,买入,,80.25
600104.SH,上汽集团,20211128,上汽集团：子公司拟分拆上市，体制革新加速,点评,一般报告,中信建投,"程似骐,何俊艺,陶亦然,杨耀先,马博硕",2023Q4,,,,3400000.0,,,,,,买入,,
600104.SH,上汽集团,20211128,上汽集团：子公司拟分拆上市，体制革新加速,点评,一般报告,中信建投,"程似骐,何俊艺,陶亦然,杨耀先,马博硕",2022Q4,,,,3000000.0,,,,,,买入,,
600104.SH,上汽集团,20211128,上汽集团：子公司拟分拆上市，体制革新加速,点评,一般报告,中信建投,"程似骐,何俊艺,陶亦然,杨耀先,马博硕",2021Q4,,,,2650000.0,,,,,,买入,,
605166.SH,聚合顺,20211128,聚合顺：高速成长的尼龙龙头，产品持续高端化,深度,首次关注,安信证券,"张汪强,乔璐",2022Q4,606840.0,,38960.0,35060.0,1.11,13.6,0.9,20.5,8.6,买入,,20.6
605166.SH,聚合顺,20211128,聚合顺：高速成长的尼龙龙头，产品持续高端化,深度,首次关注,安信证券,"张汪强,乔璐",2021Q4,450580.0,,28890.0,26000.0,0.82,18.3,0.5,18.5,12.6,买入,,20.6
600905.SH,三峡能源,20211128,三峡能源股权激励方案点评：着力提升经营质量，激发内生增长动能,点评,一般报告,兴业证券,蔡屹,2023Q4,3007200.0,,1076100.0,910600.0,0.32,20.4,,11.7,,审慎增持,,
600570.SH,恒生电子,20211128,恒生电子重大事项点评：收购Summit，增强资金管理领域优势,点评,一般报告,中信证券,"杨泽原,丁奇,潘儒琛",2022Q4,629200.0,,213600.0,196400.0,1.34,42.6,,25.9,37.6,买入,,86.0
300638.SZ,广和通,20211128,广和通：收购锐凌无线进展顺利，车载模组龙头蓄势待发,点评,一般报告,信达证券,蒋颖,2023Q4,831546.0,,86161.0,80315.0,1.94,29.16,,25.03,26.55,买入,,
300638.SZ,广和通,20211128,广和通：收购锐凌无线进展顺利，车载模组龙头蓄势待发,点评,一般报告,信达证券,蒋颖,2021Q4,404916.0,,47797.0,44595.0,1.08,52.51,,21.17,46.26,买入,,
002821.SZ,凯莱英,20211128,凯莱英事件点评：再签新订单，兑现超预期！,点评,一般报告,浙商证券,"孙建,郭双喜",2022Q4,907700.0,,230200.0,204100.0,8.342,56.78,,25.48,46.7,买入,,
002821.SZ,凯莱英,20211128,凯莱英事件点评：再签新订单，兑现超预期！,点评,一般报告,浙商证券,"孙建,郭双喜",2021Q4,448700.0,,113700.0,100800.0,4.12,114.93,,15.53,94.22,买入,,
002465.SZ,海格通信,20211128,海格通信：智能无人业务顺利落子，新增长点有望爆发,点评,一般报告,华西证券,"宋辉,柳珏廷,陆洲",2022Q4,732700.0,,97100.0,89500.0,0.39,25.84,,7.7,,买入,,
002465.SZ,海格通信,20211128,海格通信：智能无人业务顺利落子，新增长点有望爆发,点评,一般报告,华西证券,"宋辉,柳珏廷,陆洲",2021Q4,619400.0,,80500.0,74400.0,0.32,31.08,,7.0,,买入,,
002311.SZ,海大集团,20211128,海大集团：农牧龙头，行稳致远,深度,一般报告,中信建投,王明琦,2022Q4,9792800.0,,385100.0,304900.0,1.84,34.9,,17.0,20.5,买入,,
002821.SZ,凯莱英,20211128,凯莱英：再签大订单，再度上调2022年业绩预测,点评,一般报告,华西证券,"崔文亮,徐顺利",2022Q4,1034700.0,,250600.0,222300.0,9.09,52.6,,23.9,,买入,,
002821.SZ,凯莱英,20211128,凯莱英：再签大订单，再度上调2022年业绩预测,点评,一般报告,华西证券,"崔文亮,徐顺利",2021Q4,491900.0,,122400.0,108600.0,4.44,107.66,,15.3,,买入,,
001206.SZ,依依股份,20211128,依依股份：宠物卫生护理龙头，产能释放成长可期,深度,首次关注,国金证券,"姜浩,尹新悦",2023Q4,191600.0,40400.0,27900.0,21200.0,2.25,20.61,,9.63,,增持,,49.3
001206.SZ,依依股份,20211128,依依股份：宠物卫生护理龙头，产能释放成长可期,深度,首次关注,国金证券,"姜浩,尹新悦",2022Q4,162200.0,33900.0,23500.0,17900.0,1.896,24.47,,8.84,,增持,,49.3
300973.SZ,立高食品,20211128,立高食品公司跟踪报告：具备先发优势，抢占增量市场,点评,一般报告,信达证券,马铮,2023Q4,483800.0,,65800.0,52600.0,3.11,43.61,,20.2,32.81,买入,,
300973.SZ,立高食品,20211128,立高食品公司跟踪报告：具备先发优势，抢占增量市场,点评,一般报告,信达证券,马铮,2022Q4,361900.0,,44100.0,35300.0,2.08,65.09,,15.6,49.76,买入,,
601868.SH,中国能建,20211128,中国能建拟设立氢能业务全资子公司点评：拟设立氢能全资子公司，发力氢能产业加速新能源布局,点评,一般报告,浙商证券,"匡培钦,耿鹏智",2023Q4,39103000.0,245200.0,1818000.0,1099100.0,0.26,8.08,,6.3,10.26,增持,,
601868.SH,中国能建,20211128,中国能建拟设立氢能业务全资子公司点评：拟设立氢能全资子公司，发力氢能产业加速新能源布局,点评,一般报告,浙商证券,"匡培钦,耿鹏智",2022Q4,34553900.0,216700.0,1556000.0,960300.0,0.23,9.25,,5.87,10.56,增持,,
002465.SZ,海格通信,20211128,海格通信：智能无人业务顺利落子，新增长点有望爆发,点评,一般报告,华西证券,"宋辉,柳珏廷,陆洲",2023Q4,882400.0,,116200.0,107200.0,0.47,21.56,,8.5,,买入,,
002311.SZ,海大集团,20211128,海大集团：农牧龙头，行稳致远,深度,一般报告,中信建投,王明琦,2023Q4,11833900.0,,569200.0,447500.0,2.69,23.8,,20.6,14.3,买入,,
002311.SZ,海大集团,20211128,海大集团：农牧龙头，行稳致远,深度,一般报告,中信建投,王明琦,2021Q4,8013300.0,,253200.0,201700.0,1.21,52.7,,12.9,29.1,买入,,
002821.SZ,凯莱英,20211128,凯莱英：再签大订单，再度上调2022年业绩预测,点评,一般报告,华西证券,"崔文亮,徐顺利",2023Q4,820200.0,,215900.0,191600.0,7.83,61.05,,17.1,,买入,,
001206.SZ,依依股份,20211128,依依股份：宠物卫生护理龙头，产能释放成长可期,深度,首次关注,国金证券,"姜浩,尹新悦",2021Q4,130500.0,26300.0,19000.0,14400.0,1.528,30.36,,7.7,,增持,,49.3
300973.SZ,立高食品,20211128,立高食品公司跟踪报告：具备先发优势，抢占增量市场,点评,一般报告,信达证券,马铮,2021Q4,272700.0,,34500.0,27600.0,1.63,83.01,,13.5,63.25,买入,,
601868.SH,中国能建,20211128,中国能建拟设立氢能业务全资子公司点评：拟设立氢能全资子公司，发力氢能产业加速新能源布局,点评,一般报告,浙商证券,"匡培钦,耿鹏智",2021Q4,30306500.0,190000.0,1341300.0,676700.0,0.16,13.12,,4.56,11.15,增持,,
002968.SZ,新大正,20211128,房地产行业周报（11.13－11.19）：第三批集中供地提质降价，房企利润率中枢有望改善,非个股,一般报告,中信建投,"竺劲,黄啸天",2023Q4,,,,34984.478,2.15,,,,,买入,,
002968.SZ,新大正,20211128,房地产行业周报（11.13－11.19）：第三批集中供地提质降价，房企利润率中枢有望改善,非个股,一般报告,中信建投,"竺劲,黄啸天",2022Q4,,,,25546.805,1.57,,,,,买入,,
002968.SZ,新大正,20211128,房地产行业周报（11.13－11.19）：第三批集中供地提质降价，房企利润率中枢有望改善,非个股,一般报告,中信建投,"竺劲,黄啸天",2021Q4,,,,17736.317,1.09,,,,,买入,,
300726.SZ,宏达电子,20211128,宏达电子：定增获得批复，深化横向拓展战略打造新增长点,点评,一般报告,中信建投,黎韬扬,2023Q4,392300.0,,,151700.0,3.78,22.0,,,,买入,,
600570.SH,恒生电子,20211128,恒生电子：拟收购Summit业务，补充资金市场产品线——公司信息更新报告,点评,一般报告,开源证券,"陈宝健,闫宁",2023Q4,731900.0,,248900.0,231400.0,1.58,36.1,,23.6,28.3,买入,,
600570.SH,恒生电子,20211128,恒生电子：资金领域再次掘金，商业模式优异，竞争优势凸显,点评,一般报告,天风证券,"缪欣君,王倩雯",2022Q4,686469.0,,192416.0,177781.0,1.22,46.98,,22.81,37.95,买入,,
600570.SH,恒生电子,20211128,恒生电子：资金领域再次掘金，商业模式优异，竞争优势凸显,点评,一般报告,天风证券,"缪欣君,王倩雯",2021Q4,541711.0,,154645.0,143058.0,0.98,58.39,,22.87,45.85,买入,,
300726.SZ,宏达电子,20211128,宏达电子：定增获得批复，深化横向拓展战略打造新增长点,点评,一般报告,中信建投,黎韬扬,2022Q4,296400.0,,,112400.0,2.8,30.0,,,,买入,,
300726.SZ,宏达电子,20211128,宏达电子：定增获得批复，深化横向拓展战略打造新增长点,点评,一般报告,中信建投,黎韬扬,2021Q4,212100.0,,,81500.0,2.03,40.8,,,,买入,,
600570.SH,恒生电子,20211128,恒生电子：拟收购Summit业务，补充资金市场产品线——公司信息更新报告,点评,一般报告,开源证券,"陈宝健,闫宁",2022Q4,622000.0,,210700.0,195700.0,1.34,42.7,,24.8,35.6,买入,,
600570.SH,恒生电子,20211128,恒生电子：拟收购Summit业务，补充资金市场产品线——公司信息更新报告,点评,一般报告,开源证券,"陈宝健,闫宁",2021Q4,517500.0,,167600.0,158300.0,1.08,52.8,,24.2,44.0,买入,,
600570.SH,恒生电子,20211128,恒生电子：资金领域再次掘金，商业模式优异，竞争优势凸显,点评,一般报告,天风证券,"缪欣君,王倩雯",2023Q4,862207.0,,238885.0,220442.0,1.51,37.89,,22.86,27.75,买入,,
601888.SH,中国中免,20211128,中国中免：H股招股书更新分析：免税有税齐头并进，海南经营面积将大幅扩充,深度,一般报告,中信建投,"刘乐文,陈如练",2023Q4,11581000.0,,2952000.0,1867100.0,9.56,28.1,,30.1,,增持,,300.0
601888.SH,中国中免,20211128,中国中免：H股招股书更新分析：免税有税齐头并进，海南经营面积将大幅扩充,深度,一般报告,中信建投,"刘乐文,陈如练",2022Q4,8953700.0,,2154500.0,1409200.0,7.22,37.2,,30.6,,增持,,300.0
601888.SH,中国中免,20211128,中国中免：H股招股书更新分析：免税有税齐头并进，海南经营面积将大幅扩充,深度,一般报告,中信建投,"刘乐文,陈如练",2021Q4,7033300.0,,1811000.0,1093200.0,5.6,47.9,,35.3,,增持,,300.0
300012.SZ,华测检测,20211127,行业新时期到来，扩张与运营并重——检测行业深度报告,非个股,一般报告,国元证券,"杜旷舟,满在朋,王舒磊",2023Q4,647123.0,,,104770.0,0.63,,,16.51,,买入,,
300887.SZ,谱尼测试,20211127,行业新时期到来，扩张与运营并重——检测行业深度报告,非个股,一般报告,国元证券,"杜旷舟,满在朋,王舒磊",2023Q4,311638.0,,,36628.0,2.68,,,14.59,,买入,,
603060.SH,国检集团,20211127,行业新时期到来，扩张与运营并重——检测行业深度报告,非个股,一般报告,国元证券,"杜旷舟,满在朋,王舒磊",2022Q4,232300.0,,,34968.0,0.58,,,18.86,,买入,,
603060.SH,国检集团,20211127,行业新时期到来，扩张与运营并重——检测行业深度报告,非个股,一般报告,国元证券,"杜旷舟,满在朋,王舒磊",2023Q4,283895.0,,,46755.0,0.77,,,21.1,,买入,,
603060.SH,国检集团,20211127,行业新时期到来，扩张与运营并重——检测行业深度报告,非个股,一般报告,国元证券,"杜旷舟,满在朋,王舒磊",2021Q4,189344.0,,,27997.0,0.46,,,17.68,,买入,,
300012.SZ,华测检测,20211127,行业新时期到来，扩张与运营并重——检测行业深度报告,非个股,一般报告,国元证券,"杜旷舟,满在朋,王舒磊",2022Q4,545487.0,,,90820.0,0.54,,,16.96,,买入,,
300012.SZ,华测检测,20211127,行业新时期到来，扩张与运营并重——检测行业深度报告,非个股,一般报告,国元证券,"杜旷舟,满在朋,王舒磊",2021Q4,444569.0,,,74808.0,0.45,,,16.61,,买入,,
300887.SZ,谱尼测试,20211127,行业新时期到来，扩张与运营并重——检测行业深度报告,非个股,一般报告,国元证券,"杜旷舟,满在朋,王舒磊",2022Q4,247603.0,,,28148.0,2.06,,,12.73,,买入,,
300887.SZ,谱尼测试,20211127,行业新时期到来，扩张与运营并重——检测行业深度报告,非个股,一般报告,国元证券,"杜旷舟,满在朋,王舒磊",2021Q4,190698.0,,,21636.0,1.58,,,10.82,,买入,,
300416.SZ,苏试试验,20211127,行业新时期到来，扩张与运营并重——检测行业深度报告,非个股,一般报告,国元证券,"杜旷舟,满在朋,王舒磊",2023Q4,246255.0,,,31584.0,1.19,,,19.46,,买入,,
300416.SZ,苏试试验,20211127,行业新时期到来，扩张与运营并重——检测行业深度报告,非个股,一般报告,国元证券,"杜旷舟,满在朋,王舒磊",2022Q4,193934.0,,,23881.0,0.9,,,17.84,,买入,,
300416.SZ,苏试试验,20211127,行业新时期到来，扩张与运营并重——检测行业深度报告,非个股,一般报告,国元证券,"杜旷舟,满在朋,王舒磊",2021Q4,151733.0,,,17954.0,0.68,,,15.84,,买入,,
002967.SZ,广电计量,20211127,行业新时期到来，扩张与运营并重——检测行业深度报告,非个股,一般报告,国元证券,"杜旷舟,满在朋,王舒磊",2023Q4,408047.0,,,54023.0,0.94,,,12.34,,买入,,
002967.SZ,广电计量,20211127,行业新时期到来，扩张与运营并重——检测行业深度报告,非个股,一般报告,国元证券,"杜旷舟,满在朋,王舒磊",2022Q4,308619.0,,,38338.0,0.67,,,9.99,,买入,,
002967.SZ,广电计量,20211127,行业新时期到来，扩张与运营并重——检测行业深度报告,非个股,一般报告,国元证券,"杜旷舟,满在朋,王舒磊",2021Q4,233964.0,,,25143.0,0.44,,,7.27,,买入,,
300447.SZ,全信股份,20211127,宏观环境给予良好支撑，轮动行情下注重均衡配置——2021年12月份投资组合报告,非个股,一般报告,银河证券,"李良,胡浩淼",2023Q4,154000.0,,,32800.779,1.05,,,,,推荐,,
300447.SZ,全信股份,20211127,宏观环境给予良好支撑，轮动行情下注重均衡配置——2021年12月份投资组合报告,非个股,一般报告,银河证券,"李良,胡浩淼",2022Q4,119100.0,,,24053.905,0.77,,,,,推荐,,
300447.SZ,全信股份,20211127,宏观环境给予良好支撑，轮动行情下注重均衡配置——2021年12月份投资组合报告,非个股,一般报告,银河证券,"李良,胡浩淼",2021Q4,90200.0,,,16556.584,0.53,,,,,推荐,,
688257.SH,新锐股份,20211127,宏观环境给予良好支撑，轮动行情下注重均衡配置——2021年12月份投资组合报告,非个股,一般报告,银河证券,无,2022Q4,,,,22921.6,2.47,,,,,无,,
688257.SH,新锐股份,20211127,宏观环境给予良好支撑，轮动行情下注重均衡配置——2021年12月份投资组合报告,非个股,一般报告,银河证券,无,2021Q4,,,,15126.4,1.63,,,,,无,,
688088.SH,虹软科技,20211127,宏观环境给予良好支撑，轮动行情下注重均衡配置——2021年12月份投资组合报告,非个股,一般报告,银河证券,吴砚靖,2021Q4,70658.0,,,22694.0,0.56,,,,,推荐,,
300124.SZ,汇川技术,20211127,宏观环境给予良好支撑，轮动行情下注重均衡配置——2021年12月份投资组合报告,非个股,一般报告,银河证券,无,2022Q4,,,,430152.82,1.64,,,,,无,,
300124.SZ,汇川技术,20211127,宏观环境给予良好支撑，轮动行情下注重均衡配置——2021年12月份投资组合报告,非个股,一般报告,银河证券,无,2021Q4,,,,322614.615,1.23,,,,,无,,
000333.SZ,美的集团,20211127,宏观环境给予良好支撑，轮动行情下注重均衡配置——2021年12月份投资组合报告,非个股,一般报告,银河证券,无,2022Q4,,,,3316121.571,4.75,,,,,无,,
603588.SH,高能环境,20211127,宏观环境给予良好支撑，轮动行情下注重均衡配置——2021年12月份投资组合报告,非个股,一般报告,银河证券,无,2023Q4,1077300.0,,,121097.711,1.14,,,,,推荐,,
603588.SH,高能环境,20211127,宏观环境给予良好支撑，轮动行情下注重均衡配置——2021年12月份投资组合报告,非个股,一般报告,银河证券,无,2022Q4,910000.0,,,96665.717,0.91,,,,,推荐,,
603588.SH,高能环境,20211127,宏观环境给予良好支撑，轮动行情下注重均衡配置——2021年12月份投资组合报告,非个股,一般报告,银河证券,无,2021Q4,779400.0,,,74358.244,0.7,,,,,推荐,,
688088.SH,虹软科技,20211127,宏观环境给予良好支撑，轮动行情下注重均衡配置——2021年12月份投资组合报告,非个股,一般报告,银河证券,吴砚靖,2023Q4,126120.0,,,39100.0,0.96,,,,,推荐,,
688088.SH,虹软科技,20211127,宏观环境给予良好支撑，轮动行情下注重均衡配置——2021年12月份投资组合报告,非个股,一般报告,银河证券,吴砚靖,2022Q4,94109.0,,,29730.0,0.73,,,,,推荐,,
002791.SZ,坚朗五金,20211127,宏观环境给予良好支撑，轮动行情下注重均衡配置——2021年12月份投资组合报告,非个股,一般报告,银河证券,王婷,2023Q4,1486400.0,,,218100.0,6.78,,,,,推荐,,
002791.SZ,坚朗五金,20211127,宏观环境给予良好支撑，轮动行情下注重均衡配置——2021年12月份投资组合报告,非个股,一般报告,银河证券,王婷,2022Q4,1154400.0,,,161500.0,5.02,,,,,推荐,,
002791.SZ,坚朗五金,20211127,宏观环境给予良好支撑，轮动行情下注重均衡配置——2021年12月份投资组合报告,非个股,一般报告,银河证券,王婷,2021Q4,888100.0,,,115400.0,3.59,,,,,推荐,,
600036.SH,招商银行,20211127,宏观环境给予良好支撑，轮动行情下注重均衡配置——2021年12月份投资组合报告,非个股,一般报告,银河证券,张一纬,2022Q4,34506500.0,,,12703700.0,5.04,,,,,推荐,,
600036.SH,招商银行,20211127,宏观环境给予良好支撑，轮动行情下注重均衡配置——2021年12月份投资组合报告,非个股,一般报告,银河证券,张一纬,2021Q4,31784700.0,,,11145900.0,4.42,,,,,推荐,,
000333.SZ,美的集团,20211127,宏观环境给予良好支撑，轮动行情下注重均衡配置——2021年12月份投资组合报告,非个股,一般报告,银河证券,无,2021Q4,,,,2932149.6,4.2,,,,,无,,
601088.SH,中国神华,20211127,宏观环境给予良好支撑，轮动行情下注重均衡配置——2021年12月份投资组合报告,非个股,一般报告,银河证券,无,2021Q4,,,,5265157.788,2.65,,,,,无,,
601088.SH,中国神华,20211127,宏观环境给予良好支撑，轮动行情下注重均衡配置——2021年12月份投资组合报告,非个股,一般报告,银河证券,无,2022Q4,,,,5523448.547,2.78,,,,,无,,
600976.SH,健民集团,20211127,宏观环境给予良好支撑，轮动行情下注重均衡配置——2021年12月份投资组合报告,非个股,一般报告,银河证券,孟令伟,2023Q4,435700.0,,,50300.0,3.28,,,,,推荐,,
600976.SH,健民集团,20211127,宏观环境给予良好支撑，轮动行情下注重均衡配置——2021年12月份投资组合报告,非个股,一般报告,银河证券,孟令伟,2022Q4,390700.0,,,39000.0,2.55,,,,,推荐,,
600976.SH,健民集团,20211127,宏观环境给予良好支撑，轮动行情下注重均衡配置——2021年12月份投资组合报告,非个股,一般报告,银河证券,孟令伟,2021Q4,336400.0,,,29400.0,1.91,,,,,推荐,,
600745.SH,闻泰科技,20211127,宏观环境给予良好支撑，轮动行情下注重均衡配置——2021年12月份投资组合报告,非个股,一般报告,银河证券,无,2022Q4,,,,466916.461,3.75,,,,,无,,
600745.SH,闻泰科技,20211127,宏观环境给予良好支撑，轮动行情下注重均衡配置——2021年12月份投资组合报告,非个股,一般报告,银河证券,无,2021Q4,,,,317503.194,2.55,,,,,无,,
688212.SH,澳华内镜,20211127,医药行业周报（11.22－11.26）：第六批集采落地，重点关注新冠变异株,非个股,一般报告,西南证券,杜向阳,2021Q4,,,,6100.0,0.46,,,,,无,,
688212.SH,澳华内镜,20211127,医药行业周报（11.22－11.26）：第六批集采落地，重点关注新冠变异株,非个股,一般报告,西南证券,杜向阳,2023Q4,,,,10100.0,0.76,,,,,无,,
688212.SH,澳华内镜,20211127,医药行业周报（11.22－11.26）：第六批集采落地，重点关注新冠变异株,非个股,一般报告,西南证券,杜向阳,2022Q4,,,,6200.0,0.46,,,,,无,,
603501.SH,韦尔股份,20211127,电子行业周报：面板估值初具吸引力，关注修复机会,非个股,一般报告,西南证券,"王谋,徐一丹",2022Q4,,,,620540.604,7.14,,,,,买入,,
603501.SH,韦尔股份,20211127,电子行业周报：面板估值初具吸引力，关注修复机会,非个股,一般报告,西南证券,"王谋,徐一丹",2021Q4,,,,485829.409,5.59,,,,,买入,,
603882.SH,金域医学,20211127,医药生物：医保支付改革进入快车道，精细化控费带来外流及替代机会,非个股,一般报告,中泰证券,"祝嘉琦,谢木青,孙宇瑶,于佳喜",2022Q4,,,,189759.139,4.09,,,,,买入,,
603882.SH,金域医学,20211127,医药生物：医保支付改革进入快车道，精细化控费带来外流及替代机会,非个股,一般报告,中泰证券,"祝嘉琦,谢木青,孙宇瑶,于佳喜",2021Q4,,,,211101.243,4.55,,,,,买入,,
688396.SH,华润微,20211127,电子行业周报：面板估值初具吸引力，关注修复机会,非个股,一般报告,西南证券,"王谋,徐一丹",2022Q4,,,,256097.821,1.94,,,,,买入,,
603583.SH,捷昌驱动,20211127,光伏巨头将逐步招标HJT设备；聚焦光伏／锂电／风电设备龙头──机械行业周报（2021年11月第4周）,非个股,一般报告,浙商证券,"王华君,潘贻立,李锋,张杨,李思扬,林子尧,何家恺",2022Q4,,,,58815.04,1.54,,,,,无,,
603583.SH,捷昌驱动,20211127,光伏巨头将逐步招标HJT设备；聚焦光伏／锂电／风电设备龙头──机械行业周报（2021年11月第4周）,非个股,一般报告,浙商证券,"王华君,潘贻立,李锋,张杨,李思扬,林子尧,何家恺",2021Q4,,,,37809.669,0.99,,,,,无,,
300751.SZ,迈为股份,20211127,光伏巨头将逐步招标HJT设备；聚焦光伏／锂电／风电设备龙头──机械行业周报（2021年11月第4周）,非个股,一般报告,浙商证券,"王华君,潘贻立,李锋,张杨,李思扬,林子尧,何家恺",2022Q4,,,,88171.868,8.53,,,,,买入,,
002698.SZ,博实股份,20211127,光伏巨头将逐步招标HJT设备；聚焦光伏／锂电／风电设备龙头──机械行业周报（2021年11月第4周）,非个股,一般报告,浙商证券,"王华君,潘贻立,李锋,张杨,李思扬,林子尧,何家恺",2022Q4,,,,56240.25,0.55,,,,,无,,
603882.SH,金域医学,20211127,医药生物：医保支付改革进入快车道，精细化控费带来外流及替代机会,非个股,一般报告,中泰证券,"祝嘉琦,谢木青,孙宇瑶,于佳喜",2023Q4,,,,194398.727,4.19,,,,,买入,,
688396.SH,华润微,20211127,电子行业周报：面板估值初具吸引力，关注修复机会,非个股,一般报告,西南证券,"王谋,徐一丹",2021Q4,,,,231016.076,1.75,,,,,买入,,
002698.SZ,博实股份,20211127,光伏巨头将逐步招标HJT设备；聚焦光伏／锂电／风电设备龙头──机械行业周报（2021年11月第4周）,非个股,一般报告,浙商证券,"王华君,潘贻立,李锋,张杨,李思扬,林子尧,何家恺",2021Q4,,,,50104.95,0.49,,,,,无,,
603185.SH,上机数控,20211127,光伏巨头将逐步招标HJT设备；聚焦光伏／锂电／风电设备龙头──机械行业周报（2021年11月第4周）,非个股,一般报告,浙商证券,"王华君,潘贻立,李锋,张杨,李思扬,林子尧,何家恺",2021Q4,,,,200089.269,7.27,,,,,买入,,
688155.SH,先惠技术,20211127,先惠技术：受经营节奏影响三季度不及预期，在手订单充足静待产能释放,点评,一般报告,中银国际,"杨绍辉,陶波",2022Q4,231400.0,,31500.0,28700.0,3.795,33.1,0.6,21.5,27.7,买入,,
688155.SH,先惠技术,20211127,先惠技术：受经营节奏影响三季度不及预期，在手订单充足静待产能释放,点评,一般报告,中银国际,"杨绍辉,陶波",2021Q4,134000.0,,19100.0,17400.0,2.296,54.7,0.4,15.1,40.3,买入,,
300751.SZ,迈为股份,20211127,光伏巨头将逐步招标HJT设备；聚焦光伏／锂电／风电设备龙头──机械行业周报（2021年11月第4周）,非个股,一般报告,浙商证券,"王华君,潘贻立,李锋,张杨,李思扬,林子尧,何家恺",2021Q4,,,,60262.836,5.83,,,,,买入,,
603185.SH,上机数控,20211127,光伏巨头将逐步招标HJT设备；聚焦光伏／锂电／风电设备龙头──机械行业周报（2021年11月第4周）,非个股,一般报告,浙商证券,"王华君,潘贻立,李锋,张杨,李思扬,林子尧,何家恺",2022Q4,,,,385866.788,14.02,,,,,买入,,
688155.SH,先惠技术,20211127,先惠技术：受经营节奏影响三季度不及预期，在手订单充足静待产能释放,点评,一般报告,中银国际,"杨绍辉,陶波",2023Q4,317600.0,,42400.0,38600.0,5.109,24.6,0.8,24.1,20.4,买入,,
002915.SZ,中欣氟材,20211127,中欣氟材：一体化氟精细化工龙头，新材料开启第二增长曲线,深度,首次关注,财通证券,路辛之,2023Q4,234500.0,68000.0,48600.0,38900.0,1.664,16.18,0.0,20.91,11.55,买入,,38.1
002915.SZ,中欣氟材,20211127,中欣氟材：一体化氟精细化工龙头，新材料开启第二增长曲线,深度,首次关注,财通证券,路辛之,2021Q4,162500.0,37300.0,22900.0,18300.0,0.783,34.36,0.0,15.34,22.99,买入,,38.1
002915.SZ,中欣氟材,20211127,中欣氟材：一体化氟精细化工龙头，新材料开启第二增长曲线,深度,首次关注,财通证券,路辛之,2022Q4,187300.0,50500.0,34700.0,27700.0,1.185,22.69,0.0,18.85,16.09,买入,,38.1
600570.SH,恒生电子,20211127,恒生电子：领军金融IT赛道，创新能力凸显,一般,首次关注,长城国瑞证券,"胡晨曦,马晨",2023Q4,794209.0,,246001.0,226690.0,1.55,,,25.39,,买入,,
600570.SH,恒生电子,20211127,恒生电子：领军金融IT赛道，创新能力凸显,一般,首次关注,长城国瑞证券,"胡晨曦,马晨",2022Q4,658319.0,,198435.0,182858.0,1.25,,,24.77,,买入,,
600570.SH,恒生电子,20211127,恒生电子：领军金融IT赛道，创新能力凸显,一般,首次关注,长城国瑞证券,"胡晨曦,马晨",2021Q4,534815.0,,162696.0,149924.0,1.03,,,24.47,,买入,,
600570.SH,恒生电子,20211127,恒生电子：收购Summit，加码银行资金管理领域,点评,一般报告,中泰证券,"闻学臣,刘一哲",2023Q4,732400.0,,239900.0,227400.0,1.56,37.0,,21.4,58.0,买入,,
600570.SH,恒生电子,20211127,恒生电子：收购Summit，加码银行资金管理领域,点评,一般报告,中泰证券,"闻学臣,刘一哲",2021Q4,521600.0,,156600.0,148500.0,1.02,56.0,,22.8,88.0,买入,,
600570.SH,恒生电子,20211127,恒生电子：收购Summit，加码银行资金管理领域,点评,一般报告,中泰证券,"闻学臣,刘一哲",2022Q4,626000.0,,194300.0,184200.0,1.26,45.0,,22.0,71.0,买入,,
603317.SH,天味食品,20211127,白酒关注跨年行情，食品等待经营改善——食品饮料行业周报20211122－20211126,非个股,一般报告,申万宏源证券,"吕昌,周缘,田荣振",2023Q4,,,,51000.0,0.676,,,,,增持,,
603317.SH,天味食品,20211127,白酒关注跨年行情，食品等待经营改善——食品饮料行业周报20211122－20211126,非个股,一般报告,申万宏源证券,"吕昌,周缘,田荣振",2022Q4,,,,40000.0,0.53,,,,,增持,,
603317.SH,天味食品,20211127,白酒关注跨年行情，食品等待经营改善——食品饮料行业周报20211122－20211126,非个股,一般报告,申万宏源证券,"吕昌,周缘,田荣振",2021Q4,,,,32000.0,0.424,,,,,增持,,
000708.SZ,中信特钢,20211127,基建需求或将回暖，预计钢价下行空间有限——钢铁行业周报（2021／11／22——2021／11／26）,非个股,一般报告,申万宏源证券,"孟祥文,施佳瑜",2023Q4,,,,989240.113,1.96,,,,,无,,
000708.SZ,中信特钢,20211127,基建需求或将回暖，预计钢价下行空间有限——钢铁行业周报（2021／11／22——2021／11／26）,非个股,一般报告,申万宏源证券,"孟祥文,施佳瑜",2022Q4,,,,918580.105,1.82,,,,,无,,
000708.SZ,中信特钢,20211127,基建需求或将回暖，预计钢价下行空间有限——钢铁行业周报（2021／11／22——2021／11／26）,非个股,一般报告,申万宏源证券,"孟祥文,施佳瑜",2021Q4,,,,832778.666,1.65,,,,,无,,
603639.SH,海利尔,20211127,海利尔：新烟碱类杀虫剂龙头，新产品拓展助推成长,深度,首次关注,国金证券,"陈屹,王明辉,杨翼荥",2023Q4,594800.0,187200.0,100100.0,87900.0,2.584,9.56,,23.56,,增持,,31.35
603639.SH,海利尔,20211127,海利尔：新烟碱类杀虫剂龙头，新产品拓展助推成长,深度,首次关注,国金证券,"陈屹,王明辉,杨翼荥",2022Q4,477600.0,150800.0,80900.0,71100.0,2.09,11.82,,22.19,,增持,,31.35
603639.SH,海利尔,20211127,海利尔：新烟碱类杀虫剂龙头，新产品拓展助推成长,深度,首次关注,国金证券,"陈屹,王明辉,杨翼荥",2021Q4,358100.0,107300.0,54500.0,47800.0,1.407,17.55,,17.24,,增持,,31.35
301078.SZ,孩子王,20211127,孩子王：数据驱动，大店模式引流助力服务增长,深度,首次关注,华安证券,王洪岩,2022Q4,1217530.0,,66600.0,54100.0,0.5,39.33,,17.1,25.91,买入,,
301078.SZ,孩子王,20211127,孩子王：数据驱动，大店模式引流助力服务增长,深度,首次关注,华安证券,王洪岩,2023Q4,1541920.0,,86500.0,70200.0,0.65,30.31,,18.2,19.46,买入,,
600570.SH,恒生电子,20211127,恒生电子：坚定“引进来”战略，收购Summit补齐银行资金管理系统产品线,点评,一般报告,招商证券,"刘玉萍,孟林",2023Q4,818600.0,,197200.0,177400.0,1.21,47.1,,22.2,44.5,强烈推荐,,
600570.SH,恒生电子,20211127,恒生电子：坚定“引进来”战略，收购Summit补齐银行资金管理系统产品线,点评,一般报告,招商证券,"刘玉萍,孟林",2022Q4,680400.0,,172100.0,155000.0,1.06,53.9,,23.2,50.5,强烈推荐,,
002648.SZ,卫星化学,20211127,卫星化学：碳中和背景下，轻烃化工龙头更具α,一般,首次评级,东方证券,"倪吉,袁帅",2022Q4,3959620.0,,988400.0,859000.0,5.0,7.6,,36.6,5.7,买入,,59.94
002648.SZ,卫星化学,20211127,卫星化学：碳中和背景下，轻烃化工龙头更具α,一般,首次评级,东方证券,"倪吉,袁帅",2021Q4,3001310.0,,700300.0,608600.0,3.54,10.7,,36.7,8.2,买入,,59.94
300757.SZ,罗博特科,20211127,罗博特科深度报告：高端自动化设备龙头，受益光伏、半导体领域双轮驱动,深度,首次关注,浙商证券,"邱世梁,王华君,林子尧",2023Q4,198813.0,,18300.0,15500.0,1.406,39.46,,16.09,27.6,买入,,
300757.SZ,罗博特科,20211127,罗博特科深度报告：高端自动化设备龙头，受益光伏、半导体领域双轮驱动,深度,首次关注,浙商证券,"邱世梁,王华君,林子尧",2022Q4,151515.0,,13600.0,11700.0,1.061,52.1,,14.2,36.06,买入,,
300757.SZ,罗博特科,20211127,罗博特科深度报告：高端自动化设备龙头，受益光伏、半导体领域双轮驱动,深度,首次关注,浙商证券,"邱世梁,王华君,林子尧",2021Q4,103860.0,,8400.0,7300.0,0.662,84.25,,9.93,52.6,买入,,
301078.SZ,孩子王,20211127,孩子王：数据驱动，大店模式引流助力服务增长,深度,首次关注,华安证券,王洪岩,2021Q4,971980.0,,52200.0,42400.0,0.39,50.2,,16.2,33.77,买入,,
600570.SH,恒生电子,20211127,恒生电子：坚定“引进来”战略，收购Summit补齐银行资金管理系统产品线,点评,一般报告,招商证券,"刘玉萍,孟林",2021Q4,540300.0,,152800.0,137700.0,0.94,60.7,,24.8,56.3,强烈推荐,,
002648.SZ,卫星化学,20211127,卫星化学：碳中和背景下，轻烃化工龙头更具α,一般,首次评级,东方证券,"倪吉,袁帅",2023Q4,4990180.0,,1259400.0,1094500.0,6.36,6.0,,33.7,4.4,买入,,59.94
002180.SZ,纳思达,20211127,纳思达：国产打印龙头，芯片第二主业进入快车道,深度,一般报告,安信证券,马良,2023Q4,3524510.0,,448580.0,285970.0,2.28,18.7,0.7,19.6,8.3,买入,,49.0
002180.SZ,纳思达,20211127,纳思达：国产打印龙头，芯片第二主业进入快车道,深度,一般报告,安信证券,马良,2022Q4,2961770.0,,317650.0,202500.0,1.61,26.4,0.5,16.7,11.5,买入,,49.0
603995.SH,甬金股份,20211127,甬金股份更新报告：冷轧不锈钢龙头，产能扩张持续加码,点评,一般报告,国泰君安,"李鹏飞,魏雨迪,王宏玉",2023Q4,5495400.0,,,111600.0,4.79,10.86,1.7,21.7,5.41,增持,,64.5
600570.SH,恒生电子,20211127,恒生电子：收购Summit业务，金融科技国际化再下一城,点评,一般报告,中金,"陈星宇,于钟海,魏鹳霏",2022Q4,652100.0,,206600.0,186200.0,1.27,44.9,0.4,27.0,38.7,跑赢行业,,76.0
600570.SH,恒生电子,20211127,恒生电子：收购Summit业务，金融科技国际化再下一城,点评,一般报告,中金,"陈星宇,于钟海,魏鹳霏",2021Q4,533800.0,,177100.0,160300.0,1.1,52.1,0.2,30.2,45.5,跑赢行业,,76.0
601868.SH,中国能建,20211127,中国能建：进军氢能，备战储能，转型数字化，运营发力——十四五再造新能建,点评,一般报告,中信建投,"竺劲,刘瑞宇",2023Q4,40191400.0,,,1124300.0,0.27,7.9,,,,买入,,2.51
601231.SH,环旭电子,20211127,环旭电子：投资氮化镓公司，增强汽车电子竞争力,点评,一般报告,东方证券,"蒯剑,马天翼,唐权喜,李庭旭,韩潇锐",2022Q4,6453500.0,,290500.0,255100.0,1.15,17.1,,17.2,11.1,买入,,21.96
601231.SH,环旭电子,20211127,环旭电子：投资氮化镓公司，增强汽车电子竞争力,点评,一般报告,东方证券,"蒯剑,马天翼,唐权喜,李庭旭,韩潇锐",2021Q4,5532800.0,,220900.0,194100.0,0.88,22.5,,15.0,14.3,买入,,21.96
600867.SH,通化东宝,20211127,通化东宝：胰岛素全系列产品中标，市场份额有望继续提升,点评,一般报告,中金,"朱言音,邹朋",2021Q4,328700.0,,148200.0,131900.0,0.65,18.3,2.5,22.0,16.7,跑赢行业,,14.86
300638.SZ,广和通,20211127,广和通重大事项点评：收购锐凌无线过渡顺利，公司有望在车载市场实现弯道超车,点评,一般报告,华创证券,"韩东,李娜",2023Q4,705000.0,,83600.0,79100.0,1.91,30.0,,24.4,21.0,推荐,,68.4
300638.SZ,广和通,20211127,广和通重大事项点评：收购锐凌无线过渡顺利，公司有望在车载市场实现弯道超车,点评,一般报告,华创证券,"韩东,李娜",2022Q4,588000.0,,66300.0,62700.0,1.52,37.0,,24.0,26.0,推荐,,68.4
300638.SZ,广和通,20211127,广和通重大事项点评：收购锐凌无线过渡顺利，公司有望在车载市场实现弯道超车,点评,一般报告,华创证券,"韩东,李娜",2021Q4,420300.0,,47700.0,45100.0,1.09,52.0,,21.4,36.0,推荐,,68.4
002180.SZ,纳思达,20211127,纳思达：国产打印龙头，芯片第二主业进入快车道,深度,一般报告,安信证券,马良,2021Q4,2575450.0,,233860.0,149090.0,1.19,35.9,0.4,15.2,13.7,买入,,49.0
603995.SH,甬金股份,20211127,甬金股份更新报告：冷轧不锈钢龙头，产能扩张持续加码,点评,一般报告,国泰君安,"李鹏飞,魏雨迪,王宏玉",2022Q4,3963600.0,,,85800.0,3.68,14.13,1.6,20.3,7.35,增持,,64.5
603995.SH,甬金股份,20211127,甬金股份更新报告：冷轧不锈钢龙头，产能扩张持续加码,点评,一般报告,国泰君安,"李鹏飞,魏雨迪,王宏玉",2021Q4,3009200.0,,,60200.0,2.58,20.14,1.5,16.9,10.57,增持,,64.5
601868.SH,中国能建,20211127,中国能建：进军氢能，备战储能，转型数字化，运营发力——十四五再造新能建,点评,一般报告,中信建投,"竺劲,刘瑞宇",2022Q4,34479000.0,,,935100.0,0.22,9.5,,,,买入,,2.51
601868.SH,中国能建,20211127,中国能建：进军氢能，备战储能，转型数字化，运营发力——十四五再造新能建,点评,一般报告,中信建投,"竺劲,刘瑞宇",2021Q4,29835600.0,,,784000.0,0.19,11.33,,,,买入,,2.51
601231.SH,环旭电子,20211127,环旭电子：投资氮化镓公司，增强汽车电子竞争力,点评,一般报告,东方证券,"蒯剑,马天翼,唐权喜,李庭旭,韩潇锐",2023Q4,7203400.0,,363000.0,318900.0,1.44,13.7,,18.7,9.2,买入,,21.96
600867.SH,通化东宝,20211127,通化东宝：胰岛素全系列产品中标，市场份额有望继续提升,点评,一般报告,中金,"朱言音,邹朋",2022Q4,364900.0,,156200.0,131400.0,0.65,18.4,2.5,19.3,15.6,跑赢行业,,14.86
002867.SZ,周大生,20211126,周大生首次覆盖：审时度势，持续进化,深度,首次评级,中泰证券,皇甫晓晗,2023Q4,3091900.0,381400.0,256400.0,196600.0,1.79,10.0,,24.1,17.8,买入,,
002867.SZ,周大生,20211126,周大生首次覆盖：审时度势，持续进化,深度,首次评级,中泰证券,皇甫晓晗,2022Q4,2518000.0,318200.0,218700.0,167700.0,1.53,11.7,,24.4,21.0,买入,,
002867.SZ,周大生,20211126,周大生首次覆盖：审时度势，持续进化,深度,首次评级,中泰证券,皇甫晓晗,2021Q4,1164900.0,266000.0,177700.0,136400.0,1.24,14.4,,23.4,25.7,买入,,
600703.SH,三安光电,20211126,国泰君安2022年资本市场年会：汽车与XR，下一个十年,非个股,一般报告,国泰君安,"王聪,苏凌瑶,舒迪,刘堃,邓佳,文紫妍,郭航",2022Q4,,,,237405.089,0.53,,,,,增持,,
688981.SH,中芯国际,20211126,国泰君安2022年资本市场年会：汽车与XR，下一个十年,非个股,一般报告,国泰君安,"王聪,苏凌瑶,舒迪,刘堃,邓佳,文紫妍,郭航",2023Q4,,,,1082783.487,1.37,,,,,增持,,
688981.SH,中芯国际,20211126,国泰君安2022年资本市场年会：汽车与XR，下一个十年,非个股,一般报告,国泰君安,"王聪,苏凌瑶,舒迪,刘堃,邓佳,文紫妍,郭航",2022Q4,,,,948423.492,1.2,,,,,增持,,
688981.SH,中芯国际,20211126,国泰君安2022年资本市场年会：汽车与XR，下一个十年,非个股,一般报告,国泰君安,"王聪,苏凌瑶,舒迪,刘堃,邓佳,文紫妍,郭航",2021Q4,,,,853581.143,1.08,,,,,增持,,
600584.SH,长电科技,20211126,国泰君安2022年资本市场年会：汽车与XR，下一个十年,非个股,一般报告,国泰君安,"王聪,苏凌瑶,舒迪,刘堃,邓佳,文紫妍,郭航",2022Q4,,,,302524.01,1.7,,,,,增持,,
600703.SH,三安光电,20211126,国泰君安2022年资本市场年会：汽车与XR，下一个十年,非个股,一般报告,国泰君安,"王聪,苏凌瑶,舒迪,刘堃,邓佳,文紫妍,郭航",2023Q4,,,,286677.844,0.64,,,,,增持,,
600703.SH,三安光电,20211126,国泰君安2022年资本市场年会：汽车与XR，下一个十年,非个股,一般报告,国泰君安,"王聪,苏凌瑶,舒迪,刘堃,邓佳,文紫妍,郭航",2021Q4,,,,188132.335,0.42,,,,,增持,,
600584.SH,长电科技,20211126,国泰君安2022年资本市场年会：汽车与XR，下一个十年,非个股,一般报告,国泰君安,"王聪,苏凌瑶,舒迪,刘堃,邓佳,文紫妍,郭航",2023Q4,,,,347012.835,1.95,,,,,增持,,
600584.SH,长电科技,20211126,国泰君安2022年资本市场年会：汽车与XR，下一个十年,非个股,一般报告,国泰君安,"王聪,苏凌瑶,舒迪,刘堃,邓佳,文紫妍,郭航",2021Q4,,,,274051.162,1.54,,,,,增持,,
300223.SZ,北京君正,20211126,科技行业2021年12月金股推荐,非个股,一般报告,长江证券,"聂宇霄,于海宁,莫文宇,宗建树",2021Q4,,,,89800.0,1.87,,,,,无,,
300223.SZ,北京君正,20211126,科技行业2021年12月金股推荐,非个股,一般报告,长江证券,"聂宇霄,于海宁,莫文宇,宗建树",2023Q4,,,,174100.0,3.61,,,,,无,,
300223.SZ,北京君正,20211126,科技行业2021年12月金股推荐,非个股,一般报告,长江证券,"聂宇霄,于海宁,莫文宇,宗建树",2022Q4,,,,133600.0,2.77,,,,,无,,
002597.SZ,金禾实业,20211126,长江大宗：2021年12月金股推荐,非个股,一般报告,长江证券,无,2022Q4,,,,167100.0,2.979,,,,,无,,
002597.SZ,金禾实业,20211126,长江大宗：2021年12月金股推荐,非个股,一般报告,长江证券,无,2021Q4,,,,99900.0,1.781,,,,,无,,
002791.SZ,坚朗五金,20211126,长江大宗：2021年12月金股推荐,非个股,一般报告,长江证券,无,2021Q4,879000.0,,,113000.0,3.514,,,,,无,,
300331.SZ,苏大维格,20211126,苏大维格：纳米压印光刻龙头，多维业务齐头并进,点评,首次关注,太平洋证券,杨钟,2023Q4,353200.0,,48200.0,41700.0,1.61,20.84,,,11.55,买入,,46.19
300331.SZ,苏大维格,20211126,苏大维格：纳米压印光刻龙头，多维业务齐头并进,点评,首次关注,太平洋证券,杨钟,2022Q4,252100.0,,25000.0,21900.0,0.84,39.69,,,18.65,买入,,46.19
300331.SZ,苏大维格,20211126,苏大维格：纳米压印光刻龙头，多维业务齐头并进,点评,首次关注,太平洋证券,杨钟,2021Q4,186000.0,,9500.0,8600.0,0.33,100.98,,,30.3,买入,,46.19
002791.SZ,坚朗五金,20211126,长江大宗：2021年12月金股推荐,非个股,一般报告,长江证券,无,2023Q4,1494000.0,,,200000.0,6.22,,,,,无,,
002791.SZ,坚朗五金,20211126,长江大宗：2021年12月金股推荐,非个股,一般报告,长江证券,无,2022Q4,1148000.0,,,149000.0,4.634,,,,,无,,
002032.SZ,苏泊尔,20211126,十二月观点及金股推荐,非个股,一般报告,招商证券,陈东飞,2023Q4,,,,250000.0,3.091,,,,,强烈推荐,,
002032.SZ,苏泊尔,20211126,十二月观点及金股推荐,非个股,一般报告,招商证券,陈东飞,2022Q4,,,,230000.0,2.84,,,,,强烈推荐,,
002032.SZ,苏泊尔,20211126,十二月观点及金股推荐,非个股,一般报告,招商证券,陈东飞,2021Q4,,,,200000.0,2.48,,,,,强烈推荐,,
000002.SZ,万科Ａ,20211126,十二月观点及金股推荐,非个股,一般报告,招商证券,赵可,2022Q4,,,,3975881.114,3.42,,,,,无,,
000002.SZ,万科Ａ,20211126,十二月观点及金股推荐,非个股,一般报告,招商证券,赵可,2021Q4,,,,3708497.297,3.19,,,,,无,,
603277.SH,银都股份,20211126,机械行业双周报（11月第2期）：持续聚焦高景气赛道,非个股,一般报告,国信证券,"吴双,田丰",2022Q4,,,,54400.0,1.295,,,,,无,,
603277.SH,银都股份,20211126,机械行业双周报（11月第2期）：持续聚焦高景气赛道,非个股,一般报告,国信证券,"吴双,田丰",2021Q4,,,,44200.0,1.052,,,,,无,,
601888.SH,中国中免,20211126,十二月观点及金股推荐,非个股,一般报告,招商证券,丁浙川,2023Q4,,,,1850000.0,9.475,,,,,强烈推荐,,
601888.SH,中国中免,20211126,十二月观点及金股推荐,非个股,一般报告,招商证券,丁浙川,2022Q4,,,,1400000.0,7.18,,,,,强烈推荐,,
601888.SH,中国中免,20211126,十二月观点及金股推荐,非个股,一般报告,招商证券,丁浙川,2021Q4,,,,1070000.0,5.5,,,,,强烈推荐,,
300531.SZ,优博讯,20211126,鸿蒙初辟，开启第三代操作系统的大时代——OpenHarmony开源鸿蒙深度报告,非个股,一般报告,光大证券,"吴春旸,万义麟",2022Q4,197768.0,,,26090.0,0.79,,,12.98,,买入,,
300531.SZ,优博讯,20211126,鸿蒙初辟，开启第三代操作系统的大时代——OpenHarmony开源鸿蒙深度报告,非个股,一般报告,光大证券,"吴春旸,万义麟",2021Q4,142028.0,,,18407.0,0.56,,,10.43,,买入,,
300531.SZ,优博讯,20211126,鸿蒙初辟，开启第三代操作系统的大时代——OpenHarmony开源鸿蒙深度报告,非个股,一般报告,光大证券,"吴春旸,万义麟",2023Q4,266314.0,,,35360.0,1.07,,,15.11,,买入,,
688190.SH,云路股份,20211126,云路股份：低碳新材料需求加速，先进软磁龙头远航,深度,首次关注,中泰证券,"苏晨,张哲源,谢鸿鹤",2022Q4,141590.0,,21000.0,18581.0,1.55,,0.0,21.19,74.3,增持,,
688190.SH,云路股份,20211126,云路股份：低碳新材料需求加速，先进软磁龙头远航,深度,首次关注,中泰证券,"苏晨,张哲源,谢鸿鹤",2021Q4,92695.0,,13700.0,12120.0,1.01,,0.0,17.54,109.0,增持,,
000799.SZ,酒鬼酒,20211126,酒鬼酒公司深度报告：馥郁香万里传，高端化迈全国,深度,一般报告,信达证券,马铮,2022Q4,466200.0,,194000.0,145500.0,4.48,49.06,,32.4,34.87,买入,,
000799.SZ,酒鬼酒,20211126,酒鬼酒公司深度报告：馥郁香万里传，高端化迈全国,深度,一般报告,信达证券,马铮,2021Q4,338900.0,,131700.0,98800.0,3.04,72.25,,28.4,51.95,买入,,
688598.SH,金博股份,20211126,金博股份：光伏助力景气，热场材料隐形冠军,深度,首次关注,长江证券,"范超,李金宝",2022Q4,158000.0,99600.0,71100.0,61100.0,7.64,47.02,,25.9,41.09,买入,,
601609.SH,金田铜业,20211126,金田铜业深度报告：见龙在田，铜加工龙头拥抱新增长极,深度,首次关注,浙商证券,"马金龙,刘岗,巩学鹏",2023Q4,9363500.0,395300.0,155800.0,128000.0,0.865,11.05,,14.04,8.66,买入,,13.14
601609.SH,金田铜业,20211126,金田铜业深度报告：见龙在田，铜加工龙头拥抱新增长极,深度,首次关注,浙商证券,"马金龙,刘岗,巩学鹏",2022Q4,7977700.0,316200.0,118200.0,97200.0,0.657,14.56,,12.11,10.56,买入,,13.14
002088.SZ,鲁阳节能,20211126,鲁阳节能投资价值分析报告：受益碳中和，耐火保温齐发力,深度,首次关注,中信证券,"王喆,孙明新,李超,冷威",2023Q4,436300.0,,92300.0,80800.0,1.596,10.3,,24.3,11.5,买入,,36.0
002088.SZ,鲁阳节能,20211126,鲁阳节能投资价值分析报告：受益碳中和，耐火保温齐发力,深度,首次关注,中信证券,"王喆,孙明新,李超,冷威",2021Q4,321800.0,,58400.0,51500.0,1.017,16.2,,19.9,17.3,买入,,36.0
688190.SH,云路股份,20211126,云路股份：低碳新材料需求加速，先进软磁龙头远航,深度,首次关注,中泰证券,"苏晨,张哲源,谢鸿鹤",2023Q4,210177.0,,33040.0,29237.0,2.44,,0.0,23.21,46.2,增持,,
000799.SZ,酒鬼酒,20211126,酒鬼酒公司深度报告：馥郁香万里传，高端化迈全国,深度,一般报告,信达证券,马铮,2023Q4,602000.0,,267100.0,200300.0,6.17,35.63,,33.7,24.8,买入,,
688598.SH,金博股份,20211126,金博股份：光伏助力景气，热场材料隐形冠军,深度,首次关注,长江证券,"范超,李金宝",2023Q4,209700.0,132300.0,99600.0,85700.0,10.71,33.55,,26.6,29.94,买入,,
688598.SH,金博股份,20211126,金博股份：光伏助力景气，热场材料隐形冠军,深度,首次关注,长江证券,"范超,李金宝",2021Q4,119100.0,75100.0,53500.0,46000.0,5.75,62.52,,26.2,53.91,买入,,
601609.SH,金田铜业,20211126,金田铜业深度报告：见龙在田，铜加工龙头拥抱新增长极,深度,首次关注,浙商证券,"马金龙,刘岗,巩学鹏",2021Q4,7506000.0,247900.0,87300.0,71900.0,0.49,19.68,,9.99,13.75,买入,,13.14
002088.SZ,鲁阳节能,20211126,鲁阳节能投资价值分析报告：受益碳中和，耐火保温齐发力,深度,首次关注,中信证券,"王喆,孙明新,李超,冷威",2022Q4,375600.0,,74300.0,65000.0,1.284,12.8,,22.4,13.9,买入,,36.0
000768.SZ,中航西飞,20211126,中航西飞：军民双轨驱动，中大型飞机龙头平台进入高景气阶段,一般,首次评级,天风证券,"李鲁靖,刘明洋,张明磊",2023Q4,5668052.0,,207046.0,175461.0,0.63,57.89,,9.85,24.76,买入,,
000768.SZ,中航西飞,20211126,中航西飞：军民双轨驱动，中大型飞机龙头平台进入高景气阶段,一般,首次评级,天风证券,"李鲁靖,刘明洋,张明磊",2022Q4,4534442.0,,158413.0,134247.0,0.48,75.67,,8.13,34.01,买入,,
000768.SZ,中航西飞,20211126,中航西飞：军民双轨驱动，中大型飞机龙头平台进入高景气阶段,一般,首次评级,天风证券,"李鲁靖,刘明洋,张明磊",2021Q4,3716755.0,,119374.0,101163.0,0.37,100.41,,6.53,40.93,买入,,
603908.SH,牧高笛,20211126,牧高笛：参股大热荒野，布局下游营地市场,点评,一般报告,华西证券,唐爽爽,2022Q4,124000.0,,15100.0,12400.0,1.86,19.23,,19.2,,买入,,45.0
603908.SH,牧高笛,20211126,牧高笛：参股大热荒野，布局下游营地市场,点评,一般报告,华西证券,唐爽爽,2021Q4,91500.0,,10000.0,8200.0,1.23,29.0,,15.7,,买入,,45.0
000921.SZ,海信家电,20211126,海信家电深度报告：国企混改释放企业活力，打造新增长曲线未来可期,深度,首份报告,浙商证券,"马莉,汪海洋",2023Q4,8471200.0,,466700.0,221300.0,1.62,7.34,,9.97,0.04,买入,,17.51
000921.SZ,海信家电,20211126,海信家电深度报告：国企混改释放企业活力，打造新增长曲线未来可期,深度,首份报告,浙商证券,"马莉,汪海洋",2022Q4,7710600.0,,380800.0,183600.0,1.35,8.85,,9.9,0.78,买入,,17.51
000921.SZ,海信家电,20211126,海信家电深度报告：国企混改释放企业活力，打造新增长曲线未来可期,深度,首份报告,浙商证券,"马莉,汪海洋",2021Q4,6722400.0,,282200.0,137600.0,1.01,11.8,,8.8,2.26,买入,,17.51
002465.SZ,海格通信,20211126,海格通信：模拟仿真业务有望开启公司增长新赛道,点评,一般报告,长江证券,"于海宁,黄天佑,祖圣腾,李烨",2023Q4,801300.0,324300.0,134100.0,115000.0,0.5,20.1,,9.1,13.72,买入,,
002465.SZ,海格通信,20211126,海格通信：模拟仿真业务有望开启公司增长新赛道,点评,一般报告,长江证券,"于海宁,黄天佑,祖圣腾,李烨",2022Q4,668300.0,263400.0,102700.0,88000.0,0.38,26.26,,7.7,18.09,买入,,
002444.SZ,巨星科技,20211126,巨星科技：国内手工具出海龙头，odm稳定增长＋自有品牌快速扩张驱动成长,一般,首次评级,天风证券,"刘章明,吴慧迪,李鲁靖,朱晔",2022Q4,1250370.0,,211313.0,179616.0,1.57,19.94,,15.19,14.39,买入,,39.27
002444.SZ,巨星科技,20211126,巨星科技：国内手工具出海龙头，odm稳定增长＋自有品牌快速扩张驱动成长,一般,首次评级,天风证券,"刘章明,吴慧迪,李鲁靖,朱晔",2021Q4,1045943.0,,164213.0,139581.0,1.22,25.67,,13.68,19.26,买入,,39.27
600955.SH,维远股份,20211126,维远股份：酚酮产业链一体化龙头，受益行业景气上行,深度,首次关注,国信证券,"杨林,薛聪,刘子栋,张玮航",2022Q4,972200.0,,326000.0,244500.0,4.45,11.0,3.6,26.2,8.0,买入,,
688981.SH,中芯国际,20211126,中芯国际：晶圆代工景气有望持续，H股估值较低,点评,首份报告,群益证券,朱吉翔,Q,,,,,,,,,,区间操作,,55.0
600955.SH,维远股份,20211126,维远股份：酚酮产业链一体化龙头，受益行业景气上行,深度,首次关注,国信证券,"杨林,薛聪,刘子栋,张玮航",2021Q4,932700.0,,290700.0,218000.0,3.96,12.4,3.2,28.5,8.8,买入,,
600955.SH,维远股份,20211126,维远股份：酚酮产业链一体化龙头，受益行业景气上行,深度,首次关注,国信证券,"杨林,薛聪,刘子栋,张玮航",2023Q4,1156500.0,,373300.0,280000.0,5.09,9.6,4.2,24.8,7.0,买入,,
002484.SZ,江海股份,20211126,江海股份：技术导向的电容领军，新能源贡献高弹性,深度,首次关注,申万宏源证券,"杨海燕,黄婷",2023Q4,576700.0,,95600.0,82000.0,0.99,25.3,0.5,14.8,16.0,买入,,
002484.SZ,江海股份,20211126,江海股份：技术导向的电容领军，新能源贡献高弹性,深度,首次关注,申万宏源证券,"杨海燕,黄婷",2022Q4,463000.0,,75100.0,64500.0,0.78,32.2,0.4,13.4,20.1,买入,,
002484.SZ,江海股份,20211126,江海股份：技术导向的电容领军，新能源贡献高弹性,深度,首次关注,申万宏源证券,"杨海燕,黄婷",2021Q4,358300.0,,53900.0,46400.0,0.56,44.8,0.5,10.9,26.5,买入,,
600416.SH,湘电股份,20211126,湘电股份：高管调整实现主业聚焦，军工＋风电双轮驱动电磁／综合电力龙头进入高成长轨道,点评,一般报告,天风证券,"李鲁靖,王纪斌",2022Q4,627258.0,,35526.0,30197.0,0.26,67.12,,8.73,35.4,买入,,
603908.SH,牧高笛,20211126,牧高笛：参股大热荒野，布局下游营地市场,点评,一般报告,华西证券,唐爽爽,2023Q4,151900.0,,19400.0,15900.0,2.39,14.99,,19.8,,买入,,45.0
002465.SZ,海格通信,20211126,海格通信：模拟仿真业务有望开启公司增长新赛道,点评,一般报告,长江证券,"于海宁,黄天佑,祖圣腾,李烨",2021Q4,566200.0,211800.0,77500.0,67400.0,0.29,34.31,,6.4,23.45,买入,,
002444.SZ,巨星科技,20211126,巨星科技：国内手工具出海龙头，odm稳定增长＋自有品牌快速扩张驱动成长,一般,首次评级,天风证券,"刘章明,吴慧迪,李鲁靖,朱晔",2023Q4,1374404.0,,239146.0,203274.0,1.78,17.62,,14.8,12.1,买入,,39.27
600416.SH,湘电股份,20211126,湘电股份：高管调整实现主业聚焦，军工＋风电双轮驱动电磁／综合电力龙头进入高成长轨道,点评,一般报告,天风证券,"李鲁靖,王纪斌",2023Q4,801547.0,,51994.0,45755.0,0.4,44.3,,11.68,26.73,买入,,
603279.SH,景津环保,20211126,景津环保：大幅扩充滤板产能，彰显未来发展信心,点评,一般报告,西南证券,"邰桂龙,王宁",2022Q4,516185.0,,104219.0,83375.0,2.02,19.62,0.77,19.97,13.61,买入,,60.6
603279.SH,景津环保,20211126,景津环保：大幅扩充滤板产能，彰显未来发展信心,点评,一般报告,西南证券,"邰桂龙,王宁",2021Q4,421884.0,,78590.0,62872.0,1.53,26.01,0.63,18.14,18.23,买入,,60.6
002465.SZ,海格通信,20211126,海格通信：仿真训练＆无人信息产业抢占先机，中长期空间打开,点评,一般报告,天风证券,"余芳沁,唐海清,王奕红",2021Q4,585103.0,,77195.0,68011.0,0.3,33.78,,7.32,23.52,增持,,
002505.SZ,鹏都农牧,20211126,鹏都农牧：把握供需缺口，打造肉牛产业链龙头,一般,首次评级,西南证券,"徐卿,刘佳宜",2023Q4,2480427.0,,641009.0,248312.0,0.39,10.14,0.0,33.27,2.5,买入,,5.2
002505.SZ,鹏都农牧,20211126,鹏都农牧：把握供需缺口，打造肉牛产业链龙头,一般,首次评级,西南证券,"徐卿,刘佳宜",2022Q4,1702656.0,,214335.0,82949.0,0.13,30.35,0.0,15.38,7.41,买入,,5.2
002505.SZ,鹏都农牧,20211126,鹏都农牧：把握供需缺口，打造肉牛产业链龙头,一般,首次评级,西南证券,"徐卿,刘佳宜",2021Q4,1402496.0,,25876.0,9306.0,0.0146,270.57,0.0,2.24,20.42,买入,,5.2
002465.SZ,海格通信,20211126,海格通信：仿真训练＆无人信息产业抢占先机，中长期空间打开,点评,一般报告,天风证券,"余芳沁,唐海清,王奕红",2023Q4,797717.0,,119218.0,106494.0,0.46,21.57,,10.47,15.51,增持,,
002465.SZ,海格通信,20211126,海格通信：仿真训练＆无人信息产业抢占先机，中长期空间打开,点评,一般报告,天风证券,"余芳沁,唐海清,王奕红",2022Q4,684015.0,,96873.0,85430.0,0.37,26.89,,8.82,18.41,增持,,
000848.SZ,承德露露,20211126,承德露露：多项改变正在发生，经典品牌寻求突破,一般,首次评级,中银国际,"汤玮亮,董广达",2021Q4,243900.0,,72900.0,54400.0,0.505,20.6,2.2,22.7,15.7,买入,,
920981.BJ,晶赛科技,20211126,晶赛科技公司研究报告：深耕石英晶振行业，推进产能扩充,点评,首份报告,海通证券,"郑宏达,文灿",2023Q4,71430.0,,10800.0,9600.0,1.82,28.6,0.0,22.1,10.63,无,,
920981.BJ,晶赛科技,20211126,晶赛科技公司研究报告：深耕石英晶振行业，推进产能扩充,点评,首份报告,海通证券,"郑宏达,文灿",2022Q4,58756.0,,8500.0,7600.0,1.43,36.33,0.0,22.3,14.21,无,,
920981.BJ,晶赛科技,20211126,晶赛科技公司研究报告：深耕石英晶振行业，推进产能扩充,点评,首份报告,海通证券,"郑宏达,文灿",2021Q4,45295.0,,6200.0,5500.0,1.05,49.79,0.0,21.0,19.39,无,,
600416.SH,湘电股份,20211126,湘电股份：高管调整实现主业聚焦，军工＋风电双轮驱动电磁／综合电力龙头进入高成长轨道,点评,一般报告,天风证券,"李鲁靖,王纪斌",2021Q4,473951.0,,15647.0,12518.0,0.11,161.93,,3.97,46.12,买入,,
002624.SZ,完美世界,20211126,财信证券晨会纪要,非个股,一般报告,财信证券,"何晨,曹俊杰",2023Q4,1395200.0,,,241500.0,1.25,,,,,推荐,,
002624.SZ,完美世界,20211126,财信证券晨会纪要,非个股,一般报告,财信证券,"何晨,曹俊杰",2022Q4,1182400.0,,,203400.0,1.05,,,,,推荐,,
002624.SZ,完美世界,20211126,财信证券晨会纪要,非个股,一般报告,财信证券,"何晨,曹俊杰",2021Q4,1002000.0,,,138200.0,0.71,,,,,推荐,,
603279.SH,景津环保,20211126,景津环保：大幅扩充滤板产能，彰显未来发展信心,点评,一般报告,西南证券,"邰桂龙,王宁",2023Q4,622876.0,,128256.0,102605.0,2.49,15.94,1.02,20.38,10.81,买入,,60.6
000848.SZ,承德露露,20211126,承德露露：多项改变正在发生，经典品牌寻求突破,一般,首次评级,中银国际,"汤玮亮,董广达",2023Q4,357000.0,,113400.0,84300.0,0.783,13.3,3.4,24.9,10.1,买入,,
000848.SZ,承德露露,20211126,承德露露：多项改变正在发生，经典品牌寻求突破,一般,首次评级,中银国际,"汤玮亮,董广达",2022Q4,295700.0,,91200.0,68000.0,0.632,16.5,2.7,23.9,12.4,买入,,
600206.SH,有研新材,20211126,有研新材深度跟踪报告：靶材国产替代龙头，加速扩产紧握行业机遇,深度,一般报告,中信证券,"李超,敖翀,肖锐",2023Q4,1632571.0,,81100.0,66850.0,0.79,19.2,,16.22,14.6,买入,,24.9
600206.SH,有研新材,20211126,有研新材深度跟踪报告：靶材国产替代龙头，加速扩产紧握行业机遇,深度,一般报告,中信证券,"李超,敖翀,肖锐",2022Q4,1510443.0,,56200.0,46810.0,0.55,27.6,,12.54,20.0,买入,,24.9
600206.SH,有研新材,20211126,有研新材深度跟踪报告：靶材国产替代龙头，加速扩产紧握行业机遇,深度,一般报告,中信证券,"李超,敖翀,肖锐",2021Q4,1401253.0,,35100.0,28940.0,0.34,44.6,,8.41,30.1,买入,,24.9
300726.SZ,宏达电子,20211126,宏达电子重大事项点评：定增获证监会核准，陶瓷电容等产能提升,点评,一般报告,中信证券,"付宸硕,陈卓",2021Q4,227581.0,,104600.0,82045.0,2.05,41.0,,28.59,32.8,买入,,95.0
300726.SZ,宏达电子,20211126,宏达电子重大事项点评：定增获证监会核准，陶瓷电容等产能提升,点评,一般报告,中信证券,"付宸硕,陈卓",2023Q4,416805.0,,183900.0,143247.0,3.58,23.5,,29.7,18.7,买入,,95.0
300726.SZ,宏达电子,20211126,宏达电子重大事项点评：定增获证监会核准，陶瓷电容等产能提升,点评,一般报告,中信证券,"付宸硕,陈卓",2022Q4,319630.0,,142600.0,111589.0,2.79,30.1,,30.04,23.9,买入,,95.0
688177.SH,百奥泰,20211126,百奥泰动态点评：贝伐珠单抗获批上市，海内外达成商业化合作,点评,一般报告,东方财富证券,何玮,2023Q4,262177.0,,,3399.0,0.08,343.55,,,973.13,增持,,
688177.SH,百奥泰,20211126,百奥泰动态点评：贝伐珠单抗获批上市，海内外达成商业化合作,点评,一般报告,东方财富证券,何玮,2022Q4,154589.0,,,-39072.0,-0.94,,,,,增持,,
688177.SH,百奥泰,20211126,百奥泰动态点评：贝伐珠单抗获批上市，海内外达成商业化合作,点评,一般报告,东方财富证券,何玮,2021Q4,50822.0,,,-76098.0,-1.84,,,,,增持,,
600989.SH,宝丰能源,20211126,宝丰能源跟踪点评：“双碳”竞争力凸显，看好成长预期逐步兑现,点评,一般报告,中信证券,"王喆,李鸿钊",2023Q4,4214300.0,,1730500.0,1505500.0,2.05,7.9,,30.7,5.2,买入,,27.0
600989.SH,宝丰能源,20211126,宝丰能源跟踪点评：“双碳”竞争力凸显，看好成长预期逐步兑现,点评,一般报告,中信证券,"王喆,李鸿钊",2022Q4,2466700.0,,922700.0,802800.0,1.09,14.8,,21.9,9.0,买入,,27.0
600989.SH,宝丰能源,20211126,宝丰能源跟踪点评：“双碳”竞争力凸显，看好成长预期逐步兑现,点评,一般报告,中信证券,"王喆,李鸿钊",2021Q4,1960900.0,,807300.0,702400.0,0.96,16.8,,22.8,11.9,买入,,27.0
002881.SZ,美格智能,20211126,美格智能点评：智能汽车业务持续超预期，XR、边缘计算等新业务蓄势待发,点评,一般报告,东吴证券,"侯宾,姚久花",2022Q4,299400.0,,14900.0,20500.0,1.11,47.9,,22.8,54.51,买入,,
002881.SZ,美格智能,20211126,美格智能点评：智能汽车业务持续超预期，XR、边缘计算等新业务蓄势待发,点评,一般报告,东吴证券,"侯宾,姚久花",2021Q4,183000.0,,9200.0,12200.0,0.66,80.47,,17.4,88.7,买入,,
002881.SZ,美格智能,20211126,美格智能点评：智能汽车业务持续超预期，XR、边缘计算等新业务蓄势待发,点评,一般报告,东吴证券,"侯宾,姚久花",2023Q4,480000.0,,26200.0,37100.0,2.01,26.42,,29.4,29.51,买入,,
300682.SZ,朗新科技,20211126,朗新科技：双碳驱动能源数字化高景气，平台运营未来可期,深度,首次关注,中金,"卓德麟,于明洋,于钟海",2022Q4,560700.0,260100.0,127700.0,112000.0,1.07,33.9,0.4,16.2,28.3,跑赢行业,,43.2
300682.SZ,朗新科技,20211126,朗新科技：双碳驱动能源数字化高景气，平台运营未来可期,深度,首次关注,中金,"卓德麟,于明洋,于钟海",2021Q4,438200.0,199500.0,101000.0,88500.0,0.85,42.9,0.3,14.8,36.6,跑赢行业,,43.2
300378.SZ,鼎捷软件,20211126,鼎捷软件：制造业ERP专家，智能制造再上层楼,深度,首份报告,中金,"王之昊,于钟海",2021Q4,175900.0,118100.0,23800.0,17200.0,0.65,33.6,0.6,10.8,16.5,跑赢行业,,31.0
300378.SZ,鼎捷软件,20211126,鼎捷软件：制造业ERP专家，智能制造再上层楼,深度,首份报告,中金,"王之昊,于钟海",2022Q4,204700.0,138400.0,33000.0,23900.0,0.9,24.3,0.8,13.5,12.0,跑赢行业,,31.0
600141.SH,兴发集团,20211126,兴发集团：受益草甘膦高景气，兴发加码新材料布局,深度,一般报告,中金,"吴頔,贾雄伟,裘孝锋",2021Q4,2666500.0,744200.0,489700.0,410900.0,3.7,10.3,4.3,36.0,7.5,跑赢行业,,50.0
600141.SH,兴发集团,20211126,兴发集团：受益草甘膦高景气，兴发加码新材料布局,深度,一般报告,中金,"吴頔,贾雄伟,裘孝锋",2022Q4,2853400.0,800600.0,537100.0,450900.0,4.06,9.4,4.8,30.6,6.7,跑赢行业,,50.0
600596.SH,新安股份,20211126,新安股份：加速布局工业硅，有望受益光伏高景气度,点评,一般报告,中金,"吴頔,裘孝锋",2022Q4,1864900.0,,328400.0,262600.0,3.21,8.3,4.8,27.5,5.6,跑赢行业,,48.0
600596.SH,新安股份,20211126,新安股份：加速布局工业硅，有望受益光伏高景气度,点评,一般报告,中金,"吴頔,裘孝锋",2021Q4,1750500.0,,302300.0,242300.0,2.96,9.0,4.4,31.8,6.3,跑赢行业,,48.0
603613.SH,国联股份,20211126,国联股份：估值或已接近相对合理区间，静待成长消化,深度,一般报告,中金,"卓德麟,于钟海",2022Q4,5627500.0,,120200.0,84600.0,2.46,50.4,0.2,18.2,23.2,中性,,123.4
603613.SH,国联股份,20211126,国联股份：估值或已接近相对合理区间，静待成长消化,深度,一般报告,中金,"卓德麟,于钟海",2021Q4,3530700.0,,73500.0,50400.0,1.47,84.6,0.1,12.6,34.6,中性,,123.4
600010.SH,包钢股份,20211125,包钢股份：稀土矿业巨头迎来价值重估,深度,首次评级,东北证券,赵丽明,2023Q4,8865100.0,,1130600.0,892300.0,0.2,14.51,0.0,12.33,,买入,,4.22
600010.SH,包钢股份,20211125,包钢股份：稀土矿业巨头迎来价值重估,深度,首次评级,东北证券,赵丽明,2021Q4,8894000.0,,579400.0,432200.0,0.0948,29.95,0.0,7.57,,买入,,4.22
603383.SH,顶点软件,20211125,顶点软件：夯实基础，有望进入加速成长期——公司首次覆盖报告,一般,首次关注,开源证券,"陈宝健,闫宁",2023Q4,82100.0,,26100.0,25000.0,1.49,24.9,,16.0,19.7,买入,,
603383.SH,顶点软件,20211125,顶点软件：夯实基础，有望进入加速成长期——公司首次覆盖报告,一般,首次关注,开源证券,"陈宝健,闫宁",2022Q4,62800.0,,20100.0,19200.0,1.14,32.5,,13.9,28.3,买入,,
603383.SH,顶点软件,20211125,顶点软件：夯实基础，有望进入加速成长期——公司首次覆盖报告,一般,首次关注,开源证券,"陈宝健,闫宁",2021Q4,48100.0,,14800.0,14300.0,0.85,43.8,,11.3,38.6,买入,,
600010.SH,包钢股份,20211125,包钢股份：稀土矿业巨头迎来价值重估,深度,首次评级,东北证券,赵丽明,2022Q4,8248300.0,,822400.0,634500.0,0.14,20.4,0.0,10.0,,买入,,4.22
600008.SH,首创环保,20211125,首创环保：并购首创大气，增厚公司业绩,点评,一般报告,太平洋证券,陶贻功,2021Q4,2254700.0,,330300.0,216700.0,0.3,10.98,,8.0,12.84,买入,,4.2
300724.SZ,捷佳伟创,20211125,捷佳伟创：全面布局满足客户需求，产业化验证提高竞争力,深度,首次关注,华金证券,刘荆,2021Q4,528990.0,138487.0,93700.0,83000.0,2.387,47.2,,24.1,39.8,买入,,
300724.SZ,捷佳伟创,20211125,捷佳伟创：全面布局满足客户需求，产业化验证提高竞争力,深度,首次关注,华金证券,刘荆,2023Q4,939992.0,277833.0,198300.0,176700.0,5.082,22.2,,29.6,18.6,买入,,
300724.SZ,捷佳伟创,20211125,捷佳伟创：全面布局满足客户需求，产业化验证提高竞争力,深度,首次关注,华金证券,刘荆,2022Q4,708182.0,190949.0,130200.0,116000.0,3.336,33.8,,26.1,28.7,买入,,
600008.SH,首创环保,20211125,首创环保：并购首创大气，增厚公司业绩,点评,一般报告,太平洋证券,陶贻功,2023Q4,3055800.0,,473500.0,308000.0,0.42,7.72,,9.0,7.8,买入,,4.2
600008.SH,首创环保,20211125,首创环保：并购首创大气，增厚公司业绩,点评,一般报告,太平洋证券,陶贻功,2022Q4,2586500.0,,391700.0,254300.0,0.35,9.35,,8.0,10.24,买入,,4.2
002438.SZ,江苏神通,20211125,江苏神通：细分阀门龙头，“双碳”进程中持续增长,深度,首次评级,国金证券,牛波,2023Q4,334400.0,109600.0,59600.0,51800.0,1.067,15.65,,15.6,,买入,,20.91
002438.SZ,江苏神通,20211125,江苏神通：细分阀门龙头，“双碳”进程中持续增长,深度,首次评级,国金证券,牛波,2022Q4,262700.0,87500.0,46800.0,40700.0,0.839,19.91,,14.4,,买入,,20.91
002438.SZ,江苏神通,20211125,江苏神通：细分阀门龙头，“双碳”进程中持续增长,深度,首次评级,国金证券,牛波,2021Q4,210700.0,68200.0,35400.0,30800.0,0.635,26.31,,12.6,,买入,,20.91
688272.SH,富吉瑞,20211125,富吉瑞公司简评报告：红外热成像装备后起之秀，进军工业检测领域,点评,首份报告,首创证券,"曲小溪,黄怡文",2022Q4,72000.0,,18100.0,16800.0,2.21,26.4,,19.3,,增持,,
688272.SH,富吉瑞,20211125,富吉瑞公司简评报告：红外热成像装备后起之秀，进军工业检测领域,点评,首份报告,首创证券,"曲小溪,黄怡文",2021Q4,39800.0,,10900.0,10100.0,1.33,43.7,,14.4,,增持,,
600285.SH,羚锐制药,20211125,羚锐制药公司动态点评：产品结构优化可期，持续成长动能充沛,点评,一般报告,长城证券,刘鹏,2022Q4,315328.0,,61837.0,52781.0,0.93,12.97,,20.04,8.06,增持,,
600285.SH,羚锐制药,20211125,羚锐制药公司动态点评：产品结构优化可期，持续成长动能充沛,点评,一般报告,长城证券,刘鹏,2021Q4,273960.0,,50056.0,42833.0,0.75,15.99,,17.66,10.03,增持,,
688272.SH,富吉瑞,20211125,富吉瑞公司简评报告：红外热成像装备后起之秀，进军工业检测领域,点评,首份报告,首创证券,"曲小溪,黄怡文",2023Q4,132300.0,,30900.0,28600.0,3.76,15.5,,24.7,,增持,,
600285.SH,羚锐制药,20211125,羚锐制药公司动态点评：产品结构优化可期，持续成长动能充沛,点评,一般报告,长城证券,刘鹏,2023Q4,361524.0,,72852.0,62120.0,1.09,11.02,,21.57,6.56,增持,,
600089.SH,特变电工,20211125,电力设备专题报告（17）：变压器新国标开始实施，节能变替代及新增需求将激增,非个股,一般报告,招商证券,"游家训,张伟鑫",2021Q4,,,,757220.79,2.0,,,,,强烈推荐,,
920145.BJ,恒合股份,20211125,恒合股份：乘政策东风，打造石油石化VOCs治理领军企业,深度,首份报告,华安证券,王莺,Q,,,,,,,,,,无,,
920405.BJ,海希通讯,20211125,海希通讯：深耕无线遥控行业，差异化战略助力品牌发展,深度,首份报告,华安证券,王莺,Q,,,,,,,,,,无,,
920092.BJ,汉鑫科技,20211125,汉鑫科技：专注信息集成服务领域，打造区域行业龙头,深度,首份报告,华安证券,王莺,Q,,,,,,,,,,无,,
920680.BJ,广道高新,20211125,广道高新：深耕城市公共安全领域，建设新型智慧城市,深度,首份报告,华安证券,王莺,Q,,,,,,,,,,无,,
600223.SH,鲁商发展,20211125,鲁商发展：福瑞达生物引入战投，赋能化妆品业务发展,点评,一般报告,西南证券,"沈猛,池天惠,刘洋",2023Q4,2362728.0,,138338.0,94915.0,0.94,16.09,1.71,13.39,10.53,持有,,
600223.SH,鲁商发展,20211125,鲁商发展：福瑞达生物引入战投，赋能化妆品业务发展,点评,一般报告,西南证券,"沈猛,池天惠,刘洋",2022Q4,2014086.0,,118723.0,81453.0,0.81,18.75,1.45,12.79,12.77,持有,,
600223.SH,鲁商发展,20211125,鲁商发展：福瑞达生物引入战投，赋能化妆品业务发展,点评,一般报告,西南证券,"沈猛,池天惠,刘洋",2021Q4,1675363.0,,104949.0,69419.0,0.69,21.99,1.34,12.4,15.16,持有,,
300613.SZ,富瀚微,20211125,安防行业深度追踪系列第34期（2021年10月）：美FCC新制裁落地但影响有限；大华股份重磅发布新战略,非个股,一般报告,中信证券,"徐涛,胡叶倩雯,夏胤磊",2023Q4,,,,63476.061,5.28,,,,,买入,,
300613.SZ,富瀚微,20211125,安防行业深度追踪系列第34期（2021年10月）：美FCC新制裁落地但影响有限；大华股份重磅发布新战略,非个股,一般报告,中信证券,"徐涛,胡叶倩雯,夏胤磊",2022Q4,,,,50492.321,4.2,,,,,买入,,
300613.SZ,富瀚微,20211125,安防行业深度追踪系列第34期（2021年10月）：美FCC新制裁落地但影响有限；大华股份重磅发布新战略,非个股,一般报告,中信证券,"徐涛,胡叶倩雯,夏胤磊",2021Q4,,,,40393.857,3.36,,,,,买入,,
600089.SH,特变电工,20211125,电力设备专题报告（17）：变压器新国标开始实施，节能变替代及新增需求将激增,非个股,一般报告,招商证券,"游家训,张伟鑫",2022Q4,,,,795081.83,2.1,,,,,强烈推荐,,
300800.SZ,力合科技,20211125,力合科技：水质监测龙头，第三方检测推动高增长,深度,首次关注,广发证券,"郭鹏,许洁,陈龙",2023Q4,148766.0,,52500.0,45400.0,1.91,12.74,,15.0,8.54,买入,,36.55
300800.SZ,力合科技,20211125,力合科技：水质监测龙头，第三方检测推动高增长,深度,首次关注,广发证券,"郭鹏,许洁,陈龙",2021Q4,92082.0,,31000.0,26800.0,1.12,21.59,,12.0,15.24,买入,,36.55
000938.SZ,紫光股份,20211125,紫光股份：孙公司被列入“实体清单”，集团主业与之独立,点评,一般报告,广发证券,"刘雪峰,李傲远",2023Q4,9692700.0,,655500.0,327600.0,1.15,21.94,,8.6,9.91,买入,,35.89
000733.SZ,振华科技,20211125,振华科技：受益军工行业高景气，公司业绩高速增长有望持续,点评,首份报告,方正证券,"鲍学博,马强",2021Q4,551700.0,,151700.0,127000.0,2.47,44.07,,17.5,30.57,推荐,,
605111.SH,新洁能,20211125,新洁能公司简评报告：布局第三代半导体，IGBT进入放量期,点评,首次关注,首创证券,"何立中,韩杨",2021Q4,156680.0,,49110.0,43330.0,3.058,51.6,,18.6,,买入,,
600596.SH,新安股份,20211125,新安股份：工业硅环节补齐，产业链挖潜的标杆,点评,一般报告,东北证券,陈俊杰,2023Q4,2382500.0,,375500.0,278900.0,3.41,7.82,0.94,20.4,,买入,,62.01
600596.SH,新安股份,20211125,新安股份：工业硅环节补齐，产业链挖潜的标杆,点评,一般报告,东北证券,陈俊杰,2022Q4,2129100.0,,342300.0,256000.0,3.13,8.52,0.94,22.96,,买入,,62.01
600596.SH,新安股份,20211125,新安股份：工业硅环节补齐，产业链挖潜的标杆,点评,一般报告,东北证券,陈俊杰,2021Q4,1981900.0,,326700.0,241100.0,2.95,9.05,0.94,27.4,,买入,,62.01
688499.SH,利元亨,20211125,利元亨：以消费锂电设备起家，借动力锂电设备打造第二增长引擎,深度,首次关注,上海证券,"开文明,王昆",2021Q4,210048.0,80070.0,23100.0,20600.0,2.34,141.67,,9.8,82.93,买入,,
603345.SH,安井食品,20211125,安井食品公司跟踪报告：速冻龙头，价值发现,一般,一般报告,信达证券,马铮,2023Q4,1449700.0,,164000.0,128200.0,5.25,35.83,,19.2,24.84,买入,,
603345.SH,安井食品,20211125,安井食品公司跟踪报告：速冻龙头，价值发现,一般,一般报告,信达证券,马铮,2022Q4,1173800.0,,122700.0,96000.0,3.93,47.88,,16.8,33.03,买入,,
603345.SH,安井食品,20211125,安井食品公司跟踪报告：速冻龙头，价值发现,一般,一般报告,信达证券,马铮,2021Q4,923500.0,,91700.0,73000.0,2.99,62.92,,14.7,48.2,买入,,
601665.SH,齐鲁银行,20211125,齐鲁银行：表内经营效率企稳，多渠道资本补充助力,深度,首次关注,华西证券,"刘志平,李晴阳",2023Q4,1140000.0,,435200.0,372400.0,0.81,6.9,,11.46,,增持,,
601665.SH,齐鲁银行,20211125,齐鲁银行：表内经营效率企稳，多渠道资本补充助力,深度,首次关注,华西证券,"刘志平,李晴阳",2021Q4,873500.0,,317500.0,279000.0,0.61,9.1,,9.9,,增持,,
300782.SZ,卓胜微,20211125,卓胜微跟踪报告之七：发射端模组开辟中国射频前端龙头第三增长曲线,点评,一般报告,光大证券,刘凯,2022Q4,797600.0,,352000.0,316800.0,9.49,36.0,0.4,42.7,30.6,买入,,
300800.SZ,力合科技,20211125,力合科技：水质监测龙头，第三方检测推动高增长,深度,首次关注,广发证券,"郭鹏,许洁,陈龙",2022Q4,116865.0,,40300.0,34900.0,1.46,16.61,,13.5,11.53,买入,,36.55
000938.SZ,紫光股份,20211125,紫光股份：孙公司被列入“实体清单”，集团主业与之独立,点评,一般报告,广发证券,"刘雪峰,李傲远",2022Q4,8373600.0,,546800.0,273300.0,0.96,26.3,,7.9,12.4,买入,,35.89
000938.SZ,紫光股份,20211125,紫光股份：孙公司被列入“实体清单”，集团主业与之独立,点评,一般报告,广发证券,"刘雪峰,李傲远",2021Q4,7191200.0,,456400.0,228100.0,0.8,31.51,,7.1,15.21,买入,,35.89
000733.SZ,振华科技,20211125,振华科技：受益军工行业高景气，公司业绩高速增长有望持续,点评,首份报告,方正证券,"鲍学博,马强",2023Q4,930100.0,,279800.0,234200.0,4.55,23.89,,20.49,17.01,推荐,,
000733.SZ,振华科技,20211125,振华科技：受益军工行业高景气，公司业绩高速增长有望持续,点评,首份报告,方正证券,"鲍学博,马强",2022Q4,727300.0,,219000.0,183300.0,3.56,30.53,,20.17,21.74,推荐,,
605111.SH,新洁能,20211125,新洁能公司简评报告：布局第三代半导体，IGBT进入放量期,点评,首次关注,首创证券,"何立中,韩杨",2023Q4,267210.0,,75710.0,66790.0,4.714,33.5,,15.3,,买入,,
605111.SH,新洁能,20211125,新洁能公司简评报告：布局第三代半导体，IGBT进入放量期,点评,首次关注,首创证券,"何立中,韩杨",2022Q4,207740.0,,60960.0,53780.0,3.796,41.6,,14.3,,买入,,
688499.SH,利元亨,20211125,利元亨：以消费锂电设备起家，借动力锂电设备打造第二增长引擎,深度,首次关注,上海证券,"开文明,王昆",2023Q4,496340.0,195159.0,65700.0,58400.0,6.64,49.83,,18.9,33.52,买入,,
688499.SH,利元亨,20211125,利元亨：以消费锂电设备起家，借动力锂电设备打造第二增长引擎,深度,首次关注,上海证券,"开文明,王昆",2022Q4,346339.0,134513.0,45200.0,40200.0,4.57,72.36,,16.0,47.22,买入,,
601665.SH,齐鲁银行,20211125,齐鲁银行：表内经营效率企稳，多渠道资本补充助力,深度,首次关注,华西证券,"刘志平,李晴阳",2022Q4,1005100.0,,368800.0,320400.0,0.7,8.0,,10.58,,增持,,
300782.SZ,卓胜微,20211125,卓胜微跟踪报告之七：发射端模组开辟中国射频前端龙头第三增长曲线,点评,一般报告,光大证券,刘凯,2023Q4,1037900.0,,456200.0,410600.0,12.29,28.0,0.5,37.15,23.6,买入,,
300782.SZ,卓胜微,20211125,卓胜微跟踪报告之七：发射端模组开辟中国射频前端龙头第三增长曲线,点评,一般报告,光大证券,刘凯,2021Q4,545300.0,,251700.0,221500.0,6.63,51.0,0.4,47.18,43.8,买入,,
600586.SH,金晶科技,20211125,金晶科技：任明月下西楼，风景依旧,深度,一般报告,东北证券,"王小勇,陶昕媛",2023Q4,1223391.0,,273100.0,228300.0,1.6,5.99,0.31,22.08,,买入,,12.25
600586.SH,金晶科技,20211125,金晶科技：任明月下西楼，风景依旧,深度,一般报告,东北证券,"王小勇,陶昕媛",2022Q4,987056.0,,241700.0,202900.0,1.42,6.74,0.31,25.05,,买入,,12.25
600586.SH,金晶科技,20211125,金晶科技：任明月下西楼，风景依旧,深度,一般报告,东北证券,"王小勇,陶昕媛",2021Q4,796198.0,,215000.0,178600.0,1.25,7.65,0.31,29.22,,买入,,12.25
300218.SZ,安利股份,20211125,安利股份：产品升级正当时，高端材料迎来收获期,深度,首次评级,国信证券,"姜明,黄盈",2023Q4,360429.0,89734.0,37230.0,29665.0,1.37,12.4,2.8,19.8,10.3,买入,,
300218.SZ,安利股份,20211125,安利股份：产品升级正当时，高端材料迎来收获期,深度,首次评级,国信证券,"姜明,黄盈",2022Q4,286861.0,68758.0,27703.0,22605.0,1.04,16.3,2.1,17.3,12.5,买入,,
300218.SZ,安利股份,20211125,安利股份：产品升级正当时，高端材料迎来收获期,深度,首次评级,国信证券,"姜明,黄盈",2021Q4,207968.0,46747.0,16552.0,13824.0,0.64,26.7,1.3,11.9,17.3,买入,,
300620.SZ,光库科技,20211125,光库科技：光器件为基，铌酸锂调制器芯片蓄势待发,深度,首次关注,申万宏源证券,"朱型檑,朱锟旭",2023Q4,133249.0,,29300.0,27000.0,1.64,34.0,0.6,14.2,22.5,增持,,
300620.SZ,光库科技,20211125,光库科技：光器件为基，铌酸锂调制器芯片蓄势待发,深度,首次关注,申万宏源证券,"朱型檑,朱锟旭",2022Q4,95349.0,,20900.0,19200.0,1.17,47.0,0.4,11.4,31.5,增持,,
300620.SZ,光库科技,20211125,光库科技：光器件为基，铌酸锂调制器芯片蓄势待发,深度,首次关注,申万宏源证券,"朱型檑,朱锟旭",2021Q4,68512.0,,14200.0,13100.0,0.8,69.0,0.2,8.6,46.8,增持,,
300973.SZ,立高食品,20211125,立高食品：立足冷冻烘焙市场蓝海，前景广阔,深度,一般报告,华鑫证券,万蓉,2023Q4,436200.0,,60600.0,48500.0,2.86,,,26.3,,推荐,,
300973.SZ,立高食品,20211125,立高食品：立足冷冻烘焙市场蓝海，前景广阔,深度,一般报告,华鑫证券,万蓉,2022Q4,353300.0,,47800.0,38300.0,2.26,,,28.1,,推荐,,
300973.SZ,立高食品,20211125,立高食品：立足冷冻烘焙市场蓝海，前景广阔,深度,一般报告,华鑫证券,万蓉,2021Q4,273100.0,,35500.0,28400.0,1.68,,,29.0,,推荐,,
600105.SH,永鼎股份,20211125,永鼎股份：通信业务迎拐点，汽车线束、海外工程成长动力十足,一般,首次关注,天风证券,"唐海清,姜佳汛",2023Q4,701972.0,,47518.0,38573.0,0.28,21.84,,11.89,9.53,买入,,7.8
600105.SH,永鼎股份,20211125,永鼎股份：通信业务迎拐点，汽车线束、海外工程成长动力十足,一般,首次关注,天风证券,"唐海清,姜佳汛",2022Q4,570761.0,,35787.0,29202.0,0.21,28.85,,9.82,12.65,买入,,7.8
600105.SH,永鼎股份,20211125,永鼎股份：通信业务迎拐点，汽车线束、海外工程成长动力十足,一般,首次关注,天风证券,"唐海清,姜佳汛",2021Q4,424943.0,,18406.0,15175.0,0.11,55.51,,5.48,20.65,买入,,7.8
688005.SH,容百科技,20211125,容百科技：高镍正极引领者，迈向全球龙头,深度,首次评级,华鑫证券,刘华峰,2023Q4,2778800.0,,266000.0,238800.0,5.33,24.5,,28.0,,推荐,,
688005.SH,容百科技,20211125,容百科技：高镍正极引领者，迈向全球龙头,深度,首次评级,华鑫证券,刘华峰,2022Q4,1807000.0,,171000.0,153600.0,3.43,38.1,,23.3,,推荐,,
688005.SH,容百科技,20211125,容百科技：高镍正极引领者，迈向全球龙头,深度,首次评级,华鑫证券,刘华峰,2021Q4,978700.0,,90900.0,81700.0,1.82,71.5,,15.3,,推荐,,
603355.SH,莱克电气,20211125,莱克电气：上海帕捷并购落地，新能源汽车零部件布局加快,点评,一般报告,招商证券,"陈东飞,彭子豪",2023Q4,1186900.0,,137500.0,118900.0,2.07,14.6,,23.4,13.2,强烈推荐,,
603355.SH,莱克电气,20211125,莱克电气：上海帕捷并购落地，新能源汽车零部件布局加快,点评,一般报告,招商证券,"陈东飞,彭子豪",2022Q4,1050100.0,,118800.0,102800.0,1.79,16.8,,25.1,15.2,强烈推荐,,
603355.SH,莱克电气,20211125,莱克电气：上海帕捷并购落地，新能源汽车零部件布局加快,点评,一般报告,招商证券,"陈东飞,彭子豪",2021Q4,758100.0,,69000.0,63800.0,1.11,27.1,,19.9,24.9,强烈推荐,,
600105.SH,永鼎股份,20211125,永鼎股份：通信业务迎拐点，汽车线束、海外工程成长动力十足,一般,首次关注,天风证券,"唐海清,姜佳汛",2024Q4,838759.0,,,,,,,,,买入,,7.8
601016.SH,节能风电,20211125,节能风电：风电规模稳步提升，弃风率有望改善,点评,一般报告,华泰证券,"王玮嘉,黄波,李雅琳",2023Q4,536500.0,,196500.0,157300.0,0.31,20.81,,8.68,12.73,增持,,6.93
601016.SH,节能风电,20211125,节能风电：风电规模稳步提升，弃风率有望改善,点评,一般报告,华泰证券,"王玮嘉,黄波,李雅琳",2022Q4,445300.0,,161100.0,128900.0,0.26,25.39,,8.54,14.57,增持,,6.93
601012.SH,隆基股份,20211125,隆基股份：11.58亿片硅片长单落地，光伏龙头凸显实力——公司信息更新报告,点评,一般报告,开源证券,刘强,2023Q4,14756400.0,,2187400.0,1885500.0,3.48,26.1,,24.5,17.8,买入,,
601012.SH,隆基股份,20211125,隆基股份：11.58亿片硅片长单落地，光伏龙头凸显实力——公司信息更新报告,点评,一般报告,开源证券,刘强,2022Q4,11369600.0,,1694000.0,1470400.0,2.72,33.4,,24.8,23.6,买入,,
601012.SH,隆基股份,20211125,隆基股份：11.58亿片硅片长单落地，光伏龙头凸显实力——公司信息更新报告,点评,一般报告,开源证券,刘强,2021Q4,9046400.0,,1331900.0,1161200.0,2.15,42.3,,25.4,30.9,买入,,
600223.SH,鲁商发展,20211125,鲁商发展：战投助力、腾飞在即——化妆品子公司战投引进事件点评,点评,一般报告,国泰君安,"訾猛,谢皓宇,闫清徽",2022Q4,1515200.0,,,94200.0,0.93,15.79,1.9,17.9,15.45,增持,,18.43
600223.SH,鲁商发展,20211125,鲁商发展：战投助力、腾飞在即——化妆品子公司战投引进事件点评,点评,一般报告,国泰君安,"訾猛,谢皓宇,闫清徽",2021Q4,1370200.0,,,77100.0,0.76,19.3,1.6,16.7,18.34,增持,,18.43
300073.SZ,当升科技,20211125,当升科技重大事项点评：与SK战略合作，加速全球化布局,点评,一般报告,华创证券,彭广春,2023Q4,1610000.0,,212400.0,183000.0,4.03,26.0,,22.9,21.0,强推,,121.0
600223.SH,鲁商发展,20211125,鲁商发展：战投助力、腾飞在即——化妆品子公司战投引进事件点评,点评,一般报告,国泰君安,"訾猛,谢皓宇,闫清徽",2023Q4,1641700.0,,,107700.0,1.07,13.82,2.2,17.8,13.38,增持,,18.43
300073.SZ,当升科技,20211125,当升科技重大事项点评：与SK战略合作，加速全球化布局,点评,一般报告,华创证券,彭广春,2022Q4,1141000.0,,154700.0,133300.0,2.94,36.0,,21.6,28.0,强推,,121.0
605183.SH,确成股份,20211125,确成股份：成本与规模优势显著，高分散白炭黑不断开拓成长空间,点评,首次关注,中信建投,邓胜,2023Q4,219200.0,,,48600.0,1.17,16.1,,15.0,,增持,,
002191.SZ,劲嘉股份,20211125,劲嘉股份：完成产业基金备案，收购烟用香精标的51％股权,点评,一般报告,天风证券,"吴立,范张翔,蒋梦晗",2021Q4,525825.0,,136051.0,106652.0,0.73,20.99,,13.4,13.57,买入,,
600201.SH,生物股份,20211125,生物股份：获一种非瘟疫苗发明专利，公司研发实力进一步彰显,点评,一般报告,天风证券,"吴立,王聪",2021Q4,211901.0,,73919.0,60946.0,0.54,29.57,,10.92,18.73,买入,,
600587.SH,新华医疗,20211125,新华医疗2021限制性股票激励计划（草案）点评：股权激励落地，老国企全新启航,点评,首份报告,光大证券,林小伟,2023Q4,1307300.0,,136300.0,86300.0,2.12,11.0,1.9,13.77,5.9,买入,,
600587.SH,新华医疗,20211125,新华医疗2021限制性股票激励计划（草案）点评：股权激励落地，老国企全新启航,点评,首份报告,光大证券,林小伟,2022Q4,1162200.0,,107400.0,70200.0,1.73,14.0,1.4,12.71,7.0,买入,,
600587.SH,新华医疗,20211125,新华医疗2021限制性股票激励计划（草案）点评：股权激励落地，老国企全新启航,点评,首份报告,光大证券,林小伟,2021Q4,1033500.0,,88100.0,56700.0,1.39,17.0,1.1,11.54,8.7,买入,,
688568.SH,中科星图,20211125,中科星图公司研究报告：以数字地球为核心打造空天地数字底座,点评,首次关注,海通证券,"郑宏达,杨林,洪琳,杨蒙",2021Q4,104338.0,,24100.0,22100.0,1.0,73.99,0.0,15.2,64.94,优于大市,,
601016.SH,节能风电,20211125,节能风电：风电规模稳步提升，弃风率有望改善,点评,一般报告,华泰证券,"王玮嘉,黄波,李雅琳",2021Q4,363100.0,,127500.0,102000.0,0.2,32.08,,8.7,16.88,增持,,6.93
300073.SZ,当升科技,20211125,当升科技重大事项点评：与SK战略合作，加速全球化布局,点评,一般报告,华创证券,彭广春,2021Q4,749000.0,,115300.0,99300.0,2.19,49.0,,20.6,38.0,强推,,121.0
605183.SH,确成股份,20211125,确成股份：成本与规模优势显著，高分散白炭黑不断开拓成长空间,点评,首次关注,中信建投,邓胜,2022Q4,188400.0,,,38400.0,0.93,20.4,,13.6,,增持,,
605183.SH,确成股份,20211125,确成股份：成本与规模优势显著，高分散白炭黑不断开拓成长空间,点评,首次关注,中信建投,邓胜,2021Q4,143400.0,,,29500.0,0.71,26.6,,11.8,,增持,,
002191.SZ,劲嘉股份,20211125,劲嘉股份：完成产业基金备案，收购烟用香精标的51％股权,点评,一般报告,天风证券,"吴立,范张翔,蒋梦晗",2023Q4,769374.0,,198171.0,158566.0,1.08,14.12,,16.87,8.96,买入,,
002191.SZ,劲嘉股份,20211125,劲嘉股份：完成产业基金备案，收购烟用香精标的51％股权,点评,一般报告,天风证券,"吴立,范张翔,蒋梦晗",2022Q4,642630.0,,163270.0,129980.0,0.89,17.22,,15.1,10.57,买入,,
600201.SH,生物股份,20211125,生物股份：获一种非瘟疫苗发明专利，公司研发实力进一步彰显,点评,一般报告,天风证券,"吴立,王聪",2023Q4,338201.0,,154316.0,128546.0,1.14,14.02,,17.89,8.71,买入,,
600201.SH,生物股份,20211125,生物股份：获一种非瘟疫苗发明专利，公司研发实力进一步彰显,点评,一般报告,天风证券,"吴立,王聪",2022Q4,276101.0,,120911.0,100514.0,0.89,17.93,,15.99,11.61,买入,,
688568.SH,中科星图,20211125,中科星图公司研究报告：以数字地球为核心打造空天地数字底座,点评,首次关注,海通证券,"郑宏达,杨林,洪琳,杨蒙",2023Q4,218641.0,,51100.0,46600.0,2.12,35.1,0.0,20.7,32.95,优于大市,,
688568.SH,中科星图,20211125,中科星图公司研究报告：以数字地球为核心打造空天地数字底座,点评,首次关注,海通证券,"郑宏达,杨林,洪琳,杨蒙",2022Q4,152038.0,,35600.0,32200.0,1.47,50.71,0.0,18.1,47.54,优于大市,,
600223.SH,鲁商发展,20211125,鲁商发展：拟引入腾讯、壹网壹创等优质战投，赋能化妆品发展,点评,一般报告,国联证券,顾熹闽,2023Q4,2096400.0,,200700.0,111120.0,1.1,13.4,,18.66,10.33,买入,,21.01
600223.SH,鲁商发展,20211125,鲁商发展：拟引入腾讯、壹网壹创等优质战投，赋能化妆品发展,点评,一般报告,国联证券,顾熹闽,2021Q4,1589600.0,,111700.0,72740.0,0.72,20.46,,15.89,15.8,买入,,21.01
002434.SZ,万里扬,20211125,万里扬：注入储能资产，造就储能龙头,点评,一般报告,信达证券,"武浩,陈磊",2023Q4,1010800.0,,140500.0,121900.0,0.91,18.92,,12.8,12.64,买入,,
002434.SZ,万里扬,20211125,万里扬：注入储能资产，造就储能龙头,点评,一般报告,信达证券,"武浩,陈磊",2022Q4,861800.0,,107000.0,92900.0,0.69,24.84,,11.2,15.83,买入,,
002434.SZ,万里扬,20211125,万里扬：注入储能资产，造就储能龙头,点评,一般报告,信达证券,"武浩,陈磊",2021Q4,725300.0,,80700.0,70800.0,0.53,32.56,,9.6,19.87,买入,,
300601.SZ,康泰生物,20211125,康泰生物：重磅品种放量在即，产品梯队稳步推进,一般,首次关注,华鑫证券,"杜永宏,陈成",2023Q4,674500.0,,210100.0,184700.0,2.69,41.6,,18.0,,推荐,,
300601.SZ,康泰生物,20211125,康泰生物：重磅品种放量在即，产品梯队稳步推进,一般,首次关注,华鑫证券,"杜永宏,陈成",2022Q4,504200.0,,158100.0,139000.0,2.02,55.2,,15.5,,推荐,,
300601.SZ,康泰生物,20211125,康泰生物：重磅品种放量在即，产品梯队稳步推进,一般,首次关注,华鑫证券,"杜永宏,陈成",2021Q4,268000.0,,89400.0,78600.0,1.14,97.6,,9.8,,推荐,,
601689.SH,拓普集团,20211125,拓普集团：战略布局空悬系统，产品线进一步拓展,点评,一般报告,兴业证券,"戴畅,董晓彬,刘洁",2023Q4,1630900.0,,213700.0,187400.0,1.7,34.1,,14.0,,审慎增持,,
601689.SH,拓普集团,20211125,拓普集团：战略布局空悬系统，产品线进一步拓展,点评,一般报告,兴业证券,"戴畅,董晓彬,刘洁",2022Q4,1482700.0,,186100.0,164600.0,1.49,38.8,,13.7,,审慎增持,,
601689.SH,拓普集团,20211125,拓普集团：战略布局空悬系统，产品线进一步拓展,点评,一般报告,兴业证券,"戴畅,董晓彬,刘洁",2021Q4,1193900.0,,128700.0,113800.0,1.03,56.2,,10.6,,审慎增持,,
600754.SH,锦江酒店,20211125,锦江酒店：锦江国际私有化锦江资本，加速酒店业务整合,点评,一般报告,招商证券,"丁浙川,李秀敏,徐锡联",2023Q4,1816500.0,,282500.0,185500.0,1.73,30.9,,12.0,3.1,强烈推荐,,54.0
600754.SH,锦江酒店,20211125,锦江酒店：锦江国际私有化锦江资本，加速酒店业务整合,点评,一般报告,招商证券,"丁浙川,李秀敏,徐锡联",2022Q4,1587000.0,,222700.0,145700.0,1.36,39.4,,10.0,3.4,强烈推荐,,54.0
600754.SH,锦江酒店,20211125,锦江酒店：锦江国际私有化锦江资本，加速酒店业务整合,点评,一般报告,招商证券,"丁浙川,李秀敏,徐锡联",2021Q4,1234400.0,,56600.0,32000.0,0.3,179.2,,2.8,6.0,强烈推荐,,54.0
688288.SH,鸿泉物联,20211125,鸿泉物联跟踪点评：商用车车载电子龙头，基本面拐点逐步确立,点评,一般报告,中信证券,黄亚元,2022Q4,84100.0,,14700.0,14100.0,1.4,29.5,,13.4,25.0,买入,,56.0
688288.SH,鸿泉物联,20211125,鸿泉物联跟踪点评：商用车车载电子龙头，基本面拐点逐步确立,点评,一般报告,中信证券,黄亚元,2021Q4,40100.0,,5400.0,5100.0,0.51,80.9,,5.5,68.8,买入,,56.0
688082.SH,盛美上海,20211125,盛美上海：引领半导体清洗设备国产化，加速平台化布局,深度,首次关注,国金证券,"赵晋,邵广雨,郑弼禹",2023Q4,359300.0,150000.0,71200.0,64100.0,1.477,93.33,,11.19,,买入,,165.8
688082.SH,盛美上海,20211125,盛美上海：引领半导体清洗设备国产化，加速平台化布局,深度,首次关注,国金证券,"赵晋,邵广雨,郑弼禹",2022Q4,259500.0,108900.0,54600.0,49100.0,1.133,121.75,,9.38,,买入,,165.8
688082.SH,盛美上海,20211125,盛美上海：引领半导体清洗设备国产化，加速平台化布局,深度,首次关注,国金证券,"赵晋,邵广雨,郑弼禹",2021Q4,159100.0,67000.0,30900.0,27800.0,0.641,215.09,,5.71,,买入,,165.8
600223.SH,鲁商发展,20211125,鲁商发展：拟引入腾讯、壹网壹创等优质战投，赋能化妆品发展,点评,一般报告,国联证券,顾熹闽,2022Q4,1825500.0,,153400.0,89920.0,0.89,16.55,,17.31,12.86,买入,,21.01
688288.SH,鸿泉物联,20211125,鸿泉物联跟踪点评：商用车车载电子龙头，基本面拐点逐步确立,点评,一般报告,中信证券,黄亚元,2023Q4,114200.0,,19400.0,18500.0,1.84,22.4,,15.6,18.2,买入,,56.0
603737.SH,三棵树,20211125,三棵树：渠道赋能深刻，客户结构高质量上行,点评,一般报告,中金,"陈彦,杨茂达,龚晴,刘嘉忱",2022Q4,1627500.0,,109700.0,90400.0,2.4,51.5,0.6,30.0,34.1,跑赢行业,,144.0
603737.SH,三棵树,20211125,三棵树：渠道赋能深刻，客户结构高质量上行,点评,一般报告,中金,"陈彦,杨茂达,龚晴,刘嘉忱",2021Q4,1243200.0,,29900.0,24000.0,0.64,193.8,0.2,9.4,90.4,跑赢行业,,144.0
002011.SZ,盾安环境,20211125,盾安环境：关注函回复消除不确定性，坚定看好制冷＋热管理,点评,一般报告,信达证券,罗岸阳,2023Q4,1251800.0,,80900.0,68800.0,0.75,17.41,,22.8,18.2,买入,,
002011.SZ,盾安环境,20211125,盾安环境：关注函回复消除不确定性，坚定看好制冷＋热管理,点评,一般报告,信达证券,罗岸阳,2022Q4,1087200.0,,64900.0,54800.0,0.6,21.85,,23.5,21.41,买入,,
002011.SZ,盾安环境,20211125,盾安环境：关注函回复消除不确定性，坚定看好制冷＋热管理,点评,一般报告,信达证券,罗岸阳,2021Q4,938300.0,,48400.0,42000.0,0.46,28.53,,23.5,31.93,买入,,
300496.SZ,中科创达,20211124,中科创达：短中长期逻辑皆稳，黄金赛道行驶加速,深度,一般报告,西南证券,"常潇雅,叶泽佑",2023Q4,763110.0,,143573.0,137745.0,3.24,46.34,0.34,21.15,38.59,买入,,196.35
300496.SZ,中科创达,20211124,中科创达：短中长期逻辑皆稳，黄金赛道行驶加速,深度,一般报告,西南证券,"常潇雅,叶泽佑",2022Q4,554511.0,,102632.0,98259.0,2.31,64.96,0.23,18.37,53.12,买入,,196.35
300496.SZ,中科创达,20211124,中科创达：短中长期逻辑皆稳，黄金赛道行驶加速,深度,一般报告,西南证券,"常潇雅,叶泽佑",2021Q4,392520.0,,69982.0,67256.0,1.58,94.91,0.15,14.9,75.55,买入,,196.35
603517.SH,绝味食品,20211124,绝味食品：模式领先优势突出，深耕主业布局长远,深度,一般报告,财信证券,"邹建军,杨苑",2022Q4,819900.0,,163700.0,122300.0,1.99,33.65,,19.3,,推荐,,
603517.SH,绝味食品,20211124,绝味食品：模式领先优势突出，深耕主业布局长远,深度,一般报告,财信证券,"邹建军,杨苑",2021Q4,658100.0,,149500.0,111700.0,1.82,36.83,,19.9,,推荐,,
603517.SH,绝味食品,20211124,绝味食品：模式领先优势突出，深耕主业布局长远,深度,一般报告,财信证券,"邹建军,杨苑",2023Q4,1012100.0,,197500.0,147500.0,2.4,27.89,,20.4,,推荐,,
000534.SZ,万泽股份,20211124,万泽股份深度报告：高温合金业务加速兑现，军品业务进入收获期,深度,首次关注,中航证券,魏永,2023Q4,82583.0,,18807.0,15559.0,0.31,,,,,买入,,
000534.SZ,万泽股份,20211124,万泽股份深度报告：高温合金业务加速兑现，军品业务进入收获期,深度,首次关注,中航证券,魏永,2022Q4,71811.0,,16323.0,13184.0,0.27,,,,,买入,,
000534.SZ,万泽股份,20211124,万泽股份深度报告：高温合金业务加速兑现，军品业务进入收获期,深度,首次关注,中航证券,魏永,2021Q4,62992.0,,13273.0,11119.0,0.22,,,,,买入,,
000657.SZ,中钨高新,20211124,中钨高新深度报告：产业链一体化刀具龙头，央企改革轻装上阵,深度,首份报告,国元证券,"满在朋,李嘉伦",2023Q4,1568599.0,,115735.0,85644.0,0.798,21.26,,13.36,10.91,买入,,
000657.SZ,中钨高新,20211124,中钨高新深度报告：产业链一体化刀具龙头，央企改革轻装上阵,深度,首份报告,国元证券,"满在朋,李嘉伦",2022Q4,1407147.0,,96125.0,71101.0,0.662,25.61,,12.8,12.15,买入,,
000657.SZ,中钨高新,20211124,中钨高新深度报告：产业链一体化刀具龙头，央企改革轻装上阵,深度,首份报告,国元证券,"满在朋,李嘉伦",2021Q4,1263197.0,,73721.0,54582.0,0.508,33.36,,11.27,14.38,买入,,
688981.SH,中芯国际,20211124,中芯国际,点评,首份报告,华兴证券,王一鸣,Q,,,,,,,,,,买入,,72.5
688037.SH,芯源微,20211124,半导体：从上一轮周期看当前发展阶段,非个股,一般报告,财信证券,"何晨,张看",2022Q4,,,,13633.272,1.62,,,,,谨慎推荐,,
688037.SH,芯源微,20211124,半导体：从上一轮周期看当前发展阶段,非个股,一般报告,财信证券,"何晨,张看",2021Q4,,,,8499.756,1.01,,,,,谨慎推荐,,
688200.SH,华峰测控,20211124,半导体：从上一轮周期看当前发展阶段,非个股,一般报告,财信证券,"何晨,张看",2022Q4,,,,56422.454,9.2,,,,,推荐,,
688200.SH,华峰测控,20211124,半导体：从上一轮周期看当前发展阶段,非个股,一般报告,财信证券,"何晨,张看",2021Q4,,,,41090.265,6.7,,,,,推荐,,
300496.SZ,中科创达,20211124,中科创达：全球领先的平台型智能操作系统服务商,深度,首次评级,信达证券,罗云扬,2023Q4,711900.0,,132600.0,127700.0,3.0,50.0,,17.4,53.51,买入,,
300496.SZ,中科创达,20211124,中科创达：全球领先的平台型智能操作系统服务商,深度,首次评级,信达证券,罗云扬,2022Q4,526000.0,,96800.0,93300.0,2.19,68.45,,15.3,71.17,买入,,
600754.SH,锦江酒店,20211124,Jin_Jiang_International_Hotels：No_Immediate_Impact_from_the_Potential_Privatization_of_Parent_Company,点评,首份报告,Morgan Stanley,"Dan Xu,Praveen K Choudhary",2022Q4,1470600.0,,,149300.0,1.4,,1.1,8.3,16.8,Overweight,,63.0
600754.SH,锦江酒店,20211124,Jin_Jiang_International_Hotels：No_Immediate_Impact_from_the_Potential_Privatization_of_Parent_Company,点评,首份报告,Morgan Stanley,"Dan Xu,Praveen K Choudhary",2021Q4,1145400.0,,,52900.0,0.494,,0.6,4.2,29.7,Overweight,,63.0
600641.SH,万业企业,20211124,半导体：从上一轮周期看当前发展阶段,非个股,一般报告,财信证券,"何晨,张看",2022Q4,,,,51728.242,0.54,,,,,谨慎推荐,,
600641.SH,万业企业,20211124,半导体：从上一轮周期看当前发展阶段,非个股,一般报告,财信证券,"何晨,张看",2021Q4,,,,41191.007,0.43,,,,,谨慎推荐,,
002371.SZ,北方华创,20211124,半导体：从上一轮周期看当前发展阶段,非个股,一般报告,财信证券,"何晨,张看",2022Q4,,,,127196.989,2.42,,,,,推荐,,
002371.SZ,北方华创,20211124,半导体：从上一轮周期看当前发展阶段,非个股,一般报告,财信证券,"何晨,张看",2021Q4,,,,89353.257,1.7,,,,,推荐,,
603690.SH,至纯科技,20211124,半导体：从上一轮周期看当前发展阶段,非个股,一般报告,财信证券,"何晨,张看",2022Q4,,,,44590.066,1.4,,,,,谨慎推荐,,
603690.SH,至纯科技,20211124,半导体：从上一轮周期看当前发展阶段,非个股,一般报告,财信证券,"何晨,张看",2021Q4,,,,33442.55,1.05,,,,,谨慎推荐,,
002032.SZ,苏泊尔,20211124,消费向大促节点集中——家电10月数据点评,非个股,一般报告,中泰证券,"邓欣,姚玮",2022Q4,,,,226429.973,2.8,,,,,增持,,
002032.SZ,苏泊尔,20211124,消费向大促节点集中——家电10月数据点评,非个股,一般报告,中泰证券,"邓欣,姚玮",2021Q4,,,,194082.834,2.4,,,,,增持,,
300496.SZ,中科创达,20211124,中科创达：全球领先的平台型智能操作系统服务商,深度,首次评级,信达证券,罗云扬,2021Q4,378000.0,,68700.0,66200.0,1.56,96.38,,12.9,94.82,买入,,
600754.SH,锦江酒店,20211124,Jin_Jiang_International_Hotels：No_Immediate_Impact_from_the_Potential_Privatization_of_Parent_Company,点评,首份报告,Morgan Stanley,"Dan Xu,Praveen K Choudhary",2023Q4,1602200.0,,,200700.0,1.88,,1.4,10.7,13.4,Overweight,,63.0
603267.SH,鸿远电子,20211124,鸿远电子：军工高景气延续，公司自产业务有望再提速,点评,一般报告,方正证券,"鲍学博,马强",2022Q4,341900.0,,141300.0,120300.0,5.18,32.49,,25.54,23.36,强烈推荐,,
603267.SH,鸿远电子,20211124,鸿远电子：军工高景气延续，公司自产业务有望再提速,点评,一般报告,方正证券,"鲍学博,马强",2021Q4,255500.0,,100000.0,85200.0,3.66,45.9,,24.28,33.42,强烈推荐,,
600223.SH,鲁商发展,20211124,鲁商发展：福瑞达生物引入多元化战投，化妆品业务加速发展,点评,一般报告,广发证券,"洪涛,嵇文欣,王薇",2022Q4,1594500.0,,130200.0,96700.0,0.96,15.4,,16.6,9.83,买入,,18.88
600223.SH,鲁商发展,20211124,鲁商发展：福瑞达生物引入多元化战投，化妆品业务加速发展,点评,一般报告,广发证券,"洪涛,嵇文欣,王薇",2021Q4,1460800.0,,98500.0,78000.0,0.77,19.07,,16.1,12.88,买入,,18.88
600223.SH,鲁商发展,20211124,鲁商发展：福瑞达生物引入多元化战投，化妆品业务加速发展,点评,一般报告,广发证券,"洪涛,嵇文欣,王薇",2023Q4,1748900.0,,161700.0,120000.0,1.19,12.4,,17.1,7.88,买入,,18.88
603267.SH,鸿远电子,20211124,鸿远电子：军工高景气延续，公司自产业务有望再提速,点评,一般报告,方正证券,"鲍学博,马强",2023Q4,444300.0,,187800.0,159900.0,6.88,24.45,,25.34,17.19,强烈推荐,,
603995.SH,甬金股份,20211124,甬金股份首次覆盖报告：高周转＋高产能双轮驱动，公司高利润增速可期,深度,首次关注,西部证券,李伟峰,2023Q4,4422000.0,,183400.0,115500.0,4.96,10.2,,23.4,,增持,,63.36
603995.SH,甬金股份,20211124,甬金股份首次覆盖报告：高周转＋高产能双轮驱动，公司高利润增速可期,深度,首次关注,西部证券,李伟峰,2022Q4,3896600.0,,146700.0,92400.0,3.96,12.7,,22.8,,增持,,63.36
603995.SH,甬金股份,20211124,甬金股份首次覆盖报告：高周转＋高产能双轮驱动，公司高利润增速可期,深度,首次关注,西部证券,李伟峰,2021Q4,2888500.0,,85600.0,58400.0,2.5,20.2,,17.2,,增持,,63.36
300726.SZ,宏达电子,20211124,短调整创造布局机会，长逻辑坚定投资价值——国防军工行业2022年投资策略,非个股,一般报告,光大证券,"王锐,刘宇辰",2023Q4,370459.0,,,144352.0,3.61,,,28.26,,买入,,
300726.SZ,宏达电子,20211124,短调整创造布局机会，长逻辑坚定投资价值——国防军工行业2022年投资策略,非个股,一般报告,光大证券,"王锐,刘宇辰",2022Q4,284717.0,,,108631.0,2.72,,,28.58,,买入,,
300496.SZ,中科创达,20211124,计算机：趋势好，估值底，待风起,非个股,一般报告,中信建投,"金戈,甘洋科",2023Q4,,,,124000.0,2.917,,,,,买入,,
300496.SZ,中科创达,20211124,计算机：趋势好，估值底，待风起,非个股,一般报告,中信建投,"金戈,甘洋科",2022Q4,,,,93000.0,2.188,,,,,买入,,
300496.SZ,中科创达,20211124,计算机：趋势好，估值底，待风起,非个股,一般报告,中信建投,"金戈,甘洋科",2021Q4,,,,66000.0,1.553,,,,,买入,,
300726.SZ,宏达电子,20211124,短调整创造布局机会，长逻辑坚定投资价值——国防军工行业2022年投资策略,非个股,一般报告,光大证券,"王锐,刘宇辰",2021Q4,204714.0,,,76293.0,1.91,,,27.13,,买入,,
300416.SZ,苏试试验,20211124,短调整创造布局机会，长逻辑坚定投资价值——国防军工行业2022年投资策略,非个股,一般报告,光大证券,"王锐,刘宇辰",2023Q4,217189.0,,,28659.0,1.09,,,18.09,,买入,,
300416.SZ,苏试试验,20211124,短调整创造布局机会，长逻辑坚定投资价值——国防军工行业2022年投资策略,非个股,一般报告,光大证券,"王锐,刘宇辰",2022Q4,181634.0,,,22843.0,0.87,,,16.9,,买入,,
300416.SZ,苏试试验,20211124,短调整创造布局机会，长逻辑坚定投资价值——国防军工行业2022年投资策略,非个股,一般报告,光大证券,"王锐,刘宇辰",2021Q4,148327.0,,,17345.0,0.66,,,14.89,,买入,,
688682.SH,霍莱沃,20211124,国元早安直通车,非个股,一般报告,国元证券,"耿军军,陈图南",2023Q4,57600.0,,,11700.0,3.17,,,,,买入,,168.0
688682.SH,霍莱沃,20211124,国元早安直通车,非个股,一般报告,国元证券,"耿军军,陈图南",2022Q4,42900.0,,,8600.0,2.32,,,,,买入,,168.0
688682.SH,霍莱沃,20211124,国元早安直通车,非个股,一般报告,国元证券,"耿军军,陈图南",2021Q4,31500.0,,,6200.0,1.68,,,,,买入,,168.0
000538.SZ,云南白药,20211124,医药健康：溯源而上，掘金创新,非个股,一般报告,华泰证券,代雯,2023Q4,5470000.0,,,680000.0,5.3,,,,,增持,,118.66
000538.SZ,云南白药,20211124,医药健康：溯源而上，掘金创新,非个股,一般报告,华泰证券,代雯,2022Q4,4650000.0,,,594000.0,4.63,,,,,增持,,118.66
000538.SZ,云南白药,20211124,医药健康：溯源而上，掘金创新,非个股,一般报告,华泰证券,代雯,2021Q4,3910000.0,,,341000.0,2.65,,,,,增持,,118.66
688561.SH,奇安信,20211124,计算机：趋势好，估值底，待风起,非个股,一般报告,中信建投,"金戈,甘洋科",2022Q4,838400.0,,,34500.0,0.508,,,,,无,,
688561.SH,奇安信,20211124,计算机：趋势好，估值底，待风起,非个股,一般报告,中信建投,"金戈,甘洋科",2021Q4,599200.0,,,1200.0,0.018,,,,,无,,
603799.SH,华友钴业,20211124,角力镍资源布局、产能扩建抢占份额：三元前驱体行业深度报告,非个股,一般报告,招商证券,"刘文平,刘伟洁,赖如川",2022Q4,,,,418881.37,3.43,,,,,强烈推荐,,
603799.SH,华友钴业,20211124,角力镍资源布局、产能扩建抢占份额：三元前驱体行业深度报告,非个股,一般报告,招商证券,"刘文平,刘伟洁,赖如川",2021Q4,,,,321183.091,2.63,,,,,强烈推荐,,
600150.SH,中国船舶,20211124,短调整创造布局机会，长逻辑坚定投资价值——国防军工行业2022年投资策略,非个股,一般报告,光大证券,"王锐,刘宇辰",2023Q4,7590261.0,,,270863.0,0.61,,,5.53,,增持,,
600150.SH,中国船舶,20211124,短调整创造布局机会，长逻辑坚定投资价值——国防军工行业2022年投资策略,非个股,一般报告,光大证券,"王锐,刘宇辰",2021Q4,6134904.0,,,62184.0,0.14,,,1.34,,增持,,
600588.SH,用友网络,20211124,计算机：趋势好，估值底，待风起,非个股,一般报告,中信建投,"金戈,甘洋科",2022Q4,1165000.0,,,118000.0,0.361,,,,,买入,,
600588.SH,用友网络,20211124,计算机：趋势好，估值底，待风起,非个股,一般报告,中信建投,"金戈,甘洋科",2021Q4,959000.0,,,91000.0,0.278,,,,,买入,,
600150.SH,中国船舶,20211124,短调整创造布局机会，长逻辑坚定投资价值——国防军工行业2022年投资策略,非个股,一般报告,光大证券,"王锐,刘宇辰",2022Q4,6457575.0,,,72235.0,0.16,,,1.55,,增持,,
300696.SZ,爱乐达,20211124,短调整创造布局机会，长逻辑坚定投资价值——国防军工行业2022年投资策略,非个股,一般报告,光大证券,"王锐,刘宇辰",2023Q4,103394.0,,,46468.0,1.9,,,10.0,,增持,,
300696.SZ,爱乐达,20211124,短调整创造布局机会，长逻辑坚定投资价值——国防军工行业2022年投资策略,非个股,一般报告,光大证券,"王锐,刘宇辰",2022Q4,74927.0,,,34416.0,1.41,,,8.13,,增持,,
300696.SZ,爱乐达,20211124,短调整创造布局机会，长逻辑坚定投资价值——国防军工行业2022年投资策略,非个股,一般报告,光大证券,"王锐,刘宇辰",2021Q4,51679.0,,,23558.0,0.96,,,6.0,,增持,,
300379.SZ,东方通,20211124,计算机：趋势好，估值底，待风起,非个股,一般报告,中信建投,"金戈,甘洋科",2023Q4,247000.0,,,89000.0,1.954,,,,,无,,
300379.SZ,东方通,20211124,计算机：趋势好，估值底，待风起,非个股,一般报告,中信建投,"金戈,甘洋科",2022Q4,174000.0,,,61000.0,1.339,,,,,无,,
002985.SZ,北摩高科,20211124,短调整创造布局机会，长逻辑坚定投资价值——国防军工行业2022年投资策略,非个股,一般报告,光大证券,"王锐,刘宇辰",2023Q4,201456.0,,,94818.0,3.71,,,23.45,,增持,,
002985.SZ,北摩高科,20211124,短调整创造布局机会，长逻辑坚定投资价值——国防军工行业2022年投资策略,非个股,一般报告,光大证券,"王锐,刘宇辰",2022Q4,153223.0,,,71782.0,2.81,,,22.49,,增持,,
002985.SZ,北摩高科,20211124,短调整创造布局机会，长逻辑坚定投资价值——国防军工行业2022年投资策略,非个股,一般报告,光大证券,"王锐,刘宇辰",2021Q4,111475.0,,,52169.0,2.04,,,20.5,,增持,,
002683.SZ,宏大爆破,20211124,短调整创造布局机会，长逻辑坚定投资价值——国防军工行业2022年投资策略,非个股,一般报告,光大证券,"王锐,刘宇辰",2023Q4,1079223.0,,,70630.0,0.94,,,10.86,,增持,,
002683.SZ,宏大爆破,20211124,短调整创造布局机会，长逻辑坚定投资价值——国防军工行业2022年投资策略,非个股,一般报告,光大证券,"王锐,刘宇辰",2022Q4,936397.0,,,60647.0,0.81,,,10.06,,增持,,
002683.SZ,宏大爆破,20211124,短调整创造布局机会，长逻辑坚定投资价值——国防军工行业2022年投资策略,非个股,一般报告,光大证券,"王锐,刘宇辰",2021Q4,796168.0,,,50613.0,0.68,,,9.0,,增持,,
000661.SZ,长春高新,20211124,长春高新公司简评报告：股份回购叠加股权激励，彰显公司未来发展信心,点评,一般报告,首创证券,李志新,2022Q4,1546620.0,,731800.0,567900.0,14.04,20.8,,28.3,,买入,,
000661.SZ,长春高新,20211124,长春高新公司简评报告：股份回购叠加股权激励，彰显公司未来发展信心,点评,一般报告,首创证券,李志新,2021Q4,1170450.0,,545010.0,423200.0,10.47,27.9,,28.5,,买入,,
600702.SH,舍得酒业,20211124,舍得酒业更新报告：舍得之辨：模式清晰，空间可期,一般,一般报告,国泰君安,"訾猛,李耀",2022Q4,690200.0,,,186800.0,5.62,38.64,0.9,33.2,28.33,增持,,280.0
600702.SH,舍得酒业,20211124,舍得酒业更新报告：舍得之辨：模式清晰，空间可期,一般,一般报告,国泰君安,"訾猛,李耀",2021Q4,493200.0,,,132800.0,4.0,54.35,0.7,30.2,40.32,增持,,280.0
300054.SZ,鼎龙股份,20211124,鼎龙股份点评报告：引明星信托入股鼎汇微电子，半导体业务板块前景可期,点评,一般报告,万联证券,黄侃,2023Q4,299938.0,113000.0,55000.0,42787.0,0.45,53.34,,9.0,45.19,增持,,
300054.SZ,鼎龙股份,20211124,鼎龙股份点评报告：引明星信托入股鼎汇微电子，半导体业务板块前景可期,点评,一般报告,万联证券,黄侃,2022Q4,271035.0,99700.0,45800.0,35636.0,0.38,64.05,,8.0,54.66,增持,,
000661.SZ,长春高新,20211124,长春高新公司简评报告：股份回购叠加股权激励，彰显公司未来发展信心,点评,一般报告,首创证券,李志新,2023Q4,1959730.0,,940260.0,729380.0,18.04,16.2,,27.3,,买入,,
300054.SZ,鼎龙股份,20211124,鼎龙股份点评报告：引明星信托入股鼎汇微电子，半导体业务板块前景可期,点评,一般报告,万联证券,黄侃,2021Q4,230593.0,79600.0,37000.0,28785.0,0.31,79.29,,7.0,64.61,增持,,
002154.SZ,报喜鸟,20211124,报喜鸟：多品牌驱动业绩增长，经营质量向好,深度,首次评级,广发证券,"糜韩杰,左琴琴",2023Q4,639800.0,,105100.0,77500.0,0.64,7.93,,16.2,3.7,买入,,7.72
300379.SZ,东方通,20211124,计算机：趋势好，估值底，待风起,非个股,一般报告,中信建投,"金戈,甘洋科",2021Q4,115000.0,,,42000.0,0.922,,,,,无,,
600702.SH,舍得酒业,20211124,舍得酒业更新报告：舍得之辨：模式清晰，空间可期,一般,一般报告,国泰君安,"訾猛,李耀",2023Q4,879900.0,,,250300.0,7.54,28.83,1.2,34.4,20.89,增持,,280.0
002154.SZ,报喜鸟,20211124,报喜鸟：多品牌驱动业绩增长，经营质量向好,深度,首次评级,广发证券,"糜韩杰,左琴琴",2021Q4,443800.0,,68600.0,50600.0,0.42,12.16,,14.0,6.47,买入,,7.72
002154.SZ,报喜鸟,20211124,报喜鸟：多品牌驱动业绩增长，经营质量向好,深度,首次评级,广发证券,"糜韩杰,左琴琴",2022Q4,532700.0,,85000.0,62700.0,0.51,9.81,,15.2,4.97,买入,,7.72
603393.SH,新天然气,20211124,新天然气公司首次覆盖报告：天然气全产业链布局，受益气价上涨,一般,首次评级,国泰君安,"孙羲昱,翟堃,黄振华",2023Q4,452300.0,,,111700.0,2.63,10.31,6.6,25.9,2.33,增持,,34.0
603393.SH,新天然气,20211124,新天然气公司首次覆盖报告：天然气全产业链布局，受益气价上涨,一般,首次评级,国泰君安,"孙羲昱,翟堃,黄振华",2021Q4,275400.0,,,116200.0,2.74,9.91,6.8,34.6,5.75,增持,,34.0
688063.SH,派能科技,20211124,派能科技更新报告：股权激励落地，期待22年量利齐升,点评,一般报告,国泰君安,"庞钧文,李子豪,石岩",2023Q4,589800.0,,,125200.0,8.09,29.19,0.1,22.2,25.64,增持,,333.5
688063.SH,派能科技,20211124,派能科技更新报告：股权激励落地，期待22年量利齐升,点评,一般报告,国泰君安,"庞钧文,李子豪,石岩",2022Q4,455500.0,,,103300.0,6.67,35.37,0.1,23.8,32.29,增持,,333.5
688063.SH,派能科技,20211124,派能科技更新报告：股权激励落地，期待22年量利齐升,点评,一般报告,国泰君安,"庞钧文,李子豪,石岩",2021Q4,225200.0,,,56300.0,3.64,64.9,0.1,17.2,62.07,增持,,333.5
603719.SH,良品铺子,20211124,良品铺子：优化经营，稳健进取,点评,一般报告,国泰君安,"訾猛,陈力宇",2023Q4,1328600.0,,,63800.0,1.59,27.6,0.0,15.4,20.34,增持,,50.5
603719.SH,良品铺子,20211124,良品铺子：优化经营，稳健进取,点评,一般报告,国泰君安,"訾猛,陈力宇",2022Q4,1136700.0,,,53100.0,1.32,33.15,0.0,15.1,26.04,增持,,50.5
603719.SH,良品铺子,20211124,良品铺子：优化经营，稳健进取,点评,一般报告,国泰君安,"訾猛,陈力宇",2021Q4,940400.0,,,41500.0,1.04,42.39,0.0,13.9,35.23,增持,,50.5
300623.SZ,捷捷微电,20211124,捷捷微电首次覆盖：产能持续扩张打造功率半导体IDM模式龙头,一般,首次关注,申港证券,"曲一平,宋婷",2022Q4,268222.0,,89569.0,77182.0,1.048,33.74,0.0,20.54,,买入,,
300623.SZ,捷捷微电,20211124,捷捷微电首次覆盖：产能持续扩张打造功率半导体IDM模式龙头,一般,首次关注,申港证券,"曲一平,宋婷",2021Q4,170842.0,,57505.0,49839.0,0.677,52.25,0.0,16.69,,买入,,
002488.SZ,金固股份,20211124,金固股份：自主研发阿凡达车轮技术，打开蓝海市场,一般,首次关注,东北证券,王凤华,2023Q4,531000.0,,75100.0,71100.0,0.71,11.63,0.0,14.59,,买入,,12.0
002488.SZ,金固股份,20211124,金固股份：自主研发阿凡达车轮技术，打开蓝海市场,一般,首次关注,东北证券,王凤华,2022Q4,349800.0,,30700.0,29400.0,0.29,28.11,0.0,7.07,,买入,,12.0
002488.SZ,金固股份,20211124,金固股份：自主研发阿凡达车轮技术，打开蓝海市场,一般,首次关注,东北证券,王凤华,2021Q4,282400.0,,8900.0,8300.0,0.0828,100.01,0.0,2.14,,买入,,12.0
603393.SH,新天然气,20211124,新天然气公司首次覆盖报告：天然气全产业链布局，受益气价上涨,一般,首次评级,国泰君安,"孙羲昱,翟堃,黄振华",2022Q4,340300.0,,,80400.0,1.9,14.32,4.7,21.4,3.78,增持,,34.0
300994.SZ,久祺股份,20211124,久祺股份：电助力车、自主品牌共扬帆，久祺起航正当时,一般,首次关注,中金,樊俊豪,2023Q4,576400.0,110000.0,46700.0,38300.0,,,,,,跑赢行业,,71.68
300994.SZ,久祺股份,20211124,久祺股份：电助力车、自主品牌共扬帆，久祺起航正当时,一般,首次关注,中金,樊俊豪,2022Q4,462300.0,88600.0,37700.0,30900.0,1.59,33.7,0.2,24.1,24.3,跑赢行业,,71.68
300994.SZ,久祺股份,20211124,久祺股份：电助力车、自主品牌共扬帆，久祺起航正当时,一般,首次关注,中金,樊俊豪,2021Q4,356800.0,63200.0,25600.0,21000.0,1.08,49.6,0.1,26.7,36.2,跑赢行业,,71.68
300253.SZ,卫宁健康,20211124,卫宁健康：携手复星，加速探索医疗IT线上线下一体化,点评,一般报告,中金,"王之昊,于钟海",2021Q4,290200.0,,67800.0,62800.0,0.29,52.5,0.2,13.0,43.9,跑赢行业,,22.0
688082.SH,盛美上海,20211124,盛美上海：半导体清洗王者归来，再战多领域开辟新市场,深度,首次关注,东北证券,程雅琪,2022Q4,260698.0,,40100.0,36100.0,0.83,157.98,0.0,21.63,,买入,,151.67
601689.SH,拓普集团,20211124,拓普集团：进军空气悬架，业绩高增的Tier_0.5,点评,一般报告,华西证券,崔琰,2023Q4,2073700.0,,268700.0,231800.0,2.1,27.61,,17.0,,买入,,
601689.SH,拓普集团,20211124,拓普集团：进军空气悬架，业绩高增的Tier_0.5,点评,一般报告,华西证券,崔琰,2022Q4,1595100.0,,213700.0,184400.0,1.67,34.72,,16.5,,买入,,
301071.SZ,力量钻石,20211124,力量钻石：培育钻石乘风而起，中国“力量”助力克拉自由,深度,首次关注,东吴证券,"吴劲草,周尔双,谭志千",2023Q4,124600.0,81000.0,70200.0,59400.0,9.83,34.58,,30.2,26.24,买入,,
301071.SZ,力量钻石,20211124,力量钻石：培育钻石乘风而起，中国“力量”助力克拉自由,深度,首次关注,东吴证券,"吴劲草,周尔双,谭志千",2022Q4,84100.0,52700.0,46700.0,39900.0,6.61,51.42,,29.1,39.79,买入,,
301071.SZ,力量钻石,20211124,力量钻石：培育钻石乘风而起，中国“力量”助力克拉自由,深度,首次关注,东吴证券,"吴劲草,周尔双,谭志千",2021Q4,48800.0,28100.0,24600.0,21400.0,3.54,95.97,,22.0,74.86,买入,,
000768.SZ,中航西飞,20211124,中航西飞：军民飞机齐放量，盈利提升可预期,深度,首份报告,申万宏源证券,"韩强,武雨桐,陈海波",2023Q4,5752300.0,,223100.0,178200.0,0.64,57.0,,9.3,,买入,,
688520.SH,神州细胞,20211124,神州细胞：获批科创板首家定增，研发国际化再添助力,点评,一般报告,国金证券,赵海春,2021Q4,8600.0,7700.0,-93400.0,-93400.0,-2.145,,,,,买入,,
603456.SH,九洲药业,20211124,九洲药业：并购泰华，再度提升产能天花板,点评,一般报告,华泰证券,"代雯,袁中平",2023Q4,681300.0,266500.0,146900.0,122500.0,1.47,38.25,,24.37,28.17,买入,,79.95
603456.SH,九洲药业,20211124,九洲药业：并购泰华，再度提升产能天花板,点评,一般报告,华泰证券,"代雯,袁中平",2022Q4,547300.0,208600.0,108300.0,90241.0,1.08,51.94,,21.84,36.39,买入,,79.95
603456.SH,九洲药业,20211124,九洲药业：并购泰华，再度提升产能天花板,点评,一般报告,华泰证券,"代雯,袁中平",2021Q4,405000.0,160600.0,78838.0,65288.0,0.78,71.78,,19.07,54.39,买入,,79.95
300316.SZ,晶盛机电,20211124,晶盛机电：与应材合作遇波折，长期发展逻辑不变,点评,一般报告,中金,"张梓丁,陈显帆,严佳",2022Q4,1044900.0,,290700.0,249800.0,1.94,36.7,0.8,32.4,29.7,跑赢行业,,97.15
300316.SZ,晶盛机电,20211124,晶盛机电：与应材合作遇波折，长期发展逻辑不变,点评,一般报告,中金,"张梓丁,陈显帆,严佳",2021Q4,676100.0,,186000.0,159900.0,1.24,57.3,0.5,26.8,45.9,跑赢行业,,97.15
300253.SZ,卫宁健康,20211124,卫宁健康：携手复星，加速探索医疗IT线上线下一体化,点评,一般报告,中金,"王之昊,于钟海",2022Q4,370500.0,,92100.0,85800.0,0.4,38.4,0.3,15.5,32.7,跑赢行业,,22.0
688082.SH,盛美上海,20211124,盛美上海：半导体清洗王者归来，再战多领域开辟新市场,深度,首次关注,东北证券,程雅琪,2023Q4,402834.0,,62900.0,56600.0,1.31,100.81,0.0,25.31,,买入,,151.67
688082.SH,盛美上海,20211124,盛美上海：半导体清洗王者归来，再战多领域开辟新市场,深度,首次关注,东北证券,程雅琪,2021Q4,159402.0,,24100.0,21700.0,0.5,262.83,0.0,16.59,,买入,,151.67
601689.SH,拓普集团,20211124,拓普集团：进军空气悬架，业绩高增的Tier_0.5,点评,一般报告,华西证券,崔琰,2021Q4,1131300.0,,135400.0,116800.0,1.06,54.71,,12.8,,买入,,
000768.SZ,中航西飞,20211124,中航西飞：军民飞机齐放量，盈利提升可预期,深度,首份报告,申万宏源证券,"韩强,武雨桐,陈海波",2022Q4,4573600.0,,159800.0,127800.0,0.46,80.0,,7.3,,买入,,
000768.SZ,中航西飞,20211124,中航西飞：军民飞机齐放量，盈利提升可预期,深度,首份报告,申万宏源证券,"韩强,武雨桐,陈海波",2021Q4,3770000.0,,122500.0,98000.0,0.35,104.0,,6.0,,买入,,
601689.SH,拓普集团,20211124,拓普集团：布局空气悬架业务，扩宽成长空间,点评,一般报告,华泰证券,"林志轩,邢重阳",2023Q4,1763800.0,,202700.0,180200.0,1.63,35.47,,13.36,21.09,买入,,70.72
600223.SH,鲁商发展,20211124,鲁商发展：腾讯、网创等将增资福瑞达生物,点评,一般报告,华泰证券,"陈慎,孙丹阳,林正衡,沈晓峰",2023Q4,2550500.0,,211500.0,142800.0,1.41,10.43,,15.51,7.91,买入,,19.23
600223.SH,鲁商发展,20211124,鲁商发展：腾讯、网创等将增资福瑞达生物,点评,一般报告,华泰证券,"陈慎,孙丹阳,林正衡,沈晓峰",2022Q4,2030700.0,,169200.0,114200.0,1.13,13.03,,14.6,15.28,买入,,19.23
600223.SH,鲁商发展,20211124,鲁商发展：腾讯、网创等将增资福瑞达生物,点评,一般报告,华泰证券,"陈慎,孙丹阳,林正衡,沈晓峰",2021Q4,1619300.0,,126100.0,85102.0,0.84,17.49,,12.67,6.8,买入,,19.23
600223.SH,鲁商发展,20211124,鲁商发展：引进战投即将落地，助力化妆品业务腾飞,点评,一般报告,信达证券,"汲肖飞,李媛媛",2023Q4,1461100.0,,141100.0,105700.0,1.05,14.08,,14.8,13.38,买入,,
600223.SH,鲁商发展,20211124,鲁商发展点评报告：化妆品子公司拟引入战投，腾讯、壹网壹创等参与,点评,一般报告,浙商证券,"马莉,王长龙,汤秀洁,詹陆雨,周明蕊",2023Q4,1859900.0,,161000.0,120500.0,1.19,12.35,,13.81,3.6,增持,,
600223.SH,鲁商发展,20211124,鲁商发展：引进战投即将落地，助力化妆品业务腾飞,点评,一般报告,信达证券,"汲肖飞,李媛媛",2021Q4,1259600.0,,100500.0,75300.0,0.75,19.76,,15.2,16.15,买入,,
600223.SH,鲁商发展,20211124,鲁商发展点评报告：化妆品子公司拟引入战投，腾讯、壹网壹创等参与,点评,一般报告,浙商证券,"马莉,王长龙,汤秀洁,詹陆雨,周明蕊",2022Q4,1650600.0,,114700.0,85800.0,0.85,17.35,,11.16,6.91,增持,,
301055.SZ,张小泉,20211124,张小泉：百年品牌，良钢精作，产品多元化＆深耕销售网络驱动增长,一般,首次关注,天风证券,"刘章明,范张翔,吴慧迪",2022Q4,93750.0,,14964.0,11956.0,0.77,32.33,,14.02,20.92,买入,,26.32
301055.SZ,张小泉,20211124,张小泉：百年品牌，良钢精作，产品多元化＆深耕销售网络驱动增长,一般,首次关注,天风证券,"刘章明,范张翔,吴慧迪",2021Q4,75000.0,,11177.0,8930.0,0.57,43.29,,12.18,28.16,买入,,26.32
300725.SZ,药石科技,20211124,药石科技更新报告：模式切换，CDMO启程,一般,一般报告,浙商证券,孙建,2023Q4,290600.0,,72800.0,65600.0,3.28,43.0,,16.08,36.0,买入,,
300725.SZ,药石科技,20211124,药石科技更新报告：模式切换，CDMO启程,一般,一般报告,浙商证券,孙建,2022Q4,208000.0,,51500.0,46400.0,2.32,60.0,,15.61,50.0,买入,,
300725.SZ,药石科技,20211124,药石科技更新报告：模式切换，CDMO启程,一般,一般报告,浙商证券,孙建,2021Q4,126200.0,,56600.0,50900.0,2.55,55.0,,23.35,48.0,买入,,
002988.SZ,豪美新材,20211124,豪美新材：铝材龙头转型升级，聚焦系统门窗和汽车轻量化,深度,首次关注,招商证券,"郑晓刚,汪刘胜,于泽群",2023Q4,583300.0,,37200.0,34400.0,1.48,14.1,,12.7,10.9,强烈推荐,,
002988.SZ,豪美新材,20211124,豪美新材：铝材龙头转型升级，聚焦系统门窗和汽车轻量化,深度,首次关注,招商证券,"郑晓刚,汪刘胜,于泽群",2022Q4,482500.0,,26600.0,24600.0,1.06,19.8,,10.1,14.2,强烈推荐,,
002988.SZ,豪美新材,20211124,豪美新材：铝材龙头转型升级，聚焦系统门窗和汽车轻量化,深度,首次关注,招商证券,"郑晓刚,汪刘胜,于泽群",2021Q4,397800.0,,14800.0,13700.0,0.59,35.6,,6.1,20.2,强烈推荐,,
301055.SZ,张小泉,20211124,张小泉：百年品牌，良钢精作，产品多元化＆深耕销售网络驱动增长,一般,首次关注,天风证券,"刘章明,范张翔,吴慧迪",2023Q4,118125.0,,19192.0,15334.0,0.98,25.21,,15.24,16.1,买入,,26.32
002594.SZ,比亚迪,20211124,比亚迪系列深度报告（二）：车型矩阵重塑，智能化能力显现,深度,一般报告,中信证券,"袁健聪,尹欣驰,李景涛,李鹞,吴威辰,滕冠兴,李子俊,王诗宸",2021Q4,23054088.0,,654790.0,454342.0,1.56,199.0,,4.2,51.0,买入,,455.7
002415.SZ,海康威视,20211124,海康威视：三大BG明年应更乐观，估值中枢上行可期！,一般,一般报告,申万宏源证券,"施鑫展,洪依真,骆思远,刘洋",2023Q4,11249700.0,5219400.0,2997400.0,2578400.0,2.76,18.0,,28.0,,买入,,
002415.SZ,海康威视,20211124,海康威视：三大BG明年应更乐观，估值中枢上行可期！,一般,一般报告,申万宏源证券,"施鑫展,洪依真,骆思远,刘洋",2022Q4,9466900.0,4340500.0,2451200.0,2115500.0,2.27,21.0,,27.5,,买入,,
002594.SZ,比亚迪,20211124,比亚迪系列深度报告（二）：车型矩阵重塑，智能化能力显现,深度,一般报告,中信证券,"袁健聪,尹欣驰,李景涛,李鹞,吴威辰,滕冠兴,李子俊,王诗宸",2022Q4,36736729.0,,1220060.0,895776.0,3.08,101.0,,7.69,34.0,买入,,455.7
002415.SZ,海康威视,20211124,海康威视：三大BG明年应更乐观，估值中枢上行可期！,一般,一般报告,申万宏源证券,"施鑫展,洪依真,骆思远,刘洋",2021Q4,7942600.0,3568900.0,1958100.0,1712300.0,1.83,27.0,,26.7,,买入,,
002271.SZ,东方雨虹,20211124,东方雨虹深度跟踪报告：高分子卷材东风渐至，龙头先发抢占机遇,深度,一般报告,中信证券,"孙明新,冷威",2022Q4,3888377.0,,735200.0,594533.0,2.36,17.9,,19.03,13.3,买入,,71.0
002271.SZ,东方雨虹,20211124,东方雨虹深度跟踪报告：高分子卷材东风渐至，龙头先发抢占机遇,深度,一般报告,中信证券,"孙明新,冷威",2021Q4,3051234.0,,566100.0,460539.0,1.82,23.2,,17.45,16.8,买入,,71.0
688793.SH,倍轻松,20211124,倍轻松：按摩小家电领军企业，空间广阔刚启程,深度,一般报告,东北证券,陈玉卢,2023Q4,237400.0,,25200.0,21500.0,3.49,30.6,0.0,19.88,,买入,,135.0
688793.SH,倍轻松,20211124,倍轻松：按摩小家电领军企业，空间广阔刚启程,深度,一般报告,东北证券,陈玉卢,2022Q4,175800.0,,18500.0,15900.0,2.57,41.51,0.0,18.29,,买入,,135.0
688793.SH,倍轻松,20211124,倍轻松：按摩小家电领军企业，空间广阔刚启程,深度,一般报告,东北证券,陈玉卢,2021Q4,124000.0,,13600.0,11600.0,1.88,56.93,0.0,16.32,,买入,,135.0
688733.SH,壹石通,20211124,壹石通：从勃姆石到无机非金属材料平台类公司,一般,一般报告,天风证券,孙潇雅,2023Q4,176795.0,,58534.0,52681.0,2.89,26.49,,26.64,22.83,买入,,101.15
688733.SH,壹石通,20211124,壹石通：从勃姆石到无机非金属材料平台类公司,一般,一般报告,天风证券,孙潇雅,2022Q4,85823.0,,26301.0,23671.0,1.3,58.96,,16.32,49.2,买入,,101.15
688733.SH,壹石通,20211124,壹石通：从勃姆石到无机非金属材料平台类公司,一般,一般报告,天风证券,孙潇雅,2021Q4,39918.0,,11440.0,10010.0,0.55,139.44,,8.25,105.86,买入,,101.15
688006.SH,杭可科技,20211124,杭可科技：后道锂电设备龙头，受益全球锂电扩产浪潮,深度,首份报告,广发证券,"代川,朱宇航,范方舟",2022Q4,450100.0,,87300.0,75900.0,1.88,64.78,,23.7,50.28,买入,,131.83
688006.SH,杭可科技,20211124,杭可科技：后道锂电设备龙头，受益全球锂电扩产浪潮,深度,首份报告,广发证券,"代川,朱宇航,范方舟",2021Q4,249800.0,,46900.0,40900.0,1.01,120.21,,14.9,92.69,买入,,131.83
601390.SH,中国中铁,20211124,中国中铁：国改迈出一大步，基建龙头迎来价值重估,深度,首次关注,长江证券,"毕春晖,李家明,张智杰",2023Q4,132337100.0,13228400.0,4552000.0,3413100.0,1.39,3.88,,9.6,3.57,买入,,
601390.SH,中国中铁,20211124,中国中铁：国改迈出一大步，基建龙头迎来价值重估,深度,首次关注,长江证券,"毕春晖,李家明,张智杰",2022Q4,120415000.0,11998800.0,4033400.0,3024200.0,1.23,4.38,,9.5,4.02,买入,,
601390.SH,中国中铁,20211124,中国中铁：国改迈出一大步，基建龙头迎来价值重估,深度,首次关注,长江证券,"毕春晖,李家明,张智杰",2021Q4,108068500.0,10853900.0,3641800.0,2715800.0,1.11,4.88,,9.5,4.35,买入,,
600206.SH,有研新材,20211124,有研新材深度跟踪报告：靶材国产替代龙头，加速扩产紧握行业机遇,深度,一般报告,中信证券,"李超,敖翀,肖锐",2023Q4,1632571.0,,81100.0,66850.0,0.79,19.2,,16.22,14.6,买入,,24.9
600206.SH,有研新材,20211124,有研新材深度跟踪报告：靶材国产替代龙头，加速扩产紧握行业机遇,深度,一般报告,中信证券,"李超,敖翀,肖锐",2022Q4,1510443.0,,56200.0,46810.0,0.55,27.6,,12.54,20.0,买入,,24.9
600158.SH,中体产业,20211124,中体产业深度报告：体育资源积淀丰厚，始终植根产业发展,深度,一般报告,渤海证券,姚磊,2022Q4,330744.0,,36000.0,11354.0,0.12,102.93,,4.25,33.04,增持,,
601689.SH,拓普集团,20211124,拓普集团：布局空气悬架业务，扩宽成长空间,点评,一般报告,华泰证券,"林志轩,邢重阳",2022Q4,1454100.0,,168000.0,149300.0,1.36,42.79,,12.4,24.75,买入,,70.72
601689.SH,拓普集团,20211124,拓普集团：布局空气悬架业务，扩宽成长空间,点评,一般报告,华泰证券,"林志轩,邢重阳",2021Q4,1198900.0,,135300.0,120200.0,1.09,53.15,,11.08,30.44,买入,,70.72
600223.SH,鲁商发展,20211124,鲁商发展：引进战投即将落地，助力化妆品业务腾飞,点评,一般报告,信达证券,"汲肖飞,李媛媛",2022Q4,1356600.0,,119200.0,89400.0,0.89,16.65,,15.0,15.38,买入,,
600223.SH,鲁商发展,20211124,鲁商发展点评报告：化妆品子公司拟引入战投，腾讯、壹网壹创等参与,点评,一般报告,浙商证券,"马莉,王长龙,汤秀洁,詹陆雨,周明蕊",2021Q4,1295400.0,,99500.0,74500.0,0.74,19.99,,10.81,6.88,增持,,
002594.SZ,比亚迪,20211124,比亚迪系列深度报告（二）：车型矩阵重塑，智能化能力显现,深度,一般报告,中信证券,"袁健聪,尹欣驰,李景涛,李鹞,吴威辰,滕冠兴,李子俊,王诗宸",2023Q4,49835684.0,,1988240.0,1521738.0,5.23,59.0,,11.68,24.0,买入,,455.7
002271.SZ,东方雨虹,20211124,东方雨虹深度跟踪报告：高分子卷材东风渐至，龙头先发抢占机遇,深度,一般报告,中信证券,"孙明新,冷威",2023Q4,4866248.0,,917200.0,745265.0,2.95,14.3,,19.94,10.9,买入,,71.0
688006.SH,杭可科技,20211124,杭可科技：后道锂电设备龙头，受益全球锂电扩产浪潮,深度,首份报告,广发证券,"代川,朱宇航,范方舟",2023Q4,623800.0,,123600.0,107600.0,2.67,45.72,,27.7,35.14,买入,,131.83
600206.SH,有研新材,20211124,有研新材深度跟踪报告：靶材国产替代龙头，加速扩产紧握行业机遇,深度,一般报告,中信证券,"李超,敖翀,肖锐",2021Q4,1401253.0,,35100.0,28940.0,0.34,44.6,,8.41,30.1,买入,,24.9
600158.SH,中体产业,20211124,中体产业深度报告：体育资源积淀丰厚，始终植根产业发展,深度,一般报告,渤海证券,姚磊,2023Q4,413835.0,,43900.0,13841.0,0.1443,84.44,,4.92,24.63,增持,,
600158.SH,中体产业,20211124,中体产业深度报告：体育资源积淀丰厚，始终植根产业发展,深度,一般报告,渤海证券,姚磊,2021Q4,245975.0,,25200.0,7936.0,0.0827,147.26,,3.1,53.54,增持,,
003012.SZ,东鹏控股,20211124,东鹏控股公司研究报告：大C端起家瓷砖龙头，向整体家居解决方案提供商迈进,一般,首次关注,海通证券,"冯晨阳,潘莹练,申浩",2023Q4,1332466.0,,149500.0,132000.0,1.11,10.76,2.8,13.5,4.22,优于大市,,
003012.SZ,东鹏控股,20211124,东鹏控股公司研究报告：大C端起家瓷砖龙头，向整体家居解决方案提供商迈进,一般,首次关注,海通证券,"冯晨阳,潘莹练,申浩",2022Q4,1068218.0,,124400.0,109900.0,0.92,12.93,2.3,12.4,5.92,优于大市,,
002812.SZ,恩捷股份,20211124,恩捷股份：拟定增不超过128亿元，夯实全球龙头地位——公司信息更新报告,点评,一般报告,开源证券,"刘强,熊镐",2021Q4,802500.0,,312600.0,260900.0,2.924,90.5,,19.3,63.4,买入,,
002434.SZ,万里扬,20211124,万里扬：再添储能业务“新羽翼”，双轮驱动开启公司向上成长空间！,点评,一般报告,天风证券,"吴立,于特",2023Q4,1049134.0,,134885.0,115582.0,0.86,19.95,,14.86,14.37,买入,,
002434.SZ,万里扬,20211124,万里扬：再添储能业务“新羽翼”，双轮驱动开启公司向上成长空间！,点评,一般报告,天风证券,"吴立,于特",2021Q4,724540.0,,75759.0,73277.0,0.55,31.47,,10.27,21.93,买入,,
002060.SZ,粤水电,20211124,粤水电：建筑＋系列报告之四：广东水利水电龙头，清洁能源业务高增长打开成长空间,深度,首次评级,中信建投,"竺劲,尹欢科",2023Q4,1897000.0,,53200.0,40600.0,0.34,14.8,,9.0,9.8,买入,,7.2
002060.SZ,粤水电,20211124,粤水电：建筑＋系列报告之四：广东水利水电龙头，清洁能源业务高增长打开成长空间,深度,首次评级,中信建投,"竺劲,尹欢科",2022Q4,1693000.0,,47500.0,36200.0,0.3,16.5,,8.6,10.2,买入,,7.2
002060.SZ,粤水电,20211124,粤水电：建筑＋系列报告之四：广东水利水电龙头，清洁能源业务高增长打开成长空间,深度,首次评级,中信建投,"竺劲,尹欢科",2021Q4,1476300.0,,41100.0,31300.0,0.26,19.1,,8.0,10.8,买入,,7.2
688520.SH,神州细胞,20211124,神州细胞：获批科创板首家定增，研发国际化再添助力,点评,一般报告,国金证券,赵海春,2023Q4,193400.0,174000.0,-7600.0,-7600.0,-0.174,,,-6.64,,买入,,
688520.SH,神州细胞,20211124,神州细胞：获批科创板首家定增，研发国际化再添助力,点评,一般报告,国金证券,赵海春,2022Q4,68400.0,61500.0,-72300.0,-72300.0,-1.661,,,-59.38,,买入,,
300973.SZ,立高食品,20211124,立高食品跟踪点评：冷冻烘焙业务增速靓丽，长期成长逻辑清晰,点评,一般报告,长江证券,"董思远,张伟欣,徐爽",2023Q4,473600.0,172200.0,63300.0,50600.0,2.99,46.4,,19.4,30.26,买入,,
300973.SZ,立高食品,20211124,立高食品跟踪点评：冷冻烘焙业务增速靓丽，长期成长逻辑清晰,点评,一般报告,长江证券,"董思远,张伟欣,徐爽",2022Q4,364500.0,131600.0,43100.0,34500.0,2.04,68.13,,15.3,44.39,买入,,
300973.SZ,立高食品,20211124,立高食品跟踪点评：冷冻烘焙业务增速靓丽，长期成长逻辑清晰,点评,一般报告,长江证券,"董思远,张伟欣,徐爽",2021Q4,280400.0,100700.0,35000.0,28000.0,1.65,83.95,,13.8,59.62,买入,,
002453.SZ,华软科技,20211124,华软科技：厚积薄发，有机合成平台型厂商踏上崭新征程,深度,一般报告,国盛证券,"王席鑫,杨义韬",2023Q4,470416.0,,105500.0,85500.0,0.91,22.1,,26.9,15.4,买入,,
002453.SZ,华软科技,20211124,华软科技：厚积薄发，有机合成平台型厂商踏上崭新征程,深度,一般报告,国盛证券,"王席鑫,杨义韬",2022Q4,425921.0,,89200.0,60600.0,0.64,31.2,,27.7,18.9,买入,,
002453.SZ,华软科技,20211124,华软科技：厚积薄发，有机合成平台型厂商踏上崭新征程,深度,一般报告,国盛证券,"王席鑫,杨义韬",2021Q4,312147.0,,20400.0,13900.0,0.15,136.3,,8.8,62.4,买入,,
000661.SZ,长春高新,20211124,长春高新：拟回购股份用于核心团队股权激励，彰显发展信心,点评,一般报告,天风证券,"杨松,张雪",2023Q4,1901440.0,,823092.0,643130.0,15.89,18.38,,24.34,12.38,买入,,
600132.SH,重庆啤酒,20211124,重庆啤酒更新报告：产能扩张＋组织优化，赋能全国化开拓,点评,一般报告,浙商证券,"马莉,张潇倩",2022Q4,1567330.0,,346600.0,146380.0,3.0,50.6,,30.0,19.6,买入,,
600132.SH,重庆啤酒,20211124,重庆啤酒更新报告：产能扩张＋组织优化，赋能全国化开拓,点评,一般报告,浙商证券,"马莉,张潇倩",2021Q4,1332900.0,,273100.0,115360.0,2.4,64.2,,44.7,24.9,买入,,
000661.SZ,长春高新,20211124,长春高新：拟回购股份用于核心团队股权激励，彰显发展信心,点评,一般报告,天风证券,"杨松,张雪",2022Q4,1531627.0,,673159.0,525029.0,12.97,22.51,,25.96,16.3,买入,,
000661.SZ,长春高新,20211124,长春高新：拟回购股份用于核心团队股权激励，彰显发展信心,点评,一般报告,天风证券,"杨松,张雪",2021Q4,1195347.0,,533484.0,412614.0,10.2,28.64,,27.39,20.2,买入,,
600132.SH,重庆啤酒,20211124,重庆啤酒更新报告：产能扩张＋组织优化，赋能全国化开拓,点评,一般报告,浙商证券,"马莉,张潇倩",2023Q4,1826880.0,,432700.0,182780.0,3.8,40.5,,23.4,15.6,买入,,
003012.SZ,东鹏控股,20211124,东鹏控股公司研究报告：大C端起家瓷砖龙头，向整体家居解决方案提供商迈进,一般,首次关注,海通证券,"冯晨阳,潘莹练,申浩",2021Q4,837686.0,,73500.0,64900.0,0.55,21.89,1.4,8.0,8.79,优于大市,,
002812.SZ,恩捷股份,20211124,恩捷股份：拟定增不超过128亿元，夯实全球龙头地位——公司信息更新报告,点评,一般报告,开源证券,"刘强,熊镐",2023Q4,1696300.0,,749100.0,655700.0,7.348,36.0,,26.7,28.2,买入,,
002812.SZ,恩捷股份,20211124,恩捷股份：拟定增不超过128亿元，夯实全球龙头地位——公司信息更新报告,点评,一般报告,开源证券,"刘强,熊镐",2022Q4,1269800.0,,556400.0,486000.0,5.446,48.6,,26.1,37.4,买入,,
002434.SZ,万里扬,20211124,万里扬：再添储能业务“新羽翼”，双轮驱动开启公司向上成长空间！,点评,一般报告,天风证券,"吴立,于特",2022Q4,869986.0,,106728.0,91557.0,0.68,25.19,,12.25,16.18,买入,,
600206.SH,有研新材,20211124,中信证券晨会,非个股,一般报告,中信证券,"李超,敖翀,肖锐",2023Q4,,,,66800.0,0.789,,,,,买入,,24.9
600206.SH,有研新材,20211124,中信证券晨会,非个股,一般报告,中信证券,"李超,敖翀,肖锐",2021Q4,,,,28900.0,0.341,,,,,买入,,24.9
600206.SH,有研新材,20211124,中信证券晨会,非个股,一般报告,中信证券,"李超,敖翀,肖锐",2022Q4,,,,46800.0,0.553,,,,,买入,,24.9
002541.SZ,鸿路钢构,20211124,基建发力优选新能源建设，装配式高增长看好钢结构——2022年建筑行业投资策略,非个股,一般报告,浙商证券,"匡培钦,耿鹏智",2023Q4,,,,192000.0,3.617,,,,,增持,,
002541.SZ,鸿路钢构,20211124,基建发力优选新能源建设，装配式高增长看好钢结构——2022年建筑行业投资策略,非个股,一般报告,浙商证券,"匡培钦,耿鹏智",2022Q4,,,,151000.0,2.845,,,,,增持,,
002541.SZ,鸿路钢构,20211124,基建发力优选新能源建设，装配式高增长看好钢结构——2022年建筑行业投资策略,非个股,一般报告,浙商证券,"匡培钦,耿鹏智",2021Q4,,,,112000.0,2.11,,,,,增持,,
300977.SZ,深圳瑞捷,20211124,基建发力优选新能源建设，装配式高增长看好钢结构——2022年建筑行业投资策略,非个股,一般报告,浙商证券,"匡培钦,耿鹏智",2022Q4,,,,23000.0,3.364,,,,,增持,,
300977.SZ,深圳瑞捷,20211124,基建发力优选新能源建设，装配式高增长看好钢结构——2022年建筑行业投资策略,非个股,一般报告,浙商证券,"匡培钦,耿鹏智",2021Q4,,,,16000.0,2.34,,,,,增持,,
300977.SZ,深圳瑞捷,20211124,基建发力优选新能源建设，装配式高增长看好钢结构——2022年建筑行业投资策略,非个股,一般报告,浙商证券,"匡培钦,耿鹏智",2023Q4,,,,31000.0,4.534,,,,,增持,,
688316.SH,青云科技,20211124,青云科技：市场关注核心五问,一般,一般报告,天风证券,缪欣君,2021Q4,59392.0,,-28005.0,-27877.0,-5.87,,,-46.23,,买入,,80.35
603115.SH,海星股份,20211124,海星股份深度研究：“双控”政策不阻业绩爆发，巩固电极箔头部企业地位,深度,一般报告,东方财富证券,"周旭辉,夏嘉鑫",2023Q4,266305.0,70225.0,45368.0,40176.0,1.93,14.94,,18.61,9.58,买入,,39.0
603115.SH,海星股份,20211124,海星股份深度研究：“双控”政策不阻业绩爆发，巩固电极箔头部企业地位,深度,一般报告,东方财富证券,"周旭辉,夏嘉鑫",2022Q4,210619.0,56530.0,34397.0,30118.0,1.45,19.92,,17.14,12.92,买入,,39.0
603115.SH,海星股份,20211124,海星股份深度研究：“双控”政策不阻业绩爆发，巩固电极箔头部企业地位,深度,一般报告,东方财富证券,"周旭辉,夏嘉鑫",2021Q4,166714.0,45246.0,25509.0,22082.0,1.06,27.18,,15.17,17.22,买入,,39.0
688316.SH,青云科技,20211124,青云科技：市场关注核心五问,一般,一般报告,天风证券,缪欣君,2023Q4,115725.0,,-7048.0,-7001.0,-1.48,,,-20.8,,买入,,80.35
603456.SH,九洲药业,20211124,九洲药业：拟收购泰华杭州，进一步增强CDMO业务承接能力,点评,一般报告,中信建投,"贺菊颖,袁清慧,胡世超",2022Q4,551300.0,,,88600.0,1.07,50.2,,19.0,,买入,,
603456.SH,九洲药业,20211124,九洲药业：拟收购泰华杭州，进一步增强CDMO业务承接能力,点评,一般报告,中信建投,"贺菊颖,袁清慧,胡世超",2021Q4,421700.0,,,67700.0,0.81,65.8,,18.0,,买入,,
688316.SH,青云科技,20211124,青云科技：市场关注核心五问,一般,一般报告,天风证券,缪欣君,2022Q4,82661.0,,-19771.0,-19650.0,-4.14,,,-48.33,,买入,,80.35
603456.SH,九洲药业,20211124,九洲药业：拟收购泰华杭州，进一步增强CDMO业务承接能力,点评,一般报告,中信建投,"贺菊颖,袁清慧,胡世超",2023Q4,705200.0,,,112100.0,1.35,39.7,,19.4,,买入,,
000333.SZ,美的集团,20211124,美的集团：加强集团内机器人业务资源协同——私有化KUKA股权事件点评,点评,一般报告,国泰君安,"蔡雯娟,谢丛睿,樊夏俐",2023Q4,39223500.0,,,3479500.0,4.98,13.8,0.0,16.2,9.38,增持,,92.8
000333.SZ,美的集团,20211124,美的集团：加强集团内机器人业务资源协同——私有化KUKA股权事件点评,点评,一般报告,国泰君安,"蔡雯娟,谢丛睿,樊夏俐",2022Q4,36318000.0,,,3238600.0,4.64,14.82,0.0,18.0,11.0,增持,,92.8
000333.SZ,美的集团,20211124,美的集团：加强集团内机器人业务资源协同——私有化KUKA股权事件点评,点评,一般报告,国泰君安,"蔡雯娟,谢丛睿,樊夏俐",2021Q4,33565600.0,,,2985600.0,4.28,16.08,0.0,20.3,13.63,增持,,92.8
688789.SH,宏华数科,20211124,宏华数科：数码印花设备龙头，数码纺织渗透率长期提升,一般,首次关注,中金,陈显帆,2022Q4,142000.0,62800.0,43400.0,38000.0,5.0,60.5,0.0,22.3,48.7,跑赢行业,,344.53
688789.SH,宏华数科,20211124,宏华数科：数码印花设备龙头，数码纺织渗透率长期提升,一般,首次关注,中金,陈显帆,2021Q4,100100.0,43900.0,30200.0,26500.0,3.48,86.9,0.0,23.5,69.8,跑赢行业,,344.53
688232.SH,新点软件,20211124,新点软件深度研究报告：深度布局智慧招采＋智慧政务＋数字建筑，有望稳健成长,深度,首次关注,华创证券,"王文龙,孟灿,邓怡",2023Q4,457380.0,,89300.0,81400.0,2.47,19.0,,12.3,20.0,推荐,,57.6
688232.SH,新点软件,20211124,新点软件深度研究报告：深度布局智慧招采＋智慧政务＋数字建筑，有望稳健成长,深度,首次关注,华创证券,"王文龙,孟灿,邓怡",2022Q4,356660.0,,69600.0,63500.0,1.92,24.0,,10.9,26.0,推荐,,57.6
688232.SH,新点软件,20211124,新点软件深度研究报告：深度布局智慧招采＋智慧政务＋数字建筑，有望稳健成长,深度,首次关注,华创证券,"王文龙,孟灿,邓怡",2021Q4,276490.0,,53600.0,48900.0,1.48,32.0,,9.4,33.0,推荐,,57.6
600580.SH,卧龙电驱,20211124,卧龙电驱：受益双碳目标约束，电机龙头有望迎价值重估,一般,一般报告,中金,"曾韬,王颖东,蒋昕昊",2022Q4,1778300.0,476100.0,163700.0,131100.0,1.0,17.2,1.3,14.3,8.2,跑赢行业,,22.0
600580.SH,卧龙电驱,20211124,卧龙电驱：受益双碳目标约束，电机龙头有望迎价值重估,一般,一般报告,中金,"曾韬,王颖东,蒋昕昊",2021Q4,1436800.0,385100.0,128800.0,102400.0,0.78,22.0,1.0,12.6,11.6,跑赢行业,,22.0
688308.SH,欧科亿,20211124,欧科亿：拟投资7.5亿元新建产业园，高端布局蓄势待发,点评,一般报告,中金,"郭威秀,陈显帆,王梓琳",2022Q4,143300.0,,34700.0,30200.0,3.02,24.0,1.2,18.6,18.0,跑赢行业,,91.0
688308.SH,欧科亿,20211124,欧科亿：拟投资7.5亿元新建产业园，高端布局蓄势待发,点评,一般报告,中金,"郭威秀,陈显帆,王梓琳",2021Q4,108800.0,,27200.0,23700.0,2.37,30.6,1.0,16.8,22.4,跑赢行业,,91.0
603588.SH,高能环境,20211124,高能环境：横纵拓展布局再加码，资源化龙头高成长可期,点评,一般报告,中金,"蒋昕昊,张钰琪,曾韬",2021Q4,727100.0,,97000.0,78200.0,0.74,21.3,0.5,15.4,16.5,跑赢行业,,22.0
603456.SH,九洲药业,20211124,九洲药业：收购泰华杭州工厂，CDMO产能进一步丰富,点评,一般报告,中金,"刘锡源,张琎,邹朋",2022Q4,476600.0,,101600.0,86400.0,1.04,51.6,1.1,22.6,33.9,跑赢行业,,59.25
688789.SH,宏华数科,20211124,宏华数科：数码印花设备龙头，数码纺织渗透率长期提升,一般,首次关注,中金,陈显帆,2023Q4,200800.0,89600.0,61900.0,54300.0,7.14,,,,,跑赢行业,,344.53
688308.SH,欧科亿,20211124,欧科亿：拟投资7.5亿元新建产业园，高端布局蓄势待发,点评,一般报告,中金,"郭威秀,陈显帆,王梓琳",2023Q4,,,,,4.0,,,,,跑赢行业,,91.0
603588.SH,高能环境,20211124,高能环境：横纵拓展布局再加码，资源化龙头高成长可期,点评,一般报告,中金,"蒋昕昊,张钰琪,曾韬",2022Q4,749500.0,,130600.0,104900.0,0.99,15.9,0.6,17.7,13.3,跑赢行业,,22.0
000333.SZ,美的集团,20211124,美的集团：计划私有化KUKA，未来发展可期,点评,一般报告,中金,"何伟,褚君,韦一飞",2022Q4,36826200.0,,4056800.0,3276200.0,4.69,14.8,3.4,22.5,10.0,跑赢行业,,89.9
000333.SZ,美的集团,20211124,美的集团：计划私有化KUKA，未来发展可期,点评,一般报告,中金,"何伟,褚君,韦一飞",2021Q4,33269000.0,,3498700.0,2910700.0,4.17,16.7,3.0,23.0,11.4,跑赢行业,,89.9
688039.SH,当虹科技,20211124,当虹科技：深耕视频技术的“极客”，逐梦“有视频的地方就有当虹”,一般,一般报告,国盛证券,"刘高畅,杨烨",2023Q4,96300.0,,27400.0,27700.0,3.46,20.8,,13.8,16.7,买入,,
688039.SH,当虹科技,20211124,当虹科技：深耕视频技术的“极客”，逐梦“有视频的地方就有当虹”,一般,一般报告,国盛证券,"刘高畅,杨烨",2022Q4,72400.0,,20200.0,20400.0,2.55,28.2,,11.7,23.6,买入,,
688039.SH,当虹科技,20211124,当虹科技：深耕视频技术的“极客”，逐梦“有视频的地方就有当虹”,一般,一般报告,国盛证券,"刘高畅,杨烨",2021Q4,49800.0,,13100.0,13200.0,1.65,43.7,,8.4,40.4,买入,,
000333.SZ,美的集团,20211124,美的集团全面收购KUKA股权并私有化事件点评：拟全面收购＋私有化库卡，提升自动化业务内部协同,点评,一般报告,光大证券,洪吉然,2023Q4,39031200.0,,4296200.0,3572200.0,5.12,14.0,4.1,20.54,11.6,买入,,
000333.SZ,美的集团,20211124,美的集团全面收购KUKA股权并私有化事件点评：拟全面收购＋私有化库卡，提升自动化业务内部协同,点评,一般报告,光大证券,洪吉然,2022Q4,36391600.0,,3896700.0,3234700.0,4.63,15.0,3.4,20.91,12.6,买入,,
000333.SZ,美的集团,20211124,美的集团全面收购KUKA股权并私有化事件点评：拟全面收购＋私有化库卡，提升自动化业务内部协同,点评,一般报告,光大证券,洪吉然,2021Q4,33753400.0,,3452200.0,2812100.0,4.03,17.0,2.7,20.76,14.1,买入,,
300219.SZ,鸿利智汇,20211124,鸿利智汇动态点评：前瞻布局Mini_LED，受益于VR浪潮的LED封装龙头,一般,首次评级,国信证券,"胡剑,胡慧",2023Q4,630948.0,,58851.0,53035.0,0.75,21.3,0.8,17.9,15.9,买入,,
300219.SZ,鸿利智汇,20211124,鸿利智汇动态点评：前瞻布局Mini_LED，受益于VR浪潮的LED封装龙头,一般,首次评级,国信证券,"胡剑,胡慧",2022Q4,526529.0,,44058.0,40831.0,0.58,27.6,0.6,16.2,18.9,买入,,
300219.SZ,鸿利智汇,20211124,鸿利智汇动态点评：前瞻布局Mini_LED，受益于VR浪潮的LED封装龙头,一般,首次评级,国信证券,"胡剑,胡慧",2021Q4,426554.0,,29287.0,30317.0,0.43,37.2,0.4,14.0,22.4,买入,,
603456.SH,九洲药业,20211124,九洲药业：与国际大药企Teva达成深度合作，公司CDMO更上一个台阶,点评,一般报告,国盛证券,"张金洋,应沁心",2023Q4,598400.0,,135500.0,113100.0,1.36,39.4,,21.7,23.6,买入,,
603456.SH,九洲药业,20211124,九洲药业：与国际大药企Teva达成深度合作，公司CDMO更上一个台阶,点评,一般报告,国盛证券,"张金洋,应沁心",2022Q4,471800.0,,103300.0,85900.0,1.03,51.8,,20.2,30.9,买入,,
603456.SH,九洲药业,20211124,九洲药业：收购泰华杭州工厂，CDMO产能进一步丰富,点评,一般报告,中金,"刘锡源,张琎,邹朋",2021Q4,371000.0,,75700.0,64400.0,0.77,69.2,0.8,19.4,44.9,跑赢行业,,59.25
603588.SH,高能环境,20211124,高能环境：资源化赣浙苏连中三元，延伸资源化深度＋区域品类扩张,点评,一般报告,东吴证券,"袁理,任逸轩",2022Q4,755000.0,,136700.0,100400.0,0.95,16.61,,16.3,11.76,买入,,
603588.SH,高能环境,20211124,高能环境：资源化赣浙苏连中三元，延伸资源化深度＋区域品类扩张,点评,一般报告,东吴证券,"袁理,任逸轩",2021Q4,675700.0,,105900.0,77000.0,0.73,21.65,,14.9,14.1,买入,,
603588.SH,高能环境,20211124,高能环境：资源化赣浙苏连中三元，延伸资源化深度＋区域品类扩张,点评,一般报告,东吴证券,"袁理,任逸轩",2023Q4,936400.0,,177000.0,131000.0,1.23,12.73,,17.5,9.65,买入,,
603456.SH,九洲药业,20211124,九洲药业：与国际大药企Teva达成深度合作，公司CDMO更上一个台阶,点评,一般报告,国盛证券,"张金洋,应沁心",2021Q4,361300.0,,74900.0,62500.0,0.75,71.3,,17.5,42.8,买入,,
000661.SZ,长春高新,20211124,长春高新：发布股份回购方案，彰显高速发展信心,点评,一般报告,国金证券,"袁维,赵博宇",2023Q4,1839500.0,1635500.0,836800.0,701300.0,17.329,16.85,,27.25,,买入,,
000661.SZ,长春高新,20211124,长春高新：发布股份回购方案，彰显高速发展信心,点评,一般报告,国金证券,"袁维,赵博宇",2022Q4,1478300.0,1304000.0,658700.0,549900.0,13.588,21.49,,28.75,,买入,,
000661.SZ,长春高新,20211124,长春高新：发布股份回购方案，彰显高速发展信心,点评,一般报告,国金证券,"袁维,赵博宇",2021Q4,1152100.0,1004800.0,509600.0,418100.0,10.331,28.26,,28.6,,买入,,
601919.SH,中远海控,20211123,COSCO_SHIPPING_Holdings：No_Need_to_BeOver－pessimistic_After_the_Stock_Price_Correction,点评,首份报告,海通国际证券,"杨振华,虞楠",Q,,,,,,,,,,无,,
688107.SH,安路科技,20211123,安路科技：深耕民用FPGA市场，打造行业龙头地位,深度,首次关注,方正证券,"陈杭,李萌",2022Q4,100700.0,,2200.0,2200.0,0.055,1496.3,,1.47,,推荐,,
688107.SH,安路科技,20211123,安路科技：深耕民用FPGA市场，打造行业龙头地位,深度,首次关注,方正证券,"陈杭,李萌",2023Q4,149500.0,,8800.0,8800.0,0.22,378.67,,5.49,1089.12,推荐,,
688107.SH,安路科技,20211123,安路科技：深耕民用FPGA市场，打造行业龙头地位,深度,首次关注,方正证券,"陈杭,李萌",2021Q4,67300.0,,-2600.0,-2600.0,-0.065,,,-1.74,,推荐,,
300373.SZ,扬杰科技,20211123,扬杰科技：光伏IGBT，SiC，硅外延全布局,点评,一般报告,方正证券,陈杭,2023Q4,652100.0,,126600.0,107900.0,2.11,32.47,,15.22,23.77,推荐,,
300373.SZ,扬杰科技,20211123,扬杰科技：光伏IGBT，SiC，硅外延全布局,点评,一般报告,方正证券,陈杭,2022Q4,526400.0,,105700.0,89600.0,1.75,39.08,,14.91,28.3,推荐,,
300373.SZ,扬杰科技,20211123,扬杰科技：光伏IGBT，SiC，硅外延全布局,点评,一般报告,方正证券,陈杭,2021Q4,421300.0,,85500.0,73200.0,1.43,47.81,,14.33,33.93,推荐,,
000930.SZ,中粮科技,20211123,中粮科技：玉米深加工龙头地位稳固，可降解材料打开公司成长空间,深度,首次关注,华西证券,周莎,2023Q4,3190500.0,,227100.0,178200.0,0.95,12.14,,12.1,,买入,,
000930.SZ,中粮科技,20211123,中粮科技：玉米深加工龙头地位稳固，可降解材料打开公司成长空间,深度,首次关注,华西证券,周莎,2022Q4,2850600.0,,186100.0,147300.0,0.79,14.68,,11.4,,买入,,
000930.SZ,中粮科技,20211123,中粮科技：玉米深加工龙头地位稳固，可降解材料打开公司成长空间,深度,首次关注,华西证券,周莎,2021Q4,2520900.0,,137600.0,109500.0,0.59,19.76,,9.5,,买入,,
000902.SZ,新洋丰,20211123,新洋丰：种植景气度回暖提振化肥需求，磷酸铁项目投产有望增厚公司利润,深度,首次关注,华西证券,"周莎,杨伟",2023Q4,1740500.0,,291200.0,232600.0,1.78,9.23,,19.2,,买入,,
000902.SZ,新洋丰,20211123,新洋丰：种植景气度回暖提振化肥需求，磷酸铁项目投产有望增厚公司利润,深度,首次关注,华西证券,"周莎,杨伟",2022Q4,1402900.0,,207800.0,166100.0,1.27,12.92,,17.0,,买入,,
000902.SZ,新洋丰,20211123,新洋丰：种植景气度回暖提振化肥需求，磷酸铁项目投产有望增厚公司利润,深度,首次关注,华西证券,"周莎,杨伟",2021Q4,1215200.0,,151500.0,120900.0,0.93,17.74,,14.9,,买入,,
603901.SH,永创智能,20211123,永创智能公司深度报告：国产包装设备龙头企业，下游需求不断提升，未来增量空间广阔,深度,首次评级,长城证券,"王志杰,孙培德",2023Q4,412913.0,,52040.0,45178.0,0.925,15.52,,20.29,9.52,买入,,
603901.SH,永创智能,20211123,永创智能公司深度报告：国产包装设备龙头企业，下游需求不断提升，未来增量空间广阔,深度,首次评级,长城证券,"王志杰,孙培德",2021Q4,263757.0,,29672.0,25359.0,0.519,27.66,,15.05,17.61,买入,,
603901.SH,永创智能,20211123,永创智能公司深度报告：国产包装设备龙头企业，下游需求不断提升，未来增量空间广阔,深度,首次评级,长城证券,"王志杰,孙培德",2022Q4,330119.0,,41289.0,35826.0,0.733,19.57,,18.75,13.03,买入,,
002085.SZ,万丰奥威,20211123,万丰奥威公司深度报告：布局汽车轻量化及通航飞机业务，打造双擎驱动发展模式,深度,首次评级,长城证券,"汪毅,刘欢",2023Q4,1417696.0,,119401.0,69802.0,0.32,17.39,,10.19,8.67,增持,,
002085.SZ,万丰奥威,20211123,万丰奥威公司深度报告：布局汽车轻量化及通航飞机业务，打造双擎驱动发展模式,深度,首次评级,长城证券,"汪毅,刘欢",2022Q4,1287326.0,,101144.0,56802.0,0.26,21.37,,8.92,9.55,增持,,
002085.SZ,万丰奥威,20211123,万丰奥威公司深度报告：布局汽车轻量化及通航飞机业务，打造双擎驱动发展模式,深度,首次评级,长城证券,"汪毅,刘欢",2021Q4,1154425.0,,56244.0,29016.0,0.13,41.83,,5.17,12.68,增持,,
300428.SZ,立中集团,20211123,立中集团：业绩触底，未来可期,深度,一般报告,太平洋证券,李帅华,2025Q4,3277000.0,624572.0,,,,,,,,买入,,37.2
300428.SZ,立中集团,20211123,立中集团：业绩触底，未来可期,深度,一般报告,太平洋证券,李帅华,2024Q4,2697000.0,449372.0,,,,,,,,买入,,37.2
300428.SZ,立中集团,20211123,立中集团：业绩触底，未来可期,深度,一般报告,太平洋证券,李帅华,2023Q4,2092000.0,291672.0,143900.0,112400.0,1.822,10.0,,17.29,5.94,买入,,37.2
300428.SZ,立中集团,20211123,立中集团：业绩触底，未来可期,深度,一般报告,太平洋证券,李帅华,2022Q4,1866000.0,215522.0,91500.0,71500.0,1.159,15.71,,13.3,8.43,买入,,37.2
300428.SZ,立中集团,20211123,立中集团：业绩触底，未来可期,深度,一般报告,太平洋证券,李帅华,2021Q4,1745250.0,165997.0,61900.0,48300.0,0.783,23.25,,10.37,11.56,买入,,37.2
300735.SZ,光弘科技,20211123,光弘科技公司深度报告：荣耀突围助公司重回高增长，汽车电子蓄势待发,深度,一般报告,首创证券,"何立中,韩杨",2023Q4,640870.0,,80310.0,70650.0,0.91,15.4,,12.9,,买入,,
300735.SZ,光弘科技,20211123,光弘科技公司深度报告：荣耀突围助公司重回高增长，汽车电子蓄势待发,深度,一般报告,首创证券,"何立中,韩杨",2021Q4,350430.0,,46760.0,39810.0,0.51,27.4,,9.0,,买入,,
000661.SZ,长春高新,20211123,长春高新：核心股东增持落地，6亿回购彰显信心,点评,一般报告,德邦证券,"陈铁林,张俊",2023Q4,1820100.0,,881000.0,685200.0,16.93,17.25,0.1,25.2,11.35,买入,,
000661.SZ,长春高新,20211123,长春高新：核心股东增持落地，6亿回购彰显信心,点评,一般报告,德邦证券,"陈铁林,张俊",2021Q4,1121400.0,,521100.0,410200.0,10.14,28.81,0.1,27.3,20.11,买入,,
300735.SZ,光弘科技,20211123,光弘科技公司深度报告：荣耀突围助公司重回高增长，汽车电子蓄势待发,深度,一般报告,首创证券,"何立中,韩杨",2022Q4,513710.0,,67810.0,59680.0,0.77,18.3,,12.2,,买入,,
000661.SZ,长春高新,20211123,长春高新：核心股东增持落地，6亿回购彰显信心,点评,一般报告,德邦证券,"陈铁林,张俊",2022Q4,1423400.0,,685700.0,533900.0,13.19,22.13,0.1,26.2,15.01,买入,,
600570.SH,恒生电子,20211123,恒生电子公司深度报告：金融IT龙头地位稳固,深度,首次评级,首创证券,"翟炜,李星锦",2023Q4,774200.0,,251600.0,226560.0,1.55,38.0,,26.9,24.66,买入,,81.61
600570.SH,恒生电子,20211123,恒生电子公司深度报告：金融IT龙头地位稳固,深度,首次评级,首创证券,"翟炜,李星锦",2022Q4,632890.0,,207090.0,187680.0,1.28,45.8,,27.9,29.73,买入,,81.61
600570.SH,恒生电子,20211123,恒生电子公司深度报告：金融IT龙头地位稳固,深度,首次评级,首创证券,"翟炜,李星锦",2021Q4,519010.0,,170350.0,155570.0,1.06,55.3,,29.3,36.67,买入,,81.61
300825.SZ,阿尔特,20211123,阿尔特：电动智能汽车风口已至，独立汽车设计龙头崛起,深度,首次关注,中泰证券,汪磊,2023Q4,315422.0,,53200.0,50100.0,1.52,22.64,,18.83,22.0,买入,,
300825.SZ,阿尔特,20211123,阿尔特：电动智能汽车风口已至，独立汽车设计龙头崛起,深度,首次关注,中泰证券,汪磊,2022Q4,217611.0,,33600.0,31700.0,0.96,35.66,,14.38,34.0,买入,,
603605.SH,珀莱雅,20211123,珀莱雅：完善品牌矩阵，加码线上直营，大单品策略驱动长期增长,深度,首次关注,山西证券,谷茜,2023Q4,698900.0,,101400.0,90600.0,4.51,43.7,,21.1,35.69,买入,,
603605.SH,珀莱雅,20211123,珀莱雅：完善品牌矩阵，加码线上直营，大单品策略驱动长期增长,深度,首次关注,山西证券,谷茜,2022Q4,564100.0,,80300.0,72100.0,3.59,54.9,,19.85,44.93,买入,,
300825.SZ,阿尔特,20211123,阿尔特：电动智能汽车风口已至，独立汽车设计龙头崛起,深度,首次关注,中泰证券,汪磊,2021Q4,126265.0,,22500.0,21700.0,0.66,52.39,,11.23,48.0,买入,,
603605.SH,珀莱雅,20211123,珀莱雅：完善品牌矩阵，加码线上直营，大单品策略驱动长期增长,深度,首次关注,山西证券,谷茜,2021Q4,466100.0,,66000.0,58500.0,2.91,67.7,,19.21,54.25,买入,,
600233.SH,圆通速递,20211123,圆通速递：快递行业格局改善，看好公司业绩修复弹性,深度,首份报告,招商证券,"苏宝亮,肖欣晨",2023Q4,6715900.0,604100.0,403300.0,290800.0,0.92,17.4,,13.1,10.9,强烈推荐,,
600233.SH,圆通速递,20211123,圆通速递：快递行业格局改善，看好公司业绩修复弹性,深度,首份报告,招商证券,"苏宝亮,肖欣晨",2022Q4,5464700.0,471900.0,314400.0,226800.0,0.72,22.4,,11.3,13.1,强烈推荐,,
600233.SH,圆通速递,20211123,圆通速递：快递行业格局改善，看好公司业绩修复弹性,深度,首份报告,招商证券,"苏宝亮,肖欣晨",2021Q4,4391400.0,347600.0,217600.0,156500.0,0.5,32.4,,8.6,16.9,强烈推荐,,
688308.SH,欧科亿,20211123,欧科亿：新建数控刀具产业园，整体切削解决方案供应商呼之欲出,点评,一般报告,西南证券,"邰桂龙,王宁",2022Q4,134534.0,,35145.0,29874.0,2.99,24.3,0.63,16.95,16.66,买入,,119.6
688308.SH,欧科亿,20211123,欧科亿：新建数控刀具产业园，整体切削解决方案供应商呼之欲出,点评,一般报告,西南证券,"邰桂龙,王宁",2021Q4,105477.0,,26729.0,22720.0,2.27,31.95,0.3,15.05,22.28,买入,,119.6
688308.SH,欧科亿,20211123,欧科亿：新建数控刀具产业园，整体切削解决方案供应商呼之欲出,点评,一般报告,西南证券,"邰桂龙,王宁",2023Q4,170306.0,,46153.0,39230.0,3.92,18.5,0.82,18.73,12.37,买入,,119.6
600036.SH,招商银行,20211123,银行指数有所回落，央行支持多渠道补充资本,非个股,一般报告,华安证券,"刘超,戚星",2022Q4,,,,13593496.779,5.39,,,,,无,,
600036.SH,招商银行,20211123,银行指数有所回落，央行支持多渠道补充资本,非个股,一般报告,华安证券,"刘超,戚星",2021Q4,,,,11702008.359,4.64,,,,,无,,
002240.SZ,盛新锂能,20211123,追“宗”系列：需求仍偏弱，水泥玻璃价格跌幅有望收窄,非个股,一般报告,中金,"陈彦,齐丁,龚晴,张树玮,杨茂达,刘嘉忱",2022Q4,,,,111630.144,1.29,,,,,无,,
002240.SZ,盛新锂能,20211123,追“宗”系列：需求仍偏弱，水泥玻璃价格跌幅有望收窄,非个股,一般报告,中金,"陈彦,齐丁,龚晴,张树玮,杨茂达,刘嘉忱",2021Q4,,,,78746.846,0.91,,,,,无,,
601577.SH,长沙银行,20211123,财信证券晨会纪要,非个股,一般报告,财信证券,"周策,王琰林",2023Q4,,,,784202.982,1.95,,,,,谨慎推荐,,
601577.SH,长沙银行,20211123,财信证券晨会纪要,非个股,一般报告,财信证券,"周策,王琰林",2022Q4,,,,703771.907,1.75,,,,,谨慎推荐,,
601677.SH,明泰铝业,20211123,双碳双控背景下的有色新格局——电解铝“供”“需”重塑，行业高附加值转型可期,非个股,一般报告,国泰君安,"邬华宇,汤龑,于嘉懿,宁紫微",2021Q4,,,,201000.0,2.94,,,,,增持,,
600552.SH,凯盛科技,20211123,元宇宙VRAR带动相关电子元器件景气度加持——电子行业周观点（11.15－11.21）,非个股,一般报告,万联证券,"夏清莹,贺潇翔宇",2022Q4,,,,31319.244,0.41,,,,,增持,,
601577.SH,长沙银行,20211123,财信证券晨会纪要,非个股,一般报告,财信证券,"周策,王琰林",2021Q4,,,,631383.939,1.57,,,,,谨慎推荐,,
601677.SH,明泰铝业,20211123,双碳双控背景下的有色新格局——电解铝“供”“需”重塑，行业高附加值转型可期,非个股,一般报告,国泰君安,"邬华宇,汤龑,于嘉懿,宁紫微",2022Q4,,,,236000.0,3.46,,,,,增持,,
600552.SH,凯盛科技,20211123,元宇宙VRAR带动相关电子元器件景气度加持——电子行业周观点（11.15－11.21）,非个股,一般报告,万联证券,"夏清莹,贺潇翔宇",2021Q4,,,,22916.52,0.3,,,,,增持,,
601633.SH,长城汽车,20211123,汽车行业：“中国品牌向上”跟踪系列报告之一：驱动技术路径变迁是中国品牌向上拉动的核心变量,非个股,一般报告,广发证券,"张乐,闫俊刚,李爽,邓崇静",2022Q4,,,,1228293.05,1.33,,,15.7,,买入,,
601633.SH,长城汽车,20211123,汽车行业：“中国品牌向上”跟踪系列报告之一：驱动技术路径变迁是中国品牌向上拉动的核心变量,非个股,一般报告,广发证券,"张乐,闫俊刚,李爽,邓崇静",2021Q4,,,,775764.031,0.84,,,11.8,,买入,,
601658.SH,邮储银行,20211123,银行指数有所回落，央行支持多渠道补充资本,非个股,一般报告,华安证券,"刘超,戚星",2022Q4,,,,8591708.987,0.93,,,,,无,,
601658.SH,邮储银行,20211123,银行指数有所回落，央行支持多渠道补充资本,非个股,一般报告,华安证券,"刘超,戚星",2021Q4,,,,7667869.311,0.83,,,,,无,,
600808.SH,马钢股份,20211123,追“宗”系列：需求仍偏弱，水泥玻璃价格跌幅有望收窄,非个股,一般报告,中金,"陈彦,齐丁,龚晴,张树玮,杨茂达,刘嘉忱",2022Q4,,,,754666.756,0.98,,,,,中性,,5.2
600808.SH,马钢股份,20211123,追“宗”系列：需求仍偏弱，水泥玻璃价格跌幅有望收窄,非个股,一般报告,中金,"陈彦,齐丁,龚晴,张树玮,杨茂达,刘嘉忱",2021Q4,,,,947183.786,1.23,,,,,中性,,5.2
601166.SH,兴业银行,20211123,银行指数有所回落，央行支持多渠道补充资本,非个股,一般报告,华安证券,"刘超,戚星",2022Q4,,,,9119869.74,4.39,,,,,无,,
601166.SH,兴业银行,20211123,银行指数有所回落，央行支持多渠道补充资本,非个股,一般报告,华安证券,"刘超,戚星",2021Q4,,,,7998063.439,3.85,,,,,无,,
601577.SH,长沙银行,20211123,银行指数有所回落，央行支持多渠道补充资本,非个股,一般报告,华安证券,"刘超,戚星",2022Q4,,,,707793.461,1.76,,,,,无,,
601577.SH,长沙银行,20211123,银行指数有所回落，央行支持多渠道补充资本,非个股,一般报告,华安证券,"刘超,戚星",2021Q4,,,,619319.278,1.54,,,,,无,,
300454.SZ,深信服,20211123,计算机：中国网安市场寻变：万事俱备，东风已来,非个股,一般报告,天风证券,缪欣君,2023Q4,,,,142358.169,3.44,,,,,买入,,
300454.SZ,深信服,20211123,计算机：中国网安市场寻变：万事俱备，东风已来,非个股,一般报告,天风证券,缪欣君,2021Q4,,,,81111.05,1.96,,,,,买入,,
600219.SH,南山铝业,20211123,双碳双控背景下的有色新格局——电解铝“供”“需”重塑，行业高附加值转型可期,非个股,一般报告,国泰君安,"邬华宇,汤龑,于嘉懿,宁紫微",2022Q4,,,,363300.0,0.3,,,,,增持,,
600219.SH,南山铝业,20211123,双碳双控背景下的有色新格局——电解铝“供”“需”重塑，行业高附加值转型可期,非个股,一般报告,国泰君安,"邬华宇,汤龑,于嘉懿,宁紫微",2021Q4,,,,341900.0,0.28,,,,,增持,,
002142.SZ,宁波银行,20211123,银行指数有所回落，央行支持多渠道补充资本,非个股,一般报告,华安证券,"刘超,戚星",2022Q4,,,,2198933.961,3.66,,,,,无,,
002142.SZ,宁波银行,20211123,银行指数有所回落，央行支持多渠道补充资本,非个股,一般报告,华安证券,"刘超,戚星",2021Q4,,,,1838452.984,3.06,,,,,无,,
300487.SZ,蓝晓科技,20211123,蓝晓科技：专精吸附分离材料，特种领域创新先行者,一般,首次关注,中银国际,"余嫄嫄,王海涛",2022Q4,149790.0,73120.0,43900.0,39400.0,1.793,48.3,0.4,19.1,32.2,增持,,
300487.SZ,蓝晓科技,20211123,蓝晓科技：专精吸附分离材料，特种领域创新先行者,一般,首次关注,中银国际,"余嫄嫄,王海涛",2021Q4,121610.0,57930.0,34000.0,30700.0,1.397,62.1,0.3,17.1,40.5,增持,,
300371.SZ,汇中股份,20211123,汇中股份公司深度报告：专精特新小巨人，深耕超声测流领域,深度,首次关注,渤海证券,"郑连声,宁前羽",2023Q4,68454.0,,20900.0,18400.0,1.09,14.64,,14.0,6.89,增持,,
300371.SZ,汇中股份,20211123,汇中股份公司深度报告：专精特新小巨人，深耕超声测流领域,深度,首次关注,渤海证券,"郑连声,宁前羽",2021Q4,49418.0,,16600.0,14700.0,0.87,18.34,,15.3,9.89,增持,,
000858.SZ,五粮液,20211123,五粮液：DCF视角下安全边际充足，改善后戴维斯双击可期,一般,一般报告,招商证券,"于佳琦,陈书慧",2024Q4,9942300.0,,,3640800.0,,,,,,强烈推荐,,295.0
000858.SZ,五粮液,20211123,五粮液：DCF视角下安全边际充足，改善后戴维斯双击可期,一般,一般报告,招商证券,"于佳琦,陈书慧",2023Q4,8774400.0,,4408100.0,3180700.0,8.19,26.4,,23.9,19.7,强烈推荐,,295.0
000858.SZ,五粮液,20211123,五粮液：DCF视角下安全边际充足，改善后戴维斯双击可期,一般,一般报告,招商证券,"于佳琦,陈书慧",2022Q4,7720400.0,,3803600.0,2743600.0,7.07,30.6,,23.9,22.7,强烈推荐,,295.0
000858.SZ,五粮液,20211123,五粮液：DCF视角下安全边际充足，改善后戴维斯双击可期,一般,一般报告,招商证券,"于佳琦,陈书慧",2021Q4,6701000.0,,3259600.0,2349000.0,6.05,35.7,,23.7,26.4,强烈推荐,,295.0
603588.SH,高能环境,20211123,高能环境：并购又落两子，资源回收产能及品类再获扩充：收购江西鑫科及浙江嘉天禾点评,点评,一般报告,国泰君安,"徐强,邵潇,于歆",2023Q4,,,,120000.0,1.13,,,,,增持,,23.75
603588.SH,高能环境,20211123,高能环境：并购又落两子，资源回收产能及品类再获扩充：收购江西鑫科及浙江嘉天禾点评,点评,一般报告,国泰君安,"徐强,邵潇,于歆",2022Q4,,,,101000.0,0.95,,,,,增持,,23.75
603588.SH,高能环境,20211123,高能环境：并购又落两子，资源回收产能及品类再获扩充：收购江西鑫科及浙江嘉天禾点评,点评,一般报告,国泰君安,"徐强,邵潇,于歆",2021Q4,,,,80000.0,0.75,,,,,增持,,23.75
300454.SZ,深信服,20211123,计算机：中国网安市场寻变：万事俱备，东风已来,非个股,一般报告,天风证券,缪欣君,2022Q4,,,,101802.644,2.46,,,,,买入,,
300487.SZ,蓝晓科技,20211123,蓝晓科技：专精吸附分离材料，特种领域创新先行者,一般,首次关注,中银国际,"余嫄嫄,王海涛",2023Q4,193800.0,93870.0,56900.0,51000.0,2.32,37.3,0.5,21.0,24.9,增持,,
300371.SZ,汇中股份,20211123,汇中股份公司深度报告：专精特新小巨人，深耕超声测流领域,深度,首次关注,渤海证券,"郑连声,宁前羽",2022Q4,58018.0,,18900.0,16600.0,0.99,16.16,,14.8,8.26,增持,,
000858.SZ,五粮液,20211123,五粮液：DCF视角下安全边际充足，改善后戴维斯双击可期,一般,一般报告,招商证券,"于佳琦,陈书慧",2025Q4,11127000.0,,,4107100.0,,,,,,强烈推荐,,295.0
600309.SH,万华化学,20211123,万华化学事件点评：NMP项目环评，电池产业布局再扩张,点评,一般报告,国海证券,"李永磊,董伯骏,赵小燕",2023Q4,16312100.0,,3464200.0,2855300.0,9.09,10.86,,22.0,,买入,,
600309.SH,万华化学,20211123,万华化学事件点评：NMP项目环评，电池产业布局再扩张,点评,一般报告,国海证券,"李永磊,董伯骏,赵小燕",2022Q4,14467900.0,,3194400.0,2663700.0,8.48,11.65,,26.0,,买入,,
002439.SZ,启明星辰,20211123,启明星辰首次覆盖报告：护航数字中国，引领行业发展,一般,首次关注,国元证券,"耿军军,陈图南",2023Q4,687010.0,,175285.0,156635.0,1.68,17.14,,16.25,12.54,买入,,37.45
002439.SZ,启明星辰,20211123,启明星辰首次覆盖报告：护航数字中国，引领行业发展,一般,首次关注,国元证券,"耿军军,陈图南",2022Q4,565446.0,,141365.0,126295.0,1.35,21.25,,15.49,15.32,买入,,37.45
002439.SZ,启明星辰,20211123,启明星辰首次覆盖报告：护航数字中国，引领行业发展,一般,首次关注,国元证券,"耿军军,陈图南",2021Q4,459270.0,,111766.0,99829.0,1.07,26.89,,14.37,19.03,买入,,37.45
600309.SH,万华化学,20211123,万华化学事件点评：NMP项目环评，电池产业布局再扩张,点评,一般报告,国海证券,"李永磊,董伯骏,赵小燕",2021Q4,12976100.0,,2949200.0,2572900.0,8.19,12.06,,35.0,,买入,,
002946.SZ,新乳业,20211123,新乳业：乘低温之风，从西南走向全国,深度,首次关注,国联证券,"陈梦瑶,华夏霖",2023Q4,1326243.0,,70670.0,63613.0,0.73,20.33,,16.79,8.03,买入,,20.8
002946.SZ,新乳业,20211123,新乳业：乘低温之风，从西南走向全国,深度,首次关注,国联证券,"陈梦瑶,华夏霖",2022Q4,1071484.0,,49801.0,44860.0,0.52,28.83,,13.64,9.97,买入,,20.8
002946.SZ,新乳业,20211123,新乳业：乘低温之风，从西南走向全国,深度,首次关注,国联证券,"陈梦瑶,华夏霖",2021Q4,867220.0,,40376.0,36150.0,0.42,35.77,,12.31,11.52,买入,,20.8
688239.SH,航宇科技,20211123,航宇科技：航发环锻领军企业，军民市场两翼齐飞,深度,首次关注,华西证券,陆洲,2023Q4,178232.29,,34100.0,30200.0,2.15,30.91,,14.6,,买入,,
688239.SH,航宇科技,20211123,航宇科技：航发环锻领军企业，军民市场两翼齐飞,深度,首次关注,华西证券,陆洲,2022Q4,130352.81,,23200.0,20500.0,1.47,45.39,,13.2,,买入,,
688239.SH,航宇科技,20211123,航宇科技：航发环锻领军企业，军民市场两翼齐飞,深度,首次关注,华西证券,陆洲,2021Q4,95504.93,,15300.0,13600.0,0.97,68.71,,11.4,,买入,,
603517.SH,绝味食品,20211123,绝味食品跟踪分析报告：战略清晰，行稳致远——投资者日交流调研报告,调研,一般报告,华创证券,"欧阳予,彭俊霖,董广阳",2023Q4,958500.0,,208400.0,158300.0,2.577,25.0,,20.9,28.0,强推,,90.0
603517.SH,绝味食品,20211123,绝味食品跟踪分析报告：战略清晰，行稳致远——投资者日交流调研报告,调研,一般报告,华创证券,"欧阳予,彭俊霖,董广阳",2021Q4,659900.0,,152700.0,116000.0,1.889,35.0,,19.9,37.0,强推,,90.0
603456.SH,九洲药业,20211123,九洲药业收购泰华杭州公司点评：新合作、新产能、新阶段,点评,一般报告,浙商证券,"孙建,毛雅婷",2023Q4,774400.0,,143300.0,121000.0,1.453,35.63,,23.23,26.92,买入,,
603456.SH,九洲药业,20211123,九洲药业收购泰华杭州公司点评：新合作、新产能、新阶段,点评,一般报告,浙商证券,"孙建,毛雅婷",2022Q4,570400.0,,102900.0,86800.0,1.043,49.65,,20.83,36.38,买入,,
603456.SH,九洲药业,20211123,九洲药业收购泰华杭州公司点评：新合作、新产能、新阶段,点评,一般报告,浙商证券,"孙建,毛雅婷",2021Q4,417700.0,,73300.0,61900.0,0.743,69.68,,18.14,49.49,买入,,
601390.SH,中国中铁,20211123,中国中铁：股权激励出台，向高质量发展迈进,点评,一般报告,华泰证券,"方晏荷,张艺露",2023Q4,146030200.0,,4963600.0,3683300.0,1.5,3.6,,9.8,3.94,增持,,7.26
601390.SH,中国中铁,20211123,中国中铁：股权激励出台，向高质量发展迈进,点评,一般报告,华泰证券,"方晏荷,张艺露",2022Q4,128064400.0,,4369300.0,3238500.0,1.32,4.09,,9.44,4.41,增持,,7.26
601390.SH,中国中铁,20211123,中国中铁：股权激励出台，向高质量发展迈进,点评,一般报告,华泰证券,"方晏荷,张艺露",2021Q4,111917300.0,,3837800.0,2851200.0,1.16,4.64,,9.04,4.85,增持,,7.26
601390.SH,中国中铁,20211123,中国中铁2021年限制性股票激励计划点评：激励计划完备合理成效可期，高要求目标彰显增长信心,点评,一般报告,光大证券,"孙伟风,冯孟乾,高鑫",2022Q4,129692700.0,,4182400.0,3207800.0,1.31,4.1,4.1,10.46,7.5,买入,,
603517.SH,绝味食品,20211123,绝味食品跟踪分析报告：战略清晰，行稳致远——投资者日交流调研报告,调研,一般报告,华创证券,"欧阳予,彭俊霖,董广阳",2022Q4,798700.0,,163200.0,124000.0,2.019,32.0,,18.9,35.0,强推,,90.0
601390.SH,中国中铁,20211123,中国中铁2021年限制性股票激励计划点评：激励计划完备合理成效可期，高要求目标彰显增长信心,点评,一般报告,光大证券,"孙伟风,冯孟乾,高鑫",2021Q4,113352300.0,,3764600.0,2866700.0,1.17,4.6,3.7,10.25,7.7,买入,,
688082.SH,盛美上海,20211123,盛美上海：国产清洗设备龙头再出发，开启迈向全球半导体设备龙头新征程,点评,首次关注,中信建投,吕娟,2023Q4,392100.0,,,74500.0,1.72,78.5,,28.9,,买入,,
688082.SH,盛美上海,20211123,盛美上海：国产清洗设备龙头再出发，开启迈向全球半导体设备龙头新征程,点评,首次关注,中信建投,吕娟,2022Q4,279800.0,,,52100.0,1.2,112.2,,28.5,,买入,,
688082.SH,盛美上海,20211123,盛美上海：国产清洗设备龙头再出发，开启迈向全球半导体设备龙头新征程,点评,首次关注,中信建投,吕娟,2021Q4,155100.0,,,26000.0,0.6,224.8,,19.9,,买入,,
600673.SH,东阳光,20211123,东阳光：老牌铝箔龙头，聚焦电池新材料再迎腾飞,深度,首次关注,中泰证券,"苏晨,陈传红",2022Q4,1060600.0,,193400.0,129500.0,0.43,27.0,,10.8,12.0,增持,,
601390.SH,中国中铁,20211123,中国中铁2021年限制性股票激励计划点评：激励计划完备合理成效可期，高要求目标彰显增长信心,点评,一般报告,光大证券,"孙伟风,冯孟乾,高鑫",2023Q4,145427900.0,,4668100.0,3604200.0,1.47,3.7,4.6,10.68,7.2,买入,,
600673.SH,东阳光,20211123,东阳光：老牌铝箔龙头，聚焦电池新材料再迎腾飞,深度,首次关注,中泰证券,"苏晨,陈传红",2021Q4,1160100.0,,76000.0,47900.0,0.16,72.0,,4.6,18.0,增持,,
600031.SH,三一重工,20211123,三一重工点评报告：电动化重大进展：集团首座智能换电站亮相,一般,一般报告,浙商证券,"王华君,李锋",2023Q4,13474600.0,,2505700.0,2086600.0,2.5,9.0,,19.9,4.4,买入,,
600031.SH,三一重工,20211123,三一重工点评报告：电动化重大进展：集团首座智能换电站亮相,一般,一般报告,浙商证券,"王华君,李锋",2021Q4,11303700.0,,1921200.0,1599800.0,1.9,12.0,,24.0,7.3,买入,,
300294.SZ,博雅生物,20211123,博雅生物：定增发行顺利，华润入主完成,点评,一般报告,国金证券,"袁维,赵博宇",2022Q4,340300.0,196600.0,62200.0,51300.0,1.003,35.54,,6.83,,买入,,
300294.SZ,博雅生物,20211123,博雅生物：定增发行顺利，华润入主完成,点评,一般报告,国金证券,"袁维,赵博宇",2021Q4,301900.0,173200.0,51500.0,42200.0,0.825,43.19,,5.97,,买入,,
600031.SH,三一重工,20211123,三一重工点评报告：电动化重大进展：集团首座智能换电站亮相,一般,一般报告,浙商证券,"王华君,李锋",2022Q4,12233400.0,,2182200.0,1817200.0,2.1,11.0,,21.5,5.9,买入,,
002637.SZ,赞宇科技,20211123,赞宇科技重大事件快评：拟回购股份进行员工激励，看好公司长期发展,点评,一般报告,国信证券,"杨林,薛聪,刘子栋,张玮航",2022Q4,1117300.0,,127100.0,91700.0,1.95,7.9,7.1,24.0,7.0,买入,,
600673.SH,东阳光,20211123,东阳光：老牌铝箔龙头，聚焦电池新材料再迎腾飞,深度,首次关注,中泰证券,"苏晨,陈传红",2023Q4,1161500.0,,234900.0,157300.0,0.52,22.0,,11.3,10.0,增持,,
300294.SZ,博雅生物,20211123,博雅生物：定增发行顺利，华润入主完成,点评,一般报告,国金证券,"袁维,赵博宇",2023Q4,385700.0,224400.0,74800.0,62200.0,1.216,29.34,,7.72,,买入,,
002637.SZ,赞宇科技,20211123,赞宇科技重大事件快评：拟回购股份进行员工激励，看好公司长期发展,点评,一般报告,国信证券,"杨林,薛聪,刘子栋,张玮航",2023Q4,1248800.0,,146500.0,105700.0,2.25,6.8,8.2,24.0,6.4,买入,,
002637.SZ,赞宇科技,20211123,赞宇科技重大事件快评：拟回购股份进行员工激励，看好公司长期发展,点评,一般报告,国信证券,"杨林,薛聪,刘子栋,张玮航",2021Q4,1010100.0,,105700.0,81500.0,1.73,8.8,5.0,24.0,8.3,买入,,
605337.SH,李子园,20211123,李子园调研简报：多元化销售渠道，产能扩张增加业绩弹性,调研,首次关注,国海证券,余春生,2023Q4,217500.0,,55600.0,42900.0,1.98,20.93,,23.0,,买入,,
605337.SH,李子园,20211123,李子园调研简报：多元化销售渠道，产能扩张增加业绩弹性,调研,首次关注,国海证券,余春生,2022Q4,174600.0,,44500.0,34300.0,1.58,26.18,,24.0,,买入,,
605337.SH,李子园,20211123,李子园调研简报：多元化销售渠道，产能扩张增加业绩弹性,调研,首次关注,国海证券,余春生,2021Q4,140200.0,,34200.0,26400.0,1.22,34.04,,24.0,,买入,,
603456.SH,九洲药业,20211123,九洲药业：拟收购满足GMP标准的Teva杭州工厂，满足未来2～3年CDMO产能需求,点评,一般报告,华西证券,"崔文亮,徐顺利",2023Q4,680900.0,,139500.0,117700.0,1.41,37.89,,20.2,,买入,,
603456.SH,九洲药业,20211123,九洲药业：拟收购满足GMP标准的Teva杭州工厂，满足未来2～3年CDMO产能需求,点评,一般报告,华西证券,"崔文亮,徐顺利",2022Q4,528900.0,,103700.0,87500.0,1.05,50.96,,18.8,,买入,,
603456.SH,九洲药业,20211123,九洲药业：拟收购满足GMP标准的Teva杭州工厂，满足未来2～3年CDMO产能需求,点评,一般报告,华西证券,"崔文亮,徐顺利",2021Q4,402200.0,,78500.0,66200.0,0.8,67.33,,17.6,,买入,,
688556.SH,高测股份,20211123,高测股份：技术红利＋商业变革，切片龙头呼之欲出,深度,首次关注,上海证券,"开文明,丁亚,王昆",2022Q4,292500.0,,45800.0,41200.0,2.55,33.97,,26.6,28.82,买入,,
688556.SH,高测股份,20211123,高测股份：技术红利＋商业变革，切片龙头呼之欲出,深度,首次关注,上海证券,"开文明,丁亚,王昆",2021Q4,140300.0,,17100.0,15400.0,0.95,90.73,,13.6,72.64,买入,,
603960.SH,克来机电,20211123,克来机电：大众销量高增长，新产品＋新客户驱动高增长,点评,一般报告,安信证券,徐慧雄,2023Q4,191040.0,,45710.0,38000.0,1.456,26.5,1.1,25.9,19.2,买入,,45.59
603960.SH,克来机电,20211123,克来机电：大众销量高增长，新产品＋新客户驱动高增长,点评,一般报告,安信证券,徐慧雄,2022Q4,132670.0,,30530.0,24840.0,0.952,40.5,0.7,20.7,28.9,买入,,45.59
603960.SH,克来机电,20211123,克来机电：大众销量高增长，新产品＋新客户驱动高增长,点评,一般报告,安信证券,徐慧雄,2021Q4,67340.0,,11100.0,8900.0,0.341,113.0,0.3,8.6,72.4,买入,,45.59
601636.SH,旗滨集团,20211123,旗滨集团：业绩新高度，成长新速度,深度,首次关注,申港证券,"曹旭特,刘宇栋",2023Q4,2088460.0,,699600.0,608572.0,2.27,7.09,,35.26,4.71,买入,,
601636.SH,旗滨集团,20211123,旗滨集团：业绩新高度，成长新速度,深度,首次关注,申港证券,"曹旭特,刘宇栋",2022Q4,1766890.0,,618200.0,537827.0,2.0,8.02,,37.65,5.69,买入,,
688556.SH,高测股份,20211123,高测股份：技术红利＋商业变革，切片龙头呼之欲出,深度,首次关注,上海证券,"开文明,丁亚,王昆",2023Q4,483200.0,,76700.0,70600.0,4.36,19.83,,31.3,17.39,买入,,
300811.SZ,铂科新材,20211123,铂科新材：双碳助力公司发展，GPU等新应用构建二次成长曲线,深度,一般报告,华西证券,"孙远峰,刘奕司",2023Q4,135913.71,52263.7,31600.0,27200.0,2.62,40.21,,19.4,,买入,,
300811.SZ,铂科新材,20211123,铂科新材：双碳助力公司发展，GPU等新应用构建二次成长曲线,深度,一般报告,华西证券,"孙远峰,刘奕司",2022Q4,100213.32,35465.32,20300.0,17400.0,1.68,62.66,,15.0,,买入,,
300811.SZ,铂科新材,20211123,铂科新材：双碳助力公司发展，GPU等新应用构建二次成长曲线,深度,一般报告,华西证券,"孙远峰,刘奕司",2021Q4,71093.43,24203.49,14100.0,12100.0,1.17,89.97,,12.0,,买入,,
002594.SZ,比亚迪,20211123,比亚迪：三款新车发布，DMi再添猛将,一般,一般报告,中信建投,"程似骐,何俊艺,陶亦然,杨耀先,马博硕",2022Q4,31656300.0,,,886300.0,3.045,97.8,,14.6,,买入,,
002594.SZ,比亚迪,20211123,比亚迪：三款新车发布，DMi再添猛将,一般,一般报告,中信建投,"程似骐,何俊艺,陶亦然,杨耀先,马博硕",2021Q4,20502500.0,,,401400.0,1.379,216.0,,7.5,,买入,,
601636.SH,旗滨集团,20211123,旗滨集团：业绩新高度，成长新速度,深度,首次关注,申港证券,"曹旭特,刘宇栋",2021Q4,1360258.0,,519800.0,452253.0,1.68,9.54,,38.81,6.94,买入,,
002594.SZ,比亚迪,20211123,比亚迪：三款新车发布，DMi再添猛将,一般,一般报告,中信建投,"程似骐,何俊艺,陶亦然,杨耀先,马博硕",2023Q4,39770700.0,,,1122800.0,3.857,77.2,,15.8,,买入,,
002281.SZ,光迅科技,20211123,通信：元宇宙之眼——光器件横向从B向C拓展，行业有望迎全面爆发,非个股,一般报告,民生证券,"马天诣,马佳伟,于一铭",2023Q4,889700.0,,,88800.0,1.27,,,12.2,,推荐,,
002281.SZ,光迅科技,20211123,通信：元宇宙之眼——光器件横向从B向C拓展，行业有望迎全面爆发,非个股,一般报告,民生证券,"马天诣,马佳伟,于一铭",2022Q4,783200.0,,,72400.0,1.03,,,11.4,,推荐,,
002281.SZ,光迅科技,20211123,通信：元宇宙之眼——光器件横向从B向C拓展，行业有望迎全面爆发,非个股,一般报告,民生证券,"马天诣,马佳伟,于一铭",2021Q4,689700.0,,,60500.0,0.86,,,10.7,,推荐,,
002594.SZ,比亚迪,20211123,中信证券晨会,非个股,一般报告,中信证券,"袁健聪,尹欣驰,李景涛,李鹞,吴威辰,滕冠兴,李子俊,王诗宸",2023Q4,,,,1520000.0,5.221,,,,,买入,,456.0
002594.SZ,比亚迪,20211123,中信证券晨会,非个股,一般报告,中信证券,"袁健聪,尹欣驰,李景涛,李鹞,吴威辰,滕冠兴,李子俊,王诗宸",2022Q4,,,,900000.0,3.092,,,,,买入,,456.0
002594.SZ,比亚迪,20211123,中信证券晨会,非个股,一般报告,中信证券,"袁健聪,尹欣驰,李景涛,李鹞,吴威辰,滕冠兴,李子俊,王诗宸",2021Q4,,,,450000.0,1.546,,,,,买入,,456.0
600765.SH,中航重机,20211123,国防军工：全面景气，再上高峰,非个股,一般报告,中信建投,"黎韬扬,王春阳",2023Q4,,,,133900.0,1.27,,,,,增持,,
600765.SH,中航重机,20211123,国防军工：全面景气，再上高峰,非个股,一般报告,中信建投,"黎韬扬,王春阳",2022Q4,,,,102000.0,0.97,,,,,增持,,
600765.SH,中航重机,20211123,国防军工：全面景气，再上高峰,非个股,一般报告,中信建投,"黎韬扬,王春阳",2021Q4,,,,73500.0,0.7,,,,,增持,,
688239.SH,航宇科技,20211123,国防军工：全面景气，再上高峰,非个股,一般报告,中信建投,"黎韬扬,王春阳",2023Q4,182900.0,,,26300.0,1.879,,,,,增持,,
688239.SH,航宇科技,20211123,国防军工：全面景气，再上高峰,非个股,一般报告,中信建投,"黎韬扬,王春阳",2022Q4,131500.0,,,17300.0,1.236,,,,,增持,,
688239.SH,航宇科技,20211123,国防军工：全面景气，再上高峰,非个股,一般报告,中信建投,"黎韬扬,王春阳",2021Q4,99700.0,,,13100.0,0.936,,,,,增持,,
300696.SZ,爱乐达,20211123,国防军工：全面景气，再上高峰,非个股,一般报告,中信建投,"黎韬扬,王春阳",2023Q4,,,,48800.0,2.0,,,,,增持,,
300696.SZ,爱乐达,20211123,国防军工：全面景气，再上高峰,非个股,一般报告,中信建投,"黎韬扬,王春阳",2022Q4,,,,35400.0,1.45,,,,,增持,,
300696.SZ,爱乐达,20211123,国防军工：全面景气，再上高峰,非个股,一般报告,中信建投,"黎韬扬,王春阳",2021Q4,,,,24300.0,0.99,,,,,增持,,
300570.SZ,太辰光,20211123,通信：元宇宙之眼——光器件横向从B向C拓展，行业有望迎全面爆发,非个股,一般报告,民生证券,"马天诣,马佳伟,于一铭",2023Q4,131300.0,,,20200.0,0.88,,,11.6,,推荐,,
300570.SZ,太辰光,20211123,通信：元宇宙之眼——光器件横向从B向C拓展，行业有望迎全面爆发,非个股,一般报告,民生证券,"马天诣,马佳伟,于一铭",2022Q4,101700.0,,,15600.0,0.68,,,10.1,,推荐,,
300570.SZ,太辰光,20211123,通信：元宇宙之眼——光器件横向从B向C拓展，行业有望迎全面爆发,非个股,一般报告,民生证券,"马天诣,马佳伟,于一铭",2021Q4,76400.0,,,11500.0,0.5,,,8.3,,推荐,,
300548.SZ,博创科技,20211123,通信：元宇宙之眼——光器件横向从B向C拓展，行业有望迎全面爆发,非个股,一般报告,民生证券,"马天诣,马佳伟,于一铭",2023Q4,180000.0,,,30600.0,1.76,,,15.9,,推荐,,
300548.SZ,博创科技,20211123,通信：元宇宙之眼——光器件横向从B向C拓展，行业有望迎全面爆发,非个股,一般报告,民生证券,"马天诣,马佳伟,于一铭",2022Q4,145000.0,,,21400.0,1.23,,,13.1,,推荐,,
300548.SZ,博创科技,20211123,通信：元宇宙之眼——光器件横向从B向C拓展，行业有望迎全面爆发,非个股,一般报告,民生证券,"马天诣,马佳伟,于一铭",2021Q4,118000.0,,,17600.0,1.01,,,12.5,,推荐,,
300593.SZ,新雷能,20211123,国防军工：全面景气，再上高峰,非个股,一般报告,中信建投,"黎韬扬,王春阳",2023Q4,237500.0,,,51900.0,1.96,,,,,增持,,
300593.SZ,新雷能,20211123,国防军工：全面景气，再上高峰,非个股,一般报告,中信建投,"黎韬扬,王春阳",2022Q4,182600.0,,,36900.0,1.393,,,,,增持,,
300593.SZ,新雷能,20211123,国防军工：全面景气，再上高峰,非个股,一般报告,中信建投,"黎韬扬,王春阳",2021Q4,137100.0,,,26100.0,0.985,,,,,增持,,
688195.SH,腾景科技,20211123,通信：元宇宙之眼——光器件横向从B向C拓展，行业有望迎全面爆发,非个股,一般报告,民生证券,"马天诣,马佳伟,于一铭",2023Q4,69700.0,,,17900.0,1.39,,,14.6,,推荐,,
688195.SH,腾景科技,20211123,通信：元宇宙之眼——光器件横向从B向C拓展，行业有望迎全面爆发,非个股,一般报告,民生证券,"马天诣,马佳伟,于一铭",2022Q4,49800.0,,,12700.0,0.98,,,12.1,,推荐,,
688195.SH,腾景科技,20211123,通信：元宇宙之眼——光器件横向从B向C拓展，行业有望迎全面爆发,非个股,一般报告,民生证券,"马天诣,马佳伟,于一铭",2021Q4,30200.0,,,6600.0,0.51,,,7.2,,推荐,,
300395.SZ,菲利华,20211123,国防军工：全面景气，再上高峰,非个股,一般报告,中信建投,"黎韬扬,王春阳",2023Q4,,,,62200.0,1.84,,,,,增持,,
300395.SZ,菲利华,20211123,国防军工：全面景气，再上高峰,非个股,一般报告,中信建投,"黎韬扬,王春阳",2022Q4,,,,47600.0,1.41,,,,,增持,,
300395.SZ,菲利华,20211123,国防军工：全面景气，再上高峰,非个股,一般报告,中信建投,"黎韬扬,王春阳",2021Q4,,,,35400.0,1.05,,,,,增持,,
300502.SZ,新易盛,20211123,通信：元宇宙之眼——光器件横向从B向C拓展，行业有望迎全面爆发,非个股,一般报告,民生证券,"马天诣,马佳伟,于一铭",2023Q4,495900.0,,,103900.0,2.05,,,16.9,,推荐,,
300502.SZ,新易盛,20211123,通信：元宇宙之眼——光器件横向从B向C拓展，行业有望迎全面爆发,非个股,一般报告,民生证券,"马天诣,马佳伟,于一铭",2022Q4,387800.0,,,84600.0,1.67,,,16.6,,推荐,,
300502.SZ,新易盛,20211123,通信：元宇宙之眼——光器件横向从B向C拓展，行业有望迎全面爆发,非个股,一般报告,民生证券,"马天诣,马佳伟,于一铭",2021Q4,285000.0,,,65800.0,1.3,,,15.5,,推荐,,
300394.SZ,天孚通信,20211123,通信：元宇宙之眼——光器件横向从B向C拓展，行业有望迎全面爆发,非个股,一般报告,民生证券,"马天诣,马佳伟,于一铭",2023Q4,213200.0,,,57200.0,1.46,,,15.5,,推荐,,
300394.SZ,天孚通信,20211123,通信：元宇宙之眼——光器件横向从B向C拓展，行业有望迎全面爆发,非个股,一般报告,民生证券,"马天诣,马佳伟,于一铭",2022Q4,160000.0,,,44700.0,1.14,,,14.3,,推荐,,
300394.SZ,天孚通信,20211123,通信：元宇宙之眼——光器件横向从B向C拓展，行业有望迎全面爆发,非个股,一般报告,民生证券,"马天诣,马佳伟,于一铭",2021Q4,118900.0,,,35200.0,0.9,,,13.1,,推荐,,
300855.SZ,图南股份,20211123,国防军工：全面景气，再上高峰,非个股,一般报告,中信建投,"黎韬扬,王春阳",2023Q4,111300.0,,,32500.0,1.625,,,,,增持,,
300855.SZ,图南股份,20211123,国防军工：全面景气，再上高峰,非个股,一般报告,中信建投,"黎韬扬,王春阳",2022Q4,90100.0,,,25400.0,1.27,,,,,增持,,
300855.SZ,图南股份,20211123,国防军工：全面景气，再上高峰,非个股,一般报告,中信建投,"黎韬扬,王春阳",2021Q4,72300.0,,,17200.0,0.86,,,,,增持,,
603799.SH,华友钴业,20211123,有色金属：锂钴强势上行，钴镍一体化迎来重估,非个股,一般报告,中金,"齐丁,杨文艺,陈彦,张家铭,王政,王建润",2022Q4,,,,487270.165,3.99,,,,,跑赢行业,,158.1
603799.SH,华友钴业,20211123,有色金属：锂钴强势上行，钴镍一体化迎来重估,非个股,一般报告,中金,"齐丁,杨文艺,陈彦,张家铭,王政,王建润",2021Q4,,,,335837.833,2.75,,,,,跑赢行业,,158.1
300219.SZ,鸿利智汇,20211123,鸿利智汇更新报告：VR用Min_iLED核心供应商，业绩拐点向上,一般,首份报告,国泰君安,"王聪,刘堃,邓佳",2021Q4,412300.0,,,31500.0,0.44,34.39,0.5,14.4,22.15,增持,,21.6
601390.SH,中国中铁,20211123,中国中铁重大事项点评：限制性激励草案公布，加权净资产收益率考核目标逐步提高,点评,一般报告,华创证券,"王彬鹏,鲁星泽,王卓星,郭亚新",2023Q4,133403000.0,,4847000.0,3657200.0,1.49,4.0,,10.3,11.0,推荐,,6.96
601390.SH,中国中铁,20211123,中国中铁重大事项点评：限制性激励草案公布，加权净资产收益率考核目标逐步提高,点评,一般报告,华创证券,"王彬鹏,鲁星泽,王卓星,郭亚新",2022Q4,121366600.0,,4285700.0,3233600.0,1.32,4.0,,10.1,12.0,推荐,,6.96
601390.SH,中国中铁,20211123,中国中铁重大事项点评：限制性激励草案公布，加权净资产收益率考核目标逐步提高,点评,一般报告,华创证券,"王彬鹏,鲁星泽,王卓星,郭亚新",2021Q4,109469100.0,,3769200.0,2843900.0,1.16,5.0,,9.8,14.0,推荐,,6.96
600233.SH,圆通速递,20211123,圆通速递：10月经营表现超预期，品牌服务时效改善得验证,点评,一般报告,东北证券,刘军,2023Q4,6850500.0,,414900.0,317800.0,1.01,16.6,0.0,11.95,,增持,,22.77
600233.SH,圆通速递,20211123,圆通速递：10月经营表现超预期，品牌服务时效改善得验证,点评,一般报告,东北证券,刘军,2022Q4,5595200.0,,307800.0,234700.0,0.74,22.48,0.0,10.02,,增持,,22.77
603799.SH,华友钴业,20211123,华友钴业：与容百签订战略合作协议，前驱体竞争力逐步凸显,点评,一般报告,华安证券,"王洪岩,许勇其,王亚琪",2021Q4,3135000.0,,415500.0,328500.0,2.69,45.56,,24.9,37.4,买入,,
300394.SZ,天孚通信,20211123,天孚通信重大事件快评：国内稀缺的平台型光器件厂商，新产品新领域构筑新成长,一般,首次关注,国信证券,"马成龙,陈彤",2023Q4,198028.0,,66600.0,57600.0,1.48,20.6,2.9,25.0,17.8,买入,,
300394.SZ,天孚通信,20211123,天孚通信重大事件快评：国内稀缺的平台型光器件厂商，新产品新领域构筑新成长,一般,首次关注,国信证券,"马成龙,陈彤",2022Q4,151075.0,,51200.0,44300.0,1.13,26.8,2.2,23.0,22.8,买入,,
300394.SZ,天孚通信,20211123,天孚通信重大事件快评：国内稀缺的平台型光器件厂商，新产品新领域构筑新成长,一般,首次关注,国信证券,"马成龙,陈彤",2021Q4,108044.0,,37200.0,32200.0,0.82,36.9,1.6,20.0,32.4,买入,,
603799.SH,华友钴业,20211123,华友钴业：与容百签订战略合作协议，前驱体竞争力逐步凸显,点评,一般报告,华安证券,"王洪岩,许勇其,王亚琪",2023Q4,5824800.0,,724200.0,569700.0,4.665,26.26,,24.9,21.27,买入,,
603799.SH,华友钴业,20211123,华友钴业：与容百签订战略合作协议，前驱体竞争力逐步凸显,点评,一般报告,华安证券,"王洪岩,许勇其,王亚琪",2022Q4,4232900.0,,513000.0,402000.0,3.292,37.22,,23.3,30.39,买入,,
300757.SZ,罗博特科,20211123,罗博特科：电池片自动化龙头，受益光伏高景气度，产品不断扩展,一般,首次关注,中航证券,"邹润芳,唐保威,孙玉浩,朱祖跃",2022Q4,147971.0,,18698.0,15735.0,1.427,42.31,,,,买入,,
002812.SZ,恩捷股份,20211123,恩捷股份：定增扩产隔膜和铝塑膜，巩固行业领先地位,点评,一般报告,华鑫证券,刘华峰,2023Q4,1610400.0,,614700.0,528800.0,5.93,45.6,,24.2,,审慎推荐,,
300757.SZ,罗博特科,20211123,罗博特科：电池片自动化龙头，受益光伏高景气度，产品不断扩展,一般,首次关注,中航证券,"邹润芳,唐保威,孙玉浩,朱祖跃",2023Q4,199947.0,,27965.0,23533.0,2.134,28.29,,,,买入,,
002812.SZ,恩捷股份,20211123,恩捷股份：定增扩产隔膜和铝塑膜，巩固行业领先地位,点评,一般报告,华鑫证券,刘华峰,2021Q4,789200.0,,287100.0,242600.0,2.72,99.3,,17.8,,审慎推荐,,
300568.SZ,星源材质,20211123,星源材质：剑指湿法市场，干法龙头再出发,深度,首次评级,申万宏源证券,"王宏为,马焰明",2022Q4,286500.0,,84200.0,69900.0,0.91,52.2,,17.6,29.7,增持,,
300568.SZ,星源材质,20211123,星源材质：剑指湿法市场，干法龙头再出发,深度,首次评级,申万宏源证券,"王宏为,马焰明",2021Q4,185000.0,,39600.0,32500.0,0.42,112.3,,9.9,52.5,增持,,
000708.SZ,中信特钢,20211123,中信特钢深度报告：“内生＋外延”，特钢航母持续远航,深度,首次关注,浙商证券,"马金龙,马野",2023Q4,10825786.0,,1170200.0,958666.0,1.9,11.06,,22.2,6.34,买入,,
000708.SZ,中信特钢,20211123,中信特钢深度报告：“内生＋外延”，特钢航母持续远航,深度,首次关注,浙商证券,"马金龙,马野",2022Q4,10696423.0,,1041600.0,858696.0,1.7,12.35,,23.59,7.3,买入,,
000708.SZ,中信特钢,20211123,中信特钢深度报告：“内生＋外延”，特钢航母持续远航,深度,首次关注,浙商证券,"马金龙,马野",2021Q4,10008760.0,,939400.0,780146.0,1.55,13.59,,25.36,8.58,买入,,
000625.SZ,长安汽车,20211123,长安汽车股权激励点评：股权激励落地，未来业绩可期,点评,一般报告,民生证券,邵将,2023Q4,12806300.0,,548400.0,667100.0,0.88,21.08,0.7,9.7,14.81,推荐,,
000625.SZ,长安汽车,20211123,长安汽车股权激励点评：股权激励落地，未来业绩可期,点评,一般报告,民生证券,邵将,2022Q4,11489600.0,,480100.0,579700.0,0.76,24.27,0.7,9.2,18.36,推荐,,
000625.SZ,长安汽车,20211123,长安汽车股权激励点评：股权激励落地，未来业绩可期,点评,一般报告,民生证券,邵将,2021Q4,10410200.0,,392200.0,456200.0,0.6,30.84,1.4,7.8,18.77,推荐,,
300480.SZ,光力科技,20211123,光力科技：收购布局半导体划片机＋核心零部件，定增加码产能蓄势待发,点评,首次关注,方正证券,陈杭,2023Q4,161400.0,87300.0,41900.0,34500.0,1.28,28.12,,17.2,24.8,推荐,,
300480.SZ,光力科技,20211123,光力科技：收购布局半导体划片机＋核心零部件，定增加码产能蓄势待发,点评,首次关注,方正证券,陈杭,2022Q4,115900.0,60500.0,26500.0,21700.0,0.8,44.76,,13.04,40.26,推荐,,
300480.SZ,光力科技,20211123,光力科技：收购布局半导体划片机＋核心零部件，定增加码产能蓄势待发,点评,首次关注,方正证券,陈杭,2021Q4,60200.0,32700.0,15800.0,13100.0,0.49,73.91,,9.08,79.14,推荐,,
688711.SH,宏微科技,20211123,宏微科技：精耕IGBT产业，下游需求推动公司成长,深度,首次关注,东兴证券,"王健辉,刘蒙,张永嘉",2023Q4,122276.0,,18000.0,17225.0,1.75,96.76,,32.8,78.71,推荐,,
300219.SZ,鸿利智汇,20211123,鸿利智汇更新报告：VR用Min_iLED核心供应商，业绩拐点向上,一般,首份报告,国泰君安,"王聪,刘堃,邓佳",2023Q4,729200.0,,,68600.0,0.97,15.8,0.8,21.1,10.73,增持,,21.6
300219.SZ,鸿利智汇,20211123,鸿利智汇更新报告：VR用Min_iLED核心供应商，业绩拐点向上,一般,首份报告,国泰君安,"王聪,刘堃,邓佳",2022Q4,563500.0,,,50900.0,0.72,21.26,0.6,19.3,14.24,增持,,21.6
600233.SH,圆通速递,20211123,圆通速递：10月经营表现超预期，品牌服务时效改善得验证,点评,一般报告,东北证券,刘军,2021Q4,4485100.0,,194300.0,149500.0,0.47,35.29,0.0,7.09,,增持,,22.77
300757.SZ,罗博特科,20211123,罗博特科：电池片自动化龙头，受益光伏高景气度，产品不断扩展,一般,首次关注,中航证券,"邹润芳,唐保威,孙玉浩,朱祖跃",2021Q4,104423.0,,9074.0,7636.0,0.692,87.19,,,,买入,,
002812.SZ,恩捷股份,20211123,恩捷股份：定增扩产隔膜和铝塑膜，巩固行业领先地位,点评,一般报告,华鑫证券,刘华峰,2022Q4,1181200.0,,456900.0,391100.0,4.38,61.6,,22.7,,审慎推荐,,
300568.SZ,星源材质,20211123,星源材质：剑指湿法市场，干法龙头再出发,深度,首次评级,申万宏源证券,"王宏为,马焰明",2023Q4,455400.0,,147000.0,120500.0,1.57,30.3,,23.3,18.9,增持,,
688711.SH,宏微科技,20211123,宏微科技：精耕IGBT产业，下游需求推动公司成长,深度,首次关注,东兴证券,"王健辉,刘蒙,张永嘉",2021Q4,50254.0,,6900.0,6569.0,0.67,253.73,,21.4,193.85,推荐,,
603713.SH,密尔克卫,20211123,密尔克卫：拟发行可转债募资12.4亿元，进一步完善服务矩阵＆线下履约能力,点评,一般报告,东吴证券,"吴劲草,阳靖",2023Q4,1981400.0,,110000.0,82100.0,4.99,22.37,,23.4,14.0,买入,,
603713.SH,密尔克卫,20211123,密尔克卫：拟发行可转债募资12.4亿元，进一步完善服务矩阵＆线下履约能力,点评,一般报告,东吴证券,"吴劲草,阳靖",2022Q4,1323800.0,,79300.0,59200.0,3.6,31.04,,21.6,19.01,买入,,
603713.SH,密尔克卫,20211123,密尔克卫：拟发行可转债募资12.4亿元，进一步完善服务矩阵＆线下履约能力,点评,一般报告,东吴证券,"吴劲草,阳靖",2021Q4,832900.0,,56200.0,42000.0,2.55,43.81,,19.5,26.86,买入,,
300065.SZ,海兰信,20211123,海兰信：海洋硬科技领军者，双向布局UDC及海洋娱乐，业绩加速拐点或将至,深度,首次关注,东吴证券,侯宾,2023Q4,135412.0,,15700.0,12300.0,0.2,100.76,,5.8,44.35,买入,,
300065.SZ,海兰信,20211123,海兰信：海洋硬科技领军者，双向布局UDC及海洋娱乐，业绩加速拐点或将至,深度,首次关注,东吴证券,侯宾,2021Q4,96419.0,,6000.0,4500.0,0.0724,273.42,,2.4,89.59,买入,,
000012.SZ,南玻A,20211123,南玻A：新兴业务发展顺利，静待22年释放——公司动态点评,一般,一般报告,东方证券,黄骥,2023Q4,2558200.0,,549900.0,448700.0,1.46,6.9,,28.6,5.0,买入,,15.97
000012.SZ,南玻A,20211123,南玻A：新兴业务发展顺利，静待22年释放——公司动态点评,一般,一般报告,东方证券,黄骥,2022Q4,1872200.0,,384200.0,313500.0,1.02,9.8,,24.3,6.8,买入,,15.97
000012.SZ,南玻A,20211123,南玻A：新兴业务发展顺利，静待22年释放——公司动态点评,一般,一般报告,东方证券,黄骥,2021Q4,1369800.0,,234800.0,191600.0,0.62,16.1,,17.5,10.5,买入,,15.97
002153.SZ,石基信息,20211123,石基信息公司深度报告：SaaS为王：剑指全球酒店市场下一个“广联达”,深度,一般报告,民生证券,"吕伟,郭新宇",2023Q4,541600.0,,101100.0,75600.0,0.5,58.2,0.0,7.6,27.9,推荐,,
002153.SZ,石基信息,20211123,石基信息公司深度报告：SaaS为王：剑指全球酒店市场下一个“广联达”,深度,一般报告,民生证券,"吕伟,郭新宇",2022Q4,445200.0,,63200.0,47400.0,0.32,92.9,0.0,5.2,40.5,推荐,,
688056.SH,莱伯泰科,20211123,莱伯泰科首次覆盖报告：世界级实验分析仪器企业，质谱仪促使公司进入发展新阶段,一般,首次关注,东方证券,"刘恩阳,杨震,田世豪,易丹阳,裴晓鹏",2023Q4,61350.0,,13400.0,11400.0,1.69,38.0,,12.0,26.3,买入,,78.4
688056.SH,莱伯泰科,20211123,莱伯泰科首次覆盖报告：世界级实验分析仪器企业，质谱仪促使公司进入发展新阶段,一般,首次关注,东方证券,"刘恩阳,杨震,田世豪,易丹阳,裴晓鹏",2022Q4,50120.0,,11200.0,9400.0,1.41,45.7,,11.2,32.6,买入,,78.4
688056.SH,莱伯泰科,20211123,莱伯泰科首次覆盖报告：世界级实验分析仪器企业，质谱仪促使公司进入发展新阶段,一般,首次关注,东方证券,"刘恩阳,杨震,田世豪,易丹阳,裴晓鹏",2021Q4,42130.0,,8900.0,7500.0,1.12,57.5,,9.8,43.8,买入,,78.4
688711.SH,宏微科技,20211123,宏微科技：精耕IGBT产业，下游需求推动公司成长,深度,首次关注,东兴证券,"王健辉,刘蒙,张永嘉",2022Q4,78096.0,,11000.0,10575.0,1.07,157.61,,27.12,124.39,推荐,,
300065.SZ,海兰信,20211123,海兰信：海洋硬科技领军者，双向布局UDC及海洋娱乐，业绩加速拐点或将至,深度,首次关注,东吴证券,侯宾,2022Q4,119245.0,,12600.0,9900.0,0.16,124.93,,5.0,55.4,买入,,
002153.SZ,石基信息,20211123,石基信息公司深度报告：SaaS为王：剑指全球酒店市场下一个“广联达”,深度,一般报告,民生证券,"吕伟,郭新宇",2021Q4,380000.0,,34900.0,26200.0,0.17,167.9,0.0,3.0,58.9,推荐,,
002475.SZ,立讯精密,20211123,立讯精密深度跟踪报告：平台型布局龙头，一体化扩张助力新一轮成长,深度,一般报告,中信证券,"徐涛,胡叶倩雯,梁楠",2023Q4,17053300.0,,1727500.0,1483800.0,2.11,20.3,,25.5,16.2,买入,,53.0
002475.SZ,立讯精密,20211123,立讯精密深度跟踪报告：平台型布局龙头，一体化扩张助力新一轮成长,深度,一般报告,中信证券,"徐涛,胡叶倩雯,梁楠",2022Q4,14191000.0,,1221900.0,1056700.0,1.5,28.5,,23.7,21.5,买入,,53.0
002475.SZ,立讯精密,20211123,立讯精密深度跟踪报告：平台型布局龙头，一体化扩张助力新一轮成长,深度,一般报告,中信证券,"徐涛,胡叶倩雯,梁楠",2021Q4,11962400.0,,887400.0,750800.0,1.07,40.0,,21.5,28.4,买入,,53.0
601390.SH,中国中铁,20211123,中国中铁：拟实施股权激励计划，国企改革持续深化,点评,一般报告,申万宏源证券,李峙屹,2023Q4,130765300.0,12579700.0,4445100.0,3452300.0,1.41,4.0,,10.5,,增持,,
300182.SZ,捷成股份,20211123,捷成股份：资产剥离落地，影视版权运营龙头腾飞,点评,一般报告,华西证券,"赵琳,李钊",2023Q4,526400.0,,101000.0,92100.0,0.36,14.18,,10.9,,买入,,
300182.SZ,捷成股份,20211123,捷成股份：资产剥离落地，影视版权运营龙头腾飞,点评,一般报告,华西证券,"赵琳,李钊",2022Q4,436000.0,,78700.0,71700.0,0.28,18.2,,9.5,,买入,,
300182.SZ,捷成股份,20211123,捷成股份：资产剥离落地，影视版权运营龙头腾飞,点评,一般报告,华西证券,"赵琳,李钊",2021Q4,362000.0,,61100.0,55700.0,0.22,23.42,,8.2,,买入,,
601390.SH,中国中铁,20211123,中国中铁：拟实施股权激励计划，国企改革持续深化,点评,一般报告,申万宏源证券,李峙屹,2022Q4,119685400.0,11414100.0,4013700.0,3082400.0,1.25,4.0,,10.4,,增持,,
601390.SH,中国中铁,20211123,中国中铁：拟实施股权激励计划，国企改革持续深化,点评,一般报告,申万宏源证券,李峙屹,2021Q4,108321600.0,10299000.0,3589300.0,2752100.0,1.12,5.0,,10.2,,增持,,
600223.SH,鲁商发展,20211123,鲁商发展首次覆盖报告：厚积薄发，健康美业成长加速,一般,首次评级,国泰君安,"訾猛,谢皓宇,闫清徽",2021Q4,1370200.0,,,77100.0,0.76,17.01,1.8,16.7,16.71,增持,,18.43
600223.SH,鲁商发展,20211123,鲁商发展首次覆盖报告：厚积薄发，健康美业成长加速,一般,首次评级,国泰君安,"訾猛,谢皓宇,闫清徽",2022Q4,1515200.0,,,94200.0,0.93,13.92,2.2,17.9,14.06,增持,,18.43
600223.SH,鲁商发展,20211123,鲁商发展首次覆盖报告：厚积薄发，健康美业成长加速,一般,首次评级,国泰君安,"訾猛,谢皓宇,闫清徽",2023Q4,1641700.0,,,107700.0,1.07,12.18,2.5,17.8,12.14,增持,,18.43
603517.SH,绝味食品,20211123,绝味食品动态跟踪：供应链优势持续强化，多举措逆势提升份额,调研,一般报告,光大证券,"叶倩瑜,陈彦彤,李嘉祺,杨哲",2021Q4,662600.0,,154400.0,115800.0,1.89,35.0,0.0,18.92,28.8,买入,,
603517.SH,绝味食品,20211123,绝味食品动态跟踪：供应链优势持续强化，多举措逆势提升份额,调研,一般报告,光大证券,"叶倩瑜,陈彦彤,李嘉祺,杨哲",2023Q4,961000.0,,218800.0,164100.0,2.67,25.0,0.0,18.0,16.7,买入,,
688499.SH,利元亨,20211123,利元亨：股权激励方案落地，业绩目标超市场预期,点评,一般报告,东吴证券,"周尔双,朱贝贝",2022Q4,426100.0,,51800.0,46100.0,5.23,63.22,,28.0,47.58,买入,,
601390.SH,中国中铁,20211123,中国中铁：限制性股票激励出台，经济下财政基建上,点评,一般报告,国泰君安,"韩其成,满静雅",2022Q4,,,,,1.31,,,,,增持,,8.26
601390.SH,中国中铁,20211123,中国中铁：限制性股票激励出台，经济下财政基建上,点评,一般报告,国泰君安,"韩其成,满静雅",2021Q4,,,,,1.17,,,,,增持,,8.26
688499.SH,利元亨,20211123,利元亨：股权激励方案落地，业绩目标超市场预期,点评,一般报告,东吴证券,"周尔双,朱贝贝",2023Q4,595200.0,,89700.0,79800.0,9.07,36.49,,34.4,30.8,买入,,
600580.SH,卧龙电驱,20211123,卧龙电驱重大事项点评：高效电机市场迎爆发，龙头标的持续受益,点评,一般报告,中信证券,"袁健聪,李鹞,吴威辰,滕冠兴,柯迈",2023Q4,1704750.0,,178000.0,143723.0,1.09,13.9,,13.5,10.4,买入,,22.8
600580.SH,卧龙电驱,20211123,卧龙电驱重大事项点评：高效电机市场迎爆发，龙头标的持续受益,点评,一般报告,中信证券,"袁健聪,李鹞,吴威辰,滕冠兴,柯迈",2022Q4,1504555.0,,154800.0,123867.0,0.94,16.1,,13.05,11.9,买入,,22.8
600580.SH,卧龙电驱,20211123,卧龙电驱重大事项点评：高效电机市场迎爆发，龙头标的持续受益,点评,一般报告,中信证券,"袁健聪,李鹞,吴威辰,滕冠兴,柯迈",2021Q4,1390837.0,,129000.0,102303.0,0.78,19.4,,12.04,14.1,买入,,22.8
002812.SZ,恩捷股份,20211123,恩捷股份：定增保障产能持续扩张，全球龙头地位稳固,点评,一般报告,中金,"曾韬,蒋昕昊",2023Q4,,,,731000.0,,33.0,,,,跑赢行业,,330.0
002812.SZ,恩捷股份,20211123,恩捷股份：定增保障产能持续扩张，全球龙头地位稳固,点评,一般报告,中金,"曾韬,蒋昕昊",2022Q4,1214800.0,,544000.0,458800.0,5.14,52.5,0.3,29.4,34.8,跑赢行业,,330.0
002812.SZ,恩捷股份,20211123,恩捷股份：定增保障产能持续扩张，全球龙头地位稳固,点评,一般报告,中金,"曾韬,蒋昕昊",2021Q4,811400.0,,296900.0,251500.0,2.82,95.8,0.1,20.5,56.3,跑赢行业,,330.0
601633.SH,长城汽车,20211123,长城汽车：广州车展长城新车不断，沙龙亮相主打高端纯电,点评,一般报告,中信建投,"何俊艺,程似骐,陶亦然,杨耀先,马博硕",2022Q4,21107700.0,,,1336800.0,1.447,40.3,,17.4,,买入,,
601633.SH,长城汽车,20211123,长城汽车：广州车展长城新车不断，沙龙亮相主打高端纯电,点评,一般报告,中信建投,"何俊艺,程似骐,陶亦然,杨耀先,马博硕",2021Q4,14526900.0,,,795800.0,0.862,67.7,,12.2,,买入,,
601390.SH,中国中铁,20211123,中国中铁：探索推行股权激励，国企改革行动落地在即,点评,一般报告,兴业证券,孟杰,2023Q4,144490300.0,,4944800.0,3730900.0,1.518,3.5,,10.6,,审慎增持,,
601390.SH,中国中铁,20211123,中国中铁：探索推行股权激励，国企改革行动落地在即,点评,一般报告,兴业证券,孟杰,2022Q4,127339500.0,,4357200.0,3287500.0,1.338,4.0,,10.5,,审慎增持,,
601390.SH,中国中铁,20211123,中国中铁：探索推行股权激励，国企改革行动落地在即,点评,一般报告,兴业证券,孟杰,2021Q4,112269500.0,,3877800.0,2925800.0,1.191,4.5,,10.4,,审慎增持,,
002821.SZ,凯莱英,20211123,凯莱英：大订单催化业绩提速，小分子CDMO实力彰显,点评,一般报告,中金,"张琎,吴婉桦,邹朋",2021Q4,438000.0,,115200.0,102200.0,4.18,105.7,0.2,15.1,75.0,跑赢行业,,525.0
002821.SZ,凯莱英,20211123,凯莱英：大订单催化业绩提速，小分子CDMO实力彰显,点评,一般报告,中金,"张琎,吴婉桦,邹朋",2022Q4,652700.0,,181400.0,160900.0,6.58,67.1,0.4,19.2,50.6,跑赢行业,,525.0
603713.SH,密尔克卫,20211123,密尔克卫重大事件快评：发布可转债募资预案，着眼长期成长,点评,一般报告,国信证券,"黄盈,姜明",2023Q4,1632200.0,,100200.0,77400.0,4.71,20.5,0.8,24.0,18.3,买入,,
603713.SH,密尔克卫,20211123,密尔克卫重大事件快评：发布可转债募资预案，着眼长期成长,点评,一般报告,国信证券,"黄盈,姜明",2022Q4,1166600.0,,70300.0,57100.0,3.47,27.7,0.6,22.0,24.1,买入,,
603517.SH,绝味食品,20211123,绝味食品动态跟踪：供应链优势持续强化，多举措逆势提升份额,调研,一般报告,光大证券,"叶倩瑜,陈彦彤,李嘉祺,杨哲",2022Q4,799800.0,,180200.0,135200.0,2.2,30.0,0.0,18.09,21.0,买入,,
688499.SH,利元亨,20211123,利元亨：股权激励方案落地，业绩目标超市场预期,点评,一般报告,东吴证券,"周尔双,朱贝贝",2021Q4,236600.0,,26900.0,24000.0,2.72,121.46,,19.1,77.02,买入,,
601390.SH,中国中铁,20211123,中国中铁：限制性股票激励出台，经济下财政基建上,点评,一般报告,国泰君安,"韩其成,满静雅",2023Q4,,,,,1.46,,,,,增持,,8.26
601633.SH,长城汽车,20211123,长城汽车：广州车展长城新车不断，沙龙亮相主打高端纯电,点评,一般报告,中信建投,"何俊艺,程似骐,陶亦然,杨耀先,马博硕",2023Q4,33822700.0,,,2094600.0,2.268,25.7,,21.7,,买入,,
603713.SH,密尔克卫,20211123,密尔克卫重大事件快评：发布可转债募资预案，着眼长期成长,点评,一般报告,国信证券,"黄盈,姜明",2021Q4,710400.0,,52300.0,43100.0,2.62,36.7,0.4,21.0,30.1,买入,,
002812.SZ,恩捷股份,20211123,恩捷股份事件点评：龙头再扩产隔膜＋铝塑膜，树立产能壁垒,点评,一般报告,民生证券,"邓永康,李京波",2023Q4,1535500.0,,570200.0,509300.0,5.71,47.3,0.0,22.6,33.1,推荐,,
002812.SZ,恩捷股份,20211123,恩捷股份事件点评：龙头再扩产隔膜＋铝塑膜，树立产能壁垒,点评,一般报告,民生证券,"邓永康,李京波",2021Q4,798400.0,,286500.0,248400.0,2.79,96.9,0.0,18.0,61.7,推荐,,
002812.SZ,恩捷股份,20211123,恩捷股份事件点评：龙头再扩产隔膜＋铝塑膜，树立产能壁垒,点评,一般报告,民生证券,"邓永康,李京波",2022Q4,1123100.0,,417400.0,372600.0,4.18,64.6,0.0,21.3,43.7,推荐,,
688499.SH,利元亨,20211122,利元亨：发布股权激励计划，彰显未来发展信心,点评,一般报告,广发证券,"代川,朱宇航,范方舟",2022Q4,494700.0,,61700.0,54900.0,6.24,53.08,,20.1,44.17,买入,,382.1
688499.SH,利元亨,20211122,利元亨：发布股权激励计划，彰显未来发展信心,点评,一般报告,广发证券,"代川,朱宇航,范方舟",2021Q4,249600.0,,29200.0,26000.0,2.95,112.06,,12.0,87.97,买入,,382.1
688499.SH,利元亨,20211122,利元亨：发布股权激励计划，彰显未来发展信心,点评,一般报告,广发证券,"代川,朱宇航,范方舟",2023Q4,738300.0,,97700.0,86900.0,9.88,33.5,,24.1,27.85,买入,,382.1
600801.SH,华新水泥,20211122,建材行业周报：宽松预期加强，静待行业景气回升,非个股,一般报告,中银国际,"余斯杰,陈浩武",2023Q4,4265000.0,,,818000.0,3.9,,,,,无,,
600801.SH,华新水泥,20211122,建材行业周报：宽松预期加强，静待行业景气回升,非个股,一般报告,中银国际,"余斯杰,陈浩武",2022Q4,3999000.0,,,750000.0,3.58,,,,,无,,
600801.SH,华新水泥,20211122,建材行业周报：宽松预期加强，静待行业景气回升,非个股,一般报告,中银国际,"余斯杰,陈浩武",2021Q4,3613000.0,,,652000.0,3.11,,,,,无,,
601606.SH,长城军工,20211122,长城军工：兵器装备集团即将入主，公司业绩有望改善,点评,首次关注,财信证券,"何晨,张看",2021Q4,163352.0,,8999.0,8028.0,0.11,120.62,0.25,3.26,28.88,谨慎推荐,,
688097.SH,博众精工,20211122,博众精工：厚积薄发，从3C设备龙头到锂电设备新锐,点评,首次评级,太平洋证券,"沈钱,王凌涛",2023Q4,679200.0,,79000.0,66600.0,1.66,27.42,,22.0,18.55,买入,,62.03
688097.SH,博众精工,20211122,博众精工：厚积薄发，从3C设备龙头到锂电设备新锐,点评,首次评级,太平洋证券,"沈钱,王凌涛",2022Q4,516300.0,,55100.0,46500.0,1.15,39.34,,19.0,25.94,买入,,62.03
688097.SH,博众精工,20211122,博众精工：厚积薄发，从3C设备龙头到锂电设备新锐,点评,首次评级,太平洋证券,"沈钱,王凌涛",2021Q4,386200.0,,24100.0,20300.0,0.5,89.92,,10.0,55.03,买入,,62.03
300852.SZ,四会富仕,20211122,四会富仕：原材料涨价顺利传导，汽车PCB业务迎来新突破,点评,一般报告,太平洋证券,"沈钱,王凌涛",2023Q4,171600.0,,39400.0,33600.0,3.29,18.34,,22.0,5.33,买入,,78.43
300852.SZ,四会富仕,20211122,四会富仕：原材料涨价顺利传导，汽车PCB业务迎来新突破,点评,一般报告,太平洋证券,"沈钱,王凌涛",2022Q4,137300.0,,31000.0,26400.0,2.59,23.31,,21.0,7.34,买入,,78.43
300852.SZ,四会富仕,20211122,四会富仕：原材料涨价顺利传导，汽车PCB业务迎来新突破,点评,一般报告,太平洋证券,"沈钱,王凌涛",2021Q4,105000.0,,23000.0,19700.0,1.93,31.29,,19.0,10.29,买入,,78.43
601606.SH,长城军工,20211122,长城军工：兵器装备集团即将入主，公司业绩有望改善,点评,首次关注,财信证券,"何晨,张看",2023Q4,194062.0,,16464.0,14688.0,0.2,65.92,0.46,5.56,21.74,谨慎推荐,,
601606.SH,长城军工,20211122,长城军工：兵器装备集团即将入主，公司业绩有望改善,点评,首次关注,财信证券,"何晨,张看",2022Q4,176420.0,,12966.0,11567.0,0.16,83.71,0.36,4.55,24.98,谨慎推荐,,
603517.SH,绝味食品,20211122,绝味食品：开店天花板仍高，供应链持续降本增效,调研,一般报告,信达证券,马铮,2023Q4,959800.0,,211900.0,158700.0,2.58,25.35,,21.2,18.01,买入,,
603517.SH,绝味食品,20211122,绝味食品：开店天花板仍高，供应链持续降本增效,调研,一般报告,信达证券,马铮,2022Q4,806400.0,,174300.0,130600.0,2.13,30.79,,20.0,22.43,买入,,
603517.SH,绝味食品,20211122,绝味食品：开店天花板仍高，供应链持续降本增效,调研,一般报告,信达证券,马铮,2021Q4,672300.0,,164500.0,127400.0,2.07,31.57,,22.2,26.86,买入,,
300638.SZ,广和通,20211122,广和通深度报告：“车载＋笔电＋泛IoT”共铸物联网模组龙头,深度,一般报告,信达证券,蒋颖,2023Q4,831546.0,,86161.0,80315.0,1.94,28.63,,25.03,26.09,买入,,
300638.SZ,广和通,20211122,广和通深度报告：“车载＋笔电＋泛IoT”共铸物联网模组龙头,深度,一般报告,信达证券,蒋颖,2022Q4,615258.0,,65007.0,60614.0,1.47,37.93,,23.42,34.1,买入,,
300638.SZ,广和通,20211122,广和通深度报告：“车载＋笔电＋泛IoT”共铸物联网模组龙头,深度,一般报告,信达证券,蒋颖,2021Q4,404916.0,,47797.0,44595.0,1.08,51.56,,21.17,45.47,买入,,
000401.SZ,冀东水泥,20211122,冀东水泥：分红比例提升彰显信心，2022年价格有弹性,点评,一般报告,华西证券,郁晾,2023Q4,4091573.0,,798049.0,343467.0,2.43,4.9,,13.76,,买入,,15.6
000401.SZ,冀东水泥,20211122,冀东水泥：分红比例提升彰显信心，2022年价格有弹性,点评,一般报告,华西证券,郁晾,2022Q4,3994856.0,,726318.0,309978.0,2.19,5.43,,13.88,,买入,,15.6
000401.SZ,冀东水泥,20211122,冀东水泥：分红比例提升彰显信心，2022年价格有弹性,点评,一般报告,华西证券,郁晾,2021Q4,3868420.0,,655166.0,275994.0,1.95,6.1,,13.82,,买入,,15.6
600483.SH,福能股份,20211122,10月用电增长6.1％，深化降碳节能减污改革：公用环保行业周报,非个股,一般报告,中信证券,李想,2023Q4,,,,310630.644,1.62,,,,,买入,,16.0
600483.SH,福能股份,20211122,10月用电增长6.1％，深化降碳节能减污改革：公用环保行业周报,非个股,一般报告,中信证券,李想,2022Q4,,,,306795.698,1.6,,,,,买入,,16.0
600483.SH,福能股份,20211122,10月用电增长6.1％，深化降碳节能减污改革：公用环保行业周报,非个股,一般报告,中信证券,李想,2021Q4,,,,239684.139,1.25,,,,,买入,,16.0
688012.SH,中微公司,20211122,电子元器件：行业新一轮扩容，半导体设备国产化步入新篇章,非个股,一般报告,国泰君安,"王聪,舒迪,郭航",2022Q4,443600.0,,,72716.849,1.18,,,,,增持,,216.04
688012.SH,中微公司,20211122,电子元器件：行业新一轮扩容，半导体设备国产化步入新篇章,非个股,一般报告,国泰君安,"王聪,舒迪,郭航",2021Q4,317600.0,,,65938.159,1.07,,,,,增持,,216.04
300783.SZ,三只松鼠,20211122,大众品提价复盘：格局定基、成本驱动，有望与消费升级共振,非个股,一般报告,中金,"王文丹,周悦琅,陈文博",2022Q4,1204400.0,,,55300.0,1.379,,,20.7,,无,,
300783.SZ,三只松鼠,20211122,大众品提价复盘：格局定基、成本驱动，有望与消费升级共振,非个股,一般报告,中金,"王文丹,周悦琅,陈文博",2021Q4,1003000.0,,,47600.0,1.187,,,20.9,,无,,
688661.SH,和林微纳,20211122,电子元器件：行业新一轮扩容，半导体设备国产化步入新篇章,非个股,一般报告,国泰君安,"王聪,舒迪,郭航",2022Q4,52900.0,,,15520.0,1.94,,,,,无,,
688661.SH,和林微纳,20211122,电子元器件：行业新一轮扩容，半导体设备国产化步入新篇章,非个股,一般报告,国泰君安,"王聪,舒迪,郭航",2021Q4,39800.0,,,11440.0,1.43,,,,,无,,
002185.SZ,华天科技,20211122,电子元器件：行业新一轮扩容，半导体设备国产化步入新篇章,非个股,一般报告,国泰君安,"王聪,舒迪,郭航",2022Q4,1455500.0,,,160224.232,0.5,,,,,增持,,17.5
002185.SZ,华天科技,20211122,电子元器件：行业新一轮扩容，半导体设备国产化步入新篇章,非个股,一般报告,国泰君安,"王聪,舒迪,郭航",2021Q4,1201600.0,,,134588.355,0.42,,,,,增持,,17.5
600048.SH,保利发展,20211122,政策边际放松可期，把握板块结构性机会,非个股,一般报告,西南证券,"沈猛,池天惠,刘洋",2022Q4,,,,3339660.016,2.79,,,,,买入,,
600048.SH,保利发展,20211122,政策边际放松可期，把握板块结构性机会,非个股,一般报告,西南证券,"沈猛,池天惠,刘洋",2021Q4,,,,3076317.649,2.57,,,,,买入,,
002028.SZ,思源电气,20211122,犄角之势下电网思变，总量稳增结构升级——东吴电新团队,非个股,一般报告,东吴证券,"曾朵红,柴嘉辉,谢哲栋",2023Q4,,,,182700.0,2.386,,,,,买入,,
002028.SZ,思源电气,20211122,犄角之势下电网思变，总量稳增结构升级——东吴电新团队,非个股,一般报告,东吴证券,"曾朵红,柴嘉辉,谢哲栋",2022Q4,,,,152800.0,1.996,,,,,买入,,
002028.SZ,思源电气,20211122,犄角之势下电网思变，总量稳增结构升级——东吴电新团队,非个股,一般报告,东吴证券,"曾朵红,柴嘉辉,谢哲栋",2021Q4,,,,122100.0,1.595,,,,,买入,,
688981.SH,中芯国际,20211122,电子元器件：行业新一轮扩容，半导体设备国产化步入新篇章,非个股,一般报告,国泰君安,"王聪,舒迪,郭航",2022Q4,4131400.0,,,948423.492,1.2,,,,,增持,,84.0
600584.SH,长电科技,20211122,电子元器件：行业新一轮扩容，半导体设备国产化步入新篇章,非个股,一般报告,国泰君安,"王聪,舒迪,郭航",2022Q4,3406900.0,,,300744.457,1.69,,,,,增持,,42.5
600584.SH,长电科技,20211122,电子元器件：行业新一轮扩容，半导体设备国产化步入新篇章,非个股,一般报告,国泰君安,"王聪,舒迪,郭航",2021Q4,2988700.0,,,274051.162,1.54,,,,,增持,,42.5
688596.SH,正帆科技,20211122,电子元器件：行业新一轮扩容，半导体设备国产化步入新篇章,非个股,一般报告,国泰君安,"王聪,舒迪,郭航",2022Q4,226300.0,,,25137.0,0.98,,,,,增持,,44.2
688981.SH,中芯国际,20211122,电子元器件：行业新一轮扩容，半导体设备国产化步入新篇章,非个股,一般报告,国泰君安,"王聪,舒迪,郭航",2021Q4,3393500.0,,,853581.143,1.08,,,,,增持,,84.0
688596.SH,正帆科技,20211122,电子元器件：行业新一轮扩容，半导体设备国产化步入新篇章,非个股,一般报告,国泰君安,"王聪,舒迪,郭航",2021Q4,160400.0,,,18468.0,0.72,,,,,增持,,44.2
688001.SH,华兴源创,20211122,电子元器件：行业新一轮扩容，半导体设备国产化步入新篇章,非个股,一般报告,国泰君安,"王聪,舒迪,郭航",2022Q4,260000.0,,,48771.904,1.11,,,,,增持,,59.23
688001.SH,华兴源创,20211122,电子元器件：行业新一轮扩容，半导体设备国产化步入新篇章,非个股,一般报告,国泰君安,"王聪,舒迪,郭航",2021Q4,215000.0,,,36908.468,0.84,,,,,增持,,59.23
600641.SH,万业企业,20211122,电子元器件：行业新一轮扩容，半导体设备国产化步入新篇章,非个股,一般报告,国泰君安,"王聪,舒迪,郭航",2022Q4,165200.0,,,49812.381,0.52,,,,,增持,,43.11
600641.SH,万业企业,20211122,电子元器件：行业新一轮扩容，半导体设备国产化步入新篇章,非个股,一般报告,国泰君安,"王聪,舒迪,郭航",2021Q4,120200.0,,,41191.007,0.43,,,,,增持,,43.11
300480.SZ,光力科技,20211122,电子元器件：行业新一轮扩容，半导体设备国产化步入新篇章,非个股,一般报告,国泰君安,"王聪,舒迪,郭航",2021Q4,58400.0,,,11864.117,0.44,,,,,无,,
300260.SZ,新莱应材,20211122,电子元器件：行业新一轮扩容，半导体设备国产化步入新篇章,非个股,一般报告,国泰君安,"王聪,舒迪,郭航",2022Q4,247700.0,,,29452.71,1.3,,,,,增持,,65.0
300260.SZ,新莱应材,20211122,电子元器件：行业新一轮扩容，半导体设备国产化步入新篇章,非个股,一般报告,国泰君安,"王聪,舒迪,郭航",2021Q4,197500.0,,,16538.829,0.73,,,,,增持,,65.0
300480.SZ,光力科技,20211122,电子元器件：行业新一轮扩容，半导体设备国产化步入新篇章,非个股,一般报告,国泰君安,"王聪,舒迪,郭航",2022Q4,102000.0,,,19953.287,0.74,,,,,无,,
300604.SZ,长川科技,20211122,电子元器件：行业新一轮扩容，半导体设备国产化步入新篇章,非个股,一般报告,国泰君安,"王聪,舒迪,郭航",2022Q4,175500.0,,,30820.765,0.51,,,,,增持,,72.64
300604.SZ,长川科技,20211122,电子元器件：行业新一轮扩容，半导体设备国产化步入新篇章,非个股,一般报告,国泰君安,"王聪,舒迪,郭航",2021Q4,132700.0,,,19942.848,0.33,,,,,增持,,72.64
002156.SZ,通富微电,20211122,电子元器件：行业新一轮扩容，半导体设备国产化步入新篇章,非个股,一般报告,国泰君安,"王聪,舒迪,郭航",2022Q4,1889100.0,,,123600.434,0.93,,,,,增持,,27.9
002156.SZ,通富微电,20211122,电子元器件：行业新一轮扩容，半导体设备国产化步入新篇章,非个股,一般报告,国泰君安,"王聪,舒迪,郭航",2021Q4,1506100.0,,,93032.585,0.7,,,,,增持,,27.9
002643.SZ,万润股份,20211122,需求驱动仍是主旋律——基础化工行业周报,非个股,一般报告,国泰君安,"段海峰,沈唯",2022Q4,,,,85590.84,0.92,,,,,增持,,
002643.SZ,万润股份,20211122,需求驱动仍是主旋律——基础化工行业周报,非个股,一般报告,国泰君安,"段海峰,沈唯",2021Q4,,,,71635.812,0.77,,,,,增持,,
688200.SH,华峰测控,20211122,电子元器件：行业新一轮扩容，半导体设备国产化步入新篇章,非个股,一般报告,国泰君安,"王聪,舒迪,郭航",2022Q4,121900.0,,,57771.686,9.42,,,,,增持,,799.34
688200.SH,华峰测控,20211122,电子元器件：行业新一轮扩容，半导体设备国产化步入新篇章,非个股,一般报告,国泰君安,"王聪,舒迪,郭航",2021Q4,89800.0,,,42132.854,6.87,,,,,增持,,799.34
688006.SH,杭可科技,20211122,杭可科技点评报告：海外客户扩产有望加速，迎来业绩增速和盈利能力双击,点评,一般报告,中航证券,"邹润芳,朱祖跃,孙玉浩,唐保威",2023Q4,542040.0,,150900.0,132000.0,3.3,37.4,,,,买入,,
688006.SH,杭可科技,20211122,杭可科技点评报告：海外客户扩产有望加速，迎来业绩增速和盈利能力双击,点评,一般报告,中航证券,"邹润芳,朱祖跃,孙玉浩,唐保威",2022Q4,391210.0,,98310.0,86000.0,2.1,57.4,,,,买入,,
688006.SH,杭可科技,20211122,杭可科技点评报告：海外客户扩产有望加速，迎来业绩增速和盈利能力双击,点评,一般报告,中航证券,"邹润芳,朱祖跃,孙玉浩,唐保威",2021Q4,232100.0,,47910.0,42000.0,1.042,117.9,,,,买入,,
603317.SH,天味食品,20211122,天味食品：竞争环境趋缓，清理包袱再出发,深度,首次关注,招商证券,"于佳琦,任龙",2022Q4,250380.0,,41300.0,35000.0,0.46,58.9,,8.4,35.8,审慎推荐,,
603317.SH,天味食品,20211122,天味食品：竞争环境趋缓，清理包袱再出发,深度,首次关注,招商证券,"于佳琦,任龙",2023Q4,304630.0,,54800.0,46100.0,0.61,44.8,,10.2,26.5,审慎推荐,,
603317.SH,天味食品,20211122,天味食品：竞争环境趋缓，清理包袱再出发,深度,首次关注,招商证券,"于佳琦,任龙",2021Q4,211150.0,,19700.0,16900.0,0.22,122.0,,4.4,75.7,审慎推荐,,
300893.SZ,松原股份,20211122,松原股份：优质赛道潜力之星，深度受益自主崛起,一般,首次关注,太平洋证券,"白宇,樊夏沛",2023Q4,151800.0,,,28300.0,1.89,19.8,,,,买入,,
300893.SZ,松原股份,20211122,松原股份：优质赛道潜力之星，深度受益自主崛起,一般,首次关注,太平洋证券,"白宇,樊夏沛",2022Q4,104700.0,,,20000.0,1.33,28.0,,,,买入,,
300893.SZ,松原股份,20211122,松原股份：优质赛道潜力之星，深度受益自主崛起,一般,首次关注,太平洋证券,"白宇,樊夏沛",2021Q4,74800.0,,,12000.0,0.8,47.0,,,,买入,,
300480.SZ,光力科技,20211122,光力科技：海外并购＋本土研发，半导体划片机有望放量,深度,首次关注,东北证券,"刘军,张晗",2022Q4,109100.0,,27200.0,23200.0,0.86,41.92,0.04,19.15,,买入,,43.22
300480.SZ,光力科技,20211122,光力科技：海外并购＋本土研发，半导体划片机有望放量,深度,首次关注,东北证券,"刘军,张晗",2021Q4,57600.0,,15700.0,13200.0,0.49,73.36,0.04,13.99,,买入,,43.22
601390.SH,中国中铁,20211122,中国中铁点评报告：股权激励助推公司高质量发展,点评,一般报告,招商证券,"唐笑,岳恒宇,贾宏坤",2022Q4,120314400.0,,4177700.0,3219300.0,1.31,4.0,,10.5,14.5,强烈推荐,,
601390.SH,中国中铁,20211122,中国中铁点评报告：股权激励助推公司高质量发展,点评,一般报告,招商证券,"唐笑,岳恒宇,贾宏坤",2021Q4,108587000.0,,3699600.0,2847000.0,1.16,4.5,,10.2,16.2,强烈推荐,,
300253.SZ,卫宁健康,20211122,卫宁健康：与复星健康强强联合，利好WiNEX及创新业务发展,点评,一般报告,中泰证券,"闻学臣,何柄谕",2022Q4,388100.0,,86800.0,80200.0,0.37,40.74,0.0,13.65,,买入,,
300253.SZ,卫宁健康,20211122,卫宁健康：与复星健康强强联合，利好WiNEX及创新业务发展,点评,一般报告,中泰证券,"闻学臣,何柄谕",2021Q4,309200.0,,64800.0,60100.0,0.28,54.38,0.2,11.84,,买入,,
300480.SZ,光力科技,20211122,光力科技：海外并购＋本土研发，半导体划片机有望放量,深度,首次关注,东北证券,"刘军,张晗",2023Q4,149000.0,,38900.0,33100.0,1.23,29.32,0.04,20.96,,买入,,43.22
601390.SH,中国中铁,20211122,中国中铁点评报告：股权激励助推公司高质量发展,点评,一般报告,招商证券,"唐笑,岳恒宇,贾宏坤",2023Q4,132827100.0,,4737200.0,3653400.0,1.49,3.5,,10.9,13.1,强烈推荐,,
300253.SZ,卫宁健康,20211122,卫宁健康：与复星健康强强联合，利好WiNEX及创新业务发展,点评,一般报告,中泰证券,"闻学臣,何柄谕",2023Q4,483200.0,,113800.0,105200.0,0.49,31.04,0.0,15.19,,买入,,
301021.SZ,英诺激光,20211122,英诺激光：微加工领域龙头，受益于激光微加工场景拓展及设备进口替代双轮驱动,一般,首次关注,华金证券,"叶中正,李蕙,刘荆",2022Q4,55700.0,,12700.0,11300.0,0.74,59.8,,9.7,35.9,增持,,
301021.SZ,英诺激光,20211122,英诺激光：微加工领域龙头，受益于激光微加工场景拓展及设备进口替代双轮驱动,一般,首次关注,华金证券,"叶中正,李蕙,刘荆",2023Q4,73800.0,,16700.0,14800.0,0.98,45.6,,11.3,27.6,增持,,
300253.SZ,卫宁健康,20211122,卫宁健康：战略合作复星健康，WiNEX推广迎来里程碑节点,点评,一般报告,广发证券,"刘雪峰,李傲远",2023Q4,492400.0,,109800.0,107800.0,0.5,29.75,,15.2,24.87,买入,,18.44
300253.SZ,卫宁健康,20211122,卫宁健康：战略合作复星健康，WiNEX推广迎来里程碑节点,点评,一般报告,广发证券,"刘雪峰,李傲远",2022Q4,386500.0,,81500.0,80100.0,0.37,40.05,,13.3,33.04,买入,,18.44
300253.SZ,卫宁健康,20211122,卫宁健康：战略合作复星健康，WiNEX推广迎来里程碑节点,点评,一般报告,广发证券,"刘雪峰,李傲远",2021Q4,306800.0,,62200.0,60800.0,0.28,52.74,,11.7,42.61,买入,,18.44
301021.SZ,英诺激光,20211122,英诺激光：微加工领域龙头，受益于激光微加工场景拓展及设备进口替代双轮驱动,一般,首次关注,华金证券,"叶中正,李蕙,刘荆",2021Q4,43300.0,,10900.0,9700.0,0.64,69.8,,9.2,40.8,增持,,
920946.BJ,森萱医药,20211122,森萱医药三板系列研究第18期－森萱医药：公司是国内特色原料药领先企业,深度,首份报告,东莞证券,魏红梅,Q,,,,,,,,,,无,,
002953.SZ,日丰股份,20211122,日丰股份：装备电缆隐形冠军，扩产迎来增长拐点,深度,首次关注,国联证券,张旭,2022Q4,412557.0,64900.0,28100.0,25392.0,1.04,16.57,,,9.44,买入,,31.2
002953.SZ,日丰股份,20211122,日丰股份：装备电缆隐形冠军，扩产迎来增长拐点,深度,首次关注,国联证券,张旭,2021Q4,305752.0,44500.0,17000.0,15382.0,0.63,27.36,,,14.62,买入,,31.2
600499.SH,科达制造,20211122,科达制造：进入业绩爆发期的低估值锂公司,一般,一般报告,国金证券,倪文祎,2023Q4,1236700.0,371400.0,334100.0,270700.0,1.434,14.1,,26.38,,买入,,39.0
600499.SH,科达制造,20211122,科达制造：进入业绩爆发期的低估值锂公司,一般,一般报告,国金证券,倪文祎,2022Q4,1092200.0,317300.0,318500.0,269400.0,1.427,14.17,,31.19,,买入,,39.0
600499.SH,科达制造,20211122,科达制造：进入业绩爆发期的低估值锂公司,一般,一般报告,国金证券,倪文祎,2021Q4,933200.0,243100.0,176000.0,147200.0,0.78,25.92,,20.97,,买入,,39.0
600486.SH,扬农化工,20211122,扬农化工：多产快销助淡季增长，新项目与集团协同再加持,点评,一般报告,东方证券,"万里扬,顾雪莺",2023Q4,1686900.0,,258700.0,219300.0,7.08,17.6,,22.7,14.1,增持,,129.14
600486.SH,扬农化工,20211122,扬农化工：多产快销助淡季增长，新项目与集团协同再加持,点评,一般报告,东方证券,"万里扬,顾雪莺",2022Q4,1435300.0,,214300.0,182000.0,5.87,21.2,,23.0,16.8,增持,,129.14
600486.SH,扬农化工,20211122,扬农化工：多产快销助淡季增长，新项目与集团协同再加持,点评,一般报告,东方证券,"万里扬,顾雪莺",2021Q4,1196000.0,,161000.0,136100.0,4.39,28.4,,20.8,22.1,增持,,129.14
002812.SZ,恩捷股份,20211122,恩捷股份公告点评：拟定增128亿扩建锂电隔膜及铝塑膜，巩固锂电隔膜龙头地位,点评,一般报告,光大证券,"赵乃迪,周家诺",2023Q4,1752100.0,,683400.0,601500.0,6.74,40.0,0.3,25.92,30.7,增持,,
002812.SZ,恩捷股份,20211122,恩捷股份公告点评：拟定增128亿扩建锂电隔膜及铝塑膜，巩固锂电隔膜龙头地位,点评,一般报告,光大证券,"赵乃迪,周家诺",2022Q4,1229500.0,,470600.0,412700.0,4.62,58.0,0.2,23.28,42.3,增持,,
002812.SZ,恩捷股份,20211122,恩捷股份公告点评：拟定增128亿扩建锂电隔膜及铝塑膜，巩固锂电隔膜龙头地位,点评,一般报告,光大证券,"赵乃迪,周家诺",2021Q4,792600.0,,296300.0,258100.0,2.89,93.0,0.1,18.51,63.5,增持,,
601985.SH,中国核电,20211122,中国核电投资价值分析报告：电价受益市场环境变化，新能源为扩张赋新能,深度,首次关注,中信证券,李想,2023Q4,7183000.0,,2168700.0,1000100.0,0.57,11.4,,11.31,9.9,买入,,10.7
601985.SH,中国核电,20211122,中国核电投资价值分析报告：电价受益市场环境变化，新能源为扩张赋新能,深度,首次关注,中信证券,李想,2022Q4,6665200.0,,2034400.0,938000.0,0.54,12.1,,11.42,10.6,买入,,10.7
601985.SH,中国核电,20211122,中国核电投资价值分析报告：电价受益市场环境变化，新能源为扩张赋新能,深度,首次关注,中信证券,李想,2021Q4,5946800.0,,1634100.0,755500.0,0.43,15.1,,9.97,12.0,买入,,10.7
601390.SH,中国中铁,20211122,中国中铁：股权激励增动力，考核目标显信心,点评,一般报告,国盛证券,"何亚轩,程龙戈,廖文强",2023Q4,128075600.0,,4815600.0,3573400.0,1.45,3.6,,9.5,5.0,买入,,
002953.SZ,日丰股份,20211122,日丰股份：装备电缆隐形冠军，扩产迎来增长拐点,深度,首次关注,国联证券,张旭,2023Q4,571916.0,91200.0,40500.0,36605.0,1.5,11.5,,,7.04,买入,,31.2
601390.SH,中国中铁,20211122,中国中铁：股权激励增动力，考核目标显信心,点评,一般报告,国盛证券,"何亚轩,程龙戈,廖文强",2022Q4,118483500.0,,4341000.0,3191600.0,1.3,4.0,,9.3,5.2,买入,,
601390.SH,中国中铁,20211122,中国中铁：股权激励增动力，考核目标显信心,点评,一般报告,国盛证券,"何亚轩,程龙戈,廖文强",2021Q4,107871500.0,,3930200.0,2847600.0,1.16,4.5,,9.0,5.4,买入,,
300207.SZ,欣旺达,20211122,欣旺达：锂威迅速放量，动力电池开启新的成长曲线,深度,一般报告,国盛证券,"郑震湘,钟琳",2023Q4,6612500.0,,326500.0,282200.0,1.74,29.4,,22.0,18.4,买入,,
300207.SZ,欣旺达,20211122,欣旺达：锂威迅速放量，动力电池开启新的成长曲线,深度,一般报告,国盛证券,"郑震湘,钟琳",2022Q4,5086500.0,,251500.0,214400.0,1.32,38.7,,21.2,23.9,买入,,
300207.SZ,欣旺达,20211122,欣旺达：锂威迅速放量，动力电池开启新的成长曲线,深度,一般报告,国盛证券,"郑震湘,钟琳",2021Q4,3767800.0,,119000.0,104200.0,0.64,79.7,,12.9,39.7,买入,,
300054.SZ,鼎龙股份,20211122,鼎龙股份：引入战略投资者，助力CMP业务加速成长,点评,一般报告,国盛证券,"郑震湘,佘凌星",2022Q4,315000.0,,21800.0,28900.0,0.31,81.9,,5.0,64.8,买入,,
300054.SZ,鼎龙股份,20211122,鼎龙股份：引入战略投资者，助力CMP业务加速成长,点评,一般报告,国盛证券,"郑震湘,佘凌星",2021Q4,247800.0,,19200.0,23300.0,0.25,101.7,,4.5,80.9,买入,,
001979.SZ,招商蛇口,20211122,招商蛇口：央企龙头受益集中度提升，毛利率即将走出至暗时刻,一般,首次关注,国盛证券,夏天,2023Q4,20426280.0,,3082400.0,1739600.0,2.2,5.1,,7.5,8.1,买入,,
001979.SZ,招商蛇口,20211122,招商蛇口：央企龙头受益集中度提升，毛利率即将走出至暗时刻,一般,首次关注,国盛证券,夏天,2022Q4,17823590.0,,2679500.0,1516800.0,1.91,5.8,,6.9,9.2,买入,,
001979.SZ,招商蛇口,20211122,招商蛇口：央企龙头受益集中度提升，毛利率即将走出至暗时刻,一般,首次关注,国盛证券,夏天,2021Q4,15317680.0,,2337600.0,1334200.0,1.68,6.6,,6.3,10.6,买入,,
603456.SH,九洲药业,20211122,九洲药业：战略转型中的准一线CDMO企业，加速打造瑞博CDMO品牌、筑巢引凤中,深度,一般报告,华西证券,"崔文亮,徐顺利",2023Q4,680900.0,240300.0,139500.0,117700.0,1.41,38.05,,20.2,,买入,,63.0
603456.SH,九洲药业,20211122,九洲药业：战略转型中的准一线CDMO企业，加速打造瑞博CDMO品牌、筑巢引凤中,深度,一般报告,华西证券,"崔文亮,徐顺利",2022Q4,528900.0,183800.0,103700.0,87500.0,1.05,51.18,,18.8,,买入,,63.0
603456.SH,九洲药业,20211122,九洲药业：战略转型中的准一线CDMO企业，加速打造瑞博CDMO品牌、筑巢引凤中,深度,一般报告,华西证券,"崔文亮,徐顺利",2021Q4,402200.0,136800.0,78500.0,66200.0,0.8,67.62,,17.6,,买入,,63.0
605259.SH,绿田机械,20211122,绿田机械：高压清洗机后起之秀，易耗品属性市场稳定增长,深度,首次关注,中信建投,"吕娟,彭元立",2021Q4,150800.0,,15800.0,14000.0,1.59,23.4,,10.0,13.2,买入,,
605259.SH,绿田机械,20211122,绿田机械：高压清洗机后起之秀，易耗品属性市场稳定增长,深度,首次关注,中信建投,"吕娟,彭元立",2022Q4,183100.0,,20100.0,17600.0,2.0,18.6,,11.2,10.7,买入,,
605259.SH,绿田机械,20211122,绿田机械：高压清洗机后起之秀，易耗品属性市场稳定增长,深度,首次关注,中信建投,"吕娟,彭元立",2023Q4,220400.0,,25300.0,22200.0,2.52,14.8,,12.3,7.7,买入,,
002154.SZ,报喜鸟,20211122,报喜鸟点评报告：成长路径清晰，未来发展可期,点评,一般报告,浙商证券,"马莉,林骥川,詹陆雨",2021Q4,443080.0,,67100.0,50970.0,0.42,11.9,,14.6,7.1,买入,,
002154.SZ,报喜鸟,20211122,报喜鸟点评报告：成长路径清晰，未来发展可期,点评,一般报告,浙商证券,"马莉,林骥川,詹陆雨",2023Q4,661740.0,,110700.0,84140.0,0.69,7.2,,18.4,4.5,买入,,
002154.SZ,报喜鸟,20211122,报喜鸟点评报告：成长路径清晰，未来发展可期,点评,一般报告,浙商证券,"马莉,林骥川,詹陆雨",2022Q4,547680.0,,86800.0,66000.0,0.54,9.2,,16.7,5.6,买入,,
688276.SH,百克生物,20211122,百克生物：水痘疫苗龙头，重磅品种驱动未来快速成长,深度,首次关注,中泰证券,"祝嘉琦,孙宇瑶,张楠",2022Q4,220129.0,,75800.0,65112.0,1.58,48.19,,22.6,25.0,买入,,
688276.SH,百克生物,20211122,百克生物：水痘疫苗龙头，重磅品种驱动未来快速成长,深度,首次关注,中泰证券,"祝嘉琦,孙宇瑶,张楠",2021Q4,139410.0,,45300.0,38919.0,0.94,80.63,,17.4,41.0,买入,,
601633.SH,长城汽车,20211122,长城汽车：广州车展6大品牌全面向上，沙龙重磅亮相,一般,一般报告,东吴证券,"黄细里,杨惠冰",2023Q4,30101700.0,,2077700.0,1780300.0,1.93,33.13,,19.5,19.3,买入,,
601633.SH,长城汽车,20211122,长城汽车：广州车展6大品牌全面向上，沙龙重磅亮相,一般,一般报告,东吴证券,"黄细里,杨惠冰",2022Q4,23066400.0,,1495100.0,1265200.0,1.37,46.62,,16.8,25.3,买入,,
601633.SH,长城汽车,20211122,长城汽车：广州车展6大品牌全面向上，沙龙重磅亮相,一般,一般报告,东吴证券,"黄细里,杨惠冰",2021Q4,13812200.0,,854300.0,716200.0,0.78,82.35,,11.1,42.6,买入,,
300631.SZ,久吾高科,20211122,公用事业：从各省规划看十四五海风增量,非个股,一般报告,天风证券,"郭丽丽,杨阳",2021Q4,,,,8366.457,0.7,,,,,无,,
300054.SZ,鼎龙股份,20211122,鼎龙股份：引入战略投资者，助力CMP业务加速成长,点评,一般报告,国盛证券,"郑震湘,佘凌星",2023Q4,390000.0,,30600.0,44000.0,0.47,53.8,,6.7,47.5,买入,,
688276.SH,百克生物,20211122,百克生物：水痘疫苗龙头，重磅品种驱动未来快速成长,深度,首次关注,中泰证券,"祝嘉琦,孙宇瑶,张楠",2023Q4,318950.0,,111300.0,95653.0,2.32,32.81,,24.9,18.0,买入,,
600452.SH,涪陵电力,20211122,公用事业：从各省规划看十四五海风增量,非个股,一般报告,天风证券,"郭丽丽,杨阳",2022Q4,,,,64022.569,0.84,,,,,无,,
600452.SH,涪陵电力,20211122,公用事业：从各省规划看十四五海风增量,非个股,一般报告,天风证券,"郭丽丽,杨阳",2021Q4,,,,57925.181,0.76,,,,,无,,
300631.SZ,久吾高科,20211122,公用事业：从各省规划看十四五海风增量,非个股,一般报告,天风证券,"郭丽丽,杨阳",2022Q4,,,,12191.123,1.02,,,,,无,,
300003.SZ,乐普医疗,20211122,耗材医保管理集中化，利好创新医疗耗材：医疗健康行业政策点评,非个股,一般报告,中信证券,"陈竹,宋硕",2023Q4,,,,348284.156,1.93,,,,,买入,,
300003.SZ,乐普医疗,20211122,耗材医保管理集中化，利好创新医疗耗材：医疗健康行业政策点评,非个股,一般报告,中信证券,"陈竹,宋硕",2022Q4,,,,286928.398,1.59,,,,,买入,,
300003.SZ,乐普医疗,20211122,耗材医保管理集中化，利好创新医疗耗材：医疗健康行业政策点评,非个股,一般报告,中信证券,"陈竹,宋硕",2021Q4,,,,238204.707,1.32,,,,,买入,,
600995.SH,文山电力,20211122,公用事业：从各省规划看十四五海风增量,非个股,一般报告,天风证券,"郭丽丽,杨阳",2022Q4,,,,19141.056,0.4,,,,,无,,
600995.SH,文山电力,20211122,公用事业：从各省规划看十四五海风增量,非个股,一般报告,天风证券,"郭丽丽,杨阳",2021Q4,,,,9570.528,0.2,,,,,无,,
000598.SZ,兴蓉环境,20211122,公用事业：从各省规划看十四五海风增量,非个股,一般报告,天风证券,"郭丽丽,杨阳",2022Q4,,,,167228.242,0.56,,,,,无,,
000598.SZ,兴蓉环境,20211122,公用事业：从各省规划看十四五海风增量,非个股,一般报告,天风证券,"郭丽丽,杨阳",2021Q4,,,,149310.93,0.5,,,,,无,,
300709.SZ,精研科技,20211122,电子行业周报：折叠屏关注度继续升温，德仪宣布大额扩产计划,非个股,一般报告,国信证券,"胡剑,胡慧",2022Q4,,,,26049.152,1.82,,,,,买入,,
300709.SZ,精研科技,20211122,电子行业周报：折叠屏关注度继续升温，德仪宣布大额扩产计划,非个股,一般报告,国信证券,"胡剑,胡慧",2021Q4,,,,18177.156,1.27,,,,,买入,,
300687.SZ,赛意信息,20211122,中信证券晨会,非个股,一般报告,中信证券,"杨泽原,丁奇",2023Q4,,,,49908.93,1.35,,,,,买入,,34.3
300687.SZ,赛意信息,20211122,中信证券晨会,非个股,一般报告,中信证券,"杨泽原,丁奇",2022Q4,,,,36230.186,0.98,,,,,买入,,34.3
300687.SZ,赛意信息,20211122,中信证券晨会,非个股,一般报告,中信证券,"杨泽原,丁奇",2021Q4,,,,26248.4,0.71,,,,,买入,,34.3
600163.SH,中闽能源,20211122,公用事业：从各省规划看十四五海风增量,非个股,一般报告,天风证券,"郭丽丽,杨阳",2022Q4,,,,91343.815,0.48,,,,,无,,
600163.SH,中闽能源,20211122,公用事业：从各省规划看十四五海风增量,非个股,一般报告,天风证券,"郭丽丽,杨阳",2021Q4,,,,74216.85,0.39,,,,,无,,
300332.SZ,天壕环境,20211122,公用事业：从各省规划看十四五海风增量,非个股,一般报告,天风证券,"郭丽丽,杨阳",2022Q4,,,,35208.973,0.4,,,,,无,,
300332.SZ,天壕环境,20211122,公用事业：从各省规划看十四五海风增量,非个股,一般报告,天风证券,"郭丽丽,杨阳",2021Q4,,,,20245.159,0.23,,,,,无,,
603290.SH,斯达半导,20211122,科技碳中和论坛：中国企业发展机会,非个股,一般报告,华泰证券,"黄乐平,谢春生,闫慧辰,陈旭东,余熠,姚逊宇",2022Q4,,,,53600.0,3.142,,,,,买入,,458.65
603290.SH,斯达半导,20211122,科技碳中和论坛：中国企业发展机会,非个股,一般报告,华泰证券,"黄乐平,谢春生,闫慧辰,陈旭东,余熠,姚逊宇",2021Q4,,,,34300.0,2.01,,,,,买入,,458.65
920720.BJ,吉冈精密,20211122,海通证券每日早报,非个股,一般报告,海通证券,佘炜超,2023Q4,46000.0,,,8100.0,1.202,,,,,无,,
920720.BJ,吉冈精密,20211122,海通证券每日早报,非个股,一般报告,海通证券,佘炜超,2022Q4,39000.0,,,6900.0,1.024,,,,,无,,
920720.BJ,吉冈精密,20211122,海通证券每日早报,非个股,一般报告,海通证券,佘炜超,2021Q4,32000.0,,,5700.0,0.846,,,,,无,,
600276.SH,恒瑞医药,20211122,恒瑞医药：恒瑞与基石强强联合，加速创新转型,一般,一般报告,国金证券,王班,2023Q4,3283900.0,2832400.0,915100.0,811600.0,1.269,38.2,,17.85,,买入,,
600276.SH,恒瑞医药,20211122,恒瑞医药：恒瑞与基石强强联合，加速创新转型,一般,一般报告,国金证券,王班,2022Q4,3006200.0,2594500.0,831200.0,739100.0,1.155,41.95,,18.47,,买入,,
600276.SH,恒瑞医药,20211122,恒瑞医药：恒瑞与基石强强联合，加速创新转型,一般,一般报告,国金证券,王班,2021Q4,2846600.0,2462200.0,717800.0,639000.0,0.999,48.51,,18.1,,买入,,
603290.SH,斯达半导,20211122,科技碳中和论坛：中国企业发展机会,非个股,一般报告,华泰证券,"黄乐平,谢春生,闫慧辰,陈旭东,余熠,姚逊宇",2023Q4,,,,76700.0,4.496,,,,,买入,,458.65
300203.SZ,聚光科技,20211122,公用事业：从各省规划看十四五海风增量,非个股,一般报告,天风证券,"郭丽丽,杨阳",2022Q4,,,,36653.909,0.81,,,,,无,,
300203.SZ,聚光科技,20211122,公用事业：从各省规划看十四五海风增量,非个股,一般报告,天风证券,"郭丽丽,杨阳",2021Q4,,,,14933.074,0.33,,,,,无,,
300144.SZ,宋城演艺,20211122,宋城演艺深度报告：行稳致远，演艺王国势渐起,深度,首次评级,浙商证券,李丹,2023Q4,375950.0,,217500.0,179000.0,0.68,20.92,,17.06,14.13,增持,,20.54
300144.SZ,宋城演艺,20211122,宋城演艺深度报告：行稳致远，演艺王国势渐起,深度,首次评级,浙商证券,李丹,2022Q4,289683.0,,159200.0,130700.0,0.5,28.64,,14.64,18.87,增持,,20.54
300144.SZ,宋城演艺,20211122,宋城演艺深度报告：行稳致远，演艺王国势渐起,深度,首次评级,浙商证券,李丹,2021Q4,132255.0,,60300.0,52700.0,0.2,70.98,,6.59,40.72,增持,,20.54
300786.SZ,国林科技,20211122,国林科技：臭氧发生器龙头，技术延展带来业绩与估值弹性,点评,首次关注,中信建投,吕娟,2023Q4,156500.0,,,36300.0,3.63,10.53,,24.6,,买入,,
300786.SZ,国林科技,20211122,国林科技：臭氧发生器龙头，技术延展带来业绩与估值弹性,点评,首次关注,中信建投,吕娟,2022Q4,105400.0,,,22900.0,2.29,16.64,,20.3,,买入,,
300786.SZ,国林科技,20211122,国林科技：臭氧发生器龙头，技术延展带来业绩与估值弹性,点评,首次关注,中信建投,吕娟,2021Q4,56200.0,,,9100.0,0.91,41.93,,10.0,,买入,,
603165.SH,荣晟环保,20211122,荣晟环保2021年三季报点评：生态造纸顺应环保趋势，产能扩张迎来增长,一般,首次关注,国信证券,"黄秀杰,陈卓鸣",2023Q4,372600.0,,65100.0,60226.0,2.29,7.2,7.2,27.4,10.3,买入,,
603165.SH,荣晟环保,20211122,荣晟环保2021年三季报点评：生态造纸顺应环保趋势，产能扩张迎来增长,一般,首次关注,国信证券,"黄秀杰,陈卓鸣",2022Q4,288700.0,,46400.0,42887.0,1.63,10.2,6.6,22.6,13.5,买入,,
603165.SH,荣晟环保,20211122,荣晟环保2021年三季报点评：生态造纸顺应环保趋势，产能扩张迎来增长,一般,首次关注,国信证券,"黄秀杰,陈卓鸣",2021Q4,220800.0,,30900.0,28591.0,1.09,15.3,4.8,16.3,16.0,买入,,
600519.SH,贵州茅台,20211122,贵州茅台更新报告：营销改革或加速落地，期待2022年超预期表现,点评,一般报告,浙商证券,"马莉,张潇倩",2023Q4,,,10045300.0,7124300.0,56.7,32.2,,22.4,21.0,买入,,
600519.SH,贵州茅台,20211122,贵州茅台更新报告：营销改革或加速落地，期待2022年超预期表现,点评,一般报告,浙商证券,"马莉,张潇倩",2022Q4,,,8699200.0,6169600.0,49.1,37.2,,24.6,25.0,买入,,
600519.SH,贵州茅台,20211122,贵州茅台更新报告：营销改革或加速落地，期待2022年超预期表现,点评,一般报告,浙商证券,"马莉,张潇倩",2021Q4,,,7403600.0,5250800.0,41.8,43.7,,27.1,29.5,买入,,
603517.SH,绝味食品,20211122,绝味食品：硬核供应链，行业整合者——天津工厂调研点评,调研,一般报告,国泰君安,"訾猛,姚世佳",2023Q4,948700.0,,,164000.0,2.67,24.66,0.3,21.0,19.27,增持,,109.37
603517.SH,绝味食品,20211122,绝味食品：硬核供应链，行业整合者——天津工厂调研点评,调研,一般报告,国泰君安,"訾猛,姚世佳",2022Q4,793000.0,,,133300.0,2.17,30.34,0.2,19.9,24.46,增持,,109.37
603517.SH,绝味食品,20211122,绝味食品：硬核供应链，行业整合者——天津工厂调研点评,调研,一般报告,国泰君安,"訾猛,姚世佳",2021Q4,658800.0,,,115000.0,1.87,35.16,1.0,19.9,29.18,增持,,109.37
689009.SH,九号公司,20211122,九号公司投资价值分析报告：拓新品类＋全球布局，持续进化的智能短程移动设备龙头,深度,首次关注,中信证券,"刘海博,李睿鹏,尹欣驰,李子俊",2023Q4,1896000.0,,171000.0,145300.0,20.62,30.5,,22.0,24.9,买入,,90.0
689009.SH,九号公司,20211122,九号公司投资价值分析报告：拓新品类＋全球布局，持续进化的智能短程移动设备龙头,深度,首次关注,中信证券,"刘海博,李睿鹏,尹欣驰,李子俊",2022Q4,1416000.0,,115000.0,97700.0,13.87,45.4,,18.9,36.0,买入,,90.0
000550.SZ,江铃汽车,20211122,江铃汽车：发布“领睿”完善SUV布局，共线生产提升产能利用率,点评,一般报告,中信建投,"程似骐,陶亦然,何俊艺,马博硕,杨耀先",2021Q4,,,,100000.0,,14.0,,,,买入,,
000401.SZ,冀东水泥,20211122,冀东水泥重大事件快评：现金分红比例提升，安全边际凸显,点评,一般报告,国信证券,"黄道立,冯梦琪,陈颖",2023Q4,4494900.0,,772200.0,325900.0,2.31,5.2,9.1,14.0,4.0,买入,,
000401.SZ,冀东水泥,20211122,冀东水泥重大事件快评：现金分红比例提升，安全边际凸显,点评,一般报告,国信证券,"黄道立,冯梦琪,陈颖",2022Q4,4289100.0,,715100.0,301800.0,2.14,5.6,8.4,14.0,4.3,买入,,
000401.SZ,冀东水泥,20211122,冀东水泥重大事件快评：现金分红比例提升，安全边际凸显,点评,一般报告,国信证券,"黄道立,冯梦琪,陈颖",2021Q4,3885000.0,,642400.0,271100.0,1.92,6.2,7.6,14.0,4.8,买入,,
002648.SZ,卫星化学,20211122,卫星化学：新能源与低碳新材料为翼，轻烃一体化龙头乘风再起,深度,一般报告,中信建投,邓胜,2023Q4,5374885.0,,,1053866.0,6.145,6.3,,26.52,2.69,买入,,57.4
002648.SZ,卫星化学,20211122,卫星化学：新能源与低碳新材料为翼，轻烃一体化龙头乘风再起,深度,一般报告,中信建投,邓胜,2022Q4,4548231.0,,,853095.0,4.974,7.8,,29.21,4.27,买入,,57.4
002648.SZ,卫星化学,20211122,卫星化学：新能源与低碳新材料为翼，轻烃一体化龙头乘风再起,深度,一般报告,中信建投,邓胜,2021Q4,2927221.0,,,656046.0,3.825,10.2,,31.73,7.4,买入,,57.4
603606.SH,东方电缆,20211122,东方电缆近况更新报告：海风迎高光时刻，海缆龙头扬帆起航,点评,一般报告,浙商证券,"邓伟,吴鹏",2023Q4,1229200.0,,236800.0,204813.0,3.046,18.79,,32.37,14.04,买入,,
603606.SH,东方电缆,20211122,东方电缆近况更新报告：海风迎高光时刻，海缆龙头扬帆起航,点评,一般报告,浙商证券,"邓伟,吴鹏",2022Q4,841300.0,,159600.0,138053.0,2.053,27.87,,28.35,20.98,买入,,
603606.SH,东方电缆,20211122,东方电缆近况更新报告：海风迎高光时刻，海缆龙头扬帆起航,点评,一般报告,浙商证券,"邓伟,吴鹏",2021Q4,743500.0,,157200.0,135566.0,2.016,28.39,,36.57,21.96,买入,,
600132.SH,重庆啤酒,20211122,重庆啤酒跟踪快报：产能布局夯实基础，全国化进程快步推动,点评,一般报告,中信证券,"薛缘,蒋祎",2023Q4,1825100.0,,448500.0,190600.0,3.94,41.0,,51.5,26.1,买入,,180.0
600132.SH,重庆啤酒,20211122,重庆啤酒跟踪快报：产能布局夯实基础，全国化进程快步推动,点评,一般报告,中信证券,"薛缘,蒋祎",2022Q4,1571200.0,,345400.0,146400.0,3.03,53.3,,58.4,32.0,买入,,180.0
600132.SH,重庆啤酒,20211122,重庆啤酒跟踪快报：产能布局夯实基础，全国化进程快步推动,点评,一般报告,中信证券,"薛缘,蒋祎",2021Q4,1329100.0,,297800.0,116000.0,2.4,67.3,,66.5,36.8,买入,,180.0
689009.SH,九号公司,20211122,九号公司投资价值分析报告：拓新品类＋全球布局，持续进化的智能短程移动设备龙头,深度,首次关注,中信证券,"刘海博,李睿鹏,尹欣驰,李子俊",2021Q4,958500.0,,56900.0,48400.0,6.87,91.7,,11.6,69.1,买入,,90.0
000550.SZ,江铃汽车,20211122,江铃汽车：发布“领睿”完善SUV布局，共线生产提升产能利用率,点评,一般报告,中信建投,"程似骐,陶亦然,何俊艺,马博硕,杨耀先",2022Q4,,,,200000.0,,7.0,,,,买入,,
000906.SZ,浙商中拓,20211122,浙商中拓：大宗价格下行承压，风控能力将得检验,点评,一般报告,国泰君安,"岳鑫,尹嘉骐",2023Q4,25970200.0,,,140000.0,2.077,5.64,5.9,26.6,4.58,增持,,14.74
688772.SH,珠海冠宇,20211122,珠海冠宇动态点评：扩产10GWh动力产能，打开业绩增长空间,点评,一般报告,东方财富证券,"周旭辉,陈栎熙",2023Q4,1418186.0,,,200773.0,1.79,35.08,,,21.05,买入,,
000906.SZ,浙商中拓,20211122,浙商中拓：大宗价格下行承压，风控能力将得检验,点评,一般报告,国泰君安,"岳鑫,尹嘉骐",2021Q4,16554800.0,,,81100.0,1.203,9.82,4.0,22.5,5.82,增持,,14.74
688772.SH,珠海冠宇,20211122,珠海冠宇动态点评：扩产10GWh动力产能，打开业绩增长空间,点评,一般报告,东方财富证券,"周旭辉,陈栎熙",2022Q4,1247479.0,,,159648.0,1.42,44.12,,,26.56,买入,,
688772.SH,珠海冠宇,20211122,珠海冠宇动态点评：扩产10GWh动力产能，打开业绩增长空间,点评,一般报告,东方财富证券,"周旭辉,陈栎熙",2021Q4,1048302.0,,,116589.0,1.04,60.41,,,35.22,买入,,
688288.SH,鸿泉物联,20211122,鸿泉物联深度研究：商用车智能网联化先行者，政策落地与市场拓展助推公司业务量价齐升,深度,一般报告,东方财富证券,王立康,2023Q4,109200.0,,20256.0,19118.0,1.91,18.66,,14.94,15.26,买入,,48.4
688288.SH,鸿泉物联,20211122,鸿泉物联深度研究：商用车智能网联化先行者，政策落地与市场拓展助推公司业务量价齐升,深度,一般报告,东方财富证券,王立康,2022Q4,79100.0,,12916.0,12184.0,1.21,29.29,,11.19,23.71,买入,,48.4
688288.SH,鸿泉物联,20211122,鸿泉物联深度研究：商用车智能网联化先行者，政策落地与市场拓展助推公司业务量价齐升,深度,一般报告,东方财富证券,王立康,2021Q4,45900.0,,5241.0,4925.0,0.49,72.46,,5.09,56.58,买入,,48.4
600012.SH,皖通高速,20211122,皖通高速：分红率提升至60％，配置价值高,点评,一般报告,华泰证券,"沈晓峰,林霞颖",2022Q4,386400.0,,238400.0,160400.0,0.97,6.73,,12.17,3.14,买入,,8.01
688608.SH,恒玄科技,20211122,恒玄科技：音频SoC领军者，AIOT主控芯片平台初成型,一般,首次关注,东方证券,"蒯剑,马天翼,唐权喜,李庭旭,韩潇锐",2022Q4,304000.0,,76300.0,69400.0,5.78,42.5,,11.1,28.7,买入,,306.56
688608.SH,恒玄科技,20211122,恒玄科技：音频SoC领军者，AIOT主控芯片平台初成型,一般,首次关注,东方证券,"蒯剑,马天翼,唐权喜,李庭旭,韩潇锐",2021Q4,193400.0,,49100.0,45700.0,3.81,64.5,,8.0,47.5,买入,,306.56
600012.SH,皖通高速,20211122,皖通高速：分红率提升至60％，配置价值高,点评,一般报告,华泰证券,"沈晓峰,林霞颖",2023Q4,406500.0,,256500.0,171900.0,1.04,6.28,,12.3,2.97,买入,,8.01
000906.SZ,浙商中拓,20211122,浙商中拓：大宗价格下行承压，风控能力将得检验,点评,一般报告,国泰君安,"岳鑫,尹嘉骐",2022Q4,21182500.0,,,111000.0,1.646,7.17,5.3,25.7,5.11,增持,,14.74
600012.SH,皖通高速,20211122,皖通高速：分红率提升至60％，配置价值高,点评,一般报告,华泰证券,"沈晓峰,林霞颖",2021Q4,365700.0,,218500.0,147700.0,0.89,7.31,,11.89,3.33,买入,,8.01
688608.SH,恒玄科技,20211122,恒玄科技：音频SoC领军者，AIOT主控芯片平台初成型,一般,首次关注,东方证券,"蒯剑,马天翼,唐权喜,李庭旭,韩潇锐",2023Q4,433000.0,,113800.0,103600.0,8.63,28.5,,14.6,19.0,买入,,306.56
000401.SZ,冀东水泥,20211122,冀东水泥：整合落地，分红提升长期投资价值显现,点评,一般报告,国泰君安,"鲍雁辛,黄涛",2022Q4,3809900.0,,,277600.0,1.96,5.87,9.0,12.8,2.26,增持,,16.9
000401.SZ,冀东水泥,20211122,冀东水泥：整合落地，分红提升长期投资价值显现,点评,一般报告,国泰君安,"鲍雁辛,黄涛",2021Q4,3577300.0,,,238600.0,1.69,6.83,6.5,12.2,2.84,增持,,16.9
603197.SH,保隆科技,20211122,保隆科技深度报告：空悬新获定点，总成有望突破,深度,一般报告,中信证券,"李景涛,尹欣驰,李子俊",2023Q4,490642.0,,,48363.0,2.327,17.0,,15.74,12.0,买入,,55.0
603197.SH,保隆科技,20211122,保隆科技深度报告：空悬新获定点，总成有望突破,深度,一般报告,中信证券,"李景涛,尹欣驰,李子俊",2022Q4,425492.0,,,37266.0,1.793,22.1,,14.05,14.8,买入,,55.0
603197.SH,保隆科技,20211122,保隆科技深度报告：空悬新获定点，总成有望突破,深度,一般报告,中信证券,"李景涛,尹欣驰,李子俊",2021Q4,369515.0,,,28058.0,1.35,29.2,,12.02,17.2,买入,,55.0
688106.SH,金宏气体,20211122,金宏气体：12亿供货大单，开启电子大宗气体新篇章,一般,一般报告,天风证券,"李辉,张峰,唐婕",2023Q4,331126.0,,63603.0,52765.0,1.09,23.92,,14.98,15.03,买入,,
688106.SH,金宏气体,20211122,金宏气体：12亿供货大单，开启电子大宗气体新篇章,一般,一般报告,天风证券,"李辉,张峰,唐婕",2022Q4,213675.0,,41635.0,34540.0,0.71,36.54,,10.96,22.31,买入,,
688106.SH,金宏气体,20211122,金宏气体：12亿供货大单，开启电子大宗气体新篇章,一般,一般报告,天风证券,"李辉,张峰,唐婕",2021Q4,171081.0,,26386.0,21890.0,0.45,57.66,,7.52,34.4,买入,,
300253.SZ,卫宁健康,20211122,卫宁健康：携手复星健康，公司新产品与创新业务竞争力得到验证,点评,一般报告,东方证券,"浦俊懿,徐宝龙",2022Q4,381100.0,,99100.0,89500.0,0.42,29.9,,16.1,23.0,买入,,18.85
300253.SZ,卫宁健康,20211122,卫宁健康：携手复星健康，公司新产品与创新业务竞争力得到验证,点评,一般报告,东方证券,"浦俊懿,徐宝龙",2021Q4,298800.0,,66400.0,61200.0,0.29,43.7,,12.7,32.6,买入,,18.85
603833.SH,欧派家居,20211122,欧派家居：定制龙头地位稳固，核心竞争力不断强化,点评,一般报告,中金,"樊俊豪,戎姜斌",2021Q4,2004700.0,,319700.0,275000.0,4.51,27.7,1.3,21.3,15.7,跑赢行业,,200.0
603816.SH,顾家家居,20211122,顾家家居：组织变革激发经营活力，看好长期快速发展,点评,一般报告,中金,"樊俊豪,戎姜斌",2022Q4,2079800.0,,291000.0,208900.0,3.3,20.8,2.9,24.7,12.2,跑赢行业,,90.0
603816.SH,顾家家居,20211122,顾家家居：组织变革激发经营活力，看好长期快速发展,点评,一般报告,中金,"樊俊豪,戎姜斌",2021Q4,1658000.0,,233000.0,167000.0,2.64,26.0,2.3,22.8,15.3,跑赢行业,,90.0
300253.SZ,卫宁健康,20211122,卫宁健康：携手复星健康，公司新产品与创新业务竞争力得到验证,点评,一般报告,东方证券,"浦俊懿,徐宝龙",2023Q4,473800.0,,146800.0,129700.0,0.61,20.6,,19.9,16.2,买入,,18.85
603605.SH,珀莱雅,20211122,珀莱雅：双十一同比高速增长，明星单品助力品牌沉淀,点评,一般报告,中金,"樊俊豪,徐卓楠,林千叶,彭路璐",2022Q4,572700.0,,94600.0,73000.0,3.63,54.7,0.6,23.5,35.3,跑赢行业,,212.0
603605.SH,珀莱雅,20211122,珀莱雅：双十一同比高速增长，明星单品助力品牌沉淀,点评,一般报告,中金,"樊俊豪,徐卓楠,林千叶,彭路璐",2021Q4,469000.0,,75600.0,58900.0,2.93,67.7,0.4,22.5,45.2,跑赢行业,,212.0
002572.SZ,索菲亚,20211122,索菲亚：经营变革持续推进，期待业绩逐步复苏,点评,一般报告,中金,"樊俊豪,戎姜斌",2022Q4,1250500.0,,206000.0,161300.0,1.77,10.2,4.4,22.0,6.0,跑赢行业,,24.0
603833.SH,欧派家居,20211122,欧派家居：定制龙头地位稳固，核心竞争力不断强化,点评,一般报告,中金,"樊俊豪,戎姜斌",2022Q4,2466100.0,,389500.0,335000.0,5.5,22.7,1.5,22.1,12.6,跑赢行业,,200.0
002572.SZ,索菲亚,20211122,索菲亚：经营变革持续推进，期待业绩逐步复苏,点评,一般报告,中金,"樊俊豪,戎姜斌",2021Q4,1048500.0,,175300.0,137100.0,1.5,12.0,3.8,21.1,7.3,跑赢行业,,24.0
300253.SZ,卫宁健康,20211122,卫宁健康跟踪点评：WiNEX研发推广加速，人效提升可期,点评,一般报告,中信证券,"杨泽原,丁奇,陈涵泊",2023Q4,504003.0,,133900.0,120424.0,0.56,26.7,,17.13,23.1,买入,,20.0
300253.SZ,卫宁健康,20211122,卫宁健康跟踪点评：WiNEX研发推广加速，人效提升可期,点评,一般报告,中信证券,"杨泽原,丁奇,陈涵泊",2022Q4,398259.0,,98500.0,88719.0,0.41,36.5,,15.0,30.3,买入,,20.0
300253.SZ,卫宁健康,20211122,卫宁健康跟踪点评：WiNEX研发推广加速，人效提升可期,点评,一般报告,中信证券,"杨泽原,丁奇,陈涵泊",2021Q4,305592.0,,69400.0,62357.0,0.29,51.6,,12.25,41.4,买入,,20.0
000401.SZ,冀东水泥,20211122,冀东水泥：整合落地，分红提升长期投资价值显现,点评,一般报告,国泰君安,"鲍雁辛,黄涛",2023Q4,4073600.0,,,320900.0,2.27,5.08,10.3,13.2,1.59,增持,,16.9
002230.SZ,科大讯飞,20211122,科大讯飞动态报告：科大讯飞智能汽车业务的预期差,一般,首次评级,民生证券,吕伟,2023Q4,2994900.0,,337600.0,309500.0,1.35,42.28,0.0,15.0,173.35,推荐,,
002230.SZ,科大讯飞,20211122,科大讯飞动态报告：科大讯飞智能汽车业务的预期差,一般,首次评级,民生证券,吕伟,2022Q4,2268900.0,,308800.0,270400.0,1.17,48.4,0.0,15.4,65.86,推荐,,
002230.SZ,科大讯飞,20211122,科大讯飞动态报告：科大讯飞智能汽车业务的预期差,一般,首次评级,民生证券,吕伟,2021Q4,1693200.0,,239300.0,208000.0,0.9,62.92,0.0,14.0,101.3,推荐,,
688105.SH,诺唯赞,20211122,诺唯赞深度报告：生命科学卖水人，分子试剂领头羊— 生命科学产业链系列深度（ 一）,深度,首次关注,民生证券,"周超泽,许睿",2023Q4,204600.0,,108100.0,92700.0,2.32,43.27,0.0,18.9,34.97,推荐,,
688105.SH,诺唯赞,20211122,诺唯赞深度报告：生命科学卖水人，分子试剂领头羊— 生命科学产业链系列深度（ 一）,深度,首次关注,民生证券,"周超泽,许睿",2022Q4,184900.0,,94700.0,81100.0,2.03,49.43,0.0,20.4,40.91,推荐,,
688105.SH,诺唯赞,20211122,诺唯赞深度报告：生命科学卖水人，分子试剂领头羊— 生命科学产业链系列深度（ 一）,深度,首次关注,民生证券,"周超泽,许睿",2021Q4,172600.0,,87100.0,74600.0,1.87,53.72,0.0,23.6,45.6,推荐,,
002154.SZ,报喜鸟,20211122,报喜鸟系列报告之四：估值底部，增长可期,一般,一般报告,华西证券,唐爽爽,2023Q4,693100.0,,121800.0,83600.0,0.69,7.0,,17.4,,买入,,
002154.SZ,报喜鸟,20211122,报喜鸟系列报告之四：估值底部，增长可期,一般,一般报告,华西证券,唐爽爽,2022Q4,575300.0,,95800.0,65800.0,0.54,9.0,,16.0,,买入,,
002154.SZ,报喜鸟,20211122,报喜鸟系列报告之四：估值底部，增长可期,一般,一般报告,华西证券,唐爽爽,2021Q4,459700.0,,73000.0,50100.0,0.41,11.0,,14.0,,买入,,
002228.SZ,合兴包装,20211121,新型烟草步入规范阶段，细分赛道优选小而美──轻工行业周报,非个股,一般报告,浙商证券,"史凡可,马莉,傅嘉成",2021Q4,,,,28031.0,0.226,,,,,无,,
603429.SH,集友股份,20211121,新型烟草步入规范阶段，细分赛道优选小而美──轻工行业周报,非个股,一般报告,浙商证券,"史凡可,马莉,傅嘉成",2021Q4,,,,15700.0,0.413,,,,,无,,
688239.SH,航宇科技,20211121,安信军工周观察：推动武器装备再上台阶，东部战区持续在台海方向战备巡警,非个股,一般报告,安信证券,"温肇东,刘曦明",2022Q4,,,,19000.0,1.357,,,,,无,,
688239.SH,航宇科技,20211121,安信军工周观察：推动武器装备再上台阶，东部战区持续在台海方向战备巡警,非个股,一般报告,安信证券,"温肇东,刘曦明",2021Q4,,,,14000.0,1.0,,,,,无,,
002853.SZ,皮阿诺,20211121,新型烟草步入规范阶段，细分赛道优选小而美──轻工行业周报,非个股,一般报告,浙商证券,"史凡可,马莉,傅嘉成",2021Q4,,,,24855.0,1.332,,,,,无,,
601828.SH,美凯龙,20211121,新型烟草步入规范阶段，细分赛道优选小而美──轻工行业周报,非个股,一般报告,浙商证券,"史凡可,马莉,傅嘉成",2021Q4,,,,323240.0,0.742,,,,,无,,
002791.SZ,坚朗五金,20211121,新型烟草步入规范阶段，细分赛道优选小而美──轻工行业周报,非个股,一般报告,浙商证券,"史凡可,马莉,傅嘉成",2021Q4,,,,115355.0,3.588,,,,,无,,
300855.SZ,图南股份,20211121,安信军工周观察：推动武器装备再上台阶，东部战区持续在台海方向战备巡警,非个股,一般报告,安信证券,"温肇东,刘曦明",2022Q4,,,,26000.0,1.3,,,,,无,,
300855.SZ,图南股份,20211121,安信军工周观察：推动武器装备再上台阶，东部战区持续在台海方向战备巡警,非个股,一般报告,安信证券,"温肇东,刘曦明",2021Q4,,,,17000.0,0.85,,,,,无,,
002713.SZ,东易日盛,20211121,新型烟草步入规范阶段，细分赛道优选小而美──轻工行业周报,非个股,一般报告,浙商证券,"史凡可,马莉,傅嘉成",2021Q4,,,,18833.0,0.449,,,,,无,,
601633.SH,长城汽车,20211121,Great_Wall_Motor－A：GWM_Unveils_Strong_Product_Pipelines,一般,首份报告,Jefferies,"Xiaoyi Lei,Aaron Wang,Johnson Wan",2023Q4,25872640.0,4842100.0,2135600.0,1793910.0,1.942,,2.0,21.0,14.9,Buy,,75.3
601633.SH,长城汽车,20211121,Great_Wall_Motor－A：GWM_Unveils_Strong_Product_Pipelines,一般,首份报告,Jefferies,"Xiaoyi Lei,Aaron Wang,Johnson Wan",2022Q4,21818940.0,3975000.0,1488200.0,1297160.0,1.405,,1.5,18.0,20.7,Buy,,75.3
601633.SH,长城汽车,20211121,Great_Wall_Motor－A：GWM_Unveils_Strong_Product_Pipelines,一般,首份报告,Jefferies,"Xiaoyi Lei,Aaron Wang,Johnson Wan",2021Q4,13103420.0,2218100.0,784500.0,720420.0,0.78,,0.8,11.0,32.2,Buy,,75.3
301071.SZ,力量钻石,20211121,力量钻石：培育钻石新秀起，业绩增长势能强,点评,首次关注,中航证券,裴伊凡,2023Q4,122416.0,,72980.0,62134.0,10.292,29.81,,,,买入,,
301071.SZ,力量钻石,20211121,力量钻石：培育钻石新秀起，业绩增长势能强,点评,首次关注,中航证券,裴伊凡,2022Q4,84198.0,,49636.0,42290.0,7.005,43.8,,,,买入,,
301071.SZ,力量钻石,20211121,力量钻石：培育钻石新秀起，业绩增长势能强,点评,首次关注,中航证券,裴伊凡,2021Q4,47805.0,,26710.0,22801.0,3.777,81.23,,,,买入,,
002594.SZ,比亚迪,20211121,广州车展：自主品牌齐向上，智能硬件竞升级——汽车行业周报,非个股,一般报告,国海证券,"刘虹辰,多飞舟",2022Q4,,,,893720.856,3.07,,,,,买入,,
002594.SZ,比亚迪,20211121,广州车展：自主品牌齐向上，智能硬件竞升级——汽车行业周报,非个股,一般报告,国海证券,"刘虹辰,多飞舟",2021Q4,,,,480338.571,1.65,,,,,买入,,
601799.SH,星宇股份,20211121,广州车展：自主品牌齐向上，智能硬件竞升级——汽车行业周报,非个股,一般报告,国海证券,"刘虹辰,多飞舟",2022Q4,,,,175692.843,6.15,,,,,买入,,
601799.SH,星宇股份,20211121,广州车展：自主品牌齐向上，智能硬件竞升级——汽车行业周报,非个股,一般报告,国海证券,"刘虹辰,多飞舟",2021Q4,,,,132555.25,4.64,,,,,买入,,
002405.SZ,四维图新,20211121,计算机行业：辨明基本面趋势信号、前瞻把握结构性机会,非个股,一般报告,广发证券,"刘雪峰,雷棠棣",2022Q4,,,,21370.924,0.09,,,3.4,,增持,,
002405.SZ,四维图新,20211121,计算机行业：辨明基本面趋势信号、前瞻把握结构性机会,非个股,一般报告,广发证券,"刘雪峰,雷棠棣",2021Q4,,,,7123.641,0.03,,,2.28,,增持,,
300207.SZ,欣旺达,20211121,看好元宇宙和深度低碳化主题－－－主题策略周报十五,非个股,一般报告,国泰君安,无,2022Q4,,,,185309.171,1.14,,,,,无,,
300207.SZ,欣旺达,20211121,看好元宇宙和深度低碳化主题－－－主题策略周报十五,非个股,一般报告,国泰君安,无,2021Q4,,,,131667.042,0.81,,,,,无,,
002153.SZ,石基信息,20211121,计算机行业：辨明基本面趋势信号、前瞻把握结构性机会,非个股,一般报告,广发证券,"刘雪峰,雷棠棣",2022Q4,,,,25492.47,0.17,,,2.7,,买入,,
002153.SZ,石基信息,20211121,计算机行业：辨明基本面趋势信号、前瞻把握结构性机会,非个股,一般报告,广发证券,"刘雪峰,雷棠棣",2021Q4,,,,13496.014,0.09,,,1.5,,买入,,
600104.SH,上汽集团,20211121,广州车展：自主品牌齐向上，智能硬件竞升级——汽车行业周报,非个股,一般报告,国海证券,"刘虹辰,多飞舟",2022Q4,,,,2990966.109,2.56,,,,,增持,,
600104.SH,上汽集团,20211121,广州车展：自主品牌齐向上，智能硬件竞升级——汽车行业周报,非个股,一般报告,国海证券,"刘虹辰,多飞舟",2021Q4,,,,2640462.268,2.26,,,,,增持,,
600406.SH,国电南瑞,20211121,刚柔并济、海陆共进，直流输电开启新时代——新能源行业每周观察,非个股,一般报告,中信建投,朱玥,2022Q4,,,,865088.155,1.56,,,,,买入,,
600406.SH,国电南瑞,20211121,刚柔并济、海陆共进，直流输电开启新时代——新能源行业每周观察,非个股,一般报告,中信建投,朱玥,2021Q4,,,,743088.543,1.34,,,,,买入,,
002311.SZ,海大集团,20211121,农林牧渔行业周报（46期）：猪价回升至盈亏平衡线上方，重点关注养殖板块,非个股,一般报告,太平洋证券,程晓东,2023Q4,,,,490042.513,2.95,,,,,买入,,
002311.SZ,海大集团,20211121,农林牧渔行业周报（46期）：猪价回升至盈亏平衡线上方，重点关注养殖板块,非个股,一般报告,太平洋证券,程晓东,2022Q4,,,,340538.018,2.05,,,,,买入,,
002311.SZ,海大集团,20211121,农林牧渔行业周报（46期）：猪价回升至盈亏平衡线上方，重点关注养殖板块,非个股,一般报告,太平洋证券,程晓东,2021Q4,,,,235884.871,1.42,,,,,买入,,
002493.SZ,荣盛石化,20211121,民营炼化行业深度之一：如何看待当前位置的民营炼化,非个股,一般报告,国海证券,"李永磊,董伯骏,汤永俊",2023Q4,25997900.0,,,2401800.0,2.37,,,24.0,,买入,,
002493.SZ,荣盛石化,20211121,民营炼化行业深度之一：如何看待当前位置的民营炼化,非个股,一般报告,国海证券,"李永磊,董伯骏,汤永俊",2022Q4,22147600.0,,,2004100.0,1.98,,,27.0,,买入,,
002493.SZ,荣盛石化,20211121,民营炼化行业深度之一：如何看待当前位置的民营炼化,非个股,一般报告,国海证券,"李永磊,董伯骏,汤永俊",2021Q4,17077700.0,,,1459100.0,1.44,,,27.0,,买入,,
000661.SZ,长春高新,20211121,医药行业：看好高端医疗设备进口替代加速、科研服务高景气、关注血制品企业采浆站获批增多,非个股,一般报告,方正证券,"唐爱金,高睿婷,曹佳琳",2023Q4,,,,670200.0,16.56,,,,,无,,
000661.SZ,长春高新,20211121,医药行业：看好高端医疗设备进口替代加速、科研服务高景气、关注血制品企业采浆站获批增多,非个股,一般报告,方正证券,"唐爱金,高睿婷,曹佳琳",2022Q4,,,,531900.0,13.142,,,,,无,,
000661.SZ,长春高新,20211121,医药行业：看好高端医疗设备进口替代加速、科研服务高景气、关注血制品企业采浆站获批增多,非个股,一般报告,方正证券,"唐爱金,高睿婷,曹佳琳",2021Q4,,,,411400.0,10.165,,,,,无,,
000703.SZ,恒逸石化,20211121,民营炼化行业深度之一：如何看待当前位置的民营炼化,非个股,一般报告,国海证券,"李永磊,董伯骏,汤永俊",2023Q4,15620600.0,,,601800.0,1.64,,,15.0,,买入,,
000703.SZ,恒逸石化,20211121,民营炼化行业深度之一：如何看待当前位置的民营炼化,非个股,一般报告,国海证券,"李永磊,董伯骏,汤永俊",2022Q4,14058200.0,,,541300.0,1.48,,,16.0,,买入,,
000703.SZ,恒逸石化,20211121,民营炼化行业深度之一：如何看待当前位置的民营炼化,非个股,一般报告,国海证券,"李永磊,董伯骏,汤永俊",2021Q4,11406100.0,,,425600.0,1.16,,,15.0,,买入,,
688050.SH,爱博医疗,20211121,医药行业动态研究·行业周报（A股及港股）：近期政策跟踪：迎接行业高质量发展,非个股,一般报告,中信建投,"贺菊颖,袁清慧,王在存,程培,刘若飞,胡世超,阳明春,赖俊勇",2023Q4,,,,32277.757,3.07,,,,,买入,,
688050.SH,爱博医疗,20211121,医药行业动态研究·行业周报（A股及港股）：近期政策跟踪：迎接行业高质量发展,非个股,一般报告,中信建投,"贺菊颖,袁清慧,王在存,程培,刘若飞,胡世超,阳明春,赖俊勇",2022Q4,,,,23446.058,2.23,,,,,买入,,
688050.SH,爱博医疗,20211121,医药行业动态研究·行业周报（A股及港股）：近期政策跟踪：迎接行业高质量发展,非个股,一般报告,中信建投,"贺菊颖,袁清慧,王在存,程培,刘若飞,胡世超,阳明春,赖俊勇",2021Q4,,,,16296.587,1.55,,,,,买入,,
300296.SZ,利亚德,20211121,看好元宇宙和深度低碳化主题－－－主题策略周报十五,非个股,一般报告,国泰君安,无,2022Q4,,,,99173.158,0.39,,,,,增持,,
300296.SZ,利亚德,20211121,看好元宇宙和深度低碳化主题－－－主题策略周报十五,非个股,一般报告,国泰君安,无,2021Q4,,,,76287.044,0.3,,,,,增持,,
600066.SH,宇通客车,20211121,广州车展：自主品牌齐向上，智能硬件竞升级——汽车行业周报,非个股,一般报告,国海证券,"刘虹辰,多飞舟",2022Q4,,,,183297.429,0.81,,,,,买入,,
300296.SZ,利亚德,20211121,看好元宇宙和深度低碳化主题－－－主题策略周报十五,非个股,一般报告,国泰君安,无,2023Q4,,,,129687.975,0.51,,,,,增持,,
600066.SH,宇通客车,20211121,广州车展：自主品牌齐向上，智能硬件竞升级——汽车行业周报,非个股,一般报告,国海证券,"刘虹辰,多飞舟",2021Q4,,,,108620.699,0.48,,,,,买入,,
002100.SZ,天康生物,20211121,农林牧渔行业周报（46期）：猪价回升至盈亏平衡线上方，重点关注养殖板块,非个股,一般报告,太平洋证券,程晓东,2023Q4,,,,142076.133,1.32,,,,,增持,,
002100.SZ,天康生物,20211121,农林牧渔行业周报（46期）：猪价回升至盈亏平衡线上方，重点关注养殖板块,非个股,一般报告,太平洋证券,程晓东,2021Q4,,,,-1076.334,-0.01,,,,,增持,,
601238.SH,广汽集团,20211121,广州车展：自主品牌齐向上，智能硬件竞升级——汽车行业周报,非个股,一般报告,国海证券,"刘虹辰,多飞舟",2022Q4,,,,1035757.875,1.0,,,,,买入,,
601238.SH,广汽集团,20211121,广州车展：自主品牌齐向上，智能硬件竞升级——汽车行业周报,非个股,一般报告,国海证券,"刘虹辰,多飞舟",2021Q4,,,,756103.249,0.73,,,,,买入,,
002100.SZ,天康生物,20211121,农林牧渔行业周报（46期）：猪价回升至盈亏平衡线上方，重点关注养殖板块,非个股,一般报告,太平洋证券,程晓东,2022Q4,,,,50587.714,0.47,,,,,增持,,
601633.SH,长城汽车,20211121,广州车展：自主品牌齐向上，智能硬件竞升级——汽车行业周报,非个股,一般报告,国海证券,"刘虹辰,多飞舟",2022Q4,,,,1191351.905,1.29,,,,,增持,,
601633.SH,长城汽车,20211121,广州车展：自主品牌齐向上，智能硬件竞升级——汽车行业周报,非个股,一般报告,国海证券,"刘虹辰,多飞舟",2021Q4,,,,803469.89,0.87,,,,,增持,,
601952.SH,苏垦农发,20211121,农林牧渔行业周报（46期）：猪价回升至盈亏平衡线上方，重点关注养殖板块,非个股,一般报告,太平洋证券,程晓东,2023Q4,,,,100594.0,0.73,,,,,买入,,
601952.SH,苏垦农发,20211121,农林牧渔行业周报（46期）：猪价回升至盈亏平衡线上方，重点关注养殖板块,非个股,一般报告,太平洋证券,程晓东,2022Q4,,,,95082.0,0.69,,,,,买入,,
601952.SH,苏垦农发,20211121,农林牧渔行业周报（46期）：猪价回升至盈亏平衡线上方，重点关注养殖板块,非个股,一般报告,太平洋证券,程晓东,2021Q4,,,,77168.0,0.56,,,,,买入,,
002920.SZ,德赛西威,20211121,广州车展：自主品牌齐向上，智能硬件竞升级——汽车行业周报,非个股,一般报告,国海证券,"刘虹辰,多飞舟",2022Q4,,,,103400.0,1.88,,,,,买入,,
603515.SH,欧普照明,20211121,家用电器行业：10月空调内外销增速回暖,非个股,一般报告,广发证券,"曾婵,袁雨辰,高润鑫,符超然",2022Q4,,,,98047.39,1.3,,,,,增持,,
603515.SH,欧普照明,20211121,家用电器行业：10月空调内外销增速回暖,非个股,一般报告,广发证券,"曾婵,袁雨辰,高润鑫,符超然",2021Q4,,,,84471.598,1.12,,,,,增持,,
002920.SZ,德赛西威,20211121,广州车展：自主品牌齐向上，智能硬件竞升级——汽车行业周报,非个股,一般报告,国海证券,"刘虹辰,多飞舟",2021Q4,,,,75350.0,1.37,,,,,买入,,
600079.SH,人福医药,20211121,人福医药：华泰保险剥离，归核化高效落地,点评,一般报告,广发证券,"李安飞,罗佳荣",2023Q4,2849700.0,,430000.0,259300.0,1.59,13.7,,15.3,8.36,买入,,44.1
600079.SH,人福医药,20211121,人福医药：华泰保险剥离，归核化高效落地,点评,一般报告,广发证券,"李安飞,罗佳荣",2022Q4,2551900.0,,328700.0,197000.0,1.21,18.04,,13.7,10.95,买入,,44.1
000401.SZ,冀东水泥,20211121,冀东水泥：提升分红比例，股息率处于较高水平,点评,一般报告,广发证券,"邹戈,谢璐,张乾",2023Q4,4257800.0,,803500.0,340300.0,2.41,4.96,,14.6,2.08,买入,,16.48
000401.SZ,冀东水泥,20211121,冀东水泥：提升分红比例，股息率处于较高水平,点评,一般报告,广发证券,"邹戈,谢璐,张乾",2021Q4,3988700.0,,621500.0,263200.0,1.86,6.42,,13.6,2.64,买入,,16.48
600079.SH,人福医药,20211121,人福医药：华泰保险剥离，归核化高效落地,点评,一般报告,广发证券,"李安飞,罗佳荣",2021Q4,2266900.0,,255000.0,151000.0,0.92,23.54,,12.2,14.11,买入,,44.1
000401.SZ,冀东水泥,20211121,冀东水泥：提升分红比例，股息率处于较高水平,点评,一般报告,广发证券,"邹戈,谢璐,张乾",2022Q4,4110800.0,,726100.0,307500.0,2.18,5.49,,14.4,2.36,买入,,16.48
688499.SH,利元亨,20211121,利元亨：股权激励目标彰显发展信心,点评,一般报告,长江证券,"赵智勇,马军,邬博华,倪蕤,叶之楠",2023Q4,636600.0,236700.0,77600.0,73700.0,8.37,33.8,,20.4,28.87,买入,,
688499.SH,利元亨,20211121,利元亨：股权激励目标彰显发展信心,点评,一般报告,长江证券,"赵智勇,马军,邬博华,倪蕤,叶之楠",2022Q4,421600.0,156900.0,47200.0,44800.0,5.09,55.58,,15.8,47.08,买入,,
688499.SH,利元亨,20211121,利元亨：股权激励目标彰显发展信心,点评,一般报告,长江证券,"赵智勇,马军,邬博华,倪蕤,叶之楠",2021Q4,213800.0,81700.0,23900.0,22700.0,2.58,109.52,,10.0,86.4,买入,,
000157.SZ,中联重科,20211121,低碳＋全球化助力，锂电／光伏／风电设备将超预期──机械行业周报（2021年11月第3周）,非个股,一般报告,浙商证券,"王华君,潘贻立,李锋,张杨,李思扬,林子尧,何家恺",2022Q4,,,,1023987.913,1.18,,,,,无,,
000157.SZ,中联重科,20211121,低碳＋全球化助力，锂电／光伏／风电设备将超预期──机械行业周报（2021年11月第3周）,非个股,一般报告,浙商证券,"王华君,潘贻立,李锋,张杨,李思扬,林子尧,何家恺",2021Q4,,,,859108.503,0.99,,,,,无,,
603915.SH,国茂股份,20211121,低碳＋全球化助力，锂电／光伏／风电设备将超预期──机械行业周报（2021年11月第3周）,非个股,一般报告,浙商证券,"王华君,潘贻立,李锋,张杨,李思扬,林子尧,何家恺",2021Q4,,,,47796.472,1.01,,,,,无,,
002690.SZ,美亚光电,20211121,低碳＋全球化助力，锂电／光伏／风电设备将超预期──机械行业周报（2021年11月第3周）,非个股,一般报告,浙商证券,"王华君,潘贻立,李锋,张杨,李思扬,林子尧,何家恺",2022Q4,,,,73008.0,1.08,,,,,无,,
002690.SZ,美亚光电,20211121,低碳＋全球化助力，锂电／光伏／风电设备将超预期──机械行业周报（2021年11月第3周）,非个股,一般报告,浙商证券,"王华君,潘贻立,李锋,张杨,李思扬,林子尧,何家恺",2021Q4,,,,59488.0,0.88,,,,,无,,
603915.SH,国茂股份,20211121,低碳＋全球化助力，锂电／光伏／风电设备将超预期──机械行业周报（2021年11月第3周）,非个股,一般报告,浙商证券,"王华君,潘贻立,李锋,张杨,李思扬,林子尧,何家恺",2022Q4,,,,61520.212,1.3,,,,,无,,
300470.SZ,中密控股,20211121,低碳＋全球化助力，锂电／光伏／风电设备将超预期──机械行业周报（2021年11月第3周）,非个股,一般报告,浙商证券,"王华君,潘贻立,李锋,张杨,李思扬,林子尧,何家恺",2022Q4,,,,36846.316,1.77,,,,,无,,
300470.SZ,中密控股,20211121,低碳＋全球化助力，锂电／光伏／风电设备将超预期──机械行业周报（2021年11月第3周）,非个股,一般报告,浙商证券,"王华君,潘贻立,李锋,张杨,李思扬,林子尧,何家恺",2021Q4,,,,29976.664,1.44,,,,,无,,
600703.SH,三安光电,20211121,电子行业：华为发布HUAWEI_VR_Glass_6DoF加速VR商用进程,非个股,一般报告,银河证券,"傅楚雄,王恺",2023Q4,,,,403140.718,0.9,,,,,推荐,,
600703.SH,三安光电,20211121,电子行业：华为发布HUAWEI_VR_Glass_6DoF加速VR商用进程,非个股,一般报告,银河证券,"傅楚雄,王恺",2022Q4,,,,300115.868,0.67,,,,,推荐,,
600703.SH,三安光电,20211121,电子行业：华为发布HUAWEI_VR_Glass_6DoF加速VR商用进程,非个股,一般报告,银河证券,"傅楚雄,王恺",2021Q4,,,,201570.359,0.45,,,,,推荐,,
688396.SH,华润微,20211121,电子行业：华为发布HUAWEI_VR_Glass_6DoF加速VR商用进程,非个股,一般报告,银河证券,"傅楚雄,王恺",2023Q4,,,,274579.107,2.08,,,,,推荐,,
688396.SH,华润微,20211121,电子行业：华为发布HUAWEI_VR_Glass_6DoF加速VR商用进程,非个股,一般报告,银河证券,"傅楚雄,王恺",2022Q4,,,,246857.178,1.87,,,,,推荐,,
688396.SH,华润微,20211121,电子行业：华为发布HUAWEI_VR_Glass_6DoF加速VR商用进程,非个股,一般报告,银河证券,"傅楚雄,王恺",2021Q4,,,,217815.157,1.65,,,,,推荐,,
002064.SZ,华峰化学,20211121,石油化工：“炼化－化纤”产业链周报：湖北将打造万亿级现代化工及能源产业，国际油价持续下跌,非个股,一般报告,中信建投,"黄文涛,邓胜",2023Q4,,,,612000.0,1.32,,,,,买入,,14.2
002064.SZ,华峰化学,20211121,石油化工：“炼化－化纤”产业链周报：湖北将打造万亿级现代化工及能源产业，国际油价持续下跌,非个股,一般报告,中信建投,"黄文涛,邓胜",2021Q4,,,,522000.0,1.13,,,,,买入,,14.2
300620.SZ,光库科技,20211121,通信行业周报2021年第16期：信息通信业“十四五”规划落地，云资本开支持续回暖,非个股,一般报告,国信证券,"马成龙,陈彤,付晓钦",2022Q4,,,,19851.504,1.21,,,,,增持,,
300620.SZ,光库科技,20211121,通信行业周报2021年第16期：信息通信业“十四五”规划落地，云资本开支持续回暖,非个股,一般报告,国信证券,"马成龙,陈彤,付晓钦",2021Q4,,,,11976.527,0.73,,,,,增持,,
000026.SZ,飞亚达,20211121,10月行业景气承压，持续看好龙头中长期表现：家居文娱月报,非个股,一般报告,招商证券,"赵中平,李宏鹏,毕先磊,王鹏",2022Q4,,,,51978.224,1.22,,,,,无,,
000026.SZ,飞亚达,20211121,10月行业景气承压，持续看好龙头中长期表现：家居文娱月报,非个股,一般报告,招商证券,"赵中平,李宏鹏,毕先磊,王鹏",2021Q4,,,,43457.204,1.02,,,,,无,,
002064.SZ,华峰化学,20211121,石油化工：“炼化－化纤”产业链周报：湖北将打造万亿级现代化工及能源产业，国际油价持续下跌,非个股,一般报告,中信建投,"黄文涛,邓胜",2022Q4,,,,556000.0,1.2,,,,,买入,,14.2
600315.SH,上海家化,20211121,超头依赖度提升，关注业绩边际向上国货化妆品──医美化妆品行业周报,非个股,一般报告,浙商证券,"马莉,王长龙,汤秀洁,詹陆雨,周明蕊",2023Q4,,,,102000.0,1.501,,,,,无,,
600315.SH,上海家化,20211121,超头依赖度提升，关注业绩边际向上国货化妆品──医美化妆品行业周报,非个股,一般报告,浙商证券,"马莉,王长龙,汤秀洁,詹陆雨,周明蕊",2022Q4,,,,77000.0,1.133,,,,,无,,
600315.SH,上海家化,20211121,超头依赖度提升，关注业绩边际向上国货化妆品──医美化妆品行业周报,非个股,一般报告,浙商证券,"马莉,王长龙,汤秀洁,詹陆雨,周明蕊",2021Q4,,,,54000.0,0.795,,,,,无,,
002430.SZ,杭氧股份,20211121,低碳＋全球化助力，锂电／光伏／风电设备将超预期──机械行业周报（2021年11月第3周）,非个股,一般报告,浙商证券,"王华君,潘贻立,李锋,张杨,李思扬,林子尧,何家恺",2022Q4,,,,149513.585,1.55,,,,,买入,,
002430.SZ,杭氧股份,20211121,低碳＋全球化助力，锂电／光伏／风电设备将超预期──机械行业周报（2021年11月第3周）,非个股,一般报告,浙商证券,"王华君,潘贻立,李锋,张杨,李思扬,林子尧,何家恺",2021Q4,,,,128292.302,1.33,,,,,买入,,
002266.SZ,浙富控股,20211121,节能环保：生态修复迎政策利好，节水型社会全面推进,非个股,一般报告,中金,"蒋昕昊,张钰琪,曾韬",2023Q4,,,,299600.0,0.558,,,,,跑赢行业,,9.25
002266.SZ,浙富控股,20211121,节能环保：生态修复迎政策利好，节水型社会全面推进,非个股,一般报告,中金,"蒋昕昊,张钰琪,曾韬",2022Q4,,,,247500.0,0.461,,,,,跑赢行业,,9.25
300737.SZ,科顺股份,20211121,地产政策纠偏或逐步开启——建材行业周报,非个股,一般报告,国泰君安,"鲍雁辛,黄涛",2022Q4,,,,138136.642,1.2,,,,,增持,,
300737.SZ,科顺股份,20211121,地产政策纠偏或逐步开启——建材行业周报,非个股,一般报告,国泰君安,"鲍雁辛,黄涛",2021Q4,,,,111660.452,0.97,,,,,增持,,
002352.SZ,顺丰控股,20211121,国产小分子药物研发取得突破，快递旺季呈现量价齐升：招商交运物流行业周报,非个股,一般报告,招商证券,"苏宝亮,肖欣晨",2022Q4,,,,819337.588,1.67,,,,,强烈推荐,,
002352.SZ,顺丰控股,20211121,国产小分子药物研发取得突破，快递旺季呈现量价齐升：招商交运物流行业周报,非个股,一般报告,招商证券,"苏宝亮,肖欣晨",2021Q4,,,,397403.261,0.81,,,,,强烈推荐,,
300394.SZ,天孚通信,20211121,“十四五”信息通信发展规划出炉，海缆行业维持高景气－中泰通信行业周报（1115－1121）,非个股,一般报告,中泰证券,"陈宁玉,王逢节,佘雨晴",2022Q4,,,,45689.81,1.17,,,,,无,,
300394.SZ,天孚通信,20211121,“十四五”信息通信发展规划出炉，海缆行业维持高景气－中泰通信行业周报（1115－1121）,非个股,一般报告,中泰证券,"陈宁玉,王逢节,佘雨晴",2021Q4,,,,33974.474,0.87,,,,,无,,
002216.SZ,三全食品,20211121,食品饮料：茅台批价回暖，大众品继续演绎提价逻辑－周思考（第46周）,非个股,一般报告,中泰证券,"范劲松,熊欣慰,罗頔影",2023Q4,860000.0,,,66400.0,0.76,,,,,买入,,
002266.SZ,浙富控股,20211121,节能环保：生态修复迎政策利好，节水型社会全面推进,非个股,一般报告,中金,"蒋昕昊,张钰琪,曾韬",2021Q4,,,,237700.0,0.443,,,,,跑赢行业,,9.25
002216.SZ,三全食品,20211121,食品饮料：茅台批价回暖，大众品继续演绎提价逻辑－周思考（第46周）,非个股,一般报告,中泰证券,"范劲松,熊欣慰,罗頔影",2022Q4,776000.0,,,58300.0,0.66,,,,,买入,,
002216.SZ,三全食品,20211121,食品饮料：茅台批价回暖，大众品继续演绎提价逻辑－周思考（第46周）,非个股,一般报告,中泰证券,"范劲松,熊欣慰,罗頔影",2021Q4,694000.0,,,51700.0,0.59,,,,,买入,,
603700.SH,宁水集团,20211121,低碳＋全球化助力，锂电／光伏／风电设备将超预期──机械行业周报（2021年11月第3周）,非个股,一般报告,浙商证券,"王华君,潘贻立,李锋,张杨,李思扬,林子尧,何家恺",2022Q4,,,,43900.272,2.16,,,,,无,,
603700.SH,宁水集团,20211121,低碳＋全球化助力，锂电／光伏／风电设备将超预期──机械行业周报（2021年11月第3周）,非个股,一般报告,浙商证券,"王华君,潘贻立,李锋,张杨,李思扬,林子尧,何家恺",2021Q4,,,,33534.93,1.65,,,,,无,,
603298.SH,杭叉集团,20211121,低碳＋全球化助力，锂电／光伏／风电设备将超预期──机械行业周报（2021年11月第3周）,非个股,一般报告,浙商证券,"王华君,潘贻立,李锋,张杨,李思扬,林子尧,何家恺",2022Q4,,,,127360.19,1.47,,,,,无,,
603298.SH,杭叉集团,20211121,低碳＋全球化助力，锂电／光伏／风电设备将超预期──机械行业周报（2021年11月第3周）,非个股,一般报告,浙商证券,"王华君,潘贻立,李锋,张杨,李思扬,林子尧,何家恺",2021Q4,,,,101368.315,1.17,,,,,无,,
002353.SZ,杰瑞股份,20211121,低碳＋全球化助力，锂电／光伏／风电设备将超预期──机械行业周报（2021年11月第3周）,非个股,一般报告,浙商证券,"王华君,潘贻立,李锋,张杨,李思扬,林子尧,何家恺",2022Q4,,,,230842.812,2.41,,,,,无,,
002353.SZ,杰瑞股份,20211121,低碳＋全球化助力，锂电／光伏／风电设备将超预期──机械行业周报（2021年11月第3周）,非个股,一般报告,浙商证券,"王华君,潘贻立,李锋,张杨,李思扬,林子尧,何家恺",2021Q4,,,,181034.404,1.89,,,,,无,,
600984.SH,建设机械,20211121,低碳＋全球化助力，锂电／光伏／风电设备将超预期──机械行业周报（2021年11月第3周）,非个股,一般报告,浙商证券,"王华君,潘贻立,李锋,张杨,李思扬,林子尧,何家恺",2022Q4,,,,99596.557,1.03,,,,,无,,
600984.SH,建设机械,20211121,低碳＋全球化助力，锂电／光伏／风电设备将超预期──机械行业周报（2021年11月第3周）,非个股,一般报告,浙商证券,"王华君,潘贻立,李锋,张杨,李思扬,林子尧,何家恺",2021Q4,,,,68653.937,0.71,,,,,无,,
688002.SH,睿创微纳,20211121,国防军工行业周报：产能提升循序渐进，主机厂空间在加强,非个股,一般报告,国信证券,"花超,梁后权",2022Q4,,,,106800.0,2.4,,,,,买入,,
688002.SH,睿创微纳,20211121,国防军工行业周报：产能提升循序渐进，主机厂空间在加强,非个股,一般报告,国信证券,"花超,梁后权",2021Q4,,,,68530.0,1.54,,,,,买入,,
300896.SZ,爱美客,20211121,超头依赖度提升，关注业绩边际向上国货化妆品──医美化妆品行业周报,非个股,一般报告,浙商证券,"马莉,王长龙,汤秀洁,詹陆雨,周明蕊",2023Q4,,,,228000.0,10.538,,,,,无,,
300896.SZ,爱美客,20211121,超头依赖度提升，关注业绩边际向上国货化妆品──医美化妆品行业周报,非个股,一般报告,浙商证券,"马莉,王长龙,汤秀洁,詹陆雨,周明蕊",2022Q4,,,,149000.0,6.887,,,,,无,,
603666.SH,亿嘉和,20211121,低碳＋全球化助力，锂电／光伏／风电设备将超预期──机械行业周报（2021年11月第3周）,非个股,一般报告,浙商证券,"王华君,潘贻立,李锋,张杨,李思扬,林子尧,何家恺",2022Q4,,,,61398.384,2.97,,,,,无,,
603666.SH,亿嘉和,20211121,低碳＋全球化助力，锂电／光伏／风电设备将超预期──机械行业周报（2021年11月第3周）,非个股,一般报告,浙商证券,"王华君,潘贻立,李锋,张杨,李思扬,林子尧,何家恺",2021Q4,,,,45893.741,2.22,,,,,无,,
603008.SH,喜临门,20211121,10月行业景气承压，持续看好龙头中长期表现：家居文娱月报,非个股,一般报告,招商证券,"赵中平,李宏鹏,毕先磊,王鹏",2022Q4,,,,61599.428,1.59,,,,,无,,
603008.SH,喜临门,20211121,10月行业景气承压，持续看好龙头中长期表现：家居文娱月报,非个股,一般报告,招商证券,"赵中平,李宏鹏,毕先磊,王鹏",2021Q4,,,,49202.059,1.27,,,,,无,,
000063.SZ,中兴通讯,20211121,“十四五”信息通信发展规划出炉，海缆行业维持高景气－中泰通信行业周报（1115－1121）,非个股,一般报告,中泰证券,"陈宁玉,王逢节,佘雨晴",2022Q4,,,,879560.405,1.86,,,,,无,,
300896.SZ,爱美客,20211121,超头依赖度提升，关注业绩边际向上国货化妆品──医美化妆品行业周报,非个股,一般报告,浙商证券,"马莉,王长龙,汤秀洁,詹陆雨,周明蕊",2021Q4,,,,96000.0,4.437,,,,,无,,
000063.SZ,中兴通讯,20211121,“十四五”信息通信发展规划出炉，海缆行业维持高景气－中泰通信行业周报（1115－1121）,非个股,一般报告,中泰证券,"陈宁玉,王逢节,佘雨晴",2021Q4,,,,732967.004,1.55,,,,,无,,
688033.SH,天宜上佳,20211121,机械设备：10月机器人产量增速10.6％，北交所开市关注中小创企业投资机遇,非个股,一般报告,银河证券,"鲁佩,范想想",2023Q4,,,,51604.777,1.15,,,,,无,,
688033.SH,天宜上佳,20211121,机械设备：10月机器人产量增速10.6％，北交所开市关注中小创企业投资机遇,非个股,一般报告,银河证券,"鲁佩,范想想",2021Q4,,,,21988.122,0.49,,,,,无,,
300740.SZ,水羊股份,20211121,超头依赖度提升，关注业绩边际向上国货化妆品──医美化妆品行业周报,非个股,一般报告,浙商证券,"马莉,王长龙,汤秀洁,詹陆雨,周明蕊",2023Q4,,,,60000.0,1.46,,,,,无,,
300740.SZ,水羊股份,20211121,超头依赖度提升，关注业绩边际向上国货化妆品──医美化妆品行业周报,非个股,一般报告,浙商证券,"马莉,王长龙,汤秀洁,詹陆雨,周明蕊",2022Q4,,,,38000.0,0.924,,,,,无,,
688033.SH,天宜上佳,20211121,机械设备：10月机器人产量增速10.6％，北交所开市关注中小创企业投资机遇,非个股,一般报告,银河证券,"鲁佩,范想想",2022Q4,,,,35450.238,0.79,,,,,无,,
300740.SZ,水羊股份,20211121,超头依赖度提升，关注业绩边际向上国货化妆品──医美化妆品行业周报,非个股,一般报告,浙商证券,"马莉,王长龙,汤秀洁,詹陆雨,周明蕊",2021Q4,,,,23000.0,0.56,,,,,无,,
002747.SZ,埃斯顿,20211121,低碳＋全球化助力，锂电／光伏／风电设备将超预期──机械行业周报（2021年11月第3周）,非个股,一般报告,浙商证券,"王华君,潘贻立,李锋,张杨,李思扬,林子尧,何家恺",2022Q4,,,,33008.258,0.38,,,,,无,,
002747.SZ,埃斯顿,20211121,低碳＋全球化助力，锂电／光伏／风电设备将超预期──机械行业周报（2021年11月第3周）,非个股,一般报告,浙商证券,"王华君,潘贻立,李锋,张杨,李思扬,林子尧,何家恺",2021Q4,,,,18241.406,0.21,,,,,无,,
300776.SZ,帝尔激光,20211121,机械设备：10月机器人产量增速10.6％，北交所开市关注中小创企业投资机遇,非个股,一般报告,银河证券,"鲁佩,范想想",2022Q4,,,,52285.155,4.92,,,,,无,,
300776.SZ,帝尔激光,20211121,机械设备：10月机器人产量增速10.6％，北交所开市关注中小创企业投资机遇,非个股,一般报告,银河证券,"鲁佩,范想想",2021Q4,,,,41445.55,3.9,,,,,无,,
000615.SZ,奥园美谷,20211121,超头依赖度提升，关注业绩边际向上国货化妆品──医美化妆品行业周报,非个股,一般报告,浙商证券,"马莉,王长龙,汤秀洁,詹陆雨,周明蕊",2023Q4,,,,37000.0,0.474,,,,,无,,
000615.SZ,奥园美谷,20211121,超头依赖度提升，关注业绩边际向上国货化妆品──医美化妆品行业周报,非个股,一般报告,浙商证券,"马莉,王长龙,汤秀洁,詹陆雨,周明蕊",2022Q4,,,,29000.0,0.371,,,,,无,,
000615.SZ,奥园美谷,20211121,超头依赖度提升，关注业绩边际向上国货化妆品──医美化妆品行业周报,非个股,一般报告,浙商证券,"马莉,王长龙,汤秀洁,詹陆雨,周明蕊",2021Q4,,,,23000.0,0.294,,,,,无,,
300776.SZ,帝尔激光,20211121,机械设备：10月机器人产量增速10.6％，北交所开市关注中小创企业投资机遇,非个股,一般报告,银河证券,"鲁佩,范想想",2023Q4,,,,69926.081,6.58,,,,,无,,
920077.BJ,吉林碳谷,20211121,地产政策纠偏或逐步开启——建材行业周报,非个股,一般报告,国泰君安,"鲍雁辛,黄涛",2022Q4,,,,34412.727,1.08,,,,,增持,,
920077.BJ,吉林碳谷,20211121,地产政策纠偏或逐步开启——建材行业周报,非个股,一般报告,国泰君安,"鲍雁辛,黄涛",2021Q4,,,,24853.636,0.78,,,,,增持,,
600845.SH,宝信软件,20211121,“十四五”信息通信发展规划出炉，海缆行业维持高景气－中泰通信行业周报（1115－1121）,非个股,一般报告,中泰证券,"陈宁玉,王逢节,佘雨晴",2022Q4,,,,229541.438,1.51,,,,,无,,
600845.SH,宝信软件,20211121,“十四五”信息通信发展规划出炉，海缆行业维持高景气－中泰通信行业周报（1115－1121）,非个股,一般报告,中泰证券,"陈宁玉,王逢节,佘雨晴",2021Q4,,,,176336.469,1.16,,,,,无,,
600309.SH,万华化学,20211121,中泰周期·大宗指南：周期品周度运行变化——第46期,非个股,一般报告,中泰证券,无,2022Q4,,,,2825771.963,9.0,,,,,买入,,
600309.SH,万华化学,20211121,中泰周期·大宗指南：周期品周度运行变化——第46期,非个股,一般报告,中泰证券,无,2021Q4,,,,2445862.622,7.79,,,,,买入,,
603583.SH,捷昌驱动,20211121,低碳＋全球化助力，锂电／光伏／风电设备将超预期──机械行业周报（2021年11月第3周）,非个股,一般报告,浙商证券,"王华君,潘贻立,李锋,张杨,李思扬,林子尧,何家恺",2022Q4,,,,59578.872,1.56,,,,,无,,
603583.SH,捷昌驱动,20211121,低碳＋全球化助力，锂电／光伏／风电设备将超预期──机械行业周报（2021年11月第3周）,非个股,一般报告,浙商证券,"王华君,潘贻立,李锋,张杨,李思扬,林子尧,何家恺",2021Q4,,,,38573.5,1.01,,,,,无,,
603983.SH,丸美股份,20211121,超头依赖度提升，关注业绩边际向上国货化妆品──医美化妆品行业周报,非个股,一般报告,浙商证券,"马莉,王长龙,汤秀洁,詹陆雨,周明蕊",2023Q4,,,,31000.0,0.771,,,,,无,,
603983.SH,丸美股份,20211121,超头依赖度提升，关注业绩边际向上国货化妆品──医美化妆品行业周报,非个股,一般报告,浙商证券,"马莉,王长龙,汤秀洁,詹陆雨,周明蕊",2022Q4,,,,26000.0,0.647,,,,,无,,
300450.SZ,先导智能,20211121,机械设备：10月机器人产量增速10.6％，北交所开市关注中小创企业投资机遇,非个股,一般报告,银河证券,"鲁佩,范想想",2023Q4,,,,331809.895,2.12,,,,,无,,
300450.SZ,先导智能,20211121,机械设备：10月机器人产量增速10.6％，北交所开市关注中小创企业投资机遇,非个股,一般报告,银河证券,"鲁佩,范想想",2022Q4,,,,247292.281,1.58,,,,,无,,
300450.SZ,先导智能,20211121,机械设备：10月机器人产量增速10.6％，北交所开市关注中小创企业投资机遇,非个股,一般报告,银河证券,"鲁佩,范想想",2021Q4,,,,153383.82,0.98,,,,,无,,
002367.SZ,康力电梯,20211121,低碳＋全球化助力，锂电／光伏／风电设备将超预期──机械行业周报（2021年11月第3周）,非个股,一般报告,浙商证券,"王华君,潘贻立,李锋,张杨,李思扬,林子尧,何家恺",2022Q4,,,,47859.161,0.6,,,,,无,,
002367.SZ,康力电梯,20211121,低碳＋全球化助力，锂电／光伏／风电设备将超预期──机械行业周报（2021年11月第3周）,非个股,一般报告,浙商证券,"王华君,潘贻立,李锋,张杨,李思扬,林子尧,何家恺",2021Q4,,,,43870.898,0.55,,,,,无,,
688133.SH,泰坦科技,20211121,“反垄断”指南发布，进一步推动原料药行业健康向上发展：医药行业每周医览药闻,非个股,一般报告,中信证券,"陈竹,刘泽序,宋硕,沈睦钧,朱奕彰,韩世通,甘坛焕,王凯旋",2022Q4,,,,21349.709,2.8,,,,,买入,,
688133.SH,泰坦科技,20211121,“反垄断”指南发布，进一步推动原料药行业健康向上发展：医药行业每周医览药闻,非个股,一般报告,中信证券,"陈竹,刘泽序,宋硕,沈睦钧,朱奕彰,韩世通,甘坛焕,王凯旋",2021Q4,,,,14944.796,1.96,,,,,买入,,
603983.SH,丸美股份,20211121,超头依赖度提升，关注业绩边际向上国货化妆品──医美化妆品行业周报,非个股,一般报告,浙商证券,"马莉,王长龙,汤秀洁,詹陆雨,周明蕊",2021Q4,,,,23000.0,0.572,,,,,无,,
600416.SH,湘电股份,20211121,湘电股份：高管调整机制理顺，聚焦军品蓄势待发,点评,一般报告,中信建投,"黎韬扬,王春阳",2023Q4,872600.0,,,42400.0,0.37,48.4,,,,买入,,
600416.SH,湘电股份,20211121,湘电股份：高管调整机制理顺，聚焦军品蓄势待发,点评,一般报告,中信建投,"黎韬扬,王春阳",2021Q4,529000.0,,,11900.0,0.103,172.07,,,,买入,,
300093.SZ,金刚玻璃,20211121,金刚玻璃：签订N型硅片大单，为HJT产线落地提供有力保障,点评,首次关注,中信建投,朱玥,2022Q4,148200.0,,,3200.0,,202.0,,,,增持,,
300093.SZ,金刚玻璃,20211121,金刚玻璃：签订N型硅片大单，为HJT产线落地提供有力保障,点评,首次关注,中信建投,朱玥,2021Q4,39500.0,,,200.0,,3259.0,,,,增持,,
600416.SH,湘电股份,20211121,湘电股份：高管调整机制理顺，聚焦军品蓄势待发,点评,一般报告,中信建投,"黎韬扬,王春阳",2022Q4,690100.0,,,24600.0,0.21,83.33,,,,买入,,
300093.SZ,金刚玻璃,20211121,金刚玻璃：签订N型硅片大单，为HJT产线落地提供有力保障,点评,首次关注,中信建投,朱玥,2023Q4,258500.0,,,12200.0,,53.0,,,,增持,,
603799.SH,华友钴业,20211121,华友钴业：华友获高镍前驱体订单，百万吨前驱体蓝图徐徐展开,点评,一般报告,中信建投,朱玥,2022Q4,6049400.0,,,497100.0,4.07,27.4,,27.9,,买入,,
603799.SH,华友钴业,20211121,华友钴业：华友获高镍前驱体订单，百万吨前驱体蓝图徐徐展开,点评,一般报告,中信建投,朱玥,2021Q4,4063400.0,,,315600.0,2.584,43.1,,22.5,,买入,,
300919.SZ,中伟股份,20211121,中伟股份：引入贵州财政厅持股，助力省内储能产业链及前驱体产能扩张,点评,首次关注,中信建投,朱玥,2023Q4,6065500.0,,,309000.0,5.42,28.2,,29.7,,买入,,
300919.SZ,中伟股份,20211121,中伟股份：引入贵州财政厅持股，助力省内储能产业链及前驱体产能扩张,点评,首次关注,中信建投,朱玥,2022Q4,4860600.0,,,234300.0,4.11,37.2,,32.0,,买入,,
300919.SZ,中伟股份,20211121,中伟股份：引入贵州财政厅持股，助力省内储能产业链及前驱体产能扩张,点评,首次关注,中信建投,朱玥,2021Q4,2205600.0,,,120300.0,2.11,72.5,,24.1,,买入,,
603799.SH,华友钴业,20211121,华友钴业：华友获高镍前驱体订单，百万吨前驱体蓝图徐徐展开,点评,一般报告,中信建投,朱玥,2023Q4,8012600.0,,,735200.0,6.02,18.5,,28.4,,买入,,
603517.SH,绝味食品,20211121,绝味食品：供应链赋能成长，逆势扩张再开启,点评,一般报告,招商证券,"于佳琦,田地",2023Q4,950400.0,,198300.0,149900.0,2.44,26.6,,19.1,18.5,强烈推荐,,
603517.SH,绝味食品,20211121,绝味食品：供应链赋能成长，逆势扩张再开启,点评,一般报告,招商证券,"于佳琦,田地",2022Q4,790400.0,,163900.0,122900.0,2.001,32.4,,18.3,22.3,强烈推荐,,
603517.SH,绝味食品,20211121,绝味食品：供应链赋能成长，逆势扩张再开启,点评,一般报告,招商证券,"于佳琦,田地",2021Q4,660600.0,,159600.0,119700.0,1.949,33.3,,20.4,23.0,强烈推荐,,
688313.SH,仕佳光子,20211121,仕佳光子：光通信切入大年，芯片业务厚积薄发,一般,首次关注,国泰君安,"王彦龙,黎明聪",2023Q4,136681.37,,,18817.23,0.41,31.94,0.9,13.5,19.6,增持,,18.0
600029.SH,南方航空,20211121,南方航空：短暂旺季展现弹性，大循环下盈利可期,点评,一般报告,国泰君安,"岳鑫,王凯婕",2023Q4,17709200.0,,,501600.0,0.3,22.7,1.3,6.6,3.8,谨慎增持,,7.46
600029.SH,南方航空,20211121,南方航空：短暂旺季展现弹性，大循环下盈利可期,点评,一般报告,国泰君安,"岳鑫,王凯婕",2022Q4,16146200.0,,,231800.0,0.14,49.2,0.4,3.2,4.7,谨慎增持,,7.46
600029.SH,南方航空,20211121,南方航空：短暂旺季展现弹性，大循环下盈利可期,点评,一般报告,国泰君安,"岳鑫,王凯婕",2021Q4,10320900.0,,,-886200.0,-0.52,,0.0,-12.6,10.8,谨慎增持,,7.46
688313.SH,仕佳光子,20211121,仕佳光子：光通信切入大年，芯片业务厚积薄发,一般,首次关注,国泰君安,"王彦龙,黎明聪",2022Q4,106570.91,,,11868.39,0.26,50.64,0.6,9.4,28.23,增持,,18.0
688313.SH,仕佳光子,20211121,仕佳光子：光通信切入大年，芯片业务厚积薄发,一般,首次关注,国泰君安,"王彦龙,黎明聪",2021Q4,79450.0,,,3821.3,0.0833,158.17,0.2,3.2,55.36,增持,,18.0
300777.SZ,中简科技,20211121,中简科技：定增布局高性能碳纤维赛道，紧抓发展战略机遇期,点评,一般报告,招商证券,"王超,岑晓翔,杨雨南",2022Q4,91300.0,,52000.0,46500.0,1.16,56.9,,24.8,26.7,强烈推荐,,
300777.SZ,中简科技,20211121,中简科技：定增布局高性能碳纤维赛道，紧抓发展战略机遇期,点评,一般报告,招商证券,"王超,岑晓翔,杨雨南",2021Q4,62600.0,,36400.0,32500.0,0.81,81.3,,21.6,39.9,强烈推荐,,
000739.SZ,普洛药业,20211121,普洛药业：国内医药先进制造企业，三大业务协同发展,一般,首次关注,中金,"刘锡源,张琎,邹朋",2023Q4,1274000.0,408500.0,194700.0,167700.0,1.43,28.0,,,,跑赢行业,,44.36
000739.SZ,普洛药业,20211121,普洛药业：国内医药先进制造企业，三大业务协同发展,一般,首次关注,中金,"刘锡源,张琎,邹朋",2022Q4,1076800.0,330500.0,152500.0,131400.0,1.12,35.3,1.0,23.5,22.7,跑赢行业,,44.36
000739.SZ,普洛药业,20211121,普洛药业：国内医药先进制造企业，三大业务协同发展,一般,首次关注,中金,"刘锡源,张琎,邹朋",2021Q4,916800.0,269400.0,118300.0,101900.0,0.87,45.5,0.8,21.4,28.3,跑赢行业,,44.36
002216.SZ,三全食品,20211121,三全食品：顺势提价4Q经营改善，股权激励利于长期发展,点评,一般报告,中金,"王文丹,沈旸",2022Q4,798800.0,,69500.0,60700.0,0.69,29.5,0.2,16.1,20.9,跑赢行业,,25.66
002216.SZ,三全食品,20211121,三全食品：顺势提价4Q经营改善，股权激励利于长期发展,点评,一般报告,中金,"王文丹,沈旸",2021Q4,711600.0,,62500.0,54700.0,0.62,32.8,0.2,16.9,24.0,跑赢行业,,25.66
000401.SZ,冀东水泥,20211121,冀东水泥：分红率提至50％，中期能效优势有望逐步凸显,点评,一般报告,中金,"陈彦,龚晴,杨茂达,刘嘉忱",2022Q4,3845300.0,,720300.0,304100.0,2.15,5.6,9.0,14.8,3.2,跑赢行业,,16.4
605099.SH,共创草坪,20211121,共创草坪：看好Q4起改善趋势，全球人造草龙头地位稳固,点评,一般报告,中金,"樊俊豪,吕沛航",2021Q4,230700.0,,49600.0,46000.0,1.14,33.9,0.0,23.6,26.4,跑赢行业,,45.8
688499.SH,利元亨,20211121,利元亨点评报告：高业绩考核股权激励彰显信心，明后年业绩将大增,点评,一般报告,浙商证券,"王华君,张杨",2023Q4,570700.0,,73400.0,70100.0,7.97,36.0,,24.0,,买入,,
688499.SH,利元亨,20211121,利元亨点评报告：高业绩考核股权激励彰显信心，明后年业绩将大增,点评,一般报告,浙商证券,"王华君,张杨",2022Q4,393300.0,,51300.0,49700.0,5.64,50.0,,22.0,,买入,,
605099.SH,共创草坪,20211121,共创草坪：看好Q4起改善趋势，全球人造草龙头地位稳固,点评,一般报告,中金,"樊俊豪,吕沛航",2022Q4,315900.0,,69000.0,64000.0,1.59,24.4,0.0,27.5,19.4,跑赢行业,,45.8
688499.SH,利元亨,20211121,利元亨点评报告：高业绩考核股权激励彰显信心，明后年业绩将大增,点评,一般报告,浙商证券,"王华君,张杨",2021Q4,238300.0,,23300.0,22100.0,2.51,113.0,,14.0,,买入,,
000401.SZ,冀东水泥,20211121,冀东水泥：分红率提至50％，中期能效优势有望逐步凸显,点评,一般报告,中金,"陈彦,龚晴,杨茂达,刘嘉忱",2021Q4,3798200.0,,616700.0,260400.0,1.84,6.5,7.7,13.9,3.9,跑赢行业,,16.4
601633.SH,长城汽车,20211121,长城汽车：沙龙焕新定义机甲风，WEY发布智能DHT战略,点评,一般报告,中金,"邓学,常菁",2021Q4,13114000.0,,833300.0,700000.0,0.76,78.1,0.6,11.8,38.4,跑赢行业,,81.5
601633.SH,长城汽车,20211121,长城汽车重大事件快评：魏品牌智混战略发布，玛奇朵插混上市,一般,一般报告,国信证券,"唐旭霞,戴仕远",2023Q4,23350000.0,,2183700.0,1899800.0,2.057,28.4,1.8,25.0,24.3,买入,88.0,74.0
300777.SZ,中简科技,20211121,中简科技：定增布局高性能碳纤维赛道，紧抓发展战略机遇期,点评,一般报告,招商证券,"王超,岑晓翔,杨雨南",2023Q4,125600.0,,72800.0,65100.0,1.63,40.7,,27.2,19.2,强烈推荐,,
601633.SH,长城汽车,20211121,长城汽车：沙龙焕新定义机甲风，WEY发布智能DHT战略,点评,一般报告,中金,"邓学,常菁",2022Q4,18077900.0,,1488100.0,1250000.0,1.35,43.7,1.1,18.8,26.0,跑赢行业,,81.5
601633.SH,长城汽车,20211121,长城汽车重大事件快评：魏品牌智混战略发布，玛奇朵插混上市,一般,一般报告,国信证券,"唐旭霞,戴仕远",2022Q4,18792600.0,,1544000.0,1343300.0,1.455,40.1,1.2,20.0,32.3,买入,88.0,74.0
601633.SH,长城汽车,20211121,长城汽车重大事件快评：魏品牌智混战略发布，玛奇朵插混上市,一般,一般报告,国信证券,"唐旭霞,戴仕远",2021Q4,12332300.0,,913400.0,794600.0,0.86,67.8,0.7,13.0,53.2,买入,88.0,74.0
601601.SH,中国太保,20211121,中国太保：“长航合伙人”发布会点评：坚定职业化发展路径，队伍升级再起航,点评,一般报告,申万宏源证券,葛玉翔,2023Q4,46891400.0,,4593400.0,3650600.0,3.79,7.5,6.4,13.9,,买入,,
601601.SH,中国太保,20211121,中国太保：“长航合伙人”发布会点评：坚定职业化发展路径，队伍升级再起航,点评,一般报告,申万宏源证券,葛玉翔,2021Q4,42030000.0,,3481800.0,2813600.0,2.92,9.7,5.0,12.6,,买入,,
600502.SH,安徽建工,20211121,安徽建工：水电运营经验丰富，结构优化业绩提速,一般,一般报告,安信证券,苏多永,2023Q4,9169540.0,,365750.0,166420.0,0.97,3.9,10.5,17.1,2.4,买入,,4.9
600502.SH,安徽建工,20211121,安徽建工：水电运营经验丰富，结构优化业绩提速,一般,一般报告,安信证券,苏多永,2022Q4,8056890.0,,309450.0,140800.0,0.82,4.6,9.0,16.1,3.1,买入,,4.9
600502.SH,安徽建工,20211121,安徽建工：水电运营经验丰富，结构优化业绩提速,一般,一般报告,安信证券,苏多永,2021Q4,6843530.0,,252750.0,115000.0,0.67,5.6,7.0,14.5,4.2,买入,,4.9
002011.SZ,盾安环境,20211121,盾安环境重大事件快评：格力入主多元协同，制冷＋汽零双轮驱动,一般,首次评级,国信证券,"陈伟奇,王兆康,邹会阳",2023Q4,1306500.0,,87600.0,71400.0,0.68,14.7,3.9,31.0,16.7,买入,,
002011.SZ,盾安环境,20211121,盾安环境重大事件快评：格力入主多元协同，制冷＋汽零双轮驱动,一般,首次评级,国信证券,"陈伟奇,王兆康,邹会阳",2022Q4,1150200.0,,69100.0,56300.0,0.53,18.6,2.5,28.0,19.4,买入,,
002011.SZ,盾安环境,20211121,盾安环境重大事件快评：格力入主多元协同，制冷＋汽零双轮驱动,一般,首次评级,国信证券,"陈伟奇,王兆康,邹会阳",2021Q4,992800.0,,49000.0,39900.0,0.38,26.2,1.3,24.0,23.1,买入,,
688357.SH,建龙微纳,20211121,建龙微纳：吸附分离和催化市场广阔，沸石分子筛龙头大有可为,一般,首次关注,平安证券,刘永来,2023Q4,136400.0,,52300.0,45100.0,7.8,28.8,,23.7,19.97,推荐,,
688357.SH,建龙微纳,20211121,建龙微纳：吸附分离和催化市场广阔，沸石分子筛龙头大有可为,一般,首次关注,平安证券,刘永来,2022Q4,131800.0,,50600.0,43700.0,7.56,29.8,,28.1,21.23,推荐,,
603517.SH,绝味食品,20211121,绝味食品：持续打造供应链优势，稳步提升市场份额，维持买入,点评,一般报告,申万宏源证券,吕昌,2023Q4,958400.0,301300.0,207600.0,155400.0,2.53,26.0,,17.6,,买入,,
603517.SH,绝味食品,20211121,绝味食品：持续打造供应链优势，稳步提升市场份额，维持买入,点评,一般报告,申万宏源证券,吕昌,2022Q4,796300.0,252400.0,162400.0,122200.0,1.99,33.0,,16.8,,买入,,
603517.SH,绝味食品,20211121,绝味食品：持续打造供应链优势，稳步提升市场份额，维持买入,点评,一般报告,申万宏源证券,吕昌,2021Q4,659900.0,208500.0,140700.0,110000.0,1.79,37.0,,18.1,,买入,,
601689.SH,拓普集团,20211121,拓普集团发布可转债公告点评：顺应需求爆发持续投入，夯实底盘系统成长能力,点评,一般报告,长江证券,"高登,高伊楠",2023Q4,1983900.0,467000.0,278500.0,239500.0,2.17,25.53,,18.2,20.15,买入,,
601689.SH,拓普集团,20211121,拓普集团发布可转债公告点评：顺应需求爆发持续投入，夯实底盘系统成长能力,点评,一般报告,长江证券,"高登,高伊楠",2022Q4,1587100.0,360300.0,204700.0,176100.0,1.6,34.74,,16.4,28.58,买入,,
601689.SH,拓普集团,20211121,拓普集团发布可转债公告点评：顺应需求爆发持续投入，夯实底盘系统成长能力,点评,一般报告,长江证券,"高登,高伊楠",2021Q4,1150500.0,256600.0,140400.0,120700.0,1.1,50.67,,13.4,44.32,买入,,
002702.SZ,海欣食品,20211121,海欣食品2021三季报点评：短期业绩承压，提价传导成本压力,点评,一般报告,东方证券,"谢宁铃,彭博,张玉洁,朱雨涵",2022Q4,202600.0,,10900.0,8200.0,0.17,34.3,,9.7,17.9,买入,,6.64
002702.SZ,海欣食品,20211121,海欣食品2021三季报点评：短期业绩承压，提价传导成本压力,点评,一般报告,东方证券,"谢宁铃,彭博,张玉洁,朱雨涵",2021Q4,165300.0,,-800.0,-600.0,-0.0125,,,-0.7,107.7,买入,,6.64
000401.SZ,冀东水泥,20211121,冀东水泥：分红比例提升；存量时代优化发展,点评,一般报告,华泰证券,"龚劼,王帅,李晛",2023Q4,4078900.0,,574400.0,268800.0,1.9,6.73,,10.34,8.13,买入,,14.5
000401.SZ,冀东水泥,20211121,冀东水泥：分红比例提升；存量时代优化发展,点评,一般报告,华泰证券,"龚劼,王帅,李晛",2022Q4,4030400.0,,553900.0,259200.0,1.83,6.98,,10.95,8.71,买入,,14.5
000401.SZ,冀东水泥,20211121,冀东水泥：分红比例提升；存量时代优化发展,点评,一般报告,华泰证券,"龚劼,王帅,李晛",2021Q4,3949500.0,,538700.0,252100.0,1.78,7.18,,11.76,9.85,买入,,14.5
000401.SZ,冀东水泥,20211121,冀东水泥公司公告点评：现金分红比例大幅提升，吸收合并顺利完成,点评,一般报告,海通证券,"冯晨阳,申浩,潘莹练",2023Q4,4373700.0,,735900.0,317800.0,2.25,5.32,9.4,13.6,1.79,优于大市,,
000401.SZ,冀东水泥,20211121,冀东水泥公司公告点评：现金分红比例大幅提升，吸收合并顺利完成,点评,一般报告,海通证券,"冯晨阳,申浩,潘莹练",2022Q4,4072000.0,,637200.0,275200.0,1.95,6.14,8.1,13.0,2.35,优于大市,,
000401.SZ,冀东水泥,20211121,冀东水泥公司公告点评：现金分红比例大幅提升，吸收合并顺利完成,点评,一般报告,海通证券,"冯晨阳,申浩,潘莹练",2021Q4,3797300.0,,548400.0,236800.0,1.68,7.13,7.0,12.2,2.94,优于大市,,
688798.SH,艾为电子,20211121,艾为电子：面向IoT的国产数模混合设计龙头,深度,首次关注,华泰证券,"黄乐平,闫慧辰,姚逊宇",2023Q4,536700.0,195900.0,70842.0,68701.0,4.14,55.09,,13.92,43.03,买入,,259.0
688798.SH,艾为电子,20211121,艾为电子：面向IoT的国产数模混合设计龙头,深度,首次关注,华泰证券,"黄乐平,闫慧辰,姚逊宇",2022Q4,375400.0,139500.0,44418.0,43076.0,2.59,87.86,,10.14,69.96,买入,,259.0
688798.SH,艾为电子,20211121,艾为电子：面向IoT的国产数模混合设计龙头,深度,首次关注,华泰证券,"黄乐平,闫慧辰,姚逊宇",2021Q4,230500.0,88600.0,24484.0,23743.0,1.43,159.4,,6.22,117.69,买入,,259.0
688311.SH,盟升电子,20211121,盟升电子2021年三季报点评报告：卫星导航驱动增长，高研发为未来蓄力,点评,一般报告,浙商证券,"邱世梁,张建民,汪洁",2023Q4,112000.0,,36400.0,31100.0,2.71,27.32,,15.41,18.19,买入,,
688311.SH,盟升电子,20211121,盟升电子2021年三季报点评报告：卫星导航驱动增长，高研发为未来蓄力,点评,一般报告,浙商证券,"邱世梁,张建民,汪洁",2022Q4,80700.0,,26100.0,22300.0,1.94,38.18,,12.15,25.16,买入,,
688311.SH,盟升电子,20211121,盟升电子2021年三季报点评报告：卫星导航驱动增长，高研发为未来蓄力,点评,一般报告,浙商证券,"邱世梁,张建民,汪洁",2021Q4,57300.0,,18400.0,15700.0,1.37,53.99,,9.26,36.89,买入,,
601601.SH,中国太保,20211121,中国太保：“长航合伙人”发布会点评：坚定职业化发展路径，队伍升级再起航,点评,一般报告,申万宏源证券,葛玉翔,2022Q4,44311600.0,,4074200.0,3260100.0,3.39,8.4,5.6,13.5,,买入,,
688357.SH,建龙微纳,20211121,建龙微纳：吸附分离和催化市场广阔，沸石分子筛龙头大有可为,一般,首次关注,平安证券,刘永来,2021Q4,90100.0,,35100.0,30300.0,5.24,43.0,,25.0,29.86,推荐,,
002702.SZ,海欣食品,20211121,海欣食品2021三季报点评：短期业绩承压，提价传导成本压力,点评,一般报告,东方证券,"谢宁铃,彭博,张玉洁,朱雨涵",2023Q4,236700.0,,17100.0,12800.0,0.27,21.9,,13.5,12.2,买入,,6.64
688089.SH,嘉必优,20211121,嘉必优深度报告：择高处立，向宽处行,深度,首次关注,浙商证券,"马莉,赵璐",2023Q4,77300.0,,36200.0,30011.0,2.5,19.54,,16.6,13.23,买入,,
688089.SH,嘉必优,20211121,嘉必优深度报告：择高处立，向宽处行,深度,首次关注,浙商证券,"马莉,赵璐",2022Q4,48900.0,,21700.0,18017.0,1.5,32.56,,11.55,22.99,买入,,
688089.SH,嘉必优,20211121,嘉必优深度报告：择高处立，向宽处行,深度,首次关注,浙商证券,"马莉,赵璐",2021Q4,34600.0,,16700.0,13856.0,1.15,42.33,,9.93,30.53,买入,,
603596.SH,伯特利,20211121,伯特利：电控制动和轻量化业务迎来收获期,深度,首次评级,国信证券,"唐旭霞,戴仕远",2024Q4,667200.0,194800.0,,,,,,,,增持,,
603596.SH,伯特利,20211121,伯特利：电控制动和轻量化业务迎来收获期,深度,首次评级,国信证券,"唐旭霞,戴仕远",2023Q4,564300.0,160400.0,115200.0,94500.0,2.31,27.7,0.4,20.2,23.0,增持,,
603596.SH,伯特利,20211121,伯特利：电控制动和轻量化业务迎来收获期,深度,首次评级,国信证券,"唐旭霞,戴仕远",2022Q4,447700.0,122900.0,87300.0,71600.0,1.75,36.6,0.3,18.8,29.6,增持,,
603596.SH,伯特利,20211121,伯特利：电控制动和轻量化业务迎来收获期,深度,首次评级,国信证券,"唐旭霞,戴仕远",2021Q4,357100.0,92800.0,64900.0,53200.0,1.3,49.2,0.2,16.8,39.9,增持,,
601668.SH,中国建筑,20211121,中国建筑：业绩稳稳的幸福，估值有提振空间,深度,一般报告,华泰证券,"方晏荷,张艺露",2023Q4,214951100.0,,12282500.0,5934900.0,1.41,3.36,,11.55,4.54,买入,,6.48
601668.SH,中国建筑,20211121,中国建筑：业绩稳稳的幸福，估值有提振空间,深度,一般报告,华泰证券,"方晏荷,张艺露",2022Q4,198235300.0,,11334000.0,5476600.0,1.31,3.64,,11.87,4.79,买入,,6.48
601668.SH,中国建筑,20211121,中国建筑：业绩稳稳的幸福，估值有提振空间,深度,一般报告,华泰证券,"方晏荷,张艺露",2021Q4,180197400.0,,10219500.0,5009600.0,1.19,3.98,,12.04,5.21,买入,,6.48
600522.SH,中天科技,20211121,中天科技跟踪报告之一：减值计提靴子落地，海缆业务快速成长,一般,首份报告,光大证券,刘凯,2023Q4,4420800.0,,494400.0,423000.0,1.38,13.0,3.5,14.17,7.0,增持,,
600522.SH,中天科技,20211121,中天科技跟踪报告之一：减值计提靴子落地，海缆业务快速成长,一般,首份报告,光大证券,刘凯,2022Q4,4399700.0,,457600.0,391600.0,1.28,14.0,3.2,14.4,8.0,增持,,
600522.SH,中天科技,20211121,中天科技跟踪报告之一：减值计提靴子落地，海缆业务快速成长,一般,首份报告,光大证券,刘凯,2021Q4,4315000.0,,20600.0,17700.0,0.0577,321.0,0.1,0.76,6.6,增持,,
600114.SH,东睦股份,20211121,东睦股份首次覆盖报告：拐点已至，粉末冶金龙头扬帆起航,深度,首次关注,西部证券,李伟峰,2023Q4,478081.01,146272.72,63900.0,50400.0,0.82,14.5,,13.4,,买入,,18.56
600114.SH,东睦股份,20211121,东睦股份首次覆盖报告：拐点已至，粉末冶金龙头扬帆起航,深度,首次关注,西部证券,李伟峰,2022Q4,408232.2,118056.62,42800.0,34300.0,0.56,21.4,,10.3,,买入,,18.56
600114.SH,东睦股份,20211121,东睦股份首次覆盖报告：拐点已至，粉末冶金龙头扬帆起航,深度,首次关注,西部证券,李伟峰,2021Q4,354153.88,87380.5,19300.0,15400.0,0.25,47.5,,5.0,,买入,,18.56
300630.SZ,普利制药,20211121,普利制药重大事项点评：万古霉素全规格获批，公司制剂出口竞争力进一步强化,点评,一般报告,华创证券,"高岳,郑辰,张泉",2023Q4,318200.0,,111600.0,100100.0,2.29,24.0,,23.0,25.0,强推,70.4,64.0
300630.SZ,普利制药,20211121,普利制药重大事项点评：万古霉素全规格获批，公司制剂出口竞争力进一步强化,点评,一般报告,华创证券,"高岳,郑辰,张泉",2022Q4,227500.0,,83700.0,75000.0,1.72,32.0,,22.4,33.0,强推,70.4,64.0
300630.SZ,普利制药,20211121,普利制药重大事项点评：万古霉素全规格获批，公司制剂出口竞争力进一步强化,点评,一般报告,华创证券,"高岳,郑辰,张泉",2021Q4,160500.0,,62400.0,56000.0,1.28,43.0,,21.5,45.0,强推,70.4,64.0
002312.SZ,川发龙蟒,20211121,川发龙蟒：新能源材料规划落地，打造第二增长曲线,点评,一般报告,华安证券,"刘万鹏,王强峰",2023Q4,782500.0,,114100.0,98500.0,0.56,25.21,,11.7,14.86,买入,,
002312.SZ,川发龙蟒,20211121,川发龙蟒：新能源材料规划落地，打造第二增长曲线,点评,一般报告,华安证券,"刘万鹏,王强峰",2022Q4,727000.0,,96000.0,82900.0,0.47,29.97,,11.2,17.98,买入,,
002312.SZ,川发龙蟒,20211121,川发龙蟒：新能源材料规划落地，打造第二增长曲线,点评,一般报告,华安证券,"刘万鹏,王强峰",2021Q4,683500.0,,124100.0,107100.0,0.61,23.19,,16.4,19.49,买入,,
688601.SH,力芯微,20211121,力芯微：股权激励方案落地，彰显公司发展信心,点评,一般报告,华西证券,"孙远峰,熊军",2023Q4,133600.0,,27000.0,26800.0,4.19,43.98,,27.2,,买入,,
688601.SH,力芯微,20211121,力芯微：股权激励方案落地，彰显公司发展信心,点评,一般报告,华西证券,"孙远峰,熊军",2021Q4,77400.0,,16200.0,15500.0,2.42,76.11,,31.4,,买入,,
688006.SH,杭可科技,20211121,杭可科技跟踪点评：营收高增盈利改善，积极扩产未来业绩弹性强,点评,首份报告,中信证券,"刘海博,李越,李睿鹏",2023Q4,605000.0,,162500.0,141800.0,3.52,30.3,,29.6,25.6,买入,,123.0
688006.SH,杭可科技,20211121,杭可科技跟踪点评：营收高增盈利改善，积极扩产未来业绩弹性强,点评,首份报告,中信证券,"刘海博,李越,李睿鹏",2022Q4,403300.0,,91100.0,79500.0,1.97,54.0,,22.2,46.2,买入,,123.0
688006.SH,杭可科技,20211121,杭可科技跟踪点评：营收高增盈利改善，积极扩产未来业绩弹性强,点评,首份报告,中信证券,"刘海博,李越,李睿鹏",2021Q4,249200.0,,45800.0,39800.0,0.99,107.7,,13.9,83.3,买入,,123.0
603596.SH,伯特利,20211121,伯特利：电控制动和轻量化业务迎来收获期,深度,首次评级,国信证券,"唐旭霞,戴仕远",2025Q4,779400.0,233900.0,,,,,,,,增持,,
688601.SH,力芯微,20211121,力芯微：股权激励方案落地，彰显公司发展信心,点评,一般报告,华西证券,"孙远峰,熊军",2022Q4,104300.0,,22000.0,22200.0,3.48,53.02,,31.0,,买入,,
603195.SH,公牛集团,20211121,家用电器：利润弹性、业绩增速、供给能力三个维度看家电,非个股,一般报告,国盛证券,"鞠兴海,徐程颖,杨凡仪",2023Q4,,,,398604.418,6.63,,,,,买入,,
603195.SH,公牛集团,20211121,家用电器：利润弹性、业绩增速、供给能力三个维度看家电,非个股,一般报告,国盛证券,"鞠兴海,徐程颖,杨凡仪",2022Q4,,,,345096.434,5.74,,,,,买入,,
603195.SH,公牛集团,20211121,家用电器：利润弹性、业绩增速、供给能力三个维度看家电,非个股,一般报告,国盛证券,"鞠兴海,徐程颖,杨凡仪",2021Q4,,,,293993.304,4.89,,,,,买入,,
002167.SZ,东方锆业,20211121,东方锆业公告点评：携手龙佰集团，加速澳洲业务发展,点评,一般报告,西部证券,李伟峰,2023Q4,212700.0,,40300.0,37300.0,0.48,16.4,,21.3,,买入,,
002167.SZ,东方锆业,20211121,东方锆业公告点评：携手龙佰集团，加速澳洲业务发展,点评,一般报告,西部证券,李伟峰,2022Q4,179700.0,,27200.0,25400.0,0.33,24.1,,17.7,,买入,,
002167.SZ,东方锆业,20211121,东方锆业公告点评：携手龙佰集团，加速澳洲业务发展,点评,一般报告,西部证券,李伟峰,2021Q4,149200.0,,15500.0,14500.0,0.19,42.1,,12.1,,买入,,
002968.SZ,新大正,20211121,新大正：具备多元服务能力的城市公建物业服务商,一般,首次关注,中金,"王璞,张宇,赵俊桦",2023Q4,423700.0,85400.0,41700.0,35300.0,2.17,,,,,跑赢行业,,47.44
002968.SZ,新大正,20211121,新大正：具备多元服务能力的城市公建物业服务商,一般,首次关注,中金,"王璞,张宇,赵俊桦",2022Q4,313600.0,62300.0,30400.0,25700.0,1.58,23.9,1.9,24.3,16.2,跑赢行业,,47.44
002968.SZ,新大正,20211121,新大正：具备多元服务能力的城市公建物业服务商,一般,首次关注,中金,"王璞,张宇,赵俊桦",2021Q4,213110.0,42800.0,21100.0,17900.0,1.1,34.4,1.3,19.6,24.4,跑赢行业,,47.44
002706.SZ,良信股份,20211121,良信股份：拐点看：收入端新型行业增速快＋利润端一体化布局,一般,一般报告,天风证券,孙潇雅,2022Q4,519849.0,,75609.0,64948.0,0.64,30.54,,24.06,23.37,买入,,
002706.SZ,良信股份,20211121,良信股份：拐点看：收入端新型行业增速快＋利润端一体化布局,一般,一般报告,天风证券,孙潇雅,2021Q4,390072.0,,49174.0,42235.0,0.41,46.96,,16.92,37.99,买入,,
002706.SZ,良信股份,20211121,良信股份：拐点看：收入端新型行业增速快＋利润端一体化布局,一般,一般报告,天风证券,孙潇雅,2023Q4,683081.0,,98917.0,84970.0,0.83,23.34,,28.61,18.87,买入,,
600733.SH,北汽蓝谷,20211121,北汽蓝谷：ARCFOX极狐——华为Inside赋能,一般,首份报告,天风证券,"于特,陆嘉敏",2023Q4,6495615.0,,8865.0,8842.0,0.0206,595.42,,0.81,27.79,增持,,18.2
600733.SH,北汽蓝谷,20211121,北汽蓝谷：ARCFOX极狐——华为Inside赋能,一般,首份报告,天风证券,"于特,陆嘉敏",2022Q4,1956253.0,,-208715.0,-212181.0,-0.49,,,-19.66,8469.44,增持,,18.2
002028.SZ,思源电气,20211121,绿色能源大时代系列深度研究一：能源数字化重点布局正当时,非个股,一般报告,东吴证券,侯宾,2023Q4,,,,183007.171,2.39,,,,,无,,
002028.SZ,思源电气,20211121,绿色能源大时代系列深度研究一：能源数字化重点布局正当时,非个股,一般报告,东吴证券,侯宾,2022Q4,,,,153144.076,2.0,,,,,无,,
002028.SZ,思源电气,20211121,绿色能源大时代系列深度研究一：能源数字化重点布局正当时,非个股,一般报告,东吴证券,侯宾,2021Q4,,,,122515.261,1.6,,,,,无,,
600733.SH,北汽蓝谷,20211121,北汽蓝谷：ARCFOX极狐——华为Inside赋能,一般,首份报告,天风证券,"于特,陆嘉敏",2021Q4,739446.0,,-350999.0,-346775.0,-0.81,,,-26.85,,增持,,18.2
601238.SH,广汽集团,20211121,广汽集团：新车型新技术齐亮相，自主板块拐点确立,点评,一般报告,东兴证券,"李金锦,张觉尹",2023Q4,13060542.0,,1646200.0,1575049.0,1.52,10.81,,13.17,5.83,强烈推荐,,
601238.SH,广汽集团,20211121,广汽集团：新车型新技术齐亮相，自主板块拐点确立,点评,一般报告,东兴证券,"李金锦,张觉尹",2022Q4,10810877.0,,1351100.0,1288798.0,1.25,13.21,,12.38,7.62,强烈推荐,,
601238.SH,广汽集团,20211121,广汽集团：新车型新技术齐亮相，自主板块拐点确立,点评,一般报告,东兴证券,"李金锦,张觉尹",2021Q4,8092361.0,,767200.0,726810.0,0.7,23.42,,7.95,8.22,强烈推荐,,
002645.SZ,华宏科技,20211121,华宏科技：废钢业务脱碳地位凸显，稀土业务发展环境优化——公司信息更新报告,点评,一般报告,开源证券,王珂,2023Q4,804300.0,,98100.0,87430.0,1.5,14.2,,17.6,9.6,买入,,
002645.SZ,华宏科技,20211121,华宏科技：废钢业务脱碳地位凸显，稀土业务发展环境优化——公司信息更新报告,点评,一般报告,开源证券,王珂,2022Q4,657900.0,,77400.0,69000.0,1.18,17.9,,16.7,12.0,买入,,
002645.SZ,华宏科技,20211121,华宏科技：废钢业务脱碳地位凸显，稀土业务发展环境优化——公司信息更新报告,点评,一般报告,开源证券,王珂,2021Q4,516700.0,,61300.0,54670.0,0.94,22.6,,15.8,16.1,买入,,
603589.SH,口子窖,20211120,口子窖：升级东风，改革向好，兼香典范沉潜而跃,深度,首次评级,西南证券,"朱会振,王书龙,夏霁",2021Q4,526820.0,,230469.0,172852.0,2.88,22.28,2.32,21.41,14.59,买入,,86.5
603589.SH,口子窖,20211120,口子窖：升级东风，改革向好，兼香典范沉潜而跃,深度,首次评级,西南证券,"朱会振,王书龙,夏霁",2022Q4,605977.0,,276690.0,207518.0,3.46,18.56,3.14,23.21,12.0,买入,,86.5
603589.SH,口子窖,20211120,口子窖：升级东风，改革向好，兼香典范沉潜而跃,深度,首次评级,西南证券,"朱会振,王书龙,夏霁",2023Q4,691172.0,,327033.0,245275.0,4.09,15.7,3.77,24.68,10.03,买入,,86.5
002352.SZ,顺丰控股,20211120,快递行业10月份数据点评：行业中高速增长，义乌地区价格同环比双增,非个股,一般报告,西南证券,陈照林,2022Q4,,,,696682.26,1.42,,,,,买入,,
002352.SZ,顺丰控股,20211120,快递行业10月份数据点评：行业中高速增长，义乌地区价格同环比双增,非个股,一般报告,西南证券,陈照林,2021Q4,,,,407215.687,0.83,,,,,买入,,
688105.SH,诺唯赞,20211120,医药行业周报（11.15－11.19）：短期关注底部低估值或低预期品种,非个股,一般报告,西南证券,杜向阳,2023Q4,,,,99800.0,2.49,,,,,买入,,
688105.SH,诺唯赞,20211120,医药行业周报（11.15－11.19）：短期关注底部低估值或低预期品种,非个股,一般报告,西南证券,杜向阳,2022Q4,,,,76000.0,1.9,,,,,买入,,
688105.SH,诺唯赞,20211120,医药行业周报（11.15－11.19）：短期关注底部低估值或低预期品种,非个股,一般报告,西南证券,杜向阳,2021Q4,,,,67800.0,1.69,,,,,买入,,
002881.SZ,美格智能,20211120,通信：“十四五”信息通信规划发布，新基建加速发展,非个股,一般报告,太平洋证券,"李宏涛,李仁波",2021Q4,,,,12181.171,0.66,,,,,买入,,
002064.SZ,华峰化学,20211120,海运价格下滑，赛轮柬埔寨工厂首胎下线——化工行业周报,非个股,一般报告,国海证券,"李永磊,董伯骏,赵小燕",2022Q4,,,,769164.191,1.66,,,,,买入,,
002064.SZ,华峰化学,20211120,海运价格下滑，赛轮柬埔寨工厂首胎下线——化工行业周报,非个股,一般报告,国海证券,"李永磊,董伯骏,赵小燕",2021Q4,,,,745996.595,1.61,,,,,买入,,
601607.SH,上海医药,20211120,医药行业周报（11.15－11.19）：短期关注底部低估值或低预期品种,非个股,一般报告,西南证券,杜向阳,2023Q4,,,,724100.0,2.55,,,,,买入,,
601607.SH,上海医药,20211120,医药行业周报（11.15－11.19）：短期关注底部低估值或低预期品种,非个股,一般报告,西南证券,杜向阳,2022Q4,,,,609300.0,2.14,,,,,买入,,
601607.SH,上海医药,20211120,医药行业周报（11.15－11.19）：短期关注底部低估值或低预期品种,非个股,一般报告,西南证券,杜向阳,2021Q4,,,,521800.0,1.84,,,,,买入,,
300394.SZ,天孚通信,20211120,通信：“十四五”信息通信规划发布，新基建加速发展,非个股,一般报告,太平洋证券,"李宏涛,李仁波",2021Q4,,,,33974.474,0.87,,,,,买入,,
002597.SZ,金禾实业,20211120,海运价格下滑，赛轮柬埔寨工厂首胎下线——化工行业周报,非个股,一般报告,国海证券,"李永磊,董伯骏,赵小燕",2022Q4,,,,136861.948,2.44,,,,,买入,,
002597.SZ,金禾实业,20211120,海运价格下滑，赛轮柬埔寨工厂首胎下线——化工行业周报,非个股,一般报告,国海证券,"李永磊,董伯骏,赵小燕",2021Q4,,,,104329.19,1.86,,,,,买入,,
002643.SZ,万润股份,20211120,海运价格下滑，赛轮柬埔寨工厂首胎下线——化工行业周报,非个股,一般报告,国海证券,"李永磊,董伯骏,赵小燕",2022Q4,,,,85590.84,0.92,,,,,买入,,
002643.SZ,万润股份,20211120,海运价格下滑，赛轮柬埔寨工厂首胎下线——化工行业周报,非个股,一般报告,国海证券,"李永磊,董伯骏,赵小燕",2021Q4,,,,68844.806,0.74,,,,,买入,,
002001.SZ,新和成,20211120,海运价格下滑，赛轮柬埔寨工厂首胎下线——化工行业周报,非个股,一般报告,国海证券,"李永磊,董伯骏,赵小燕",2021Q4,,,,440905.504,1.71,,,,,买入,,
300308.SZ,中际旭创,20211120,通信：“十四五”信息通信规划发布，新基建加速发展,非个股,一般报告,太平洋证券,"李宏涛,李仁波",2021Q4,,,,96011.554,1.2,,,,,买入,,
601233.SH,桐昆股份,20211120,海运价格下滑，赛轮柬埔寨工厂首胎下线——化工行业周报,非个股,一般报告,国海证券,"李永磊,董伯骏,赵小燕",2022Q4,,,,942747.722,3.91,,,,,买入,,
002120.SZ,韵达股份,20211120,快递行业10月份数据点评：行业中高速增长，义乌地区价格同环比双增,非个股,一般报告,西南证券,陈照林,2022Q4,,,,188679.792,0.65,,,,,买入,,
002120.SZ,韵达股份,20211120,快递行业10月份数据点评：行业中高速增长，义乌地区价格同环比双增,非个股,一般报告,西南证券,陈照林,2021Q4,,,,139332.769,0.48,,,,,买入,,
002001.SZ,新和成,20211120,海运价格下滑，赛轮柬埔寨工厂首胎下线——化工行业周报,非个股,一般报告,国海证券,"李永磊,董伯骏,赵小燕",2022Q4,,,,505365.373,1.96,,,,,买入,,
601233.SH,桐昆股份,20211120,海运价格下滑，赛轮柬埔寨工厂首胎下线——化工行业周报,非个股,一般报告,国海证券,"李永磊,董伯骏,赵小燕",2021Q4,,,,812547.269,3.37,,,,,买入,,
688212.SH,澳华内镜,20211120,澳华内镜：国产软镜设备龙头，向高端不断突破,一般,首份报告,西南证券,"杜向阳,周章庆",2023Q4,60075.0,,13080.0,10060.0,0.75,49.15,0.25,7.89,30.53,无,,
688212.SH,澳华内镜,20211120,澳华内镜：国产软镜设备龙头，向高端不断突破,一般,首份报告,西南证券,"杜向阳,周章庆",2021Q4,34121.0,,7958.0,6121.0,0.46,80.78,0.07,5.4,44.83,无,,
688212.SH,澳华内镜,20211120,澳华内镜：国产软镜设备龙头，向高端不断突破,一般,首份报告,西南证券,"杜向阳,周章庆",2022Q4,40133.0,,8043.0,6186.0,0.46,79.92,0.25,5.22,49.96,无,,
603901.SH,永创智能,20211120,永创智能：行稳致远，进而有为,深度,首份报告,长江证券,"赵智勇,臧雄,倪蕤,曹小敏",2021Q4,265500.0,87600.0,32400.0,27900.0,0.57,28.17,,15.4,15.78,买入,,
603901.SH,永创智能,20211120,永创智能：行稳致远，进而有为,深度,首份报告,长江证券,"赵智勇,臧雄,倪蕤,曹小敏",2022Q4,336400.0,111000.0,43300.0,37300.0,0.76,21.05,,17.1,12.94,买入,,
603901.SH,永创智能,20211120,永创智能：行稳致远，进而有为,深度,首份报告,长江证券,"赵智勇,臧雄,倪蕤,曹小敏",2023Q4,428100.0,141400.0,56600.0,48700.0,1.0,16.13,,18.2,9.87,买入,,
003011.SZ,海象新材,20211120,建筑材料：推荐品牌建材龙头，关注受益出口／原材料下降标的,非个股,一般报告,中泰证券,"孙颖,聂磊,朱晋潇,刘毅男",2023Q4,,,,30186.744,2.94,,,,,买入,,
003011.SZ,海象新材,20211120,建筑材料：推荐品牌建材龙头，关注受益出口／原材料下降标的,非个股,一般报告,中泰证券,"孙颖,聂磊,朱晋潇,刘毅男",2022Q4,,,,22896.748,2.23,,,,,买入,,
003011.SZ,海象新材,20211120,建筑材料：推荐品牌建材龙头，关注受益出口／原材料下降标的,非个股,一般报告,中泰证券,"孙颖,聂磊,朱晋潇,刘毅男",2021Q4,,,,11499.712,1.12,,,,,买入,,
688303.SH,大全能源,20211120,2021Q3新能源板块总结：光伏持续分化，龙头恒强，风电一超多强,非个股,一般报告,东吴证券,"曾朵红,陈瑶,郭亚男",2023Q4,,,,783475.0,4.07,,,,,增持,,
688303.SH,大全能源,20211120,2021Q3新能源板块总结：光伏持续分化，龙头恒强，风电一超多强,非个股,一般报告,东吴证券,"曾朵红,陈瑶,郭亚男",2022Q4,,,,741125.0,3.85,,,,,增持,,
688303.SH,大全能源,20211120,2021Q3新能源板块总结：光伏持续分化，龙头恒强，风电一超多强,非个股,一般报告,东吴证券,"曾朵红,陈瑶,郭亚男",2021Q4,,,,708400.0,3.68,,,,,增持,,
600036.SH,招商银行,20211120,银行角度看央行3季度货币报告：结构因素驱动贷款利率环比回升,非个股,一般报告,中泰证券,"戴志锋,邓美君,贾靖",2023Q4,,,,15762403.501,6.25,,,,,增持,,
600036.SH,招商银行,20211120,银行角度看央行3季度货币报告：结构因素驱动贷款利率环比回升,非个股,一般报告,中泰证券,"戴志锋,邓美君,贾靖",2022Q4,,,,13669156.316,5.42,,,,,增持,,
600036.SH,招商银行,20211120,银行角度看央行3季度货币报告：结构因素驱动贷款利率环比回升,非个股,一般报告,中泰证券,"戴志锋,邓美君,贾靖",2021Q4,,,,11802887.741,4.68,,,,,增持,,
002142.SZ,宁波银行,20211120,银行角度看央行3季度货币报告：结构因素驱动贷款利率环比回升,非个股,一般报告,中泰证券,"戴志锋,邓美君,贾靖",2023Q4,,,,2589455.019,4.31,,,,,增持,,
002142.SZ,宁波银行,20211120,银行角度看央行3季度货币报告：结构因素驱动贷款利率环比回升,非个股,一般报告,中泰证券,"戴志锋,邓美君,贾靖",2022Q4,,,,2186917.928,3.64,,,,,增持,,
002142.SZ,宁波银行,20211120,银行角度看央行3季度货币报告：结构因素驱动贷款利率环比回升,非个股,一般报告,中泰证券,"戴志锋,邓美君,贾靖",2021Q4,,,,1832444.967,3.05,,,,,增持,,
603456.SH,九洲药业,20211120,九洲药业：国内领先医药制造企业，CDMO业务快速发展,一般,首次关注,中金,"刘锡源,张琎,邹朋",2021Q4,371000.0,135300.0,75700.0,64400.0,0.77,69.9,0.8,19.4,45.3,跑赢行业,,59.25
603456.SH,九洲药业,20211120,九洲药业：国内领先医药制造企业，CDMO业务快速发展,一般,首次关注,中金,"刘锡源,张琎,邹朋",2023Q4,581800.0,232400.0,130700.0,111100.0,1.33,41.0,,,,跑赢行业,,59.25
688981.SH,中芯国际,20211120,中芯国际：3Q21产品结构持续优化／2022进一步积极扩张,点评,一般报告,中金,"李学来,胡炯益,成乔升",2022Q4,4620100.0,1444200.0,936500.0,891300.0,1.13,48.5,0.0,7.6,17.4,跑赢行业,,88.0
002027.SZ,分众传媒,20211120,分众传媒：整装待发盼春来,一般,一般报告,中金,"张雪晴,余歆瑶",2022Q4,1833500.0,,930200.0,730500.0,0.51,14.3,5.6,32.2,10.0,跑赢行业,,12.6
002027.SZ,分众传媒,20211120,分众传媒：整装待发盼春来,一般,一般报告,中金,"张雪晴,余歆瑶",2021Q4,1549200.0,,776400.0,609900.0,0.42,17.1,4.7,31.7,12.6,跑赢行业,,12.6
603105.SH,芯能科技,20211120,芯能科技：掘金碳中和系列3：深耕分布式光伏，“自发自用、余电上网”的稀缺优质运营商,深度,首次关注,中泰证券,"汪磊,郑汉林",2022Q4,71800.0,,25400.0,21600.0,0.43,40.37,,10.9,40.0,增持,,
603105.SH,芯能科技,20211120,芯能科技：掘金碳中和系列3：深耕分布式光伏，“自发自用、余电上网”的稀缺优质运营商,深度,首次关注,中泰证券,"汪磊,郑汉林",2021Q4,43900.0,,13200.0,11300.0,0.23,77.57,,6.2,60.0,增持,,
603105.SH,芯能科技,20211120,芯能科技：掘金碳中和系列3：深耕分布式光伏，“自发自用、余电上网”的稀缺优质运营商,深度,首次关注,中泰证券,"汪磊,郑汉林",2023Q4,103400.0,,37900.0,32200.0,0.64,27.1,,13.6,30.0,增持,,
600438.SH,通威股份,20211120,2021Q3新能源板块总结：光伏持续分化，龙头恒强，风电一超多强,非个股,一般报告,东吴证券,"曾朵红,陈瑶,郭亚男",2023Q4,,,,1260433.492,2.8,,,,,买入,,
600438.SH,通威股份,20211120,2021Q3新能源板块总结：光伏持续分化，龙头恒强，风电一超多强,非个股,一般报告,东吴证券,"曾朵红,陈瑶,郭亚男",2022Q4,,,,1201913.365,2.67,,,,,买入,,
600438.SH,通威股份,20211120,2021Q3新能源板块总结：光伏持续分化，龙头恒强，风电一超多强,非个股,一般报告,东吴证券,"曾朵红,陈瑶,郭亚男",2021Q4,,,,846291.059,1.88,,,,,买入,,
600919.SH,江苏银行,20211120,银行角度看央行3季度货币报告：结构因素驱动贷款利率环比回升,非个股,一般报告,中泰证券,"戴志锋,邓美君,贾靖",2023Q4,,,,2540375.747,1.72,,,,,买入,,
600919.SH,江苏银行,20211120,银行角度看央行3季度货币报告：结构因素驱动贷款利率环比回升,非个股,一般报告,中泰证券,"戴志锋,邓美君,贾靖",2022Q4,,,,2185904.712,1.48,,,,,买入,,
600919.SH,江苏银行,20211120,银行角度看央行3季度货币报告：结构因素驱动贷款利率环比回升,非个股,一般报告,中泰证券,"戴志锋,邓美君,贾靖",2021Q4,,,,1875742.557,1.27,,,,,买入,,
603456.SH,九洲药业,20211120,九洲药业：国内领先医药制造企业，CDMO业务快速发展,一般,首次关注,中金,"刘锡源,张琎,邹朋",2022Q4,476600.0,183800.0,101600.0,86400.0,1.04,52.1,1.1,22.6,34.2,跑赢行业,,59.25
688981.SH,中芯国际,20211120,中芯国际：3Q21产品结构持续优化／2022进一步积极扩张,点评,一般报告,中金,"李学来,胡炯益,成乔升",2021Q4,3835700.0,1260600.0,1110900.0,1044000.0,1.32,41.4,0.0,9.9,18.2,跑赢行业,,88.0
002243.SZ,力合科创,20211120,力合科创首次覆盖报告：科创服务龙头，开辟抗新冠病毒材料产业,一般,首次评级,国泰君安,"刘越男,陈笑",2023Q4,326700.0,119200.0,,73600.0,0.61,16.64,4.9,9.5,22.37,增持,,14.9
002243.SZ,力合科创,20211120,力合科创首次覆盖报告：科创服务龙头，开辟抗新冠病毒材料产业,一般,首次评级,国泰君安,"刘越男,陈笑",2021Q4,253500.0,93000.0,,54100.0,0.45,22.64,4.2,8.5,27.08,增持,,14.9
688661.SH,和林微纳,20211120,和林微纳：布局高端探针切入前端测试，打破海外垄断实现国产替代,点评,一般报告,上海证券,陈宇哲,2023Q4,76300.0,,27200.0,23100.0,2.89,38.52,,32.2,28.86,买入,,
688661.SH,和林微纳,20211120,和林微纳：布局高端探针切入前端测试，打破海外垄断实现国产替代,点评,一般报告,上海证券,陈宇哲,2022Q4,58600.0,,21300.0,18100.0,2.27,49.19,,37.1,37.48,买入,,
688661.SH,和林微纳,20211120,和林微纳：布局高端探针切入前端测试，打破海外垄断实现国产替代,点评,一般报告,上海证券,陈宇哲,2021Q4,42000.0,,14700.0,12500.0,1.56,71.48,,40.6,54.98,买入,,
300911.SZ,亿田智能,20211120,亿田智能：除旧布新，如日方升（家电成长股系列研究一）,深度,首次评级,天风证券,"孙谦,宗艳",2023Q4,206579.0,94902.0,44119.0,38697.0,3.58,19.05,,21.93,11.7,买入,,89.0
300911.SZ,亿田智能,20211120,亿田智能：除旧布新，如日方升（家电成长股系列研究一）,深度,首次评级,天风证券,"孙谦,宗艳",2022Q4,157718.0,72377.0,34230.0,30023.0,2.78,24.56,,20.52,17.23,买入,,89.0
300911.SZ,亿田智能,20211120,亿田智能：除旧布新，如日方升（家电成长股系列研究一）,深度,首次评级,天风证券,"孙谦,宗艳",2021Q4,116142.0,53181.0,25926.0,22741.0,2.1,32.42,,18.76,23.24,买入,,89.0
688559.SH,海目星,20211120,海目星点评报告：中航锂电产能规划大幅上调；行业景气度持续提升,点评,一般报告,浙商证券,"王华君,何家恺",2023Q4,547900.0,,73800.0,67000.0,3.35,16.41,,30.8,13.28,买入,,
688559.SH,海目星,20211120,海目星点评报告：中航锂电产能规划大幅上调；行业景气度持续提升,点评,一般报告,浙商证券,"王华君,何家恺",2022Q4,370000.0,,37700.0,33800.0,1.69,32.53,,20.23,24.45,买入,,
688559.SH,海目星,20211120,海目星点评报告：中航锂电产能规划大幅上调；行业景气度持续提升,点评,一般报告,浙商证券,"王华君,何家恺",2021Q4,201500.0,,13700.0,12200.0,0.61,90.18,,8.46,54.9,买入,,
601996.SH,丰林集团,20211120,丰林集团：成本压力暂时上升，保持稳健拓展步伐,点评,一般报告,国泰君安,"鲍雁辛,穆方舟,花健祎",2023Q4,273200.0,,,24800.0,0.22,13.97,3.5,7.7,10.29,增持,,4.09
601996.SH,丰林集团,20211120,丰林集团：成本压力暂时上升，保持稳健拓展步伐,点评,一般报告,国泰君安,"鲍雁辛,穆方舟,花健祎",2022Q4,230000.0,,,20200.0,0.18,17.14,2.9,6.6,11.85,增持,,4.09
601996.SH,丰林集团,20211120,丰林集团：成本压力暂时上升，保持稳健拓展步伐,点评,一般报告,国泰君安,"鲍雁辛,穆方舟,花健祎",2021Q4,200800.0,,,15100.0,0.13,22.94,2.0,5.1,14.81,增持,,4.09
600416.SH,湘电股份,20211120,湘电股份：更换高管，是管理机制理顺、聚焦军工平台的第一步,点评,一般报告,国盛证券,余平,2023Q4,730900.0,,64700.0,49600.0,0.43,41.3,,12.6,19.7,买入,,
600416.SH,湘电股份,20211120,湘电股份：更换高管，是管理机制理顺、聚焦军工平台的第一步,点评,一般报告,国盛证券,余平,2022Q4,563800.0,,43200.0,34900.0,0.3,58.7,,9.6,27.9,买入,,
600416.SH,湘电股份,20211120,湘电股份：更换高管，是管理机制理顺、聚焦军工平台的第一步,点评,一般报告,国盛证券,余平,2021Q4,418700.0,,16400.0,13100.0,0.1134,155.9,,4.0,42.6,买入,,
002612.SZ,朗姿股份,20211120,朗姿股份跟踪点评：再设医美投资基金，全国化布局高速推进,点评,一般报告,浙商证券,"马莉,王长龙,詹陆雨,汤秀洁,周明蕊",2023Q4,479600.0,,50300.0,43160.0,0.98,38.0,,10.4,26.6,增持,,
002612.SZ,朗姿股份,20211120,朗姿股份跟踪点评：再设医美投资基金，全国化布局高速推进,点评,一般报告,浙商证券,"马莉,王长龙,詹陆雨,汤秀洁,周明蕊",2022Q4,420000.0,,36700.0,32220.0,0.73,50.9,,8.3,34.3,增持,,
002612.SZ,朗姿股份,20211120,朗姿股份跟踪点评：再设医美投资基金，全国化布局高速推进,点评,一般报告,浙商证券,"马莉,王长龙,詹陆雨,汤秀洁,周明蕊",2021Q4,360900.0,,24100.0,23490.0,0.53,69.9,,6.4,46.5,增持,,
002243.SZ,力合科创,20211120,力合科创首次覆盖报告：科创服务龙头，开辟抗新冠病毒材料产业,一般,首次评级,国泰君安,"刘越男,陈笑",2022Q4,292200.0,106900.0,,64400.0,0.53,19.02,4.7,9.2,24.22,增持,,14.9
002027.SZ,分众传媒,20211120,分众传媒：整装待发盼春来,一般,一般报告,中金,"张雪晴,余歆瑶",2023Q4,2164000.0,,,917000.0,,,,,,跑赢行业,,12.6
002050.SZ,三花智控,20211119,三花智控：负面因素逐渐消散，四季度起盈利水准有望回暖,点评,首份报告,辉立证券,章晶,2023Q4,2291700.0,683600.0,359000.0,303900.0,0.85,,1.7,22.7,,买入,,28.8
002050.SZ,三花智控,20211119,三花智控：负面因素逐渐消散，四季度起盈利水准有望回暖,点评,首份报告,辉立证券,章晶,2022Q4,1867000.0,550800.0,288200.0,251800.0,0.7,,1.3,21.2,,买入,,28.8
002050.SZ,三花智控,20211119,三花智控：负面因素逐渐消散，四季度起盈利水准有望回暖,点评,首份报告,辉立证券,章晶,2021Q4,1583200.0,449200.0,213300.0,182300.0,0.51,,0.9,17.2,,买入,,28.8
920167.BJ,同享科技,20211119,同享科技：Q3盈利能力波动，光伏焊带领军企业成长强劲（更新）,点评,首次评级,中信建投,朱玥,2021Q4,88600.0,,,6200.0,,39.0,,,,买入,,
920167.BJ,同享科技,20211119,同享科技：Q3盈利能力波动，光伏焊带领军企业成长强劲（更新）,点评,首次评级,中信建投,朱玥,2023Q4,136700.0,,,10400.0,,23.0,,,,买入,,
920167.BJ,同享科技,20211119,同享科技：Q3盈利能力波动，光伏焊带领军企业成长强劲（更新）,点评,首次评级,中信建投,朱玥,2022Q4,109300.0,,,8400.0,,29.0,,,,买入,,
002739.SZ,万达电影,20211119,传媒：市场需求乏力、Q3业绩环比下滑，关注游戏板块拐点,非个股,一般报告,财信证券,"何晨,曹俊杰",2022Q4,,,,115997.706,0.52,,,,,谨慎推荐,,
002739.SZ,万达电影,20211119,传媒：市场需求乏力、Q3业绩环比下滑，关注游戏板块拐点,非个股,一般报告,财信证券,"何晨,曹俊杰",2021Q4,,,,44614.502,0.2,,,,,谨慎推荐,,
601098.SH,中南传媒,20211119,传媒：市场需求乏力、Q3业绩环比下滑，关注游戏板块拐点,非个股,一般报告,财信证券,"何晨,曹俊杰",2022Q4,,,,172416.0,0.96,,,,,谨慎推荐,,
601098.SH,中南传媒,20211119,传媒：市场需求乏力、Q3业绩环比下滑，关注游戏板块拐点,非个股,一般报告,财信证券,"何晨,曹俊杰",2021Q4,,,,156252.0,0.87,,,,,谨慎推荐,,
688682.SH,霍莱沃,20211119,霍莱沃首次覆盖报告：电磁技术领航者，高景气快速成长,一般,首次关注,国元证券,"耿军军,陈图南",2022Q4,42897.0,,9405.0,8588.0,2.32,54.99,,12.38,47.0,买入,,168.0
688682.SH,霍莱沃,20211119,霍莱沃首次覆盖报告：电磁技术领航者，高景气快速成长,一般,首次关注,国元证券,"耿军军,陈图南",2023Q4,57576.0,,12862.0,11736.0,3.17,40.24,,15.22,34.53,买入,,168.0
688682.SH,霍莱沃,20211119,霍莱沃首次覆盖报告：电磁技术领航者，高景气快速成长,一般,首次关注,国元证券,"耿军军,陈图南",2021Q4,31504.0,,6816.0,6227.0,1.68,75.84,,9.79,64.26,买入,,168.0
688105.SH,诺唯赞,20211119,诺唯赞：分子类生物试剂领军企业，产业链优势打破进口垄断,一般,首次关注,德邦证券,"陈铁林,张俊",2023Q4,208980.0,,104800.0,91900.0,2.3,42.21,0.0,24.8,33.48,增持,,
688105.SH,诺唯赞,20211119,诺唯赞：分子类生物试剂领军企业，产业链优势打破进口垄断,一般,首次关注,德邦证券,"陈铁林,张俊",2022Q4,165700.0,,80500.0,70600.0,1.76,54.96,0.0,25.4,42.81,增持,,
300986.SZ,志特新材,20211119,志特新材：竞争力突出的铝模龙头，正处于快速扩张期,深度,首次关注,广发证券,"邹戈,巨国贤,谢璐,李超",2023Q4,260436.0,,48100.0,36800.0,3.14,19.58,,16.1,6.05,买入,,70.56
300986.SZ,志特新材,20211119,志特新材：竞争力突出的铝模龙头，正处于快速扩张期,深度,首次关注,广发证券,"邹戈,巨国贤,谢璐,李超",2022Q4,194374.0,,36000.0,27500.0,2.35,26.16,,16.1,7.34,买入,,70.56
688105.SH,诺唯赞,20211119,诺唯赞：分子类生物试剂领军企业，产业链优势打破进口垄断,一般,首次关注,德邦证券,"陈铁林,张俊",2021Q4,164480.0,,85000.0,74500.0,1.86,52.06,0.0,35.9,40.7,增持,,
300986.SZ,志特新材,20211119,志特新材：竞争力突出的铝模龙头，正处于快速扩张期,深度,首次关注,广发证券,"邹戈,巨国贤,谢璐,李超",2021Q4,145543.0,,21800.0,16500.0,1.41,43.62,,12.4,9.26,买入,,70.56
600522.SH,中天科技,20211119,通信：看好制造中游，拥抱新能源,非个股,一般报告,中信建投,"阎贵成,武超则,刘永旭,孟东晖",2023Q4,,,,480400.0,1.567,,,,,买入,,
600522.SH,中天科技,20211119,通信：看好制造中游，拥抱新能源,非个股,一般报告,中信建投,"阎贵成,武超则,刘永旭,孟东晖",2022Q4,,,,381800.0,1.245,,,,,买入,,
002402.SZ,和而泰,20211119,通信：看好制造中游，拥抱新能源,非个股,一般报告,中信建投,"阎贵成,武超则,刘永旭,孟东晖",2023Q4,,,,110900.0,1.213,,,,,无,,
002402.SZ,和而泰,20211119,通信：看好制造中游，拥抱新能源,非个股,一般报告,中信建投,"阎贵成,武超则,刘永旭,孟东晖",2022Q4,,,,80500.0,0.881,,,,,无,,
002402.SZ,和而泰,20211119,通信：看好制造中游，拥抱新能源,非个股,一般报告,中信建投,"阎贵成,武超则,刘永旭,孟东晖",2021Q4,,,,59500.0,0.651,,,,,无,,
600522.SH,中天科技,20211119,通信：看好制造中游，拥抱新能源,非个股,一般报告,中信建投,"阎贵成,武超则,刘永旭,孟东晖",2021Q4,,,,13800.0,0.045,,,,,买入,,
603078.SH,江化微,20211119,江化微：战略引入国资控股，提升公司综合实力,点评,一般报告,财信证券,周策,2023Q4,209109.0,,25967.0,22057.0,1.13,26.49,,16.0,15.71,谨慎推荐,,
603078.SH,江化微,20211119,江化微：战略引入国资控股，提升公司综合实力,点评,一般报告,财信证券,周策,2022Q4,159985.0,,18743.0,15855.0,0.81,36.86,,13.0,19.81,谨慎推荐,,
603078.SH,江化微,20211119,江化微：战略引入国资控股，提升公司综合实力,点评,一般报告,财信证券,周策,2021Q4,78011.0,,5859.0,4794.0,0.24,121.89,,4.0,29.05,谨慎推荐,,
603939.SH,益丰药房,20211119,益丰药房：利润增长超预期，毛利率持续优化,点评,一般报告,招商证券,"许菲菲,孙炜,方秋实",2023Q4,2410200.0,,223800.0,147100.0,2.05,23.0,,17.2,10.2,强烈推荐,,
603939.SH,益丰药房,20211119,益丰药房：利润增长超预期，毛利率持续优化,点评,一般报告,招商证券,"许菲菲,孙炜,方秋实",2022Q4,1932000.0,,177800.0,117000.0,1.63,28.9,,15.9,12.3,强烈推荐,,
603883.SH,老百姓,20211119,老百姓：疫情下业绩压力尚存，毛利端同比改善,点评,一般报告,招商证券,"许菲菲,孙炜,方秋实",2022Q4,1924900.0,,127800.0,82900.0,2.03,21.6,,15.1,12.2,强烈推荐,,
603233.SH,大参林,20211119,大参林：业绩短期放缓，数字化赋能长期布局,点评,一般报告,招商证券,"许菲菲,孙炜,方秋实",2023Q4,2682500.0,,237500.0,174100.0,2.21,16.4,,21.6,21.4,强烈推荐,,
603233.SH,大参林,20211119,大参林：业绩短期放缓，数字化赋能长期布局,点评,一般报告,招商证券,"许菲菲,孙炜,方秋实",2022Q4,2182800.0,,186800.0,137000.0,1.74,20.8,,19.7,26.5,强烈推荐,,
002727.SZ,一心堂,20211119,一心堂：深耕川渝布局，盈利效率稳步提升,点评,一般报告,招商证券,"许菲菲,孙炜,方秋实",2021Q4,1470400.0,,121200.0,99800.0,1.67,20.6,,15.2,16.6,强烈推荐,,
002727.SZ,一心堂,20211119,一心堂：深耕川渝布局，盈利效率稳步提升,点评,一般报告,招商证券,"许菲菲,孙炜,方秋实",2023Q4,2091900.0,,188700.0,155100.0,2.6,13.3,,17.8,10.9,强烈推荐,,
002727.SZ,一心堂,20211119,一心堂：深耕川渝布局，盈利效率稳步提升,点评,一般报告,招商证券,"许菲菲,孙炜,方秋实",2022Q4,1764700.0,,151500.0,124700.0,2.09,16.5,,16.5,13.4,强烈推荐,,
603883.SH,老百姓,20211119,老百姓：疫情下业绩压力尚存，毛利端同比改善,点评,一般报告,招商证券,"许菲菲,孙炜,方秋实",2023Q4,2304100.0,,154300.0,100100.0,2.45,17.9,,15.9,10.7,强烈推荐,,
603939.SH,益丰药房,20211119,益丰药房：利润增长超预期，毛利率持续优化,点评,一般报告,招商证券,"许菲菲,孙炜,方秋实",2021Q4,1527700.0,,139500.0,91900.0,1.28,36.7,,14.3,14.7,强烈推荐,,
603883.SH,老百姓,20211119,老百姓：疫情下业绩压力尚存，毛利端同比改善,点评,一般报告,招商证券,"许菲菲,孙炜,方秋实",2021Q4,1559500.0,,106500.0,69100.0,1.69,26.0,,14.3,13.7,强烈推荐,,
603233.SH,大参林,20211119,大参林：业绩短期放缓，数字化赋能长期布局,点评,一般报告,招商证券,"许菲菲,孙炜,方秋实",2021Q4,1727900.0,,145300.0,106700.0,1.35,26.7,,17.6,33.1,强烈推荐,,
920925.BJ,锦好医疗,20211119,锦好医疗：助听器领域优质企业,一般,首次关注,华鑫证券,"杜永宏,陈成",2023Q4,33700.0,,9500.0,8200.0,1.746,10.3,,32.4,,审慎推荐,,
920925.BJ,锦好医疗,20211119,锦好医疗：助听器领域优质企业,一般,首次关注,华鑫证券,"杜永宏,陈成",2022Q4,26500.0,,7200.0,6200.0,1.32,13.6,,31.8,,审慎推荐,,
920925.BJ,锦好医疗,20211119,锦好医疗：助听器领域优质企业,一般,首次关注,华鑫证券,"杜永宏,陈成",2021Q4,21300.0,,5200.0,4500.0,0.958,18.7,,29.7,,审慎推荐,,
000776.SZ,广发证券,20211119,广发证券首次覆盖报告：投行风险出清，资管驱动增长,深度,首次关注,浙商证券,"邱冠华,梁凤洁,洪希柠",2023Q4,5043200.0,,2277500.0,1642800.0,2.16,,,13.09,,买入,,26.16
000776.SZ,广发证券,20211119,广发证券首次覆盖报告：投行风险出清，资管驱动增长,深度,首次关注,浙商证券,"邱冠华,梁凤洁,洪希柠",2022Q4,4311600.0,,1974400.0,1439900.0,1.89,,,12.6,,买入,,26.16
000776.SZ,广发证券,20211119,广发证券首次覆盖报告：投行风险出清，资管驱动增长,深度,首次关注,浙商证券,"邱冠华,梁凤洁,洪希柠",2021Q4,3520600.0,,1620800.0,1188400.0,1.56,,,11.44,,买入,,26.16
688689.SH,银河微电,20211119,银河微电：车规IDM功率器件积极布局,点评,一般报告,方正证券,陈杭,2023Q4,120000.0,,24800.0,22200.0,1.73,27.79,,14.7,16.95,推荐,,
688689.SH,银河微电,20211119,银河微电：车规IDM功率器件积极布局,点评,一般报告,方正证券,陈杭,2022Q4,97000.0,,20200.0,18100.0,1.41,34.11,,14.04,21.56,推荐,,
688689.SH,银河微电,20211119,银河微电：车规IDM功率器件积极布局,点评,一般报告,方正证券,陈杭,2021Q4,80000.0,,16300.0,14600.0,1.14,42.33,,13.16,27.52,推荐,,
002643.SZ,万润股份,20211119,化工：新能源变革下的化工新材料大机会,非个股,一般报告,国盛证券,"王席鑫,孙琦祥,罗雅婷",2023Q4,,,,102000.0,1.096,,,,,买入,,
002643.SZ,万润股份,20211119,化工：新能源变革下的化工新材料大机会,非个股,一般报告,国盛证券,"王席鑫,孙琦祥,罗雅婷",2022Q4,,,,85000.0,0.914,,,,,买入,,
002643.SZ,万润股份,20211119,化工：新能源变革下的化工新材料大机会,非个股,一般报告,国盛证券,"王席鑫,孙琦祥,罗雅婷",2021Q4,,,,69000.0,0.742,,,,,买入,,
605180.SH,华生科技,20211119,大消费行业：弱水三千，优中择优──浙商大消费掘金小而美系列一,非个股,一般报告,浙商证券,无,2023Q4,109000.0,,,32000.0,3.2,,,,,无,,
605180.SH,华生科技,20211119,大消费行业：弱水三千，优中择优──浙商大消费掘金小而美系列一,非个股,一般报告,浙商证券,无,2022Q4,88000.0,,,26000.0,2.6,,,,,无,,
605180.SH,华生科技,20211119,大消费行业：弱水三千，优中择优──浙商大消费掘金小而美系列一,非个股,一般报告,浙商证券,无,2021Q4,68000.0,,,21000.0,2.1,,,,,无,,
605080.SH,浙江自然,20211119,大消费行业：弱水三千，优中择优──浙商大消费掘金小而美系列一,非个股,一般报告,浙商证券,无,2023Q4,158000.0,,,42000.0,4.153,,,,,无,,
605080.SH,浙江自然,20211119,大消费行业：弱水三千，优中择优──浙商大消费掘金小而美系列一,非个股,一般报告,浙商证券,无,2022Q4,115000.0,,,31000.0,3.066,,,,,无,,
601012.SH,隆基股份,20211119,隆基股份跟踪点评：波动中基本面扎实，综合竞争力持续加强,点评,一般报告,长江证券,"马军,邬博华,杨骕",2023Q4,15731000.0,3086800.0,2355900.0,2038100.0,3.77,24.41,,22.8,12.09,买入,,
601012.SH,隆基股份,20211119,隆基股份跟踪点评：波动中基本面扎实，综合竞争力持续加强,点评,一般报告,长江证券,"马军,邬博华,杨骕",2022Q4,14862900.0,2534200.0,1736500.0,1502300.0,2.78,33.11,,22.8,16.13,买入,,
601012.SH,隆基股份,20211119,隆基股份跟踪点评：波动中基本面扎实，综合竞争力持续加强,点评,一般报告,长江证券,"马军,邬博华,杨骕",2021Q4,8608200.0,1698500.0,1224200.0,1059100.0,1.96,46.96,,22.1,22.87,买入,,
605080.SH,浙江自然,20211119,大消费行业：弱水三千，优中择优──浙商大消费掘金小而美系列一,非个股,一般报告,浙商证券,无,2021Q4,84000.0,,,23000.0,2.274,,,,,无,,
603558.SH,健盛集团,20211119,大消费行业：弱水三千，优中择优──浙商大消费掘金小而美系列一,非个股,一般报告,浙商证券,无,2023Q4,300000.0,,,46000.0,1.171,,,,,无,,
603558.SH,健盛集团,20211119,大消费行业：弱水三千，优中择优──浙商大消费掘金小而美系列一,非个股,一般报告,浙商证券,无,2022Q4,238000.0,,,35000.0,0.891,,,,,无,,
603558.SH,健盛集团,20211119,大消费行业：弱水三千，优中择优──浙商大消费掘金小而美系列一,非个股,一般报告,浙商证券,无,2021Q4,198000.0,,,23000.0,0.585,,,,,无,,
002157.SZ,正邦科技,20211119,正邦科技：资金状况有望改善，长期出栏弹性可期,点评,一般报告,国泰君安,"钟凯锋,王艳君",2023Q4,,,,,0.99,,,,,增持,,22.58
002157.SZ,正邦科技,20211119,正邦科技：资金状况有望改善，长期出栏弹性可期,点评,一般报告,国泰君安,"钟凯锋,王艳君",2022Q4,,,,,0.31,,,,,增持,,22.58
002157.SZ,正邦科技,20211119,正邦科技：资金状况有望改善，长期出栏弹性可期,点评,一般报告,国泰君安,"钟凯锋,王艳君",2021Q4,,,,,-2.85,,,,,增持,,22.58
300855.SZ,图南股份,20211119,图南股份：布局高温合金“材料＋精铸”，拥有航发爆款单品的稀缺性企业,一般,首次关注,国盛证券,"余平,王琪",2023Q4,115914.0,,39800.0,34600.0,1.73,36.5,,19.4,26.9,买入,,
300855.SZ,图南股份,20211119,图南股份：布局高温合金“材料＋精铸”，拥有航发爆款单品的稀缺性企业,一般,首次关注,国盛证券,"余平,王琪",2022Q4,93182.0,,29300.0,25500.0,1.27,49.5,,17.6,36.5,买入,,
300855.SZ,图南股份,20211119,图南股份：布局高温合金“材料＋精铸”，拥有航发爆款单品的稀缺性企业,一般,首次关注,国盛证券,"余平,王琪",2021Q4,72833.0,,20800.0,18100.0,0.9,70.0,,15.0,52.3,买入,,
300196.SZ,长海股份,20211119,长海股份：新产线完善产业链，后发优势助力快发展,点评,一般报告,东兴证券,赵军胜,2023Q4,423698.0,,101800.0,89595.0,2.19,8.36,,22.65,5.98,强烈推荐,,
300196.SZ,长海股份,20211119,长海股份：新产线完善产业链，后发优势助力快发展,点评,一般报告,东兴证券,赵军胜,2022Q4,358241.0,,82500.0,72637.0,1.78,10.31,,20.71,7.21,强烈推荐,,
300196.SZ,长海股份,20211119,长海股份：新产线完善产业链，后发优势助力快发展,点评,一般报告,东兴证券,赵军胜,2021Q4,267921.0,,63700.0,56051.0,1.37,13.36,,17.82,8.99,强烈推荐,,
601111.SH,中国国航,20211119,中国国航：新航季航网再优化，长期盈利上行可观,点评,一般报告,国泰君安,"岳鑫,王凯婕",2023Q4,15549400.0,,,899400.0,0.62,13.6,2.2,12.2,6.2,增持,,10.73
601111.SH,中国国航,20211119,中国国航：新航季航网再优化，长期盈利上行可观,点评,一般报告,国泰君安,"岳鑫,王凯婕",2022Q4,12548700.0,,,372600.0,0.26,32.8,0.3,5.5,8.1,增持,,10.73
601111.SH,中国国航,20211119,中国国航：新航季航网再优化，长期盈利上行可观,点评,一般报告,国泰君安,"岳鑫,王凯婕",2021Q4,7475900.0,,,-1366800.0,-0.94,,0.0,-21.4,62.4,增持,,10.73
600115.SH,中国东航,20211119,中国东航：十四五飞机引入放缓，行业长期拐点可期,点评,一般报告,国泰君安,"岳鑫,王凯婕",2023Q4,13650100.0,,,604500.0,0.32,15.3,2.0,10.0,4.2,增持,,5.9
600115.SH,中国东航,20211119,中国东航：十四五飞机引入放缓，行业长期拐点可期,点评,一般报告,国泰君安,"岳鑫,王凯婕",2022Q4,11880300.0,,,309600.0,0.16,29.9,0.7,5.5,5.7,增持,,5.9
600115.SH,中国东航,20211119,中国东航：十四五飞机引入放缓，行业长期拐点可期,点评,一般报告,国泰君安,"岳鑫,王凯婕",2021Q4,6646400.0,,,-1109600.0,-0.59,,0.0,-20.6,39.7,增持,,5.9
002961.SZ,瑞达期货,20211119,瑞达期货公司深度报告：稳定经纪业务构建坚实基础，CTA资管优势铸就增长尖兵,深度,首次关注,海通证券,"孙婷,曹锟",2022Q4,363800.0,,127500.0,94700.0,2.13,10.7,,30.2,,优于大市,,
002961.SZ,瑞达期货,20211119,瑞达期货公司深度报告：稳定经纪业务构建坚实基础，CTA资管优势铸就增长尖兵,深度,首次关注,海通证券,"孙婷,曹锟",2021Q4,238500.0,,75900.0,56500.0,1.27,17.92,,23.3,,优于大市,,
603601.SH,再升科技,20211119,再升科技公司研究报告：咬定青山，细水长流,一般,首次评级,海通证券,"冯晨阳,潘莹练,申浩",2023Q4,308700.0,,51800.0,51100.0,0.7,17.19,1.7,19.2,13.18,优于大市,,
603601.SH,再升科技,20211119,再升科技公司研究报告：咬定青山，细水长流,一般,首次评级,海通证券,"冯晨阳,潘莹练,申浩",2022Q4,237200.0,,37800.0,37300.0,0.51,23.52,1.3,16.2,17.83,优于大市,,
603601.SH,再升科技,20211119,再升科技公司研究报告：咬定青山，细水长流,一般,首次评级,海通证券,"冯晨阳,潘莹练,申浩",2021Q4,172800.0,,27100.0,26900.0,0.37,32.68,0.9,13.1,23.97,优于大市,,
300428.SZ,立中集团,20211119,立中集团投资价值分析报告：三大业务协同发展，进军锂电材料未来可期,深度,首次评级,中信证券,"袁健聪,李超,黄耀庭,肖锐",2024Q4,4143000.0,534000.0,,,,,,,,买入,,32.4
300428.SZ,立中集团,20211119,立中集团投资价值分析报告：三大业务协同发展，进军锂电材料未来可期,深度,首次评级,中信证券,"袁健聪,李超,黄耀庭,肖锐",2022Q4,3023912.0,,82900.0,66735.0,1.08,18.1,,11.48,12.7,买入,,32.4
300428.SZ,立中集团,20211119,立中集团投资价值分析报告：三大业务协同发展，进军锂电材料未来可期,深度,首次评级,中信证券,"袁健聪,李超,黄耀庭,肖锐",2021Q4,2564852.0,,56100.0,45319.0,0.73,26.8,,8.71,17.9,买入,,32.4
002961.SZ,瑞达期货,20211119,瑞达期货公司深度报告：稳定经纪业务构建坚实基础，CTA资管优势铸就增长尖兵,深度,首次关注,海通证券,"孙婷,曹锟",2023Q4,514200.0,,194400.0,144500.0,3.25,7.01,,34.1,,优于大市,,
300428.SZ,立中集团,20211119,立中集团投资价值分析报告：三大业务协同发展，进军锂电材料未来可期,深度,首次评级,中信证券,"袁健聪,李超,黄耀庭,肖锐",2023Q4,3554699.0,,124000.0,98116.0,1.59,12.3,,14.61,9.4,买入,,32.4
601021.SH,春秋航空,20211119,交通运输物流2022年策略：物流蓝海，百舸争流；航空改善、航运盘整,非个股,一般报告,中金,"杨鑫,冯启斌,赵欣悦,刘钢贤,曾靖珂,张文杰,吴其坤,杭程,李九璐",2023Q4,,,,260000.0,2.837,,,,,跑赢行业,,61.0
601021.SH,春秋航空,20211119,交通运输物流2022年策略：物流蓝海，百舸争流；航空改善、航运盘整,非个股,一般报告,中金,"杨鑫,冯启斌,赵欣悦,刘钢贤,曾靖珂,张文杰,吴其坤,杭程,李九璐",2022Q4,,,,187000.0,2.04,,,,,跑赢行业,,61.0
601021.SH,春秋航空,20211119,交通运输物流2022年策略：物流蓝海，百舸争流；航空改善、航运盘整,非个股,一般报告,中金,"杨鑫,冯启斌,赵欣悦,刘钢贤,曾靖珂,张文杰,吴其坤,杭程,李九璐",2021Q4,,,,26000.0,0.284,,,,,跑赢行业,,61.0
600115.SH,中国东航,20211119,交通运输物流2022年策略：物流蓝海，百舸争流；航空改善、航运盘整,非个股,一般报告,中金,"杨鑫,冯启斌,赵欣悦,刘钢贤,曾靖珂,张文杰,吴其坤,杭程,李九璐",2023Q4,,,,570000.0,0.302,,,,,跑赢行业,,5.8
600115.SH,中国东航,20211119,交通运输物流2022年策略：物流蓝海，百舸争流；航空改善、航运盘整,非个股,一般报告,中金,"杨鑫,冯启斌,赵欣悦,刘钢贤,曾靖珂,张文杰,吴其坤,杭程,李九璐",2021Q4,,,,-1110000.0,-0.588,,,,,跑赢行业,,5.8
600115.SH,中国东航,20211119,交通运输物流2022年策略：物流蓝海，百舸争流；航空改善、航运盘整,非个股,一般报告,中金,"杨鑫,冯启斌,赵欣悦,刘钢贤,曾靖珂,张文杰,吴其坤,杭程,李九璐",2022Q4,,,,380000.0,0.201,,,,,跑赢行业,,5.8
603596.SH,伯特利,20211119,国信证券晨会报告,非个股,一般报告,国信证券,"唐旭霞,戴仕远",2023Q4,,,,87300.0,2.137,,,,,增持,,
603596.SH,伯特利,20211119,国信证券晨会报告,非个股,一般报告,国信证券,"唐旭霞,戴仕远",2022Q4,,,,69800.0,1.709,,,,,增持,,
603596.SH,伯特利,20211119,国信证券晨会报告,非个股,一般报告,国信证券,"唐旭霞,戴仕远",2021Q4,,,,53300.0,1.305,,,,,增持,,
002060.SZ,粤水电,20211119,粤水电：签订42亿屋顶分布式光伏／储能／智慧停车等一体化框架协议,一般,一般报告,国泰君安,"韩其成,满静雅",2021Q4,1408800.0,,,,0.27,,,,,增持,,7.47
002060.SZ,粤水电,20211119,粤水电：签订42亿屋顶分布式光伏／储能／智慧停车等一体化框架协议,一般,一般报告,国泰君安,"韩其成,满静雅",2023Q4,1736500.0,,,,0.37,,,,,增持,,7.47
002060.SZ,粤水电,20211119,粤水电：签订42亿屋顶分布式光伏／储能／智慧停车等一体化框架协议,一般,一般报告,国泰君安,"韩其成,满静雅",2022Q4,1572700.0,,,,0.32,,,,,增持,,7.47
920077.BJ,吉林碳谷,20211119,吉林碳谷投资价值分析报告：碳纤维原丝龙头，立足核心优势跨越转折点,深度,首次关注,中信证券,王喆,2023Q4,194200.0,,65300.0,65200.0,2.05,22.6,,34.5,18.6,买入,,85.0
920077.BJ,吉林碳谷,20211119,吉林碳谷投资价值分析报告：碳纤维原丝龙头，立足核心优势跨越转折点,深度,首次关注,中信证券,王喆,2022Q4,142400.0,,45100.0,45100.0,1.41,32.7,,36.4,25.9,买入,,85.0
920077.BJ,吉林碳谷,20211119,吉林碳谷投资价值分析报告：碳纤维原丝龙头，立足核心优势跨越转折点,深度,首次关注,中信证券,王喆,2021Q4,101000.0,,24900.0,24800.0,0.78,59.3,,31.5,38.5,买入,,85.0
002225.SZ,濮耐股份,20211119,濮耐股份：产业链一体化继续打造当中,点评,一般报告,东兴证券,赵军胜,2023Q4,534578.0,,46332.0,39965.0,0.4,11.12,,10.34,6.82,强烈推荐,,
002225.SZ,濮耐股份,20211119,濮耐股份：产业链一体化继续打造当中,点评,一般报告,东兴证券,赵军胜,2022Q4,514925.0,,39485.0,34059.0,0.34,13.05,,9.83,7.94,强烈推荐,,
002225.SZ,濮耐股份,20211119,濮耐股份：产业链一体化继续打造当中,点评,一般报告,东兴证券,赵军胜,2021Q4,463529.0,,17411.0,15019.0,0.15,29.6,,4.81,13.03,强烈推荐,,
002142.SZ,宁波银行,20211119,宁波银行：配股落地夯实资本，盈利增长动能继续增强,点评,一般报告,广发证券,"倪军,屈俊,伍嘉慧",2023Q4,7959200.0,,3507400.0,3180200.0,5.293,7.4,2.88,19.78,,买入,,43.18
002142.SZ,宁波银行,20211119,宁波银行：配股落地夯实资本，盈利增长动能继续增强,点评,一般报告,广发证券,"倪军,屈俊,伍嘉慧",2021Q4,5377400.0,,2114700.0,1922000.0,3.199,12.4,1.74,16.33,,买入,,43.18
300057.SZ,万顺新材,20211119,万顺新材：锂电铝箔新锐乘风而起,深度,首次关注,广发证券,"巨国贤,李超",2023Q4,799157.0,,41400.0,31700.0,0.47,20.88,,4.6,12.05,买入,,11.46
300057.SZ,万顺新材,20211119,万顺新材：锂电铝箔新锐乘风而起,深度,首次关注,广发证券,"巨国贤,李超",2022Q4,702431.0,,33900.0,26000.0,0.38,25.42,,4.7,14.06,买入,,11.46
002142.SZ,宁波银行,20211119,宁波银行：配股落地夯实资本，盈利增长动能继续增强,点评,一般报告,广发证券,"倪军,屈俊,伍嘉慧",2022Q4,6684300.0,,2720900.0,2470300.0,4.112,9.6,2.24,18.01,,买入,,43.18
300057.SZ,万顺新材,20211119,万顺新材：锂电铝箔新锐乘风而起,深度,首次关注,广发证券,"巨国贤,李超",2021Q4,571620.0,,4200.0,3300.0,0.0484,203.4,,0.7,28.02,买入,,11.46
603868.SH,飞科电器,20211119,飞科电器：产品高端化升级，渠道改革推动业绩改善,调研,一般报告,国泰君安,"蔡雯娟,董昕瑞,樊夏俐",2023Q4,530700.0,,,95300.0,2.18,19.75,0.0,22.1,15.01,增持,,46.75
603868.SH,飞科电器,20211119,飞科电器：产品高端化升级，渠道改革推动业绩改善,调研,一般报告,国泰君安,"蔡雯娟,董昕瑞,樊夏俐",2022Q4,476000.0,,,81700.0,1.87,23.02,0.0,21.8,17.94,增持,,46.75
603868.SH,飞科电器,20211119,飞科电器：产品高端化升级，渠道改革推动业绩改善,调研,一般报告,国泰君安,"蔡雯娟,董昕瑞,樊夏俐",2021Q4,416900.0,,,70400.0,1.62,26.71,0.0,21.6,19.73,增持,,46.75
920260.BJ,中寰股份,20211119,中寰股份：专精特新储备军，倾力打造国内一流阀门设备供应商,点评,首份报告,海通证券,"佘炜超,赵靖博",2023Q4,26300.0,,6600.0,5400.0,1.08,21.11,0.0,10.9,11.08,无,,
920260.BJ,中寰股份,20211119,中寰股份：专精特新储备军，倾力打造国内一流阀门设备供应商,点评,首份报告,海通证券,"佘炜超,赵靖博",2022Q4,21500.0,,5600.0,4800.0,0.95,23.9,0.0,10.8,12.91,无,,
920260.BJ,中寰股份,20211119,中寰股份：专精特新储备军，倾力打造国内一流阀门设备供应商,点评,首份报告,海通证券,"佘炜超,赵靖博",2021Q4,16100.0,,4600.0,4000.0,0.8,28.57,0.0,10.1,15.42,无,,
688707.SH,振华新材,20211119,振华新材公司首次覆盖：扎根锂电，三元材料振兴未来,一般,首次关注,国泰君安,"庞钧文,石岩,牟俊宇",2022Q4,1100700.0,,,61700.0,1.39,35.13,0.6,18.2,24.73,增持,,58.3
688707.SH,振华新材,20211119,振华新材公司首次覆盖：扎根锂电，三元材料振兴未来,一般,首次关注,国泰君安,"庞钧文,石岩,牟俊宇",2021Q4,567300.0,,,39200.0,0.89,55.24,0.3,13.5,33.79,增持,,58.3
688299.SH,长阳科技,20211119,长阳科技：国内光学膜领先企业，打造高端膜材料平台,深度,首次关注,招商证券,"周铮,曹承安,赵晨曦",2023Q4,254500.0,,56000.0,48300.0,1.71,17.2,,18.8,13.9,强烈推荐,,
688299.SH,长阳科技,20211119,长阳科技：国内光学膜领先企业，打造高端膜材料平台,深度,首次关注,招商证券,"周铮,曹承安,赵晨曦",2022Q4,181700.0,,36600.0,31600.0,1.12,26.2,,14.5,20.4,强烈推荐,,
688299.SH,长阳科技,20211119,长阳科技：国内光学膜领先企业，打造高端膜材料平台,深度,首次关注,招商证券,"周铮,曹承安,赵晨曦",2021Q4,135200.0,,23600.0,20400.0,0.72,40.6,,10.6,29.5,强烈推荐,,
600233.SH,圆通速递,20211119,圆通速递：行业竞争阶段趋缓，盈利有望恢复增长,点评,一般报告,国泰君安,"岳鑫,郑武,张哲恺",2023Q4,6757600.0,,,256800.0,0.81,19.3,1.4,11.8,11.5,增持,,17.99
600233.SH,圆通速递,20211119,圆通速递：行业竞争阶段趋缓，盈利有望恢复增长,点评,一般报告,国泰君安,"岳鑫,郑武,张哲恺",2022Q4,5537900.0,,,211100.0,0.67,23.5,1.1,10.7,13.4,增持,,17.99
688707.SH,振华新材,20211119,振华新材公司首次覆盖：扎根锂电，三元材料振兴未来,一般,首次关注,国泰君安,"庞钧文,石岩,牟俊宇",2023Q4,1320500.0,,,80100.0,1.81,27.04,0.7,19.8,18.66,增持,,58.3
600233.SH,圆通速递,20211119,圆通速递：行业竞争阶段趋缓，盈利有望恢复增长,点评,一般报告,国泰君安,"岳鑫,郑武,张哲恺",2021Q4,4477100.0,,,153600.0,0.49,32.3,0.8,8.4,18.9,增持,,17.99
605108.SH,同庆楼,20211119,同庆楼：食品业务发力C端有望打造新增长曲线,点评,一般报告,天风证券,刘章明,2023Q4,261811.0,,44944.0,33708.0,1.3,13.45,,12.87,5.17,买入,,
605108.SH,同庆楼,20211119,同庆楼：食品业务发力C端有望打造新增长曲线,点评,一般报告,天风证券,刘章明,2022Q4,224474.0,,37188.0,27891.0,1.07,16.26,,12.1,7.53,买入,,
605108.SH,同庆楼,20211119,同庆楼：食品业务发力C端有望打造新增长曲线,点评,一般报告,天风证券,刘章明,2021Q4,187783.0,,18450.0,13768.0,0.53,32.93,,6.75,14.91,买入,,
002142.SZ,宁波银行,20211119,宁波银行：配股落地打开资产扩张空间,点评,一般报告,天风证券,"郭其伟,范清林",2023Q4,6870000.0,,3030000.0,2660000.0,4.42,8.6,,16.9,,买入,,49.45
002142.SZ,宁波银行,20211119,宁波银行：配股落地打开资产扩张空间,点评,一般报告,天风证券,"郭其伟,范清林",2022Q4,5900000.0,,2560000.0,2243600.0,3.73,10.21,,16.86,,买入,,49.45
002142.SZ,宁波银行,20211119,宁波银行：配股落地打开资产扩张空间,点评,一般报告,天风证券,"郭其伟,范清林",2021Q4,5050000.0,,2150000.0,1859600.0,3.1,12.32,,16.48,,买入,,49.45
603619.SH,中曼石油,20211119,中曼石油首次覆盖报告：从油田服务，进军勘探开发,一般,首次评级,天风证券,"张樨樨,李鲁靖",2023Q4,326843.0,,54664.0,43699.0,1.09,11.55,,15.48,7.27,增持,,16.35
603619.SH,中曼石油,20211119,中曼石油首次覆盖报告：从油田服务，进军勘探开发,一般,首次评级,天风证券,"张樨樨,李鲁靖",2022Q4,293408.0,,41207.0,32965.0,0.82,15.31,,13.82,9.45,增持,,16.35
600426.SH,华鲁恒升,20211119,华鲁恒升投资价值分析报告：布局产业转型，深化成本优势,深度,一般报告,光大证券,赵乃迪,2023Q4,2772800.0,,1047300.0,887100.0,4.2,6.8,3.8,25.07,3.7,买入,,42.32
600426.SH,华鲁恒升,20211119,华鲁恒升投资价值分析报告：布局产业转型，深化成本优势,深度,一般报告,光大证券,赵乃迪,2022Q4,2605800.0,,959200.0,812400.0,3.85,7.4,3.5,28.37,4.6,买入,,42.32
600426.SH,华鲁恒升,20211119,华鲁恒升投资价值分析报告：布局产业转型，深化成本优势,深度,一般报告,光大证券,赵乃迪,2021Q4,2424200.0,,873200.0,739600.0,3.5,8.1,3.1,33.05,5.6,买入,,42.32
603619.SH,中曼石油,20211119,中曼石油首次覆盖报告：从油田服务，进军勘探开发,一般,首次评级,天风证券,"张樨樨,李鲁靖",2021Q4,226281.0,,15284.0,12227.0,0.31,41.29,,5.95,17.06,增持,,16.35
603127.SH,昭衍新药,20211119,昭衍新药：国内安评CRO领军者，海外拓展与产业链延伸扩容成长空间,一般,首次关注,中金,"张琎,吴婉桦,邹朋",2023Q4,273400.0,144700.0,88900.0,77300.0,2.03,,,,,跑赢行业,,154.0
603127.SH,昭衍新药,20211119,昭衍新药：国内安评CRO领军者，海外拓展与产业链延伸扩容成长空间,一般,首次关注,中金,"张琎,吴婉桦,邹朋",2022Q4,206500.0,109400.0,69000.0,60000.0,1.58,85.2,0.5,8.3,67.3,跑赢行业,,154.0
603127.SH,昭衍新药,20211119,昭衍新药：国内安评CRO领军者，海外拓展与产业链延伸扩容成长空间,一般,首次关注,中金,"张琎,吴婉桦,邹朋",2021Q4,151800.0,83200.0,53100.0,46100.0,1.21,110.8,0.4,11.2,82.1,跑赢行业,,154.0
605589.SH,圣泉集团,20211119,圣泉集团公司研究报告：全球酚醛树脂龙头，扩产生物质化工，成长性可期,点评,首次关注,海通证券,"刘威,孙维容,邓勇",2023Q4,1282125.0,397766.0,167100.0,137300.0,1.77,21.41,0.5,13.2,13.17,优于大市,,
605589.SH,圣泉集团,20211119,圣泉集团公司研究报告：全球酚醛树脂龙头，扩产生物质化工，成长性可期,点评,首次关注,海通证券,"刘威,孙维容,邓勇",2022Q4,1074146.0,318313.0,119300.0,98000.0,1.26,30.0,0.4,10.8,16.91,优于大市,,
300019.SZ,硅宝科技,20211119,硅宝科技重大事项点评：成本下降凸显业绩高弹性，布局硅碳负极助力长期成长,点评,一般报告,中信证券,"李超,袁健聪,王喆,孙明新,柯迈",2023Q4,377913.0,,57500.0,50151.0,1.28,17.48,,18.25,14.31,买入,,27.6
300019.SZ,硅宝科技,20211119,硅宝科技重大事项点评：成本下降凸显业绩高弹性，布局硅碳负极助力长期成长,点评,一般报告,中信证券,"李超,袁健聪,王喆,孙明新,柯迈",2022Q4,310925.0,,44200.0,38590.0,0.99,22.72,,16.24,18.9,买入,,27.6
300019.SZ,硅宝科技,20211119,硅宝科技重大事项点评：成本下降凸显业绩高弹性，布局硅碳负极助力长期成长,点评,一般报告,中信证券,"李超,袁健聪,王喆,孙明新,柯迈",2021Q4,230742.0,,27400.0,23857.0,0.61,36.74,,11.57,30.04,买入,,27.6
605589.SH,圣泉集团,20211119,圣泉集团公司研究报告：全球酚醛树脂龙头，扩产生物质化工，成长性可期,点评,首次关注,海通证券,"刘威,孙维容,邓勇",2021Q4,947485.0,265283.0,85500.0,70200.0,0.91,41.85,0.3,8.6,21.17,优于大市,,
002001.SZ,新和成,20211119,新和成动态跟踪报告：“生物＋化工”平台逐步成型，VE迎来景气周期,点评,一般报告,光大证券,赵乃迪,2023Q4,1600800.0,,677500.0,573200.0,2.22,14.0,3.7,20.22,10.3,买入,,
002001.SZ,新和成,20211119,新和成动态跟踪报告：“生物＋化工”平台逐步成型，VE迎来景气周期,点评,一般报告,光大证券,赵乃迪,2022Q4,1442300.0,,603400.0,510300.0,1.98,15.0,3.3,20.28,11.6,买入,,
002001.SZ,新和成,20211119,新和成动态跟踪报告：“生物＋化工”平台逐步成型，VE迎来景气周期,点评,一般报告,光大证券,赵乃迪,2021Q4,1261200.0,,529400.0,447200.0,1.73,17.0,2.9,20.05,13.4,买入,,
301011.SZ,华立科技,20211119,华立科技：游戏游艺设备龙头，IP卡牌业务前景广阔,一般,首次关注,兴业证券,"刘嘉仁,王越",2023Q4,117700.0,,20500.0,18000.0,2.08,28.3,,16.5,,审慎增持,,
301011.SZ,华立科技,20211119,华立科技：游戏游艺设备龙头，IP卡牌业务前景广阔,一般,首次关注,兴业证券,"刘嘉仁,王越",2022Q4,90900.0,,14100.0,12400.0,1.43,41.2,,13.6,,审慎增持,,
301011.SZ,华立科技,20211119,华立科技：游戏游艺设备龙头，IP卡牌业务前景广阔,一般,首次关注,兴业证券,"刘嘉仁,王越",2021Q4,67500.0,,9100.0,8000.0,0.93,63.4,,10.2,,审慎增持,,
002531.SZ,天顺风能,20211118,电气设备：国内外政策共振，碳中和方向加码,非个股,一般报告,财信证券,杨甫,2022Q4,,,,214498.578,1.19,,,,,推荐,,
002531.SZ,天顺风能,20211118,电气设备：国内外政策共振，碳中和方向加码,非个股,一般报告,财信证券,杨甫,2021Q4,,,,138793.198,0.77,,,,,推荐,,
601865.SH,福莱特,20211118,电气设备：国内外政策共振，碳中和方向加码,非个股,一般报告,财信证券,杨甫,2022Q4,,,,319887.095,1.49,,,,,推荐,,
601865.SH,福莱特,20211118,电气设备：国内外政策共振，碳中和方向加码,非个股,一般报告,财信证券,杨甫,2021Q4,,,,234011.365,1.09,,,,,推荐,,
600885.SH,宏发股份,20211118,电气设备：国内外政策共振，碳中和方向加码,非个股,一般报告,财信证券,杨甫,2022Q4,,,,145973.264,1.96,,,,,推荐,,
600885.SH,宏发股份,20211118,电气设备：国内外政策共振，碳中和方向加码,非个股,一般报告,财信证券,杨甫,2021Q4,,,,114693.279,1.54,,,,,推荐,,
603606.SH,东方电缆,20211118,电气设备：国内外政策共振，碳中和方向加码,非个股,一般报告,财信证券,杨甫,2022Q4,,,,143914.778,2.14,,,,,推荐,,
603606.SH,东方电缆,20211118,电气设备：国内外政策共振，碳中和方向加码,非个股,一般报告,财信证券,杨甫,2021Q4,,,,139879.784,2.08,,,,,推荐,,
300993.SZ,玉马遮阳,20211118,玉马遮阳公司深度报告：建筑遮阳行业需求扩张，领先企业有望持续成长,深度,首份报告,长城证券,"濮阳,花江月",2023Q4,93970.0,,30265.0,26033.0,1.98,14.25,,20.8,10.01,增持,,
300993.SZ,玉马遮阳,20211118,玉马遮阳公司深度报告：建筑遮阳行业需求扩张，领先企业有望持续成长,深度,首份报告,长城证券,"濮阳,花江月",2022Q4,68591.0,,22435.0,19298.0,1.47,19.23,,19.4,13.52,增持,,
300993.SZ,玉马遮阳,20211118,玉马遮阳公司深度报告：建筑遮阳行业需求扩张，领先企业有望持续成长,深度,首份报告,长城证券,"濮阳,花江月",2021Q4,53179.0,,17604.0,15142.0,1.15,24.51,,18.9,17.91,增持,,
002594.SZ,比亚迪,20211118,汽车：供需错配待修复，属性变迁迎变局,非个股,一般报告,中信建投,"程似骐,何俊艺,陶亦然,杨耀先,马博硕",2023Q4,,,,1120000.0,3.847,,,,,买入,,
002594.SZ,比亚迪,20211118,汽车：供需错配待修复，属性变迁迎变局,非个股,一般报告,中信建投,"程似骐,何俊艺,陶亦然,杨耀先,马博硕",2022Q4,,,,890000.0,3.057,,,,,买入,,
002594.SZ,比亚迪,20211118,汽车：供需错配待修复，属性变迁迎变局,非个股,一般报告,中信建投,"程似骐,何俊艺,陶亦然,杨耀先,马博硕",2021Q4,,,,400000.0,1.374,,,,,买入,,
600577.SH,精达股份,20211118,汽车：供需错配待修复，属性变迁迎变局,非个股,一般报告,中信建投,"程似骐,何俊艺,陶亦然,杨耀先,马博硕",2023Q4,,,,130000.0,0.653,,,,,买入,,
600577.SH,精达股份,20211118,汽车：供需错配待修复，属性变迁迎变局,非个股,一般报告,中信建投,"程似骐,何俊艺,陶亦然,杨耀先,马博硕",2022Q4,,,,90000.0,0.452,,,,,买入,,
600577.SH,精达股份,20211118,汽车：供需错配待修复，属性变迁迎变局,非个股,一般报告,中信建投,"程似骐,何俊艺,陶亦然,杨耀先,马博硕",2021Q4,,,,60000.0,0.302,,,,,买入,,
300755.SZ,华致酒行,20211118,华致酒行公司动态点评：品质保证品牌力，珍酒线上销量喜人,点评,一般报告,长城证券,刘鹏,2022Q4,1157161.0,,139350.0,110188.0,2.64,17.07,,23.64,11.11,买入,,
300755.SZ,华致酒行,20211118,华致酒行公司动态点评：品质保证品牌力，珍酒线上销量喜人,点评,一般报告,长城证券,刘鹏,2021Q4,782388.0,,92113.0,72838.0,1.75,25.75,,19.25,16.8,买入,,
300755.SZ,华致酒行,20211118,华致酒行公司动态点评：品质保证品牌力，珍酒线上销量喜人,点评,一般报告,长城证券,刘鹏,2023Q4,1710508.0,,209800.0,165512.0,3.97,11.35,,25.07,7.62,买入,,
002840.SZ,华统股份,20211118,华统股份公司动态点评：积极响应国家战略部署，推动养殖业和电力产业深度融合发展,点评,一般报告,长城证券,刘鹏,2022Q4,1358590.0,,52917.0,42227.0,0.77,14.45,,15.86,9.17,买入,22.33,20.02
002840.SZ,华统股份,20211118,华统股份公司动态点评：积极响应国家战略部署，推动养殖业和电力产业深度融合发展,点评,一般报告,长城证券,刘鹏,2021Q4,1086872.0,,26344.0,21023.0,0.38,29.02,,9.69,14.98,买入,22.33,20.02
002840.SZ,华统股份,20211118,华统股份公司动态点评：积极响应国家战略部署，推动养殖业和电力产业深度融合发展,点评,一般报告,长城证券,刘鹏,2023Q4,1630308.0,,72757.0,58060.0,1.06,10.51,,18.14,6.74,买入,22.33,20.02
603369.SH,今世缘,20211118,今世缘深度报告：“缘”成基业，“开”“V”塑高端,深度,首次关注,德邦证券,"花小伟,邓周贵",2023Q4,955500.0,,400100.0,301100.0,2.4,23.97,1.7,23.5,16.63,增持,,
603369.SH,今世缘,20211118,今世缘深度报告：“缘”成基业，“开”“V”塑高端,深度,首次关注,德邦证券,"花小伟,邓周贵",2022Q4,796900.0,,329900.0,248300.0,1.98,29.08,1.4,22.5,20.37,增持,,
603369.SH,今世缘,20211118,今世缘深度报告：“缘”成基业，“开”“V”塑高端,深度,首次关注,德邦证券,"花小伟,邓周贵",2021Q4,648700.0,,262100.0,197300.0,1.57,36.6,1.0,20.7,26.4,增持,,
920167.BJ,同享科技,20211118,同享科技：Q3盈利能力波动，光伏焊带领军企业成长强劲,点评,首次关注,中信建投,朱玥,2023Q4,136700.0,,,10400.0,,23.0,,,,买入,,
920167.BJ,同享科技,20211118,同享科技：Q3盈利能力波动，光伏焊带领军企业成长强劲,点评,首次关注,中信建投,朱玥,2022Q4,109300.0,,,8400.0,,29.0,,,,买入,,
688100.SH,威胜信息,20211118,威胜信息：乘数字电网与数智城市东风，公司即将迎来黄金五年,深度,一般报告,招商证券,"余俊,张皓怡",2023Q4,354534.0,,84200.0,72200.0,1.44,19.5,,20.2,16.9,强烈推荐,,41.0
688100.SH,威胜信息,20211118,威胜信息：乘数字电网与数智城市东风，公司即将迎来黄金五年,深度,一般报告,招商证券,"余俊,张皓怡",2022Q4,254094.0,,59700.0,51200.0,1.02,27.6,,17.0,23.9,强烈推荐,,41.0
920167.BJ,同享科技,20211118,同享科技：Q3盈利能力波动，光伏焊带领军企业成长强劲,点评,首次关注,中信建投,朱玥,2021Q4,88600.0,,,6200.0,,39.0,,,,买入,,
688100.SH,威胜信息,20211118,威胜信息：乘数字电网与数智城市东风，公司即将迎来黄金五年,深度,一般报告,招商证券,"余俊,张皓怡",2021Q4,188183.0,,43100.0,37000.0,0.74,38.2,,14.2,33.5,强烈推荐,,41.0
688333.SH,铂力特,20211118,铂力特：授予预留限制性股票激励，金属增材龙头长期业绩值得期待,点评,首份报告,太平洋证券,"马捷,刘倩倩,马浩然",2023Q4,112000.0,,31100.0,24900.0,3.11,73.12,,16.48,45.88,增持,,
688333.SH,铂力特,20211118,铂力特：授予预留限制性股票激励，金属增材龙头长期业绩值得期待,点评,首份报告,太平洋证券,"马捷,刘倩倩,马浩然",2022Q4,80400.0,,13100.0,9000.0,1.13,200.82,,7.21,90.16,增持,,
688333.SH,铂力特,20211118,铂力特：授予预留限制性股票激励，金属增材龙头长期业绩值得期待,点评,首份报告,太平洋证券,"马捷,刘倩倩,马浩然",2021Q4,56300.0,,2000.0,-700.0,-0.09,,,-0.64,433.07,增持,,
000977.SZ,浪潮信息,20211118,浪潮信息：国产服务器龙头，行业景气度与公司基本面持续向好,深度,首份报告,红塔证券,崔源,2021Q4,6490600.0,843800.0,248500.0,219100.0,1.51,20.71,,13.0,15.25,买入,,37.75
000977.SZ,浪潮信息,20211118,浪潮信息：国产服务器龙头，行业景气度与公司基本面持续向好,深度,首份报告,红塔证券,崔源,2022Q4,7848600.0,981100.0,279500.0,244300.0,1.68,18.58,,13.0,13.67,买入,,37.75
000977.SZ,浪潮信息,20211118,浪潮信息：国产服务器龙头，行业景气度与公司基本面持续向好,深度,首份报告,红塔证券,崔源,2023Q4,9246900.0,1165100.0,338200.0,296100.0,2.04,15.33,,13.0,10.69,买入,,37.75
002068.SZ,黑猫股份,20211118,黑猫股份：炭黑景气度修复，新应用领域布局深化,点评,一般报告,财通证券,路辛之,2023Q4,907000.0,,57000.0,46600.0,0.63,10.71,0.0,10.57,6.88,买入,,
002068.SZ,黑猫股份,20211118,黑猫股份：炭黑景气度修复，新应用领域布局深化,点评,一般报告,财通证券,路辛之,2022Q4,891000.0,,50500.0,41300.0,0.55,12.09,0.0,10.47,7.67,买入,,
002068.SZ,黑猫股份,20211118,黑猫股份：炭黑景气度修复，新应用领域布局深化,点评,一般报告,财通证券,路辛之,2021Q4,817800.0,,64700.0,53500.0,0.72,9.32,0.0,15.17,6.67,买入,,
600673.SH,东阳光,20211118,东阳光深度报告：铝加工龙头受益新能源，即将迎来基本面拐点,深度,首次关注,浙商证券,"马金龙,刘岗,巩学鹏",2023Q4,1448900.0,,310600.0,248100.0,0.82,12.6,,18.12,8.23,买入,,
600673.SH,东阳光,20211118,东阳光深度报告：铝加工龙头受益新能源，即将迎来基本面拐点,深度,首次关注,浙商证券,"马金龙,刘岗,巩学鹏",2022Q4,1294300.0,,179800.0,143900.0,0.48,21.72,,12.29,12.54,买入,,
600673.SH,东阳光,20211118,东阳光深度报告：铝加工龙头受益新能源，即将迎来基本面拐点,深度,首次关注,浙商证券,"马金龙,刘岗,巩学鹏",2021Q4,1186100.0,,7800.0,41200.0,0.14,75.8,,3.95,34.11,买入,,
688636.SH,智明达,20211118,智明达深度报告：军用嵌入式计算机“小巨人”，飞机＋弹共促高增长,深度,首次关注,浙商证券,"邱世梁,王华君,王洁若",2023Q4,85200.0,,23000.0,20700.0,4.12,40.0,,28.0,35.0,买入,,
688636.SH,智明达,20211118,智明达深度报告：军用嵌入式计算机“小巨人”，飞机＋弹共促高增长,深度,首次关注,浙商证券,"邱世梁,王华君,王洁若",2022Q4,60100.0,,17300.0,15600.0,3.1,54.0,,28.0,47.0,买入,,
688636.SH,智明达,20211118,智明达深度报告：军用嵌入式计算机“小巨人”，飞机＋弹共促高增长,深度,首次关注,浙商证券,"邱世梁,王华君,王洁若",2021Q4,43500.0,,11900.0,10700.0,2.13,78.0,,25.0,67.0,买入,,
600702.SH,舍得酒业,20211118,食品饮料：今朝逆风前进，来日乘风破浪,非个股,一般报告,中信建投,"安雅泽,陈语匆,菅成广,张立",2023Q4,812200.0,,,242500.0,7.303,,,,,无,,
600702.SH,舍得酒业,20211118,食品饮料：今朝逆风前进，来日乘风破浪,非个股,一般报告,中信建投,"安雅泽,陈语匆,菅成广,张立",2022Q4,625100.0,,,180000.0,5.421,,,,,无,,
600702.SH,舍得酒业,20211118,食品饮料：今朝逆风前进，来日乘风破浪,非个股,一般报告,中信建投,"安雅泽,陈语匆,菅成广,张立",2021Q4,461600.0,,,127900.0,3.852,,,,,无,,
300454.SZ,深信服,20211118,云与信创：把握技术创新周期和供需格局变化——计算机行业2022年度投资策略,非个股,一般报告,国泰君安,李沐华,2022Q4,,,,132426.204,3.2,,,,,增持,,
300454.SZ,深信服,20211118,云与信创：把握技术创新周期和供需格局变化——计算机行业2022年度投资策略,非个股,一般报告,国泰君安,李沐华,2021Q4,,,,97664.326,2.36,,,,,增持,,
603517.SH,绝味食品,20211118,食品饮料：今朝逆风前进，来日乘风破浪,非个股,一般报告,中信建投,"安雅泽,陈语匆,菅成广,张立",2021Q4,,,,105000.0,1.709,,,,,买入,,
002507.SZ,涪陵榨菜,20211118,食品饮料：今朝逆风前进，来日乘风破浪,非个股,一般报告,中信建投,"安雅泽,陈语匆,菅成广,张立",2023Q4,332400.0,,,101900.0,1.148,,,,,无,,
002507.SZ,涪陵榨菜,20211118,食品饮料：今朝逆风前进，来日乘风破浪,非个股,一般报告,中信建投,"安雅泽,陈语匆,菅成广,张立",2022Q4,289200.0,,,85300.0,0.961,,,,,无,,
002507.SZ,涪陵榨菜,20211118,食品饮料：今朝逆风前进，来日乘风破浪,非个股,一般报告,中信建投,"安雅泽,陈语匆,菅成广,张立",2021Q4,251600.0,,,66100.0,0.745,,,,,无,,
002568.SZ,百润股份,20211118,食品饮料：今朝逆风前进，来日乘风破浪,非个股,一般报告,中信建投,"安雅泽,陈语匆,菅成广,张立",2023Q4,483100.0,,,144100.0,1.922,,,,,无,,
002568.SZ,百润股份,20211118,食品饮料：今朝逆风前进，来日乘风破浪,非个股,一般报告,中信建投,"安雅泽,陈语匆,菅成广,张立",2022Q4,365000.0,,,106200.0,1.416,,,,,无,,
002568.SZ,百润股份,20211118,食品饮料：今朝逆风前进，来日乘风破浪,非个股,一般报告,中信建投,"安雅泽,陈语匆,菅成广,张立",2021Q4,270000.0,,,76800.0,1.024,,,,,无,,
300659.SZ,中孚信息,20211118,云与信创：把握技术创新周期和供需格局变化——计算机行业2022年度投资策略,非个股,一般报告,国泰君安,李沐华,2022Q4,,,,46909.985,2.07,,,,,增持,,
300659.SZ,中孚信息,20211118,云与信创：把握技术创新周期和供需格局变化——计算机行业2022年度投资策略,非个股,一般报告,国泰君安,李沐华,2021Q4,,,,35579.071,1.57,,,,,增持,,
001215.SZ,千味央厨,20211118,食品饮料：今朝逆风前进，来日乘风破浪,非个股,一般报告,中信建投,"安雅泽,陈语匆,菅成广,张立",2023Q4,200900.0,,,13600.0,1.598,,,,,无,,
001215.SZ,千味央厨,20211118,食品饮料：今朝逆风前进，来日乘风破浪,非个股,一般报告,中信建投,"安雅泽,陈语匆,菅成广,张立",2022Q4,162400.0,,,9600.0,1.128,,,,,无,,
001215.SZ,千味央厨,20211118,食品饮料：今朝逆风前进，来日乘风破浪,非个股,一般报告,中信建投,"安雅泽,陈语匆,菅成广,张立",2021Q4,130200.0,,,8700.0,1.022,,,,,无,,
002092.SZ,中泰化学,20211118,石油化工：原油价格持续上行，化工品需求疲软,非个股,一般报告,财信证券,周策,2022Q4,,,,221513.598,0.86,,,,,谨慎推荐,,
300379.SZ,东方通,20211118,云与信创：把握技术创新周期和供需格局变化——计算机行业2022年度投资策略,非个股,一般报告,国泰君安,李沐华,2022Q4,,,,66049.723,1.45,,,,,增持,,
002092.SZ,中泰化学,20211118,石油化工：原油价格持续上行，化工品需求疲软,非个股,一般报告,财信证券,周策,2021Q4,,,,337421.877,1.31,,,,,谨慎推荐,,
300379.SZ,东方通,20211118,云与信创：把握技术创新周期和供需格局变化——计算机行业2022年度投资策略,非个股,一般报告,国泰君安,李沐华,2021Q4,,,,42362.926,0.93,,,,,增持,,
300348.SZ,长亮科技,20211118,云与信创：把握技术创新周期和供需格局变化——计算机行业2022年度投资策略,非个股,一般报告,国泰君安,李沐华,2022Q4,,,,38934.03,0.54,,,,,增持,,
300348.SZ,长亮科技,20211118,云与信创：把握技术创新周期和供需格局变化——计算机行业2022年度投资策略,非个股,一般报告,国泰君安,李沐华,2021Q4,,,,29561.023,0.41,,,,,增持,,
600882.SH,妙可蓝多,20211118,食品饮料：今朝逆风前进，来日乘风破浪,非个股,一般报告,中信建投,"安雅泽,陈语匆,菅成广,张立",2023Q4,837800.0,,,91600.0,1.774,,,,,无,,
600882.SH,妙可蓝多,20211118,食品饮料：今朝逆风前进，来日乘风破浪,非个股,一般报告,中信建投,"安雅泽,陈语匆,菅成广,张立",2022Q4,637300.0,,,56600.0,1.096,,,,,无,,
600882.SH,妙可蓝多,20211118,食品饮料：今朝逆风前进，来日乘风破浪,非个股,一般报告,中信建投,"安雅泽,陈语匆,菅成广,张立",2021Q4,440100.0,,,24000.0,0.465,,,,,无,,
000568.SZ,泸州老窖,20211118,食品饮料：今朝逆风前进，来日乘风破浪,非个股,一般报告,中信建投,"安雅泽,陈语匆,菅成广,张立",2023Q4,3151300.0,,,1310300.0,8.946,,,,,无,,
000568.SZ,泸州老窖,20211118,食品饮料：今朝逆风前进，来日乘风破浪,非个股,一般报告,中信建投,"安雅泽,陈语匆,菅成广,张立",2022Q4,2534100.0,,,1015700.0,6.934,,,,,无,,
000568.SZ,泸州老窖,20211118,食品饮料：今朝逆风前进，来日乘风破浪,非个股,一般报告,中信建投,"安雅泽,陈语匆,菅成广,张立",2021Q4,2030400.0,,,783400.0,5.348,,,,,无,,
688111.SH,金山办公,20211118,云与信创：把握技术创新周期和供需格局变化——计算机行业2022年度投资策略,非个股,一般报告,国泰君安,李沐华,2022Q4,,,,160428.0,3.48,,,,,增持,,
688111.SH,金山办公,20211118,云与信创：把握技术创新周期和供需格局变化——计算机行业2022年度投资策略,非个股,一般报告,国泰君安,李沐华,2021Q4,,,,118477.0,2.57,,,,,增持,,
002410.SZ,广联达,20211118,云与信创：把握技术创新周期和供需格局变化——计算机行业2022年度投资策略,非个股,一般报告,国泰君安,李沐华,2022Q4,,,,96214.451,0.81,,,,,增持,,
002410.SZ,广联达,20211118,云与信创：把握技术创新周期和供需格局变化——计算机行业2022年度投资策略,非个股,一般报告,国泰君安,李沐华,2021Q4,,,,66518.633,0.56,,,,,增持,,
000858.SZ,五粮液,20211118,食品饮料：今朝逆风前进，来日乘风破浪,非个股,一般报告,中信建投,"安雅泽,陈语匆,菅成广,张立",2023Q4,8934300.0,,,3268500.0,8.42,,,,,无,,
000858.SZ,五粮液,20211118,食品饮料：今朝逆风前进，来日乘风破浪,非个股,一般报告,中信建投,"安雅泽,陈语匆,菅成广,张立",2022Q4,7736800.0,,,2785100.0,7.175,,,,,无,,
000858.SZ,五粮液,20211118,食品饮料：今朝逆风前进，来日乘风破浪,非个股,一般报告,中信建投,"安雅泽,陈语匆,菅成广,张立",2021Q4,6682400.0,,,2361500.0,6.084,,,,,无,,
300674.SZ,宇信科技,20211118,云与信创：把握技术创新周期和供需格局变化——计算机行业2022年度投资策略,非个股,一般报告,国泰君安,李沐华,2022Q4,,,,62150.323,0.94,,,,,增持,,
300674.SZ,宇信科技,20211118,云与信创：把握技术创新周期和供需格局变化——计算机行业2022年度投资策略,非个股,一般报告,国泰君安,李沐华,2021Q4,,,,47604.503,0.72,,,,,增持,,
300253.SZ,卫宁健康,20211118,云与信创：把握技术创新周期和供需格局变化——计算机行业2022年度投资策略,非个股,一般报告,国泰君安,李沐华,2021Q4,,,,62155.783,0.29,,,,,增持,,
603288.SH,海天味业,20211118,食品饮料：今朝逆风前进，来日乘风破浪,非个股,一般报告,中信建投,"安雅泽,陈语匆,菅成广,张立",2023Q4,3279000.0,,,936900.0,2.224,,,,,无,,
603288.SH,海天味业,20211118,食品饮料：今朝逆风前进，来日乘风破浪,非个股,一般报告,中信建投,"安雅泽,陈语匆,菅成广,张立",2022Q4,2831600.0,,,810900.0,1.899,,,,,无,,
603288.SH,海天味业,20211118,食品饮料：今朝逆风前进，来日乘风破浪,非个股,一般报告,中信建投,"安雅泽,陈语匆,菅成广,张立",2021Q4,2426000.0,,,676800.0,1.607,,,,,无,,
600597.SH,光明乳业,20211118,食品饮料：今朝逆风前进，来日乘风破浪,非个股,一般报告,中信建投,"安雅泽,陈语匆,菅成广,张立",2023Q4,3538000.0,,,85800.0,0.701,,,,,无,,
600597.SH,光明乳业,20211118,食品饮料：今朝逆风前进，来日乘风破浪,非个股,一般报告,中信建投,"安雅泽,陈语匆,菅成广,张立",2022Q4,3134300.0,,,75900.0,0.62,,,,,无,,
600597.SH,光明乳业,20211118,食品饮料：今朝逆风前进，来日乘风破浪,非个股,一般报告,中信建投,"安雅泽,陈语匆,菅成广,张立",2021Q4,2802500.0,,,67600.0,0.552,,,,,无,,
000066.SZ,中国长城,20211118,云与信创：把握技术创新周期和供需格局变化——计算机行业2022年度投资策略,非个股,一般报告,国泰君安,李沐华,2022Q4,,,,152812.461,0.52,,,,,增持,,
000066.SZ,中国长城,20211118,云与信创：把握技术创新周期和供需格局变化——计算机行业2022年度投资策略,非个股,一般报告,国泰君安,李沐华,2021Q4,,,,117548.047,0.4,,,,,增持,,
605186.SH,健麾信息,20211118,健麾信息深度报告：模式下沉的药品智能管理领头羊,深度,首次关注,浙商证券,孙建,2022Q4,64832.0,,23500.0,17913.0,1.29,31.14,,12.83,20.94,增持,,46.39
300253.SZ,卫宁健康,20211118,云与信创：把握技术创新周期和供需格局变化——计算机行业2022年度投资策略,非个股,一般报告,国泰君安,李沐华,2022Q4,,,,83588.812,0.39,,,,,增持,,
002946.SZ,新乳业,20211118,食品饮料：今朝逆风前进，来日乘风破浪,非个股,一般报告,中信建投,"安雅泽,陈语匆,菅成广,张立",2023Q4,1324400.0,,,64400.0,0.743,,,,,无,,
002946.SZ,新乳业,20211118,食品饮料：今朝逆风前进，来日乘风破浪,非个股,一般报告,中信建投,"安雅泽,陈语匆,菅成广,张立",2022Q4,1083300.0,,,48500.0,0.559,,,,,无,,
002946.SZ,新乳业,20211118,食品饮料：今朝逆风前进，来日乘风破浪,非个股,一般报告,中信建投,"安雅泽,陈语匆,菅成广,张立",2021Q4,862100.0,,,35400.0,0.408,,,,,无,,
300957.SZ,贝泰妮,20211118,高端品牌业绩贡献突出，线上销售增长强劲——国际化妆品集团21年三季度业绩跟踪点评,非个股,一般报告,申万宏源证券,"王立平,王晓璇",2023Q4,,,,154000.0,3.636,,,,,增持,,
300957.SZ,贝泰妮,20211118,高端品牌业绩贡献突出，线上销售增长强劲——国际化妆品集团21年三季度业绩跟踪点评,非个股,一般报告,申万宏源证券,"王立平,王晓璇",2022Q4,,,,117000.0,2.762,,,,,增持,,
300957.SZ,贝泰妮,20211118,高端品牌业绩贡献突出，线上销售增长强劲——国际化妆品集团21年三季度业绩跟踪点评,非个股,一般报告,申万宏源证券,"王立平,王晓璇",2021Q4,,,,83000.0,1.959,,,,,增持,,
605186.SH,健麾信息,20211118,健麾信息深度报告：模式下沉的药品智能管理领头羊,深度,首次关注,浙商证券,孙建,2023Q4,86716.0,,36500.0,27784.0,2.0,20.08,,16.78,13.03,增持,,46.39
605186.SH,健麾信息,20211118,健麾信息深度报告：模式下沉的药品智能管理领头羊,深度,首次关注,浙商证券,孙建,2021Q4,48359.0,,17000.0,12930.0,0.93,43.15,,11.91,29.41,增持,,46.39
603538.SH,美诺华,20211118,美诺华：推出股权激励，长期发展动力充足,点评,一般报告,西南证券,"杜向阳,马云涛",2023Q4,243769.0,,52969.0,43544.0,2.91,11.01,1.35,17.0,6.81,持有,,
603538.SH,美诺华,20211118,美诺华：推出股权激励，长期发展动力充足,点评,一般报告,西南证券,"杜向阳,马云涛",2022Q4,185697.0,,39393.0,32384.0,2.16,14.81,1.01,14.8,9.39,持有,,
603538.SH,美诺华,20211118,美诺华：推出股权激励，长期发展动力充足,点评,一般报告,西南证券,"杜向阳,马云涛",2021Q4,142184.0,,29569.0,24308.0,1.63,19.73,0.7,12.72,12.45,持有,,
002643.SZ,万润股份,20211118,万润股份：拟建光刻胶项目，加速半导体材料国产化进程,点评,一般报告,广发证券,"何雄,邓先河,郭齐坤",2023Q4,565600.0,,137100.0,108000.0,1.16,20.86,,12.6,13.2,买入,,27.52
002643.SZ,万润股份,20211118,万润股份：拟建光刻胶项目，加速半导体材料国产化进程,点评,一般报告,广发证券,"何雄,邓先河,郭齐坤",2022Q4,471300.0,,108300.0,85300.0,0.92,26.4,,11.8,16.42,买入,,27.52
002643.SZ,万润股份,20211118,万润股份：拟建光刻胶项目，加速半导体材料国产化进程,点评,一般报告,广发证券,"何雄,邓先河,郭齐坤",2021Q4,396100.0,,88800.0,69100.0,0.74,32.59,,11.3,18.54,买入,,27.52
002371.SZ,北方华创,20211118,北方华创公司更新报告：半导体国产设备平台型龙头，产品布局广阔,点评,一般报告,国泰君安,"王聪,舒迪,郭航",2023Q4,1774900.0,,,188000.0,3.58,114.4,0.0,17.0,46.37,增持,,518.14
002371.SZ,北方华创,20211118,北方华创公司更新报告：半导体国产设备平台型龙头，产品布局广阔,点评,一般报告,国泰君安,"王聪,舒迪,郭航",2022Q4,1362700.0,,,148000.0,2.82,145.26,0.0,16.1,63.46,增持,,518.14
002371.SZ,北方华创,20211118,北方华创公司更新报告：半导体国产设备平台型龙头，产品布局广阔,点评,一般报告,国泰君安,"王聪,舒迪,郭航",2021Q4,950400.0,,,94100.0,1.79,228.44,0.0,12.2,101.62,增持,,518.14
002645.SZ,华宏科技,20211118,华宏科技：稀土回用立项限制政策废止，公司产能有望加速扩张——公司点评,点评,一般报告,德邦证券,"倪正洋,杨任重",2023Q4,935900.0,,91100.0,81000.0,1.39,14.85,1.7,18.0,15.73,买入,,
002645.SZ,华宏科技,20211118,华宏科技：稀土回用立项限制政策废止，公司产能有望加速扩张——公司点评,点评,一般报告,德邦证券,"倪正洋,杨任重",2022Q4,818600.0,,79700.0,70900.0,1.22,16.97,1.5,18.2,17.99,买入,,
002645.SZ,华宏科技,20211118,华宏科技：稀土回用立项限制政策废止，公司产能有望加速扩张——公司点评,点评,一般报告,德邦证券,"倪正洋,杨任重",2021Q4,579700.0,,59700.0,53100.0,0.91,22.68,1.2,15.8,23.54,买入,,
600426.SH,华鲁恒升,20211118,华鲁恒升：关注公司在景气下滑阶段的盈利韧性,点评,一般报告,中金,"赵启超,贾雄伟,裘孝锋",2021Q4,2246500.0,,817800.0,692800.0,3.28,8.7,0.0,37.1,6.0,跑赢行业,,42.0
601138.SH,工业富联,20211118,工业富联：各项业务稳步推进，“灯塔工厂”赋能行业,点评,一般报告,中金,"彭虎,温晗静,黄天擎,李澄宁",2022Q4,54027500.0,,2887300.0,2548800.0,1.28,9.1,0.9,19.2,4.9,跑赢行业,,20.0
600426.SH,华鲁恒升,20211118,华鲁恒升：关注公司在景气下滑阶段的盈利韧性,点评,一般报告,中金,"赵启超,贾雄伟,裘孝锋",2022Q4,2378700.0,,794700.0,673200.0,3.19,8.9,0.0,27.7,6.0,跑赢行业,,42.0
603185.SH,上机数控,20211118,上机数控点评：签262亿硅料长单；拟拓宽经营范围至电子专用材料、半导体设备,点评,一般报告,浙商证券,"王华君,李思扬",2023Q4,3244900.0,,694500.0,602500.0,21.0,11.0,,41.0,8.0,买入,,
603185.SH,上机数控,20211118,上机数控点评：签262亿硅料长单；拟拓宽经营范围至电子专用材料、半导体设备,点评,一般报告,浙商证券,"王华君,李思扬",2022Q4,2119700.0,,462400.0,401200.0,14.0,16.0,,41.0,12.4,买入,,
603185.SH,上机数控,20211118,上机数控点评：签262亿硅料长单；拟拓宽经营范围至电子专用材料、半导体设备,点评,一般报告,浙商证券,"王华君,李思扬",2021Q4,1117500.0,,231300.0,200600.0,7.3,33.0,,39.0,23.9,买入,,
002459.SZ,晶澳科技,20211118,晶澳科技：百亿投资建设大基地与组件项目，巩固综合竞争力,点评,一般报告,长江证券,"马军,邬博华,杨骕",2023Q4,7645900.0,1420800.0,708700.0,587300.0,3.67,24.84,,18.8,12.18,买入,,
002459.SZ,晶澳科技,20211118,晶澳科技：百亿投资建设大基地与组件项目，巩固综合竞争力,点评,一般报告,长江证券,"马军,邬博华,杨骕",2022Q4,6100400.0,1003500.0,485500.0,402400.0,2.52,36.26,,17.0,18.93,买入,,
002459.SZ,晶澳科技,20211118,晶澳科技：百亿投资建设大基地与组件项目，巩固综合竞争力,点评,一般报告,长江证券,"马军,邬博华,杨骕",2021Q4,3993800.0,576000.0,254500.0,210900.0,1.32,69.18,,11.7,34.53,买入,,
601952.SH,苏垦农发,20211118,苏垦农发：规模种植典范，粮食全产业链新贵,深度,首次关注,中泰证券,"范劲松,王佳博",2021Q4,989600.0,,92000.0,81300.0,0.59,,,12.11,,买入,,
300724.SZ,捷佳伟创,20211118,捷佳伟创：TOPCon、HJT双重受益，半导体设备推广可期,点评,一般报告,中泰证券,"冯胜,王可",2023Q4,901600.0,,200900.0,176800.0,5.08,20.93,,26.44,22.0,买入,,
300724.SZ,捷佳伟创,20211118,捷佳伟创：TOPCon、HJT双重受益，半导体设备推广可期,点评,一般报告,中泰证券,"冯胜,王可",2022Q4,692000.0,,142700.0,125600.0,3.61,29.46,,24.95,31.0,买入,,
300724.SZ,捷佳伟创,20211118,捷佳伟创：TOPCon、HJT双重受益，半导体设备推广可期,点评,一般报告,中泰证券,"冯胜,王可",2021Q4,520100.0,,95100.0,83700.0,2.41,44.19,,21.8,47.0,买入,,
601952.SH,苏垦农发,20211118,苏垦农发：规模种植典范，粮食全产业链新贵,深度,首次关注,中泰证券,"范劲松,王佳博",2023Q4,1176900.0,,128200.0,116900.0,0.85,,,14.86,,买入,,
601952.SH,苏垦农发,20211118,苏垦农发：规模种植典范，粮食全产业链新贵,深度,首次关注,中泰证券,"范劲松,王佳博",2022Q4,1096400.0,,125500.0,114000.0,0.83,,,15.65,,买入,,
002149.SZ,西部材料,20211118,西部材料：低估值高成长的军用钛材供应商,点评,一般报告,华西证券,陆洲,2023Q4,425700.0,,72000.0,43600.0,0.89,22.29,,12.1,,买入,,
002149.SZ,西部材料,20211118,西部材料：低估值高成长的军用钛材供应商,点评,一般报告,华西证券,陆洲,2021Q4,259000.0,,32900.0,18800.0,0.38,51.69,,6.7,,买入,,
002142.SZ,宁波银行,20211118,宁波银行：120亿配股正式落地，高质量成长可持续,点评,一般报告,国盛证券,"马婷婷,陈功",2023Q4,7898500.0,,3247500.0,2970300.0,4.49,8.11,,16.58,,买入,,
002142.SZ,宁波银行,20211118,宁波银行：120亿配股正式落地，高质量成长可持续,点评,一般报告,国盛证券,"马婷婷,陈功",2022Q4,6451200.0,,2594800.0,2373300.0,3.59,10.16,,15.14,,买入,,
002142.SZ,宁波银行,20211118,宁波银行：120亿配股正式落地，高质量成长可持续,点评,一般报告,国盛证券,"马婷婷,陈功",2021Q4,5281700.0,,2113500.0,1933000.0,2.92,12.47,,14.57,,买入,,
688798.SH,艾为电子,20211118,艾为电子：模拟IC超市,点评,首次关注,方正证券,陈杭,2023Q4,451900.0,182800.0,68700.0,59800.0,3.6,64.17,,12.83,51.02,推荐,,
688798.SH,艾为电子,20211118,艾为电子：模拟IC超市,点评,首次关注,方正证券,陈杭,2022Q4,349300.0,139400.0,48100.0,41800.0,2.52,91.68,,10.31,74.78,推荐,,
688798.SH,艾为电子,20211118,艾为电子：模拟IC超市,点评,首次关注,方正证券,陈杭,2021Q4,225000.0,87500.0,25800.0,22400.0,1.35,171.08,,6.16,138.14,推荐,,
603078.SH,江化微,20211118,江化微：引入国资控股，增强市场竞争力——公司信息更新报告,点评,一般报告,开源证券,"刘翔,金益腾,罗通",2023Q4,213900.0,,26600.0,23900.0,1.22,24.5,,15.8,15.6,买入,,
603078.SH,江化微,20211118,江化微：引入国资控股，增强市场竞争力——公司信息更新报告,点评,一般报告,开源证券,"刘翔,金益腾,罗通",2022Q4,153200.0,,17100.0,15600.0,0.8,37.4,,11.9,23.6,买入,,
603078.SH,江化微,20211118,江化微：引入国资控股，增强市场竞争力——公司信息更新报告,点评,一般报告,开源证券,"刘翔,金益腾,罗通",2021Q4,86300.0,,5500.0,5000.0,0.25,117.4,,4.2,58.4,买入,,
603078.SH,江化微,20211118,江化微公告点评：国资即将入主，半导体国产替代趋势下公司有望充分受益,点评,一般报告,光大证券,"赵乃迪,周家诺",2023Q4,128600.0,,17600.0,16400.0,0.84,36.0,0.8,11.68,25.4,增持,,
603078.SH,江化微,20211118,江化微公告点评：国资即将入主，半导体国产替代趋势下公司有望充分受益,点评,一般报告,光大证券,"赵乃迪,周家诺",2022Q4,97500.0,,12200.0,11500.0,0.58,51.0,0.6,8.97,36.3,增持,,
603078.SH,江化微,20211118,江化微公告点评：国资即将入主，半导体国产替代趋势下公司有望充分受益,点评,一般报告,光大证券,"赵乃迪,周家诺",2021Q4,74100.0,,9600.0,9000.0,0.46,65.0,0.5,7.59,44.0,增持,,
300474.SZ,景嘉微,20211118,景嘉微：JM9系列进展超预期，市场空间加速打开,点评,一般报告,国盛证券,"郑震湘,佘凌星,侯文佳",2023Q4,292600.0,,87800.0,84000.0,2.79,69.6,,19.9,52.1,买入,,
300474.SZ,景嘉微,20211118,景嘉微：JM9系列进展超预期，市场空间加速打开,点评,一般报告,国盛证券,"郑震湘,佘凌星,侯文佳",2022Q4,230200.0,,61800.0,59900.0,1.99,97.6,,17.5,75.2,买入,,
300474.SZ,景嘉微,20211118,景嘉微：JM9系列进展超预期，市场空间加速打开,点评,一般报告,国盛证券,"郑震湘,佘凌星,侯文佳",2021Q4,131400.0,,38100.0,36900.0,1.22,158.5,,12.9,136.2,买入,,
603920.SH,世运电路,20211118,世运电路：汽车领域重点布局，结构升级叠加产能扩张,一般,首次关注,华西证券,"孙远峰,王臣复",2023Q4,581868.0,,76900.0,69200.0,1.3,15.4,,16.2,,增持,,
603920.SH,世运电路,20211118,世运电路：汽车领域重点布局，结构升级叠加产能扩张,一般,首次关注,华西证券,"孙远峰,王臣复",2021Q4,360636.0,,27000.0,24300.0,0.46,43.9,,8.1,,增持,,
002920.SZ,德赛西威,20211118,德赛西威投资价值分析报告：成长性看德赛，智能座舱龙头到ADAS中军,深度,一般报告,中信证券,"杨泽原,李景涛,丁奇",2021Q4,875000.0,,71800.0,77947.0,1.42,76.2,,14.83,68.4,买入,,130.0
002060.SZ,粤水电,20211118,粤水电：新能源转型步伐加速，绿电质量兼优蓄势待发,深度,首次关注,申万宏源证券,李峙屹,2023Q4,1718400.0,,57800.0,44000.0,0.37,13.0,,8.1,,买入,,
002060.SZ,粤水电,20211118,粤水电：新能源转型步伐加速，绿电质量兼优蓄势待发,深度,首次关注,申万宏源证券,李峙屹,2022Q4,1567200.0,,49100.0,37400.0,0.31,15.0,,7.3,,买入,,
002060.SZ,粤水电,20211118,粤水电：新能源转型步伐加速，绿电质量兼优蓄势待发,深度,首次关注,申万宏源证券,李峙屹,2021Q4,1414700.0,,41500.0,31600.0,0.26,18.0,,6.6,,买入,,
002120.SZ,韵达股份,20211118,韵达股份10月经营数据点评：10月量价如期双升，看好盈利持续修复,点评,一般报告,浙商证券,匡培钦,2023Q4,6516200.0,,332100.0,247100.0,0.85,22.3,,13.91,8.3,买入,,
002120.SZ,韵达股份,20211118,韵达股份10月经营数据点评：10月量价如期双升，看好盈利持续修复,点评,一般报告,浙商证券,匡培钦,2022Q4,5249200.0,,264400.0,196700.0,0.68,28.0,,12.16,9.86,买入,,
002920.SZ,德赛西威,20211118,德赛西威投资价值分析报告：成长性看德赛，智能座舱龙头到ADAS中军,深度,一般报告,中信证券,"杨泽原,李景涛,丁奇",2022Q4,1076250.0,,98800.0,103029.0,1.87,57.9,,17.07,50.2,买入,,130.0
002120.SZ,韵达股份,20211118,韵达股份10月经营数据点评：10月量价如期双升，看好盈利持续修复,点评,一般报告,浙商证券,匡培钦,2021Q4,4245300.0,,183400.0,136400.0,0.47,40.38,,9.11,13.06,买入,,
601138.SH,工业富联,20211118,工业富联：各项业务稳步推进，“灯塔工厂”赋能行业,点评,一般报告,中金,"彭虎,温晗静,黄天擎,李澄宁",2021Q4,48578800.0,,2515400.0,2220500.0,1.12,10.4,0.9,19.8,6.4,跑赢行业,,20.0
002149.SZ,西部材料,20211118,西部材料：低估值高成长的军用钛材供应商,点评,一般报告,华西证券,陆洲,2022Q4,354500.0,,56300.0,33100.0,0.68,29.32,,10.6,,买入,,
603920.SH,世运电路,20211118,世运电路：汽车领域重点布局，结构升级叠加产能扩张,一般,首次关注,华西证券,"孙远峰,王臣复",2022Q4,470622.0,,50800.0,45800.0,0.86,23.3,,13.0,,增持,,
002920.SZ,德赛西威,20211118,德赛西威投资价值分析报告：成长性看德赛，智能座舱龙头到ADAS中军,深度,一般报告,中信证券,"杨泽原,李景涛,丁奇",2023Q4,1291500.0,,126900.0,128743.0,2.34,46.3,,18.46,39.5,买入,,130.0
688408.SH,中信博,20211118,中信博：越过盈利低点，跟踪支架龙头快速成长,深度,首次关注,上海证券,"开文明,丁亚",2023Q4,837500.0,,117900.0,100200.0,7.38,30.89,,23.2,23.38,买入,,
688408.SH,中信博,20211118,中信博：越过盈利低点，跟踪支架龙头快速成长,深度,首次关注,上海证券,"开文明,丁亚",2021Q4,290900.0,,19900.0,16900.0,1.25,182.68,,6.4,116.85,买入,,
600552.SH,凯盛科技,20211118,凯盛科技：成长中的显示新材料龙头,深度,首份报告,长江证券,"范超,李浩",2023Q4,991100.0,190300.0,82100.0,45700.0,0.6,16.08,,13.2,10.67,买入,,
600552.SH,凯盛科技,20211118,凯盛科技：成长中的显示新材料龙头,深度,首份报告,长江证券,"范超,李浩",2022Q4,823300.0,141900.0,49500.0,27600.0,0.36,26.64,,9.2,14.44,买入,,
600552.SH,凯盛科技,20211118,凯盛科技：成长中的显示新材料龙头,深度,首份报告,长江证券,"范超,李浩",2021Q4,657800.0,106500.0,34700.0,19300.0,0.25,38.05,,7.1,18.43,买入,,
688559.SH,海目星,20211118,海目星：中航锂电扩产加速，公司有望受益,点评,一般报告,中金,"丁健,孔令鑫,陈显帆",2022Q4,432200.0,,39200.0,34500.0,1.73,38.0,0.0,20.5,23.1,跑赢行业,,86.0
688559.SH,海目星,20211118,海目星：中航锂电扩产加速，公司有望受益,点评,一般报告,中金,"丁健,孔令鑫,陈显帆",2021Q4,212500.0,,14500.0,12800.0,0.64,102.8,0.0,8.8,50.4,跑赢行业,,86.0
688299.SH,长阳科技,20211118,长阳科技：全球反射膜龙头，Mini商用再上新台阶,深度,首次关注,华安证券,"胡杨,赵恒祯",2023Q4,240180.0,,54300.0,47000.0,1.66,17.65,,16.8,13.68,买入,,
688299.SH,长阳科技,20211118,长阳科技：全球反射膜龙头，Mini商用再上新台阶,深度,首次关注,华安证券,"胡杨,赵恒祯",2022Q4,182010.0,,41400.0,35800.0,1.27,23.17,,15.4,18.34,买入,,
688299.SH,长阳科技,20211118,长阳科技：全球反射膜龙头，Mini商用再上新台阶,深度,首次关注,华安证券,"胡杨,赵恒祯",2021Q4,141190.0,,25100.0,21700.0,0.77,38.15,,11.1,28.39,买入,,
688116.SH,天奈科技,20211118,天奈科技：国内碳管领跑者，技术驱动持续加深护城河,一般,首次关注,国盛证券,"王席鑫,王琪,王磊",2023Q4,487600.0,,153100.0,135000.0,5.81,26.79,,34.2,21.9,买入,,
688116.SH,天奈科技,20211118,天奈科技：国内碳管领跑者，技术驱动持续加深护城河,一般,首次关注,国盛证券,"王席鑫,王琪,王磊",2022Q4,273700.0,,75600.0,66300.0,2.86,54.52,,25.4,44.3,买入,,
688116.SH,天奈科技,20211118,天奈科技：国内碳管领跑者，技术驱动持续加深护城河,一般,首次关注,国盛证券,"王席鑫,王琪,王磊",2021Q4,136500.0,,32600.0,29600.0,1.27,122.26,,15.1,100.7,买入,,
300433.SZ,蓝思科技,20211118,蓝思科技：玻璃行业龙头，消费电子／汽车／光伏多点布局,点评,首次评级,安信证券,马良,2023Q4,7558630.0,,1003930.0,884740.0,1.78,12.5,2.8,15.9,7.2,买入,,27.6
300433.SZ,蓝思科技,20211118,蓝思科技：玻璃行业龙头，消费电子／汽车／光伏多点布局,点评,首次评级,安信证券,马良,2022Q4,6516060.0,,785420.0,697160.0,1.4,15.9,2.4,13.9,9.8,买入,,27.6
300433.SZ,蓝思科技,20211118,蓝思科技：玻璃行业龙头，消费电子／汽车／光伏多点布局,点评,首次评级,安信证券,马良,2021Q4,5171480.0,,598260.0,537870.0,1.08,20.6,1.6,11.8,12.3,买入,,27.6
600893.SH,航发动力,20211118,航发动力：我国军用航发总装唯一上市平台，万亿航发赛道上的“中国心”,深度,一般报告,国盛证券,余平,2023Q4,5723300.0,,311600.0,250900.0,0.94,66.8,,6.0,29.2,买入,,
600893.SH,航发动力,20211118,航发动力：我国军用航发总装唯一上市平台，万亿航发赛道上的“中国心”,深度,一般报告,国盛证券,余平,2022Q4,4652700.0,,240400.0,193500.0,0.73,86.6,,4.9,37.5,买入,,
600893.SH,航发动力,20211118,航发动力：我国军用航发总装唯一上市平台，万亿航发赛道上的“中国心”,深度,一般报告,国盛证券,余平,2021Q4,3676700.0,,175500.0,142500.0,0.53,117.5,,3.7,50.7,买入,,
300142.SZ,沃森生物,20211118,沃森生物：静待首款国产mRNA疫苗花开果结,一般,一般报告,中银国际,邓周宇,2023Q4,733200.0,,323500.0,185100.0,1.163,49.3,0.1,19.6,25.7,增持,,
300142.SZ,沃森生物,20211118,沃森生物：静待首款国产mRNA疫苗花开果结,一般,一般报告,中银国际,邓周宇,2022Q4,580400.0,,250000.0,138400.0,0.87,65.9,0.1,17.4,34.5,增持,,
300142.SZ,沃森生物,20211118,沃森生物：静待首款国产mRNA疫苗花开果结,一般,一般报告,中银国际,邓周宇,2021Q4,411200.0,,169300.0,81600.0,0.513,111.8,,15.9,49.1,增持,,
688518.SH,联赢激光,20211118,联赢激光：激光焊接领先者，受益于动力电池扩产红利,深度,首次关注,长江证券,"赵智勇,马军,邬博华,倪蕤,叶之楠",2022Q4,281900.0,102600.0,34800.0,30200.0,1.01,44.25,,16.3,43.44,买入,,
688518.SH,联赢激光,20211118,联赢激光：激光焊接领先者，受益于动力电池扩产红利,深度,首次关注,长江证券,"赵智勇,马军,邬博华,倪蕤,叶之楠",2021Q4,137000.0,49800.0,12100.0,10500.0,0.35,127.35,,6.8,152.18,买入,,
688408.SH,中信博,20211118,中信博：越过盈利低点，跟踪支架龙头快速成长,深度,首次关注,上海证券,"开文明,丁亚",2022Q4,655000.0,,78000.0,66300.0,4.88,46.68,,20.0,35.67,买入,,
688518.SH,联赢激光,20211118,联赢激光：激光焊接领先者，受益于动力电池扩产红利,深度,首次关注,长江证券,"赵智勇,马军,邬博华,倪蕤,叶之楠",2023Q4,399200.0,144200.0,56700.0,49200.0,1.64,27.17,,21.0,26.18,买入,,
600487.SH,亨通光电,20211118,反弹仍可期，分化终有时——通信行业2022年投资策略,非个股,一般报告,光大证券,"石崎良,刘凯,付天姿",2023Q4,4471500.0,,,253500.0,1.07,,,9.8,,增持,,
600487.SH,亨通光电,20211118,反弹仍可期，分化终有时——通信行业2022年投资策略,非个股,一般报告,光大证券,"石崎良,刘凯,付天姿",2022Q4,4195800.0,,,232700.0,0.99,,,9.84,,增持,,
600487.SH,亨通光电,20211118,反弹仍可期，分化终有时——通信行业2022年投资策略,非个股,一般报告,光大证券,"石崎良,刘凯,付天姿",2021Q4,3761000.0,,,169000.0,0.72,,,7.85,,增持,,
600884.SH,杉杉股份,20211118,电力设备及新能源：10月新能源销量继续同环比增长—EV观察系列10月国内新能车销量,非个股,一般报告,民生证券,"邓永康,李京波",2022Q4,,,,319321.814,1.93,,,,,推荐,,
600884.SH,杉杉股份,20211118,电力设备及新能源：10月新能源销量继续同环比增长—EV观察系列10月国内新能车销量,非个股,一般报告,民生证券,"邓永康,李京波",2021Q4,,,,329248.917,1.99,,,,,推荐,,
002262.SZ,恩华药业,20211118,医药健康行业：助眠需求日益增长，睡眠经济市场广阔,非个股,一般报告,银河证券,"孟令伟,刘晖",2023Q4,567195.0,,,131426.0,1.3,,,,,推荐,,
002262.SZ,恩华药业,20211118,医药健康行业：助眠需求日益增长，睡眠经济市场广阔,非个股,一般报告,银河证券,"孟令伟,刘晖",2022Q4,478050.0,,,107951.0,1.07,,,,,推荐,,
002262.SZ,恩华药业,20211118,医药健康行业：助眠需求日益增长，睡眠经济市场广阔,非个股,一般报告,银河证券,"孟令伟,刘晖",2021Q4,403000.0,,,88082.0,0.87,,,,,推荐,,
600522.SH,中天科技,20211118,反弹仍可期，分化终有时——通信行业2022年投资策略,非个股,一般报告,光大证券,"石崎良,刘凯,付天姿",2023Q4,4420800.0,,,423000.0,1.38,,,14.17,,增持,,
600522.SH,中天科技,20211118,反弹仍可期，分化终有时——通信行业2022年投资策略,非个股,一般报告,光大证券,"石崎良,刘凯,付天姿",2022Q4,4399700.0,,,391600.0,1.28,,,14.4,,增持,,
600522.SH,中天科技,20211118,反弹仍可期，分化终有时——通信行业2022年投资策略,非个股,一般报告,光大证券,"石崎良,刘凯,付天姿",2021Q4,4315000.0,,,17700.0,0.058,,,0.76,,增持,,
002881.SZ,美格智能,20211118,反弹仍可期，分化终有时——通信行业2022年投资策略,非个股,一般报告,光大证券,"石崎良,刘凯,付天姿",2023Q4,301200.0,,,21700.0,1.17,,,20.68,,增持,,
002881.SZ,美格智能,20211118,反弹仍可期，分化终有时——通信行业2022年投资策略,非个股,一般报告,光大证券,"石崎良,刘凯,付天姿",2022Q4,242400.0,,,17000.0,0.92,,,19.78,,增持,,
002881.SZ,美格智能,20211118,反弹仍可期，分化终有时——通信行业2022年投资策略,非个股,一般报告,光大证券,"石崎良,刘凯,付天姿",2021Q4,175100.0,,,12800.0,0.7,,,18.18,,增持,,
300014.SZ,亿纬锂能,20211118,电力设备及新能源：10月新能源销量继续同环比增长—EV观察系列10月国内新能车销量,非个股,一般报告,民生证券,"邓永康,李京波",2022Q4,,,,476316.214,2.51,,,,,推荐,,
300014.SZ,亿纬锂能,20211118,电力设备及新能源：10月新能源销量继续同环比增长—EV观察系列10月国内新能车销量,非个股,一般报告,民生证券,"邓永康,李京波",2021Q4,,,,320706.933,1.69,,,,,推荐,,
300769.SZ,德方纳米,20211118,电力设备及新能源：10月新能源销量继续同环比增长—EV观察系列10月国内新能车销量,非个股,一般报告,民生证券,"邓永康,李京波",2022Q4,,,,77181.08,8.65,,,,,推荐,,
300769.SZ,德方纳米,20211118,电力设备及新能源：10月新能源销量继续同环比增长—EV观察系列10月国内新能车销量,非个股,一般报告,民生证券,"邓永康,李京波",2021Q4,,,,39884.327,4.47,,,,,推荐,,
688518.SH,联赢激光,20211118,浙商证券早知道,非个股,一般报告,浙商证券,"邱世梁,王华君",2023Q4,,,,50000.0,1.671,,,,,买入,,
688518.SH,联赢激光,20211118,浙商证券早知道,非个股,一般报告,浙商证券,"邱世梁,王华君",2022Q4,,,,30000.0,1.003,,,,,买入,,
688518.SH,联赢激光,20211118,浙商证券早知道,非个股,一般报告,浙商证券,"邱世梁,王华君",2021Q4,,,,11000.0,0.368,,,,,买入,,
601155.SH,新城控股,20211118,房地产2022年投资策略：快周转的异化、式微与行业新生,非个股,一般报告,国信证券,"任鹤,王粤雷,王静",2022Q4,,,,2120440.911,9.38,,,,,买入,,
601155.SH,新城控股,20211118,房地产2022年投资策略：快周转的异化、式微与行业新生,非个股,一般报告,国信证券,"任鹤,王粤雷,王静",2021Q4,,,,1801696.595,7.97,,,,,买入,,
002821.SZ,凯莱英,20211118,财信证券晨会纪要,非个股,一般报告,财信证券,"邹建军,吴号",2022Q4,,,,153400.0,6.27,,,,,推荐,,470.25
002821.SZ,凯莱英,20211118,财信证券晨会纪要,非个股,一般报告,财信证券,"邹建军,吴号",2021Q4,,,,97000.0,3.96,,,,,推荐,,470.25
002821.SZ,凯莱英,20211118,财信证券晨会纪要,非个股,一般报告,财信证券,"邹建军,吴号",2023Q4,,,,193900.0,7.92,,,,,推荐,,470.25
300890.SZ,翔丰华,20211118,电力设备及新能源：10月新能源销量继续同环比增长—EV观察系列10月国内新能车销量,非个股,一般报告,民生证券,"邓永康,李京波",2022Q4,,,,18200.0,1.82,,,,,推荐,,
300890.SZ,翔丰华,20211118,电力设备及新能源：10月新能源销量继续同环比增长—EV观察系列10月国内新能车销量,非个股,一般报告,民生证券,"邓永康,李京波",2021Q4,,,,7500.0,0.75,,,,,推荐,,
601869.SH,长飞光纤,20211118,反弹仍可期，分化终有时——通信行业2022年投资策略,非个股,一般报告,光大证券,"石崎良,刘凯,付天姿",2023Q4,1174300.0,,,120600.0,1.59,,,10.55,,增持,,
601869.SH,长飞光纤,20211118,反弹仍可期，分化终有时——通信行业2022年投资策略,非个股,一般报告,光大证券,"石崎良,刘凯,付天姿",2021Q4,906900.0,,,78800.0,1.04,,,8.15,,增持,,
920185.BJ,贝特瑞,20211118,电力设备及新能源：10月新能源销量继续同环比增长—EV观察系列10月国内新能车销量,非个股,一般报告,民生证券,"邓永康,李京波",2022Q4,,,,216967.609,4.47,,,,,推荐,,
920185.BJ,贝特瑞,20211118,电力设备及新能源：10月新能源销量继续同环比增长—EV观察系列10月国内新能车销量,非个股,一般报告,民生证券,"邓永康,李京波",2021Q4,,,,149984.32,3.09,,,,,推荐,,
603078.SH,江化微,20211118,财信证券晨会纪要,非个股,一般报告,财信证券,周策,2023Q4,209100.0,,,19200.0,0.98,,,,,谨慎推荐,,
603078.SH,江化微,20211118,财信证券晨会纪要,非个股,一般报告,财信证券,周策,2022Q4,160000.0,,,13200.0,0.67,,,,,谨慎推荐,,
603078.SH,江化微,20211118,财信证券晨会纪要,非个股,一般报告,财信证券,周策,2021Q4,78000.0,,,4800.0,0.24,,,,,谨慎推荐,,
601633.SH,长城汽车,20211118,长城汽车：DHT首款插混车型上市，混动赛道再添新军,点评,一般报告,中信建投,"何俊艺,程似骐,陶亦然,杨耀先,马博硕",2023Q4,33822700.0,,,2094600.0,2.28,25.7,,21.7,,买入,,
601633.SH,长城汽车,20211118,长城汽车：DHT首款插混车型上市，混动赛道再添新军,点评,一般报告,中信建投,"何俊艺,程似骐,陶亦然,杨耀先,马博硕",2022Q4,21107700.0,,,1336800.0,1.46,40.3,,17.4,,买入,,
601633.SH,长城汽车,20211118,长城汽车：DHT首款插混车型上市，混动赛道再添新军,点评,一般报告,中信建投,"何俊艺,程似骐,陶亦然,杨耀先,马博硕",2021Q4,14526900.0,,,795800.0,0.87,67.7,,12.2,,买入,,
300474.SZ,景嘉微,20211118,景嘉微：9系列测试符合预期，民用领域前景广阔,点评,一般报告,中信建投,黎韬扬,2022Q4,193100.0,,,50400.0,1.68,96.5,,,,买入,,
300474.SZ,景嘉微,20211118,景嘉微：9系列测试符合预期，民用领域前景广阔,点评,一般报告,中信建投,黎韬扬,2021Q4,138000.0,,,35100.0,1.17,138.5,,,,买入,,
002643.SZ,万润股份,20211118,万润股份：布局光刻胶项目助力国产替代，公司成长动能可期,点评,一般报告,安信证券,张汪强,2023Q4,627980.0,,121290.0,100080.0,1.08,21.0,1.7,14.9,11.9,买入,,29.0
002643.SZ,万润股份,20211118,万润股份：布局光刻胶项目助力国产替代，公司成长动能可期,点评,一般报告,安信证券,张汪强,2021Q4,439240.0,,81570.0,66150.0,0.71,31.8,1.1,11.8,19.2,买入,,29.0
002690.SZ,美亚光电,20211118,美亚光电跟踪点评：多重扰动下稳健经营，推股权激励促长期发展,点评,一般报告,中信证券,"刘海博,李越,李睿鹏",2023Q4,256600.0,,98800.0,85600.0,1.27,32.6,,34.5,27.7,买入,,53.0
002690.SZ,美亚光电,20211118,美亚光电跟踪点评：多重扰动下稳健经营，推股权激励促长期发展,点评,一般报告,中信证券,"刘海博,李越,李睿鹏",2021Q4,182700.0,,66000.0,57100.0,0.84,48.9,,24.5,40.6,买入,,53.0
601869.SH,长飞光纤,20211118,反弹仍可期，分化终有时——通信行业2022年投资策略,非个股,一般报告,光大证券,"石崎良,刘凯,付天姿",2022Q4,1080900.0,,,114600.0,1.51,,,10.83,,增持,,
300474.SZ,景嘉微,20211118,景嘉微：9系列测试符合预期，民用领域前景广阔,点评,一般报告,中信建投,黎韬扬,2023Q4,245600.0,,,72300.0,2.4,67.3,,,,买入,,
002643.SZ,万润股份,20211118,万润股份：布局光刻胶项目助力国产替代，公司成长动能可期,点评,一般报告,安信证券,张汪强,2022Q4,530460.0,,93940.0,77090.0,0.83,27.3,1.3,12.6,14.9,买入,,29.0
002690.SZ,美亚光电,20211118,美亚光电跟踪点评：多重扰动下稳健经营，推股权激励促长期发展,点评,一般报告,中信证券,"刘海博,李越,李睿鹏",2022Q4,217800.0,,82100.0,71100.0,1.05,39.3,,29.5,33.1,买入,,53.0
301055.SZ,张小泉,20211118,张小泉：老字号迈向新国潮，百年品牌历久弥新,一般,首次关注,中金,"樊俊豪,吕沛航",2022Q4,101000.0,44300.0,16600.0,13100.0,0.84,29.9,0.3,16.8,18.4,跑赢行业,,33.0
603899.SH,晨光文具,20211118,晨光文具：中国文创龙头持续快速成长，强者愈强可期,点评,一般报告,中金,"樊俊豪,吕沛航",2022Q4,2024500.0,,228900.0,189300.0,2.04,30.3,1.2,28.0,18.6,跑赢行业,,97.0
603899.SH,晨光文具,20211118,晨光文具：中国文创龙头持续快速成长，强者愈强可期,点评,一般报告,中金,"樊俊豪,吕沛航",2021Q4,1674200.0,,184000.0,152100.0,1.64,37.7,1.0,26.8,23.5,跑赢行业,,97.0
688186.SH,广大特材,20211118,广大特材更新报告：短期业绩承压，中长期发展逻辑不变,点评,一般报告,国泰君安,"李鹏飞,魏雨迪,王宏玉",2023Q4,534100.0,,,76400.0,3.56,17.47,3.9,31.4,10.27,增持,,66.25
688186.SH,广大特材,20211118,广大特材更新报告：短期业绩承压，中长期发展逻辑不变,点评,一般报告,国泰君安,"李鹏飞,魏雨迪,王宏玉",2022Q4,410100.0,,,51700.0,2.41,25.83,2.9,24.9,14.65,增持,,66.25
688186.SH,广大特材,20211118,广大特材更新报告：短期业绩承压，中长期发展逻辑不变,点评,一般报告,国泰君安,"李鹏飞,魏雨迪,王宏玉",2021Q4,256700.0,,,26700.0,1.25,49.9,1.6,14.4,25.84,增持,,66.25
301055.SZ,张小泉,20211118,张小泉：老字号迈向新国潮，百年品牌历久弥新,一般,首次关注,中金,"樊俊豪,吕沛航",2021Q4,73200.0,30500.0,11100.0,8800.0,0.56,44.5,0.2,15.2,27.4,跑赢行业,,33.0
000875.SZ,吉电股份,20211118,吉电股份2021年三季报点评：持续加大新能源开发力度，开启新能源二次转型步伐,一般,首次评级,国信证券,"黄秀杰,陈卓鸣",2023Q4,1687300.0,,316300.0,154353.0,0.553,14.3,0.6,11.4,11.9,买入,8.75,7.75
000875.SZ,吉电股份,20211118,吉电股份2021年三季报点评：持续加大新能源开发力度，开启新能源二次转型步伐,一般,首次评级,国信证券,"黄秀杰,陈卓鸣",2022Q4,1467800.0,,249200.0,121590.0,0.436,18.2,0.4,10.1,12.6,买入,8.75,7.75
000875.SZ,吉电股份,20211118,吉电股份2021年三季报点评：持续加大新能源开发力度，开启新能源二次转型步伐,一般,首次评级,国信证券,"黄秀杰,陈卓鸣",2021Q4,1272100.0,,174400.0,85080.0,0.305,26.0,0.0,7.8,14.2,买入,8.75,7.75
002821.SZ,凯莱英,20211118,凯莱英：港交所上市进展顺利，大订单催化增长，坚定看好未来发展,点评,一般报告,天风证券,杨松,2023Q4,928596.0,,234612.0,208804.0,8.53,52.26,,21.01,42.25,买入,,
002821.SZ,凯莱英,20211118,凯莱英：港交所上市进展顺利，大订单催化增长，坚定看好未来发展,点评,一般报告,天风证券,杨松,2022Q4,725881.0,,184283.0,164012.0,6.7,66.53,,19.82,54.36,买入,,
002821.SZ,凯莱英,20211118,凯莱英：港交所上市进展顺利，大订单催化增长，坚定看好未来发展,点评,一般报告,天风证券,杨松,2021Q4,451536.0,,116431.0,103623.0,4.24,105.3,,14.87,84.83,买入,,
601985.SH,中国核电,20211118,中国核电2021年三季报点评：核电与新能源双轮驱动，2021Q3业绩稳健增长,一般,首次关注,国信证券,"黄秀杰,陈卓鸣",2023Q4,7142600.0,,2519200.0,1143953.0,0.653,10.3,4.0,12.1,9.5,买入,,
601985.SH,中国核电,20211118,中国核电2021年三季报点评：核电与新能源双轮驱动，2021Q3业绩稳健增长,一般,首次关注,国信证券,"黄秀杰,陈卓鸣",2022Q4,6834900.0,,2227100.0,1006171.0,0.574,11.6,3.5,11.8,10.0,买入,,
601985.SH,中国核电,20211118,中国核电2021年三季报点评：核电与新能源双轮驱动，2021Q3业绩稳健增长,一般,首次关注,国信证券,"黄秀杰,陈卓鸣",2021Q4,6081500.0,,1761400.0,802394.0,0.458,14.4,2.8,10.4,10.8,买入,,
300073.SZ,当升科技,20211117,当升科技：牵手SK与芬兰矿业，开启全球化大进程,点评,一般报告,太平洋证券,"方杰,周涛",2023Q4,1700000.0,,213400.0,179300.0,3.95,23.45,,24.38,16.04,买入,,127.0
300073.SZ,当升科技,20211117,当升科技：牵手SK与芬兰矿业，开启全球化大进程,点评,一般报告,太平洋证券,"方杰,周涛",2022Q4,1220000.0,,152300.0,127600.0,2.81,32.96,,22.93,21.35,买入,,127.0
300073.SZ,当升科技,20211117,当升科技：牵手SK与芬兰矿业，开启全球化大进程,点评,一般报告,太平洋证券,"方杰,周涛",2021Q4,802400.0,,107100.0,90300.0,1.99,46.58,,21.06,35.69,买入,,127.0
000333.SZ,美的集团,20211117,需求平淡，关注盈利修复——家电9月数据点评,非个股,一般报告,中泰证券,"邓欣,姚玮",2022Q4,,,,3281215.028,4.7,,,,,买入,,
000333.SZ,美的集团,20211117,需求平淡，关注盈利修复——家电9月数据点评,非个股,一般报告,中泰证券,"邓欣,姚玮",2021Q4,,,,2932149.6,4.2,,,,,买入,,
603486.SH,科沃斯,20211117,需求平淡，关注盈利修复——家电9月数据点评,非个股,一般报告,中泰证券,"邓欣,姚玮",2022Q4,,,,280291.699,4.9,,,,,买入,,
603486.SH,科沃斯,20211117,需求平淡，关注盈利修复——家电9月数据点评,非个股,一般报告,中泰证券,"邓欣,姚玮",2021Q4,,,,211648.834,3.7,,,,,买入,,
300911.SZ,亿田智能,20211117,需求平淡，关注盈利修复——家电9月数据点评,非个股,一般报告,中泰证券,"邓欣,姚玮",2022Q4,,,,28104.232,2.6,,,,,买入,,
300911.SZ,亿田智能,20211117,需求平淡，关注盈利修复——家电9月数据点评,非个股,一般报告,中泰证券,"邓欣,姚玮",2021Q4,,,,21618.64,2.0,,,,,买入,,
000651.SZ,格力电器,20211117,需求平淡，关注盈利修复——家电9月数据点评,非个股,一般报告,中泰证券,"邓欣,姚玮",2022Q4,,,,2543221.687,4.3,,,,,买入,,
000651.SZ,格力电器,20211117,需求平淡，关注盈利修复——家电9月数据点评,非个股,一般报告,中泰证券,"邓欣,姚玮",2021Q4,,,,2247498.235,3.8,,,,,买入,,
688007.SH,光峰科技,20211117,需求平淡，关注盈利修复——家电9月数据点评,非个股,一般报告,中泰证券,"邓欣,姚玮",2022Q4,,,,31692.983,0.7,,,,,买入,,
688007.SH,光峰科技,20211117,需求平淡，关注盈利修复——家电9月数据点评,非个股,一般报告,中泰证券,"邓欣,姚玮",2021Q4,,,,27165.414,0.6,,,,,买入,,
002032.SZ,苏泊尔,20211117,需求平淡，关注盈利修复——家电9月数据点评,非个股,一般报告,中泰证券,"邓欣,姚玮",2022Q4,,,,226429.973,2.8,,,,,买入,,
002032.SZ,苏泊尔,20211117,需求平淡，关注盈利修复——家电9月数据点评,非个股,一般报告,中泰证券,"邓欣,姚玮",2021Q4,,,,194082.834,2.4,,,,,买入,,
688696.SH,极米科技,20211117,需求平淡，关注盈利修复——家电9月数据点评,非个股,一般报告,中泰证券,"邓欣,姚玮",2022Q4,,,,62000.0,12.4,,,,,买入,,
688696.SH,极米科技,20211117,需求平淡，关注盈利修复——家电9月数据点评,非个股,一般报告,中泰证券,"邓欣,姚玮",2021Q4,,,,41500.0,8.3,,,,,买入,,
002594.SZ,比亚迪,20211117,BYD：A：Buy：NEV_champion_in_the_upcycle,一般,首份报告,HSBC,Yuqian Ding,2023Q4,38059700.0,5366400.0,1658500.0,1215300.0,4.17,,0.1,11.0,13.9,Buy,,373.0
002594.SZ,比亚迪,20211117,BYD：A：Buy：NEV_champion_in_the_upcycle,一般,首份报告,HSBC,Yuqian Ding,2021Q4,22634500.0,3033000.0,709500.0,502200.0,1.73,,0.1,6.5,22.7,Buy,,373.0
002594.SZ,比亚迪,20211117,BYD：A：Buy：NEV_champion_in_the_upcycle,一般,首份报告,HSBC,Yuqian Ding,2022Q4,31301900.0,4319700.0,1248100.0,910600.0,3.13,,0.1,9.0,17.4,Buy,,373.0
002669.SZ,康达新材,20211117,康达新材公司首次覆盖报告：新能源尖端新材料平台，风电结构胶＋光伏ITO双轮驱动,一般,首次关注,国元证券,凌晨,2022Q4,318233.0,,51504.0,45427.0,1.8,9.68,,16.68,7.13,买入,,
002669.SZ,康达新材,20211117,康达新材公司首次覆盖报告：新能源尖端新材料平台，风电结构胶＋光伏ITO双轮驱动,一般,首次关注,国元证券,凌晨,2021Q4,188064.0,,1182.0,1042.0,0.0413,421.82,,0.45,50.43,买入,,
003025.SZ,思进智能,20211117,思进智能深度报告：冷镦替代机加工潜力大，公司规模优势明显,深度,首次关注,国元证券,胡晓慧,2023Q4,74906.0,31800.0,24604.0,20638.0,1.83,17.4,,16.06,12.71,买入,,
003025.SZ,思进智能,20211117,思进智能深度报告：冷镦替代机加工潜力大，公司规模优势明显,深度,首次关注,国元证券,胡晓慧,2022Q4,60367.0,25000.0,19312.0,16199.0,1.44,22.16,,15.01,16.16,买入,,
003025.SZ,思进智能,20211117,思进智能深度报告：冷镦替代机加工潜力大，公司规模优势明显,深度,首次关注,国元证券,胡晓慧,2021Q4,48312.0,19500.0,14934.0,12527.0,1.11,28.66,,13.66,21.07,买入,,
002669.SZ,康达新材,20211117,康达新材公司首次覆盖报告：新能源尖端新材料平台，风电结构胶＋光伏ITO双轮驱动,一般,首次关注,国元证券,凌晨,2023Q4,454438.0,,61783.0,55111.0,2.18,7.98,,16.96,5.98,买入,,
600309.SH,万华化学,20211117,万华化学深度报告之二：ADI：聚氨酯皇冠上的明珠，产品集群雏形已现,深度,一般报告,国海证券,"李永磊,董伯骏,赵小燕",2023Q4,16312100.0,,3464200.0,2855300.0,9.09,10.7,,22.0,,买入,,
600309.SH,万华化学,20211117,万华化学深度报告之二：ADI：聚氨酯皇冠上的明珠，产品集群雏形已现,深度,一般报告,国海证券,"李永磊,董伯骏,赵小燕",2022Q4,14467900.0,,3194400.0,2663700.0,8.48,11.5,,26.0,,买入,,
600309.SH,万华化学,20211117,万华化学深度报告之二：ADI：聚氨酯皇冠上的明珠，产品集群雏形已现,深度,一般报告,国海证券,"李永磊,董伯骏,赵小燕",2021Q4,12976100.0,,2949200.0,2572900.0,8.19,11.9,,35.0,,买入,,
601021.SH,春秋航空,20211117,春秋航空公司深度研究：中国低成本航空龙头，尽享航空大众化红利,深度,首次关注,国海证券,"许可,李跃森",2023Q4,2115500.0,,308000.0,227900.0,2.49,23.38,,13.0,,增持,,
601021.SH,春秋航空,20211117,春秋航空公司深度研究：中国低成本航空龙头，尽享航空大众化红利,深度,首次关注,国海证券,"许可,李跃森",2022Q4,1604300.0,,158700.0,117400.0,1.28,45.39,,8.0,,增持,,
600008.SH,首创环保,20211117,首创环保：聚焦主业实现稳健发展，REITs盘活存量未来可期,深度,首次关注,中泰证券,"汪磊,郑汉林",2023Q4,3005400.0,,459400.0,301500.0,0.41,7.73,,9.06,,买入,,
601021.SH,春秋航空,20211117,春秋航空公司深度研究：中国低成本航空龙头，尽享航空大众化红利,深度,首次关注,国海证券,"许可,李跃森",2021Q4,1164800.0,,28300.0,23800.0,0.26,224.38,,2.0,,增持,,
600008.SH,首创环保,20211117,首创环保：聚焦主业实现稳健发展，REITs盘活存量未来可期,深度,首次关注,中泰证券,"汪磊,郑汉林",2022Q4,2629600.0,,382400.0,250900.0,0.34,9.29,,8.36,,买入,,
600008.SH,首创环保,20211117,首创环保：聚焦主业实现稳健发展，REITs盘活存量未来可期,深度,首次关注,中泰证券,"汪磊,郑汉林",2021Q4,2242600.0,,307900.0,202100.0,0.27,11.53,,7.41,,买入,,
605108.SH,同庆楼,20211117,餐饮行业：餐饮连锁行业研究框架：连锁化大势所趋，细分赛道特征各异,非个股,一般报告,国联证券,"顾熹闽,曹晶",2023Q4,247400.0,,,31300.0,1.21,,,12.2,,增持,,
605108.SH,同庆楼,20211117,餐饮行业：餐饮连锁行业研究框架：连锁化大势所趋，细分赛道特征各异,非个股,一般报告,国联证券,"顾熹闽,曹晶",2022Q4,206000.0,,,25200.0,0.97,,,11.0,,增持,,
605108.SH,同庆楼,20211117,餐饮行业：餐饮连锁行业研究框架：连锁化大势所趋，细分赛道特征各异,非个股,一般报告,国联证券,"顾熹闽,曹晶",2021Q4,170300.0,,,18900.0,0.73,,,9.1,,增持,,
600900.SH,长江电力,20211117,公用事业及环保行业：央行推出碳减排支持工具,非个股,一般报告,东兴证券,"洪一,沈一凡",2022Q4,,,,2751764.967,1.21,,,,,推荐,,
600900.SH,长江电力,20211117,公用事业及环保行业：央行推出碳减排支持工具,非个股,一般报告,东兴证券,"洪一,沈一凡",2021Q4,,,,2569830.093,1.13,,,,,推荐,,
300750.SZ,宁德时代,20211117,汽车行业深度报告：展望2022年新能源汽车增量结构,非个股,一般报告,平安证券,"王德安,朱栋,王子越",2023Q4,,,,2340174.605,10.04,,,,,强烈推荐,,
300750.SZ,宁德时代,20211117,汽车行业深度报告：展望2022年新能源汽车增量结构,非个股,一般报告,平安证券,"王德安,朱栋,王子越",2022Q4,,,,1745807.549,7.49,,,,,强烈推荐,,
300750.SZ,宁德时代,20211117,汽车行业深度报告：展望2022年新能源汽车增量结构,非个股,一般报告,平安证券,"王德安,朱栋,王子越",2021Q4,,,,1076853.254,4.62,,,,,强烈推荐,,
603686.SH,龙马环卫,20211117,公用事业及环保行业：央行推出碳减排支持工具,非个股,一般报告,东兴证券,"洪一,沈一凡",2022Q4,,,,59854.426,1.44,,,,,强烈推荐,,
603686.SH,龙马环卫,20211117,公用事业及环保行业：央行推出碳减排支持工具,非个股,一般报告,东兴证券,"洪一,沈一凡",2021Q4,,,,50710.0,1.22,,,,,强烈推荐,,
600323.SH,瀚蓝环境,20211117,公用事业及环保行业：央行推出碳减排支持工具,非个股,一般报告,东兴证券,"洪一,沈一凡",2022Q4,,,,157361.999,1.93,,,,,强烈推荐,,
600323.SH,瀚蓝环境,20211117,公用事业及环保行业：央行推出碳减排支持工具,非个股,一般报告,东兴证券,"洪一,沈一凡",2021Q4,,,,128824.849,1.58,,,,,强烈推荐,,
603808.SH,歌力思,20211117,歌力思：大力度股权激励，彰显未来长期发展信心（更正）,点评,首次评级,财信证券,"邹建军,陈诗璐",2023Q4,314300.0,,68900.0,49800.0,1.35,11.6,3.0,16.0,6.4,谨慎推荐,,
603808.SH,歌力思,20211117,歌力思：大力度股权激励，彰显未来长期发展信心（更正）,点评,首次评级,财信证券,"邹建军,陈诗璐",2022Q4,277400.0,,57800.0,41800.0,1.13,13.83,2.0,15.0,7.43,谨慎推荐,,
603808.SH,歌力思,20211117,歌力思：大力度股权激励，彰显未来长期发展信心（更正）,点评,首次评级,财信证券,"邹建军,陈诗璐",2021Q4,241700.0,,46900.0,33500.0,0.91,17.24,2.0,14.0,9.21,谨慎推荐,,
300113.SZ,顺网科技,20211117,顺网科技：三季报业绩符合预期，看好新产品线带来改善,点评,首份报告,招商证券,"顾佳,谢笑妍,陈永晟",2023Q4,242000.0,,37200.0,26100.0,0.38,44.7,,8.9,19.4,强烈推荐,,
300113.SZ,顺网科技,20211117,顺网科技：三季报业绩符合预期，看好新产品线带来改善,点评,首份报告,招商证券,"顾佳,谢笑妍,陈永晟",2022Q4,189100.0,,33900.0,23200.0,0.33,50.2,,8.4,19.5,强烈推荐,,
300113.SZ,顺网科技,20211117,顺网科技：三季报业绩符合预期，看好新产品线带来改善,点评,首份报告,招商证券,"顾佳,谢笑妍,陈永晟",2021Q4,148000.0,,29500.0,19700.0,0.28,59.2,,7.6,19.8,强烈推荐,,
002906.SZ,华阳集团,20211117,华阳集团：第三季度业绩表现良好，HUD有望成为增长支撑点,点评,首次关注,财信证券,"杨甫,张科理",2023Q4,734415.0,,73381.0,56662.0,1.19,40.36,0.64,12.52,18.15,谨慎推荐,,
002906.SZ,华阳集团,20211117,华阳集团：第三季度业绩表现良好，HUD有望成为增长支撑点,点评,首次关注,财信证券,"杨甫,张科理",2022Q4,586008.0,,53328.0,41279.0,0.87,55.4,0.47,10.05,22.22,谨慎推荐,,
002906.SZ,华阳集团,20211117,华阳集团：第三季度业绩表现良好，HUD有望成为增长支撑点,点评,首次关注,财信证券,"杨甫,张科理",2021Q4,443792.0,,37592.0,29235.0,0.62,78.22,0.33,7.69,27.67,谨慎推荐,,
600063.SH,皖维高新,20211117,皖维高新：PVA景气度仍将持续，新材料助力成长,点评,一般报告,申港证券,曹旭特,2023Q4,923815.0,,123800.0,109924.0,0.57,10.95,,16.01,7.59,买入,,
600063.SH,皖维高新,20211117,皖维高新：PVA景气度仍将持续，新材料助力成长,点评,一般报告,申港证券,曹旭特,2021Q4,811359.0,,115900.0,102989.0,0.53,11.69,,18.47,8.62,买入,,
600426.SH,华鲁恒升,20211117,华鲁恒升：Q3维持高景气，新材料未来可期,点评,一般报告,申港证券,曹旭特,2023Q4,3193162.0,,1253300.0,1061699.0,5.03,5.7,,30.69,3.15,买入,,
600063.SH,皖维高新,20211117,皖维高新：PVA景气度仍将持续，新材料助力成长,点评,一般报告,申港证券,曹旭特,2022Q4,904275.0,,116500.0,103494.0,0.54,11.63,,16.69,8.14,买入,,
600426.SH,华鲁恒升,20211117,华鲁恒升：Q3维持高景气，新材料未来可期,点评,一般报告,申港证券,曹旭特,2021Q4,2372836.0,,837800.0,709703.0,3.36,8.53,,33.75,6.06,买入,,
688082.SH,盛美上海,20211117,盛美上海：半导体设备领先厂商，差异化发展拓宽空间,新股,首份报告,广发证券,"许兴军,王亮,耿正,张大伟",2023Q4,363500.0,,74200.0,66100.0,1.525,,,10.7,,无,,
688082.SH,盛美上海,20211117,盛美上海：半导体设备领先厂商，差异化发展拓宽空间,新股,首份报告,广发证券,"许兴军,王亮,耿正,张大伟",2022Q4,242600.0,,52100.0,46400.0,1.07,,,8.4,,无,,
688082.SH,盛美上海,20211117,盛美上海：半导体设备领先厂商，差异化发展拓宽空间,新股,首份报告,广发证券,"许兴军,王亮,耿正,张大伟",2021Q4,153100.0,,32800.0,29200.0,0.673,,,5.8,,无,,
688082.SH,盛美上海,20211117,盛美上海新股分析：国内清洗设备龙头，多产品线布局建立平台化优势,新股,首份报告,招商证券,"鄢凡,曹辉",2023Q4,326600.0,,48800.0,42900.0,0.99,85.9,,7.7,65.7,无,,
688082.SH,盛美上海,20211117,盛美上海新股分析：国内清洗设备龙头，多产品线布局建立平台化优势,新股,首份报告,招商证券,"鄢凡,曹辉",2021Q4,145400.0,,21100.0,19400.0,0.45,189.9,,3.9,145.3,无,,
000002.SZ,万科A,20211117,万科A：万物云战略路径清晰,点评,一般报告,中金,张宇,2022Q4,51009800.0,,6435900.0,3743100.0,3.22,6.0,5.8,16.4,4.5,跑赢行业,,23.6
688082.SH,盛美上海,20211117,盛美上海新股分析：国内清洗设备龙头，多产品线布局建立平台化优势,新股,首份报告,招商证券,"鄢凡,曹辉",2022Q4,250200.0,,35600.0,31300.0,0.72,117.7,,6.0,89.2,无,,
000002.SZ,万科A,20211117,万科A：万物云战略路径清晰,点评,一般报告,中金,张宇,2021Q4,46090500.0,,5904700.0,3434200.0,2.95,6.6,5.3,15.2,5.5,跑赢行业,,23.6
605299.SH,舒华体育,20211117,舒华体育：发力智能化与全渠道，向健康服务商进阶,点评,一般报告,中金,"樊俊豪,何伟,吕沛航",2022Q4,190400.0,,24200.0,18600.0,0.45,44.4,1.3,13.7,23.9,跑赢行业,,25.0
605299.SH,舒华体育,20211117,舒华体育：发力智能化与全渠道，向健康服务商进阶,点评,一般报告,中金,"樊俊豪,何伟,吕沛航",2021Q4,164900.0,,18000.0,13900.0,0.34,59.6,1.0,10.7,31.1,跑赢行业,,25.0
000651.SZ,格力电器,20211117,格力电器：拟控股盾安环境，增强产业链实力，新能源布局更进一步,点评,一般报告,招商证券,陈东飞,2023Q4,24004100.0,,3621900.0,3051900.0,5.16,7.0,,19.3,6.6,强烈推荐,,
000651.SZ,格力电器,20211117,格力电器：拟控股盾安环境，增强产业链实力，新能源布局更进一步,点评,一般报告,招商证券,陈东飞,2021Q4,20103000.0,,2931500.0,2471700.0,4.18,8.7,,21.3,7.7,强烈推荐,,
688082.SH,盛美上海,20211117,盛美上海：持续技术创新、不断自我超越的半导体设备龙头,新股,首份报告,中银国际,"杨绍辉,陶波",2023Q4,363296.0,,66100.0,58500.0,1.349,63.0,,10.8,,无,,
688082.SH,盛美上海,20211117,盛美上海：持续技术创新、不断自我超越的半导体设备龙头,新股,首份报告,中银国际,"杨绍辉,陶波",2022Q4,252242.0,,47500.0,42000.0,0.969,87.7,,8.5,,无,,
688082.SH,盛美上海,20211117,盛美上海：持续技术创新、不断自我超越的半导体设备龙头,新股,首份报告,中银国际,"杨绍辉,陶波",2021Q4,155836.0,,29800.0,26500.0,0.611,139.1,,9.0,,无,,
002180.SZ,纳思达,20211117,纳思达：进击的中国打印全产业链龙头,深度,首次评级,长江证券,"莫文宇,杨洋,谢尔曼,王泽罡,钟智铧,蔡少东",2023Q4,3364000.0,,,280000.0,2.23,16.3,,,,买入,,
002180.SZ,纳思达,20211117,纳思达：进击的中国打印全产业链龙头,深度,首次评级,长江证券,"莫文宇,杨洋,谢尔曼,王泽罡,钟智铧,蔡少东",2022Q4,2946000.0,,,199000.0,1.59,23.0,,,,买入,,
002180.SZ,纳思达,20211117,纳思达：进击的中国打印全产业链龙头,深度,首次评级,长江证券,"莫文宇,杨洋,谢尔曼,王泽罡,钟智铧,蔡少东",2021Q4,2598000.0,,,147000.0,1.17,31.0,,,,买入,,
002483.SZ,润邦股份,20211117,润邦股份：深耕高端装备领域，海上风电装备乘势而上,一般,一般报告,西南证券,"邰桂龙,王宁",2023Q4,658377.0,,92264.0,66928.0,0.71,11.28,1.32,13.17,5.75,买入,,10.6
002483.SZ,润邦股份,20211117,润邦股份：深耕高端装备领域，海上风电装备乘势而上,一般,一般报告,西南证券,"邰桂龙,王宁",2022Q4,523628.0,,64789.0,49674.0,0.53,15.19,1.0,10.96,7.96,买入,,10.6
002483.SZ,润邦股份,20211117,润邦股份：深耕高端装备领域，海上风电装备乘势而上,一般,一般报告,西南证券,"邰桂龙,王宁",2021Q4,423439.0,,48126.0,37634.0,0.4,20.06,0.68,9.32,10.42,买入,,10.6
002705.SZ,新宝股份,20211117,新宝股份：新品牌表现超预期，收入端涌现新活力——公司调研更新报告,调研,一般报告,国泰君安,"蔡雯娟,樊夏俐,谢丛睿",2023Q4,1908800.0,,,131200.0,1.59,16.68,2.4,16.3,12.17,增持,,31.44
002705.SZ,新宝股份,20211117,新宝股份：新品牌表现超预期，收入端涌现新活力——公司调研更新报告,调研,一般报告,国泰君安,"蔡雯娟,樊夏俐,谢丛睿",2022Q4,1663400.0,,,107900.0,1.31,20.28,2.0,14.9,14.64,增持,,31.44
600426.SH,华鲁恒升,20211117,华鲁恒升：Q3维持高景气，新材料未来可期,点评,一般报告,申港证券,曹旭特,2022Q4,2824318.0,,1013200.0,858300.0,4.06,7.06,,31.68,4.52,买入,,
000651.SZ,格力电器,20211117,格力电器：拟控股盾安环境，增强产业链实力，新能源布局更进一步,点评,一般报告,招商证券,陈东飞,2022Q4,22006800.0,,3272100.0,2758000.0,4.66,7.8,,20.3,7.2,强烈推荐,,
002705.SZ,新宝股份,20211117,新宝股份：新品牌表现超预期，收入端涌现新活力——公司调研更新报告,调研,一般报告,国泰君安,"蔡雯娟,樊夏俐,谢丛睿",2021Q4,1485800.0,,,81800.0,0.99,26.75,1.7,12.5,18.88,增持,,31.44
000651.SZ,格力电器,20211117,格力电器：产业链布局逐步完善，业务协同效应加强——拟受让盾安环境股权事件点评,点评,一般报告,国泰君安,"蔡雯娟,谢丛睿,樊夏俐",2023Q4,21258900.0,,,2661100.0,4.5,8.07,6.5,17.8,6.82,增持,,47.3
600884.SH,杉杉股份,20211117,杉杉股份深度跟踪报告：技术领先＋成本优势，锂电龙头再起航,深度,一般报告,中信证券,"袁健聪,李鹞,吴威辰,滕冠兴",2023Q4,3181200.0,,485300.0,391800.0,2.37,14.8,,20.8,10.7,买入,,48.0
600884.SH,杉杉股份,20211117,杉杉股份深度跟踪报告：技术领先＋成本优势，锂电龙头再起航,深度,一般报告,中信证券,"袁健聪,李鹞,吴威辰,滕冠兴",2022Q4,2591500.0,,392200.0,316700.0,1.91,18.4,,18.5,13.0,买入,,48.0
600884.SH,杉杉股份,20211117,杉杉股份深度跟踪报告：技术领先＋成本优势，锂电龙头再起航,深度,一般报告,中信证券,"袁健聪,李鹞,吴威辰,滕冠兴",2021Q4,2099000.0,,407300.0,328900.0,1.99,17.6,,20.9,13.2,买入,,48.0
600132.SH,重庆啤酒,20211117,重庆啤酒：新投50万吨产能，高景气下势能延续,点评,一般报告,德邦证券,"花小伟,邓周贵,李文华",2023Q4,1862300.0,,439900.0,186000.0,3.84,42.43,2.1,96.8,16.21,买入,,
600132.SH,重庆啤酒,20211117,重庆啤酒：新投50万吨产能，高景气下势能延续,点评,一般报告,德邦证券,"花小伟,邓周贵,李文华",2022Q4,1621600.0,,366600.0,155000.0,3.2,50.92,1.8,108.0,19.76,买入,,
600132.SH,重庆啤酒,20211117,重庆啤酒：新投50万吨产能，高景气下势能延续,点评,一般报告,德邦证券,"花小伟,邓周贵,李文华",2021Q4,1374400.0,,295500.0,125000.0,2.58,63.17,1.4,126.8,25.17,买入,,
000651.SZ,格力电器,20211117,格力电器控股盾安环境点评：完善产业链，协同发展,点评,一般报告,东莞证券,"魏红梅,谭欣欣",2023Q4,24668500.0,,3736800.0,3145900.0,5.32,7.0,,,,推荐,,
000651.SZ,格力电器,20211117,格力电器控股盾安环境点评：完善产业链，协同发展,点评,一般报告,东莞证券,"魏红梅,谭欣欣",2022Q4,22466800.0,,3331600.0,2804800.0,4.74,8.0,,,,推荐,,
000651.SZ,格力电器,20211117,格力电器控股盾安环境点评：完善产业链，协同发展,点评,一般报告,东莞证券,"魏红梅,谭欣欣",2021Q4,20203900.0,,2923100.0,2460900.0,4.16,9.0,,,,推荐,,
002821.SZ,凯莱英,20211117,凯莱英事件点评：公司新签美国大订单，带来较大业绩增量,点评,一般报告,东吴证券,"朱国广,周新明",2023Q4,835800.0,,228300.0,202400.0,8.27,53.91,,19.3,39.99,买入,,
002821.SZ,凯莱英,20211117,凯莱英事件点评：公司新签美国大订单，带来较大业绩增量,点评,一般报告,东吴证券,"朱国广,周新明",2022Q4,768900.0,,200800.0,178100.0,7.28,61.28,,20.7,47.25,买入,,
002821.SZ,凯莱英,20211117,凯莱英事件点评：公司新签美国大订单，带来较大业绩增量,点评,一般报告,东吴证券,"朱国广,周新明",2021Q4,489800.0,,126000.0,111700.0,4.57,97.67,,16.0,76.69,买入,,
300474.SZ,景嘉微,20211117,景嘉微：9系列性能符合设计预期，关键指标力压GTX1080,点评,一般报告,东吴证券,"王紫敬,王世杰",2023Q4,315000.0,,98100.0,93200.0,3.1,52.25,,21.2,46.08,买入,,233.0
300474.SZ,景嘉微,20211117,景嘉微：9系列性能符合设计预期，关键指标力压GTX1080,点评,一般报告,东吴证券,"王紫敬,王世杰",2022Q4,211600.0,,60600.0,57600.0,1.91,84.57,,16.6,73.47,买入,,233.0
300474.SZ,景嘉微,20211117,景嘉微：9系列性能符合设计预期，关键指标力压GTX1080,点评,一般报告,东吴证券,"王紫敬,王世杰",2021Q4,133200.0,,37300.0,35500.0,1.18,137.31,,12.3,118.33,买入,,233.0
601567.SH,三星医疗,20211117,三星医疗：股权激励方案彰显公司发展信心，连锁康复大有可为,点评,一般报告,天风证券,"杨松,张雪,李妞妞,李慧瑶",2023Q4,1109792.0,,140767.0,117089.0,0.84,18.98,,10.16,8.69,买入,,
601567.SH,三星医疗,20211117,三星医疗：股权激励方案彰显公司发展信心，连锁康复大有可为,点评,一般报告,天风证券,"杨松,张雪,李妞妞,李慧瑶",2022Q4,969199.0,,115430.0,96014.0,0.69,23.15,,9.27,10.81,买入,,
601567.SH,三星医疗,20211117,三星医疗：股权激励方案彰显公司发展信心，连锁康复大有可为,点评,一般报告,天风证券,"杨松,张雪,李妞妞,李慧瑶",2021Q4,790505.0,,95702.0,79604.0,0.57,27.92,,8.47,14.39,买入,,
603501.SH,韦尔股份,20211117,韦尔股份：加快系列面板驱动IC布局，2022年替代提速,点评,一般报告,华西证券,"孙远峰,王海维",2023Q4,4600000.0,,979300.0,890200.0,10.24,25.87,,28.5,,买入,,
603501.SH,韦尔股份,20211117,韦尔股份：加快系列面板驱动IC布局，2022年替代提速,点评,一般报告,华西证券,"孙远峰,王海维",2022Q4,3500000.0,,718400.0,653000.0,7.51,35.27,,29.2,,买入,,
603501.SH,韦尔股份,20211117,韦尔股份：加快系列面板驱动IC布局，2022年替代提速,点评,一般报告,华西证券,"孙远峰,王海维",2021Q4,2700000.0,,506800.0,460700.0,5.3,49.99,,29.1,,买入,,
300993.SZ,玉马遮阳,20211117,玉马遮阳：如何看待公司的“定价权”优势,深度,一般报告,中信证券,"孙明新,肖昊",2023Q4,94830.0,,29200.0,25090.0,1.91,13.9,,18.2,,买入,,35.0
300993.SZ,玉马遮阳,20211117,玉马遮阳：如何看待公司的“定价权”优势,深度,一般报告,中信证券,"孙明新,肖昊",2022Q4,69320.0,,21500.0,18510.0,1.41,18.9,,15.3,,买入,,35.0
300993.SZ,玉马遮阳,20211117,玉马遮阳：如何看待公司的“定价权”优势,深度,一般报告,中信证券,"孙明新,肖昊",2021Q4,53320.0,,16900.0,14500.0,1.1,24.2,,16.3,,买入,,35.0
300792.SZ,壹网壹创,20211117,壹网壹创：多维拓展引擎全开，激发品牌全新动力,深度,首次关注,华安证券,王洪岩,2023Q4,214400.0,,83200.0,60700.0,2.54,20.15,,20.2,,买入,,
300792.SZ,壹网壹创,20211117,壹网壹创：多维拓展引擎全开，激发品牌全新动力,深度,首次关注,华安证券,王洪岩,2022Q4,180300.0,,67700.0,49700.0,2.08,24.64,,20.6,,买入,,
300792.SZ,壹网壹创,20211117,壹网壹创：多维拓展引擎全开，激发品牌全新动力,深度,首次关注,华安证券,王洪岩,2021Q4,145100.0,,53600.0,39700.0,1.66,30.81,,20.8,,买入,,
000651.SZ,格力电器,20211117,格力电器：产业链布局逐步完善，业务协同效应加强——拟受让盾安环境股权事件点评,点评,一般报告,国泰君安,"蔡雯娟,谢丛睿,樊夏俐",2022Q4,20017800.0,,,2511400.0,4.25,8.55,6.3,18.3,7.61,增持,,47.3
000651.SZ,格力电器,20211117,格力电器：产业链布局逐步完善，业务协同效应加强——拟受让盾安环境股权事件点评,点评,一般报告,国泰君安,"蔡雯娟,谢丛睿,樊夏俐",2021Q4,18884800.0,,,2332000.0,3.94,9.21,6.1,18.6,8.56,增持,,47.3
002472.SZ,双环传动,20211117,双环传动深度报告：汽车齿轮行业龙头，RV减速器国产替代加速,深度,首次关注,浙商证券,"邱世梁,王华君,王敬,刘文婷,潘贻立",2023Q4,786400.0,,73400.0,64000.0,0.823,30.51,,13.13,17.69,买入,,
002472.SZ,双环传动,20211117,双环传动深度报告：汽车齿轮行业龙头，RV减速器国产替代加速,深度,首次关注,浙商证券,"邱世梁,王华君,王敬,刘文婷,潘贻立",2022Q4,650300.0,,50100.0,43600.0,0.561,44.75,,10.13,22.57,买入,,
000625.SZ,长安汽车,20211117,长安汽车：阿维塔E11隆重发布，SEV车型规划饱满,点评,一般报告,华西证券,崔琰,2021Q4,10286500.0,,381500.0,457800.0,0.6,30.28,,7.9,,买入,,
920000.BJ,安徽凤凰,20211117,安徽凤凰：国内汽滤领军企业，产能扩张拓展市场,一般,首次关注,中信建投,"程似骐,何俊艺,陶亦然,杨耀先,马博硕",2023Q4,49200.0,,,7300.0,,,,,,增持,,
920000.BJ,安徽凤凰,20211117,安徽凤凰：国内汽滤领军企业，产能扩张拓展市场,一般,首次关注,中信建投,"程似骐,何俊艺,陶亦然,杨耀先,马博硕",2022Q4,44700.0,,,6200.0,,,,,,增持,,
920000.BJ,安徽凤凰,20211117,安徽凤凰：国内汽滤领军企业，产能扩张拓展市场,一般,首次关注,中信建投,"程似骐,何俊艺,陶亦然,杨耀先,马博硕",2021Q4,39000.0,,,5000.0,,,,,,增持,,
002472.SZ,双环传动,20211117,双环传动深度报告：汽车齿轮行业龙头，RV减速器国产替代加速,深度,首次关注,浙商证券,"邱世梁,王华君,王敬,刘文婷,潘贻立",2021Q4,513400.0,,32200.0,28400.0,0.365,68.85,,7.31,30.73,买入,,
000625.SZ,长安汽车,20211117,长安汽车：阿维塔E11隆重发布，SEV车型规划饱满,点评,一般报告,华西证券,崔琰,2023Q4,12594300.0,,661500.0,694600.0,0.91,19.95,,9.7,,买入,,
000625.SZ,长安汽车,20211117,长安汽车：阿维塔E11隆重发布，SEV车型规划饱满,点评,一般报告,华西证券,崔琰,2022Q4,11449400.0,,514900.0,566400.0,0.74,24.47,,8.8,,买入,,
603799.SH,华友钴业,20211117,行业景气度持续向上，电池技术升级加速－－电动车2021年10月专题报告,非个股,一般报告,东吴证券,曾朵红,2023Q4,,,,623000.0,5.101,,,,,买入,,168.0
603799.SH,华友钴业,20211117,行业景气度持续向上，电池技术升级加速－－电动车2021年10月专题报告,非个股,一般报告,东吴证券,曾朵红,2022Q4,,,,456000.0,3.734,,,,,买入,,168.0
603799.SH,华友钴业,20211117,行业景气度持续向上，电池技术升级加速－－电动车2021年10月专题报告,非个股,一般报告,东吴证券,曾朵红,2021Q4,,,,318000.0,2.604,,,,,买入,,168.0
600392.SH,盛和资源,20211117,供需矛盾延续，锂钴稀土仍大有可为——金属新材料行业2022年投资策略,非个股,一般报告,光大证券,王招华,2022Q4,1411600.0,,,146800.0,0.84,,,14.81,,增持,,
600392.SH,盛和资源,20211117,供需矛盾延续，锂钴稀土仍大有可为——金属新材料行业2022年投资策略,非个股,一般报告,光大证券,王招华,2021Q4,1245800.0,,,113300.0,0.65,,,13.16,,增持,,
600392.SH,盛和资源,20211117,供需矛盾延续，锂钴稀土仍大有可为——金属新材料行业2022年投资策略,非个股,一般报告,光大证券,王招华,2023Q4,1668100.0,,,173900.0,0.99,,,15.21,,增持,,
002832.SZ,比音勒芬,20211117,纺织服装海外跟踪系列十五：阿迪达斯三季度中国收入降15％，供应短缺影响持续,非个股,一般报告,国信证券,丁诗洁,2022Q4,,,,78655.002,1.43,,,,,增持,,
002832.SZ,比音勒芬,20211117,纺织服装海外跟踪系列十五：阿迪达斯三季度中国收入降15％，供应短缺影响持续,非个股,一般报告,国信证券,丁诗洁,2021Q4,,,,64354.093,1.17,,,,,增持,,
600415.SH,小商品城,20211117,批发零售业：需求环比明显回暖，M型消费趋势延续——2021年10月社零数据点评,非个股,一般报告,国泰君安,"刘越男,于清泰",2022Q4,,,,149000.0,0.271,,,,,增持,,
600415.SH,小商品城,20211117,批发零售业：需求环比明显回暖，M型消费趋势延续——2021年10月社零数据点评,非个股,一般报告,国泰君安,"刘越男,于清泰",2021Q4,,,,128300.0,0.234,,,,,增持,,
002345.SZ,潮宏基,20211117,批发零售业：需求环比明显回暖，M型消费趋势延续——2021年10月社零数据点评,非个股,一般报告,国泰君安,"刘越男,于清泰",2022Q4,,,,43800.0,0.484,,,,,增持,,
002345.SZ,潮宏基,20211117,批发零售业：需求环比明显回暖，M型消费趋势延续——2021年10月社零数据点评,非个股,一般报告,国泰君安,"刘越男,于清泰",2021Q4,,,,35700.0,0.394,,,,,增持,,
300233.SZ,金城医药,20211117,金城医药：烟碱获生产许可，行业龙头乘风而起,一般,首份报告,东兴证券,"胡博新,王敏杰",2023Q4,443744.0,,58500.0,41100.0,1.05,31.48,,10.21,18.01,推荐,,
300233.SZ,金城医药,20211117,金城医药：烟碱获生产许可，行业龙头乘风而起,一般,首份报告,东兴证券,"胡博新,王敏杰",2022Q4,385361.0,,48400.0,33900.0,0.86,38.26,,8.92,21.11,推荐,,
300233.SZ,金城医药,20211117,金城医药：烟碱获生产许可，行业龙头乘风而起,一般,首份报告,东兴证券,"胡博新,王敏杰",2021Q4,310418.0,,23300.0,15500.0,0.4,83.45,,4.31,33.52,推荐,,
603605.SH,珀莱雅,20211117,珀莱雅：国货大单品时代开启，公司品牌价值绽放终可期,深度,一般报告,银河证券,甄唯萱,2023Q4,687470.0,,,92002.0,4.59,42.0,,23.32,,推荐,,
603605.SH,珀莱雅,20211117,珀莱雅：国货大单品时代开启，公司品牌价值绽放终可期,深度,一般报告,银河证券,甄唯萱,2022Q4,571754.0,,,72909.0,3.64,53.0,,22.09,,推荐,,
603605.SH,珀莱雅,20211117,珀莱雅：国货大单品时代开启，公司品牌价值绽放终可期,深度,一般报告,银河证券,甄唯萱,2021Q4,484472.0,,,56974.0,2.84,68.0,,20.42,,推荐,,
600132.SH,重庆啤酒,20211117,重庆啤酒：优化高端产能布局，夯实基础稳步向前,点评,一般报告,安信证券,苏铖,2023Q4,1790990.0,,434230.0,178030.0,3.68,44.3,2.0,248.0,16.1,买入,,180.0
600132.SH,重庆啤酒,20211117,重庆啤酒：优化高端产能布局，夯实基础稳步向前,点评,一般报告,安信证券,苏铖,2022Q4,1582630.0,,354370.0,145290.0,3.0,54.3,1.9,275.4,19.5,买入,,180.0
600132.SH,重庆啤酒,20211117,重庆啤酒：优化高端产能布局，夯实基础稳步向前,点评,一般报告,安信证券,苏铖,2021Q4,1360530.0,,271220.0,111200.0,2.3,71.0,1.4,185.2,25.6,买入,,180.0
000651.SZ,格力电器,20211117,格力电器：加快多元化布局，夯实产业链优势,点评,一般报告,西南证券,"龚梦泓,夏勤",2023Q4,23109739.0,,3481381.0,2932271.0,4.96,7.33,6.49,19.61,,买入,,
000651.SZ,格力电器,20211117,格力电器：加快多元化布局，夯实产业链优势,点评,一般报告,西南证券,"龚梦泓,夏勤",2022Q4,21476186.0,,3112586.0,2621615.0,4.43,8.19,5.85,19.55,0.46,买入,,
000651.SZ,格力电器,20211117,格力电器：加快多元化布局，夯实产业链优势,点评,一般报告,西南证券,"龚梦泓,夏勤",2021Q4,19405912.0,,2807115.0,2363551.0,4.0,9.09,5.49,19.64,1.39,买入,,
002444.SZ,巨星科技,20211117,巨星科技跟踪点评：业绩符合预期，看好后续盈利能力回升,点评,一般报告,中信证券,"刘海博,李越,李睿鹏",2023Q4,1369200.0,,277300.0,236800.0,2.07,15.7,,15.3,13.6,买入,,42.0
002444.SZ,巨星科技,20211117,巨星科技跟踪点评：业绩符合预期，看好后续盈利能力回升,点评,一般报告,中信证券,"刘海博,李越,李睿鹏",2022Q4,1190700.0,,224900.0,192200.0,1.68,19.3,,14.7,16.5,买入,,42.0
600893.SH,航发动力,20211117,航发动力：航空强军，动力先行,深度,一般报告,国信证券,"花超,梁后权",2023Q4,4943500.0,,338400.0,275675.0,1.03,58.2,0.5,6.8,31.5,买入,,
600893.SH,航发动力,20211117,航发动力：航空强军，动力先行,深度,一般报告,国信证券,"花超,梁后权",2022Q4,4126500.0,,256500.0,209204.0,0.78,76.6,0.5,5.5,37.2,买入,,
002444.SZ,巨星科技,20211117,巨星科技跟踪点评：业绩符合预期，看好后续盈利能力回升,点评,一般报告,中信证券,"刘海博,李越,李睿鹏",2021Q4,995300.0,,184200.0,155500.0,1.36,23.9,,13.9,19.8,买入,,42.0
002919.SZ,名臣健康,20211117,名臣健康：加码游戏研发，期待第二曲线游戏业务前景,深度,首次关注,东吴证券,张良卫,2023Q4,227935.0,,55400.0,54812.0,4.49,9.84,,30.1,7.73,买入,,66.6
002919.SZ,名臣健康,20211117,名臣健康：加码游戏研发，期待第二曲线游戏业务前景,深度,首次关注,东吴证券,张良卫,2022Q4,199745.0,,45600.0,45145.0,3.7,11.95,,35.4,10.28,买入,,66.6
002919.SZ,名臣健康,20211117,名臣健康：加码游戏研发，期待第二曲线游戏业务前景,深度,首次关注,东吴证券,张良卫,2021Q4,85470.0,,17000.0,16872.0,1.38,31.97,,20.5,26.65,买入,,66.6
002311.SZ,海大集团,20211117,海大集团公司季报点评：生猪养殖业务拖累短期业绩，“饲料－动保－种苗”一体两翼战略稳步推进,点评,一般报告,海通证券,"丁频,陈阳,孟亚琦",2023Q4,11558100.0,,645000.0,480700.0,2.89,22.7,1.2,23.8,16.06,优于大市,,
600893.SH,航发动力,20211117,航发动力：航空强军，动力先行,深度,一般报告,国信证券,"花超,梁后权",2021Q4,3424500.0,,187300.0,152571.0,0.57,105.1,0.4,4.1,47.0,买入,,
002311.SZ,海大集团,20211117,海大集团公司季报点评：生猪养殖业务拖累短期业绩，“饲料－动保－种苗”一体两翼战略稳步推进,点评,一般报告,海通证券,"丁频,陈阳,孟亚琦",2021Q4,8381100.0,,231300.0,164700.0,0.99,66.28,0.7,11.1,42.71,优于大市,,
002353.SZ,杰瑞股份,20211117,杰瑞股份跟踪点评：多重因素影响3Q21业绩，斩获中东27亿元大单看好上行周期公司表现,点评,一般报告,中信证券,"刘海博,李越,李睿鹏",2023Q4,1309535.0,,344800.0,291575.0,3.04,13.55,,16.73,11.93,买入,,63.0
002353.SZ,杰瑞股份,20211117,杰瑞股份跟踪点评：多重因素影响3Q21业绩，斩获中东27亿元大单看好上行周期公司表现,点评,一般报告,中信证券,"刘海博,李越,李睿鹏",2022Q4,1109629.0,,284100.0,239907.0,2.5,16.47,,16.22,14.41,买入,,63.0
002353.SZ,杰瑞股份,20211117,杰瑞股份跟踪点评：多重因素影响3Q21业绩，斩获中东27亿元大单看好上行周期公司表现,点评,一般报告,中信证券,"刘海博,李越,李睿鹏",2021Q4,897435.0,,203300.0,171925.0,1.79,22.98,,13.62,19.72,买入,,63.0
002191.SZ,劲嘉股份,20211117,劲嘉股份收购事项点评：拟收购恒天商业股权，打造烟草贸易服务综合平台,点评,一般报告,国泰君安,"穆方舟,张心怡,林昕宇",2023Q4,639600.0,,,144200.0,0.98,14.3,2.1,12.9,8.4,增持,,16.29
002191.SZ,劲嘉股份,20211117,劲嘉股份收购事项点评：拟收购恒天商业股权，打造烟草贸易服务综合平台,点评,一般报告,国泰君安,"穆方舟,张心怡,林昕宇",2022Q4,566400.0,,,124400.0,0.85,16.58,2.1,12.8,10.73,增持,,16.29
002191.SZ,劲嘉股份,20211117,劲嘉股份收购事项点评：拟收购恒天商业股权，打造烟草贸易服务综合平台,点评,一般报告,国泰君安,"穆方舟,张心怡,林昕宇",2021Q4,491300.0,,,102800.0,0.7,20.06,2.1,12.1,13.89,增持,,16.29
688212.SH,澳华内镜,20211117,澳华内镜深度研究报告：国产软镜领军企业，迎进口替代重大机遇,深度,首次关注,华创证券,"高岳,郑辰,李婵娟",2022Q4,40900.0,,8000.0,6100.0,0.45,76.0,,8.5,60.0,推荐,,45.0
688212.SH,澳华内镜,20211117,澳华内镜深度研究报告：国产软镜领军企业，迎进口替代重大机遇,深度,首次关注,华创证券,"高岳,郑辰,李婵娟",2021Q4,34000.0,,7800.0,5900.0,0.44,78.0,,9.2,61.0,推荐,,45.0
000625.SZ,长安汽车,20211117,长安汽车：自主销量持续向好，预计阿维塔11智能汽车配置具备竞争力,点评,一般报告,东方证券,姜雪晴,2021Q4,10217200.0,,467300.0,461500.0,0.61,32.2,,8.2,14.6,买入,,26.45
688212.SH,澳华内镜,20211117,澳华内镜深度研究报告：国产软镜领军企业，迎进口替代重大机遇,深度,首次关注,华创证券,"高岳,郑辰,李婵娟",2023Q4,60600.0,,15900.0,12100.0,0.9,38.0,,14.3,33.0,推荐,,45.0
000651.SZ,格力电器,20211117,格力电器：拟并购盾安环境，跨界是战略目标,点评,一般报告,中金,"何伟,周嘉乐,卢璐",2022Q4,,,2909900.0,2432900.0,4.11,8.8,7.9,21.3,3.9,跑赢行业,,53.3
000651.SZ,格力电器,20211117,格力电器：拟并购盾安环境，跨界是战略目标,点评,一般报告,中金,"何伟,周嘉乐,卢璐",2021Q4,,,2674700.0,2246900.0,3.8,9.6,7.3,20.0,4.2,跑赢行业,,53.3
920765.BJ,美之高,20211117,美之高：国内金属置物架ODM龙头,深度,首次关注,华鑫证券,万蓉,2023Q4,54800.0,,7000.0,5566.0,0.8,13.8,,16.8,,审慎推荐,,
920765.BJ,美之高,20211117,美之高：国内金属置物架ODM龙头,深度,首次关注,华鑫证券,万蓉,2022Q4,52000.0,,5100.0,4110.0,0.59,18.7,,14.1,,审慎推荐,,
920765.BJ,美之高,20211117,美之高：国内金属置物架ODM龙头,深度,首次关注,华鑫证券,万蓉,2021Q4,51400.0,,1800.0,1416.0,0.2,54.2,,5.4,,审慎推荐,,
600057.SH,厦门象屿,20211117,厦门象屿五问五答：大宗商品价格波动不改公司盈利稳定增长,一般,一般报告,中金,"冯启斌,张文杰,杨鑫",2022Q4,55045200.0,,452100.0,256700.0,1.19,6.1,8.1,14.9,5.4,跑赢行业,,11.21
600057.SH,厦门象屿,20211117,厦门象屿五问五答：大宗商品价格波动不改公司盈利稳定增长,一般,一般报告,中金,"冯启斌,张文杰,杨鑫",2021Q4,45678200.0,,386800.0,213200.0,0.99,7.4,6.8,13.6,5.8,跑赢行业,,11.21
002821.SZ,凯莱英,20211117,凯莱英：大订单签订确保未来2年业绩高增长以及彰显公司CDMO竞争优势,点评,一般报告,华西证券,"崔文亮,徐顺利",2023Q4,820200.0,,215900.0,191600.0,7.83,53.22,,17.9,,买入,,
002821.SZ,凯莱英,20211117,凯莱英：大订单签订确保未来2年业绩高增长以及彰显公司CDMO竞争优势,点评,一般报告,华西证券,"崔文亮,徐顺利",2021Q4,491900.0,,122400.0,108600.0,4.44,93.85,,15.3,,买入,,
002821.SZ,凯莱英,20211117,凯莱英：签订重大合同，业绩显著提速可期,点评,一般报告,华泰证券,"代雯,高鹏",2023Q4,841700.0,,225700.0,200100.0,8.18,50.94,,21.07,32.22,买入,,533.93
002821.SZ,凯莱英,20211117,凯莱英：签订重大合同，业绩显著提速可期,点评,一般报告,华泰证券,"代雯,高鹏",2021Q4,441200.0,,114200.0,101300.0,4.14,100.64,,15.58,62.58,买入,,533.93
000625.SZ,长安汽车,20211117,长安汽车：阿维塔品牌全球首发，情感智能打造差异性,一般,一般报告,中金,"邓学,常菁",2022Q4,11009100.0,,703400.0,599500.0,0.79,23.2,1.3,10.2,9.0,跑赢行业,,30.0
000625.SZ,长安汽车,20211117,长安汽车：阿维塔品牌全球首发，情感智能打造差异性,一般,一般报告,中金,"邓学,常菁",2021Q4,9422000.0,,541300.0,462200.0,0.61,30.1,1.0,8.4,11.1,跑赢行业,,30.0
600642.SH,申能股份,20211117,申能股份首次覆盖：能源加速转型，风光大有可为,一般,首次评级,国泰君安,"翟堃,邓铖琦",2023Q4,2548400.0,,,376100.0,0.77,7.69,6.5,10.5,4.61,增持,,8.51
002311.SZ,海大集团,20211117,海大集团公司季报点评：生猪养殖业务拖累短期业绩，“饲料－动保－种苗”一体两翼战略稳步推进,点评,一般报告,海通证券,"丁频,陈阳,孟亚琦",2022Q4,9890100.0,,374600.0,283100.0,1.7,38.55,0.9,17.0,27.75,优于大市,,
000625.SZ,长安汽车,20211117,长安汽车：自主销量持续向好，预计阿维塔11智能汽车配置具备竞争力,点评,一般报告,东方证券,姜雪晴,2023Q4,12353500.0,,630200.0,622300.0,0.82,23.9,,9.3,9.8,买入,,26.45
000625.SZ,长安汽车,20211117,长安汽车：自主销量持续向好，预计阿维塔11智能汽车配置具备竞争力,点评,一般报告,东方证券,姜雪晴,2022Q4,11288300.0,,543300.0,536600.0,0.7,27.7,,8.8,11.9,买入,,26.45
200625.SZ,长安B,20211117,长安B：阿维塔品牌全球首发，情感智能打造差异性,一般,一般报告,中金,"邓学,常菁",2022Q4,11009100.0,,703400.0,599500.0,0.79,5.4,,10.2,,跑赢行业,,7.3
200625.SZ,长安B,20211117,长安B：阿维塔品牌全球首发，情感智能打造差异性,一般,一般报告,中金,"邓学,常菁",2021Q4,9422000.0,,541300.0,462200.0,0.61,7.1,,8.4,,跑赢行业,,7.3
002821.SZ,凯莱英,20211117,凯莱英：大订单签订确保未来2年业绩高增长以及彰显公司CDMO竞争优势,点评,一般报告,华西证券,"崔文亮,徐顺利",2022Q4,764700.0,,191300.0,169700.0,6.94,60.06,,19.3,,买入,,
002821.SZ,凯莱英,20211117,凯莱英：签订重大合同，业绩显著提速可期,点评,一般报告,华泰证券,"代雯,高鹏",2022Q4,727500.0,,188900.0,167500.0,6.85,60.87,,21.49,38.48,买入,,533.93
600642.SH,申能股份,20211117,申能股份首次覆盖：能源加速转型，风光大有可为,一般,首次评级,国泰君安,"翟堃,邓铖琦",2021Q4,2256300.0,,,278400.0,0.57,10.39,4.8,8.6,5.7,增持,,8.51
002986.SZ,宇新股份,20211117,宇新股份首次覆盖报告：深耕LPG深加工，全产业链布局开启成长,一般,首次关注,国泰君安,"段海峰,沈唯",2022Q4,475600.0,,,35400.0,2.23,18.6,1.1,14.3,10.05,增持,,55.25
002080.SZ,中材科技,20211117,中材科技：央企新材料平台的龙头本色,深度,一般报告,长江证券,"范超,马军,张佩,司鸿历",2023Q4,2937900.0,920200.0,581600.0,508000.0,3.03,10.5,,16.2,8.18,买入,,
002080.SZ,中材科技,20211117,中材科技：央企新材料平台的龙头本色,深度,一般报告,长江证券,"范超,马军,张佩,司鸿历",2022Q4,2355300.0,783000.0,499300.0,436100.0,2.6,12.23,,18.1,10.03,买入,,
002080.SZ,中材科技,20211117,中材科技：央企新材料平台的龙头本色,深度,一般报告,长江证券,"范超,马军,张佩,司鸿历",2021Q4,2002600.0,648900.0,402000.0,351100.0,2.09,15.19,,19.5,9.71,买入,,
002918.SZ,蒙娜丽莎,20211117,蒙娜丽莎：市场与产能共振趋势不变，成本暂时承压,点评,一般报告,国泰君安,"鲍雁辛,穆方舟,花健祎",2023Q4,1155900.0,,,104200.0,2.52,8.53,4.4,20.4,3.78,增持,,43.63
002918.SZ,蒙娜丽莎,20211117,蒙娜丽莎：市场与产能共振趋势不变，成本暂时承压,点评,一般报告,国泰君安,"鲍雁辛,穆方舟,花健祎",2022Q4,882900.0,,,80500.0,1.94,11.04,3.5,18.3,5.33,增持,,43.63
002986.SZ,宇新股份,20211117,宇新股份首次覆盖报告：深耕LPG深加工，全产业链布局开启成长,一般,首次关注,国泰君安,"段海峰,沈唯",2021Q4,299000.0,,,17300.0,1.09,38.14,1.0,8.1,19.54,增持,,55.25
002918.SZ,蒙娜丽莎,20211117,蒙娜丽莎：市场与产能共振趋势不变，成本暂时承压,点评,一般报告,国泰君安,"鲍雁辛,穆方舟,花健祎",2021Q4,677100.0,,,61600.0,1.49,14.44,2.6,15.9,7.1,增持,,43.63
002191.SZ,劲嘉股份,20211117,劲嘉股份：拟收购恒天商业40％股权，布局海外新型烟草渠道平台！,点评,一般报告,天风证券,"吴立,范张翔,蒋梦晗",2023Q4,769374.0,,198171.0,158566.0,1.08,13.18,,16.87,8.25,买入,,
002191.SZ,劲嘉股份,20211117,劲嘉股份：拟收购恒天商业40％股权，布局海外新型烟草渠道平台！,点评,一般报告,天风证券,"吴立,范张翔,蒋梦晗",2022Q4,642630.0,,163270.0,129980.0,0.89,16.08,,15.1,9.72,买入,,
002191.SZ,劲嘉股份,20211117,劲嘉股份：拟收购恒天商业40％股权，布局海外新型烟草渠道平台！,点评,一般报告,天风证券,"吴立,范张翔,蒋梦晗",2021Q4,525825.0,,136051.0,106652.0,0.73,19.6,,13.4,12.56,买入,,
300761.SZ,立华股份,20211117,立华股份：黄鸡养殖大型企业，多线业务稳健发展,深度,首次关注,国信证券,"鲁家瑞,李瑞楠",2023Q4,1429400.0,,87500.0,87500.0,2.17,13.9,2.1,12.1,12.0,买入,,
300761.SZ,立华股份,20211117,立华股份：黄鸡养殖大型企业，多线业务稳健发展,深度,首次关注,国信证券,"鲁家瑞,李瑞楠",2022Q4,1217500.0,,57000.0,57000.0,1.41,21.3,1.2,8.6,16.1,买入,,
300761.SZ,立华股份,20211117,立华股份：黄鸡养殖大型企业，多线业务稳健发展,深度,首次关注,国信证券,"鲁家瑞,李瑞楠",2021Q4,1024500.0,,-49200.0,-49200.0,-1.22,,0.0,-8.0,,买入,,
688288.SH,鸿泉物联,20211117,鸿泉物联：期待行驶记录仪新标，商用车智能化与控制器或将放量,点评,一般报告,中信建投,"阎贵成,武超则,刘永旭,孟东晖",2023Q4,99300.0,,,17900.0,,18.0,,,,买入,,
688288.SH,鸿泉物联,20211117,鸿泉物联：期待行驶记录仪新标，商用车智能化与控制器或将放量,点评,一般报告,中信建投,"阎贵成,武超则,刘永旭,孟东晖",2022Q4,71200.0,,,13700.0,,24.0,,,,买入,,
688288.SH,鸿泉物联,20211117,鸿泉物联：期待行驶记录仪新标，商用车智能化与控制器或将放量,点评,一般报告,中信建投,"阎贵成,武超则,刘永旭,孟东晖",2021Q4,41100.0,,,5800.0,,57.0,,,,买入,,
603290.SH,斯达半导,20211117,斯达半导动态点评：募资尘埃落定，拓产能促生长,点评,一般报告,东方财富证券,刘溢,2022Q4,230543.0,,,50091.0,2.94,151.62,,,133.98,增持,,
603290.SH,斯达半导,20211117,斯达半导动态点评：募资尘埃落定，拓产能促生长,点评,一般报告,东方财富证券,刘溢,2021Q4,164674.0,,,35535.0,2.08,213.72,,,187.7,增持,,
002050.SZ,三花智控,20211117,三花智控2021年三季报点评：汽零业务高速发展，利润率略有承压,点评,首份报告,光大证券,洪吉然,2023Q4,2321800.0,,346300.0,291800.0,0.81,31.0,1.5,20.48,22.0,增持,,
002050.SZ,三花智控,20211117,三花智控2021年三季报点评：汽零业务高速发展，利润率略有承压,点评,首份报告,光大证券,洪吉然,2022Q4,1958000.0,,260900.0,219300.0,0.61,41.0,1.1,17.78,28.5,增持,,
002050.SZ,三花智控,20211117,三花智控2021年三季报点评：汽零业务高速发展，利润率略有承压,点评,首份报告,光大证券,洪吉然,2021Q4,1592900.0,,212300.0,178400.0,0.5,51.0,0.9,16.29,35.3,增持,,
688008.SH,澜起科技,20211117,澜起科技司研究报告技：DDR5放量在即，津逮服务器未来可期,点评,首次评级,海通证券,"朱劲松,李潇",2023Q4,369888.0,,184600.0,166200.0,1.47,50.79,0.0,14.0,55.68,优于大市,,
688008.SH,澜起科技,20211117,澜起科技司研究报告技：DDR5放量在即，津逮服务器未来可期,点评,首次评级,海通证券,"朱劲松,李潇",2022Q4,257101.0,,136900.0,123200.0,1.09,68.51,0.0,12.1,74.81,优于大市,,
688008.SH,澜起科技,20211117,澜起科技司研究报告技：DDR5放量在即，津逮服务器未来可期,点评,首次评级,海通证券,"朱劲松,李潇",2021Q4,194006.0,,100400.0,90400.0,0.8,93.37,0.0,10.1,97.51,优于大市,,
600642.SH,申能股份,20211117,申能股份首次覆盖：能源加速转型，风光大有可为,一般,首次评级,国泰君安,"翟堃,邓铖琦",2022Q4,2345900.0,,,330100.0,0.67,8.77,5.7,9.7,5.15,增持,,8.51
002986.SZ,宇新股份,20211117,宇新股份首次覆盖报告：深耕LPG深加工，全产业链布局开启成长,一般,首次关注,国泰君安,"段海峰,沈唯",2023Q4,609100.0,,,57500.0,3.62,11.46,1.1,18.8,6.13,增持,,55.25
603290.SH,斯达半导,20211117,斯达半导动态点评：募资尘埃落定，拓产能促生长,点评,一般报告,东方财富证券,刘溢,2023Q4,308928.0,,,68483.0,4.01,110.9,,,99.78,增持,,
002821.SZ,凯莱英,20211117,凯莱英：单项目累积4.8亿美元大订单创新高，小分子CDMO业务实力彰显,点评,一般报告,国盛证券,"张金洋,胡偌碧",2023Q4,891400.0,,225800.0,199600.0,8.158,50.6,,19.4,36.3,买入,,
002821.SZ,凯莱英,20211117,凯莱英：单项目累积4.8亿美元大订单创新高，小分子CDMO业务实力彰显,点评,一般报告,国盛证券,"张金洋,胡偌碧",2022Q4,754100.0,,190000.0,167900.0,6.863,60.2,,20.0,45.5,买入,,
002821.SZ,凯莱英,20211117,凯莱英：单项目累积4.8亿美元大订单创新高，小分子CDMO业务实力彰显,点评,一般报告,国盛证券,"张金洋,胡偌碧",2021Q4,437000.0,,113700.0,99800.0,4.079,101.3,,14.6,78.5,买入,,
002821.SZ,凯莱英,20211117,凯莱英：签订大型订单，来年业绩有望显著提升,点评,一般报告,平安证券,"倪亦道,叶寅",2023Q4,871200.0,,224700.0,199600.0,8.16,51.1,,18.3,37.9,强烈推荐,,
002821.SZ,凯莱英,20211117,凯莱英：签订大型订单，来年业绩有望显著提升,点评,一般报告,平安证券,"倪亦道,叶寅",2022Q4,700000.0,,180400.0,160200.0,6.55,63.6,,17.9,47.8,强烈推荐,,
002821.SZ,凯莱英,20211117,凯莱英：签订大型订单，来年业绩有望显著提升,点评,一般报告,平安证券,"倪亦道,叶寅",2021Q4,442800.0,,113200.0,100500.0,4.11,101.4,,13.7,74.7,强烈推荐,,
002011.SZ,盾安环境,20211117,盾安环境：格力入主深度整合，制冷＋热管理亟待飞跃,点评,一般报告,信达证券,罗岸阳,2023Q4,1210000.0,,75700.0,64400.0,0.7,12.23,,21.7,13.66,买入,,
002011.SZ,盾安环境,20211117,盾安环境：格力入主深度整合，制冷＋热管理亟待飞跃,点评,一般报告,信达证券,罗岸阳,2022Q4,1087600.0,,63600.0,53700.0,0.59,14.65,,23.1,15.46,买入,,
002011.SZ,盾安环境,20211117,盾安环境：格力入主深度整合，制冷＋热管理亟待飞跃,点评,一般报告,信达证券,罗岸阳,2021Q4,950700.0,,49000.0,42400.0,0.46,18.54,,23.7,22.43,买入,,
603529.SH,爱玛科技,20211117,爱玛科技重大事项点评：董事长执掌总经理，股权激励明确增长目标,点评,一般报告,中信证券,"尹欣驰,李景涛,李子俊,王诗宸",2023Q4,2382000.0,,139700.0,110500.0,2.74,14.5,,15.9,11.4,买入,,56.0
603529.SH,爱玛科技,20211117,爱玛科技重大事项点评：董事长执掌总经理，股权激励明确增长目标,点评,一般报告,中信证券,"尹欣驰,李景涛,李子俊,王诗宸",2022Q4,1970200.0,,113700.0,90300.0,2.24,17.7,,15.5,14.2,买入,,56.0
603529.SH,爱玛科技,20211117,爱玛科技重大事项点评：董事长执掌总经理，股权激励明确增长目标,点评,一般报告,中信证券,"尹欣驰,李景涛,李子俊,王诗宸",2021Q4,1491000.0,,79400.0,63100.0,1.56,25.4,,12.8,19.4,买入,,56.0
002594.SZ,比亚迪,20211117,BYD：A：Buy：NEV_champion_in_the_upcycle,一般,首份报告,汇丰前海证券,丁妤倩,2023Q4,38059700.0,5366400.0,1658500.0,1215300.0,4.17,,0.1,11.0,13.9,Buy,,373.0
002594.SZ,比亚迪,20211117,BYD：A：Buy：NEV_champion_in_the_upcycle,一般,首份报告,汇丰前海证券,丁妤倩,2022Q4,31301900.0,4319700.0,1248100.0,910600.0,3.13,,0.1,9.0,17.4,Buy,,373.0
002594.SZ,比亚迪,20211117,BYD：A：Buy：NEV_champion_in_the_upcycle,一般,首份报告,汇丰前海证券,丁妤倩,2021Q4,22634500.0,3033000.0,709500.0,502200.0,1.73,,0.1,6.5,22.7,Buy,,373.0
601229.SH,上海银行,20211116,上海银行：大都会城商行，养老金融叠加新零售转型,深度,首次关注,华福证券,魏征宇,2021Q4,5622600.0,,2508600.0,2307800.0,1.62,4.48,,,,强烈推荐,,9.37
601229.SH,上海银行,20211116,上海银行：大都会城商行，养老金融叠加新零售转型,深度,首次关注,华福证券,魏征宇,2023Q4,6813800.0,,2921600.0,2700300.0,1.9,3.83,,,,强烈推荐,,9.37
601229.SH,上海银行,20211116,上海银行：大都会城商行，养老金融叠加新零售转型,深度,首次关注,华福证券,魏征宇,2022Q4,6252700.0,,2737400.0,2529500.0,1.78,4.09,,,,强烈推荐,,9.37
002594.SZ,比亚迪,20211116,特斯拉生产制造革命：4680CTC——汽车行业深度研究,非个股,一般报告,国海证券,刘虹辰,2022Q4,,,,879165.142,3.02,,,,,买入,,
002594.SZ,比亚迪,20211116,特斯拉生产制造革命：4680CTC——汽车行业深度研究,非个股,一般报告,国海证券,刘虹辰,2021Q4,,,,480338.571,1.65,,,,,买入,,
300750.SZ,宁德时代,20211116,特斯拉生产制造革命：4680CTC——汽车行业深度研究,非个股,一般报告,国海证券,刘虹辰,2021Q4,,,,1123470.278,4.82,,,,,买入,,
300750.SZ,宁德时代,20211116,特斯拉生产制造革命：4680CTC——汽车行业深度研究,非个股,一般报告,国海证券,刘虹辰,2022Q4,,,,2011524.586,8.63,,,,,买入,,
603659.SH,璞泰来,20211116,有色金属：三季报验证需求旺盛，新能源汽车产销持续向好,非个股,一般报告,财信证券,"周策,尹盟",2022Q4,,,,229165.104,3.3,,,,,推荐,,
603659.SH,璞泰来,20211116,有色金属：三季报验证需求旺盛，新能源汽车产销持续向好,非个股,一般报告,财信证券,"周策,尹盟",2021Q4,,,,163193.332,2.35,,,,,推荐,,
002832.SZ,比音勒芬,20211116,纺织服装：双十一落下帷幕，国货销量大增,非个股,一般报告,财信证券,"邹建军,陈诗璐",2022Q4,,,,77004.897,1.4,,,,,推荐,,
002832.SZ,比音勒芬,20211116,纺织服装：双十一落下帷幕，国货销量大增,非个股,一般报告,财信证券,"邹建军,陈诗璐",2021Q4,,,,61053.883,1.11,,,,,推荐,,
002850.SZ,科达利,20211116,特斯拉生产制造革命：4680CTC——汽车行业深度研究,非个股,一般报告,国海证券,刘虹辰,2022Q4,,,,95264.464,4.09,,,,,买入,,
002850.SZ,科达利,20211116,特斯拉生产制造革命：4680CTC——汽车行业深度研究,非个股,一般报告,国海证券,刘虹辰,2021Q4,,,,50310.817,2.16,,,,,买入,,
601689.SH,拓普集团,20211116,特斯拉生产制造革命：4680CTC——汽车行业深度研究,非个股,一般报告,国海证券,刘虹辰,2022Q4,,,,157592.66,1.43,,,,,买入,,
601689.SH,拓普集团,20211116,特斯拉生产制造革命：4680CTC——汽车行业深度研究,非个股,一般报告,国海证券,刘虹辰,2021Q4,,,,115714.89,1.05,,,,,买入,,
600741.SH,华域汽车,20211116,特斯拉生产制造革命：4680CTC——汽车行业深度研究,非个股,一般报告,国海证券,刘虹辰,2022Q4,,,,756653.756,2.4,,,,,买入,,
600741.SH,华域汽车,20211116,特斯拉生产制造革命：4680CTC——汽车行业深度研究,非个股,一般报告,国海证券,刘虹辰,2021Q4,,,,655766.589,2.08,,,,,买入,,
300979.SZ,华利集团,20211116,纺织服装：双十一落下帷幕，国货销量大增,非个股,一般报告,财信证券,"邹建军,陈诗璐",2022Q4,,,,343098.0,2.94,,,,,推荐,,
300979.SZ,华利集团,20211116,纺织服装：双十一落下帷幕，国货销量大增,非个股,一般报告,财信证券,"邹建军,陈诗璐",2021Q4,,,,271911.0,2.33,,,,,推荐,,
002563.SZ,森马服饰,20211116,纺织服装：双十一落下帷幕，国货销量大增,非个股,一般报告,财信证券,"邹建军,陈诗璐",2022Q4,,,,185892.221,0.69,,,,,谨慎推荐,,
002563.SZ,森马服饰,20211116,纺织服装：双十一落下帷幕，国货销量大增,非个股,一般报告,财信证券,"邹建军,陈诗璐",2021Q4,,,,156257.229,0.58,,,,,谨慎推荐,,
603305.SH,旭升股份,20211116,特斯拉生产制造革命：4680CTC——汽车行业深度研究,非个股,一般报告,国海证券,刘虹辰,2022Q4,,,,67055.772,1.5,,,,,买入,,
603305.SH,旭升股份,20211116,特斯拉生产制造革命：4680CTC——汽车行业深度研究,非个股,一般报告,国海证券,刘虹辰,2021Q4,,,,49621.272,1.11,,,,,买入,,
603596.SH,伯特利,20211116,特斯拉生产制造革命：4680CTC——汽车行业深度研究,非个股,一般报告,国海证券,刘虹辰,2022Q4,,,,72294.942,1.77,,,,,买入,,
603596.SH,伯特利,20211116,特斯拉生产制造革命：4680CTC——汽车行业深度研究,非个股,一般报告,国海证券,刘虹辰,2021Q4,,,,55957.102,1.37,,,,,买入,,
603517.SH,绝味食品,20211116,商业模式验证，逆势开店2.0开启：食品连锁板块最新点评,非个股,一般报告,招商证券,"于佳琦,田地",2023Q4,952900.0,,,150300.0,2.47,,,,,无,,
603517.SH,绝味食品,20211116,商业模式验证，逆势开店2.0开启：食品连锁板块最新点评,非个股,一般报告,招商证券,"于佳琦,田地",2022Q4,794500.0,,,123500.0,2.03,,,,,无,,
603517.SH,绝味食品,20211116,商业模式验证，逆势开店2.0开启：食品连锁板块最新点评,非个股,一般报告,招商证券,"于佳琦,田地",2021Q4,660600.0,,,119700.0,1.97,,,,,无,,
300014.SZ,亿纬锂能,20211116,特斯拉生产制造革命：4680CTC——汽车行业深度研究,非个股,一般报告,国海证券,刘虹辰,2022Q4,,,,480111.562,2.53,,,,,买入,,
300014.SZ,亿纬锂能,20211116,特斯拉生产制造革命：4680CTC——汽车行业深度研究,非个股,一般报告,国海证券,刘虹辰,2021Q4,,,,324502.281,1.71,,,,,买入,,
603693.SH,江苏新能,20211116,江苏新能：基数小、增速大，“十四五”期间发力新能源,一般,首次关注,财信证券,"杨甫,袁玮志",2023Q4,392567.0,,146328.0,104529.0,1.524,18.78,2.9,15.8,,推荐,,
603693.SH,江苏新能,20211116,江苏新能：基数小、增速大，“十四五”期间发力新能源,一般,首次关注,财信证券,"杨甫,袁玮志",2022Q4,265339.0,,119993.0,84098.0,1.226,23.35,2.3,13.81,,推荐,,
603693.SH,江苏新能,20211116,江苏新能：基数小、增速大，“十四五”期间发力新能源,一般,首次关注,财信证券,"杨甫,袁玮志",2021Q4,174286.0,,67436.0,51508.0,0.751,38.12,1.4,9.1,,推荐,,
002594.SZ,比亚迪,20211116,BYD：BYD_dealership_conference_call_takeaways；Buy,点评,一般报告,高盛集团（GoldmanSachs）,"Fei Fang,Olivia Xu,Songbo Liu,Dora Zhou",2022Q4,30308510.0,,,,2.95,,0.1,,,Buy,,366.0
002594.SZ,比亚迪,20211116,BYD：BYD_dealership_conference_call_takeaways；Buy,点评,一般报告,高盛集团（GoldmanSachs）,"Fei Fang,Olivia Xu,Songbo Liu,Dora Zhou",2023Q4,37230920.0,,,,3.89,,0.1,,,Buy,,366.0
002594.SZ,比亚迪,20211116,BYD：BYD_dealership_conference_call_takeaways；Buy,点评,一般报告,高盛集团（GoldmanSachs）,"Fei Fang,Olivia Xu,Songbo Liu,Dora Zhou",2021Q4,19959070.0,,,,1.65,,0.1,,,Buy,,366.0
002163.SZ,海南发展,20211116,海南发展：承接免税业务加速转型升级，依托海南自贸港优势迎发展新机遇,深度,一般报告,天风证券,"刘章明,鲍荣富",2023Q4,684777.0,,41742.0,27203.0,0.34,40.88,,19.79,21.98,买入,,17.23
002163.SZ,海南发展,20211116,海南发展：承接免税业务加速转型升级，依托海南自贸港优势迎发展新机遇,深度,一般报告,天风证券,"刘章明,鲍荣富",2022Q4,605041.0,,26292.0,18053.0,0.22,61.6,,16.38,22.66,买入,,17.23
002163.SZ,海南发展,20211116,海南发展：承接免税业务加速转型升级，依托海南自贸港优势迎发展新机遇,深度,一般报告,天风证券,"刘章明,鲍荣富",2021Q4,460317.0,,17849.0,11023.0,0.14,100.89,,11.96,46.2,买入,,17.23
600176.SH,中国巨石,20211116,中国巨石：深挖护城河，巩固玻纤龙头地位,一般,首次评级,德邦证券,闫广,2023Q4,2023800.0,,876000.0,741700.0,1.85,8.94,0.0,19.6,4.79,买入,28.56,25.2
600176.SH,中国巨石,20211116,中国巨石：深挖护城河，巩固玻纤龙头地位,一般,首次评级,德邦证券,闫广,2022Q4,1895900.0,,796700.0,674500.0,1.68,9.83,0.0,22.2,5.84,买入,28.56,25.2
600176.SH,中国巨石,20211116,中国巨石：深挖护城河，巩固玻纤龙头地位,一般,首次评级,德邦证券,闫广,2021Q4,1712900.0,,679900.0,575600.0,1.44,11.52,0.0,24.3,7.21,买入,28.56,25.2
688105.SH,诺唯赞,20211116,诺唯赞：生命科学解决方案领先供应商，蛋白开发核心平台驱动高增长,深度,首次关注,中泰证券,"谢木青,于佳喜",2023Q4,223014.0,190440.0,110800.0,94942.0,2.37,40.02,,26.8,22.0,买入,,
688105.SH,诺唯赞,20211116,诺唯赞：生命科学解决方案领先供应商，蛋白开发核心平台驱动高增长,深度,首次关注,中泰证券,"谢木青,于佳喜",2022Q4,194270.0,164760.0,94600.0,81053.0,2.03,46.88,,30.3,27.0,买入,,
688105.SH,诺唯赞,20211116,诺唯赞：生命科学解决方案领先供应商，蛋白开发核心平台驱动高增长,深度,首次关注,中泰证券,"谢木青,于佳喜",2021Q4,172037.0,145360.0,75500.0,64689.0,1.62,58.74,,33.2,36.0,买入,,
002821.SZ,凯莱英,20211116,凯莱英：大订单签约生效，为主业加速增长夯实基础,点评,一般报告,中泰证券,"祝嘉琦,崔少煜",2023Q4,697460.0,,193000.0,171144.0,6.995,59.03,,18.01,55.0,买入,,
002821.SZ,凯莱英,20211116,凯莱英：大订单签约生效，为主业加速增长夯实基础,点评,一般报告,中泰证券,"祝嘉琦,崔少煜",2022Q4,537209.0,,145500.0,129010.0,5.273,78.31,,16.02,72.0,买入,,
002821.SZ,凯莱英,20211116,凯莱英：大订单签约生效，为主业加速增长夯实基础,点评,一般报告,中泰证券,"祝嘉琦,崔少煜",2021Q4,411752.0,,109500.0,97032.0,3.966,104.12,,13.93,94.0,买入,,
600782.SH,新钢股份,20211116,钢铁Ⅱ：近有忧虑，远有希望,非个股,一般报告,中信建投,王晓芳,2021Q4,,,,460000.0,1.443,,,,,无,,
300762.SZ,上海瀚讯,20211116,通信行业2022年度策略报告：抓住垂直行业物联网化改造的“黄金十年”投资机会,非个股,一般报告,华创证券,"韩东,李娜",2021Q4,,,,23516.998,0.6,,,,,强推,,
300762.SZ,上海瀚讯,20211116,通信行业2022年度策略报告：抓住垂直行业物联网化改造的“黄金十年”投资机会,非个股,一般报告,华创证券,"韩东,李娜",2023Q4,,,,43114.496,1.1,,,,,强推,,
300762.SZ,上海瀚讯,20211116,通信行业2022年度策略报告：抓住垂直行业物联网化改造的“黄金十年”投资机会,非个股,一般报告,华创证券,"韩东,李娜",2022Q4,,,,31355.997,0.8,,,,,强推,,
000761.SZ,本钢板材,20211116,钢铁Ⅱ：近有忧虑，远有希望,非个股,一般报告,中信建投,王晓芳,2021Q4,,,,527000.0,1.283,,,,,无,,
600307.SH,酒钢宏兴,20211116,钢铁Ⅱ：近有忧虑，远有希望,非个股,一般报告,中信建投,王晓芳,2021Q4,,,,360000.0,0.575,,,,,无,,
600569.SH,安阳钢铁,20211116,钢铁Ⅱ：近有忧虑，远有希望,非个股,一般报告,中信建投,王晓芳,2021Q4,,,,165000.0,0.574,,,,,无,,
002293.SZ,罗莱生活,20211116,纺织服装行业2022年度策略：十四五规划指明产业方向，能耗双控推进产业转型,非个股,一般报告,兴业证券,"赵树理,纪宇泽",2023Q4,,,,97323.754,1.16,,,,,无,,
002293.SZ,罗莱生活,20211116,纺织服装行业2022年度策略：十四五规划指明产业方向，能耗双控推进产业转型,非个股,一般报告,兴业证券,"赵树理,纪宇泽",2022Q4,,,,84738.786,1.01,,,,,无,,
002293.SZ,罗莱生活,20211116,纺织服装行业2022年度策略：十四五规划指明产业方向，能耗双控推进产业转型,非个股,一般报告,兴业证券,"赵树理,纪宇泽",2021Q4,,,,72153.818,0.86,,,,,无,,
002459.SZ,晶澳科技,20211116,电气设备：技术引领变革之春，新的篇章正徐徐展开,非个股,一般报告,中信建投,"朱玥,万炜,任佳玮",2023Q4,,,,581000.0,3.634,,,,,无,,
002459.SZ,晶澳科技,20211116,电气设备：技术引领变革之春，新的篇章正徐徐展开,非个股,一般报告,中信建投,"朱玥,万炜,任佳玮",2022Q4,,,,421000.0,2.633,,,,,无,,
002459.SZ,晶澳科技,20211116,电气设备：技术引领变革之春，新的篇章正徐徐展开,非个股,一般报告,中信建投,"朱玥,万炜,任佳玮",2021Q4,,,,212000.0,1.326,,,,,无,,
000825.SZ,太钢不锈,20211116,钢铁Ⅱ：近有忧虑，远有希望,非个股,一般报告,中信建投,王晓芳,2021Q4,,,,884000.0,1.552,,,,,无,,
002832.SZ,比音勒芬,20211116,纺织服装行业2022年度策略：十四五规划指明产业方向，能耗双控推进产业转型,非个股,一般报告,兴业证券,"赵树理,纪宇泽",2023Q4,,,,95156.052,1.73,,,,,无,,
002832.SZ,比音勒芬,20211116,纺织服装行业2022年度策略：十四五规划指明产业方向，能耗双控推进产业转型,非个股,一般报告,兴业证券,"赵树理,纪宇泽",2022Q4,,,,77554.932,1.41,,,,,无,,
002832.SZ,比音勒芬,20211116,纺织服装行业2022年度策略：十四五规划指明产业方向，能耗双控推进产业转型,非个股,一般报告,兴业证券,"赵树理,纪宇泽",2021Q4,,,,61053.883,1.11,,,,,无,,
603587.SH,地素时尚,20211116,纺织服装行业2022年度策略：十四五规划指明产业方向，能耗双控推进产业转型,非个股,一般报告,兴业证券,"赵树理,纪宇泽",2023Q4,,,,99127.2,2.06,,,,,无,,
603587.SH,地素时尚,20211116,纺织服装行业2022年度策略：十四五规划指明产业方向，能耗双控推进产业转型,非个股,一般报告,兴业证券,"赵树理,纪宇泽",2022Q4,,,,85172.4,1.77,,,,,无,,
603587.SH,地素时尚,20211116,纺织服装行业2022年度策略：十四五规划指明产业方向，能耗双控推进产业转型,非个股,一般报告,兴业证券,"赵树理,纪宇泽",2021Q4,,,,73142.4,1.52,,,,,无,,
002110.SZ,三钢闽光,20211116,钢铁Ⅱ：近有忧虑，远有希望,非个股,一般报告,中信建投,王晓芳,2021Q4,,,,385000.0,1.57,,,,,无,,
000932.SZ,华菱钢铁,20211116,钢铁Ⅱ：近有忧虑，远有希望,非个股,一般报告,中信建投,王晓芳,2021Q4,,,,1026000.0,1.485,,,,,无,,
603517.SH,绝味食品,20211116,食品饮料行业2022年度策略报告：从困境走向新生,非个股,一般报告,华创证券,"欧阳予,程航,范子盼,沈昊,彭俊霖,董广阳,田晨曦",2023Q4,,,,159698.421,2.6,,,,,强推,,
603517.SH,绝味食品,20211116,食品饮料行业2022年度策略报告：从困境走向新生,非个股,一般报告,华创证券,"欧阳予,程航,范子盼,沈昊,彭俊霖,董广阳,田晨曦",2022Q4,,,,125301.838,2.04,,,,,强推,,
603517.SH,绝味食品,20211116,食品饮料行业2022年度策略报告：从困境走向新生,非个股,一般报告,华创证券,"欧阳予,程航,范子盼,沈昊,彭俊霖,董广阳,田晨曦",2021Q4,,,,117316.917,1.91,,,,,强推,,
000959.SZ,首钢股份,20211116,钢铁Ⅱ：近有忧虑，远有希望,非个股,一般报告,中信建投,王晓芳,2021Q4,,,,810000.0,1.212,,,,,无,,
000709.SZ,河钢股份,20211116,钢铁Ⅱ：近有忧虑，远有希望,非个股,一般报告,中信建投,王晓芳,2021Q4,,,,305000.0,0.287,,,,,无,,
601005.SH,重庆钢铁,20211116,钢铁Ⅱ：近有忧虑，远有希望,非个股,一般报告,中信建投,王晓芳,2021Q4,,,,451000.0,0.506,,,,,无,,
600022.SH,山东钢铁,20211116,钢铁Ⅱ：近有忧虑，远有希望,非个股,一般报告,中信建投,王晓芳,2021Q4,,,,429000.0,0.392,,,,,无,,
603708.SH,家家悦,20211116,中泰证券晨会聚焦,非个股,一般报告,中泰证券,皇甫晓晗,2022Q4,1996100.0,,,36600.0,0.6,,,,,无,,
603708.SH,家家悦,20211116,中泰证券晨会聚焦,非个股,一般报告,中泰证券,皇甫晓晗,2021Q4,1755500.0,,,21700.0,0.36,,,,,无,,
600282.SH,南钢股份,20211116,钢铁Ⅱ：近有忧虑，远有希望,非个股,一般报告,中信建投,王晓芳,2021Q4,,,,408000.0,0.662,,,,,无,,
603708.SH,家家悦,20211116,中泰证券晨会聚焦,非个股,一般报告,中泰证券,皇甫晓晗,2023Q4,2242900.0,,,45300.0,0.74,,,,,无,,
600808.SH,马钢股份,20211116,钢铁Ⅱ：近有忧虑，远有希望,非个股,一般报告,中信建投,王晓芳,2021Q4,,,,951000.0,1.235,,,,,无,,
000717.SZ,韶钢松山,20211116,钢铁Ⅱ：近有忧虑，远有希望,非个股,一般报告,中信建投,王晓芳,2021Q4,,,,252000.0,1.042,,,,,无,,
601012.SH,隆基股份,20211116,电气设备：技术引领变革之春，新的篇章正徐徐展开,非个股,一般报告,中信建投,"朱玥,万炜,任佳玮",2023Q4,,,,1883000.0,3.479,,,,,无,,
601012.SH,隆基股份,20211116,电气设备：技术引领变革之春，新的篇章正徐徐展开,非个股,一般报告,中信建投,"朱玥,万炜,任佳玮",2021Q4,,,,1032000.0,1.907,,,,,无,,
601872.SH,招商轮船,20211116,绿色船舶有望成为2022年板块核心驱动，推荐中国船舶，招商轮船——绿色船舶绿色航运专题点评,非个股,一般报告,申万宏源证券,"闫海,邹杰伟",2023Q4,,,,372266.416,0.46,,,,,增持,,
601872.SH,招商轮船,20211116,绿色船舶有望成为2022年板块核心驱动，推荐中国船舶，招商轮船——绿色船舶绿色航运专题点评,非个股,一般报告,申万宏源证券,"闫海,邹杰伟",2022Q4,,,,307524.431,0.38,,,,,增持,,
601012.SH,隆基股份,20211116,电气设备：技术引领变革之春，新的篇章正徐徐展开,非个股,一般报告,中信建投,"朱玥,万炜,任佳玮",2022Q4,,,,1584000.0,2.926,,,,,无,,
601872.SH,招商轮船,20211116,绿色船舶有望成为2022年板块核心驱动，推荐中国船舶，招商轮船——绿色船舶绿色航运专题点评,非个股,一般报告,申万宏源证券,"闫海,邹杰伟",2021Q4,,,,299431.683,0.37,,,,,增持,,
605117.SH,德业股份,20211116,电气设备：技术引领变革之春，新的篇章正徐徐展开,非个股,一般报告,中信建投,"朱玥,万炜,任佳玮",2023Q4,,,,151000.0,8.848,,,,,无,,
605117.SH,德业股份,20211116,电气设备：技术引领变革之春，新的篇章正徐徐展开,非个股,一般报告,中信建投,"朱玥,万炜,任佳玮",2022Q4,,,,100000.0,5.859,,,,,无,,
605117.SH,德业股份,20211116,电气设备：技术引领变革之春，新的篇章正徐徐展开,非个股,一般报告,中信建投,"朱玥,万炜,任佳玮",2021Q4,,,,60000.0,3.516,,,,,无,,
600010.SH,包钢股份,20211116,钢铁Ⅱ：近有忧虑，远有希望,非个股,一般报告,中信建投,王晓芳,2021Q4,,,,585000.0,0.128,,,,,无,,
600581.SH,八一钢铁,20211116,钢铁Ⅱ：近有忧虑，远有希望,非个股,一般报告,中信建投,王晓芳,2021Q4,,,,287000.0,1.872,,,,,无,,
603877.SH,太平鸟,20211116,纺织服装行业2022年度策略：十四五规划指明产业方向，能耗双控推进产业转型,非个股,一般报告,兴业证券,"赵树理,纪宇泽",2023Q4,,,,154459.804,3.24,,,,,无,,
603877.SH,太平鸟,20211116,纺织服装行业2022年度策略：十四五规划指明产业方向，能耗双控推进产业转型,非个股,一般报告,兴业证券,"赵树理,纪宇泽",2021Q4,,,,103449.93,2.17,,,,,无,,
603877.SH,太平鸟,20211116,纺织服装行业2022年度策略：十四五规划指明产业方向，能耗双控推进产业转型,非个股,一般报告,兴业证券,"赵树理,纪宇泽",2022Q4,,,,126809.592,2.66,,,,,无,,
600126.SH,杭钢股份,20211116,钢铁Ⅱ：近有忧虑，远有希望,非个股,一般报告,中信建投,王晓芳,2021Q4,,,,197000.0,0.583,,,,,无,,
600231.SH,凌钢股份,20211116,钢铁Ⅱ：近有忧虑，远有希望,非个股,一般报告,中信建投,王晓芳,2021Q4,,,,155000.0,0.543,,,,,无,,
600507.SH,方大特钢,20211116,钢铁Ⅱ：近有忧虑，远有希望,非个股,一般报告,中信建投,王晓芳,2021Q4,,,,308000.0,1.429,,,,,无,,
601003.SH,柳钢股份,20211116,钢铁Ⅱ：近有忧虑，远有希望,非个股,一般报告,中信建投,王晓芳,2021Q4,,,,262000.0,1.022,,,,,无,,
000898.SZ,鞍钢股份,20211116,钢铁Ⅱ：近有忧虑，远有希望,非个股,一般报告,中信建投,王晓芳,2021Q4,,,,960000.0,1.021,,,,,无,,
600019.SH,宝钢股份,20211116,钢铁Ⅱ：近有忧虑，远有希望,非个股,一般报告,中信建投,王晓芳,2021Q4,,,,2968000.0,1.333,,,,,无,,
300617.SZ,安靠智电,20211116,安靠智电公司深度报告：专注输变电事业，从小部件到大制造,深度,首份报告,信达证券,王舫朝,2023Q4,190600.0,,56300.0,47200.0,2.81,24.69,,13.9,18.92,买入,,
300617.SZ,安靠智电,20211116,安靠智电公司深度报告：专注输变电事业，从小部件到大制造,深度,首份报告,信达证券,王舫朝,2022Q4,128200.0,,39200.0,32100.0,1.91,36.3,,11.0,25.59,买入,,
300617.SZ,安靠智电,20211116,安靠智电公司深度报告：专注输变电事业，从小部件到大制造,深度,首份报告,信达证券,王舫朝,2021Q4,84000.0,,26700.0,20100.0,1.2,57.81,,7.7,41.38,买入,,
920454.BJ,同心传动,20211116,同心传动：非等速转动轴龙头，发力国内外市场——新三板精选层同心传动分析,点评,首次关注,国泰君安,"吴晓飞,管正月",2023Q4,10640.0,,,2128.0,0.21,,,,,谨慎增持,,
920454.BJ,同心传动,20211116,同心传动：非等速转动轴龙头，发力国内外市场——新三板精选层同心传动分析,点评,首次关注,国泰君安,"吴晓飞,管正月",2022Q4,11200.0,,,2184.0,0.22,,,,,谨慎增持,,
920454.BJ,同心传动,20211116,同心传动：非等速转动轴龙头，发力国内外市场——新三板精选层同心传动分析,点评,首次关注,国泰君安,"吴晓飞,管正月",2021Q4,14000.0,,,2660.0,0.26,,,,,谨慎增持,,
300404.SZ,博济医药,20211116,博济医药调研分析报告：三季度临床服务业务继续回暖，未来有望受益行业快速发展,调研,首次评级,中原证券,李琳琳,2023Q4,55020.0,,11080.0,9420.0,0.36,,0.0,,,增持,,
300404.SZ,博济医药,20211116,博济医药调研分析报告：三季度临床服务业务继续回暖，未来有望受益行业快速发展,调研,首次评级,中原证券,李琳琳,2022Q4,44020.0,,11150.0,6160.0,0.24,,0.3,,,增持,,
300404.SZ,博济医药,20211116,博济医药调研分析报告：三季度临床服务业务继续回暖，未来有望受益行业快速发展,调研,首次评级,中原证券,李琳琳,2021Q4,33860.0,,9160.0,5590.0,0.21,,0.3,,,增持,,
603868.SH,飞科电器,20211116,飞科电器：国货崛起系列一：产品升级，渠道变革，品类延伸,深度,一般报告,招商证券,"陈东飞,彭子豪",2022Q4,477000.0,,107600.0,80600.0,1.85,22.0,,23.4,16.4,强烈推荐,,52.0
603868.SH,飞科电器,20211116,飞科电器：国货崛起系列一：产品升级，渠道变革，品类延伸,深度,一般报告,招商证券,"陈东飞,彭子豪",2021Q4,409100.0,,91800.0,69100.0,1.59,25.6,,22.4,18.8,强烈推荐,,52.0
603868.SH,飞科电器,20211116,飞科电器：国货崛起系列一：产品升级，渠道变革，品类延伸,深度,一般报告,招商证券,"陈东飞,彭子豪",2023Q4,549700.0,,123200.0,92200.0,2.12,19.2,,24.0,14.4,强烈推荐,,52.0
603290.SH,斯达半导,20211116,斯达半导：35亿元定增落地，公司长期成长力进一步夯实,点评,一般报告,中金,"成乔升,陈昊,李学来,彭虎",2022Q4,252800.0,83500.0,65900.0,59300.0,3.48,128.0,0.3,11.0,112.6,跑赢行业,,460.0
603290.SH,斯达半导,20211116,斯达半导：35亿元定增落地，公司长期成长力进一步夯实,点评,一般报告,中金,"成乔升,陈昊,李学来,彭虎",2021Q4,162000.0,54400.0,38800.0,34900.0,2.04,217.8,0.1,11.3,168.7,跑赢行业,,460.0
688733.SH,壹石通,20211116,壹石通：产能加速投放，新品重磅推出，业绩持续高增,点评,一般报告,中金,"曾韬,刘倩文,蒋昕昊",2023Q4,146880.0,71614.0,,46000.0,,,,,,跑赢行业,,100.97
688733.SH,壹石通,20211116,壹石通：产能加速投放，新品重磅推出，业绩持续高增,点评,一般报告,中金,"曾韬,刘倩文,蒋昕昊",2022Q4,73720.0,31642.0,23000.0,20000.0,1.1,65.7,0.2,15.3,47.7,跑赢行业,,100.97
688733.SH,壹石通,20211116,壹石通：产能加速投放，新品重磅推出，业绩持续高增,点评,一般报告,中金,"曾韬,刘倩文,蒋昕昊",2021Q4,40680.0,16317.0,11200.0,9700.0,0.53,134.9,0.1,11.5,91.0,跑赢行业,,100.97
300474.SZ,景嘉微,20211116,景嘉微：9系列完成测试，打开广阔应用领域,点评,一般报告,中泰证券,"冯胜,王可,谢校辉",2022Q4,191000.0,,54800.0,52100.0,1.73,90.82,,15.64,25.0,买入,,
300474.SZ,景嘉微,20211116,景嘉微：9系列完成测试，打开广阔应用领域,点评,一般报告,中泰证券,"冯胜,王可,谢校辉",2021Q4,121500.0,,37100.0,35300.0,1.17,134.22,,12.38,37.0,买入,,
002821.SZ,凯莱英,20211116,凯莱英事件点评：大订单催化，超预期可期！,点评,一般报告,浙商证券,"孙建,郭双喜",2023Q4,874900.0,,224100.0,198700.0,8.121,50.85,,20.84,41.3,买入,,
300474.SZ,景嘉微,20211116,景嘉微：9系列完成测试，打开广阔应用领域,点评,一般报告,中泰证券,"冯胜,王可,谢校辉",2023Q4,267100.0,,75400.0,71800.0,2.38,65.94,,17.95,19.0,买入,,
002821.SZ,凯莱英,20211116,凯莱英事件点评：大订单催化，超预期可期！,点评,一般报告,浙商证券,"孙建,郭双喜",2021Q4,448700.0,,113700.0,100800.0,4.12,100.19,,15.53,82.03,买入,,
002821.SZ,凯莱英,20211116,凯莱英：签订重大合同，开启业绩提速周期,点评,一般报告,国金证券,王班,2021Q4,445600.0,201800.0,110300.0,97300.0,3.977,103.88,,14.27,,买入,,
002240.SZ,盛新锂能,20211116,盛新锂能：资源＋产能快速增长的一体化锂业新星,深度,首次评级,国金证券,倪文祎,2023Q4,885500.0,362300.0,283000.0,239600.0,2.769,19.07,,40.17,,买入,,68.0
600641.SH,万业企业,20211116,万业企业：转型装备材料平台，打造中国“万芯集团”,深度,首次关注,上海证券,"陈宇哲,李挺",2023Q4,208850.0,,99800.0,66100.0,0.69,47.56,,8.0,,买入,,
600641.SH,万业企业,20211116,万业企业：转型装备材料平台，打造中国“万芯集团”,深度,首次关注,上海证券,"陈宇哲,李挺",2021Q4,128750.0,,59100.0,41800.0,0.44,75.09,,6.0,,买入,,
002821.SZ,凯莱英,20211116,凯莱英公司点评报告：4.8亿美元订单落地，CDMO业务保障公司持续升级,点评,一般报告,信达证券,周平,2023Q4,836600.0,,228700.0,201800.0,8.25,50.53,,20.5,45.79,无,,
002821.SZ,凯莱英,20211116,凯莱英公司点评报告：4.8亿美元订单落地，CDMO业务保障公司持续升级,点评,一般报告,信达证券,周平,2022Q4,624700.0,,166800.0,147200.0,6.02,69.27,,18.1,61.97,无,,
002821.SZ,凯莱英,20211116,凯莱英公司点评报告：4.8亿美元订单落地，CDMO业务保障公司持续升级,点评,一般报告,信达证券,周平,2021Q4,438400.0,,116800.0,103000.0,4.21,98.93,,15.0,85.44,无,,
002821.SZ,凯莱英,20211116,凯莱英：签订重大合同，开启业绩提速周期,点评,一般报告,国金证券,王班,2023Q4,961600.0,427600.0,220400.0,194500.0,7.95,51.99,,19.58,,买入,,
002821.SZ,凯莱英,20211116,凯莱英：签订重大合同，开启业绩提速周期,点评,一般报告,国金证券,王班,2022Q4,738500.0,329000.0,173300.0,152900.0,6.249,66.12,,18.69,,买入,,
603596.SH,伯特利,20211116,伯特利：线控制动国产替代加速最为受益标的,深度,首次关注,东吴证券,黄细里,2023Q4,621300.0,,104500.0,91500.0,2.24,29.56,,18.1,20.64,买入,,
603596.SH,伯特利,20211116,伯特利：线控制动国产替代加速最为受益标的,深度,首次关注,东吴证券,黄细里,2022Q4,472800.0,,80400.0,70300.0,1.72,38.46,,16.7,26.78,买入,,
603596.SH,伯特利,20211116,伯特利：线控制动国产替代加速最为受益标的,深度,首次关注,东吴证券,黄细里,2021Q4,363600.0,,59300.0,51000.0,1.25,53.02,,14.2,36.19,买入,,
688019.SH,安集科技,20211116,安集科技：CMP抛光液行业内资龙头，国产替代加速进行,一般,首次关注,国盛证券,"郑震湘,王席鑫",2023Q4,120000.0,,30800.0,28000.0,5.27,54.0,,16.8,42.9,买入,,
002240.SZ,盛新锂能,20211116,盛新锂能：资源＋产能快速增长的一体化锂业新星,深度,首次评级,国金证券,倪文祎,2022Q4,567000.0,222800.0,174200.0,147100.0,1.699,31.07,,32.49,,买入,,68.0
002240.SZ,盛新锂能,20211116,盛新锂能：资源＋产能快速增长的一体化锂业新星,深度,首次评级,国金证券,倪文祎,2021Q4,274500.0,106800.0,84100.0,70500.0,0.815,64.79,,19.35,,买入,,68.0
688019.SH,安集科技,20211116,安集科技：CMP抛光液行业内资龙头，国产替代加速进行,一般,首次关注,国盛证券,"郑震湘,王席鑫",2021Q4,64200.0,,16700.0,15600.0,2.94,96.8,,13.2,79.5,买入,,
603129.SH,春风动力,20211116,春风动力点评报告：10月大排量两轮车同比增速超60％，MT800爆款产品获市场验证,点评,一般报告,浙商证券,"王华君,李锋,何家恺",2023Q4,1235800.0,,110900.0,101300.0,6.75,20.0,,33.3,14.0,买入,,
603129.SH,春风动力,20211116,春风动力点评报告：10月大排量两轮车同比增速超60％，MT800爆款产品获市场验证,点评,一般报告,浙商证券,"王华君,李锋,何家恺",2022Q4,1023300.0,,80600.0,75500.0,5.031,27.0,,33.4,20.0,买入,,
603129.SH,春风动力,20211116,春风动力点评报告：10月大排量两轮车同比增速超60％，MT800爆款产品获市场验证,点评,一般报告,浙商证券,"王华君,李锋,何家恺",2021Q4,784100.0,,48100.0,46200.0,3.078,44.0,,26.7,36.0,买入,,
003026.SZ,中晶科技,20211116,中晶科技：研磨片，抛光片，功率器件完整布局,点评,一般报告,方正证券,陈杭,2023Q4,85200.0,,34100.0,30300.0,3.03,27.98,,21.25,22.94,推荐,,
600641.SH,万业企业,20211116,万业企业：转型装备材料平台，打造中国“万芯集团”,深度,首次关注,上海证券,"陈宇哲,李挺",2022Q4,158300.0,,74600.0,51200.0,0.53,61.38,,7.0,,买入,,
003026.SZ,中晶科技,20211116,中晶科技：研磨片，抛光片，功率器件完整布局,点评,一般报告,方正证券,陈杭,2022Q4,65300.0,,25200.0,22300.0,2.24,37.88,,19.92,31.82,推荐,,
003026.SZ,中晶科技,20211116,中晶科技：研磨片，抛光片，功率器件完整布局,点评,一般报告,方正证券,陈杭,2021Q4,44600.0,,17000.0,15100.0,1.51,56.21,,16.77,48.53,推荐,,
002821.SZ,凯莱英,20211116,凯莱英：签订重大订单，业绩加速增长,点评,一般报告,中信建投,"贺菊颖,袁清慧,阳明春",2021Q4,441700.0,,116400.0,101900.0,4.17,100.0,,14.9,77.5,买入,,
688981.SH,中芯国际,20211116,中芯国际三季报点评：2021Q3业绩创新高，扩产持续推进，公司快速成长,点评,一般报告,国海证券,"吴吉森,何昊",2023Q4,5075700.0,,1252100.0,1104300.0,1.4,40.28,,9.0,,买入,,
688981.SH,中芯国际,20211116,中芯国际三季报点评：2021Q3业绩创新高，扩产持续推进，公司快速成长,点评,一般报告,国海证券,"吴吉森,何昊",2022Q4,4384000.0,,1120700.0,988500.0,1.25,45.0,,8.0,,买入,,
002821.SZ,凯莱英,20211116,凯莱英：签订重大订单，业绩加速增长,点评,一般报告,中信建投,"贺菊颖,袁清慧,阳明春",2023Q4,823600.0,,222200.0,196100.0,8.01,52.0,,19.2,38.6,买入,,
688981.SH,中芯国际,20211116,中芯国际三季报点评：2021Q3业绩创新高，扩产持续推进，公司快速成长,点评,一般报告,国海证券,"吴吉森,何昊",2021Q4,3633200.0,,1038500.0,914100.0,1.16,48.66,,8.0,,买入,,
002643.SZ,万润股份,20211116,万润股份：布局年产65吨光刻胶项目，持续看好公司未来发展,点评,一般报告,东吴证券,柳强,2023Q4,508017.0,,122600.0,99911.0,1.07,20.76,,13.0,12.13,买入,,
688019.SH,安集科技,20211116,安集科技：CMP抛光液行业内资龙头，国产替代加速进行,一般,首次关注,国盛证券,"郑震湘,王席鑫",2022Q4,93000.0,,23600.0,21600.0,4.06,70.1,,15.5,55.5,买入,,
002643.SZ,万润股份,20211116,万润股份：布局年产65吨光刻胶项目，持续看好公司未来发展,点评,一般报告,东吴证券,柳强,2022Q4,431691.0,,101900.0,83122.0,0.89,24.95,,12.4,14.72,买入,,
002821.SZ,凯莱英,20211116,凯莱英：签订重大订单，业绩加速增长,点评,一般报告,中信建投,"贺菊颖,袁清慧,阳明春",2022Q4,686200.0,,184400.0,162600.0,6.65,62.7,,19.4,48.1,买入,,
002643.SZ,万润股份,20211116,万润股份：布局年产65吨光刻胶项目，持续看好公司未来发展,点评,一般报告,东吴证券,柳强,2021Q4,354308.0,,82600.0,67732.0,0.73,30.62,,11.6,17.93,买入,,
603515.SH,欧普照明,20211116,欧普照明2021年三季报点评：业绩阶段承压，静待转型落地,点评,一般报告,中信证券,"纪敏,汪浩",2023Q4,1110100.0,,129000.0,110200.0,1.46,13.8,,15.7,11.0,买入,,28.38
002821.SZ,凯莱英,20211116,凯莱英事件点评：大订单催化，超预期可期！,点评,一般报告,浙商证券,"孙建,郭双喜",2022Q4,669900.0,,174700.0,154900.0,6.331,65.24,,19.94,52.88,买入,,
603515.SH,欧普照明,20211116,欧普照明2021年三季报点评：业绩阶段承压，静待转型落地,点评,一般报告,中信证券,"纪敏,汪浩",2022Q4,999500.0,,113800.0,97300.0,1.29,15.7,,15.3,12.4,买入,,28.38
603515.SH,欧普照明,20211116,欧普照明2021年三季报点评：业绩阶段承压，静待转型落地,点评,一般报告,中信证券,"纪敏,汪浩",2021Q4,892900.0,,100100.0,85800.0,1.14,17.7,,15.0,14.0,买入,,28.38
301129.SZ,瑞纳智能,20211116,瑞纳智能：供热减碳领军企业——公司首次覆盖报告,一般,首次关注,开源证券,"陈宝健,王珂,闫宁",2023Q4,94500.0,,38800.0,33100.0,4.5,15.3,,32.0,11.3,买入,,
301129.SZ,瑞纳智能,20211116,瑞纳智能：供热减碳领军企业——公司首次覆盖报告,一般,首次关注,开源证券,"陈宝健,王珂,闫宁",2022Q4,71400.0,,29400.0,25100.0,3.41,20.2,,32.9,15.6,买入,,
301129.SZ,瑞纳智能,20211116,瑞纳智能：供热减碳领军企业——公司首次覆盖报告,一般,首次关注,开源证券,"陈宝健,王珂,闫宁",2021Q4,54300.0,,21100.0,18000.0,2.44,28.2,,31.5,22.2,买入,,
688089.SH,嘉必优,20211116,嘉必优：深耕生物发酵食品营养素，燕窝酸有望打造新的增长极,深度,首次关注,安信证券,"张汪强,乔璐",2023Q4,70116.3,40467.09,30140.0,25010.0,2.08,23.4,1.3,14.6,16.0,买入,,62.0
688089.SH,嘉必优,20211116,嘉必优：深耕生物发酵食品营养素，燕窝酸有望打造新的增长极,深度,首次关注,安信证券,"张汪强,乔璐",2022Q4,48003.47,27620.36,22870.0,19030.0,1.59,30.7,1.2,12.3,23.7,买入,,62.0
688089.SH,嘉必优,20211116,嘉必优：深耕生物发酵食品营养素，燕窝酸有望打造新的增长极,深度,首次关注,安信证券,"张汪强,乔璐",2021Q4,37729.57,21220.16,17400.0,14530.0,1.21,40.2,0.7,10.2,30.3,买入,,62.0
603378.SH,亚士创能,20211116,亚士创能：面向实控人定增彰显信心，公司中长期发展可期,点评,一般报告,中泰证券,"孙颖,刘毅男",2023Q4,823600.0,235800.0,66200.0,60600.0,2.03,12.78,,15.97,,增持,,
603378.SH,亚士创能,20211116,亚士创能：面向实控人定增彰显信心，公司中长期发展可期,点评,一般报告,中泰证券,"孙颖,刘毅男",2022Q4,624700.0,173100.0,41500.0,38200.0,1.28,20.25,,12.3,,增持,,
603378.SH,亚士创能,20211116,亚士创能：面向实控人定增彰显信心，公司中长期发展可期,点评,一般报告,中泰证券,"孙颖,刘毅男",2021Q4,475000.0,125400.0,24500.0,23000.0,0.77,33.71,,9.94,,增持,,
688798.SH,艾为电子,20211116,艾为电子：四类芯片齐发力，市场空间广阔,深度,首次关注,东兴证券,"王健辉,刘蒙,张永嘉",2021Q4,231281.0,,24000.0,23262.0,1.401,138.29,,47.29,106.01,推荐,,
600115.SH,中国东航,20211116,中金晨会焦点,非个股,一般报告,中金,"赵欣悦,吴其坤,杨鑫,冯启斌",2022Q4,,,,377488.802,0.2,,,6.8,,跑赢行业,,5.8
600115.SH,中国东航,20211116,中金晨会焦点,非个股,一般报告,中金,"赵欣悦,吴其坤,杨鑫,冯启斌",2021Q4,,,,-1113591.965,-0.59,,,-20.6,,跑赢行业,,5.8
688798.SH,艾为电子,20211116,艾为电子：四类芯片齐发力，市场空间广阔,深度,首次关注,东兴证券,"王健辉,刘蒙,张永嘉",2022Q4,362942.0,,40900.0,39728.0,2.393,80.98,,58.24,60.85,推荐,,
000977.SZ,浪潮信息,20211116,峰回路转，掘金中国FAAMG——2022年计算机年度策略,非个股,一般报告,兴业证券,"蒋佳霖,孙乾,吴鸣远,冯欣怡,杨本鸿",2023Q4,,,,305281.475,2.1,,,,,审慎增持,,
000977.SZ,浪潮信息,20211116,峰回路转，掘金中国FAAMG——2022年计算机年度策略,非个股,一般报告,兴业证券,"蒋佳霖,孙乾,吴鸣远,冯欣怡,杨本鸿",2022Q4,,,,258762.393,1.78,,,,,审慎增持,,
000977.SZ,浪潮信息,20211116,峰回路转，掘金中国FAAMG——2022年计算机年度策略,非个股,一般报告,兴业证券,"蒋佳霖,孙乾,吴鸣远,冯欣怡,杨本鸿",2021Q4,,,,197706.098,1.36,,,,,审慎增持,,
920260.BJ,中寰股份,20211116,国泰君安晨报,非个股,一般报告,国泰君安,"黄琨,周斌",2023Q4,,,,5800.0,1.149,,,,,谨慎增持,,
920260.BJ,中寰股份,20211116,国泰君安晨报,非个股,一般报告,国泰君安,"黄琨,周斌",2022Q4,,,,4800.0,0.95,,,,,谨慎增持,,
920260.BJ,中寰股份,20211116,国泰君安晨报,非个股,一般报告,国泰君安,"黄琨,周斌",2021Q4,,,,4400.0,0.871,,,,,谨慎增持,,
920925.BJ,锦好医疗,20211116,国泰君安晨报,非个股,一般报告,国泰君安,"丁丹,张拓",2023Q4,,,,3722.0,0.79,,,,,中性,,25.84
920925.BJ,锦好医疗,20211116,国泰君安晨报,非个股,一般报告,国泰君安,"丁丹,张拓",2022Q4,,,,3176.0,0.68,,,,,中性,,25.84
920925.BJ,锦好医疗,20211116,国泰君安晨报,非个股,一般报告,国泰君安,"丁丹,张拓",2021Q4,,,,2620.0,0.56,,,,,中性,,25.84
601100.SH,恒立液压,20211116,机械行业2022年投资策略：积极布局技术成长，穿越周期望见价值,非个股,一般报告,兴业证券,"石康,李博彦,李雅哲",2023Q4,,,,392000.0,3.0,,,,,买入,,
601100.SH,恒立液压,20211116,机械行业2022年投资策略：积极布局技术成长，穿越周期望见价值,非个股,一般报告,兴业证券,"石康,李博彦,李雅哲",2021Q4,,,,280000.0,2.2,,,,,买入,,
601100.SH,恒立液压,20211116,机械行业2022年投资策略：积极布局技术成长，穿越周期望见价值,非个股,一般报告,兴业证券,"石康,李博彦,李雅哲",2022Q4,,,,341000.0,2.6,,,,,买入,,
300496.SZ,中科创达,20211116,峰回路转，掘金中国FAAMG——2022年计算机年度策略,非个股,一般报告,兴业证券,"蒋佳霖,孙乾,吴鸣远,冯欣怡,杨本鸿",2023Q4,,,,122415.806,2.88,,,,,审慎增持,,
300496.SZ,中科创达,20211116,峰回路转，掘金中国FAAMG——2022年计算机年度策略,非个股,一般报告,兴业证券,"蒋佳霖,孙乾,吴鸣远,冯欣怡,杨本鸿",2022Q4,,,,90111.635,2.12,,,,,审慎增持,,
300496.SZ,中科创达,20211116,峰回路转，掘金中国FAAMG——2022年计算机年度策略,非个股,一般报告,兴业证券,"蒋佳霖,孙乾,吴鸣远,冯欣怡,杨本鸿",2021Q4,,,,64608.342,1.52,,,,,审慎增持,,
601995.SH,中金公司,20211116,证券Ⅱ：坚守财富管理主线，寻找长期主义的践行者,非个股,一般报告,中信建投,"赵然,庄严",2022Q4,,,,1309600.0,2.71,,,15.9,,无,,
601995.SH,中金公司,20211116,证券Ⅱ：坚守财富管理主线，寻找长期主义的践行者,非个股,一般报告,中信建投,"赵然,庄严",2021Q4,,,,1057600.0,2.19,,,14.79,,无,,
002345.SZ,潮宏基,20211116,休闲服务：供给端内功优化，需求端蓄势待发,非个股,一般报告,中信建投,"刘乐文,陈如练,周博文",2023Q4,,,,47081.461,0.52,,,,,无,,
002345.SZ,潮宏基,20211116,休闲服务：供给端内功优化，需求端蓄势待发,非个股,一般报告,中信建投,"刘乐文,陈如练,周博文",2021Q4,,,,35311.096,0.39,,,,,无,,
603985.SH,恒润股份,20211116,机械行业2022年投资策略：积极布局技术成长，穿越周期望见价值,非个股,一般报告,兴业证券,"石康,李博彦,李雅哲",2023Q4,,,,72000.0,2.1,,,,,审慎增持,,
603985.SH,恒润股份,20211116,机械行业2022年投资策略：积极布局技术成长，穿越周期望见价值,非个股,一般报告,兴业证券,"石康,李博彦,李雅哲",2022Q4,,,,64000.0,1.9,,,,,审慎增持,,
002345.SZ,潮宏基,20211116,休闲服务：供给端内功优化，需求端蓄势待发,非个股,一般报告,中信建投,"刘乐文,陈如练,周博文",2022Q4,,,,41648.985,0.46,,,,,无,,
603985.SH,恒润股份,20211116,机械行业2022年投资策略：积极布局技术成长，穿越周期望见价值,非个股,一般报告,兴业证券,"石康,李博彦,李雅哲",2021Q4,,,,47000.0,1.4,,,,,审慎增持,,
920171.BJ,志晟信息,20211116,国泰君安晨报,非个股,一般报告,国泰君安,"李雪薇,李沐华",2023Q4,,,,12152.807,1.88,,,,,增持,,
920171.BJ,志晟信息,20211116,国泰君安晨报,非个股,一般报告,国泰君安,"李雪薇,李沐华",2021Q4,,,,6981.4,1.08,,,,,增持,,
920171.BJ,志晟信息,20211116,国泰君安晨报,非个股,一般报告,国泰君安,"李雪薇,李沐华",2022Q4,,,,9502.461,1.47,,,,,增持,,
002281.SZ,光迅科技,20211116,光迅科技：定增预案出炉，综合实力有望提升,点评,一般报告,国泰君安,"王彦龙,黎明聪",Q,,,,,,,,,,增持,,39.71
600309.SH,万华化学,20211116,万华化学2021年10月报：价差维持平稳，福建产能再扩张,一般,一般报告,国海证券,"李永磊,董伯骏,赵小燕",2023Q4,16312100.0,,3464200.0,2855300.0,9.09,10.72,,22.0,,买入,,
600309.SH,万华化学,20211116,万华化学2021年10月报：价差维持平稳，福建产能再扩张,一般,一般报告,国海证券,"李永磊,董伯骏,赵小燕",2022Q4,14467900.0,,3194400.0,2663700.0,8.48,11.49,,26.0,,买入,,
600309.SH,万华化学,20211116,万华化学2021年10月报：价差维持平稳，福建产能再扩张,一般,一般报告,国海证券,"李永磊,董伯骏,赵小燕",2021Q4,12976100.0,,2949200.0,2572900.0,8.19,11.9,,35.0,,买入,,
300680.SZ,隆盛科技,20211116,隆盛科技重大事项点评：定增加码新能源，高端铁芯产能进一步扩张,点评,一般报告,中信证券,"尹欣驰,李景涛,李子俊,王诗宸",2023Q4,243502.0,,37600.0,31977.0,1.58,21.1,,23.45,15.5,买入,,43.0
300680.SZ,隆盛科技,20211116,隆盛科技重大事项点评：定增加码新能源，高端铁芯产能进一步扩张,点评,一般报告,中信证券,"尹欣驰,李景涛,李子俊,王诗宸",2022Q4,183398.0,,25500.0,21666.0,1.07,31.2,,19.74,21.5,买入,,43.0
603982.SH,泉峰汽车,20211116,泉峰汽车：新能源业务多点开花，一体压铸孕育新机遇——公司首次覆盖报告,一般,首次关注,开源证券,邓健全,2022Q4,232400.0,,26400.0,24300.0,1.21,31.9,,12.5,18.7,买入,,
603982.SH,泉峰汽车,20211116,泉峰汽车：新能源业务多点开花，一体压铸孕育新机遇——公司首次覆盖报告,一般,首次关注,开源证券,邓健全,2023Q4,300600.0,,38200.0,35100.0,1.74,22.1,,15.4,13.1,买入,,
600416.SH,湘电股份,20211116,湘电股份：全电推舰船、电磁发射是海军装备升级的支点,点评,一般报告,国盛证券,余平,2021Q4,418700.0,,16400.0,13100.0,0.1134,141.9,,4.0,39.4,买入,,
600416.SH,湘电股份,20211116,湘电股份：全电推舰船、电磁发射是海军装备升级的支点,点评,一般报告,国盛证券,余平,2023Q4,730900.0,,64700.0,49600.0,0.43,37.6,,12.6,17.8,买入,,
600416.SH,湘电股份,20211116,湘电股份：全电推舰船、电磁发射是海军装备升级的支点,点评,一般报告,国盛证券,余平,2022Q4,563800.0,,43200.0,34900.0,0.3,53.5,,9.6,25.8,买入,,
600916.SH,中国黄金,20211116,休闲服务：供给端内功优化，需求端蓄势待发,非个股,一般报告,中信建投,"刘乐文,陈如练,周博文",2023Q4,,,,132720.0,0.79,,,,,无,,
600916.SH,中国黄金,20211116,休闲服务：供给端内功优化，需求端蓄势待发,非个股,一般报告,中信建投,"刘乐文,陈如练,周博文",2022Q4,,,,104160.0,0.62,,,,,无,,
600916.SH,中国黄金,20211116,休闲服务：供给端内功优化，需求端蓄势待发,非个股,一般报告,中信建投,"刘乐文,陈如练,周博文",2021Q4,,,,75600.0,0.45,,,,,无,,
688798.SH,艾为电子,20211116,艾为电子：四类芯片齐发力，市场空间广阔,深度,首次关注,东兴证券,"王健辉,刘蒙,张永嘉",2023Q4,518873.0,,62700.0,60894.0,3.668,52.83,,62.54,42.25,推荐,,
002010.SZ,传化智联,20211116,传化智联：网络货运赛道保持良好成长性，法规修订有望促进市场集中度提升,点评,一般报告,银河证券,王靖添,2023Q4,5745580.0,,,276881.0,0.901,9.19,,,,推荐,,
002010.SZ,传化智联,20211116,传化智联：网络货运赛道保持良好成长性，法规修订有望促进市场集中度提升,点评,一般报告,银河证券,王靖添,2022Q4,4621314.0,,,245367.0,0.799,10.36,,,,推荐,,
002010.SZ,传化智联,20211116,传化智联：网络货运赛道保持良好成长性，法规修订有望促进市场集中度提升,点评,一般报告,银河证券,王靖添,2021Q4,3485820.0,,,216872.0,0.706,11.73,,,,推荐,,
300680.SZ,隆盛科技,20211116,隆盛科技重大事项点评：定增加码新能源，高端铁芯产能进一步扩张,点评,一般报告,中信证券,"尹欣驰,李景涛,李子俊,王诗宸",2021Q4,104845.0,,12700.0,10781.0,0.53,62.9,,11.85,38.0,买入,,43.0
603982.SH,泉峰汽车,20211116,泉峰汽车：新能源业务多点开花，一体压铸孕育新机遇——公司首次覆盖报告,一般,首次关注,开源证券,邓健全,2021Q4,180500.0,,18700.0,17200.0,0.85,45.2,,10.0,26.1,买入,,
300031.SZ,宝通科技,20211116,宝通科技：深耕输送带智能化，助力工业物联网升级,深度,一般报告,东吴证券,"张良卫,刘睿哲,王世杰",2021Q4,292644.0,,61500.0,51200.0,1.29,23.01,,14.3,16.0,买入,,39.78
300031.SZ,宝通科技,20211116,宝通科技：深耕输送带智能化，助力工业物联网升级,深度,一般报告,东吴证券,"张良卫,刘睿哲,王世杰",2023Q4,451171.0,,88200.0,73500.0,1.85,16.04,,14.7,10.89,买入,,39.78
300031.SZ,宝通科技,20211116,宝通科技：深耕输送带智能化，助力工业物联网升级,深度,一般报告,东吴证券,"张良卫,刘睿哲,王世杰",2022Q4,375976.0,,75800.0,63100.0,1.59,18.66,,14.9,12.9,买入,,39.78
688139.SH,海尔生物,20211116,海尔生物：物联网开启生物安全新基建，多点布局智领多样未来,一般,一般报告,天风证券,"杨松,李鲁靖,李慧瑶",2023Q4,351754.0,,98780.0,89148.0,2.81,29.87,,17.24,22.82,增持,,
688139.SH,海尔生物,20211116,海尔生物：物联网开启生物安全新基建，多点布局智领多样未来,一般,一般报告,天风证券,"杨松,李鲁靖,李慧瑶",2022Q4,266683.0,,71949.0,64934.0,2.05,41.01,,15.17,32.73,增持,,
688139.SH,海尔生物,20211116,海尔生物：物联网开启生物安全新基建，多点布局智领多样未来,一般,一般报告,天风证券,"杨松,李鲁靖,李慧瑶",2021Q4,198937.0,,93233.0,84142.0,2.65,31.65,,23.17,25.61,增持,,
002643.SZ,万润股份,20211116,万润股份：拟投资建设光刻胶项目，新材料合成定制平台再添新增长极,点评,一般报告,申万宏源证券,"胡双,宋涛,马昕晔",2023Q4,571300.0,249700.0,132800.0,108600.0,1.17,17.0,,13.2,,买入,,
002643.SZ,万润股份,20211116,万润股份：拟投资建设光刻胶项目，新材料合成定制平台再添新增长极,点评,一般报告,申万宏源证券,"胡双,宋涛,马昕晔",2022Q4,499400.0,214500.0,112000.0,90500.0,0.97,21.0,,12.7,,买入,,
002643.SZ,万润股份,20211116,万润股份：拟投资建设光刻胶项目，新材料合成定制平台再添新增长极,点评,一般报告,申万宏源证券,"胡双,宋涛,马昕晔",2021Q4,377500.0,162100.0,83600.0,66800.0,0.72,28.0,,10.8,,买入,,
920260.BJ,中寰股份,20211116,中寰股份：深耕执行机构、井口安全领域的专精特新“小巨人”,一般,首次关注,中信建投,吕娟,2023Q4,25900.0,,,5600.0,1.1,27.2,,,,买入,,
920260.BJ,中寰股份,20211116,中寰股份：深耕执行机构、井口安全领域的专精特新“小巨人”,一般,首次关注,中信建投,吕娟,2022Q4,21700.0,,,4600.0,0.91,33.0,,,,买入,,
920260.BJ,中寰股份,20211116,中寰股份：深耕执行机构、井口安全领域的专精特新“小巨人”,一般,首次关注,中信建投,吕娟,2021Q4,18100.0,,,3800.0,0.75,39.8,,,,买入,,
300079.SZ,数码视讯,20211116,数码视讯公司研究报告：超高清及视频技术引领者，创新驱动公司主营高质量增长,一般,首次评级,海通证券,"毛云聪,陈星光,郑宏达,杨蒙",2023Q4,263800.0,142200.0,43200.0,37400.0,0.26,36.72,0.1,8.0,27.68,优于大市,,
300079.SZ,数码视讯,20211116,数码视讯公司研究报告：超高清及视频技术引领者，创新驱动公司主营高质量增长,一般,首次评级,海通证券,"毛云聪,陈星光,郑宏达,杨蒙",2022Q4,190400.0,99800.0,28500.0,25500.0,0.18,53.85,0.1,5.9,37.49,优于大市,,
300079.SZ,数码视讯,20211116,数码视讯公司研究报告：超高清及视频技术引领者，创新驱动公司主营高质量增长,一般,首次评级,海通证券,"毛云聪,陈星光,郑宏达,杨蒙",2021Q4,138200.0,70300.0,18200.0,16700.0,0.12,82.34,0.1,4.1,41.49,优于大市,,
002344.SZ,海宁皮城,20211116,海宁皮城：立足皮革，时尚引领，线上线下融合发展,一般,一般报告,中信建投,叶乐,2023Q4,183000.0,,48300.0,33900.0,0.26,17.2,,3.9,8.3,增持,,
002344.SZ,海宁皮城,20211116,海宁皮城：立足皮革，时尚引领，线上线下融合发展,一般,一般报告,中信建投,叶乐,2022Q4,167900.0,,42800.0,30000.0,0.23,19.4,,3.6,7.7,增持,,
002344.SZ,海宁皮城,20211116,海宁皮城：立足皮革，时尚引领，线上线下融合发展,一般,一般报告,中信建投,叶乐,2021Q4,144600.0,,40900.0,28600.0,0.22,20.4,,3.5,8.7,增持,,
920405.BJ,海希通讯,20211116,海希通讯公司研究报告：深耕工业无线遥控，双品牌差异化竞争把握中高端市场,点评,首次关注,海通证券,"朱劲松,余伟民,夏凡",2023Q4,35500.0,,14000.0,10600.0,1.57,21.4,1.4,11.4,12.2,中性,,
920405.BJ,海希通讯,20211116,海希通讯公司研究报告：深耕工业无线遥控，双品牌差异化竞争把握中高端市场,点评,首次关注,海通证券,"朱劲松,余伟民,夏凡",2022Q4,32100.0,,12800.0,9700.0,1.43,23.43,1.3,11.7,13.94,中性,,
920405.BJ,海希通讯,20211116,海希通讯公司研究报告：深耕工业无线遥控，双品牌差异化竞争把握中高端市场,点评,首次关注,海通证券,"朱劲松,余伟民,夏凡",2021Q4,29500.0,,12000.0,9100.0,1.33,25.1,1.2,12.4,15.58,中性,,
688105.SH,诺唯赞,20211116,诺唯赞：生物试剂领军企业，生命科学产业链布局全面开花,深度,首次关注,安信证券,马帅,2023Q4,208295.0,163047.0,108200.0,93050.0,2.33,36.7,0.0,24.9,26.9,买入,,103.4
688105.SH,诺唯赞,20211116,诺唯赞：生物试剂领军企业，生命科学产业链布局全面开花,深度,首次关注,安信证券,马帅,2022Q4,172144.0,179051.0,87590.0,75330.0,1.88,45.3,0.0,26.8,34.0,买入,,103.4
688105.SH,诺唯赞,20211116,诺唯赞：生物试剂领军企业，生命科学产业链布局全面开花,深度,首次关注,安信证券,马帅,2021Q4,158504.0,147676.0,79800.0,68630.0,1.72,49.7,0.0,33.3,38.6,买入,,103.4
300331.SZ,苏大维格,20211116,苏大维格：先进微纳结构制造厂商，多元产品布局成长性凸显,一般,首次关注,天风证券,"潘暕,俞文静",2023Q4,320497.0,,40948.0,33413.0,1.29,26.06,,11.36,18.79,买入,,48.0
300331.SZ,苏大维格,20211116,苏大维格：先进微纳结构制造厂商，多元产品布局成长性凸显,一般,首次关注,天风证券,"潘暕,俞文静",2022Q4,248552.0,,30530.0,24913.0,0.96,34.96,,9.42,24.91,买入,,48.0
300331.SZ,苏大维格,20211116,苏大维格：先进微纳结构制造厂商，多元产品布局成长性凸显,一般,首次关注,天风证券,"潘暕,俞文静",2021Q4,186324.0,,11999.0,11015.0,0.42,79.07,,4.53,49.8,买入,,48.0
605138.SH,盛泰集团,20211116,盛泰集团：面料成衣一体化供应链，技术及客户优势显著,一般,首次关注,天风证券,孙海洋,2023Q4,798669.0,,63099.0,52196.0,0.94,13.12,,16.14,9.26,买入,,18.63
605138.SH,盛泰集团,20211116,盛泰集团：面料成衣一体化供应链，技术及客户优势显著,一般,首次关注,天风证券,孙海洋,2021Q4,491323.0,,37580.0,31256.0,0.56,21.92,,13.58,13.82,买入,,18.63
605138.SH,盛泰集团,20211116,盛泰集团：面料成衣一体化供应链，技术及客户优势显著,一般,首次关注,天风证券,孙海洋,2022Q4,634137.0,,49295.0,41066.0,0.74,16.68,,15.14,11.33,买入,,18.63
000625.SZ,长安汽车,20211116,长安汽车：看好阿维塔品牌，定位“懂你的智慧化身”,点评,一般报告,东吴证券,"黄细里,杨惠冰",2023Q4,17357400.0,,593200.0,701700.0,0.92,21.8,,10.5,11.75,买入,,
000625.SZ,长安汽车,20211116,长安汽车：看好阿维塔品牌，定位“懂你的智慧化身”,点评,一般报告,东吴证券,"黄细里,杨惠冰",2022Q4,13786600.0,,516000.0,594600.0,0.78,25.73,,9.9,14.24,买入,,
000625.SZ,长安汽车,20211116,长安汽车：看好阿维塔品牌，定位“懂你的智慧化身”,点评,一般报告,东吴证券,"黄细里,杨惠冰",2021Q4,10621400.0,,405700.0,454700.0,0.6,33.65,,8.2,17.06,买入,,
300143.SZ,盈康生命,20211116,盈康生命：苏州广慈收购落地，持续扩张值得期待,点评,一般报告,天风证券,杨松,2023Q4,171662.0,,21027.0,15743.0,0.25,67.02,,5.96,39.01,买入,,
300143.SZ,盈康生命,20211116,盈康生命：苏州广慈收购落地，持续扩张值得期待,点评,一般报告,天风证券,杨松,2022Q4,143108.0,,19963.0,14255.0,0.22,74.01,,5.74,42.39,买入,,
300143.SZ,盈康生命,20211116,盈康生命：苏州广慈收购落地，持续扩张值得期待,点评,一般报告,天风证券,杨松,2021Q4,68390.0,,18813.0,13097.0,0.2,80.56,,5.6,62.73,买入,,
688066.SH,航天宏图,20211116,航天宏图公司研究报告：高速增长的卫星应用软件龙头,一般,首次关注,海通证券,"郑宏达,杨林,于成龙,杨蒙",2023Q4,248581.0,,43900.0,40600.0,2.21,29.6,0.0,13.8,30.4,优于大市,,
688066.SH,航天宏图,20211116,航天宏图公司研究报告：高速增长的卫星应用软件龙头,一般,首次关注,海通证券,"郑宏达,杨林,于成龙,杨蒙",2022Q4,177897.0,,30900.0,28700.0,1.56,41.8,0.0,11.3,44.83,优于大市,,
688066.SH,航天宏图,20211116,航天宏图公司研究报告：高速增长的卫星应用软件龙头,一般,首次关注,海通证券,"郑宏达,杨林,于成龙,杨蒙",2021Q4,125122.0,,22200.0,20400.0,1.11,58.8,0.0,9.1,59.82,优于大市,,
000625.SZ,长安汽车,20211116,长安汽车阿维塔发布会点评：阿维塔全球首发，开创情感智能电动汽车新品类,点评,首次评级,民生证券,邵将,2023Q4,12806300.0,,548400.0,667100.0,0.88,22.93,0.7,9.7,16.76,推荐,,
000625.SZ,长安汽车,20211116,长安汽车阿维塔发布会点评：阿维塔全球首发，开创情感智能电动汽车新品类,点评,首次评级,民生证券,邵将,2022Q4,11489600.0,,480100.0,579700.0,0.76,26.39,0.7,9.2,20.56,推荐,,
000625.SZ,长安汽车,20211116,长安汽车阿维塔发布会点评：阿维塔全球首发，开创情感智能电动汽车新品类,点评,首次评级,民生证券,邵将,2021Q4,10410200.0,,392200.0,456200.0,0.6,33.54,1.3,7.8,20.84,推荐,,
603378.SH,亚士创能,20211116,亚士创能：大股东全额认购定增彰显信心,点评,一般报告,天风证券,"鲍荣富,王涛,熊可为",2023Q4,832771.0,,81160.0,73044.0,2.44,10.6,,23.13,6.17,买入,,
300073.SZ,当升科技,20211116,当升科技：与SK海外合作，全球化布局再落一子,点评,一般报告,中金,"刘烁,曾韬,蒋昕昊",2021Q4,754400.0,,115300.0,99200.0,2.19,42.1,0.5,23.2,30.9,跑赢行业,,100.0
000681.SZ,视觉中国,20211116,视觉中国：视觉＋战略延展到虚拟资产，重点关注NFT升级500px社区,点评,一般报告,天风证券,文浩,2023Q4,110382.0,,42966.0,35232.0,0.5,35.99,,9.0,25.14,买入,,
000681.SZ,视觉中国,20211116,视觉中国：视觉＋战略延展到虚拟资产，重点关注NFT升级500px社区,点评,一般报告,天风证券,文浩,2022Q4,91985.0,,31906.0,26163.0,0.37,48.47,,7.27,34.12,买入,,
000681.SZ,视觉中国,20211116,视觉中国：视觉＋战略延展到虚拟资产，重点关注NFT升级500px社区,点评,一般报告,天风证券,文浩,2021Q4,73588.0,,23833.0,19543.0,0.28,64.89,,5.81,43.72,买入,,
000681.SZ,视觉中国,20211116,视觉中国：持续发力布局NFT领域，疫情后主业改善可期,点评,首份报告,东吴证券,"张良卫,周良玖",2023Q4,105800.0,,33100.0,26600.0,0.38,47.63,,6.9,40.78,买入,,
000681.SZ,视觉中国,20211116,视觉中国：持续发力布局NFT领域，疫情后主业改善可期,点评,首份报告,东吴证券,"张良卫,周良玖",2021Q4,74200.0,,23000.0,18500.0,0.26,68.63,,5.5,61.56,买入,,
603378.SH,亚士创能,20211116,亚士创能：大股东全额认购定增彰显信心,点评,一般报告,天风证券,"鲍荣富,王涛,熊可为",2022Q4,669274.0,,53686.0,48318.0,1.62,16.02,,18.25,9.23,买入,,
000625.SZ,长安汽车,20211116,长安汽车动态点评：自主发力，阿维塔引战落地首发在即,点评,一般报告,东方财富证券,"周旭辉,陈栎熙",2023Q4,12932484.0,,,674733.0,0.89,23.16,,,10.98,增持,,
000625.SZ,长安汽车,20211116,长安汽车动态点评：自主发力，阿维塔引战落地首发在即,点评,一般报告,东方财富证券,"周旭辉,陈栎熙",2022Q4,11169705.0,,,561667.0,0.74,27.82,,,14.94,增持,,
000625.SZ,长安汽车,20211116,长安汽车动态点评：自主发力，阿维塔引战落地首发在即,点评,一般报告,东方财富证券,"周旭辉,陈栎熙",2021Q4,9730290.0,,,474010.0,0.62,32.97,,,18.93,增持,,
603566.SH,普莱柯,20211116,普莱柯：公告非公开发行预案，全方位提升公司竞争力,点评,一般报告,中金,"孙扬,张宇茜,陈煜东",2022Q4,123700.0,81200.0,38600.0,34000.0,1.06,17.7,3.9,17.9,16.0,跑赢行业,,25.0
688305.SH,科德数控,20211116,科德数控：五轴联动执牛耳者，自主突破打造高端制造中国品牌,深度,一般报告,兴业证券,"石康,李博彦,李雅哲",2023Q4,60000.0,26300.0,14200.0,12600.0,1.39,84.56,,11.9,,审慎增持,,
688305.SH,科德数控,20211116,科德数控：五轴联动执牛耳者，自主突破打造高端制造中国品牌,深度,一般报告,兴业证券,"石康,李博彦,李雅哲",2022Q4,40300.0,17500.0,9500.0,8500.0,0.93,126.03,,9.1,,审慎增持,,
688305.SH,科德数控,20211116,科德数控：五轴联动执牛耳者，自主突破打造高端制造中国品牌,深度,一般报告,兴业证券,"石康,李博彦,李雅哲",2021Q4,25600.0,10900.0,6700.0,5900.0,0.65,179.84,,7.0,,审慎增持,,
603566.SH,普莱柯,20211116,普莱柯：公告非公开发行预案，全方位提升公司竞争力,点评,一般报告,中金,"孙扬,张宇茜,陈煜东",2021Q4,111700.0,72000.0,31500.0,27700.0,0.86,21.7,3.2,15.7,18.9,跑赢行业,,25.0
300994.SZ,久祺股份,20211116,久祺股份深度报告：自行车ODM龙头，电踏车＆跨境电商驱动成长,深度,首次关注,浙商证券,"马莉,史凡可,赵璐",2021Q4,369190.0,,25600.0,21500.0,1.11,44.23,,37.73,34.71,买入,,
300994.SZ,久祺股份,20211116,久祺股份深度报告：自行车ODM龙头，电踏车＆跨境电商驱动成长,深度,首次关注,浙商证券,"马莉,史凡可,赵璐",2023Q4,609516.0,,51600.0,43300.0,2.23,21.95,,35.62,16.19,买入,,
603378.SH,亚士创能,20211116,亚士创能：大股东全额认购定增彰显信心,点评,一般报告,天风证券,"鲍荣富,王涛,熊可为",2021Q4,496407.0,,21994.0,19795.0,0.66,39.12,,8.57,18.07,买入,,
300073.SZ,当升科技,20211116,当升科技：与SK海外合作，全球化布局再落一子,点评,一般报告,中金,"刘烁,曾韬,蒋昕昊",2022Q4,1260900.0,,147400.0,126800.0,2.79,32.9,0.6,24.1,24.0,跑赢行业,,100.0
000681.SZ,视觉中国,20211116,视觉中国：持续发力布局NFT领域，疫情后主业改善可期,点评,首份报告,东吴证券,"张良卫,周良玖",2022Q4,91800.0,,28700.0,23100.0,0.33,54.98,,6.4,48.39,买入,,
300994.SZ,久祺股份,20211116,久祺股份深度报告：自行车ODM龙头，电踏车＆跨境电商驱动成长,深度,首次关注,浙商证券,"马莉,史凡可,赵璐",2022Q4,473864.0,,35500.0,29700.0,1.53,31.93,,35.01,24.59,买入,,
002920.SZ,德赛西威,20211116,德赛西威首次覆盖报告：领先的汽车电子玩家，未来出行变革创领者,一般,首次评级,国泰君安,"李沐华,齐佳宏,吴晓飞",2022Q4,1138200.0,,,97900.0,1.78,62.21,0.3,16.2,58.05,增持,,138.58
002920.SZ,德赛西威,20211116,德赛西威首次覆盖报告：领先的汽车电子玩家，未来出行变革创领者,一般,首次评级,国泰君安,"李沐华,齐佳宏,吴晓飞",2021Q4,880100.0,,,77400.0,1.41,78.76,0.3,14.7,67.85,增持,,138.58
000625.SZ,长安汽车,20211116,长安汽车重大事项点评：阿维塔11正式发布，美学＋智能定义未来感,点评,一般报告,中信证券,"尹欣驰,李景涛,李子俊,王诗宸",2021Q4,10016100.0,,608800.0,512300.0,0.67,30.0,,8.9,18.2,买入,,24.3
603626.SH,科森科技,20211116,科森科技：精密金属结构件领军企业，发力折叠屏／VR新蓝海,一般,首份报告,国信证券,"胡剑,胡慧",2023Q4,793863.0,,62495.0,56020.0,1.0,14.5,1.7,18.0,12.2,买入,,
603626.SH,科森科技,20211116,科森科技：精密金属结构件领军企业，发力折叠屏／VR新蓝海,一般,首份报告,国信证券,"胡剑,胡慧",2022Q4,592369.0,,45983.0,41220.0,0.74,19.7,1.3,15.3,14.3,买入,,
000625.SZ,长安汽车,20211116,长安汽车重大事项点评：阿维塔11正式发布，美学＋智能定义未来感,点评,一般报告,中信证券,"尹欣驰,李景涛,李子俊,王诗宸",2022Q4,11411200.0,,821300.0,691100.0,0.91,22.1,,11.2,14.6,买入,,24.3
603626.SH,科森科技,20211116,科森科技：精密金属结构件领军企业，发力折叠屏／VR新蓝海,一般,首份报告,国信证券,"胡剑,胡慧",2021Q4,384042.0,,39880.0,38606.0,0.69,21.1,1.2,16.2,23.4,买入,,
000625.SZ,长安汽车,20211116,长安汽车重大事项点评：阿维塔11正式发布，美学＋智能定义未来感,点评,一般报告,中信证券,"尹欣驰,李景涛,李子俊,王诗宸",2023Q4,12209900.0,,884500.0,744300.0,0.98,20.5,,11.3,13.7,买入,,24.3
600976.SH,健民集团,20211116,健民集团：儿科药品与体培牛黄双引擎驱动，中华老字号焕发新生,一般,首次关注,国盛证券,"张金洋,杨春雨",2023Q4,455712.0,,63900.0,57800.0,3.77,13.9,,23.2,10.7,买入,,
600976.SH,健民集团,20211116,健民集团：儿科药品与体培牛黄双引擎驱动，中华老字号焕发新生,一般,首次关注,国盛证券,"张金洋,杨春雨",2022Q4,387739.0,,48700.0,44100.0,2.88,18.2,,22.4,13.9,买入,,
600976.SH,健民集团,20211116,健民集团：儿科药品与体培牛黄双引擎驱动，中华老字号焕发新生,一般,首次关注,国盛证券,"张金洋,杨春雨",2021Q4,324304.0,,35700.0,32400.0,2.11,24.9,,20.4,19.1,买入,,
300073.SZ,当升科技,20211116,当升科技：与SK深度合作，快速占据海外市场,点评,一般报告,信达证券,"武浩,陈磊",2023Q4,1286200.0,,208900.0,175900.0,3.88,23.73,,21.0,19.13,买入,,
300073.SZ,当升科技,20211116,当升科技：与SK深度合作，快速占据海外市场,点评,一般报告,信达证券,"武浩,陈磊",2022Q4,1052800.0,,162200.0,136500.0,3.01,30.56,,21.2,26.45,买入,,
300073.SZ,当升科技,20211116,当升科技：与SK深度合作，快速占据海外市场,点评,一般报告,信达证券,"武浩,陈磊",2021Q4,744000.0,,109100.0,91900.0,2.03,45.42,,18.7,42.91,买入,,
300073.SZ,当升科技,20211116,当升科技：与SK签订战略合作协议，共谱全球电动化华章,点评,一般报告,平安证券,"朱栋,皮秀,王霖,王子越",2023Q4,1921500.0,,215500.0,184300.0,4.06,22.6,,24.8,15.1,强烈推荐,,
300073.SZ,当升科技,20211116,当升科技：与SK签订战略合作协议，共谱全球电动化华章,点评,一般报告,平安证券,"朱栋,皮秀,王霖,王子越",2022Q4,1071400.0,,151300.0,129400.0,2.85,32.2,,22.2,22.1,强烈推荐,,
300073.SZ,当升科技,20211116,当升科技：与SK签订战略合作协议，共谱全球电动化华章,点评,一般报告,平安证券,"朱栋,皮秀,王霖,王子越",2021Q4,755000.0,,118200.0,101100.0,2.23,41.3,,21.5,29.6,强烈推荐,,
920454.BJ,同心传动,20211116,同心传动公司研究报告：传动小巨人：深耕非等速传动轴,点评,首份报告,海通证券,"杜威,郑蕾,王猛,房乔华",2023Q4,21175.0,,5100.0,4500.0,0.44,53.36,0.0,14.8,6.74,无,,
300935.SZ,盈建科,20211116,盈建科公司深度报告：深耕建筑设计软件的潜力企业,深度,一般报告,海通证券,"郑宏达,于成龙,杨林",2022Q4,24100.0,,8500.0,7500.0,1.33,43.02,0.0,6.4,29.0,优于大市,,
300935.SZ,盈建科,20211116,盈建科公司深度报告：深耕建筑设计软件的潜力企业,深度,一般报告,海通证券,"郑宏达,于成龙,杨林",2021Q4,19300.0,,6400.0,5700.0,1.01,57.02,0.0,5.2,40.54,优于大市,,
002920.SZ,德赛西威,20211116,德赛西威首次覆盖报告：领先的汽车电子玩家，未来出行变革创领者,一般,首次评级,国泰君安,"李沐华,齐佳宏,吴晓飞",2023Q4,1454000.0,,,119100.0,2.17,51.15,0.3,16.8,50.99,增持,,138.58
920454.BJ,同心传动,20211116,同心传动公司研究报告：传动小巨人：深耕非等速传动轴,点评,首份报告,海通证券,"杜威,郑蕾,王猛,房乔华",2022Q4,17371.0,,4100.0,3600.0,0.36,65.63,0.0,14.2,8.34,无,,
920454.BJ,同心传动,20211116,同心传动公司研究报告：传动小巨人：深耕非等速传动轴,点评,首份报告,海通证券,"杜威,郑蕾,王猛,房乔华",2021Q4,14298.0,,3300.0,2900.0,0.28,82.42,0.0,13.2,10.07,无,,
300935.SZ,盈建科,20211116,盈建科公司深度报告：深耕建筑设计软件的潜力企业,深度,一般报告,海通证券,"郑宏达,于成龙,杨林",2023Q4,28900.0,,10700.0,9600.0,1.69,33.92,0.0,7.6,22.01,优于大市,,
300073.SZ,当升科技,20211116,当升科技事件点评：携手SK，三元龙头开拓全球业务,点评,一般报告,民生证券,"邓永康,李京波",2023Q4,2056900.0,,225200.0,191400.0,4.22,21.8,0.0,23.5,12.1,推荐,,
300073.SZ,当升科技,20211116,当升科技事件点评：携手SK，三元龙头开拓全球业务,点评,一般报告,民生证券,"邓永康,李京波",2022Q4,1484500.0,,163400.0,138900.0,3.06,30.0,0.0,22.3,16.4,推荐,,
002032.SZ,苏泊尔,20211116,苏泊尔：当前阶段，如何看待成长性？,一般,一般报告,国盛证券,"鞠兴海,徐程颖,杨凡仪",2023Q4,2867300.0,,364200.0,306400.0,3.79,12.7,,25.6,8.8,买入,,
002032.SZ,苏泊尔,20211116,苏泊尔：当前阶段，如何看待成长性？,一般,一般报告,国盛证券,"鞠兴海,徐程颖,杨凡仪",2022Q4,2495600.0,,308300.0,259500.0,3.21,15.0,,26.3,11.4,买入,,
002032.SZ,苏泊尔,20211116,苏泊尔：当前阶段，如何看待成长性？,一般,一般报告,国盛证券,"鞠兴海,徐程颖,杨凡仪",2021Q4,2167100.0,,237500.0,199600.0,2.47,19.5,,24.4,14.6,买入,,
300073.SZ,当升科技,20211116,当升科技事件点评：携手SK，三元龙头开拓全球业务,点评,一般报告,民生证券,"邓永康,李京波",2021Q4,1081300.0,,128900.0,109600.0,2.42,38.1,0.2,22.7,22.9,推荐,,
688100.SH,威胜信息,20211115,威胜信息：“十四五”南网加强配电网建设，“双碳”背景下未来可期,点评,一般报告,天风证券,"唐海清,王奕红,李鲁靖",2022Q4,222924.0,,53688.0,46623.0,0.93,27.13,,15.99,19.67,买入,,
688100.SH,威胜信息,20211115,威胜信息：“十四五”南网加强配电网建设，“双碳”背景下未来可期,点评,一般报告,天风证券,"唐海清,王奕红,李鲁靖",2021Q4,180026.0,,41396.0,35960.0,0.72,35.18,,13.74,27.55,买入,,
688008.SH,澜起科技,20211115,澜起科技跟踪报告之二：DDR5世代扬帆起航，高速互联打开公司成长新空间,一般,一般报告,光大证券,"刘凯,栾玉民",2023Q4,604162.0,,193000.0,177531.0,1.57,49.0,1.0,16.49,45.0,买入,,
688008.SH,澜起科技,20211115,澜起科技跟踪报告之二：DDR5世代扬帆起航，高速互联打开公司成长新空间,一般,一般报告,光大证券,"刘凯,栾玉民",2022Q4,442972.0,,133900.0,123180.0,1.09,69.0,1.0,12.99,65.0,买入,,
688008.SH,澜起科技,20211115,澜起科技跟踪报告之二：DDR5世代扬帆起航，高速互联打开公司成长新空间,一般,一般报告,光大证券,"刘凯,栾玉民",2021Q4,261984.0,,87300.0,80307.0,0.71,105.0,0.0,9.41,165.0,买入,,
603733.SH,仙鹤股份,20211115,仙鹤股份：可转债募资支撑产能扩建，中期成长动能强劲,点评,一般报告,中金,"龚晴,吕沛航,陈彦",2021Q4,700700.0,,143900.0,125000.0,1.77,22.6,1.4,21.3,15.9,跑赢行业,,56.0
603517.SH,绝味食品,20211115,绝味食品：卤味龙头高效加盟模式加速开店抢占市场，全国标准化供应链体系给予强劲支持,深度,一般报告,天风证券,"刘章明,刘畅",2021Q4,660567.0,,144873.0,105393.0,1.72,38.89,,18.83,26.37,买入,,85.8
603179.SH,新泉股份,20211115,新泉股份：商乘并举内饰龙头，两大客户增势强劲,一般,首次关注,中金,"邓学,任丹霖,荆文娟",2023Q4,910400.0,198400.0,86100.0,76900.0,2.05,,,,,跑赢行业,,52.0
603179.SH,新泉股份,20211115,新泉股份：商乘并举内饰龙头，两大客户增势强劲,一般,首次关注,中金,"邓学,任丹霖,荆文娟",2022Q4,754100.0,161900.0,61500.0,54900.0,1.47,28.8,1.5,14.2,18.9,跑赢行业,,52.0
600763.SH,通策医疗,20211115,通策医疗：人才梯队加码，新战略有望推动种植渗透率提升,点评,一般报告,中金,"朱言音,邹朋",2021Q4,284500.0,,95300.0,71800.0,2.24,97.3,0.0,28.6,68.7,跑赢行业,,327.0
600519.SH,贵州茅台,20211115,贵州茅台投资价值分析报告：跬步千里，登高望远,深度,一般报告,光大证券,"叶倩瑜,陈彦彤,李嘉祺,汪航宇",2022Q4,12473800.0,,8392300.0,6016600.0,47.9,37.0,1.4,27.13,25.5,买入,,
600519.SH,贵州茅台,20211115,贵州茅台投资价值分析报告：跬步千里，登高望远,深度,一般报告,光大证券,"叶倩瑜,陈彦彤,李嘉祺,汪航宇",2021Q4,10973900.0,,7367800.0,5252000.0,41.81,42.0,1.2,27.84,29.3,买入,,
600383.SH,金地集团,20211115,金地集团：增长与稳健并重，盈利估值料齐进,调研,一般报告,中金,"张宇,王璞,孙静曦",2022Q4,12171300.0,,2617200.0,1280200.0,2.84,4.0,7.6,18.1,5.8,跑赢行业,,15.44
600383.SH,金地集团,20211115,金地集团：增长与稳健并重，盈利估值料齐进,调研,一般报告,中金,"张宇,王璞,孙静曦",2021Q4,10118800.0,,2280000.0,1162100.0,2.57,4.4,6.9,18.8,6.3,跑赢行业,,15.44
300707.SZ,威唐工业,20211115,威唐工业深度报告：汽车冲压专家，动力电池箱体打开成长空间,深度,首次关注,浙商证券,"王华君,张杨",2023Q4,163900.0,50900.0,19900.0,17000.0,1.08,19.0,,18.0,,买入,,27.0
300413.SZ,芒果超媒,20211115,芒果超媒：MCITY上海首店开业，剧本杀业务持续扩张,点评,一般报告,西南证券,刘言,2023Q4,2427350.0,,370223.0,368091.0,1.97,21.57,0.81,19.88,11.75,买入,,
300413.SZ,芒果超媒,20211115,芒果超媒：MCITY上海首店开业，剧本杀业务持续扩张,点评,一般报告,西南证券,刘言,2022Q4,2117654.0,,321362.0,319670.0,1.71,24.84,0.61,20.65,13.93,买入,,
920932.BJ,科达自控,20211115,科达自控重大事件快评：智慧矿山推动者，无人值守自动化控制系统提供商,一般,首份报告,国信证券,彭若恒,Q,,,,,,,,,,无,,
920077.BJ,吉林碳谷,20211115,吉林碳谷重大事件快评：国产碳纤维原丝先行者，战略新兴材料打破国外垄断,一般,首份报告,国信证券,彭若恒,Q,,,,,,,,,,无,,
688363.SH,华熙生物,20211115,华熙生物：双十一销售表现亮眼，重申看好中长期发展,点评,一般报告,中金,"樊俊豪,徐卓楠,林千叶,彭路璐",2022Q4,598000.0,,134600.0,114400.0,2.38,69.1,0.4,18.8,53.4,跑赢行业,,272.0
688363.SH,华熙生物,20211115,华熙生物：双十一销售表现亮眼，重申看好中长期发展,点评,一般报告,中金,"樊俊豪,徐卓楠,林千叶,彭路璐",2021Q4,423900.0,,96300.0,81900.0,1.71,96.6,0.3,15.4,75.1,跑赢行业,,272.0
688100.SH,威胜信息,20211115,威胜信息：“十四五”南网加强配电网建设，“双碳”背景下未来可期,点评,一般报告,天风证券,"唐海清,王奕红,李鲁靖",2023Q4,277181.0,,68545.0,59520.0,1.19,21.25,,18.01,15.9,买入,,
603733.SH,仙鹤股份,20211115,仙鹤股份：可转债募资支撑产能扩建，中期成长动能强劲,点评,一般报告,中金,"龚晴,吕沛航,陈彦",2022Q4,858900.0,,169800.0,147400.0,2.09,19.2,1.6,21.3,13.5,跑赢行业,,56.0
603517.SH,绝味食品,20211115,绝味食品：卤味龙头高效加盟模式加速开店抢占市场，全国标准化供应链体系给予强劲支持,深度,一般报告,天风证券,"刘章明,刘畅",2023Q4,954318.0,,213533.0,157958.0,2.57,25.95,,21.71,16.94,买入,,85.8
603517.SH,绝味食品,20211115,绝味食品：卤味龙头高效加盟模式加速开店抢占市场，全国标准化供应链体系给予强劲支持,深度,一般报告,天风证券,"刘章明,刘畅",2022Q4,795010.0,,176172.0,130342.0,2.12,31.45,,20.5,21.04,买入,,85.8
603179.SH,新泉股份,20211115,新泉股份：商乘并举内饰龙头，两大客户增势强劲,一般,首次关注,中金,"邓学,任丹霖,荆文娟",2021Q4,522000.0,109400.0,36200.0,32400.0,0.86,48.8,0.9,9.1,27.3,跑赢行业,,52.0
600763.SH,通策医疗,20211115,通策医疗：人才梯队加码，新战略有望推动种植渗透率提升,点评,一般报告,中金,"朱言音,邹朋",2022Q4,370900.0,,127200.0,94800.0,2.96,73.7,0.0,28.4,52.1,跑赢行业,,327.0
600519.SH,贵州茅台,20211115,贵州茅台投资价值分析报告：跬步千里，登高望远,深度,一般报告,光大证券,"叶倩瑜,陈彦彤,李嘉祺,汪航宇",2023Q4,14293400.0,,9592600.0,6916400.0,55.06,32.0,1.6,26.66,22.0,买入,,
300707.SZ,威唐工业,20211115,威唐工业深度报告：汽车冲压专家，动力电池箱体打开成长空间,深度,首次关注,浙商证券,"王华君,张杨",2022Q4,118400.0,35500.0,12900.0,11000.0,0.7,29.0,,13.0,,买入,,27.0
300707.SZ,威唐工业,20211115,威唐工业深度报告：汽车冲压专家，动力电池箱体打开成长空间,深度,首次关注,浙商证券,"王华君,张杨",2021Q4,79200.0,21900.0,6500.0,5500.0,0.35,57.0,,7.0,,买入,,27.0
300413.SZ,芒果超媒,20211115,芒果超媒：MCITY上海首店开业，剧本杀业务持续扩张,点评,一般报告,西南证券,刘言,2021Q4,1788341.0,,245536.0,243881.0,1.3,32.55,0.5,19.1,17.59,买入,,
002507.SZ,涪陵榨菜,20211115,涪陵榨菜：正式发布提价公告，4Q21起利润表现料将改善,点评,一般报告,中金,"王文丹,黄佳媛",2022Q4,289600.0,,116300.0,99300.0,1.12,28.8,1.0,12.8,20.0,跑赢行业,,39.2
300703.SZ,创源股份,20211115,创源股份：收入攀升至历史高点，利润率进入复苏通道,一般,首次关注,华安证券,"马远方,虞晓文",2022Q4,201100.0,,16400.0,14500.0,0.79,12.51,,16.3,10.54,买入,,
300703.SZ,创源股份,20211115,创源股份：收入攀升至历史高点，利润率进入复苏通道,一般,首次关注,华安证券,"马远方,虞晓文",2021Q4,150200.0,,4800.0,3900.0,0.21,47.26,,5.1,36.94,买入,,
002010.SZ,传化智联,20211115,传化智联深度研究报告：公路港－网络货运－制造业供应链，联动线上线下，服务中国智造——大物流时代系列研究（八）,深度,首次评级,华创证券,"吴一凡,刘阳,吴莹莹,周儒飞",2023Q4,6185400.0,,305600.0,248300.0,0.81,10.0,,11.9,14.0,推荐,,10.71
002010.SZ,传化智联,20211115,传化智联深度研究报告：公路港－网络货运－制造业供应链，联动线上线下，服务中国智造——大物流时代系列研究（八）,深度,首次评级,华创证券,"吴一凡,刘阳,吴莹莹,周儒飞",2022Q4,5033700.0,,257600.0,209300.0,0.68,12.0,,11.1,16.0,推荐,,10.71
002010.SZ,传化智联,20211115,传化智联深度研究报告：公路港－网络货运－制造业供应链，联动线上线下，服务中国智造——大物流时代系列研究（八）,深度,首次评级,华创证券,"吴一凡,刘阳,吴莹莹,周儒飞",2021Q4,3656400.0,,228700.0,185900.0,0.61,13.0,,10.9,18.0,推荐,,10.71
920436.BJ,大地电气,20211115,大地电气公司研究报告：优质的商用车线束供应商，连接器业务外供有望带来新增长点,点评,首份报告,海通证券,"杜威,王猛,郑蕾,曹雅倩,房乔华",2022Q4,98250.0,,6200.0,5770.0,0.63,15.75,1.4,11.2,12.0,无,,
920436.BJ,大地电气,20211115,大地电气公司研究报告：优质的商用车线束供应商，连接器业务外供有望带来新增长点,点评,首份报告,海通证券,"杜威,王猛,郑蕾,曹雅倩,房乔华",2021Q4,91960.0,,5100.0,4810.0,0.52,18.87,1.1,10.3,12.86,无,,
000012.SZ,南玻A,20211115,南玻A：技术引领行业，三块玻璃齐头并进,一般,首次评级,天风证券,"鲍荣富,王涛,熊可为",2023Q4,2214940.0,,380465.0,309091.0,1.01,9.3,,20.94,5.89,买入,,13.2
600876.SH,洛阳玻璃,20211115,洛阳玻璃公司研究报告：背靠凯盛集团，规模扩张走在快车道上,一般,首次关注,海通证券,"冯晨阳,申浩,潘莹练",2022Q4,802000.0,,85700.0,58300.0,0.9,27.07,0.0,11.1,10.8,优于大市,,
000012.SZ,南玻A,20211115,南玻A：技术引领行业，三块玻璃齐头并进,一般,首次评级,天风证券,"鲍荣富,王涛,熊可为",2022Q4,1856083.0,,308704.0,250792.0,0.82,11.46,,19.5,7.12,买入,,13.2
600876.SH,洛阳玻璃,20211115,洛阳玻璃公司研究报告：背靠凯盛集团，规模扩张走在快车道上,一般,首次关注,海通证券,"冯晨阳,申浩,潘莹练",2021Q4,472400.0,,57100.0,41300.0,0.64,38.25,0.0,9.7,14.74,优于大市,,
920892.BJ,广咨国际,20211115,广咨国际公司研究报告：立足广州，工程管理服务业综合性服务商,点评,首份报告,海通证券,张欣劼,2021Q4,45616.0,,8900.0,7000.0,0.93,23.9,0.0,26.5,10.37,无,,
920924.BJ,广脉科技,20211115,广脉科技公司研究报告：深耕行业，构建完整5G数字生态系统,一般,首次关注,海通证券,"朱劲松,余伟民,夏凡",2022Q4,59500.0,,5700.0,5000.0,0.61,22.95,0.0,16.2,11.45,中性,,
920266.BJ,生物谷,20211115,生物谷：灯盏花药品行业龙头，正在蜕变的心脑血管领域潜力企业,一般,首份报告,国盛证券,"张金洋,杨春雨",2023Q4,98148.0,,14200.0,12300.0,0.96,16.0,,9.4,9.3,买入,,
920266.BJ,生物谷,20211115,生物谷：灯盏花药品行业龙头，正在蜕变的心脑血管领域潜力企业,一般,首份报告,国盛证券,"张金洋,杨春雨",2022Q4,74859.0,,11200.0,9700.0,0.75,20.4,,8.1,12.2,买入,,
600699.SH,均胜电子,20211115,均胜电子重大事项点评：引入战略投资者，助力安全业务发展,点评,一般报告,中信证券,"李景涛,尹欣驰,李子俊,王诗宸",2023Q4,6374312.0,,260900.0,172806.0,1.26,17.1,,9.74,6.9,买入,,30.0
920266.BJ,生物谷,20211115,生物谷：灯盏花药品行业龙头，正在蜕变的心脑血管领域潜力企业,一般,首份报告,国盛证券,"张金洋,杨春雨",2021Q4,55806.0,,9300.0,8100.0,0.63,24.4,,7.4,15.4,买入,,
002507.SZ,涪陵榨菜,20211115,涪陵榨菜：正式发布提价公告，4Q21起利润表现料将改善,点评,一般报告,中金,"王文丹,黄佳媛",2021Q4,249600.0,,75600.0,64300.0,0.72,44.5,0.7,11.9,32.6,跑赢行业,,39.2
001979.SZ,招商蛇口,20211115,招商蛇口：迈向更高效、有质量的增长,调研,一般报告,中金,"张宇,王璞,孙静曦",2022Q4,15647800.0,,3025300.0,1444500.0,1.82,6.1,6.6,12.7,9.3,跑赢行业,,13.59
001979.SZ,招商蛇口,20211115,招商蛇口：迈向更高效、有质量的增长,调研,一般报告,中金,"张宇,王璞,孙静曦",2021Q4,14149100.0,,2622200.0,1257900.0,1.59,7.0,5.8,12.0,10.5,跑赢行业,,13.59
300703.SZ,创源股份,20211115,创源股份：收入攀升至历史高点，利润率进入复苏通道,一般,首次关注,华安证券,"马远方,虞晓文",2023Q4,242600.0,,22800.0,20100.0,1.09,9.07,,18.3,6.61,买入,,
920436.BJ,大地电气,20211115,大地电气公司研究报告：优质的商用车线束供应商，连接器业务外供有望带来新增长点,点评,首份报告,海通证券,"杜威,王猛,郑蕾,曹雅倩,房乔华",2023Q4,128730.0,,9300.0,8670.0,0.94,10.48,2.2,14.9,9.15,无,,
920924.BJ,广脉科技,20211115,广脉科技公司研究报告：深耕行业，构建完整5G数字生态系统,一般,首次关注,海通证券,"朱劲松,余伟民,夏凡",2023Q4,79900.0,,7100.0,6200.0,0.77,18.37,0.0,16.9,8.55,中性,,
920924.BJ,广脉科技,20211115,广脉科技公司研究报告：深耕行业，构建完整5G数字生态系统,一般,首次关注,海通证券,"朱劲松,余伟民,夏凡",2021Q4,43300.0,,3800.0,3400.0,0.42,33.92,0.0,13.1,17.15,中性,,
600699.SH,均胜电子,20211115,均胜电子重大事项点评：引入战略投资者，助力安全业务发展,点评,一般报告,中信证券,"李景涛,尹欣驰,李子俊,王诗宸",2022Q4,5790984.0,,179600.0,134743.0,0.98,22.0,,8.31,8.6,买入,,30.0
600699.SH,均胜电子,20211115,均胜电子重大事项点评：引入战略投资者，助力安全业务发展,点评,一般报告,中信证券,"李景涛,尹欣驰,李子俊,王诗宸",2021Q4,4539140.0,,-54700.0,-9892.0,-0.0723,,,-0.67,14.9,买入,,30.0
003031.SZ,中瓷电子,20211115,中瓷电子：通信器件与消费电子双轮驱动，营收稳步增长,点评,首次关注,东北证券,王凤华,2023Q4,148800.0,,21400.0,20400.0,1.37,61.51,0.24,13.76,,买入,,109.2
003031.SZ,中瓷电子,20211115,中瓷电子：通信器件与消费电子双轮驱动，营收稳步增长,点评,首次关注,东北证券,王凤华,2022Q4,120600.0,,16700.0,15800.0,1.06,79.42,0.24,12.07,,买入,,109.2
003031.SZ,中瓷电子,20211115,中瓷电子：通信器件与消费电子双轮驱动，营收稳步增长,点评,首次关注,东北证券,王凤华,2021Q4,98800.0,,14000.0,13200.0,0.89,94.91,0.24,11.2,,买入,,109.2
000811.SZ,冰轮环境,20211115,冰轮环境：深耕冷热产业链，布局氢能／CCUS,一般,首次关注,华泰证券,"肖群稀,关东奇来,时彧,黄菁伦",2023Q4,784200.0,,66653.0,58545.0,0.78,15.87,,10.18,9.89,买入,,18.58
000811.SZ,冰轮环境,20211115,冰轮环境：深耕冷热产业链，布局氢能／CCUS,一般,首次关注,华泰证券,"肖群稀,关东奇来,时彧,黄菁伦",2022Q4,667800.0,,52036.0,45738.0,0.61,20.32,,8.79,13.02,买入,,18.58
000811.SZ,冰轮环境,20211115,冰轮环境：深耕冷热产业链，布局氢能／CCUS,一般,首次关注,华泰证券,"肖群稀,关东奇来,时彧,黄菁伦",2021Q4,551200.0,,39311.0,34482.0,0.46,26.95,,7.21,17.02,买入,,18.58
000012.SZ,南玻A,20211115,南玻A：技术引领行业，三块玻璃齐头并进,一般,首次评级,天风证券,"鲍荣富,王涛,熊可为",2021Q4,1370696.0,,239477.0,194552.0,0.63,14.77,,17.26,6.83,买入,,13.2
002318.SZ,久立特材,20211115,久立特材2021年三季报点评：加速迈进高端领域产品制造，盈利稳步提升,点评,一般报告,东北证券,王凤华,2023Q4,660900.0,,115300.0,97300.0,1.0,13.94,0.0,13.02,,买入,,20.01
002318.SZ,久立特材,20211115,久立特材2021年三季报点评：加速迈进高端领域产品制造，盈利稳步提升,点评,一般报告,东北证券,王凤华,2022Q4,599700.0,,102400.0,86400.0,0.88,15.7,0.0,13.29,,买入,,20.01
002318.SZ,久立特材,20211115,久立特材2021年三季报点评：加速迈进高端领域产品制造，盈利稳步提升,点评,一般报告,东北证券,王凤华,2021Q4,548600.0,,98100.0,81700.0,0.84,16.6,0.0,14.5,,买入,,20.01
600876.SH,洛阳玻璃,20211115,洛阳玻璃公司研究报告：背靠凯盛集团，规模扩张走在快车道上,一般,首次关注,海通证券,"冯晨阳,申浩,潘莹练",2023Q4,1103400.0,,139500.0,94900.0,1.47,16.63,0.0,13.9,6.94,优于大市,,
920892.BJ,广咨国际,20211115,广咨国际公司研究报告：立足广州，工程管理服务业综合性服务商,点评,首份报告,海通证券,张欣劼,2023Q4,59679.0,,11600.0,9200.0,1.21,18.3,0.0,20.9,5.97,无,,
920892.BJ,广咨国际,20211115,广咨国际公司研究报告：立足广州，工程管理服务业综合性服务商,点评,首份报告,海通证券,张欣劼,2022Q4,53124.0,,10400.0,8200.0,1.09,20.42,0.0,23.7,7.89,无,,
000681.SZ,视觉中国,20211115,视觉中国：拟升级500px社区，探索toC商业模式,一般,一般报告,申万宏源证券,"林起贤,赵航",2023Q4,110100.0,67500.0,41400.0,33800.0,0.48,35.0,,8.5,,买入,,
000681.SZ,视觉中国,20211115,视觉中国：拟升级500px社区，探索toC商业模式,一般,一般报告,申万宏源证券,"林起贤,赵航",2022Q4,90300.0,55400.0,33200.0,27200.0,0.39,43.0,,7.5,,买入,,
601888.SH,中国中免,20211115,中国中免：首次公开发行H股获证监会批复，有望持续巩固免税龙头地位，深化上游供应链及海外市场竞争优势,点评,一般报告,天风证券,刘章明,2023Q4,16555128.0,,3128195.0,2137133.0,10.95,20.9,,34.2,13.14,买入,,
000681.SZ,视觉中国,20211115,视觉中国：拟升级500px社区，探索toC商业模式,一般,一般报告,申万宏源证券,"林起贤,赵航",2021Q4,72900.0,44300.0,24000.0,19800.0,0.28,60.0,,5.9,,买入,,
601888.SH,中国中免,20211115,中国中免：首次公开发行H股获证监会批复，有望持续巩固免税龙头地位，深化上游供应链及海外市场竞争优势,点评,一般报告,天风证券,刘章明,2022Q4,11825092.0,,2199964.0,1504672.0,7.71,29.69,,33.57,18.78,买入,,
601888.SH,中国中免,20211115,中国中免：首次公开发行H股获证监会批复，有望持续巩固免税龙头地位，深化上游供应链及海外市场竞争优势,点评,一般报告,天风证券,刘章明,2021Q4,8748958.0,,1600359.0,1101395.0,5.64,40.56,,34.71,26.82,买入,,
002507.SZ,涪陵榨菜,20211115,涪陵榨菜提价公告点评：提价彰显龙头定价权，业绩修复可期,点评,一般报告,光大证券,"陈彦彤,叶倩瑜,李嘉祺,汪航宇",2022Q4,289700.0,,105700.0,89900.0,1.01,32.0,0.9,18.39,24.4,买入,,
603486.SH,科沃斯,20211115,科沃斯双11数据点评：双11实现翻倍增长，双品牌稳固龙头地位,点评,一般报告,中信证券,"刘海博,李越,李睿鹏",2022Q4,1680979.0,,346400.0,287499.0,5.02,33.7,,37.88,28.1,买入,,250.0
605138.SH,盛泰集团,20211115,盛泰集团投资价值分析报告：一体化成衣巨头，智能制造助力长远发展,深度,首次评级,中信证券,"冯重光,郑一鸣",2021Q4,513500.0,,35000.0,28800.0,0.52,24.1,,13.2,15.1,买入,,19.0
688533.SH,上声电子,20211115,上声电子：智能座舱优质标的，量价齐升收入弹性大,一般,首次关注,国金证券,"姚遥,邱长伟",2023Q4,387500.0,102400.0,35700.0,30400.0,1.897,20.83,,22.28,,买入,,54.26
688533.SH,上声电子,20211115,上声电子：智能座舱优质标的，量价齐升收入弹性大,一般,首次关注,国金证券,"姚遥,邱长伟",2022Q4,256600.0,67200.0,20400.0,17400.0,1.085,36.4,,15.11,,买入,,54.26
688533.SH,上声电子,20211115,上声电子：智能座舱优质标的，量价齐升收入弹性大,一般,首次关注,国金证券,"姚遥,邱长伟",2021Q4,137000.0,34900.0,8100.0,6900.0,0.433,91.33,,6.74,,买入,,54.26
300986.SZ,志特新材,20211115,志特新材：铝模系统领军者，精益管理筑壁垒,一般,首次关注,国盛证券,"何亚轩,廖文强,程龙戈",2023Q4,259100.0,,44800.0,36200.0,3.09,22.1,,19.0,11.3,增持,,
300986.SZ,志特新材,20211115,志特新材：铝模系统领军者，精益管理筑壁垒,一般,首次关注,国盛证券,"何亚轩,廖文强,程龙戈",2022Q4,195600.0,,34500.0,28000.0,2.39,28.6,,18.1,13.9,增持,,
688100.SH,威胜信息,20211115,威胜信息：配电智能网投资持续加大，持续看好威胜信息未来稳健发展,点评,一般报告,东吴证券,侯宾,2023Q4,312600.0,,72700.0,62900.0,1.26,20.11,,17.5,15.58,买入,,
002507.SZ,涪陵榨菜,20211115,涪陵榨菜提价公告点评：提价彰显龙头定价权，业绩修复可期,点评,一般报告,光大证券,"陈彦彤,叶倩瑜,李嘉祺,汪航宇",2023Q4,320700.0,,122100.0,103800.0,1.17,28.0,1.1,18.36,20.9,买入,,
002507.SZ,涪陵榨菜,20211115,涪陵榨菜提价公告点评：提价彰显龙头定价权，业绩修复可期,点评,一般报告,光大证券,"陈彦彤,叶倩瑜,李嘉祺,汪航宇",2021Q4,255500.0,,80300.0,68200.0,0.77,42.0,0.7,16.27,32.0,买入,,
603486.SH,科沃斯,20211115,科沃斯双11数据点评：双11实现翻倍增长，双品牌稳固龙头地位,点评,一般报告,中信证券,"刘海博,李越,李睿鹏",2021Q4,1263958.0,,252800.0,209864.0,3.67,46.1,,38.8,38.1,买入,,250.0
603486.SH,科沃斯,20211115,科沃斯双11数据点评：双11实现翻倍增长，双品牌稳固龙头地位,点评,一般报告,中信证券,"刘海博,李越,李睿鹏",2023Q4,2107041.0,,450000.0,373484.0,6.52,26.0,,35.99,21.8,买入,,250.0
605138.SH,盛泰集团,20211115,盛泰集团投资价值分析报告：一体化成衣巨头，智能制造助力长远发展,深度,首次评级,中信证券,"冯重光,郑一鸣",2023Q4,717000.0,,63400.0,51900.0,0.93,13.4,,17.7,10.2,买入,,19.0
605138.SH,盛泰集团,20211115,盛泰集团投资价值分析报告：一体化成衣巨头，智能制造助力长远发展,深度,首次评级,中信证券,"冯重光,郑一鸣",2022Q4,631100.0,,50200.0,41100.0,0.74,16.9,,16.3,12.1,买入,,19.0
300986.SZ,志特新材,20211115,志特新材：铝模系统领军者，精益管理筑壁垒,一般,首次关注,国盛证券,"何亚轩,廖文强,程龙戈",2021Q4,146600.0,,21000.0,17200.0,1.47,46.7,,13.4,19.3,增持,,
688100.SH,威胜信息,20211115,威胜信息：配电智能网投资持续加大，持续看好威胜信息未来稳健发展,点评,一般报告,东吴证券,侯宾,2022Q4,241700.0,,54600.0,47400.0,0.95,26.71,,15.7,19.69,买入,,
688100.SH,威胜信息,20211115,威胜信息：配电智能网投资持续加大，持续看好威胜信息未来稳健发展,点评,一般报告,东吴证券,侯宾,2021Q4,187200.0,,41400.0,36000.0,0.72,35.16,,13.9,28.82,买入,,
300413.SZ,芒果超媒,20211115,芒果超媒：探索搭建元宇宙，推数字藏品及主持人,点评,一般报告,华泰证券,"朱珺,周钊",2022Q4,2110400.0,,290500.0,285100.0,1.52,25.67,,14.08,13.37,买入,,50.61
002405.SZ,四维图新,20211115,四维图新：关注车载数据合规管理,点评,一般报告,华泰证券,"谢春生,郭雅丽,范昳蕊,彭钢",2021Q4,256000.0,,9725.0,10152.0,0.0428,335.88,,1.13,92.01,买入,,16.65
600776.SH,东方通信,20211115,东方通信：市场化改革迈向科技强企道路,点评,首次关注,东北证券,王凤华,2021Q4,332300.0,,13200.0,11400.0,0.09,129.49,0.41,3.53,,买入,,15.3
300413.SZ,芒果超媒,20211115,芒果超媒：探索搭建元宇宙，推数字藏品及主持人,点评,一般报告,华泰证券,"朱珺,周钊",2023Q4,2414400.0,,331200.0,325700.0,1.74,22.47,,13.9,10.78,买入,,50.61
300413.SZ,芒果超媒,20211115,芒果超媒：探索搭建元宇宙，推数字藏品及主持人,点评,一般报告,华泰证券,"朱珺,周钊",2021Q4,1796300.0,,250000.0,244900.0,1.31,29.89,,14.02,15.96,买入,,50.61
002405.SZ,四维图新,20211115,四维图新动态报告：汽车数据安全“国家队”,一般,首次评级,民生证券,"吕伟,蒋领",2023Q4,373500.0,,46200.0,45600.0,0.19,74.75,0.0,3.5,63.67,推荐,,
002405.SZ,四维图新,20211115,四维图新动态报告：汽车数据安全“国家队”,一般,首次评级,民生证券,"吕伟,蒋领",2022Q4,304800.0,,31300.0,31600.0,0.13,107.77,0.0,2.5,99.13,推荐,,
002405.SZ,四维图新,20211115,四维图新动态报告：汽车数据安全“国家队”,一般,首次评级,民生证券,"吕伟,蒋领",2021Q4,254700.0,,9400.0,11500.0,0.0484,297.46,0.0,0.9,423.51,推荐,,
002405.SZ,四维图新,20211115,四维图新：关注车载数据合规管理,点评,一般报告,华泰证券,"谢春生,郭雅丽,范昳蕊,彭钢",2023Q4,450200.0,,64351.0,68723.0,0.29,49.62,,7.25,32.37,买入,,16.65
002405.SZ,四维图新,20211115,四维图新：关注车载数据合规管理,点评,一般报告,华泰证券,"谢春生,郭雅丽,范昳蕊,彭钢",2022Q4,342500.0,,51368.0,54103.0,0.23,63.03,,5.88,40.03,买入,,16.65
600776.SH,东方通信,20211115,东方通信：市场化改革迈向科技强企道路,点评,首次关注,东北证券,王凤华,2023Q4,424200.0,,34400.0,29300.0,0.23,50.56,0.41,8.27,,买入,,15.3
600776.SH,东方通信,20211115,东方通信：市场化改革迈向科技强企道路,点评,首次关注,东北证券,王凤华,2022Q4,368800.0,,14700.0,12500.0,0.1,118.43,0.41,3.78,,买入,,15.3
688556.SH,高测股份,20211115,高测股份覆盖报告：专注硬脆材料切割，多成长曲线共舞,一般,首次关注,民生证券,邓永康,2023Q4,362400.0,,55600.0,51200.0,3.16,25.0,0.1,26.6,14.8,推荐,,
003019.SZ,宸展光电,20211115,宸展光电公司季报点评：开启新能源车载智能触控显示业务，加速布局车载智能座舱领域,点评,一般报告,海通证券,"朱劲松,李潇,薛逸民",2023Q4,216100.0,,31000.0,23700.0,1.85,16.4,0.0,13.2,11.11,优于大市,,
003019.SZ,宸展光电,20211115,宸展光电公司季报点评：开启新能源车载智能触控显示业务，加速布局车载智能座舱领域,点评,一般报告,海通证券,"朱劲松,李潇,薛逸民",2022Q4,180100.0,,25600.0,19600.0,1.53,19.86,0.0,12.5,13.96,优于大市,,
003019.SZ,宸展光电,20211115,宸展光电公司季报点评：开启新能源车载智能触控显示业务，加速布局车载智能座舱领域,点评,一般报告,海通证券,"朱劲松,李潇,薛逸民",2021Q4,150000.0,,20900.0,16000.0,1.25,24.34,0.0,11.7,17.59,优于大市,,
688556.SH,高测股份,20211115,高测股份覆盖报告：专注硬脆材料切割，多成长曲线共舞,一般,首次关注,民生证券,邓永康,2022Q4,256500.0,,34800.0,32000.0,1.98,39.9,0.1,22.4,22.0,推荐,,
688556.SH,高测股份,20211115,高测股份覆盖报告：专注硬脆材料切割，多成长曲线共舞,一般,首次关注,民生证券,邓永康,2021Q4,153000.0,,17100.0,15700.0,0.97,81.4,0.1,13.9,39.1,推荐,,
002960.SZ,青鸟消防,20211115,青鸟消防首次覆盖报告：电化学储能东风盛，消防龙头乘风起,一般,首次关注,国元证券,徐偲,2023Q4,605060.0,,122619.0,102718.0,2.949,14.2,,19.76,11.32,买入,,
002960.SZ,青鸟消防,20211115,青鸟消防首次覆盖报告：电化学储能东风盛，消防龙头乘风起,一般,首次关注,国元证券,徐偲,2022Q4,464559.0,,84855.0,71371.0,2.049,20.44,,16.8,16.54,买入,,
002960.SZ,青鸟消防,20211115,青鸟消防首次覆盖报告：电化学储能东风盛，消防龙头乘风起,一般,首次关注,国元证券,徐偲,2021Q4,361462.0,,63088.0,52785.0,1.516,27.64,,14.74,22.23,买入,,
002352.SZ,顺丰控股,20211115,顺丰控股：盈利核心仍可优化，国际业务值得关注,深度,首次评级,中泰证券,皇甫晓晗,2023Q4,27984300.0,,,920200.0,1.89,,,11.2,,买入,,
002352.SZ,顺丰控股,20211115,顺丰控股：盈利核心仍可优化，国际业务值得关注,深度,首次评级,中泰证券,皇甫晓晗,2022Q4,24883100.0,,,597500.0,1.23,,,6.8,,买入,,
002352.SZ,顺丰控股,20211115,顺丰控股：盈利核心仍可优化，国际业务值得关注,深度,首次评级,中泰证券,皇甫晓晗,2021Q4,19343400.0,,,326500.0,0.67,,,4.9,,买入,,
300327.SZ,中颖电子,20211115,半导体：错配现象逐步得到改善，本土扩产积极,非个股,一般报告,财信证券,"何晨,张看",2022Q4,,,,46952.665,1.51,,,,,谨慎推荐,,
300327.SZ,中颖电子,20211115,半导体：错配现象逐步得到改善，本土扩产积极,非个股,一般报告,财信证券,"何晨,张看",2021Q4,,,,37935.266,1.22,,,,,谨慎推荐,,
002402.SZ,和而泰,20211115,和而泰：深耕智能控制器二十载，切入汽车电子领域,深度,一般报告,财信证券,"何晨,张看",2022Q4,790856.0,,85959.0,77052.0,0.843,28.84,0.4,18.24,,推荐,,
002402.SZ,和而泰,20211115,和而泰：深耕智能控制器二十载，切入汽车电子领域,深度,一般报告,财信证券,"何晨,张看",2021Q4,610538.0,,63214.0,57613.0,0.63,38.57,0.3,16.27,,推荐,,
300196.SZ,长海股份,20211115,长海股份公司深度报告：打造玻纤复材全产业链，产能增量充足,一般,一般报告,长城证券,"濮阳,花江月",2023Q4,416974.0,,96449.0,84410.0,2.07,8.25,,16.9,4.4,增持,,
300196.SZ,长海股份,20211115,长海股份公司深度报告：打造玻纤复材全产业链，产能增量充足,一般,一般报告,长城证券,"濮阳,花江月",2022Q4,368052.0,,82974.0,72616.0,1.78,9.59,,17.4,5.86,增持,,
300196.SZ,长海股份,20211115,长海股份公司深度报告：打造玻纤复材全产业链，产能增量充足,一般,一般报告,长城证券,"濮阳,花江月",2021Q4,265750.0,,65300.0,57149.0,1.4,12.19,,16.4,7.5,增持,,
300587.SZ,天铁股份,20211115,天铁股份公司深度报告：轨交减振龙头企业，锂电业务打开新的成长周期，公司进入跨越式发展阶段,深度,一般报告,长城证券,"王志杰,马晓明,刘鹏,孙培德",2023Q4,369616.0,,96037.0,77637.0,1.34,14.4,,25.2,11.15,买入,35.75,30.64
300587.SZ,天铁股份,20211115,天铁股份公司深度报告：轨交减振龙头企业，锂电业务打开新的成长周期，公司进入跨越式发展阶段,深度,一般报告,长城证券,"王志杰,马晓明,刘鹏,孙培德",2022Q4,268695.0,,65608.0,53038.0,0.92,21.07,,22.3,15.46,买入,35.75,30.64
300587.SZ,天铁股份,20211115,天铁股份公司深度报告：轨交减振龙头企业，锂电业务打开新的成长周期，公司进入跨越式发展阶段,深度,一般报告,长城证券,"王志杰,马晓明,刘鹏,孙培德",2021Q4,191473.0,,42474.0,34344.0,0.59,32.55,,17.8,23.46,买入,35.75,30.64
603986.SH,兆易创新,20211115,兆易创新：利基存储仍大有可为，MCU加速国产替代,深度,首次评级,银河证券,"傅楚雄,王恺",2023Q4,1546000.0,,360773.0,318424.0,4.77,34.1,,18.12,15.68,推荐,,
603986.SH,兆易创新,20211115,兆易创新：利基存储仍大有可为，MCU加速国产替代,深度,首次评级,银河证券,"傅楚雄,王恺",2022Q4,1254000.0,,314146.0,272423.0,4.08,39.86,,18.3,19.09,推荐,,
603986.SH,兆易创新,20211115,兆易创新：利基存储仍大有可为，MCU加速国产替代,深度,首次评级,银河证券,"傅楚雄,王恺",2021Q4,939000.0,,257903.0,224300.0,3.36,48.42,,17.82,24.24,推荐,,
002402.SZ,和而泰,20211115,和而泰：深耕智能控制器二十载，切入汽车电子领域,深度,一般报告,财信证券,"何晨,张看",2023Q4,981685.0,,112489.0,99442.0,1.088,22.34,0.5,19.49,,推荐,,
688082.SH,盛美上海,20211115,盛美上海新股报告：国内清洗设备龙头，加速布局平台化,新股,首份报告,浙商证券,"蒋高振,赵洪",2023Q4,375323.0,,72900.0,64588.0,1.49,,,29.29,,无,,
688082.SH,盛美上海,20211115,盛美上海新股报告：国内清洗设备龙头，加速布局平台化,新股,首份报告,浙商证券,"蒋高振,赵洪",2021Q4,151270.0,,36400.0,32349.0,0.75,,,26.26,,无,,
688082.SH,盛美上海,20211115,盛美上海新股报告：国内清洗设备龙头，加速布局平台化,新股,首份报告,浙商证券,"蒋高振,赵洪",2022Q4,246089.0,,52700.0,46650.0,1.08,,,28.29,,无,,
002508.SZ,老板电器,20211115,老板电器公司深度报告：厚积薄发，厨电龙头再腾飞,深度,一般报告,首创证券,陈梦,2023Q4,1366500.0,,313000.0,266100.0,2.8,11.0,,19.5,,买入,,
002508.SZ,老板电器,20211115,老板电器公司深度报告：厚积薄发，厨电龙头再腾飞,深度,一般报告,首创证券,陈梦,2022Q4,1187200.0,,271800.0,231500.0,2.44,13.0,,20.0,,买入,,
002508.SZ,老板电器,20211115,老板电器公司深度报告：厚积薄发，厨电龙头再腾飞,深度,一般报告,首创证券,陈梦,2021Q4,984300.0,,225400.0,192200.0,2.03,16.0,,19.8,,买入,,
600760.SH,中航沈飞,20211115,中航沈飞：公司超额达成股权激励解锁条件，收益指标远超同行,点评,一般报告,财信证券,"何晨,张看",2023Q4,4950953.0,,381348.0,327594.0,1.67,45.65,0.34,19.42,16.34,谨慎推荐,,
600760.SH,中航沈飞,20211115,中航沈飞：公司超额达成股权激励解锁条件，收益指标远超同行,点评,一般报告,财信证券,"何晨,张看",2022Q4,4195723.0,,306425.0,263232.0,1.34,56.81,0.27,18.66,20.31,谨慎推荐,,
600760.SH,中航沈飞,20211115,中航沈飞：公司超额达成股权激励解锁条件，收益指标远超同行,点评,一般报告,财信证券,"何晨,张看",2021Q4,3496436.0,,238683.0,205039.0,1.05,72.94,0.21,17.26,23.82,谨慎推荐,,
600048.SH,保利发展,20211115,保利发展：以稳健经营穿越行业下行周期,调研,一般报告,中金,"张宇,王璞,孙静曦",2022Q4,34464400.0,,5960500.0,3316800.0,2.77,5.2,5.8,15.5,5.6,跑赢行业,,20.18
600048.SH,保利发展,20211115,保利发展：以稳健经营穿越行业下行周期,调研,一般报告,中金,"张宇,王璞,孙静曦",2021Q4,29707600.0,,5463700.0,3019500.0,2.52,5.7,5.3,15.8,6.4,跑赢行业,,20.18
601728.SH,中国电信,20211115,中国电信2021天翼智能生态博览会：加速自研，夯实数字经济底座,一般,一般报告,中金,"钱凯,于明洋,李虹洁",2022Q4,47534000.0,,3675100.0,2802600.0,0.31,13.7,4.7,6.5,2.5,跑赢行业,,6.27
601728.SH,中国电信,20211115,中国电信2021天翼智能生态博览会：加速自研，夯实数字经济底座,一般,一般报告,中金,"钱凯,于明洋,李虹洁",2021Q4,43386100.0,,3328200.0,2537700.0,0.28,15.2,4.0,6.4,2.7,跑赢行业,,6.27
000733.SZ,振华科技,20211115,兴证军工观察：业绩驱动指数新高，跨年估值切换前置,非个股,一般报告,兴业证券,"石康,李博彦",2023Q4,775000.0,,,212000.0,4.118,,,,,无,,
000733.SZ,振华科技,20211115,兴证军工观察：业绩驱动指数新高，跨年估值切换前置,非个股,一般报告,兴业证券,"石康,李博彦",2022Q4,662000.0,,,169000.0,3.283,,,,,无,,
000733.SZ,振华科技,20211115,兴证军工观察：业绩驱动指数新高，跨年估值切换前置,非个股,一般报告,兴业证券,"石康,李博彦",2021Q4,556000.0,,,126000.0,2.448,,,,,无,,
300696.SZ,爱乐达,20211115,兴证军工观察：业绩驱动指数新高，跨年估值切换前置,非个股,一般报告,兴业证券,"石康,李博彦",2023Q4,124000.0,,,49000.0,2.006,,,,,无,,
300696.SZ,爱乐达,20211115,兴证军工观察：业绩驱动指数新高，跨年估值切换前置,非个股,一般报告,兴业证券,"石康,李博彦",2022Q4,86000.0,,,36000.0,1.474,,,,,无,,
300696.SZ,爱乐达,20211115,兴证军工观察：业绩驱动指数新高，跨年估值切换前置,非个股,一般报告,兴业证券,"石康,李博彦",2021Q4,58000.0,,,25000.0,1.023,,,,,无,,
002013.SZ,中航机电,20211115,兴证军工观察：业绩驱动指数新高，跨年估值切换前置,非个股,一般报告,兴业证券,"石康,李博彦",2023Q4,2141000.0,,,275000.0,0.708,,,,,审慎增持,,
002013.SZ,中航机电,20211115,兴证军工观察：业绩驱动指数新高，跨年估值切换前置,非个股,一般报告,兴业证券,"石康,李博彦",2022Q4,1761000.0,,,202000.0,0.52,,,,,审慎增持,,
002013.SZ,中航机电,20211115,兴证军工观察：业绩驱动指数新高，跨年估值切换前置,非个股,一般报告,兴业证券,"石康,李博彦",2021Q4,1489000.0,,,149000.0,0.384,,,,,审慎增持,,
300395.SZ,菲利华,20211115,兴证军工观察：业绩驱动指数新高，跨年估值切换前置,非个股,一般报告,兴业证券,"石康,李博彦",2023Q4,200000.0,,,66000.0,1.953,,,,,无,,
300395.SZ,菲利华,20211115,兴证军工观察：业绩驱动指数新高，跨年估值切换前置,非个股,一般报告,兴业证券,"石康,李博彦",2021Q4,129000.0,,,39000.0,1.154,,,,,无,,
300699.SZ,光威复材,20211115,兴证军工观察：业绩驱动指数新高，跨年估值切换前置,非个股,一般报告,兴业证券,"石康,李博彦",2023Q4,378000.0,,,123000.0,2.373,,,,,无,,
300699.SZ,光威复材,20211115,兴证军工观察：业绩驱动指数新高，跨年估值切换前置,非个股,一般报告,兴业证券,"石康,李博彦",2022Q4,315000.0,,,98000.0,1.891,,,,,无,,
300395.SZ,菲利华,20211115,兴证军工观察：业绩驱动指数新高，跨年估值切换前置,非个股,一般报告,兴业证券,"石康,李博彦",2022Q4,161000.0,,,47000.0,1.391,,,,,无,,
300699.SZ,光威复材,20211115,兴证军工观察：业绩驱动指数新高，跨年估值切换前置,非个股,一般报告,兴业证券,"石康,李博彦",2021Q4,256000.0,,,79000.0,1.524,,,,,无,,
002032.SZ,苏泊尔,20211115,家用电器：价值回归、成长凸显，把握左侧机遇,非个股,一般报告,兴业证券,"颜晓晴,苏子杰",2022Q4,,,,237751.472,2.94,,,,,审慎增持,,
002032.SZ,苏泊尔,20211115,家用电器：价值回归、成长凸显，把握左侧机遇,非个股,一般报告,兴业证券,"颜晓晴,苏子杰",2021Q4,,,,200552.262,2.48,,,,,审慎增持,,
601021.SH,春秋航空,20211115,交通运输物流：民航局就737MAX适航指令征求意见，关注对行业供给增速潜在影响,非个股,一般报告,中金,"赵欣悦,吴其坤,杨鑫,冯启斌",2022Q4,,,,186958.393,2.04,,,12.3,,跑赢行业,,61.0
002032.SZ,苏泊尔,20211115,家用电器：价值回归、成长凸显，把握左侧机遇,非个股,一般报告,兴业证券,"颜晓晴,苏子杰",2023Q4,,,,270098.611,3.34,,,,,审慎增持,,
601021.SH,春秋航空,20211115,交通运输物流：民航局就737MAX适航指令征求意见，关注对行业供给增速潜在影响,非个股,一般报告,中金,"赵欣悦,吴其坤,杨鑫,冯启斌",2021Q4,,,,25660.956,0.28,,,1.8,,跑赢行业,,61.0
601800.SH,中国交建,20211115,建筑行业：着眼稳增长和绿色发展——2021年3季度基金重仓股分析,非个股,一般报告,东兴证券,赵军胜,2022Q4,,,,2344028.157,1.45,,,,,无,,
601800.SH,中国交建,20211115,建筑行业：着眼稳增长和绿色发展——2021年3季度基金重仓股分析,非个股,一般报告,东兴证券,赵军胜,2021Q4,,,,2036879.64,1.26,,,,,无,,
300034.SZ,钢研高纳,20211115,兴证军工观察：业绩驱动指数新高，跨年估值切换前置,非个股,一般报告,兴业证券,"石康,李博彦",2023Q4,362000.0,,,60000.0,1.235,,,,,无,,
300034.SZ,钢研高纳,20211115,兴证军工观察：业绩驱动指数新高，跨年估值切换前置,非个股,一般报告,兴业证券,"石康,李博彦",2022Q4,290000.0,,,45000.0,0.926,,,,,无,,
300034.SZ,钢研高纳,20211115,兴证军工观察：业绩驱动指数新高，跨年估值切换前置,非个股,一般报告,兴业证券,"石康,李博彦",2021Q4,230000.0,,,33000.0,0.679,,,,,无,,
002372.SZ,伟星新材,20211115,建筑材料：消费建材底部之时，注重需求与成本改善的弹性,非个股,一般报告,兴业证券,"黄杨,孟杰,季贤东",2023Q4,,,,189000.0,1.2,,,,,审慎增持,,
002372.SZ,伟星新材,20211115,建筑材料：消费建材底部之时，注重需求与成本改善的弹性,非个股,一般报告,兴业证券,"黄杨,孟杰,季贤东",2022Q4,,,,165000.0,1.04,,,,,审慎增持,,
002372.SZ,伟星新材,20211115,建筑材料：消费建材底部之时，注重需求与成本改善的弹性,非个股,一般报告,兴业证券,"黄杨,孟杰,季贤东",2021Q4,,,,137600.0,0.86,,,,,审慎增持,,
002179.SZ,中航光电,20211115,兴证军工观察：业绩驱动指数新高，跨年估值切换前置,非个股,一般报告,兴业证券,"石康,李博彦",2023Q4,1959000.0,,,353000.0,3.209,,,,,审慎增持,,
002179.SZ,中航光电,20211115,兴证军工观察：业绩驱动指数新高，跨年估值切换前置,非个股,一般报告,兴业证券,"石康,李博彦",2022Q4,1612000.0,,,285000.0,2.591,,,,,审慎增持,,
002179.SZ,中航光电,20211115,兴证军工观察：业绩驱动指数新高，跨年估值切换前置,非个股,一般报告,兴业证券,"石康,李博彦",2021Q4,1268000.0,,,210000.0,1.909,,,,,审慎增持,,
002271.SZ,东方雨虹,20211115,建筑材料：消费建材底部之时，注重需求与成本改善的弹性,非个股,一般报告,兴业证券,"黄杨,孟杰,季贤东",2023Q4,,,,676000.0,2.7,,,,,审慎增持,,
002271.SZ,东方雨虹,20211115,建筑材料：消费建材底部之时，注重需求与成本改善的弹性,非个股,一般报告,兴业证券,"黄杨,孟杰,季贤东",2022Q4,,,,567000.0,2.25,,,,,审慎增持,,
002271.SZ,东方雨虹,20211115,建筑材料：消费建材底部之时，注重需求与成本改善的弹性,非个股,一般报告,兴业证券,"黄杨,孟杰,季贤东",2021Q4,,,,443000.0,1.76,,,,,审慎增持,,
600765.SH,中航重机,20211115,兴证军工观察：业绩驱动指数新高，跨年估值切换前置,非个股,一般报告,兴业证券,"石康,李博彦",2023Q4,1282000.0,,,129000.0,1.227,,,,,无,,
600765.SH,中航重机,20211115,兴证军工观察：业绩驱动指数新高，跨年估值切换前置,非个股,一般报告,兴业证券,"石康,李博彦",2021Q4,834000.0,,,72000.0,0.685,,,,,无,,
601117.SH,中国化学,20211115,建筑行业：着眼稳增长和绿色发展——2021年3季度基金重仓股分析,非个股,一般报告,东兴证券,赵军胜,2022Q4,,,,580399.706,0.95,,,,,无,,
601117.SH,中国化学,20211115,建筑行业：着眼稳增长和绿色发展——2021年3季度基金重仓股分析,非个股,一般报告,东兴证券,赵军胜,2021Q4,,,,439881.882,0.72,,,,,无,,
600765.SH,中航重机,20211115,兴证军工观察：业绩驱动指数新高，跨年估值切换前置,非个股,一般报告,兴业证券,"石康,李博彦",2022Q4,1034000.0,,,100000.0,0.951,,,,,无,,
600585.SH,海螺水泥,20211115,建筑材料：消费建材底部之时，注重需求与成本改善的弹性,非个股,一般报告,兴业证券,"黄杨,孟杰,季贤东",2023Q4,,,,3827000.0,7.2,,,,,买入,,
600585.SH,海螺水泥,20211115,建筑材料：消费建材底部之时，注重需求与成本改善的弹性,非个股,一般报告,兴业证券,"黄杨,孟杰,季贤东",2022Q4,,,,3762000.0,7.1,,,,,买入,,
600585.SH,海螺水泥,20211115,建筑材料：消费建材底部之时，注重需求与成本改善的弹性,非个股,一般报告,兴业证券,"黄杨,孟杰,季贤东",2021Q4,,,,3438000.0,6.5,,,,,买入,,
601577.SH,长沙银行,20211115,中金晨会焦点,非个股,一般报告,中金,"严佳卉,张帅帅",2022Q4,,,,711815.014,1.77,,,,,跑赢行业,,9.8
601577.SH,长沙银行,20211115,中金晨会焦点,非个股,一般报告,中金,"严佳卉,张帅帅",2021Q4,,,,631383.939,1.57,,,,,跑赢行业,,9.8
300737.SZ,科顺股份,20211115,建筑材料：消费建材底部之时，注重需求与成本改善的弹性,非个股,一般报告,兴业证券,"黄杨,孟杰,季贤东",2023Q4,,,,180000.0,1.6,,,,,审慎增持,,
300737.SZ,科顺股份,20211115,建筑材料：消费建材底部之时，注重需求与成本改善的弹性,非个股,一般报告,兴业证券,"黄杨,孟杰,季贤东",2022Q4,,,,146000.0,1.27,,,,,审慎增持,,
300737.SZ,科顺股份,20211115,建筑材料：消费建材底部之时，注重需求与成本改善的弹性,非个股,一般报告,兴业证券,"黄杨,孟杰,季贤东",2021Q4,,,,115200.0,1.0,,,,,审慎增持,,
600809.SH,山西汾酒,20211115,2022年投资策略一览：中信证券亮马组合半月报,非个股,一般报告,中信证券,无,2023Q4,,,,906544.978,7.43,,,,,无,,
600809.SH,山西汾酒,20211115,2022年投资策略一览：中信证券亮马组合半月报,非个股,一般报告,中信证券,无,2022Q4,,,,700345.65,5.74,,,,,无,,
600809.SH,山西汾酒,20211115,2022年投资策略一览：中信证券亮马组合半月报,非个股,一般报告,中信证券,无,2021Q4,,,,518548.608,4.25,,,,,无,,
601888.SH,中国中免,20211115,10月社零环比改善，但可选消费整体表现较为平淡——2021年10月社零数据跟踪,非个股,一般报告,东兴证券,"王紫,魏宇萌,刘雪晴",2022Q4,,,,1599077.471,8.19,,,,,推荐,,
601888.SH,中国中免,20211115,10月社零环比改善，但可选消费整体表现较为平淡——2021年10月社零数据跟踪,非个股,一般报告,东兴证券,"王紫,魏宇萌,刘雪晴",2021Q4,,,,1163675.424,5.96,,,,,推荐,,
300114.SZ,中航电测,20211115,兴证军工观察：业绩驱动指数新高，跨年估值切换前置,非个股,一般报告,兴业证券,"石康,李博彦",2022Q4,262000.0,,,47000.0,0.796,,,,,审慎增持,,
300114.SZ,中航电测,20211115,兴证军工观察：业绩驱动指数新高，跨年估值切换前置,非个股,一般报告,兴业证券,"石康,李博彦",2021Q4,217000.0,,,34000.0,0.576,,,,,审慎增持,,
600038.SH,中直股份,20211115,兴证军工观察：业绩驱动指数新高，跨年估值切换前置,非个股,一般报告,兴业证券,"石康,李博彦",2023Q4,3204000.0,,,178000.0,3.02,,,,,审慎增持,,
600038.SH,中直股份,20211115,兴证军工观察：业绩驱动指数新高，跨年估值切换前置,非个股,一般报告,兴业证券,"石康,李博彦",2022Q4,2716000.0,,,134000.0,2.273,,,,,审慎增持,,
600038.SH,中直股份,20211115,兴证军工观察：业绩驱动指数新高，跨年估值切换前置,非个股,一般报告,兴业证券,"石康,李博彦",2021Q4,2301000.0,,,95000.0,1.612,,,,,审慎增持,,
300114.SZ,中航电测,20211115,兴证军工观察：业绩驱动指数新高，跨年估值切换前置,非个股,一般报告,兴业证券,"石康,李博彦",2023Q4,325000.0,,,61000.0,1.033,,,,,审慎增持,,
002541.SZ,鸿路钢构,20211115,建筑行业：着眼稳增长和绿色发展——2021年3季度基金重仓股分析,非个股,一般报告,东兴证券,赵军胜,2021Q4,,,,113055.525,2.13,,,,,无,,
601111.SH,中国国航,20211115,交通运输物流：民航局就737MAX适航指令征求意见，关注对行业供给增速潜在影响,非个股,一般报告,中金,"赵欣悦,吴其坤,杨鑫,冯启斌",2022Q4,,,,348595.564,0.24,,,5.3,,跑赢行业,,9.8
601111.SH,中国国航,20211115,交通运输物流：民航局就737MAX适航指令征求意见，关注对行业供给增速潜在影响,非个股,一般报告,中金,"赵欣悦,吴其坤,杨鑫,冯启斌",2021Q4,,,,-1321758.182,-0.91,,,-18.8,,跑赢行业,,9.8
002541.SZ,鸿路钢构,20211115,建筑行业：着眼稳增长和绿色发展——2021年3季度基金重仓股分析,非个股,一般报告,东兴证券,赵军胜,2022Q4,,,,147025.26,2.77,,,,,无,,
002985.SZ,北摩高科,20211115,兴证军工观察：业绩驱动指数新高，跨年估值切换前置,非个股,一般报告,兴业证券,"石康,李博彦",2023Q4,248000.0,,,100000.0,3.917,,,,,无,,
002985.SZ,北摩高科,20211115,兴证军工观察：业绩驱动指数新高，跨年估值切换前置,非个股,一般报告,兴业证券,"石康,李博彦",2022Q4,194000.0,,,76000.0,2.977,,,,,无,,
002985.SZ,北摩高科,20211115,兴证军工观察：业绩驱动指数新高，跨年估值切换前置,非个股,一般报告,兴业证券,"石康,李博彦",2021Q4,144000.0,,,57000.0,2.233,,,,,无,,
600372.SH,中航电子,20211115,兴证军工观察：业绩驱动指数新高，跨年估值切换前置,非个股,一般报告,兴业证券,"石康,李博彦",2023Q4,1549000.0,,,164000.0,0.851,,,,,审慎增持,,
600372.SH,中航电子,20211115,兴证军工观察：业绩驱动指数新高，跨年估值切换前置,非个股,一般报告,兴业证券,"石康,李博彦",2022Q4,1270000.0,,,114000.0,0.591,,,,,审慎增持,,
600372.SH,中航电子,20211115,兴证军工观察：业绩驱动指数新高，跨年估值切换前置,非个股,一般报告,兴业证券,"石康,李博彦",2021Q4,1050000.0,,,82000.0,0.425,,,,,审慎增持,,
603267.SH,鸿远电子,20211115,兴证军工观察：业绩驱动指数新高，跨年估值切换前置,非个股,一般报告,兴业证券,"石康,李博彦",2023Q4,408000.0,,,149000.0,6.411,,,,,无,,
603267.SH,鸿远电子,20211115,兴证军工观察：业绩驱动指数新高，跨年估值切换前置,非个股,一般报告,兴业证券,"石康,李博彦",2022Q4,340000.0,,,117000.0,5.034,,,,,无,,
603267.SH,鸿远电子,20211115,兴证军工观察：业绩驱动指数新高，跨年估值切换前置,非个股,一般报告,兴业证券,"石康,李博彦",2021Q4,272000.0,,,89000.0,3.83,,,,,无,,
688002.SH,睿创微纳,20211115,兴证军工观察：业绩驱动指数新高，跨年估值切换前置,非个股,一般报告,兴业证券,"石康,李博彦",2023Q4,355000.0,,,131000.0,2.944,,,,,无,,
688002.SH,睿创微纳,20211115,兴证军工观察：业绩驱动指数新高，跨年估值切换前置,非个股,一般报告,兴业证券,"石康,李博彦",2022Q4,260000.0,,,87000.0,1.955,,,,,无,,
688002.SH,睿创微纳,20211115,兴证军工观察：业绩驱动指数新高，跨年估值切换前置,非个股,一般报告,兴业证券,"石康,李博彦",2021Q4,180000.0,,,53000.0,1.191,,,,,无,,
601186.SH,中国铁建,20211115,建筑行业：着眼稳增长和绿色发展——2021年3季度基金重仓股分析,非个股,一般报告,东兴证券,赵军胜,2022Q4,,,,2865283.257,2.11,,,,,无,,
601186.SH,中国铁建,20211115,建筑行业：着眼稳增长和绿色发展——2021年3季度基金重仓股分析,非个股,一般报告,东兴证券,赵军胜,2021Q4,,,,2552953.802,1.88,,,,,无,,
601390.SH,中国中铁,20211115,建筑行业：着眼稳增长和绿色发展——2021年3季度基金重仓股分析,非个股,一般报告,东兴证券,赵军胜,2022Q4,,,,3095937.09,1.26,,,,,无,,
601390.SH,中国中铁,20211115,建筑行业：着眼稳增长和绿色发展——2021年3季度基金重仓股分析,非个股,一般报告,东兴证券,赵军胜,2021Q4,,,,2801085.938,1.14,,,,,无,,
002049.SZ,紫光国微,20211115,兴证军工观察：业绩驱动指数新高，跨年估值切换前置,非个股,一般报告,兴业证券,"石康,李博彦",2023Q4,833000.0,,,340000.0,5.603,,,,,审慎增持,,
002049.SZ,紫光国微,20211115,兴证军工观察：业绩驱动指数新高，跨年估值切换前置,非个股,一般报告,兴业证券,"石康,李博彦",2022Q4,688000.0,,,255000.0,4.202,,,,,审慎增持,,
002049.SZ,紫光国微,20211115,兴证军工观察：业绩驱动指数新高，跨年估值切换前置,非个股,一般报告,兴业证券,"石康,李博彦",2021Q4,540000.0,,,182000.0,2.999,,,,,审慎增持,,
000786.SZ,北新建材,20211115,建筑材料：消费建材底部之时，注重需求与成本改善的弹性,非个股,一般报告,兴业证券,"黄杨,孟杰,季贤东",2023Q4,,,,547000.0,3.2,,,,,审慎增持,,
000786.SZ,北新建材,20211115,建筑材料：消费建材底部之时，注重需求与成本改善的弹性,非个股,一般报告,兴业证券,"黄杨,孟杰,季贤东",2022Q4,,,,497000.0,2.94,,,,,审慎增持,,
000786.SZ,北新建材,20211115,建筑材料：消费建材底部之时，注重需求与成本改善的弹性,非个股,一般报告,兴业证券,"黄杨,孟杰,季贤东",2021Q4,,,,433000.0,2.56,,,,,审慎增持,,
000651.SZ,格力电器,20211115,家电及相关：第五次调整周期后，竞争力差异中找阿尔法,非个股,一般报告,中金,"何伟,褚君,卢璐",2022Q4,,,,2389445.492,4.04,,,,,跑赢行业,,53.3
000651.SZ,格力电器,20211115,家电及相关：第五次调整周期后，竞争力差异中找阿尔法,非个股,一般报告,中金,"何伟,褚君,卢璐",2021Q4,17854000.0,,,2246900.0,3.74,,,,,跑赢行业,,53.3
600970.SH,中材国际,20211115,建筑行业：着眼稳增长和绿色发展——2021年3季度基金重仓股分析,非个股,一般报告,东兴证券,赵军胜,2022Q4,,,,201485.97,0.91,,,,,无,,
600970.SH,中材国际,20211115,建筑行业：着眼稳增长和绿色发展——2021年3季度基金重仓股分析,非个股,一般报告,东兴证券,赵军胜,2021Q4,,,,172702.26,0.78,,,,,无,,
600801.SH,华新水泥,20211115,建筑材料：消费建材底部之时，注重需求与成本改善的弹性,非个股,一般报告,兴业证券,"黄杨,孟杰,季贤东",2023Q4,,,,669000.0,3.2,,,,,审慎增持,,
600801.SH,华新水泥,20211115,建筑材料：消费建材底部之时，注重需求与成本改善的弹性,非个股,一般报告,兴业证券,"黄杨,孟杰,季贤东",2022Q4,,,,644000.0,3.1,,,,,审慎增持,,
600801.SH,华新水泥,20211115,建筑材料：消费建材底部之时，注重需求与成本改善的弹性,非个股,一般报告,兴业证券,"黄杨,孟杰,季贤东",2021Q4,,,,586000.0,2.8,,,,,审慎增持,,
002643.SZ,万润股份,20211115,化工：景气走向分化，双碳带来新变革,非个股,一般报告,兴业证券,"张志扬,张勋,刘梦岚",2023Q4,,,,110709.891,1.19,,,,,审慎增持,,
002643.SZ,万润股份,20211115,化工：景气走向分化，双碳带来新变革,非个股,一般报告,兴业证券,"张志扬,张勋,刘梦岚",2022Q4,,,,87451.51,0.94,,,,,审慎增持,,
002643.SZ,万润股份,20211115,化工：景气走向分化，双碳带来新变革,非个股,一般报告,兴业证券,"张志扬,张勋,刘梦岚",2021Q4,,,,71635.812,0.77,,,,,审慎增持,,
601111.SH,中国国航,20211115,柳暗花明，拨云见日——交通运输行业2022年投资策略,非个股,一般报告,光大证券,程新星,2023Q4,14160800.0,,,296900.0,0.204,,,4.03,,增持,,
601111.SH,中国国航,20211115,柳暗花明，拨云见日——交通运输行业2022年投资策略,非个股,一般报告,光大证券,程新星,2022Q4,12957400.0,,,118500.0,0.082,,,1.67,,增持,,
601111.SH,中国国航,20211115,柳暗花明，拨云见日——交通运输行业2022年投资策略,非个股,一般报告,光大证券,程新星,2021Q4,9128300.0,,,-798700.0,-0.55,,,-11.45,,增持,,
300308.SZ,中际旭创,20211115,通信行业2022年年度策略：把握5G应用，拥抱双碳变革,非个股,一般报告,兴业证券,"王楠,章林,代小笛",2023Q4,,,,175000.0,2.187,,,,,审慎增持,,
300308.SZ,中际旭创,20211115,通信行业2022年年度策略：把握5G应用，拥抱双碳变革,非个股,一般报告,兴业证券,"王楠,章林,代小笛",2022Q4,,,,127200.0,1.59,,,,,审慎增持,,
300308.SZ,中际旭创,20211115,通信行业2022年年度策略：把握5G应用，拥抱双碳变革,非个股,一般报告,兴业证券,"王楠,章林,代小笛",2021Q4,,,,101500.0,1.269,,,,,审慎增持,,
300726.SZ,宏达电子,20211115,兴证军工观察：业绩驱动指数新高，跨年估值切换前置,非个股,一般报告,兴业证券,"石康,李博彦",2023Q4,434000.0,,,170000.0,4.249,,,,,无,,
300726.SZ,宏达电子,20211115,兴证军工观察：业绩驱动指数新高，跨年估值切换前置,非个股,一般报告,兴业证券,"石康,李博彦",2022Q4,322000.0,,,126000.0,3.149,,,,,无,,
300726.SZ,宏达电子,20211115,兴证军工观察：业绩驱动指数新高，跨年估值切换前置,非个股,一般报告,兴业证券,"石康,李博彦",2021Q4,231000.0,,,89000.0,2.224,,,,,无,,
300369.SZ,绿盟科技,20211115,计算机：数据安全监管进一步加强,非个股,一般报告,华泰证券,"谢春生,范昳蕊",2023Q4,,,,74100.0,0.928,,,,,增持,,25.2
300369.SZ,绿盟科技,20211115,计算机：数据安全监管进一步加强,非个股,一般报告,华泰证券,"谢春生,范昳蕊",2021Q4,,,,40200.0,0.503,,,,,增持,,25.2
601636.SH,旗滨集团,20211115,建筑材料：消费建材底部之时，注重需求与成本改善的弹性,非个股,一般报告,兴业证券,"黄杨,孟杰,季贤东",2023Q4,,,,746000.0,2.8,,,,,审慎增持,,
601636.SH,旗滨集团,20211115,建筑材料：消费建材底部之时，注重需求与成本改善的弹性,非个股,一般报告,兴业证券,"黄杨,孟杰,季贤东",2022Q4,,,,634000.0,2.36,,,,,审慎增持,,
601636.SH,旗滨集团,20211115,建筑材料：消费建材底部之时，注重需求与成本改善的弹性,非个股,一般报告,兴业证券,"黄杨,孟杰,季贤东",2021Q4,,,,514700.0,1.92,,,,,审慎增持,,
002242.SZ,九阳股份,20211115,家电及相关：第五次调整周期后，竞争力差异中找阿尔法,非个股,一般报告,中金,"何伟,褚君,卢璐",2022Q4,,,,112753.851,1.47,,,,,跑赢行业,,29.33
002242.SZ,九阳股份,20211115,家电及相关：第五次调整周期后，竞争力差异中找阿尔法,非个股,一般报告,中金,"何伟,褚君,卢璐",2021Q4,1171500.0,,,99600.0,1.3,,,,,跑赢行业,,29.33
002959.SZ,小熊电器,20211115,家用电器：价值回归、成长凸显，把握左侧机遇,非个股,一般报告,兴业证券,"颜晓晴,苏子杰",2023Q4,,,,49749.192,3.18,,,,,审慎增持,,
002959.SZ,小熊电器,20211115,家用电器：价值回归、成长凸显，把握左侧机遇,非个股,一般报告,兴业证券,"颜晓晴,苏子杰",2022Q4,,,,41144.772,2.63,,,,,审慎增持,,
688981.SH,中芯国际,20211115,SMIC：Improving_outlook_could_lead_to_more_aggressive_CAPEX_expansion,一般,一般报告,HSBC,Frank Lee,2021Q4,,,,,,,0.0,,7.0,Hold,,62.7
688568.SH,中科星图,20211115,中科星图：发布定增预案，对标Google_Earth,点评,一般报告,太平洋证券,曹佩,2023Q4,237108.0,,58462.0,54006.0,2.45,30.5,,22.52,27.58,买入,,
688568.SH,中科星图,20211115,中科星图：发布定增预案，对标Google_Earth,点评,一般报告,太平洋证券,曹佩,2022Q4,158072.0,,39564.0,36644.0,1.67,44.96,,19.65,42.22,买入,,
688568.SH,中科星图,20211115,中科星图：发布定增预案，对标Google_Earth,点评,一般报告,太平洋证券,曹佩,2021Q4,105381.0,,25550.0,23808.0,1.08,69.19,,15.81,67.36,买入,,
688276.SH,百克生物,20211115,百克生物：疫苗行业的进击者，带疱疫苗有望成为国产首家,深度,首次关注,华西证券,"崔文亮,支君",2023Q4,368599.0,,110400.0,94200.0,2.28,31.81,,18.5,,增持,,
688276.SH,百克生物,20211115,百克生物：疫苗行业的进击者，带疱疫苗有望成为国产首家,深度,首次关注,华西证券,"崔文亮,支君",2022Q4,211364.0,,63500.0,54000.0,1.31,55.42,,13.0,,增持,,
688276.SH,百克生物,20211115,百克生物：疫苗行业的进击者，带疱疫苗有望成为国产首家,深度,首次关注,华西证券,"崔文亮,支君",2021Q4,129576.0,,37800.0,32200.0,0.78,93.09,,8.9,,增持,,
688981.SH,中芯国际,20211115,SMIC：Improving_outlook_could_lead_to_more_aggressive_CAPEX_expansion,一般,一般报告,HSBC,Frank Lee,2023Q4,,,,,,,0.0,,6.0,Hold,,62.7
688981.SH,中芯国际,20211115,SMIC：Improving_outlook_could_lead_to_more_aggressive_CAPEX_expansion,一般,一般报告,HSBC,Frank Lee,2022Q4,,,,,,,0.0,,6.4,Hold,,62.7
300369.SZ,绿盟科技,20211115,计算机：数据安全监管进一步加强,非个股,一般报告,华泰证券,"谢春生,范昳蕊",2022Q4,,,,54700.0,0.685,,,,,增持,,25.2
002959.SZ,小熊电器,20211115,家用电器：价值回归、成长凸显，把握左侧机遇,非个股,一般报告,兴业证券,"颜晓晴,苏子杰",2021Q4,,,,31601.688,2.02,,,,,审慎增持,,
601669.SH,中国电建,20211115,建筑行业：着眼稳增长和绿色发展——2021年3季度基金重仓股分析,非个股,一般报告,东兴证券,赵军胜,2022Q4,,,,1040334.382,0.68,,,,,无,,
601669.SH,中国电建,20211115,建筑行业：着眼稳增长和绿色发展——2021年3季度基金重仓股分析,非个股,一般报告,东兴证券,赵军胜,2021Q4,,,,902643.066,0.59,,,,,无,,
002643.SZ,万润股份,20211115,万润股份事件点评：拟投建光刻胶树脂项目,点评,一般报告,国海证券,"李永磊,董伯骏",2022Q4,412300.0,,101400.0,86200.0,0.927,21.36,,13.0,,买入,,
002643.SZ,万润股份,20211115,万润股份事件点评：拟投建光刻胶树脂项目,点评,一般报告,国海证券,"李永磊,董伯骏",2023Q4,487500.0,,125900.0,107000.0,1.15,17.21,,14.0,,买入,,
002643.SZ,万润股份,20211115,万润股份事件点评：拟投建光刻胶树脂项目,点评,一般报告,国海证券,"李永磊,董伯骏",2021Q4,343200.0,,82500.0,70200.0,0.755,26.25,,12.0,,买入,,
688023.SH,安恒信息,20211115,安恒信息：聚焦新兴安全需求，增速有望领跑行业,一般,首次关注,德邦证券,"赵伟博,陈嵩",2023Q4,395100.0,,39400.0,37500.0,4.8,63.0,0.2,10.5,94.03,买入,521.37,486.62
688023.SH,安恒信息,20211115,安恒信息：聚焦新兴安全需求，增速有望领跑行业,一般,首次关注,德邦证券,"赵伟博,陈嵩",2021Q4,188800.0,,9000.0,8600.0,1.1,275.81,0.1,2.8,135.33,买入,521.37,486.62
300735.SZ,光弘科技,20211115,光弘科技：国内EMS领先企业，客户结构优化，有望进入快速成长期,一般,首次关注,德邦证券,"张世杰,王俊之,叶晨灿",2023Q4,513744.13,130615.0,87900.0,75600.0,0.98,15.04,3.5,15.1,12.54,买入,,
300735.SZ,光弘科技,20211115,光弘科技：国内EMS领先企业，客户结构优化，有望进入快速成长期,一般,首次关注,德邦证券,"张世杰,王俊之,叶晨灿",2022Q4,398049.15,102275.0,62500.0,53700.0,0.69,21.16,2.6,11.6,16.8,买入,,
300735.SZ,光弘科技,20211115,光弘科技：国内EMS领先企业，客户结构优化，有望进入快速成长期,一般,首次关注,德邦证券,"张世杰,王俊之,叶晨灿",2021Q4,304727.19,74835.0,44900.0,38600.0,0.5,29.45,1.8,8.8,22.94,买入,,
603613.SH,国联股份,20211115,国联股份：三季度业绩超预期，无惧周期波动保持高速成长,点评,一般报告,招商证券,"谢笑妍,顾佳",2023Q4,10910400.0,,254100.0,163500.0,4.75,25.3,,25.6,15.3,强烈推荐,,
603613.SH,国联股份,20211115,国联股份：三季度业绩超预期，无惧周期波动保持高速成长,点评,一般报告,招商证券,"谢笑妍,顾佳",2021Q4,3513900.0,,82500.0,53400.0,1.55,77.6,,12.5,50.3,强烈推荐,,
002216.SZ,三全食品,20211115,三全食品：股权激励目标符合市场预期，22－24年收入有望实现稳健增长,点评,一般报告,广发证券,"王永锋,张子健",2023Q4,853100.0,,84000.0,66800.0,0.76,28.1,,15.0,21.73,买入,,23.7
688023.SH,安恒信息,20211115,安恒信息：聚焦新兴安全需求，增速有望领跑行业,一般,首次关注,德邦证券,"赵伟博,陈嵩",2022Q4,271800.0,,19600.0,18600.0,2.38,127.08,0.1,5.8,358.34,买入,521.37,486.62
002975.SZ,博杰股份,20211115,博杰股份：乘着5G的速度起航,深度,首次关注,申港证券,"曹旭特,黄程保",2022Q4,166100.0,,46900.0,40752.0,2.93,22.64,,16.8,18.86,买入,,
002216.SZ,三全食品,20211115,三全食品：股权激励目标符合市场预期，22－24年收入有望实现稳健增长,点评,一般报告,广发证券,"王永锋,张子健",2022Q4,772000.0,,74900.0,59500.0,0.68,31.54,,15.1,25.75,买入,,23.7
002216.SZ,三全食品,20211115,三全食品：股权激励目标符合市场预期，22－24年收入有望实现稳健增长,点评,一般报告,广发证券,"王永锋,张子健",2021Q4,711800.0,,64900.0,51600.0,0.59,36.38,,14.8,29.71,买入,,23.7
002975.SZ,博杰股份,20211115,博杰股份：乘着5G的速度起航,深度,首次关注,申港证券,"曹旭特,黄程保",2021Q4,144300.0,,40600.0,35606.0,2.56,25.92,,17.64,19.52,买入,,
002080.SZ,中材科技,20211115,中材科技公司深度研究：玻纤稳健增长，隔膜、风电叶片底部向上,深度,首次评级,国海证券,"盛昌盛,彭棋",2023Q4,2658700.0,,674900.0,551200.0,3.28,9.67,,20.0,,买入,,
603613.SH,国联股份,20211115,国联股份：三季度业绩超预期，无惧周期波动保持高速成长,点评,一般报告,招商证券,"谢笑妍,顾佳",2022Q4,6328600.0,,138100.0,89100.0,2.59,46.5,,17.8,28.2,强烈推荐,,
002975.SZ,博杰股份,20211115,博杰股份：乘着5G的速度起航,深度,首次关注,申港证券,"曹旭特,黄程保",2023Q4,206100.0,,59800.0,52206.0,3.76,17.68,,17.71,15.21,买入,,
002080.SZ,中材科技,20211115,中材科技公司深度研究：玻纤稳健增长，隔膜、风电叶片底部向上,深度,首次评级,国海证券,"盛昌盛,彭棋",2022Q4,2347900.0,,588900.0,481500.0,2.87,11.07,,22.0,,买入,,
002407.SZ,多氟多,20211115,多氟多事件点评：深耕锂电池赛道，长单保障公司持续增长,点评,首次评级,国海证券,"李永磊,董伯骏,赵小燕",2023Q4,1195300.0,,225300.0,228100.0,2.977,15.98,,29.0,,买入,,
002407.SZ,多氟多,20211115,多氟多事件点评：深耕锂电池赛道，长单保障公司持续增长,点评,首次评级,国海证券,"李永磊,董伯骏,赵小燕",2022Q4,954400.0,,183700.0,183400.0,2.394,19.88,,32.0,,买入,,
002407.SZ,多氟多,20211115,多氟多事件点评：深耕锂电池赛道，长单保障公司持续增长,点评,首次评级,国海证券,"李永磊,董伯骏,赵小燕",2021Q4,655200.0,,109400.0,91400.0,1.193,39.9,,24.0,,买入,,
002635.SZ,安洁科技,20211115,安洁科技：横纵双向扩张，汽车业务迎来爆发,一般,首次评级,国泰君安,"王聪,苏凌瑶,文紫妍",2022Q4,575100.0,,,50800.0,0.74,20.92,0.6,7.7,13.05,增持,,22.2
002635.SZ,安洁科技,20211115,安洁科技：横纵双向扩张，汽车业务迎来爆发,一般,首次评级,国泰君安,"王聪,苏凌瑶,文紫妍",2021Q4,383100.0,,,18900.0,0.27,56.37,0.3,3.1,27.1,增持,,22.2
603808.SH,歌力思,20211115,歌力思：大力度股权激励，彰显未来长期发展信心,点评,首次评级,财信证券,"邹建军,陈诗璐",2023Q4,338900.0,,107700.0,79700.0,2.16,7.08,4.0,21.0,3.75,谨慎推荐,,
603808.SH,歌力思,20211115,歌力思：大力度股权激励，彰显未来长期发展信心,点评,首次评级,财信证券,"邹建军,陈诗璐",2022Q4,293700.0,,97800.0,71800.0,1.94,7.86,4.0,23.0,4.37,谨慎推荐,,
603808.SH,歌力思,20211115,歌力思：大力度股权激励，彰显未来长期发展信心,点评,首次评级,财信证券,"邹建军,陈诗璐",2021Q4,245400.0,,83000.0,61400.0,1.66,9.18,3.0,23.0,5.41,谨慎推荐,,
002635.SZ,安洁科技,20211115,安洁科技：横纵双向扩张，汽车业务迎来爆发,一般,首次评级,国泰君安,"王聪,苏凌瑶,文紫妍",2023Q4,753400.0,,,69100.0,1.01,15.37,0.6,9.6,10.4,增持,,22.2
002080.SZ,中材科技,20211115,中材科技公司深度研究：玻纤稳健增长，隔膜、风电叶片底部向上,深度,首次评级,国海证券,"盛昌盛,彭棋",2021Q4,2046700.0,,473700.0,387500.0,2.31,13.75,,23.0,,买入,,
002042.SZ,华孚时尚,20211115,华孚时尚：全球色纺纱龙头，工业互联网提质增效,一般,首次评级,国泰君安,张爱宁,2023Q4,2544600.0,205000.0,,77900.0,0.43,10.16,5.9,9.6,9.21,增持,,5.29
002042.SZ,华孚时尚,20211115,华孚时尚：全球色纺纱龙头，工业互联网提质增效,一般,首次评级,国泰君安,张爱宁,2021Q4,1894600.0,152100.0,,53400.0,0.3,14.83,4.0,7.4,12.64,增持,,5.29
002216.SZ,三全食品,20211115,三全食品：激励护航收入增长，新基地保障发展,点评,一般报告,中泰证券,"范劲松,罗頔影,熊欣慰,房昭强",2023Q4,859600.0,234300.0,83300.0,66400.0,0.76,28.26,,7.75,,买入,,
002042.SZ,华孚时尚,20211115,华孚时尚：全球色纺纱龙头，工业互联网提质增效,一般,首次评级,国泰君安,张爱宁,2022Q4,2204100.0,178100.0,,64200.0,0.36,12.33,4.9,8.4,10.72,增持,,5.29
002216.SZ,三全食品,20211115,三全食品：激励护航收入增长，新基地保障发展,点评,一般报告,中泰证券,"范劲松,罗頔影,熊欣慰,房昭强",2022Q4,775600.0,211400.0,73200.0,58300.0,0.66,32.18,,7.29,,买入,,
002216.SZ,三全食品,20211115,三全食品：激励护航收入增长，新基地保障发展,点评,一般报告,中泰证券,"范劲松,罗頔影,熊欣慰,房昭强",2021Q4,694300.0,189300.0,64900.0,51700.0,0.59,36.28,,8.19,,买入,,
300793.SZ,佳禾智能,20211115,佳禾智能：安卓TWS－ODM龙头，布局新品铸造平台化服务,深度,首次关注,中泰证券,张欣,2023Q4,606100.0,88200.0,39200.0,36600.0,1.37,14.14,,18.99,,买入,,
300793.SZ,佳禾智能,20211115,佳禾智能：安卓TWS－ODM龙头，布局新品铸造平台化服务,深度,首次关注,中泰证券,张欣,2022Q4,445600.0,63300.0,25600.0,24600.0,0.92,21.08,,15.61,,买入,,
300793.SZ,佳禾智能,20211115,佳禾智能：安卓TWS－ODM龙头，布局新品铸造平台化服务,深度,首次关注,中泰证券,张欣,2021Q4,303800.0,36200.0,10300.0,11000.0,0.41,47.19,,8.55,,买入,,
603259.SH,药明康德,20211115,药明康德：新产能陆续投产，CGT业务渐入佳境,深度,一般报告,国金证券,王班,2023Q4,4142600.0,1672000.0,842600.0,704200.0,2.383,45.71,,15.06,,买入,,
603259.SH,药明康德,20211115,药明康德：新产能陆续投产，CGT业务渐入佳境,深度,一般报告,国金证券,王班,2022Q4,3066400.0,1243100.0,660300.0,552200.0,1.868,58.29,,13.49,,买入,,
603259.SH,药明康德,20211115,药明康德：新产能陆续投产，CGT业务渐入佳境,深度,一般报告,国金证券,王班,2021Q4,2259000.0,912000.0,523300.0,437800.0,1.481,73.53,,11.95,,买入,,
688016.SH,心脉医疗,20211115,心脉医疗：高压球囊顺利获批，外周动脉布局逐步完善,点评,一般报告,国金证券,袁维,2023Q4,121000.0,98500.0,64700.0,55600.0,7.731,34.85,,22.69,,买入,,
688016.SH,心脉医疗,20211115,心脉医疗：高压球囊顺利获批，外周动脉布局逐步完善,点评,一般报告,国金证券,袁维,2022Q4,92500.0,74700.0,49100.0,42300.0,5.872,45.89,,21.96,,买入,,
688016.SH,心脉医疗,20211115,心脉医疗：高压球囊顺利获批，外周动脉布局逐步完善,点评,一般报告,国金证券,袁维,2021Q4,67500.0,54700.0,37000.0,31900.0,4.426,60.88,,20.81,,买入,,
603378.SH,亚士创能,20211115,亚士创能：定增加码，蓄力前行,点评,一般报告,长江证券,"范超,张佩,张弛",2023Q4,862800.0,244000.0,90300.0,80400.0,2.69,9.63,,21.7,8.07,买入,,
603378.SH,亚士创能,20211115,亚士创能：定增加码，蓄力前行,点评,一般报告,长江证券,"范超,张佩,张弛",2022Q4,646700.0,186800.0,53000.0,47200.0,1.58,16.4,,16.3,12.93,买入,,
603067.SH,振华股份,20211115,振华股份事件点评：切入上游，拓展下游，一体化打开成长天花板,点评,一般报告,西部证券,李华丰,2023Q4,370600.0,,59500.0,52200.0,1.03,13.8,,18.8,,买入,,
603067.SH,振华股份,20211115,振华股份事件点评：切入上游，拓展下游，一体化打开成长天花板,点评,一般报告,西部证券,李华丰,2022Q4,344800.0,,48200.0,42300.0,0.83,17.0,,17.9,,买入,,
603067.SH,振华股份,20211115,振华股份事件点评：切入上游，拓展下游，一体化打开成长天花板,点评,一般报告,西部证券,李华丰,2021Q4,310100.0,,37700.0,33100.0,0.65,21.7,,18.3,,买入,,
603378.SH,亚士创能,20211115,亚士创能：定增加码，蓄力前行,点评,一般报告,长江证券,"范超,张佩,张弛",2021Q4,478400.0,124500.0,22500.0,19000.0,0.64,40.74,,7.8,23.49,买入,,
300073.SZ,当升科技,20211115,当升科技点评报告：高镍出海韩国远洋欧美，全球化一体化大展宏图,点评,一般报告,浙商证券,"邓伟,游宝来",2023Q4,1448252.0,,194700.0,167032.0,3.68,24.98,,26.07,17.15,买入,,
300073.SZ,当升科技,20211115,当升科技点评报告：高镍出海韩国远洋欧美，全球化一体化大展宏图,点评,一般报告,浙商证券,"邓伟,游宝来",2022Q4,1086402.0,,144900.0,124330.0,2.74,33.56,,24.05,23.33,买入,,
300073.SZ,当升科技,20211115,当升科技点评报告：高镍出海韩国远洋欧美，全球化一体化大展宏图,点评,一般报告,浙商证券,"邓伟,游宝来",2021Q4,740744.0,,113900.0,97691.0,2.15,42.71,,23.12,29.99,买入,,
600048.SH,保利发展,20211115,保利发展动态报告：融资优势明显，以战略定力穿越周期,一般,一般报告,兴业证券,"阎常铭,靳璐瑜,王沁雯,洪波",2022Q4,29482600.0,,5707100.0,3196000.0,2.67,5.6,,14.2,,买入,,
600048.SH,保利发展,20211115,保利发展动态报告：融资优势明显，以战略定力穿越周期,一般,一般报告,兴业证券,"阎常铭,靳璐瑜,王沁雯,洪波",2021Q4,26935700.0,,5353000.0,3040500.0,2.54,5.9,,15.0,,买入,,
600510.SH,黑牡丹,20211115,黑牡丹：横向拓张转型，新基建定位进一步夯实,一般,首次关注,华西证券,"宋辉,柳珏廷,由子沛",2023Q4,1229800.0,,258800.0,118400.0,1.13,7.16,,9.7,,增持,,
600510.SH,黑牡丹,20211115,黑牡丹：横向拓张转型，新基建定位进一步夯实,一般,首次关注,华西证券,"宋辉,柳珏廷,由子沛",2022Q4,1167800.0,,250700.0,114700.0,1.1,7.39,,10.4,,增持,,
600510.SH,黑牡丹,20211115,黑牡丹：横向拓张转型，新基建定位进一步夯实,一般,首次关注,华西证券,"宋辉,柳珏廷,由子沛",2021Q4,1096300.0,,217800.0,99600.0,0.95,8.5,,10.1,,增持,,
688127.SH,蓝特光学,20211115,蓝特光学：精密光学元件领域优秀企业，微棱镜项目有序推进,点评,首次关注,安信证券,马良,2023Q4,117530.0,,44750.0,38640.0,0.96,21.5,0.9,19.7,14.5,买入,,24.73
688127.SH,蓝特光学,20211115,蓝特光学：精密光学元件领域优秀企业，微棱镜项目有序推进,点评,首次关注,安信证券,马良,2022Q4,54660.0,,18430.0,15920.0,0.4,52.2,0.3,9.7,32.0,买入,,24.73
688127.SH,蓝特光学,20211115,蓝特光学：精密光学元件领域优秀企业，微棱镜项目有序推进,点评,首次关注,安信证券,马良,2021Q4,42050.0,,16510.0,14280.0,0.35,58.1,0.2,9.4,35.6,买入,,24.73
600383.SH,金地集团,20211115,金地集团公告点评：发行15亿中票，融资优势持续凸显,点评,一般报告,兴业证券,"阎常铭,靳璐瑜,王沁雯,洪波",2023Q4,13918800.0,,2481600.0,1292100.0,2.86,3.9,,15.1,,买入,,
600383.SH,金地集团,20211115,金地集团公告点评：发行15亿中票，融资优势持续凸显,点评,一般报告,兴业证券,"阎常铭,靳璐瑜,王沁雯,洪波",2022Q4,12177400.0,,2322800.0,1214300.0,2.69,4.2,,16.1,,买入,,
600383.SH,金地集团,20211115,金地集团公告点评：发行15亿中票，融资优势持续凸显,点评,一般报告,兴业证券,"阎常铭,靳璐瑜,王沁雯,洪波",2021Q4,10497800.0,,2206100.0,1154600.0,2.56,4.4,,17.4,,买入,,
600048.SH,保利发展,20211115,保利发展动态报告：融资优势明显，以战略定力穿越周期,一般,一般报告,兴业证券,"阎常铭,靳璐瑜,王沁雯,洪波",2023Q4,32696800.0,,6001300.0,3372700.0,2.82,5.3,,13.6,,买入,,
002216.SZ,三全食品,20211115,三全食品2021年股权激励＆对外投资点评：利益绑定激发动力，对外投资彰显前瞻眼光,点评,一般报告,东北证券,李强,2021Q4,721200.0,,74800.0,61200.0,0.7,28.72,0.0,15.6,,买入,,24.3
920405.BJ,海希通讯,20211115,海希通讯：工程和起重机械行业的电气自动化控制龙头,深度,首次关注,东吴证券,"刘博,唐亚辉",2022Q4,36800.0,,12900.0,11100.0,1.64,20.44,,13.1,11.94,买入,,
920405.BJ,海希通讯,20211115,海希通讯：工程和起重机械行业的电气自动化控制龙头,深度,首次关注,东吴证券,"刘博,唐亚辉",2021Q4,32600.0,,11500.0,9900.0,1.46,22.93,,13.4,14.86,买入,,
688071.SH,华依科技,20211115,华依科技投资价值分析报告：国产冷试设备先行者，发力新能源测试服务,深度,首次关注,中信证券,"尹欣驰,李景涛,李子俊,王诗宸",2023Q4,79700.0,,16700.0,13514.0,1.86,25.7,,18.03,19.1,买入,,53.0
688071.SH,华依科技,20211115,华依科技投资价值分析报告：国产冷试设备先行者，发力新能源测试服务,深度,首次关注,中信证券,"尹欣驰,李景涛,李子俊,王诗宸",2022Q4,58675.0,,11600.0,9615.0,1.32,36.2,,15.65,26.7,买入,,53.0
688071.SH,华依科技,20211115,华依科技投资价值分析报告：国产冷试设备先行者，发力新能源测试服务,深度,首次关注,中信证券,"尹欣驰,李景涛,李子俊,王诗宸",2021Q4,35830.0,,6600.0,5628.0,0.77,62.0,,10.86,40.9,买入,,53.0
301018.SZ,申菱环境,20211115,申菱环境首次覆盖：华为温控核心供应商，受益双碳政策加速发展,一般,首次关注,国信证券,"马成龙,付晓钦",2023Q4,325900.0,99700.0,34800.0,31100.0,1.3,24.7,2.7,24.0,20.8,买入,,
301018.SZ,申菱环境,20211115,申菱环境首次覆盖：华为温控核心供应商，受益双碳政策加速发展,一般,首次关注,国信证券,"马成龙,付晓钦",2022Q4,247900.0,75500.0,26000.0,23200.0,0.97,33.0,2.0,21.0,25.2,买入,,
301018.SZ,申菱环境,20211115,申菱环境首次覆盖：华为温控核心供应商，受益双碳政策加速发展,一般,首次关注,国信证券,"马成龙,付晓钦",2021Q4,188800.0,57100.0,19200.0,17200.0,0.72,44.6,1.5,18.0,32.9,买入,,
300682.SZ,朗新科技,20211115,朗新科技：南网十四五规划加快数字电网建设，电力营销系统服务龙头有望充分受益,点评,一般报告,东吴证券,"侯宾,宋晓东",2023Q4,649600.0,,147300.0,132300.0,1.27,28.73,,15.6,24.19,买入,,
300682.SZ,朗新科技,20211115,朗新科技：南网十四五规划加快数字电网建设，电力营销系统服务龙头有望充分受益,点评,一般报告,东吴证券,"侯宾,宋晓东",2022Q4,531800.0,,120700.0,107300.0,1.03,35.41,,14.8,29.61,买入,,
300682.SZ,朗新科技,20211115,朗新科技：南网十四五规划加快数字电网建设，电力营销系统服务龙头有望充分受益,点评,一般报告,东吴证券,"侯宾,宋晓东",2021Q4,439400.0,,96300.0,87300.0,0.84,43.53,,13.9,38.15,买入,,
920405.BJ,海希通讯,20211115,海希通讯：工程和起重机械行业的电气自动化控制龙头,深度,首次关注,东吴证券,"刘博,唐亚辉",2023Q4,41400.0,,14500.0,12500.0,1.84,18.21,,12.8,10.23,买入,,
002216.SZ,三全食品,20211115,三全食品2021年股权激励＆对外投资点评：利益绑定激发动力，对外投资彰显前瞻眼光,点评,一般报告,东北证券,李强,2023Q4,885200.0,,98200.0,80100.0,0.91,21.94,0.0,13.22,,买入,,24.3
002216.SZ,三全食品,20211115,三全食品2021年股权激励＆对外投资点评：利益绑定激发动力，对外投资彰显前瞻眼光,点评,一般报告,东北证券,李强,2022Q4,793700.0,,84500.0,69200.0,0.79,25.37,0.0,14.12,,买入,,24.3
603063.SH,禾望电气,20211115,风电行业成长逻辑再梳理—“驭风”系列报告之二,非个股,一般报告,民生证券,邓永康,2023Q4,313600.0,,,56900.0,1.31,,,14.2,,谨慎推荐,,
603063.SH,禾望电气,20211115,风电行业成长逻辑再梳理—“驭风”系列报告之二,非个股,一般报告,民生证券,邓永康,2022Q4,259000.0,,,40600.0,0.94,,,11.8,,谨慎推荐,,
603063.SH,禾望电气,20211115,风电行业成长逻辑再梳理—“驭风”系列报告之二,非个股,一般报告,民生证券,邓永康,2021Q4,214600.0,,,27300.0,0.63,,,8.9,,谨慎推荐,,
603606.SH,东方电缆,20211115,风电行业成长逻辑再梳理—“驭风”系列报告之二,非个股,一般报告,民生证券,邓永康,2023Q4,998100.0,,,166100.0,2.54,,,22.5,,推荐,,
603606.SH,东方电缆,20211115,风电行业成长逻辑再梳理—“驭风”系列报告之二,非个股,一般报告,民生证券,邓永康,2022Q4,835400.0,,,146600.0,2.24,,,25.2,,推荐,,
603606.SH,东方电缆,20211115,风电行业成长逻辑再梳理—“驭风”系列报告之二,非个股,一般报告,民生证券,邓永康,2021Q4,742400.0,,,142500.0,2.18,,,32.0,,推荐,,
300251.SZ,光线传媒,20211115,行业估值底部，积极关注边际改善－－－－传媒行业2022年年度投资策略,非个股,一般报告,兴业证券,"李阳,刘跃,杨尚东",2023Q4,,,,117344.337,0.4,,,,,审慎增持,,
300251.SZ,光线传媒,20211115,行业估值底部，积极关注边际改善－－－－传媒行业2022年年度投资策略,非个股,一般报告,兴业证券,"李阳,刘跃,杨尚东",2022Q4,,,,99742.687,0.34,,,,,审慎增持,,
300251.SZ,光线传媒,20211115,行业估值底部，积极关注边际改善－－－－传媒行业2022年年度投资策略,非个股,一般报告,兴业证券,"李阳,刘跃,杨尚东",2021Q4,,,,70406.602,0.24,,,,,审慎增持,,
601288.SH,农业银行,20211115,跨周期调节基调明确：银行业投资观察,非个股,一般报告,中信证券,"肖斐斐,彭博",2023Q4,,,,27298676.642,0.78,,,,,无,,
601288.SH,农业银行,20211115,跨周期调节基调明确：银行业投资观察,非个股,一般报告,中信证券,"肖斐斐,彭博",2022Q4,,,,24848795.405,0.71,,,,,无,,
601288.SH,农业银行,20211115,跨周期调节基调明确：银行业投资观察,非个股,一般报告,中信证券,"肖斐斐,彭博",2021Q4,,,,22748897.202,0.65,,,,,无,,
002487.SZ,大金重工,20211115,风电行业成长逻辑再梳理—“驭风”系列报告之二,非个股,一般报告,民生证券,邓永康,2023Q4,844400.0,,,108200.0,1.95,,,22.1,,推荐,,
002487.SZ,大金重工,20211115,风电行业成长逻辑再梳理—“驭风”系列报告之二,非个股,一般报告,民生证券,邓永康,2022Q4,694400.0,,,89400.0,1.61,,,22.8,,推荐,,
002487.SZ,大金重工,20211115,风电行业成长逻辑再梳理—“驭风”系列报告之二,非个股,一般报告,民生证券,邓永康,2021Q4,548400.0,,,70400.0,1.27,,,22.6,,推荐,,
002531.SZ,天顺风能,20211115,风电行业成长逻辑再梳理—“驭风”系列报告之二,非个股,一般报告,民生证券,邓永康,2023Q4,1699300.0,,,227800.0,1.26,,,20.4,,推荐,,
002531.SZ,天顺风能,20211115,风电行业成长逻辑再梳理—“驭风”系列报告之二,非个股,一般报告,民生证券,邓永康,2022Q4,1271600.0,,,171100.0,0.95,,,18.3,,推荐,,
002531.SZ,天顺风能,20211115,风电行业成长逻辑再梳理—“驭风”系列报告之二,非个股,一般报告,民生证券,邓永康,2021Q4,916000.0,,,143400.0,0.8,,,18.0,,推荐,,
002100.SZ,天康生物,20211115,国泰君安晨报,非个股,一般报告,国泰君安,"王艳君,钟凯锋",2023Q4,,,,129160.121,1.2,,,,,增持,,11.97
002100.SZ,天康生物,20211115,国泰君安晨报,非个股,一般报告,国泰君安,"王艳君,钟凯锋",2022Q4,,,,16145.015,0.15,,,,,增持,,11.97
002100.SZ,天康生物,20211115,国泰君安晨报,非个股,一般报告,国泰君安,"王艳君,钟凯锋",2021Q4,,,,-19374.018,-0.18,,,,,增持,,11.97
002707.SZ,众信旅游,20211115,休闲服务：中国中免H股上市获批复，海南“十四五”建设国际旅游消费中心规划促2025年离岛免税倍增,非个股,一般报告,中信建投,"刘乐文,陈如练",2023Q4,,,,10875.96,0.12,,,,,无,,
002707.SZ,众信旅游,20211115,休闲服务：中国中免H股上市获批复，海南“十四五”建设国际旅游消费中心规划促2025年离岛免税倍增,非个股,一般报告,中信建投,"刘乐文,陈如练",2022Q4,,,,-1812.66,-0.02,,,,,无,,
002707.SZ,众信旅游,20211115,休闲服务：中国中免H股上市获批复，海南“十四五”建设国际旅游消费中心规划促2025年离岛免税倍增,非个股,一般报告,中信建投,"刘乐文,陈如练",2021Q4,,,,-23564.58,-0.26,,,,,无,,
000596.SZ,古井贡酒,20211115,龙头销售延续领先，“双十一”迎来“新常态”——食品饮料周专题,非个股,一般报告,民生证券,"王言海,熊航,李啸,姚启璠,孙冉,刘光意",2023Q4,,,,390106.8,7.38,,,,,推荐,,
000596.SZ,古井贡酒,20211115,龙头销售延续领先，“双十一”迎来“新常态”——食品饮料周专题,非个股,一般报告,民生证券,"王言海,熊航,李啸,姚启璠,孙冉,刘光意",2022Q4,,,,327203.4,6.19,,,,,推荐,,
920368.BJ,连城数控,20211115,财信证券晨会纪要,非个股,一般报告,财信证券,"杨甫,肖德威",2023Q4,,,,83300.0,3.61,,,,,谨慎推荐,,
920368.BJ,连城数控,20211115,财信证券晨会纪要,非个股,一般报告,财信证券,"杨甫,肖德威",2022Q4,,,,66100.0,2.86,,,,,谨慎推荐,,
920368.BJ,连城数控,20211115,财信证券晨会纪要,非个股,一般报告,财信证券,"杨甫,肖德威",2021Q4,,,,44100.0,1.91,,,,,谨慎推荐,,
603218.SH,日月股份,20211115,风电行业成长逻辑再梳理—“驭风”系列报告之二,非个股,一般报告,民生证券,邓永康,2023Q4,794400.0,,,168600.0,1.74,,,15.3,,谨慎推荐,,
603218.SH,日月股份,20211115,风电行业成长逻辑再梳理—“驭风”系列报告之二,非个股,一般报告,民生证券,邓永康,2022Q4,649000.0,,,131700.0,1.36,,,13.4,,谨慎推荐,,
603218.SH,日月股份,20211115,风电行业成长逻辑再梳理—“驭风”系列报告之二,非个股,一般报告,民生证券,邓永康,2021Q4,497400.0,,,84200.0,0.87,,,9.5,,谨慎推荐,,
300661.SZ,圣邦股份,20211115,电子行业2022年度策略：国产化是行业主线，汽车电子持续景气,非个股,一般报告,兴业证券,"谢恒,李双亮,姚康,姚丹丹,仇文妍",2023Q4,,,,111656.998,4.74,,,,,审慎增持,,
000596.SZ,古井贡酒,20211115,龙头销售延续领先，“双十一”迎来“新常态”——食品饮料周专题,非个股,一般报告,民生证券,"王言海,熊航,李啸,姚启璠,孙冉,刘光意",2021Q4,,,,247913.4,4.69,,,,,推荐,,
300661.SZ,圣邦股份,20211115,电子行业2022年度策略：国产化是行业主线，汽车电子持续景气,非个股,一般报告,兴业证券,"谢恒,李双亮,姚康,姚丹丹,仇文妍",2022Q4,,,,77735.884,3.3,,,,,审慎增持,,
300661.SZ,圣邦股份,20211115,电子行业2022年度策略：国产化是行业主线，汽车电子持续景气,非个股,一般报告,兴业证券,"谢恒,李双亮,姚康,姚丹丹,仇文妍",2021Q4,,,,51117.233,2.17,,,,,审慎增持,,
688198.SH,佰仁医疗,20211115,2021医保谈判落幕，本周医药板块上涨0.82％，建议关注政策受益的原料药板块——医药行业周报（20211108－20211112）,非个股,一般报告,申万宏源证券,陈烨远,2023Q4,,,,16973.142,1.76,,,,,无,,
688198.SH,佰仁医疗,20211115,2021医保谈判落幕，本周医药板块上涨0.82％，建议关注政策受益的原料药板块——医药行业周报（20211108－20211112）,非个股,一般报告,申万宏源证券,陈烨远,2022Q4,,,,11379.72,1.18,,,,,无,,
688198.SH,佰仁医疗,20211115,2021医保谈判落幕，本周医药板块上涨0.82％，建议关注政策受益的原料药板块——医药行业周报（20211108－20211112）,非个股,一般报告,申万宏源证券,陈烨远,2021Q4,,,,5496.984,0.57,,,,,无,,
300031.SZ,宝通科技,20211115,宝通科技：工业互联网＋VR内容齐头并进，深度布局元宇宙,深度,首份报告,招商证券,"顾佳,刘玉萍",2023Q4,492200.0,,102800.0,84600.0,2.13,,,,,无,,
300031.SZ,宝通科技,20211115,宝通科技：工业互联网＋VR内容齐头并进，深度布局元宇宙,深度,首份报告,招商证券,"顾佳,刘玉萍",2022Q4,398300.0,,77800.0,64700.0,1.63,,,,,无,,
300031.SZ,宝通科技,20211115,宝通科技：工业互联网＋VR内容齐头并进，深度布局元宇宙,深度,首份报告,招商证券,"顾佳,刘玉萍",2021Q4,306100.0,,61900.0,51500.0,1.3,,,,,无,,
000681.SZ,视觉中国,20211115,视觉中国：迈过低谷，NFT推动图片龙头内容资产价值重估,一般,首次评级,国盛证券,"顾晟,吴珺",2023Q4,127310.0,,40000.0,32800.0,0.47,28.1,,8.5,21.0,买入,,
000681.SZ,视觉中国,20211115,视觉中国：迈过低谷，NFT推动图片龙头内容资产价值重估,一般,首次评级,国盛证券,"顾晟,吴珺",2022Q4,98880.0,,30900.0,25400.0,0.36,36.3,,7.1,27.4,买入,,
000681.SZ,视觉中国,20211115,视觉中国：迈过低谷，NFT推动图片龙头内容资产价值重估,一般,首次评级,国盛证券,"顾晟,吴珺",2021Q4,70800.0,,24900.0,20400.0,0.29,45.1,,6.2,33.5,买入,,
603035.SH,常熟汽饰,20211115,常熟汽饰：合资平台增长稳健，新业务新客户再下一城,一般,首次关注,中金,"邓学,任丹霖,荆文娟",2023Q4,317400.0,76600.0,63400.0,56500.0,1.57,,,,,跑赢行业,,16.3
603035.SH,常熟汽饰,20211115,常熟汽饰：合资平台增长稳健，新业务新客户再下一城,一般,首次关注,中金,"邓学,任丹霖,荆文娟",2022Q4,295500.0,71100.0,54800.0,49100.0,1.36,10.2,0.6,11.6,6.5,跑赢行业,,16.3
601615.SH,明阳智能,20211115,风电行业成长逻辑再梳理—“驭风”系列报告之二,非个股,一般报告,民生证券,邓永康,2023Q4,3423100.0,,,319200.0,1.64,,,14.6,,推荐,,
601615.SH,明阳智能,20211115,风电行业成长逻辑再梳理—“驭风”系列报告之二,非个股,一般报告,民生证券,邓永康,2022Q4,3052500.0,,,279600.0,1.43,,,14.6,,推荐,,
601615.SH,明阳智能,20211115,风电行业成长逻辑再梳理—“驭风”系列报告之二,非个股,一般报告,民生证券,邓永康,2021Q4,2648800.0,,,237200.0,1.22,,,14.2,,推荐,,
603035.SH,常熟汽饰,20211115,常熟汽饰：合资平台增长稳健，新业务新客户再下一城,一般,首次关注,中金,"邓学,任丹霖,荆文娟",2021Q4,254600.0,60900.0,42600.0,39500.0,1.09,12.7,0.5,10.3,7.4,跑赢行业,,16.3
688186.SH,广大特材,20211115,风电行业成长逻辑再梳理—“驭风”系列报告之二,非个股,一般报告,民生证券,邓永康,2023Q4,703700.0,,,75500.0,3.53,,,25.1,,谨慎推荐,,
688186.SH,广大特材,20211115,风电行业成长逻辑再梳理—“驭风”系列报告之二,非个股,一般报告,民生证券,邓永康,2022Q4,549600.0,,,61600.0,2.88,,,24.9,,谨慎推荐,,
688186.SH,广大特材,20211115,风电行业成长逻辑再梳理—“驭风”系列报告之二,非个股,一般报告,民生证券,邓永康,2021Q4,346600.0,,,32000.0,1.49,,,15.6,,谨慎推荐,,
300443.SZ,金雷股份,20211115,风电行业成长逻辑再梳理—“驭风”系列报告之二,非个股,一般报告,民生证券,邓永康,2023Q4,291000.0,,,90900.0,3.47,,,19.5,,推荐,,
300443.SZ,金雷股份,20211115,风电行业成长逻辑再梳理—“驭风”系列报告之二,非个股,一般报告,民生证券,邓永康,2022Q4,226100.0,,,71400.0,2.73,,,18.2,,推荐,,
300443.SZ,金雷股份,20211115,风电行业成长逻辑再梳理—“驭风”系列报告之二,非个股,一般报告,民生证券,邓永康,2021Q4,183200.0,,,56100.0,2.14,,,16.7,,推荐,,
605111.SH,新洁能,20211115,信达证券晨会速递,非个股,一般报告,信达证券,方竞,2023Q4,,,,67700.0,4.778,,,,,增持,,
605111.SH,新洁能,20211115,信达证券晨会速递,非个股,一般报告,信达证券,方竞,2022Q4,,,,53500.0,3.776,,,,,增持,,
605111.SH,新洁能,20211115,信达证券晨会速递,非个股,一般报告,信达证券,方竞,2021Q4,,,,43500.0,3.07,,,,,增持,,
002080.SZ,中材科技,20211115,风电行业成长逻辑再梳理—“驭风”系列报告之二,非个股,一般报告,民生证券,邓永康,2023Q4,2835200.0,,,446300.0,2.66,,,21.8,,推荐,,
002080.SZ,中材科技,20211115,风电行业成长逻辑再梳理—“驭风”系列报告之二,非个股,一般报告,民生证券,邓永康,2022Q4,2487800.0,,,401700.0,2.39,,,23.1,,推荐,,
002080.SZ,中材科技,20211115,风电行业成长逻辑再梳理—“驭风”系列报告之二,非个股,一般报告,民生证券,邓永康,2021Q4,2187300.0,,,361300.0,2.15,,,24.8,,推荐,,
601939.SH,建设银行,20211115,跨周期调节基调明确：银行业投资观察,非个股,一般报告,中信证券,"肖斐斐,彭博",2023Q4,,,,35501558.803,1.42,,,,,无,,
601939.SH,建设银行,20211115,跨周期调节基调明确：银行业投资观察,非个股,一般报告,中信证券,"肖斐斐,彭博",2022Q4,,,,32501427.073,1.3,,,,,无,,
601939.SH,建设银行,20211115,跨周期调节基调明确：银行业投资观察,非个股,一般报告,中信证券,"肖斐斐,彭博",2021Q4,,,,29751306.321,1.19,,,,,无,,
301050.SZ,雷电微力,20211115,银河证券每日晨报,非个股,一般报告,银河证券,"李良,胡浩淼",2023Q4,,,,61500.0,6.35,,,,,推荐,,
301050.SZ,雷电微力,20211115,银河证券每日晨报,非个股,一般报告,银河证券,"李良,胡浩淼",2022Q4,,,,39700.0,4.1,,,,,推荐,,
301050.SZ,雷电微力,20211115,银河证券每日晨报,非个股,一般报告,银河证券,"李良,胡浩淼",2021Q4,,,,24000.0,2.48,,,,,推荐,,
002202.SZ,金风科技,20211115,风电行业成长逻辑再梳理—“驭风”系列报告之二,非个股,一般报告,民生证券,邓永康,2022Q4,6161000.0,,,414800.0,0.98,,,11.3,,推荐,,
002202.SZ,金风科技,20211115,风电行业成长逻辑再梳理—“驭风”系列报告之二,非个股,一般报告,民生证券,邓永康,2021Q4,5653400.0,,,355500.0,0.84,,,10.5,,推荐,,
300772.SZ,运达股份,20211115,风电行业成长逻辑再梳理—“驭风”系列报告之二,非个股,一般报告,民生证券,邓永康,2023Q4,1747300.0,,,76500.0,2.26,,,23.4,,谨慎推荐,,
300772.SZ,运达股份,20211115,风电行业成长逻辑再梳理—“驭风”系列报告之二,非个股,一般报告,民生证券,邓永康,2022Q4,1448700.0,,,58600.0,1.73,,,22.7,,谨慎推荐,,
300772.SZ,运达股份,20211115,风电行业成长逻辑再梳理—“驭风”系列报告之二,非个股,一般报告,民生证券,邓永康,2021Q4,1240100.0,,,40500.0,1.19,,,19.7,,谨慎推荐,,
000012.SZ,南玻A,20211115,申万宏源晨会报告,非个股,一般报告,申万宏源证券,"戴铭余,刘爽,郦悦轩",2022Q4,,,,364200.0,1.186,,,,,买入,,
000012.SZ,南玻A,20211115,申万宏源晨会报告,非个股,一般报告,申万宏源证券,"戴铭余,刘爽,郦悦轩",2021Q4,,,,214900.0,0.7,,,,,买入,,
002202.SZ,金风科技,20211115,风电行业成长逻辑再梳理—“驭风”系列报告之二,非个股,一般报告,民生证券,邓永康,2023Q4,6994600.0,,,487400.0,1.15,,,12.2,,推荐,,
601398.SH,工商银行,20211115,跨周期调节基调明确：银行业投资观察,非个股,一般报告,中信证券,"肖斐斐,彭博",2023Q4,,,,40273907.051,1.13,,,,,无,,
601398.SH,工商银行,20211115,跨周期调节基调明确：银行业投资观察,非个股,一般报告,中信证券,"肖斐斐,彭博",2022Q4,,,,36353438.223,1.02,,,,,无,,
601398.SH,工商银行,20211115,跨周期调节基调明确：银行业投资观察,非个股,一般报告,中信证券,"肖斐斐,彭博",2021Q4,,,,33502188.166,0.94,,,,,无,,
000012.SZ,南玻A,20211115,申万宏源晨会报告,非个股,一般报告,申万宏源证券,"戴铭余,刘爽,郦悦轩",2023Q4,,,,419900.0,1.367,,,,,买入,,
688018.SH,乐鑫科技,20211115,设备引领上涨行情，持续看好—电子周报,非个股,一般报告,民生证券,"王芳,杨旭,王浩然,赵晗泥",2022Q4,,,,38877.097,4.85,,,,,推荐,,
300850.SZ,新强联,20211115,风电行业成长逻辑再梳理—“驭风”系列报告之二,非个股,一般报告,民生证券,邓永康,2023Q4,512500.0,,,101400.0,5.23,,,27.6,,谨慎推荐,,
300850.SZ,新强联,20211115,风电行业成长逻辑再梳理—“驭风”系列报告之二,非个股,一般报告,民生证券,邓永康,2022Q4,410000.0,,,80500.0,4.15,,,29.2,,谨慎推荐,,
300850.SZ,新强联,20211115,风电行业成长逻辑再梳理—“驭风”系列报告之二,非个股,一般报告,民生证券,邓永康,2021Q4,284300.0,,,49600.0,2.56,,,24.4,,谨慎推荐,,
688018.SH,乐鑫科技,20211115,设备引领上涨行情，持续看好—电子周报,非个股,一般报告,民生证券,"王芳,杨旭,王浩然,赵晗泥",2021Q4,,,,28296.114,3.53,,,,,推荐,,
002507.SZ,涪陵榨菜,20211115,国泰君安晨报,非个股,一般报告,国泰君安,"徐洋,訾猛",2022Q4,,,,96751.672,1.09,,,,,增持,,43.27
002507.SZ,涪陵榨菜,20211115,国泰君安晨报,非个股,一般报告,国泰君安,"徐洋,訾猛",2021Q4,,,,69235.142,0.78,,,,,增持,,43.27
002739.SZ,万达电影,20211115,行业估值底部，积极关注边际改善－－－－传媒行业2022年年度投资策略,非个股,一般报告,兴业证券,"李阳,刘跃,杨尚东",2023Q4,,,,142766.408,0.64,,,,,审慎增持,,
002739.SZ,万达电影,20211115,行业估值底部，积极关注边际改善－－－－传媒行业2022年年度投资策略,非个股,一般报告,兴业证券,"李阳,刘跃,杨尚东",2022Q4,,,,129382.057,0.58,,,,,审慎增持,,
002739.SZ,万达电影,20211115,行业估值底部，积极关注边际改善－－－－传媒行业2022年年度投资策略,非个股,一般报告,兴业证券,"李阳,刘跃,杨尚东",2021Q4,,,,53537.403,0.24,,,,,审慎增持,,
002507.SZ,涪陵榨菜,20211115,国泰君安晨报,非个股,一般报告,国泰君安,"徐洋,訾猛",2023Q4,,,,131369.243,1.48,,,,,增持,,43.27
920981.BJ,晶赛科技,20211115,晶赛科技重大事件快评：国内石英晶振主要生产企业，应需募资翻倍扩产,一般,首份报告,国信证券,彭若恒,Q,,,,,,,,,,无,,
603959.SH,百利科技,20211114,百利科技：签订8.74亿元磷酸铁锂工程总承包合同，未来增长趋势可期,点评,一般报告,太平洋证券,"周涛,方杰",2023Q4,505100.0,,60100.0,50100.0,1.02,19.71,,31.1,16.68,增持,,
920981.BJ,晶赛科技,20211114,晶赛科技：深耕石英晶振，募资投建扩大规模,新股,首份报告,中信建投,"刘双锋,雷鸣",2021Q4,,,,5500.0,,11.1,,,,无,,
603959.SH,百利科技,20211114,百利科技：签订8.74亿元磷酸铁锂工程总承包合同，未来增长趋势可期,点评,一般报告,太平洋证券,"周涛,方杰",2022Q4,358200.0,,39700.0,33100.0,0.68,29.82,,29.8,20.9,增持,,
603959.SH,百利科技,20211114,百利科技：签订8.74亿元磷酸铁锂工程总承包合同，未来增长趋势可期,点评,一般报告,太平洋证券,"周涛,方杰",2021Q4,220500.0,,18700.0,15500.0,0.32,63.48,,20.0,48.91,增持,,
920981.BJ,晶赛科技,20211114,晶赛科技：深耕石英晶振，募资投建扩大规模,新股,首份报告,中信建投,"刘双锋,雷鸣",2023Q4,,,,9700.0,,6.3,,,,无,,
920981.BJ,晶赛科技,20211114,晶赛科技：深耕石英晶振，募资投建扩大规模,新股,首份报告,中信建投,"刘双锋,雷鸣",2022Q4,,,,7500.0,,8.1,,,,无,,
920981.BJ,晶赛科技,20211114,晶赛科技：国内领先的石英晶振供应商，受益国产替代和产品结构优化——公司首次覆盖报告,新股,首份报告,开源证券,"刘翔,傅盛盛",2022Q4,48700.0,13400.0,7700.0,6800.0,1.66,9.0,,25.5,7.3,无,,
920981.BJ,晶赛科技,20211114,晶赛科技：国内领先的石英晶振供应商，受益国产替代和产品结构优化——公司首次覆盖报告,新股,首份报告,开源证券,"刘翔,傅盛盛",2021Q4,40300.0,10400.0,5600.0,5000.0,1.22,12.3,,20.3,9.6,无,,
002460.SZ,赣锋锂业,20211114,赣锋锂业公司深度报告：廿一风华，厚积薄发,深度,首次关注,信达证券,"娄永刚,黄礼恒",2023Q4,2992323.0,945449.0,789100.0,684200.0,4.76,33.47,,26.1,30.91,买入,,
002460.SZ,赣锋锂业,20211114,赣锋锂业公司深度报告：廿一风华，厚积薄发,深度,首次关注,信达证券,"娄永刚,黄礼恒",2022Q4,2303550.0,746944.0,621400.0,538800.0,3.75,42.5,,27.8,38.53,买入,,
002460.SZ,赣锋锂业,20211114,赣锋锂业公司深度报告：廿一风华，厚积薄发,深度,首次关注,信达证券,"娄永刚,黄礼恒",2021Q4,1191818.0,435381.0,366200.0,317500.0,2.21,72.12,,22.7,61.39,买入,,
605111.SH,新洁能,20211114,新洁能：定增推动创新升级，股权激励绑定核心骨干,点评,一般报告,国联证券,王晔,2023Q4,247070.0,,73600.0,64800.0,4.57,40.73,,25.74,33.18,增持,,
605111.SH,新洁能,20211114,新洁能：定增推动创新升级，股权激励绑定核心骨干,点评,一般报告,国联证券,王晔,2022Q4,196880.0,,58700.0,51720.0,3.65,51.03,,26.32,41.91,增持,,
605111.SH,新洁能,20211114,新洁能：定增推动创新升级，股权激励绑定核心骨干,点评,一般报告,国联证券,王晔,2021Q4,156990.0,,48500.0,42740.0,3.02,61.75,,28.04,51.0,增持,,
920981.BJ,晶赛科技,20211114,晶赛科技：国内领先的石英晶振供应商，受益国产替代和产品结构优化——公司首次覆盖报告,新股,首份报告,开源证券,"刘翔,傅盛盛",2023Q4,59900.0,17500.0,10500.0,9300.0,2.28,6.6,,29.1,5.9,无,,
920885.BJ,星辰科技,20211114,星辰科技：军工伺服先行者，业绩有望改善——2021年三季报点评,点评,首份报告,中信建投,吕娟,2023Q4,19610.0,,,5060.0,0.6,,,,,买入,,
920885.BJ,星辰科技,20211114,星辰科技：军工伺服先行者，业绩有望改善——2021年三季报点评,点评,首份报告,中信建投,吕娟,2022Q4,16830.0,,,4390.0,0.5167,,,,,买入,,
920885.BJ,星辰科技,20211114,星辰科技：军工伺服先行者，业绩有望改善——2021年三季报点评,点评,首份报告,中信建投,吕娟,2021Q4,14310.0,,,3710.0,0.4367,,,,,买入,,
300217.SZ,东方电热,20211114,东方电热公司深度报告：新能源车＋光伏设备放量，电加热器龙头价值重估,深度,首次关注,信达证券,罗岸阳,2023Q4,468462.0,,36500.0,32900.0,0.23,26.53,,12.0,19.39,买入,,
300217.SZ,东方电热,20211114,东方电热公司深度报告：新能源车＋光伏设备放量，电加热器龙头价值重估,深度,首次关注,信达证券,罗岸阳,2022Q4,381046.0,,26000.0,23500.0,0.16,37.14,,9.8,25.2,买入,,
300217.SZ,东方电热,20211114,东方电热公司深度报告：新能源车＋光伏设备放量，电加热器龙头价值重估,深度,首次关注,信达证券,罗岸阳,2021Q4,282617.0,,13600.0,12900.0,0.09,67.57,,6.0,35.49,买入,,
301092.SZ,争光股份,20211114,争光股份：下游新兴领域多点开花，离子交换树脂龙头静待产能扩张,点评,首次关注,安信证券,"邵琳琳,周喆",2022Q4,55470.0,,19120.0,16140.0,1.21,43.2,0.0,23.1,31.4,增持,,60.0
300775.SZ,三角防务,20211114,三角防务：三角转债首次覆盖—为国产战鹰打造铮铮铁骨，助我华夏守卫万里长空,一般,首次关注,申港证券,"曲一平,宋婷",2022Q4,178900.0,,77569.0,64536.0,1.302,40.93,0.6,23.8,28.52,买入,,
301092.SZ,争光股份,20211114,争光股份：下游新兴领域多点开花，离子交换树脂龙头静待产能扩张,点评,首次关注,安信证券,"邵琳琳,周喆",2023Q4,73010.0,,25120.0,21110.0,1.58,33.0,0.0,23.2,23.7,增持,,60.0
002891.SZ,中宠股份,20211114,中宠股份：掘金千亿宠食赛道，多品类＋全渠道驱动成长,深度,首次关注,国金证券,"姜浩,尹新悦",2023Q4,408400.0,90100.0,32500.0,25500.0,0.867,33.97,,11.47,,增持,,32.1
002891.SZ,中宠股份,20211114,中宠股份：掘金千亿宠食赛道，多品类＋全渠道驱动成长,深度,首次关注,国金证券,"姜浩,尹新悦",2022Q4,326500.0,71000.0,26000.0,20200.0,0.687,42.88,,10.07,,增持,,32.1
002891.SZ,中宠股份,20211114,中宠股份：掘金千亿宠食赛道，多品类＋全渠道驱动成长,深度,首次关注,国金证券,"姜浩,尹新悦",2021Q4,261100.0,54200.0,16300.0,12600.0,0.427,69.01,,6.85,,增持,,32.1
601818.SH,光大银行,20211114,光大银行深度报告：缴费平台和财富管理成长标的──价值重估系列,深度,一般报告,浙商证券,"梁凤洁,邱冠华,陈建宇,徐安妮",2021Q4,15686100.0,,5393100.0,4472500.0,0.828,4.25,7.07,11.78,,买入,,5.6
688533.SH,上声电子,20211114,上声电子深度报告：汽车声学龙头，移动氛围大师,深度,首次关注,华西证券,崔琰,2022Q4,182800.0,,18700.0,16300.0,1.02,38.7,,11.9,,买入,,
605138.SH,盛泰集团,20211114,盛泰集团投资价值分析报告：一体化成衣巨头，智能制造助力长远发展,深度,首次关注,中信证券,"冯重光,郑一鸣",2023Q4,717000.0,,63400.0,51900.0,0.93,13.4,,17.7,10.2,买入,,19.0
605138.SH,盛泰集团,20211114,盛泰集团投资价值分析报告：一体化成衣巨头，智能制造助力长远发展,深度,首次关注,中信证券,"冯重光,郑一鸣",2022Q4,631100.0,,50200.0,41100.0,0.74,16.9,,16.3,12.1,买入,,19.0
605138.SH,盛泰集团,20211114,盛泰集团投资价值分析报告：一体化成衣巨头，智能制造助力长远发展,深度,首次关注,中信证券,"冯重光,郑一鸣",2021Q4,513500.0,,35000.0,28800.0,0.52,24.1,,13.2,15.1,买入,,19.0
002920.SZ,德赛西威,20211114,德赛西威：智能驾驶景气加速，Tier1小巨人迎产品、客户、ARPU三击,一般,首次关注,国盛证券,"刘高畅,杨烨",2023Q4,1596100.0,,170100.0,153100.0,2.78,39.8,,19.9,30.1,买入,,
002017.SZ,东信和平,20211114,东信和平：经营业绩逐步好转，成为中电科旗下上市公司,点评,首次评级,东北证券,王凤华,2023Q4,152200.0,,5800.0,4900.0,0.11,120.58,0.25,3.27,,买入,,18.0
002017.SZ,东信和平,20211114,东信和平：经营业绩逐步好转，成为中电科旗下上市公司,点评,首次评级,东北证券,王凤华,2022Q4,132600.0,,5000.0,4300.0,0.0963,139.0,0.22,2.9,,买入,,18.0
002017.SZ,东信和平,20211114,东信和平：经营业绩逐步好转，成为中电科旗下上市公司,点评,首次评级,东北证券,王凤华,2021Q4,117900.0,,4500.0,3800.0,0.0851,155.34,0.19,2.65,,买入,,18.0
301092.SZ,争光股份,20211114,争光股份：下游新兴领域多点开花，离子交换树脂龙头静待产能扩张,点评,首次关注,安信证券,"邵琳琳,周喆",2021Q4,50350.0,,15800.0,13330.0,1.0,52.3,0.0,24.8,37.9,增持,,60.0
300775.SZ,三角防务,20211114,三角防务：三角转债首次覆盖—为国产战鹰打造铮铮铁骨，助我华夏守卫万里长空,一般,首次关注,申港证券,"曲一平,宋婷",2021Q4,127000.0,,47676.0,39127.0,0.79,67.51,0.4,17.6,48.13,买入,,
601818.SH,光大银行,20211114,光大银行深度报告：缴费平台和财富管理成长标的──价值重估系列,深度,一般报告,浙商证券,"梁凤洁,邱冠华,陈建宇,徐安妮",2023Q4,19594600.0,,7151000.0,5930400.0,1.098,3.16,9.49,13.13,,买入,,5.6
601818.SH,光大银行,20211114,光大银行深度报告：缴费平台和财富管理成长标的──价值重估系列,深度,一般报告,浙商证券,"梁凤洁,邱冠华,陈建宇,徐安妮",2022Q4,17417500.0,,6198400.0,5140300.0,0.951,3.67,8.18,12.44,,买入,,5.6
688533.SH,上声电子,20211114,上声电子深度报告：汽车声学龙头，移动氛围大师,深度,首次关注,华西证券,崔琰,2023Q4,286500.0,,30000.0,26200.0,1.64,24.09,,15.0,,买入,,
688533.SH,上声电子,20211114,上声电子深度报告：汽车声学龙头，移动氛围大师,深度,首次关注,华西证券,崔琰,2021Q4,123400.0,,8800.0,7700.0,0.48,82.0,,6.8,,买入,,
688981.SH,中芯国际,20211114,中芯国际：Q3营收超业绩指引，资本开支环比持续提高,点评,首次关注,安信证券,"马良,郭旺",2023Q4,5246290.0,,1384450.0,1245210.0,1.58,35.6,0.0,8.6,19.9,买入,,73.0
688981.SH,中芯国际,20211114,中芯国际：Q3营收超业绩指引，资本开支环比持续提高,点评,首次关注,安信证券,"马良,郭旺",2022Q4,4445650.0,,1087960.0,1098260.0,1.39,40.4,0.0,8.3,23.7,买入,,73.0
688981.SH,中芯国际,20211114,中芯国际：Q3营收超业绩指引，资本开支环比持续提高,点评,首次关注,安信证券,"马良,郭旺",2021Q4,3584930.0,,1100520.0,940940.0,1.19,47.2,0.0,7.8,27.3,买入,,73.0
002920.SZ,德赛西威,20211114,德赛西威：智能驾驶景气加速，Tier1小巨人迎产品、客户、ARPU三击,一般,首次关注,国盛证券,"刘高畅,杨烨",2022Q4,1248600.0,,128100.0,115300.0,2.1,52.8,,18.4,40.1,买入,,
002920.SZ,德赛西威,20211114,德赛西威：智能驾驶景气加速，Tier1小巨人迎产品、客户、ARPU三击,一般,首次关注,国盛证券,"刘高畅,杨烨",2021Q4,914800.0,,86500.0,77800.0,1.41,78.3,,14.8,56.4,买入,,
002405.SZ,四维图新,20211114,四维图新：汽车智能化叠加数据安全强监管，有望催生公司加速成长,一般,首次关注,国盛证券,"刘高畅,杨烨",2023Q4,414100.0,,47000.0,41300.0,0.17,82.5,,4.5,40.2,买入,,
002405.SZ,四维图新,20211114,四维图新：汽车智能化叠加数据安全强监管，有望催生公司加速成长,一般,首次关注,国盛证券,"刘高畅,杨烨",2022Q4,331600.0,,21200.0,20300.0,0.0855,167.6,,2.1,66.2,买入,,
002405.SZ,四维图新,20211114,四维图新：汽车智能化叠加数据安全强监管，有望催生公司加速成长,一般,首次关注,国盛证券,"刘高畅,杨烨",2021Q4,264200.0,,-4300.0,300.0,0.0013,9989.2,,-0.4,163.0,买入,,
002344.SZ,海宁皮城,20211114,海宁皮城：租赁业务持续改善，看好全年业绩复苏,点评,首次评级,中信建投,叶乐,2023Q4,183000.0,,48300.0,33900.0,0.26,17.2,,3.9,8.3,增持,,
002344.SZ,海宁皮城,20211114,海宁皮城：租赁业务持续改善，看好全年业绩复苏,点评,首次评级,中信建投,叶乐,2022Q4,167900.0,,42800.0,30000.0,0.23,19.4,,3.6,7.7,增持,,
002344.SZ,海宁皮城,20211114,海宁皮城：租赁业务持续改善，看好全年业绩复苏,点评,首次评级,中信建投,叶乐,2021Q4,144600.0,,40900.0,28600.0,0.22,20.4,,3.5,8.7,增持,,
603666.SH,亿嘉和,20211114,亿嘉和：南网投资超预期，电网巡检操作机器人龙头扬帆起航,点评,首份报告,中信建投,秦基栗,2022Q4,178599.0,,62069.0,61576.0,2.979,23.2,0.8,20.73,,买入,,
603666.SH,亿嘉和,20211114,亿嘉和：南网投资超预期，电网巡检操作机器人龙头扬帆起航,点评,首份报告,中信建投,秦基栗,2021Q4,133225.0,,51930.0,45519.0,2.202,31.38,0.6,18.28,,买入,,
600732.SH,爱旭股份,20211114,爱旭股份：技术迭代风口已至，专业电池龙头再领变革,一般,一般报告,西南证券,"韩晨,敖颖晨",2022Q4,2900000.0,,244933.0,215695.0,1.06,17.73,0.17,26.76,10.06,买入,,31.8
600732.SH,爱旭股份,20211114,爱旭股份：技术迭代风口已至，专业电池龙头再领变革,一般,一般报告,西南证券,"韩晨,敖颖晨",2021Q4,1720000.0,,36301.0,31616.0,0.16,120.96,0.42,5.36,36.24,买入,,31.8
688981.SH,中芯国际,20211114,中芯国际：经营表现超预期，四季度指引再创历史新高,点评,一般报告,国盛证券,"郑震湘,佘凌星,陈永亮",2023Q4,4706900.0,,1021100.0,1101600.0,1.39,40.3,,5.5,20.4,买入,,
688981.SH,中芯国际,20211114,中芯国际：经营表现超预期，四季度指引再创历史新高,点评,一般报告,国盛证券,"郑震湘,佘凌星,陈永亮",2021Q4,3543700.0,,876500.0,952900.0,1.21,46.6,,5.3,28.1,买入,,
688663.SH,新风光,20211114,新风光：从SVG到储能，风光大发展下铸造“新风光”,点评,首次关注,安信证券,"邵琳琳,周喆,苏多永",2023Q4,193400.0,,26990.0,23750.0,1.7,39.7,1.0,25.9,32.9,增持,,76.8
601238.SH,广汽集团,20211114,广汽集团跟踪报告：芯片短缺逐步缓解，自主持续趋稳改善,点评,一般报告,光大证券,倪昱婧,2023Q4,8582100.0,,1243400.0,1296000.0,1.25,15.0,2.1,12.17,9.3,增持,,
601238.SH,广汽集团,20211114,广汽集团跟踪报告：芯片短缺逐步缓解，自主持续趋稳改善,点评,一般报告,光大证券,倪昱婧,2022Q4,7954000.0,,941100.0,982000.0,0.95,19.0,1.6,10.17,11.8,增持,,
002507.SZ,涪陵榨菜,20211114,涪陵榨菜：提价落地，静待弹性,点评,一般报告,国盛证券,"符蓉,方一苇",2021Q4,249200.0,,82100.0,69800.0,0.79,41.0,,17.0,31.4,买入,,
603666.SH,亿嘉和,20211114,亿嘉和：南网投资超预期，电网巡检操作机器人龙头扬帆起航,点评,首份报告,中信建投,秦基栗,2023Q4,232612.0,,84287.0,82038.0,3.968,17.41,1.1,22.43,,买入,,
600732.SH,爱旭股份,20211114,爱旭股份：技术迭代风口已至，专业电池龙头再领变革,一般,一般报告,西南证券,"韩晨,敖颖晨",2023Q4,3170000.0,,335779.0,295068.0,1.45,12.96,1.13,27.93,6.49,买入,,31.8
688981.SH,中芯国际,20211114,中芯国际：经营表现超预期，四季度指引再创历史新高,点评,一般报告,国盛证券,"郑震湘,佘凌星,陈永亮",2022Q4,4093000.0,,973100.0,1051000.0,1.33,42.2,,5.5,23.2,买入,,
688663.SH,新风光,20211114,新风光：从SVG到储能，风光大发展下铸造“新风光”,点评,首次关注,安信证券,"邵琳琳,周喆,苏多永",2022Q4,147570.0,,20220.0,17790.0,1.27,52.9,0.7,23.1,44.3,增持,,76.8
688663.SH,新风光,20211114,新风光：从SVG到储能，风光大发展下铸造“新风光”,点评,首次关注,安信证券,"邵琳琳,周喆,苏多永",2021Q4,114950.0,,15380.0,13450.0,0.96,70.0,0.6,20.3,56.3,增持,,76.8
601238.SH,广汽集团,20211114,广汽集团跟踪报告：芯片短缺逐步缓解，自主持续趋稳改善,点评,一般报告,光大证券,倪昱婧,2021Q4,7573200.0,,600300.0,626800.0,0.61,30.0,1.0,7.07,16.2,增持,,
300433.SZ,蓝思科技,20211114,蓝思科技公司研究报告：全球3D玻璃屏供应商，产业链垂直化布局强化新材料优势,一般,首次评级,海通证券,"朱劲松,李轩,文灿",2023Q4,6933047.0,1890490.0,955900.0,816600.0,1.64,13.97,0.0,13.1,6.6,优于大市,,
300433.SZ,蓝思科技,20211114,蓝思科技公司研究报告：全球3D玻璃屏供应商，产业链垂直化布局强化新材料优势,一般,首次评级,海通证券,"朱劲松,李轩,文灿",2022Q4,6302770.0,1677502.0,801500.0,685000.0,1.38,16.65,0.0,12.7,8.18,优于大市,,
300433.SZ,蓝思科技,20211114,蓝思科技公司研究报告：全球3D玻璃屏供应商，产业链垂直化布局强化新材料优势,一般,首次评级,海通证券,"朱劲松,李轩,文灿",2021Q4,5183402.0,1346796.0,602900.0,514500.0,1.03,22.16,0.0,10.9,10.76,优于大市,,
002507.SZ,涪陵榨菜,20211114,涪陵榨菜：提价落地，静待弹性,点评,一般报告,国盛证券,"符蓉,方一苇",2023Q4,339900.0,,139000.0,118200.0,1.33,24.2,,19.9,17.8,买入,,
002507.SZ,涪陵榨菜,20211114,涪陵榨菜：提价落地，静待弹性,点评,一般报告,国盛证券,"符蓉,方一苇",2022Q4,295700.0,,112300.0,95500.0,1.08,30.0,,19.5,22.7,买入,,
600754.SH,锦江酒店,20211114,美容护理、社服零售：高景气赛道龙头优势显著，旅游复苏预期边际增强,非个股,一般报告,财信证券,"邹建军,陈诗璐",2023Q4,,,,201168.284,1.88,,,,,推荐,,
600754.SH,锦江酒店,20211114,美容护理、社服零售：高景气赛道龙头优势显著，旅游复苏预期边际增强,非个股,一般报告,财信证券,"邹建军,陈诗璐",2022Q4,,,,146596.037,1.37,,,,,推荐,,
600754.SH,锦江酒店,20211114,美容护理、社服零售：高景气赛道龙头优势显著，旅游复苏预期边际增强,非个股,一般报告,财信证券,"邹建军,陈诗璐",2021Q4,,,,36381.498,0.34,,,,,推荐,,
000615.SZ,奥园美谷,20211114,美容护理、社服零售：高景气赛道龙头优势显著，旅游复苏预期边际增强,非个股,一般报告,财信证券,"邹建军,陈诗璐",2023Q4,,,,41402.557,0.53,,,,,谨慎推荐,,
000615.SZ,奥园美谷,20211114,美容护理、社服零售：高景气赛道龙头优势显著，旅游复苏预期边际增强,非个股,一般报告,财信证券,"邹建军,陈诗璐",2022Q4,,,,30466.032,0.39,,,,,谨慎推荐,,
000615.SZ,奥园美谷,20211114,美容护理、社服零售：高景气赛道龙头优势显著，旅游复苏预期边际增强,非个股,一般报告,财信证券,"邹建军,陈诗璐",2021Q4,,,,21873.049,0.28,,,,,谨慎推荐,,
300755.SZ,华致酒行,20211114,美容护理、社服零售：高景气赛道龙头优势显著，旅游复苏预期边际增强,非个股,一般报告,财信证券,"邹建军,陈诗璐",2023Q4,,,,112535.568,2.7,,,,,推荐,,
300755.SZ,华致酒行,20211114,美容护理、社服零售：高景气赛道龙头优势显著，旅游复苏预期边际增强,非个股,一般报告,财信证券,"邹建军,陈诗璐",2022Q4,,,,87944.462,2.11,,,,,推荐,,
300755.SZ,华致酒行,20211114,美容护理、社服零售：高景气赛道龙头优势显著，旅游复苏预期边际增强,非个股,一般报告,财信证券,"邹建军,陈诗璐",2021Q4,,,,66687.744,1.6,,,,,推荐,,
001215.SZ,千味央厨,20211114,美容护理、社服零售：高景气赛道龙头优势显著，旅游复苏预期边际增强,非个股,一般报告,财信证券,"邹建军,陈诗璐",2023Q4,,,,14978.328,1.76,,,,,推荐,,
001215.SZ,千味央厨,20211114,美容护理、社服零售：高景气赛道龙头优势显著，旅游复苏预期边际增强,非个股,一般报告,财信证券,"邹建军,陈诗璐",2022Q4,,,,11574.162,1.36,,,,,推荐,,
001215.SZ,千味央厨,20211114,美容护理、社服零售：高景气赛道龙头优势显著，旅游复苏预期边际增强,非个股,一般报告,财信证券,"邹建军,陈诗璐",2021Q4,,,,9106.143,1.07,,,,,推荐,,
600383.SH,金地集团,20211114,金地集团：销售略微企稳，拿地结构调整——2021年10月经营数据点评,点评,一般报告,国泰君安,"谢皓宇,郝亚雯,单戈",2023Q4,13949300.0,,,1415100.0,3.13,3.6,8.3,17.0,7.32,增持,,16.65
002624.SZ,完美世界,20211114,完美世界：《幻塔》终测吸睛，期待上线助增长,点评,一般报告,华泰证券,"朱珺,周钊,吴晓宇",2021Q4,954700.0,,150600.0,136100.0,0.7,27.8,,11.19,20.55,买入,,21.58
002120.SZ,韵达股份,20211114,韵达股份更新报告：业绩降幅如期收窄，短期基本面改善确定,点评,一般报告,国泰君安,"岳鑫,郑武,张哲恺",2022Q4,5439700.0,,,145000.0,0.5,36.5,1.0,9.1,15.4,增持,,25.67
002120.SZ,韵达股份,20211114,韵达股份更新报告：业绩降幅如期收窄，短期基本面改善确定,点评,一般报告,国泰君安,"岳鑫,郑武,张哲恺",2023Q4,7200400.0,,,189300.0,0.65,28.0,1.4,11.0,12.3,增持,,25.67
002624.SZ,完美世界,20211114,完美世界：《幻塔》终测吸睛，期待上线助增长,点评,一般报告,华泰证券,"朱珺,周钊,吴晓宇",2023Q4,1377800.0,,265700.0,234300.0,1.21,16.14,,14.32,11.36,买入,,21.58
688100.SH,威胜信息,20211114,威胜信息：十四五电网投资亮眼，配电侧建设受益,点评,一般报告,国泰君安,王彦龙,2023Q4,311100.0,,,65000.0,1.3,19.47,1.1,18.5,15.16,增持,,31.49
002120.SZ,韵达股份,20211114,韵达股份更新报告：业绩降幅如期收窄，短期基本面改善确定,点评,一般报告,国泰君安,"岳鑫,郑武,张哲恺",2021Q4,4170900.0,,,118200.0,0.41,44.8,0.8,7.8,18.3,增持,,25.67
600383.SH,金地集团,20211114,金地集团：销售略微企稳，拿地结构调整——2021年10月经营数据点评,点评,一般报告,国泰君安,"谢皓宇,郝亚雯,单戈",2022Q4,12149900.0,,,1201100.0,2.66,4.24,7.1,16.4,8.03,增持,,16.65
600383.SH,金地集团,20211114,金地集团：销售略微企稳，拿地结构调整——2021年10月经营数据点评,点评,一般报告,国泰君安,"谢皓宇,郝亚雯,单戈",2021Q4,10586200.0,,,1070000.0,2.37,4.76,6.3,16.5,9.74,增持,,16.65
002624.SZ,完美世界,20211114,完美世界：《幻塔》终测吸睛，期待上线助增长,点评,一般报告,华泰证券,"朱珺,周钊,吴晓宇",2022Q4,1199300.0,,228700.0,203500.0,1.05,18.59,,14.52,13.83,买入,,21.58
688100.SH,威胜信息,20211114,威胜信息：十四五电网投资亮眼，配电侧建设受益,点评,一般报告,国泰君安,王彦龙,2021Q4,180900.0,,,35600.0,0.71,35.49,0.7,13.6,28.85,增持,,31.49
688100.SH,威胜信息,20211114,威胜信息：十四五电网投资亮眼，配电侧建设受益,点评,一般报告,国泰君安,王彦龙,2022Q4,239000.0,,,48600.0,0.97,26.04,0.9,16.2,20.84,增持,,31.49
688208.SH,道通科技,20211114,汽车及零部件周报：补库逻辑兑现下零部件更优，Rivian市值突破千亿美元,非个股,一般报告,中金,"邓学,常菁",2022Q4,,,,83800.0,1.862,,,,,无,,
688208.SH,道通科技,20211114,汽车及零部件周报：补库逻辑兑现下零部件更优，Rivian市值突破千亿美元,非个股,一般报告,中金,"邓学,常菁",2021Q4,,,,60000.0,1.333,,,,,无,,
688266.SH,泽璟制药,20211114,医疗健康：板块具备配置价值，关注创新国际化路线,非个股,一般报告,中金,"冯喜鹏,邹朋",2022Q4,,,,-25200.0,-1.05,,,,,跑赢行业,,95.0
688266.SH,泽璟制药,20211114,医疗健康：板块具备配置价值，关注创新国际化路线,非个股,一般报告,中金,"冯喜鹏,邹朋",2021Q4,,,,-39600.0,-1.65,,,,,跑赢行业,,95.0
603786.SH,科博达,20211114,汽车及零部件周报：补库逻辑兑现下零部件更优，Rivian市值突破千亿美元,非个股,一般报告,中金,"邓学,常菁",2022Q4,,,,72400.0,1.81,,,,,无,,
603786.SH,科博达,20211114,汽车及零部件周报：补库逻辑兑现下零部件更优，Rivian市值突破千亿美元,非个股,一般报告,中金,"邓学,常菁",2021Q4,,,,42300.0,1.057,,,,,无,,
600882.SH,妙可蓝多,20211114,日常消费周思考：点状疫情扰动白酒终端需求，大众品提价常态化,非个股,一般报告,中金,"王文丹,沈旸,陈文博,周悦琅,张向伟",2023Q4,,,,105306.87,2.04,,,,,跑赢行业,,64.0
600882.SH,妙可蓝多,20211114,日常消费周思考：点状疫情扰动白酒终端需求，大众品提价常态化,非个股,一般报告,中金,"王文丹,沈旸,陈文博,周悦琅,张向伟",2022Q4,701100.0,,,62800.0,1.22,,,,,跑赢行业,,64.0
600882.SH,妙可蓝多,20211114,日常消费周思考：点状疫情扰动白酒终端需求，大众品提价常态化,非个股,一般报告,中金,"王文丹,沈旸,陈文博,周悦琅,张向伟",2021Q4,467100.0,,,29400.0,0.57,,,,,跑赢行业,,64.0
300454.SZ,深信服,20211114,深信服：防火墙重构，竞争力凸显,一般,一般报告,国泰君安,"李沐华,钱劲宇",2023Q4,1500800.0,,,225800.0,5.46,38.95,0.5,22.0,88.06,增持,,337.44
300454.SZ,深信服,20211114,深信服：防火墙重构，竞争力凸显,一般,一般报告,国泰君安,"李沐华,钱劲宇",2022Q4,1074000.0,,,159700.0,3.86,54.63,0.4,18.5,128.69,增持,,337.44
300454.SZ,深信服,20211114,深信服：防火墙重构，竞争力凸显,一般,一般报告,国泰君安,"李沐华,钱劲宇",2021Q4,767200.0,,,116000.0,2.8,75.21,0.2,15.6,187.94,增持,,337.44
002507.SZ,涪陵榨菜,20211114,涪陵榨菜更新报告：提价落地，弹性可期,点评,一般报告,国泰君安,"訾猛,徐洋",2023Q4,357600.0,,,131000.0,1.48,21.84,0.6,21.8,15.94,增持,,43.27
002507.SZ,涪陵榨菜,20211114,涪陵榨菜更新报告：提价落地，弹性可期,点评,一般报告,国泰君安,"訾猛,徐洋",2022Q4,306000.0,,,96900.0,1.09,29.51,0.6,19.9,22.36,增持,,43.27
002507.SZ,涪陵榨菜,20211114,涪陵榨菜更新报告：提价落地，弹性可期,点评,一般报告,国泰君安,"訾猛,徐洋",2021Q4,256200.0,,,69000.0,0.78,41.43,0.5,17.0,35.11,增持,,43.27
001979.SZ,招商蛇口,20211114,招商蛇口：低权益，广拿地——2021年10月经营数据点评,点评,一般报告,国泰君安,"谢皓宇,郝亚雯,单戈",2023Q4,22707000.0,,,2075500.0,2.62,4.26,9.4,15.5,5.13,增持,,23.26
001979.SZ,招商蛇口,20211114,招商蛇口：低权益，广拿地——2021年10月经营数据点评,点评,一般报告,国泰君安,"谢皓宇,郝亚雯,单戈",2022Q4,19497200.0,,,1871000.0,2.36,4.72,8.5,15.4,5.14,增持,,23.26
001979.SZ,招商蛇口,20211114,招商蛇口：低权益，广拿地——2021年10月经营数据点评,点评,一般报告,国泰君安,"谢皓宇,郝亚雯,单戈",2021Q4,16144500.0,,,1571800.0,1.98,5.62,7.1,14.3,5.31,增持,,23.26
920171.BJ,志晟信息,20211114,新三板精选层志晟信息分析：区域性智慧城市解决方案提供商,新股,首份报告,国泰君安,"李沐华,李雪薇",2023Q4,62000.0,,,9400.0,1.88,,,,,无,,
920171.BJ,志晟信息,20211114,新三板精选层志晟信息分析：区域性智慧城市解决方案提供商,新股,首份报告,国泰君安,"李沐华,李雪薇",2022Q4,49100.0,,,7400.0,1.47,,,,,无,,
920171.BJ,志晟信息,20211114,新三板精选层志晟信息分析：区域性智慧城市解决方案提供商,新股,首份报告,国泰君安,"李沐华,李雪薇",2021Q4,38400.0,,,5400.0,1.08,,,,,无,,
002100.SZ,天康生物,20211114,天康生物10月出栏月报点评：育肥成本Q4有望下降，看好未来出栏弹性,点评,一般报告,国泰君安,"钟凯锋,王艳君",2023Q4,2595000.0,,,129000.0,1.2,7.89,1.1,17.2,9.16,增持,,11.97
002100.SZ,天康生物,20211114,天康生物10月出栏月报点评：育肥成本Q4有望下降，看好未来出栏弹性,点评,一般报告,国泰君安,"钟凯锋,王艳君",2022Q4,1664200.0,,,16400.0,0.15,62.22,0.0,2.6,21.44,增持,,11.97
002100.SZ,天康生物,20211114,天康生物10月出栏月报点评：育肥成本Q4有望下降，看好未来出栏弹性,点评,一般报告,国泰君安,"钟凯锋,王艳君",2021Q4,1617600.0,,,-19000.0,-0.18,,0.0,-3.1,45.34,增持,,11.97
601577.SH,长沙银行,20211114,长沙银行：三大转型造就盈利增长空间,一般,首次评级,中金,"严佳卉,张帅帅",2021Q4,2059800.0,,799800.0,629600.0,1.57,5.0,5.0,12.3,,跑赢行业,,9.8
002391.SZ,长青股份,20211114,长青股份：宜昌基地投产，长风破浪会有时,点评,一般报告,中金,"肖亚平,贾雄伟,裘孝锋",2022Q4,467900.0,103100.0,50000.0,43400.0,0.66,11.0,4.1,9.3,6.6,跑赢行业,,9.9
002391.SZ,长青股份,20211114,长青股份：宜昌基地投产，长风破浪会有时,点评,一般报告,中金,"肖亚平,贾雄伟,裘孝锋",2021Q4,392600.0,83800.0,38200.0,33200.0,0.51,14.3,3.1,7.5,8.1,跑赢行业,,9.9
688696.SH,极米科技,20211114,极米科技：产品定位、市场推广策略清晰，双十一表现亮眼,调研,一般报告,中金,"何伟,褚君,周嘉乐",2022Q4,496400.0,,66100.0,57500.0,11.5,50.9,0.6,19.9,36.5,跑赢行业,,688.0
688696.SH,极米科技,20211114,极米科技：产品定位、市场推广策略清晰，双十一表现亮眼,调研,一般报告,中金,"何伟,褚君,周嘉乐",2021Q4,395300.0,,51800.0,45100.0,9.02,64.9,0.5,26.1,50.4,跑赢行业,,688.0
600216.SH,浙江医药,20211114,浙江医药：维生素E价增，创新药蓄势待发,点评,一般报告,中金,"肖亚平,邹朋,裘孝锋",2022Q4,838200.0,,172900.0,144100.0,1.49,11.3,1.8,15.3,6.1,跑赢行业,,24.15
600216.SH,浙江医药,20211114,浙江医药：维生素E价增，创新药蓄势待发,点评,一般报告,中金,"肖亚平,邹朋,裘孝锋",2021Q4,787100.0,,145200.0,126800.0,1.31,12.8,1.6,15.4,7.3,跑赢行业,,24.15
002597.SZ,金禾实业,20211114,金禾实业：甜味剂产品价格大涨，看好三氯蔗糖高景气,点评,一般报告,中金,"贾雄伟,肖亚平,裘孝锋",2022Q4,752100.0,,193100.0,161200.0,2.87,15.9,2.2,25.2,10.6,跑赢行业,,60.0
002597.SZ,金禾实业,20211114,金禾实业：甜味剂产品价格大涨，看好三氯蔗糖高景气,点评,一般报告,中金,"贾雄伟,肖亚平,裘孝锋",2021Q4,581400.0,,128400.0,107200.0,1.91,23.9,1.5,20.0,15.3,跑赢行业,,60.0
002001.SZ,新和成,20211114,新和成：维生素E价增，创新驱动长期成长,点评,一般报告,中金,"肖亚平,贾雄伟,裘孝锋",2022Q4,1452300.0,,586700.0,508800.0,1.97,14.5,3.4,21.3,10.6,跑赢行业,,39.78
002001.SZ,新和成,20211114,新和成：维生素E价增，创新驱动长期成长,点评,一般报告,中金,"肖亚平,贾雄伟,裘孝锋",2021Q4,1320600.0,,530900.0,460600.0,1.79,16.0,3.1,22.1,11.6,跑赢行业,,39.78
600315.SH,上海家化,20211114,上海家化：战略变革稳步推进，关注后续经营向好趋势,点评,一般报告,中金,"樊俊豪,徐卓楠,彭路璐,林千叶",2021Q4,781200.0,,63200.0,50900.0,0.75,55.3,0.7,7.6,33.8,跑赢行业,,57.5
600315.SH,上海家化,20211114,上海家化：战略变革稳步推进，关注后续经营向好趋势,点评,一般报告,中金,"樊俊豪,徐卓楠,彭路璐,林千叶",2022Q4,889200.0,,103200.0,83100.0,1.22,33.8,1.2,11.6,22.0,跑赢行业,,57.5
601577.SH,长沙银行,20211114,长沙银行：三大转型造就盈利增长空间,一般,首次评级,中金,"严佳卉,张帅帅",2022Q4,2319600.0,,904500.0,712100.0,1.77,4.4,5.6,11.9,,跑赢行业,,9.8
000651.SZ,格力电器,20211114,家电行业周报21w46：双十一收官，多品牌同比高增,非个股,一般报告,招商证券,"陈东飞,彭子豪",2022Q4,,,,2756142.573,4.66,,,,,强烈推荐,,
000651.SZ,格力电器,20211114,家电行业周报21w46：双十一收官，多品牌同比高增,非个股,一般报告,招商证券,"陈东飞,彭子豪",2021Q4,,,,2472248.059,4.18,,,,,强烈推荐,,
002714.SZ,牧原股份,20211114,农林牧渔周报（45期）：育种政策加速推进利好种业，猪价反弹利好养殖,非个股,一般报告,太平洋证券,程晓东,2023Q4,,,,2689065.242,5.11,,,,,增持,,
002714.SZ,牧原股份,20211114,农林牧渔周报（45期）：育种政策加速推进利好种业，猪价反弹利好养殖,非个股,一般报告,太平洋证券,程晓东,2022Q4,,,,1178768.325,2.24,,,,,增持,,
002714.SZ,牧原股份,20211114,农林牧渔周报（45期）：育种政策加速推进利好种业，猪价反弹利好养殖,非个股,一般报告,太平洋证券,程晓东,2021Q4,,,,1189293.042,2.26,,,,,增持,,
002304.SZ,洋河股份,20211114,食品饮料：三全激励出炉护航收入增长，绝味Q4有望加速扩张－周思考（第45周）,非个股,一般报告,中泰证券,"范劲松,熊欣慰,房昭强,罗頔影",2022Q4,,,,935839.548,6.21,,,,,无,,
002304.SZ,洋河股份,20211114,食品饮料：三全激励出炉护航收入增长，绝味Q4有望加速扩张－周思考（第45周）,非个股,一般报告,中泰证券,"范劲松,熊欣慰,房昭强,罗頔影",2021Q4,,,,818294.484,5.43,,,,,无,,
600491.SH,龙元建设,20211114,央行推碳减排支持工具，地产政策边际宽松——建筑行业第236期周报,非个股,一般报告,国泰君安,"韩其成,满静雅",2023Q4,,,,108612.815,0.71,,,,,增持,,
600491.SH,龙元建设,20211114,央行推碳减排支持工具，地产政策边际宽松——建筑行业第236期周报,非个股,一般报告,国泰君安,"韩其成,满静雅",2022Q4,,,,99434.267,0.65,,,,,增持,,
600491.SH,龙元建设,20211114,央行推碳减排支持工具，地产政策边际宽松——建筑行业第236期周报,非个股,一般报告,国泰君安,"韩其成,满静雅",2021Q4,,,,90255.719,0.59,,,,,增持,,
600309.SH,万华化学,20211114,中泰周期·大宗指南：周期品周度运行变化——第45期,非个股,一般报告,中泰证券,无,2022Q4,,,,2825771.963,9.0,,,,,买入,,
600309.SH,万华化学,20211114,中泰周期·大宗指南：周期品周度运行变化——第45期,非个股,一般报告,中泰证券,无,2021Q4,,,,2590290.966,8.25,,,,,买入,,
920932.BJ,科达自控,20211114,新三板精选层科达自控分析：深耕矿山、市政工业互联网，迎来最好时代,新股,首份报告,国泰君安,"黄琨,周斌",2023Q4,47557.0,,,6616.0,,,,,,无,,
920932.BJ,科达自控,20211114,新三板精选层科达自控分析：深耕矿山、市政工业互联网，迎来最好时代,新股,首份报告,国泰君安,"黄琨,周斌",2022Q4,36582.0,,,5099.0,,,,,,无,,
920932.BJ,科达自控,20211114,新三板精选层科达自控分析：深耕矿山、市政工业互联网，迎来最好时代,新股,首份报告,国泰君安,"黄琨,周斌",2021Q4,28140.0,,,3915.0,,,,,,无,,
300986.SZ,志特新材,20211114,志特新材：铝模系统领军者，精益管理筑壁垒,一般,首次评级,国盛证券,"何亚轩,廖文强,程龙戈",2023Q4,259100.0,,44800.0,36200.0,3.09,22.1,,19.0,11.3,增持,,
300986.SZ,志特新材,20211114,志特新材：铝模系统领军者，精益管理筑壁垒,一般,首次评级,国盛证券,"何亚轩,廖文强,程龙戈",2022Q4,195600.0,,34500.0,28000.0,2.39,28.6,,18.1,13.9,增持,,
300986.SZ,志特新材,20211114,志特新材：铝模系统领军者，精益管理筑壁垒,一般,首次评级,国盛证券,"何亚轩,廖文强,程龙戈",2021Q4,146600.0,,21000.0,17200.0,1.47,46.7,,13.4,19.3,增持,,
300122.SZ,智飞生物,20211114,医药周报—预期修复，坚守高成长、好赛道板块,非个股,一般报告,太平洋证券,"盛丽华,陈灿",2023Q4,,,,960000.0,6.0,,,,,买入,,
300122.SZ,智飞生物,20211114,医药周报—预期修复，坚守高成长、好赛道板块,非个股,一般报告,太平洋证券,"盛丽华,陈灿",2022Q4,,,,896000.0,5.6,,,,,买入,,
300122.SZ,智飞生物,20211114,医药周报—预期修复，坚守高成长、好赛道板块,非个股,一般报告,太平洋证券,"盛丽华,陈灿",2021Q4,,,,688000.0,4.3,,,,,买入,,
603658.SH,安图生物,20211114,医药周报—预期修复，坚守高成长、好赛道板块,非个股,一般报告,太平洋证券,"盛丽华,陈灿",2023Q4,,,,175881.677,3.0,,,,,买入,,
603658.SH,安图生物,20211114,医药周报—预期修复，坚守高成长、好赛道板块,非个股,一般报告,太平洋证券,"盛丽华,陈灿",2022Q4,,,,134842.619,2.3,,,,,买入,,
603658.SH,安图生物,20211114,医药周报—预期修复，坚守高成长、好赛道板块,非个股,一般报告,太平洋证券,"盛丽华,陈灿",2021Q4,,,,105529.006,1.8,,,,,买入,,
002594.SZ,比亚迪,20211114,电动智能加速，自主品牌向上－－－－汽车行业2022年年度投资策略,非个股,一般报告,兴业证券,"戴畅,董晓彬,刘洁",2023Q4,,,,829000.0,2.848,,,,,审慎增持,,
002594.SZ,比亚迪,20211114,电动智能加速，自主品牌向上－－－－汽车行业2022年年度投资策略,非个股,一般报告,兴业证券,"戴畅,董晓彬,刘洁",2022Q4,,,,716000.0,2.46,,,,,审慎增持,,
002594.SZ,比亚迪,20211114,电动智能加速，自主品牌向上－－－－汽车行业2022年年度投资策略,非个股,一般报告,兴业证券,"戴畅,董晓彬,刘洁",2021Q4,,,,561000.0,1.927,,,,,审慎增持,,
603986.SH,兆易创新,20211114,电子行业每周市场动态追踪（2021年11月08日－2021年11月12日）：消费电子底部反弹，重点关注板块四季度业绩环比改善以及估值修复,非个股,一般报告,中信证券,"徐涛,张若海",2023Q4,,,,418987.289,6.28,,,,,增持,,
603986.SH,兆易创新,20211114,电子行业每周市场动态追踪（2021年11月08日－2021年11月12日）：消费电子底部反弹，重点关注板块四季度业绩环比改善以及估值修复,非个股,一般报告,中信证券,"徐涛,张若海",2022Q4,,,,303565.631,4.55,,,,,增持,,
603986.SH,兆易创新,20211114,电子行业每周市场动态追踪（2021年11月08日－2021年11月12日）：消费电子底部反弹，重点关注板块四季度业绩环比改善以及估值修复,非个股,一般报告,中信证券,"徐涛,张若海",2021Q4,,,,232844.847,3.49,,,,,增持,,
603882.SH,金域医学,20211114,医药周报—预期修复，坚守高成长、好赛道板块,非个股,一般报告,太平洋证券,"盛丽华,陈灿",2023Q4,,,,204141.861,4.4,,,,,买入,,
603882.SH,金域医学,20211114,医药周报—预期修复，坚守高成长、好赛道板块,非个股,一般报告,太平洋证券,"盛丽华,陈灿",2022Q4,,,,185583.51,4.0,,,,,买入,,
603882.SH,金域医学,20211114,医药周报—预期修复，坚守高成长、好赛道板块,非个股,一般报告,太平洋证券,"盛丽华,陈灿",2021Q4,,,,199502.273,4.3,,,,,买入,,
605009.SH,豪悦护理,20211114,轻工制造行业周报（20211108－20211114）：电子烟行业淡化短期，长期布局,非个股,一般报告,华创证券,刘佳昆,2022Q4,,,,57600.0,3.624,,,,,强推,,
000615.SZ,奥园美谷,20211114,房地产行业周报（20211108－1114）：第三次土拍规则放松，按揭有望加速改善,非个股,一般报告,西南证券,"沈猛,池天惠,刘洋",2022Q4,,,,30466.032,0.39,,,,,买入,,
000615.SZ,奥园美谷,20211114,房地产行业周报（20211108－1114）：第三次土拍规则放松，按揭有望加速改善,非个股,一般报告,西南证券,"沈猛,池天惠,刘洋",2021Q4,,,,21873.049,0.28,,,,,买入,,
600223.SH,鲁商发展,20211114,强者愈强，掘金消费拐点──双十一数据解读,非个股,一般报告,浙商证券,无,2023Q4,,,,121000.0,1.199,,,,,增持,,
605009.SH,豪悦护理,20211114,轻工制造行业周报（20211108－20211114）：电子烟行业淡化短期，长期布局,非个股,一般报告,华创证券,刘佳昆,2021Q4,,,,48800.0,3.07,,,,,强推,,
600223.SH,鲁商发展,20211114,强者愈强，掘金消费拐点──双十一数据解读,非个股,一般报告,浙商证券,无,2022Q4,,,,86000.0,0.852,,,,,增持,,
600223.SH,鲁商发展,20211114,强者愈强，掘金消费拐点──双十一数据解读,非个股,一般报告,浙商证券,无,2021Q4,,,,75000.0,0.743,,,,,增持,,
002391.SZ,长青股份,20211114,化工景气继续回落，轮胎库存继续下降，聚合MDI价格回升——化工行业周报,非个股,一般报告,国海证券,"李永磊,董伯骏,汤永俊",2022Q4,,,,43811.605,0.67,,,,,买入,,
002391.SZ,长青股份,20211114,化工景气继续回落，轮胎库存继续下降，聚合MDI价格回升——化工行业周报,非个股,一般报告,国海证券,"李永磊,董伯骏,汤永俊",2021Q4,,,,30733.514,0.47,,,,,买入,,
600529.SH,山东药玻,20211114,医药周报—预期修复，坚守高成长、好赛道板块,非个股,一般报告,太平洋证券,"盛丽华,陈灿",2023Q4,,,,107094.194,1.8,,,,,买入,,
600529.SH,山东药玻,20211114,医药周报—预期修复，坚守高成长、好赛道板块,非个股,一般报告,太平洋证券,"盛丽华,陈灿",2022Q4,,,,83295.485,1.4,,,,,买入,,
600529.SH,山东药玻,20211114,医药周报—预期修复，坚守高成长、好赛道板块,非个股,一般报告,太平洋证券,"盛丽华,陈灿",2021Q4,,,,65446.452,1.1,,,,,买入,,
300760.SZ,迈瑞医疗,20211114,医药周报—预期修复，坚守高成长、好赛道板块,非个股,一般报告,太平洋证券,"盛丽华,陈灿",2023Q4,,,,1215691.266,10.0,,,,,买入,,
300760.SZ,迈瑞医疗,20211114,医药周报—预期修复，坚守高成长、好赛道板块,非个股,一般报告,太平洋证券,"盛丽华,陈灿",2021Q4,,,,826670.061,6.8,,,,,买入,,
000661.SZ,长春高新,20211114,医药周报—预期修复，坚守高成长、好赛道板块,非个股,一般报告,太平洋证券,"盛丽华,陈灿",2023Q4,,,,675882.884,16.7,,,,,买入,,
000661.SZ,长春高新,20211114,医药周报—预期修复，坚守高成长、好赛道板块,非个股,一般报告,太平洋证券,"盛丽华,陈灿",2022Q4,,,,538277.986,13.3,,,,,买入,,
300760.SZ,迈瑞医疗,20211114,医药周报—预期修复，坚守高成长、好赛道板块,非个股,一般报告,太平洋证券,"盛丽华,陈灿",2022Q4,,,,1009023.751,8.3,,,,,买入,,
000661.SZ,长春高新,20211114,医药周报—预期修复，坚守高成长、好赛道板块,非个股,一般报告,太平洋证券,"盛丽华,陈灿",2021Q4,,,,412814.696,10.2,,,,,买入,,
601155.SH,新城控股,20211114,房地产行业周报（20211108－1114）：第三次土拍规则放松，按揭有望加速改善,非个股,一般报告,西南证券,"沈猛,池天惠,刘洋",2022Q4,,,,2068447.157,9.15,,,,,买入,,
601155.SH,新城控股,20211114,房地产行业周报（20211108－1114）：第三次土拍规则放松，按揭有望加速改善,非个股,一般报告,西南证券,"沈猛,池天惠,刘洋",2021Q4,,,,1815260.183,8.03,,,,,买入,,
002881.SZ,美格智能,20211114,通信：天翼博览会召开，云网融合全面推进,非个股,一般报告,华泰证券,"闫慧辰,赵悦媛,余熠,王兴,高名垚",2023Q4,,,,24800.0,1.344,,,,,增持,,
002881.SZ,美格智能,20211114,通信：天翼博览会召开，云网融合全面推进,非个股,一般报告,华泰证券,"闫慧辰,赵悦媛,余熠,王兴,高名垚",2022Q4,,,,17800.0,0.964,,,,,增持,,
002881.SZ,美格智能,20211114,通信：天翼博览会召开，云网融合全面推进,非个股,一般报告,华泰证券,"闫慧辰,赵悦媛,余熠,王兴,高名垚",2021Q4,,,,11900.0,0.645,,,,,增持,,
000002.SZ,万科Ａ,20211114,房地产行业周报（20211108－1114）：第三次土拍规则放松，按揭有望加速改善,非个股,一般报告,西南证券,"沈猛,池天惠,刘洋",2022Q4,,,,4196763.398,3.61,,,,,买入,,
000002.SZ,万科Ａ,20211114,房地产行业周报（20211108－1114）：第三次土拍规则放松，按揭有望加速改善,非个股,一般报告,西南证券,"沈猛,池天惠,刘洋",2021Q4,,,,3999131.881,3.44,,,,,买入,,
600885.SH,宏发股份,20211114,电气设备：新型电力系统有望落地的产品有哪些？,非个股,一般报告,长江证券,"马军,邬博华,司鸿历",2022Q4,,,,154000.0,2.068,,,,,无,,
600885.SH,宏发股份,20211114,电气设备：新型电力系统有望落地的产品有哪些？,非个股,一般报告,长江证券,"马军,邬博华,司鸿历",2021Q4,,,,112000.0,1.504,,,,,无,,
002832.SZ,比音勒芬,20211114,双十一大促落幕，龙头战报彰显国货崛起大势——纺织服装行业周报,非个股,一般报告,申万宏源证券,王立平,2022Q4,,,,78104.967,1.42,,,,,买入,,
002832.SZ,比音勒芬,20211114,双十一大促落幕，龙头战报彰显国货崛起大势——纺织服装行业周报,非个股,一般报告,申万宏源证券,王立平,2021Q4,,,,59953.813,1.09,,,,,买入,,
300482.SZ,万孚生物,20211114,医药周报—预期修复，坚守高成长、好赛道板块,非个股,一般报告,太平洋证券,"盛丽华,陈灿",2023Q4,,,,129036.14,2.9,,,,,买入,,
300482.SZ,万孚生物,20211114,医药周报—预期修复，坚守高成长、好赛道板块,非个股,一般报告,太平洋证券,"盛丽华,陈灿",2022Q4,,,,97889.486,2.2,,,,,买入,,
300482.SZ,万孚生物,20211114,医药周报—预期修复，坚守高成长、好赛道板块,非个股,一般报告,太平洋证券,"盛丽华,陈灿",2021Q4,,,,80091.397,1.8,,,,,买入,,
603730.SH,岱美股份,20211114,岱美股份：细分赛道全球龙头，品类扩张打开天花板,一般,首次关注,中金,"邓学,任丹霖,荆文娟",2023Q4,596700.0,184800.0,103300.0,87200.0,1.18,,,,,跑赢行业,,25.0
603730.SH,岱美股份,20211114,岱美股份：细分赛道全球龙头，品类扩张打开天花板,一般,首次关注,中金,"邓学,任丹霖,荆文娟",2021Q4,487800.0,143800.0,74800.0,63100.0,0.85,24.3,1.4,15.2,15.1,跑赢行业,,25.0
688518.SH,联赢激光,20211114,联赢激光深度报告：动力锂电领域激光焊接设备龙头，持续受益下游扩产,深度,首次关注,浙商证券,"邱世梁,王华君,张杨",2023Q4,393200.0,148100.0,56400.0,49900.0,1.67,30.0,,26.0,,买入,,59.0
688518.SH,联赢激光,20211114,联赢激光深度报告：动力锂电领域激光焊接设备龙头，持续受益下游扩产,深度,首次关注,浙商证券,"邱世梁,王华君,张杨",2022Q4,278200.0,102000.0,33800.0,29900.0,1.0,50.0,,18.0,,买入,,59.0
688518.SH,联赢激光,20211114,联赢激光深度报告：动力锂电领域激光焊接设备龙头，持续受益下游扩产,深度,首次关注,浙商证券,"邱世梁,王华君,张杨",2021Q4,135200.0,48800.0,11900.0,10500.0,0.35,142.0,,7.0,,买入,,59.0
002832.SZ,比音勒芬,20211114,双十一大促落幕，龙头战报彰显国货崛起大势——纺织服装行业周报,非个股,一般报告,申万宏源证券,王立平,2023Q4,,,,95156.052,1.73,,,,,买入,,
603730.SH,岱美股份,20211114,岱美股份：细分赛道全球龙头，品类扩张打开天花板,一般,首次关注,中金,"邓学,任丹霖,荆文娟",2022Q4,553800.0,167700.0,91600.0,77300.0,1.04,19.8,1.7,16.8,12.3,跑赢行业,,25.0
002727.SZ,一心堂,20211114,医药周报—预期修复，坚守高成长、好赛道板块,非个股,一般报告,太平洋证券,"盛丽华,陈灿",2023Q4,,,,155006.937,2.6,,,,,买入,,
002727.SZ,一心堂,20211114,医药周报—预期修复，坚守高成长、好赛道板块,非个股,一般报告,太平洋证券,"盛丽华,陈灿",2022Q4,,,,125197.91,2.1,,,,,买入,,
002727.SZ,一心堂,20211114,医药周报—预期修复，坚守高成长、好赛道板块,非个股,一般报告,太平洋证券,"盛丽华,陈灿",2021Q4,,,,101350.689,1.7,,,,,买入,,
600161.SH,天坛生物,20211114,医药周报—预期修复，坚守高成长、好赛道板块,非个股,一般报告,太平洋证券,"盛丽华,陈灿",2023Q4,,,,109853.969,0.8,,,,,买入,,
600161.SH,天坛生物,20211114,医药周报—预期修复，坚守高成长、好赛道板块,非个股,一般报告,太平洋证券,"盛丽华,陈灿",2022Q4,,,,96122.223,0.7,,,,,买入,,
600161.SH,天坛生物,20211114,医药周报—预期修复，坚守高成长、好赛道板块,非个股,一般报告,太平洋证券,"盛丽华,陈灿",2021Q4,,,,82390.477,0.6,,,,,买入,,
002110.SZ,三钢闽光,20211114,地产需求持续低迷，供需两弱下预计钢价承压震荡——钢铁行业周报（2021／11／08——2021／11／12）,非个股,一般报告,申万宏源证券,"孟祥文,施佳瑜",2023Q4,,,,475605.79,1.94,,,,,无,,
002110.SZ,三钢闽光,20211114,地产需求持续低迷，供需两弱下预计钢价承压震荡——钢铁行业周报（2021／11／08——2021／11／12）,非个股,一般报告,申万宏源证券,"孟祥文,施佳瑜",2022Q4,,,,463347.909,1.89,,,,,无,,
002110.SZ,三钢闽光,20211114,地产需求持续低迷，供需两弱下预计钢价承压震荡——钢铁行业周报（2021／11／08——2021／11／12）,非个股,一般报告,申万宏源证券,"孟祥文,施佳瑜",2021Q4,,,,438832.147,1.79,,,,,无,,
300957.SZ,贝泰妮,20211114,强者愈强，掘金消费拐点──双十一数据解读,非个股,一般报告,浙商证券,无,2023Q4,,,,151000.0,3.565,,,,,买入,,
300957.SZ,贝泰妮,20211114,强者愈强，掘金消费拐点──双十一数据解读,非个股,一般报告,浙商证券,无,2022Q4,,,,114000.0,2.691,,,,,买入,,
603816.SH,顾家家居,20211114,强者愈强，掘金消费拐点──双十一数据解读,非个股,一般报告,浙商证券,无,2022Q4,2260000.0,,,218700.0,3.459,,,,,无,,
603816.SH,顾家家居,20211114,强者愈强，掘金消费拐点──双十一数据解读,非个股,一般报告,浙商证券,无,2021Q4,1800000.0,,,170300.0,2.694,,,,,无,,
600690.SH,海尔智家,20211114,强者愈强，掘金消费拐点──双十一数据解读,非个股,一般报告,浙商证券,无,2023Q4,,,,1729143.765,1.84,,,,,买入,,
300957.SZ,贝泰妮,20211114,强者愈强，掘金消费拐点──双十一数据解读,非个股,一般报告,浙商证券,无,2021Q4,,,,81000.0,1.912,,,,,买入,,
600690.SH,海尔智家,20211114,强者愈强，掘金消费拐点──双十一数据解读,非个股,一般报告,浙商证券,无,2022Q4,,,,1494205.754,1.59,,,,,买入,,
600690.SH,海尔智家,20211114,强者愈强，掘金消费拐点──双十一数据解读,非个股,一般报告,浙商证券,无,2021Q4,,,,1287460.303,1.37,,,,,买入,,
300832.SZ,新产业,20211114,医药周报—预期修复，坚守高成长、好赛道板块,非个股,一般报告,太平洋证券,"盛丽华,陈灿",2023Q4,,,,188798.228,2.4,,,,,买入,,
300832.SZ,新产业,20211114,医药周报—预期修复，坚守高成长、好赛道板块,非个股,一般报告,太平洋证券,"盛丽华,陈灿",2022Q4,,,,141598.671,1.8,,,,,买入,,
300832.SZ,新产业,20211114,医药周报—预期修复，坚守高成长、好赛道板块,非个股,一般报告,太平洋证券,"盛丽华,陈灿",2021Q4,,,,102265.707,1.3,,,,,买入,,
603214.SH,爱婴室,20211114,双十一大促落幕，龙头战报彰显国货崛起大势——纺织服装行业周报,非个股,一般报告,申万宏源证券,王立平,2022Q4,,,,13447.21,0.95,,,,,增持,,
603214.SH,爱婴室,20211114,双十一大促落幕，龙头战报彰显国货崛起大势——纺织服装行业周报,非个股,一般报告,申万宏源证券,王立平,2021Q4,,,,9483.822,0.67,,,,,增持,,
002345.SZ,潮宏基,20211114,强者愈强，掘金消费拐点──双十一数据解读,非个股,一般报告,浙商证券,无,2023Q4,650400.0,,,52400.0,0.579,,,,,买入,,
603214.SH,爱婴室,20211114,双十一大促落幕，龙头战报彰显国货崛起大势——纺织服装行业周报,非个股,一般报告,申万宏源证券,王立平,2023Q4,,,,15853.553,1.12,,,,,增持,,
002345.SZ,潮宏基,20211114,强者愈强，掘金消费拐点──双十一数据解读,非个股,一般报告,浙商证券,无,2022Q4,539500.0,,,42900.0,0.474,,,,,买入,,
002345.SZ,潮宏基,20211114,强者愈强，掘金消费拐点──双十一数据解读,非个股,一般报告,浙商证券,无,2021Q4,449600.0,,,35600.0,0.393,,,,,买入,,
688105.SH,诺唯赞,20211114,医药周报—预期修复，坚守高成长、好赛道板块,非个股,一般报告,太平洋证券,"盛丽华,陈灿",2023Q4,200200.0,,,88500.0,2.458,,,,,无,,
688105.SH,诺唯赞,20211114,医药周报—预期修复，坚守高成长、好赛道板块,非个股,一般报告,太平洋证券,"盛丽华,陈灿",2022Q4,170100.0,,,73500.0,2.042,,,,,无,,
688105.SH,诺唯赞,20211114,医药周报—预期修复，坚守高成长、好赛道板块,非个股,一般报告,太平洋证券,"盛丽华,陈灿",2021Q4,161100.0,,,68700.0,1.908,,,,,无,,
002850.SZ,科达利,20211114,电气设备：新型电力系统有望落地的产品有哪些？,非个股,一般报告,长江证券,"马军,邬博华,司鸿历",2022Q4,,,,131000.0,5.624,,,,,无,,
603233.SH,大参林,20211114,医药周报—预期修复，坚守高成长、好赛道板块,非个股,一般报告,太平洋证券,"盛丽华,陈灿",2023Q4,,,,181779.713,2.3,,,,,买入,,
603233.SH,大参林,20211114,医药周报—预期修复，坚守高成长、好赛道板块,非个股,一般报告,太平洋证券,"盛丽华,陈灿",2022Q4,,,,150165.85,1.9,,,,,买入,,
603233.SH,大参林,20211114,医药周报—预期修复，坚守高成长、好赛道板块,非个股,一般报告,太平洋证券,"盛丽华,陈灿",2021Q4,,,,118551.987,1.5,,,,,买入,,
002850.SZ,科达利,20211114,电气设备：新型电力系统有望落地的产品有哪些？,非个股,一般报告,长江证券,"马军,邬博华,司鸿历",2021Q4,,,,53000.0,2.275,,,,,无,,
603260.SH,合盛硅业,20211114,10月磷酸铁锂电池产量占比达63.3％，万盛股份拟投建电解液项目——化工行业新材料周报,非个股,一般报告,国海证券,"李永磊,董伯骏",2022Q4,,,,1102093.882,10.26,,,,,买入,,
603260.SH,合盛硅业,20211114,10月磷酸铁锂电池产量占比达63.3％，万盛股份拟投建电解液项目——化工行业新材料周报,非个股,一般报告,国海证券,"李永磊,董伯骏",2021Q4,,,,936672.383,8.72,,,,,买入,,
600460.SH,士兰微,20211114,电子行业：能源革命带动第三代半导体快速发展,非个股,一般报告,银河证券,"傅楚雄,王恺",2023Q4,,,,157183.975,1.11,,,,,推荐,,
600460.SH,士兰微,20211114,电子行业：能源革命带动第三代半导体快速发展,非个股,一般报告,银河证券,"傅楚雄,王恺",2022Q4,,,,121782.179,0.86,,,,,推荐,,
600460.SH,士兰微,20211114,电子行业：能源革命带动第三代半导体快速发展,非个股,一般报告,银河证券,"傅楚雄,王恺",2021Q4,,,,94876.814,0.67,,,,,推荐,,
601668.SH,中国建筑,20211114,建筑装饰：继续推荐能源基建龙头，关注地产链预期修复,非个股,一般报告,国盛证券,"何亚轩,夏天,杨涛,程龙戈,廖文强",2023Q4,,,,5914691.666,1.41,,,,,买入,,
601668.SH,中国建筑,20211114,建筑装饰：继续推荐能源基建龙头，关注地产链预期修复,非个股,一般报告,国盛证券,"何亚轩,夏天,杨涛,程龙戈,廖文强",2022Q4,,,,5453261.82,1.3,,,,,买入,,
601668.SH,中国建筑,20211114,建筑装饰：继续推荐能源基建龙头，关注地产链预期修复,非个股,一般报告,国盛证券,"何亚轩,夏天,杨涛,程龙戈,廖文强",2021Q4,,,,4949883.806,1.18,,,,,买入,,
300144.SZ,宋城演艺,20211114,房地产行业周报（20211108－1114）：第三次土拍规则放松，按揭有望加速改善,非个股,一般报告,西南证券,"沈猛,池天惠,刘洋",2022Q4,,,,125505.314,0.48,,,,,买入,,
300144.SZ,宋城演艺,20211114,房地产行业周报（20211108－1114）：第三次土拍规则放松，按揭有望加速改善,非个股,一般报告,西南证券,"沈猛,池天惠,刘洋",2021Q4,,,,62752.657,0.24,,,,,买入,,
603605.SH,珀莱雅,20211114,强者愈强，掘金消费拐点──双十一数据解读,非个股,一般报告,浙商证券,无,2022Q4,,,,76000.0,3.779,,,,,增持,,
603605.SH,珀莱雅,20211114,强者愈强，掘金消费拐点──双十一数据解读,非个股,一般报告,浙商证券,无,2021Q4,,,,60000.0,2.983,,,,,增持,,
603899.SH,晨光文具,20211114,轻工制造行业周报（20211108－20211114）：电子烟行业淡化短期，长期布局,非个股,一般报告,华创证券,刘佳昆,2022Q4,,,,188800.0,2.035,,,,,强推,,
603899.SH,晨光文具,20211114,轻工制造行业周报（20211108－20211114）：电子烟行业淡化短期，长期布局,非个股,一般报告,华创证券,刘佳昆,2021Q4,,,,154500.0,1.665,,,,,强推,,
000063.SZ,中兴通讯,20211114,通信：天翼博览会召开，云网融合全面推进,非个股,一般报告,华泰证券,"闫慧辰,赵悦媛,余熠,王兴,高名垚",2023Q4,,,,987000.0,2.087,,,,,买入,,48.32
603605.SH,珀莱雅,20211114,强者愈强，掘金消费拐点──双十一数据解读,非个股,一般报告,浙商证券,无,2023Q4,,,,91000.0,4.525,,,,,增持,,
000063.SZ,中兴通讯,20211114,通信：天翼博览会召开，云网融合全面推进,非个股,一般报告,华泰证券,"闫慧辰,赵悦媛,余熠,王兴,高名垚",2022Q4,,,,892000.0,1.886,,,,,买入,,48.32
000063.SZ,中兴通讯,20211114,通信：天翼博览会召开，云网融合全面推进,非个股,一般报告,华泰证券,"闫慧辰,赵悦媛,余熠,王兴,高名垚",2021Q4,,,,754000.0,1.594,,,,,买入,,48.32
300073.SZ,当升科技,20211114,电气设备：新型电力系统有望落地的产品有哪些？,非个股,一般报告,长江证券,"马军,邬博华,司鸿历",2022Q4,,,,137000.0,3.02,,,,,无,,
300073.SZ,当升科技,20211114,电气设备：新型电力系统有望落地的产品有哪些？,非个股,一般报告,长江证券,"马军,邬博华,司鸿历",2021Q4,,,,97000.0,2.138,,,,,无,,
688363.SH,华熙生物,20211114,强者愈强，掘金消费拐点──双十一数据解读,非个股,一般报告,浙商证券,无,2023Q4,,,,168000.0,3.5,,,,,买入,,
688363.SH,华熙生物,20211114,强者愈强，掘金消费拐点──双十一数据解读,非个股,一般报告,浙商证券,无,2022Q4,,,,119000.0,2.479,,,,,买入,,
688363.SH,华熙生物,20211114,强者愈强，掘金消费拐点──双十一数据解读,非个股,一般报告,浙商证券,无,2021Q4,,,,80000.0,1.667,,,,,买入,,
002920.SZ,德赛西威,20211114,电动智能加速，自主品牌向上－－－－汽车行业2022年年度投资策略,非个股,一般报告,兴业证券,"戴畅,董晓彬,刘洁",2023Q4,,,,140000.0,2.545,,,,,审慎增持,,
002920.SZ,德赛西威,20211114,电动智能加速，自主品牌向上－－－－汽车行业2022年年度投资策略,非个股,一般报告,兴业证券,"戴畅,董晓彬,刘洁",2022Q4,,,,106150.0,1.93,,,,,审慎增持,,
002920.SZ,德赛西威,20211114,电动智能加速，自主品牌向上－－－－汽车行业2022年年度投资策略,非个股,一般报告,兴业证券,"戴畅,董晓彬,刘洁",2021Q4,,,,72600.0,1.32,,,,,审慎增持,,
300776.SZ,帝尔激光,20211113,帝尔激光：光伏激光设备龙头，技术迭代加速版图拓展,深度,首次关注,华西证券,"俞能飞,张晨飞",2021Q4,133442.0,60088.0,48500.0,41400.0,3.91,42.33,,18.7,,买入,,
300776.SZ,帝尔激光,20211113,帝尔激光：光伏激光设备龙头，技术迭代加速版图拓展,深度,首次关注,华西证券,"俞能飞,张晨飞",2023Q4,218006.0,101783.0,80700.0,69100.0,6.53,25.34,,20.1,,买入,,
300776.SZ,帝尔激光,20211113,帝尔激光：光伏激光设备龙头，技术迭代加速版图拓展,深度,首次关注,华西证券,"俞能飞,张晨飞",2022Q4,167391.0,77314.0,62800.0,53600.0,5.06,32.68,,19.5,,买入,,
300413.SZ,芒果超媒,20211113,芒果超媒：布局数字藏品与虚拟数字人，公司IP内容有望迎来价值重估,点评,一般报告,安信证券,焦娟,2023Q4,2538480.0,,369510.0,360330.0,1.93,22.0,0.5,19.2,17.8,买入,,64.0
300413.SZ,芒果超媒,20211113,芒果超媒：布局数字藏品与虚拟数字人，公司IP内容有望迎来价值重估,点评,一般报告,安信证券,焦娟,2022Q4,2151250.0,,306700.0,300060.0,1.6,26.4,0.5,19.3,15.5,买入,,64.0
300413.SZ,芒果超媒,20211113,芒果超媒：布局数字藏品与虚拟数字人，公司IP内容有望迎来价值重估,点评,一般报告,安信证券,焦娟,2021Q4,1792710.0,,251570.0,242610.0,1.3,32.6,0.3,18.8,9.3,买入,,64.0
300347.SZ,泰格医药,20211113,泰格医药深度报告：国际化拓展，新阶段跃迁,深度,一般报告,浙商证券,"孙建,郭双喜",2023Q4,819500.0,,448100.0,348300.0,3.992,40.81,,13.14,31.9,买入,,
300347.SZ,泰格医药,20211113,泰格医药深度报告：国际化拓展，新阶段跃迁,深度,一般报告,浙商证券,"孙建,郭双喜",2022Q4,613500.0,,375300.0,291700.0,3.343,48.73,,12.83,38.22,买入,,
300347.SZ,泰格医药,20211113,泰格医药深度报告：国际化拓展，新阶段跃迁,深度,一般报告,浙商证券,"孙建,郭双喜",2021Q4,446200.0,,317700.0,246900.0,2.83,57.57,,12.7,45.79,买入,,
300413.SZ,芒果超媒,20211113,从英伟达看元宇宙＋互联互通——互联网传媒周报20211108－20211113,非个股,一般报告,申万宏源证券,"林起贤,袁伟嘉,任梦妮,夏嘉励,赵航",2022Q4,2020000.0,,,310000.0,1.657,,,,,无,,
300413.SZ,芒果超媒,20211113,从英伟达看元宇宙＋互联互通——互联网传媒周报20211108－20211113,非个股,一般报告,申万宏源证券,"林起贤,袁伟嘉,任梦妮,夏嘉励,赵航",2021Q4,1650000.0,,,240000.0,1.283,,,,,无,,
002385.SZ,大北农,20211113,品种审定办法落地，板块扩容＋集中度提升：农林牧渔行业,非个股,一般报告,国联证券,"陈梦瑶,孙凌波",2023Q4,,,,178075.12,0.43,,,,,增持,,
002385.SZ,大北农,20211113,品种审定办法落地，板块扩容＋集中度提升：农林牧渔行业,非个股,一般报告,国联证券,"陈梦瑶,孙凌波",2022Q4,,,,66260.51,0.16,,,,,增持,,
002385.SZ,大北农,20211113,品种审定办法落地，板块扩容＋集中度提升：农林牧渔行业,非个股,一般报告,国联证券,"陈梦瑶,孙凌波",2021Q4,,,,12423.846,0.03,,,,,增持,,
002958.SZ,青农商行,20211113,银行业：社融触底带动银行股反弹,非个股,一般报告,华安证券,"刘超,戚星",2022Q4,,,,377780.667,0.68,,,,,无,,
002958.SZ,青农商行,20211113,银行业：社融触底带动银行股反弹,非个股,一般报告,华安证券,"刘超,戚星",2021Q4,,,,338891.481,0.61,,,,,无,,
601128.SH,常熟银行,20211113,拥抱大财富，迈向新征程——银行业2022年策略报告,非个股,一般报告,兴业证券,"陈绍兴,王尘,曹欣童",2023Q4,,,,293271.584,1.07,,,,,审慎增持,,
601128.SH,常熟银行,20211113,拥抱大财富，迈向新征程——银行业2022年策略报告,非个股,一般报告,兴业证券,"陈绍兴,王尘,曹欣童",2022Q4,,,,249417.889,0.91,,,,,审慎增持,,
601128.SH,常熟银行,20211113,拥抱大财富，迈向新征程——银行业2022年策略报告,非个股,一般报告,兴业证券,"陈绍兴,王尘,曹欣童",2021Q4,,,,216527.618,0.79,,,,,审慎增持,,
300251.SZ,光线传媒,20211113,从英伟达看元宇宙＋互联互通——互联网传媒周报20211108－20211113,非个股,一般报告,申万宏源证券,"林起贤,袁伟嘉,任梦妮,夏嘉励,赵航",2022Q4,260000.0,,,100000.0,0.341,,,,,无,,
300251.SZ,光线传媒,20211113,从英伟达看元宇宙＋互联互通——互联网传媒周报20211108－20211113,非个股,一般报告,申万宏源证券,"林起贤,袁伟嘉,任梦妮,夏嘉励,赵航",2021Q4,150000.0,,,70000.0,0.239,,,,,无,,
601318.SH,中国平安,20211113,保险行业2021年三季报综述：负债端承压延续，静待行业调整拐点,非个股,一般报告,东吴证券,"胡翔,朱洁羽",2023Q4,,,,17640432.961,9.65,,,,,无,,
601318.SH,中国平安,20211113,保险行业2021年三季报综述：负债端承压延续，静待行业调整拐点,非个股,一般报告,东吴证券,"胡翔,朱洁羽",2022Q4,,,,15337122.543,8.39,,,,,无,,
601318.SH,中国平安,20211113,保险行业2021年三季报综述：负债端承压延续，静待行业调整拐点,非个股,一般报告,东吴证券,"胡翔,朱洁羽",2021Q4,,,,14075785.886,7.7,,,,,无,,
600908.SH,无锡银行,20211113,银行业：社融触底带动银行股反弹,非个股,一般报告,华安证券,"刘超,戚星",2022Q4,,,,173135.724,0.93,,,,,无,,
600908.SH,无锡银行,20211113,银行业：社融触底带动银行股反弹,非个股,一般报告,华安证券,"刘超,戚星",2021Q4,,,,150795.631,0.81,,,,,无,,
601009.SH,南京银行,20211113,拥抱大财富，迈向新征程——银行业2022年策略报告,非个股,一般报告,兴业证券,"陈绍兴,王尘,曹欣童",2022Q4,,,,1811270.072,1.81,,,,,审慎增持,,
601009.SH,南京银行,20211113,拥抱大财富，迈向新征程——银行业2022年策略报告,非个股,一般报告,兴业证券,"陈绍兴,王尘,曹欣童",2021Q4,,,,1551087.631,1.55,,,,,审慎增持,,
002841.SZ,视源股份,20211113,从英伟达看元宇宙＋互联互通——互联网传媒周报20211108－20211113,非个股,一般报告,申万宏源证券,"林起贤,袁伟嘉,任梦妮,夏嘉励,赵航",2022Q4,2330000.0,,,210000.0,3.151,,,,,无,,
601009.SH,南京银行,20211113,拥抱大财富，迈向新征程——银行业2022年策略报告,非个股,一般报告,兴业证券,"陈绍兴,王尘,曹欣童",2023Q4,,,,2091466.547,2.09,,,,,审慎增持,,
002841.SZ,视源股份,20211113,从英伟达看元宇宙＋互联互通——互联网传媒周报20211108－20211113,非个股,一般报告,申万宏源证券,"林起贤,袁伟嘉,任梦妮,夏嘉励,赵航",2021Q4,2030000.0,,,160000.0,2.4,,,,,无,,
600036.SH,招商银行,20211113,拥抱大财富，迈向新征程——银行业2022年策略报告,非个股,一般报告,兴业证券,"陈绍兴,王尘,曹欣童",2023Q4,,,,15182347.052,6.02,,,,,审慎增持,,
600036.SH,招商银行,20211113,拥抱大财富，迈向新征程——银行业2022年策略报告,非个股,一般报告,兴业证券,"陈绍兴,王尘,曹欣童",2022Q4,,,,13164759.404,5.22,,,,,审慎增持,,
600036.SH,招商银行,20211113,拥抱大财富，迈向新征程——银行业2022年策略报告,非个股,一般报告,兴业证券,"陈绍兴,王尘,曹欣童",2021Q4,,,,11323710.675,4.49,,,,,审慎增持,,
002839.SZ,张家港行,20211113,银行业：社融触底带动银行股反弹,非个股,一般报告,华安证券,"刘超,戚星",2022Q4,,,,148252.615,0.82,,,,,无,,
002839.SZ,张家港行,20211113,银行业：社融触底带动银行股反弹,非个股,一般报告,华安证券,"刘超,戚星",2021Q4,,,,124749.152,0.69,,,,,无,,
600048.SH,保利发展,20211113,房地产行业周报（11.06－11.12）：融资环境改善缓释流动性风险，板块配置价值凸显,非个股,一般报告,中信建投,"竺劲,黄啸天",2023Q4,,,,3638912.705,3.04,,,,,买入,,
600048.SH,保利发展,20211113,房地产行业周报（11.06－11.12）：融资环境改善缓释流动性风险，板块配置价值凸显,非个股,一般报告,中信建投,"竺劲,黄啸天",2022Q4,,,,3339660.016,2.79,,,,,买入,,
600048.SH,保利发展,20211113,房地产行业周报（11.06－11.12）：融资环境改善缓释流动性风险，板块配置价值凸显,非个股,一般报告,中信建投,"竺劲,黄啸天",2021Q4,,,,3076317.649,2.57,,,,,买入,,
600928.SH,西安银行,20211113,银行业：社融触底带动银行股反弹,非个股,一般报告,华安证券,"刘超,戚星",2022Q4,,,,315555.556,0.71,,,,,无,,
600928.SH,西安银行,20211113,银行业：社融触底带动银行股反弹,非个股,一般报告,华安证券,"刘超,戚星",2021Q4,,,,275555.556,0.62,,,,,无,,
002624.SZ,完美世界,20211113,从英伟达看元宇宙＋互联互通——互联网传媒周报20211108－20211113,非个股,一般报告,申万宏源证券,"林起贤,袁伟嘉,任梦妮,夏嘉励,赵航",2022Q4,1230000.0,,,230000.0,1.186,,,,,无,,
002624.SZ,完美世界,20211113,从英伟达看元宇宙＋互联互通——互联网传媒周报20211108－20211113,非个股,一般报告,申万宏源证券,"林起贤,袁伟嘉,任梦妮,夏嘉励,赵航",2021Q4,920000.0,,,130000.0,0.67,,,,,无,,
002555.SZ,三七互娱,20211113,从英伟达看元宇宙＋互联互通——互联网传媒周报20211108－20211113,非个股,一般报告,申万宏源证券,"林起贤,袁伟嘉,任梦妮,夏嘉励,赵航",2022Q4,1840000.0,,,340000.0,1.533,,,,,无,,
002555.SZ,三七互娱,20211113,从英伟达看元宇宙＋互联互通——互联网传媒周报20211108－20211113,非个股,一般报告,申万宏源证券,"林起贤,袁伟嘉,任梦妮,夏嘉励,赵航",2021Q4,1640000.0,,,260000.0,1.172,,,,,无,,
600926.SH,杭州银行,20211113,拥抱大财富，迈向新征程——银行业2022年策略报告,非个股,一般报告,兴业证券,"陈绍兴,王尘,曹欣童",2023Q4,,,,1203830.688,2.03,,,,,审慎增持,,
600926.SH,杭州银行,20211113,拥抱大财富，迈向新征程——银行业2022年策略报告,非个股,一般报告,兴业证券,"陈绍兴,王尘,曹欣童",2022Q4,,,,1014064.274,1.71,,,,,审慎增持,,
600926.SH,杭州银行,20211113,拥抱大财富，迈向新征程——银行业2022年策略报告,非个股,一般报告,兴业证券,"陈绍兴,王尘,曹欣童",2021Q4,,,,848018.662,1.43,,,,,审慎增持,,
600383.SH,金地集团,20211113,房地产行业周报（11.06－11.12）：融资环境改善缓释流动性风险，板块配置价值凸显,非个股,一般报告,中信建投,"竺劲,黄啸天",2023Q4,,,,1354375.072,3.0,,,,,买入,,
600383.SH,金地集团,20211113,房地产行业周报（11.06－11.12）：融资环境改善缓释流动性风险，板块配置价值凸显,非个股,一般报告,中信建投,"竺劲,黄啸天",2022Q4,,,,1223452.148,2.71,,,,,买入,,
600383.SH,金地集团,20211113,房地产行业周报（11.06－11.12）：融资环境改善缓释流动性风险，板块配置价值凸显,非个股,一般报告,中信建投,"竺劲,黄啸天",2021Q4,,,,1115102.142,2.47,,,,,买入,,
001914.SZ,招商积余,20211113,房地产行业周报（11.06－11.12）：融资环境改善缓释流动性风险，板块配置价值凸显,非个股,一般报告,中信建投,"竺劲,黄啸天",2023Q4,,,,100732.876,0.95,,,,,买入,,
001914.SZ,招商积余,20211113,房地产行业周报（11.06－11.12）：融资环境改善缓释流动性风险，板块配置价值凸显,非个股,一般报告,中信建投,"竺劲,黄啸天",2022Q4,,,,78465.608,0.74,,,,,买入,,
001914.SZ,招商积余,20211113,房地产行业周报（11.06－11.12）：融资环境改善缓释流动性风险，板块配置价值凸显,非个股,一般报告,中信建投,"竺劲,黄啸天",2021Q4,,,,60439.725,0.57,,,,,买入,,
600016.SH,民生银行,20211113,银行业：社融触底带动银行股反弹,非个股,一般报告,华安证券,"刘超,戚星",2022Q4,,,,3852852.828,0.88,,,,,无,,
600016.SH,民生银行,20211113,银行业：社融触底带动银行股反弹,非个股,一般报告,华安证券,"刘超,戚星",2021Q4,,,,3677723.154,0.84,,,,,无,,
603323.SH,苏农银行,20211113,银行业：社融触底带动银行股反弹,非个股,一般报告,华安证券,"刘超,戚星",2022Q4,,,,126214.918,0.7,,,,,无,,
603323.SH,苏农银行,20211113,银行业：社融触底带动银行股反弹,非个股,一般报告,华安证券,"刘超,戚星",2021Q4,,,,111790.356,0.62,,,,,无,,
603444.SH,吉比特,20211113,从英伟达看元宇宙＋互联互通——互联网传媒周报20211108－20211113,非个股,一般报告,申万宏源证券,"林起贤,袁伟嘉,任梦妮,夏嘉励,赵航",2022Q4,600000.0,,,170000.0,23.656,,,,,无,,
603444.SH,吉比特,20211113,从英伟达看元宇宙＋互联互通——互联网传媒周报20211108－20211113,非个股,一般报告,申万宏源证券,"林起贤,袁伟嘉,任梦妮,夏嘉励,赵航",2021Q4,470000.0,,,150000.0,20.873,,,,,无,,
601838.SH,成都银行,20211113,银行业：社融触底带动银行股反弹,非个股,一般报告,华安证券,"刘超,戚星",2022Q4,,,,859715.817,2.38,,,,,无,,
601838.SH,成都银行,20211113,银行业：社融触底带动银行股反弹,非个股,一般报告,华安证券,"刘超,戚星",2021Q4,,,,733287.021,2.03,,,,,无,,
002027.SZ,分众传媒,20211113,从英伟达看元宇宙＋互联互通——互联网传媒周报20211108－20211113,非个股,一般报告,申万宏源证券,"林起贤,袁伟嘉,任梦妮,夏嘉励,赵航",2022Q4,1790000.0,,,720000.0,0.499,,,,,无,,
002027.SZ,分众传媒,20211113,从英伟达看元宇宙＋互联互通——互联网传媒周报20211108－20211113,非个股,一般报告,申万宏源证券,"林起贤,袁伟嘉,任梦妮,夏嘉励,赵航",2021Q4,1550000.0,,,610000.0,0.422,,,,,无,,
600919.SH,江苏银行,20211113,银行业：社融触底带动银行股反弹,非个股,一般报告,华安证券,"刘超,戚星",2022Q4,,,,2244983.218,1.52,,,,,无,,
600919.SH,江苏银行,20211113,银行业：社融触底带动银行股反弹,非个股,一般报告,华安证券,"刘超,戚星",2021Q4,,,,1875742.557,1.27,,,,,无,,
002142.SZ,宁波银行,20211113,拥抱大财富，迈向新征程——银行业2022年策略报告,非个股,一般报告,兴业证券,"陈绍兴,王尘,曹欣童",2023Q4,,,,2541390.889,4.23,,,,,审慎增持,,
002142.SZ,宁波银行,20211113,拥抱大财富，迈向新征程——银行业2022年策略报告,非个股,一般报告,兴业证券,"陈绍兴,王尘,曹欣童",2022Q4,,,,2156877.847,3.59,,,,,审慎增持,,
002142.SZ,宁波银行,20211113,拥抱大财富，迈向新征程——银行业2022年策略报告,非个股,一般报告,兴业证券,"陈绍兴,王尘,曹欣童",2021Q4,,,,1808412.902,3.01,,,,,审慎增持,,
601398.SH,工商银行,20211113,银行业：社融触底带动银行股反弹,非个股,一般报告,华安证券,"刘超,戚星",2022Q4,,,,35997031.966,1.01,,,,,无,,
601398.SH,工商银行,20211113,银行业：社融触底带动银行股反弹,非个股,一般报告,华安证券,"刘超,戚星",2021Q4,,,,34215000.681,0.96,,,,,无,,
600000.SH,浦发银行,20211113,银行业：社融触底带动银行股反弹,非个股,一般报告,华安证券,"刘超,戚星",2022Q4,,,,5811728.785,1.98,,,,,无,,
000002.SZ,万科A,20211113,房地产行业周报（11.06－11.12）：融资环境改善缓释流动性风险，板块配置价值凸显,非个股,一般报告,中信建投,"竺劲,黄啸天",2023Q4,,,,4545524.9,3.91,,,,,买入,,
000002.SZ,万科A,20211113,房地产行业周报（11.06－11.12）：融资环境改善缓释流动性风险，板块配置价值凸显,非个股,一般报告,中信建投,"竺劲,黄啸天",2022Q4,,,,4196763.398,3.61,,,,,买入,,
000002.SZ,万科A,20211113,房地产行业周报（11.06－11.12）：融资环境改善缓释流动性风险，板块配置价值凸显,非个股,一般报告,中信建投,"竺劲,黄啸天",2021Q4,,,,3999131.881,3.44,,,,,买入,,
600000.SH,浦发银行,20211113,银行业：社融触底带动银行股反弹,非个股,一般报告,华安证券,"刘超,戚星",2021Q4,,,,5547559.295,1.89,,,,,无,,
600919.SH,江苏银行,20211113,拥抱大财富，迈向新征程——银行业2022年策略报告,非个股,一般报告,兴业证券,"陈绍兴,王尘,曹欣童",2023Q4,,,,2569915.0,1.74,,,,,审慎增持,,
600919.SH,江苏银行,20211113,拥抱大财富，迈向新征程——银行业2022年策略报告,非个股,一般报告,兴业证券,"陈绍兴,王尘,曹欣童",2022Q4,,,,2185904.712,1.48,,,,,审慎增持,,
600919.SH,江苏银行,20211113,拥抱大财富，迈向新征程——银行业2022年策略报告,非个股,一般报告,兴业证券,"陈绍兴,王尘,曹欣童",2021Q4,,,,1846203.304,1.25,,,,,审慎增持,,
002041.SZ,登海种业,20211113,品种审定办法落地，板块扩容＋集中度提升：农林牧渔行业,非个股,一般报告,国联证券,"陈梦瑶,孙凌波",2023Q4,,,,36960.0,0.42,,,,,买入,,
002041.SZ,登海种业,20211113,品种审定办法落地，板块扩容＋集中度提升：农林牧渔行业,非个股,一般报告,国联证券,"陈梦瑶,孙凌波",2022Q4,,,,29040.0,0.33,,,,,买入,,
002041.SZ,登海种业,20211113,品种审定办法落地，板块扩容＋集中度提升：农林牧渔行业,非个股,一般报告,国联证券,"陈梦瑶,孙凌波",2021Q4,,,,21120.0,0.24,,,,,买入,,
002142.SZ,宁波银行,20211113,银行业：社融触底带动银行股反弹,非个股,一般报告,华安证券,"刘超,戚星",2022Q4,,,,2198933.961,3.66,,,,,无,,
002142.SZ,宁波银行,20211113,银行业：社融触底带动银行股反弹,非个股,一般报告,华安证券,"刘超,戚星",2021Q4,,,,1832444.967,3.05,,,,,无,,
920171.BJ,志晟信息,20211113,志晟信息公司研究报告：优秀的一体化IT服务商,新股,首份报告,海通证券,"郑宏达,于成龙",2023Q4,54500.0,,10000.0,9200.0,1.42,6.23,0.0,16.3,3.16,无,,
920171.BJ,志晟信息,20211113,志晟信息公司研究报告：优秀的一体化IT服务商,新股,首份报告,海通证券,"郑宏达,于成龙",2022Q4,45500.0,,7800.0,7100.0,1.1,8.01,0.0,15.1,4.54,无,,
002371.SZ,北方华创,20211113,北方华创：晶圆厂扩张“卖水人”平台化布局“刻蚀＋沉积＋清洗＋热处理”,深度,一般报告,方正证券,陈杭,2024Q4,2250000.0,,,,,,,,,强烈推荐,,
002371.SZ,北方华创,20211113,北方华创：晶圆厂扩张“卖水人”平台化布局“刻蚀＋沉积＋清洗＋热处理”,深度,一般报告,方正证券,陈杭,2023Q4,1846000.0,,251900.0,186900.0,3.56,127.09,,9.59,108.64,强烈推荐,,
002371.SZ,北方华创,20211113,北方华创：晶圆厂扩张“卖水人”平台化布局“刻蚀＋沉积＋清洗＋热处理”,深度,一般报告,方正证券,陈杭,2022Q4,1366600.0,,187000.0,146300.0,2.78,162.37,,8.3,162.24,强烈推荐,,
002371.SZ,北方华创,20211113,北方华创：晶圆厂扩张“卖水人”平台化布局“刻蚀＋沉积＋清洗＋热处理”,深度,一般报告,方正证券,陈杭,2021Q4,937900.0,,117000.0,86600.0,1.65,274.41,,5.36,266.51,强烈推荐,,
920171.BJ,志晟信息,20211113,志晟信息公司研究报告：优秀的一体化IT服务商,新股,首份报告,海通证券,"郑宏达,于成龙",2021Q4,37900.0,,5900.0,5500.0,0.84,10.47,0.0,13.6,6.28,无,,
601128.SH,常熟银行,20211113,常熟银行投资价值分析报告：微贷标杆，成长广阔,深度,一般报告,光大证券,"王一峰,刘杰",2023Q4,993100.0,,359700.0,278000.0,1.01,6.91,,12.23,,买入,,8.84
601128.SH,常熟银行,20211113,常熟银行投资价值分析报告：微贷标杆，成长广阔,深度,一般报告,光大证券,"王一峰,刘杰",2022Q4,858800.0,,318400.0,246100.0,0.9,7.81,,11.91,,买入,,8.84
601128.SH,常熟银行,20211113,常熟银行投资价值分析报告：微贷标杆，成长广阔,深度,一般报告,光大证券,"王一峰,刘杰",2021Q4,744800.0,,281300.0,217400.0,0.79,8.84,,11.55,,买入,,8.84
002405.SZ,四维图新,20211113,四维图新：数据安全强催化，增长再起航,深度,首次关注,华西证券,"刘泽晶,孔文彬",2021Q4,267760.0,,7400.0,7500.0,0.0316,455.4,,0.9,,买入,,
002405.SZ,四维图新,20211113,四维图新：数据安全强催化，增长再起航,深度,首次关注,华西证券,"刘泽晶,孔文彬",2023Q4,398891.0,,37400.0,36900.0,0.16,92.48,,4.2,,买入,,
300792.SZ,壹网壹创,20211113,壹网壹创深度覆盖报告：全域衍生＋品牌孵化器，电商服务商龙头整装前行,深度,首次关注,西部证券,许光辉,2023Q4,233700.0,,94500.0,66600.0,2.79,18.7,,26.0,,买入,,65.1
300792.SZ,壹网壹创,20211113,壹网壹创深度覆盖报告：全域衍生＋品牌孵化器，电商服务商龙头整装前行,深度,首次关注,西部证券,许光辉,2022Q4,190100.0,,74500.0,51800.0,2.17,24.0,,25.1,,买入,,65.1
300792.SZ,壹网壹创,20211113,壹网壹创深度覆盖报告：全域衍生＋品牌孵化器，电商服务商龙头整装前行,深度,首次关注,西部证券,许光辉,2021Q4,154500.0,,58400.0,40000.0,1.68,31.1,,23.8,,买入,,65.1
688981.SH,中芯国际,20211113,中芯国际2021年三季报点评：涨价驱动业绩超预期，公司扩产持续加码成熟制程,一般,一般报告,光大证券,"付天姿,刘凯,张可",2021Q4,3822100.0,,1135000.0,940100.0,,,,,,增持,,
688789.SH,宏华数科,20211113,宏华数科点评报告：数码印花扩展至家纺行业：转印机具备承接5000m＋大单能力,点评,一般报告,浙商证券,"王华君,李锋",2022Q4,145900.0,,40600.0,35200.0,4.6,63.0,,29.5,53.0,增持,,
688789.SH,宏华数科,20211113,宏华数科点评报告：数码印花扩展至家纺行业：转印机具备承接5000m＋大单能力,点评,一般报告,浙商证券,"王华君,李锋",2021Q4,103400.0,,28400.0,24400.0,3.2,91.0,,27.6,76.0,增持,,
002405.SZ,四维图新,20211113,四维图新：数据安全强催化，增长再起航,深度,首次关注,华西证券,"刘泽晶,孔文彬",2022Q4,327727.0,,17400.0,16900.0,0.07,201.96,,2.0,,买入,,
688981.SH,中芯国际,20211113,中芯国际2021年三季报点评：涨价驱动业绩超预期，公司扩产持续加码成熟制程,一般,一般报告,光大证券,"付天姿,刘凯,张可",2023Q4,4830800.0,,1074700.0,886400.0,,,,,,增持,,
688981.SH,中芯国际,20211113,中芯国际2021年三季报点评：涨价驱动业绩超预期，公司扩产持续加码成熟制程,一般,一般报告,光大证券,"付天姿,刘凯,张可",2022Q4,4379100.0,,949700.0,785300.0,,,,,,增持,,
002318.SZ,久立特材,20211113,久立特材更新报告：高端产品占比提升，盈利能力增强,点评,一般报告,国泰君安,"李鹏飞,魏雨迪,王宏玉",2023Q4,644400.0,,,102500.0,1.05,13.23,3.5,16.1,8.78,增持,,17.45
002318.SZ,久立特材,20211113,久立特材更新报告：高端产品占比提升，盈利能力增强,点评,一般报告,国泰君安,"李鹏飞,魏雨迪,王宏玉",2022Q4,620800.0,,,96100.0,0.98,14.11,3.2,16.5,9.47,增持,,17.45
002318.SZ,久立特材,20211113,久立特材更新报告：高端产品占比提升，盈利能力增强,点评,一般报告,国泰君安,"李鹏飞,魏雨迪,王宏玉",2021Q4,582300.0,,,87800.0,0.9,15.44,2.9,16.6,10.49,增持,,17.45
688789.SH,宏华数科,20211113,宏华数科点评报告：数码印花扩展至家纺行业：转印机具备承接5000m＋大单能力,点评,一般报告,浙商证券,"王华君,李锋",2023Q4,185000.0,,53700.0,46600.0,6.1,48.0,,29.1,40.0,增持,,
688085.SH,三友医疗,20211113,三友医疗：业务继续保持增长，收购拓展创新产品线,点评,一般报告,兴业证券,"徐佳熹,孙媛媛",2023Q4,81200.0,,26700.0,23100.0,1.12,25.5,,11.0,,审慎增持,,
688085.SH,三友医疗,20211113,三友医疗：业务继续保持增长，收购拓展创新产品线,点评,一般报告,兴业证券,"徐佳熹,孙媛媛",2022Q4,70500.0,,23000.0,19900.0,0.97,29.5,,10.7,,审慎增持,,
605111.SH,新洁能,20211113,新洁能定增预案点评：主业持续高景气，大手笔定增开启第二成长曲线,点评,一般报告,华创证券,耿琛,2023Q4,325400.0,,91700.0,81600.0,5.76,32.0,,26.7,53.0,强推,,
605111.SH,新洁能,20211113,新洁能定增预案点评：主业持续高景气，大手笔定增开启第二成长曲线,点评,一般报告,华创证券,耿琛,2022Q4,242700.0,,68400.0,60800.0,4.29,43.0,,27.1,71.0,强推,,
605111.SH,新洁能,20211113,新洁能定增预案点评：主业持续高景气，大手笔定增开启第二成长曲线,点评,一般报告,华创证券,耿琛,2021Q4,155200.0,,49000.0,43600.0,3.08,61.0,,26.6,98.0,强推,,
688085.SH,三友医疗,20211113,三友医疗：业务继续保持增长，收购拓展创新产品线,点评,一般报告,兴业证券,"徐佳熹,孙媛媛",2021Q4,57000.0,,19100.0,16500.0,0.8,35.6,,9.9,,审慎增持,,
600196.SH,复星医药,20211113,复星医药：前三季度业绩靓丽，创新项目落地可期,点评,一般报告,兴业证券,"徐佳熹,孙媛媛",2023Q4,5120600.0,,909900.0,677900.0,2.64,18.88,,12.7,,审慎增持,,
600196.SH,复星医药,20211113,复星医药：前三季度业绩靓丽，创新项目落地可期,点评,一般报告,兴业证券,"徐佳熹,孙媛媛",2022Q4,4267300.0,,757900.0,564600.0,2.2,22.66,,12.2,,审慎增持,,
600196.SH,复星医药,20211113,复星医药：前三季度业绩靓丽，创新项目落地可期,点评,一般报告,兴业证券,"徐佳熹,孙媛媛",2021Q4,3528200.0,,615700.0,458700.0,1.79,27.9,,11.3,,审慎增持,,
002901.SZ,大博医疗,20211113,大博医疗：集采影响业绩，产品线后续发力,点评,一般报告,兴业证券,"徐佳熹,孙媛媛",2023Q4,305900.0,,131700.0,112400.0,2.77,17.5,,25.0,,审慎增持,,
002901.SZ,大博医疗,20211113,大博医疗：集采影响业绩，产品线后续发力,点评,一般报告,兴业证券,"徐佳熹,孙媛媛",2022Q4,243600.0,,104700.0,89400.0,2.21,22.0,,26.5,,审慎增持,,
002180.SZ,纳思达,20211113,纳思达：完成布局打印全产业链，持续开拓芯片品类,一般,首次评级,天风证券,"潘暕,骆奕扬",2022Q4,2441545.0,,190911.0,122786.0,0.98,40.28,,12.41,17.1,增持,,45.68
002180.SZ,纳思达,20211113,纳思达：完成布局打印全产业链，持续开拓芯片品类,一般,首次评级,天风证券,"潘暕,骆奕扬",2021Q4,2260082.0,,135728.0,87295.0,0.7,56.65,,9.13,19.85,增持,,45.68
688029.SH,南微医学,20211113,南微医学：一次性胆道镜获批上市，可视化产品线放量可期,点评,一般报告,兴业证券,"徐佳熹,孙媛媛,东楠",2023Q4,349400.0,,84400.0,70900.0,5.32,50.4,,17.3,,审慎增持,,
688029.SH,南微医学,20211113,南微医学：一次性胆道镜获批上市，可视化产品线放量可期,点评,一般报告,兴业证券,"徐佳熹,孙媛媛,东楠",2022Q4,264000.0,,61300.0,51200.0,3.84,69.8,,15.1,,审慎增持,,
688029.SH,南微医学,20211113,南微医学：一次性胆道镜获批上市，可视化产品线放量可期,点评,一般报告,兴业证券,"徐佳熹,孙媛媛,东楠",2021Q4,190400.0,,41400.0,34000.0,2.55,105.2,,11.8,,审慎增持,,
603690.SH,至纯科技,20211113,至纯科技首次覆盖报告：中国半导体清洗设备龙头步入高速成长期,一般,首次评级,光大证券,"刘凯,王锐,杨德珩",2023Q4,415894.0,,63000.0,55500.0,1.74,32.0,0.6,13.09,24.1,买入,,
603690.SH,至纯科技,20211113,至纯科技首次覆盖报告：中国半导体清洗设备龙头步入高速成长期,一般,首次评级,光大证券,"刘凯,王锐,杨德珩",2022Q4,326610.0,,43300.0,38100.0,1.2,46.0,0.4,10.14,31.9,买入,,
603690.SH,至纯科技,20211113,至纯科技首次覆盖报告：中国半导体清洗设备龙头步入高速成长期,一般,首次评级,光大证券,"刘凯,王锐,杨德珩",2021Q4,230701.0,,39400.0,34700.0,1.09,51.0,0.4,10.09,41.8,买入,,
002180.SZ,纳思达,20211113,纳思达：完成布局打印全产业链，持续开拓芯片品类,一般,首次评级,天风证券,"潘暕,骆奕扬",2023Q4,2620270.0,,238833.0,153608.0,1.22,32.2,,15.33,14.14,增持,,45.68
000035.SZ,中国天楹,20211113,中国天楹：携手如东切入新能源领域，连续回购彰显发展信心,点评,一般报告,中信建投,高兴,2023Q4,405310.0,,72200.0,54870.0,0.22,,,,,增持,,6.4
000035.SZ,中国天楹,20211113,中国天楹：携手如东切入新能源领域，连续回购彰显发展信心,点评,一般报告,中信建投,高兴,2022Q4,337750.0,,62540.0,47530.0,0.19,,,,,增持,,6.4
000035.SZ,中国天楹,20211113,中国天楹：携手如东切入新能源领域，连续回购彰显发展信心,点评,一般报告,中信建投,高兴,2021Q4,1962610.0,,139290.0,76920.0,0.3,,,,,增持,,6.4
002901.SZ,大博医疗,20211113,大博医疗：集采影响业绩，产品线后续发力,点评,一般报告,兴业证券,"徐佳熹,孙媛媛",2021Q4,192900.0,,81400.0,69500.0,1.71,28.3,,28.0,,审慎增持,,
601607.SH,上海医药,20211113,上海医药：License－out彰显研发实力，业绩稳定增长,点评,一般报告,兴业证券,"徐佳熹,孙媛媛",2023Q4,25935900.0,,1089800.0,672900.0,2.37,7.73,,10.8,,审慎增持,,
601607.SH,上海医药,20211113,上海医药：License－out彰显研发实力，业绩稳定增长,点评,一般报告,兴业证券,"徐佳熹,孙媛媛",2022Q4,23466000.0,,953700.0,588900.0,2.07,8.83,,10.7,,审慎增持,,
601607.SH,上海医药,20211113,上海医药：License－out彰显研发实力，业绩稳定增长,点评,一般报告,兴业证券,"徐佳熹,孙媛媛",2021Q4,21241000.0,,831100.0,513100.0,1.81,10.14,,10.4,,审慎增持,,
000963.SZ,华东医药,20211113,华东医药：工业板块压力逐步缓解，管线品种后续可期,一般,一般报告,兴业证券,"徐佳熹,孙媛媛",2023Q4,4885800.0,,488600.0,398900.0,2.28,15.7,,16.2,,买入,,
000963.SZ,华东医药,20211113,华东医药：工业板块压力逐步缓解，管线品种后续可期,一般,一般报告,兴业证券,"徐佳熹,孙媛媛",2022Q4,4262400.0,,416000.0,339700.0,1.94,18.4,,16.5,,买入,,
000963.SZ,华东医药,20211113,华东医药：工业板块压力逐步缓解，管线品种后续可期,一般,一般报告,兴业证券,"徐佳熹,孙媛媛",2021Q4,3715200.0,,364400.0,297600.0,1.7,21.1,,17.3,,买入,,
000959.SZ,首钢股份,20211113,首钢股份更新报告：吨钢费用持续优化，盈利能力稳步提升,点评,一般报告,国泰君安,"李鹏飞,魏雨迪,王宏玉",2023Q4,13427500.0,,,974600.0,1.46,3.72,7.5,19.3,3.37,增持,,8.1
000959.SZ,首钢股份,20211113,首钢股份更新报告：吨钢费用持续优化，盈利能力稳步提升,点评,一般报告,国泰君安,"李鹏飞,魏雨迪,王宏玉",2022Q4,13206600.0,,,944800.0,1.41,3.84,6.6,21.8,3.46,增持,,8.1
000959.SZ,首钢股份,20211113,首钢股份更新报告：吨钢费用持续优化，盈利能力稳步提升,点评,一般报告,国泰君安,"李鹏飞,魏雨迪,王宏玉",2021Q4,12967200.0,,,838000.0,1.25,4.32,6.1,23.1,3.73,增持,,8.1
300143.SZ,盈康生命,20211113,盈康生命：苏州广慈有望年内并表，目前已启动支付股权转让款——公司信息更新报告,点评,一般报告,开源证券,"蔡明子,古意涵",2023Q4,259100.0,,41900.0,34800.0,0.54,28.3,,12.0,17.5,买入,,
300143.SZ,盈康生命,20211113,盈康生命：苏州广慈有望年内并表，目前已启动支付股权转让款——公司信息更新报告,点评,一般报告,开源证券,"蔡明子,古意涵",2022Q4,195700.0,,33600.0,25600.0,0.4,38.5,,10.6,22.7,买入,,
300143.SZ,盈康生命,20211113,盈康生命：苏州广慈有望年内并表，目前已启动支付股权转让款——公司信息更新报告,点评,一般报告,开源证券,"蔡明子,古意涵",2021Q4,115200.0,,18100.0,13700.0,0.21,71.9,,6.4,40.6,买入,,
002283.SZ,天润工业,20211113,天润工业：空气悬架打开向上空间,深度,首次关注,广发证券,"张乐,李爽,徐鸣爽",2023Q4,722800.0,168000.0,97600.0,84400.0,0.74,14.91,,11.9,8.6,买入,,14.25
002283.SZ,天润工业,20211113,天润工业：空气悬架打开向上空间,深度,首次关注,广发证券,"张乐,李爽,徐鸣爽",2022Q4,591500.0,136000.0,78700.0,67400.0,0.59,18.68,,10.8,10.32,买入,,14.25
002283.SZ,天润工业,20211113,天润工业：空气悬架打开向上空间,深度,首次关注,广发证券,"张乐,李爽,徐鸣爽",2021Q4,511000.0,120000.0,61100.0,53800.0,0.47,23.4,,9.7,12.5,买入,,14.25
920260.BJ,中寰股份,20211113,新三板精选层中寰股份分析：阀门执行机构头部企业，受益于天然气管道铺设加速,新股,首份报告,国泰君安,"黄琨,周斌",2023Q4,28400.0,,,5800.0,,,,,,无,,
920260.BJ,中寰股份,20211113,新三板精选层中寰股份分析：阀门执行机构头部企业，受益于天然气管道铺设加速,新股,首份报告,国泰君安,"黄琨,周斌",2022Q4,24300.0,,,4800.0,,,,,,无,,
920260.BJ,中寰股份,20211113,新三板精选层中寰股份分析：阀门执行机构头部企业，受益于天然气管道铺设加速,新股,首份报告,国泰君安,"黄琨,周斌",2021Q4,20900.0,,,4400.0,,,,,,无,,
920925.BJ,锦好医疗,20211113,新三板精选层锦好医疗分析：深耕助听器市场，中高端机型占比提升,点评,首次关注,国泰君安,"丁丹,张拓",2023Q4,24500.0,,,3722.0,0.79,,,,,中性,,25.84
920925.BJ,锦好医疗,20211113,新三板精选层锦好医疗分析：深耕助听器市场，中高端机型占比提升,点评,首次关注,国泰君安,"丁丹,张拓",2022Q4,21400.0,,,3176.0,0.68,,,,,中性,,25.84
920925.BJ,锦好医疗,20211113,新三板精选层锦好医疗分析：深耕助听器市场，中高端机型占比提升,点评,首次关注,国泰君安,"丁丹,张拓",2021Q4,18300.0,,,2620.0,0.56,,,,,中性,,
002223.SZ,鱼跃医疗,20211113,鱼跃医疗：加码新产品布局，线上渠道保持领先优势,点评,一般报告,中金,"朱言音,邹朋",2022Q4,822600.0,,196300.0,169100.0,1.69,20.2,2.0,18.4,15.3,跑赢行业,,46.8
002223.SZ,鱼跃医疗,20211113,鱼跃医疗：加码新产品布局，线上渠道保持领先优势,点评,一般报告,中金,"朱言音,邹朋",2021Q4,711100.0,,169300.0,145900.0,1.45,23.4,1.0,18.3,18.4,跑赢行业,,46.8
300413.SZ,芒果超媒,20211113,芒果超媒：上海MCITY开业，技术赋能内容数智化,点评,一般报告,中金,"张雪晴,白洋,焦杉,唐婧,杨宁",2022Q4,1913600.0,,284600.0,280500.0,1.5,28.2,0.4,15.2,7.8,跑赢行业,,60.0
300413.SZ,芒果超媒,20211113,芒果超媒：上海MCITY开业，技术赋能内容数智化,点评,一般报告,中金,"张雪晴,白洋,焦杉,唐婧,杨宁",2021Q4,1623000.0,,235800.0,234200.0,1.25,33.8,0.3,16.9,9.7,跑赢行业,,60.0
603236.SH,移远通信,20211113,通信：电信布局元宇宙，打造元宇宙平台和内容生态,非个股,一般报告,太平洋证券,"李宏涛,李仁波",2021Q4,,,,36342.707,2.5,,,,,买入,,
002049.SZ,紫光国微,20211113,通信：电信布局元宇宙，打造元宇宙平台和内容生态,非个股,一般报告,太平洋证券,"李宏涛,李仁波",2021Q4,,,,175370.393,2.89,,,,,买入,,
603833.SH,欧派家居,20211113,渠道间竞争分流，品牌间分化加剧：品牌时尚及轻工行业双十一购物节数据点评,非个股,一般报告,招商证券,"赵中平,刘丽,宋盈盈,李宏鹏",2022Q4,,,,325000.0,5.335,,,,,强烈推荐,,
603833.SH,欧派家居,20211113,渠道间竞争分流，品牌间分化加剧：品牌时尚及轻工行业双十一购物节数据点评,非个股,一般报告,招商证券,"赵中平,刘丽,宋盈盈,李宏鹏",2021Q4,,,,279000.0,4.58,,,,,强烈推荐,,
000063.SZ,中兴通讯,20211113,通信：电信布局元宇宙，打造元宇宙平台和内容生态,非个股,一般报告,太平洋证券,"李宏涛,李仁波",2021Q4,,,,732967.004,1.55,,,,,买入,,
002741.SZ,光华科技,20211113,光华科技：携手格力扩产能，新能源业务再深化,点评,首份报告,东亚前海证券研究所,"李子卓,丁俊波,高嘉麒",2023Q4,374980.0,94800.0,49300.0,43487.0,1.11,18.27,,22.0,9.81,推荐,,
002741.SZ,光华科技,20211113,光华科技：携手格力扩产能，新能源业务再深化,点评,首份报告,东亚前海证券研究所,"李子卓,丁俊波,高嘉麒",2022Q4,338794.0,56800.0,20900.0,18398.0,0.47,43.19,,12.0,17.43,推荐,,
002741.SZ,光华科技,20211113,光华科技：携手格力扩产能，新能源业务再深化,点评,首份报告,东亚前海证券研究所,"李子卓,丁俊波,高嘉麒",2021Q4,241285.0,39100.0,9600.0,8464.0,0.22,93.88,,6.0,24.59,推荐,,
688981.SH,中芯国际,20211112,中芯国际：ASP贡献环比增长动力，全年营收指引进一步上修,一般,一般报告,招商证券,"鄢凡,曹辉",Q,,,,,,,,,,无,,
300059.SZ,东方财富,20211112,东方财富事件点评：基金销售规模提升，长期成长动力充足,点评,一般报告,国元证券,"耿军军,陈图南",2022Q4,1650824.0,,1185137.0,1027395.0,0.99,35.64,,20.7,27.11,买入,,43.8
300059.SZ,东方财富,20211112,东方财富事件点评：基金销售规模提升，长期成长动力充足,点评,一般报告,国元证券,"耿军军,陈图南",2021Q4,1241084.0,,868653.0,752687.0,0.73,48.65,,18.73,36.57,买入,,43.8
300059.SZ,东方财富,20211112,东方财富事件点评：基金销售规模提升，长期成长动力充足,点评,一般报告,国元证券,"耿军军,陈图南",2023Q4,2062262.0,,1508936.0,1308700.0,1.27,27.98,,21.25,21.39,买入,,43.8
603960.SH,克来机电,20211112,克来机电：热管理零部件龙头，管路＋阀放量可期,深度,一般报告,安信证券,徐慧雄,2021Q4,67340.0,,11100.0,8900.0,0.341,103.2,0.3,8.6,65.7,买入,,45.59
603960.SH,克来机电,20211112,克来机电：热管理零部件龙头，管路＋阀放量可期,深度,一般报告,安信证券,徐慧雄,2023Q4,191040.0,,45710.0,38000.0,1.456,24.1,1.2,25.9,17.3,买入,,45.59
603960.SH,克来机电,20211112,克来机电：热管理零部件龙头，管路＋阀放量可期,深度,一般报告,安信证券,徐慧雄,2022Q4,132670.0,,30530.0,24840.0,0.952,36.9,0.8,20.7,26.2,买入,,45.59
300900.SZ,广联航空,20211112,广联航空公司点评：收购成都航新，协同效应驱动公司高速增长,一般,一般报告,中航证券,"张超,刘琛",2023Q4,92151.0,,30001.0,29694.0,1.412,23.47,0.0,13.66,,买入,,50.33
300900.SZ,广联航空,20211112,广联航空公司点评：收购成都航新，协同效应驱动公司高速增长,一般,一般报告,中航证券,"张超,刘琛",2022Q4,68295.0,,21956.0,21785.0,1.036,31.99,0.0,11.61,,买入,,50.33
300900.SZ,广联航空,20211112,广联航空公司点评：收购成都航新，协同效应驱动公司高速增长,一般,一般报告,中航证券,"张超,刘琛",2021Q4,43208.0,,14158.0,14097.0,0.671,49.44,0.0,8.5,,买入,,50.33
002594.SZ,比亚迪,20211112,比亚迪：从纯电平台变迁看比亚迪竞争力,深度,一般报告,长江证券,"高登,陈斯竹",2023Q4,33446400.0,5351400.0,1990400.0,1356600.0,4.66,65.83,,16.1,48.28,买入,,
002594.SZ,比亚迪,20211112,比亚迪：从纯电平台变迁看比亚迪竞争力,深度,一般报告,长江证券,"高登,陈斯竹",2022Q4,28103100.0,4341900.0,1421300.0,931400.0,3.2,95.88,,13.2,67.16,买入,,
002594.SZ,比亚迪,20211112,比亚迪：从纯电平台变迁看比亚迪竞争力,深度,一般报告,长江证券,"高登,陈斯竹",2021Q4,20489900.0,3053000.0,726200.0,446800.0,1.53,199.89,,7.3,115.25,买入,,
002353.SZ,杰瑞股份,20211112,杰瑞股份：斩获科威特27亿大单，支撑未来经营业绩,点评,一般报告,长江证券,"魏凯,王岭峰",2021Q4,912000.0,325600.0,208700.0,176000.0,1.84,22.58,,13.7,17.68,买入,,
300770.SZ,新媒股份,20211112,新媒股份：IPTV业务稳定发展，OTT业务增长潜力巨大,一般,首次关注,东北证券,王凤华,2023Q4,201100.0,,95300.0,94400.0,4.09,12.73,2.29,21.7,,买入,,65.0
300770.SZ,新媒股份,20211112,新媒股份：IPTV业务稳定发展，OTT业务增长潜力巨大,一般,首次关注,东北证券,王凤华,2022Q4,175300.0,,80800.0,80000.0,3.46,15.02,1.95,21.73,,买入,,65.0
300770.SZ,新媒股份,20211112,新媒股份：IPTV业务稳定发展，OTT业务增长潜力巨大,一般,首次关注,东北证券,王凤华,2021Q4,147800.0,,66500.0,65900.0,2.85,18.23,1.56,21.15,,买入,,65.0
002353.SZ,杰瑞股份,20211112,杰瑞股份：斩获科威特27亿大单，支撑未来经营业绩,点评,一般报告,长江证券,"魏凯,王岭峰",2023Q4,1268700.0,517200.0,355000.0,301000.0,3.14,13.21,,16.4,9.19,买入,,
002353.SZ,杰瑞股份,20211112,杰瑞股份：斩获科威特27亿大单，支撑未来经营业绩,点评,一般报告,长江证券,"魏凯,王岭峰",2022Q4,1082800.0,432200.0,293400.0,248700.0,2.6,15.98,,16.2,11.94,买入,,
600141.SH,兴发集团,20211112,化工行业周报：化工产品价格企稳，轮胎、双酚A价格上涨,非个股,一般报告,国信证券,"杨林,薛聪,刘子栋,张玮航",2022Q4,,,,433572.619,3.9,,,,,买入,,
600141.SH,兴发集团,20211112,化工行业周报：化工产品价格企稳，轮胎、双酚A价格上涨,非个股,一般报告,国信证券,"杨林,薛聪,刘子栋,张玮航",2021Q4,,,,400220.879,3.6,,,,,买入,,
003022.SZ,联泓新科,20211112,化工行业周报：化工产品价格企稳，轮胎、双酚A价格上涨,非个股,一般报告,国信证券,"杨林,薛聪,刘子栋,张玮航",2022Q4,,,,160268.16,1.2,,,,,买入,,
003022.SZ,联泓新科,20211112,化工行业周报：化工产品价格企稳，轮胎、双酚A价格上涨,非个股,一般报告,国信证券,"杨林,薛聪,刘子栋,张玮航",2021Q4,,,,133556.8,1.0,,,,,买入,,
000301.SZ,东方盛虹,20211112,化工行业周报：化工产品价格企稳，轮胎、双酚A价格上涨,非个股,一般报告,国信证券,"杨林,薛聪,刘子栋,张玮航",2022Q4,,,,1015329.684,2.1,,,,,买入,,
000301.SZ,东方盛虹,20211112,化工行业周报：化工产品价格企稳，轮胎、双酚A价格上涨,非个股,一般报告,国信证券,"杨林,薛聪,刘子栋,张玮航",2021Q4,,,,531839.358,1.1,,,,,买入,,
002028.SZ,思源电气,20211112,电力设备行业事件点评：南网“十四五”规划出炉，柔直、抽蓄、数字化等多方向明确,非个股,一般报告,东吴证券,"曾朵红,柴嘉辉",2022Q4,,,,153144.076,2.0,,,,,买入,,
002028.SZ,思源电气,20211112,电力设备行业事件点评：南网“十四五”规划出炉，柔直、抽蓄、数字化等多方向明确,非个股,一般报告,东吴证券,"曾朵红,柴嘉辉",2021Q4,,,,122515.261,1.6,,,,,买入,,
603288.SH,海天味业,20211112,白酒业绩稳健，食品关注改善：食品饮料行业2021年三季报深度解析,非个股,一般报告,招商证券,"于佳琦,任龙,田地,陈书慧",2023Q4,,,,880428.42,2.09,,,,,强烈推荐,,
603288.SH,海天味业,20211112,白酒业绩稳健，食品关注改善：食品饮料行业2021年三季报深度解析,非个股,一般报告,招商证券,"于佳琦,任龙,田地,陈书慧",2022Q4,,,,770901.439,1.83,,,,,强烈推荐,,
603288.SH,海天味业,20211112,白酒业绩稳健，食品关注改善：食品饮料行业2021年三季报深度解析,非个股,一般报告,招商证券,"于佳琦,任龙,田地,陈书慧",2021Q4,,,,665587.035,1.58,,,,,强烈推荐,,
601058.SH,赛轮轮胎,20211112,化工行业周报：化工产品价格企稳，轮胎、双酚A价格上涨,非个股,一般报告,国信证券,"杨林,薛聪,刘子栋,张玮航",2022Q4,,,,214443.934,0.7,,,,,买入,,
920171.BJ,志晟信息,20211112,志晟信息：紧抓京津冀智慧城市趋势，布局发展稳中有胜,新股,首份报告,东吴证券,王紫敬,2023Q4,65154.0,,9500.0,8534.0,1.7,,,18.2,2.13,无,,
601058.SH,赛轮轮胎,20211112,化工行业周报：化工产品价格企稳，轮胎、双酚A价格上涨,非个股,一般报告,国信证券,"杨林,薛聪,刘子栋,张玮航",2021Q4,,,,153174.239,0.5,,,,,买入,,
605111.SH,新洁能,20211112,新洁能：布局碳化硅功率半导体,点评,一般报告,方正证券,陈杭,2023Q4,267400.0,,75500.0,66800.0,4.71,37.65,,24.11,32.48,推荐,,
605111.SH,新洁能,20211112,新洁能：布局碳化硅功率半导体,点评,一般报告,方正证券,陈杭,2022Q4,209900.0,,59300.0,52500.0,3.7,47.94,,24.95,41.99,推荐,,
605111.SH,新洁能,20211112,新洁能：布局碳化硅功率半导体,点评,一般报告,方正证券,陈杭,2021Q4,159600.0,,47100.0,41700.0,2.95,60.24,,26.47,53.72,推荐,,
920171.BJ,志晟信息,20211112,志晟信息：紧抓京津冀智慧城市趋势，布局发展稳中有胜,新股,首份报告,东吴证券,王紫敬,2022Q4,54163.0,,8400.0,7476.0,1.49,,,19.6,2.97,无,,
920171.BJ,志晟信息,20211112,志晟信息：紧抓京津冀智慧城市趋势，布局发展稳中有胜,新股,首份报告,东吴证券,王紫敬,2021Q4,42100.0,,6800.0,6028.0,1.2,,,19.6,4.23,无,,
603258.SH,电魂网络,20211112,电魂网络：《梦三国》入选亚运电竞，经典IP热度延续,一般,首次关注,西南证券,刘言,2023Q4,129710.0,,53620.0,46476.0,1.88,14.58,1.24,14.51,14.77,买入,,34.0
603258.SH,电魂网络,20211112,电魂网络：《梦三国》入选亚运电竞，经典IP热度延续,一般,首次关注,西南证券,刘言,2022Q4,118313.0,,48370.0,41943.0,1.7,16.15,1.11,14.88,17.56,买入,,34.0
603258.SH,电魂网络,20211112,电魂网络：《梦三国》入选亚运电竞，经典IP热度延续,一般,首次关注,西南证券,刘言,2021Q4,109007.0,,43540.0,37709.0,1.53,17.97,1.17,15.25,20.56,买入,,34.0
600085.SH,同仁堂,20211112,同仁堂公司动态点评：双十一补益类产品热销，国企改革有望提升盈利能力,点评,一般报告,长城证券,"刘鹏,吴欣",2023Q4,2192979.0,,380614.0,194296.0,1.42,22.95,,14.23,10.43,买入,,42.18
600085.SH,同仁堂,20211112,同仁堂公司动态点评：双十一补益类产品热销，国企改革有望提升盈利能力,点评,一般报告,长城证券,"刘鹏,吴欣",2021Q4,1500628.0,,227059.0,115909.0,0.85,38.47,,10.67,16.69,买入,,42.18
600085.SH,同仁堂,20211112,同仁堂公司动态点评：双十一补益类产品热销，国企改革有望提升盈利能力,点评,一般报告,长城证券,"刘鹏,吴欣",2022Q4,1827482.0,,297463.0,151849.0,1.11,29.36,,12.56,13.01,买入,,42.18
688100.SH,威胜信息,20211112,威胜信息：内延外扩，紧抓“双碳”和数字化升级机遇,一般,首次关注,华西证券,"宋辉,柳珏廷",2023Q4,313080.0,,66800.0,57200.0,1.14,22.13,,15.4,,增持,,
600346.SH,恒力石化,20211112,恒力石化事件点评：加速布局高端新材料，回购计划彰显发展信心,点评,一般报告,国海证券,"李永磊,董伯骏,汤永俊",2022Q4,20294200.0,,2658400.0,2063200.0,2.93,7.37,,24.0,,买入,,
600346.SH,恒力石化,20211112,恒力石化事件点评：加速布局高端新材料，回购计划彰显发展信心,点评,一般报告,国海证券,"李永磊,董伯骏,汤永俊",2021Q4,17917400.0,,2206000.0,1712100.0,2.43,8.88,,27.0,,买入,,
600346.SH,恒力石化,20211112,恒力石化事件点评：加速布局高端新材料，回购计划彰显发展信心,点评,一般报告,国海证券,"李永磊,董伯骏,汤永俊",2023Q4,24111700.0,,3233200.0,2509300.0,3.56,6.06,,23.0,,买入,,
688981.SH,中芯国际,20211112,中芯国际：产能明年全年依旧紧缺，临港项目箭在弦上,点评,一般报告,方正证券,陈杭,2023Q4,5033800.0,,1006700.0,1103900.0,1.4,40.21,,8.28,,推荐,,
688981.SH,中芯国际,20211112,中芯国际：产能明年全年依旧紧缺，临港项目箭在弦上,点评,一般报告,方正证券,陈杭,2022Q4,4399800.0,,920100.0,971000.0,1.23,45.71,,7.94,,推荐,,
688981.SH,中芯国际,20211112,中芯国际：产能明年全年依旧紧缺，临港项目箭在弦上,点评,一般报告,方正证券,陈杭,2021Q4,3572400.0,,916100.0,1042400.0,1.32,42.58,,9.26,,推荐,,
688100.SH,威胜信息,20211112,威胜信息：内延外扩，紧抓“双碳”和数字化升级机遇,一般,首次关注,华西证券,"宋辉,柳珏廷",2022Q4,238920.0,,51800.0,44300.0,0.89,28.53,,14.1,,增持,,
688100.SH,威胜信息,20211112,威胜信息：内延外扩，紧抓“双碳”和数字化升级机遇,一般,首次关注,华西证券,"宋辉,柳珏廷",2021Q4,185110.0,,40900.0,35200.0,0.7,35.98,,13.0,,增持,,
601669.SH,中国电建,20211112,中国电建：水电工程龙头向清洁能源运营商迈进,深度,首次关注,广发证券,"尉凯旋,邹戈,谢璐",2023Q4,61267200.0,8861400.0,2589400.0,1276100.0,0.83,8.2,,8.4,4.73,买入,,9.45
601669.SH,中国电建,20211112,中国电建：水电工程龙头向清洁能源运营商迈进,深度,首次关注,广发证券,"尉凯旋,邹戈,谢璐",2022Q4,53418900.0,7711100.0,2220900.0,1094500.0,0.72,9.56,,7.8,6.19,买入,,9.45
601669.SH,中国电建,20211112,中国电建：水电工程龙头向清洁能源运营商迈进,深度,首次关注,广发证券,"尉凯旋,邹戈,谢璐",2021Q4,46420100.0,6725800.0,1833100.0,903400.0,0.59,11.58,,7.0,7.95,买入,,9.45
600399.SH,抚顺特钢,20211112,抚顺特钢更新报告：公司高端特钢即将迎来产能快速扩张阶段,点评,一般报告,国泰君安,"李鹏飞,魏雨迪,王宏玉",2021Q4,745700.0,,,87800.0,0.45,53.24,0.0,14.9,41.8,增持,,29.25
002833.SZ,弘亚数控,20211112,弘亚数控：拟再度购地扩张产能，激励计划彰显信心,点评,一般报告,广发证券,"代川,范方舟",2023Q4,384400.0,,107400.0,89500.0,2.95,10.72,,22.7,7.14,买入,,45.31
603195.SH,公牛集团,20211112,公牛集团2021年三季报点评：收入实现稳步增长，业绩基本符合预期,点评,一般报告,国泰君安,"穆方舟,林昕宇,张心怡",2023Q4,1544400.0,,,368900.0,6.14,25.68,1.3,24.3,20.06,增持,,234.83
603195.SH,公牛集团,20211112,公牛集团2021年三季报点评：收入实现稳步增长，业绩基本符合预期,点评,一般报告,国泰君安,"穆方舟,林昕宇,张心怡",2022Q4,1353100.0,,,319800.0,5.32,29.63,1.3,25.2,23.67,增持,,234.83
603195.SH,公牛集团,20211112,公牛集团2021年三季报点评：收入实现稳步增长，业绩基本符合预期,点评,一般报告,国泰君安,"穆方舟,林昕宇,张心怡",2021Q4,1177300.0,,,274200.0,4.56,34.56,1.3,25.7,27.95,增持,,234.83
600399.SH,抚顺特钢,20211112,抚顺特钢更新报告：公司高端特钢即将迎来产能快速扩张阶段,点评,一般报告,国泰君安,"李鹏飞,魏雨迪,王宏玉",2023Q4,900300.0,,,131400.0,0.67,35.56,0.0,15.8,25.4,增持,,29.25
600399.SH,抚顺特钢,20211112,抚顺特钢更新报告：公司高端特钢即将迎来产能快速扩张阶段,点评,一般报告,国泰君安,"李鹏飞,魏雨迪,王宏玉",2022Q4,820900.0,,,109700.0,0.56,42.59,0.0,15.7,30.79,增持,,29.25
002833.SZ,弘亚数控,20211112,弘亚数控：拟再度购地扩张产能，激励计划彰显信心,点评,一般报告,广发证券,"代川,范方舟",2022Q4,301000.0,,83300.0,69400.0,2.29,13.82,,22.9,10.15,买入,,45.31
002833.SZ,弘亚数控,20211112,弘亚数控：拟再度购地扩张产能，激励计划彰显信心,点评,一般报告,广发证券,"代川,范方舟",2021Q4,237500.0,,65900.0,54900.0,1.81,17.47,,23.4,14.29,买入,,45.31
603444.SH,吉比特,20211112,吉比特：具有“超长线运营能力”的“小网易”,深度,首次关注,国金证券,"杨晓峰,伍兆丰",2023Q4,631000.0,541400.0,312800.0,212300.0,29.538,12.42,,31.86,,买入,,557.0
603444.SH,吉比特,20211112,吉比特：具有“超长线运营能力”的“小网易”,深度,首次关注,国金证券,"杨晓峰,伍兆丰",2022Q4,544500.0,465600.0,267300.0,182000.0,25.329,14.49,,32.5,,买入,,557.0
600048.SH,保利发展,20211112,保利发展：旧周期的长跑能手，新格局的成长力量,深度,一般报告,申万宏源证券,袁豪,2023Q4,36363100.0,,5880200.0,3260000.0,2.72,5.0,,13.3,,买入,,25.0
600048.SH,保利发展,20211112,保利发展：旧周期的长跑能手，新格局的成长力量,深度,一般报告,申万宏源证券,袁豪,2022Q4,33650800.0,,5571300.0,3088700.0,2.58,6.0,,13.9,,买入,,25.0
600048.SH,保利发展,20211112,保利发展：旧周期的长跑能手，新格局的成长力量,深度,一般报告,申万宏源证券,袁豪,2021Q4,29751600.0,,5389400.0,2987900.0,2.5,6.0,,14.9,,买入,,25.0
002837.SZ,英维克,20211112,英维克：第一名中标移动机房空调集采，产品力持续提升,点评,一般报告,东吴证券,"侯宾,宋晓东",2023Q4,395700.0,,46400.0,41500.0,1.24,35.64,,16.2,27.05,买入,,
002837.SZ,英维克,20211112,英维克：第一名中标移动机房空调集采，产品力持续提升,点评,一般报告,东吴证券,"侯宾,宋晓东",2022Q4,305500.0,,37500.0,33400.0,1.0,44.23,,15.2,35.67,买入,,
603444.SH,吉比特,20211112,吉比特：具有“超长线运营能力”的“小网易”,深度,首次关注,国金证券,"杨晓峰,伍兆丰",2021Q4,461600.0,387800.0,223700.0,158000.0,21.981,16.7,,33.68,,买入,,557.0
002439.SZ,启明星辰,20211112,启明星辰深度报告：于变局中开新局,深度,一般报告,浙商证券,"田杰华,邱世梁,刘熹",2023Q4,741100.0,,185300.0,168900.0,1.81,16.05,,18.4,11.33,买入,,
002439.SZ,启明星辰,20211112,启明星辰深度报告：于变局中开新局,深度,一般报告,浙商证券,"田杰华,邱世梁,刘熹",2022Q4,593200.0,,143700.0,131700.0,1.41,20.57,,17.07,14.79,买入,,
002439.SZ,启明星辰,20211112,启明星辰深度报告：于变局中开新局,深度,一般报告,浙商证券,"田杰华,邱世梁,刘熹",2021Q4,468900.0,,110200.0,102000.0,1.09,26.57,,15.6,19.46,买入,,
002837.SZ,英维克,20211112,英维克：第一名中标移动机房空调集采，产品力持续提升,点评,一般报告,东吴证券,"侯宾,宋晓东",2021Q4,233300.0,,28000.0,24700.0,0.74,59.96,,13.0,44.54,买入,,
000568.SZ,泸州老窖,20211112,白酒深度复盘之区域分析篇,非个股,一般报告,兴业证券,"赵国防,郭晓东",2023Q4,,,,1215744.555,8.3,,,,,无,,
000568.SZ,泸州老窖,20211112,白酒深度复盘之区域分析篇,非个股,一般报告,兴业证券,"赵国防,郭晓东",2022Q4,,,,972595.644,6.64,,,,,无,,
000568.SZ,泸州老窖,20211112,白酒深度复盘之区域分析篇,非个股,一般报告,兴业证券,"赵国防,郭晓东",2021Q4,,,,768995.05,5.25,,,,,无,,
000799.SZ,酒鬼酒,20211112,白酒深度复盘之区域分析篇,非个股,一般报告,兴业证券,"赵国防,郭晓东",2023Q4,,,,175461.649,5.4,,,,,无,,
000799.SZ,酒鬼酒,20211112,白酒深度复盘之区域分析篇,非个股,一般报告,兴业证券,"赵国防,郭晓东",2022Q4,,,,133545.811,4.11,,,,,无,,
000799.SZ,酒鬼酒,20211112,白酒深度复盘之区域分析篇,非个股,一般报告,兴业证券,"赵国防,郭晓东",2021Q4,,,,95204.191,2.93,,,,,无,,
603808.SH,歌力思,20211112,财信证券晨会纪要,非个股,一般报告,财信证券,"邹建军,陈诗璐",2023Q4,338900.0,,,79700.0,2.16,,,,,谨慎推荐,,
603808.SH,歌力思,20211112,财信证券晨会纪要,非个股,一般报告,财信证券,"邹建军,陈诗璐",2022Q4,293700.0,,,71800.0,1.94,,,,,谨慎推荐,,
603808.SH,歌力思,20211112,财信证券晨会纪要,非个股,一般报告,财信证券,"邹建军,陈诗璐",2021Q4,245400.0,,,61400.0,1.66,,,,,谨慎推荐,,
600926.SH,杭州银行,20211112,银行业：业绩延续高增，财富管理布局持续增厚盈利空间,非个股,一般报告,银河证券,张一纬,2021Q4,,,,865809.263,1.46,,,,,无,,
000858.SZ,五粮液,20211112,白酒深度复盘之区域分析篇,非个股,一般报告,兴业证券,"赵国防,郭晓东",2023Q4,,,,3415815.044,8.8,,,,,无,,
000858.SZ,五粮液,20211112,白酒深度复盘之区域分析篇,非个股,一般报告,兴业证券,"赵国防,郭晓东",2022Q4,,,,2887916.356,7.44,,,,,无,,
000858.SZ,五粮液,20211112,白酒深度复盘之区域分析篇,非个股,一般报告,兴业证券,"赵国防,郭晓东",2021Q4,,,,2363899.275,6.09,,,,,无,,
002304.SZ,洋河股份,20211112,白酒深度复盘之区域分析篇,非个股,一般报告,兴业证券,"赵国防,郭晓东",2023Q4,,,,1175450.64,7.8,,,,,无,,
600926.SH,杭州银行,20211112,银行业：业绩延续高增，财富管理布局持续增厚盈利空间,非个股,一般报告,银河证券,张一纬,2022Q4,,,,1037785.076,1.75,,,,,无,,
002304.SZ,洋河股份,20211112,白酒深度复盘之区域分析篇,非个股,一般报告,兴业证券,"赵国防,郭晓东",2022Q4,,,,991598.104,6.58,,,,,无,,
002304.SZ,洋河股份,20211112,白酒深度复盘之区域分析篇,非个股,一般报告,兴业证券,"赵国防,郭晓东",2021Q4,,,,764042.916,5.07,,,,,无,,
000157.SZ,中联重科,20211112,机械设备行业：10月挖机销量同比－31％，国内市场阶段性承压,非个股,一般报告,东吴证券,"周尔双,朱贝贝,罗悦",2023Q4,,,,1206223.05,1.39,,,,,无,,
000157.SZ,中联重科,20211112,机械设备行业：10月挖机销量同比－31％，国内市场阶段性承压,非个股,一般报告,东吴证券,"周尔双,朱贝贝,罗悦",2022Q4,,,,1015310.049,1.17,,,,,无,,
000157.SZ,中联重科,20211112,机械设备行业：10月挖机销量同比－31％，国内市场阶段性承压,非个股,一般报告,东吴证券,"周尔双,朱贝贝,罗悦",2021Q4,,,,754974.139,0.87,,,,,无,,
000596.SZ,古井贡酒,20211112,白酒深度复盘之区域分析篇,非个股,一般报告,兴业证券,"赵国防,郭晓东",2023Q4,,,,348876.0,6.6,,,,,无,,
000596.SZ,古井贡酒,20211112,白酒深度复盘之区域分析篇,非个股,一般报告,兴业证券,"赵国防,郭晓东",2022Q4,,,,293373.0,5.55,,,,,无,,
000596.SZ,古井贡酒,20211112,白酒深度复盘之区域分析篇,非个股,一般报告,兴业证券,"赵国防,郭晓东",2021Q4,,,,239984.4,4.54,,,,,无,,
603369.SH,今世缘,20211112,白酒深度复盘之区域分析篇,非个股,一般报告,兴业证券,"赵国防,郭晓东",2023Q4,,,,313625.0,2.5,,,,,无,,
603369.SH,今世缘,20211112,白酒深度复盘之区域分析篇,非个股,一般报告,兴业证券,"赵国防,郭晓东",2022Q4,,,,257172.5,2.05,,,,,无,,
603369.SH,今世缘,20211112,白酒深度复盘之区域分析篇,非个股,一般报告,兴业证券,"赵国防,郭晓东",2021Q4,,,,201974.5,1.61,,,,,无,,
600519.SH,贵州茅台,20211112,白酒深度复盘之区域分析篇,非个股,一般报告,兴业证券,"赵国防,郭晓东",2023Q4,,,,7147765.482,56.9,,,,,无,,
600519.SH,贵州茅台,20211112,白酒深度复盘之区域分析篇,非个股,一般报告,兴业证券,"赵国防,郭晓东",2022Q4,,,,6180493.176,49.2,,,,,无,,
600519.SH,贵州茅台,20211112,白酒深度复盘之区域分析篇,非个股,一般报告,兴业证券,"赵国防,郭晓东",2021Q4,,,,5299898.518,42.19,,,,,无,,
600970.SH,中材国际,20211112,国泰君安晨报,非个股,一般报告,国泰君安,"韩其成,满静雅",2022Q4,,,,190415.312,0.86,,,,,增持,,14.93
600970.SH,中材国际,20211112,国泰君安晨报,非个股,一般报告,国泰君安,"韩其成,满静雅",2021Q4,,,,168273.997,0.76,,,,,增持,,14.93
600970.SH,中材国际,20211112,国泰君安晨报,非个股,一般报告,国泰君安,"韩其成,满静雅",2023Q4,,,,212556.628,0.96,,,,,增持,,14.93
603444.SH,吉比特,20211112,吉比特72页深度报告：创新驱动，研运共进,深度,一般报告,国海证券,姚蕾,2023Q4,647400.0,,302300.0,205600.0,28.61,12.8,,22.0,,买入,,
002812.SZ,恩捷股份,20211112,恩捷股份：携手宁德，强强联合，龙头地位凸显,点评,一般报告,东吴证券,"曾朵红,阮巧燕,岳斯瑶",2021Q4,786700.0,,289300.0,251200.0,2.82,97.36,,19.6,67.0,买入,,343.7
603444.SH,吉比特,20211112,吉比特72页深度报告：创新驱动，研运共进,深度,一般报告,国海证券,姚蕾,2022Q4,566200.0,,258800.0,176000.0,24.49,15.0,,25.0,,买入,,
603444.SH,吉比特,20211112,吉比特72页深度报告：创新驱动，研运共进,深度,一般报告,国海证券,姚蕾,2021Q4,494700.0,,232000.0,157800.0,21.95,16.7,,29.0,,买入,,
002812.SZ,恩捷股份,20211112,恩捷股份：携手宁德，强强联合，龙头地位凸显,点评,一般报告,东吴证券,"曾朵红,阮巧燕,岳斯瑶",2023Q4,1752800.0,,676400.0,607500.0,6.81,40.26,,29.7,32.0,买入,,343.7
002812.SZ,恩捷股份,20211112,恩捷股份：携手宁德，强强联合，龙头地位凸显,点评,一般报告,东吴证券,"曾朵红,阮巧燕,岳斯瑶",2022Q4,1266200.0,,488300.0,438600.0,4.91,55.77,,27.3,42.0,买入,,343.7
920092.BJ,汉鑫科技,20211112,汉鑫科技公司研究报告：领先的政企IT解决方案厂商,新股,首份报告,海通证券,"郑宏达,于成龙",2021Q4,33700.0,,7100.0,6100.0,1.31,19.11,0.0,15.4,12.9,无,,
920873.BJ,中设咨询,20211112,中设咨询公司研究报告：立足西南，辐射全国的综合性全过程工程咨询企业,新股,首份报告,海通证券,张欣劼,2021Q4,23018.0,,3800.0,3300.0,0.29,20.84,0.0,10.5,9.85,无,,
301051.SZ,信濠光电,20211112,信濠光电：携手立铠开拓欧美大客户，打开长线成长空间,点评,一般报告,招商证券,鄢凡,2022Q4,260000.0,,32200.0,28000.0,3.51,41.4,,9.4,25.1,强烈推荐,,
301051.SZ,信濠光电,20211112,信濠光电：携手立铠开拓欧美大客户，打开长线成长空间,点评,一般报告,招商证券,鄢凡,2021Q4,185000.0,,23300.0,20000.0,2.5,57.9,,7.2,33.7,强烈推荐,,
688269.SH,凯立新材,20211112,凯立新材：三季度业绩超预期，传统淡季交出好的答卷,点评,一般报告,天风证券,"李辉,张峰,郭建奇",2023Q4,371421.0,,41659.0,36748.0,3.94,25.37,,23.32,20.28,买入,,174.0
688269.SH,凯立新材,20211112,凯立新材：三季度业绩超预期，传统淡季交出好的答卷,点评,一般报告,天风证券,"李辉,张峰,郭建奇",2022Q4,248016.0,,27365.0,24121.0,2.58,38.66,,19.97,30.79,买入,,174.0
688269.SH,凯立新材,20211112,凯立新材：三季度业绩超预期，传统淡季交出好的答卷,点评,一般报告,天风证券,"李辉,张峰,郭建奇",2021Q4,160416.0,,18889.0,16674.0,1.79,55.92,,17.25,47.77,买入,,174.0
603259.SH,药明康德,20211112,药明康德2021年三季报点评：景气度不减，一体化赋能持续发力,一般,一般报告,国信证券,"陈益凌,彭思宇",2023Q4,3763000.0,1471800.0,908600.0,765300.0,2.59,50.2,0.7,17.0,40.9,买入,,
603259.SH,药明康德,20211112,药明康德2021年三季报点评：景气度不减，一体化赋能持续发力,一般,一般报告,国信证券,"陈益凌,彭思宇",2022Q4,2955500.0,1148700.0,701500.0,590900.0,2.0,65.0,0.6,14.9,52.1,买入,,
605111.SH,新洁能,20211112,新洁能：拟定增建设SiC产业化项目，推进产品结构升级,点评,一般报告,安信证券,马良,2022Q4,209630.0,,61590.0,49130.0,3.47,51.2,0.0,23.7,38.2,买入,,213.5
605111.SH,新洁能,20211112,新洁能：拟定增建设SiC产业化项目，推进产品结构升级,点评,一般报告,安信证券,马良,2021Q4,156320.0,,47820.0,38430.0,2.71,65.4,0.0,24.3,51.2,买入,,213.5
920932.BJ,科达自控,20211112,科达自控公司研究报告：深耕煤矿生产领域自动化的领军企业,新股,首份报告,海通证券,"郑宏达,于成龙",2023Q4,49900.0,,9400.0,8400.0,1.2,11.6,0.0,11.8,13.17,无,,
920932.BJ,科达自控,20211112,科达自控公司研究报告：深耕煤矿生产领域自动化的领军企业,新股,首份报告,海通证券,"郑宏达,于成龙",2022Q4,38700.0,,7300.0,6500.0,0.93,14.97,0.0,10.3,15.46,无,,
920932.BJ,科达自控,20211112,科达自控公司研究报告：深耕煤矿生产领域自动化的领军企业,新股,首份报告,海通证券,"郑宏达,于成龙",2021Q4,29800.0,,5400.0,4800.0,0.69,20.17,0.0,8.5,18.41,无,,
920092.BJ,汉鑫科技,20211112,汉鑫科技公司研究报告：领先的政企IT解决方案厂商,新股,首份报告,海通证券,"郑宏达,于成龙",2023Q4,56000.0,,13200.0,11300.0,2.43,10.29,0.0,19.0,7.59,无,,
920092.BJ,汉鑫科技,20211112,汉鑫科技公司研究报告：领先的政企IT解决方案厂商,新股,首份报告,海通证券,"郑宏达,于成龙",2022Q4,44000.0,,10100.0,8700.0,1.87,13.36,0.0,18.1,9.77,无,,
920873.BJ,中设咨询,20211112,中设咨询公司研究报告：立足西南，辐射全国的综合性全过程工程咨询企业,新股,首份报告,海通证券,张欣劼,2023Q4,28021.0,,4800.0,4200.0,0.36,16.49,0.0,10.6,7.77,无,,
920873.BJ,中设咨询,20211112,中设咨询公司研究报告：立足西南，辐射全国的综合性全过程工程咨询企业,新股,首份报告,海通证券,张欣劼,2022Q4,25469.0,,4300.0,3800.0,0.33,18.16,0.0,10.8,8.79,无,,
688700.SH,东威科技,20211112,东威科技：PCB行业持续景气公司收入快速增长，PET镀铜设备处于需求爆发前夜,点评,一般报告,中银国际,"杨绍辉,陶波",2023Q4,164000.0,,43500.0,37900.0,2.573,33.4,0.6,33.4,27.0,买入,,
688700.SH,东威科技,20211112,东威科技：PCB行业持续景气公司收入快速增长，PET镀铜设备处于需求爆发前夜,点评,一般报告,中银国际,"杨绍辉,陶波",2022Q4,113800.0,,28200.0,24500.0,1.664,51.7,0.4,27.7,42.0,买入,,
688700.SH,东威科技,20211112,东威科技：PCB行业持续景气公司收入快速增长，PET镀铜设备处于需求爆发前夜,点评,一般报告,中银国际,"杨绍辉,陶波",2021Q4,81900.0,,19100.0,16600.0,1.129,76.2,0.3,28.2,62.7,买入,,
301051.SZ,信濠光电,20211112,信濠光电公司简评报告：手机拖累Q3业绩，看好国内及欧美客户共同发力,点评,首次关注,首创证券,"何立中,韩杨",2023Q4,384240.0,,48770.0,41940.0,5.242,20.7,,12.4,,买入,,
301051.SZ,信濠光电,20211112,信濠光电公司简评报告：手机拖累Q3业绩，看好国内及欧美客户共同发力,点评,首次关注,首创证券,"何立中,韩杨",2022Q4,263770.0,,32940.0,28330.0,3.541,30.7,,9.4,,买入,,
301051.SZ,信濠光电,20211112,信濠光电公司简评报告：手机拖累Q3业绩，看好国内及欧美客户共同发力,点评,首次关注,首创证券,"何立中,韩杨",2021Q4,186770.0,,24350.0,20940.0,2.618,41.5,,11.5,,买入,,
301051.SZ,信濠光电,20211112,信濠光电：携手立铠开拓欧美大客户，打开长线成长空间,点评,一般报告,招商证券,鄢凡,2023Q4,380000.0,,46000.0,40000.0,5.0,29.0,,12.1,14.3,强烈推荐,,
603259.SH,药明康德,20211112,药明康德2021年三季报点评：景气度不减，一体化赋能持续发力,一般,一般报告,国信证券,"陈益凌,彭思宇",2021Q4,2283100.0,878500.0,522500.0,440100.0,1.49,87.3,0.4,12.4,70.0,买入,,
605111.SH,新洁能,20211112,新洁能：拟定增建设SiC产业化项目，推进产品结构升级,点评,一般报告,安信证券,马良,2023Q4,268110.0,,69900.0,57460.0,4.06,43.8,0.0,21.7,33.4,买入,,213.5
688300.SH,联瑞新材,20211112,联瑞新材公司深度报告：国内硅微粉龙头，受益半导体行业发展,深度,一般报告,海通证券,"刘威,张翠翠,邓勇",2022Q4,82836.0,,29500.0,25500.0,2.96,29.04,0.0,18.1,26.05,优于大市,,
688300.SH,联瑞新材,20211112,联瑞新材公司深度报告：国内硅微粉龙头，受益半导体行业发展,深度,一般报告,海通证券,"刘威,张翠翠,邓勇",2021Q4,62612.0,,21500.0,18600.0,2.16,39.75,0.0,16.2,36.57,优于大市,,
603486.SH,科沃斯,20211112,科沃斯公司动态点评：双十一延续强势增长，可转债项目落地值得期待,点评,一般报告,民生证券,"刘文正,纪向阳",2023Q4,2288400.0,,375500.0,325000.0,5.68,31.5,0.6,34.0,20.3,推荐,,
603486.SH,科沃斯,20211112,科沃斯公司动态点评：双十一延续强势增长，可转债项目落地值得期待,点评,一般报告,民生证券,"刘文正,纪向阳",2022Q4,1700600.0,,298700.0,258500.0,4.51,39.5,0.4,37.6,26.3,推荐,,
603486.SH,科沃斯,20211112,科沃斯公司动态点评：双十一延续强势增长，可转债项目落地值得期待,点评,一般报告,民生证券,"刘文正,纪向阳",2021Q4,1264600.0,,230000.0,199100.0,3.48,51.4,0.3,41.9,35.8,推荐,,
688300.SH,联瑞新材,20211112,联瑞新材公司深度报告：国内硅微粉龙头，受益半导体行业发展,深度,一般报告,海通证券,"刘威,张翠翠,邓勇",2023Q4,101062.0,,36300.0,31400.0,3.65,23.56,0.0,18.3,20.73,优于大市,,
603078.SH,江化微,20211112,江化微：国产湿电子化学品龙头，积极扩产，前景可期——公司首次覆盖报告,一般,首次关注,开源证券,"刘翔,金益腾,罗通",2023Q4,213900.0,,26600.0,23900.0,1.22,21.8,,15.8,14.2,买入,,
300709.SZ,精研科技,20211112,精研科技：Q3业绩创历史新高，MIM龙头持续受益行业发展,一般,一般报告,国盛证券,"郑震湘,佘凌星,钟琳",2023Q4,375000.0,,30800.0,29600.0,2.13,25.3,,13.0,16.5,买入,,
300709.SZ,精研科技,20211112,精研科技：Q3业绩创历史新高，MIM龙头持续受益行业发展,一般,一般报告,国盛证券,"郑震湘,佘凌星,钟琳",2022Q4,300000.0,,22500.0,21700.0,1.57,34.5,,10.8,21.7,买入,,
300709.SZ,精研科技,20211112,精研科技：Q3业绩创历史新高，MIM龙头持续受益行业发展,一般,一般报告,国盛证券,"郑震湘,佘凌星,钟琳",2021Q4,230200.0,,16000.0,15400.0,1.11,48.8,,8.3,30.7,买入,,
300114.SZ,中航电测,20211112,中航电测：军民需求旺盛，三季度业绩持续增长,点评,一般报告,中信建投,"黎韬扬,王春阳",2023Q4,303900.0,,,47100.0,0.8,20.22,,,,增持,,
300114.SZ,中航电测,20211112,中航电测：军民需求旺盛，三季度业绩持续增长,点评,一般报告,中信建投,"黎韬扬,王春阳",2022Q4,253400.0,,,38700.0,0.65,24.61,,,,增持,,
301011.SZ,华立科技,20211112,华立科技公司季报点评：注重产品和模式创新，动漫IP业务稀缺高成长,点评,一般报告,海通证券,"毛云聪,孙小雯,陈星光,康百川,崔冰睿",2023Q4,131400.0,,25000.0,22500.0,2.59,24.2,0.0,17.9,14.62,优于大市,,
300114.SZ,中航电测,20211112,中航电测：军民需求旺盛，三季度业绩持续增长,点评,一般报告,中信建投,"黎韬扬,王春阳",2021Q4,211600.0,,,31800.0,0.54,29.95,,,,增持,,
301011.SZ,华立科技,20211112,华立科技公司季报点评：注重产品和模式创新，动漫IP业务稀缺高成长,点评,一般报告,海通证券,"毛云聪,孙小雯,陈星光,康百川,崔冰睿",2021Q4,64700.0,,8000.0,7200.0,0.83,75.54,0.0,8.1,34.94,优于大市,,
300776.SZ,帝尔激光,20211112,帝尔激光：光伏激光设备龙头，受益于新一轮技术革新,深度,首次关注,华鑫证券,刘华峰,2023Q4,227900.0,,82500.0,71100.0,6.72,23.1,,22.5,,推荐,,
300776.SZ,帝尔激光,20211112,帝尔激光：光伏激光设备龙头，受益于新一轮技术革新,深度,首次关注,华鑫证券,刘华峰,2022Q4,167300.0,,60300.0,52000.0,4.92,31.5,,20.0,,推荐,,
300776.SZ,帝尔激光,20211112,帝尔激光：光伏激光设备龙头，受益于新一轮技术革新,深度,首次关注,华鑫证券,刘华峰,2021Q4,135200.0,,47600.0,41100.0,3.88,40.0,,18.7,,推荐,,
603078.SH,江化微,20211112,江化微：国产湿电子化学品龙头，积极扩产，前景可期——公司首次覆盖报告,一般,首次关注,开源证券,"刘翔,金益腾,罗通",2022Q4,153200.0,,17100.0,15600.0,0.8,33.4,,11.9,21.3,买入,,
603078.SH,江化微,20211112,江化微：国产湿电子化学品龙头，积极扩产，前景可期——公司首次覆盖报告,一般,首次关注,开源证券,"刘翔,金益腾,罗通",2021Q4,86300.0,,5500.0,5000.0,0.25,104.7,,4.2,52.4,买入,,
600958.SH,东方证券,20211112,东方证券首次覆盖报告：资管业务引领增长，财富管理特色鲜明,深度,首次关注,西部证券,罗钻辉,2023Q4,3263500.0,,870100.0,841400.0,1.2,11.75,,11.82,,买入,,18.1
600958.SH,东方证券,20211112,东方证券首次覆盖报告：资管业务引领增长，财富管理特色鲜明,深度,首次关注,西部证券,罗钻辉,2022Q4,2947700.0,,706800.0,683500.0,0.98,14.47,,10.16,,买入,,18.1
600958.SH,东方证券,20211112,东方证券首次覆盖报告：资管业务引领增长，财富管理特色鲜明,深度,首次关注,西部证券,罗钻辉,2021Q4,2659300.0,,579800.0,560700.0,0.8,17.64,,8.86,,买入,,18.1
301011.SZ,华立科技,20211112,华立科技公司季报点评：注重产品和模式创新，动漫IP业务稀缺高成长,点评,一般报告,海通证券,"毛云聪,孙小雯,陈星光,康百川,崔冰睿",2022Q4,94100.0,,15900.0,14300.0,1.65,38.08,0.0,13.9,21.76,优于大市,,
688533.SH,上声电子,20211112,上声电子首次覆盖报告：把握消费升级，汽车声学龙头量价齐升,一般,首次关注,国泰君安,"吴晓飞,管正月",2023Q4,242600.0,,,20500.0,1.28,29.25,2.4,22.6,21.19,增持,,46.02
688533.SH,上声电子,20211112,上声电子首次覆盖报告：把握消费升级，汽车声学龙头量价齐升,一般,首次关注,国泰君安,"吴晓飞,管正月",2022Q4,185900.0,,,14600.0,0.91,41.11,1.8,18.0,30.39,增持,,46.02
688533.SH,上声电子,20211112,上声电子首次覆盖报告：把握消费升级，汽车声学龙头量价齐升,一般,首次关注,国泰君安,"吴晓飞,管正月",2021Q4,136900.0,,,8300.0,0.52,72.66,1.1,11.1,55.3,增持,,46.02
605089.SH,味知香,20211112,味知香公司研究报告：预制菜行业高景气，加盟渠道持续拓展,一般,首次关注,海通证券,"颜慧菁,程碧升",2022Q4,92691.0,,20000.0,19100.0,1.91,37.38,0.0,13.8,33.06,优于大市,,
605089.SH,味知香,20211112,味知香公司研究报告：预制菜行业高景气，加盟渠道持续拓展,一般,首次关注,海通证券,"颜慧菁,程碧升",2021Q4,78185.0,,16700.0,16000.0,1.6,44.81,0.0,13.3,40.29,优于大市,,
600305.SH,恒顺醋业,20211112,恒顺醋业：募投缓解产能瓶颈，多品种布局利于长期发展,点评,一般报告,中银国际,"毕翘楚,汤玮亮",2022Q4,223200.0,,33600.0,27200.0,0.272,61.3,0.8,10.4,41.0,增持,,
600305.SH,恒顺醋业,20211112,恒顺醋业：募投缓解产能瓶颈，多品种布局利于长期发展,点评,一般报告,中银国际,"毕翘楚,汤玮亮",2021Q4,197300.0,,25100.0,20300.0,0.203,82.2,0.6,8.1,55.8,增持,,
300769.SZ,德方纳米,20211112,德方纳米重大事项点评：拟定增募资32亿元，巩固铁锂材料龙头地位,点评,一般报告,中信证券,"袁健聪,李鹞,吴威辰,滕冠兴",2022Q4,961700.0,,128200.0,90800.0,10.17,53.5,,26.8,35.2,买入,,672.0
300769.SZ,德方纳米,20211112,德方纳米重大事项点评：拟定增募资32亿元，巩固铁锂材料龙头地位,点评,一般报告,中信证券,"袁健聪,李鹞,吴威辰,滕冠兴",2021Q4,384100.0,,47800.0,37000.0,4.15,131.1,,14.9,83.5,买入,,672.0
002353.SZ,杰瑞股份,20211112,杰瑞股份：斩获科威特项目大单，打开油气工程总包市场空间,点评,一般报告,兴业证券,"石康,李雅哲",2023Q4,1289500.0,,335300.0,282400.0,2.95,14.4,,16.1,,审慎增持,,
002353.SZ,杰瑞股份,20211112,杰瑞股份：斩获科威特项目大单，打开油气工程总包市场空间,点评,一般报告,兴业证券,"石康,李雅哲",2022Q4,1075600.0,,268200.0,225900.0,2.36,18.0,,15.1,,审慎增持,,
600104.SH,上汽集团,20211112,上汽集团动态点评：月度销量环比改善，新能源创新高,点评,一般报告,东方财富证券,"周旭辉,陈栎熙",2021Q4,80155200.0,,,2698066.0,2.31,9.96,,,4.87,增持,,
600233.SH,圆通速递,20211112,圆通速递点评：高管增持彰显信心，阶段追赶值得期待,点评,一般报告,国泰君安,"岳鑫,郑武,张哲恺",2021Q4,4408100.0,,,142300.0,0.45,31.7,0.8,7.8,18.1,增持,,17.99
605089.SH,味知香,20211112,味知香公司研究报告：预制菜行业高景气，加盟渠道持续拓展,一般,首次关注,海通证券,"颜慧菁,程碧升",2023Q4,110083.0,,23900.0,22800.0,2.28,31.36,0.0,14.1,27.64,优于大市,,
600305.SH,恒顺醋业,20211112,恒顺醋业：募投缓解产能瓶颈，多品种布局利于长期发展,点评,一般报告,中银国际,"毕翘楚,汤玮亮",2023Q4,251800.0,,39400.0,31900.0,0.318,52.3,1.0,11.4,35.2,增持,,
300769.SZ,德方纳米,20211112,德方纳米重大事项点评：拟定增募资32亿元，巩固铁锂材料龙头地位,点评,一般报告,中信证券,"袁健聪,李鹞,吴威辰,滕冠兴",2023Q4,1561100.0,,242200.0,151100.0,16.93,32.1,,30.8,20.8,买入,,672.0
688668.SH,鼎通科技,20211112,鼎通科技重大事件快评：深耕连接器组件，布局新能源车新品类,一般,首次关注,国信证券,"马成龙,陈彤",2023Q4,98562.0,,,23000.0,2.65,20.9,0.2,18.0,17.0,买入,,
688668.SH,鼎通科技,20211112,鼎通科技重大事件快评：深耕连接器组件，布局新能源车新品类,一般,首次关注,国信证券,"马成龙,陈彤",2022Q4,72658.0,,,17000.0,1.96,28.2,0.1,17.0,22.9,买入,,
688668.SH,鼎通科技,20211112,鼎通科技重大事件快评：深耕连接器组件，布局新能源车新品类,一般,首次关注,国信证券,"马成龙,陈彤",2021Q4,51839.0,,,11000.0,1.33,41.8,0.1,13.0,34.0,买入,,
600699.SH,均胜电子,20211112,均胜电子：安全业务引入战略投资者，企业价值迎来重估——中小盘信息更新,点评,一般报告,开源证券,任浪,2023Q4,6238700.0,,262200.0,200500.0,1.47,14.69,,9.7,8.1,买入,,
600699.SH,均胜电子,20211112,均胜电子：安全业务引入战略投资者，企业价值迎来重估——中小盘信息更新,点评,一般报告,开源证券,任浪,2022Q4,5515000.0,,154200.0,131100.0,0.96,22.49,,6.3,10.9,买入,,
600699.SH,均胜电子,20211112,均胜电子：安全业务引入战略投资者，企业价值迎来重估——中小盘信息更新,点评,一般报告,开源证券,任浪,2021Q4,4947100.0,,56500.0,63200.0,0.46,46.6,,2.3,15.0,买入,,
600104.SH,上汽集团,20211112,上汽集团动态点评：月度销量环比改善，新能源创新高,点评,一般报告,东方财富证券,"周旭辉,陈栎熙",2023Q4,95505453.0,,,3413820.0,2.92,7.87,,,2.51,增持,,
600104.SH,上汽集团,20211112,上汽集团动态点评：月度销量环比改善，新能源创新高,点评,一般报告,东方财富证券,"周旭辉,陈栎熙",2022Q4,89138460.0,,,3095834.0,2.65,8.68,,,3.55,增持,,
002353.SZ,杰瑞股份,20211112,杰瑞股份：斩获科威特项目大单，打开油气工程总包市场空间,点评,一般报告,兴业证券,"石康,李雅哲",2021Q4,920100.0,,222600.0,187000.0,1.95,21.8,,14.4,,审慎增持,,
600233.SH,圆通速递,20211112,圆通速递点评：高管增持彰显信心，阶段追赶值得期待,点评,一般报告,国泰君安,"岳鑫,郑武,张哲恺",2023Q4,7279300.0,,,204200.0,0.65,22.1,1.2,9.8,12.1,增持,,17.99
600233.SH,圆通速递,20211112,圆通速递点评：高管增持彰显信心，阶段追赶值得期待,点评,一般报告,国泰君安,"岳鑫,郑武,张哲恺",2022Q4,5696400.0,,,166500.0,0.53,27.0,1.0,8.6,14.1,增持,,17.99
605111.SH,新洁能,20211112,新洁能：定增发力三代半及功率模块，股权激励彰显发展信心——公司信息更新报告,点评,一般报告,开源证券,"刘翔,盛晓君",2023Q4,288500.0,,79200.0,70400.0,4.97,35.7,,25.4,30.2,买入,,
605111.SH,新洁能,20211112,新洁能：定增发力三代半及功率模块，股权激励彰显发展信心——公司信息更新报告,点评,一般报告,开源证券,"刘翔,盛晓君",2022Q4,214900.0,,58700.0,52200.0,3.68,48.2,,25.3,41.6,买入,,
600048.SH,保利发展,20211112,保利发展：拿地转谨慎，资产质量提升——2021年10月经营数据点评,点评,一般报告,国泰君安,"谢皓宇,郝亚雯,白淑媛",2023Q4,40743800.0,,,4954800.0,4.14,3.59,8.9,18.8,5.41,增持,,16.56
600048.SH,保利发展,20211112,保利发展：拿地转谨慎，资产质量提升——2021年10月经营数据点评,点评,一般报告,国泰君安,"谢皓宇,郝亚雯,白淑媛",2022Q4,33595200.0,,,4001300.0,3.34,4.44,7.2,17.4,6.01,增持,,16.56
605111.SH,新洁能,20211112,新洁能：定增发力三代半及功率模块，股权激励彰显发展信心——公司信息更新报告,点评,一般报告,开源证券,"刘翔,盛晓君",2021Q4,158000.0,,48100.0,42700.0,3.01,58.9,,27.6,51.9,买入,,
600048.SH,保利发展,20211112,保利发展：拿地转谨慎，资产质量提升——2021年10月经营数据点评,点评,一般报告,国泰君安,"谢皓宇,郝亚雯,白淑媛",2021Q4,27459900.0,,,3237700.0,2.7,5.49,5.5,16.0,6.61,增持,,16.56
002458.SZ,益生股份,20211112,益生股份10月销售简报点评：鸡苗出栏稳定增长，产能持续优化,点评,一般报告,国泰君安,"钟凯锋,李晓渊",2023Q4,231700.0,,,38300.0,0.39,29.39,2.2,11.5,15.1,增持,,14.82
002458.SZ,益生股份,20211112,益生股份10月销售简报点评：鸡苗出栏稳定增长，产能持续优化,点评,一般报告,国泰君安,"钟凯锋,李晓渊",2022Q4,213500.0,,,34400.0,0.35,32.72,2.2,10.7,16.58,增持,,14.82
002458.SZ,益生股份,20211112,益生股份10月销售简报点评：鸡苗出栏稳定增长，产能持续优化,点评,一般报告,国泰君安,"钟凯锋,李晓渊",2021Q4,190300.0,,,21900.0,0.22,51.51,2.2,7.0,21.27,增持,,14.82
002385.SZ,大北农,20211112,大北农2021年10月生猪销售简报点评：生猪出栏稳定增长，成长性依旧显著,点评,一般报告,国泰君安,"钟凯锋,李晓渊",2023Q4,3559600.0,,,230900.0,0.56,18.29,1.5,16.4,13.77,增持,,21.28
600803.SH,新奥股份,20211112,新奥股份公司季报点评：三季度业绩高增长，拟重大资产重组完善天然气产业链,点评,一般报告,海通证券,"邓勇,朱军军,刘威",2023Q4,13548672.0,,1896600.0,515900.0,1.81,9.99,0.0,23.5,4.2,优于大市,,
600803.SH,新奥股份,20211112,新奥股份公司季报点评：三季度业绩高增长，拟重大资产重组完善天然气产业链,点评,一般报告,海通证券,"邓勇,朱军军,刘威",2022Q4,11909752.0,,1726200.0,462600.0,1.63,11.14,0.0,27.6,5.49,优于大市,,
603010.SH,万盛股份,20211112,万盛股份：增资福建中州，大力布局新能源上游材料,点评,一般报告,中信建投,邓胜,2022Q4,432812.0,,,100491.0,2.076,10.61,,30.76,8.12,买入,,40.0
300351.SZ,永贵电器,20211112,永贵电器重大事件快评：轨交连接器龙头，发力新能源赛道,一般,首次关注,国信证券,"马成龙,陈彤",2023Q4,198000.0,,26400.0,25200.0,0.66,18.8,0.1,10.0,19.2,买入,,
600305.SH,恒顺醋业,20211112,恒顺醋业：发布定增及提价公告，新产能和改革落地后业绩可期,点评,一般报告,中金,"王文丹,黄佳媛",2022Q4,224600.0,,30800.0,25000.0,0.25,65.5,0.8,9.9,49.6,跑赢行业,,17.0
600305.SH,恒顺醋业,20211112,恒顺醋业：发布定增及提价公告，新产能和改革落地后业绩可期,点评,一般报告,中金,"王文丹,黄佳媛",2021Q4,199800.0,,27200.0,22000.0,0.22,74.2,0.7,9.1,51.3,跑赢行业,,17.0
300037.SZ,新宙邦,20211112,新宙邦公告点评：重大合同签订进军北美市场，深化公司全球化战略布局,点评,一般报告,光大证券,"赵乃迪,周家诺",2022Q4,1107000.0,,196500.0,174200.0,4.24,31.0,1.0,23.25,23.2,买入,,
002385.SZ,大北农,20211112,大北农2021年10月生猪销售简报点评：生猪出栏稳定增长，成长性依旧显著,点评,一般报告,国泰君安,"钟凯锋,李晓渊",2022Q4,3090400.0,,,113000.0,0.27,37.4,1.5,9.6,27.84,增持,,21.28
002385.SZ,大北农,20211112,大北农2021年10月生猪销售简报点评：生猪出栏稳定增长，成长性依旧显著,点评,一般报告,国泰君安,"钟凯锋,李晓渊",2021Q4,2348700.0,,,13600.0,0.0328,310.11,1.5,1.3,3749.16,增持,,21.28
600803.SH,新奥股份,20211112,新奥股份公司季报点评：三季度业绩高增长，拟重大资产重组完善天然气产业链,点评,一般报告,海通证券,"邓勇,朱军军,刘威",2021Q4,10536346.0,,1680600.0,403300.0,1.42,12.78,0.0,33.2,6.64,优于大市,,
300351.SZ,永贵电器,20211112,永贵电器重大事件快评：轨交连接器龙头，发力新能源赛道,一般,首次关注,国信证券,"马成龙,陈彤",2022Q4,155700.0,,18500.0,17600.0,0.46,26.9,0.0,8.0,23.7,买入,,
300351.SZ,永贵电器,20211112,永贵电器重大事件快评：轨交连接器龙头，发力新能源赛道,一般,首次关注,国信证券,"马成龙,陈彤",2021Q4,117200.0,,12700.0,12100.0,0.32,39.1,0.0,6.0,28.0,买入,,
603010.SH,万盛股份,20211112,万盛股份：增资福建中州，大力布局新能源上游材料,点评,一般报告,中信建投,邓胜,2021Q4,356636.0,,,85295.0,1.762,12.5,,36.4,9.2,买入,,40.0
600305.SH,恒顺醋业,20211112,恒顺醋业：发布定增及提价公告，新产能和改革落地后业绩可期,点评,一般报告,中金,"王文丹,黄佳媛",2023Q4,255500.0,,,37500.0,0.37,,,,,跑赢行业,,17.0
300037.SZ,新宙邦,20211112,新宙邦公告点评：重大合同签订进军北美市场，深化公司全球化战略布局,点评,一般报告,光大证券,"赵乃迪,周家诺",2023Q4,1422500.0,,245400.0,217700.0,5.3,25.0,1.2,23.81,19.0,买入,,
300037.SZ,新宙邦,20211112,新宙邦公告点评：重大合同签订进军北美市场，深化公司全球化战略布局,点评,一般报告,光大证券,"赵乃迪,周家诺",2021Q4,736900.0,,151500.0,134200.0,3.27,40.0,0.8,21.79,29.4,买入,,
603010.SH,万盛股份,20211112,万盛股份：增资福建中州，大力布局新能源上游材料,点评,一般报告,中信建投,邓胜,2023Q4,589777.0,,,126740.0,2.619,8.41,,28.46,6.01,买入,,40.0
688981.SH,中芯国际,20211112,中芯国际：不畏产能受限，增长仍优于台积电／联电,点评,一般报告,国金证券,"郑弼禹,邵广雨,赵晋",2023Q4,4700000.0,1443000.0,1278000.0,1188000.0,1.503,38.0,,6.0,,增持,,77.0
688981.SH,中芯国际,20211112,中芯国际：不畏产能受限，增长仍优于台积电／联电,点评,一般报告,国金证券,"郑弼禹,邵广雨,赵晋",2021Q4,3512000.0,1072000.0,898000.0,850000.0,1.075,53.0,,5.0,,增持,,77.0
688981.SH,中芯国际,20211112,中芯国际：产能持续加码，ASP快速提升,点评,一般报告,东方证券,"蒯剑,马天翼,唐权喜,李庭旭,韩潇锐",2023Q4,4987500.0,,1267500.0,1106100.0,1.4,41.8,,9.0,,买入,,92.93
688981.SH,中芯国际,20211112,中芯国际：产能持续加码，ASP快速提升,点评,一般报告,东方证券,"蒯剑,马天翼,唐权喜,李庭旭,韩潇锐",2022Q4,4363600.0,,1073200.0,943600.0,1.19,49.0,,8.4,,买入,,92.93
688981.SH,中芯国际,20211112,中芯国际：产能持续加码，ASP快速提升,点评,一般报告,东方证券,"蒯剑,马天翼,唐权喜,李庭旭,韩潇锐",2021Q4,3583200.0,,1019100.0,903200.0,1.14,51.1,,8.7,,买入,,92.93
688981.SH,中芯国际,20211112,中芯国际：不畏产能受限，增长仍优于台积电／联电,点评,一般报告,国金证券,"郑弼禹,邵广雨,赵晋",2022Q4,4233000.0,1358000.0,1231000.0,1142000.0,1.445,39.0,,6.0,,增持,,77.0
600567.SH,山鹰国际,20211112,Shanying_INTL_HLDG：Q3_Profitability_under_Pressure，Maintain_Optimistic_of_Waste_Paper’s_Performance_in_Peak_Season,点评,首份报告,海通国际证券,Mengxuan Zhou,2023Q4,4451400.0,,322400.0,276900.0,0.6,,2.0,11.9,5.81,OUTPERFORM,,3.98
600567.SH,山鹰国际,20211112,Shanying_INTL_HLDG：Q3_Profitability_under_Pressure，Maintain_Optimistic_of_Waste_Paper’s_Performance_in_Peak_Season,点评,首份报告,海通国际证券,Mengxuan Zhou,2022Q4,3948400.0,,286900.0,246400.0,0.53,,1.7,11.9,6.61,OUTPERFORM,,3.98
600567.SH,山鹰国际,20211112,Shanying_INTL_HLDG：Q3_Profitability_under_Pressure，Maintain_Optimistic_of_Waste_Paper’s_Performance_in_Peak_Season,点评,首份报告,海通国际证券,Mengxuan Zhou,2021Q4,3362600.0,,212500.0,182600.0,0.4,,1.3,9.8,7.99,OUTPERFORM,,3.98
002511.SZ,中顺洁柔,20211112,C＆S_Paper：Facing_Pressure_from_High_Base_and_Cost_in_Q3，C＆S_Paper_Took_Active_Marketing_to_Address_the_Issues,点评,首份报告,海通国际证券,Mengxuan Zhou,2023Q4,1138200.0,,99300.0,82700.0,0.63,,0.0,11.4,13.94,OUTPERFORM,,20.46
002511.SZ,中顺洁柔,20211112,C＆S_Paper：Facing_Pressure_from_High_Base_and_Cost_in_Q3，C＆S_Paper_Took_Active_Marketing_to_Address_the_Issues,点评,首份报告,海通国际证券,Mengxuan Zhou,2022Q4,1006300.0,,85600.0,71200.0,0.54,,0.0,11.1,16.44,OUTPERFORM,,20.46
002511.SZ,中顺洁柔,20211112,C＆S_Paper：Facing_Pressure_from_High_Base_and_Cost_in_Q3，C＆S_Paper_Took_Active_Marketing_to_Address_the_Issues,点评,首份报告,海通国际证券,Mengxuan Zhou,2021Q4,888600.0,,76700.0,63800.0,0.49,,0.0,11.2,18.82,OUTPERFORM,,20.46
301078.SZ,孩子王,20211112,孩子王：营收稳健增长，毛利率持续提升,一般,一般报告,广发证券,"洪涛,嵇文欣,李靖",2022Q4,1212600.0,,67300.0,55500.0,0.51,,,15.1,17.5,买入,,17.86
301078.SZ,孩子王,20211112,孩子王：营收稳健增长，毛利率持续提升,一般,一般报告,广发证券,"洪涛,嵇文欣,李靖",2021Q4,968800.0,,48900.0,41200.0,0.38,,,13.2,18.74,买入,,17.86
301078.SZ,孩子王,20211112,孩子王：营收稳健增长，毛利率持续提升,一般,一般报告,广发证券,"洪涛,嵇文欣,李靖",2023Q4,1520400.0,,88300.0,73200.0,0.67,,,16.6,14.27,买入,,17.86
688017.SH,绿的谐波,20211112,电力电气设备：工业自动化跟踪：3Q21需求增速回归，结构分化显著,非个股,一般报告,中金,"曾韬,蒋昕昊",2021Q4,,,,20800.0,1.727,,,11.8,,跑赢行业,,159.0
688017.SH,绿的谐波,20211112,电力电气设备：工业自动化跟踪：3Q21需求增速回归，结构分化显著,非个股,一般报告,中金,"曾韬,蒋昕昊",2022Q4,,,,30500.0,2.533,,,15.5,,跑赢行业,,159.0
601766.SH,中国中车,20211112,CRRC_Corp－A：Investment_Thesis，Valuation_and_Risks,点评,首份报告,摩根大通证券,Karen Li,2023Q4,30322400.0,6595500.0,1957700.0,1438400.0,0.5,,2.9,8.8,5.0,Overweight,,8.6
601766.SH,中国中车,20211112,CRRC_Corp－A：Investment_Thesis，Valuation_and_Risks,点评,首份报告,摩根大通证券,Karen Li,2021Q4,24475400.0,5220600.0,1565400.0,1150200.0,0.4,,2.3,7.9,6.9,Overweight,,8.6
601766.SH,中国中车,20211112,CRRC_Corp－A：Investment_Thesis，Valuation_and_Risks,点评,首份报告,摩根大通证券,Karen Li,2022Q4,27724300.0,5982600.0,1778800.0,1307000.0,0.45,,2.7,8.5,5.5,Overweight,,8.6
603708.SH,家家悦,20211112,家家悦首次覆盖：突破自我，砥砺前行,深度,首次评级,中泰证券,皇甫晓晗,2023Q4,2242900.0,,61200.0,45300.0,0.74,,,12.2,5.2,增持,,
603708.SH,家家悦,20211112,家家悦首次覆盖：突破自我，砥砺前行,深度,首次评级,中泰证券,皇甫晓晗,2022Q4,1996100.0,,45600.0,36600.0,0.6,,,10.7,6.2,增持,,
603708.SH,家家悦,20211112,家家悦首次覆盖：突破自我，砥砺前行,深度,首次评级,中泰证券,皇甫晓晗,2021Q4,1755100.0,,30300.0,21700.0,0.36,,,6.8,7.6,增持,,
002840.SZ,华统股份,20211112,华统股份公司深度报告：迈入快速发展期，屠宰肉制品齐发力,深度,一般报告,长城证券,刘鹏,2023Q4,1564400.0,,75163.0,50600.0,0.92,11.2,,17.83,7.07,增持,,
002840.SZ,华统股份,20211112,华统股份公司深度报告：迈入快速发展期，屠宰肉制品齐发力,深度,一般报告,长城证券,刘鹏,2022Q4,1331400.0,,55727.0,35600.0,0.65,15.95,,15.97,9.71,增持,,
002840.SZ,华统股份,20211112,华统股份公司深度报告：迈入快速发展期，屠宰肉制品齐发力,深度,一般报告,长城证券,刘鹏,2021Q4,1086900.0,,38881.0,21000.0,0.38,26.99,,13.71,14.13,增持,,
300239.SZ,东宝生物,20211111,东宝生物公司动态点评：股东结构优化，协同发展大健康产业，Q3归母净利同比增长64％,点评,首次关注,长城证券,"刘鹏,黄淑妍",2023Q4,111672.0,,9516.0,6851.0,0.115,46.76,,5.07,19.48,增持,,
300239.SZ,东宝生物,20211111,东宝生物公司动态点评：股东结构优化，协同发展大健康产业，Q3归母净利同比增长64％,点评,首次关注,长城证券,"刘鹏,黄淑妍",2022Q4,93406.0,,7174.0,5280.0,0.089,60.68,,4.64,23.5,增持,,
300239.SZ,东宝生物,20211111,东宝生物公司动态点评：股东结构优化，协同发展大健康产业，Q3归母净利同比增长64％,点评,首次关注,长城证券,"刘鹏,黄淑妍",2021Q4,77358.0,,5492.0,3913.0,0.066,81.89,,3.94,29.23,增持,,
688105.SH,诺唯赞,20211111,诺唯赞：国产分子类生物试剂龙头企业,新股,首份报告,西南证券,杜向阳,2023Q4,220811.0,,117381.0,99773.0,2.49,,,18.09,,无,,
688105.SH,诺唯赞,20211111,诺唯赞：国产分子类生物试剂龙头企业,新股,首份报告,西南证券,杜向阳,2022Q4,175331.0,,89419.0,76006.0,1.9,,,16.27,,无,,
688105.SH,诺唯赞,20211111,诺唯赞：国产分子类生物试剂龙头企业,新股,首份报告,西南证券,杜向阳,2021Q4,174059.0,,79797.0,67827.0,1.7,,,16.76,,无,,
601128.SH,常熟银行,20211111,银行：贷款增速企稳，估值有望修复,非个股,一般报告,财信证券,"周策,王琰林",2022Q4,,,,249417.889,0.91,,,,,谨慎推荐,,
601128.SH,常熟银行,20211111,银行：贷款增速企稳，估值有望修复,非个股,一般报告,财信证券,"周策,王琰林",2021Q4,,,,213786.762,0.78,,,,,谨慎推荐,,
603578.SH,三星新材,20211111,三星新材深度报告：商用冷柜隐形冠军，乘风冷链和终端冷柜发展开启高增,深度,首次关注,浙商证券,"马莉,汪海洋",2023Q4,120100.0,,19600.0,17600.0,1.37,12.59,,15.86,8.18,买入,,
603578.SH,三星新材,20211111,三星新材深度报告：商用冷柜隐形冠军，乘风冷链和终端冷柜发展开启高增,深度,首次关注,浙商证券,"马莉,汪海洋",2022Q4,100500.0,,15400.0,14000.0,1.09,15.83,,14.47,10.78,买入,,
603578.SH,三星新材,20211111,三星新材深度报告：商用冷柜隐形冠军，乘风冷链和终端冷柜发展开启高增,深度,首次关注,浙商证券,"马莉,汪海洋",2021Q4,79200.0,,11500.0,10300.0,0.8,21.56,,12.72,15.66,买入,,
002579.SZ,中京电子,20211111,电子元器件：PCB产业升级趋势明确，四大领域爆发打开需求空间,非个股,一般报告,国泰君安,"王聪,苏凌瑶,文紫妍",2023Q4,,,,53304.774,0.88,,,,,增持,,12.98
002579.SZ,中京电子,20211111,电子元器件：PCB产业升级趋势明确，四大领域爆发打开需求空间,非个股,一般报告,国泰君安,"王聪,苏凌瑶,文紫妍",2022Q4,,,,35738.428,0.59,,,,,增持,,12.98
002579.SZ,中京电子,20211111,电子元器件：PCB产业升级趋势明确，四大领域爆发打开需求空间,非个股,一般报告,国泰君安,"王聪,苏凌瑶,文紫妍",2021Q4,,,,23017.971,0.38,,,,,增持,,12.98
603228.SH,景旺电子,20211111,电子元器件：PCB产业升级趋势明确，四大领域爆发打开需求空间,非个股,一般报告,国泰君安,"王聪,苏凌瑶,文紫妍",2022Q4,,,,134637.792,1.58,,,,,增持,,39.5
603228.SH,景旺电子,20211111,电子元器件：PCB产业升级趋势明确，四大领域爆发打开需求空间,非个股,一般报告,国泰君安,"王聪,苏凌瑶,文紫妍",2021Q4,,,,97143.724,1.14,,,,,增持,,39.5
001206.SZ,依依股份,20211111,它经济崛起，“精神寄托”利好宠物行业：农林牧渔行业,非个股,一般报告,国联证券,陈梦瑶,2023Q4,210311.0,,,24147.0,2.56,,,,,买入,,54.6
603228.SH,景旺电子,20211111,电子元器件：PCB产业升级趋势明确，四大领域爆发打开需求空间,非个股,一般报告,国泰君安,"王聪,苏凌瑶,文紫妍",2023Q4,,,,158497.654,1.86,,,,,增持,,39.5
001206.SZ,依依股份,20211111,它经济崛起，“精神寄托”利好宠物行业：农林牧渔行业,非个股,一般报告,国联证券,陈梦瑶,2022Q4,170955.0,,,18357.0,1.95,,,,,买入,,54.6
001206.SZ,依依股份,20211111,它经济崛起，“精神寄托”利好宠物行业：农林牧渔行业,非个股,一般报告,国联证券,陈梦瑶,2021Q4,141592.0,,,15488.0,1.64,,,,,买入,,54.6
600587.SH,新华医疗,20211111,知常明变，守正创新——医药生物行业2022年投资策略,非个股,一般报告,光大证券,"林小伟,黄卓,王明瑞,吴佳青,黄素青,叶思奥,黎一江",2023Q4,1307283.0,,,86319.0,2.12,,,13.77,,买入,,
600587.SH,新华医疗,20211111,知常明变，守正创新——医药生物行业2022年投资策略,非个股,一般报告,光大证券,"林小伟,黄卓,王明瑞,吴佳青,黄素青,叶思奥,黎一江",2022Q4,1162187.0,,,70182.0,1.73,,,12.71,,买入,,
600587.SH,新华医疗,20211111,知常明变，守正创新——医药生物行业2022年投资策略,非个股,一般报告,光大证券,"林小伟,黄卓,王明瑞,吴佳青,黄素青,叶思奥,黎一江",2021Q4,1033483.0,,,56657.0,1.39,,,11.54,,买入,,
603323.SH,苏农银行,20211111,商业银行业日报,非个股,一般报告,国泰君安,蒋中煜,2021Q4,,,,104578.075,0.58,,,,,增持,,
688131.SH,皓元医药,20211111,知常明变，守正创新——医药生物行业2022年投资策略,非个股,一般报告,光大证券,"林小伟,黄卓,王明瑞,吴佳青,黄素青,叶思奥,黎一江",2023Q4,183900.0,,,42500.0,5.72,,,30.16,,增持,,
688131.SH,皓元医药,20211111,知常明变，守正创新——医药生物行业2022年投资策略,非个股,一般报告,光大证券,"林小伟,黄卓,王明瑞,吴佳青,黄素青,叶思奥,黎一江",2022Q4,129800.0,,,28700.0,3.87,,,28.74,,增持,,
688131.SH,皓元医药,20211111,知常明变，守正创新——医药生物行业2022年投资策略,非个股,一般报告,光大证券,"林小伟,黄卓,王明瑞,吴佳青,黄素青,叶思奥,黎一江",2021Q4,91300.0,,,19400.0,2.61,,,26.88,,增持,,
002815.SZ,崇达技术,20211111,电子元器件：PCB产业升级趋势明确，四大领域爆发打开需求空间,非个股,一般报告,国泰君安,"王聪,苏凌瑶,文紫妍",2023Q4,,,,116459.934,1.33,,,,,增持,,25.75
002815.SZ,崇达技术,20211111,电子元器件：PCB产业升级趋势明确，四大领域爆发打开需求空间,非个股,一般报告,国泰君安,"王聪,苏凌瑶,文紫妍",2022Q4,,,,90190.776,1.03,,,,,增持,,25.75
002815.SZ,崇达技术,20211111,电子元器件：PCB产业升级趋势明确，四大领域爆发打开需求空间,非个股,一般报告,国泰君安,"王聪,苏凌瑶,文紫妍",2021Q4,,,,68299.811,0.78,,,,,增持,,25.75
300673.SZ,佩蒂股份,20211111,它经济崛起，“精神寄托”利好宠物行业：农林牧渔行业,非个股,一般报告,国联证券,陈梦瑶,2023Q4,267810.0,,,29380.0,1.16,,,,,买入,,22.0
300673.SZ,佩蒂股份,20211111,它经济崛起，“精神寄托”利好宠物行业：农林牧渔行业,非个股,一般报告,国联证券,陈梦瑶,2022Q4,210140.0,,,22200.0,0.88,,,,,买入,,22.0
300673.SZ,佩蒂股份,20211111,它经济崛起，“精神寄托”利好宠物行业：农林牧渔行业,非个股,一般报告,国联证券,陈梦瑶,2021Q4,166255.0,,,15820.0,0.62,,,,,买入,,22.0
003009.SZ,中天火箭,20211111,电力电气设备、公用事业：中美气候合作再进一步，美商务部驳回亚洲光伏倾销调查请求,非个股,一般报告,中金,"曾韬,苗雨菲,蒋昕昊",2022Q4,,,,19268.647,1.24,,,,,无,,
003009.SZ,中天火箭,20211111,电力电气设备、公用事业：中美气候合作再进一步，美商务部驳回亚洲光伏倾销调查请求,非个股,一般报告,中金,"曾韬,苗雨菲,蒋昕昊",2021Q4,,,,13363.739,0.86,,,,,无,,
603185.SH,上机数控,20211111,颗粒硅：重大突破！2万吨模块化项目投产；将快速、大规模复制──颗粒硅行业跟踪报告,非个股,一般报告,浙商证券,"王华君,李思扬",2023Q4,,,,577974.503,21.0,,,,,无,,
603185.SH,上机数控,20211111,颗粒硅：重大突破！2万吨模块化项目投产；将快速、大规模复制──颗粒硅行业跟踪报告,非个股,一般报告,浙商证券,"王华君,李思扬",2022Q4,,,,385316.336,14.0,,,,,无,,
603185.SH,上机数控,20211111,颗粒硅：重大突破！2万吨模块化项目投产；将快速、大规模复制──颗粒硅行业跟踪报告,非个股,一般报告,浙商证券,"王华君,李思扬",2021Q4,,,,200914.946,7.3,,,,,无,,
603713.SH,密尔克卫,20211111,交通运输行业2022年度策略报告：变局之年,非个股,一般报告,华创证券,"吴一凡,刘阳,吴莹莹,周儒飞",2023Q4,,,,78000.0,4.742,,,,,推荐,,130.0
603713.SH,密尔克卫,20211111,交通运输行业2022年度策略报告：变局之年,非个股,一般报告,华创证券,"吴一凡,刘阳,吴莹莹,周儒飞",2022Q4,,,,57000.0,3.465,,,,,推荐,,130.0
603713.SH,密尔克卫,20211111,交通运输行业2022年度策略报告：变局之年,非个股,一般报告,华创证券,"吴一凡,刘阳,吴莹莹,周儒飞",2021Q4,,,,42000.0,2.553,,,,,推荐,,130.0
601012.SH,隆基股份,20211111,电力电气设备、公用事业：中美气候合作再进一步，美商务部驳回亚洲光伏倾销调查请求,非个股,一般报告,中金,"曾韬,苗雨菲,蒋昕昊",2021Q4,,,,1050112.825,1.94,,,,,跑赢行业,,114.55
002938.SZ,鹏鼎控股,20211111,电子元器件：PCB产业升级趋势明确，四大领域爆发打开需求空间,非个股,一般报告,国泰君安,"王聪,苏凌瑶,文紫妍",2023Q4,,,,585011.906,2.52,,,,,增持,,56.56
002938.SZ,鹏鼎控股,20211111,电子元器件：PCB产业升级趋势明确，四大领域爆发打开需求空间,非个股,一般报告,国泰君安,"王聪,苏凌瑶,文紫妍",2022Q4,,,,468938.115,2.02,,,,,增持,,56.56
601012.SH,隆基股份,20211111,电力电气设备、公用事业：中美气候合作再进一步，美商务部驳回亚洲光伏倾销调查请求,非个股,一般报告,中金,"曾韬,苗雨菲,蒋昕昊",2022Q4,,,,1548104.474,2.86,,,,,跑赢行业,,114.55
002938.SZ,鹏鼎控股,20211111,电子元器件：PCB产业升级趋势明确，四大领域爆发打开需求空间,非个股,一般报告,国泰君安,"王聪,苏凌瑶,文紫妍",2021Q4,,,,343578.421,1.48,,,,,增持,,56.56
688315.SH,诺禾致源,20211111,医药行业：集采边际影响逐渐减弱，关注全球视野和国产替代领军企业,非个股,一般报告,方正证券,"唐爱金,高睿婷,曹佳琳",2023Q4,,,,48100.0,1.202,,,,,无,,
688315.SH,诺禾致源,20211111,医药行业：集采边际影响逐渐减弱，关注全球视野和国产替代领军企业,非个股,一般报告,方正证券,"唐爱金,高睿婷,曹佳琳",2022Q4,,,,32600.0,0.815,,,,,无,,
688315.SH,诺禾致源,20211111,医药行业：集采边际影响逐渐减弱，关注全球视野和国产替代领军企业,非个股,一般报告,方正证券,"唐爱金,高睿婷,曹佳琳",2021Q4,,,,22300.0,0.557,,,,,无,,
688630.SH,芯碁微装,20211111,电子元器件：PCB产业升级趋势明确，四大领域爆发打开需求空间,非个股,一般报告,国泰君安,"王聪,苏凌瑶,文紫妍",2023Q4,,,,23797.6,1.97,,,,,增持,,84.7
688630.SH,芯碁微装,20211111,电子元器件：PCB产业升级趋势明确，四大领域爆发打开需求空间,非个股,一般报告,国泰君安,"王聪,苏凌瑶,文紫妍",2022Q4,,,,18603.2,1.54,,,,,增持,,84.7
603386.SH,广东骏亚,20211111,电子元器件：PCB产业升级趋势明确，四大领域爆发打开需求空间,非个股,一般报告,国泰君安,"王聪,苏凌瑶,文紫妍",2023Q4,,,,55086.769,2.35,,,,,增持,,40.25
603386.SH,广东骏亚,20211111,电子元器件：PCB产业升级趋势明确，四大领域爆发打开需求空间,非个股,一般报告,国泰君安,"王聪,苏凌瑶,文紫妍",2022Q4,,,,37740.297,1.61,,,,,增持,,40.25
603386.SH,广东骏亚,20211111,电子元器件：PCB产业升级趋势明确，四大领域爆发打开需求空间,非个股,一般报告,国泰君安,"王聪,苏凌瑶,文紫妍",2021Q4,,,,26019.708,1.11,,,,,增持,,40.25
688630.SH,芯碁微装,20211111,电子元器件：PCB产业升级趋势明确，四大领域爆发打开需求空间,非个股,一般报告,国泰君安,"王聪,苏凌瑶,文紫妍",2021Q4,,,,13046.4,1.08,,,,,增持,,84.7
688301.SH,奕瑞科技,20211111,知常明变，守正创新——医药生物行业2022年投资策略,非个股,一般报告,光大证券,"林小伟,黄卓,王明瑞,吴佳青,黄素青,叶思奥,黎一江",2023Q4,229537.0,,,72254.0,9.96,,,18.53,,买入,,
688301.SH,奕瑞科技,20211111,知常明变，守正创新——医药生物行业2022年投资策略,非个股,一般报告,光大证券,"林小伟,黄卓,王明瑞,吴佳青,黄素青,叶思奥,黎一江",2022Q4,170104.0,,,53593.0,7.39,,,15.98,,买入,,
688301.SH,奕瑞科技,20211111,知常明变，守正创新——医药生物行业2022年投资策略,非个股,一般报告,光大证券,"林小伟,黄卓,王明瑞,吴佳青,黄素青,叶思奥,黎一江",2021Q4,124618.0,,,38255.0,5.27,,,13.0,,买入,,
300633.SZ,开立医疗,20211111,医药行业：集采边际影响逐渐减弱，关注全球视野和国产替代领军企业,非个股,一般报告,方正证券,"唐爱金,高睿婷,曹佳琳",2023Q4,,,,44600.0,1.11,,,,,无,,
300633.SZ,开立医疗,20211111,医药行业：集采边际影响逐渐减弱，关注全球视野和国产替代领军企业,非个股,一般报告,方正证券,"唐爱金,高睿婷,曹佳琳",2022Q4,,,,33300.0,0.829,,,,,无,,
300633.SZ,开立医疗,20211111,医药行业：集采边际影响逐渐减弱，关注全球视野和国产替代领军企业,非个股,一般报告,方正证券,"唐爱金,高睿婷,曹佳琳",2021Q4,,,,23400.0,0.582,,,,,无,,
300476.SZ,胜宏科技,20211111,电子元器件：PCB产业升级趋势明确，四大领域爆发打开需求空间,非个股,一般报告,国泰君安,"王聪,苏凌瑶,文紫妍",2023Q4,,,,147736.676,1.9,,,,,增持,,34.32
300476.SZ,胜宏科技,20211111,电子元器件：PCB产业升级趋势明确，四大领域爆发打开需求空间,非个股,一般报告,国泰君安,"王聪,苏凌瑶,文紫妍",2022Q4,,,,111191.288,1.43,,,,,增持,,34.32
300476.SZ,胜宏科技,20211111,电子元器件：PCB产业升级趋势明确，四大领域爆发打开需求空间,非个股,一般报告,国泰君安,"王聪,苏凌瑶,文紫妍",2021Q4,,,,82421.514,1.06,,,,,增持,,34.32
002891.SZ,中宠股份,20211111,它经济崛起，“精神寄托”利好宠物行业：农林牧渔行业,非个股,一般报告,国联证券,陈梦瑶,2023Q4,459671.0,,,33816.0,1.15,,,,,买入,,38.25
002891.SZ,中宠股份,20211111,它经济崛起，“精神寄托”利好宠物行业：农林牧渔行业,非个股,一般报告,国联证券,陈梦瑶,2022Q4,361793.0,,,25079.0,0.85,,,,,买入,,38.25
002891.SZ,中宠股份,20211111,它经济崛起，“精神寄托”利好宠物行业：农林牧渔行业,非个股,一般报告,国联证券,陈梦瑶,2021Q4,284763.0,,,17870.0,0.61,,,,,买入,,38.25
000661.SZ,长春高新,20211111,医药行业：集采边际影响逐渐减弱，关注全球视野和国产替代领军企业,非个股,一般报告,方正证券,"唐爱金,高睿婷,曹佳琳",2023Q4,,,,688400.0,17.009,,,,,无,,
000661.SZ,长春高新,20211111,医药行业：集采边际影响逐渐减弱，关注全球视野和国产替代领军企业,非个股,一般报告,方正证券,"唐爱金,高睿婷,曹佳琳",2022Q4,,,,526700.0,13.014,,,,,无,,
002384.SZ,东山精密,20211111,电子元器件：PCB产业升级趋势明确，四大领域爆发打开需求空间,非个股,一般报告,国泰君安,"王聪,苏凌瑶,文紫妍",2023Q4,,,,295807.048,1.73,,,,,增持,,36.0
002384.SZ,东山精密,20211111,电子元器件：PCB产业升级趋势明确，四大领域爆发打开需求空间,非个股,一般报告,国泰君安,"王聪,苏凌瑶,文紫妍",2022Q4,,,,246220.895,1.44,,,,,增持,,36.0
002384.SZ,东山精密,20211111,电子元器件：PCB产业升级趋势明确，四大领域爆发打开需求空间,非个股,一般报告,国泰君安,"王聪,苏凌瑶,文紫妍",2021Q4,,,,194924.875,1.14,,,,,增持,,36.0
000661.SZ,长春高新,20211111,医药行业：集采边际影响逐渐减弱，关注全球视野和国产替代领军企业,非个股,一般报告,方正证券,"唐爱金,高睿婷,曹佳琳",2021Q4,,,,395200.0,9.765,,,,,无,,
300119.SZ,瑞普生物,20211111,它经济崛起，“精神寄托”利好宠物行业：农林牧渔行业,非个股,一般报告,国联证券,陈梦瑶,2023Q4,425462.0,,,80711.0,2.0,,,,,买入,,28.98
300119.SZ,瑞普生物,20211111,它经济崛起，“精神寄托”利好宠物行业：农林牧渔行业,非个股,一般报告,国联证券,陈梦瑶,2022Q4,335752.0,,,65300.0,1.61,,,,,买入,,28.98
600132.SH,重庆啤酒,20211111,啤酒行业专题报告：从日本啤酒市场看中国啤酒发展前景,非个股,一般报告,华金证券,"周蓉,陈振志",2023Q4,1811200.0,,,181200.0,3.74,,,,,买入,,
600132.SH,重庆啤酒,20211111,啤酒行业专题报告：从日本啤酒市场看中国啤酒发展前景,非个股,一般报告,华金证券,"周蓉,陈振志",2022Q4,1616500.0,,,151600.0,3.13,,,,,买入,,
600132.SH,重庆啤酒,20211111,啤酒行业专题报告：从日本啤酒市场看中国啤酒发展前景,非个股,一般报告,华金证券,"周蓉,陈振志",2021Q4,1345600.0,,,121300.0,2.51,,,,,买入,,
300119.SZ,瑞普生物,20211111,它经济崛起，“精神寄托”利好宠物行业：农林牧渔行业,非个股,一般报告,国联证券,陈梦瑶,2021Q4,261350.0,,,50698.0,1.25,,,,,买入,,28.98
601138.SH,工业富联,20211111,工业富联：春风已至，大象起舞,深度,首次关注,长江证券,"莫文宇,谢尔曼,蔡少东",2023Q4,56026400.0,5332800.0,2913200.0,2552300.0,1.28,9.13,,14.7,4.74,买入,,
601138.SH,工业富联,20211111,工业富联：春风已至，大象起舞,深度,首次关注,长江证券,"莫文宇,谢尔曼,蔡少东",2022Q4,51677000.0,4795500.0,2645500.0,2320700.0,1.17,10.04,,15.7,5.83,买入,,
601138.SH,工业富联,20211111,工业富联：春风已至，大象起舞,深度,首次关注,长江证券,"莫文宇,谢尔曼,蔡少东",2021Q4,47343000.0,4310000.0,2338400.0,2030800.0,1.02,11.48,,16.3,5.49,买入,,
601007.SH,金陵饭店,20211111,金陵饭店：资源禀赋优越的民族酒店品牌,一般,首次评级,西南证券,陈照林,2021Q4,121800.0,45300.0,4798.0,1644.0,0.0422,129.28,0.41,1.28,0.96,买入,,6.82
301051.SZ,信濠光电,20211111,信濠光电公司简评报告：持续收购＋与立讯成立合资公司，迎来双重利好,点评,首份报告,首创证券,"何立中,韩杨",2023Q4,384240.0,,48770.0,41940.0,5.242,20.7,,12.4,,买入,,
301051.SZ,信濠光电,20211111,信濠光电公司简评报告：持续收购＋与立讯成立合资公司，迎来双重利好,点评,首份报告,首创证券,"何立中,韩杨",2022Q4,263770.0,,32940.0,28330.0,3.541,30.7,,9.4,,买入,,
301051.SZ,信濠光电,20211111,信濠光电公司简评报告：持续收购＋与立讯成立合资公司，迎来双重利好,点评,首份报告,首创证券,"何立中,韩杨",2021Q4,186770.0,,24350.0,20940.0,2.618,41.5,,11.5,,买入,,
688556.SH,高测股份,20211111,高测股份：切割解决方案龙头进军切片代工市场，专业化分工有望提升产业链效率,点评,首次关注,中航证券,"邹润芳,唐保威,孙玉浩,朱祖跃",2023Q4,392387.0,,54208.0,46076.0,2.847,25.64,,,,买入,,
688556.SH,高测股份,20211111,高测股份：切割解决方案龙头进军切片代工市场，专业化分工有望提升产业链效率,点评,首次关注,中航证券,"邹润芳,唐保威,孙玉浩,朱祖跃",2022Q4,280264.0,,36184.0,30756.0,1.9,38.41,,,,买入,,
688556.SH,高测股份,20211111,高测股份：切割解决方案龙头进军切片代工市场，专业化分工有望提升产业链效率,点评,首次关注,中航证券,"邹润芳,唐保威,孙玉浩,朱祖跃",2021Q4,154287.0,,17890.0,15207.0,0.94,77.69,,,,买入,,
601007.SH,金陵饭店,20211111,金陵饭店：资源禀赋优越的民族酒店品牌,一般,首次评级,西南证券,陈照林,2023Q4,151800.0,81600.0,28391.0,9413.0,0.24,22.58,0.71,7.01,0.15,买入,,6.82
601007.SH,金陵饭店,20211111,金陵饭店：资源禀赋优越的民族酒店品牌,一般,首次评级,西南证券,陈照林,2022Q4,140500.0,59500.0,18413.0,7595.0,0.19,27.98,0.15,4.95,0.52,买入,,6.82
002240.SZ,盛新锂能,20211111,盛新锂能：转型锂业赛道，价值获得重估,深度,首次关注,申港证券,曹旭特,2022Q4,539280.0,,173900.0,138585.0,1.6,36.12,,23.93,36.63,买入,,77.0
002240.SZ,盛新锂能,20211111,盛新锂能：转型锂业赛道，价值获得重估,深度,首次关注,申港证券,曹旭特,2021Q4,351209.0,,109700.0,87421.0,1.01,57.26,,19.24,56.61,买入,,77.0
920092.BJ,汉鑫科技,20211111,汉鑫科技：守正出奇的地方系统集成强者,新股,首份报告,东吴证券,王紫敬,2022Q4,35800.0,,8600.0,7300.0,1.56,10.25,,16.7,7.32,无,,
920873.BJ,中设咨询,20211111,中设咨询：主营工程咨询，前三季度净利由负转正——新三板精选层中设咨询分析,新股,首份报告,国泰君安,"韩其成,满静雅",2023Q4,,,,4000.0,0.35,,,,,无,,
920873.BJ,中设咨询,20211111,中设咨询：主营工程咨询，前三季度净利由负转正——新三板精选层中设咨询分析,新股,首份报告,国泰君安,"韩其成,满静雅",2022Q4,,,,3500.0,0.3,,,,,无,,
920873.BJ,中设咨询,20211111,中设咨询：主营工程咨询，前三季度净利由负转正——新三板精选层中设咨询分析,新股,首份报告,国泰君安,"韩其成,满静雅",2021Q4,,,,3000.0,0.26,,,,,无,,
920092.BJ,汉鑫科技,20211111,汉鑫科技：守正出奇的地方系统集成强者,新股,首份报告,东吴证券,王紫敬,2023Q4,39700.0,,9500.0,8100.0,1.73,9.24,,16.2,5.91,无,,
002870.SZ,香山股份,20211111,香山股份：并表群英进军汽零行业，充电桩业务打开长期成长空间,深度,首次关注,华金证券,"林帆,王欢",2022Q4,557050.0,,18200.0,17400.0,1.57,26.4,,17.8,36.9,买入,,
002870.SZ,香山股份,20211111,香山股份：并表群英进军汽零行业，充电桩业务打开长期成长空间,深度,首次关注,华金证券,"林帆,王欢",2021Q4,439050.0,,14000.0,13000.0,1.17,35.3,,16.1,48.8,买入,,
002240.SZ,盛新锂能,20211111,盛新锂能：转型锂业赛道，价值获得重估,深度,首次关注,申港证券,曹旭特,2023Q4,585200.0,,230100.0,183410.0,2.12,27.29,,24.65,27.56,买入,,77.0
920092.BJ,汉鑫科技,20211111,汉鑫科技：守正出奇的地方系统集成强者,新股,首份报告,东吴证券,王紫敬,2021Q4,30500.0,,6400.0,5400.0,1.16,13.79,,14.4,9.87,无,,
002870.SZ,香山股份,20211111,香山股份：并表群英进军汽零行业，充电桩业务打开长期成长空间,深度,首次关注,华金证券,"林帆,王欢",2023Q4,761560.0,,24300.0,23100.0,2.08,19.9,,19.7,28.5,买入,,
603808.SH,歌力思,20211111,歌力思：推大额长期股权激励，保障公司未来五年业绩快速增长,点评,一般报告,广发证券,糜韩杰,2022Q4,274300.0,,52900.0,41900.0,1.13,13.47,,12.6,7.51,买入,,18.1
603808.SH,歌力思,20211111,歌力思：推大额长期股权激励，保障公司未来五年业绩快速增长,点评,一般报告,广发证券,糜韩杰,2021Q4,234800.0,,43700.0,34600.0,0.94,16.3,,11.5,9.23,买入,,18.1
300498.SZ,温氏股份,20211111,温氏股份2021年10月生猪销售简报点评：出栏继续改善，产能优化持续推进,点评,一般报告,国泰君安,"钟凯锋,李晓渊",2023Q4,7452300.0,,,365000.0,0.57,29.01,2.4,10.2,24.38,增持,,21.66
300498.SZ,温氏股份,20211111,温氏股份2021年10月生猪销售简报点评：出栏继续改善，产能优化持续推进,点评,一般报告,国泰君安,"钟凯锋,李晓渊",2022Q4,6792200.0,,,34700.0,0.0546,305.3,2.4,1.0,63.39,增持,,21.66
603808.SH,歌力思,20211111,歌力思：推大额长期股权激励，保障公司未来五年业绩快速增长,点评,一般报告,广发证券,糜韩杰,2023Q4,321200.0,,64700.0,51200.0,1.39,11.01,,13.7,5.92,买入,,18.1
300498.SZ,温氏股份,20211111,温氏股份2021年10月生猪销售简报点评：出栏继续改善，产能优化持续推进,点评,一般报告,国泰君安,"钟凯锋,李晓渊",2021Q4,6487100.0,,,-651300.0,-1.03,,2.4,-17.7,,增持,,21.66
603357.SH,设计总院,20211111,设计总院：净利增速9％低于预期，坚持一体／两维／三驱／三布局的战略,点评,一般报告,国泰君安,"韩其成,满静雅",2023Q4,253800.0,,,50600.0,1.11,7.58,2.6,12.8,3.02,增持,,11.98
603357.SH,设计总院,20211111,设计总院：净利增速9％低于预期，坚持一体／两维／三驱／三布局的战略,点评,一般报告,国泰君安,"韩其成,满静雅",2022Q4,231800.0,,,45300.0,1.0,8.48,2.6,13.1,4.03,增持,,11.98
603357.SH,设计总院,20211111,设计总院：净利增速9％低于预期，坚持一体／两维／三驱／三布局的战略,点评,一般报告,国泰君安,"韩其成,满静雅",2021Q4,211600.0,,,40000.0,0.88,9.6,2.6,13.3,4.81,增持,,11.98
000002.SZ,万科A,20211111,万科A：销售小幅改善，不改谨慎态势——2021年10月经营数据点评,点评,一般报告,国泰君安,"谢皓宇,郝亚雯,白淑媛",2021Q4,45707500.0,,,4528600.0,3.9,5.34,6.0,17.7,3.56,增持,,26.7
688388.SH,嘉元科技,20211111,嘉元科技：拥抱行业高景气，锂电铜箔龙头迎来量价齐升——公司首次覆盖报告,一般,首次关注,开源证券,赖福洋,2023Q4,722100.0,242300.0,189600.0,166200.0,7.097,20.4,,29.3,15.8,买入,,
688388.SH,嘉元科技,20211111,嘉元科技：拥抱行业高景气，锂电铜箔龙头迎来量价齐升——公司首次覆盖报告,一般,首次关注,开源证券,赖福洋,2022Q4,442400.0,147200.0,115400.0,101100.0,4.317,33.5,,24.8,26.2,买入,,
600699.SH,均胜电子,20211111,均胜电子：拟引入战略投资者，促安全业务行稳致远,点评,一般报告,华西证券,崔琰,2023Q4,6412300.0,,288300.0,168700.0,1.23,17.47,,8.1,,增持,,
600699.SH,均胜电子,20211111,均胜电子：拟引入战略投资者，促安全业务行稳致远,点评,一般报告,华西证券,崔琰,2022Q4,5750900.0,,215700.0,126200.0,0.92,23.36,,6.9,,增持,,
600699.SH,均胜电子,20211111,均胜电子：拟引入战略投资者，促安全业务行稳致远,点评,一般报告,华西证券,崔琰,2021Q4,4850800.0,,52500.0,30700.0,0.22,95.95,,1.9,,增持,,
605111.SH,新洁能,20211111,新洁能：发布定增预案＋股权激励草案，迈入成长新征程,点评,一般报告,信达证券,"方竞,童秋涛",2021Q4,154283.0,,49617.0,43507.0,3.07,58.0,,32.09,50.67,增持,,
603936.SH,博敏电子,20211111,博敏电子：车载、器件、电装齐头并举，产业链长度不断延伸,点评,一般报告,太平洋证券,"王凌涛,沈钱",2023Q4,663500.0,,68600.0,58300.0,1.14,13.07,,12.0,5.91,买入,,21.4
002081.SZ,金螳螂,20211111,金螳螂：地产政策边际好转，发展EPC／装配式／BIM,点评,一般报告,国泰君安,"韩其成,满静雅",2023Q4,3237100.0,,,244900.0,0.92,6.42,3.4,10.3,1.56,增持,,8.29
002081.SZ,金螳螂,20211111,金螳螂：地产政策边际好转，发展EPC／装配式／BIM,点评,一般报告,国泰君安,"韩其成,满静雅",2022Q4,3043100.0,,,222900.0,0.83,7.05,3.4,10.5,2.39,增持,,8.29
002081.SZ,金螳螂,20211111,金螳螂：地产政策边际好转，发展EPC／装配式／BIM,点评,一般报告,国泰君安,"韩其成,满静雅",2021Q4,2699000.0,,,199300.0,0.75,7.88,3.4,10.5,3.38,增持,,8.29
000002.SZ,万科A,20211111,万科A：销售小幅改善，不改谨慎态势——2021年10月经营数据点评,点评,一般报告,国泰君安,"谢皓宇,郝亚雯,白淑媛",2023Q4,54264000.0,,,5440100.0,4.68,4.44,6.0,16.6,2.11,增持,,26.7
000002.SZ,万科A,20211111,万科A：销售小幅改善，不改谨慎态势——2021年10月经营数据点评,点评,一般报告,国泰君安,"谢皓宇,郝亚雯,白淑媛",2022Q4,47661100.0,,,4769800.0,4.1,5.07,6.0,16.5,2.91,增持,,26.7
688388.SH,嘉元科技,20211111,嘉元科技：拥抱行业高景气，锂电铜箔龙头迎来量价齐升——公司首次覆盖报告,一般,首次关注,开源证券,赖福洋,2021Q4,272000.0,84300.0,64300.0,56200.0,2.4,60.3,,17.9,46.9,买入,,
301050.SZ,雷电微力,20211111,雷电微力：相控阵微系统隐形冠军，乘风破浪，扬帆启航,深度,首次评级,银河证券,"李良,胡浩淼",2023Q4,196224.0,,72379.0,61523.0,6.36,41.03,,34.96,21.74,推荐,,
301050.SZ,雷电微力,20211111,雷电微力：相控阵微系统隐形冠军，乘风破浪，扬帆启航,深度,首次评级,银河证券,"李良,胡浩淼",2022Q4,132505.0,,46681.0,39679.0,4.1,63.61,,34.67,33.59,推荐,,
301050.SZ,雷电微力,20211111,雷电微力：相控阵微系统隐形冠军，乘风破浪，扬帆启航,深度,首次评级,银河证券,"李良,胡浩淼",2021Q4,83434.0,,28287.0,24044.0,2.48,104.98,,32.16,54.53,推荐,,
688201.SH,信安世纪,20211111,信安世纪：数据安全守护人，数字货币护航者——公司首次覆盖报告,一般,首次关注,开源证券,"陈宝健,刘逍遥",2023Q4,93300.0,,29200.0,26400.0,2.84,18.0,,27.3,14.0,买入,,
688201.SH,信安世纪,20211111,信安世纪：数据安全守护人，数字货币护航者——公司首次覆盖报告,一般,首次关注,开源证券,"陈宝健,刘逍遥",2022Q4,71700.0,,22000.0,20000.0,2.15,23.8,,27.6,19.3,买入,,
688201.SH,信安世纪,20211111,信安世纪：数据安全守护人，数字货币护航者——公司首次覆盖报告,一般,首次关注,开源证券,"陈宝健,刘逍遥",2021Q4,54900.0,,16500.0,15100.0,1.62,31.6,,27.7,26.1,买入,,
688107.SH,安路科技,20211111,安路科技半导体新股系列12：专注FPGA民用市场，位居国产FPGA第一梯队,新股,首份报告,中银国际,杨绍辉,Q,,,,,,,,,,无,,
600919.SH,江苏银行,20211111,江苏银行：攻守兼备：进有盈利增长，退有安全边际,点评,一般报告,中金,"严佳卉,张帅帅,王子瑜",2022Q4,7515900.0,,2804000.0,2298900.0,1.557,3.8,7.9,11.2,,跑赢行业,,9.95
600919.SH,江苏银行,20211111,江苏银行：攻守兼备：进有盈利增长，退有安全边际,点评,一般报告,中金,"严佳卉,张帅帅,王子瑜",2021Q4,6430900.0,,2336800.0,1915900.0,1.297,4.6,6.6,10.1,,跑赢行业,,9.95
605111.SH,新洁能,20211111,新洁能：发布定增预案＋股权激励草案，迈入成长新征程,点评,一般报告,信达证券,"方竞,童秋涛",2023Q4,269060.0,,77254.0,67741.0,4.78,37.0,,28.98,32.56,增持,,
605111.SH,新洁能,20211111,新洁能：发布定增预案＋股权激励草案，迈入成长新征程,点评,一般报告,信达证券,"方竞,童秋涛",2022Q4,211746.0,,60956.0,53450.0,3.77,47.0,,29.83,40.81,增持,,
603936.SH,博敏电子,20211111,博敏电子：车载、器件、电装齐头并举，产业链长度不断延伸,点评,一般报告,太平洋证券,"王凌涛,沈钱",2022Q4,526300.0,,54100.0,46000.0,0.9,16.58,,11.0,8.13,买入,,21.4
300680.SZ,隆盛科技,20211111,隆盛科技：发布定增预案，深化新能源战略布局,点评,一般报告,华西证券,崔琰,2023Q4,306400.0,,44700.0,39400.0,1.95,17.09,,23.1,,买入,,38.4
600011.SH,华能国际,20211111,华能国际2021年三季度点评：电价打开天花板，能源转型提估值,点评,首份报告,国信证券,"黄秀杰,陈卓鸣",2021Q4,19859100.0,,-368100.0,-291100.0,-0.19,,,-2.5,13.3,买入,,
600487.SH,亨通光电,20211111,亨通光电：光、电共振，站上新周期的起点,一般,首次关注,国盛证券,"宋嘉吉,黄瀚,赵丕业",2023Q4,5190000.0,,392600.0,330600.0,1.4,10.4,,11.2,7.0,买入,,
300505.SZ,川金诺,20211111,川金诺事件点评：拟建设磷酸铁和磷酸铁锂项目，公司加速新能源转型,点评,一般报告,国海证券,"李永磊,董伯骏",2022Q4,213900.0,,46400.0,39200.0,2.66,13.94,,24.0,,买入,,
300505.SZ,川金诺,20211111,川金诺事件点评：拟建设磷酸铁和磷酸铁锂项目，公司加速新能源转型,点评,一般报告,国海证券,"李永磊,董伯骏",2021Q4,144900.0,,22100.0,18000.0,1.222,30.28,,15.0,,买入,,
688179.SH,阿拉丁,20211111,阿拉丁股权激励点评报告：绑定基层人才，业绩稳定增长,点评,一般报告,浙商证券,孙建,2022Q4,44500.0,,17100.0,14900.0,1.48,46.0,,9.17,59.0,增持,,
688179.SH,阿拉丁,20211111,阿拉丁股权激励点评报告：绑定基层人才，业绩稳定增长,点评,一般报告,浙商证券,孙建,2021Q4,30700.0,,12200.0,10600.0,1.05,64.0,,9.87,82.0,增持,,
600699.SH,均胜电子,20211111,均胜电子：国资入局彰显信心，安全业务曙光在即,点评,一般报告,方正证券,段迎晟,2023Q4,6175100.0,,201900.0,139100.0,1.02,19.35,,7.91,7.88,推荐,,
600699.SH,均胜电子,20211111,均胜电子：国资入局彰显信心，安全业务曙光在即,点评,一般报告,方正证券,段迎晟,2022Q4,5542700.0,,158700.0,92000.0,0.67,29.25,,5.68,8.77,推荐,,
600699.SH,均胜电子,20211111,均胜电子：国资入局彰显信心，安全业务曙光在即,点评,一般报告,方正证券,段迎晟,2021Q4,4997000.0,,18800.0,10900.0,0.08,247.03,,0.71,12.74,推荐,,
300751.SZ,迈为股份,20211111,迈为股份点评：与华晟签首条异质结微晶电池产线，目标量产平均效率25.5％,点评,一般报告,浙商证券,"王华君,李思扬",2023Q4,769500.0,,151700.0,130200.0,12.6,54.0,,33.0,45.0,买入,,
300751.SZ,迈为股份,20211111,迈为股份点评：与华晟签首条异质结微晶电池产线，目标量产平均效率25.5％,点评,一般报告,浙商证券,"王华君,李思扬",2022Q4,538700.0,,102400.0,88000.0,8.5,81.0,,31.0,66.7,买入,,
300143.SZ,盈康生命,20211111,盈康生命：肿瘤治疗领域领军者，海尔集团赋能再上新台阶,一般,首次关注,东方证券,"刘恩阳,田世豪",2023Q4,248990.0,,45900.0,32900.0,0.51,29.3,,12.0,16.4,买入,,19.95
300171.SZ,东富龙,20211111,东富龙深度报告：新老动能更替的药机平台,深度,首次关注,浙商证券,"孙建,毛雅婷",2023Q4,545858.0,,131800.0,115500.0,1.84,25.05,,19.24,17.98,增持,,
300171.SZ,东富龙,20211111,东富龙深度报告：新老动能更替的药机平台,深度,首次关注,浙商证券,"孙建,毛雅婷",2022Q4,463944.0,,108700.0,95200.0,1.52,30.39,,19.24,22.46,增持,,
300171.SZ,东富龙,20211111,东富龙深度报告：新老动能更替的药机平台,深度,首次关注,浙商证券,"孙建,毛雅婷",2021Q4,386082.0,,88800.0,77800.0,1.24,37.19,,19.05,27.87,增持,,
600305.SH,恒顺醋业,20211111,恒顺醋业：短期业绩承压，拟定增扩产助力长期发展,点评,一般报告,申万宏源证券,"吕昌,曹欣之",2023Q4,259800.0,102700.0,41800.0,34000.0,0.34,48.0,,12.0,,增持,,
600305.SH,恒顺醋业,20211111,恒顺醋业：短期业绩承压，拟定增扩产助力长期发展,点评,一般报告,申万宏源证券,"吕昌,曹欣之",2022Q4,229300.0,89900.0,35900.0,29300.0,0.29,56.0,,11.1,,增持,,
600233.SH,圆通速递,20211111,圆通速递：总裁增持，彰显信心,点评,一般报告,西南证券,陈照林,2023Q4,5375977.0,,266725.0,215373.0,0.68,20.51,0.89,9.6,,买入,,
600233.SH,圆通速递,20211111,圆通速递：总裁增持，彰显信心,点评,一般报告,西南证券,陈照林,2022Q4,4637270.0,,245063.0,197073.0,0.62,22.42,0.81,9.53,0.16,买入,,
600233.SH,圆通速递,20211111,圆通速递：总裁增持，彰显信心,点评,一般报告,西南证券,陈照林,2021Q4,4006716.0,,235702.0,179549.0,0.57,24.6,0.8,9.85,0.7,买入,,
603936.SH,博敏电子,20211111,博敏电子：车载、器件、电装齐头并举，产业链长度不断延伸,点评,一般报告,太平洋证券,"王凌涛,沈钱",2021Q4,360900.0,,38100.0,32400.0,0.63,23.56,,9.0,10.05,买入,,21.4
600610.SH,中毅达,20211111,中毅达事件点评：重组方案落地，磷化工资产注入在即,点评,首次关注,国海证券,"李永磊,董伯骏",2023Q4,124900.0,,6700.0,5300.0,0.05,353.07,,22.0,,买入,,
600610.SH,中毅达,20211111,中毅达事件点评：重组方案落地，磷化工资产注入在即,点评,首次关注,国海证券,"李永磊,董伯骏",2022Q4,119000.0,,6400.0,5100.0,0.0476,370.67,,27.0,,买入,,
600610.SH,中毅达,20211111,中毅达事件点评：重组方案落地，磷化工资产注入在即,点评,首次关注,国海证券,"李永磊,董伯骏",2021Q4,113300.0,,6100.0,4800.0,0.0448,389.0,,35.0,,买入,,
300680.SZ,隆盛科技,20211111,隆盛科技：发布定增预案，深化新能源战略布局,点评,一般报告,华西证券,崔琰,2022Q4,219000.0,,29400.0,25900.0,1.28,25.95,,20.1,,买入,,38.4
300680.SZ,隆盛科技,20211111,隆盛科技：发布定增预案，深化新能源战略布局,点评,一般报告,华西证券,崔琰,2021Q4,119800.0,,13900.0,12300.0,0.61,54.85,,12.2,,买入,,38.4
600011.SH,华能国际,20211111,华能国际2021年三季度点评：电价打开天花板，能源转型提估值,点评,首份报告,国信证券,"黄秀杰,陈卓鸣",2023Q4,23478100.0,,1838700.0,1454000.0,0.93,,,11.1,7.2,买入,,
600011.SH,华能国际,20211111,华能国际2021年三季度点评：电价打开天花板，能源转型提估值,点评,首份报告,国信证券,"黄秀杰,陈卓鸣",2022Q4,22563200.0,,1266700.0,1001700.0,0.64,,,8.1,8.2,买入,,
600487.SH,亨通光电,20211111,亨通光电：光、电共振，站上新周期的起点,一般,首次关注,国盛证券,"宋嘉吉,黄瀚,赵丕业",2022Q4,4485000.0,,301200.0,251500.0,1.06,13.7,,9.6,9.1,买入,,
600487.SH,亨通光电,20211111,亨通光电：光、电共振，站上新周期的起点,一般,首次关注,国盛证券,"宋嘉吉,黄瀚,赵丕业",2021Q4,3808000.0,,187200.0,152900.0,0.65,22.5,,6.5,12.6,买入,,
300505.SZ,川金诺,20211111,川金诺事件点评：拟建设磷酸铁和磷酸铁锂项目，公司加速新能源转型,点评,一般报告,国海证券,"李永磊,董伯骏",2023Q4,244700.0,,54200.0,46900.0,3.183,11.66,,22.0,,买入,,
688179.SH,阿拉丁,20211111,阿拉丁股权激励点评报告：绑定基层人才，业绩稳定增长,点评,一般报告,浙商证券,孙建,2023Q4,59400.0,,22500.0,19600.0,1.94,35.0,,8.79,44.0,增持,,
300751.SZ,迈为股份,20211111,迈为股份点评：与华晟签首条异质结微晶电池产线，目标量产平均效率25.5％,点评,一般报告,浙商证券,"王华君,李思扬",2021Q4,374000.0,,70000.0,60100.0,5.8,118.0,,29.0,98.0,买入,,
300143.SZ,盈康生命,20211111,盈康生命：肿瘤治疗领域领军者，海尔集团赋能再上新台阶,一般,首次关注,东方证券,"刘恩阳,田世豪",2022Q4,168600.0,,31300.0,22200.0,0.35,43.4,,9.0,24.1,买入,,19.95
300143.SZ,盈康生命,20211111,盈康生命：肿瘤治疗领域领军者，海尔集团赋能再上新台阶,一般,首次关注,东方证券,"刘恩阳,田世豪",2021Q4,114080.0,,21500.0,14900.0,0.23,64.7,,6.5,35.0,买入,,19.95
300440.SZ,运达科技,20211111,运达科技动态报告：收购运达电气，引领铁路储能新基建,一般,首次关注,民生证券,"吕伟,丁辰晖",2023Q4,129700.0,,40300.0,36200.0,0.81,12.84,0.0,16.1,9.66,推荐,,
300440.SZ,运达科技,20211111,运达科技动态报告：收购运达电气，引领铁路储能新基建,一般,首次关注,民生证券,"吕伟,丁辰晖",2022Q4,110400.0,,33400.0,30000.0,0.67,15.5,0.0,15.9,12.22,推荐,,
300440.SZ,运达科技,20211111,运达科技动态报告：收购运达电气，引领铁路储能新基建,一般,首次关注,民生证券,"吕伟,丁辰晖",2021Q4,93000.0,,23400.0,21000.0,0.47,22.11,0.0,13.2,17.93,推荐,,
600305.SH,恒顺醋业,20211111,恒顺醋业：短期业绩承压，拟定增扩产助力长期发展,点评,一般报告,申万宏源证券,"吕昌,曹欣之",2021Q4,200100.0,75900.0,26000.0,21300.0,0.21,78.0,,8.7,,增持,,
688733.SH,壹石通,20211111,壹石通：业绩高速增长，勃姆石扩产规划明晰,点评,首次关注,华金证券,肖索,2023Q4,103800.0,,33100.0,28700.0,1.58,47.6,,16.8,32.3,买入,,
688733.SH,壹石通,20211111,壹石通：业绩高速增长，勃姆石扩产规划明晰,点评,首次关注,华金证券,肖索,2022Q4,71800.0,,22900.0,19900.0,1.1,68.5,,14.0,46.5,买入,,
688733.SH,壹石通,20211111,壹石通：业绩高速增长，勃姆石扩产规划明晰,点评,首次关注,华金证券,肖索,2021Q4,39900.0,,12000.0,10400.0,0.57,130.9,,8.6,84.0,买入,,
300684.SZ,中石科技,20211111,中石科技：智能电子设备可靠性整体解决方案提供商，下游5G／EV等领域驱动业务增长,一般,首次关注,长城国瑞证券,"黄文忠,丁子惠",2023Q4,201901.0,,32634.0,28974.0,1.03,21.11,,14.09,,增持,,
300684.SZ,中石科技,20211111,中石科技：智能电子设备可靠性整体解决方案提供商，下游5G／EV等领域驱动业务增长,一般,首次关注,长城国瑞证券,"黄文忠,丁子惠",2022Q4,169245.0,,25322.0,22482.0,0.8,27.18,,11.82,,增持,,
300684.SZ,中石科技,20211111,中石科技：智能电子设备可靠性整体解决方案提供商，下游5G／EV等领域驱动业务增长,一般,首次关注,长城国瑞证券,"黄文忠,丁子惠",2021Q4,136723.0,,19949.0,17711.0,0.63,34.51,,9.9,,增持,,
002241.SZ,歌尔股份,20211111,歌尔股份：拟分拆歌尔微至创业板上市，进一步业务聚焦,点评,一般报告,安信证券,马良,2023Q4,12870340.0,,795630.0,707630.0,2.071,22.1,1.0,21.5,13.7,买入,,53.35
002241.SZ,歌尔股份,20211111,歌尔股份：拟分拆歌尔微至创业板上市，进一步业务聚焦,点评,一般报告,安信证券,马良,2021Q4,7968500.0,,477320.0,426940.0,1.25,36.6,0.6,18.4,21.5,买入,,53.35
603688.SH,石英股份,20211111,石英股份：业绩超预期，光伏／半导体进口替代兑现——2021年三季报点评,一般,一般报告,东方证券,"黄骥,蒯剑",2023Q4,228800.0,,75900.0,66100.0,1.87,32.4,,23.6,23.9,买入,,62.9
603688.SH,石英股份,20211111,石英股份：业绩超预期，光伏／半导体进口替代兑现——2021年三季报点评,一般,一般报告,东方证券,"黄骥,蒯剑",2022Q4,164800.0,,54800.0,47700.0,1.35,44.9,,20.5,32.3,买入,,62.9
600048.SH,保利发展,20211111,保利发展10月销售点评：单月销售降幅收窄，保持一定拿地力度,点评,一般报告,兴业证券,"阎常铭,靳璐瑜,王沁雯,洪波",2021Q4,26935700.0,,5356100.0,3042200.0,2.54,5.3,,14.4,,买入,,
002241.SZ,歌尔股份,20211111,歌尔股份：拟分拆歌尔微至创业板上市，进一步业务聚焦,点评,一般报告,安信证券,马良,2022Q4,10518420.0,,632320.0,564910.0,1.654,27.7,0.9,20.6,15.4,买入,,53.35
603688.SH,石英股份,20211111,石英股份：业绩超预期，光伏／半导体进口替代兑现——2021年三季报点评,一般,一般报告,东方证券,"黄骥,蒯剑",2021Q4,98900.0,,29500.0,25700.0,0.73,83.3,,12.6,56.2,买入,,62.9
600048.SH,保利发展,20211111,保利发展10月销售点评：单月销售降幅收窄，保持一定拿地力度,点评,一般报告,兴业证券,"阎常铭,靳璐瑜,王沁雯,洪波",2023Q4,32696800.0,,6003400.0,3373900.0,2.82,4.8,,12.5,,买入,,
600048.SH,保利发展,20211111,保利发展10月销售点评：单月销售降幅收窄，保持一定拿地力度,点评,一般报告,兴业证券,"阎常铭,靳璐瑜,王沁雯,洪波",2022Q4,29482600.0,,5714800.0,3200300.0,2.67,5.1,,13.5,,买入,,
600884.SH,杉杉股份,20211111,石墨化长期供需偏紧，高自供率者得市场—负极行业深度研究报告,非个股,一般报告,民生证券,"邓永康,李京波",2023Q4,,,,432400.0,2.613,,,,,推荐,,
600884.SH,杉杉股份,20211111,石墨化长期供需偏紧，高自供率者得市场—负极行业深度研究报告,非个股,一般报告,民生证券,"邓永康,李京波",2021Q4,,,,324700.0,1.963,,,,,推荐,,
600884.SH,杉杉股份,20211111,石墨化长期供需偏紧，高自供率者得市场—负极行业深度研究报告,非个股,一般报告,民生证券,"邓永康,李京波",2022Q4,,,,321300.0,1.942,,,,,推荐,,
300033.SZ,同花顺,20211111,财富管理：互联网渠道基金代销大放异彩；东财非货基保有量跻身行业,非个股,一般报告,中金,"姚泽宇,樊优,蒲寒",2022Q4,,,,,,,,36.9,,跑赢行业,,160.2
300033.SZ,同花顺,20211111,财富管理：互联网渠道基金代销大放异彩；东财非货基保有量跻身行业,非个股,一般报告,中金,"姚泽宇,樊优,蒲寒",2021Q4,376900.0,,,217600.0,4.048,,,36.3,,跑赢行业,,160.2
601211.SH,国泰君安,20211111,财富管理：互联网渠道基金代销大放异彩；东财非货基保有量跻身行业,非个股,一般报告,中金,"姚泽宇,樊优,蒲寒",2022Q4,,,,,,,,10.5,,无,,
601211.SH,国泰君安,20211111,财富管理：互联网渠道基金代销大放异彩；东财非货基保有量跻身行业,非个股,一般报告,中金,"姚泽宇,樊优,蒲寒",2021Q4,4161700.0,,,1453800.0,1.632,,,10.2,,无,,
000776.SZ,广发证券,20211111,财富管理：互联网渠道基金代销大放异彩；东财非货基保有量跻身行业,非个股,一般报告,中金,"姚泽宇,樊优,蒲寒",2022Q4,,,,,,,,12.4,,无,,
000776.SZ,广发证券,20211111,财富管理：互联网渠道基金代销大放异彩；东财非货基保有量跻身行业,非个股,一般报告,中金,"姚泽宇,樊优,蒲寒",2021Q4,3529400.0,,,1138500.0,1.494,,,11.1,,无,,
600030.SH,中信证券,20211111,投资银行业与经纪业：互联网代销依然强势，金融机构增速趋缓——2021年3季度销售机构公募基金保有量点评,非个股,一般报告,国泰君安,"刘欣琦,高宇飞",2023Q4,,,,2869744.278,2.22,,,,,增持,,
600030.SH,中信证券,20211111,投资银行业与经纪业：互联网代销依然强势，金融机构增速趋缓——2021年3季度销售机构公募基金保有量点评,非个股,一般报告,国泰君安,"刘欣琦,高宇飞",2022Q4,,,,2572428.43,1.99,,,,,增持,,
600030.SH,中信证券,20211111,投资银行业与经纪业：互联网代销依然强势，金融机构增速趋缓——2021年3季度销售机构公募基金保有量点评,非个股,一般报告,国泰君安,"刘欣琦,高宇飞",2021Q4,,,,2158771.597,1.67,,,,,增持,,
300890.SZ,翔丰华,20211111,石墨化长期供需偏紧，高自供率者得市场—负极行业深度研究报告,非个股,一般报告,民生证券,"邓永康,李京波",2023Q4,,,,35300.0,3.53,,,,,推荐,,
300890.SZ,翔丰华,20211111,石墨化长期供需偏紧，高自供率者得市场—负极行业深度研究报告,非个股,一般报告,民生证券,"邓永康,李京波",2022Q4,,,,19000.0,1.9,,,,,推荐,,
300890.SZ,翔丰华,20211111,石墨化长期供需偏紧，高自供率者得市场—负极行业深度研究报告,非个股,一般报告,民生证券,"邓永康,李京波",2021Q4,,,,7500.0,0.75,,,,,推荐,,
601688.SH,华泰证券,20211111,财富管理：互联网渠道基金代销大放异彩；东财非货基保有量跻身行业,非个股,一般报告,中金,"姚泽宇,樊优,蒲寒",2022Q4,,,,,,,,11.1,,无,,
601688.SH,华泰证券,20211111,财富管理：互联网渠道基金代销大放异彩；东财非货基保有量跻身行业,非个股,一般报告,中金,"姚泽宇,樊优,蒲寒",2021Q4,3812400.0,,,1463800.0,1.613,,,10.9,,无,,
300896.SZ,爱美客,20211111,Q3商贸整体偏弱，关注珠宝高景气与医美化妆品长期成长——商贸零售2021三季报总结,非个股,一般报告,中信建投,"刘乐文,周博文",2023Q4,,,,217225.44,10.04,,,,,无,,
300896.SZ,爱美客,20211111,Q3商贸整体偏弱，关注珠宝高景气与医美化妆品长期成长——商贸零售2021三季报总结,非个股,一般报告,中信建投,"刘乐文,周博文",2022Q4,,,,149504.76,6.91,,,,,无,,
300896.SZ,爱美客,20211111,Q3商贸整体偏弱，关注珠宝高景气与医美化妆品长期成长——商贸零售2021三季报总结,非个股,一般报告,中信建投,"刘乐文,周博文",2021Q4,,,,101905.56,4.71,,,,,无,,
600999.SH,招商证券,20211111,财富管理：互联网渠道基金代销大放异彩；东财非货基保有量跻身行业,非个股,一般报告,中金,"姚泽宇,樊优,蒲寒",2022Q4,,,,,,,,11.4,,无,,
600999.SH,招商证券,20211111,财富管理：互联网渠道基金代销大放异彩；东财非货基保有量跻身行业,非个股,一般报告,中金,"姚泽宇,樊优,蒲寒",2021Q4,2816000.0,,,1132200.0,1.302,,,10.5,,无,,
603396.SH,金辰股份,20211111,金辰股份：金辰股份助力TOPCon电池效率突破25.53％！,点评,一般报告,天风证券,"李鲁靖,朱晔,张钰莹",2023Q4,264196.0,,44388.0,30737.0,2.65,48.55,,16.16,30.22,买入,,
603808.SH,歌力思,20211111,歌力思：推出股权激励计划，高目标强激励引领高质量发展,点评,一般报告,申万宏源证券,王立平,2022Q4,280700.0,180500.0,57400.0,45800.0,1.24,12.0,,13.3,,买入,,
600662.SH,外服控股,20211111,外服控股：资产重组落地，人服龙头踏上新征程,一般,首次评级,中信建投,"叶乐,黄杨璐",2023Q4,1440200.0,,87100.0,59500.0,0.26,29.5,,15.0,9.8,买入,,
600662.SH,外服控股,20211111,外服控股：资产重组落地，人服龙头踏上新征程,一般,首次评级,中信建投,"叶乐,黄杨璐",2022Q4,1254800.0,,82400.0,56400.0,0.25,31.2,,16.7,12.2,买入,,
600662.SH,外服控股,20211111,外服控股：资产重组落地，人服龙头踏上新征程,一般,首次评级,中信建投,"叶乐,黄杨璐",2021Q4,1076700.0,,77300.0,52800.0,0.23,33.2,,18.8,14.5,买入,,
603010.SH,万盛股份,20211111,万盛股份：强势进军新能源材料，新材料平台不断壮大,点评,一般报告,东北证券,"陈俊杰,伍豪",2023Q4,526200.0,,154600.0,132200.0,2.72,9.66,0.0,25.84,,买入,,37.11
603010.SH,万盛股份,20211111,万盛股份：强势进军新能源材料，新材料平台不断壮大,点评,一般报告,东北证券,"陈俊杰,伍豪",2022Q4,429400.0,,127300.0,109300.0,2.25,11.69,0.0,28.88,,买入,,37.11
300065.SZ,海兰信,20211111,海兰信：引入海南国资有望形成协同，UDC背靠“双碳”目标未来颇具潜力,点评,首次关注,安信证券,徐文杰,2021Q4,100160.0,,10620.0,9150.0,0.15,97.2,0.1,5.7,56.6,增持,,21.0
300065.SZ,海兰信,20211111,海兰信：引入海南国资有望形成协同，UDC背靠“双碳”目标未来颇具潜力,点评,首次关注,安信证券,徐文杰,2023Q4,156250.0,,20300.0,17490.0,0.29,50.8,0.1,9.3,33.6,增持,,21.0
300065.SZ,海兰信,20211111,海兰信：引入海南国资有望形成协同，UDC背靠“双碳”目标未来颇具潜力,点评,首次关注,安信证券,徐文杰,2022Q4,120190.0,,14180.0,12210.0,0.2,72.8,0.1,7.1,45.5,增持,,21.0
603260.SH,合盛硅业,20211111,合盛硅业跟踪点评报告：工业硅景气或超预期，一体化龙头有望充分受益,点评,一般报告,国泰君安,段海峰,2021Q4,2443200.0,,,897300.0,8.35,18.23,0.7,44.7,13.16,增持,,186.15
002299.SZ,圣农发展,20211111,圣农发展10月销售简报点评：行业底部仍持有盈利，C端发展潜力充足,点评,一般报告,国泰君安,"钟凯锋,李晓渊",2022Q4,,,,,0.89,,,,,增持,,39.28
002299.SZ,圣农发展,20211111,圣农发展10月销售简报点评：行业底部仍持有盈利，C端发展潜力充足,点评,一般报告,国泰君安,"钟凯锋,李晓渊",2021Q4,,,,,0.44,,,,,增持,,39.28
603260.SH,合盛硅业,20211111,合盛硅业跟踪点评报告：工业硅景气或超预期，一体化龙头有望充分受益,点评,一般报告,国泰君安,段海峰,2022Q4,3746000.0,,,1332500.0,12.41,12.28,0.8,41.5,8.37,增持,,186.15
000876.SZ,新希望,20211111,新希望10月生猪销售点评：生猪销量快速增长，逐步推进满负荷生产,点评,一般报告,国泰君安,"钟凯锋,李晓渊",2023Q4,,,,,0.64,,,,,增持,,25.0
000876.SZ,新希望,20211111,新希望10月生猪销售点评：生猪销量快速增长，逐步推进满负荷生产,点评,一般报告,国泰君安,"钟凯锋,李晓渊",2022Q4,,,,,0.09,,,,,增持,,25.0
000876.SZ,新希望,20211111,新希望10月生猪销售点评：生猪销量快速增长，逐步推进满负荷生产,点评,一般报告,国泰君安,"钟凯锋,李晓渊",2021Q4,,,,,-2.17,,,,,增持,,25.0
603396.SH,金辰股份,20211111,金辰股份：金辰股份助力TOPCon电池效率突破25.53％！,点评,一般报告,天风证券,"李鲁靖,朱晔,张钰莹",2022Q4,212620.0,,34598.0,23953.0,2.06,62.3,,14.46,40.19,买入,,
603396.SH,金辰股份,20211111,金辰股份：金辰股份助力TOPCon电池效率突破25.53％！,点评,一般报告,天风证券,"李鲁靖,朱晔,张钰莹",2021Q4,146980.0,,21344.0,15093.0,1.3,98.87,,10.3,61.84,买入,,
603808.SH,歌力思,20211111,歌力思：推出股权激励计划，高目标强激励引领高质量发展,点评,一般报告,申万宏源证券,王立平,2023Q4,329600.0,209600.0,71900.0,54200.0,1.47,10.0,,13.7,,买入,,
603808.SH,歌力思,20211111,歌力思：推出股权激励计划，高目标强激励引领高质量发展,点评,一般报告,申万宏源证券,王立平,2021Q4,252200.0,163900.0,39400.0,35300.0,0.96,16.0,,11.7,,买入,,
603908.SH,牧高笛,20211111,牧高笛：露营风在起，内销业务迎来改善弹性,深度,首次关注,华西证券,唐爽爽,2023Q4,151900.0,,19400.0,15900.0,2.39,12.06,,19.8,,买入,,45.0
603908.SH,牧高笛,20211111,牧高笛：露营风在起，内销业务迎来改善弹性,深度,首次关注,华西证券,唐爽爽,2022Q4,124000.0,,15100.0,12400.0,1.86,15.47,,19.2,,买入,,45.0
603908.SH,牧高笛,20211111,牧高笛：露营风在起，内销业务迎来改善弹性,深度,首次关注,华西证券,唐爽爽,2021Q4,91500.0,,10000.0,8200.0,1.23,23.33,,15.7,,买入,,45.0
603010.SH,万盛股份,20211111,万盛股份：强势进军新能源材料，新材料平台不断壮大,点评,一般报告,东北证券,"陈俊杰,伍豪",2021Q4,355000.0,,106600.0,90200.0,1.86,14.16,0.0,33.71,,买入,,37.11
600305.SH,恒顺醋业,20211111,恒顺醋业非公开发行股票预案点评：拟加码产能布局，助力长期变革扩张,点评,一般报告,民生证券,"王言海,刘光意",2023Q4,262200.0,,41100.0,34200.0,0.34,48.78,1.1,12.5,37.51,推荐,,
600305.SH,恒顺醋业,20211111,恒顺醋业非公开发行股票预案点评：拟加码产能布局，助力长期变革扩张,点评,一般报告,民生证券,"王言海,刘光意",2022Q4,227400.0,,34800.0,29100.0,0.29,57.39,1.0,11.3,42.99,推荐,,
600305.SH,恒顺醋业,20211111,恒顺醋业非公开发行股票预案点评：拟加码产能布局，助力长期变革扩张,点评,一般报告,民生证券,"王言海,刘光意",2021Q4,197800.0,,25900.0,21700.0,0.22,77.1,1.0,8.8,58.78,推荐,,
603369.SH,今世缘,20211111,今世缘更新报告：后疫情时代下的今世缘：势能延续,一般,一般报告,国泰君安,"訾猛,李耀",2023Q4,920200.0,,,299800.0,2.39,22.4,1.6,22.8,16.31,增持,,65.44
603369.SH,今世缘,20211111,今世缘更新报告：后疫情时代下的今世缘：势能延续,一般,一般报告,国泰君安,"訾猛,李耀",2022Q4,785700.0,,,245800.0,1.96,27.32,1.3,21.9,20.16,增持,,65.44
603369.SH,今世缘,20211111,今世缘更新报告：后疫情时代下的今世缘：势能延续,一般,一般报告,国泰君安,"訾猛,李耀",2021Q4,643900.0,,,197300.0,1.57,34.03,1.0,20.6,25.61,增持,,65.44
603260.SH,合盛硅业,20211111,合盛硅业跟踪点评报告：工业硅景气或超预期，一体化龙头有望充分受益,点评,一般报告,国泰君安,段海峰,2023Q4,4900700.0,,,1780900.0,16.58,9.19,0.9,36.8,5.65,增持,,186.15
002299.SZ,圣农发展,20211111,圣农发展10月销售简报点评：行业底部仍持有盈利，C端发展潜力充足,点评,一般报告,国泰君安,"钟凯锋,李晓渊",2023Q4,,,,,1.61,,,,,增持,,39.28
600655.SH,豫园股份,20211111,豫园股份：产业运营禀赋深厚，快乐消费旗舰乘国潮起航,深度,一般报告,申万宏源证券,"赵令伊,张玲玉",2022Q4,6139600.0,,602800.0,435100.0,1.12,8.5,1.6,10.7,8.9,买入,,
600655.SH,豫园股份,20211111,豫园股份：产业运营禀赋深厚，快乐消费旗舰乘国潮起航,深度,一般报告,申万宏源证券,"赵令伊,张玲玉",2021Q4,5173900.0,,555400.0,393700.0,1.01,9.4,1.5,10.7,9.5,买入,,
300037.SZ,新宙邦,20211111,新宙邦深度研究报告：复盘新宙邦——10年15倍是如何炼成的,深度,首次评级,华创证券,彭广春,2023Q4,1354200.0,464300.0,306700.0,269700.0,6.57,20.0,,24.2,19.0,强推,,177.3
300037.SZ,新宙邦,20211111,新宙邦深度研究报告：复盘新宙邦——10年15倍是如何炼成的,深度,首次评级,华创证券,彭广春,2022Q4,1020300.0,355800.0,236500.0,208100.0,5.06,26.0,,24.7,24.0,强推,,177.3
300037.SZ,新宙邦,20211111,新宙邦深度研究报告：复盘新宙邦——10年15倍是如何炼成的,深度,首次评级,华创证券,彭广春,2021Q4,662400.0,241600.0,158100.0,139100.0,3.39,39.0,,22.0,35.0,强推,,177.3
300894.SZ,火星人,20211111,火星人：迈向第二阶段，享受品牌α收益,一般,首次关注,华泰证券,"林寰宇,周衍峰,王森泉",2022Q4,320300.0,,68048.0,58411.0,1.44,33.35,,28.31,24.8,增持,,53.91
300894.SZ,火星人,20211111,火星人：迈向第二阶段，享受品牌α收益,一般,首次关注,华泰证券,"林寰宇,周衍峰,王森泉",2021Q4,234319.0,,48332.0,41487.0,1.02,46.96,,27.35,34.98,增持,,53.91
600655.SH,豫园股份,20211111,豫园股份：产业运营禀赋深厚，快乐消费旗舰乘国潮起航,深度,一般报告,申万宏源证券,"赵令伊,张玲玉",2023Q4,7416700.0,,690900.0,501300.0,1.29,7.4,1.8,11.0,7.9,买入,,
300894.SZ,火星人,20211111,火星人：迈向第二阶段，享受品牌α收益,一般,首次关注,华泰证券,"林寰宇,周衍峰,王森泉",2023Q4,419441.0,,91003.0,78115.0,1.93,24.94,,28.79,17.83,增持,,53.91
603808.SH,歌力思,20211111,歌力思：股权激励彰显长远发展信心,点评,一般报告,中银国际,"郝帅,丁凡,郑紫舟",2022Q4,288300.0,,51200.0,43500.0,1.163,13.1,,17.0,10.9,买入,,
603808.SH,歌力思,20211111,歌力思：股权激励彰显长远发展信心,点评,一般报告,中银国际,"郝帅,丁凡,郑紫舟",2021Q4,239700.0,,41100.0,35000.0,0.934,16.4,,15.0,14.0,买入,,
002436.SZ,兴森科技,20211111,兴森科技点评报告：珠海项目产能推进顺利，持续看好IC载板国产化进程,点评,一般报告,东吴证券,"侯宾,姚久花",2023Q4,731500.0,,112100.0,92500.0,0.62,23.23,,17.4,14.9,买入,,
002436.SZ,兴森科技,20211111,兴森科技点评报告：珠海项目产能推进顺利，持续看好IC载板国产化进程,点评,一般报告,东吴证券,"侯宾,姚久花",2022Q4,607200.0,,93500.0,76900.0,0.52,27.93,,17.3,17.77,买入,,
002436.SZ,兴森科技,20211111,兴森科技点评报告：珠海项目产能推进顺利，持续看好IC载板国产化进程,点评,一般报告,东吴证券,"侯宾,姚久花",2021Q4,496400.0,,75000.0,60500.0,0.41,35.49,,16.2,21.73,买入,,
603808.SH,歌力思,20211111,歌力思：股权激励彰显长远发展信心,点评,一般报告,中银国际,"郝帅,丁凡,郑紫舟",2023Q4,344000.0,,61700.0,52500.0,1.404,10.9,,18.9,9.3,买入,,
688198.SH,佰仁医疗,20211111,佰仁医疗：从生物外科瓣龙头到介入瓣新贵，国产动物源性材料平台强势崛起,深度,首次关注,申万宏源证券,陈烨远,2023Q4,42300.0,,20100.0,17200.0,1.79,137.0,,14.6,,增持,,
688198.SH,佰仁医疗,20211111,佰仁医疗：从生物外科瓣龙头到介入瓣新贵，国产动物源性材料平台强势崛起,深度,首次关注,申万宏源证券,陈烨远,2022Q4,32200.0,,13600.0,11600.0,1.21,202.0,,11.5,,增持,,
688198.SH,佰仁医疗,20211111,佰仁医疗：从生物外科瓣龙头到介入瓣新贵，国产动物源性材料平台强势崛起,深度,首次关注,申万宏源证券,陈烨远,2021Q4,25200.0,,6300.0,5500.0,0.57,430.0,,6.1,,增持,,
300073.SZ,当升科技,20211111,当升科技：欧洲10万吨扩产规划落地，高镍产能加速扩张,点评,一般报告,招商证券,"游家训,刘珺涵,周铮,刘巍",2023Q4,1569030.0,,201500.0,171500.0,3.78,24.8,,23.6,19.1,强烈推荐,135.0,125.0
300073.SZ,当升科技,20211111,当升科技：欧洲10万吨扩产规划落地，高镍产能加速扩张,点评,一般报告,招商证券,"游家训,刘珺涵,周铮,刘巍",2022Q4,1134000.0,,148400.0,126500.0,2.79,33.6,,21.8,26.0,强烈推荐,135.0,125.0
300073.SZ,当升科技,20211111,当升科技：欧洲10万吨扩产规划落地，高镍产能加速扩张,点评,一般报告,招商证券,"游家训,刘珺涵,周铮,刘巍",2021Q4,664300.0,,114100.0,98200.0,2.16,43.3,,20.8,34.3,强烈推荐,135.0,125.0
603808.SH,歌力思,20211111,歌力思：发布股权激励加强长期绑定，差异化多品牌打造国际高端时装集团,点评,首份报告,天风证券,孙海洋,2022Q4,275164.0,,56198.0,43236.0,1.17,13.04,,15.05,8.79,买入,,
603808.SH,歌力思,20211111,歌力思：发布股权激励加强长期绑定，差异化多品牌打造国际高端时装集团,点评,首份报告,天风证券,孙海洋,2021Q4,235902.0,,49257.0,35763.0,0.97,15.77,,13.95,9.5,买入,,
002743.SZ,富煌钢构,20211111,富煌钢构：净利增速29％，一体化竞争优势产能逐步扩张,点评,一般报告,国泰君安,"韩其成,满静雅",2023Q4,645000.0,,,25100.0,0.58,11.48,0.9,7.1,8.15,增持,,9.71
002353.SZ,杰瑞股份,20211111,杰瑞股份点评报告：中标科威特27亿元大单，助力公司业绩增长,点评,一般报告,浙商证券,"王华君,潘贻立",2023Q4,1100400.0,,262700.0,222400.0,2.32,19.0,,14.0,12.8,买入,,
002353.SZ,杰瑞股份,20211111,杰瑞股份点评报告：中标科威特27亿元大单，助力公司业绩增长,点评,一般报告,浙商证券,"王华君,潘贻立",2022Q4,982500.0,,231800.0,196100.0,2.05,21.0,,14.0,15.0,买入,,
002353.SZ,杰瑞股份,20211111,杰瑞股份点评报告：中标科威特27亿元大单，助力公司业绩增长,点评,一般报告,浙商证券,"王华君,潘贻立",2021Q4,854400.0,,202300.0,171300.0,1.79,24.0,,14.0,17.5,买入,,
300059.SZ,东方财富,20211111,东方财富：21Q3基金保有量占比继续提升,点评,一般报告,华泰证券,"谢春生,沈娟,朱珺,彭钢",2023Q4,2183900.0,,1822800.0,1573500.0,1.52,22.25,,23.22,16.14,买入,,42.3
300059.SZ,东方财富,20211111,东方财富：21Q3基金保有量占比继续提升,点评,一般报告,华泰证券,"谢春生,沈娟,朱珺,彭钢",2022Q4,1711400.0,,1379000.0,1189500.0,1.15,29.43,,22.68,22.13,买入,,42.3
300059.SZ,东方财富,20211111,东方财富：21Q3基金保有量占比继续提升,点评,一般报告,华泰证券,"谢春生,沈娟,朱珺,彭钢",2021Q4,1286200.0,,964100.0,829900.0,0.8,42.18,,20.27,33.51,买入,,42.3
603808.SH,歌力思,20211111,歌力思：发布股权激励加强长期绑定，差异化多品牌打造国际高端时装集团,点评,首份报告,天风证券,孙海洋,2023Q4,316439.0,,65044.0,50198.0,1.36,11.23,,15.58,6.66,买入,,
603486.SH,科沃斯,20211111,科沃斯：可转债发行审批落地，长期成长动力充足——可转债申请审批通过事件点评,点评,一般报告,国泰君安,"蔡雯娟,谢丛睿,樊夏俐",2023Q4,2296500.0,,,348500.0,6.09,29.55,0.0,30.7,22.28,增持,,216.0
603486.SH,科沃斯,20211111,科沃斯：可转债发行审批落地，长期成长动力充足——可转债申请审批通过事件点评,点评,一般报告,国泰君安,"蔡雯娟,谢丛睿,樊夏俐",2022Q4,1754900.0,,,275000.0,4.81,37.46,0.0,34.9,30.25,增持,,216.0
603486.SH,科沃斯,20211111,科沃斯：可转债发行审批落地，长期成长动力充足——可转债申请审批通过事件点评,点评,一般报告,国泰君安,"蔡雯娟,谢丛睿,樊夏俐",2021Q4,1266500.0,,,202800.0,3.54,50.8,0.0,39.5,38.99,增持,,216.0
603429.SH,集友股份,20211111,集友股份公司研究报告：立足烟草行稳致远，研发积累长期优势,一般,首次关注,海通证券,"郭庆龙,王文杰",2023Q4,174800.0,,47800.0,41200.0,1.08,20.68,2.2,24.9,14.28,优于大市,,
603429.SH,集友股份,20211111,集友股份公司研究报告：立足烟草行稳致远，研发积累长期优势,一般,首次关注,海通证券,"郭庆龙,王文杰",2022Q4,126110.0,,34100.0,29400.0,0.77,29.0,1.6,20.5,19.85,优于大市,,
603429.SH,集友股份,20211111,集友股份公司研究报告：立足烟草行稳致远，研发积累长期优势,一般,首次关注,海通证券,"郭庆龙,王文杰",2021Q4,68770.0,,18200.0,15700.0,0.41,54.37,0.9,12.2,34.33,优于大市,,
002743.SZ,富煌钢构,20211111,富煌钢构：净利增速29％，一体化竞争优势产能逐步扩张,点评,一般报告,国泰君安,"韩其成,满静雅",2022Q4,570200.0,,,21000.0,0.48,13.74,0.9,6.4,8.66,增持,,9.71
002743.SZ,富煌钢构,20211111,富煌钢构：净利增速29％，一体化竞争优势产能逐步扩张,点评,一般报告,国泰君安,"韩其成,满静雅",2021Q4,497100.0,,,17200.0,0.4,16.74,0.9,5.6,8.82,增持,,9.71
002179.SZ,中航光电,20211111,中航光电：三季度业绩稳定高增，军民共振全年业绩可期,点评,一般报告,中信建投,"黎韬扬,王春阳",2023Q4,2117500.0,,,369800.0,3.36,27.8,,,,买入,,
002179.SZ,中航光电,20211111,中航光电：三季度业绩稳定高增，军民共振全年业绩可期,点评,一般报告,中信建投,"黎韬扬,王春阳",2022Q4,1713000.0,,,282100.0,2.56,36.45,,,,买入,,
002179.SZ,中航光电,20211111,中航光电：三季度业绩稳定高增，军民共振全年业绩可期,点评,一般报告,中信建投,"黎韬扬,王春阳",2021Q4,1350500.0,,,214300.0,1.95,47.98,,,,买入,,
002026.SZ,山东威达,20211111,山东威达：电动工具配件地位稳固，换电站乘风而起——2021年三季报点评,点评,一般报告,中信建投,吕娟,2022Q4,442600.0,,,49000.0,1.16,13.4,,15.5,,买入,,
002026.SZ,山东威达,20211111,山东威达：电动工具配件地位稳固，换电站乘风而起——2021年三季报点评,点评,一般报告,中信建投,吕娟,2021Q4,347000.0,,,37600.0,0.89,17.5,,13.9,,买入,,
688066.SH,航天宏图,20211111,航天宏图：业绩保持较快增长，向产业链上游延伸,点评,首份报告,中信建投,黎韬扬,2022Q4,173500.0,,,29800.0,1.62,36.13,,,,增持,,
688066.SH,航天宏图,20211111,航天宏图：业绩保持较快增长，向产业链上游延伸,点评,首份报告,中信建投,黎韬扬,2021Q4,123000.0,,,19600.0,1.07,54.76,,,,增持,,
688066.SH,航天宏图,20211111,航天宏图：业绩保持较快增长，向产业链上游延伸,点评,首份报告,中信建投,黎韬扬,2023Q4,243600.0,,,44200.0,2.4,24.34,,,,增持,,
002026.SZ,山东威达,20211111,山东威达：电动工具配件地位稳固，换电站乘风而起——2021年三季报点评,点评,一般报告,中信建投,吕娟,2023Q4,553100.0,,,57000.0,1.35,11.5,,15.4,,买入,,
600008.SH,首创环保,20211111,首创环保：1～3Q21净利同增106.2％，水务＋固废稳健成长,点评,一般报告,中金,"蒋昕昊,张钰琪,曾韬",2022Q4,2483900.0,,318300.0,212200.0,0.29,11.6,3.0,7.5,9.6,跑赢行业,,4.2
600008.SH,首创环保,20211111,首创环保：1～3Q21净利同增106.2％，水务＋固废稳健成长,点评,一般报告,中金,"蒋昕昊,张钰琪,曾韬",2021Q4,2295000.0,697000.0,351300.0,236000.0,0.32,10.5,3.3,8.8,9.4,跑赢行业,,4.2
688667.SH,菱电电控,20211111,菱电电控：自主电控系统领军者，国产替代迎接成长新机,一般,首次关注,中金,"陈桢皓,邓学",2022Q4,126500.0,42200.0,30300.0,26900.0,5.21,29.9,0.7,16.8,23.3,跑赢行业,,175.0
300440.SZ,运达科技,20211111,运达科技：收购运达电气，布局“绿色智能”铁路,点评,一般报告,国盛证券,"宋嘉吉,黄瀚,赵丕业",2022Q4,,,,31200.0,,,,,,买入,,
300440.SZ,运达科技,20211111,运达科技：收购运达电气，布局“绿色智能”铁路,点评,一般报告,国盛证券,"宋嘉吉,黄瀚,赵丕业",2021Q4,,,,25400.0,,,,,,买入,,
603324.SH,盛剑环境,20211111,盛剑环境公司研究报告：自主研发，实现“设备－运维－材料”渐变,点评,首次关注,海通证券,"吴杰,戴元灿,朱劲松,肖隽翀",2023Q4,264300.0,,42300.0,35900.0,2.9,24.99,1.0,18.9,17.94,优于大市,,
603324.SH,盛剑环境,20211111,盛剑环境公司研究报告：自主研发，实现“设备－运维－材料”渐变,点评,首次关注,海通证券,"吴杰,戴元灿,朱劲松,肖隽翀",2022Q4,176200.0,,28300.0,24000.0,1.94,37.35,0.7,14.8,26.73,优于大市,,
603324.SH,盛剑环境,20211111,盛剑环境公司研究报告：自主研发，实现“设备－运维－材料”渐变,点评,首次关注,海通证券,"吴杰,戴元灿,朱劲松,肖隽翀",2021Q4,125900.0,,19400.0,16500.0,1.33,54.55,0.4,11.4,38.15,优于大市,,
002812.SZ,恩捷股份,20211111,恩捷股份：与宁德时代合资布局隔膜产能，强强联合携手高成长,点评,一般报告,中金,"曾韬,蒋昕昊",2023Q4,,,,731000.0,,32.3,,,,跑赢行业,,330.0
002812.SZ,恩捷股份,20211111,恩捷股份：与宁德时代合资布局隔膜产能，强强联合携手高成长,点评,一般报告,中金,"曾韬,蒋昕昊",2022Q4,1214800.0,,544000.0,458800.0,5.14,51.4,0.3,29.4,34.0,跑赢行业,,330.0
688667.SH,菱电电控,20211111,菱电电控：自主电控系统领军者，国产替代迎接成长新机,一般,首次关注,中金,"陈桢皓,邓学",2023Q4,229400.0,87900.0,64600.0,57300.0,11.1,,,,,跑赢行业,,175.0
688667.SH,菱电电控,20211111,菱电电控：自主电控系统领军者，国产替代迎接成长新机,一般,首次关注,中金,"陈桢皓,邓学",2021Q4,82300.0,27200.0,20200.0,17900.0,3.47,44.9,0.4,19.1,37.0,跑赢行业,,175.0
300440.SZ,运达科技,20211111,运达科技：收购运达电气，布局“绿色智能”铁路,点评,一般报告,国盛证券,"宋嘉吉,黄瀚,赵丕业",2023Q4,,,,37300.0,,,,,,买入,,
002812.SZ,恩捷股份,20211111,恩捷股份：与宁德时代合资布局隔膜产能，强强联合携手高成长,点评,一般报告,中金,"曾韬,蒋昕昊",2021Q4,811400.0,,296900.0,251500.0,2.82,93.8,0.1,20.5,55.1,跑赢行业,,330.0
002968.SZ,新大正,20211111,新大正：重点中心城市布局完成，全国公建龙头初现,深度,一般报告,中信建投,竺劲,2023Q4,460600.0,,40000.0,33800.0,2.077,17.1,,,,买入,,47.92
002968.SZ,新大正,20211111,新大正：重点中心城市布局完成，全国公建龙头初现,深度,一般报告,中信建投,竺劲,2022Q4,322000.0,,28000.0,23700.0,1.457,24.5,,,,买入,,47.92
002968.SZ,新大正,20211111,新大正：重点中心城市布局完成，全国公建龙头初现,深度,一般报告,中信建投,竺劲,2021Q4,211400.0,,19300.0,16300.0,1.002,35.5,,,,买入,,47.92
002407.SZ,多氟多,20211111,多氟多公告点评：签订10亿元LiPF6重大合同，未来增长趋势可期,点评,一般报告,光大证券,"赵乃迪,周家诺",2022Q4,959000.0,,203200.0,172200.0,2.25,23.0,2.2,27.13,16.2,买入,,
002407.SZ,多氟多,20211111,多氟多公告点评：签订10亿元LiPF6重大合同，未来增长趋势可期,点评,一般报告,光大证券,"赵乃迪,周家诺",2021Q4,661400.0,,125700.0,106400.0,1.39,37.0,1.4,20.61,28.4,买入,,
002407.SZ,多氟多,20211111,多氟多公告点评：签订10亿元LiPF6重大合同，未来增长趋势可期,点评,一般报告,光大证券,"赵乃迪,周家诺",2023Q4,1208300.0,,265300.0,225000.0,2.94,18.0,2.9,29.09,13.0,买入,,
688105.SH,诺唯赞,20211111,诺唯赞：分子类生物试剂领航人，多元化布局探索新市场,新股,首份报告,太平洋证券,"盛丽华,谭紫媚",2023Q4,200223.0,,103300.0,88500.0,,,,24.31,,无,,
688105.SH,诺唯赞,20211111,诺唯赞：分子类生物试剂领航人，多元化布局探索新市场,新股,首份报告,太平洋证券,"盛丽华,谭紫媚",2022Q4,170131.0,,85800.0,73500.0,,,,26.69,,无,,
688105.SH,诺唯赞,20211111,诺唯赞：分子类生物试剂领航人，多元化布局探索新市场,新股,首份报告,太平洋证券,"盛丽华,谭紫媚",2021Q4,161054.0,,80200.0,68700.0,,,,34.03,,无,,
688711.SH,宏微科技,20211111,电子元器件：新能源需求引领，国内功率半导体行业快速发展,非个股,一般报告,国泰君安,"王聪,舒迪,郭航",2023Q4,,,,14872.493,1.51,,,,,增持,,174.65
688711.SH,宏微科技,20211111,电子元器件：新能源需求引领，国内功率半导体行业快速发展,非个股,一般报告,国泰君安,"王聪,舒迪,郭航",2022Q4,,,,10440.293,1.06,,,,,增持,,174.65
688711.SH,宏微科技,20211111,电子元器件：新能源需求引领，国内功率半导体行业快速发展,非个股,一般报告,国泰君安,"王聪,舒迪,郭航",2021Q4,,,,6796.04,0.69,,,,,增持,,174.65
300373.SZ,扬杰科技,20211111,电子元器件：新能源需求引领，国内功率半导体行业快速发展,非个股,一般报告,国泰君安,"王聪,舒迪,郭航",2023Q4,,,,110678.424,2.16,,,,,增持,,63.51
300373.SZ,扬杰科技,20211111,电子元器件：新能源需求引领，国内功率半导体行业快速发展,非个股,一般报告,国泰君安,"王聪,舒迪,郭航",2022Q4,,,,90182.419,1.76,,,,,增持,,63.51
300373.SZ,扬杰科技,20211111,电子元器件：新能源需求引领，国内功率半导体行业快速发展,非个股,一般报告,国泰君安,"王聪,舒迪,郭航",2021Q4,,,,75835.216,1.48,,,,,增持,,63.51
600460.SH,士兰微,20211111,电子元器件：新能源需求引领，国内功率半导体行业快速发展,非个股,一般报告,国泰君安,"王聪,舒迪,郭航",2023Q4,,,,155767.903,1.1,,,,,增持,,78.27
600460.SH,士兰微,20211111,电子元器件：新能源需求引领，国内功率半导体行业快速发展,非个股,一般报告,国泰君安,"王聪,舒迪,郭航",2022Q4,,,,123198.251,0.87,,,,,增持,,78.27
600460.SH,士兰微,20211111,电子元器件：新能源需求引领，国内功率半导体行业快速发展,非个股,一般报告,国泰君安,"王聪,舒迪,郭航",2021Q4,,,,107621.46,0.76,,,,,增持,,78.27
603290.SH,斯达半导,20211111,电子元器件：新能源需求引领，国内功率半导体行业快速发展,非个股,一般报告,国泰君安,"王聪,舒迪,郭航",2023Q4,,,,66720.0,4.17,,,,,增持,,526.92
603290.SH,斯达半导,20211111,电子元器件：新能源需求引领，国内功率半导体行业快速发展,非个股,一般报告,国泰君安,"王聪,舒迪,郭航",2022Q4,,,,47360.0,2.96,,,,,增持,,526.92
603290.SH,斯达半导,20211111,电子元器件：新能源需求引领，国内功率半导体行业快速发展,非个股,一般报告,国泰君安,"王聪,舒迪,郭航",2021Q4,,,,33760.0,2.11,,,,,增持,,526.92
605111.SH,新洁能,20211111,电子元器件：新能源需求引领，国内功率半导体行业快速发展,非个股,一般报告,国泰君安,"王聪,舒迪,郭航",2023Q4,,,,60497.36,4.27,,,,,增持,,197.71
605111.SH,新洁能,20211111,电子元器件：新能源需求引领，国内功率半导体行业快速发展,非个股,一般报告,国泰君安,"王聪,舒迪,郭航",2022Q4,,,,51854.88,3.66,,,,,增持,,197.71
605111.SH,新洁能,20211111,电子元器件：新能源需求引领，国内功率半导体行业快速发展,非个股,一般报告,国泰君安,"王聪,舒迪,郭航",2021Q4,,,,45054.24,3.18,,,,,增持,,197.71
300623.SZ,捷捷微电,20211111,电子元器件：新能源需求引领，国内功率半导体行业快速发展,非个股,一般报告,国泰君安,"王聪,舒迪,郭航",2023Q4,,,,68514.127,0.93,,,,,增持,,37.19
300623.SZ,捷捷微电,20211111,电子元器件：新能源需求引领，国内功率半导体行业快速发展,非个股,一般报告,国泰君安,"王聪,舒迪,郭航",2022Q4,,,,61147.017,0.83,,,,,增持,,37.19
300623.SZ,捷捷微电,20211111,电子元器件：新能源需求引领，国内功率半导体行业快速发展,非个股,一般报告,国泰君安,"王聪,舒迪,郭航",2021Q4,,,,50833.062,0.69,,,,,增持,,37.19
688396.SH,华润微,20211111,电子元器件：新能源需求引领，国内功率半导体行业快速发展,非个股,一般报告,国泰君安,"王聪,舒迪,郭航",2023Q4,,,,273259.015,2.07,,,,,增持,,81.17
688396.SH,华润微,20211111,电子元器件：新能源需求引领，国内功率半导体行业快速发展,非个股,一般报告,国泰君安,"王聪,舒迪,郭航",2022Q4,,,,249497.362,1.89,,,,,增持,,81.17
688396.SH,华润微,20211111,电子元器件：新能源需求引领，国内功率半导体行业快速发展,非个股,一般报告,国泰君安,"王聪,舒迪,郭航",2021Q4,,,,221775.433,1.68,,,,,增持,,81.17
600745.SH,闻泰科技,20211111,电子元器件：新能源需求引领，国内功率半导体行业快速发展,非个股,一般报告,国泰君安,"王聪,舒迪,郭航",2023Q4,,,,623774.831,5.01,,,,,增持,,135.14
600745.SH,闻泰科技,20211111,电子元器件：新能源需求引领，国内功率半导体行业快速发展,非个股,一般报告,国泰君安,"王聪,舒迪,郭航",2022Q4,,,,466897.328,3.75,,,,,增持,,135.14
600745.SH,闻泰科技,20211111,电子元器件：新能源需求引领，国内功率半导体行业快速发展,非个股,一般报告,国泰君安,"王聪,舒迪,郭航",2021Q4,,,,293834.052,2.36,,,,,增持,,135.14
002982.SZ,湘佳股份,20211111,湘佳股份10月活禽销售简报点评：销售收入提升显著，公司推进产业新升级,点评,一般报告,国泰君安,"钟凯锋,李晓渊",2021Q4,,,,,-0.07,,,,,增持,,48.84
002982.SZ,湘佳股份,20211111,湘佳股份10月活禽销售简报点评：销售收入提升显著，公司推进产业新升级,点评,一般报告,国泰君安,"钟凯锋,李晓渊",2022Q4,,,,,1.32,,,,,增持,,48.84
002982.SZ,湘佳股份,20211111,湘佳股份10月活禽销售简报点评：销售收入提升显著，公司推进产业新升级,点评,一般报告,国泰君安,"钟凯锋,李晓渊",2023Q4,,,,,2.12,,,,,增持,,48.84
600970.SH,中材国际,20211111,中材国际：前三季度净利增2％，重组完成加速水泥智能化改造,点评,一般报告,国泰君安,"韩其成,满静雅",2021Q4,2647500.0,,,169300.0,0.76,14.52,2.5,13.6,8.19,增持,,14.93
600970.SH,中材国际,20211111,中材国际：前三季度净利增2％，重组完成加速水泥智能化改造,点评,一般报告,国泰君安,"韩其成,满静雅",2022Q4,2986200.0,,,190800.0,0.86,12.88,2.7,13.3,6.77,增持,,14.93
600970.SH,中材国际,20211111,中材国际：前三季度净利增2％，重组完成加速水泥智能化改造,点评,一般报告,国泰君安,"韩其成,满静雅",2023Q4,3350000.0,,,213100.0,0.96,11.54,3.0,12.9,5.41,增持,,14.93
000963.SZ,华东医药,20211110,华东医药：工商业稳健发展，新业务有望逐步贡献业绩,点评,首份报告,南京证券,何畏,2022Q4,3961600.0,,,328900.0,,19.0,,,,推荐,,
000963.SZ,华东医药,20211110,华东医药：工商业稳健发展，新业务有望逐步贡献业绩,点评,首份报告,南京证券,何畏,2021Q4,3588000.0,,,278200.0,,22.0,,,,推荐,,
601677.SH,明泰铝业,20211110,限产节奏和幅度继续主导投资机会——钢铁／有色行业2022年投资策略,非个股,一般报告,光大证券,"王招华,方驭涛,戴默",2023Q4,3532633.0,,,373575.0,5.47,,,22.34,,增持,,
601677.SH,明泰铝业,20211110,限产节奏和幅度继续主导投资机会——钢铁／有色行业2022年投资策略,非个股,一般报告,光大证券,"王招华,方驭涛,戴默",2022Q4,3043553.0,,,279425.0,4.09,,,20.96,,增持,,
601677.SH,明泰铝业,20211110,限产节奏和幅度继续主导投资机会——钢铁／有色行业2022年投资策略,非个股,一般报告,光大证券,"王招华,方驭涛,戴默",2021Q4,2645543.0,,,202702.0,2.97,,,18.79,,增持,,
000933.SZ,神火股份,20211110,限产节奏和幅度继续主导投资机会——钢铁／有色行业2022年投资策略,非个股,一般报告,光大证券,"王招华,方驭涛,戴默",2023Q4,3981700.0,,,507200.0,2.27,,,30.6,,增持,,
000933.SZ,神火股份,20211110,限产节奏和幅度继续主导投资机会——钢铁／有色行业2022年投资策略,非个股,一般报告,光大证券,"王招华,方驭涛,戴默",2022Q4,3460100.0,,,505400.0,2.26,,,36.65,,增持,,
000933.SZ,神火股份,20211110,限产节奏和幅度继续主导投资机会——钢铁／有色行业2022年投资策略,非个股,一般报告,光大证券,"王招华,方驭涛,戴默",2021Q4,2749200.0,,,319500.0,1.43,,,31.79,,增持,,
300136.SZ,信维通信,20211110,电子行业2021年三季报总结：经营指标表现亮眼，行业高景气度延续,非个股,一般报告,广发证券,"许兴军,王亮,郇正林",2022Q4,,,,130000.0,1.35,,,15.6,,买入,,33.74
300136.SZ,信维通信,20211110,电子行业2021年三季报总结：经营指标表现亮眼，行业高景气度延续,非个股,一般报告,广发证券,"许兴军,王亮,郇正林",2021Q4,,,,94800.0,0.98,,,14.1,,买入,,33.74
300136.SZ,信维通信,20211110,电子行业2021年三季报总结：经营指标表现亮眼，行业高景气度延续,非个股,一般报告,广发证券,"许兴军,王亮,郇正林",2023Q4,,,,188200.0,1.945,,,,,买入,,33.74
688036.SH,传音控股,20211110,电子行业2021年三季报总结：经营指标表现亮眼，行业高景气度延续,非个股,一般报告,广发证券,"许兴军,王亮,郇正林",2023Q4,8290000.0,,,640000.0,7.983,,,,,买入,,209.64
688036.SH,传音控股,20211110,电子行业2021年三季报总结：经营指标表现亮眼，行业高景气度延续,非个股,一般报告,广发证券,"许兴军,王亮,郇正林",2022Q4,6580000.0,,,480000.0,5.99,,,24.6,,买入,,209.64
688036.SH,传音控股,20211110,电子行业2021年三季报总结：经营指标表现亮眼，行业高景气度延续,非个股,一般报告,广发证券,"许兴军,王亮,郇正林",2021Q4,5030000.0,,,370000.0,4.68,,,25.9,,买入,,209.64
688608.SH,恒玄科技,20211110,电子行业2021年三季报总结：经营指标表现亮眼，行业高景气度延续,非个股,一般报告,广发证券,"许兴军,王亮,郇正林",2023Q4,,,,95040.0,7.92,,,,,买入,,298.55
688608.SH,恒玄科技,20211110,电子行业2021年三季报总结：经营指标表现亮眼，行业高景气度延续,非个股,一般报告,广发证券,"许兴军,王亮,郇正林",2021Q4,,,,44760.0,3.73,,,7.5,,买入,,298.55
688608.SH,恒玄科技,20211110,电子行业2021年三季报总结：经营指标表现亮眼，行业高景气度延续,非个股,一般报告,广发证券,"许兴军,王亮,郇正林",2022Q4,,,,64800.0,5.4,,,9.8,,买入,,298.55
920092.BJ,汉鑫科技,20211110,汉鑫科技：专注机构数字化的信息系统集成商——新三板精选层汉鑫科技分析,新股,首份报告,国泰君安,"李沐华,李雪薇",2023Q4,39471.16,,,6963.83,1.84,,,,,无,,
920092.BJ,汉鑫科技,20211110,汉鑫科技：专注机构数字化的信息系统集成商——新三板精选层汉鑫科技分析,新股,首份报告,国泰君安,"李沐华,李雪薇",2022Q4,33710.39,,,5738.91,1.52,,,,,无,,
920092.BJ,汉鑫科技,20211110,汉鑫科技：专注机构数字化的信息系统集成商——新三板精选层汉鑫科技分析,新股,首份报告,国泰君安,"李沐华,李雪薇",2021Q4,29304.43,,,4591.46,1.22,,,,,无,,
920680.BJ,广道高新,20211110,广道高新公司研究报告：深耕网络安全领域，多维度布局城市公共安全,新股,首份报告,海通证券,钮宇鸣,2023Q4,34300.0,,8200.0,7100.0,1.41,10.65,0.0,13.2,6.74,无,,
920680.BJ,广道高新,20211110,广道高新公司研究报告：深耕网络安全领域，多维度布局城市公共安全,新股,首份报告,海通证券,钮宇鸣,2022Q4,30800.0,,7400.0,6400.0,1.28,11.75,0.0,13.9,7.98,无,,
920680.BJ,广道高新,20211110,广道高新公司研究报告：深耕网络安全领域，多维度布局城市公共安全,新股,首份报告,海通证券,钮宇鸣,2021Q4,26900.0,,6500.0,5600.0,1.11,13.52,0.0,14.1,9.55,无,,
920145.BJ,恒合股份,20211110,恒合股份：石油石化VOCs的监测和治理解决方案供应商,新股,首份报告,东吴证券,"刘博,唐亚辉",2023Q4,24200.0,,6300.0,5400.0,0.8,10.04,,13.1,6.75,无,,
920145.BJ,恒合股份,20211110,恒合股份：石油石化VOCs的监测和治理解决方案供应商,新股,首份报告,东吴证券,"刘博,唐亚辉",2022Q4,19100.0,,4800.0,4200.0,0.61,13.1,,11.5,8.56,无,,
920145.BJ,恒合股份,20211110,恒合股份：石油石化VOCs的监测和治理解决方案供应商,新股,首份报告,东吴证券,"刘博,唐亚辉",2021Q4,15200.0,,3400.0,2900.0,0.43,18.56,,9.2,10.86,无,,
300811.SZ,铂科新材,20211110,铂科新材公司简评报告：合金软磁粉芯龙头，深度受益新能源发展,点评,首次关注,首创证券,"何立中,韩杨",2021Q4,70330.0,,14230.0,12200.0,1.177,40.5,,13.2,,买入,,
300811.SZ,铂科新材,20211110,铂科新材公司简评报告：合金软磁粉芯龙头，深度受益新能源发展,点评,首次关注,首创证券,"何立中,韩杨",2023Q4,133910.0,,32650.0,27980.0,2.699,17.6,,21.4,,买入,,
300811.SZ,铂科新材,20211110,铂科新材公司简评报告：合金软磁粉芯龙头，深度受益新能源发展,点评,首次关注,首创证券,"何立中,韩杨",2022Q4,98640.0,,22040.0,18900.0,1.823,26.1,,17.6,,买入,,
300770.SZ,新媒股份,20211110,NFT：初露峥嵘的区块链应用，元宇宙的重要支柱——元宇宙行业专题之二,非个股,一般报告,国信证券,"张衡,夏妍",2022Q4,,,,80177.177,3.47,,,,,买入,,
300770.SZ,新媒股份,20211110,NFT：初露峥嵘的区块链应用，元宇宙的重要支柱——元宇宙行业专题之二,非个股,一般报告,国信证券,"张衡,夏妍",2021Q4,,,,67468.979,2.92,,,,,买入,,
300047.SZ,天源迪科,20211110,通信：数字货币载体和5G新入口，超级SIM卡“超级”预期差,非个股,一般报告,太平洋证券,"李宏涛,李仁波",2022Q4,,,,21900.0,0.343,,,,,增持,,
300047.SZ,天源迪科,20211110,通信：数字货币载体和5G新入口，超级SIM卡“超级”预期差,非个股,一般报告,太平洋证券,"李宏涛,李仁波",2021Q4,,,,16600.0,0.26,,,,,增持,,
601688.SH,华泰证券,20211110,顺势而为，迎接市场扩容浪潮——证券行业2022年投资策略,非个股,一般报告,兴业证券,"徐一洲,孙寅,许盈盈,汪成鹏",2023Q4,,,,1779023.4,1.96,,,,,审慎增持,,
601688.SH,华泰证券,20211110,顺势而为，迎接市场扩容浪潮——证券行业2022年投资策略,非个股,一般报告,兴业证券,"徐一洲,孙寅,许盈盈,汪成鹏",2022Q4,,,,1552107.15,1.71,,,,,审慎增持,,
601688.SH,华泰证券,20211110,顺势而为，迎接市场扩容浪潮——证券行业2022年投资策略,非个股,一般报告,兴业证券,"徐一洲,孙寅,许盈盈,汪成鹏",2021Q4,,,,1370574.15,1.51,,,,,审慎增持,,
601995.SH,中金公司,20211110,证券行业2022年度策略报告：十年展望，任重道远，未来可期,非个股,一般报告,华创证券,"徐康,张径炜,洪锦屏",2022Q4,,,,1201986.96,2.49,,,,,推荐,,
601995.SH,中金公司,20211110,证券行业2022年度策略报告：十年展望，任重道远，未来可期,非个股,一般报告,华创证券,"徐康,张径炜,洪锦屏",2021Q4,,,,1013723.942,2.1,,,,,推荐,,
601995.SH,中金公司,20211110,顺势而为，迎接市场扩容浪潮——证券行业2022年投资策略,非个股,一般报告,兴业证券,"徐一洲,孙寅,许盈盈,汪成鹏",2023Q4,,,,1515758.657,3.14,,,,,审慎增持,,
601995.SH,中金公司,20211110,证券行业2022年度策略报告：十年展望，任重道远，未来可期,非个股,一般报告,华创证券,"徐康,张径炜,洪锦屏",2023Q4,,,,1472313.345,3.05,,,,,推荐,,
601995.SH,中金公司,20211110,顺势而为，迎接市场扩容浪潮——证券行业2022年投资策略,非个股,一般报告,兴业证券,"徐一洲,孙寅,许盈盈,汪成鹏",2022Q4,,,,1284050.327,2.66,,,,,审慎增持,,
601995.SH,中金公司,20211110,顺势而为，迎接市场扩容浪潮——证券行业2022年投资策略,非个股,一般报告,兴业证券,"徐一洲,孙寅,许盈盈,汪成鹏",2021Q4,,,,1004069.429,2.08,,,,,审慎增持,,
300059.SZ,东方财富,20211110,顺势而为，迎接市场扩容浪潮——证券行业2022年投资策略,非个股,一般报告,兴业证券,"徐一洲,孙寅,许盈盈,汪成鹏",2023Q4,,,,1467678.458,1.42,,,,,审慎增持,,
300059.SZ,东方财富,20211110,顺势而为，迎接市场扩容浪潮——证券行业2022年投资策略,非个股,一般报告,兴业证券,"徐一洲,孙寅,许盈盈,汪成鹏",2022Q4,,,,1105926.725,1.07,,,,,审慎增持,,
300059.SZ,东方财富,20211110,顺势而为，迎接市场扩容浪潮——证券行业2022年投资策略,非个股,一般报告,兴业证券,"徐一洲,孙寅,许盈盈,汪成鹏",2021Q4,,,,847532.631,0.82,,,,,审慎增持,,
300413.SZ,芒果超媒,20211110,NFT：初露峥嵘的区块链应用，元宇宙的重要支柱——元宇宙行业专题之二,非个股,一般报告,国信证券,"张衡,夏妍",2022Q4,,,,301186.051,1.61,,,,,买入,,
300413.SZ,芒果超媒,20211110,NFT：初露峥嵘的区块链应用，元宇宙的重要支柱——元宇宙行业专题之二,非个股,一般报告,国信证券,"张衡,夏妍",2021Q4,,,,243193.706,1.3,,,,,买入,,
603236.SH,移远通信,20211110,通信：数字货币载体和5G新入口，超级SIM卡“超级”预期差,非个股,一般报告,太平洋证券,"李宏涛,李仁波",2022Q4,,,,59800.0,4.114,,,,,买入,,
603236.SH,移远通信,20211110,通信：数字货币载体和5G新入口，超级SIM卡“超级”预期差,非个股,一般报告,太平洋证券,"李宏涛,李仁波",2021Q4,,,,36100.0,2.483,,,,,买入,,
002293.SZ,罗莱生活,20211110,纺织服装：竞争加剧，个股分化，产品为王——2022年度策略,非个股,一般报告,国盛证券,"鞠兴海,杨莹,侯子夜",2023Q4,763900.0,,,100500.0,1.2,,,18.1,,买入,,
002293.SZ,罗莱生活,20211110,纺织服装：竞争加剧，个股分化，产品为王——2022年度策略,非个股,一般报告,国盛证券,"鞠兴海,杨莹,侯子夜",2022Q4,668800.0,,,86500.0,1.03,,,17.4,,买入,,
002293.SZ,罗莱生活,20211110,纺织服装：竞争加剧，个股分化，产品为王——2022年度策略,非个股,一般报告,国盛证券,"鞠兴海,杨莹,侯子夜",2021Q4,578500.0,,,73100.0,0.87,,,16.5,,买入,,
002049.SZ,紫光国微,20211110,通信：数字货币载体和5G新入口，超级SIM卡“超级”预期差,非个股,一般报告,太平洋证券,"李宏涛,李仁波",2022Q4,,,,247000.0,4.07,,,,,买入,,
002049.SZ,紫光国微,20211110,通信：数字货币载体和5G新入口，超级SIM卡“超级”预期差,非个股,一般报告,太平洋证券,"李宏涛,李仁波",2021Q4,,,,169300.0,2.79,,,,,买入,,
002292.SZ,奥飞娱乐,20211110,NFT：初露峥嵘的区块链应用，元宇宙的重要支柱——元宇宙行业专题之二,非个股,一般报告,国信证券,"张衡,夏妍",2022Q4,,,,20701.796,0.14,,,,,增持,,
002292.SZ,奥飞娱乐,20211110,NFT：初露峥嵘的区块链应用，元宇宙的重要支柱——元宇宙行业专题之二,非个股,一般报告,国信证券,"张衡,夏妍",2021Q4,,,,13308.297,0.09,,,,,增持,,
600837.SH,海通证券,20211110,非银金融／证券Ⅱ：股票及混合基金规模再创新高，东财非货基规模跻身前三——3Q21公募销售保有量数据点评,非个股,一般报告,申万宏源证券,"许旖珊,李天奇",2022Q4,,,,1593832.4,1.22,,,9.3,,无,,
600837.SH,海通证券,20211110,非银金融／证券Ⅱ：股票及混合基金规模再创新高，东财非货基规模跻身前三——3Q21公募销售保有量数据点评,非个股,一般报告,申万宏源证券,"许旖珊,李天奇",2021Q4,,,,1515447.2,1.16,,,9.5,,无,,
600765.SH,中航重机,20211110,基本面趋势不改，盈利持续高增长——军工行业2021年三季报业绩综述,非个股,一般报告,国泰君安,"彭磊,王睿",2023Q4,,,,133558.107,1.27,,,,,无,,
600765.SH,中航重机,20211110,基本面趋势不改，盈利持续高增长——军工行业2021年三季报业绩综述,非个股,一般报告,国泰君安,"彭磊,王睿",2022Q4,,,,102008.948,0.97,,,,,无,,
600765.SH,中航重机,20211110,基本面趋势不改，盈利持续高增长——军工行业2021年三季报业绩综述,非个股,一般报告,国泰君安,"彭磊,王睿",2021Q4,,,,73614.705,0.7,,,,,无,,
603096.SH,新经典,20211110,NFT：初露峥嵘的区块链应用，元宇宙的重要支柱——元宇宙行业专题之二,非个股,一般报告,国信证券,"张衡,夏妍",2022Q4,,,,27950.617,1.72,,,,,增持,,
603096.SH,新经典,20211110,NFT：初露峥嵘的区块链应用，元宇宙的重要支柱——元宇宙行业专题之二,非个股,一般报告,国信证券,"张衡,夏妍",2021Q4,,,,23563.02,1.45,,,,,增持,,
000333.SZ,美的集团,20211110,成本压力见顶，盈利改善在即——家电行业2021年三季报总结,非个股,一般报告,申万宏源证券,"刘正,周海晨,刘嘉玲",2023Q4,,,,3780000.0,5.414,,,,,买入,,
000333.SZ,美的集团,20211110,成本压力见顶，盈利改善在即——家电行业2021年三季报总结,非个股,一般报告,申万宏源证券,"刘正,周海晨,刘嘉玲",2022Q4,,,,3349900.0,4.799,,,,,买入,,
000333.SZ,美的集团,20211110,成本压力见顶，盈利改善在即——家电行业2021年三季报总结,非个股,一般报告,申万宏源证券,"刘正,周海晨,刘嘉玲",2021Q4,,,,2887600.0,4.14,,,,,买入,,
601211.SH,国泰君安,20211110,非银金融／证券Ⅱ：股票及混合基金规模再创新高，东财非货基规模跻身前三——3Q21公募销售保有量数据点评,非个股,一般报告,申万宏源证券,"许旖珊,李天奇",2022Q4,,,,1621337.813,1.82,,,10.7,,无,,
601211.SH,国泰君安,20211110,非银金融／证券Ⅱ：股票及混合基金规模再创新高，东财非货基规模跻身前三——3Q21公募销售保有量数据点评,非个股,一般报告,申万宏源证券,"许旖珊,李天奇",2021Q4,,,,1469894.171,1.65,,,10.4,,无,,
000651.SZ,格力电器,20211110,成本压力见顶，盈利改善在即——家电行业2021年三季报总结,非个股,一般报告,申万宏源证券,"刘正,周海晨,刘嘉玲",2023Q4,,,,3170000.0,5.27,,,,,买入,,
000651.SZ,格力电器,20211110,成本压力见顶，盈利改善在即——家电行业2021年三季报总结,非个股,一般报告,申万宏源证券,"刘正,周海晨,刘嘉玲",2022Q4,,,,2809000.0,4.671,,,,,买入,,
000651.SZ,格力电器,20211110,成本压力见顶，盈利改善在即——家电行业2021年三季报总结,非个股,一般报告,申万宏源证券,"刘正,周海晨,刘嘉玲",2021Q4,,,,2448900.0,4.073,,,,,买入,,
000783.SZ,长江证券,20211110,非银金融／证券Ⅱ：股票及混合基金规模再创新高，东财非货基规模跻身前三——3Q21公募销售保有量数据点评,非个股,一般报告,申万宏源证券,"许旖珊,李天奇",2022Q4,,,,331796.9,0.6,,,10.5,,无,,
000783.SZ,长江证券,20211110,非银金融／证券Ⅱ：股票及混合基金规模再创新高，东财非货基规模跻身前三——3Q21公募销售保有量数据点评,非个股,一般报告,申万宏源证券,"许旖珊,李天奇",2021Q4,,,,282027.365,0.51,,,9.5,,无,,
300788.SZ,中信出版,20211110,NFT：初露峥嵘的区块链应用，元宇宙的重要支柱——元宇宙行业专题之二,非个股,一般报告,国信证券,"张衡,夏妍",2022Q4,,,,37459.848,1.97,,,,,增持,,
300788.SZ,中信出版,20211110,NFT：初露峥嵘的区块链应用，元宇宙的重要支柱——元宇宙行业专题之二,非个股,一般报告,国信证券,"张衡,夏妍",2021Q4,,,,30614.394,1.61,,,,,增持,,
300014.SZ,亿纬锂能,20211110,电动车三季报总结之三－电池：盈利底部，迎接量利齐升,非个股,一般报告,中信建投,朱玥,2023Q4,,,,701000.0,3.694,,,,,无,,
300014.SZ,亿纬锂能,20211110,电动车三季报总结之三－电池：盈利底部，迎接量利齐升,非个股,一般报告,中信建投,朱玥,2022Q4,,,,528000.0,2.782,,,,,无,,
300014.SZ,亿纬锂能,20211110,电动车三季报总结之三－电池：盈利底部，迎接量利齐升,非个股,一般报告,中信建投,朱玥,2021Q4,,,,323000.0,1.702,,,,,无,,
002736.SZ,国信证券,20211110,非银金融／证券Ⅱ：股票及混合基金规模再创新高，东财非货基规模跻身前三——3Q21公募销售保有量数据点评,非个股,一般报告,申万宏源证券,"许旖珊,李天奇",2022Q4,,,,951630.508,0.99,,,10.8,,无,,
002736.SZ,国信证券,20211110,非银金融／证券Ⅱ：股票及混合基金规模再创新高，东财非货基规模跻身前三——3Q21公募销售保有量数据点评,非个股,一般报告,申万宏源证券,"许旖珊,李天奇",2021Q4,,,,980467.796,1.02,,,12.1,,无,,
300079.SZ,数码视讯,20211110,通信：数字货币载体和5G新入口，超级SIM卡“超级”预期差,非个股,一般报告,太平洋证券,"李宏涛,李仁波",2022Q4,,,,21300.0,0.149,,,,,增持,,
300079.SZ,数码视讯,20211110,通信：数字货币载体和5G新入口，超级SIM卡“超级”预期差,非个股,一般报告,太平洋证券,"李宏涛,李仁波",2021Q4,,,,15900.0,0.111,,,,,增持,,
002624.SZ,完美世界,20211110,NFT：初露峥嵘的区块链应用，元宇宙的重要支柱——元宇宙行业专题之二,非个股,一般报告,国信证券,"张衡,夏妍",2021Q4,,,,137737.757,0.71,,,,,买入,,
002624.SZ,完美世界,20211110,NFT：初露峥嵘的区块链应用，元宇宙的重要支柱——元宇宙行业专题之二,非个股,一般报告,国信证券,"张衡,夏妍",2022Q4,,,,238616.114,1.23,,,,,买入,,
603010.SH,万盛股份,20211110,万盛股份事件点评：拟增资福建中州，进军锂离子电池领域,点评,首次评级,国海证券,"李永磊,董伯骏,赵小燕",2023Q4,667700.0,,153700.0,138600.0,2.86,9.21,,28.0,,买入,,
603010.SH,万盛股份,20211110,万盛股份事件点评：拟增资福建中州，进军锂离子电池领域,点评,首次评级,国海证券,"李永磊,董伯骏,赵小燕",2021Q4,421300.0,,91200.0,82800.0,1.71,15.43,,34.0,,买入,,
603010.SH,万盛股份,20211110,万盛股份事件点评：拟增资福建中州，进军锂离子电池领域,点评,首次评级,国海证券,"李永磊,董伯骏,赵小燕",2022Q4,508200.0,,130300.0,116700.0,2.4,10.95,,32.0,,买入,,
300263.SZ,隆华科技,20211110,隆华科技：新材料渐入佳境，“风”“光”助力腾飞,深度,首次评级,太平洋证券,李帅华,2021Q4,212494.0,88080.0,36261.0,28356.0,0.31,35.18,,9.59,2497.3,买入,,
300263.SZ,隆华科技,20211110,隆华科技：新材料渐入佳境，“风”“光”助力腾飞,深度,首次评级,太平洋证券,李帅华,2023Q4,368258.0,65902.0,65671.0,51355.0,0.56,19.43,,13.26,1496.13,买入,,
300263.SZ,隆华科技,20211110,隆华科技：新材料渐入佳境，“风”“光”助力腾飞,深度,首次评级,太平洋证券,李帅华,2022Q4,281021.0,114578.0,51453.0,40236.0,0.44,24.79,,11.98,1844.31,买入,,
603018.SH,华设集团,20211110,华设集团：净利增速－6％低于预期，推进数字化／平台化／产业化,点评,一般报告,国泰君安,"韩其成,满静雅",2021Q4,657000.0,,,61300.0,0.92,7.66,3.6,15.4,2.08,增持,,8.75
601238.SH,广汽集团,20211110,广汽集团：新能源表现强劲，销量降幅继续收窄－－公司2021年10月销量点评报告,点评,一般报告,国泰君安,"吴晓飞,赵水平",2023Q4,9513300.0,,,1163500.0,1.12,15.38,2.2,11.5,43.13,增持,,20.19
601238.SH,广汽集团,20211110,广汽集团：新能源表现强劲，销量降幅继续收窄－－公司2021年10月销量点评报告,点评,一般报告,国泰君安,"吴晓飞,赵水平",2022Q4,8272500.0,,,997400.0,0.96,17.94,2.2,10.7,71.4,增持,,20.19
601238.SH,广汽集团,20211110,广汽集团：新能源表现强劲，销量降幅继续收窄－－公司2021年10月销量点评报告,点评,一般报告,国泰君安,"吴晓飞,赵水平",2021Q4,7180900.0,,,687900.0,0.66,26.02,2.0,7.9,4346.81,增持,,20.19
688095.SH,福昕软件,20211110,福昕软件2021年三季报点评：短期业绩承压，长期向好趋势不改,点评,一般报告,国泰君安,"李沐华,钱劲宇",2023Q4,113100.0,,,28600.0,5.94,24.69,0.3,8.1,40.33,增持,,364.1
688095.SH,福昕软件,20211110,福昕软件2021年三季报点评：短期业绩承压，长期向好趋势不改,点评,一般报告,国泰君安,"李沐华,钱劲宇",2021Q4,63800.0,,,15600.0,3.23,44.08,0.3,5.0,80.8,增持,,364.1
300019.SZ,硅宝科技,20211110,硅宝科技事件点评：布局碳硅负极材料，持续拓宽新能源业务板块,点评,一般报告,国海证券,"李永磊,董伯骏,汤永俊",2023Q4,351900.0,,59600.0,48900.0,1.25,18.12,,22.0,,买入,,
300019.SZ,硅宝科技,20211110,硅宝科技事件点评：布局碳硅负极材料，持续拓宽新能源业务板块,点评,一般报告,国海证券,"李永磊,董伯骏,汤永俊",2022Q4,280800.0,,46000.0,37800.0,0.97,23.45,,22.0,,买入,,
002353.SZ,杰瑞股份,20211110,杰瑞股份：全球油气开采周期向上，公司斩获中东27亿元大单,点评,一般报告,广发证券,"代川,朱宇航",2022Q4,1129900.0,,298700.0,252000.0,2.63,15.99,,16.2,10.79,买入,,46.37
002353.SZ,杰瑞股份,20211110,杰瑞股份：全球油气开采周期向上，公司斩获中东27亿元大单,点评,一般报告,广发证券,"代川,朱宇航",2021Q4,873300.0,,212800.0,177700.0,1.85,22.68,,13.6,15.24,买入,,46.37
601633.SH,长城汽车,20211110,长城汽车2021年10月销量点评：销量环比继续改善，坦克好猫交付均创新高,点评,一般报告,国泰君安,"吴晓飞,赵水平",2022Q4,19723900.0,,,1213900.0,1.31,47.95,0.7,17.3,27.95,增持,,78.6
601633.SH,长城汽车,20211110,长城汽车2021年10月销量点评：销量环比继续改善，坦克好猫交付均创新高,点评,一般报告,国泰君安,"吴晓飞,赵水平",2021Q4,13812200.0,,,774900.0,0.84,75.1,0.6,12.5,40.02,增持,,78.6
300866.SZ,安克创新,20211110,安克创新：成本上涨致利润短期承压，Q4旺季增速有望回升,点评,一般报告,太平洋证券,"王凌涛,沈钱",2023Q4,2399900.0,,215400.0,176400.0,4.34,20.87,,18.0,15.5,增持,,125.8
300866.SZ,安克创新,20211110,安克创新：成本上涨致利润短期承压，Q4旺季增速有望回升,点评,一般报告,太平洋证券,"王凌涛,沈钱",2022Q4,1809900.0,,172400.0,142100.0,3.5,25.92,,18.0,19.98,增持,,125.8
300866.SZ,安克创新,20211110,安克创新：成本上涨致利润短期承压，Q4旺季增速有望回升,点评,一般报告,太平洋证券,"王凌涛,沈钱",2021Q4,1350000.0,,143900.0,118400.0,2.91,31.09,,18.0,24.27,增持,,125.8
603018.SH,华设集团,20211110,华设集团：净利增速－6％低于预期，推进数字化／平台化／产业化,点评,一般报告,国泰君安,"韩其成,满静雅",2023Q4,792900.0,,,87100.0,1.3,5.39,3.6,15.6,0.56,增持,,8.75
603018.SH,华设集团,20211110,华设集团：净利增速－6％低于预期，推进数字化／平台化／产业化,点评,一般报告,国泰君安,"韩其成,满静雅",2022Q4,731000.0,,,73500.0,1.1,6.39,3.6,15.6,1.32,增持,,8.75
688095.SH,福昕软件,20211110,福昕软件2021年三季报点评：短期业绩承压，长期向好趋势不改,点评,一般报告,国泰君安,"李沐华,钱劲宇",2022Q4,85600.0,,,21600.0,4.48,31.18,0.3,6.5,55.58,增持,,364.1
300019.SZ,硅宝科技,20211110,硅宝科技事件点评：布局碳硅负极材料，持续拓宽新能源业务板块,点评,一般报告,国海证券,"李永磊,董伯骏,汤永俊",2021Q4,228600.0,,29300.0,24000.0,0.61,36.84,,18.0,,买入,,
002353.SZ,杰瑞股份,20211110,杰瑞股份：全球油气开采周期向上，公司斩获中东27亿元大单,点评,一般报告,广发证券,"代川,朱宇航",2023Q4,1352700.0,,360300.0,303900.0,3.17,13.26,,16.3,8.51,买入,,46.37
601633.SH,长城汽车,20211110,长城汽车2021年10月销量点评：销量环比继续改善，坦克好猫交付均创新高,点评,一般报告,国泰君安,"吴晓飞,赵水平",2023Q4,28560100.0,,,1632000.0,1.77,35.66,0.8,19.9,21.24,增持,,78.6
002690.SZ,美亚光电,20211110,美亚光电：疫情影响下CBCT销售仍具韧性，股权激励彰显长期增长信心,点评,一般报告,德邦证券,"倪正洋,杨任重",2023Q4,232500.0,,99100.0,86200.0,1.28,31.94,3.1,37.4,23.12,增持,,
002690.SZ,美亚光电,20211110,美亚光电：疫情影响下CBCT销售仍具韧性，股权激励彰显长期增长信心,点评,一般报告,德邦证券,"倪正洋,杨任重",2022Q4,201900.0,,83100.0,72300.0,1.07,38.07,2.5,31.5,27.72,增持,,
002690.SZ,美亚光电,20211110,美亚光电：疫情影响下CBCT销售仍具韧性，股权激励彰显长期增长信心,点评,一般报告,德邦证券,"倪正洋,杨任重",2021Q4,176400.0,,66200.0,57600.0,0.85,47.81,2.2,25.4,35.04,增持,,
002353.SZ,杰瑞股份,20211110,杰瑞股份：斩获27亿元大单，跻身国际高端油气地面工程总承包服务商行列,点评,一般报告,德邦证券,"倪正洋,邵玉豪",2023Q4,1419600.0,,357100.0,301100.0,3.14,13.38,0.5,16.4,12.88,买入,,
002353.SZ,杰瑞股份,20211110,杰瑞股份：斩获27亿元大单，跻身国际高端油气地面工程总承包服务商行列,点评,一般报告,德邦证券,"倪正洋,邵玉豪",2022Q4,1168800.0,,298900.0,252100.0,2.63,15.99,0.5,16.4,15.5,买入,,
002353.SZ,杰瑞股份,20211110,杰瑞股份：斩获27亿元大单，跻身国际高端油气地面工程总承包服务商行列,点评,一般报告,德邦证券,"倪正洋,邵玉豪",2021Q4,926900.0,,212100.0,178200.0,1.86,22.61,0.5,13.9,18.32,买入,,
002405.SZ,四维图新,20211110,四维图新：自动驾驶数据合规市场升温，关注订单落地进展,点评,一般报告,中金,"陈星宇,于钟海,魏鹳霏",2022Q4,320500.0,,26800.0,24800.0,0.1044,123.7,0.1,1.9,50.7,跑赢行业,,16.0
002405.SZ,四维图新,20211110,四维图新：自动驾驶数据合规市场升温，关注订单落地进展,点评,一般报告,中金,"陈星宇,于钟海,魏鹳霏",2021Q4,258400.0,,-3000.0,0.0,0.0,,0.1,0.0,114.9,跑赢行业,,16.0
600233.SH,圆通速递,20211110,圆通速递：总裁增持彰显信心，竞争优势持续提升,点评,一般报告,中泰证券,皇甫晓晗,2023Q4,6579000.0,,274500.0,223600.0,0.71,,,10.53,,买入,,
000799.SZ,酒鬼酒,20211110,酒鬼酒：内参酒鬼双轮驱动，全国化路径清晰,深度,一般报告,国金证券,"刘宸倩,李本媛",2024Q4,767222.0,640645.0,,,,,,,,买入,,268.0
300729.SZ,乐歌股份,20211110,乐歌股份跟踪点评报告：否极泰来，期待国内外业务共振,点评,一般报告,浙商证券,"陈腾曦,史凡可",2022Q4,428700.0,,34800.0,30100.0,1.366,22.1,,21.4,14.9,买入,,
300729.SZ,乐歌股份,20211110,乐歌股份跟踪点评报告：否极泰来，期待国内外业务共振,点评,一般报告,浙商证券,"陈腾曦,史凡可",2021Q4,295700.0,,21200.0,19100.0,0.867,34.9,,16.8,22.3,买入,,
688561.SH,奇安信,20211110,奇安信首次覆盖报告：网络安全领军，新安全、安全服务快速增长,深度,首次关注,浙商证券,"田杰华,邱世梁,刘熹",2023Q4,1204100.0,,70400.0,68000.0,1.0,89.9,,6.47,65.14,买入,,
603396.SH,金辰股份,20211110,金辰股份点评：助TOPCon电池达25.53%效率创中国纪录；期待异质结设备突破,点评,一般报告,浙商证券,"王华君,李思扬",2023Q4,315200.0,,37700.0,24700.0,2.1,61.0,,13.0,36.2,买入,,
603396.SH,金辰股份,20211110,金辰股份点评：助TOPCon电池达25.53%效率创中国纪录；期待异质结设备突破,点评,一般报告,浙商证券,"王华君,李思扬",2021Q4,149100.0,,15700.0,10300.0,0.9,145.0,,8.0,83.5,买入,,
603019.SH,中科曙光,20211110,中科曙光：海光信息IPO申请受理，加速打造先进计算生态——公司信息更新报告,点评,一般报告,开源证券,"陈宝健,刘逍遥",2023Q4,1617000.0,,195200.0,152500.0,1.04,27.4,,10.6,17.7,买入,,
603019.SH,中科曙光,20211110,中科曙光：海光信息IPO申请受理，加速打造先进计算生态——公司信息更新报告,点评,一般报告,开源证券,"陈宝健,刘逍遥",2022Q4,1423200.0,,164500.0,128600.0,0.88,32.6,,9.9,22.1,买入,,
603396.SH,金辰股份,20211110,金辰股份点评：助TOPCon电池达25.53%效率创中国纪录；期待异质结设备突破,点评,一般报告,浙商证券,"王华君,李思扬",2022Q4,227500.0,,26000.0,17100.0,1.5,88.0,,10.0,52.3,买入,,
601633.SH,长城汽车,20211110,长城汽车月度销量点评：10月销量环比＋12％，高利润车型销量稳健,点评,一般报告,中信证券,"尹欣驰,李景涛,李子俊,王诗宸",2022Q4,21451100.0,,1450200.0,1232700.0,1.33,47.5,,17.26,,买入,,75.0
603019.SH,中科曙光,20211110,中科曙光：海光信息IPO申请受理，加速打造先进计算生态——公司信息更新报告,点评,一般报告,开源证券,"陈宝健,刘逍遥",2021Q4,1199400.0,,132400.0,103500.0,0.71,40.4,,8.7,28.5,买入,,
601633.SH,长城汽车,20211110,长城汽车月度销量点评：10月销量环比＋12％，高利润车型销量稳健,点评,一般报告,中信证券,"尹欣驰,李景涛,李子俊,王诗宸",2021Q4,12408200.0,,812100.0,722800.0,0.78,81.0,,11.56,,买入,,75.0
600600.SH,青岛啤酒,20211110,青岛啤酒：短期销量承压不改高端化趋势，3Q21量减利升,点评,一般报告,中银国际,"汤玮亮,董广达",2023Q4,3426400.0,,589900.0,409900.0,3.004,32.1,0.8,15.0,22.2,买入,,
300620.SZ,光库科技,20211110,光库科技：优质光器件企业，铌酸锂调制器打造新动能,一般,首次关注,国信证券,"马成龙,付晓钦",2021Q4,68039.0,32640.0,14100.0,13000.0,0.79,64.8,0.6,9.0,53.6,增持,,
002812.SZ,恩捷股份,20211110,恩捷股份公告点评：强强联手投建隔膜项目，绑定宁德时代利好未来产能释放,点评,一般报告,光大证券,"赵乃迪,周家诺",2023Q4,1752100.0,,683400.0,601500.0,6.74,39.0,0.3,25.92,30.1,增持,,
002812.SZ,恩捷股份,20211110,恩捷股份公告点评：强强联手投建隔膜项目，绑定宁德时代利好未来产能释放,点评,一般报告,光大证券,"赵乃迪,周家诺",2022Q4,1229500.0,,470600.0,412700.0,4.62,57.0,0.2,23.28,41.5,增持,,
002594.SZ,比亚迪,20211110,比亚迪事件点评：DM－i销量持续火爆，海豚月销破6000,点评,一般报告,国海证券,刘虹辰,2023Q4,36190000.0,,1890000.0,990000.0,3.401,85.88,,13.0,,买入,,
002594.SZ,比亚迪,20211110,比亚迪事件点评：DM－i销量持续火爆，海豚月销破6000,点评,一般报告,国海证券,刘虹辰,2022Q4,27470000.0,,1340000.0,700000.0,2.405,121.4,,10.0,,买入,,
600233.SH,圆通速递,20211110,圆通速递：总裁增持彰显信心，竞争优势持续提升,点评,一般报告,中泰证券,皇甫晓晗,2022Q4,5394700.0,,227400.0,184100.0,0.58,,,9.39,,买入,,
600233.SH,圆通速递,20211110,圆通速递：总裁增持彰显信心，竞争优势持续提升,点评,一般报告,中泰证券,皇甫晓晗,2021Q4,4459500.0,,194800.0,154800.0,0.49,,,8.48,,买入,,
000799.SZ,酒鬼酒,20211110,酒鬼酒：内参酒鬼双轮驱动，全国化路径清晰,深度,一般报告,国金证券,"刘宸倩,李本媛",2023Q4,621598.0,515749.0,270000.0,201900.0,6.21,33.49,,37.09,,买入,,268.0
000799.SZ,酒鬼酒,20211110,酒鬼酒：内参酒鬼双轮驱动，全国化路径清晰,深度,一般报告,国金证券,"刘宸倩,李本媛",2022Q4,472893.0,387708.0,193900.0,145100.0,4.46,46.61,,34.23,,买入,,268.0
000799.SZ,酒鬼酒,20211110,酒鬼酒：内参酒鬼双轮驱动，全国化路径清晰,深度,一般报告,国金证券,"刘宸倩,李本媛",2021Q4,344520.0,277643.0,129600.0,97000.0,2.98,69.75,,28.21,,买入,,268.0
688561.SH,奇安信,20211110,奇安信首次覆盖报告：网络安全领军，新安全、安全服务快速增长,深度,首次关注,浙商证券,"田杰华,邱世梁,刘熹",2022Q4,857900.0,,23400.0,23300.0,0.34,262.88,,2.31,157.14,买入,,
688561.SH,奇安信,20211110,奇安信首次覆盖报告：网络安全领军，新安全、安全服务快速增长,深度,首次关注,浙商证券,"田杰华,邱世梁,刘熹",2021Q4,602900.0,,-8600.0,-8500.0,-0.1251,,,-0.86,,买入,,
601319.SH,中国人保,20211110,中国人保：车险保费收入增速拐点已现，财政部所持限售股即将到期,点评,一般报告,申万宏源证券,葛玉翔,2023Q4,73031200.0,,4711400.0,2763600.0,0.62,,,,,增持,,
601319.SH,中国人保,20211110,中国人保：车险保费收入增速拐点已现，财政部所持限售股即将到期,点评,一般报告,申万宏源证券,葛玉翔,2022Q4,67070700.0,,4295800.0,2544500.0,0.58,,,,,增持,,
601319.SH,中国人保,20211110,中国人保：车险保费收入增速拐点已现，财政部所持限售股即将到期,点评,一般报告,申万宏源证券,葛玉翔,2021Q4,61540800.0,,3894000.0,2311800.0,0.52,,,,,增持,,
000799.SZ,酒鬼酒,20211110,酒鬼酒：内参酒鬼双轮驱动，全国化路径清晰,深度,一般报告,国金证券,"刘宸倩,李本媛",2025Q4,908354.0,763199.0,,,,,,,,买入,,268.0
300729.SZ,乐歌股份,20211110,乐歌股份跟踪点评报告：否极泰来，期待国内外业务共振,点评,一般报告,浙商证券,"陈腾曦,史凡可",2023Q4,583600.0,,61700.0,52500.0,2.383,12.7,,28.4,8.8,买入,,
688002.SH,睿创微纳,20211110,睿创微纳：风险充分释放，光电龙头公司前景光明,点评,一般报告,华西证券,"陆洲,孙远峰,朱雨时",2023Q4,393200.0,,157900.0,137400.0,3.09,22.89,,22.8,,买入,,
688002.SH,睿创微纳,20211110,睿创微纳：风险充分释放，光电龙头公司前景光明,点评,一般报告,华西证券,"陆洲,孙远峰,朱雨时",2022Q4,280300.0,,111200.0,96800.0,2.17,32.5,,21.1,,买入,,
688002.SH,睿创微纳,20211110,睿创微纳：风险充分释放，光电龙头公司前景光明,点评,一般报告,华西证券,"陆洲,孙远峰,朱雨时",2021Q4,189600.0,,69100.0,60100.0,1.35,52.29,,16.9,,买入,,
601633.SH,长城汽车,20211110,长城汽车月度销量点评：10月销量环比＋12％，高利润车型销量稳健,点评,一般报告,中信证券,"尹欣驰,李景涛,李子俊,王诗宸",2023Q4,26660500.0,,2132300.0,1812400.0,1.96,32.2,,21.67,,买入,,75.0
600600.SH,青岛啤酒,20211110,青岛啤酒：短期销量承压不改高端化趋势，3Q21量减利升,点评,一般报告,中银国际,"汤玮亮,董广达",2022Q4,3227400.0,,500200.0,347500.0,2.547,37.9,0.7,14.2,25.7,买入,,
600600.SH,青岛啤酒,20211110,青岛啤酒：短期销量承压不改高端化趋势，3Q21量减利升,点评,一般报告,中银国际,"汤玮亮,董广达",2021Q4,3014000.0,,410400.0,285200.0,2.09,46.2,0.7,13.0,30.8,买入,,
600305.SH,恒顺醋业,20211110,恒顺醋业：定增立足长远，扩产彰显公司发展信心,点评,一般报告,中信建投,"安雅泽,陈语匆",2023Q4,268452.0,,,30685.0,0.31,54.42,,,,增持,,
600305.SH,恒顺醋业,20211110,恒顺醋业：定增立足长远，扩产彰显公司发展信心,点评,一般报告,中信建投,"安雅泽,陈语匆",2022Q4,233511.0,,,25057.0,0.25,66.65,,,,增持,,
600305.SH,恒顺醋业,20211110,恒顺醋业：定增立足长远，扩产彰显公司发展信心,点评,一般报告,中信建投,"安雅泽,陈语匆",2021Q4,204166.0,,,19712.0,0.2,84.72,,,,增持,,
300620.SZ,光库科技,20211110,光库科技：优质光器件企业，铌酸锂调制器打造新动能,一般,首次关注,国信证券,"马成龙,付晓钦",2023Q4,133186.0,63955.0,29100.0,26800.0,1.64,29.3,1.3,15.0,28.9,增持,,
300620.SZ,光库科技,20211110,光库科技：优质光器件企业，铌酸锂调制器打造新动能,一般,首次关注,国信证券,"马成龙,付晓钦",2022Q4,95446.0,45773.0,20800.0,19100.0,1.17,39.1,0.9,12.0,38.6,增持,,
002812.SZ,恩捷股份,20211110,恩捷股份公告点评：强强联手投建隔膜项目，绑定宁德时代利好未来产能释放,点评,一般报告,光大证券,"赵乃迪,周家诺",2021Q4,792600.0,,296300.0,258100.0,2.89,91.0,0.1,18.51,62.2,增持,,
688388.SH,嘉元科技,20211110,嘉元科技：高性能锂电铜箔紧俏，优质龙头乘东风,一般,首次关注,国盛证券,"郑震湘,王琪,刘嘉元",2023Q4,1064000.0,,222900.0,196600.0,8.39,17.5,,32.1,13.1,买入,,
688388.SH,嘉元科技,20211110,嘉元科技：高性能锂电铜箔紧俏，优质龙头乘东风,一般,首次关注,国盛证券,"郑震湘,王琪,刘嘉元",2022Q4,707800.0,,130500.0,114800.0,4.9,30.0,,27.3,22.6,买入,,
688388.SH,嘉元科技,20211110,嘉元科技：高性能锂电铜箔紧俏，优质龙头乘东风,一般,首次关注,国盛证券,"郑震湘,王琪,刘嘉元",2021Q4,273900.0,,58500.0,52100.0,2.22,66.1,,16.8,51.1,买入,,
600887.SH,伊利股份,20211110,伊利股份：近日乳业新闻解读,一般,一般报告,野村东方国际证券,"章鹏,葛幸梓",Q,,,,,,,,,,增持,,51.6
002594.SZ,比亚迪,20211110,比亚迪事件点评：DM－i销量持续火爆，海豚月销破6000,点评,一般报告,国海证券,刘虹辰,2021Q4,21020000.0,,740000.0,450000.0,1.546,188.73,,7.0,,买入,,
002832.SZ,比音勒芬,20211110,比音勒芬：新视角看比音勒芬，品牌力突出的高端运动生活服饰,深度,一般报告,国信证券,丁诗洁,2022Q4,286900.0,,88100.0,75100.0,1.365,17.0,2.9,24.9,15.0,买入,,
002832.SZ,比音勒芬,20211110,比音勒芬：新视角看比音勒芬，品牌力突出的高端运动生活服饰,深度,一般报告,国信证券,丁诗洁,2021Q4,237500.0,,71700.0,61100.0,1.111,20.9,2.4,23.1,18.0,买入,,
002705.SZ,新宝股份,20211110,新宝股份：内外兼修：产品多元化，发展启新程,深度,首次评级,上海证券,彭毅,2023Q4,1930000.0,,165700.0,130100.0,1.574,15.79,,16.7,8.15,买入,,
002705.SZ,新宝股份,20211110,新宝股份：内外兼修：产品多元化，发展启新程,深度,首次评级,上海证券,彭毅,2022Q4,1790000.0,,136600.0,107900.0,1.305,19.04,,15.2,10.16,买入,,
002705.SZ,新宝股份,20211110,新宝股份：内外兼修：产品多元化，发展启新程,深度,首次评级,上海证券,彭毅,2021Q4,1570000.0,,106300.0,83200.0,1.006,24.68,,12.8,13.54,买入,,
300994.SZ,久祺股份,20211110,久祺股份：走向世界的自行车／电踏车出海旗舰,一般,首次关注,华泰证券,"肖群稀,关东奇来,时彧,黄菁伦",2021Q4,370500.0,,25422.0,20846.0,1.07,41.29,,17.04,30.8,买入,,57.72
001209.SZ,洪兴股份,20211110,洪兴股份：时尚家居服国民品牌，受益于电商渠道红利,深度,首次关注,申万宏源证券,"王立平,求佳峰",2023Q4,213200.0,,29800.0,24000.0,2.56,9.6,4.9,15.5,5.5,增持,,
001209.SZ,洪兴股份,20211110,洪兴股份：时尚家居服国民品牌，受益于电商渠道红利,深度,首次关注,申万宏源证券,"王立平,求佳峰",2022Q4,170000.0,,23600.0,19000.0,2.03,12.1,3.7,13.4,6.7,增持,,
001209.SZ,洪兴股份,20211110,洪兴股份：时尚家居服国民品牌，受益于电商渠道红利,深度,首次关注,申万宏源证券,"王立平,求佳峰",2021Q4,138400.0,,17500.0,14100.0,1.5,16.4,3.5,10.7,8.9,增持,,
002832.SZ,比音勒芬,20211110,比音勒芬：新视角看比音勒芬，品牌力突出的高端运动生活服饰,深度,一般报告,国信证券,丁诗洁,2023Q4,338600.0,,105100.0,89600.0,1.629,14.2,3.5,25.8,12.7,买入,,
300994.SZ,久祺股份,20211110,久祺股份：走向世界的自行车／电踏车出海旗舰,一般,首次关注,华泰证券,"肖群稀,关东奇来,时彧,黄菁伦",2023Q4,617100.0,,60240.0,48192.0,2.48,17.86,,23.99,11.83,买入,,57.72
300994.SZ,久祺股份,20211110,久祺股份：走向世界的自行车／电踏车出海旗舰,一般,首次关注,华泰证券,"肖群稀,关东奇来,时彧,黄菁伦",2022Q4,472500.0,,37928.0,30343.0,1.56,28.37,,19.87,20.23,买入,,57.72
601006.SH,大秦铁路,20211110,大秦铁路重大事件快评：10月运量稳健，股息率具备吸引力,点评,首次评级,国信证券,"黄盈,姜明",2023Q4,8547600.0,,2003000.0,1388000.0,0.93,6.7,8.2,10.0,5.6,增持,,
601006.SH,大秦铁路,20211110,大秦铁路重大事件快评：10月运量稳健，股息率具备吸引力,点评,首次评级,国信证券,"黄盈,姜明",2022Q4,8168000.0,,1918600.0,1329600.0,0.89,7.0,7.9,10.0,5.8,增持,,
601006.SH,大秦铁路,20211110,大秦铁路重大事件快评：10月运量稳健，股息率具备吸引力,点评,首次评级,国信证券,"黄盈,姜明",2021Q4,7884900.0,,1936500.0,1307200.0,0.88,7.1,7.7,10.0,5.9,增持,,
002979.SZ,雷赛智能,20211110,电新3Q业绩回顾：业绩分化，龙头起舞,非个股,一般报告,中金,"曾韬,刘烁,王颖东,刘倩文",2022Q4,147000.0,,,27400.0,0.908,,,,,跑赢行业,,30.0
002979.SZ,雷赛智能,20211110,电新3Q业绩回顾：业绩分化，龙头起舞,非个股,一般报告,中金,"曾韬,刘烁,王颖东,刘倩文",2021Q4,119800.0,,,21900.0,0.726,,,,,跑赢行业,,30.0
600197.SH,伊力特,20211110,食品饮料：白酒把握激励，大众品紧跟提价,非个股,一般报告,兴业证券,"赵国防,金含,郭晓东,林佳雯",2023Q4,,,,70500.0,1.494,,,,,无,,
600197.SH,伊力特,20211110,食品饮料：白酒把握激励，大众品紧跟提价,非个股,一般报告,兴业证券,"赵国防,金含,郭晓东,林佳雯",2022Q4,,,,58900.0,1.248,,,,,无,,
600197.SH,伊力特,20211110,食品饮料：白酒把握激励，大众品紧跟提价,非个股,一般报告,兴业证券,"赵国防,金含,郭晓东,林佳雯",2021Q4,,,,48100.0,1.019,,,,,无,,
603883.SH,老百姓,20211110,辉瑞口服新冠药物进展及医药行业后续展望：医药行业周报（2021.11.01.－2021.11.05）,非个股,一般报告,兴业证券,"孙媛媛,徐佳熹",2022Q4,,,,93994.942,2.3,,,,,审慎增持,,
603883.SH,老百姓,20211110,辉瑞口服新冠药物进展及医药行业后续展望：医药行业周报（2021.11.01.－2021.11.05）,非个股,一般报告,兴业证券,"孙媛媛,徐佳熹",2021Q4,,,,76013.301,1.86,,,,,审慎增持,,
600199.SH,金种子酒,20211110,食品饮料：白酒把握激励，大众品紧跟提价,非个股,一般报告,兴业证券,"赵国防,金含,郭晓东,林佳雯",2023Q4,,,,26200.0,0.398,,,,,无,,
600199.SH,金种子酒,20211110,食品饮料：白酒把握激励，大众品紧跟提价,非个股,一般报告,兴业证券,"赵国防,金含,郭晓东,林佳雯",2022Q4,,,,19800.0,0.301,,,,,无,,
600199.SH,金种子酒,20211110,食品饮料：白酒把握激励，大众品紧跟提价,非个股,一般报告,兴业证券,"赵国防,金含,郭晓东,林佳雯",2021Q4,,,,9600.0,0.146,,,,,无,,
603919.SH,金徽酒,20211110,食品饮料：白酒把握激励，大众品紧跟提价,非个股,一般报告,兴业证券,"赵国防,金含,郭晓东,林佳雯",2023Q4,,,,65700.0,1.295,,,,,无,,
603919.SH,金徽酒,20211110,食品饮料：白酒把握激励，大众品紧跟提价,非个股,一般报告,兴业证券,"赵国防,金含,郭晓东,林佳雯",2022Q4,,,,52700.0,1.039,,,,,无,,
603919.SH,金徽酒,20211110,食品饮料：白酒把握激励，大众品紧跟提价,非个股,一般报告,兴业证券,"赵国防,金含,郭晓东,林佳雯",2021Q4,,,,41900.0,0.826,,,,,无,,
603589.SH,口子窖,20211110,食品饮料：白酒把握激励，大众品紧跟提价,非个股,一般报告,兴业证券,"赵国防,金含,郭晓东,林佳雯",2023Q4,,,,235000.0,3.917,,,,,无,,
603589.SH,口子窖,20211110,食品饮料：白酒把握激励，大众品紧跟提价,非个股,一般报告,兴业证券,"赵国防,金含,郭晓东,林佳雯",2022Q4,,,,198700.0,3.312,,,,,无,,
603589.SH,口子窖,20211110,食品饮料：白酒把握激励，大众品紧跟提价,非个股,一般报告,兴业证券,"赵国防,金含,郭晓东,林佳雯",2021Q4,,,,164800.0,2.747,,,,,无,,
600118.SH,中国卫星,20211110,航空航天科技：行业景气持续向上，迎来较好配置时点,非个股,一般报告,中金,"陈显帆,刘中玉,董俊业,刘运昌,刘婧,孔令鑫",2022Q4,,,,49664.544,0.42,,,,,无,,
