ts_code,name,report_date,report_title,report_type,classify,org_name,author_name,quarter,op_rt,op_pr,tp,np,eps,pe,rd,roe,ev_ebitda,rating,max_price,min_price
003012.SZ,东鹏控股,20230831,长江大宗：2023年9月金股推荐,非个股,一般报告,长江证券,无,2025Q4,1109000.0,,,150000.0,1.279,,,,,无,,
003012.SZ,东鹏控股,20230831,长江大宗：2023年9月金股推荐,非个股,一般报告,长江证券,无,2024Q4,957000.0,,,127300.0,1.085,,,,,无,,
003012.SZ,东鹏控股,20230831,长江大宗：2023年9月金股推荐,非个股,一般报告,长江证券,无,2023Q4,817000.0,,,102900.0,0.877,,,,,无,,
002142.SZ,宁波银行,20230831,底部信号明显，把握增配时机：中信证券亮马组合,非个股,一般报告,中信证券,无,2025Q4,,,,3453677.984,5.23,,,,,无,,
002142.SZ,宁波银行,20230831,底部信号明显，把握增配时机：中信证券亮马组合,非个股,一般报告,中信证券,无,2024Q4,,,,2971615.856,4.5,,,,,无,,
002142.SZ,宁波银行,20230831,底部信号明显，把握增配时机：中信证券亮马组合,非个股,一般报告,中信证券,无,2023Q4,,,,2568796.818,3.89,,,,,无,,
301363.SZ,美好医疗,20230831,大消费行业2023年9月金股推荐,非个股,一般报告,长江证券,无,2025Q4,310000.0,,,89600.0,2.203,,,,,买入,,
301363.SZ,美好医疗,20230831,大消费行业2023年9月金股推荐,非个股,一般报告,长江证券,无,2024Q4,237700.0,,,67800.0,1.67,,,,,买入,,
301363.SZ,美好医疗,20230831,大消费行业2023年9月金股推荐,非个股,一般报告,长江证券,无,2023Q4,182700.0,,,52000.0,1.28,,,,,买入,,
601899.SH,紫金矿业,20230831,长江大宗：2023年9月金股推荐,非个股,一般报告,长江证券,无,2024Q4,,,,2770700.0,1.052,,,,,无,,
601899.SH,紫金矿业,20230831,长江大宗：2023年9月金股推荐,非个股,一般报告,长江证券,无,2023Q4,,,,2259800.0,0.858,,,,,无,,
603816.SH,顾家家居,20230831,大消费行业2023年9月金股推荐,非个股,一般报告,长江证券,无,2025Q4,,,,271224.201,3.3,,,,,买入,,
603816.SH,顾家家居,20230831,大消费行业2023年9月金股推荐,非个股,一般报告,长江证券,无,2024Q4,,,,238348.541,2.9,,,,,买入,,
603816.SH,顾家家居,20230831,大消费行业2023年9月金股推荐,非个股,一般报告,长江证券,无,2023Q4,,,,205472.88,2.5,,,,,买入,,
002475.SZ,立讯精密,20230831,民生研究：2023年9月金股推荐,非个股,一般报告,民生证券,无,2025Q4,,,,1818724.111,2.55,,,,,无,,
002475.SZ,立讯精密,20230831,民生研究：2023年9月金股推荐,非个股,一般报告,民生证券,无,2024Q4,,,,1454979.288,2.04,,,,,无,,
002475.SZ,立讯精密,20230831,民生研究：2023年9月金股推荐,非个股,一般报告,民生证券,无,2023Q4,,,,1119763.472,1.57,,,,,无,,
688711.SH,宏微科技,20230831,宏微科技公司深度报告：核心领域，核心客户,深度,一般报告,方正证券,"郑震湘,佘凌星",2025Q4,450000.0,,56900.0,56000.0,3.69,14.96,,28.19,14.71,强烈推荐,,
688711.SH,宏微科技,20230831,宏微科技公司深度报告：核心领域，核心客户,深度,一般报告,方正证券,"郑震湘,佘凌星",2024Q4,280000.0,,29800.0,29000.0,1.91,28.84,,20.35,25.08,强烈推荐,,
688711.SH,宏微科技,20230831,宏微科技公司深度报告：核心领域，核心客户,深度,一般报告,方正证券,"郑震湘,佘凌星",2023Q4,177800.0,,15600.0,15100.0,0.99,55.55,,13.27,41.65,强烈推荐,,
688603.SH,天承科技,20230831,天承科技公司深度报告：电子化学品领军者，载板＆TSV产品突破在即,深度,首次关注,方正证券,"郑震湘,佘凌星",2025Q4,63480.0,24300.0,15400.0,13553.0,2.33,36.44,,10.18,24.63,强烈推荐,,
688603.SH,天承科技,20230831,天承科技公司深度报告：电子化学品领军者，载板＆TSV产品突破在即,深度,首次关注,方正证券,"郑震湘,佘凌星",2024Q4,50700.0,17600.0,10700.0,9336.0,1.61,52.91,,7.81,36.4,强烈推荐,,
688603.SH,天承科技,20230831,天承科技公司深度报告：电子化学品领军者，载板＆TSV产品突破在即,深度,首次关注,方正证券,"郑震湘,佘凌星",2023Q4,40800.0,13400.0,7700.0,6743.0,1.16,73.25,,6.12,54.24,强烈推荐,,
688349.SH,三一重能,20230831,三一重能2023年半年报点评：在手订单稳健增长，积极投入研发推进双海战略,点评,一般报告,光大证券,"殷中枢,郝骞,黄帅斌",2025Q4,2354000.0,,326000.0,283700.0,2.35,13.0,2.3,17.25,14.0,买入,,
688349.SH,三一重能,20230831,三一重能2023年半年报点评：在手订单稳健增长，积极投入研发推进双海战略,点评,一般报告,光大证券,"殷中枢,郝骞,黄帅斌",2024Q4,1947700.0,,267300.0,232500.0,1.93,16.0,1.9,16.26,17.7,买入,,
688349.SH,三一重能,20230831,三一重能2023年半年报点评：在手订单稳健增长，积极投入研发推进双海战略,点评,一般报告,光大证券,"殷中枢,郝骞,黄帅斌",2023Q4,1495600.0,,214200.0,186300.0,1.55,19.0,1.5,14.86,24.0,买入,,
603816.SH,顾家家居,20230831,顾家家居：Q2内销增长亮眼，盈利修复持续兑现,点评,一般报告,中泰证券,"张潇,郭美鑫",2025Q4,2696000.0,,355300.0,280300.0,3.41,12.2,,20.2,21.0,买入,,
603816.SH,顾家家居,20230831,顾家家居：Q2内销增长亮眼，盈利修复持续兑现,点评,一般报告,中泰证券,"张潇,郭美鑫",2024Q4,2335200.0,,305200.0,240800.0,2.93,14.2,,19.7,24.4,买入,,
603816.SH,顾家家居,20230831,顾家家居：Q2内销增长亮眼，盈利修复持续兑现,点评,一般报告,中泰证券,"张潇,郭美鑫",2023Q4,2006400.0,,262100.0,206900.0,2.52,16.5,,19.1,28.2,买入,,
601658.SH,邮储银行,20230831,邮储银行：深耕普惠向实体，大行业绩与质量的佼佼者,一般,一般报告,申万宏源证券,"郑庆明,林颖颖,冯思远",2025Q4,40034300.0,,11069200.0,10502600.0,1.059,4.9,,11.08,,买入,,
601658.SH,邮储银行,20230831,邮储银行：深耕普惠向实体，大行业绩与质量的佼佼者,一般,一般报告,申万宏源证券,"郑庆明,林颖颖,冯思远",2024Q4,37132700.0,,10369400.0,9682300.0,0.976,5.4,,11.02,,买入,,
601658.SH,邮储银行,20230831,邮储银行：深耕普惠向实体，大行业绩与质量的佼佼者,一般,一般报告,申万宏源证券,"郑庆明,林颖颖,冯思远",2023Q4,34984300.0,,9709400.0,9016700.0,0.909,5.8,,11.36,,买入,,
600350.SH,山东高速,20230831,山东高速：营收净利双增长，改扩建成效显现,点评,一般报告,中泰证券,"杜冲,邵美玲",2025Q4,2185500.0,,629300.0,370800.0,0.77,,,6.0,10.0,买入,,
600350.SH,山东高速,20230831,山东高速：营收净利双增长，改扩建成效显现,点评,一般报告,中泰证券,"杜冲,邵美玲",2024Q4,2104400.0,,600700.0,353900.0,0.73,,,6.1,10.0,买入,,
600350.SH,山东高速,20230831,山东高速：营收净利双增长，改扩建成效显现,点评,一般报告,中泰证券,"杜冲,邵美玲",2023Q4,2012100.0,,567800.0,334600.0,0.69,,,6.1,11.0,买入,,
600180.SH,瑞茂通,20230831,瑞茂通：高成长可期，积极转型数据要素＋AI,深度,一般报告,东北证券,王政,2025Q4,7433000.0,,146500.0,107800.0,0.99,6.04,5.01,11.29,,买入,,
600180.SH,瑞茂通,20230831,瑞茂通：高成长可期，积极转型数据要素＋AI,深度,一般报告,东北证券,王政,2024Q4,6757200.0,,108900.0,80200.0,0.74,8.12,3.67,9.12,,买入,,
600180.SH,瑞茂通,20230831,瑞茂通：高成长可期，积极转型数据要素＋AI,深度,一般报告,东北证券,王政,2023Q4,6142700.0,,82800.0,61000.0,0.56,10.67,2.84,7.41,,买入,,
600030.SH,中信证券,20230831,中信证券2023年半年报点评：业绩保持稳健，看好后续杠杆率提升,点评,一般报告,西部证券,罗钻辉,2025Q4,8752300.0,,4334300.0,3191600.0,2.15,10.31,,10.05,,买入,,
600030.SH,中信证券,20230831,中信证券2023年半年报点评：业绩保持稳健，看好后续杠杆率提升,点评,一般报告,西部证券,罗钻辉,2024Q4,7931500.0,,3770600.0,2776500.0,1.87,11.85,,9.48,,买入,,
600030.SH,中信证券,20230831,中信证券2023年半年报点评：业绩保持稳健，看好后续杠杆率提升,点评,一般报告,西部证券,罗钻辉,2023Q4,7096600.0,,3206900.0,2361400.0,1.59,13.93,,8.71,,买入,,
300691.SZ,联合光电,20230831,联合光电：H1业绩恢复正增长，新型显示＋智能驾驶双擎发力,点评,一般报告,长城证券,邹兰兰,2025Q4,299200.0,,28000.0,25400.0,0.95,19.3,,11.7,12.5,买入,,
300691.SZ,联合光电,20230831,联合光电：H1业绩恢复正增长，新型显示＋智能驾驶双擎发力,点评,一般报告,长城证券,邹兰兰,2024Q4,234900.0,,23200.0,21700.0,0.81,22.6,,11.1,14.8,买入,,
300691.SZ,联合光电,20230831,联合光电：H1业绩恢复正增长，新型显示＋智能驾驶双擎发力,点评,一般报告,长城证券,邹兰兰,2023Q4,186800.0,,20100.0,18900.0,0.7,26.0,,10.7,17.4,买入,,
300275.SZ,梅安森,20230831,梅安森2023年半年度报告点评：业绩实现快速增长，积极开拓主营市场,点评,一般报告,国元证券,"耿军军,王朗",2025Q4,132546.0,,22351.0,21278.0,0.7,18.44,,18.17,14.63,买入,,
300275.SZ,梅安森,20230831,梅安森2023年半年度报告点评：业绩实现快速增长，积极开拓主营市场,点评,一般报告,国元证券,"耿军军,王朗",2024Q4,92122.0,,14539.0,13764.0,0.46,28.51,,14.04,21.36,买入,,
300275.SZ,梅安森,20230831,梅安森2023年半年度报告点评：业绩实现快速增长，积极开拓主营市场,点评,一般报告,国元证券,"耿军军,王朗",2023Q4,60403.0,,9089.0,8582.0,0.28,45.72,,10.02,31.98,买入,,
300223.SZ,北京君正,20230831,北京君正：23Q2单季度营收环比＋8％，三大业务23H2有望企稳改善,点评,一般报告,长城证券,唐泓翼,2025Q4,756000.0,,120900.0,117100.0,2.43,30.2,,8.3,22.6,增持,,
300223.SZ,北京君正,20230831,北京君正：23Q2单季度营收环比＋8％，三大业务23H2有望企稳改善,点评,一般报告,长城证券,唐泓翼,2024Q4,629700.0,,96200.0,93100.0,1.93,38.0,,7.2,28.7,增持,,
300223.SZ,北京君正,20230831,北京君正：23Q2单季度营收环比＋8％，三大业务23H2有望企稳改善,点评,一般报告,长城证券,唐泓翼,2023Q4,533100.0,,76600.0,74200.0,1.54,47.7,,6.1,35.6,增持,,
002727.SZ,一心堂,20230831,一心堂中报业绩点评：步步为营稳扎稳打，利润持续增长,点评,一般报告,东北证券,刘宇腾,2025Q4,2485900.0,,181800.0,148700.0,2.49,9.09,0.0,13.44,,买入,,
002727.SZ,一心堂,20230831,一心堂中报业绩点评：步步为营稳扎稳打，利润持续增长,点评,一般报告,东北证券,刘宇腾,2024Q4,2157600.0,,158000.0,129200.0,2.17,10.46,0.0,13.49,,买入,,
002727.SZ,一心堂,20230831,一心堂中报业绩点评：步步为营稳扎稳打，利润持续增长,点评,一般报告,东北证券,刘宇腾,2023Q4,1879600.0,,137100.0,112100.0,1.88,12.05,0.0,13.53,,买入,,
002603.SZ,以岭药业,20230831,以岭药业：核心领域保持领跑，利润端持续高增速,点评,一般报告,华安证券,"谭国超,李昌幸",2025Q4,1728800.0,,361000.0,314500.0,1.88,12.31,,16.4,8.05,买入,,
002603.SZ,以岭药业,20230831,以岭药业：核心领域保持领跑，利润端持续高增速,点评,一般报告,华安证券,"谭国超,李昌幸",2024Q4,1483600.0,,316300.0,275600.0,1.65,14.05,,17.1,9.52,买入,,
002603.SZ,以岭药业,20230831,以岭药业：核心领域保持领跑，利润端持续高增速,点评,一般报告,华安证券,"谭国超,李昌幸",2023Q4,1258800.0,,275600.0,240200.0,1.44,16.12,,18.0,11.5,买入,,
601398.SH,工商银行,20230831,工商银行2023年半年报点评：业绩平稳增长，资产质量边际改善,点评,一般报告,兴业证券,"陈绍兴,王尘,曹欣童",2025Q4,100434400.0,,47200400.0,40641300.0,1.14,,,9.86,,增持,,
601398.SH,工商银行,20230831,工商银行2023年半年报点评：业绩平稳增长，资产质量边际改善,点评,一般报告,兴业证券,"陈绍兴,王尘,曹欣童",2024Q4,95735800.0,,44899200.0,38659900.0,1.085,,,10.36,,增持,,
601398.SH,工商银行,20230831,工商银行2023年半年报点评：业绩平稳增长，资产质量边际改善,点评,一般报告,兴业证券,"陈绍兴,王尘,曹欣童",2023Q4,91352500.0,,42902200.0,36779400.0,1.032,,,10.79,,增持,,
600153.SH,建发股份,20230831,建发股份：盈利端短期承压，双主业成长可期,点评,一般报告,中泰证券,"杜冲,邵美玲",2025Q4,93518700.0,,2025300.0,786600.0,2.62,,,3.9,,买入,,
600153.SH,建发股份,20230831,建发股份：盈利端短期承压，双主业成长可期,点评,一般报告,中泰证券,"杜冲,邵美玲",2024Q4,86129500.0,,1810500.0,703200.0,2.34,,,3.7,,买入,,
600153.SH,建发股份,20230831,建发股份：盈利端短期承压，双主业成长可期,点评,一般报告,中泰证券,"杜冲,邵美玲",2023Q4,79419900.0,,1641900.0,637700.0,2.12,,,3.6,,买入,,
301226.SZ,祥明智能,20230831,祥明智能：深化管理变革，“电机＋”战略推动下游拓展,点评,一般报告,中泰证券,"冯胜,齐向阳",2025Q4,72600.0,,8000.0,7200.0,0.66,,,6.8,43.0,增持,,
301226.SZ,祥明智能,20230831,祥明智能：深化管理变革，“电机＋”战略推动下游拓展,点评,一般报告,中泰证券,"冯胜,齐向阳",2024Q4,66400.0,,7500.0,6800.0,0.62,,,6.7,45.0,增持,,
301226.SZ,祥明智能,20230831,祥明智能：深化管理变革，“电机＋”战略推动下游拓展,点评,一般报告,中泰证券,"冯胜,齐向阳",2023Q4,62400.0,,6800.0,6100.0,0.56,,,6.4,47.0,增持,,
300861.SZ,美畅股份,20230831,美畅股份：金刚线持续放量，盈利能力提升,点评,首次评级,东北证券,韩金呈,2025Q4,699400.0,,343500.0,292900.0,6.1,7.15,0.0,23.89,,买入,,60.1
300861.SZ,美畅股份,20230831,美畅股份：金刚线持续放量，盈利能力提升,点评,首次评级,东北证券,韩金呈,2024Q4,588900.0,,281800.0,240300.0,5.01,8.72,0.0,25.76,,买入,,60.1
300861.SZ,美畅股份,20230831,美畅股份：金刚线持续放量，盈利能力提升,点评,首次评级,东北证券,韩金呈,2023Q4,503200.0,,243700.0,207800.0,4.33,10.08,0.0,30.0,,买入,,60.1
688707.SH,振华新材,20230831,振华新材：二季度业绩承压，高镍产品占比上升,点评,一般报告,华金证券,"张文臣,周涛,申文雯",2025Q4,1465800.0,,114400.0,100800.0,2.28,10.3,,17.2,7.1,增持,,
688707.SH,振华新材,20230831,振华新材：二季度业绩承压，高镍产品占比上升,点评,一般报告,华金证券,"张文臣,周涛,申文雯",2024Q4,1145900.0,,85100.0,74100.0,1.67,14.0,,14.9,10.5,增持,,
688707.SH,振华新材,20230831,振华新材：二季度业绩承压，高镍产品占比上升,点评,一般报告,华金证券,"张文臣,周涛,申文雯",2023Q4,978300.0,,63800.0,57000.0,1.29,18.2,,13.1,13.0,增持,,
688676.SH,金盘科技,20230831,金盘科技：新能源光储带来高增长，海外变压器放量在即,点评,一般报告,东北证券,韩金呈,2025Q4,1553100.0,,117600.0,105900.0,2.48,13.21,0.0,20.44,,买入,,38.54
688676.SH,金盘科技,20230831,金盘科技：新能源光储带来高增长，海外变压器放量在即,点评,一般报告,东北证券,韩金呈,2024Q4,1112600.0,,89300.0,80400.0,1.88,17.4,0.0,19.5,,买入,,38.54
688676.SH,金盘科技,20230831,金盘科技：新能源光储带来高增长，海外变压器放量在即,点评,一般报告,东北证券,韩金呈,2023Q4,766100.0,,59000.0,53100.0,1.24,26.34,0.0,16.0,,买入,,38.54
688588.SH,凌志软件,20230831,凌志软件2023年半年度报告点评：业务量稳健增长，加大研发布局未来,点评,一般报告,国元证券,"耿军军,王朗",2025Q4,119529.0,,39256.0,35409.0,0.89,17.18,,18.24,12.48,买入,,
688588.SH,凌志软件,20230831,凌志软件2023年半年度报告点评：业务量稳健增长，加大研发布局未来,点评,一般报告,国元证券,"耿军军,王朗",2024Q4,98787.0,,32037.0,28843.0,0.72,21.09,,17.04,15.23,买入,,
688588.SH,凌志软件,20230831,凌志软件2023年半年度报告点评：业务量稳健增长，加大研发布局未来,点评,一般报告,国元证券,"耿军军,王朗",2023Q4,80902.0,,25771.0,23181.0,0.58,26.25,,15.58,18.82,买入,,
603883.SH,老百姓,20230831,老百姓2023半年度报告点评：门店持续扩张，业绩稳健增长,点评,一般报告,东北证券,刘宇腾,2025Q4,3316000.0,,203200.0,132100.0,2.26,11.37,0.0,13.81,,买入,,
603883.SH,老百姓,20230831,老百姓2023半年度报告点评：门店持续扩张，业绩稳健增长,点评,一般报告,东北证券,刘宇腾,2024Q4,2737300.0,,169100.0,109900.0,1.88,13.66,0.0,13.34,,买入,,
603883.SH,老百姓,20230831,老百姓2023半年度报告点评：门店持续扩张，业绩稳健增长,点评,一般报告,东北证券,刘宇腾,2023Q4,2290100.0,,142500.0,92600.0,1.58,16.22,0.0,12.96,,买入,,
000157.SZ,中联重科,20230831,中联重科2023年中报点评：挖机、高机等业务高速成长，海外业务持续突破创新高,点评,一般报告,光大证券,"陈佳宁,杨绍辉",2023Q4,4763000.0,,419100.0,358800.0,0.41,16.0,2.0,6.46,10.7,买入,,
000157.SZ,中联重科,20230831,中联重科2023年中报点评：挖机、高机等业务高速成长，海外业务持续突破创新高,点评,一般报告,光大证券,"陈佳宁,杨绍辉",2024Q4,5618700.0,,543600.0,468400.0,0.54,12.0,2.6,7.92,8.8,买入,,
000157.SZ,中联重科,20230831,中联重科2023年中报点评：挖机、高机等业务高速成长，海外业务持续突破创新高,点评,一般报告,光大证券,"陈佳宁,杨绍辉",2025Q4,6543400.0,,711100.0,615800.0,0.71,9.0,3.3,9.64,7.2,买入,,
000651.SZ,格力电器,20230831,格力电器：2023Q2业绩稳健，经销商提货积极致合同负债高增——公司信息更新报告,一般,一般报告,开源证券,"吕明,周嘉乐,陆帅坤",2023Q4,20514700.0,,3125200.0,2712600.0,4.82,7.4,,20.6,2.7,买入,,
000651.SZ,格力电器,20230831,格力电器：2023Q2业绩稳健，经销商提货积极致合同负债高增——公司信息更新报告,一般,一般报告,开源证券,"吕明,周嘉乐,陆帅坤",2024Q4,22131200.0,,3377600.0,2959900.0,5.26,6.8,,19.4,1.8,买入,,
000651.SZ,格力电器,20230831,格力电器：2023Q2业绩稳健，经销商提货积极致合同负债高增——公司信息更新报告,一般,一般报告,开源证券,"吕明,周嘉乐,陆帅坤",2025Q4,23680400.0,,3641100.0,3210000.0,5.7,6.3,,18.2,1.1,买入,,
601111.SH,中国国航,20230831,中国国航2023年中报点评：淡季扣汇业绩环比转正，盈利弹性初步显现,点评,一般报告,国海证券,"许可,李跃森,王航",2025Q4,21596100.0,,2300600.0,1823500.0,1.13,7.68,,24.0,5.18,买入,,
601111.SH,中国国航,20230831,中国国航2023年中报点评：淡季扣汇业绩环比转正，盈利弹性初步显现,点评,一般报告,国海证券,"许可,李跃森,王航",2024Q4,20293900.0,,2465400.0,1934700.0,1.19,7.24,,33.0,5.51,买入,,
601111.SH,中国国航,20230831,中国国航2023年中报点评：淡季扣汇业绩环比转正，盈利弹性初步显现,点评,一般报告,国海证券,"许可,李跃森,王航",2023Q4,13788500.0,,132800.0,111900.0,0.07,125.27,,3.0,10.17,买入,,
601058.SH,赛轮轮胎,20230831,赛轮轮胎23H1点评报告：业绩超预期，Q2净利率近历史最佳,点评,一般报告,浙商证券,"李辉,沈国琼",2025Q4,3494600.0,,384200.0,331200.0,1.08,11.41,,16.7,7.18,买入,,
601058.SH,赛轮轮胎,20230831,赛轮轮胎23H1点评报告：业绩超预期，Q2净利率近历史最佳,点评,一般报告,浙商证券,"李辉,沈国琼",2024Q4,2993100.0,,313600.0,273800.0,0.89,13.81,,16.5,8.89,买入,,
601058.SH,赛轮轮胎,20230831,赛轮轮胎23H1点评报告：业绩超预期，Q2净利率近历史最佳,点评,一般报告,浙商证券,"李辉,沈国琼",2023Q4,2534300.0,,256100.0,220500.0,0.72,17.14,,15.81,10.76,买入,,
601985.SH,中国核电,20230831,中国核电：费用压降释放利润，核电＋新能源促进公司持续增长,点评,一般报告,申万宏源证券,"查浩,邹佩轩,蔡思",2023Q4,7588400.0,3351500.0,2263300.0,1041600.0,0.55,13.0,,10.5,,买入,,
601985.SH,中国核电,20230831,中国核电：费用压降释放利润，核电＋新能源促进公司持续增长,点评,一般报告,申万宏源证券,"查浩,邹佩轩,蔡思",2025Q4,8601700.0,4001800.0,2840500.0,1305000.0,0.69,10.0,,10.5,,买入,,
601985.SH,中国核电,20230831,中国核电：费用压降释放利润，核电＋新能源促进公司持续增长,点评,一般报告,申万宏源证券,"查浩,邹佩轩,蔡思",2024Q4,8119200.0,3672100.0,2571200.0,1181300.0,0.63,11.0,,10.7,,买入,,
600004.SH,白云机场,20230831,白云机场2023年中报点评：客流修复再上台阶，降本成效持续兑现,点评,一般报告,国海证券,"许可,李跃森,王航",2023Q4,649800.0,,63400.0,51400.0,0.22,54.25,,3.0,10.9,买入,,
600004.SH,白云机场,20230831,白云机场2023年中报点评：客流修复再上台阶，降本成效持续兑现,点评,一般报告,国海证券,"许可,李跃森,王航",2024Q4,867700.0,,224900.0,173700.0,0.73,16.06,,9.0,6.12,买入,,
600004.SH,白云机场,20230831,白云机场2023年中报点评：客流修复再上台阶，降本成效持续兑现,点评,一般报告,国海证券,"许可,李跃森,王航",2025Q4,963500.0,,333900.0,255800.0,1.08,10.91,,12.0,4.67,买入,,
688484.SH,南芯科技,20230831,南芯科技：业绩环比向好，新品与应用场景持续拓宽推动成长,一般,首次关注,华安证券,陈耀波,2023Q4,166500.0,,24700.0,24700.0,0.58,76.17,,6.8,68.76,增持,,
688484.SH,南芯科技,20230831,南芯科技：业绩环比向好，新品与应用场景持续拓宽推动成长,一般,首次关注,华安证券,陈耀波,2024Q4,216800.0,,35300.0,35300.0,0.83,53.25,,8.9,72.15,增持,,
688484.SH,南芯科技,20230831,南芯科技：业绩环比向好，新品与应用场景持续拓宽推动成长,一般,首次关注,华安证券,陈耀波,2025Q4,282400.0,,48200.0,48200.0,1.14,38.98,,10.8,45.78,增持,,
688766.SH,普冉股份,20230831,普冉股份：库存去化业绩承压，研发创新持续亮眼,点评,首次关注,中邮证券,吴文吉,2023Q4,119300.0,,-6800.0,-6232.0,-0.83,,,-3.2,348.66,买入,,
688766.SH,普冉股份,20230831,普冉股份：库存去化业绩承压，研发创新持续亮眼,点评,首次关注,中邮证券,吴文吉,2024Q4,155700.0,,10600.0,10341.0,1.37,71.36,,4.9,40.48,买入,,
688766.SH,普冉股份,20230831,普冉股份：库存去化业绩承压，研发创新持续亮眼,点评,首次关注,中邮证券,吴文吉,2025Q4,198400.0,,26700.0,25887.0,3.43,28.51,,10.7,18.83,买入,,
688561.SH,奇安信,20230831,奇安信：利高速增长，经营效率持续提升,点评,一般报告,中泰证券,"闻学臣,苏仪",2025Q4,1315300.0,,77100.0,77100.0,1.13,,,7.0,21.0,买入,,
688561.SH,奇安信,20230831,奇安信：利高速增长，经营效率持续提升,点评,一般报告,中泰证券,"闻学臣,苏仪",2024Q4,1034100.0,,46400.0,46400.0,0.68,,,4.5,30.0,买入,,
688561.SH,奇安信,20230831,奇安信：利高速增长，经营效率持续提升,点评,一般报告,中泰证券,"闻学臣,苏仪",2023Q4,806600.0,,29200.0,29200.0,0.43,,,2.9,39.0,买入,,
601881.SH,中国银河,20230831,中国银河2023年半年报点评：自营收入同比高增，业绩实现稳健增长,点评,一般报告,西部证券,罗钻辉,2025Q4,4434700.0,,1197800.0,1166200.0,1.11,10.43,,9.33,,增持,,
601881.SH,中国银河,20230831,中国银河2023年半年报点评：自营收入同比高增，业绩实现稳健增长,点评,一般报告,西部证券,罗钻辉,2024Q4,4077100.0,,1082300.0,1053800.0,1.0,11.55,,9.11,,增持,,
601881.SH,中国银河,20230831,中国银河2023年半年报点评：自营收入同比高增，业绩实现稳健增长,点评,一般报告,西部证券,罗钻辉,2023Q4,3745700.0,,975400.0,949700.0,0.9,12.81,,8.84,,增持,,
920087.BJ,秋乐种业,20230831,秋乐种业2023年中报点评：核心品种量价齐升，预收款延续高增长,点评,一般报告,中原证券,张蔓梓,2025Q4,71000.0,,11600.0,11600.0,0.7,9.63,,15.31,4.88,增持,,
920087.BJ,秋乐种业,20230831,秋乐种业2023年中报点评：核心品种量价齐升，预收款延续高增长,点评,一般报告,中原证券,张蔓梓,2024Q4,61600.0,,9800.0,9800.0,0.6,11.38,,15.29,6.41,增持,,
920087.BJ,秋乐种业,20230831,秋乐种业2023年中报点评：核心品种量价齐升，预收款延续高增长,点评,一般报告,中原证券,张蔓梓,2023Q4,53200.0,,8100.0,8100.0,0.49,13.81,,14.87,7.31,增持,,
688378.SH,奥来德,20230831,奥来德：OLED设备＋材料双轮驱动，蒸镀设备有望贡献新增长极,深度,一般报告,中邮证券,"刘卓,陈基赟",2025Q4,136500.0,,40500.0,37256.0,2.51,16.94,,17.0,10.21,买入,,
688378.SH,奥来德,20230831,奥来德：OLED设备＋材料双轮驱动，蒸镀设备有望贡献新增长极,深度,一般报告,中邮证券,"刘卓,陈基赟",2024Q4,87400.0,,24400.0,22457.0,1.51,28.11,,11.4,15.7,买入,,
688378.SH,奥来德,20230831,奥来德：OLED设备＋材料双轮驱动，蒸镀设备有望贡献新增长极,深度,一般报告,中邮证券,"刘卓,陈基赟",2023Q4,61000.0,,17200.0,15827.0,1.06,39.89,,8.6,21.02,买入,,
688337.SH,普源精电,20230831,普源精电：业绩短期承压，新产品放量可期,点评,一般报告,财通证券,"杨烨,佘炜超,刘俊奇",2025Q4,155891.0,,40227.0,34193.0,1.9,26.82,0.0,9.99,17.2,增持,,
688337.SH,普源精电,20230831,普源精电：业绩短期承压，新产品放量可期,点评,一般报告,财通证券,"杨烨,佘炜超,刘俊奇",2024Q4,114295.0,,25964.0,22069.0,1.23,41.56,0.0,7.16,26.2,增持,,
688337.SH,普源精电,20230831,普源精电：业绩短期承压，新产品放量可期,点评,一般报告,财通证券,"杨烨,佘炜超,刘俊奇",2023Q4,83721.0,,16021.0,14179.0,0.79,64.68,0.0,4.96,41.2,增持,,
601155.SH,新城控股,20230831,新城控股：销售业绩承压，商管稳健经营－－2023年中报点评,点评,首份报告,银河证券,胡孝宇,2025Q4,12019800.0,,949680.0,515445.0,2.29,6.35,,6.69,7.46,推荐,,
601155.SH,新城控股,20230831,新城控股：销售业绩承压，商管稳健经营－－2023年中报点评,点评,首份报告,银河证券,胡孝宇,2024Q4,11945737.0,,855707.0,494992.0,2.19,6.61,,6.97,8.19,推荐,,
601155.SH,新城控股,20230831,新城控股：销售业绩承压，商管稳健经营－－2023年中报点评,点评,首份报告,银河证券,胡孝宇,2023Q4,11821610.0,,682707.0,412958.0,1.83,7.92,,6.37,8.03,推荐,,
002384.SZ,东山精密,20230831,东山精密：23H1总体业绩承压，新能源汽车业务打造公司第二增长极,点评,一般报告,中泰证券,"王芳,刘博文",2023Q4,3695800.0,,270000.0,237600.0,1.39,,,12.4,188.0,买入,,
002384.SZ,东山精密,20230831,东山精密：23H1总体业绩承压，新能源汽车业务打造公司第二增长极,点评,一般报告,中泰证券,"王芳,刘博文",2024Q4,4731000.0,,383100.0,337100.0,1.97,,,15.2,138.0,买入,,
002384.SZ,东山精密,20230831,东山精密：23H1总体业绩承压，新能源汽车业务打造公司第二增长极,点评,一般报告,中泰证券,"王芳,刘博文",2025Q4,5659500.0,,491300.0,432300.0,2.53,,,16.5,115.0,买入,,
603477.SH,巨星农牧,20230831,巨星农牧2023半年报点评报告：生猪出栏稳定增长，短期低迷拖累业绩,点评,一般报告,国海证券,"程一胜,王思言",2025Q4,1105300.0,,186700.0,183000.0,3.62,7.28,,31.0,6.89,买入,,
603477.SH,巨星农牧,20230831,巨星农牧2023半年报点评报告：生猪出栏稳定增长，短期低迷拖累业绩,点评,一般报告,国海证券,"程一胜,王思言",2024Q4,784600.0,,30300.0,29700.0,0.59,44.82,,7.0,25.07,买入,,
603477.SH,巨星农牧,20230831,巨星农牧2023半年报点评报告：生猪出栏稳定增长，短期低迷拖累业绩,点评,一般报告,国海证券,"程一胜,王思言",2023Q4,555100.0,,14100.0,13800.0,0.27,96.73,,4.0,38.07,买入,,
300811.SZ,铂科新材,20230831,铂科新材：23H1业绩高增，持续打造三条增长曲线,点评,一般报告,华安证券,陈耀波,2025Q4,241800.0,,54800.0,49400.0,2.48,18.64,,17.5,13.99,买入,,
300811.SZ,铂科新材,20230831,铂科新材：23H1业绩高增，持续打造三条增长曲线,点评,一般报告,华安证券,陈耀波,2024Q4,198900.0,,44300.0,39800.0,2.0,23.1,,17.1,17.38,买入,,
300811.SZ,铂科新材,20230831,铂科新材：23H1业绩高增，持续打造三条增长曲线,点评,一般报告,华安证券,陈耀波,2023Q4,148600.0,,32900.0,29600.0,1.49,31.09,,15.4,22.81,买入,,
688225.SH,亚信安全,20230831,亚信安全：Q2营收企稳回升，标品化和平台化加速突破,点评,一般报告,招商证券,刘玉萍,2025Q4,316200.0,,30000.0,27800.0,0.7,27.4,,9.0,23.8,强烈推荐,,
688225.SH,亚信安全,20230831,亚信安全：Q2营收企稳回升，标品化和平台化加速突破,点评,一般报告,招商证券,刘玉萍,2024Q4,252900.0,,23200.0,21600.0,0.54,35.4,,7.5,30.1,强烈推荐,,
688225.SH,亚信安全,20230831,亚信安全：Q2营收企稳回升，标品化和平台化加速突破,点评,一般报告,招商证券,刘玉萍,2023Q4,205600.0,,18200.0,17000.0,0.42,44.9,,6.2,37.3,强烈推荐,,
000034.SZ,神州数码,20230831,神州数码：数云战略成效初显，云＋信创注入成长动能,点评,一般报告,华西证券,刘泽晶,2025Q4,14006800.0,,271300.0,184800.0,2.76,11.52,,15.4,,买入,,
000034.SZ,神州数码,20230831,神州数码：数云战略成效初显，云＋信创注入成长动能,点评,一般报告,华西证券,刘泽晶,2024Q4,13311900.0,,230500.0,153100.0,2.29,13.9,,15.1,,买入,,
000034.SZ,神州数码,20230831,神州数码：数云战略成效初显，云＋信创注入成长动能,点评,一般报告,华西证券,刘泽晶,2023Q4,12309400.0,,185200.0,123500.0,1.85,17.22,,14.4,,买入,,
601886.SH,江河集团,20230831,江河集团：23H1经营拐点向上，BIPV订单起量,点评,一般报告,华西证券,"戚舒扬,金兵",2025Q4,2829093.0,,142999.0,103835.0,0.92,9.48,,13.17,,买入,,
601886.SH,江河集团,20230831,江河集团：23H1经营拐点向上，BIPV订单起量,点评,一般报告,华西证券,"戚舒扬,金兵",2024Q4,2556287.0,,111581.0,81004.0,0.71,12.15,,11.23,,买入,,
601886.SH,江河集团,20230831,江河集团：23H1经营拐点向上，BIPV订单起量,点评,一般报告,华西证券,"戚舒扬,金兵",2023Q4,2161095.0,,87129.0,63257.0,0.56,15.56,,9.46,,买入,,
601615.SH,明阳智能,20230831,明阳智能2023年半年报点评：风机销售短期承压，下半年情况有望回暖,点评,一般报告,西部证券,"杨敬梅,胡琎心",2025Q4,5821500.0,,635600.0,567600.0,2.5,6.0,,14.1,,买入,,
601615.SH,明阳智能,20230831,明阳智能2023年半年报点评：风机销售短期承压，下半年情况有望回暖,点评,一般报告,西部证券,"杨敬梅,胡琎心",2024Q4,4803900.0,,571100.0,505900.0,2.23,6.7,,14.5,,买入,,
601615.SH,明阳智能,20230831,明阳智能2023年半年报点评：风机销售短期承压，下半年情况有望回暖,点评,一般报告,西部证券,"杨敬梅,胡琎心",2023Q4,3958000.0,,465400.0,417400.0,1.84,8.1,,13.8,,买入,,
600900.SH,长江电力,20230831,长江电力中报点评：Q2收入降幅远小于发电量降幅，汛期来水好转,点评,一般报告,国海证券,"杨阳,许紫荆",2025Q4,8461500.0,,4489300.0,3471800.0,1.42,15.55,,14.0,11.4,增持,,
600900.SH,长江电力,20230831,长江电力中报点评：Q2收入降幅远小于发电量降幅，汛期来水好转,点评,一般报告,国海证券,"杨阳,许紫荆",2024Q4,8265800.0,,4261200.0,3295500.0,1.35,16.38,,14.0,11.6,增持,,
600900.SH,长江电力,20230831,长江电力中报点评：Q2收入降幅远小于发电量降幅，汛期来水好转,点评,一般报告,国海证券,"杨阳,许紫荆",2023Q4,8115600.0,,3998200.0,3148500.0,1.29,17.14,,14.0,10.92,增持,,
000893.SZ,亚钾国际,20230831,亚钾国际2023中报点评报告：二季度环比改善，积极扩产成长可期,一般,一般报告,国海证券,"李永磊,董伯骏,陈云",2025Q4,856400.0,,383200.0,298500.0,3.21,8.71,,17.0,5.21,买入,,
000893.SZ,亚钾国际,20230831,亚钾国际2023中报点评报告：二季度环比改善，积极扩产成长可期,一般,一般报告,国海证券,"李永磊,董伯骏,陈云",2024Q4,651000.0,,292600.0,214000.0,2.3,12.15,,15.0,7.2,买入,,
000893.SZ,亚钾国际,20230831,亚钾国际2023中报点评报告：二季度环比改善，积极扩产成长可期,一般,一般报告,国海证券,"李永磊,董伯骏,陈云",2023Q4,466000.0,,215000.0,160100.0,1.72,16.23,,14.0,9.64,买入,,
600398.SH,海澜之家,20230831,海澜之家2023年中报点评：2023H1业绩复苏，盈利能力提升明显,点评,一般报告,国海证券,"杨仁文,马川琪,廖小慧",2025Q4,2706000.0,,503700.0,387700.0,0.9,8.18,,16.0,1.98,买入,,
600398.SH,海澜之家,20230831,海澜之家2023年中报点评：2023H1业绩复苏，盈利能力提升明显,点评,一般报告,国海证券,"杨仁文,马川琪,廖小慧",2024Q4,2481000.0,,422800.0,325400.0,0.75,9.74,,16.0,3.05,买入,,
600398.SH,海澜之家,20230831,海澜之家2023年中报点评：2023H1业绩复苏，盈利能力提升明显,点评,一般报告,国海证券,"杨仁文,马川琪,廖小慧",2023Q4,2195000.0,,336200.0,258700.0,0.6,12.26,,15.0,4.57,买入,,
600085.SH,同仁堂,20230831,同仁堂2023中报点评报告：二线产品放量奠定工业高速增长，疫情过后商业板块焕发新生,点评,一般报告,国海证券,周小刚,2025Q4,3036400.0,,597300.0,313600.0,2.29,24.59,,16.0,8.49,买入,,
600085.SH,同仁堂,20230831,同仁堂2023中报点评报告：二线产品放量奠定工业高速增长，疫情过后商业板块焕发新生,点评,一般报告,国海证券,周小刚,2024Q4,2406700.0,,460900.0,242100.0,1.77,31.85,,15.0,11.15,买入,,
600085.SH,同仁堂,20230831,同仁堂2023中报点评报告：二线产品放量奠定工业高速增长，疫情过后商业板块焕发新生,点评,一般报告,国海证券,周小刚,2023Q4,1955200.0,,351100.0,184300.0,1.34,41.84,,14.0,14.68,买入,,
600028.SH,中国石化,20230831,中国石化：上半年业绩承压，静待周期底部回暖,点评,一般报告,华西证券,"杨伟,董宇轩",2025Q4,357755500.0,,11769400.0,8098800.0,0.68,8.99,,8.2,,买入,,
600028.SH,中国石化,20230831,中国石化：上半年业绩承压，静待周期底部回暖,点评,一般报告,华西证券,"杨伟,董宇轩",2024Q4,348158900.0,,11126300.0,7630200.0,0.64,9.54,,8.4,,买入,,
600028.SH,中国石化,20230831,中国石化：上半年业绩承压，静待周期底部回暖,点评,一般报告,华西证券,"杨伟,董宇轩",2023Q4,339125600.0,,10351300.0,7089400.0,0.59,10.27,,8.5,,买入,,
300498.SZ,温氏股份,20230831,温氏股份2023半年报点评报告：营收稳步增长，短期价格低迷业绩承压,点评,一般报告,国海证券,"程一胜,王思言",2025Q4,13260000.0,,1838000.0,1675800.0,2.52,6.61,,27.0,5.29,买入,,
300498.SZ,温氏股份,20230831,温氏股份2023半年报点评报告：营收稳步增长，短期价格低迷业绩承压,点评,一般报告,国海证券,"程一胜,王思言",2024Q4,10266000.0,,622500.0,597800.0,0.9,18.52,,13.0,13.11,买入,,
300498.SZ,温氏股份,20230831,温氏股份2023半年报点评报告：营收稳步增长，短期价格低迷业绩承压,点评,一般报告,国海证券,"程一胜,王思言",2023Q4,8550000.0,,258900.0,248600.0,0.37,44.53,,6.0,20.15,买入,,
688293.SH,奥浦迈,20230831,奥浦迈2023年中报点评：培养基业务项目充沛，CDMO商业产线即将投产,点评,一般报告,国海证券,"周小刚,万鹏辉",2025Q4,58400.0,,22400.0,19800.0,1.72,25.86,,8.0,12.92,买入,,
688293.SH,奥浦迈,20230831,奥浦迈2023年中报点评：培养基业务项目充沛，CDMO商业产线即将投产,点评,一般报告,国海证券,"周小刚,万鹏辉",2024Q4,42800.0,,15200.0,13400.0,1.17,38.26,,6.0,19.29,买入,,
688293.SH,奥浦迈,20230831,奥浦迈2023年中报点评：培养基业务项目充沛，CDMO商业产线即将投产,点评,一般报告,国海证券,"周小刚,万鹏辉",2023Q4,32600.0,,10700.0,9400.0,0.82,54.43,,4.0,28.18,买入,,
601995.SH,中金公司,20230831,中金公司2023年半年报点评：Q2业绩承压，汇兑收益增长明显,点评,一般报告,西部证券,罗钻辉,2025Q4,3745600.0,,1457300.0,1222600.0,2.53,15.4,,10.03,,买入,,
601995.SH,中金公司,20230831,中金公司2023年半年报点评：Q2业绩承压，汇兑收益增长明显,点评,一般报告,西部证券,罗钻辉,2024Q4,3298700.0,,1233600.0,1035000.0,2.14,18.19,,9.29,,买入,,
601995.SH,中金公司,20230831,中金公司2023年半年报点评：Q2业绩承压，汇兑收益增长明显,点评,一般报告,西部证券,罗钻辉,2023Q4,2883500.0,,1036600.0,869700.0,1.8,21.65,,8.48,,买入,,
600104.SH,上汽集团,20230831,上汽集团2023年中报点评报告：二季度营收业绩双增长，海外市场稳步推进,点评,一般报告,国海证券,"薛玉虎,王琭",2025Q4,80182100.0,,3354000.0,1910500.0,1.64,8.78,,7.0,1.03,增持,,
600104.SH,上汽集团,20230831,上汽集团2023年中报点评报告：二季度营收业绩双增长，海外市场稳步推进,点评,一般报告,国海证券,"薛玉虎,王琭",2024Q4,77103400.0,,2835200.0,1615000.0,1.38,10.39,,7.0,2.34,增持,,
600104.SH,上汽集团,20230831,上汽集团2023年中报点评报告：二季度营收业绩双增长，海外市场稳步推进,点评,一般报告,国海证券,"薛玉虎,王琭",2023Q4,75464500.0,,2652900.0,1511100.0,1.29,11.1,,7.0,3.49,增持,,
003021.SZ,兆威机电,20230831,兆威机电：汽车电子业务持续放量，助力公司业绩稳步提升,一般,首次关注,长城证券,侯宾,2025Q4,244200.0,,41000.0,38800.0,2.27,32.4,,10.7,23.2,买入,,
003021.SZ,兆威机电,20230831,兆威机电：汽车电子业务持续放量，助力公司业绩稳步提升,一般,首次关注,长城证券,侯宾,2024Q4,180900.0,,29500.0,28000.0,1.64,45.0,,8.4,31.8,买入,,
003021.SZ,兆威机电,20230831,兆威机电：汽车电子业务持续放量，助力公司业绩稳步提升,一般,首次关注,长城证券,侯宾,2023Q4,136000.0,,19300.0,18300.0,1.07,68.8,,5.9,45.7,买入,,
688320.SH,禾川科技,20230831,禾川科技：收入稳步增长，盈利能力环比改善,点评,首次关注,东北证券,"赵哲,唐凯",2025Q4,197800.0,,17800.0,17900.0,1.18,31.89,0.93,9.75,,买入,,
688320.SH,禾川科技,20230831,禾川科技：收入稳步增长，盈利能力环比改善,点评,首次关注,东北证券,"赵哲,唐凯",2024Q4,156400.0,,12900.0,13100.0,0.86,43.66,0.64,7.65,,买入,,
688320.SH,禾川科技,20230831,禾川科技：收入稳步增长，盈利能力环比改善,点评,首次关注,东北证券,"赵哲,唐凯",2023Q4,122000.0,,10400.0,10400.0,0.69,54.76,0.53,6.45,,买入,,
688266.SH,泽璟制药,20230831,泽璟制药2023年中报点评：多纳非尼放量迅速，杰克替尼和重组人凝血酶兑现可期,点评,首次关注,国海证券,"周小刚,孔维崎",2025Q4,244000.0,,30500.0,29200.0,1.1,,,16.0,,买入,,
688266.SH,泽璟制药,20230831,泽璟制药2023年中报点评：多纳非尼放量迅速，杰克替尼和重组人凝血酶兑现可期,点评,首次关注,国海证券,"周小刚,孔维崎",2024Q4,122900.0,,-12600.0,-12100.0,-0.46,,,-8.0,,买入,,
688266.SH,泽璟制药,20230831,泽璟制药2023年中报点评：多纳非尼放量迅速，杰克替尼和重组人凝血酶兑现可期,点评,首次关注,国海证券,"周小刚,孔维崎",2023Q4,63400.0,,-26100.0,-25500.0,-0.96,,,-15.0,,买入,,
688255.SH,凯尔达,20230831,凯尔达：自产机器人表现亮眼，盈利能力短期承压,点评,首次关注,东北证券,"赵哲,唐凯",2025Q4,58700.0,,7500.0,6900.0,0.63,44.0,0.0,5.52,,增持,,
688255.SH,凯尔达,20230831,凯尔达：自产机器人表现亮眼，盈利能力短期承压,点评,首次关注,东北证券,"赵哲,唐凯",2024Q4,51900.0,,5300.0,4900.0,0.44,62.62,0.0,4.11,,增持,,
688255.SH,凯尔达,20230831,凯尔达：自产机器人表现亮眼，盈利能力短期承压,点评,首次关注,东北证券,"赵哲,唐凯",2023Q4,45600.0,,4100.0,3800.0,0.34,80.95,0.0,3.31,,增持,,
603369.SH,今世缘,20230831,今世缘：势能充足，冲击百亿,点评,一般报告,招商证券,"于佳琦,田地",2025Q4,1522800.0,,665100.0,497100.0,3.96,15.1,,27.8,11.7,强烈推荐,,
603369.SH,今世缘,20230831,今世缘：势能充足，冲击百亿,点评,一般报告,招商证券,"于佳琦,田地",2024Q4,1246800.0,,530900.0,397400.0,3.17,18.9,,27.0,14.5,强烈推荐,,
603369.SH,今世缘,20230831,今世缘：势能充足，冲击百亿,点评,一般报告,招商证券,"于佳琦,田地",2023Q4,1003400.0,,421400.0,316100.0,2.52,23.8,,25.9,17.9,强烈推荐,,
688025.SH,杰普特,20230831,杰普特：业绩快速增长，模组检测、新能源空间可期,点评,一般报告,财通证券,张益敏,2025Q4,234506.0,,41886.0,37698.0,3.97,19.3,0.0,11.57,10.5,增持,,
688025.SH,杰普特,20230831,杰普特：业绩快速增长，模组检测、新能源空间可期,点评,一般报告,财通证券,张益敏,2024Q4,168013.0,,27772.0,24994.0,2.63,29.12,0.0,8.67,20.9,增持,,
688025.SH,杰普特,20230831,杰普特：业绩快速增长，模组检测、新能源空间可期,点评,一般报告,财通证券,张益敏,2023Q4,128572.0,,15005.0,13505.0,1.42,53.89,0.0,5.13,26.5,增持,,
601390.SH,中国中铁,20230831,中国中铁：业务经营稳健，基建订单高增－－－2023年中报点评,点评,一般报告,东北证券,"王小勇,张凯,庄嘉骏",2025Q4,155111900.0,,6132900.0,4517000.0,1.82,3.67,5.25,11.42,,买入,,
601390.SH,中国中铁,20230831,中国中铁：业务经营稳健，基建订单高增－－－2023年中报点评,点评,一般报告,东北证券,"王小勇,张凯,庄嘉骏",2024Q4,141095300.0,,5407600.0,3981400.0,1.61,4.17,4.34,11.09,,买入,,
601390.SH,中国中铁,20230831,中国中铁：业务经营稳健，基建订单高增－－－2023年中报点评,点评,一般报告,东北证券,"王小勇,张凯,庄嘉骏",2023Q4,128021300.0,,4808600.0,3548400.0,1.43,4.67,3.5,10.87,,买入,,
002527.SZ,新时达,20230831,新时达：机器人业务高增，盈利持续改善,点评,首次评级,东北证券,"赵哲,唐凯",2025Q4,422900.0,,19300.0,17200.0,0.26,53.92,0.65,7.72,,增持,,
002527.SZ,新时达,20230831,新时达：机器人业务高增，盈利持续改善,点评,首次评级,东北证券,"赵哲,唐凯",2024Q4,380300.0,,17000.0,15900.0,0.24,58.26,0.57,7.52,,增持,,
002527.SZ,新时达,20230831,新时达：机器人业务高增，盈利持续改善,点评,首次评级,东北证券,"赵哲,唐凯",2023Q4,339900.0,,17700.0,15000.0,0.23,61.68,0.5,7.48,,增持,,
688552.SH,航天南湖,20230831,航天南湖：23H1业绩高增，型号丰富成长空间广阔,点评,一般报告,东北证券,"王凤华,刘丹阳",2025Q4,174900.0,,29800.0,28300.0,0.84,30.53,0.0,8.66,,增持,,
688552.SH,航天南湖,20230831,航天南湖：23H1业绩高增，型号丰富成长空间广阔,点评,一般报告,东北证券,"王凤华,刘丹阳",2024Q4,140900.0,,24800.0,23600.0,0.7,36.68,0.0,7.89,,增持,,
688552.SH,航天南湖,20230831,航天南湖：23H1业绩高增，型号丰富成长空间广阔,点评,一般报告,东北证券,"王凤华,刘丹阳",2023Q4,113600.0,,19800.0,18800.0,0.56,46.08,0.0,6.82,,增持,,
688122.SH,西部超导,20230831,西部超导：上半年业绩承压，三大业务稳健发展,点评,一般报告,东北证券,"王凤华,王璐",2025Q4,840400.0,,246900.0,215400.0,3.32,14.31,2.26,22.77,,买入,,
688122.SH,西部超导,20230831,西部超导：上半年业绩承压，三大业务稳健发展,点评,一般报告,东北证券,"王凤华,王璐",2024Q4,668100.0,,196500.0,171500.0,2.64,17.97,2.02,21.42,,买入,,
688122.SH,西部超导,20230831,西部超导：上半年业绩承压，三大业务稳健发展,点评,一般报告,东北证券,"王凤华,王璐",2023Q4,531400.0,,157100.0,137100.0,2.11,22.48,1.51,19.83,,买入,,
600760.SH,中航沈飞,20230831,中航沈飞2023年中报点评：23H1业绩超预期，军机龙头盈利能力稳定提升,点评,一般报告,东北证券,"王凤华,王一鸣",2025Q4,7214600.0,,502900.0,448700.0,1.63,27.36,0.92,20.22,,买入,,
600760.SH,中航沈飞,20230831,中航沈飞2023年中报点评：23H1业绩超预期，军机龙头盈利能力稳定提升,点评,一般报告,东北证券,"王凤华,王一鸣",2024Q4,6071200.0,,405900.0,360900.0,1.31,34.01,0.92,19.16,,买入,,
600760.SH,中航沈飞,20230831,中航沈飞2023年中报点评：23H1业绩超预期，军机龙头盈利能力稳定提升,点评,一般报告,东北证券,"王凤华,王一鸣",2023Q4,5026100.0,,321800.0,288200.0,1.05,42.6,0.9,18.93,,买入,,
300369.SZ,绿盟科技,20230831,绿盟科技2023年半年报点评：新安全产品陆续发布，静待下半年业绩回暖,点评,首次评级,东北证券,"吴源恒,马宗铠",2025Q4,419300.0,,47700.0,43500.0,0.54,19.47,0.0,9.37,,买入,,
300369.SZ,绿盟科技,20230831,绿盟科技2023年半年报点评：新安全产品陆续发布，静待下半年业绩回暖,点评,首次评级,东北证券,"吴源恒,马宗铠",2024Q4,354300.0,,35200.0,32200.0,0.4,26.32,0.0,7.65,,买入,,
300369.SZ,绿盟科技,20230831,绿盟科技2023年半年报点评：新安全产品陆续发布，静待下半年业绩回暖,点评,首次评级,东北证券,"吴源恒,马宗铠",2023Q4,303100.0,,21500.0,19700.0,0.25,43.13,0.0,5.06,,买入,,
300258.SZ,精锻科技,20230831,精锻科技：新能车业务同比高增，海外业务成为重要增长点,点评,首份报告,东北证券,"李恒光,史久杰",2025Q4,344200.0,,54300.0,47600.0,0.99,14.13,0.0,10.32,,买入,,
300258.SZ,精锻科技,20230831,精锻科技：新能车业务同比高增，海外业务成为重要增长点,点评,首份报告,东北证券,"李恒光,史久杰",2024Q4,278500.0,,42900.0,37600.0,0.78,17.87,0.0,9.1,,买入,,
300258.SZ,精锻科技,20230831,精锻科技：新能车业务同比高增，海外业务成为重要增长点,点评,首份报告,东北证券,"李恒光,史久杰",2023Q4,227300.0,,33400.0,29300.0,0.61,22.93,0.0,7.8,,买入,,
002698.SZ,博实股份,20230831,博实股份：固废后处理业务高增，战略布局人形机器人,点评,首次评级,东北证券,"赵哲,唐凯",2025Q4,446700.0,,113200.0,96100.0,0.94,17.72,2.4,21.23,,买入,,
002698.SZ,博实股份,20230831,博实股份：固废后处理业务高增，战略布局人形机器人,点评,首次评级,东北证券,"赵哲,唐凯",2024Q4,378100.0,,92900.0,79400.0,0.78,21.44,2.04,19.99,,买入,,
002698.SZ,博实股份,20230831,博实股份：固废后处理业务高增，战略布局人形机器人,点评,首次评级,东北证券,"赵哲,唐凯",2023Q4,290800.0,,75300.0,63400.0,0.62,26.87,1.68,17.97,,买入,,
002560.SZ,通达股份,20230831,通达股份：上半年净利润大幅增长，航空业务发展顺利,点评,一般报告,东北证券,"王凤华,王璐",2025Q4,996700.0,,47600.0,41000.0,0.78,10.36,0.0,11.98,,买入,,
002560.SZ,通达股份,20230831,通达股份：上半年净利润大幅增长，航空业务发展顺利,点评,一般报告,东北证券,"王凤华,王璐",2024Q4,828100.0,,35700.0,30900.0,0.59,13.74,0.0,10.27,,买入,,
002560.SZ,通达股份,20230831,通达股份：上半年净利润大幅增长，航空业务发展顺利,点评,一般报告,东北证券,"王凤华,王璐",2023Q4,688200.0,,24800.0,22100.0,0.42,19.18,0.0,8.2,,买入,,
002466.SZ,天齐锂业,20230831,天齐锂业2023半年报点评：Q2毛利率水平显著高于同业，自由现金流仍创历史单季次高值,点评,一般报告,光大证券,"王招华,马俊",2025Q4,3847000.0,,3165700.0,1628300.0,9.92,6.0,3.9,20.41,3.8,增持,,
002466.SZ,天齐锂业,20230831,天齐锂业2023半年报点评：Q2毛利率水平显著高于同业，自由现金流仍创历史单季次高值,点评,一般报告,光大证券,"王招华,马俊",2024Q4,3563800.0,,3096700.0,1445000.0,8.8,7.0,3.8,21.51,3.9,增持,,
002466.SZ,天齐锂业,20230831,天齐锂业2023半年报点评：Q2毛利率水平显著高于同业，自由现金流仍创历史单季次高值,点评,一般报告,光大证券,"王招华,马俊",2023Q4,4023000.0,,3726400.0,1368700.0,8.34,7.0,4.7,23.9,2.9,增持,,
002459.SZ,晶澳科技,20230831,晶澳科技2023年半年报点评：组件出货量维持高增，业绩考核目标彰显公司发展信心,点评,一般报告,光大证券,"殷中枢,郝骞,黄帅斌",2025Q4,13789300.0,,1570400.0,1376100.0,4.16,7.0,1.5,22.96,4.2,买入,,
002459.SZ,晶澳科技,20230831,晶澳科技2023年半年报点评：组件出货量维持高增，业绩考核目标彰显公司发展信心,点评,一般报告,光大证券,"殷中枢,郝骞,黄帅斌",2024Q4,11919400.0,,1353700.0,1186000.0,3.58,8.0,1.3,25.03,5.2,买入,,
002459.SZ,晶澳科技,20230831,晶澳科技2023年半年报点评：组件出货量维持高增，业绩考核目标彰显公司发展信心,点评,一般报告,光大证券,"殷中枢,郝骞,黄帅斌",2023Q4,10017600.0,,1092700.0,957200.0,2.89,10.0,1.0,26.22,6.8,买入,,
688489.SH,三未信安,20230831,三未信安：商密行业景气度高，公司强化金融行业布局,点评,一般报告,中泰证券,"闻学臣,苏仪",2025Q4,80800.0,,28300.0,25900.0,2.27,,,10.6,,买入,,
688489.SH,三未信安,20230831,三未信安：商密行业景气度高，公司强化金融行业布局,点评,一般报告,中泰证券,"闻学臣,苏仪",2024Q4,60900.0,,20700.0,19300.0,1.69,,,8.8,,买入,,
688489.SH,三未信安,20230831,三未信安：商密行业景气度高，公司强化金融行业布局,点评,一般报告,中泰证券,"闻学臣,苏仪",2023Q4,45700.0,,15400.0,14600.0,1.28,,,7.2,,买入,,
603939.SH,益丰药房,20230831,益丰药房：业绩稳定增长，新零售业务持续推进,点评,一般报告,招商证券,"许菲菲,方秋实",2025Q4,3483300.0,,317500.0,213600.0,2.11,17.4,,16.5,5.9,增持,,
603939.SH,益丰药房,20230831,益丰药房：业绩稳定增长，新零售业务持续推进,点评,一般报告,招商证券,"许菲菲,方秋实",2024Q4,2876000.0,,261400.0,176000.0,1.74,21.1,,15.6,6.9,增持,,
603939.SH,益丰药房,20230831,益丰药房：业绩稳定增长，新零售业务持续推进,点评,一般报告,招商证券,"许菲菲,方秋实",2023Q4,2338100.0,,213300.0,143700.0,1.42,25.8,,14.7,8.0,增持,,
603799.SH,华友钴业,20230831,华友钴业：锂电材料出货高增，印尼镍项目利润放量,点评,首份报告,招商证券,"刘文平,赖如川,刘伟洁,贾宏坤",2025Q4,10913800.0,,1468000.0,943500.0,5.55,7.2,,22.0,7.3,强烈推荐,,
603799.SH,华友钴业,20230831,华友钴业：锂电材料出货高增，印尼镍项目利润放量,点评,首份报告,招商证券,"刘文平,赖如川,刘伟洁,贾宏坤",2024Q4,9754300.0,,1230100.0,791900.0,4.66,8.6,,22.8,8.5,强烈推荐,,
603799.SH,华友钴业,20230831,华友钴业：锂电材料出货高增，印尼镍项目利润放量,点评,首份报告,招商证券,"刘文平,赖如川,刘伟洁,贾宏坤",2023Q4,7653400.0,,830900.0,537400.0,3.16,12.6,,18.9,11.6,强烈推荐,,
603659.SH,璞泰来,20230831,璞泰来：负极盈利承压，出货较快增长,点评,一般报告,中泰证券,"曾彪,朱柏睿",2025Q4,2759000.0,,628500.0,522400.0,2.59,12.6,,19.5,54.0,增持,,
603659.SH,璞泰来,20230831,璞泰来：负极盈利承压，出货较快增长,点评,一般报告,中泰证券,"曾彪,朱柏睿",2024Q4,2312400.0,,515900.0,428700.0,2.13,15.4,,20.0,65.0,增持,,
603659.SH,璞泰来,20230831,璞泰来：负极盈利承压，出货较快增长,点评,一般报告,中泰证券,"曾彪,朱柏睿",2023Q4,1845400.0,,388700.0,320500.0,1.59,20.6,,18.7,83.0,增持,,
605089.SH,味知香,20230831,味知香公司简评报告：需求切换，B端好于C端,点评,一般报告,东海证券,"丰毅,任晓帆,龚理",2024Q4,119009.0,,23445.0,20986.0,1.52,26.53,,14.0,19.52,买入,,
605089.SH,味知香,20230831,味知香公司简评报告：需求切换，B端好于C端,点评,一般报告,东海证券,"丰毅,任晓帆,龚理",2023Q4,91372.0,,17397.0,16005.0,1.16,34.79,,12.0,26.83,买入,,
000596.SZ,古井贡酒,20230831,古井贡酒：Q2业绩超预期，结构升级通路稳定,点评,一般报告,华西证券,寇星,2025Q4,2922400.0,,956800.0,676000.0,12.79,22.52,,23.5,,增持,,
000596.SZ,古井贡酒,20230831,古井贡酒：Q2业绩超预期，结构升级通路稳定,点评,一般报告,华西证券,寇星,2024Q4,2471200.0,,770700.0,544300.0,10.3,27.98,,22.2,,增持,,
000596.SZ,古井贡酒,20230831,古井贡酒：Q2业绩超预期，结构升级通路稳定,点评,一般报告,华西证券,寇星,2023Q4,2057200.0,,604700.0,428400.0,8.1,35.54,,20.2,,增持,,
605599.SH,菜百股份,20230831,菜百股份：收入高增长，直营模式展现业绩高弹性,点评,一般报告,招商证券,"丁浙川,刘丽,赵中平,李秀敏,李星馨",2025Q4,2288400.0,,140400.0,102800.0,1.32,10.3,,24.1,8.5,强烈推荐,,
605599.SH,菜百股份,20230831,菜百股份：收入高增长，直营模式展现业绩高弹性,点评,一般报告,招商证券,"丁浙川,刘丽,赵中平,李秀敏,李星馨",2024Q4,1989900.0,,123700.0,90800.0,1.17,11.6,,22.9,9.7,强烈推荐,,
605599.SH,菜百股份,20230831,菜百股份：收入高增长，直营模式展现业绩高弹性,点评,一般报告,招商证券,"丁浙川,刘丽,赵中平,李秀敏,李星馨",2023Q4,1650100.0,,103900.0,76500.0,0.98,13.8,,21.2,11.7,强烈推荐,,
002493.SZ,荣盛石化,20230831,荣盛石化2023年中报点评：二季度业绩环比改善，新材料驱动长期成长,一般,一般报告,国海证券,"李永磊,董伯骏,汤永俊",2025Q4,52479400.0,,2634900.0,1186500.0,1.17,10.28,,17.0,5.08,买入,,
002493.SZ,荣盛石化,20230831,荣盛石化2023年中报点评：二季度业绩环比改善，新材料驱动长期成长,一般,一般报告,国海证券,"李永磊,董伯骏,汤永俊",2024Q4,43705100.0,,2006200.0,903400.0,0.89,13.51,,16.0,6.25,买入,,
002493.SZ,荣盛石化,20230831,荣盛石化2023年中报点评：二季度业绩环比改善，新材料驱动长期成长,一般,一般报告,国海证券,"李永磊,董伯骏,汤永俊",2023Q4,36018900.0,,805100.0,353000.0,0.35,34.56,,7.0,10.48,买入,,
688073.SH,毕得医药,20230831,毕得医药：主业强劲增长，期待海外开拓逐步发力,点评,一般报告,中泰证券,"祝嘉琦,崔少煜",2025Q4,204158.0,,41500.0,35250.0,3.88,19.05,,12.57,14.0,买入,,
688073.SH,毕得医药,20230831,毕得医药：主业强劲增长，期待海外开拓逐步发力,点评,一般报告,中泰证券,"祝嘉琦,崔少煜",2024Q4,152957.0,,31700.0,26986.0,2.97,24.89,,11.01,20.0,买入,,
688073.SH,毕得医药,20230831,毕得医药：主业强劲增长，期待海外开拓逐步发力,点评,一般报告,中泰证券,"祝嘉琦,崔少煜",2023Q4,112824.0,,23700.0,20166.0,2.22,33.3,,9.24,28.0,买入,,
603233.SH,大参林,20230831,大参林2023年半年报点评报告：门店持续拓展，收入利润高速增长,点评,首次关注,国海证券,"周小刚,年庆功",2025Q4,4016900.0,,295100.0,210800.0,1.85,14.36,,23.0,8.25,买入,,
603233.SH,大参林,20230831,大参林2023年半年报点评报告：门店持续拓展，收入利润高速增长,点评,首次关注,国海证券,"周小刚,年庆功",2024Q4,3282500.0,,233800.0,168800.0,1.48,17.94,,21.0,10.63,买入,,
603233.SH,大参林,20230831,大参林2023年半年报点评报告：门店持续拓展，收入利润高速增长,点评,首次关注,国海证券,"周小刚,年庆功",2023Q4,2657000.0,,180500.0,131700.0,1.16,22.99,,18.0,13.78,买入,,
603218.SH,日月股份,20230831,日月股份：成本端压力改善明显，产能充足助力成长,点评,一般报告,长城证券,"于夕朦,王泽雷",2025Q4,844300.0,,133800.0,128000.0,1.24,13.2,,10.8,8.9,增持,,
603218.SH,日月股份,20230831,日月股份：成本端压力改善明显，产能充足助力成长,点评,一般报告,长城证券,"于夕朦,王泽雷",2024Q4,693400.0,,103200.0,99500.0,0.96,17.0,,9.2,11.1,增持,,
603218.SH,日月股份,20230831,日月股份：成本端压力改善明显，产能充足助力成长,点评,一般报告,长城证券,"于夕朦,王泽雷",2023Q4,557000.0,,76800.0,73100.0,0.71,23.1,,7.2,14.2,增持,,
300820.SZ,英杰电气,20230831,英杰电气：光伏业务高增，半导体＆充电桩加速突破,点评,一般报告,长城证券,"于夕朦,曾宁馨,于振洋,吴念峻",2025Q4,357400.0,,96000.0,83300.0,3.79,16.6,,26.1,13.2,买入,,
300820.SZ,英杰电气,20230831,英杰电气：光伏业务高增，半导体＆充电桩加速突破,点评,一般报告,长城证券,"于夕朦,曾宁馨,于振洋,吴念峻",2024Q4,275000.0,,75100.0,65200.0,2.96,21.2,,26.4,16.9,买入,,
300820.SZ,英杰电气,20230831,英杰电气：光伏业务高增，半导体＆充电桩加速突破,点评,一般报告,长城证券,"于夕朦,曾宁馨,于振洋,吴念峻",2023Q4,193200.0,,55200.0,47900.0,2.18,28.9,,25.0,22.7,买入,,
300760.SZ,迈瑞医疗,20230831,迈瑞医疗：整体业绩实现稳健增长，高质量发展卓见成效,点评,一般报告,银河证券,程培,2025Q4,5297696.0,,1936889.0,1703834.0,14.05,19.21,,24.42,14.06,推荐,,
300760.SZ,迈瑞医疗,20230831,迈瑞医疗：整体业绩实现稳健增长，高质量发展卓见成效,点评,一般报告,银河证券,程培,2024Q4,4407703.0,,1603122.0,1410227.0,11.63,23.21,,26.75,17.87,推荐,,
300760.SZ,迈瑞医疗,20230831,迈瑞医疗：整体业绩实现稳健增长，高质量发展卓见成效,点评,一般报告,银河证券,程培,2023Q4,3655445.0,,1325297.0,1162395.0,9.59,28.16,,30.1,22.74,推荐,,
002422.SZ,科伦药业,20230831,科伦药业：输液板块稳定增长，三大板块向好共振,点评,首次关注,银河证券,程培,2025Q4,2559143.0,,395541.0,326371.0,2.21,12.36,,13.88,7.58,推荐,,
002422.SZ,科伦药业,20230831,科伦药业：输液板块稳定增长，三大板块向好共振,点评,首次关注,银河证券,程培,2024Q4,2367184.0,,341728.0,281968.0,1.91,14.31,,13.92,8.8,推荐,,
002422.SZ,科伦药业,20230831,科伦药业：输液板块稳定增长，三大板块向好共振,点评,首次关注,银河证券,程培,2023Q4,2166725.0,,286199.0,236149.0,1.6,17.08,,13.54,10.32,推荐,,
000050.SZ,深天马A,20230831,深天马A：显示行业底部持续调整，看好AMOLED＋车载中长期增量贡献,点评,一般报告,长城证券,邹兰兰,2025Q4,3650200.0,,259800.0,181900.0,0.74,11.4,,6.0,5.5,增持,,
000050.SZ,深天马A,20230831,深天马A：显示行业底部持续调整，看好AMOLED＋车载中长期增量贡献,点评,一般报告,长城证券,邹兰兰,2024Q4,3303300.0,,95800.0,67000.0,0.27,31.0,,2.3,8.9,增持,,
000050.SZ,深天马A,20230831,深天马A：显示行业底部持续调整，看好AMOLED＋车载中长期增量贡献,点评,一般报告,长城证券,邹兰兰,2023Q4,3035300.0,,-307200.0,-204300.0,-0.83,,,-7.6,65.4,增持,,
688516.SH,奥特维,20230831,奥特维2023中报点评：在手订单充足，平台化布局全面加速,点评,一般报告,国海证券,"姚健,杜先康",2025Q4,1058200.0,,252500.0,202100.0,13.05,12.89,,29.0,8.87,买入,,
688516.SH,奥特维,20230831,奥特维2023中报点评：在手订单充足，平台化布局全面加速,点评,一般报告,国海证券,"姚健,杜先康",2024Q4,831800.0,,201900.0,161600.0,10.44,16.13,,33.0,11.71,买入,,
688516.SH,奥特维,20230831,奥特维2023中报点评：在手订单充足，平台化布局全面加速,点评,一般报告,国海证券,"姚健,杜先康",2023Q4,586500.0,,144400.0,115600.0,7.47,22.54,,35.0,17.18,买入,,
603233.SH,大参林,20230831,大参林：业绩符合预期，积极承接处方外流,点评,一般报告,中泰证券,"祝嘉琦,孙宇瑶",2025Q4,3752512.0,,272400.0,201394.0,1.77,19.47,,21.59,10.0,买入,,
603233.SH,大参林,20230831,大参林：业绩符合预期，积极承接处方外流,点评,一般报告,中泰证券,"祝嘉琦,孙宇瑶",2024Q4,3106533.0,,225100.0,166737.0,1.46,23.51,,20.67,11.0,买入,,
603233.SH,大参林,20230831,大参林：业绩符合预期，积极承接处方外流,点评,一般报告,中泰证券,"祝嘉琦,孙宇瑶",2023Q4,2486260.0,,176600.0,130852.0,1.15,29.96,,18.73,14.0,买入,,
600760.SH,中航沈飞,20230831,中航沈飞2023半年报点评：2023H1归母净利润同比＋33.5％，战机龙头经营向好,点评,一般报告,光大证券,"刘宇辰,王凯,杨硕",2025Q4,7043394.0,,506000.0,447538.0,1.62,27.0,1.2,21.46,20.2,买入,,
600760.SH,中航沈飞,20230831,中航沈飞2023半年报点评：2023H1归母净利润同比＋33.5％，战机龙头经营向好,点评,一般报告,光大证券,"刘宇辰,王凯,杨硕",2024Q4,5731675.0,,413300.0,365419.0,1.33,34.0,1.0,20.74,24.1,买入,,
600760.SH,中航沈飞,20230831,中航沈飞2023半年报点评：2023H1归母净利润同比＋33.5％，战机龙头经营向好,点评,一般报告,光大证券,"刘宇辰,王凯,杨硕",2023Q4,4780647.0,,328500.0,290288.0,1.05,42.0,0.8,19.41,32.1,买入,,
300408.SZ,三环集团,20230831,三环集团：Q2盈利能力环比改善，5G＋车电布局打开长线空间,点评,一般报告,长城证券,邹兰兰,2025Q4,1035100.0,,362300.0,321900.0,1.68,17.4,,13.8,10.8,增持,,
300408.SZ,三环集团,20230831,三环集团：Q2盈利能力环比改善，5G＋车电布局打开长线空间,点评,一般报告,长城证券,邹兰兰,2024Q4,831300.0,,289800.0,256400.0,1.34,21.8,,12.4,13.6,增持,,
300408.SZ,三环集团,20230831,三环集团：Q2盈利能力环比改善，5G＋车电布局打开长线空间,点评,一般报告,长城证券,邹兰兰,2023Q4,651300.0,,228500.0,200600.0,1.05,27.9,,10.8,17.6,增持,,
300223.SZ,北京君正,20230831,北京君正：Q2收入率先回暖，23H2有望逐步向上,点评,一般报告,中泰证券,"王芳,杨旭,张琼",2025Q4,689100.0,,148300.0,135300.0,2.81,26.3,,9.8,48.0,买入,,
300223.SZ,北京君正,20230831,北京君正：Q2收入率先回暖，23H2有望逐步向上,点评,一般报告,中泰证券,"王芳,杨旭,张琼",2024Q4,556900.0,,93300.0,85100.0,1.77,41.8,,6.8,77.0,买入,,
300223.SZ,北京君正,20230831,北京君正：Q2收入率先回暖，23H2有望逐步向上,点评,一般报告,中泰证券,"王芳,杨旭,张琼",2023Q4,496800.0,,60600.0,55200.0,1.15,64.4,,4.7,123.0,买入,,
002993.SZ,奥海科技,20230831,奥海科技：23H1增长动能切换，非手机业务快速增长,点评,一般报告,中泰证券,"王芳,张琼",2025Q4,982700.0,,122700.0,100600.0,3.64,9.9,,14.3,85.0,买入,,
002993.SZ,奥海科技,20230831,奥海科技：23H1增长动能切换，非手机业务快速增长,点评,一般报告,中泰证券,"王芳,张琼",2024Q4,785900.0,,95100.0,80200.0,2.9,12.4,,13.4,112.0,买入,,
002993.SZ,奥海科技,20230831,奥海科技：23H1增长动能切换，非手机业务快速增长,点评,一般报告,中泰证券,"王芳,张琼",2023Q4,596900.0,,69200.0,60000.0,2.17,16.6,,11.5,155.0,买入,,
002438.SZ,江苏神通,20230831,江苏神通2023年中报点评：核电业务改善，新业务带来新机遇,一般,首次评级,中航证券,"梁晨,张超,王绮文",2025Q4,365954.0,,47937.0,42621.0,0.84,12.54,,,,买入,,
002438.SZ,江苏神通,20230831,江苏神通2023年中报点评：核电业务改善，新业务带来新机遇,一般,首次评级,中航证券,"梁晨,张超,王绮文",2024Q4,294981.0,,38068.0,33847.0,0.67,15.72,,,,买入,,
002438.SZ,江苏神通,20230831,江苏神通2023年中报点评：核电业务改善，新业务带来新机遇,一般,首次评级,中航证券,"梁晨,张超,王绮文",2023Q4,239084.0,,30926.0,27497.0,0.54,19.5,,,,买入,,
000830.SZ,鲁西化工,20230831,鲁西化工2023中报点评：子公司安全事故拖累Q2业绩，多产品价格上涨看好业绩修复,一般,首次评级,国海证券,"李永磊,董伯骏,李娟廷",2025Q4,3550900.0,,426200.0,353700.0,1.84,5.52,,14.0,3.75,买入,,
000830.SZ,鲁西化工,20230831,鲁西化工2023中报点评：子公司安全事故拖累Q2业绩，多产品价格上涨看好业绩修复,一般,首次评级,国海证券,"李永磊,董伯骏,李娟廷",2024Q4,3159400.0,,297300.0,249700.0,1.3,7.82,,12.0,4.93,买入,,
000830.SZ,鲁西化工,20230831,鲁西化工2023中报点评：子公司安全事故拖累Q2业绩，多产品价格上涨看好业绩修复,一般,首次评级,国海证券,"李永磊,董伯骏,李娟廷",2023Q4,2317600.0,,123600.0,105100.0,0.55,18.58,,6.0,7.68,买入,,
601225.SH,陕西煤业,20230831,陕西煤业：产销同增主业经营稳健，Q2售价下行及非经常损益影响业绩,点评,一般报告,山西证券,"胡博,刘贵军",2025Q4,17312600.0,,5108500.0,2889900.0,2.98,5.6,,20.2,1.6,增持,,
601225.SH,陕西煤业,20230831,陕西煤业：产销同增主业经营稳健，Q2售价下行及非经常损益影响业绩,点评,一般报告,山西证券,"胡博,刘贵军",2024Q4,17124600.0,,4911300.0,2790200.0,2.88,5.8,,22.5,2.2,增持,,
601225.SH,陕西煤业,20230831,陕西煤业：产销同增主业经营稳健，Q2售价下行及非经常损益影响业绩,点评,一般报告,山西证券,"胡博,刘贵军",2023Q4,16887400.0,,4210300.0,2394600.0,2.47,6.8,,23.0,2.8,增持,,
600502.SH,安徽建工,20230831,安徽建工2023年半年度报告点评：23H1经营性现金流5年首次回正，有望受益城中村改造和化债政策、新型业务发展提速,点评,一般报告,中泰证券,耿鹏智,2025Q4,13273200.0,,416500.0,251300.0,1.46,3.55,,8.09,435.0,买入,,
600502.SH,安徽建工,20230831,安徽建工2023年半年度报告点评：23H1经营性现金流5年首次回正，有望受益城中村改造和化债政策、新型业务发展提速,点评,一般报告,中泰证券,耿鹏智,2024Q4,11061700.0,,341200.0,204700.0,1.19,4.36,,7.34,507.0,买入,,
600502.SH,安徽建工,20230831,安徽建工2023年半年度报告点评：23H1经营性现金流5年首次回正，有望受益城中村改造和化债政策、新型业务发展提速,点评,一般报告,中泰证券,耿鹏智,2023Q4,9331500.0,,274600.0,167800.0,0.98,5.32,,6.63,599.0,买入,,
301239.SZ,普瑞眼科,20230831,普瑞眼科：业绩弹性释放，基础眼病表现亮眼,点评,一般报告,申万宏源证券,"余玉君,陈田甜",2025Q4,437800.0,189000.0,56800.0,40300.0,2.69,40.0,,13.3,,买入,,
301239.SZ,普瑞眼科,20230831,普瑞眼科：业绩弹性释放，基础眼病表现亮眼,点评,一般报告,申万宏源证券,"余玉君,陈田甜",2024Q4,337600.0,144600.0,40800.0,29400.0,1.96,55.0,,11.2,,买入,,
301239.SZ,普瑞眼科,20230831,普瑞眼科：业绩弹性释放，基础眼病表现亮眼,点评,一般报告,申万宏源证券,"余玉君,陈田甜",2023Q4,252400.0,107500.0,33500.0,26200.0,1.75,62.0,,11.3,,买入,,
002601.SZ,龙佰集团,20230831,龙佰集团2023中报点评：二季度业绩环比改善，一体化龙头未来可期,一般,一般报告,国海证券,"李永磊,董伯骏,汤永俊",2025Q4,4523600.0,,630500.0,522700.0,2.19,8.29,,17.0,4.77,买入,,
002601.SZ,龙佰集团,20230831,龙佰集团2023中报点评：二季度业绩环比改善，一体化龙头未来可期,一般,一般报告,国海证券,"李永磊,董伯骏,汤永俊",2024Q4,3434300.0,,486300.0,408500.0,1.71,10.6,,16.0,6.46,买入,,
002601.SZ,龙佰集团,20230831,龙佰集团2023中报点评：二季度业绩环比改善，一体化龙头未来可期,一般,一般报告,国海证券,"李永磊,董伯骏,汤永俊",2023Q4,2669700.0,,340800.0,283900.0,1.19,15.26,,13.0,7.89,买入,,
603939.SH,益丰药房,20230831,益丰药房：业绩恢复常态化增长，坚持区域聚焦战略,点评,一般报告,中泰证券,"祝嘉琦,孙宇瑶",2025Q4,3521900.0,,319100.0,215100.0,2.13,17.2,,14.6,68.0,买入,,
603939.SH,益丰药房,20230831,益丰药房：业绩恢复常态化增长，坚持区域聚焦战略,点评,一般报告,中泰证券,"祝嘉琦,孙宇瑶",2024Q4,2956500.0,,262700.0,177100.0,1.75,20.9,,14.2,83.0,买入,,
603939.SH,益丰药房,20230831,益丰药房：业绩恢复常态化增长，坚持区域聚焦战略,点评,一般报告,中泰证券,"祝嘉琦,孙宇瑶",2023Q4,2442000.0,,213600.0,144000.0,1.43,25.8,,13.6,101.0,买入,,
603719.SH,良品铺子,20230831,良品铺子：业绩承压，期待改善,点评,一般报告,中泰证券,"范劲松,晏诗雨,熊欣慰",2025Q4,1288700.0,,67300.0,51600.0,1.29,18.2,,15.1,129.0,增持,,
603719.SH,良品铺子,20230831,良品铺子：业绩承压，期待改善,点评,一般报告,中泰证券,"范劲松,晏诗雨,熊欣慰",2024Q4,1118800.0,,53600.0,41100.0,1.03,22.8,,13.7,159.0,增持,,
603719.SH,良品铺子,20230831,良品铺子：业绩承压，期待改善,点评,一般报告,中泰证券,"范劲松,晏诗雨,熊欣慰",2023Q4,997400.0,,45600.0,35000.0,0.87,26.8,,13.1,187.0,增持,,
000999.SZ,华润三九,20230831,华润三九2023年半年报点评报告：CHC业务高速增长，内生业务保持良好势头,点评,一般报告,国海证券,"周小刚,年庆功",2025Q4,3803800.0,,487500.0,406100.0,4.11,11.58,,16.0,7.23,买入,,
000999.SZ,华润三九,20230831,华润三九2023年半年报点评报告：CHC业务高速增长，内生业务保持良好势头,点评,一般报告,国海证券,"周小刚,年庆功",2024Q4,3353800.0,,422300.0,351800.0,3.56,13.37,,16.0,8.64,买入,,
000999.SZ,华润三九,20230831,华润三九2023年半年报点评报告：CHC业务高速增长，内生业务保持良好势头,点评,一般报告,国海证券,"周小刚,年庆功",2023Q4,2953100.0,,364400.0,303600.0,3.07,15.49,,16.0,10.49,买入,,
300973.SZ,立高食品,20230831,立高食品2023年半年报点评：利润超市场预期，内部改革效果显现,点评,一般报告,西部证券,陈腾曦,2025Q4,545100.0,,61800.0,50100.0,2.96,23.7,,16.6,,买入,,
300973.SZ,立高食品,20230831,立高食品2023年半年报点评：利润超市场预期，内部改革效果显现,点评,一般报告,西部证券,陈腾曦,2024Q4,447000.0,,46900.0,38000.0,2.24,31.2,,14.7,,买入,,
300973.SZ,立高食品,20230831,立高食品2023年半年报点评：利润超市场预期，内部改革效果显现,点评,一般报告,西部证券,陈腾曦,2023Q4,362600.0,,32900.0,26500.0,1.57,44.7,,11.8,,买入,,
688186.SH,广大特材,20230831,广大特材：Q2业绩短期承压，高端产能逐步释放,点评,一般报告,华金证券,"张文臣,周涛,申文雯",2025Q4,777900.0,,68000.0,60000.0,2.8,7.7,,12.4,7.8,买入,,
688186.SH,广大特材,20230831,广大特材：Q2业绩短期承压，高端产能逐步释放,点评,一般报告,华金证券,"张文臣,周涛,申文雯",2024Q4,565900.0,,47500.0,41800.0,1.95,11.1,,9.7,9.2,买入,,
688186.SH,广大特材,20230831,广大特材：Q2业绩短期承压，高端产能逐步释放,点评,一般报告,华金证券,"张文臣,周涛,申文雯",2023Q4,438200.0,,29600.0,25800.0,1.21,17.9,,6.5,12.5,买入,,
688066.SH,航天宏图,20230831,航天宏图：下游景气带动经营提质，AI数据要素赋予潜力,点评,一般报告,华安证券,"尹沿技,王奇珏,邓承佯,傅晓烺",2025Q4,591300.0,,81500.0,78800.0,3.02,,,17.2,17.93,买入,,
688066.SH,航天宏图,20230831,航天宏图：下游景气带动经营提质，AI数据要素赋予潜力,点评,一般报告,华安证券,"尹沿技,王奇珏,邓承佯,傅晓烺",2024Q4,440600.0,,65400.0,63300.0,2.42,,,16.7,21.21,买入,,
688066.SH,航天宏图,20230831,航天宏图：下游景气带动经营提质，AI数据要素赋予潜力,点评,一般报告,华安证券,"尹沿技,王奇珏,邓承佯,傅晓烺",2023Q4,328700.0,,46400.0,44900.0,1.72,,,14.2,27.83,买入,,
601398.SH,工商银行,20230831,工商银行2023年半年报点评：利润增速回升,点评,一般报告,浙商证券,"梁凤洁,邱冠华,陈建宇",2025Q4,103176000.0,,45686700.0,39979700.0,1.122,4.28,7.01,10.14,,买入,,5.38
601398.SH,工商银行,20230831,工商银行2023年半年报点评：利润增速回升,点评,一般报告,浙商证券,"梁凤洁,邱冠华,陈建宇",2024Q4,97123100.0,,43800100.0,37457700.0,1.051,4.58,6.55,10.19,,买入,,5.38
601398.SH,工商银行,20230831,工商银行2023年半年报点评：利润增速回升,点评,一般报告,浙商证券,"梁凤洁,邱冠华,陈建宇",2023Q4,91797900.0,,43179700.0,36686500.0,1.029,4.68,6.41,10.76,,买入,,5.38
002126.SZ,银轮股份,20230831,银轮股份：业绩大幅增长，第三曲线及国际化业务开始提速,点评,首次评级,山西证券,"林帆,张子峰",2025Q4,1550000.0,,136900.0,107600.0,1.34,14.0,,15.6,8.2,买入,,
002126.SZ,银轮股份,20230831,银轮股份：业绩大幅增长，第三曲线及国际化业务开始提速,点评,首次评级,山西证券,"林帆,张子峰",2024Q4,1322000.0,,104800.0,82600.0,1.03,18.2,,14.0,10.6,买入,,
002126.SZ,银轮股份,20230831,银轮股份：业绩大幅增长，第三曲线及国际化业务开始提速,点评,首次评级,山西证券,"林帆,张子峰",2023Q4,1102000.0,,79700.0,62500.0,0.78,24.1,,12.3,13.8,买入,,
002019.SZ,亿帆医药,20230831,亿帆医药：Q2业绩改善明显，期待创新产品快速放量,点评,首次评级,银河证券,程培,2025Q4,626698.0,,81778.0,97316.0,0.79,16.52,,8.95,15.13,推荐,,
002019.SZ,亿帆医药,20230831,亿帆医药：Q2业绩改善明显，期待创新产品快速放量,点评,首次评级,银河证券,程培,2024Q4,522722.0,,58643.0,69785.0,0.57,23.03,,7.05,19.59,推荐,,
002019.SZ,亿帆医药,20230831,亿帆医药：Q2业绩改善明显，期待创新产品快速放量,点评,首次评级,银河证券,程培,2023Q4,432817.0,,27258.0,31292.0,0.26,51.36,,3.4,31.4,推荐,,
600999.SH,招商证券,20230831,招商证券2023年半年报点评：股基交易市占率稳步提升，自营投资盈利稳健,点评,一般报告,西部证券,罗钻辉,2025Q4,3046800.0,,1509900.0,1428600.0,1.64,8.65,,9.99,,买入,,
600999.SH,招商证券,20230831,招商证券2023年半年报点评：股基交易市占率稳步提升，自营投资盈利稳健,点评,一般报告,西部证券,罗钻辉,2024Q4,2671400.0,,1295200.0,1225500.0,1.41,10.08,,9.27,,买入,,
600999.SH,招商证券,20230831,招商证券2023年半年报点评：股基交易市占率稳步提升，自营投资盈利稳健,点评,一般报告,西部证券,罗钻辉,2023Q4,2334900.0,,1103800.0,1044300.0,1.2,11.83,,8.49,,买入,,
600989.SH,宝丰能源,20230831,宝丰能源中报点评：产品价格下跌业绩承压，新项目提供增长助力,点评,一般报告,中原证券,顾敏豪,2025Q4,3779100.0,,930400.0,809400.0,1.1,12.51,,15.91,8.32,增持,,
600989.SH,宝丰能源,20230831,宝丰能源中报点评：产品价格下跌业绩承压，新项目提供增长助力,点评,一般报告,中原证券,顾敏豪,2024Q4,3271300.0,,753200.0,655300.0,0.89,15.45,,14.96,10.35,增持,,
600989.SH,宝丰能源,20230831,宝丰能源中报点评：产品价格下跌业绩承压，新项目提供增长助力,点评,一般报告,中原证券,顾敏豪,2023Q4,2688600.0,,575900.0,501000.0,0.68,20.21,,13.23,13.26,增持,,
600600.SH,青岛啤酒,20230831,青岛啤酒：中高档增长稳健，成本端压力缓解,点评,一般报告,东北证券,"李强,阚磊",2025Q4,3995200.0,,832200.0,608700.0,4.46,21.17,2.12,16.86,,买入,,114.45
600600.SH,青岛啤酒,20230831,青岛啤酒：中高档增长稳健，成本端压力缓解,点评,一般报告,东北证券,"李强,阚磊",2024Q4,3723300.0,,719900.0,526600.0,3.86,24.47,1.91,16.52,,买入,,114.45
600600.SH,青岛啤酒,20230831,青岛啤酒：中高档增长稳健，成本端压力缓解,点评,一般报告,东北证券,"李强,阚磊",2023Q4,3496100.0,,609700.0,446000.0,3.27,28.89,1.91,15.77,,买入,,114.45
600406.SH,国电南瑞,20230831,国电南瑞：业绩稳健增长，积极开拓网外业务,一般,一般报告,招商证券,"游家训,刘巍",2025Q4,7079100.0,,1224100.0,1000600.0,1.25,19.1,,16.9,15.6,强烈推荐,28.0,26.0
600406.SH,国电南瑞,20230831,国电南瑞：业绩稳健增长，积极开拓网外业务,一般,一般报告,招商证券,"游家训,刘巍",2024Q4,6199300.0,,1060300.0,866700.0,1.08,22.1,,16.5,17.9,强烈推荐,28.0,26.0
600406.SH,国电南瑞,20230831,国电南瑞：业绩稳健增长，积极开拓网外业务,一般,一般报告,招商证券,"游家训,刘巍",2023Q4,5411300.0,,910900.0,744600.0,0.93,25.7,,16.2,20.6,强烈推荐,28.0,26.0
300866.SZ,安克创新,20230831,安克创新：核心品类持续发力，盈利能力提升明显,点评,一般报告,申万宏源证券,"王立平,刘佩",2025Q4,2370900.0,1013700.0,248000.0,223000.0,5.49,15.0,,17.7,,买入,,
300866.SZ,安克创新,20230831,安克创新：核心品类持续发力，盈利能力提升明显,点评,一般报告,申万宏源证券,"王立平,刘佩",2024Q4,2048000.0,875400.0,212000.0,190900.0,4.7,17.0,,18.4,,买入,,
300866.SZ,安克创新,20230831,安克创新：核心品类持续发力，盈利能力提升明显,点评,一般报告,申万宏源证券,"王立平,刘佩",2023Q4,1733800.0,744400.0,179300.0,161500.0,3.97,21.0,,19.1,,买入,,
002572.SZ,索菲亚,20230831,索菲亚2023年中报点评：23Q2利润增长超预期，生产效率提升带动盈利修复，零售增长稳健,点评,一般报告,申万宏源证券,"屠亦婷,周海晨,黄莎,庞盈盈,张海涛",2025Q4,1836600.0,581900.0,224100.0,183400.0,2.01,10.0,,17.3,,买入,,
002572.SZ,索菲亚,20230831,索菲亚2023年中报点评：23Q2利润增长超预期，生产效率提升带动盈利修复，零售增长稳健,点评,一般报告,申万宏源证券,"屠亦婷,周海晨,黄莎,庞盈盈,张海涛",2024Q4,1551100.0,497700.0,194600.0,159100.0,1.74,11.0,,18.2,,买入,,
002572.SZ,索菲亚,20230831,索菲亚2023年中报点评：23Q2利润增长超预期，生产效率提升带动盈利修复，零售增长稳健,点评,一般报告,申万宏源证券,"屠亦婷,周海晨,黄莎,庞盈盈,张海涛",2023Q4,1300000.0,425200.0,166400.0,135000.0,1.48,13.0,,18.9,,买入,,
002340.SZ,格林美,20230831,格林美：钴业务拖累业绩，青美邦项目成功达产,点评,一般报告,招商证券,"刘文平,赖如川,刘伟洁,贾宏坤",2025Q4,4666800.0,,403000.0,259000.0,0.5,12.4,,11.5,9.1,强烈推荐,,
002340.SZ,格林美,20230831,格林美：钴业务拖累业绩，青美邦项目成功达产,点评,一般报告,招商证券,"刘文平,赖如川,刘伟洁,贾宏坤",2024Q4,4074000.0,,330400.0,212500.0,0.41,15.1,,10.4,10.7,强烈推荐,,
002340.SZ,格林美,20230831,格林美：钴业务拖累业绩，青美邦项目成功达产,点评,一般报告,招商证券,"刘文平,赖如川,刘伟洁,贾宏坤",2023Q4,3533100.0,,204700.0,132000.0,0.26,24.4,,6.9,15.1,强烈推荐,,
601169.SH,北京银行,20230831,北京银行：零售转型成效显著，投资收入贡献增加,点评,一般报告,银河证券,张一纬,,,,,,,,,,,推荐,,
300616.SZ,尚品宅配,20230831,尚品宅配2023中报业绩点评：二季度费用控制显成效，期待随心选助力重回正轨,点评,首份报告,光大证券,"姜浩,聂博雅,吴子倩",2025Q4,720600.0,,28700.0,24300.0,1.23,16.0,1.3,5.93,8.5,买入,,
300616.SZ,尚品宅配,20230831,尚品宅配2023中报业绩点评：二季度费用控制显成效，期待随心选助力重回正轨,点评,首份报告,光大证券,"姜浩,聂博雅,吴子倩",2024Q4,646900.0,,24200.0,20400.0,1.03,19.0,1.1,5.25,9.1,买入,,
300616.SZ,尚品宅配,20230831,尚品宅配2023中报业绩点评：二季度费用控制显成效，期待随心选助力重回正轨,点评,首份报告,光大证券,"姜浩,聂博雅,吴子倩",2023Q4,566500.0,,19900.0,17000.0,0.86,23.0,0.9,4.56,9.6,买入,,
603136.SH,天目湖,20230831,天目湖：全渠道持续发力，国资协同赋能外延发展,点评,一般报告,申万宏源证券,"赵令伊,杨光",2025Q4,95100.0,56100.0,39400.0,25200.0,1.35,18.0,,15.0,,增持,,
603136.SH,天目湖,20230831,天目湖：全渠道持续发力，国资协同赋能外延发展,点评,一般报告,申万宏源证券,"赵令伊,杨光",2024Q4,82100.0,48300.0,32300.0,20600.0,1.11,21.0,,14.5,,增持,,
603136.SH,天目湖,20230831,天目湖：全渠道持续发力，国资协同赋能外延发展,点评,一般报告,申万宏源证券,"赵令伊,杨光",2023Q4,64700.0,37500.0,24200.0,15500.0,0.83,29.0,,12.7,,增持,,
600597.SH,光明乳业,20230831,光明乳业2023年中报点评：收入短期承压，利润表现良好,点评,一般报告,光大证券,"叶倩瑜,陈彦彤,杨哲,李嘉祺,董博文",2025Q4,3634500.0,,120900.0,91900.0,0.67,16.0,1.9,9.35,8.1,增持,,
600597.SH,光明乳业,20230831,光明乳业2023年中报点评：收入短期承压，利润表现良好,点评,一般报告,光大证券,"叶倩瑜,陈彦彤,杨哲,李嘉祺,董博文",2024Q4,3307500.0,,102900.0,77800.0,0.56,19.0,1.6,8.51,9.2,增持,,
600597.SH,光明乳业,20230831,光明乳业2023年中报点评：收入短期承压，利润表现良好,点评,一般报告,光大证券,"叶倩瑜,陈彦彤,杨哲,李嘉祺,董博文",2023Q4,2995400.0,,89300.0,67100.0,0.49,21.0,1.4,7.84,10.1,增持,,
688169.SH,石头科技,20230831,石头科技：Q2营收业绩增长超预期,点评,一般报告,中邮证券,"肖垚,熊婉婷",2025Q4,1192900.0,,271000.0,237848.0,18.12,16.2,,15.4,8.64,增持,,
688169.SH,石头科技,20230831,石头科技：Q2营收业绩增长超预期,点评,一般报告,中邮证券,"肖垚,熊婉婷",2024Q4,1004700.0,,227700.0,199852.0,15.22,19.28,,15.3,11.49,增持,,
688169.SH,石头科技,20230831,石头科技：Q2营收业绩增长超预期,点评,一般报告,中邮证券,"肖垚,熊婉婷",2023Q4,826400.0,,177500.0,155828.0,11.87,24.72,,14.1,16.26,增持,,
600383.SH,金地集团,20230831,金地集团：收入增长业绩下滑，投资审慎土储充沛－－2023年中报点评,点评,一般报告,银河证券,胡孝宇,2025Q4,11675608.0,,1274490.0,645567.0,1.43,5.04,,7.81,7.64,推荐,,
600383.SH,金地集团,20230831,金地集团：收入增长业绩下滑，投资审慎土储充沛－－2023年中报点评,点评,一般报告,银河证券,胡孝宇,2024Q4,11088582.0,,1133215.0,598315.0,1.33,5.43,,7.85,8.65,推荐,,
600383.SH,金地集团,20230831,金地集团：收入增长业绩下滑，投资审慎土储充沛－－2023年中报点评,点评,一般报告,银河证券,胡孝宇,2023Q4,11048695.0,,1077671.0,566572.0,1.25,5.74,,8.08,8.92,推荐,,
002074.SZ,国轩高科,20230831,国轩高科2023年半年报点评：海外及储能营收占比提升，扣非净利润转正,点评,一般报告,光大证券,"殷中枢,陈无忌,吕昊",2025Q4,6719800.0,,287400.0,259700.0,1.46,17.0,0.0,8.96,10.3,买入,,
002074.SZ,国轩高科,20230831,国轩高科2023年半年报点评：海外及储能营收占比提升，扣非净利润转正,点评,一般报告,光大证券,"殷中枢,陈无忌,吕昊",2024Q4,5064900.0,,173100.0,156900.0,0.88,28.0,0.0,5.92,12.2,买入,,
002074.SZ,国轩高科,20230831,国轩高科2023年半年报点评：海外及储能营收占比提升，扣非净利润转正,点评,一般报告,光大证券,"殷中枢,陈无忌,吕昊",2023Q4,3988300.0,,124200.0,112800.0,0.63,38.0,0.0,4.53,16.0,买入,,
000651.SZ,格力电器,20230831,格力电器：毛利率大幅改善，Q2业绩表现靓丽,点评,首份报告,银河证券,杨策,2025Q4,25806682.0,,3684173.0,3137368.0,5.57,6.42,,16.93,1.29,推荐,,
000651.SZ,格力电器,20230831,格力电器：毛利率大幅改善，Q2业绩表现靓丽,点评,首份报告,银河证券,杨策,2024Q4,23545710.0,,3449870.0,2937840.0,5.22,6.86,,19.11,2.25,推荐,,
000651.SZ,格力电器,20230831,格力电器：毛利率大幅改善，Q2业绩表现靓丽,点评,首份报告,银河证券,杨策,2023Q4,21397802.0,,3161007.0,2691851.0,4.78,7.49,,21.69,3.29,推荐,,
688599.SH,天合光能,20230831,天合光能：2023H1盈利水平提升亮眼，公司加快N型产业链一体化布局,点评,一般报告,海通国际证券,杨斌,2025Q4,17909500.0,,1427100.0,1265200.0,5.82,6.0,,0.24,,优于大市,,54.88
688599.SH,天合光能,20230831,天合光能：2023H1盈利水平提升亮眼，公司加快N型产业链一体化布局,点评,一般报告,海通国际证券,杨斌,2024Q4,14748200.0,,1138500.0,1009400.0,4.64,7.0,,0.244,,优于大市,,54.88
688599.SH,天合光能,20230831,天合光能：2023H1盈利水平提升亮眼，公司加快N型产业链一体化布局,点评,一般报告,海通国际证券,杨斌,2023Q4,11994400.0,,841300.0,745900.0,3.43,10.0,,0.229,,优于大市,,54.88
600690.SH,海尔智家,20230831,海尔智家：海外增长亮眼，国内高端化升级持续推进,点评,一般报告,中邮证券,"肖垚,熊婉婷",2025Q4,31760400.0,,2587800.0,2092483.0,2.22,10.58,,14.4,4.65,增持,,
600690.SH,海尔智家,20230831,海尔智家：海外增长亮眼，国内高端化升级持续推进,点评,一般报告,中邮证券,"肖垚,熊婉婷",2024Q4,28837600.0,,2289400.0,1855853.0,1.97,11.93,,14.9,5.88,增持,,
600690.SH,海尔智家,20230831,海尔智家：海外增长亮眼，国内高端化升级持续推进,点评,一般报告,中邮证券,"肖垚,熊婉婷",2023Q4,26192400.0,,2192900.0,1746313.0,1.85,12.67,,16.5,6.88,增持,,
600150.SH,中国船舶,20230831,中国船舶：上半年民船新签订单快速增长，量价齐增逻辑演绎,点评,一般报告,招商证券,"胡小禹,吴洋,朱艺晴",2025Q4,7766500.0,,1261300.0,1106900.0,2.47,11.5,,19.2,14.2,强烈推荐,,
600150.SH,中国船舶,20230831,中国船舶：上半年民船新签订单快速增长，量价齐增逻辑演绎,点评,一般报告,招商证券,"胡小禹,吴洋,朱艺晴",2024Q4,7087500.0,,805500.0,706900.0,1.58,18.0,,14.1,20.4,强烈推荐,,
600150.SH,中国船舶,20230831,中国船舶：上半年民船新签订单快速增长，量价齐增逻辑演绎,点评,一般报告,招商证券,"胡小禹,吴洋,朱艺晴",2023Q4,6138000.0,,120400.0,105700.0,0.24,120.1,,2.3,61.1,强烈推荐,,
002840.SZ,华统股份,20230831,华统股份：出栏如期高增，养殖成本下降,点评,一般报告,中邮证券,王琦,2025Q4,2176200.0,,99700.0,88946.0,1.45,10.0,,20.6,5.83,买入,,
002840.SZ,华统股份,20230831,华统股份：出栏如期高增，养殖成本下降,点评,一般报告,中邮证券,王琦,2024Q4,1770000.0,,71900.0,64190.0,1.05,13.85,,18.7,7.63,买入,,
002840.SZ,华统股份,20230831,华统股份：出栏如期高增，养殖成本下降,点评,一般报告,中邮证券,王琦,2023Q4,1244600.0,,8000.0,6980.0,0.1139,127.41,,2.5,15.17,买入,,
000333.SZ,美的集团,20230831,美的集团：营收增长稳健，盈利能力提升,点评,一般报告,中邮证券,"肖垚,熊婉婷",2025Q4,44950000.0,,4870000.0,4130900.0,5.88,9.66,,17.3,,增持,,
000333.SZ,美的集团,20230831,美的集团：营收增长稳健，盈利能力提升,点评,一般报告,中邮证券,"肖垚,熊婉婷",2024Q4,41200000.0,,4380000.0,3707400.0,5.28,10.76,,18.7,,增持,,
000333.SZ,美的集团,20230831,美的集团：营收增长稳健，盈利能力提升,点评,一般报告,中邮证券,"肖垚,熊婉婷",2023Q4,37520000.0,,3990000.0,3389300.0,4.83,11.77,,21.0,0.25,增持,,
688561.SH,奇安信,20230831,奇安信：毛利润同比扭亏，垂类模型推广顺利,点评,一般报告,华安证券,"尹沿技,王奇珏,傅晓烺",2025Q4,1218200.0,,73400.0,72600.0,1.06,,,6.3,35.73,买入,,
688561.SH,奇安信,20230831,奇安信：毛利润同比扭亏，垂类模型推广顺利,点评,一般报告,华安证券,"尹沿技,王奇珏,傅晓烺",2024Q4,1005500.0,,47600.0,47000.0,0.69,,,4.3,46.73,买入,,
688561.SH,奇安信,20230831,奇安信：毛利润同比扭亏，垂类模型推广顺利,点评,一般报告,华安证券,"尹沿技,王奇珏,傅晓烺",2023Q4,804300.0,,23400.0,23100.0,0.34,,,2.2,67.29,买入,,
603043.SH,广州酒家,20230831,广州酒家：积极推动省外渠道布局，多品类共促增长,点评,一般报告,中信建投,"刘乐文,陈如练,于佳琪",2025Q4,655881.0,,125597.0,100833.0,1.77,,,20.28,8.34,增持,,
603043.SH,广州酒家,20230831,广州酒家：积极推动省外渠道布局，多品类共促增长,点评,一般报告,中信建投,"刘乐文,陈如练,于佳琪",2024Q4,576124.0,,107082.0,85968.0,1.51,,,19.91,9.55,增持,,
603043.SH,广州酒家,20230831,广州酒家：积极推动省外渠道布局，多品类共促增长,点评,一般报告,中信建投,"刘乐文,陈如练,于佳琪",2023Q4,487765.0,,83197.0,67037.0,1.18,,,17.84,12.33,增持,,
600919.SH,江苏银行,20230831,江苏银行：扩表动能延续，金融投资收入增速亮眼,点评,一般报告,银河证券,张一纬,,,,,,,,,,,推荐,,
600446.SH,金证股份,20230831,金证股份：组织架构深化改革，信创、AI带来发展新机遇,点评,一般报告,太平洋证券,曹佩,2025Q4,1007570.0,,67670.0,60131.0,0.64,21.25,0.47,12.13,5.61,买入,,
600446.SH,金证股份,20230831,金证股份：组织架构深化改革，信创、AI带来发展新机遇,点评,一般报告,太平洋证券,曹佩,2024Q4,874853.0,,49663.0,44137.0,0.47,28.95,0.35,9.99,7.55,买入,,
600446.SH,金证股份,20230831,金证股份：组织架构深化改革，信创、AI带来发展新机遇,点评,一般报告,太平洋证券,曹佩,2023Q4,744682.0,,36767.0,32765.0,0.35,38.99,0.26,8.15,10.61,买入,,
600138.SH,中青旅,20230831,中青旅：景区稳步修复，多元业务向好,点评,一般报告,中信建投,"刘乐文,陈如练,于佳琪",2025Q4,1264697.0,,154693.0,83534.0,1.15,,,10.78,7.5,增持,,
600138.SH,中青旅,20230831,中青旅：景区稳步修复，多元业务向好,点评,一般报告,中信建投,"刘乐文,陈如练,于佳琪",2024Q4,1120952.0,,99797.0,53092.0,0.73,,,7.72,10.22,增持,,
600138.SH,中青旅,20230831,中青旅：景区稳步修复，多元业务向好,点评,一般报告,中信建投,"刘乐文,陈如练,于佳琪",2023Q4,924253.0,,56752.0,29216.0,0.4,,,4.62,14.1,增持,,
002129.SZ,TCL中环,20230831,TCL中环：2023H1业绩符合预期，产能产出双提升,点评,一般报告,海通国际证券,杨斌,2025Q4,11899300.0,,1680000.0,1437300.0,3.56,,,19.3,,优于大市,,36.12
002129.SZ,TCL中环,20230831,TCL中环：2023H1业绩符合预期，产能产出双提升,点评,一般报告,海通国际证券,杨斌,2024Q4,10484000.0,,1452200.0,1228600.0,3.04,,,20.8,,优于大市,,36.12
002129.SZ,TCL中环,20230831,TCL中环：2023H1业绩符合预期，产能产出双提升,点评,一般报告,海通国际证券,杨斌,2023Q4,9196500.0,,1215900.0,1043700.0,2.58,,,21.4,,优于大市,,36.12
688349.SH,三一重能,20230831,三一重能：Q2毛利率下滑拖累业绩，新增订单创新高,点评,首次关注,银河证券,"周然,黄林",2024Q4,2121900.0,,,273200.0,2.27,,,,,推荐,,
688349.SH,三一重能,20230831,三一重能：Q2毛利率下滑拖累业绩，新增订单创新高,点评,首次关注,银河证券,"周然,黄林",2023Q4,1627600.0,,,222200.0,1.84,,,,,推荐,,
601136.SH,首创证券,20230831,首创证券：持续巩固优势业务，发展道路稳中有进,点评,一般报告,太平洋证券,夏芈卬,2025Q4,312165.0,,,102037.0,0.37,65.84,,,,增持,,
601136.SH,首创证券,20230831,首创证券：持续巩固优势业务，发展道路稳中有进,点评,一般报告,太平洋证券,夏芈卬,2024Q4,277300.0,,,86803.0,0.32,77.4,,,,增持,,
601136.SH,首创证券,20230831,首创证券：持续巩固优势业务，发展道路稳中有进,点评,一般报告,太平洋证券,夏芈卬,2023Q4,246705.0,,,75042.0,0.27,89.53,,,,增持,,
600827.SH,百联股份,20230831,百联股份23H1半年报点评：三大业态全面恢复，超市＆联营亏损拖累Q2业绩,点评,一般报告,信达证券,"刘嘉仁,涂佳妮",,,,,,,,,,,无,,
600030.SH,中信证券,20230831,中信证券：投行、信用表现亮眼，看好杠杆提增空间,点评,一般报告,信达证券,"王舫朝,冉兆邦",,,,,,,,,,,无,,
600007.SH,中国国贸,20230831,China_World_Trade_Center：Termination_of_Coverage,点评,首份报告,海通国际证券,Jones Ku,,,,,,,,,,,OUTPERFORM,,22.35
301102.SZ,兆讯传媒,20230831,兆讯传媒中报点评：高铁站点再扩张，铁路客运恢复提升投放价值,点评,一般报告,中原证券,乔琪,2025Q4,97000.0,,41300.0,37500.0,1.29,17.29,,9.96,11.56,增持,,
301102.SZ,兆讯传媒,20230831,兆讯传媒中报点评：高铁站点再扩张，铁路客运恢复提升投放价值,点评,一般报告,中原证券,乔琪,2024Q4,81800.0,,33300.0,30200.0,1.04,21.44,,8.92,11.34,增持,,
301102.SZ,兆讯传媒,20230831,兆讯传媒中报点评：高铁站点再扩张，铁路客运恢复提升投放价值,点评,一般报告,中原证券,乔琪,2023Q4,65000.0,,23900.0,21700.0,0.75,29.84,,7.04,22.38,增持,,
300755.SZ,华致酒行,20230831,华致酒行：白酒渠道竞争加剧，持续推进精品酒产品结构完善,点评,首份报告,信达证券,"刘嘉仁,涂佳妮",,,,,,,,,,,无,,
300718.SZ,长盛轴承,20230831,长盛轴承：盈利能力高增，滚珠丝杠业务成为公司新亮点,点评,一般报告,中泰证券,"冯胜,齐向阳",2025Q4,220800.0,,44100.0,42800.0,1.43,,,18.3,48.0,买入,,
300718.SZ,长盛轴承,20230831,长盛轴承：盈利能力高增，滚珠丝杠业务成为公司新亮点,点评,一般报告,中泰证券,"冯胜,齐向阳",2024Q4,176200.0,,32000.0,31100.0,1.04,,,16.0,63.0,买入,,
300718.SZ,长盛轴承,20230831,长盛轴承：盈利能力高增，滚珠丝杠业务成为公司新亮点,点评,一般报告,中泰证券,"冯胜,齐向阳",2023Q4,141600.0,,26100.0,25300.0,0.85,,,15.1,73.0,买入,,
300002.SZ,神州泰岳,20230831,神州泰岳中报点评：营收利润双升，AI技术助创全线业务机遇,点评,首份报告,信达证券,冯翠婷,,,,,,,,,,,无,,
002558.SZ,巨人网络,20230831,巨人网络中报点评：二季度业绩超预期，三季度业绩有望高增,点评,首份报告,信达证券,冯翠婷,,,,,,,,,,,无,,
002074.SZ,国轩高科,20230831,国轩高科：产业链一体化布局加速，海外拓展表现亮眼,点评,一般报告,海通国际证券,杨斌,2025Q4,8588800.0,,413500.0,488500.0,2.75,,,15.1,9.4,优于大市,,40.95
002074.SZ,国轩高科,20230831,国轩高科：产业链一体化布局加速，海外拓展表现亮眼,点评,一般报告,海通国际证券,杨斌,2024Q4,6424700.0,,179200.0,207800.0,1.17,,,7.6,14.5,优于大市,,40.95
002074.SZ,国轩高科,20230831,国轩高科：产业链一体化布局加速，海外拓展表现亮眼,点评,一般报告,海通国际证券,杨斌,2023Q4,4266500.0,,155300.0,179600.0,1.01,,,7.1,16.5,优于大市,,40.95
000776.SZ,广发证券,20230831,广发证券：自营业绩改善，投资端改革或推动规模提升,点评,一般报告,信达证券,"王舫朝,冉兆邦",,,,,,,,,,,无,,
688127.SH,蓝特光学,20230831,蓝特光学：收入结构变化拖累1H23利润，关注2H23手机微棱镜业务放量,一般,一般报告,华泰证券,"黄乐平,陈旭东,王心怡,于可熠",2025Q4,145603.0,63200.0,29800.0,35395.0,0.88,19.37,,16.28,14.89,买入,,20.8
688127.SH,蓝特光学,20230831,蓝特光学：收入结构变化拖累1H23利润，关注2H23手机微棱镜业务放量,一般,一般报告,华泰证券,"黄乐平,陈旭东,王心怡,于可熠",2024Q4,117471.0,51000.0,23429.0,26017.0,0.65,26.35,,14.03,18.41,买入,,20.8
688127.SH,蓝特光学,20230831,蓝特光学：收入结构变化拖累1H23利润，关注2H23手机微棱镜业务放量,一般,一般报告,华泰证券,"黄乐平,陈旭东,王心怡,于可熠",2023Q4,69808.0,29200.0,13303.0,13923.0,0.35,49.24,,8.52,29.68,买入,,20.8
688019.SH,安集科技,20230831,安集科技：Q2业绩创新高，国产抛光液龙头替代加速,点评,一般报告,群益证券,费倩然,2025Q4,230100.0,,77500.0,68800.0,6.95,20.6,0.63,,,买进,,177.0
688019.SH,安集科技,20230831,安集科技：Q2业绩创新高，国产抛光液龙头替代加速,点评,一般报告,群益证券,费倩然,2024Q4,190000.0,,59500.0,52900.0,5.34,26.8,0.49,,,买进,,177.0
688019.SH,安集科技,20230831,安集科技：Q2业绩创新高，国产抛光液龙头替代加速,点评,一般报告,群益证券,费倩然,2023Q4,148700.0,,43900.0,39000.0,3.94,36.37,0.35,,,买进,,177.0
603355.SH,莱克电气,20230831,莱克电气：外销业务逐步回暖，Q2盈利能力大幅提升,点评,一般报告,中邮证券,"肖垚,熊婉婷",2025Q4,1276000.0,,143100.0,132518.0,2.31,11.51,,18.0,6.35,买入,,
603355.SH,莱克电气,20230831,莱克电气：外销业务逐步回暖，Q2盈利能力大幅提升,点评,一般报告,中邮证券,"肖垚,熊婉婷",2024Q4,1101100.0,,127200.0,118026.0,2.06,12.92,,19.5,7.98,买入,,
603355.SH,莱克电气,20230831,莱克电气：外销业务逐步回暖，Q2盈利能力大幅提升,点评,一般报告,中邮证券,"肖垚,熊婉婷",2023Q4,942000.0,,122200.0,113588.0,1.98,13.43,,23.3,10.44,买入,,
601882.SH,海天精工,20230831,海天精工：盈利能力持续提升，海外扩张加速,点评,一般报告,财通证券,"佘炜超,刘俊奇",2025Q4,534493.0,,101885.0,90678.0,1.74,17.53,0.0,22.33,12.6,增持,,
601882.SH,海天精工,20230831,海天精工：盈利能力持续提升，海外扩张加速,点评,一般报告,财通证券,"佘炜超,刘俊奇",2024Q4,446298.0,,83830.0,74609.0,1.43,21.3,0.0,23.65,16.7,增持,,
601882.SH,海天精工,20230831,海天精工：盈利能力持续提升，海外扩张加速,点评,一般报告,财通证券,"佘炜超,刘俊奇",2023Q4,372802.0,,68596.0,61051.0,1.17,26.04,0.6,25.35,20.2,增持,,
600808.SH,马钢股份,20230831,马钢股份：行业基本面承压，季度亏损环比扩大,点评,一般报告,华泰证券,王帅,2025Q4,9727000.0,,95600.0,124400.0,0.16,16.24,,4.02,12.24,持有,,2.4
600808.SH,马钢股份,20230831,马钢股份：行业基本面承压，季度亏损环比扩大,点评,一般报告,华泰证券,王帅,2024Q4,9727000.0,,50500.0,65700.0,0.0846,30.75,,2.2,11.09,持有,,2.4
600808.SH,马钢股份,20230831,马钢股份：行业基本面承压，季度亏损环比扩大,点评,一般报告,华泰证券,王帅,2023Q4,9894100.0,,37500.0,48800.0,0.0628,41.4,,1.66,14.25,持有,,2.4
600138.SH,中青旅,20230831,中青旅：各项业务稳步复苏，H1业绩顺利扭亏,点评,一般报告,群益证券,顾向君,2025Q4,1349500.0,,105900.0,68300.0,0.94,,0.76,,,买进,,15.0
600138.SH,中青旅,20230831,中青旅：各项业务稳步复苏，H1业绩顺利扭亏,点评,一般报告,群益证券,顾向君,2024Q4,1177200.0,,90000.0,55600.0,0.77,13.19,0.62,,,买进,,15.0
600138.SH,中青旅,20230831,中青旅：各项业务稳步复苏，H1业绩顺利扭亏,点评,一般报告,群益证券,顾向君,2023Q4,987600.0,,56600.0,35000.0,0.48,16.21,0.19,,,买进,,15.0
002518.SZ,科士达,20230831,科士达2023年半年度业绩点评：业绩符合预期，光储业务高速发展,点评,一般报告,光大证券,"殷中枢,郝骞,黄帅斌,和霖",2025Q4,1206900.0,,213200.0,179300.0,3.05,10.0,2.1,25.58,6.6,买入,,
002518.SZ,科士达,20230831,科士达2023年半年度业绩点评：业绩符合预期，光储业务高速发展,点评,一般报告,光大证券,"殷中枢,郝骞,黄帅斌,和霖",2024Q4,925800.0,,161600.0,135300.0,2.31,13.0,1.6,24.63,9.1,买入,,
002518.SZ,科士达,20230831,科士达2023年半年度业绩点评：业绩符合预期，光储业务高速发展,点评,一般报告,光大证券,"殷中枢,郝骞,黄帅斌,和霖",2023Q4,707100.0,,120300.0,100400.0,1.71,18.0,1.2,23.1,11.9,买入,,
002368.SZ,太极股份,20230831,太极股份：营收端持续承压，盈利能力快速提升,点评,一般报告,群益证券,何利超,2024Q4,1325300.0,,70700.0,62973.0,1.01,38.0,0.65,,,区间操作,,40.0
002368.SZ,太极股份,20230831,太极股份：营收端持续承压，盈利能力快速提升,点评,一般报告,群益证券,何利超,2023Q4,1163200.0,,57400.0,51137.0,0.82,47.0,0.65,,,区间操作,,40.0
000651.SZ,格力电器,20230831,格力电器：毛利率提升，合同负债大幅增长,点评,一般报告,群益证券,王睿哲,2025Q4,23150700.0,,3786400.0,3379300.0,6.0,5.85,11.39,,,买进,,42.0
000651.SZ,格力电器,20230831,格力电器：毛利率提升，合同负债大幅增长,点评,一般报告,群益证券,王睿哲,2024Q4,21974900.0,,3455600.0,3084100.0,5.48,6.41,10.64,,,买进,,42.0
000651.SZ,格力电器,20230831,格力电器：毛利率提升，合同负债大幅增长,点评,一般报告,群益证券,王睿哲,2023Q4,20649500.0,,3113900.0,2771700.0,4.92,7.14,9.85,,,买进,,42.0
000333.SZ,美的集团,20230831,美的集团：空调及机器人业务快速增长，23H1净利YOY＋14％,点评,一般报告,群益证券,王睿哲,2025Q4,45380500.0,,5109700.0,4256400.0,6.1,9.27,4.32,,,买进,,67.8
000333.SZ,美的集团,20230831,美的集团：空调及机器人业务快速增长，23H1净利YOY＋14％,点评,一般报告,群益证券,王睿哲,2024Q4,41599100.0,,4610800.0,3840800.0,5.5,10.27,3.89,,,买进,,67.8
000333.SZ,美的集团,20230831,美的集团：空调及机器人业务快速增长，23H1净利YOY＋14％,点评,一般报告,群益证券,王睿哲,2023Q4,38321700.0,,4174900.0,3459400.0,4.96,11.4,3.51,,,买进,,67.8
600837.SH,海通证券,20230831,海通证券：投资弹性显著，减值拖累业绩,点评,一般报告,华泰证券,"沈娟,汪煜,孙亦欣",2025Q4,3628900.0,,1143100.0,811300.0,0.62,16.39,,4.62,,买入,,12.89
600837.SH,海通证券,20230831,海通证券：投资弹性显著，减值拖累业绩,点评,一般报告,华泰证券,"沈娟,汪煜,孙亦欣",2024Q4,3361000.0,,973100.0,690600.0,0.53,19.26,,4.04,,买入,,12.89
600837.SH,海通证券,20230831,海通证券：投资弹性显著，减值拖累业绩,点评,一般报告,华泰证券,"沈娟,汪煜,孙亦欣",2023Q4,3037300.0,,757600.0,554000.0,0.42,24.01,,3.33,,买入,,12.89
600705.SH,中航产融,20230831,中航产融：信托主动转型，产融协同深化,点评,一般报告,华泰证券,"沈娟,汪煜,孙亦欣",2025Q4,1941300.0,,476200.0,281200.0,0.32,11.81,,6.86,,增持,,4.55
600705.SH,中航产融,20230831,中航产融：信托主动转型，产融协同深化,点评,一般报告,华泰证券,"沈娟,汪煜,孙亦欣",2024Q4,1854000.0,,433400.0,240300.0,0.27,13.82,,6.14,,增持,,4.55
600705.SH,中航产融,20230831,中航产融：信托主动转型，产融协同深化,点评,一般报告,华泰证券,"沈娟,汪煜,孙亦欣",2023Q4,1760600.0,,393900.0,200900.0,0.23,16.53,,5.34,,增持,,4.55
600199.SH,金种子酒,20230831,金种子酒：Q2业绩超预期，持续赋能长期价值不改,点评,一般报告,华西证券,寇星,2025Q4,323500.0,,33600.0,29400.0,0.45,55.46,,9.7,,买入,,
600199.SH,金种子酒,20230831,金种子酒：Q2业绩超预期，持续赋能长期价值不改,点评,一般报告,华西证券,寇星,2024Q4,242100.0,,17000.0,14900.0,0.23,109.67,,5.4,,买入,,
600199.SH,金种子酒,20230831,金种子酒：Q2业绩超预期，持续赋能长期价值不改,点评,一般报告,华西证券,寇星,2023Q4,173600.0,,5400.0,4700.0,0.07,343.74,,1.8,,买入,,
600109.SH,国金证券,20230831,国金证券：投资驱动增长，稳步推进回购,点评,一般报告,华泰证券,"沈娟,汪煜,孙亦欣",2025Q4,756400.0,,293200.0,204100.0,0.55,17.13,,5.8,,增持,,11.39
600109.SH,国金证券,20230831,国金证券：投资驱动增长，稳步推进回购,点评,一般报告,华泰证券,"沈娟,汪煜,孙亦欣",2024Q4,707800.0,,274300.0,191000.0,0.51,18.31,,5.71,,增持,,11.39
600109.SH,国金证券,20230831,国金证券：投资驱动增长，稳步推进回购,点评,一般报告,华泰证券,"沈娟,汪煜,孙亦欣",2023Q4,646400.0,,244100.0,169900.0,0.46,20.58,,5.33,,增持,,11.39
300567.SZ,精测电子,20230831,精测电子跟踪报告之二：半导体量测设备龙头，产品线不断完善,点评,一般报告,光大证券,"刘凯,于文龙",2025Q4,568600.0,,72100.0,61700.0,2.22,38.0,0.8,14.25,28.9,增持,,
300567.SZ,精测电子,20230831,精测电子跟踪报告之二：半导体量测设备龙头，产品线不断完善,点评,一般报告,光大证券,"刘凯,于文龙",2024Q4,444900.0,,54000.0,46200.0,1.66,50.0,0.6,11.99,38.1,增持,,
300567.SZ,精测电子,20230831,精测电子跟踪报告之二：半导体量测设备龙头，产品线不断完善,点评,一般报告,光大证券,"刘凯,于文龙",2023Q4,351000.0,,41400.0,35400.0,1.27,65.0,0.5,10.13,53.9,增持,,
000776.SZ,广发证券,20230831,广发证券：投资弹性延续，资管优势稳固,点评,一般报告,华泰证券,"沈娟,汪煜,孙亦欣",2025Q4,3239400.0,,1451100.0,1099300.0,1.44,10.44,,8.11,,买入,,24.74
000776.SZ,广发证券,20230831,广发证券：投资弹性延续，资管优势稳固,点评,一般报告,华泰证券,"沈娟,汪煜,孙亦欣",2024Q4,2917500.0,,1290100.0,977400.0,1.28,11.74,,7.58,,买入,,24.74
000776.SZ,广发证券,20230831,广发证券：投资弹性延续，资管优势稳固,点评,一般报告,华泰证券,"沈娟,汪煜,孙亦欣",2023Q4,2605400.0,,1124400.0,851800.0,1.12,13.47,,6.93,,买入,,24.74
688095.SH,福昕软件,20230831,福昕软件深度报告：“订阅＋渠道”双转型共振、AIGC赋能打造高效办公软件,深度,首次关注,信达证券,"庞倩倩,冯翠婷,刘旺",2025Q4,80177.0,76569.0,500.0,300.0,0.0328,2942.93,,0.1,318.53,买入,,
688095.SH,福昕软件,20230831,福昕软件深度报告：“订阅＋渠道”双转型共振、AIGC赋能打造高效办公软件,深度,首次关注,信达证券,"庞倩倩,冯翠婷,刘旺",2024Q4,65029.0,61777.0,-10600.0,-6600.0,-0.72,,,-2.6,,买入,,
688095.SH,福昕软件,20230831,福昕软件深度报告：“订阅＋渠道”双转型共振、AIGC赋能打造高效办公软件,深度,首次关注,信达证券,"庞倩倩,冯翠婷,刘旺",2023Q4,58821.0,55880.0,-9000.0,-5900.0,-0.64,,,-2.3,,买入,,
603565.SH,中谷物流,20230831,中谷物流：运价高位回落，下半年环比有望回升,点评,一般报告,华泰证券,"林珊,沈晓峰",2025Q4,1785900.0,,374400.0,279700.0,1.33,7.04,,23.74,3.13,买入,,12.3
603565.SH,中谷物流,20230831,中谷物流：运价高位回落，下半年环比有望回升,点评,一般报告,华泰证券,"林珊,沈晓峰",2024Q4,1566400.0,,310300.0,231800.0,1.1,8.49,,22.35,3.45,买入,,12.3
603565.SH,中谷物流,20230831,中谷物流：运价高位回落，下半年环比有望回升,点评,一般报告,华泰证券,"林珊,沈晓峰",2023Q4,1317300.0,,247900.0,185200.0,0.88,10.62,,20.21,4.92,买入,,12.3
601933.SH,永辉超市,20230831,永辉超市：盈利改善，上半年扭亏为盈,点评,一般报告,华泰证券,"林寰宇,张诗宇",2025Q4,10864800.0,,165900.0,140400.0,0.1547,20.81,,14.98,3.68,增持,,4.0
601933.SH,永辉超市,20230831,永辉超市：盈利改善，上半年扭亏为盈,点评,一般报告,华泰证券,"林寰宇,张诗宇",2024Q4,10298700.0,,103500.0,87603.0,0.0965,33.36,,10.51,4.75,增持,,4.0
601933.SH,永辉超市,20230831,永辉超市：盈利改善，上半年扭亏为盈,点评,一般报告,华泰证券,"林寰宇,张诗宇",2023Q4,9661500.0,,56474.0,47800.0,0.0527,61.13,,6.2,6.05,增持,,4.0
600795.SH,国电电力,20230831,国电电力：煤电盈利水平优异，派发中期股息,点评,一般报告,华泰证券,"王玮嘉,黄波,李雅琳,胡知",2025Q4,21044700.0,,2592700.0,895100.0,0.5,6.66,,15.26,11.29,买入,,4.94
600795.SH,国电电力,20230831,国电电力：煤电盈利水平优异，派发中期股息,点评,一般报告,华泰证券,"王玮嘉,黄波,李雅琳,胡知",2024Q4,19952300.0,,2142900.0,746600.0,0.42,7.98,,14.21,10.13,买入,,4.94
600795.SH,国电电力,20230831,国电电力：煤电盈利水平优异，派发中期股息,点评,一般报告,华泰证券,"王玮嘉,黄波,李雅琳,胡知",2023Q4,19262300.0,,1826300.0,649500.0,0.36,9.17,,13.7,9.23,买入,,4.94
600350.SH,山东高速,20230831,山东高速：净利略高于预期，车流量稳健回升,点评,一般报告,华泰证券,"沈晓峰,林霞颖",2025Q4,2204600.0,,647700.0,379300.0,0.784,9.74,,11.36,8.43,增持,,7.47
600350.SH,山东高速,20230831,山东高速：净利略高于预期，车流量稳健回升,点评,一般报告,华泰证券,"沈晓峰,林霞颖",2024Q4,2022200.0,,602000.0,379200.0,0.783,9.74,,11.9,10.45,增持,,7.47
600350.SH,山东高速,20230831,山东高速：净利略高于预期，车流量稳健回升,点评,一般报告,华泰证券,"沈晓峰,林霞颖",2023Q4,1973100.0,,575500.0,362700.0,0.749,10.25,,11.99,9.95,增持,,7.47
600153.SH,建发股份,20230831,建发股份：销售投拓积极，供应链份额收入提升,点评,一般报告,华泰证券,"陈慎,沈晓峰,刘璐",2025Q4,103286100.0,,2176900.0,749700.0,2.49,4.53,,7.31,2.39,买入,,14.78
600153.SH,建发股份,20230831,建发股份：销售投拓积极，供应链份额收入提升,点评,一般报告,华泰证券,"陈慎,沈晓峰,刘璐",2024Q4,95636600.0,,1886000.0,649500.0,2.16,5.23,,6.83,5.29,买入,,14.78
600153.SH,建发股份,20230831,建发股份：销售投拓积极，供应链份额收入提升,点评,一般报告,华泰证券,"陈慎,沈晓峰,刘璐",2023Q4,88974400.0,,1715800.0,590900.0,1.97,5.75,,6.67,5.99,买入,,14.78
600125.SH,铁龙物流,20230831,铁龙物流：净利基本符合预期，特种箱表现亮眼,点评,一般报告,华泰证券,"沈晓峰,林霞颖",2025Q4,1321000.0,,84668.0,62279.0,0.48,12.31,,7.87,4.73,增持,,7.03
600125.SH,铁龙物流,20230831,铁龙物流：净利基本符合预期，特种箱表现亮眼,点评,一般报告,华泰证券,"沈晓峰,林霞颖",2024Q4,1301700.0,,77779.0,56457.0,0.43,13.57,,7.56,5.23,增持,,7.03
600125.SH,铁龙物流,20230831,铁龙物流：净利基本符合预期，特种箱表现亮眼,点评,一般报告,华泰证券,"沈晓峰,林霞颖",2023Q4,1277500.0,,69622.0,49864.0,0.38,15.37,,7.06,6.05,增持,,7.03
600030.SH,中信证券,20230831,中信证券2023年中报点评：业绩波动显著收敛，利润总额维持高位,一般,一般报告,中原证券,张洋,2024Q4,6629400.0,,3145600.0,2352100.0,1.587,14.37,,8.07,,增持,,
600030.SH,中信证券,20230831,中信证券2023年中报点评：业绩波动显著收敛，利润总额维持高位,一般,一般报告,中原证券,张洋,2023Q4,6184900.0,,2933200.0,2193900.0,1.48,15.45,,7.89,,增持,,
300628.SZ,亿联网络,20230831,亿联网络：Q2业绩环比修复，产品矩阵完善,点评,一般报告,华泰证券,"王兴,黄乐平,王珂,陈越兮",2025Q4,789900.0,,377100.0,345700.0,2.73,13.54,,21.05,9.01,增持,,57.67
300628.SZ,亿联网络,20230831,亿联网络：Q2业绩环比修复，产品矩阵完善,点评,一般报告,华泰证券,"王兴,黄乐平,王珂,陈越兮",2024Q4,633800.0,,304800.0,279400.0,2.21,16.75,,21.55,12.08,增持,,57.67
300628.SZ,亿联网络,20230831,亿联网络：Q2业绩环比修复，产品矩阵完善,点评,一般报告,华泰证券,"王兴,黄乐平,王珂,陈越兮",2023Q4,507900.0,,248600.0,227900.0,1.8,20.54,,22.4,15.53,增持,,57.67
002315.SZ,焦点科技,20230831,焦点科技：B2B业务稳中有增，AI产品持续迭代,点评,一般报告,华泰证券,"朱珺,吴晓宇",2025Q4,281200.0,,70164.0,60738.0,1.95,17.39,,17.8,10.76,买入,,41.14
002315.SZ,焦点科技,20230831,焦点科技：B2B业务稳中有增，AI产品持续迭代,点评,一般报告,华泰证券,"朱珺,吴晓宇",2024Q4,227700.0,,55724.0,48237.0,1.55,21.9,,16.82,14.18,买入,,41.14
002315.SZ,焦点科技,20230831,焦点科技：B2B业务稳中有增，AI产品持续迭代,点评,一般报告,华泰证券,"朱珺,吴晓宇",2023Q4,181300.0,,43561.0,37709.0,1.21,28.02,,15.47,19.16,买入,,41.14
000811.SZ,冰轮环境,20230831,冰轮环境：营收高增，Q2净利同比＋102.8％,点评,一般报告,华泰证券,"倪正洋,黄菁伦,张瑶珈",2025Q4,1208100.0,,114500.0,103000.0,1.38,11.98,,13.06,7.19,买入,,18.23
000811.SZ,冰轮环境,20230831,冰轮环境：营收高增，Q2净利同比＋102.8％,点评,一般报告,华泰证券,"倪正洋,黄菁伦,张瑶珈",2024Q4,1003800.0,,98943.0,89009.0,1.19,13.87,,12.97,8.63,买入,,18.23
000811.SZ,冰轮环境,20230831,冰轮环境：营收高增，Q2净利同比＋102.8％,点评,一般报告,华泰证券,"倪正洋,黄菁伦,张瑶珈",2023Q4,813400.0,,77462.0,69747.0,0.94,17.7,,11.66,11.89,买入,,18.23
603060.SH,国检集团,20230831,国检集团：工程检测陆续修复，业绩同比增长,点评,一般报告,华泰证券,"王玮嘉,黄波,李雅琳,胡知",2025Q4,412000.0,,68383.0,46593.0,0.58,19.38,,18.92,10.67,买入,,12.92
603060.SH,国检集团,20230831,国检集团：工程检测陆续修复，业绩同比增长,点评,一般报告,华泰证券,"王玮嘉,黄波,李雅琳,胡知",2024Q4,347400.0,,56131.0,38245.0,0.48,23.61,,17.91,13.06,买入,,12.92
603060.SH,国检集团,20230831,国检集团：工程检测陆续修复，业绩同比增长,点评,一般报告,华泰证券,"王玮嘉,黄波,李雅琳,胡知",2023Q4,291700.0,,44805.0,30528.0,0.38,29.57,,16.19,16.13,买入,,12.92
601778.SH,晶科科技,20230831,晶科科技：开发转让模式成型，储能布局落地,点评,一般报告,华泰证券,"王玮嘉,黄波,李雅琳,胡知",2025Q4,678400.0,,110500.0,90390.0,0.25,15.21,,6.69,10.45,增持,,4.83
601778.SH,晶科科技,20230831,晶科科技：开发转让模式成型，储能布局落地,点评,一般报告,华泰证券,"王玮嘉,黄波,李雅琳,胡知",2024Q4,578100.0,,95782.0,76067.0,0.21,18.07,,5.99,10.26,增持,,4.83
601778.SH,晶科科技,20230831,晶科科技：开发转让模式成型，储能布局落地,点评,一般报告,华泰证券,"王玮嘉,黄波,李雅琳,胡知",2023Q4,460300.0,,53212.0,41604.0,0.12,33.04,,3.47,10.53,增持,,4.83
600398.SH,海澜之家,20230831,海澜之家：加速直营布局，业绩稳步向上,点评,一般报告,华泰证券,"罗艺鑫,詹妮",2025Q4,2654700.0,,480100.0,368400.0,0.85,8.84,,20.86,4.16,买入,,9.6
600398.SH,海澜之家,20230831,海澜之家：加速直营布局，业绩稳步向上,点评,一般报告,华泰证券,"罗艺鑫,詹妮",2024Q4,2428000.0,,423900.0,325300.0,0.75,10.01,,19.55,5.1,买入,,9.6
600398.SH,海澜之家,20230831,海澜之家：加速直营布局，业绩稳步向上,点评,一般报告,华泰证券,"罗艺鑫,詹妮",2023Q4,2173600.0,,360200.0,276400.0,0.64,11.78,,17.57,6.4,买入,,9.6
603466.SH,风语筑,20230831,风语筑：上半年业绩持续修复，新签订单提速,点评,一般报告,华泰证券,"朱珺,周钊,吴晓宇",2025Q4,288500.0,,57051.0,49611.0,0.83,15.29,,16.13,9.77,买入,,14.79
603466.SH,风语筑,20230831,风语筑：上半年业绩持续修复，新签订单提速,点评,一般报告,华泰证券,"朱珺,周钊,吴晓宇",2024Q4,250800.0,,46903.0,40848.0,0.69,18.56,,14.79,13.42,买入,,14.79
603466.SH,风语筑,20230831,风语筑：上半年业绩持续修复，新签订单提速,点评,一般报告,华泰证券,"朱珺,周钊,吴晓宇",2023Q4,211000.0,,34543.0,30121.0,0.51,25.18,,12.05,18.5,买入,,14.79
601996.SH,丰林集团,20230831,丰林集团：钦州工厂产能释放，收入表现亮眼,点评,一般报告,华泰证券,"陈慎,刘思奇",2025Q4,341500.0,,20151.0,21869.0,0.19,13.78,,6.52,7.28,增持,,3.48
601996.SH,丰林集团,20230831,丰林集团：钦州工厂产能释放，收入表现亮眼,点评,一般报告,华泰证券,"陈慎,刘思奇",2024Q4,302400.0,,16997.0,18445.0,0.16,16.33,,5.89,8.74,增持,,3.48
601996.SH,丰林集团,20230831,丰林集团：钦州工厂产能释放，收入表现亮眼,点评,一般报告,华泰证券,"陈慎,刘思奇",2023Q4,261200.0,,13820.0,14998.0,0.13,20.09,,5.08,9.83,增持,,3.48
002242.SZ,九阳股份,20230831,九阳股份：外销向好、新品发力，经营有望改善,点评,首次关注,华金证券,"吴东炬,王颖",2024Q4,1153600.0,,76600.0,69700.0,0.91,15.4,,17.7,11.2,增持,,
002242.SZ,九阳股份,20230831,九阳股份：外销向好、新品发力，经营有望改善,点评,首次关注,华金证券,"吴东炬,王颖",2023Q4,1043100.0,,66600.0,60100.0,0.78,17.8,,15.8,13.0,增持,,
601336.SH,新华保险,20230831,新华保险：净利润增速超预期，银保推动价值增长,一般,一般报告,广发证券,"陈福,刘淇",2025Q4,25490000.0,,2120000.0,2017900.0,6.47,6.34,,17.32,,买入,,53.79
601336.SH,新华保险,20230831,新华保险：净利润增速超预期，银保推动价值增长,一般,一般报告,广发证券,"陈福,刘淇",2024Q4,23700000.0,,1820000.0,1725200.0,5.53,7.41,,15.17,,买入,,53.79
601336.SH,新华保险,20230831,新华保险：净利润增速超预期，银保推动价值增长,一般,一般报告,广发证券,"陈福,刘淇",2023Q4,22550000.0,,1410000.0,1335900.0,4.28,9.57,,12.26,,买入,,53.79
603477.SH,巨星农牧,20230831,巨星农牧：成本稳步下行，出栏维持高增,点评,一般报告,招商证券,"朱卫华,施腾",2025Q4,1270200.0,,191400.0,196100.0,3.87,6.8,,35.2,6.9,强烈推荐,,
603477.SH,巨星农牧,20230831,巨星农牧：成本稳步下行，出栏维持高增,点评,一般报告,招商证券,"朱卫华,施腾",2024Q4,912400.0,,105600.0,108200.0,2.14,12.3,,25.7,10.6,强烈推荐,,
603477.SH,巨星农牧,20230831,巨星农牧：成本稳步下行，出栏维持高增,点评,一般报告,招商证券,"朱卫华,施腾",2023Q4,511800.0,,1800.0,1900.0,0.0375,708.6,,0.5,34.2,强烈推荐,,
601995.SH,中金公司,20230831,中金公司：营收同比上升，财富管理转型成效显著,点评,一般报告,招商证券,"郑积沙,张晓彤",2025Q4,3907900.0,,1443100.0,1208200.0,2.5,15.58,,,,强烈推荐,,49.3
601995.SH,中金公司,20230831,中金公司：营收同比上升，财富管理转型成效显著,点评,一般报告,招商证券,"郑积沙,张晓彤",2024Q4,3526600.0,,1286000.0,1076300.0,2.23,17.49,,,,强烈推荐,,49.3
601995.SH,中金公司,20230831,中金公司：营收同比上升，财富管理转型成效显著,点评,一般报告,招商证券,"郑积沙,张晓彤",2023Q4,2945000.0,,970700.0,811300.0,1.68,23.2,,,,强烈推荐,,49.3
601398.SH,工商银行,20230831,工商银行：归母净利润保持正增长,一般,一般报告,广发证券,"倪军,王先爽,李佳鸣",2025Q4,106160000.0,,47289300.0,40336500.0,1.132,4.24,7.38,10.2,,买入,,6.68
601398.SH,工商银行,20230831,工商银行：归母净利润保持正增长,一般,一般报告,广发证券,"倪军,王先爽,李佳鸣",2024Q4,98850700.0,,44915500.0,38322900.0,1.075,4.47,7.0,10.43,,买入,,6.68
601398.SH,工商银行,20230831,工商银行：归母净利润保持正增长,一般,一般报告,广发证券,"倪军,王先爽,李佳鸣",2023Q4,93451700.0,,43323600.0,36975100.0,1.037,4.64,6.75,10.85,,买入,,6.68
600460.SH,士兰微,20230831,士兰微公司事件点评报告：Q2利润端短期承压，多产品布局助力中长期发展,点评,一般报告,华鑫证券,"毛正,吕卓阳",2025Q4,1172400.0,,155400.0,129000.0,0.91,27.8,,12.7,,买入,,
600460.SH,士兰微,20230831,士兰微公司事件点评报告：Q2利润端短期承压，多产品布局助力中长期发展,点评,一般报告,华鑫证券,"毛正,吕卓阳",2024Q4,1024300.0,,121900.0,101100.0,0.71,35.5,,11.0,,买入,,
600460.SH,士兰微,20230831,士兰微公司事件点评报告：Q2利润端短期承压，多产品布局助力中长期发展,点评,一般报告,华鑫证券,"毛正,吕卓阳",2023Q4,906000.0,,76400.0,63400.0,0.45,56.6,,7.4,,买入,,
600339.SH,中油工程,20230831,中油工程2023年半年报点评：归母净利润创上市以来新高，境外新签合同额大增,点评,一般报告,光大证券,"赵乃迪,蔡嘉豪,王礼沫",2025Q4,10440900.0,,263800.0,143200.0,0.26,14.0,2.1,5.07,,增持,,
600339.SH,中油工程,20230831,中油工程2023年半年报点评：归母净利润创上市以来新高，境外新签合同额大增,点评,一般报告,光大证券,"赵乃迪,蔡嘉豪,王礼沫",2024Q4,9682100.0,,226400.0,122600.0,0.22,17.0,1.8,4.51,,增持,,
600339.SH,中油工程,20230831,中油工程2023年半年报点评：归母净利润创上市以来新高，境外新签合同额大增,点评,一般报告,光大证券,"赵乃迪,蔡嘉豪,王礼沫",2023Q4,8994800.0,,194400.0,105100.0,0.19,19.0,1.6,4.0,0.1,增持,,
600138.SH,中青旅,20230831,中青旅：景区业务经营回暖，业绩逐步修复弹性可期,点评,一般报告,申万宏源证券,"赵令伊,杨光",2025Q4,1523300.0,476000.0,183700.0,77100.0,1.07,12.0,,9.9,,买入,,
600138.SH,中青旅,20230831,中青旅：景区业务经营回暖，业绩逐步修复弹性可期,点评,一般报告,申万宏源证券,"赵令伊,杨光",2024Q4,1233900.0,346700.0,134700.0,60700.0,0.84,15.0,,8.6,,买入,,
600138.SH,中青旅,20230831,中青旅：景区业务经营回暖，业绩逐步修复弹性可期,点评,一般报告,申万宏源证券,"赵令伊,杨光",2023Q4,986400.0,248600.0,84500.0,42900.0,0.59,21.0,,6.7,,买入,,
605598.SH,上海港湾,20230831,上海港湾：深度布局“一带一路”，2023Q2业绩高速增长－－－2023半年报业绩点评,点评,首次关注,东北证券,唐凯,2025Q4,182700.0,,40600.0,34900.0,1.42,21.31,0.3,15.05,,买入,,
605598.SH,上海港湾,20230831,上海港湾：深度布局“一带一路”，2023Q2业绩高速增长－－－2023半年报业绩点评,点评,首次关注,东北证券,唐凯,2024Q4,156200.0,,33700.0,28800.0,1.17,25.84,0.3,14.61,,买入,,
605598.SH,上海港湾,20230831,上海港湾：深度布局“一带一路”，2023Q2业绩高速增长－－－2023半年报业绩点评,点评,首次关注,东北证券,唐凯,2023Q4,122300.0,,26100.0,22200.0,0.9,33.57,0.3,13.17,,买入,,
600612.SH,老凤祥,20230831,老凤祥：23H1归母净利润高增，国改有望增质提效,一般,一般报告,广发证券,"嵇文欣,王永锋,包晗",2025Q4,10051400.0,,544300.0,303600.0,5.8,10.93,,16.8,5.14,买入,,84.63
600612.SH,老凤祥,20230831,老凤祥：23H1归母净利润高增，国改有望增质提效,一般,一般报告,广发证券,"嵇文欣,王永锋,包晗",2024Q4,8902100.0,,473400.0,264300.0,5.05,12.56,,17.6,6.29,买入,,84.63
600612.SH,老凤祥,20230831,老凤祥：23H1归母净利润高增，国改有望增质提效,一般,一般报告,广发证券,"嵇文欣,王永锋,包晗",2023Q4,7752000.0,,397600.0,221400.0,4.23,15.0,,17.9,7.61,买入,,84.63
002126.SZ,银轮股份,20230831,银轮股份23H1点评：公司利润率继续改善，新能源业务营收持续高增,一般,一般报告,广发证券,"闫俊刚,张乐,邓崇静,周伟",2025Q4,1651490.0,373070.0,160200.0,125400.0,1.56,11.73,,15.2,8.04,买入,,26.75
002126.SZ,银轮股份,20230831,银轮股份23H1点评：公司利润率继续改善，新能源业务营收持续高增,一般,一般报告,广发证券,"闫俊刚,张乐,邓崇静,周伟",2024Q4,1351130.0,284770.0,109800.0,85800.0,1.07,17.15,,12.8,11.08,买入,,26.75
002126.SZ,银轮股份,20230831,银轮股份23H1点评：公司利润率继续改善，新能源业务营收持续高增,一般,一般报告,广发证券,"闫俊刚,张乐,邓崇静,周伟",2023Q4,1080060.0,218150.0,76200.0,59600.0,0.74,24.66,,10.8,14.46,买入,,26.75
000785.SZ,居然之家,20230831,居然之家：23H1营收保持稳健，洞窝与居然智能开辟新增长曲线,点评,一般报告,招商证券,"赵中平,丁浙川",2025Q4,1798900.0,,375600.0,252400.0,0.4,9.3,,10.9,12.1,强烈推荐,,
000785.SZ,居然之家,20230831,居然之家：23H1营收保持稳健，洞窝与居然智能开辟新增长曲线,点评,一般报告,招商证券,"赵中平,丁浙川",2024Q4,1606200.0,,341700.0,229300.0,0.36,10.3,,10.8,12.9,强烈推荐,,
000785.SZ,居然之家,20230831,居然之家：23H1营收保持稳健，洞窝与居然智能开辟新增长曲线,点评,一般报告,招商证券,"赵中平,丁浙川",2023Q4,1421400.0,,294200.0,196900.0,0.31,11.9,,9.8,13.8,强烈推荐,,
601688.SH,华泰证券,20230831,华泰证券：资管业务逆势上升，自营业务提升业绩,一般,一般报告,广发证券,"陈卉,陈福",2025Q4,5086200.0,,2002500.0,1572000.0,1.73,10.21,,8.0,,买入,,24.23
601688.SH,华泰证券,20230831,华泰证券：资管业务逆势上升，自营业务提升业绩,一般,一般报告,广发证券,"陈卉,陈福",2024Q4,4430800.0,,1883100.0,1478200.0,1.63,10.86,,8.1,,买入,,24.23
601688.SH,华泰证券,20230831,华泰证券：资管业务逆势上升，自营业务提升业绩,一般,一般报告,广发证券,"陈卉,陈福",2023Q4,3775200.0,,1640600.0,1287900.0,1.42,12.47,,7.5,,买入,,24.23
600933.SH,爱柯迪,20230831,爱柯迪：盈利能力亮眼，全球化布局加速,点评,首份报告,太平洋证券,文姬,2025Q4,928361.0,259700.0,176400.0,156769.0,1.75,14.15,,16.9,,买入,,29.7
600933.SH,爱柯迪,20230831,爱柯迪：盈利能力亮眼，全球化布局加速,点评,首份报告,太平洋证券,文姬,2024Q4,736092.0,206600.0,142200.0,128018.0,1.43,17.32,,16.6,,买入,,29.7
600933.SH,爱柯迪,20230831,爱柯迪：盈利能力亮眼，全球化布局加速,点评,首份报告,太平洋证券,文姬,2023Q4,573230.0,161400.0,109700.0,98687.0,1.1,22.47,,15.3,,买入,,29.7
600004.SH,白云机场,20230831,白云机场：单季利润改善，关注免税行业影响,点评,一般报告,华泰证券,"沈晓峰,黄凡洋",2025Q4,895600.0,,213800.0,152800.0,0.65,18.26,,7.61,7.21,增持,,15.0
600004.SH,白云机场,20230831,白云机场：单季利润改善，关注免税行业影响,点评,一般报告,华泰证券,"沈晓峰,黄凡洋",2024Q4,811000.0,,204800.0,146400.0,0.62,19.06,,7.89,7.09,增持,,15.0
600004.SH,白云机场,20230831,白云机场：单季利润改善，关注免税行业影响,点评,一般报告,华泰证券,"沈晓峰,黄凡洋",2023Q4,626600.0,,84546.0,60423.0,0.26,46.18,,3.54,10.23,增持,,15.0
002572.SZ,索菲亚,20230831,索菲亚：利润率改善，多品牌＋多渠道推动,点评,一般报告,华泰证券,"陈慎,刘思奇",2025Q4,1633300.0,,219300.0,180800.0,1.98,9.61,,16.89,4.96,增持,,26.64
002572.SZ,索菲亚,20230831,索菲亚：利润率改善，多品牌＋多渠道推动,点评,一般报告,华泰证券,"陈慎,刘思奇",2024Q4,1430800.0,,190000.0,156600.0,1.72,11.09,,17.6,6.27,增持,,26.64
002572.SZ,索菲亚,20230831,索菲亚：利润率改善，多品牌＋多渠道推动,点评,一般报告,华泰证券,"陈慎,刘思奇",2023Q4,1244100.0,,163800.0,135000.0,1.48,12.86,,18.42,7.51,增持,,26.64
000921.SZ,海信家电,20230831,海信家电：业务多点开花，经营持续向好,点评,首次评级,华金证券,"吴东炬,王颖",2025Q4,9517300.0,,661400.0,328000.0,2.36,10.6,,18.3,3.1,增持,,
000921.SZ,海信家电,20230831,海信家电：业务多点开花，经营持续向好,点评,首次评级,华金证券,"吴东炬,王颖",2024Q4,8886700.0,,603700.0,284900.0,2.05,12.2,,20.1,3.7,增持,,
000921.SZ,海信家电,20230831,海信家电：业务多点开花，经营持续向好,点评,首次评级,华金证券,"吴东炬,王颖",2023Q4,8244500.0,,536200.0,245400.0,1.77,14.2,,22.3,4.7,增持,,
601995.SH,中金公司,20230831,中金公司2023年中报点评：财富管理规模扩大，国际投行业务优势显著,点评,首次评级,东北证券,郑君怡,2025Q4,4118700.0,,,1195900.0,2.48,15.7,1.13,8.03,,增持,,
601995.SH,中金公司,20230831,中金公司2023年中报点评：财富管理规模扩大，国际投行业务优势显著,点评,首次评级,东北证券,郑君怡,2024Q4,3686500.0,,,1085900.0,2.25,17.31,1.06,8.57,,增持,,
601995.SH,中金公司,20230831,中金公司2023年中报点评：财富管理规模扩大，国际投行业务优势显著,点评,首次评级,东北证券,郑君怡,2023Q4,3110100.0,,,917800.0,1.9,20.49,1.0,8.51,,增持,,
601166.SH,兴业银行,20230831,兴业银行2023年中报点评：对公贷款投放力度加大，资产质量进一步优化,一般,一般报告,安信证券,"李双,陈惠琴",2025Q4,25927700.0,,13902200.0,12019600.0,5.79,2.73,9.88,12.61,,买入,,21.44
601166.SH,兴业银行,20230831,兴业银行2023年中报点评：对公贷款投放力度加大，资产质量进一步优化,一般,一般报告,安信证券,"李双,陈惠琴",2024Q4,24327500.0,,12602200.0,10911300.0,5.25,3.01,8.97,12.56,,买入,,21.44
601166.SH,兴业银行,20230831,兴业银行2023年中报点评：对公贷款投放力度加大，资产质量进一步优化,一般,一般报告,安信证券,"李双,陈惠琴",2023Q4,23052600.0,,11499500.0,9977800.0,4.8,3.29,8.21,12.59,,买入,,21.44
002242.SZ,九阳股份,20230831,九阳股份：外销向好、新品发力，经营有望改善,点评,首次关注,华金证券,"吴东炬,王颖",2025Q4,1296800.0,,90700.0,83100.0,1.08,12.9,,19.9,9.2,增持,,
001914.SZ,招商积余,20230831,招商积余：业绩符合预期，第三方拓展新高,一般,一般报告,广发证券,"郭镇,乐加栋,张春娥",2023Q4,1527500.0,191900.0,111500.0,80000.0,0.75,20.48,,8.0,12.21,买入,,26.01
001914.SZ,招商积余,20230831,招商积余：业绩符合预期，第三方拓展新高,一般,一般报告,广发证券,"郭镇,乐加栋,张春娥",2024Q4,1714700.0,221600.0,132400.0,98200.0,0.93,16.68,,9.0,9.7,买入,,26.01
001914.SZ,招商积余,20230831,招商积余：业绩符合预期，第三方拓展新高,一般,一般报告,广发证券,"郭镇,乐加栋,张春娥",2025Q4,1924300.0,256600.0,160500.0,117000.0,1.1,14.0,,9.7,7.47,买入,,26.01
002850.SZ,科达利,20230831,科达利：业绩高增毛利率提升，海外量产提速巩固壁垒,一般,一般报告,广发证券,"陈子坤,纪成炜,李靖",2023Q4,1391200.0,,147600.0,132800.0,4.93,20.54,,18.7,15.75,买入,,141.61
603566.SH,普莱柯,20230831,普莱柯：疫苗销量恢复显著，上半年业绩同比增长46％,点评,一般报告,广发证券,"郑颖欣,钱浩,李雅琦",2025Q4,190400.0,,45100.0,41200.0,1.17,18.85,,11.2,13.34,买入,,29.27
603566.SH,普莱柯,20230831,普莱柯：疫苗销量恢复显著，上半年业绩同比增长46％,点评,一般报告,广发证券,"郑颖欣,钱浩,李雅琦",2024Q4,162400.0,,38200.0,34400.0,0.97,22.59,,10.5,17.05,买入,,29.27
603566.SH,普莱柯,20230831,普莱柯：疫苗销量恢复显著，上半年业绩同比增长46％,点评,一般报告,广发证券,"郑颖欣,钱浩,李雅琦",2023Q4,132300.0,,29000.0,25900.0,0.74,29.93,,8.8,22.12,买入,,29.27
601658.SH,邮储银行,20230831,邮储银行：息差韧性较强，资产质量向好,一般,一般报告,财通证券,"夏昌盛,刘斐然",2025Q4,41290600.0,,12355600.0,11843900.0,1.194,3.82,,14.57,,增持,,
601658.SH,邮储银行,20230831,邮储银行：息差韧性较强，资产质量向好,一般,一般报告,财通证券,"夏昌盛,刘斐然",2024Q4,37700700.0,,10757500.0,10311300.0,1.04,4.39,,14.17,,增持,,
601658.SH,邮储银行,20230831,邮储银行：息差韧性较强，资产质量向好,一般,一般报告,财通证券,"夏昌盛,刘斐然",2023Q4,34876200.0,,9526000.0,9130500.0,0.921,4.96,,12.76,,增持,,
600795.SH,国电电力,20230831,国电电力：中报业绩超预期且派息，期待清洁能源建设加速,一般,一般报告,广发证券,"郭鹏,姜涛,许子怡",2025Q4,20718700.0,,2877200.0,863200.0,0.48,7.25,,14.6,4.98,买入,,5.49
600795.SH,国电电力,20230831,国电电力：中报业绩超预期且派息，期待清洁能源建设加速,一般,一般报告,广发证券,"郭鹏,姜涛,许子怡",2024Q4,20133200.0,,2498400.0,749500.0,0.42,8.35,,13.8,5.25,买入,,5.49
600795.SH,国电电力,20230831,国电电力：中报业绩超预期且派息，期待清洁能源建设加速,一般,一般报告,广发证券,"郭鹏,姜涛,许子怡",2023Q4,19615400.0,,2176200.0,652900.0,0.37,9.59,,13.1,5.73,买入,,5.49
600150.SH,中国船舶,20230831,中国船舶：业绩拐点未至，期待下半年否极泰来,点评,一般报告,广发证券,"代川,孟祥杰,汪家豪",2025Q4,9492700.0,,1241500.0,943500.0,2.11,13.46,,14.8,6.05,买入,,32.36
600150.SH,中国船舶,20230831,中国船舶：业绩拐点未至，期待下半年否极泰来,点评,一般报告,广发证券,"代川,孟祥杰,汪家豪",2024Q4,8540000.0,,965100.0,733500.0,1.64,17.31,,13.3,8.46,买入,,32.36
600150.SH,中国船舶,20230831,中国船舶：业绩拐点未至，期待下半年否极泰来,点评,一般报告,广发证券,"代川,孟祥杰,汪家豪",2023Q4,6754800.0,,310500.0,236000.0,0.53,53.81,,4.9,19.93,买入,,32.36
600048.SH,保利发展,20230831,保利发展：销售规模增长，业绩稳定提升－－2023年中报点评,点评,一般报告,银河证券,胡孝宇,2025Q4,34598637.0,,4763949.0,2533204.0,2.12,6.61,,9.88,7.56,推荐,,
600048.SH,保利发展,20230831,保利发展：销售规模增长，业绩稳定提升－－2023年中报点评,点评,一般报告,银河证券,胡孝宇,2024Q4,32945121.0,,4255524.0,2279932.0,1.9,7.34,,9.87,8.5,推荐,,
600048.SH,保利发展,20230831,保利发展：销售规模增长，业绩稳定提升－－2023年中报点评,点评,一般报告,银河证券,胡孝宇,2023Q4,30412442.0,,3852614.0,2078686.0,1.74,8.05,,9.98,8.88,推荐,,
920300.BJ,辰光医疗,20230831,辰光医疗：23Q2扭亏为盈，关注新应用拓展,点评,一般报告,申万宏源证券,"刘靖,王雨晴",2025Q4,41500.0,14800.0,5300.0,5100.0,0.6,13.0,,12.5,,买入,,
920300.BJ,辰光医疗,20230831,辰光医疗：23Q2扭亏为盈，关注新应用拓展,点评,一般报告,申万宏源证券,"刘靖,王雨晴",2024Q4,28900.0,10200.0,3200.0,3100.0,0.36,21.0,,8.7,,买入,,
920300.BJ,辰光医疗,20230831,辰光医疗：23Q2扭亏为盈，关注新应用拓展,点评,一般报告,申万宏源证券,"刘靖,王雨晴",2023Q4,21000.0,7400.0,2100.0,2100.0,0.24,32.0,,6.4,,买入,,
300673.SZ,佩蒂股份,20230831,佩蒂股份：境外业务逐季改善，境内自主品牌收入高增,点评,一般报告,申万宏源证券,"盛瀚,赵金厚,胡静航",2025Q4,203600.0,54200.0,20900.0,16400.0,0.65,19.0,,7.6,,买入,,
300673.SZ,佩蒂股份,20230831,佩蒂股份：境外业务逐季改善，境内自主品牌收入高增,点评,一般报告,申万宏源证券,"盛瀚,赵金厚,胡静航",2024Q4,177500.0,44500.0,15300.0,12000.0,0.47,27.0,,6.0,,买入,,
300673.SZ,佩蒂股份,20230831,佩蒂股份：境外业务逐季改善，境内自主品牌收入高增,点评,一般报告,申万宏源证券,"盛瀚,赵金厚,胡静航",2023Q4,156400.0,37400.0,11500.0,9000.0,0.35,36.0,,4.8,,买入,,
300498.SZ,温氏股份,20230831,温氏股份：价格低迷拖累盈利，养殖成本边际下行,点评,一般报告,招商证券,"朱卫华,施腾",2025Q4,12853800.0,,1813700.0,1689100.0,2.54,6.7,,30.5,7.0,强烈推荐,,30.46
300498.SZ,温氏股份,20230831,温氏股份：价格低迷拖累盈利，养殖成本边际下行,点评,一般报告,招商证券,"朱卫华,施腾",2024Q4,11120400.0,,896300.0,835000.0,1.26,13.5,,18.8,10.9,强烈推荐,,30.46
300498.SZ,温氏股份,20230831,温氏股份：价格低迷拖累盈利，养殖成本边际下行,点评,一般报告,招商证券,"朱卫华,施腾",2023Q4,9364000.0,,329700.0,308100.0,0.46,36.6,,7.7,16.7,强烈推荐,,30.46
002850.SZ,科达利,20230831,科达利：业绩高增毛利率提升，海外量产提速巩固壁垒,一般,一般报告,广发证券,"陈子坤,纪成炜,李靖",2025Q4,2434400.0,,264100.0,237700.0,8.824,11.48,,21.0,9.1,买入,,141.61
002850.SZ,科达利,20230831,科达利：业绩高增毛利率提升，海外量产提速巩固壁垒,一般,一般报告,广发证券,"陈子坤,纪成炜,李靖",2024Q4,1854400.0,,204100.0,183700.0,6.819,14.85,,20.6,11.98,买入,,141.61
601688.SH,华泰证券,20230831,华泰证券2023中报点评：资管自营收入高增，行业优势地位巩固,点评,首次评级,东北证券,郑君怡,2023Q4,3803700.0,,,1209100.0,1.332,11.77,3.81,7.07,,买入,,
601688.SH,华泰证券,20230831,华泰证券2023年中报点评：机构服务与投资管理板块带动业绩复苏,点评,一般报告,中信证券,"田良,陆昊,邵子钦,童成墩,薛姣,张文峰",2025Q4,4276522.0,,,1608364.0,1.77,,,8.17,,增持,,19.0
601688.SH,华泰证券,20230831,华泰证券2023年中报点评：机构服务与投资管理板块带动业绩复苏,点评,一般报告,中信证券,"田良,陆昊,邵子钦,童成墩,薛姣,张文峰",2024Q4,4028602.0,,,1500264.0,1.65,,,8.1,,增持,,19.0
601688.SH,华泰证券,20230831,华泰证券2023年中报点评：机构服务与投资管理板块带动业绩复苏,点评,一般报告,中信证券,"田良,陆昊,邵子钦,童成墩,薛姣,张文峰",2023Q4,3711100.0,,,1328326.0,1.46,,,7.62,,增持,,19.0
601668.SH,中国建筑,20230831,中国建筑2023年半年报点评：房建／基建业务稳健增长，现金流改善明显,点评,一般报告,华创证券,"王彬鹏,鲁星泽,郭亚新",2025Q4,265505900.0,,12169600.0,6767200.0,1.61,3.0,,12.7,8.0,强推,,6.91
601668.SH,中国建筑,20230831,中国建筑2023年半年报点评：房建／基建业务稳健增长，现金流改善明显,点评,一般报告,华创证券,"王彬鹏,鲁星泽,郭亚新",2024Q4,243550900.0,,10862300.0,6181700.0,1.47,4.0,,12.9,9.0,强推,,6.91
601668.SH,中国建筑,20230831,中国建筑2023年半年报点评：房建／基建业务稳健增长，现金流改善明显,点评,一般报告,华创证券,"王彬鹏,鲁星泽,郭亚新",2023Q4,221862000.0,,9354600.0,5489300.0,1.31,4.0,,12.8,10.0,强推,,6.91
601658.SH,邮储银行,20230831,邮储银行2023年中期点评：息差韧性足，一流大型零售银行建设持续推进,点评,一般报告,华创证券,"贾靖,徐康",2025Q4,45147000.0,,12462900.0,11697700.0,1.18,4.15,,12.76,,推荐,,6.19
601658.SH,邮储银行,20230831,邮储银行2023年中期点评：息差韧性足，一流大型零售银行建设持续推进,点评,一般报告,华创证券,"贾靖,徐康",2024Q4,40374200.0,,11195300.0,10507700.0,1.06,4.62,,12.58,,推荐,,6.19
601658.SH,邮储银行,20230831,邮储银行2023年中期点评：息差韧性足，一流大型零售银行建设持续推进,点评,一般报告,华创证券,"贾靖,徐康",2023Q4,35669900.0,,10036100.0,9419500.0,0.95,5.16,,12.72,,推荐,,6.19
601658.SH,邮储银行,20230831,邮储银行：零售特色鲜明，资产质量优异,点评,一般报告,招商证券,戴甜甜,2025Q4,40069100.0,,10870000.0,10204000.0,1.03,4.76,,11.33,,强烈推荐,,6.4
601658.SH,邮储银行,20230831,邮储银行：零售特色鲜明，资产质量优异,点评,一般报告,招商证券,戴甜甜,2024Q4,37468400.0,,10240000.0,9616000.0,0.97,5.05,,11.6,,强烈推荐,,6.4
601658.SH,邮储银行,20230831,邮储银行：零售特色鲜明，资产质量优异,点评,一般报告,招商证券,戴甜甜,2023Q4,34943400.0,,9590000.0,9001400.0,0.91,5.4,,12.19,,强烈推荐,,6.4
601633.SH,长城汽车,20230831,长城汽车2023年中报点评报告：营收增长利润承压，海外市场未来可期,点评,一般报告,国海证券,"薛玉虎,王琭",2025Q4,24660800.0,,1090400.0,1026600.0,1.21,21.61,,12.0,10.02,增持,,
601633.SH,长城汽车,20230831,长城汽车2023年中报点评报告：营收增长利润承压，海外市场未来可期,点评,一般报告,国海证券,"薛玉虎,王琭",2024Q4,19469500.0,,795100.0,748600.0,0.88,29.63,,10.0,13.54,增持,,
601633.SH,长城汽车,20230831,长城汽车2023年中报点评报告：营收增长利润承压，海外市场未来可期,点评,一般报告,国海证券,"薛玉虎,王琭",2023Q4,16394200.0,,599700.0,564600.0,0.66,39.29,,8.0,16.92,增持,,
601555.SH,东吴证券,20230831,东吴证券2023年中报点评：稳定投资回报与投行区位优势助力业绩复苏,点评,一般报告,中信证券,"田良,陆昊,邵子钦,童成墩,薛姣,张文峰",2025Q4,1188541.0,,,282223.0,0.56,,,6.37,,增持,,9.7
601555.SH,东吴证券,20230831,东吴证券2023年中报点评：稳定投资回报与投行区位优势助力业绩复苏,点评,一般报告,中信证券,"田良,陆昊,邵子钦,童成墩,薛姣,张文峰",2024Q4,1115394.0,,,256167.0,0.51,,,6.05,,增持,,9.7
601555.SH,东吴证券,20230831,东吴证券2023年中报点评：稳定投资回报与投行区位优势助力业绩复苏,点评,一般报告,中信证券,"田良,陆昊,邵子钦,童成墩,薛姣,张文峰",2023Q4,1046556.0,,,244383.0,0.49,,,6.02,,增持,,9.7
601390.SH,中国中铁,20230831,中国中铁2023年中报点评：Q2经营提速，经营质量总体提升,点评,一般报告,中信证券,"孙明新,李家明",2025Q4,156165400.0,,5849600.0,4345200.0,1.76,3.8,,10.8,6.7,买入,,10.0
601390.SH,中国中铁,20230831,中国中铁2023年中报点评：Q2经营提速，经营质量总体提升,点评,一般报告,中信证券,"孙明新,李家明",2024Q4,141588300.0,,5307400.0,3933900.0,1.59,4.2,,10.8,7.8,买入,,10.0
601390.SH,中国中铁,20230831,中国中铁2023年中报点评：Q2经营提速，经营质量总体提升,点评,一般报告,中信证券,"孙明新,李家明",2023Q4,128359800.0,,4740300.0,3513800.0,1.42,4.7,,10.6,9.1,买入,,10.0
601336.SH,新华保险,20230831,新华保险：人均产能翻倍，银保期交高增,点评,一般报告,华西证券,罗惠洲,2025Q4,25090000.0,,2370000.0,2250000.0,7.213,5.67,,1.11,,买入,,
601336.SH,新华保险,20230831,新华保险：人均产能翻倍，银保期交高增,点评,一般报告,华西证券,罗惠洲,2024Q4,24200000.0,,1950000.0,1860000.0,5.962,6.89,,1.05,,买入,,
601336.SH,新华保险,20230831,新华保险：人均产能翻倍，银保期交高增,点评,一般报告,华西证券,罗惠洲,2023Q4,23220000.0,,1590000.0,1510000.0,4.84,8.48,,1.0,,买入,,
601111.SH,中国国航,20230831,中国国航：二季度亏损大幅收窄，期待国际线进一步修复,点评,一般报告,招商证券,"苏宝亮,肖欣晨,魏芸",2025Q4,17605700.0,,3008200.0,2009600.0,1.24,7.0,,39.7,8.6,强烈推荐,,
601111.SH,中国国航,20230831,中国国航：二季度亏损大幅收窄，期待国际线进一步修复,点评,一般报告,招商证券,"苏宝亮,肖欣晨,魏芸",2024Q4,16426300.0,,2486400.0,1661700.0,1.03,8.4,,48.9,9.6,强烈推荐,,
601111.SH,中国国航,20230831,中国国航：二季度亏损大幅收窄，期待国际线进一步修复,点评,一般报告,招商证券,"苏宝亮,肖欣晨,魏芸",2023Q4,13174400.0,,302900.0,205700.0,0.13,68.1,,8.4,20.8,强烈推荐,,
601111.SH,中国国航,20230831,中国国航2023年中报点评：汇兑损失拖累盈利修复，全年仍有望扭亏为盈,点评,一般报告,光大证券,"程新星,卢浩敏",2025Q4,17988200.0,,1659100.0,1194600.0,0.737,11.0,1.5,26.86,8.7,增持,,
601111.SH,中国国航,20230831,中国国航2023年中报点评：汇兑损失拖累盈利修复，全年仍有望扭亏为盈,点评,一般报告,光大证券,"程新星,卢浩敏",2024Q4,16104700.0,,1414600.0,1018500.0,0.629,13.0,1.3,29.85,9.9,增持,,
601111.SH,中国国航,20230831,中国国航2023年中报点评：汇兑损失拖累盈利修复，全年仍有望扭亏为盈,点评,一般报告,光大证券,"程新星,卢浩敏",2023Q4,12836100.0,,162200.0,116800.0,0.072,114.0,0.1,4.88,14.9,增持,,
601021.SH,春秋航空,20230831,春秋航空2023年中报点评：二季度盈利再创新高，看好全年业绩表现,点评,一般报告,国海证券,"许可,李跃森,王航",2025Q4,2662100.0,,447800.0,335800.0,3.43,17.07,,15.0,8.01,增持,,
601021.SH,春秋航空,20230831,春秋航空2023年中报点评：二季度盈利再创新高，看好全年业绩表现,点评,一般报告,国海证券,"许可,李跃森,王航",2024Q4,2571100.0,,514900.0,386200.0,3.95,14.85,,20.0,7.43,增持,,
601021.SH,春秋航空,20230831,春秋航空2023年中报点评：二季度盈利再创新高，看好全年业绩表现,点评,一般报告,国海证券,"许可,李跃森,王航",2023Q4,1921200.0,,257700.0,193300.0,1.98,29.66,,12.0,11.45,增持,,
688516.SH,奥特维,20230831,奥特维2023半年报点评：2023H1归母净利润同比＋66.41％，多业务取得突破,点评,一般报告,国信证券,"吴双,年亚颂",2025Q4,1068700.0,,247900.0,210700.0,13.609,12.4,1.2,31.3,17.8,买入,,
688516.SH,奥特维,20230831,奥特维2023半年报点评：2023H1归母净利润同比＋66.41％，多业务取得突破,点评,一般报告,国信证券,"吴双,年亚颂",2024Q4,819700.0,,191200.0,162500.0,10.496,16.0,0.9,32.9,20.8,买入,,
688516.SH,奥特维,20230831,奥特维2023半年报点评：2023H1归母净利润同比＋66.41％，多业务取得突破,点评,一般报告,国信证券,"吴双,年亚颂",2023Q4,586800.0,,136600.0,116100.0,7.499,22.4,0.7,32.6,26.5,买入,,
688287.SH,观典防务,20230831,观典防务：2023年上半年产销量稳步提升，AI助力无人机禁毒,点评,一般报告,安信证券,"张宝涵,宋子豪",2025Q4,55000.0,,21000.0,18000.0,0.486,23.1,0.7,13.8,14.1,买入,,12.4
600897.SH,厦门空港,20230831,厦门空港：1H23业绩符合预期，经营杠杆逐步显现,点评,一般报告,中金,"吴其坤,赵欣悦,郑学建,张骁瀚,冯启斌,杨鑫",2024Q4,192000.0,,72300.0,51500.0,1.23,11.1,2.7,11.3,5.7,中性,,15.5
600897.SH,厦门空港,20230831,厦门空港：1H23业绩符合预期，经营杠杆逐步显现,点评,一般报告,中金,"吴其坤,赵欣悦,郑学建,张骁瀚,冯启斌,杨鑫",2023Q4,178100.0,,63400.0,45200.0,1.08,12.6,2.4,11.0,6.6,中性,,15.5
600861.SH,北京人力,20230831,北京人力：23H1北京外企收入、利润表现优异,点评,一般报告,广发证券,"嵇文欣,王永锋,李旭东",2025Q4,5199800.0,,182400.0,113600.0,2.01,12.47,,12.7,3.31,买入,,31.61
600861.SH,北京人力,20230831,北京人力：23H1北京外企收入、利润表现优异,点评,一般报告,广发证券,"嵇文欣,王永锋,李旭东",2024Q4,4149700.0,,156600.0,97600.0,1.72,14.53,,12.5,4.58,买入,,31.61
600861.SH,北京人力,20230831,北京人力：23H1北京外企收入、利润表现优异,点评,一般报告,广发证券,"嵇文欣,王永锋,李旭东",2023Q4,3251100.0,,130600.0,81300.0,1.44,17.43,,11.9,6.21,买入,,31.61
600760.SH,中航沈飞,20230831,中航沈飞：2023年上半年归母净利润同比增长33.46％，盈利能力不断提升,点评,一般报告,安信证券,"张宝涵,宋子豪",2025Q4,7797000.0,,518000.0,457000.0,1.66,26.8,1.3,23.5,16.8,买入,,53.0
600760.SH,中航沈飞,20230831,中航沈飞：2023年上半年归母净利润同比增长33.46％，盈利能力不断提升,点评,一般报告,安信证券,"张宝涵,宋子豪",2024Q4,6392000.0,,416000.0,367000.0,1.33,33.4,1.2,22.2,20.0,买入,,53.0
600760.SH,中航沈飞,20230831,中航沈飞：2023年上半年归母净利润同比增长33.46％，盈利能力不断提升,点评,一般报告,安信证券,"张宝涵,宋子豪",2023Q4,5198000.0,,332000.0,293000.0,1.06,41.8,0.8,20.5,23.9,买入,,53.0
600426.SH,华鲁恒升,20230831,华鲁恒升：22Q4扣非净利润环比－6.49％，底部确认，看好荆州基地长期成长性,点评,一般报告,海通国际证券,庄怀超,2025Q4,4236458.0,1000590.0,790400.0,676000.0,3.18,10.28,0.0,15.8,7.88,优于大市,,36.45
600426.SH,华鲁恒升,20230831,华鲁恒升：22Q4扣非净利润环比－6.49％，底部确认，看好荆州基地长期成长性,点评,一般报告,海通国际证券,庄怀超,2024Q4,3668828.0,869230.0,666900.0,573700.0,2.7,12.11,0.0,15.9,9.85,优于大市,,36.45
600426.SH,华鲁恒升,20230831,华鲁恒升：22Q4扣非净利润环比－6.49％，底部确认，看好荆州基地长期成长性,点评,一般报告,海通国际证券,庄怀超,2023Q4,3188111.0,734492.0,599300.0,515600.0,2.43,13.48,0.0,17.0,10.99,优于大市,,36.45
600398.SH,海澜之家,20230831,海澜之家：23Q2营收净利恢复均超21Q2，彰显经营韧性,点评,一般报告,申万宏源证券,"王立平,求佳峰",2025Q4,2796400.0,1198000.0,502800.0,365000.0,0.85,9.0,,21.8,,买入,,
600398.SH,海澜之家,20230831,海澜之家：23Q2营收净利恢复均超21Q2，彰显经营韧性,点评,一般报告,申万宏源证券,"王立平,求佳峰",2024Q4,2472100.0,1056200.0,433800.0,315000.0,0.73,10.0,,20.0,,买入,,
600398.SH,海澜之家,20230831,海澜之家：23Q2营收净利恢复均超21Q2，彰显经营韧性,点评,一般报告,申万宏源证券,"王立平,求佳峰",2023Q4,2177200.0,925200.0,373100.0,272300.0,0.63,12.0,,18.2,,买入,,
600258.SH,首旅酒店,20230831,首旅酒店2023H1业绩点评：经营逐季改善，开店稳步推进,点评,一般报告,长江证券,"赵刚,杨会强",2025Q4,1037500.0,386800.0,188900.0,131700.0,1.18,15.09,,9.7,10.2,买入,,
600258.SH,首旅酒店,20230831,首旅酒店2023H1业绩点评：经营逐季改善，开店稳步推进,点评,一般报告,长江证券,"赵刚,杨会强",2024Q4,949700.0,339200.0,145300.0,101400.0,0.91,19.61,,8.3,13.39,买入,,
600258.SH,首旅酒店,20230831,首旅酒店2023H1业绩点评：经营逐季改善，开店稳步推进,点评,一般报告,长江证券,"赵刚,杨会强",2023Q4,801500.0,278600.0,101500.0,70800.0,0.63,28.08,,6.3,18.28,买入,,
600115.SH,中国东航,20230831,中国东航：扣汇归母净利亏损收窄，国际团签放开受益,点评,首份报告,华金证券,凌军,2025Q4,15643000.0,,1819100.0,1445200.0,0.65,6.7,,25.4,8.4,买入,,
600115.SH,中国东航,20230831,中国东航：扣汇归母净利亏损收窄，国际团签放开受益,点评,首份报告,华金证券,凌军,2024Q4,15351000.0,,1678700.0,1308400.0,0.59,7.4,,30.8,9.2,买入,,
600115.SH,中国东航,20230831,中国东航：扣汇归母净利亏损收窄，国际团签放开受益,点评,首份报告,华金证券,凌军,2023Q4,11097000.0,,215200.0,166100.0,0.0745,58.2,,5.6,19.5,买入,,
600115.SH,中国东航,20230831,中国东航2023年中报点评：业务继续回暖，期待旺季表现,点评,一般报告,国海证券,"许可,李跃森,王航",2025Q4,16787900.0,,1695200.0,1552000.0,0.7,6.23,,25.0,6.75,买入,,
600115.SH,中国东航,20230831,中国东航2023年中报点评：业务继续回暖，期待旺季表现,点评,一般报告,国海证券,"许可,李跃森,王航",2024Q4,15848700.0,,1730200.0,1584000.0,0.71,6.11,,34.0,7.37,买入,,
600115.SH,中国东航,20230831,中国东航2023年中报点评：业务继续回暖，期待旺季表现,点评,一般报告,国海证券,"许可,李跃森,王航",2023Q4,11741500.0,,29400.0,26900.0,0.0121,359.58,,1.0,12.98,买入,,
600031.SH,三一重工,20230831,三一重工点评报告：中报业绩超预期，工程机械龙头国际化表现亮眼、盈利能力提升,点评,一般报告,浙商证券,"邱世梁,王华君,胡飘",2025Q4,12852500.0,,1165900.0,1030900.0,1.21,12.76,,11.88,7.49,买入,,
688287.SH,观典防务,20230831,观典防务：2023年上半年产销量稳步提升，AI助力无人机禁毒,点评,一般报告,安信证券,"张宝涵,宋子豪",2024Q4,45000.0,,17000.0,15000.0,0.405,28.4,0.6,12.6,16.9,买入,,12.4
688287.SH,观典防务,20230831,观典防务：2023年上半年产销量稳步提升，AI助力无人机禁毒,点评,一般报告,安信证券,"张宝涵,宋子豪",2023Q4,36000.0,,13000.0,11000.0,0.297,36.2,0.3,11.1,21.6,买入,,12.4
688238.SH,和元生物,20230831,和元生物：一站式服务竞争力强劲，GMP基地产能有望释放,点评,一般报告,德邦证券,"陈铁林,刘闯,张俊",2025Q4,69500.0,,9100.0,8100.0,0.125,62.64,0.0,2.2,38.29,买入,,
688238.SH,和元生物,20230831,和元生物：一站式服务竞争力强劲，GMP基地产能有望释放,点评,一般报告,德邦证券,"陈铁林,刘闯,张俊",2024Q4,52300.0,,7600.0,6700.0,0.103,75.51,0.0,1.9,46.45,买入,,
688238.SH,和元生物,20230831,和元生物：一站式服务竞争力强劲，GMP基地产能有望释放,点评,一般报告,德邦证券,"陈铁林,刘闯,张俊",2023Q4,38300.0,,5400.0,4800.0,0.074,104.95,0.0,1.4,54.88,买入,,
688235.SH,百济神州,20230831,百济神州：商业化成绩优异，百悦泽在美销售大放异彩,点评,一般报告,长江证券,"伍云飞,刘长洪",2025Q4,2631000.0,2368900.0,-152400.0,-149400.0,-1.08,,,-10.3,,买入,,
688235.SH,百济神州,20230831,百济神州：商业化成绩优异，百悦泽在美销售大放异彩,点评,一般报告,长江证券,"伍云飞,刘长洪",2024Q4,2124200.0,1927300.0,-453600.0,-444500.0,-3.214,,,-27.8,,买入,,
688235.SH,百济神州,20230831,百济神州：商业化成绩优异，百悦泽在美销售大放异彩,点评,一般报告,长江证券,"伍云飞,刘长洪",2023Q4,1596500.0,1375000.0,-1008300.0,-988100.0,-7.144,,,-48.3,,买入,,
688180.SH,君实生物,20230831,君实生物：产品销售同比快速增长，研发＆商业化同步走向全球化,点评,一般报告,国盛证券,"张金洋,胡偌碧,宋歌",2025Q4,403400.0,,-10200.0,-10500.0,-0.1065,,,-1.5,,买入,,
688180.SH,君实生物,20230831,君实生物：产品销售同比快速增长，研发＆商业化同步走向全球化,点评,一般报告,国盛证券,"张金洋,胡偌碧,宋歌",2024Q4,346800.0,,-63200.0,-65000.0,-0.66,,,-8.8,,买入,,
688180.SH,君实生物,20230831,君实生物：产品销售同比快速增长，研发＆商业化同步走向全球化,点评,一般报告,国盛证券,"张金洋,胡偌碧,宋歌",2023Q4,256600.0,,-148100.0,-150800.0,-1.53,,,-18.7,,买入,,
688117.SH,圣诺生物,20230831,圣诺生物：固相多肽合成赛道龙头，CDMO业务成长中,深度,首次关注,国金证券,赵海春,2025Q4,48752.0,32400.0,8700.0,7600.0,0.68,39.64,,7.89,,增持,,30.68
688117.SH,圣诺生物,20230831,圣诺生物：固相多肽合成赛道龙头，CDMO业务成长中,深度,首次关注,国金证券,赵海春,2024Q4,45613.0,30300.0,7700.0,6800.0,0.607,44.42,,7.44,,增持,,30.68
688117.SH,圣诺生物,20230831,圣诺生物：固相多肽合成赛道龙头，CDMO业务成长中,深度,首次关注,国金证券,赵海春,2023Q4,42026.0,27900.0,7500.0,6600.0,0.586,46.0,,7.56,,增持,,30.68
603997.SH,继峰股份,20230831,继峰股份：乘用车座椅新业务实现量产，扩大全国产能布局——公司简评报告,点评,一般报告,东海证券,黄涵虚,2025Q4,2708700.0,,124500.0,112200.0,0.97,15.0,0.0,20.0,10.0,买入,,
603997.SH,继峰股份,20230831,继峰股份：乘用车座椅新业务实现量产，扩大全国产能布局——公司简评报告,点评,一般报告,东海证券,黄涵虚,2024Q4,2235300.0,,78000.0,69400.0,0.6,24.0,0.0,15.0,13.0,买入,,
603997.SH,继峰股份,20230831,继峰股份：乘用车座椅新业务实现量产，扩大全国产能布局——公司简评报告,点评,一般报告,东海证券,黄涵虚,2023Q4,2003800.0,,44500.0,38900.0,0.34,43.0,0.0,10.0,17.0,买入,,
603908.SH,牧高笛,20230831,牧高笛：上半年收入基本持平，自主品牌业务增长24％,点评,一般报告,国信证券,"丁诗洁,刘佳琪,关竣尹",2025Q4,216400.0,,28700.0,23000.0,3.45,12.8,3.9,28.2,13.0,增持,,
603908.SH,牧高笛,20230831,牧高笛：上半年收入基本持平，自主品牌业务增长24％,点评,一般报告,国信证券,"丁诗洁,刘佳琪,关竣尹",2024Q4,184300.0,,23900.0,19100.0,2.87,15.4,3.2,27.2,15.5,增持,,
603908.SH,牧高笛,20230831,牧高笛：上半年收入基本持平，自主品牌业务增长24％,点评,一般报告,国信证券,"丁诗洁,刘佳琪,关竣尹",2023Q4,151300.0,,17900.0,14400.0,2.15,20.5,2.4,23.7,19.9,增持,,
603899.SH,晨光股份,20230831,晨光股份：传统核心业务有所修复，科力普、九木快速增长,点评,一般报告,中信建投,"叶乐,张舒怡",2025Q4,3317900.0,,279300.0,224700.0,2.42,15.55,,21.34,7.61,买入,,
600031.SH,三一重工,20230831,三一重工点评报告：中报业绩超预期，工程机械龙头国际化表现亮眼、盈利能力提升,点评,一般报告,浙商证券,"邱世梁,王华君,胡飘",2024Q4,10804600.0,,935500.0,827200.0,0.97,15.91,,10.72,9.6,买入,,
600031.SH,三一重工,20230831,三一重工点评报告：中报业绩超预期，工程机械龙头国际化表现亮眼、盈利能力提升,点评,一般报告,浙商证券,"邱世梁,王华君,胡飘",2023Q4,8910400.0,,723900.0,640100.0,0.75,20.55,,9.22,12.26,买入,,
600027.SH,华电国际,20230831,华电国际：上半年投资收益结构变化，看好Q3火电盈利更优,一般,一般报告,广发证券,"郭鹏,姜涛,许子怡",2025Q4,12336100.0,,1540900.0,887500.0,0.87,5.88,,11.3,5.73,买入,,7.77
600027.SH,华电国际,20230831,华电国际：上半年投资收益结构变化，看好Q3火电盈利更优,一般,一般报告,广发证券,"郭鹏,姜涛,许子怡",2024Q4,11936900.0,,1328100.0,765000.0,0.75,6.82,,10.6,6.52,买入,,7.77
600027.SH,华电国际,20230831,华电国际：上半年投资收益结构变化，看好Q3火电盈利更优,一般,一般报告,广发证券,"郭鹏,姜涛,许子怡",2023Q4,11341800.0,,1061200.0,611300.0,0.6,8.53,,9.1,7.82,买入,,7.77
600027.SH,华电国际,20230831,华电国际：经营业绩持续改善，盈利有望进一步提升,点评,一般报告,国信证券,"黄秀杰,郑汉林",2025Q4,12734600.0,,1182000.0,677600.0,0.66,7.7,3.9,9.5,11.5,买入,,
600027.SH,华电国际,20230831,华电国际：经营业绩持续改善，盈利有望进一步提升,点评,一般报告,国信证券,"黄秀杰,郑汉林",2024Q4,12393200.0,,1096700.0,628700.0,0.61,8.3,3.9,9.4,12.3,买入,,
600027.SH,华电国际,20230831,华电国际：经营业绩持续改善，盈利有望进一步提升,点评,一般报告,国信证券,"黄秀杰,郑汉林",2023Q4,11950400.0,,608300.0,516600.0,0.51,10.1,3.9,8.2,14.6,买入,,
301371.SZ,敷尔佳,20230831,敷尔佳：线上直销收入增长，品类渠道拓展塑造品牌力,点评,首次关注,财通证券,"刘洋,李跃博",2025Q4,235811.0,,129540.0,96175.0,2.4,22.01,0.0,17.54,14.0,增持,,
301371.SZ,敷尔佳,20230831,敷尔佳：线上直销收入增长，品类渠道拓展塑造品牌力,点评,首次关注,财通证券,"刘洋,李跃博",2024Q4,216495.0,,120345.0,89398.0,2.23,23.68,0.0,19.77,15.9,增持,,
301371.SZ,敷尔佳,20230831,敷尔佳：线上直销收入增长，品类渠道拓展塑造品牌力,点评,首次关注,财通证券,"刘洋,李跃博",2023Q4,196235.0,,114670.0,84834.0,2.12,24.96,0.0,23.38,17.6,增持,,
301162.SZ,国能日新,20230831,国能日新公司简评报告：业绩稳健增长，创新业务协同发展,点评,首次关注,首创证券,"翟炜,傅梦欣",2025Q4,79050.0,,16140.0,16440.0,1.66,37.8,,11.9,21.94,买入,,
301162.SZ,国能日新,20230831,国能日新公司简评报告：业绩稳健增长，创新业务协同发展,点评,首次关注,首创证券,"翟炜,傅梦欣",2024Q4,60850.0,,11780.0,11990.0,1.21,51.9,,9.8,30.32,买入,,
301162.SZ,国能日新,20230831,国能日新公司简评报告：业绩稳健增长，创新业务协同发展,点评,首次关注,首创证券,"翟炜,傅梦欣",2023Q4,47320.0,,8580.0,8780.0,0.88,70.8,,7.9,42.13,买入,,
301073.SZ,君亭酒店,20230831,君亭酒店2023H1业绩点评：行业景气快速恢复，租金确认影响利润率,点评,一般报告,国泰君安,"刘越男,于清泰",2025Q4,104900.0,,,26200.0,1.35,25.47,1.2,18.9,12.37,增持,,47.25
301073.SZ,君亭酒店,20230831,君亭酒店2023H1业绩点评：行业景气快速恢复，租金确认影响利润率,点评,一般报告,国泰君安,"刘越男,于清泰",2024Q4,82900.0,,,19300.0,0.99,34.54,1.0,16.3,16.88,增持,,47.25
301073.SZ,君亭酒店,20230831,君亭酒店2023H1业绩点评：行业景气快速恢复，租金确认影响利润率,点评,一般报告,国泰君安,"刘越男,于清泰",2023Q4,62300.0,,,12100.0,0.62,55.37,1.0,11.6,24.89,增持,,47.25
301073.SZ,君亭酒店,20230831,君亭酒店2023H1业绩点评：行业景气快速恢复，租金确认影响利润率,点评,一般报告,国泰君安,"刘越男,于清泰",2023Q3,,,,,0.88,,,,,增持,,47.25
301029.SZ,怡合达,20230831,怡合达：光伏增速亮眼，盈利能力维持稳定,点评,一般报告,招商证券,"胡小禹,吴洋,朱艺晴",2025Q4,558100.0,,136400.0,119400.0,2.07,17.8,,26.5,15.3,强烈推荐,,
301029.SZ,怡合达,20230831,怡合达：光伏增速亮眼，盈利能力维持稳定,点评,一般报告,招商证券,"胡小禹,吴洋,朱艺晴",2024Q4,444000.0,,107100.0,93800.0,1.62,22.7,,25.4,19.4,强烈推荐,,
301029.SZ,怡合达,20230831,怡合达：光伏增速亮眼，盈利能力维持稳定,点评,一般报告,招商证券,"胡小禹,吴洋,朱艺晴",2023Q4,337500.0,,80800.0,70800.0,1.22,30.0,,23.6,25.7,强烈推荐,,
300973.SZ,立高食品,20230831,立高食品2023年中报点评：盈利能力显著增强，渠道多元行稳致远,点评,一般报告,东方财富证券,"高博文,景皓",2025Q4,604225.0,,69670.0,56531.0,3.34,18.52,,15.65,10.32,买入,,113.4
300973.SZ,立高食品,20230831,立高食品2023年中报点评：盈利能力显著增强，渠道多元行稳致远,点评,一般报告,东方财富证券,"高博文,景皓",2024Q4,491542.0,,52663.0,42689.0,2.52,24.52,,14.01,14.12,买入,,113.4
300973.SZ,立高食品,20230831,立高食品2023年中报点评：盈利能力显著增强，渠道多元行稳致远,点评,一般报告,东方财富证券,"高博文,景皓",2023Q4,380543.0,,37463.0,30325.0,1.79,34.52,,11.57,19.3,买入,,113.4
300782.SZ,卓胜微,20230831,卓胜微：二季度收入同比环比均实现增长,点评,一般报告,国信证券,"胡剑,胡慧,周靖翔,叶子,詹浏洋,李书颖,连欣然",2025Q4,590400.0,,171000.0,161000.0,3.02,41.7,0.5,13.7,30.7,买入,,
300782.SZ,卓胜微,20230831,卓胜微：二季度收入同比环比均实现增长,点评,一般报告,国信证券,"胡剑,胡慧,周靖翔,叶子,詹浏洋,李书颖,连欣然",2024Q4,502600.0,,141300.0,133000.0,2.49,50.5,0.4,12.7,35.9,买入,,
603899.SH,晨光股份,20230831,晨光股份：传统核心业务有所修复，科力普、九木快速增长,点评,一般报告,中信建投,"叶乐,张舒怡",2024Q4,2818500.0,,239000.0,192200.0,2.07,18.17,,21.11,9.04,买入,,
603899.SH,晨光股份,20230831,晨光股份：传统核心业务有所修复，科力普、九木快速增长,点评,一般报告,中信建投,"叶乐,张舒怡",2023Q4,2382600.0,,202900.0,163200.0,1.76,21.4,,20.7,10.81,买入,,
603605.SH,珀莱雅,20230831,珀莱雅：业绩超预期，品牌力持续强化,一般,一般报告,广发证券,"嵇文欣,王永锋,王薇",2025Q4,1273000.0,,218000.0,170900.0,4.3,25.96,,22.0,16.47,买入,,147.88
603605.SH,珀莱雅,20230831,珀莱雅：业绩超预期，品牌力持续强化,一般,一般报告,广发证券,"嵇文欣,王永锋,王薇",2024Q4,1037100.0,,176100.0,138100.0,3.48,32.12,,22.8,21.36,买入,,147.88
603605.SH,珀莱雅,20230831,珀莱雅：业绩超预期，品牌力持续强化,一般,一般报告,广发证券,"嵇文欣,王永锋,王薇",2023Q4,831400.0,,140500.0,110100.0,2.77,40.27,,23.5,26.94,买入,,147.88
601838.SH,成都银行,20230831,成都银行：信贷投放持续高增，资产质量优上加优,一般,一般报告,财通证券,"夏昌盛,刘斐然",2025Q4,3057800.0,,1968900.0,1771900.0,4.646,2.88,,21.19,,增持,,
601838.SH,成都银行,20230831,成都银行：信贷投放持续高增，资产质量优上加优,一般,一般报告,财通证券,"夏昌盛,刘斐然",2024Q4,2630100.0,,1642900.0,1478500.0,3.877,3.45,,20.98,,增持,,
601838.SH,成都银行,20230831,成都银行：信贷投放持续高增，资产质量优上加优,一般,一般报告,财通证券,"夏昌盛,刘斐然",2023Q4,2274700.0,,1359800.0,1223700.0,3.209,4.16,,20.42,,增持,,
601668.SH,中国建筑,20230831,中国建筑：建筑业务非房占比提升，地产销售继续复苏,点评,一般报告,财通证券,毕春晖,2025Q4,285274354.0,,12166132.0,6358021.0,1.5,3.75,0.0,11.52,3.4,增持,,
601668.SH,中国建筑,20230831,中国建筑：建筑业务非房占比提升，地产销售继续复苏,点评,一般报告,财通证券,毕春晖,2024Q4,256786900.0,,10829951.0,5913153.0,1.4,4.03,0.0,12.11,4.1,增持,,
601668.SH,中国建筑,20230831,中国建筑：建筑业务非房占比提升，地产销售继续复苏,点评,一般报告,财通证券,毕春晖,2023Q4,228852486.0,,9858236.0,5536385.0,1.31,4.31,0.0,12.9,4.6,增持,,
601390.SH,中国中铁,20230831,中国中铁：业绩稳健增长，现金流同比改善,点评,一般报告,财通证券,毕春晖,2025Q4,141373866.0,,6179307.0,4509658.0,1.822,3.83,0.0,10.7,3.8,增持,,
601390.SH,中国中铁,20230831,中国中铁：业绩稳健增长，现金流同比改善,点评,一般报告,财通证券,毕春晖,2024Q4,131542662.0,,5397654.0,3939208.0,1.591,4.41,0.0,10.48,4.9,增持,,
601390.SH,中国中铁,20230831,中国中铁：业绩稳健增长，现金流同比改善,点评,一般报告,财通证券,毕春晖,2023Q4,122564745.0,,4779185.0,3487849.0,1.409,5.01,0.0,10.37,5.8,增持,,
601328.SH,交通银行,20230831,交通银行2023年半年报点评：拨备明显提升，跨境金融服务能力增强,点评,一般报告,海通证券,"孙婷,林加力,董栋梁,徐凝碧",2025Q4,32266500.0,,11493900.0,10816200.0,1.456,3.26,,9.93,,优于大市,,
601328.SH,交通银行,20230831,交通银行2023年半年报点评：拨备明显提升，跨境金融服务能力增强,点评,一般报告,海通证券,"孙婷,林加力,董栋梁,徐凝碧",2024Q4,30246500.0,,10996400.0,10348500.0,1.393,3.45,,10.17,,优于大市,,
601328.SH,交通银行,20230831,交通银行2023年半年报点评：拨备明显提升，跨境金融服务能力增强,点评,一般报告,海通证券,"孙婷,林加力,董栋梁,徐凝碧",2023Q4,28577200.0,,10341800.0,9733200.0,1.311,3.72,,10.23,,优于大市,,
600958.SH,东方证券,20230831,东方证券：二季度增速收敛，机构业务增长强劲,点评,一般报告,国信证券,"孔祥,陈莉",2025Q4,4084400.0,,713100.0,635600.0,0.75,13.84,,7.28,,买入,,
600958.SH,东方证券,20230831,东方证券：二季度增速收敛，机构业务增长强劲,点评,一般报告,国信证券,"孔祥,陈莉",2024Q4,3449200.0,,605300.0,539500.0,0.63,16.3,,6.51,,买入,,
300782.SZ,卓胜微,20230831,卓胜微：二季度收入同比环比均实现增长,点评,一般报告,国信证券,"胡剑,胡慧,周靖翔,叶子,詹浏洋,李书颖,连欣然",2023Q4,405000.0,,106900.0,100700.0,1.89,66.7,0.3,10.6,46.9,买入,,
300724.SZ,捷佳伟创,20230831,捷佳伟创2023半年报点评：2023H1归母净利润同比＋52.39％，多领域持续取得突破,点评,一般报告,国信证券,"吴双,年亚颂",2025Q4,2458700.0,,440400.0,383300.0,11.01,8.0,1.1,26.1,16.4,买入,,
300724.SZ,捷佳伟创,20230831,捷佳伟创2023半年报点评：2023H1归母净利润同比＋52.39％，多领域持续取得突破,点评,一般报告,国信证券,"吴双,年亚颂",2024Q4,1772700.0,,318100.0,276800.0,7.95,11.1,0.9,24.7,18.1,买入,,
300724.SZ,捷佳伟创,20230831,捷佳伟创2023半年报点评：2023H1归母净利润同比＋52.39％，多领域持续取得突破,点评,一般报告,国信证券,"吴双,年亚颂",2023Q4,1024200.0,,192400.0,167400.0,4.81,18.3,0.6,19.3,24.4,买入,,
300682.SZ,朗新科技,20230831,朗新科技：能源业务成长符合预期，充电网络大单落地,点评,一般报告,财通证券,"杨烨,王妍丹",2025Q4,838626.0,,135767.0,131721.0,1.2,17.77,0.0,13.46,15.1,增持,,
300682.SZ,朗新科技,20230831,朗新科技：能源业务成长符合预期，充电网络大单落地,点评,一般报告,财通证券,"杨烨,王妍丹",2024Q4,668410.0,,103212.0,100137.0,0.91,23.38,0.0,11.82,19.6,增持,,
300682.SZ,朗新科技,20230831,朗新科技：能源业务成长符合预期，充电网络大单落地,点评,一般报告,财通证券,"杨烨,王妍丹",2023Q4,530356.0,,76271.0,73998.0,0.67,31.63,0.0,9.91,26.8,增持,,
300661.SZ,圣邦股份,20230831,圣邦股份：二季度收入环比增长24％，新增300余款产品,点评,一般报告,国信证券,"胡剑,胡慧,周靖翔,叶子,詹浏洋,李书颖,连欣然",2025Q4,387600.0,,79400.0,75300.0,1.61,46.4,0.4,15.5,42.4,买入,,
300661.SZ,圣邦股份,20230831,圣邦股份：二季度收入环比增长24％，新增300余款产品,点评,一般报告,国信证券,"胡剑,胡慧,周靖翔,叶子,詹浏洋,李书颖,连欣然",2024Q4,321800.0,,50400.0,47900.0,1.02,73.1,0.2,11.4,65.4,买入,,
300661.SZ,圣邦股份,20230831,圣邦股份：二季度收入环比增长24％，新增300余款产品,点评,一般报告,国信证券,"胡剑,胡慧,周靖翔,叶子,詹浏洋,李书颖,连欣然",2023Q4,272600.0,,27200.0,25800.0,0.55,135.7,0.1,6.8,113.2,买入,,
300624.SZ,万兴科技,20230831,万兴科技2023年半年度报告点评：AI产品持续落地，驱动业绩高增长,点评,一般报告,浙商证券,"刘雯蜀,叶光亮",2025Q4,227900.0,,22000.0,13200.0,0.96,93.95,,10.31,44.28,买入,,
300624.SZ,万兴科技,20230831,万兴科技2023年半年度报告点评：AI产品持续落地，驱动业绩高增长,点评,一般报告,浙商证券,"刘雯蜀,叶光亮",2024Q4,189700.0,,17100.0,10500.0,0.76,118.15,,9.58,55.43,买入,,
300624.SZ,万兴科技,20230831,万兴科技2023年半年度报告点评：AI产品持续落地，驱动业绩高增长,点评,一般报告,浙商证券,"刘雯蜀,叶光亮",2023Q4,153900.0,,13100.0,8100.0,0.59,153.77,,8.51,69.68,买入,,
300073.SZ,当升科技,20230831,当升科技：Q2业绩超预期，海外客户盈利优势明显,一般,一般报告,招商证券,"游家训,周铮",2025Q4,2684480.0,,292500.0,261700.0,5.17,8.6,,15.7,8.2,强烈推荐,57.0,53.0
300073.SZ,当升科技,20230831,当升科技：Q2业绩超预期，海外客户盈利优势明显,一般,一般报告,招商证券,"游家训,周铮",2024Q4,2099520.0,,257700.0,230600.0,4.55,9.7,,15.9,9.7,强烈推荐,57.0,53.0
300073.SZ,当升科技,20230831,当升科技：Q2业绩超预期，海外客户盈利优势明显,一般,一般报告,招商证券,"游家训,周铮",2023Q4,1829800.0,,251200.0,224800.0,4.44,10.0,,18.0,10.6,强烈推荐,57.0,53.0
003022.SZ,联泓新科,20230831,联泓新科：二季度业绩环比改善，新材料项目多管齐下,点评,一般报告,国信证券,"杨林,薛聪",2025Q4,1109700.0,,130200.0,109500.0,0.82,25.0,0.8,12.1,13.9,增持,,
003022.SZ,联泓新科,20230831,联泓新科：二季度业绩环比改善，新材料项目多管齐下,点评,一般报告,国信证券,"杨林,薛聪",2024Q4,953900.0,,104700.0,88100.0,0.66,31.1,0.6,10.8,15.5,增持,,
003022.SZ,联泓新科,20230831,联泓新科：二季度业绩环比改善，新材料项目多管齐下,点评,一般报告,国信证券,"杨林,薛聪",2023Q4,677900.0,,76400.0,64300.0,0.48,42.7,0.5,8.6,21.6,增持,,
002948.SZ,青岛银行,20230831,青岛银行：业绩靓丽，息差稳定,点评,一般报告,招商证券,戴甜甜,2025Q4,1437700.0,,466000.0,444000.0,0.763,4.75,,11.39,,强烈推荐,,3.96
002948.SZ,青岛银行,20230831,青岛银行：业绩靓丽，息差稳定,点评,一般报告,招商证券,戴甜甜,2024Q4,1322000.0,,411000.0,392400.0,0.674,5.47,,11.26,,强烈推荐,,3.96
002948.SZ,青岛银行,20230831,青岛银行：业绩靓丽，息差稳定,点评,一般报告,招商证券,戴甜甜,2023Q4,1228800.0,,368000.0,352300.0,0.605,6.2,,11.31,,强烈推荐,,3.96
002839.SZ,张家港行,20230831,张家港行2023年中报点评：二季度营收增速回升,点评,一般报告,国信证券,"王剑,陈俊良",2025Q4,566300.0,,254200.0,230500.0,1.062,4.6,3.9,13.2,,增持,,
002839.SZ,张家港行,20230831,张家港行2023年中报点评：二季度营收增速回升,点评,一般报告,国信证券,"王剑,陈俊良",2024Q4,520900.0,,229600.0,208200.0,0.96,5.1,3.5,13.2,,增持,,
600958.SH,东方证券,20230831,东方证券：二季度增速收敛，机构业务增长强劲,点评,一般报告,国信证券,"孔祥,陈莉",2023Q4,2777100.0,,491300.0,437800.0,0.52,20.09,,5.53,,买入,,
600900.SH,长江电力,20230831,长江电力：来水好转修复业绩，高股息龙头凸显配置价值,一般,一般报告,广发证券,"郭鹏,姜涛,郝兆升",2025Q4,9019800.0,,4574300.0,3826600.0,1.56,14.11,,15.3,11.61,买入,,25.88
600900.SH,长江电力,20230831,长江电力：来水好转修复业绩，高股息龙头凸显配置价值,一般,一般报告,广发证券,"郭鹏,姜涛,郝兆升",2024Q4,8695900.0,,4335200.0,3626600.0,1.48,14.88,,15.2,12.07,买入,,25.88
600900.SH,长江电力,20230831,长江电力：来水好转修复业绩，高股息龙头凸显配置价值,一般,一般报告,广发证券,"郭鹏,姜涛,郝兆升",2023Q4,7981800.0,,3772100.0,3166800.0,1.29,17.04,,13.9,13.29,买入,,25.88
600593.SH,大连圣亚,20230831,大连圣亚：23H1扭亏为盈，关注新项目建设及IP业务探索,点评,首次关注,财通证券,"刘洋,李跃博",2025Q4,80648.0,,21959.0,18885.0,1.47,10.97,0.0,28.89,5.4,增持,,
600593.SH,大连圣亚,20230831,大连圣亚：23H1扭亏为盈，关注新项目建设及IP业务探索,点评,首次关注,财通证券,"刘洋,李跃博",2024Q4,68422.0,,18018.0,15856.0,1.23,13.07,0.0,34.11,7.7,增持,,
600593.SH,大连圣亚,20230831,大连圣亚：23H1扭亏为盈，关注新项目建设及IP业务探索,点评,首次关注,财通证券,"刘洋,李跃博",2023Q4,52262.0,,13262.0,11936.0,0.93,17.36,0.0,38.97,11.6,增持,,
600115.SH,中国东航,20230831,中国东航：经营环比改善，二季度扣汇亏损大幅收窄,点评,一般报告,国信证券,"姜明,曾凡喆",2025Q4,17566900.0,,2223800.0,1861300.0,0.835,6.0,1.9,24.9,11.3,买入,,
600115.SH,中国东航,20230831,中国东航：经营环比改善，二季度扣汇亏损大幅收窄,点评,一般报告,国信证券,"姜明,曾凡喆",2024Q4,15623700.0,,1572500.0,1316200.0,0.59,8.5,1.4,22.7,14.3,买入,,
600115.SH,中国东航,20230831,中国东航：经营环比改善，二季度扣汇亏损大幅收窄,点评,一般报告,国信证券,"姜明,曾凡喆",2023Q4,12781100.0,,278500.0,233100.0,0.105,47.9,0.2,5.0,28.1,买入,,
002765.SZ,蓝黛科技,20230831,蓝黛科技：业绩短期承压，传动＋触控双轮驱动,点评,一般报告,东北证券,李恒光,2025Q4,477600.0,,49500.0,37400.0,0.57,11.55,0.0,10.35,,买入,,
002765.SZ,蓝黛科技,20230831,蓝黛科技：业绩短期承压，传动＋触控双轮驱动,点评,一般报告,东北证券,李恒光,2024Q4,403800.0,,39400.0,30100.0,0.46,14.33,0.0,9.31,,买入,,
002765.SZ,蓝黛科技,20230831,蓝黛科技：业绩短期承压，传动＋触控双轮驱动,点评,一般报告,东北证券,李恒光,2023Q4,319300.0,,26800.0,18900.0,0.29,22.82,0.0,6.44,,买入,,
002594.SZ,比亚迪,20230831,比亚迪：23Q2单车盈利提升，看好公司高端化布局,点评,一般报告,信达证券,"陆嘉敏,武浩,王欢",2025Q4,90310000.0,,6790000.0,5260000.0,18.07,13.81,,23.3,6.21,买入,,
002594.SZ,比亚迪,20230831,比亚迪：23Q2单车盈利提升，看好公司高端化布局,点评,一般报告,信达证券,"陆嘉敏,武浩,王欢",2024Q4,82370000.0,,4920000.0,3810000.0,13.09,19.05,,22.0,8.17,买入,,
002594.SZ,比亚迪,20230831,比亚迪：23Q2单车盈利提升，看好公司高端化布局,点评,一般报告,信达证券,"陆嘉敏,武浩,王欢",2023Q4,63750000.0,,3610000.0,2790000.0,9.59,26.01,,20.6,11.3,买入,,
002555.SZ,三七互娱,20230831,三七互娱：产品密集上线影响Q2利润，全年业绩总体可期,一般,一般报告,广发证券,"旷实,卢丝雨",2025Q4,2217700.0,,485500.0,424900.0,1.92,12.88,,18.8,7.85,买入,,37.75
002555.SZ,三七互娱,20230831,三七互娱：产品密集上线影响Q2利润，全年业绩总体可期,一般,一般报告,广发证券,"旷实,卢丝雨",2024Q4,2000470.0,,437600.0,382900.0,1.73,14.3,,20.9,10.07,买入,,37.75
002555.SZ,三七互娱,20230831,三七互娱：产品密集上线影响Q2利润，全年业绩总体可期,一般,一般报告,广发证券,"旷实,卢丝雨",2023Q4,1798560.0,,380900.0,334900.0,1.51,16.35,,23.3,12.12,买入,,37.75
001289.SZ,龙源电力,20230831,龙源电力：风光电量稳健增长，装机加速成长空间广阔,一般,一般报告,广发证券,"郭鹏,姜涛,郝兆升",2025Q4,5001400.0,,1616600.0,1153900.0,1.38,14.31,,12.3,7.51,买入,,20.2
001289.SZ,龙源电力,20230831,龙源电力：风光电量稳健增长，装机加速成长空间广阔,一般,一般报告,广发证券,"郭鹏,姜涛,郝兆升",2024Q4,4425600.0,,1387100.0,990100.0,1.18,16.68,,11.7,8.19,买入,,20.2
001289.SZ,龙源电力,20230831,龙源电力：风光电量稳健增长，装机加速成长空间广阔,一般,一般报告,广发证券,"郭鹏,姜涛,郝兆升",2023Q4,3978200.0,,1186200.0,846700.0,1.01,19.5,,11.1,8.97,买入,,20.2
000935.SZ,四川双马,20230831,四川双马2023年半年报点评：投资下滑业绩承压，看好未来业绩释放,点评,一般报告,国泰君安,"刘欣琦,孙坤",2025Q4,239900.0,,,262900.0,3.44,4.83,4.1,22.7,7.08,增持,,33.16
000935.SZ,四川双马,20230831,四川双马2023年半年报点评：投资下滑业绩承压，看好未来业绩释放,点评,一般报告,国泰君安,"刘欣琦,孙坤",2024Q4,201200.0,,,205500.0,2.69,6.18,3.2,21.7,10.32,增持,,33.16
000935.SZ,四川双马,20230831,四川双马2023年半年报点评：投资下滑业绩承压，看好未来业绩释放,点评,一般报告,国泰君安,"刘欣琦,孙坤",2023Q4,177400.0,,,161400.0,2.11,7.87,2.5,20.6,13.02,增持,,33.16
000935.SZ,四川双马,20230831,四川双马2023年半年报点评：投资下滑业绩承压，看好未来业绩释放,点评,一般报告,国泰君安,"刘欣琦,孙坤",2023Q3,,,,,1.38,,,,,增持,,33.16
000776.SZ,广发证券,20230831,广发证券：投资贡献业绩弹性，看好大资管业务核心优势,点评,一般报告,财通证券,"夏昌盛,许盈盈,汪成鹏",2025Q4,3705800.0,,1934700.0,1427800.0,1.87,8.04,,9.48,,增持,,
000776.SZ,广发证券,20230831,广发证券：投资贡献业绩弹性，看好大资管业务核心优势,点评,一般报告,财通证券,"夏昌盛,许盈盈,汪成鹏",2024Q4,3307500.0,,1652700.0,1219700.0,1.6,9.41,,8.78,,增持,,
000776.SZ,广发证券,20230831,广发证券：投资贡献业绩弹性，看好大资管业务核心优势,点评,一般报告,财通证券,"夏昌盛,许盈盈,汪成鹏",2023Q4,2810000.0,,1317000.0,971900.0,1.28,11.81,,7.53,,增持,,
688793.SH,倍轻松,20230831,倍轻松2023半年报点评：成功打造爆品，抖音快速放量,一般,一般报告,国泰君安,"蔡雯娟,李汉颖,田平川",2025Q4,179400.0,,,12700.0,1.48,22.86,3.0,17.0,17.05,谨慎增持,,36.1
002839.SZ,张家港行,20230831,张家港行2023年中报点评：二季度营收增速回升,点评,一般报告,国信证券,"王剑,陈俊良",2023Q4,486100.0,,207500.0,188100.0,0.867,5.7,3.2,12.9,,增持,,
002807.SZ,江阴银行,20230831,江阴银行2023年中报点评：异地扩张稳步推进，降本增效成果显现,点评,一般报告,光大证券,"王一峰,赵晨阳",2025Q4,419200.0,,261100.0,247900.0,1.14,3.25,,13.47,,增持,,
002807.SZ,江阴银行,20230831,江阴银行2023年中报点评：异地扩张稳步推进，降本增效成果显现,点评,一般报告,光大证券,"王一峰,赵晨阳",2024Q4,405300.0,,224800.0,213400.0,0.98,3.78,,12.88,,增持,,
002807.SZ,江阴银行,20230831,江阴银行2023年中报点评：异地扩张稳步推进，降本增效成果显现,点评,一般报告,光大证券,"王一峰,赵晨阳",2023Q4,391500.0,,190400.0,184600.0,0.85,4.37,,12.3,,增持,,
002726.SZ,龙大美食,20230831,龙大美食1H23业绩点评：预制菜占比提升，屠宰短期承压,点评,一般报告,海通国际证券,"宋琦,闻宏伟",2025Q4,2140400.0,,44300.0,34600.0,0.32,23.4,,8.4,,优于大市,,10.24
002726.SZ,龙大美食,20230831,龙大美食1H23业绩点评：预制菜占比提升，屠宰短期承压,点评,一般报告,海通国际证券,"宋琦,闻宏伟",2024Q4,1800000.0,,47200.0,36800.0,0.34,22.0,,10.0,,优于大市,,10.24
002726.SZ,龙大美食,20230831,龙大美食1H23业绩点评：预制菜占比提升，屠宰短期承压,点评,一般报告,海通国际证券,"宋琦,闻宏伟",2023Q4,1457300.0,,-33800.0,-29200.0,-0.27,,,-9.1,,优于大市,,10.24
002567.SZ,唐人神,20230831,唐人神：生猪规模较快增长，养殖成本稳步下行,点评,一般报告,财通证券,余剑秋,2025Q4,3853733.0,,94285.0,87072.0,0.63,10.29,0.0,11.42,7.0,增持,,
002567.SZ,唐人神,20230831,唐人神：生猪规模较快增长，养殖成本稳步下行,点评,一般报告,财通证券,余剑秋,2024Q4,3458785.0,,53121.0,49057.0,0.35,18.27,0.0,7.2,9.2,增持,,
002567.SZ,唐人神,20230831,唐人神：生猪规模较快增长，养殖成本稳步下行,点评,一般报告,财通证券,余剑秋,2023Q4,2922261.0,,-42570.0,-39313.0,-0.28,,0.0,-6.17,23.1,增持,,
002466.SZ,天齐锂业,20230831,天齐锂业：矿价高企影响归母利润，资源冶炼持续扩张,点评,一般报告,安信证券,"覃晶晶,郑九洲",2025Q4,3526880.0,,2932620.0,1229840.0,7.49,7.7,2.7,16.2,2.0,买入,,92.0
002466.SZ,天齐锂业,20230831,天齐锂业：矿价高企影响归母利润，资源冶炼持续扩张,点评,一般报告,安信证券,"覃晶晶,郑九洲",2024Q4,3021450.0,,2451970.0,1049860.0,6.4,9.0,2.3,15.9,2.8,买入,,92.0
002466.SZ,天齐锂业,20230831,天齐锂业：矿价高企影响归母利润，资源冶炼持续扩张,点评,一般报告,安信证券,"覃晶晶,郑九洲",2023Q4,4678270.0,,4024100.0,1096840.0,6.68,8.6,2.4,19.1,1.8,买入,,92.0
002371.SZ,北方华创,20230831,北方华创：国产替代有望加速；盈利能力持续提升,点评,一般报告,海通国际证券,"周扬,蒲得宇",2025Q4,3205700.0,1402000.0,732800.0,644900.0,12.17,22.0,,18.6,,优于大市,,366.0
002371.SZ,北方华创,20230831,北方华创：国产替代有望加速；盈利能力持续提升,点评,一般报告,海通国际证券,"周扬,蒲得宇",2024Q4,2747700.0,1193100.0,630500.0,553300.0,10.442,26.0,,19.2,,优于大市,,366.0
002371.SZ,北方华创,20230831,北方华创：国产替代有望加速；盈利能力持续提升,点评,一般报告,海通国际证券,"周扬,蒲得宇",2023Q4,2030400.0,872100.0,460000.0,393400.0,7.424,36.0,,16.6,,优于大市,,366.0
002315.SZ,焦点科技,20230831,焦点科技深度研究：跨境B2B龙头企业，AI创新增值服务,深度,首次关注,东方财富证券,"高博文,陈子怡,刘雪莹",2025Q4,193274.0,,52288.0,47106.0,1.51,23.16,,14.31,13.46,买入,,44.84
002315.SZ,焦点科技,20230831,焦点科技深度研究：跨境B2B龙头企业，AI创新增值服务,深度,首次关注,东方财富证券,"高博文,陈子怡,刘雪莹",2024Q4,177957.0,,47062.0,42398.0,1.36,25.73,,15.03,15.74,买入,,44.84
688793.SH,倍轻松,20230831,倍轻松2023半年报点评：成功打造爆品，抖音快速放量,一般,一般报告,国泰君安,"蔡雯娟,李汉颖,田平川",2024Q4,154500.0,,,10300.0,1.2,28.15,3.0,16.7,25.14,谨慎增持,,36.1
688793.SH,倍轻松,20230831,倍轻松2023半年报点评：成功打造爆品，抖音快速放量,一般,一般报告,国泰君安,"蔡雯娟,李汉颖,田平川",2023Q4,132800.0,,,7100.0,0.83,40.99,3.0,13.7,37.62,谨慎增持,,36.1
688793.SH,倍轻松,20230831,倍轻松2023半年报点评：成功打造爆品，抖音快速放量,一般,一般报告,国泰君安,"蔡雯娟,李汉颖,田平川",2023Q3,,,,,0.19,,,,,谨慎增持,,36.1
688262.SH,国芯科技,20230831,国芯科技：沉潜蓄势，厚积薄发,点评,首次关注,中邮证券,吴文吉,2025Q4,233700.0,,31400.0,29875.0,0.89,34.63,,9.4,48.84,买入,,
688262.SH,国芯科技,20230831,国芯科技：沉潜蓄势，厚积薄发,点评,首次关注,中邮证券,吴文吉,2024Q4,145200.0,,16700.0,15853.0,0.47,65.26,,5.5,84.01,买入,,
688262.SH,国芯科技,20230831,国芯科技：沉潜蓄势，厚积薄发,点评,首次关注,中邮证券,吴文吉,2023Q4,83500.0,,4400.0,5326.0,0.16,194.23,,2.0,380.34,买入,,
688252.SH,天德钰,20230831,天德钰：二季度收入环增12.6％，预计AMOLED驱动芯片明年贡献营收,点评,首份报告,国信证券,"胡剑,胡慧,周靖翔,叶子,詹浏洋,李书颖,连欣然",2025Q4,164900.0,,22500.0,21400.0,0.52,33.7,0.1,9.3,37.5,增持,,
688252.SH,天德钰,20230831,天德钰：二季度收入环增12.6％，预计AMOLED驱动芯片明年贡献营收,点评,首份报告,国信证券,"胡剑,胡慧,周靖翔,叶子,詹浏洋,李书颖,连欣然",2024Q4,139800.0,,16500.0,15700.0,0.38,45.9,0.0,7.5,53.5,增持,,
688252.SH,天德钰,20230831,天德钰：二季度收入环增12.6％，预计AMOLED驱动芯片明年贡献营收,点评,首份报告,国信证券,"胡剑,胡慧,周靖翔,叶子,詹浏洋,李书颖,连欣然",2023Q4,113700.0,,11000.0,10800.0,0.26,67.0,0.0,5.6,96.7,增持,,
688153.SH,唯捷创芯,20230831,唯捷创芯：二季度收入环比增长80％，预计L－PAMiD下半年大规模出货,点评,首份报告,国信证券,"胡剑,胡慧,周靖翔,叶子,詹浏洋,李书颖,连欣然",2025Q4,365000.0,,39000.0,37100.0,0.89,84.8,0.1,8.5,85.4,增持,,
688153.SH,唯捷创芯,20230831,唯捷创芯：二季度收入环比增长80％，预计L－PAMiD下半年大规模出货,点评,首份报告,国信证券,"胡剑,胡慧,周靖翔,叶子,詹浏洋,李书颖,连欣然",2024Q4,301200.0,,21500.0,20400.0,0.49,154.1,0.1,5.0,146.5,增持,,
688153.SH,唯捷创芯,20230831,唯捷创芯：二季度收入环比增长80％，预计L－PAMiD下半年大规模出货,点评,首份报告,国信证券,"胡剑,胡慧,周靖翔,叶子,詹浏洋,李书颖,连欣然",2023Q4,233700.0,,1700.0,1600.0,0.0383,1920.7,0.0,0.4,599.4,增持,,
688056.SH,莱伯泰科,20230831,莱伯泰科：原料涨价＋新产线投入使用致利润端承压，业务多点开花蓄力长期发展,点评,一般报告,德邦证券,"郭雪,卢璇",2025Q4,59900.0,,11700.0,10000.0,1.49,28.35,0.0,9.5,19.83,增持,,
688056.SH,莱伯泰科,20230831,莱伯泰科：原料涨价＋新产线投入使用致利润端承压，业务多点开花蓄力长期发展,点评,一般报告,德邦证券,"郭雪,卢璇",2024Q4,53000.0,,10100.0,8500.0,1.27,33.39,0.0,8.9,24.13,增持,,
688056.SH,莱伯泰科,20230831,莱伯泰科：原料涨价＋新产线投入使用致利润端承压，业务多点开花蓄力长期发展,点评,一般报告,德邦证券,"郭雪,卢璇",2023Q4,44100.0,,7300.0,6300.0,0.94,45.22,0.0,7.2,33.24,增持,,
603939.SH,益丰药房,20230831,益丰药房2023年半年报点评报告：营业收入稳健高速增长，门店数量高速增加,点评,首次评级,国海证券,"周小刚,年庆功",2025Q4,3629800.0,,356000.0,231000.0,2.29,16.06,,17.0,8.26,买入,,
603939.SH,益丰药房,20230831,益丰药房2023年半年报点评报告：营业收入稳健高速增长，门店数量高速增加,点评,首次评级,国海证券,"周小刚,年庆功",2024Q4,2958800.0,,288300.0,188800.0,1.87,19.65,,16.0,11.03,买入,,
603939.SH,益丰药房,20230831,益丰药房2023年半年报点评报告：营业收入稳健高速增长，门店数量高速增加,点评,首次评级,国海证券,"周小刚,年庆功",2023Q4,2413900.0,,235200.0,155300.0,1.54,23.89,,16.0,14.15,买入,,
603915.SH,国茂股份,20230831,国茂股份：业绩略有承压，行业底部企稳有望复苏向上,点评,首份报告,国信证券,"吴双,王鼎",2025Q4,458200.0,,83600.0,74800.0,1.13,15.3,2.2,16.7,16.1,买入,,
603915.SH,国茂股份,20230831,国茂股份：业绩略有承压，行业底部企稳有望复苏向上,点评,首份报告,国信证券,"吴双,王鼎",2024Q4,375900.0,,68400.0,60500.0,0.91,18.9,1.8,15.2,18.7,买入,,
603915.SH,国茂股份,20230831,国茂股份：业绩略有承压，行业底部企稳有望复苏向上,点评,首份报告,国信证券,"吴双,王鼎",2023Q4,303900.0,,54100.0,48400.0,0.73,23.6,1.4,13.5,23.1,买入,,
603801.SH,志邦家居,20230831,志邦家居：大家居战略稳步推进，股权激励彰显信心,点评,一般报告,中银国际,"郝帅,杨雨钦,丁凡",2025Q4,845000.0,,91700.0,84300.0,1.93,12.8,2.3,18.2,9.8,买入,,
603801.SH,志邦家居,20230831,志邦家居：大家居战略稳步推进，股权激励彰显信心,点评,一般报告,中银国际,"郝帅,杨雨钦,丁凡",2024Q4,732200.0,,80000.0,73600.0,1.69,14.7,2.0,18.2,11.8,买入,,
603801.SH,志邦家居,20230831,志邦家居：大家居战略稳步推进，股权激励彰显信心,点评,一般报告,中银国际,"郝帅,杨雨钦,丁凡",2023Q4,629300.0,,68800.0,63300.0,1.45,17.1,1.8,17.9,13.9,买入,,
603515.SH,欧普照明,20230831,欧普照明：持续优化运营结构，盈利能力提升,点评,一般报告,中银国际,郝帅,2025Q4,1027900.0,,145500.0,125200.0,1.68,12.8,3.8,16.2,5.8,买入,,
603515.SH,欧普照明,20230831,欧普照明：持续优化运营结构，盈利能力提升,点评,一般报告,中银国际,郝帅,2024Q4,910200.0,,125000.0,107500.0,1.44,14.9,3.2,15.2,7.6,买入,,
603515.SH,欧普照明,20230831,欧普照明：持续优化运营结构，盈利能力提升,点评,一般报告,中银国际,郝帅,2023Q4,806100.0,,105600.0,90800.0,1.22,17.6,2.7,13.9,9.4,买入,,
002315.SZ,焦点科技,20230831,焦点科技深度研究：跨境B2B龙头企业，AI创新增值服务,深度,首次关注,东方财富证券,"高博文,陈子怡,刘雪莹",2023Q4,162032.0,,41845.0,37698.0,1.21,28.94,,15.73,18.55,买入,,44.84
002268.SZ,电科网安,20230831,电科网安2023年中报点评：主业绩符合预期，主业稳步推进产品和客户拓展,点评,一般报告,东吴证券,王紫敬,2025Q4,648400.0,,70500.0,67200.0,0.79,31.49,,9.83,,买入,,
002268.SZ,电科网安,20230831,电科网安2023年中报点评：主业绩符合预期，主业稳步推进产品和客户拓展,点评,一般报告,东吴证券,王紫敬,2024Q4,525900.0,,54700.0,52200.0,0.62,40.56,,8.47,,买入,,
002268.SZ,电科网安,20230831,电科网安2023年中报点评：主业绩符合预期，主业稳步推进产品和客户拓展,点评,一般报告,东吴证券,王紫敬,2023Q4,425800.0,,42300.0,40300.0,0.48,52.53,,7.14,,买入,,
002044.SZ,美年健康,20230831,美年健康：中报符合预期，民营体检龙头发展可期,点评,一般报告,华安证券,"谭国超,陈珈蔚",2025Q4,1343400.0,,118200.0,86800.0,0.22,30.68,,9.0,13.77,买入,,
002044.SZ,美年健康,20230831,美年健康：中报符合预期，民营体检龙头发展可期,点评,一般报告,华安证券,"谭国超,陈珈蔚",2024Q4,1209800.0,,98600.0,72000.0,0.18,36.97,,8.2,15.19,买入,,
002044.SZ,美年健康,20230831,美年健康：中报符合预期，民营体检龙头发展可期,点评,一般报告,华安证券,"谭国超,陈珈蔚",2023Q4,1088000.0,,82800.0,60100.0,0.15,44.32,,7.5,17.37,买入,,
002043.SZ,兔宝宝,20230831,兔宝宝2023年中报点评：上半年归母净利润同比＋8.3％，现金流大幅改善,点评,一般报告,国信证券,"陈颖,冯梦琪",2025Q4,1135000.0,,136900.0,100400.0,1.2,9.2,7.0,29.7,8.6,买入,,
002043.SZ,兔宝宝,20230831,兔宝宝2023年中报点评：上半年归母净利润同比＋8.3％，现金流大幅改善,点评,一般报告,国信证券,"陈颖,冯梦琪",2024Q4,1027100.0,,116400.0,85300.0,1.02,10.9,5.1,28.2,9.5,买入,,
002043.SZ,兔宝宝,20230831,兔宝宝2023年中报点评：上半年归母净利润同比＋8.3％，现金流大幅改善,点评,一般报告,国信证券,"陈颖,冯梦琪",2023Q4,907300.0,,95500.0,70000.0,0.83,13.2,4.3,26.4,11.1,买入,,
002032.SZ,苏泊尔,20230831,苏泊尔：Q2内外销环比均改善，业绩符合预期——2023年中报点评,点评,一般报告,国泰君安,"蔡雯娟,李汉颖,田平川",2025Q4,2537600.0,,,286300.0,3.55,13.52,3.7,26.3,10.29,增持,,61.0
002032.SZ,苏泊尔,20230831,苏泊尔：Q2内外销环比均改善，业绩符合预期——2023年中报点评,点评,一般报告,国泰君安,"蔡雯娟,李汉颖,田平川",2024Q4,2298900.0,,,257400.0,3.19,15.03,3.3,27.3,12.03,增持,,61.0
002032.SZ,苏泊尔,20230831,苏泊尔：Q2内外销环比均改善，业绩符合预期——2023年中报点评,点评,一般报告,国泰君安,"蔡雯娟,李汉颖,田平川",2023Q4,2074700.0,,,223000.0,2.76,17.36,2.9,27.4,14.47,增持,,61.0
002032.SZ,苏泊尔,20230831,苏泊尔：Q2内外销环比均改善，业绩符合预期——2023年中报点评,点评,一般报告,国泰君安,"蔡雯娟,李汉颖,田平川",2023Q3,,,,,1.66,,,,,增持,,61.0
000998.SZ,隆平高科,20230831,隆平高科：主业高增趋势确立，新季表现值得期待,点评,一般报告,招商证券,"朱卫华,李秋燕",2025Q4,940000.0,,103700.0,81900.0,0.62,24.2,,13.0,17.5,强烈推荐,,
000998.SZ,隆平高科,20230831,隆平高科：主业高增趋势确立，新季表现值得期待,点评,一般报告,招商证券,"朱卫华,李秋燕",2024Q4,768400.0,,80800.0,64100.0,0.49,31.0,,11.2,19.7,强烈推荐,,
000998.SZ,隆平高科,20230831,隆平高科：主业高增趋势确立，新季表现值得期待,点评,一般报告,招商证券,"朱卫华,李秋燕",2023Q4,609700.0,,57800.0,42800.0,0.32,46.4,,8.1,22.1,强烈推荐,,
000811.SZ,冰轮环境,20230831,冰轮环境2023H1点评：Q2业绩同比翻倍，股权激励方案已获批,一般,一般报告,长江证券,"徐科,任楠,贾少波,李博文",2025Q4,1303400.0,316300.0,122800.0,107500.0,1.44,11.8,,15.3,6.81,买入,,
000811.SZ,冰轮环境,20230831,冰轮环境2023H1点评：Q2业绩同比翻倍，股权激励方案已获批,一般,一般报告,长江证券,"徐科,任楠,贾少波,李博文",2024Q4,1042700.0,251700.0,95800.0,83900.0,1.12,15.1,,13.6,10.41,买入,,
000811.SZ,冰轮环境,20230831,冰轮环境2023H1点评：Q2业绩同比翻倍，股权激励方案已获批,一般,一般报告,长江证券,"徐科,任楠,贾少波,李博文",2023Q4,816800.0,195600.0,80700.0,70600.0,0.95,18.0,,12.8,15.3,买入,,
000785.SZ,居然之家,20230831,居然之家：23H1业绩保持稳健，引领家居新零售转型,点评,一般报告,安信证券,罗乾生,2025Q4,1797870.0,,339510.0,241260.0,0.384,10.1,6.0,10.7,,买入,,6.0
000785.SZ,居然之家,20230831,居然之家：23H1业绩保持稳健，引领家居新零售转型,点评,一般报告,安信证券,罗乾生,2024Q4,1610560.0,,293830.0,207800.0,0.331,11.8,4.8,9.6,,买入,,6.0
603237.SH,五芳斋,20230831,五芳斋2023年中报点评：温和复苏，顺势优化渠道,点评,一般报告,国元证券,"邓晖,朱宇昊,袁帆,单蕾",2025Q4,384284.0,,44619.0,31078.0,2.16,13.77,,13.92,6.07,增持,,
603237.SH,五芳斋,20230831,五芳斋2023年中报点评：温和复苏，顺势优化渠道,点评,一般报告,国元证券,"邓晖,朱宇昊,袁帆,单蕾",2024Q4,329845.0,,34747.0,24236.0,1.68,17.66,,12.08,7.44,增持,,
603237.SH,五芳斋,20230831,五芳斋2023年中报点评：温和复苏，顺势优化渠道,点评,一般报告,国元证券,"邓晖,朱宇昊,袁帆,单蕾",2023Q4,281093.0,,27216.0,19061.0,1.33,22.45,,10.41,9.61,增持,,
603233.SH,大参林,20230831,大参林：业绩增长稳健，处方外流承接能力不断提升,点评,一般报告,华西证券,"崔文亮,曹艳凯",2025Q4,4239400.0,,278300.0,206400.0,1.812,12.23,,18.2,,无,,
603233.SH,大参林,20230831,大参林：业绩增长稳健，处方外流承接能力不断提升,点评,一般报告,华西证券,"崔文亮,曹艳凯",2024Q4,3395200.0,,228700.0,168900.0,1.483,14.94,,18.2,,无,,
603233.SH,大参林,20230831,大参林：业绩增长稳健，处方外流承接能力不断提升,点评,一般报告,华西证券,"崔文亮,曹艳凯",2023Q4,2693500.0,,181900.0,135500.0,1.19,18.62,,17.9,,无,,
603105.SH,芯能科技,20230831,芯能科技2023年中报点评：电站规模稳步增长，绿证落地增厚利润,点评,一般报告,东方财富证券,"周旭辉,唐硕",2025Q4,112792.0,,45600.0,40584.0,0.81,17.65,,15.94,7.74,增持,,
603105.SH,芯能科技,20230831,芯能科技2023年中报点评：电站规模稳步增长，绿证落地增厚利润,点评,一般报告,东方财富证券,"周旭辉,唐硕",2024Q4,95295.0,,36771.0,32726.0,0.65,21.89,,14.74,8.78,增持,,
603105.SH,芯能科技,20230831,芯能科技2023年中报点评：电站规模稳步增长，绿证落地增厚利润,点评,一般报告,东方财富证券,"周旭辉,唐硕",2023Q4,77825.0,,28439.0,25311.0,0.51,28.31,,12.91,11.03,增持,,
601995.SH,中金公司,20230831,中金公司公司点评报告1H23业绩点评：财富管理韧性凸显，股衍业务有望受益资本约束放宽,点评,一般报告,方正证券,曹柳龙,2025Q4,3100600.0,,1254400.0,1047200.0,2.169,19.5,,10.4,,推荐,,
601995.SH,中金公司,20230831,中金公司公司点评报告1H23业绩点评：财富管理韧性凸显，股衍业务有望受益资本约束放宽,点评,一般报告,方正证券,曹柳龙,2024Q4,2790200.0,,1111600.0,927900.0,1.922,22.1,,10.0,,推荐,,
601995.SH,中金公司,20230831,中金公司公司点评报告1H23业绩点评：财富管理韧性凸显，股衍业务有望受益资本约束放宽,点评,一般报告,方正证券,曹柳龙,2023Q4,2519800.0,,918900.0,767000.0,1.589,27.0,,8.6,,推荐,,
601988.SH,中国银行,20230831,中国银行2023年中报点评：特色优势赋能，财务质效稳健,点评,一般报告,中信证券,"肖斐斐,彭博,林楠",2025Q4,74715000.0,,33739800.0,26735900.0,0.908,4.39,,,,增持,,4.6
601988.SH,中国银行,20230831,中国银行2023年中报点评：特色优势赋能，财务质效稳健,点评,一般报告,中信证券,"肖斐斐,彭博,林楠",2024Q4,69304500.0,,31373700.0,24860900.0,0.844,4.74,,,,增持,,4.6
601988.SH,中国银行,20230831,中国银行2023年中报点评：特色优势赋能，财务质效稳健,点评,一般报告,中信证券,"肖斐斐,彭博,林楠",2023Q4,65333000.0,,29331000.0,23242300.0,0.79,5.1,,,,增持,,4.6
601985.SH,中国核电,20230831,中国核电：下半年电量增长有望加速，在建＋核准核电超过1500万千瓦,点评,首次评级,银河证券,"陶贻功,严明,梁悠南",2025Q4,8428188.0,,2525155.0,1201974.0,0.64,11.28,,10.08,6.57,推荐,,
601985.SH,中国核电,20230831,中国核电：下半年电量增长有望加速，在建＋核准核电超过1500万千瓦,点评,首次评级,银河证券,"陶贻功,严明,梁悠南",2024Q4,8015275.0,,2362814.0,1124699.0,0.6,12.05,,10.49,7.05,推荐,,
601985.SH,中国核电,20230831,中国核电：下半年电量增长有望加速，在建＋核准核电超过1500万千瓦,点评,首次评级,银河证券,"陶贻功,严明,梁悠南",2023Q4,7486325.0,,2178428.0,1036932.0,0.55,13.08,,10.81,7.96,推荐,,
601818.SH,光大银行,20230831,光大银行2023年半年报点评：绿色和科创贷款增量明显，零售金融支持营收,点评,一般报告,海通证券,"孙婷,林加力,董栋梁,徐凝碧",2025Q4,18266200.0,,6640000.0,5305300.0,0.9,2.49,,10.02,,优于大市,,
601818.SH,光大银行,20230831,光大银行2023年半年报点评：绿色和科创贷款增量明显，零售金融支持营收,点评,一般报告,海通证券,"孙婷,林加力,董栋梁,徐凝碧",2024Q4,16998000.0,,6252400.0,4994300.0,0.845,2.67,,10.13,,优于大市,,
601818.SH,光大银行,20230831,光大银行2023年半年报点评：绿色和科创贷款增量明显，零售金融支持营收,点评,一般报告,海通证券,"孙婷,林加力,董栋梁,徐凝碧",2023Q4,15995300.0,,5869700.0,4687200.0,0.793,2.84,,10.21,,优于大市,,
601688.SH,华泰证券,20230831,华泰证券2023中报点评：资管自营收入高增，行业优势地位巩固,点评,首次评级,东北证券,郑君怡,2025Q4,4802300.0,,,1494500.0,1.647,9.52,4.37,6.9,,买入,,
601688.SH,华泰证券,20230831,华泰证券2023中报点评：资管自营收入高增，行业优势地位巩固,点评,首次评级,东北证券,郑君怡,2024Q4,4412300.0,,,1394800.0,1.537,10.21,4.05,7.23,,买入,,
000785.SZ,居然之家,20230831,居然之家：23H1业绩保持稳健，引领家居新零售转型,点评,一般报告,安信证券,罗乾生,2023Q4,1461350.0,,246580.0,179510.0,0.286,13.6,3.6,8.6,,买入,,6.0
000596.SZ,古井贡酒,20230831,古井贡酒：利润超预期，盈利改善持续兑现,点评,一般报告,广发证券,"王永锋,邓周贵,徐锡联",2025Q4,3188900.0,,972300.0,694600.0,13.14,21.92,,22.25,13.42,买入,,330.25
000596.SZ,古井贡酒,20230831,古井贡酒：利润超预期，盈利改善持续兑现,点评,一般报告,广发证券,"王永锋,邓周贵,徐锡联",2024Q4,2612300.0,,778600.0,558600.0,10.57,27.26,,21.76,17.29,买入,,330.25
000596.SZ,古井贡酒,20230831,古井贡酒：利润超预期，盈利改善持续兑现,点评,一般报告,广发证券,"王永锋,邓周贵,徐锡联",2023Q4,2090800.0,,606600.0,436400.0,8.26,34.89,,20.31,22.64,买入,,330.25
000539.SZ,粤电力A,20230831,粤电力A：盈利持续改善，火电盈利有望进一步提升,点评,一般报告,国信证券,"黄秀杰,郑汉林",2025Q4,8131000.0,,606800.0,406744.0,0.77,8.2,1.2,14.3,13.6,买入,,
000539.SZ,粤电力A,20230831,粤电力A：盈利持续改善，火电盈利有望进一步提升,点评,一般报告,国信证券,"黄秀杰,郑汉林",2024Q4,6943900.0,,435900.0,292163.0,0.56,11.4,0.9,11.8,15.0,买入,,
000539.SZ,粤电力A,20230831,粤电力A：盈利持续改善，火电盈利有望进一步提升,点评,一般报告,国信证券,"黄秀杰,郑汉林",2023Q4,6095800.0,,307400.0,206048.0,0.39,16.2,0.6,9.3,16.1,买入,,
601336.SH,新华保险,20230831,新华保险：银保转型持续深化，投资承压弹性凸显,点评,一般报告,安信证券,张经纬,2025Q4,26476600.0,,2551300.0,2040500.0,6.54,6.19,,,,买入,,48.0
601336.SH,新华保险,20230831,新华保险：银保转型持续深化，投资承压弹性凸显,点评,一般报告,安信证券,张经纬,2024Q4,25178300.0,,2243900.0,1794700.0,5.75,7.04,,,,买入,,48.0
601336.SH,新华保险,20230831,新华保险：银保转型持续深化，投资承压弹性凸显,点评,一般报告,安信证券,张经纬,2023Q4,23602100.0,,1633800.0,1306700.0,4.19,9.67,,,,买入,,48.0
600398.SH,海澜之家,20230831,海澜之家：商旅复苏下主品牌增长亮眼，团购等其他业务势头良好,点评,一般报告,中信建投,"叶乐,魏中泰",2025Q4,2700500.0,,473900.0,351900.0,0.81,9.3,,18.3,2.8,买入,,
600398.SH,海澜之家,20230831,海澜之家：商旅复苏下主品牌增长亮眼，团购等其他业务势头良好,点评,一般报告,中信建投,"叶乐,魏中泰",2024Q4,2445900.0,,424300.0,315200.0,0.73,10.3,,18.0,3.7,买入,,
600398.SH,海澜之家,20230831,海澜之家：商旅复苏下主品牌增长亮眼，团购等其他业务势头良好,点评,一般报告,中信建投,"叶乐,魏中泰",2023Q4,2177100.0,,373700.0,277400.0,0.64,11.7,,17.4,4.1,买入,,
300763.SZ,锦浪科技,20230831,锦浪科技：盈利能力持续提升，全球品牌力兑现,点评,一般报告,广发证券,"陈子坤,纪成炜,曹瑞元",2025Q4,2398400.0,,480300.0,430100.0,10.73,7.15,,31.3,3.5,买入,,129.92
300763.SZ,锦浪科技,20230831,锦浪科技：盈利能力持续提升，全球品牌力兑现,点评,一般报告,广发证券,"陈子坤,纪成炜,曹瑞元",2024Q4,1737000.0,,346200.0,310000.0,7.73,9.93,,32.9,5.41,买入,,129.92
300763.SZ,锦浪科技,20230831,锦浪科技：盈利能力持续提升，全球品牌力兑现,点评,一般报告,广发证券,"陈子坤,纪成炜,曹瑞元",2023Q4,1160400.0,,232600.0,208300.0,5.2,14.77,,32.9,8.44,买入,,129.92
300737.SZ,科顺股份,20230831,科顺股份2023年中报点评：减值计提拖累业绩，盈利能力和质量有待修复,点评,一般报告,国信证券,"陈颖,冯梦琪",2025Q4,1275700.0,,88500.0,79700.0,0.68,11.9,1.7,11.3,15.1,买入,,
300737.SZ,科顺股份,20230831,科顺股份2023年中报点评：减值计提拖累业绩，盈利能力和质量有待修复,点评,一般报告,国信证券,"陈颖,冯梦琪",2024Q4,1085700.0,,68000.0,61300.0,0.52,15.5,1.3,9.6,16.9,买入,,
300737.SZ,科顺股份,20230831,科顺股份2023年中报点评：减值计提拖累业绩，盈利能力和质量有待修复,点评,一般报告,国信证券,"陈颖,冯梦琪",2023Q4,907800.0,,41700.0,37600.0,0.32,25.2,0.8,6.4,20.0,买入,,
002984.SZ,森麒麟,20230831,森麒麟：23Q2利润创新高，轮胎行业景气上行,点评,一般报告,广发证券,"邓先河,吴鑫然,郭齐坤",2025Q4,1292000.0,,210200.0,202400.0,2.72,12.13,,13.7,6.87,买入,,39.14
002984.SZ,森麒麟,20230831,森麒麟：23Q2利润创新高，轮胎行业景气上行,点评,一般报告,广发证券,"邓先河,吴鑫然,郭齐坤",2024Q4,1049200.0,,191600.0,184500.0,2.48,13.31,,15.5,8.89,买入,,39.14
002984.SZ,森麒麟,20230831,森麒麟：23Q2利润创新高，轮胎行业景气上行,点评,一般报告,广发证券,"邓先河,吴鑫然,郭齐坤",2023Q4,841800.0,,152500.0,145600.0,1.96,16.86,,15.7,10.48,买入,,39.14
688120.SH,华海清科,20230831,华海清科：业绩高速增长，新业务发展良好,点评,一般报告,财通证券,张益敏,2025Q4,471525.0,,144848.0,130468.0,8.21,24.0,0.0,16.77,15.7,增持,,
688120.SH,华海清科,20230831,华海清科：业绩高速增长，新业务发展良好,点评,一般报告,财通证券,张益敏,2024Q4,353137.0,,107905.0,97193.0,6.12,32.22,0.0,15.01,23.7,增持,,
688120.SH,华海清科,20230831,华海清科：业绩高速增长，新业务发展良好,点评,一般报告,财通证券,张益敏,2023Q4,279316.0,,84879.0,76453.0,4.81,40.96,0.0,13.9,29.4,增持,,
603883.SH,老百姓,20230831,老百姓2023年半年报点评报告：门店数量高速增加，收入保持良好势头,点评,首次评级,国海证券,"周小刚,年庆功",2025Q4,3604800.0,,246000.0,149600.0,2.56,10.04,,16.0,3.58,买入,,
603883.SH,老百姓,20230831,老百姓2023年半年报点评报告：门店数量高速增加，收入保持良好势头,点评,首次评级,国海证券,"周小刚,年庆功",2024Q4,2968900.0,,193600.0,120800.0,2.06,12.43,,15.0,5.11,买入,,
603883.SH,老百姓,20230831,老百姓2023年半年报点评报告：门店数量高速增加，收入保持良好势头,点评,首次评级,国海证券,"周小刚,年庆功",2023Q4,2446700.0,,151500.0,96900.0,1.66,15.49,,13.0,6.66,买入,,
603659.SH,璞泰来,20230831,璞泰来：负极量增利减，平台化布局成效显著－－－2023半年报点评,点评,首份报告,东北证券,"周颖,岳挺",2025Q4,3328800.0,,709300.0,592400.0,2.94,11.14,2.74,24.61,,买入,,
603659.SH,璞泰来,20230831,璞泰来：负极量增利减，平台化布局成效显著－－－2023半年报点评,点评,首份报告,东北证券,"周颖,岳挺",2024Q4,2678500.0,,577100.0,480400.0,2.38,13.73,2.22,24.5,,买入,,
603659.SH,璞泰来,20230831,璞泰来：负极量增利减，平台化布局成效显著－－－2023半年报点评,点评,首份报告,东北证券,"周颖,岳挺",2023Q4,1904200.0,,394700.0,327900.0,1.63,20.12,1.51,20.75,,买入,,
603477.SH,巨星农牧,20230831,巨星农牧：成本优势明显，规模较快增长,点评,一般报告,财通证券,余剑秋,2025Q4,1077534.0,,75596.0,77048.0,1.52,17.29,0.0,15.9,13.3,增持,,
603477.SH,巨星农牧,20230831,巨星农牧：成本优势明显，规模较快增长,点评,一般报告,财通证券,余剑秋,2024Q4,853590.0,,74483.0,75914.0,1.5,17.55,0.0,17.84,14.3,增持,,
603477.SH,巨星农牧,20230831,巨星农牧：成本优势明显，规模较快增长,点评,一般报告,财通证券,余剑秋,2023Q4,545771.0,,12343.0,12580.0,0.25,105.89,0.0,3.45,37.1,增持,,
603098.SH,森特股份,20230831,森特股份：持续发挥双品牌优势，BIPV业务快速发展－－－半年报点评,点评,一般报告,东北证券,"王小勇,庄嘉骏,张凯",2025Q4,684900.0,,15300.0,12400.0,0.23,87.75,0.64,4.33,,增持,,
603098.SH,森特股份,20230831,森特股份：持续发挥双品牌优势，BIPV业务快速发展－－－半年报点评,点评,一般报告,东北证券,"王小勇,庄嘉骏,张凯",2024Q4,574900.0,,13800.0,11200.0,0.21,97.21,0.44,3.99,,增持,,
603098.SH,森特股份,20230831,森特股份：持续发挥双品牌优势，BIPV业务快速发展－－－半年报点评,点评,一般报告,东北证券,"王小勇,庄嘉骏,张凯",2023Q4,488200.0,,12500.0,10100.0,0.19,107.39,0.32,3.69,,增持,,
601991.SH,大唐发电,20230831,大唐发电2023中报点评：煤电盈利大幅修复，三季度有望持续改善,点评,一般报告,国海证券,"杨阳,许紫荆",2025Q4,14036400.0,,1248900.0,617000.0,0.33,8.34,,8.0,6.51,买入,,
601991.SH,大唐发电,20230831,大唐发电2023中报点评：煤电盈利大幅修复，三季度有望持续改善,点评,一般报告,国海证券,"杨阳,许紫荆",2024Q4,13005400.0,,943400.0,466000.0,0.25,11.04,,7.0,7.02,买入,,
601991.SH,大唐发电,20230831,大唐发电2023中报点评：煤电盈利大幅修复，三季度有望持续改善,点评,一般报告,国海证券,"杨阳,许紫荆",2023Q4,12533300.0,,603100.0,352800.0,0.19,14.58,,5.0,7.74,买入,,
601989.SH,中国重工,20230831,中国重工：二季度业绩显著改善，民船订单高质量增长,点评,一般报告,招商证券,"胡小禹,吴洋,朱艺晴",2025Q4,7890000.0,,852000.0,753100.0,0.33,12.7,,8.6,19.7,强烈推荐,,
601989.SH,中国重工,20230831,中国重工：二季度业绩显著改善，民船订单高质量增长,点评,一般报告,招商证券,"胡小禹,吴洋,朱艺晴",2024Q4,6594300.0,,531900.0,470500.0,0.21,20.4,,5.3,38.8,强烈推荐,,
601989.SH,中国重工,20230831,中国重工：二季度业绩显著改善，民船订单高质量增长,点评,一般报告,招商证券,"胡小禹,吴洋,朱艺晴",2023Q4,5223200.0,,147400.0,131000.0,0.0575,73.1,,1.5,,强烈推荐,,
601633.SH,长城汽车,20230831,长城汽车：Q2盈利能力改善，新能源加速转型,点评,一般报告,东北证券,"李恒光,史久杰",2025Q4,21112300.0,,1316900.0,1236000.0,1.45,17.95,0.0,14.04,,增持,,
601633.SH,长城汽车,20230831,长城汽车：Q2盈利能力改善，新能源加速转型,点评,一般报告,东北证券,"李恒光,史久杰",2024Q4,18393100.0,,887200.0,832700.0,0.98,26.64,0.0,11.01,,增持,,
601633.SH,长城汽车,20230831,长城汽车：Q2盈利能力改善，新能源加速转型,点评,一般报告,东北证券,"李恒光,史久杰",2023Q4,16414500.0,,532100.0,499400.0,0.59,44.42,0.0,7.42,,增持,,
601615.SH,明阳智能,20230831,明阳智能：2Q23盈利环比改善，业绩符合预期,点评,一般报告,国金证券,"姚遥,胡竞楠",2025Q4,5196700.0,1045500.0,774700.0,690000.0,3.037,4.92,,16.59,,买入,,
601615.SH,明阳智能,20230831,明阳智能：2Q23盈利环比改善，业绩符合预期,点评,一般报告,国金证券,"姚遥,胡竞楠",2024Q4,4723400.0,929300.0,634400.0,565100.0,2.487,6.0,,15.67,,买入,,
601615.SH,明阳智能,20230831,明阳智能：2Q23盈利环比改善，业绩符合预期,点评,一般报告,国金证券,"姚遥,胡竞楠",2023Q4,3649000.0,802500.0,485500.0,432600.0,1.904,7.84,,13.71,,买入,,
601166.SH,兴业银行,20230831,兴业银行：1H23业绩增速边际改善，拨备提升,点评,一般报告,招商证券,邵春雨,2025Q4,24239000.0,,11350000.0,10038900.0,4.83,3.27,,12.22,,强烈推荐,,20.7
601166.SH,兴业银行,20230831,兴业银行：1H23业绩增速边际改善，拨备提升,点评,一般报告,招商证券,邵春雨,2024Q4,23283400.0,,10760000.0,9512800.0,4.58,3.45,,12.65,,强烈推荐,,20.7
601166.SH,兴业银行,20230831,兴业银行：1H23业绩增速边际改善，拨备提升,点评,一般报告,招商证券,邵春雨,2023Q4,22287100.0,,10210000.0,9010100.0,4.34,3.64,,13.11,,强烈推荐,,20.7
600795.SH,国电电力,20230831,国电电力2023年半年报点评：煤电业绩修复贡献利润主要增量，下半年绿电投产有望增加,点评,一般报告,国海证券,"杨阳,钟琪",2025Q4,21145500.0,,2553300.0,919200.0,0.52,6.81,,14.0,5.36,买入,,
600795.SH,国电电力,20230831,国电电力2023年半年报点评：煤电业绩修复贡献利润主要增量，下半年绿电投产有望增加,点评,一般报告,国海证券,"杨阳,钟琪",2024Q4,20093700.0,,2231800.0,803500.0,0.45,7.79,,14.0,5.77,买入,,
600795.SH,国电电力,20230831,国电电力2023年半年报点评：煤电业绩修复贡献利润主要增量，下半年绿电投产有望增加,点评,一般报告,国海证券,"杨阳,钟琪",2023Q4,19166300.0,,1968500.0,708700.0,0.4,8.83,,15.0,6.28,买入,,
600258.SH,首旅酒店,20230831,首旅酒店：Q2开店环比改善，关注旺季直营店业绩弹性,点评,一般报告,东北证券,"李慧,李昊臻",2025Q4,945100.0,,186800.0,124900.0,1.12,15.91,0.0,9.12,,买入,,
600258.SH,首旅酒店,20230831,首旅酒店：Q2开店环比改善，关注旺季直营店业绩弹性,点评,一般报告,东北证券,"李慧,李昊臻",2024Q4,871900.0,,154300.0,102300.0,0.92,19.42,0.0,8.27,,买入,,
600258.SH,首旅酒店,20230831,首旅酒店：Q2开店环比改善，关注旺季直营店业绩弹性,点评,一般报告,东北证券,"李慧,李昊臻",2023Q4,772000.0,,106700.0,73500.0,0.66,27.03,0.0,6.53,,买入,,
600258.SH,首旅酒店,20230831,首旅酒店：提价带动经营指标恢复，销售费用增长推广力度提升,点评,一般报告,中信建投,"于佳琪,刘乐文,陈如练",2025Q4,954817.0,,,126995.0,1.14,15.65,,10.08,,增持,,
600258.SH,首旅酒店,20230831,首旅酒店：提价带动经营指标恢复，销售费用增长推广力度提升,点评,一般报告,中信建投,"于佳琪,刘乐文,陈如练",2024Q4,888513.0,,,104246.0,0.93,19.07,,8.9,,增持,,
600258.SH,首旅酒店,20230831,首旅酒店：提价带动经营指标恢复，销售费用增长推广力度提升,点评,一般报告,中信建投,"于佳琪,刘乐文,陈如练",2023Q4,801475.0,,,70025.0,0.63,28.38,,6.38,,增持,,
600199.SH,金种子酒,20230831,金种子酒：二季度扭亏为盈，改革成果逐步落地,点评,一般报告,信达证券,"马铮,满静雅",2025Q4,481300.0,,90700.0,67800.0,1.03,24.03,,19.3,12.45,买入,,
600199.SH,金种子酒,20230831,金种子酒：二季度扭亏为盈，改革成果逐步落地,点评,一般报告,信达证券,"马铮,满静雅",2024Q4,329500.0,,45700.0,34200.0,0.52,47.7,,11.7,20.98,买入,,
600199.SH,金种子酒,20230831,金种子酒：二季度扭亏为盈，改革成果逐步落地,点评,一般报告,信达证券,"马铮,满静雅",2023Q4,192800.0,,12500.0,10300.0,0.16,158.88,,3.9,40.53,买入,,
600196.SH,复星医药,20230831,复星医药：抗疫产品拖累当期业绩，创新转型成果持续显现,点评,一般报告,光大证券,"黄素青,林小伟,王明瑞,吴佳青,叶思奥",2025Q4,5912500.0,,734000.0,589600.0,2.21,13.0,2.3,10.59,17.1,买入,,
600196.SH,复星医药,20230831,复星医药：抗疫产品拖累当期业绩，创新转型成果持续显现,点评,一般报告,光大证券,"黄素青,林小伟,王明瑞,吴佳青,叶思奥",2024Q4,5146700.0,,618900.0,497200.0,1.86,15.0,2.0,9.7,20.0,买入,,
600196.SH,复星医药,20230831,复星医药：抗疫产品拖累当期业绩，创新转型成果持续显现,点评,一般报告,光大证券,"黄素青,林小伟,王明瑞,吴佳青,叶思奥",2023Q4,4442100.0,,507200.0,407400.0,1.52,19.0,1.6,8.57,24.3,买入,,
600195.SH,中牧股份,20230831,中牧股份：禽苗原料药暂承压，产品研发拓展持续推进,点评,一般报告,财通证券,余剑秋,2025Q4,802620.0,,101935.0,89515.0,0.88,13.21,0.0,12.81,9.5,增持,,
600195.SH,中牧股份,20230831,中牧股份：禽苗原料药暂承压，产品研发拓展持续推进,点评,一般报告,财通证券,余剑秋,2024Q4,721279.0,,84195.0,73936.0,0.72,15.99,0.0,11.71,11.8,增持,,
600195.SH,中牧股份,20230831,中牧股份：禽苗原料药暂承压，产品研发拓展持续推进,点评,一般报告,财通证券,余剑秋,2023Q4,648502.0,,71120.0,62455.0,0.61,18.93,0.0,10.84,14.0,增持,,
600115.SH,中国东航,20230831,中国东航：客公里收益表现良好，国际线恢复弹性可期,点评,一般报告,中金,"赵欣悦,郑学建,吴其坤,张骁瀚,冯启斌,杨鑫",2024Q4,15628900.0,,2590400.0,1794330.0,0.8,5.4,0.0,33.8,5.9,跑赢行业,,6.8
600115.SH,中国东航,20230831,中国东航：客公里收益表现良好，国际线恢复弹性可期,点评,一般报告,中金,"赵欣悦,郑学建,吴其坤,张骁瀚,冯启斌,杨鑫",2023Q4,10858900.0,,11200.0,7788.0,0.0035,,0.0,0.2,17.8,跑赢行业,,6.8
600048.SH,保利发展,20230831,保利发展2023年中报点评：权益比上升归母净利改善，行业地位稳固市占率提升,一般,一般报告,信达证券,江宇辉,2025Q4,38185500.0,,5610000.0,2985400.0,2.49,5.61,,11.8,4.01,买入,,
002739.SZ,万达电影,20230831,万达电影：影院复苏态势良好，持续探索多元变现模式,点评,一般报告,东北证券,"钱熠然,张昊晨",2024Q4,1672100.0,,177900.0,156900.0,0.72,19.0,0.0,15.88,,买入,,
002739.SZ,万达电影,20230831,万达电影：影院复苏态势良好，持续探索多元变现模式,点评,一般报告,东北证券,"钱熠然,张昊晨",2023Q4,1481700.0,,131300.0,115800.0,0.53,25.73,0.0,13.93,,买入,,
002567.SZ,唐人神,20230831,唐人神：生猪出栏高增，成本边际改善,点评,一般报告,中信建投,王明琦,2025Q4,3898500.0,,,63639.0,0.46,14.09,,8.55,,增持,,
002567.SZ,唐人神,20230831,唐人神：生猪出栏高增，成本边际改善,点评,一般报告,中信建投,王明琦,2024Q4,3441400.0,,,18914.0,0.14,47.39,,2.73,,增持,,
002567.SZ,唐人神,20230831,唐人神：生猪出栏高增，成本边际改善,点评,一般报告,中信建投,王明琦,2023Q4,2865240.0,,,-33154.0,-0.24,,,-4.9,,增持,,
002459.SZ,晶澳科技,20230831,晶澳科技：垂直一体化持续深入，股权激励彰显公司信心,点评,一般报告,信达证券,"武浩,黄楷",2025Q4,14588100.0,,1828300.0,1588700.0,4.8,5.8,,25.5,2.52,买入,,
002459.SZ,晶澳科技,20230831,晶澳科技：垂直一体化持续深入，股权激励彰显公司信心,点评,一般报告,信达证券,"武浩,黄楷",2024Q4,12771700.0,,1511900.0,1313800.0,3.97,7.02,,28.3,3.81,买入,,
002459.SZ,晶澳科技,20230831,晶澳科技：垂直一体化持续深入，股权激励彰显公司信心,点评,一般报告,信达证券,"武浩,黄楷",2023Q4,9552100.0,,1139700.0,990400.0,2.99,9.31,,29.7,6.02,买入,,
002385.SZ,大北农,20230831,大北农：业绩受困猪价低迷，生物育种静待花开,点评,一般报告,东北证券,"王玮,陈科诺",2025Q4,4955000.0,,242900.0,185800.0,0.45,14.46,2.77,15.18,,增持,,
002385.SZ,大北农,20230831,大北农：业绩受困猪价低迷，生物育种静待花开,点评,一般报告,东北证券,"王玮,陈科诺",2024Q4,4436800.0,,133700.0,116900.0,0.28,22.98,1.96,10.5,,增持,,
002385.SZ,大北农,20230831,大北农：业绩受困猪价低迷，生物育种静待花开,点评,一般报告,东北证券,"王玮,陈科诺",2023Q4,3636300.0,,-61100.0,-37000.0,-0.09,,,-3.53,,增持,,
002385.SZ,大北农,20230831,大北农：生猪养殖拖累致业绩承压，转基因育种优势明显,点评,一般报告,中信建投,王明琦,2025Q4,5431293.0,,,149054.0,0.36,18.27,,14.98,,买入,,
002385.SZ,大北农,20230831,大北农：生猪养殖拖累致业绩承压，转基因育种优势明显,点评,一般报告,中信建投,王明琦,2024Q4,4703992.0,,,97925.0,0.24,27.8,,9.45,,买入,,
002385.SZ,大北农,20230831,大北农：生猪养殖拖累致业绩承压，转基因育种优势明显,点评,一般报告,中信建投,王明琦,2023Q4,4020777.0,,,-12230.0,-0.03,,,-1.15,,买入,,
002044.SZ,美年健康,20230831,美年健康2023年中报点评：量价齐升驱动高增长，体检巨轮革新启航,点评,一般报告,国海证券,"周小刚,李明",2025Q4,1603200.0,,190100.0,153600.0,0.39,17.33,,14.0,7.86,买入,,
002044.SZ,美年健康,20230831,美年健康2023年中报点评：量价齐升驱动高增长，体检巨轮革新启航,点评,一般报告,国海证券,"周小刚,李明",2024Q4,1317400.0,,144600.0,107800.0,0.28,24.7,,12.0,9.38,买入,,
002044.SZ,美年健康,20230831,美年健康2023年中报点评：量价齐升驱动高增长，体检巨轮革新启航,点评,一般报告,国海证券,"周小刚,李明",2023Q4,1088700.0,,103100.0,72700.0,0.19,36.6,,9.0,11.61,买入,,
001979.SZ,招商蛇口,20230831,招商蛇口2023年中报点评：销售拿地表现稳定，净利润增速筑底回升,一般,一般报告,信达证券,江宇辉,2025Q4,24610000.0,5410000.0,3280000.0,1340000.0,1.6,8.52,,11.1,6.82,买入,,
001979.SZ,招商蛇口,20230831,招商蛇口2023年中报点评：销售拿地表现稳定，净利润增速筑底回升,一般,一般报告,信达证券,江宇辉,2024Q4,22330000.0,4730000.0,2710000.0,1050000.0,1.26,10.84,,9.3,7.37,买入,,
001979.SZ,招商蛇口,20230831,招商蛇口2023年中报点评：销售拿地表现稳定，净利润增速筑底回升,一般,一般报告,信达证券,江宇辉,2023Q4,20280000.0,4100000.0,2080000.0,740000.0,0.89,15.36,,7.0,8.15,买入,,
000858.SZ,五粮液,20230831,五粮液2023年中报点评：控货挺价，稳健成长,点评,一般报告,国元证券,"邓晖,朱宇昊,袁帆,单蕾",2025Q4,10546111.0,,5437546.0,3913944.0,10.08,15.65,,22.26,10.12,买入,,
000858.SZ,五粮液,20230831,五粮液2023年中报点评：控货挺价，稳健成长,点评,一般报告,国元证券,"邓晖,朱宇昊,袁帆,单蕾",2024Q4,9363985.0,,4794310.0,3451114.0,8.89,17.75,,22.59,11.46,买入,,
000858.SZ,五粮液,20230831,五粮液2023年中报点评：控货挺价，稳健成长,点评,一般报告,国元证券,"邓晖,朱宇昊,袁帆,单蕾",2023Q4,8222321.0,,4197715.0,3022221.0,7.79,20.27,,22.81,13.12,买入,,
000682.SZ,东方电子,20230831,东方电子公司简评报告：业绩表现优秀，创新业务取得突破,点评,首次评级,首创证券,"翟炜,傅梦欣",2025Q4,1002540.0,,102180.0,82600.0,0.62,14.2,,13.9,11.9,买入,,
000682.SZ,东方电子,20230831,东方电子公司简评报告：业绩表现优秀，创新业务取得突破,点评,首次评级,首创证券,"翟炜,傅梦欣",2024Q4,817610.0,,82210.0,66660.0,0.5,17.5,,12.8,14.62,买入,,
000682.SZ,东方电子,20230831,东方电子公司简评报告：业绩表现优秀，创新业务取得突破,点评,首次评级,首创证券,"翟炜,傅梦欣",2023Q4,670680.0,,66210.0,53890.0,0.4,21.7,,11.8,17.67,买入,,
000568.SZ,泸州老窖,20230831,泸州老窖2023年中报点评：国窖引领，Q2业绩增27％,点评,一般报告,国元证券,"邓晖,朱宇昊,袁帆,单蕾",2025Q4,4378748.0,,2545425.0,1920363.0,13.05,17.88,,31.88,12.64,买入,,
000568.SZ,泸州老窖,20230831,泸州老窖2023年中报点评：国窖引领，Q2业绩增27％,点评,一般报告,国元证券,"邓晖,朱宇昊,袁帆,单蕾",2024Q4,3686585.0,,2111271.0,1592610.0,10.82,21.56,,31.5,15.15,买入,,
000568.SZ,泸州老窖,20230831,泸州老窖2023年中报点评：国窖引领，Q2业绩增27％,点评,一般报告,国元证券,"邓晖,朱宇昊,袁帆,单蕾",2023Q4,3054097.0,,1718109.0,1295862.0,8.8,26.49,,31.24,18.49,买入,,
000420.SZ,吉林化纤,20230831,吉林化纤：2023H1归母净利润＋151.41％，Q2环比改善明显,点评,一般报告,安信证券,张宝涵,2025Q4,566000.0,,44000.0,37000.0,0.15,21.6,0.0,7.3,8.4,买入,,4.0
000420.SZ,吉林化纤,20230831,吉林化纤：2023H1归母净利润＋151.41％，Q2环比改善明显,点评,一般报告,安信证券,张宝涵,2024Q4,472000.0,,28000.0,23000.0,0.0935,34.1,0.0,5.0,11.5,买入,,4.0
000420.SZ,吉林化纤,20230831,吉林化纤：2023H1归母净利润＋151.41％，Q2环比改善明显,点评,一般报告,安信证券,张宝涵,2023Q4,369000.0,,14000.0,12000.0,0.05,67.1,0.0,2.7,13.8,买入,,4.0
000002.SZ,万科A,20230831,万科A：逆风中坚持战略定力，多维度提升经营韧性,点评,一般报告,中金,"张宇,王惠菁,张芳妍",2024Q4,43389600.0,,4404500.0,2020600.0,1.69,8.1,4.4,7.7,10.2,跑赢行业,,18.5
000002.SZ,万科A,20230831,万科A：逆风中坚持战略定力，多维度提升经营韧性,点评,一般报告,中金,"张宇,王惠菁,张芳妍",2023Q4,48393200.0,,4791700.0,2129600.0,1.78,7.6,4.7,8.5,8.8,跑赢行业,,18.5
688599.SH,天合光能,20230831,天合光能：Q2单瓦盈利提升，逐渐补齐硅片产能短板,一般,一般报告,招商证券,"游家训,赵旭,张伟鑫",2025Q4,16237100.0,,1317600.0,1184800.0,5.45,6.5,,24.1,7.0,强烈推荐,46.0,44.0
688599.SH,天合光能,20230831,天合光能：Q2单瓦盈利提升，逐渐补齐硅片产能短板,一般,一般报告,招商证券,"游家训,赵旭,张伟鑫",2024Q4,13874500.0,,1078000.0,972200.0,4.47,7.9,,24.1,8.1,强烈推荐,46.0,44.0
688599.SH,天合光能,20230831,天合光能：Q2单瓦盈利提升，逐渐补齐硅片产能短板,一般,一般报告,招商证券,"游家训,赵旭,张伟鑫",2023Q4,11985200.0,,827900.0,752200.0,3.46,10.2,,22.9,10.2,强烈推荐,46.0,44.0
688536.SH,思瑞浦,20230831,思瑞浦：短期模拟IC行业承压，景气度静待恢复－－－2023年半年报业绩点评,点评,一般报告,东北证券,"李玖,李亚鑫",2025Q4,159400.0,,29400.0,28700.0,2.39,76.63,0.0,6.41,,增持,,
688536.SH,思瑞浦,20230831,思瑞浦：短期模拟IC行业承压，景气度静待恢复－－－2023年半年报业绩点评,点评,一般报告,东北证券,"李玖,李亚鑫",2024Q4,138600.0,,23100.0,22600.0,1.88,97.18,0.0,5.4,,增持,,
688536.SH,思瑞浦,20230831,思瑞浦：短期模拟IC行业承压，景气度静待恢复－－－2023年半年报业绩点评,点评,一般报告,东北证券,"李玖,李亚鑫",2023Q4,130000.0,,20600.0,20400.0,1.7,107.74,0.0,5.15,,增持,,
688396.SH,华润微,20230831,华润微：1H23业绩凸显公司经营韧性,点评,一般报告,中金,"张怡康,成乔升,石晓彬",2024Q4,1399500.0,484200.0,309300.0,265500.0,2.01,29.1,0.0,11.4,15.8,跑赢行业,,66.59
688396.SH,华润微,20230831,华润微：1H23业绩凸显公司经营韧性,点评,一般报告,中金,"张怡康,成乔升,石晓彬",2023Q4,1199700.0,408000.0,231400.0,199500.0,1.51,38.7,0.0,9.5,20.4,跑赢行业,,66.59
688390.SH,固德威,20230831,固德威2023年上半年业绩点评：逆变器、储能电池销量高增，海内外市场两开花,点评,一般报告,国海证券,"李航,王刚",2025Q4,1951300.0,,330800.0,311500.0,18.02,7.68,,34.0,3.81,买入,,
688390.SH,固德威,20230831,固德威2023年上半年业绩点评：逆变器、储能电池销量高增，海内外市场两开花,点评,一般报告,国海证券,"李航,王刚",2024Q4,1367400.0,,240900.0,226800.0,13.12,10.55,,38.0,7.19,买入,,
688390.SH,固德威,20230831,固德威2023年上半年业绩点评：逆变器、储能电池销量高增，海内外市场两开花,点评,一般报告,国海证券,"李航,王刚",2023Q4,993300.0,,175000.0,164800.0,9.53,14.52,,44.0,10.73,买入,,
688387.SH,信科移动,20230831,信科移动：主业持续做大，卫星通信＋6G潜力可期,点评,一般报告,华金证券,李宏涛,2025Q4,1500900.0,,31400.0,32200.0,0.0942,78.4,,4.5,40.0,增持,,
688387.SH,信科移动,20230831,信科移动：主业持续做大，卫星通信＋6G潜力可期,点评,一般报告,华金证券,李宏涛,2024Q4,1196900.0,,15100.0,15500.0,0.0453,163.2,,2.2,69.6,增持,,
688387.SH,信科移动,20230831,信科移动：主业持续做大，卫星通信＋6G潜力可期,点评,一般报告,华金证券,李宏涛,2023Q4,918900.0,,-25400.0,-26000.0,-0.0761,,,-3.8,,增持,,
688351.SH,微电生理,20230831,微电生理公司半年报：市场渗透率持续提升，我们预计下半年重磅产品陆续获批,点评,一般报告,海通证券,"余文心,贺文斌,孟陆",2025Q4,62849.94,,8700.0,7600.0,0.16,113.08,0.0,4.2,56.98,优于大市,,
688351.SH,微电生理,20230831,微电生理公司半年报：市场渗透率持续提升，我们预计下半年重磅产品陆续获批,点评,一般报告,海通证券,"余文心,贺文斌,孟陆",2024Q4,47387.5,,4600.0,4000.0,0.085,211.6,0.0,2.3,101.03,优于大市,,
688351.SH,微电生理,20230831,微电生理公司半年报：市场渗透率持续提升，我们预计下半年重磅产品陆续获批,点评,一般报告,海通证券,"余文心,贺文斌,孟陆",2023Q4,34081.85,,2000.0,1700.0,0.0361,494.43,0.0,1.0,200.5,优于大市,,
688169.SH,石头科技,20230831,石头科技2023年半年报点评：营收盈利大幅提升，表现亮眼,点评,一般报告,华创证券,秦一超,2025Q4,1078800.0,,266600.0,234600.0,17.87,15.0,,15.4,13.0,强推,,330.0
688169.SH,石头科技,20230831,石头科技2023年半年报点评：营收盈利大幅提升，表现亮眼,点评,一般报告,华创证券,秦一超,2024Q4,939600.0,,233500.0,205400.0,15.65,17.0,,15.7,14.0,强推,,330.0
688169.SH,石头科技,20230831,石头科技2023年半年报点评：营收盈利大幅提升，表现亮眼,点评,一般报告,华创证券,秦一超,2023Q4,798300.0,,196900.0,173200.0,13.2,20.0,,15.5,17.0,强推,,330.0
600048.SH,保利发展,20230831,保利发展2023年中报点评：权益比上升归母净利改善，行业地位稳固市占率提升,一般,一般报告,信达证券,江宇辉,2024Q4,34951100.0,,4750000.0,2526600.0,2.11,6.62,,11.0,1.95,买入,,
600048.SH,保利发展,20230831,保利发展2023年中报点评：权益比上升归母净利改善，行业地位稳固市占率提升,一般,一般报告,信达证券,江宇辉,2023Q4,31474900.0,,4090000.0,2112800.0,1.77,7.92,,10.1,5.97,买入,,
301260.SZ,格力博,20230831,格力博公司点评报告：2023H1北美客户去库存致营收短期承压，新能源园林机械产品体系快速拓展,点评,一般报告,方正证券,"孟昕,陈炯阳,赵梦菲",2025Q4,948900.0,,66300.0,76600.0,1.57,12.57,,11.38,13.6,推荐,,
301260.SZ,格力博,20230831,格力博公司点评报告：2023H1北美客户去库存致营收短期承压，新能源园林机械产品体系快速拓展,点评,一般报告,方正证券,"孟昕,陈炯阳,赵梦菲",2024Q4,805500.0,,58700.0,69500.0,1.43,13.84,,11.66,18.43,推荐,,
301260.SZ,格力博,20230831,格力博公司点评报告：2023H1北美客户去库存致营收短期承压，新能源园林机械产品体系快速拓展,点评,一般报告,方正证券,"孟昕,陈炯阳,赵梦菲",2023Q4,526600.0,,24500.0,27600.0,0.57,34.8,,5.25,1268.57,推荐,,
300769.SZ,德方纳米,20230831,德方纳米2023年中报点评：Q2业绩符合预期，股权激励彰显信心,点评,一般报告,东吴证券,"曾朵红,阮巧燕,刘晓恬",2025Q4,2767200.0,,325700.0,252000.0,9.03,10.31,,19.17,,买入,,
300769.SZ,德方纳米,20230831,德方纳米2023年中报点评：Q2业绩符合预期，股权激励彰显信心,点评,一般报告,东吴证券,"曾朵红,阮巧燕,刘晓恬",2024Q4,2280700.0,,241200.0,179300.0,6.42,14.49,,16.53,,买入,,
300769.SZ,德方纳米,20230831,德方纳米2023年中报点评：Q2业绩符合预期，股权激励彰显信心,点评,一般报告,东吴证券,"曾朵红,阮巧燕,刘晓恬",2023Q4,2440400.0,,2400.0,1900.0,0.07,1397.8,,0.2,,买入,,
300458.SZ,全志科技,20230831,全志科技2023年中报点评：业绩稳步向好，有望受益AIOT浪潮,点评,首份报告,民生证券,"方竞,宋晓东",2025Q4,257500.0,,41800.0,40400.0,0.64,38.0,1.18,11.31,27.54,推荐,,
300458.SZ,全志科技,20230831,全志科技2023年中报点评：业绩稳步向好，有望受益AIOT浪潮,点评,首份报告,民生证券,"方竞,宋晓东",2024Q4,217800.0,,32700.0,31600.0,0.5,48.0,0.93,9.58,33.86,推荐,,
300458.SZ,全志科技,20230831,全志科技2023年中报点评：业绩稳步向好，有望受益AIOT浪潮,点评,首份报告,民生证券,"方竞,宋晓东",2023Q4,184400.0,,23000.0,22200.0,0.35,69.0,0.65,7.19,41.82,推荐,,
300271.SZ,华宇软件,20230831,华宇软件公司简评报告：经营低谷有望趋于平稳，关注增量需求带来边际改善,点评,首次关注,首创证券,"翟炜,邓睿祺",2025Q4,265190.0,,9940.0,9670.0,0.12,76.6,,1.7,30.65,增持,,
300271.SZ,华宇软件,20230831,华宇软件公司简评报告：经营低谷有望趋于平稳，关注增量需求带来边际改善,点评,首次关注,首创证券,"翟炜,邓睿祺",2024Q4,223420.0,,430.0,510.0,0.0062,1440.8,,0.1,44.9,增持,,
300271.SZ,华宇软件,20230831,华宇软件公司简评报告：经营低谷有望趋于平稳，关注增量需求带来边际改善,点评,首次关注,首创证券,"翟炜,邓睿祺",2023Q4,179430.0,,-25380.0,-21750.0,-0.26,,,-4.0,,增持,,
300144.SZ,宋城演艺,20230831,宋城演艺：股权激励彰显经营信心，关注新项目建设与孵化,点评,一般报告,财通证券,"刘洋,李跃博",2025Q4,343499.0,,209449.0,174178.0,0.67,18.97,0.0,15.18,11.9,增持,,
300144.SZ,宋城演艺,20230831,宋城演艺：股权激励彰显经营信心，关注新项目建设与孵化,点评,一般报告,财通证券,"刘洋,李跃博",2024Q4,278960.0,,167786.0,139531.0,0.53,23.69,0.0,14.33,15.9,增持,,
300144.SZ,宋城演艺,20230831,宋城演艺：股权激励彰显经营信心，关注新项目建设与孵化,点评,一般报告,财通证券,"刘洋,李跃博",2023Q4,223423.0,,110771.0,92117.0,0.35,35.88,0.0,11.05,23.7,增持,,
003037.SZ,三和管桩,20230831,三和管桩动态点评：上半年业绩高增，定增加码长三角区域,点评,一般报告,东北证券,濮阳,2025Q4,1032000.0,,38900.0,27900.0,0.47,27.78,1.55,8.77,,增持,,
003037.SZ,三和管桩,20230831,三和管桩动态点评：上半年业绩高增，定增加码长三角区域,点评,一般报告,东北证券,濮阳,2024Q4,917700.0,,33400.0,23900.0,0.4,32.36,1.39,7.92,,增持,,
003037.SZ,三和管桩,20230831,三和管桩动态点评：上半年业绩高增，定增加码长三角区域,点评,一般报告,东北证券,濮阳,2023Q4,799700.0,,28100.0,20100.0,0.34,38.43,1.16,6.98,,增持,,
002966.SZ,苏州银行,20230831,苏州银行：规模扩张较快，资产质量向好，H123归母净利润＋21.0％,点评,一般报告,山西证券,"崔晓雁,王德坤",2025Q4,1611200.0,,827400.0,668200.0,1.822,3.53,,12.0,,买入,,
002966.SZ,苏州银行,20230831,苏州银行：规模扩张较快，资产质量向好，H123归母净利润＋21.0％,点评,一般报告,山西证券,"崔晓雁,王德坤",2024Q4,1435800.0,,700600.0,565700.0,1.543,4.17,,11.31,,买入,,
002966.SZ,苏州银行,20230831,苏州银行：规模扩张较快，资产质量向好，H123归母净利润＋21.0％,点评,一般报告,山西证券,"崔晓雁,王德坤",2023Q4,1284900.0,,593400.0,473600.0,1.292,4.99,,10.77,,买入,,
002821.SZ,凯莱英,20230831,凯莱英2023年中报点评：常规业务稳健增长，新兴业务持续发力,点评,一般报告,国海证券,"周小刚,万鹏辉",2025Q4,1157500.0,,304600.0,270000.0,7.3,17.93,,12.0,10.33,买入,,
002821.SZ,凯莱英,20230831,凯莱英2023年中报点评：常规业务稳健增长，新兴业务持续发力,点评,一般报告,国海证券,"周小刚,万鹏辉",2024Q4,890300.0,,234100.0,207500.0,5.61,23.33,,11.0,14.63,买入,,
002821.SZ,凯莱英,20230831,凯莱英2023年中报点评：常规业务稳健增长，新兴业务持续发力,点评,一般报告,国海证券,"周小刚,万鹏辉",2023Q4,873600.0,,289600.0,256700.0,6.94,18.85,,15.0,12.86,买入,,
002739.SZ,万达电影,20230831,万达电影：影院复苏态势良好，持续探索多元变现模式,点评,一般报告,东北证券,"钱熠然,张昊晨",2025Q4,1816100.0,,215900.0,190400.0,0.87,15.66,0.0,16.16,,买入,,
601336.SH,新华保险,20230831,新华保险：业绩实现逆境反转，关注后续低基数下的高增长机会,点评,一般报告,中信建投,赵然,2023Q4,,,,1353700.0,4.34,,,,,买入,,53.58
601155.SH,新城控股,20230831,新城控股：投资收益大幅增长，商管业务持续扩张——公司信息更新报告,点评,一般报告,开源证券,齐东,2025Q4,12172400.0,,1029900.0,625200.0,2.77,5.2,,6.6,5.8,买入,,
601155.SH,新城控股,20230831,新城控股：投资收益大幅增长，商管业务持续扩张——公司信息更新报告,点评,一般报告,开源证券,齐东,2024Q4,12064200.0,,901600.0,557500.0,2.47,5.9,,6.2,7.0,买入,,
601155.SH,新城控股,20230831,新城控股：投资收益大幅增长，商管业务持续扩张——公司信息更新报告,点评,一般报告,开源证券,齐东,2023Q4,11906400.0,,727600.0,461000.0,2.04,7.1,,5.4,8.9,买入,,
600958.SH,东方证券,20230831,东方证券1H23业绩点评：减值拖累2Q利润，场外衍生品业务加速发展,点评,首次关注,方正证券,曹柳龙,2025Q4,2357500.0,,690200.0,586700.0,0.69,14.4,,7.3,,强烈推荐,,
600958.SH,东方证券,20230831,东方证券1H23业绩点评：减值拖累2Q利润，场外衍生品业务加速发展,点评,首次关注,方正证券,曹柳龙,2024Q4,2141300.0,,581600.0,500200.0,0.59,16.9,,6.5,,强烈推荐,,
600958.SH,东方证券,20230831,东方证券1H23业绩点评：减值拖累2Q利润，场外衍生品业务加速发展,点评,首次关注,方正证券,曹柳龙,2023Q4,1941300.0,,430200.0,374300.0,0.44,22.6,,5.1,,强烈推荐,,
600699.SH,均胜电子,20230831,均胜电子：盈利能力改善，智能化持续推进,点评,首份报告,东北证券,李恒光,2025Q4,6531700.0,,166600.0,175800.0,1.25,14.86,0.0,10.43,,买入,,
600699.SH,均胜电子,20230831,均胜电子：盈利能力改善，智能化持续推进,点评,首份报告,东北证券,李恒光,2024Q4,5961000.0,,121300.0,129800.0,0.92,20.14,0.0,8.59,,买入,,
600699.SH,均胜电子,20230831,均胜电子：盈利能力改善，智能化持续推进,点评,首份报告,东北证券,李恒光,2023Q4,5440400.0,,83900.0,95400.0,0.68,27.38,0.0,6.91,,买入,,
600690.SH,海尔智家,20230831,海尔智家2023H1业绩点评：龙头稳健成长，海外份额不断提升,一般,一般报告,国泰君安,"蔡雯娟,李汉颖,田平川",2025Q4,29532900.0,,,2281200.0,2.42,9.7,3.1,16.9,3.99,增持,,30.64
600690.SH,海尔智家,20230831,海尔智家2023H1业绩点评：龙头稳健成长，海外份额不断提升,一般,一般报告,国泰君安,"蔡雯娟,李汉颖,田平川",2024Q4,27882800.0,,,1998800.0,2.12,11.07,2.7,16.8,5.22,增持,,30.64
600690.SH,海尔智家,20230831,海尔智家2023H1业绩点评：龙头稳健成长，海外份额不断提升,一般,一般报告,国泰君安,"蔡雯娟,李汉颖,田平川",2023Q4,26128200.0,,,1727800.0,1.83,12.81,2.3,16.5,6.73,增持,,30.64
600690.SH,海尔智家,20230831,海尔智家2023H1业绩点评：龙头稳健成长，海外份额不断提升,一般,一般报告,国泰君安,"蔡雯娟,李汉颖,田平川",2023Q3,,,,,1.44,,,,,增持,,30.64
600588.SH,用友网络,20230831,用友网络公司简评报告：组织结构升级致使业绩承压，复苏势头已初步显现,点评,一般报告,首创证券,"翟炜,邓睿祺",2025Q4,1516790.0,,136330.0,125630.0,0.37,48.8,,9.7,21.84,买入,,
600588.SH,用友网络,20230831,用友网络公司简评报告：组织结构升级致使业绩承压，复苏势头已初步显现,点评,一般报告,首创证券,"翟炜,邓睿祺",2024Q4,1272950.0,,90410.0,86400.0,0.25,70.9,,7.1,27.81,买入,,
600588.SH,用友网络,20230831,用友网络公司简评报告：组织结构升级致使业绩承压，复苏势头已初步显现,点评,一般报告,首创证券,"翟炜,邓睿祺",2023Q4,1071930.0,,43910.0,43580.0,0.13,140.6,,3.8,38.69,买入,,
600383.SH,金地集团,20230831,金地集团2023年中报点评：毛利下滑业绩承压，重启拿地聚焦核心,一般,一般报告,信达证券,江宇辉,2025Q4,12726700.0,,1797100.0,968500.0,2.15,3.36,,10.9,2.3,买入,,
600383.SH,金地集团,20230831,金地集团2023年中报点评：毛利下滑业绩承压，重启拿地聚焦核心,一般,一般报告,信达证券,江宇辉,2024Q4,12598900.0,,1601400.0,829100.0,1.84,3.92,,10.5,6.02,买入,,
600383.SH,金地集团,20230831,金地集团2023年中报点评：毛利下滑业绩承压，重启拿地聚焦核心,一般,一般报告,信达证券,江宇辉,2023Q4,12457800.0,,1214600.0,630200.0,1.4,5.16,,8.9,5.69,买入,,
600258.SH,首旅酒店,20230831,首旅酒店公司点评报告：23H1业绩扭亏，期待Q3加速恢复,点评,一般报告,方正证券,"李珍妮,王雪尼",2025Q4,1045200.0,,188900.0,129200.0,1.16,15.38,,9.55,6.08,推荐,,
600258.SH,首旅酒店,20230831,首旅酒店公司点评报告：23H1业绩扭亏，期待Q3加速恢复,点评,一般报告,方正证券,"李珍妮,王雪尼",2024Q4,931200.0,,148500.0,114800.0,1.03,17.31,,9.38,5.54,推荐,,
689009.SH,九号公司,20230831,九号公司2023年中报点评：电动两轮车延续高增，H2各业务线增速有望回暖,点评,首份报告,申万宏源证券,"屠亦婷,周海晨,张文静",2025Q4,1823500.0,500600.0,140300.0,111800.0,15.61,21.0,,14.8,,增持,,
689009.SH,九号公司,20230831,九号公司2023年中报点评：电动两轮车延续高增，H2各业务线增速有望回暖,点评,首份报告,申万宏源证券,"屠亦婷,周海晨,张文静",2024Q4,1452400.0,400000.0,109500.0,87200.0,12.18,27.0,,13.5,,增持,,
689009.SH,九号公司,20230831,九号公司2023年中报点评：电动两轮车延续高增，H2各业务线增速有望回暖,点评,首份报告,申万宏源证券,"屠亦婷,周海晨,张文静",2023Q4,1134700.0,311900.0,76200.0,60700.0,8.47,39.0,,10.9,,增持,,
688283.SH,坤恒顺维,20230831,坤恒顺维：23H1业绩亮眼，无线信道仿真仪龙头产品矩阵丰富,点评,一般报告,国盛证券,"张一鸣,何鲁丽",2025Q4,61500.0,,26100.0,23200.0,2.77,23.5,,16.7,19.2,买入,,
688283.SH,坤恒顺维,20230831,坤恒顺维：23H1业绩亮眼，无线信道仿真仪龙头产品矩阵丰富,点评,一般报告,国盛证券,"张一鸣,何鲁丽",2024Q4,44000.0,,18700.0,16600.0,1.98,32.9,,14.3,27.8,买入,,
688283.SH,坤恒顺维,20230831,坤恒顺维：23H1业绩亮眼，无线信道仿真仪龙头产品矩阵丰富,点评,一般报告,国盛证券,"张一鸣,何鲁丽",2023Q4,31400.0,,13500.0,11900.0,1.42,46.0,,11.9,41.1,买入,,
688131.SH,皓元医药,20230831,皓元医药：收入持续高增长，多领域布局静待转化,点评,一般报告,兴业证券,"孙媛媛,黄翰漾,杨希成",2025Q4,339400.0,,47300.0,43300.0,2.88,18.4,,13.2,,增持,,
688131.SH,皓元医药,20230831,皓元医药：收入持续高增长，多领域布局静待转化,点评,一般报告,兴业证券,"孙媛媛,黄翰漾,杨希成",2024Q4,250000.0,,33300.0,30800.0,2.05,25.9,,10.8,,增持,,
688131.SH,皓元医药,20230831,皓元医药：收入持续高增长，多领域布局静待转化,点评,一般报告,兴业证券,"孙媛媛,黄翰漾,杨希成",2023Q4,184400.0,,23800.0,22000.0,1.47,36.2,,8.7,,增持,,
603908.SH,牧高笛,20230831,牧高笛：代工业务短期拖累，自有品牌稳健增长,点评,一般报告,国盛证券,"侯子夜,杨莹,王佳伟",2025Q4,225700.0,,26400.0,21100.0,3.17,13.9,,24.3,9.1,增持,,
603908.SH,牧高笛,20230831,牧高笛：代工业务短期拖累，自有品牌稳健增长,点评,一般报告,国盛证券,"侯子夜,杨莹,王佳伟",2024Q4,191500.0,,22400.0,17900.0,2.68,16.5,,24.8,11.6,增持,,
603908.SH,牧高笛,20230831,牧高笛：代工业务短期拖累，自有品牌稳健增长,点评,一般报告,国盛证券,"侯子夜,杨莹,王佳伟",2023Q4,156200.0,,18600.0,14900.0,2.24,19.8,,24.7,13.2,增持,,
603719.SH,良品铺子,20230831,良品铺子：业绩短期承压，H2开店有望加速,点评,一般报告,兴业证券,"林佳雯,汪润",2025Q4,1239000.0,,67900.0,51100.0,1.27,18.4,,15.2,,增持,,
603719.SH,良品铺子,20230831,良品铺子：业绩短期承压，H2开店有望加速,点评,一般报告,兴业证券,"林佳雯,汪润",2024Q4,1074500.0,,57900.0,43500.0,1.08,21.6,,14.5,,增持,,
603719.SH,良品铺子,20230831,良品铺子：业绩短期承压，H2开店有望加速,点评,一般报告,兴业证券,"林佳雯,汪润",2023Q4,921500.0,,49600.0,37000.0,0.92,25.4,,13.9,,增持,,
603355.SH,莱克电气,20230831,莱克电气2023H1业绩点评：零部件业务拓展，汇兑增厚收益,点评,一般报告,国泰君安,"蔡雯娟,李汉颖,田平川",2025Q4,1395800.0,,,141900.0,2.47,10.77,3.3,22.4,2.91,增持,,34.19
603355.SH,莱克电气,20230831,莱克电气2023H1业绩点评：零部件业务拓展，汇兑增厚收益,点评,一般报告,国泰君安,"蔡雯娟,李汉颖,田平川",2024Q4,1210100.0,,,122000.0,2.12,12.52,2.6,22.5,3.98,增持,,34.19
603355.SH,莱克电气,20230831,莱克电气2023H1业绩点评：零部件业务拓展，汇兑增厚收益,点评,一般报告,国泰君安,"蔡雯娟,李汉颖,田平川",2023Q4,1035900.0,,,110400.0,1.92,13.83,2.0,24.0,4.87,增持,,34.19
603355.SH,莱克电气,20230831,莱克电气2023H1业绩点评：零部件业务拓展，汇兑增厚收益,点评,一般报告,国泰君安,"蔡雯娟,李汉颖,田平川",2023Q3,,,,,1.62,,,,,增持,,34.19
601865.SH,福莱特,20230831,福莱特：盈利边际改善，供需趋紧预期下龙头效应有望展现,点评,一般报告,国盛证券,杨润思,2025Q4,3526300.0,,562900.0,506600.0,2.15,15.1,,19.9,10.4,增持,,
601865.SH,福莱特,20230831,福莱特：盈利边际改善，供需趋紧预期下龙头效应有望展现,点评,一般报告,国盛证券,杨润思,2024Q4,2629400.0,,462900.0,416600.0,1.77,18.4,,20.1,13.3,增持,,
601865.SH,福莱特,20230831,福莱特：盈利边际改善，供需趋紧预期下龙头效应有望展现,点评,一般报告,国盛证券,杨润思,2023Q4,2057900.0,,317000.0,285300.0,1.21,26.9,,16.9,17.3,增持,,
601668.SH,中国建筑,20230831,中国建筑2023年中报点评：房建业务结构持续优化，经营性现金流改善明显,点评,一般报告,东吴证券,"黄诗涛,房大磊,杨晓曦",2025Q4,276984200.0,,12137500.0,6335700.0,1.51,3.72,,12.1,,买入,,
601668.SH,中国建筑,20230831,中国建筑2023年中报点评：房建业务结构持续优化，经营性现金流改善明显,点评,一般报告,东吴证券,"黄诗涛,房大磊,杨晓曦",2024Q4,250120200.0,,11201000.0,5846900.0,1.39,4.03,,12.34,,买入,,
601668.SH,中国建筑,20230831,中国建筑2023年中报点评：房建业务结构持续优化，经营性现金流改善明显,点评,一般报告,东吴证券,"黄诗涛,房大磊,杨晓曦",2023Q4,222422600.0,,10451400.0,5455600.0,1.3,4.32,,12.76,,买入,,
601398.SH,工商银行,20230831,工商银行：资产质量进一步改善,点评,一般报告,国联证券,刘雨辰,2025Q4,106734100.0,,51679600.0,42101800.0,1.181,4.05,,,,买入,,5.74
601398.SH,工商银行,20230831,工商银行：资产质量进一步改善,点评,一般报告,国联证券,刘雨辰,2024Q4,100690300.0,,48941300.0,39384800.0,1.105,4.34,,,,买入,,5.74
601398.SH,工商银行,20230831,工商银行：资产质量进一步改善,点评,一般报告,国联证券,刘雨辰,2023Q4,95055100.0,,45742200.0,37264800.0,1.046,4.6,,,,买入,,5.74
601318.SH,中国平安,20230831,中国平安：业绩整体超预期，寿险NBV同比＋33％表现亮眼,点评,一般报告,财通证券,"夏昌盛,舒思勤,黄佳慧",2025Q4,113011400.0,,,17011300.0,9.342,5.24,,,,增持,,
601318.SH,中国平安,20230831,中国平安：业绩整体超预期，寿险NBV同比＋33％表现亮眼,点评,一般报告,财通证券,"夏昌盛,舒思勤,黄佳慧",2024Q4,103239900.0,,,15134900.0,8.311,5.89,,,,增持,,
601318.SH,中国平安,20230831,中国平安：业绩整体超预期，寿险NBV同比＋33％表现亮眼,点评,一般报告,财通证券,"夏昌盛,舒思勤,黄佳慧",2023Q4,93693600.0,,,12571200.0,6.903,7.09,,,,增持,,
601012.SH,隆基绿能,20230831,隆基绿能：Q2业绩超预期，经营保持稳健,点评,一般报告,西南证券,"韩晨,敖颖晨,谢尚师",2025Q4,19945664.0,,2945140.0,2650626.0,3.5,7.68,2.31,22.31,2.9,买入,,
601012.SH,隆基绿能,20230831,隆基绿能：Q2业绩超预期，经营保持稳健,点评,一般报告,西南证券,"韩晨,敖颖晨,谢尚师",2024Q4,17467080.0,,2616510.0,2354859.0,3.11,8.64,1.82,24.28,4.03,买入,,
601012.SH,隆基绿能,20230831,隆基绿能：Q2业绩超预期，经营保持稳健,点评,一般报告,西南证券,"韩晨,敖颖晨,谢尚师",2023Q4,16104574.0,,2047823.0,1848041.0,2.44,11.01,1.46,23.89,5.86,买入,,
600989.SH,宝丰能源,20230831,宝丰能源：Q2烯烃盈利修复，宁东三期和内蒙项目贡献成长——公司中报点评报告,点评,一般报告,开源证券,张绪成,2025Q4,5046000.0,,1432600.0,1235600.0,1.68,8.2,,21.4,7.1,买入,,
600989.SH,宝丰能源,20230831,宝丰能源：Q2烯烃盈利修复，宁东三期和内蒙项目贡献成长——公司中报点评报告,点评,一般报告,开源证券,张绪成,2024Q4,3682300.0,,992800.0,856200.0,1.17,11.8,,18.2,9.5,买入,,
600989.SH,宝丰能源,20230831,宝丰能源：Q2烯烃盈利修复，宁东三期和内蒙项目贡献成长——公司中报点评报告,点评,一般报告,开源证券,张绪成,2023Q4,2841100.0,,704200.0,607400.0,0.83,16.7,,15.2,12.8,买入,,
600522.SH,中天科技,20230831,中天科技：收入重回正增，在手订单充沛,一般,首次评级,山西证券,高宇洋,2025Q4,6300300.0,,717500.0,589800.0,1.73,8.4,,13.6,4.5,买入,,
600522.SH,中天科技,20230831,中天科技：收入重回正增，在手订单充沛,一般,首次评级,山西证券,高宇洋,2024Q4,5378400.0,,598800.0,492300.0,1.44,10.1,,13.0,5.7,买入,,
600522.SH,中天科技,20230831,中天科技：收入重回正增，在手订单充沛,一般,首次评级,山西证券,高宇洋,2023Q4,4583500.0,,491800.0,404300.0,1.18,12.3,,12.2,7.2,买入,,
600012.SH,皖通高速,20230831,皖通高速：核心路段潜力释放，拟提高分红回报股东,点评,一般报告,兴业证券,"张晓云,王春环",2025Q4,585600.0,,339900.0,241600.0,1.14,9.4,7.98,15.9,,买入,,
600012.SH,皖通高速,20230831,皖通高速：核心路段潜力释放，拟提高分红回报股东,点评,一般报告,兴业证券,"张晓云,王春环",2024Q4,660500.0,,312900.0,222600.0,1.05,10.2,7.35,15.6,,买入,,
600012.SH,皖通高速,20230831,皖通高速：核心路段潜力释放，拟提高分红回报股东,点评,一般报告,兴业证券,"张晓云,王春环",2023Q4,627900.0,,272500.0,197800.0,0.93,11.5,6.53,14.7,,买入,,
300788.SZ,中信出版,20230831,中信出版：优势细分领域发力推动业绩增长，积极拥抱AI技术,点评,一般报告,招商证券,"顾佳,谢笑妍",2025Q4,257000.0,,24900.0,28700.0,1.51,19.9,,11.3,22.5,强烈推荐,,
300788.SZ,中信出版,20230831,中信出版：优势细分领域发力推动业绩增长，积极拥抱AI技术,点评,一般报告,招商证券,"顾佳,谢笑妍",2024Q4,232800.0,,23300.0,26800.0,1.41,21.3,,11.5,23.8,强烈推荐,,
300788.SZ,中信出版,20230831,中信出版：优势细分领域发力推动业绩增长，积极拥抱AI技术,点评,一般报告,招商证券,"顾佳,谢笑妍",2023Q4,211000.0,,20100.0,23100.0,1.21,24.8,,10.8,27.5,强烈推荐,,
300779.SZ,惠城环保,20230831,惠城环保：废塑料项目引入央企背景战投，公司产业认可度不断提升,点评,一般报告,中信建投,邓胜,2025Q4,182800.0,,,40000.0,2.941,19.4,,25.3,,买入,,
300779.SZ,惠城环保,20230831,惠城环保：废塑料项目引入央企背景战投，公司产业认可度不断提升,点评,一般报告,中信建投,邓胜,2024Q4,126600.0,,,23800.0,1.75,32.5,,20.0,,买入,,
300779.SZ,惠城环保,20230831,惠城环保：废塑料项目引入央企背景战投，公司产业认可度不断提升,点评,一般报告,中信建投,邓胜,2023Q4,102000.0,,,19600.0,1.441,39.6,,20.4,,买入,,
300760.SZ,迈瑞医疗,20230831,迈瑞医疗公司点评报告：Q2业绩受益诊疗恢复增长亮眼，海外高端客户不断突破,点评,一般报告,方正证券,"周超泽,赵博宇",2025Q4,5194400.0,,1888800.0,1665300.0,13.74,19.58,,24.26,13.64,强烈推荐,,
300760.SZ,迈瑞医疗,20230831,迈瑞医疗公司点评报告：Q2业绩受益诊疗恢复增长亮眼，海外高端客户不断突破,点评,一般报告,方正证券,"周超泽,赵博宇",2024Q4,4352100.0,,1573600.0,1387900.0,11.45,23.5,,26.69,17.2,强烈推荐,,
300760.SZ,迈瑞医疗,20230831,迈瑞医疗公司点评报告：Q2业绩受益诊疗恢复增长亮眼，海外高端客户不断突破,点评,一般报告,方正证券,"周超泽,赵博宇",2023Q4,3653800.0,,1312600.0,1159700.0,9.56,28.12,,30.42,21.43,强烈推荐,,
002865.SZ,钧达股份,20230831,钧达股份2023年中报点评：产能技术双领先，受益N型盈利高增,一般,一般报告,东吴证券,"曾朵红,陈瑶,郭亚男",2025Q4,2821700.0,,449600.0,382200.0,16.81,6.14,,27.95,,买入,,146.0
002865.SZ,钧达股份,20230831,钧达股份2023年中报点评：产能技术双领先，受益N型盈利高增,一般,一般报告,东吴证券,"曾朵红,陈瑶,郭亚男",2024Q4,2413100.0,,389000.0,332600.0,14.63,7.06,,33.76,,买入,,146.0
002865.SZ,钧达股份,20230831,钧达股份2023年中报点评：产能技术双领先，受益N型盈利高增,一般,一般报告,东吴证券,"曾朵红,陈瑶,郭亚男",2023Q4,2223000.0,,290800.0,250100.0,11.0,9.38,,38.34,,买入,,146.0
002840.SZ,华统股份,20230831,华统股份公司点评报告：屠宰加工利润保持稳定，禽畜养殖有望迎来反弹,点评,一般报告,方正证券,"王泽华,邱星皓",2025Q4,2309000.0,,187500.0,161600.0,2.64,5.58,,33.77,4.93,推荐,,
002840.SZ,华统股份,20230831,华统股份公司点评报告：屠宰加工利润保持稳定，禽畜养殖有望迎来反弹,点评,一般报告,方正证券,"王泽华,邱星皓",2024Q4,1849500.0,,87300.0,74500.0,1.22,12.09,,23.51,13.29,推荐,,
601933.SH,永辉超市,20230831,永辉超市：H1业绩同比扭亏为盈，门店品类优化调整与供应链建设长期效果可期,一般,一般报告,银河证券,甄唯萱,2025Q4,9556445.0,,,78612.0,0.0866,38.0,,8.86,,推荐,,
601933.SH,永辉超市,20230831,永辉超市：H1业绩同比扭亏为盈，门店品类优化调整与供应链建设长期效果可期,一般,一般报告,银河证券,甄唯萱,2024Q4,9041518.0,,,46490.0,0.05,64.0,,5.75,,推荐,,
601933.SH,永辉超市,20230831,永辉超市：H1业绩同比扭亏为盈，门店品类优化调整与供应链建设长期效果可期,一般,一般报告,银河证券,甄唯萱,2023Q4,8610657.0,,,16056.0,0.0177,185.0,,2.11,,推荐,,
601788.SH,光大证券,20230831,光大证券公司半年报：自营大幅改善，带动归母净利润同比＋13.5％,点评,一般报告,海通证券,"孙婷,何婷,任广博",2025Q4,1598100.0,,699100.0,602000.0,1.31,,,,,优于大市,,
601788.SH,光大证券,20230831,光大证券公司半年报：自营大幅改善，带动归母净利润同比＋13.5％,点评,一般报告,海通证券,"孙婷,何婷,任广博",2024Q4,1397600.0,,601700.0,517700.0,1.12,,,,,优于大市,,
002840.SZ,华统股份,20230831,华统股份公司点评报告：屠宰加工利润保持稳定，禽畜养殖有望迎来反弹,点评,一般报告,方正证券,"王泽华,邱星皓",2023Q4,1084500.0,,-27700.0,-23400.0,-0.38,,,-9.65,,推荐,,
002777.SZ,久远银海,20230831,久远银海：收入平稳增长，医保数据要素成长前景光明——公司信息更新报告,点评,一般报告,开源证券,"陈宝健,李海强",2025Q4,249200.0,,45600.0,39100.0,0.96,34.1,,16.1,26.1,买入,,
002777.SZ,久远银海,20230831,久远银海：收入平稳增长，医保数据要素成长前景光明——公司信息更新报告,点评,一般报告,开源证券,"陈宝健,李海强",2024Q4,200400.0,,37300.0,31500.0,0.77,42.4,,15.3,31.9,买入,,
002777.SZ,久远银海,20230831,久远银海：收入平稳增长，医保数据要素成长前景光明——公司信息更新报告,点评,一般报告,开源证券,"陈宝健,李海强",2023Q4,161900.0,,30300.0,25500.0,0.62,52.4,,14.3,39.1,买入,,
002239.SZ,奥特佳,20230831,奥特佳：23H1扭亏为盈，积极开拓海外市场,点评,首份报告,国联证券,"贺朝晖,梁丰铄",2025Q4,1024200.0,,50900.0,41100.0,0.13,19.6,,6.44,12.5,无,,
002239.SZ,奥特佳,20230831,奥特佳：23H1扭亏为盈，积极开拓海外市场,点评,首份报告,国联证券,"贺朝晖,梁丰铄",2024Q4,896600.0,,32400.0,25900.0,0.08,31.1,,4.34,16.2,无,,
002239.SZ,奥特佳,20230831,奥特佳：23H1扭亏为盈，积极开拓海外市场,点评,首份报告,国联证券,"贺朝晖,梁丰铄",2023Q4,767100.0,,22300.0,17800.0,0.0549,45.2,,3.12,20.6,无,,
001215.SZ,千味央厨,20230831,千味央厨：大B增速亮眼，成长前景可期,点评,一般报告,国盛证券,"符蓉,吴思颖",2025Q4,290100.0,,34100.0,26600.0,3.07,21.4,,16.0,13.2,买入,,
001215.SZ,千味央厨,20230831,千味央厨：大B增速亮眼，成长前景可期,点评,一般报告,国盛证券,"符蓉,吴思颖",2024Q4,241200.0,,26600.0,20700.0,2.38,27.6,,14.7,17.1,买入,,
001215.SZ,千味央厨,20230831,千味央厨：大B增速亮眼，成长前景可期,点评,一般报告,国盛证券,"符蓉,吴思颖",2023Q4,193700.0,,19500.0,15100.0,1.74,37.7,,12.5,23.0,买入,,
000776.SZ,广发证券,20230831,广发证券：短期扰动不改财富管理核心优势,点评,一般报告,国联证券,"刘雨辰,曾广荣",2025Q4,3789700.0,,1468300.0,1131400.0,1.48,10.14,,,,买入,,19.15
000776.SZ,广发证券,20230831,广发证券：短期扰动不改财富管理核心优势,点评,一般报告,国联证券,"刘雨辰,曾广荣",2024Q4,3264300.0,,1327100.0,1022900.0,1.34,11.22,,,,买入,,19.15
000776.SZ,广发证券,20230831,广发证券：短期扰动不改财富管理核心优势,点评,一般报告,国联证券,"刘雨辰,曾广荣",2023Q4,2788800.0,,1164200.0,905300.0,1.19,12.68,,,,买入,,19.15
601788.SH,光大证券,20230831,光大证券公司半年报：自营大幅改善，带动归母净利润同比＋13.5％,点评,一般报告,海通证券,"孙婷,何婷,任广博",2023Q4,1224700.0,,518600.0,446000.0,0.97,,,,,优于大市,,
300298.SZ,三诺生物,20230831,三诺生物公司点评报告：核心业务稳健增长，CGM成功上市开启第二成长曲线,点评,首次评级,方正证券,"周超泽,赵博宇",2025Q4,494426.0,,83200.0,71200.0,1.26,19.53,,15.37,12.07,推荐,,
300298.SZ,三诺生物,20230831,三诺生物公司点评报告：核心业务稳健增长，CGM成功上市开启第二成长曲线,点评,首次评级,方正证券,"周超泽,赵博宇",2024Q4,413397.0,,65600.0,56100.0,0.99,24.78,,14.31,15.62,推荐,,
300298.SZ,三诺生物,20230831,三诺生物公司点评报告：核心业务稳健增长，CGM成功上市开启第二成长曲线,点评,首次评级,方正证券,"周超泽,赵博宇",2023Q4,343421.0,,53100.0,45500.0,0.81,30.58,,13.53,19.53,推荐,,
002466.SZ,天齐锂业,20230831,天齐锂业公司点评报告：矿端优势明显，2023H1营收同比持续提升,点评,一般报告,方正证券,韩振国,2025Q4,4360200.0,,3725200.0,1564600.0,9.53,6.23,,17.02,0.64,推荐,,
002466.SZ,天齐锂业,20230831,天齐锂业公司点评报告：矿端优势明显，2023H1营收同比持续提升,点评,一般报告,方正证券,韩振国,2024Q4,4249200.0,,3541600.0,1487500.0,9.06,6.55,,19.5,1.33,推荐,,
002466.SZ,天齐锂业,20230831,天齐锂业公司点评报告：矿端优势明显，2023H1营收同比持续提升,点评,一般报告,方正证券,韩振国,2023Q4,4588200.0,,3943300.0,1656200.0,10.09,5.89,,26.98,1.77,推荐,,
001872.SZ,招商港口,20230831,招商港口2023年中报业绩点评：Q2业绩同比小幅下降，环比明显提升，持续看好公司战略价值,点评,一般报告,华创证券,"吴一凡,吴莹莹,吴晨玥,黄文鹤,梁婉怡",2025Q4,1867300.0,,1200900.0,454600.0,1.82,9.0,,7.2,9.0,强推,,24.8
001872.SZ,招商港口,20230831,招商港口2023年中报业绩点评：Q2业绩同比小幅下降，环比明显提升，持续看好公司战略价值,点评,一般报告,华创证券,"吴一凡,吴莹莹,吴晨玥,黄文鹤,梁婉怡",2024Q4,1742100.0,,1076700.0,407600.0,1.63,10.0,,6.8,10.0,强推,,24.8
001872.SZ,招商港口,20230831,招商港口2023年中报业绩点评：Q2业绩同比小幅下降，环比明显提升，持续看好公司战略价值,点评,一般报告,华创证券,"吴一凡,吴莹莹,吴晨玥,黄文鹤,梁婉怡",2023Q4,1665000.0,,976300.0,369500.0,1.48,11.0,,6.5,10.0,强推,,24.8
688696.SH,极米科技,20230831,极米科技2023年中报点评：线上销售偏弱致经营业绩承压，静待需求修复,点评,一般报告,东吴证券,"吴劲草,谭志千",2025Q4,461300.0,,54200.0,48200.0,6.89,17.75,,11.69,,增持,,
688696.SH,极米科技,20230831,极米科技2023年中报点评：线上销售偏弱致经营业绩承压，静待需求修复,点评,一般报告,东吴证券,"吴劲草,谭志千",2024Q4,395400.0,,36900.0,32900.0,4.69,26.06,,9.02,,增持,,
688696.SH,极米科技,20230831,极米科技2023年中报点评：线上销售偏弱致经营业绩承压，静待需求修复,点评,一般报告,东吴证券,"吴劲草,谭志千",2023Q4,339800.0,,18700.0,17700.0,2.53,48.25,,5.36,,增持,,
688169.SH,石头科技,20230831,石头科技2023年中报点评：收入业绩大幅超过预期，内外销持续改善,点评,一般报告,申万宏源证券,"刘正,刘嘉玲,周海晨,程恺雯",2025Q4,1113300.0,561000.0,232700.0,198200.0,15.098,18.0,,13.9,,买入,,
688169.SH,石头科技,20230831,石头科技2023年中报点评：收入业绩大幅超过预期，内外销持续改善,点评,一般报告,申万宏源证券,"刘正,刘嘉玲,周海晨,程恺雯",2024Q4,925600.0,466600.0,199000.0,169600.0,12.919,21.0,,13.6,,买入,,
688169.SH,石头科技,20230831,石头科技2023年中报点评：收入业绩大幅超过预期，内外销持续改善,点评,一般报告,申万宏源证券,"刘正,刘嘉玲,周海晨,程恺雯",2023Q4,798300.0,401100.0,172700.0,147300.0,11.221,24.0,,13.5,,买入,,
688131.SH,皓元医药,20230831,皓元医药：收入持续高增长，利润短期承压，长期看好一体化发展,点评,首份报告,信达证券,唐爱金,2025Q4,361700.0,,50800.0,49200.0,3.27,16.19,,14.6,14.7,增持,,
688131.SH,皓元医药,20230831,皓元医药：收入持续高增长，利润短期承压，长期看好一体化发展,点评,首份报告,信达证券,唐爱金,2024Q4,266400.0,,34400.0,33400.0,2.22,23.9,,11.6,20.95,增持,,
688131.SH,皓元医药,20230831,皓元医药：收入持续高增长，利润短期承压，长期看好一体化发展,点评,首份报告,信达证券,唐爱金,2023Q4,192900.0,,22200.0,21500.0,1.43,37.1,,8.4,31.84,增持,,
688105.SH,诺唯赞,20230831,诺唯赞：23H1业绩短期承压，股权激励彰显长期发展信心,点评,一般报告,德邦证券,陈铁林,2025Q4,198500.0,,45900.0,40200.0,1.01,27.01,1.1,7.7,13.69,买入,,
688105.SH,诺唯赞,20230831,诺唯赞：23H1业绩短期承压，股权激励彰显长期发展信心,点评,一般报告,德邦证券,陈铁林,2024Q4,157100.0,,24900.0,21800.0,0.55,49.79,1.1,4.5,20.78,买入,,
688105.SH,诺唯赞,20230831,诺唯赞：23H1业绩短期承压，股权激励彰显长期发展信心,点评,一般报告,德邦证券,陈铁林,2023Q4,125000.0,,700.0,600.0,0.015,1889.85,1.1,0.1,44.42,买入,,
603477.SH,巨星农牧,20230831,巨星农牧公司点评报告：出栏快速增长，成本持续下降,点评,一般报告,方正证券,"王泽华,邱星皓",2025Q4,1404000.0,,247800.0,241000.0,4.76,5.53,,32.32,5.03,推荐,,
603477.SH,巨星农牧,20230831,巨星农牧公司点评报告：出栏快速增长，成本持续下降,点评,一般报告,方正证券,"王泽华,邱星皓",2024Q4,1102000.0,,127400.0,123800.0,2.45,10.76,,24.53,9.83,推荐,,
603477.SH,巨星农牧,20230831,巨星农牧公司点评报告：出栏快速增长，成本持续下降,点评,一般报告,方正证券,"王泽华,邱星皓",2023Q4,511200.0,,17500.0,16600.0,0.33,80.06,,4.37,24.87,推荐,,
603466.SH,风语筑,20230831,风语筑：推进主营业务场景多元化战略，业务需求呈回暖趋势,点评,一般报告,国盛证券,"顾晟,刘书含",2025Q4,286000.0,,63200.0,55000.0,0.92,13.8,,16.9,10.1,买入,,
603466.SH,风语筑,20230831,风语筑：推进主营业务场景多元化战略，业务需求呈回暖趋势,点评,一般报告,国盛证券,"顾晟,刘书含",2024Q4,245000.0,,54700.0,47600.0,0.8,16.0,,16.5,11.5,买入,,
603466.SH,风语筑,20230831,风语筑：推进主营业务场景多元化战略，业务需求呈回暖趋势,点评,一般报告,国盛证券,"顾晟,刘书含",2023Q4,207000.0,,44200.0,38500.0,0.65,19.7,,15.0,15.0,买入,,
603170.SH,宝立食品,20230831,宝立食品：大B实现恢复态势，关注新渠道新品类潜能,点评,一般报告,申万宏源证券,"曹欣之,吕昌,周缘",2025Q4,385500.0,136000.0,57600.0,43000.0,1.07,18.0,,23.9,,增持,,
603170.SH,宝立食品,20230831,宝立食品：大B实现恢复态势，关注新渠道新品类潜能,点评,一般报告,申万宏源证券,"曹欣之,吕昌,周缘",2024Q4,325400.0,113900.0,47000.0,35000.0,0.88,22.0,,22.9,,增持,,
603170.SH,宝立食品,20230831,宝立食品：大B实现恢复态势，关注新渠道新品类潜能,点评,一般报告,申万宏源证券,"曹欣之,吕昌,周缘",2023Q4,265500.0,92300.0,37100.0,27700.0,0.69,28.0,,21.2,,增持,,
601881.SH,中国银河,20230831,中国银河公司点评报告：1H23业绩点评：业绩稳健增长，国际业务表现亮眼,点评,首次关注,方正证券,曹柳龙,2025Q4,4108500.0,,1487400.0,1254100.0,1.188,10.1,,11.23,,推荐,,
601881.SH,中国银河,20230831,中国银河公司点评报告：1H23业绩点评：业绩稳健增长，国际业务表现亮眼,点评,首次关注,方正证券,曹柳龙,2024Q4,3777400.0,,1277800.0,1102800.0,1.045,11.5,,10.61,,推荐,,
601881.SH,中国银河,20230831,中国银河公司点评报告：1H23业绩点评：业绩稳健增长，国际业务表现亮眼,点评,首次关注,方正证券,曹柳龙,2023Q4,3457900.0,,1079900.0,964100.0,0.914,13.3,,9.93,,推荐,,
601658.SH,邮储银行,20230831,邮储银行公司点评报告：1H23业绩点评：不良率持续下降，息差降幅边际收窄,点评,一般报告,方正证券,曹柳龙,2025Q4,42895400.0,,11778100.0,11157900.0,1.125,4.65,0.07,13.38,,强烈推荐,,
601658.SH,邮储银行,20230831,邮储银行公司点评报告：1H23业绩点评：不良率持续下降，息差降幅边际收窄,点评,一般报告,方正证券,曹柳龙,2024Q4,39515200.0,,11079900.0,10509700.0,1.06,4.97,0.06,13.94,,强烈推荐,,
601658.SH,邮储银行,20230831,邮储银行公司点评报告：1H23业绩点评：不良率持续下降，息差降幅边际收窄,点评,一般报告,方正证券,曹柳龙,2023Q4,35905300.0,,9806800.0,9301400.0,0.938,5.67,0.06,12.67,,强烈推荐,,
601336.SH,新华保险,20230831,新华保险：业绩实现逆境反转，关注后续低基数下的高增长机会,点评,一般报告,中信建投,赵然,2025Q4,,,,1694600.0,5.43,,,,,买入,,53.58
601336.SH,新华保险,20230831,新华保险：业绩实现逆境反转，关注后续低基数下的高增长机会,点评,一般报告,中信建投,赵然,2024Q4,,,,1536700.0,4.93,,,,,买入,,53.58
600258.SH,首旅酒店,20230831,首旅酒店公司点评报告：23H1业绩扭亏，期待Q3加速恢复,点评,一般报告,方正证券,"李珍妮,王雪尼",2023Q4,829500.0,,96100.0,81700.0,0.73,24.34,,7.36,6.84,推荐,,
300612.SZ,宣亚国际,20230831,宣亚国际：融媒体业务高速推进，OrangeGPT深度赋能,点评,一般报告,兴业证券,"李阳,杨尚东",2025Q4,175900.0,,11800.0,9500.0,0.597,34.1,,16.7,,增持,,
300612.SZ,宣亚国际,20230831,宣亚国际：融媒体业务高速推进，OrangeGPT深度赋能,点评,一般报告,兴业证券,"李阳,杨尚东",2024Q4,154000.0,,9100.0,7400.0,0.465,43.8,,15.7,,增持,,
300612.SZ,宣亚国际,20230831,宣亚国际：融媒体业务高速推进，OrangeGPT深度赋能,点评,一般报告,兴业证券,"李阳,杨尚东",2023Q4,132300.0,,6800.0,5600.0,0.35,58.0,,14.0,,增持,,
300499.SZ,高澜股份,20230831,高澜股份：业绩恢复性增势显著，服务器液冷空间广阔,点评,一般报告,东北证券,韩金呈,2025Q4,520000.0,,80900.0,48100.0,1.56,8.67,0.0,18.61,,买入,,19.96
300499.SZ,高澜股份,20230831,高澜股份：业绩恢复性增势显著，服务器液冷空间广阔,点评,一般报告,东北证券,韩金呈,2024Q4,260000.0,,34600.0,20500.0,0.67,20.29,0.0,9.77,,买入,,19.96
300499.SZ,高澜股份,20230831,高澜股份：业绩恢复性增势显著，服务器液冷空间广阔,点评,一般报告,东北证券,韩金呈,2023Q4,110000.0,,11800.0,7000.0,0.23,59.41,0.0,4.69,,买入,,19.96
300490.SZ,华自科技,20230831,华自科技：2023H1扭亏为盈，海外储能有望成为新增长极——公司信息更新报告,点评,一般报告,开源证券,"殷晟路,鞠爽",2025Q4,715100.0,,63200.0,56800.0,1.43,9.6,,13.6,6.9,买入,,
300490.SZ,华自科技,20230831,华自科技：2023H1扭亏为盈，海外储能有望成为新增长极——公司信息更新报告,点评,一般报告,开源证券,"殷晟路,鞠爽",2024Q4,494100.0,,39900.0,35900.0,0.91,15.2,,9.9,9.7,买入,,
300490.SZ,华自科技,20230831,华自科技：2023H1扭亏为盈，海外储能有望成为新增长极——公司信息更新报告,点评,一般报告,开源证券,"殷晟路,鞠爽",2023Q4,363300.0,,23700.0,21300.0,0.54,25.7,,6.5,15.6,买入,,
300364.SZ,中文在线,20230831,中文在线：手握海量头部IP，积极拥抱AI新时代,点评,一般报告,兴业证券,"李阳,杨尚东",2025Q4,290500.0,,31600.0,27800.0,0.38,41.7,,14.8,,增持,,
300364.SZ,中文在线,20230831,中文在线：手握海量头部IP，积极拥抱AI新时代,点评,一般报告,兴业证券,"李阳,杨尚东",2024Q4,238000.0,,24600.0,22200.0,0.3,52.3,,13.8,,增持,,
300364.SZ,中文在线,20230831,中文在线：手握海量头部IP，积极拥抱AI新时代,点评,一般报告,兴业证券,"李阳,杨尚东",2023Q4,194100.0,,18700.0,17200.0,0.23,67.7,,12.4,,增持,,
002567.SZ,唐人神,20230831,唐人神：生猪出栏同比大幅增长,点评,一般报告,山西证券,陈振志,2025Q4,4271900.0,,142700.0,137100.0,0.99,6.5,,17.5,8.0,增持,,
002567.SZ,唐人神,20230831,唐人神：生猪出栏同比大幅增长,点评,一般报告,山西证券,陈振志,2024Q4,3786000.0,,20100.0,19300.0,0.14,46.4,,2.9,17.5,增持,,
002567.SZ,唐人神,20230831,唐人神：生猪出栏同比大幅增长,点评,一般报告,山西证券,陈振志,2023Q4,3081000.0,,-70800.0,-68000.0,-0.49,,,-10.3,3435.0,增持,,
002371.SZ,北方华创,20230831,北方华创：盈利能力显著提升，在手订单支撑业绩高增——公司信息更新报告,点评,一般报告,开源证券,"罗通,刘书珣",2025Q4,3201600.0,,796200.0,644100.0,12.15,22.3,,19.8,15.4,买入,,
002371.SZ,北方华创,20230831,北方华创：盈利能力显著提升，在手订单支撑业绩高增——公司信息更新报告,点评,一般报告,开源证券,"罗通,刘书珣",2024Q4,2585300.0,,588100.0,475000.0,8.96,30.3,,18.2,20.7,买入,,
002371.SZ,北方华创,20230831,北方华创：盈利能力显著提升，在手订单支撑业绩高增——公司信息更新报告,点评,一般报告,开源证券,"罗通,刘书珣",2023Q4,2053100.0,,446000.0,354600.0,6.69,40.5,,16.7,28.0,买入,,
002292.SZ,奥飞娱乐,20230831,奥飞娱乐：IP内容、婴童用品与玩具业务全面修复——公司信息更新报告,点评,一般报告,开源证券,"方光照,田鹏",2025Q4,376400.0,,53800.0,50800.0,0.34,26.1,,11.8,20.7,买入,,
002292.SZ,奥飞娱乐,20230831,奥飞娱乐：IP内容、婴童用品与玩具业务全面修复——公司信息更新报告,点评,一般报告,开源证券,"方光照,田鹏",2024Q4,338900.0,,34200.0,32400.0,0.22,41.0,,8.6,30.6,买入,,
002292.SZ,奥飞娱乐,20230831,奥飞娱乐：IP内容、婴童用品与玩具业务全面修复——公司信息更新报告,点评,一般报告,开源证券,"方光照,田鹏",2023Q4,300600.0,,18800.0,18100.0,0.12,73.4,,5.2,47.9,买入,,
002223.SZ,鱼跃医疗,20230831,鱼跃医疗：业绩符合预期，利润率进一步优化,点评,一般报告,中金,"朱言音,全芳,邹朋",2024Q4,962800.0,,246200.0,212800.0,2.12,16.0,2.3,17.8,11.5,跑赢行业,,39.5
002223.SZ,鱼跃医疗,20230831,鱼跃医疗：业绩符合预期，利润率进一步优化,点评,一般报告,中金,"朱言音,全芳,邹朋",2023Q4,836500.0,407000.0,228000.0,197000.0,1.97,17.3,2.2,18.7,14.8,跑赢行业,,39.5
000651.SZ,格力电器,20230831,格力电器2023H1业绩点评：延续稳健经营趋势，多元业务助力增长,点评,一般报告,国泰君安,"蔡雯娟,田平川,李汉颖",2025Q4,22140500.0,,,3101800.0,5.51,6.38,7.9,22.0,5.07,增持,,45.57
000651.SZ,格力电器,20230831,格力电器2023H1业绩点评：延续稳健经营趋势，多元业务助力增长,点评,一般报告,国泰君安,"蔡雯娟,田平川,李汉颖",2024Q4,21187100.0,,,2866000.0,5.09,6.9,7.2,22.8,6.2,增持,,45.57
000651.SZ,格力电器,20230831,格力电器2023H1业绩点评：延续稳健经营趋势，多元业务助力增长,点评,一般报告,国泰君安,"蔡雯娟,田平川,李汉颖",2023Q4,20178200.0,,,2634600.0,4.68,7.51,6.7,23.7,7.33,增持,,45.57
000651.SZ,格力电器,20230831,格力电器2023H1业绩点评：延续稳健经营趋势，多元业务助力增长,点评,一般报告,国泰君安,"蔡雯娟,田平川,李汉颖",2023Q3,,,,,3.57,,,,,增持,,45.57
601390.SH,中国中铁,20230831,中国中铁：23Q2利润增势强劲，现金流持续改善,点评,一般报告,申万宏源证券,"袁豪,唐猛",2024Q4,136147200.0,13325800.0,5118800.0,3926700.0,1.59,4.0,,10.7,,买入,,
601390.SH,中国中铁,20230831,中国中铁：23Q2利润增势强劲，现金流持续改善,点评,一般报告,申万宏源证券,"袁豪,唐猛",2023Q4,125576900.0,12183800.0,4577900.0,3507400.0,1.42,5.0,,10.5,,买入,,
601390.SH,中国中铁,20230831,中国中铁：工程类新签订单同比＋43％，现金流改善,点评,一般报告,兴业证券,"孟杰,郁晾,童彤",2025Q4,149333000.0,,6012600.0,4401200.0,1.78,3.76,,10.0,,增持,,
601390.SH,中国中铁,20230831,中国中铁：工程类新签订单同比＋43％，现金流改善,点评,一般报告,兴业证券,"孟杰,郁晾,童彤",2024Q4,138694900.0,,5415800.0,3964300.0,1.6,4.17,,10.4,,增持,,
601390.SH,中国中铁,20230831,中国中铁：工程类新签订单同比＋43％，现金流改善,点评,一般报告,兴业证券,"孟杰,郁晾,童彤",2023Q4,127396000.0,,4836500.0,3540300.0,1.43,4.67,,10.5,,增持,,
601318.SH,中国平安,20230831,中国平安：价值增速领跑，转型成效亮眼,点评,一般报告,兴业证券,"孙寅,徐一洲,唐亮亮",2025Q4,141450000.0,,21320000.0,14770000.0,8.111,,,,,增持,,
601318.SH,中国平安,20230831,中国平安：价值增速领跑，转型成效亮眼,点评,一般报告,兴业证券,"孙寅,徐一洲,唐亮亮",2024Q4,130200000.0,,17840000.0,12600000.0,6.919,,,,,增持,,
601318.SH,中国平安,20230831,中国平安：价值增速领跑，转型成效亮眼,点评,一般报告,兴业证券,"孙寅,徐一洲,唐亮亮",2023Q4,121230000.0,,12700000.0,9120000.0,5.008,,,,,增持,,
601186.SH,中国铁建,20230831,中国铁建：工程承包新签订单同比＋28％，毛利率持续改善,点评,一般报告,兴业证券,"孟杰,童彤,郁晾",2025Q4,154676800.0,,5116200.0,3614400.0,2.66,3.29,,9.5,,增持,,
601186.SH,中国铁建,20230831,中国铁建：工程承包新签订单同比＋28％，毛利率持续改善,点评,一般报告,兴业证券,"孟杰,童彤,郁晾",2024Q4,138672400.0,,4770400.0,3373500.0,2.48,3.53,,9.7,,增持,,
601186.SH,中国铁建,20230831,中国铁建：工程承包新签订单同比＋28％，毛利率持续改善,点评,一般报告,兴业证券,"孟杰,童彤,郁晾",2023Q4,124647700.0,,4289600.0,3037200.0,2.24,3.92,,9.5,,增持,,
601155.SH,新城控股,20230831,新城控股2023半年报点评：结算承压拖累业绩，商业稳健经营,点评,一般报告,兴业证券,"靳璐瑜,宋词",2025Q4,11754800.0,,992200.0,532000.0,2.36,6.1,,7.3,,买入,,
601155.SH,新城控股,20230831,新城控股2023半年报点评：结算承压拖累业绩，商业稳健经营,点评,一般报告,兴业证券,"靳璐瑜,宋词",2024Q4,10686200.0,,843800.0,461600.0,2.05,7.1,,6.8,,买入,,
601155.SH,新城控股,20230831,新城控股2023半年报点评：结算承压拖累业绩，商业稳健经营,点评,一般报告,兴业证券,"靳璐瑜,宋词",2023Q4,11025200.0,,646600.0,366100.0,1.62,8.9,,5.8,,买入,,
601126.SH,四方股份,20230831,四方股份：利润环比高增，业绩行稳致远,点评,一般报告,信达证券,"武浩,曾一赟",2025Q4,1057700.0,,122700.0,101700.0,1.25,11.96,,18.7,3.37,买入,,
601126.SH,四方股份,20230831,四方股份：利润环比高增，业绩行稳致远,点评,一般报告,信达证券,"武浩,曾一赟",2024Q4,841200.0,,104400.0,86600.0,1.06,14.05,,17.6,4.9,买入,,
601126.SH,四方股份,20230831,四方股份：利润环比高增，业绩行稳致远,点评,一般报告,信达证券,"武浩,曾一赟",2023Q4,676500.0,,85400.0,70800.0,0.87,17.18,,15.9,7.0,买入,,
601111.SH,中国国航,20230831,中国国航：亏损幅度收窄，静待旺季业绩,点评,一般报告,兴业证券,"袁浩然,张晓云,肖祎",2025Q4,20417300.0,,2943200.0,2135100.0,1.32,6.6,,27.5,,增持,,
601111.SH,中国国航,20230831,中国国航：亏损幅度收窄，静待旺季业绩,点评,一般报告,兴业证券,"袁浩然,张晓云,肖祎",2024Q4,18148700.0,,2168600.0,1706400.0,1.05,8.2,,30.3,,增持,,
601111.SH,中国国航,20230831,中国国航：亏损幅度收窄，静待旺季业绩,点评,一般报告,兴业证券,"袁浩然,张晓云,肖祎",2023Q4,14234300.0,,98300.0,77900.0,0.0481,180.4,,2.0,,增持,,
601058.SH,赛轮轮胎,20230831,赛轮轮胎23中报业绩点评：23Q2业绩超预期，龙头强者恒强,点评,一般报告,国泰君安,"钟浩,李旋坤,钱伟伦",2025Q4,3411500.0,,,319600.0,1.04,11.44,1.3,16.5,6.36,增持,,15.62
601058.SH,赛轮轮胎,20230831,赛轮轮胎23中报业绩点评：23Q2业绩超预期，龙头强者恒强,点评,一般报告,国泰君安,"钟浩,李旋坤,钱伟伦",2024Q4,2974100.0,,,261300.0,0.85,13.99,1.3,15.8,7.83,增持,,15.62
601058.SH,赛轮轮胎,20230831,赛轮轮胎23中报业绩点评：23Q2业绩超预期，龙头强者恒强,点评,一般报告,国泰君安,"钟浩,李旋坤,钱伟伦",2023Q4,2585400.0,,,216200.0,0.71,16.91,1.3,15.5,9.88,增持,,15.62
601058.SH,赛轮轮胎,20230831,赛轮轮胎23中报业绩点评：23Q2业绩超预期，龙头强者恒强,点评,一般报告,国泰君安,"钟浩,李旋坤,钱伟伦",2023Q3,,,,,0.54,,,,,增持,,15.62
601021.SH,春秋航空,20230831,春秋航空：见证基本面快速上行，Q2业绩超过19年同期,点评,一般报告,兴业证券,"袁浩然,张晓云,肖祎",2025Q4,2546600.0,,572700.0,435200.0,4.45,12.8,,18.1,,买入,,
601021.SH,春秋航空,20230831,春秋航空：见证基本面快速上行，Q2业绩超过19年同期,点评,一般报告,兴业证券,"袁浩然,张晓云,肖祎",2024Q4,2335100.0,,479400.0,364400.0,3.72,15.3,,18.4,,买入,,
601021.SH,春秋航空,20230831,春秋航空：见证基本面快速上行，Q2业绩超过19年同期,点评,一般报告,兴业证券,"袁浩然,张晓云,肖祎",2023Q4,1968000.0,,310700.0,251700.0,2.57,22.2,,15.6,,买入,,
600872.SH,中炬高新,20230831,中炬高新：23Q2利润符合预期，静待美味鲜再起航,点评,一般报告,申万宏源证券,"曹欣之,吕昌,周缘",2025Q4,770100.0,250000.0,127500.0,103500.0,1.32,25.0,,18.5,,增持,,
600872.SH,中炬高新,20230831,中炬高新：23Q2利润符合预期，静待美味鲜再起航,点评,一般报告,申万宏源证券,"曹欣之,吕昌,周缘",2024Q4,668400.0,213900.0,103700.0,84300.0,1.07,31.0,,18.5,,增持,,
600872.SH,中炬高新,20230831,中炬高新：23Q2利润符合预期，静待美味鲜再起航,点评,一般报告,申万宏源证券,"曹欣之,吕昌,周缘",2023Q4,586200.0,181200.0,83200.0,71000.0,0.9,37.0,,19.1,,增持,,
600690.SH,海尔智家,20230831,海尔智家2023年中报点评：收入业绩均符合预期，经营韧性持续凸显,点评,一般报告,申万宏源证券,"刘正,刘嘉玲,周海晨",2025Q4,33670400.0,10825000.0,2980500.0,2289900.0,2.43,10.0,,17.0,,买入,,
600690.SH,海尔智家,20230831,海尔智家2023年中报点评：收入业绩均符合预期，经营韧性持续凸显,点评,一般报告,申万宏源证券,"刘正,刘嘉玲,周海晨",2024Q4,30796800.0,9791100.0,2578300.0,1985200.0,2.1,11.0,,16.7,,买入,,
600690.SH,海尔智家,20230831,海尔智家2023年中报点评：收入业绩均符合预期，经营韧性持续凸显,点评,一般报告,申万宏源证券,"刘正,刘嘉玲,周海晨",2023Q4,27729800.0,8718400.0,2237600.0,1724400.0,1.83,13.0,,16.4,,买入,,
600600.SH,青岛啤酒,20230831,青岛啤酒：结构升级趋势延续，全年业绩望稳增长,点评,一般报告,天风证券,吴立,2025Q4,3956390.0,,776537.0,601816.0,4.41,21.46,,16.72,12.28,买入,,
600600.SH,青岛啤酒,20230831,青岛啤酒：结构升级趋势延续，全年业绩望稳增长,点评,一般报告,天风证券,吴立,2024Q4,3714920.0,,678412.0,523734.0,3.84,24.66,,16.48,14.97,买入,,
600600.SH,青岛啤酒,20230831,青岛啤酒：结构升级趋势延续，全年业绩望稳增长,点评,一般报告,天风证券,吴立,2023Q4,3478390.0,,576416.0,443840.0,3.25,29.1,,15.79,16.67,买入,,
600600.SH,青岛啤酒,20230831,青岛啤酒2023年中报点评：Q2业绩增14％，高端化持续推进,点评,一般报告,国元证券,"邓晖,朱宇昊,袁帆,单蕾",2025Q4,3951116.0,,806562.0,598469.0,4.39,21.43,,17.16,11.99,买入,,
600600.SH,青岛啤酒,20230831,青岛啤酒2023年中报点评：Q2业绩增14％，高端化持续推进,点评,一般报告,国元证券,"邓晖,朱宇昊,袁帆,单蕾",2024Q4,3706220.0,,703454.0,521963.0,3.83,24.57,,16.68,13.55,买入,,
600600.SH,青岛啤酒,20230831,青岛啤酒2023年中报点评：Q2业绩增14％，高端化持续推进,点评,一般报告,国元证券,"邓晖,朱宇昊,袁帆,单蕾",2023Q4,3469368.0,,594774.0,441322.0,3.23,29.06,,15.73,15.79,买入,,
600586.SH,金晶科技,20230831,金晶科技：Q2整体盈利修复，光伏玻璃贡献新增长点,点评,首份报告,国联证券,贺朝晖,2025Q4,1079300.0,,123100.0,105800.0,0.74,10.0,,14.13,3.7,买入,,11.44
600586.SH,金晶科技,20230831,金晶科技：Q2整体盈利修复，光伏玻璃贡献新增长点,点评,首份报告,国联证券,贺朝晖,2024Q4,937600.0,,105700.0,90800.0,0.64,11.7,,13.71,5.0,买入,,11.44
600586.SH,金晶科技,20230831,金晶科技：Q2整体盈利修复，光伏玻璃贡献新增长点,点评,首份报告,国联证券,贺朝晖,2023Q4,824600.0,,72500.0,62300.0,0.44,17.0,,10.58,6.9,买入,,11.44
600500.SH,中化国际,20230831,中化国际：环氧树脂下行拖累短期业绩，芳纶和PA66等新材料突破放量打开成长空间,点评,一般报告,申万宏源证券,"宋涛,任杰",2025Q4,8056800.0,785800.0,283000.0,141400.0,0.39,13.0,,7.1,,增持,,
600500.SH,中化国际,20230831,中化国际：环氧树脂下行拖累短期业绩，芳纶和PA66等新材料突破放量打开成长空间,点评,一般报告,申万宏源证券,"宋涛,任杰",2024Q4,7813100.0,692500.0,210000.0,105200.0,0.29,18.0,,5.7,,增持,,
600500.SH,中化国际,20230831,中化国际：环氧树脂下行拖累短期业绩，芳纶和PA66等新材料突破放量打开成长空间,点评,一般报告,申万宏源证券,"宋涛,任杰",2023Q4,6985700.0,442900.0,12500.0,7300.0,0.02,259.0,,0.4,,增持,,
600383.SH,金地集团,20230831,金地集团23年半年报点评：业绩短期承压，销售经营保持韧性,一般,一般报告,兴业证券,"靳璐瑜,王沁雯,洪波,宋词",2025Q4,10581700.0,,1263700.0,653100.0,1.45,5.4,,8.2,,买入,,
688696.SH,极米科技,20230831,极米科技2023年中报点评：国内投影市场表现疲软，公司收入、业绩承压,点评,一般报告,申万宏源证券,"刘正,刘嘉玲,周海晨,沈呈熹",2025Q4,552800.0,189900.0,45300.0,44500.0,6.35,19.0,,11.0,,增持,,
688696.SH,极米科技,20230831,极米科技2023年中报点评：国内投影市场表现疲软，公司收入、业绩承压,点评,一般报告,申万宏源证券,"刘正,刘嘉玲,周海晨,沈呈熹",2024Q4,470700.0,161100.0,35300.0,35000.0,5.0,24.0,,9.8,,增持,,
688696.SH,极米科技,20230831,极米科技2023年中报点评：国内投影市场表现疲软，公司收入、业绩承压,点评,一般报告,申万宏源证券,"刘正,刘嘉玲,周海晨,沈呈熹",2023Q4,403700.0,133700.0,22900.0,27400.0,3.91,31.0,,8.5,,增持,,
688508.SH,芯朋微,20230831,芯朋微：上半年收入同比增长2％，新能源领域收入超2500万元,点评,一般报告,国信证券,"胡剑,胡慧,周靖翔,叶子,詹浏洋,李书颖,连欣然",2025Q4,171200.0,,31200.0,30000.0,2.65,20.9,0.7,14.9,21.4,买入,,
688508.SH,芯朋微,20230831,芯朋微：上半年收入同比增长2％，新能源领域收入超2500万元,点评,一般报告,国信证券,"胡剑,胡慧,周靖翔,叶子,詹浏洋,李书颖,连欣然",2024Q4,134900.0,,22000.0,21200.0,1.87,29.6,0.5,12.0,30.5,买入,,
688508.SH,芯朋微,20230831,芯朋微：上半年收入同比增长2％，新能源领域收入超2500万元,点评,一般报告,国信证券,"胡剑,胡慧,周靖翔,叶子,詹浏洋,李书颖,连欣然",2023Q4,100700.0,,13700.0,13200.0,1.16,47.5,0.3,8.3,47.7,买入,,
688375.SH,国博电子,20230831,国博电子：业绩稳健增长，持续受益于下游高景气度,点评,一般报告,山西证券,"骆志伟,李通",2025Q4,917800.0,,133700.0,125600.0,3.14,27.7,,14.7,19.8,增持,,
688375.SH,国博电子,20230831,国博电子：业绩稳健增长，持续受益于下游高景气度,点评,一般报告,山西证券,"骆志伟,李通",2024Q4,650300.0,,98900.0,93000.0,2.32,37.4,,12.8,27.4,增持,,
688375.SH,国博电子,20230831,国博电子：业绩稳健增长，持续受益于下游高景气度,点评,一般报告,山西证券,"骆志伟,李通",2023Q4,471000.0,,73900.0,69300.0,1.73,50.2,,11.0,38.8,增持,,
688365.SH,光云科技,20230831,光云科技半年报点评：降本增效成果显现，大商家战略促进增长,点评,一般报告,东吴证券,"张良卫,何逊玥",2025Q4,71000.0,,2900.0,2400.0,0.0564,207.27,,2.31,,买入,,
688365.SH,光云科技,20230831,光云科技半年报点评：降本增效成果显现，大商家战略促进增长,点评,一般报告,东吴证券,"张良卫,何逊玥",2024Q4,62100.0,,600.0,500.0,0.0117,922.53,,0.53,,买入,,
688365.SH,光云科技,20230831,光云科技半年报点评：降本增效成果显现，大商家战略促进增长,点评,一般报告,东吴证券,"张良卫,何逊玥",2023Q4,54400.0,,-4500.0,-4600.0,-0.11,,,-4.6,,买入,,
688322.SH,奥比中光,20230831,奥比中光：23Q2单季度营收重回增长，看好机器人＋3D打印＋微软替代＋医保刷脸开启增长新引擎！,点评,一般报告,天风证券,吴立,2025Q4,125368.0,,10151.0,8039.0,0.2,,,2.72,116.3,买入,,
688322.SH,奥比中光,20230831,奥比中光：23Q2单季度营收重回增长，看好机器人＋3D打印＋微软替代＋医保刷脸开启增长新引擎！,点评,一般报告,天风证券,吴立,2024Q4,83552.0,,-10268.0,-8123.0,-0.2,,,-2.82,,买入,,
688322.SH,奥比中光,20230831,奥比中光：23Q2单季度营收重回增长，看好机器人＋3D打印＋微软替代＋医保刷脸开启增长新引擎！,点评,一般报告,天风证券,吴立,2023Q4,52630.0,,-25306.0,-20283.0,-0.51,,,-6.86,,买入,,
688295.SH,中复神鹰,20230831,中复神鹰2023年中报业绩点评：产能投放驱动增长，市场价格走向平衡,点评,一般报告,国泰君安,"花健祎,鲍雁辛,杨冬庭",2025Q4,483900.0,,,97600.0,1.08,28.7,0.7,14.9,19.19,增持,,56.49
688295.SH,中复神鹰,20230831,中复神鹰2023年中报业绩点评：产能投放驱动增长，市场价格走向平衡,点评,一般报告,国泰君安,"花健祎,鲍雁辛,杨冬庭",2024Q4,372700.0,,,79200.0,0.88,35.39,0.5,13.7,23.7,增持,,56.49
688295.SH,中复神鹰,20230831,中复神鹰2023年中报业绩点评：产能投放驱动增长，市场价格走向平衡,点评,一般报告,国泰君安,"花健祎,鲍雁辛,杨冬庭",2023Q4,261400.0,,,60400.0,0.67,46.38,0.4,11.8,30.71,增持,,56.49
688295.SH,中复神鹰,20230831,中复神鹰2023年中报业绩点评：产能投放驱动增长，市场价格走向平衡,点评,一般报告,国泰君安,"花健祎,鲍雁辛,杨冬庭",2023Q3,,,,,0.45,,,,,增持,,56.49
688236.SH,春立医疗,20230831,春立医疗：脊柱集采短期影响业绩，进口替代加速,点评,一般报告,财通证券,张文录,2025Q4,224339.0,,46837.0,46837.0,1.22,26.12,0.0,11.96,19.2,增持,,
688236.SH,春立医疗,20230831,春立医疗：脊柱集采短期影响业绩，进口替代加速,点评,一般报告,财通证券,张文录,2024Q4,181043.0,,39338.0,39338.0,1.02,31.1,0.0,11.41,22.3,增持,,
688236.SH,春立医疗,20230831,春立医疗：脊柱集采短期影响业绩，进口替代加速,点评,一般报告,财通证券,张文录,2023Q4,145325.0,,33480.0,33480.0,0.87,36.55,0.0,10.96,24.9,增持,,
688190.SH,云路股份,20230831,云路股份：应用领域持续开拓，公司业绩维持高增,点评,一般报告,东北证券,"赵丽明,赵宇天",2025Q4,214800.0,,55900.0,50200.0,4.18,18.52,1.02,16.49,,买入,,
300491.SZ,通合科技,20230831,通合科技：量利齐升，业绩持续超预期——公司信息更新报告,点评,一般报告,开源证券,殷晟路,2025Q4,306300.0,,35600.0,35600.0,2.04,13.0,,15.3,10.9,买入,,
300491.SZ,通合科技,20230831,通合科技：量利齐升，业绩持续超预期——公司信息更新报告,点评,一般报告,开源证券,殷晟路,2024Q4,193100.0,,22300.0,22300.0,1.28,20.8,,11.3,16.0,买入,,
300491.SZ,通合科技,20230831,通合科技：量利齐升，业绩持续超预期——公司信息更新报告,点评,一般报告,开源证券,殷晟路,2023Q4,113400.0,,13000.0,13000.0,0.75,35.6,,11.5,29.1,买入,,
300408.SZ,三环集团,20230831,三环集团：23Q2净利率29％，高容MLCC及SOFC技术突破,点评,首份报告,申万宏源证券,"杨海晏,袁航,金凌,李天奇",2025Q4,800600.0,361900.0,292900.0,260200.0,1.36,23.0,,11.2,,增持,,
300408.SZ,三环集团,20230831,三环集团：23Q2净利率29％，高容MLCC及SOFC技术突破,点评,首份报告,申万宏源证券,"杨海晏,袁航,金凌,李天奇",2024Q4,679400.0,278100.0,221500.0,196300.0,1.02,31.0,,9.5,,增持,,
300408.SZ,三环集团,20230831,三环集团：23Q2净利率29％，高容MLCC及SOFC技术突破,点评,首份报告,申万宏源证券,"杨海晏,袁航,金凌,李天奇",2023Q4,592600.0,239300.0,188900.0,166100.0,0.87,36.0,,8.9,,增持,,
300364.SZ,中文在线,20230831,中文在线23H1中报点评：付费视频剧推动营收高速增长，看好中长期利润贡献,点评,一般报告,东吴证券,"张良卫,周良玖,张文雨",2025Q4,211100.0,,23100.0,22900.0,0.31,49.99,,13.52,,买入,,
300364.SZ,中文在线,20230831,中文在线23H1中报点评：付费视频剧推动营收高速增长，看好中长期利润贡献,点评,一般报告,东吴证券,"张良卫,周良玖,张文雨",2024Q4,173400.0,,18000.0,17800.0,0.24,64.17,,12.18,,买入,,
300364.SZ,中文在线,20230831,中文在线23H1中报点评：付费视频剧推动营收高速增长，看好中长期利润贡献,点评,一般报告,东吴证券,"张良卫,周良玖,张文雨",2023Q4,148600.0,,13400.0,13300.0,0.18,86.07,,10.34,,买入,,
300258.SZ,精锻科技,20230831,精锻科技2023年中报点评：差速器总成放量，收入业绩表现强劲,点评,一般报告,国泰君安,"吴晓飞,管正月",2025Q4,340000.0,,,47000.0,0.97,14.36,0.7,10.9,8.55,增持,,16.94
300258.SZ,精锻科技,20230831,精锻科技2023年中报点评：差速器总成放量，收入业绩表现强劲,点评,一般报告,国泰君安,"吴晓飞,管正月",2024Q4,272000.0,,,36200.0,0.75,18.62,0.7,9.3,10.48,增持,,16.94
300258.SZ,精锻科技,20230831,精锻科技2023年中报点评：差速器总成放量，收入业绩表现强劲,点评,一般报告,国泰君安,"吴晓飞,管正月",2023Q4,223000.0,,,29600.0,0.61,22.81,0.7,8.2,12.66,增持,,16.94
300258.SZ,精锻科技,20230831,精锻科技2023年中报点评：差速器总成放量，收入业绩表现强劲,点评,一般报告,国泰君安,"吴晓飞,管正月",2023Q3,,,,,0.44,,,,,增持,,16.94
300007.SZ,汉威科技,20230831,汉威科技：上半年业绩承压，关注盈利能力改善,点评,首份报告,安信证券,"马良,程宇婷",2025Q4,359030.0,,50320.0,42630.0,1.31,12.7,1.0,11.9,3.7,买入,,21.35
300007.SZ,汉威科技,20230831,汉威科技：上半年业绩承压，关注盈利能力改善,点评,首份报告,安信证券,"马良,程宇婷",2024Q4,293800.0,,35490.0,30060.0,0.92,18.0,0.6,9.4,7.4,买入,,21.35
300007.SZ,汉威科技,20230831,汉威科技：上半年业绩承压，关注盈利能力改善,点评,首份报告,安信证券,"马良,程宇婷",2023Q4,245040.0,,23420.0,20070.0,0.61,27.0,0.4,6.8,6.9,买入,,21.35
002876.SZ,三利谱,20230831,三利谱：收入跟随下游稼动率回暖，盈利水平仍然承压,点评,一般报告,长江证券,"杨洋,谢尔曼",2025Q4,550200.0,95500.0,57200.0,51000.0,2.94,10.42,,15.8,7.18,买入,,
002876.SZ,三利谱,20230831,三利谱：收入跟随下游稼动率回暖，盈利水平仍然承压,点评,一般报告,长江证券,"杨洋,谢尔曼",2024Q4,390300.0,60100.0,30300.0,27100.0,1.56,19.65,,10.0,10.47,买入,,
002876.SZ,三利谱,20230831,三利谱：收入跟随下游稼动率回暖，盈利水平仍然承压,点评,一般报告,长江证券,"杨洋,谢尔曼",2023Q4,267800.0,35200.0,13500.0,12100.0,0.69,44.04,,4.9,15.26,买入,,
002777.SZ,久远银海,20230831,久远银海2023年中报点评：业绩符合预期，数据要素应用持续落地,点评,一般报告,东吴证券,王紫敬,2025Q4,227600.0,,40100.0,33700.0,0.82,39.64,,14.34,,买入,,
002777.SZ,久远银海,20230831,久远银海2023年中报点评：业绩符合预期，数据要素应用持续落地,点评,一般报告,东吴证券,王紫敬,2024Q4,190200.0,,33200.0,27900.0,0.68,47.84,,13.87,,买入,,
002777.SZ,久远银海,20230831,久远银海2023年中报点评：业绩符合预期，数据要素应用持续落地,点评,一般报告,东吴证券,王紫敬,2023Q4,159000.0,,27400.0,23000.0,0.56,58.07,,13.27,,买入,,
002624.SZ,完美世界,20230831,完美世界：经营业绩稳健，新产品周期将至,点评,一般报告,兴业证券,"李阳,杨尚东",2025Q4,1131800.0,,218300.0,213400.0,1.1,12.6,,14.7,,增持,,
002624.SZ,完美世界,20230831,完美世界：经营业绩稳健，新产品周期将至,点评,一般报告,兴业证券,"李阳,杨尚东",2024Q4,1032500.0,,193300.0,187600.0,0.97,14.3,,15.1,,增持,,
688190.SH,云路股份,20230831,云路股份：应用领域持续开拓，公司业绩维持高增,点评,一般报告,东北证券,"赵丽明,赵宇天",2024Q4,199300.0,,46700.0,42000.0,3.5,22.16,0.86,15.9,,买入,,
688190.SH,云路股份,20230831,云路股份：应用领域持续开拓，公司业绩维持高增,点评,一般报告,东北证券,"赵丽明,赵宇天",2023Q4,182400.0,,39000.0,35000.0,2.91,26.59,0.74,15.21,,买入,,
688169.SH,石头科技,20230831,石头科技：2023Q2业绩大超预期，国内外竞争优势持续提升——公司信息更新报告,一般,一般报告,开源证券,"吕明,周嘉乐,陆帅坤",2025Q4,1180800.0,,261800.0,230000.0,17.52,16.8,,15.4,10.3,买入,,
688169.SH,石头科技,20230831,石头科技：2023Q2业绩大超预期，国内外竞争优势持续提升——公司信息更新报告,一般,一般报告,开源证券,"吕明,周嘉乐,陆帅坤",2024Q4,998300.0,,227700.0,200000.0,15.23,19.3,,15.5,12.4,买入,,
688169.SH,石头科技,20230831,石头科技：2023Q2业绩大超预期，国内外竞争优势持续提升——公司信息更新报告,一般,一般报告,开源证券,"吕明,周嘉乐,陆帅坤",2023Q4,829400.0,,193700.0,170000.0,12.95,22.7,,15.3,15.1,买入,,
688169.SH,石头科技,20230831,石头科技：业绩增长超预期，份额提升成长持续,点评,一般报告,国盛证券,"徐程颖,陈思琪",2025Q4,1097700.0,,263500.0,231900.0,17.66,15.1,,15.8,8.7,增持,,
688169.SH,石头科技,20230831,石头科技：业绩增长超预期，份额提升成长持续,点评,一般报告,国盛证券,"徐程颖,陈思琪",2024Q4,914800.0,,214900.0,189100.0,14.4,18.5,,15.0,11.6,增持,,
688169.SH,石头科技,20230831,石头科技：业绩增长超预期，份额提升成长持续,点评,一般报告,国盛证券,"徐程颖,陈思琪",2023Q4,762300.0,,175800.0,154700.0,11.78,22.7,,14.1,14.5,增持,,
688169.SH,石头科技,20230831,石头科技2023H1业绩点评：业绩超预期，海外销售回暖,点评,一般报告,国泰君安,"蔡雯娟,李汉颖,田平川",2025Q4,1093300.0,,,221600.0,16.88,17.39,0.9,15.1,8.66,增持,,366.1
688169.SH,石头科技,20230831,石头科技2023H1业绩点评：业绩超预期，海外销售回暖,点评,一般报告,国泰君安,"蔡雯娟,李汉颖,田平川",2024Q4,943300.0,,,185900.0,14.16,20.73,0.7,14.6,11.17,增持,,366.1
688169.SH,石头科技,20230831,石头科技2023H1业绩点评：业绩超预期，海外销售回暖,点评,一般报告,国泰君安,"蔡雯娟,李汉颖,田平川",2023Q4,802000.0,,,160200.0,12.2,24.05,0.5,14.5,15.31,增持,,366.1
688169.SH,石头科技,20230831,石头科技2023H1业绩点评：业绩超预期，海外销售回暖,点评,一般报告,国泰君安,"蔡雯娟,李汉颖,田平川",2023Q3,,,,,8.63,,,,,增持,,366.1
688167.SH,炬光科技,20230831,炬光科技：短期业绩承压，静待中游新业务放量,点评,一般报告,长江证券,"杨洋,蔡少东",2025Q4,124400.0,61000.0,25500.0,25400.0,2.81,30.72,,8.9,27.68,买入,,
688167.SH,炬光科技,20230831,炬光科技：短期业绩承压，静待中游新业务放量,点评,一般报告,长江证券,"杨洋,蔡少东",2024Q4,88800.0,41800.0,15800.0,15800.0,1.74,49.49,,6.1,44.72,买入,,
688167.SH,炬光科技,20230831,炬光科技：短期业绩承压，静待中游新业务放量,点评,一般报告,长江证券,"杨洋,蔡少东",2023Q4,63500.0,28600.0,11100.0,11000.0,1.22,70.8,,4.5,74.38,买入,,
688121.SH,卓然股份,20230831,卓然股份2023年中报点评：Q2承压，景气持续及订单落地助推高增长,点评,一般报告,国泰君安,"孙羲昱,陈浩越,徐乔威",2025Q4,894500.0,,,72800.0,3.59,7.5,1.6,21.8,5.51,增持,,31.98
688121.SH,卓然股份,20230831,卓然股份2023年中报点评：Q2承压，景气持续及订单落地助推高增长,点评,一般报告,国泰君安,"孙羲昱,陈浩越,徐乔威",2024Q4,610400.0,,,45000.0,2.22,12.13,1.3,16.7,8.81,增持,,31.98
688121.SH,卓然股份,20230831,卓然股份2023年中报点评：Q2承压，景气持续及订单落地助推高增长,点评,一般报告,国泰君安,"孙羲昱,陈浩越,徐乔威",2023Q4,356300.0,,,24800.0,1.23,21.96,1.1,11.1,14.89,增持,,31.98
688121.SH,卓然股份,20230831,卓然股份2023年中报点评：Q2承压，景气持续及订单落地助推高增长,点评,一般报告,国泰君安,"孙羲昱,陈浩越,徐乔威",2023Q3,,,,,0.29,,,,,增持,,31.98
688120.SH,华海清科,20230831,华海清科：业绩维持高速增长，横向布局推动国产化进程——公司信息更新报告,点评,一般报告,开源证券,"罗通,刘书珣",2025Q4,436900.0,,133200.0,119900.0,7.55,27.6,,16.0,20.3,买入,,
688120.SH,华海清科,20230831,华海清科：业绩维持高速增长，横向布局推动国产化进程——公司信息更新报告,点评,一般报告,开源证券,"罗通,刘书珣",2024Q4,337900.0,,103500.0,93200.0,5.86,35.6,,14.7,27.0,买入,,
688120.SH,华海清科,20230831,华海清科：业绩维持高速增长，横向布局推动国产化进程——公司信息更新报告,点评,一般报告,开源证券,"罗通,刘书珣",2023Q4,251700.0,,78700.0,70900.0,4.46,46.7,,13.0,36.9,买入,,
688105.SH,诺唯赞,20230831,诺唯赞2023年半年报点评：业务结构变动影响短期业绩，股权激励彰显长期发展信心,点评,一般报告,西部证券,"陆伏崴,陈嘉烨",2025Q4,208800.0,,33100.0,28200.0,0.7,38.5,,5.7,,买入,,
688105.SH,诺唯赞,20230831,诺唯赞2023年半年报点评：业务结构变动影响短期业绩，股权激励彰显长期发展信心,点评,一般报告,西部证券,"陆伏崴,陈嘉烨",2024Q4,166400.0,,21700.0,18500.0,0.46,58.7,,3.9,,买入,,
688105.SH,诺唯赞,20230831,诺唯赞2023年半年报点评：业务结构变动影响短期业绩，股权激励彰显长期发展信心,点评,一般报告,西部证券,"陆伏崴,陈嘉烨",2023Q4,127600.0,,3000.0,2600.0,0.065,421.6,,0.6,,买入,,
688072.SH,拓荆科技,20230831,拓荆科技跟踪报告之四：23Q2业绩持续高增长，公司产品线不断完善,点评,一般报告,光大证券,"刘凯,于文龙",2025Q4,558800.0,,116200.0,115600.0,9.14,37.0,0.2,18.88,36.4,增持,,
688072.SH,拓荆科技,20230831,拓荆科技跟踪报告之四：23Q2业绩持续高增长，公司产品线不断完善,点评,一般报告,光大证券,"刘凯,于文龙",2024Q4,426400.0,,85500.0,85100.0,6.73,50.0,0.2,16.87,48.2,增持,,
688072.SH,拓荆科技,20230831,拓荆科技跟踪报告之四：23Q2业绩持续高增长，公司产品线不断完善,点评,一般报告,光大证券,"刘凯,于文龙",2023Q4,287700.0,,56900.0,56600.0,4.47,76.0,0.1,13.33,81.1,增持,,
002624.SZ,完美世界,20230831,完美世界：经营业绩稳健，新产品周期将至,点评,一般报告,兴业证券,"李阳,杨尚东",2023Q4,907800.0,,155400.0,154200.0,0.79,17.4,,14.6,,增持,,
002572.SZ,索菲亚,20230831,索菲亚：23Q2利润率亮眼，整装渠道高增、在手订单充足,点评,一般报告,中信建投,"叶乐,黄杨璐",2025Q4,1526090.0,,205290.0,169240.0,1.85,10.26,,94.82,6.02,买入,,
002572.SZ,索菲亚,20230831,索菲亚：23Q2利润率亮眼，整装渠道高增、在手订单充足,点评,一般报告,中信建投,"叶乐,黄杨璐",2024Q4,1365200.0,,182080.0,150110.0,1.65,11.57,,54.48,6.5,买入,,
002572.SZ,索菲亚,20230831,索菲亚：23Q2利润率亮眼，整装渠道高增、在手订单充足,点评,一般报告,中信建投,"叶乐,黄杨璐",2023Q4,1206690.0,,158770.0,130890.0,1.43,13.27,,27.89,6.92,买入,,
002555.SZ,三七互娱,20230831,三七互娱2023年中报点评：新游投放致Q2承压，Q3步入利润释放期,点评,一般报告,东吴证券,"张良卫,周良玖,陈欣",2025Q4,2064400.0,,493000.0,435700.0,1.96,12.56,,18.28,,买入,,
002555.SZ,三七互娱,20230831,三七互娱2023年中报点评：新游投放致Q2承压，Q3步入利润释放期,点评,一般报告,东吴证券,"张良卫,周良玖,陈欣",2024Q4,1929500.0,,442400.0,391000.0,1.76,14.0,,20.07,,买入,,
002555.SZ,三七互娱,20230831,三七互娱2023年中报点评：新游投放致Q2承压，Q3步入利润释放期,点评,一般报告,东吴证券,"张良卫,周良玖,陈欣",2023Q4,1731500.0,,383700.0,339100.0,1.53,16.14,,21.77,,买入,,
002555.SZ,三七互娱,20230831,三七互娱：Q3净利大幅上涨，AI赋能打造数智化产品矩阵——2023H1业绩及Q3预告点评,点评,一般报告,国泰君安,"陈筱,张昱",2025Q4,2179900.0,,,466800.0,2.1,12.68,2.5,23.1,9.01,增持,,44.7
002555.SZ,三七互娱,20230831,三七互娱：Q3净利大幅上涨，AI赋能打造数智化产品矩阵——2023H1业绩及Q3预告点评,点评,一般报告,国泰君安,"陈筱,张昱",2024Q4,1894000.0,,,390900.0,1.76,15.14,2.2,23.0,11.31,增持,,44.7
002555.SZ,三七互娱,20230831,三七互娱：Q3净利大幅上涨，AI赋能打造数智化产品矩阵——2023H1业绩及Q3预告点评,点评,一般报告,国泰君安,"陈筱,张昱",2023Q4,1637100.0,,,330400.0,1.49,17.91,1.9,23.0,13.83,增持,,44.7
002555.SZ,三七互娱,20230831,三七互娱：Q3净利大幅上涨，AI赋能打造数智化产品矩阵——2023H1业绩及Q3预告点评,点评,一般报告,国泰君安,"陈筱,张昱",2023Q3,,,,,1.01,,,,,增持,,44.7
002459.SZ,晶澳科技,20230831,晶澳科技2023年中报点评：Q2单瓦盈利稍有下降，股权激励彰显信心！,一般,一般报告,东吴证券,"曾朵红,陈瑶,郭亚男",2025Q4,16022700.0,,1889100.0,1608900.0,4.86,5.73,,24.2,,买入,,45.5
002459.SZ,晶澳科技,20230831,晶澳科技2023年中报点评：Q2单瓦盈利稍有下降，股权激励彰显信心！,一般,一般报告,东吴证券,"曾朵红,陈瑶,郭亚男",2024Q4,12422400.0,,1510100.0,1286100.0,3.88,7.17,,25.52,,买入,,45.5
002459.SZ,晶澳科技,20230831,晶澳科技2023年中报点评：Q2单瓦盈利稍有下降，股权激励彰显信心！,一般,一般报告,东吴证券,"曾朵红,陈瑶,郭亚男",2023Q4,10047100.0,,1186000.0,1003600.0,3.03,9.18,,26.73,,买入,,45.5
002206.SZ,海利得,20230831,海利得2023年半年报点评：Q2业绩改善明显，越南工厂扭亏为盈，看好公司长期发展,点评,一般报告,民生证券,"刘海荣,李金凤",2025Q4,721200.0,,74500.0,65300.0,0.56,10.0,5.29,14.4,5.79,推荐,,
002206.SZ,海利得,20230831,海利得2023年半年报点评：Q2业绩改善明显，越南工厂扭亏为盈，看好公司长期发展,点评,一般报告,民生证券,"刘海荣,李金凤",2024Q4,671300.0,,68700.0,60100.0,0.51,11.0,4.88,14.33,6.25,推荐,,
002206.SZ,海利得,20230831,海利得2023年半年报点评：Q2业绩改善明显，越南工厂扭亏为盈，看好公司长期发展,点评,一般报告,民生证券,"刘海荣,李金凤",2023Q4,615600.0,,53200.0,46600.0,0.4,14.0,3.77,12.12,7.52,推荐,,
000999.SZ,华润三九,20230831,华润三九2023年中报点评：业绩符合预期，CHC业务稳健增长,点评,一般报告,国泰君安,"丁丹,唐玉青",2025Q4,3554700.0,,,408400.0,4.13,11.52,2.6,16.7,4.78,增持,,67.98
000999.SZ,华润三九,20230831,华润三九2023年中报点评：业绩符合预期，CHC业务稳健增长,点评,一般报告,国泰君安,"丁丹,唐玉青",2024Q4,3207900.0,,,356600.0,3.61,13.19,2.3,16.5,6.24,增持,,67.98
000999.SZ,华润三九,20230831,华润三九2023年中报点评：业绩符合预期，CHC业务稳健增长,点评,一般报告,国泰君安,"丁丹,唐玉青",2023Q4,2879600.0,,,305500.0,3.09,15.4,2.1,16.0,8.1,增持,,67.98
000999.SZ,华润三九,20230831,华润三九2023年中报点评：业绩符合预期，CHC业务稳健增长,点评,一般报告,国泰君安,"丁丹,唐玉青",2023Q3,,,,,2.49,,,,,增持,,67.98
000887.SZ,中鼎股份,20230831,中鼎股份2023年半年报点评：海外车市复苏＋管路带动增长，ASU＋空簧＋魔毯加速协同,点评,一般报告,西部证券,刘虹辰,2025Q4,2127100.0,,212700.0,184800.0,1.4,8.6,,13.1,,买入,,
000887.SZ,中鼎股份,20230831,中鼎股份2023年半年报点评：海外车市复苏＋管路带动增长，ASU＋空簧＋魔毯加速协同,点评,一般报告,西部证券,刘虹辰,2024Q4,1919400.0,,172200.0,149600.0,1.14,10.6,,11.8,,买入,,
688037.SH,芯源微,20230831,芯源微：23H1业绩实现高增长，前道涂胶显影新品导入顺利,点评,一般报告,华金证券,"孙远峰,王海维",2025Q4,374000.0,,59200.0,56400.0,4.1,35.5,,17.5,29.6,增持,,
688037.SH,芯源微,20230831,芯源微：23H1业绩实现高增长，前道涂胶显影新品导入顺利,点评,一般报告,华金证券,"孙远峰,王海维",2024Q4,272600.0,,41800.0,39600.0,2.88,50.6,,14.6,41.2,增持,,
688037.SH,芯源微,20230831,芯源微：23H1业绩实现高增长，前道涂胶显影新品导入顺利,点评,一般报告,华金证券,"孙远峰,王海维",2023Q4,200500.0,,28900.0,27300.0,1.98,73.4,,11.6,61.4,增持,,
688025.SH,杰普特,20230831,杰普特：2023H1归母净利yoy＋32％，消费电子模组检测未来可期,点评,一般报告,申万宏源证券,"李蕾,杨海晏,张婧玮,金凌",2025Q4,247700.0,100400.0,38900.0,37300.0,3.92,19.0,,14.3,,买入,,
688025.SH,杰普特,20230831,杰普特：2023H1归母净利yoy＋32％，消费电子模组检测未来可期,点评,一般报告,申万宏源证券,"李蕾,杨海晏,张婧玮,金凌",2024Q4,176900.0,67200.0,24400.0,23400.0,2.46,30.0,,10.4,,买入,,
688025.SH,杰普特,20230831,杰普特：2023H1归母净利yoy＋32％，消费电子模组检测未来可期,点评,一般报告,申万宏源证券,"李蕾,杨海晏,张婧玮,金凌",2023Q4,137100.0,50200.0,14600.0,14000.0,1.48,50.0,,7.0,,买入,,
603997.SH,继峰股份,20230831,继峰股份2023年中报点评：2023H1业绩同比扭亏，乘用车座椅正式量产,点评,一般报告,东吴证券,"黄细里,刘力宇",2025Q4,2724900.0,,128800.0,111400.0,0.97,15.01,,18.5,,买入,,
603997.SH,继峰股份,20230831,继峰股份2023年中报点评：2023H1业绩同比扭亏，乘用车座椅正式量产,点评,一般报告,东吴证券,"黄细里,刘力宇",2024Q4,2351800.0,,82400.0,71300.0,0.62,23.46,,14.55,,买入,,
603997.SH,继峰股份,20230831,继峰股份2023年中报点评：2023H1业绩同比扭亏，乘用车座椅正式量产,点评,一般报告,东吴证券,"黄细里,刘力宇",2023Q4,2064000.0,,34800.0,30100.0,0.26,55.58,,7.2,,买入,,
603876.SH,鼎胜新材,20230831,鼎胜新材2023年中报点评：Q2业绩符合预期，预计H2电池箔量增利稳,点评,一般报告,东吴证券,"曾朵红,阮巧燕,岳斯瑶",2025Q4,2334100.0,,157700.0,136400.0,1.55,10.63,,14.42,,买入,,24.2
603876.SH,鼎胜新材,20230831,鼎胜新材2023年中报点评：Q2业绩符合预期，预计H2电池箔量增利稳,点评,一般报告,东吴证券,"曾朵红,阮巧燕,岳斯瑶",2024Q4,2128500.0,,123400.0,106800.0,1.21,13.58,,13.18,,买入,,24.2
603876.SH,鼎胜新材,20230831,鼎胜新材2023年中报点评：Q2业绩符合预期，预计H2电池箔量增利稳,点评,一般报告,东吴证券,"曾朵红,阮巧燕,岳斯瑶",2023Q4,1940700.0,,92600.0,80100.0,0.91,18.12,,11.23,,买入,,24.2
603859.SH,能科科技,20230831,能科科技：自研产品推广顺利，盈利能力持续提升,点评,一般报告,信达证券,庞倩倩,2025Q4,227100.0,,50800.0,44400.0,2.66,16.08,,13.0,11.77,买入,,
603859.SH,能科科技,20230831,能科科技：自研产品推广顺利，盈利能力持续提升,点评,一般报告,信达证券,庞倩倩,2024Q4,187000.0,,39500.0,33800.0,2.03,21.13,,11.2,14.74,买入,,
603859.SH,能科科技,20230831,能科科技：自研产品推广顺利，盈利能力持续提升,点评,一般报告,信达证券,庞倩倩,2023Q4,152800.0,,30800.0,25800.0,1.55,27.7,,9.5,18.13,买入,,
603855.SH,华荣股份,20230831,华荣股份：细分板块增长各有看点，下半年营收具备高弹性,点评,首份报告,天风证券,"李鲁靖,朱晔",2025Q4,592604.0,,93161.0,81458.0,2.41,9.45,,24.28,5.13,买入,,
603855.SH,华荣股份,20230831,华荣股份：细分板块增长各有看点，下半年营收具备高弹性,点评,首份报告,天风证券,"李鲁靖,朱晔",2024Q4,488789.0,,71972.0,62626.0,1.86,12.29,,23.21,7.85,买入,,
603855.SH,华荣股份,20230831,华荣股份：细分板块增长各有看点，下半年营收具备高弹性,点评,首份报告,天风证券,"李鲁靖,朱晔",2023Q4,386524.0,,57207.0,49824.0,1.48,15.45,,22.49,9.53,买入,,
603659.SH,璞泰来,20230831,璞泰来2023年中报点评：Q2负极盈利基本见底，平台化布局提高盈利韧性,点评,一般报告,东吴证券,"曾朵红,阮巧燕,岳斯瑶",2025Q4,3972800.0,,761300.0,630100.0,3.13,10.3,,23.91,,买入,,45.0
603659.SH,璞泰来,20230831,璞泰来2023年中报点评：Q2负极盈利基本见底，平台化布局提高盈利韧性,点评,一般报告,东吴证券,"曾朵红,阮巧燕,岳斯瑶",2024Q4,3000200.0,,545400.0,451400.0,2.24,14.38,,21.89,,买入,,45.0
603659.SH,璞泰来,20230831,璞泰来2023年中报点评：Q2负极盈利基本见底，平台化布局提高盈利韧性,点评,一般报告,东吴证券,"曾朵红,阮巧燕,岳斯瑶",2023Q4,2288700.0,,368500.0,301500.0,1.5,21.53,,18.26,,买入,,45.0
603565.SH,中谷物流,20230831,中谷物流：内贸运价开启回归，公司大船下水提升货量,点评,一般报告,兴业证券,"张晓云,肖祎,王凯",2025Q4,2363700.0,,406900.0,304000.0,1.45,7.1,,18.8,,增持,,
603565.SH,中谷物流,20230831,中谷物流：内贸运价开启回归，公司大船下水提升货量,点评,一般报告,兴业证券,"张晓云,肖祎,王凯",2024Q4,1950200.0,,324400.0,242400.0,1.15,8.9,,18.5,,增持,,
000887.SZ,中鼎股份,20230831,中鼎股份2023年半年报点评：海外车市复苏＋管路带动增长，ASU＋空簧＋魔毯加速协同,点评,一般报告,西部证券,刘虹辰,2023Q4,1707100.0,,135600.0,117800.0,0.89,13.5,,10.1,,买入,,
000776.SZ,广发证券,20230831,广发证券公司点评报告1H23业绩点评：公募业务龙头地位稳固，投资收益高增,点评,一般报告,方正证券,曹柳龙,2025Q4,3572400.0,,1589900.0,1173300.0,1.54,10.1,,9.1,,强烈推荐,,
000776.SZ,广发证券,20230831,广发证券公司点评报告1H23业绩点评：公募业务龙头地位稳固，投资收益高增,点评,一般报告,方正证券,曹柳龙,2024Q4,3118800.0,,1393000.0,1034800.0,1.358,11.5,,8.5,,强烈推荐,,
000776.SZ,广发证券,20230831,广发证券公司点评报告1H23业绩点评：公募业务龙头地位稳固，投资收益高增,点评,一般报告,方正证券,曹柳龙,2023Q4,2631500.0,,1189900.0,890600.0,1.169,13.4,,7.7,,强烈推荐,,
000776.SZ,广发证券,20230831,广发证券2023年中报点评：资管业务贡献占比高，自营投资表现亮眼,点评,一般报告,兴业证券,"徐一洲,孙寅,陈静",2025Q4,3096700.0,,1430100.0,1029700.0,1.35,10.7,,,,增持,,
000776.SZ,广发证券,20230831,广发证券2023年中报点评：资管业务贡献占比高，自营投资表现亮眼,点评,一般报告,兴业证券,"徐一洲,孙寅,陈静",2024Q4,2930000.0,,1337000.0,962700.0,1.26,11.45,,,,增持,,
000776.SZ,广发证券,20230831,广发证券2023年中报点评：资管业务贡献占比高，自营投资表现亮眼,点评,一般报告,兴业证券,"徐一洲,孙寅,陈静",2023Q4,2731400.0,,1221500.0,879500.0,1.15,12.53,,,,增持,,
000651.SZ,格力电器,20230831,格力电器2023年中报点评：业绩符合预期，持续高质量经营,点评,一般报告,申万宏源证券,"刘正,刘嘉玲,周海晨",2025Q4,23264900.0,6326000.0,3563700.0,3210200.0,5.7,6.0,,22.8,,买入,,
000651.SZ,格力电器,20230831,格力电器2023年中报点评：业绩符合预期，持续高质量经营,点评,一般报告,申万宏源证券,"刘正,刘嘉玲,周海晨",2024Q4,21932200.0,5860700.0,3241800.0,2920500.0,5.19,7.0,,24.8,,买入,,
000651.SZ,格力电器,20230831,格力电器2023年中报点评：业绩符合预期，持续高质量经营,点评,一般报告,申万宏源证券,"刘正,刘嘉玲,周海晨",2023Q4,20550400.0,5420000.0,2939900.0,2650500.0,4.71,7.0,,27.5,,买入,,
000526.SZ,学大教育,20230831,学大教育：全年业绩有望新高，重视需求刚性及教培新常态,点评,一般报告,天风证券,孙海洋,2025Q4,367348.0,,25659.0,16300.0,1.33,20.82,,19.54,5.27,买入,,
000526.SZ,学大教育,20230831,学大教育：全年业绩有望新高，重视需求刚性及教培新常态,点评,一般报告,天风证券,孙海洋,2024Q4,291802.0,,22360.0,13004.0,1.06,26.1,,19.37,6.71,买入,,
000526.SZ,学大教育,20230831,学大教育：全年业绩有望新高，重视需求刚性及教培新常态,点评,一般报告,天风证券,孙海洋,2023Q4,233690.0,,17632.0,10029.0,0.82,33.84,,18.51,10.44,买入,,
000065.SZ,北方国际,20230831,北方国际2023年中报点评：上半年收入持续放量，多增长极保障业绩稳增,点评,一般报告,中信证券,"孙明新,李家明",2025Q4,2573900.0,,165000.0,117700.0,1.17,12.3,,11.1,9.9,买入,,
603565.SH,中谷物流,20230831,中谷物流：内贸运价开启回归，公司大船下水提升货量,点评,一般报告,兴业证券,"张晓云,肖祎,王凯",2023Q4,1514000.0,,228100.0,170400.0,0.81,12.6,,15.9,,增持,,
603290.SH,斯达半导,20230831,斯达半导：2023H1营收高增，公司成长动力充足——公司信息更新报告,点评,一般报告,开源证券,"罗通,刘书珣",2025Q4,657500.0,,163300.0,144100.0,8.43,23.5,,16.5,16.5,买入,,
603290.SH,斯达半导,20230831,斯达半导：2023H1营收高增，公司成长动力充足——公司信息更新报告,点评,一般报告,开源证券,"罗通,刘书珣",2024Q4,534900.0,,133400.0,117200.0,6.86,28.9,,15.7,21.1,买入,,
603290.SH,斯达半导,20230831,斯达半导：2023H1营收高增，公司成长动力充足——公司信息更新报告,点评,一般报告,开源证券,"罗通,刘书珣",2023Q4,394600.0,,102800.0,91500.0,5.36,37.0,,14.3,29.1,买入,,
603185.SH,弘元绿能,20230831,弘元绿能点评报告：业绩低点逐步过去；下半年N型光伏全链一体化空间有望打开,点评,一般报告,浙商证券,"王华君,李思扬",2025Q4,3989200.0,,613800.0,559000.0,9.67,4.31,,22.93,0.56,买入,,
603185.SH,弘元绿能,20230831,弘元绿能点评报告：业绩低点逐步过去；下半年N型光伏全链一体化空间有望打开,点评,一般报告,浙商证券,"王华君,李思扬",2024Q4,3145200.0,,525800.0,478800.0,8.29,5.03,,24.95,1.66,买入,,
603185.SH,弘元绿能,20230831,弘元绿能点评报告：业绩低点逐步过去；下半年N型光伏全链一体化空间有望打开,点评,一般报告,浙商证券,"王华君,李思扬",2023Q4,2622400.0,,441100.0,401700.0,6.95,5.99,,27.39,2.64,买入,,
603061.SH,金海通,20230831,金海通：坚持逆周期投入研发，静待市场需求复苏,点评,一般报告,上海证券,"王珠琳,马永正",2025Q4,53000.0,,24700.0,21400.0,3.57,25.15,,11.8,16.78,买入,,
603061.SH,金海通,20230831,金海通：坚持逆周期投入研发，静待市场需求复苏,点评,一般报告,上海证券,"王珠琳,马永正",2024Q4,44100.0,,20700.0,18000.0,2.99,30.04,,11.2,24.26,买入,,
603061.SH,金海通,20230831,金海通：坚持逆周期投入研发，静待市场需求复苏,点评,一般报告,上海证券,"王珠琳,马永正",2023Q4,33600.0,,12200.0,10600.0,1.76,51.06,,7.4,32.75,买入,,
601988.SH,中国银行,20230831,中国银行2023年半年报点评：营收增速领跑，资产质量稳定,点评,一般报告,兴业证券,"陈绍兴,王尘,曹欣童",2025Q4,74468100.0,,31278600.0,25817600.0,0.88,,,10.56,,增持,,
601988.SH,中国银行,20230831,中国银行2023年半年报点评：营收增速领跑，资产质量稳定,点评,一般报告,兴业证券,"陈绍兴,王尘,曹欣童",2024Q4,70282200.0,,29426100.0,24288500.0,0.83,,,10.56,,增持,,
601988.SH,中国银行,20230831,中国银行2023年半年报点评：营收增速领跑，资产质量稳定,点评,一般报告,兴业证券,"陈绍兴,王尘,曹欣童",2023Q4,66753100.0,,28785800.0,22982400.0,0.78,,,10.71,,增持,,
601985.SH,中国核电,20230831,中国核电2023年半年报点评：2023Q2绿电业绩同比增长50％＋，管理费用率逐步回归常态,点评,一般报告,国海证券,"杨阳,钟琪",2025Q4,8488800.0,,2676900.0,1274100.0,0.67,10.67,,10.0,6.18,买入,,
601985.SH,中国核电,20230831,中国核电2023年半年报点评：2023Q2绿电业绩同比增长50％＋，管理费用率逐步回归常态,点评,一般报告,国海证券,"杨阳,钟琪",2024Q4,7816900.0,,2385500.0,1135400.0,0.6,11.98,,10.0,6.66,买入,,
601985.SH,中国核电,20230831,中国核电2023年半年报点评：2023Q2绿电业绩同比增长50％＋，管理费用率逐步回归常态,点评,一般报告,国海证券,"杨阳,钟琪",2023Q4,7471200.0,,2229200.0,1061000.0,0.56,12.81,,11.0,7.23,买入,,
601985.SH,中国核电,20230831,中国核电2023半年报点评：盈利稳健增长，远期空间打开,点评,一般报告,国泰君安,"汪玥,于鸿光,孙辉贤",2025Q4,9132300.0,,,1361600.0,0.72,9.83,3.2,12.0,6.72,增持,,8.28
601985.SH,中国核电,20230831,中国核电2023半年报点评：盈利稳健增长，远期空间打开,点评,一般报告,国泰君安,"汪玥,于鸿光,孙辉贤",2024Q4,8270100.0,,,1211700.0,0.64,11.05,2.8,11.6,7.41,增持,,8.28
601985.SH,中国核电,20230831,中国核电2023半年报点评：盈利稳健增长，远期空间打开,点评,一般报告,国泰君安,"汪玥,于鸿光,孙辉贤",2023Q4,7593900.0,,,1050600.0,0.56,12.74,2.5,10.9,8.41,增持,,8.28
601985.SH,中国核电,20230831,中国核电2023半年报点评：盈利稳健增长，远期空间打开,点评,一般报告,国泰君安,"汪玥,于鸿光,孙辉贤",2023Q3,,,,,0.45,,,,,增持,,8.28
601668.SH,中国建筑,20230831,中国建筑：非地产业务保持较好增长，现金流明显改善,点评,一般报告,天风证券,"鲍荣富,王涛,王雯,任嘉禹",2025Q4,274199338.0,,11534918.0,6480885.0,1.55,3.64,,12.34,1.04,买入,,7.99
601668.SH,中国建筑,20230831,中国建筑：非地产业务保持较好增长，现金流明显改善,点评,一般报告,天风证券,"鲍荣富,王涛,王雯,任嘉禹",2024Q4,248445293.0,,10404595.0,5886345.0,1.4,4.01,,12.43,1.45,买入,,7.99
601668.SH,中国建筑,20230831,中国建筑：非地产业务保持较好增长，现金流明显改善,点评,一般报告,天风证券,"鲍荣富,王涛,王雯,任嘉禹",2023Q4,224448300.0,,9486363.0,5403815.0,1.29,4.37,,12.65,1.56,买入,,7.99
601633.SH,长城汽车,20230831,长城汽车：经营拐点正确认，孤注一掷新能源,点评,一般报告,申万宏源证券,戴文杰,2025Q4,21169500.0,3301800.0,963500.0,903900.0,1.06,25.0,,10.5,,中性,,
601633.SH,长城汽车,20230831,长城汽车：经营拐点正确认，孤注一掷新能源,点评,一般报告,申万宏源证券,戴文杰,2024Q4,18963400.0,2880400.0,721600.0,678100.0,0.8,33.0,,8.8,,中性,,
601633.SH,长城汽车,20230831,长城汽车：经营拐点正确认，孤注一掷新能源,点评,一般报告,申万宏源证券,戴文杰,2023Q4,15970900.0,2393400.0,543900.0,512200.0,0.6,44.0,,7.3,,中性,,
601390.SH,中国中铁,20230831,中国中铁：23Q2利润增势强劲，现金流持续改善,点评,一般报告,申万宏源证券,"袁豪,唐猛",2025Q4,147199500.0,14492300.0,5639800.0,4376500.0,1.77,4.0,,10.9,,买入,,
000065.SZ,北方国际,20230831,北方国际2023年中报点评：上半年收入持续放量，多增长极保障业绩稳增,点评,一般报告,中信证券,"孙明新,李家明",2024Q4,2434500.0,,139400.0,101500.0,1.01,14.3,,10.7,11.0,买入,,
000065.SZ,北方国际,20230831,北方国际2023年中报点评：上半年收入持续放量，多增长极保障业绩稳增,点评,一般报告,中信证券,"孙明新,李家明",2023Q4,2390700.0,,113300.0,85400.0,0.85,17.0,,10.0,12.6,买入,,
000002.SZ,万科A,20230831,万科A_2023年半年报点评：结算下降，拿地聚焦,点评,一般报告,国泰君安,"谢皓宇,白淑媛,郝亚雯",2025Q4,39686300.0,,,2103200.0,1.76,8.06,7.3,8.8,6.32,增持,,25.4
000002.SZ,万科A,20230831,万科A_2023年半年报点评：结算下降，拿地聚焦,点评,一般报告,国泰君安,"谢皓宇,白淑媛,郝亚雯",2024Q4,41888500.0,,,2028000.0,1.7,8.35,7.3,7.8,6.91,增持,,25.4
000002.SZ,万科A,20230831,万科A_2023年半年报点评：结算下降，拿地聚焦,点评,一般报告,国泰君安,"谢皓宇,白淑媛,郝亚雯",2023Q4,46379000.0,,,2049700.0,1.72,8.27,7.3,8.2,6.82,增持,,25.4
000002.SZ,万科A,20230831,万科A_2023年半年报点评：结算下降，拿地聚焦,点评,一般报告,国泰君安,"谢皓宇,白淑媛,郝亚雯",2023Q3,,,,,1.22,,,,,增持,,25.4
688696.SH,极米科技,20230831,极米科技：内销需求下滑明显，海外增长韧性充足,点评,一般报告,招商证券,"史晋星,纪向阳,彭子豪,闫哲坤",2025Q4,534300.0,,58800.0,52500.0,7.5,16.2,,13.7,13.3,增持,,
688696.SH,极米科技,20230831,极米科技：内销需求下滑明显，海外增长韧性充足,点评,一般报告,招商证券,"史晋星,纪向阳,彭子豪,闫哲坤",2024Q4,461300.0,,45200.0,40400.0,5.77,21.1,,11.6,17.0,增持,,
688696.SH,极米科技,20230831,极米科技：内销需求下滑明显，海外增长韧性充足,点评,一般报告,招商证券,"史晋星,纪向阳,彭子豪,闫哲坤",2023Q4,397500.0,,37200.0,33200.0,4.75,25.7,,10.3,26.7,增持,,
688501.SH,青达环保,20230831,青达环保：23H1业绩高增，辅机＋火改持续快速成长,点评,一般报告,国盛证券,张津铭,2025Q4,236400.0,,31900.0,25600.0,2.08,9.2,,19.7,7.9,买入,,
688501.SH,青达环保,20230831,青达环保：23H1业绩高增，辅机＋火改持续快速成长,点评,一般报告,国盛证券,张津铭,2024Q4,186400.0,,25500.0,20500.0,1.66,11.6,,19.4,8.5,买入,,
688501.SH,青达环保,20230831,青达环保：23H1业绩高增，辅机＋火改持续快速成长,点评,一般报告,国盛证券,张津铭,2023Q4,126000.0,,16400.0,13200.0,1.07,17.9,,15.2,14.0,买入,,
603136.SH,天目湖,20230831,天目湖：经营情况超2019年同期，静待新项目落地增厚业绩,点评,一般报告,山西证券,"王冯,张晓霖",2025Q4,86200.0,,40000.0,29500.0,1.59,14.9,,15.8,7.4,增持,,
603136.SH,天目湖,20230831,天目湖：经营情况超2019年同期，静待新项目落地增厚业绩,点评,一般报告,山西证券,"王冯,张晓霖",2024Q4,78200.0,,35400.0,25900.0,1.39,17.0,,16.5,9.0,增持,,
603136.SH,天目湖,20230831,天目湖：经营情况超2019年同期，静待新项目落地增厚业绩,点评,一般报告,山西证券,"王冯,张晓霖",2023Q4,65500.0,,26000.0,19000.0,1.02,23.2,,14.4,12.1,增持,,
600732.SH,爱旭股份,20230831,爱旭股份：PERC电池盈利坚挺，ABC放量在即,点评,一般报告,申万宏源证券,"朱栋,李冲",2025Q4,6541700.0,1066000.0,689200.0,649600.0,3.55,6.0,,27.9,,买入,,
600732.SH,爱旭股份,20230831,爱旭股份：PERC电池盈利坚挺，ABC放量在即,点评,一般报告,申万宏源证券,"朱栋,李冲",2024Q4,5143500.0,761000.0,463800.0,437100.0,2.39,9.0,,26.1,,买入,,
600732.SH,爱旭股份,20230831,爱旭股份：PERC电池盈利坚挺，ABC放量在即,点评,一般报告,申万宏源证券,"朱栋,李冲",2023Q4,3913400.0,567000.0,348300.0,328200.0,1.8,12.0,,26.5,,买入,,
002695.SZ,煌上煌,20230831,煌上煌：业绩改善超预期，关注开店加速,点评,首份报告,信达证券,马铮,2025Q4,274400.0,,41000.0,30300.0,0.59,18.63,,10.7,11.13,买入,,
002695.SZ,煌上煌,20230831,煌上煌：业绩改善超预期，关注开店加速,点评,首份报告,信达证券,马铮,2024Q4,234700.0,,31500.0,23300.0,0.45,24.26,,8.9,14.41,买入,,
002695.SZ,煌上煌,20230831,煌上煌：业绩改善超预期，关注开店加速,点评,首份报告,信达证券,马铮,2023Q4,205100.0,,21000.0,15500.0,0.3,36.5,,6.3,20.67,买入,,
600383.SH,金地集团,20230831,金地集团23年半年报点评：业绩短期承压，销售经营保持韧性,一般,一般报告,兴业证券,"靳璐瑜,王沁雯,洪波,宋词",2024Q4,10114800.0,,1208000.0,624300.0,1.38,5.7,,8.3,,买入,,
600383.SH,金地集团,20230831,金地集团23年半年报点评：业绩短期承压，销售经营保持韧性,一般,一般报告,兴业证券,"靳璐瑜,王沁雯,洪波,宋词",2023Q4,10718700.0,,1240000.0,618000.0,1.37,5.7,,8.7,,买入,,
600161.SH,天坛生物,20230831,天坛生物2023年半年报点评：16家新浆站投入运营，血制品龙头优势地位稳固,点评,一般报告,光大证券,"林小伟,王明瑞",2025Q4,687500.0,,232700.0,142500.0,0.86,29.0,0.5,11.83,18.7,增持,,
600161.SH,天坛生物,20230831,天坛生物2023年半年报点评：16家新浆站投入运营，血制品龙头优势地位稳固,点评,一般报告,光大证券,"林小伟,王明瑞",2024Q4,602100.0,,198000.0,120700.0,0.73,34.0,0.5,11.18,21.5,增持,,
600161.SH,天坛生物,20230831,天坛生物2023年半年报点评：16家新浆站投入运营，血制品龙头优势地位稳固,点评,一般报告,光大证券,"林小伟,王明瑞",2023Q4,509900.0,,168500.0,103700.0,0.64,39.0,0.4,10.63,24.7,增持,,
600153.SH,建发股份,20230831,建发股份：业绩略低于预期，销售拿地表现靓眼,点评,一般报告,申万宏源证券,"袁豪,闫海,陈鹏",2025Q4,108172400.0,3758500.0,2020300.0,765300.0,2.55,4.0,,10.7,,买入,,19.73
600153.SH,建发股份,20230831,建发股份：业绩略低于预期，销售拿地表现靓眼,点评,一般报告,申万宏源证券,"袁豪,闫海,陈鹏",2024Q4,97787800.0,3294100.0,1749600.0,662800.0,2.21,5.0,,9.9,,买入,,19.73
600153.SH,建发股份,20230831,建发股份：业绩略低于预期，销售拿地表现靓眼,点评,一般报告,申万宏源证券,"袁豪,闫海,陈鹏",2023Q4,88824000.0,2942600.0,1569200.0,594400.0,1.98,6.0,,9.4,,买入,,19.73
600141.SH,兴发集团,20230831,兴发集团：2023H1周期板块拖累整体业绩，成长板块盈利可观——公司信息更新报告,一般,一般报告,开源证券,"金益腾,徐正凤",2025Q4,3043300.0,,458800.0,373200.0,3.36,6.0,,14.0,4.1,买入,,
600141.SH,兴发集团,20230831,兴发集团：2023H1周期板块拖累整体业绩，成长板块盈利可观——公司信息更新报告,一般,一般报告,开源证券,"金益腾,徐正凤",2024Q4,2769400.0,,389900.0,321800.0,2.89,7.0,,13.5,5.0,买入,,
600141.SH,兴发集团,20230831,兴发集团：2023H1周期板块拖累整体业绩，成长板块盈利可观——公司信息更新报告,一般,一般报告,开源证券,"金益腾,徐正凤",2023Q4,2318400.0,,267000.0,218100.0,1.96,10.3,,10.3,6.9,买入,,
600009.SH,上海机场,20230831,上海机场2023年中报点评：非航业务恢复疫情前，国际客流有望持续爬坡,点评,一般报告,东吴证券,"吴劲草,石旖瑄",2025Q4,1749900.0,,775400.0,580600.0,2.33,16.81,,11.46,,增持,,
600009.SH,上海机场,20230831,上海机场2023年中报点评：非航业务恢复疫情前，国际客流有望持续爬坡,点评,一般报告,东吴证券,"吴劲草,石旖瑄",2024Q4,1473700.0,,510900.0,390500.0,1.57,25.0,,8.71,,增持,,
600009.SH,上海机场,20230831,上海机场2023年中报点评：非航业务恢复疫情前，国际客流有望持续爬坡,点评,一般报告,东吴证券,"吴劲草,石旖瑄",2023Q4,1162100.0,,168000.0,129800.0,0.52,75.24,,3.17,,增持,,
600009.SH,上海机场,20230831,上海机场：实现扭亏为盈，免税租金持续恢复,点评,一般报告,兴业证券,"袁浩然,张晓云,肖祎",2025Q4,1747900.0,,899300.0,703200.0,2.83,13.9,,13.6,,增持,,
600009.SH,上海机场,20230831,上海机场：实现扭亏为盈，免税租金持续恢复,点评,一般报告,兴业证券,"袁浩然,张晓云,肖祎",2024Q4,1346800.0,,500600.0,383700.0,1.54,25.5,,8.6,,增持,,
600009.SH,上海机场,20230831,上海机场：实现扭亏为盈，免税租金持续恢复,点评,一般报告,兴业证券,"袁浩然,张晓云,肖祎",2023Q4,1060500.0,,185000.0,138800.0,0.56,70.6,,3.4,,增持,,
600004.SH,白云机场,20230831,白云机场：Q2业绩环比高增，高峰小时扩容增强未来保障能力,点评,一般报告,兴业证券,"袁浩然,张晓云,肖祎",2025Q4,1075300.0,,321800.0,231700.0,0.98,12.0,,10.6,,增持,,
600004.SH,白云机场,20230831,白云机场：Q2业绩环比高增，高峰小时扩容增强未来保障能力,点评,一般报告,兴业证券,"袁浩然,张晓云,肖祎",2024Q4,896300.0,,231800.0,166900.0,0.71,16.7,,8.6,,增持,,
600004.SH,白云机场,20230831,白云机场：Q2业绩环比高增，高峰小时扩容增强未来保障能力,点评,一般报告,兴业证券,"袁浩然,张晓云,肖祎",2023Q4,678900.0,,79800.0,59000.0,0.25,47.3,,3.3,,增持,,
301239.SZ,普瑞眼科,20230831,普瑞眼科：恢复快速增长，盈利能力提升——2023年中报点评,点评,一般报告,国泰君安,"丁丹,赵峻峰",2025Q4,444000.0,,,39100.0,2.61,41.34,0.1,13.2,18.29,增持,,130.08
301239.SZ,普瑞眼科,20230831,普瑞眼科：恢复快速增长，盈利能力提升——2023年中报点评,点评,一般报告,国泰君安,"丁丹,赵峻峰",2024Q4,339400.0,,,27600.0,1.85,58.44,0.1,10.7,23.01,增持,,130.08
301239.SZ,普瑞眼科,20230831,普瑞眼科：恢复快速增长，盈利能力提升——2023年中报点评,点评,一般报告,国泰君安,"丁丹,赵峻峰",2023Q4,259500.0,,,25100.0,1.68,64.27,0.1,10.9,25.91,增持,,130.08
301239.SZ,普瑞眼科,20230831,普瑞眼科：恢复快速增长，盈利能力提升——2023年中报点评,点评,一般报告,国泰君安,"丁丹,赵峻峰",2023Q3,,,,,2.08,,,,,增持,,130.08
300894.SZ,火星人,20230831,火星人：盈利改善，电商高增,点评,一般报告,天风证券,"孙谦,宗艳,赵嘉宁",2025Q4,339058.0,,62181.0,55618.0,1.36,15.04,,40.33,10.13,买入,,
300894.SZ,火星人,20230831,火星人：盈利改善，电商高增,点评,一般报告,天风证券,"孙谦,宗艳,赵嘉宁",2024Q4,299257.0,,51830.0,46359.0,1.13,18.04,,31.83,12.51,买入,,
300894.SZ,火星人,20230831,火星人：盈利改善，电商高增,点评,一般报告,天风证券,"孙谦,宗艳,赵嘉宁",2023Q4,259772.0,,40276.0,36025.0,0.88,23.22,,23.66,14.93,买入,,
300785.SZ,值得买,20230831,值得买：主站用户活跃度持续提升，AIGC赋能初显成效——公司信息更新报告,点评,一般报告,开源证券,"方光照,田鹏",2025Q4,211600.0,,27800.0,24700.0,1.24,20.8,,11.4,14.4,买入,,
300785.SZ,值得买,20230831,值得买：主站用户活跃度持续提升，AIGC赋能初显成效——公司信息更新报告,点评,一般报告,开源证券,"方光照,田鹏",2024Q4,184500.0,,21600.0,19400.0,0.97,26.4,,9.6,17.8,买入,,
300785.SZ,值得买,20230831,值得买：主站用户活跃度持续提升，AIGC赋能初显成效——公司信息更新报告,点评,一般报告,开源证券,"方光照,田鹏",2023Q4,153600.0,,16800.0,15100.0,0.76,33.9,,7.8,22.1,买入,,
300785.SZ,值得买,20230831,值得买：MGC内容占比提升，业绩基本符合预期,点评,一般报告,国盛证券,杜玥莹,2025Q4,180800.0,,23800.0,20300.0,1.021,16.2,,9.6,14.5,买入,,
300785.SZ,值得买,20230831,值得买：MGC内容占比提升，业绩基本符合预期,点评,一般报告,国盛证券,杜玥莹,2024Q4,161800.0,,20200.0,17200.0,0.865,19.1,,8.6,19.2,买入,,
300785.SZ,值得买,20230831,值得买：MGC内容占比提升，业绩基本符合预期,点评,一般报告,国盛证券,杜玥莹,2023Q4,140700.0,,15600.0,13300.0,0.669,24.7,,6.9,22.5,买入,,
300783.SZ,三只松鼠,20230831,三只松鼠：转型高端性价比，社区零食店加速推进,点评,一般报告,招商证券,"丁浙川,李秀敏,潘威全,李星馨",2025Q4,901000.0,,67500.0,33700.0,0.84,21.9,,11.3,14.0,增持,,
300783.SZ,三只松鼠,20230831,三只松鼠：转型高端性价比，社区零食店加速推进,点评,一般报告,招商证券,"丁浙川,李秀敏,潘威全,李星馨",2024Q4,802600.0,,57900.0,29100.0,0.72,25.4,,10.6,16.1,增持,,
300783.SZ,三只松鼠,20230831,三只松鼠：转型高端性价比，社区零食店加速推进,点评,一般报告,招商证券,"丁浙川,李秀敏,潘威全,李星馨",2023Q4,687800.0,,44600.0,24700.0,0.62,29.9,,9.8,20.3,增持,,
300674.SZ,宇信科技,20230831,宇信科技2023年半年报点评：业绩符合预期，业绩仍在健康修复通道,点评,一般报告,国泰君安,李博伦,2025Q4,752800.0,,,74700.0,1.05,17.53,1.2,14.4,13.09,增持,,24.43
300674.SZ,宇信科技,20230831,宇信科技2023年半年报点评：业绩符合预期，业绩仍在健康修复通道,点评,一般报告,国泰君安,李博伦,2024Q4,621300.0,,,56000.0,0.79,23.41,1.1,12.2,18.41,增持,,24.43
300674.SZ,宇信科技,20230831,宇信科技2023年半年报点评：业绩符合预期，业绩仍在健康修复通道,点评,一般报告,国泰君安,李博伦,2023Q4,514700.0,,,43000.0,0.6,30.47,0.8,10.3,24.76,增持,,24.43
300674.SZ,宇信科技,20230831,宇信科技2023年半年报点评：业绩符合预期，业绩仍在健康修复通道,点评,一般报告,国泰君安,李博伦,2023Q3,,,,,0.26,,,,,增持,,24.43
300656.SZ,民德电子,20230831,民德电子2023年半年报点评：功率半导体Smart_IDM生态圈渐成型，条码识读逆势成长,点评,一般报告,西部证券,"王凌涛,沈钱",2025Q4,166200.0,,34900.0,29100.0,1.68,15.1,,19.6,,买入,,
300656.SZ,民德电子,20230831,民德电子2023年半年报点评：功率半导体Smart_IDM生态圈渐成型，条码识读逆势成长,点评,一般报告,西部证券,"王凌涛,沈钱",2024Q4,104800.0,,17700.0,14800.0,0.86,29.6,,11.5,,买入,,
300656.SZ,民德电子,20230831,民德电子2023年半年报点评：功率半导体Smart_IDM生态圈渐成型，条码识读逆势成长,点评,一般报告,西部证券,"王凌涛,沈钱",2023Q4,49400.0,,8900.0,7500.0,0.43,58.7,,6.3,,买入,,
300624.SZ,万兴科技,20230831,万兴科技2023年中报点评：AIGC助力收入增长,点评,一般报告,东吴证券,"张良卫,何逊玥",2025Q4,237200.0,,33200.0,23900.0,1.73,58.84,,17.44,,买入,,
300624.SZ,万兴科技,20230831,万兴科技2023年中报点评：AIGC助力收入增长,点评,一般报告,东吴证券,"张良卫,何逊玥",2024Q4,194700.0,,25000.0,18000.0,1.31,77.95,,15.67,,买入,,
300624.SZ,万兴科技,20230831,万兴科技2023年中报点评：AIGC助力收入增长,点评,一般报告,东吴证券,"张良卫,何逊玥",2023Q4,155700.0,,17500.0,12600.0,0.92,111.31,,12.75,,买入,,
300572.SZ,安车检测,20230831,安车检测：机动车检测行业回暖，新能源车检政策有望落地,深度,首次关注,国联证券,"张旭,田伊依",2025Q4,122844.0,,29200.0,27100.0,1.18,13.8,,10.39,6.7,买入,,20.64
300572.SZ,安车检测,20230831,安车检测：机动车检测行业回暖，新能源车检政策有望落地,深度,首次关注,国联证券,"张旭,田伊依",2024Q4,80023.0,,15900.0,14800.0,0.65,25.2,,6.33,12.2,买入,,20.64
300572.SZ,安车检测,20230831,安车检测：机动车检测行业回暖，新能源车检政策有望落地,深度,首次关注,国联证券,"张旭,田伊依",2023Q4,48215.0,,7600.0,7000.0,0.31,52.9,,3.22,22.7,买入,,20.64
300498.SZ,温氏股份,20230831,温氏股份：公司出栏量持续提升，成本端逐步下降,点评,一般报告,兴业证券,纪宇泽,2025Q4,12892100.0,,1440700.0,1310400.0,1.972,8.3,,22.3,,增持,,
300498.SZ,温氏股份,20230831,温氏股份：公司出栏量持续提升，成本端逐步下降,点评,一般报告,兴业证券,纪宇泽,2024Q4,11312200.0,,848300.0,771500.0,1.161,14.2,,16.4,,增持,,
300498.SZ,温氏股份,20230831,温氏股份：公司出栏量持续提升，成本端逐步下降,点评,一般报告,兴业证券,纪宇泽,2023Q4,9509600.0,,250700.0,228000.0,0.343,47.9,,5.7,,增持,,
688339.SH,亿华通,20230831,亿华通：行业处于商业化初期，经营业绩波动性较大,点评,一般报告,长江证券,"徐科,邬博华,任楠,贾少波,李博文",2025Q4,184900.0,67400.0,-900.0,-700.0,-0.0423,,,-0.3,22.42,买入,,
688339.SH,亿华通,20230831,亿华通：行业处于商业化初期，经营业绩波动性较大,点评,一般报告,长江证券,"徐科,邬博华,任楠,贾少波,李博文",2024Q4,127800.0,47400.0,-9800.0,-6800.0,-0.41,,,-2.6,37.0,买入,,
688339.SH,亿华通,20230831,亿华通：行业处于商业化初期，经营业绩波动性较大,点评,一般报告,长江证券,"徐科,邬博华,任楠,贾少波,李博文",2023Q4,92900.0,35100.0,-18600.0,-12800.0,-0.77,,,-5.6,107.79,买入,,
603801.SH,志邦家居,20230831,志邦家居2023年中报点评：扩张新品类规模效应逐步释放，23Q2业绩增长表现亮眼＆再发期权激励计划，彰显增长信心，激发经营活力,点评,一般报告,申万宏源证券,"屠亦婷,周海晨,黄莎,庞盈盈,张海涛",2025Q4,893500.0,328000.0,99800.0,91700.0,2.1,12.0,,20.7,,买入,,
603801.SH,志邦家居,20230831,志邦家居2023年中报点评：扩张新品类规模效应逐步释放，23Q2业绩增长表现亮眼＆再发期权激励计划，彰显增长信心，激发经营活力,点评,一般报告,申万宏源证券,"屠亦婷,周海晨,黄莎,庞盈盈,张海涛",2024Q4,760500.0,279000.0,84400.0,77600.0,1.78,15.0,,20.3,,买入,,
603801.SH,志邦家居,20230831,志邦家居2023年中报点评：扩张新品类规模效应逐步释放，23Q2业绩增长表现亮眼＆再发期权激励计划，彰显增长信心，激发经营活力,点评,一般报告,申万宏源证券,"屠亦婷,周海晨,黄莎,庞盈盈,张海涛",2023Q4,646000.0,236100.0,70600.0,64900.0,1.49,17.0,,19.6,,买入,,
600958.SH,东方证券,20230831,东方证券：自营信用提振业绩，资管稳居行业前列,点评,一般报告,安信证券,张经纬,2023Q4,2086100.0,,486800.0,433800.0,0.51,19.51,,,,买入,,12.0
600612.SH,老凤祥,20230831,老凤祥：业绩表现亮眼，持续推动综合改革,点评,一般报告,长江证券,"李锦,陈亮,罗祎",2025Q4,10280400.0,836800.0,492400.0,284400.0,5.44,11.64,,16.2,6.6,买入,,
600612.SH,老凤祥,20230831,老凤祥：业绩表现亮眼，持续推动综合改革,点评,一般报告,长江证券,"李锦,陈亮,罗祎",2024Q4,8896100.0,707300.0,426600.0,246300.0,4.71,13.43,,16.8,7.97,买入,,
600612.SH,老凤祥,20230831,老凤祥：业绩表现亮眼，持续推动综合改革,点评,一般报告,长江证券,"李锦,陈亮,罗祎",2023Q4,7677000.0,593300.0,363300.0,209800.0,4.01,15.77,,17.2,9.61,买入,,
300866.SZ,安克创新,20230831,安克创新：营收增长提速，新品助力扣非业绩大幅增长,点评,一般报告,长江证券,"李锦,陈亮,杨洋",2025Q4,2382800.0,1025100.0,268700.0,231700.0,5.7,13.54,,18.1,10.76,买入,,
300866.SZ,安克创新,20230831,安克创新：营收增长提速，新品助力扣非业绩大幅增长,点评,一般报告,长江证券,"李锦,陈亮,杨洋",2024Q4,2048900.0,882900.0,228700.0,197200.0,4.85,15.91,,18.9,12.94,买入,,
300866.SZ,安克创新,20230831,安克创新：营收增长提速，新品助力扣非业绩大幅增长,点评,一般报告,长江证券,"李锦,陈亮,杨洋",2023Q4,1745900.0,744900.0,189900.0,163700.0,4.03,19.16,,19.3,15.75,买入,,
300687.SZ,赛意信息,20230831,赛意信息2023年半年报点评：多举措并行，静待业绩拐点到来,点评,一般报告,东吴证券,"王紫敬,王世杰",2025Q4,437500.0,,53400.0,49700.0,1.23,17.78,,13.88,,买入,,
300687.SZ,赛意信息,20230831,赛意信息2023年半年报点评：多举措并行，静待业绩拐点到来,点评,一般报告,东吴证券,"王紫敬,王世杰",2024Q4,347700.0,,41000.0,38200.0,0.95,23.15,,12.38,,买入,,
300687.SZ,赛意信息,20230831,赛意信息2023年半年报点评：多举措并行，静待业绩拐点到来,点评,一般报告,东吴证券,"王紫敬,王世杰",2023Q4,272100.0,,31100.0,28900.0,0.72,30.57,,10.7,,买入,,
300662.SZ,科锐国际,20230831,科锐国际深度报告：公司是国内民营人力资源服务龙头,深度,首份报告,东莞证券,邓升亮,2025Q4,1711900.0,,70500.0,46700.0,2.37,13.44,,,,买入,,
300662.SZ,科锐国际,20230831,科锐国际深度报告：公司是国内民营人力资源服务龙头,深度,首份报告,东莞证券,邓升亮,2024Q4,1326800.0,,57500.0,36800.0,1.87,17.08,,,,买入,,
300662.SZ,科锐国际,20230831,科锐国际深度报告：公司是国内民营人力资源服务龙头,深度,首份报告,东莞证券,邓升亮,2023Q4,1043500.0,,41000.0,26200.0,1.33,23.95,,,,买入,,
002881.SZ,美格智能,20230831,美格智能：公司业绩小幅承压，智能化＋高算力打开成长空间——中小盘信息更新,点评,一般报告,开源证券,任浪,2025Q4,473500.0,,26700.0,29300.0,1.12,25.3,,20.6,21.4,买入,,
002881.SZ,美格智能,20230831,美格智能：公司业绩小幅承压，智能化＋高算力打开成长空间——中小盘信息更新,点评,一般报告,开源证券,任浪,2024Q4,343600.0,,17000.0,21200.0,0.81,35.1,,18.4,33.1,买入,,
002881.SZ,美格智能,20230831,美格智能：公司业绩小幅承压，智能化＋高算力打开成长空间——中小盘信息更新,点评,一般报告,开源证券,任浪,2023Q4,241400.0,,12300.0,15500.0,0.59,47.9,,16.2,41.4,买入,,
002572.SZ,索菲亚,20230831,索菲亚：盈利改善驱动Q2利润高增，整装渠道快速扩张,点评,一般报告,银河证券,陈柏儒,2025Q4,1587140.0,,225067.0,182710.0,2.0,9.58,,18.48,4.78,推荐,,
002572.SZ,索菲亚,20230831,索菲亚：盈利改善驱动Q2利润高增，整装渠道快速扩张,点评,一般报告,银河证券,陈柏儒,2024Q4,1389182.0,,192299.0,156108.0,1.71,11.22,,19.36,6.35,推荐,,
002572.SZ,索菲亚,20230831,索菲亚：盈利改善驱动Q2利润高增，整装渠道快速扩张,点评,一般报告,银河证券,陈柏儒,2023Q4,1227409.0,,165310.0,134199.0,1.47,13.05,,20.64,7.97,推荐,,
002472.SZ,双环传动,20230831,双环传动：四十余年磨一剑，今朝天高任鸟飞！,点评,一般报告,天风证券,"吴立,于特,卢雨婷",2025Q4,1187757.0,,166983.0,140653.0,1.65,20.47,,13.13,10.61,买入,,
002472.SZ,双环传动,20230831,双环传动：四十余年磨一剑，今朝天高任鸟飞！,点评,一般报告,天风证券,"吴立,于特,卢雨婷",2024Q4,1019995.0,,131140.0,110491.0,1.3,26.05,,11.88,13.21,买入,,
002472.SZ,双环传动,20230831,双环传动：四十余年磨一剑，今朝天高任鸟飞！,点评,一般报告,天风证券,"吴立,于特,卢雨婷",2023Q4,832989.0,,99103.0,82649.0,0.97,34.83,,10.05,16.55,买入,,
000785.SZ,居然之家,20230831,居然之家：传统卖场稳步发展，数字化转型持续落地,点评,一般报告,银河证券,陈柏儒,2025Q4,1841024.0,,348339.0,250804.0,0.4,9.55,,10.03,7.58,推荐,,
000785.SZ,居然之家,20230831,居然之家：传统卖场稳步发展，数字化转型持续落地,点评,一般报告,银河证券,陈柏儒,2024Q4,1642745.0,,295864.0,213022.0,0.34,11.25,,9.47,8.92,推荐,,
000785.SZ,居然之家,20230831,居然之家：传统卖场稳步发展，数字化转型持续落地,点评,一般报告,银河证券,陈柏儒,2023Q4,1448373.0,,249103.0,179354.0,0.29,13.36,,8.82,10.04,推荐,,
603816.SH,顾家家居,20230831,顾家家居2023年中报业绩点评：经营表现符合预期，改善有望延续,点评,一般报告,野村东方国际证券,"章鹏,张影秋",2025Q4,2671585.0,838600.0,356200.0,279237.0,3.4,12.26,,22.0,7.81,增持,,51.0
603816.SH,顾家家居,20230831,顾家家居2023年中报业绩点评：经营表现符合预期，改善有望延续,点评,一般报告,野村东方国际证券,"章鹏,张影秋",2024Q4,2363502.0,742100.0,305900.0,239860.0,2.92,14.27,,22.0,9.57,增持,,51.0
603816.SH,顾家家居,20230831,顾家家居2023年中报业绩点评：经营表现符合预期，改善有望延续,点评,一般报告,野村东方国际证券,"章鹏,张影秋",2023Q4,2087470.0,654200.0,268500.0,210540.0,2.56,16.26,,21.0,11.24,增持,,51.0
688501.SH,青达环保,20230831,青达环保：火电基建及灵活性改造逐步释放，新业务实现突破,点评,一般报告,申万宏源证券,"查浩,傅浩玮,莫龙庭",2025Q4,182000.0,61500.0,25300.0,17400.0,1.41,14.0,,14.9,,买入,,
688501.SH,青达环保,20230831,青达环保：火电基建及灵活性改造逐步释放，新业务实现突破,点评,一般报告,申万宏源证券,"查浩,傅浩玮,莫龙庭",2024Q4,143200.0,48800.0,20100.0,14000.0,1.14,17.0,,13.7,,买入,,
688501.SH,青达环保,20230831,青达环保：火电基建及灵活性改造逐步释放，新业务实现突破,点评,一般报告,申万宏源证券,"查浩,傅浩玮,莫龙庭",2023Q4,98400.0,33200.0,14200.0,10500.0,0.85,23.0,,11.7,,买入,,
603105.SH,芯能科技,20230831,芯能科技：光伏发电平稳增长，打造储能业务第二增长曲线,点评,一般报告,西南证券,"池天惠,刘洋",2025Q4,116688.0,,46040.0,40699.0,0.81,17.47,0.92,15.63,9.69,买入,,
603105.SH,芯能科技,20230831,芯能科技：光伏发电平稳增长，打造储能业务第二增长曲线,点评,一般报告,西南证券,"池天惠,刘洋",2024Q4,97830.0,,37330.0,32775.0,0.66,21.69,0.73,14.48,11.95,买入,,
603105.SH,芯能科技,20230831,芯能科技：光伏发电平稳增长，打造储能业务第二增长曲线,点评,一般报告,西南证券,"池天惠,刘洋",2023Q4,78325.0,,29489.0,26055.0,0.52,27.29,0.54,13.11,14.8,买入,,
601319.SH,中国人保,20230831,中国人保：财险COR同比微升0.1pct至95.8％，寿险NBV同比＋64％，整体超预期,点评,一般报告,财通证券,"夏昌盛,舒思勤,黄佳慧",2025Q4,78874000.0,,,4106500.0,0.93,6.29,,,,增持,,
601319.SH,中国人保,20230831,中国人保：财险COR同比微升0.1pct至95.8％，寿险NBV同比＋64％，整体超预期,点评,一般报告,财通证券,"夏昌盛,舒思勤,黄佳慧",2024Q4,72353700.0,,,3575300.0,0.81,7.22,,,,增持,,
601319.SH,中国人保,20230831,中国人保：财险COR同比微升0.1pct至95.8％，寿险NBV同比＋64％，整体超预期,点评,一般报告,财通证券,"夏昌盛,舒思勤,黄佳慧",2023Q4,66138200.0,,,3080800.0,0.7,8.38,,,,增持,,
600958.SH,东方证券,20230831,东方证券：自营信用提振业绩，资管稳居行业前列,点评,一般报告,安信证券,张经纬,2025Q4,2598800.0,,713000.0,635300.0,0.75,13.32,,,,买入,,12.0
600958.SH,东方证券,20230831,东方证券：自营信用提振业绩，资管稳居行业前列,点评,一般报告,安信证券,张经纬,2024Q4,2299000.0,,593700.0,529100.0,0.62,16.0,,,,买入,,12.0
688363.SH,华熙生物,20230831,华熙生物2023半年报点评：原料及医疗终端增速趋势良好，销售费用率有所优化,点评,一般报告,东吴证券,"吴劲草,张家璇,汤军",2025Q4,912300.0,,149400.0,127700.0,2.65,34.91,,14.05,,买入,,
688363.SH,华熙生物,20230831,华熙生物2023半年报点评：原料及医疗终端增速趋势良好，销售费用率有所优化,点评,一般报告,东吴证券,"吴劲草,张家璇,汤军",2024Q4,772400.0,,126100.0,107800.0,2.24,41.36,,13.26,,买入,,
688363.SH,华熙生物,20230831,华熙生物2023半年报点评：原料及医疗终端增速趋势良好，销售费用率有所优化,点评,一般报告,东吴证券,"吴劲草,张家璇,汤军",2023Q4,671900.0,,108000.0,92300.0,1.92,48.29,,12.6,,买入,,
688169.SH,石头科技,20230831,石头科技：Q2超预期，品牌势能提升,点评,一般报告,华西证券,"陈玉卢,李琳",2025Q4,1043300.0,,228500.0,201100.0,15.32,19.16,,13.5,,增持,,
688169.SH,石头科技,20230831,石头科技：Q2超预期，品牌势能提升,点评,一般报告,华西证券,"陈玉卢,李琳",2024Q4,894800.0,,204400.0,179900.0,13.7,21.42,,13.9,,增持,,
688169.SH,石头科技,20230831,石头科技：Q2超预期，品牌势能提升,点评,一般报告,华西证券,"陈玉卢,李琳",2023Q4,767800.0,,177200.0,156500.0,11.92,24.63,,14.1,,增持,,
605117.SH,德业股份,20230831,德业股份2023年半年报点评：出货量稳中有升，23H1业绩符合预期,点评,一般报告,西部证券,"杨敬梅,章启耀",2025Q4,2651400.0,,610100.0,527800.0,12.27,7.7,,46.1,,买入,,
605117.SH,德业股份,20230831,德业股份2023年半年报点评：出货量稳中有升，23H1业绩符合预期,点评,一般报告,西部证券,"杨敬梅,章启耀",2024Q4,1927400.0,,501900.0,434200.0,10.1,9.3,,57.0,,买入,,
603179.SH,新泉股份,20230831,新泉股份2023年中报点评：Q2营收环比增长、毛利率稳定，自主内饰龙头持续成长,点评,一般报告,东吴证券,"黄细里,刘力宇",2025Q4,1602700.0,,155000.0,139000.0,2.85,19.0,,18.85,,买入,,
603179.SH,新泉股份,20230831,新泉股份2023年中报点评：Q2营收环比增长、毛利率稳定，自主内饰龙头持续成长,点评,一般报告,东吴证券,"黄细里,刘力宇",2024Q4,1316500.0,,125100.0,112200.0,2.3,23.55,,18.81,,买入,,
603179.SH,新泉股份,20230831,新泉股份2023年中报点评：Q2营收环比增长、毛利率稳定，自主内饰龙头持续成长,点评,一般报告,东吴证券,"黄细里,刘力宇",2023Q4,1005700.0,,91400.0,82000.0,1.68,32.21,,17.01,,买入,,
600030.SH,中信证券,20230831,中信证券：投行业务领跑同业，政策利好受益显著,点评,一般报告,安信证券,张经纬,2025Q4,9380300.0,,4629900.0,3409300.0,2.3,9.65,,,,买入,,25.0
600030.SH,中信证券,20230831,中信证券：投行业务领跑同业，政策利好受益显著,点评,一般报告,安信证券,张经纬,2024Q4,8667900.0,,4141200.0,3049500.0,2.06,10.79,,,,买入,,25.0
600030.SH,中信证券,20230831,中信证券：投行业务领跑同业，政策利好受益显著,点评,一般报告,安信证券,张经纬,2023Q4,7743000.0,,3573100.0,2631100.0,1.78,12.51,,,,买入,,25.0
002701.SZ,奥瑞金,20230831,奥瑞金2023年中报点评：Q2业绩超预期，原材料成本下降释放利润弹性，电池壳＋自主品牌拓展第二增长曲线,点评,一般报告,申万宏源证券,"屠亦婷,周海晨,黄莎,庞盈盈,魏雨辰",2025Q4,1892800.0,294800.0,181800.0,121200.0,0.47,10.0,,11.7,,买入,,
002701.SZ,奥瑞金,20230831,奥瑞金2023年中报点评：Q2业绩超预期，原材料成本下降释放利润弹性，电池壳＋自主品牌拓展第二增长曲线,点评,一般报告,申万宏源证券,"屠亦婷,周海晨,黄莎,庞盈盈,魏雨辰",2024Q4,1709300.0,257700.0,153100.0,102400.0,0.4,12.0,,10.7,,买入,,
002701.SZ,奥瑞金,20230831,奥瑞金2023年中报点评：Q2业绩超预期，原材料成本下降释放利润弹性，电池壳＋自主品牌拓展第二增长曲线,点评,一般报告,申万宏源证券,"屠亦婷,周海晨,黄莎,庞盈盈,魏雨辰",2023Q4,1513100.0,225000.0,124900.0,83300.0,0.32,15.0,,9.4,,买入,,
002468.SZ,申通快递,20230831,申通快递：Q2业绩表现韧性，高增长驱动成本改善,点评,一般报告,长江证券,"韩轶超,鲁斯嘉,胡俊文",2025Q4,5068600.0,363500.0,240200.0,181400.0,1.19,8.31,,15.6,4.34,买入,,
002468.SZ,申通快递,20230831,申通快递：Q2业绩表现韧性，高增长驱动成本改善,点评,一般报告,长江证券,"韩轶超,鲁斯嘉,胡俊文",2024Q4,4499700.0,247800.0,137400.0,103700.0,0.68,14.53,,10.6,5.73,买入,,
002468.SZ,申通快递,20230831,申通快递：Q2业绩表现韧性，高增长驱动成本改善,点评,一般报告,长江证券,"韩轶超,鲁斯嘉,胡俊文",2023Q4,4011300.0,176300.0,76700.0,57900.0,0.38,26.03,,6.6,6.9,买入,,
002368.SZ,太极股份,20230831,太极股份2023年中报点评：利润增长超预期，信创数据要素双发力,点评,一般报告,东吴证券,"王紫敬,王世杰",2025Q4,1789300.0,,77400.0,66900.0,1.07,34.35,,12.07,,买入,,
002368.SZ,太极股份,20230831,太极股份2023年中报点评：利润增长超预期，信创数据要素双发力,点评,一般报告,东吴证券,"王紫敬,王世杰",2024Q4,1519400.0,,64900.0,56100.0,0.9,40.95,,11.33,,买入,,
002368.SZ,太极股份,20230831,太极股份2023年中报点评：利润增长超预期，信创数据要素双发力,点评,一般报告,东吴证券,"王紫敬,王世杰",2023Q4,1279900.0,,53900.0,46600.0,0.75,49.35,,10.25,,买入,,
300639.SZ,凯普生物,20230831,凯普生物公司点评报告：常规分子诊断产品稳健增长，积极推进HPV检测业务放量,点评,一般报告,方正证券,"周超泽,赵博宇",2025Q4,270300.0,,77100.0,61700.0,0.95,9.93,,10.09,3.04,推荐,,
300639.SZ,凯普生物,20230831,凯普生物公司点评报告：常规分子诊断产品稳健增长，积极推进HPV检测业务放量,点评,一般报告,方正证券,"周超泽,赵博宇",2024Q4,212900.0,,58300.0,46600.0,0.72,13.13,,8.49,4.56,推荐,,
300639.SZ,凯普生物,20230831,凯普生物公司点评报告：常规分子诊断产品稳健增长，积极推进HPV检测业务放量,点评,一般报告,方正证券,"周超泽,赵博宇",2023Q4,162500.0,,32200.0,35200.0,0.54,17.41,,7.0,7.89,推荐,,
002695.SZ,煌上煌,20230831,煌上煌：新渠道发力增长，股权激励拓店目标高,点评,一般报告,国联证券,"陈梦瑶,吴雪枫",2025Q4,283600.0,,36900.0,25100.0,0.49,22.5,,8.99,10.2,无,,
002695.SZ,煌上煌,20230831,煌上煌：新渠道发力增长，股权激励拓店目标高,点评,一般报告,国联证券,"陈梦瑶,吴雪枫",2024Q4,243000.0,,29400.0,20000.0,0.39,28.3,,7.69,12.8,无,,
605117.SH,德业股份,20230831,德业股份2023年半年报点评：出货量稳中有升，23H1业绩符合预期,点评,一般报告,西部证券,"杨敬梅,章启耀",2023Q4,1321300.0,,306400.0,265000.0,6.16,15.3,,53.0,,买入,,
603517.SH,绝味食品,20230831,绝味食品2023年中报点评：经营低谷已过，盈利拐点将至,点评,一般报告,中信证券,"薛缘,顾训丁",2025Q4,1041900.0,,180800.0,136900.0,2.17,16.5,,15.24,,买入,,44.0
603517.SH,绝味食品,20230831,绝味食品2023年中报点评：经营低谷已过，盈利拐点将至,点评,一般报告,中信证券,"薛缘,顾训丁",2024Q4,911900.0,,148000.0,112100.0,1.78,20.2,,13.85,,买入,,44.0
603517.SH,绝味食品,20230831,绝味食品2023年中报点评：经营低谷已过，盈利拐点将至,点评,一般报告,中信证券,"薛缘,顾训丁",2023Q4,779200.0,,83100.0,64200.0,1.02,35.2,,8.86,,买入,,44.0
603297.SH,永新光学,20230831,永新光学：营收小幅波动，高端显微镜、医疗产品进展顺利——公司信息更新报告,点评,一般报告,开源证券,"罗通,刘书珣",2025Q4,162100.0,,53200.0,47200.0,4.27,20.4,,18.3,15.1,买入,,
603297.SH,永新光学,20230831,永新光学：营收小幅波动，高端显微镜、医疗产品进展顺利——公司信息更新报告,点评,一般报告,开源证券,"罗通,刘书珣",2024Q4,134000.0,,43400.0,38800.0,3.51,24.9,,17.7,18.5,买入,,
603297.SH,永新光学,20230831,永新光学：营收小幅波动，高端显微镜、医疗产品进展顺利——公司信息更新报告,点评,一般报告,开源证券,"罗通,刘书珣",2023Q4,105700.0,,35600.0,31400.0,2.84,30.8,,16.7,23.1,买入,,
600259.SH,广晟有色,20230831,广晟有色2023年半年报点评：行业低谷或已过，业绩有望逐季好转,点评,一般报告,华创证券,"马金龙,刘岗",2024Q4,2587600.0,,62600.0,50000.0,1.49,23.0,,11.8,15.0,强推,,44.6
600259.SH,广晟有色,20230831,广晟有色2023年半年报点评：行业低谷或已过，业绩有望逐季好转,点评,一般报告,华创证券,"马金龙,刘岗",2023Q4,2419700.0,,37500.0,30000.0,0.89,39.0,,8.0,22.0,强推,,44.6
600219.SH,南山铝业,20230831,南山铝业2023年半年报点评：动力煤和阳极价格下跌增厚利润，电解铝弹性可期,点评,一般报告,华创证券,"马金龙,刘岗,巩学鹏",2025Q4,4525000.0,,456200.0,376900.0,0.32,10.0,,7.0,7.0,推荐,,3.45
600219.SH,南山铝业,20230831,南山铝业2023年半年报点评：动力煤和阳极价格下跌增厚利润，电解铝弹性可期,点评,一般报告,华创证券,"马金龙,刘岗,巩学鹏",2024Q4,3991600.0,,407100.0,336300.0,0.29,11.0,,6.7,7.0,推荐,,3.45
600219.SH,南山铝业,20230831,南山铝业2023年半年报点评：动力煤和阳极价格下跌增厚利润，电解铝弹性可期,点评,一般报告,华创证券,"马金龙,刘岗,巩学鹏",2023Q4,3596000.0,,354500.0,292900.0,0.25,13.0,,6.2,8.0,推荐,,3.45
301236.SZ,软通动力,20230831,软通动力2023年中报点评：坚定战略转型，把握产业升级机遇,点评,首次关注,东北证券,吴源恒,2025Q4,2857000.0,,179000.0,169700.0,1.78,11.79,0.0,12.08,,买入,,
301236.SZ,软通动力,20230831,软通动力2023年中报点评：坚定战略转型，把握产业升级机遇,点评,首次关注,东北证券,吴源恒,2024Q4,2443900.0,,141500.0,133400.0,1.4,15.0,0.0,10.8,,买入,,
301236.SZ,软通动力,20230831,软通动力2023年中报点评：坚定战略转型，把握产业升级机遇,点评,首次关注,东北证券,吴源恒,2023Q4,2098400.0,,109000.0,102100.0,1.07,19.61,0.0,9.26,,买入,,
300866.SZ,安克创新,20230831,安克创新：2023Q2业绩高增，长期看好持续推新驱动业绩增长——公司信息更新报告,一般,一般报告,开源证券,"吕明,周嘉乐,陆帅坤",2025Q4,2308000.0,,229400.0,205800.0,5.06,16.2,,19.0,13.0,买入,,
300866.SZ,安克创新,20230831,安克创新：2023Q2业绩高增，长期看好持续推新驱动业绩增长——公司信息更新报告,一般,一般报告,开源证券,"吕明,周嘉乐,陆帅坤",2024Q4,1992100.0,,193100.0,173600.0,4.27,19.2,,19.0,15.5,买入,,
300866.SZ,安克创新,20230831,安克创新：2023Q2业绩高增，长期看好持续推新驱动业绩增长——公司信息更新报告,一般,一般报告,开源证券,"吕明,周嘉乐,陆帅坤",2023Q4,1696800.0,,175500.0,156300.0,3.85,21.4,,20.1,17.7,买入,,
002695.SZ,煌上煌,20230831,煌上煌：新渠道发力增长，股权激励拓店目标高,点评,一般报告,国联证券,"陈梦瑶,吴雪枫",2023Q4,205700.0,,19500.0,13300.0,0.26,42.7,,5.42,17.6,无,,
002439.SZ,启明星辰,20230831,启明星辰2023年中报点评：H1营收稳健增长，中国移动赋能开启新篇章,点评,首次评级,东北证券,"吴源恒,马宗铠",2025Q4,943200.0,,179800.0,171600.0,1.82,15.95,0.0,15.37,,买入,,
002439.SZ,启明星辰,20230831,启明星辰2023年中报点评：H1营收稳健增长，中国移动赋能开启新篇章,点评,首次评级,东北证券,"吴源恒,马宗铠",2024Q4,749800.0,,140900.0,133200.0,1.41,20.55,0.0,14.1,,买入,,
002439.SZ,启明星辰,20230831,启明星辰2023年中报点评：H1营收稳健增长，中国移动赋能开启新篇章,点评,首次评级,东北证券,"吴源恒,马宗铠",2023Q4,581200.0,,107800.0,102000.0,1.08,26.82,0.0,12.57,,买入,,
002402.SZ,和而泰,20230831,和而泰：收入较好增长，费用大幅增长影响利润,点评,一般报告,中信建投,"阎贵成,武超则,汪洁",2025Q4,1260400.0,,,97300.0,1.04,13.73,,,,买入,,
002402.SZ,和而泰,20230831,和而泰：收入较好增长，费用大幅增长影响利润,点评,一般报告,中信建投,"阎贵成,武超则,汪洁",2024Q4,962800.0,,,71700.0,0.77,18.63,,,,买入,,
002402.SZ,和而泰,20230831,和而泰：收入较好增长，费用大幅增长影响利润,点评,一般报告,中信建投,"阎贵成,武超则,汪洁",2023Q4,756600.0,,,52000.0,0.56,25.72,,,,买入,,
002385.SZ,大北农,20230831,大北农：饲料稳中有增，种业阔步前行,点评,一般报告,招商证券,"朱卫华,李秋燕",2025Q4,4863000.0,,383100.0,123400.0,0.3,21.8,,10.3,7.5,强烈推荐,,
002385.SZ,大北农,20230831,大北农：饲料稳中有增，种业阔步前行,点评,一般报告,招商证券,"朱卫华,李秋燕",2024Q4,4272900.0,,210800.0,74500.0,0.18,36.0,,6.7,10.8,强烈推荐,,
002385.SZ,大北农,20230831,大北农：饲料稳中有增，种业阔步前行,点评,一般报告,招商证券,"朱卫华,李秋燕",2023Q4,3691600.0,,55100.0,25300.0,0.06,106.3,,2.3,18.3,强烈推荐,,
002244.SZ,滨江集团,20230831,滨江集团：上半年归母净利润同增27％，销售拿地强劲,一般,一般报告,国盛证券,"金晶,肖依依",2025Q4,6667000.0,,1290900.0,631000.0,2.03,5.4,,13.0,7.2,买入,,
002244.SZ,滨江集团,20230831,滨江集团：上半年归母净利润同增27％，销售拿地强劲,一般,一般报告,国盛证券,"金晶,肖依依",2024Q4,5925800.0,,1071400.0,527600.0,1.7,6.5,,12.2,8.5,买入,,
002244.SZ,滨江集团,20230831,滨江集团：上半年归母净利润同增27％，销售拿地强劲,一般,一般报告,国盛证券,"金晶,肖依依",2023Q4,5041900.0,,716500.0,431900.0,1.39,7.9,,9.2,12.5,买入,,
000951.SZ,中国重汽,20230831,中国重汽：行业复苏叠加出口高景气，业绩持续释放,点评,一般报告,山西证券,"林帆,张子峰",2025Q4,6506600.0,,403300.0,176900.0,1.51,10.9,,15.9,1.3,买入,,
000951.SZ,中国重汽,20230831,中国重汽：行业复苏叠加出口高景气，业绩持续释放,点评,一般报告,山西证券,"林帆,张子峰",2024Q4,5506600.0,,353000.0,146300.0,1.25,13.2,,16.4,1.0,买入,,
000951.SZ,中国重汽,20230831,中国重汽：行业复苏叠加出口高景气，业绩持续释放,点评,一般报告,山西证券,"林帆,张子峰",2023Q4,4106300.0,,217400.0,100600.0,0.86,19.2,,11.9,3.9,买入,,
000887.SZ,中鼎股份,20230831,中鼎股份2023年半年报业绩点评：新能源占比稳步提升，海外业务国内加速落地,点评,一般报告,东吴证券,"黄细里,谭行悦",2025Q4,2102700.0,,178700.0,153700.0,1.17,10.34,,10.29,,买入,,
000887.SZ,中鼎股份,20230831,中鼎股份2023年半年报业绩点评：新能源占比稳步提升，海外业务国内加速落地,点评,一般报告,东吴证券,"黄细里,谭行悦",2024Q4,1816400.0,,155000.0,133300.0,1.01,11.92,,9.95,,买入,,
000887.SZ,中鼎股份,20230831,中鼎股份2023年半年报业绩点评：新能源占比稳步提升，海外业务国内加速落地,点评,一般报告,东吴证券,"黄细里,谭行悦",2023Q4,1596200.0,,135200.0,116300.0,0.88,13.67,,9.64,,买入,,
000651.SZ,格力电器,20230831,格力电器：合同负债增长80％，现金流大幅回升,点评,一般报告,招商证券,"史晋星,彭子豪,纪向阳,闫哲坤",2025Q4,22988900.0,,3761600.0,3157600.0,5.61,6.4,,23.0,7.3,强烈推荐,,
000651.SZ,格力电器,20230831,格力电器：合同负债增长80％，现金流大幅回升,点评,一般报告,招商证券,"史晋星,彭子豪,纪向阳,闫哲坤",2024Q4,21942900.0,,3560500.0,2996900.0,5.32,6.7,,24.7,7.6,强烈推荐,,
000651.SZ,格力电器,20230831,格力电器：合同负债增长80％，现金流大幅回升,点评,一般报告,招商证券,"史晋星,彭子豪,纪向阳,闫哲坤",2023Q4,20610400.0,,3206000.0,2748600.0,4.88,7.3,,26.2,8.3,强烈推荐,,
000333.SZ,美的集团,20230831,美的集团公司点评报告：2023Q2业绩快速增长，ToB业务高速发展点燃第二成长引擎,点评,一般报告,方正证券,"孟昕,陈炯阳,赵梦菲",2025Q4,44038100.0,,4819200.0,4078000.0,5.81,9.79,,17.07,6.51,推荐,,
000333.SZ,美的集团,20230831,美的集团公司点评报告：2023Q2业绩快速增长，ToB业务高速发展点燃第二成长引擎,点评,一般报告,方正证券,"孟昕,陈炯阳,赵梦菲",2024Q4,40890100.0,,4396900.0,3719600.0,5.3,10.73,,18.77,7.99,推荐,,
000333.SZ,美的集团,20230831,美的集团公司点评报告：2023Q2业绩快速增长，ToB业务高速发展点燃第二成长引擎,点评,一般报告,方正证券,"孟昕,陈炯阳,赵梦菲",2023Q4,37661400.0,,3993300.0,3380200.0,4.81,11.81,,21.0,9.63,推荐,,
000333.SZ,美的集团,20230831,美的集团：多点开花推动业绩稳健增长，赴港上市提升国际化品牌形象,点评,首份报告,银河证券,杨策,2025Q4,46819906.0,,4842567.0,4127126.0,5.88,9.67,,20.2,6.04,推荐,,
000333.SZ,美的集团,20230831,美的集团：多点开花推动业绩稳健增长，赴港上市提升国际化品牌形象,点评,首份报告,银河证券,杨策,2024Q4,42940827.0,,4434618.0,3779447.0,5.38,10.56,,20.87,7.03,推荐,,
000333.SZ,美的集团,20230831,美的集团：多点开花推动业绩稳健增长，赴港上市提升国际化品牌形象,点评,首份报告,银河证券,杨策,2023Q4,39404684.0,,4002994.0,3411592.0,4.86,11.7,,21.16,8.04,推荐,,
000002.SZ,万科A,20230831,万科A：上半年业绩短期承压，财务盘面保持稳健——公司信息更新报告,点评,一般报告,开源证券,齐东,2025Q4,61824800.0,,7866900.0,3428300.0,2.87,4.7,,10.5,7.8,买入,,
000002.SZ,万科A,20230831,万科A：上半年业绩短期承压，财务盘面保持稳健——公司信息更新报告,点评,一般报告,开源证券,齐东,2024Q4,59527100.0,,7313400.0,3204800.0,2.69,5.1,,10.8,6.1,买入,,
000002.SZ,万科A,20230831,万科A：上半年业绩短期承压，财务盘面保持稳健——公司信息更新报告,点评,一般报告,开源证券,齐东,2023Q4,56113600.0,,6368900.0,2780400.0,2.33,5.9,,10.3,9.7,买入,,
601318.SH,中国平安,20230831,中国平安：代理人提质，银保快速增长，H123NBV同比＋32.6％,点评,一般报告,山西证券,"崔晓雁,王德坤",2025Q4,138910400.0,,24843600.0,15318600.0,8.41,5.8,,13.69,,买入,,
601318.SH,中国平安,20230831,中国平安：代理人提质，银保快速增长，H123NBV同比＋32.6％,点评,一般报告,山西证券,"崔晓雁,王德坤",2024Q4,130156700.0,,22509800.0,13350400.0,7.33,6.65,,13.18,,买入,,
601318.SH,中国平安,20230831,中国平安：代理人提质，银保快速增长，H123NBV同比＋32.6％,点评,一般报告,山西证券,"崔晓雁,王德坤",2023Q4,120293200.0,,19653900.0,11474800.0,6.3,7.74,,12.6,,买入,,
600905.SH,三峡能源,20230831,三峡能源2023年半年报点评：毛利率下降等影响业绩，绿电在建量达13GW,点评,一般报告,国海证券,"杨阳,钟琪",2025Q4,4173600.0,,1519900.0,1193900.0,0.42,11.8,,11.0,8.77,买入,,
600905.SH,三峡能源,20230831,三峡能源2023年半年报点评：毛利率下降等影响业绩，绿电在建量达13GW,点评,一般报告,国海证券,"杨阳,钟琪",2024Q4,3559200.0,,1295800.0,1018500.0,0.36,13.83,,11.0,9.54,买入,,
600905.SH,三峡能源,20230831,三峡能源2023年半年报点评：毛利率下降等影响业绩，绿电在建量达13GW,点评,一般报告,国海证券,"杨阳,钟琪",2023Q4,2867700.0,,1060400.0,832300.0,0.29,16.92,,10.0,10.47,买入,,
600882.SH,妙可蓝多,20230831,妙可蓝多：Q2业绩承压，静待逐季复苏,点评,一般报告,信达证券,马铮,2025Q4,720000.0,,68600.0,46100.0,0.9,20.49,,8.7,13.1,买入,,
600882.SH,妙可蓝多,20230831,妙可蓝多：Q2业绩承压，静待逐季复苏,点评,一般报告,信达证券,马铮,2024Q4,590000.0,,42900.0,28900.0,0.56,32.73,,6.0,19.7,买入,,
600882.SH,妙可蓝多,20230831,妙可蓝多：Q2业绩承压，静待逐季复苏,点评,一般报告,信达证券,马铮,2023Q4,482000.0,,20800.0,14000.0,0.27,67.48,,3.1,37.09,买入,,
600754.SH,锦江酒店,20230831,锦江酒店：量价齐升经营回暖，关注业绩Q3催化,点评,一般报告,德邦证券,"赵雅楠,张望",2025Q4,1878300.0,,350400.0,243900.0,2.28,16.91,0.0,11.2,11.17,买入,,
600754.SH,锦江酒店,20230831,锦江酒店：量价齐升经营回暖，关注业绩Q3催化,点评,一般报告,德邦证券,"赵雅楠,张望",2024Q4,1675400.0,,278100.0,188700.0,1.76,21.85,0.0,9.7,14.53,买入,,
600754.SH,锦江酒店,20230831,锦江酒店：量价齐升经营回暖，关注业绩Q3催化,点评,一般报告,德邦证券,"赵雅楠,张望",2023Q4,1438100.0,,218900.0,139600.0,1.3,29.54,0.0,8.0,18.4,买入,,
600745.SH,闻泰科技,20230831,闻泰科技：Q2环比大幅改善，ODM扭亏为盈,点评,一般报告,长江证券,"杨洋,蔡少东",2025Q4,8816300.0,1498800.0,471700.0,400200.0,3.22,14.37,,8.7,11.41,买入,,
600745.SH,闻泰科技,20230831,闻泰科技：Q2环比大幅改善，ODM扭亏为盈,点评,一般报告,长江证券,"杨洋,蔡少东",2024Q4,7666400.0,1303300.0,379600.0,322000.0,2.59,17.86,,7.7,13.37,买入,,
600745.SH,闻泰科技,20230831,闻泰科技：Q2环比大幅改善，ODM扭亏为盈,点评,一般报告,长江证券,"杨洋,蔡少东",2023Q4,6388700.0,1124400.0,330600.0,267100.0,2.15,21.53,,6.9,16.65,买入,,
600597.SH,光明乳业,20230831,光明乳业2023年中报点评：原奶价回落，盈利水平升级,点评,一般报告,国元证券,"邓晖,朱宇昊,袁帆,单蕾",2025Q4,3648819.0,,118968.0,86810.0,0.63,16.6,,8.89,5.84,买入,,
600597.SH,光明乳业,20230831,光明乳业2023年中报点评：原奶价回落，盈利水平升级,点评,一般报告,国元证券,"邓晖,朱宇昊,袁帆,单蕾",2024Q4,3296804.0,,102572.0,74775.0,0.54,19.27,,8.2,6.71,买入,,
600597.SH,光明乳业,20230831,光明乳业2023年中报点评：原奶价回落，盈利水平升级,点评,一般报告,国元证券,"邓晖,朱宇昊,袁帆,单蕾",2023Q4,2967764.0,,89120.0,65770.0,0.48,21.9,,7.64,7.91,买入,,
600486.SH,扬农化工,20230831,扬农化工2023年半年报点评：业绩承压销量维稳，葫芦岛项目接续增长,点评,一般报告,华创证券,"杨晖,吴宇",2025Q4,2106300.0,,288200.0,242200.0,5.96,11.0,,17.6,7.0,强推,,83.6
600486.SH,扬农化工,20230831,扬农化工2023年半年报点评：业绩承压销量维稳，葫芦岛项目接续增长,点评,一般报告,华创证券,"杨晖,吴宇",2024Q4,1860400.0,,256200.0,215200.0,5.3,12.0,,18.4,8.0,强推,,83.6
600486.SH,扬农化工,20230831,扬农化工2023年半年报点评：业绩承压销量维稳，葫芦岛项目接续增长,点评,一般报告,华创证券,"杨晖,吴宇",2023Q4,1590600.0,,202100.0,169800.0,4.18,15.0,,17.3,10.0,强推,,83.6
600259.SH,广晟有色,20230831,广晟有色2023年半年报点评：行业低谷或已过，业绩有望逐季好转,点评,一般报告,华创证券,"马金龙,刘岗",2025Q4,2729200.0,,86000.0,68700.0,2.04,17.0,,13.9,12.0,强推,,44.6
603801.SH,志邦家居,20230831,志邦家居：23Q2业绩稳步提升，整装业务保持高增,点评,一般报告,兴业证券,"赵树理,王凯丽,侯宜芳",2025Q4,815900.0,,89100.0,82000.0,1.88,13.9,,19.5,,增持,,
603801.SH,志邦家居,20230831,志邦家居：23Q2业绩稳步提升，整装业务保持高增,点评,一般报告,兴业证券,"赵树理,王凯丽,侯宜芳",2024Q4,709400.0,,77600.0,71400.0,1.64,15.9,,19.4,,增持,,
603801.SH,志邦家居,20230831,志邦家居：23Q2业绩稳步提升，整装业务保持高增,点评,一般报告,兴业证券,"赵树理,王凯丽,侯宜芳",2023Q4,615500.0,,67000.0,61600.0,1.41,18.5,,18.8,,增持,,
603659.SH,璞泰来,20230831,璞泰来：业绩符合预期，产能释放有望贡献业绩,点评,一般报告,信达证券,"武浩,孙然",2025Q4,3275700.0,,677900.0,579200.0,2.87,11.39,,17.5,9.64,买入,,
603659.SH,璞泰来,20230831,璞泰来：业绩符合预期，产能释放有望贡献业绩,点评,一般报告,信达证券,"武浩,孙然",2024Q4,2677400.0,,526100.0,449500.0,2.23,14.68,,18.1,12.31,买入,,
603659.SH,璞泰来,20230831,璞泰来：业绩符合预期，产能释放有望贡献业绩,点评,一般报告,信达证券,"武浩,孙然",2023Q4,1975600.0,,378300.0,323200.0,1.6,20.41,,17.5,16.85,买入,,
603515.SH,欧普照明,20230831,欧普照明：Q2业绩超预期，经营持续提质增效,点评,一般报告,招商证券,"史晋星,彭子豪,纪向阳,闫哲坤",2025Q4,986800.0,,136900.0,120200.0,1.61,13.3,,15.6,11.2,强烈推荐,,
603515.SH,欧普照明,20230831,欧普照明：Q2业绩超预期，经营持续提质增效,点评,一般报告,招商证券,"史晋星,彭子豪,纪向阳,闫哲坤",2024Q4,903400.0,,124300.0,109300.0,1.46,14.6,,15.7,12.1,强烈推荐,,
603515.SH,欧普照明,20230831,欧普照明：Q2业绩超预期，经营持续提质增效,点评,一般报告,招商证券,"史晋星,彭子豪,纪向阳,闫哲坤",2023Q4,816700.0,,105600.0,93100.0,1.25,17.2,,14.7,13.8,强烈推荐,,
603180.SH,金牌厨柜,20230831,金牌厨柜2023H1业绩点评：衣柜木门延续高增，渠道加速扩张,点评,一般报告,国海证券,"林昕宇,杨蕊菁",2025Q4,553200.0,,51800.0,47700.0,3.09,9.05,,13.0,4.58,增持,,
603180.SH,金牌厨柜,20230831,金牌厨柜2023H1业绩点评：衣柜木门延续高增，渠道加速扩张,点评,一般报告,国海证券,"林昕宇,杨蕊菁",2024Q4,476900.0,,42900.0,39500.0,2.56,10.91,,12.0,7.66,增持,,
603180.SH,金牌厨柜,20230831,金牌厨柜2023H1业绩点评：衣柜木门延续高增，渠道加速扩张,点评,一般报告,国海证券,"林昕宇,杨蕊菁",2023Q4,408400.0,,35600.0,32800.0,2.13,13.15,,12.0,9.07,增持,,
601688.SH,华泰证券,20230831,华泰证券2023年中报点评：财富管理优势稳固，投资支撑业绩增长,点评,一般报告,兴业证券,"徐一洲,孙寅,李思倩",2025Q4,4428900.0,,1886700.0,1571600.0,1.73,9.31,,,,增持,,
601688.SH,华泰证券,20230831,华泰证券2023年中报点评：财富管理优势稳固，投资支撑业绩增长,点评,一般报告,兴业证券,"徐一洲,孙寅,李思倩",2024Q4,4069700.0,,1685300.0,1403800.0,1.55,10.42,,,,增持,,
601688.SH,华泰证券,20230831,华泰证券2023年中报点评：财富管理优势稳固，投资支撑业绩增长,点评,一般报告,兴业证券,"徐一洲,孙寅,李思倩",2023Q4,3810400.0,,1521300.0,1267200.0,1.4,11.54,,,,增持,,
601336.SH,新华保险,20230831,新华保险2023年中报点评：NBV稳增，看好资产端弹性,点评,一般报告,华创证券,"徐康,陈海椰",2025Q4,26903600.0,,1747800.0,1988600.0,6.4,6.4,,,,推荐,,52.6
601336.SH,新华保险,20230831,新华保险2023年中报点评：NBV稳增，看好资产端弹性,点评,一般报告,华创证券,"徐康,陈海椰",2024Q4,25335400.0,,1596200.0,1747400.0,5.6,7.3,,,,推荐,,52.6
601336.SH,新华保险,20230831,新华保险2023年中报点评：NBV稳增，看好资产端弹性,点评,一般报告,华创证券,"徐康,陈海椰",2023Q4,23318800.0,,1397100.0,1386600.0,4.4,9.2,,,,推荐,,52.6
600966.SH,博汇纸业,20230831,博汇纸业2023年半年报点评：纸价企稳成本下行盈利逐季改善，产品升级产能扩张带来新增量,点评,一般报告,民生证券,徐皓亮,2025Q4,2569000.0,,166700.0,126800.0,0.95,7.0,1.48,14.44,4.63,推荐,,
600966.SH,博汇纸业,20230831,博汇纸业2023年半年报点评：纸价企稳成本下行盈利逐季改善，产品升级产能扩张带来新增量,点评,一般报告,民生证券,徐皓亮,2024Q4,2297900.0,,126200.0,96000.0,0.72,9.0,1.12,12.61,5.53,推荐,,
600966.SH,博汇纸业,20230831,博汇纸业2023年半年报点评：纸价企稳成本下行盈利逐季改善，产品升级产能扩张带来新增量,点评,一般报告,民生证券,徐皓亮,2023Q4,1999900.0,,26600.0,20200.0,0.15,42.0,0.24,3.03,9.5,推荐,,
600905.SH,三峡能源,20230831,三峡能源：成本提升致盈利下降，新能源项目资源储备充足,点评,一般报告,国信证券,"黄秀杰,郑汉林",2025Q4,3727300.0,,1445500.0,1134300.0,0.4,12.6,0.4,10.7,13.7,买入,,
600905.SH,三峡能源,20230831,三峡能源：成本提升致盈利下降，新能源项目资源储备充足,点评,一般报告,国信证券,"黄秀杰,郑汉林",2024Q4,3157900.0,,1292300.0,1020500.0,0.36,14.1,0.4,10.8,14.2,买入,,
600905.SH,三峡能源,20230831,三峡能源：成本提升致盈利下降，新能源项目资源储备充足,点评,一般报告,国信证券,"黄秀杰,郑汉林",2023Q4,2777500.0,,1086700.0,858100.0,0.3,16.7,0.3,10.1,15.6,买入,,
600760.SH,中航沈飞,20230831,中航沈飞：业绩保持高速增长，下游持续高景气度,点评,一般报告,山西证券,"骆志伟,李通",2025Q4,7192800.0,,533700.0,476500.0,1.73,25.7,,20.8,14.9,买入,,
600760.SH,中航沈飞,20230831,中航沈飞：业绩保持高速增长，下游持续高景气度,点评,一般报告,山西证券,"骆志伟,李通",2024Q4,6094100.0,,428000.0,381000.0,1.38,32.2,,20.0,21.6,买入,,
600760.SH,中航沈飞,20230831,中航沈飞：业绩保持高速增长，下游持续高景气度,点评,一般报告,山西证券,"骆志伟,李通",2023Q4,5078200.0,,334700.0,299900.0,1.09,40.9,,18.7,28.5,买入,,
600729.SH,重庆百货,20230831,重庆百货2023年半年报点评：扣非归母净利润同比＋53％，经营优化成果显著,点评,一般报告,东吴证券,"吴劲草,阳靖",2025Q4,2366900.0,,207000.0,183000.0,4.5,7.41,,18.91,,买入,,
600729.SH,重庆百货,20230831,重庆百货2023年半年报点评：扣非归母净利润同比＋53％，经营优化成果显著,点评,一般报告,东吴证券,"吴劲草,阳靖",2024Q4,2224200.0,,184600.0,163100.0,4.01,8.31,,20.03,,买入,,
600729.SH,重庆百货,20230831,重庆百货2023年半年报点评：扣非归母净利润同比＋53％，经营优化成果显著,点评,一般报告,东吴证券,"吴劲草,阳靖",2023Q4,2031800.0,,169400.0,152200.0,3.74,8.91,,22.75,,买入,,
300438.SZ,鹏辉能源,20230831,鹏辉能源2023年中报点评：Q2储能出货量环降叠加减值损失，业绩不及预期,点评,一般报告,东吴证券,"曾朵红,阮巧燕,岳斯瑶",2025Q4,1723400.0,,147200.0,129400.0,2.81,13.78,,19.74,,买入,,
300438.SZ,鹏辉能源,20230831,鹏辉能源2023年中报点评：Q2储能出货量环降叠加减值损失，业绩不及预期,点评,一般报告,东吴证券,"曾朵红,阮巧燕,岳斯瑶",2024Q4,1356000.0,,104700.0,92000.0,2.0,19.39,,17.11,,买入,,
300438.SZ,鹏辉能源,20230831,鹏辉能源2023年中报点评：Q2储能出货量环降叠加减值损失，业绩不及预期,点评,一般报告,东吴证券,"曾朵红,阮巧燕,岳斯瑶",2023Q4,1120700.0,,71900.0,65300.0,1.42,27.31,,14.4,,买入,,
003035.SZ,南网能源,20230831,南网能源：上半年利润低于预期，分布式光伏稳定增长,点评,一般报告,申万宏源证券,"查浩,邹佩轩,蔡思",2025Q4,487400.0,181300.0,120600.0,97200.0,0.26,23.0,,12.0,,买入,,
003035.SZ,南网能源,20230831,南网能源：上半年利润低于预期，分布式光伏稳定增长,点评,一般报告,申万宏源证券,"查浩,邹佩轩,蔡思",2024Q4,367800.0,143000.0,95800.0,77400.0,0.2,30.0,,10.3,,买入,,
003035.SZ,南网能源,20230831,南网能源：上半年利润低于预期，分布式光伏稳定增长,点评,一般报告,申万宏源证券,"查浩,邹佩轩,蔡思",2023Q4,298600.0,109500.0,70600.0,57400.0,0.15,40.0,,8.2,,买入,,
003032.SZ,传智教育,20230831,传智教育：招生有望迎拐点，学历教育加快推进,点评,一般报告,国盛证券,孟鑫,2025Q4,97700.0,,25900.0,24000.0,0.6,21.8,,12.4,15.5,买入,,
003032.SZ,传智教育,20230831,传智教育：招生有望迎拐点，学历教育加快推进,点评,一般报告,国盛证券,孟鑫,2024Q4,83100.0,,21300.0,20100.0,0.5,26.0,,11.9,18.9,买入,,
003032.SZ,传智教育,20230831,传智教育：招生有望迎拐点，学历教育加快推进,点评,一般报告,国盛证券,孟鑫,2023Q4,70700.0,,16900.0,15800.0,0.39,33.1,,10.6,25.3,买入,,
002603.SZ,以岭药业,20230831,以岭药业2023年中报点评：业绩符合预期，研发稳步推进,点评,一般报告,华创证券,"郑辰,黄致君,胡怡维",2025Q4,1668600.0,,396400.0,336700.0,2.02,11.0,,19.8,9.0,推荐,,30.5
002603.SZ,以岭药业,20230831,以岭药业2023年中报点评：业绩符合预期，研发稳步推进,点评,一般报告,华创证券,"郑辰,黄致君,胡怡维",2024Q4,1483000.0,,348700.0,296200.0,1.77,13.0,,20.1,10.0,推荐,,30.5
002603.SZ,以岭药业,20230831,以岭药业2023年中报点评：业绩符合预期，研发稳步推进,点评,一般报告,华创证券,"郑辰,黄致君,胡怡维",2023Q4,1291100.0,,303700.0,257900.0,1.54,15.0,,20.3,11.0,推荐,,30.5
002539.SZ,云图控股,20230831,云图控股2023年中报业绩点评：23Q2盈利或已触底，化肥行业景气有望回暖,点评,一般报告,西部证券,"黄侃,卞丽君",2025Q4,2357100.0,,154800.0,129700.0,1.07,8.0,,13.7,,增持,,
002539.SZ,云图控股,20230831,云图控股2023年中报业绩点评：23Q2盈利或已触底，化肥行业景气有望回暖,点评,一般报告,西部证券,"黄侃,卞丽君",2024Q4,2231600.0,,129100.0,108700.0,0.9,9.5,,12.6,,增持,,
002539.SZ,云图控股,20230831,云图控股2023年中报业绩点评：23Q2盈利或已触底，化肥行业景气有望回暖,点评,一般报告,西部证券,"黄侃,卞丽君",2023Q4,1971500.0,,110600.0,92200.0,0.76,11.2,,11.5,,增持,,
002466.SZ,天齐锂业,20230831,天齐锂业：精矿价格高企，公司业绩承压,点评,一般报告,信达证券,张航,2025Q4,3329300.0,,2906400.0,1757200.0,10.71,5.38,,18.5,1.81,无,,
002466.SZ,天齐锂业,20230831,天齐锂业：精矿价格高企，公司业绩承压,点评,一般报告,信达证券,张航,2024Q4,2996000.0,,2270400.0,1372700.0,8.36,6.88,,17.8,3.26,无,,
002466.SZ,天齐锂业,20230831,天齐锂业：精矿价格高企，公司业绩承压,点评,一般报告,信达证券,张航,2023Q4,3438900.0,,2489000.0,1504900.0,9.17,6.28,,23.7,3.69,无,,
002446.SZ,盛路通信,20230831,盛路通信：军民收入结构优化，卫星互联网弹性可期,点评,一般报告,华金证券,李宏涛,2025Q4,272100.0,,55900.0,50600.0,0.55,15.8,,11.5,11.2,增持,,
002446.SZ,盛路通信,20230831,盛路通信：军民收入结构优化，卫星互联网弹性可期,点评,一般报告,华金证券,李宏涛,2024Q4,223400.0,,45000.0,42600.0,0.47,18.8,,10.9,14.0,增持,,
002446.SZ,盛路通信,20230831,盛路通信：军民收入结构优化，卫星互联网弹性可期,点评,一般报告,华金证券,李宏涛,2023Q4,180000.0,,34900.0,33100.0,0.36,24.1,,9.5,18.0,增持,,
002032.SZ,苏泊尔,20230831,苏泊尔2023年中报业绩点评：经营回暖，关注盈利与成长性平衡,点评,一般报告,野村东方国际证券,"章鹏,张影秋",2025Q4,2554397.0,666700.0,308700.0,253428.0,3.14,15.16,,26.0,9.94,增持,,60.0
002032.SZ,苏泊尔,20230831,苏泊尔2023年中报业绩点评：经营回暖，关注盈利与成长性平衡,点评,一般报告,野村东方国际证券,"章鹏,张影秋",2024Q4,2337877.0,608500.0,282600.0,231934.0,2.88,16.56,,27.0,11.27,增持,,60.0
002032.SZ,苏泊尔,20230831,苏泊尔2023年中报业绩点评：经营回暖，关注盈利与成长性平衡,点评,一般报告,野村东方国际证券,"章鹏,张影秋",2023Q4,2139544.0,555700.0,258200.0,211957.0,2.63,18.12,,28.0,12.76,增持,,60.0
000999.SZ,华润三九,20230831,华润三九2023年中报点评：并购增厚收入端，利润增长符合预期,点评,一般报告,中信证券,"朱奕彰,宋硕,陈竹",2025Q4,3212600.0,,531500.0,388200.0,3.93,12.0,,16.3,9.0,买入,,62.0
000999.SZ,华润三九,20230831,华润三九2023年中报点评：并购增厚收入端，利润增长符合预期,点评,一般报告,中信证券,"朱奕彰,宋硕,陈竹",2024Q4,2977400.0,,466600.0,340800.0,3.45,13.7,,16.0,10.1,买入,,62.0
000999.SZ,华润三九,20230831,华润三九2023年中报点评：并购增厚收入端，利润增长符合预期,点评,一般报告,中信证券,"朱奕彰,宋硕,陈竹",2023Q4,2742200.0,,421800.0,308100.0,3.12,15.1,,16.1,11.1,买入,,62.0
000921.SZ,海信家电,20230831,海信家电：盈利增长超业绩预告，家空＋冰洗得到明显改善——公司信息更新报告,一般,一般报告,开源证券,"吕明,周嘉乐",2025Q4,9228300.0,,975600.0,392300.0,2.83,8.9,,24.0,3.4,买入,,
000921.SZ,海信家电,20230831,海信家电：盈利增长超业绩预告，家空＋冰洗得到明显改善——公司信息更新报告,一般,一般报告,开源证券,"吕明,周嘉乐",2024Q4,8592400.0,,767200.0,316300.0,2.28,11.0,,24.4,3.9,买入,,
000921.SZ,海信家电,20230831,海信家电：盈利增长超业绩预告，家空＋冰洗得到明显改善——公司信息更新报告,一般,一般报告,开源证券,"吕明,周嘉乐",2023Q4,8049900.0,,515900.0,253000.0,1.82,13.8,,21.6,6.5,买入,,
000799.SZ,酒鬼酒,20230831,酒鬼酒：Q2降幅收窄，业绩短期承压,点评,一般报告,太平洋证券,郭梦婕,2025Q4,486800.0,,179300.0,143400.0,4.41,20.84,,21.0,,买入,,105.95
920533.BJ,骏创科技,20230831,骏创科技：Q2业绩超预期，新能源车＆海外业务快速增长,点评,一般报告,中信建投,"程似骐,陈怀山,陶亦然",2025Q4,141926.0,,,18210.0,1.83,8.08,,33.47,,买入,,
920533.BJ,骏创科技,20230831,骏创科技：Q2业绩超预期，新能源车＆海外业务快速增长,点评,一般报告,中信建投,"程似骐,陈怀山,陶亦然",2024Q4,101828.0,,,12145.0,1.22,12.11,,29.16,,买入,,
920533.BJ,骏创科技,20230831,骏创科技：Q2业绩超预期，新能源车＆海外业务快速增长,点评,一般报告,中信建投,"程似骐,陈怀山,陶亦然",2023Q4,73145.0,,,9514.0,0.96,15.46,,28.71,,买入,,
688518.SH,联赢激光,20230831,联赢激光2023年中报点评：23H1利润高增，下游多领域齐发力,点评,首次关注,东方财富证券,"周旭辉,李京波",2025Q4,625089.0,,101873.0,88586.0,2.63,8.86,,19.0,5.67,增持,,
688518.SH,联赢激光,20230831,联赢激光2023年中报点评：23H1利润高增，下游多领域齐发力,点评,首次关注,东方财富证券,"周旭辉,李京波",2024Q4,489542.0,,75064.0,65649.0,1.95,11.95,,17.2,7.74,增持,,
688518.SH,联赢激光,20230831,联赢激光2023年中报点评：23H1利润高增，下游多领域齐发力,点评,首次关注,东方财富证券,"周旭辉,李京波",2023Q4,381960.0,,54507.0,47506.0,1.41,16.51,,14.87,10.78,增持,,
603816.SH,顾家家居,20230831,顾家家居：23Q2内外销经营趋势向好，一体两翼新战略驱动未来发展,点评,一般报告,中信建投,"叶乐,黄杨璐",2025Q4,2687700.0,,351800.0,277600.0,3.38,12.4,,20.5,7.4,买入,,
603816.SH,顾家家居,20230831,顾家家居：23Q2内外销经营趋势向好，一体两翼新战略驱动未来发展,点评,一般报告,中信建投,"叶乐,黄杨璐",2024Q4,2367900.0,,305800.0,241300.0,2.94,14.3,,20.8,8.8,买入,,
603816.SH,顾家家居,20230831,顾家家居：23Q2内外销经营趋势向好，一体两翼新战略驱动未来发展,点评,一般报告,中信建投,"叶乐,黄杨璐",2023Q4,2076800.0,,264900.0,209000.0,2.54,16.5,,20.7,10.6,买入,,
000799.SZ,酒鬼酒,20230831,酒鬼酒：Q2降幅收窄，业绩短期承压,点评,一般报告,太平洋证券,郭梦婕,2024Q4,417600.0,,143400.0,114700.0,3.53,26.05,,20.0,,买入,,105.95
000799.SZ,酒鬼酒,20230831,酒鬼酒：Q2降幅收窄，业绩短期承压,点评,一般报告,太平洋证券,郭梦婕,2023Q4,328800.0,,105300.0,84200.0,2.59,35.49,,18.0,,买入,,105.95
000625.SZ,长安汽车,20230831,长安汽车系列点评九十一：经营性利润稳健，新品周期可期,点评,一般报告,华西证券,崔琰,2025Q4,20855300.0,,1268700.0,1195500.0,1.2,11.09,,12.7,,买入,,
000625.SZ,长安汽车,20230831,长安汽车系列点评九十一：经营性利润稳健，新品周期可期,点评,一般报告,华西证券,崔琰,2024Q4,18301200.0,,998900.0,959900.0,0.97,13.81,,11.7,,买入,,
000625.SZ,长安汽车,20230831,长安汽车系列点评九十一：经营性利润稳健，新品周期可期,点评,一般报告,华西证券,崔琰,2023Q4,15525400.0,,933800.0,952600.0,0.96,13.91,,13.2,,买入,,
000596.SZ,古井贡酒,20230831,古井贡酒2023年中报点评报告：业绩高弹性延续，利润率提升逻辑兑现,点评,一般报告,国海证券,"薛玉虎,王尧",2025Q4,3021100.0,,914900.0,663300.0,12.55,22.21,,19.0,13.3,买入,,
000596.SZ,古井贡酒,20230831,古井贡酒2023年中报点评报告：业绩高弹性延续，利润率提升逻辑兑现,点评,一般报告,国海证券,"薛玉虎,王尧",2024Q4,2508900.0,,746100.0,538600.0,10.19,27.35,,19.0,17.08,买入,,
000596.SZ,古井贡酒,20230831,古井贡酒2023年中报点评报告：业绩高弹性延续，利润率提升逻辑兑现,点评,一般报告,国海证券,"薛玉虎,王尧",2023Q4,2083900.0,,595800.0,435200.0,8.23,33.85,,19.0,22.34,买入,,
000799.SZ,酒鬼酒,20230831,酒鬼酒：改革初见效，夯基赢未来,点评,一般报告,信达证券,"马铮,赵丹晨",2023Q4,341400.0,,115900.0,86900.0,2.67,33.5,,19.2,22.19,买入,,
000799.SZ,酒鬼酒,20230831,酒鬼酒：短期承压调整市场，优化生态蓄积势能,点评,一般报告,中信建投,"安雅泽,张立,刘瑞宇",2025Q4,532803.0,,,156274.0,4.81,19.13,,25.29,,买入,,
000799.SZ,酒鬼酒,20230831,酒鬼酒：短期承压调整市场，优化生态蓄积势能,点评,一般报告,中信建投,"安雅泽,张立,刘瑞宇",2024Q4,424035.0,,,118891.0,3.66,25.14,,22.38,,买入,,
000799.SZ,酒鬼酒,20230831,酒鬼酒：短期承压调整市场，优化生态蓄积势能,点评,一般报告,中信建投,"安雅泽,张立,刘瑞宇",2023Q4,340477.0,,,90187.0,2.78,33.15,,19.39,,买入,,
000799.SZ,酒鬼酒,20230831,酒鬼酒2023年半年报点评：短期承压，期待改善,点评,一般报告,光大证券,"叶倩瑜,杨哲,李嘉祺,董博文",2025Q4,550500.0,,194800.0,146300.0,4.5,20.0,2.3,22.91,12.0,买入,,
000799.SZ,酒鬼酒,20230831,酒鬼酒2023年半年报点评：短期承压，期待改善,点评,一般报告,光大证券,"叶倩瑜,杨哲,李嘉祺,董博文",2024Q4,467800.0,,164200.0,123300.0,3.8,24.0,1.9,22.4,14.9,买入,,
000799.SZ,酒鬼酒,20230831,酒鬼酒2023年半年报点评：短期承压，期待改善,点评,一般报告,光大证券,"叶倩瑜,杨哲,李嘉祺,董博文",2023Q4,397000.0,,135900.0,102100.0,3.14,29.0,1.6,21.49,18.6,买入,,
688363.SH,华熙生物,20230831,华熙生物2023年半年报点评：进入战略调整期，关注中长期逻辑,点评,一般报告,野村东方国际证券,"张影秋,曾万霖",2025Q4,963600.0,716600.0,163800.0,139910.0,2.9,31.87,,14.0,21.2,增持,,109.0
688363.SH,华熙生物,20230831,华熙生物2023年半年报点评：进入战略调整期，关注中长期逻辑,点评,一般报告,野村东方国际证券,"张影秋,曾万霖",2024Q4,819700.0,606900.0,136100.0,116221.0,2.41,38.36,,13.0,25.92,增持,,109.0
688363.SH,华熙生物,20230831,华熙生物2023年半年报点评：进入战略调整期，关注中长期逻辑,点评,一般报告,野村东方国际证券,"张影秋,曾万霖",2023Q4,702940.0,518500.0,115200.0,98447.0,2.04,45.29,,13.0,31.07,增持,,109.0
688048.SH,长光华芯,20230831,长光华芯23H1业绩点评：工业激光领域需求持续疲软，光芯片平台型企业成长空间广阔,点评,一般报告,西部证券,单慧伟,2025Q4,87200.0,,24700.0,25000.0,1.42,45.8,,7.4,,增持,,
688048.SH,长光华芯,20230831,长光华芯23H1业绩点评：工业激光领域需求持续疲软，光芯片平台型企业成长空间广阔,点评,一般报告,西部证券,单慧伟,2024Q4,60700.0,,14800.0,14700.0,0.83,77.8,,4.5,,增持,,
688048.SH,长光华芯,20230831,长光华芯23H1业绩点评：工业激光领域需求持续疲软，光芯片平台型企业成长空间广阔,点评,一般报告,西部证券,单慧伟,2023Q4,42400.0,,4100.0,4200.0,0.24,270.0,,1.3,,增持,,
603833.SH,欧派家居,20230831,欧派家居2023年中报点评：Q2利润端超预期，整装增速亮眼,点评,一般报告,华创证券,"刘佳昆,刘一怡",2025Q4,3327900.0,,474200.0,415600.0,6.82,15.0,,17.6,13.0,强推,,115.0
603833.SH,欧派家居,20230831,欧派家居2023年中报点评：Q2利润端超预期，整装增速亮眼,点评,一般报告,华创证券,"刘佳昆,刘一怡",2024Q4,2909300.0,,410600.0,359800.0,5.91,17.0,,17.2,14.0,强推,,115.0
603833.SH,欧派家居,20230831,欧派家居2023年中报点评：Q2利润端超预期，整装增速亮眼,点评,一般报告,华创证券,"刘佳昆,刘一怡",2023Q4,2498400.0,,350900.0,307500.0,5.05,20.0,,16.6,16.0,强推,,115.0
603816.SH,顾家家居,20230831,顾家家居2023H1点评：23Q2内销增速靓丽，利润率稳步提升,点评,一般报告,兴业证券,"赵树理,王凯丽",2025Q4,2640100.0,,351300.0,277200.0,3.37,12.3,,21.5,,增持,,
603816.SH,顾家家居,20230831,顾家家居2023H1点评：23Q2内销增速靓丽，利润率稳步提升,点评,一般报告,兴业证券,"赵树理,王凯丽",2024Q4,2295700.0,,305500.0,241100.0,2.93,14.2,,21.2,,增持,,
603816.SH,顾家家居,20230831,顾家家居2023H1点评：23Q2内销增速靓丽，利润率稳步提升,点评,一般报告,兴业证券,"赵树理,王凯丽",2023Q4,2005000.0,,264500.0,208700.0,2.54,16.4,,20.8,,增持,,
603355.SH,莱克电气,20230831,莱克电气：汇兑收益增厚Q2业绩，静待ODM出口迎来拐点——公司信息更新报告,点评,一般报告,开源证券,"吕明,陆帅坤",2025Q4,1180900.0,,147600.0,137000.0,2.39,11.1,,24.1,7.6,买入,,
603355.SH,莱克电气,20230831,莱克电气：汇兑收益增厚Q2业绩，静待ODM出口迎来拐点——公司信息更新报告,点评,一般报告,开源证券,"吕明,陆帅坤",2024Q4,1026800.0,,129900.0,119900.0,2.09,12.7,,24.5,8.9,买入,,
603355.SH,莱克电气,20230831,莱克电气：汇兑收益增厚Q2业绩，静待ODM出口迎来拐点——公司信息更新报告,点评,一般报告,开源证券,"吕明,陆帅坤",2023Q4,870200.0,,110900.0,103500.0,1.8,14.7,,24.3,10.6,买入,,
603018.SH,华设集团,20230831,华设集团：多元业务持续发力，盈利能力同比提升,点评,一般报告,财通证券,毕春晖,2025Q4,689529.0,,107442.0,89220.0,1.3,6.51,0.0,13.1,1.1,增持,,
603018.SH,华设集团,20230831,华设集团：多元业务持续发力，盈利能力同比提升,点评,一般报告,财通证券,毕春晖,2024Q4,645281.0,,98754.0,81721.0,1.2,7.11,0.0,13.93,1.9,增持,,
603018.SH,华设集团,20230831,华设集团：多元业务持续发力，盈利能力同比提升,点评,一般报告,财通证券,毕春晖,2023Q4,604855.0,,88945.0,73604.0,1.08,7.9,0.0,14.72,2.7,增持,,
601688.SH,华泰证券,20230831,华泰证券：科技赋能财富，经纪份额领先,点评,一般报告,国信证券,"孔祥,林珊珊",2025Q4,4700100.0,,1935700.0,1749600.0,1.93,8.59,,9.1,,买入,,
601688.SH,华泰证券,20230831,华泰证券：科技赋能财富，经纪份额领先,点评,一般报告,国信证券,"孔祥,林珊珊",2024Q4,4149000.0,,1626700.0,1470300.0,1.62,10.22,,8.16,,买入,,
601688.SH,华泰证券,20230831,华泰证券：科技赋能财富，经纪份额领先,点评,一般报告,国信证券,"孔祥,林珊珊",2023Q4,3707300.0,,1417400.0,1281100.0,1.41,11.73,,7.54,,买入,,
601117.SH,中国化学,20230831,中国化学：现金流大幅改善，实业项目稳步推进,点评,一般报告,申万宏源证券,"袁豪,唐猛",2025Q4,21725800.0,2103700.0,1075700.0,870900.0,1.43,5.0,,11.8,,买入,,
601117.SH,中国化学,20230831,中国化学：现金流大幅改善，实业项目稳步推进,点评,一般报告,申万宏源证券,"袁豪,唐猛",2024Q4,19785200.0,1917000.0,945300.0,765500.0,1.25,6.0,,11.7,,买入,,
601117.SH,中国化学,20230831,中国化学：现金流大幅改善，实业项目稳步推进,点评,一般报告,申万宏源证券,"袁豪,唐猛",2023Q4,17896000.0,1735700.0,815300.0,660500.0,1.08,7.0,,11.2,,买入,,
600998.SH,九州通,20230831,九州通：二季度收入、利润符合预期，总代业务造就利润增长第二曲线,点评,一般报告,国盛证券,张金洋,2025Q4,19868800.0,,496800.0,362500.0,1.3,8.0,,11.2,7.5,买入,,
600998.SH,九州通,20230831,九州通：二季度收入、利润符合预期，总代业务造就利润增长第二曲线,点评,一般报告,国盛证券,张金洋,2024Q4,17676200.0,,422900.0,306800.0,1.1,9.4,,10.2,8.3,买入,,
600998.SH,九州通,20230831,九州通：二季度收入、利润符合预期，总代业务造就利润增长第二曲线,点评,一般报告,国盛证券,张金洋,2023Q4,15772400.0,,355300.0,259200.0,0.93,11.1,,9.1,10.2,买入,,
600958.SH,东方证券,20230831,东方证券2023年中报点评：自营持续修复业绩持续高增长,点评,一般报告,华创证券,"徐康,刘潇伟",2025Q4,2593000.0,,766100.0,694600.0,0.82,12.4,,8.02,,推荐,,12.8
600958.SH,东方证券,20230831,东方证券2023年中报点评：自营持续修复业绩持续高增长,点评,一般报告,华创证券,"徐康,刘潇伟",2024Q4,2232000.0,,679200.0,616400.0,0.73,14.0,,7.53,,推荐,,12.8
600958.SH,东方证券,20230831,东方证券2023年中报点评：自营持续修复业绩持续高增长,点评,一般报告,华创证券,"徐康,刘潇伟",2023Q4,1916100.0,,585500.0,533000.0,0.63,16.2,,6.87,,推荐,,12.8
600732.SH,爱旭股份,20230831,爱旭股份2023年半年报点评：ABC电池片出货量持续提升，23H1业绩符合预期,点评,一般报告,西部证券,"杨敬梅,章启耀",2025Q4,6731300.0,,788700.0,640900.0,3.51,6.4,,30.9,,买入,,
600732.SH,爱旭股份,20230831,爱旭股份2023年半年报点评：ABC电池片出货量持续提升，23H1业绩符合预期,点评,一般报告,西部证券,"杨敬梅,章启耀",2024Q4,5758000.0,,632800.0,460600.0,2.52,8.8,,30.2,,买入,,
600732.SH,爱旭股份,20230831,爱旭股份2023年半年报点评：ABC电池片出货量持续提升，23H1业绩符合预期,点评,一般报告,西部证券,"杨敬梅,章启耀",2023Q4,4026600.0,,433300.0,332900.0,1.82,12.2,,30.3,,买入,,
600048.SH,保利发展,20230831,保利发展2023年半年报点评：业绩稳步增长，行业龙头地位稳固，加大拓展力度,一般,一般报告,兴业证券,"靳璐瑜,洪波",2025Q4,34267200.0,,4714100.0,2377100.0,1.99,7.4,,9.6,,买入,,
600048.SH,保利发展,20230831,保利发展2023年半年报点评：业绩稳步增长，行业龙头地位稳固，加大拓展力度,一般,一般报告,兴业证券,"靳璐瑜,洪波",2024Q4,31861400.0,,4035700.0,2044000.0,1.71,8.6,,8.9,,买入,,
600837.SH,海通证券,20230831,海通证券1H23业绩点评：减值拖累利润表现，IPO在手项目充足,点评,首份报告,方正证券,曹柳龙,2023Q4,3496500.0,,1073900.0,749000.0,0.57,17.8,,4.5,,推荐,,
300785.SZ,值得买,20230831,值得买2023年半年报点评：业绩修复可期，AI应用循序落地,点评,一般报告,华创证券,"王薇娜,杨澜",2025Q4,205500.0,,32500.0,27600.0,1.39,18.0,,11.6,13.0,推荐,,32.3
300785.SZ,值得买,20230831,值得买2023年半年报点评：业绩修复可期，AI应用循序落地,点评,一般报告,华创证券,"王薇娜,杨澜",2024Q4,184700.0,,25900.0,22000.0,1.11,22.0,,10.1,16.0,推荐,,32.3
300785.SZ,值得买,20230831,值得买2023年半年报点评：业绩修复可期，AI应用循序落地,点评,一般报告,华创证券,"王薇娜,杨澜",2023Q4,156400.0,,18800.0,16100.0,0.81,31.0,,8.0,21.0,推荐,,32.3
300003.SZ,乐普医疗,20230831,乐普医疗：业绩略低于预期，创新及消费转型驱动未来成长,点评,一般报告,银河证券,程培,2025Q4,1304558.0,,379031.0,319242.0,1.7,9.54,,14.04,5.24,推荐,,
300003.SZ,乐普医疗,20230831,乐普医疗：业绩略低于预期，创新及消费转型驱动未来成长,点评,一般报告,银河证券,程培,2024Q4,1113326.0,,315478.0,265714.0,1.41,11.46,,13.59,6.95,推荐,,
300003.SZ,乐普医疗,20230831,乐普医疗：业绩略低于预期，创新及消费转型驱动未来成长,点评,一般报告,银河证券,程培,2023Q4,943200.0,,258647.0,217847.0,1.16,13.98,,12.89,9.17,推荐,,
002698.SZ,博实股份,20230831,博实股份：加大研发投入，智能制造装备业务增长强劲——公司信息更新报告,点评,一般报告,开源证券,"孟鹏飞,熊亚威",2025Q4,501800.0,,136600.0,110800.0,1.08,15.4,,21.5,10.6,买入,,
002698.SZ,博实股份,20230831,博实股份：加大研发投入，智能制造装备业务增长强劲——公司信息更新报告,点评,一般报告,开源证券,"孟鹏飞,熊亚威",2024Q4,403600.0,,109600.0,88900.0,0.87,19.1,,20.8,13.8,买入,,
002698.SZ,博实股份,20230831,博实股份：加大研发投入，智能制造装备业务增长强劲——公司信息更新报告,点评,一般报告,开源证券,"孟鹏飞,熊亚威",2023Q4,302900.0,,84400.0,68200.0,0.67,24.9,,19.0,18.3,买入,,
002594.SZ,比亚迪,20230831,比亚迪2023年中报点评：借品牌势能构筑壁垒，差异化是溢价与弹性,点评,一般报告,华创证券,"张程航,夏凉,李昊岚",2025Q4,92486100.0,,6920600.0,5764800.0,19.8,13.0,,25.7,6.0,强推,,348.0
002594.SZ,比亚迪,20230831,比亚迪2023年中报点评：借品牌势能构筑壁垒，差异化是溢价与弹性,点评,一般报告,华创证券,"张程航,夏凉,李昊岚",2024Q4,74621600.0,,5381900.0,4437400.0,15.24,16.0,,25.3,7.0,强推,,348.0
002594.SZ,比亚迪,20230831,比亚迪2023年中报点评：借品牌势能构筑壁垒，差异化是溢价与弹性,点评,一般报告,华创证券,"张程航,夏凉,李昊岚",2023Q4,59721400.0,,3537000.0,2901300.0,9.97,25.0,,21.2,11.0,强推,,348.0
002032.SZ,苏泊尔,20230831,苏泊尔公司点评报告：2023Q2收入业绩增速均回正，外销恢复增长,点评,一般报告,方正证券,"孟昕,陈炯阳,赵梦菲",2025Q4,2599900.0,,333500.0,271200.0,3.36,14.16,,30.93,9.92,推荐,,
600809.SH,山西汾酒,20230831,山西汾酒2023年中报点评：Q2业绩增50％，青花引领清香潮流,点评,一般报告,国元证券,"邓晖,朱宇昊,袁帆,单蕾",2025Q4,4859238.0,,2123235.0,1588179.0,13.02,18.59,,34.36,13.16,买入,,
600809.SH,山西汾酒,20230831,山西汾酒2023年中报点评：Q2业绩增50％，青花引领清香潮流,点评,一般报告,国元证券,"邓晖,朱宇昊,袁帆,单蕾",2024Q4,3985625.0,,1715870.0,1283471.0,10.52,23.0,,35.54,16.25,买入,,
600809.SH,山西汾酒,20230831,山西汾酒2023年中报点评：Q2业绩增50％，青花引领清香潮流,点评,一般报告,国元证券,"邓晖,朱宇昊,袁帆,单蕾",2023Q4,3239642.0,,1374354.0,1028017.0,8.43,28.72,,36.85,20.25,买入,,
600754.SH,锦江酒店,20230831,锦江酒店23H1业绩点评：境内核心资产创业绩新高，运营效益有改善，海外亏损持续，静待改革效能释放,点评,一般报告,信达证券,"刘嘉仁,王越",2025Q4,1880000.0,,425800.0,288100.0,2.69,14.31,,12.7,8.83,增持,,
600754.SH,锦江酒店,20230831,锦江酒店23H1业绩点评：境内核心资产创业绩新高，运营效益有改善，海外亏损持续，静待改革效能释放,点评,一般报告,信达证券,"刘嘉仁,王越",2024Q4,1694000.0,,342500.0,231800.0,2.17,17.78,,11.7,11.1,增持,,
600754.SH,锦江酒店,20230831,锦江酒店23H1业绩点评：境内核心资产创业绩新高，运营效益有改善，海外亏损持续，静待改革效能释放,点评,一般报告,信达证券,"刘嘉仁,王越",2023Q4,1409000.0,,168400.0,139800.0,1.31,29.49,,8.0,18.17,增持,,
600522.SH,中天科技,20230831,中天科技2023年半年报点评：23年海缆订单获取有望超预期，各项业务扩张顺利,点评,一般报告,西部证券,"杨敬梅,胡琎心",2025Q4,7062100.0,,780600.0,622000.0,1.82,8.0,,14.8,,买入,,
600522.SH,中天科技,20230831,中天科技2023年半年报点评：23年海缆订单获取有望超预期，各项业务扩张顺利,点评,一般报告,西部证券,"杨敬梅,胡琎心",2024Q4,5710200.0,,637500.0,492200.0,1.44,10.1,,13.5,,买入,,
600522.SH,中天科技,20230831,中天科技2023年半年报点评：23年海缆订单获取有望超预期，各项业务扩张顺利,点评,一般报告,西部证券,"杨敬梅,胡琎心",2023Q4,4482300.0,,504600.0,398000.0,1.17,12.5,,12.4,,买入,,
600109.SH,国金证券,20230831,国金证券2023年半年报点评：自营投资收入大幅提升，资管、投行业绩承压,点评,一般报告,西部证券,罗钻辉,2025Q4,843860.0,,292700.0,254174.0,0.68,13.76,,7.07,,买入,,
600109.SH,国金证券,20230831,国金证券2023年半年报点评：自营投资收入大幅提升，资管、投行业绩承压,点评,一般报告,西部证券,罗钻辉,2024Q4,773283.0,,260100.0,225893.0,0.61,15.48,,6.63,,买入,,
600109.SH,国金证券,20230831,国金证券2023年半年报点评：自营投资收入大幅提升，资管、投行业绩承压,点评,一般报告,西部证券,罗钻辉,2023Q4,700531.0,,219100.0,190272.0,0.51,18.38,,5.87,,买入,,
600026.SH,中远海能,20230831,中远海能2023年中报点评：Q2实现归母净利17.1亿，继续看好油运旺季弹性,点评,一般报告,华创证券,"吴一凡,吴莹莹,吴晨玥,黄文鹤,梁婉怡",2025Q4,2832800.0,,1238600.0,863700.0,1.81,8.0,,17.4,6.0,推荐,,20.0
600026.SH,中远海能,20230831,中远海能2023年中报点评：Q2实现归母净利17.1亿，继续看好油运旺季弹性,点评,一般报告,华创证券,"吴一凡,吴莹莹,吴晨玥,黄文鹤,梁婉怡",2024Q4,2654300.0,,1121300.0,782000.0,1.64,8.0,,18.0,6.0,推荐,,20.0
600026.SH,中远海能,20230831,中远海能2023年中报点评：Q2实现归母净利17.1亿，继续看好油运旺季弹性,点评,一般报告,华创证券,"吴一凡,吴莹莹,吴晨玥,黄文鹤,梁婉怡",2023Q4,2378900.0,,868500.0,605600.0,1.27,11.0,,16.4,8.0,推荐,,20.0
301239.SZ,普瑞眼科,20230831,普瑞眼科：半年报业绩略超预期，综合眼病业务增速强劲,点评,一般报告,华西证券,"崔文亮,程仲瑶",2025Q4,410500.0,,86800.0,41100.0,2.75,39.26,,13.5,,增持,,
301239.SZ,普瑞眼科,20230831,普瑞眼科：半年报业绩略超预期，综合眼病业务增速强劲,点评,一般报告,华西证券,"崔文亮,程仲瑶",2024Q4,334000.0,,65100.0,31700.0,2.12,50.89,,11.9,,增持,,
301239.SZ,普瑞眼科,20230831,普瑞眼科：半年报业绩略超预期，综合眼病业务增速强劲,点评,一般报告,华西证券,"崔文亮,程仲瑶",2023Q4,279500.0,,60300.0,31200.0,2.09,51.72,,13.2,,增持,,
301080.SZ,百普赛斯,20230831,百普赛斯：核心业务稳健增长，境外常规业务表现靓眼,点评,一般报告,长江证券,伍云飞,2025Q4,90700.0,84100.0,40400.0,37400.0,3.12,18.97,,11.2,11.51,买入,,
301080.SZ,百普赛斯,20230831,百普赛斯：核心业务稳健增长，境外常规业务表现靓眼,点评,一般报告,长江证券,伍云飞,2024Q4,72500.0,67300.0,31500.0,29200.0,2.43,24.34,,9.8,15.64,买入,,
301080.SZ,百普赛斯,20230831,百普赛斯：核心业务稳健增长，境外常规业务表现靓眼,点评,一般报告,长江证券,伍云飞,2023Q4,58200.0,54000.0,24600.0,22800.0,1.9,31.16,,8.5,20.48,买入,,
002032.SZ,苏泊尔,20230831,苏泊尔公司点评报告：2023Q2收入业绩增速均回正，外销恢复增长,点评,一般报告,方正证券,"孟昕,陈炯阳,赵梦菲",2024Q4,2364400.0,,300600.0,243800.0,3.02,15.76,,32.32,11.07,推荐,,
002032.SZ,苏泊尔,20230831,苏泊尔公司点评报告：2023Q2收入业绩增速均回正，外销恢复增长,点评,一般报告,方正证券,"孟昕,陈炯阳,赵梦菲",2023Q4,2146500.0,,271800.0,221400.0,2.74,17.35,,33.78,12.39,推荐,,
000887.SZ,中鼎股份,20230831,中鼎股份：冷却系统收入增长高，空悬业务本土化顺利推进,点评,一般报告,平安证券,"王德安,王跟海",2025Q4,2316000.0,,226400.0,194100.0,1.47,8.2,,13.6,4.9,推荐,,
000887.SZ,中鼎股份,20230831,中鼎股份：冷却系统收入增长高，空悬业务本土化顺利推进,点评,一般报告,平安证券,"王德安,王跟海",2024Q4,2006200.0,,175200.0,150200.0,1.14,10.6,,11.6,6.1,推荐,,
000887.SZ,中鼎股份,20230831,中鼎股份：冷却系统收入增长高，空悬业务本土化顺利推进,点评,一般报告,平安证券,"王德安,王跟海",2023Q4,1735300.0,,144000.0,123500.0,0.94,12.9,,10.3,7.3,推荐,,
000596.SZ,古井贡酒,20230831,古井贡酒：Q2业绩亮眼，盈利能力提升,点评,一般报告,信达证券,"马铮,满静雅",2025Q4,2946300.0,,934700.0,687000.0,13.0,22.16,,20.9,14.35,买入,,
000596.SZ,古井贡酒,20230831,古井贡酒：Q2业绩亮眼，盈利能力提升,点评,一般报告,信达证券,"马铮,满静雅",2024Q4,2463900.0,,760000.0,558600.0,10.57,27.26,,20.5,17.68,买入,,
000596.SZ,古井贡酒,20230831,古井贡酒：Q2业绩亮眼，盈利能力提升,点评,一般报告,信达证券,"马铮,满静雅",2023Q4,2048800.0,,603900.0,440900.0,8.34,34.53,,19.7,22.19,买入,,
000425.SZ,徐工机械,20230831,徐工机械中报点评报告：中报业绩超预期，工程机械龙头新兴板块发力、国际化表现突出,点评,一般报告,浙商证券,"邱世梁,王华君,胡飘",2025Q4,13720916.0,,1162300.0,1010424.0,0.86,6.99,,14.17,4.8,买入,,
000425.SZ,徐工机械,20230831,徐工机械中报点评报告：中报业绩超预期，工程机械龙头新兴板块发力、国际化表现突出,点评,一般报告,浙商证券,"邱世梁,王华君,胡飘",2024Q4,11881979.0,,918200.0,803664.0,0.68,8.79,,12.69,5.53,买入,,
000425.SZ,徐工机械,20230831,徐工机械中报点评报告：中报业绩超预期，工程机械龙头新兴板块发力、国际化表现突出,点评,一般报告,浙商证券,"邱世梁,王华君,胡飘",2023Q4,10451115.0,,693600.0,605842.0,0.51,11.66,,10.59,6.79,买入,,
688696.SH,极米科技,20230831,极米科技：内销疲软拖累业绩下滑，静待后续修复,点评,一般报告,国盛证券,"徐程颖,陈思琪",2025Q4,474100.0,,42100.0,37000.0,5.29,23.0,,10.1,11.5,增持,,
688696.SH,极米科技,20230831,极米科技：内销疲软拖累业绩下滑，静待后续修复,点评,一般报告,国盛证券,"徐程颖,陈思琪",2024Q4,412200.0,,36100.0,31700.0,4.53,26.9,,9.2,17.5,增持,,
688696.SH,极米科技,20230831,极米科技：内销疲软拖累业绩下滑，静待后续修复,点评,一般报告,国盛证券,"徐程颖,陈思琪",2023Q4,358500.0,,28300.0,24900.0,3.56,34.2,,7.7,17.2,增持,,
605377.SH,华旺科技,20230831,华旺科技：23Q2盈利能力显著回升，持续看好装饰原纸龙头,点评,一般报告,安信证券,罗乾生,2025Q4,580330.0,,93400.0,82010.0,2.47,8.5,4.7,16.7,3.5,买入,,27.06
605377.SH,华旺科技,20230831,华旺科技：23Q2盈利能力显著回升，持续看好装饰原纸龙头,点评,一般报告,安信证券,罗乾生,2024Q4,479470.0,,77200.0,67810.0,2.04,10.2,3.9,15.3,4.4,买入,,27.06
605377.SH,华旺科技,20230831,华旺科技：23Q2盈利能力显著回升，持续看好装饰原纸龙头,点评,一般报告,安信证券,罗乾生,2023Q4,399460.0,,64370.0,56520.0,1.7,12.3,3.3,14.1,5.7,买入,,27.06
603939.SH,益丰药房,20230831,益丰药房：二季度收入、利润符合预期，加盟业务扩张迅速,点评,首份报告,国盛证券,张金洋,2025Q4,3596200.0,,348400.0,232600.0,2.3,15.9,,17.8,8.9,买入,,
603939.SH,益丰药房,20230831,益丰药房：二季度收入、利润符合预期，加盟业务扩张迅速,点评,首份报告,国盛证券,张金洋,2024Q4,2944100.0,,285300.0,190000.0,1.88,19.5,,17.3,10.7,买入,,
603939.SH,益丰药房,20230831,益丰药房：二季度收入、利润符合预期，加盟业务扩张迅速,点评,首份报告,国盛证券,张金洋,2023Q4,2408600.0,,232400.0,154800.0,1.53,24.0,,16.4,13.9,买入,,
603738.SH,泰晶科技,20230831,泰晶科技23H1业绩点评：晶振行业周期触底回升，23Q2业绩环比改善,点评,一般报告,西部证券,单慧伟,2025Q4,199200.0,,42500.0,36600.0,0.94,15.3,,16.9,,买入,,
603738.SH,泰晶科技,20230831,泰晶科技23H1业绩点评：晶振行业周期触底回升，23Q2业绩环比改善,点评,一般报告,西部证券,单慧伟,2024Q4,149400.0,,29800.0,25700.0,0.66,21.8,,13.1,,买入,,
603738.SH,泰晶科技,20230831,泰晶科技23H1业绩点评：晶振行业周期触底回升，23Q2业绩环比改善,点评,一般报告,西部证券,单慧伟,2023Q4,95100.0,,17400.0,14900.0,0.38,37.6,,8.1,,买入,,
688390.SH,固德威,20230831,固德威：业绩符合预期，光储业务持续放量,点评,一般报告,广发证券,"陈子坤,纪成炜,曹瑞元",2025Q4,2473700.0,,356200.0,335500.0,19.41,7.13,,34.9,3.45,买入,,223.85
688390.SH,固德威,20230831,固德威：业绩符合预期，光储业务持续放量,点评,一般报告,广发证券,"陈子坤,纪成炜,曹瑞元",2024Q4,1600200.0,,250700.0,236000.0,13.65,10.14,,37.9,6.47,买入,,223.85
688390.SH,固德威,20230831,固德威：业绩符合预期，光储业务持续放量,点评,一般报告,广发证券,"陈子坤,纪成炜,曹瑞元",2023Q4,985900.0,,164300.0,154800.0,8.95,15.46,,40.1,11.36,买入,,223.85
688133.SH,泰坦科技,20230831,泰坦科技：收入稳步增长，保持良好客户粘性,点评,一般报告,长江证券,伍云飞,2025Q4,579900.0,150500.0,50100.0,42600.0,3.61,16.14,,11.7,12.83,买入,,
002384.SZ,东山精密,20230831,东山精密：Q2业绩受光电显示拖累，关注核心客户新品导入进展,点评,一般报告,招商证券,"鄢凡,程鑫",2025Q4,4527200.0,,436600.0,364900.0,2.13,8.9,,16.4,7.5,强烈推荐,,
002384.SZ,东山精密,20230831,东山精密：Q2业绩受光电显示拖累，关注核心客户新品导入进展,点评,一般报告,招商证券,"鄢凡,程鑫",2024Q4,3865100.0,,359700.0,300700.0,1.76,10.8,,15.3,8.8,强烈推荐,,
002384.SZ,东山精密,20230831,东山精密：Q2业绩受光电显示拖累，关注核心客户新品导入进展,点评,一般报告,招商证券,"鄢凡,程鑫",2023Q4,3368500.0,,283900.0,237400.0,1.39,13.7,,13.6,10.8,强烈推荐,,
002276.SZ,万马股份,20230831,万马股份2023年半年报点评：23H1业绩超预期，海缆绝缘料有望实现进口替代,点评,一般报告,西部证券,"杨敬梅,胡琎心",2025Q4,2458500.0,,132900.0,122300.0,1.18,9.0,,17.1,,买入,,
002276.SZ,万马股份,20230831,万马股份2023年半年报点评：23H1业绩超预期，海缆绝缘料有望实现进口替代,点评,一般报告,西部证券,"杨敬梅,胡琎心",2024Q4,1947700.0,,91900.0,85100.0,0.82,13.0,,13.9,,买入,,
002276.SZ,万马股份,20230831,万马股份2023年半年报点评：23H1业绩超预期，海缆绝缘料有望实现进口替代,点评,一般报告,西部证券,"杨敬梅,胡琎心",2023Q4,1704100.0,,70700.0,65000.0,0.63,17.0,,12.3,,买入,,
601677.SH,明泰铝业,20230831,明泰铝业：Q2经营环比改善，经营现金流大幅净流入,点评,一般报告,财通证券,毕春晖,2025Q4,3785658.0,,255868.0,213138.0,1.99,6.84,0.0,11.23,3.6,增持,,
601677.SH,明泰铝业,20230831,明泰铝业：Q2经营环比改善，经营现金流大幅净流入,点评,一般报告,财通证券,毕春晖,2024Q4,3334899.0,,225313.0,187686.0,1.75,7.77,0.0,11.14,4.5,增持,,
601677.SH,明泰铝业,20230831,明泰铝业：Q2经营环比改善，经营现金流大幅净流入,点评,一般报告,财通证券,毕春晖,2023Q4,2917050.0,,198271.0,165160.0,1.54,8.83,0.0,11.04,5.4,增持,,
601168.SH,西部矿业,20230831,西部矿业公司事件点评报告：Q2业绩环比改善，多金属矿冶同步发展,点评,首次评级,华鑫证券,"傅鸿浩,杜飞",2025Q4,4640500.0,,756200.0,460300.0,1.93,6.6,,15.8,,买入,,
601168.SH,西部矿业,20230831,西部矿业公司事件点评报告：Q2业绩环比改善，多金属矿冶同步发展,点评,首次评级,华鑫证券,"傅鸿浩,杜飞",2024Q4,4463700.0,,674800.0,410700.0,1.72,7.4,,15.8,,买入,,
601168.SH,西部矿业,20230831,西部矿业公司事件点评报告：Q2业绩环比改善，多金属矿冶同步发展,点评,首次评级,华鑫证券,"傅鸿浩,杜飞",2023Q4,4279100.0,,582500.0,354500.0,1.49,8.6,,15.4,,买入,,
601117.SH,中国化学,20230831,中国化学：业绩稳健符合预期，现金流明显改善,点评,一般报告,国盛证券,"何亚轩,程龙戈,李枫婷",2025Q4,23290900.0,,1208800.0,868000.0,1.42,5.5,,12.7,1.6,买入,,
601117.SH,中国化学,20230831,中国化学：业绩稳健符合预期，现金流明显改善,点评,一般报告,国盛证券,"何亚轩,程龙戈,李枫婷",2024Q4,20813500.0,,1017300.0,747800.0,1.22,6.3,,12.0,2.2,买入,,
601117.SH,中国化学,20230831,中国化学：业绩稳健符合预期，现金流明显改善,点评,一般报告,国盛证券,"何亚轩,程龙戈,李枫婷",2023Q4,18507000.0,,811100.0,629900.0,1.03,7.5,,10.7,2.4,买入,,
600958.SH,东方证券,20230831,东方证券2023H1点评：投资业务驱动净利润高增，减值计提构成一定拖累,点评,一般报告,开源证券,"高超,卢崑",2025Q4,2355800.0,,749100.0,631000.0,0.74,13.4,,7.4,60.6,买入,,
600958.SH,东方证券,20230831,东方证券2023H1点评：投资业务驱动净利润高增，减值计提构成一定拖累,点评,一般报告,开源证券,"高超,卢崑",2024Q4,2140100.0,,587300.0,502900.0,0.59,16.8,,6.1,77.4,买入,,
601319.SH,中国人保,20230831,中国人保：财险业务品质优良，寿险价值同比高增,点评,一般报告,兴业证券,"孙寅,徐一洲,唐亮亮",2024Q4,71660000.0,,6194400.0,3734300.0,0.84,,,13.88,,增持,,
601319.SH,中国人保,20230831,中国人保：财险业务品质优良，寿险价值同比高增,点评,一般报告,兴业证券,"孙寅,徐一洲,唐亮亮",2023Q4,65802800.0,,4542400.0,2738400.0,0.62,,,11.62,,增持,,
601012.SH,隆基绿能,20230831,隆基绿能2023年半年报点评：硅片及组件出货量维持高增，计提20.36亿元减值准备轻装上阵,点评,一般报告,光大证券,"殷中枢,郝骞,黄帅斌",2025Q4,21489800.0,,2541000.0,2286900.0,3.02,9.0,2.2,20.14,6.6,买入,,
601012.SH,隆基绿能,20230831,隆基绿能2023年半年报点评：硅片及组件出货量维持高增，计提20.36亿元减值准备轻装上阵,点评,一般报告,光大证券,"殷中枢,郝骞,黄帅斌",2024Q4,20379000.0,,2296400.0,2066800.0,2.73,10.0,2.0,21.8,7.7,买入,,
601012.SH,隆基绿能,20230831,隆基绿能2023年半年报点评：硅片及组件出货量维持高增，计提20.36亿元减值准备轻装上阵,点评,一般报告,光大证券,"殷中枢,郝骞,黄帅斌",2023Q4,17675700.0,,2085100.0,1876600.0,2.48,11.0,1.8,24.1,8.9,买入,,
600966.SH,博汇纸业,20230831,博汇纸业2023年中报点评：Q2利润转正，盈利有望持续向上,点评,一般报告,华创证券,"刘佳昆,毛宇翔",2025Q4,2289200.0,,195400.0,150400.0,1.13,6.0,,16.0,6.0,推荐,,8.7
600966.SH,博汇纸业,20230831,博汇纸业2023年中报点评：Q2利润转正，盈利有望持续向上,点评,一般报告,华创证券,"刘佳昆,毛宇翔",2024Q4,2032400.0,,164500.0,126700.0,0.95,7.0,,15.8,6.0,推荐,,8.7
600966.SH,博汇纸业,20230831,博汇纸业2023年中报点评：Q2利润转正，盈利有望持续向上,点评,一般报告,华创证券,"刘佳昆,毛宇翔",2023Q4,1839700.0,,35400.0,27200.0,0.2,31.0,,4.0,11.0,推荐,,8.7
600754.SH,锦江酒店,20230831,锦江酒店2023H1业绩点评：需求提振收入，改革成效初显,点评,一般报告,长江证券,"赵刚,杨会强",2025Q4,1851900.0,844100.0,404500.0,257900.0,2.41,15.93,,11.4,8.21,买入,,
600754.SH,锦江酒店,20230831,锦江酒店2023H1业绩点评：需求提振收入，改革成效初显,点评,一般报告,长江证券,"赵刚,杨会强",2024Q4,1699700.0,740800.0,331100.0,211100.0,1.97,19.47,,10.5,10.42,买入,,
600754.SH,锦江酒店,20230831,锦江酒店2023H1业绩点评：需求提振收入，改革成效初显,点评,一般报告,长江证券,"赵刚,杨会强",2023Q4,1474300.0,612800.0,223500.0,142500.0,1.33,28.84,,7.9,13.67,买入,,
600732.SH,爱旭股份,20230831,爱旭股份2023年中报点评：电池盈利坚挺，ABC即将放量！,一般,一般报告,东吴证券,"曾朵红,陈瑶,郭亚男",2025Q4,8528200.0,,664400.0,598000.0,3.27,7.83,,25.88,,买入,,
600732.SH,爱旭股份,20230831,爱旭股份2023年中报点评：电池盈利坚挺，ABC即将放量！,一般,一般报告,东吴证券,"曾朵红,陈瑶,郭亚男",2024Q4,5688800.0,,485300.0,436800.0,2.39,10.72,,25.51,,买入,,
600732.SH,爱旭股份,20230831,爱旭股份2023年中报点评：电池盈利坚挺，ABC即将放量！,一般,一般报告,东吴证券,"曾朵红,陈瑶,郭亚男",2023Q4,4083500.0,,336400.0,302800.0,1.66,15.46,,23.74,,买入,,
600690.SH,海尔智家,20230831,海尔智家：业绩稳健增长，海外表现优异,点评,一般报告,信达证券,"罗岸阳,尹圣迪",2025Q4,30949500.0,,2822000.0,2249700.0,2.38,9.86,,16.4,5.34,买入,,
600690.SH,海尔智家,20230831,海尔智家：业绩稳健增长，海外表现优异,点评,一般报告,信达证券,"罗岸阳,尹圣迪",2024Q4,28793300.0,,2479000.0,1985200.0,2.1,11.18,,16.5,6.44,买入,,
600690.SH,海尔智家,20230831,海尔智家：业绩稳健增长，海外表现优异,点评,一般报告,信达证券,"罗岸阳,尹圣迪",2023Q4,26444000.0,,2181600.0,1695400.0,1.8,13.09,,16.1,7.53,买入,,
600584.SH,长电科技,20230831,长电科技：23Q2业绩环比大幅改善，先进封装业内领先,点评,一般报告,安信证券,"马良,郭旺",2025Q4,4407270.0,,457730.0,420980.0,2.36,14.7,0.7,12.2,4.9,买入,,42.49
600584.SH,长电科技,20230831,长电科技：23Q2业绩环比大幅改善，先进封装业内领先,点评,一般报告,安信证券,"马良,郭旺",2024Q4,4032640.0,,412330.0,379200.0,2.12,16.4,0.7,12.3,6.1,买入,,42.49
600584.SH,长电科技,20230831,长电科技：23Q2业绩环比大幅改善，先进封装业内领先,点评,一般报告,安信证券,"马良,郭旺",2023Q4,3689850.0,,378550.0,348070.0,1.95,17.8,0.6,12.7,7.3,买入,,42.49
600406.SH,国电南瑞,20230831,国电南瑞2023年半年报点评：业绩符合市场预期，网外市场拉动营收增长,点评,一般报告,东吴证券,"曾朵红,谢哲栋",2025Q4,6745000.0,,1222500.0,1001300.0,1.25,19.11,,16.15,,买入,,
600406.SH,国电南瑞,20230831,国电南瑞2023年半年报点评：业绩符合市场预期，网外市场拉动营收增长,点评,一般报告,东吴证券,"曾朵红,谢哲栋",2024Q4,5960900.0,,1058900.0,868100.0,1.08,22.04,,15.8,,买入,,
600406.SH,国电南瑞,20230831,国电南瑞2023年半年报点评：业绩符合市场预期，网外市场拉动营收增长,点评,一般报告,东吴证券,"曾朵红,谢哲栋",2023Q4,5274100.0,,914200.0,749600.0,0.93,25.53,,15.4,,买入,,
600210.SH,紫江企业,20230831,紫江企业：23H1业绩超预期，包装强势复苏、铝塑膜延续高增,点评,一般报告,申万宏源证券,"屠亦婷,王宏为,张海涛,马焰明",2025Q4,1403400.0,305000.0,138100.0,95500.0,0.63,8.0,,11.8,,买入,,
600210.SH,紫江企业,20230831,紫江企业：23H1业绩超预期，包装强势复苏、铝塑膜延续高增,点评,一般报告,申万宏源证券,"屠亦婷,王宏为,张海涛,马焰明",2024Q4,1232200.0,263900.0,117000.0,82900.0,0.55,10.0,,11.7,,买入,,
600210.SH,紫江企业,20230831,紫江企业：23H1业绩超预期，包装强势复苏、铝塑膜延续高增,点评,一般报告,申万宏源证券,"屠亦婷,王宏为,张海涛,马焰明",2023Q4,1084100.0,228000.0,94400.0,71100.0,0.47,11.0,,11.4,,买入,,
600085.SH,同仁堂,20230831,同仁堂2023年中报点评：Q2业绩延续高增，子公司经营亮眼,点评,一般报告,光大证券,"林小伟,黄素青",2025Q4,2383400.0,,458400.0,247500.0,1.8,31.0,1.0,14.96,19.3,增持,,
000538.SZ,云南白药,20230831,云南白药：二季度利润端增速亮眼，四大业务部持续领跑,点评,一般报告,华安证券,"谭国超,李昌幸",2025Q4,4973400.0,,649200.0,551300.0,3.07,17.65,,10.3,13.24,增持,,
000538.SZ,云南白药,20230831,云南白药：二季度利润端增速亮眼，四大业务部持续领跑,点评,一般报告,华安证券,"谭国超,李昌幸",2024Q4,4527500.0,,579300.0,498100.0,2.77,19.54,,10.4,14.58,增持,,
300498.SZ,温氏股份,20230831,温氏股份：养殖低迷业绩承压降本增效目标不改,点评,一般报告,国联证券,"陈梦瑶,涂雅晴",2025Q4,14147600.0,,1155500.0,1101800.0,1.66,10.2,,19.59,5.5,买入,,21.0
300498.SZ,温氏股份,20230831,温氏股份：养殖低迷业绩承压降本增效目标不改,点评,一般报告,国联证券,"陈梦瑶,涂雅晴",2024Q4,12276700.0,,972800.0,927600.0,1.4,12.1,,19.26,6.6,买入,,21.0
300498.SZ,温氏股份,20230831,温氏股份：养殖低迷业绩承压降本增效目标不改,点评,一般报告,国联证券,"陈梦瑶,涂雅晴",2023Q4,10046300.0,,238400.0,227300.0,0.34,49.6,,5.49,11.5,买入,,21.0
600098.SH,广州发展,20230831,广州发展：量价本共振下火电盈利，看好H2利润持续释放,点评,一般报告,兴业证券,"蔡屹,朱理显",2023Q4,5125300.0,,332900.0,224100.0,0.63,9.6,,8.7,,增持,,
600066.SH,宇通客车,20230831,宇通客车2023年中报点评：业绩亮眼，海外市场推动高端化,点评,一般报告,中信证券,"袁健聪,尹欣驰,李鹞",2025Q4,3454000.0,,243800.0,225600.0,1.02,11.9,,14.1,9.3,买入,,16.0
600066.SH,宇通客车,20230831,宇通客车2023年中报点评：业绩亮眼，海外市场推动高端化,点评,一般报告,中信证券,"袁健聪,尹欣驰,李鹞",2024Q4,3158000.0,,195600.0,180800.0,0.82,14.9,,12.3,11.5,买入,,16.0
600066.SH,宇通客车,20230831,宇通客车2023年中报点评：业绩亮眼，海外市场推动高端化,点评,一般报告,中信证券,"袁健聪,尹欣驰,李鹞",2023Q4,2521000.0,,142500.0,131400.0,0.59,20.5,,9.7,15.5,买入,,16.0
002821.SZ,凯莱英,20230831,凯莱英：常规业务高增长，新兴业务各有突破,点评,一般报告,信达证券,"唐爱金,史慧颖",2025Q4,1371300.0,,325100.0,283500.0,7.67,17.07,,13.4,10.34,无,,
002821.SZ,凯莱英,20230831,凯莱英：常规业务高增长，新兴业务各有突破,点评,一般报告,信达证券,"唐爱金,史慧颖",2024Q4,1064300.0,,245000.0,213700.0,5.78,22.65,,11.2,13.92,无,,
002821.SZ,凯莱英,20230831,凯莱英：常规业务高增长，新兴业务各有突破,点评,一般报告,信达证券,"唐爱金,史慧颖",2023Q4,948700.0,,248700.0,216900.0,5.87,22.32,,12.6,14.86,无,,
002402.SZ,和而泰,20230831,和而泰2023年半年报点评：收入恢复稳步增长，出口盈利能力提升,一般,一般报告,西部证券,陈彤,2025Q4,1212967.0,,135400.0,109260.0,1.17,11.9,,18.6,,买入,,
002402.SZ,和而泰,20230831,和而泰2023年半年报点评：收入恢复稳步增长，出口盈利能力提升,一般,一般报告,西部证券,陈彤,2024Q4,964985.0,,96500.0,79443.0,0.85,16.4,,15.9,,买入,,
002402.SZ,和而泰,20230831,和而泰2023年半年报点评：收入恢复稳步增长，出口盈利能力提升,一般,一般报告,西部证券,陈彤,2023Q4,766812.0,,65800.0,56119.0,0.6,23.3,,12.7,,买入,,
600085.SH,同仁堂,20230831,同仁堂2023年中报点评：Q2业绩延续高增，子公司经营亮眼,点评,一般报告,光大证券,"林小伟,黄素青",2024Q4,2115600.0,,397200.0,214100.0,1.56,35.0,0.9,14.52,21.5,增持,,
600085.SH,同仁堂,20230831,同仁堂2023年中报点评：Q2业绩延续高增，子公司经营亮眼,点评,一般报告,光大证券,"林小伟,黄素青",2023Q4,1852200.0,,339500.0,181400.0,1.32,42.0,0.8,13.76,24.8,增持,,
600837.SH,海通证券,20230831,海通证券1H23业绩点评：减值拖累利润表现，IPO在手项目充足,点评,首份报告,方正证券,曹柳龙,2025Q4,4178400.0,,1499100.0,1045600.0,0.8,12.7,,5.8,,推荐,,
600837.SH,海通证券,20230831,海通证券1H23业绩点评：减值拖累利润表现，IPO在手项目充足,点评,首份报告,方正证券,曹柳龙,2024Q4,3855300.0,,1294100.0,902700.0,0.69,14.7,,5.2,,推荐,,
601877.SH,正泰电器,20230831,正泰电器2023年半年报点评：户用业务持续高速增长，逆变器储能业务扬帆起航,点评,一般报告,光大证券,"殷中枢,郝骞,黄帅斌",2025Q4,7059800.0,,901900.0,641500.0,2.98,8.0,2.7,12.69,8.2,买入,,
601877.SH,正泰电器,20230831,正泰电器2023年半年报点评：户用业务持续高速增长，逆变器储能业务扬帆起航,点评,一般报告,光大证券,"殷中枢,郝骞,黄帅斌",2024Q4,6354400.0,,839700.0,591700.0,2.75,9.0,2.5,13.01,8.7,买入,,
601877.SH,正泰电器,20230831,正泰电器2023年半年报点评：户用业务持续高速增长，逆变器储能业务扬帆起航,点评,一般报告,光大证券,"殷中枢,郝骞,黄帅斌",2023Q4,5305800.0,,764500.0,531600.0,2.47,10.0,2.3,13.03,9.2,买入,,
601868.SH,中国能建,20230831,中国能建：收入延续强劲增长，看好新能源持续注入高质量发展动能,点评,一般报告,天风证券,"鲍荣富,王涛,吴红艳",2025Q4,55383548.0,,2093583.0,1259303.0,0.3,7.58,,9.69,2.15,买入,,3.04
601868.SH,中国能建,20230831,中国能建：收入延续强劲增长，看好新能源持续注入高质量发展动能,点评,一般报告,天风证券,"鲍荣富,王涛,吴红艳",2024Q4,48924740.0,,1793947.0,1079071.0,0.26,8.85,,9.06,3.36,买入,,3.04
601868.SH,中国能建,20230831,中国能建：收入延续强劲增长，看好新能源持续注入高质量发展动能,点评,一般报告,天风证券,"鲍荣富,王涛,吴红艳",2023Q4,42269245.0,,1503574.0,904409.0,0.22,10.56,,8.24,4.11,买入,,3.04
601117.SH,中国化学,20230831,中国化学：主业化学工程表现亮眼，现金流同比由负转正,点评,一般报告,兴业证券,"孟杰,童彤,郁晾",2025Q4,25491900.0,,1033300.0,832100.0,1.36,5.7,,11.8,,增持,,
601117.SH,中国化学,20230831,中国化学：主业化学工程表现亮眼，现金流同比由负转正,点评,一般报告,兴业证券,"孟杰,童彤,郁晾",2024Q4,22160400.0,,888100.0,714600.0,1.17,6.7,,11.2,,增持,,
601117.SH,中国化学,20230831,中国化学：主业化学工程表现亮眼，现金流同比由负转正,点评,一般报告,兴业证券,"孟杰,童彤,郁晾",2023Q4,18966100.0,,767900.0,618800.0,1.01,7.7,,10.7,,增持,,
601012.SH,隆基绿能,20230831,隆基绿能：业绩稳健增长，蓄势打造差异化竞争优势,点评,一般报告,信达证券,"武浩,黄楷",2025Q4,19191000.0,,3142800.0,2734200.0,3.61,7.36,,22.0,2.73,买入,,
601012.SH,隆基绿能,20230831,隆基绿能：业绩稳健增长，蓄势打造差异化竞争优势,点评,一般报告,信达证券,"武浩,黄楷",2024Q4,16827700.0,,2663200.0,2317000.0,3.06,8.69,,23.3,3.91,买入,,
601012.SH,隆基绿能,20230831,隆基绿能：业绩稳健增长，蓄势打造差异化竞争优势,点评,一般报告,信达证券,"武浩,黄楷",2023Q4,12682600.0,,2097100.0,1822500.0,2.4,11.04,,23.1,5.6,买入,,
000538.SZ,云南白药,20230831,云南白药：二季度利润端增速亮眼，四大业务部持续领跑,点评,一般报告,华安证券,"谭国超,李昌幸",2023Q4,4087500.0,,520400.0,450200.0,2.51,21.62,,10.5,15.56,增持,,
000400.SZ,许继电气,20230831,许继电气2023年上半年业绩点评：主营业务稳定增长，海外市场进展显著,点评,一般报告,国海证券,"李航,王刚",2025Q4,2517400.0,,219900.0,158900.0,1.56,12.58,,11.0,4.91,买入,,
000400.SZ,许继电气,20230831,许继电气2023年上半年业绩点评：主营业务稳定增长，海外市场进展显著,点评,一般报告,国海证券,"李航,王刚",2024Q4,2177200.0,,186700.0,135300.0,1.33,14.78,,11.0,6.73,买入,,
000400.SZ,许继电气,20230831,许继电气2023年上半年业绩点评：主营业务稳定增长，海外市场进展显著,点评,一般报告,国海证券,"李航,王刚",2023Q4,1802100.0,,136100.0,99600.0,0.98,20.08,,9.0,9.83,买入,,
300737.SZ,科顺股份,20230831,科顺股份：Q2减值拖累业绩，防水涂料业务发力,点评,一般报告,兴业证券,"黄杨,季贤东,孟杰",2025Q4,1219900.0,,92100.0,81900.0,0.7,11.6,,11.6,,增持,,
300737.SZ,科顺股份,20230831,科顺股份：Q2减值拖累业绩，防水涂料业务发力,点评,一般报告,兴业证券,"黄杨,季贤东,孟杰",2024Q4,1039500.0,,62300.0,55400.0,0.47,17.1,,8.7,,增持,,
300737.SZ,科顺股份,20230831,科顺股份：Q2减值拖累业绩，防水涂料业务发力,点评,一般报告,兴业证券,"黄杨,季贤东,孟杰",2023Q4,858500.0,,37100.0,33000.0,0.28,28.8,,5.6,,增持,,
300673.SZ,佩蒂股份,20230831,佩蒂股份2023年中报点评：外销订单边际改善，自主品牌高速增长,点评,一般报告,浙商证券,"马莉,史凡可,陈钊",2025Q4,227800.0,,24800.0,19400.0,0.77,16.64,,8.42,8.95,买入,,
300673.SZ,佩蒂股份,20230831,佩蒂股份2023年中报点评：外销订单边际改善，自主品牌高速增长,点评,一般报告,浙商证券,"马莉,史凡可,陈钊",2024Q4,190800.0,,17700.0,13900.0,0.55,23.26,,6.58,11.96,买入,,
300673.SZ,佩蒂股份,20230831,佩蒂股份2023年中报点评：外销订单边际改善，自主品牌高速增长,点评,一般报告,浙商证券,"马莉,史凡可,陈钊",2023Q4,145700.0,,8700.0,6800.0,0.27,47.21,,3.47,18.48,买入,,
300510.SZ,金冠股份,20230831,金冠股份：订单持续突破，毛利率同比改善,点评,一般报告,华金证券,"张文臣,周涛,申文雯",2025Q4,595900.0,,48400.0,46300.0,0.56,12.0,,12.4,11.4,买入,,
300510.SZ,金冠股份,20230831,金冠股份：订单持续突破，毛利率同比改善,点评,一般报告,华金证券,"张文臣,周涛,申文雯",2024Q4,371700.0,,28200.0,26700.0,0.32,20.8,,8.2,14.8,买入,,
300510.SZ,金冠股份,20230831,金冠股份：订单持续突破，毛利率同比改善,点评,一般报告,华金证券,"张文臣,周涛,申文雯",2023Q4,264400.0,,18500.0,17400.0,0.21,31.9,,5.9,24.1,买入,,
002840.SZ,华统股份,20230831,华统股份2023年中报点评：生猪出栏量增幅明显，猪价低迷23H1业绩短期承压,点评,一般报告,西部证券,熊航,2025Q4,2383400.0,,151100.0,109100.0,1.78,8.2,,25.3,,买入,,
002840.SZ,华统股份,20230831,华统股份2023年中报点评：生猪出栏量增幅明显，猪价低迷23H1业绩短期承压,点评,一般报告,西部证券,熊航,2024Q4,2145600.0,,133800.0,100600.0,1.64,8.8,,30.8,,买入,,
002840.SZ,华统股份,20230831,华统股份2023年中报点评：生猪出栏量增幅明显，猪价低迷23H1业绩短期承压,点评,一般报告,西部证券,熊航,2023Q4,1551700.0,,4500.0,3500.0,0.0571,256.1,,1.3,,买入,,
002840.SZ,华统股份,20230831,华统股份：业绩表现符合预期，养殖成绩持续改善,点评,一般报告,广发证券,"钱浩,周舒玥",2025Q4,2742700.0,,164100.0,123400.0,2.01,7.3,,26.5,5.4,买入,,19.8
002840.SZ,华统股份,20230831,华统股份：业绩表现符合预期，养殖成绩持续改善,点评,一般报告,广发证券,"钱浩,周舒玥",2024Q4,2192400.0,,107600.0,80800.0,1.32,11.15,,23.3,7.62,买入,,19.8
002840.SZ,华统股份,20230831,华统股份：业绩表现符合预期，养殖成绩持续改善,点评,一般报告,广发证券,"钱浩,周舒玥",2023Q4,1532100.0,,4300.0,3200.0,0.0522,282.75,,1.2,17.54,买入,,19.8
002326.SZ,永太科技,20230831,永太科技：上半年业绩承压，一体化布局持续深入,点评,一般报告,国联证券,"黄程保,唐嘉俊",2025Q4,675700.0,,44600.0,30900.0,0.34,38.2,,8.01,10.3,无,,
002326.SZ,永太科技,20230831,永太科技：上半年业绩承压，一体化布局持续深入,点评,一般报告,国联证券,"黄程保,唐嘉俊",2024Q4,592600.0,,29100.0,20200.0,0.22,58.4,,5.61,12.7,无,,
002326.SZ,永太科技,20230831,永太科技：上半年业绩承压，一体化布局持续深入,点评,一般报告,国联证券,"黄程保,唐嘉俊",2023Q4,454700.0,,3600.0,500.0,0.0055,2176.5,,0.16,17.9,无,,
002252.SZ,上海莱士,20230831,上海莱士中报点评：Q2单季略低，全年依然有望保持快速增长,点评,一般报告,银河证券,程培,2025Q4,1053969.0,,359531.0,297367.0,0.44,16.09,,8.24,11.64,推荐,,
002252.SZ,上海莱士,20230831,上海莱士中报点评：Q2单季略低，全年依然有望保持快速增长,点评,一般报告,银河证券,程培,2024Q4,910349.0,,310884.0,257131.0,0.38,18.61,,7.81,13.89,推荐,,
002252.SZ,上海莱士,20230831,上海莱士中报点评：Q2单季略低，全年依然有望保持快速增长,点评,一般报告,银河证券,程培,2023Q4,784927.0,,270276.0,223544.0,0.33,21.41,,7.41,16.85,推荐,,
000999.SZ,华润三九,20230831,华润三九：上半年业绩符合预期，内生稳增长，持续推进昆药整合,点评,一般报告,兴业证券,"孙媛媛,董晓洁",2025Q4,3760900.0,,563000.0,394100.0,3.99,11.93,,16.1,,增持,,
000999.SZ,华润三九,20230831,华润三九：上半年业绩符合预期，内生稳增长，持续推进昆药整合,点评,一般报告,兴业证券,"孙媛媛,董晓洁",2024Q4,3329000.0,,485300.0,341700.0,3.46,13.76,,15.9,,增持,,
000999.SZ,华润三九,20230831,华润三九：上半年业绩符合预期，内生稳增长，持续推进昆药整合,点评,一般报告,兴业证券,"孙媛媛,董晓洁",2023Q4,2909700.0,,414800.0,296100.0,3.0,15.88,,15.6,,增持,,
000799.SZ,酒鬼酒,20230831,酒鬼酒：改革初见效，夯基赢未来,点评,一般报告,信达证券,"马铮,赵丹晨",2025Q4,514500.0,,195100.0,146300.0,4.5,19.9,,25.2,12.57,买入,,
000799.SZ,酒鬼酒,20230831,酒鬼酒：改革初见效，夯基赢未来,点评,一般报告,信达证券,"马铮,赵丹晨",2024Q4,415300.0,,150400.0,112800.0,3.47,25.81,,22.3,16.79,买入,,
688133.SH,泰坦科技,20230831,泰坦科技：收入稳步增长，保持良好客户粘性,点评,一般报告,长江证券,伍云飞,2024Q4,442400.0,108100.0,35500.0,30200.0,2.56,22.75,,9.4,17.28,买入,,
688133.SH,泰坦科技,20230831,泰坦科技：收入稳步增长，保持良好客户粘性,点评,一般报告,长江证券,伍云飞,2023Q4,338700.0,77300.0,24900.0,21200.0,1.8,32.4,,7.3,21.57,买入,,
603992.SH,松霖科技,20230831,松霖科技：23Q2业绩环比改善，松霖家业务剥离在即,点评,一般报告,安信证券,罗乾生,2025Q4,406600.0,,50080.0,41970.0,1.05,13.7,1.8,14.1,5.7,买入,,21.28
603992.SH,松霖科技,20230831,松霖科技：23Q2业绩环比改善，松霖家业务剥离在即,点评,一般报告,安信证券,罗乾生,2024Q4,348810.0,,42860.0,36080.0,0.9,16.0,1.3,13.6,7.5,买入,,21.28
603992.SH,松霖科技,20230831,松霖科技：23Q2业绩环比改善，松霖家业务剥离在即,点评,一般报告,安信证券,罗乾生,2023Q4,297840.0,,34760.0,30200.0,0.75,19.1,1.2,12.7,9.0,买入,,21.28
603258.SH,电魂网络,20230831,电魂网络：亚运催化游戏业务，后续业绩弹性强——2023年中报点评,点评,一般报告,银河证券,岳铮,2025Q4,108527.0,,45316.0,39459.0,1.61,20.38,,12.01,14.08,推荐,,
603258.SH,电魂网络,20230831,电魂网络：亚运催化游戏业务，后续业绩弹性强——2023年中报点评,点评,一般报告,银河证券,岳铮,2024Q4,96724.0,,38633.0,33640.0,1.37,23.9,,11.69,17.32,推荐,,
603258.SH,电魂网络,20230831,电魂网络：亚运催化游戏业务，后续业绩弹性强——2023年中报点评,点评,一般报告,银河证券,岳铮,2023Q4,85688.0,,33534.0,29200.0,1.19,27.54,,11.54,21.39,推荐,,
601985.SH,中国核电,20230831,中国核电：核电稳健、风光高增，上半年业绩亮眼,一般,一般报告,广发证券,"郭鹏,姜涛,郝兆升",2025Q4,8613100.0,,2672500.0,1299800.0,0.69,10.45,,11.6,8.27,买入,,10.03
601985.SH,中国核电,20230831,中国核电：核电稳健、风光高增，上半年业绩亮眼,一般,一般报告,广发证券,"郭鹏,姜涛,郝兆升",2024Q4,7899600.0,,2365800.0,1135300.0,0.6,11.96,,11.0,8.44,买入,,10.03
601985.SH,中国核电,20230831,中国核电：核电稳健、风光高增，上半年业绩亮眼,一般,一般报告,广发证券,"郭鹏,姜涛,郝兆升",2023Q4,7417900.0,,2220700.0,1050600.0,0.56,12.93,,11.0,8.33,买入,,10.03
601633.SH,长城汽车,20230831,长城汽车2023半年报点评：Q2业绩符合预期，出口盈利领先！,点评,一般报告,东吴证券,"黄细里,杨惠冰",2025Q4,34014300.0,,1246800.0,1123300.0,1.32,17.7,,12.71,,买入,,
601633.SH,长城汽车,20230831,长城汽车2023半年报点评：Q2业绩符合预期，出口盈利领先！,点评,一般报告,东吴证券,"黄细里,杨惠冰",2024Q4,27229700.0,,888400.0,800400.0,0.94,24.84,,10.37,,买入,,
601633.SH,长城汽车,20230831,长城汽车2023半年报点评：Q2业绩符合预期，出口盈利领先！,点评,一般报告,东吴证券,"黄细里,杨惠冰",2023Q4,19281100.0,,455000.0,428100.0,0.5,46.43,,6.19,,买入,,
601618.SH,中国中冶,20230831,中国中冶：营收业绩增速亮眼，海外经营显著恢复,点评,一般报告,国盛证券,"何亚轩,程龙戈,李枫婷",2025Q4,88538100.0,,2981900.0,1579700.0,0.76,4.8,,10.5,3.7,买入,,
601618.SH,中国中冶,20230831,中国中冶：营收业绩增速亮眼，海外经营显著恢复,点评,一般报告,国盛证券,"何亚轩,程龙戈,李枫婷",2024Q4,78402600.0,,2574000.0,1396600.0,0.67,5.4,,10.2,4.4,买入,,
601618.SH,中国中冶,20230831,中国中冶：营收业绩增速亮眼，海外经营显著恢复,点评,一般报告,国盛证券,"何亚轩,程龙戈,李枫婷",2023Q4,68174300.0,,2157400.0,1213500.0,0.59,6.2,,9.6,5.3,买入,,
601615.SH,明阳智能,20230831,明阳智能：二季度盈利环比明显改善，下半年交付节奏有望加快,点评,一般报告,平安证券,皮秀,2025Q4,5805600.0,,842000.0,731300.0,3.22,4.6,,17.3,1.8,推荐,,
601615.SH,明阳智能,20230831,明阳智能：二季度盈利环比明显改善，下半年交付节奏有望加快,点评,一般报告,平安证券,皮秀,2024Q4,4846700.0,,637200.0,553500.0,2.44,6.1,,15.3,3.1,推荐,,
601615.SH,明阳智能,20230831,明阳智能：二季度盈利环比明显改善，下半年交付节奏有望加快,点评,一般报告,平安证券,皮秀,2023Q4,3751000.0,,467100.0,405700.0,1.79,8.4,,12.9,4.6,推荐,,
601319.SH,中国人保,20230831,中国人保：财险业务品质优良，寿险价值同比高增,点评,一般报告,兴业证券,"孙寅,徐一洲,唐亮亮",2025Q4,79800700.0,,7478700.0,4508500.0,1.02,,,14.47,,增持,,
600958.SH,东方证券,20230831,东方证券2023H1点评：投资业务驱动净利润高增，减值计提构成一定拖累,点评,一般报告,开源证券,"高超,卢崑",2023Q4,2023000.0,,490400.0,424500.0,0.5,19.9,,5.4,69.8,买入,,
600958.SH,东方证券,20230831,东方证券2023年中报点评：自营驱动业绩高增，财富管理弹性可期,点评,一般报告,兴业证券,"徐一洲,孙寅,李思倩",2025Q4,2341200.0,,659200.0,580200.0,0.68,14.85,,,,增持,,
600958.SH,东方证券,20230831,东方证券2023年中报点评：自营驱动业绩高增，财富管理弹性可期,点评,一般报告,兴业证券,"徐一洲,孙寅,李思倩",2024Q4,2171200.0,,563500.0,495900.0,0.58,17.37,,,,增持,,
600958.SH,东方证券,20230831,东方证券2023年中报点评：自营驱动业绩高增，财富管理弹性可期,点评,一般报告,兴业证券,"徐一洲,孙寅,李思倩",2023Q4,2000100.0,,465200.0,409400.0,0.48,21.04,,,,增持,,
600426.SH,华鲁恒升,20230831,华鲁恒升点评报告：Q2业绩环比明显改善，新项目稳步推进,点评,一般报告,浙商证券,"李辉,姚雯薏",2025Q4,4106500.0,,971500.0,763000.0,3.59,9.21,,17.55,5.25,买入,,
600426.SH,华鲁恒升,20230831,华鲁恒升点评报告：Q2业绩环比明显改善，新项目稳步推进,点评,一般报告,浙商证券,"李辉,姚雯薏",2024Q4,3641400.0,,751600.0,589400.0,2.78,11.92,,16.45,6.96,买入,,
600426.SH,华鲁恒升,20230831,华鲁恒升点评报告：Q2业绩环比明显改善，新项目稳步推进,点评,一般报告,浙商证券,"李辉,姚雯薏",2023Q4,3090700.0,,562600.0,467900.0,2.2,15.02,,15.63,9.24,买入,,
600098.SH,广州发展,20230831,广州发展：量价本共振下火电盈利，看好H2利润持续释放,点评,一般报告,兴业证券,"蔡屹,朱理显",2025Q4,5869900.0,,449700.0,302700.0,0.85,7.1,,11.5,,增持,,
600098.SH,广州发展,20230831,广州发展：量价本共振下火电盈利，看好H2利润持续释放,点评,一般报告,兴业证券,"蔡屹,朱理显",2024Q4,5607100.0,,424200.0,285600.0,0.81,7.5,,10.8,,增持,,
002601.SZ,龙佰集团,20230831,龙佰集团：钛白粉有望触底回暖，强化钛全产业链优势,点评,首次关注,华金证券,张仲杰,2025Q4,3502900.0,1039300.0,569900.0,478800.0,2.0,9.0,,14.0,5.0,增持,,
002601.SZ,龙佰集团,20230831,龙佰集团：钛白粉有望触底回暖，强化钛全产业链优势,点评,首次关注,华金证券,张仲杰,2024Q4,3132100.0,901100.0,464800.0,387900.0,1.62,11.2,,13.2,6.4,增持,,
002601.SZ,龙佰集团,20230831,龙佰集团：钛白粉有望触底回暖，强化钛全产业链优势,点评,首次关注,华金证券,张仲杰,2023Q4,2689000.0,712400.0,316300.0,265500.0,1.11,16.3,,10.4,8.8,增持,,
600048.SH,保利发展,20230831,保利发展2023年半年报点评：业绩稳步增长，行业龙头地位稳固，加大拓展力度,一般,一般报告,兴业证券,"靳璐瑜,洪波",2023Q4,31428600.0,,3965900.0,1982300.0,1.66,8.9,,9.2,,买入,,
301018.SZ,申菱环境,20230831,申菱环境：旧厂房拆除影响短期业绩，新能源业务批量交付,一般,一般报告,国信证券,"马成龙,钱嘉隆",2025Q4,503400.0,,43500.0,39900.0,1.5,18.3,2.4,18.4,17.2,买入,,
301018.SZ,申菱环境,20230831,申菱环境：旧厂房拆除影响短期业绩，新能源业务批量交付,一般,一般报告,国信证券,"马成龙,钱嘉隆",2024Q4,410000.0,,34300.0,31500.0,1.18,23.2,1.9,16.4,19.6,买入,,
301018.SZ,申菱环境,20230831,申菱环境：旧厂房拆除影响短期业绩，新能源业务批量交付,一般,一般报告,国信证券,"马成龙,钱嘉隆",2023Q4,325000.0,,26000.0,23900.0,0.9,30.6,1.4,13.8,23.3,买入,,
300498.SZ,温氏股份,20230831,温氏股份：猪鸡成本均降，下半年业绩有望进一步改善,点评,一般报告,中邮证券,王琦,2025Q4,12399300.0,,901500.0,849956.0,1.28,13.25,,15.4,8.53,买入,,
300498.SZ,温氏股份,20230831,温氏股份：猪鸡成本均降，下半年业绩有望进一步改善,点评,一般报告,中邮证券,王琦,2024Q4,11195800.0,,731800.0,697057.0,1.05,16.16,,14.9,10.39,买入,,
300498.SZ,温氏股份,20230831,温氏股份：猪鸡成本均降，下半年业绩有望进一步改善,点评,一般报告,中邮证券,王琦,2023Q4,9122500.0,,115100.0,105149.0,0.16,107.13,,2.6,20.9,买入,,
300498.SZ,温氏股份,20230831,温氏股份公司点评报告：降本增效成果显著，经营情况环比改善,点评,一般报告,方正证券,"王泽华,邱星皓",2025Q4,12383400.0,,1446000.0,1387800.0,2.09,7.98,,20.88,6.09,推荐,,
300498.SZ,温氏股份,20230831,温氏股份公司点评报告：降本增效成果显著，经营情况环比改善,点评,一般报告,方正证券,"王泽华,邱星皓",2024Q4,11469600.0,,1259800.0,1169600.0,1.76,9.47,,22.25,7.45,推荐,,
300498.SZ,温氏股份,20230831,温氏股份公司点评报告：降本增效成果显著，经营情况环比改善,点评,一般报告,方正证券,"王泽华,邱星皓",2023Q4,9266700.0,,227900.0,210000.0,0.32,52.73,,5.14,19.52,推荐,,
603612.SH,索通发展,20230831,索通发展2023年半年报点评：存货减值大幅拖累业绩，下半年盈利有望逐步修复,点评,一般报告,光大证券,"王招华,方驭涛",2025Q4,2914900.0,,198600.0,106300.0,1.97,8.0,3.0,13.54,9.6,增持,,
603612.SH,索通发展,20230831,索通发展2023年半年报点评：存货减值大幅拖累业绩，下半年盈利有望逐步修复,点评,一般报告,光大证券,"王招华,方驭涛",2024Q4,2256300.0,,139400.0,84000.0,1.55,10.0,2.1,12.04,10.7,增持,,
603612.SH,索通发展,20230831,索通发展2023年半年报点评：存货减值大幅拖累业绩，下半年盈利有望逐步修复,点评,一般报告,光大证券,"王招华,方驭涛",2023Q4,1804700.0,,43200.0,24900.0,0.46,35.0,0.6,4.03,11.3,增持,,
603100.SH,川仪股份,20230831,川仪股份：上半年收入同比增长18％，石油化工与新能源业务快速增长,点评,一般报告,国信证券,"吴双,田丰",2025Q4,1044200.0,,105600.0,94800.0,2.4,13.4,2.7,19.1,17.8,增持,,
603100.SH,川仪股份,20230831,川仪股份：上半年收入同比增长18％，石油化工与新能源业务快速增长,点评,一般报告,国信证券,"吴双,田丰",2024Q4,897900.0,,87200.0,78100.0,1.98,16.3,2.1,17.9,20.7,增持,,
603100.SH,川仪股份,20230831,川仪股份：上半年收入同比增长18％，石油化工与新能源业务快速增长,点评,一般报告,国信证券,"吴双,田丰",2023Q4,760500.0,,72800.0,64900.0,1.64,19.7,1.6,16.9,24.3,增持,,
301018.SZ,申菱环境,20230831,申菱环境：新能源业务强势增长，特种板块营收受季节性波动影响,点评,一般报告,天风证券,孙谦,2025Q4,466336.0,,38657.0,34492.0,1.3,21.18,,11.72,13.27,增持,,
301018.SZ,申菱环境,20230831,申菱环境：新能源业务强势增长，特种板块营收受季节性波动影响,点评,一般报告,天风证券,孙谦,2024Q4,370341.0,,30099.0,26789.0,1.01,27.27,,9.87,16.09,增持,,
301018.SZ,申菱环境,20230831,申菱环境：新能源业务强势增长，特种板块营收受季节性波动影响,点评,一般报告,天风证券,孙谦,2023Q4,289354.0,,23448.0,20803.0,0.78,35.12,,8.16,18.09,增持,,
300438.SZ,鹏辉能源,20230831,鹏辉能源：23H1储能持续增长，动力营收下滑阶段性承压,点评,首份报告,国联证券,"贺朝晖,梁丰铄",2025Q4,1828800.0,,172000.0,151700.0,3.29,10.9,,24.16,8.6,无,,
300438.SZ,鹏辉能源,20230831,鹏辉能源：23H1储能持续增长，动力营收下滑阶段性承压,点评,首份报告,国联证券,"贺朝晖,梁丰铄",2024Q4,1432700.0,,125500.0,110700.0,2.4,14.9,,21.22,11.4,无,,
300438.SZ,鹏辉能源,20230831,鹏辉能源：23H1储能持续增长，动力营收下滑阶段性承压,点评,首份报告,国联证券,"贺朝晖,梁丰铄",2023Q4,1102800.0,,79500.0,70200.0,1.52,23.5,,15.78,16.5,无,,
601966.SH,玲珑轮胎,20230831,玲珑轮胎2023年中报点评：困境反转，利好叠加,点评,一般报告,华创证券,"杨晖,郑轶",2025Q4,2987300.0,,356600.0,302900.0,2.06,11.0,,12.2,8.0,强推,,35.86
601966.SH,玲珑轮胎,20230831,玲珑轮胎2023年中报点评：困境反转，利好叠加,点评,一般报告,华创证券,"杨晖,郑轶",2024Q4,2645000.0,,267700.0,240800.0,1.63,14.0,,10.7,9.0,强推,,35.86
601966.SH,玲珑轮胎,20230831,玲珑轮胎2023年中报点评：困境反转，利好叠加,点评,一般报告,华创证券,"杨晖,郑轶",2023Q4,2241200.0,,145800.0,139900.0,0.95,24.0,,6.8,13.0,强推,,35.86
000425.SZ,徐工机械,20230831,徐工机械2023年中报点评：海外业务突破，盈利能力提升,点评,一般报告,民生证券,"李哲,罗松",2025Q4,12492500.0,,1164800.0,1002500.0,0.85,7.0,5.77,14.41,5.3,推荐,,
000425.SZ,徐工机械,20230831,徐工机械2023年中报点评：海外业务突破，盈利能力提升,点评,一般报告,民生证券,"李哲,罗松",2024Q4,10956600.0,,957700.0,826200.0,0.7,9.0,4.75,13.12,6.33,推荐,,
000425.SZ,徐工机械,20230831,徐工机械2023年中报点评：海外业务突破，盈利能力提升,点评,一般报告,民生证券,"李哲,罗松",2023Q4,9264600.0,,755300.0,667800.0,0.57,11.0,3.84,11.63,7.87,推荐,,
000065.SZ,北方国际,20230831,北方国际：国际工程见底回升，转型运营有序推进,点评,一般报告,财通证券,毕春晖,2025Q4,2527971.0,,149900.0,108303.0,1.08,13.36,0.0,10.3,6.5,增持,,
000065.SZ,北方国际,20230831,北方国际：国际工程见底回升，转型运营有序推进,点评,一般报告,财通证券,毕春晖,2024Q4,2263969.0,,129826.0,93799.0,0.94,15.42,0.0,9.94,8.0,增持,,
000065.SZ,北方国际,20230831,北方国际：国际工程见底回升，转型运营有序推进,点评,一般报告,财通证券,毕春晖,2023Q4,1919816.0,,111591.0,80624.0,0.8,17.94,0.0,9.49,9.5,增持,,
688676.SH,金盘科技,20230831,金盘科技：海外变压器需求抬头，全球干变龙头依托主业走强,点评,一般报告,国盛证券,杨润思,2025Q4,1606500.0,,136300.0,128900.0,3.02,10.9,,24.4,7.0,增持,,
688676.SH,金盘科技,20230831,金盘科技：海外变压器需求抬头，全球干变龙头依托主业走强,点评,一般报告,国盛证券,杨润思,2024Q4,1205100.0,,92700.0,86600.0,2.03,16.3,,21.2,12.6,增持,,
688676.SH,金盘科技,20230831,金盘科技：海外变压器需求抬头，全球干变龙头依托主业走强,点评,一般报告,国盛证券,杨润思,2023Q4,801300.0,,56700.0,52500.0,1.23,26.9,,15.9,20.0,增持,,
002997.SZ,瑞鹄模具,20230831,瑞鹄模具：制造装备订单持续增长，汽车轻量化零部件加速布局,点评,首次关注,东北证券,"李恒光,何晓航",2025Q4,390500.0,,48100.0,45300.0,2.36,14.03,0.0,19.83,,买入,,
002997.SZ,瑞鹄模具,20230831,瑞鹄模具：制造装备订单持续增长，汽车轻量化零部件加速布局,点评,首次关注,东北证券,"李恒光,何晓航",2024Q4,301300.0,,36100.0,33600.0,1.75,18.9,0.0,18.36,,买入,,
002997.SZ,瑞鹄模具,20230831,瑞鹄模具：制造装备订单持续增长，汽车轻量化零部件加速布局,点评,首次关注,东北证券,"李恒光,何晓航",2023Q4,190100.0,,24400.0,22000.0,1.15,28.92,0.0,14.7,,买入,,
002135.SZ,东南网架,20230831,东南网架：业绩延续承压，期待后续迎来边际改善,点评,一般报告,天风证券,"鲍荣富,王涛,王雯,任嘉禹",2025Q4,1560298.0,,53666.0,41705.0,0.36,16.46,,5.82,5.28,买入,,
002135.SZ,东南网架,20230831,东南网架：业绩延续承压，期待后续迎来边际改善,点评,一般报告,天风证券,"鲍荣富,王涛,王雯,任嘉禹",2024Q4,1444358.0,,48691.0,38187.0,0.33,17.98,,5.6,6.76,买入,,
002135.SZ,东南网架,20230831,东南网架：业绩延续承压，期待后续迎来边际改善,点评,一般报告,天风证券,"鲍荣富,王涛,王雯,任嘉禹",2023Q4,1322608.0,,44754.0,35206.0,0.3,19.5,,5.42,8.39,买入,,
000651.SZ,格力电器,20230831,格力电器公司点评报告：2023Q2业绩端双位数提升，工业制品收入增速亮眼,点评,一般报告,方正证券,"孟昕,陈炯阳,赵梦菲",2025Q4,23939200.0,,3811200.0,3399300.0,6.04,5.93,,19.06,1.31,推荐,,
000651.SZ,格力电器,20230831,格力电器公司点评报告：2023Q2业绩端双位数提升，工业制品收入增速亮眼,点评,一般报告,方正证券,"孟昕,陈炯阳,赵梦菲",2024Q4,22355000.0,,3447900.0,3095500.0,5.5,6.51,,21.44,2.18,推荐,,
000651.SZ,格力电器,20230831,格力电器公司点评报告：2023Q2业绩端双位数提升，工业制品收入增速亮眼,点评,一般报告,方正证券,"孟昕,陈炯阳,赵梦菲",2023Q4,20631400.0,,3175500.0,2782800.0,4.94,7.24,,24.54,3.15,推荐,,
300674.SZ,宇信科技,20230831,宇信科技：经营效率提升，金融信创已成主要增长点,点评,一般报告,招商证券,"刘玉萍,孟林",2025Q4,782300.0,,72300.0,68300.0,0.96,19.2,,14.3,17.7,强烈推荐,,
300674.SZ,宇信科技,20230831,宇信科技：经营效率提升，金融信创已成主要增长点,点评,一般报告,招商证券,"刘玉萍,孟林",2024Q4,647800.0,,51900.0,49100.0,0.69,26.7,,11.4,24.4,强烈推荐,,
300674.SZ,宇信科技,20230831,宇信科技：经营效率提升，金融信创已成主要增长点,点评,一般报告,招商证券,"刘玉萍,孟林",2023Q4,527400.0,,40100.0,37900.0,0.53,34.5,,9.5,30.7,强烈推荐,,
300498.SZ,温氏股份,20230831,温氏股份：经营稳健稳步发展，畜禽低迷业绩暂承压,点评,一般报告,财通证券,余剑秋,2025Q4,12010184.0,,664426.0,605824.0,0.91,18.59,0.0,11.97,10.3,增持,,
300498.SZ,温氏股份,20230831,温氏股份：经营稳健稳步发展，畜禽低迷业绩暂承压,点评,一般报告,财通证券,余剑秋,2024Q4,11185972.0,,614018.0,559861.0,0.84,20.12,0.0,12.33,11.9,增持,,
300498.SZ,温氏股份,20230831,温氏股份：经营稳健稳步发展，畜禽低迷业绩暂承压,点评,一般报告,财通证券,余剑秋,2023Q4,9231951.0,,227212.0,207171.0,0.31,54.37,0.0,5.11,19.0,增持,,
600876.SH,凯盛新能,20230831,凯盛新能：Q2盈利底部回升，新产能稳步推进,点评,一般报告,国盛证券,沈猛,2025Q4,993500.0,,116100.0,101000.0,1.56,9.7,,16.1,7.0,买入,,
600876.SH,凯盛新能,20230831,凯盛新能：Q2盈利底部回升，新产能稳步推进,点评,一般报告,国盛证券,沈猛,2024Q4,795300.0,,80100.0,69700.0,1.08,14.1,,13.2,10.4,买入,,
600876.SH,凯盛新能,20230831,凯盛新能：Q2盈利底部回升，新产能稳步推进,点评,一般报告,国盛证券,沈猛,2023Q4,636800.0,,52200.0,45400.0,0.7,21.7,,9.9,13.6,买入,,
600760.SH,中航沈飞,20230831,中航沈飞：2023H1营收、归母净利润分别实现同比增长16.85％、33.46％,点评,一般报告,国盛证券,余平,2025Q4,6869600.0,,539800.0,476700.0,1.73,25.7,,20.7,16.7,买入,,
600760.SH,中航沈飞,20230831,中航沈飞：2023H1营收、归母净利润分别实现同比增长16.85％、33.46％,点评,一般报告,国盛证券,余平,2024Q4,5859000.0,,439100.0,387800.0,1.41,31.6,,20.3,19.5,买入,,
600760.SH,中航沈飞,20230831,中航沈飞：2023H1营收、归母净利润分别实现同比增长16.85％、33.46％,点评,一般报告,国盛证券,余平,2023Q4,4947000.0,,343700.0,303600.0,1.1,40.4,,18.9,30.2,买入,,
600754.SH,锦江酒店,20230831,锦江酒店2023年中报点评：境外亏损拖累业绩，境内整合效果显现,点评,一般报告,民生证券,"刘文正,饶临风",2025Q4,1931200.0,,351600.0,229400.0,2.14,18.0,3.16,11.31,8.33,推荐,,
600754.SH,锦江酒店,20230831,锦江酒店2023年中报点评：境外亏损拖累业绩，境内整合效果显现,点评,一般报告,民生证券,"刘文正,饶临风",2024Q4,1765200.0,,307500.0,200600.0,1.88,20.0,2.76,10.49,9.15,推荐,,
600754.SH,锦江酒店,20230831,锦江酒店2023年中报点评：境外亏损拖累业绩，境内整合效果显现,点评,一般报告,民生证券,"刘文正,饶临风",2023Q4,1527100.0,,214800.0,140100.0,1.31,29.0,1.93,7.82,10.56,推荐,,
600732.SH,爱旭股份,20230831,爱旭股份：海外订单遍地开花，ABC组件开辟第二增长极,点评,一般报告,东北证券,周颖,2025Q4,6725000.0,,641800.0,564800.0,3.09,7.21,0.0,24.37,,买入,,
600732.SH,爱旭股份,20230831,爱旭股份：海外订单遍地开花，ABC组件开辟第二增长极,点评,一般报告,东北证券,周颖,2024Q4,6097000.0,,525900.0,462800.0,2.53,8.8,0.0,26.41,,买入,,
600732.SH,爱旭股份,20230831,爱旭股份：海外订单遍地开花，ABC组件开辟第二增长极,点评,一般报告,东北证券,周颖,2023Q4,3767000.0,,365700.0,321800.0,1.76,12.66,0.0,24.95,,买入,,
600729.SH,重庆百货,20230831,重庆百货中报点评：混改红利如期释放，主业超预期恢复,点评,一般报告,浙商证券,宁浮洁,2025Q4,2325888.0,,201600.0,176867.0,4.35,7.67,,18.71,4.25,买入,,
600729.SH,重庆百货,20230831,重庆百货中报点评：混改红利如期释放，主业超预期恢复,点评,一般报告,浙商证券,宁浮洁,2024Q4,2229240.0,,182000.0,159709.0,3.93,8.49,,20.66,5.64,买入,,
600729.SH,重庆百货,20230831,重庆百货中报点评：混改红利如期释放，主业超预期恢复,点评,一般报告,浙商证券,宁浮洁,2023Q4,2117273.0,,163000.0,142462.0,3.5,9.52,,23.44,6.57,买入,,
600690.SH,海尔智家,20230831,海尔智家2023年半年报点评：业绩表现符合预期，空调业务高弹性增长,点评,首次评级,华创证券,"秦一超,樊翼辰",2025Q4,30365300.0,,2679500.0,2215800.0,2.35,10.0,,16.6,7.0,强推,,30.0
600690.SH,海尔智家,20230831,海尔智家2023年半年报点评：业绩表现符合预期，空调业务高弹性增长,点评,首次评级,华创证券,"秦一超,樊翼辰",2024Q4,28363900.0,,2348100.0,1941700.0,2.06,11.0,,16.4,8.0,强推,,30.0
600690.SH,海尔智家,20230831,海尔智家2023年半年报点评：业绩表现符合预期，空调业务高弹性增长,点评,首次评级,华创证券,"秦一超,樊翼辰",2023Q4,26363600.0,,2049200.0,1694600.0,1.8,13.0,,16.1,9.0,强推,,30.0
002572.SZ,索菲亚,20230831,索菲亚：整装渠道延续亮眼表现，23Q2盈利能力同比显著提升,点评,一般报告,山西证券,"王冯,孙萌",2024Q4,1389400.0,,270500.0,149600.0,1.64,11.6,,20.9,5.5,买入,,
002572.SZ,索菲亚,20230831,索菲亚：整装渠道延续亮眼表现，23Q2盈利能力同比显著提升,点评,一般报告,山西证券,"王冯,孙萌",2023Q4,1245500.0,,219200.0,133300.0,1.46,13.0,,21.1,6.9,买入,,
002572.SZ,索菲亚,20230831,索菲亚：客单值延续提升，利润表现优异,点评,一般报告,国盛证券,姜文镪,2025Q4,1538000.0,,231400.0,168700.0,1.85,10.4,,20.3,5.8,买入,,
002572.SZ,索菲亚,20230831,索菲亚：客单值延续提升，利润表现优异,点评,一般报告,国盛证券,姜文镪,2024Q4,1371900.0,,202400.0,149600.0,1.64,11.7,,20.6,6.8,买入,,
002572.SZ,索菲亚,20230831,索菲亚：客单值延续提升，利润表现优异,点评,一般报告,国盛证券,姜文镪,2023Q4,1217100.0,,173900.0,130200.0,1.43,13.4,,20.5,7.9,买入,,
002532.SZ,天山铝业,20230831,天山铝业：成本下降，公司业绩环比改善,点评,首份报告,信达证券,张航,2025Q4,4317100.0,,636300.0,526600.0,1.13,5.58,,14.5,3.71,无,,
002532.SZ,天山铝业,20230831,天山铝业：成本下降，公司业绩环比改善,点评,首份报告,信达证券,张航,2024Q4,3974600.0,,527900.0,436800.0,0.94,6.73,,14.1,4.42,无,,
002532.SZ,天山铝业,20230831,天山铝业：成本下降，公司业绩环比改善,点评,首份报告,信达证券,张航,2023Q4,3543400.0,,459800.0,380500.0,0.82,7.73,,14.3,4.53,无,,
002517.SZ,恺英网络,20230831,恺英网络2023年中报点评：《石器时代》定档10月，新产品周期开启,点评,一般报告,东方财富证券,"高博文,陈子怡",2025Q4,670814.0,,327952.0,221368.0,1.03,13.92,,22.64,7.0,增持,,
002517.SZ,恺英网络,20230831,恺英网络2023年中报点评：《石器时代》定档10月，新产品周期开启,点评,一般报告,东方财富证券,"高博文,陈子怡",2024Q4,570558.0,,271493.0,183258.0,0.85,16.82,,24.22,9.39,增持,,
002517.SZ,恺英网络,20230831,恺英网络2023年中报点评：《石器时代》定档10月，新产品周期开启,点评,一般报告,东方财富证券,"高博文,陈子怡",2023Q4,481497.0,,223640.0,150957.0,0.7,20.42,,26.33,12.24,增持,,
002460.SZ,赣锋锂业,20230831,赣锋锂业：锂价下行公司业绩承压，电池业务稳步增长,点评,一般报告,信达证券,张航,2025Q4,5415200.0,,1535100.0,1315500.0,6.52,7.4,,18.3,6.72,买入,,
002460.SZ,赣锋锂业,20230831,赣锋锂业：锂价下行公司业绩承压，电池业务稳步增长,点评,一般报告,信达证券,张航,2024Q4,4517000.0,,1301400.0,1115300.0,5.53,8.73,,18.4,8.43,买入,,
002460.SZ,赣锋锂业,20230831,赣锋锂业：锂价下行公司业绩承压，电池业务稳步增长,点评,一般报告,信达证券,张航,2023Q4,3759600.0,,1147000.0,983000.0,4.87,9.91,,19.1,9.94,买入,,
002409.SZ,雅克科技,20230831,雅克科技：业绩稳增，半导体、LNG业务驱动增长,一般,首次评级,西南证券,"黄寅斌,徐一丹",2025Q4,807300.0,,189000.0,169500.0,3.56,17.02,0.83,15.17,12.74,买入,,80.64
002409.SZ,雅克科技,20230831,雅克科技：业绩稳增，半导体、LNG业务驱动增长,一般,首次评级,西南证券,"黄寅斌,徐一丹",2024Q4,672800.0,,148900.0,119800.0,2.52,24.08,0.52,12.62,16.39,买入,,80.64
002409.SZ,雅克科技,20230831,雅克科技：业绩稳增，半导体、LNG业务驱动增长,一般,首次评级,西南证券,"黄寅斌,徐一丹",2023Q4,536700.0,,93500.0,75300.0,1.58,38.29,0.36,8.89,24.86,买入,,80.64
002368.SZ,太极股份,20230831,太极股份：扣非净利润高增，受益于信创与数据要素提速发展,点评,一般报告,招商证券,刘玉萍,2025Q4,1948800.0,,98200.0,85200.0,1.37,26.8,,15.5,28.8,强烈推荐,,
002368.SZ,太极股份,20230831,太极股份：扣非净利润高增，受益于信创与数据要素提速发展,点评,一般报告,招商证券,刘玉萍,2024Q4,1616800.0,,78100.0,67800.0,1.09,33.7,,13.8,33.7,强烈推荐,,
600690.SH,海尔智家,20230831,海尔智家公司点评报告：2023Q2业绩保持双位数增长，空调业务发展势头良好,点评,一般报告,方正证券,"孟昕,陈炯阳,赵梦菲",2025Q4,30885600.0,,2714100.0,2219300.0,2.35,9.97,,14.9,4.35,推荐,,
600690.SH,海尔智家,20230831,海尔智家公司点评报告：2023Q2业绩保持双位数增长，空调业务发展势头良好,点评,一般报告,方正证券,"孟昕,陈炯阳,赵梦菲",2024Q4,28642900.0,,2389600.0,1956100.0,2.07,11.31,,15.48,5.6,推荐,,
600690.SH,海尔智家,20230831,海尔智家公司点评报告：2023Q2业绩保持双位数增长，空调业务发展势头良好,点评,一般报告,方正证券,"孟昕,陈炯阳,赵梦菲",2023Q4,26508900.0,,2113700.0,1702500.0,1.8,13.0,,16.02,6.99,推荐,,
600563.SH,法拉电子,20230831,法拉电子：短期下游去库压力，龙头竞争优势依然明显,点评,一般报告,长江证券,"杨洋,谢尔曼",2025Q4,671200.0,220400.0,176100.0,152000.0,6.76,17.12,,19.1,9.92,买入,,
600563.SH,法拉电子,20230831,法拉电子：短期下游去库压力，龙头竞争优势依然明显,点评,一般报告,长江证券,"杨洋,谢尔曼",2024Q4,561700.0,187200.0,146600.0,126500.0,5.62,20.59,,19.6,12.47,买入,,
600563.SH,法拉电子,20230831,法拉电子：短期下游去库压力，龙头竞争优势依然明显,点评,一般报告,长江证券,"杨洋,谢尔曼",2023Q4,468300.0,159800.0,128300.0,110400.0,4.91,23.58,,21.3,15.57,买入,,
600458.SH,时代新材,20230831,时代新材深度研究报告：高端新材料平台，铸造风电叶片龙头及减振材料“小巨人”,深度,首次评级,华创证券,"黄麟,吴含",2025Q4,2506800.0,,123600.0,93900.0,1.14,9.0,,13.0,6.0,推荐,,12.0
600458.SH,时代新材,20230831,时代新材深度研究报告：高端新材料平台，铸造风电叶片龙头及减振材料“小巨人”,深度,首次评级,华创证券,"黄麟,吴含",2024Q4,2150600.0,,94900.0,72100.0,0.87,12.0,,11.1,8.0,推荐,,12.0
600458.SH,时代新材,20230831,时代新材深度研究报告：高端新材料平台，铸造风电叶片龙头及减振材料“小巨人”,深度,首次评级,华创证券,"黄麟,吴含",2023Q4,1839300.0,,66300.0,50400.0,0.61,18.0,,8.5,10.0,推荐,,12.0
600298.SH,安琪酵母,20230831,安琪酵母：主业经营稳健，期待利润改善,点评,一般报告,东兴证券,"孟斯硕,王洁婷",2025Q4,1893304.0,,268600.0,225338.0,2.59,12.84,,16.98,7.31,推荐,,
600298.SH,安琪酵母,20230831,安琪酵母：主业经营稳健，期待利润改善,点评,一般报告,东兴证券,"孟斯硕,王洁婷",2024Q4,1646747.0,,218800.0,184362.0,2.12,15.69,,15.46,8.83,推荐,,
600298.SH,安琪酵母,20230831,安琪酵母：主业经营稳健，期待利润改善,点评,一般报告,东兴证券,"孟斯硕,王洁婷",2023Q4,1444447.0,,172400.0,145878.0,1.68,19.83,,13.48,10.98,推荐,,
600150.SH,中国船舶,20230831,中国船舶：业绩与预告一致，低价订单确认尾声，重申买入评级,点评,一般报告,申万宏源证券,闫海,2025Q4,8327500.0,1561600.0,1159900.0,908400.0,2.03,14.0,,13.9,,买入,,
600150.SH,中国船舶,20230831,中国船舶：业绩与预告一致，低价订单确认尾声，重申买入评级,点评,一般报告,申万宏源证券,闫海,2024Q4,7965100.0,1377700.0,878900.0,688700.0,1.54,19.0,,12.3,,买入,,
600150.SH,中国船舶,20230831,中国船舶：业绩与预告一致，低价订单确认尾声，重申买入评级,点评,一般报告,申万宏源证券,闫海,2023Q4,7307200.0,1001500.0,420000.0,329800.0,0.74,39.0,,6.7,,买入,,
600141.SH,兴发集团,20230831,兴发集团：上半年产品价格下跌明显，部分产品逐步企稳向好,点评,一般报告,招商证券,"周铮,曹承安",2025Q4,3452600.0,,418700.0,320600.0,2.88,7.0,,13.5,6.0,增持,,
600141.SH,兴发集团,20230831,兴发集团：上半年产品价格下跌明显，部分产品逐步企稳向好,点评,一般报告,招商证券,"周铮,曹承安",2024Q4,2997600.0,,297100.0,228200.0,2.05,9.9,,10.6,7.6,增持,,
600141.SH,兴发集团,20230831,兴发集团：上半年产品价格下跌明显，部分产品逐步企稳向好,点评,一般报告,招商证券,"周铮,曹承安",2023Q4,2707400.0,,177000.0,136900.0,1.23,16.5,,6.7,10.7,增持,,
600060.SH,海信视像,20230831,海信视像：2023Q2收入高增，长期格局优化看好份额持续提升——公司信息更新报告,点评,一般报告,开源证券,"吕明,周嘉乐,陆帅坤",2025Q4,6251400.0,,377500.0,292700.0,2.24,9.4,,12.3,5.0,买入,,
600060.SH,海信视像,20230831,海信视像：2023Q2收入高增，长期格局优化看好份额持续提升——公司信息更新报告,点评,一般报告,开源证券,"吕明,周嘉乐,陆帅坤",2024Q4,5736200.0,,337900.0,259800.0,1.99,10.6,,12.4,5.2,买入,,
600060.SH,海信视像,20230831,海信视像：2023Q2收入高增，长期格局优化看好份额持续提升——公司信息更新报告,点评,一般报告,开源证券,"吕明,周嘉乐,陆帅坤",2023Q4,5230700.0,,289600.0,225000.0,1.72,12.3,,12.3,6.9,买入,,
600060.SH,海信视像,20230831,海信视像23H1中报点评报告：全球彩电份额提升，利润表现符合预期,点评,一般报告,浙商证券,"闵繁皓,张云添",2025Q4,5832100.0,,384400.0,275000.0,2.1,9.97,,10.04,2.89,买入,,
600060.SH,海信视像,20230831,海信视像23H1中报点评报告：全球彩电份额提升，利润表现符合预期,点评,一般报告,浙商证券,"闵繁皓,张云添",2024Q4,5561500.0,,339100.0,242600.0,1.86,11.3,,10.04,3.87,买入,,
002368.SZ,太极股份,20230831,太极股份：扣非净利润高增，受益于信创与数据要素提速发展,点评,一般报告,招商证券,刘玉萍,2023Q4,1320800.0,,61600.0,53500.0,0.86,42.8,,12.0,38.0,强烈推荐,,
002032.SZ,苏泊尔,20230831,苏泊尔2023年半年报点评：Q2内外销收入恢复增长，费用结构优化,点评,首份报告,民生证券,"汪海洋,王刚",2025Q4,2540000.0,,337900.0,274600.0,3.4,14.0,3.58,29.52,10.33,推荐,,
002032.SZ,苏泊尔,20230831,苏泊尔2023年半年报点评：Q2内外销收入恢复增长，费用结构优化,点评,首份报告,民生证券,"汪海洋,王刚",2024Q4,2323600.0,,304600.0,247600.0,3.07,16.0,3.22,31.76,11.44,推荐,,
002032.SZ,苏泊尔,20230831,苏泊尔2023年半年报点评：Q2内外销收入恢复增长，费用结构优化,点评,首份报告,民生证券,"汪海洋,王刚",2023Q4,2127300.0,,272800.0,221800.0,2.75,17.0,2.89,34.5,12.86,推荐,,
002032.SZ,苏泊尔,20230831,苏泊尔：Q2内销增速修复，外销渐入佳境,点评,一般报告,兴业证券,"颜晓晴,苏子杰,王雨晴",2025Q4,2518200.0,,331000.0,269600.0,3.34,14.4,,27.1,,买入,,
002032.SZ,苏泊尔,20230831,苏泊尔：Q2内销增速修复，外销渐入佳境,点评,一般报告,兴业证券,"颜晓晴,苏子杰,王雨晴",2024Q4,2313900.0,,298200.0,242900.0,3.01,15.9,,29.6,,买入,,
002032.SZ,苏泊尔,20230831,苏泊尔：Q2内销增速修复，外销渐入佳境,点评,一般报告,兴业证券,"颜晓晴,苏子杰,王雨晴",2023Q4,2124300.0,,268100.0,219300.0,2.72,17.7,,32.6,,买入,,
000999.SZ,华润三九,20230831,华润三九2023年半年报点评：中报业绩符合预期，下半年有望稳健增长,点评,一般报告,西部证券,"吴天昊,丁健行",2025Q4,3669300.0,,499700.0,411300.0,4.16,11.3,,15.9,,买入,,
000999.SZ,华润三九,20230831,华润三九2023年半年报点评：中报业绩符合预期，下半年有望稳健增长,点评,一般报告,西部证券,"吴天昊,丁健行",2024Q4,3222400.0,,430300.0,356300.0,3.61,13.1,,16.2,,买入,,
000999.SZ,华润三九,20230831,华润三九2023年半年报点评：中报业绩符合预期，下半年有望稳健增长,点评,一般报告,西部证券,"吴天昊,丁健行",2023Q4,2824200.0,,374700.0,305400.0,3.09,15.3,,16.4,,买入,,
000799.SZ,酒鬼酒,20230831,酒鬼酒：营销改革初显成效，期待后续逐季改善,点评,一般报告,兴业证券,郭晓东,2025Q4,532700.0,,191700.0,143800.0,4.43,20.8,,22.8,,增持,,
000799.SZ,酒鬼酒,20230831,酒鬼酒：营销改革初显成效，期待后续逐季改善,点评,一般报告,兴业证券,郭晓东,2024Q4,430200.0,,152500.0,114400.0,3.52,26.1,,21.3,,增持,,
000799.SZ,酒鬼酒,20230831,酒鬼酒：营销改革初显成效，期待后续逐季改善,点评,一般报告,兴业证券,郭晓东,2023Q4,343500.0,,118400.0,88800.0,2.73,33.7,,19.2,,增持,,
000625.SZ,长安汽车,20230831,长安汽车：2Q23营收同比增长，汽车销量市占率明显提升,点评,一般报告,招商证券,"汪刘胜,杨献宇",2025Q4,21185700.0,,1298800.0,1313800.0,1.32,10.1,,15.4,9.2,强烈推荐,,
000625.SZ,长安汽车,20230831,长安汽车：2Q23营收同比增长，汽车销量市占率明显提升,点评,一般报告,招商证券,"汪刘胜,杨献宇",2024Q4,17751400.0,,1152700.0,1166100.0,1.18,11.4,,15.3,9.9,强烈推荐,,
000625.SZ,长安汽车,20230831,长安汽车：2Q23营收同比增长，汽车销量市占率明显提升,点评,一般报告,招商证券,"汪刘胜,杨献宇",2023Q4,14792800.0,,1043800.0,1055500.0,1.06,12.6,,15.7,10.5,强烈推荐,,
000553.SZ,安道麦A,20230831,安道麦A2023年半年度报告点评：植保产品量减价跌业绩承压，持续壮大差异化产品线,点评,一般报告,光大证券,"赵乃迪,周家诺",2025Q4,4613800.0,,160300.0,120200.0,0.52,15.0,0.7,4.77,8.0,买入,,
000553.SZ,安道麦A,20230831,安道麦A2023年半年度报告点评：植保产品量减价跌业绩承压，持续壮大差异化产品线,点评,一般报告,光大证券,"赵乃迪,周家诺",2024Q4,4044800.0,,102700.0,77000.0,0.33,24.0,0.4,3.2,8.6,买入,,
000553.SZ,安道麦A,20230831,安道麦A2023年半年度报告点评：植保产品量减价跌业绩承压，持续壮大差异化产品线,点评,一般报告,光大证券,"赵乃迪,周家诺",2023Q4,3423700.0,,40500.0,30400.0,0.13,60.0,0.2,1.3,9.0,买入,,
000338.SZ,潍柴动力,20230831,潍柴动力2023半年报点评：发动机市占率持续提升，Q2业绩符合预期,点评,一般报告,东吴证券,"黄细里,杨惠冰",2025Q4,25953500.0,,1561900.0,1075400.0,1.23,10.24,,10.82,,买入,,
000338.SZ,潍柴动力,20230831,潍柴动力2023半年报点评：发动机市占率持续提升，Q2业绩符合预期,点评,一般报告,东吴证券,"黄细里,杨惠冰",2024Q4,23449000.0,,1255200.0,873600.0,1.0,12.61,,9.85,,买入,,
000338.SZ,潍柴动力,20230831,潍柴动力2023半年报点评：发动机市占率持续提升，Q2业绩符合预期,点评,一般报告,东吴证券,"黄细里,杨惠冰",2023Q4,19809500.0,,981300.0,675600.0,0.77,16.3,,8.45,,买入,,
600060.SH,海信视像,20230831,海信视像23H1中报点评报告：全球彩电份额提升，利润表现符合预期,点评,一般报告,浙商证券,"闵繁皓,张云添",2023Q4,5175400.0,,296100.0,211900.0,1.62,12.93,,9.96,5.67,买入,,
600048.SH,保利发展,20230831,保利发展：营收利润同比双增，新增项目投资确定性强——公司信息更新报告,点评,一般报告,开源证券,齐东,2025Q4,39892400.0,,5989000.0,3252900.0,2.72,5.1,,10.7,9.4,买入,,
600048.SH,保利发展,20230831,保利发展：营收利润同比双增，新增项目投资确定性强——公司信息更新报告,点评,一般报告,开源证券,齐东,2024Q4,36270500.0,,5231700.0,2841600.0,2.37,5.9,,10.3,8.5,买入,,
600048.SH,保利发展,20230831,保利发展：营收利润同比双增，新增项目投资确定性强——公司信息更新报告,点评,一般报告,开源证券,齐东,2023Q4,32318100.0,,4377800.0,2373600.0,1.98,7.1,,9.4,9.9,买入,,
301219.SZ,腾远钴业,20230831,腾远钴业：提前布局锂电回收，待钴价回暖再创辉煌,点评,一般报告,华安证券,许勇其,2025Q4,955700.0,,250000.0,203600.0,6.91,5.26,,16.7,2.23,买入,,
301219.SZ,腾远钴业,20230831,腾远钴业：提前布局锂电回收，待钴价回暖再创辉煌,点评,一般报告,华安证券,许勇其,2024Q4,800200.0,,149500.0,122100.0,4.14,8.77,,12.0,4.32,买入,,
301219.SZ,腾远钴业,20230831,腾远钴业：提前布局锂电回收，待钴价回暖再创辉煌,点评,一般报告,华安证券,许勇其,2023Q4,687200.0,,79600.0,65500.0,2.22,16.35,,7.3,8.45,买入,,
301207.SZ,华兰疫苗,20230831,华兰疫苗公司事件点评报告：批签发延后致业绩下滑，看好下半年流感疫苗销售放量,点评,首次关注,华鑫证券,"吴景欢,胡博新",2025Q4,438400.0,,186500.0,158500.0,2.64,11.1,,18.4,,买入,,
301207.SZ,华兰疫苗,20230831,华兰疫苗公司事件点评报告：批签发延后致业绩下滑，看好下半年流感疫苗销售放量,点评,首次关注,华鑫证券,"吴景欢,胡博新",2024Q4,345300.0,,144400.0,122800.0,2.05,14.3,,16.8,,买入,,
301207.SZ,华兰疫苗,20230831,华兰疫苗公司事件点评报告：批签发延后致业绩下滑，看好下半年流感疫苗销售放量,点评,首次关注,华鑫证券,"吴景欢,胡博新",2023Q4,268500.0,,110900.0,94200.0,1.57,18.6,,15.0,,买入,,
301078.SZ,孩子王,20230831,孩子王2023年半年报点评：盈利环比改善，战略布局华北,点评,一般报告,华创证券,"王薇娜,杨澜",2025Q4,1216300.0,,54700.0,46600.0,0.42,24.0,,11.5,14.0,推荐,,
301078.SZ,孩子王,20230831,孩子王2023年半年报点评：盈利环比改善，战略布局华北,点评,一般报告,华创证券,"王薇娜,杨澜",2024Q4,1108900.0,,42900.0,36500.0,0.33,30.0,,10.2,17.0,推荐,,
301078.SZ,孩子王,20230831,孩子王2023年半年报点评：盈利环比改善，战略布局华北,点评,一般报告,华创证券,"王薇娜,杨澜",2023Q4,995000.0,,29600.0,25600.0,0.23,43.0,,8.0,20.0,推荐,,
301035.SZ,润丰股份,20230831,润丰股份2023年半年报点评：23Q2业绩环比改善，加速全球登记及一体化产业链布局,点评,一般报告,光大证券,"赵乃迪,周家诺,胡星月",2025Q4,1720600.0,,213200.0,170800.0,6.16,12.0,2.1,18.12,8.8,增持,,
301035.SZ,润丰股份,20230831,润丰股份2023年半年报点评：23Q2业绩环比改善，加速全球登记及一体化产业链布局,点评,一般报告,光大证券,"赵乃迪,周家诺,胡星月",2024Q4,1498000.0,,182600.0,145600.0,5.25,15.0,1.8,17.97,10.3,增持,,
301035.SZ,润丰股份,20230831,润丰股份2023年半年报点评：23Q2业绩环比改善，加速全球登记及一体化产业链布局,点评,一般报告,光大证券,"赵乃迪,周家诺,胡星月",2023Q4,1234200.0,,152400.0,123300.0,4.45,17.0,1.5,17.71,12.7,增持,,
301029.SZ,怡合达,20230831,怡合达2023年中报点评：业绩稳健增长，光伏占比提升,点评,一般报告,民生证券,"李哲,罗松",2025Q4,552500.0,,130700.0,114500.0,1.98,18.0,1.57,23.84,14.8,推荐,,
301029.SZ,怡合达,20230831,怡合达2023年中报点评：业绩稳健增长，光伏占比提升,点评,一般报告,民生证券,"李哲,罗松",2024Q4,434400.0,,102800.0,90100.0,1.56,23.0,1.24,23.01,18.66,推荐,,
301029.SZ,怡合达,20230831,怡合达2023年中报点评：业绩稳健增长，光伏占比提升,点评,一般报告,民生证券,"李哲,罗松",2023Q4,332800.0,,78900.0,69100.0,1.2,30.0,0.95,21.52,24.09,推荐,,
300850.SZ,新强联,20230831,新强联点评报告：盈利能力承压，期待新产品放量驱动业绩高增,点评,一般报告,浙商证券,"邱世梁,王华君,张菁",2025Q4,410600.0,,63800.0,60800.0,1.84,16.27,,12.0,11.71,买入,,
300850.SZ,新强联,20230831,新强联点评报告：盈利能力承压，期待新产品放量驱动业绩高增,点评,一般报告,浙商证券,"邱世梁,王华君,张菁",2024Q4,364800.0,,50200.0,47900.0,1.45,20.67,,10.59,14.88,买入,,
300850.SZ,新强联,20230831,新强联点评报告：盈利能力承压，期待新产品放量驱动业绩高增,点评,一般报告,浙商证券,"邱世梁,王华君,张菁",2023Q4,269900.0,,33500.0,31900.0,0.97,30.98,,7.76,19.5,买入,,
300832.SZ,新产业,20230831,新产业2023中报点评：Q2环比再加速，看好全年业绩,点评,一般报告,东吴证券,"朱国广,周新明,徐梓煜",2025Q4,639600.0,,307600.0,267900.0,3.41,16.05,,21.78,,买入,,
300832.SZ,新产业,20230831,新产业2023中报点评：Q2环比再加速，看好全年业绩,点评,一般报告,东吴证券,"朱国广,周新明,徐梓煜",2024Q4,507800.0,,244800.0,213700.0,2.72,20.13,,22.21,,买入,,
300832.SZ,新产业,20230831,新产业2023中报点评：Q2环比再加速，看好全年业绩,点评,一般报告,东吴证券,"朱国广,周新明,徐梓煜",2023Q4,398400.0,,188400.0,165300.0,2.1,26.02,,22.08,,买入,,
300783.SZ,三只松鼠,20230831,三只松鼠：“高端性价比”战略成效初显，全年业绩增长可期——中小盘信息更新,点评,一般报告,开源证券,"任浪,周佳,徐剑峰",2025Q4,922700.0,,52200.0,36000.0,0.9,23.8,,11.5,13.7,买入,,
000333.SZ,美的集团,20230831,美的集团：经营稳健，盈利提升,点评,一般报告,华西证券,"陈玉卢,喇睿萌",2025Q4,43758000.0,,4794700.0,4074100.0,5.8,9.74,,17.2,,增持,,
000333.SZ,美的集团,20230831,美的集团：经营稳健，盈利提升,点评,一般报告,华西证券,"陈玉卢,喇睿萌",2024Q4,41014600.0,,4403400.0,3745400.0,5.33,10.6,,19.0,,增持,,
000333.SZ,美的集团,20230831,美的集团：经营稳健，盈利提升,点评,一般报告,华西证券,"陈玉卢,喇睿萌",2023Q4,37929800.0,,3941500.0,3362500.0,4.79,11.8,,21.1,,增持,,
688396.SH,华润微,20230831,华润微中报点评报告：IGBT＆SiC增速明显，产能提升驱动长期发展,点评,首次评级,国海证券,"葛星甫,高力洋",2025Q4,1494100.0,,306900.0,290200.0,2.2,26.62,,11.0,17.04,买入,,
688396.SH,华润微,20230831,华润微中报点评报告：IGBT＆SiC增速明显，产能提升驱动长期发展,点评,首次评级,国海证券,"葛星甫,高力洋",2024Q4,1329700.0,,256900.0,241500.0,1.83,32.0,,10.0,20.34,买入,,
688396.SH,华润微,20230831,华润微中报点评报告：IGBT＆SiC增速明显，产能提升驱动长期发展,点评,首次评级,国海证券,"葛星甫,高力洋",2023Q4,1158400.0,,197200.0,184800.0,1.4,41.81,,8.0,25.49,买入,,
688363.SH,华熙生物,20230831,华熙生物：医美业务焕发新生机，看好护肤品业务顺利度过战略调整,点评,一般报告,申万宏源证券,王立平,2025Q4,1003400.0,760900.0,172900.0,143500.0,2.98,31.0,,14.1,,增持,,
688363.SH,华熙生物,20230831,华熙生物：医美业务焕发新生机，看好护肤品业务顺利度过战略调整,点评,一般报告,申万宏源证券,王立平,2024Q4,830100.0,630900.0,142500.0,118300.0,2.46,38.0,,13.5,,增持,,
688363.SH,华熙生物,20230831,华熙生物：医美业务焕发新生机，看好护肤品业务顺利度过战略调整,点评,一般报告,申万宏源证券,王立平,2023Q4,685000.0,521700.0,113900.0,94600.0,1.96,47.0,,12.5,,增持,,
605128.SH,上海沿浦,20230831,上海沿浦：23Q2盈利水平进一步好转，座椅骨架业务有望迎来爆发,点评,首次关注,中邮证券,白宇,2025Q4,341500.0,,30100.0,30114.0,3.76,11.13,,17.2,7.25,买入,,
605128.SH,上海沿浦,20230831,上海沿浦：23Q2盈利水平进一步好转，座椅骨架业务有望迎来爆发,点评,首次关注,中邮证券,白宇,2024Q4,276700.0,,21900.0,21388.0,2.67,15.67,,14.7,10.83,买入,,
300015.SZ,爱尔眼科,20230831,爱尔眼科：23H1业绩符合预期，稳步实施“1＋8＋N”战略布局,点评,一般报告,中信建投,"贺菊颖,王在存,刘慧彬",2025Q4,3163601.0,,,572260.0,0.61,30.0,,,,买入,,
300015.SZ,爱尔眼科,20230831,爱尔眼科：23H1业绩符合预期，稳步实施“1＋8＋N”战略布局,点评,一般报告,中信建投,"贺菊颖,王在存,刘慧彬",2024Q4,2585083.0,,,449608.0,0.48,38.0,,,,买入,,
300015.SZ,爱尔眼科,20230831,爱尔眼科：23H1业绩符合预期，稳步实施“1＋8＋N”战略布局,点评,一般报告,中信建投,"贺菊颖,王在存,刘慧彬",2023Q4,2103667.0,,,351985.0,0.38,49.0,,,,买入,,
300783.SZ,三只松鼠,20230831,三只松鼠：“高端性价比”战略成效初显，全年业绩增长可期——中小盘信息更新,点评,一般报告,开源证券,"任浪,周佳,徐剑峰",2024Q4,820400.0,,42400.0,29900.0,0.75,28.6,,10.6,17.3,买入,,
300783.SZ,三只松鼠,20230831,三只松鼠：“高端性价比”战略成效初显，全年业绩增长可期——中小盘信息更新,点评,一般报告,开源证券,"任浪,周佳,徐剑峰",2023Q4,718400.0,,34400.0,24700.0,0.62,34.7,,9.5,20.5,买入,,
300760.SZ,迈瑞医疗,20230831,迈瑞医疗2023年中报点评：三大业务营收稳健增长，全球化进程不断加速,点评,一般报告,光大证券,"林小伟,黎一江",2025Q4,5452500.0,,1946000.0,1725400.0,14.23,19.0,2.8,30.87,15.7,买入,,
300760.SZ,迈瑞医疗,20230831,迈瑞医疗2023年中报点评：三大业务营收稳健增长，全球化进程不断加速,点评,一般报告,光大证券,"林小伟,黎一江",2024Q4,4466700.0,,1590600.0,1410300.0,11.63,23.0,2.3,30.49,19.3,买入,,
300760.SZ,迈瑞医疗,20230831,迈瑞医疗2023年中报点评：三大业务营收稳健增长，全球化进程不断加速,点评,一般报告,光大证券,"林小伟,黎一江",2023Q4,3681700.0,,1317500.0,1168100.0,9.63,28.0,1.8,30.57,23.4,买入,,
603596.SH,伯特利,20230831,伯特利2023年半年报业绩点评：智能电控业务稳步增长，看好海外＋底盘全面战略布局,点评,一般报告,光大证券,倪昱婧,2025Q4,1133800.0,,158100.0,140700.0,3.42,22.0,0.9,19.04,16.2,买入,,
603596.SH,伯特利,20230831,伯特利2023年半年报业绩点评：智能电控业务稳步增长，看好海外＋底盘全面战略布局,点评,一般报告,光大证券,倪昱婧,2024Q4,971300.0,,125300.0,111600.0,2.71,28.0,0.7,18.36,20.0,买入,,
603596.SH,伯特利,20230831,伯特利2023年半年报业绩点评：智能电控业务稳步增长，看好海外＋底盘全面战略布局,点评,一般报告,光大证券,倪昱婧,2023Q4,753700.0,,99100.0,88600.0,2.15,35.0,0.6,17.75,25.8,买入,,
603136.SH,天目湖,20230831,天目湖公司点评报告：23H1归母净利润扭亏为盈，消暑活动助力Q3表现预计亮眼,点评,一般报告,方正证券,"李珍妮,王雪尼",2025Q4,96400.0,,40500.0,27400.0,1.47,16.06,,14.75,6.07,推荐,,
603136.SH,天目湖,20230831,天目湖公司点评报告：23H1归母净利润扭亏为盈，消暑活动助力Q3表现预计亮眼,点评,一般报告,方正证券,"李珍妮,王雪尼",2024Q4,83100.0,,33700.0,22700.0,1.22,19.35,,14.36,7.58,推荐,,
603136.SH,天目湖,20230831,天目湖公司点评报告：23H1归母净利润扭亏为盈，消暑活动助力Q3表现预计亮眼,点评,一般报告,方正证券,"李珍妮,王雪尼",2023Q4,67400.0,,25400.0,16800.0,0.9,26.09,,12.43,10.08,推荐,,
601995.SH,中金公司,20230831,中金公司：投行业务优势依旧显著,点评,一般报告,国联证券,"刘雨辰,曾广荣",2025Q4,3241800.0,,1218600.0,1009800.0,2.09,18.64,,,,买入,,49.49
601995.SH,中金公司,20230831,中金公司：投行业务优势依旧显著,点评,一般报告,国联证券,"刘雨辰,曾广荣",2024Q4,3033800.0,,1085600.0,899200.0,1.86,20.94,,,,买入,,49.49
601995.SH,中金公司,20230831,中金公司：投行业务优势依旧显著,点评,一般报告,国联证券,"刘雨辰,曾广荣",2023Q4,2826900.0,,947000.0,783400.0,1.62,24.03,,,,买入,,49.49
601985.SH,中国核电,20230831,中国核电2023年半年报点评：核电经营稳健，新能源表现亮眼,点评,一般报告,华创证券,庞天一,2025Q4,9301900.0,,2473900.0,1139000.0,0.6,12.0,,10.3,9.0,强推,,8.86
601985.SH,中国核电,20230831,中国核电2023年半年报点评：核电经营稳健，新能源表现亮眼,点评,一般报告,华创证券,庞天一,2024Q4,8574700.0,,2378700.0,1095100.0,0.58,12.0,,10.7,9.0,强推,,8.86
601985.SH,中国核电,20230831,中国核电2023年半年报点评：核电经营稳健，新能源表现亮眼,点评,一般报告,华创证券,庞天一,2023Q4,7801000.0,,2164200.0,996400.0,0.53,13.0,,10.4,10.0,强推,,8.86
601618.SH,中国中冶,20230831,中国中冶：经营业绩亮眼，海外拓展发力——2023年中报点评,点评,一般报告,中信建投,竺劲,2025Q4,83139454.0,,,1482961.0,0.72,5.11,,9.57,,买入,,5.33
601618.SH,中国中冶,20230831,中国中冶：经营业绩亮眼，海外拓展发力——2023年中报点评,点评,一般报告,中信建投,竺劲,2024Q4,74984308.0,,,1351032.0,0.65,5.61,,9.48,,买入,,5.33
601618.SH,中国中冶,20230831,中国中冶：经营业绩亮眼，海外拓展发力——2023年中报点评,点评,一般报告,中信建投,竺劲,2023Q4,67021369.0,,,1206581.0,0.58,6.29,,9.19,,买入,,5.33
601456.SH,国联证券,20230831,国联证券2023年中报点评：业绩高增长，重视长期股东回报,点评,一般报告,华创证券,"徐康,刘潇伟",2025Q4,592800.0,,216800.0,171300.0,0.61,18.3,,,,推荐,,13.6
601456.SH,国联证券,20230831,国联证券2023年中报点评：业绩高增长，重视长期股东回报,点评,一般报告,华创证券,"徐康,刘潇伟",2024Q4,487800.0,,169700.0,134100.0,0.47,23.3,,,,推荐,,13.6
601456.SH,国联证券,20230831,国联证券2023年中报点评：业绩高增长，重视长期股东回报,点评,一般报告,华创证券,"徐康,刘潇伟",2023Q4,393200.0,,146800.0,115900.0,0.41,27.0,,,,推荐,,13.6
601330.SH,绿色动力,20230831,绿色动力2023年中报点评：运营收入稳健增长，协同拓展＆外延并购提供增量,点评,一般报告,东吴证券,"袁理,陈孜文",2025Q4,535400.0,,132700.0,110900.0,0.8,8.96,,10.78,,买入,,
003032.SZ,传智教育,20230831,传智教育2023年中报点评：短期需求承压，静待景气复苏,点评,一般报告,长江证券,"赵刚,蔡奕娴",2025Q4,123200.0,75600.0,34400.0,31400.0,0.78,16.3,,14.6,9.2,买入,,
003032.SZ,传智教育,20230831,传智教育2023年中报点评：短期需求承压，静待景气复苏,点评,一般报告,长江证券,"赵刚,蔡奕娴",2024Q4,99300.0,60200.0,27300.0,25200.0,0.63,20.29,,13.8,12.04,买入,,
003032.SZ,传智教育,20230831,传智教育2023年中报点评：短期需求承压，静待景气复苏,点评,一般报告,长江证券,"赵刚,蔡奕娴",2023Q4,79800.0,45500.0,19500.0,18400.0,0.46,27.72,,11.7,17.57,买入,,
300223.SZ,北京君正,20230831,北京君正：23Q2收入水平环比改善，毛利保持稳定,点评,一般报告,银河证券,"高峰,王子路",2023Q4,512300.0,,64700.0,63800.0,1.33,55.4,,5.38,,推荐,,
605128.SH,上海沿浦,20230831,上海沿浦：23Q2盈利水平进一步好转，座椅骨架业务有望迎来爆发,点评,首次关注,中邮证券,白宇,2023Q4,178100.0,,12900.0,12089.0,1.51,27.73,,9.8,18.01,买入,,
603668.SH,天马科技,20230831,天马科技：价格低迷拖累盈利，员工持股彰显信心,点评,一般报告,招商证券,施腾,2025Q4,1125000.0,,98000.0,83800.0,1.92,8.2,,27.3,8.8,强烈推荐,,
603668.SH,天马科技,20230831,天马科技：价格低迷拖累盈利，员工持股彰显信心,点评,一般报告,招商证券,施腾,2024Q4,972000.0,,67300.0,58100.0,1.33,11.8,,23.5,11.3,强烈推荐,,
603668.SH,天马科技,20230831,天马科技：价格低迷拖累盈利，员工持股彰显信心,点评,一般报告,招商证券,施腾,2023Q4,765300.0,,20700.0,18500.0,0.42,37.0,,8.7,21.7,强烈推荐,,
603659.SH,璞泰来,20230831,璞泰来：负极放量盈利见底，隔膜涂覆稳中有升,点评,一般报告,华福证券,"邓伟,柴泽阳",2025Q4,3418300.0,,688700.0,593800.0,2.95,11.1,,20.1,65.0,买入,,41.83
603659.SH,璞泰来,20230831,璞泰来：负极放量盈利见底，隔膜涂覆稳中有升,点评,一般报告,华福证券,"邓伟,柴泽阳",2024Q4,2733000.0,,539400.0,463300.0,2.3,14.2,,19.8,82.0,买入,,41.83
603659.SH,璞泰来,20230831,璞泰来：负极放量盈利见底，隔膜涂覆稳中有升,点评,一般报告,华福证券,"邓伟,柴泽阳",2023Q4,1975300.0,,395100.0,337300.0,1.67,19.6,,18.3,108.0,买入,,41.83
603517.SH,绝味食品,20230831,绝味食品：成本利好已至，行稳致远,点评,一般报告,信达证券,马铮,2025Q4,1046400.0,,185600.0,140600.0,2.23,16.02,,15.9,10.51,买入,,
603517.SH,绝味食品,20230831,绝味食品：成本利好已至，行稳致远,点评,一般报告,信达证券,马铮,2024Q4,912200.0,,148000.0,112300.0,1.78,20.06,,14.1,12.72,买入,,
603517.SH,绝味食品,20230831,绝味食品：成本利好已至，行稳致远,点评,一般报告,信达证券,马铮,2023Q4,779300.0,,88100.0,68400.0,1.08,32.96,,9.4,19.01,买入,,
600400.SH,红豆股份,20230831,红豆股份2023年半年报点评：直营渠道规模扩大，毛利率水平有所提升,点评,一般报告,兴业证券,"赵树理,韩欣",2025Q4,408400.0,,20600.0,14700.0,0.0639,47.3,,4.5,,增持,,
600400.SH,红豆股份,20230831,红豆股份2023年半年报点评：直营渠道规模扩大，毛利率水平有所提升,点评,一般报告,兴业证券,"赵树理,韩欣",2024Q4,321600.0,,16300.0,11500.0,0.05,60.6,,3.7,,增持,,
600400.SH,红豆股份,20230831,红豆股份2023年半年报点评：直营渠道规模扩大，毛利率水平有所提升,点评,一般报告,兴业证券,"赵树理,韩欣",2023Q4,257000.0,,13000.0,9100.0,0.04,76.3,,3.0,,增持,,
601330.SH,绿色动力,20230831,绿色动力2023年中报点评：运营收入稳健增长，协同拓展＆外延并购提供增量,点评,一般报告,东吴证券,"袁理,陈孜文",2024Q4,508200.0,,117700.0,98300.0,0.71,10.11,,10.71,,买入,,
601330.SH,绿色动力,20230831,绿色动力2023年中报点评：运营收入稳健增长，协同拓展＆外延并购提供增量,点评,一般报告,东吴证券,"袁理,陈孜文",2023Q4,481800.0,,103600.0,86500.0,0.62,11.48,,10.56,,买入,,
601138.SH,工业富联,20230831,工业富联2023年中报点评：AI服务器带动作用开始兑现，中军地位稳固,点评,一般报告,东方财富证券,"邹杰,刘琦",2025Q4,82263555.0,,4418945.0,4050146.0,2.04,10.59,,21.19,7.73,买入,,33.03
601138.SH,工业富联,20230831,工业富联2023年中报点评：AI服务器带动作用开始兑现，中军地位稳固,点评,一般报告,东方财富证券,"邹杰,刘琦",2024Q4,71669882.0,,3763861.0,3449735.0,1.74,12.43,,20.61,9.31,买入,,33.03
601138.SH,工业富联,20230831,工业富联2023年中报点评：AI服务器带动作用开始兑现，中军地位稳固,点评,一般报告,东方财富证券,"邹杰,刘琦",2023Q4,59014212.0,,3044808.0,2790692.0,1.4,15.37,,19.1,11.95,买入,,33.03
300498.SZ,温氏股份,20230831,温氏股份：生猪出栏量同比增长47.2％，生产指标持续改善,点评,一般报告,华安证券,王莺,2025Q4,15095600.0,,2385700.0,2198400.0,3.31,5.04,,28.4,3.63,买入,,
300498.SZ,温氏股份,20230831,温氏股份：生猪出栏量同比增长47.2％，生产指标持续改善,点评,一般报告,华安证券,王莺,2024Q4,12867600.0,,1822900.0,1679800.0,2.53,6.59,,30.3,5.93,买入,,
300498.SZ,温氏股份,20230831,温氏股份：生猪出栏量同比增长47.2％，生产指标持续改善,点评,一般报告,华安证券,王莺,2023Q4,9706000.0,,79300.0,73100.0,0.11,151.5,,1.9,30.25,买入,,
300445.SZ,康斯特,20230831,康斯特：2023H1业绩符合预期，高端MEMS压力传感器已进入逐步使用阶段——公司信息更新报告,点评,一般报告,开源证券,"孟鹏飞,熊亚威,张健",2025Q4,96100.0,,21600.0,20400.0,0.96,17.0,,14.5,11.8,买入,,
300445.SZ,康斯特,20230831,康斯特：2023H1业绩符合预期，高端MEMS压力传感器已进入逐步使用阶段——公司信息更新报告,点评,一般报告,开源证券,"孟鹏飞,熊亚威,张健",2024Q4,70300.0,,15200.0,14400.0,0.68,24.0,,11.8,16.5,买入,,
300445.SZ,康斯特,20230831,康斯特：2023H1业绩符合预期，高端MEMS压力传感器已进入逐步使用阶段——公司信息更新报告,点评,一般报告,开源证券,"孟鹏飞,熊亚威,张健",2023Q4,52400.0,,10200.0,9600.0,0.45,36.0,,8.8,23.4,买入,,
300223.SZ,北京君正,20230831,北京君正：23Q2收入水平环比改善，毛利保持稳定,点评,一般报告,银河证券,"高峰,王子路",2025Q4,756500.0,,113600.0,112100.0,2.33,31.55,,8.01,,推荐,,
300223.SZ,北京君正,20230831,北京君正：23Q2收入水平环比改善，毛利保持稳定,点评,一般报告,银河证券,"高峰,王子路",2024Q4,685100.0,,101700.0,100300.0,2.08,35.24,,7.8,,推荐,,
603816.SH,顾家家居,20230831,顾家家居：内销增长靓丽，外贸订单复苏，Q2业绩表现靓丽,点评,一般报告,国盛证券,"姜文镪,张彤",2025Q4,2600500.0,,374600.0,292800.0,3.56,11.9,,22.4,7.6,买入,,
603816.SH,顾家家居,20230831,顾家家居：内销增长靓丽，外贸订单复苏，Q2业绩表现靓丽,点评,一般报告,国盛证券,"姜文镪,张彤",2024Q4,2294800.0,,328200.0,251700.0,3.06,13.85,,22.0,8.6,买入,,
603816.SH,顾家家居,20230831,顾家家居：内销增长靓丽，外贸订单复苏，Q2业绩表现靓丽,点评,一般报告,国盛证券,"姜文镪,张彤",2023Q4,1986400.0,,272900.0,209100.0,2.54,16.67,,20.9,10.8,买入,,
603757.SH,大元泵业,20230831,大元泵业：屏蔽泵高增，盈利能力稳步提升,点评,一般报告,华西证券,"陈玉卢,喇睿萌",2025Q4,295700.0,,59900.0,53200.0,3.19,8.23,,19.5,,增持,,
603757.SH,大元泵业,20230831,大元泵业：屏蔽泵高增，盈利能力稳步提升,点评,一般报告,华西证券,"陈玉卢,喇睿萌",2024Q4,249900.0,,48600.0,43200.0,2.59,10.12,,19.7,,增持,,
603757.SH,大元泵业,20230831,大元泵业：屏蔽泵高增，盈利能力稳步提升,点评,一般报告,华西证券,"陈玉卢,喇睿萌",2023Q4,207300.0,,38600.0,34100.0,2.05,12.83,,19.3,,增持,,
603719.SH,良品铺子,20230831,良品铺子：业绩承压，期待调整改善,点评,一般报告,信达证券,马铮,2025Q4,1289900.0,,77600.0,59100.0,1.47,15.46,,16.0,8.79,买入,,
600007.SH,中国国贸,20230831,中国国贸2023年中报点评：稳定贡献股息的类REITs优质标的,点评,一般报告,中信证券,"陈聪,张全国,刘河维",2025Q4,428300.0,,194800.0,145600.0,1.45,13.8,,13.3,9.0,买入,,26.0
600007.SH,中国国贸,20230831,中国国贸2023年中报点评：稳定贡献股息的类REITs优质标的,点评,一般报告,中信证券,"陈聪,张全国,刘河维",2024Q4,414500.0,,187000.0,139900.0,1.39,14.4,,13.5,9.3,买入,,26.0
600007.SH,中国国贸,20230831,中国国贸2023年中报点评：稳定贡献股息的类REITs优质标的,点评,一般报告,中信证券,"陈聪,张全国,刘河维",2023Q4,388800.0,,170300.0,127300.0,1.26,15.9,,13.1,10.0,买入,,26.0
301073.SZ,君亭酒店,20230831,君亭酒店：二季度经营指标达历史新高，直营店项目陆续落地,一般,一般报告,东北证券,"李慧,李昊臻",2025Q4,112700.0,,33800.0,22800.0,1.17,29.29,0.0,11.9,,买入,,
301073.SZ,君亭酒店,20230831,君亭酒店：二季度经营指标达历史新高，直营店项目陆续落地,一般,一般报告,东北证券,"李慧,李昊臻",2024Q4,86800.0,,22800.0,15400.0,0.79,43.46,0.0,9.11,,买入,,
301073.SZ,君亭酒店,20230831,君亭酒店：二季度经营指标达历史新高，直营店项目陆续落地,一般,一般报告,东北证券,"李慧,李昊臻",2023Q4,61600.0,,13200.0,8900.0,0.46,74.98,0.0,5.81,,买入,,
300848.SZ,美瑞新材,20230831,美瑞新材：业绩略超预期，产品价减量增，河南基地项目进展顺利，看好公司未来成长,点评,首份报告,申万宏源证券,"宋涛,周羽希,马昕晔",2025Q4,574300.0,135200.0,96500.0,64400.0,2.15,10.0,,29.4,,买入,,
300848.SZ,美瑞新材,20230831,美瑞新材：业绩略超预期，产品价减量增，河南基地项目进展顺利，看好公司未来成长,点评,首份报告,申万宏源证券,"宋涛,周羽希,马昕晔",2024Q4,343400.0,74500.0,50700.0,44300.0,1.48,14.0,,28.6,,买入,,
601633.SH,长城汽车,20230831,长城汽车2023年半年报业绩点评：单季度业绩环比改善，2H23E新车型周期蓄势待发,点评,一般报告,光大证券,"倪昱婧,孟祥庭",2025Q4,26640800.0,,1046900.0,973600.0,1.15,23.0,0.4,11.72,14.2,增持,,
601633.SH,长城汽车,20230831,长城汽车2023年半年报业绩点评：单季度业绩环比改善，2H23E新车型周期蓄势待发,点评,一般报告,光大证券,"倪昱婧,孟祥庭",2024Q4,24327800.0,,877000.0,815700.0,0.96,27.0,0.4,11.0,16.2,增持,,
601633.SH,长城汽车,20230831,长城汽车2023年半年报业绩点评：单季度业绩环比改善，2H23E新车型周期蓄势待发,点评,一般报告,光大证券,"倪昱婧,孟祥庭",2023Q4,17637200.0,,469800.0,436900.0,0.51,51.0,0.2,6.58,23.3,增持,,
601225.SH,陕西煤业,20230831,陕西煤业：利润较为稳定，注重煤炭业务发展可持续性,点评,一般报告,天风证券,"张樨樨,纪有容",2025Q4,16746854.0,,5000100.0,2751152.0,2.84,5.86,,20.64,1.55,买入,,
601225.SH,陕西煤业,20230831,陕西煤业：利润较为稳定，注重煤炭业务发展可持续性,点评,一般报告,天风证券,"张樨樨,纪有容",2024Q4,16089575.0,,4724661.0,2669472.0,2.75,6.04,,21.84,1.49,买入,,
601225.SH,陕西煤业,20230831,陕西煤业：利润较为稳定，注重煤炭业务发展可持续性,点评,一般报告,天风证券,"张樨樨,纪有容",2023Q4,15293035.0,,4504431.0,2559221.0,2.64,6.3,,23.17,2.22,买入,,
601225.SH,陕西煤业,20230831,陕西煤业：金融性资产波动较大，经营性业绩符合预期,点评,一般报告,国盛证券,张津铭,2025Q4,15030700.0,,4590700.0,2469700.0,2.55,6.6,,19.9,2.0,买入,,
601225.SH,陕西煤业,20230831,陕西煤业：金融性资产波动较大，经营性业绩符合预期,点评,一般报告,国盛证券,张津铭,2024Q4,14785900.0,,4462800.0,2416200.0,2.49,6.7,,21.5,2.1,买入,,
601225.SH,陕西煤业,20230831,陕西煤业：金融性资产波动较大，经营性业绩符合预期,点评,一般报告,国盛证券,张津铭,2023Q4,14110400.0,,4269500.0,2282200.0,2.35,7.1,,23.2,2.6,买入,,
600905.SH,三峡能源,20230831,三峡能源：会计准则变更带来成本端大幅增长，在建项目保持高位,点评,一般报告,兴业证券,"蔡屹,王禹萱,朱理显",2025Q4,4060700.0,,1634900.0,1289900.0,0.45,11.1,,12.4,,买入,,
600905.SH,三峡能源,20230831,三峡能源：会计准则变更带来成本端大幅增长，在建项目保持高位,点评,一般报告,兴业证券,"蔡屹,王禹萱,朱理显",2024Q4,3448200.0,,1423200.0,1122900.0,0.39,12.8,,12.1,,买入,,
600905.SH,三峡能源,20230831,三峡能源：会计准则变更带来成本端大幅增长，在建项目保持高位,点评,一般报告,兴业证券,"蔡屹,王禹萱,朱理显",2023Q4,2835800.0,,1098700.0,866900.0,0.3,16.5,,10.4,,买入,,
688153.SH,唯捷创芯,20230831,唯捷创芯2023年中报点评：业绩超预期，L－PAMiD有望带动单机价值量持续提升,点评,一般报告,东吴证券,"马天翼,周高鼎",2025Q4,448800.0,,63400.0,60200.0,1.44,51.22,,11.87,,买入,,
688153.SH,唯捷创芯,20230831,唯捷创芯2023年中报点评：业绩超预期，L－PAMiD有望带动单机价值量持续提升,点评,一般报告,东吴证券,"马天翼,周高鼎",2024Q4,363700.0,,46300.0,44000.0,1.05,70.19,,9.83,,买入,,
688153.SH,唯捷创芯,20230831,唯捷创芯2023年中报点评：业绩超预期，L－PAMiD有望带动单机价值量持续提升,点评,一般报告,东吴证券,"马天翼,周高鼎",2023Q4,286300.0,,23800.0,20200.0,0.48,152.62,,5.01,,买入,,
688041.SH,海光信息,20230831,海光信息2023年半年度报告点评：盈利能力持续提升，期待国产化及AI需求放量,点评,一般报告,西部证券,"邢开允,贺茂飞",2025Q4,1257400.0,,314700.0,232500.0,1.0,56.5,,11.0,,买入,,
002572.SZ,索菲亚,20230831,索菲亚2023半年报点评：Q2营收增速转正，盈利能力大幅提升,点评,一般报告,西部证券,李华丰,2024Q4,1238600.0,,184700.0,152300.0,1.67,11.4,,21.5,,增持,,
002572.SZ,索菲亚,20230831,索菲亚2023半年报点评：Q2营收增速转正，盈利能力大幅提升,点评,一般报告,西部证券,李华丰,2023Q4,1152700.0,,161100.0,132800.0,1.46,13.1,,21.4,,增持,,
002555.SZ,三七互娱,20230831,三七互娱：新品集中上线短期影响二季度利润率，游戏出海表现稳健,点评,一般报告,国盛证券,"顾晟,刘书含",2025Q4,2300000.0,,504900.0,442700.0,2.0,13.4,,20.6,9.2,买入,,
002555.SZ,三七互娱,20230831,三七互娱：新品集中上线短期影响二季度利润率，游戏出海表现稳健,点评,一般报告,国盛证券,"顾晟,刘书含",2024Q4,2088000.0,,444800.0,387900.0,1.75,15.3,,22.1,10.9,买入,,
002555.SZ,三七互娱,20230831,三七互娱：新品集中上线短期影响二季度利润率，游戏出海表现稳健,点评,一般报告,国盛证券,"顾晟,刘书含",2023Q4,1875000.0,,386200.0,330000.0,1.49,17.9,,23.4,12.9,买入,,
002472.SZ,双环传动,20230831,双环传动：商用车、减速器增速明显，加大与全球客户合作力度,点评,一般报告,东北证券,"李恒光,何晓航",2025Q4,1255000.0,,150400.0,140700.0,1.65,20.45,0.0,13.31,,买入,,
002472.SZ,双环传动,20230831,双环传动：商用车、减速器增速明显，加大与全球客户合作力度,点评,一般报告,东北证券,"李恒光,何晓航",2024Q4,1045000.0,,113400.0,105600.0,1.24,27.26,0.0,11.52,,买入,,
002472.SZ,双环传动,20230831,双环传动：商用车、减速器增速明显，加大与全球客户合作力度,点评,一般报告,东北证券,"李恒光,何晓航",2023Q4,859600.0,,86100.0,79800.0,0.94,36.09,0.0,9.83,,买入,,
002335.SZ,科华数据,20230831,科华数据：AI智慧电能为基，智算与光储双星闪耀,点评,一般报告,天风证券,"林竑皓,唐海清,王奕红,康志毅,孙潇雅",2025Q4,1622700.0,,168504.0,144884.0,3.14,10.13,,20.78,5.28,买入,,
002335.SZ,科华数据,20230831,科华数据：AI智慧电能为基，智算与光储双星闪耀,点评,一般报告,天风证券,"林竑皓,唐海清,王奕红,康志毅,孙潇雅",2024Q4,1220076.0,,122632.0,105443.0,2.28,13.92,,19.09,6.68,买入,,
002335.SZ,科华数据,20230831,科华数据：AI智慧电能为基，智算与光储双星闪耀,点评,一般报告,天风证券,"林竑皓,唐海清,王奕红,康志毅,孙潇雅",2023Q4,903760.0,,88416.0,76023.0,1.65,19.31,,17.01,10.07,买入,,
000799.SZ,酒鬼酒,20230831,酒鬼酒：控量稳价增速暂时承压，费用改革成效初显,点评,一般报告,东方证券,"叶书怀,蔡琪,周翰,姚晔",2025Q4,554800.0,,193900.0,145800.0,4.49,20.5,,23.4,13.5,买入,,98.0
000799.SZ,酒鬼酒,20230831,酒鬼酒：控量稳价增速暂时承压，费用改革成效初显,点评,一般报告,东方证券,"叶书怀,蔡琪,周翰,姚晔",2024Q4,463500.0,,159200.0,119700.0,3.68,25.0,,22.0,16.5,买入,,98.0
300848.SZ,美瑞新材,20230831,美瑞新材：业绩略超预期，产品价减量增，河南基地项目进展顺利，看好公司未来成长,点评,首份报告,申万宏源证券,"宋涛,周羽希,马昕晔",2023Q4,181600.0,27400.0,15000.0,13100.0,0.44,48.0,,11.9,,买入,,
000799.SZ,酒鬼酒,20230831,酒鬼酒：控量稳价增速暂时承压，费用改革成效初显,点评,一般报告,东方证券,"叶书怀,蔡琪,周翰,姚晔",2023Q4,375600.0,,121000.0,91000.0,2.8,32.9,,19.7,21.6,买入,,98.0
000723.SZ,美锦能源,20230831,美锦能源：半年报业绩承压，关注黑色需求及氢能业务进展——公司半年报点评报告,点评,一般报告,开源证券,"张绪成,汤悦",2025Q4,2182000.0,,228500.0,159200.0,0.37,21.6,,8.4,9.0,增持,,
000723.SZ,美锦能源,20230831,美锦能源：半年报业绩承压，关注黑色需求及氢能业务进展——公司半年报点评报告,点评,一般报告,开源证券,"张绪成,汤悦",2024Q4,1899600.0,,209600.0,148900.0,0.34,23.1,,8.3,8.6,增持,,
000723.SZ,美锦能源,20230831,美锦能源：半年报业绩承压，关注黑色需求及氢能业务进展——公司半年报点评报告,点评,一般报告,开源证券,"张绪成,汤悦",2023Q4,1709700.0,,171600.0,117200.0,0.27,29.3,,7.3,11.4,增持,,
688041.SH,海光信息,20230831,海光信息2023年半年度报告点评：盈利能力持续提升，期待国产化及AI需求放量,点评,一般报告,西部证券,"邢开允,贺茂飞",2024Q4,970200.0,,238700.0,176400.0,0.76,74.5,,9.2,,买入,,
688041.SH,海光信息,20230831,海光信息2023年半年度报告点评：盈利能力持续提升，期待国产化及AI需求放量,点评,一般报告,西部证券,"邢开允,贺茂飞",2023Q4,682800.0,,174700.0,123900.0,0.53,106.1,,7.0,,买入,,
688480.SH,赛恩斯,20230831,赛恩斯2023年中报点评：收入确认具备季节性，合作紫金＆股权激励指引期待全年业务放量【勘误版】,点评,一般报告,东吴证券,"袁理,任逸轩",2025Q4,150800.0,,23800.0,20200.0,2.13,14.09,,15.2,,买入,,
688480.SH,赛恩斯,20230831,赛恩斯2023年中报点评：收入确认具备季节性，合作紫金＆股权激励指引期待全年业务放量【勘误版】,点评,一般报告,东吴证券,"袁理,任逸轩",2024Q4,111700.0,,17400.0,14800.0,1.56,19.22,,13.14,,买入,,
688480.SH,赛恩斯,20230831,赛恩斯2023年中报点评：收入确认具备季节性，合作紫金＆股权激励指引期待全年业务放量【勘误版】,点评,一般报告,东吴证券,"袁理,任逸轩",2023Q4,80500.0,,11100.0,9500.0,1.0,30.03,,9.69,,买入,,
688390.SH,固德威,20230831,固德威：Q2业绩良好，电池及EPC增长明显,点评,一般报告,长江证券,"邬博华,曹海花",2025Q4,2366600.0,600800.0,297800.0,266800.0,15.43,9.21,,32.0,4.02,买入,,
688390.SH,固德威,20230831,固德威：Q2业绩良好，电池及EPC增长明显,点评,一般报告,长江证券,"邬博华,曹海花",2024Q4,1569400.0,427100.0,225100.0,203200.0,11.75,12.1,,35.9,8.01,买入,,
688390.SH,固德威,20230831,固德威：Q2业绩良好，电池及EPC增长明显,点评,一般报告,长江证券,"邬博华,曹海花",2023Q4,965800.0,295100.0,178000.0,157000.0,9.08,15.66,,43.2,11.54,买入,,
688617.SH,惠泰医疗,20230831,惠泰医疗：2023年H1业绩超预期，各业务线均实现高增长,一般,一般报告,中信建投,"贺菊颖,王在存,朱琪璋",2025Q4,301275.0,,99425.0,91415.0,13.67,25.89,,,,买入,,
688617.SH,惠泰医疗,20230831,惠泰医疗：2023年H1业绩超预期，各业务线均实现高增长,一般,一般报告,中信建投,"贺菊颖,王在存,朱琪璋",2024Q4,229527.0,,75082.0,69034.0,10.33,34.28,,,,买入,,
688617.SH,惠泰医疗,20230831,惠泰医疗：2023年H1业绩超预期，各业务线均实现高增长,一般,一般报告,中信建投,"贺菊颖,王在存,朱琪璋",2023Q4,169122.0,,55200.0,50753.0,7.59,46.63,,,,买入,,
688608.SH,恒玄科技,20230831,恒玄科技：二季度营收延续高增长，毛利率环比下滑,点评,一般报告,长江证券,"杨洋,蔡少东",2025Q4,288600.0,108200.0,41300.0,40900.0,3.41,36.75,,5.9,60.16,买入,,
688608.SH,恒玄科技,20230831,恒玄科技：二季度营收延续高增长，毛利率环比下滑,点评,一般报告,长江证券,"杨洋,蔡少东",2024Q4,240500.0,89000.0,32000.0,31600.0,2.63,47.59,,4.9,88.11,买入,,
688608.SH,恒玄科技,20230831,恒玄科技：二季度营收延续高增长，毛利率环比下滑,点评,一般报告,长江证券,"杨洋,蔡少东",2023Q4,200400.0,73000.0,20400.0,20200.0,1.68,74.38,,3.3,172.37,买入,,
002832.SZ,比音勒芬,20230831,比音勒芬：业绩突显高端品牌经营韧性，盈利能力持续提升——公司信息更新报告,一般,一般报告,开源证券,"吕明,周嘉乐",2025Q4,530200.0,,164700.0,140200.0,2.46,14.4,,19.7,9.7,买入,,
002832.SZ,比音勒芬,20230831,比音勒芬：业绩突显高端品牌经营韧性，盈利能力持续提升——公司信息更新报告,一般,一般报告,开源证券,"吕明,周嘉乐",2024Q4,442600.0,,137800.0,117300.0,2.06,17.2,,19.9,12.1,买入,,
002832.SZ,比音勒芬,20230831,比音勒芬：业绩突显高端品牌经营韧性，盈利能力持续提升——公司信息更新报告,一般,一般报告,开源证券,"吕明,周嘉乐",2023Q4,367400.0,,112000.0,95400.0,1.67,21.2,,19.4,14.6,买入,,
002831.SZ,裕同科技,20230831,裕同科技：需求持续复苏，盈利能力逐季修复,点评,一般报告,天风证券,"孙海洋,尉鹏洁",2025Q4,2283332.0,,246968.0,209251.0,2.25,10.73,,14.31,5.84,买入,,
002831.SZ,裕同科技,20230831,裕同科技：需求持续复苏，盈利能力逐季修复,点评,一般报告,天风证券,"孙海洋,尉鹏洁",2024Q4,1961804.0,,214597.0,181824.0,1.95,12.35,,14.0,7.0,买入,,
002831.SZ,裕同科技,20230831,裕同科技：需求持续复苏，盈利能力逐季修复,点评,一般报告,天风证券,"孙海洋,尉鹏洁",2023Q4,1693947.0,,185107.0,155956.0,1.68,14.4,,13.53,8.43,买入,,
002747.SZ,埃斯顿,20230831,埃斯顿：Q2业绩同比高增，工业机器人龙头成长空间广阔——中小盘信息更新,点评,一般报告,开源证券,任浪,2025Q4,851200.0,,73700.0,52500.0,0.6,38.9,,14.1,21.8,买入,,
002747.SZ,埃斯顿,20230831,埃斯顿：Q2业绩同比高增，工业机器人龙头成长空间广阔——中小盘信息更新,点评,一般报告,开源证券,任浪,2024Q4,648000.0,,49900.0,36500.0,0.42,56.0,,11.4,29.9,买入,,
002747.SZ,埃斯顿,20230831,埃斯顿：Q2业绩同比高增，工业机器人龙头成长空间广阔——中小盘信息更新,点评,一般报告,开源证券,任浪,2023Q4,498700.0,,36000.0,26400.0,0.3,77.5,,9.5,39.6,买入,,
002743.SZ,富煌钢构,20230831,富煌钢构：规模效应渐显，业绩稳步增长－－－半年报点评,点评,首次评级,东北证券,"王小勇,庄嘉骏,张凯",2025Q4,671400.0,,18500.0,17800.0,0.41,14.32,2.16,5.16,,买入,,
002743.SZ,富煌钢构,20230831,富煌钢构：规模效应渐显，业绩稳步增长－－－半年报点评,点评,首次评级,东北证券,"王小勇,庄嘉骏,张凯",2024Q4,603700.0,,15800.0,15200.0,0.35,16.74,1.77,4.57,,买入,,
002743.SZ,富煌钢构,20230831,富煌钢构：规模效应渐显，业绩稳步增长－－－半年报点评,点评,首次评级,东北证券,"王小勇,庄嘉骏,张凯",2023Q4,538700.0,,13600.0,13000.0,0.3,19.62,1.38,4.03,,买入,,
002624.SZ,完美世界,20230831,完美世界：新游上线储备增长动能，影视业务表现亮眼,点评,一般报告,国盛证券,"顾晟,刘书含",2025Q4,1109200.0,,183200.0,183000.0,0.94,14.8,,16.0,12.9,买入,,
002624.SZ,完美世界,20230831,完美世界：新游上线储备增长动能，影视业务表现亮眼,点评,一般报告,国盛证券,"顾晟,刘书含",2024Q4,1010800.0,,165900.0,161800.0,0.83,16.8,,15.2,14.5,买入,,
002624.SZ,完美世界,20230831,完美世界：新游上线储备增长动能，影视业务表现亮眼,点评,一般报告,国盛证券,"顾晟,刘书含",2023Q4,905400.0,,135700.0,138800.0,0.72,19.6,,13.9,18.0,买入,,
002612.SZ,朗姿股份,20230831,朗姿股份23中报点评：盈利水平显著改善，业绩大幅反弹,点评,一般报告,东吴证券,"李婕,赵艺原",2025Q4,627300.0,,68900.0,41000.0,0.93,24.03,,10.53,,增持,,
002612.SZ,朗姿股份,20230831,朗姿股份23中报点评：盈利水平显著改善，业绩大幅反弹,点评,一般报告,东吴证券,"李婕,赵艺原",2024Q4,535800.0,,57200.0,34000.0,0.77,28.93,,9.78,,增持,,
002612.SZ,朗姿股份,20230831,朗姿股份23中报点评：盈利水平显著改善，业绩大幅反弹,点评,一般报告,东吴证券,"李婕,赵艺原",2023Q4,454300.0,,45100.0,26800.0,0.61,36.74,,8.53,,增持,,
002605.SZ,姚记科技,20230831,姚记科技：Q2利润持续释放，AI主业多点赋能,点评,一般报告,兴业证券,"李阳,杨尚东",2025Q4,833500.0,,140000.0,117100.0,2.84,10.8,,20.8,,增持,,
002605.SZ,姚记科技,20230831,姚记科技：Q2利润持续释放，AI主业多点赋能,点评,一般报告,兴业证券,"李阳,杨尚东",2024Q4,731100.0,,120900.0,100900.0,2.45,12.6,,22.7,,增持,,
002605.SZ,姚记科技,20230831,姚记科技：Q2利润持续释放，AI主业多点赋能,点评,一般报告,兴业证券,"李阳,杨尚东",2023Q4,645200.0,,101000.0,84000.0,2.04,15.1,,24.4,,增持,,
002572.SZ,索菲亚,20230831,索菲亚：整装渠道延续亮眼表现，23Q2盈利能力同比显著提升,点评,一般报告,山西证券,"王冯,孙萌",2025Q4,1547400.0,,264500.0,174100.0,1.91,10.0,,20.2,5.5,买入,,
000333.SZ,美的集团,20230831,美的集团2023年半年报点评：收入利润稳健加速，全球布局不断深化,点评,首次评级,华创证券,"秦一超,田思琦",2025Q4,44166000.0,,4876900.0,4141800.0,5.9,10.0,,20.2,10.0,强推,,70.0
000333.SZ,美的集团,20230831,美的集团2023年半年报点评：收入利润稳健加速，全球布局不断深化,点评,首次评级,华创证券,"秦一超,田思琦",2024Q4,41027300.0,,4417200.0,3751400.0,5.34,11.0,,20.7,11.0,强推,,70.0
000333.SZ,美的集团,20230831,美的集团2023年半年报点评：收入利润稳健加速，全球布局不断深化,点评,首次评级,华创证券,"秦一超,田思琦",2023Q4,37818500.0,,3972100.0,3373400.0,4.8,12.0,,21.2,12.0,强推,,70.0
603719.SH,良品铺子,20230831,良品铺子：业绩承压，期待调整改善,点评,一般报告,信达证券,马铮,2024Q4,1091800.0,,66900.0,51000.0,1.27,17.93,,15.9,9.61,买入,,
603719.SH,良品铺子,20230831,良品铺子：业绩承压，期待调整改善,点评,一般报告,信达证券,马铮,2023Q4,948900.0,,53000.0,40400.0,1.01,22.63,,14.6,11.6,买入,,
603882.SH,金域医学,20230831,金域医学2023年半年报点评：业绩符合预期，常规医检业务稳步增长,点评,一般报告,华创证券,"郑辰,李婵娟",2025Q4,1334400.0,,204100.0,169200.0,3.62,17.0,,15.5,11.0,推荐,,87.0
603882.SH,金域医学,20230831,金域医学2023年半年报点评：业绩符合预期，常规医检业务稳步增长,点评,一般报告,华创证券,"郑辰,李婵娟",2024Q4,1139900.0,,155100.0,128500.0,2.75,22.0,,13.3,14.0,推荐,,87.0
603882.SH,金域医学,20230831,金域医学2023年半年报点评：业绩符合预期，常规医检业务稳步增长,点评,一般报告,华创证券,"郑辰,李婵娟",2023Q4,956700.0,,94400.0,78200.0,1.67,36.0,,9.1,20.0,推荐,,87.0
603876.SH,鼎胜新材,20230831,鼎胜新材：经营短期承压，静待供需格局改善,点评,一般报告,财通证券,毕春晖,2025Q4,2770902.0,,182098.0,155694.0,1.76,9.3,0.0,16.5,6.7,增持,,
603876.SH,鼎胜新材,20230831,鼎胜新材：经营短期承压，静待供需格局改善,点评,一般报告,财通证券,毕春晖,2024Q4,2492339.0,,137565.0,117618.0,1.33,12.3,0.0,14.7,5.9,增持,,
603876.SH,鼎胜新材,20230831,鼎胜新材：经营短期承压，静待供需格局改善,点评,一般报告,财通证券,毕春晖,2023Q4,2185717.0,,110375.0,94371.0,1.07,15.4,0.0,13.8,10.2,增持,,
605068.SH,明新旭腾,20230831,明新旭腾：2Q23盈利能力修复，全球化布局加速,点评,一般报告,中金,"邓学,任丹霖,荆文娟,罗善文",2024Q4,148900.0,52200.0,29500.0,25100.0,1.54,16.2,1.2,11.5,10.7,跑赢行业,,30.0
605068.SH,明新旭腾,20230831,明新旭腾：2Q23盈利能力修复，全球化布局加速,点评,一般报告,中金,"邓学,任丹霖,荆文娟,罗善文",2023Q4,114900.0,37700.0,19900.0,16900.0,1.04,24.1,0.8,8.5,14.9,跑赢行业,,30.0
603883.SH,老百姓,20230831,老百姓：收入、利润稳健增长，“聚焦＋下沉”加速拓展——公司信息更新报告,点评,一般报告,开源证券,"蔡明子,龙永茂",2025Q4,3504100.0,,200600.0,133400.0,2.28,11.3,,14.9,6.1,买入,,
603883.SH,老百姓,20230831,老百姓：收入、利润稳健增长，“聚焦＋下沉”加速拓展——公司信息更新报告,点评,一般报告,开源证券,"蔡明子,龙永茂",2024Q4,2904800.0,,167700.0,111000.0,1.9,13.5,,14.7,7.3,买入,,
603883.SH,老百姓,20230831,老百姓：收入、利润稳健增长，“聚焦＋下沉”加速拓展——公司信息更新报告,点评,一般报告,开源证券,"蔡明子,龙永茂",2023Q4,2410100.0,,138200.0,92400.0,1.58,16.2,,14.1,9.1,买入,,
688012.SH,中微公司,20230831,中微公司：刻蚀设备收入快速增长，新产品技术突破可期,点评,一般报告,财通证券,张益敏,2025Q4,1017682.0,,277217.0,255040.0,4.13,35.58,0.0,11.91,30.3,增持,,
688012.SH,中微公司,20230831,中微公司：刻蚀设备收入快速增长，新产品技术突破可期,点评,一般报告,财通证券,张益敏,2024Q4,789091.0,,210504.0,193664.0,3.13,46.86,0.0,10.27,42.3,增持,,
688012.SH,中微公司,20230831,中微公司：刻蚀设备收入快速增长，新产品技术突破可期,点评,一般报告,财通证券,张益敏,2023Q4,613928.0,,156141.0,143650.0,2.32,63.17,0.1,8.49,58.3,增持,,
605296.SH,神农集团,20230831,神农集团公司点评报告：2023H1收入稳健增长，行情拖累利润承压,点评,一般报告,方正证券,"王泽华,邱星皓",2025Q4,998000.0,,147800.0,146600.0,2.79,8.12,,21.63,7.0,推荐,,
605296.SH,神农集团,20230831,神农集团公司点评报告：2023H1收入稳健增长，行情拖累利润承压,点评,一般报告,方正证券,"王泽华,邱星皓",2024Q4,728000.0,,72100.0,71600.0,1.36,16.62,,13.47,16.05,推荐,,
605296.SH,神农集团,20230831,神农集团公司点评报告：2023H1收入稳健增长，行情拖累利润承压,点评,一般报告,方正证券,"王泽华,邱星皓",2023Q4,448000.0,,5200.0,5100.0,0.1,232.77,,1.11,303.27,推荐,,
300454.SZ,深信服,20230831,深信服：企业端需求率先展现复苏迹象，云业务规模效应初显,点评,一般报告,招商证券,"刘玉萍,孟林",2025Q4,1396600.0,,90700.0,79400.0,1.91,57.3,,9.1,79.4,强烈推荐,,
300454.SZ,深信服,20230831,深信服：企业端需求率先展现复苏迹象，云业务规模效应初显,点评,一般报告,招商证券,"刘玉萍,孟林",2024Q4,1144200.0,,67300.0,59100.0,1.42,77.0,,7.3,99.7,强烈推荐,,
300454.SZ,深信服,20230831,深信服：企业端需求率先展现复苏迹象，云业务规模效应初显,点评,一般报告,招商证券,"刘玉萍,孟林",2023Q4,932400.0,,44800.0,39400.0,0.95,115.3,,5.1,137.8,强烈推荐,,
002572.SZ,索菲亚,20230831,索菲亚2023半年报点评：Q2营收增速转正，盈利能力大幅提升,点评,一般报告,西部证券,李华丰,2025Q4,1389200.0,,217300.0,179200.0,1.96,9.7,,21.9,,增持,,
603786.SH,科博达,20230831,科博达：业绩稳健增长，域控业务未来可期,点评,一般报告,东北证券,"李恒光,史久杰",2025Q4,739600.0,,130500.0,103700.0,2.57,30.6,0.0,16.19,,买入,,
603786.SH,科博达,20230831,科博达：业绩稳健增长，域控业务未来可期,点评,一般报告,东北证券,"李恒光,史久杰",2024Q4,573500.0,,98600.0,78400.0,1.94,40.51,0.0,14.59,,买入,,
603786.SH,科博达,20230831,科博达：业绩稳健增长，域控业务未来可期,点评,一般报告,东北证券,"李恒光,史久杰",2023Q4,449600.0,,74300.0,59100.0,1.46,53.72,0.0,12.89,,买入,,
603019.SH,中科曙光,20230831,中科曙光2023年中报点评：业绩符合预期，AI算力领军优势显著,点评,一般报告,东吴证券,王紫敬,2025Q4,1956300.0,,400000.0,322800.0,2.21,18.45,,12.99,,买入,,
603019.SH,中科曙光,20230831,中科曙光2023年中报点评：业绩符合预期，AI算力领军优势显著,点评,一般报告,东吴证券,王紫敬,2024Q4,1718800.0,,319700.0,258100.0,1.76,23.08,,11.93,,买入,,
603019.SH,中科曙光,20230831,中科曙光2023年中报点评：业绩符合预期，AI算力领军优势显著,点评,一般报告,东吴证券,王紫敬,2023Q4,1500000.0,,251600.0,203000.0,1.39,29.33,,10.66,,买入,,
601868.SH,中国能建,20230831,中国能建：火电复苏新能源投资加速，毛利率显著提升,点评,一般报告,兴业证券,"孟杰,童彤,郁晾",2025Q4,59078900.0,,2546700.0,1247900.0,0.3,7.7,,9.7,,增持,,
601868.SH,中国能建,20230831,中国能建：火电复苏新能源投资加速，毛利率显著提升,点评,一般报告,兴业证券,"孟杰,童彤,郁晾",2024Q4,51719400.0,,2164000.0,1082000.0,0.26,8.9,,9.2,,增持,,
601868.SH,中国能建,20230831,中国能建：火电复苏新能源投资加速，毛利率显著提升,点评,一般报告,兴业证券,"孟杰,童彤,郁晾",2023Q4,44432700.0,,1691900.0,913600.0,0.22,10.5,,8.4,,增持,,
601377.SH,兴业证券,20230831,兴业证券2023年中报点评：自营回暖，业绩回升,点评,一般报告,华创证券,"徐康,刘潇伟",2025Q4,2329300.0,,1000300.0,511400.0,0.59,10.99,,7.71,,推荐,,8.4
601377.SH,兴业证券,20230831,兴业证券2023年中报点评：自营回暖，业绩回升,点评,一般报告,华创证券,"徐康,刘潇伟",2024Q4,1892000.0,,790600.0,436200.0,0.51,12.89,,7.2,,推荐,,8.4
601377.SH,兴业证券,20230831,兴业证券2023年中报点评：自营回暖，业绩回升,点评,一般报告,华创证券,"徐康,刘潇伟",2023Q4,1550100.0,,618400.0,378100.0,0.44,14.87,,6.76,,推荐,,8.4
600660.SH,福耀玻璃,20230831,福耀玻璃：业绩稳健增长，高附加值玻璃业务持续兑现,点评,一般报告,东北证券,"李恒光,史久杰",2025Q4,4185700.0,,776900.0,666300.0,2.55,14.88,0.0,15.16,,买入,,
600660.SH,福耀玻璃,20230831,福耀玻璃：业绩稳健增长，高附加值玻璃业务持续兑现,点评,一般报告,东北证券,"李恒光,史久杰",2024Q4,3639700.0,,651200.0,557800.0,2.14,17.78,0.0,14.96,,买入,,
600660.SH,福耀玻璃,20230831,福耀玻璃：业绩稳健增长，高附加值玻璃业务持续兑现,点评,一般报告,东北证券,"李恒光,史久杰",2023Q4,3259400.0,,621300.0,530300.0,2.03,18.7,0.0,16.73,,买入,,
300759.SZ,康龙化成,20230831,康龙化成：基石业务稳健增长，新兴业务放量可期——公司简评报告,一般,首次关注,东海证券,"杜永宏,伍可心",2025Q4,2006500.0,768200.0,386100.0,334101.0,1.87,15.94,,19.87,11.8,买入,,
300759.SZ,康龙化成,20230831,康龙化成：基石业务稳健增长，新兴业务放量可期——公司简评报告,一般,首次关注,东海证券,"杜永宏,伍可心",2024Q4,1608300.0,599100.0,289800.0,251000.0,1.4,21.21,,17.77,15.49,买入,,
300759.SZ,康龙化成,20230831,康龙化成：基石业务稳健增长，新兴业务放量可期——公司简评报告,一般,首次关注,东海证券,"杜永宏,伍可心",2023Q4,1262800.0,463600.0,215000.0,186987.0,1.05,28.47,,15.45,20.02,买入,,
002531.SZ,天顺风能,20230831,天顺风能：公司业绩符合预期，海风落地业绩释放,点评,一般报告,国盛证券,杨润思,2025Q4,2863900.0,,308600.0,274600.0,1.53,8.7,,18.8,8.4,买入,,
002531.SZ,天顺风能,20230831,天顺风能：公司业绩符合预期，海风落地业绩释放,点评,一般报告,国盛证券,杨润思,2024Q4,2346300.0,,259100.0,225700.0,1.26,10.6,,19.0,10.0,买入,,
002531.SZ,天顺风能,20230831,天顺风能：公司业绩符合预期，海风落地业绩释放,点评,一般报告,国盛证券,杨润思,2023Q4,1354700.0,,175900.0,152500.0,0.85,15.7,,15.7,13.0,买入,,
000625.SZ,长安汽车,20230831,长安汽车2023半年报点评：Q2均价持续提升，强势新品持续加码电动转型,点评,一般报告,东吴证券,"黄细里,杨惠冰",2025Q4,22907700.0,,1040200.0,978800.0,0.99,13.54,,10.9,,买入,,
000625.SZ,长安汽车,20230831,长安汽车2023半年报点评：Q2均价持续提升，强势新品持续加码电动转型,点评,一般报告,东吴证券,"黄细里,杨惠冰",2024Q4,19237300.0,,859500.0,817300.0,0.82,16.21,,10.21,,买入,,
000625.SZ,长安汽车,20230831,长安汽车2023半年报点评：Q2均价持续提升，强势新品持续加码电动转型,点评,一般报告,东吴证券,"黄细里,杨惠冰",2023Q4,13991600.0,,936100.0,899600.0,0.91,14.73,,12.52,,买入,,
603218.SH,日月股份,20230831,日月股份：技改＋扩产成效显现，盈利实现连续回升,点评,一般报告,国盛证券,杨润思,2025Q4,889400.0,,136300.0,127100.0,1.23,13.3,,10.7,8.1,增持,,
603218.SH,日月股份,20230831,日月股份：技改＋扩产成效显现，盈利实现连续回升,点评,一般报告,国盛证券,杨润思,2024Q4,770100.0,,119900.0,110200.0,1.07,15.3,,10.1,10.0,增持,,
603218.SH,日月股份,20230831,日月股份：技改＋扩产成效显现，盈利实现连续回升,点评,一般报告,国盛证券,杨润思,2023Q4,522600.0,,76800.0,69900.0,0.68,24.1,,6.9,14.3,增持,,
600398.SH,海澜之家,20230831,海澜之家23H1业绩点评：H1业绩恢复至21年同期，渠道优化质量提高,一般,一般报告,西部证券,王源,2025Q4,2686200.0,,480400.0,362300.0,0.84,9.0,,16.2,,买入,,
600398.SH,海澜之家,20230831,海澜之家23H1业绩点评：H1业绩恢复至21年同期，渠道优化质量提高,一般,一般报告,西部证券,王源,2024Q4,2432700.0,,428000.0,323900.0,0.75,10.1,,17.1,,买入,,
600398.SH,海澜之家,20230831,海澜之家23H1业绩点评：H1业绩恢复至21年同期，渠道优化质量提高,一般,一般报告,西部证券,王源,2023Q4,2169100.0,,354500.0,270100.0,0.63,12.1,,16.9,,买入,,
600398.SH,海澜之家,20230831,海澜之家2023年中报点评：Q2业绩增长提速，看好国民男装龙头持续修复,点评,一般报告,东吴证券,"李婕,赵艺原,郗越",2025Q4,2650500.0,,469300.0,350600.0,0.81,9.04,,14.6,,买入,,
600398.SH,海澜之家,20230831,海澜之家2023年中报点评：Q2业绩增长提速，看好国民男装龙头持续修复,点评,一般报告,东吴证券,"李婕,赵艺原,郗越",2024Q4,2412000.0,,417900.0,315900.0,0.73,10.04,,15.4,,买入,,
600398.SH,海澜之家,20230831,海澜之家2023年中报点评：Q2业绩增长提速，看好国民男装龙头持续修复,点评,一般报告,东吴证券,"李婕,赵艺原,郗越",2023Q4,2151800.0,,363000.0,275000.0,0.64,11.53,,15.85,,买入,,
688722.SH,同益中,20230831,跨越周期：寻找央企“护城河”——央国企现代产业突破专题系列三,非个股,一般报告,国泰君安,无,2025Q4,,,,50100.674,2.23,,,,,增持,,
002025.SZ,航天电器,20230831,跨越周期：寻找央企“护城河”——央国企现代产业突破专题系列三,非个股,一般报告,国泰君安,无,2025Q4,,,,143000.39,3.13,,,,,增持,,
601226.SH,华电重工,20230831,跨越周期：寻找央企“护城河”——央国企现代产业突破专题系列三,非个股,一般报告,国泰君安,无,2023Q4,,,,37333.12,0.32,,,,,增持,,
688722.SH,同益中,20230831,跨越周期：寻找央企“护城河”——央国企现代产业突破专题系列三,非个股,一般报告,国泰君安,无,2024Q4,,,,41788.006,1.86,,,,,增持,,
603060.SH,国检集团,20230831,跨越周期：寻找央企“护城河”——央国企现代产业突破专题系列三,非个股,一般报告,国泰君安,无,2025Q4,,,,47349.382,0.59,,,,,增持,,
601226.SH,华电重工,20230831,跨越周期：寻找央企“护城河”——央国企现代产业突破专题系列三,非个股,一般报告,国泰君安,无,2025Q4,,,,51333.04,0.44,,,,,增持,,
002025.SZ,航天电器,20230831,跨越周期：寻找央企“护城河”——央国企现代产业突破专题系列三,非个股,一般报告,国泰君安,无,2023Q4,,,,77667.944,1.7,,,,,增持,,
603060.SH,国检集团,20230831,跨越周期：寻找央企“护城河”——央国企现代产业突破专题系列三,非个股,一般报告,国泰君安,无,2023Q4,,,,32101.276,0.4,,,,,增持,,
688722.SH,同益中,20230831,跨越周期：寻找央企“护城河”——央国企现代产业突破专题系列三,非个股,一般报告,国泰君安,无,2023Q4,,,,28083.338,1.25,,,,,增持,,
603060.SH,国检集团,20230831,跨越周期：寻找央企“护城河”——央国企现代产业突破专题系列三,非个股,一般报告,国泰君安,无,2024Q4,,,,38521.531,0.48,,,,,增持,,
002025.SZ,航天电器,20230831,跨越周期：寻找央企“护城河”——央国企现代产业突破专题系列三,非个股,一般报告,国泰君安,无,2024Q4,,,,106907.64,2.34,,,,,增持,,
601226.SH,华电重工,20230831,跨越周期：寻找央企“护城河”——央国企现代产业突破专题系列三,非个股,一般报告,国泰君安,无,2024Q4,,,,45499.74,0.39,,,,,增持,,
601166.SH,兴业银行,20230831,兴业银行：营收修复略超预期，业绩全年低点已过,点评,一般报告,中信建投,"马鲲鹏,李晨",2025Q4,25644900.0,,13001000.0,11320900.0,5.449,,,12.86,,买入,,32.0
601318.SH,中国平安,20230831,中国平安2023年中报点评：立足长期，大象还能再起舞,点评,一般报告,中信证券,"童成墩,张文峰,邵子钦,田良,薛姣,陆昊",2025Q4,,,,16260300.0,8.929,5.42,,,,买入,,62.0
601318.SH,中国平安,20230831,中国平安2023年中报点评：立足长期，大象还能再起舞,点评,一般报告,中信证券,"童成墩,张文峰,邵子钦,田良,薛姣,陆昊",2023Q4,,,,13911000.0,7.639,6.34,,,,买入,,62.0
601166.SH,兴业银行,20230831,兴业银行：营收修复略超预期，业绩全年低点已过,点评,一般报告,中信建投,"马鲲鹏,李晨",2023Q4,21755900.0,,10652000.0,9264900.0,4.46,,,12.84,,买入,,32.0
000921.SZ,海信家电,20230831,海信家电2023年中报点评：二季度收入增长提速，利润超出预告上限,点评,一般报告,国信证券,"陈伟奇,王兆康,邹会阳",2025Q4,9395300.0,,672100.0,307000.0,2.212,11.1,4.5,19.5,12.7,买入,,
603605.SH,珀莱雅,20230831,珀莱雅点评报告：业绩增长超预期，盈利能力持续提升,点评,一般报告,万联证券,李滢,2023Q4,810973.0,567900.0,130400.0,105318.0,2.65,40.48,,24.65,25.0,增持,,
601318.SH,中国平安,20230831,中国平安：寿险改革成效显著，NBV增长强劲,点评,一般报告,华西证券,罗惠洲,2025Q4,119929900.0,,,18000300.0,9.885,4.9,,,,买入,,
000921.SZ,海信家电,20230831,海信家电2023年中报点评：二季度收入增长提速，利润超出预告上限,点评,一般报告,国信证券,"陈伟奇,王兆康,邹会阳",2023Q4,8210900.0,,501600.0,250300.0,1.803,13.7,3.7,19.6,16.7,买入,,
601318.SH,中国平安,20230831,中国平安：寿险改革成效显著，NBV增长强劲,点评,一般报告,华西证券,罗惠洲,2024Q4,116333200.0,,19028000.0,14283600.0,7.844,6.17,,,,买入,,
603605.SH,珀莱雅,20230831,珀莱雅点评报告：业绩增长超预期，盈利能力持续提升,点评,一般报告,万联证券,李滢,2025Q4,1261962.0,892900.0,213700.0,170505.0,4.3,25.0,,26.52,15.1,增持,,
601318.SH,中国平安,20230831,中国平安：寿险改革成效显著，NBV增长强劲,点评,一般报告,华西证券,罗惠洲,2023Q4,112801900.0,,13571000.0,10203200.0,5.603,8.64,,,,买入,,
603605.SH,珀莱雅,20230831,珀莱雅点评报告：业绩增长超预期，盈利能力持续提升,点评,一般报告,万联证券,李滢,2024Q4,1018744.0,716800.0,167900.0,135132.0,3.41,31.55,,25.87,19.61,增持,,
601658.SH,邮储银行,20230831,邮储银行2023年中报点评：有效信贷投放力度加大，存款成本管理成效显著,一般,一般报告,安信证券,"李双,陈惠琴",,,,,,,,,,,买入,,6.91
000921.SZ,海信家电,20230831,海信家电2023年中报点评：二季度收入增长提速，利润超出预告上限,点评,一般报告,国信证券,"陈伟奇,王兆康,邹会阳",2024Q4,8802400.0,,578800.0,281900.0,2.031,12.1,4.1,19.9,14.3,买入,,
601318.SH,中国平安,20230831,中国平安2023年中报点评：立足长期，大象还能再起舞,点评,一般报告,中信证券,"童成墩,张文峰,邵子钦,田良,薛姣,陆昊",2024Q4,,,,15645100.0,8.591,5.64,,,,买入,,62.0
601166.SH,兴业银行,20230831,兴业银行：营收修复略超预期，业绩全年低点已过,点评,一般报告,中信建投,"马鲲鹏,李晨",2024Q4,23304000.0,,11423300.0,9938100.0,4.784,,,12.52,,买入,,32.0
002153.SZ,石基信息,20230831,石基信息：核心业务逐步复苏，国际化与平台化同步推进,点评,一般报告,中金,"李虹洁,于钟海,李铭姌",2024Q4,352600.0,165200.0,27300.0,20800.0,0.0762,179.4,0.1,2.7,186.5,跑赢行业,,16.0
002153.SZ,石基信息,20230831,石基信息：核心业务逐步复苏，国际化与平台化同步推进,点评,一般报告,中金,"李虹洁,于钟海,李铭姌",2023Q4,289900.0,134300.0,9600.0,5000.0,0.0183,741.2,0.0,0.7,,跑赢行业,,16.0
601933.SH,永辉超市,20230831,永辉超市：门店优化调整，供应链效率提升,点评,一般报告,安信证券,"王朔,夏心怡",2023Q4,8788610.0,,35040.0,34060.0,0.0375,87.1,0.0,4.2,3.6,中性,,3.73
000876.SZ,新希望,20230831,新希望：降本增效成效显著，业绩大幅减亏,点评,一般报告,中邮证券,王琦,2023Q4,15698000.0,,58900.0,56540.0,0.1244,94.23,,2.0,19.4,增持,,
600207.SH,安彩高科,20230831,安彩高科：光伏玻璃业务同比高增，盈利能力仍承压－－－半年报点评,点评,一般报告,东北证券,"王小勇,庄嘉骏,张凯",2025Q4,660000.0,,22700.0,13700.0,0.1258,39.83,0.0,3.93,,增持,,
688496.SH,清越科技,20230831,清越科技：业绩短期承压，MicroOLED未来空间大,点评,一般报告,中银国际,苏凌瑶,2023Q4,107700.0,,4500.0,4300.0,0.0956,151.8,0.4,3.3,82.0,增持,,
000876.SZ,新希望,20230831,新希望：核心饲料业务量利齐增，重客拓展战略持续深耕,点评,一般报告,中信建投,王明琦,2023Q4,16649883.0,,,12333.0,0.0271,431.87,,0.42,,买入,,
601828.SH,美凯龙,20230831,美凯龙2023年半年报点评：自营商场平均出租率85.7％，餐饮品类商场覆盖率提升,点评,一般报告,光大证券,"唐佳睿,田然",2024Q4,1237300.0,,62800.0,37100.0,0.0852,57.0,0.0,0.69,14.9,增持,,
600115.SH,中国东航,20230831,中国东航：亏损进一步收窄，看好盈利中枢提升,点评,一般报告,华泰证券,"沈晓峰,黄凡洋",2023Q4,11933600.0,,27615.0,24854.0,0.0111,391.94,,0.86,7.09,买入,,6.6
002582.SZ,好想你,20230831,好想你：稳存量提增量战略落地，下半年放量可期,点评,一般报告,安信证券,"赵国防,王玲瑶",2024Q4,194350.0,,5480.0,4670.0,0.1035,77.5,0.3,1.1,8.5,买入,,10.1
000059.SZ,华锦股份,20230831,华锦股份2023年半年度报告点评：油价下跌价差收窄23H1业绩承压，集团炼化项目持续推进,点评,一般报告,光大证券,"赵乃迪,蔡嘉豪",2023Q4,5853000.0,,13300.0,2500.0,0.0156,371.0,0.4,0.17,8.3,买入,,
600908.SH,无锡银行,20230831,无锡银行2023年中报点评：盈利维持高增，资产质量稳健向好,点评,一般报告,光大证券,"王一峰,赵晨阳",2025Q4,520300.0,,372400.0,332700.0,1.55,3.47,,14.53,,买入,,
600919.SH,江苏银行,20230831,江苏银行：资负管理优异，量价齐控息差优势明显,点评,一般报告,华安证券,"郑小霞,刘锦慧",2023Q4,7781600.0,,3775300.0,3173900.0,1.992,3.53,,14.05,,买入,,
300558.SZ,贝达药业,20230831,贝达药业：创新管线持续推进，药品销售稳中向好,点评,一般报告,天风证券,"杨松,曹文清",2025Q4,483784.0,,34207.0,54334.0,1.3,36.25,,9.27,30.19,增持,,
600729.SH,重庆百货,20230831,重庆百货2023年半年报点评：Q2业绩高增156％，当前估值仍被低估,点评,一般报告,国泰君安,"刘越男,陈笑",2023Q4,2040400.0,,,130300.0,3.21,10.54,4.2,20.2,9.51,增持,,40.13
688120.SH,华海清科,20230831,华海清科：盈利能力持续增强，新产品新工艺进展顺利,点评,首次评级,中邮证券,吴文吉,2024Q4,400800.0,,115800.0,109596.0,6.9,29.86,,16.5,24.41,买入,,
300014.SZ,亿纬锂能,20230831,亿纬锂能2023年中报点评：动储出货高增，46系列电池进展顺利,点评,一般报告,东方财富证券,"周旭辉,李京波",2023Q4,5520795.0,,600759.0,513289.0,2.51,19.92,,14.42,13.82,增持,,
600827.SH,百联股份,20230831,百联股份2023半年报点评：盈利能力稳健恢复，奥莱业态高增长,点评,一般报告,国泰君安,"刘越男,宋小寒,陈笑",2025Q4,3719400.0,,,94900.0,0.53,22.53,1.3,5.0,2.8,增持,,18.14
002624.SZ,完美世界,20230831,完美世界：业绩符合预期，看好公司未来新游利润释放——2023H1业绩点评,点评,一般报告,国泰君安,"陈筱,张昱",2025Q4,1136300.0,,,207200.0,1.07,13.1,3.3,17.3,8.0,增持,,26.7
300945.SZ,曼卡龙,20230831,曼卡龙2023年中报点评：23H1线上渠道表现亮眼，定增募资落地再添发展势能,点评,一般报告,民生证券,"刘文正,郑紫舟,褚菁菁",2023Q4,202900.0,,12000.0,9700.0,0.37,40.0,0.98,6.21,24.05,推荐,,
603566.SH,普莱柯,20230831,普莱柯2023年半年报点评：逆势求变助力业绩增长，非瘟疫苗商业化可期,点评,一般报告,民生证券,"周泰,徐菁,韩晓飞",2023Q4,139200.0,,29000.0,27500.0,0.78,28.0,2.46,9.32,20.76,推荐,,
002851.SZ,麦格米特,20230831,麦格米特：各产品线深化发展，股权投资成效凸显,点评,一般报告,长江证券,"邬博华,赵智勇,司鸿历,曹小敏",2023Q4,695500.0,169700.0,85900.0,80200.0,1.6,19.51,,17.6,27.76,买入,,
002244.SZ,滨江集团,20230831,滨江集团：业绩增长稳定，销售和投资积极,点评,一般报告,招商证券,"赵可,孔嘉庆",2023Q4,5001000.0,,757400.0,443700.0,1.426,7.7,,16.3,,强烈推荐,,14.26
002641.SZ,公元股份,20230831,公元股份动态点评：行业集中度提升，2023H1净利润高增,一般,一般报告,东北证券,"濮阳,陶昕媛",2024Q4,1062500.0,,74000.0,62100.0,0.51,11.46,1.38,10.39,,增持,,
301333.SZ,诺思格,20230831,诺思格：业绩增长符合预期，新签订单快速增长,点评,一般报告,中信建投,"贺菊颖,袁清慧,阳明春",2023Q4,77915.0,,,14390.0,1.5,36.0,,8.34,,买入,,
688516.SH,奥特维,20230831,奥特维事件点评：中标天合光能18.9亿单晶炉订单，光伏设备持续贡献营收,点评,一般报告,民生证券,"李哲,占豪",2024Q4,857800.0,,213300.0,184800.0,11.94,14.0,2.44,37.86,11.33,推荐,,
301080.SZ,百普赛斯,20230831,百普赛斯：海外常规业务40％高增长，新冠扰动基本出清,点评,一般报告,信达证券,唐爱金,2023Q4,59000.0,,22700.0,20200.0,1.68,38.1,,7.6,23.29,无,,
002517.SZ,恺英网络,20230831,恺英网络23Q2点评：新游戏品类扩张，并表浙江盛和,点评,一般报告,华安证券,金荣,2025Q4,612900.0,,255300.0,205400.0,0.95,15.65,,21.0,9.37,买入,,
688153.SH,唯捷创芯,20230831,唯捷创芯2023年中报点评：二季度业绩显著改善，L－PAMiD量产出货,点评,一般报告,民生证券,"方竞,宋晓东",2025Q4,453000.0,,70400.0,63300.0,1.51,49.0,0.0,12.3,32.34,推荐,,
600827.SH,百联股份,20230831,百联股份2023半年报点评：盈利能力稳健恢复，奥莱业态高增长,点评,一般报告,国泰君安,"刘越男,宋小寒,陈笑",2023Q3,,,,,0.28,,,,,增持,,18.14
300408.SZ,三环集团,20230831,三环集团：2023Q2业绩符合预期，高容产品品质持续提升——公司信息更新报告,点评,一般报告,开源证券,"罗通,傅盛盛",2024Q4,776000.0,,290700.0,262400.0,1.37,23.5,,12.8,15.4,买入,,
002624.SZ,完美世界,20230831,完美世界：业绩符合预期，看好公司未来新游利润释放——2023H1业绩点评,点评,一般报告,国泰君安,"陈筱,张昱",2023Q3,,,,,0.43,,,,,增持,,26.7
601600.SH,中国铝业,20230831,中国铝业：把握国企改革机遇，铝业巨擘启航,深度,首次评级,安信证券,"覃晶晶,洪璐",2025Q4,28403010.0,,2248790.0,1032800.0,0.6,9.8,1.2,13.7,3.2,增持,,6.4
002152.SZ,广电运通,20230831,广电运通点评报告：海外业务大幅增长，持续探索信创及数智化应用落地,点评,一般报告,万联证券,夏清莹,2024Q4,920047.0,350573.0,149199.0,106876.0,0.43,29.18,,7.68,12.49,买入,,
601800.SH,中国交建,20230831,中国交建：资产优化进行中，海外发展可期——2022年年报点评,点评,一般报告,东兴证券,赵军胜,2023Q4,76440882.0,,3314618.0,2152086.0,1.32,7.09,,7.16,13.92,强烈推荐,,
002548.SZ,金新农,20230831,金新农中报点评：饲料增长明显，养殖成本优化,点评,一般报告,太平洋证券,程晓东,2025Q4,833000.0,,55600.0,49100.0,0.61,10.78,,21.3,9.41,买入,,8.5
603538.SH,美诺华,20230831,美诺华：成本、汇率、新冠扰动影响短期业绩，制剂、CDMO有望带动增长,点评,一般报告,中泰证券,"祝嘉琦,李建",2023Q4,165049.0,,25645.0,22721.0,1.06,15.26,,9.92,8.0,买入,,
002531.SZ,天顺风能,20230831,天顺风能：2023Q2营收延续高增，海风并表贡献业绩增量,点评,一般报告,长江证券,"邬博华,司鸿历",2025Q4,2727700.0,559100.0,416000.0,358700.0,2.0,6.49,,22.3,5.44,买入,,
600000.SH,浦发银行,20230831,浦发银行：资产质量改善，数字转型持续,点评,一般报告,华泰证券,"沈娟,安娜,贺雅亭",2025Q4,17716800.0,,,4540500.0,1.55,4.54,4.04,5.95,,增持,,8.43
600900.SH,长江电力,20230831,长江电力2023年中报点评：来水偏枯拖累业绩，但收入端等表现亮眼,一般,一般报告,中信证券,李想,2023Q4,8095700.0,,3806800.0,3051100.0,1.25,17.6,,13.34,9.5,买入,,26.8
600258.SH,首旅酒店,20230831,首旅酒店2023H1业绩点评：业绩符合预期，恢复节奏符合行业水平,点评,一般报告,国泰君安,"刘越男,于清泰",2023Q4,814700.0,,,70300.0,0.63,28.29,1.8,6.5,7.08,增持,,23.25
603816.SH,顾家家居,20230831,顾家家居：Q2内销持续复苏，一体化整家未来可期,点评,一般报告,银河证券,陈柏儒,2023Q4,2082548.0,,263900.0,209484.0,2.55,16.64,,20.77,11.08,推荐,,
603600.SH,永艺股份,20230831,永艺股份：利润同环比改善，静待需求回暖－－－2023年半年报点评,点评,一般报告,东北证券,"唐凯,陈渊文",2024Q4,396500.0,,42700.0,36700.0,1.1,9.23,3.54,15.28,,买入,,
601995.SH,中金公司,20230831,中金公司：汇兑收益驱动营收增长，财富管理优势显著,点评,一般报告,平安证券,"王维逸,李冰婷,韦霁雯",2023Q4,2539300.0,,851400.0,717000.0,1.49,27.3,,7.2,,推荐,,
601166.SH,兴业银行,20230831,兴业银行2023年半年报点评：对公贷款“量价双优”，资产质量持续向好,点评,一般报告,光大证券,"王一峰,蔡霆夆",2023Q4,22467600.0,,11651600.0,10080700.0,4.85,3.25,,14.41,,买入,,
002558.SZ,巨人网络,20230831,巨人网络：二季度业绩大增，关注产品调优上线进展,点评,首份报告,天风证券,"孔蓉,王梦恺,金沐阳",,,,,,,,,,,无,,
300438.SZ,鹏辉能源,20230831,鹏辉能源：二季度业绩承压，储能业务成长性仍出色,点评,一般报告,平安证券,"皮秀,张之尧",2025Q4,2950900.0,,260900.0,240200.0,5.21,7.4,,27.6,5.3,推荐,,
000651.SZ,格力电器,20230831,格力电器2023半年报点评：超出预期的业绩增长，坚如磐石的资产负债表,点评,一般报告,光大证券,洪吉然,2024Q4,21714200.0,,3377900.0,2839200.0,5.04,7.0,7.9,22.83,7.0,买入,,46.62
002368.SZ,太极股份,20230831,太极股份：云与数据业务发力，加速探索数据要素价值应用,点评,一般报告,中银国际,"杨思睿,王屿熙",2025Q4,2023900.0,,100800.0,88400.0,1.42,26.6,1.2,15.3,15.1,买入,,
300785.SZ,值得买,20230831,值得买1H23点评：业绩逐步复苏，积极布局AIGC应用,点评,一般报告,东方证券,"项雯倩,吴丛露,李雨琪,詹博",2025Q4,209700.0,,31200.0,27600.0,1.39,17.3,,12.3,11.4,买入,,28.86
688696.SH,极米科技,20230831,极米科技2023年半年报点评：收入颇具压力，盈利能力承压,点评,一般报告,长江证券,"管泉森,莫云皓",2025Q4,524100.0,179400.0,55200.0,49100.0,7.01,17.43,,11.8,19.04,买入,,
603833.SH,欧派家居,20230831,欧派家居23H1点评：Q2利润超预期，变革加速大家居进程,点评,一般报告,长江证券,"蔡方羿,米雁翔",2023Q4,2445600.0,777100.0,357700.0,307000.0,5.04,20.14,,16.3,14.36,买入,,
688158.SH,优刻得,20230831,优刻得2023年中报点评：低毛利业务持续缩减，产品毛利率回升,点评,一般报告,东方财富证券,方科,2024Q4,142334.0,,-21646.0,-21462.0,-0.47,,,-8.57,26.99,增持,,
601318.SH,中国平安,20230831,中国平安：NBV增长领跑同业，分红提升彰显信心,点评,一般报告,安信证券,张经纬,2024Q4,125963400.0,,18267300.0,13845200.0,7.603,6.37,,,,买入,,60.0
300894.SZ,火星人,20230831,火星人2023H1点评：Q2边际改善显著,点评,一般报告,中泰证券,邓欣,2024Q4,296900.0,,47600.0,42400.0,1.04,19.9,,20.4,46.0,买入,,
002466.SZ,天齐锂业,20230831,天齐锂业2023半年报业绩点评：产能规划增长，锂矿龙头再扩张,点评,一般报告,国泰君安,"于嘉懿,宁紫微,刘小华",2024Q4,2653500.0,,,1231800.0,7.51,7.91,1.2,17.5,2.55,增持,,80.82
600325.SH,华发股份,20230831,华发股份：业绩维持正增长，投拓聚焦核心城市,点评,一般报告,国盛证券,"金晶,夏陶",2025Q4,8123900.0,,1019900.0,366700.0,1.73,6.6,,5.7,21.0,买入,,
600501.SH,航天晨光,20230831,航天晨光：“开源、节流、挖潜”应对产品交付节奏问题，科技创新和民用业务再突破,点评,一般报告,中泰证券,"陈鼎如,马梦泽",2025Q4,696500.0,,40800.0,32500.0,0.75,,,11.0,46.0,买入,,
301257.SZ,普蕊斯,20230831,普蕊斯：Q2收入高增，盈利能力持续修复,点评,一般报告,长江证券,"伍云飞,郭心驰",2023Q4,76900.0,21800.0,13100.0,11700.0,1.92,29.9,,11.0,22.42,买入,,
688266.SH,泽璟制药,20230831,泽璟制药半年报点评：多纳非尼商业化稳步推进，产品矩阵进一步优化,点评,一般报告,申港证券,曹旭特,2023Q4,75956.0,,-26275.0,-25818.0,-0.98,,,-51.54,,买入,,
000651.SZ,格力电器,20230831,格力电器2023半年报点评：超出预期的业绩增长，坚如磐石的资产负债表,点评,一般报告,光大证券,洪吉然,2025Q4,23204800.0,,3677500.0,3091200.0,5.49,6.0,9.4,22.15,6.3,买入,,46.62
002368.SZ,太极股份,20230831,太极股份：云与数据业务发力，加速探索数据要素价值应用,点评,一般报告,中银国际,"杨思睿,王屿熙",2024Q4,1672800.0,,84100.0,73700.0,1.18,31.9,1.0,14.2,19.7,买入,,
601857.SH,中国石油,20230831,中国石油：Q2归母净利润416亿元，Q3有望向上,点评,首份报告,天风证券,张樨樨,2023Q4,327889998.0,,23196633.0,16246845.0,0.89,8.73,,11.29,0.98,买入,,
002851.SZ,麦格米特,20230831,麦格米特：各产品线深化发展，股权投资成效凸显,点评,一般报告,长江证券,"邬博华,赵智勇,司鸿历,曹小敏",2025Q4,1125000.0,270500.0,152400.0,142700.0,2.86,10.96,,20.0,15.44,买入,,
300014.SZ,亿纬锂能,20230831,亿纬锂能2023年中报点评：动储出货高增，46系列电池进展顺利,点评,一般报告,东方财富证券,"周旭辉,李京波",2025Q4,12437576.0,,1189979.0,1028142.0,5.03,9.94,,19.51,6.65,增持,,
688696.SH,极米科技,20230831,极米科技2023年半年报点评：收入颇具压力，盈利能力承压,点评,一般报告,长江证券,"管泉森,莫云皓",2024Q4,431300.0,146500.0,44400.0,39500.0,5.64,21.67,,10.4,24.42,买入,,
002466.SZ,天齐锂业,20230831,天齐锂业2023半年报业绩点评：产能规划增长，锂矿龙头再扩张,点评,一般报告,国泰君安,"于嘉懿,宁紫微,刘小华",2025Q4,2378400.0,,,1429100.0,8.71,6.82,1.4,17.6,2.15,增持,,80.82
600900.SH,长江电力,20230831,长江电力2023年中报点评：来水偏枯拖累业绩，但收入端等表现亮眼,一般,一般报告,中信证券,李想,2024Q4,9013800.0,,4550200.0,3646800.0,1.49,14.7,,14.95,8.5,买入,,26.8
600729.SH,重庆百货,20230831,重庆百货2023年半年报点评：Q2业绩高增156％，当前估值仍被低估,点评,一般报告,国泰君安,"刘越男,陈笑",2024Q4,2299100.0,,,147400.0,3.63,9.31,4.7,18.6,8.46,增持,,40.13
300438.SZ,鹏辉能源,20230831,鹏辉能源：二季度业绩承压，储能业务成长性仍出色,点评,一般报告,平安证券,"皮秀,张之尧",2024Q4,2132100.0,,173000.0,159300.0,3.45,11.2,,25.2,7.8,推荐,,
002624.SZ,完美世界,20230831,完美世界：业绩符合预期，看好公司未来新游利润释放——2023H1业绩点评,点评,一般报告,国泰君安,"陈筱,张昱",2023Q4,883700.0,,,135100.0,0.7,20.1,2.2,13.7,11.83,增持,,26.7
688153.SH,唯捷创芯,20230831,唯捷创芯2023年中报点评：二季度业绩显著改善，L－PAMiD量产出货,点评,一般报告,民生证券,"方竞,宋晓东",2023Q4,276700.0,,22300.0,20100.0,0.48,153.0,0.0,4.97,72.02,推荐,,
600908.SH,无锡银行,20230831,无锡银行2023年中报点评：盈利维持高增，资产质量稳健向好,点评,一般报告,光大证券,"王一峰,赵晨阳",2024Q4,501300.0,,322300.0,287900.0,1.34,4.01,,14.07,,买入,,
603816.SH,顾家家居,20230831,顾家家居：Q2内销持续复苏，一体化整家未来可期,点评,一般报告,银河证券,陈柏儒,2025Q4,2759648.0,,361609.0,287046.0,3.49,12.14,,18.62,7.0,推荐,,
688266.SH,泽璟制药,20230831,泽璟制药半年报点评：多纳非尼商业化稳步推进，产品矩阵进一步优化,点评,一般报告,申港证券,曹旭特,2025Q4,230264.0,,38528.0,37642.0,1.42,30.66,,39.73,22.12,买入,,
301080.SZ,百普赛斯,20230831,百普赛斯：海外常规业务40％高增长，新冠扰动基本出清,点评,一般报告,信达证券,唐爱金,2025Q4,91100.0,,40300.0,35800.0,2.98,21.48,,10.9,12.59,无,,
300894.SZ,火星人,20230831,火星人2023H1点评：Q2边际改善显著,点评,一般报告,中泰证券,邓欣,2023Q4,250200.0,,39500.0,35100.0,0.86,24.0,,19.7,53.0,买入,,
601166.SH,兴业银行,20230831,兴业银行2023年中报点评：对公贷款投放力度加大，资产质量进一步优化,一般,一般报告,安信证券,"李双,陈惠琴",,,,,,,,,,,买入,,21.44
601800.SH,中国交建,20230831,中国交建：资产优化进行中，海外发展可期——2022年年报点评,点评,一般报告,东兴证券,赵军胜,2025Q4,89334513.0,,4055031.0,2632815.0,1.62,5.79,,7.65,11.88,强烈推荐,,
002548.SZ,金新农,20230831,金新农中报点评：饲料增长明显，养殖成本优化,点评,一般报告,太平洋证券,程晓东,2023Q4,521500.0,,-14000.0,-9800.0,-0.12,,,-6.6,40.57,买入,,8.5
603600.SH,永艺股份,20230831,永艺股份：利润同环比改善，静待需求回暖－－－2023年半年报点评,点评,一般报告,东北证券,"唐凯,陈渊文",2023Q4,351700.0,,37400.0,32100.0,0.97,10.55,2.95,15.04,,买入,,
300558.SZ,贝达药业,20230831,贝达药业：创新管线持续推进，药品销售稳中向好,点评,一般报告,天风证券,"杨松,曹文清",2024Q4,385178.0,,31181.0,45915.0,1.1,42.9,,8.46,31.51,增持,,
002803.SZ,吉宏股份,20230831,吉宏股份2023年中报点评：业绩超预期，分红回馈股东,点评,一般报告,东方财富证券,"高博文,陈子怡,刘雪莹",2024Q4,791451.0,,60133.0,51143.0,1.35,13.72,,17.55,9.1,买入,,
600502.SH,安徽建工,20230831,安徽建工：订单高增结构优化，现金流回正显著改善,点评,一般报告,安信证券,"苏多永,董文静",2025Q4,13044960.0,,475920.0,249860.0,1.46,3.6,9.8,19.7,2.5,买入,,8.2
300718.SZ,长盛轴承,20230831,长盛轴承：23H1业绩符合预期，风电轴承业务值得期待,点评,一般报告,国盛证券,"张一鸣,刘嘉林",2024Q4,156500.0,,31900.0,27900.0,0.93,21.2,,16.0,17.0,买入,,
002276.SZ,万马股份,20230831,万马股份2023年中报点评：业绩超预期，订单发出量同比大幅提升,点评,一般报告,中信证券,"李超,张柯",2023Q4,1746800.0,,61800.0,56800.0,0.55,19.4,,10.5,17.9,买入,,14.0
300979.SZ,华利集团,20230831,华利集团公司简评报告：Q2经营表现环比改善，费用率优化效果明显,点评,一般报告,首创证券,"陈梦,郭琦",2025Q4,2717100.0,,553100.0,437500.0,3.75,14.0,,21.5,,买入,,
601390.SH,中国中铁,20230831,中国中铁：业绩稳健增长，境外及细分领域拓展表现亮眼——2023年中报点评,点评,一般报告,中信建投,竺劲,2024Q4,133681820.0,,,3978252.0,1.61,4.16,,12.02,,买入,,12.39
601318.SH,中国平安,20230831,中国平安：NBV增长领跑同业，分红提升彰显信心,点评,一般报告,安信证券,张经纬,2025Q4,134151000.0,,19455300.0,14745600.0,8.097,5.98,,,,买入,,60.0
688158.SH,优刻得,20230831,优刻得2023年中报点评：低毛利业务持续缩减，产品毛利率回升,点评,一般报告,东方财富证券,方科,2023Q4,152068.0,,-25264.0,-25049.0,-0.55,,,-9.22,38.56,增持,,
600258.SH,首旅酒店,20230831,首旅酒店2023H1业绩点评：业绩符合预期，恢复节奏符合行业水平,点评,一般报告,国泰君安,"刘越男,于清泰",2024Q4,870100.0,,,104200.0,0.93,19.08,2.6,9.2,5.43,增持,,23.25
002555.SZ,三七互娱,20230831,三七互娱：新游发行影响利润，Q3业绩环比改善,点评,一般报告,财通证券,"潘宁河,刘洋,李跃博",2023Q4,1813008.0,,340047.0,306909.0,1.38,19.28,1.7,21.78,16.0,增持,,
301257.SZ,普蕊斯,20230831,普蕊斯：Q2收入高增，盈利能力持续修复,点评,一般报告,长江证券,"伍云飞,郭心驰",2024Q4,95100.0,27300.0,16800.0,15000.0,2.46,23.32,,12.4,17.39,买入,,
688408.SH,中信博,20230831,中信博2023年中报点评：支架毛利率大幅修复，在手订单充足,一般,一般报告,东吴证券,"曾朵红,陈瑶,郭亚男",2025Q4,887600.0,,84200.0,69700.0,5.13,11.36,,19.22,,增持,,
600000.SH,浦发银行,20230831,浦发银行：资产质量改善，数字转型持续,点评,一般报告,华泰证券,"沈娟,安娜,贺雅亭",2023Q4,17539600.0,,,4291900.0,1.46,4.81,3.82,6.24,,增持,,8.43
603538.SH,美诺华,20230831,美诺华：成本、汇率、新冠扰动影响短期业绩，制剂、CDMO有望带动增长,点评,一般报告,中泰证券,"祝嘉琦,李建",2025Q4,231731.0,,42331.0,37109.0,1.74,9.34,,12.83,6.0,买入,,
002152.SZ,广电运通,20230831,广电运通点评报告：海外业务大幅增长，持续探索信创及数智化应用落地,点评,一般报告,万联证券,夏清莹,2025Q4,1006369.0,381976.0,164539.0,117924.0,0.47,26.45,,7.81,10.66,买入,,
601838.SH,成都银行,20230831,成都银行：利息净收入增速回升，不良率降至上市银行最低——2023年中报点评,点评,一般报告,长江证券,"马祥云,周李宾",2023Q4,2254958.3,,,1225525.0,3.213,4.35,,19.77,,买入,,
601600.SH,中国铝业,20230831,中国铝业：把握国企改革机遇，铝业巨擘启航,深度,首次评级,安信证券,"覃晶晶,洪璐",2024Q4,28289720.0,,1917340.0,891790.0,0.52,11.3,1.0,13.5,4.2,增持,,6.4
603566.SH,普莱柯,20230831,普莱柯2023年半年报点评：逆势求变助力业绩增长，非瘟疫苗商业化可期,点评,一般报告,民生证券,"周泰,徐菁,韩晓飞",2024Q4,157500.0,,36600.0,34800.0,0.99,22.0,3.12,11.19,16.44,推荐,,
002531.SZ,天顺风能,20230831,天顺风能：2023Q2营收延续高增，海风并表贡献业绩增量,点评,一般报告,长江证券,"邬博华,司鸿历",2024Q4,2098200.0,430000.0,316300.0,274200.0,1.53,8.49,,21.9,7.4,买入,,
300785.SZ,值得买,20230831,值得买1H23点评：业绩逐步复苏，积极布局AIGC应用,点评,一般报告,东方证券,"项雯倩,吴丛露,李雨琪,詹博",2023Q4,150200.0,,19600.0,17400.0,0.87,27.4,,9.2,16.5,买入,,28.86
688120.SH,华海清科,20230831,华海清科：盈利能力持续增强，新产品新工艺进展顺利,点评,首次评级,中邮证券,吴文吉,2023Q4,292000.0,,86600.0,82645.0,5.2,39.6,,14.9,33.27,买入,,
601995.SH,中金公司,20230831,中金公司：汇兑收益驱动营收增长，财富管理优势显著,点评,一般报告,平安证券,"王维逸,李冰婷,韦霁雯",2024Q4,2747600.0,,908200.0,764900.0,1.58,25.6,,7.6,,推荐,,
600919.SH,江苏银行,20230831,江苏银行：资负管理优异，量价齐控息差优势明显,点评,一般报告,华安证券,"郑小霞,刘锦慧",2025Q4,9165200.0,,5100400.0,4390400.0,2.755,2.55,,15.68,,买入,,
002466.SZ,天齐锂业,20230831,天齐锂业2023半年报业绩点评：产能规划增长，锂矿龙头再扩张,点评,一般报告,国泰君安,"于嘉懿,宁紫微,刘小华",2023Q3,,,,,7.07,,,,,增持,,80.82
600501.SH,航天晨光,20230831,航天晨光：“开源、节流、挖潜”应对产品交付节奏问题，科技创新和民用业务再突破,点评,一般报告,中泰证券,"陈鼎如,马梦泽",2023Q4,459900.0,,15800.0,12600.0,0.29,,,5.0,92.0,买入,,
688158.SH,优刻得,20230831,优刻得2023年中报点评：低毛利业务持续缩减，产品毛利率回升,点评,一般报告,东方财富证券,方科,2025Q4,148244.0,,-20529.0,-20303.0,-0.45,,,-8.82,23.45,增持,,
600502.SH,安徽建工,20230831,安徽建工：订单高增结构优化，现金流回正显著改善,点评,一般报告,安信证券,"苏多永,董文静",2023Q4,9648790.0,,335230.0,175990.0,1.03,5.1,7.4,18.2,3.6,买入,,8.2
601166.SH,兴业银行,20230831,兴业银行2023年半年报点评：对公贷款“量价双优”，资产质量持续向好,点评,一般报告,光大证券,"王一峰,蔡霆夆",2025Q4,24198000.0,,13249100.0,11462800.0,5.52,2.86,,13.22,,买入,,
601995.SH,中金公司,20230831,中金公司：汇兑收益驱动营收增长，财富管理优势显著,点评,一般报告,平安证券,"王维逸,李冰婷,韦霁雯",2025Q4,3136400.0,,1037700.0,873900.0,1.81,22.4,,8.6,,推荐,,
601838.SH,成都银行,20230831,成都银行：利息净收入增速回升，不良率降至上市银行最低——2023年中报点评,点评,一般报告,长江证券,"马祥云,周李宾",2025Q4,2931419.5,,,1713143.8,4.492,3.09,,20.33,,买入,,
002803.SZ,吉宏股份,20230831,吉宏股份2023年中报点评：业绩超预期，分红回馈股东,点评,一般报告,东方财富证券,"高博文,陈子怡,刘雪莹",2025Q4,888312.0,,74943.0,62952.0,1.66,11.14,,17.77,6.78,买入,,
600325.SH,华发股份,20230831,华发股份：业绩维持正增长，投拓聚焦核心城市,点评,一般报告,国盛证券,"金晶,夏陶",2024Q4,7265100.0,,893600.0,330800.0,1.56,7.3,,5.3,23.1,买入,,
603833.SH,欧派家居,20230831,欧派家居23H1点评：Q2利润超预期，变革加速大家居进程,点评,一般报告,长江证券,"蔡方羿,米雁翔",2025Q4,3237600.0,1035000.0,473100.0,406100.0,6.67,15.23,,15.4,9.91,买入,,
601857.SH,中国石油,20230831,中国石油：Q2归母净利润416亿元，Q3有望向上,点评,首份报告,天风证券,张樨樨,2025Q4,340892150.0,,23839024.0,16696773.0,0.91,8.5,,10.42,0.58,买入,,
002466.SZ,天齐锂业,20230831,天齐锂业2023半年报业绩点评：产能规划增长，锂矿龙头再扩张,点评,一般报告,国泰君安,"于嘉懿,宁紫微,刘小华",2023Q4,3819200.0,,,1473300.0,8.98,6.62,1.5,24.1,2.04,增持,,80.82
002555.SZ,三七互娱,20230831,三七互娱：新游发行影响利润，Q3业绩环比改善,点评,一般报告,财通证券,"潘宁河,刘洋,李跃博",2024Q4,2069056.0,,408038.0,368275.0,1.66,16.07,0.0,21.66,12.9,增持,,
300866.SZ,安克创新,20230831,安克创新23H1半年报点评：收入稳健增长，盈利能力持续改善,点评,首份报告,信达证券,"刘嘉仁,涂佳妮",,,,,,,,,,,无,,
688408.SH,中信博,20230831,中信博2023年中报点评：支架毛利率大幅修复，在手订单充足,一般,一般报告,东吴证券,"曾朵红,陈瑶,郭亚男",2024Q4,730900.0,,59300.0,49000.0,3.6,16.17,,15.74,,增持,,
688516.SH,奥特维,20230831,奥特维事件点评：中标天合光能18.9亿单晶炉订单，光伏设备持续贡献营收,点评,一般报告,民生证券,"李哲,占豪",2023Q4,615000.0,,150200.0,130100.0,8.41,20.0,1.72,37.37,15.84,推荐,,
002517.SZ,恺英网络,20230831,恺英网络23Q2点评：新游戏品类扩张，并表浙江盛和,点评,一般报告,华安证券,金荣,2024Q4,549700.0,,222500.0,177700.0,0.83,18.1,,23.1,11.95,买入,,
002641.SZ,公元股份,20230831,公元股份动态点评：行业集中度提升，2023H1净利润高增,一般,一般报告,东北证券,"濮阳,陶昕媛",2023Q4,923900.0,,63400.0,53400.0,0.43,13.34,1.21,9.78,,增持,,
300408.SZ,三环集团,20230831,三环集团：2023Q2业绩符合预期，高容产品品质持续提升——公司信息更新报告,点评,一般报告,开源证券,"罗通,傅盛盛",2025Q4,1079500.0,,408800.0,369000.0,1.93,16.7,,15.6,10.8,买入,,
002548.SZ,金新农,20230831,金新农中报点评：饲料增长明显，养殖成本优化,点评,一般报告,太平洋证券,程晓东,2024Q4,689800.0,,27100.0,16800.0,0.21,31.51,,12.3,13.4,买入,,8.5
002152.SZ,广电运通,20230831,广电运通点评报告：海外业务大幅增长，持续探索信创及数智化应用落地,点评,一般报告,万联证券,夏清莹,2023Q4,838266.0,319824.0,133551.0,95495.0,0.38,32.66,,7.44,14.67,买入,,
300718.SZ,长盛轴承,20230831,长盛轴承：23H1业绩符合预期，风电轴承业务值得期待,点评,一般报告,国盛证券,"张一鸣,刘嘉林",2023Q4,126300.0,,25600.0,22200.0,0.74,26.6,,14.2,21.1,买入,,
300558.SZ,贝达药业,20230831,贝达药业：创新管线持续推进，药品销售稳中向好,点评,一般报告,天风证券,"杨松,曹文清",2023Q4,288523.0,,20347.0,33643.0,0.81,58.54,,6.64,32.75,增持,,
688120.SH,华海清科,20230831,华海清科：盈利能力持续增强，新产品新工艺进展顺利,点评,首次评级,中邮证券,吴文吉,2025Q4,508300.0,,149500.0,140772.0,8.86,23.25,,17.4,18.34,买入,,
601390.SH,中国中铁,20230831,中国中铁：业绩稳健增长，境外及细分领域拓展表现亮眼——2023年中报点评,点评,一般报告,中信建投,竺劲,2025Q4,143719760.0,,,4295682.0,1.74,3.85,,11.84,,买入,,12.39
601800.SH,中国交建,20230831,中国交建：资产优化进行中，海外发展可期——2022年年报点评,点评,一般报告,东兴证券,赵军胜,2024Q4,82251341.0,,3722540.0,2416938.0,1.49,6.31,,7.52,12.65,强烈推荐,,
300014.SZ,亿纬锂能,20230831,亿纬锂能2023年中报点评：动储出货高增，46系列电池进展顺利,点评,一般报告,东方财富证券,"周旭辉,李京波",2024Q4,8575712.0,,866877.0,744820.0,3.64,13.72,,17.43,9.99,增持,,
600827.SH,百联股份,20230831,百联股份2023半年报点评：盈利能力稳健恢复，奥莱业态高增长,点评,一般报告,国泰君安,"刘越男,宋小寒,陈笑",2024Q4,3596200.0,,,78400.0,0.44,27.28,1.3,4.2,3.46,增持,,18.14
300945.SZ,曼卡龙,20230831,曼卡龙2023年中报点评：23H1线上渠道表现亮眼，定增募资落地再添发展势能,点评,一般报告,民生证券,"刘文正,郑紫舟,褚菁菁",2024Q4,248000.0,,14200.0,11500.0,0.44,34.0,1.16,7.0,20.95,推荐,,
002276.SZ,万马股份,20230831,万马股份2023年中报点评：业绩超预期，订单发出量同比大幅提升,点评,一般报告,中信证券,"李超,张柯",2025Q4,2502700.0,,109100.0,100500.0,0.97,11.0,,14.4,10.2,买入,,14.0
301333.SZ,诺思格,20230831,诺思格：业绩增长符合预期，新签订单快速增长,点评,一般报告,中信建投,"贺菊颖,袁清慧,阳明春",2024Q4,93818.0,,,17366.0,1.81,30.0,,9.18,,买入,,
601988.SH,中国银行,20230831,中国银行：营收增速继续领跑同业,一般,一般报告,中金,"林英奇,周基明,许鸿明,张帅帅",2023Q4,65906300.0,,30077300.0,24047700.0,0.817,4.9,6.5,8.9,,跑赢行业,,4.52
300979.SZ,华利集团,20230831,华利集团公司简评报告：Q2经营表现环比改善，费用率优化效果明显,点评,一般报告,首创证券,"陈梦,郭琦",2024Q4,2366600.0,,479000.0,378900.0,3.25,16.0,,20.9,,买入,,
002244.SZ,滨江集团,20230831,滨江集团：业绩增长稳定，销售和投资积极,点评,一般报告,招商证券,"赵可,孔嘉庆",2024Q4,5871200.0,,904200.0,506100.0,1.63,6.8,,16.2,,强烈推荐,,14.26
002555.SZ,三七互娱,20230831,三七互娱：新游发行影响利润，Q3业绩环比改善,点评,一般报告,财通证券,"潘宁河,刘洋,李跃博",2025Q4,2271075.0,,480635.0,434380.0,1.96,13.62,0.0,21.13,10.3,增持,,
603566.SH,普莱柯,20230831,普莱柯2023年半年报点评：逆势求变助力业绩增长，非瘟疫苗商业化可期,点评,一般报告,民生证券,"周泰,徐菁,韩晓飞",2025Q4,173900.0,,42200.0,40100.0,1.14,19.0,3.6,12.28,14.25,推荐,,
300785.SZ,值得买,20230831,值得买1H23点评：业绩逐步复苏，积极布局AIGC应用,点评,一般报告,东方证券,"项雯倩,吴丛露,李雨琪,詹博",2024Q4,180200.0,,25500.0,22600.0,1.14,21.1,,11.0,13.4,买入,,28.86
688408.SH,中信博,20230831,中信博2023年中报点评：支架毛利率大幅修复，在手订单充足,一般,一般报告,东吴证券,"曾朵红,陈瑶,郭亚男",2023Q4,570000.0,,34000.0,28300.0,2.08,27.98,,10.33,,增持,,
002531.SZ,天顺风能,20230831,天顺风能：2023Q2营收延续高增，海风并表贡献业绩增量,点评,一般报告,长江证券,"邬博华,司鸿历",2023Q4,1277400.0,252800.0,174700.0,152200.0,0.85,15.29,,15.6,11.92,买入,,
002244.SZ,滨江集团,20230831,滨江集团：业绩增长稳定，销售和投资积极,点评,一般报告,招商证券,"赵可,孔嘉庆",2025Q4,6751900.0,,1070800.0,562500.0,1.81,6.1,,16.0,,强烈推荐,,14.26
300979.SZ,华利集团,20230831,华利集团公司简评报告：Q2经营表现环比改善，费用率优化效果明显,点评,一般报告,首创证券,"陈梦,郭琦",2023Q4,2076500.0,,413400.0,326600.0,2.8,19.0,,21.1,,买入,,
600919.SH,江苏银行,20230831,江苏银行：资负管理优异，量价齐控息差优势明显,点评,一般报告,华安证券,"郑小霞,刘锦慧",2024Q4,8511300.0,,4440100.0,3813600.0,2.393,2.94,,15.24,,买入,,
600258.SH,首旅酒店,20230831,首旅酒店2023H1业绩点评：业绩符合预期，恢复节奏符合行业水平,点评,一般报告,国泰君安,"刘越男,于清泰",2023Q3,,,,,0.69,,,,,增持,,23.25
002276.SZ,万马股份,20230831,万马股份2023年中报点评：业绩超预期，订单发出量同比大幅提升,点评,一般报告,中信证券,"李超,张柯",2024Q4,2040200.0,,83300.0,77100.0,0.74,14.4,,12.7,13.1,买入,,14.0
600000.SH,浦发银行,20230831,浦发银行：资产质量改善，数字转型持续,点评,一般报告,华泰证券,"沈娟,安娜,贺雅亭",2024Q4,17497700.0,,,4409400.0,1.5,4.68,3.92,6.08,,增持,,8.43
601600.SH,中国铝业,20230831,中国铝业：把握国企改革机遇，铝业巨擘启航,深度,首次评级,安信证券,"覃晶晶,洪璐",2023Q4,27783070.0,,1345200.0,647850.0,0.38,15.6,0.5,11.1,5.4,增持,,6.4
601390.SH,中国中铁,20230831,中国中铁：业绩稳健增长，境外及细分领域拓展表现亮眼——2023年中报点评,点评,一般报告,中信建投,竺劲,2023Q4,124243854.0,,,3612261.0,1.46,4.58,,11.99,,买入,,12.39
301257.SZ,普蕊斯,20230831,普蕊斯：Q2收入高增，盈利能力持续修复,点评,一般报告,长江证券,"伍云飞,郭心驰",2025Q4,117500.0,36200.0,23400.0,21000.0,3.44,16.71,,14.7,11.22,买入,,
300945.SZ,曼卡龙,20230831,曼卡龙2023年中报点评：23H1线上渠道表现亮眼，定增募资落地再添发展势能,点评,一般报告,民生证券,"刘文正,郑紫舟,褚菁菁",2025Q4,295700.0,,15900.0,12900.0,0.49,30.0,1.31,7.5,18.41,推荐,,
601318.SH,中国平安,20230831,中国平安：NBV增长领跑同业，分红提升彰显信心,点评,一般报告,安信证券,张经纬,2023Q4,118275500.0,,15270900.0,11574200.0,6.356,7.62,,,,买入,,60.0
601838.SH,成都银行,20230831,成都银行：利息净收入增速回升，不良率降至上市银行最低——2023年中报点评,点评,一般报告,长江证券,"马祥云,周李宾",2024Q4,2543365.1,,,1481416.5,3.884,3.58,,20.41,,买入,,
600325.SH,华发股份,20230831,华发股份：业绩维持正增长，投拓聚焦核心城市,点评,一般报告,国盛证券,"金晶,夏陶",2023Q4,6602900.0,,739500.0,296900.0,1.4,8.1,,4.7,26.9,买入,,
600258.SH,首旅酒店,20230831,首旅酒店2023H1业绩点评：业绩符合预期，恢复节奏符合行业水平,点评,一般报告,国泰君安,"刘越男,于清泰",2025Q4,917600.0,,,131100.0,1.18,15.06,3.3,10.9,4.21,增持,,23.25
002517.SZ,恺英网络,20230831,恺英网络23Q2点评：新游戏品类扩张，并表浙江盛和,点评,一般报告,华安证券,金荣,2023Q4,474500.0,,185200.0,145700.0,0.68,22.07,,24.6,15.63,买入,,
603538.SH,美诺华,20230831,美诺华：成本、汇率、新冠扰动影响短期业绩，制剂、CDMO有望带动增长,点评,一般报告,中泰证券,"祝嘉琦,李建",2024Q4,192479.0,,32709.0,28413.0,1.33,12.2,,11.09,7.0,买入,,
300718.SZ,长盛轴承,20230831,长盛轴承：23H1业绩符合预期，风电轴承业务值得期待,点评,一般报告,国盛证券,"张一鸣,刘嘉林",2025Q4,200100.0,,41300.0,36200.0,1.21,16.3,,18.2,13.2,买入,,
688153.SH,唯捷创芯,20230831,唯捷创芯2023年中报点评：二季度业绩显著改善，L－PAMiD量产出货,点评,一般报告,民生证券,"方竞,宋晓东",2024Q4,360900.0,,52400.0,47200.0,1.13,65.0,0.0,10.45,43.6,推荐,,
600827.SH,百联股份,20230831,百联股份2023半年报点评：盈利能力稳健恢复，奥莱业态高增长,点评,一般报告,国泰君安,"刘越男,宋小寒,陈笑",2023Q4,3418500.0,,,69100.0,0.39,30.97,1.3,3.8,3.58,增持,,18.14
301333.SZ,诺思格,20230831,诺思格：业绩增长符合预期，新签订单快速增长,点评,一般报告,中信建投,"贺菊颖,袁清慧,阳明春",2025Q4,111329.0,,,20962.0,2.18,25.0,,10.02,,买入,,
603816.SH,顾家家居,20230831,顾家家居：Q2内销持续复苏，一体化整家未来可期,点评,一般报告,银河证券,陈柏儒,2024Q4,2405551.0,,310308.0,246323.0,3.0,14.15,,19.63,8.84,推荐,,
301080.SZ,百普赛斯,20230831,百普赛斯：海外常规业务40％高增长，新冠扰动基本出清,点评,一般报告,信达证券,唐爱金,2024Q4,72300.0,,29300.0,26000.0,2.17,29.55,,8.9,18.02,无,,
601988.SH,中国银行,20230831,中国银行：营收增速继续领跑同业,一般,一般报告,中金,"林英奇,周基明,许鸿明,张帅帅",2024Q4,69966000.0,,32015300.0,25443900.0,0.864,4.6,6.9,8.7,,跑赢行业,,4.52
600908.SH,无锡银行,20230831,无锡银行2023年中报点评：盈利维持高增，资产质量稳健向好,点评,一般报告,光大证券,"王一峰,赵晨阳",2023Q4,476300.0,,274400.0,245100.0,1.14,4.71,,13.35,,买入,,
300408.SZ,三环集团,20230831,三环集团：2023Q2业绩符合预期，高容产品品质持续提升——公司信息更新报告,点评,一般报告,开源证券,"罗通,傅盛盛",2023Q4,566100.0,,189900.0,171400.0,0.89,35.9,,9.4,22.8,买入,,
688266.SH,泽璟制药,20230831,泽璟制药半年报点评：多纳非尼商业化稳步推进，产品矩阵进一步优化,点评,一般报告,申港证券,曹旭特,2024Q4,162671.0,,6877.0,6719.0,0.25,171.76,,11.81,67.76,买入,,
300894.SZ,火星人,20230831,火星人2023H1点评：Q2边际改善显著,点评,一般报告,中泰证券,邓欣,2025Q4,338900.0,,54000.0,48000.0,1.17,17.5,,19.7,42.0,买入,,
000651.SZ,格力电器,20230831,格力电器2023半年报点评：超出预期的业绩增长，坚如磐石的资产负债表,点评,一般报告,光大证券,洪吉然,2023Q4,20095400.0,,3101900.0,2606200.0,4.63,8.0,6.6,23.89,8.1,买入,,46.62
600502.SH,安徽建工,20230831,安徽建工：订单高增结构优化，现金流回正显著改善,点评,一般报告,安信证券,"苏多永,董文静",2024Q4,11370140.0,,415360.0,218070.0,1.27,4.1,8.8,19.7,2.3,买入,,8.2
600501.SH,航天晨光,20230831,航天晨光：“开源、节流、挖潜”应对产品交付节奏问题，科技创新和民用业务再突破,点评,一般报告,中泰证券,"陈鼎如,马梦泽",2024Q4,550500.0,,26400.0,21000.0,0.49,,,7.9,65.0,买入,,
600729.SH,重庆百货,20230831,重庆百货2023年半年报点评：Q2业绩高增156％，当前估值仍被低估,点评,一般报告,国泰君安,"刘越男,陈笑",2023Q3,,,,,2.75,,,,,增持,,40.13
688516.SH,奥特维,20230831,奥特维事件点评：中标天合光能18.9亿单晶炉订单，光伏设备持续贡献营收,点评,一般报告,民生证券,"李哲,占豪",2025Q4,1129100.0,,279300.0,242100.0,15.63,11.0,3.2,36.32,8.69,推荐,,
601857.SH,中国石油,20230831,中国石油：Q2归母净利润416亿元，Q3有望向上,点评,首份报告,天风证券,张樨樨,2024Q4,335054808.0,,23501218.0,16460175.0,0.9,8.62,,10.83,0.68,买入,,
002851.SZ,麦格米特,20230831,麦格米特：各产品线深化发展，股权投资成效凸显,点评,一般报告,长江证券,"邬博华,赵智勇,司鸿历,曹小敏",2024Q4,865400.0,208100.0,115600.0,108200.0,2.16,14.46,,19.1,21.8,买入,,
688696.SH,极米科技,20230831,极米科技2023年半年报点评：收入颇具压力，盈利能力承压,点评,一般报告,长江证券,"管泉森,莫云皓",2023Q4,355300.0,119800.0,29000.0,34800.0,4.97,24.61,,10.0,43.87,买入,,
002803.SZ,吉宏股份,20230831,吉宏股份2023年中报点评：业绩超预期，分红回馈股东,点评,一般报告,东方财富证券,"高博文,陈子怡,刘雪莹",2023Q4,686071.0,,47213.0,40650.0,1.07,17.26,,16.92,11.94,买入,,
600900.SH,长江电力,20230831,长江电力2023年中报点评：来水偏枯拖累业绩，但收入端等表现亮眼,一般,一般报告,中信证券,李想,2025Q4,9211300.0,,4848300.0,3885800.0,1.59,13.8,,15.11,8.3,买入,,26.8
002624.SZ,完美世界,20230831,完美世界：业绩符合预期，看好公司未来新游利润释放——2023H1业绩点评,点评,一般报告,国泰君安,"陈筱,张昱",2024Q4,1001400.0,,,172300.0,0.89,15.76,2.8,15.9,9.42,增持,,26.7
603600.SH,永艺股份,20230831,永艺股份：利润同环比改善，静待需求回暖－－－2023年半年报点评,点评,一般报告,东北证券,"唐凯,陈渊文",2025Q4,440400.0,,43700.0,37600.0,1.13,9.02,3.71,14.13,,买入,,
603833.SH,欧派家居,20230831,欧派家居23H1点评：Q2利润超预期，变革加速大家居进程,点评,一般报告,长江证券,"蔡方羿,米雁翔",2024Q4,2811600.0,894900.0,411000.0,352700.0,5.79,17.53,,15.8,11.94,买入,,
002641.SZ,公元股份,20230831,公元股份动态点评：行业集中度提升，2023H1净利润高增,一般,一般报告,东北证券,"濮阳,陶昕媛",2025Q4,1223000.0,,86400.0,72200.0,0.59,9.86,1.38,10.93,,增持,,
601166.SH,兴业银行,20230831,兴业银行2023年半年报点评：对公贷款“量价双优”，资产质量持续向好,点评,一般报告,光大证券,"王一峰,蔡霆夆",2024Q4,23450600.0,,12473900.0,10792200.0,5.2,3.04,,13.82,,买入,,
600729.SH,重庆百货,20230831,重庆百货2023年半年报点评：Q2业绩高增156％，当前估值仍被低估,点评,一般报告,国泰君安,"刘越男,陈笑",2025Q4,2475800.0,,,165100.0,4.06,8.32,5.4,17.2,7.43,增持,,40.13
002368.SZ,太极股份,20230831,太极股份：云与数据业务发力，加速探索数据要素价值应用,点评,一般报告,中银国际,"杨思睿,王屿熙",2023Q4,1342700.0,,61300.0,54300.0,0.87,43.3,0.7,11.7,24.7,买入,,
300438.SZ,鹏辉能源,20230831,鹏辉能源：二季度业绩承压，储能业务成长性仍出色,点评,一般报告,平安证券,"皮秀,张之尧",2023Q4,1165600.0,,83000.0,76400.0,1.66,23.3,,16.2,14.1,推荐,,
601058.SH,赛轮轮胎,20230831,赛轮轮胎：23Q2业绩超预期，轮胎行业景气上行,点评,一般报告,广发证券,"邓先河,吴鑫然,郭齐坤",2025Q4,3076500.0,,395400.0,344900.0,1.13,10.6,,16.4,6.75,买入,,16.48
601058.SH,赛轮轮胎,20230831,赛轮轮胎：23Q2业绩超预期，轮胎行业景气上行,点评,一般报告,广发证券,"邓先河,吴鑫然,郭齐坤",2024Q4,2697500.0,,324400.0,282900.0,0.92,12.93,,16.1,8.01,买入,,16.48
601058.SH,赛轮轮胎,20230831,赛轮轮胎：23Q2业绩超预期，轮胎行业景气上行,点评,一般报告,广发证券,"邓先河,吴鑫然,郭齐坤",2023Q4,2397800.0,,289300.0,252300.0,0.82,14.49,,17.1,9.21,买入,,16.48
601058.SH,赛轮轮胎,20230831,赛轮轮胎：Q2业绩环比高增，全球化布局释放成长动能,点评,首次关注,银河证券,"任文坡,翟启迪",2025Q4,2726688.0,,319719.0,293135.0,0.96,12.89,,15.38,7.47,推荐,,
601058.SH,赛轮轮胎,20230831,赛轮轮胎：Q2业绩环比高增，全球化布局释放成长动能,点评,首次关注,银河证券,"任文坡,翟启迪",2024Q4,2489262.0,,295526.0,270272.0,0.88,13.98,,16.75,8.27,推荐,,
601058.SH,赛轮轮胎,20230831,赛轮轮胎：Q2业绩环比高增，全球化布局释放成长动能,点评,首次关注,银河证券,"任文坡,翟启迪",2023Q4,2273420.0,,254686.0,231678.0,0.76,16.31,,17.25,9.81,推荐,,
601009.SH,南京银行,20230831,南京银行2023年中报点评：息差韧性强劲，经营趋稳向好,点评,一般报告,中信证券,"肖斐斐,彭博,林楠",2025Q4,5634200.0,,2860000.0,2448600.0,,,,,,增持,,12.0
601009.SH,南京银行,20230831,南京银行2023年中报点评：息差韧性强劲，经营趋稳向好,点评,一般报告,中信证券,"肖斐斐,彭博,林楠",2024Q4,5006000.0,,2544100.0,2172700.0,,,,,,增持,,12.0
601009.SH,南京银行,20230831,南京银行2023年中报点评：息差韧性强劲，经营趋稳向好,点评,一般报告,中信证券,"肖斐斐,彭博,林楠",2023Q4,4611000.0,,2331600.0,1982200.0,,,,,,增持,,12.0
600905.SH,三峡能源,20230831,三峡能源：新能源发电规模持续扩大，海风引领者优势明显,点评,一般报告,中信建投,"高兴,罗焱曦",2025Q4,4120550.0,,1629360.0,1285540.0,0.45,,,,,买入,,8.0
600905.SH,三峡能源,20230831,三峡能源：新能源发电规模持续扩大，海风引领者优势明显,点评,一般报告,中信建投,"高兴,罗焱曦",2024Q4,3488430.0,,1406110.0,1109400.0,0.39,,,,,买入,,8.0
600905.SH,三峡能源,20230831,三峡能源：新能源发电规模持续扩大，海风引领者优势明显,点评,一般报告,中信建投,"高兴,罗焱曦",2023Q4,2856310.0,,1152870.0,909590.0,0.32,,,,,买入,,8.0
600875.SH,东方电气,20230831,东方电气：1H23业绩符合预期，新增生效订单同比＋33％,点评,一般报告,中金,"曲昊源,刘佳妮,曾韬",2024Q4,7782100.0,,537500.0,455900.0,1.46,12.1,2.6,11.6,5.5,跑赢行业,,23.9
600875.SH,东方电气,20230831,东方电气：1H23业绩符合预期，新增生效订单同比＋33％,点评,一般报告,中金,"曲昊源,刘佳妮,曾韬",2023Q4,6666200.0,,438500.0,372900.0,1.2,14.7,2.1,10.3,8.0,跑赢行业,,23.9
600765.SH,中航重机,20230831,中航重机2023年中报点评：盈利能力稳健上升，航空、锻造共振将持续支撑业绩,点评,一般报告,东吴证券,"苏立赞,许牧",2025Q4,1962900.0,,324400.0,252000.0,1.71,15.72,,15.47,,买入,,
600765.SH,中航重机,20230831,中航重机2023年中报点评：盈利能力稳健上升，航空、锻造共振将持续支撑业绩,点评,一般报告,东吴证券,"苏立赞,许牧",2024Q4,1618200.0,,259000.0,201200.0,1.37,19.7,,14.61,,买入,,
600765.SH,中航重机,20230831,中航重机2023年中报点评：盈利能力稳健上升，航空、锻造共振将持续支撑业绩,点评,一般报告,东吴证券,"苏立赞,许牧",2023Q4,1315500.0,,206800.0,160600.0,1.09,24.67,,13.67,,买入,,
002832.SZ,比音勒芬,20230831,比音勒芬：23H1直营快速复苏，高端男装多品牌发展启航,点评,一般报告,中信建投,"叶乐,魏中泰",2024Q4,426400.0,,132500.0,112700.0,1.97,17.9,,19.3,12.2,买入,,
002832.SZ,比音勒芬,20230831,比音勒芬：23H1直营快速复苏，高端男装多品牌发展启航,点评,一般报告,中信建投,"叶乐,魏中泰",2023Q4,353500.0,,109100.0,92800.0,1.63,21.8,,19.0,14.7,买入,,
002810.SZ,山东赫达,20230831,山东赫达2023年中报点评报告：Q2业绩环比改善，高青一期产能逐步释放,一般,一般报告,国海证券,"李永磊,董伯骏,杨丽蓉",2025Q4,281600.0,,70100.0,61400.0,1.79,9.88,,18.0,7.13,买入,,
002810.SZ,山东赫达,20230831,山东赫达2023年中报点评报告：Q2业绩环比改善，高青一期产能逐步释放,一般,一般报告,国海证券,"李永磊,董伯骏,杨丽蓉",2024Q4,242900.0,,55300.0,48400.0,1.41,12.52,,18.0,9.12,买入,,
002810.SZ,山东赫达,20230831,山东赫达2023年中报点评报告：Q2业绩环比改善，高青一期产能逐步释放,一般,一般报告,国海证券,"李永磊,董伯骏,杨丽蓉",2023Q4,204200.0,,43400.0,37200.0,1.09,16.29,,17.0,12.42,买入,,
002605.SZ,姚记科技,20230831,姚记科技：上半年业绩高增长，关注游戏及新业务表现,点评,一般报告,国信证券,张衡,2025Q4,568400.0,,126900.0,106975.0,2.595,11.7,2.5,22.9,12.7,增持,,
002605.SZ,姚记科技,20230831,姚记科技：上半年业绩高增长，关注游戏及新业务表现,点评,一般报告,国信证券,张衡,2024Q4,508400.0,,113800.0,95961.0,2.328,13.1,2.3,24.5,13.7,增持,,
600009.SH,上海机场,20230831,上海机场2023年中报点评：民航需求持续复苏，盈利能力不断修复,点评,一般报告,光大证券,"程新星,卢浩敏",2025Q4,1819500.0,,878200.0,605500.0,2.43,16.0,1.9,12.2,7.9,增持,,
600009.SH,上海机场,20230831,上海机场2023年中报点评：民航需求持续复苏，盈利能力不断修复,点评,一般报告,光大证券,"程新星,卢浩敏",2024Q4,1560100.0,,606300.0,417500.0,1.68,23.0,1.3,9.3,10.6,增持,,
600009.SH,上海机场,20230831,上海机场2023年中报点评：民航需求持续复苏，盈利能力不断修复,点评,一般报告,光大证券,"程新星,卢浩敏",2023Q4,1111400.0,,163800.0,108300.0,0.44,91.0,0.0,2.66,20.4,增持,,
301548.SZ,崇德科技,20230831,崇德科技,新股,首份报告,华金证券,李蕙,,,,,,,,,,,无,,
301267.SZ,华厦眼科,20230831,华厦眼科：白内障业务快速增长，规模效应逐步显现,点评,一般报告,财通证券,张文录,2025Q4,667846.0,,148128.0,111411.0,1.326,39.11,0.0,14.23,19.1,增持,,
301267.SZ,华厦眼科,20230831,华厦眼科：白内障业务快速增长，规模效应逐步显现,点评,一般报告,财通证券,张文录,2024Q4,540766.0,,119996.0,90270.0,1.075,48.27,0.0,13.44,23.0,增持,,
301267.SZ,华厦眼科,20230831,华厦眼科：白内障业务快速增长，规模效应逐步显现,点评,一般报告,财通证券,张文录,2023Q4,425800.0,,92824.0,69851.0,0.832,62.38,0.0,12.02,34.6,增持,,
600027.SH,华电国际,20230831,华电国际2023年半年报点评：煤价趋势下行，业绩持续改善,点评,一般报告,民生证券,"严家源,赵国利",2025Q4,12289500.0,,948700.0,607200.0,0.59,8.6,7.05,8.61,8.62,谨慎推荐,,6.24
600027.SH,华电国际,20230831,华电国际2023年半年报点评：煤价趋势下行，业绩持续改善,点评,一般报告,民生证券,"严家源,赵国利",2024Q4,11949400.0,,902300.0,577500.0,0.56,9.1,6.46,8.64,8.91,谨慎推荐,,6.24
600027.SH,华电国际,20230831,华电国际2023年半年报点评：煤价趋势下行，业绩持续改善,点评,一般报告,民生证券,"严家源,赵国利",2023Q4,11498600.0,,832900.0,533100.0,0.52,9.8,5.87,8.44,9.41,谨慎推荐,,6.24
600027.SH,华电国际,20230831,华电国际2023半年报点评：业绩符合预期，火电仍有修复空间,点评,一般报告,国泰君安,"汪玥,于鸿光,孙辉贤",2025Q4,12477100.0,,,729000.0,0.71,7.17,7.0,9.3,4.59,增持,,7.18
600027.SH,华电国际,20230831,华电国际2023半年报点评：业绩符合预期，火电仍有修复空间,点评,一般报告,国泰君安,"汪玥,于鸿光,孙辉贤",2024Q4,12310300.0,,,656200.0,0.64,7.96,6.3,8.7,5.48,增持,,7.18
600027.SH,华电国际,20230831,华电国际2023半年报点评：业绩符合预期，火电仍有修复空间,点评,一般报告,国泰君安,"汪玥,于鸿光,孙辉贤",2023Q4,12203700.0,,,587400.0,0.57,8.9,5.6,8.2,6.02,增持,,7.18
600027.SH,华电国际,20230831,华电国际2023半年报点评：业绩符合预期，火电仍有修复空间,点评,一般报告,国泰君安,"汪玥,于鸿光,孙辉贤",2023Q3,,,,,0.43,,,,,增持,,7.18
600760.SH,中航沈飞,20230831,中航沈飞：业绩较快增长，盈利能力稳定提升,点评,首次关注,中邮证券,"鲍学博,王煜童",2025Q4,6165800.0,,500900.0,449276.0,1.63,27.29,,19.2,15.9,买入,,
600760.SH,中航沈飞,20230831,中航沈飞：业绩较快增长，盈利能力稳定提升,点评,首次关注,中邮证券,"鲍学博,王煜童",2024Q4,5365200.0,,407900.0,361757.0,1.31,33.89,,19.1,20.62,买入,,
600760.SH,中航沈飞,20230831,中航沈飞：业绩较快增长，盈利能力稳定提升,点评,首次关注,中邮证券,"鲍学博,王煜童",2023Q4,4709600.0,,338700.0,299067.0,1.09,40.99,,19.5,25.57,买入,,
600690.SH,海尔智家,20230831,海尔智家：空调业务经营改善，Q2收入业绩稳健增长,点评,一般报告,安信证券,"张立聪,韩星雨",2025Q4,29834000.0,,2619000.0,2163000.0,2.29,10.2,3.9,16.7,3.6,买入,,28.32
600690.SH,海尔智家,20230831,海尔智家：空调业务经营改善，Q2收入业绩稳健增长,点评,一般报告,安信证券,"张立聪,韩星雨",2024Q4,28123000.0,,2345000.0,1936000.0,2.05,11.4,3.5,16.6,4.9,买入,,28.32
600690.SH,海尔智家,20230831,海尔智家：空调业务经营改善，Q2收入业绩稳健增长,点评,一般报告,安信证券,"张立聪,韩星雨",2023Q4,26334000.0,,2023000.0,1671000.0,1.77,13.2,3.0,15.9,5.7,买入,,28.32
600552.SH,凯盛科技,20230831,凯盛科技：新材料业务稳步拓展，看好公司中长期成长,点评,一般报告,天风证券,"鲍荣富,潘暕,王涛,熊可为",2025Q4,747595.0,,76994.0,39606.0,0.42,24.64,,8.27,9.93,买入,,
600552.SH,凯盛科技,20230831,凯盛科技：新材料业务稳步拓展，看好公司中长期成长,点评,一般报告,天风证券,"鲍荣富,潘暕,王涛,熊可为",2024Q4,655614.0,,48643.0,25022.0,0.26,39.0,,5.73,11.4,买入,,
600552.SH,凯盛科技,20230831,凯盛科技：新材料业务稳步拓展，看好公司中长期成长,点评,一般报告,天风证券,"鲍荣富,潘暕,王涛,熊可为",2023Q4,557786.0,,33898.0,17437.0,0.18,55.96,,4.15,14.42,买入,,
688018.SH,乐鑫科技,20230831,乐鑫科技：深耕物联网通信领域，AI＋IoT蓄势待发,深度,首次评级,国金证券,樊志远,2024Q4,190680.0,77600.0,12500.0,16200.0,2.004,59.18,,7.45,,买入,,150.29
688018.SH,乐鑫科技,20230831,乐鑫科技：深耕物联网通信领域，AI＋IoT蓄势待发,深度,首次评级,国金证券,樊志远,2023Q4,147640.0,59500.0,9000.0,11600.0,1.439,82.38,,5.79,,买入,,150.29
688017.SH,绿的谐波,20230831,绿的谐波：2Q23业绩仍低于预期，全年阶段性承压,点评,一般报告,中金,"郭威秀,曾韬,王梓琳,江鹏",2024Q4,62720.0,28170.0,20600.0,18030.0,1.07,111.2,0.1,8.4,79.4,跑赢行业,,133.0
688017.SH,绿的谐波,20230831,绿的谐波：2Q23业绩仍低于预期，全年阶段性承压,点评,一般报告,中金,"郭威秀,曾韬,王梓琳,江鹏",2023Q4,48200.0,21860.0,16700.0,14630.0,0.87,137.0,0.1,7.3,107.4,跑赢行业,,133.0
688006.SH,杭可科技,20230831,杭可科技：海外业务增速亮眼，业绩大幅增长,点评,一般报告,安信证券,"郭倩倩,陈之馨",2025Q4,951800.0,,221280.0,201370.0,3.34,8.2,4.0,30.7,5.8,买入,,34.21
688006.SH,杭可科技,20230831,杭可科技：海外业务增速亮眼，业绩大幅增长,点评,一般报告,安信证券,"郭倩倩,陈之馨",2024Q4,720880.0,,165450.0,150560.0,2.49,10.9,3.2,28.9,7.7,买入,,34.21
688006.SH,杭可科技,20230831,杭可科技：海外业务增速亮眼，业绩大幅增长,点评,一般报告,安信证券,"郭倩倩,陈之馨",2023Q4,498200.0,,113510.0,103300.0,1.71,16.0,2.1,24.4,11.8,买入,,34.21
605116.SH,奥锐特,20230831,奥锐特：库存、激励费用短期扰动，重磅制剂即将放量,一般,一般报告,中泰证券,"祝嘉琦,李建",2025Q4,229817.0,,51100.0,44742.0,1.1,19.54,,18.73,15.0,买入,,
605116.SH,奥锐特,20230831,奥锐特：库存、激励费用短期扰动，重磅制剂即将放量,一般,一般报告,中泰证券,"祝嘉琦,李建",2024Q4,172783.0,,39300.0,34406.0,0.85,25.41,,16.15,18.0,买入,,
605116.SH,奥锐特,20230831,奥锐特：库存、激励费用短期扰动，重磅制剂即将放量,一般,一般报告,中泰证券,"祝嘉琦,李建",2023Q4,131426.0,,30100.0,26383.0,0.65,33.13,,13.66,24.0,买入,,
605006.SH,山东玻纤,20230831,山东玻纤：底部扎实推进扩产和产品高端化，盈利挖潜空间大,点评,一般报告,中泰证券,"孙颖,韩宇",2025Q4,437300.0,,65800.0,55500.0,0.91,,,15.1,68.0,买入,,
605006.SH,山东玻纤,20230831,山东玻纤：底部扎实推进扩产和产品高端化，盈利挖潜空间大,点评,一般报告,中泰证券,"孙颖,韩宇",2024Q4,360900.0,,45600.0,38500.0,0.63,,,11.9,97.0,买入,,
600023.SH,浙能电力,20230831,浙能电力：火电盈利显著修复，业绩弹性仍待进一步释放,点评,一般报告,天风证券,郭丽丽,2025Q4,8819936.0,,1214009.0,939036.0,0.7,6.28,,11.6,2.47,买入,,
600023.SH,浙能电力,20230831,浙能电力：火电盈利显著修复，业绩弹性仍待进一步释放,点评,一般报告,天风证券,郭丽丽,2024Q4,8526823.0,,1105005.0,854722.0,0.64,6.9,,11.49,3.35,买入,,
600023.SH,浙能电力,20230831,浙能电力：火电盈利显著修复，业绩弹性仍待进一步释放,点评,一般报告,天风证券,郭丽丽,2023Q4,8502303.0,,989245.0,765181.0,0.57,7.71,,11.06,4.12,买入,,
600489.SH,中金黄金,20230831,中金黄金2023年中报点评：业绩再创历史新高，长期增量值得期待,点评,一般报告,中信证券,"拜俊飞,敖翀",2025Q4,6745000.0,,530800.0,359500.0,0.74,15.0,,11.7,11.7,买入,,13.0
600489.SH,中金黄金,20230831,中金黄金2023年中报点评：业绩再创历史新高，长期增量值得期待,点评,一般报告,中信证券,"拜俊飞,敖翀",2024Q4,6371000.0,,487900.0,338500.0,0.7,15.9,,11.6,12.3,买入,,13.0
600489.SH,中金黄金,20230831,中金黄金2023年中报点评：业绩再创历史新高，长期增量值得期待,点评,一般报告,中信证券,"拜俊飞,敖翀",2023Q4,5753900.0,,452400.0,313800.0,0.65,17.1,,11.4,13.1,买入,,13.0
600422.SH,昆药集团,20230831,昆药集团2023年半年报点评报告：业务整合变革，业绩短期波动,点评,一般报告,国海证券,"周小刚,年庆功",2025Q4,1127900.0,,114800.0,92000.0,1.21,12.85,,13.0,8.08,买入,,
600422.SH,昆药集团,20230831,昆药集团2023年半年报点评报告：业务整合变革，业绩短期波动,点评,一般报告,国海证券,"周小刚,年庆功",2024Q4,1012300.0,,92000.0,73700.0,0.97,16.03,,12.0,10.26,买入,,
600422.SH,昆药集团,20230831,昆药集团2023年半年报点评报告：业务整合变革，业绩短期波动,点评,一般报告,国海证券,"周小刚,年庆功",2023Q4,910200.0,,74300.0,59600.0,0.79,19.85,,11.0,12.96,买入,,
600422.SH,昆药集团,20230831,昆药集团：持续构建两大核心平台，看好经营质量稳步提升,点评,一般报告,中信建投,"贺菊颖,刘若飞,袁全",2025Q4,1203900.0,,,95100.0,1.25,12.4,,13.6,,买入,,
600422.SH,昆药集团,20230831,昆药集团：持续构建两大核心平台，看好经营质量稳步提升,点评,一般报告,中信建投,"贺菊颖,刘若飞,袁全",2024Q4,1069500.0,,,76900.0,1.01,15.4,,12.4,,买入,,
600422.SH,昆药集团,20230831,昆药集团：持续构建两大核心平台，看好经营质量稳步提升,点评,一般报告,中信建投,"贺菊颖,刘若飞,袁全",2023Q4,945100.0,,,61000.0,0.8,19.4,,11.0,,买入,,
600329.SH,达仁堂,20230831,达仁堂：营销优化提振业绩，“三核九翼”开启新征程,一般,首次评级,天风证券,杨松,2025Q4,1160886.0,,190532.0,167120.0,2.17,16.03,,21.68,11.75,买入,,42.66
600329.SH,达仁堂,20230831,达仁堂：营销优化提振业绩，“三核九翼”开启新征程,一般,首次评级,天风证券,杨松,2024Q4,1036344.0,,155021.0,136133.0,1.77,19.67,,18.56,13.73,买入,,42.66
600329.SH,达仁堂,20230831,达仁堂：营销优化提振业绩，“三核九翼”开启新征程,一般,首次评级,天风证券,杨松,2023Q4,929173.0,,125236.0,109455.0,1.42,24.47,,15.77,17.93,买入,,42.66
600298.SH,安琪酵母,20230831,安琪酵母公司半年报：23Q2酵母主业稳健增长，盈利承压,点评,一般报告,海通国际证券,"颜慧菁,吴岱禹",2025Q4,1889600.0,,243400.0,204700.0,2.36,13.87,0.0,14.6,10.85,优于大市,,50.1
600298.SH,安琪酵母,20230831,安琪酵母公司半年报：23Q2酵母主业稳健增长，盈利承压,点评,一般报告,海通国际证券,"颜慧菁,吴岱禹",2024Q4,1655500.0,,204300.0,171000.0,1.97,16.6,0.0,14.3,13.54,优于大市,,50.1
600298.SH,安琪酵母,20230831,安琪酵母公司半年报：23Q2酵母主业稳健增长，盈利承压,点评,一般报告,海通国际证券,"颜慧菁,吴岱禹",2023Q4,1451000.0,,171400.0,144900.0,1.67,19.59,0.0,14.1,14.44,优于大市,,50.1
603708.SH,家家悦,20230831,家家悦：省外逐步减亏，新业态顺利推进,点评,一般报告,财通证券,"于健,李跃博",2023Q4,1873987.0,,39070.0,28912.0,0.45,26.4,0.0,10.8,16.1,增持,,
603477.SH,巨星农牧,20230831,巨星农牧：成本优势显著成长性极佳，巨星集团入主兑现度更高——公司信息更新报告,点评,一般报告,开源证券,"陈雪丽,王高展",2025Q4,1175300.0,,194300.0,193000.0,3.81,6.9,,29.2,5.8,买入,,
603477.SH,巨星农牧,20230831,巨星农牧：成本优势显著成长性极佳，巨星集团入主兑现度更高——公司信息更新报告,点评,一般报告,开源证券,"陈雪丽,王高展",2024Q4,868700.0,,101600.0,102000.0,2.02,13.1,,21.7,10.7,买入,,
603477.SH,巨星农牧,20230831,巨星农牧：成本优势显著成长性极佳，巨星集团入主兑现度更高——公司信息更新报告,点评,一般报告,开源证券,"陈雪丽,王高展",2023Q4,509700.0,,9000.0,8800.0,0.17,152.0,,2.4,36.1,买入,,
603477.SH,巨星农牧,20230831,巨星农牧2023年中报点评：23H1猪价低迷拖累业绩，公司生猪出栏量实现高速增长,点评,一般报告,西部证券,熊航,2025Q4,1095000.0,,148800.0,152400.0,3.01,8.8,,26.5,,买入,,
603477.SH,巨星农牧,20230831,巨星农牧2023年中报点评：23H1猪价低迷拖累业绩，公司生猪出栏量实现高速增长,点评,一般报告,西部证券,熊航,2024Q4,978900.0,,134100.0,134200.0,2.65,10.0,,30.9,,买入,,
603477.SH,巨星农牧,20230831,巨星农牧2023年中报点评：23H1猪价低迷拖累业绩，公司生猪出栏量实现高速增长,点评,一般报告,西部证券,熊航,2023Q4,510100.0,,3300.0,3500.0,0.07,385.6,,0.9,,买入,,
603288.SH,海天味业,20230831,海天味业：需求疲软＋内部调整，收入增长短期承压,点评,一般报告,广发证券,"王永锋,方一苇",2025Q4,3333000.0,,991300.0,842600.0,1.52,26.28,,21.02,19.56,买入,,50.47
603288.SH,海天味业,20230831,海天味业：需求疲软＋内部调整，收入增长短期承压,点评,一般报告,广发证券,"王永锋,方一苇",2024Q4,2963300.0,,842100.0,715700.0,1.29,30.94,,20.68,23.29,买入,,50.47
603288.SH,海天味业,20230831,海天味业：需求疲软＋内部调整，收入增长短期承压,点评,一般报告,广发证券,"王永锋,方一苇",2023Q4,2619500.0,,733600.0,623600.0,1.12,35.51,,20.51,26.75,买入,,50.47
603229.SH,奥翔药业,20230831,奥翔药业：业绩持续强劲、研发驱动增长，新业务即将收获,一般,一般报告,中泰证券,"祝嘉琦,李建",2025Q4,183226.0,,60900.0,56054.0,0.96,13.93,,20.25,12.0,买入,,
603229.SH,奥翔药业,20230831,奥翔药业：业绩持续强劲、研发驱动增长，新业务即将收获,一般,一般报告,中泰证券,"祝嘉琦,李建",2024Q4,133392.0,,43500.0,39995.0,0.68,19.52,,16.47,16.0,买入,,
603229.SH,奥翔药业,20230831,奥翔药业：业绩持续强劲、研发驱动增长，新业务即将收获,一般,一般报告,中泰证券,"祝嘉琦,李建",2023Q4,100792.0,,33300.0,30674.0,0.52,25.45,,13.96,22.0,买入,,
603197.SH,保隆科技,20230831,保隆科技：盈利能力持续改善，空气悬架规模效应初显,点评,一般报告,信达证券,陆嘉敏,2025Q4,1077100.0,,100300.0,70500.0,3.37,17.12,,17.2,9.18,买入,,
603197.SH,保隆科技,20230831,保隆科技：盈利能力持续改善，空气悬架规模效应初显,点评,一般报告,信达证券,陆嘉敏,2024Q4,840100.0,,75500.0,54700.0,2.62,22.08,,15.9,12.42,买入,,
603197.SH,保隆科技,20230831,保隆科技：盈利能力持续改善，空气悬架规模效应初显,点评,一般报告,信达证券,陆嘉敏,2023Q4,654400.0,,57700.0,41800.0,2.0,28.91,,14.3,15.59,买入,,
603136.SH,天目湖,20230831,天目湖：积极推进多业态及项目建设，优质增量强化稀缺性,点评,一般报告,中信建投,"刘乐文,陈如练,于佳琪",2025Q4,90523.0,,40452.0,27305.0,1.47,,,16.41,7.79,增持,,
603136.SH,天目湖,20230831,天目湖：积极推进多业态及项目建设，优质增量强化稀缺性,点评,一般报告,中信建投,"刘乐文,陈如练,于佳琪",2024Q4,79920.0,,33603.0,23186.0,1.24,,,15.74,9.65,增持,,
603136.SH,天目湖,20230831,天目湖：积极推进多业态及项目建设，优质增量强化稀缺性,点评,一般报告,中信建投,"刘乐文,陈如练,于佳琪",2023Q4,66992.0,,25253.0,17614.0,0.95,,,13.44,12.74,增持,,
603136.SH,天目湖,20230831,天目湖2023年中报点评：业务持续复苏，国资完成入主,点评,一般报告,中信证券,"姜娅,杨清朴,李振寰",2025Q4,87600.0,,40000.0,25500.0,1.37,17.3,,14.9,10.6,增持,,29.0
603136.SH,天目湖,20230831,天目湖2023年中报点评：业务持续复苏，国资完成入主,点评,一般报告,中信证券,"姜娅,杨清朴,李振寰",2024Q4,78000.0,,33700.0,21500.0,1.15,20.6,,14.1,12.4,增持,,29.0
603136.SH,天目湖,20230831,天目湖2023年中报点评：业务持续复苏，国资完成入主,点评,一般报告,中信证券,"姜娅,杨清朴,李振寰",2023Q4,68100.0,,27300.0,17400.0,0.93,25.5,,12.8,14.8,增持,,29.0
603118.SH,共进股份,20230831,共进股份2023年半年报点评：盈利能力持续提升，海外业务拓展成果显著,点评,一般报告,华创证券,欧子兴,2025Q4,1899200.0,,80500.0,74200.0,0.94,12.0,,11.3,11.0,强推,,14.0
002273.SZ,水晶光电,20230831,水晶光电：1H23微棱镜前置投入短期影响利润，看好2H业绩贡献,点评,一般报告,华泰证券,"陈旭东,黄乐平,王心怡",2025Q4,758170.0,212570.0,102600.0,93798.0,0.67,15.6,,9.6,8.72,买入,,15.4
002273.SZ,水晶光电,20230831,水晶光电：1H23微棱镜前置投入短期影响利润，看好2H业绩贡献,点评,一般报告,华泰证券,"陈旭东,黄乐平,王心怡",2024Q4,674560.0,185380.0,88892.0,80719.0,0.58,18.12,,8.88,10.12,买入,,15.4
002273.SZ,水晶光电,20230831,水晶光电：1H23微棱镜前置投入短期影响利润，看好2H业绩贡献,点评,一般报告,华泰证券,"陈旭东,黄乐平,王心怡",2023Q4,568270.0,152410.0,68403.0,61397.0,0.44,23.83,,7.18,13.21,买入,,15.4
002266.SZ,浙富控股,20230831,浙富控股：危废资源化为主＋清洁能源装备发力，业绩逐渐修复,点评,一般报告,申万宏源证券,"查浩,傅浩玮,莫龙庭",2025Q4,2067600.0,,248800.0,220400.0,0.42,10.0,,13.1,,买入,,
002266.SZ,浙富控股,20230831,浙富控股：危废资源化为主＋清洁能源装备发力，业绩逐渐修复,点评,一般报告,申万宏源证券,"查浩,傅浩玮,莫龙庭",2024Q4,1905700.0,,214200.0,190700.0,0.364,11.0,,13.0,,买入,,
002266.SZ,浙富控股,20230831,浙富控股：危废资源化为主＋清洁能源装备发力，业绩逐渐修复,点评,一般报告,申万宏源证券,"查浩,傅浩玮,莫龙庭",2023Q4,1728300.0,,187900.0,166300.0,0.317,13.0,,13.0,,买入,,
002244.SZ,滨江集团,20230831,滨江集团：营收业绩大幅增长，销售跻身行业TOP10,点评,一般报告,中银国际,"夏亦丰,许佳璐",2025Q4,6777300.0,,1016300.0,556400.0,1.79,,3.4,15.9,7.9,买入,,
002244.SZ,滨江集团,20230831,滨江集团：营收业绩大幅增长，销售跻身行业TOP10,点评,一般报告,中银国际,"夏亦丰,许佳璐",2024Q4,6023700.0,,887000.0,475900.0,1.53,,2.9,15.5,7.4,买入,,
002244.SZ,滨江集团,20230831,滨江集团：营收业绩大幅增长，销售跻身行业TOP10,点评,一般报告,中银国际,"夏亦丰,许佳璐",2023Q4,5128000.0,,746600.0,420000.0,1.35,,2.6,15.6,10.9,买入,,
002156.SZ,通富微电,20230831,通富微电：Q2营收及毛利率环增，但汇兑损失拖累净利,点评,一般报告,华泰证券,"黄乐平,丁宁,廖健雄",2025Q4,3248900.0,,144100.0,124900.0,0.83,24.12,,7.48,9.0,买入,,27.0
002156.SZ,通富微电,20230831,通富微电：Q2营收及毛利率环增，但汇兑损失拖累净利,点评,一般报告,华泰证券,"黄乐平,丁宁,廖健雄",2024Q4,2929900.0,,114400.0,98576.0,0.65,30.55,,6.42,11.08,买入,,27.0
002156.SZ,通富微电,20230831,通富微电：Q2营收及毛利率环增，但汇兑损失拖累净利,点评,一般报告,华泰证券,"黄乐平,丁宁,廖健雄",2023Q4,2479500.0,,50098.0,43650.0,0.29,68.99,,3.0,13.73,买入,,27.0
002153.SZ,石基信息,20230831,石基信息：核心业务逐步复苏，国际化与平台化同步推进,点评,一般报告,中金,"李虹洁,于钟海,李铭姌",2024Q4,352600.0,165200.0,27300.0,20800.0,0.08,179.4,0.1,2.7,186.5,跑赢行业,,16.0
002153.SZ,石基信息,20230831,石基信息：核心业务逐步复苏，国际化与平台化同步推进,点评,一般报告,中金,"李虹洁,于钟海,李铭姌",2023Q4,289900.0,134300.0,9600.0,5000.0,0.02,741.2,0.0,0.7,,跑赢行业,,16.0
002402.SZ,和而泰,20230831,和而泰2023年半年报点评：基础业务市场份额稳步提升，新兴业务多点开花,点评,一般报告,华创证券,欧子兴,2025Q4,1232500.0,,138400.0,111200.0,1.19,12.0,,17.7,9.0,推荐,,15.92
002402.SZ,和而泰,20230831,和而泰2023年半年报点评：基础业务市场份额稳步提升，新兴业务多点开花,点评,一般报告,华创证券,欧子兴,2024Q4,957800.0,,96400.0,77400.0,0.83,17.0,,14.5,13.0,推荐,,15.92
002402.SZ,和而泰,20230831,和而泰2023年半年报点评：基础业务市场份额稳步提升，新兴业务多点开花,点评,一般报告,华创证券,欧子兴,2023Q4,752200.0,,73900.0,59300.0,0.64,23.0,,12.7,18.0,推荐,,15.92
002368.SZ,太极股份,20230831,太极股份：云服务业务发展势头良好，信创业务拓展持续深入,点评,一般报告,平安证券,"闫磊,付强",2025Q4,1571500.0,,100400.0,87100.0,1.4,27.0,,13.8,16.0,推荐,,
603118.SH,共进股份,20230831,共进股份2023年半年报点评：盈利能力持续提升，海外业务拓展成果显著,点评,一般报告,华创证券,欧子兴,2024Q4,1520900.0,,68300.0,63000.0,0.8,14.0,,10.5,13.0,强推,,14.0
603118.SH,共进股份,20230831,共进股份2023年半年报点评：盈利能力持续提升，海外业务拓展成果显著,点评,一般报告,华创证券,欧子兴,2023Q4,1198900.0,,54800.0,50300.0,0.64,18.0,,9.1,17.0,强推,,14.0
601933.SH,永辉超市,20230831,永辉超市：门店优化调整，供应链效率提升,点评,一般报告,安信证券,"王朔,夏心怡",2025Q4,9474470.0,,96960.0,89010.0,0.1,33.3,0.0,9.3,0.6,中性,,3.73
601933.SH,永辉超市,20230831,永辉超市：门店优化调整，供应链效率提升,点评,一般报告,安信证券,"王朔,夏心怡",2024Q4,9084800.0,,68700.0,65290.0,0.07,45.5,0.0,7.5,0.8,中性,,3.73
601933.SH,永辉超市,20230831,永辉超市：门店优化调整，供应链效率提升,点评,一般报告,安信证券,"王朔,夏心怡",2023Q4,8788610.0,,35040.0,34060.0,0.04,87.1,0.0,4.2,3.6,中性,,3.73
601882.SH,海天精工,20230831,海天精工中报点评：机床行业需求承压，领军企业逆势增长,点评,一般报告,东方证券,"杨震,刘嘉倩",2025Q4,514000.0,,101700.0,88100.0,1.69,18.1,,26.6,14.8,增持,,34.72
601882.SH,海天精工,20230831,海天精工中报点评：机床行业需求承压，领军企业逆势增长,点评,一般报告,东方证券,"杨震,刘嘉倩",2024Q4,437100.0,,85400.0,73900.0,1.42,21.5,,27.3,17.6,增持,,34.72
601882.SH,海天精工,20230831,海天精工中报点评：机床行业需求承压，领军企业逆势增长,点评,一般报告,东方证券,"杨震,刘嘉倩",2023Q4,355900.0,,74500.0,64500.0,1.24,24.7,,29.2,21.3,增持,,34.72
601800.SH,中国交建,20230831,中国交建：海外订单回暖，特许经营业务持续减亏,点评,一般报告,国信证券,"任鹤,朱家琪,卢思宇",2025Q4,95047400.0,,4507600.0,2842900.0,1.748,5.3,10.3,9.0,23.1,买入,,
601800.SH,中国交建,20230831,中国交建：海外订单回暖，特许经营业务持续减亏,点评,一般报告,国信证券,"任鹤,朱家琪,卢思宇",2024Q4,85190900.0,,3946600.0,2489100.0,1.53,6.1,9.0,8.21,23.8,买入,,
601800.SH,中国交建,20230831,中国交建：海外订单回暖，特许经营业务持续减亏,点评,一般报告,国信证券,"任鹤,朱家琪,卢思宇",2023Q4,75564000.0,,3462900.0,2184000.0,1.343,6.9,7.9,7.48,24.4,买入,,
601633.SH,长城汽车,20230831,长城汽车系列点评七十九：23Q2业绩环比改善，新能源快速增长,点评,一般报告,华西证券,崔琰,2025Q4,25169600.0,,1110400.0,985000.0,1.159,23.96,,11.4,,买入,,
601633.SH,长城汽车,20230831,长城汽车系列点评七十九：23Q2业绩环比改善，新能源快速增长,点评,一般报告,华西证券,崔琰,2024Q4,21484600.0,,837400.0,741000.0,0.872,31.86,,9.6,,买入,,
601633.SH,长城汽车,20230831,长城汽车系列点评七十九：23Q2业绩环比改善，新能源快速增长,点评,一般报告,华西证券,崔琰,2023Q4,16353200.0,,604400.0,537700.0,0.633,43.9,,7.6,,买入,,
601609.SH,金田股份,20230831,金田股份公司简评报告：铜材产量持续增长，Q2利润环比大增,点评,首次关注,首创证券,"吴轩,刘崇娜",2025Q4,14288320.0,,154821.0,123776.0,0.84,22.69,,6.11,,增持,,
601609.SH,金田股份,20230831,金田股份公司简评报告：铜材产量持续增长，Q2利润环比大增,点评,首次关注,首创证券,"吴轩,刘崇娜",2024Q4,12994659.0,,124678.0,99678.0,0.67,9.77,,5.72,,增持,,
601609.SH,金田股份,20230831,金田股份公司简评报告：铜材产量持续增长，Q2利润环比大增,点评,首次关注,首创证券,"吴轩,刘崇娜",2023Q4,11531803.0,,87588.0,70025.0,0.47,13.91,,4.8,,增持,,
002368.SZ,太极股份,20230831,太极股份：云服务业务发展势头良好，信创业务拓展持续深入,点评,一般报告,平安证券,"闫磊,付强",2024Q4,1274300.0,,76200.0,66000.0,1.06,35.6,,11.5,19.0,推荐,,
002368.SZ,太极股份,20230831,太极股份：云服务业务发展势头良好，信创业务拓展持续深入,点评,一般报告,平安证券,"闫磊,付强",2023Q4,1044500.0,,58300.0,50600.0,0.81,46.5,,9.6,23.0,推荐,,
002335.SZ,科华数据,20230831,科华数据：1H23业绩符合预期，储能业务高增长,点评,一般报告,中金,"王颖东,李虹洁,季枫",2024Q4,1229700.0,,114400.0,98800.0,2.14,14.9,0.7,20.9,7.9,跑赢行业,,39.1
002335.SZ,科华数据,20230831,科华数据：1H23业绩符合预期，储能业务高增长,点评,一般报告,中金,"王颖东,李虹洁,季枫",2023Q4,957100.0,,93400.0,80500.0,1.74,18.3,0.5,20.1,9.7,跑赢行业,,39.1
002044.SZ,美年健康,20230831,美年健康：1H23实现扭亏为盈，持续推进高质量发展,点评,一般报告,中金,"李千翊,张琎,邹朋",2024Q4,1256800.0,,110500.0,84000.0,0.21,32.2,0.0,10.0,11.5,跑赢行业,,8.5
002044.SZ,美年健康,20230831,美年健康：1H23实现扭亏为盈，持续推进高质量发展,点评,一般报告,中金,"李千翊,张琎,邹朋",2023Q4,1108700.0,452700.0,74900.0,55300.0,0.14,48.9,0.0,7.2,13.9,跑赢行业,,8.5
002517.SZ,恺英网络,20230831,恺英网络2023年中报点评：分红彰显信心，新产品周期开启有望积极贡献增量,一般,首份报告,民生证券,陈良栋,2025Q4,716900.0,,286100.0,211900.0,0.98,15.0,0.0,21.57,10.96,推荐,,
002517.SZ,恺英网络,20230831,恺英网络2023年中报点评：分红彰显信心，新产品周期开启有望积极贡献增量,一般,首份报告,民生证券,陈良栋,2024Q4,599600.0,,235800.0,174600.0,0.81,18.0,0.0,22.67,13.2,推荐,,
002517.SZ,恺英网络,20230831,恺英网络2023年中报点评：分红彰显信心，新产品周期开启有望积极贡献增量,一般,首份报告,民生证券,陈良栋,2023Q4,483300.0,,193800.0,143500.0,0.67,22.0,0.0,24.09,16.67,推荐,,
002517.SZ,恺英网络,20230831,恺英网络：净利润表现良好，关注新品表现及AIGC／VR布局,点评,一般报告,国信证券,张衡,2025Q4,599500.0,,264300.0,237900.0,1.11,15.1,4.0,34.8,16.3,增持,,
002517.SZ,恺英网络,20230831,恺英网络：净利润表现良好，关注新品表现及AIGC／VR布局,点评,一般报告,国信证券,张衡,2024Q4,516800.0,,220100.0,201400.0,0.94,17.8,3.4,34.3,18.7,增持,,
002517.SZ,恺英网络,20230831,恺英网络：净利润表现良好，关注新品表现及AIGC／VR布局,点评,一般报告,国信证券,张衡,2023Q4,410200.0,,172700.0,149100.0,0.69,24.1,2.5,29.4,23.3,增持,,
002472.SZ,双环传动,20230831,双环传动2023年中报点评：中报符合预期，新能源、机器人成长加速,点评,一般报告,国泰君安,"吴晓飞,管正月",2025Q4,1407000.0,,,154800.0,1.81,18.75,0.7,14.3,11.52,增持,,40.15
002472.SZ,双环传动,20230831,双环传动2023年中报点评：中报符合预期，新能源、机器人成长加速,点评,一般报告,国泰君安,"吴晓飞,管正月",2024Q4,1115000.0,,,111600.0,1.31,26.01,0.6,12.0,15.55,增持,,40.15
002472.SZ,双环传动,20230831,双环传动2023年中报点评：中报符合预期，新能源、机器人成长加速,点评,一般报告,国泰君安,"吴晓飞,管正月",2023Q4,883000.0,,,82500.0,0.97,35.19,0.3,10.1,20.0,增持,,40.15
002472.SZ,双环传动,20230831,双环传动2023年中报点评：中报符合预期，新能源、机器人成长加速,点评,一般报告,国泰君安,"吴晓飞,管正月",2023Q3,,,,,0.69,,,,,增持,,40.15
002605.SZ,姚记科技,20230831,姚记科技：上半年业绩高增长，关注游戏及新业务表现,点评,一般报告,国信证券,张衡,2023Q4,458800.0,,91900.0,77426.0,1.878,16.2,1.8,23.9,17.5,增持,,
002597.SZ,金禾实业,20230831,金禾实业2023年中报点评：产品价格回落拖累利润，静待行业格局优化,点评,一般报告,中信证券,"王喆,李鸿钊",2025Q4,718700.0,,166600.0,143800.0,2.56,8.4,,15.4,6.3,买入,,28.0
002597.SZ,金禾实业,20230831,金禾实业2023年中报点评：产品价格回落拖累利润，静待行业格局优化,点评,一般报告,中信证券,"王喆,李鸿钊",2024Q4,611700.0,,128700.0,111100.0,1.98,10.9,,13.5,7.8,买入,,28.0
002597.SZ,金禾实业,20230831,金禾实业2023年中报点评：产品价格回落拖累利润，静待行业格局优化,点评,一般报告,中信证券,"王喆,李鸿钊",2023Q4,552400.0,,86400.0,74600.0,1.33,16.2,,10.2,10.4,买入,,28.0
688018.SH,乐鑫科技,20230831,乐鑫科技：深耕物联网通信领域，AI＋IoT蓄势待发,深度,首次评级,国金证券,樊志远,2025Q4,247800.0,101700.0,20800.0,27000.0,3.342,35.49,,11.06,,买入,,150.29
688192.SH,迪哲医药,20230831,迪哲医药：舒沃替尼获批上市首批处方落地，在研管线顺利推进,点评,一般报告,中金,"何子瑜,屈潇逸,徐紫慧,邹朋",2024Q4,32400.0,,-71800.0,-71800.0,-1.76,,0.0,-125.4,,跑赢行业,,50.31
688192.SH,迪哲医药,20230831,迪哲医药：舒沃替尼获批上市首批处方落地，在研管线顺利推进,点评,一般报告,中金,"何子瑜,屈潇逸,徐紫慧,邹朋",2023Q4,9287.0,8823.0,-82600.0,-82600.0,-2.02,,0.0,-61.4,,跑赢行业,,50.31
688180.SH,君实生物,20230831,君实生物：拓益销售快速增长，海内外新适应症获批在即,点评,首份报告,华安证券,谭国超,2025Q4,422800.0,,-21400.0,-20300.0,-0.21,,,-2.9,,买入,,
688180.SH,君实生物,20230831,君实生物：拓益销售快速增长，海内外新适应症获批在即,点评,首份报告,华安证券,谭国超,2024Q4,268500.0,,-87800.0,-83400.0,-0.85,,,-11.4,,买入,,
688180.SH,君实生物,20230831,君实生物：拓益销售快速增长，海内外新适应症获批在即,点评,首份报告,华安证券,谭国超,2023Q4,152400.0,,-146400.0,-139100.0,-1.41,,,-17.1,,买入,,
688169.SH,石头科技,20230831,石头科技2023年半年报点评：收入业绩大超预期，全球份额持续提升,点评,一般报告,民生证券,"汪海洋,王刚",2025Q4,1178300.0,,263100.0,230800.0,17.58,17.0,0.6,15.54,12.34,推荐,,
688169.SH,石头科技,20230831,石头科技2023年半年报点评：收入业绩大超预期，全球份额持续提升,点评,一般报告,民生证券,"汪海洋,王刚",2024Q4,981900.0,,217800.0,191000.0,14.55,20.0,0.5,15.0,14.69,推荐,,
688169.SH,石头科技,20230831,石头科技2023年半年报点评：收入业绩大超预期，全球份额持续提升,点评,一般报告,民生证券,"汪海洋,王刚",2023Q4,818200.0,,185300.0,162500.0,12.38,24.0,0.42,14.79,17.56,推荐,,
300918.SZ,南山智尚,20230831,南山智尚：新材料打开成长空间，公司回购彰显信心,点评,一般报告,信达证券,汲肖飞,2025Q4,278200.0,,43100.0,36200.0,1.0,11.0,,13.7,3.94,买入,,
300918.SZ,南山智尚,20230831,南山智尚：新材料打开成长空间，公司回购彰显信心,点评,一般报告,信达证券,汲肖飞,2024Q4,238800.0,,36300.0,30500.0,0.85,13.05,,13.3,5.66,买入,,
300918.SZ,南山智尚,20230831,南山智尚：新材料打开成长空间，公司回购彰显信心,点评,一般报告,信达证券,汲肖飞,2023Q4,196200.0,,27800.0,23300.0,0.65,17.04,,11.8,7.59,买入,,
300884.SZ,狄耐克,20230831,狄耐克：楼宇对讲持续领先，智慧医院加速突破,点评,一般报告,中银国际,"杨思睿,王屿熙",2025Q4,196300.0,,32500.0,30200.0,1.2,9.8,4.8,17.7,6.9,买入,,
300884.SZ,狄耐克,20230831,狄耐克：楼宇对讲持续领先，智慧医院加速突破,点评,一般报告,中银国际,"杨思睿,王屿熙",2024Q4,156700.0,,25500.0,24000.0,0.95,12.3,3.8,15.5,8.4,买入,,
300884.SZ,狄耐克,20230831,狄耐克：楼宇对讲持续领先，智慧医院加速突破,点评,一般报告,中银国际,"杨思睿,王屿熙",2023Q4,116400.0,,17500.0,16100.0,0.64,18.4,2.6,11.3,15.6,买入,,
300870.SZ,欧陆通,20230831,欧陆通：单Q2营收创新高，服务器电源挑大梁,点评,一般报告,信达证券,王舫朝,2025Q4,456700.0,,34000.0,30300.0,2.98,16.31,,13.7,9.44,买入,,
300870.SZ,欧陆通,20230831,欧陆通：单Q2营收创新高，服务器电源挑大梁,点评,一般报告,信达证券,王舫朝,2024Q4,368000.0,,24000.0,21400.0,2.1,23.08,,11.1,12.63,买入,,
300870.SZ,欧陆通,20230831,欧陆通：单Q2营收创新高，服务器电源挑大梁,点评,一般报告,信达证券,王舫朝,2023Q4,297000.0,,10800.0,9700.0,0.95,51.16,,5.6,20.35,买入,,
300811.SZ,铂科新材,20230831,铂科新材：芯片电感产能规划落地，乘芯片功率器件东风,点评,一般报告,申万宏源证券,"王宏为,何成洋",2025Q4,228200.0,91300.0,62800.0,54600.0,2.75,17.0,,18.7,,增持,,
300811.SZ,铂科新材,20230831,铂科新材：芯片电感产能规划落地，乘芯片功率器件东风,点评,一般报告,申万宏源证券,"王宏为,何成洋",2024Q4,190300.0,72900.0,49400.0,43000.0,2.16,21.0,,18.1,,增持,,
300811.SZ,铂科新材,20230831,铂科新材：芯片电感产能规划落地，乘芯片功率器件东风,点评,一般报告,申万宏源证券,"王宏为,何成洋",2023Q4,146700.0,53300.0,34400.0,29900.0,1.5,31.0,,15.3,,增持,,
300769.SZ,德方纳米,20230831,德方纳米2023年中报点评：23H1业绩承压，7月经营显著改善,点评,一般报告,中信证券,"袁健聪,吴威辰",2025Q4,3706100.0,,487300.0,373700.0,13.38,7.0,,25.9,5.7,买入,,125.0
300769.SZ,德方纳米,20230831,德方纳米2023年中报点评：23H1业绩承压，7月经营显著改善,点评,一般报告,中信证券,"袁健聪,吴威辰",2024Q4,2971800.0,,326400.0,255900.0,9.16,10.2,,23.6,7.9,买入,,125.0
000596.SZ,古井贡酒,20230831,古井贡酒2023年半年报点评：Q2业绩环比提速，费用优化释放利润弹性,点评,一般报告,西部证券,陈腾曦,2025Q4,3012700.0,,987000.0,706200.0,13.36,20.9,,27.9,,买入,,
000596.SZ,古井贡酒,20230831,古井贡酒2023年半年报点评：Q2业绩环比提速，费用优化释放利润弹性,点评,一般报告,西部证券,陈腾曦,2024Q4,2528300.0,,784500.0,563100.0,10.65,26.2,,25.5,,买入,,
001289.SZ,龙源电力,20230831,龙源电力：盈利能力提升，新能源业务持续推进,点评,一般报告,国信证券,"黄秀杰,郑汉林",2025Q4,5146400.0,,1505400.0,1033098.0,1.233,16.4,2.2,10.5,16.6,增持,,
001289.SZ,龙源电力,20230831,龙源电力：盈利能力提升，新能源业务持续推进,点评,一般报告,国信证券,"黄秀杰,郑汉林",2024Q4,4739500.0,,1373100.0,949163.0,1.132,17.9,2.0,10.3,18.3,增持,,
001289.SZ,龙源电力,20230831,龙源电力：盈利能力提升，新能源业务持续推进,点评,一般报告,国信证券,"黄秀杰,郑汉林",2023Q4,4495200.0,,1235400.0,850437.0,1.01,19.2,1.8,9.9,17.7,增持,,
001270.SZ,铖昌科技,20230831,铖昌科技2023年中报点评：营收同增44.44％，相控阵T／R芯片综合竞争优势持续加强,点评,一般报告,东吴证券,"苏立赞,许牧",2025Q4,82000.0,,35000.0,34100.0,2.18,35.8,,16.21,,买入,,
001270.SZ,铖昌科技,20230831,铖昌科技2023年中报点评：营收同增44.44％，相控阵T／R芯片综合竞争优势持续加强,点评,一般报告,东吴证券,"苏立赞,许牧",2024Q4,59700.0,,26400.0,25700.0,1.64,47.44,,14.6,,买入,,
001270.SZ,铖昌科技,20230831,铖昌科技2023年中报点评：营收同增44.44％，相控阵T／R芯片综合竞争优势持续加强,点评,一般报告,东吴证券,"苏立赞,许牧",2023Q4,40700.0,,18600.0,18100.0,1.16,67.35,,12.04,,买入,,
688122.SH,西部超导,20230831,西部超导：订单波动不改长期逻辑，看好公司未来发展,点评,一般报告,中泰证券,"陈鼎如,马梦泽",2025Q4,1006300.0,,233900.0,204100.0,3.14,,,18.6,52.0,买入,,
688122.SH,西部超导,20230831,西部超导：订单波动不改长期逻辑，看好公司未来发展,点评,一般报告,中泰证券,"陈鼎如,马梦泽",2024Q4,761700.0,,181700.0,158500.0,2.44,,,17.6,65.0,买入,,
688122.SH,西部超导,20230831,西部超导：订单波动不改长期逻辑，看好公司未来发展,点评,一般报告,中泰证券,"陈鼎如,马梦泽",2023Q4,542600.0,,136100.0,118700.0,1.83,,,15.9,79.0,买入,,
688543.SH,国科军工,20230831,国科军工2023年中报点评：深耕国防数十年，攻克技术难题带来新增长点,点评,首次关注,东北证券,"王凤华,王一鸣",2025Q4,180200.0,,28600.0,24400.0,1.66,29.71,0.0,9.01,,增持,,
688543.SH,国科军工,20230831,国科军工2023年中报点评：深耕国防数十年，攻克技术难题带来新增长点,点评,首次关注,东北证券,"王凤华,王一鸣",2024Q4,139400.0,,22700.0,19300.0,1.32,37.48,0.0,7.85,,增持,,
688543.SH,国科军工,20230831,国科军工2023年中报点评：深耕国防数十年，攻克技术难题带来新增长点,点评,首次关注,东北证券,"王凤华,王一鸣",2023Q4,108300.0,,16800.0,14300.0,0.98,50.49,0.0,6.32,,增持,,
688515.SH,裕太微,20230831,裕太微：上半年业绩承压，多项研发项目取得积极进展,点评,一般报告,德邦证券,"陈海进,陈蓉芳",2025Q4,81500.0,,7300.0,7300.0,0.91,140.84,0.0,3.6,,买入,,
688515.SH,裕太微,20230831,裕太微：上半年业绩承压，多项研发项目取得积极进展,点评,一般报告,德邦证券,"陈海进,陈蓉芳",2024Q4,56500.0,,2200.0,2200.0,0.28,462.59,0.0,1.1,,买入,,
688515.SH,裕太微,20230831,裕太微：上半年业绩承压，多项研发项目取得积极进展,点评,一般报告,德邦证券,"陈海进,陈蓉芳",2023Q4,40300.0,,-5200.0,-5200.0,-0.65,,0.3,-2.7,,买入,,
688339.SH,亿华通,20230831,亿华通2023年半年报点评：政策加码产业奇点临近，燃料电池龙头腾飞在即,点评,一般报告,西部证券,"刘虹辰,彭子祺",2025Q4,252100.0,,13400.0,9300.0,0.56,95.3,,4.0,,买入,,
688339.SH,亿华通,20230831,亿华通2023年半年报点评：政策加码产业奇点临近，燃料电池龙头腾飞在即,点评,一般报告,西部证券,"刘虹辰,彭子祺",2024Q4,150600.0,,2400.0,1700.0,0.1,536.9,,0.7,,买入,,
688339.SH,亿华通,20230831,亿华通2023年半年报点评：政策加码产业奇点临近，燃料电池龙头腾飞在即,点评,一般报告,西部证券,"刘虹辰,彭子祺",2023Q4,98700.0,,-15600.0,-10700.0,-0.65,,,-4.6,,买入,,
601398.SH,工商银行,20230831,工商银行2023年半年报点评：业绩平稳增长，资产质量边际改善,点评,一般报告,兴业证券,"陈绍兴,王尘,曹欣童",2025Q4,100434400.0,,47200400.0,40641300.0,1.14,,,9.86,,无,,
601398.SH,工商银行,20230831,工商银行2023年半年报点评：业绩平稳增长，资产质量边际改善,点评,一般报告,兴业证券,"陈绍兴,王尘,曹欣童",2024Q4,95735800.0,,44899200.0,38659900.0,1.085,,,10.36,,无,,
601398.SH,工商银行,20230831,工商银行2023年半年报点评：业绩平稳增长，资产质量边际改善,点评,一般报告,兴业证券,"陈绍兴,王尘,曹欣童",2023Q4,91352500.0,,42902200.0,36779400.0,1.032,,,10.79,,无,,
601398.SH,工商银行,20230831,工商银行：存贷高增经营稳健，资产质量持续改善,点评,一般报告,中信建投,"马鲲鹏,李晨",2025Q4,111860800.0,,49841700.0,41793100.0,1.173,,,10.54,,增持,,7.5
300769.SZ,德方纳米,20230831,德方纳米2023年中报点评：23H1业绩承压，7月经营显著改善,点评,一般报告,中信证券,"袁健聪,吴威辰",2023Q4,2050900.0,,-42600.0,-33900.0,-1.21,,,-4.1,63.8,买入,,125.0
300629.SZ,新劲刚,20230831,新劲刚：业绩稳健增长，电子及材料业务双轮驱动,点评,首次评级,东北证券,"王凤华,王璐",2025Q4,83100.0,,31300.0,27300.0,1.15,15.99,0.6,14.73,,买入,,
300629.SZ,新劲刚,20230831,新劲刚：业绩稳健增长，电子及材料业务双轮驱动,点评,首次评级,东北证券,"王凤华,王璐",2024Q4,66700.0,,24900.0,21700.0,0.91,20.08,0.51,13.53,,买入,,
300629.SZ,新劲刚,20230831,新劲刚：业绩稳健增长，电子及材料业务双轮驱动,点评,首次评级,东北证券,"王凤华,王璐",2023Q4,53700.0,,20100.0,17600.0,0.74,24.83,0.42,12.46,,买入,,
300628.SZ,亿联网络,20230831,亿联网络：季度环比改善，实控人增持彰显信心,点评,一般报告,华西证券,"宋辉,柳珏廷",2025Q4,710600.0,,334000.0,305700.0,2.42,15.45,,23.4,,增持,,
300628.SZ,亿联网络,20230831,亿联网络：季度环比改善，实控人增持彰显信心,点评,一般报告,华西证券,"宋辉,柳珏廷",2024Q4,595400.0,,282400.0,258500.0,2.04,18.27,,23.5,,增持,,
300628.SZ,亿联网络,20230831,亿联网络：季度环比改善，实控人增持彰显信心,点评,一般报告,华西证券,"宋辉,柳珏廷",2023Q4,502700.0,,238400.0,218100.0,1.73,21.65,,23.1,,增持,,
300498.SZ,温氏股份,20230831,温氏股份：猪价低迷压制当期利润，生产目标稳步兑现——公司信息更新报告,点评,一般报告,开源证券,陈雪丽,2025Q4,14640200.0,,2679000.0,2494100.0,3.75,4.8,,32.9,3.7,买入,,
300498.SZ,温氏股份,20230831,温氏股份：猪价低迷压制当期利润，生产目标稳步兑现——公司信息更新报告,点评,一般报告,开源证券,陈雪丽,2024Q4,12411500.0,,1548500.0,1419400.0,2.14,8.5,,27.4,7.3,买入,,
300498.SZ,温氏股份,20230831,温氏股份：猪价低迷压制当期利润，生产目标稳步兑现——公司信息更新报告,点评,一般报告,开源证券,陈雪丽,2023Q4,9946600.0,,-52100.0,-47000.0,-0.07,,,-1.2,33.7,买入,,
300459.SZ,汤姆猫,20230831,汤姆猫：广告需求疲弱拖累上半年业绩，AI产品进展顺利,点评,一般报告,国信证券,张衡,2025Q4,270900.0,,106400.0,99200.0,0.28,33.1,1.0,17.9,27.6,增持,,
300459.SZ,汤姆猫,20230831,汤姆猫：广告需求疲弱拖累上半年业绩，AI产品进展顺利,点评,一般报告,国信证券,张衡,2024Q4,226000.0,,87200.0,81300.0,0.23,40.4,0.8,16.6,33.9,增持,,
300459.SZ,汤姆猫,20230831,汤姆猫：广告需求疲弱拖累上半年业绩，AI产品进展顺利,点评,一般报告,国信证券,张衡,2023Q4,191000.0,,73500.0,68600.0,0.2,47.9,0.7,15.8,40.5,增持,,
300415.SZ,伊之密,20230831,伊之密：上半年业绩同比＋4.73％，注塑机行业下行周期仍稳健增长,点评,一般报告,国信证券,"吴双,李雨轩",2025Q4,681800.0,,108700.0,93400.0,1.99,9.7,5.0,26.0,11.1,买入,,
300415.SZ,伊之密,20230831,伊之密：上半年业绩同比＋4.73％，注塑机行业下行周期仍稳健增长,点评,一般报告,国信证券,"吴双,李雨轩",2024Q4,574700.0,,84900.0,73000.0,1.56,12.4,3.4,23.4,13.4,买入,,
300415.SZ,伊之密,20230831,伊之密：上半年业绩同比＋4.73％，注塑机行业下行周期仍稳健增长,点评,一般报告,国信证券,"吴双,李雨轩",2023Q4,451500.0,,61000.0,52400.0,1.12,17.3,2.2,19.5,17.3,买入,,
300223.SZ,北京君正,20230831,北京君正：Q2逆势表现坚挺，新品持续推进,点评,一般报告,中银国际,苏凌瑶,2025Q4,816300.0,,141800.0,135800.0,2.82,26.0,0.2,9.5,15.9,买入,,
300223.SZ,北京君正,20230831,北京君正：Q2逆势表现坚挺，新品持续推进,点评,一般报告,中银国际,苏凌瑶,2024Q4,678100.0,,114100.0,110500.0,2.3,32.0,0.2,8.5,20.4,买入,,
300223.SZ,北京君正,20230831,北京君正：Q2逆势表现坚挺，新品持续推进,点评,一般报告,中银国际,苏凌瑶,2023Q4,582600.0,,86400.0,83700.0,1.74,42.3,0.1,7.0,26.4,买入,,
300034.SZ,钢研高纳,20230831,钢研高纳2023年中报点评：营收盈利实现双增长，经营规模持续扩大,点评,首次评级,东吴证券,"苏立赞,许牧",2025Q4,607000.0,,99200.0,86500.0,1.12,22.34,,17.44,,买入,,
300034.SZ,钢研高纳,20230831,钢研高纳2023年中报点评：营收盈利实现双增长，经营规模持续扩大,点评,首次评级,东吴证券,"苏立赞,许牧",2024Q4,469900.0,,73600.0,62800.0,0.81,30.78,,15.34,,买入,,
300034.SZ,钢研高纳,20230831,钢研高纳2023年中报点评：营收盈利实现双增长，经营规模持续扩大,点评,首次评级,东吴证券,"苏立赞,许牧",2023Q4,369400.0,,53000.0,45200.0,0.58,42.74,,13.04,,买入,,
000998.SZ,隆平高科,20230831,隆平高科：H1水稻＆玉米种子量利双升，利润同比减亏,点评,首次评级,银河证券,谢芝优,2025Q4,562995.0,,65129.0,60545.0,0.46,33.41,0.46,8.01,13.83,推荐,,
000998.SZ,隆平高科,20230831,隆平高科：H1水稻＆玉米种子量利双升，利润同比减亏,点评,首次评级,银河证券,谢芝优,2024Q4,490746.0,,48609.0,46780.0,0.36,43.24,0.21,6.44,15.91,推荐,,
000998.SZ,隆平高科,20230831,隆平高科：H1水稻＆玉米种子量利双升，利润同比减亏,点评,首次评级,银河证券,谢芝优,2023Q4,435500.0,,24283.0,21001.0,0.16,96.32,,3.38,19.18,推荐,,
000933.SZ,神火股份,20230831,神火股份：电解铝量价齐跌拖累业绩，财务费用显著下降,一般,一般报告,国信证券,"刘孟峦,焦方冉",2025Q4,4043200.0,,935800.0,663800.0,2.95,5.4,5.0,22.1,5.9,买入,,
000933.SZ,神火股份,20230831,神火股份：电解铝量价齐跌拖累业绩，财务费用显著下降,一般,一般报告,国信证券,"刘孟峦,焦方冉",2024Q4,4003400.0,,908700.0,644000.0,2.86,5.6,4.9,25.5,6.0,买入,,
000933.SZ,神火股份,20230831,神火股份：电解铝量价齐跌拖累业绩，财务费用显著下降,一般,一般报告,国信证券,"刘孟峦,焦方冉",2023Q4,3942600.0,,877100.0,620400.0,2.76,5.8,4.7,30.2,6.2,买入,,
000831.SZ,中国稀土,20230831,中国稀土：稀土价格企稳，Q2业绩环比提升,点评,一般报告,信达证券,张航,2025Q4,641100.0,,84500.0,70200.0,0.72,40.44,,15.9,33.13,无,,
000831.SZ,中国稀土,20230831,中国稀土：稀土价格企稳，Q2业绩环比提升,点评,一般报告,信达证券,张航,2024Q4,463900.0,,58900.0,48900.0,0.5,57.99,,13.2,46.51,无,,
000831.SZ,中国稀土,20230831,中国稀土：稀土价格企稳，Q2业绩环比提升,点评,一般报告,信达证券,张航,2023Q4,435700.0,,27700.0,23000.0,0.23,123.38,,7.2,100.21,无,,
000708.SZ,中信特钢,20230831,中信特钢深度报告：能源用钢开新局，“两高一特”再发力,深度,首份报告,东莞证券,"卢立亭,许正堃",2025Q4,12327996.0,,1072321.0,883592.0,1.75,8.27,,,,买入,,
000708.SZ,中信特钢,20230831,中信特钢深度报告：能源用钢开新局，“两高一特”再发力,深度,首份报告,东莞证券,"卢立亭,许正堃",2024Q4,11561320.0,,924203.0,768937.0,1.52,9.49,,,,买入,,
000708.SZ,中信特钢,20230831,中信特钢深度报告：能源用钢开新局，“两高一特”再发力,深度,首份报告,东莞证券,"卢立亭,许正堃",2023Q4,11051862.0,,824347.0,695264.0,1.38,10.5,,,,买入,,
000681.SZ,视觉中国,20230831,视觉中国：营收及净利润恢复向上，关注需求复苏与AIGC场景落地,点评,一般报告,国信证券,张衡,2025Q4,115200.0,,24100.0,22600.0,0.32,49.2,0.6,5.9,51.6,买入,,
000681.SZ,视觉中国,20230831,视觉中国：营收及净利润恢复向上，关注需求复苏与AIGC场景落地,点评,一般报告,国信证券,张衡,2024Q4,100200.0,,23100.0,21700.0,0.31,51.4,0.5,5.9,53.5,买入,,
000681.SZ,视觉中国,20230831,视觉中国：营收及净利润恢复向上，关注需求复苏与AIGC场景落地,点评,一般报告,国信证券,张衡,2023Q4,82100.0,,17400.0,16400.0,0.23,68.0,0.4,4.7,103.6,买入,,
000651.SZ,格力电器,20230831,格力电器：放缓经营节奏，改善经营质量,一般,一般报告,中金,"何伟,汤亚玮,张瑾瑜,卢璐,韦一飞,褚君,魏儒镝,汤胄樱子,李晶昕,张沁仪",2024Q4,20950800.0,5468600.0,3304700.0,2885900.0,5.12,6.9,6.7,18.5,1.6,跑赢行业,,48.4
000651.SZ,格力电器,20230831,格力电器：放缓经营节奏，改善经营质量,一般,一般报告,中金,"何伟,汤亚玮,张瑾瑜,卢璐,韦一飞,褚君,魏儒镝,汤胄樱子,李晶昕,张沁仪",2023Q4,19953100.0,5213600.0,3111800.0,2717500.0,4.83,7.3,6.3,23.4,2.6,跑赢行业,,48.4
000596.SZ,古井贡酒,20230831,古井贡酒2023年半年报点评：Q2业绩环比提速，费用优化释放利润弹性,点评,一般报告,西部证券,陈腾曦,2023Q4,2087400.0,,604400.0,438600.0,8.3,33.6,,22.4,,买入,,
000333.SZ,美的集团,20230831,美的集团：收入稳健增长，盈利能力持续提升,点评,一般报告,广发证券,"曾婵,陈尧",2025Q4,44151300.0,,4823100.0,4058600.0,5.78,9.83,,19.6,6.45,买入,,71.87
000333.SZ,美的集团,20230831,美的集团：收入稳健增长，盈利能力持续提升,点评,一般报告,广发证券,"曾婵,陈尧",2024Q4,41188600.0,,4409500.0,3710600.0,5.28,10.75,,20.2,7.53,买入,,71.87
601398.SH,工商银行,20230831,工商银行：存贷高增经营稳健，资产质量持续改善,点评,一般报告,中信建投,"马鲲鹏,李晨",2024Q4,102701000.0,,47080000.0,39480100.0,1.108,,,10.76,,增持,,7.5
601398.SH,工商银行,20230831,工商银行：存贷高增经营稳健，资产质量持续改善,点评,一般报告,中信建投,"马鲲鹏,李晨",2023Q4,94730500.0,,44627600.0,37426200.0,1.05,,,11.0,,增持,,7.5
601233.SH,桐昆股份,20230831,桐昆股份：Q2涤纶长丝扭亏为盈，印尼大炼化正式启航,点评,首次评级,东北证券,陈俊杰,2025Q4,10000000.0,,509500.0,468700.0,1.94,7.68,2.68,11.4,,增持,,17.14
601233.SH,桐昆股份,20230831,桐昆股份：Q2涤纶长丝扭亏为盈，印尼大炼化正式启航,点评,首次评级,东北证券,陈俊杰,2024Q4,8970000.0,,304800.0,295600.0,1.23,12.18,2.68,7.9,,增持,,17.14
601233.SH,桐昆股份,20230831,桐昆股份：Q2涤纶长丝扭亏为盈，印尼大炼化正式启航,点评,首次评级,东北证券,陈俊杰,2023Q4,7875000.0,,140900.0,141600.0,0.59,25.42,2.01,4.0,,增持,,17.14
601225.SH,陕西煤业,20230831,陕西煤业2023年半年报点评：扣非利润超预期，价值低估未来可期,点评,一般报告,民生证券,"周泰,李航",2025Q4,17296100.0,,5871700.0,2985200.0,3.08,5.0,11.13,22.36,1.68,推荐,,
601225.SH,陕西煤业,20230831,陕西煤业2023年半年报点评：扣非利润超预期，价值低估未来可期,点评,一般报告,民生证券,"周泰,李航",2024Q4,16909300.0,,5473300.0,2782600.0,2.87,6.0,10.38,23.11,1.72,推荐,,
601225.SH,陕西煤业,20230831,陕西煤业2023年半年报点评：扣非利润超预期，价值低估未来可期,点评,一般报告,民生证券,"周泰,李航",2023Q4,16442600.0,,4535000.0,2305600.0,2.38,7.0,8.6,21.66,1.74,推荐,,
601111.SH,中国国航,20230831,中国国航：需求回暖致大幅扭亏，票价景气度＆国际复航有望释放业绩,点评,首份报告,国联证券,"田照丰,曾智星",2025Q4,18366900.0,,2726600.0,2156500.0,1.33,7.2,,32.29,3.9,买入,,13.92
601111.SH,中国国航,20230831,中国国航：需求回暖致大幅扭亏，票价景气度＆国际复航有望释放业绩,点评,首份报告,国联证券,"田照丰,曾智星",2024Q4,17647900.0,,2380600.0,1882800.0,1.16,8.2,,41.64,4.9,买入,,13.92
601111.SH,中国国航,20230831,中国国航：需求回暖致大幅扭亏，票价景气度＆国际复航有望释放业绩,点评,首份报告,国联证券,"田照丰,曾智星",2023Q4,12999400.0,,351000.0,277600.0,0.17,55.9,,10.52,9.1,买入,,13.92
601111.SH,中国国航,20230831,中国国航：上半年大幅减亏，民航复苏助力二季度扣汇盈利,点评,一般报告,国信证券,"姜明,曾凡喆",2025Q4,20246400.0,,2847600.0,2358100.0,1.456,5.7,1.9,30.9,11.1,买入,,
601111.SH,中国国航,20230831,中国国航：上半年大幅减亏，民航复苏助力二季度扣汇盈利,点评,一般报告,国信证券,"姜明,曾凡喆",2024Q4,17784300.0,,1943100.0,1591400.0,0.982,8.4,1.3,28.8,14.4,买入,,
601111.SH,中国国航,20230831,中国国航：上半年大幅减亏，民航复苏助力二季度扣汇盈利,点评,一般报告,国信证券,"姜明,曾凡喆",2023Q4,14164600.0,,312700.0,253300.0,0.16,52.7,0.2,6.2,29.0,买入,,
601088.SH,中国神华,20230831,中国神华：高长协比例盈利稳健，“现金奶牛”价值彰显,深度,一般报告,东北证券,王政,2025Q4,38887600.0,12445600.0,8992600.0,6561200.0,3.3,8.56,10.31,15.62,,增持,,
601088.SH,中国神华,20230831,中国神华：高长协比例盈利稳健，“现金奶牛”价值彰显,深度,一般报告,东北证券,王政,2024Q4,36883900.0,11942400.0,8571500.0,6253900.0,3.15,8.98,9.83,15.15,,增持,,
601088.SH,中国神华,20230831,中国神华：高长协比例盈利稳健，“现金奶牛”价值彰显,深度,一般报告,东北证券,王政,2023Q4,35013400.0,11543600.0,8275100.0,6037600.0,3.04,9.31,9.49,14.89,,增持,,
601058.SH,赛轮轮胎,20230831,赛轮轮胎2023年半年报点评：Q2业绩超预期，盈利能力提升增收又增利,点评,一般报告,西部证券,黄侃,2025Q4,3468300.0,,389600.0,332000.0,1.08,11.0,,19.1,,买入,,
601058.SH,赛轮轮胎,20230831,赛轮轮胎2023年半年报点评：Q2业绩超预期，盈利能力提升增收又增利,点评,一般报告,西部证券,黄侃,2024Q4,3074600.0,,311100.0,265100.0,0.87,13.8,,17.9,,买入,,
601058.SH,赛轮轮胎,20230831,赛轮轮胎2023年半年报点评：Q2业绩超预期，盈利能力提升增收又增利,点评,一般报告,西部证券,黄侃,2023Q4,2657600.0,,233900.0,199300.0,0.65,18.3,,15.3,,买入,,
002984.SZ,森麒麟,20230831,森麒麟2023年中报点评：二季度环比显著增长，看好全年订单高景气,点评,一般报告,中信证券,"王喆,李鸿钊",2025Q4,1137700.0,,233800.0,215100.0,2.89,11.2,,14.2,8.3,买入,,40.0
002984.SZ,森麒麟,20230831,森麒麟2023年中报点评：二季度环比显著增长，看好全年订单高景气,点评,一般报告,中信证券,"王喆,李鸿钊",2024Q4,943500.0,,178700.0,166100.0,2.23,14.6,,12.6,11.1,买入,,40.0
002984.SZ,森麒麟,20230831,森麒麟2023年中报点评：二季度环比显著增长，看好全年订单高景气,点评,一般报告,中信证券,"王喆,李鸿钊",2023Q4,744800.0,,137100.0,132200.0,1.78,18.3,,11.3,15.3,买入,,40.0
002984.SZ,森麒麟,20230831,森麒麟：业绩强劲符合预期，全球扩张稳步推进,点评,一般报告,招商证券,"汪刘胜,杨岱东",2025Q4,1285100.0,,214700.0,203800.0,2.74,11.9,,13.8,8.6,强烈推荐,,
002984.SZ,森麒麟,20230831,森麒麟：业绩强劲符合预期，全球扩张稳步推进,点评,一般报告,招商证券,"汪刘胜,杨岱东",2024Q4,1092400.0,,214000.0,203100.0,2.73,11.9,,15.9,8.8,强烈推荐,,
002984.SZ,森麒麟,20230831,森麒麟：业绩强劲符合预期，全球扩张稳步推进,点评,一般报告,招商证券,"汪刘胜,杨岱东",2023Q4,842900.0,,140100.0,132900.0,1.79,18.2,,13.7,12.9,强烈推荐,,
002959.SZ,小熊电器,20230831,小熊电器公司半年报：收入延续高增长，短期销售投入增加,点评,一般报告,海通国际证券,"陈子仪,朱默辰",2025Q4,671700.0,,82800.0,71200.0,4.55,13.31,1.7,18.4,6.35,优于大市,,81.5
002959.SZ,小熊电器,20230831,小熊电器公司半年报：收入延续高增长，短期销售投入增加,点评,一般报告,海通国际证券,"陈子仪,朱默辰",2024Q4,578500.0,,70800.0,60900.0,3.89,15.57,1.5,18.5,8.29,优于大市,,81.5
002959.SZ,小熊电器,20230831,小熊电器公司半年报：收入延续高增长，短期销售投入增加,点评,一般报告,海通国际证券,"陈子仪,朱默辰",2023Q4,494300.0,,59400.0,51000.0,3.26,18.56,1.3,18.3,10.88,优于大市,,81.5
002948.SZ,青岛银行,20230831,青岛银行：非息拖累业绩，资产质量向好,点评,一般报告,华泰证券,"沈娟,安娜,贺雅亭",2025Q4,1479300.0,,,476800.0,0.82,3.91,7.68,11.04,,买入,,4.29
002948.SZ,青岛银行,20230831,青岛银行：非息拖累业绩，资产质量向好,点评,一般报告,华泰证券,"沈娟,安娜,贺雅亭",2024Q4,1354400.0,,,406900.0,0.7,4.58,6.55,10.19,,买入,,4.29
002948.SZ,青岛银行,20230831,青岛银行：非息拖累业绩，资产质量向好,点评,一般报告,华泰证券,"沈娟,安娜,贺雅亭",2023Q4,1249000.0,,,353500.0,0.61,5.27,5.69,9.52,,买入,,4.29
002867.SZ,周大生,20230831,周大生：Q2开店提速，黄金品类持续高增,点评,一般报告,中信建投,"叶乐,刘乐文,黄杨璐,张舒怡",2025Q4,2099000.0,,247700.0,189900.0,1.73,9.72,,22.24,7.31,买入,,
002867.SZ,周大生,20230831,周大生：Q2开店提速，黄金品类持续高增,点评,一般报告,中信建投,"叶乐,刘乐文,黄杨璐,张舒怡",2024Q4,1803100.0,,213500.0,163700.0,1.49,11.28,,21.62,8.43,买入,,
002867.SZ,周大生,20230831,周大生：Q2开店提速，黄金品类持续高增,点评,一般报告,中信建投,"叶乐,刘乐文,黄杨璐,张舒怡",2023Q4,1506800.0,,178600.0,137000.0,1.25,13.48,,20.32,10.17,买入,,
002851.SZ,麦格米特,20230831,麦格米特：盈利能力持续提升，业务领域不断拓展,点评,一般报告,信达证券,"武浩,孙然",2025Q4,1242100.0,,128800.0,123800.0,2.48,12.88,,18.5,10.18,买入,,
002851.SZ,麦格米特,20230831,麦格米特：盈利能力持续提升，业务领域不断拓展,点评,一般报告,信达证券,"武浩,孙然",2024Q4,988600.0,,101200.0,97300.0,1.95,16.38,,17.8,13.69,买入,,
002851.SZ,麦格米特,20230831,麦格米特：盈利能力持续提升，业务领域不断拓展,点评,一般报告,信达证券,"武浩,孙然",2023Q4,736700.0,,75800.0,72800.0,1.46,21.89,,16.2,18.35,买入,,
002832.SZ,比音勒芬,20230831,比音勒芬：23H1直营快速复苏，高端男装多品牌发展启航,点评,一般报告,中信建投,"叶乐,魏中泰",2025Q4,507800.0,,159600.0,135700.0,2.38,14.9,,19.3,9.9,买入,,
000333.SZ,美的集团,20230831,美的集团：收入稳健增长，盈利能力持续提升,点评,一般报告,广发证券,"曾婵,陈尧",2023Q4,38055800.0,,4003000.0,3365200.0,4.79,11.86,,20.7,8.83,买入,,71.87
000060.SZ,中金岭南,20230831,中金岭南：铅锌跌价盈利下滑，铜冶炼增收增利,一般,一般报告,国信证券,"刘孟峦,焦方冉",2025Q4,9627800.0,,257900.0,226700.0,0.61,8.2,6.2,13.2,8.7,增持,,
000060.SZ,中金岭南,20230831,中金岭南：铅锌跌价盈利下滑，铜冶炼增收增利,一般,一般报告,国信证券,"刘孟峦,焦方冉",2024Q4,8415400.0,,160000.0,140600.0,0.38,13.3,3.8,8.8,11.6,增持,,
000060.SZ,中金岭南,20230831,中金岭南：铅锌跌价盈利下滑，铜冶炼增收增利,一般,一般报告,国信证券,"刘孟峦,焦方冉",2023Q4,7809200.0,,144900.0,127400.0,0.34,14.7,3.5,8.3,13.0,增持,,
605006.SH,山东玻纤,20230831,山东玻纤：底部扎实推进扩产和产品高端化，盈利挖潜空间大,点评,一般报告,中泰证券,"孙颖,韩宇",2023Q4,277100.0,,30500.0,25700.0,0.42,,,8.6,143.0,买入,,
603993.SH,洛阳钼业,20230831,洛阳钼业：出口受阻拖累业绩，权益金事宜已解决,一般,一般报告,国信证券,"刘孟峦,焦方冉",2025Q4,25168600.0,,1862500.0,1212000.0,0.56,10.3,2.9,16.4,9.4,买入,,
603993.SH,洛阳钼业,20230831,洛阳钼业：出口受阻拖累业绩，权益金事宜已解决,一般,一般报告,国信证券,"刘孟峦,焦方冉",2024Q4,23036900.0,,1668200.0,1088900.0,0.5,11.5,2.6,16.7,10.2,买入,,
603993.SH,洛阳钼业,20230831,洛阳钼业：出口受阻拖累业绩，权益金事宜已解决,一般,一般报告,国信证券,"刘孟峦,焦方冉",2023Q4,20447900.0,,1303200.0,858300.0,0.4,14.5,2.1,14.9,12.4,买入,,
603939.SH,益丰药房,20230831,益丰药房：业绩稳健增长，高毛利中药快速放量——公司简评报告,点评,一般报告,东海证券,"杜永宏,伍可心",2025Q4,3691400.0,1421200.0,377600.0,251700.0,2.49,14.73,,17.0,6.63,买入,,
603939.SH,益丰药房,20230831,益丰药房：业绩稳健增长，高毛利中药快速放量——公司简评报告,点评,一般报告,东海证券,"杜永宏,伍可心",2024Q4,3046000.0,1172700.0,305300.0,203500.0,2.01,18.23,,17.0,8.6,买入,,
603939.SH,益丰药房,20230831,益丰药房：业绩稳健增长，高毛利中药快速放量——公司简评报告,点评,一般报告,东海证券,"杜永宏,伍可心",2023Q4,2475500.0,953100.0,242500.0,161300.0,1.6,23.0,,16.0,10.98,买入,,
603939.SH,益丰药房,20230831,益丰药房：门店持续扩张，公司业绩稳步增长,点评,一般报告,平安证券,"叶寅,李颖睿",2025Q4,3590100.0,,348200.0,231900.0,2.3,16.0,,17.2,7.0,推荐,,
603939.SH,益丰药房,20230831,益丰药房：门店持续扩张，公司业绩稳步增长,点评,一般报告,平安证券,"叶寅,李颖睿",2024Q4,2990500.0,,283000.0,188500.0,1.87,19.7,,16.4,8.5,推荐,,
603939.SH,益丰药房,20230831,益丰药房：门店持续扩张，公司业绩稳步增长,点评,一般报告,平安证券,"叶寅,李颖睿",2023Q4,2449000.0,,229500.0,152800.0,1.51,24.3,,15.5,10.6,推荐,,
603883.SH,老百姓,20230831,老百姓：H1收入稳健增长，门店扩张持续加速,点评,一般报告,中信建投,"贺菊颖,刘若飞",2025Q4,3461800.0,,,135400.0,2.31,11.1,,15.3,,买入,,
603883.SH,老百姓,20230831,老百姓：H1收入稳健增长，门店扩张持续加速,点评,一般报告,中信建投,"贺菊颖,刘若飞",2024Q4,2883200.0,,,111800.0,1.91,13.4,,14.1,,买入,,
603883.SH,老百姓,20230831,老百姓：H1收入稳健增长，门店扩张持续加速,点评,一般报告,中信建投,"贺菊颖,刘若飞",2023Q4,2406100.0,,,92600.0,1.58,16.2,,12.9,,买入,,
603808.SH,歌力思,20230831,歌力思2023年中报点评：上半年业绩顺利复苏，期待下半年复苏推进,点评,一般报告,光大证券,"唐佳睿,孙未未,朱洁宇",2025Q4,386400.0,,57200.0,48600.0,1.32,9.0,2.6,12.94,5.5,买入,,
603808.SH,歌力思,20230831,歌力思2023年中报点评：上半年业绩顺利复苏，期待下半年复苏推进,点评,一般报告,光大证券,"唐佳睿,孙未未,朱洁宇",2024Q4,335800.0,,47300.0,40200.0,1.09,11.0,2.2,11.93,7.0,买入,,
603808.SH,歌力思,20230831,歌力思2023年中报点评：上半年业绩顺利复苏，期待下半年复苏推进,点评,一般报告,光大证券,"唐佳睿,孙未未,朱洁宇",2023Q4,283700.0,,35100.0,29800.0,0.81,15.0,1.6,9.8,9.5,买入,,
603722.SH,阿科力,20230831,阿科力：传统业务承压，COC意向订单大超预期——公司信息更新报告,点评,一般报告,开源证券,"金益腾,毕挥,李思佳",2025Q4,189400.0,,55100.0,48200.0,5.48,9.5,,34.2,6.9,买入,,
603722.SH,阿科力,20230831,阿科力：传统业务承压，COC意向订单大超预期——公司信息更新报告,点评,一般报告,开源证券,"金益腾,毕挥,李思佳",2024Q4,87400.0,,18700.0,16300.0,1.86,28.1,,17.2,19.9,买入,,
603722.SH,阿科力,20230831,阿科力：传统业务承压，COC意向订单大超预期——公司信息更新报告,点评,一般报告,开源证券,"金益腾,毕挥,李思佳",2023Q4,53400.0,,5000.0,4400.0,0.5,104.0,,5.5,63.4,买入,,
603708.SH,家家悦,20230831,家家悦：省外逐步减亏，新业态顺利推进,点评,一般报告,财通证券,"于健,李跃博",2025Q4,2197930.0,,55372.0,40975.0,0.63,18.63,0.0,11.9,11.1,增持,,
603708.SH,家家悦,20230831,家家悦：省外逐步减亏，新业态顺利推进,点评,一般报告,财通证券,"于健,李跃博",2024Q4,2032871.0,,48243.0,35700.0,0.55,21.38,0.0,11.76,13.7,增持,,
600210.SH,紫江企业,20230831,紫江企业2023年中报点评：盈利改善，业务稳中有进,点评,一般报告,中信证券,"袁健聪,李鹞",2025Q4,1337747.0,,125900.0,95365.0,0.63,8.4,,14.44,6.4,买入,,7.0
600210.SH,紫江企业,20230831,紫江企业2023年中报点评：盈利改善，业务稳中有进,点评,一般报告,中信证券,"袁健聪,李鹞",2024Q4,1196350.0,,110900.0,83169.0,0.55,9.6,,13.41,6.9,买入,,7.0
600210.SH,紫江企业,20230831,紫江企业2023年中报点评：盈利改善，业务稳中有进,点评,一般报告,中信证券,"袁健聪,李鹞",2023Q4,1083325.0,,91300.0,70217.0,0.46,11.5,,12.04,7.7,买入,,7.0
600170.SH,上海建工,20230831,上海建工：业绩扭亏，城中村建设先锋,点评,一般报告,华泰证券,"方晏荷,黄颖",2025Q4,41008500.0,,499500.0,355900.0,0.4,6.94,,7.76,3.6,增持,,2.96
600170.SH,上海建工,20230831,上海建工：业绩扭亏，城中村建设先锋,点评,一般报告,华泰证券,"方晏荷,黄颖",2024Q4,36875200.0,,431600.0,307500.0,0.35,8.03,,7.05,3.28,增持,,2.96
600170.SH,上海建工,20230831,上海建工：业绩扭亏，城中村建设先锋,点评,一般报告,华泰证券,"方晏荷,黄颖",2023Q4,32730500.0,,369700.0,263400.0,0.3,9.38,,6.34,5.78,增持,,2.96
603517.SH,绝味食品,20230831,绝味食品2023年中报点评：H1净开千店，盈利水平恢复中,点评,一般报告,国元证券,"邓晖,朱宇昊,袁帆,单蕾",2025Q4,1028740.0,,162348.0,120137.0,1.9,18.72,,13.38,9.5,买入,,
603517.SH,绝味食品,20230831,绝味食品2023年中报点评：H1净开千店，盈利水平恢复中,点评,一般报告,国元证券,"邓晖,朱宇昊,袁帆,单蕾",2024Q4,901607.0,,135895.0,100562.0,1.59,22.33,,12.36,11.35,买入,,
603517.SH,绝味食品,20230831,绝味食品2023年中报点评：H1净开千店，盈利水平恢复中,点评,一般报告,国元证券,"邓晖,朱宇昊,袁帆,单蕾",2023Q4,780586.0,,90954.0,68352.0,1.08,32.93,,9.13,16.51,买入,,
601668.SH,中国建筑,20230831,中国建筑：房建结构继续优化，地产销售逆势回升－－－2023年中报点评,点评,一般报告,东北证券,"王小勇,张凯,庄嘉骏",2025Q4,284760000.0,,13460000.0,7290000.0,1.74,3.23,5.73,13.63,,买入,,
601668.SH,中国建筑,20230831,中国建筑：房建结构继续优化，地产销售逆势回升－－－2023年中报点评,点评,一般报告,东北证券,"王小勇,张凯,庄嘉骏",2024Q4,256870000.0,,11640000.0,6400000.0,1.53,3.68,5.31,13.45,,买入,,
601668.SH,中国建筑,20230831,中国建筑：房建结构继续优化，地产销售逆势回升－－－2023年中报点评,点评,一般报告,东北证券,"王小勇,张凯,庄嘉骏",2023Q4,229340000.0,,10340000.0,5750000.0,1.37,4.1,4.88,13.55,,买入,,
301371.SZ,敷尔佳,20230831,敷尔佳23H1点评：23H1营收同比增长6.33％，关注线上渠道的销售费用投放效率,点评,首份报告,信达证券,"刘嘉仁,王越,林凌",,,,,,,,,,,无,,
601019.SH,山东出版,20230831,山东出版：主业稳中向上，教育业态持续推进,一般,一般报告,中泰证券,康雅雯,2025Q4,1518200.0,,232700.0,234200.0,1.12,8.7,,12.7,20.0,买入,,
601019.SH,山东出版,20230831,山东出版：主业稳中向上，教育业态持续推进,一般,一般报告,中泰证券,康雅雯,2024Q4,1387500.0,,209900.0,211300.0,1.01,9.6,,12.8,22.0,买入,,
601019.SH,山东出版,20230831,山东出版：主业稳中向上，教育业态持续推进,一般,一般报告,中泰证券,康雅雯,2023Q4,1244000.0,,186800.0,188100.0,0.9,10.8,,12.7,24.0,买入,,
600958.SH,东方证券,20230831,东方证券：自营、减值准备拖累业绩，增速放缓仍在高位,一般,一般报告,广发证券,"陈卉,陈福",2025Q4,2536200.0,,663600.0,590600.0,0.7,17.39,,7.0,,买入,,13.16
600958.SH,东方证券,20230831,东方证券：自营、减值准备拖累业绩，增速放缓仍在高位,一般,一般报告,广发证券,"陈卉,陈福",2024Q4,2403100.0,,543200.0,483400.0,0.57,21.25,,6.0,,买入,,13.16
600958.SH,东方证券,20230831,东方证券：自营、减值准备拖累业绩，增速放缓仍在高位,一般,一般报告,广发证券,"陈卉,陈福",2023Q4,2243200.0,,491500.0,437500.0,0.51,23.48,,5.6,,买入,,13.16
600872.SH,中炬高新,20230831,中炬高新2023年中报点评：业绩符合预期，治理理顺重新出发,点评,一般报告,国泰君安,"訾猛,徐洋",2025Q4,693300.0,,,101300.0,1.29,25.51,1.4,22.3,19.01,增持,,46.03
600872.SH,中炬高新,20230831,中炬高新2023年中报点评：业绩符合预期，治理理顺重新出发,点评,一般报告,国泰君安,"訾猛,徐洋",2024Q4,617300.0,,,81600.0,1.04,31.67,1.2,20.9,23.53,增持,,46.03
600872.SH,中炬高新,20230831,中炬高新2023年中报点评：业绩符合预期，治理理顺重新出发,点评,一般报告,国泰君安,"訾猛,徐洋",2023Q4,551100.0,,,65400.0,0.83,39.51,1.1,19.3,28.01,增持,,46.03
600872.SH,中炬高新,20230831,中炬高新2023年中报点评：业绩符合预期，治理理顺重新出发,点评,一般报告,国泰君安,"訾猛,徐洋",2023Q3,,,,,0.62,,,,,增持,,46.03
300792.SZ,壹网壹创,20230831,壹网壹创2023年半年报点评：全域服务能力继续夯实，头部服务商集中度提升,点评,一般报告,西部证券,陈腾曦,2025Q4,210600.0,,43800.0,29900.0,1.25,20.6,,9.3,,买入,,
300792.SZ,壹网壹创,20230831,壹网壹创2023年半年报点评：全域服务能力继续夯实，头部服务商集中度提升,点评,一般报告,西部证券,陈腾曦,2024Q4,186800.0,,36500.0,24600.0,1.03,24.9,,8.2,,买入,,
300792.SZ,壹网壹创,20230831,壹网壹创2023年半年报点评：全域服务能力继续夯实，头部服务商集中度提升,点评,一般报告,西部证券,陈腾曦,2023Q4,162600.0,,30300.0,20100.0,0.84,30.6,,7.1,,买入,,
300680.SZ,隆盛科技,20230831,隆盛科技：混动纯电双重受益，盈利实现快速增长,点评,一般报告,信达证券,陆嘉敏,2025Q4,354000.0,,45300.0,40100.0,1.74,11.38,,16.0,8.38,无,,
300680.SZ,隆盛科技,20230831,隆盛科技：混动纯电双重受益，盈利实现快速增长,点评,一般报告,信达证券,陆嘉敏,2024Q4,256700.0,,32300.0,28600.0,1.24,15.93,,13.6,11.77,无,,
300680.SZ,隆盛科技,20230831,隆盛科技：混动纯电双重受益，盈利实现快速增长,点评,一般报告,信达证券,陆嘉敏,2023Q4,178300.0,,21200.0,18800.0,0.81,24.27,,10.3,15.1,无,,
002156.SZ,通富微电,20230831,通富微电：持续优化传统产品策略，大力推进AI芯片布局,点评,一般报告,中金,"张怡康,石晓彬",2024Q4,2850200.0,389900.0,78200.0,71000.0,0.47,42.5,0.3,4.9,7.2,跑赢行业,,23.27
002463.SZ,沪电股份,20230831,沪电股份公司半年报：Q2盈利环比改善，新兴产品不断突破、占比提升,点评,一般报告,海通国际证券,"余伟民,杨彤昕",2025Q4,1337501.0,,275800.0,238700.0,1.25,16.16,0.0,16.9,11.61,优于大市,,24.14
002463.SZ,沪电股份,20230831,沪电股份公司半年报：Q2盈利环比改善，新兴产品不断突破、占比提升,点评,一般报告,海通国际证券,"余伟民,杨彤昕",2024Q4,1129895.0,,227700.0,197100.0,1.03,19.57,0.0,16.7,14.61,优于大市,,24.14
002463.SZ,沪电股份,20230831,沪电股份公司半年报：Q2盈利环比改善，新兴产品不断突破、占比提升,点评,一般报告,海通国际证券,"余伟民,杨彤昕",2023Q4,928661.0,,177200.0,153300.0,0.8,25.15,0.0,15.6,18.73,优于大市,,24.14
002460.SZ,赣锋锂业,20230831,赣锋锂业：资源布局收益显著，电池业务稳步增长,点评,一般报告,中金,"张家铭,齐丁,陈彦",2024Q4,3721100.0,1445400.0,1315700.0,1053000.0,5.22,9.2,2.1,18.4,7.4,跑赢行业,,53.0
002460.SZ,赣锋锂业,20230831,赣锋锂业：资源布局收益显著，电池业务稳步增长,点评,一般报告,中金,"张家铭,齐丁,陈彦",2023Q4,3906400.0,1237000.0,1328700.0,1098400.0,5.45,8.9,2.2,22.6,7.2,跑赢行业,,53.0
002156.SZ,通富微电,20230831,通富微电：持续优化传统产品策略，大力推进AI芯片布局,点评,一般报告,中金,"张怡康,石晓彬",2023Q4,2432200.0,332400.0,46300.0,40900.0,0.27,73.8,0.2,2.9,8.4,跑赢行业,,23.27
000799.SZ,酒鬼酒,20230831,酒鬼酒2023年中报点评：费用改革稳步推进，报表有望环比改善,点评,首份报告,中信证券,"蒋祎,姜娅,江旭东",2025Q4,514100.0,,200200.0,150100.0,4.62,19.9,,23.5,15.4,买入,,105.0
000799.SZ,酒鬼酒,20230831,酒鬼酒2023年中报点评：费用改革稳步推进，报表有望环比改善,点评,首份报告,中信证券,"蒋祎,姜娅,江旭东",2024Q4,445900.0,,152800.0,114600.0,3.53,26.1,,21.3,20.0,买入,,105.0
000799.SZ,酒鬼酒,20230831,酒鬼酒2023年中报点评：费用改革稳步推进，报表有望环比改善,点评,首份报告,中信证券,"蒋祎,姜娅,江旭东",2023Q4,384100.0,,121400.0,91000.0,2.8,32.9,,19.6,25.1,买入,,105.0
601398.SH,工商银行,20230831,工商银行2023年中报业绩点评：规模扩张提速，资产质量向好,点评,一般报告,国泰君安,"张宇,郭昶皓",2025Q4,113523000.0,,52810000.0,44868700.0,1.259,3.77,8.23,11.22,,增持,,6.13
601398.SH,工商银行,20230831,工商银行2023年中报业绩点评：规模扩张提速，资产质量向好,点评,一般报告,国泰君安,"张宇,郭昶皓",2024Q4,104758400.0,,49232400.0,41829000.0,1.174,4.05,7.67,11.31,,增持,,6.13
601398.SH,工商银行,20230831,工商银行2023年中报业绩点评：规模扩张提速，资产质量向好,点评,一般报告,国泰君安,"张宇,郭昶皓",2023Q4,97972800.0,,45709400.0,38835800.0,1.09,4.38,7.12,11.38,,增持,,6.13
601398.SH,工商银行,20230831,工商银行2023年中报业绩点评：规模扩张提速，资产质量向好,点评,一般报告,国泰君安,"张宇,郭昶皓",2023Q3,,,,,0.85,,,,,增持,,6.13
000921.SZ,海信家电,20230831,海信家电：业绩延续高增，盈利能力持续提升,点评,一般报告,华西证券,"陈玉卢,喇睿萌",2025Q4,9634700.0,,940800.0,320800.0,2.31,10.85,,16.8,,增持,,
000921.SZ,海信家电,20230831,海信家电：业绩延续高增，盈利能力持续提升,点评,一般报告,华西证券,"陈玉卢,喇睿萌",2024Q4,8966400.0,,857800.0,286500.0,2.06,12.15,,18.1,,增持,,
000921.SZ,海信家电,20230831,海信家电：业绩延续高增，盈利能力持续提升,点评,一般报告,华西证券,"陈玉卢,喇睿萌",2023Q4,8225100.0,,718400.0,240800.0,1.73,14.46,,18.5,,增持,,
688025.SH,杰普特,20230831,杰普特2023年中报点评：盈利结构持续优化，关注新设备拓展节奏,点评,一般报告,中信证券,"陈俊云,李雷,李越",2025Q4,221700.0,,31400.0,28800.0,3.032,24.3,,12.0,21.1,买入,,
688025.SH,杰普特,20230831,杰普特2023年中报点评：盈利结构持续优化，关注新设备拓展节奏,点评,一般报告,中信证券,"陈俊云,李雷,李越",2024Q4,172400.0,,24000.0,22500.0,2.369,31.2,,10.4,27.2,买入,,
688025.SH,杰普特,20230831,杰普特2023年中报点评：盈利结构持续优化，关注新设备拓展节奏,点评,一般报告,中信证券,"陈俊云,李雷,李越",2023Q4,131500.0,,14600.0,13900.0,1.463,50.4,,7.1,44.4,买入,,
605555.SH,德昌股份,20230831,德昌股份2023年中报点评：家电业务开拓新大客户，汽车电机业务进入放量期,点评,一般报告,中信证券,"刘海博,纪敏,李睿鹏",2025Q4,479200.0,,67800.0,61300.0,1.65,11.4,,16.9,10.0,买入,,25.0
605555.SH,德昌股份,20230831,德昌股份2023年中报点评：家电业务开拓新大客户，汽车电机业务进入放量期,点评,一般报告,中信证券,"刘海博,纪敏,李睿鹏",2024Q4,386300.0,,53900.0,48500.0,1.3,14.5,,15.4,12.4,买入,,25.0
605555.SH,德昌股份,20230831,德昌股份2023年中报点评：家电业务开拓新大客户，汽车电机业务进入放量期,点评,一般报告,中信证券,"刘海博,纪敏,李睿鹏",2023Q4,297300.0,,43100.0,38300.0,1.03,18.3,,13.7,16.7,买入,,25.0
601618.SH,中国中冶,20230831,中国中冶：H1新签订单同比＋11.6％，利润率保持平稳,点评,一般报告,兴业证券,"孟杰,郁晾,童彤",2025Q4,90940100.0,,2468300.0,1610800.0,0.78,4.71,,10.3,,增持,,
601618.SH,中国中冶,20230831,中国中冶：H1新签订单同比＋11.6％，利润率保持平稳,点评,一般报告,兴业证券,"孟杰,郁晾,童彤",2024Q4,80558600.0,,2168000.0,1407400.0,0.68,5.39,,9.9,,增持,,
601618.SH,中国中冶,20230831,中国中冶：H1新签订单同比＋11.6％，利润率保持平稳,点评,一般报告,兴业证券,"孟杰,郁晾,童彤",2023Q4,70797400.0,,1877600.0,1223500.0,0.59,6.2,,9.3,,增持,,
601166.SH,兴业银行,20230831,兴业银行2023半年报点评：基本盘＋新赛道，开启新成长,点评,一般报告,兴业证券,"陈绍兴,王尘,曹欣童",2025Q4,24289500.0,,11735100.0,10222700.0,4.921,,,12.51,,买入,,
601166.SH,兴业银行,20230831,兴业银行2023半年报点评：基本盘＋新赛道，开启新成长,点评,一般报告,兴业证券,"陈绍兴,王尘,曹欣童",2024Q4,22686800.0,,10812800.0,9419300.0,4.534,,,12.59,,买入,,
601166.SH,兴业银行,20230831,兴业银行2023半年报点评：基本盘＋新赛道，开启新成长,点评,一般报告,兴业证券,"陈绍兴,王尘,曹欣童",2023Q4,21445100.0,,10082000.0,8773000.0,4.223,,,12.57,,买入,,
601166.SH,兴业银行,20230831,兴业银行2023年中报点评：息差降幅收窄，资产质量向好,点评,一般报告,国信证券,"陈俊良,王剑",2025Q4,24427100.0,,10800000.0,9271100.0,4.46,3.5,7.6,11.4,,增持,,
601166.SH,兴业银行,20230831,兴业银行2023年中报点评：息差降幅收窄，资产质量向好,点评,一般报告,国信证券,"陈俊良,王剑",2024Q4,22716500.0,,10600000.0,9081200.0,4.37,3.6,7.5,12.1,,增持,,
601166.SH,兴业银行,20230831,兴业银行2023年中报点评：息差降幅收窄，资产质量向好,点评,一般报告,国信证券,"陈俊良,王剑",2023Q4,21625100.0,,10400000.0,8940300.0,4.3,3.7,7.4,13.2,,增持,,
601111.SH,中国国航,20230831,中国国航：多因素助力减亏，3Q业绩值得期待,点评,首份报告,中金,"赵欣悦,郑学建,吴其坤,张骁瀚,冯启斌,杨鑫",2024Q4,17025800.0,,2548800.0,2145190.0,1.32,6.5,2.3,41.7,6.1,跑赢行业,,11.8
601111.SH,中国国航,20230831,中国国航：多因素助力减亏，3Q业绩值得期待,点评,首份报告,中金,"赵欣悦,郑学建,吴其坤,张骁瀚,冯启斌,杨鑫",2023Q4,12628530.0,,269600.0,231544.0,0.14,60.7,0.2,7.2,7.1,跑赢行业,,11.8
600039.SH,四川路桥,20230831,四川路桥：业绩稳步提升，价值属性凸显,点评,一般报告,天风证券,"鲍荣富,王涛,王雯,任嘉禹",2025Q4,26299668.0,,2704700.0,2205915.0,2.53,3.54,,28.08,3.46,买入,,12.93
600039.SH,四川路桥,20230831,四川路桥：业绩稳步提升，价值属性凸显,点评,一般报告,天风证券,"鲍荣富,王涛,王雯,任嘉禹",2024Q4,21180436.0,,2162721.0,1763884.0,2.02,4.43,,26.13,3.1,买入,,12.93
600039.SH,四川路桥,20230831,四川路桥：业绩稳步提升，价值属性凸显,点评,一般报告,天风证券,"鲍荣富,王涛,王雯,任嘉禹",2023Q4,16854875.0,,1727726.0,1409109.0,1.62,5.55,,24.04,4.21,买入,,12.93
300718.SZ,长盛轴承,20230831,长盛轴承：产品结构不断优化，机器人市场应用有望打开增长空间,点评,一般报告,信达证券,"武浩,孙然",2025Q4,214800.0,,44200.0,38300.0,1.28,15.38,,18.6,10.25,无,,
300718.SZ,长盛轴承,20230831,长盛轴承：产品结构不断优化，机器人市场应用有望打开增长空间,点评,一般报告,信达证券,"武浩,孙然",2024Q4,180300.0,,36800.0,31900.0,1.07,18.47,,17.7,12.3,无,,
300718.SZ,长盛轴承,20230831,长盛轴承：产品结构不断优化，机器人市场应用有望打开增长空间,点评,一般报告,信达证券,"武浩,孙然",2023Q4,149200.0,,27600.0,23900.0,0.8,24.64,,15.0,15.82,无,,
002756.SZ,永兴材料,20230831,永兴材料：回购股份彰显信心，稳步扩张不惧波动,点评,一般报告,中信建投,"王介超,高兴",2025Q4,1392354.0,,,367029.0,6.808,8.07,,18.14,,买入,,
002756.SZ,永兴材料,20230831,永兴材料：回购股份彰显信心，稳步扩张不惧波动,点评,一般报告,中信建投,"王介超,高兴",2024Q4,1248779.0,,,300910.0,5.582,9.68,,17.14,,买入,,
002756.SZ,永兴材料,20230831,永兴材料：回购股份彰显信心，稳步扩张不惧波动,点评,一般报告,中信建投,"王介超,高兴",2023Q4,1281664.0,,,370176.0,6.867,7.77,,24.05,,买入,,
002242.SZ,九阳股份,20230831,九阳股份2023年中报点评：经营状况有所回暖,点评,一般报告,中信证券,纪敏,2025Q4,1291591.0,,97400.0,84828.0,1.11,16.2,,19.88,13.56,无,,
002242.SZ,九阳股份,20230831,九阳股份2023年中报点评：经营状况有所回暖,点评,一般报告,中信证券,纪敏,2024Q4,1163923.0,,87200.0,75936.0,0.99,18.1,,18.86,15.15,无,,
002242.SZ,九阳股份,20230831,九阳股份2023年中报点评：经营状况有所回暖,点评,一般报告,中信证券,纪敏,2023Q4,1035878.0,,67000.0,61051.0,0.8,22.51,,16.53,18.59,无,,
000596.SZ,古井贡酒,20230831,古井贡酒：23Q2利润增速超预期，盈利能力持续提升,点评,一般报告,山西证券,"周蓉,陈振志",2025Q4,2910300.0,,912100.0,645300.0,12.21,22.8,,20.7,13.5,买入,,
000596.SZ,古井贡酒,20230831,古井贡酒：23Q2利润增速超预期，盈利能力持续提升,点评,一般报告,山西证券,"周蓉,陈振志",2024Q4,2451000.0,,752500.0,535800.0,10.14,27.5,,20.6,17.0,买入,,
000596.SZ,古井贡酒,20230831,古井贡酒：23Q2利润增速超预期，盈利能力持续提升,点评,一般报告,山西证券,"周蓉,陈振志",2023Q4,2052000.0,,606700.0,431400.0,8.16,34.1,,19.9,21.8,买入,,
000596.SZ,古井贡酒,20230831,古井贡酒2023年中报点评：Q2业绩表现亮眼，徽酒龙头高速前行,点评,一般报告,中信证券,"姜娅,蒋祎,江旭东",2025Q4,2916700.0,,951000.0,691800.0,13.09,21.3,,23.9,14.4,买入,,315.0
000596.SZ,古井贡酒,20230831,古井贡酒2023年中报点评：Q2业绩表现亮眼，徽酒龙头高速前行,点评,一般报告,中信证券,"姜娅,蒋祎,江旭东",2024Q4,2471900.0,,764800.0,556400.0,10.53,26.5,,22.5,17.5,买入,,315.0
603113.SH,金能科技,20230831,金能科技：二季度盈利环比改善，业绩进入修复通道——公司中报点评报告,点评,一般报告,开源证券,张绪成,2025Q4,1907000.0,,55800.0,56600.0,0.66,12.3,,5.8,3.4,买入,,
603113.SH,金能科技,20230831,金能科技：二季度盈利环比改善，业绩进入修复通道——公司中报点评报告,点评,一般报告,开源证券,张绪成,2024Q4,1829300.0,,49400.0,50100.0,0.59,13.9,,5.3,6.1,买入,,
603113.SH,金能科技,20230831,金能科技：二季度盈利环比改善，业绩进入修复通道——公司中报点评报告,点评,一般报告,开源证券,张绪成,2023Q4,1552200.0,,36000.0,36500.0,0.43,19.1,,4.1,4.7,买入,,
600026.SH,中远海能,20230831,中远海能：23H1业绩符合预期，静待油轮市场旺季来临,一般,一般报告,招商证券,"苏宝亮,肖欣晨,魏芸",2025Q4,3138900.0,,1025000.0,779000.0,1.63,8.3,,16.7,9.3,强烈推荐,,
600026.SH,中远海能,20230831,中远海能：23H1业绩符合预期，静待油轮市场旺季来临,一般,一般报告,招商证券,"苏宝亮,肖欣晨,魏芸",2024Q4,2989300.0,,988400.0,751200.0,1.57,8.6,,18.0,9.6,强烈推荐,,
600026.SH,中远海能,20230831,中远海能：23H1业绩符合预期，静待油轮市场旺季来临,一般,一般报告,招商证券,"苏宝亮,肖欣晨,魏芸",2023Q4,2665700.0,,758100.0,576100.0,1.21,11.2,,15.7,11.6,强烈推荐,,
301333.SZ,诺思格,20230831,诺思格：新增订单增长近70％，未来成长可期,点评,首份报告,信达证券,"唐爱金,史慧颖",2025Q4,113300.0,,27100.0,23800.0,2.48,27.4,,10.9,19.5,无,,
301333.SZ,诺思格,20230831,诺思格：新增订单增长近70％，未来成长可期,点评,首份报告,信达证券,"唐爱金,史慧颖",2024Q4,93300.0,,22600.0,19900.0,2.07,32.79,,10.2,23.82,无,,
301333.SZ,诺思格,20230831,诺思格：新增订单增长近70％，未来成长可期,点评,首份报告,信达证券,"唐爱金,史慧颖",2023Q4,77200.0,,19300.0,17000.0,1.77,38.36,,9.8,28.88,无,,
301108.SZ,洁雅股份,20230831,洁雅股份：湿巾龙头业绩短期承压，期待主业后续修复,点评,一般报告,信达证券,汲肖飞,2025Q4,88000.0,,22300.0,19000.0,2.34,15.71,,8.5,8.47,买入,,
301108.SZ,洁雅股份,20230831,洁雅股份：湿巾龙头业绩短期承压，期待主业后续修复,点评,一般报告,信达证券,汲肖飞,2024Q4,76700.0,,19700.0,16800.0,2.07,17.78,,8.2,9.49,买入,,
301108.SZ,洁雅股份,20230831,洁雅股份：湿巾龙头业绩短期承压，期待主业后续修复,点评,一般报告,信达证券,汲肖飞,2023Q4,60100.0,,15300.0,13000.0,1.6,22.92,,7.0,11.4,买入,,
301108.SZ,洁雅股份,20230831,洁雅股份：上半年业绩仍承压，期待化妆品业务放量,点评,一般报告,财通证券,余剑秋,2025Q4,98436.0,,23638.0,20494.0,2.52,15.24,0.0,8.99,7.2,增持,,
301108.SZ,洁雅股份,20230831,洁雅股份：上半年业绩仍承压，期待化妆品业务放量,点评,一般报告,财通证券,余剑秋,2024Q4,79175.0,,18476.0,16019.0,1.97,19.5,0.0,7.72,10.6,增持,,
301108.SZ,洁雅股份,20230831,洁雅股份：上半年业绩仍承压，期待化妆品业务放量,点评,一般报告,财通证券,余剑秋,2023Q4,60268.0,,15517.0,13454.0,1.66,23.22,0.0,7.03,13.7,增持,,
301080.SZ,百普赛斯,20230831,百普赛斯2023半年度报告点评：费用拖累短期利润，海外增长趋势不减,点评,一般报告,国元证券,"马云涛,朱仕平",2025Q4,93393.0,,38421.0,34705.0,2.89,22.3,,11.54,14.8,买入,,
301080.SZ,百普赛斯,20230831,百普赛斯2023半年度报告点评：费用拖累短期利润，海外增长趋势不减,点评,一般报告,国元证券,"马云涛,朱仕平",2024Q4,71680.0,,28352.0,25595.0,2.13,30.24,,9.14,19.41,买入,,
301080.SZ,百普赛斯,20230831,百普赛斯2023半年度报告点评：费用拖累短期利润，海外增长趋势不减,点评,一般报告,国元证券,"马云涛,朱仕平",2023Q4,57453.0,,22114.0,20498.0,1.71,37.76,,7.74,25.36,买入,,
301073.SZ,君亭酒店,20230831,君亭酒店2023年中报点评：区域布局扩张，直营稳健落地,点评,一般报告,中信证券,"姜娅,刘济玮,王诗然",2025Q4,117000.0,,30500.0,23500.0,1.21,28.7,,19.6,12.2,增持,,
301073.SZ,君亭酒店,20230831,君亭酒店2023年中报点评：区域布局扩张，直营稳健落地,点评,一般报告,中信证券,"姜娅,刘济玮,王诗然",2024Q4,86900.0,,20000.0,15800.0,0.81,42.9,,14.1,17.6,增持,,
301073.SZ,君亭酒店,20230831,君亭酒店2023年中报点评：区域布局扩张，直营稳健落地,点评,一般报告,中信证券,"姜娅,刘济玮,王诗然",2023Q4,56200.0,,8200.0,6800.0,0.35,99.3,,6.7,30.4,增持,,
300938.SZ,信测标准,20230831,信测标准：汽车及电子电气检测领先企业，23H1归母净利润同比＋45.80％,点评,一般报告,国信证券,"吴双,李雨轩",2025Q4,117700.0,,32400.0,27400.0,2.43,17.3,1.0,16.5,14.9,买入,,
600958.SH,东方证券,20230831,东方证券2023年半年报点评：市场利好投资反弹，政策助力资管高增,点评,一般报告,国泰君安,"刘欣琦,王思玥",2025Q4,2740200.0,,,518000.0,0.61,17.4,2.4,6.4,,增持,,12.3
600958.SH,东方证券,20230831,东方证券2023年半年报点评：市场利好投资反弹，政策助力资管高增,点评,一般报告,国泰君安,"刘欣琦,王思玥",2024Q4,2449800.0,,,456900.0,0.54,19.7,2.1,5.9,,增持,,12.3
600958.SH,东方证券,20230831,东方证券2023年半年报点评：市场利好投资反弹，政策助力资管高增,点评,一般报告,国泰君安,"刘欣琦,王思玥",2023Q4,2205200.0,,,399700.0,0.47,22.5,1.9,5.3,,增持,,12.3
600958.SH,东方证券,20230831,东方证券2023年半年报点评：市场利好投资反弹，政策助力资管高增,点评,一般报告,国泰君安,"刘欣琦,王思玥",2023Q3,,,,,0.31,,,,,增持,,12.3
600872.SH,中炬高新,20230831,中炬高新2023年半年报点评：治理变更落地，聚焦改革实措,点评,一般报告,华创证券,"欧阳予,彭俊霖,董广阳",2025Q4,668400.0,,118500.0,97000.0,1.23,27.0,,24.1,19.0,强推,,38.22
600872.SH,中炬高新,20230831,中炬高新2023年半年报点评：治理变更落地，聚焦改革实措,点评,一般报告,华创证券,"欧阳予,彭俊霖,董广阳",2024Q4,611300.0,,93700.0,76700.0,0.98,34.0,,24.1,23.0,强推,,38.22
600872.SH,中炬高新,20230831,中炬高新2023年半年报点评：治理变更落地，聚焦改革实措,点评,一般报告,华创证券,"欧阳予,彭俊霖,董广阳",2023Q4,545700.0,,-86800.0,-71100.0,-0.9,,,-30.9,,强推,,38.22
600837.SH,海通证券,20230831,海通证券2023年半年报点评：自营反弹业绩高增，政策利好驱动成长,点评,一般报告,国泰君安,"刘欣琦,王思玥",2025Q4,3523900.0,,,1126700.0,0.86,11.8,3.6,5.7,,增持,,12.32
600837.SH,海通证券,20230831,海通证券2023年半年报点评：自营反弹业绩高增，政策利好驱动成长,点评,一般报告,国泰君安,"刘欣琦,王思玥",2024Q4,3353100.0,,,1029500.0,0.79,12.9,3.2,5.4,,增持,,12.32
600837.SH,海通证券,20230831,海通证券2023年半年报点评：自营反弹业绩高增，政策利好驱动成长,点评,一般报告,国泰君安,"刘欣琦,王思玥",2023Q4,3184900.0,,,934400.0,0.72,14.2,2.9,5.1,,增持,,12.32
600837.SH,海通证券,20230831,海通证券2023年半年报点评：自营反弹业绩高增，政策利好驱动成长,点评,一般报告,国泰君安,"刘欣琦,王思玥",2023Q3,,,,,0.57,,,,,增持,,12.32
600266.SH,城建发展,20230831,城建发展：上半年业绩顺利兑现，现金流状况持续改善,点评,一般报告,中金,"王惠菁,张芳妍,张宇",2024Q4,3553700.0,,415300.0,158500.0,0.7,10.9,2.9,6.2,8.6,跑赢行业,,8.8
600266.SH,城建发展,20230831,城建发展：上半年业绩顺利兑现，现金流状况持续改善,点评,一般报告,中金,"王惠菁,张芳妍,张宇",2023Q4,2951100.0,,273300.0,106800.0,0.47,16.1,2.0,4.3,14.1,跑赢行业,,8.8
601336.SH,新华保险,20230831,新华保险：新业务价值增速稳健，净投资收益略有承压,点评,一般报告,中金,"毛晴晴,姚泽宇",2024Q4,23755800.0,,2597000.0,2129100.0,6.83,6.0,5.0,16.7,,跑赢行业,,46.4
601336.SH,新华保险,20230831,新华保险：新业务价值增速稳健，净投资收益略有承压,点评,一般报告,中金,"毛晴晴,姚泽宇",2023Q4,21911500.0,,2101400.0,1722700.0,5.52,7.4,4.0,15.5,,跑赢行业,,46.4
601021.SH,春秋航空,20230831,春秋航空：1H23业绩略超预期，成本管控卓有成效,点评,一般报告,中金,"赵欣悦,郑学建,吴其坤,张骁瀚,冯启斌,杨鑫",2024Q4,2575800.0,,486500.0,364840.0,3.73,15.3,0.7,20.9,9.1,跑赢行业,,84.2
601021.SH,春秋航空,20230831,春秋航空：1H23业绩略超预期，成本管控卓有成效,点评,一般报告,中金,"赵欣悦,郑学建,吴其坤,张骁瀚,冯启斌,杨鑫",2023Q4,2023922.0,,272000.0,203998.0,2.08,27.4,0.4,13.9,13.6,跑赢行业,,84.2
603105.SH,芯能科技,20230831,芯能科技：盈利快速增长，储能业务稳步推进,点评,一般报告,中银国际,"武佳雄,顾真",2025Q4,105900.0,,48600.0,43700.0,0.87,16.3,1.8,17.6,11.7,增持,,
603105.SH,芯能科技,20230831,芯能科技：盈利快速增长，储能业务稳步推进,点评,一般报告,中银国际,"武佳雄,顾真",2024Q4,80900.0,,37700.0,33900.0,0.68,21.0,1.4,15.6,14.6,增持,,
603105.SH,芯能科技,20230831,芯能科技：盈利快速增长，储能业务稳步推进,点评,一般报告,中银国际,"武佳雄,顾真",2023Q4,68600.0,,27900.0,25100.0,0.5,28.3,1.1,13.0,19.3,增持,,
601689.SH,拓普集团,20230831,拓普集团半年报点评：机器人执行器计划2024Q1进入量产阶段,点评,一般报告,浙商证券,"施毅,郑景毅",2025Q4,4326356.0,,537400.0,470789.0,4.27,18.36,,24.63,13.05,买入,,
601689.SH,拓普集团,20230831,拓普集团半年报点评：机器人执行器计划2024Q1进入量产阶段,点评,一般报告,浙商证券,"施毅,郑景毅",2024Q4,3087968.0,,374900.0,329570.0,2.99,26.23,,21.18,18.22,买入,,
601689.SH,拓普集团,20230831,拓普集团半年报点评：机器人执行器计划2024Q1进入量产阶段,点评,一般报告,浙商证券,"施毅,郑景毅",2023Q4,2254928.0,,271500.0,239261.0,2.17,36.13,,18.19,24.15,买入,,
601398.SH,工商银行,20230831,工商银行：信贷投放助力稳增长,一般,一般报告,中金,"林英奇,周基明,许鸿明,张帅帅",2024Q4,100685600.0,,48539900.0,39865300.0,1.119,4.3,7.3,10.2,,跑赢行业,,5.53
601398.SH,工商银行,20230831,工商银行：信贷投放助力稳增长,一般,一般报告,中金,"林英奇,周基明,许鸿明,张帅帅",2023Q4,94722100.0,,45395400.0,37517000.0,1.053,4.5,6.9,10.3,,跑赢行业,,5.53
002555.SZ,三七互娱,20230831,三七互娱2023年上半年业绩点评：新品表现亮眼，3Q进入利润释放期，产品储备丰富,点评,一般报告,西部证券,李艳丽,2025Q4,2347000.0,,479500.0,429100.0,1.93,13.8,,20.4,,买入,,
002555.SZ,三七互娱,20230831,三七互娱2023年上半年业绩点评：新品表现亮眼，3Q进入利润释放期，产品储备丰富,点评,一般报告,西部证券,李艳丽,2024Q4,2095800.0,,429900.0,384700.0,1.73,15.4,,21.6,,买入,,
002555.SZ,三七互娱,20230831,三七互娱2023年上半年业绩点评：新品表现亮眼，3Q进入利润释放期，产品储备丰富,点评,一般报告,西部证券,李艳丽,2023Q4,1835700.0,,369100.0,330300.0,1.49,17.9,,22.3,,买入,,
002384.SZ,东山精密,20230831,东山精密2023年中报点评：传统业务承压拖累，汽车新业务成长加速,点评,一般报告,华创证券,"熊翊宇,耿琛",2025Q4,6523600.0,,541000.0,450800.0,2.64,7.0,,17.2,5.0,强推,,29.2
002384.SZ,东山精密,20230831,东山精密2023年中报点评：传统业务承压拖累，汽车新业务成长加速,点评,一般报告,华创证券,"熊翊宇,耿琛",2024Q4,4931600.0,,421300.0,351000.0,2.05,9.0,,16.0,6.0,强推,,29.2
002384.SZ,东山精密,20230831,东山精密2023年中报点评：传统业务承压拖累，汽车新业务成长加速,点评,一般报告,华创证券,"熊翊宇,耿琛",2023Q4,3480200.0,,299600.0,249700.0,1.46,13.0,,13.4,9.0,强推,,29.2
002368.SZ,太极股份,20230831,太极股份2023年半年报点评：毛利率显著提升，云服务快速增长,点评,一般报告,东北证券,黄净,2025Q4,1761900.0,,107800.0,94100.0,1.51,25.01,0.0,15.06,,买入,,
002368.SZ,太极股份,20230831,太极股份2023年半年报点评：毛利率显著提升，云服务快速增长,点评,一般报告,东北证券,黄净,2024Q4,1466800.0,,80300.0,70100.0,1.12,33.57,0.0,13.21,,买入,,
002368.SZ,太极股份,20230831,太极股份2023年半年报点评：毛利率显著提升，云服务快速增长,点评,一般报告,东北证券,黄净,2023Q4,1188200.0,,57500.0,50200.0,0.81,46.84,0.0,10.91,,买入,,
002335.SZ,科华数据,20230831,科华数据2023年半年度业绩点评：双子星闪耀，新能源维持高速增长,点评,一般报告,华福证券,"邓伟,柴泽阳",2025Q4,1671800.0,,147100.0,124800.0,2.7,11.8,,18.8,78.0,买入,,55.66
002335.SZ,科华数据,20230831,科华数据2023年半年度业绩点评：双子星闪耀，新能源维持高速增长,点评,一般报告,华福证券,"邓伟,柴泽阳",2024Q4,1220700.0,,106000.0,91400.0,1.98,16.1,,16.7,100.0,买入,,55.66
300938.SZ,信测标准,20230831,信测标准：汽车及电子电气检测领先企业，23H1归母净利润同比＋45.80％,点评,一般报告,国信证券,"吴双,李雨轩",2024Q4,92400.0,,25300.0,21200.0,1.87,22.4,0.8,14.8,19.1,买入,,
300938.SZ,信测标准,20230831,信测标准：汽车及电子电气检测领先企业，23H1归母净利润同比＋45.80％,点评,一般报告,国信证券,"吴双,李雨轩",2023Q4,71800.0,,18900.0,15700.0,1.39,30.2,0.5,12.5,24.9,买入,,
300537.SZ,广信材料,20230831,广信材料2023年半年报点评：盈利改善明显，光伏用胶多点开花,点评,一般报告,国海证券,"李航,邱迪",2025Q4,125700.0,,17100.0,14800.0,0.77,18.89,,16.0,15.47,买入,,
300537.SZ,广信材料,20230831,广信材料2023年半年报点评：盈利改善明显，光伏用胶多点开花,点评,一般报告,国海证券,"李航,邱迪",2024Q4,83500.0,,9200.0,8000.0,0.42,34.74,,10.0,25.14,买入,,
300537.SZ,广信材料,20230831,广信材料2023年半年报点评：盈利改善明显，光伏用胶多点开花,点评,一般报告,国海证券,"李航,邱迪",2023Q4,61500.0,,3900.0,3500.0,0.18,80.11,,5.0,46.09,买入,,
002984.SZ,森麒麟,20230831,森麒麟：23H1业绩大幅提升，看好远期成长空间,点评,一般报告,国信证券,"杨林,刘子栋",2025Q4,1140200.0,,201600.0,181400.0,2.438,11.6,1.7,15.7,8.9,买入,,
002984.SZ,森麒麟,20230831,森麒麟：23H1业绩大幅提升，看好远期成长空间,点评,一般报告,国信证券,"杨林,刘子栋",2024Q4,1056500.0,,188300.0,173300.0,2.329,12.2,1.6,17.2,9.7,买入,,
002984.SZ,森麒麟,20230831,森麒麟：23H1业绩大幅提升，看好远期成长空间,点评,一般报告,国信证券,"杨林,刘子栋",2023Q4,891200.0,,144800.0,133200.0,1.79,15.9,1.3,15.3,11.7,买入,,
002612.SZ,朗姿股份,20230831,朗姿股份2023年中报点评：23H1收入规模稳健增长，利润增速表现亮眼,点评,一般报告,民生证券,"刘文正,郑紫舟,褚菁菁",2025Q4,658800.0,,47100.0,40000.0,0.91,25.0,0.31,10.69,14.13,推荐,,
002612.SZ,朗姿股份,20230831,朗姿股份2023年中报点评：23H1收入规模稳健增长，利润增速表现亮眼,点评,一般报告,民生证券,"刘文正,郑紫舟,褚菁菁",2024Q4,571400.0,,38900.0,33000.0,0.75,30.0,0.31,9.7,15.83,推荐,,
002612.SZ,朗姿股份,20230831,朗姿股份2023年中报点评：23H1收入规模稳健增长，利润增速表现亮眼,点评,一般报告,民生证券,"刘文正,郑紫舟,褚菁菁",2023Q4,480000.0,,30600.0,26000.0,0.59,38.0,0.31,8.35,17.88,推荐,,
002335.SZ,科华数据,20230831,科华数据2023年半年度业绩点评：双子星闪耀，新能源维持高速增长,点评,一般报告,华福证券,"邓伟,柴泽阳",2023Q4,937800.0,,84800.0,73400.0,1.59,20.1,,15.8,115.0,买入,,55.66
002044.SZ,美年健康,20230831,美年健康：盈利能力恢复至疫情前水平，客单价提升超预期——公司信息更新报告,一般,一般报告,开源证券,"蔡明子,古意涵",2025Q4,1392400.0,,196600.0,125300.0,0.32,21.3,,12.7,10.3,买入,,
002044.SZ,美年健康,20230831,美年健康：盈利能力恢复至疫情前水平，客单价提升超预期——公司信息更新报告,一般,一般报告,开源证券,"蔡明子,古意涵",2024Q4,1210800.0,,153000.0,97500.0,0.25,27.3,,11.3,12.8,买入,,
002044.SZ,美年健康,20230831,美年健康：盈利能力恢复至疫情前水平，客单价提升超预期——公司信息更新报告,一般,一般报告,开源证券,"蔡明子,古意涵",2023Q4,1052900.0,,106600.0,68000.0,0.17,39.2,,8.9,16.0,买入,,
000034.SZ,神州数码,20230831,神州数码：全面发力云与信创，IT分销龙头再出发,一般,首次评级,国泰君安,朱丽江,2025Q4,14283900.0,,,179400.0,2.68,12.27,0.6,15.2,9.03,增持,,49.03
000034.SZ,神州数码,20230831,神州数码：全面发力云与信创，IT分销龙头再出发,一般,首次评级,国泰君安,朱丽江,2024Q4,13436300.0,,,150300.0,2.25,14.64,0.6,14.9,11.01,增持,,49.03
000034.SZ,神州数码,20230831,神州数码：全面发力云与信创，IT分销龙头再出发,一般,首次评级,国泰君安,朱丽江,2023Q4,12538400.0,,,121300.0,1.81,18.15,0.6,13.9,13.59,增持,,49.03
000034.SZ,神州数码,20230831,神州数码：全面发力云与信创，IT分销龙头再出发,一般,首次评级,国泰君安,朱丽江,2023Q3,,,,,1.16,,,,,增持,,49.03
000596.SZ,古井贡酒,20230831,古井贡酒2023年中报点评：Q2业绩表现亮眼，徽酒龙头高速前行,点评,一般报告,中信证券,"姜娅,蒋祎,江旭东",2023Q4,2050000.0,,599500.0,430300.0,8.14,34.2,,20.3,24.8,买入,,315.0
688786.SH,悦安新材,20230831,悦安新材2023年中报点评：开拓新客户、新市场，募投项目稳步落地,点评,一般报告,国泰君安,"李鹏飞,魏雨迪,王宏玉",2025Q4,83700.0,,,17900.0,2.09,20.16,2.2,19.3,14.62,增持,,62.4
688786.SH,悦安新材,20230831,悦安新材2023年中报点评：开拓新客户、新市场，募投项目稳步落地,点评,一般报告,国泰君安,"李鹏飞,魏雨迪,王宏玉",2024Q4,76900.0,,,16500.0,1.93,21.85,1.9,20.0,16.32,增持,,62.4
688786.SH,悦安新材,20230831,悦安新材2023年中报点评：开拓新客户、新市场，募投项目稳步落地,点评,一般报告,国泰君安,"李鹏飞,魏雨迪,王宏玉",2023Q4,61500.0,,,13300.0,1.56,27.06,1.7,18.2,21.16,增持,,62.4
688786.SH,悦安新材,20230831,悦安新材2023年中报点评：开拓新客户、新市场，募投项目稳步落地,点评,一般报告,国泰君安,"李鹏飞,魏雨迪,王宏玉",2023Q3,,,,,0.86,,,,,增持,,62.4
688586.SH,江航装备,20230831,江航装备2023年中报点评：上半年业绩小幅下降，航空业务有望持续提升,点评,一般报告,东吴证券,"苏立赞,许牧",2025Q4,189100.0,,50200.0,46600.0,0.59,20.93,,13.62,,买入,,
688586.SH,江航装备,20230831,江航装备2023年中报点评：上半年业绩小幅下降，航空业务有望持续提升,点评,一般报告,东吴证券,"苏立赞,许牧",2024Q4,160700.0,,41300.0,38400.0,0.48,25.43,,12.98,,买入,,
688586.SH,江航装备,20230831,江航装备2023年中报点评：上半年业绩小幅下降，航空业务有望持续提升,点评,一般报告,东吴证券,"苏立赞,许牧",2023Q4,134800.0,,33700.0,31300.0,0.4,31.13,,12.18,,买入,,
603816.SH,顾家家居,20230831,顾家家居：Q2利润表现亮眼，经营质量持续提升,点评,一般报告,信达证券,李宏鹏,2025Q4,2742700.0,,371500.0,293100.0,3.57,11.89,,24.6,6.99,买入,,
603816.SH,顾家家居,20230831,顾家家居：Q2利润表现亮眼，经营质量持续提升,点评,一般报告,信达证券,李宏鹏,2024Q4,2358200.0,,314900.0,248500.0,3.02,14.02,,23.1,8.55,买入,,
603816.SH,顾家家居,20230831,顾家家居：Q2利润表现亮眼，经营质量持续提升,点评,一般报告,信达证券,李宏鹏,2023Q4,2034200.0,,270700.0,213600.0,2.6,16.31,,21.9,11.06,买入,,
603667.SH,五洲新春,20230831,五洲新春：短期业绩承压，看好机器人相关业务突破,点评,一般报告,信达证券,"武浩,孙然",2025Q4,532000.0,,51100.0,42200.0,1.14,14.13,,14.0,8.86,无,,
603667.SH,五洲新春,20230831,五洲新春：短期业绩承压，看好机器人相关业务突破,点评,一般报告,信达证券,"武浩,孙然",2024Q4,448000.0,,33400.0,27600.0,0.75,21.62,,10.4,11.64,无,,
603667.SH,五洲新春,20230831,五洲新春：短期业绩承压，看好机器人相关业务突破,点评,一般报告,信达证券,"武浩,孙然",2023Q4,379200.0,,22400.0,18500.0,0.5,32.26,,7.5,14.92,无,,
603596.SH,伯特利,20230831,伯特利中报点评：业绩符合预期，智能电控产品销量维持高增,点评,一般报告,信达证券,"陆嘉敏,曹子杰",2025Q4,1190700.0,,195500.0,179100.0,4.35,17.5,,22.4,12.13,买入,,
603596.SH,伯特利,20230831,伯特利中报点评：业绩符合预期，智能电控产品销量维持高增,点评,一般报告,信达证券,"陆嘉敏,曹子杰",2024Q4,992400.0,,150100.0,137500.0,3.34,22.79,,21.6,16.04,买入,,
603596.SH,伯特利,20230831,伯特利中报点评：业绩符合预期，智能电控产品销量维持高增,点评,一般报告,信达证券,"陆嘉敏,曹子杰",2023Q4,802600.0,,104600.0,95800.0,2.33,32.72,,18.8,22.76,买入,,
603170.SH,宝立食品,20230831,宝立食品：复调业务高增，带动量利齐升,点评,一般报告,信达证券,马铮,2025Q4,365400.0,,55700.0,41000.0,1.02,18.77,,21.7,12.01,买入,,
603170.SH,宝立食品,20230831,宝立食品：复调业务高增，带动量利齐升,点评,一般报告,信达证券,马铮,2024Q4,303400.0,,45200.0,33200.0,0.83,23.16,,20.9,14.95,买入,,
603170.SH,宝立食品,20230831,宝立食品：复调业务高增，带动量利齐升,点评,一般报告,信达证券,马铮,2023Q4,250200.0,,40300.0,29600.0,0.74,25.99,,22.0,19.07,买入,,
603170.SH,宝立食品,20230831,宝立食品：B端增速亮眼，期待C端渠道开拓,点评,一般报告,招商证券,"于佳琦,任龙",2025Q4,342100.0,,51200.0,37300.0,0.93,20.6,,20.4,12.9,增持,,
603170.SH,宝立食品,20230831,宝立食品：B端增速亮眼，期待C端渠道开拓,点评,一般报告,招商证券,"于佳琦,任龙",2024Q4,287300.0,,42800.0,31200.0,0.78,24.6,,20.1,15.1,增持,,
603170.SH,宝立食品,20230831,宝立食品：B端增速亮眼，期待C端渠道开拓,点评,一般报告,招商证券,"于佳琦,任龙",2023Q4,242300.0,,41900.0,30600.0,0.76,25.1,,22.9,15.4,增持,,
605296.SH,神农集团,20230831,神农集团：财务结构稳健，产能规划积极,点评,一般报告,山西证券,陈振志,2025Q4,759100.0,,82900.0,81400.0,1.55,14.6,,15.3,10.1,增持,,
605296.SH,神农集团,20230831,神农集团：财务结构稳健，产能规划积极,点评,一般报告,山西证券,陈振志,2024Q4,528400.0,,25800.0,25400.0,0.48,46.9,,5.5,21.6,增持,,
605296.SH,神农集团,20230831,神农集团：财务结构稳健，产能规划积极,点评,一般报告,山西证券,陈振志,2023Q4,377400.0,,-16000.0,-15800.0,-0.3,,,-3.6,222.1,增持,,
601225.SH,陕西煤业,20230831,陕西煤业2023年中报点评：扣非净利润下滑有限，业绩稳定性有优势,点评,一般报告,中信证券,祖国鹏,2025Q4,15188100.0,,4675100.0,2510800.0,2.59,6.5,,19.7,4.5,买入,,22.0
601225.SH,陕西煤业,20230831,陕西煤业2023年中报点评：扣非净利润下滑有限，业绩稳定性有优势,点评,一般报告,中信证券,祖国鹏,2024Q4,15462900.0,,4944900.0,2635600.0,2.72,6.1,,22.3,4.3,买入,,22.0
601225.SH,陕西煤业,20230831,陕西煤业2023年中报点评：扣非净利润下滑有限，业绩稳定性有优势,点评,一般报告,中信证券,祖国鹏,2023Q4,14636100.0,,4605100.0,2522700.0,2.6,6.4,,23.6,4.5,买入,,22.0
688696.SH,极米科技,20230831,极米科技：龙头地位稳固，静待需求复苏,点评,一般报告,中信建投,马王杰,2025Q4,494383.0,,,37408.0,5.34,22.88,,9.89,,买入,,
688696.SH,极米科技,20230831,极米科技：龙头地位稳固，静待需求复苏,点评,一般报告,中信建投,马王杰,2024Q4,446222.0,,,31269.0,4.47,27.37,,8.88,,买入,,
688696.SH,极米科技,20230831,极米科技：龙头地位稳固，静待需求复苏,点评,一般报告,中信建投,马王杰,2023Q4,387075.0,,,24282.0,3.47,35.25,,7.35,,买入,,
300661.SZ,圣邦股份,20230831,圣邦股份：2023Q2业绩环比改善，公司成长动力充足——公司信息更新报告,点评,一般报告,开源证券,"罗通,刘书珣",2025Q4,446500.0,,116500.0,110400.0,2.36,31.7,,20.6,26.0,买入,,
300661.SZ,圣邦股份,20230831,圣邦股份：2023Q2业绩环比改善，公司成长动力充足——公司信息更新报告,点评,一般报告,开源证券,"罗通,刘书珣",2024Q4,338400.0,,80200.0,76300.0,1.63,45.9,,17.1,38.4,买入,,
300661.SZ,圣邦股份,20230831,圣邦股份：2023Q2业绩环比改善，公司成长动力充足——公司信息更新报告,点评,一般报告,开源证券,"罗通,刘书珣",2023Q4,270700.0,,53600.0,50700.0,1.09,69.0,,13.0,56.9,买入,,
300639.SZ,凯普生物,20230831,凯普生物：HPV等多产品放量显著，分子诊断龙头快速成长,一般,一般报告,中泰证券,"谢木青,于佳喜",2025Q4,244200.0,,62300.0,50200.0,0.77,12.5,,8.4,3.0,买入,,
300639.SZ,凯普生物,20230831,凯普生物：HPV等多产品放量显著，分子诊断龙头快速成长,一般,一般报告,中泰证券,"谢木青,于佳喜",2024Q4,184700.0,,47400.0,38200.0,0.59,16.4,,6.9,4.0,买入,,
300639.SZ,凯普生物,20230831,凯普生物：HPV等多产品放量显著，分子诊断龙头快速成长,一般,一般报告,中泰证券,"谢木青,于佳喜",2023Q4,131500.0,,32600.0,26100.0,0.4,24.0,,5.0,6.0,买入,,
300547.SZ,川环科技,20230831,川环科技中报点评：收入实现稳定增长，积极拓展储能、数据中心等新业务,点评,一般报告,信达证券,"陆嘉敏,曹子杰",2025Q4,184300.0,,30600.0,27600.0,1.27,11.68,,20.9,7.84,买入,,
300547.SZ,川环科技,20230831,川环科技中报点评：收入实现稳定增长，积极拓展储能、数据中心等新业务,点评,一般报告,信达证券,"陆嘉敏,曹子杰",2024Q4,153600.0,,25200.0,22700.0,1.05,14.19,,19.2,9.79,买入,,
300547.SZ,川环科技,20230831,川环科技中报点评：收入实现稳定增长，积极拓展储能、数据中心等新业务,点评,一般报告,信达证券,"陆嘉敏,曹子杰",2023Q4,122500.0,,19800.0,17800.0,0.82,18.12,,16.5,11.62,买入,,
300487.SZ,蓝晓科技,20230831,蓝晓科技：业绩符合预期，生科、水处理等多板块保持高增,点评,首次评级,东北证券,"陈俊杰,伍豪",2025Q4,409900.0,,130100.0,116000.0,2.31,26.05,0.0,21.71,,买入,,
300487.SZ,蓝晓科技,20230831,蓝晓科技：业绩符合预期，生科、水处理等多板块保持高增,点评,首次评级,东北证券,"陈俊杰,伍豪",2024Q4,341000.0,,105700.0,94300.0,1.88,32.03,0.0,22.55,,买入,,
300487.SZ,蓝晓科技,20230831,蓝晓科技：业绩符合预期，生科、水处理等多板块保持高增,点评,首次评级,东北证券,"陈俊杰,伍豪",2023Q4,267100.0,,81200.0,73300.0,1.46,41.22,0.0,22.62,,买入,,
002560.SZ,通达股份,20230831,通达股份：Q2业绩稳步增长，积极推进航空零部件募投项目,点评,一般报告,国联证券,孙树明,2025Q4,961900.0,,27500.0,31100.0,0.59,13.8,,9.65,14.5,增持,,9.17
002560.SZ,通达股份,20230831,通达股份：Q2业绩稳步增长，积极推进航空零部件募投项目,点评,一般报告,国联证券,孙树明,2024Q4,812700.0,,25100.0,28400.0,0.54,15.2,,9.63,15.4,增持,,9.17
002560.SZ,通达股份,20230831,通达股份：Q2业绩稳步增长，积极推进航空零部件募投项目,点评,一般报告,国联证券,孙树明,2023Q4,678600.0,,21000.0,23800.0,0.45,18.1,,8.81,17.6,增持,,9.17
002466.SZ,天齐锂业,20230831,天齐锂业：锂矿量增价坚挺，支撑营收高增速,点评,一般报告,平安证券,"陈骁,陈潇榕,马书蕾",2025Q4,4191900.0,,3772100.0,1504000.0,9.16,6.5,,17.7,2.0,推荐,,
002466.SZ,天齐锂业,20230831,天齐锂业：锂矿量增价坚挺，支撑营收高增速,点评,一般报告,平安证券,"陈骁,陈潇榕,马书蕾",2024Q4,3986800.0,,3611700.0,1327600.0,8.09,7.3,,18.7,2.4,推荐,,
002466.SZ,天齐锂业,20230831,天齐锂业：锂矿量增价坚挺，支撑营收高增速,点评,一般报告,平安证券,"陈骁,陈潇榕,马书蕾",2023Q4,4091900.0,,3698900.0,1072900.0,6.54,9.1,,18.3,2.6,推荐,,
000876.SZ,新希望,20230831,新希望：降本增效成效显著，业绩大幅减亏,点评,一般报告,中邮证券,王琦,2025Q4,18526900.0,,600500.0,576657.0,1.27,9.24,,14.7,8.66,增持,,
000876.SZ,新希望,20230831,新希望：降本增效成效显著，业绩大幅减亏,点评,一般报告,中邮证券,王琦,2024Q4,17249200.0,,473100.0,454336.0,1.0,11.73,,13.6,10.57,增持,,
000876.SZ,新希望,20230831,新希望：降本增效成效显著，业绩大幅减亏,点评,一般报告,中邮证券,王琦,2023Q4,15698000.0,,58900.0,56540.0,0.12,94.23,,2.0,19.4,增持,,
600986.SH,浙文互联,20230831,浙文互联：“AI＋”助力降本增效，新客户群体将贡献收入增量——2023年中报点评,点评,一般报告,银河证券,岳铮,2025Q4,1582934.0,,46618.0,36815.0,0.25,24.36,,6.33,17.12,推荐,,
600986.SH,浙文互联,20230831,浙文互联：“AI＋”助力降本增效，新客户群体将贡献收入增量——2023年中报点评,点评,一般报告,银河证券,岳铮,2024Q4,1487301.0,,41315.0,32617.0,0.22,27.5,,5.98,19.72,推荐,,
600986.SH,浙文互联,20230831,浙文互联：“AI＋”助力降本增效，新客户群体将贡献收入增量——2023年中报点评,点评,一般报告,银河证券,岳铮,2023Q4,1395609.0,,34730.0,27410.0,0.18,32.72,,5.35,22.64,推荐,,
600966.SH,博汇纸业,20230831,博汇纸业：Q2盈利改善，期待旺季需求复苏,点评,一般报告,国盛证券,"姜文镪,张彤",2025Q4,2455900.0,,150100.0,137800.0,1.03,6.2,,15.4,5.5,买入,,
600966.SH,博汇纸业,20230831,博汇纸业：Q2盈利改善，期待旺季需求复苏,点评,一般报告,国盛证券,"姜文镪,张彤",2024Q4,2228800.0,,112800.0,107100.0,0.8,7.9,,13.8,7.0,买入,,
600966.SH,博汇纸业,20230831,博汇纸业：Q2盈利改善，期待旺季需求复苏,点评,一般报告,国盛证券,"姜文镪,张彤",2023Q4,2091900.0,,35300.0,31300.0,0.23,27.1,,4.6,11.7,买入,,
600884.SH,杉杉股份,20230831,杉杉股份：聚焦核心主业，负极销量逐步回暖,点评,一般报告,信达证券,"武浩,孙然",2025Q4,2812500.0,,490800.0,363700.0,1.61,8.53,,11.4,5.68,买入,,
600884.SH,杉杉股份,20230831,杉杉股份：聚焦核心主业，负极销量逐步回暖,点评,一般报告,信达证券,"武浩,孙然",2024Q4,2478200.0,,409800.0,302400.0,1.34,10.27,,10.7,6.91,买入,,
600884.SH,杉杉股份,20230831,杉杉股份：聚焦核心主业，负极销量逐步回暖,点评,一般报告,信达证券,"武浩,孙然",2023Q4,2190100.0,,299900.0,221300.0,0.98,14.03,,8.8,9.16,买入,,
600522.SH,中天科技,20230831,中天科技：二季度净利润同比增长47％，在手订单储备充足,一般,一般报告,国信证券,"马成龙,朱锟旭",2025Q4,5874800.0,,736200.0,605300.0,1.77,8.2,2.5,14.5,8.3,买入,,
600522.SH,中天科技,20230831,中天科技：二季度净利润同比增长47％，在手订单储备充足,一般,一般报告,国信证券,"马成龙,朱锟旭",2024Q4,4951000.0,,582700.0,479100.0,1.4,10.4,2.0,13.0,10.0,买入,,
600522.SH,中天科技,20230831,中天科技：二季度净利润同比增长47％，在手订单储备充足,一般,一般报告,国信证券,"马成龙,朱锟旭",2023Q4,4286800.0,,463900.0,381300.0,1.12,13.0,1.6,11.5,11.8,买入,,
600489.SH,中金黄金,20230831,中金黄金：金、钼上涨带动公司上半年业绩同比高增,点评,一般报告,中信建投,王介超,2025Q4,6370990.0,,,353012.0,0.73,15.1,,11.83,,买入,,
600489.SH,中金黄金,20230831,中金黄金：金、钼上涨带动公司上半年业绩同比高增,点评,一般报告,中信建投,王介超,2024Q4,6156452.0,,,331121.0,0.68,16.1,,11.66,,买入,,
600489.SH,中金黄金,20230831,中金黄金：金、钼上涨带动公司上半年业绩同比高增,点评,一般报告,中信建投,王介超,2023Q4,5908617.0,,,291924.0,0.6,18.27,,10.79,,买入,,
600138.SH,中青旅,20230831,中青旅：景区客流持续恢复带动业绩回暖,点评,一般报告,山西证券,"王冯,张晓霖",2025Q4,1575700.0,,152400.0,88300.0,1.22,10.2,,11.6,7.3,增持,,
600138.SH,中青旅,20230831,中青旅：景区客流持续恢复带动业绩回暖,点评,一般报告,山西证券,"王冯,张晓霖",2024Q4,1305800.0,,114600.0,66400.0,0.92,13.6,,9.8,9.7,增持,,
600138.SH,中青旅,20230831,中青旅：景区客流持续恢复带动业绩回暖,点评,一般报告,山西证券,"王冯,张晓霖",2023Q4,1011700.0,,71600.0,41500.0,0.57,21.7,,6.8,13.0,增持,,
600028.SH,中国石化,20230831,中国石化公司半年报：成品油销售较快增长,一般,一般报告,海通国际证券,"朱军军,胡歆,李帛融",2025Q4,362903500.0,,10853900.0,7380600.0,0.62,10.01,6.5,8.6,4.74,优于大市,,8.79
600028.SH,中国石化,20230831,中国石化公司半年报：成品油销售较快增长,一般,一般报告,海通国际证券,"朱军军,胡歆,李帛融",2024Q4,346603200.0,,10596300.0,7205500.0,0.6,10.25,6.3,8.6,4.85,优于大市,,8.79
600028.SH,中国石化,20230831,中国石化公司半年报：成品油销售较快增长,一般,一般报告,海通国际证券,"朱军军,胡歆,李帛融",2023Q4,340287400.0,,10519200.0,7153100.0,0.6,10.33,6.3,8.8,4.81,优于大市,,8.79
300918.SZ,南山智尚,20230831,南山智尚：毛纺一体化龙头，新材料助力增长,深度,首次关注,广发证券,糜韩杰,2025Q4,228900.0,,36800.0,32600.0,0.9,12.22,,12.6,7.48,买入,,12.83
300918.SZ,南山智尚,20230831,南山智尚：毛纺一体化龙头，新材料助力增长,深度,首次关注,广发证券,糜韩杰,2024Q4,209600.0,,31900.0,28200.0,0.78,14.11,,12.5,8.3,买入,,12.83
300918.SZ,南山智尚,20230831,南山智尚：毛纺一体化龙头，新材料助力增长,深度,首次关注,广发证券,糜韩杰,2023Q4,178700.0,,24900.0,22000.0,0.61,18.08,,11.2,11.17,买入,,12.83
300767.SZ,震安科技,20230831,震安科技：利润承压，毛利回升，竞争格局优化,点评,一般报告,中信建投,王介超,2025Q4,243029.0,,41297.0,35261.0,1.43,14.42,,16.44,10.08,买入,,
300767.SZ,震安科技,20230831,震安科技：利润承压，毛利回升，竞争格局优化,点评,一般报告,中信建投,王介超,2024Q4,163484.0,,24098.0,20575.0,0.83,24.73,,11.03,14.44,买入,,
300767.SZ,震安科技,20230831,震安科技：利润承压，毛利回升，竞争格局优化,点评,一般报告,中信建投,王介超,2023Q4,97932.0,,12520.0,10689.0,0.43,47.6,,6.29,19.96,买入,,
300737.SZ,科顺股份,20230831,科顺股份2023年半年报点评：经销渠道加大投入，信用减值计提拖累业绩,点评,一般报告,东吴证券,"黄诗涛,房大磊,石峰源",2025Q4,1163100.0,,96400.0,85400.0,0.73,11.11,,11.52,,买入,,
300737.SZ,科顺股份,20230831,科顺股份2023年半年报点评：经销渠道加大投入，信用减值计提拖累业绩,点评,一般报告,东吴证券,"黄诗涛,房大磊,石峰源",2024Q4,1007800.0,,68500.0,60700.0,0.52,15.64,,9.25,,买入,,
300737.SZ,科顺股份,20230831,科顺股份2023年半年报点评：经销渠道加大投入，信用减值计提拖累业绩,点评,一般报告,东吴证券,"黄诗涛,房大磊,石峰源",2023Q4,848500.0,,38100.0,33700.0,0.29,28.17,,5.66,,买入,,
920982.BJ,锦波生物,20230831,锦波生物：23H1归母净利yoy＋177.66％，获三型胶原第二证，看好未来发展,点评,一般报告,天风证券,"郑澄怀,张雪,耿荣晨",2025Q4,146317.0,,54657.0,48440.0,7.11,19.53,,32.79,14.29,买入,,
920982.BJ,锦波生物,20230831,锦波生物：23H1归母净利yoy＋177.66％，获三型胶原第二证，看好未来发展,点评,一般报告,天风证券,"郑澄怀,张雪,耿荣晨",2024Q4,111692.0,,38942.0,34600.0,5.08,27.34,,31.22,20.38,买入,,
920982.BJ,锦波生物,20230831,锦波生物：23H1归母净利yoy＋177.66％，获三型胶原第二证，看好未来发展,点评,一般报告,天风证券,"郑澄怀,张雪,耿荣晨",2023Q4,71925.0,,24792.0,22192.0,3.26,42.62,,26.8,30.9,买入,,
688526.SH,科前生物,20230831,科前生物：收入业绩高增，各品类研发持续推进,点评,一般报告,东兴证券,程诗月,2025Q4,195261.0,,101400.0,88239.0,1.89,10.99,,17.33,7.01,强烈推荐,,
688526.SH,科前生物,20230831,科前生物：收入业绩高增，各品类研发持续推进,点评,一般报告,东兴证券,程诗月,2024Q4,159516.0,,79500.0,69223.0,1.48,14.02,,15.63,9.3,强烈推荐,,
688526.SH,科前生物,20230831,科前生物：收入业绩高增，各品类研发持续推进,点评,一般报告,东兴证券,程诗月,2023Q4,132538.0,,63200.0,55018.0,1.18,17.63,,14.07,11.86,强烈推荐,,
688299.SH,长阳科技,20230831,长阳科技2023年中报点评：二季度营收环比改善，扩大产能积累长期发展新动能,点评,一般报告,中信证券,"李超,陈旺",2025Q4,186900.0,,29300.0,25200.0,0.88,16.7,,9.6,12.5,买入,,17.0
688299.SH,长阳科技,20230831,长阳科技2023年中报点评：二季度营收环比改善，扩大产能积累长期发展新动能,点评,一般报告,中信证券,"李超,陈旺",2024Q4,153800.0,,24500.0,21100.0,0.74,19.9,,8.8,14.4,买入,,17.0
688299.SH,长阳科技,20230831,长阳科技2023年中报点评：二季度营收环比改善，扩大产能积累长期发展新动能,点评,一般报告,中信证券,"李超,陈旺",2023Q4,129500.0,,18200.0,15700.0,0.55,26.8,,7.1,18.3,买入,,17.0
688213.SH,思特威,20230831,思特威2023年中报点评：Q2库存去化顺利，看好盈利能力逐步改善,点评,一般报告,中信证券,"徐涛,梁楠",2025Q4,573800.0,,70400.0,63400.0,1.58,28.1,,13.3,22.3,买入,,
688213.SH,思特威,20230831,思特威2023年中报点评：Q2库存去化顺利，看好盈利能力逐步改善,点评,一般报告,中信证券,"徐涛,梁楠",2024Q4,429000.0,,37900.0,34100.0,0.85,52.1,,8.2,35.7,买入,,
688213.SH,思特威,20230831,思特威2023年中报点评：Q2库存去化顺利，看好盈利能力逐步改善,点评,一般报告,中信证券,"徐涛,梁楠",2023Q4,313700.0,,8500.0,7200.0,0.18,246.2,,1.9,83.3,买入,,
603808.SH,歌力思,20230831,歌力思：中高端品牌矩阵多元驱动，H1收入增长优秀,点评,一般报告,中银国际,"郝帅,丁凡,杨雨钦",2025Q4,381100.0,,62500.0,47400.0,1.28,9.7,36.1,14.4,4.2,买入,,
603808.SH,歌力思,20230831,歌力思：中高端品牌矩阵多元驱动，H1收入增长优秀,点评,一般报告,中银国际,"郝帅,丁凡,杨雨钦",2024Q4,333000.0,,52700.0,39900.0,1.08,11.5,32.8,12.8,5.0,买入,,
603808.SH,歌力思,20230831,歌力思：中高端品牌矩阵多元驱动，H1收入增长优秀,点评,一般报告,中银国际,"郝帅,丁凡,杨雨钦",2023Q4,287500.0,,40900.0,31000.0,0.84,14.9,30.2,10.5,6.3,买入,,
603212.SH,赛伍技术,20230831,赛伍技术：多元业务孵化，胶膜静待花开,点评,一般报告,长城证券,"于夕朦,曾宁馨,于振洋,吴念峻",2025Q4,1183600.0,,94000.0,85300.0,1.94,8.5,,18.8,7.5,买入,,
603212.SH,赛伍技术,20230831,赛伍技术：多元业务孵化，胶膜静待花开,点评,一般报告,长城证券,"于夕朦,曾宁馨,于振洋,吴念峻",2024Q4,873900.0,,63600.0,57700.0,1.31,12.6,,15.5,10.3,买入,,
603212.SH,赛伍技术,20230831,赛伍技术：多元业务孵化，胶膜静待花开,点评,一般报告,长城证券,"于夕朦,曾宁馨,于振洋,吴念峻",2023Q4,601400.0,,31900.0,27700.0,0.63,26.2,,8.7,17.9,买入,,
603179.SH,新泉股份,20230831,新泉股份：2Q23盈利创季度新高，全球化布局再下一城,点评,一般报告,中金,"邓学,任丹霖,荆文娟",2024Q4,1207900.0,,117000.0,105300.0,2.16,24.8,1.3,20.6,17.6,跑赢行业,,60.4
603179.SH,新泉股份,20230831,新泉股份：2Q23盈利创季度新高，全球化布局再下一城,点评,一般报告,中金,"邓学,任丹霖,荆文娟",2023Q4,982100.0,,88400.0,79500.0,1.63,32.8,1.1,18.1,23.0,跑赢行业,,60.4
688102.SH,斯瑞新材,20230831,斯瑞新材2023年中报点评：扣非净利同比＋54.92％，产能加码值得期待,点评,一般报告,中信证券,"李超,陈旺,张柯",2025Q4,261000.0,,29900.0,26000.0,0.46,25.3,,17.6,18.4,买入,,15.0
688102.SH,斯瑞新材,20230831,斯瑞新材2023年中报点评：扣非净利同比＋54.92％，产能加码值得期待,点评,一般报告,中信证券,"李超,陈旺,张柯",2024Q4,203400.0,,21800.0,19000.0,0.34,34.2,,15.2,24.4,买入,,15.0
688102.SH,斯瑞新材,20230831,斯瑞新材2023年中报点评：扣非净利同比＋54.92％，产能加码值得期待,点评,一般报告,中信证券,"李超,陈旺,张柯",2023Q4,143600.0,,13800.0,12000.0,0.21,55.3,,11.1,37.4,买入,,15.0
601225.SH,陕西煤业,20230831,陕西煤业：煤炭业务量增价跌，投资损益波动较大,点评,一般报告,兴业证券,王锟,2025Q4,16794100.0,,4951500.0,2602400.0,2.68,6.2,,20.6,,买入,,
601225.SH,陕西煤业,20230831,陕西煤业：煤炭业务量增价跌，投资损益波动较大,点评,一般报告,兴业证券,王锟,2024Q4,16183900.0,,4687900.0,2429800.0,2.51,6.7,,21.2,,买入,,
601225.SH,陕西煤业,20230831,陕西煤业：煤炭业务量增价跌，投资损益波动较大,点评,一般报告,兴业证券,王锟,2023Q4,15739400.0,,4279700.0,2280400.0,2.35,7.1,,21.9,,买入,,
601169.SH,北京银行,20230831,北京银行2023半年报点评：凛冬已过，弹性可期,点评,一般报告,兴业证券,"陈绍兴,王尘,曹欣童",2025Q4,7585000.0,,3275600.0,2996600.0,1.42,,,10.17,,增持,,
601169.SH,北京银行,20230831,北京银行2023半年报点评：凛冬已过，弹性可期,点评,一般报告,兴业证券,"陈绍兴,王尘,曹欣童",2024Q4,7037400.0,,3038400.0,2774700.0,1.31,,,10.44,,增持,,
601169.SH,北京银行,20230831,北京银行2023半年报点评：凛冬已过，弹性可期,点评,一般报告,兴业证券,"陈绍兴,王尘,曹欣童",2023Q4,6654500.0,,2884500.0,2608600.0,1.23,,,10.81,,增持,,
601166.SH,兴业银行,20230831,兴业银行2023年中报点评：“三张名片”愈发闪亮，“五大赛道”加速奔跑,点评,一般报告,民生证券,余金鑫,2025Q4,24516200.0,,11740000.0,10289500.0,4.95,3.0,,12.3,,推荐,,
601166.SH,兴业银行,20230831,兴业银行2023年中报点评：“三张名片”愈发闪亮，“五大赛道”加速奔跑,点评,一般报告,民生证券,余金鑫,2024Q4,23219600.0,,11080000.0,9726200.0,4.68,3.0,,12.76,,推荐,,
601166.SH,兴业银行,20230831,兴业银行2023年中报点评：“三张名片”愈发闪亮，“五大赛道”加速奔跑,点评,一般报告,民生证券,余金鑫,2023Q4,22416400.0,,10620000.0,9330100.0,4.49,4.0,,13.49,,推荐,,
601009.SH,南京银行,20230831,南京银行2023年中报点评：资产质量平稳，利润增速小幅低于预期,点评,一般报告,国泰君安,"张宇,刘源",2025Q4,5571800.0,,3229100.0,2697900.0,2.608,3.4,9.48,13.88,,增持,,11.44
601009.SH,南京银行,20230831,南京银行2023年中报点评：资产质量平稳，利润增速小幅低于预期,点评,一般报告,国泰君安,"张宇,刘源",2024Q4,5059200.0,,2789500.0,2330600.0,2.253,3.99,8.19,13.13,,增持,,11.44
601009.SH,南京银行,20230831,南京银行2023年中报点评：资产质量平稳，利润增速小幅低于预期,点评,一般报告,国泰君安,"张宇,刘源",2023Q4,4630200.0,,2393400.0,1999600.0,1.933,4.72,7.03,12.26,,增持,,11.44
600999.SH,招商证券,20230831,招商证券：业绩符合预期，双轮驱动见成效,点评,一般报告,国信证券,"孔祥,林珊珊",2025Q4,3190400.0,,1431400.0,1354300.0,1.56,9.4,,10.1,,增持,,
600999.SH,招商证券,20230831,招商证券：业绩符合预期，双轮驱动见成效,点评,一般报告,国信证券,"孔祥,林珊珊",2024Q4,2705900.0,,1214600.0,1149200.0,1.32,11.1,,9.1,,增持,,
600999.SH,招商证券,20230831,招商证券：业绩符合预期，双轮驱动见成效,点评,一般报告,国信证券,"孔祥,林珊珊",2023Q4,2382500.0,,1069800.0,1012200.0,1.16,12.6,,8.5,,增持,,
600642.SH,申能股份,20230831,申能股份：期待煤电业绩持续改善，各业务稳定性与成长性并存,点评,一般报告,天风证券,郭丽丽,2025Q4,3302938.0,,614097.0,428026.0,0.87,7.47,,12.27,3.26,买入,,
600642.SH,申能股份,20230831,申能股份：期待煤电业绩持续改善，各业务稳定性与成长性并存,点评,一般报告,天风证券,郭丽丽,2024Q4,3152007.0,,557400.0,388508.0,0.79,8.23,,11.61,3.99,买入,,
600642.SH,申能股份,20230831,申能股份：期待煤电业绩持续改善，各业务稳定性与成长性并存,点评,一般报告,天风证券,郭丽丽,2023Q4,3020826.0,,462693.0,334296.0,0.68,9.56,,10.4,4.2,买入,,
600207.SH,安彩高科,20230831,安彩高科：光伏玻璃业务同比高增，盈利能力仍承压－－－半年报点评,点评,一般报告,东北证券,"王小勇,庄嘉骏,张凯",2025Q4,660000.0,,22700.0,13700.0,0.13,39.83,0.0,3.93,,增持,,
600207.SH,安彩高科,20230831,安彩高科：光伏玻璃业务同比高增，盈利能力仍承压－－－半年报点评,点评,一般报告,东北证券,"王小勇,庄嘉骏,张凯",2024Q4,591300.0,,19000.0,11700.0,0.11,46.6,0.0,3.5,,增持,,
600207.SH,安彩高科,20230831,安彩高科：光伏玻璃业务同比高增，盈利能力仍承压－－－半年报点评,点评,一般报告,东北证券,"王小勇,庄嘉骏,张凯",2023Q4,517600.0,,15500.0,10000.0,0.09,54.34,0.0,3.11,,增持,,
600027.SH,华电国际,20230831,华电国际2023半年报点评：业绩符合预期，火电盈利修复,点评,一般报告,东吴证券,"袁理,唐亚辉",2025Q4,15039200.0,,688300.0,404200.0,0.4,12.93,,5.68,,买入,,
600027.SH,华电国际,20230831,华电国际2023半年报点评：业绩符合预期，火电盈利修复,点评,一般报告,东吴证券,"袁理,唐亚辉",2024Q4,13878000.0,,678100.0,398200.0,0.39,13.13,,5.94,,买入,,
600027.SH,华电国际,20230831,华电国际2023半年报点评：业绩符合预期，火电盈利修复,点评,一般报告,东吴证券,"袁理,唐亚辉",2023Q4,12794300.0,,608800.0,357700.0,0.35,14.61,,5.67,,买入,,
300973.SZ,立高食品,20230831,立高食品2023年半年报点评：经营稳健向好，盈利能力持续修复,点评,一般报告,民生证券,"王言海,张玲玉",2025Q4,562700.0,,62900.0,50600.0,2.99,23.0,2.6,16.6,13.26,推荐,,
300973.SZ,立高食品,20230831,立高食品2023年半年报点评：经营稳健向好，盈利能力持续修复,点评,一般报告,民生证券,"王言海,张玲玉",2024Q4,453900.0,,46400.0,37600.0,2.22,30.0,1.93,13.6,17.72,推荐,,
300973.SZ,立高食品,20230831,立高食品2023年半年报点评：经营稳健向好，盈利能力持续修复,点评,一般报告,民生证券,"王言海,张玲玉",2023Q4,368400.0,,32500.0,26300.0,1.56,44.0,1.35,10.35,24.79,推荐,,
601658.SH,邮储银行,20230831,邮储银行2023年中报点评：息差坚挺、中收靓丽、业绩稳健,点评,一般报告,民生证券,余金鑫,2025Q4,40532500.0,,11650000.0,10927300.0,1.1,4.0,,12.61,,推荐,,
601658.SH,邮储银行,20230831,邮储银行2023年中报点评：息差坚挺、中收靓丽、业绩稳健,点评,一般报告,民生证券,余金鑫,2024Q4,37702600.0,,10600000.0,9940600.0,1.0,5.0,,12.55,,推荐,,
601658.SH,邮储银行,20230831,邮储银行2023年中报点评：息差坚挺、中收靓丽、业绩稳健,点评,一般报告,民生证券,余金鑫,2023Q4,35256100.0,,9730000.0,9130500.0,0.92,5.0,,12.68,,推荐,,
601398.SH,工商银行,20230831,工商银行2023年中报点评：息差有所回落，资产质量改善,点评,一般报告,国信证券,"陈俊良,王剑",2025Q4,105148200.0,,48600000.0,41495100.0,1.164,4.1,7.5,11.0,,买入,,
601398.SH,工商银行,20230831,工商银行2023年中报点评：息差有所回落，资产质量改善,点评,一般报告,国信证券,"陈俊良,王剑",2024Q4,96859500.0,,45700000.0,39012500.0,1.095,4.4,7.1,11.1,,买入,,
601398.SH,工商银行,20230831,工商银行2023年中报点评：息差有所回落，资产质量改善,点评,一般报告,国信证券,"陈俊良,王剑",2023Q4,90692800.0,,43300000.0,36926500.0,1.036,4.7,6.7,11.4,,买入,,
601336.SH,新华保险,20230831,新华保险：银保价值贡献亮眼，期待个险改革成效,点评,一般报告,兴业证券,"孙寅,徐一洲,唐亮亮",2025Q4,24931400.0,,2011100.0,1809200.0,5.8,,,12.43,,增持,,
601336.SH,新华保险,20230831,新华保险：银保价值贡献亮眼，期待个险改革成效,点评,一般报告,兴业证券,"孙寅,徐一洲,唐亮亮",2024Q4,23709000.0,,1718700.0,1546200.0,4.96,,,11.97,,增持,,
601336.SH,新华保险,20230831,新华保险：银保价值贡献亮眼，期待个险改革成效,点评,一般报告,兴业证券,"孙寅,徐一洲,唐亮亮",2023Q4,21163700.0,,1246500.0,1121300.0,3.59,,,9.99,,增持,,
300918.SZ,南山智尚,20230831,南山智尚：公司拟回购股份，提振市场信心,点评,一般报告,华西证券,唐爽爽,2025Q4,286000.0,,43800.0,36000.0,1.0,11.04,,14.6,,买入,,15.83
300918.SZ,南山智尚,20230831,南山智尚：公司拟回购股份，提振市场信心,点评,一般报告,华西证券,唐爽爽,2024Q4,247400.0,,36100.0,29700.0,0.82,13.41,,13.5,,买入,,15.83
300918.SZ,南山智尚,20230831,南山智尚：公司拟回购股份，提振市场信心,点评,一般报告,华西证券,唐爽爽,2023Q4,198900.0,,26900.0,22100.0,0.61,17.99,,11.2,,买入,,15.83
002756.SZ,永兴材料,20230831,永兴材料：二季度盈利环比改善，一体化布局成效显著－－－2023半年报点评,点评,首次评级,东北证券,"周颖,岳挺",2025Q4,1358000.0,,448700.0,360600.0,6.69,7.54,5.79,19.56,,增持,,
002756.SZ,永兴材料,20230831,永兴材料：二季度盈利环比改善，一体化布局成效显著－－－2023半年报点评,点评,首次评级,东北证券,"周颖,岳挺",2024Q4,1320900.0,,440500.0,355800.0,6.6,7.65,5.19,21.91,,增持,,
002756.SZ,永兴材料,20230831,永兴材料：二季度盈利环比改善，一体化布局成效显著－－－2023半年报点评,点评,首次评级,东北证券,"周颖,岳挺",2023Q4,1336800.0,,477800.0,388400.0,7.2,7.0,5.15,27.58,,增持,,
002713.SZ,东易日盛,20230831,东易日盛：数装业务稳步推进，AIGC落地赋能营销交付－－－2023年中报点评,点评,一般报告,东北证券,"王小勇,张凯,庄嘉骏",2025Q4,636300.0,,39900.0,32300.0,0.77,10.86,4.27,53.42,,增持,,
002713.SZ,东易日盛,20230831,东易日盛：数装业务稳步推进，AIGC落地赋能营销交付－－－2023年中报点评,点评,一般报告,东北证券,"王小勇,张凯,庄嘉骏",2024Q4,493300.0,,26400.0,22300.0,0.53,15.75,1.99,51.6,,增持,,
002713.SZ,东易日盛,20230831,东易日盛：数装业务稳步推进，AIGC落地赋能营销交付－－－2023年中报点评,点评,一般报告,东北证券,"王小勇,张凯,庄嘉骏",2023Q4,366900.0,,8200.0,7000.0,0.17,50.04,0.0,25.14,,增持,,
002572.SZ,索菲亚,20230831,索菲亚：毛利提升带动Q2利润超预期,点评,一般报告,信达证券,李宏鹏,2025Q4,1562800.0,,223900.0,184600.0,2.02,9.48,,22.7,5.25,买入,,
002572.SZ,索菲亚,20230831,索菲亚：毛利提升带动Q2利润超预期,点评,一般报告,信达证券,李宏鹏,2024Q4,1364900.0,,190900.0,157400.0,1.72,11.13,,21.8,6.58,买入,,
002572.SZ,索菲亚,20230831,索菲亚：毛利提升带动Q2利润超预期,点评,一般报告,信达证券,李宏鹏,2023Q4,1194900.0,,164400.0,135500.0,1.49,12.92,,21.0,8.02,买入,,
002460.SZ,赣锋锂业,20230831,赣锋锂业半年报点评：锂资源继续实现突破，锂电池业务表现亮眼,点评,一般报告,国信证券,"刘孟峦,杨耀洪",2025Q4,4636300.0,,1595400.0,1301800.0,6.45,7.5,4.0,18.6,7.7,买入,,
300226.SZ,上海钢联,20230831,上海钢联：产业数据服务高增长，有望受益于数据资产入表——公司信息更新报告,点评,一般报告,开源证券,"陈宝健,闫宁",2025Q4,11641600.0,,90300.0,42000.0,1.3,28.1,,12.9,12.1,买入,,
300226.SZ,上海钢联,20230831,上海钢联：产业数据服务高增长，有望受益于数据资产入表——公司信息更新报告,点评,一般报告,开源证券,"陈宝健,闫宁",2024Q4,10175300.0,,69200.0,32200.0,1.0,36.7,,11.3,16.5,买入,,
300226.SZ,上海钢联,20230831,上海钢联：产业数据服务高增长，有望受益于数据资产入表——公司信息更新报告,点评,一般报告,开源证券,"陈宝健,闫宁",2023Q4,8848600.0,,48400.0,22400.0,0.7,52.6,,8.8,21.0,买入,,
300114.SZ,中航电测,20230831,中航电测：业绩小幅波动，静待整机协同,点评,首份报告,中信建投,黎韬扬,2025Q4,309100.0,,,35800.0,0.61,72.0,,,,增持,,
000625.SZ,长安汽车,20230831,长安汽车2023年半年报点评：并表＆减值拖累Q2业绩，新能源放量节点将至,点评,一般报告,民生证券,"邵将,谢坤",2025Q4,20770900.0,,1229500.0,1157100.0,1.17,11.0,2.62,13.7,3.73,推荐,,
000625.SZ,长安汽车,20230831,长安汽车2023年半年报点评：并表＆减值拖累Q2业绩，新能源放量节点将至,点评,一般报告,民生证券,"邵将,谢坤",2024Q4,17478800.0,,972300.0,915000.0,0.92,14.0,2.07,12.1,4.48,推荐,,
000625.SZ,长安汽车,20230831,长安汽车2023年半年报点评：并表＆减值拖累Q2业绩，新能源放量节点将至,点评,一般报告,民生证券,"邵将,谢坤",2023Q4,14542500.0,,897500.0,844700.0,0.85,16.0,1.91,12.24,4.87,推荐,,
300114.SZ,中航电测,20230831,中航电测：业绩小幅波动，静待整机协同,点评,首份报告,中信建投,黎韬扬,2024Q4,268900.0,,,31400.0,0.53,82.0,,,,增持,,
300114.SZ,中航电测,20230831,中航电测：业绩小幅波动，静待整机协同,点评,首份报告,中信建投,黎韬扬,2023Q4,223600.0,,,25900.0,0.44,100.0,,,,增持,,
300687.SZ,赛意信息,20230831,赛意信息公司深度报告：内生与外延并行，智能制造领军者,深度,首份报告,海通国际证券,"杨林,Liang song",2025Q4,503232.0,,58200.0,53900.0,1.33,15.65,0.0,15.0,12.43,优于大市,,36.24
300687.SZ,赛意信息,20230831,赛意信息公司深度报告：内生与外延并行，智能制造领军者,深度,首份报告,海通国际证券,"杨林,Liang song",2024Q4,385217.0,,43600.0,40400.0,1.0,20.9,0.0,13.2,15.67,优于大市,,36.24
300687.SZ,赛意信息,20230831,赛意信息公司深度报告：内生与外延并行，智能制造领军者,深度,首份报告,海通国际证券,"杨林,Liang song",2023Q4,284667.0,,31500.0,29300.0,0.72,28.81,0.0,11.0,21.52,优于大市,,36.24
002460.SZ,赣锋锂业,20230831,赣锋锂业半年报点评：锂资源继续实现突破，锂电池业务表现亮眼,点评,一般报告,国信证券,"刘孟峦,杨耀洪",2024Q4,4247500.0,,1514000.0,1249000.0,6.19,7.8,3.8,20.5,8.8,买入,,
002460.SZ,赣锋锂业,20230831,赣锋锂业半年报点评：锂资源继续实现突破，锂电池业务表现亮眼,点评,一般报告,国信证券,"刘孟峦,杨耀洪",2023Q4,4005600.0,,1340300.0,1179000.0,5.84,8.3,3.6,22.5,15.2,买入,,
002299.SZ,圣农发展,20230831,圣农发展：鸡肉盈利大幅提升，食品业务强势发力,点评,一般报告,东北证券,"王玮,陈科诺",2025Q4,2497300.0,,190400.0,182300.0,1.47,13.62,3.67,15.07,,增持,,
002299.SZ,圣农发展,20230831,圣农发展：鸡肉盈利大幅提升，食品业务强势发力,点评,一般报告,东北证券,"王玮,陈科诺",2024Q4,2259500.0,,169300.0,162000.0,1.3,15.32,3.26,14.49,,增持,,
002299.SZ,圣农发展,20230831,圣农发展：鸡肉盈利大幅提升，食品业务强势发力,点评,一般报告,东北证券,"王玮,陈科诺",2023Q4,1984500.0,,108400.0,103500.0,0.83,23.98,2.09,9.98,,增持,,
001309.SZ,德明利,20230831,德明利：深耕闪存主控芯片，H1营收同比增长,点评,一般报告,中银国际,苏凌瑶,2025Q4,280000.0,,22200.0,19000.0,1.69,42.6,0.7,8.6,21.1,买入,,
001309.SZ,德明利,20230831,德明利：深耕闪存主控芯片，H1营收同比增长,点评,一般报告,中银国际,苏凌瑶,2024Q4,222700.0,,17600.0,15100.0,1.34,53.7,0.6,7.3,25.3,买入,,
001309.SZ,德明利,20230831,德明利：深耕闪存主控芯片，H1营收同比增长,点评,一般报告,中银国际,苏凌瑶,2023Q4,147700.0,,8600.0,7400.0,0.66,109.5,0.3,6.2,42.0,买入,,
688146.SH,中船特气,20230831,中船特气2023年中报点评：上半年业绩小幅下降，扩产拓品加速公司发展,点评,一般报告,中信证券,"李超,陈旺",2025Q4,343000.0,,73700.0,62700.0,1.18,31.8,,9.4,21.5,买入,,45.0
688146.SH,中船特气,20230831,中船特气2023年中报点评：上半年业绩小幅下降，扩产拓品加速公司发展,点评,一般报告,中信证券,"李超,陈旺",2024Q4,302100.0,,62300.0,53000.0,1.0,37.6,,8.8,25.2,买入,,45.0
688146.SH,中船特气,20230831,中船特气2023年中报点评：上半年业绩小幅下降，扩产拓品加速公司发展,点评,一般报告,中信证券,"李超,陈旺",2023Q4,239600.0,,50200.0,42600.0,0.81,46.4,,7.7,31.0,买入,,45.0
688133.SH,泰坦科技,20230831,泰坦科技：业绩短期承压，静待下游需求拐点,点评,一般报告,德邦证券,陈铁林,2025Q4,518300.0,,35200.0,29400.0,2.49,24.82,0.3,8.5,16.95,买入,,
688133.SH,泰坦科技,20230831,泰坦科技：业绩短期承压，静待下游需求拐点,点评,一般报告,德邦证券,陈铁林,2024Q4,409800.0,,27100.0,22600.0,1.92,32.24,0.3,7.2,19.41,买入,,
688133.SH,泰坦科技,20230831,泰坦科技：业绩短期承压，静待下游需求拐点,点评,一般报告,德邦证券,陈铁林,2023Q4,327200.0,,20700.0,17300.0,1.47,42.15,0.3,5.9,23.24,买入,,
688496.SH,清越科技,20230831,清越科技：业绩短期承压，MicroOLED未来空间大,点评,一般报告,中银国际,苏凌瑶,2025Q4,163200.0,,18200.0,17300.0,0.38,37.6,1.4,12.2,28.0,增持,,
688496.SH,清越科技,20230831,清越科技：业绩短期承压，MicroOLED未来空间大,点评,一般报告,中银国际,苏凌瑶,2024Q4,127900.0,,10400.0,9800.0,0.22,66.2,0.8,7.3,47.8,增持,,
688496.SH,清越科技,20230831,清越科技：业绩短期承压，MicroOLED未来空间大,点评,一般报告,中银国际,苏凌瑶,2023Q4,107700.0,,4500.0,4300.0,0.1,151.8,0.4,3.3,82.0,增持,,
688363.SH,华熙生物,20230831,华熙生物：精细化营运提升内功，多品牌之路升级可期,点评,一般报告,德邦证券,"赵雅楠,张望",2025Q4,1078100.0,,194100.0,166200.0,3.45,27.12,0.0,15.9,17.31,买入,,
688363.SH,华熙生物,20230831,华熙生物：精细化营运提升内功，多品牌之路升级可期,点评,一般报告,德邦证券,"赵雅楠,张望",2024Q4,870100.0,,157200.0,135100.0,2.81,33.29,0.0,15.3,21.69,买入,,
688363.SH,华熙生物,20230831,华熙生物：精细化营运提升内功，多品牌之路升级可期,点评,一般报告,德邦证券,"赵雅楠,张望",2023Q4,681900.0,,125700.0,107500.0,2.23,41.92,0.0,14.4,27.48,买入,,
601890.SH,亚星锚链,20230831,亚星锚链中报点评：2023H1业绩亮眼，船舶＋海油＋矿用链持续发力，漂浮式风电有望成为下一个增长点,点评,一般报告,天风证券,"李鲁靖,朱晔",2025Q4,281268.0,,42350.0,35521.0,0.37,26.77,,10.32,14.05,买入,,
601890.SH,亚星锚链,20230831,亚星锚链中报点评：2023H1业绩亮眼，船舶＋海油＋矿用链持续发力，漂浮式风电有望成为下一个增长点,点评,一般报告,天风证券,"李鲁靖,朱晔",2024Q4,238846.0,,33603.0,28204.0,0.29,33.71,,8.81,17.09,买入,,
601890.SH,亚星锚链,20230831,亚星锚链中报点评：2023H1业绩亮眼，船舶＋海油＋矿用链持续发力，漂浮式风电有望成为下一个增长点,点评,一般报告,天风证券,"李鲁靖,朱晔",2023Q4,188205.0,,25223.0,20975.0,0.22,45.33,,6.97,23.21,买入,,
601633.SH,长城汽车,20230831,长城汽车：单车收入延续上行趋势，新能源与出口战略并重,一般,一般报告,中金,"邓学,常菁,陈雅婷",2024Q4,19963800.0,,940700.0,827800.0,0.97,27.2,2.2,11.5,9.9,跑赢行业,,35.0
601633.SH,长城汽车,20230831,长城汽车：单车收入延续上行趋势，新能源与出口战略并重,一般,一般报告,中金,"邓学,常菁,陈雅婷",2023Q4,16223000.0,,685800.0,603500.0,0.71,37.3,0.9,9.0,13.6,跑赢行业,,35.0
601012.SH,隆基绿能,20230831,隆基绿能：强化稳健经营，蓄势打造差异化,点评,一般报告,平安证券,"皮秀,苏可",2025Q4,22792000.0,,2969600.0,2681200.0,3.54,7.6,,22.9,3.9,推荐,,
601012.SH,隆基绿能,20230831,隆基绿能：强化稳健经营，蓄势打造差异化,点评,一般报告,平安证券,"皮秀,苏可",2024Q4,19193500.0,,2487800.0,2246200.0,2.96,9.1,,23.6,5.3,推荐,,
601012.SH,隆基绿能,20230831,隆基绿能：强化稳健经营，蓄势打造差异化,点评,一般报告,平安证券,"皮秀,苏可",2023Q4,15787800.0,,2013700.0,1818100.0,2.4,11.2,,23.6,7.1,推荐,,
600872.SH,中炬高新,20230831,中炬高新：成本压力改善，期待改革加速,点评,一般报告,中泰证券,"范劲松,熊欣慰,晏诗雨",2025Q4,677500.0,,112100.0,90600.0,1.15,28.5,,24.5,,买入,,
600872.SH,中炬高新,20230831,中炬高新：成本压力改善，期待改革加速,点评,一般报告,中泰证券,"范劲松,熊欣慰,晏诗雨",2024Q4,617700.0,,94700.0,76600.0,0.98,33.7,,26.5,,买入,,
600872.SH,中炬高新,20230831,中炬高新：成本压力改善，期待改革加速,点评,一般报告,中泰证券,"范劲松,熊欣慰,晏诗雨",2023Q4,562200.0,,-97400.0,-111500.0,-1.42,,,-49.8,,买入,,
600315.SH,上海家化,20230831,上海家化：二季度归母净利扭亏为盈，护肤品类实现积极恢复,点评,一般报告,国信证券,"张峻豪,孙乔容若",2025Q4,917681.0,,107600.0,90343.0,1.33,19.94,2.0,10.43,21.72,买入,,
600315.SH,上海家化,20230831,上海家化：二季度归母净利扭亏为盈，护肤品类实现积极恢复,点评,一般报告,国信证券,"张峻豪,孙乔容若",2024Q4,839906.0,,94600.0,79481.0,1.17,22.67,1.8,9.78,24.4,买入,,
600315.SH,上海家化,20230831,上海家化：二季度归母净利扭亏为盈，护肤品类实现积极恢复,点评,一般报告,国信证券,"张峻豪,孙乔容若",2023Q4,762649.0,,78800.0,66222.0,0.98,27.21,1.5,8.66,28.94,买入,,
600027.SH,华电国际,20230831,华电国际：1H23业绩符合预期；看好下半年利润持续释放,点评,一般报告,中金,"刘佳妮,陈显帆,刘砺寒",2024Q4,11113000.0,,1311900.0,863000.0,0.84,6.1,5.9,19.6,9.3,跑赢行业,,7.32
600027.SH,华电国际,20230831,华电国际：1H23业绩符合预期；看好下半年利润持续释放,点评,一般报告,中金,"刘佳妮,陈显帆,刘砺寒",2023Q4,11278300.0,,990100.0,632700.0,0.62,8.3,4.2,16.5,11.5,跑赢行业,,7.32
600026.SH,中远海能,20230831,中远海能2023年中报点评：Q2业绩超预期，关注旺季运价弹性,点评,一般报告,中信证券,"扈世民,张昕玥",2025Q4,2647700.0,,984000.0,692300.0,1.45,9.2,,15.4,7.4,买入,,
600026.SH,中远海能,20230831,中远海能2023年中报点评：Q2业绩超预期，关注旺季运价弹性,点评,一般报告,中信证券,"扈世民,张昕玥",2024Q4,2418900.0,,822800.0,654100.0,1.37,9.8,,16.1,8.2,买入,,
600026.SH,中远海能,20230831,中远海能2023年中报点评：Q2业绩超预期，关注旺季运价弹性,点评,一般报告,中信证券,"扈世民,张昕玥",2023Q4,2255800.0,,653000.0,523400.0,1.1,12.1,,14.5,9.7,买入,,
300109.SZ,新开源,20230831,新开源：中站项目开始放量，业绩持续环比提升,点评,首次关注,东北证券,陈俊杰,2025Q4,337600.0,,114200.0,85700.0,2.66,7.57,3.48,18.18,,增持,,22.97
300109.SZ,新开源,20230831,新开源：中站项目开始放量，业绩持续环比提升,点评,首次关注,东北证券,陈俊杰,2024Q4,254600.0,,93200.0,70000.0,2.17,9.27,2.99,17.15,,增持,,22.97
300109.SZ,新开源,20230831,新开源：中站项目开始放量，业绩持续环比提升,点评,首次关注,东北证券,陈俊杰,2023Q4,193300.0,,77500.0,58100.0,1.8,11.15,2.5,16.27,,增持,,22.97
600426.SH,华鲁恒升,20230831,华鲁恒升：二季度业绩环比改善，在建项目进展顺利,点评,首份报告,东北证券,陈俊杰,2025Q4,4190000.0,,888700.0,754200.0,3.55,9.21,3.06,19.15,,买入,,38.75
600426.SH,华鲁恒升,20230831,华鲁恒升：二季度业绩环比改善，在建项目进展顺利,点评,首份报告,东北证券,陈俊杰,2024Q4,3720000.0,,751200.0,637600.0,3.0,10.9,2.75,18.77,,买入,,38.75
600426.SH,华鲁恒升,20230831,华鲁恒升：二季度业绩环比改善，在建项目进展顺利,点评,首份报告,东北证券,陈俊杰,2023Q4,2850000.0,,498500.0,423000.0,1.99,16.43,2.44,14.34,,买入,,38.75
600019.SH,宝钢股份,20230831,宝钢股份：降本提质显成效，盈利逆势环比改善,点评,一般报告,华泰证券,王帅,2025Q4,35867500.0,,2188300.0,1877400.0,0.84,7.25,,8.69,2.81,买入,,7.62
600019.SH,宝钢股份,20230831,宝钢股份：降本提质显成效，盈利逆势环比改善,点评,一般报告,华泰证券,王帅,2024Q4,35867500.0,,1915000.0,1642900.0,0.74,8.28,,7.98,3.78,买入,,7.62
600019.SH,宝钢股份,20230831,宝钢股份：降本提质显成效，盈利逆势环比改善,点评,一般报告,华泰证券,王帅,2023Q4,36439900.0,,1443700.0,1238600.0,0.56,10.98,,6.26,5.14,买入,,7.62
002276.SZ,万马股份,20230831,万马股份：业绩符合预期，高分子材料量增利稳,点评,一般报告,中金,"王颖东,曾韬,杜懿臻",2024Q4,1797500.0,,94900.0,84900.0,0.82,13.0,1.5,14.7,3.8,跑赢行业,,14.0
002276.SZ,万马股份,20230831,万马股份：业绩符合预期，高分子材料量增利稳,点评,一般报告,中金,"王颖东,曾韬,杜懿臻",2023Q4,1640800.0,,66800.0,60500.0,0.58,18.3,1.1,11.8,5.4,跑赢行业,,14.0
000998.SZ,隆平高科,20230831,隆平高科2023年中报点评：公司23H1营收增长显著，利润有望持续修复,点评,一般报告,西部证券,熊航,2025Q4,541900.0,,98300.0,85600.0,0.65,23.6,,13.4,,增持,,
000998.SZ,隆平高科,20230831,隆平高科2023年中报点评：公司23H1营收增长显著，利润有望持续修复,点评,一般报告,西部证券,熊航,2024Q4,486600.0,,79600.0,65700.0,0.5,30.8,,11.7,,增持,,
000998.SZ,隆平高科,20230831,隆平高科2023年中报点评：公司23H1营收增长显著，利润有望持续修复,点评,一般报告,西部证券,熊航,2023Q4,439000.0,,37800.0,25000.0,0.19,80.8,,4.9,,增持,,
688012.SH,中微公司,20230831,中微公司跟踪报告之八：23Q2业绩稳健增长，新产品验证进展顺利,点评,一般报告,光大证券,"刘凯,于文龙",2025Q4,946700.0,,238100.0,221400.0,3.58,39.0,0.0,10.37,33.7,买入,,
688012.SH,中微公司,20230831,中微公司跟踪报告之八：23Q2业绩稳健增长，新产品验证进展顺利,点评,一般报告,光大证券,"刘凯,于文龙",2024Q4,804200.0,,207500.0,193000.0,3.12,44.0,0.0,10.08,40.4,买入,,
688012.SH,中微公司,20230831,中微公司跟踪报告之八：23Q2业绩稳健增长，新产品验证进展顺利,点评,一般报告,光大证券,"刘凯,于文龙",2023Q4,622100.0,,185600.0,172600.0,2.79,50.0,0.0,10.03,47.7,买入,,
301267.SZ,华厦眼科,20230831,华厦眼科2023年半年报点评：二季度业绩超预期，全国化持续开拓,点评,一般报告,华创证券,"郑辰,黄致君,王宏雨",2025Q4,662800.0,,151700.0,116700.0,1.39,31.0,,15.8,22.0,推荐,,53.0
301267.SZ,华厦眼科,20230831,华厦眼科2023年半年报点评：二季度业绩超预期，全国化持续开拓,点评,一般报告,华创证券,"郑辰,黄致君,王宏雨",2024Q4,526700.0,,116000.0,89200.0,1.06,40.0,,14.0,27.0,推荐,,53.0
301267.SZ,华厦眼科,20230831,华厦眼科2023年半年报点评：二季度业绩超预期，全国化持续开拓,点评,一般报告,华创证券,"郑辰,黄致君,王宏雨",2023Q4,412900.0,,87900.0,67600.0,0.8,53.0,,12.0,35.0,推荐,,53.0
603730.SH,岱美股份,20230831,岱美股份：2Q23扣非净利润创新高，顶棚产能逐步释放,点评,一般报告,中金,"邓学,任丹霖,荆文娟",2024Q4,757600.0,,103000.0,96800.0,0.76,25.1,3.3,20.4,19.2,跑赢行业,,22.8
603730.SH,岱美股份,20230831,岱美股份：2Q23扣非净利润创新高，顶棚产能逐步释放,点评,一般报告,中金,"邓学,任丹霖,荆文娟",2023Q4,630400.0,,83600.0,78600.0,0.62,30.9,2.7,17.8,24.2,跑赢行业,,22.8
603357.SH,设计总院,20230831,设计总院：扣非净利润高增长，安徽基建高景气受益,点评,一般报告,银河证券,龙天光,2024Q4,385800.0,,,57700.0,1.03,9.6,,,,推荐,,
603357.SH,设计总院,20230831,设计总院：扣非净利润高增长，安徽基建高景气受益,点评,一般报告,银河证券,龙天光,2023Q4,325300.0,,,50200.0,0.9,11.03,,,,推荐,,
600872.SH,中炬高新,20230831,中炬高新：渠道拓展持续，盈利能力维持改善,点评,一般报告,兴业证券,林佳雯,2025Q4,745100.0,,116800.0,95600.0,1.22,27.0,,18.3,,增持,,
600872.SH,中炬高新,20230831,中炬高新：渠道拓展持续，盈利能力维持改善,点评,一般报告,兴业证券,林佳雯,2024Q4,647300.0,,94500.0,76500.0,0.97,33.8,,18.1,,增持,,
600872.SH,中炬高新,20230831,中炬高新：渠道拓展持续，盈利能力维持改善,点评,一般报告,兴业证券,林佳雯,2023Q4,562900.0,,81800.0,64700.0,0.82,39.9,,18.7,,增持,,
600704.SH,物产中大,20230831,物产中大：体两翼发展稳，四流五化转型稳,点评,首次评级,东北证券,"廖浩祥,邓天舒",2025Q4,73913600.0,,1190500.0,612900.0,1.18,4.0,3.39,12.91,,增持,,
600704.SH,物产中大,20230831,物产中大：体两翼发展稳，四流五化转型稳,点评,首次评级,东北证券,"廖浩祥,邓天舒",2024Q4,66827900.0,,960700.0,494600.0,0.95,4.96,3.18,11.73,,增持,,
600704.SH,物产中大,20230831,物产中大：体两翼发展稳，四流五化转型稳,点评,首次评级,东北证券,"廖浩祥,邓天舒",2023Q4,60447300.0,,794800.0,409200.0,0.79,5.99,3.18,10.99,,增持,,
600603.SH,广汇物流,20230831,广汇物流：运能瓶颈或逐渐缓解，后续运量有望提升,点评,一般报告,天风证券,"张樨樨,纪有容",2025Q4,1003410.0,,266650.0,222120.0,1.81,3.34,,27.25,,买入,,
600603.SH,广汇物流,20230831,广汇物流：运能瓶颈或逐渐缓解，后续运量有望提升,点评,一般报告,天风证券,"张樨樨,纪有容",2024Q4,689583.0,,168535.0,140390.0,1.14,5.29,,19.95,2.25,买入,,
600603.SH,广汇物流,20230831,广汇物流：运能瓶颈或逐渐缓解，后续运量有望提升,点评,一般报告,天风证券,"张樨樨,纪有容",2023Q4,484722.0,,103942.0,81490.0,0.66,9.11,,13.17,3.6,买入,,
601615.SH,明阳智能,20230831,明阳智能：1H23符合市场预期，2Q23利润率呈现回升,点评,一般报告,中金,"车昀佶,陈显帆,李佳瑛",2024Q4,5645400.0,,620300.0,519000.0,2.28,6.5,2.6,15.3,4.4,跑赢行业,,19.24
601615.SH,明阳智能,20230831,明阳智能：1H23符合市场预期，2Q23利润率呈现回升,点评,一般报告,中金,"车昀佶,陈显帆,李佳瑛",2023Q4,4760400.0,,518000.0,437000.0,1.92,7.8,2.2,14.6,5.5,跑赢行业,,19.24
600986.SH,浙文互联,20230831,浙文互联：优质客户深化布局，AI引领营销升级,点评,一般报告,兴业证券,"李阳,杨尚东",2025Q4,1611000.0,,50300.0,41100.0,0.276,19.4,,8.1,,增持,,
600986.SH,浙文互联,20230831,浙文互联：优质客户深化布局，AI引领营销升级,点评,一般报告,兴业证券,"李阳,杨尚东",2024Q4,1535300.0,,41500.0,33900.0,0.228,23.5,,7.3,,增持,,
600986.SH,浙文互联,20230831,浙文互联：优质客户深化布局，AI引领营销升级,点评,一般报告,兴业证券,"李阳,杨尚东",2023Q4,1494100.0,,34500.0,28100.0,0.189,28.4,,6.5,,增持,,
600662.SH,外服控股,20230831,外服控股2023年半年报点评：外包业务增速亮眼，持续推动数字化转型,点评,一般报告,民生证券,"刘文正,饶临风,周诗琪",2025Q4,3028700.0,,133800.0,92600.0,0.41,14.0,3.58,17.53,3.89,推荐,,
600662.SH,外服控股,20230831,外服控股2023年半年报点评：外包业务增速亮眼，持续推动数字化转型,点评,一般报告,民生证券,"刘文正,饶临风,周诗琪",2024Q4,2400400.0,,112700.0,77900.0,0.34,17.0,3.01,16.42,4.58,推荐,,
600662.SH,外服控股,20230831,外服控股2023年半年报点评：外包业务增速亮眼，持续推动数字化转型,点评,一般报告,民生证券,"刘文正,饶临风,周诗琪",2023Q4,1874000.0,,98200.0,66800.0,0.29,19.0,2.58,15.53,5.19,推荐,,
002930.SZ,宏川智慧,20230831,宏川智慧：并购整合兑现成长，聚焦主业双轮驱动,点评,首次评级,东北证券,"廖浩祥,邓天舒",2025Q4,244700.0,,89500.0,68400.0,1.51,14.6,1.36,18.48,,增持,,
002930.SZ,宏川智慧,20230831,宏川智慧：并购整合兑现成长，聚焦主业双轮驱动,点评,首次评级,东北证券,"廖浩祥,邓天舒",2024Q4,204300.0,,67700.0,51700.0,1.14,19.3,1.36,16.41,,增持,,
002930.SZ,宏川智慧,20230831,宏川智慧：并购整合兑现成长，聚焦主业双轮驱动,点评,首次评级,东北证券,"廖浩祥,邓天舒",2023Q4,160100.0,,45600.0,34800.0,0.77,28.69,1.36,13.2,,增持,,
600827.SH,百联股份,20230831,百联股份：上半年归母净利扭亏为盈，奥莱业态表现亮眼,点评,一般报告,国信证券,"张峻豪,孙乔容若",2025Q4,3695100.0,,177800.0,113400.0,0.64,18.9,4.1,6.2,19.4,增持,,
600827.SH,百联股份,20230831,百联股份：上半年归母净利扭亏为盈，奥莱业态表现亮眼,点评,一般报告,国信证券,"张峻豪,孙乔容若",2024Q4,3568200.0,,143900.0,91800.0,0.51,23.3,3.3,5.1,21.1,增持,,
600827.SH,百联股份,20230831,百联股份：上半年归母净利扭亏为盈，奥莱业态表现亮眼,点评,一般报告,国信证券,"张峻豪,孙乔容若",2023Q4,3389300.0,,110100.0,70200.0,0.39,30.5,2.5,4.0,24.0,增持,,
600690.SH,海尔智家,20230831,海尔智家：全球稳健增长，国内降本提效拉动盈利改善,一般,一般报告,中金,"何伟,褚君,卢璐,韦一飞,魏儒镝,汤亚玮,汤胄樱子,李晶昕,张沁仪,张瑾瑜",2024Q4,28181300.0,8933500.0,2336600.0,1916500.0,2.03,11.5,4.3,17.4,5.7,跑赢行业,,30.5
600690.SH,海尔智家,20230831,海尔智家：全球稳健增长，国内降本提效拉动盈利改善,一般,一般报告,中金,"何伟,褚君,卢璐,韦一飞,魏儒镝,汤亚玮,汤胄樱子,李晶昕,张沁仪,张瑾瑜",2023Q4,26086400.0,8111400.0,2033100.0,1666600.0,1.77,13.3,3.8,16.8,6.7,跑赢行业,,30.5
300673.SZ,佩蒂股份,20230831,佩蒂股份：Q2海外订单压力仍存，国内自主品牌维持高增,点评,一般报告,华安证券,王莺,2025Q4,255300.0,,24200.0,18900.0,0.75,16.79,,8.2,8.49,买入,,
300673.SZ,佩蒂股份,20230831,佩蒂股份：Q2海外订单压力仍存，国内自主品牌维持高增,点评,一般报告,华安证券,王莺,2024Q4,200500.0,,17800.0,14000.0,0.55,22.73,,6.6,11.13,买入,,
300673.SZ,佩蒂股份,20230831,佩蒂股份：Q2海外订单压力仍存，国内自主品牌维持高增,点评,一般报告,华安证券,王莺,2023Q4,155700.0,,11300.0,9000.0,0.35,35.44,,4.5,15.65,买入,,
002531.SZ,天顺风能,20230831,天顺风能：上半年业绩高增，发力海风市场——2023年半年报点评,点评,首份报告,东兴证券,"洪一,侯河清,吴征洋",2025Q4,1680600.0,,250830.0,218862.0,1.22,11.11,,18.14,6.34,强烈推荐,,
002531.SZ,天顺风能,20230831,天顺风能：上半年业绩高增，发力海风市场——2023年半年报点评,点评,首份报告,东兴证券,"洪一,侯河清,吴征洋",2024Q4,1397663.0,,197792.0,172584.0,0.96,14.09,,16.49,7.63,强烈推荐,,
002531.SZ,天顺风能,20230831,天顺风能：上半年业绩高增，发力海风市场——2023年半年报点评,点评,首份报告,东兴证券,"洪一,侯河清,吴征洋",2023Q4,1065117.0,,149492.0,130440.0,0.73,18.64,,14.17,9.45,强烈推荐,,
002468.SZ,申通快递,20230831,申通快递中报点评：市场份额继续大幅提升，能力提升加速单票盈利改善,一般,首次关注,中信建投,韩军,2025Q4,4595000.0,469000.0,,232000.0,,6.5,,,,买入,,
002468.SZ,申通快递,20230831,申通快递中报点评：市场份额继续大幅提升，能力提升加速单票盈利改善,一般,首次关注,中信建投,韩军,2024Q4,4250000.0,342000.0,,143000.0,,10.4,,,,买入,,
002468.SZ,申通快递,20230831,申通快递中报点评：市场份额继续大幅提升，能力提升加速单票盈利改善,一般,首次关注,中信建投,韩军,2023Q4,3791000.0,213000.0,,67000.0,,22.5,,,,买入,,
000876.SZ,新希望,20230831,新希望：核心饲料业务量利齐增，重客拓展战略持续深耕,点评,一般报告,中信建投,王明琦,2025Q4,21573361.0,,,319742.0,0.703,15.94,,9.67,,买入,,
000876.SZ,新希望,20230831,新希望：核心饲料业务量利齐增，重客拓展战略持续深耕,点评,一般报告,中信建投,王明琦,2024Q4,19256558.0,,,160660.0,0.35,33.03,,5.21,,买入,,
000876.SZ,新希望,20230831,新希望：核心饲料业务量利齐增，重客拓展战略持续深耕,点评,一般报告,中信建投,王明琦,2023Q4,16649883.0,,,12333.0,0.03,431.87,,0.42,,买入,,
000538.SZ,云南白药,20230831,云南白药：上半年主业增长稳健，新兴业务深化布局,点评,一般报告,兴业证券,"孙媛媛,董晓洁",2025Q4,4595200.0,,648500.0,551200.0,3.07,17.66,,12.9,,增持,,
000538.SZ,云南白药,20230831,云南白药：上半年主业增长稳健，新兴业务深化布局,点评,一般报告,兴业证券,"孙媛媛,董晓洁",2024Q4,4299000.0,,567600.0,482400.0,2.68,20.17,,11.6,,增持,,
000538.SZ,云南白药,20230831,云南白药：上半年主业增长稳健，新兴业务深化布局,点评,一般报告,兴业证券,"孙媛媛,董晓洁",2023Q4,3985500.0,,489700.0,416200.0,2.32,23.38,,10.4,,增持,,
601828.SH,美凯龙,20230831,美凯龙2023年半年报点评：自营商场平均出租率85.7％，餐饮品类商场覆盖率提升,点评,一般报告,光大证券,"唐佳睿,田然",2025Q4,1308100.0,,71200.0,43400.0,0.1,49.0,0.0,0.8,14.6,增持,,
601828.SH,美凯龙,20230831,美凯龙2023年半年报点评：自营商场平均出租率85.7％，餐饮品类商场覆盖率提升,点评,一般报告,光大证券,"唐佳睿,田然",2024Q4,1237300.0,,62800.0,37100.0,0.09,57.0,0.0,0.69,14.9,增持,,
601828.SH,美凯龙,20230831,美凯龙2023年半年报点评：自营商场平均出租率85.7％，餐饮品类商场覆盖率提升,点评,一般报告,光大证券,"唐佳睿,田然",2023Q4,1151700.0,,53700.0,30200.0,0.07,70.0,0.0,0.56,15.9,增持,,
601658.SH,邮储银行,20230831,邮储银行2023年半年报点评：息差韧性较强，资产质量优异,点评,一般报告,兴业证券,"陈绍兴,王尘,曹欣童",2025Q4,39876000.0,,12135700.0,11131900.0,1.12,,,12.3,,增持,,
688169.SH,石头科技,20230831,石头科技：欧洲＋亚太市场恢复超预期，北美＋国内份额提升强劲,点评,一般报告,招商证券,"史晋星,纪向阳,彭子豪,闫哲坤",2025Q4,1225700.0,,253700.0,221400.0,16.86,15.8,,16.9,11.6,强烈推荐,,
688169.SH,石头科技,20230831,石头科技：欧洲＋亚太市场恢复超预期，北美＋国内份额提升强劲,点评,一般报告,招商证券,"史晋星,纪向阳,彭子豪,闫哲坤",2024Q4,1005300.0,,209900.0,184800.0,14.08,19.0,,15.9,14.3,强烈推荐,,
688169.SH,石头科技,20230831,石头科技：欧洲＋亚太市场恢复超预期，北美＋国内份额提升强劲,点评,一般报告,招商证券,"史晋星,纪向阳,彭子豪,闫哲坤",2023Q4,826000.0,,181500.0,159300.0,12.14,22.0,,15.6,18.5,强烈推荐,,
603337.SH,杰克股份,20230831,杰克股份：盈利能力回升，静待行业复苏,点评,首次关注,中邮证券,"刘卓,陈基赟",2025Q4,974600.0,,110200.0,99792.0,2.05,9.68,,17.2,5.76,买入,,
603337.SH,杰克股份,20230831,杰克股份：盈利能力回升，静待行业复苏,点评,首次关注,中邮证券,"刘卓,陈基赟",2024Q4,738400.0,,77500.0,70173.0,1.44,13.76,,13.8,8.21,买入,,
601658.SH,邮储银行,20230831,邮储银行2023年半年报点评：息差韧性较强，资产质量优异,点评,一般报告,兴业证券,"陈绍兴,王尘,曹欣童",2024Q4,37056600.0,,10931600.0,10027400.0,1.01,,,12.12,,增持,,
601658.SH,邮储银行,20230831,邮储银行2023年半年报点评：息差韧性较强，资产质量优异,点评,一般报告,兴业证券,"陈绍兴,王尘,曹欣童",2023Q4,34492800.0,,9915400.0,9031200.0,0.91,,,12.24,,增持,,
601021.SH,春秋航空,20230831,春秋航空：市占率较疫情前提升，低成本航空价值凸显,点评,首份报告,国联证券,"田照丰,曾智星",2025Q4,2738400.0,,475100.0,478700.0,4.89,11.7,,19.27,5.8,买入,,81.4
601021.SH,春秋航空,20230831,春秋航空：市占率较疫情前提升，低成本航空价值凸显,点评,首份报告,国联证券,"田照丰,曾智星",2024Q4,2484100.0,,395300.0,398300.0,4.07,14.0,,19.86,7.6,买入,,81.4
601021.SH,春秋航空,20230831,春秋航空：市占率较疫情前提升，低成本航空价值凸显,点评,首份报告,国联证券,"田照丰,曾智星",2023Q4,1912500.0,,236300.0,238100.0,2.43,23.5,,14.81,10.3,买入,,81.4
600729.SH,重庆百货,20230831,重庆百货：主业持续向好，盈利能力显著优化,点评,一般报告,东北证券,李森蔓,2025Q4,2330800.0,,200400.0,172000.0,4.23,7.98,2.22,19.69,,买入,,
600729.SH,重庆百货,20230831,重庆百货：主业持续向好，盈利能力显著优化,点评,一般报告,东北证券,李森蔓,2024Q4,2206400.0,,182100.0,156300.0,3.84,8.79,2.13,20.8,,买入,,
600729.SH,重庆百货,20230831,重庆百货：主业持续向好，盈利能力显著优化,点评,一般报告,东北证券,李森蔓,2023Q4,2031700.0,,165000.0,141600.0,3.48,9.7,2.07,22.47,,买入,,
920982.BJ,锦波生物,20230831,锦波生物2023半年报点评：重组胶原蛋白植入剂快速放量，新品植入剂获批值得期待,点评,一般报告,东吴证券,"吴劲草,张家璇",2025Q4,181600.0,,61000.0,52300.0,7.68,18.08,,29.2,,买入,,
920982.BJ,锦波生物,20230831,锦波生物2023半年报点评：重组胶原蛋白植入剂快速放量，新品植入剂获批值得期待,点评,一般报告,东吴证券,"吴劲草,张家璇",2024Q4,129200.0,,42900.0,36800.0,5.4,25.72,,28.99,,买入,,
920982.BJ,锦波生物,20230831,锦波生物2023半年报点评：重组胶原蛋白植入剂快速放量，新品植入剂获批值得期待,点评,一般报告,东吴证券,"吴劲草,张家璇",2023Q4,78000.0,,24900.0,21300.0,3.13,44.41,,23.64,,买入,,
688568.SH,中科星图,20230831,中科星图：第一增长曲线保持高增，第二增长曲线蓄势待发,点评,一般报告,中信建投,"黎韬扬,王春阳,于芳博",2025Q4,466907.0,,,68465.0,1.87,23.59,,,,买入,,
688568.SH,中科星图,20230831,中科星图：第一增长曲线保持高增，第二增长曲线蓄势待发,点评,一般报告,中信建投,"黎韬扬,王春阳,于芳博",2024Q4,328007.0,,,45712.0,1.25,35.33,,,,买入,,
688568.SH,中科星图,20230831,中科星图：第一增长曲线保持高增，第二增长曲线蓄势待发,点评,一般报告,中信建投,"黎韬扬,王春阳,于芳博",2023Q4,231144.0,,,33080.0,0.91,48.82,,,,买入,,
688501.SH,青达环保,20230831,青达环保：上半年高增长，钢渣第二增长曲线逐渐明晰,点评,一般报告,中信建投,"秦基栗,邓皓烛",2025Q4,268561.0,,,28785.0,2.339,8.35,,21.81,,买入,,
688501.SH,青达环保,20230831,青达环保：上半年高增长，钢渣第二增长曲线逐渐明晰,点评,一般报告,中信建投,"秦基栗,邓皓烛",2024Q4,193033.0,,,20119.0,1.635,11.94,,19.36,,买入,,
688501.SH,青达环保,20230831,青达环保：上半年高增长，钢渣第二增长曲线逐渐明晰,点评,一般报告,中信建投,"秦基栗,邓皓烛",2023Q4,122889.0,,,12076.0,0.981,19.9,,14.39,,买入,,
002739.SZ,万达电影,20230831,万达电影1H23点评：上半年运营提效稳步推进，下半年市场回暖大势延续,点评,首份报告,中信建投,杨艾莉,2025Q4,1892003.0,,,159622.0,0.73,19.32,,,,买入,,
002739.SZ,万达电影,20230831,万达电影1H23点评：上半年运营提效稳步推进，下半年市场回暖大势延续,点评,首份报告,中信建投,杨艾莉,2024Q4,1769565.0,,,133937.0,0.61,23.02,,,,买入,,
002739.SZ,万达电影,20230831,万达电影1H23点评：上半年运营提效稳步推进，下半年市场回暖大势延续,点评,首份报告,中信建投,杨艾莉,2023Q4,1465831.0,,,107094.0,0.49,28.8,,,,买入,,
000768.SZ,中航西飞,20230831,中航西飞：生产持续交付顺利，全年业绩稳增可期,点评,首份报告,中信建投,黎韬扬,2025Q4,7203700.0,,,181500.0,0.65,37.0,,,,买入,,
000768.SZ,中航西飞,20230831,中航西飞：生产持续交付顺利，全年业绩稳增可期,点评,首份报告,中信建投,黎韬扬,2024Q4,6014100.0,,,144300.0,0.52,47.0,,,,买入,,
000768.SZ,中航西飞,20230831,中航西飞：生产持续交付顺利，全年业绩稳增可期,点评,首份报告,中信建投,黎韬扬,2023Q4,4942100.0,,,111200.0,0.4,60.0,,,,买入,,
688095.SH,福昕软件,20230831,福昕软件2023年中报点评：双转型加速推进，全家桶＋AIGC强化体验,点评,一般报告,中信证券,"杨泽原,丁奇,潘儒琛",2025Q4,80500.0,,3200.0,2400.0,0.26,,,0.8,217.9,买入,,128.0
688095.SH,福昕软件,20230831,福昕软件2023年中报点评：双转型加速推进，全家桶＋AIGC强化体验,点评,一般报告,中信证券,"杨泽原,丁奇,潘儒琛",2024Q4,64100.0,,-8700.0,-6800.0,-0.75,,,-2.4,,买入,,128.0
688095.SH,福昕软件,20230831,福昕软件2023年中报点评：双转型加速推进，全家桶＋AIGC强化体验,点评,一般报告,中信证券,"杨泽原,丁奇,潘儒琛",2023Q4,58200.0,,-9000.0,-7100.0,-0.78,,,-2.4,,买入,,128.0
603605.SH,珀莱雅,20230831,珀莱雅：业绩增速靓眼，大单品势能释放,一般,一般报告,兴业证券,"代凯燕,徐鸥鹭",2025Q4,1308700.0,,236500.0,181400.0,4.57,21.7,,23.7,,增持,,
603605.SH,珀莱雅,20230831,珀莱雅：业绩增速靓眼，大单品势能释放,一般,一般报告,兴业证券,"代凯燕,徐鸥鹭",2024Q4,1048200.0,,187000.0,143900.0,3.63,27.4,,24.6,,增持,,
603605.SH,珀莱雅,20230831,珀莱雅：业绩增速靓眼，大单品势能释放,一般,一般报告,兴业证券,"代凯燕,徐鸥鹭",2023Q4,821100.0,,145700.0,109800.0,2.77,35.9,,24.9,,增持,,
601658.SH,邮储银行,20230831,邮储银行：息差降幅环比收窄，零售表现优于同业,点评,一般报告,平安证券,"袁喆奇,黄韦涵,许淼",2025Q4,43037500.0,,12229600.0,11407700.0,1.15,4.3,,12.6,,强烈推荐,,
601658.SH,邮储银行,20230831,邮储银行：息差降幅环比收窄，零售表现优于同业,点评,一般报告,平安证券,"袁喆奇,黄韦涵,许淼",2024Q4,39221400.0,,11172800.0,10421900.0,1.05,4.7,,12.6,,强烈推荐,,
601658.SH,邮储银行,20230831,邮储银行：息差降幅环比收窄，零售表现优于同业,点评,一般报告,平安证券,"袁喆奇,黄韦涵,许淼",2023Q4,35642800.0,,10123300.0,9443000.0,0.95,5.1,,12.8,,强烈推荐,,
601225.SH,陕西煤业,20230831,陕西煤业：以量补价，保障盈利韧性,点评,一般报告,中金,陈彦,2024Q4,13620100.0,,3884300.0,2253200.0,2.32,7.2,8.4,20.8,2.7,跑赢行业,,20.0
601225.SH,陕西煤业,20230831,陕西煤业：以量补价，保障盈利韧性,点评,一般报告,中金,陈彦,2023Q4,13339200.0,5141500.0,3777100.0,2191000.0,2.26,7.4,8.1,21.3,3.2,跑赢行业,,20.0
601021.SH,春秋航空,20230831,春秋航空2023年中报点评：业绩接近预告上限，逆势扩张效果显现,点评,一般报告,中信证券,"扈世民,张昕玥",2025Q4,2386900.0,,536300.0,403000.0,4.12,13.9,,17.3,8.9,买入,,92.0
601021.SH,春秋航空,20230831,春秋航空2023年中报点评：业绩接近预告上限，逆势扩张效果显现,点评,一般报告,中信证券,"扈世民,张昕玥",2024Q4,2208300.0,,530600.0,398700.0,4.07,14.0,,20.2,9.5,买入,,92.0
601021.SH,春秋航空,20230831,春秋航空2023年中报点评：业绩接近预告上限，逆势扩张效果显现,点评,一般报告,中信证券,"扈世民,张昕玥",2023Q4,1746200.0,,256900.0,202100.0,2.07,27.6,,12.9,15.0,买入,,92.0
600522.SH,中天科技,20230831,中天科技：2Q23海洋能源交付改善，在手订单充沛显实力,点评,一般报告,中金,"李诗雯,郑欣怡,陈昊,彭虎",2024Q4,4955400.0,931200.0,538700.0,441000.0,1.29,11.3,3.6,12.5,5.9,跑赢行业,,22.1
600522.SH,中天科技,20230831,中天科技：2Q23海洋能源交付改善，在手订单充沛显实力,点评,一般报告,中金,"李诗雯,郑欣怡,陈昊,彭虎",2023Q4,4257000.0,760200.0,454200.0,377000.0,1.1,13.2,1.1,11.9,7.4,跑赢行业,,22.1
600259.SH,广晟有色,20230831,广晟有色：1H23业绩符合预期，静待下游需求复苏,点评,一般报告,中金,"王政,何曼文,齐丁,陈彦",2024Q4,2954900.0,,87900.0,56800.0,1.69,20.5,0.0,14.0,13.6,跑赢行业,,45.57
600259.SH,广晟有色,20230831,广晟有色：1H23业绩符合预期，静待下游需求复苏,点评,一般报告,中金,"王政,何曼文,齐丁,陈彦",2023Q4,2656800.0,83900.0,43400.0,32100.0,0.96,36.2,0.0,8.9,21.7,跑赢行业,,45.57
600027.SH,华电国际,20230831,华电国际2023年半年报点评：Q2煤电业绩环比大幅改善，H2有望继续修复,点评,一般报告,国海证券,"杨阳,钟琪",2025Q4,11407000.0,,1185400.0,711300.0,0.7,7.35,,9.0,6.85,买入,,
300782.SZ,卓胜微,20230831,卓胜微：2023Q2业绩环比改善，多条赛道协同发力前景可期——公司信息更新报告,点评,一般报告,开源证券,"罗通,刘书珣",2025Q4,634600.0,,213200.0,196600.0,3.68,34.1,,15.9,26.1,买入,,
300782.SZ,卓胜微,20230831,卓胜微：2023Q2业绩环比改善，多条赛道协同发力前景可期——公司信息更新报告,点评,一般报告,开源证券,"罗通,刘书珣",2024Q4,514500.0,,163400.0,149300.0,2.8,44.9,,13.8,34.0,买入,,
300782.SZ,卓胜微,20230831,卓胜微：2023Q2业绩环比改善，多条赛道协同发力前景可期——公司信息更新报告,点评,一般报告,开源证券,"罗通,刘书珣",2023Q4,414200.0,,120700.0,109600.0,2.05,61.1,,11.3,45.8,买入,,
688558.SH,国盛智科,20230831,国盛智科：数控机床业务持续增长，公司未来看点十足,点评,一般报告,东北证券,韦松岭,2025Q4,198300.0,,34700.0,31100.0,2.36,13.01,2.61,15.48,,买入,,
688558.SH,国盛智科,20230831,国盛智科：数控机床业务持续增长，公司未来看点十足,点评,一般报告,东北证券,韦松岭,2024Q4,161500.0,,27000.0,24200.0,1.83,16.74,2.45,13.45,,买入,,
688558.SH,国盛智科,20230831,国盛智科：数控机床业务持续增长，公司未来看点十足,点评,一般报告,东北证券,韦松岭,2023Q4,126500.0,,20400.0,18700.0,1.41,21.68,1.96,11.41,,买入,,
688073.SH,毕得医药,20230831,毕得医药2023年中报点评：含硼／氟分子砌块初步呈现规模优势，海外业务延续高增长,点评,一般报告,西部证券,李梦园,2025Q4,213900.0,,45900.0,39300.0,4.32,17.6,,15.2,,买入,,
688073.SH,毕得医药,20230831,毕得医药2023年中报点评：含硼／氟分子砌块初步呈现规模优势，海外业务延续高增长,点评,一般报告,西部证券,李梦园,2024Q4,159300.0,,34100.0,29100.0,3.2,23.8,,12.5,,买入,,
688073.SH,毕得医药,20230831,毕得医药2023年中报点评：含硼／氟分子砌块初步呈现规模优势，海外业务延续高增长,点评,一般报告,西部证券,李梦园,2023Q4,116600.0,,24500.0,21100.0,2.32,32.8,,9.8,,买入,,
600027.SH,华电国际,20230831,华电国际2023年半年报点评：Q2煤电业绩环比大幅改善，H2有望继续修复,点评,一般报告,国海证券,"杨阳,钟琪",2024Q4,11177800.0,,1078100.0,646800.0,0.63,8.08,,9.0,7.41,买入,,
600027.SH,华电国际,20230831,华电国际2023年半年报点评：Q2煤电业绩环比大幅改善，H2有望继续修复,点评,一般报告,国海证券,"杨阳,钟琪",2023Q4,10836700.0,,1004200.0,602500.0,0.59,8.67,,9.0,7.82,买入,,
002281.SZ,光迅科技,20230831,光迅科技：业绩符合预期，AI拉动有望逐步体现,点评,一般报告,招商证券,"梁程加,刘浩天",2025Q4,1271300.0,,148600.0,131900.0,1.66,16.8,,13.1,12.8,强烈推荐,,
002281.SZ,光迅科技,20230831,光迅科技：业绩符合预期，AI拉动有望逐步体现,点评,一般报告,招商证券,"梁程加,刘浩天",2024Q4,1073300.0,,121700.0,108100.0,1.36,20.5,,12.2,15.4,强烈推荐,,
002281.SZ,光迅科技,20230831,光迅科技：业绩符合预期，AI拉动有望逐步体现,点评,一般报告,招商证券,"梁程加,刘浩天",2023Q4,733400.0,,73000.0,64800.0,0.82,34.2,,9.0,23.4,强烈推荐,,
601390.SH,中国中铁,20230831,中国中铁：Q2业绩略超预期，经营性现金流有所改善,点评,一般报告,国盛证券,"何亚轩,程龙戈,李枫婷",2025Q4,145664000.0,,6040800.0,4405800.0,1.78,3.8,,9.1,5.8,买入,,
601390.SH,中国中铁,20230831,中国中铁：Q2业绩略超预期，经营性现金流有所改善,点评,一般报告,国盛证券,"何亚轩,程龙戈,李枫婷",2024Q4,134678500.0,,5403500.0,3941700.0,1.59,4.2,,8.9,6.4,买入,,
601390.SH,中国中铁,20230831,中国中铁：Q2业绩略超预期，经营性现金流有所改善,点评,一般报告,国盛证券,"何亚轩,程龙戈,李枫婷",2023Q4,123872500.0,,4807400.0,3501900.0,1.41,4.7,,8.6,7.3,买入,,
601336.SH,新华保险,20230831,新华保险：人均产能翻倍，聚焦长期转型,点评,一般报告,国信证券,孔祥,2025Q4,25274900.0,,2821100.0,2691400.0,8.626,4.95,,,,增持,,
601336.SH,新华保险,20230831,新华保险：人均产能翻倍，聚焦长期转型,点评,一般报告,国信证券,孔祥,2024Q4,24222200.0,,2278600.0,2173800.0,6.967,6.129,,,,增持,,
601336.SH,新华保险,20230831,新华保险：人均产能翻倍，聚焦长期转型,点评,一般报告,国信证券,孔祥,2023Q4,22992900.0,,1529700.0,1459300.0,4.677,9.129,,,,增持,,
600884.SH,杉杉股份,20230831,杉杉股份2023年半年报点评：双主业巩固优势，23Q2负极材料销量环比改善,点评,一般报告,光大证券,"殷中枢,陈无忌,吕昊",2025Q4,3736000.0,,523100.0,420900.0,1.86,7.0,3.4,13.75,4.4,买入,,
600884.SH,杉杉股份,20230831,杉杉股份2023年半年报点评：双主业巩固优势，23Q2负极材料销量环比改善,点评,一般报告,光大证券,"殷中枢,陈无忌,吕昊",2024Q4,2994800.0,,391300.0,309000.0,1.36,10.0,2.5,11.37,5.8,买入,,
600884.SH,杉杉股份,20230831,杉杉股份2023年半年报点评：双主业巩固优势，23Q2负极材料销量环比改善,点评,一般报告,光大证券,"殷中枢,陈无忌,吕昊",2023Q4,2392900.0,,293300.0,230700.0,1.02,13.0,1.9,9.35,8.5,买入,,
600115.SH,中国东航,20230831,中国东航：亏损进一步收窄，看好盈利中枢提升,点评,一般报告,华泰证券,"沈晓峰,黄凡洋",2025Q4,16366600.0,,1834900.0,1651400.0,0.74,5.9,,27.92,3.83,买入,,6.6
600115.SH,中国东航,20230831,中国东航：亏损进一步收窄，看好盈利中枢提升,点评,一般报告,华泰证券,"沈晓峰,黄凡洋",2024Q4,15445400.0,,1541500.0,1387400.0,0.62,7.02,,32.54,4.32,买入,,6.6
600115.SH,中国东航,20230831,中国东航：亏损进一步收窄，看好盈利中枢提升,点评,一般报告,华泰证券,"沈晓峰,黄凡洋",2023Q4,11933600.0,,27615.0,24854.0,0.01,391.94,,0.86,7.09,买入,,6.6
601111.SH,中国国航,20230831,中国国航：国泰航空贡献盈利显著，看好暑运旺季叠加国际航线改善,点评,首份报告,华金证券,凌军,2025Q4,16231000.0,,2912600.0,2307700.0,1.42,6.1,,28.8,7.2,买入,,
601111.SH,中国国航,20230831,中国国航：国泰航空贡献盈利显著，看好暑运旺季叠加国际航线改善,点评,首份报告,华金证券,凌军,2024Q4,16006100.0,,2858100.0,2258200.0,1.39,6.2,,39.2,7.8,买入,,
601111.SH,中国国航,20230831,中国国航：国泰航空贡献盈利显著，看好暑运旺季叠加国际航线改善,点评,首份报告,华金证券,凌军,2023Q4,13129100.0,,375100.0,289900.0,0.18,48.5,,8.2,21.7,买入,,
603337.SH,杰克股份,20230831,杰克股份：盈利能力回升，静待行业复苏,点评,首次关注,中邮证券,"刘卓,陈基赟",2023Q4,559500.0,,57500.0,52097.0,1.07,18.54,,11.4,11.16,买入,,
603993.SH,洛阳钼业,20230831,洛阳钼业：权益金落地，看好公司未来业绩释放,点评,一般报告,中信建投,王介超,2025Q4,21116026.0,,,1323528.0,0.61,9.42,,17.34,,买入,,
603993.SH,洛阳钼业,20230831,洛阳钼业：权益金落地，看好公司未来业绩释放,点评,一般报告,中信建投,王介超,2024Q4,20297787.0,,,1181866.0,0.55,10.56,,17.73,,买入,,
603993.SH,洛阳钼业,20230831,洛阳钼业：权益金落地，看好公司未来业绩释放,点评,一般报告,中信建投,王介超,2023Q4,19235700.0,,,853797.0,0.4,14.62,,14.73,,买入,,
603466.SH,风语筑,20230831,风语筑2023年中报点评：业绩逐步回暖，新订单签约提速,点评,一般报告,中信证券,"王冠然,任杰",2025Q4,316900.0,,55300.0,48100.0,0.81,16.1,,16.0,14.7,增持,,15.0
603466.SH,风语筑,20230831,风语筑2023年中报点评：业绩逐步回暖，新订单签约提速,点评,一般报告,中信证券,"王冠然,任杰",2024Q4,284200.0,,48000.0,41700.0,0.7,18.6,,15.4,16.8,增持,,15.0
603466.SH,风语筑,20230831,风语筑2023年中报点评：业绩逐步回暖，新订单签约提速,点评,一般报告,中信证券,"王冠然,任杰",2023Q4,236300.0,,38200.0,33200.0,0.56,23.3,,13.6,21.7,增持,,15.0
600398.SH,海澜之家,20230831,海澜之家：营收恢复至疫情前水平，持续渠道结构优化,点评,一般报告,中金,"林骥川,曾令仪,陈婕",2024Q4,2551000.0,,470100.0,352400.0,0.82,9.0,5.4,20.7,2.9,跑赢行业,,8.64
600398.SH,海澜之家,20230831,海澜之家：营收恢复至疫情前水平，持续渠道结构优化,点评,一般报告,中金,"林骥川,曾令仪,陈婕",2023Q4,2331600.0,,374500.0,280500.0,0.65,11.3,4.3,18.4,3.9,跑赢行业,,8.64
600039.SH,四川路桥,20230831,四川路桥：23H1经营性业绩快速增长，Q2现金流明显改善,点评,一般报告,国盛证券,"何亚轩,廖文强,程龙戈",2025Q4,23969200.0,,2577700.0,2110000.0,2.42,3.7,,25.1,3.7,买入,,
600039.SH,四川路桥,20230831,四川路桥：23H1经营性业绩快速增长，Q2现金流明显改善,点评,一般报告,国盛证券,"何亚轩,廖文强,程龙戈",2024Q4,19931000.0,,2113700.0,1729300.0,1.98,4.5,,25.6,4.6,买入,,
600039.SH,四川路桥,20230831,四川路桥：23H1经营性业绩快速增长，Q2现金流明显改善,点评,一般报告,国盛证券,"何亚轩,廖文强,程龙戈",2023Q4,16503800.0,,1728600.0,1403100.0,1.61,5.6,,26.1,5.6,买入,,
300973.SZ,立高食品,20230831,立高食品2023年半年度业绩点评：商超＋餐饮渠道弹性充足，改革持续深化,点评,一般报告,光大证券,"叶倩瑜,杨哲,李嘉祺,董博文",2025Q4,615800.0,,66200.0,53000.0,3.13,20.0,3.0,18.55,14.2,买入,,
300973.SZ,立高食品,20230831,立高食品2023年半年度业绩点评：商超＋餐饮渠道弹性充足，改革持续深化,点评,一般报告,光大证券,"叶倩瑜,杨哲,李嘉祺,董博文",2024Q4,508000.0,,51600.0,41300.0,2.44,25.0,2.3,16.06,18.2,买入,,
300973.SZ,立高食品,20230831,立高食品2023年半年度业绩点评：商超＋餐饮渠道弹性充足，改革持续深化,点评,一般报告,光大证券,"叶倩瑜,杨哲,李嘉祺,董博文",2023Q4,400100.0,,36800.0,29500.0,1.74,36.0,1.7,12.65,23.0,买入,,
300491.SZ,通合科技,20230831,通合科技：充电模块业绩兑现期已至，结构升级＋出海拓展巩固龙头竞争力,点评,一般报告,国盛证券,"杨润思,林卓欣",2025Q4,268100.0,,28800.0,30000.0,1.72,15.9,,13.7,13.4,增持,,
300491.SZ,通合科技,20230831,通合科技：充电模块业绩兑现期已至，结构升级＋出海拓展巩固龙头竞争力,点评,一般报告,国盛证券,"杨润思,林卓欣",2024Q4,170200.0,,16800.0,17500.0,1.0,27.3,,9.2,22.4,增持,,
300491.SZ,通合科技,20230831,通合科技：充电模块业绩兑现期已至，结构升级＋出海拓展巩固龙头竞争力,点评,一般报告,国盛证券,"杨润思,林卓欣",2023Q4,103500.0,,9900.0,10300.0,0.59,46.5,,5.9,37.2,增持,,
002294.SZ,信立泰,20230831,信立泰：慢病领域持续增厚，创新管线收获可期,点评,一般报告,中信建投,"贺菊颖,袁清慧",2025Q4,496739.0,,,94863.0,0.85,32.32,,10.53,,买入,,
002294.SZ,信立泰,20230831,信立泰：慢病领域持续增厚，创新管线收获可期,点评,一般报告,中信建投,"贺菊颖,袁清慧",2024Q4,416000.0,,,78941.0,0.71,38.84,,9.19,,买入,,
002294.SZ,信立泰,20230831,信立泰：慢病领域持续增厚，创新管线收获可期,点评,一般报告,中信建投,"贺菊颖,袁清慧",2023Q4,366101.0,,,67663.0,0.61,45.31,,8.21,,买入,,
000596.SZ,古井贡酒,20230831,古井贡酒2023年中报点评：Q2超预期高增，充分展现实力,点评,一般报告,东吴证券,"汤军,王颖洁",2025Q4,2749000.0,,891300.0,644100.0,12.19,22.46,,19.97,,买入,,
000596.SZ,古井贡酒,20230831,古井贡酒2023年中报点评：Q2超预期高增，充分展现实力,点评,一般报告,东吴证券,"汤军,王颖洁",2024Q4,2362900.0,,732200.0,528100.0,9.99,27.4,,19.87,,买入,,
000596.SZ,古井贡酒,20230831,古井贡酒2023年中报点评：Q2超预期高增，充分展现实力,点评,一般报告,东吴证券,"汤军,王颖洁",2023Q4,2009900.0,,595500.0,426600.0,8.07,33.92,,19.34,,买入,,
603799.SH,华友钴业,20230831,华友钴业：半年报符合预期，镍资源下半年有望加速放量,点评,一般报告,兴业证券,赖福洋,2024Q4,10569400.0,,1266100.0,886000.0,5.21,7.9,,23.1,,增持,,
603799.SH,华友钴业,20230831,华友钴业：半年报符合预期，镍资源下半年有望加速放量,点评,一般报告,兴业证券,赖福洋,2023Q4,8684800.0,,899100.0,589700.0,3.47,11.8,,19.5,,增持,,
601857.SH,中国石油,20230831,中国石油2023年半年报点评：归母净利位于近年高点，中期分红凸显价值,点评,一般报告,民生证券,"周泰,王姗姗",2025Q4,323166300.0,,25623200.0,17331500.0,0.95,8.0,6.32,10.7,2.91,推荐,,
601857.SH,中国石油,20230831,中国石油2023年半年报点评：归母净利位于近年高点，中期分红凸显价值,点评,一般报告,民生证券,"周泰,王姗姗",2024Q4,322088200.0,,23989500.0,16226500.0,0.89,9.0,5.92,10.6,3.04,推荐,,
601857.SH,中国石油,20230831,中国石油2023年半年报点评：归母净利位于近年高点，中期分红凸显价值,点评,一般报告,民生证券,"周泰,王姗姗",2023Q4,315056300.0,,22536300.0,15243500.0,0.83,9.0,5.56,10.53,3.16,推荐,,
600258.SH,首旅酒店,20230831,首旅酒店：经济型RevPAR恢复较好，进一步完善品牌矩阵,点评,一般报告,国联证券,"邓文慧,曹晶",2025Q4,944000.0,,170600.0,120300.0,1.08,16.5,,9.12,5.1,买入,,22.81
600258.SH,首旅酒店,20230831,首旅酒店：经济型RevPAR恢复较好，进一步完善品牌矩阵,点评,一般报告,国联证券,"邓文慧,曹晶",2024Q4,873500.0,,139000.0,98000.0,0.88,20.3,,8.1,4.9,买入,,22.81
600258.SH,首旅酒店,20230831,首旅酒店：经济型RevPAR恢复较好，进一步完善品牌矩阵,点评,一般报告,国联证券,"邓文慧,曹晶",2023Q4,757200.0,,99300.0,70000.0,0.63,28.4,,6.25,6.2,买入,,22.81
600019.SH,宝钢股份,20230831,宝钢股份：业绩环比增长，中报维持高分红,点评,首份报告,中信建投,"王介超,王晓芳",2025Q4,37833081.0,,,1597090.0,0.72,8.52,,7.21,,增持,,
600019.SH,宝钢股份,20230831,宝钢股份：业绩环比增长，中报维持高分红,点评,首份报告,中信建投,"王介超,王晓芳",2024Q4,37348258.0,,,1308355.0,0.59,10.4,,6.21,,增持,,
600019.SH,宝钢股份,20230831,宝钢股份：业绩环比增长，中报维持高分红,点评,首份报告,中信建投,"王介超,王晓芳",2023Q4,36784423.0,,,1006581.0,0.45,13.51,,4.99,,增持,,
300724.SZ,捷佳伟创,20230831,捷佳伟创：订单快速增长，持续推进电池新技术设备进步,点评,一般报告,中银国际,"武佳雄,李天帅",2025Q4,2135300.0,,342700.0,298200.0,8.56,10.3,0.2,21.4,6.4,增持,,
300724.SZ,捷佳伟创,20230831,捷佳伟创：订单快速增长，持续推进电池新技术设备进步,点评,一般报告,中银国际,"武佳雄,李天帅",2024Q4,1605000.0,,266700.0,232000.0,6.66,13.2,0.2,21.0,9.2,增持,,
300724.SZ,捷佳伟创,20230831,捷佳伟创：订单快速增长，持续推进电池新技术设备进步,点评,一般报告,中银国际,"武佳雄,李天帅",2023Q4,946100.0,,187800.0,163400.0,4.69,18.8,0.2,18.6,16.4,增持,,
688633.SH,星球石墨,20230831,星球石墨2023年中报点评：业绩符合预期，石墨材料项目全面投产,点评,一般报告,国泰君安,"徐乔威,李启文",2025Q4,158100.0,,,31400.0,3.02,9.85,2.1,15.2,6.82,增持,,41.75
688633.SH,星球石墨,20230831,星球石墨2023年中报点评：业绩符合预期，石墨材料项目全面投产,点评,一般报告,国泰君安,"徐乔威,李启文",2024Q4,122900.0,,,25000.0,2.41,12.34,2.1,14.3,9.16,增持,,41.75
688633.SH,星球石墨,20230831,星球石墨2023年中报点评：业绩符合预期，石墨材料项目全面投产,点评,一般报告,国泰君安,"徐乔威,李启文",2023Q4,83900.0,,,18300.0,1.76,16.89,2.0,12.2,13.31,增持,,41.75
688633.SH,星球石墨,20230831,星球石墨2023年中报点评：业绩符合预期，石墨材料项目全面投产,点评,一般报告,国泰君安,"徐乔威,李启文",2023Q3,,,,,1.19,,,,,增持,,41.75
000998.SZ,隆平高科,20230831,隆平高科：内生改善及外延收购并驱，品种优势有望进一步显现——公司信息更新报告,点评,一般报告,开源证券,陈雪丽,2025Q4,644600.0,,63100.0,47100.0,0.36,45.1,,8.8,19.8,买入,,
000998.SZ,隆平高科,20230831,隆平高科：内生改善及外延收购并驱，品种优势有望进一步显现——公司信息更新报告,点评,一般报告,开源证券,陈雪丽,2024Q4,503000.0,,46000.0,40700.0,0.31,52.2,,7.0,23.6,买入,,
000998.SZ,隆平高科,20230831,隆平高科：内生改善及外延收购并驱，品种优势有望进一步显现——公司信息更新报告,点评,一般报告,开源证券,陈雪丽,2023Q4,417500.0,,23800.0,20800.0,0.16,102.3,,3.9,33.5,买入,,
000876.SZ,新希望,20230831,新希望：生猪及肉禽养殖效益改善，饲料业务迎来降本增效——公司信息更新报告,点评,一般报告,开源证券,陈雪丽,2025Q4,22832600.0,,1243100.0,1014400.0,2.23,5.3,,20.4,7.1,买入,,
000876.SZ,新希望,20230831,新希望：生猪及肉禽养殖效益改善，饲料业务迎来降本增效——公司信息更新报告,点评,一般报告,开源证券,陈雪丽,2024Q4,19657900.0,,531300.0,438000.0,0.96,12.3,,10.9,10.8,买入,,
000876.SZ,新希望,20230831,新希望：生猪及肉禽养殖效益改善，饲料业务迎来降本增效——公司信息更新报告,点评,一般报告,开源证券,陈雪丽,2023Q4,17194800.0,,-92100.0,-74400.0,-0.16,,,-2.0,24.8,买入,,
000625.SZ,长安汽车,20230831,长安汽车2023年中报点评：表观利润承压，转型的必经之路,点评,一般报告,中信证券,"尹欣驰,李景涛,武平乐,李子俊,董军韬",2025Q4,17996600.0,,1216000.0,1062000.0,1.07,12.5,,13.2,7.6,买入,,20.0
000625.SZ,长安汽车,20230831,长安汽车2023年中报点评：表观利润承压，转型的必经之路,点评,一般报告,中信证券,"尹欣驰,李景涛,武平乐,李子俊,董军韬",2024Q4,16371700.0,,1022500.0,959300.0,0.97,13.8,,12.9,8.2,买入,,20.0
000625.SZ,长安汽车,20230831,长安汽车2023年中报点评：表观利润承压，转型的必经之路,点评,一般报告,中信证券,"尹欣驰,李景涛,武平乐,李子俊,董军韬",2023Q4,14731900.0,,816800.0,869400.0,0.88,15.2,,12.6,9.0,买入,,20.0
688301.SH,奕瑞科技,20230831,奕瑞科技：上半年收入同比增长33％，加大研发投入积极拓展新核心部件,点评,一般报告,国信证券,"吴双,田丰",2025Q4,345700.0,,151700.0,136700.0,13.43,18.4,1.7,21.2,19.2,买入,,
688301.SH,奕瑞科技,20230831,奕瑞科技：上半年收入同比增长33％，加大研发投入积极拓展新核心部件,点评,一般报告,国信证券,"吴双,田丰",2024Q4,273200.0,,118300.0,105600.0,10.38,23.8,1.2,19.6,25.4,买入,,
688301.SH,奕瑞科技,20230831,奕瑞科技：上半年收入同比增长33％，加大研发投入积极拓展新核心部件,点评,一般报告,国信证券,"吴双,田丰",2023Q4,210000.0,,91700.0,83000.0,8.15,30.3,0.9,18.3,34.6,买入,,
688122.SH,西部超导,20230831,西部超导：2023H1整体收入表现平稳，产品结构差异致短期承压,点评,一般报告,安信证券,"张宝涵,马卓群",2025Q4,931000.0,,239000.0,208000.0,3.2,14.5,3.4,24.1,12.7,买入,,61.53
688122.SH,西部超导,20230831,西部超导：2023H1整体收入表现平稳，产品结构差异致短期承压,点评,一般报告,安信证券,"张宝涵,马卓群",2024Q4,742000.0,,189000.0,164000.0,2.52,18.4,2.8,21.7,14.5,买入,,61.53
688122.SH,西部超导,20230831,西部超导：2023H1整体收入表现平稳，产品结构差异致短期承压,点评,一般报告,安信证券,"张宝涵,马卓群",2023Q4,592000.0,,141000.0,124000.0,1.91,24.3,2.1,18.3,20.4,买入,,61.53
688006.SH,杭可科技,20230831,杭可科技：盈利能力显著提升，全球化布局加速——中小盘信息更新,点评,一般报告,开源证券,任浪,2025Q4,983200.0,,195200.0,175800.0,2.912,6.7,,24.1,4.9,买入,,
688006.SH,杭可科技,20230831,杭可科技：盈利能力显著提升，全球化布局加速——中小盘信息更新,点评,一般报告,开源证券,任浪,2024Q4,795800.0,,158000.0,141500.0,2.344,8.3,,25.2,6.4,买入,,
688006.SH,杭可科技,20230831,杭可科技：盈利能力显著提升，全球化布局加速——中小盘信息更新,点评,一般报告,开源证券,任浪,2023Q4,545300.0,,104900.0,93400.0,1.547,12.6,,21.8,9.5,买入,,
603986.SH,兆易创新,20230831,兆易创新：上半年业绩承压，下半年拐点可期,点评,首份报告,中信建投,"刘双锋,章合坤",2025Q4,,,,288800.0,,22.0,,,,买入,,117.55
603986.SH,兆易创新,20230831,兆易创新：上半年业绩承压，下半年拐点可期,点评,首份报告,中信建投,"刘双锋,章合坤",2024Q4,,,,156800.0,,40.0,,,,买入,,117.55
603986.SH,兆易创新,20230831,兆易创新：上半年业绩承压，下半年拐点可期,点评,首份报告,中信建投,"刘双锋,章合坤",2023Q4,,,,84200.0,,74.0,,,,买入,,117.55
603816.SH,顾家家居,20230831,顾家家居：一体化整家运营发力，盈利能力进一步提升,点评,一般报告,德邦证券,"徐偲,余倩莹",2025Q4,2644200.0,,345300.0,272500.0,3.32,12.79,2.6,21.3,8.16,买入,,
603816.SH,顾家家居,20230831,顾家家居：一体化整家运营发力，盈利能力进一步提升,点评,一般报告,德邦证券,"徐偲,余倩莹",2024Q4,2337400.0,,301000.0,237500.0,2.89,14.67,2.6,21.1,9.2,买入,,
603816.SH,顾家家居,20230831,顾家家居：一体化整家运营发力，盈利能力进一步提升,点评,一般报告,德邦证券,"徐偲,余倩莹",2023Q4,2053700.0,,261800.0,206500.0,2.51,16.87,2.6,20.8,11.62,买入,,
603170.SH,宝立食品,20230831,宝立食品：B端亮眼高增，空刻短期承压,点评,一般报告,安信证券,"赵国防,侯雅楠",2025Q4,361590.0,,55810.0,41820.0,1.05,18.4,1.5,21.4,11.6,买入,,28.57
603170.SH,宝立食品,20230831,宝立食品：B端亮眼高增，空刻短期承压,点评,一般报告,安信证券,"赵国防,侯雅楠",2024Q4,301330.0,,45340.0,34010.0,0.85,22.6,0.9,20.6,14.2,买入,,28.57
603170.SH,宝立食品,20230831,宝立食品：B端亮眼高增，空刻短期承压,点评,一般报告,安信证券,"赵国防,侯雅楠",2023Q4,248230.0,,39570.0,30080.0,0.75,25.6,0.6,21.8,19.6,买入,,28.57
601398.SH,工商银行,20230831,工商银行2023年中报点评：经营稳中提质，质量优中有进,点评,一般报告,中信证券,"肖斐斐,彭博,林楠",2025Q4,105230600.0,,48833000.0,41568700.0,,,,,,增持,,5.7
601398.SH,工商银行,20230831,工商银行2023年中报点评：经营稳中提质，质量优中有进,点评,一般报告,中信证券,"肖斐斐,彭博,林楠",2024Q4,97290100.0,,44896700.0,38970600.0,,,,,,增持,,5.7
601398.SH,工商银行,20230831,工商银行2023年中报点评：经营稳中提质，质量优中有进,点评,一般报告,中信证券,"肖斐斐,彭博,林楠",2023Q4,91838800.0,,42414200.0,36815700.0,,,,,,增持,,5.7
601166.SH,兴业银行,20230831,兴业银行：利润营收降幅收窄，资产质量维持稳健,点评,一般报告,平安证券,"袁喆奇,黄韦涵,许淼",2025Q4,25438700.0,,12090400.0,10400800.0,5.01,3.2,,12.5,,强烈推荐,,
601166.SH,兴业银行,20230831,兴业银行：利润营收降幅收窄，资产质量维持稳健,点评,一般报告,平安证券,"袁喆奇,黄韦涵,许淼",2024Q4,23707700.0,,11398800.0,9805900.0,4.72,3.3,,12.9,,强烈推荐,,
601166.SH,兴业银行,20230831,兴业银行：利润营收降幅收窄，资产质量维持稳健,点评,一般报告,平安证券,"袁喆奇,黄韦涵,许淼",2023Q4,22030900.0,,10697900.0,9202900.0,4.43,3.6,,13.3,,强烈推荐,,
300442.SZ,润泽科技,20230831,润泽科技：23H1业绩高增长，积极布局AIDC智算中心,点评,一般报告,安信证券,"赵阳,夏瀛韬",2025Q4,830620.0,,359650.0,351480.0,2.05,12.65,0.0,39.5,11.37,买入,,33.83
300442.SZ,润泽科技,20230831,润泽科技：23H1业绩高增长，积极布局AIDC智算中心,点评,一般报告,安信证券,"赵阳,夏瀛韬",2024Q4,592750.0,,244890.0,239330.0,1.39,18.57,0.0,40.2,15.72,买入,,33.83
300442.SZ,润泽科技,20230831,润泽科技：23H1业绩高增长，积极布局AIDC智算中心,点评,一般报告,安信证券,"赵阳,夏瀛韬",2023Q4,418280.0,,185690.0,181470.0,1.06,24.5,0.0,47.2,20.39,买入,,33.83
002832.SZ,比音勒芬,20230831,比音勒芬23年中报点评：高质量快速增长，报表质量优异,点评,一般报告,东吴证券,"李婕,赵艺原",2025Q4,512300.0,,173500.0,144000.0,2.52,14.04,,18.51,,买入,,
002832.SZ,比音勒芬,20230831,比音勒芬23年中报点评：高质量快速增长，报表质量优异,点评,一般报告,东吴证券,"李婕,赵艺原",2024Q4,429600.0,,142200.0,118000.0,2.07,17.14,,18.61,,买入,,
002832.SZ,比音勒芬,20230831,比音勒芬23年中报点评：高质量快速增长，报表质量优异,点评,一般报告,东吴证券,"李婕,赵艺原",2023Q4,357800.0,,113900.0,94500.0,1.66,21.4,,18.32,,买入,,
002747.SZ,埃斯顿,20230831,埃斯顿：1H23业绩符合预期，投资医疗＆人形机器人,一般,一般报告,中金,"郭威秀,王梓琳,陈显帆",2024Q4,724790.0,254200.0,64200.0,53720.0,0.62,37.4,0.6,16.4,26.6,跑赢行业,,28.4
002747.SZ,埃斯顿,20230831,埃斯顿：1H23业绩符合预期，投资医疗＆人形机器人,一般,一般报告,中金,"郭威秀,王梓琳,陈显帆",2023Q4,530260.0,180900.0,32700.0,27400.0,0.32,73.3,0.2,9.5,40.2,跑赢行业,,28.4
002335.SZ,科华数据,20230831,科华数据：新能源业务推动业绩高增，强化海外市场开拓,点评,首份报告,国联证券,"贺朝晖,梁丰铄",2025Q4,1421200.0,,146800.0,124300.0,2.69,11.9,,20.36,8.9,买入,,41.8
002335.SZ,科华数据,20230831,科华数据：新能源业务推动业绩高增，强化海外市场开拓,点评,首份报告,国联证券,"贺朝晖,梁丰铄",2024Q4,1102400.0,,114100.0,96600.0,2.09,15.3,,18.98,11.0,买入,,41.8
002335.SZ,科华数据,20230831,科华数据：新能源业务推动业绩高增，强化海外市场开拓,点评,首份报告,国联证券,"贺朝晖,梁丰铄",2023Q4,842000.0,,85400.0,72300.0,1.57,20.4,,16.81,13.9,买入,,41.8
002990.SZ,盛视科技,20230831,盛视科技：Q2净利润高增，海外市场持续加码,点评,一般报告,安信证券,"赵阳,杨楠",2025Q4,363140.0,,50310.0,63580.0,2.48,12.8,3.5,17.3,18.52,买入,,39.88
002990.SZ,盛视科技,20230831,盛视科技：Q2净利润高增，海外市场持续加码,点评,一般报告,安信证券,"赵阳,杨楠",2024Q4,270810.0,,41650.0,52630.0,2.06,15.46,2.0,15.9,20.17,买入,,39.88
002990.SZ,盛视科技,20230831,盛视科技：Q2净利润高增，海外市场持续加码,点评,一般报告,安信证券,"赵阳,杨楠",2023Q4,201510.0,,23090.0,29180.0,1.14,27.88,0.6,11.2,36.09,买入,,39.88
002832.SZ,比音勒芬,20230831,比音勒芬：Q2延续良好经营表现，盈利水平进一步提升,点评,一般报告,中银国际,"郝帅,丁凡,杨雨钦",2025Q4,511100.0,,165900.0,141100.0,2.47,14.3,,28.3,8.8,买入,,
002832.SZ,比音勒芬,20230831,比音勒芬：Q2延续良好经营表现，盈利水平进一步提升,点评,一般报告,中银国际,"郝帅,丁凡,杨雨钦",2024Q4,434400.0,,139500.0,118600.0,2.08,17.0,,25.9,10.6,买入,,
002832.SZ,比音勒芬,20230831,比音勒芬：Q2延续良好经营表现，盈利水平进一步提升,点评,一般报告,中银国际,"郝帅,丁凡,杨雨钦",2023Q4,360700.0,,114100.0,97000.0,1.7,20.8,,22.8,13.0,买入,,
002727.SZ,一心堂,20230831,一心堂2023年中报点评：门店保持扩张，持续推进新零售业务,点评,一般报告,东莞证券,魏红梅,2025Q4,2770400.0,,202200.0,167400.0,2.81,8.15,,,,买入,,
002727.SZ,一心堂,20230831,一心堂2023年中报点评：门店保持扩张，持续推进新零售业务,点评,一般报告,东莞证券,魏红梅,2024Q4,2379100.0,,172500.0,142700.0,2.39,9.55,,,,买入,,
002727.SZ,一心堂,20230831,一心堂2023年中报点评：门店保持扩张，持续推进新零售业务,点评,一般报告,东莞证券,魏红梅,2023Q4,2032900.0,,146200.0,121000.0,2.03,11.27,,,,买入,,
002582.SZ,好想你,20230831,好想你：稳存量提增量战略落地，下半年放量可期,点评,一般报告,安信证券,"赵国防,王玲瑶",2025Q4,228900.0,,11410.0,9400.0,0.21,38.5,0.2,2.2,3.4,买入,,10.1
600258.SH,首旅酒店,20230831,首旅酒店：经济型RevPAR恢复较快，暑期旺季需求有望进一步向好,点评,一般报告,安信证券,"王朔,万雨萌",2025Q4,918920.0,,212320.0,142680.0,1.28,15.7,1.9,11.0,2.5,买入,,21.9
600258.SH,首旅酒店,20230831,首旅酒店：经济型RevPAR恢复较快，暑期旺季需求有望进一步向好,点评,一般报告,安信证券,"王朔,万雨萌",2024Q4,858870.0,,185300.0,124520.0,1.11,17.9,1.7,10.4,3.4,买入,,21.9
600258.SH,首旅酒店,20230831,首旅酒店：经济型RevPAR恢复较快，暑期旺季需求有望进一步向好,点评,一般报告,安信证券,"王朔,万雨萌",2023Q4,745960.0,,120860.0,81220.0,0.73,27.5,0.9,7.3,5.5,买入,,21.9
600030.SH,中信证券,20230831,中信证券：增速下滑，杠杆提升有空间,点评,一般报告,国信证券,"孔祥,陈莉",2025Q4,8257500.0,,3653900.0,2690500.0,1.82,12.88,,9.05,,买入,,
600030.SH,中信证券,20230831,中信证券：增速下滑，杠杆提升有空间,点评,一般报告,国信证券,"孔祥,陈莉",2024Q4,7676000.0,,3396600.0,2501100.0,1.69,13.85,,8.98,,买入,,
600030.SH,中信证券,20230831,中信证券：增速下滑，杠杆提升有空间,点评,一般报告,国信证券,"孔祥,陈莉",2023Q4,6843500.0,,3028200.0,2229800.0,1.5,15.54,,8.54,,买入,,
300918.SZ,南山智尚,20230831,南山智尚：拟以自有资金回购股份，坚定长期发展信心——公司信息更新报告,点评,一般报告,开源证券,"吕明,周嘉乐",2025Q4,253400.0,,45300.0,37600.0,1.04,10.6,,14.7,7.2,买入,,
300918.SZ,南山智尚,20230831,南山智尚：拟以自有资金回购股份，坚定长期发展信心——公司信息更新报告,点评,一般报告,开源证券,"吕明,周嘉乐",2024Q4,228900.0,,37600.0,31000.0,0.86,12.8,,13.9,6.2,买入,,
300918.SZ,南山智尚,20230831,南山智尚：拟以自有资金回购股份，坚定长期发展信心——公司信息更新报告,点评,一般报告,开源证券,"吕明,周嘉乐",2023Q4,182900.0,,26000.0,21400.0,0.59,18.6,,10.8,11.8,买入,,
300911.SZ,亿田智能,20230831,亿田智能：盈利水平显著提升，Q2业绩超预期,点评,一般报告,中信建投,马王杰,2025Q4,190269.0,,,32779.0,3.05,13.16,,17.02,,买入,,
300911.SZ,亿田智能,20230831,亿田智能：盈利水平显著提升，Q2业绩超预期,点评,一般报告,中信建投,马王杰,2024Q4,167239.0,,,28852.0,2.69,14.96,,16.91,,买入,,
300911.SZ,亿田智能,20230831,亿田智能：盈利水平显著提升，Q2业绩超预期,点评,一般报告,中信建投,马王杰,2023Q4,146434.0,,,25154.0,2.34,17.16,,16.63,,买入,,
300894.SZ,火星人,20230831,火星人：龙头线上份额提升，Q2收入业绩增速环比改善,点评,一般报告,中信建投,马王杰,2025Q4,310179.0,,,47438.0,1.16,17.57,,22.92,,买入,,
300894.SZ,火星人,20230831,火星人：龙头线上份额提升，Q2收入业绩增速环比改善,点评,一般报告,中信建投,马王杰,2024Q4,281027.0,,,41792.0,1.02,19.94,,21.89,,买入,,
300894.SZ,火星人,20230831,火星人：龙头线上份额提升，Q2收入业绩增速环比改善,点评,一般报告,中信建投,马王杰,2023Q4,254535.0,,,36401.0,0.89,22.9,,20.59,,买入,,
002582.SZ,好想你,20230831,好想你：稳存量提增量战略落地，下半年放量可期,点评,一般报告,安信证券,"赵国防,王玲瑶",2024Q4,194350.0,,5480.0,4670.0,0.1,77.5,0.3,1.1,8.5,买入,,10.1
002582.SZ,好想你,20230831,好想你：稳存量提增量战略落地，下半年放量可期,点评,一般报告,安信证券,"赵国防,王玲瑶",2023Q4,162640.0,,2070.0,1780.0,0.04,203.8,0.1,0.4,6.9,买入,,10.1
002367.SZ,康力电梯,20230831,康力电梯：盈利能力显著提升，助力穿越行业周期,点评,首次关注,中邮证券,"刘卓,陈基赟",2025Q4,563300.0,,53500.0,47060.0,0.59,15.25,,13.1,6.04,增持,,
002367.SZ,康力电梯,20230831,康力电梯：盈利能力显著提升，助力穿越行业周期,点评,首次关注,中邮证券,"刘卓,陈基赟",2024Q4,512600.0,,49900.0,43874.0,0.55,16.36,,12.6,6.49,增持,,
002367.SZ,康力电梯,20230831,康力电梯：盈利能力显著提升，助力穿越行业周期,点评,首次关注,中邮证券,"刘卓,陈基赟",2023Q4,469000.0,,46700.0,41063.0,0.51,17.48,,12.3,7.04,增持,,
002043.SZ,兔宝宝,20230831,兔宝宝2023年半年报点评：业绩稳健增长，经营质量改善,点评,一般报告,东吴证券,"黄诗涛,房大磊,任婕",2025Q4,1096600.0,,135900.0,100400.0,1.2,9.24,,20.18,,增持,,
002043.SZ,兔宝宝,20230831,兔宝宝2023年半年报点评：业绩稳健增长，经营质量改善,点评,一般报告,东吴证券,"黄诗涛,房大磊,任婕",2024Q4,991100.0,,116800.0,86300.0,1.03,10.75,,21.81,,增持,,
002043.SZ,兔宝宝,20230831,兔宝宝2023年半年报点评：业绩稳健增长，经营质量改善,点评,一般报告,东吴证券,"黄诗涛,房大磊,任婕",2023Q4,872700.0,,96100.0,70500.0,0.84,13.15,,22.9,,增持,,
001215.SZ,千味央厨,20230831,千味央厨2023年半年报业绩点评：大B收入弹性明显，重要单品持续放量,点评,一般报告,光大证券,"叶倩瑜,杨哲,李嘉祺,董博文",2025Q4,275300.0,,33200.0,25200.0,2.91,22.0,0.0,15.42,15.0,买入,,
001215.SZ,千味央厨,20230831,千味央厨2023年半年报业绩点评：大B收入弹性明显，重要单品持续放量,点评,一般报告,光大证券,"叶倩瑜,杨哲,李嘉祺,董博文",2024Q4,234900.0,,24900.0,18900.0,2.19,29.0,0.0,13.7,18.9,买入,,
001215.SZ,千味央厨,20230831,千味央厨2023年半年报业绩点评：大B收入弹性明显，重要单品持续放量,点评,一般报告,光大证券,"叶倩瑜,杨哲,李嘉祺,董博文",2023Q4,193700.0,,19400.0,14700.0,1.7,38.0,0.0,12.34,24.2,买入,,
605136.SH,丽人丽妆,20230831,丽人丽妆：新兴渠道延续高增，Q2实现扭亏为盈,点评,一般报告,安信证券,"王朔,夏心怡",2025Q4,401060.0,,36520.0,28760.0,0.72,15.3,0.6,9.2,5.8,买入,,14.27
605136.SH,丽人丽妆,20230831,丽人丽妆：新兴渠道延续高增，Q2实现扭亏为盈,点评,一般报告,安信证券,"王朔,夏心怡",2024Q4,363990.0,,29750.0,23540.0,0.59,18.7,0.6,8.2,10.0,买入,,14.27
605136.SH,丽人丽妆,20230831,丽人丽妆：新兴渠道延续高增，Q2实现扭亏为盈,点评,一般报告,安信证券,"王朔,夏心怡",2023Q4,330370.0,,23970.0,19040.0,0.48,23.1,0.6,7.2,9.6,买入,,14.27
603799.SH,华友钴业,20230831,华友钴业：半年报符合预期，镍资源下半年有望加速放量,点评,一般报告,兴业证券,赖福洋,2025Q4,11175900.0,,1602800.0,1194300.0,7.03,5.8,,23.9,,增持,,
603596.SH,伯特利,20230831,伯特利：智能电控销量同比增长78％，2023年第二季度毛利率环比提升,一般,一般报告,国信证券,唐旭霞,2025Q4,1197800.0,,176100.0,161200.0,3.92,19.7,1.1,22.8,20.5,买入,,
603596.SH,伯特利,20230831,伯特利：智能电控销量同比增长78％，2023年第二季度毛利率环比提升,一般,一般报告,国信证券,唐旭霞,2024Q4,1005900.0,,131400.0,120300.0,2.92,26.5,0.8,20.7,26.5,买入,,
603596.SH,伯特利,20230831,伯特利：智能电控销量同比增长78％，2023年第二季度毛利率环比提升,一般,一般报告,国信证券,唐旭霞,2023Q4,759500.0,,94100.0,86200.0,2.09,36.9,0.6,17.7,35.5,买入,,
601166.SH,兴业银行,20230831,兴业银行2023年中报点评：质量回升，业绩增稳,点评,一般报告,中信证券,"肖斐斐,彭博,林楠",2025Q4,24849000.0,,12116400.0,10584100.0,,,,,,增持,,24.0
601166.SH,兴业银行,20230831,兴业银行2023年中报点评：质量回升，业绩增稳,点评,一般报告,中信证券,"肖斐斐,彭博,林楠",2024Q4,23163900.0,,11128700.0,9706100.0,,,,,,增持,,24.0
601166.SH,兴业银行,20230831,兴业银行2023年中报点评：质量回升，业绩增稳,点评,一般报告,中信证券,"肖斐斐,彭博,林楠",2023Q4,22021400.0,,10393000.0,9126900.0,,,,,,增持,,24.0
600060.SH,海信视像,20230831,海信视像：结构优化出口放量，Q2盈利持续改善,点评,一般报告,兴业证券,"颜晓晴,苏子杰,王雨晴",2025Q4,7384800.0,,465900.0,330200.0,2.53,8.8,,13.5,,增持,,
600060.SH,海信视像,20230831,海信视像：结构优化出口放量，Q2盈利持续改善,点评,一般报告,兴业证券,"颜晓晴,苏子杰,王雨晴",2024Q4,6420200.0,,388900.0,275000.0,2.1,10.5,,12.7,,增持,,
600060.SH,海信视像,20230831,海信视像：结构优化出口放量，Q2盈利持续改善,点评,一般报告,兴业证券,"颜晓晴,苏子杰,王雨晴",2023Q4,5580600.0,,321400.0,227600.0,1.74,12.7,,11.9,,增持,,
301257.SZ,普蕊斯,20230831,普蕊斯2023年半年度报告点评：外部环境影响弱化，临床业务速恢复,点评,一般报告,国元证券,"马云涛,朱仕平",2025Q4,144037.0,,22962.0,20265.0,3.32,17.73,,14.52,11.59,买入,,
301257.SZ,普蕊斯,20230831,普蕊斯2023年半年度报告点评：外部环境影响弱化，临床业务速恢复,点评,一般报告,国元证券,"马云涛,朱仕平",2024Q4,110797.0,,17047.0,15024.0,2.46,23.92,,12.51,15.51,买入,,
301257.SZ,普蕊斯,20230831,普蕊斯2023年半年度报告点评：外部环境影响弱化，临床业务速恢复,点评,一般报告,国元证券,"马云涛,朱仕平",2023Q4,82072.0,,12601.0,11059.0,1.81,32.5,,10.47,21.24,买入,,
301029.SZ,怡合达,20230831,怡合达：上半年收入同比增长31％，盈利能力提升，光伏业务快速增长,点评,一般报告,国信证券,"吴双,田丰",2025Q4,548800.0,,136900.0,119300.0,2.06,17.8,1.1,23.4,16.0,增持,,
301029.SZ,怡合达,20230831,怡合达：上半年收入同比增长31％，盈利能力提升，光伏业务快速增长,点评,一般报告,国信证券,"吴双,田丰",2024Q4,427900.0,,106600.0,92700.0,1.6,22.9,0.6,22.6,20.0,增持,,
301029.SZ,怡合达,20230831,怡合达：上半年收入同比增长31％，盈利能力提升，光伏业务快速增长,点评,一般报告,国信证券,"吴双,田丰",2023Q4,322500.0,,79500.0,69100.0,1.2,30.8,0.4,21.1,26.2,增持,,
300792.SZ,壹网壹创,20230831,壹网壹创：股权转让致业绩下滑，深化品牌全域服务,点评,一般报告,安信证券,"王朔,夏心怡",2025Q4,203940.0,,44640.0,32280.0,1.35,17.8,1.1,9.4,8.6,买入,,32.16
300792.SZ,壹网壹创,20230831,壹网壹创：股权转让致业绩下滑，深化品牌全域服务,点评,一般报告,安信证券,"王朔,夏心怡",2024Q4,185800.0,,37930.0,27720.0,1.16,20.8,0.9,8.7,12.8,买入,,32.16
300792.SZ,壹网壹创,20230831,壹网壹创：股权转让致业绩下滑，深化品牌全域服务,点评,一般报告,安信证券,"王朔,夏心怡",2023Q4,160820.0,,29850.0,21920.0,0.92,26.3,0.8,7.4,14.1,买入,,32.16
002612.SZ,朗姿股份,20230831,朗姿股份：收入利润持续改善，衣美＋医美多轮驱动,点评,一般报告,中信建投,"于佳琪,刘乐文",2025Q4,606346.0,,,34988.0,0.79,28.15,,10.08,,增持,,
002612.SZ,朗姿股份,20230831,朗姿股份：收入利润持续改善，衣美＋医美多轮驱动,点评,一般报告,中信建投,"于佳琪,刘乐文",2024Q4,541006.0,,,28663.0,0.65,34.36,,8.89,,增持,,
002612.SZ,朗姿股份,20230831,朗姿股份：收入利润持续改善，衣美＋医美多轮驱动,点评,一般报告,中信建投,"于佳琪,刘乐文",2023Q4,470401.0,,,20934.0,0.47,47.05,,6.92,,增持,,
605336.SH,帅丰电器,20230831,帅丰电器：Q2业绩稳健，布局集成烹饪中心,点评,一般报告,中信建投,马王杰,2025Q4,133386.0,,,29872.0,1.62,10.71,,13.13,,买入,,
605336.SH,帅丰电器,20230831,帅丰电器：Q2业绩稳健，布局集成烹饪中心,点评,一般报告,中信建投,马王杰,2024Q4,119558.0,,,27000.0,1.47,11.85,,12.59,,买入,,
605336.SH,帅丰电器,20230831,帅丰电器：Q2业绩稳健，布局集成烹饪中心,点评,一般报告,中信建投,马王杰,2023Q4,106808.0,,,24515.0,1.33,13.05,,12.09,,买入,,
603337.SH,杰克股份,20230831,杰克股份：二季度业务恢复明显，智能化产品线稳步推进,点评,一般报告,安信证券,"郭倩倩,辛泽熙",2025Q4,921370.0,,95410.0,85030.0,1.75,11.4,2.8,14.7,10.7,买入,,27.0
603337.SH,杰克股份,20230831,杰克股份：二季度业务恢复明显，智能化产品线稳步推进,点评,一般报告,安信证券,"郭倩倩,辛泽熙",2024Q4,736410.0,,76220.0,68790.0,1.42,14.0,2.3,13.2,8.6,买入,,27.0
603337.SH,杰克股份,20230831,杰克股份：二季度业务恢复明显，智能化产品线稳步推进,点评,一般报告,安信证券,"郭倩倩,辛泽熙",2023Q4,592080.0,,57290.0,52370.0,1.08,18.4,1.8,11.1,13.5,买入,,27.0
603043.SH,广州酒家,20230831,广州酒家2023年中报点评：餐饮加速恢复，月饼大年＋餐饮复苏下有望带来高弹性,点评,一般报告,华创证券,王薇娜,2025Q4,689900.0,,109800.0,88500.0,1.56,16.0,,18.4,12.0,推荐,,36.6
603043.SH,广州酒家,20230831,广州酒家2023年中报点评：餐饮加速恢复，月饼大年＋餐饮复苏下有望带来高弹性,点评,一般报告,华创证券,王薇娜,2024Q4,580100.0,,97300.0,78500.0,1.38,18.0,,18.4,13.0,推荐,,36.6
603043.SH,广州酒家,20230831,广州酒家2023年中报点评：餐饮加速恢复，月饼大年＋餐饮复苏下有望带来高弹性,点评,一般报告,华创证券,王薇娜,2023Q4,489200.0,,85800.0,69200.0,1.22,21.0,,18.3,15.0,推荐,,36.6
601633.SH,长城汽车,20230831,长城汽车：Q2业绩优异，单车盈利显著改善,点评,一般报告,安信证券,徐慧雄,2025Q4,35335000.0,,2006000.0,1707000.0,2.01,13.2,2.9,19.4,3.4,买入,,45.5
601633.SH,长城汽车,20230831,长城汽车：Q2业绩优异，单车盈利显著改善,点评,一般报告,安信证券,徐慧雄,2024Q4,30072000.0,,1535000.0,1306000.0,1.54,17.3,2.4,16.9,6.5,买入,,45.5
601633.SH,长城汽车,20230831,长城汽车：Q2业绩优异，单车盈利显著改善,点评,一般报告,安信证券,徐慧雄,2023Q4,18678000.0,,588000.0,500000.0,0.59,45.1,1.0,7.2,13.0,买入,,45.5
601186.SH,中国铁建,20230831,中国铁建：业绩平稳符合预期，订单充裕支撑成长,点评,一般报告,国盛证券,"何亚轩,程龙戈,李枫婷",2025Q4,130599800.0,,4849500.0,3383600.0,2.49,3.5,,8.3,5.3,买入,,
601186.SH,中国铁建,20230831,中国铁建：业绩平稳符合预期，订单充裕支撑成长,点评,一般报告,国盛证券,"何亚轩,程龙戈,李枫婷",2024Q4,123216400.0,,4507800.0,3133700.0,2.31,3.8,,8.3,5.4,买入,,
601186.SH,中国铁建,20230831,中国铁建：业绩平稳符合预期，订单充裕支撑成长,点评,一般报告,国盛证券,"何亚轩,程龙戈,李枫婷",2023Q4,115425000.0,,4160000.0,2877000.0,2.12,4.1,,8.2,5.6,买入,,
600827.SH,百联股份,20230831,百联股份：经营提质增效，业绩扭亏为盈,点评,一般报告,安信证券,"王朔,夏心怡",2025Q4,3741210.0,,158360.0,97270.0,0.55,24.2,1.3,5.5,,买入,,15.39
600827.SH,百联股份,20230831,百联股份：经营提质增效，业绩扭亏为盈,点评,一般报告,安信证券,"王朔,夏心怡",2024Q4,3598450.0,,134190.0,83760.0,0.47,28.2,1.2,5.0,,买入,,15.39
600827.SH,百联股份,20230831,百联股份：经营提质增效，业绩扭亏为盈,点评,一般报告,安信证券,"王朔,夏心怡",2023Q4,3438720.0,,113070.0,72250.0,0.4,32.6,1.0,4.4,,买入,,15.39
600795.SH,国电电力,20230831,国电电力2023年中报点评：火电释放弹性，新能源爆发在即,点评,一般报告,国泰君安,"于鸿光,孙辉贤,汪玥",2025Q4,21291700.0,,,1045400.0,0.59,5.7,5.3,16.0,4.49,增持,,5.64
600795.SH,国电电力,20230831,国电电力2023年中报点评：火电释放弹性，新能源爆发在即,点评,一般报告,国泰君安,"于鸿光,孙辉贤,汪玥",2024Q4,20124700.0,,,912600.0,0.51,6.53,4.6,15.9,4.84,增持,,5.64
600795.SH,国电电力,20230831,国电电力2023年中报点评：火电释放弹性，新能源爆发在即,点评,一般报告,国泰君安,"于鸿光,孙辉贤,汪玥",2023Q4,19154000.0,,,699800.0,0.39,8.51,3.5,13.9,5.43,增持,,5.64
600795.SH,国电电力,20230831,国电电力2023年中报点评：火电释放弹性，新能源爆发在即,点评,一般报告,国泰君安,"于鸿光,孙辉贤,汪玥",2023Q3,,,,,0.32,,,,,增持,,5.64
600031.SH,三一重工,20230831,三一重工：海外业务稳健增长，毛利率改善较多,点评,一般报告,中金,"陈显帆,邹靖",2024Q4,8776000.0,2314500.0,907500.0,783000.0,0.92,16.8,1.9,10.6,10.2,跑赢行业,,19.7
000333.SZ,美的集团,20230831,美的集团2023年半年报点评：经营提速，多项指标历史新高,一般,一般报告,长江证券,"管泉森,贺本东",2024Q4,40836000.0,10129400.0,4492500.0,3802600.0,5.41,10.49,,22.0,8.17,买入,,
000333.SZ,美的集团,20230831,美的集团2023年半年报点评：经营提速，多项指标历史新高,一般,一般报告,长江证券,"管泉森,贺本东",2023Q4,37693800.0,9287200.0,4015700.0,3399100.0,4.84,11.74,,21.6,9.22,买入,,
600031.SH,三一重工,20230831,三一重工：海外业务稳健增长，毛利率改善较多,点评,一般报告,中金,"陈显帆,邹靖",2023Q4,7995400.0,2008400.0,697800.0,602000.0,0.71,21.8,1.5,8.9,12.6,跑赢行业,,19.7
002743.SZ,富煌钢构,20230831,富煌钢构：23Q2业绩亮眼订单回升,点评,一般报告,中银国际,"陈浩武,林祁桢,杨逸菲,郝子禹",2025Q4,765600.0,,31800.0,29900.0,0.69,8.7,2.3,8.1,4.3,增持,,
002743.SZ,富煌钢构,20230831,富煌钢构：23Q2业绩亮眼订单回升,点评,一般报告,中银国际,"陈浩武,林祁桢,杨逸菲,郝子禹",2024Q4,681900.0,,25900.0,24100.0,0.55,10.7,1.9,7.0,8.1,增持,,
002743.SZ,富煌钢构,20230831,富煌钢构：23Q2业绩亮眼订单回升,点评,一般报告,中银国际,"陈浩武,林祁桢,杨逸菲,郝子禹",2023Q4,594100.0,,17900.0,16500.0,0.38,15.7,1.3,5.1,10.4,增持,,
002035.SZ,华帝股份,20230831,华帝股份2023年半年报点评：内销稳健增长，经营步入上升期,一般,一般报告,长江证券,"管泉森,崔甜甜",2025Q4,766400.0,317000.0,71400.0,70000.0,0.83,7.15,,15.4,3.75,买入,,
601899.SH,紫金矿业,20230831,紫金矿业：矿产品以量补价，多项目持续推进,点评,一般报告,海通国际证券,吴旖婕,2025Q4,40888000.0,,5600300.0,3547600.0,1.35,9.52,0.0,19.7,5.43,优于大市,,17.64
601899.SH,紫金矿业,20230831,紫金矿业：矿产品以量补价，多项目持续推进,点评,一般报告,海通国际证券,吴旖婕,2024Q4,35097300.0,,4731400.0,3001400.0,1.14,11.25,0.0,20.7,7.07,优于大市,,17.64
601899.SH,紫金矿业,20230831,紫金矿业：矿产品以量补价，多项目持续推进,点评,一般报告,海通国际证券,吴旖婕,2023Q4,30361000.0,,4098000.0,2588700.0,0.98,13.05,0.0,22.5,7.98,优于大市,,17.64
002035.SZ,华帝股份,20230831,华帝股份2023年半年报点评：内销稳健增长，经营步入上升期,一般,一般报告,长江证券,"管泉森,崔甜甜",2024Q4,694800.0,283200.0,62000.0,60700.0,0.72,8.25,,14.9,5.46,买入,,
002035.SZ,华帝股份,20230831,华帝股份2023年半年报点评：内销稳健增长，经营步入上升期,一般,一般报告,长江证券,"管泉森,崔甜甜",2023Q4,630100.0,251200.0,52400.0,51400.0,0.61,9.74,,14.1,7.69,买入,,
000898.SZ,鞍钢股份,20230831,鞍钢股份：1H23盈利转亏，行业需求仍待改善,点评,一般报告,华泰证券,王帅,2025Q4,12462700.0,,376400.0,283900.0,0.3,9.24,,4.59,2.49,买入,,3.45
000898.SZ,鞍钢股份,20230831,鞍钢股份：1H23盈利转亏，行业需求仍待改善,点评,一般报告,华泰证券,王帅,2024Q4,12462700.0,,312900.0,236000.0,0.25,11.11,,3.94,4.05,买入,,3.45
000898.SZ,鞍钢股份,20230831,鞍钢股份：1H23盈利转亏，行业需求仍待改善,点评,一般报告,华泰证券,王帅,2023Q4,12684900.0,,113900.0,85908.0,0.09,30.53,,1.47,6.72,买入,,3.45
000526.SZ,学大教育,20230831,学大教育：传统培训业务优势稳固，积极布局职教未来可期,点评,首次评级,安信证券,苏多永,2025Q4,300710.0,,31700.0,16640.0,1.36,19.7,2.5,25.9,,买入,,32.74
000526.SZ,学大教育,20230831,学大教育：传统培训业务优势稳固，积极布局职教未来可期,点评,首次评级,安信证券,苏多永,2024Q4,259190.0,,25970.0,13640.0,1.12,24.0,2.1,24.3,6.3,买入,,32.74
000526.SZ,学大教育,20230831,学大教育：传统培训业务优势稳固，积极布局职教未来可期,点评,首次评级,安信证券,苏多永,2023Q4,220330.0,,19040.0,10000.0,0.82,32.8,1.5,20.3,,买入,,32.74
000333.SZ,美的集团,20230831,美的集团2023年半年报点评：经营提速，多项指标历史新高,一般,一般报告,长江证券,"管泉森,贺本东",2025Q4,43928000.0,10961900.0,4964500.0,4202200.0,5.98,9.5,,22.1,7.26,买入,,
600900.SH,长江电力,20230831,长江电力2023年中报点评：业绩略超预期，来水有望好转,点评,一般报告,国泰君安,"于鸿光,孙辉贤,汪玥",2023Q4,8673200.0,,,3504600.0,1.43,15.34,4.6,15.4,9.89,增持,,26.65
600900.SH,长江电力,20230831,长江电力2023年中报点评：业绩略超预期，来水有望好转,点评,一般报告,国泰君安,"于鸿光,孙辉贤,汪玥",2023Q3,,,,,1.01,,,,,增持,,26.65
600872.SH,中炬高新,20230831,中炬高新：主业营收增长放缓，短期诉讼事项影响盈利,点评,一般报告,中信建投,"安雅泽,陈语匆",2025Q4,702026.0,,,99271.0,1.26,26.0,,,,增持,,
600872.SH,中炬高新,20230831,中炬高新：主业营收增长放缓，短期诉讼事项影响盈利,点评,一般报告,中信建投,"安雅泽,陈语匆",2024Q4,635059.0,,,83125.0,1.06,31.0,,,,增持,,
600872.SH,中炬高新,20230831,中炬高新：主业营收增长放缓，短期诉讼事项影响盈利,点评,一般报告,中信建投,"安雅泽,陈语匆",2023Q4,575179.0,,,-77276.0,-0.98,,,,,增持,,
600754.SH,锦江酒店,20230831,锦江酒店2023H1业绩点评：高景气下利润率提升，关注增量业绩贡献,点评,一般报告,国泰君安,"刘越男,于清泰",2025Q4,1861200.0,,,227600.0,2.13,18.06,2.4,9.3,15.01,增持,,50.7
600754.SH,锦江酒店,20230831,锦江酒店2023H1业绩点评：高景气下利润率提升，关注增量业绩贡献,点评,一般报告,国泰君安,"刘越男,于清泰",2024Q4,1733500.0,,,180100.0,1.68,22.82,1.9,7.7,18.03,增持,,50.7
600754.SH,锦江酒店,20230831,锦江酒店2023H1业绩点评：高景气下利润率提升，关注增量业绩贡献,点评,一般报告,国泰君安,"刘越男,于清泰",2023Q4,1618700.0,,,140600.0,1.31,29.23,1.5,6.3,25.88,增持,,50.7
600754.SH,锦江酒店,20230831,锦江酒店2023H1业绩点评：高景气下利润率提升，关注增量业绩贡献,点评,一般报告,国泰君安,"刘越男,于清泰",2023Q3,,,,,1.11,,,,,增持,,50.7
002803.SZ,吉宏股份,20230831,吉宏股份：2023H1归母净利润＋64.3％略超预告上限，围绕“数据为轴，技术驱动”持续强化长期竞争力——公司信息更新报告,点评,一般报告,开源证券,"黄泽鹏,杨柏炜",2025Q4,922500.0,,85700.0,68800.0,1.82,10.2,,18.4,5.9,买入,,
002803.SZ,吉宏股份,20230831,吉宏股份：2023H1归母净利润＋64.3％略超预告上限，围绕“数据为轴，技术驱动”持续强化长期竞争力——公司信息更新报告,点评,一般报告,开源证券,"黄泽鹏,杨柏炜",2024Q4,787700.0,,67500.0,54200.0,1.43,13.0,,17.7,7.8,买入,,
002803.SZ,吉宏股份,20230831,吉宏股份：2023H1归母净利润＋64.3％略超预告上限，围绕“数据为轴，技术驱动”持续强化长期竞争力——公司信息更新报告,点评,一般报告,开源证券,"黄泽鹏,杨柏炜",2023Q4,657600.0,,50200.0,40300.0,1.06,17.4,,15.9,10.9,买入,,
002472.SZ,双环传动,20230831,双环传动：新能源齿轮、减速器快速放量，Q2业绩符合预期,点评,一般报告,国盛证券,"丁逸朦,刘伟",2025Q4,1314200.0,,139200.0,131000.0,1.54,21.0,,12.6,12.2,买入,,
002472.SZ,双环传动,20230831,双环传动：新能源齿轮、减速器快速放量，Q2业绩符合预期,点评,一般报告,国盛证券,"丁逸朦,刘伟",2024Q4,1072600.0,,111500.0,105000.0,1.23,26.2,,11.5,15.1,买入,,
002472.SZ,双环传动,20230831,双环传动：新能源齿轮、减速器快速放量，Q2业绩符合预期,点评,一般报告,国盛证券,"丁逸朦,刘伟",2023Q4,857400.0,,83000.0,78100.0,0.92,35.2,,9.6,20.1,买入,,
000002.SZ,万科A,20230831,万科A：拿地积极性提高，经营服务延续增长,点评,一般报告,平安证券,"杨侃,郑南宏",2025Q4,40396800.0,,5408800.0,2447800.0,2.05,6.9,,8.4,8.0,推荐,,
000002.SZ,万科A,20230831,万科A：拿地积极性提高，经营服务延续增长,点评,一般报告,平安证券,"杨侃,郑南宏",2024Q4,38473100.0,,5181400.0,2345000.0,1.97,7.2,,8.5,7.0,推荐,,
000002.SZ,万科A,20230831,万科A：拿地积极性提高，经营服务延续增长,点评,一般报告,平安证券,"杨侃,郑南宏",2023Q4,46353100.0,,5144400.0,2328200.0,1.95,7.3,,8.9,8.0,推荐,,
688665.SH,四方光电,20230831,四方光电：围绕“1＋4”发展战略，各业务稳步推进,点评,一般报告,天风证券,"唐海清,陈汇丰,王奕红,李鲁靖",2025Q4,150758.0,,46167.0,41255.0,5.89,13.69,,22.78,9.52,增持,,
688665.SH,四方光电,20230831,四方光电：围绕“1＋4”发展战略，各业务稳步推进,点评,一般报告,天风证券,"唐海清,陈汇丰,王奕红,李鲁靖",2024Q4,112533.0,,34064.0,30418.0,4.35,18.57,,21.75,14.26,增持,,
688665.SH,四方光电,20230831,四方光电：围绕“1＋4”发展战略，各业务稳步推进,点评,一般报告,天风证券,"唐海清,陈汇丰,王奕红,李鲁靖",2023Q4,81193.0,,23061.0,20649.0,2.95,27.36,,18.87,20.77,增持,,
603833.SH,欧派家居,20230831,欧派家居公司点评报告：Q2利润超预期，组织架构变革稳步推进,一般,首次评级,方正证券,李珍妮,2025Q4,3310935.0,,477800.0,416100.0,6.83,14.86,,15.92,9.24,推荐,,
603833.SH,欧派家居,20230831,欧派家居公司点评报告：Q2利润超预期，组织架构变革稳步推进,一般,首次评级,方正证券,李珍妮,2024Q4,2861087.0,,406600.0,353700.0,5.81,17.48,,16.09,11.36,推荐,,
603833.SH,欧派家居,20230831,欧派家居公司点评报告：Q2利润超预期，组织架构变革稳步推进,一般,首次评级,方正证券,李珍妮,2023Q4,2471201.0,,351600.0,304500.0,5.0,20.31,,16.51,13.65,推荐,,
300073.SZ,当升科技,20230831,当升科技2023年半年报点评：出货量环比增长，盈利能力持续超预期,点评,一般报告,长江证券,"邬博华,叶之楠",2025Q4,3748300.0,615200.0,337200.0,337200.0,6.66,9.01,,17.0,6.7,买入,,
300073.SZ,当升科技,20230831,当升科技2023年半年报点评：出货量环比增长，盈利能力持续超预期,点评,一般报告,长江证券,"邬博华,叶之楠",2024Q4,3219600.0,499000.0,282800.0,282800.0,5.58,10.74,,17.2,7.84,买入,,
300073.SZ,当升科技,20230831,当升科技2023年半年报点评：出货量环比增长，盈利能力持续超预期,点评,一般报告,长江证券,"邬博华,叶之楠",2023Q4,3037000.0,379000.0,215900.0,215900.0,4.26,14.07,,15.8,10.56,买入,,
002563.SZ,森马服饰,20230831,森马服饰：上半年收入同比减少1％，库存同比下降17％,一般,一般报告,国信证券,"丁诗洁,刘佳琪,关竣尹",2025Q4,1663400.0,,195100.0,144600.0,0.54,11.3,6.2,12.0,9.4,增持,,
002563.SZ,森马服饰,20230831,森马服饰：上半年收入同比减少1％，库存同比下降17％,一般,一般报告,国信证券,"丁诗洁,刘佳琪,关竣尹",2024Q4,1506700.0,,173200.0,128300.0,0.48,12.7,5.5,11.1,10.2,增持,,
002563.SZ,森马服饰,20230831,森马服饰：上半年收入同比减少1％，库存同比下降17％,一般,一般报告,国信证券,"丁诗洁,刘佳琪,关竣尹",2023Q4,1355800.0,,139300.0,103200.0,0.38,15.8,4.4,9.2,11.7,增持,,
000100.SZ,TCL科技,20230831,TCL科技跟踪报告之七：业绩符合预期，显示业务Q2环比大幅减亏,点评,一般报告,光大证券,"刘凯,朱宇澍",2025Q4,24907800.0,,2407400.0,1206600.0,0.64,6.0,0.0,15.7,8.4,买入,,
000100.SZ,TCL科技,20230831,TCL科技跟踪报告之七：业绩符合预期，显示业务Q2环比大幅减亏,点评,一般报告,光大证券,"刘凯,朱宇澍",2024Q4,22101000.0,,2039600.0,995600.0,0.53,7.0,0.0,15.36,9.0,买入,,
000100.SZ,TCL科技,20230831,TCL科技跟踪报告之七：业绩符合预期，显示业务Q2环比大幅减亏,点评,一般报告,光大证券,"刘凯,朱宇澍",2023Q4,19660300.0,,1118300.0,418300.0,0.22,18.0,0.0,7.63,12.5,买入,,
688169.SH,石头科技,20230831,石头科技公司点评报告：2023Q2业绩超预期，新品P10Pro搭载动态机械臂清洁力升级,点评,一般报告,方正证券,"孟昕,陈炯阳,赵梦菲",2025Q4,1126900.0,,254200.0,222300.0,16.93,15.77,,14.71,8.32,推荐,,
688169.SH,石头科技,20230831,石头科技公司点评报告：2023Q2业绩超预期，新品P10Pro搭载动态机械臂清洁力升级,点评,一般报告,方正证券,"孟昕,陈炯阳,赵梦菲",2024Q4,953300.0,,212600.0,184700.0,14.07,18.98,,14.33,11.34,推荐,,
688169.SH,石头科技,20230831,石头科技公司点评报告：2023Q2业绩超预期，新品P10Pro搭载动态机械臂清洁力升级,点评,一般报告,方正证券,"孟昕,陈炯阳,赵梦菲",2023Q4,795700.0,,176900.0,155000.0,11.81,22.61,,14.04,14.76,推荐,,
601985.SH,中国核电,20230831,中国核电：管理费用下降支撑业绩稳健增长，核电高速审批成长动力充足,点评,一般报告,安信证券,"周喆,朱心怡,朱昕怡",2025Q4,8919760.0,,2458710.0,1220660.0,0.65,11.0,3.3,11.7,9.1,买入,,9.44
601985.SH,中国核电,20230831,中国核电：管理费用下降支撑业绩稳健增长，核电高速审批成长动力充足,点评,一般报告,安信证券,"周喆,朱心怡,朱昕怡",2024Q4,8260040.0,,2341060.0,1120800.0,0.59,11.9,3.0,11.6,9.1,买入,,9.44
601985.SH,中国核电,20230831,中国核电：管理费用下降支撑业绩稳健增长，核电高速审批成长动力充足,点评,一般报告,安信证券,"周喆,朱心怡,朱昕怡",2023Q4,7677840.0,,2211850.0,1048450.0,0.56,12.8,2.8,11.8,9.8,买入,,9.44
601857.SH,中国石油,20230831,中国石油：Q2盈利小幅回落，看好中高油价下业绩弹性,点评,首份报告,银河证券,"任文坡,孙思源",2025Q4,339716847.0,,28102155.0,19474793.0,1.06,7.29,,10.38,3.75,推荐,,
601857.SH,中国石油,20230831,中国石油：Q2盈利小幅回落，看好中高油价下业绩弹性,点评,首份报告,银河证券,"任文坡,孙思源",2024Q4,337891264.0,,26955808.0,18680375.0,1.02,7.6,,11.11,4.3,推荐,,
601857.SH,中国石油,20230831,中国石油：Q2盈利小幅回落，看好中高油价下业绩弹性,点评,首份报告,银河证券,"任文坡,孙思源",2023Q4,324520489.0,,24132456.0,16723792.0,0.91,8.49,,11.19,5.09,推荐,,
002032.SZ,苏泊尔,20230831,苏泊尔2023年半年报点评：重回稳增长通道,一般,一般报告,长江证券,"管泉森,崔甜甜",2023Q4,2158300.0,558900.0,272400.0,221200.0,2.74,17.5,,23.9,12.97,买入,,
000059.SZ,华锦股份,20230831,华锦股份2023年半年度报告点评：油价下跌价差收窄23H1业绩承压，集团炼化项目持续推进,点评,一般报告,光大证券,"赵乃迪,蔡嘉豪",2025Q4,7661500.0,,102600.0,67800.0,0.42,14.0,2.9,4.46,7.6,买入,,
000059.SZ,华锦股份,20230831,华锦股份2023年半年度报告点评：油价下跌价差收窄23H1业绩承压，集团炼化项目持续推进,点评,一般报告,光大证券,"赵乃迪,蔡嘉豪",2024Q4,6663100.0,,79900.0,51200.0,0.32,18.0,2.3,3.48,8.4,买入,,
000059.SZ,华锦股份,20230831,华锦股份2023年半年度报告点评：油价下跌价差收窄23H1业绩承压，集团炼化项目持续推进,点评,一般报告,光大证券,"赵乃迪,蔡嘉豪",2023Q4,5853000.0,,13300.0,2500.0,0.02,371.0,0.4,0.17,8.3,买入,,
603260.SH,合盛硅业,20230831,合盛硅业：2023H1业绩承压，光伏一体化布局初见雏形——公司信息更新报告,点评,一般报告,开源证券,"金益腾,蒋跨跃",2025Q4,3980400.0,,601500.0,510300.0,4.32,14.4,,15.4,8.7,买入,,
603260.SH,合盛硅业,20230831,合盛硅业：2023H1业绩承压，光伏一体化布局初见雏形——公司信息更新报告,点评,一般报告,开源证券,"金益腾,蒋跨跃",2024Q4,3582800.0,,461700.0,391300.0,3.31,18.8,,13.5,12.2,买入,,
603260.SH,合盛硅业,20230831,合盛硅业：2023H1业绩承压，光伏一体化布局初见雏形——公司信息更新报告,点评,一般报告,开源证券,"金益腾,蒋跨跃",2023Q4,2493500.0,,338100.0,286400.0,2.42,25.7,,11.1,14.9,买入,,
601633.SH,长城汽车,20230831,长城汽车：智能新能源新品热度不断走高，助力企业发展稳中向好,一般,一般报告,招商证券,"汪刘胜,杨献宇",2025Q4,22259400.0,,1111900.0,1042500.0,1.23,21.6,,13.3,20.2,强烈推荐,,
601633.SH,长城汽车,20230831,长城汽车：智能新能源新品热度不断走高，助力企业发展稳中向好,一般,一般报告,招商证券,"汪刘胜,杨献宇",2024Q4,18863900.0,,892100.0,837300.0,0.99,26.9,,11.8,23.0,强烈推荐,,
601633.SH,长城汽车,20230831,长城汽车：智能新能源新品热度不断走高，助力企业发展稳中向好,一般,一般报告,招商证券,"汪刘胜,杨献宇",2023Q4,15986400.0,,503700.0,474800.0,0.56,47.5,,7.1,32.0,强烈推荐,,
300378.SZ,鼎捷软件,20230831,鼎捷软件公司研究报告：持续加大研发投入，AIGC驱动雅典娜焕发更强生机,点评,首份报告,海通国际证券,"杨林,Liang song",2025Q4,339208.0,,36900.0,25900.0,0.96,25.46,0.0,10.2,13.85,优于大市,,30.95
300378.SZ,鼎捷软件,20230831,鼎捷软件公司研究报告：持续加大研发投入，AIGC驱动雅典娜焕发更强生机,点评,首份报告,海通国际证券,"杨林,Liang song",2024Q4,281644.0,,29800.0,20800.0,0.77,31.67,0.0,9.2,19.27,优于大市,,30.95
300378.SZ,鼎捷软件,20230831,鼎捷软件公司研究报告：持续加大研发投入，AIGC驱动雅典娜焕发更强生机,点评,首份报告,海通国际证券,"杨林,Liang song",2023Q4,236051.0,,23900.0,16700.0,0.62,39.54,0.0,8.1,30.93,优于大市,,30.95
002594.SZ,比亚迪,20230831,比亚迪2023年中报点评：规模持续向上，业绩符合预期,点评,一般报告,长江证券,"高登,陈斯竹",2025Q4,84838900.0,15271000.0,7480400.0,4902900.0,16.84,14.83,,20.2,6.06,买入,,
002594.SZ,比亚迪,20230831,比亚迪2023年中报点评：规模持续向上，业绩符合预期,点评,一般报告,长江证券,"高登,陈斯竹",2024Q4,73936700.0,12717100.0,5770500.0,3636700.0,12.49,20.0,,19.6,9.53,买入,,
002594.SZ,比亚迪,20230831,比亚迪2023年中报点评：规模持续向上，业绩符合预期,点评,一般报告,长江证券,"高登,陈斯竹",2023Q4,54439900.0,8982600.0,3354200.0,2645000.0,9.09,27.49,,18.5,19.64,买入,,
002032.SZ,苏泊尔,20230831,苏泊尔2023年半年报点评：重回稳增长通道,一般,一般报告,长江证券,"管泉森,崔甜甜",2025Q4,2573500.0,665400.0,333600.0,270900.0,3.36,14.29,,18.8,9.04,买入,,
002032.SZ,苏泊尔,20230831,苏泊尔2023年半年报点评：重回稳增长通道,一般,一般报告,长江证券,"管泉森,崔甜甜",2024Q4,2353200.0,608800.0,301000.0,244300.0,3.03,15.84,,20.9,10.93,买入,,
601658.SH,邮储银行,20230831,邮储银行：零售表现亮眼，资产质量优质,一般,一般报告,广发证券,"倪军,王先爽,文雪阳",2025Q4,40916900.0,,12043800.0,11233800.0,1.133,4.21,7.04,12.38,,买入,,7.32
601658.SH,邮储银行,20230831,邮储银行：零售表现亮眼，资产质量优质,一般,一般报告,广发证券,"倪军,王先爽,文雪阳",2024Q4,37801800.0,,10982600.0,10243300.0,1.033,4.64,6.39,12.36,,买入,,7.32
601658.SH,邮储银行,20230831,邮储银行：零售表现亮眼，资产质量优质,一般,一般报告,广发证券,"倪军,王先爽,文雪阳",2023Q4,35199700.0,,9915400.0,9247200.0,0.933,5.17,5.74,12.2,,买入,,7.32
600900.SH,长江电力,20230831,长江电力2023年中报点评：业绩略超预期，来水有望好转,点评,一般报告,国泰君安,"于鸿光,孙辉贤,汪玥",2025Q4,9433600.0,,,3986900.0,1.63,13.48,5.2,15.9,10.85,增持,,26.65
600900.SH,长江电力,20230831,长江电力2023年中报点评：业绩略超预期，来水有望好转,点评,一般报告,国泰君安,"于鸿光,孙辉贤,汪玥",2024Q4,9138100.0,,,3798500.0,1.55,14.15,4.9,15.9,11.15,增持,,26.65
603179.SH,新泉股份,20230831,新泉股份2023年中报点评：收入再创新高，盈利能力显著提升，全球化持续推进,点评,一般报告,长江证券,"高登,陈斯竹",2025Q4,1694700.0,364400.0,181200.0,157100.0,3.22,16.6,,20.5,12.69,买入,,
603179.SH,新泉股份,20230831,新泉股份2023年中报点评：收入再创新高，盈利能力显著提升，全球化持续推进,点评,一般报告,长江证券,"高登,陈斯竹",2024Q4,1379200.0,289600.0,132600.0,114900.0,2.36,22.68,,18.9,17.43,买入,,
603179.SH,新泉股份,20230831,新泉股份2023年中报点评：收入再创新高，盈利能力显著提升，全球化持续推进,点评,一般报告,长江证券,"高登,陈斯竹",2023Q4,1055500.0,215300.0,94200.0,84500.0,1.73,30.87,,17.2,25.66,买入,,
601933.SH,永辉超市,20230831,永辉超市：上半年同比实现扭亏为盈，努力加快转型步伐——公司信息更新报告,点评,一般报告,开源证券,"黄泽鹏,骆峥",2025Q4,10002400.0,,105900.0,90000.0,0.1,33.0,,10.1,10.2,买入,,
601933.SH,永辉超市,20230831,永辉超市：上半年同比实现扭亏为盈，努力加快转型步伐——公司信息更新报告,点评,一般报告,开源证券,"黄泽鹏,骆峥",2024Q4,9510500.0,,56700.0,48200.0,0.0531,61.5,,6.0,13.5,买入,,
601933.SH,永辉超市,20230831,永辉超市：上半年同比实现扭亏为盈，努力加快转型步伐——公司信息更新报告,点评,一般报告,开源证券,"黄泽鹏,骆峥",2023Q4,9175500.0,,6100.0,5200.0,0.0057,570.4,,0.7,18.8,买入,,
601012.SH,隆基绿能,20230831,隆基绿能2023年中报点评：硅片盈利环比提升，加码新技术布局,一般,一般报告,东吴证券,"曾朵红,陈瑶,郭亚男",2025Q4,22101300.0,,3154400.0,2761100.0,3.64,7.37,,20.89,,买入,,36.0
601012.SH,隆基绿能,20230831,隆基绿能2023年中报点评：硅片盈利环比提升，加码新技术布局,一般,一般报告,东吴证券,"曾朵红,陈瑶,郭亚男",2024Q4,19550000.0,,2603400.0,2284000.0,3.01,8.91,,21.84,,买入,,36.0
601012.SH,隆基绿能,20230831,隆基绿能2023年中报点评：硅片盈利环比提升，加码新技术布局,一般,一般报告,东吴证券,"曾朵红,陈瑶,郭亚男",2023Q4,15614200.0,,2161200.0,1851500.0,2.44,10.99,,22.65,,买入,,36.0
600763.SH,通策医疗,20230831,通策医疗：23Q2业绩低于预期，储备中长期增长动力,点评,一般报告,中信建投,"贺菊颖,王在存,刘慧彬",2025Q4,433682.0,,127312.0,96367.0,3.01,31.75,0.51,18.46,17.97,买入,,
600763.SH,通策医疗,20230831,通策医疗：23Q2业绩低于预期，储备中长期增长动力,点评,一般报告,中信建投,"贺菊颖,王在存,刘慧彬",2024Q4,354346.0,,102186.0,77348.0,2.41,39.56,0.41,17.61,22.87,买入,,
600763.SH,通策医疗,20230831,通策医疗：23Q2业绩低于预期，储备中长期增长动力,点评,一般报告,中信建投,"贺菊颖,王在存,刘慧彬",2023Q4,290592.0,,82440.0,62402.0,1.95,49.04,0.36,16.73,28.57,买入,,
600642.SH,申能股份,20230831,申能股份2023年中报点评：各业务趋势均向好，新能源发电量增速环比转正,点评,一般报告,光大证券,"殷中枢,宋黎超",2025Q4,3054200.0,,539500.0,343900.0,0.7,9.0,5.4,9.41,8.7,增持,,
600642.SH,申能股份,20230831,申能股份2023年中报点评：各业务趋势均向好，新能源发电量增速环比转正,点评,一般报告,光大证券,"殷中枢,宋黎超",2024Q4,3048200.0,,518400.0,330500.0,0.67,10.0,5.2,9.51,9.0,增持,,
600642.SH,申能股份,20230831,申能股份2023年中报点评：各业务趋势均向好，新能源发电量增速环比转正,点评,一般报告,光大证券,"殷中枢,宋黎超",2023Q4,2943800.0,,433300.0,276200.0,0.56,12.0,4.3,8.41,10.4,增持,,
600032.SH,浙江新能,20230831,浙江新能2023年半年报点评：水电改善有望，风光高增可期,点评,一般报告,民生证券,"严家源,赵国利",2025Q4,677600.0,,226100.0,140800.0,0.59,17.6,1.14,9.78,11.47,谨慎推荐,,11.2
600032.SH,浙江新能,20230831,浙江新能2023年半年报点评：水电改善有望，风光高增可期,点评,一般报告,民生证券,"严家源,赵国利",2024Q4,589400.0,,174500.0,108700.0,0.45,22.8,0.88,8.23,13.18,谨慎推荐,,11.2
600032.SH,浙江新能,20230831,浙江新能2023年半年报点评：水电改善有望，风光高增可期,点评,一般报告,民生证券,"严家源,赵国利",2023Q4,508300.0,,123600.0,77000.0,0.32,32.2,0.62,6.27,13.05,谨慎推荐,,11.2
002461.SZ,珠江啤酒,20230831,珠江啤酒：业绩稳健增长，结构升级延续,点评,一般报告,天风证券,吴立,2025Q4,610858.0,,111024.0,94323.0,0.43,20.41,,8.68,9.28,买入,,
002461.SZ,珠江啤酒,20230831,珠江啤酒：业绩稳健增长，结构升级延续,点评,一般报告,天风证券,吴立,2024Q4,574196.0,,98128.0,83368.0,0.38,23.1,,8.02,11.18,买入,,
002461.SZ,珠江啤酒,20230831,珠江啤酒：业绩稳健增长，结构升级延续,点评,一般报告,天风证券,吴立,2023Q4,534468.0,,84930.0,72155.0,0.33,26.69,,7.23,12.79,买入,,
000967.SZ,盈峰环境,20230831,盈峰环境中报点评：新能源环卫装备市场份额进一步增长；环卫服务盈利能力提升,点评,一般报告,东方证券,"卢日鑫,谢超波,李少甫",2025Q4,2167400.0,,169900.0,127900.0,0.4,12.6,,6.6,5.5,买入,,5.72
000967.SZ,盈峰环境,20230831,盈峰环境中报点评：新能源环卫装备市场份额进一步增长；环卫服务盈利能力提升,点评,一般报告,东方证券,"卢日鑫,谢超波,李少甫",2024Q4,1858100.0,,136600.0,102800.0,0.32,15.6,,5.6,6.5,买入,,5.72
000967.SZ,盈峰环境,20230831,盈峰环境中报点评：新能源环卫装备市场份额进一步增长；环卫服务盈利能力提升,点评,一般报告,东方证券,"卢日鑫,谢超波,李少甫",2023Q4,1521200.0,,109300.0,82300.0,0.26,19.6,,4.7,7.9,买入,,5.72
000799.SZ,酒鬼酒,20230831,酒鬼酒公司事件点评报告：业绩符合预期，下半年边际改善,点评,一般报告,华鑫证券,孙山山,2025Q4,591300.0,,209200.0,157300.0,4.84,19.0,,22.0,,买入,,
000799.SZ,酒鬼酒,20230831,酒鬼酒公司事件点评报告：业绩符合预期，下半年边际改善,点评,一般报告,华鑫证券,孙山山,2024Q4,496000.0,,172500.0,129600.0,3.99,23.1,,21.9,,买入,,
000799.SZ,酒鬼酒,20230831,酒鬼酒公司事件点评报告：业绩符合预期，下半年边际改善,点评,一般报告,华鑫证券,孙山山,2023Q4,409800.0,,140700.0,105500.0,3.25,28.3,,21.3,,买入,,
688676.SH,金盘科技,20230831,金盘科技2023年中报点评：主业高增超预期，海外拓展迎加速之年,点评,一般报告,中信证券,"刘易,田鹏,王涛,王丹",2025Q4,1446700.0,,133800.0,123100.0,2.88,11.7,,24.7,11.0,买入,,54.0
688676.SH,金盘科技,20230831,金盘科技2023年中报点评：主业高增超预期，海外拓展迎加速之年,点评,一般报告,中信证券,"刘易,田鹏,王涛,王丹",2024Q4,1052800.0,,91900.0,84600.0,1.98,17.0,,21.1,15.8,买入,,54.0
688676.SH,金盘科技,20230831,金盘科技2023年中报点评：主业高增超预期，海外拓展迎加速之年,点评,一般报告,中信证券,"刘易,田鹏,王涛,王丹",2023Q4,728200.0,,61200.0,56300.0,1.32,25.5,,16.9,23.4,买入,,54.0
688363.SH,华熙生物,20230831,华熙生物：2Q23收入同增5.3％，战略调整不改中长期前景,点评,一般报告,中金,"樊俊豪,徐卓楠,林千叶,黄蔓琪",2024Q4,810400.0,637100.0,159700.0,132500.0,2.75,34.0,0.9,16.7,24.0,跑赢行业,,130.0
688363.SH,华熙生物,20230831,华熙生物：2Q23收入同增5.3％，战略调整不改中长期前景,点评,一般报告,中金,"樊俊豪,徐卓楠,林千叶,黄蔓琪",2023Q4,676600.0,529800.0,129400.0,107500.0,2.23,41.9,0.7,15.3,29.7,跑赢行业,,130.0
688320.SH,禾川科技,20230831,禾川科技：1H23利润阶段性承压，持续看好产品、销售端的新增动能,点评,一般报告,中金,"江鹏,郭威秀,曾韬",2024Q4,175200.0,56600.0,19600.0,20400.0,1.35,27.1,1.1,11.9,20.1,跑赢行业,,45.0
688320.SH,禾川科技,20230831,禾川科技：1H23利润阶段性承压，持续看好产品、销售端的新增动能,点评,一般报告,中金,"江鹏,郭威秀,曾韬",2023Q4,126300.0,38000.0,12800.0,12000.0,0.79,46.1,0.7,7.6,31.9,跑赢行业,,45.0
603551.SH,奥普家居,20230831,奥普家居2023年中报点评：产品结构持续优化，业绩稳健增长,点评,一般报告,华创证券,秦一超,2025Q4,272200.0,,48700.0,40000.0,0.99,12.0,,22.2,9.0,推荐,,19.1
603551.SH,奥普家居,20230831,奥普家居2023年中报点评：产品结构持续优化，业绩稳健增长,点评,一般报告,华创证券,秦一超,2024Q4,244900.0,,43200.0,35700.0,0.89,13.0,,20.8,10.0,推荐,,19.1
603551.SH,奥普家居,20230831,奥普家居2023年中报点评：产品结构持续优化，业绩稳健增长,点评,一般报告,华创证券,秦一超,2023Q4,216600.0,,36800.0,30600.0,0.76,15.0,,18.8,12.0,推荐,,19.1
601658.SH,邮储银行,20230831,邮储银行2023年半年报点评：扩表速度提升，资产质量改善,一般,一般报告,光大证券,"王一峰,董文欣,蔡霆夆",2025Q4,40755000.0,,11835400.0,10753700.0,1.08,4.52,,11.88,,买入,,
601658.SH,邮储银行,20230831,邮储银行2023年半年报点评：扩表速度提升，资产质量改善,一般,一般报告,光大证券,"王一峰,董文欣,蔡霆夆",2024Q4,37845500.0,,10935500.0,9936000.0,1.0,4.89,,11.97,,买入,,
601658.SH,邮储银行,20230831,邮储银行2023年半年报点评：扩表速度提升，资产质量改善,一般,一般报告,光大证券,"王一峰,董文欣,蔡霆夆",2023Q4,34921200.0,,9878900.0,8976000.0,0.91,5.41,,12.15,,买入,,
601169.SH,北京银行,20230831,北京银行：信贷投放提速，零售转型显效,点评,一般报告,华泰证券,"沈娟,安娜,贺雅亭",2025Q4,7280600.0,,,2962600.0,1.4,3.18,8.32,8.23,,增持,,5.92
601169.SH,北京银行,20230831,北京银行：信贷投放提速，零售转型显效,点评,一般报告,华泰证券,"沈娟,安娜,贺雅亭",2024Q4,6925800.0,,,2774500.0,1.31,3.4,7.79,8.2,,增持,,5.92
601169.SH,北京银行,20230831,北京银行：信贷投放提速，零售转型显效,点评,一般报告,华泰证券,"沈娟,安娜,贺雅亭",2023Q4,6647800.0,,,2615200.0,1.24,3.61,7.34,8.22,,增持,,5.92
601166.SH,兴业银行,20230831,兴业银行：不良处置加快，单季利润回升,一般,一般报告,广发证券,"倪军,王先爽",2025Q4,27113500.0,,13255900.0,11429100.0,5.502,2.98,9.5,13.03,,买入,,31.47
601166.SH,兴业银行,20230831,兴业银行：不良处置加快，单季利润回升,一般,一般报告,广发证券,"倪军,王先爽",2024Q4,24644800.0,,11738800.0,10109200.0,4.866,3.39,8.36,12.68,,买入,,31.47
601166.SH,兴业银行,20230831,兴业银行：不良处置加快，单季利润回升,一般,一般报告,广发证券,"倪军,王先爽",2023Q4,22118600.0,,10779600.0,9274700.0,4.465,3.7,7.64,12.8,,买入,,31.47
603939.SH,益丰药房,20230831,益丰药房：经营业绩稳步增长，区域聚焦和稳健扩张持续推进——公司信息更新报告,点评,一般报告,开源证券,"蔡明子,龙永茂",2025Q4,3442500.0,,330100.0,220300.0,2.18,16.8,,17.2,9.4,买入,,
603939.SH,益丰药房,20230831,益丰药房：经营业绩稳步增长，区域聚焦和稳健扩张持续推进——公司信息更新报告,点评,一般报告,开源证券,"蔡明子,龙永茂",2024Q4,2857400.0,,273900.0,182400.0,1.81,20.3,,16.7,11.1,买入,,
603939.SH,益丰药房,20230831,益丰药房：经营业绩稳步增长，区域聚焦和稳健扩张持续推进——公司信息更新报告,点评,一般报告,开源证券,"蔡明子,龙永茂",2023Q4,2374800.0,,226900.0,151200.0,1.5,24.5,,16.1,14.2,买入,,
601658.SH,邮储银行,20230831,邮储银行2023年中报点评：特色化引领，增长极赋能,点评,一般报告,中信证券,"肖斐斐,彭博,林楠",2025Q4,42169300.0,,11679300.0,10929300.0,1.102,4.67,,,,买入,,6.9
601658.SH,邮储银行,20230831,邮储银行2023年中报点评：特色化引领，增长极赋能,点评,一般报告,中信证券,"肖斐斐,彭博,林楠",2024Q4,38270100.0,,10513000.0,9838400.0,0.992,5.22,,,,买入,,6.9
601658.SH,邮储银行,20230831,邮储银行2023年中报点评：特色化引领，增长极赋能,点评,一般报告,中信证券,"肖斐斐,彭博,林楠",2023Q4,35187600.0,,9608500.0,9040100.0,0.912,5.71,,,,买入,,6.9
600958.SH,东方证券,20230831,东方证券：投资信用驱动，资管优势领跑,点评,一般报告,华泰证券,"沈娟,汪煜,孙亦欣",2025Q4,2346800.0,,668900.0,588700.0,0.69,14.64,,7.02,,买入,,13.28
600958.SH,东方证券,20230831,东方证券：投资信用驱动，资管优势领跑,点评,一般报告,华泰证券,"沈娟,汪煜,孙亦欣",2024Q4,2181700.0,,585300.0,517200.0,0.61,16.66,,6.41,,买入,,13.28
600958.SH,东方证券,20230831,东方证券：投资信用驱动，资管优势领跑,点评,一般报告,华泰证券,"沈娟,汪煜,孙亦欣",2023Q4,1894900.0,,463500.0,427100.0,0.5,20.17,,5.45,,买入,,13.28
600026.SH,中远海能,20230831,中远海能：二季度利润高于预告，景气持续向上,点评,一般报告,安信证券,"孙延,宋尚杰",2025Q4,2792950.0,,1143370.0,859460.0,1.8,7.5,4.6,18.6,4.5,买入,,16.27
600026.SH,中远海能,20230831,中远海能：二季度利润高于预告，景气持续向上,点评,一般报告,安信证券,"孙延,宋尚杰",2024Q4,2611540.0,,985150.0,776410.0,1.63,8.3,3.2,19.1,5.6,买入,,16.27
600026.SH,中远海能,20230831,中远海能：二季度利润高于预告，景气持续向上,点评,一般报告,安信证券,"孙延,宋尚杰",2023Q4,2453270.0,,777330.0,607150.0,1.27,10.7,2.8,17.4,7.5,买入,,16.27
301257.SZ,普蕊斯,20230831,普蕊斯：业绩表现亮眼，订单数量增长稳健——公司信息更新报告,点评,一般报告,开源证券,"蔡明子,余汝意,汪晋",2025Q4,138700.0,,26500.0,23200.0,3.8,15.5,,15.7,9.6,买入,,
301257.SZ,普蕊斯,20230831,普蕊斯：业绩表现亮眼，订单数量增长稳健——公司信息更新报告,点评,一般报告,开源证券,"蔡明子,余汝意,汪晋",2024Q4,106700.0,,20200.0,17600.0,2.88,20.5,,14.1,13.5,买入,,
301257.SZ,普蕊斯,20230831,普蕊斯：业绩表现亮眼，订单数量增长稳健——公司信息更新报告,点评,一般报告,开源证券,"蔡明子,余汝意,汪晋",2023Q4,82100.0,,14900.0,13000.0,2.13,27.7,,12.1,20.0,买入,,
300498.SZ,温氏股份,20230831,温氏股份：养殖景气底部回升，公司业绩或好转,点评,一般报告,中信建投,王明琦,2025Q4,12966392.0,,,518453.0,0.78,21.73,,11.12,,买入,,
300498.SZ,温氏股份,20230831,温氏股份：养殖景气底部回升，公司业绩或好转,点评,一般报告,中信建投,王明琦,2024Q4,11108890.0,,,265891.0,0.4,42.37,,6.31,,买入,,
300498.SZ,温氏股份,20230831,温氏股份：养殖景气底部回升，公司业绩或好转,点评,一般报告,中信建投,王明琦,2023Q4,9304420.0,,,18730.0,0.0282,601.43,,0.47,,买入,,
300115.SZ,长盈精密,20230831,长盈精密：配套大客户迎XR机遇，动力＋储能快速发展,点评,一般报告,兴业证券,"姚康,姚丹丹",2025Q4,2308000.0,,122200.0,100500.0,0.84,11.8,,13.8,,增持,,
300115.SZ,长盈精密,20230831,长盈精密：配套大客户迎XR机遇，动力＋储能快速发展,点评,一般报告,兴业证券,"姚康,姚丹丹",2024Q4,1804400.0,,86600.0,69500.0,0.58,17.1,,10.8,,增持,,
300115.SZ,长盈精密,20230831,长盈精密：配套大客户迎XR机遇，动力＋储能快速发展,点评,一般报告,兴业证券,"姚康,姚丹丹",2023Q4,1399300.0,,19800.0,10300.0,0.0856,115.3,,1.8,,增持,,
002790.SZ,瑞尔特,20230831,瑞尔特公司半年报：智能坐便器及盖板收入高增，利润率亮眼,点评,一般报告,海通证券,"郭庆龙,吕科佳",2025Q4,318300.0,,41800.0,37500.0,0.9,13.61,0.0,13.3,9.07,优于大市,,
002790.SZ,瑞尔特,20230831,瑞尔特公司半年报：智能坐便器及盖板收入高增，利润率亮眼,点评,一般报告,海通证券,"郭庆龙,吕科佳",2024Q4,278600.0,,36200.0,32500.0,0.78,15.74,0.0,13.3,10.36,优于大市,,
002790.SZ,瑞尔特,20230831,瑞尔特公司半年报：智能坐便器及盖板收入高增，利润率亮眼,点评,一般报告,海通证券,"郭庆龙,吕科佳",2023Q4,238500.0,,29400.0,26400.0,0.63,19.38,0.0,12.5,14.02,优于大市,,
002036.SZ,联创电子,20230831,联创电子2Q23：光学业务收入＆毛利率均承压,点评,一般报告,华泰证券,"陈旭东,黄乐平,张宇,汤仕翯",2025Q4,1279700.0,197700.0,56466.0,56304.0,0.53,18.79,,10.17,10.03,买入,,13.14
002036.SZ,联创电子,20230831,联创电子2Q23：光学业务收入＆毛利率均承压,点评,一般报告,华泰证券,"陈旭东,黄乐平,张宇,汤仕翯",2024Q4,1164900.0,163600.0,30856.0,30985.0,0.29,34.15,,6.22,14.2,买入,,13.14
002036.SZ,联创电子,20230831,联创电子2Q23：光学业务收入＆毛利率均承压,点评,一般报告,华泰证券,"陈旭东,黄乐平,张宇,汤仕翯",2023Q4,1040400.0,111700.0,-10691.0,-9860.0,-0.09,,,-2.28,25.2,买入,,13.14
002032.SZ,苏泊尔,20230831,苏泊尔：Q2内外销收入改善，控费卓有成效,点评,一般报告,国盛证券,"徐程颖,陈思琪",2025Q4,2529800.0,,330600.0,270900.0,3.36,14.3,,30.8,10.3,买入,,
002032.SZ,苏泊尔,20230831,苏泊尔：Q2内外销收入改善，控费卓有成效,点评,一般报告,国盛证券,"徐程颖,陈思琪",2024Q4,2326000.0,,298300.0,245600.0,3.04,15.8,,31.7,11.4,买入,,
002032.SZ,苏泊尔,20230831,苏泊尔：Q2内外销收入改善，控费卓有成效,点评,一般报告,国盛证券,"徐程颖,陈思琪",2023Q4,2120300.0,,265300.0,219600.0,2.72,17.6,,32.2,13.4,买入,,
000987.SZ,越秀资本,20230831,越秀资本：夯实三大主业显成效，相关收入同比增长,点评,一般报告,广发证券,"陈福,严漪澜",2025Q4,2250300.0,,633000.0,358900.0,0.72,9.6,,10.9,,增持,,8.5
000987.SZ,越秀资本,20230831,越秀资本：夯实三大主业显成效，相关收入同比增长,点评,一般报告,广发证券,"陈福,严漪澜",2024Q4,1938800.0,,558000.0,318200.0,0.63,10.9,,10.3,,增持,,8.5
000987.SZ,越秀资本,20230831,越秀资本：夯实三大主业显成效，相关收入同比增长,点评,一般报告,广发证券,"陈福,严漪澜",2023Q4,1685600.0,,497000.0,285300.0,0.57,12.1,,9.9,,增持,,8.5
300673.SZ,佩蒂股份,20230831,佩蒂股份深度报告：咬胶龙头地位稳固，自主品牌蓬勃发展,深度,首次评级,民生证券,"周泰,徐菁,韩晓飞",2025Q4,262620.0,60820.0,23300.0,18300.0,0.72,17.0,0.72,7.77,9.58,推荐,,
300673.SZ,佩蒂股份,20230831,佩蒂股份深度报告：咬胶龙头地位稳固，自主品牌蓬勃发展,深度,首次评级,民生证券,"周泰,徐菁,韩晓飞",2024Q4,240380.0,55510.0,21200.0,16600.0,0.66,19.0,0.65,7.59,10.92,推荐,,
300673.SZ,佩蒂股份,20230831,佩蒂股份深度报告：咬胶龙头地位稳固，自主品牌蓬勃发展,深度,首次评级,民生证券,"周泰,徐菁,韩晓飞",2023Q4,211490.0,48930.0,18500.0,14500.0,0.57,22.0,0.57,7.12,12.77,推荐,,
688122.SH,西部超导,20230831,西部超导：1H23业绩短期承压，钛合金需求修复可期,点评,一般报告,中金,"刘中玉,陈显帆,刘婧",2024Q4,682100.0,247500.0,174700.0,148800.0,2.29,20.3,2.1,20.8,16.0,跑赢行业,,59.56
688122.SH,西部超导,20230831,西部超导：1H23业绩短期承压，钛合金需求修复可期,点评,一般报告,中金,"刘中玉,陈显帆,刘婧",2023Q4,531000.0,186800.0,132500.0,112600.0,1.73,26.8,1.6,17.8,20.6,跑赢行业,,59.56
603808.SH,歌力思,20230831,歌力思：收入表现出色，盈利质量处于修复通道,点评,一般报告,国盛证券,"杨莹,侯子夜,王佳伟",2025Q4,375600.0,,61400.0,46400.0,1.26,9.9,,12.8,6.8,增持,,
603808.SH,歌力思,20230831,歌力思：收入表现出色，盈利质量处于修复通道,点评,一般报告,国盛证券,"杨莹,侯子夜,王佳伟",2024Q4,330800.0,,52800.0,39900.0,1.08,11.5,,12.3,7.6,增持,,
603808.SH,歌力思,20230831,歌力思：收入表现出色，盈利质量处于修复通道,点评,一般报告,国盛证券,"杨莹,侯子夜,王佳伟",2023Q4,291900.0,,39900.0,30100.0,0.82,15.3,,10.4,9.4,增持,,
603477.SH,巨星农牧,20230831,巨星农牧：成本水平持续优化，出栏量保持较快增长,点评,一般报告,中金,"樊俊豪,王思洋,龙友琪",2024Q4,1047200.0,179600.0,97600.0,97600.0,1.93,13.7,0.7,22.6,11.2,跑赢行业,,33.0
603477.SH,巨星农牧,20230831,巨星农牧：成本水平持续优化，出栏量保持较快增长,点评,一般报告,中金,"樊俊豪,王思洋,龙友琪",2023Q4,538200.0,65300.0,18200.0,17900.0,0.35,74.8,0.1,4.8,28.0,跑赢行业,,33.0
688337.SH,普源精电,20230831,普源精电2023年中报点评：产品高端化进入蝶变期，盈利能力提升明显,点评,一般报告,东吴证券,"周尔双,罗悦,韦译捷",2025Q4,148900.0,,42700.0,39200.0,2.18,25.36,,11.49,,增持,,
688337.SH,普源精电,20230831,普源精电2023年中报点评：产品高端化进入蝶变期，盈利能力提升明显,点评,一般报告,东吴证券,"周尔双,罗悦,韦译捷",2024Q4,112700.0,,29200.0,26900.0,1.49,37.04,,8.9,,增持,,
688337.SH,普源精电,20230831,普源精电2023年中报点评：产品高端化进入蝶变期，盈利能力提升明显,点评,一般报告,东吴证券,"周尔双,罗悦,韦译捷",2023Q4,84000.0,,20200.0,18600.0,1.03,53.51,,6.76,,增持,,
601225.SH,陕西煤业,20230831,陕西煤业2023年中报点评报告：产销提升，价格微降，现金充足，分红可期,点评,一般报告,国海证券,"陈晨,王璇",2025Q4,14994500.0,,4457000.0,2443600.0,2.52,6.63,,19.0,1.33,买入,,
601225.SH,陕西煤业,20230831,陕西煤业2023年中报点评报告：产销提升，价格微降，现金充足，分红可期,点评,一般报告,国海证券,"陈晨,王璇",2024Q4,14996700.0,,4380900.0,2401900.0,2.48,6.75,,20.0,1.6,买入,,
601225.SH,陕西煤业,20230831,陕西煤业2023年中报点评报告：产销提升，价格微降，现金充足，分红可期,点评,一般报告,国海证券,"陈晨,王璇",2023Q4,15052800.0,,4318400.0,2367600.0,2.44,6.85,,21.0,2.0,买入,,
601058.SH,赛轮轮胎,20230831,赛轮轮胎2023年半年报业绩点评：二季度实现归母净利润6.91亿元，超市场预期,点评,一般报告,民生证券,"刘海荣,刘隆基",2025Q4,3231100.0,,397700.0,352800.0,1.15,10.0,3.31,18.67,6.94,推荐,,
601058.SH,赛轮轮胎,20230831,赛轮轮胎2023年半年报业绩点评：二季度实现归母净利润6.91亿元，超市场预期,点评,一般报告,民生证券,"刘海荣,刘隆基",2024Q4,2940500.0,,348100.0,308800.0,1.01,12.0,2.9,18.8,7.85,推荐,,
601058.SH,赛轮轮胎,20230831,赛轮轮胎2023年半年报业绩点评：二季度实现归母净利润6.91亿元，超市场预期,点评,一般报告,民生证券,"刘海荣,刘隆基",2023Q4,2554000.0,,284900.0,252700.0,0.83,14.0,2.37,17.79,9.29,推荐,,
600875.SH,东方电气,20230831,东方电气2023年半年报点评：非装备类业务利润同比大增，清洁高效能源装备订单同比＋87％,点评,一般报告,国海证券,"杨阳,钟琪",2025Q4,9369300.0,,675400.0,580900.0,1.86,9.46,,12.0,2.89,买入,,
600875.SH,东方电气,20230831,东方电气2023年半年报点评：非装备类业务利润同比大增，清洁高效能源装备订单同比＋87％,点评,一般报告,国海证券,"杨阳,钟琪",2024Q4,8470600.0,,582100.0,500700.0,1.61,10.98,,11.0,4.13,买入,,
600875.SH,东方电气,20230831,东方电气2023年半年报点评：非装备类业务利润同比大增，清洁高效能源装备订单同比＋87％,点评,一般报告,国海证券,"杨阳,钟琪",2023Q4,7132700.0,,454600.0,391000.0,1.25,14.05,,10.0,7.38,买入,,
600690.SH,海尔智家,20230831,海尔智家：增长稳健，高端＋海外表现优秀,点评,一般报告,国盛证券,"徐程颖,陈思琪",2025Q4,30704000.0,,2660400.0,2202600.0,2.33,10.0,,15.9,4.7,买入,,
600690.SH,海尔智家,20230831,海尔智家：增长稳健，高端＋海外表现优秀,点评,一般报告,国盛证券,"徐程颖,陈思琪",2024Q4,28482400.0,,2305800.0,1914700.0,2.03,11.6,,15.8,6.4,买入,,
600690.SH,海尔智家,20230831,海尔智家：增长稳健，高端＋海外表现优秀,点评,一般报告,国盛证券,"徐程颖,陈思琪",2023Q4,26348200.0,,2005200.0,1662100.0,1.76,13.3,,15.7,7.5,买入,,
600085.SH,同仁堂,20230831,同仁堂：上半年业绩超预期，市场需求恢复，深化营销改革,点评,一般报告,兴业证券,"孙媛媛,董晓洁",2025Q4,2276700.0,,425200.0,226700.0,1.65,33.51,,14.1,,增持,,
600085.SH,同仁堂,20230831,同仁堂：上半年业绩超预期，市场需求恢复，深化营销改革,点评,一般报告,兴业证券,"孙媛媛,董晓洁",2024Q4,2033900.0,,373000.0,198200.0,1.45,38.32,,13.7,,增持,,
600085.SH,同仁堂,20230831,同仁堂：上半年业绩超预期，市场需求恢复，深化营销改革,点评,一般报告,兴业证券,"孙媛媛,董晓洁",2023Q4,1804000.0,,321700.0,170600.0,1.24,44.52,,13.1,,增持,,
300770.SZ,新媒股份,20230831,新媒股份：产品运营能力持续提升，探索多元变现模式,点评,一般报告,国盛证券,"顾晟,刘书含",2025Q4,174000.0,,82000.0,81800.0,3.54,11.4,,16.5,5.6,增持,,
300770.SZ,新媒股份,20230831,新媒股份：产品运营能力持续提升，探索多元变现模式,点评,一般报告,国盛证券,"顾晟,刘书含",2024Q4,163000.0,,77200.0,77000.0,3.33,12.1,,17.5,6.0,增持,,
300770.SZ,新媒股份,20230831,新媒股份：产品运营能力持续提升，探索多元变现模式,点评,一般报告,国盛证券,"顾晟,刘书含",2023Q4,148000.0,,71800.0,71600.0,3.1,13.0,,18.4,7.8,增持,,
300332.SZ,天壕能源,20230831,天壕能源：神安线持续稳健运行，期待下半年进入旺季,一般,一般报告,广发证券,"郭鹏,姜涛,陈舒心",2025Q4,1033700.0,,147400.0,106900.0,1.21,8.06,,16.0,3.0,买入,,13.31
300332.SZ,天壕能源,20230831,天壕能源：神安线持续稳健运行，期待下半年进入旺季,一般,一般报告,广发证券,"郭鹏,姜涛,陈舒心",2024Q4,806000.0,,112500.0,81600.0,0.92,10.56,,14.7,4.47,买入,,13.31
300332.SZ,天壕能源,20230831,天壕能源：神安线持续稳健运行，期待下半年进入旺季,一般,一般报告,广发证券,"郭鹏,姜涛,陈舒心",2023Q4,613500.0,,81200.0,58900.0,0.67,14.64,,12.6,6.13,买入,,13.31
002946.SZ,新乳业,20230831,新乳业2023年中报点评：业绩增长稳健，战略稳步推进,点评,一般报告,光大证券,"叶倩瑜,陈彦彤,杨哲,李嘉祺,董博文",2025Q4,1467000.0,,92800.0,76700.0,0.89,17.0,1.3,16.96,10.2,买入,,
002946.SZ,新乳业,20230831,新乳业2023年中报点评：业绩增长稳健，战略稳步推进,点评,一般报告,光大证券,"叶倩瑜,陈彦彤,杨哲,李嘉祺,董博文",2024Q4,1294700.0,,75400.0,63200.0,0.73,20.0,1.1,16.24,11.7,买入,,
002946.SZ,新乳业,20230831,新乳业2023年中报点评：业绩增长稳健，战略稳步推进,点评,一般报告,光大证券,"叶倩瑜,陈彦彤,杨哲,李嘉祺,董博文",2023Q4,1132500.0,,58300.0,49900.0,0.58,26.0,0.8,14.83,13.7,买入,,
002555.SZ,三七互娱,20230831,三七互娱：H1业绩短期承压，Q3利润释放显著,一般,一般报告,兴业证券,"李阳,杨尚东",2025Q4,2409900.0,,500800.0,447400.0,2.02,13.2,,21.8,,增持,,
002555.SZ,三七互娱,20230831,三七互娱：H1业绩短期承压，Q3利润释放显著,一般,一般报告,兴业证券,"李阳,杨尚东",2024Q4,2179400.0,,435200.0,388900.0,1.75,15.2,,22.4,,增持,,
002555.SZ,三七互娱,20230831,三七互娱：H1业绩短期承压，Q3利润释放显著,一般,一般报告,兴业证券,"李阳,杨尚东",2023Q4,1923400.0,,369700.0,330200.0,1.49,17.9,,22.7,,增持,,
000157.SZ,中联重科,20230831,中联重科2023年中报点评：业绩略超预期，海外市场翻倍增长,点评,一般报告,东吴证券,"周尔双,罗悦,韦译捷",2025Q4,6030600.0,,658700.0,565000.0,0.65,9.51,,8.4,,买入,,
000157.SZ,中联重科,20230831,中联重科2023年中报点评：业绩略超预期，海外市场翻倍增长,点评,一般报告,东吴证券,"周尔双,罗悦,韦译捷",2024Q4,5105400.0,,524400.0,448800.0,0.52,11.97,,7.28,,买入,,
000157.SZ,中联重科,20230831,中联重科2023年中报点评：业绩略超预期，海外市场翻倍增长,点评,一般报告,东吴证券,"周尔双,罗悦,韦译捷",2023Q4,4537600.0,,405400.0,346300.0,0.4,15.51,,6.06,,买入,,
688800.SH,瑞可达,20230831,瑞可达：2Q23业绩不及预期，电池连接系统迎新发展,点评,一般报告,中金,"李诗雯,任丹霖,温晗静,孔杨,陈昊,彭虎",2024Q4,270900.0,72600.0,36600.0,32300.0,2.04,21.5,1.2,14.9,14.7,跑赢行业,,46.2
688800.SH,瑞可达,20230831,瑞可达：2Q23业绩不及预期，电池连接系统迎新发展,点评,一般报告,中金,"李诗雯,任丹霖,温晗静,孔杨,陈昊,彭虎",2023Q4,184500.0,48700.0,23900.0,21400.0,1.35,32.5,0.8,10.9,21.7,跑赢行业,,46.2
601058.SH,赛轮轮胎,20230831,赛轮轮胎：业绩表现亮眼，液体黄金轮胎加速推广,点评,首份报告,安信证券,张汪强,2025Q4,3380910.0,,404480.0,343810.0,1.12,10.6,3.2,19.5,6.6,买入,,17.6
601058.SH,赛轮轮胎,20230831,赛轮轮胎：业绩表现亮眼，液体黄金轮胎加速推广,点评,首份报告,安信证券,张汪强,2024Q4,2944570.0,,342360.0,291000.0,0.95,12.6,2.7,19.0,7.7,买入,,17.6
601058.SH,赛轮轮胎,20230831,赛轮轮胎：业绩表现亮眼，液体黄金轮胎加速推广,点评,首份报告,安信证券,张汪强,2023Q4,2574410.0,,288910.0,245570.0,0.8,14.9,2.3,18.3,9.4,买入,,17.6
600905.SH,三峡能源,20230831,三峡能源2023年半年报点评：基数效应扰动，但电价、成长潜力无虞,点评,一般报告,民生证券,"严家源,赵国利",2025Q4,3576300.0,,1321800.0,1058000.0,0.37,13.6,2.2,11.08,10.18,推荐,,6.25
600905.SH,三峡能源,20230831,三峡能源2023年半年报点评：基数效应扰动，但电价、成长潜力无虞,点评,一般报告,民生证券,"严家源,赵国利",2024Q4,2955000.0,,1129300.0,903900.0,0.32,15.9,2.0,10.27,11.76,推荐,,6.25
600905.SH,三峡能源,20230831,三峡能源2023年半年报点评：基数效应扰动，但电价、成长潜力无虞,点评,一般报告,民生证券,"严家源,赵国利",2023Q4,2554300.0,,907700.0,726500.0,0.25,19.7,1.8,8.88,12.35,推荐,,6.25
600366.SH,宁波韵升,20230831,宁波韵升：存货减值拖累短期业绩，静待下游需求旺季到来,点评,一般报告,中金,"王政,何曼文,齐丁,陈彦",2024Q4,817100.0,151500.0,50100.0,43800.0,0.39,18.7,0.1,6.6,5.2,中性,,8.66
600366.SH,宁波韵升,20230831,宁波韵升：存货减值拖累短期业绩，静待下游需求旺季到来,点评,一般报告,中金,"王政,何曼文,齐丁,陈彦",2023Q4,594000.0,108800.0,35800.0,32200.0,0.29,25.4,0.1,5.1,5.4,中性,,8.66
600199.SH,金种子酒,20230831,金种子酒公司事件点评报告：业绩符合预期，看好双节发力,点评,一般报告,华鑫证券,孙山山,2025Q4,490500.0,,25100.0,25500.0,0.39,64.5,,8.6,,买入,,
600199.SH,金种子酒,20230831,金种子酒公司事件点评报告：业绩符合预期，看好双节发力,点评,一般报告,华鑫证券,孙山山,2024Q4,319900.0,,12500.0,12700.0,0.19,129.3,,4.7,,买入,,
600199.SH,金种子酒,20230831,金种子酒公司事件点评报告：业绩符合预期，看好双节发力,点评,一般报告,华鑫证券,孙山山,2023Q4,201400.0,,2500.0,2600.0,0.04,637.4,,1.0,,买入,,
000876.SZ,新希望,20230831,新希望：组织优化带动经营改善，资产利用效率有望提升,一般,一般报告,中金,"樊俊豪,王思洋,龙友琪",2023Q4,16401000.0,930500.0,169000.0,122200.0,0.27,43.6,0.3,4.1,19.7,跑赢行业,,15.5
000651.SZ,格力电器,20230831,格力电器：23Q2盈利改善，合同负债持续增长,点评,一般报告,广发证券,"曾婵,陈尧",2025Q4,23585200.0,,3790900.0,3222200.0,5.72,6.14,,18.4,0.97,买入,,48.93
000651.SZ,格力电器,20230831,格力电器：23Q2盈利改善，合同负债持续增长,点评,一般报告,广发证券,"曾婵,陈尧",2024Q4,21801200.0,,3496500.0,2972000.0,5.28,6.65,,20.8,2.09,买入,,48.93
000651.SZ,格力电器,20230831,格力电器：23Q2盈利改善，合同负债持续增长,点评,一般报告,广发证券,"曾婵,陈尧",2023Q4,20517800.0,,3241700.0,2755500.0,4.89,7.18,,24.4,2.61,买入,,48.93
600109.SH,国金证券,20230831,国金证券2023半年报点评：投资带动业绩增长，政策催化业绩高增,点评,一般报告,国泰君安,"刘欣琦,王思玥",2025Q4,855000.0,,,248400.0,0.67,14.4,0.9,6.7,,增持,,12.21
600109.SH,国金证券,20230831,国金证券2023半年报点评：投资带动业绩增长，政策催化业绩高增,点评,一般报告,国泰君安,"刘欣琦,王思玥",2024Q4,787100.0,,,211300.0,0.57,17.0,0.7,6.1,,增持,,12.21
600109.SH,国金证券,20230831,国金证券2023半年报点评：投资带动业绩增长，政策催化业绩高增,点评,一般报告,国泰君安,"刘欣琦,王思玥",2023Q4,722900.0,,,181300.0,0.49,19.8,0.6,5.5,,增持,,12.21
600109.SH,国金证券,20230831,国金证券2023半年报点评：投资带动业绩增长，政策催化业绩高增,点评,一般报告,国泰君安,"刘欣琦,王思玥",2023Q3,,,,,0.34,,,,,增持,,12.21
603358.SH,华达科技,20230831,华达科技：新能源业务持续增长，整车回暖或带动未来发展,点评,一般报告,中金,"常菁,邓学,袁牧",2024Q4,691500.0,109500.0,58000.0,49800.0,1.13,14.7,4.4,14.1,8.2,跑赢行业,,20.28
603358.SH,华达科技,20230831,华达科技：新能源业务持续增长，整车回暖或带动未来发展,点评,一般报告,中金,"常菁,邓学,袁牧",2023Q4,567200.0,89100.0,45600.0,38700.0,0.88,18.8,3.4,11.8,10.0,跑赢行业,,20.28
603170.SH,宝立食品,20230831,宝立食品2023年半年报点评：B端略超预期，C端有望恢复,点评,一般报告,华创证券,"欧阳予,彭俊霖,董广阳",2025Q4,360400.0,,54500.0,39700.0,0.99,19.0,,20.7,13.0,强推,,28.0
603170.SH,宝立食品,20230831,宝立食品2023年半年报点评：B端略超预期，C端有望恢复,点评,一般报告,华创证券,"欧阳予,彭俊霖,董广阳",2024Q4,300300.0,,43800.0,31900.0,0.8,24.0,,20.1,16.0,强推,,28.0
603170.SH,宝立食品,20230831,宝立食品2023年半年报点评：B端略超预期，C端有望恢复,点评,一般报告,华创证券,"欧阳予,彭俊霖,董广阳",2023Q4,245200.0,,41200.0,30000.0,0.75,26.0,,22.6,17.0,强推,,28.0
601933.SH,永辉超市,20230831,永辉超市：1H23净利润同比扭亏，关注经营转型提效进展,点评,一般报告,中金,"樊俊豪,石狄",2024Q4,8481600.0,,55500.0,43000.0,0.0474,69.1,0.7,5.5,8.9,跑赢行业,,3.9
601933.SH,永辉超市,20230831,永辉超市：1H23净利润同比扭亏，关注经营转型提效进展,点评,一般报告,中金,"樊俊豪,石狄",2023Q4,8108200.0,,12000.0,12600.0,0.0139,235.9,0.2,1.7,10.3,跑赢行业,,3.9
601225.SH,陕西煤业,20230831,陕西煤业：以量补价稳利润，扣非净利小幅下滑,点评,一般报告,华泰证券,王帅,2025Q4,13882600.0,,4004800.0,2195700.0,2.26,7.38,,18.58,3.36,买入,,24.6
601225.SH,陕西煤业,20230831,陕西煤业：以量补价稳利润，扣非净利小幅下滑,点评,一般报告,华泰证券,王帅,2024Q4,14491300.0,,4214500.0,2310600.0,2.38,7.02,,21.05,3.25,买入,,24.6
601225.SH,陕西煤业,20230831,陕西煤业：以量补价稳利润，扣非净利小幅下滑,点评,一般报告,华泰证券,王帅,2023Q4,15013200.0,,4349900.0,2384800.0,2.46,6.8,,22.92,3.34,买入,,24.6
300628.SZ,亿联网络,20230831,亿联网络：业绩环比改善明显，中长维度下受益AI＋趋势,点评,一般报告,广发证券,"刘雪峰,李傲远",2025Q4,840700.0,,403800.0,367500.0,2.91,12.85,,24.3,11.21,买入,,56.45
300628.SZ,亿联网络,20230831,亿联网络：业绩环比改善明显，中长维度下受益AI＋趋势,点评,一般报告,广发证券,"刘雪峰,李傲远",2024Q4,665000.0,,322200.0,293200.0,2.32,16.11,,23.9,14.46,买入,,56.45
300628.SZ,亿联网络,20230831,亿联网络：业绩环比改善明显，中长维度下受益AI＋趋势,点评,一般报告,广发证券,"刘雪峰,李傲远",2023Q4,527100.0,,261400.0,237900.0,1.88,19.85,,23.7,18.42,买入,,56.45
300628.SZ,亿联网络,20230831,亿联网络：2Q23业绩符合预期，各业务均呈现复苏态势,点评,一般报告,中金,"李诗雯,孔杨,陈昊,彭虎",2024Q4,603500.0,388200.0,295600.0,270900.0,2.14,17.4,3.1,27.9,15.3,跑赢行业,,44.1
300628.SZ,亿联网络,20230831,亿联网络：2Q23业绩符合预期，各业务均呈现复苏态势,点评,一般报告,中金,"李诗雯,孔杨,陈昊,彭虎",2023Q4,498000.0,321700.0,242900.0,222700.0,1.76,21.2,2.5,26.5,18.8,跑赢行业,,44.1
002153.SZ,石基信息,20230831,石基信息：ARR高速增长，基本面拐点逐步验证,一般,一般报告,广发证券,"刘雪峰,雷棠棣",2025Q4,330900.0,,39100.0,36000.0,0.13,103.51,,4.6,53.77,买入,,19.08
002153.SZ,石基信息,20230831,石基信息：ARR高速增长，基本面拐点逐步验证,一般,一般报告,广发证券,"刘雪峰,雷棠棣",2024Q4,282300.0,,15900.0,14600.0,0.0535,254.95,,2.0,87.51,买入,,19.08
002153.SZ,石基信息,20230831,石基信息：ARR高速增长，基本面拐点逐步验证,一般,一般报告,广发证券,"刘雪峰,雷棠棣",2023Q4,260400.0,,-7700.0,-8300.0,-0.03,,,-1.1,218.24,买入,,19.08
000876.SZ,新希望,20230831,新希望：组织优化带动经营改善，资产利用效率有望提升,一般,一般报告,中金,"樊俊豪,王思洋,龙友琪",2024Q4,17691100.0,1284200.0,436800.0,383400.0,0.84,13.9,0.9,11.9,12.2,跑赢行业,,15.5
688006.SH,杭可科技,20230831,杭可科技2023年半年报点评：盈利能力显著提升，看好海外订单进一步放量,点评,一般报告,东吴证券,"周尔双,刘晓旭,李文意",2024Q4,596800.0,,149400.0,133000.0,2.2,12.39,,23.42,,买入,,
688006.SH,杭可科技,20230831,杭可科技2023年半年报点评：盈利能力显著提升，看好海外订单进一步放量,点评,一般报告,东吴证券,"周尔双,刘晓旭,李文意",2023Q4,468000.0,,112700.0,100300.0,1.66,16.44,,23.05,,买入,,
688006.SH,杭可科技,20230831,杭可科技：盈利水平修复，关注海外业务增长趋势,点评,一般报告,中金,"陈显帆,邹靖,王炜越",2024Q4,538400.0,201700.0,131600.0,118700.0,1.97,13.9,2.1,20.5,9.0,跑赢行业,,35.5
688006.SH,杭可科技,20230831,杭可科技：盈利水平修复，关注海外业务增长趋势,点评,一般报告,中金,"陈显帆,邹靖,王炜越",2023Q4,449800.0,170700.0,104400.0,94100.0,1.56,17.5,1.7,21.7,11.5,跑赢行业,,35.5
605368.SH,蓝天燃气,20230831,蓝天燃气：经营业绩稳健增长，成功发行可转债,点评,一般报告,中信建投,"高兴,罗焱曦",2025Q4,575320.0,,104780.0,80900.0,1.168,,,,,买入,,13.5
605368.SH,蓝天燃气,20230831,蓝天燃气：经营业绩稳健增长，成功发行可转债,点评,一般报告,中信建投,"高兴,罗焱曦",2024Q4,539380.0,,96140.0,74230.0,1.071,,,,,买入,,13.5
605368.SH,蓝天燃气,20230831,蓝天燃气：经营业绩稳健增长，成功发行可转债,点评,一般报告,中信建投,"高兴,罗焱曦",2023Q4,506140.0,,87870.0,67850.0,0.979,,,,,买入,,13.5
605333.SH,沪光股份,20230831,沪光股份：2Q23盈利仍承压，产品升级可期,点评,一般报告,中金,"邓学,任丹霖,荆文娟",2024Q4,483700.0,62600.0,17200.0,14600.0,0.34,42.7,0.0,9.2,17.9,跑赢行业,,16.8
605333.SH,沪光股份,20230831,沪光股份：2Q23盈利仍承压，产品升级可期,点评,一般报告,中金,"邓学,任丹霖,荆文娟",2023Q4,364600.0,40900.0,4400.0,3700.0,0.0847,168.5,0.0,2.5,27.3,跑赢行业,,16.8
605218.SH,伟时电子,20230831,伟时电子：收入增长7.49％，公司推动VR背光模组定点量产——公司2023年半年报业绩点评,点评,一般报告,东兴证券,刘航,2025Q4,252302.0,,26128.0,26128.0,1.23,11.53,,15.76,6.94,推荐,,
605218.SH,伟时电子,20230831,伟时电子：收入增长7.49％，公司推动VR背光模组定点量产——公司2023年半年报业绩点评,点评,一般报告,东兴证券,刘航,2024Q4,202731.0,,21096.0,21096.0,0.99,14.29,,14.44,8.75,推荐,,
605218.SH,伟时电子,20230831,伟时电子：收入增长7.49％，公司推动VR背光模组定点量产——公司2023年半年报业绩点评,点评,一般报告,东兴证券,刘航,2023Q4,163247.0,,13276.0,13276.0,0.62,22.7,,10.2,13.27,推荐,,
605111.SH,新洁能,20230831,新洁能2023年半年报点评：业绩短期承压，新产品助力长远发展,点评,一般报告,华创证券,"耿琛,岳阳",2025Q4,259200.0,,57500.0,50600.0,1.7,21.0,,12.0,18.0,强推,,41.7
605111.SH,新洁能,20230831,新洁能2023年半年报点评：业绩短期承压，新产品助力长远发展,点评,一般报告,华创证券,"耿琛,岳阳",2024Q4,211900.0,,47100.0,41400.0,1.39,26.0,,10.7,22.0,强推,,41.7
605111.SH,新洁能,20230831,新洁能2023年半年报点评：业绩短期承压，新产品助力长远发展,点评,一般报告,华创证券,"耿琛,岳阳",2023Q4,158300.0,,35000.0,31100.0,1.04,34.0,,8.7,33.0,强推,,41.7
603816.SH,顾家家居,20230831,顾家家居：Q2业绩改善明显，看好下半年内外贸持续复苏,点评,一般报告,华西证券,徐林锋,2025Q4,2921000.0,,405000.0,301700.0,3.67,11.55,,21.6,,买入,,
603816.SH,顾家家居,20230831,顾家家居：Q2业绩改善明显，看好下半年内外贸持续复苏,点评,一般报告,华西证券,徐林锋,2024Q4,2478700.0,,332500.0,254100.0,3.09,13.71,,21.2,,买入,,
603816.SH,顾家家居,20230831,顾家家居：Q2业绩改善明显，看好下半年内外贸持续复苏,点评,一般报告,华西证券,徐林锋,2023Q4,2096000.0,,270300.0,211900.0,2.58,16.44,,20.3,,买入,,
688375.SH,国博电子,20230831,国博电子2023年中报点评：1H23净利润增长18％；下半年增速有望加快,点评,一般报告,民生证券,"尹会伟,孔厚融,赵博轩,冯鑫",2025Q4,752400.0,,126500.0,118600.0,2.97,29.0,0.72,15.32,20.8,推荐,,
688375.SH,国博电子,20230831,国博电子2023年中报点评：1H23净利润增长18％；下半年增速有望加快,点评,一般报告,民生证券,"尹会伟,孔厚融,赵博轩,冯鑫",2024Q4,571900.0,,93700.0,87900.0,2.2,40.0,0.72,13.0,26.95,推荐,,
688375.SH,国博电子,20230831,国博电子2023年中报点评：1H23净利润增长18％；下半年增速有望加快,点评,一般报告,民生证券,"尹会伟,孔厚融,赵博轩,冯鑫",2023Q4,425200.0,,68700.0,64400.0,1.61,54.0,0.72,10.6,36.26,推荐,,
688131.SH,皓元医药,20230831,皓元医药：收入符合预期，前后端业务共同发力,点评,一般报告,国盛证券,"张金洋,胡偌碧,殷一凡",2025Q4,360000.0,,54400.0,50400.0,3.35,16.1,,15.3,10.9,买入,,
600406.SH,国电南瑞,20230831,国电南瑞：1H23业绩符合预期，网外业务增速亮眼,点评,一般报告,中金,"曲昊源,刘倩文,曾韬",2023Q4,5162000.0,,896500.0,740200.0,0.92,25.7,1.6,16.5,19.3,跑赢行业,,29.2
600383.SH,金地集团,20230831,金地集团：业绩承压，坚持聚焦核心城市,点评,一般报告,国信证券,"任鹤,王粤雷,王静",2025Q4,11191400.0,,1271500.0,656300.0,1.45,5.4,5.6,8.4,26.0,买入,,
600383.SH,金地集团,20230831,金地集团：业绩承压，坚持聚焦核心城市,点评,一般报告,国信证券,"任鹤,王粤雷,王静",2024Q4,11191400.0,,1205700.0,622300.0,1.38,5.7,5.3,8.4,27.4,买入,,
600383.SH,金地集团,20230831,金地集团：业绩承压，坚持聚焦核心城市,点评,一般报告,国信证券,"任鹤,王粤雷,王静",2023Q4,11419800.0,,1163800.0,600700.0,1.33,5.9,5.1,8.7,28.7,买入,,
600323.SH,瀚蓝环境,20230831,瀚蓝环境中报点评：天然气采购成本下降，能源业务扭亏；固废工程收入减少难掩运营亮眼业绩,点评,一般报告,东方证券,"卢日鑫,谢超波,周迪,李少甫",2025Q4,1516900.0,,220300.0,179200.0,2.2,8.5,,12.6,7.6,买入,,26.1
600323.SH,瀚蓝环境,20230831,瀚蓝环境中报点评：天然气采购成本下降，能源业务扭亏；固废工程收入减少难掩运营亮眼业绩,点评,一般报告,东方证券,"卢日鑫,谢超波,周迪,李少甫",2024Q4,1456500.0,,197600.0,160700.0,1.97,9.5,,12.6,8.3,买入,,26.1
600323.SH,瀚蓝环境,20230831,瀚蓝环境中报点评：天然气采购成本下降，能源业务扭亏；固废工程收入减少难掩运营亮眼业绩,点评,一般报告,东方证券,"卢日鑫,谢超波,周迪,李少甫",2023Q4,1401000.0,,174800.0,142100.0,1.74,10.8,,12.4,9.3,买入,,26.1
600315.SH,上海家化,20230831,上海家化：海外业务承压，期待未来改善,点评,一般报告,东方证券,"施红梅,朱炎,杨妍",2025Q4,941300.0,,113100.0,96100.0,1.42,18.7,,10.5,10.4,增持,,33.24
600315.SH,上海家化,20230831,上海家化：海外业务承压，期待未来改善,点评,一般报告,东方证券,"施红梅,朱炎,杨妍",2024Q4,846300.0,,93700.0,79700.0,1.17,22.6,,9.5,12.0,增持,,33.24
600315.SH,上海家化,20230831,上海家化：海外业务承压，期待未来改善,点评,一般报告,东方证券,"施红梅,朱炎,杨妍",2023Q4,738000.0,,75500.0,64100.0,0.94,28.1,,8.4,14.1,增持,,33.24
600305.SH,恒顺醋业,20230831,恒顺醋业2023年中报点评：业绩短暂承压，改革持续深入,点评,一般报告,中信证券,"薛缘,顾训丁",2025Q4,299575.0,,42800.0,34968.0,0.31,34.4,,9.47,23.8,买入,,12.0
600305.SH,恒顺醋业,20230831,恒顺醋业2023年中报点评：业绩短暂承压，改革持续深入,点评,一般报告,中信证券,"薛缘,顾训丁",2024Q4,259652.0,,33500.0,27391.0,0.25,42.7,,7.7,29.8,买入,,12.0
600305.SH,恒顺醋业,20230831,恒顺醋业2023年中报点评：业绩短暂承压，改革持续深入,点评,一般报告,中信证券,"薛缘,顾训丁",2023Q4,221091.0,,24700.0,20177.0,0.18,59.3,,5.88,39.1,买入,,12.0
600233.SH,圆通速递,20230831,圆通速递：价格战凸显业绩韧性，估值具备吸引力,点评,一般报告,东兴证券,曹奕丰,2025Q4,7694856.0,,675800.0,521246.0,1.51,9.68,,14.01,4.04,推荐,,
600233.SH,圆通速递,20230831,圆通速递：价格战凸显业绩韧性，估值具备吸引力,点评,一般报告,东兴证券,曹奕丰,2024Q4,6913495.0,,603800.0,465597.0,1.35,10.84,,13.99,4.93,推荐,,
600233.SH,圆通速递,20230831,圆通速递：价格战凸显业绩韧性，估值具备吸引力,点评,一般报告,东兴证券,曹奕丰,2023Q4,6114508.0,,533100.0,416256.0,1.21,12.12,,13.97,5.99,推荐,,
600186.SH,莲花健康,20230831,莲花健康2023年中报点评：利润亮眼高增，内生外延成长可期,点评,一般报告,东方财富证券,"高博文,景皓",2025Q4,330700.0,,32717.0,25399.0,0.14,24.72,,12.88,11.44,增持,,
600186.SH,莲花健康,20230831,莲花健康2023年中报点评：利润亮眼高增，内生外延成长可期,点评,一般报告,东方财富证券,"高博文,景皓",2024Q4,276128.0,,23890.0,18644.0,0.1039,33.68,,10.86,17.79,增持,,
600186.SH,莲花健康,20230831,莲花健康2023年中报点评：利润亮眼高增，内生外延成长可期,点评,一般报告,东方财富证券,"高博文,景皓",2023Q4,221131.0,,15287.0,11864.0,0.0661,52.92,,7.75,30.35,增持,,
600141.SH,兴发集团,20230831,兴发集团2023年半年报点评：上半年业绩承压，多数产品逐步走出谷底,点评,一般报告,国泰君安,"钟浩,钱伟伦",2025Q4,2970900.0,,,218600.0,1.97,10.83,2.3,9.3,6.68,增持,,27.51
600141.SH,兴发集团,20230831,兴发集团2023年半年报点评：上半年业绩承压，多数产品逐步走出谷底,点评,一般报告,国泰君安,"钟浩,钱伟伦",2024Q4,2545200.0,,,178100.0,1.6,13.3,2.3,8.1,7.35,增持,,27.51
600141.SH,兴发集团,20230831,兴发集团2023年半年报点评：上半年业绩承压，多数产品逐步走出谷底,点评,一般报告,国泰君安,"钟浩,钱伟伦",2023Q4,2113700.0,,,139000.0,1.25,17.04,2.3,6.7,8.77,增持,,27.51
600141.SH,兴发集团,20230831,兴发集团2023年半年报点评：上半年业绩承压，多数产品逐步走出谷底,点评,一般报告,国泰君安,"钟浩,钱伟伦",2023Q3,,,,,0.87,,,,,增持,,27.51
600057.SH,厦门象屿,20230831,厦门象屿：大宗商品价格下行使得1H23业绩承压，开拓新客户提高经营货量,点评,一般报告,海通国际证券,"Yali Luo,虞楠",2025Q4,60713300.0,,575200.0,302000.0,1.33,5.39,0.0,12.2,,优于大市,,9.77
600057.SH,厦门象屿,20230831,厦门象屿：大宗商品价格下行使得1H23业绩承压，开拓新客户提高经营货量,点评,一般报告,海通国际证券,"Yali Luo,虞楠",2024Q4,54941500.0,,499300.0,262100.0,1.16,6.2,0.0,12.06,0.63,优于大市,,9.77
688131.SH,皓元医药,20230831,皓元医药：收入符合预期，前后端业务共同发力,点评,一般报告,国盛证券,"张金洋,胡偌碧,殷一凡",2024Q4,261200.0,,37000.0,33800.0,2.25,23.9,,11.9,15.9,买入,,
688131.SH,皓元医药,20230831,皓元医药：收入符合预期，前后端业务共同发力,点评,一般报告,国盛证券,"张金洋,胡偌碧,殷一凡",2023Q4,190400.0,,25300.0,22900.0,1.52,35.4,,9.1,21.9,买入,,
600900.SH,长江电力,20230831,长江电力2023年半年报点评：否极泰来，改善可期,点评,一般报告,民生证券,"严家源,赵国利",2025Q4,8720900.0,,4149500.0,3573900.0,1.46,15.0,4.78,16.53,11.81,推荐,,24.2
600900.SH,长江电力,20230831,长江电力2023年半年报点评：否极泰来，改善可期,点评,一般报告,民生证券,"严家源,赵国利",2024Q4,8673800.0,,4114400.0,3543800.0,1.45,15.2,4.78,17.2,12.21,推荐,,24.2
600900.SH,长江电力,20230831,长江电力2023年半年报点评：否极泰来，改善可期,点评,一般报告,民生证券,"严家源,赵国利",2023Q4,7835000.0,,3438200.0,2961300.0,1.21,18.2,4.64,15.15,14.1,推荐,,24.2
600862.SH,中航高科,20230831,中航高科公司半年报：公司23H1经营工作目标完成过半，子公司研制工作进展顺利,点评,一般报告,海通证券,"张恒晅,胡舜杰,刘砚菲",2025Q4,677608.0,,164700.0,139700.0,1.0,23.78,0.0,15.9,15.96,优于大市,,
600862.SH,中航高科,20230831,中航高科公司半年报：公司23H1经营工作目标完成过半，子公司研制工作进展顺利,点评,一般报告,海通证券,"张恒晅,胡舜杰,刘砚菲",2024Q4,586249.0,,138900.0,117800.0,0.85,28.2,0.0,16.0,19.71,优于大市,,
600862.SH,中航高科,20230831,中航高科公司半年报：公司23H1经营工作目标完成过半，子公司研制工作进展顺利,点评,一般报告,海通证券,"张恒晅,胡舜杰,刘砚菲",2023Q4,509421.0,,117500.0,99700.0,0.72,33.32,0.0,16.1,23.88,优于大市,,
600760.SH,中航沈飞,20230831,中航沈飞点评报告：中报业绩超预期，歼击机龙头将迎发展新机遇,点评,一般报告,浙商证券,"邱世梁,王华君,陈晨",2025Q4,7120400.0,,532600.0,472100.0,1.71,25.97,,21.35,18.51,买入,,
600760.SH,中航沈飞,20230831,中航沈飞点评报告：中报业绩超预期，歼击机龙头将迎发展新机遇,点评,一般报告,浙商证券,"邱世梁,王华君,陈晨",2024Q4,5722400.0,,423300.0,376000.0,1.36,32.61,,20.35,24.31,买入,,
600760.SH,中航沈飞,20230831,中航沈飞点评报告：中报业绩超预期，歼击机龙头将迎发展新机遇,点评,一般报告,浙商证券,"邱世梁,王华君,陈晨",2023Q4,4755600.0,,334100.0,295800.0,1.07,41.44,,19.25,30.38,买入,,
600760.SH,中航沈飞,20230831,中航沈飞：1H23净利同增33％，增长稳健展现需求韧性,点评,一般报告,中金,"刘中玉,陈显帆,刘婧",2024Q4,6278900.0,,411600.0,363600.0,1.32,33.7,1.0,22.3,20.7,跑赢行业,,60.0
600760.SH,中航沈飞,20230831,中航沈飞：1H23净利同增33％，增长稳健展现需求韧性,点评,一般报告,中金,"刘中玉,陈显帆,刘婧",2023Q4,5110200.0,,329300.0,290900.0,1.06,42.2,0.8,20.9,26.5,跑赢行业,,60.0
600760.SH,中航沈飞,20230831,中航沈飞：业绩超预期，军机龙头持续提质增效、高速增长,点评,一般报告,国泰君安,"彭磊,杨天昊,周明頔",2025Q4,7040100.0,,,554200.0,2.01,22.12,0.9,22.4,13.54,增持,,71.83
600760.SH,中航沈飞,20230831,中航沈飞：业绩超预期，军机龙头持续提质增效、高速增长,点评,一般报告,国泰君安,"彭磊,杨天昊,周明頔",2024Q4,5873500.0,,,420300.0,1.53,29.17,0.9,19.9,19.24,增持,,71.83
600760.SH,中航沈飞,20230831,中航沈飞：业绩超预期，军机龙头持续提质增效、高速增长,点评,一般报告,国泰君安,"彭磊,杨天昊,周明頔",2023Q4,4901300.0,,,312200.0,1.13,39.27,0.9,18.0,27.03,增持,,71.83
601088.SH,中国神华,20230831,中国神华：煤炭成本增长利润降低，电力量价齐升毛利率增长——2023中报点评,点评,一般报告,东兴证券,"曹奕丰,莫文娟",2025Q4,36733300.0,,10212000.0,7387400.0,3.72,7.65,,16.4,3.49,强烈推荐,,
601088.SH,中国神华,20230831,中国神华：煤炭成本增长利润降低，电力量价齐升毛利率增长——2023中报点评,点评,一般报告,东兴证券,"曹奕丰,莫文娟",2024Q4,35745100.0,,9787900.0,7080600.0,3.56,7.98,,16.4,3.86,强烈推荐,,
601088.SH,中国神华,20230831,中国神华：煤炭成本增长利润降低，电力量价齐升毛利率增长——2023中报点评,点评,一般报告,东兴证券,"曹奕丰,莫文娟",2023Q4,34812400.0,,9538200.0,6900000.0,3.47,8.19,,16.7,4.18,强烈推荐,,
601058.SH,赛轮轮胎,20230831,赛轮轮胎：成本压力释放结合需求提升，公司业绩大超预期,点评,一般报告,中信建投,卢昊,2025Q4,3730155.0,,,356782.0,1.16,10.25,,19.42,,买入,,
601058.SH,赛轮轮胎,20230831,赛轮轮胎：成本压力释放结合需求提升，公司业绩大超预期,点评,一般报告,中信建投,卢昊,2024Q4,3144155.0,,,313236.0,1.02,11.67,,19.58,,买入,,
601058.SH,赛轮轮胎,20230831,赛轮轮胎：成本压力释放结合需求提升，公司业绩大超预期,点评,一般报告,中信建投,卢昊,2023Q4,2739270.0,,,253504.0,0.83,14.42,,18.23,,买入,,
600057.SH,厦门象屿,20230831,厦门象屿：大宗商品价格下行使得1H23业绩承压，开拓新客户提高经营货量,点评,一般报告,海通国际证券,"Yali Luo,虞楠",2023Q4,51511000.0,,363100.0,201400.0,0.89,8.07,0.0,10.54,,优于大市,,9.77
600048.SH,保利发展,20230831,保利发展2023中报点评：城市深耕优势尽显，投拓积极未来可期,点评,一般报告,东吴证券,"房诚琦,白学松,肖畅",2025Q4,38068800.0,,5143500.0,2661800.0,2.22,6.63,,11.08,,买入,,
600048.SH,保利发展,20230831,保利发展2023中报点评：城市深耕优势尽显，投拓积极未来可期,点评,一般报告,东吴证券,"房诚琦,白学松,肖畅",2024Q4,35089700.0,,4667600.0,2348700.0,1.96,7.52,,10.51,,买入,,
600048.SH,保利发展,20230831,保利发展2023中报点评：城市深耕优势尽显，投拓积极未来可期,点评,一般报告,东吴证券,"房诚琦,白学松,肖畅",2023Q4,31847600.0,,3865400.0,2056400.0,1.72,8.59,,9.84,,买入,,
600760.SH,中航沈飞,20230831,中航沈飞：业绩超预期，军机龙头持续提质增效、高速增长,点评,一般报告,国泰君安,"彭磊,杨天昊,周明頔",2023Q3,,,,,0.85,,,,,增持,,71.83
600729.SH,重庆百货,20230831,重庆百货：1H23可比口径净利同增56.9％，业绩修复提速,点评,一般报告,中金,"樊俊豪,王杰睿",2024Q4,2430700.0,,164300.0,143600.0,3.53,9.6,3.2,21.1,11.9,跑赢行业,,40.0
600729.SH,重庆百货,20230831,重庆百货：1H23可比口径净利同增56.9％，业绩修复提速,点评,一般报告,中金,"樊俊豪,王杰睿",2023Q4,2200600.0,,155400.0,135700.0,3.34,10.1,3.1,23.7,13.3,跑赢行业,,40.0
300866.SZ,安克创新,20230831,安克创新：Q2单季度利润创新高，多产品线持续推新,点评,一般报告,兴业证券,"姚康,姚丹丹,金秋",2025Q4,2470100.0,,238600.0,214000.0,5.27,14.7,,20.4,,增持,,
300866.SZ,安克创新,20230831,安克创新：Q2单季度利润创新高，多产品线持续推新,点评,一般报告,兴业证券,"姚康,姚丹丹,金秋",2024Q4,2051000.0,,195500.0,175700.0,4.32,17.9,,19.5,,增持,,
300866.SZ,安克创新,20230831,安克创新：Q2单季度利润创新高，多产品线持续推新,点评,一般报告,兴业证券,"姚康,姚丹丹,金秋",2023Q4,1705400.0,,162400.0,144600.0,3.56,21.7,,18.5,,增持,,
601688.SH,华泰证券,20230831,华泰证券23H1点评：机构业务转型提速，资管投资驱动业绩增长,点评,一般报告,中信建投,"赵然,吴马涵旭",2024Q4,4230000.0,,,1520000.0,,,,,,买入,,20.0
601688.SH,华泰证券,20230831,华泰证券23H1点评：机构业务转型提速，资管投资驱动业绩增长,点评,一般报告,中信建投,"赵然,吴马涵旭",2023Q4,3760000.0,,,1320000.0,,,,,,买入,,20.0
601688.SH,华泰证券,20230831,华泰证券2023年半年报点评：投资业绩乘势反弹，机构业务有望高增,点评,一般报告,国泰君安,"刘欣琦,王思玥",2025Q4,4238900.0,,,1731200.0,1.91,8.5,4.4,9.5,,增持,,21.76
601688.SH,华泰证券,20230831,华泰证券2023年半年报点评：投资业绩乘势反弹，机构业务有望高增,点评,一般报告,国泰君安,"刘欣琦,王思玥",2024Q4,3873200.0,,,1521900.0,1.68,9.6,3.8,9.0,,增持,,21.76
601688.SH,华泰证券,20230831,华泰证券2023年半年报点评：投资业绩乘势反弹，机构业务有望高增,点评,一般报告,国泰君安,"刘欣琦,王思玥",2023Q4,3639800.0,,,1346800.0,1.48,10.9,3.4,8.5,,增持,,21.76
601688.SH,华泰证券,20230831,华泰证券2023年半年报点评：投资业绩乘势反弹，机构业务有望高增,点评,一般报告,国泰君安,"刘欣琦,王思玥",2023Q3,,,,,1.05,,,,,增持,,21.76
601677.SH,明泰铝业,20230831,明泰铝业：Q2业绩环比改善，持续发力再生铝和新能源产品,点评,一般报告,兴业证券,赖福洋,2025Q4,3806500.0,,277200.0,227000.0,2.12,6.5,,11.8,,增持,,
601677.SH,明泰铝业,20230831,明泰铝业：Q2业绩环比改善，持续发力再生铝和新能源产品,点评,一般报告,兴业证券,赖福洋,2024Q4,3275800.0,,241900.0,198000.0,1.85,7.5,,11.7,,增持,,
601677.SH,明泰铝业,20230831,明泰铝业：Q2业绩环比改善，持续发力再生铝和新能源产品,点评,一般报告,兴业证券,赖福洋,2023Q4,2878600.0,,205900.0,168600.0,1.58,8.8,,11.2,,增持,,
601456.SH,国联证券,20230831,国联证券：增速优于同业，基金收购落地,点评,一般报告,国信证券,"孔祥,陈莉",2025Q4,510500.0,,187700.0,149200.0,0.53,21.0,,7.82,,买入,,
601456.SH,国联证券,20230831,国联证券：增速优于同业，基金收购落地,点评,一般报告,国信证券,"孔祥,陈莉",2024Q4,432300.0,,159000.0,126300.0,0.45,24.79,,7.0,,买入,,
601456.SH,国联证券,20230831,国联证券：增速优于同业，基金收购落地,点评,一般报告,国信证券,"孔祥,陈莉",2023Q4,354100.0,,130300.0,103500.0,0.37,30.26,,6.03,,买入,,
601319.SH,中国人保,20230831,中国人保：财险维持稳健，寿险盈利向好,点评,一般报告,申万宏源证券,"袁豪,耿张逸",2025Q4,77744400.0,,,2910300.0,0.66,,,,,增持,,
601319.SH,中国人保,20230831,中国人保：财险维持稳健，寿险盈利向好,点评,一般报告,申万宏源证券,"袁豪,耿张逸",2024Q4,71999600.0,,,2616600.0,0.59,,,,,增持,,
601319.SH,中国人保,20230831,中国人保：财险维持稳健，寿险盈利向好,点评,一般报告,申万宏源证券,"袁豪,耿张逸",2023Q4,66830900.0,,,2269300.0,0.51,,,,,增持,,
601319.SH,中国人保,20230831,中国人保2023年半年报点评：综合成本率优于同业，新业务价值同比大幅增长,点评,一般报告,光大证券,"王一峰,黄怡婷",2025Q4,73560000.0,,5730000.0,3420000.0,0.77,7.65,,,,买入,,
601319.SH,中国人保,20230831,中国人保2023年半年报点评：综合成本率优于同业，新业务价值同比大幅增长,点评,一般报告,光大证券,"王一峰,黄怡婷",2024Q4,69710000.0,,5440000.0,3240000.0,0.73,8.06,,,,买入,,
601319.SH,中国人保,20230831,中国人保2023年半年报点评：综合成本率优于同业，新业务价值同比大幅增长,点评,一般报告,光大证券,"王一峰,黄怡婷",2023Q4,66180000.0,,4970000.0,2960000.0,0.67,8.82,,,,买入,,
601186.SH,中国铁建,20230831,中国铁建2023年中报点评：下半年业绩将加速好转，稳增长／中特估／国企改革共振,点评,一般报告,国泰君安,"韩其成,郭浩然,陈剑鑫",2025Q4,145971700.0,,,3678400.0,2.71,3.23,4.3,9.7,3.37,增持,,17.82
601186.SH,中国铁建,20230831,中国铁建2023年中报点评：下半年业绩将加速好转，稳增长／中特估／国企改革共振,点评,一般报告,国泰君安,"韩其成,郭浩然,陈剑鑫",2024Q4,133619800.0,,,3316900.0,2.44,3.59,3.8,9.5,2.75,增持,,17.82
601186.SH,中国铁建,20230831,中国铁建2023年中报点评：下半年业绩将加速好转，稳增长／中特估／国企改革共振,点评,一般报告,国泰君安,"韩其成,郭浩然,陈剑鑫",2023Q4,121019900.0,,,2995800.0,2.21,3.97,3.3,9.4,4.03,增持,,17.82
601186.SH,中国铁建,20230831,中国铁建2023年中报点评：下半年业绩将加速好转，稳增长／中特估／国企改革共振,点评,一般报告,国泰君安,"韩其成,郭浩然,陈剑鑫",2023Q3,,,,,1.53,,,,,增持,,17.82
601166.SH,兴业银行,20230831,兴业银行2023年中报点评：业绩增速明显回升，风险指标趋势向好,点评,一般报告,国泰君安,"张宇,郭昶皓",2025Q4,26513500.0,,15259000.0,13262400.0,6.384,2.56,14.15,14.05,,增持,,28.75
601166.SH,兴业银行,20230831,兴业银行2023年中报点评：业绩增速明显回升，风险指标趋势向好,点评,一般报告,国泰君安,"张宇,郭昶皓",2024Q4,24196300.0,,13621400.0,11839100.0,5.699,2.88,12.63,13.74,,增持,,28.75
601166.SH,兴业银行,20230831,兴业银行2023年中报点评：业绩增速明显回升，风险指标趋势向好,点评,一般报告,国泰君安,"张宇,郭昶皓",2023Q4,22157200.0,,11971000.0,10404700.0,5.008,3.29,11.1,13.26,,增持,,28.75
601166.SH,兴业银行,20230831,兴业银行2023年中报点评：业绩增速明显回升，风险指标趋势向好,点评,一般报告,国泰君安,"张宇,郭昶皓",2023Q3,,,,,3.86,,,,,增持,,28.75
601985.SH,中国核电,20230831,中国核电：核电核准提速业绩稳健，风光装机高增表现亮眼,点评,一般报告,招商证券,宋盈盈,2025Q4,9204900.0,,2666400.0,1258300.0,0.67,10.6,,11.6,9.1,强烈推荐,,
601985.SH,中国核电,20230831,中国核电：核电核准提速业绩稳健，风光装机高增表现亮眼,点评,一般报告,招商证券,宋盈盈,2024Q4,8347300.0,,2381900.0,1123900.0,0.6,11.9,,11.3,10.0,强烈推荐,,
601985.SH,中国核电,20230831,中国核电：核电核准提速业绩稳健，风光装机高增表现亮眼,点评,一般报告,招商证券,宋盈盈,2023Q4,7501300.0,,2105300.0,994600.0,0.53,13.5,,10.8,11.0,强烈推荐,,
601985.SH,中国核电,20230831,中国核电：1H23业绩符合我们预期；新能源增长亮眼,点评,一般报告,中金,"刘佳妮,陈显帆",2024Q4,7720400.0,,2574300.0,1201100.0,0.64,11.1,3.3,12.0,10.1,跑赢行业,,9.24
601985.SH,中国核电,20230831,中国核电：1H23业绩符合我们预期；新能源增长亮眼,点评,一般报告,中金,"刘佳妮,陈显帆",2023Q4,7389200.0,,2286200.0,1064700.0,0.56,12.6,2.9,11.5,9.6,跑赢行业,,9.24
601882.SH,海天精工,20230831,海天精工2023年半年报点评：毛利率持续提升，积极开拓海内外市场,点评,一般报告,国泰君安,"徐乔威,李启文",2025Q4,559400.0,,,94800.0,1.82,16.77,2.4,21.9,12.13,增持,,42.84
601882.SH,海天精工,20230831,海天精工2023年半年报点评：毛利率持续提升，积极开拓海内外市场,点评,一般报告,国泰君安,"徐乔威,李启文",2024Q4,464600.0,,,76900.0,1.47,20.67,2.0,22.8,16.1,增持,,42.84
601882.SH,海天精工,20230831,海天精工2023年半年报点评：毛利率持续提升，积极开拓海内外市场,点评,一般报告,国泰君安,"徐乔威,李启文",2023Q4,378800.0,,,62300.0,1.19,25.52,1.6,23.9,19.31,增持,,42.84
601882.SH,海天精工,20230831,海天精工2023年半年报点评：毛利率持续提升，积极开拓海内外市场,点评,一般报告,国泰君安,"徐乔威,李启文",2023Q3,,,,,0.94,,,,,增持,,42.84
601857.SH,中国石油,20230831,中国石油2023年半年报点评：增储上产进行时，净利润创历史最好水平,点评,一般报告,东吴证券,"陈淑娴,陈李,郭晶晶,何亦桢",2025Q4,312918400.0,,26710500.0,18510400.0,1.01,7.67,,11.12,,买入,,
601857.SH,中国石油,20230831,中国石油2023年半年报点评：增储上产进行时，净利润创历史最好水平,点评,一般报告,东吴证券,"陈淑娴,陈李,郭晶晶,何亦桢",2024Q4,300580500.0,,25564300.0,17716100.0,0.97,8.02,,11.33,,买入,,
601857.SH,中国石油,20230831,中国石油2023年半年报点评：增储上产进行时，净利润创历史最好水平,点评,一般报告,东吴证券,"陈淑娴,陈李,郭晶晶,何亦桢",2023Q4,304647100.0,,25194100.0,17459500.0,0.95,8.13,,11.91,,买入,,
601688.SH,华泰证券,20230831,华泰证券2023年中报点评：业绩超预期，看好长期ROE提升,点评,一般报告,华创证券,"徐康,刘潇伟",2025Q4,5046500.0,,1702600.0,1601000.0,1.76,9.1,,9.01,,推荐,,20.5
601688.SH,华泰证券,20230831,华泰证券2023年中报点评：业绩超预期，看好长期ROE提升,点评,一般报告,华创证券,"徐康,刘潇伟",2024Q4,4211400.0,,1504400.0,1414600.0,1.56,10.3,,8.5,,推荐,,20.5
601688.SH,华泰证券,20230831,华泰证券2023年中报点评：业绩超预期，看好长期ROE提升,点评,一般报告,华创证券,"徐康,刘潇伟",2023Q4,3484500.0,,1303200.0,1225200.0,1.35,11.9,,7.83,,推荐,,20.5
603077.SH,和邦生物,20230831,和邦生物：2023H1盈利承压，拟投资印尼联碱及草甘膦项目——公司信息更新报告,点评,一般报告,开源证券,"金益腾,徐正凤",2025Q4,1222700.0,,212000.0,178800.0,0.2,11.8,,7.6,3.8,买入,,
603077.SH,和邦生物,20230831,和邦生物：2023H1盈利承压，拟投资印尼联碱及草甘膦项目——公司信息更新报告,点评,一般报告,开源证券,"金益腾,徐正凤",2024Q4,1016200.0,,158400.0,134600.0,0.15,15.7,,6.1,6.3,买入,,
603077.SH,和邦生物,20230831,和邦生物：2023H1盈利承压，拟投资印尼联碱及草甘膦项目——公司信息更新报告,点评,一般报告,开源证券,"金益腾,徐正凤",2023Q4,960400.0,,179200.0,151000.0,0.17,14.0,,7.2,5.5,买入,,
603197.SH,保隆科技,20230831,保隆科技2023年中报业绩点评：空悬＋传感器两大新业务势如破竹,点评,一般报告,浙商证券,施毅,2025Q4,1024279.0,,98700.0,69145.0,3.31,17.45,,16.68,11.16,买入,,
603197.SH,保隆科技,20230831,保隆科技2023年中报业绩点评：空悬＋传感器两大新业务势如破竹,点评,一般报告,浙商证券,施毅,2024Q4,807564.0,,74300.0,52545.0,2.52,22.97,,15.02,14.08,买入,,
603197.SH,保隆科技,20230831,保隆科技2023年中报业绩点评：空悬＋传感器两大新业务势如破竹,点评,一般报告,浙商证券,施毅,2023Q4,601616.0,,56600.0,39007.0,1.87,30.94,,12.99,17.24,买入,,
603170.SH,宝立食品,20230831,宝立食品：关注大B业务韧性，空刻保持稳健,点评,一般报告,兴业证券,林佳雯,2025Q4,345700.0,,51300.0,37400.0,0.94,21.0,,18.3,,增持,,
603170.SH,宝立食品,20230831,宝立食品：关注大B业务韧性，空刻保持稳健,点评,一般报告,兴业证券,林佳雯,2024Q4,294600.0,,44800.0,32700.0,0.82,24.0,,19.6,,增持,,
002531.SZ,天顺风能,20230831,天顺风能：陆塔收入稳步增长，海工业务开始贡献业绩,点评,一般报告,中银国际,"武佳雄,许怡然",2025Q4,2034700.0,,269400.0,235700.0,1.31,10.2,1.0,17.6,10.0,买入,,
002531.SZ,天顺风能,20230831,天顺风能：陆塔收入稳步增长，海工业务开始贡献业绩,点评,一般报告,中银国际,"武佳雄,许怡然",2024Q4,1783800.0,,213800.0,187100.0,1.04,12.8,0.8,16.6,10.4,买入,,
002531.SZ,天顺风能,20230831,天顺风能：陆塔收入稳步增长，海工业务开始贡献业绩,点评,一般报告,中银国际,"武佳雄,许怡然",2023Q4,1400600.0,,158900.0,139000.0,0.77,17.2,0.0,14.5,16.6,买入,,
002459.SZ,晶澳科技,20230831,晶澳科技：垂直一体化持续深化,点评,一般报告,华泰证券,"申建国,边文姣,周敦伟,吴柯良",2025Q4,13219900.0,,1683300.0,1461500.0,4.41,6.47,,23.19,4.82,增持,,36.48
002459.SZ,晶澳科技,20230831,晶澳科技：垂直一体化持续深化,点评,一般报告,华泰证券,"申建国,边文姣,周敦伟,吴柯良",2024Q4,11181100.0,,1467500.0,1271100.0,3.84,7.44,,25.39,3.06,增持,,36.48
002459.SZ,晶澳科技,20230831,晶澳科技：垂直一体化持续深化,点评,一般报告,华泰证券,"申建国,边文姣,周敦伟,吴柯良",2023Q4,9638100.0,,1164700.0,1004800.0,3.04,9.41,,25.76,6.49,增持,,36.48
002440.SZ,闰土股份,20230831,闰土股份：2Q23业绩环比修复明显，亟待供需格局重塑,点评,一般报告,中金,"裘孝锋,李熹凌,夏斯亭",2024Q4,631600.0,131300.0,89100.0,64500.0,0.56,12.4,3.8,6.4,5.2,跑赢行业,,8.5
002440.SZ,闰土股份,20230831,闰土股份：2Q23业绩环比修复明显，亟待供需格局重塑,点评,一般报告,中金,"裘孝锋,李熹凌,夏斯亭",2023Q4,606200.0,101300.0,59500.0,42500.0,0.37,18.8,2.5,4.4,7.3,跑赢行业,,8.5
002318.SZ,久立特材,20230831,久立特材2023年中报点评：主业盈利超预期，研发驱动显效果,点评,一般报告,东方证券,"刘洋,李一冉,滕朱军,李柔璇,孟宪博",2025Q4,828000.0,,155700.0,137000.0,1.4,12.7,,16.3,8.4,买入,,21.87
002318.SZ,久立特材,20230831,久立特材2023年中报点评：主业盈利超预期，研发驱动显效果,点评,一般报告,东方证券,"刘洋,李一冉,滕朱军,李柔璇,孟宪博",2024Q4,802900.0,,145200.0,127800.0,1.31,13.6,,16.7,9.1,买入,,21.87
002318.SZ,久立特材,20230831,久立特材2023年中报点评：主业盈利超预期，研发驱动显效果,点评,一般报告,东方证券,"刘洋,李一冉,滕朱军,李柔璇,孟宪博",2023Q4,767200.0,,159500.0,144100.0,1.48,12.1,,21.4,8.6,买入,,21.87
300122.SZ,智飞生物,20230831,智飞生物：业绩符合预期，看好自主板块持续催化,点评,一般报告,德邦证券,陈铁林,2025Q4,6549300.0,,1595900.0,1374400.0,5.73,7.88,1.3,23.5,4.91,买入,,
300122.SZ,智飞生物,20230831,智飞生物：业绩符合预期，看好自主板块持续催化,点评,一般报告,德邦证券,陈铁林,2024Q4,5645300.0,,1324700.0,1139000.0,4.75,9.5,1.3,25.4,6.56,买入,,
300122.SZ,智飞生物,20230831,智飞生物：业绩符合预期，看好自主板块持续催化,点评,一般报告,德邦证券,陈铁林,2023Q4,4625200.0,,1071400.0,920400.0,3.83,11.76,1.3,27.5,8.84,买入,,
300384.SZ,三联虹普,20230831,三联虹普2023年半年报点评：再生PET＆PA项目落地驱动业绩增长,点评,首份报告,国泰君安,"徐强,孙羲昱,于歆",2025Q4,194000.0,,,46500.0,1.46,11.52,2.1,14.7,5.72,增持,,29.45
300384.SZ,三联虹普,20230831,三联虹普2023年半年报点评：再生PET＆PA项目落地驱动业绩增长,点评,首份报告,国泰君安,"徐强,孙羲昱,于歆",2024Q4,158600.0,,,37500.0,1.18,14.27,1.7,13.4,8.34,增持,,29.45
300384.SZ,三联虹普,20230831,三联虹普2023年半年报点评：再生PET＆PA项目落地驱动业绩增长,点评,首份报告,国泰君安,"徐强,孙羲昱,于歆",2023Q4,129700.0,,,30500.0,0.96,17.54,1.9,12.1,11.26,增持,,29.45
300384.SZ,三联虹普,20230831,三联虹普2023年半年报点评：再生PET＆PA项目落地驱动业绩增长,点评,首份报告,国泰君安,"徐强,孙羲昱,于歆",2023Q3,,,,,0.67,,,,,增持,,29.45
200625.SZ,长安B,20230831,长安B：自主经营利润表现稳健，新能源占比有望再突破,点评,一般报告,中金,"邓学,常菁,陈雅婷",2024Q4,17284000.0,,1139000.0,1064800.0,1.07,3.0,,14.5,3.0,跑赢行业,,18.5
200625.SZ,长安B,20230831,长安B：自主经营利润表现稳健，新能源占比有望再突破,点评,一般报告,中金,"邓学,常菁,陈雅婷",2023Q4,14778900.0,,979900.0,921000.0,0.93,3.6,,13.9,4.1,跑赢行业,,18.5
603170.SH,宝立食品,20230831,宝立食品：关注大B业务韧性，空刻保持稳健,点评,一般报告,兴业证券,林佳雯,2023Q4,251300.0,,43600.0,31800.0,0.8,24.0,,23.6,,增持,,
603517.SH,绝味食品,20230831,绝味食品2023年半年报点评：成本端拐点已现，盈利改善可期,点评,一般报告,国海证券,"薛玉虎,刘洁铭,秦一方",2025Q4,1093600.0,,147200.0,123600.0,1.96,18.32,,11.0,11.63,买入,,
603517.SH,绝味食品,20230831,绝味食品2023年半年报点评：成本端拐点已现，盈利改善可期,点评,一般报告,国海证券,"薛玉虎,刘洁铭,秦一方",2024Q4,910300.0,,118800.0,99100.0,1.57,22.86,,10.0,14.32,买入,,
603517.SH,绝味食品,20230831,绝味食品2023年半年报点评：成本端拐点已现，盈利改善可期,点评,一般报告,国海证券,"薛玉虎,刘洁铭,秦一方",2023Q4,779300.0,,82900.0,68100.0,1.08,33.24,,8.0,21.34,买入,,
603517.SH,绝味食品,20230831,绝味食品：门店持续扩张，盈利拐点可期,点评,一般报告,中银国际,"邓天娇,汤玮亮",2025Q4,1053400.0,,169900.0,124800.0,1.98,18.1,2.7,14.8,8.9,买入,,
603517.SH,绝味食品,20230831,绝味食品：门店持续扩张，盈利拐点可期,点评,一般报告,中银国际,"邓天娇,汤玮亮",2024Q4,904700.0,,137500.0,101100.0,1.6,22.4,2.2,13.0,9.9,买入,,
603517.SH,绝味食品,20230831,绝味食品：门店持续扩张，盈利拐点可期,点评,一般报告,中银国际,"邓天娇,汤玮亮",2023Q4,770700.0,,91500.0,67200.0,1.07,33.7,1.5,9.3,13.5,买入,,
002984.SZ,森麒麟,20230831,森麒麟：景气周期下业绩持续提升，海外基地提供利润增长点,点评,一般报告,中信建投,卢昊,2025Q4,1263222.0,,,226843.0,3.049,9.28,,17.7,,买入,,
002984.SZ,森麒麟,20230831,森麒麟：景气周期下业绩持续提升，海外基地提供利润增长点,点评,一般报告,中信建投,卢昊,2024Q4,1057687.0,,,187135.0,2.515,11.25,,17.56,,买入,,
002984.SZ,森麒麟,20230831,森麒麟：景气周期下业绩持续提升，海外基地提供利润增长点,点评,一般报告,中信建投,卢昊,2023Q4,852176.0,,,131924.0,1.773,15.96,,14.86,,买入,,
002984.SZ,森麒麟,20230831,森麒麟23H1业绩点评：23Q2业绩符合预期，海外项目有序推进,点评,一般报告,国泰君安,"钟浩,钱伟伦,沈唯",2025Q4,1296000.0,,,219800.0,2.95,11.0,0.5,14.1,4.75,增持,,40.6
002984.SZ,森麒麟,20230831,森麒麟23H1业绩点评：23Q2业绩符合预期，海外项目有序推进,点评,一般报告,国泰君安,"钟浩,钱伟伦,沈唯",2024Q4,1099600.0,,,171900.0,2.31,14.07,0.5,12.8,6.92,增持,,40.6
002984.SZ,森麒麟,20230831,森麒麟23H1业绩点评：23Q2业绩符合预期，海外项目有序推进,点评,一般报告,国泰君安,"钟浩,钱伟伦,沈唯",2023Q4,858900.0,,,142300.0,1.91,17.0,0.5,12.1,7.98,增持,,40.6
002984.SZ,森麒麟,20230831,森麒麟23H1业绩点评：23Q2业绩符合预期，海外项目有序推进,点评,一般报告,国泰君安,"钟浩,钱伟伦,沈唯",2023Q3,,,,,1.45,,,,,增持,,40.6
002919.SZ,名臣健康,20230831,名臣健康2023年中报点评：业绩符合预期，弹性有望持续兑现,点评,一般报告,东吴证券,"张良卫,周良玖,陈欣",2025Q4,312000.0,,68700.0,79000.0,3.56,10.06,,29.64,,买入,,
002919.SZ,名臣健康,20230831,名臣健康2023年中报点评：业绩符合预期，弹性有望持续兑现,点评,一般报告,东吴证券,"张良卫,周良玖,陈欣",2024Q4,274500.0,,59400.0,68300.0,3.08,11.64,,36.42,,买入,,
002919.SZ,名臣健康,20230831,名臣健康2023年中报点评：业绩符合预期，弹性有望持续兑现,点评,一般报告,东吴证券,"张良卫,周良玖,陈欣",2023Q4,242300.0,,35000.0,40200.0,1.81,19.76,,33.74,,买入,,
002916.SZ,深南电路,20230831,深南电路2023年中报点评：需求不振业绩短期承压，Q2环比修复,点评,一般报告,东方财富证券,"邹杰,刘琦",2025Q4,1933987.0,,247056.0,234680.0,4.58,13.75,,13.06,7.05,增持,,
002916.SZ,深南电路,20230831,深南电路2023年中报点评：需求不振业绩短期承压，Q2环比修复,点评,一般报告,东方财富证券,"邹杰,刘琦",2024Q4,1727649.0,,200512.0,190468.0,3.71,16.94,,12.33,8.87,增持,,
002916.SZ,深南电路,20230831,深南电路2023年中报点评：需求不振业绩短期承压，Q2环比修复,点评,一般报告,东方财富证券,"邹杰,刘琦",2023Q4,1482470.0,,151940.0,144329.0,2.81,22.35,,10.8,10.93,增持,,
002727.SZ,一心堂,20230831,一心堂：业绩稳健增长，持续深耕细作,点评,一般报告,天风证券,杨松,2025Q4,2709725.0,,193650.0,159726.0,2.68,8.54,,14.99,2.23,买入,,
002727.SZ,一心堂,20230831,一心堂：业绩稳健增长，持续深耕细作,点评,一般报告,天风证券,杨松,2024Q4,2305599.0,,166197.0,137730.0,2.31,9.9,,14.63,3.07,买入,,
002727.SZ,一心堂,20230831,一心堂：业绩稳健增长，持续深耕细作,点评,一般报告,天风证券,杨松,2023Q4,1985495.0,,140686.0,116477.0,1.95,11.71,,13.97,4.26,买入,,
002726.SZ,龙大美食,20230831,龙大美食：养殖拖累业绩，预制菜收入高增,点评,一般报告,华泰证券,"熊承慧,龚源月,冯源",2025Q4,2111500.0,,46663.0,39851.0,0.37,20.31,,10.3,10.36,买入,,10.77
002726.SZ,龙大美食,20230831,龙大美食：养殖拖累业绩，预制菜收入高增,点评,一般报告,华泰证券,"熊承慧,龚源月,冯源",2024Q4,2509900.0,,28371.0,24438.0,0.23,33.12,,6.97,16.66,买入,,10.77
002726.SZ,龙大美食,20230831,龙大美食：养殖拖累业绩，预制菜收入高增,点评,一般报告,华泰证券,"熊承慧,龚源月,冯源",2023Q4,1621200.0,,-21584.0,-18213.0,-0.17,,,-5.51,224.05,买入,,10.77
002614.SZ,奥佳华,20230831,奥佳华：出口下滑环比扩大，盈利能力依然承压,深度,一般报告,中金,"韦一飞,何伟,张沁仪",2024Q4,580400.0,,41200.0,31000.0,0.5,15.8,0.9,6.4,6.8,中性,,8.5
002614.SZ,奥佳华,20230831,奥佳华：出口下滑环比扩大，盈利能力依然承压,深度,一般报告,中金,"韦一飞,何伟,张沁仪",2023Q4,549000.0,,28100.0,21200.0,0.34,23.2,0.6,4.5,9.1,中性,,8.5
002597.SZ,金禾实业,20230831,金禾实业：食品添加剂跌价业绩承压，定远二期带来成长性,点评,一般报告,招商证券,"周铮,曹承安",2025Q4,642900.0,,136400.0,120500.0,2.15,10.0,,14.1,6.9,增持,,
002597.SZ,金禾实业,20230831,金禾实业：食品添加剂跌价业绩承压，定远二期带来成长性,点评,一般报告,招商证券,"周铮,曹承安",2024Q4,589100.0,,112400.0,99400.0,1.77,12.1,,12.9,8.0,增持,,
002597.SZ,金禾实业,20230831,金禾实业：食品添加剂跌价业绩承压，定远二期带来成长性,点评,一般报告,招商证券,"周铮,曹承安",2023Q4,547900.0,,86200.0,76500.0,1.36,15.8,,10.6,10.2,增持,,
002110.SZ,三钢闽光,20230831,三钢闽光2023半年报业绩点评：产量同比增长，盈利短期承压,点评,一般报告,国泰君安,"李鹏飞,魏雨迪,王宏玉",2025Q4,5351900.0,,,64100.0,0.26,18.29,2.7,2.9,6.69,增持,,5.67
002110.SZ,三钢闽光,20230831,三钢闽光2023半年报业绩点评：产量同比增长，盈利短期承压,点评,一般报告,国泰君安,"李鹏飞,魏雨迪,王宏玉",2024Q4,5233700.0,,,34000.0,0.14,34.43,1.5,1.6,9.15,增持,,5.67
002110.SZ,三钢闽光,20230831,三钢闽光2023半年报业绩点评：产量同比增长，盈利短期承压,点评,一般报告,国泰君安,"李鹏飞,魏雨迪,王宏玉",2023Q4,5118100.0,,,4600.0,0.0188,253.82,0.2,0.2,12.07,增持,,5.67
002110.SZ,三钢闽光,20230831,三钢闽光2023半年报业绩点评：产量同比增长，盈利短期承压,点评,一般报告,国泰君安,"李鹏飞,魏雨迪,王宏玉",2023Q3,,,,,-0.02,,,,,增持,,5.67
000887.SZ,中鼎股份,20230831,中鼎股份：多元业务均衡发展，智能底盘步履不停,点评,一般报告,华泰证券,"宋亭亭,陈诗慧",2025Q4,2229300.0,,213100.0,182200.0,1.38,8.73,,12.08,5.3,买入,,18.57
000887.SZ,中鼎股份,20230831,中鼎股份：多元业务均衡发展，智能底盘步履不停,点评,一般报告,华泰证券,"宋亭亭,陈诗慧",2024Q4,1946600.0,,167200.0,145300.0,1.1,10.95,,10.63,6.68,买入,,18.57
000887.SZ,中鼎股份,20230831,中鼎股份：多元业务均衡发展，智能底盘步履不停,点评,一般报告,华泰证券,"宋亭亭,陈诗慧",2023Q4,1698300.0,,133500.0,115900.0,0.88,13.72,,9.29,8.08,买入,,18.57
000776.SZ,广发证券,20230831,广发证券2023年半年报点评：投资驱动业绩改善，政策助推超预期发展,点评,一般报告,国泰君安,"刘欣琦,王思玥",2025Q4,3391100.0,,,1251600.0,1.64,9.3,3.6,9.0,,增持,,17.94
000776.SZ,广发证券,20230831,广发证券2023年半年报点评：投资驱动业绩改善，政策助推超预期发展,点评,一般报告,国泰君安,"刘欣琦,王思玥",2024Q4,3159100.0,,,1120500.0,1.47,10.4,3.2,8.7,,增持,,17.94
000776.SZ,广发证券,20230831,广发证券2023年半年报点评：投资驱动业绩改善，政策助推超预期发展,点评,一般报告,国泰君安,"刘欣琦,王思玥",2023Q4,2918700.0,,,992700.0,1.3,11.8,2.9,8.2,,增持,,17.94
000776.SZ,广发证券,20230831,广发证券2023年半年报点评：投资驱动业绩改善，政策助推超预期发展,点评,一般报告,国泰君安,"刘欣琦,王思玥",2023Q3,,,,,0.9,,,,,增持,,17.94
000625.SZ,长安汽车,20230831,长安汽车：自主经营利润表现稳健，新能源占比有望再突破,点评,一般报告,中金,"邓学,常菁,陈雅婷",2024Q4,17284000.0,,1139000.0,1064800.0,1.07,12.4,5.2,14.5,3.0,跑赢行业,,18.5
000625.SZ,长安汽车,20230831,长安汽车：自主经营利润表现稳健，新能源占比有望再突破,点评,一般报告,中金,"邓学,常菁,陈雅婷",2023Q4,14778900.0,,979900.0,921000.0,0.93,14.4,2.1,13.9,4.1,跑赢行业,,18.5
000596.SZ,古井贡酒,20230831,古井贡酒：Q2业绩超预期，盈利能力提升上台阶,点评,一般报告,兴业证券,郭晓东,2025Q4,2801900.0,,924000.0,663800.0,12.56,22.2,,23.3,,增持,,
000596.SZ,古井贡酒,20230831,古井贡酒：Q2业绩超预期，盈利能力提升上台阶,点评,一般报告,兴业证券,郭晓东,2024Q4,2402000.0,,752000.0,540000.0,10.22,27.3,,22.0,,增持,,
000596.SZ,古井贡酒,20230831,古井贡酒：Q2业绩超预期，盈利能力提升上台阶,点评,一般报告,兴业证券,郭晓东,2023Q4,2029300.0,,590600.0,425400.0,8.05,34.6,,20.1,,增持,,
600026.SH,中远海能,20230831,中远海能：强劲运价助推盈利高增长，看好油运上行机会,点评,一般报告,兴业证券,"张晓云,肖祎,王凯",2025Q4,3028300.0,,1359100.0,974400.0,2.04,6.6,,17.7,,增持,,
600026.SH,中远海能,20230831,中远海能：强劲运价助推盈利高增长，看好油运上行机会,点评,一般报告,兴业证券,"张晓云,肖祎,王凯",2024Q4,2787600.0,,1185400.0,882700.0,1.85,7.3,,19.4,,增持,,
600026.SH,中远海能,20230831,中远海能：强劲运价助推盈利高增长，看好油运上行机会,点评,一般报告,兴业证券,"张晓云,肖祎,王凯",2023Q4,2387300.0,,858400.0,659900.0,1.38,9.8,,18.0,,增持,,
600026.SH,中远海能,20230831,中远海能：1H23业绩符合预期，油运市场周期向上,点评,一般报告,中金,"刘钢贤,王艺璇,冯启斌,杨鑫",2024Q4,2801600.0,,787700.0,676100.0,1.42,9.6,4.2,17.5,7.1,跑赢行业,,19.18
600026.SH,中远海能,20230831,中远海能：1H23业绩符合预期，油运市场周期向上,点评,一般报告,中金,"刘钢贤,王艺璇,冯启斌,杨鑫",2023Q4,2402900.0,774200.0,643100.0,546000.0,1.14,11.9,3.4,16.1,8.3,跑赢行业,,19.18
600012.SH,皖通高速,20230831,皖通高速：二季度扣非归母净利润大增62.4％，期待暑运旺季表现,一般,一般报告,中信建投,"韩军,李琛",2025Q4,579179.0,,359581.0,242057.0,1.46,7.31,,17.86,3.9,买入,,13.13
600012.SH,皖通高速,20230831,皖通高速：二季度扣非归母净利润大增62.4％，期待暑运旺季表现,一般,一般报告,中信建投,"韩军,李琛",2024Q4,891321.0,,322153.0,217087.0,1.31,8.15,,16.77,4.68,买入,,13.13
600012.SH,皖通高速,20230831,皖通高速：二季度扣非归母净利润大增62.4％，期待暑运旺季表现,一般,一般报告,中信建投,"韩军,李琛",2023Q4,843871.0,,284199.0,191113.0,1.15,9.26,,15.41,5.27,买入,,13.13
600007.SH,中国国贸,20230831,中国国贸：上半年收入利润稳增，经营势头持续向好,点评,一般报告,中金,"王惠菁,张芳妍,张宇",2024Q4,435300.0,,192800.0,144100.0,1.43,14.0,4.5,14.3,6.7,跑赢行业,,23.6
600007.SH,中国国贸,20230831,中国国贸：上半年收入利润稳增，经营势头持续向好,点评,一般报告,中金,"王惠菁,张芳妍,张宇",2023Q4,395800.0,,173600.0,129800.0,1.29,15.5,4.1,13.7,7.6,跑赢行业,,23.6
301122.SZ,采纳股份,20230831,采纳股份公司事件点评报告：海外去库存影响逐步出清，新产能落地可期,点评,首次关注,华鑫证券,"俞家宁,胡博新",2025Q4,87100.0,,31900.0,28100.0,2.3,15.5,,12.3,,买入,,
301122.SZ,采纳股份,20230831,采纳股份公司事件点评报告：海外去库存影响逐步出清，新产能落地可期,点评,首次关注,华鑫证券,"俞家宁,胡博新",2024Q4,65100.0,,23100.0,20300.0,1.67,21.4,,10.1,,买入,,
301122.SZ,采纳股份,20230831,采纳股份公司事件点评报告：海外去库存影响逐步出清，新产能落地可期,点评,首次关注,华鑫证券,"俞家宁,胡博新",2023Q4,49100.0,,16700.0,14700.0,1.21,29.5,,7.9,,买入,,
300545.SZ,联得装备,20230831,联得装备2023年中报点评：2023H1营收利润高增，面板装备领军者多领域发力,点评,一般报告,东方财富证券,"邹杰,刘琦",2025Q4,194221.0,,29783.0,25869.0,1.46,17.03,,12.13,11.38,增持,,
300545.SZ,联得装备,20230831,联得装备2023年中报点评：2023H1营收利润高增，面板装备领军者多领域发力,点评,一般报告,东方财富证券,"邹杰,刘琦",2024Q4,162336.0,,24588.0,21357.0,1.2,20.63,,11.4,13.92,增持,,
002304.SZ,洋河股份,20230831,洋河股份2023年中报点评：Q2符合预期，经营稳健向上,点评,一般报告,中信证券,"江旭东,姜娅,蒋祎",2025Q4,4815600.0,,2201800.0,1656600.0,10.99,12.2,,24.2,,买入,,200.0
002304.SZ,洋河股份,20230831,洋河股份2023年中报点评：Q2符合预期，经营稳健向上,点评,一般报告,中信证券,"江旭东,姜娅,蒋祎",2024Q4,4142600.0,,1818300.0,1369100.0,9.09,14.7,,22.8,,买入,,200.0
002304.SZ,洋河股份,20230831,洋河股份2023年中报点评：Q2符合预期，经营稳健向上,点评,一般报告,中信证券,"江旭东,姜娅,蒋祎",2023Q4,3537100.0,,1509600.0,1138300.0,7.55,17.7,,21.4,,买入,,200.0
002277.SZ,友阿股份,20230831,友阿股份2023年半年报点评：便利店发展较为迅速，启动“百舸争流”品牌扶持计划,点评,一般报告,光大证券,"唐佳睿,田然",2025Q4,,,12300.0,14000.0,0.1,33.0,0.0,2.02,12.6,增持,,
002277.SZ,友阿股份,20230831,友阿股份2023年半年报点评：便利店发展较为迅速，启动“百舸争流”品牌扶持计划,点评,一般报告,光大证券,"唐佳睿,田然",2024Q4,,,6300.0,10100.0,0.0724,45.0,0.0,1.48,15.2,增持,,
002277.SZ,友阿股份,20230831,友阿股份2023年半年报点评：便利店发展较为迅速，启动“百舸争流”品牌扶持计划,点评,一般报告,光大证券,"唐佳睿,田然",2023Q4,,,800.0,6500.0,0.0466,70.0,0.0,0.98,16.6,增持,,
000555.SZ,神州信息,20230831,神州信息：金融订单加速，股权激励高目标,点评,一般报告,中金,"魏鹳霏,于钟海",2024Q4,1406500.0,,53000.0,50100.0,0.51,23.6,0.6,7.5,15.8,跑赢行业,,18.0
000555.SZ,神州信息,20230831,神州信息：金融订单加速，股权激励高目标,点评,一般报告,中金,"魏鹳霏,于钟海",2023Q4,1296600.0,,40700.0,35400.0,0.36,33.3,0.5,5.7,19.3,跑赢行业,,18.0
000333.SZ,美的集团,20230831,美的集团：整体表现稳健，盈利能力持续改善,点评,一般报告,国盛证券,"徐程颖,陈思琪",2025Q4,44087700.0,,4912400.0,4152700.0,5.91,9.6,,18.9,6.4,买入,,
000333.SZ,美的集团,20230831,美的集团：整体表现稳健，盈利能力持续改善,点评,一般报告,国盛证券,"徐程颖,陈思琪",2024Q4,40897600.0,,4443900.0,3769400.0,5.37,10.6,,19.7,7.8,买入,,
000333.SZ,美的集团,20230831,美的集团：整体表现稳健，盈利能力持续改善,点评,一般报告,国盛证券,"徐程颖,陈思琪",2023Q4,37659000.0,,4054500.0,3407000.0,4.85,11.7,,20.5,8.6,买入,,
688629.SH,华丰科技,20230831,华丰科技2023年中报点评：业绩短期承压，高速通信产品持续领先,点评,一般报告,中信证券,黄亚元,2025Q4,215500.0,,23100.0,23000.0,0.5,45.2,,12.0,32.2,无,,
688629.SH,华丰科技,20230831,华丰科技2023年中报点评：业绩短期承压，高速通信产品持续领先,点评,一般报告,中信证券,黄亚元,2024Q4,158800.0,,15500.0,15700.0,0.34,66.4,,9.3,44.2,无,,
688629.SH,华丰科技,20230831,华丰科技2023年中报点评：业绩短期承压，高速通信产品持续领先,点评,一般报告,中信证券,黄亚元,2023Q4,110700.0,,10100.0,10400.0,0.23,98.2,,6.8,59.6,无,,
688006.SH,杭可科技,20230831,杭可科技2023年半年报点评：盈利能力显著提升，看好海外订单进一步放量,点评,一般报告,东吴证券,"周尔双,刘晓旭,李文意",2025Q4,680900.0,,180700.0,160800.0,2.66,10.25,,22.06,,买入,,
300545.SZ,联得装备,20230831,联得装备2023年中报点评：2023H1营收利润高增，面板装备领军者多领域发力,点评,一般报告,东方财富证券,"邹杰,刘琦",2023Q4,130133.0,,20166.0,17516.0,0.99,25.16,,10.55,16.84,增持,,
300498.SZ,温氏股份,20230831,温氏股份：固本强基，稳健发展，养殖龙头行稳致远,点评,一般报告,中金,"樊俊豪,王思洋,龙友琪",2024Q4,11614400.0,1652700.0,676500.0,548000.0,0.82,20.6,1.5,12.6,10.1,跑赢行业,,23.0
300498.SZ,温氏股份,20230831,温氏股份：固本强基，稳健发展，养殖龙头行稳致远,点评,一般报告,中金,"樊俊豪,王思洋,龙友琪",2023Q4,9715000.0,1184700.0,408600.0,310900.0,0.47,36.2,0.8,7.7,13.6,跑赢行业,,23.0
300454.SZ,深信服,20230831,深信服：短期业绩承压，但企业客户恢复较快,点评,一般报告,平安证券,"付强,闫磊",2025Q4,1253200.0,,39100.0,39100.0,0.94,114.8,,4.5,71.0,推荐,,
300454.SZ,深信服,20230831,深信服：短期业绩承压，但企业客户恢复较快,点评,一般报告,平安证券,"付强,闫磊",2024Q4,1034900.0,,31000.0,31000.0,0.74,144.6,,3.7,79.0,推荐,,
300454.SZ,深信服,20230831,深信服：短期业绩承压，但企业客户恢复较快,点评,一般报告,平安证券,"付强,闫磊",2023Q4,850500.0,,22700.0,22700.0,0.54,197.8,,2.8,98.0,推荐,,
300454.SZ,深信服,20230831,深信服：毛利率稳步提升，经营现金流明显改善,点评,一般报告,中金,"李虹洁,袁佳妮,钱凯",2024Q4,1115700.0,,57300.0,50900.0,1.22,88.1,0.0,6.1,68.3,跑赢行业,,166.0
300454.SZ,深信服,20230831,深信服：毛利率稳步提升，经营现金流明显改善,点评,一般报告,中金,"李虹洁,袁佳妮,钱凯",2023Q4,892700.0,,43600.0,38700.0,0.93,115.9,0.0,4.9,92.6,跑赢行业,,166.0
300438.SZ,鹏辉能源,20230831,鹏辉能源：1H23业绩低于预期，动力、储能阶段性承压,点评,一般报告,中金,"曾韬,王颖东,季枫,杜懿臻",2024Q4,1455000.0,267000.0,118100.0,105000.0,2.28,17.0,0.0,20.2,9.8,跑赢行业,,45.0
300438.SZ,鹏辉能源,20230831,鹏辉能源：1H23业绩低于预期，动力、储能阶段性承压,点评,一般报告,中金,"曾韬,王颖东,季枫,杜懿臻",2023Q4,982500.0,185800.0,78800.0,71100.0,1.54,25.1,0.0,16.5,13.7,跑赢行业,,45.0
300820.SZ,英杰电气,20230831,英杰电气：工业电源引领国产替代，充电桩开启新成长曲线,深度,首次关注,华安证券,"张帆,徒月婷",2025Q4,375800.0,,102700.0,89300.0,4.06,15.51,,27.3,10.42,买入,,
300820.SZ,英杰电气,20230831,英杰电气：工业电源引领国产替代，充电桩开启新成长曲线,深度,首次关注,华安证券,"张帆,徒月婷",2024Q4,267800.0,,71600.0,62300.0,2.83,22.24,,25.04,14.88,买入,,
300820.SZ,英杰电气,20230831,英杰电气：工业电源引领国产替代，充电桩开启新成长曲线,深度,首次关注,华安证券,"张帆,徒月婷",2023Q4,193700.0,,53000.0,46000.0,2.09,30.09,,23.31,20.35,买入,,
300755.SZ,华致酒行,20230831,华致酒行公司事件点评报告：利润短期承压，看好精品酒增长,点评,一般报告,华鑫证券,孙山山,2025Q4,1330300.0,,60100.0,52200.0,1.25,18.1,,11.9,,买入,,
300755.SZ,华致酒行,20230831,华致酒行公司事件点评报告：利润短期承压，看好精品酒增长,点评,一般报告,华鑫证券,孙山山,2024Q4,1148400.0,,46400.0,40300.0,0.97,23.5,,9.8,,买入,,
300755.SZ,华致酒行,20230831,华致酒行公司事件点评报告：利润短期承压，看好精品酒增长,点评,一般报告,华鑫证券,孙山山,2023Q4,970500.0,,33900.0,29400.0,0.7,32.2,,7.6,,买入,,
300748.SZ,金力永磁,20230831,金力永磁2023中报点评：新增产能有序推进，公司成长优势逐步凸显,点评,一般报告,东方证券,"刘洋,李一冉,滕朱军,孟宪博,李柔璇",2025Q4,1292280.0,,170400.0,152060.0,1.13,15.3,,16.7,10.1,买入,,20.47
300748.SZ,金力永磁,20230831,金力永磁2023中报点评：新增产能有序推进，公司成长优势逐步凸显,点评,一般报告,东方证券,"刘洋,李一冉,滕朱军,孟宪博,李柔璇",2024Q4,1010829.0,,133800.0,119441.0,0.89,19.5,,14.8,12.9,买入,,20.47
300748.SZ,金力永磁,20230831,金力永磁2023中报点评：新增产能有序推进，公司成长优势逐步凸显,点评,一般报告,东方证券,"刘洋,李一冉,滕朱军,孟宪博,李柔璇",2023Q4,786533.0,,85800.0,76596.0,0.57,30.4,,10.7,20.1,买入,,20.47
300737.SZ,科顺股份,20230831,科顺股份：减值规模较大，公司渠道调整持续进行中,点评,一般报告,中银国际,"陈浩武,林祁桢,杨逸菲,郝子禹",2025Q4,1381000.0,,101000.0,88900.0,0.76,10.7,3.1,13.0,7.4,买入,,
300737.SZ,科顺股份,20230831,科顺股份：减值规模较大，公司渠道调整持续进行中,点评,一般报告,中银国际,"陈浩武,林祁桢,杨逸菲,郝子禹",2024Q4,1109800.0,,69100.0,60800.0,0.52,15.6,2.1,9.7,10.6,买入,,
300737.SZ,科顺股份,20230831,科顺股份：减值规模较大，公司渠道调整持续进行中,点评,一般报告,中银国际,"陈浩武,林祁桢,杨逸菲,郝子禹",2023Q4,886000.0,,37700.0,33200.0,0.28,28.6,1.2,5.7,14.3,买入,,
600406.SH,国电南瑞,20230831,国电南瑞：1H23业绩符合预期，网外业务增速亮眼,点评,一般报告,中金,"曲昊源,刘倩文,曾韬",2024Q4,6083500.0,,1069500.0,884200.0,1.1,21.5,1.9,17.6,15.9,跑赢行业,,29.2
600919.SH,江苏银行,20230831,江苏银行：业绩高增长＋高股息，突显投资价值,点评,一般报告,中银国际,"林媛媛,丁黄石",2025Q4,10137400.0,,5420200.0,4212400.0,2.325,3.2,,15.43,,增持,,
600919.SH,江苏银行,20230831,江苏银行：业绩高增长＋高股息，突显投资价值,点评,一般报告,中银国际,"林媛媛,丁黄石",2024Q4,8955500.0,,4791400.0,3712600.0,2.049,3.65,,15.98,,增持,,
600919.SH,江苏银行,20230831,江苏银行：业绩高增长＋高股息，突显投资价值,点评,一般报告,中银国际,"林媛媛,丁黄石",2023Q4,7857700.0,,4195100.0,3217500.0,1.776,4.25,,16.85,,增持,,
600406.SH,国电南瑞,20230831,国电南瑞2023年半年报点评：业绩符合预期，有望充分受益于特高压加速建设,点评,一般报告,光大证券,"殷中枢,黄帅斌,郝骞",2025Q4,6587300.0,,1151500.0,952300.0,1.19,20.0,2.0,16.23,14.3,买入,,
600406.SH,国电南瑞,20230831,国电南瑞2023年半年报点评：业绩符合预期，有望充分受益于特高压加速建设,点评,一般报告,光大证券,"殷中枢,黄帅斌,郝骞",2024Q4,5879900.0,,1007600.0,831200.0,1.03,23.0,1.8,15.84,16.3,买入,,
688349.SH,三一重能,20230831,三一重能：订单规模创历史新高，业绩符合预期,点评,一般报告,国金证券,"姚遥,胡竞楠",2025Q4,3512400.0,725100.0,340100.0,294000.0,2.439,13.63,,17.97,,买入,,
688349.SH,三一重能,20230831,三一重能：订单规模创历史新高，业绩符合预期,点评,一般报告,国金证券,"姚遥,胡竞楠",2024Q4,2649000.0,546400.0,273000.0,235900.0,1.957,16.98,,16.49,,买入,,
688349.SH,三一重能,20230831,三一重能：订单规模创历史新高，业绩符合预期,点评,一般报告,国金证券,"姚遥,胡竞楠",2023Q4,1836200.0,392000.0,230500.0,199000.0,1.651,20.13,,15.73,,买入,,
600406.SH,国电南瑞,20230831,国电南瑞2023年半年报点评：业绩符合预期，有望充分受益于特高压加速建设,点评,一般报告,光大证券,"殷中枢,黄帅斌,郝骞",2023Q4,5146000.0,,877500.0,721700.0,0.9,26.0,1.5,15.33,18.9,买入,,
600029.SH,南方航空,20230831,南方航空：Q2大幅环比减亏，静待旺季利润兑现,点评,一般报告,兴业证券,"袁浩然,张晓云,肖祎",2025Q4,21430100.0,,2508100.0,1805800.0,1.0,6.3,,23.8,,增持,,
600029.SH,南方航空,20230831,南方航空：Q2大幅环比减亏，静待旺季利润兑现,点评,一般报告,兴业证券,"袁浩然,张晓云,肖祎",2024Q4,19825900.0,,2032400.0,1463300.0,0.81,7.8,,25.3,,增持,,
600029.SH,南方航空,20230831,南方航空：Q2大幅环比减亏，静待旺季利润兑现,点评,一般报告,兴业证券,"袁浩然,张晓云,肖祎",2023Q4,15778800.0,,292600.0,210700.0,0.1163,54.3,,4.9,,增持,,
603719.SH,良品铺子,20230831,良品铺子2023年中报点评：拓店加速线下收入回暖，盈利能力阶段承压改善趋势不变,点评,一般报告,长江证券,"董思远,李锦,陈亮",2025Q4,1375000.0,401400.0,106900.0,78600.0,1.96,12.29,,21.5,7.02,买入,,
603719.SH,良品铺子,20230831,良品铺子2023年中报点评：拓店加速线下收入回暖，盈利能力阶段承压改善趋势不变,点评,一般报告,长江证券,"董思远,李锦,陈亮",2024Q4,1186400.0,330200.0,76900.0,56400.0,1.41,17.13,,18.3,10.41,买入,,
603719.SH,良品铺子,20230831,良品铺子2023年中报点评：拓店加速线下收入回暖，盈利能力阶段承压改善趋势不变,点评,一般报告,长江证券,"董思远,李锦,陈亮",2023Q4,988800.0,275000.0,54900.0,40100.0,1.0,24.09,,15.0,14.66,买入,,
603179.SH,新泉股份,20230831,新泉股份：业绩处预告上限，全年业绩高增长无忧,点评,一般报告,国金证券,"陈传红,江莹",2025Q4,1804100.0,384700.0,162400.0,148600.0,3.049,17.55,,24.2,,增持,,
603179.SH,新泉股份,20230831,新泉股份：业绩处预告上限，全年业绩高增长无忧,点评,一般报告,国金证券,"陈传红,江莹",2024Q4,1418500.0,293100.0,125100.0,114500.0,2.349,22.78,,21.81,,增持,,
603179.SH,新泉股份,20230831,新泉股份：业绩处预告上限，全年业绩高增长无忧,点评,一般报告,国金证券,"陈传红,江莹",2023Q4,1026800.0,206300.0,87700.0,80300.0,1.647,32.49,,17.6,,增持,,
601995.SH,中金公司,20230831,中金公司：财富管理领先，蓄势持续发展,点评,一般报告,华泰证券,"沈娟,汪煜,孙亦欣",2025Q4,3293000.0,,1194000.0,1027200.0,2.13,19.05,,9.11,,买入,,48.49
601995.SH,中金公司,20230831,中金公司：财富管理领先，蓄势持续发展,点评,一般报告,华泰证券,"沈娟,汪煜,孙亦欣",2024Q4,3013000.0,,1077600.0,927000.0,1.92,21.11,,8.89,,买入,,48.49
601995.SH,中金公司,20230831,中金公司：财富管理领先，蓄势持续发展,点评,一般报告,华泰证券,"沈娟,汪煜,孙亦欣",2023Q4,2734800.0,,939000.0,803100.0,1.66,24.36,,8.3,,买入,,48.49
601009.SH,南京银行,20230831,南京银行2023年中报点评：消费金融景气度高，资产质量稳健向好,点评,一般报告,光大证券,"王一峰,赵晨阳",2025Q4,5365100.0,,3191100.0,2692500.0,2.6,3.17,,15.86,,买入,,
601009.SH,南京银行,20230831,南京银行2023年中报点评：消费金融景气度高，资产质量稳健向好,点评,一般报告,光大证券,"王一峰,赵晨阳",2024Q4,5065000.0,,2834300.0,2391500.0,2.31,3.57,,15.84,,买入,,
601009.SH,南京银行,20230831,南京银行2023年中报点评：消费金融景气度高，资产质量稳健向好,点评,一般报告,光大证券,"王一峰,赵晨阳",2023Q4,4766000.0,,2498100.0,2107800.0,2.04,4.05,,15.7,,买入,,
601838.SH,成都银行,20230831,成都银行：中报表现优异，看好,点评,一般报告,中银国际,"林媛媛,丁黄石",2025Q4,3207200.0,,1888500.0,1623600.0,4.26,3.21,,18.22,,增持,,
601838.SH,成都银行,20230831,成都银行：中报表现优异，看好,点评,一般报告,中银国际,"林媛媛,丁黄石",2024Q4,2691200.0,,1647800.0,1416700.0,3.71,3.67,,19.17,,增持,,
601838.SH,成都银行,20230831,成都银行：中报表现优异，看好,点评,一般报告,中银国际,"林媛媛,丁黄石",2023Q4,2272700.0,,1411900.0,1213900.0,3.18,4.29,,19.96,,增持,,
601816.SH,京沪高铁,20230831,京沪高铁：暑运全国铁路客运量显著增长，重视高铁组网价值,一般,一般报告,中信建投,"韩军,李琛",2025Q4,5488900.0,,2361800.0,1726300.0,0.35,15.3,,7.1,9.8,买入,,8.77
601816.SH,京沪高铁,20230831,京沪高铁：暑运全国铁路客运量显著增长，重视高铁组网价值,一般,一般报告,中信建投,"韩军,李琛",2024Q4,5015000.0,,1983800.0,1475500.0,0.3,17.9,,6.4,11.9,买入,,8.77
601816.SH,京沪高铁,20230831,京沪高铁：暑运全国铁路客运量显著增长，重视高铁组网价值,一般,一般报告,中信建投,"韩军,李琛",2023Q4,4402600.0,,1579400.0,1213800.0,0.25,21.8,,5.4,14.6,买入,,8.77
601021.SH,春秋航空,20230831,春秋航空：业绩落于预告上沿，三季度业绩或创历史新高,点评,一般报告,国信证券,"姜明,曾凡喆",2025Q4,2857500.0,,632100.0,474100.0,4.84,12.5,0.8,20.2,10.9,买入,,
601021.SH,春秋航空,20230831,春秋航空：业绩落于预告上沿，三季度业绩或创历史新高,点评,一般报告,国信证券,"姜明,曾凡喆",2024Q4,2545900.0,,511800.0,383900.0,3.92,15.5,0.6,20.0,12.9,买入,,
601021.SH,春秋航空,20230831,春秋航空：业绩落于预告上沿，三季度业绩或创历史新高,点评,一般报告,国信证券,"姜明,曾凡喆",2023Q4,1916500.0,,308000.0,231000.0,2.36,25.7,0.4,14.6,19.4,买入,,
600989.SH,宝丰能源,20230831,宝丰能源：业绩保持稳定，新项目持续推进,点评,一般报告,长江证券,"魏凯,侯彦飞",2025Q4,6185700.0,2451200.0,2131000.0,1811400.0,2.47,5.51,,25.6,4.51,买入,,
600989.SH,宝丰能源,20230831,宝丰能源：业绩保持稳定，新项目持续推进,点评,一般报告,长江证券,"魏凯,侯彦飞",2024Q4,3781400.0,1554000.0,1346600.0,1144600.0,1.56,8.71,,22.0,7.47,买入,,
600989.SH,宝丰能源,20230831,宝丰能源：业绩保持稳定，新项目持续推进,点评,一般报告,长江证券,"魏凯,侯彦飞",2023Q4,2415900.0,821700.0,685600.0,582700.0,0.79,17.11,,14.5,13.95,买入,,
600958.SH,东方证券,20230831,东方证券：公司有望随市场修复延续业绩复苏态势,点评,一般报告,国联证券,"刘雨辰,曾广荣",2025Q4,3486900.0,,886000.0,664500.0,0.78,12.97,,,,买入,,12.78
600958.SH,东方证券,20230831,东方证券：公司有望随市场修复延续业绩复苏态势,点评,一般报告,国联证券,"刘雨辰,曾广荣",2024Q4,3034100.0,,762700.0,572000.0,0.67,15.06,,,,买入,,12.78
600958.SH,东方证券,20230831,东方证券：公司有望随市场修复延续业绩复苏态势,点评,一般报告,国联证券,"刘雨辰,曾广荣",2023Q4,2522300.0,,658200.0,493700.0,0.58,17.45,,,,买入,,12.78
600958.SH,东方证券,20230831,东方证券23H1点评：投资业绩大增，看好公司经营质量稳步提升,点评,一般报告,中信建投,"赵然,吴马涵旭",2024Q4,2470000.0,,,550000.0,,,,,,买入,,15.0
600958.SH,东方证券,20230831,东方证券23H1点评：投资业绩大增，看好公司经营质量稳步提升,点评,一般报告,中信建投,"赵然,吴马涵旭",2023Q4,2220000.0,,,470000.0,,,,,,买入,,15.0
600926.SH,杭州银行,20230831,杭州银行：业绩持续高增长，资产质量和拨备仍优秀,点评,一般报告,中银国际,"林媛媛,丁黄石",2025Q4,5044800.0,,2330400.0,2074000.0,3.04,3.71,,15.88,,增持,,
600926.SH,杭州银行,20230831,杭州银行：业绩持续高增长，资产质量和拨备仍优秀,点评,一般报告,中银国际,"林媛媛,丁黄石",2024Q4,4324800.0,,1956500.0,1741300.0,2.53,4.45,,15.61,,增持,,
600926.SH,杭州银行,20230831,杭州银行：业绩持续高增长，资产质量和拨备仍优秀,点评,一般报告,中银国际,"林媛媛,丁黄石",2023Q4,3688500.0,,1666300.0,1466300.0,2.11,5.35,,16.03,,增持,,
600199.SH,金种子酒,20230831,金种子酒：Q2实现扭亏，新品导入效果初现,点评,一般报告,国金证券,"刘宸倩,李本媛",2025Q4,475400.0,212000.0,74500.0,57300.0,0.871,29.0,,18.67,,增持,,
600199.SH,金种子酒,20230831,金种子酒：Q2实现扭亏，新品导入效果初现,点评,一般报告,国金证券,"刘宸倩,李本媛",2024Q4,310500.0,125600.0,32600.0,26000.0,0.395,63.0,,9.55,,增持,,
600199.SH,金种子酒,20230831,金种子酒：Q2实现扭亏，新品导入效果初现,点评,一般报告,国金证券,"刘宸倩,李本媛",2023Q4,192300.0,65400.0,6500.0,7700.0,0.118,212.0,,3.02,,增持,,
301080.SZ,百普赛斯,20230831,百普赛斯2023年半年度报告点评：常规业务持续高增长，海外需求具备延续性,点评,一般报告,东吴证券,"朱国广,周新明,张坤",2025Q4,89500.0,,36400.0,33200.0,2.77,23.32,,9.91,,买入,,
301080.SZ,百普赛斯,20230831,百普赛斯2023年半年度报告点评：常规业务持续高增长，海外需求具备延续性,点评,一般报告,东吴证券,"朱国广,周新明,张坤",2024Q4,69400.0,,27800.0,25400.0,2.12,30.43,,8.43,,买入,,
301080.SZ,百普赛斯,20230831,百普赛斯2023年半年度报告点评：常规业务持续高增长，海外需求具备延续性,点评,一般报告,东吴证券,"朱国广,周新明,张坤",2023Q4,56000.0,,22400.0,20200.0,1.68,38.3,,7.31,,买入,,
300369.SZ,绿盟科技,20230831,绿盟科技：短期业绩承压，看好网络安全赛道长期发展,点评,一般报告,平安证券,"付强,闫磊",2025Q4,401600.0,,39300.0,39200.0,0.49,22.7,,8.9,14.0,推荐,,
300369.SZ,绿盟科技,20230831,绿盟科技：短期业绩承压，看好网络安全赛道长期发展,点评,一般报告,平安证券,"付强,闫磊",2024Q4,350900.0,,31300.0,31200.0,0.39,28.5,,7.7,17.0,推荐,,
300369.SZ,绿盟科技,20230831,绿盟科技：短期业绩承压，看好网络安全赛道长期发展,点评,一般报告,平安证券,"付强,闫磊",2023Q4,301300.0,,18300.0,18300.0,0.23,48.7,,4.8,25.0,推荐,,
300347.SZ,泰格医药,20230831,泰格医药：业绩环比持续改善，常规业务增速稳健——公司信息更新报告,点评,一般报告,开源证券,"蔡明子,余汝意,汪晋",2025Q4,1260900.0,,405200.0,315900.0,3.62,18.8,,12.1,12.8,买入,,
300347.SZ,泰格医药,20230831,泰格医药：业绩环比持续改善，常规业务增速稳健——公司信息更新报告,点评,一般报告,开源证券,"蔡明子,余汝意,汪晋",2024Q4,997400.0,,307000.0,239800.0,2.75,24.7,,10.3,17.6,买入,,
300347.SZ,泰格医药,20230831,泰格医药：业绩环比持续改善，常规业务增速稳健——公司信息更新报告,点评,一般报告,开源证券,"蔡明子,余汝意,汪晋",2023Q4,792800.0,,264500.0,206200.0,2.36,28.7,,9.7,20.5,买入,,
300260.SZ,新莱应材,20230831,新莱应材2023年中报点评：短期需求波动扰动经营，海外子公司未来可期,点评,一般报告,中信证券,"李超,陈旺,张柯",2025Q4,461200.0,,71200.0,61200.0,1.5,19.9,,21.5,15.0,买入,,38.0
300260.SZ,新莱应材,20230831,新莱应材2023年中报点评：短期需求波动扰动经营，海外子公司未来可期,点评,一般报告,中信证券,"李超,陈旺,张柯",2024Q4,379300.0,,51700.0,44500.0,1.09,27.4,,19.5,19.7,买入,,38.0
300260.SZ,新莱应材,20230831,新莱应材2023年中报点评：短期需求波动扰动经营，海外子公司未来可期,点评,一般报告,中信证券,"李超,陈旺,张柯",2023Q4,294800.0,,36100.0,31000.0,0.76,39.3,,16.6,26.8,买入,,38.0
000651.SZ,格力电器,20230831,格力电器2023年半年报点评：业绩超预期，合同负债创新高,一般,一般报告,长江证券,"管泉森,贺本东",2025Q4,23595200.0,6743200.0,4016200.0,3395600.0,6.03,5.82,,18.9,1.43,买入,,
000651.SZ,格力电器,20230831,格力电器2023年半年报点评：业绩超预期，合同负债创新高,一般,一般报告,长江证券,"管泉森,贺本东",2024Q4,22004500.0,6235800.0,3616400.0,3103400.0,5.51,6.37,,21.3,2.43,买入,,
000651.SZ,格力电器,20230831,格力电器2023年半年报点评：业绩超预期，合同负债创新高,一般,一般报告,长江证券,"管泉森,贺本东",2023Q4,20547500.0,5708600.0,3218900.0,2803100.0,4.98,7.06,,24.5,3.62,买入,,
002153.SZ,石基信息,20230831,石基信息：业绩符合预期，国际化大客户快速推进,点评,一般报告,招商证券,"刘玉萍,林语潇",2025Q4,350800.0,,40200.0,34200.0,0.1253,109.0,,4.4,45.3,强烈推荐,,
002153.SZ,石基信息,20230831,石基信息：业绩符合预期，国际化大客户快速推进,点评,一般报告,招商证券,"刘玉萍,林语潇",2024Q4,302800.0,,20300.0,17300.0,0.0634,215.8,,2.3,66.3,强烈推荐,,
002153.SZ,石基信息,20230831,石基信息：业绩符合预期，国际化大客户快速推进,点评,一般报告,招商证券,"刘玉萍,林语潇",2023Q4,265300.0,,6200.0,5300.0,0.02,709.6,,0.7,96.7,强烈推荐,,
000799.SZ,酒鬼酒,20230831,酒鬼酒2023半年报点评：调整延续，底部整固,点评,一般报告,国泰君安,"訾猛,李耀",2025Q4,522100.0,,,154500.0,4.75,19.35,0.7,19.8,12.68,增持,,117.0
000799.SZ,酒鬼酒,20230831,酒鬼酒2023半年报点评：调整延续，底部整固,点评,一般报告,国泰君安,"訾猛,李耀",2024Q4,416700.0,,,119100.0,3.66,25.11,0.5,19.0,17.1,增持,,117.0
000799.SZ,酒鬼酒,20230831,酒鬼酒2023半年报点评：调整延续，底部整固,点评,一般报告,国泰君安,"訾猛,李耀",2023Q4,345000.0,,,92100.0,2.84,32.45,0.3,18.2,22.79,增持,,117.0
000799.SZ,酒鬼酒,20230831,酒鬼酒2023半年报点评：调整延续，底部整固,点评,一般报告,国泰君安,"訾猛,李耀",2023Q3,,,,,2.31,,,,,增持,,117.0
603799.SH,华友钴业,20230831,华友钴业2023年半年报点评：锂电材料出货量大幅增长，静待锂镍项目放量,点评,一般报告,长江证券,"王鹤涛,邬博华,王筱茜,叶之楠,肖百桓",2023Q4,5292900.0,1087500.0,706600.0,458100.0,2.7,15.75,,12.1,8.37,买入,,
603733.SH,仙鹤股份,20230831,仙鹤股份：短期业绩承压，23H2需求有望逐步回暖,点评,一般报告,天风证券,"孙海洋,尉鹏洁",2025Q4,1281549.0,,176296.0,156538.0,2.22,8.66,,16.99,5.81,买入,,
603733.SH,仙鹤股份,20230831,仙鹤股份：短期业绩承压，23H2需求有望逐步回暖,点评,一般报告,天风证券,"孙海洋,尉鹏洁",2024Q4,1051718.0,,128062.0,113638.0,1.61,11.93,,14.0,7.46,买入,,
603733.SH,仙鹤股份,20230831,仙鹤股份：短期业绩承压，23H2需求有望逐步回暖,点评,一般报告,天风证券,"孙海洋,尉鹏洁",2023Q4,851173.0,,70665.0,62307.0,0.88,21.75,,8.61,11.79,买入,,
002605.SZ,姚记科技,20230831,姚记科技23Q2点评：买量投入利润回收较好，休闲游戏受益于AI趋势,点评,一般报告,华安证券,金荣,2025Q4,644700.0,,129700.0,104100.0,2.53,12.62,,19.4,5.94,增持,,
002605.SZ,姚记科技,20230831,姚记科技23Q2点评：买量投入利润回收较好，休闲游戏受益于AI趋势,点评,一般报告,华安证券,金荣,2024Q4,568200.0,,111600.0,89200.0,2.16,14.72,,20.6,7.66,增持,,
002605.SZ,姚记科技,20230831,姚记科技23Q2点评：买量投入利润回收较好，休闲游戏受益于AI趋势,点评,一般报告,华安证券,金荣,2023Q4,488700.0,,91200.0,72400.0,1.76,18.15,,21.1,10.27,增持,,
002385.SZ,大北农,20230831,大北农：生猪拖累业绩，种业收入增速快,点评,一般报告,华泰证券,"熊承慧,冯源",2025Q4,4695500.0,,141200.0,111800.0,0.27,24.36,,7.36,15.92,买入,,10.14
002385.SZ,大北农,20230831,大北农：生猪拖累业绩，种业收入增速快,点评,一般报告,华泰证券,"熊承慧,冯源",2024Q4,4154900.0,,104400.0,82666.0,0.2,32.94,,5.94,20.17,买入,,10.14
002385.SZ,大北农,20230831,大北农：生猪拖累业绩，种业收入增速快,点评,一般报告,华泰证券,"熊承慧,冯源",2023Q4,3561500.0,,16867.0,13354.0,0.0323,203.89,,1.01,40.75,买入,,10.14
002081.SZ,金螳螂,20230831,金螳螂：Q2收入同比增速转正，新板块持续开拓,点评,一般报告,兴业证券,"孟杰,童彤,郁晾",2025Q4,2916100.0,,205200.0,174000.0,0.66,7.1,,10.7,,增持,,
002081.SZ,金螳螂,20230831,金螳螂：Q2收入同比增速转正，新板块持续开拓,点评,一般报告,兴业证券,"孟杰,童彤,郁晾",2024Q4,2646900.0,,185300.0,157100.0,0.59,7.8,,10.6,,增持,,
002081.SZ,金螳螂,20230831,金螳螂：Q2收入同比增速转正，新板块持续开拓,点评,一般报告,兴业证券,"孟杰,童彤,郁晾",2023Q4,2397300.0,,166900.0,141500.0,0.53,8.7,,10.4,,增持,,
000596.SZ,古井贡酒,20230831,古井贡酒：费用优化兑现，Q2业绩超预期,点评,一般报告,中信建投,"安雅泽,张立,唐家全",2025Q4,2963159.0,,,802326.0,15.18,18.36,,28.31,,买入,,
000596.SZ,古井贡酒,20230831,古井贡酒：费用优化兑现，Q2业绩超预期,点评,一般报告,中信建投,"安雅泽,张立,唐家全",2024Q4,2482665.0,,,609488.0,11.53,24.17,,25.28,,买入,,
000596.SZ,古井贡酒,20230831,古井贡酒：费用优化兑现，Q2业绩超预期,点评,一般报告,中信建投,"安雅泽,张立,唐家全",2023Q4,2050773.0,,,451141.0,8.53,32.65,,21.59,,买入,,
688686.SH,奥普特,20230831,奥普特：下游需求承压导致收入增速放缓，加大研发投入布局新技术,点评,一般报告,国信证券,"吴双,田丰",2025Q4,213000.0,,68900.0,62100.0,5.08,23.1,1.2,16.0,20.9,买入,,
688686.SH,奥普特,20230831,奥普特：下游需求承压导致收入增速放缓，加大研发投入布局新技术,点评,一般报告,国信证券,"吴双,田丰",2024Q4,171400.0,,54800.0,49300.0,4.03,29.0,0.9,14.4,26.6,买入,,
688686.SH,奥普特,20230831,奥普特：下游需求承压导致收入增速放缓，加大研发投入布局新技术,点评,一般报告,国信证券,"吴双,田丰",2023Q4,137500.0,,43100.0,38500.0,3.15,37.2,0.7,12.5,35.9,买入,,
600398.SH,海澜之家,20230831,海澜之家：向上趋势稳健，全年业绩预计快速增长,点评,一般报告,国盛证券,"杨莹,侯子夜,王佳伟",2023Q4,2174400.0,,365300.0,282100.0,0.65,11.2,,16.2,4.7,增持,,
600398.SH,海澜之家,20230831,海澜之家：业绩超预期来自毛利率提升贡献,点评,一般报告,华西证券,唐爽爽,2025Q4,2712600.0,,502400.0,382500.0,0.89,8.29,,18.3,,买入,,
600398.SH,海澜之家,20230831,海澜之家：业绩超预期来自毛利率提升贡献,点评,一般报告,华西证券,唐爽爽,2024Q4,2423100.0,,443400.0,339200.0,0.79,9.35,,18.1,,买入,,
600398.SH,海澜之家,20230831,海澜之家：业绩超预期来自毛利率提升贡献,点评,一般报告,华西证券,唐爽爽,2023Q4,2160200.0,,385500.0,300300.0,0.7,10.56,,18.1,,买入,,
600315.SH,上海家化,20230831,上海家化2023年中报点评：护肤品类增长亮眼，海外业务阶段性承压,点评,一般报告,长江证券,"李锦,陈亮,罗祎",2025Q4,907500.0,559000.0,102600.0,87200.0,1.28,20.67,,9.1,15.7,买入,,
600315.SH,上海家化,20230831,上海家化2023年中报点评：护肤品类增长亮眼，海外业务阶段性承压,点评,一般报告,长江证券,"李锦,陈亮,罗祎",2024Q4,825000.0,504100.0,89400.0,76000.0,1.12,23.72,,8.7,19.54,买入,,
600315.SH,上海家化,20230831,上海家化2023年中报点评：护肤品类增长亮眼，海外业务阶段性承压,点评,一般报告,长江证券,"李锦,陈亮,罗祎",2023Q4,750000.0,446300.0,77400.0,65800.0,0.97,27.4,,8.3,23.61,买入,,
600161.SH,天坛生物,20230831,天坛生物：需求恢复推动产品放量，期待下半年供需两旺促增长,点评,一般报告,中信建投,"贺菊颖,刘若飞",2025Q4,792270.0,,,169215.0,1.03,23.6,,13.65,,买入,,
600161.SH,天坛生物,20230831,天坛生物：需求恢复推动产品放量，期待下半年供需两旺促增长,点评,一般报告,中信建投,"贺菊颖,刘若飞",2024Q4,678321.0,,,143073.0,0.87,27.91,,13.03,,买入,,
600161.SH,天坛生物,20230831,天坛生物：需求恢复推动产品放量，期待下半年供需两旺促增长,点评,一般报告,中信建投,"贺菊颖,刘若飞",2023Q4,564426.0,,,117594.0,0.71,33.95,,12.02,,买入,,
600048.SH,保利发展,20230831,保利发展：销售业绩平稳增长，拿地聚焦财务稳健,点评,一般报告,平安证券,"杨侃,郑茜文",2025Q4,36031300.0,,4154700.0,2241700.0,1.87,7.9,,9.3,3.0,推荐,,
600048.SH,保利发展,20230831,保利发展：销售业绩平稳增长，拿地聚焦财务稳健,点评,一般报告,平安证券,"杨侃,郑茜文",2024Q4,33991800.0,,3764400.0,2031100.0,1.7,8.7,,9.0,6.0,推荐,,
600048.SH,保利发展,20230831,保利发展：销售业绩平稳增长，拿地聚焦财务稳健,点评,一般报告,平安证券,"杨侃,郑茜文",2023Q4,31473900.0,,3612500.0,1949100.0,1.63,9.1,,9.3,6.0,推荐,,
600048.SH,保利发展,20230831,保利发展：业绩回升，经营稳健,点评,一般报告,国信证券,"任鹤,王粤雷,王静",2025Q4,37710200.0,,5383500.0,2716300.0,2.27,6.5,4.6,11.1,33.1,买入,,
600048.SH,保利发展,20230831,保利发展：业绩回升，经营稳健,点评,一般报告,国信证券,"任鹤,王粤雷,王静",2024Q4,34723900.0,,4559500.0,2300500.0,1.92,7.7,3.9,10.2,34.4,买入,,
600048.SH,保利发展,20230831,保利发展：业绩回升，经营稳健,点评,一般报告,国信证券,"任鹤,王粤雷,王静",2023Q4,31624700.0,,4042200.0,2039500.0,1.7,8.7,3.5,9.7,34.3,买入,,
301236.SZ,软通动力,20230831,软通动力：深化大客户战略，信创领域推进产品化布局,点评,一般报告,中信建投,"金戈,甘洋科",2025Q4,2589937.0,,,139726.0,1.47,13.82,,10.4,,买入,,
301236.SZ,软通动力,20230831,软通动力：深化大客户战略，信创领域推进产品化布局,点评,一般报告,中信建投,"金戈,甘洋科",2024Q4,2225645.0,,,110509.0,1.16,17.47,,9.18,,买入,,
301236.SZ,软通动力,20230831,软通动力：深化大客户战略，信创领域推进产品化布局,点评,一般报告,中信建投,"金戈,甘洋科",2023Q4,1879777.0,,,87477.0,0.92,22.07,,8.0,,买入,,
300957.SZ,贝泰妮,20230831,贝泰妮2023年中报点评：二季度收入增速显著改善，下半年新品值得期待,点评,一般报告,长江证券,"李锦,陈亮,罗祎",2025Q4,1005600.0,767200.0,239300.0,205600.0,4.85,20.97,,19.7,14.88,买入,,
300957.SZ,贝泰妮,20230831,贝泰妮2023年中报点评：二季度收入增速显著改善，下半年新品值得期待,点评,一般报告,长江证券,"李锦,陈亮,罗祎",2024Q4,808100.0,614200.0,186200.0,159900.0,3.78,26.96,,19.1,20.49,买入,,
300957.SZ,贝泰妮,20230831,贝泰妮2023年中报点评：二季度收入增速显著改善，下半年新品值得期待,点评,一般报告,长江证券,"李锦,陈亮,罗祎",2023Q4,641600.0,486300.0,143000.0,122800.0,2.9,35.1,,18.1,28.27,买入,,
601727.SH,上海电气,20230831,上海电气2023年半年报点评：能源装备新增订单维持高增，其中核电和煤电装备表现亮眼,点评,一般报告,光大证券,"殷中枢,郝骞,黄帅斌",2024Q4,13804400.0,,496600.0,322200.0,0.21,21.0,1.2,5.37,16.7,买入,,
601727.SH,上海电气,20230831,上海电气2023年半年报点评：能源装备新增订单维持高增，其中核电和煤电装备表现亮眼,点评,一般报告,光大证券,"殷中枢,郝骞,黄帅斌",2023Q4,12657600.0,,389900.0,253600.0,0.16,27.0,0.9,4.42,19.0,买入,,
601633.SH,长城汽车,20230831,长城汽车23年中报点评：毛利率环比提升，新能源转型可期,一般,一般报告,广发证券,"闫俊刚,邓崇静,陈飞彤",2025Q4,31128100.0,,1456000.0,1266600.0,1.49,17.8,,13.3,7.11,买入,,37.49
601633.SH,长城汽车,20230831,长城汽车23年中报点评：毛利率环比提升，新能源转型可期,一般,一般报告,广发证券,"闫俊刚,邓崇静,陈飞彤",2024Q4,26233300.0,,1022400.0,909800.0,1.07,24.77,,11.1,10.68,买入,,37.49
601633.SH,长城汽车,20230831,长城汽车23年中报点评：毛利率环比提升，新能源转型可期,一般,一般报告,广发证券,"闫俊刚,邓崇静,陈飞彤",2023Q4,18264300.0,,635500.0,603400.0,0.71,37.35,,8.3,16.06,买入,,37.49
600887.SH,伊利股份,20230831,伊利股份2023年中报点评：需求相对承压，静待盈利改善,点评,一般报告,长江证券,"董思远,徐爽",2025Q4,15691200.0,5093000.0,1708900.0,1465100.0,2.3,11.57,,23.9,8.51,买入,,
600887.SH,伊利股份,20230831,伊利股份2023年中报点评：需求相对承压，静待盈利改善,点评,一般报告,长江证券,"董思远,徐爽",2024Q4,14333500.0,4640200.0,1468300.0,1257500.0,1.98,13.48,,21.9,9.73,买入,,
600887.SH,伊利股份,20230831,伊利股份2023年中报点评：需求相对承压，静待盈利改善,点评,一般报告,长江证券,"董思远,徐爽",2023Q4,13118800.0,4226600.0,1217200.0,1041400.0,1.64,16.27,,19.4,11.13,买入,,
600886.SH,国投电力,20230831,国投电力：水火双翼共迎业绩增长，优质龙头彰显稳健价值,点评,一般报告,长江证券,"张韦华,司旗,宋尚骞,刘亚辉",2025Q4,6121400.0,2475700.0,1885900.0,871300.0,1.17,10.79,,12.6,6.8,买入,,
600886.SH,国投电力,20230831,国投电力：水火双翼共迎业绩增长，优质龙头彰显稳健价值,点评,一般报告,长江证券,"张韦华,司旗,宋尚骞,刘亚辉",2024Q4,5914500.0,2358100.0,1780900.0,822800.0,1.1,11.42,,12.7,7.03,买入,,
600886.SH,国投电力,20230831,国投电力：水火双翼共迎业绩增长，优质龙头彰显稳健价值,点评,一般报告,长江证券,"张韦华,司旗,宋尚骞,刘亚辉",2023Q4,5752600.0,2177300.0,1593000.0,744700.0,1.0,12.62,,12.4,7.59,买入,,
301206.SZ,三元生物,20230831,三元生物：业绩符合预期，赤藓糖醇大幅跌价致使盈利承压,点评,一般报告,中金,"贾雄伟,侯一林,周悦琅,裘孝锋,王文丹,季雯婕",2024Q4,66200.0,6300.0,13900.0,12500.0,0.62,46.4,0.9,2.7,27.3,中性,,32.0
301206.SZ,三元生物,20230831,三元生物：业绩符合预期，赤藓糖醇大幅跌价致使盈利承压,点评,一般报告,中金,"贾雄伟,侯一林,周悦琅,裘孝锋,王文丹,季雯婕",2023Q4,53600.0,-400.0,8300.0,7500.0,0.37,77.5,0.5,1.6,42.5,中性,,32.0
300674.SZ,宇信科技,20230831,宇信科技：业绩超预期，积极探索AI技术应用实践,点评,一般报告,中信建投,"金戈,甘洋科",2025Q4,753200.0,,,62300.0,,21.36,,,,买入,,
300674.SZ,宇信科技,20230831,宇信科技：业绩超预期，积极探索AI技术应用实践,点评,一般报告,中信建投,"金戈,甘洋科",2024Q4,622600.0,,,49200.0,,27.09,,,,买入,,
300674.SZ,宇信科技,20230831,宇信科技：业绩超预期，积极探索AI技术应用实践,点评,一般报告,中信建投,"金戈,甘洋科",2023Q4,515100.0,,,36800.0,,36.22,,,,买入,,
688169.SH,石头科技,20230831,石头科技2023年半年报点评：内外销共振，大幅超预期,点评,一般报告,长江证券,"管泉森,莫云皓",2025Q4,1168900.0,599200.0,262900.0,230500.0,17.56,15.2,,14.9,7.14,买入,,
688169.SH,石头科技,20230831,石头科技2023年半年报点评：内外销共振，大幅超预期,点评,一般报告,长江证券,"管泉森,莫云皓",2024Q4,960700.0,492500.0,214200.0,194900.0,14.85,17.98,,14.8,9.82,买入,,
688169.SH,石头科技,20230831,石头科技2023年半年报点评：内外销共振，大幅超预期,点评,一般报告,长江证券,"管泉森,莫云皓",2023Q4,790000.0,405000.0,181900.0,165500.0,12.61,21.17,,14.8,13.16,买入,,
688121.SH,卓然股份,20230831,卓然股份：业绩持续兑现，新订单打开成长空间,点评,一般报告,长江证券,"魏凯,侯彦飞",2025Q4,1373600.0,257400.0,131800.0,116100.0,5.73,4.59,,26.5,2.39,买入,,
688121.SH,卓然股份,20230831,卓然股份：业绩持续兑现，新订单打开成长空间,点评,一般报告,长江证券,"魏凯,侯彦飞",2024Q4,1043900.0,193600.0,96000.0,84500.0,4.17,6.3,,26.2,5.65,买入,,
688121.SH,卓然股份,20230831,卓然股份：业绩持续兑现，新订单打开成长空间,点评,一般报告,长江证券,"魏凯,侯彦飞",2023Q4,475200.0,93600.0,44000.0,38800.0,1.91,13.75,,16.3,10.26,买入,,
688063.SH,派能科技,20230831,派能科技：行业去库影响阶段性需求，综合实力保障公司长期竞争力——公司信息更新报告,点评,一般报告,开源证券,"殷晟路,鞠爽",2025Q4,988100.0,,252700.0,222400.0,12.66,11.1,,16.1,5.8,买入,,
688063.SH,派能科技,20230831,派能科技：行业去库影响阶段性需求，综合实力保障公司长期竞争力——公司信息更新报告,点评,一般报告,开源证券,"殷晟路,鞠爽",2024Q4,693400.0,,179700.0,158200.0,9.01,15.6,,13.5,9.8,买入,,
002129.SZ,TCL中环,20230831,TCL中环：出货盈利行业领先，硅片龙头地位稳固,点评,一般报告,长江证券,"邬博华,曹海花",2025Q4,10880700.0,2565400.0,1850200.0,1400200.0,3.46,7.42,,19.3,3.95,买入,,
002129.SZ,TCL中环,20230831,TCL中环：出货盈利行业领先，硅片龙头地位稳固,点评,一般报告,长江证券,"邬博华,曹海花",2024Q4,9166900.0,2109400.0,1559000.0,1179800.0,2.92,8.81,,20.2,5.69,买入,,
002129.SZ,TCL中环,20230831,TCL中环：出货盈利行业领先，硅片龙头地位稳固,点评,一般报告,长江证券,"邬博华,曹海花",2023Q4,8663700.0,1822200.0,1310700.0,983100.0,2.43,10.57,,21.0,7.85,买入,,
001322.SZ,箭牌家居,20230831,箭牌家居公司半年报：智能坐便器销售快速放量，电商＆家装渠道收入高增,点评,一般报告,海通证券,"郭庆龙,吕科佳",2025Q4,1088200.0,,107200.0,93000.0,0.96,16.34,0.0,13.1,8.38,优于大市,,
001322.SZ,箭牌家居,20230831,箭牌家居公司半年报：智能坐便器销售快速放量，电商＆家装渠道收入高增,点评,一般报告,海通证券,"郭庆龙,吕科佳",2024Q4,972200.0,,91900.0,79700.0,0.82,19.07,0.0,13.0,10.61,优于大市,,
001322.SZ,箭牌家居,20230831,箭牌家居公司半年报：智能坐便器销售快速放量，电商＆家装渠道收入高增,点评,一般报告,海通证券,"郭庆龙,吕科佳",2023Q4,859300.0,,73400.0,64100.0,0.66,23.69,0.0,12.2,11.98,优于大市,,
001215.SZ,千味央厨,20230831,千味央厨2023年中报点评：春色满园关不住,点评,一般报告,长江证券,"董思远,赵刚,范晨昊",2025Q4,309500.0,78100.0,34700.0,26800.0,3.09,20.74,,15.9,14.05,买入,,
002475.SZ,立讯精密,20230831,立讯精密：汽车／通信业务快速发展；三季度指引稳定增长,点评,首份报告,中信建投,"刘双锋,王天乐",2025Q4,35994629.0,,,1781700.0,2.5,13.17,,21.19,,买入,,
002475.SZ,立讯精密,20230831,立讯精密：汽车／通信业务快速发展；三季度指引稳定增长,点评,首份报告,中信建投,"刘双锋,王天乐",2024Q4,30505650.0,,,1432098.0,2.01,16.39,,21.01,,买入,,
002475.SZ,立讯精密,20230831,立讯精密：汽车／通信业务快速发展；三季度指引稳定增长,点评,首份报告,中信建投,"刘双锋,王天乐",2023Q4,25419936.0,,,1121805.0,1.57,20.92,,20.26,,买入,,
002398.SZ,垒知集团,20230831,垒知集团：外加剂盈利逆势增长，积极拓展海外市场,点评,一般报告,天风证券,"林晓龙,鲍荣富,王涛,朱晓辰",2025Q4,499566.0,,40135.0,36999.0,0.52,10.48,,8.63,4.25,买入,,6.6
002398.SZ,垒知集团,20230831,垒知集团：外加剂盈利逆势增长，积极拓展海外市场,点评,一般报告,天风证券,"林晓龙,鲍荣富,王涛,朱晓辰",2024Q4,437748.0,,33030.0,30449.0,0.43,12.73,,7.62,4.59,买入,,6.6
688063.SH,派能科技,20230831,派能科技：行业去库影响阶段性需求，综合实力保障公司长期竞争力——公司信息更新报告,点评,一般报告,开源证券,"殷晟路,鞠爽",2023Q4,476400.0,,151500.0,133300.0,7.59,18.5,,12.9,10.4,买入,,
688008.SH,澜起科技,20230831,澜起科技：二季度环比改善，看好DDR5渗透周期下公司业绩的确定性增长,点评,一般报告,长江证券,杨洋,2025Q4,558300.0,294000.0,206500.0,190000.0,1.67,30.43,,14.3,24.18,买入,,
688008.SH,澜起科技,20230831,澜起科技：二季度环比改善，看好DDR5渗透周期下公司业绩的确定性增长,点评,一般报告,长江证券,杨洋,2024Q4,419200.0,222600.0,141100.0,129800.0,1.14,44.54,,11.4,38.8,买入,,
688008.SH,澜起科技,20230831,澜起科技：二季度环比改善，看好DDR5渗透周期下公司业绩的确定性增长,点评,一般报告,长江证券,杨洋,2023Q4,229400.0,129700.0,54400.0,50100.0,0.44,115.41,,5.0,78.76,买入,,
603027.SH,千禾味业,20230831,千禾味业2023年中报点评：渠道扩容支撑收入高增，降本增效促进盈利改善,点评,一般报告,长江证券,"董思远,徐爽,陈硕旸",2025Q4,484900.0,205300.0,113300.0,95200.0,0.93,18.98,,22.7,13.11,买入,,
603027.SH,千禾味业,20230831,千禾味业2023年中报点评：渠道扩容支撑收入高增，降本增效促进盈利改善,点评,一般报告,长江证券,"董思远,徐爽,陈硕旸",2024Q4,397800.0,164200.0,87800.0,73700.0,0.72,24.49,,21.6,17.24,买入,,
603027.SH,千禾味业,20230831,千禾味业2023年中报点评：渠道扩容支撑收入高增，降本增效促进盈利改善,点评,一般报告,长江证券,"董思远,徐爽,陈硕旸",2023Q4,323700.0,130500.0,65100.0,54700.0,0.53,33.04,,19.4,22.45,买入,,
601988.SH,中国银行,20230831,中国银行：以进固稳，稳健成长可期,点评,一般报告,中信建投,"马鲲鹏,李晨",2025Q4,74708000.0,,33125000.0,26485400.0,0.9,,,10.16,,买入,,5.3
601988.SH,中国银行,20230831,中国银行：以进固稳，稳健成长可期,点评,一般报告,中信建投,"马鲲鹏,李晨",2024Q4,70781600.0,,31401000.0,25158900.0,0.855,,,10.37,,买入,,5.3
601988.SH,中国银行,20230831,中国银行：以进固稳，稳健成长可期,点评,一般报告,中信建投,"马鲲鹏,李晨",2023Q4,67222100.0,,29783600.0,23911100.0,0.812,,,10.58,,买入,,5.3
600900.SH,长江电力,20230831,长江电力：上半年来水偏枯拖累业绩，乌白注入增强长期盈利能力,点评,一般报告,中信建投,"高兴,罗焱曦",2025Q4,8478140.0,,4571090.0,3701750.0,1.51,,,,,买入,,27.0
600900.SH,长江电力,20230831,长江电力：上半年来水偏枯拖累业绩，乌白注入增强长期盈利能力,点评,一般报告,中信建投,"高兴,罗焱曦",2024Q4,8056540.0,,4244040.0,3436890.0,1.4,,,,,买入,,27.0
600900.SH,长江电力,20230831,长江电力：上半年来水偏枯拖累业绩，乌白注入增强长期盈利能力,点评,一般报告,中信建投,"高兴,罗焱曦",2023Q4,7392440.0,,3730580.0,3021090.0,1.23,,,,,买入,,27.0
688696.SH,极米科技,20230831,极米科技：海外业务持续成长，内销暂时承压,点评,一般报告,安信证券,"张立聪,陈伟浩",2025Q4,452000.0,,43000.0,40000.0,5.66,21.6,2.1,10.6,12.7,买入,,140.99
688696.SH,极米科技,20230831,极米科技：海外业务持续成长，内销暂时承压,点评,一般报告,安信证券,"张立聪,陈伟浩",2024Q4,416000.0,,38000.0,35000.0,4.97,24.6,1.8,9.9,18.1,买入,,140.99
688696.SH,极米科技,20230831,极米科技：海外业务持续成长，内销暂时承压,点评,一般报告,安信证券,"张立聪,陈伟浩",2023Q4,382000.0,,28000.0,31000.0,4.41,27.8,1.6,9.3,25.1,买入,,140.99
002398.SZ,垒知集团,20230831,垒知集团：外加剂盈利逆势增长，积极拓展海外市场,点评,一般报告,天风证券,"林晓龙,鲍荣富,王涛,朱晓辰",2023Q4,371945.0,,25516.0,23522.0,0.33,16.48,,6.26,6.64,买入,,6.6
003032.SZ,传智教育,20230831,传智教育：就业压力影响招生，控费保障净利率稳定,点评,一般报告,华西证券,唐爽爽,2025Q4,90000.0,,24100.0,20900.0,0.52,25.07,,11.0,,买入,,
003032.SZ,传智教育,20230831,传智教育：就业压力影响招生，控费保障净利率稳定,点评,一般报告,华西证券,唐爽爽,2024Q4,76500.0,,20200.0,17500.0,0.44,29.86,,10.4,,买入,,
003032.SZ,传智教育,20230831,传智教育：就业压力影响招生，控费保障净利率稳定,点评,一般报告,华西证券,唐爽爽,2023Q4,70300.0,,17400.0,15000.0,0.37,34.82,,10.1,,买入,,
002756.SZ,永兴材料,20230831,永兴材料2023年中报点评：锂盐加速放量，Q2业绩环比上行,点评,一般报告,长江证券,"王鹤涛,赵超,王筱茜,许红远,肖百桓",2025Q4,1488700.0,428900.0,386300.0,323500.0,6.0,8.38,,16.2,2.8,买入,,
002756.SZ,永兴材料,20230831,永兴材料2023年中报点评：锂盐加速放量，Q2业绩环比上行,点评,一般报告,长江证券,"王鹤涛,赵超,王筱茜,许红远,肖百桓",2024Q4,1328000.0,356200.0,317000.0,266500.0,4.94,10.17,,15.9,4.26,买入,,
002756.SZ,永兴材料,20230831,永兴材料2023年中报点评：锂盐加速放量，Q2业绩环比上行,点评,一般报告,长江证券,"王鹤涛,赵超,王筱茜,许红远,肖百桓",2023Q4,1375200.0,505000.0,463600.0,388900.0,7.21,6.97,,27.6,3.54,买入,,
002726.SZ,龙大美食,20230831,龙大美食公司事件点评报告：业绩符合预期，期望猪价改善,点评,一般报告,华鑫证券,孙山山,2025Q4,2077800.0,,59600.0,40800.0,0.38,19.8,,11.2,,买入,,
002726.SZ,龙大美食,20230831,龙大美食公司事件点评报告：业绩符合预期，期望猪价改善,点评,一般报告,华鑫证券,孙山山,2024Q4,1776300.0,,35500.0,24200.0,0.22,33.4,,6.8,,买入,,
002726.SZ,龙大美食,20230831,龙大美食公司事件点评报告：业绩符合预期，期望猪价改善,点评,一般报告,华鑫证券,孙山山,2023Q4,1487300.0,,2600.0,1800.0,0.0167,453.9,,0.5,,买入,,
001215.SZ,千味央厨,20230831,千味央厨2023年中报点评：春色满园关不住,点评,一般报告,长江证券,"董思远,赵刚,范晨昊",2024Q4,247400.0,61100.0,26200.0,20200.0,2.33,27.53,,14.3,19.72,买入,,
001215.SZ,千味央厨,20230831,千味央厨2023年中报点评：春色满园关不住,点评,一般报告,长江证券,"董思远,赵刚,范晨昊",2023Q4,193400.0,47000.0,19600.0,15100.0,1.74,36.77,,12.5,31.47,买入,,
000969.SZ,安泰科技,20230831,安泰科技：核心业务稳健增长，产业平台优势渐显,点评,一般报告,天风证券,"刘奕町,曾先毅",2025Q4,1005416.0,,89507.0,65596.0,0.63,15.13,,11.07,6.82,买入,,14.4
000969.SZ,安泰科技,20230831,安泰科技：核心业务稳健增长，产业平台优势渐显,点评,一般报告,天风证券,"刘奕町,曾先毅",2024Q4,885713.0,,63537.0,46564.0,0.44,21.32,,8.45,9.03,买入,,14.4
000969.SZ,安泰科技,20230831,安泰科技：核心业务稳健增长，产业平台优势渐显,点评,一般报告,天风证券,"刘奕町,曾先毅",2023Q4,796599.0,,43044.0,31545.0,0.3,31.47,,6.09,12.84,买入,,14.4
000869.SZ,张裕A,20230831,张裕A公司事件点评报告：利润超预期，高端产品推广有效,点评,一般报告,华鑫证券,孙山山,2025Q4,485800.0,,88500.0,60900.0,0.88,34.8,,5.4,,买入,,
000869.SZ,张裕A,20230831,张裕A公司事件点评报告：利润超预期，高端产品推广有效,点评,一般报告,华鑫证券,孙山山,2024Q4,448000.0,,80100.0,55100.0,0.8,38.5,,4.9,,买入,,
000869.SZ,张裕A,20230831,张裕A公司事件点评报告：利润超预期，高端产品推广有效,点评,一般报告,华鑫证券,孙山山,2023Q4,408400.0,,72200.0,49600.0,0.72,42.7,,4.5,,买入,,
000738.SZ,航发控制,20230831,航发控制：国际合作业务改善，提质增效和产能建设稳步推进,点评,一般报告,广发证券,"孟祥杰,邱净博,吴坤其,邵艺阳",2025Q4,839300.0,,152700.0,131500.0,1.0,22.49,,9.3,12.0,增持,,28.25
000738.SZ,航发控制,20230831,航发控制：国际合作业务改善，提质增效和产能建设稳步推进,点评,一般报告,广发证券,"孟祥杰,邱净博,吴坤其,邵艺阳",2024Q4,690200.0,,120400.0,103700.0,0.79,28.53,,8.0,14.94,增持,,28.25
000738.SZ,航发控制,20230831,航发控制：国际合作业务改善，提质增效和产能建设稳步推进,点评,一般报告,广发证券,"孟祥杰,邱净博,吴坤其,邵艺阳",2023Q4,576500.0,,95900.0,82600.0,0.63,35.82,,6.9,17.75,增持,,28.25
688508.SH,芯朋微,20230831,芯朋微2023年半年报点评：业绩环比改善，新业务实现快速放量,点评,一般报告,华创证券,"耿琛,岳阳",2025Q4,168500.0,,30300.0,30000.0,2.64,21.0,,14.8,19.0,强推,,71.7
688508.SH,芯朋微,20230831,芯朋微2023年半年报点评：业绩环比改善，新业务实现快速放量,点评,一般报告,华创证券,"耿琛,岳阳",2024Q4,131800.0,,20400.0,20300.0,1.79,31.0,,11.5,27.0,强推,,71.7
688508.SH,芯朋微,20230831,芯朋微2023年半年报点评：业绩环比改善，新业务实现快速放量,点评,一般报告,华创证券,"耿琛,岳阳",2023Q4,100000.0,,10900.0,11800.0,1.04,53.0,,7.4,49.0,强推,,71.7
603313.SH,梦百合,20230831,梦百合2023年中报点评：收入承压，汇兑收益增厚盈利,点评,一般报告,中信证券,"郭韵,李鑫,肖昊",2025Q4,956400.0,,61700.0,41100.0,0.85,13.6,,10.3,7.5,增持,,13.0
603313.SH,梦百合,20230831,梦百合2023年中报点评：收入承压，汇兑收益增厚盈利,点评,一般报告,中信证券,"郭韵,李鑫,肖昊",2024Q4,860000.0,,48400.0,36000.0,0.74,15.6,,10.0,8.3,增持,,13.0
603313.SH,梦百合,20230831,梦百合2023年中报点评：收入承压，汇兑收益增厚盈利,点评,一般报告,中信证券,"郭韵,李鑫,肖昊",2023Q4,765300.0,,37200.0,28200.0,0.58,19.9,,8.6,9.5,增持,,13.0
603170.SH,宝立食品,20230831,宝立食品：B端延续恢复趋势，增量渠道持续拓展,点评,一般报告,中信建投,"安雅泽,陈语匆",2025Q4,387873.0,,,44391.0,1.11,17.0,,,,增持,,
603170.SH,宝立食品,20230831,宝立食品：B端延续恢复趋势，增量渠道持续拓展,点评,一般报告,中信建投,"安雅泽,陈语匆",2024Q4,320048.0,,,36274.0,0.91,21.0,,,,增持,,
603170.SH,宝立食品,20230831,宝立食品：B端延续恢复趋势，增量渠道持续拓展,点评,一般报告,中信建投,"安雅泽,陈语匆",2023Q4,256648.0,,,28717.0,0.72,27.0,,,,增持,,
603040.SH,新坐标,20230831,新坐标：海外业务发力，新能源项目持续推进,点评,一般报告,东兴证券,李金锦,2025Q4,88135.0,,33318.0,25806.0,1.91,13.05,,16.39,7.98,推荐,,
603040.SH,新坐标,20230831,新坐标：海外业务发力，新能源项目持续推进,点评,一般报告,东兴证券,李金锦,2024Q4,78382.0,,28436.0,22025.0,1.63,15.29,,15.8,9.54,推荐,,
603040.SH,新坐标,20230831,新坐标：海外业务发力，新能源项目持续推进,点评,一般报告,东兴证券,李金锦,2023Q4,69474.0,,25110.0,19449.0,1.44,17.31,,15.69,11.01,推荐,,
601727.SH,上海电气,20230831,上海电气2023年半年报点评：能源装备新增订单维持高增，其中核电和煤电装备表现亮眼,点评,一般报告,光大证券,"殷中枢,郝骞,黄帅斌",2025Q4,14949200.0,,606800.0,403700.0,0.26,17.0,1.5,6.39,14.7,买入,,
603876.SH,鼎胜新材,20230831,鼎胜新材：下游去库业绩承压，海外布局持续加码,点评,一般报告,招商证券,"刘文平,刘伟洁",2025Q4,2359400.0,,184300.0,152800.0,1.73,9.5,,16.6,8.6,强烈推荐,,
603876.SH,鼎胜新材,20230831,鼎胜新材：下游去库业绩承压，海外布局持续加码,点评,一般报告,招商证券,"刘文平,刘伟洁",2024Q4,2144900.0,,148500.0,122400.0,1.39,11.8,,15.6,9.9,强烈推荐,,
603876.SH,鼎胜新材,20230831,鼎胜新材：下游去库业绩承压，海外布局持续加码,点评,一般报告,招商证券,"刘文平,刘伟洁",2023Q4,1976900.0,,117500.0,96100.0,1.09,15.1,,14.2,11.2,强烈推荐,,
603799.SH,华友钴业,20230831,华友钴业2023年半年报点评：锂电材料出货量大幅增长，静待锂镍项目放量,点评,一般报告,长江证券,"王鹤涛,邬博华,王筱茜,叶之楠,肖百桓",2025Q4,9149200.0,1972000.0,1384200.0,897400.0,5.28,8.04,,15.7,3.19,买入,,
603799.SH,华友钴业,20230831,华友钴业2023年半年报点评：锂电材料出货量大幅增长，静待锂镍项目放量,点评,一般报告,长江证券,"王鹤涛,邬博华,王筱茜,叶之楠,肖百桓",2024Q4,7285600.0,1602700.0,1114700.0,722600.0,4.25,9.98,,15.5,4.93,买入,,
000596.SZ,古井贡酒,20230831,古井贡酒公司事件点评报告：利润超预期，持续引领省内消费升级,点评,一般报告,华鑫证券,孙山山,2025Q4,2914300.0,,892300.0,631800.0,11.95,23.3,,20.9,,买入,,
000596.SZ,古井贡酒,20230831,古井贡酒公司事件点评报告：利润超预期，持续引领省内消费升级,点评,一般报告,华鑫证券,孙山山,2024Q4,2442200.0,,723700.0,511200.0,9.67,28.8,,19.8,,买入,,
000596.SZ,古井贡酒,20230831,古井贡酒公司事件点评报告：利润超预期，持续引领省内消费升级,点评,一般报告,华鑫证券,孙山山,2023Q4,2028700.0,,581000.0,409500.0,7.75,36.0,,18.4,,买入,,
600741.SH,华域汽车,20230831,华域汽车半年报点评：受益上汽产销恢复及外部客户持续开拓，公司营收稳健增长,点评,一般报告,长江证券,"高登,高伊楠,王子豪",2025Q4,19597400.0,2841600.0,1200200.0,942500.0,2.99,6.48,,13.6,1.93,买入,,
600741.SH,华域汽车,20230831,华域汽车半年报点评：受益上汽产销恢复及外部客户持续开拓，公司营收稳健增长,点评,一般报告,长江证券,"高登,高伊楠,王子豪",2024Q4,17815900.0,2565500.0,1084400.0,851500.0,2.7,7.18,,13.4,3.48,买入,,
600741.SH,华域汽车,20230831,华域汽车半年报点评：受益上汽产销恢复及外部客户持续开拓，公司营收稳健增长,点评,一般报告,长江证券,"高登,高伊楠,王子豪",2023Q4,16967500.0,2426300.0,973000.0,764100.0,2.42,8.0,,13.1,4.44,买入,,
600690.SH,海尔智家,20230831,海尔智家：收入稳健增长，内销盈利改善,点评,一般报告,广发证券,"曾婵,陈尧",2025Q4,30532100.0,,2595100.0,2132400.0,2.26,10.38,,14.1,5.23,买入,,26.31
600690.SH,海尔智家,20230831,海尔智家：收入稳健增长，内销盈利改善,点评,一般报告,广发证券,"曾婵,陈尧",2024Q4,28423900.0,,2273300.0,1868000.0,1.98,11.85,,14.4,6.54,买入,,26.31
600690.SH,海尔智家,20230831,海尔智家：收入稳健增长，内销盈利改善,点评,一般报告,广发证券,"曾婵,陈尧",2023Q4,26378600.0,,2014400.0,1655300.0,1.75,13.37,,15.0,7.51,买入,,26.31
600690.SH,海尔智家,20230831,海尔智家2023半年报点评：经营尽显α，空调表现抢眼,一般,一般报告,长江证券,"管泉森,贺本东",2025Q4,31255100.0,10001600.0,2667100.0,2210500.0,2.34,10.01,,14.9,3.12,买入,,
600690.SH,海尔智家,20230831,海尔智家2023半年报点评：经营尽显α，空调表现抢眼,一般,一般报告,长江证券,"管泉森,贺本东",2024Q4,28785400.0,9168100.0,2352900.0,1950100.0,2.07,11.35,,15.5,4.19,买入,,
600690.SH,海尔智家,20230831,海尔智家2023半年报点评：经营尽显α，空调表现抢眼,一般,一般报告,长江证券,"管泉森,贺本东",2023Q4,26515600.0,8392200.0,2055400.0,1703500.0,1.8,12.99,,16.1,5.53,买入,,
600559.SH,老白干酒,20230831,老白干酒：深化改革寻突破，高档提速促增长,点评,一般报告,中信建投,"安雅泽,张立,唐家全",2025Q4,738884.0,,,110491.0,1.21,21.3,,18.49,,买入,,
600559.SH,老白干酒,20230831,老白干酒：深化改革寻突破，高档提速促增长,点评,一般报告,中信建投,"安雅泽,张立,唐家全",2024Q4,630482.0,,,87452.0,0.96,26.91,,16.49,,买入,,
600559.SH,老白干酒,20230831,老白干酒：深化改革寻突破，高档提速促增长,点评,一般报告,中信建投,"安雅泽,张立,唐家全",2023Q4,537478.0,,,69408.0,0.76,33.91,,14.55,,买入,,
600398.SH,海澜之家,20230831,海澜之家：向上趋势稳健，全年业绩预计快速增长,点评,一般报告,国盛证券,"杨莹,侯子夜,王佳伟",2025Q4,2628100.0,,475900.0,369800.0,0.86,8.6,,18.0,3.4,增持,,
600398.SH,海澜之家,20230831,海澜之家：向上趋势稳健，全年业绩预计快速增长,点评,一般报告,国盛证券,"杨莹,侯子夜,王佳伟",2024Q4,2399600.0,,422100.0,328000.0,0.76,9.7,,17.4,4.0,增持,,
600150.SH,中国船舶,20230831,中国船舶：经营性现金流大幅增加，毛利率同比继续下滑,点评,一般报告,国联证券,孙树明,2025Q4,10214200.0,,1318100.0,837300.0,1.87,15.6,,16.13,4.5,买入,,37.3
600150.SH,中国船舶,20230831,中国船舶：经营性现金流大幅增加，毛利率同比继续下滑,点评,一般报告,国联证券,孙树明,2024Q4,8645500.0,,651400.0,413800.0,0.93,31.5,,8.59,4.2,买入,,37.3
600150.SH,中国船舶,20230831,中国船舶：经营性现金流大幅增加，毛利率同比继续下滑,点评,一般报告,国联证券,孙树明,2023Q4,6813300.0,,193100.0,106200.0,0.24,122.7,,2.29,7.5,买入,,37.3
600048.SH,保利发展,20230831,保利发展2023年半年报点评：加快结算，积极换仓,点评,一般报告,国泰君安,"谢皓宇,白淑媛,郝亚雯",2025Q4,32380100.0,,,2221600.0,1.86,7.95,3.7,8.7,8.85,增持,,20.66
600048.SH,保利发展,20230831,保利发展2023年半年报点评：加快结算，积极换仓,点评,一般报告,国泰君安,"谢皓宇,白淑媛,郝亚雯",2024Q4,33272400.0,,,2236800.0,1.87,7.89,3.7,9.6,8.62,增持,,20.66
600048.SH,保利发展,20230831,保利发展2023年半年报点评：加快结算，积极换仓,点评,一般报告,国泰君安,"谢皓宇,白淑媛,郝亚雯",2023Q4,30873800.0,,,2017200.0,1.69,8.75,3.4,9.6,9.01,增持,,20.66
600048.SH,保利发展,20230831,保利发展2023年半年报点评：加快结算，积极换仓,点评,一般报告,国泰君安,"谢皓宇,白淑媛,郝亚雯",2023Q3,,,,,1.21,,,,,增持,,20.66
301267.SZ,华厦眼科,20230831,华厦眼科：业绩增长超预期，刚性需求复苏明显,点评,一般报告,长江证券,"伍云飞,徐晓欣,聂丽逻",2025Q4,633000.0,321400.0,145300.0,113800.0,1.35,30.32,,15.0,19.11,买入,,
301267.SZ,华厦眼科,20230831,华厦眼科：业绩增长超预期，刚性需求复苏明显,点评,一般报告,长江证券,"伍云飞,徐晓欣,聂丽逻",2024Q4,505600.0,252500.0,109000.0,85400.0,1.02,40.41,,13.2,25.25,买入,,
301267.SZ,华厦眼科,20230831,华厦眼科：业绩增长超预期，刚性需求复苏明显,点评,一般报告,长江证券,"伍云飞,徐晓欣,聂丽逻",2023Q4,404200.0,194900.0,83500.0,65400.0,0.78,52.77,,11.7,32.14,买入,,
601117.SH,中国化学,20230831,中国化学：化学工程高增长，静待实业投资改善,点评,一般报告,华泰证券,"方晏荷,黄颖",2025Q4,24489200.0,,1098200.0,887000.0,1.45,5.35,,12.15,1.29,买入,,10.8
601117.SH,中国化学,20230831,中国化学：化学工程高增长，静待实业投资改善,点评,一般报告,华泰证券,"方晏荷,黄颖",2024Q4,21516200.0,,954300.0,770800.0,1.26,6.16,,11.63,1.67,买入,,10.8
601117.SH,中国化学,20230831,中国化学：化学工程高增长，静待实业投资改善,点评,一般报告,华泰证券,"方晏荷,黄颖",2023Q4,18764800.0,,817200.0,660000.0,1.08,7.19,,10.92,1.83,买入,,10.8
601012.SH,隆基绿能,20230831,隆基绿能：Q2盈利能力稳步提升,点评,一般报告,华泰证券,"申建国,边文姣,周敦伟,吴柯良",2025Q4,17672500.0,,2946400.0,2571900.0,3.39,7.91,,21.27,4.95,买入,,38.4
601012.SH,隆基绿能,20230831,隆基绿能：Q2盈利能力稳步提升,点评,一般报告,华泰证券,"申建国,边文姣,周敦伟,吴柯良",2024Q4,15717700.0,,2831500.0,2471500.0,3.26,8.24,,24.97,2.88,买入,,38.4
601012.SH,隆基绿能,20230831,隆基绿能：Q2盈利能力稳步提升,点评,一般报告,华泰证券,"申建国,边文姣,周敦伟,吴柯良",2023Q4,13765000.0,,2198400.0,1941000.0,2.56,10.49,,24.86,6.22,买入,,38.4
600900.SH,长江电力,20230831,长江电力：短期来水干扰，六库联调作用发挥可期,点评,一般报告,华泰证券,"王玮嘉,黄波,李雅琳,胡知",2025Q4,8552300.0,,4368500.0,3697900.0,1.51,14.54,,14.88,12.17,买入,,30.53
600900.SH,长江电力,20230831,长江电力：短期来水干扰，六库联调作用发挥可期,点评,一般报告,华泰证券,"王玮嘉,黄波,李雅琳,胡知",2024Q4,8456500.0,,4070100.0,3445300.0,1.41,15.6,,14.62,13.04,买入,,30.53
600900.SH,长江电力,20230831,长江电力：短期来水干扰，六库联调作用发挥可期,点评,一般报告,华泰证券,"王玮嘉,黄波,李雅琳,胡知",2023Q4,8254300.0,,3677300.0,3112700.0,1.27,17.27,,15.01,14.22,买入,,30.53
002531.SZ,天顺风能,20230831,天顺风能2023年半年报点评：业绩同比改善明显，海风业务打开成长空间,点评,一般报告,光大证券,"殷中枢,郝骞,黄帅斌",2025Q4,2140900.0,,283100.0,247900.0,1.38,10.0,1.0,17.79,8.2,买入,,
002531.SZ,天顺风能,20230831,天顺风能2023年半年报点评：业绩同比改善明显，海风业务打开成长空间,点评,一般报告,光大证券,"殷中枢,郝骞,黄帅斌",2024Q4,1790100.0,,234900.0,205500.0,1.14,12.0,0.9,17.62,9.5,买入,,
002531.SZ,天顺风能,20230831,天顺风能2023年半年报点评：业绩同比改善明显，海风业务打开成长空间,点评,一般报告,光大证券,"殷中枢,郝骞,黄帅斌",2023Q4,1340800.0,,169200.0,151100.0,0.84,16.0,0.6,15.48,11.8,买入,,
601816.SH,京沪高铁,20230831,京沪高铁：Q2业绩落于预增中枢，铁路客运持续向好,点评,一般报告,招商证券,"苏宝亮,肖欣晨,魏芸",2025Q4,4680800.0,,1863600.0,1467600.0,0.3,18.0,,7.2,16.4,强烈推荐,,7.75
601816.SH,京沪高铁,20230831,京沪高铁：Q2业绩落于预增中枢，铁路客运持续向好,点评,一般报告,招商证券,"苏宝亮,肖欣晨,魏芸",2024Q4,4304000.0,,1598600.0,1318800.0,0.27,20.1,,6.7,17.9,强烈推荐,,7.75
601816.SH,京沪高铁,20230831,京沪高铁：Q2业绩落于预增中枢，铁路客运持续向好,点评,一般报告,招商证券,"苏宝亮,肖欣晨,魏芸",2023Q4,3905400.0,,1306400.0,1126800.0,0.23,23.5,,6.0,19.9,强烈推荐,,7.75
688425.SH,铁建重工,20230831,铁建重工：营收增速略有放缓，国际化拓宽成长空间,点评,首次关注,东北证券,"韦松岭,凌展翔",2025Q4,1592200.0,,349400.0,316600.0,0.59,7.55,0.0,13.85,,增持,,
688425.SH,铁建重工,20230831,铁建重工：营收增速略有放缓，国际化拓宽成长空间,点评,首次关注,东北证券,"韦松岭,凌展翔",2024Q4,1386300.0,,293600.0,265900.0,0.5,8.99,0.0,13.5,,增持,,
688425.SH,铁建重工,20230831,铁建重工：营收增速略有放缓，国际化拓宽成长空间,点评,首次关注,东北证券,"韦松岭,凌展翔",2023Q4,1149000.0,,232900.0,210400.0,0.39,11.36,0.0,12.34,,增持,,
002180.SZ,纳思达,20230831,纳思达：关注打印业务突破，份额或持续提升,点评,一般报告,华泰证券,"谢春生,彭钢",2025Q4,3692300.0,,441800.0,324500.0,2.29,12.35,,15.15,6.73,买入,,50.12
002180.SZ,纳思达,20230831,纳思达：关注打印业务突破，份额或持续提升,点评,一般报告,华泰证券,"谢春生,彭钢",2024Q4,3127900.0,,322600.0,237000.0,1.67,16.91,,12.73,9.46,买入,,50.12
002180.SZ,纳思达,20230831,纳思达：关注打印业务突破，份额或持续提升,点评,一般报告,华泰证券,"谢春生,彭钢",2023Q4,2710400.0,,213000.0,155500.0,1.1,25.77,,9.34,12.05,买入,,50.12
002081.SZ,金螳螂,20230831,金螳螂：Q2收入增速转正，净利降幅收窄,点评,一般报告,华泰证券,"方晏荷,黄颖",2025Q4,2946700.0,,243200.0,202600.0,0.76,6.08,,11.96,1.59,增持,,6.25
002081.SZ,金螳螂,20230831,金螳螂：Q2收入增速转正，净利降幅收窄,点评,一般报告,华泰证券,"方晏荷,黄颖",2024Q4,2748500.0,,210500.0,175400.0,0.66,7.03,,11.49,1.34,增持,,6.25
002081.SZ,金螳螂,20230831,金螳螂：Q2收入增速转正，净利降幅收窄,点评,一般报告,华泰证券,"方晏荷,黄颖",2023Q4,2537000.0,,181200.0,150900.0,0.57,8.16,,10.93,3.39,增持,,6.25
001270.SZ,铖昌科技,20230831,铖昌科技：地面快速增长，星载份额稳定,点评,一般报告,长江证券,"于海宁,祖圣腾",2025Q4,100800.0,54500.0,35900.0,32300.0,2.07,37.77,,15.6,33.29,买入,,
001270.SZ,铖昌科技,20230831,铖昌科技：地面快速增长，星载份额稳定,点评,一般报告,长江证券,"于海宁,祖圣腾",2024Q4,66800.0,38100.0,27300.0,24500.0,1.57,49.77,,14.0,42.77,买入,,
001270.SZ,铖昌科技,20230831,铖昌科技：地面快速增长，星载份额稳定,点评,一般报告,长江证券,"于海宁,祖圣腾",2023Q4,45100.0,28100.0,20300.0,18300.0,1.17,66.77,,12.1,55.21,买入,,
000951.SZ,中国重汽,20230831,中国重汽：头部充分受益国内复苏＋出口高景气,点评,一般报告,华泰证券,"宋亭亭,陈诗慧",2025Q4,6681800.0,,407700.0,234800.0,2.0,8.21,,13.44,1.4,买入,,22.8
000951.SZ,中国重汽,20230831,中国重汽：头部充分受益国内复苏＋出口高景气,点评,一般报告,华泰证券,"宋亭亭,陈诗慧",2024Q4,5717900.0,,324600.0,186900.0,1.59,10.32,,11.88,0.96,买入,,22.8
000951.SZ,中国重汽,20230831,中国重汽：头部充分受益国内复苏＋出口高景气,点评,一般报告,华泰证券,"宋亭亭,陈诗慧",2023Q4,4273500.0,,220200.0,133900.0,1.14,14.41,,9.32,3.97,买入,,22.8
000837.SZ,秦川机床,20230831,秦川机床2023年半年报点评：23H1业绩承压，长期成长空间广阔,点评,首次关注,东北证券,"韦松岭,赵哲,乐智华",2025Q4,723700.0,,71400.0,55900.0,0.55,22.24,0.0,7.79,,增持,,
000837.SZ,秦川机床,20230831,秦川机床2023年半年报点评：23H1业绩承压，长期成长空间广阔,点评,首次关注,东北证券,"韦松岭,赵哲,乐智华",2024Q4,593300.0,,53900.0,42300.0,0.42,29.39,0.0,6.4,,增持,,
000837.SZ,秦川机床,20230831,秦川机床2023年半年报点评：23H1业绩承压，长期成长空间广阔,点评,首次关注,东北证券,"韦松岭,赵哲,乐智华",2023Q4,437700.0,,31400.0,24300.0,0.24,51.07,0.0,3.93,,增持,,
000625.SZ,长安汽车,20230831,长安汽车：行业竞争加剧影响二季度业绩，关注新一轮新品周期,点评,一般报告,平安证券,"王德安,王跟海",2025Q4,24260700.0,,970200.0,938800.0,0.95,14.1,,12.3,3.5,推荐,,
000625.SZ,长安汽车,20230831,长安汽车：行业竞争加剧影响二季度业绩，关注新一轮新品周期,点评,一般报告,平安证券,"王德安,王跟海",2024Q4,20566300.0,,574300.0,603100.0,0.61,22.0,,8.5,6.1,推荐,,
000625.SZ,长安汽车,20230831,长安汽车：行业竞争加剧影响二季度业绩，关注新一轮新品周期,点评,一般报告,平安证券,"王德安,王跟海",2023Q4,16812200.0,,895800.0,936000.0,0.94,14.2,,13.8,6.0,推荐,,
605377.SH,华旺科技,20230831,华旺科技：吨盈利环比进一步提升，出口表现靓丽,点评,一般报告,中信建投,"叶乐,张舒怡",2025Q4,554900.0,,89800.0,78800.0,2.4,8.9,,15.3,4.8,买入,,
605377.SH,华旺科技,20230831,华旺科技：吨盈利环比进一步提升，出口表现靓丽,点评,一般报告,中信建投,"叶乐,张舒怡",2024Q4,451500.0,,76500.0,67100.0,2.0,10.4,,14.8,5.3,买入,,
605377.SH,华旺科技,20230831,华旺科技：吨盈利环比进一步提升，出口表现靓丽,点评,一般报告,中信建投,"叶乐,张舒怡",2023Q4,398900.0,,65700.0,57700.0,1.7,12.1,,14.3,7.6,买入,,
600426.SH,华鲁恒升,20230831,华鲁恒升：2023Q2业绩环比改善，新项目增量可期,点评,一般报告,国信证券,"杨林,余双雨",2025Q4,4521000.0,,904400.0,768900.0,3.62,9.0,3.3,19.4,6.8,买入,,
600426.SH,华鲁恒升,20230831,华鲁恒升：2023Q2业绩环比改善，新项目增量可期,点评,一般报告,国信证券,"杨林,余双雨",2024Q4,4033000.0,,689100.0,585900.0,2.76,11.9,2.5,17.1,8.4,买入,,
600426.SH,华鲁恒升,20230831,华鲁恒升：2023Q2业绩环比改善，新项目增量可期,点评,一般报告,国信证券,"杨林,余双雨",2023Q4,3121300.0,,531700.0,452100.0,2.13,15.4,2.0,15.0,10.2,买入,,
600019.SH,宝钢股份,20230831,宝钢股份：景气谷底盈利稳健，核心资产彰显经营韧性,点评,一般报告,中金,"张树玮,陈彦",2024Q4,35385900.0,2429600.0,1945300.0,1402600.0,0.63,9.7,6.2,6.7,4.4,跑赢行业,,7.39
600019.SH,宝钢股份,20230831,宝钢股份：景气谷底盈利稳健，核心资产彰显经营韧性,点评,一般报告,中金,"张树玮,陈彦",2023Q4,34571400.0,2143200.0,1650200.0,1220800.0,0.55,11.1,4.9,6.1,4.8,跑赢行业,,7.39
002946.SZ,新乳业,20230831,新乳业2023年半年报点评：唯品引领产品升级，盈利改善弹性凸显,点评,一般报告,长江证券,"董思远,徐爽",2025Q4,1517400.0,410100.0,88100.0,78700.0,0.91,15.89,,18.1,11.0,买入,,
002946.SZ,新乳业,20230831,新乳业2023年半年报点评：唯品引领产品升级，盈利改善弹性凸显,点评,一般报告,长江证券,"董思远,徐爽",2024Q4,1323000.0,353100.0,71100.0,63500.0,0.73,19.69,,17.8,13.16,买入,,
002946.SZ,新乳业,20230831,新乳业2023年半年报点评：唯品引领产品升级，盈利改善弹性凸显,点评,一般报告,长江证券,"董思远,徐爽",2023Q4,1154900.0,302600.0,57000.0,50900.0,0.59,24.58,,17.3,15.62,买入,,
600167.SH,联美控股,20230831,联美控股：财报整体持续稳健，业绩反转可期,点评,一般报告,银河证券,"陶贻功,严明,梁悠南",2025Q4,447367.0,,181781.0,142350.0,0.62,10.8,,12.68,4.05,推荐,,
600167.SH,联美控股,20230831,联美控股：财报整体持续稳健，业绩反转可期,点评,一般报告,银河证券,"陶贻功,严明,梁悠南",2024Q4,405004.0,,154234.0,120778.0,0.53,12.73,,11.08,4.56,推荐,,
600167.SH,联美控股,20230831,联美控股：财报整体持续稳健，业绩反转可期,点评,一般报告,银河证券,"陶贻功,严明,梁悠南",2023Q4,375221.0,,131182.0,102165.0,0.45,15.05,,9.56,5.22,推荐,,
601985.SH,中国核电,20230831,中国核电：公司业绩稳定增长，新能源业务快速扩张,点评,一般报告,国联证券,贺朝晖,2025Q4,9813500.0,,2745600.0,1276000.0,0.68,10.5,,11.61,9.3,买入,,9.64
601985.SH,中国核电,20230831,中国核电：公司业绩稳定增长，新能源业务快速扩张,点评,一般报告,国联证券,贺朝晖,2024Q4,8872000.0,,2447800.0,1137600.0,0.6,11.8,,11.15,9.6,买入,,9.64
601985.SH,中国核电,20230831,中国核电：公司业绩稳定增长，新能源业务快速扩张,点评,一般报告,国联证券,贺朝晖,2023Q4,8163500.0,,2192800.0,1019100.0,0.54,13.1,,10.73,10.0,买入,,9.64
600012.SH,皖通高速,20230831,皖通高速：净利基本符合预期，2Q车流增速放缓,点评,一般报告,华泰证券,"沈晓峰,林霞颖",2025Q4,534000.0,,254600.0,194000.0,1.17,9.12,,13.82,5.52,买入,,11.59
600012.SH,皖通高速,20230831,皖通高速：净利基本符合预期，2Q车流增速放缓,点评,一般报告,华泰证券,"沈晓峰,林霞颖",2024Q4,959700.0,,273600.0,194900.0,1.17,9.08,,14.77,6.08,买入,,11.59
600012.SH,皖通高速,20230831,皖通高速：净利基本符合预期，2Q车流增速放缓,点评,一般报告,华泰证券,"沈晓峰,林霞颖",2023Q4,672900.0,,245800.0,173000.0,1.04,10.23,,14.03,5.74,买入,,11.59
000651.SZ,格力电器,20230831,格力电器：渠道提货积极，合同负债大幅提升,点评,一般报告,安信证券,"张立聪,余昆",2025Q4,23099000.0,,3859000.0,3297000.0,5.85,6.0,8.3,22.8,3.9,买入,,47.68
000651.SZ,格力电器,20230831,格力电器：渠道提货积极，合同负债大幅提升,点评,一般报告,安信证券,"张立聪,余昆",2024Q4,21510000.0,,3416000.0,2932000.0,5.21,6.7,7.4,22.9,4.4,买入,,47.68
000651.SZ,格力电器,20230831,格力电器：渠道提货积极，合同负债大幅提升,点评,一般报告,安信证券,"张立聪,余昆",2023Q4,19948000.0,,3038000.0,2685000.0,4.77,7.4,6.8,23.7,5.0,买入,,47.68
300005.SZ,探路者,20230831,探路者：主业实现高增长，期待芯片业务改善,点评,一般报告,华西证券,唐爽爽,2025Q4,180800.0,,23300.0,19400.0,0.22,33.87,,7.6,,增持,,
300005.SZ,探路者,20230831,探路者：主业实现高增长，期待芯片业务改善,点评,一般报告,华西证券,唐爽爽,2024Q4,156500.0,,19600.0,16300.0,0.18,40.35,,6.9,,增持,,
300005.SZ,探路者,20230831,探路者：主业实现高增长，期待芯片业务改善,点评,一般报告,华西证券,唐爽爽,2023Q4,134600.0,,14700.0,12200.0,0.14,53.64,,5.6,,增持,,
601857.SH,中国石油,20230831,中国石油：上半年业绩再创历史新高，天然气价格弹性可观,点评,一般报告,国信证券,"杨林,刘子栋",2025Q4,345057100.0,,35074100.0,23904200.0,1.31,5.9,13.5,15.5,4.0,买入,,
601857.SH,中国石油,20230831,中国石油：上半年业绩再创历史新高，天然气价格弹性可观,点评,一般报告,国信证券,"杨林,刘子栋",2024Q4,329623700.0,,30080300.0,20500800.0,1.12,6.9,10.1,13.7,4.5,买入,,
601857.SH,中国石油,20230831,中国石油：上半年业绩再创历史新高，天然气价格弹性可观,点评,一般报告,国信证券,"杨林,刘子栋",2023Q4,313466800.0,,25045000.0,17069000.0,0.93,8.3,7.2,11.9,5.1,买入,,
601677.SH,明泰铝业,20230831,明泰铝业：销量稳中有增，单位盈利逐季反弹,一般,一般报告,国信证券,"刘孟峦,焦方冉",2025Q4,3490200.0,,264500.0,222800.0,2.083,6.2,2.1,12.8,8.0,买入,,
601677.SH,明泰铝业,20230831,明泰铝业：销量稳中有增，单位盈利逐季反弹,一般,一般报告,国信证券,"刘孟峦,焦方冉",2024Q4,3162700.0,,235700.0,198600.0,1.856,6.9,1.9,12.8,8.7,买入,,
601677.SH,明泰铝业,20230831,明泰铝业：销量稳中有增，单位盈利逐季反弹,一般,一般报告,国信证券,"刘孟峦,焦方冉",2023Q4,2837500.0,,209000.0,176000.0,1.645,7.8,1.7,12.8,9.6,买入,,
603986.SH,兆易创新,20230831,兆易创新：二季度环比改善，复苏可期,点评,一般报告,长江证券,杨洋,2025Q4,991200.0,385100.0,242800.0,225800.0,3.39,27.25,,11.5,19.22,买入,,
603986.SH,兆易创新,20230831,兆易创新：二季度环比改善，复苏可期,点评,一般报告,长江证券,杨洋,2024Q4,831100.0,316300.0,177900.0,165500.0,2.48,37.18,,9.6,27.12,买入,,
603986.SH,兆易创新,20230831,兆易创新：二季度环比改善，复苏可期,点评,一般报告,长江证券,杨洋,2023Q4,698200.0,220000.0,96200.0,90500.0,1.36,68.03,,5.8,47.01,买入,,
000596.SZ,古井贡酒,20230831,古井贡酒2023年中报点评：业绩延续高增，势能加速释放,点评,一般报告,华创证券,"沈昊,欧阳予,田晨曦,刘旭德,董广阳",2025Q4,3210500.0,,1046800.0,736000.0,13.92,20.0,,25.2,13.0,强推,,330.0
000596.SZ,古井贡酒,20230831,古井贡酒2023年中报点评：业绩延续高增，势能加速释放,点评,一般报告,华创证券,"沈昊,欧阳予,田晨曦,刘旭德,董广阳",2024Q4,2596100.0,,804700.0,565700.0,10.7,26.0,,22.9,18.0,强推,,330.0
000596.SZ,古井贡酒,20230831,古井贡酒2023年中报点评：业绩延续高增，势能加速释放,点评,一般报告,华创证券,"沈昊,欧阳予,田晨曦,刘旭德,董广阳",2023Q4,2090900.0,,616500.0,433400.0,8.2,34.0,,20.4,23.0,强推,,330.0
920368.BJ,连城数控,20230831,连城数控：1H23业绩符合市场预期，新签订单亮眼,点评,一般报告,中金,"张梓丁,陈显帆,严佳,张杰敏",2024Q4,643300.0,193500.0,104400.0,94800.0,4.06,10.3,0.5,22.2,5.7,跑赢行业,,66.6
920368.BJ,连城数控,20230831,连城数控：1H23业绩符合市场预期，新签订单亮眼,点评,一般报告,中金,"张梓丁,陈显帆,严佳,张杰敏",2023Q4,541400.0,152700.0,72200.0,67600.0,2.9,14.5,0.3,19.3,9.0,跑赢行业,,66.6
688363.SH,华熙生物,20230831,华熙生物：护肤品业务阶段性调整承压，医疗终端业务增长较好,点评,一般报告,国信证券,"张峻豪,柳旭",2025Q4,1066689.0,,177800.0,150848.0,3.13,29.87,0.9,15.93,22.53,增持,,
688363.SH,华熙生物,20230831,华熙生物：护肤品业务阶段性调整承压，医疗终端业务增长较好,点评,一般报告,国信证券,"张峻豪,柳旭",2024Q4,921113.0,,149700.0,127032.0,2.64,35.47,0.7,15.19,26.61,增持,,
688363.SH,华熙生物,20230831,华熙生物：护肤品业务阶段性调整承压，医疗终端业务增长较好,点评,一般报告,国信证券,"张峻豪,柳旭",2023Q4,754890.0,,126400.0,107253.0,2.23,42.01,0.6,14.44,33.2,增持,,
688236.SH,春立医疗,20230831,春立医疗：集采影响短期业绩，静待否极泰来,点评,一般报告,华泰证券,"代雯,孔垂岩,王殷杰",2025Q4,219700.0,,57506.0,52528.0,1.37,16.18,,13.22,8.61,买入,,27.18
688236.SH,春立医疗,20230831,春立医疗：集采影响短期业绩，静待否极泰来,点评,一般报告,华泰证券,"代雯,孔垂岩,王殷杰",2024Q4,173000.0,,45082.0,41180.0,1.07,20.64,,11.95,11.61,买入,,27.18
688236.SH,春立医疗,20230831,春立医疗：集采影响短期业绩，静待否极泰来,点评,一般报告,华泰证券,"代雯,孔垂岩,王殷杰",2023Q4,132700.0,,34585.0,31591.0,0.82,26.91,,10.41,15.74,买入,,27.18
688169.SH,石头科技,20230831,石头科技：Q2单季度国内海外收入均高速增长,点评,一般报告,安信证券,"张立聪,韩星雨",2025Q4,990430.0,,214950.0,189160.0,14.41,18.5,0.8,13.3,9.5,买入,,378.6
688169.SH,石头科技,20230831,石头科技：Q2单季度国内海外收入均高速增长,点评,一般报告,安信证券,"张立聪,韩星雨",2024Q4,881000.0,,202400.0,178110.0,13.57,19.7,0.8,14.2,10.9,买入,,378.6
688169.SH,石头科技,20230831,石头科技：Q2单季度国内海外收入均高速增长,点评,一般报告,安信证券,"张立聪,韩星雨",2023Q4,771290.0,,180690.0,165700.0,12.62,21.2,0.7,15.0,14.0,买入,,378.6
688153.SH,唯捷创芯,20230831,唯捷创芯：Q2单季改善明显，L－PAMiD国内首发,点评,一般报告,国联证券,"熊军,王海",2025Q4,469700.0,,70400.0,70400.0,1.68,44.7,,13.46,33.5,无,,
688153.SH,唯捷创芯,20230831,唯捷创芯：Q2单季改善明显，L－PAMiD国内首发,点评,一般报告,国联证券,"熊军,王海",2024Q4,375600.0,,46600.0,46600.0,1.11,67.5,,10.29,49.2,无,,
688153.SH,唯捷创芯,20230831,唯捷创芯：Q2单季改善明显，L－PAMiD国内首发,点评,一般报告,国联证券,"熊军,王海",2023Q4,281500.0,,22900.0,22900.0,0.55,137.2,,5.64,92.3,无,,
002573.SZ,清新环境,20230831,清新环境：大气业务收入下滑，资源化业务持续增长,点评,一般报告,银河证券,"陶贻功,严明,梁悠南",2025Q4,1152240.0,,136583.0,96321.0,0.67,8.41,,11.17,7.89,推荐,,
002573.SZ,清新环境,20230831,清新环境：大气业务收入下滑，资源化业务持续增长,点评,一般报告,银河证券,"陶贻功,严明,梁悠南",2024Q4,958849.0,,105107.0,74124.0,0.52,10.93,,9.67,9.37,推荐,,
002573.SZ,清新环境,20230831,清新环境：大气业务收入下滑，资源化业务持续增长,点评,一般报告,银河证券,"陶贻功,严明,梁悠南",2023Q4,815793.0,,72464.0,51103.0,0.36,15.86,,7.38,11.54,推荐,,
002493.SZ,荣盛石化,20230831,荣盛石化：二季度业绩扭亏为盈，新材料产能持续扩张,点评,一般报告,中银国际,"余嫄嫄,徐中良",2025Q4,31472000.0,,2452300.0,1059400.0,1.05,11.7,4.1,17.9,7.6,买入,,
002493.SZ,荣盛石化,20230831,荣盛石化：二季度业绩扭亏为盈，新材料产能持续扩张,点评,一般报告,中银国际,"余嫄嫄,徐中良",2024Q4,31103800.0,,1850500.0,799400.0,0.79,15.6,3.1,15.0,11.2,买入,,
002493.SZ,荣盛石化,20230831,荣盛石化：二季度业绩扭亏为盈，新材料产能持续扩张,点评,一般报告,中银国际,"余嫄嫄,徐中良",2023Q4,31112700.0,,663100.0,318300.0,0.31,39.1,1.5,6.5,16.7,买入,,
002439.SZ,启明星辰,20230831,启明星辰2023年中报点评：移动战略融合新阶段，启动安全大模型训练,点评,一般报告,中信证券,"杨泽原,丁奇,潘儒琛",2025Q4,947203.0,,165800.0,160695.0,1.7,17.1,,14.81,15.2,买入,,40.0
688169.SH,石头科技,20230831,石头科技：Q2经营表现显超预期，营收加速盈利提振,点评,一般报告,德邦证券,"谢丽媛,贺虹萍,邓颖,宋雨桐",2025Q4,1133600.0,,237000.0,215200.0,16.39,16.29,0.0,14.3,14.2,买入,,
688169.SH,石头科技,20230831,石头科技：Q2经营表现显超预期，营收加速盈利提振,点评,一般报告,德邦证券,"谢丽媛,贺虹萍,邓颖,宋雨桐",2024Q4,970200.0,,203000.0,184300.0,14.04,19.02,0.0,14.3,16.94,买入,,
688169.SH,石头科技,20230831,石头科技：Q2经营表现显超预期，营收加速盈利提振,点评,一般报告,德邦证券,"谢丽媛,贺虹萍,邓颖,宋雨桐",2023Q4,806700.0,,172600.0,156700.0,11.94,22.37,0.3,14.2,21.43,买入,,
688122.SH,西部超导,20230831,西部超导：Q2业绩短期承压，产能释放有望推动业绩提升,点评,首份报告,国联证券,孙树明,2025Q4,892100.0,,238300.0,210600.0,3.24,14.3,,24.82,11.9,买入,,58.67
688122.SH,西部超导,20230831,西部超导：Q2业绩短期承压，产能释放有望推动业绩提升,点评,首份报告,国联证券,孙树明,2024Q4,692400.0,,187500.0,165700.0,2.55,18.2,,22.23,14.4,买入,,58.67
688122.SH,西部超导,20230831,西部超导：Q2业绩短期承压，产能释放有望推动业绩提升,点评,首份报告,国联证券,孙树明,2023Q4,534700.0,,149700.0,132300.0,2.04,22.8,,19.92,17.2,买入,,58.67
688561.SH,奇安信,20230831,奇安信2023年中报点评：经营效率持续提升，核心产品地位夯实,点评,一般报告,中信证券,"杨泽原,丁奇,潘儒琛",2025Q4,1254768.0,,97200.0,86602.0,1.26,42.6,,7.39,25.2,买入,,81.0
002439.SZ,启明星辰,20230831,启明星辰2023年中报点评：移动战略融合新阶段，启动安全大模型训练,点评,一般报告,中信证券,"杨泽原,丁奇,潘儒琛",2024Q4,754508.0,,125000.0,121161.0,1.28,22.7,,13.05,19.8,买入,,40.0
002439.SZ,启明星辰,20230831,启明星辰2023年中报点评：移动战略融合新阶段，启动安全大模型训练,点评,一般报告,中信证券,"杨泽原,丁奇,潘儒琛",2023Q4,587903.0,,92500.0,89607.0,0.95,30.5,,11.07,26.2,买入,,40.0
601933.SH,永辉超市,20230831,永辉超市2023年半年报点评：线上业务发展迅速，线上化程度进一步提升,点评,一般报告,光大证券,"唐佳睿,田然",2025Q4,8789100.0,,-25500.0,30900.0,0.034,96.0,0.0,4.16,19.5,增持,,
601933.SH,永辉超市,20230831,永辉超市2023年半年报点评：线上业务发展迅速，线上化程度进一步提升,点评,一般报告,光大证券,"唐佳睿,田然",2024Q4,8555300.0,,-47800.0,14200.0,0.0156,209.0,0.0,2.0,23.6,增持,,
601933.SH,永辉超市,20230831,永辉超市2023年半年报点评：线上业务发展迅速，线上化程度进一步提升,点评,一般报告,光大证券,"唐佳睿,田然",2023Q4,8303000.0,,-134100.0,-50600.0,-0.0558,,0.0,-7.27,63.8,增持,,
001270.SZ,铖昌科技,20230831,铖昌科技：相控阵T／R芯片业务高速增长，多领域实现量产,点评,一般报告,招商证券,"王超,战泳壮",2025Q4,84400.0,,36000.0,33600.0,2.14,40.0,,10.4,31.5,增持,,
001270.SZ,铖昌科技,20230831,铖昌科技：相控阵T／R芯片业务高速增长，多领域实现量产,点评,一般报告,招商证券,"王超,战泳壮",2024Q4,58900.0,,27300.0,25500.0,1.63,52.7,,8.5,43.5,增持,,
001270.SZ,铖昌科技,20230831,铖昌科技：相控阵T／R芯片业务高速增长，多领域实现量产,点评,一般报告,招商证券,"王超,战泳壮",2023Q4,40700.0,,19700.0,18400.0,1.17,73.2,,8.6,65.5,增持,,
000887.SZ,中鼎股份,20230831,中鼎股份：业绩符合预期，新能源收入占比持续提升,点评,一般报告,国金证券,"陈传红,江莹",2025Q4,2442300.0,569400.0,216500.0,183400.0,1.393,11.32,,12.88,,增持,,
000887.SZ,中鼎股份,20230831,中鼎股份：业绩符合预期，新能源收入占比持续提升,点评,一般报告,国金证券,"陈传红,江莹",2024Q4,2001900.0,450800.0,168900.0,143000.0,1.086,14.52,,11.04,,增持,,
000887.SZ,中鼎股份,20230831,中鼎股份：业绩符合预期，新能源收入占比持续提升,点评,一般报告,国金证券,"陈传红,江莹",2023Q4,1696500.0,361900.0,135100.0,114300.0,0.868,18.17,,9.58,,增持,,
600547.SH,山东黄金,20230831,山东黄金：探矿增储持续发力，金价上行周期看好公司业绩弹性,点评,一般报告,安信证券,覃晶晶,2023Q4,5936220.0,,355950.0,218080.0,0.49,53.1,0.5,8.5,18.3,买入,,30.2
600547.SH,山东黄金,20230831,山东黄金2023年中报点评：金价景气，业绩同比提升,点评,一般报告,国信证券,"刘孟峦,冯思宇",2025Q4,6000000.0,,669700.0,443000.0,0.99,26.6,1.9,11.7,15.7,买入,,
600547.SH,山东黄金,20230831,山东黄金2023年中报点评：金价景气，业绩同比提升,点评,一般报告,国信证券,"刘孟峦,冯思宇",2024Q4,5509800.0,,455800.0,301500.0,0.67,39.1,1.3,8.5,19.8,买入,,
600547.SH,山东黄金,20230831,山东黄金2023年中报点评：金价景气，业绩同比提升,点评,一般报告,国信证券,"刘孟峦,冯思宇",2023Q4,5303400.0,,357500.0,236500.0,0.53,49.8,1.0,6.9,23.4,买入,,
300348.SZ,长亮科技,20230831,长亮科技2023年中报点评：业绩平稳增长，销售收款改善明显,点评,一般报告,中信证券,"杨泽原,丁奇,潘儒琛",2025Q4,341500.0,,40700.0,30900.0,0.42,24.9,,15.0,17.0,增持,,
300348.SZ,长亮科技,20230831,长亮科技2023年中报点评：业绩平稳增长，销售收款改善明显,点评,一般报告,中信证券,"杨泽原,丁奇,潘儒琛",2024Q4,280900.0,,27200.0,20700.0,0.28,37.4,,11.5,23.7,增持,,
300348.SZ,长亮科技,20230831,长亮科技2023年中报点评：业绩平稳增长，销售收款改善明显,点评,一般报告,中信证券,"杨泽原,丁奇,潘儒琛",2023Q4,230700.0,,16700.0,12700.0,0.17,61.5,,7.8,34.7,增持,,
002705.SZ,新宝股份,20230831,新宝股份：外销拐点如期兑现，单季扣非利润增长,点评,一般报告,德邦证券,"谢丽媛,贺虹萍,邓颖,宋雨桐",2025Q4,1728800.0,,171200.0,132100.0,1.6,10.9,0.0,12.9,4.69,买入,,
002705.SZ,新宝股份,20230831,新宝股份：外销拐点如期兑现，单季扣非利润增长,点评,一般报告,德邦证券,"谢丽媛,贺虹萍,邓颖,宋雨桐",2024Q4,1556400.0,,152400.0,117600.0,1.42,12.23,0.0,13.2,5.89,买入,,
002705.SZ,新宝股份,20230831,新宝股份：外销拐点如期兑现，单季扣非利润增长,点评,一般报告,德邦证券,"谢丽媛,贺虹萍,邓颖,宋雨桐",2023Q4,1386500.0,,127500.0,98600.0,1.19,14.6,1.7,12.8,7.13,买入,,
600258.SH,首旅酒店,20230831,首旅酒店：公司全部酒店RevPAR恢复至疫前水平，经济型酒店恢复进程较快,点评,一般报告,山西证券,"王冯,张晓霖",2025Q4,970500.0,,206400.0,135800.0,1.22,14.6,,10.3,8.2,增持,,
600258.SH,首旅酒店,20230831,首旅酒店：公司全部酒店RevPAR恢复至疫前水平，经济型酒店恢复进程较快,点评,一般报告,山西证券,"王冯,张晓霖",2024Q4,893600.0,,166200.0,109400.0,0.98,18.2,,9.2,10.5,增持,,
600258.SH,首旅酒店,20230831,首旅酒店：公司全部酒店RevPAR恢复至疫前水平，经济型酒店恢复进程较快,点评,一般报告,山西证券,"王冯,张晓霖",2023Q4,779900.0,,119500.0,78600.0,0.7,25.3,,7.3,13.9,增持,,
600019.SH,宝钢股份,20230831,宝钢股份半年报点评：钢价下跌致净利润下滑，优势产品销量稳步增长,点评,一般报告,招商证券,"刘文平,贾宏坤",2025Q4,38079900.0,,1756400.0,1416500.0,0.64,9.6,,6.7,7.8,强烈推荐,,
600019.SH,宝钢股份,20230831,宝钢股份半年报点评：钢价下跌致净利润下滑，优势产品销量稳步增长,点评,一般报告,招商证券,"刘文平,贾宏坤",2024Q4,36851300.0,,1611700.0,1299400.0,0.58,10.5,,6.4,7.9,强烈推荐,,
600019.SH,宝钢股份,20230831,宝钢股份半年报点评：钢价下跌致净利润下滑，优势产品销量稳步增长,点评,一般报告,招商证券,"刘文平,贾宏坤",2023Q4,35258600.0,,1337800.0,1081900.0,0.49,12.6,,5.5,8.2,强烈推荐,,
301381.SZ,赛维时代,20230831,赛维时代：新品牌新品类高效孵化，Q2业绩持续向好,点评,一般报告,信达证券,汲肖飞,2025Q4,1126700.0,,91500.0,77800.0,1.94,18.98,,19.8,11.21,无,,
301381.SZ,赛维时代,20230831,赛维时代：新品牌新品类高效孵化，Q2业绩持续向好,点评,一般报告,信达证券,汲肖飞,2024Q4,857800.0,,66200.0,56400.0,1.41,26.19,,17.8,16.24,无,,
301381.SZ,赛维时代,20230831,赛维时代：新品牌新品类高效孵化，Q2业绩持续向好,点评,一般报告,信达证券,汲肖飞,2023Q4,656800.0,,49100.0,41800.0,1.04,35.34,,16.1,24.23,无,,
300755.SZ,华致酒行,20230831,华致酒行公司点评报告：盈利能力短期承压，静待复苏后弹性释放,点评,一般报告,方正证券,王泽华,2025Q4,1599000.0,,141900.0,118300.0,2.84,7.99,,18.67,6.2,推荐,,
002460.SZ,赣锋锂业,20230831,赣锋锂业2023半年报点评：锂价下行及存货减值拖累H1业绩，Q2投资净收益创上市以来的单季最高,点评,一般报告,光大证券,"王招华,马俊",2024Q4,4347300.0,,1521900.0,1299300.0,6.44,7.0,1.3,20.23,7.8,增持,,
002460.SZ,赣锋锂业,20230831,赣锋锂业2023半年报点评：锂价下行及存货减值拖累H1业绩，Q2投资净收益创上市以来的单季最高,点评,一般报告,光大证券,"王招华,马俊",2023Q4,3381500.0,,1199200.0,1023700.0,5.08,9.0,1.1,19.59,13.9,增持,,
300755.SZ,华致酒行,20230831,华致酒行公司点评报告：盈利能力短期承压，静待复苏后弹性释放,点评,一般报告,方正证券,王泽华,2024Q4,1322100.0,,107700.0,92000.0,2.21,10.28,,17.85,8.16,推荐,,
300755.SZ,华致酒行,20230831,华致酒行公司点评报告：盈利能力短期承压，静待复苏后弹性释放,点评,一般报告,方正证券,王泽华,2023Q4,1068000.0,,77500.0,67000.0,1.61,14.12,,15.82,11.16,推荐,,
600150.SH,中国船舶,20230831,中国船舶：公司在手订单饱满，船企效益同比增长,点评,一般报告,德邦证券,俞能飞,2025Q4,9484600.0,,1518200.0,953300.0,2.13,13.67,0.1,14.1,6.18,买入,,
600150.SH,中国船舶,20230831,中国船舶：公司在手订单饱满，船企效益同比增长,点评,一般报告,德邦证券,俞能飞,2024Q4,8261900.0,,1203800.0,707800.0,1.58,18.41,0.1,12.3,8.31,买入,,
600150.SH,中国船舶,20230831,中国船舶：公司在手订单饱满，船企效益同比增长,点评,一般报告,德邦证券,俞能飞,2023Q4,6919100.0,,445600.0,304800.0,0.68,42.75,0.1,6.1,17.58,买入,,
600150.SH,中国船舶,20230831,中国船舶：业绩实现高增，订单充足＋高端化驱动增长,点评,一般报告,东北证券,王凤华,2025Q4,9537100.0,,934700.0,663700.0,1.48,19.64,0.07,11.22,,买入,,
600150.SH,中国船舶,20230831,中国船舶：业绩实现高增，订单充足＋高端化驱动增长,点评,一般报告,东北证券,王凤华,2024Q4,8332500.0,,662200.0,470200.0,1.05,27.72,0.07,8.94,,买入,,
600150.SH,中国船舶,20230831,中国船舶：业绩实现高增，订单充足＋高端化驱动增长,点评,一般报告,东北证券,王凤华,2023Q4,7115500.0,,311500.0,221200.0,0.49,58.92,0.07,4.61,,买入,,
600900.SH,长江电力,20230831,长江电力：下半年来水有望改善，乌白注入增厚装机57％,点评,首次评级,银河证券,"陶贻功,严明,梁悠南",2025Q4,8972322.0,,4500041.0,3653133.0,1.49,14.72,,16.34,10.08,推荐,,
600900.SH,长江电力,20230831,长江电力：下半年来水有望改善，乌白注入增厚装机57％,点评,首次评级,银河证券,"陶贻功,严明,梁悠南",2024Q4,8767963.0,,4291519.0,3483855.0,1.42,15.43,,16.27,10.51,推荐,,
600900.SH,长江电力,20230831,长江电力：下半年来水有望改善，乌白注入增厚装机57％,点评,首次评级,银河证券,"陶贻功,严明,梁悠南",2023Q4,7947961.0,,3713246.0,3014413.0,1.23,17.83,,14.76,11.32,推荐,,
600872.SH,中炬高新,20230831,中炬高新：餐饮市场稳步修复，渠道开发继续推进,点评,一般报告,安信证券,"赵国防,侯雅楠",2025Q4,685140.0,,115090.0,88750.0,1.13,29.1,1.0,17.0,19.0,买入,,41.53
600872.SH,中炬高新,20230831,中炬高新：餐饮市场稳步修复，渠道开发继续推进,点评,一般报告,安信证券,"赵国防,侯雅楠",2024Q4,622750.0,,105740.0,77140.0,0.98,33.5,0.9,16.8,21.4,买入,,41.53
600872.SH,中炬高新,20230831,中炬高新：餐饮市场稳步修复，渠道开发继续推进,点评,一般报告,安信证券,"赵国防,侯雅楠",2023Q4,560510.0,,84870.0,65230.0,0.83,39.6,0.8,16.1,25.3,买入,,41.53
600754.SH,锦江酒店,20230831,锦江酒店：Q2营收超19年同期，Q3RevPAR有望持续增长,点评,一般报告,中银国际,"李小民,纠泰民",2025Q4,1987100.0,,419100.0,270300.0,2.53,15.2,3.7,14.0,7.2,增持,,
600754.SH,锦江酒店,20230831,锦江酒店：Q2营收超19年同期，Q3RevPAR有望持续增长,点评,一般报告,中银国际,"李小民,纠泰民",2024Q4,1782000.0,,329900.0,215600.0,2.01,19.1,3.0,11.9,9.4,增持,,
600754.SH,锦江酒店,20230831,锦江酒店：Q2营收超19年同期，Q3RevPAR有望持续增长,点评,一般报告,中银国际,"李小民,纠泰民",2023Q4,1429100.0,,209900.0,140800.0,1.32,29.2,1.9,8.2,12.5,增持,,
601111.SH,中国国航,20230831,中国国航：2Q23小幅亏损；等待票价弹性兑现,点评,一般报告,华泰证券,"沈晓峰,黄凡洋",2025Q4,21160000.0,,2599800.0,2222700.0,1.372,6.01,,29.46,4.2,买入,,13.55
601111.SH,中国国航,20230831,中国国航：2Q23小幅亏损；等待票价弹性兑现,点评,一般报告,华泰证券,"沈晓峰,黄凡洋",2024Q4,19974200.0,,2018800.0,1730900.0,1.068,7.72,,32.52,5.11,买入,,13.55
601111.SH,中国国航,20230831,中国国航：2Q23小幅亏损；等待票价弹性兑现,点评,一般报告,华泰证券,"沈晓峰,黄凡洋",2023Q4,15462700.0,,354700.0,319200.0,0.197,41.85,,8.84,8.35,买入,,13.55
601877.SH,正泰电器,20230831,正泰电器：23年需求向好，分布式业务有望高增,点评,首份报告,华泰证券,"申建国,边文姣,周敦伟",2025Q4,6736100.0,,924500.0,662000.0,3.08,8.39,,12.74,6.65,增持,,29.0
601877.SH,正泰电器,20230831,正泰电器：23年需求向好，分布式业务有望高增,点评,首份报告,华泰证券,"申建国,边文姣,周敦伟",2024Q4,5804900.0,,827200.0,578200.0,2.69,9.6,,12.65,6.53,增持,,29.0
601877.SH,正泰电器,20230831,正泰电器：23年需求向好，分布式业务有望高增,点评,首份报告,华泰证券,"申建国,边文姣,周敦伟",2023Q4,4790400.0,,744400.0,495900.0,2.31,11.19,,12.28,8.13,增持,,29.0
688561.SH,奇安信,20230831,奇安信2023年中报点评：经营效率持续提升，核心产品地位夯实,点评,一般报告,中信证券,"杨泽原,丁奇,潘儒琛",2024Q4,1002162.0,,59900.0,53350.0,0.78,68.8,,4.92,37.0,买入,,81.0
688561.SH,奇安信,20230831,奇安信2023年中报点评：经营效率持续提升，核心产品地位夯实,点评,一般报告,中信证券,"杨泽原,丁奇,潘儒琛",2023Q4,792099.0,,40300.0,35904.0,0.52,103.2,,3.48,52.4,买入,,81.0
688552.SH,航天南湖,20230831,航天南湖：国内防空预警雷达龙头，军贸及空管领域打开新篇章,点评,一般报告,招商证券,"王超,战泳壮",2025Q4,191100.0,,30100.0,28900.0,0.86,28.7,,9.4,22.7,强烈推荐,,
688552.SH,航天南湖,20230831,航天南湖：国内防空预警雷达龙头，军贸及空管领域打开新篇章,点评,一般报告,招商证券,"王超,战泳壮",2024Q4,153100.0,,24200.0,23200.0,0.69,35.7,,8.0,28.1,强烈推荐,,
688552.SH,航天南湖,20230831,航天南湖：国内防空预警雷达龙头，军贸及空管领域打开新篇章,点评,一般报告,招商证券,"王超,战泳壮",2023Q4,120400.0,,19500.0,18700.0,0.56,44.2,,10.0,33.4,强烈推荐,,
600547.SH,山东黄金,20230831,山东黄金：探矿增储持续发力，金价上行周期看好公司业绩弹性,点评,一般报告,安信证券,覃晶晶,2025Q4,6629820.0,,621360.0,380690.0,0.85,30.4,0.8,11.1,12.1,买入,,30.2
600547.SH,山东黄金,20230831,山东黄金：探矿增储持续发力，金价上行周期看好公司业绩弹性,点评,一般报告,安信证券,覃晶晶,2024Q4,6374420.0,,521670.0,319610.0,0.71,36.2,0.7,10.6,14.2,买入,,30.2
601633.SH,长城汽车,20230831,长城汽车：产品结构改善，海外盈利能力强劲,点评,一般报告,平安证券,"王德安,王跟海",2025Q4,26012700.0,,1163900.0,990900.0,1.17,22.7,,12.3,10.5,推荐,,
601633.SH,长城汽车,20230831,长城汽车：产品结构改善，海外盈利能力强劲,点评,一般报告,平安证券,"王德安,王跟海",2024Q4,24775600.0,,916100.0,807400.0,0.95,27.9,,11.0,13.1,推荐,,
601633.SH,长城汽车,20230831,长城汽车：产品结构改善，海外盈利能力强劲,点评,一般报告,平安证券,"王德安,王跟海",2023Q4,17222000.0,,547500.0,493500.0,0.58,45.7,,7.3,18.8,推荐,,
601021.SH,春秋航空,20230831,春秋航空：2Q利润超19同期；旺季有望突破,点评,一般报告,华泰证券,"沈晓峰,黄凡洋",2025Q4,2627200.0,,594300.0,445700.0,4.56,12.54,,19.28,7.86,买入,,78.1
601021.SH,春秋航空,20230831,春秋航空：2Q利润超19同期；旺季有望突破,点评,一般报告,华泰证券,"沈晓峰,黄凡洋",2024Q4,2264700.0,,403700.0,323000.0,3.3,17.31,,16.87,10.98,买入,,78.1
601021.SH,春秋航空,20230831,春秋航空：2Q利润超19同期；旺季有望突破,点评,一般报告,华泰证券,"沈晓峰,黄凡洋",2023Q4,1863900.0,,234100.0,222400.0,2.27,25.13,,13.97,16.04,买入,,78.1
300751.SZ,迈为股份,20230831,迈为股份：设备收入快速增长，持续推进HJT降本增效,点评,一般报告,中银国际,"武佳雄,李天帅",2025Q4,1583000.0,,316100.0,299100.0,10.74,14.8,0.9,26.1,12.8,买入,,
300751.SZ,迈为股份,20230831,迈为股份：设备收入快速增长，持续推进HJT降本增效,点评,一般报告,中银国际,"武佳雄,李天帅",2024Q4,1027400.0,,196600.0,194200.0,6.97,22.8,0.9,21.9,21.0,买入,,
300751.SZ,迈为股份,20230831,迈为股份：设备收入快速增长，持续推进HJT降本增效,点评,一般报告,中银国际,"武佳雄,李天帅",2023Q4,722800.0,,119500.0,122100.0,4.38,36.2,0.9,16.6,40.0,买入,,
002460.SZ,赣锋锂业,20230831,赣锋锂业2023半年报点评：锂价下行及存货减值拖累H1业绩，Q2投资净收益创上市以来的单季最高,点评,一般报告,光大证券,"王招华,马俊",2025Q4,5309500.0,,1750100.0,1494900.0,7.41,6.0,1.5,19.2,5.6,增持,,
002594.SZ,比亚迪,20230831,比亚迪：业绩高速增长，看好高端化及出口前景,点评,一般报告,中银国际,朱朋,2024Q4,81649300.0,,5508700.0,3511800.0,12.06,20.7,1.0,21.8,7.5,买入,,
002594.SZ,比亚迪,20230831,比亚迪：业绩高速增长，看好高端化及出口前景,点评,一般报告,中银国际,朱朋,2023Q4,64477500.0,,4248800.0,2708600.0,9.3,26.8,0.7,20.4,10.6,买入,,
600900.SH,长江电力,20230831,长江电力：短期业绩受来水拖累，乌白注入坚定长期增长信心,点评,一般报告,招商证券,宋盈盈,2025Q4,8996600.0,,4509500.0,3651900.0,1.49,14.7,,14.7,11.2,强烈推荐,,
600900.SH,长江电力,20230831,长江电力：短期业绩受来水拖累，乌白注入坚定长期增长信心,点评,一般报告,招商证券,宋盈盈,2024Q4,8944700.0,,4371800.0,3540500.0,1.45,15.2,,15.0,11.1,强烈推荐,,
600900.SH,长江电力,20230831,长江电力：短期业绩受来水拖累，乌白注入坚定长期增长信心,点评,一般报告,招商证券,宋盈盈,2023Q4,8127200.0,,3716100.0,3009400.0,1.23,17.9,,14.5,14.8,强烈推荐,,
002594.SZ,比亚迪,20230831,比亚迪：业绩高速增长，看好高端化及出口前景,点评,一般报告,中银国际,朱朋,2025Q4,96659500.0,,6974300.0,4446100.0,15.27,16.4,1.2,22.6,6.0,买入,,
000333.SZ,美的集团,20230831,美的集团：收入净利逐季优化，以ToB巩固成长,点评,一般报告,华泰证券,"林寰宇,王森泉,周衍峰,李裕恬",2025Q4,43764300.0,,4832100.0,4003100.0,5.7,9.97,,19.81,6.08,买入,,65.94
000333.SZ,美的集团,20230831,美的集团：收入净利逐季优化，以ToB巩固成长,点评,一般报告,华泰证券,"林寰宇,王森泉,周衍峰,李裕恬",2024Q4,40921200.0,,4390300.0,3639800.0,5.18,10.96,,19.94,7.2,买入,,65.94
000333.SZ,美的集团,20230831,美的集团：收入净利逐季优化，以ToB巩固成长,点评,一般报告,华泰证券,"林寰宇,王森泉,周衍峰,李裕恬",2023Q4,37780000.0,,3985300.0,3307600.0,4.71,12.06,,20.03,7.96,买入,,65.94
000002.SZ,万科A,20230831,万科A：地产开发缩量聚焦，多元业务稳健,点评,一般报告,华泰证券,"陈慎,刘璐,林正衡",2025Q4,50732900.0,,4523500.0,1981300.0,1.66,8.55,,7.15,9.79,买入,,19.03
000002.SZ,万科A,20230831,万科A：地产开发缩量聚焦，多元业务稳健,点评,一般报告,华泰证券,"陈慎,刘璐,林正衡",2024Q4,49053900.0,,4278000.0,1860900.0,1.56,9.1,,7.0,10.64,买入,,19.03
000002.SZ,万科A,20230831,万科A：地产开发缩量聚焦，多元业务稳健,点评,一般报告,华泰证券,"陈慎,刘璐,林正衡",2023Q4,48024000.0,,4195600.0,1804900.0,1.51,9.39,,7.17,10.11,买入,,19.03
000792.SZ,盐湖股份,20230831,盐湖股份半年报点评：二季度利润环比提升，盐湖提锂新产能稳步推进,点评,一般报告,国信证券,"刘孟峦,杨耀洪",2025Q4,2268300.0,,1421600.0,1101700.0,2.03,8.9,3.4,23.2,7.1,买入,,
000792.SZ,盐湖股份,20230831,盐湖股份半年报点评：二季度利润环比提升，盐湖提锂新产能稳步推进,点评,一般报告,国信证券,"刘孟峦,杨耀洪",2024Q4,2188700.0,,1399800.0,1043700.0,1.92,9.4,3.2,26.2,7.2,买入,,
000792.SZ,盐湖股份,20230831,盐湖股份半年报点评：二季度利润环比提升，盐湖提锂新产能稳步推进,点评,一般报告,国信证券,"刘孟峦,杨耀洪",2023Q4,2190700.0,,1420900.0,1047600.0,1.93,9.4,3.2,32.2,7.2,买入,,
000625.SZ,长安汽车,20230831,长安汽车：S7领势向前，启源开启新篇章,点评,一般报告,华泰证券,"宋亭亭,陈诗慧",2025Q4,21435100.0,,966800.0,923100.0,0.93,14.36,,10.88,3.44,增持,,16.65
000625.SZ,长安汽车,20230831,长安汽车：S7领势向前，启源开启新篇章,点评,一般报告,华泰证券,"宋亭亭,陈诗慧",2024Q4,19711600.0,,910700.0,869500.0,0.88,15.24,,11.13,5.17,增持,,16.65
000625.SZ,长安汽车,20230831,长安汽车：S7领势向前，启源开启新篇章,点评,一般报告,华泰证券,"宋亭亭,陈诗慧",2023Q4,14625100.0,,905700.0,864700.0,0.87,15.33,,12.02,5.22,增持,,16.65
000539.SZ,粤电力A,20230831,粤电力A：电量电价同增提振营收，煤价下行促盈利,点评,首份报告,国联证券,"贺朝晖,袁澎",2025Q4,8781800.0,,908400.0,454200.0,0.87,7.4,,14.42,6.7,买入,,8.04
000539.SZ,粤电力A,20230831,粤电力A：电量电价同增提振营收，煤价下行促盈利,点评,首份报告,国联证券,"贺朝晖,袁澎",2024Q4,6924100.0,,701700.0,350900.0,0.67,9.5,,13.02,7.8,买入,,8.04
000539.SZ,粤电力A,20230831,粤电力A：电量电价同增提振营收，煤价下行促盈利,点评,首份报告,国联证券,"贺朝晖,袁澎",2023Q4,6120700.0,,619200.0,309600.0,0.59,10.8,,13.21,8.7,买入,,8.04
000539.SZ,粤电力A,20230831,粤电力A：火电释放充足弹性，新能源储备资源充足,点评,一般报告,招商证券,宋盈盈,2025Q4,7463100.0,,738900.0,393300.0,0.75,8.5,,15.3,8.5,增持,,
000539.SZ,粤电力A,20230831,粤电力A：火电释放充足弹性，新能源储备资源充足,点评,一般报告,招商证券,宋盈盈,2024Q4,6505100.0,,605300.0,322200.0,0.61,10.4,,13.7,9.7,增持,,
000539.SZ,粤电力A,20230831,粤电力A：火电释放充足弹性，新能源储备资源充足,点评,一般报告,招商证券,宋盈盈,2023Q4,5893500.0,,436900.0,232500.0,0.44,14.4,,10.9,11.5,增持,,
001330.SZ,博纳影业,20230831,博纳影业：业绩符合市场预期，关注后续电影上映节奏,一般,一般报告,中金,"张雪晴,焦杉,唐婧",2024Q4,335000.0,136900.0,67000.0,48100.0,0.35,23.4,0.0,6.6,7.8,跑赢行业,,10.5
001330.SZ,博纳影业,20230831,博纳影业：业绩符合市场预期，关注后续电影上映节奏,一般,一般报告,中金,"张雪晴,焦杉,唐婧",2023Q4,265800.0,81000.0,23400.0,19500.0,0.14,57.6,0.0,2.8,11.3,跑赢行业,,10.5
000910.SZ,大亚圣象,20230831,大亚圣象：毛利率同比修复，保持行业领先地位,点评,一般报告,华泰证券,"陈慎,刘思奇",2025Q4,834500.0,,58567.0,48942.0,0.89,9.17,,6.3,0.87,买入,,10.04
000910.SZ,大亚圣象,20230831,大亚圣象：毛利率同比修复，保持行业领先地位,点评,一般报告,华泰证券,"陈慎,刘思奇",2024Q4,766700.0,,50387.0,42107.0,0.77,10.66,,5.78,2.12,买入,,10.04
000910.SZ,大亚圣象,20230831,大亚圣象：毛利率同比修复，保持行业领先地位,点评,一般报告,华泰证券,"陈慎,刘思奇",2023Q4,700800.0,,42595.0,35595.0,0.65,12.61,,5.19,2.23,买入,,10.04
002153.SZ,石基信息,20230831,石基信息：云ARR高增，SEP逐步规模化落地,点评,一般报告,华泰证券,"谢春生,彭钢",2025Q4,425000.0,,39056.0,36732.0,0.1346,101.49,,4.21,68.23,买入,,20.02
002153.SZ,石基信息,20230831,石基信息：云ARR高增，SEP逐步规模化落地,点评,一般报告,华泰证券,"谢春生,彭钢",2024Q4,352600.0,,21597.0,20312.0,0.0744,183.54,,2.43,112.93,买入,,20.02
002153.SZ,石基信息,20230831,石基信息：云ARR高增，SEP逐步规模化落地,点评,一般报告,华泰证券,"谢春生,彭钢",2023Q4,290000.0,,7060.0,6640.0,0.0243,561.45,,0.81,257.29,买入,,20.02
002032.SZ,苏泊尔,20230831,苏泊尔：内外销收入改善，控费运营效率领先,一般,一般报告,中金,"韦一飞,何伟,卢璐,张沁仪",2024Q4,2332700.0,596800.0,291800.0,237000.0,2.94,16.3,3.1,38.1,11.7,跑赢行业,,63.05
002032.SZ,苏泊尔,20230831,苏泊尔：内外销收入改善，控费运营效率领先,一般,一般报告,中金,"韦一飞,何伟,卢璐,张沁仪",2023Q4,2115300.0,535600.0,264000.0,214500.0,2.66,18.0,2.8,34.0,13.7,跑赢行业,,63.05
002558.SZ,巨人网络,20230831,巨人网络：新品驱动Q2业绩超预期，AI应用推进,点评,一般报告,华泰证券,"朱珺,吴晓宇",2023Q4,321700.0,,143100.0,136700.0,0.68,21.43,,10.9,19.83,买入,,17.68
688072.SH,拓荆科技,20230831,拓荆科技：收入持续高增长，多款新品首台产业化应用,点评,一般报告,国联证券,"熊军,王海",2025Q4,523200.0,,117900.0,118300.0,9.35,37.0,,19.19,30.1,买入,,442.19
688072.SH,拓荆科技,20230831,拓荆科技：收入持续高增长，多款新品首台产业化应用,点评,一般报告,国联证券,"熊军,王海",2024Q4,397700.0,,84900.0,85200.0,6.73,51.5,,16.97,42.0,买入,,442.19
688072.SH,拓荆科技,20230831,拓荆科技：收入持续高增长，多款新品首台产业化应用,点评,一般报告,国联证券,"熊军,王海",2023Q4,273500.0,,49300.0,49400.0,3.91,88.7,,11.79,70.1,买入,,442.19
688048.SH,长光华芯,20230831,长光华芯：23H1业绩承压，静待下游行情复苏,点评,一般报告,平安证券,"付强,徐勇,徐碧云",2025Q4,106300.0,,33400.0,33400.0,1.9,33.7,,8.9,23.0,推荐,,
688048.SH,长光华芯,20230831,长光华芯：23H1业绩承压，静待下游行情复苏,点评,一般报告,平安证券,"付强,徐勇,徐碧云",2024Q4,76500.0,,24500.0,24500.0,1.39,45.9,,7.0,25.0,推荐,,
688048.SH,长光华芯,20230831,长光华芯：23H1业绩承压，静待下游行情复苏,点评,一般报告,平安证券,"付强,徐勇,徐碧云",2023Q4,53000.0,,17100.0,17100.0,0.97,66.0,,5.1,33.0,推荐,,
603997.SH,继峰股份,20230831,继峰股份：座椅项目量产顺利，经营质量全面提升,点评,一般报告,国联证券,黄程保,2025Q4,2579500.0,,172600.0,127700.0,1.11,13.6,,29.72,9.8,买入,,18.6
603997.SH,继峰股份,20230831,继峰股份：座椅项目量产顺利，经营质量全面提升,点评,一般报告,国联证券,黄程保,2024Q4,2301200.0,,130600.0,95500.0,0.83,18.2,,24.73,12.0,买入,,18.6
603997.SH,继峰股份,20230831,继峰股份：座椅项目量产顺利，经营质量全面提升,点评,一般报告,国联证券,黄程保,2023Q4,1962600.0,,41900.0,30300.0,0.26,57.4,,8.52,21.8,买入,,18.6
603808.SH,歌力思,20230831,歌力思：剔除海外扰动，Q2国内利润接近疫情前水平,点评,一般报告,华西证券,唐爽爽,2025Q4,376000.0,,71400.0,52000.0,1.41,8.85,,13.9,,买入,,
603808.SH,歌力思,20230831,歌力思：剔除海外扰动，Q2国内利润接近疫情前水平,点评,一般报告,华西证券,唐爽爽,2024Q4,328500.0,,58900.0,42900.0,1.16,10.73,,13.0,,买入,,
603808.SH,歌力思,20230831,歌力思：剔除海外扰动，Q2国内利润接近疫情前水平,点评,一般报告,华西证券,唐爽爽,2023Q4,283300.0,,44900.0,33900.0,0.92,13.58,,11.5,,买入,,
688375.SH,国博电子,20230831,国博电子：上半年经营稳健，横向拓展新领域,点评,一般报告,华泰证券,"王兴,黄乐平,高名垚,陈越兮",2025Q4,774700.0,,121800.0,114200.0,2.86,30.47,,14.74,21.8,增持,,120.63
688375.SH,国博电子,20230831,国博电子：上半年经营稳健，横向拓展新领域,点评,一般报告,华泰证券,"王兴,黄乐平,高名垚,陈越兮",2024Q4,580700.0,,95179.0,89275.0,2.23,38.99,,13.26,29.07,增持,,120.63
600039.SH,四川路桥,20230831,四川路桥：Q2业绩延续较快增长，现金流改善,点评,一般报告,华泰证券,"方晏荷,黄颖",2025Q4,22548500.0,,2397100.0,1968100.0,2.26,3.97,,28.32,5.52,买入,,10.85
600039.SH,四川路桥,20230831,四川路桥：Q2业绩延续较快增长，现金流改善,点评,一般报告,华泰证券,"方晏荷,黄颖",2024Q4,18990400.0,,1954700.0,1604800.0,1.84,4.87,,27.3,5.42,买入,,10.85
600039.SH,四川路桥,20230831,四川路桥：Q2业绩延续较快增长，现金流改善,点评,一般报告,华泰证券,"方晏荷,黄颖",2023Q4,16329000.0,,1644800.0,1350400.0,1.55,5.79,,27.0,7.62,买入,,10.85
601633.SH,长城汽车,20230831,长城汽车：多品牌齐发力，新能源转型加速推进,点评,一般报告,华泰证券,"宋亭亭,陈诗慧",2025Q4,29068200.0,,1244400.0,1106300.0,1.3,20.37,,12.12,6.08,增持,,31.67
601633.SH,长城汽车,20230831,长城汽车：多品牌齐发力，新能源转型加速推进,点评,一般报告,华泰证券,"宋亭亭,陈诗慧",2024Q4,27307700.0,,1007000.0,905300.0,1.07,24.9,,11.28,8.41,增持,,31.67
601633.SH,长城汽车,20230831,长城汽车：多品牌齐发力，新能源转型加速推进,点评,一般报告,华泰证券,"宋亭亭,陈诗慧",2023Q4,19933000.0,,630600.0,597300.0,0.7,37.74,,8.39,13.9,增持,,31.67
600760.SH,中航沈飞,20230831,中航沈飞：战斗机龙头持续高增长,点评,一般报告,华泰证券,"李聪,朱雨时,田莫充",2025Q4,8269500.0,,547200.0,483100.0,1.75,25.38,,19.77,14.89,买入,,54.5
600760.SH,中航沈飞,20230831,中航沈飞：战斗机龙头持续高增长,点评,一般报告,华泰证券,"李聪,朱雨时,田莫充",2024Q4,6595700.0,,427500.0,377400.0,1.37,32.48,,19.25,20.01,买入,,54.5
600760.SH,中航沈飞,20230831,中航沈飞：战斗机龙头持续高增长,点评,一般报告,华泰证券,"李聪,朱雨时,田莫充",2023Q4,5258200.0,,338900.0,299300.0,1.09,40.97,,18.9,26.36,买入,,54.5
688375.SH,国博电子,20230831,国博电子：上半年经营稳健，横向拓展新领域,点评,一般报告,华泰证券,"王兴,黄乐平,高名垚,陈越兮",2023Q4,440100.0,,69519.0,65206.0,1.63,53.38,,10.94,41.87,增持,,120.63
688169.SH,石头科技,20230831,石头科技：外销回暖＋产品结构改善，Q2收入利润高增,点评,一般报告,国联证券,陈梦瑶,2025Q4,1084500.0,,246900.0,216900.0,16.52,16.2,,14.88,9.2,买入,,300.0
688169.SH,石头科技,20230831,石头科技：外销回暖＋产品结构改善，Q2收入利润高增,点评,一般报告,国联证券,陈梦瑶,2024Q4,916300.0,,209600.0,184100.0,14.02,19.0,,14.58,11.5,买入,,300.0
688169.SH,石头科技,20230831,石头科技：外销回暖＋产品结构改善，Q2收入利润高增,点评,一般报告,国联证券,陈梦瑶,2023Q4,769100.0,,178700.0,156900.0,11.95,22.3,,14.3,14.1,买入,,300.0
603258.SH,电魂网络,20230831,电魂网络公司事件点评报告：亚运会开幕在即，关注《梦三国2》登国际赛场展现国风电竞魅力,点评,一般报告,华鑫证券,"朱珠,于越",2025Q4,103000.0,,46600.0,40200.0,1.64,20.0,,16.5,,买入,,
603258.SH,电魂网络,20230831,电魂网络公司事件点评报告：亚运会开幕在即，关注《梦三国2》登国际赛场展现国风电竞魅力,点评,一般报告,华鑫证券,"朱珠,于越",2024Q4,93400.0,,39900.0,34400.0,1.41,23.3,,14.5,,买入,,
603258.SH,电魂网络,20230831,电魂网络公司事件点评报告：亚运会开幕在即，关注《梦三国2》登国际赛场展现国风电竞魅力,点评,一般报告,华鑫证券,"朱珠,于越",2023Q4,84000.0,,33400.0,28800.0,1.18,27.9,,12.0,,买入,,
600919.SH,江苏银行,20230831,江苏银行2023年半年报点评：营收利润增速双升，资产质量稳中向好,点评,一般报告,华创证券,"贾靖,徐康",2025Q4,10322500.0,,5148300.0,4467000.0,2.81,2.51,,18.25,,推荐,,8.8
600919.SH,江苏银行,20230831,江苏银行2023年半年报点评：营收利润增速双升，资产质量稳中向好,点评,一般报告,华创证券,"贾靖,徐康",2024Q4,9005600.0,,4299500.0,3730900.0,2.34,3.02,,17.72,,推荐,,8.8
600919.SH,江苏银行,20230831,江苏银行2023年半年报点评：营收利润增速双升，资产质量稳中向好,点评,一般报告,华创证券,"贾靖,徐康",2023Q4,7856100.0,,3584100.0,3110100.0,1.94,3.64,,17.1,,推荐,,8.8
600383.SH,金地集团,20230831,金地集团：利润率压力仍存，补库略有改善,点评,一般报告,华泰证券,"陈慎,刘璐,林正衡,陈颖",2025Q4,11751700.0,,1268000.0,606300.0,1.34,5.84,,6.64,10.34,买入,,9.54
600383.SH,金地集团,20230831,金地集团：利润率压力仍存，补库略有改善,点评,一般报告,华泰证券,"陈慎,刘璐,林正衡,陈颖",2024Q4,11029900.0,,1140000.0,540900.0,1.2,6.54,,6.36,10.73,买入,,9.54
600383.SH,金地集团,20230831,金地集团：利润率压力仍存，补库略有改善,点评,一般报告,华泰证券,"陈慎,刘璐,林正衡,陈颖",2023Q4,11324300.0,,1016800.0,493600.0,1.09,7.17,,6.03,10.82,买入,,9.54
601155.SH,新城控股,20230831,新城控股：开发收缩商业稳增，负债平稳压降,点评,一般报告,华泰证券,"陈慎,刘璐,林正衡,陈颖",2025Q4,12230500.0,,1038700.0,592800.0,2.63,5.78,,6.3,6.8,买入,,21.78
601155.SH,新城控股,20230831,新城控股：开发收缩商业稳增，负债平稳压降,点评,一般报告,华泰证券,"陈慎,刘璐,林正衡,陈颖",2024Q4,12142800.0,,957500.0,546400.0,2.42,6.27,,6.2,8.15,买入,,21.78
000998.SZ,隆平高科,20230831,隆平高科：主业强势增长，经营稳步提效,点评,一般报告,华泰证券,"熊承慧,冯源",2025Q4,495700.0,,76490.0,60466.0,0.46,33.45,,8.1,19.49,买入,,21.5
000998.SZ,隆平高科,20230831,隆平高科：主业强势增长，经营稳步提效,点评,一般报告,华泰证券,"熊承慧,冯源",2024Q4,476200.0,,73114.0,57797.0,0.44,35.0,,8.53,19.21,买入,,21.5
000998.SZ,隆平高科,20230831,隆平高科：主业强势增长，经营稳步提效,点评,一般报告,华泰证券,"熊承慧,冯源",2023Q4,458100.0,,38525.0,28663.0,0.22,70.58,,4.69,29.69,买入,,21.5
601155.SH,新城控股,20230831,新城控股：开发收缩商业稳增，负债平稳压降,点评,一般报告,华泰证券,"陈慎,刘璐,林正衡,陈颖",2023Q4,11847700.0,,712500.0,413800.0,1.83,8.29,,4.99,9.62,买入,,21.78
002582.SZ,好想你,20230831,好想你公司事件点评报告：业绩符合预期，渠道优化望加速放量,点评,一般报告,华鑫证券,孙山山,2025Q4,242100.0,,5800.0,5900.0,0.13,61.2,,1.4,,买入,,
002582.SZ,好想你,20230831,好想你公司事件点评报告：业绩符合预期，渠道优化望加速放量,点评,一般报告,华鑫证券,孙山山,2024Q4,201500.0,,3600.0,3600.0,0.08,100.2,,0.9,,买入,,
002582.SZ,好想你,20230831,好想你公司事件点评报告：业绩符合预期，渠道优化望加速放量,点评,一般报告,华鑫证券,孙山山,2023Q4,163900.0,,500.0,500.0,0.0111,678.9,,0.1,,买入,,
002558.SZ,巨人网络,20230831,巨人网络：新品驱动Q2业绩超预期，AI应用推进,点评,一般报告,华泰证券,"朱珺,吴晓宇",2025Q4,410800.0,,186300.0,178000.0,0.89,16.46,,11.35,15.1,买入,,17.68
002558.SZ,巨人网络,20230831,巨人网络：新品驱动Q2业绩超预期，AI应用推进,点评,一般报告,华泰证券,"朱珺,吴晓宇",2024Q4,365200.0,,163200.0,155900.0,0.78,18.79,,11.13,17.3,买入,,17.68
300601.SZ,康泰生物,20230831,康泰生物：核心产品13价肺炎疫苗同比增长61％，人二倍体狂犬疫苗值得期待,点评,一般报告,国信证券,"张佳博,陈益凌,马千里",2025Q4,646100.0,,223900.0,197000.0,1.76,16.1,1.2,15.6,17.2,买入,,
300601.SZ,康泰生物,20230831,康泰生物：核心产品13价肺炎疫苗同比增长61％，人二倍体狂犬疫苗值得期待,点评,一般报告,国信证券,"张佳博,陈益凌,马千里",2024Q4,545900.0,,176900.0,155700.0,1.39,20.4,1.0,14.1,19.4,买入,,
300601.SZ,康泰生物,20230831,康泰生物：核心产品13价肺炎疫苗同比增长61％，人二倍体狂犬疫苗值得期待,点评,一般报告,国信证券,"张佳博,陈益凌,马千里",2023Q4,404000.0,,119800.0,105400.0,0.94,30.1,0.7,10.7,26.3,买入,,
600026.SH,中远海能,20230831,中远海能：中报验证油运进入景气周期，看好运价中枢抬升,点评,一般报告,国信证券,"高晟,姜明",2025Q4,2778800.0,,1118700.0,705800.0,1.48,9.2,3.3,15.9,4.4,买入,,
600026.SH,中远海能,20230831,中远海能：中报验证油运进入景气周期，看好运价中枢抬升,点评,一般报告,国信证券,"高晟,姜明",2024Q4,2531000.0,,964000.0,608100.0,1.27,10.7,2.8,15.4,4.8,买入,,
600026.SH,中远海能,20230831,中远海能：中报验证油运进入景气周期，看好运价中枢抬升,点评,一般报告,国信证券,"高晟,姜明",2023Q4,2278100.0,,812200.0,512400.0,1.07,12.6,2.4,14.6,5.2,买入,,
600004.SH,白云机场,20230831,白云机场：客流显著增长，上半年恢复盈利,点评,一般报告,国信证券,"姜明,曾凡喆",2025Q4,1100100.0,,333300.0,241900.0,1.02,11.6,1.7,11.4,7.8,买入,,
600004.SH,白云机场,20230831,白云机场：客流显著增长，上半年恢复盈利,点评,一般报告,国信证券,"姜明,曾凡喆",2024Q4,970200.0,,250100.0,182600.0,0.77,15.3,1.3,9.4,9.4,买入,,
600004.SH,白云机场,20230831,白云机场：客流显著增长，上半年恢复盈利,点评,一般报告,国信证券,"姜明,曾凡喆",2023Q4,735000.0,,103200.0,76400.0,0.32,36.6,0.3,4.3,14.7,买入,,
300144.SZ,宋城演艺,20230831,宋城演艺：股权激励助推长期发展,点评,一般报告,华泰证券,"梅昕,曾珺",2025Q4,315300.0,,203100.0,164000.0,0.63,20.16,,14.15,11.18,买入,,16.5
300144.SZ,宋城演艺,20230831,宋城演艺：股权激励助推长期发展,点评,一般报告,华泰证券,"梅昕,曾珺",2024Q4,270500.0,,160800.0,131400.0,0.5,25.15,,13.21,14.99,买入,,16.5
300144.SZ,宋城演艺,20230831,宋城演艺：股权激励助推长期发展,点评,一般报告,华泰证券,"梅昕,曾珺",2023Q4,203300.0,,112400.0,91823.0,0.35,35.99,,10.64,20.62,买入,,16.5
300122.SZ,智飞生物,20230831,智飞生物：代理产品营收同比增长41％，二季度业绩环比改善,点评,一般报告,国信证券,"张佳博,陈益凌,马千里",2025Q4,5103100.0,,1446000.0,1245200.0,5.19,8.7,2.5,23.6,8.5,买入,,
300122.SZ,智飞生物,20230831,智飞生物：代理产品营收同比增长41％，二季度业绩环比改善,点评,一般报告,国信证券,"张佳博,陈益凌,马千里",2024Q4,5161100.0,,1315500.0,1131100.0,4.71,9.6,2.0,26.9,9.5,买入,,
300122.SZ,智飞生物,20230831,智飞生物：代理产品营收同比增长41％，二季度业绩环比改善,点评,一般报告,国信证券,"张佳博,陈益凌,马千里",2023Q4,4412600.0,,1105500.0,949600.0,3.96,11.4,2.2,29.5,11.0,买入,,
002741.SZ,光华科技,20230831,光华科技：业绩亏损，静待回收项目产能释放,点评,一般报告,华泰证券,"申建国,边文姣",2025Q4,518300.0,,29824.0,25350.0,0.64,23.72,,12.85,13.28,增持,,15.86
002741.SZ,光华科技,20230831,光华科技：业绩亏损，静待回收项目产能释放,点评,一般报告,华泰证券,"申建国,边文姣",2024Q4,465800.0,,22961.0,19517.0,0.49,30.81,,11.16,16.02,增持,,15.86
002741.SZ,光华科技,20230831,光华科技：业绩亏损，静待回收项目产能释放,点评,一般报告,华泰证券,"申建国,边文姣",2023Q4,397500.0,,-13974.0,-11878.0,-0.3,,,-6.94,214.59,增持,,15.86
000069.SZ,华侨城A,20230831,华侨城A：减值压力仍存，文旅把握复苏机会,点评,一般报告,华泰证券,"陈慎,刘璐,林正衡,陈颖",2025Q4,9710000.0,,815200.0,397400.0,0.48,9.33,,5.42,8.52,增持,,5.27
000069.SZ,华侨城A,20230831,华侨城A：减值压力仍存，文旅把握复苏机会,点评,一般报告,华泰证券,"陈慎,刘璐,林正衡,陈颖",2024Q4,8595500.0,,687700.0,322300.0,0.39,11.5,,4.84,9.8,增持,,5.27
000069.SZ,华侨城A,20230831,华侨城A：减值压力仍存，文旅把握复苏机会,点评,一般报告,华泰证券,"陈慎,刘璐,林正衡,陈颖",2023Q4,7097700.0,,120100.0,50453.0,0.06,73.48,,0.83,17.45,增持,,5.27
688578.SH,艾力斯,20230831,艾力斯：伏美替尼发力带动业绩，后续管线持续增厚,点评,一般报告,中信建投,"贺菊颖,袁清慧",2025Q4,301300.0,,,68907.0,1.53,19.07,,14.49,,买入,,
688578.SH,艾力斯,20230831,艾力斯：伏美替尼发力带动业绩，后续管线持续增厚,点评,一般报告,中信建投,"贺菊颖,袁清慧",2024Q4,230056.0,,,52555.0,1.17,25.0,,12.93,,买入,,
688578.SH,艾力斯,20230831,艾力斯：伏美替尼发力带动业绩，后续管线持续增厚,点评,一般报告,中信建投,"贺菊颖,袁清慧",2023Q4,160000.0,,,35328.0,0.79,37.19,,9.98,,买入,,
688066.SH,航天宏图,20230831,航天宏图2023年中报点评：完善全产业链布局，遥感数据变现加速,点评,一般报告,中信证券,"杨泽原,丁奇,马庆刘",2025Q4,696400.0,,87700.0,83400.0,3.19,18.5,,19.0,15.4,增持,,76.0
688066.SH,航天宏图,20230831,航天宏图2023年中报点评：完善全产业链布局，遥感数据变现加速,点评,一般报告,中信证券,"杨泽原,丁奇,马庆刘",2024Q4,500900.0,,60800.0,57800.0,2.21,26.7,,16.0,22.8,增持,,76.0
688066.SH,航天宏图,20230831,航天宏图2023年中报点评：完善全产业链布局，遥感数据变现加速,点评,一般报告,中信证券,"杨泽原,丁奇,马庆刘",2023Q4,353100.0,,41800.0,39700.0,1.52,38.8,,12.9,34.4,增持,,76.0
600141.SH,兴发集团,20230831,兴发集团：H1盈利下滑，静待下游复苏,点评,一般报告,华泰证券,"庄汀洲,王帅,张雄",2025Q4,3180700.0,,236900.0,199300.0,1.79,11.88,,7.99,6.57,增持,,23.46
600141.SH,兴发集团,20230831,兴发集团：H1盈利下滑，静待下游复苏,点评,一般报告,华泰证券,"庄汀洲,王帅,张雄",2024Q4,3022100.0,,219200.0,184400.0,1.66,12.84,,7.96,7.61,增持,,23.46
600141.SH,兴发集团,20230831,兴发集团：H1盈利下滑，静待下游复苏,点评,一般报告,华泰证券,"庄汀洲,王帅,张雄",2023Q4,2871400.0,,182200.0,153300.0,1.38,15.45,,7.11,8.56,增持,,23.46
002078.SZ,太阳纸业,20230831,太阳纸业2023年中报点评：二季度盈利能力环比改善，产业链一体化有力推进,点评,一般报告,国信证券,"陈伟奇,王兆康,邹会阳",2025Q4,4764800.0,,462100.0,405200.0,1.45,8.1,5.1,13.8,6.4,买入,,
002078.SZ,太阳纸业,20230831,太阳纸业2023年中报点评：二季度盈利能力环比改善，产业链一体化有力推进,点评,一般报告,国信证券,"陈伟奇,王兆康,邹会阳",2024Q4,4482800.0,,406200.0,356200.0,1.27,9.2,4.5,13.2,6.9,买入,,
002078.SZ,太阳纸业,20230831,太阳纸业2023年中报点评：二季度盈利能力环比改善，产业链一体化有力推进,点评,一般报告,国信证券,"陈伟奇,王兆康,邹会阳",2023Q4,4053400.0,,325600.0,298100.0,1.07,11.0,3.7,12.0,7.8,买入,,
600186.SH,莲花健康,20230831,莲花健康公司事件点评报告：业绩符合预期，莲花开始新篇章,点评,首次关注,华鑫证券,孙山山,2025Q4,501000.0,,44100.0,34100.0,0.19,18.4,,19.2,,买入,,
600186.SH,莲花健康,20230831,莲花健康公司事件点评报告：业绩符合预期，莲花开始新篇章,点评,首次关注,华鑫证券,孙山山,2024Q4,345100.0,,28100.0,21700.0,0.12,29.0,,14.7,,买入,,
600186.SH,莲花健康,20230831,莲花健康公司事件点评报告：业绩符合预期，莲花开始新篇章,点评,首次关注,华鑫证券,孙山山,2023Q4,216200.0,,16500.0,12700.0,0.07,49.5,,9.9,,买入,,
600027.SH,华电国际,20230831,华电国际：燃煤价格维持下行趋势，火电盈利有望持续回升,点评,一般报告,中信建投,"高兴,罗焱曦",2025Q4,11425730.0,,1347560.0,828750.0,0.81,,,,,买入,,7.5
600027.SH,华电国际,20230831,华电国际：燃煤价格维持下行趋势，火电盈利有望持续回升,点评,一般报告,中信建投,"高兴,罗焱曦",2024Q4,10852070.0,,1105110.0,679640.0,0.665,,,,,买入,,7.5
600027.SH,华电国际,20230831,华电国际：燃煤价格维持下行趋势，火电盈利有望持续回升,点评,一般报告,中信建投,"高兴,罗焱曦",2023Q4,10798640.0,,837270.0,533760.0,0.522,,,,,买入,,7.5
300866.SZ,安克创新,20230831,安克创新：新品迭出显研发实力，独立站建设持续加强,点评,一般报告,中信建投,"刘乐文,杨艾莉",2025Q4,2169883.0,,,162340.0,3.99,19.33,,16.73,,买入,,
300866.SZ,安克创新,20230831,安克创新：新品迭出显研发实力，独立站建设持续加强,点评,一般报告,中信建投,"刘乐文,杨艾莉",2024Q4,1950529.0,,,140460.0,3.46,22.34,,16.39,,买入,,
300866.SZ,安克创新,20230831,安克创新：新品迭出显研发实力，独立站建设持续加强,点评,一般报告,中信建投,"刘乐文,杨艾莉",2023Q4,1686411.0,,,127995.0,3.15,24.51,,16.87,,买入,,
002399.SZ,海普瑞,20230831,海普瑞：行业去库存影响业绩，期待下半年改善,点评,一般报告,国联证券,"夏禹,郑薇",2025Q4,703700.0,,97400.0,88600.0,0.6,19.0,,6.3,12.0,买入,,13.07
002399.SZ,海普瑞,20230831,海普瑞：行业去库存影响业绩，期待下半年改善,点评,一般报告,国联证券,"夏禹,郑薇",2024Q4,640700.0,,87900.0,79900.0,0.54,21.1,,5.99,12.1,买入,,13.07
002399.SZ,海普瑞,20230831,海普瑞：行业去库存影响业绩，期待下半年改善,点评,一般报告,国联证券,"夏禹,郑薇",2023Q4,583500.0,,48300.0,43900.0,0.3,38.4,,3.46,16.9,买入,,13.07
000651.SZ,格力电器,20230831,格力电器：业绩超预期，现金流持续高增,点评,一般报告,国盛证券,"徐程颖,陈思琪",2025Q4,24093300.0,,3907400.0,3407900.0,6.05,5.8,,19.9,1.1,买入,,
000651.SZ,格力电器,20230831,格力电器：业绩超预期，现金流持续高增,点评,一般报告,国盛证券,"徐程颖,陈思琪",2024Q4,22391600.0,,3574000.0,3096200.0,5.5,6.4,,21.0,1.9,买入,,
600893.SH,航发动力,20230831,航发动力：批产型号加速放量，看好全年利润释放,点评,一般报告,华泰证券,"李聪,朱雨时,田莫充",2025Q4,6276200.0,,321000.0,261900.0,0.98,39.96,,5.96,18.46,增持,,56.4
600893.SH,航发动力,20230831,航发动力：批产型号加速放量，看好全年利润释放,点评,一般报告,华泰证券,"李聪,朱雨时,田莫充",2024Q4,5334900.0,,251700.0,205300.0,0.77,50.97,,4.93,23.16,增持,,56.4
600893.SH,航发动力,20230831,航发动力：批产型号加速放量，看好全年利润释放,点评,一般报告,华泰证券,"李聪,朱雨时,田莫充",2023Q4,4465000.0,,197000.0,160700.0,0.6,65.11,,4.02,24.68,增持,,56.4
603816.SH,顾家家居,20230831,顾家家居：内贸稳步复苏，外贸修复可期,点评,一般报告,华泰证券,"陈慎,刘思奇",2025Q4,2629700.0,,355300.0,280400.0,3.41,12.43,,17.32,6.11,买入,,60.24
603816.SH,顾家家居,20230831,顾家家居：内贸稳步复苏，外贸修复可期,点评,一般报告,华泰证券,"陈慎,刘思奇",2024Q4,2295200.0,,306800.0,242100.0,2.95,14.4,,18.09,7.65,买入,,60.24
603816.SH,顾家家居,20230831,顾家家居：内贸稳步复苏，外贸修复可期,点评,一般报告,华泰证券,"陈慎,刘思奇",2023Q4,1988900.0,,261600.0,206500.0,2.51,16.88,,18.83,9.69,买入,,60.24
601865.SH,福莱特,20230831,福莱特2023年中报点评：收入维持高增，盈利有望逐季改善,点评,一般报告,中信证券,"华鹏伟,林劼,张志强,周家禾",2025Q4,2935400.0,,510300.0,464400.0,1.98,15.8,,15.9,10.6,买入,,37.0
601865.SH,福莱特,20230831,福莱特2023年中报点评：收入维持高增，盈利有望逐季改善,点评,一般报告,中信证券,"华鹏伟,林劼,张志强,周家禾",2024Q4,2463900.0,,422000.0,384000.0,1.63,19.2,,15.1,12.8,买入,,37.0
601865.SH,福莱特,20230831,福莱特2023年中报点评：收入维持高增，盈利有望逐季改善,点评,一般报告,中信证券,"华鹏伟,林劼,张志强,周家禾",2023Q4,2021700.0,,317100.0,288500.0,1.23,25.5,,12.9,16.8,买入,,37.0
600876.SH,凯盛新能,20230831,凯盛新能：光伏玻璃利润增长趋势凸显，毛利率有望进一步提升,点评,一般报告,中金,"马妍,刘嘉忱,陈显帆,石玉琦",2024Q4,1028400.0,,78200.0,69500.0,1.08,14.2,0.0,13.9,7.7,跑赢行业,,18.98
600876.SH,凯盛新能,20230831,凯盛新能：光伏玻璃利润增长趋势凸显，毛利率有望进一步提升,点评,一般报告,中金,"马妍,刘嘉忱,陈显帆,石玉琦",2023Q4,864500.0,,47400.0,40800.0,0.63,24.2,0.0,9.2,12.3,跑赢行业,,18.98
600795.SH,国电电力,20230831,国电电力：火电业绩高增超预期，新能源资源获取加速,点评,一般报告,招商证券,宋盈盈,2025Q4,20649300.0,,2824200.0,1034600.0,0.58,5.8,,17.0,7.3,强烈推荐,,
600795.SH,国电电力,20230831,国电电力：火电业绩高增超预期，新能源资源获取加速,点评,一般报告,招商证券,宋盈盈,2024Q4,19772400.0,,2350700.0,861100.0,0.48,6.9,,16.0,8.1,强烈推荐,,
600795.SH,国电电力,20230831,国电电力：火电业绩高增超预期，新能源资源获取加速,点评,一般报告,招商证券,宋盈盈,2023Q4,19482200.0,,1952100.0,715100.0,0.4,8.3,,15.0,9.0,强烈推荐,,
600009.SH,上海机场,20230831,上海机场：国际客流逐步恢复，上半年盈利1.3亿,点评,一般报告,国信证券,"姜明,曾凡喆",2025Q4,2159200.0,,1096300.0,798200.0,3.21,12.3,0.8,14.9,10.2,买入,,
600009.SH,上海机场,20230831,上海机场：国际客流逐步恢复，上半年盈利1.3亿,点评,一般报告,国信证券,"姜明,曾凡喆",2024Q4,1722900.0,,732000.0,533600.0,2.14,18.4,0.5,11.5,14.2,买入,,
600009.SH,上海机场,20230831,上海机场：国际客流逐步恢复，上半年盈利1.3亿,点评,一般报告,国信证券,"姜明,曾凡喆",2023Q4,1210500.0,,280500.0,200800.0,0.81,48.8,0.2,4.8,27.6,买入,,
600004.SH,白云机场,20230831,白云机场：国内线全面恢复，降本创效成果显著,点评,首份报告,国联证券,"田照丰,曾智星",2025Q4,991100.0,,288500.0,213800.0,0.9,17.4,,9.81,5.6,增持,,13.7
603288.SH,海天味业,20230831,海天味业公司事件点评报告：业绩仍有承压，期待改革成效,点评,一般报告,华鑫证券,"孙山山,何宇航",2025Q4,3432600.0,,1014200.0,863300.0,1.55,25.6,,22.8,,买入,,
603288.SH,海天味业,20230831,海天味业公司事件点评报告：业绩仍有承压，期待改革成效,点评,一般报告,华鑫证券,"孙山山,何宇航",2024Q4,3039400.0,,881200.0,750100.0,1.35,29.5,,22.3,,买入,,
603288.SH,海天味业,20230831,海天味业公司事件点评报告：业绩仍有承压，期待改革成效,点评,一般报告,华鑫证券,"孙山山,何宇航",2023Q4,2689400.0,,765100.0,651300.0,1.17,34.0,,21.7,,买入,,
000651.SZ,格力电器,20230831,格力电器：业绩超预期，现金流持续高增,点评,一般报告,国盛证券,"徐程颖,陈思琪",2023Q4,20656400.0,,3254500.0,2803100.0,4.98,7.1,,22.3,2.9,买入,,
688766.SH,普冉股份,20230831,普冉股份：23Q2收入环比向好，看好存储复苏叠加多元产品扩展助力业绩增长,点评,一般报告,天风证券,潘暕,2025Q4,193759.0,,26960.0,26017.0,3.45,27.86,,11.35,16.28,买入,,
688766.SH,普冉股份,20230831,普冉股份：23Q2收入环比向好，看好存储复苏叠加多元产品扩展助力业绩增长,点评,一般报告,天风证券,潘暕,2024Q4,151968.0,,10994.0,10609.0,1.4,68.33,,5.22,35.33,买入,,
688766.SH,普冉股份,20230831,普冉股份：23Q2收入环比向好，看好存储复苏叠加多元产品扩展助力业绩增长,点评,一般报告,天风证券,潘暕,2023Q4,120228.0,,-8695.0,-8391.0,-1.11,,,-4.36,85.73,买入,,
603833.SH,欧派家居,20230831,欧派家居2023年中报业绩点评：经营如期改善，关注架构调整成效,点评,一般报告,野村东方国际证券,"章鹏,张影秋",2025Q4,3012236.0,960500.0,441600.0,375411.0,6.16,16.47,,16.0,9.81,增持,,124.0
603833.SH,欧派家居,20230831,欧派家居2023年中报业绩点评：经营如期改善，关注架构调整成效,点评,一般报告,野村东方国际证券,"章鹏,张影秋",2024Q4,2712805.0,866900.0,397200.0,337700.0,5.54,18.31,,16.0,11.7,增持,,124.0
603833.SH,欧派家居,20230831,欧派家居2023年中报业绩点评：经营如期改善，关注架构调整成效,点评,一般报告,野村东方国际证券,"章鹏,张影秋",2023Q4,2434021.0,779600.0,356700.0,303244.0,4.98,20.39,,16.0,13.28,增持,,124.0
600004.SH,白云机场,20230831,白云机场：国内线全面恢复，降本创效成果显著,点评,首份报告,国联证券,"田照丰,曾智星",2024Q4,842800.0,,241600.0,179000.0,0.76,20.7,,9.11,7.2,增持,,13.7
600004.SH,白云机场,20230831,白云机场：国内线全面恢复，降本创效成果显著,点评,首份报告,国联证券,"田照丰,曾智星",2023Q4,654200.0,,90800.0,67300.0,0.28,55.2,,3.77,11.7,增持,,13.7
301332.SZ,德尔玛,20230831,德尔玛2023年中报点评：外销表现亮眼，核心品类稳健增长,点评,一般报告,国信证券,"陈伟奇,王兆康,邹会阳",2025Q4,497200.0,,42000.0,37200.0,0.81,18.4,2.0,10.9,19.04,买入,,
301332.SZ,德尔玛,20230831,德尔玛2023年中报点评：外销表现亮眼，核心品类稳健增长,点评,一般报告,国信证券,"陈伟奇,王兆康,邹会阳",2024Q4,424500.0,,32500.0,29000.0,0.63,23.6,1.6,9.1,23.16,买入,,
301332.SZ,德尔玛,20230831,德尔玛2023年中报点评：外销表现亮眼，核心品类稳健增长,点评,一般报告,国信证券,"陈伟奇,王兆康,邹会阳",2023Q4,357000.0,,23900.0,21800.0,0.47,31.4,1.2,7.3,32.32,买入,,
002959.SZ,小熊电器,20230831,小熊电器公司半年报：收入延续高增长，短期销售投入增加,点评,一般报告,海通证券,"陈子仪,李阳,刘璐,吕浦源",2025Q4,671700.0,,82800.0,71200.0,4.55,13.31,1.7,18.4,6.35,优于大市,,
002959.SZ,小熊电器,20230831,小熊电器公司半年报：收入延续高增长，短期销售投入增加,点评,一般报告,海通证券,"陈子仪,李阳,刘璐,吕浦源",2024Q4,578500.0,,70800.0,60900.0,3.89,15.57,1.5,18.5,8.29,优于大市,,
002959.SZ,小熊电器,20230831,小熊电器公司半年报：收入延续高增长，短期销售投入增加,点评,一般报告,海通证券,"陈子仪,李阳,刘璐,吕浦源",2023Q4,494300.0,,59400.0,51000.0,3.26,18.56,1.3,18.3,10.88,优于大市,,
601166.SH,兴业银行,20230831,兴业银行2023年半年报点评：基本面筑底修复趋势形成,一般,一般报告,浙商证券,"梁凤洁,邱冠华,赵洋",2025Q4,25210500.0,,11548800.0,10466400.0,5.038,3.27,8.62,12.17,,买入,,20.91
601166.SH,兴业银行,20230831,兴业银行2023年半年报点评：基本面筑底修复趋势形成,一般,一般报告,浙商证券,"梁凤洁,邱冠华,赵洋",2024Q4,23294700.0,,10734500.0,9622100.0,4.632,3.57,7.92,12.19,,买入,,20.91
601166.SH,兴业银行,20230831,兴业银行2023年半年报点评：基本面筑底修复趋势形成,一般,一般报告,浙商证券,"梁凤洁,邱冠华,赵洋",2023Q4,22179700.0,,10217400.0,9107900.0,4.384,3.78,7.5,12.61,,买入,,20.91
601009.SH,南京银行,20230831,南京银行：规模稳步扩张，非息收入回暖,点评,一般报告,华泰证券,"沈娟,安娜,贺雅亭",2025Q4,5400600.0,,,2301200.0,2.22,3.71,8.09,11.87,,买入,,10.72
601009.SH,南京银行,20230831,南京银行：规模稳步扩张，非息收入回暖,点评,一般报告,华泰证券,"沈娟,安娜,贺雅亭",2024Q4,4962000.0,,,2113700.0,2.04,4.04,7.43,11.89,,买入,,10.72
601009.SH,南京银行,20230831,南京银行：规模稳步扩张，非息收入回暖,点评,一般报告,华泰证券,"沈娟,安娜,贺雅亭",2023Q4,4618300.0,,,1943800.0,1.88,4.39,6.83,11.91,,买入,,10.72
600741.SH,华域汽车,20230831,华域汽车23年H1点评：业绩表现符合预期，客户结构持续优化,一般,一般报告,广发证券,"张乐,闫俊刚,邓崇静,陈飞彤",2025Q4,20059100.0,,1176200.0,926500.0,2.94,6.6,,13.7,0.72,买入,,32.54
600741.SH,华域汽车,20230831,华域汽车23年H1点评：业绩表现符合预期，客户结构持续优化,一般,一般报告,广发证券,"张乐,闫俊刚,邓崇静,陈飞彤",2024Q4,18884500.0,,1047800.0,834600.0,2.65,7.32,,13.3,1.83,买入,,32.54
600741.SH,华域汽车,20230831,华域汽车23年H1点评：业绩表现符合预期，客户结构持续优化,一般,一般报告,广发证券,"张乐,闫俊刚,邓崇静,陈飞彤",2023Q4,17466600.0,,949100.0,760200.0,2.41,8.04,,13.1,2.76,买入,,32.54
601233.SH,桐昆股份,20230831,桐昆股份：长丝景气回暖，浙石化环比改善Q2业绩环比扭亏,一般,一般报告,中信建投,邓胜,2023Q4,7737354.0,,,150552.0,0.62,23.45,,4.17,,买入,,
601009.SH,南京银行,20230831,南京银行2023年半年报点评：业绩增速放缓，投放保持高增,点评,一般报告,浙商证券,"梁凤洁,邱冠华,徐安妮",2025Q4,5912600.0,,3171600.0,2597800.0,2.511,3.34,8.98,15.39,,买入,,11.84
601009.SH,南京银行,20230831,南京银行2023年半年报点评：业绩增速放缓，投放保持高增,点评,一般报告,浙商证券,"梁凤洁,邱冠华,徐安妮",2024Q4,5235700.0,,2794300.0,2288700.0,2.213,3.8,7.89,15.14,,买入,,11.84
601009.SH,南京银行,20230831,南京银行2023年半年报点评：业绩增速放缓，投放保持高增,点评,一般报告,浙商证券,"梁凤洁,邱冠华,徐安妮",2023Q4,4738900.0,,2467500.0,2021000.0,1.954,4.32,6.95,14.94,,买入,,11.84
601988.SH,中国银行,20230831,中国银行：营收高增，息差小幅收窄,一般,一般报告,广发证券,"倪军,伍嘉慧,王先爽",2025Q4,76631800.0,,33222000.0,26142200.0,0.888,4.46,7.15,9.92,,买入,,5.3
601988.SH,中国银行,20230831,中国银行：营收高增，息差小幅收窄,一般,一般报告,广发证券,"倪军,伍嘉慧,王先爽",2024Q4,70532800.0,,31511900.0,24771900.0,0.841,4.72,6.75,10.12,,买入,,5.3
601988.SH,中国银行,20230831,中国银行：营收高增，息差小幅收窄,一般,一般报告,广发证券,"倪军,伍嘉慧,王先爽",2023Q4,65414500.0,,29947100.0,23519900.0,0.799,4.99,6.39,10.37,,买入,,5.3
603939.SH,益丰药房,20230831,益丰药房：业绩符合预期，门店稳健扩张,点评,一般报告,广发证券,"罗佳荣,李桠桐",2025Q4,3516200.0,,327500.0,219900.0,2.18,16.87,,16.0,5.97,买入,,53.8
603939.SH,益丰药房,20230831,益丰药房：业绩符合预期，门店稳健扩张,点评,一般报告,广发证券,"罗佳荣,李桠桐",2024Q4,2859700.0,,269700.0,181200.0,1.79,20.46,,15.7,7.55,买入,,53.8
603939.SH,益丰药房,20230831,益丰药房：业绩符合预期，门店稳健扩张,点评,一般报告,广发证券,"罗佳荣,李桠桐",2023Q4,2316900.0,,217900.0,146000.0,1.44,25.41,,15.0,9.75,买入,,53.8
600383.SH,金地集团,20230831,金地集团：收入增长显著，经营韧性强劲——2023年中报点评,一般,一般报告,中信建投,"竺劲,黄啸天",2025Q4,15870230.0,,1398000.0,734960.0,1.63,4.82,,9.12,8.35,买入,,13.6
600383.SH,金地集团,20230831,金地集团：收入增长显著，经营韧性强劲——2023年中报点评,一般,一般报告,中信建投,"竺劲,黄啸天",2024Q4,14578290.0,,1257900.0,661320.0,1.46,5.35,,8.82,8.67,买入,,13.6
600383.SH,金地集团,20230831,金地集团：收入增长显著，经营韧性强劲——2023年中报点评,一般,一般报告,中信建投,"竺劲,黄啸天",2023Q4,13289500.0,,1165000.0,612470.0,1.36,5.78,,8.76,8.89,买入,,13.6
002555.SZ,三七互娱,20230831,三七互娱：Q2盈利短期承压，Q3释放利润,点评,一般报告,国金证券,"陆意,马晓婷",2025Q4,2325000.0,1902100.0,505800.0,447100.0,2.016,13.23,,24.89,,买入,,
002555.SZ,三七互娱,20230831,三七互娱：Q2盈利短期承压，Q3释放利润,点评,一般报告,国金证券,"陆意,马晓婷",2024Q4,2128500.0,1730200.0,433100.0,383300.0,1.728,15.44,,24.39,,买入,,
002555.SZ,三七互娱,20230831,三七互娱：Q2盈利短期承压，Q3释放利润,点评,一般报告,国金证券,"陆意,马晓婷",2023Q4,1902500.0,1499200.0,381800.0,338200.0,1.525,22.87,,24.38,,买入,,
002460.SZ,赣锋锂业,20230831,赣锋锂业：23Q2业绩符合预期，资源端产能逐步释放,点评,一般报告,广发证券,"宫帅,黄士菡",2025Q4,4724100.0,1210000.0,1089500.0,901300.0,4.47,10.75,,13.0,9.95,买入,,67.11
002460.SZ,赣锋锂业,20230831,赣锋锂业：23Q2业绩符合预期，资源端产能逐步释放,点评,一般报告,广发证券,"宫帅,黄士菡",2024Q4,3990300.0,1070000.0,903500.0,744800.0,3.69,13.01,,12.3,11.17,买入,,67.11
002460.SZ,赣锋锂业,20230831,赣锋锂业：23Q2业绩符合预期，资源端产能逐步释放,点评,一般报告,广发证券,"宫帅,黄士菡",2023Q4,4376200.0,1130000.0,1094200.0,902500.0,4.47,10.74,,17.0,10.8,买入,,67.11
000157.SZ,中联重科,20230831,中联重科：出口保持高增长，业绩超预期,点评,一般报告,国金证券,满在朋,2025Q4,7552100.0,2007700.0,921500.0,786900.0,0.907,6.96,,12.14,,增持,,
000157.SZ,中联重科,20230831,中联重科：出口保持高增长，业绩超预期,点评,一般报告,国金证券,满在朋,2024Q4,6105600.0,1577800.0,664900.0,564500.0,0.65,9.7,,9.55,,增持,,
000157.SZ,中联重科,20230831,中联重科：出口保持高增长，业绩超预期,点评,一般报告,国金证券,满在朋,2023Q4,5007200.0,1288200.0,482700.0,404300.0,0.466,13.54,,7.25,,增持,,
002572.SZ,索菲亚,20230831,索菲亚：Q2整装渠道延续高增，降本提效驱动利润率改善,点评,一般报告,招商证券,"赵中平,王鹏,毕先磊",2025Q4,1595800.0,,230600.0,189900.0,2.08,9.2,,23.9,7.8,强烈推荐,,
002572.SZ,索菲亚,20230831,索菲亚：Q2整装渠道延续高增，降本提效驱动利润率改善,点评,一般报告,招商证券,"赵中平,王鹏,毕先磊",2024Q4,1388900.0,,191800.0,158100.0,1.73,11.1,,22.8,8.8,强烈推荐,,
002572.SZ,索菲亚,20230831,索菲亚：Q2整装渠道延续高增，降本提效驱动利润率改善,点评,一般报告,招商证券,"赵中平,王鹏,毕先磊",2023Q4,1199400.0,,161600.0,133400.0,1.46,13.1,,21.8,9.7,强烈推荐,,
000998.SZ,隆平高科,20230831,隆平高科：23H1净利同比减亏，主业经营向好,点评,一般报告,国联证券,"陈梦瑶,涂雅晴",2025Q4,605000.0,,75600.0,62300.0,0.47,32.5,,9.9,15.8,买入,,18.7
000998.SZ,隆平高科,20230831,隆平高科：23H1净利同比减亏，主业经营向好,点评,一般报告,国联证券,"陈梦瑶,涂雅晴",2024Q4,520100.0,,65500.0,45400.0,0.34,44.6,,8.01,17.2,买入,,18.7
000998.SZ,隆平高科,20230831,隆平高科：23H1净利同比减亏，主业经营向好,点评,一般报告,国联证券,"陈梦瑶,涂雅晴",2023Q4,445100.0,,27900.0,17500.0,0.13,115.3,,3.37,24.0,买入,,18.7
688570.SH,天玛智控,20230831,天玛智控：煤矿智能化主业稳步发展，向非煤领域逐步拓展延伸,点评,一般报告,信达证券,"左前明,李春驰",2025Q4,395700.0,,73200.0,62200.0,1.44,19.08,,13.4,12.83,买入,,
688570.SH,天玛智控,20230831,天玛智控：煤矿智能化主业稳步发展，向非煤领域逐步拓展延伸,点评,一般报告,信达证券,"左前明,李春驰",2024Q4,325800.0,,63000.0,53500.0,1.24,22.19,,12.6,14.55,买入,,
688570.SH,天玛智控,20230831,天玛智控：煤矿智能化主业稳步发展，向非煤领域逐步拓展延伸,点评,一般报告,信达证券,"左前明,李春驰",2023Q4,259900.0,,54400.0,46200.0,1.07,25.68,,16.4,16.29,买入,,
601233.SH,桐昆股份,20230831,桐昆股份：长丝景气回暖，浙石化环比改善Q2业绩环比扭亏,一般,一般报告,中信建投,邓胜,2025Q4,10673196.0,,,515364.0,2.14,6.85,,11.68,,买入,,
601233.SH,桐昆股份,20230831,桐昆股份：长丝景气回暖，浙石化环比改善Q2业绩环比扭亏,一般,一般报告,中信建投,邓胜,2024Q4,9668769.0,,,347928.0,1.44,10.15,,8.85,,买入,,
603136.SH,天目湖,20230831,天目湖：业绩持续修复，期待新项目,点评,一般报告,国联证券,邓文慧,2025Q4,88400.0,,36200.0,26300.0,1.41,16.7,,14.16,8.1,买入,,32.08
603136.SH,天目湖,20230831,天目湖：业绩持续修复，期待新项目,点评,一般报告,国联证券,邓文慧,2024Q4,76800.0,,31600.0,23000.0,1.23,19.2,,14.39,9.8,买入,,32.08
603136.SH,天目湖,20230831,天目湖：业绩持续修复，期待新项目,点评,一般报告,国联证券,邓文慧,2023Q4,65400.0,,25600.0,18000.0,0.97,24.5,,13.17,12.3,买入,,32.08
603127.SH,昭衍新药,20230831,昭衍新药：实验室业务稳定增长，产能有序推进,点评,一般报告,中金,"张琎,吴婉桦,邹朋",2024Q4,395900.0,193500.0,132700.0,115400.0,1.54,16.0,4.2,13.4,8.7,跑赢行业,,31.9
603127.SH,昭衍新药,20230831,昭衍新药：实验室业务稳定增长，产能有序推进,点评,一般报告,中金,"张琎,吴婉桦,邹朋",2023Q4,304800.0,152500.0,94900.0,82500.0,1.1,22.3,3.0,10.0,13.5,跑赢行业,,31.9
603986.SH,兆易创新,20230831,兆易创新：2Q23业绩环比提升，持续完善产品矩阵,点评,首份报告,中金,"唐宗其,石晓彬,彭虎",2024Q4,834600.0,351500.0,197300.0,178700.0,2.68,35.1,1.0,11.7,25.1,跑赢行业,,130.0
603986.SH,兆易创新,20230831,兆易创新：2Q23业绩环比提升，持续完善产品矩阵,点评,首份报告,中金,"唐宗其,石晓彬,彭虎",2023Q4,736200.0,307200.0,129900.0,117800.0,1.76,53.3,0.6,7.9,39.9,跑赢行业,,130.0
605189.SH,富春染织,20230831,富春染织：染费低位收窄盈利空间，印染主业恢复可期,点评,一般报告,信达证券,汲肖飞,2025Q4,417100.0,,31000.0,27000.0,1.8,8.93,,11.5,4.47,买入,,
605189.SH,富春染织,20230831,富春染织：染费低位收窄盈利空间，印染主业恢复可期,点评,一般报告,信达证券,汲肖飞,2024Q4,330200.0,,28100.0,24400.0,1.63,9.86,,11.8,5.22,买入,,
605189.SH,富春染织,20230831,富春染织：染费低位收窄盈利空间，印染主业恢复可期,点评,一般报告,信达证券,汲肖飞,2023Q4,253100.0,,16500.0,14400.0,0.96,16.74,,7.8,6.12,买入,,
605068.SH,明新旭腾,20230831,明新旭腾：业绩表现逐步向好，水性超纤二期项目持续拓展,点评,一般报告,信达证券,汲肖飞,2025Q4,175500.0,,42500.0,36100.0,2.22,11.26,,15.7,7.4,买入,,
605068.SH,明新旭腾,20230831,明新旭腾：业绩表现逐步向好，水性超纤二期项目持续拓展,点评,一般报告,信达证券,汲肖飞,2024Q4,144100.0,,26800.0,22800.0,1.4,17.81,,11.1,10.6,买入,,
605068.SH,明新旭腾,20230831,明新旭腾：业绩表现逐步向好，水性超纤二期项目持续拓展,点评,一般报告,信达证券,汲肖飞,2023Q4,105000.0,,13800.0,11700.0,0.72,34.64,,6.1,18.34,买入,,
688073.SH,毕得医药,20230831,毕得医药：业绩增长超预期，持续降本增效,点评,一般报告,国联证券,郑薇,2025Q4,199500.0,,44600.0,37900.0,4.17,18.2,,13.85,12.0,买入,,92.8
688073.SH,毕得医药,20230831,毕得医药：业绩增长超预期，持续降本增效,点评,一般报告,国联证券,郑薇,2024Q4,151800.0,,32500.0,27600.0,3.04,25.0,,11.3,16.3,买入,,92.8
688073.SH,毕得医药,20230831,毕得医药：业绩增长超预期，持续降本增效,点评,一般报告,国联证券,郑薇,2023Q4,114300.0,,23600.0,20100.0,2.21,34.4,,9.0,22.6,买入,,92.8
688169.SH,石头科技,20230831,石头科技：以产品力保障全球份额提升，经营拐点显现,一般,一般报告,中金,"汤亚玮,陈显帆,何伟,张瑾瑜",2024Q4,1028100.0,528800.0,228600.0,201200.0,15.33,17.4,1.1,16.9,14.0,跑赢行业,,347.1
688169.SH,石头科技,20230831,石头科技：以产品力保障全球份额提升，经营拐点显现,一般,一般报告,中金,"汤亚玮,陈显帆,何伟,张瑾瑜",2023Q4,825400.0,419600.0,183800.0,161800.0,12.32,21.7,0.7,15.7,17.1,跑赢行业,,347.1
688169.SH,石头科技,20230831,石头科技：Q2收入业绩高增，盈利能力显著改,点评,一般报告,信达证券,"罗岸阳,尹圣迪",2025Q4,1013700.0,,235800.0,206900.0,15.76,16.94,,13.9,11.8,无,,
688169.SH,石头科技,20230831,石头科技：Q2收入业绩高增，盈利能力显著改,点评,一般报告,信达证券,"罗岸阳,尹圣迪",2024Q4,895700.0,,203500.0,178600.0,13.6,19.63,,13.9,14.69,无,,
688169.SH,石头科技,20230831,石头科技：Q2收入业绩高增，盈利能力显著改,点评,一般报告,信达证券,"罗岸阳,尹圣迪",2023Q4,770600.0,,174800.0,153300.0,11.68,22.86,,13.9,17.0,无,,
300122.SZ,智飞生物,20230831,智飞生物2023年中报点评：HPV疫苗持续放量，自研业务带来第二增长曲线,点评,一般报告,东方证券,刘恩阳,2025Q4,6487100.0,,1516800.0,1306200.0,5.44,8.3,,25.7,7.1,买入,,63.68
300122.SZ,智飞生物,20230831,智飞生物2023年中报点评：HPV疫苗持续放量，自研业务带来第二增长曲线,点评,一般报告,东方证券,刘恩阳,2024Q4,5781600.0,,1325500.0,1139600.0,4.75,9.5,,29.5,8.1,买入,,63.68
300122.SZ,智飞生物,20230831,智飞生物2023年中报点评：HPV疫苗持续放量，自研业务带来第二增长曲线,点评,一般报告,东方证券,刘恩阳,2023Q4,4746700.0,,1113000.0,956100.0,3.98,11.3,,33.4,9.6,买入,,63.68
600026.SH,中远海能,20230831,中远海能：VLCC运价上涨，Q2业绩大幅提升,点评,一般报告,国金证券,"郑树明,王凯婕",2025Q4,2889000.0,1231600.0,1154700.0,818500.0,1.716,6.66,,18.33,,买入,,
600026.SH,中远海能,20230831,中远海能：VLCC运价上涨，Q2业绩大幅提升,点评,一般报告,国金证券,"郑树明,王凯婕",2024Q4,2720100.0,1159600.0,1053700.0,751700.0,1.576,7.25,,18.92,,买入,,
600026.SH,中远海能,20230831,中远海能：VLCC运价上涨，Q2业绩大幅提升,点评,一般报告,国金证券,"郑树明,王凯婕",2023Q4,2468500.0,977900.0,861000.0,611000.0,1.281,8.93,,17.35,,买入,,
300244.SZ,迪安诊断,20230831,迪安诊断：ICL经营质量快速提高，新冠应收持续顺利回款,一般,一般报告,中泰证券,"谢木青,于佳喜",2025Q4,1852500.0,,264900.0,172700.0,2.75,8.2,,12.1,,买入,,
300244.SZ,迪安诊断,20230831,迪安诊断：ICL经营质量快速提高，新冠应收持续顺利回款,一般,一般报告,中泰证券,"谢木青,于佳喜",2024Q4,1604100.0,,213800.0,139400.0,2.22,10.2,,11.4,,买入,,
300244.SZ,迪安诊断,20230831,迪安诊断：ICL经营质量快速提高，新冠应收持续顺利回款,一般,一般报告,中泰证券,"谢木青,于佳喜",2023Q4,1399300.0,,154300.0,101200.0,1.61,14.1,,9.5,,买入,,
601336.SH,新华保险,20230831,新华保险2023年中报业绩点评：银保NBV贡献度显著提升，投资端承压,点评,一般报告,国泰君安,"刘欣琦,谢雨晟",2025Q4,8287500.0,,4017400.0,2926600.0,9.38,4.46,,,,增持,,51.92
601336.SH,新华保险,20230831,新华保险2023年中报业绩点评：银保NBV贡献度显著提升，投资端承压,点评,一般报告,国泰君安,"刘欣琦,谢雨晟",2024Q4,7734300.0,,3559300.0,2472400.0,7.92,5.28,,,,增持,,51.92
601336.SH,新华保险,20230831,新华保险2023年中报业绩点评：银保NBV贡献度显著提升，投资端承压,点评,一般报告,国泰君安,"刘欣琦,谢雨晟",2023Q4,7218700.0,,2611100.0,2230900.0,7.15,5.85,,,,增持,,51.92
601336.SH,新华保险,20230831,新华保险2023年中报业绩点评：银保NBV贡献度显著提升，投资端承压,点评,一般报告,国泰君安,"刘欣琦,谢雨晟",2023Q3,,,,,4.63,,,,,增持,,51.92
300769.SZ,德方纳米,20230831,德方纳米半年报点评：高位库存导致23H1盈利抗压，锰铁锂装机放量在即,点评,首次评级,东北证券,"周颖,胡易琛",2025Q4,2940000.0,,378400.0,289500.0,10.37,8.98,1.07,21.97,,买入,,
300769.SZ,德方纳米,20230831,德方纳米半年报点评：高位库存导致23H1盈利抗压，锰铁锂装机放量在即,点评,首次评级,东北证券,"周颖,胡易琛",2024Q4,2180000.0,,285400.0,218300.0,7.82,11.9,1.07,21.03,,买入,,
300769.SZ,德方纳米,20230831,德方纳米半年报点评：高位库存导致23H1盈利抗压，锰铁锂装机放量在即,点评,首次评级,东北证券,"周颖,胡易琛",2023Q4,2178700.0,,-57700.0,-44100.0,-1.58,,1.07,-5.32,,买入,,
300673.SZ,佩蒂股份,20230831,佩蒂股份：短期出口业务承压，自有品牌保持高增态势,点评,一般报告,中金,"樊俊豪,张宇茜,林千叶,单妍,惠普",2024Q4,209300.0,49900.0,18400.0,14400.0,0.57,22.0,0.6,7.0,10.4,跑赢行业,,17.0
300673.SZ,佩蒂股份,20230831,佩蒂股份：短期出口业务承压，自有品牌保持高增态势,点评,一般报告,中金,"樊俊豪,张宇茜,林千叶,单妍,惠普",2023Q4,158300.0,33200.0,11100.0,8600.0,0.34,36.8,0.4,4.4,14.3,跑赢行业,,17.0
600012.SH,皖通高速,20230831,皖通高速：路费收入稳健增长，进一步提升现金分红,点评,一般报告,国联证券,"田照丰,李蔚",2025Q4,460400.0,,249800.0,185400.0,1.12,9.5,,12.21,5.6,买入,,12.24
600012.SH,皖通高速,20230831,皖通高速：路费收入稳健增长，进一步提升现金分红,点评,一般报告,国联证券,"田照丰,李蔚",2024Q4,573900.0,,237400.0,176700.0,1.07,10.0,,12.57,6.3,买入,,12.24
600012.SH,皖通高速,20230831,皖通高速：路费收入稳健增长，进一步提升现金分红,点评,一般报告,国联证券,"田照丰,李蔚",2023Q4,556200.0,,228500.0,170000.0,1.02,10.4,,13.11,6.5,买入,,12.24
600009.SH,上海机场,20230831,上海机场：业绩符合预期，关注免税业务动向,点评,一般报告,中金,"吴其坤,赵欣悦,郑学建,张骁瀚,冯启斌,杨鑫",2024Q4,1633000.0,,657500.0,478200.0,1.92,20.5,1.0,11.0,8.9,跑赢行业,,49.0
600009.SH,上海机场,20230831,上海机场：业绩符合预期，关注免税业务动向,点评,一般报告,中金,"吴其坤,赵欣悦,郑学建,张骁瀚,冯启斌,杨鑫",2023Q4,1209400.0,,233500.0,164800.0,0.66,59.5,0.0,4.1,15.1,跑赢行业,,49.0
301055.SZ,张小泉,20230831,张小泉：Q2业绩短期承压，关注后续经营改善态势,点评,一般报告,中金,"樊俊豪,吕沛航,王杰睿,邹煜莹",2024Q4,123600.0,,9200.0,6500.0,0.42,36.4,2.6,9.3,17.1,跑赢行业,,17.5
301055.SZ,张小泉,20230831,张小泉：Q2业绩短期承压，关注后续经营改善态势,点评,一般报告,中金,"樊俊豪,吕沛航,王杰睿,邹煜莹",2023Q4,95400.0,35500.0,7100.0,5000.0,0.32,47.3,2.0,7.3,20.9,跑赢行业,,17.5
601169.SH,北京银行,20230831,北京银行：信用成本回落推动利润增长,点评,一般报告,中金,"严佳卉,陆姣阳,张帅帅",2024Q4,7080600.0,,3133700.0,2832300.0,1.34,3.3,8.1,8.3,,跑赢行业,,6.02
601169.SH,北京银行,20230831,北京银行：信用成本回落推动利润增长,点评,一般报告,中金,"严佳卉,陆姣阳,张帅帅",2023Q4,6697100.0,,2923100.0,2641900.0,1.25,3.6,7.6,8.2,,跑赢行业,,6.02
601009.SH,南京银行,20230831,南京银行：期待新五年战略规划打开新局面,点评,一般报告,中金,"严佳卉,陆姣阳,张帅帅",2024Q4,5122200.0,,2610000.0,2176400.0,2.1,3.9,7.7,12.1,,跑赢行业,,12.6
601009.SH,南京银行,20230831,南京银行：期待新五年战略规划打开新局面,点评,一般报告,中金,"严佳卉,陆姣阳,张帅帅",2023Q4,4755100.0,,2389100.0,1992100.0,1.93,4.3,7.0,12.1,,跑赢行业,,12.6
600900.SH,长江电力,20230831,长江电力：上半年来水偏枯拖累发电量，汛期表现值得期待,点评,一般报告,兴业证券,"蔡屹,史一粟",2025Q4,7841900.0,,4458200.0,3610300.0,1.48,14.9,,15.1,,买入,,
600900.SH,长江电力,20230831,长江电力：上半年来水偏枯拖累发电量，汛期表现值得期待,点评,一般报告,兴业证券,"蔡屹,史一粟",2024Q4,7722300.0,,4344400.0,3518100.0,1.44,15.3,,15.5,,买入,,
600900.SH,长江电力,20230831,长江电力：上半年来水偏枯拖累发电量，汛期表现值得期待,点评,一般报告,兴业证券,"蔡屹,史一粟",2023Q4,7602200.0,,4209800.0,3409200.0,1.39,15.8,,15.8,,买入,,
600882.SH,妙可蓝多,20230831,妙可蓝多：需求疲弱拖累奶酪收入表现，关注需求复苏进展,点评,一般报告,中金,"王文丹,陈文博,方云朋",2024Q4,575000.0,,39000.0,29300.0,0.57,33.1,1.5,6.2,16.8,跑赢行业,,23.0
600882.SH,妙可蓝多,20230831,妙可蓝多：需求疲弱拖累奶酪收入表现，关注需求复苏进展,点评,一般报告,中金,"王文丹,陈文博,方云朋",2023Q4,482700.0,163200.0,20600.0,13500.0,0.26,71.7,0.0,3.0,27.9,跑赢行业,,23.0
601225.SH,陕西煤业,20230831,陕西煤业：煤炭产量持续增长，扣非业绩保持稳健,点评,一般报告,信达证券,"左前明,李春驰",2025Q4,18884800.0,,6026300.0,3219900.0,3.32,5.82,,23.7,1.49,买入,,
601225.SH,陕西煤业,20230831,陕西煤业：煤炭产量持续增长，扣非业绩保持稳健,点评,一般报告,信达证券,"左前明,李春驰",2024Q4,17971100.0,,5084700.0,2758600.0,2.85,6.79,,22.4,2.13,买入,,
601225.SH,陕西煤业,20230831,陕西煤业：煤炭产量持续增长，扣非业绩保持稳健,点评,一般报告,信达证券,"左前明,李春驰",2023Q4,17013800.0,,4331500.0,2367900.0,2.44,7.91,,21.1,2.9,买入,,
002466.SZ,天齐锂业,20230831,天齐锂业：23Q2业绩符合预期,点评,一般报告,广发证券,"宫帅,黄士菡",2025Q4,2979400.0,,2485200.0,780500.0,4.76,12.49,,11.8,2.38,买入,,72.89
002466.SZ,天齐锂业,20230831,天齐锂业：23Q2业绩符合预期,点评,一般报告,广发证券,"宫帅,黄士菡",2024Q4,2649000.0,,2274200.0,562500.0,3.43,17.33,,9.6,3.11,买入,,72.89
002466.SZ,天齐锂业,20230831,天齐锂业：23Q2业绩符合预期,点评,一般报告,广发证券,"宫帅,黄士菡",2023Q4,4110800.0,,3661000.0,996800.0,6.07,9.78,,18.6,2.21,买入,,72.89
600350.SH,山东高速,20230831,山东高速：1H23业绩符合预期，股息率具备吸引力,点评,一般报告,中金,"顾袁璠,张文杰,冯启斌,杨鑫",2024Q4,1839700.0,,650900.0,375100.0,0.78,8.7,7.8,8.9,8.1,跑赢行业,,8.07
600350.SH,山东高速,20230831,山东高速：1H23业绩符合预期，股息率具备吸引力,点评,一般报告,中金,"顾袁璠,张文杰,冯启斌,杨鑫",2023Q4,1790500.0,,604400.0,352900.0,0.73,9.2,7.3,8.7,8.5,跑赢行业,,8.07
600305.SH,恒顺醋业,20230831,恒顺醋业公司事件点评报告：业绩短期承压，静待改革成效,点评,一般报告,华鑫证券,"孙山山,何宇航",2025Q4,291600.0,,32100.0,27100.0,0.24,43.8,,11.6,,买入,,
600305.SH,恒顺醋业,20230831,恒顺醋业公司事件点评报告：业绩短期承压，静待改革成效,点评,一般报告,华鑫证券,"孙山山,何宇航",2024Q4,256400.0,,26000.0,21900.0,0.2,54.3,,9.5,,买入,,
600305.SH,恒顺醋业,20230831,恒顺醋业公司事件点评报告：业绩短期承压，静待改革成效,点评,一般报告,华鑫证券,"孙山山,何宇航",2023Q4,224300.0,,20600.0,17400.0,0.16,68.4,,7.7,,买入,,
601058.SH,赛轮轮胎,20230831,赛轮轮胎：2Q23业绩超预期，毛利率加速回升,点评,一般报告,中金,"傅锴铭,吴頔,裘孝锋",2024Q4,3065700.0,652000.0,303700.0,266200.0,0.87,13.7,3.3,18.0,8.1,跑赢行业,,14.8
601058.SH,赛轮轮胎,20230831,赛轮轮胎：2Q23业绩超预期，毛利率加速回升,点评,一般报告,中金,"傅锴铭,吴頔,裘孝锋",2023Q4,2651700.0,540800.0,231600.0,202100.0,0.66,18.1,1.9,15.5,10.4,跑赢行业,,14.8
601988.SH,中国银行,20230831,中国银行2023年半年报点评：营收增速领跑大行,点评,一般报告,浙商证券,"梁凤洁,邱冠华,陈建宇",2025Q4,74434300.0,,33100600.0,25980900.0,0.883,4.49,7.12,9.97,,买入,,4.49
601988.SH,中国银行,20230831,中国银行2023年半年报点评：营收增速领跑大行,点评,一般报告,浙商证券,"梁凤洁,邱冠华,陈建宇",2024Q4,69895800.0,,31119100.0,24425600.0,0.83,4.8,6.67,10.01,,买入,,4.49
601988.SH,中国银行,20230831,中国银行2023年半年报点评：营收增速领跑大行,点评,一般报告,浙商证券,"梁凤洁,邱冠华,陈建宇",2023Q4,65717000.0,,29297400.0,22995800.0,0.781,5.11,6.26,10.12,,买入,,4.49
601688.SH,华泰证券,20230831,华泰证券：业绩增长优于同业，综合竞争优势强化,点评,一般报告,中金,"蒲寒,龚思匀,姚泽宇,樊优,李佩凤,周东平,郑丽江",2024Q4,4808000.0,,2102800.0,1609800.0,1.77,9.1,3.9,10.0,,跑赢行业,,19.2
601688.SH,华泰证券,20230831,华泰证券：业绩增长优于同业，综合竞争优势强化,点评,一般报告,中金,"蒲寒,龚思匀,姚泽宇,樊优,李佩凤,周东平,郑丽江",2023Q4,4154500.0,,1789300.0,1382900.0,1.52,10.6,3.3,9.2,,跑赢行业,,19.2
603833.SH,欧派家居,20230831,欧派家居：降本增效驱动23Q2利润率提升，大家居战略持续推进,点评,一般报告,中信建投,"叶乐,黄杨璐",2025Q4,3161280.0,,455210.0,398420.0,6.54,15.52,,17.44,9.89,买入,,
603833.SH,欧派家居,20230831,欧派家居：降本增效驱动23Q2利润率提升，大家居战略持续推进,点评,一般报告,中信建投,"叶乐,黄杨璐",2024Q4,2810230.0,,400660.0,350670.0,5.76,17.63,,17.15,11.47,买入,,
603833.SH,欧派家居,20230831,欧派家居：降本增效驱动23Q2利润率提升，大家居战略持续推进,点评,一般报告,中信建投,"叶乐,黄杨璐",2023Q4,2475730.0,,350220.0,306530.0,5.03,20.17,,16.71,13.36,买入,,
002612.SZ,朗姿股份,20230831,朗姿股份：1H23业绩弹性释放，内生外延驱动医美快速成长,点评,一般报告,中金,"徐卓楠,曾令仪,樊俊豪,林千叶,黄蔓琪",2024Q4,540400.0,,39200.0,29900.0,0.68,32.2,0.5,9.3,14.2,跑赢行业,,32.0
002612.SZ,朗姿股份,20230831,朗姿股份：1H23业绩弹性释放，内生外延驱动医美快速成长,点评,一般报告,中金,"徐卓楠,曾令仪,樊俊豪,林千叶,黄蔓琪",2023Q4,461100.0,261900.0,26900.0,20000.0,0.45,48.1,0.3,6.7,17.7,跑赢行业,,32.0
002572.SZ,索菲亚,20230831,索菲亚：2Q23净利润同增33％，整家战略成果显现,点评,一般报告,中金,"樊俊豪,戎姜斌,刘玉雯",2024Q4,1383100.0,,190100.0,155500.0,1.7,11.3,0.0,22.4,6.6,跑赢行业,,25.0
002572.SZ,索菲亚,20230831,索菲亚：2Q23净利润同增33％，整家战略成果显现,点评,一般报告,中金,"樊俊豪,戎姜斌,刘玉雯",2023Q4,1211500.0,,165200.0,135000.0,1.48,13.0,0.0,22.0,7.7,跑赢行业,,25.0
002558.SZ,巨人网络,20230831,巨人网络：业绩好于预期，《原始征途》利润释放,点评,一般报告,中金,"张雪晴,李子悦,余歆瑶",2024Q4,358500.0,,166200.0,159000.0,0.79,18.4,2.1,11.9,15.8,跑赢行业,,18.0
002558.SZ,巨人网络,20230831,巨人网络：业绩好于预期，《原始征途》利润释放,点评,一般报告,中金,"张雪晴,李子悦,余歆瑶",2023Q4,310900.0,275000.0,131700.0,126800.0,0.63,23.1,1.6,10.3,19.9,跑赢行业,,18.0
300207.SZ,欣旺达,20230831,欣旺达：2Q23盈利能力显著改善，储能业务高速成长,点评,一般报告,中金,"温晗静,曾韬,贾顺鹤,王颖东,查玉洁,彭虎",2024Q4,7599300.0,1074400.0,170000.0,150700.0,0.81,19.7,0.7,7.0,6.3,跑赢行业,,19.0
300207.SZ,欣旺达,20230831,欣旺达：2Q23盈利能力显著改善，储能业务高速成长,点评,一般报告,中金,"温晗静,曾韬,贾顺鹤,王颖东,查玉洁,彭虎",2023Q4,6311300.0,902200.0,119200.0,108800.0,0.58,27.4,0.5,5.3,8.7,跑赢行业,,19.0
600536.SH,中国软件,20230831,中国软件：当期业绩承压，麒麟生态日趋完善,点评,一般报告,国联证券,"孙树明,姜青山",2025Q4,1422000.0,,70700.0,20700.0,0.24,176.0,,7.59,41.7,无,,
600536.SH,中国软件,20230831,中国软件：当期业绩承压，麒麟生态日趋完善,点评,一般报告,国联证券,"孙树明,姜青山",2024Q4,1225800.0,,39900.0,11700.0,0.14,311.9,,4.52,61.6,无,,
600536.SH,中国软件,20230831,中国软件：当期业绩承压，麒麟生态日趋完善,点评,一般报告,国联证券,"孙树明,姜青山",2023Q4,1060400.0,,9400.0,1900.0,0.0221,1962.6,,0.74,120.1,无,,
601985.SH,中国核电,20230831,中国核电：新能源装机增长贡献利润增量，未来成长确定性强,点评,一般报告,兴业证券,"蔡屹,史一粟",2025Q4,9481200.0,,2749300.0,1265800.0,0.67,10.6,,11.2,,增持,,
601985.SH,中国核电,20230831,中国核电：新能源装机增长贡献利润增量，未来成长确定性强,点评,一般报告,兴业证券,"蔡屹,史一粟",2024Q4,8737800.0,,2451100.0,1128500.0,0.6,11.8,,10.9,,增持,,
601985.SH,中国核电,20230831,中国核电：新能源装机增长贡献利润增量，未来成长确定性强,点评,一般报告,兴业证券,"蔡屹,史一粟",2023Q4,8027000.0,,2188400.0,1007600.0,0.53,13.3,,10.5,,增持,,
603565.SH,中谷物流,20230831,中谷物流：行业运价回落，Q2业绩承压,点评,一般报告,国金证券,"郑树明,王凯婕",2025Q4,1789300.0,362400.0,410500.0,307900.0,1.466,7.8,,25.01,,买入,,
603565.SH,中谷物流,20230831,中谷物流：行业运价回落，Q2业绩承压,点评,一般报告,国金证券,"郑树明,王凯婕",2024Q4,1525700.0,270400.0,316600.0,237400.0,1.13,10.12,,21.43,,买入,,
603565.SH,中谷物流,20230831,中谷物流：行业运价回落，Q2业绩承压,点评,一般报告,国金证券,"郑树明,王凯婕",2023Q4,1296600.0,221200.0,274900.0,206200.0,0.982,11.65,,20.36,,买入,,
000596.SZ,古井贡酒,20230831,古井贡酒：业绩超预期，经营效率加快提升,点评,一般报告,国金证券,"刘宸倩,李本媛",2025Q4,2976500.0,2372300.0,968200.0,707400.0,13.382,21.0,,25.96,,买入,,
000596.SZ,古井贡酒,20230831,古井贡酒：业绩超预期，经营效率加快提升,点评,一般报告,国金证券,"刘宸倩,李本媛",2024Q4,2518900.0,1989400.0,775800.0,565400.0,10.695,26.0,,23.83,,买入,,
000596.SZ,古井贡酒,20230831,古井贡酒：业绩超预期，经营效率加快提升,点评,一般报告,国金证券,"刘宸倩,李本媛",2023Q4,2089600.0,1632200.0,607300.0,440900.0,8.341,33.0,,21.18,,买入,,
000539.SZ,粤电力A,20230831,粤电力A：火电盈利大幅改善，火绿协同打开成长空间,点评,一般报告,信达证券,"左前明,李春驰",2024Q4,6951100.0,,923700.0,460900.0,0.88,7.24,,15.9,6.9,增持,,
000539.SZ,粤电力A,20230831,粤电力A：火电盈利大幅改善，火绿协同打开成长空间,点评,一般报告,信达证券,"左前明,李春驰",2023Q4,6145300.0,,758100.0,378300.0,0.72,8.83,,15.6,7.22,增持,,
688696.SH,极米科技,20230831,极米科技：市场需求下行、竞争加剧，盈利明显承压,一般,一般报告,中金,"褚君,何伟,李晶昕",2024Q4,497000.0,171800.0,51500.0,47400.0,6.77,18.1,1.7,13.6,11.0,跑赢行业,,153.0
688696.SH,极米科技,20230831,极米科技：市场需求下行、竞争加剧，盈利明显承压,一般,一般报告,中金,"褚君,何伟,李晶昕",2023Q4,414300.0,143100.0,33200.0,31400.0,4.48,27.3,1.1,9.8,16.4,跑赢行业,,153.0
688369.SH,致远互联,20230831,致远互联：1H23业绩承压，2H23关注行业国产化进展,点评,一般报告,中金,"王之昊,于钟海,谭哲贤",2024Q4,161100.0,117900.0,19100.0,17400.0,1.51,32.3,1.0,11.0,24.5,跑赢行业,,60.5
688369.SH,致远互联,20230831,致远互联：1H23业绩承压，2H23关注行业国产化进展,点评,一般报告,中金,"王之昊,于钟海,谭哲贤",2023Q4,123700.0,89000.0,8600.0,7700.0,0.67,73.0,0.4,5.2,58.7,跑赢行业,,60.5
601816.SH,京沪高铁,20230831,京沪高铁：客运景气持续上行，Q2净利大幅增长,点评,一般报告,国金证券,"郑树明,王凯婕",2025Q4,4971300.0,2557400.0,2205900.0,1551200.0,0.316,17.19,,7.58,,买入,,
601816.SH,京沪高铁,20230831,京沪高铁：客运景气持续上行，Q2净利大幅增长,点评,一般报告,国金证券,"郑树明,王凯婕",2024Q4,4641000.0,2307500.0,1943700.0,1403700.0,0.286,19.0,,7.13,,买入,,
601816.SH,京沪高铁,20230831,京沪高铁：客运景气持续上行，Q2净利大幅增长,点评,一般报告,国金证券,"郑树明,王凯婕",2023Q4,4179500.0,1918100.0,1551400.0,1204300.0,0.245,,,6.34,,买入,,
600350.SH,山东高速,20230831,山东高速：路产车流量恢复，Q2净利同比增长,点评,一般报告,国金证券,"郑树明,王凯婕",2025Q4,2248000.0,902200.0,705000.0,454800.0,0.94,6.73,,12.42,,买入,,
600350.SH,山东高速,20230831,山东高速：路产车流量恢复，Q2净利同比增长,点评,一般报告,国金证券,"郑树明,王凯婕",2024Q4,2119200.0,825400.0,625800.0,393900.0,0.814,7.77,,11.62,,买入,,
600350.SH,山东高速,20230831,山东高速：路产车流量恢复，Q2净利同比增长,点评,一般报告,国金证券,"郑树明,王凯婕",2023Q4,1997700.0,730500.0,567900.0,349300.0,0.722,8.76,,11.08,,买入,,
600167.SH,联美控股,20230831,联美控股：业绩整体稳定，在手现金持续充沛,点评,一般报告,兴业证券,"蔡屹,史一粟",2025Q4,407900.0,,176600.0,138000.0,0.6,11.1,,11.0,,增持,,
600167.SH,联美控股,20230831,联美控股：业绩整体稳定，在手现金持续充沛,点评,一般报告,兴业证券,"蔡屹,史一粟",2024Q4,382600.0,,154100.0,120500.0,0.53,12.8,,10.2,,增持,,
600167.SH,联美控股,20230831,联美控股：业绩整体稳定，在手现金持续充沛,点评,一般报告,兴业证券,"蔡屹,史一粟",2023Q4,361900.0,,135500.0,105900.0,0.46,14.5,,9.5,,增持,,
000963.SZ,华东医药,20230831,华东医药：业绩符合预期，创新产品研发进展顺利,点评,一般报告,广发证券,"罗佳荣,李桠桐",2025Q4,5134300.0,,541000.0,444000.0,2.53,15.13,,15.0,9.19,买入,,58.6
000963.SZ,华东医药,20230831,华东医药：业绩符合预期，创新产品研发进展顺利,点评,一般报告,广发证券,"罗佳荣,李桠桐",2024Q4,4638500.0,,445600.0,365000.0,2.08,18.4,,14.5,11.32,买入,,58.6
000963.SZ,华东医药,20230831,华东医药：业绩符合预期，创新产品研发进展顺利,点评,一般报告,广发证券,"罗佳荣,李桠桐",2023Q4,4168600.0,,368300.0,301600.0,1.72,22.28,,14.0,13.79,买入,,58.6
000776.SZ,广发证券,20230831,广发证券：投资收入修复明显、公募业务保持稳健,点评,一般报告,中金,"蒲寒,龚思匀,姚泽宇,樊优,李佩凤,周东平,郑丽江",2024Q4,3262200.0,,1484500.0,1077200.0,1.41,10.8,3.2,8.3,,跑赢行业,,19.5
000776.SZ,广发证券,20230831,广发证券：投资收入修复明显、公募业务保持稳健,点评,一般报告,中金,"蒲寒,龚思匀,姚泽宇,樊优,李佩凤,周东平,郑丽江",2023Q4,2893100.0,,1273800.0,926100.0,1.22,12.6,2.8,7.5,,跑赢行业,,19.5
601816.SH,京沪高铁,20230831,京沪高铁：1H23业绩符合预期，跨线车增长亮眼,点评,一般报告,中金,"张文杰,顾袁璠,冯启斌,杨鑫",2024Q4,4453100.0,,1885700.0,1352100.0,0.28,19.6,2.6,6.8,12.6,跑赢行业,,6.92
601816.SH,京沪高铁,20230831,京沪高铁：1H23业绩符合预期，跨线车增长亮眼,点评,一般报告,中金,"张文杰,顾袁璠,冯启斌,杨鑫",2023Q4,4101100.0,,1599400.0,1184900.0,0.24,22.3,2.2,6.2,14.0,跑赢行业,,6.92
002597.SZ,金禾实业,20230831,金禾实业：业绩符合预期，产品跌价致盈利大幅下滑,点评,一般报告,中金,"贾雄伟,侯一林,裘孝锋",2024Q4,717900.0,189700.0,142500.0,124000.0,2.21,9.7,2.7,15.6,6.1,跑赢行业,,28.0
002597.SZ,金禾实业,20230831,金禾实业：业绩符合预期，产品跌价致盈利大幅下滑,点评,一般报告,中金,"贾雄伟,侯一林,裘孝锋",2023Q4,621100.0,129400.0,96300.0,83800.0,1.49,14.4,1.8,11.6,8.5,跑赢行业,,28.0
002057.SZ,中钢天源,20230831,中钢天源：Q2业绩环比改善，期待四锰新产能释放,点评,一般报告,兴业证券,赖福洋,2025Q4,504300.0,,72300.0,57900.0,0.76,15.5,,13.5,,增持,,
002057.SZ,中钢天源,20230831,中钢天源：Q2业绩环比改善，期待四锰新产能释放,点评,一般报告,兴业证券,赖福洋,2024Q4,427400.0,,61700.0,49400.0,0.65,18.1,,13.3,,增持,,
002057.SZ,中钢天源,20230831,中钢天源：Q2业绩环比改善，期待四锰新产能释放,点评,一般报告,兴业证券,赖福洋,2023Q4,337900.0,,50500.0,40400.0,0.53,22.2,,12.6,,增持,,
002032.SZ,苏泊尔,20230831,苏泊尔：Q2经营企稳，外销逐步修复,点评,一般报告,信达证券,罗岸阳,2025Q4,2532700.0,,323300.0,262600.0,3.26,14.74,,39.4,12.07,无,,
002032.SZ,苏泊尔,20230831,苏泊尔：Q2经营企稳，外销逐步修复,点评,一般报告,信达证券,罗岸阳,2024Q4,2303100.0,,289500.0,235200.0,2.92,16.46,,35.5,13.52,无,,
002032.SZ,苏泊尔,20230831,苏泊尔：Q2经营企稳，外销逐步修复,点评,一般报告,信达证券,罗岸阳,2023Q4,2095400.0,,263300.0,213900.0,2.65,18.1,,31.6,15.11,无,,
000539.SZ,粤电力A,20230831,粤电力A：火电盈利大幅改善，火绿协同打开成长空间,点评,一般报告,信达证券,"左前明,李春驰",2025Q4,7813500.0,,1045400.0,521700.0,0.99,6.4,,15.1,6.92,增持,,
601166.SH,兴业银行,20230831,兴业银行：经营业绩边际有所改善,点评,一般报告,国联证券,刘雨辰,2024Q4,24770200.0,,12309200.0,10662900.0,5.133,3.2,,,,买入,,24.67
601166.SH,兴业银行,20230831,兴业银行：经营业绩边际有所改善,点评,一般报告,国联证券,刘雨辰,2023Q4,22923500.0,,11193300.0,9696200.0,4.667,3.54,,,,买入,,24.67
601155.SH,新城控股,20230831,新城控股：紧抓销售资金回笼，积极融资商业稳健,点评,一般报告,平安证券,"杨侃,郑茜文",2025Q4,12048100.0,,803200.0,485800.0,2.15,7.1,,6.8,2.0,推荐,,
601155.SH,新城控股,20230831,新城控股：紧抓销售资金回笼，积极融资商业稳健,点评,一般报告,平安证券,"杨侃,郑茜文",2024Q4,11964300.0,,762800.0,461400.0,2.05,7.4,,6.8,2.0,推荐,,
601155.SH,新城控股,20230831,新城控股：紧抓销售资金回笼，积极融资商业稳健,点评,一般报告,平安证券,"杨侃,郑茜文",2023Q4,11845900.0,,707700.0,428100.0,1.9,8.0,,6.8,3.0,推荐,,
688265.SH,南模生物,20230831,南模生物：收入端稳步增长，二季度扭亏为盈,点评,一般报告,国联证券,郑薇,2025Q4,77700.0,,8200.0,7200.0,0.92,41.9,,3.82,8.6,无,,
688265.SH,南模生物,20230831,南模生物：收入端稳步增长，二季度扭亏为盈,点评,一般报告,国联证券,郑薇,2024Q4,57600.0,,4100.0,3600.0,0.46,83.6,,1.99,10.3,无,,
688265.SH,南模生物,20230831,南模生物：收入端稳步增长，二季度扭亏为盈,点评,一般报告,国联证券,郑薇,2023Q4,42700.0,,1700.0,1500.0,0.19,203.5,,0.83,13.8,无,,
688533.SH,上声电子,20230831,上声电子2023年中报点评：盈利能力持续改善，新品放量下收入高增,点评,一般报告,国泰君安,"吴晓飞,管正月",2025Q4,439300.0,,,38900.0,2.43,17.55,1.6,22.5,13.18,增持,,59.26
688533.SH,上声电子,20230831,上声电子2023年中报点评：盈利能力持续改善，新品放量下收入高增,点评,一般报告,国泰君安,"吴晓飞,管正月",2024Q4,330000.0,,,28900.0,1.81,23.59,1.2,20.0,15.73,增持,,59.26
688533.SH,上声电子,20230831,上声电子2023年中报点评：盈利能力持续改善，新品放量下收入高增,点评,一般报告,国泰君安,"吴晓飞,管正月",2023Q4,250000.0,,,18600.0,1.16,36.75,0.7,15.0,21.87,增持,,59.26
688533.SH,上声电子,20230831,上声电子2023年中报点评：盈利能力持续改善，新品放量下收入高增,点评,一般报告,国泰君安,"吴晓飞,管正月",2023Q3,,,,,0.8,,,,,增持,,59.26
688516.SH,奥特维,20230831,奥特维：获天合光能18.9亿大单，低氧单晶炉订单加速落地,点评,一般报告,东吴证券,"周尔双,刘晓旭,李文意",2025Q4,1032100.0,,253500.0,220500.0,14.24,11.84,,29.05,,买入,,
688516.SH,奥特维,20230831,奥特维：获天合光能18.9亿大单，低氧单晶炉订单加速落地,点评,一般报告,东吴证券,"周尔双,刘晓旭,李文意",2024Q4,770300.0,,185200.0,161200.0,10.41,16.2,,29.91,,买入,,
688516.SH,奥特维,20230831,奥特维：获天合光能18.9亿大单，低氧单晶炉订单加速落地,点评,一般报告,东吴证券,"周尔双,刘晓旭,李文意",2023Q4,552500.0,,138500.0,120500.0,7.78,21.67,,31.9,,买入,,
688036.SH,传音控股,20230831,传音控股跟踪报告之五：23H1业绩亮眼，市场拓展成效显著,点评,一般报告,光大证券,"刘凯,蔡微未",2025Q4,8419500.0,,780400.0,655500.0,8.13,17.0,3.0,26.31,13.28,买入,,
688036.SH,传音控股,20230831,传音控股跟踪报告之五：23H1业绩亮眼，市场拓展成效显著,点评,一般报告,光大证券,"刘凯,蔡微未",2024Q4,6956100.0,,644000.0,540900.0,6.71,21.0,3.0,25.12,16.02,买入,,
688036.SH,传音控股,20230831,传音控股跟踪报告之五：23H1业绩亮眼，市场拓展成效显著,点评,一般报告,光大证券,"刘凯,蔡微未",2023Q4,5708800.0,,530300.0,445500.0,5.52,25.0,2.0,23.77,19.57,买入,,
603260.SH,合盛硅业,20230831,合盛硅业：工业硅、有机硅景气度低迷，1H23净利润下滑49.7％,点评,一般报告,中金,"吴頔,李唐懿,裘孝锋",2024Q4,4048700.0,1349700.0,1009700.0,822400.0,6.96,8.9,2.2,26.4,6.3,跑赢行业,,85.0
603260.SH,合盛硅业,20230831,合盛硅业：工业硅、有机硅景气度低迷，1H23净利润下滑49.7％,点评,一般报告,中金,"吴頔,李唐懿,裘孝锋",2023Q4,2735000.0,826000.0,583300.0,475400.0,4.02,15.5,1.3,18.5,10.7,跑赢行业,,85.0
002739.SZ,万达电影,20230831,万达电影：影院业绩显著回暖，多元布局联动赋能,点评,一般报告,兴业证券,"李阳,杨尚东",2025Q4,1902600.0,,192600.0,163400.0,0.75,18.2,,14.5,,增持,,
002739.SZ,万达电影,20230831,万达电影：影院业绩显著回暖，多元布局联动赋能,点评,一般报告,兴业证券,"李阳,杨尚东",2024Q4,1707300.0,,171500.0,145500.0,0.67,20.5,,15.1,,增持,,
002739.SZ,万达电影,20230831,万达电影：影院业绩显著回暖，多元布局联动赋能,点评,一般报告,兴业证券,"李阳,杨尚东",2023Q4,1432700.0,,131600.0,111600.0,0.51,26.7,,13.6,,增持,,
002624.SZ,完美世界,20230831,完美世界：剧集助力Q2收入略超预期，关注游戏新品动向,点评,一般报告,中金,"张雪晴,余歆瑶,李子悦",2024Q4,959600.0,597800.0,179200.0,157700.0,0.81,17.2,1.2,14.4,11.2,跑赢行业,,17.9
002624.SZ,完美世界,20230831,完美世界：剧集助力Q2收入略超预期，关注游戏新品动向,点评,一般报告,中金,"张雪晴,余歆瑶,李子悦",2023Q4,871900.0,526800.0,122000.0,107100.0,0.55,25.3,0.8,11.0,16.4,跑赢行业,,17.9
002153.SZ,石基信息,20230831,石基信息：业绩符合预期，国际化业务取得阶段性成果,点评,一般报告,国联证券,"孙树明,姜青山",2025Q4,405800.0,,29600.0,29600.0,0.11,125.8,,3.78,57.8,无,,
002153.SZ,石基信息,20230831,石基信息：业绩符合预期，国际化业务取得阶段性成果,点评,一般报告,国联证券,"孙树明,姜青山",2024Q4,351000.0,,10600.0,10600.0,0.04,352.8,,1.4,93.2,无,,
002153.SZ,石基信息,20230831,石基信息：业绩符合预期，国际化业务取得阶段性成果,点评,一般报告,国联证券,"孙树明,姜青山",2023Q4,301600.0,,4100.0,4100.0,0.015,906.6,,0.55,122.8,无,,
000799.SZ,酒鬼酒,20230831,酒鬼酒：二季度量利降幅收窄，营销模式初显成效,点评,一般报告,国联证券,"陈梦瑶,陆金鑫",2025Q4,519400.0,,188000.0,141100.0,4.34,21.2,,23.44,12.4,无,,
000799.SZ,酒鬼酒,20230831,酒鬼酒：二季度量利降幅收窄，营销模式初显成效,点评,一般报告,国联证券,"陈梦瑶,陆金鑫",2024Q4,417200.0,,146900.0,110300.0,3.39,27.1,,21.05,16.4,无,,
000799.SZ,酒鬼酒,20230831,酒鬼酒：二季度量利降幅收窄，营销模式初显成效,点评,一般报告,国联证券,"陈梦瑶,陆金鑫",2023Q4,336500.0,,114500.0,86000.0,2.65,34.8,,18.57,21.4,无,,
000596.SZ,古井贡酒,20230831,古井贡酒：业绩表现超预期，区域龙头再显增长弹性,点评,一般报告,国联证券,陈梦瑶,2025Q4,3162500.0,,985900.0,715500.0,13.54,20.6,,25.86,11.8,买入,,340.54
000596.SZ,古井贡酒,20230831,古井贡酒：业绩表现超预期，区域龙头再显增长弹性,点评,一般报告,国联证券,陈梦瑶,2024Q4,2616900.0,,792600.0,575200.0,10.88,25.6,,24.07,15.0,买入,,340.54
000596.SZ,古井贡酒,20230831,古井贡酒：业绩表现超预期，区域龙头再显增长弹性,点评,一般报告,国联证券,陈梦瑶,2023Q4,2114700.0,,612300.0,444400.0,8.41,33.2,,21.3,19.6,买入,,340.54
000596.SZ,古井贡酒,20230831,古井贡酒：2Q23收入延续高增长，盈利能力持续提升,点评,一般报告,平安证券,"张晋溢,王萌,王星云",2025Q4,3056100.0,,990400.0,718800.0,13.6,20.5,,26.0,11.77,推荐,,
000596.SZ,古井贡酒,20230831,古井贡酒：2Q23收入延续高增长，盈利能力持续提升,点评,一般报告,平安证券,"张晋溢,王萌,王星云",2024Q4,2546700.0,,785700.0,570200.0,10.79,25.8,,23.9,15.12,推荐,,
000596.SZ,古井贡酒,20230831,古井贡酒：2Q23收入延续高增长，盈利能力持续提升,点评,一般报告,平安证券,"张晋溢,王萌,王星云",2023Q4,2087500.0,,612100.0,444200.0,8.4,33.2,,21.3,19.64,推荐,,
000651.SZ,格力电器,20230831,格力电器：Q2营收增长稳健，毛销差小幅改善,点评,一般报告,信达证券,"罗岸阳,尹圣迪",2025Q4,23732100.0,,3659700.0,3241400.0,5.76,6.1,,24.1,2.34,无,,
000651.SZ,格力电器,20230831,格力电器：Q2营收增长稳健，毛销差小幅改善,点评,一般报告,信达证券,"罗岸阳,尹圣迪",2024Q4,22198900.0,,3346000.0,2970600.0,5.28,6.66,,24.4,2.82,无,,
000651.SZ,格力电器,20230831,格力电器：Q2营收增长稳健，毛销差小幅改善,点评,一般报告,信达证券,"罗岸阳,尹圣迪",2023Q4,20598000.0,,3069400.0,2705700.0,4.8,7.31,,24.6,3.31,无,,
600529.SH,山东药玻,20230831,山东药玻：持续享受模制瓶升级的量价红利，盈利能力改善——2023年中报业绩点评,点评,一般报告,国泰君安,"鲍雁辛,杨冬庭",2025Q4,654300.0,,,109000.0,1.64,16.06,1.3,11.1,8.88,增持,,31.12
600529.SH,山东药玻,20230831,山东药玻：持续享受模制瓶升级的量价红利，盈利能力改善——2023年中报业绩点评,点评,一般报告,国泰君安,"鲍雁辛,杨冬庭",2024Q4,565100.0,,,94200.0,1.42,18.58,1.3,10.8,9.56,增持,,31.12
600529.SH,山东药玻,20230831,山东药玻：持续享受模制瓶升级的量价红利，盈利能力改善——2023年中报业绩点评,点评,一般报告,国泰君安,"鲍雁辛,杨冬庭",2023Q4,489300.0,,,80900.0,1.22,21.63,1.3,10.4,11.34,增持,,31.12
600529.SH,山东药玻,20230831,山东药玻：持续享受模制瓶升级的量价红利，盈利能力改善——2023年中报业绩点评,点评,一般报告,国泰君安,"鲍雁辛,杨冬庭",2023Q3,,,,,0.9,,,,,增持,,31.12
600521.SH,华海药业,20230831,华海药业：业绩符合预期，推进制剂国际化战略,点评,一般报告,中金,"张琎,吴婉桦,邹朋",2024Q4,1258900.0,,247000.0,198100.0,1.34,12.6,2.4,20.7,8.5,跑赢行业,,21.9
600521.SH,华海药业,20230831,华海药业：业绩符合预期，推进制剂国际化战略,点评,一般报告,中金,"张琎,吴婉桦,邹朋",2023Q4,1040400.0,656700.0,186800.0,147800.0,1.0,16.9,1.8,18.1,10.7,跑赢行业,,21.9
300755.SZ,华致酒行,20230831,华致酒行：收入环比恢复，逐步改善可期——2023年中报点评,点评,一般报告,国泰君安,"訾猛,陈力宇",2025Q4,1421700.0,,,79800.0,1.91,11.85,0.7,12.6,8.09,增持,,32.1
300755.SZ,华致酒行,20230831,华致酒行：收入环比恢复，逐步改善可期——2023年中报点评,点评,一般报告,国泰君安,"訾猛,陈力宇",2024Q4,1209400.0,,,60200.0,1.45,15.69,0.7,10.8,10.61,增持,,32.1
300755.SZ,华致酒行,20230831,华致酒行：收入环比恢复，逐步改善可期——2023年中报点评,点评,一般报告,国泰君安,"訾猛,陈力宇",2023Q4,1019200.0,,,45200.0,1.08,20.93,0.7,9.0,14.2,增持,,32.1
300755.SZ,华致酒行,20230831,华致酒行：收入环比恢复，逐步改善可期——2023年中报点评,点评,一般报告,国泰君安,"訾猛,陈力宇",2023Q3,,,,,0.73,,,,,增持,,32.1
601166.SH,兴业银行,20230831,兴业银行：经营业绩边际有所改善,点评,一般报告,国联证券,刘雨辰,2025Q4,26664700.0,,13277400.0,11501600.0,5.536,2.96,,,,买入,,24.67
605111.SH,新洁能,20230831,新洁能：1H23业绩符合预期，看好产品品类持续拓展,点评,一般报告,中金,"张怡康,成乔升,石晓彬",2024Q4,259800.0,88800.0,68800.0,59000.0,1.98,18.0,1.1,14.7,11.4,跑赢行业,,49.0
605111.SH,新洁能,20230831,新洁能：1H23业绩符合预期，看好产品品类持续拓展,点评,一般报告,中金,"张怡康,成乔升,石晓彬",2023Q4,216200.0,74300.0,57800.0,49500.0,1.66,21.4,0.9,13.9,14.4,跑赢行业,,49.0
603605.SH,珀莱雅,20230831,珀莱雅2023年中报点评：中报再超预期，大单品策略推动净利率持续上行,一般,一般报告,信达证券,"刘嘉仁,周子莘",2025Q4,1234200.0,,206200.0,166600.0,4.2,25.6,,24.0,16.96,买入,,
603605.SH,珀莱雅,20230831,珀莱雅2023年中报点评：中报再超预期，大单品策略推动净利率持续上行,一般,一般报告,信达证券,"刘嘉仁,周子莘",2024Q4,1027900.0,,171700.0,138700.0,3.49,30.74,,24.9,20.9,买入,,
603605.SH,珀莱雅,20230831,珀莱雅2023年中报点评：中报再超预期，大单品策略推动净利率持续上行,一般,一般报告,信达证券,"刘嘉仁,周子莘",2023Q4,820200.0,,138000.0,112400.0,2.83,37.93,,25.3,26.1,买入,,
605117.SH,德业股份,20230831,德业股份：逆变器收入持续高增，扩充品类积极开拓海外市场,点评,一般报告,国联证券,"贺朝晖,梁丰铄",2025Q4,2500000.0,,708200.0,618700.0,14.39,6.5,,48.57,4.8,买入,,125.52
605117.SH,德业股份,20230831,德业股份：逆变器收入持续高增，扩充品类积极开拓海外市场,点评,一般报告,国联证券,"贺朝晖,梁丰铄",2024Q4,1823400.0,,515100.0,450100.0,10.46,9.0,,51.42,7.1,买入,,125.52
605117.SH,德业股份,20230831,德业股份：逆变器收入持续高增，扩充品类积极开拓海外市场,点评,一般报告,国联证券,"贺朝晖,梁丰铄",2023Q4,1149900.0,,318100.0,277900.0,6.46,14.6,,47.47,11.8,买入,,125.52
600760.SH,中航沈飞,20230831,中航沈飞：Q2业绩稳步增长，军机产品业绩增长显著,点评,一般报告,国联证券,孙树明,2025Q4,6586300.0,,433000.0,382800.0,1.39,32.0,,19.78,20.1,买入,,58.52
600760.SH,中航沈飞,20230831,中航沈飞：Q2业绩稳步增长，军机产品业绩增长显著,点评,一般报告,国联证券,孙树明,2024Q4,5776700.0,,380000.0,335900.0,1.22,36.5,,19.93,23.5,买入,,58.52
600760.SH,中航沈飞,20230831,中航沈飞：Q2业绩稳步增长，军机产品业绩增长显著,点评,一般报告,国联证券,孙树明,2023Q4,4923000.0,,316800.0,280100.0,1.02,43.8,,19.1,28.7,买入,,58.52
688066.SH,航天宏图,20230831,航天宏图：2Q利润同增超70％，数据要素驱动新一轮发展,点评,一般报告,中金,"刘中玉,车姝韵,刘婧,于钟海,陈显帆",2024Q4,495600.0,,68800.0,64900.0,2.5,23.6,0.4,19.0,17.0,跑赢行业,,75.63
688066.SH,航天宏图,20230831,航天宏图：2Q利润同增超70％，数据要素驱动新一轮发展,点评,一般报告,中金,"刘中玉,车姝韵,刘婧,于钟海,陈显帆",2023Q4,354100.0,,47300.0,44700.0,1.72,34.3,0.3,15.4,24.3,跑赢行业,,75.63
603170.SH,宝立食品,20230831,宝立食品：B端恢复良好，C端地位稳固,点评,一般报告,平安证券,"张晋溢,王萌,王星云",2025Q4,378300.0,,57200.0,43000.0,1.08,17.9,,21.3,10.66,推荐,,
603170.SH,宝立食品,20230831,宝立食品：B端恢复良好，C端地位稳固,点评,一般报告,平安证券,"张晋溢,王萌,王星云",2024Q4,315600.0,,46200.0,34800.0,0.87,22.1,,21.0,13.38,推荐,,
603170.SH,宝立食品,20230831,宝立食品：B端恢复良好，C端地位稳固,点评,一般报告,平安证券,"张晋溢,王萌,王星云",2023Q4,257000.0,,36500.0,27500.0,0.69,28.0,,20.2,16.91,推荐,,
300244.SZ,迪安诊断,20230831,迪安诊断：业绩符合预期，常规业务持续稳健复苏,点评,一般报告,中金,"张琎,冯喜鹏,陈诗雨,邹朋",2024Q4,1762200.0,,257900.0,130000.0,2.07,10.9,0.9,14.9,3.7,跑赢行业,,30.71
300244.SZ,迪安诊断,20230831,迪安诊断：业绩符合预期，常规业务持续稳健复苏,点评,一般报告,中金,"张琎,冯喜鹏,陈诗雨,邹朋",2023Q4,1401400.0,,169600.0,76500.0,1.22,18.6,0.5,9.9,5.4,跑赢行业,,30.71
600199.SH,金种子酒,20230831,金种子酒：Q2单季度利润如期转正，经营管理质量全面改善,点评,一般报告,国联证券,陈梦瑶,2025Q4,459500.0,,98500.0,98300.0,1.49,16.7,,24.67,13.4,无,,
600199.SH,金种子酒,20230831,金种子酒：Q2单季度利润如期转正，经营管理质量全面改善,点评,一般报告,国联证券,陈梦瑶,2024Q4,308600.0,,40100.0,40000.0,0.61,41.2,,13.32,28.3,无,,
600199.SH,金种子酒,20230831,金种子酒：Q2单季度利润如期转正，经营管理质量全面改善,点评,一般报告,国联证券,陈梦瑶,2023Q4,199000.0,,5800.0,5800.0,0.09,285.8,,2.21,73.8,无,,
603324.SH,盛剑环境,20230831,盛剑环境2023年中报点评：在手订单充足，新能源业务加速发展,点评,一般报告,国泰君安,"徐强,邵潇,于歆",2025Q4,311600.0,,,37200.0,2.98,11.57,1.9,16.3,7.51,增持,,59.15
603324.SH,盛剑环境,20230831,盛剑环境2023年中报点评：在手订单充足，新能源业务加速发展,点评,一般报告,国泰君安,"徐强,邵潇,于歆",2024Q4,239000.0,,,28500.0,2.28,15.13,1.5,14.9,10.05,增持,,59.15
603324.SH,盛剑环境,20230831,盛剑环境2023年中报点评：在手订单充足，新能源业务加速发展,点评,一般报告,国泰君安,"徐强,邵潇,于歆",2023Q4,177800.0,,,21100.0,1.69,20.42,1.1,13.0,13.35,增持,,59.15
603324.SH,盛剑环境,20230831,盛剑环境2023年中报点评：在手订单充足，新能源业务加速发展,点评,一般报告,国泰君安,"徐强,邵潇,于歆",2023Q3,,,,,1.23,,,,,增持,,59.15
300894.SZ,火星人,20230831,火星人：Q2收入增速符合预期，盈利能力提升——2023年中报点评,点评,一般报告,国泰君安,"蔡雯娟,李汉颖,田平川",2025Q4,364100.0,,,49900.0,1.22,16.87,3.7,24.9,8.59,谨慎增持,,22.5
300894.SZ,火星人,20230831,火星人：Q2收入增速符合预期，盈利能力提升——2023年中报点评,点评,一般报告,国泰君安,"蔡雯娟,李汉颖,田平川",2024Q4,303400.0,,,44400.0,1.09,18.99,3.7,24.4,10.13,谨慎增持,,22.5
300894.SZ,火星人,20230831,火星人：Q2收入增速符合预期，盈利能力提升——2023年中报点评,点评,一般报告,国泰君安,"蔡雯娟,李汉颖,田平川",2023Q4,252900.0,,,34800.0,0.85,24.2,3.7,20.7,12.79,谨慎增持,,22.5
300894.SZ,火星人,20230831,火星人：Q2收入增速符合预期，盈利能力提升——2023年中报点评,点评,一般报告,国泰君安,"蔡雯娟,李汉颖,田平川",2023Q3,,,,,0.58,,,,,谨慎增持,,22.5
000625.SZ,长安汽车,20230831,长安汽车2023年中报点评：深蓝并表与价格战拖累盈利能力,点评,一般报告,国泰君安,"吴晓飞,多飞舟",2025Q4,20187700.0,,,1285900.0,1.3,10.31,1.5,14.1,2.53,增持,,17.95
000625.SZ,长安汽车,20230831,长安汽车2023年中报点评：深蓝并表与价格战拖累盈利能力,点评,一般报告,国泰君安,"吴晓飞,多飞舟",2024Q4,17759100.0,,,960500.0,0.97,13.8,1.5,12.1,4.19,增持,,17.95
000625.SZ,长安汽车,20230831,长安汽车2023年中报点评：深蓝并表与价格战拖累盈利能力,点评,一般报告,国泰君安,"吴晓飞,多飞舟",2023Q4,14975900.0,,,930700.0,0.94,14.24,1.5,13.1,5.0,增持,,17.95
000625.SZ,长安汽车,20230831,长安汽车2023年中报点评：深蓝并表与价格战拖累盈利能力,点评,一般报告,国泰君安,"吴晓飞,多飞舟",2023Q3,,,,,0.85,,,,,增持,,17.95
000596.SZ,古井贡酒,20230831,古井贡酒2023半年报点评：利润超预期，逻辑继续兑现,点评,一般报告,国泰君安,"訾猛,李耀",2025Q4,2869700.0,,,649200.0,12.28,22.69,1.0,21.1,14.99,增持,,350.0
000596.SZ,古井贡酒,20230831,古井贡酒2023半年报点评：利润超预期，逻辑继续兑现,点评,一般报告,国泰君安,"訾猛,李耀",2024Q4,2454800.0,,,534500.0,10.11,27.56,0.8,20.6,18.75,增持,,350.0
000596.SZ,古井贡酒,20230831,古井贡酒2023半年报点评：利润超预期，逻辑继续兑现,点评,一般报告,国泰君安,"訾猛,李耀",2023Q4,2074600.0,,,431500.0,8.16,34.14,0.6,19.7,23.53,增持,,350.0
000596.SZ,古井贡酒,20230831,古井贡酒2023半年报点评：利润超预期，逻辑继续兑现,点评,一般报告,国泰君安,"訾猛,李耀",2023Q3,,,,,7.12,,,,,增持,,350.0
002240.SZ,盛新锂能,20230831,盛新锂能2023半年报点评：海外项目顺利试产，自给量有望提升,点评,一般报告,国泰君安,"于嘉懿,宁紫微,刘小华",2025Q4,1165900.0,,,409200.0,4.44,5.25,1.7,18.9,2.43,增持,,32.12
002240.SZ,盛新锂能,20230831,盛新锂能2023半年报点评：海外项目顺利试产，自给量有望提升,点评,一般报告,国泰君安,"于嘉懿,宁紫微,刘小华",2024Q4,855600.0,,,299000.0,3.24,7.18,1.3,16.7,4.0,增持,,32.12
002240.SZ,盛新锂能,20230831,盛新锂能2023半年报点评：海外项目顺利试产，自给量有望提升,点评,一般报告,国泰君安,"于嘉懿,宁紫微,刘小华",2023Q4,818000.0,,,269100.0,2.92,7.98,1.1,17.6,4.99,增持,,32.12
002240.SZ,盛新锂能,20230831,盛新锂能2023半年报点评：海外项目顺利试产，自给量有望提升,点评,一般报告,国泰君安,"于嘉懿,宁紫微,刘小华",2023Q3,,,,,1.84,,,,,增持,,32.12
300303.SZ,聚飞光电,20230831,聚飞光电：电视Mini背光和车载业务较快增长,点评,一般报告,国联证券,"熊军,宋伟",2025Q4,358600.0,,46800.0,42500.0,0.32,16.5,,12.58,6.4,增持,,5.77
300303.SZ,聚飞光电,20230831,聚飞光电：电视Mini背光和车载业务较快增长,点评,一般报告,国联证券,"熊军,宋伟",2024Q4,302500.0,,36800.0,33400.0,0.25,21.0,,10.5,7.7,增持,,5.77
300303.SZ,聚飞光电,20230831,聚飞光电：电视Mini背光和车载业务较快增长,点评,一般报告,国联证券,"熊军,宋伟",2023Q4,261800.0,,28500.0,25800.0,0.19,27.1,,8.54,9.4,增持,,5.77
600383.SH,金地集团,20230831,金地集团：半年度业绩承压，建议关注后续销售端改善节奏,点评,一般报告,中金,"王惠菁,宋志达,张宇",2024Q4,9435400.0,,1073200.0,508300.0,1.13,7.0,4.3,7.2,10.4,跑赢行业,,9.8
600383.SH,金地集团,20230831,金地集团：半年度业绩承压，建议关注后续销售端改善节奏,点评,一般报告,中金,"王惠菁,宋志达,张宇",2023Q4,10116700.0,,960900.0,462200.0,1.02,7.7,3.9,6.9,12.5,跑赢行业,,9.8
600048.SH,保利发展,20230831,保利发展：销售投拓秉节持重，业绩兑现行稳致远,点评,一般报告,中金,"张宇,王惠菁,宋志达",2024Q4,33882300.0,,4234900.0,2203500.0,1.84,8.0,3.7,9.5,10.8,跑赢行业,,20.51
600048.SH,保利发展,20230831,保利发展：销售投拓秉节持重，业绩兑现行稳致远,点评,一般报告,中金,"张宇,王惠菁,宋志达",2023Q4,32577700.0,,3594300.0,2062700.0,1.72,8.6,3.4,9.8,12.1,跑赢行业,,20.51
688231.SH,隆达股份,20230831,隆达股份：Q2单季度营收稳步增长，原材料波动毛利率下降,点评,一般报告,国联证券,孙树明,2025Q4,215900.0,,30500.0,30500.0,1.23,20.8,,5.37,9.5,买入,,31.24
688231.SH,隆达股份,20230831,隆达股份：Q2单季度营收稳步增长，原材料波动毛利率下降,点评,一般报告,国联证券,孙树明,2024Q4,176100.0,,24100.0,24100.0,0.98,26.3,,4.41,11.2,买入,,31.24
688231.SH,隆达股份,20230831,隆达股份：Q2单季度营收稳步增长，原材料波动毛利率下降,点评,一般报告,国联证券,孙树明,2023Q4,104000.0,,12800.0,12800.0,0.52,49.5,,2.41,16.8,买入,,31.24
688320.SH,禾川科技,20230831,禾川科技2023年中报点评：通用自动化稳健发展，募投开启新增长,点评,一般报告,国泰君安,"徐乔威,张越",2025Q4,218800.0,,,22800.0,1.51,25.52,0.6,11.4,18.15,增持,,45.08
688320.SH,禾川科技,20230831,禾川科技2023年中报点评：通用自动化稳健发展，募投开启新增长,点评,一般报告,国泰君安,"徐乔威,张越",2024Q4,170400.0,,,18500.0,1.22,31.54,0.5,10.2,22.72,增持,,45.08
688320.SH,禾川科技,20230831,禾川科技2023年中报点评：通用自动化稳健发展，募投开启新增长,点评,一般报告,国泰君安,"徐乔威,张越",2023Q4,129100.0,,,13900.0,0.92,41.91,0.4,8.4,27.96,增持,,45.08
688320.SH,禾川科技,20230831,禾川科技2023年中报点评：通用自动化稳健发展，募投开启新增长,点评,一般报告,国泰君安,"徐乔威,张越",2023Q3,,,,,0.62,,,,,增持,,45.08
601100.SH,恒立液压,20230831,恒立液压2023年中报点评：挖机产品好于下游，非挖产品穿越周期,点评,一般报告,国泰君安,"徐乔威,张越",2025Q4,1270600.0,,,383800.0,2.86,22.04,1.0,16.4,14.35,增持,,75.24
601100.SH,恒立液压,20230831,恒立液压2023年中报点评：挖机产品好于下游，非挖产品穿越周期,点评,一般报告,国泰君安,"徐乔威,张越",2024Q4,1091300.0,,,317500.0,2.37,26.64,1.0,16.2,17.66,增持,,75.24
601100.SH,恒立液压,20230831,恒立液压2023年中报点评：挖机产品好于下游，非挖产品穿越周期,点评,一般报告,国泰君安,"徐乔威,张越",2023Q4,954900.0,,,264800.0,1.98,31.94,1.0,16.1,23.38,增持,,75.24
601100.SH,恒立液压,20230831,恒立液压2023年中报点评：挖机产品好于下游，非挖产品穿越周期,点评,一般报告,国泰君安,"徐乔威,张越",2023Q3,,,,,1.36,,,,,增持,,75.24
002597.SZ,金禾实业,20230831,金禾实业23年中报点评：Q2业绩有所承压，静候格局改善,点评,一般报告,国泰君安,"钟浩,沈唯",2025Q4,766300.0,,,146200.0,2.61,8.27,5.4,16.6,4.37,增持,,29.25
002597.SZ,金禾实业,20230831,金禾实业23年中报点评：Q2业绩有所承压，静候格局改善,点评,一般报告,国泰君安,"钟浩,沈唯",2024Q4,721200.0,,,126000.0,2.25,9.59,5.0,15.8,5.31,增持,,29.25
002597.SZ,金禾实业,20230831,金禾实业23年中报点评：Q2业绩有所承压，静候格局改善,点评,一般报告,国泰君安,"钟浩,沈唯",2023Q4,631100.0,,,85400.0,1.52,14.15,4.6,11.6,7.71,增持,,29.25
002597.SZ,金禾实业,20230831,金禾实业23年中报点评：Q2业绩有所承压，静候格局改善,点评,一般报告,国泰君安,"钟浩,沈唯",2023Q3,,,,,1.04,,,,,增持,,29.25
300122.SZ,智飞生物,20230831,智飞生物：业绩符合预期，HPV疫苗持续放量——2023年中报点评,点评,一般报告,国泰君安,"丁丹,赵峻峰",2025Q4,6125200.0,,,1230700.0,5.13,8.82,1.1,23.4,5.25,增持,,57.15
300122.SZ,智飞生物,20230831,智飞生物：业绩符合预期，HPV疫苗持续放量——2023年中报点评,点评,一般报告,国泰君安,"丁丹,赵峻峰",2024Q4,5686000.0,,,1107600.0,4.62,9.8,1.1,26.4,7.28,增持,,57.15
300122.SZ,智飞生物,20230831,智飞生物：业绩符合预期，HPV疫苗持续放量——2023年中报点评,点评,一般报告,国泰君安,"丁丹,赵峻峰",2023Q4,4755000.0,,,915000.0,3.81,11.86,1.1,28.4,8.55,增持,,57.15
300122.SZ,智飞生物,20230831,智飞生物：业绩符合预期，HPV疫苗持续放量——2023年中报点评,点评,一般报告,国泰君安,"丁丹,赵峻峰",2023Q3,,,,,2.72,,,,,增持,,57.15
688501.SH,青达环保,20230831,青达环保2023年中报点评：电力市场持续向好，驱动公司业绩增长,点评,一般报告,国泰君安,"徐强,邵潇,于歆",2025Q4,160900.0,,,17700.0,1.44,13.38,1.6,14.6,8.52,增持,,30.01
688501.SH,青达环保,20230831,青达环保2023年中报点评：电力市场持续向好，驱动公司业绩增长,点评,一般报告,国泰君安,"徐强,邵潇,于歆",2024Q4,125400.0,,,13600.0,1.1,17.45,1.2,13.1,10.81,增持,,30.01
688501.SH,青达环保,20230831,青达环保2023年中报点评：电力市场持续向好，驱动公司业绩增长,点评,一般报告,国泰君安,"徐强,邵潇,于歆",2023Q4,97300.0,,,10100.0,0.82,23.38,0.9,11.2,14.26,增持,,30.01
688501.SH,青达环保,20230831,青达环保2023年中报点评：电力市场持续向好，驱动公司业绩增长,点评,一般报告,国泰君安,"徐强,邵潇,于歆",2023Q3,,,,,0.24,,,,,增持,,30.01
605599.SH,菜百股份,20230831,菜百股份2023年半年报点评：扣非归母净利润大增，黄金持续高景气,点评,一般报告,国泰君安,"刘越男,宋小寒",2025Q4,2231400.0,,,95200.0,1.22,11.22,5.1,20.7,7.92,增持,,17.0
605599.SH,菜百股份,20230831,菜百股份2023年半年报点评：扣非归母净利润大增，黄金持续高景气,点评,一般报告,国泰君安,"刘越男,宋小寒",2024Q4,1977700.0,,,86800.0,1.12,12.3,3.6,20.8,8.55,增持,,17.0
605599.SH,菜百股份,20230831,菜百股份2023年半年报点评：扣非归母净利润大增，黄金持续高景气,点评,一般报告,国泰君安,"刘越男,宋小寒",2023Q4,1754400.0,,,78100.0,1.0,13.68,3.6,20.6,9.43,增持,,17.0
605599.SH,菜百股份,20230831,菜百股份2023年半年报点评：扣非归母净利润大增，黄金持续高景气,点评,一般报告,国泰君安,"刘越男,宋小寒",2023Q3,,,,,0.74,,,,,增持,,17.0
000893.SZ,亚钾国际,20230831,亚钾国际2023年半年报点评：二季度业绩环比提升，钾肥产能成长性凸显,点评,一般报告,国泰君安,"钟浩,钱伟伦",2025Q4,772100.0,,,229500.0,2.47,11.26,0.0,14.3,9.0,增持,,32.41
000893.SZ,亚钾国际,20230831,亚钾国际2023年半年报点评：二季度业绩环比提升，钾肥产能成长性凸显,点评,一般报告,国泰君安,"钟浩,钱伟伦",2024Q4,596300.0,,,197900.0,2.13,13.05,0.0,14.4,10.33,增持,,32.41
000893.SZ,亚钾国际,20230831,亚钾国际2023年半年报点评：二季度业绩环比提升，钾肥产能成长性凸显,点评,一般报告,国泰君安,"钟浩,钱伟伦",2023Q4,444800.0,,,165400.0,1.78,15.62,0.0,14.0,12.05,增持,,32.41
000893.SZ,亚钾国际,20230831,亚钾国际2023年半年报点评：二季度业绩环比提升，钾肥产能成长性凸显,点评,一般报告,国泰君安,"钟浩,钱伟伦",2023Q3,,,,,1.27,,,,,增持,,32.41
002460.SZ,赣锋锂业,20230831,赣锋锂业2023半年报业绩点评：上探下拓，一体化再发力,点评,一般报告,国泰君安,"于嘉懿,宁紫微,刘小华",2025Q4,4252700.0,,,1741800.0,8.63,5.59,1.5,19.2,4.56,增持,,71.37
002460.SZ,赣锋锂业,20230831,赣锋锂业2023半年报业绩点评：上探下拓，一体化再发力,点评,一般报告,国泰君安,"于嘉懿,宁紫微,刘小华",2024Q4,3765000.0,,,1682800.0,8.34,5.79,1.2,22.5,5.25,增持,,71.37
002460.SZ,赣锋锂业,20230831,赣锋锂业2023半年报业绩点评：上探下拓，一体化再发力,点评,一般报告,国泰君安,"于嘉懿,宁紫微,刘小华",2023Q4,3651900.0,,,1598800.0,7.93,6.09,1.0,27.0,7.14,增持,,71.37
002460.SZ,赣锋锂业,20230831,赣锋锂业2023半年报业绩点评：上探下拓，一体化再发力,点评,一般报告,国泰君安,"于嘉懿,宁紫微,刘小华",2023Q3,,,,,5.48,,,,,增持,,71.37
603719.SH,良品铺子,20230831,良品铺子：线上短期承压，线下继续开拓——2023年中报点评,点评,一般报告,国泰君安,"訾猛,陈力宇",2025Q4,1292500.0,,,58500.0,1.46,16.52,1.8,16.9,10.78,增持,,34.6
603719.SH,良品铺子,20230831,良品铺子：线上短期承压，线下继续开拓——2023年中报点评,点评,一般报告,国泰君安,"訾猛,陈力宇",2024Q4,1121600.0,,,49300.0,1.23,19.6,1.4,16.2,13.61,增持,,34.6
603719.SH,良品铺子,20230831,良品铺子：线上短期承压，线下继续开拓——2023年中报点评,点评,一般报告,国泰君安,"訾猛,陈力宇",2023Q4,960500.0,,,40400.0,1.01,23.94,1.1,15.0,18.3,增持,,34.6
603719.SH,良品铺子,20230831,良品铺子：线上短期承压，线下继续开拓——2023年中报点评,点评,一般报告,国泰君安,"訾猛,陈力宇",2023Q3,,,,,0.81,,,,,增持,,34.6
000012.SZ,南玻A,20230831,南玻A：Q2浮法盈利改善，硅料盈利收窄——2023年中报业绩点评,点评,一般报告,国泰君安,"鲍雁辛,杨冬庭",2025Q4,2802000.0,,,240600.0,0.78,7.73,3.1,9.0,5.83,增持,,7.68
000012.SZ,南玻A,20230831,南玻A：Q2浮法盈利改善，硅料盈利收窄——2023年中报业绩点评,点评,一般报告,国泰君安,"鲍雁辛,杨冬庭",2024Q4,2356500.0,,,196600.0,0.64,9.46,3.1,8.6,7.79,增持,,7.68
000012.SZ,南玻A,20230831,南玻A：Q2浮法盈利改善，硅料盈利收窄——2023年中报业绩点评,点评,一般报告,国泰君安,"鲍雁辛,杨冬庭",2023Q4,1941700.0,,,183900.0,0.6,10.11,3.1,12.0,6.59,增持,,7.68
000012.SZ,南玻A,20230831,南玻A：Q2浮法盈利改善，硅料盈利收窄——2023年中报业绩点评,点评,一般报告,国泰君安,"鲍雁辛,杨冬庭",2023Q3,,,,,0.58,,,,,增持,,7.68
688019.SH,安集科技,20230831,安集科技：业绩超预期，盈利能力持续提升,点评,一般报告,中金,"江磊,吴頔,彭虎",2024Q4,180100.0,101900.0,61800.0,55200.0,5.57,25.7,0.3,25.5,18.7,跑赢行业,,190.8
688019.SH,安集科技,20230831,安集科技：业绩超预期，盈利能力持续提升,点评,一般报告,中金,"江磊,吴頔,彭虎",2023Q4,139900.0,78700.0,47400.0,42000.0,4.24,33.8,0.3,24.5,24.5,跑赢行业,,190.8
605005.SH,合兴股份,20230831,合兴股份：2Q23盈利能力稳健修复，加快布局智能化产品,点评,一般报告,中金,"任丹霖,李诗雯,荆文娟,邓学",2024Q4,212100.0,,32300.0,29700.0,0.74,22.9,1.4,15.6,14.4,跑赢行业,,19.3
605005.SH,合兴股份,20230831,合兴股份：2Q23盈利能力稳健修复，加快布局智能化产品,点评,一般报告,中金,"任丹霖,李诗雯,荆文娟,邓学",2023Q4,182300.0,,28500.0,25900.0,0.65,26.2,1.2,15.2,16.1,跑赢行业,,19.3
603816.SH,顾家家居,20230831,顾家家居：2Q23净利润同增17％，业绩增长不断向好,点评,一般报告,中金,"樊俊豪,戎姜斌,刘玉雯",2024Q4,2414800.0,,296300.0,240300.0,2.92,14.5,3.0,22.4,8.2,跑赢行业,,55.0
603816.SH,顾家家居,20230831,顾家家居：2Q23净利润同增17％，业绩增长不断向好,点评,一般报告,中金,"樊俊豪,戎姜斌,刘玉雯",2023Q4,2090300.0,,253200.0,205300.0,2.5,17.0,2.6,21.7,9.8,跑赢行业,,55.0
603165.SH,荣晟环保,20230831,荣晟环保：2Q23业绩超预期，稳步推进芳纶材料进程,点评,一般报告,中金,"龚晴,柳政甫,徐贇妍,陈彦",2024Q4,325600.0,,40400.0,36400.0,1.31,11.7,4.6,15.3,7.3,跑赢行业,,18.0
600872.SH,中炬高新,20230831,中炬高新公司点评报告：需求和成本处于改善通道，长期看治理结构有望改善,点评,一般报告,方正证券,"薛涵,王泽华",2025Q4,719900.0,,127100.0,100600.0,1.28,25.69,,18.38,14.65,推荐,,
600872.SH,中炬高新,20230831,中炬高新公司点评报告：需求和成本处于改善通道，长期看治理结构有望改善,点评,一般报告,方正证券,"薛涵,王泽华",2024Q4,639500.0,,101600.0,80400.0,1.02,32.16,,18.0,18.71,推荐,,
600872.SH,中炬高新,20230831,中炬高新公司点评报告：需求和成本处于改善通道，长期看治理结构有望改善,点评,一般报告,方正证券,"薛涵,王泽华",2023Q4,566800.0,,81600.0,65300.0,0.83,39.56,,17.84,23.26,推荐,,
600085.SH,同仁堂,20230831,同仁堂：业绩符合预期，商业板块恢复超预期,点评,一般报告,中金,"朱言音,陈诗雨,邹朋",2024Q4,2055500.0,,365200.0,191600.0,1.4,39.6,0.0,13.3,17.4,跑赢行业,,68.02
600085.SH,同仁堂,20230831,同仁堂：业绩符合预期，商业板块恢复超预期,点评,一般报告,中金,"朱言音,陈诗雨,邹朋",2023Q4,1803100.0,,319600.0,167700.0,1.22,45.3,0.0,13.3,20.0,跑赢行业,,68.02
002851.SZ,麦格米特,20230831,麦格米特：1H23符合预期，2Q23收入、利润达历史峰值,点评,一般报告,中金,"江鹏,曾韬",2024Q4,943200.0,,104000.0,97400.0,1.95,16.1,0.3,20.0,15.6,跑赢行业,,43.0
002851.SZ,麦格米特,20230831,麦格米特：1H23符合预期，2Q23收入、利润达历史峰值,点评,一般报告,中金,"江鹏,曾韬",2023Q4,720300.0,,77500.0,72400.0,1.45,21.6,0.2,17.9,24.1,跑赢行业,,43.0
603165.SH,荣晟环保,20230831,荣晟环保：2Q23业绩超预期，稳步推进芳纶材料进程,点评,一般报告,中金,"龚晴,柳政甫,徐贇妍,陈彦",2023Q4,266300.0,,33800.0,30400.0,1.09,13.9,3.8,14.3,8.4,跑赢行业,,18.0
000999.SZ,华润三九,20230831,华润三九：1H23业绩符合预期，CHC业务高速增长,点评,一般报告,中金,"朱言音,陈诗雨,邹朋",2024Q4,2298100.0,,405800.0,335300.0,3.39,13.9,2.9,16.3,8.4,跑赢行业,,65.0
000999.SZ,华润三九,20230831,华润三九：1H23业绩符合预期，CHC业务高速增长,点评,一般报告,中金,"朱言音,陈诗雨,邹朋",2023Q4,2032800.0,,352600.0,291400.0,2.95,16.0,2.5,15.8,10.7,跑赢行业,,65.0
000785.SZ,居然之家,20230831,居然之家：数字化转型稳步推进，经营逐步回暖,点评,一般报告,中金,"樊俊豪,戎姜斌,石狄,王杰睿,刘玉雯",2024Q4,1648700.0,,279900.0,201700.0,0.32,11.9,3.7,9.7,3.7,跑赢行业,,5.7
000785.SZ,居然之家,20230831,居然之家：数字化转型稳步推进，经营逐步回暖,点评,一般报告,中金,"樊俊豪,戎姜斌,石狄,王杰睿,刘玉雯",2023Q4,1472800.0,,246900.0,178100.0,0.28,13.5,5.5,8.9,4.3,跑赢行业,,5.7
600350.SH,山东高速,20230831,山东高速：路费收入同增8.7％，京台高速表现亮眼,点评,一般报告,国联证券,"田照丰,李蔚",2025Q4,2222100.0,,628400.0,399600.0,0.83,8.2,,9.37,6.9,买入,,7.92
600350.SH,山东高速,20230831,山东高速：路费收入同增8.7％，京台高速表现亮眼,点评,一般报告,国联证券,"田照丰,李蔚",2024Q4,2122600.0,,590700.0,375600.0,0.78,8.7,,9.03,7.2,买入,,7.92
600350.SH,山东高速,20230831,山东高速：路费收入同增8.7％，京台高速表现亮眼,点评,一般报告,国联证券,"田照丰,李蔚",2023Q4,2016800.0,,547500.0,348200.0,0.72,9.4,,8.58,7.7,买入,,7.92
601100.SH,恒立液压,20230831,恒立液压2023年中报点评：业绩符合预期，多元化＋国际化战略卓有成效,点评,一般报告,东吴证券,"周尔双,罗悦,韦译捷",2025Q4,1495700.0,,462500.0,406000.0,3.03,21.85,,16.6,,买入,,
601100.SH,恒立液压,20230831,恒立液压2023年中报点评：业绩符合预期，多元化＋国际化战略卓有成效,点评,一般报告,东吴证券,"周尔双,罗悦,韦译捷",2024Q4,1177200.0,,357400.0,311900.0,2.33,28.44,,15.29,,买入,,
601100.SH,恒立液压,20230831,恒立液压2023年中报点评：业绩符合预期，多元化＋国际化战略卓有成效,点评,一般报告,东吴证券,"周尔双,罗悦,韦译捷",2023Q4,948100.0,,302900.0,265800.0,1.98,33.37,,15.38,,买入,,
300026.SZ,红日药业,20230831,红日药业：更多国标实施，配方颗粒有望迎来复苏,点评,一般报告,国联证券,郑薇,2025Q4,967800.0,,107100.0,91600.0,0.31,14.4,,8.94,9.3,无,,
300026.SZ,红日药业,20230831,红日药业：更多国标实施，配方颗粒有望迎来复苏,点评,一般报告,国联证券,郑薇,2024Q4,839100.0,,90500.0,77400.0,0.26,17.0,,8.15,10.6,无,,
300026.SZ,红日药业,20230831,红日药业：更多国标实施，配方颗粒有望迎来复苏,点评,一般报告,国联证券,郑薇,2023Q4,728100.0,,80700.0,69000.0,0.23,19.1,,7.79,11.8,无,,
000999.SZ,华润三九,20230831,华润三九：品牌力持续强化，昆药融合加快内生增长,点评,一般报告,国联证券,郑薇,2025Q4,3311200.0,,503600.0,416300.0,4.21,11.2,,17.51,7.0,买入,,58.9
000999.SZ,华润三九,20230831,华润三九：品牌力持续强化，昆药融合加快内生增长,点评,一般报告,国联证券,郑薇,2024Q4,2990600.0,,432800.0,357800.0,3.62,13.0,,16.9,8.5,买入,,58.9
000999.SZ,华润三九,20230831,华润三九：品牌力持续强化，昆药融合加快内生增长,点评,一般报告,国联证券,郑薇,2023Q4,2684800.0,,369800.0,306400.0,3.1,15.2,,16.19,10.4,买入,,58.9
600986.SH,浙文互联,20230831,浙文互联公司事件点评报告：2023定增完成剑指数字文化领军企业,点评,一般报告,华鑫证券,朱珠,2025Q4,1538100.0,,55900.0,39800.0,0.27,22.6,,8.6,,买入,,
600986.SH,浙文互联,20230831,浙文互联公司事件点评报告：2023定增完成剑指数字文化领军企业,点评,一般报告,华鑫证券,朱珠,2024Q4,1382800.0,,43300.0,33000.0,0.22,27.2,,7.5,,买入,,
600986.SH,浙文互联,20230831,浙文互联公司事件点评报告：2023定增完成剑指数字文化领军企业,点评,一般报告,华鑫证券,朱珠,2023Q4,1245300.0,,36400.0,27100.0,0.18,33.0,,6.4,,买入,,
688349.SH,三一重能,20230831,三一重能：在手订单创历史新高，盈利能力持续领先行业,点评,一般报告,国联证券,贺朝晖,2025Q4,3634500.0,,404100.0,358500.0,2.97,10.3,,14.79,5.9,买入,,45.96
688349.SH,三一重能,20230831,三一重能：在手订单创历史新高，盈利能力持续领先行业,点评,一般报告,国联证券,贺朝晖,2024Q4,2577800.0,,304700.0,270400.0,2.24,13.7,,12.85,7.8,买入,,45.96
688349.SH,三一重能,20230831,三一重能：在手订单创历史新高，盈利能力持续领先行业,点评,一般报告,国联证券,贺朝晖,2023Q4,1801200.0,,228100.0,202400.0,1.68,18.3,,10.87,10.0,买入,,45.96
603466.SH,风语筑,20230831,风语筑公司事件点评报告：主业修复看体验经济复苏助推获单能力,点评,一般报告,华鑫证券,朱珠,2025Q4,278000.0,,64300.0,55900.0,0.94,13.8,,16.6,,买入,,
603466.SH,风语筑,20230831,风语筑公司事件点评报告：主业修复看体验经济复苏助推获单能力,点评,一般报告,华鑫证券,朱珠,2024Q4,231800.0,,47300.0,41100.0,0.69,18.8,,14.4,,买入,,
603466.SH,风语筑,20230831,风语筑公司事件点评报告：主业修复看体验经济复苏助推获单能力,点评,一般报告,华鑫证券,朱珠,2023Q4,194500.0,,35900.0,31200.0,0.53,24.8,,12.6,,买入,,
603979.SH,金诚信,20230830,九月金股汇,非个股,一般报告,东兴证券,张天丰,2023Q4,714200.0,,,95400.0,1.59,,,,,推荐,,
601965.SH,中国汽研,20230830,关注政策窗口期，布局攻守兼备组合拳——2023年9月份投资组合报告,非个股,一般报告,银河证券,无,2025Q4,,,,117497.553,1.17,,,,,无,,
601965.SH,中国汽研,20230830,关注政策窗口期，布局攻守兼备组合拳——2023年9月份投资组合报告,非个股,一般报告,银河证券,无,2024Q4,,,,99421.006,0.99,,,,,无,,
601965.SH,中国汽研,20230830,关注政策窗口期，布局攻守兼备组合拳——2023年9月份投资组合报告,非个股,一般报告,银河证券,无,2023Q4,,,,84357.217,0.84,,,,,无,,
603931.SH,格林达,20230830,电子化学品系列报告之四：湿电子化学品高端产品国产进程有望加速,非个股,一般报告,太平洋证券,"王亮,王海涛,周冰莹",2025Q4,204586.0,,,47833.0,2.4,,,,,买入,,
603931.SH,格林达,20230830,电子化学品系列报告之四：湿电子化学品高端产品国产进程有望加速,非个股,一般报告,太平洋证券,"王亮,王海涛,周冰莹",2024Q4,149583.0,,,33621.0,1.68,,,,,买入,,
603931.SH,格林达,20230830,电子化学品系列报告之四：湿电子化学品高端产品国产进程有望加速,非个股,一般报告,太平洋证券,"王亮,王海涛,周冰莹",2023Q4,107242.0,,,23129.0,1.16,,,,,买入,,
000983.SZ,山西焦煤,20230830,关注政策窗口期，布局攻守兼备组合拳——2023年9月份投资组合报告,非个股,一般报告,银河证券,无,2024Q4,,,,925367.473,1.63,,,,,无,,
000983.SZ,山西焦煤,20230830,关注政策窗口期，布局攻守兼备组合拳——2023年9月份投资组合报告,非个股,一般报告,银河证券,无,2023Q4,,,,851565.159,1.5,,,,,无,,
002049.SZ,紫光国微,20230830,关注政策窗口期，布局攻守兼备组合拳——2023年9月份投资组合报告,非个股,一般报告,银河证券,"李良,胡浩淼",2025Q4,1327885.0,,,477062.0,5.62,,,,,无,,
002049.SZ,紫光国微,20230830,关注政策窗口期，布局攻守兼备组合拳——2023年9月份投资组合报告,非个股,一般报告,银河证券,"李良,胡浩淼",2024Q4,1129989.0,,,400795.0,4.72,,,,,无,,
002049.SZ,紫光国微,20230830,关注政策窗口期，布局攻守兼备组合拳——2023年9月份投资组合报告,非个股,一般报告,银河证券,"李良,胡浩淼",2023Q4,911542.0,,,328114.0,3.86,,,,,无,,
603979.SH,金诚信,20230830,九月金股汇,非个股,一般报告,东兴证券,张天丰,2025Q4,1298800.0,,,237400.0,3.95,,,,,推荐,,
603979.SH,金诚信,20230830,九月金股汇,非个股,一般报告,东兴证券,张天丰,2024Q4,1027700.0,,,176900.0,2.94,,,,,推荐,,
301220.SZ,亚香股份,20230830,亚香股份：业绩短期承压，泰国基地造就成长新曲线,一般,首次关注,西南证券,黄寅斌,2025Q4,115130.0,,26832.0,25646.0,3.17,10.83,1.46,12.49,6.35,买入,,42.5
301220.SZ,亚香股份,20230830,亚香股份：业绩短期承压，泰国基地造就成长新曲线,一般,首次关注,西南证券,黄寅斌,2024Q4,96230.0,,20715.0,20214.0,2.5,13.74,0.98,11.0,8.4,买入,,42.5
301220.SZ,亚香股份,20230830,亚香股份：业绩短期承压，泰国基地造就成长新曲线,一般,首次关注,西南证券,黄寅斌,2023Q4,72152.0,,13578.0,13665.0,1.69,20.33,0.95,8.22,12.1,买入,,42.5
601888.SH,中国中免,20230830,中国中免：盈利能力环比修复，静待海南消费复苏,点评,一般报告,南京证券,杨妍,2025Q4,12666572.0,,2082388.0,1354205.0,6.546,15.87,,,,增持,,
601888.SH,中国中免,20230830,中国中免：盈利能力环比修复，静待海南消费复苏,点评,一般报告,南京证券,杨妍,2024Q4,10867119.0,,1786984.0,1162100.0,5.617,17.64,,,,增持,,
601888.SH,中国中免,20230830,中国中免：盈利能力环比修复，静待海南消费复苏,点评,一般报告,南京证券,杨妍,2023Q4,6951390.0,,1544164.0,1004191.0,4.854,25.94,,,,增持,,
300260.SZ,新莱应材,20230830,新莱应材：订单承压影响利润水平，食品安全领域表现亮眼,点评,一般报告,长城证券,邹兰兰,2025Q4,505200.0,,82600.0,74300.0,1.82,16.4,,23.8,12.7,买入,,
300260.SZ,新莱应材,20230830,新莱应材：订单承压影响利润水平，食品安全领域表现亮眼,点评,一般报告,长城证券,邹兰兰,2024Q4,394700.0,,61500.0,55900.0,1.37,21.8,,23.0,16.7,买入,,
300260.SZ,新莱应材,20230830,新莱应材：订单承压影响利润水平，食品安全领域表现亮眼,点评,一般报告,长城证券,邹兰兰,2023Q4,301300.0,,36900.0,33900.0,0.83,35.9,,17.8,25.3,买入,,
002791.SZ,坚朗五金,20230830,坚朗五金：23H1业绩扭亏，县城和海外同步开花,点评,一般报告,华西证券,"戚舒扬,金兵",2025Q4,1206100.0,,111000.0,80600.0,2.51,23.47,,12.1,,买入,,
002791.SZ,坚朗五金,20230830,坚朗五金：23H1业绩扭亏，县城和海外同步开花,点评,一般报告,华西证券,"戚舒扬,金兵",2024Q4,1010100.0,,88100.0,64400.0,2.0,29.37,,11.0,,买入,,
002791.SZ,坚朗五金,20230830,坚朗五金：23H1业绩扭亏，县城和海外同步开花,点评,一般报告,华西证券,"戚舒扬,金兵",2023Q4,848200.0,,58100.0,43200.0,1.34,43.8,,8.3,,买入,,
002612.SZ,朗姿股份,20230830,朗姿股份2023年中报点评：上半年业绩增长良好，内延外生加速布局,点评,一般报告,国元证券,李典,2025Q4,632472.0,,74366.0,39191.0,0.89,24.55,,10.55,10.56,增持,,
002612.SZ,朗姿股份,20230830,朗姿股份2023年中报点评：上半年业绩增长良好，内延外生加速布局,点评,一般报告,国元证券,李典,2024Q4,568670.0,,56593.0,30196.0,0.68,31.87,,8.97,13.16,增持,,
002612.SZ,朗姿股份,20230830,朗姿股份2023年中报点评：上半年业绩增长良好，内延外生加速布局,点评,一般报告,国元证券,李典,2023Q4,479976.0,,40938.0,23485.0,0.53,40.98,,7.53,16.33,增持,,
002475.SZ,立讯精密,20230830,立讯精密：消费电子旺季可期，通讯／汽车打造未来成长新引擎,点评,一般报告,长城证券,邹兰兰,2025Q4,37000000.0,,2137500.0,1803000.0,2.53,13.0,,19.3,7.8,买入,,
002475.SZ,立讯精密,20230830,立讯精密：消费电子旺季可期，通讯／汽车打造未来成长新引擎,点评,一般报告,长城证券,邹兰兰,2024Q4,29974000.0,,1653300.0,1404700.0,1.97,16.7,,18.5,10.5,买入,,
002475.SZ,立讯精密,20230830,立讯精密：消费电子旺季可期，通讯／汽车打造未来成长新引擎,点评,一般报告,长城证券,邹兰兰,2023Q4,25133400.0,,1291200.0,1109900.0,1.56,21.1,,17.3,12.7,买入,,
002115.SZ,三维通信,20230830,三维通信：通信运营注入成长新动能，海外业务平稳持续向好,点评,一般报告,银河证券,赵良毕,2025Q4,2101036.0,,34004.0,27203.0,0.34,19.44,,8.97,11.9,推荐,,
002115.SZ,三维通信,20230830,三维通信：通信运营注入成长新动能，海外业务平稳持续向好,点评,一般报告,银河证券,赵良毕,2024Q4,1654266.0,,26456.0,21165.0,0.26,24.98,,7.67,15.96,推荐,,
002115.SZ,三维通信,20230830,三维通信：通信运营注入成长新动能，海外业务平稳持续向好,点评,一般报告,银河证券,赵良毕,2023Q4,1303903.0,,21097.0,16878.0,0.21,31.33,,6.62,19.24,推荐,,
603833.SH,欧派家居,20230830,欧派家居2023H1业绩点评：业绩表现靓丽，加速大家居布局,点评,一般报告,国海证券,"林昕宇,杨蕊菁",2023Q4,2549900.0,,347500.0,304000.0,4.99,20.34,,17.0,14.23,买入,,
603833.SH,欧派家居,20230830,欧派家居2023H1业绩点评：业绩表现靓丽，加速大家居布局,点评,一般报告,国海证券,"林昕宇,杨蕊菁",2024Q4,2918300.0,,398500.0,348600.0,5.72,17.74,,16.0,11.97,买入,,
603833.SH,欧派家居,20230830,欧派家居2023H1业绩点评：业绩表现靓丽，加速大家居布局,点评,一般报告,国海证券,"林昕宇,杨蕊菁",2025Q4,3334000.0,,458200.0,400800.0,6.58,15.43,,16.0,9.65,买入,,
000651.SZ,格力电器,20230830,格力电器：空调盈利大幅改善,点评,一般报告,中泰证券,邓欣,2023Q4,20052000.0,,3181100.0,2716400.0,4.82,,,23.5,88.0,买入,,
000651.SZ,格力电器,20230830,格力电器：空调盈利大幅改善,点评,一般报告,中泰证券,邓欣,2024Q4,21044500.0,,3411400.0,2907300.0,5.16,,,21.9,83.0,买入,,
000651.SZ,格力电器,20230830,格力电器：空调盈利大幅改善,点评,一般报告,中泰证券,邓欣,2025Q4,22093200.0,,3658100.0,3108200.0,5.52,,,20.4,80.0,买入,,
002429.SZ,兆驰股份,20230830,兆驰股份深度报告：全球电视ODM龙头，布局LED全产业链二次腾飞,深度,首次关注,浙商证券,"马莉,黄宇宸,黄海童",2023Q4,1999575.0,,204000.0,168356.0,0.37,13.93,,11.42,9.23,买入,,6.46
002429.SZ,兆驰股份,20230830,兆驰股份深度报告：全球电视ODM龙头，布局LED全产业链二次腾飞,深度,首次关注,浙商证券,"马莉,黄宇宸,黄海童",2024Q4,2399719.0,,276000.0,218474.0,0.48,10.73,,13.08,6.97,买入,,6.46
002429.SZ,兆驰股份,20230830,兆驰股份深度报告：全球电视ODM龙头，布局LED全产业链二次腾飞,深度,首次关注,浙商证券,"马莉,黄宇宸,黄海童",2025Q4,2773266.0,,307700.0,263880.0,0.58,8.89,,13.81,6.19,买入,,6.46
600057.SH,厦门象屿,20230830,厦门象屿：价格下行业绩承压，货量增长份额提升,点评,一般报告,中泰证券,"杜冲,邵美玲",2023Q4,56485200.0,,446100.0,233800.0,1.03,,,6.0,1321.0,买入,,
600057.SH,厦门象屿,20230830,厦门象屿：价格下行业绩承压，货量增长份额提升,点评,一般报告,中泰证券,"杜冲,邵美玲",2024Q4,61111600.0,,514100.0,269400.0,1.19,,,6.3,1170.0,买入,,
600057.SH,厦门象屿,20230830,厦门象屿：价格下行业绩承压，货量增长份额提升,点评,一般报告,中泰证券,"杜冲,邵美玲",2025Q4,66370300.0,,596600.0,312700.0,1.38,,,6.7,1036.0,买入,,
603667.SH,五洲新春,20230830,五洲新春：聚焦风电、新能车和机器人，未来可期,点评,首次关注,财信证券,袁玮志,2023Q4,404000.0,,23300.0,20000.0,0.54,27.93,2.0,8.0,,买入,19.75,15.8
603667.SH,五洲新春,20230830,五洲新春：聚焦风电、新能车和机器人，未来可期,点评,首次关注,财信证券,袁玮志,2024Q4,467000.0,,33800.0,29000.0,0.79,19.26,3.0,11.0,,买入,19.75,15.8
603667.SH,五洲新春,20230830,五洲新春：聚焦风电、新能车和机器人，未来可期,点评,首次关注,财信证券,袁玮志,2025Q4,540000.0,,45200.0,38900.0,1.05,14.38,4.0,14.0,,买入,19.75,15.8
002677.SZ,浙江美大,20230830,浙江美大：经营短期承压，盈利能力改善,点评,首次评级,长城证券,"荣泽宇,陈玥桦",2025Q4,236100.0,,75000.0,64600.0,1.0,10.9,,25.9,6.7,增持,,
002677.SZ,浙江美大,20230830,浙江美大：经营短期承压，盈利能力改善,点评,首次评级,长城证券,"荣泽宇,陈玥桦",2024Q4,215100.0,,67500.0,58100.0,0.9,12.1,,25.8,7.8,增持,,
002677.SZ,浙江美大,20230830,浙江美大：经营短期承压，盈利能力改善,点评,首次评级,长城证券,"荣泽宇,陈玥桦",2023Q4,195700.0,,59700.0,51400.0,0.8,13.7,,24.7,9.1,增持,,
300443.SZ,金雷股份,20230830,金雷股份：毛利率表现优秀，彰显产品竞争力,点评,一般报告,财信证券,袁玮志,2023Q4,245000.0,,63300.0,58900.0,1.81,16.02,1.0,14.0,,买入,45.25,36.2
300443.SZ,金雷股份,20230830,金雷股份：毛利率表现优秀，彰显产品竞争力,点评,一般报告,财信证券,袁玮志,2024Q4,389000.0,,99600.0,92600.0,2.85,10.18,1.0,19.0,,买入,45.25,36.2
300443.SZ,金雷股份,20230830,金雷股份：毛利率表现优秀，彰显产品竞争力,点评,一般报告,财信证券,袁玮志,2025Q4,475000.0,,123200.0,114600.0,3.52,8.23,1.0,19.0,,买入,45.25,36.2
603486.SH,科沃斯,20230830,科沃斯：营销投入加重业绩承压，关注线下渠道的新增量,点评,一般报告,财信证券,"杨甫,周心怡",2023Q4,1605700.0,,168800.0,151900.0,2.63,20.72,2.0,20.0,,买入,,
603486.SH,科沃斯,20230830,科沃斯：营销投入加重业绩承压，关注线下渠道的新增量,点评,一般报告,财信证券,"杨甫,周心怡",2024Q4,1730600.0,,189500.0,170400.0,2.95,18.46,2.0,20.0,,买入,,
603486.SH,科沃斯,20230830,科沃斯：营销投入加重业绩承压，关注线下渠道的新增量,点评,一般报告,财信证券,"杨甫,周心怡",2025Q4,1875400.0,,228100.0,205200.0,3.56,15.33,2.0,21.0,,买入,,
002375.SZ,亚厦股份,20230830,亚厦股份：23Q2幕墙高增装修承压，底部渐渐清晰,点评,一般报告,华西证券,"戚舒扬,金兵",2025Q4,1668300.0,,86100.0,67900.0,0.51,9.43,,7.4,,买入,,
002375.SZ,亚厦股份,20230830,亚厦股份：23Q2幕墙高增装修承压，底部渐渐清晰,点评,一般报告,华西证券,"戚舒扬,金兵",2024Q4,1503600.0,,59500.0,47400.0,0.35,13.52,,5.6,,买入,,
002375.SZ,亚厦股份,20230830,亚厦股份：23Q2幕墙高增装修承压，底部渐渐清晰,点评,一般报告,华西证券,"戚舒扬,金兵",2023Q4,1358900.0,,41700.0,33300.0,0.25,19.23,,4.2,,买入,,
600458.SH,时代新材,20230830,时代新材：公司持续推进风电业务产能释放，稳固轨交产品海内外布局,点评,一般报告,长城证券,"孙培德,于夕朦,陈郁双,王泽雷",2025Q4,2109000.0,,104700.0,92300.0,1.119,9.5,,10.4,4.6,买入,,
600458.SH,时代新材,20230830,时代新材：公司持续推进风电业务产能释放，稳固轨交产品海内外布局,点评,一般报告,长城证券,"孙培德,于夕朦,陈郁双,王泽雷",2024Q4,1917300.0,,79700.0,69400.0,0.842,12.6,,8.8,6.0,买入,,
600458.SH,时代新材,20230830,时代新材：公司持续推进风电业务产能释放，稳固轨交产品海内外布局,点评,一般报告,长城证券,"孙培德,于夕朦,陈郁双,王泽雷",2023Q4,1733500.0,,70700.0,54600.0,0.662,16.0,,7.6,8.0,买入,,
002881.SZ,美格智能,20230830,美格智能：Q2实现营收环比增长，高算力AI模组持续发展,点评,一般报告,长城证券,侯宾,2025Q4,534600.0,,39700.0,34200.0,1.31,23.7,,23.1,17.4,买入,,
002881.SZ,美格智能,20230830,美格智能：Q2实现营收环比增长，高算力AI模组持续发展,点评,一般报告,长城证券,侯宾,2024Q4,381900.0,,27200.0,23500.0,0.9,34.6,,20.2,25.3,买入,,
002881.SZ,美格智能,20230830,美格智能：Q2实现营收环比增长，高算力AI模组持续发展,点评,一般报告,长城证券,侯宾,2023Q4,276700.0,,16800.0,14400.0,0.55,56.4,,15.3,38.5,买入,,
688786.SH,悦安新材,20230830,悦安新材2023年中报点评：工艺革新＋产能突破，成长空间有望大幅抬升,一般,首次关注,中航证券,邓轲,2025Q4,77705.0,,19889.0,17883.0,2.09,20.19,2.58,21.01,9.28,买入,,
688786.SH,悦安新材,20230830,悦安新材2023年中报点评：工艺革新＋产能突破，成长空间有望大幅抬升,一般,首次关注,中航证券,邓轲,2024Q4,58553.0,,14596.0,13124.0,1.53,27.51,1.89,17.15,12.92,买入,,
688786.SH,悦安新材,20230830,悦安新材2023年中报点评：工艺革新＋产能突破，成长空间有望大幅抬升,一般,首次关注,中航证券,邓轲,2023Q4,41425.0,,9983.0,9007.0,1.05,40.08,1.3,12.82,20.24,买入,,
688347.SH,华虹公司,20230830,华虹公司：H1营收稳健增长，持续推进12英寸产能扩张,点评,首次关注,长城证券,邹兰兰,2025Q4,2128200.0,,530600.0,392200.0,2.29,21.6,,11.1,87.5,增持,,
688347.SH,华虹公司,20230830,华虹公司：H1营收稳健增长，持续推进12英寸产能扩张,点评,首次关注,长城证券,邹兰兰,2024Q4,1883400.0,,374400.0,283300.0,1.65,30.0,,8.9,111.9,增持,,
688347.SH,华虹公司,20230830,华虹公司：H1营收稳健增长，持续推进12英寸产能扩张,点评,首次关注,长城证券,邹兰兰,2023Q4,1712100.0,,279600.0,207200.0,1.21,41.0,,7.3,133.6,增持,,
300354.SZ,东华测试,20230830,东华测试2023年中报点评：净利润增长67％，技术赋能业务多元化发展,一般,一般报告,中航证券,"梁晨,张超,王绮文",2025Q4,109050.0,,37064.0,33242.0,2.4,16.15,,,,买入,,
300354.SZ,东华测试,20230830,东华测试2023年中报点评：净利润增长67％，技术赋能业务多元化发展,一般,一般报告,中航证券,"梁晨,张超,王绮文",2024Q4,82495.0,,28449.0,25516.0,1.84,21.06,,,,买入,,
300354.SZ,东华测试,20230830,东华测试2023年中报点评：净利润增长67％，技术赋能业务多元化发展,一般,一般报告,中航证券,"梁晨,张超,王绮文",2023Q4,61035.0,,21490.0,19274.0,1.39,27.88,,,,买入,,
